video,resolucion,frame,lectura_ms,pre_ms,inferencia_ms,post_ms,deteccion_ms,tracking_ms,total_ms,n_dets
uav0000009_03358_v,1360x766,1,28.345,6.67,6.954,3.273,18.303,5.254,51.902,28
uav0000009_03358_v,1360x766,2,1.029,5.482,6.848,3.152,16.736,7.627,25.392,28
uav0000009_03358_v,1360x766,3,0.918,5.444,6.805,3.09,16.604,8.053,25.575,31
uav0000009_03358_v,1360x766,4,0.924,5.417,6.875,3.097,16.684,7.089,24.697,23
uav0000009_03358_v,1360x766,5,0.878,5.455,6.86,3.18,16.722,7.026,24.626,26
uav0000009_03358_v,1360x766,6,0.831,5.434,6.873,3.152,16.688,7.42,24.938,31
uav0000009_03358_v,1360x766,7,0.861,5.434,6.835,3.15,16.647,7.706,25.213,30
uav0000009_03358_v,1360x766,8,0.856,5.419,6.832,3.04,16.575,7.799,25.23,25
uav0000009_03358_v,1360x766,9,0.885,5.449,6.838,3.069,16.604,8.044,25.533,37
uav0000009_03358_v,1360x766,10,0.86,5.431,6.892,3.168,16.716,7.87,25.446,35
uav0000009_03358_v,1360x766,11,0.855,5.403,6.832,3.003,16.518,7.901,25.274,35
uav0000009_03358_v,1360x766,12,0.823,5.475,6.847,3.154,16.727,7.738,25.288,37
uav0000009_03358_v,1360x766,13,0.881,5.463,6.833,3.063,16.69,7.782,25.353,38
uav0000009_03358_v,1360x766,14,0.883,5.41,6.853,3.07,16.674,8.206,25.763,33
uav0000009_03358_v,1360x766,15,0.876,5.423,6.839,3.088,16.568,7.644,25.089,35
uav0000009_03358_v,1360x766,16,0.864,5.415,6.826,3.08,16.542,8.05,25.456,36
uav0000009_03358_v,1360x766,17,0.889,5.446,6.839,3.076,16.598,8.698,26.185,38
uav0000009_03358_v,1360x766,18,0.866,5.42,6.849,3.085,16.599,8.732,26.198,47
uav0000009_03358_v,1360x766,19,0.936,5.429,6.823,3.118,16.6,8.825,26.362,38
uav0000009_03358_v,1360x766,20,0.869,5.468,6.856,3.088,16.962,9.818,27.649,43
uav0000009_03358_v,1360x766,21,0.89,5.44,6.877,3.183,16.757,8.766,26.412,48
uav0000009_03358_v,1360x766,22,0.866,5.436,6.847,3.133,16.627,9.089,26.583,40
uav0000009_03358_v,1360x766,23,0.892,5.399,6.827,3.042,16.604,8.723,26.219,38
uav0000009_03358_v,1360x766,24,0.867,5.433,6.831,3.076,16.612,8.48,25.959,44
uav0000009_03358_v,1360x766,25,0.918,5.443,6.846,3.047,16.595,8.792,26.306,39
uav0000009_03358_v,1360x766,26,0.866,5.425,6.882,3.111,16.655,8.357,25.878,43
uav0000009_03358_v,1360x766,27,0.911,5.379,6.825,3.077,16.49,8.341,25.742,44
uav0000009_03358_v,1360x766,28,0.844,5.449,6.832,3.197,16.691,8.892,26.428,43
uav0000009_03358_v,1360x766,29,0.864,5.434,6.834,3.106,16.615,8.169,25.648,36
uav0000009_03358_v,1360x766,30,0.85,5.429,6.843,3.057,16.561,8.742,26.153,42
uav0000009_03358_v,1360x766,31,0.93,5.432,6.82,3.119,16.63,9.005,26.565,39
uav0000009_03358_v,1360x766,32,0.845,5.458,6.859,3.194,16.744,9.345,26.934,31
uav0000009_03358_v,1360x766,33,0.836,5.437,6.891,3.114,16.641,9.131,26.608,33
uav0000009_03358_v,1360x766,34,0.883,5.412,6.836,3.092,16.599,9.089,26.571,33
uav0000009_03358_v,1360x766,35,0.868,5.467,6.815,2.974,16.482,8.834,26.184,38
uav0000009_03358_v,1360x766,36,0.842,5.443,6.822,3.062,16.555,8.63,26.027,39
uav0000009_03358_v,1360x766,37,0.867,5.402,6.842,2.992,16.58,9.101,26.549,45
uav0000009_03358_v,1360x766,38,0.835,5.47,6.878,3.105,16.669,8.694,26.198,40
uav0000009_03358_v,1360x766,39,0.869,5.392,6.842,3.105,16.56,9.564,26.994,41
uav0000009_03358_v,1360x766,40,0.844,5.492,6.837,3.064,16.696,9.193,26.733,50
uav0000009_03358_v,1360x766,41,0.842,5.428,6.853,3.062,16.595,9.519,26.956,41
uav0000009_03358_v,1360x766,42,0.845,5.45,6.833,3.025,16.533,9.28,26.658,35
uav0000009_03358_v,1360x766,43,0.897,5.417,6.82,3.028,16.608,9.094,26.599,34
uav0000009_03358_v,1360x766,44,0.841,5.431,6.845,3.137,16.666,8.978,26.484,37
uav0000009_03358_v,1360x766,45,0.83,5.425,6.859,3.134,16.617,8.736,26.184,40
uav0000009_03358_v,1360x766,46,0.828,5.483,6.848,3.091,16.614,8.999,26.441,39
uav0000009_03358_v,1360x766,47,0.872,5.423,6.811,3.071,16.542,8.926,26.341,49
uav0000009_03358_v,1360x766,48,0.887,5.404,6.833,3.022,16.536,9.266,26.689,42
uav0000009_03358_v,1360x766,49,0.874,5.437,6.844,3.078,16.59,9.256,26.72,49
uav0000009_03358_v,1360x766,50,0.827,5.423,6.856,3.132,16.629,9.554,27.009,51
uav0000009_03358_v,1360x766,51,0.859,5.395,6.817,3.143,16.566,9.681,27.107,54
uav0000009_03358_v,1360x766,52,0.846,5.395,6.821,3.069,16.568,9.627,27.041,51
uav0000009_03358_v,1360x766,53,0.85,5.447,6.836,3.091,16.598,9.245,26.693,42
uav0000009_03358_v,1360x766,54,0.865,5.465,6.846,3.106,16.66,9.284,26.809,38
uav0000009_03358_v,1360x766,55,0.91,5.409,6.821,3.107,16.609,10.085,27.604,48
uav0000009_03358_v,1360x766,56,0.832,5.36,6.862,3.137,16.715,9.918,27.465,42
uav0000009_03358_v,1360x766,57,1.59,5.347,6.862,3.339,16.725,9.6,27.915,42
uav0000009_03358_v,1360x766,58,0.9,5.475,6.846,3.446,17.089,9.11,27.099,47
uav0000009_03358_v,1360x766,59,0.872,5.452,6.804,3.117,16.669,9.578,27.119,38
uav0000009_03358_v,1360x766,60,0.852,5.47,6.839,3.143,16.702,9.507,27.062,40
uav0000009_03358_v,1360x766,61,0.895,5.46,6.828,3.176,16.712,9.15,26.758,38
uav0000009_03358_v,1360x766,62,0.854,5.393,6.846,3.085,16.697,8.738,26.29,34
uav0000009_03358_v,1360x766,63,0.852,5.429,6.863,3.126,16.614,9.159,26.626,39
uav0000009_03358_v,1360x766,64,0.831,5.422,6.823,3.168,16.624,9.497,26.952,35
uav0000009_03358_v,1360x766,65,0.86,5.415,6.834,3.042,16.647,9.149,26.655,36
uav0000009_03358_v,1360x766,66,0.851,5.446,6.83,3.078,16.576,9.555,26.982,35
uav0000009_03358_v,1360x766,67,0.883,5.448,6.812,3.106,16.604,9.213,26.7,38
uav0000009_03358_v,1360x766,68,0.913,5.359,6.855,3.123,16.636,9.667,27.216,41
uav0000009_03358_v,1360x766,69,0.843,5.467,6.897,3.083,16.65,9.786,27.279,36
uav0000009_03358_v,1360x766,70,1.025,5.462,6.822,3.113,16.595,9.987,27.607,31
uav0000009_03358_v,1360x766,71,0.871,5.434,6.795,3.034,16.474,10.224,27.569,31
uav0000009_03358_v,1360x766,72,0.859,5.454,6.829,3.064,16.582,10.572,28.014,35
uav0000009_03358_v,1360x766,73,0.867,5.458,6.87,3.125,16.7,9.858,27.426,33
uav0000009_03358_v,1360x766,74,0.846,5.411,6.873,3.189,16.709,10.11,27.666,34
uav0000009_03358_v,1360x766,75,0.853,5.39,6.837,3.075,16.535,9.759,27.147,34
uav0000009_03358_v,1360x766,76,0.933,5.407,6.832,3.076,16.566,9.658,27.157,35
uav0000009_03358_v,1360x766,77,0.876,5.558,6.812,3.011,16.646,9.389,26.911,32
uav0000009_03358_v,1360x766,78,0.88,5.457,6.823,3.165,16.713,9.869,27.462,39
uav0000009_03358_v,1360x766,79,0.875,5.442,6.853,3.06,16.59,10.008,27.473,35
uav0000009_03358_v,1360x766,80,0.864,5.393,6.834,3.169,16.667,9.614,27.145,35
uav0000009_03358_v,1360x766,81,0.868,5.363,6.828,3.136,16.53,10.265,27.664,37
uav0000009_03358_v,1360x766,82,0.91,5.398,6.86,3.141,16.601,10.352,27.864,43
uav0000009_03358_v,1360x766,83,0.933,5.419,6.848,3.086,16.605,10.293,27.831,39
uav0000009_03358_v,1360x766,84,0.865,5.413,6.839,3.081,16.704,9.783,27.353,46
uav0000009_03358_v,1360x766,85,0.897,5.483,6.804,3.18,16.749,12.985,30.632,81
uav0000009_03358_v,1360x766,86,0.869,5.434,6.895,3.16,16.744,16.221,33.834,103
uav0000009_03358_v,1360x766,87,0.843,5.368,6.876,3.176,16.729,19.479,37.051,142
uav0000009_03358_v,1360x766,88,0.85,5.421,6.826,3.187,16.659,19.976,37.484,161
uav0000009_03358_v,1360x766,89,0.852,5.423,6.845,3.186,16.718,24.675,42.245,170
uav0000009_03358_v,1360x766,90,0.877,5.427,6.829,3.143,16.671,24.191,41.739,177
uav0000009_03358_v,1360x766,91,1.487,5.448,6.824,3.162,16.872,24.793,43.152,171
uav0000009_03358_v,1360x766,92,0.875,5.456,6.839,3.289,16.871,24.431,42.177,155
uav0000009_03358_v,1360x766,93,0.862,5.388,6.84,3.287,16.839,24.19,41.892,150
uav0000009_03358_v,1360x766,94,0.835,5.411,6.862,3.223,16.731,24.947,42.513,166
uav0000009_03358_v,1360x766,95,0.902,5.429,6.839,3.265,16.786,24.722,42.41,167
uav0000009_03358_v,1360x766,96,0.838,5.434,6.839,3.244,16.784,24.49,42.113,175
uav0000009_03358_v,1360x766,97,0.897,5.467,6.807,3.222,16.781,24.44,42.118,192
uav0000009_03358_v,1360x766,98,0.875,5.437,6.898,3.333,16.975,24.208,42.058,237
uav0000009_03358_v,1360x766,99,0.851,5.395,6.867,3.746,17.262,28.227,46.34,300
uav0000009_03358_v,1360x766,100,0.843,5.44,6.828,3.421,17.052,33.492,51.387,300
uav0000009_03358_v,1360x766,101,0.881,5.505,6.812,3.422,17.063,39.503,57.447,300
uav0000009_03358_v,1360x766,102,0.865,5.451,6.833,3.451,17.051,43.704,61.621,300
uav0000009_03358_v,1360x766,103,0.846,5.49,6.838,3.799,17.438,43.36,61.644,300
uav0000009_03358_v,1360x766,104,0.854,5.429,6.881,3.593,17.277,45.361,63.493,300
uav0000009_03358_v,1360x766,105,1.067,5.391,6.834,3.427,17.014,45.98,64.061,300
uav0000009_03358_v,1360x766,106,0.873,5.441,6.83,3.402,17.054,49.045,66.972,300
uav0000009_03358_v,1360x766,107,0.855,5.482,6.855,3.417,17.089,46.834,64.778,300
uav0000009_03358_v,1360x766,108,0.865,5.437,6.842,3.349,16.974,46.417,64.255,300
uav0000009_03358_v,1360x766,109,0.873,5.339,6.804,3.504,17.037,47.565,65.475,300
uav0000009_03358_v,1360x766,110,0.864,6.598,6.865,3.46,18.22,47.139,66.223,300
uav0000009_03358_v,1360x766,111,0.848,5.456,6.882,3.477,17.158,46.216,64.222,300
uav0000009_03358_v,1360x766,112,0.889,5.43,6.842,3.48,17.11,47.445,65.445,300
uav0000009_03358_v,1360x766,113,0.884,5.409,6.827,3.454,17.008,45.873,63.766,300
uav0000009_03358_v,1360x766,114,0.864,5.426,6.824,3.469,17.035,45.225,63.123,300
uav0000009_03358_v,1360x766,115,0.918,5.413,6.84,3.478,17.056,45.857,63.831,300
uav0000009_03358_v,1360x766,116,0.924,5.39,6.884,3.536,17.098,44.688,62.71,300
uav0000009_03358_v,1360x766,117,1.039,5.411,6.833,3.445,17.03,43.801,61.87,300
uav0000009_03358_v,1360x766,118,0.898,5.392,6.836,3.478,17.01,45.55,63.458,300
uav0000009_03358_v,1360x766,119,0.9,5.443,6.851,3.455,17.062,45.528,63.49,300
uav0000009_03358_v,1360x766,120,0.883,5.418,6.86,3.413,17.07,47.054,65.007,300
uav0000009_03358_v,1360x766,121,0.898,5.405,6.817,3.443,17.006,47.49,65.394,300
uav0000009_03358_v,1360x766,122,0.871,5.412,6.871,3.566,17.172,48.4,66.444,300
uav0000009_03358_v,1360x766,123,1.447,5.418,6.884,3.744,17.458,49.385,68.291,300
uav0000009_03358_v,1360x766,124,0.85,5.438,6.842,3.491,17.081,49.564,67.495,300
uav0000009_03358_v,1360x766,125,0.89,5.427,6.822,3.431,16.998,47.792,65.68,300
uav0000009_03358_v,1360x766,126,0.875,5.438,6.835,3.461,17.054,46.93,64.859,300
uav0000009_03358_v,1360x766,127,0.858,5.479,6.841,3.434,17.116,46.745,64.719,300
uav0000009_03358_v,1360x766,128,0.909,5.389,6.885,3.489,17.084,47.621,65.614,300
uav0000009_03358_v,1360x766,129,0.898,5.387,6.816,3.463,16.952,48.616,66.466,300
uav0000009_03358_v,1360x766,130,0.869,5.405,6.843,3.414,16.98,47.787,65.636,300
uav0000009_03358_v,1360x766,131,0.872,5.418,6.888,3.466,17.084,46.358,64.314,300
uav0000009_03358_v,1360x766,132,0.886,5.436,6.849,3.443,17.045,46.994,64.925,300
uav0000009_03358_v,1360x766,133,0.887,5.448,6.849,3.425,17.088,49.221,67.196,300
uav0000009_03358_v,1360x766,134,0.881,5.416,6.855,3.524,17.117,48.85,66.848,300
uav0000009_03358_v,1360x766,135,0.851,5.449,6.875,3.584,17.219,47.762,65.832,300
uav0000009_03358_v,1360x766,136,0.852,5.439,6.841,3.451,17.09,45.195,63.138,300
uav0000009_03358_v,1360x766,137,0.884,5.415,6.831,3.393,16.936,41.934,59.754,300
uav0000009_03358_v,1360x766,138,0.852,5.413,6.84,3.435,17.03,39.6,57.483,300
uav0000009_03358_v,1360x766,139,0.851,5.426,6.848,3.355,16.997,36.381,54.229,300
uav0000009_03358_v,1360x766,140,0.832,5.396,6.911,3.345,16.949,33.808,51.589,300
uav0000009_03358_v,1360x766,141,0.867,5.389,6.833,3.368,16.889,31.797,49.552,300
uav0000009_03358_v,1360x766,142,0.856,5.411,6.83,3.312,16.855,37.411,55.122,300
uav0000009_03358_v,1360x766,143,0.893,5.395,6.85,3.36,16.922,37.651,55.466,300
uav0000009_03358_v,1360x766,144,0.885,6.645,6.863,3.345,18.167,36.78,55.832,300
uav0000009_03358_v,1360x766,145,0.885,5.42,6.823,3.3,16.852,37.503,55.241,300
uav0000009_03358_v,1360x766,146,0.845,5.415,6.882,3.394,17.025,37.866,55.736,289
uav0000009_03358_v,1360x766,147,0.868,5.421,6.87,3.391,16.965,37.307,55.14,292
uav0000009_03358_v,1360x766,148,0.901,5.412,6.845,3.331,16.885,38.368,56.154,300
uav0000009_03358_v,1360x766,149,0.941,5.403,6.838,3.373,16.926,39.01,56.877,300
uav0000009_03358_v,1360x766,150,0.872,5.446,6.849,3.362,16.975,38.853,56.7,300
uav0000009_03358_v,1360x766,151,0.875,5.412,6.888,3.328,16.937,38.784,56.595,297
uav0000009_03358_v,1360x766,152,0.856,5.4,6.883,3.444,17.031,38.52,56.407,291
uav0000009_03358_v,1360x766,153,0.893,5.478,6.836,3.424,17.071,37.635,55.599,270
uav0000009_03358_v,1360x766,154,0.879,5.445,6.827,3.363,16.958,38.305,56.142,283
uav0000009_03358_v,1360x766,155,0.87,5.41,6.854,3.327,16.888,38.397,56.155,250
uav0000009_03358_v,1360x766,156,1.344,5.4,6.841,3.44,17.161,39.104,57.608,259
uav0000009_03358_v,1360x766,157,0.893,5.432,6.813,3.343,16.905,38.739,56.537,267
uav0000009_03358_v,1360x766,158,0.863,5.411,6.871,3.347,16.956,38.153,55.972,233
uav0000009_03358_v,1360x766,159,0.853,5.394,6.865,3.4,16.95,38.45,56.253,239
uav0000009_03358_v,1360x766,160,0.863,5.396,6.832,3.331,16.831,39.636,57.33,256
uav0000009_03358_v,1360x766,161,0.877,5.432,6.818,3.32,16.869,38.633,56.379,253
uav0000009_03358_v,1360x766,162,0.871,5.486,6.839,3.3,16.994,38.582,56.446,259
uav0000009_03358_v,1360x766,163,0.872,5.416,6.838,3.248,16.902,36.405,54.179,251
uav0000009_03358_v,1360x766,164,0.882,5.41,6.905,3.416,17.017,34.391,52.289,262
uav0000009_03358_v,1360x766,165,0.881,5.402,6.835,3.377,16.908,33.615,51.404,276
uav0000009_03358_v,1360x766,166,0.842,5.393,6.825,3.297,16.795,32.636,50.273,242
uav0000009_03358_v,1360x766,167,0.915,5.412,6.855,3.31,16.876,31.342,49.132,271
uav0000009_03358_v,1360x766,168,0.883,5.431,6.835,3.379,16.967,31.556,49.407,299
uav0000009_03358_v,1360x766,169,0.876,5.432,6.821,3.41,16.962,29.771,47.609,276
uav0000009_03358_v,1360x766,170,0.872,5.386,6.865,3.365,16.931,31.005,48.808,255
uav0000009_03358_v,1360x766,171,0.85,5.407,6.919,3.322,16.978,30.625,48.453,255
uav0000009_03358_v,1360x766,172,0.861,5.378,6.827,3.328,16.879,31.215,48.956,290
uav0000009_03358_v,1360x766,173,0.899,5.421,6.814,3.246,16.76,31.094,48.753,268
uav0000009_03358_v,1360x766,174,0.852,5.404,6.831,3.38,16.909,30.886,48.647,300
uav0000009_03358_v,1360x766,175,0.87,5.434,6.84,3.319,16.885,31.586,49.341,299
uav0000009_03358_v,1360x766,176,0.867,5.396,6.853,3.439,17.061,30.811,48.74,300
uav0000009_03358_v,1360x766,177,0.867,5.358,6.832,3.344,16.817,30.298,47.981,300
uav0000009_03358_v,1360x766,178,0.869,5.421,6.836,3.35,16.882,30.551,48.302,281
uav0000009_03358_v,1360x766,179,0.89,5.435,6.84,3.31,16.86,30.714,48.464,285
uav0000009_03358_v,1360x766,180,0.873,5.405,6.844,3.358,16.924,30.946,48.744,300
uav0000009_03358_v,1360x766,181,0.89,5.445,6.859,3.356,16.942,30.997,48.829,300
uav0000009_03358_v,1360x766,182,0.875,5.395,6.864,3.492,17.086,30.579,48.54,291
uav0000009_03358_v,1360x766,183,0.842,5.411,6.865,3.301,16.883,30.154,47.879,270
uav0000009_03358_v,1360x766,184,0.874,5.445,6.841,3.247,16.804,30.847,48.525,248
uav0000009_03358_v,1360x766,185,0.894,5.405,6.832,3.238,16.789,30.267,47.951,260
uav0000009_03358_v,1360x766,186,0.861,5.394,6.848,3.336,16.899,31.147,48.907,273
uav0000009_03358_v,1360x766,187,0.88,5.421,6.839,3.3,16.832,31.15,48.862,275
uav0000009_03358_v,1360x766,188,0.867,5.393,6.882,3.378,16.918,31.023,48.808,236
uav0000009_03358_v,1360x766,189,0.906,5.391,6.833,3.349,16.847,30.342,48.095,287
uav0000009_03358_v,1360x766,190,0.854,5.387,6.823,3.321,16.783,31.625,49.262,290
uav0000009_03358_v,1360x766,191,0.907,5.38,6.847,3.308,16.814,31.085,48.807,261
uav0000009_03358_v,1360x766,192,0.886,5.417,6.846,3.278,16.847,32.01,49.743,237
uav0000009_03358_v,1360x766,193,0.885,5.389,6.821,3.29,16.788,31.602,49.275,258
uav0000009_03358_v,1360x766,194,0.887,5.376,6.873,3.4,16.949,30.538,48.374,216
uav0000009_03358_v,1360x766,195,0.873,5.383,6.873,3.33,16.832,30.037,47.742,219
uav0000009_03358_v,1360x766,196,0.902,5.375,6.816,3.339,16.807,30.081,47.791,234
uav0000009_03358_v,1360x766,197,0.888,5.392,6.83,3.306,16.827,31.382,49.096,247
uav0000009_03358_v,1360x766,198,0.856,5.38,6.835,3.278,16.786,30.117,47.759,264
uav0000009_03358_v,1360x766,199,0.883,5.417,6.84,3.29,16.826,30.811,48.521,270
uav0000009_03358_v,1360x766,200,0.882,5.458,6.842,3.359,16.974,30.492,48.348,284
uav0000009_03358_v,1360x766,201,0.849,5.423,6.878,3.431,17.023,29.758,47.63,266
uav0000009_03358_v,1360x766,202,0.844,5.589,6.828,3.321,16.999,29.604,47.447,300
uav0000009_03358_v,1360x766,203,0.875,5.403,6.846,3.303,16.86,29.146,46.881,276
uav0000009_03358_v,1360x766,204,0.923,5.462,6.827,3.33,16.928,27.543,45.394,287
uav0000009_03358_v,1360x766,205,0.871,5.371,6.823,3.299,16.785,26.686,44.342,253
uav0000009_03358_v,1360x766,206,0.881,5.466,6.911,3.357,17.005,26.937,44.823,286
uav0000009_03358_v,1360x766,207,0.845,5.393,6.864,3.321,16.826,27.193,44.864,253
uav0000009_03358_v,1360x766,208,0.874,5.43,6.833,3.245,16.821,27.384,45.079,252
uav0000009_03358_v,1360x766,209,0.873,5.39,6.839,3.419,16.938,27.828,45.639,286
uav0000009_03358_v,1360x766,210,0.867,5.448,6.856,3.331,16.912,28.356,46.135,300
uav0000009_03358_v,1360x766,211,0.905,5.415,6.832,3.357,16.973,28.526,46.404,269
uav0000009_03358_v,1360x766,212,0.875,6.611,6.875,3.385,18.162,27.214,46.251,284
uav0000009_03358_v,1360x766,213,0.852,5.427,6.797,3.232,16.712,27.577,45.141,255
uav0000009_03358_v,1360x766,214,0.827,5.372,6.823,3.376,16.873,27.898,45.599,300
uav0000009_03358_v,1360x766,215,0.86,5.393,6.805,3.255,16.719,27.498,45.078,242
uav0000009_03358_v,1360x766,216,0.817,5.397,6.81,3.307,16.791,27.219,44.827,237
uav0000009_03358_v,1360x766,217,0.819,5.363,6.826,3.293,16.77,28.131,45.72,239
uav0000009_03358_v,1360x766,218,0.812,5.389,6.813,3.265,16.86,27.197,44.869,245
uav0000009_03358_v,1360x766,219,0.802,5.367,6.817,3.345,16.827,27.612,45.241,261
uav0000073_00600_v,1920x1080,1,45.317,6.691,6.94,3.599,18.772,18.098,82.186,300
uav0000073_00600_v,1920x1080,2,1.597,5.543,6.85,3.417,17.199,22.975,41.77,300
uav0000073_00600_v,1920x1080,3,1.513,5.475,6.828,3.358,17.067,23.572,42.152,300
uav0000073_00600_v,1920x1080,4,1.548,5.512,6.874,3.352,17.062,23.984,42.593,300
uav0000073_00600_v,1920x1080,5,1.572,5.495,6.868,3.413,17.122,25.042,43.735,300
uav0000073_00600_v,1920x1080,6,1.384,5.475,6.895,3.508,17.238,25.536,44.157,300
uav0000073_00600_v,1920x1080,7,1.537,5.47,6.836,3.389,17.015,25.456,44.008,300
uav0000073_00600_v,1920x1080,8,1.529,5.488,6.854,3.446,17.138,25.358,44.024,300
uav0000073_00600_v,1920x1080,9,1.523,5.549,6.853,3.377,17.141,23.612,42.276,300
uav0000073_00600_v,1920x1080,10,1.495,5.492,6.846,3.457,17.104,24.156,42.755,300
uav0000073_00600_v,1920x1080,11,1.478,5.516,6.828,3.405,17.081,25.424,43.982,300
uav0000073_00600_v,1920x1080,12,1.959,5.515,6.877,3.479,17.216,24.836,44.011,300
uav0000073_00600_v,1920x1080,13,1.495,5.459,6.833,3.429,17.045,25.893,44.432,300
uav0000073_00600_v,1920x1080,14,2.231,5.494,6.84,3.651,17.345,26.007,45.584,300
uav0000073_00600_v,1920x1080,15,1.469,5.501,6.856,3.458,17.202,24.798,43.469,300
uav0000073_00600_v,1920x1080,16,1.476,5.538,6.846,3.342,17.106,25.623,44.205,300
uav0000073_00600_v,1920x1080,17,1.468,5.486,6.855,3.344,17.084,23.921,42.473,300
uav0000073_00600_v,1920x1080,18,1.166,5.533,6.909,3.418,17.236,23.548,41.949,300
uav0000073_00600_v,1920x1080,19,1.557,5.456,6.831,3.425,17.031,24.49,43.077,300
uav0000073_00600_v,1920x1080,20,1.464,5.483,6.84,3.41,17.074,23.934,42.472,300
uav0000073_00600_v,1920x1080,21,1.497,5.496,6.881,3.394,17.098,27.936,46.53,300
uav0000073_00600_v,1920x1080,22,1.533,5.496,6.845,3.429,17.138,27.334,46.005,300
uav0000073_00600_v,1920x1080,23,1.504,5.458,6.826,3.392,17.058,26.773,45.334,300
uav0000073_00600_v,1920x1080,24,1.196,5.497,6.877,3.435,17.227,27.854,46.277,300
uav0000073_00600_v,1920x1080,25,1.472,5.463,6.851,3.427,17.061,27.291,45.824,300
uav0000073_00600_v,1920x1080,26,1.522,5.487,6.857,3.443,17.102,27.908,46.532,300
uav0000073_00600_v,1920x1080,27,1.532,5.497,6.818,3.427,17.119,28.122,46.772,300
uav0000073_00600_v,1920x1080,28,1.51,5.495,6.86,3.407,17.127,27.742,46.38,300
uav0000073_00600_v,1920x1080,29,1.49,5.512,6.869,3.431,17.185,27.893,46.568,300
uav0000073_00600_v,1920x1080,30,1.171,5.494,6.896,3.483,17.236,27.827,46.234,300
uav0000073_00600_v,1920x1080,31,1.513,5.458,6.834,3.355,16.993,28.491,46.997,300
uav0000073_00600_v,1920x1080,32,1.507,5.497,6.856,3.359,17.075,29.619,48.202,300
uav0000073_00600_v,1920x1080,33,1.501,5.532,6.87,3.384,17.131,30.398,49.03,300
uav0000073_00600_v,1920x1080,34,1.501,5.511,6.862,3.411,17.165,28.091,46.756,300
uav0000073_00600_v,1920x1080,35,1.521,5.502,6.846,3.376,17.128,29.877,48.525,300
uav0000073_00600_v,1920x1080,36,1.511,5.544,6.879,3.399,17.213,27.917,46.642,300
uav0000073_00600_v,1920x1080,37,1.471,5.556,6.876,3.4,17.232,26.884,45.587,300
uav0000073_00600_v,1920x1080,38,1.508,5.491,6.86,3.354,17.036,27.342,45.886,300
uav0000073_00600_v,1920x1080,39,1.5,5.461,6.84,3.374,17.045,27.203,45.748,300
uav0000073_00600_v,1920x1080,40,1.514,5.548,6.857,3.396,17.182,27.482,46.177,300
uav0000073_00600_v,1920x1080,41,1.493,5.474,6.863,3.346,17.03,27.99,46.514,300
uav0000073_00600_v,1920x1080,42,1.162,5.537,6.906,3.51,17.316,26.411,44.889,300
uav0000073_00600_v,1920x1080,43,1.499,5.466,6.824,3.368,16.98,27.332,45.812,300
uav0000073_00600_v,1920x1080,44,2.188,5.466,6.847,3.585,17.219,26.384,45.791,300
uav0000073_00600_v,1920x1080,45,1.478,5.511,6.879,3.381,17.093,25.348,43.919,300
uav0000073_00600_v,1920x1080,46,1.471,5.482,6.899,3.353,17.049,25.758,44.277,300
uav0000073_00600_v,1920x1080,47,1.485,5.457,6.837,3.35,16.999,24.94,43.424,300
uav0000073_00600_v,1920x1080,48,1.162,5.503,6.885,3.381,17.135,24.946,43.243,300
uav0000073_00600_v,1920x1080,49,1.493,5.499,6.851,3.375,17.079,24.904,43.476,300
uav0000073_00600_v,1920x1080,50,1.518,5.529,6.861,3.376,17.106,25.437,44.061,300
uav0000073_00600_v,1920x1080,51,1.493,5.479,6.827,3.358,17.019,25.149,43.661,300
uav0000073_00600_v,1920x1080,52,1.564,5.478,6.883,3.349,17.064,25.258,43.886,300
uav0000073_00600_v,1920x1080,53,1.517,5.487,6.87,3.359,17.089,25.39,43.996,300
uav0000073_00600_v,1920x1080,54,1.507,5.503,6.884,3.46,17.199,26.592,45.298,300
uav0000073_00600_v,1920x1080,55,1.486,5.457,6.834,3.309,16.902,25.562,43.951,300
uav0000073_00600_v,1920x1080,56,1.468,5.474,6.84,3.344,16.997,25.818,44.283,300
uav0000073_00600_v,1920x1080,57,1.473,5.49,6.897,3.398,17.141,27.271,45.885,300
uav0000073_00600_v,1920x1080,58,1.51,5.485,6.866,3.392,17.1,25.678,44.289,300
uav0000073_00600_v,1920x1080,59,1.545,5.48,6.837,3.558,17.225,25.164,43.934,300
uav0000073_00600_v,1920x1080,60,1.533,5.501,6.885,3.492,17.264,24.521,43.317,300
uav0000073_00600_v,1920x1080,61,1.456,5.466,6.85,3.282,17.0,26.131,44.587,300
uav0000073_00600_v,1920x1080,62,1.507,5.485,6.846,3.378,17.065,26.153,44.724,300
uav0000073_00600_v,1920x1080,63,1.527,5.481,6.842,3.257,16.911,25.935,44.373,300
uav0000073_00600_v,1920x1080,64,1.507,5.493,6.864,3.274,16.972,25.225,43.703,300
uav0000073_00600_v,1920x1080,65,1.507,5.495,6.858,3.4,17.097,25.724,44.327,300
uav0000073_00600_v,1920x1080,66,1.488,5.534,6.896,3.527,17.294,25.841,44.623,300
uav0000073_00600_v,1920x1080,67,1.492,5.463,6.83,3.337,16.937,27.885,46.314,300
uav0000073_00600_v,1920x1080,68,1.554,5.515,6.854,3.345,17.08,26.349,44.983,300
uav0000073_00600_v,1920x1080,69,1.486,5.481,6.859,3.355,17.052,25.86,44.397,300
uav0000073_00600_v,1920x1080,70,1.471,5.494,6.871,3.418,17.121,26.291,44.883,300
uav0000073_00600_v,1920x1080,71,1.485,5.542,6.845,3.318,17.071,25.56,44.116,300
uav0000073_00600_v,1920x1080,72,1.458,5.528,6.875,3.356,17.146,25.165,43.769,300
uav0000073_00600_v,1920x1080,73,1.445,5.504,6.89,3.438,17.223,25.086,43.754,300
uav0000073_00600_v,1920x1080,74,1.45,5.536,6.881,3.447,17.227,24.795,43.473,300
uav0000073_00600_v,1920x1080,75,1.463,5.51,6.85,3.41,17.118,25.446,44.027,300
uav0000073_00600_v,1920x1080,76,2.187,5.542,6.874,3.669,17.487,26.047,45.722,300
uav0000073_00600_v,1920x1080,77,1.451,5.493,6.879,3.482,17.265,26.537,45.253,300
uav0000073_00600_v,1920x1080,78,1.488,5.502,6.852,3.375,17.084,26.39,44.962,300
uav0000073_00600_v,1920x1080,79,1.494,5.532,6.862,3.485,17.252,27.239,45.984,300
uav0000073_00600_v,1920x1080,80,1.572,5.5,6.862,3.368,17.099,26.191,44.862,300
uav0000073_00600_v,1920x1080,81,1.496,5.517,6.851,3.419,17.15,26.225,44.871,300
uav0000073_00600_v,1920x1080,82,1.475,5.49,6.874,3.391,17.101,26.49,45.067,300
uav0000073_00600_v,1920x1080,83,1.507,5.539,6.828,3.299,17.022,27.592,46.121,300
uav0000073_00600_v,1920x1080,84,1.481,5.487,6.887,3.404,17.136,29.519,48.136,300
uav0000073_00600_v,1920x1080,85,1.479,5.474,6.853,3.385,17.05,28.317,46.846,300
uav0000073_00600_v,1920x1080,86,1.535,5.528,6.852,3.3,17.023,28.997,47.555,300
uav0000073_00600_v,1920x1080,87,1.518,5.507,6.824,3.289,16.955,30.125,48.598,300
uav0000073_00600_v,1920x1080,88,1.533,5.482,6.841,3.329,17.005,29.257,47.795,300
uav0000073_00600_v,1920x1080,89,1.517,5.518,6.856,3.366,17.076,29.255,47.848,300
uav0000073_00600_v,1920x1080,90,1.206,5.49,6.883,3.461,17.187,29.435,47.827,300
uav0000073_00600_v,1920x1080,91,1.489,5.445,6.843,3.384,16.997,28.572,47.057,300
uav0000073_00600_v,1920x1080,92,1.483,5.525,6.836,3.378,17.109,29.59,48.181,300
uav0000073_00600_v,1920x1080,93,1.468,5.512,6.865,3.337,17.148,30.193,48.809,300
uav0000073_00600_v,1920x1080,94,1.541,5.506,6.857,3.386,17.116,28.903,47.56,300
uav0000073_00600_v,1920x1080,95,1.563,5.499,6.848,3.362,17.047,30.098,48.708,300
uav0000073_00600_v,1920x1080,96,1.468,5.502,6.88,3.334,17.056,29.984,48.508,300
uav0000073_00600_v,1920x1080,97,1.499,5.519,6.848,3.357,17.063,29.889,48.45,300
uav0000073_00600_v,1920x1080,98,1.483,5.517,6.872,3.356,17.078,30.053,48.613,300
uav0000073_00600_v,1920x1080,99,1.5,5.515,6.83,3.366,17.056,30.901,49.457,300
uav0000073_00600_v,1920x1080,100,1.519,5.528,6.858,3.401,17.127,30.785,49.431,300
uav0000073_00600_v,1920x1080,101,1.48,5.529,6.866,3.377,17.103,29.727,48.31,300
uav0000073_00600_v,1920x1080,102,1.17,5.508,6.884,3.463,17.221,29.423,47.815,300
uav0000073_00600_v,1920x1080,103,1.494,5.496,6.855,3.35,17.025,30.161,48.679,300
uav0000073_00600_v,1920x1080,104,1.49,5.504,6.864,3.408,17.155,30.21,48.855,300
uav0000073_00600_v,1920x1080,105,1.499,5.529,6.866,3.361,17.122,30.235,48.856,300
uav0000073_00600_v,1920x1080,106,1.532,5.49,6.847,3.355,17.044,31.341,49.917,300
uav0000073_00600_v,1920x1080,107,2.26,5.519,6.823,3.619,17.347,31.811,51.417,300
uav0000073_00600_v,1920x1080,108,1.198,5.522,6.874,3.451,17.223,31.425,49.846,300
uav0000073_00600_v,1920x1080,109,1.468,5.455,6.848,3.349,17.053,30.668,49.189,300
uav0000073_00600_v,1920x1080,110,1.48,5.479,6.857,3.295,16.964,29.966,48.41,300
uav0000073_00600_v,1920x1080,111,1.501,5.468,6.816,3.375,17.003,30.092,48.597,300
uav0000073_00600_v,1920x1080,112,1.487,5.517,6.851,3.387,17.106,29.595,48.188,300
uav0000073_00600_v,1920x1080,113,1.486,5.512,6.859,3.654,17.38,31.239,50.105,300
uav0000073_00600_v,1920x1080,114,1.194,5.49,6.896,3.424,17.189,29.864,48.247,300
uav0000073_00600_v,1920x1080,115,1.519,5.454,6.812,3.32,16.922,30.295,48.735,300
uav0000073_00600_v,1920x1080,116,1.511,5.5,6.858,3.417,17.127,30.251,48.889,300
uav0000073_00600_v,1920x1080,117,1.475,5.497,6.853,3.389,17.1,29.062,47.637,300
uav0000073_00600_v,1920x1080,118,1.475,5.474,6.87,3.373,17.035,20.773,39.283,300
uav0000073_00600_v,1920x1080,119,1.489,5.464,6.817,3.319,16.923,18.371,36.784,300
uav0000073_00600_v,1920x1080,120,1.161,5.503,6.881,3.409,17.111,24.661,42.933,300
uav0000073_00600_v,1920x1080,121,1.509,5.461,6.861,3.442,17.08,27.583,46.172,300
uav0000073_00600_v,1920x1080,122,1.496,5.514,6.849,3.355,17.07,27.26,45.827,300
uav0000073_00600_v,1920x1080,123,1.495,5.474,6.837,3.34,16.988,27.124,45.608,300
uav0000073_00600_v,1920x1080,124,1.477,5.44,6.843,3.417,17.036,28.197,46.71,300
uav0000073_00600_v,1920x1080,125,1.5,5.496,6.874,3.396,17.126,29.619,48.244,300
uav0000073_00600_v,1920x1080,126,1.453,5.525,6.916,3.467,17.272,29.79,48.515,300
uav0000073_00600_v,1920x1080,127,1.489,5.477,6.82,3.344,16.959,30.684,49.132,300
uav0000073_00600_v,1920x1080,128,1.47,5.491,6.842,3.342,17.105,30.924,49.5,300
uav0000073_00600_v,1920x1080,129,1.478,5.486,6.857,3.355,17.039,30.541,49.058,300
uav0000073_00600_v,1920x1080,130,1.472,5.501,6.85,3.407,17.09,29.407,47.968,300
uav0000073_00600_v,1920x1080,131,1.493,5.476,6.824,3.397,17.051,30.574,49.117,300
uav0000073_00600_v,1920x1080,132,1.452,5.519,6.875,3.402,17.183,30.797,49.433,300
uav0000073_00600_v,1920x1080,133,1.491,5.499,6.862,3.322,17.032,29.9,48.424,300
uav0000073_00600_v,1920x1080,134,1.488,5.516,6.86,3.346,17.089,30.086,48.663,300
uav0000073_00600_v,1920x1080,135,2.188,5.5,6.846,3.652,17.375,31.763,51.326,300
uav0000073_00600_v,1920x1080,136,1.514,5.48,6.848,3.384,17.055,31.005,49.574,300
uav0000073_00600_v,1920x1080,137,1.485,5.506,6.862,3.404,17.164,31.374,50.024,300
uav0000073_00600_v,1920x1080,138,1.163,5.517,6.9,3.403,17.193,29.922,48.278,300
uav0000073_00600_v,1920x1080,139,1.502,5.45,6.826,3.357,16.978,31.566,50.046,300
uav0000073_00600_v,1920x1080,140,1.476,5.524,6.847,3.356,17.108,32.575,51.159,300
uav0000073_00600_v,1920x1080,141,1.474,5.461,6.851,3.365,17.026,31.508,50.008,300
uav0000073_00600_v,1920x1080,142,1.513,5.468,6.844,3.372,17.032,31.642,50.187,300
uav0000073_00600_v,1920x1080,143,1.496,5.5,6.839,3.303,16.971,32.692,51.158,300
uav0000073_00600_v,1920x1080,144,1.186,5.533,6.925,3.396,17.208,33.774,52.167,300
uav0000073_00600_v,1920x1080,145,1.475,5.506,6.863,3.404,17.135,32.636,51.245,300
uav0000073_00600_v,1920x1080,146,1.474,5.518,6.86,3.446,17.167,32.451,51.092,300
uav0000073_00600_v,1920x1080,147,1.504,5.517,6.832,3.331,17.018,31.502,50.024,300
uav0000073_00600_v,1920x1080,148,1.469,5.496,6.847,3.366,17.067,33.361,51.897,300
uav0000073_00600_v,1920x1080,149,1.475,5.496,6.859,3.413,17.131,29.205,47.811,300
uav0000073_00600_v,1920x1080,150,1.181,5.497,6.881,3.474,17.183,23.839,42.203,300
uav0000073_00600_v,1920x1080,151,1.473,5.462,6.832,3.342,16.947,24.883,43.303,300
uav0000073_00600_v,1920x1080,152,1.518,5.452,6.853,3.371,17.011,28.077,46.606,300
uav0000073_00600_v,1920x1080,153,1.478,5.543,6.859,3.402,17.185,29.876,48.539,300
uav0000073_00600_v,1920x1080,154,1.479,5.532,6.848,3.349,17.119,29.952,48.55,300
uav0000073_00600_v,1920x1080,155,1.51,5.505,7.055,3.508,17.423,32.423,51.356,300
uav0000073_00600_v,1920x1080,156,1.19,5.549,6.895,3.406,17.259,32.371,50.821,300
uav0000073_00600_v,1920x1080,157,1.46,5.508,6.862,3.395,17.098,33.02,51.578,300
uav0000073_00600_v,1920x1080,158,1.484,5.524,6.863,3.427,17.147,31.977,50.608,300
uav0000073_00600_v,1920x1080,159,1.545,5.467,6.836,3.362,17.036,31.938,50.519,300
uav0000073_00600_v,1920x1080,160,2.238,5.505,6.86,3.683,17.467,33.238,52.943,300
uav0000073_00600_v,1920x1080,161,1.572,5.485,6.869,3.519,17.265,32.698,51.534,300
uav0000073_00600_v,1920x1080,162,1.183,5.572,6.887,3.485,17.347,33.143,51.673,300
uav0000073_00600_v,1920x1080,163,1.49,5.499,6.824,3.378,17.063,31.123,49.676,300
uav0000073_00600_v,1920x1080,164,1.52,5.482,6.843,3.484,17.158,25.236,43.913,300
uav0000073_00600_v,1920x1080,165,1.483,5.467,6.872,3.711,17.389,22.876,41.748,300
uav0000073_00600_v,1920x1080,166,1.465,5.484,6.85,3.392,17.09,22.371,40.926,300
uav0000073_00600_v,1920x1080,167,1.481,5.463,6.841,3.423,17.135,23.414,42.029,300
uav0000073_00600_v,1920x1080,168,1.174,5.533,6.873,3.486,17.263,26.541,44.979,300
uav0000073_00600_v,1920x1080,169,1.462,5.436,6.849,3.39,16.982,28.56,47.004,300
uav0000073_00600_v,1920x1080,170,1.482,5.455,6.882,3.465,17.162,27.344,45.988,300
uav0000073_00600_v,1920x1080,171,1.487,5.493,6.841,3.424,17.12,27.29,45.896,300
uav0000073_00600_v,1920x1080,172,1.49,5.47,6.861,3.398,17.064,27.105,45.659,300
uav0000073_00600_v,1920x1080,173,1.476,5.481,6.854,3.418,17.191,28.407,47.074,300
uav0000073_00600_v,1920x1080,174,1.173,5.544,6.891,3.494,17.29,29.701,48.164,300
uav0000073_00600_v,1920x1080,175,1.469,5.471,6.83,3.322,16.933,30.569,48.971,300
uav0000073_00600_v,1920x1080,176,1.469,5.54,6.845,3.371,17.148,29.495,48.112,300
uav0000073_00600_v,1920x1080,177,1.493,5.534,6.882,3.409,17.21,28.24,46.943,300
uav0000073_00600_v,1920x1080,178,1.483,5.472,6.856,3.328,17.073,28.672,47.228,300
uav0000073_00600_v,1920x1080,179,1.485,5.487,6.828,3.336,17.023,30.261,48.768,300
uav0000073_00600_v,1920x1080,180,1.18,5.484,6.881,3.462,17.211,31.597,49.988,300
uav0000073_00600_v,1920x1080,181,1.491,5.476,6.864,3.416,17.099,30.178,48.769,300
uav0000073_00600_v,1920x1080,182,1.476,5.539,6.856,3.426,17.146,31.191,49.812,300
uav0000073_00600_v,1920x1080,183,1.449,5.492,6.842,3.405,17.154,31.198,49.802,300
uav0000073_00600_v,1920x1080,184,1.461,5.53,6.853,3.356,17.099,32.107,50.668,300
uav0000073_00600_v,1920x1080,185,1.558,5.511,6.879,3.368,17.113,31.858,50.53,300
uav0000073_00600_v,1920x1080,186,1.165,5.542,6.914,3.548,17.363,33.099,51.627,300
uav0000073_00600_v,1920x1080,187,1.511,5.48,6.833,3.454,17.15,33.482,52.144,300
uav0000073_00600_v,1920x1080,188,1.48,5.509,6.845,3.381,17.064,33.34,51.884,300
uav0000073_00600_v,1920x1080,189,1.486,5.518,6.866,3.438,17.164,32.476,51.126,300
uav0000073_00600_v,1920x1080,190,1.467,5.535,6.865,3.407,17.186,31.626,50.279,300
uav0000073_00600_v,1920x1080,191,2.118,5.49,6.844,3.653,17.356,32.144,51.618,300
uav0000073_00600_v,1920x1080,192,1.195,5.502,6.872,3.478,17.271,30.562,49.028,300
uav0000073_00600_v,1920x1080,193,1.478,5.485,6.862,3.404,17.077,30.812,49.367,300
uav0000073_00600_v,1920x1080,194,1.476,5.468,6.852,3.43,17.085,31.912,50.473,300
uav0000073_00600_v,1920x1080,195,1.495,5.49,6.823,3.367,17.019,31.09,49.605,300
uav0000073_00600_v,1920x1080,196,1.472,5.495,6.848,3.376,17.083,30.526,49.082,300
uav0000073_00600_v,1920x1080,197,1.482,5.512,6.866,3.379,17.158,29.923,48.563,300
uav0000073_00600_v,1920x1080,198,1.534,5.517,6.888,3.5,17.29,29.346,48.169,300
uav0000073_00600_v,1920x1080,199,1.526,5.479,6.824,3.335,16.981,29.329,47.836,300
uav0000073_00600_v,1920x1080,200,1.559,5.522,6.853,3.391,17.12,29.603,48.281,300
uav0000073_00600_v,1920x1080,201,1.482,5.463,6.854,3.358,17.023,31.121,49.626,300
uav0000073_00600_v,1920x1080,202,1.479,5.501,6.847,3.362,17.044,30.221,48.744,300
uav0000073_00600_v,1920x1080,203,1.489,5.522,6.843,3.404,17.124,30.133,48.746,300
uav0000073_00600_v,1920x1080,204,1.176,5.486,6.873,3.389,17.153,29.872,48.201,300
uav0000073_00600_v,1920x1080,205,1.515,5.47,6.867,3.403,17.077,29.074,47.665,300
uav0000073_00600_v,1920x1080,206,1.506,5.52,6.855,3.319,17.051,27.91,46.467,300
uav0000073_00600_v,1920x1080,207,1.485,5.684,6.864,3.334,17.229,28.865,47.579,300
uav0000073_00600_v,1920x1080,208,1.504,5.496,6.859,3.395,17.13,28.452,47.086,300
uav0000073_00600_v,1920x1080,209,1.515,5.475,6.851,3.529,17.227,29.964,48.707,300
uav0000073_00600_v,1920x1080,210,1.452,5.557,6.905,3.422,17.239,29.801,48.492,300
uav0000073_00600_v,1920x1080,211,1.493,5.481,6.819,3.372,16.991,29.674,48.158,300
uav0000073_00600_v,1920x1080,212,1.487,5.453,6.863,3.365,17.042,28.138,46.668,300
uav0000073_00600_v,1920x1080,213,1.477,5.467,6.846,3.4,17.058,28.803,47.338,300
uav0000073_00600_v,1920x1080,214,1.474,5.497,6.852,3.337,17.007,29.999,48.48,300
uav0000073_00600_v,1920x1080,215,1.501,5.488,6.839,3.345,17.003,33.706,52.21,300
uav0000073_00600_v,1920x1080,216,1.187,5.497,6.885,3.454,17.214,30.756,49.156,300
uav0000073_00600_v,1920x1080,217,1.493,5.494,6.861,3.34,17.027,31.491,50.011,300
uav0000073_00600_v,1920x1080,218,1.491,5.474,6.856,3.398,17.108,31.114,49.713,300
uav0000073_00600_v,1920x1080,219,1.487,5.505,6.838,3.345,17.015,31.583,50.084,300
uav0000073_00600_v,1920x1080,220,2.241,5.473,6.86,3.611,17.296,31.883,51.42,300
uav0000073_00600_v,1920x1080,221,1.535,5.482,6.864,3.385,17.058,31.203,49.796,300
uav0000073_00600_v,1920x1080,222,1.171,5.514,6.865,3.537,17.281,31.538,49.99,300
uav0000073_00600_v,1920x1080,223,1.491,5.464,6.839,3.353,17.037,31.725,50.253,300
uav0000073_00600_v,1920x1080,224,1.495,5.498,6.85,3.402,17.089,31.165,49.749,300
uav0000073_00600_v,1920x1080,225,1.473,5.475,6.861,3.415,17.107,31.729,50.309,300
uav0000073_00600_v,1920x1080,226,1.503,5.507,6.86,3.385,17.088,31.594,50.184,300
uav0000073_00600_v,1920x1080,227,1.519,5.524,6.831,3.387,17.076,32.502,51.097,300
uav0000073_00600_v,1920x1080,228,1.184,5.571,6.883,3.404,17.308,32.128,50.621,300
uav0000073_00600_v,1920x1080,229,1.464,5.475,6.85,3.4,17.047,32.098,50.609,300
uav0000073_00600_v,1920x1080,230,1.505,5.503,6.845,3.354,17.04,33.029,51.574,300
uav0000073_00600_v,1920x1080,231,1.528,5.459,6.845,3.378,17.044,33.712,52.285,300
uav0000073_00600_v,1920x1080,232,1.491,5.508,6.859,3.412,17.143,33.792,52.426,300
uav0000073_00600_v,1920x1080,233,1.507,5.487,6.868,3.452,17.152,32.983,51.642,300
uav0000073_00600_v,1920x1080,234,1.48,5.522,6.895,3.508,17.316,33.028,51.824,300
uav0000073_00600_v,1920x1080,235,1.509,5.472,6.827,3.377,16.985,33.634,52.128,300
uav0000073_00600_v,1920x1080,236,1.503,5.52,6.858,3.439,17.164,34.069,52.736,300
uav0000073_00600_v,1920x1080,237,1.492,5.496,6.879,3.458,17.165,33.555,52.212,300
uav0000073_00600_v,1920x1080,238,1.464,5.504,6.852,3.463,17.168,33.663,52.295,300
uav0000073_00600_v,1920x1080,239,1.464,5.475,6.836,3.381,17.006,34.198,52.668,300
uav0000073_00600_v,1920x1080,240,1.18,5.551,6.887,3.405,17.262,34.211,52.653,300
uav0000073_00600_v,1920x1080,241,1.458,5.468,6.844,3.46,17.165,35.866,54.489,300
uav0000073_00600_v,1920x1080,242,1.5,5.465,6.863,3.416,17.072,34.196,52.768,300
uav0000073_00600_v,1920x1080,243,1.478,5.497,6.836,3.319,17.041,34.169,52.688,300
uav0000073_00600_v,1920x1080,244,1.585,5.474,6.832,3.392,17.071,33.482,52.138,300
uav0000073_00600_v,1920x1080,245,1.6,5.484,6.833,3.409,17.08,33.635,52.315,300
uav0000073_00600_v,1920x1080,246,1.255,5.488,6.894,3.447,17.222,32.996,51.473,300
uav0000073_00600_v,1920x1080,247,1.511,5.504,6.885,3.535,17.306,32.094,50.911,300
uav0000073_00600_v,1920x1080,248,1.501,5.492,6.85,3.403,17.106,31.567,50.175,300
uav0000073_00600_v,1920x1080,249,2.279,5.48,6.841,3.595,17.28,31.017,50.576,300
uav0000073_00600_v,1920x1080,250,1.482,5.478,6.855,3.375,17.085,30.208,48.775,300
uav0000073_00600_v,1920x1080,251,1.476,5.502,6.846,3.387,17.107,30.835,49.418,300
uav0000073_00600_v,1920x1080,252,1.157,5.519,6.902,3.482,17.28,30.618,49.055,300
uav0000073_00600_v,1920x1080,253,1.476,5.486,6.831,3.339,17.015,30.699,49.189,300
uav0000073_00600_v,1920x1080,254,1.529,5.473,6.849,3.442,17.124,30.749,49.402,300
uav0000073_00600_v,1920x1080,255,1.461,5.486,6.876,3.402,17.126,32.304,50.892,300
uav0000073_00600_v,1920x1080,256,1.464,5.482,6.855,3.432,17.141,32.349,50.954,300
uav0000073_00600_v,1920x1080,257,1.491,5.476,6.835,3.415,17.106,32.781,51.379,300
uav0000073_00600_v,1920x1080,258,1.464,5.586,6.894,3.436,17.356,33.264,52.083,300
uav0000073_00600_v,1920x1080,259,1.492,5.496,6.855,3.353,17.053,32.947,51.492,300
uav0000073_00600_v,1920x1080,260,1.487,5.542,6.877,3.453,17.257,32.454,51.198,300
uav0000073_00600_v,1920x1080,261,1.502,5.502,6.84,3.385,17.063,33.809,52.374,300
uav0000073_00600_v,1920x1080,262,1.471,5.513,6.851,3.391,17.073,33.129,51.673,300
uav0000073_00600_v,1920x1080,263,1.459,5.508,6.859,3.462,17.189,32.473,51.122,300
uav0000073_00600_v,1920x1080,264,1.177,5.484,6.887,3.523,17.287,32.241,50.706,300
uav0000073_00600_v,1920x1080,265,1.545,5.45,6.847,3.43,17.066,32.071,50.682,300
uav0000073_00600_v,1920x1080,266,1.483,5.529,6.843,3.364,17.112,31.637,50.232,300
uav0000073_00600_v,1920x1080,267,1.476,5.526,6.871,3.461,17.213,31.379,50.068,300
uav0000073_00600_v,1920x1080,268,1.487,5.514,6.862,3.365,17.121,31.773,50.381,300
uav0000073_00600_v,1920x1080,269,1.494,5.474,6.857,3.421,17.111,31.791,50.396,300
uav0000073_00600_v,1920x1080,270,1.549,5.477,6.885,3.461,17.226,32.013,50.787,300
uav0000073_00600_v,1920x1080,271,1.468,5.557,6.914,3.688,17.564,32.916,51.947,300
uav0000073_00600_v,1920x1080,272,1.45,5.556,6.916,3.514,17.376,33.353,52.179,300
uav0000073_00600_v,1920x1080,273,1.484,5.511,6.848,3.453,17.375,32.536,51.395,300
uav0000073_00600_v,1920x1080,274,1.493,5.534,6.85,3.387,17.156,32.891,51.54,300
uav0000073_00600_v,1920x1080,275,1.481,5.544,6.868,3.357,17.11,31.907,50.498,300
uav0000073_00600_v,1920x1080,276,1.504,5.535,6.884,3.552,17.387,32.139,51.03,300
uav0000073_00600_v,1920x1080,277,1.504,5.487,6.836,3.397,17.098,32.985,51.587,300
uav0000073_00600_v,1920x1080,278,2.058,5.494,6.861,3.374,17.098,33.215,52.371,300
uav0000073_00600_v,1920x1080,279,1.505,5.531,6.855,3.416,17.164,32.285,50.954,300
uav0000073_00600_v,1920x1080,280,1.485,5.537,6.839,3.386,17.155,33.843,52.483,300
uav0000073_00600_v,1920x1080,281,1.497,5.459,6.827,3.316,16.974,33.281,51.753,300
uav0000073_00600_v,1920x1080,282,1.48,5.553,6.877,3.378,17.207,32.477,51.164,300
uav0000073_00600_v,1920x1080,283,1.474,5.519,6.841,3.458,17.146,32.342,50.961,300
uav0000073_00600_v,1920x1080,284,1.482,5.478,6.866,3.401,17.096,32.274,50.852,300
uav0000073_00600_v,1920x1080,285,1.56,5.467,6.845,3.391,17.061,31.347,49.968,300
uav0000073_00600_v,1920x1080,286,1.481,5.493,6.844,3.356,17.042,32.179,50.702,300
uav0000073_00600_v,1920x1080,287,1.525,5.491,6.852,3.451,17.164,34.862,53.551,300
uav0000073_00600_v,1920x1080,288,1.168,5.518,6.875,3.442,17.243,33.265,51.676,300
uav0000073_00600_v,1920x1080,289,1.496,5.451,6.828,3.356,16.957,32.972,51.425,300
uav0000073_00600_v,1920x1080,290,1.483,5.505,6.84,3.446,17.125,34.301,52.909,300
uav0000073_00600_v,1920x1080,291,1.483,5.482,6.848,3.449,17.139,32.678,51.3,300
uav0000073_00600_v,1920x1080,292,1.486,5.495,6.846,3.4,17.082,33.53,52.098,300
uav0000073_00600_v,1920x1080,293,1.492,5.495,6.833,3.505,17.173,34.74,53.405,300
uav0000073_00600_v,1920x1080,294,1.176,5.478,6.875,3.503,17.249,33.516,51.94,300
uav0000073_00600_v,1920x1080,295,1.471,5.484,6.848,3.408,17.103,32.858,51.432,300
uav0000073_00600_v,1920x1080,296,1.48,5.497,6.863,3.562,17.306,31.779,50.566,300
uav0000073_00600_v,1920x1080,297,1.529,5.493,6.812,3.438,17.099,32.479,51.107,300
uav0000073_00600_v,1920x1080,298,1.516,5.481,6.84,3.384,17.064,31.809,50.39,300
uav0000073_00600_v,1920x1080,299,1.481,5.452,6.865,3.446,17.162,32.409,51.052,300
uav0000073_00600_v,1920x1080,300,1.18,5.548,6.893,3.565,17.375,32.316,50.872,300
uav0000073_00600_v,1920x1080,301,1.489,5.472,6.834,3.406,17.024,32.965,51.478,300
uav0000073_00600_v,1920x1080,302,1.505,5.469,6.862,3.442,17.126,31.709,50.34,300
uav0000073_00600_v,1920x1080,303,1.435,5.517,6.846,3.381,17.122,33.79,52.348,300
uav0000073_00600_v,1920x1080,304,1.505,5.49,6.871,3.45,17.224,34.124,52.853,300
uav0000073_00600_v,1920x1080,305,1.501,7.013,6.835,3.401,18.578,33.519,53.598,300
uav0000073_00600_v,1920x1080,306,1.472,5.542,6.887,3.528,17.316,31.751,50.539,300
uav0000073_00600_v,1920x1080,307,1.493,5.581,6.856,3.461,17.243,30.531,49.267,300
uav0000073_00600_v,1920x1080,308,1.49,5.545,6.857,3.431,17.205,31.312,50.007,300
uav0000073_00600_v,1920x1080,309,1.564,5.547,6.827,3.36,17.089,31.311,49.964,300
uav0000073_00600_v,1920x1080,310,1.47,5.561,6.838,3.501,17.271,32.678,51.419,300
uav0000073_00600_v,1920x1080,311,1.478,5.546,6.872,3.419,17.204,31.835,50.517,300
uav0000073_00600_v,1920x1080,312,1.229,5.538,6.906,3.53,17.34,32.066,50.635,300
uav0000073_00600_v,1920x1080,313,1.495,5.564,6.853,3.388,17.153,32.015,50.664,300
uav0000073_00600_v,1920x1080,314,1.483,5.578,6.867,3.427,17.237,32.042,50.761,300
uav0000073_00600_v,1920x1080,315,1.544,5.557,6.866,3.386,17.141,31.966,50.651,300
uav0000073_00600_v,1920x1080,316,1.475,5.795,6.871,3.431,17.497,32.863,51.835,300
uav0000073_00600_v,1920x1080,317,1.504,5.583,6.835,3.417,17.222,33.617,52.343,300
uav0000073_00600_v,1920x1080,318,1.186,5.578,6.894,3.433,17.283,33.476,51.945,300
uav0000073_00600_v,1920x1080,319,1.47,5.567,6.856,3.412,17.231,33.58,52.282,300
uav0000073_00600_v,1920x1080,320,1.499,5.547,6.875,3.466,17.287,34.203,52.989,300
uav0000073_00600_v,1920x1080,321,1.518,5.557,6.842,3.45,17.211,33.66,52.389,300
uav0000073_00600_v,1920x1080,322,1.176,5.527,6.811,3.417,17.089,33.657,51.923,300
uav0000073_00600_v,1920x1080,323,1.139,5.53,6.814,3.456,17.134,31.998,50.271,300
uav0000073_00600_v,1920x1080,324,1.11,5.584,6.819,3.361,17.126,33.557,51.794,300
uav0000073_00600_v,1920x1080,325,1.11,5.562,6.823,3.363,17.123,35.713,53.946,300
uav0000073_00600_v,1920x1080,326,1.142,5.51,6.821,3.433,17.088,35.752,53.982,300
uav0000073_00600_v,1920x1080,327,1.216,5.543,6.826,3.413,17.133,37.452,55.802,300
uav0000073_00600_v,1920x1080,328,1.097,5.56,6.822,3.473,17.248,35.948,54.294,300
uav0000073_04464_v,1920x1080,1,52.114,8.262,6.903,4.207,20.85,25.132,98.095,300
uav0000073_04464_v,1920x1080,2,1.929,5.577,6.912,3.916,17.837,32.983,52.749,300
uav0000073_04464_v,1920x1080,3,1.878,5.517,6.831,3.747,17.451,33.057,52.386,300
uav0000073_04464_v,1920x1080,4,1.829,5.527,6.882,3.726,17.584,32.427,51.84,300
uav0000073_04464_v,1920x1080,5,1.806,5.537,6.867,3.813,17.631,32.111,51.548,300
uav0000073_04464_v,1920x1080,6,1.484,5.544,6.898,3.912,17.741,32.942,52.167,300
uav0000073_04464_v,1920x1080,7,1.512,5.528,6.828,3.737,17.453,34.501,53.465,300
uav0000073_04464_v,1920x1080,8,1.441,5.581,6.885,3.721,17.532,36.506,55.479,300
uav0000073_04464_v,1920x1080,9,1.513,5.627,6.875,3.817,17.671,35.601,54.785,300
uav0000073_04464_v,1920x1080,10,1.478,5.531,6.924,3.902,17.726,36.391,55.595,300
uav0000073_04464_v,1920x1080,11,2.073,5.731,6.832,4.021,17.924,37.864,57.861,300
uav0000073_04464_v,1920x1080,12,1.534,5.565,6.847,3.809,17.56,37.26,56.354,300
uav0000073_04464_v,1920x1080,13,1.502,5.545,6.876,3.876,17.697,37.271,56.47,300
uav0000073_04464_v,1920x1080,14,1.523,5.508,6.898,4.124,17.968,37.628,57.119,300
uav0000073_04464_v,1920x1080,15,1.522,5.469,6.83,3.923,17.567,37.396,56.485,300
uav0000073_04464_v,1920x1080,16,1.654,5.522,6.876,3.951,17.7,38.246,57.599,300
uav0000073_04464_v,1920x1080,17,1.508,5.526,6.866,3.914,17.687,39.322,58.517,300
uav0000073_04464_v,1920x1080,18,1.546,5.531,6.874,3.897,17.681,39.7,58.927,300
uav0000073_04464_v,1920x1080,19,1.571,5.525,6.836,3.923,17.638,40.916,60.125,300
uav0000073_04464_v,1920x1080,20,1.505,5.515,6.869,3.909,17.64,39.847,58.993,300
uav0000073_04464_v,1920x1080,21,1.545,5.542,6.852,3.81,17.57,39.195,58.31,300
uav0000073_04464_v,1920x1080,22,1.464,5.54,6.897,3.937,17.754,37.858,57.075,300
uav0000073_04464_v,1920x1080,23,1.533,5.528,6.846,3.859,17.648,37.857,57.037,300
uav0000073_04464_v,1920x1080,24,1.485,5.548,6.849,3.786,17.552,37.952,56.99,300
uav0000073_04464_v,1920x1080,25,1.501,5.54,6.858,3.856,17.617,38.333,57.452,300
uav0000073_04464_v,1920x1080,26,1.475,5.535,6.878,3.782,17.582,37.753,56.81,300
uav0000073_04464_v,1920x1080,27,1.561,5.54,6.823,3.758,17.506,37.584,56.651,300
uav0000073_04464_v,1920x1080,28,1.489,5.533,6.882,3.925,17.698,39.27,58.457,300
uav0000073_04464_v,1920x1080,29,1.516,5.539,6.859,3.723,17.472,39.768,58.756,300
uav0000073_04464_v,1920x1080,30,1.508,5.553,6.862,3.726,17.499,39.713,58.72,300
uav0000073_04464_v,1920x1080,31,1.523,5.534,6.836,3.685,17.411,39.48,58.415,300
uav0000073_04464_v,1920x1080,32,1.482,5.494,6.873,4.002,17.807,39.15,58.439,300
uav0000073_04464_v,1920x1080,33,1.464,5.501,6.876,3.872,17.627,40.824,59.915,300
uav0000073_04464_v,1920x1080,34,1.447,5.536,6.894,3.917,17.726,39.021,58.194,300
uav0000073_04464_v,1920x1080,35,1.534,5.511,6.835,3.754,17.445,39.803,58.782,300
uav0000073_04464_v,1920x1080,36,1.479,5.592,6.849,3.833,17.64,40.254,59.372,300
uav0000073_04464_v,1920x1080,37,1.485,5.535,6.869,3.839,17.629,39.009,58.123,300
uav0000073_04464_v,1920x1080,38,2.266,5.595,6.898,4.318,18.192,41.236,61.694,300
uav0000073_04464_v,1920x1080,39,1.489,5.533,6.835,3.85,17.629,39.118,58.236,300
uav0000073_04464_v,1920x1080,40,1.516,5.53,6.883,4.125,17.91,37.717,57.144,300
uav0000073_04464_v,1920x1080,41,1.475,5.511,6.857,3.747,17.489,38.496,57.459,300
uav0000073_04464_v,1920x1080,42,1.496,5.548,6.867,3.801,17.596,38.142,57.234,300
uav0000073_04464_v,1920x1080,43,1.552,5.549,6.837,3.705,17.454,40.101,59.107,300
uav0000073_04464_v,1920x1080,44,1.517,5.493,6.891,3.794,17.515,38.819,57.851,300
uav0000073_04464_v,1920x1080,45,1.458,5.557,6.861,3.636,17.404,38.322,57.184,300
uav0000073_04464_v,1920x1080,46,1.494,5.571,6.899,3.709,17.582,37.925,57.001,300
uav0000073_04464_v,1920x1080,47,1.525,5.513,6.83,3.643,17.329,37.007,55.861,300
uav0000073_04464_v,1920x1080,48,1.572,5.554,6.855,3.756,17.571,37.768,56.912,300
uav0000073_04464_v,1920x1080,49,1.496,5.515,6.881,3.704,17.461,37.146,56.103,300
uav0000073_04464_v,1920x1080,50,1.494,5.563,6.875,3.717,17.538,36.211,55.243,300
uav0000073_04464_v,1920x1080,51,1.532,5.51,6.834,3.618,17.314,37.041,55.888,300
uav0000073_04464_v,1920x1080,52,1.511,5.5,6.894,3.745,17.507,37.377,56.395,300
uav0000073_04464_v,1920x1080,53,1.482,5.532,6.878,3.709,17.44,37.778,56.701,300
uav0000073_04464_v,1920x1080,54,1.498,5.542,6.869,3.678,17.438,38.121,57.057,300
uav0000073_04464_v,1920x1080,55,1.514,5.53,6.845,3.595,17.353,36.71,55.577,300
uav0000073_04464_v,1920x1080,56,1.487,5.518,6.844,3.729,17.446,36.892,55.825,300
uav0000073_04464_v,1920x1080,57,1.507,5.53,6.854,3.625,17.342,37.378,56.227,300
uav0000073_04464_v,1920x1080,58,1.46,5.665,6.899,3.894,17.874,36.703,56.037,300
uav0000073_04464_v,1920x1080,59,1.517,5.531,6.845,3.698,17.451,37.317,56.285,300
uav0000073_04464_v,1920x1080,60,1.511,5.544,6.837,3.645,17.416,37.822,56.749,300
uav0000073_04464_v,1920x1080,61,1.487,5.542,6.864,3.576,17.369,37.967,56.822,300
uav0000073_04464_v,1920x1080,62,1.512,5.529,6.866,3.553,17.292,37.582,56.386,300
uav0000073_04464_v,1920x1080,63,1.533,5.521,6.83,3.658,17.382,36.77,55.685,300
uav0000073_04464_v,1920x1080,64,2.221,5.526,6.956,3.673,18.535,37.039,57.795,300
uav0000073_04464_v,1920x1080,65,1.484,5.733,6.854,3.597,17.59,36.261,55.335,300
uav0000073_04464_v,1920x1080,66,1.5,5.564,6.855,3.593,17.393,36.132,55.025,300
uav0000073_04464_v,1920x1080,67,1.532,5.507,6.832,3.556,17.255,36.164,54.951,300
uav0000073_04464_v,1920x1080,68,1.558,5.552,6.851,3.61,17.404,36.292,55.254,300
uav0000073_04464_v,1920x1080,69,1.483,5.559,6.861,3.511,17.328,35.999,54.811,300
uav0000073_04464_v,1920x1080,70,1.184,5.552,6.898,3.631,17.507,35.586,54.276,300
uav0000073_04464_v,1920x1080,71,1.53,5.501,6.83,3.54,17.232,35.692,54.454,300
uav0000073_04464_v,1920x1080,72,1.49,5.561,6.869,3.52,17.343,36.843,55.676,300
uav0000073_04464_v,1920x1080,73,1.499,5.512,6.869,3.521,17.275,36.998,55.772,300
uav0000073_04464_v,1920x1080,74,1.525,5.536,6.876,3.528,17.302,37.318,56.145,300
uav0000073_04464_v,1920x1080,75,1.509,5.5,6.828,3.511,17.205,36.686,55.4,300
uav0000073_04464_v,1920x1080,76,1.48,5.506,6.905,3.617,17.394,35.685,54.559,300
uav0000073_04464_v,1920x1080,77,1.491,5.538,6.855,3.458,17.233,35.005,53.729,300
uav0000073_04464_v,1920x1080,78,1.485,5.513,6.862,3.543,17.294,34.963,53.742,300
uav0000073_04464_v,1920x1080,79,1.559,5.5,6.826,3.525,17.24,35.052,53.851,300
uav0000073_04464_v,1920x1080,80,1.49,5.502,6.854,3.511,17.242,35.371,54.103,300
uav0000073_04464_v,1920x1080,81,1.526,5.503,6.873,3.5,17.252,36.823,55.601,300
uav0000073_04464_v,1920x1080,82,1.504,5.503,6.889,3.59,17.359,34.93,53.793,300
uav0000073_04464_v,1920x1080,83,1.492,5.503,6.847,3.475,17.162,34.542,53.197,300
uav0000073_04464_v,1920x1080,84,1.492,5.562,6.867,3.48,17.309,35.299,54.1,300
uav0000073_04464_v,1920x1080,85,1.544,5.494,6.872,3.544,17.286,34.222,53.053,300
uav0000073_04464_v,1920x1080,86,1.492,5.586,6.873,3.512,17.347,33.022,51.861,300
uav0000073_04464_v,1920x1080,87,1.5,5.524,6.824,3.56,17.288,33.12,51.908,300
uav0000073_04464_v,1920x1080,88,1.174,5.538,6.876,3.596,17.374,34.849,53.397,300
uav0000073_04464_v,1920x1080,89,1.493,5.533,6.867,3.631,17.411,34.054,52.958,300
uav0000073_04464_v,1920x1080,90,1.521,5.516,6.851,3.575,17.322,35.228,54.071,300
uav0000073_04464_v,1920x1080,91,2.119,5.771,6.816,3.773,17.709,35.127,54.955,300
uav0000073_04464_v,1920x1080,92,1.492,5.499,6.881,3.568,17.286,34.962,53.74,300
uav0000073_04464_v,1920x1080,93,1.486,5.51,6.879,3.551,17.329,34.424,53.239,300
uav0000073_04464_v,1920x1080,94,1.223,5.498,6.892,3.609,17.37,35.016,53.609,300
uav0000073_04464_v,1920x1080,95,1.491,5.52,6.825,3.48,17.149,34.315,52.954,300
uav0000073_04464_v,1920x1080,96,1.529,5.515,6.855,3.556,17.358,34.012,52.899,300
uav0000073_04464_v,1920x1080,97,1.532,5.557,6.877,3.463,17.245,33.857,52.633,300
uav0000073_04464_v,1920x1080,98,1.497,5.529,6.88,3.561,17.329,33.487,52.314,300
uav0000073_04464_v,1920x1080,99,1.498,5.519,6.83,3.518,17.193,33.234,51.925,300
uav0000073_04464_v,1920x1080,100,1.476,5.527,6.874,3.566,17.326,33.994,52.795,300
uav0000073_04464_v,1920x1080,101,1.476,5.506,6.877,3.604,17.305,33.797,52.578,300
uav0000073_04464_v,1920x1080,102,1.505,5.555,6.868,3.554,17.379,34.142,53.026,300
uav0000073_04464_v,1920x1080,103,1.555,5.516,6.833,3.518,17.232,33.713,52.5,300
uav0000073_04464_v,1920x1080,104,1.534,5.509,6.859,3.504,17.228,34.008,52.77,300
uav0000073_04464_v,1920x1080,105,1.522,5.544,6.868,3.567,17.341,33.001,51.865,300
uav0000073_04464_v,1920x1080,106,1.187,5.554,6.902,3.67,17.504,32.72,51.41,300
uav0000073_04464_v,1920x1080,107,1.5,5.532,6.814,3.478,17.158,33.49,52.148,300
uav0000073_04464_v,1920x1080,108,1.523,5.538,6.847,3.598,17.331,32.286,51.14,300
uav0000073_04464_v,1920x1080,109,1.519,5.492,6.865,3.546,17.258,33.196,51.973,300
uav0000073_04464_v,1920x1080,110,1.522,5.53,6.871,3.583,17.357,34.036,52.915,300
uav0000073_04464_v,1920x1080,111,1.52,5.521,6.824,3.556,17.254,34.72,53.494,300
uav0000073_04464_v,1920x1080,112,1.187,5.518,6.879,3.675,17.445,34.676,53.309,300
uav0000073_04464_v,1920x1080,113,1.498,5.526,6.861,3.571,17.321,34.041,52.86,300
uav0000073_04464_v,1920x1080,114,1.495,5.52,6.871,3.561,17.292,34.598,53.385,300
uav0000073_04464_v,1920x1080,115,1.528,5.503,6.841,3.647,17.369,35.322,54.219,300
uav0000073_04464_v,1920x1080,116,1.548,5.514,6.849,3.473,17.222,33.193,51.963,300
uav0000073_04464_v,1920x1080,117,1.536,5.512,6.867,3.55,17.288,34.617,53.441,300
uav0000073_04464_v,1920x1080,118,1.171,5.516,6.918,3.687,17.501,32.67,51.342,300
uav0000073_04464_v,1920x1080,119,2.242,5.508,6.836,3.724,17.416,34.063,53.721,300
uav0000073_04464_v,1920x1080,120,1.482,5.583,6.855,3.468,17.282,34.07,52.833,300
uav0000073_04464_v,1920x1080,121,1.549,5.545,6.882,3.574,17.35,33.373,52.272,300
uav0000073_04464_v,1920x1080,122,1.575,5.547,6.873,3.538,17.318,32.291,51.184,300
uav0000073_04464_v,1920x1080,123,1.515,5.509,6.841,3.529,17.261,33.169,51.944,300
uav0000073_04464_v,1920x1080,124,1.484,5.504,6.89,3.658,17.479,32.143,51.106,300
uav0000073_04464_v,1920x1080,125,1.472,5.558,6.904,3.745,17.633,32.39,51.496,300
uav0000073_04464_v,1920x1080,126,1.453,5.605,6.908,3.794,17.639,32.653,51.746,300
uav0000073_04464_v,1920x1080,127,1.48,5.528,6.827,3.578,17.283,32.254,51.017,300
uav0000073_04464_v,1920x1080,128,1.5,5.55,6.857,3.507,17.273,32.535,51.308,300
uav0000073_04464_v,1920x1080,129,1.547,5.509,6.857,3.468,17.181,32.752,51.48,300
uav0000073_04464_v,1920x1080,130,1.534,5.498,6.913,3.656,17.436,33.371,52.341,300
uav0000073_04464_v,1920x1080,131,1.558,5.489,6.834,3.498,17.175,33.051,51.785,300
uav0000073_04464_v,1920x1080,132,1.528,5.515,6.838,3.536,17.251,32.095,50.874,300
uav0000073_04464_v,1920x1080,133,1.484,5.558,6.888,3.516,17.32,33.804,52.608,300
uav0000073_04464_v,1920x1080,134,1.483,5.56,6.869,3.533,17.408,34.478,53.369,300
uav0000073_04464_v,1920x1080,135,1.531,5.522,6.823,3.498,17.197,33.939,52.667,300
uav0000073_04464_v,1920x1080,136,1.463,5.507,6.888,3.667,17.417,34.663,53.544,300
uav0000073_04464_v,1920x1080,137,1.462,5.508,6.873,3.548,17.299,35.622,54.384,300
uav0000073_04464_v,1920x1080,138,1.489,5.55,6.857,3.513,17.265,34.473,53.227,300
uav0000073_04464_v,1920x1080,139,1.513,5.572,6.842,3.573,17.353,33.413,52.279,300
uav0000073_04464_v,1920x1080,140,1.486,5.514,6.852,3.594,17.388,33.68,52.554,300
uav0000073_04464_v,1920x1080,141,1.567,5.512,6.879,3.539,17.293,32.908,51.769,300
uav0000073_04464_v,1920x1080,142,1.165,5.511,6.9,3.578,17.386,32.255,50.806,300
uav0000073_04464_v,1920x1080,143,1.494,5.495,7.073,3.56,17.58,32.288,51.363,300
uav0000073_04464_v,1920x1080,144,1.495,5.508,6.857,3.461,17.194,32.691,51.379,300
uav0000073_04464_v,1920x1080,145,1.468,5.532,6.866,3.519,17.251,32.128,50.847,300
uav0000073_04464_v,1920x1080,146,1.524,5.559,6.854,3.455,17.219,32.039,50.783,300
uav0000073_04464_v,1920x1080,147,2.3,5.523,6.837,3.739,17.46,32.761,52.522,300
uav0000073_04464_v,1920x1080,148,1.473,5.493,6.89,3.605,17.384,31.309,50.166,300
uav0000073_04464_v,1920x1080,149,1.478,5.527,6.858,3.525,17.254,31.813,50.546,300
uav0000073_04464_v,1920x1080,150,1.494,5.522,6.86,3.538,17.27,32.043,50.808,300
uav0000073_04464_v,1920x1080,151,1.498,5.513,6.834,3.468,17.184,31.616,50.299,300
uav0000073_04464_v,1920x1080,152,1.516,5.532,6.852,3.488,17.254,31.853,50.623,300
uav0000073_04464_v,1920x1080,153,1.518,5.514,6.875,3.515,17.268,31.026,49.812,300
uav0000073_04464_v,1920x1080,154,1.466,5.518,6.915,3.652,17.462,30.733,49.662,300
uav0000073_04464_v,1920x1080,155,1.532,5.516,6.839,3.481,17.177,30.967,49.676,300
uav0000073_04464_v,1920x1080,156,1.477,5.509,6.875,3.506,17.239,31.315,50.032,300
uav0000073_04464_v,1920x1080,157,1.475,5.504,6.878,3.533,17.314,31.268,50.057,300
uav0000073_04464_v,1920x1080,158,1.504,5.536,6.879,3.517,17.285,31.278,50.067,300
uav0000073_04464_v,1920x1080,159,1.531,5.501,6.842,3.481,17.167,31.569,50.267,300
uav0000073_04464_v,1920x1080,160,1.454,5.536,6.881,3.664,17.447,31.137,50.038,300
uav0000073_04464_v,1920x1080,161,1.512,5.541,6.869,3.469,17.212,31.099,49.822,300
uav0000073_04464_v,1920x1080,162,1.479,5.512,6.875,3.539,17.249,31.785,50.514,300
uav0000073_04464_v,1920x1080,163,1.517,5.492,6.832,3.814,17.463,31.726,50.707,300
uav0000073_04464_v,1920x1080,164,1.485,5.572,6.868,3.535,17.36,31.399,50.243,300
uav0000073_04464_v,1920x1080,165,1.479,5.552,6.892,3.478,17.271,32.139,50.889,300
uav0000073_04464_v,1920x1080,166,1.488,5.529,6.902,3.615,17.424,32.996,51.909,300
uav0000073_04464_v,1920x1080,167,1.521,5.486,6.858,3.462,17.142,32.24,50.903,300
uav0000073_04464_v,1920x1080,168,1.485,5.493,6.856,3.487,17.237,30.571,49.293,300
uav0000073_04464_v,1920x1080,169,1.514,5.565,6.862,3.457,17.247,31.208,49.969,300
uav0000073_04464_v,1920x1080,170,1.485,5.576,6.872,3.454,17.289,29.96,48.734,300
uav0000073_04464_v,1920x1080,171,1.511,5.522,6.839,3.486,17.205,30.278,48.994,300
uav0000073_04464_v,1920x1080,172,1.464,5.517,6.886,3.572,17.325,30.213,49.002,300
uav0000073_04464_v,1920x1080,173,1.466,5.535,6.863,3.494,17.21,30.196,48.872,300
uav0000073_04464_v,1920x1080,174,1.474,5.572,6.869,3.447,17.259,29.91,48.643,300
uav0000073_04464_v,1920x1080,175,2.253,5.53,6.834,3.718,17.443,31.079,50.776,300
uav0000073_04464_v,1920x1080,176,1.483,5.571,6.858,3.441,17.207,31.948,50.637,300
uav0000073_04464_v,1920x1080,177,1.488,5.571,6.868,3.493,17.287,30.605,49.38,300
uav0000073_04464_v,1920x1080,178,1.447,5.542,6.9,3.521,17.323,30.354,49.124,300
uav0000073_04464_v,1920x1080,179,1.509,5.516,6.832,3.481,17.197,32.538,51.244,300
uav0000073_04464_v,1920x1080,180,1.512,5.533,6.874,3.494,17.267,31.621,50.399,300
uav0000073_04464_v,1920x1080,181,1.486,5.52,6.864,3.524,17.256,30.829,49.571,300
uav0000073_04464_v,1920x1080,182,1.492,5.576,6.867,3.471,17.286,30.749,49.528,300
uav0000073_04464_v,1920x1080,183,1.523,5.474,6.828,3.444,17.061,31.721,50.305,300
uav0000073_04464_v,1920x1080,184,1.463,5.548,6.911,3.511,17.39,31.721,50.574,300
uav0000073_04464_v,1920x1080,185,1.482,5.532,6.87,3.536,17.258,30.82,49.56,300
uav0000073_04464_v,1920x1080,186,1.513,5.573,6.872,3.474,17.291,30.278,49.083,300
uav0000073_04464_v,1920x1080,187,1.558,5.5,6.834,3.475,17.154,30.816,49.529,300
uav0000073_04464_v,1920x1080,188,1.485,5.507,6.886,3.495,17.215,29.946,48.646,300
uav0000073_04464_v,1920x1080,189,1.483,5.489,6.852,3.459,17.14,29.899,48.522,300
uav0000073_04464_v,1920x1080,190,1.451,5.535,6.901,3.633,17.465,29.426,48.342,300
uav0000073_04464_v,1920x1080,191,1.496,5.46,6.824,3.407,17.051,30.222,48.768,300
uav0000073_04464_v,1920x1080,192,1.564,5.498,6.854,3.468,17.157,29.705,48.426,300
uav0000073_04464_v,1920x1080,193,1.488,5.548,6.866,3.542,17.292,31.133,49.913,300
uav0000073_04464_v,1920x1080,194,1.481,5.593,6.858,3.48,17.316,30.775,49.572,300
uav0000073_04464_v,1920x1080,195,1.548,5.497,6.845,3.475,17.175,30.456,49.179,300
uav0000073_04464_v,1920x1080,196,1.451,5.541,6.885,3.49,17.28,30.842,49.572,300
uav0000073_04464_v,1920x1080,197,1.494,5.565,6.857,3.387,17.167,32.078,50.739,300
uav0000073_04464_v,1920x1080,198,1.481,5.511,6.861,3.542,17.281,31.37,50.133,300
uav0000073_04464_v,1920x1080,199,1.559,5.621,6.825,3.539,17.325,32.329,51.212,300
uav0000073_04464_v,1920x1080,200,1.48,5.498,6.86,3.485,17.23,31.122,49.832,300
uav0000073_04464_v,1920x1080,201,1.491,5.501,6.874,3.528,17.23,30.566,49.287,300
uav0000073_04464_v,1920x1080,202,1.455,5.506,6.909,3.637,17.43,30.065,48.951,300
uav0000073_04464_v,1920x1080,203,2.315,5.611,6.823,3.676,17.414,29.739,49.468,300
uav0000073_04464_v,1920x1080,204,1.509,5.565,6.857,3.525,17.313,29.199,48.021,300
uav0000073_04464_v,1920x1080,205,1.515,5.507,6.873,3.478,17.181,27.878,46.575,300
uav0000073_04464_v,1920x1080,206,1.484,5.498,6.881,3.502,17.258,27.711,46.453,300
uav0000073_04464_v,1920x1080,207,1.498,5.502,6.829,3.429,17.075,28.362,46.934,300
uav0000073_04464_v,1920x1080,208,1.5,5.485,6.878,3.57,17.27,28.867,47.637,300
uav0000073_04464_v,1920x1080,209,1.498,5.514,6.869,3.548,17.24,29.099,47.837,300
uav0000073_04464_v,1920x1080,210,1.485,5.504,6.868,3.411,17.106,28.608,47.199,300
uav0000073_04464_v,1920x1080,211,1.547,5.522,6.835,3.504,17.199,28.751,47.498,300
uav0000073_04464_v,1920x1080,212,1.48,5.497,6.852,3.435,17.166,29.174,47.82,300
uav0000073_04464_v,1920x1080,213,1.479,5.491,6.871,3.45,17.238,29.344,48.061,300
uav0000073_04464_v,1920x1080,214,1.477,5.527,6.895,3.523,17.327,28.504,47.308,300
uav0000073_04464_v,1920x1080,215,1.453,5.53,6.818,3.47,17.195,28.567,47.216,300
uav0000073_04464_v,1920x1080,216,1.489,5.54,6.834,3.431,17.136,27.804,46.429,300
uav0000073_04464_v,1920x1080,217,1.494,5.531,6.865,3.437,17.174,28.496,47.164,300
uav0000073_04464_v,1920x1080,218,1.487,5.534,6.861,3.532,17.285,27.715,46.488,300
uav0000073_04464_v,1920x1080,219,1.507,5.485,6.83,3.445,17.087,27.743,46.337,300
uav0000073_04464_v,1920x1080,220,1.481,5.489,6.875,3.552,17.259,29.482,48.222,300
uav0000073_04464_v,1920x1080,221,1.475,5.495,6.872,3.519,17.217,29.834,48.525,300
uav0000073_04464_v,1920x1080,222,1.483,5.495,6.861,3.514,17.207,28.59,47.28,300
uav0000073_04464_v,1920x1080,223,1.523,5.511,6.833,3.532,17.239,27.503,46.265,300
uav0000073_04464_v,1920x1080,224,1.495,5.523,6.847,3.456,17.208,26.794,45.497,300
uav0000073_04464_v,1920x1080,225,1.524,5.512,6.878,3.894,17.642,27.451,46.617,300
uav0000073_04464_v,1920x1080,226,1.462,5.518,6.895,3.589,17.44,27.45,46.352,300
uav0000073_04464_v,1920x1080,227,1.5,5.525,6.83,3.416,17.119,27.781,46.399,300
uav0000073_04464_v,1920x1080,228,1.536,5.599,6.848,3.461,17.257,27.194,45.987,300
uav0000073_04464_v,1920x1080,229,1.483,5.514,6.877,3.442,17.202,27.676,46.36,300
uav0000073_04464_v,1920x1080,230,1.52,5.798,6.859,3.525,17.529,27.012,46.06,300
uav0000073_04464_v,1920x1080,231,2.255,5.517,6.826,3.694,17.423,28.331,48.009,300
uav0000073_04464_v,1920x1080,232,1.457,5.549,6.869,3.619,17.409,29.392,48.258,300
uav0000073_04464_v,1920x1080,233,1.463,5.542,6.857,3.423,17.163,29.764,48.39,300
uav0000073_04464_v,1920x1080,234,1.477,5.571,6.868,3.46,17.272,30.444,49.194,300
uav0000073_04464_v,1920x1080,235,1.517,5.612,6.832,3.388,17.183,30.229,48.93,300
uav0000073_04464_v,1920x1080,236,1.5,5.567,6.856,3.511,17.308,29.298,48.106,300
uav0000073_04464_v,1920x1080,237,1.481,5.583,6.875,3.447,17.256,29.255,47.992,300
uav0000073_04464_v,1920x1080,238,1.455,5.492,6.902,3.534,17.31,28.755,47.521,300
uav0000073_04464_v,1920x1080,239,1.493,5.483,6.837,3.406,17.047,28.859,47.399,300
uav0000073_04464_v,1920x1080,240,1.485,5.49,6.858,3.371,17.057,28.222,46.764,300
uav0000073_04464_v,1920x1080,241,1.487,5.488,6.862,3.445,17.138,28.539,47.164,300
uav0000073_04464_v,1920x1080,242,1.491,5.561,6.886,3.445,17.26,29.021,47.772,300
uav0000073_04464_v,1920x1080,243,1.47,5.488,6.833,3.442,17.091,28.425,46.986,300
uav0000073_04464_v,1920x1080,244,1.542,5.453,6.836,3.462,17.102,28.54,47.184,300
uav0000073_04464_v,1920x1080,245,1.518,5.478,6.828,3.448,17.07,29.481,48.068,300
uav0000073_04464_v,1920x1080,246,1.499,5.51,6.857,3.374,17.075,30.317,48.891,300
uav0000073_04464_v,1920x1080,247,1.477,5.573,6.865,3.457,17.248,30.681,49.406,300
uav0000073_04464_v,1920x1080,248,1.472,5.516,6.87,3.429,17.192,28.869,47.533,300
uav0000073_04464_v,1920x1080,249,1.513,5.573,6.834,3.399,17.194,28.977,47.685,300
uav0000073_04464_v,1920x1080,250,1.497,5.531,6.893,3.544,17.349,28.998,47.844,300
uav0000073_04464_v,1920x1080,251,1.474,5.506,6.861,3.377,17.053,29.063,47.59,300
uav0000073_04464_v,1920x1080,252,1.47,5.516,6.855,3.391,17.093,29.003,47.566,300
uav0000073_04464_v,1920x1080,253,1.504,5.487,6.861,3.437,17.128,28.572,47.204,300
uav0000073_04464_v,1920x1080,254,1.504,5.525,6.848,3.465,17.179,28.374,47.057,300
uav0000073_04464_v,1920x1080,255,1.522,5.58,6.866,3.407,17.214,28.296,47.033,300
uav0000073_04464_v,1920x1080,256,1.464,5.531,6.894,3.512,17.338,27.77,46.572,300
uav0000073_04464_v,1920x1080,257,2.113,5.458,6.864,3.696,17.403,29.256,48.772,300
uav0000073_04464_v,1920x1080,258,1.481,5.486,6.833,3.367,17.028,29.883,48.392,300
uav0000073_04464_v,1920x1080,259,1.48,5.556,6.863,3.418,17.195,28.986,47.661,300
uav0000073_04464_v,1920x1080,260,1.482,5.59,6.883,3.431,17.256,28.953,47.691,300
uav0000073_04464_v,1920x1080,261,1.493,5.48,6.871,3.503,17.195,27.914,46.602,300
uav0000073_04464_v,1920x1080,262,1.469,5.511,6.878,3.514,17.259,29.34,48.068,300
uav0000073_04464_v,1920x1080,263,1.482,5.478,6.864,3.439,17.098,28.962,47.543,300
uav0000073_04464_v,1920x1080,264,1.499,5.477,6.896,3.531,17.239,28.134,46.871,300
uav0000073_04464_v,1920x1080,265,1.522,5.494,6.836,3.367,17.03,28.496,47.048,300
uav0000073_04464_v,1920x1080,266,1.471,5.47,6.906,3.471,17.223,28.484,47.177,300
uav0000073_04464_v,1920x1080,267,1.503,5.473,6.856,3.39,17.042,28.6,47.145,300
uav0000073_04464_v,1920x1080,268,1.435,5.484,6.905,3.492,17.223,27.943,46.601,300
uav0000073_04464_v,1920x1080,269,1.53,5.509,6.837,3.417,17.083,28.052,46.665,300
uav0000073_04464_v,1920x1080,270,1.485,5.472,6.854,3.406,17.092,27.14,45.716,300
uav0000073_04464_v,1920x1080,271,1.527,5.467,6.875,3.389,17.092,27.325,45.944,300
uav0000073_04464_v,1920x1080,272,1.474,5.481,6.878,3.477,17.189,27.84,46.503,300
uav0000073_04464_v,1920x1080,273,1.504,5.469,6.844,3.438,17.098,28.097,46.698,300
uav0000073_04464_v,1920x1080,274,1.446,5.453,6.873,3.464,17.184,28.473,47.102,300
uav0000073_04464_v,1920x1080,275,1.466,5.504,6.871,3.41,17.16,27.916,46.541,300
uav0000073_04464_v,1920x1080,276,1.483,5.479,6.865,3.406,17.083,27.519,46.085,300
uav0000073_04464_v,1920x1080,277,1.487,5.466,6.836,3.401,17.062,27.514,46.063,300
uav0000073_04464_v,1920x1080,278,1.497,5.452,6.879,3.436,17.11,27.78,46.386,300
uav0000073_04464_v,1920x1080,279,1.516,5.512,6.865,3.414,17.163,28.745,47.424,300
uav0000073_04464_v,1920x1080,280,1.455,5.483,6.915,3.571,17.372,27.96,46.787,300
uav0000073_04464_v,1920x1080,281,1.494,5.454,6.843,3.479,17.112,29.055,47.661,300
uav0000073_04464_v,1920x1080,282,1.479,5.475,6.865,3.524,17.216,29.008,47.703,300
uav0000073_04464_v,1920x1080,283,1.483,5.482,6.875,3.468,17.145,29.441,48.069,300
uav0000073_04464_v,1920x1080,284,1.502,5.47,6.893,3.43,17.122,29.784,48.408,300
uav0000073_04464_v,1920x1080,285,1.521,5.494,6.862,3.553,17.267,30.546,49.334,300
uav0000073_04464_v,1920x1080,286,1.821,5.481,6.883,3.496,17.206,31.134,50.161,300
uav0000073_04464_v,1920x1080,287,1.502,5.471,6.882,3.467,17.151,31.065,49.718,300
uav0000073_04464_v,1920x1080,288,1.492,5.504,6.866,3.481,17.231,31.507,50.231,300
uav0000073_04464_v,1920x1080,289,1.489,5.48,6.845,3.513,17.191,30.656,49.336,300
uav0000073_04464_v,1920x1080,290,1.482,5.5,6.849,3.344,17.132,29.532,48.146,300
uav0000073_04464_v,1920x1080,291,1.481,5.498,6.866,3.47,17.263,29.817,48.561,300
uav0000073_04464_v,1920x1080,292,1.48,5.506,6.903,3.565,17.336,29.628,48.444,300
uav0000073_04464_v,1920x1080,293,1.501,5.501,6.839,3.423,17.08,29.873,48.454,300
uav0000073_04464_v,1920x1080,294,1.517,5.489,6.86,3.448,17.13,29.69,48.337,300
uav0000073_04464_v,1920x1080,295,1.477,5.511,6.872,3.456,17.162,29.202,47.841,300
uav0000073_04464_v,1920x1080,296,1.488,5.495,6.905,3.495,17.267,28.956,47.711,300
uav0000073_04464_v,1920x1080,297,1.514,5.486,6.823,3.45,17.091,29.212,47.816,300
uav0000073_04464_v,1920x1080,298,1.465,5.522,6.877,3.518,17.285,29.922,48.672,300
uav0000073_04464_v,1920x1080,299,1.456,5.495,6.889,3.497,17.21,29.729,48.394,300
uav0000073_04464_v,1920x1080,300,1.452,5.43,6.867,3.475,17.116,30.105,48.673,300
uav0000073_04464_v,1920x1080,301,1.491,5.54,6.846,3.474,17.214,29.588,48.293,300
uav0000073_04464_v,1920x1080,302,1.478,5.52,6.85,3.398,17.141,29.425,48.044,300
uav0000073_04464_v,1920x1080,303,1.477,5.519,6.859,3.389,17.16,30.003,48.64,300
uav0000073_04464_v,1920x1080,304,1.162,5.506,6.894,3.505,17.294,30.589,49.045,300
uav0000073_04464_v,1920x1080,305,1.483,5.505,6.858,3.459,17.171,30.434,49.087,300
uav0000073_04464_v,1920x1080,306,1.143,5.456,6.817,3.383,17.027,29.501,47.671,300
uav0000073_04464_v,1920x1080,307,1.104,5.435,6.791,3.447,16.999,28.214,46.317,300
uav0000073_04464_v,1920x1080,308,1.135,5.454,6.814,3.409,17.003,28.266,46.404,300
uav0000073_04464_v,1920x1080,309,1.096,5.431,6.815,3.446,16.991,29.247,47.334,300
uav0000073_04464_v,1920x1080,310,1.106,5.535,6.857,3.465,17.179,29.789,48.074,300
uav0000073_04464_v,1920x1080,311,1.096,5.532,6.831,3.439,17.166,28.997,47.259,300
uav0000073_04464_v,1920x1080,312,1.04,5.406,6.811,3.509,17.022,30.488,48.55,300
uav0000077_00720_v,1360x766,1,32.632,5.767,6.909,3.392,17.554,7.245,57.432,131
uav0000077_00720_v,1360x766,2,4.843,5.461,6.876,3.251,16.96,10.19,31.993,143
uav0000077_00720_v,1360x766,3,4.445,5.383,6.828,3.224,16.699,10.378,31.523,155
uav0000077_00720_v,1360x766,4,0.887,5.413,6.837,3.186,16.706,10.171,27.764,177
uav0000077_00720_v,1360x766,5,0.903,5.369,6.884,3.389,16.898,10.317,28.119,197
uav0000077_00720_v,1360x766,6,0.863,5.39,6.84,3.206,16.66,10.586,28.108,212
uav0000077_00720_v,1360x766,7,0.92,5.396,6.799,3.188,16.644,10.551,28.115,197
uav0000077_00720_v,1360x766,8,0.895,5.368,6.863,3.205,16.701,10.884,28.479,171
uav0000077_00720_v,1360x766,9,0.849,5.366,6.858,3.251,16.699,10.873,28.422,182
uav0000077_00720_v,1360x766,10,0.85,5.392,6.823,3.305,16.734,11.184,28.768,234
uav0000077_00720_v,1360x766,11,0.875,5.385,6.828,3.272,16.78,10.777,28.432,202
uav0000077_00720_v,1360x766,12,0.853,5.445,6.83,3.39,16.903,11.226,28.982,210
uav0000077_00720_v,1360x766,13,0.943,5.395,6.852,3.096,16.613,10.745,28.301,192
uav0000077_00720_v,1360x766,14,0.852,5.373,6.874,3.33,16.819,11.044,28.716,197
uav0000077_00720_v,1360x766,15,0.876,5.368,6.813,3.181,16.595,10.794,28.265,208
uav0000077_00720_v,1360x766,16,0.846,5.377,6.836,3.229,16.669,10.444,27.959,172
uav0000077_00720_v,1360x766,17,1.459,5.358,6.901,3.474,17.094,10.638,29.192,169
uav0000077_00720_v,1360x766,18,0.846,5.375,6.844,3.322,16.767,10.225,27.838,199
uav0000077_00720_v,1360x766,19,0.878,5.392,6.823,3.202,16.646,10.156,27.68,202
uav0000077_00720_v,1360x766,20,0.86,5.407,6.847,3.317,16.838,10.667,28.364,200
uav0000077_00720_v,1360x766,21,0.836,5.379,6.863,3.233,16.666,10.556,28.059,223
uav0000077_00720_v,1360x766,22,0.857,5.403,6.847,3.288,16.766,10.508,28.131,208
uav0000077_00720_v,1360x766,23,0.869,5.398,6.827,3.229,16.708,10.629,28.206,170
uav0000077_00720_v,1360x766,24,0.852,5.444,6.843,3.216,16.723,11.136,28.711,178
uav0000077_00720_v,1360x766,25,0.861,5.398,6.851,3.151,16.756,10.752,28.369,163
uav0000077_00720_v,1360x766,26,0.895,5.365,6.859,3.394,16.849,10.568,28.311,170
uav0000077_00720_v,1360x766,27,0.873,5.362,6.82,3.274,16.705,10.876,28.454,177
uav0000077_00720_v,1360x766,28,0.842,5.405,6.836,3.412,16.881,10.65,28.373,167
uav0000077_00720_v,1360x766,29,0.867,5.432,6.861,3.313,16.844,10.843,28.554,184
uav0000077_00720_v,1360x766,30,0.855,5.37,6.891,3.298,16.777,10.435,28.068,182
uav0000077_00720_v,1360x766,31,0.886,5.373,6.815,3.213,16.665,10.816,28.366,159
uav0000077_00720_v,1360x766,32,0.849,5.4,6.841,3.297,16.788,11.3,28.936,179
uav0000077_00720_v,1360x766,33,0.842,5.366,6.869,3.159,16.702,10.875,28.418,182
uav0000077_00720_v,1360x766,34,0.924,5.389,6.836,3.321,16.769,11.22,28.913,167
uav0000077_00720_v,1360x766,35,0.863,5.397,6.824,3.191,16.685,10.77,28.318,192
uav0000077_00720_v,1360x766,36,0.853,5.39,6.826,3.172,16.633,10.773,28.259,199
uav0000077_00720_v,1360x766,37,0.865,5.385,6.857,3.176,16.659,11.061,28.586,185
uav0000077_00720_v,1360x766,38,0.838,5.389,6.867,3.253,16.74,10.896,28.475,185
uav0000077_00720_v,1360x766,39,0.861,5.364,6.818,3.262,16.68,10.954,28.495,159
uav0000077_00720_v,1360x766,40,0.836,5.459,6.834,3.168,16.744,10.523,28.103,180
uav0000077_00720_v,1360x766,41,0.851,5.432,6.861,3.114,16.673,10.995,28.52,188
uav0000077_00720_v,1360x766,42,0.895,5.374,6.847,3.139,16.662,10.993,28.551,195
uav0000077_00720_v,1360x766,43,0.893,5.395,6.811,3.299,16.78,10.973,28.647,183
uav0000077_00720_v,1360x766,44,0.862,5.365,6.855,3.254,16.743,11.582,29.187,176
uav0000077_00720_v,1360x766,45,0.86,5.356,6.872,3.16,16.596,11.522,28.977,166
uav0000077_00720_v,1360x766,46,0.858,5.418,6.845,3.121,16.628,11.281,28.767,183
uav0000077_00720_v,1360x766,47,0.918,5.367,6.836,3.303,16.781,11.154,28.852,187
uav0000077_00720_v,1360x766,48,0.855,5.403,6.832,3.213,16.675,11.527,29.057,175
uav0000077_00720_v,1360x766,49,0.867,5.399,6.845,3.349,16.83,11.103,28.801,182
uav0000077_00720_v,1360x766,50,0.866,5.44,6.853,3.199,16.718,11.166,28.75,176
uav0000077_00720_v,1360x766,51,1.59,5.361,6.817,3.467,16.874,11.274,29.737,151
uav0000077_00720_v,1360x766,52,0.855,5.382,6.824,3.219,16.66,10.08,27.596,178
uav0000077_00720_v,1360x766,53,0.858,5.365,6.861,3.207,16.629,9.71,27.197,196
uav0000077_00720_v,1360x766,54,0.914,5.399,6.839,3.237,16.689,9.93,27.533,164
uav0000077_00720_v,1360x766,55,0.957,5.389,6.81,3.354,16.803,10.369,28.13,153
uav0000077_00720_v,1360x766,56,0.925,5.362,6.841,3.201,16.664,10.687,28.276,165
uav0000077_00720_v,1360x766,57,0.896,5.366,6.855,3.27,16.698,10.714,28.308,170
uav0000077_00720_v,1360x766,58,0.849,5.398,6.838,3.22,16.663,11.54,29.053,193
uav0000077_00720_v,1360x766,59,0.894,5.386,6.863,3.22,16.695,10.942,28.531,182
uav0000077_00720_v,1360x766,60,0.843,5.398,6.836,3.307,16.756,11.013,28.611,197
uav0000077_00720_v,1360x766,61,0.848,5.474,6.861,3.157,16.712,10.801,28.361,181
uav0000077_00720_v,1360x766,62,0.858,5.36,6.862,3.308,16.844,10.431,28.132,194
uav0000077_00720_v,1360x766,63,0.888,5.36,6.825,3.129,16.614,10.364,27.866,173
uav0000077_00720_v,1360x766,64,0.855,5.384,6.839,3.236,16.807,10.654,28.316,185
uav0000077_00720_v,1360x766,65,0.938,5.357,6.856,3.261,16.717,10.388,28.043,168
uav0000077_00720_v,1360x766,66,0.922,5.406,6.845,3.382,16.852,10.678,28.452,168
uav0000077_00720_v,1360x766,67,0.9,5.406,6.806,3.244,16.691,10.925,28.516,196
uav0000077_00720_v,1360x766,68,0.835,5.378,6.859,3.208,16.691,11.532,29.058,171
uav0000077_00720_v,1360x766,69,0.855,5.359,6.861,3.183,16.599,11.382,28.835,179
uav0000077_00720_v,1360x766,70,0.832,5.443,6.835,3.171,16.647,10.937,28.416,158
uav0000077_00720_v,1360x766,71,0.87,5.349,6.829,3.262,16.738,10.732,28.341,178
uav0000077_00720_v,1360x766,72,0.9,5.387,6.837,3.177,16.68,11.031,28.612,175
uav0000077_00720_v,1360x766,73,0.887,5.387,6.851,3.299,16.804,10.555,28.246,176
uav0000077_00720_v,1360x766,74,0.846,5.35,6.86,3.198,16.624,10.895,28.364,185
uav0000077_00720_v,1360x766,75,0.86,5.339,6.835,3.329,16.737,10.982,28.579,190
uav0000077_00720_v,1360x766,76,0.854,5.384,6.868,3.173,16.648,10.909,28.41,198
uav0000077_00720_v,1360x766,77,0.859,5.376,6.857,3.3,16.744,10.125,27.728,162
uav0000077_00720_v,1360x766,78,0.842,5.387,6.816,3.125,16.555,9.555,26.952,185
uav0000077_00720_v,1360x766,79,0.853,5.399,6.841,3.205,16.677,10.464,27.994,179
uav0000077_00720_v,1360x766,80,0.853,5.357,6.84,3.199,16.64,10.974,28.468,169
uav0000077_00720_v,1360x766,81,0.844,5.375,6.855,3.177,16.617,10.786,28.247,187
uav0000077_00720_v,1360x766,82,0.87,5.386,6.851,3.301,16.772,10.884,28.526,174
uav0000077_00720_v,1360x766,83,0.874,5.37,6.86,3.227,16.694,10.803,28.37,168
uav0000077_00720_v,1360x766,84,0.875,5.41,6.815,3.247,16.691,11.148,28.714,194
uav0000077_00720_v,1360x766,85,0.878,5.378,6.84,3.149,16.724,11.604,29.206,208
uav0000077_00720_v,1360x766,86,1.409,5.374,7.065,3.28,17.076,11.929,30.415,241
uav0000077_00720_v,1360x766,87,0.843,5.395,6.878,3.262,16.812,12.412,30.066,241
uav0000077_00720_v,1360x766,88,0.88,5.377,6.822,3.191,16.622,12.63,30.131,264
uav0000077_00720_v,1360x766,89,0.881,5.359,6.841,3.243,16.771,13.099,30.751,257
uav0000077_00720_v,1360x766,90,0.861,5.386,6.843,3.253,16.691,13.646,31.198,266
uav0000077_00720_v,1360x766,91,0.863,5.405,6.84,3.338,16.847,13.797,31.507,300
uav0000077_00720_v,1360x766,92,0.89,5.36,6.835,3.286,16.72,14.522,32.132,297
uav0000077_00720_v,1360x766,93,0.848,5.383,6.834,3.353,16.845,15.11,32.804,283
uav0000077_00720_v,1360x766,94,0.88,5.37,6.829,3.327,16.77,16.411,34.061,300
uav0000077_00720_v,1360x766,95,0.869,5.354,6.856,3.341,16.779,16.362,34.01,293
uav0000077_00720_v,1360x766,96,0.884,5.387,6.803,3.241,16.669,17.029,34.582,291
uav0000077_00720_v,1360x766,97,0.878,5.409,6.845,3.319,16.839,15.924,33.641,293
uav0000077_00720_v,1360x766,98,0.868,5.373,6.86,3.383,16.876,15.241,32.984,300
uav0000077_00720_v,1360x766,99,0.842,5.365,6.846,3.324,16.871,15.301,33.014,271
uav0000077_00720_v,1360x766,100,0.893,5.389,6.811,3.366,16.838,16.387,34.118,300
uav0000077_00720_v,1360x766,101,0.87,5.4,6.843,3.366,16.861,15.563,33.293,264
uav0000077_00720_v,1360x766,102,0.88,5.382,6.836,3.24,16.697,15.613,33.19,242
uav0000077_00720_v,1360x766,103,0.861,5.403,6.84,3.287,16.788,15.509,33.158,284
uav0000077_00720_v,1360x766,104,0.89,5.367,6.825,3.302,16.773,15.024,32.687,232
uav0000077_00720_v,1360x766,105,0.857,5.421,6.84,3.255,16.805,14.649,32.311,225
uav0000077_00720_v,1360x766,106,0.854,5.387,6.832,3.179,16.739,16.16,33.753,259
uav0000077_00720_v,1360x766,107,0.856,5.392,6.843,3.41,16.904,15.888,33.647,293
uav0000077_00720_v,1360x766,108,0.878,5.435,6.877,3.198,16.763,15.105,32.747,275
uav0000077_00720_v,1360x766,109,0.923,5.391,6.841,3.317,16.771,15.015,32.709,255
uav0000077_00720_v,1360x766,110,0.872,5.369,6.862,3.247,16.716,15.191,32.778,246
uav0000077_00720_v,1360x766,111,0.849,5.379,6.859,3.281,16.738,15.515,33.103,240
uav0000077_00720_v,1360x766,112,0.859,5.4,6.814,3.292,16.733,15.689,33.281,242
uav0000077_00720_v,1360x766,113,0.921,5.345,6.844,3.366,16.799,15.528,33.248,245
uav0000077_00720_v,1360x766,114,0.868,5.408,6.845,3.301,16.817,16.197,33.881,226
uav0000077_00720_v,1360x766,115,0.868,5.447,6.846,3.199,16.79,15.927,33.585,242
uav0000077_00720_v,1360x766,116,0.861,5.375,6.819,3.285,16.742,15.627,33.231,245
uav0000077_00720_v,1360x766,117,0.862,5.359,6.839,3.351,16.826,15.74,33.428,246
uav0000077_00720_v,1360x766,118,0.854,5.365,6.828,3.181,16.691,15.341,32.886,204
uav0000077_00720_v,1360x766,119,0.884,5.376,6.84,3.341,16.778,14.743,32.404,208
uav0000077_00720_v,1360x766,120,0.879,5.382,6.809,3.204,16.632,15.565,33.076,204
uav0000077_00720_v,1360x766,121,0.884,5.41,6.834,3.275,16.781,15.906,33.571,208
uav0000077_00720_v,1360x766,122,0.871,5.357,6.849,3.217,16.735,15.714,33.32,243
uav0000077_00720_v,1360x766,123,0.851,5.368,6.84,3.225,16.627,15.301,32.779,204
uav0000077_00720_v,1360x766,124,0.855,5.365,6.807,3.226,16.61,15.097,32.561,200
uav0000077_00720_v,1360x766,125,0.854,5.361,6.843,3.327,16.776,15.633,33.263,222
uav0000077_00720_v,1360x766,126,0.854,5.366,6.828,3.273,16.788,15.787,33.428,266
uav0000077_00720_v,1360x766,127,0.873,5.394,6.841,3.278,16.773,16.07,33.717,227
uav0000077_00720_v,1360x766,128,0.869,5.442,6.842,3.238,16.777,15.246,32.892,213
uav0000077_00720_v,1360x766,129,0.855,5.366,6.854,3.341,16.871,15.12,32.846,227
uav0000077_00720_v,1360x766,130,0.892,5.384,6.832,3.244,16.662,15.152,32.706,222
uav0000077_00720_v,1360x766,131,0.848,5.382,6.854,3.353,16.822,14.795,32.466,222
uav0000077_00720_v,1360x766,132,0.873,5.382,6.844,3.182,16.646,15.188,32.707,203
uav0000077_00720_v,1360x766,133,0.868,5.396,6.824,3.252,16.703,14.999,32.571,197
uav0000077_00720_v,1360x766,134,0.846,5.399,6.863,3.321,16.9,15.03,32.775,201
uav0000077_00720_v,1360x766,135,0.883,5.356,6.852,3.248,16.702,14.638,32.223,191
uav0000077_00720_v,1360x766,136,0.892,5.36,6.808,3.323,16.727,15.095,32.714,220
uav0000077_00720_v,1360x766,137,0.857,5.36,6.845,3.288,16.734,14.923,32.515,203
uav0000077_00720_v,1360x766,138,0.828,5.377,6.829,3.222,16.617,15.889,33.334,189
uav0000077_00720_v,1360x766,139,0.884,5.432,6.855,3.22,16.719,14.708,32.311,204
uav0000077_00720_v,1360x766,140,0.862,5.4,6.828,3.11,16.589,14.864,32.316,187
uav0000077_00720_v,1360x766,141,0.882,5.341,6.811,3.161,16.585,15.062,32.529,210
uav0000077_00720_v,1360x766,142,0.858,5.382,6.819,3.224,16.645,14.19,31.693,222
uav0000077_00720_v,1360x766,143,0.954,5.372,6.813,3.191,16.588,14.456,31.999,178
uav0000077_00720_v,1360x766,144,0.927,5.388,6.815,3.256,16.697,14.753,32.377,188
uav0000077_00720_v,1360x766,145,0.903,5.441,6.847,3.223,16.776,14.65,32.329,195
uav0000077_00720_v,1360x766,146,0.886,5.383,6.869,3.51,17.017,13.998,31.901,215
uav0000077_00720_v,1360x766,147,0.86,5.356,6.853,3.148,16.522,13.137,30.519,171
uav0000077_00720_v,1360x766,148,0.849,5.423,6.814,3.063,16.483,11.126,28.457,195
uav0000077_00720_v,1360x766,149,0.941,5.362,6.83,3.109,16.527,9.772,27.24,160
uav0000077_00720_v,1360x766,150,0.844,5.458,6.819,3.152,16.629,9.639,27.113,144
uav0000077_00720_v,1360x766,151,0.842,5.424,6.825,3.13,16.586,11.802,29.23,158
uav0000077_00720_v,1360x766,152,0.889,5.325,6.81,3.235,16.669,12.812,30.37,153
uav0000077_00720_v,1360x766,153,0.837,5.335,6.874,3.175,16.565,12.654,30.056,145
uav0000077_00720_v,1360x766,154,0.908,5.378,6.824,3.254,16.641,13.197,30.746,151
uav0000077_00720_v,1360x766,155,0.867,5.38,6.85,3.136,16.57,13.622,31.06,175
uav0000077_00720_v,1360x766,156,0.87,5.394,6.852,3.121,16.564,13.72,31.153,158
uav0000077_00720_v,1360x766,157,0.883,5.383,6.834,3.191,16.628,14.402,31.913,154
uav0000077_00720_v,1360x766,158,0.873,5.377,6.844,3.29,16.727,13.865,31.465,164
uav0000077_00720_v,1360x766,159,0.891,5.342,6.832,3.179,16.536,13.508,30.936,163
uav0000077_00720_v,1360x766,160,0.883,5.356,6.802,3.418,16.874,13.609,31.367,166
uav0000077_00720_v,1360x766,161,0.877,5.428,6.843,3.279,16.783,13.371,31.03,152
uav0000077_00720_v,1360x766,162,5.194,5.376,6.833,3.119,16.535,13.929,35.658,164
uav0000077_00720_v,1360x766,163,6.65,5.341,6.847,3.183,16.697,14.462,37.809,162
uav0000077_00720_v,1360x766,164,0.884,5.325,6.813,3.159,16.629,13.56,31.073,152
uav0000077_00720_v,1360x766,165,0.857,5.336,6.838,3.256,16.636,13.537,31.03,129
uav0000077_00720_v,1360x766,166,1.154,5.38,6.829,3.152,16.642,13.688,31.484,146
uav0000077_00720_v,1360x766,167,0.856,5.358,6.84,3.202,16.633,13.95,31.439,156
uav0000077_00720_v,1360x766,168,0.853,5.371,6.806,3.196,16.592,13.528,30.973,145
uav0000077_00720_v,1360x766,169,0.865,5.369,6.832,3.202,16.698,13.856,31.419,166
uav0000077_00720_v,1360x766,170,0.854,5.386,6.871,3.168,16.633,13.873,31.36,193
uav0000077_00720_v,1360x766,171,0.843,5.344,6.827,3.143,16.487,13.367,30.698,161
uav0000077_00720_v,1360x766,172,1.24,5.337,6.802,3.311,16.762,13.07,31.072,167
uav0000077_00720_v,1360x766,173,0.864,5.328,6.844,3.233,16.611,13.103,30.578,159
uav0000077_00720_v,1360x766,174,0.846,5.38,6.829,3.307,16.697,12.831,30.375,188
uav0000077_00720_v,1360x766,175,0.887,5.407,6.831,3.195,16.647,12.469,30.003,189
uav0000077_00720_v,1360x766,176,0.857,5.357,6.823,3.131,16.616,12.405,29.878,153
uav0000077_00720_v,1360x766,177,0.87,5.389,6.847,3.243,16.689,12.516,30.075,172
uav0000077_00720_v,1360x766,178,0.843,5.347,6.826,3.106,16.534,12.596,29.972,199
uav0000077_00720_v,1360x766,179,0.845,5.367,6.854,3.261,16.694,12.387,29.926,194
uav0000077_00720_v,1360x766,180,0.872,5.333,6.816,3.162,16.595,12.027,29.494,179
uav0000077_00720_v,1360x766,181,0.856,5.372,6.842,3.203,16.642,12.277,29.776,170
uav0000077_00720_v,1360x766,182,0.856,5.363,6.86,3.158,16.59,12.366,29.811,166
uav0000077_00720_v,1360x766,183,1.572,5.336,6.831,3.328,16.734,11.936,30.242,189
uav0000077_00720_v,1360x766,184,0.852,5.413,6.812,3.23,16.703,12.019,29.573,162
uav0000077_00720_v,1360x766,185,0.856,5.38,6.85,3.324,16.745,12.853,30.453,177
uav0000077_00720_v,1360x766,186,0.85,5.45,6.82,3.191,16.634,12.3,29.784,166
uav0000077_00720_v,1360x766,187,0.86,5.409,6.831,3.301,16.756,12.211,29.828,171
uav0000077_00720_v,1360x766,188,0.864,5.376,6.834,3.167,16.592,12.064,29.52,168
uav0000077_00720_v,1360x766,189,0.868,5.335,6.842,3.25,16.587,12.25,29.706,159
uav0000077_00720_v,1360x766,190,0.862,5.382,6.826,3.373,16.813,12.217,29.892,156
uav0000077_00720_v,1360x766,191,0.907,5.357,6.839,3.12,16.58,12.362,29.85,153
uav0000077_00720_v,1360x766,192,0.858,5.411,6.849,3.299,16.77,12.754,30.381,173
uav0000077_00720_v,1360x766,193,1.03,5.401,6.854,3.194,16.685,12.454,30.169,173
uav0000077_00720_v,1360x766,194,0.859,5.383,6.843,3.301,16.777,12.566,30.203,180
uav0000077_00720_v,1360x766,195,0.857,5.361,6.833,3.207,16.614,12.393,29.863,184
uav0000077_00720_v,1360x766,196,0.86,5.378,6.805,3.327,16.742,12.081,29.683,185
uav0000077_00720_v,1360x766,197,0.87,5.342,6.828,3.237,16.62,12.33,29.821,183
uav0000077_00720_v,1360x766,198,0.861,5.365,6.828,3.295,16.714,12.333,29.909,172
uav0000077_00720_v,1360x766,199,0.92,5.374,6.839,3.284,16.769,12.549,30.238,189
uav0000077_00720_v,1360x766,200,0.872,5.356,6.81,3.269,16.674,11.7,29.247,176
uav0000077_00720_v,1360x766,201,0.85,5.331,6.826,3.149,16.616,11.901,29.367,165
uav0000077_00720_v,1360x766,202,0.847,5.356,6.831,3.263,16.666,12.087,29.6,164
uav0000077_00720_v,1360x766,203,0.849,5.39,6.847,3.207,16.659,12.411,29.919,210
uav0000077_00720_v,1360x766,204,1.47,5.366,6.815,3.416,16.963,12.517,30.95,206
uav0000077_00720_v,1360x766,205,0.867,5.372,6.833,3.166,16.691,11.708,29.266,195
uav0000077_00720_v,1360x766,206,0.838,5.377,6.855,3.264,16.733,11.675,29.246,174
uav0000077_00720_v,1360x766,207,0.841,5.347,6.847,3.139,16.525,11.566,28.932,180
uav0000077_00720_v,1360x766,208,0.882,5.424,6.809,3.261,16.777,11.86,29.52,166
uav0000077_00720_v,1360x766,209,0.844,5.367,6.842,3.176,16.635,12.044,29.522,172
uav0000077_00720_v,1360x766,210,0.834,5.388,6.864,3.312,16.837,11.797,29.468,158
uav0000077_00720_v,1360x766,211,0.954,5.401,6.834,3.176,16.674,12.061,29.689,186
uav0000077_00720_v,1360x766,212,0.877,5.375,6.828,3.182,16.628,12.184,29.689,165
uav0000077_00720_v,1360x766,213,0.838,5.375,6.841,3.198,16.663,11.304,28.805,159
uav0000077_00720_v,1360x766,214,0.863,5.356,6.834,3.195,16.609,11.769,29.24,167
uav0000077_00720_v,1360x766,215,0.876,5.348,6.859,3.213,16.646,12.235,29.757,175
uav0000077_00720_v,1360x766,216,0.879,5.403,6.83,3.211,16.668,11.347,28.893,172
uav0000077_00720_v,1360x766,217,0.895,5.373,6.825,3.193,16.635,12.332,29.861,144
uav0000077_00720_v,1360x766,218,0.863,5.394,6.857,3.343,16.802,12.439,30.104,162
uav0000077_00720_v,1360x766,219,0.881,5.347,6.85,3.186,16.561,12.022,29.464,150
uav0000077_00720_v,1360x766,220,0.865,5.364,6.811,3.164,16.516,11.501,28.882,166
uav0000077_00720_v,1360x766,221,0.875,5.356,6.859,3.336,16.778,11.881,29.534,160
uav0000077_00720_v,1360x766,222,0.865,5.368,6.836,3.215,16.631,12.329,29.825,149
uav0000077_00720_v,1360x766,223,0.884,5.367,6.813,3.165,16.563,12.734,30.181,156
uav0000077_00720_v,1360x766,224,0.87,5.352,6.852,3.291,16.711,12.85,30.431,144
uav0000077_00720_v,1360x766,225,0.844,5.338,6.849,3.206,16.583,11.76,29.187,160
uav0000077_00720_v,1360x766,226,0.894,5.391,6.83,3.117,16.566,11.504,28.964,156
uav0000077_00720_v,1360x766,227,0.881,5.353,6.822,3.12,16.528,11.124,28.534,131
uav0000077_00720_v,1360x766,228,0.873,5.442,6.842,3.375,16.976,12.408,30.257,160
uav0000077_00720_v,1360x766,229,0.905,5.399,6.847,3.298,16.816,11.944,29.665,161
uav0000077_00720_v,1360x766,230,0.848,5.371,6.867,3.17,16.617,11.453,28.918,158
uav0000077_00720_v,1360x766,231,0.884,5.34,6.806,3.28,16.615,11.394,28.893,152
uav0000077_00720_v,1360x766,232,0.857,5.429,6.808,3.176,16.678,11.652,29.188,145
uav0000077_00720_v,1360x766,233,0.916,5.361,6.872,3.255,16.695,11.125,28.736,153
uav0000077_00720_v,1360x766,234,0.878,5.367,6.839,3.169,16.57,10.77,28.218,145
uav0000077_00720_v,1360x766,235,0.897,5.39,6.804,3.175,16.598,10.6,28.095,143
uav0000077_00720_v,1360x766,236,0.872,5.382,6.868,3.207,16.674,10.16,27.706,148
uav0000077_00720_v,1360x766,237,0.871,5.341,6.847,3.308,16.676,11.513,29.06,144
uav0000077_00720_v,1360x766,238,0.887,5.369,6.833,3.177,16.567,11.233,28.687,147
uav0000077_00720_v,1360x766,239,1.683,5.339,6.903,3.22,16.679,12.064,30.427,153
uav0000077_00720_v,1360x766,240,0.825,5.4,6.871,3.223,16.72,12.239,29.785,151
uav0000077_00720_v,1360x766,241,0.893,5.378,6.823,3.123,16.634,12.874,30.402,148
uav0000077_00720_v,1360x766,242,0.858,5.416,6.858,3.154,16.613,11.855,29.326,153
uav0000077_00720_v,1360x766,243,0.876,5.343,6.809,3.212,16.636,11.657,29.17,145
uav0000077_00720_v,1360x766,244,0.899,5.377,6.826,3.224,16.633,11.505,29.037,157
uav0000077_00720_v,1360x766,245,0.861,5.399,6.873,3.29,16.776,11.838,29.475,147
uav0000077_00720_v,1360x766,246,0.865,5.412,6.85,3.158,16.664,11.815,29.344,148
uav0000077_00720_v,1360x766,247,0.932,5.399,6.817,3.241,16.68,12.066,29.678,130
uav0000077_00720_v,1360x766,248,0.886,5.361,6.85,3.196,16.62,11.776,29.283,136
uav0000077_00720_v,1360x766,249,0.86,5.329,6.859,3.19,16.661,12.609,30.131,144
uav0000077_00720_v,1360x766,250,0.836,5.402,6.83,3.198,16.597,12.403,29.835,133
uav0000077_00720_v,1360x766,251,0.889,5.372,6.822,3.184,16.68,11.568,29.137,136
uav0000077_00720_v,1360x766,252,0.826,5.398,6.825,3.229,16.649,11.589,29.064,157
uav0000077_00720_v,1360x766,253,0.869,5.407,6.882,3.224,16.736,11.872,29.477,116
uav0000077_00720_v,1360x766,254,0.882,5.353,6.866,3.215,16.711,12.0,29.592,137
uav0000077_00720_v,1360x766,255,0.884,5.326,6.811,3.106,16.447,12.196,29.527,138
uav0000077_00720_v,1360x766,256,0.856,5.383,6.831,3.179,16.627,11.508,28.991,133
uav0000077_00720_v,1360x766,257,0.863,5.356,6.858,3.115,16.643,11.134,28.641,130
uav0000077_00720_v,1360x766,258,0.857,5.419,6.851,3.213,16.668,11.571,29.097,142
uav0000077_00720_v,1360x766,259,0.874,5.397,6.82,3.271,16.701,11.386,28.961,129
uav0000077_00720_v,1360x766,260,0.852,5.351,6.846,3.188,16.607,11.763,29.222,133
uav0000077_00720_v,1360x766,261,0.833,5.342,6.851,3.064,16.54,12.197,29.57,138
uav0000077_00720_v,1360x766,262,0.835,5.404,6.826,3.256,16.702,11.831,29.368,129
uav0000077_00720_v,1360x766,263,0.885,5.375,6.821,3.181,16.628,11.482,28.996,132
uav0000077_00720_v,1360x766,264,0.846,5.382,6.828,3.186,16.701,11.624,29.171,131
uav0000077_00720_v,1360x766,265,0.891,5.403,6.841,3.188,16.649,11.342,28.882,130
uav0000077_00720_v,1360x766,266,0.849,5.378,6.896,3.192,16.643,11.848,29.339,136
uav0000077_00720_v,1360x766,267,0.859,5.398,6.844,3.331,16.792,11.914,29.566,134
uav0000077_00720_v,1360x766,268,0.842,5.395,6.824,3.179,16.604,11.633,29.08,139
uav0000077_00720_v,1360x766,269,0.852,5.358,6.882,3.182,16.629,11.955,29.435,149
uav0000077_00720_v,1360x766,270,0.854,5.362,6.842,3.192,16.678,11.466,28.998,133
uav0000077_00720_v,1360x766,271,0.88,5.406,6.816,3.244,16.694,12.086,29.661,138
uav0000077_00720_v,1360x766,272,0.869,5.359,6.85,3.156,16.584,11.457,28.91,144
uav0000077_00720_v,1360x766,273,0.861,5.398,6.852,3.261,16.679,11.867,29.406,167
uav0000077_00720_v,1360x766,274,1.044,5.374,6.828,3.21,16.598,11.929,29.572,176
uav0000077_00720_v,1360x766,275,1.809,5.386,6.835,3.495,16.988,12.153,30.95,150
uav0000077_00720_v,1360x766,276,0.885,5.373,6.825,3.195,16.616,11.901,29.402,157
uav0000077_00720_v,1360x766,277,0.853,5.395,6.845,3.22,16.682,12.002,29.537,160
uav0000077_00720_v,1360x766,278,0.904,5.371,6.869,3.24,16.662,11.892,29.458,159
uav0000077_00720_v,1360x766,279,0.895,5.354,6.848,3.296,16.894,12.201,29.989,175
uav0000077_00720_v,1360x766,280,1.066,5.425,6.835,3.291,16.814,11.708,29.588,149
uav0000077_00720_v,1360x766,281,1.054,5.375,6.856,3.289,16.729,11.558,29.341,170
uav0000077_00720_v,1360x766,282,0.88,5.39,6.843,3.13,16.575,11.811,29.265,158
uav0000077_00720_v,1360x766,283,0.963,5.392,6.814,3.283,16.714,11.935,29.611,162
uav0000077_00720_v,1360x766,284,0.873,5.384,6.86,3.228,16.712,11.622,29.207,136
uav0000077_00720_v,1360x766,285,0.864,5.355,6.851,3.22,16.593,12.374,29.831,139
uav0000077_00720_v,1360x766,286,0.857,5.386,6.819,3.167,16.576,12.474,29.906,164
uav0000077_00720_v,1360x766,287,0.887,5.366,6.824,3.166,16.564,11.875,29.326,133
uav0000077_00720_v,1360x766,288,0.907,5.391,6.829,3.324,16.759,12.018,29.684,132
uav0000077_00720_v,1360x766,289,0.869,5.412,6.865,3.221,16.736,11.475,29.079,102
uav0000077_00720_v,1360x766,290,0.842,5.379,6.859,3.203,16.629,11.885,29.356,113
uav0000077_00720_v,1360x766,291,0.89,5.37,6.814,3.157,16.527,12.628,30.045,127
uav0000077_00720_v,1360x766,292,0.824,5.372,6.836,3.216,16.625,12.798,30.247,135
uav0000077_00720_v,1360x766,293,0.883,5.362,6.855,3.19,16.588,12.751,30.221,140
uav0000077_00720_v,1360x766,294,0.851,5.375,6.835,3.277,16.71,12.128,29.689,135
uav0000077_00720_v,1360x766,295,0.926,5.396,6.804,3.254,16.694,12.76,30.38,133
uav0000077_00720_v,1360x766,296,0.83,5.378,6.852,3.132,16.776,12.772,30.378,129
uav0000077_00720_v,1360x766,297,0.847,5.381,6.863,3.196,16.645,12.271,29.764,123
uav0000077_00720_v,1360x766,298,0.863,5.421,6.844,3.129,16.58,12.349,29.792,128
uav0000077_00720_v,1360x766,299,0.883,5.361,6.823,3.213,16.632,12.317,29.831,117
uav0000077_00720_v,1360x766,300,0.851,5.372,6.831,3.175,16.555,12.305,29.712,126
uav0000077_00720_v,1360x766,301,0.894,5.399,6.844,3.161,16.617,12.124,29.635,118
uav0000077_00720_v,1360x766,302,0.835,5.377,6.85,3.182,16.605,11.785,29.226,117
uav0000077_00720_v,1360x766,303,0.862,5.323,6.816,3.172,16.584,12.841,30.287,130
uav0000077_00720_v,1360x766,304,0.861,5.37,6.856,3.168,16.582,12.527,29.971,129
uav0000077_00720_v,1360x766,305,0.904,5.334,6.853,3.142,16.593,12.318,29.815,132
uav0000077_00720_v,1360x766,306,0.85,5.383,6.84,3.082,16.491,12.316,29.658,121
uav0000077_00720_v,1360x766,307,0.883,5.373,6.803,3.104,16.573,12.678,30.135,124
uav0000077_00720_v,1360x766,308,0.825,5.357,6.841,3.324,16.757,12.534,30.117,120
uav0000077_00720_v,1360x766,309,0.835,5.339,6.84,3.06,16.537,12.608,29.98,129
uav0000077_00720_v,1360x766,310,1.143,5.382,6.819,3.127,16.519,12.706,30.368,112
uav0000077_00720_v,1360x766,311,0.895,5.366,6.822,3.202,16.634,12.842,30.37,104
uav0000077_00720_v,1360x766,312,0.864,5.38,6.811,3.216,16.603,12.246,29.713,106
uav0000077_00720_v,1360x766,313,1.489,5.395,6.836,3.403,17.001,12.918,31.408,118
uav0000077_00720_v,1360x766,314,0.835,5.351,6.857,3.073,16.559,12.351,29.745,112
uav0000077_00720_v,1360x766,315,0.872,5.356,6.812,3.16,16.518,12.535,29.925,106
uav0000077_00720_v,1360x766,316,0.842,5.335,6.827,3.082,16.53,12.457,29.829,104
uav0000077_00720_v,1360x766,317,0.855,5.362,6.834,3.246,16.634,12.147,29.636,80
uav0000077_00720_v,1360x766,318,0.824,5.41,6.842,3.139,16.573,12.305,29.702,84
uav0000077_00720_v,1360x766,319,0.896,5.402,6.811,3.112,16.532,12.621,30.049,95
uav0000077_00720_v,1360x766,320,0.828,5.359,6.835,3.21,16.632,12.93,30.391,102
uav0000077_00720_v,1360x766,321,0.847,5.375,6.852,3.114,16.535,12.287,29.67,94
uav0000077_00720_v,1360x766,322,0.85,5.408,6.819,3.118,16.522,12.827,30.199,105
uav0000077_00720_v,1360x766,323,0.883,5.373,6.821,3.139,16.539,12.803,30.225,112
uav0000077_00720_v,1360x766,324,0.843,5.379,6.819,3.127,16.613,12.898,30.353,103
uav0000077_00720_v,1360x766,325,0.87,5.386,6.863,3.191,16.653,12.979,30.503,101
uav0000077_00720_v,1360x766,326,0.861,5.351,6.847,3.227,16.63,12.915,30.406,93
uav0000077_00720_v,1360x766,327,0.87,5.377,6.809,3.147,16.531,12.106,29.507,110
uav0000077_00720_v,1360x766,328,0.842,5.395,6.818,3.201,16.633,12.392,29.867,92
uav0000077_00720_v,1360x766,329,0.862,5.379,6.85,3.155,16.596,13.273,30.731,86
uav0000077_00720_v,1360x766,330,0.861,5.422,6.822,3.192,16.663,12.66,30.185,91
uav0000077_00720_v,1360x766,331,0.866,5.424,6.806,3.119,16.61,12.528,30.005,95
uav0000077_00720_v,1360x766,332,0.861,5.364,6.835,3.257,16.687,12.739,30.287,99
uav0000077_00720_v,1360x766,333,0.836,5.351,6.849,3.179,16.645,13.162,30.642,92
uav0000077_00720_v,1360x766,334,0.831,5.392,6.824,3.114,16.503,13.396,30.73,91
uav0000077_00720_v,1360x766,335,0.881,5.369,6.812,3.271,16.665,13.414,30.959,103
uav0000077_00720_v,1360x766,336,0.892,5.381,6.837,3.23,16.658,12.916,30.466,84
uav0000077_00720_v,1360x766,337,0.86,5.413,6.836,3.212,16.667,12.415,29.941,99
uav0000077_00720_v,1360x766,338,0.895,5.381,6.857,3.183,16.627,13.115,30.638,117
uav0000077_00720_v,1360x766,339,0.869,5.384,6.837,3.103,16.494,13.155,30.519,91
uav0000077_00720_v,1360x766,340,0.826,5.414,6.848,3.134,16.596,12.536,29.957,92
uav0000077_00720_v,1360x766,341,0.84,5.333,6.855,3.15,16.656,12.66,30.156,101
uav0000077_00720_v,1360x766,342,0.837,5.367,6.885,3.159,16.581,12.655,30.073,103
uav0000077_00720_v,1360x766,343,0.91,5.391,6.821,3.156,16.595,12.857,30.362,89
uav0000077_00720_v,1360x766,344,0.859,5.36,6.834,3.194,16.632,13.164,30.656,104
uav0000077_00720_v,1360x766,345,0.833,5.357,6.85,3.195,16.582,13.016,30.431,97
uav0000077_00720_v,1360x766,346,0.856,5.348,6.838,3.169,16.638,13.756,31.25,100
uav0000077_00720_v,1360x766,347,0.891,5.419,6.828,3.142,16.632,12.765,30.287,102
uav0000077_00720_v,1360x766,348,0.888,5.39,6.815,3.241,16.66,12.664,30.212,111
uav0000077_00720_v,1360x766,349,0.882,5.341,6.818,3.129,16.594,13.103,30.58,92
uav0000077_00720_v,1360x766,350,0.903,5.37,6.82,3.185,16.612,13.076,30.591,99
uav0000077_00720_v,1360x766,351,0.862,5.369,6.818,3.115,16.504,12.472,29.838,104
uav0000077_00720_v,1360x766,352,0.845,5.344,6.816,3.155,16.537,12.25,29.632,99
uav0000077_00720_v,1360x766,353,0.85,5.341,6.853,3.29,16.687,12.38,29.917,118
uav0000077_00720_v,1360x766,354,0.852,5.377,6.839,3.082,16.48,10.42,27.752,93
uav0000077_00720_v,1360x766,355,0.906,5.392,6.811,3.152,16.555,8.673,26.134,76
uav0000077_00720_v,1360x766,356,0.868,5.388,6.844,3.199,16.654,8.308,25.83,56
uav0000077_00720_v,1360x766,357,0.846,5.4,6.866,3.09,16.523,7.904,25.274,46
uav0000077_00720_v,1360x766,358,0.842,5.441,6.833,3.068,16.581,7.727,25.149,47
uav0000077_00720_v,1360x766,359,0.894,5.369,6.823,3.088,16.486,7.583,24.963,51
uav0000077_00720_v,1360x766,360,0.872,5.381,6.834,3.069,16.494,7.618,24.984,58
uav0000077_00720_v,1360x766,361,0.867,5.392,6.846,3.094,16.544,7.827,25.238,53
uav0000077_00720_v,1360x766,362,0.876,5.364,6.863,3.028,16.509,7.112,24.497,60
uav0000077_00720_v,1360x766,363,0.878,5.363,6.819,3.055,16.443,7.283,24.604,63
uav0000077_00720_v,1360x766,364,0.848,5.389,6.832,3.461,16.9,7.59,25.338,46
uav0000077_00720_v,1360x766,365,0.856,5.394,6.864,3.152,16.656,7.101,24.613,54
uav0000077_00720_v,1360x766,366,0.875,5.413,6.83,3.008,16.472,7.215,24.562,67
uav0000077_00720_v,1360x766,367,0.88,5.374,6.811,3.055,16.571,7.255,24.707,62
uav0000077_00720_v,1360x766,368,0.856,5.349,6.847,3.122,16.559,7.52,24.935,62
uav0000077_00720_v,1360x766,369,0.826,5.375,6.853,3.109,16.528,7.728,25.082,56
uav0000077_00720_v,1360x766,370,0.863,5.394,6.823,3.056,16.466,7.704,25.033,54
uav0000077_00720_v,1360x766,371,0.878,5.355,6.802,3.069,16.542,7.929,25.349,54
uav0000077_00720_v,1360x766,372,0.842,5.409,6.844,3.157,16.621,7.382,24.845,60
uav0000077_00720_v,1360x766,373,0.865,5.425,6.898,3.091,16.622,7.276,24.764,55
uav0000077_00720_v,1360x766,374,0.832,5.377,6.857,3.135,16.591,7.351,24.774,52
uav0000077_00720_v,1360x766,375,0.86,5.396,6.818,3.077,16.53,7.506,24.896,49
uav0000077_00720_v,1360x766,376,0.86,5.408,6.831,3.157,16.602,7.92,25.382,58
uav0000077_00720_v,1360x766,377,0.844,5.415,6.884,3.132,16.669,7.66,25.174,48
uav0000077_00720_v,1360x766,378,0.852,5.431,6.841,3.12,16.587,7.856,25.296,52
uav0000077_00720_v,1360x766,379,28.983,5.406,6.813,3.162,16.622,7.89,53.495,43
uav0000077_00720_v,1360x766,380,0.85,5.391,6.881,3.179,16.699,7.509,25.058,41
uav0000077_00720_v,1360x766,381,0.838,5.383,6.873,3.125,16.563,6.688,24.089,39
uav0000077_00720_v,1360x766,382,0.854,5.421,6.827,3.067,16.481,6.836,24.171,38
uav0000077_00720_v,1360x766,383,0.889,5.404,6.828,3.038,16.497,7.29,24.676,38
uav0000077_00720_v,1360x766,384,0.899,5.423,6.833,3.051,16.547,6.584,24.03,31
uav0000077_00720_v,1360x766,385,0.928,5.419,6.855,3.157,16.666,6.688,24.282,44
uav0000077_00720_v,1360x766,386,0.864,5.371,6.869,3.095,16.548,6.364,23.775,32
uav0000077_00720_v,1360x766,387,0.888,5.361,6.832,3.143,16.527,6.119,23.534,37
uav0000077_00720_v,1360x766,388,0.854,5.378,6.827,2.999,16.468,6.298,23.62,38
uav0000077_00720_v,1360x766,389,0.852,5.416,6.87,3.069,16.58,6.232,23.664,44
uav0000077_00720_v,1360x766,390,0.848,5.44,6.838,3.086,16.516,6.187,23.551,36
uav0000077_00720_v,1360x766,391,0.87,5.359,6.822,3.069,16.463,6.29,23.623,23
uav0000077_00720_v,1360x766,392,0.841,5.345,6.863,3.089,16.488,6.528,23.858,40
uav0000077_00720_v,1360x766,393,0.887,5.345,6.805,3.093,16.429,6.356,23.673,35
uav0000077_00720_v,1360x766,394,1.532,5.354,6.826,3.249,16.769,6.785,25.086,36
uav0000077_00720_v,1360x766,395,0.846,5.427,6.851,3.03,16.792,6.621,24.259,37
uav0000077_00720_v,1360x766,396,0.837,5.455,6.833,2.998,16.462,6.595,23.894,35
uav0000077_00720_v,1360x766,397,0.864,5.434,6.868,3.026,16.527,6.708,24.099,33
uav0000077_00720_v,1360x766,398,0.876,5.406,6.833,3.034,16.488,6.434,23.798,25
uav0000077_00720_v,1360x766,399,0.847,5.384,6.844,3.151,16.599,6.251,23.696,33
uav0000077_00720_v,1360x766,400,0.83,5.347,6.834,3.101,16.45,6.274,23.554,30
uav0000077_00720_v,1360x766,401,0.851,5.375,6.837,3.066,16.448,6.291,23.59,37
uav0000077_00720_v,1360x766,402,0.886,5.407,6.825,3.084,16.488,6.34,23.714,27
uav0000077_00720_v,1360x766,403,0.862,5.367,6.883,3.111,16.546,6.27,23.678,31
uav0000077_00720_v,1360x766,404,0.847,5.372,6.84,3.116,16.507,6.3,23.654,33
uav0000077_00720_v,1360x766,405,0.853,5.374,6.846,3.1,16.506,6.16,23.519,33
uav0000077_00720_v,1360x766,406,0.847,5.356,6.816,3.121,16.501,6.144,23.493,30
uav0000077_00720_v,1360x766,407,0.861,5.33,6.83,3.144,16.495,6.167,23.522,32
uav0000077_00720_v,1360x766,408,0.908,5.405,6.832,3.075,16.546,6.246,23.701,28
uav0000077_00720_v,1360x766,409,0.857,5.367,6.832,3.021,16.518,6.187,23.562,32
uav0000077_00720_v,1360x766,410,0.872,5.387,6.87,3.026,16.51,6.207,23.589,23
uav0000077_00720_v,1360x766,411,0.854,5.362,6.841,3.135,16.536,6.179,23.569,25
uav0000077_00720_v,1360x766,412,0.857,5.362,6.834,3.05,16.439,6.411,23.707,32
uav0000077_00720_v,1360x766,413,0.857,5.368,6.834,3.03,16.423,6.349,23.63,56
uav0000077_00720_v,1360x766,414,1.443,5.373,6.824,3.32,16.831,6.397,24.671,38
uav0000077_00720_v,1360x766,415,0.852,5.425,6.828,3.167,16.626,6.281,23.758,38
uav0000077_00720_v,1360x766,416,0.842,5.36,6.831,3.017,16.389,6.153,23.384,39
uav0000077_00720_v,1360x766,417,0.847,5.374,6.804,3.026,16.364,6.256,23.467,38
uav0000077_00720_v,1360x766,418,0.842,5.342,6.817,3.063,16.392,6.186,23.421,34
uav0000077_00720_v,1360x766,419,0.875,5.333,6.84,3.156,16.511,6.272,23.658,35
uav0000077_00720_v,1360x766,420,0.847,5.366,6.847,3.168,16.574,6.312,23.734,36
uav0000077_00720_v,1360x766,421,0.905,5.382,6.851,3.14,16.583,6.205,23.692,35
uav0000077_00720_v,1360x766,422,0.889,5.345,6.823,3.051,16.485,6.275,23.649,41
uav0000077_00720_v,1360x766,423,0.832,5.338,6.853,3.034,16.495,6.134,23.46,46
uav0000077_00720_v,1360x766,424,0.848,5.393,6.817,3.099,16.517,5.932,23.296,47
uav0000077_00720_v,1360x766,425,0.862,5.341,6.827,3.081,16.443,5.703,23.008,41
uav0000077_00720_v,1360x766,426,0.857,5.347,6.831,3.105,16.456,6.158,23.471,41
uav0000077_00720_v,1360x766,427,0.869,5.403,6.841,3.072,16.549,6.267,23.684,55
uav0000077_00720_v,1360x766,428,0.9,5.34,6.844,3.102,16.493,5.925,23.318,43
uav0000077_00720_v,1360x766,429,0.906,5.339,6.829,3.063,16.439,6.229,23.575,38
uav0000077_00720_v,1360x766,430,0.852,5.342,6.816,3.01,16.448,6.206,23.506,46
uav0000077_00720_v,1360x766,431,0.861,5.396,6.832,3.096,16.521,5.73,23.112,26
uav0000077_00720_v,1360x766,432,0.856,5.354,6.824,3.124,16.496,6.028,23.379,30
uav0000077_00720_v,1360x766,433,0.868,5.38,6.844,3.147,16.589,6.789,24.245,31
uav0000077_00720_v,1360x766,434,0.856,5.362,6.876,3.122,16.556,6.994,24.406,49
uav0000077_00720_v,1360x766,435,0.855,5.368,6.849,3.158,16.599,7.624,25.078,59
uav0000077_00720_v,1360x766,436,0.858,5.354,6.852,3.012,16.529,6.834,24.222,56
uav0000077_00720_v,1360x766,437,0.857,5.357,6.832,3.107,16.621,7.364,24.842,57
uav0000077_00720_v,1360x766,438,0.874,5.375,6.819,3.181,16.565,7.408,24.848,46
uav0000077_00720_v,1360x766,439,0.866,5.39,6.842,3.146,16.588,7.393,24.847,51
uav0000077_00720_v,1360x766,440,0.844,5.364,6.851,3.049,16.459,7.257,24.56,54
uav0000077_00720_v,1360x766,441,0.847,5.407,6.836,3.134,16.56,8.481,25.888,57
uav0000077_00720_v,1360x766,442,0.82,5.356,6.811,3.081,16.423,8.774,26.018,48
uav0000077_00720_v,1360x766,443,0.859,5.35,6.833,3.181,16.569,8.674,26.103,59
uav0000077_00720_v,1360x766,444,0.844,5.373,6.827,3.096,16.482,8.657,25.983,60
uav0000077_00720_v,1360x766,445,0.868,5.44,6.837,3.09,16.596,9.081,26.545,70
uav0000077_00720_v,1360x766,446,0.852,5.366,6.828,3.153,16.543,9.73,27.125,57
uav0000077_00720_v,1360x766,447,0.856,5.375,6.86,3.115,16.555,8.79,26.202,57
uav0000077_00720_v,1360x766,448,0.851,5.424,6.833,3.056,16.525,8.893,26.27,56
uav0000077_00720_v,1360x766,449,0.85,5.373,6.856,3.171,16.591,8.783,26.223,72
uav0000077_00720_v,1360x766,450,0.859,5.329,6.804,3.018,16.419,8.397,25.675,57
uav0000077_00720_v,1360x766,451,0.856,5.362,6.84,3.141,16.554,8.851,26.261,69
uav0000077_00720_v,1360x766,452,0.862,5.34,6.866,3.061,16.559,8.822,26.243,71
uav0000077_00720_v,1360x766,453,0.872,5.36,6.862,3.183,16.565,8.489,25.925,77
uav0000077_00720_v,1360x766,454,0.891,5.388,6.808,3.113,16.541,8.185,25.618,74
uav0000077_00720_v,1360x766,455,1.418,5.371,6.847,3.357,16.913,9.369,27.7,69
uav0000077_00720_v,1360x766,456,0.858,5.371,6.838,3.056,16.466,8.645,25.969,74
uav0000077_00720_v,1360x766,457,0.88,5.457,6.83,3.051,16.524,9.191,26.596,74
uav0000077_00720_v,1360x766,458,0.853,5.36,6.858,3.136,16.593,8.979,26.425,67
uav0000077_00720_v,1360x766,459,0.842,5.317,6.851,3.152,16.49,8.707,26.039,70
uav0000077_00720_v,1360x766,460,0.85,5.379,6.821,3.086,16.451,8.723,26.025,75
uav0000077_00720_v,1360x766,461,0.876,5.375,6.833,3.063,16.446,8.167,25.489,74
uav0000077_00720_v,1360x766,462,0.852,5.38,6.856,3.087,16.494,7.694,25.04,54
uav0000077_00720_v,1360x766,463,0.856,5.468,6.841,3.061,16.576,7.661,25.093,52
uav0000077_00720_v,1360x766,464,0.879,5.365,6.834,2.98,16.403,7.601,24.882,57
uav0000077_00720_v,1360x766,465,0.881,5.368,6.825,3.104,16.484,8.211,25.576,56
uav0000077_00720_v,1360x766,466,0.972,5.339,6.804,3.091,16.435,7.938,25.345,63
uav0000077_00720_v,1360x766,467,0.885,5.355,6.852,3.125,16.549,7.89,25.324,48
uav0000077_00720_v,1360x766,468,0.852,5.396,6.822,3.067,16.466,8.254,25.572,55
uav0000077_00720_v,1360x766,469,0.868,5.425,6.827,3.065,16.535,8.193,25.596,58
uav0000077_00720_v,1360x766,470,0.867,5.328,6.822,3.157,16.532,8.071,25.47,61
uav0000077_00720_v,1360x766,471,0.83,5.359,6.836,3.158,16.52,7.97,25.32,77
uav0000077_00720_v,1360x766,472,0.843,5.339,6.834,3.017,16.47,7.955,25.268,67
uav0000077_00720_v,1360x766,473,0.858,5.364,6.8,3.07,16.425,7.834,25.116,69
uav0000077_00720_v,1360x766,474,0.864,5.406,6.844,3.089,16.509,8.561,25.934,66
uav0000077_00720_v,1360x766,475,0.949,5.397,6.831,3.075,16.532,8.677,26.158,72
uav0000077_00720_v,1360x766,476,0.847,5.408,6.831,3.138,16.585,8.246,25.678,72
uav0000077_00720_v,1360x766,477,0.848,5.335,6.825,3.004,16.433,8.314,25.594,74
uav0000077_00720_v,1360x766,478,0.856,5.354,6.815,3.163,16.542,9.088,26.486,73
uav0000077_00720_v,1360x766,479,0.885,5.357,6.843,3.139,16.582,8.255,25.722,75
uav0000077_00720_v,1360x766,480,0.84,5.357,6.836,3.096,16.464,8.695,25.999,73
uav0000077_00720_v,1360x766,481,0.864,5.358,6.845,3.036,16.529,8.508,25.901,52
uav0000077_00720_v,1360x766,482,0.875,5.361,6.829,3.125,16.518,8.172,25.565,57
uav0000077_00720_v,1360x766,483,0.831,5.374,6.865,3.085,16.521,8.414,25.766,53
uav0000077_00720_v,1360x766,484,0.841,5.367,6.826,3.073,16.436,8.34,25.617,57
uav0000077_00720_v,1360x766,485,0.86,5.354,6.865,3.11,16.532,8.702,26.094,47
uav0000077_00720_v,1360x766,486,0.872,5.377,6.815,3.172,16.576,8.505,25.953,70
uav0000077_00720_v,1360x766,487,0.885,5.368,6.843,3.085,16.514,8.228,25.627,63
uav0000077_00720_v,1360x766,488,0.853,5.386,6.856,3.144,16.572,7.973,25.398,73
uav0000077_00720_v,1360x766,489,0.847,5.359,6.88,3.127,16.54,7.784,25.171,71
uav0000077_00720_v,1360x766,490,0.844,5.382,6.812,3.106,16.477,7.964,25.285,64
uav0000077_00720_v,1360x766,491,0.856,5.331,6.833,3.126,16.466,7.904,25.225,71
uav0000077_00720_v,1360x766,492,0.852,5.358,6.835,3.076,16.441,7.551,24.845,78
uav0000077_00720_v,1360x766,493,0.871,5.362,6.835,3.071,16.469,7.084,24.423,61
uav0000077_00720_v,1360x766,494,0.871,5.416,6.823,3.083,16.528,7.834,25.232,70
uav0000077_00720_v,1360x766,495,0.848,5.312,6.842,3.089,16.437,7.571,24.856,54
uav0000077_00720_v,1360x766,496,0.834,5.345,6.82,3.083,16.411,7.342,24.586,49
uav0000077_00720_v,1360x766,497,0.86,5.382,6.85,3.123,16.538,7.522,24.92,63
uav0000077_00720_v,1360x766,498,0.873,5.363,6.822,3.105,16.459,7.482,24.814,60
uav0000077_00720_v,1360x766,499,1.485,5.4,6.865,3.34,16.908,7.517,25.91,72
uav0000077_00720_v,1360x766,500,0.85,5.386,6.863,3.074,16.546,7.207,24.603,71
uav0000077_00720_v,1360x766,501,0.837,5.372,6.844,3.1,16.466,7.238,24.541,68
uav0000077_00720_v,1360x766,502,0.854,5.338,6.808,3.099,16.409,7.438,24.701,71
uav0000077_00720_v,1360x766,503,0.861,5.348,6.857,3.07,16.538,7.728,25.127,66
uav0000077_00720_v,1360x766,504,0.857,5.393,6.832,3.112,16.511,7.665,25.033,54
uav0000077_00720_v,1360x766,505,0.861,5.393,6.838,3.084,16.518,7.972,25.351,58
uav0000077_00720_v,1360x766,506,0.876,5.433,6.854,3.09,16.638,7.713,25.227,67
uav0000077_00720_v,1360x766,507,0.843,5.354,6.857,3.124,16.529,7.88,25.252,59
uav0000077_00720_v,1360x766,508,0.857,5.388,6.832,3.057,16.479,8.131,25.467,84
uav0000077_00720_v,1360x766,509,0.857,5.407,6.841,3.075,16.528,8.266,25.65,68
uav0000077_00720_v,1360x766,510,0.862,5.368,6.799,3.08,16.415,7.79,25.067,73
uav0000077_00720_v,1360x766,511,0.857,5.377,6.851,3.063,16.51,7.692,25.06,58
uav0000077_00720_v,1360x766,512,0.86,5.422,6.855,3.082,16.58,7.869,25.308,57
uav0000077_00720_v,1360x766,513,0.855,5.345,6.831,3.02,16.364,7.504,24.723,50
uav0000077_00720_v,1360x766,514,0.842,5.371,6.806,3.038,16.416,6.955,24.213,70
uav0000077_00720_v,1360x766,515,0.858,5.37,6.859,3.171,16.593,7.261,24.712,52
uav0000077_00720_v,1360x766,516,0.838,5.4,6.837,3.108,16.505,7.436,24.779,64
uav0000077_00720_v,1360x766,517,0.854,5.398,6.836,3.086,16.528,7.915,25.297,64
uav0000077_00720_v,1360x766,518,0.861,5.363,6.837,3.201,16.61,7.952,25.423,82
uav0000077_00720_v,1360x766,519,0.826,5.36,6.866,3.121,16.532,7.507,24.865,70
uav0000077_00720_v,1360x766,520,0.848,5.384,6.838,3.141,16.546,7.344,24.739,87
uav0000077_00720_v,1360x766,521,0.845,5.431,6.841,3.079,16.555,7.557,24.957,65
uav0000077_00720_v,1360x766,522,0.873,5.401,6.821,3.153,16.562,7.58,25.016,80
uav0000077_00720_v,1360x766,523,0.845,5.38,6.839,3.181,16.618,7.317,24.78,75
uav0000077_00720_v,1360x766,524,0.857,5.38,6.856,3.17,16.589,8.261,25.707,85
uav0000077_00720_v,1360x766,525,0.905,5.342,6.843,3.093,16.462,8.494,25.862,76
uav0000077_00720_v,1360x766,526,0.879,5.376,6.842,3.087,16.479,8.966,26.324,73
uav0000077_00720_v,1360x766,527,0.868,5.379,6.868,3.144,16.607,8.846,26.321,79
uav0000077_00720_v,1360x766,528,0.857,5.392,6.821,3.095,16.478,8.737,26.072,63
uav0000077_00720_v,1360x766,529,0.871,5.406,6.833,3.143,16.578,9.206,26.655,61
uav0000077_00720_v,1360x766,530,0.87,5.419,6.824,3.109,16.586,9.047,26.504,76
uav0000077_00720_v,1360x766,531,0.877,5.382,6.857,3.142,16.563,8.918,26.359,66
uav0000077_00720_v,1360x766,532,0.86,5.379,6.834,3.124,16.528,9.338,26.726,69
uav0000077_00720_v,1360x766,533,0.867,5.414,6.847,3.073,16.537,8.814,26.218,71
uav0000077_00720_v,1360x766,534,0.872,5.374,6.82,3.063,16.434,9.124,26.43,66
uav0000077_00720_v,1360x766,535,0.885,5.373,6.844,3.123,16.645,8.834,26.363,72
uav0000077_00720_v,1360x766,536,0.856,5.385,6.849,3.127,16.552,8.999,26.407,70
uav0000077_00720_v,1360x766,537,0.875,5.36,6.85,3.155,16.526,9.053,26.455,80
uav0000077_00720_v,1360x766,538,0.858,5.398,6.801,3.116,16.495,9.218,26.572,78
uav0000077_00720_v,1360x766,539,0.847,5.375,6.847,3.196,16.579,9.155,26.581,77
uav0000077_00720_v,1360x766,540,0.849,5.384,6.849,3.163,16.59,9.567,27.006,82
uav0000077_00720_v,1360x766,541,0.867,5.416,6.842,3.129,16.639,10.325,27.831,75
uav0000077_00720_v,1360x766,542,0.869,5.4,6.831,3.095,16.544,9.337,26.75,68
uav0000077_00720_v,1360x766,543,0.839,5.363,6.863,3.172,16.606,9.209,26.653,76
uav0000077_00720_v,1360x766,544,0.863,5.359,6.839,3.148,16.547,8.998,26.409,91
uav0000077_00720_v,1360x766,545,0.886,5.386,6.869,3.088,16.587,8.61,26.084,73
uav0000077_00720_v,1360x766,546,0.893,5.389,6.814,3.133,16.545,8.902,26.34,87
uav0000077_00720_v,1360x766,547,0.858,5.35,6.841,3.1,16.569,9.529,26.955,88
uav0000077_00720_v,1360x766,548,0.886,5.371,6.86,3.136,16.591,8.975,26.453,62
uav0000077_00720_v,1360x766,549,0.837,5.359,6.851,3.142,16.516,8.575,25.928,59
uav0000077_00720_v,1360x766,550,0.864,5.419,6.834,3.031,16.469,8.525,25.858,62
uav0000077_00720_v,1360x766,551,0.845,5.381,6.856,3.14,16.592,8.68,26.117,46
uav0000077_00720_v,1360x766,552,0.841,5.413,6.851,3.076,16.516,8.603,25.96,74
uav0000077_00720_v,1360x766,553,0.849,5.383,6.841,3.137,16.572,9.129,26.549,69
uav0000077_00720_v,1360x766,554,0.854,5.331,6.815,3.061,16.508,8.583,25.945,56
uav0000077_00720_v,1360x766,555,0.828,5.352,6.859,3.132,16.54,8.604,25.971,60
uav0000077_00720_v,1360x766,556,0.831,5.348,6.835,3.009,16.45,8.271,25.552,60
uav0000077_00720_v,1360x766,557,0.84,5.367,6.85,3.146,16.543,8.804,26.187,53
uav0000077_00720_v,1360x766,558,0.849,5.411,6.815,3.076,16.516,8.978,26.343,56
uav0000077_00720_v,1360x766,559,0.867,5.395,6.871,3.098,16.596,9.099,26.562,59
uav0000077_00720_v,1360x766,560,0.859,5.373,6.863,3.115,16.556,8.554,25.97,69
uav0000077_00720_v,1360x766,561,0.844,5.337,6.857,3.121,16.469,8.205,25.517,55
uav0000077_00720_v,1360x766,562,0.906,5.363,6.83,3.036,16.439,8.565,25.91,51
uav0000077_00720_v,1360x766,563,0.844,5.374,6.898,3.119,16.609,9.109,26.563,46
uav0000077_00720_v,1360x766,564,0.912,5.36,6.85,3.113,16.506,9.203,26.621,41
uav0000077_00720_v,1360x766,565,0.87,5.433,6.856,3.053,16.547,9.354,26.771,40
uav0000077_00720_v,1360x766,566,0.855,5.372,6.85,3.072,16.498,9.107,26.46,43
uav0000077_00720_v,1360x766,567,0.867,5.322,6.851,3.097,16.449,9.161,26.478,42
uav0000077_00720_v,1360x766,568,0.84,5.377,6.827,3.051,16.438,9.009,26.286,45
uav0000077_00720_v,1360x766,569,0.85,5.365,6.849,3.055,16.459,9.422,26.731,49
uav0000077_00720_v,1360x766,570,0.899,5.378,6.818,3.003,16.441,9.377,26.717,49
uav0000077_00720_v,1360x766,571,0.868,5.392,6.829,3.112,16.544,9.351,26.763,51
uav0000077_00720_v,1360x766,572,0.846,5.39,6.862,3.119,16.561,8.967,26.375,53
uav0000077_00720_v,1360x766,573,0.891,5.336,6.839,3.029,16.425,8.828,26.144,59
uav0000077_00720_v,1360x766,574,0.842,5.372,6.81,3.085,16.456,8.641,25.939,47
uav0000077_00720_v,1360x766,575,0.871,5.348,6.829,3.122,16.503,9.158,26.532,45
uav0000077_00720_v,1360x766,576,0.846,5.386,6.828,3.046,16.444,8.802,26.092,44
uav0000077_00720_v,1360x766,577,0.852,5.37,6.826,3.026,16.418,8.773,26.042,46
uav0000077_00720_v,1360x766,578,0.863,5.381,6.824,3.046,16.463,8.703,26.03,45
uav0000077_00720_v,1360x766,579,0.844,5.371,6.848,3.147,16.55,8.549,25.943,48
uav0000077_00720_v,1360x766,580,0.846,5.365,6.839,3.061,16.444,8.206,25.497,45
uav0000077_00720_v,1360x766,581,0.869,5.368,6.861,3.11,16.511,8.194,25.574,44
uav0000077_00720_v,1360x766,582,0.861,5.408,6.818,3.036,16.436,8.143,25.44,41
uav0000077_00720_v,1360x766,583,0.846,5.361,6.838,3.452,16.946,8.363,26.155,44
uav0000077_00720_v,1360x766,584,0.855,5.404,6.866,3.123,16.623,8.352,25.83,42
uav0000077_00720_v,1360x766,585,0.856,5.342,6.849,3.086,16.498,8.133,25.487,47
uav0000077_00720_v,1360x766,586,0.855,5.373,6.807,3.123,16.475,8.077,25.407,45
uav0000077_00720_v,1360x766,587,9.274,5.381,6.873,3.215,16.745,8.52,34.539,38
uav0000077_00720_v,1360x766,588,0.86,5.386,6.836,3.084,16.507,7.929,25.296,46
uav0000077_00720_v,1360x766,589,0.862,5.389,6.844,3.112,16.539,7.93,25.332,40
uav0000077_00720_v,1360x766,590,0.867,5.359,6.828,3.096,16.592,7.83,25.29,42
uav0000077_00720_v,1360x766,591,0.84,5.358,6.847,3.164,16.566,7.943,25.349,40
uav0000077_00720_v,1360x766,592,0.841,5.395,6.834,3.106,16.507,8.247,25.594,33
uav0000077_00720_v,1360x766,593,0.884,5.348,6.863,3.123,16.53,8.036,25.45,41
uav0000077_00720_v,1360x766,594,0.839,5.41,6.809,3.084,16.494,8.022,25.354,40
uav0000077_00720_v,1360x766,595,0.845,5.423,6.841,3.092,16.544,7.99,25.378,43
uav0000077_00720_v,1360x766,596,0.859,5.385,6.871,3.132,16.578,8.142,25.579,39
uav0000077_00720_v,1360x766,597,0.853,5.344,6.873,3.158,16.543,8.067,25.462,44
uav0000077_00720_v,1360x766,598,0.851,5.349,6.831,3.065,16.568,8.223,25.642,40
uav0000077_00720_v,1360x766,599,0.854,5.372,6.854,3.154,16.584,8.153,25.59,33
uav0000077_00720_v,1360x766,600,0.856,5.383,6.843,3.096,16.508,8.193,25.558,42
uav0000077_00720_v,1360x766,601,0.861,5.411,6.842,3.107,16.575,8.226,25.661,46
uav0000077_00720_v,1360x766,602,0.86,5.369,6.83,3.131,16.552,7.974,25.385,45
uav0000077_00720_v,1360x766,603,0.856,5.568,6.857,3.124,16.822,8.138,25.815,42
uav0000077_00720_v,1360x766,604,0.879,5.399,6.832,3.126,16.57,7.985,25.434,47
uav0000077_00720_v,1360x766,605,0.855,5.389,6.86,3.103,16.563,8.075,25.493,39
uav0000077_00720_v,1360x766,606,0.898,5.395,6.821,3.12,16.517,7.906,25.321,33
uav0000077_00720_v,1360x766,607,0.858,5.424,6.882,3.118,16.629,7.607,25.093,38
uav0000077_00720_v,1360x766,608,0.836,5.392,6.864,3.084,16.533,7.507,24.877,45
uav0000077_00720_v,1360x766,609,0.847,5.371,6.869,2.992,16.5,7.438,24.785,49
uav0000077_00720_v,1360x766,610,1.452,5.38,6.82,3.308,16.828,7.569,25.85,51
uav0000077_00720_v,1360x766,611,0.85,5.421,6.847,3.149,16.631,7.489,24.97,55
uav0000077_00720_v,1360x766,612,0.861,5.366,6.843,2.975,16.467,7.694,25.022,59
uav0000077_00720_v,1360x766,613,0.885,5.402,6.847,3.095,16.536,7.769,25.19,51
uav0000077_00720_v,1360x766,614,0.87,5.387,6.836,3.15,16.573,7.058,24.501,44
uav0000077_00720_v,1360x766,615,0.84,5.376,6.847,3.13,16.525,6.741,24.105,50
uav0000077_00720_v,1360x766,616,0.84,5.361,6.847,3.087,16.5,7.054,24.395,58
uav0000077_00720_v,1360x766,617,0.839,5.345,6.853,3.113,16.469,6.54,23.849,36
uav0000077_00720_v,1360x766,618,0.853,5.35,6.823,3.116,16.467,6.798,24.118,38
uav0000077_00720_v,1360x766,619,0.872,5.35,6.848,3.16,16.556,6.99,24.418,45
uav0000077_00720_v,1360x766,620,0.842,5.418,6.86,3.071,16.576,6.867,24.285,42
uav0000077_00720_v,1360x766,621,0.855,5.342,6.848,3.107,16.524,6.73,24.108,37
uav0000077_00720_v,1360x766,622,0.85,5.369,6.818,3.055,16.48,6.76,24.09,52
uav0000077_00720_v,1360x766,623,0.9,5.36,6.874,3.063,16.537,6.994,24.431,53
uav0000077_00720_v,1360x766,624,0.86,5.427,6.851,3.12,16.63,6.744,24.234,51
uav0000077_00720_v,1360x766,625,0.884,5.435,6.848,3.114,17.564,6.681,25.129,46
uav0000077_00720_v,1360x766,626,0.872,5.385,6.864,3.164,16.65,6.776,24.297,48
uav0000077_00720_v,1360x766,627,0.842,5.356,6.857,3.187,16.576,7.293,24.712,42
uav0000077_00720_v,1360x766,628,0.866,5.462,6.842,3.082,16.599,6.496,23.961,39
uav0000077_00720_v,1360x766,629,0.879,5.373,6.872,3.132,16.562,6.198,23.64,32
uav0000077_00720_v,1360x766,630,0.869,5.357,6.814,3.083,16.456,6.031,23.356,37
uav0000077_00720_v,1360x766,631,1.461,5.359,6.853,3.319,16.874,6.288,24.622,40
uav0000077_00720_v,1360x766,632,0.856,5.402,6.85,3.08,16.524,6.384,23.765,40
uav0000077_00720_v,1360x766,633,0.847,5.313,6.849,3.089,16.431,6.475,23.753,38
uav0000077_00720_v,1360x766,634,0.695,5.354,6.875,3.061,16.49,6.257,23.442,41
uav0000077_00720_v,1360x766,635,0.861,5.357,6.85,3.19,16.606,6.169,23.636,59
uav0000077_00720_v,1360x766,636,0.838,5.405,6.844,3.036,16.483,5.879,23.199,45
uav0000077_00720_v,1360x766,637,0.888,5.403,6.843,3.192,16.672,5.843,23.403,38
uav0000077_00720_v,1360x766,638,0.892,5.324,6.833,3.012,16.448,5.412,22.752,29
uav0000077_00720_v,1360x766,639,0.839,5.33,6.845,3.227,16.616,5.583,23.038,28
uav0000077_00720_v,1360x766,640,0.837,5.371,6.918,3.138,16.637,5.264,22.738,24
uav0000077_00720_v,1360x766,641,0.871,5.404,6.869,3.222,16.729,5.083,22.683,30
uav0000077_00720_v,1360x766,642,0.829,5.427,6.822,3.016,16.449,5.132,22.411,26
uav0000077_00720_v,1360x766,643,0.898,5.396,6.865,3.06,16.527,5.319,22.744,30
uav0000077_00720_v,1360x766,644,0.887,5.329,6.838,3.158,16.534,6.036,23.457,31
uav0000077_00720_v,1360x766,645,0.881,5.87,6.884,3.154,17.124,5.677,23.682,40
uav0000077_00720_v,1360x766,646,0.855,5.381,6.85,3.134,16.677,6.061,23.593,38
uav0000077_00720_v,1360x766,647,0.844,5.428,6.866,3.031,16.556,5.329,22.729,39
uav0000077_00720_v,1360x766,648,0.859,5.408,6.818,3.197,16.614,5.538,23.01,32
uav0000077_00720_v,1360x766,649,0.857,5.36,6.833,3.096,16.515,5.418,22.79,34
uav0000077_00720_v,1360x766,650,0.886,5.37,6.875,3.11,16.547,5.642,23.075,30
uav0000077_00720_v,1360x766,651,0.835,5.396,6.855,3.093,16.495,5.786,23.117,33
uav0000077_00720_v,1360x766,652,0.846,5.342,6.817,3.086,16.407,6.198,23.451,40
uav0000077_00720_v,1360x766,653,0.855,5.355,6.875,3.143,16.563,5.439,22.858,34
uav0000077_00720_v,1360x766,654,0.914,5.375,6.845,3.096,16.478,5.445,22.837,31
uav0000077_00720_v,1360x766,655,0.858,5.343,6.838,3.082,16.558,5.815,23.232,21
uav0000077_00720_v,1360x766,656,0.844,5.336,6.818,3.11,16.449,6.247,23.541,29
uav0000077_00720_v,1360x766,657,0.838,5.328,6.852,3.088,16.442,6.559,23.839,38
uav0000077_00720_v,1360x766,658,0.856,5.347,6.825,3.049,16.382,6.179,23.417,27
uav0000077_00720_v,1360x766,659,0.836,5.354,6.838,3.112,16.489,5.593,22.918,29
uav0000077_00720_v,1360x766,660,0.89,5.362,6.816,3.042,16.404,5.857,23.151,30
uav0000077_00720_v,1360x766,661,0.857,5.366,6.863,3.069,16.59,6.031,23.477,32
uav0000077_00720_v,1360x766,662,0.844,5.425,6.845,3.064,16.591,6.028,23.463,30
uav0000077_00720_v,1360x766,663,0.85,5.352,6.851,3.137,16.501,6.208,23.559,35
uav0000077_00720_v,1360x766,664,0.854,5.356,6.819,3.163,16.525,6.039,23.418,28
uav0000077_00720_v,1360x766,665,0.839,5.345,6.903,3.049,16.477,5.483,22.799,23
uav0000077_00720_v,1360x766,666,0.863,5.36,6.846,3.083,16.465,6.179,23.507,30
uav0000077_00720_v,1360x766,667,0.873,5.38,6.829,3.195,16.661,5.669,23.203,28
uav0000077_00720_v,1360x766,668,0.874,5.366,6.849,3.14,16.705,5.619,23.197,26
uav0000077_00720_v,1360x766,669,0.848,5.349,6.866,3.17,16.572,5.846,23.267,25
uav0000077_00720_v,1360x766,670,0.86,5.37,6.836,3.148,16.576,6.538,23.974,26
uav0000077_00720_v,1360x766,671,0.839,5.422,6.872,3.055,16.537,6.061,23.437,30
uav0000077_00720_v,1360x766,672,0.858,5.395,6.82,3.06,16.435,6.336,23.628,29
uav0000077_00720_v,1360x766,673,0.85,5.389,6.861,3.108,16.557,5.831,23.238,31
uav0000077_00720_v,1360x766,674,0.856,5.395,6.866,3.073,16.504,5.873,23.233,24
uav0000077_00720_v,1360x766,675,0.852,5.349,6.852,3.053,16.505,6.013,23.37,36
uav0000077_00720_v,1360x766,676,0.842,5.448,6.811,3.095,16.53,6.302,23.675,30
uav0000077_00720_v,1360x766,677,0.844,5.356,6.866,3.094,16.48,6.004,23.328,32
uav0000077_00720_v,1360x766,678,1.503,5.75,6.877,3.042,16.837,6.509,24.848,40
uav0000077_00720_v,1360x766,679,0.86,5.472,6.835,3.112,16.684,5.972,23.516,34
uav0000077_00720_v,1360x766,680,0.864,5.343,6.831,3.1,16.478,5.825,23.168,27
uav0000077_00720_v,1360x766,681,0.818,5.342,6.863,3.126,16.524,5.693,23.035,28
uav0000077_00720_v,1360x766,682,0.846,5.395,6.832,3.076,16.458,5.826,23.131,25
uav0000077_00720_v,1360x766,683,0.892,5.338,6.868,3.04,16.495,5.653,23.04,20
uav0000077_00720_v,1360x766,684,0.854,5.404,6.814,3.012,16.41,5.777,23.04,21
uav0000077_00720_v,1360x766,685,0.827,5.37,6.835,3.105,16.47,5.786,23.083,23
uav0000077_00720_v,1360x766,686,0.849,5.335,6.869,3.127,16.49,5.753,23.093,23
uav0000077_00720_v,1360x766,687,0.869,5.314,6.869,3.119,16.431,5.827,23.127,20
uav0000077_00720_v,1360x766,688,0.879,5.351,6.812,3.03,16.425,5.76,23.063,23
uav0000077_00720_v,1360x766,689,0.849,5.384,6.866,3.146,16.581,6.008,23.438,27
uav0000077_00720_v,1360x766,690,0.844,5.375,6.854,3.094,16.48,5.808,23.132,30
uav0000077_00720_v,1360x766,691,0.841,5.383,6.845,3.069,16.49,6.127,23.458,29
uav0000077_00720_v,1360x766,692,0.875,5.352,6.828,3.113,16.501,6.124,23.5,41
uav0000077_00720_v,1360x766,693,0.853,5.309,6.851,3.166,16.496,6.699,24.048,30
uav0000077_00720_v,1360x766,694,0.856,5.379,6.837,3.108,16.499,7.13,24.485,26
uav0000077_00720_v,1360x766,695,0.847,5.374,6.846,3.124,16.529,6.904,24.279,28
uav0000077_00720_v,1360x766,696,0.837,5.372,6.812,3.052,16.408,6.542,23.787,31
uav0000077_00720_v,1360x766,697,0.856,5.364,6.836,3.114,16.499,6.749,24.105,28
uav0000077_00720_v,1360x766,698,0.832,5.37,6.86,3.089,16.507,6.544,23.883,29
uav0000077_00720_v,1360x766,699,0.831,5.342,6.854,3.133,16.465,6.791,24.087,26
uav0000077_00720_v,1360x766,700,0.85,5.381,6.825,3.052,16.411,7.132,24.393,26
uav0000077_00720_v,1360x766,701,0.828,5.395,6.846,3.131,16.562,7.375,24.765,26
uav0000077_00720_v,1360x766,702,0.86,5.384,6.828,3.048,16.43,6.962,24.252,31
uav0000077_00720_v,1360x766,703,0.863,5.378,6.843,3.009,16.436,6.664,23.963,25
uav0000077_00720_v,1360x766,704,0.868,5.342,6.835,3.159,16.525,6.714,24.107,22
uav0000077_00720_v,1360x766,705,0.847,5.377,6.853,3.126,16.541,6.83,24.218,30
uav0000077_00720_v,1360x766,706,0.838,5.41,6.842,3.044,16.531,7.174,24.543,32
uav0000077_00720_v,1360x766,707,0.868,5.353,6.859,3.053,16.538,6.734,24.141,34
uav0000077_00720_v,1360x766,708,0.944,5.367,6.822,3.053,16.461,6.829,24.234,30
uav0000077_00720_v,1360x766,709,0.893,5.519,6.824,3.12,16.672,6.937,24.502,29
uav0000077_00720_v,1360x766,710,0.863,5.364,6.844,3.166,16.609,6.917,24.389,24
uav0000077_00720_v,1360x766,711,0.849,5.344,6.861,3.13,16.489,6.803,24.141,24
uav0000077_00720_v,1360x766,712,0.859,5.355,6.827,3.104,16.446,6.699,24.004,21
uav0000077_00720_v,1360x766,713,0.872,5.346,6.814,3.09,16.426,7.016,24.313,25
uav0000077_00720_v,1360x766,714,0.857,5.407,6.829,3.051,16.461,6.771,24.089,27
uav0000077_00720_v,1360x766,715,0.886,5.39,6.887,3.021,16.503,7.078,24.467,31
uav0000077_00720_v,1360x766,716,0.86,5.35,6.823,3.085,16.454,7.359,24.673,27
uav0000077_00720_v,1360x766,717,0.832,5.394,6.845,3.137,16.548,7.268,24.649,30
uav0000077_00720_v,1360x766,718,0.848,5.362,6.819,2.958,16.457,7.062,24.367,38
uav0000077_00720_v,1360x766,719,0.908,5.344,6.857,3.091,16.496,6.641,24.044,43
uav0000077_00720_v,1360x766,720,0.865,5.374,6.836,3.148,16.538,6.497,23.9,34
uav0000077_00720_v,1360x766,721,0.905,5.389,6.853,3.149,16.619,6.185,23.71,40
uav0000077_00720_v,1360x766,722,1.126,5.367,6.824,3.153,16.573,5.606,23.304,21
uav0000077_00720_v,1360x766,723,0.862,5.369,6.882,3.216,16.688,5.279,22.829,17
uav0000077_00720_v,1360x766,724,0.865,5.396,6.817,3.066,16.469,5.485,22.82,16
uav0000077_00720_v,1360x766,725,0.865,5.372,6.863,3.12,16.556,5.504,22.925,14
uav0000077_00720_v,1360x766,726,0.922,5.358,6.815,3.051,16.432,5.591,22.945,15
uav0000077_00720_v,1360x766,727,0.885,5.38,6.828,3.043,16.425,5.475,22.785,15
uav0000077_00720_v,1360x766,728,0.87,5.374,6.857,3.122,16.555,5.327,22.752,16
uav0000077_00720_v,1360x766,729,0.87,5.363,6.854,3.149,16.544,5.172,22.586,17
uav0000077_00720_v,1360x766,730,0.842,5.387,6.797,3.079,16.442,5.694,22.978,19
uav0000077_00720_v,1360x766,731,0.87,5.36,6.858,3.091,16.521,5.692,23.083,17
uav0000077_00720_v,1360x766,732,0.851,5.379,6.845,3.086,16.485,5.543,22.879,15
uav0000077_00720_v,1360x766,733,0.915,5.37,6.844,3.054,16.457,5.474,22.846,13
uav0000077_00720_v,1360x766,734,0.88,5.4,6.81,3.08,16.499,5.808,23.188,17
uav0000077_00720_v,1360x766,735,0.838,5.338,6.854,3.135,16.522,5.24,22.6,17
uav0000077_00720_v,1360x766,736,0.855,5.36,6.845,3.048,16.426,5.268,22.548,20
uav0000077_00720_v,1360x766,737,0.851,5.384,6.844,3.051,16.539,5.2,22.591,16
uav0000077_00720_v,1360x766,738,0.878,5.374,6.815,3.091,16.46,5.39,22.728,17
uav0000077_00720_v,1360x766,739,0.866,5.388,6.842,3.064,16.497,5.179,22.541,12
uav0000077_00720_v,1360x766,740,0.879,5.403,6.837,2.99,16.523,5.143,22.546,17
uav0000077_00720_v,1360x766,741,0.849,5.367,6.891,3.077,16.518,5.195,22.562,16
uav0000077_00720_v,1360x766,742,0.905,5.356,6.811,3.101,16.446,5.115,22.466,18
uav0000077_00720_v,1360x766,743,0.848,5.378,6.855,3.139,16.574,5.161,22.584,12
uav0000077_00720_v,1360x766,744,0.868,5.374,6.825,3.053,16.421,5.104,22.393,12
uav0000077_00720_v,1360x766,745,0.885,5.404,6.846,3.089,16.538,5.115,22.538,16
uav0000077_00720_v,1360x766,746,0.865,5.356,6.832,3.151,16.566,4.897,22.328,16
uav0000077_00720_v,1360x766,747,0.843,5.366,6.852,3.166,16.563,4.722,22.127,16
uav0000077_00720_v,1360x766,748,0.844,5.455,6.846,2.964,16.452,4.735,22.031,18
uav0000077_00720_v,1360x766,749,0.859,5.349,6.834,3.103,16.486,4.617,21.962,21
uav0000077_00720_v,1360x766,750,0.857,5.414,6.826,3.073,16.479,4.704,22.04,18
uav0000077_00720_v,1360x766,751,0.86,5.363,6.841,3.031,16.442,4.714,22.015,17
uav0000077_00720_v,1360x766,752,0.863,5.431,6.851,3.033,16.553,5.147,22.562,14
uav0000077_00720_v,1360x766,753,0.863,5.36,6.88,3.079,16.559,4.692,22.114,15
uav0000077_00720_v,1360x766,754,0.901,5.394,6.815,3.073,16.472,4.683,22.056,18
uav0000077_00720_v,1360x766,755,0.872,5.34,6.875,3.094,16.522,4.553,21.946,17
uav0000077_00720_v,1360x766,756,0.889,5.369,6.837,3.032,16.451,4.618,21.957,12
uav0000077_00720_v,1360x766,757,0.871,5.369,6.832,3.122,16.529,4.799,22.199,11
uav0000077_00720_v,1360x766,758,0.87,5.373,6.816,3.121,16.528,4.445,21.844,9
uav0000077_00720_v,1360x766,759,0.886,5.364,6.862,3.06,16.471,4.127,21.483,11
uav0000077_00720_v,1360x766,760,0.852,5.368,6.827,3.052,16.53,4.246,21.627,12
uav0000077_00720_v,1360x766,761,0.869,5.353,6.863,3.09,16.515,4.055,21.44,8
uav0000077_00720_v,1360x766,762,0.856,5.358,6.801,3.133,16.471,4.05,21.377,7
uav0000077_00720_v,1360x766,763,0.867,5.379,6.844,3.202,16.622,4.087,21.577,9
uav0000077_00720_v,1360x766,764,0.865,5.377,6.903,3.154,16.653,4.087,21.604,8
uav0000077_00720_v,1360x766,765,0.867,5.345,6.853,3.03,16.487,3.996,21.349,8
uav0000077_00720_v,1360x766,766,0.837,5.366,6.814,3.142,16.495,4.061,21.392,7
uav0000077_00720_v,1360x766,767,0.845,5.375,6.858,3.137,16.543,3.97,21.358,10
uav0000077_00720_v,1360x766,768,0.846,5.365,6.836,3.036,16.499,4.382,21.727,14
uav0000077_00720_v,1360x766,769,0.858,5.384,6.84,3.209,16.632,4.159,21.65,9
uav0000077_00720_v,1360x766,770,0.845,5.426,6.845,3.086,16.568,4.231,21.643,8
uav0000077_00720_v,1360x766,771,0.847,5.362,6.851,3.154,16.552,4.449,21.848,10
uav0000077_00720_v,1360x766,772,0.853,5.355,6.824,3.075,16.443,4.444,21.74,11
uav0000077_00720_v,1360x766,773,0.878,5.34,6.848,3.083,16.446,4.338,21.662,15
uav0000077_00720_v,1360x766,774,0.802,5.343,6.788,3.064,16.379,4.221,21.402,19
uav0000077_00720_v,1360x766,775,0.795,5.336,6.791,3.093,16.477,4.213,21.485,12
uav0000077_00720_v,1360x766,776,0.768,5.332,6.809,3.096,16.45,3.795,21.013,12
uav0000077_00720_v,1360x766,777,0.813,5.366,6.79,3.206,16.57,3.792,21.175,10
uav0000077_00720_v,1360x766,778,0.765,5.37,6.781,3.077,16.373,3.816,20.954,11
uav0000077_00720_v,1360x766,779,0.807,5.4,6.795,3.072,16.462,4.296,21.565,15
uav0000077_00720_v,1360x766,780,0.581,5.369,6.796,3.152,16.523,3.928,21.031,11
uav0000088_00290_v,960x540,1,16.577,8.862,6.833,4.01,21.13,27.625,65.332,300
uav0000088_00290_v,960x540,2,0.565,8.416,6.814,3.803,20.323,34.851,55.739,300
uav0000088_00290_v,960x540,3,0.584,8.429,6.812,3.858,20.396,36.108,57.088,300
uav0000088_00290_v,960x540,4,0.585,8.504,6.819,3.903,20.477,36.218,57.28,300
uav0000088_00290_v,960x540,5,0.581,8.508,6.801,3.814,20.366,35.202,56.148,300
uav0000088_00290_v,960x540,6,0.558,8.545,6.805,3.908,20.498,35.275,56.33,300
uav0000088_00290_v,960x540,7,0.566,8.578,6.851,4.053,20.75,34.971,56.286,300
uav0000088_00290_v,960x540,8,0.567,8.537,6.808,3.632,20.239,34.34,55.146,300
uav0000088_00290_v,960x540,9,0.56,8.518,6.821,3.925,20.564,35.019,56.143,300
uav0000088_00290_v,960x540,10,0.557,8.513,6.809,3.78,20.375,34.432,55.364,300
uav0000088_00290_v,960x540,11,0.553,8.514,6.81,3.833,20.423,34.339,55.314,300
uav0000088_00290_v,960x540,12,0.565,8.522,6.82,3.798,20.449,36.415,57.429,300
uav0000088_00290_v,960x540,13,0.55,8.548,6.813,3.833,20.459,35.63,56.639,300
uav0000088_00290_v,960x540,14,0.53,8.532,6.822,3.876,20.527,36.551,57.607,300
uav0000088_00290_v,960x540,15,0.558,8.499,6.827,3.731,20.327,35.896,56.781,300
uav0000088_00290_v,960x540,16,0.547,8.49,6.833,3.766,20.358,35.334,56.239,300
uav0000088_00290_v,960x540,17,0.543,8.555,6.812,3.905,20.672,33.689,54.904,300
uav0000088_00290_v,960x540,18,0.514,8.529,6.809,3.68,20.307,35.575,56.396,300
uav0000088_00290_v,960x540,19,0.54,8.577,6.817,3.854,20.531,34.923,55.994,300
uav0000088_00290_v,960x540,20,1.141,8.692,6.833,3.917,20.847,36.006,57.995,300
uav0000088_00290_v,960x540,21,0.674,8.537,6.82,3.781,20.461,35.119,56.254,300
uav0000088_00290_v,960x540,22,0.525,8.425,6.805,3.659,20.207,37.436,58.168,300
uav0000088_00290_v,960x540,23,0.554,8.555,6.824,3.822,20.483,35.776,56.813,300
uav0000088_00290_v,960x540,24,0.566,8.52,6.81,3.689,20.296,37.451,58.313,300
uav0000088_00290_v,960x540,25,0.551,9.009,6.826,3.729,20.84,36.303,57.695,300
uav0000088_00290_v,960x540,26,0.537,8.482,6.814,3.679,20.257,37.024,57.818,300
uav0000088_00290_v,960x540,27,0.564,8.538,6.815,3.712,20.359,37.301,58.225,300
uav0000088_00290_v,960x540,28,0.547,8.498,6.813,3.778,20.359,36.744,57.65,300
uav0000088_00290_v,960x540,29,0.555,8.551,6.816,3.729,20.371,35.672,56.597,300
uav0000088_00290_v,960x540,30,0.538,8.481,6.823,3.735,20.309,36.684,57.53,300
uav0000088_00290_v,960x540,31,0.549,8.484,6.82,3.693,20.281,38.839,59.668,300
uav0000088_00290_v,960x540,32,0.546,8.534,6.854,3.844,20.521,35.225,56.291,300
uav0000088_00290_v,960x540,33,0.539,8.49,6.817,3.695,20.27,36.511,57.32,300
uav0000088_00290_v,960x540,34,0.582,8.477,6.81,3.831,20.43,34.857,55.869,300
uav0000088_00290_v,960x540,35,0.571,8.512,6.822,3.737,20.346,34.646,55.562,300
uav0000088_00290_v,960x540,36,0.582,8.58,6.821,3.877,20.573,34.021,55.175,300
uav0000088_00290_v,960x540,37,0.516,8.687,6.819,3.816,20.609,34.133,55.258,300
uav0000088_00290_v,960x540,38,0.565,8.467,6.818,3.872,20.441,34.386,55.393,300
uav0000088_00290_v,960x540,39,0.553,8.497,6.816,3.791,20.379,31.924,52.857,300
uav0000088_00290_v,960x540,40,0.549,8.55,6.835,3.8,20.456,31.744,52.749,300
uav0000088_00290_v,960x540,41,0.547,8.44,6.837,3.768,20.381,31.296,52.224,300
uav0000088_00290_v,960x540,42,0.483,8.446,6.808,3.629,20.183,29.461,50.126,300
uav0000088_00290_v,960x540,43,0.542,8.574,6.892,3.826,20.562,31.058,52.163,300
uav0000088_00290_v,960x540,44,0.53,8.579,6.805,3.607,20.324,29.107,49.961,300
uav0000088_00290_v,960x540,45,0.539,8.504,6.822,3.654,20.248,28.651,49.438,300
uav0000088_00290_v,960x540,46,0.551,8.52,6.811,3.585,20.161,31.318,52.03,300
uav0000088_00290_v,960x540,47,0.545,8.549,6.805,3.547,20.153,30.316,51.015,300
uav0000088_00290_v,960x540,48,0.567,8.569,6.804,3.723,20.371,29.005,49.943,300
uav0000088_00290_v,960x540,49,0.54,8.474,6.832,3.552,20.092,30.386,51.018,300
uav0000088_00290_v,960x540,50,0.538,8.466,6.804,3.551,20.059,29.612,50.209,300
uav0000088_00290_v,960x540,51,0.523,8.477,6.788,3.523,20.049,27.714,48.286,300
uav0000088_00290_v,960x540,52,0.577,8.484,6.802,3.499,20.059,28.158,48.794,300
uav0000088_00290_v,960x540,53,0.539,8.531,6.812,3.839,20.433,28.935,49.908,300
uav0000088_00290_v,960x540,54,0.555,8.556,6.806,3.533,20.186,29.32,50.061,300
uav0000088_00290_v,960x540,55,0.541,8.516,6.794,3.556,20.133,28.197,48.871,300
uav0000088_00290_v,960x540,56,1.129,8.837,6.822,3.696,20.612,28.121,49.861,300
uav0000088_00290_v,960x540,57,0.546,8.402,6.802,3.411,19.881,29.411,49.837,300
uav0000088_00290_v,960x540,58,0.541,8.556,6.832,3.579,20.224,28.292,49.057,300
uav0000088_00290_v,960x540,59,0.5,8.498,6.82,3.536,20.109,29.572,50.181,300
uav0000088_00290_v,960x540,60,0.545,8.534,6.827,3.567,20.184,31.15,51.879,300
uav0000088_00290_v,960x540,61,0.538,8.427,6.797,3.422,19.903,30.764,51.205,300
uav0000088_00290_v,960x540,62,0.54,8.481,6.8,3.364,19.925,30.13,50.596,300
uav0000088_00290_v,960x540,63,0.53,8.472,6.793,3.453,19.945,32.154,52.629,300
uav0000088_00290_v,960x540,64,0.542,8.446,6.803,3.508,20.032,31.064,51.638,300
uav0000088_00290_v,960x540,65,0.536,8.5,6.811,3.55,20.152,31.86,52.547,300
uav0000088_00290_v,960x540,66,0.653,8.495,6.824,3.476,20.086,31.972,52.71,300
uav0000088_00290_v,960x540,67,0.54,8.497,6.81,3.476,20.02,31.914,52.474,300
uav0000088_00290_v,960x540,68,0.527,8.495,6.812,3.433,19.999,30.992,51.519,300
uav0000088_00290_v,960x540,69,0.494,8.479,6.815,3.481,20.01,31.516,52.021,300
uav0000088_00290_v,960x540,70,0.539,8.498,6.812,3.535,20.073,32.397,53.009,300
uav0000088_00290_v,960x540,71,0.534,8.538,6.803,3.521,20.123,31.295,51.952,300
uav0000088_00290_v,960x540,72,0.555,8.519,6.81,3.52,20.092,31.401,52.048,300
uav0000088_00290_v,960x540,73,0.544,8.571,6.798,3.472,20.1,31.552,52.195,300
uav0000088_00290_v,960x540,74,0.547,8.477,6.811,3.448,19.991,29.876,50.414,300
uav0000088_00290_v,960x540,75,0.529,8.586,6.802,3.515,20.147,31.028,51.704,300
uav0000088_00290_v,960x540,76,0.557,8.53,6.829,3.541,20.194,29.986,50.736,300
uav0000088_00290_v,960x540,77,0.536,8.453,6.815,3.478,20.002,30.572,51.111,300
uav0000088_00290_v,960x540,78,0.502,8.535,6.812,3.521,20.116,29.529,50.147,300
uav0000088_00290_v,960x540,79,0.548,8.543,6.826,3.479,20.085,29.293,49.926,300
uav0000088_00290_v,960x540,80,0.524,8.531,6.806,3.463,20.024,32.192,52.741,300
uav0000088_00290_v,960x540,81,0.541,8.517,6.802,3.501,20.087,28.917,49.545,300
uav0000088_00290_v,960x540,82,0.523,8.587,6.83,3.533,20.222,30.796,51.542,300
uav0000088_00290_v,960x540,83,0.554,8.531,6.824,3.497,20.119,31.219,51.892,300
uav0000088_00290_v,960x540,84,0.534,8.575,6.808,3.529,20.19,30.376,51.1,300
uav0000088_00290_v,960x540,85,0.63,8.414,6.806,3.474,19.962,32.117,52.709,300
uav0000088_00290_v,960x540,86,0.62,8.479,6.804,3.459,20.023,33.783,54.426,300
uav0000088_00290_v,960x540,87,0.616,8.548,6.822,3.524,20.148,33.268,54.032,300
uav0000088_00290_v,960x540,88,0.522,8.516,6.818,3.47,20.062,32.573,53.158,300
uav0000088_00290_v,960x540,89,0.526,8.597,6.807,3.534,20.211,33.649,54.386,300
uav0000088_00290_v,960x540,90,0.526,8.478,6.811,3.544,20.09,33.594,54.211,300
uav0000088_00290_v,960x540,91,0.53,8.504,6.838,3.519,20.125,34.218,54.873,300
uav0000088_00290_v,960x540,92,0.62,8.534,6.798,3.47,20.034,33.802,54.456,300
uav0000088_00290_v,960x540,93,0.607,8.468,6.806,3.437,20.005,35.323,55.935,300
uav0000088_00290_v,960x540,94,0.542,8.636,6.809,3.509,20.236,36.096,56.874,300
uav0000088_00290_v,960x540,95,0.525,8.532,6.82,3.597,20.212,35.791,56.528,300
uav0000088_00290_v,960x540,96,0.521,8.515,6.803,3.532,20.103,35.104,55.728,300
uav0000088_00290_v,960x540,97,0.53,8.488,6.808,3.524,20.093,35.247,55.87,300
uav0000088_00290_v,960x540,98,0.627,8.539,6.806,3.604,20.219,37.15,57.996,300
uav0000088_00290_v,960x540,99,0.618,8.416,6.81,3.482,19.988,36.136,56.742,300
uav0000088_00290_v,960x540,100,0.51,8.47,6.819,3.493,20.067,33.904,54.482,300
uav0000088_00290_v,960x540,101,0.54,8.492,6.828,3.525,20.094,34.02,54.654,300
uav0000088_00290_v,960x540,102,0.536,8.602,6.807,3.578,20.266,34.045,54.847,300
uav0000088_00290_v,960x540,103,0.554,8.516,6.804,3.45,20.071,31.137,51.762,300
uav0000088_00290_v,960x540,104,0.562,8.498,6.834,3.429,20.031,31.592,52.185,300
uav0000088_00290_v,960x540,105,0.557,8.536,6.807,3.604,20.232,32.331,53.12,300
uav0000088_00290_v,960x540,106,0.534,8.501,6.813,3.511,20.097,32.574,53.204,300
uav0000088_00290_v,960x540,107,0.538,8.496,6.834,3.553,20.151,30.521,51.21,300
uav0000088_00290_v,960x540,108,0.437,8.533,6.82,3.607,20.223,32.517,53.178,300
uav0000088_00290_v,960x540,109,0.476,8.487,6.82,3.466,20.024,30.841,51.341,300
uav0000088_00290_v,960x540,110,0.546,8.514,6.798,3.516,20.091,32.621,53.258,300
uav0000088_00290_v,960x540,111,0.6,8.462,6.808,3.457,20.011,32.012,52.623,300
uav0000088_00290_v,960x540,112,0.512,8.527,6.823,3.465,20.11,31.515,52.137,300
uav0000088_00290_v,960x540,113,0.542,8.523,6.803,3.506,20.087,32.282,52.911,300
uav0000088_00290_v,960x540,114,0.537,8.513,6.808,3.4,19.995,34.087,54.619,300
uav0000088_00290_v,960x540,115,0.538,8.497,6.801,3.474,20.053,34.664,55.255,300
uav0000088_00290_v,960x540,116,0.515,8.5,6.806,3.478,20.089,34.049,54.653,300
uav0000088_00290_v,960x540,117,0.531,8.606,6.831,3.529,20.224,35.098,55.853,300
uav0000088_00290_v,960x540,118,0.539,8.539,6.807,3.538,20.155,35.452,56.145,300
uav0000088_00290_v,960x540,119,0.543,8.52,6.814,3.566,20.169,35.705,56.417,300
uav0000088_00290_v,960x540,120,0.519,8.54,6.815,3.524,20.161,34.877,55.557,300
uav0000088_00290_v,960x540,121,0.547,8.51,6.827,3.447,20.08,35.075,55.702,300
uav0000088_00290_v,960x540,122,0.539,8.515,6.801,3.427,20.004,33.672,54.214,300
uav0000088_00290_v,960x540,123,0.538,8.456,6.811,3.455,20.001,32.583,53.123,300
uav0000088_00290_v,960x540,124,0.559,8.636,6.822,3.511,20.275,33.58,54.414,300
uav0000088_00290_v,960x540,125,0.544,8.615,6.815,3.395,20.145,32.978,53.667,300
uav0000088_00290_v,960x540,126,0.54,8.538,6.806,3.533,20.136,33.305,53.981,300
uav0000088_00290_v,960x540,127,0.549,8.409,6.806,3.451,19.945,33.28,53.774,300
uav0000088_00290_v,960x540,128,0.51,8.479,6.799,3.51,20.025,32.62,53.155,300
uav0000088_00290_v,960x540,129,0.53,8.536,6.845,3.497,20.134,35.457,56.121,300
uav0000088_00290_v,960x540,130,1.17,8.484,6.824,3.584,20.348,34.656,56.174,300
uav0000088_00290_v,960x540,131,0.544,8.556,6.81,3.468,20.099,34.153,54.796,300
uav0000088_00290_v,960x540,132,0.54,8.619,6.81,3.47,20.172,34.263,54.974,300
uav0000088_00290_v,960x540,133,0.473,8.495,6.821,3.536,20.107,33.929,54.509,300
uav0000088_00290_v,960x540,134,0.534,8.516,6.79,3.41,19.989,33.486,54.009,300
uav0000088_00290_v,960x540,135,0.533,8.449,6.809,3.464,19.937,32.529,52.999,300
uav0000088_00290_v,960x540,136,0.507,8.527,6.848,3.52,20.131,32.745,53.382,300
uav0000088_00290_v,960x540,137,0.551,8.511,6.821,3.481,20.121,30.784,51.456,300
uav0000088_00290_v,960x540,138,0.531,8.467,6.811,3.48,20.042,33.677,54.251,300
uav0000088_00290_v,960x540,139,0.533,8.499,6.812,3.451,20.046,32.275,52.854,300
uav0000088_00290_v,960x540,140,0.528,8.447,6.836,3.44,19.938,31.908,52.374,300
uav0000088_00290_v,960x540,141,0.529,8.505,6.82,3.537,20.089,31.74,52.358,300
uav0000088_00290_v,960x540,142,0.527,8.45,6.818,3.494,20.055,32.459,53.04,300
uav0000088_00290_v,960x540,143,0.547,8.636,6.814,3.491,20.215,32.058,52.82,300
uav0000088_00290_v,960x540,144,0.512,8.513,6.805,3.496,20.1,32.635,53.247,300
uav0000088_00290_v,960x540,145,0.54,8.529,6.825,3.468,20.104,31.844,52.488,300
uav0000088_00290_v,960x540,146,0.533,8.482,6.794,3.437,19.969,32.295,52.797,300
uav0000088_00290_v,960x540,147,0.525,8.575,6.806,3.406,20.052,32.468,53.045,300
uav0000088_00290_v,960x540,148,0.512,8.545,6.809,3.437,20.048,32.598,53.159,300
uav0000088_00290_v,960x540,149,0.548,8.505,6.822,3.52,20.149,34.293,54.991,300
uav0000088_00290_v,960x540,150,0.537,8.564,6.81,3.395,20.022,32.437,52.996,300
uav0000088_00290_v,960x540,151,0.512,8.526,6.802,3.464,20.056,33.965,54.533,300
uav0000088_00290_v,960x540,152,0.493,8.512,6.818,3.486,20.051,34.149,54.693,300
uav0000088_00290_v,960x540,153,0.551,8.379,6.825,3.446,19.894,33.264,53.71,300
uav0000088_00290_v,960x540,154,0.539,8.543,6.809,3.515,20.109,32.266,52.914,300
uav0000088_00290_v,960x540,155,0.56,8.509,6.828,3.54,20.162,32.622,53.344,300
uav0000088_00290_v,960x540,156,0.541,8.445,6.814,3.53,20.077,32.704,53.321,300
uav0000088_00290_v,960x540,157,0.544,8.477,6.824,3.475,20.036,33.292,53.871,300
uav0000088_00290_v,960x540,158,0.561,8.444,6.806,3.408,19.9,31.196,51.658,300
uav0000088_00290_v,960x540,159,0.526,8.554,6.824,3.565,20.21,30.791,51.527,300
uav0000088_00290_v,960x540,160,0.509,8.534,6.805,3.501,20.074,32.205,52.788,300
uav0000088_00290_v,960x540,161,0.545,8.493,6.839,3.471,20.093,31.618,52.257,300
uav0000088_00290_v,960x540,162,0.546,8.417,6.801,3.459,19.987,31.971,52.504,300
uav0000088_00290_v,960x540,163,0.494,8.53,6.819,3.42,20.039,31.472,52.004,300
uav0000088_00290_v,960x540,164,0.524,8.501,6.803,3.389,19.973,31.411,51.908,300
uav0000088_00290_v,960x540,165,0.536,8.454,6.827,3.432,19.997,31.502,52.035,300
uav0000088_00290_v,960x540,166,0.565,8.523,6.822,3.413,20.061,31.385,52.011,300
uav0000088_00290_v,960x540,167,0.558,8.498,6.809,3.431,20.055,31.513,52.126,300
uav0000088_00290_v,960x540,168,0.515,8.548,6.825,3.512,20.217,31.686,52.417,300
uav0000088_00290_v,960x540,169,0.538,8.505,6.824,3.436,20.029,33.008,53.575,300
uav0000088_00290_v,960x540,170,0.529,8.534,6.792,3.452,20.002,33.378,53.909,300
uav0000088_00290_v,960x540,171,0.539,8.499,6.796,3.492,20.065,32.958,53.562,300
uav0000088_00290_v,960x540,172,0.52,8.697,6.827,3.559,20.348,32.972,53.84,300
uav0000088_00290_v,960x540,173,0.557,8.457,6.8,3.46,19.997,32.138,52.693,300
uav0000088_00290_v,960x540,174,0.533,8.49,6.81,3.567,20.131,30.872,51.536,300
uav0000088_00290_v,960x540,175,0.549,8.461,6.814,3.445,19.994,31.733,52.276,300
uav0000088_00290_v,960x540,176,0.504,8.45,6.813,3.458,19.994,32.936,53.433,300
uav0000088_00290_v,960x540,177,0.538,8.521,6.811,3.489,20.268,31.96,52.767,300
uav0000088_00290_v,960x540,178,0.544,8.556,6.831,3.577,20.226,31.57,52.34,300
uav0000088_00290_v,960x540,179,0.541,8.497,6.807,3.55,20.12,33.784,54.445,300
uav0000088_00290_v,960x540,180,0.515,8.542,6.805,3.532,20.159,32.677,53.351,300
uav0000088_00290_v,960x540,181,0.552,8.49,6.817,3.54,20.115,32.718,53.386,300
uav0000088_00290_v,960x540,182,0.537,8.543,6.805,3.481,20.076,33.187,53.799,300
uav0000088_00290_v,960x540,183,0.539,8.507,6.808,3.512,20.068,33.867,54.473,300
uav0000088_00290_v,960x540,184,0.526,8.531,6.819,3.575,20.197,34.467,55.191,300
uav0000088_00290_v,960x540,185,0.55,8.535,6.828,3.478,20.139,34.016,54.706,300
uav0000088_00290_v,960x540,186,0.528,8.549,6.802,3.494,20.099,33.788,54.415,300
uav0000088_00290_v,960x540,187,0.541,8.52,6.818,3.517,20.127,33.95,54.618,300
uav0000088_00290_v,960x540,188,0.534,8.427,6.805,3.462,19.987,32.939,53.461,300
uav0000088_00290_v,960x540,189,0.543,8.585,6.823,3.49,20.139,32.584,53.265,300
uav0000088_00290_v,960x540,190,0.529,8.502,6.83,3.456,20.073,33.081,53.683,300
uav0000088_00290_v,960x540,191,0.538,8.568,6.808,3.424,20.088,31.932,52.558,300
uav0000088_00290_v,960x540,192,0.521,8.573,6.809,3.577,20.226,32.37,53.117,300
uav0000088_00290_v,960x540,193,0.538,8.509,6.816,3.492,20.068,32.519,53.125,300
uav0000088_00290_v,960x540,194,0.528,8.416,6.807,3.517,20.035,32.862,53.425,300
uav0000088_00290_v,960x540,195,0.539,8.526,6.81,3.591,20.188,33.707,54.435,300
uav0000088_00290_v,960x540,196,0.525,8.483,6.806,3.466,20.06,33.844,54.43,300
uav0000088_00290_v,960x540,197,0.558,8.578,6.848,3.519,20.238,33.183,53.98,300
uav0000088_00290_v,960x540,198,0.599,8.511,6.8,3.459,20.062,33.002,53.663,300
uav0000088_00290_v,960x540,199,0.541,8.451,6.793,3.454,19.955,32.815,53.311,300
uav0000088_00290_v,960x540,200,0.522,8.535,6.809,3.482,20.08,33.154,53.757,300
uav0000088_00290_v,960x540,201,0.546,8.567,6.822,3.572,20.215,33.359,54.12,300
uav0000088_00290_v,960x540,202,0.55,8.491,6.805,3.493,20.066,32.591,53.207,300
uav0000088_00290_v,960x540,203,0.544,8.555,6.824,3.561,20.246,33.617,54.408,300
uav0000088_00290_v,960x540,204,0.49,8.493,6.808,3.531,20.091,31.465,52.046,300
uav0000088_00290_v,960x540,205,0.474,8.467,6.823,3.612,20.156,32.454,53.084,300
uav0000088_00290_v,960x540,206,0.839,8.471,6.813,3.447,20.007,32.788,53.634,300
uav0000088_00290_v,960x540,207,0.538,8.547,6.829,3.529,20.167,31.416,52.121,300
uav0000088_00290_v,960x540,208,0.511,8.572,6.8,3.439,20.085,31.262,51.858,300
uav0000088_00290_v,960x540,209,0.546,8.514,6.819,3.434,20.027,33.638,54.211,300
uav0000088_00290_v,960x540,210,0.535,8.517,6.811,3.497,20.161,33.437,54.133,300
uav0000088_00290_v,960x540,211,0.529,8.472,6.8,3.432,19.954,31.944,52.426,300
uav0000088_00290_v,960x540,212,0.533,8.521,6.812,3.46,20.034,32.937,53.503,300
uav0000088_00290_v,960x540,213,0.548,8.515,6.829,3.567,20.202,33.659,54.409,300
uav0000088_00290_v,960x540,214,0.532,8.533,6.816,3.545,20.159,32.181,52.872,300
uav0000088_00290_v,960x540,215,0.552,8.479,6.841,3.603,20.198,33.745,54.494,300
uav0000088_00290_v,960x540,216,0.514,8.552,6.84,3.54,20.197,34.133,54.843,300
uav0000088_00290_v,960x540,217,0.494,8.48,6.819,3.613,20.174,33.539,54.207,300
uav0000088_00290_v,960x540,218,0.517,8.496,6.803,3.432,19.98,33.36,53.857,300
uav0000088_00290_v,960x540,219,0.471,8.602,6.805,3.621,20.272,32.257,52.999,300
uav0000088_00290_v,960x540,220,0.513,8.537,6.821,3.573,20.194,34.456,55.164,300
uav0000088_00290_v,960x540,221,0.539,8.478,6.834,3.446,20.011,33.596,54.146,300
uav0000088_00290_v,960x540,222,0.538,8.496,6.824,3.508,20.07,34.047,54.654,300
uav0000088_00290_v,960x540,223,0.496,8.502,6.802,3.467,20.027,32.756,53.279,300
uav0000088_00290_v,960x540,224,0.543,8.489,6.808,3.571,20.1,34.192,54.835,300
uav0000088_00290_v,960x540,225,0.527,8.614,6.831,3.635,20.356,33.44,54.323,300
uav0000088_00290_v,960x540,226,0.526,8.563,6.822,3.604,20.241,33.795,54.562,300
uav0000088_00290_v,960x540,227,0.525,8.56,6.803,3.586,20.221,36.692,57.438,300
uav0000088_00290_v,960x540,228,0.523,8.511,6.81,3.524,20.125,34.875,55.523,300
uav0000088_00290_v,960x540,229,0.465,8.49,6.829,3.583,20.175,37.179,57.82,300
uav0000088_00290_v,960x540,230,0.529,8.515,6.802,3.578,20.111,37.666,58.306,300
uav0000088_00290_v,960x540,231,0.532,8.486,6.808,3.594,20.221,36.184,56.936,300
uav0000088_00290_v,960x540,232,0.5,8.516,6.814,3.583,20.173,37.329,58.002,300
uav0000088_00290_v,960x540,233,0.64,8.505,6.806,3.622,20.269,35.339,56.248,300
uav0000088_00290_v,960x540,234,0.523,8.489,6.817,3.582,20.238,36.417,57.178,300
uav0000088_00290_v,960x540,235,0.53,8.484,6.81,3.525,20.087,36.489,57.106,300
uav0000088_00290_v,960x540,236,0.502,8.489,6.804,3.489,20.02,35.844,56.367,300
uav0000088_00290_v,960x540,237,0.527,8.484,6.81,3.617,20.188,36.26,56.975,300
uav0000088_00290_v,960x540,238,0.546,8.447,6.813,3.539,20.119,35.688,56.353,300
uav0000088_00290_v,960x540,239,0.58,8.534,6.809,3.534,20.175,36.159,56.914,300
uav0000088_00290_v,960x540,240,0.52,8.505,6.822,3.586,20.194,36.928,57.642,300
uav0000088_00290_v,960x540,241,0.537,8.447,6.797,3.51,20.017,37.37,57.924,300
uav0000088_00290_v,960x540,242,0.536,8.452,6.805,3.521,20.075,35.96,56.572,300
uav0000088_00290_v,960x540,243,0.514,8.607,6.839,3.575,20.304,36.333,57.151,300
uav0000088_00290_v,960x540,244,0.573,8.506,6.809,3.542,20.138,35.721,56.432,300
uav0000088_00290_v,960x540,245,0.537,8.52,6.831,3.527,20.137,34.262,54.936,300
uav0000088_00290_v,960x540,246,0.534,8.537,6.812,3.528,20.145,33.28,53.959,300
uav0000088_00290_v,960x540,247,0.537,8.391,6.812,3.468,19.96,32.488,52.985,300
uav0000088_00290_v,960x540,248,0.507,8.449,6.813,3.497,20.009,31.156,51.672,300
uav0000088_00290_v,960x540,249,0.538,8.472,6.824,3.523,20.139,31.156,51.834,300
uav0000088_00290_v,960x540,250,0.54,8.494,6.815,3.427,20.036,31.003,51.578,300
uav0000088_00290_v,960x540,251,0.558,8.645,6.823,3.57,20.351,30.301,51.209,300
uav0000088_00290_v,960x540,252,0.507,8.585,6.812,3.57,20.234,30.504,51.245,300
uav0000088_00290_v,960x540,253,0.518,8.521,6.806,3.564,20.158,30.632,51.307,300
uav0000088_00290_v,960x540,254,0.524,8.568,6.799,3.503,20.129,30.323,50.976,300
uav0000088_00290_v,960x540,255,0.53,8.578,6.825,3.622,20.316,30.76,51.606,300
uav0000088_00290_v,960x540,256,0.536,8.65,6.839,3.777,20.577,32.39,53.502,300
uav0000088_00290_v,960x540,257,0.441,8.561,6.831,3.58,20.236,33.105,53.781,300
uav0000088_00290_v,960x540,258,0.524,8.531,6.835,3.73,20.379,33.842,54.745,300
uav0000088_00290_v,960x540,259,0.525,8.514,6.843,3.639,20.262,35.322,56.109,300
uav0000088_00290_v,960x540,260,0.484,8.538,6.838,3.579,20.211,36.104,56.799,300
uav0000088_00290_v,960x540,261,0.549,8.411,6.807,3.689,20.24,36.209,56.999,300
uav0000088_00290_v,960x540,262,0.535,8.614,6.84,3.724,20.479,37.247,58.262,300
uav0000088_00290_v,960x540,263,0.538,8.546,6.823,3.721,20.367,38.192,59.097,300
uav0000088_00290_v,960x540,264,0.496,8.602,6.834,3.664,20.359,38.496,59.351,300
uav0000088_00290_v,960x540,265,0.515,8.556,6.823,3.694,20.331,41.842,62.688,300
uav0000088_00290_v,960x540,266,0.533,8.537,6.801,3.464,20.085,39.319,59.936,300
uav0000088_00290_v,960x540,267,0.545,8.514,6.825,3.604,20.265,39.735,60.545,300
uav0000088_00290_v,960x540,268,0.491,8.595,6.804,3.682,20.342,40.538,61.37,300
uav0000088_00290_v,960x540,269,0.515,8.581,6.836,3.655,20.366,40.863,61.744,300
uav0000088_00290_v,960x540,270,0.543,8.567,6.835,3.606,20.32,40.05,60.912,300
uav0000088_00290_v,960x540,271,0.525,8.534,6.816,3.59,20.176,39.977,60.678,300
uav0000088_00290_v,960x540,272,0.504,8.493,6.824,3.569,20.145,39.666,60.315,300
uav0000088_00290_v,960x540,273,0.52,8.53,6.847,3.615,20.247,39.26,60.026,300
uav0000088_00290_v,960x540,274,0.529,8.486,6.835,3.615,20.219,39.903,60.651,300
uav0000088_00290_v,960x540,275,0.526,8.528,6.846,3.597,20.244,39.033,59.803,300
uav0000088_00290_v,960x540,276,0.507,8.509,6.834,3.571,20.179,40.046,60.732,300
uav0000088_00290_v,960x540,277,0.519,8.496,6.817,3.6,20.189,39.712,60.42,300
uav0000088_00290_v,960x540,278,0.546,8.46,6.797,3.484,20.051,38.406,59.003,300
uav0000088_00290_v,960x540,279,0.528,8.521,6.835,3.587,20.23,37.678,58.437,300
uav0000088_00290_v,960x540,280,0.504,8.592,6.822,3.557,20.251,37.979,58.734,300
uav0000088_00290_v,960x540,281,0.522,8.491,6.825,3.61,20.239,36.835,57.596,300
uav0000088_00290_v,960x540,282,0.511,8.541,6.828,3.597,20.233,35.965,56.709,300
uav0000088_00290_v,960x540,283,0.505,8.476,6.815,3.564,20.117,35.964,56.586,300
uav0000088_00290_v,960x540,284,0.5,8.565,6.821,3.556,20.201,36.344,57.045,300
uav0000088_00290_v,960x540,285,0.544,8.453,6.805,3.545,20.081,37.605,58.229,300
uav0000088_00290_v,960x540,286,0.531,8.519,6.831,3.583,20.208,36.708,57.448,300
uav0000088_00290_v,960x540,287,0.559,8.583,6.836,3.558,20.298,37.473,58.329,300
uav0000088_00290_v,960x540,288,0.498,8.515,6.829,3.622,20.251,37.783,58.533,300
uav0000088_00290_v,960x540,289,0.517,8.505,6.812,3.618,20.201,37.149,57.866,300
uav0000088_00290_v,960x540,290,0.473,8.511,6.822,3.573,20.18,36.603,57.257,300
uav0000088_00290_v,960x540,291,0.437,8.491,6.841,3.59,20.236,36.268,56.941,300
uav0000088_00290_v,960x540,292,0.4,8.563,6.829,3.604,20.277,36.82,57.498,300
uav0000088_00290_v,960x540,293,0.397,8.487,6.831,3.659,20.227,35.65,56.274,300
uav0000088_00290_v,960x540,294,0.381,8.532,6.834,3.577,20.239,36.734,57.353,300
uav0000088_00290_v,960x540,295,0.502,8.507,6.813,3.671,20.265,38.632,59.4,300
uav0000088_00290_v,960x540,296,0.418,8.445,6.827,3.573,20.16,37.728,58.307,300
uav0000119_02301_v,1360x766,1,26.619,5.578,6.942,3.502,17.532,13.877,58.028,300
uav0000119_02301_v,1360x766,2,0.917,5.502,6.89,3.395,17.109,17.781,35.806,300
uav0000119_02301_v,1360x766,3,1.069,5.385,6.837,3.438,16.96,17.252,35.281,300
uav0000119_02301_v,1360x766,4,0.867,5.424,6.857,3.417,16.981,17.515,35.363,300
uav0000119_02301_v,1360x766,5,0.884,5.437,6.862,3.392,16.984,17.637,35.506,300
uav0000119_02301_v,1360x766,6,0.882,5.422,6.848,3.418,16.959,17.19,35.031,300
uav0000119_02301_v,1360x766,7,0.9,5.427,6.832,3.401,16.921,17.254,35.075,300
uav0000119_02301_v,1360x766,8,0.874,5.46,6.839,3.345,16.945,17.603,35.422,300
uav0000119_02301_v,1360x766,9,0.89,5.409,6.857,3.345,16.829,18.209,35.928,300
uav0000119_02301_v,1360x766,10,0.86,5.449,6.856,3.402,16.98,17.283,35.123,300
uav0000119_02301_v,1360x766,11,1.516,5.399,6.83,3.584,17.208,18.204,36.928,300
uav0000119_02301_v,1360x766,12,0.879,5.503,6.858,3.383,17.048,17.736,35.663,300
uav0000119_02301_v,1360x766,13,0.857,5.447,6.839,3.341,16.89,18.197,35.944,300
uav0000119_02301_v,1360x766,14,0.877,5.426,6.856,3.438,16.995,18.238,36.11,300
uav0000119_02301_v,1360x766,15,0.866,5.41,6.841,3.475,17.028,18.154,36.048,300
uav0000119_02301_v,1360x766,16,0.87,5.403,6.849,3.377,16.87,19.136,36.877,300
uav0000119_02301_v,1360x766,17,0.866,5.407,6.845,3.259,16.895,19.101,36.862,300
uav0000119_02301_v,1360x766,18,0.745,5.435,6.847,3.344,16.9,17.984,35.628,300
uav0000119_02301_v,1360x766,19,0.918,5.433,6.83,3.363,16.906,19.012,36.837,300
uav0000119_02301_v,1360x766,20,0.874,5.427,6.845,3.425,16.96,18.811,36.644,300
uav0000119_02301_v,1360x766,21,0.703,5.407,6.865,3.337,16.824,18.278,35.805,300
uav0000119_02301_v,1360x766,22,0.863,5.39,6.837,3.343,16.814,18.27,35.947,300
uav0000119_02301_v,1360x766,23,0.885,5.407,6.821,3.415,16.923,18.632,36.44,300
uav0000119_02301_v,1360x766,24,0.878,5.43,6.856,3.446,17.034,18.149,36.062,300
uav0000119_02301_v,1360x766,25,0.723,5.43,6.849,3.437,16.942,18.94,36.605,300
uav0000119_02301_v,1360x766,26,0.724,5.427,6.842,3.39,16.927,18.148,35.799,300
uav0000119_02301_v,1360x766,27,0.735,5.407,6.832,3.426,16.921,18.778,36.434,300
uav0000119_02301_v,1360x766,28,0.863,5.436,6.89,3.439,17.051,19.0,36.914,300
uav0000119_02301_v,1360x766,29,0.912,5.439,6.833,3.419,16.957,18.873,36.743,300
uav0000119_02301_v,1360x766,30,0.884,5.424,6.824,3.358,16.856,18.878,36.618,300
uav0000119_02301_v,1360x766,31,0.877,5.412,6.814,3.387,16.875,17.947,35.698,300
uav0000119_02301_v,1360x766,32,0.885,5.4,6.847,3.388,16.863,18.093,35.841,300
uav0000119_02301_v,1360x766,33,0.846,5.413,6.857,3.393,16.876,17.783,35.506,300
uav0000119_02301_v,1360x766,34,0.871,5.397,6.83,3.342,16.796,17.968,35.634,300
uav0000119_02301_v,1360x766,35,0.724,5.436,6.819,3.426,16.951,19.073,36.748,300
uav0000119_02301_v,1360x766,36,1.49,5.438,6.859,3.666,17.375,18.489,37.354,300
uav0000119_02301_v,1360x766,37,0.87,5.412,6.83,3.383,16.879,19.36,37.109,300
uav0000119_02301_v,1360x766,38,0.871,5.471,6.86,3.435,17.128,18.603,36.602,300
uav0000119_02301_v,1360x766,39,0.75,5.396,6.818,3.43,16.938,18.515,36.203,300
uav0000119_02301_v,1360x766,40,0.888,5.397,6.832,3.278,16.743,18.102,35.732,300
uav0000119_02301_v,1360x766,41,0.737,5.436,6.842,3.386,16.927,19.133,36.796,300
uav0000119_02301_v,1360x766,42,0.905,5.424,6.837,3.454,16.97,19.335,37.21,300
uav0000119_02301_v,1360x766,43,0.87,5.412,6.816,3.434,16.927,19.498,37.294,300
uav0000119_02301_v,1360x766,44,0.856,5.43,6.85,3.437,17.046,19.697,37.6,300
uav0000119_02301_v,1360x766,45,0.863,5.413,6.857,3.379,16.892,18.784,36.539,300
uav0000119_02301_v,1360x766,46,0.867,5.429,6.859,3.43,16.988,19.23,37.085,300
uav0000119_02301_v,1360x766,47,0.721,5.426,6.815,3.421,16.971,19.975,37.667,300
uav0000119_02301_v,1360x766,48,0.865,5.419,6.815,3.372,16.878,19.618,37.361,300
uav0000119_02301_v,1360x766,49,0.862,5.433,6.855,3.444,16.985,19.444,37.291,300
uav0000119_02301_v,1360x766,50,0.891,5.416,6.822,3.368,16.941,19.705,37.537,300
uav0000119_02301_v,1360x766,51,0.85,5.397,6.842,3.539,17.051,18.84,36.741,300
uav0000119_02301_v,1360x766,52,0.868,5.44,6.851,3.429,17.014,19.053,36.936,300
uav0000119_02301_v,1360x766,53,0.717,5.422,6.823,3.367,16.852,19.088,36.657,300
uav0000119_02301_v,1360x766,54,0.9,5.422,6.818,3.342,16.903,19.07,36.874,300
uav0000119_02301_v,1360x766,55,0.901,5.415,6.838,3.431,16.93,19.754,37.586,300
uav0000119_02301_v,1360x766,56,0.879,5.452,6.861,3.466,17.054,20.451,38.384,300
uav0000119_02301_v,1360x766,57,0.889,5.405,6.838,3.341,16.803,20.423,38.114,300
uav0000119_02301_v,1360x766,58,0.877,5.388,6.839,3.479,16.954,21.258,39.089,300
uav0000119_02301_v,1360x766,59,0.706,5.419,6.81,3.447,16.931,20.964,38.601,300
uav0000119_02301_v,1360x766,60,0.888,5.421,6.839,3.511,17.024,20.916,38.828,300
uav0000119_02301_v,1360x766,61,0.878,5.391,6.842,3.31,16.886,20.524,38.288,300
uav0000119_02301_v,1360x766,62,0.892,5.419,6.883,3.436,17.005,21.707,39.603,300
uav0000119_02301_v,1360x766,63,0.738,5.402,6.845,3.479,16.992,21.728,39.458,300
uav0000119_02301_v,1360x766,64,0.875,5.42,6.833,3.385,16.904,21.675,39.454,300
uav0000119_02301_v,1360x766,65,0.892,5.471,6.848,3.478,17.079,21.191,39.162,300
uav0000119_02301_v,1360x766,66,0.879,5.451,6.831,3.319,16.944,21.376,39.198,300
uav0000119_02301_v,1360x766,67,0.719,5.394,6.844,3.486,17.017,21.917,39.652,300
uav0000119_02301_v,1360x766,68,0.884,5.416,6.863,3.476,17.036,22.525,40.446,300
uav0000119_02301_v,1360x766,69,0.712,5.423,6.869,3.387,16.922,21.989,39.623,300
uav0000119_02301_v,1360x766,70,0.864,5.383,6.85,3.455,16.938,21.481,39.283,300
uav0000119_02301_v,1360x766,71,0.886,5.423,6.833,3.447,16.978,21.484,39.347,300
uav0000119_02301_v,1360x766,72,0.874,5.385,6.856,3.396,16.895,21.403,39.173,300
uav0000119_02301_v,1360x766,73,0.906,5.45,6.862,3.439,17.027,21.171,39.104,300
uav0000119_02301_v,1360x766,74,0.886,5.458,6.838,3.436,17.037,21.883,39.805,300
uav0000119_02301_v,1360x766,75,0.873,5.374,6.837,3.382,16.92,22.481,40.275,300
uav0000119_02301_v,1360x766,76,0.919,5.46,6.875,3.457,17.095,21.237,39.251,300
uav0000119_02301_v,1360x766,77,0.868,5.413,6.861,3.396,16.941,21.646,39.455,300
uav0000119_02301_v,1360x766,78,0.888,5.412,6.833,3.472,16.987,21.783,39.659,300
uav0000119_02301_v,1360x766,79,0.883,5.402,6.84,3.415,16.932,21.321,39.136,300
uav0000119_02301_v,1360x766,80,0.878,5.392,6.85,3.415,16.9,21.555,39.333,300
uav0000119_02301_v,1360x766,81,0.875,5.419,6.856,3.31,16.807,21.694,39.376,300
uav0000119_02301_v,1360x766,82,0.887,5.381,6.835,3.381,16.815,22.292,39.994,300
uav0000119_02301_v,1360x766,83,0.919,5.416,6.83,3.425,16.939,22.081,39.939,300
uav0000119_02301_v,1360x766,84,0.924,5.392,6.835,3.392,16.909,21.518,39.351,300
uav0000119_02301_v,1360x766,85,0.886,5.398,6.827,3.393,16.922,23.876,41.684,300
uav0000119_02301_v,1360x766,86,0.882,5.432,6.841,3.414,16.965,23.506,41.354,300
uav0000119_02301_v,1360x766,87,0.874,5.391,6.843,3.595,17.11,24.11,42.094,300
uav0000119_02301_v,1360x766,88,1.297,5.358,6.851,3.573,17.177,23.512,41.986,300
uav0000119_02301_v,1360x766,89,0.881,5.453,6.861,3.357,16.959,23.991,41.831,300
uav0000119_02301_v,1360x766,90,0.883,5.398,6.83,3.46,16.982,23.557,41.422,300
uav0000119_02301_v,1360x766,91,0.884,5.434,6.822,3.372,16.906,23.33,41.12,300
uav0000119_02301_v,1360x766,92,0.888,5.412,6.844,3.385,16.987,23.06,40.935,300
uav0000119_02301_v,1360x766,93,0.885,5.396,6.859,3.356,16.844,23.257,40.986,300
uav0000119_02301_v,1360x766,94,0.882,5.352,6.834,3.405,16.822,24.093,41.797,300
uav0000119_02301_v,1360x766,95,0.899,5.389,6.832,3.421,17.014,24.47,42.383,300
uav0000119_02301_v,1360x766,96,0.865,5.43,6.879,3.427,17.015,23.812,41.692,300
uav0000119_02301_v,1360x766,97,0.892,5.402,6.834,3.421,16.993,24.553,42.437,300
uav0000119_02301_v,1360x766,98,0.906,5.414,6.844,3.461,17.011,24.782,42.7,300
uav0000119_02301_v,1360x766,99,0.905,5.421,6.846,3.406,16.942,25.03,42.878,300
uav0000119_02301_v,1360x766,100,0.739,5.396,6.839,3.383,16.973,25.332,43.044,300
uav0000119_02301_v,1360x766,101,0.869,5.404,6.835,3.464,16.974,26.219,44.063,300
uav0000119_02301_v,1360x766,102,0.859,5.427,6.841,3.527,17.106,24.258,42.222,300
uav0000119_02301_v,1360x766,103,0.897,5.413,6.825,3.497,17.002,23.829,41.728,300
uav0000119_02301_v,1360x766,104,0.867,5.449,6.856,3.519,17.123,24.338,42.328,300
uav0000119_02301_v,1360x766,105,0.728,5.397,6.86,3.495,16.994,25.192,42.914,300
uav0000119_02301_v,1360x766,106,0.874,5.442,6.856,3.563,17.119,25.232,43.225,300
uav0000119_02301_v,1360x766,107,0.886,5.411,6.819,3.51,17.067,25.23,43.184,300
uav0000119_02301_v,1360x766,108,0.865,5.436,6.83,3.522,17.091,25.312,43.268,300
uav0000119_02301_v,1360x766,109,0.906,5.468,6.826,3.508,17.087,24.995,42.988,300
uav0000119_02301_v,1360x766,110,0.888,5.422,6.834,3.509,17.018,25.088,42.993,300
uav0000119_02301_v,1360x766,111,0.816,5.38,6.835,3.464,16.945,24.346,42.106,300
uav0000119_02301_v,1360x766,112,0.851,5.429,6.83,3.515,17.027,25.085,42.962,300
uav0000119_02301_v,1360x766,113,0.894,5.441,6.842,3.469,17.022,25.166,43.082,300
uav0000119_02301_v,1360x766,114,0.89,5.44,6.851,3.592,17.185,25.007,43.082,300
uav0000119_02301_v,1360x766,115,0.893,5.42,6.824,3.426,17.055,25.07,43.018,300
uav0000119_02301_v,1360x766,116,0.894,5.439,6.873,3.496,17.072,25.749,43.715,300
uav0000119_02301_v,1360x766,117,0.872,5.443,6.844,3.524,17.042,25.765,43.679,300
uav0000119_02301_v,1360x766,118,0.899,5.42,6.831,3.476,16.942,24.987,42.828,300
uav0000119_02301_v,1360x766,119,0.889,5.422,6.82,3.513,16.999,25.788,43.676,300
uav0000119_02301_v,1360x766,120,0.98,5.384,6.842,3.399,16.885,25.957,43.822,300
uav0000119_02301_v,1360x766,121,0.899,5.427,6.843,3.464,17.008,26.348,44.256,300
uav0000119_02301_v,1360x766,122,0.906,5.419,6.832,3.389,16.925,25.607,43.437,300
uav0000119_02301_v,1360x766,123,0.769,5.408,6.825,3.435,16.95,25.413,43.132,300
uav0000119_02301_v,1360x766,124,0.88,5.393,6.833,3.419,16.941,25.891,43.712,300
uav0000119_02301_v,1360x766,125,0.889,5.42,6.851,3.486,17.083,25.944,43.917,300
uav0000119_02301_v,1360x766,126,0.903,5.478,6.827,3.439,17.033,25.978,43.914,300
uav0000119_02301_v,1360x766,127,0.884,5.403,6.827,3.411,16.927,25.22,43.03,300
uav0000119_02301_v,1360x766,128,0.883,5.403,6.843,3.474,16.983,24.469,42.335,300
uav0000119_02301_v,1360x766,129,0.75,5.38,6.856,3.405,16.888,24.788,42.425,300
uav0000119_02301_v,1360x766,130,0.886,5.437,6.835,3.462,17.009,25.805,43.7,300
uav0000119_02301_v,1360x766,131,0.883,5.415,6.815,3.52,17.034,27.02,44.937,300
uav0000119_02301_v,1360x766,132,0.898,5.408,6.835,3.464,17.027,26.588,44.513,300
uav0000119_02301_v,1360x766,133,0.888,5.452,6.833,3.398,16.984,26.454,44.326,300
uav0000119_02301_v,1360x766,134,0.916,5.401,6.839,3.356,16.887,26.613,44.415,300
uav0000119_02301_v,1360x766,135,0.749,5.408,6.831,3.446,16.953,27.072,44.773,300
uav0000119_02301_v,1360x766,136,0.89,5.369,6.846,3.513,16.999,27.792,45.681,300
uav0000119_02301_v,1360x766,137,0.891,5.422,6.853,3.524,17.118,28.126,46.136,300
uav0000119_02301_v,1360x766,138,0.893,5.411,6.856,3.509,17.083,27.47,45.446,300
uav0000119_02301_v,1360x766,139,0.898,5.46,6.842,3.384,16.999,27.5,45.397,300
uav0000119_02301_v,1360x766,140,0.93,5.394,6.837,3.399,16.917,26.426,44.274,300
uav0000119_02301_v,1360x766,141,0.709,5.416,6.862,3.466,17.016,26.494,44.219,300
uav0000119_02301_v,1360x766,142,0.873,5.384,6.839,3.452,16.938,26.552,44.363,300
uav0000119_02301_v,1360x766,143,0.875,5.391,6.818,3.397,16.879,26.95,44.704,300
uav0000119_02301_v,1360x766,144,0.872,5.393,6.842,3.442,16.949,26.441,44.262,300
uav0000119_02301_v,1360x766,145,0.895,5.393,6.843,3.464,16.963,26.381,44.239,300
uav0000119_02301_v,1360x766,146,0.882,5.416,6.832,3.371,16.905,25.469,43.257,300
uav0000119_02301_v,1360x766,147,0.741,5.406,6.823,3.56,17.051,25.161,42.953,300
uav0000119_02301_v,1360x766,148,0.887,5.364,6.826,3.418,17.053,25.816,43.756,300
uav0000119_02301_v,1360x766,149,0.892,5.424,6.828,3.493,17.043,25.384,43.319,300
uav0000119_02301_v,1360x766,150,0.883,5.41,6.834,3.41,16.931,26.503,44.318,300
uav0000119_02301_v,1360x766,151,0.893,5.423,6.825,3.422,16.965,25.966,43.824,300
uav0000119_02301_v,1360x766,152,0.907,5.427,6.853,3.363,16.924,27.108,44.938,300
uav0000119_02301_v,1360x766,153,0.734,5.4,6.851,3.43,16.94,26.806,44.48,300
uav0000119_02301_v,1360x766,154,0.875,5.393,6.825,3.446,16.916,26.855,44.645,300
uav0000119_02301_v,1360x766,155,0.872,5.43,6.813,3.483,17.012,25.929,43.813,300
uav0000119_02301_v,1360x766,156,0.867,5.38,6.823,3.468,16.943,26.684,44.494,300
uav0000119_02301_v,1360x766,157,0.886,5.45,6.844,3.404,16.983,25.75,43.619,300
uav0000119_02301_v,1360x766,158,0.877,5.474,6.854,3.381,16.992,25.666,43.535,300
uav0000119_02301_v,1360x766,159,0.873,5.41,6.836,3.555,17.081,26.66,44.613,300
uav0000119_02301_v,1360x766,160,0.896,5.423,6.838,3.444,16.995,26.612,44.502,300
uav0000119_02301_v,1360x766,161,0.872,5.406,6.837,3.457,17.025,28.216,46.113,300
uav0000119_02301_v,1360x766,162,0.889,5.424,6.852,3.513,17.067,27.765,45.721,300
uav0000119_02301_v,1360x766,163,0.89,5.426,6.84,3.438,17.009,27.495,45.394,300
uav0000119_02301_v,1360x766,164,0.89,5.399,6.85,3.506,17.035,28.087,46.012,300
uav0000119_02301_v,1360x766,165,0.845,5.398,6.851,3.502,17.046,27.327,45.218,300
uav0000119_02301_v,1360x766,166,0.884,5.439,6.835,3.431,16.967,27.194,45.045,300
uav0000119_02301_v,1360x766,167,0.889,5.381,6.829,3.45,16.952,26.475,44.315,300
uav0000119_02301_v,1360x766,168,0.894,5.396,6.855,3.503,17.02,26.435,44.349,300
uav0000119_02301_v,1360x766,169,0.901,5.399,6.854,3.441,16.963,26.191,44.054,300
uav0000119_02301_v,1360x766,170,0.886,5.395,6.846,3.421,16.923,26.271,44.081,300
uav0000119_02301_v,1360x766,171,0.716,5.382,6.841,3.446,16.946,25.636,43.298,300
uav0000119_02301_v,1360x766,172,0.854,5.393,6.834,3.442,16.922,27.174,44.951,300
uav0000119_02301_v,1360x766,173,0.687,5.405,6.792,3.404,16.851,26.451,43.99,300
uav0000119_02301_v,1360x766,174,0.661,5.385,6.812,3.439,16.91,27.061,44.632,300
uav0000119_02301_v,1360x766,175,0.638,5.408,6.808,3.414,16.908,27.181,44.727,300
uav0000119_02301_v,1360x766,176,0.71,5.377,6.802,3.414,16.855,28.036,45.602,300
uav0000119_02301_v,1360x766,177,0.678,5.359,6.806,3.458,16.879,27.207,44.764,300
uav0000119_02301_v,1360x766,178,0.619,5.346,6.798,3.389,16.779,27.449,44.848,300
uav0000119_02301_v,1360x766,179,0.604,5.432,6.8,3.429,16.946,26.533,44.083,300
uav0000120_04775_v,1360x766,1,18.493,5.733,6.899,3.41,17.421,19.87,55.784,300
uav0000120_04775_v,1360x766,2,1.093,5.453,6.836,3.347,16.912,25.397,43.402,300
uav0000120_04775_v,1360x766,3,0.917,5.404,6.834,3.382,16.894,24.61,42.421,300
uav0000120_04775_v,1360x766,4,0.902,5.429,6.835,3.421,16.964,22.85,40.716,300
uav0000120_04775_v,1360x766,5,0.887,5.414,6.831,3.419,16.968,20.206,38.061,300
uav0000120_04775_v,1360x766,6,0.901,5.39,6.825,3.335,16.801,16.944,34.646,300
uav0000120_04775_v,1360x766,7,0.908,5.385,6.818,3.35,16.834,17.275,35.017,300
uav0000120_04775_v,1360x766,8,0.857,5.382,6.836,3.337,16.77,16.788,34.415,300
uav0000120_04775_v,1360x766,9,0.88,5.379,6.811,3.395,16.807,17.479,35.166,300
uav0000120_04775_v,1360x766,10,0.869,5.409,6.805,3.376,16.844,17.076,34.789,300
uav0000120_04775_v,1360x766,11,0.891,5.388,6.812,3.346,16.807,21.153,38.852,300
uav0000120_04775_v,1360x766,12,0.88,5.369,6.851,3.406,16.887,25.397,43.164,300
uav0000120_04775_v,1360x766,13,0.915,5.415,6.816,3.441,16.948,26.885,44.748,300
uav0000120_04775_v,1360x766,14,0.858,5.423,6.817,3.381,16.866,27.569,45.294,300
uav0000120_04775_v,1360x766,15,0.908,5.379,6.838,3.377,16.913,27.331,45.152,300
uav0000120_04775_v,1360x766,16,0.94,5.396,6.826,3.335,16.843,27.962,45.745,300
uav0000120_04775_v,1360x766,17,0.9,5.372,6.817,3.396,16.857,28.818,46.575,300
uav0000120_04775_v,1360x766,18,0.862,5.388,6.813,3.356,16.837,29.04,46.739,300
uav0000120_04775_v,1360x766,19,1.553,5.408,6.825,3.607,17.256,30.554,49.363,300
uav0000120_04775_v,1360x766,20,0.884,5.426,6.856,3.463,17.009,30.257,48.15,300
uav0000120_04775_v,1360x766,21,0.898,5.408,6.808,3.404,16.89,30.53,48.318,300
uav0000120_04775_v,1360x766,22,0.89,5.431,6.846,3.392,16.962,29.74,47.592,300
uav0000120_04775_v,1360x766,23,0.887,5.437,6.836,3.423,16.967,31.507,49.36,300
uav0000120_04775_v,1360x766,24,0.906,5.432,6.861,3.513,17.117,31.044,49.067,300
uav0000120_04775_v,1360x766,25,0.928,5.407,6.827,3.47,17.008,31.752,49.688,300
uav0000120_04775_v,1360x766,26,0.848,5.448,6.875,3.362,16.97,30.676,48.494,300
uav0000120_04775_v,1360x766,27,0.91,5.441,6.825,3.406,16.957,30.997,48.864,300
uav0000120_04775_v,1360x766,28,0.873,5.439,6.84,3.446,17.04,30.993,48.906,300
uav0000120_04775_v,1360x766,29,0.954,5.462,6.836,3.443,17.027,32.767,50.748,300
uav0000120_04775_v,1360x766,30,0.876,5.413,6.831,3.376,16.892,32.179,49.947,300
uav0000120_04775_v,1360x766,31,0.895,5.392,6.838,3.456,16.946,32.099,49.94,300
uav0000120_04775_v,1360x766,32,0.881,5.393,6.86,3.432,16.955,31.259,49.095,300
uav0000120_04775_v,1360x766,33,0.942,5.399,6.822,3.404,16.876,30.855,48.673,300
uav0000120_04775_v,1360x766,34,0.862,5.42,6.819,3.342,16.85,33.005,50.717,300
uav0000120_04775_v,1360x766,35,0.884,5.384,6.834,3.363,16.94,33.887,51.712,300
uav0000120_04775_v,1360x766,36,0.894,5.452,6.844,3.37,17.031,33.077,51.001,300
uav0000120_04775_v,1360x766,37,0.888,5.433,6.824,3.356,16.891,32.224,50.003,300
uav0000120_04775_v,1360x766,38,0.848,5.431,6.826,3.384,16.926,33.8,51.575,300
uav0000120_04775_v,1360x766,39,0.956,5.398,6.83,3.436,16.928,34.045,51.929,300
uav0000120_04775_v,1360x766,40,0.924,5.475,6.871,3.495,17.126,34.245,52.295,300
uav0000120_04775_v,1360x766,41,0.915,5.427,6.834,3.435,16.998,34.424,52.338,300
uav0000120_04775_v,1360x766,42,0.869,5.406,6.808,3.355,16.863,33.665,51.397,300
uav0000120_04775_v,1360x766,43,0.928,5.409,6.847,3.42,16.972,32.856,50.755,300
uav0000120_04775_v,1360x766,44,0.876,5.463,6.869,3.444,17.048,33.055,50.979,300
uav0000120_04775_v,1360x766,45,0.899,5.393,6.84,3.378,16.869,34.072,51.84,300
uav0000120_04775_v,1360x766,46,0.865,5.435,6.845,3.343,16.925,33.481,51.27,300
uav0000120_04775_v,1360x766,47,0.894,5.422,6.841,3.409,16.962,33.656,51.512,300
uav0000120_04775_v,1360x766,48,0.89,5.411,6.836,3.38,16.92,34.134,51.944,300
uav0000120_04775_v,1360x766,49,0.904,5.394,6.825,3.33,16.833,34.023,51.76,300
uav0000120_04775_v,1360x766,50,0.857,5.413,6.838,3.379,16.883,33.4,51.139,300
uav0000120_04775_v,1360x766,51,0.9,5.393,6.827,3.415,16.934,33.846,51.68,300
uav0000120_04775_v,1360x766,52,0.862,5.452,6.825,3.376,16.95,35.317,53.13,300
uav0000120_04775_v,1360x766,53,0.92,5.405,6.833,3.446,16.97,34.819,52.708,300
uav0000120_04775_v,1360x766,54,0.874,5.409,6.811,3.449,16.94,35.135,52.948,300
uav0000120_04775_v,1360x766,55,1.527,5.405,6.823,3.632,17.276,35.71,54.513,300
uav0000120_04775_v,1360x766,56,0.906,5.446,6.846,3.437,17.013,35.542,53.46,300
uav0000120_04775_v,1360x766,57,0.896,5.418,6.821,3.338,16.827,36.205,53.929,300
uav0000120_04775_v,1360x766,58,0.87,5.438,6.821,3.414,16.948,35.583,53.401,300
uav0000120_04775_v,1360x766,59,0.917,5.403,6.838,3.452,16.993,34.937,52.847,300
uav0000120_04775_v,1360x766,60,0.903,5.439,6.841,3.464,18.043,35.788,54.734,300
uav0000120_04775_v,1360x766,61,0.913,5.403,6.82,3.456,17.005,35.281,53.198,300
uav0000120_04775_v,1360x766,62,0.83,5.423,6.825,3.356,16.906,36.63,54.366,300
uav0000120_04775_v,1360x766,63,0.919,5.427,6.818,3.48,17.01,36.282,54.211,300
uav0000120_04775_v,1360x766,64,0.891,5.41,6.839,3.36,16.981,35.783,53.655,300
uav0000120_04775_v,1360x766,65,0.898,5.445,6.865,3.742,17.384,35.031,53.314,300
uav0000120_04775_v,1360x766,66,0.901,5.43,6.847,3.457,17.072,35.295,53.268,300
uav0000120_04775_v,1360x766,67,0.899,5.419,6.839,3.475,17.075,35.975,53.95,300
uav0000120_04775_v,1360x766,68,0.907,5.41,6.87,3.403,16.973,36.123,54.003,300
uav0000120_04775_v,1360x766,69,0.938,5.486,6.831,3.519,17.138,36.024,54.099,300
uav0000120_04775_v,1360x766,70,0.886,5.465,6.841,3.577,17.209,36.016,54.111,300
uav0000120_04775_v,1360x766,71,0.948,5.426,6.827,3.471,17.026,34.803,52.777,300
uav0000120_04775_v,1360x766,72,0.912,5.395,6.84,3.444,16.972,34.518,52.402,300
uav0000120_04775_v,1360x766,73,0.907,5.438,6.849,3.538,17.188,34.964,53.059,300
uav0000120_04775_v,1360x766,74,1.278,5.519,6.816,3.396,17.071,35.891,54.24,300
uav0000120_04775_v,1360x766,75,0.947,5.416,6.848,3.49,17.07,35.629,53.646,300
uav0000120_04775_v,1360x766,76,0.908,5.444,6.835,3.438,17.038,36.738,54.684,300
uav0000120_04775_v,1360x766,77,0.911,5.425,6.836,3.458,17.028,34.76,52.699,300
uav0000120_04775_v,1360x766,78,0.868,5.442,6.858,3.484,17.11,34.805,52.783,300
uav0000120_04775_v,1360x766,79,0.883,5.382,6.836,3.501,17.007,35.225,53.116,300
uav0000120_04775_v,1360x766,80,0.907,5.382,6.852,3.44,16.965,35.4,53.272,300
uav0000120_04775_v,1360x766,81,0.882,5.402,6.825,3.424,16.921,34.831,52.634,300
uav0000120_04775_v,1360x766,82,0.849,5.454,6.846,3.447,17.047,34.437,52.333,300
uav0000120_04775_v,1360x766,83,0.911,5.398,6.848,3.435,16.98,35.418,53.31,300
uav0000120_04775_v,1360x766,84,0.899,5.432,6.835,3.514,17.132,34.79,52.821,300
uav0000120_04775_v,1360x766,85,0.911,5.432,6.825,3.428,16.977,35.97,53.858,300
uav0000120_04775_v,1360x766,86,0.843,5.444,6.836,3.424,16.982,35.898,53.723,300
uav0000120_04775_v,1360x766,87,0.926,5.413,6.826,3.437,16.973,33.772,51.671,300
uav0000120_04775_v,1360x766,88,0.882,5.421,6.842,3.48,17.078,35.433,53.393,300
uav0000120_04775_v,1360x766,89,0.904,5.408,6.815,3.371,16.893,36.749,54.546,300
uav0000120_04775_v,1360x766,90,0.864,5.436,6.826,3.364,16.93,35.288,53.082,300
uav0000120_04775_v,1360x766,91,0.894,5.401,6.826,3.359,16.872,35.695,53.46,300
uav0000120_04775_v,1360x766,92,0.896,5.41,6.844,3.491,17.014,35.646,53.557,300
uav0000120_04775_v,1360x766,93,0.946,5.426,6.827,3.47,17.037,36.014,53.998,300
uav0000120_04775_v,1360x766,94,0.864,5.426,6.845,3.429,17.02,36.411,54.295,300
uav0000120_04775_v,1360x766,95,0.916,5.439,6.841,3.442,17.012,35.462,53.39,300
uav0000120_04775_v,1360x766,96,0.877,5.43,6.877,3.517,17.126,34.453,52.457,300
uav0000120_04775_v,1360x766,97,0.904,5.411,6.828,3.415,16.959,35.934,53.797,300
uav0000120_04775_v,1360x766,98,0.9,5.408,6.829,3.437,16.945,34.916,52.761,300
uav0000120_04775_v,1360x766,99,0.911,5.391,6.837,3.459,16.948,35.388,53.247,300
uav0000120_04775_v,1360x766,100,0.899,5.417,6.845,3.433,16.992,34.698,52.589,300
uav0000120_04775_v,1360x766,101,0.903,5.463,6.827,3.436,17.039,35.036,52.978,300
uav0000120_04775_v,1360x766,102,0.844,5.444,6.836,3.523,17.153,36.509,54.506,300
uav0000120_04775_v,1360x766,103,0.882,5.417,6.827,3.514,17.08,36.084,54.046,300
uav0000120_04775_v,1360x766,104,0.748,5.408,6.846,3.448,17.001,34.934,52.683,300
uav0000120_04775_v,1360x766,105,0.887,5.412,6.819,3.468,16.97,35.376,53.233,300
uav0000120_04775_v,1360x766,106,0.88,5.415,6.821,3.428,16.956,34.836,52.672,300
uav0000120_04775_v,1360x766,107,0.891,5.441,6.844,3.409,17.019,34.154,52.065,300
uav0000120_04775_v,1360x766,108,0.867,5.466,6.835,3.357,16.983,33.787,51.637,300
uav0000120_04775_v,1360x766,109,0.884,5.457,6.831,3.435,17.043,35.259,53.186,300
uav0000120_04775_v,1360x766,110,0.843,5.402,6.831,3.386,16.893,34.528,52.264,300
uav0000120_04775_v,1360x766,111,1.383,5.367,6.817,3.412,16.875,33.677,51.935,300
uav0000120_04775_v,1360x766,112,0.904,5.454,6.843,3.455,17.036,34.167,52.107,300
uav0000120_04775_v,1360x766,113,0.896,5.409,6.832,3.387,16.934,34.803,52.633,300
uav0000120_04775_v,1360x766,114,0.858,5.417,6.832,3.429,16.994,35.802,53.653,300
uav0000120_04775_v,1360x766,115,0.888,5.399,6.838,3.399,16.951,35.366,53.206,300
uav0000120_04775_v,1360x766,116,0.895,5.426,6.842,3.498,17.041,34.781,52.717,300
uav0000120_04775_v,1360x766,117,0.91,5.395,6.823,3.402,16.896,33.472,51.278,300
uav0000120_04775_v,1360x766,118,0.867,5.422,6.833,3.398,16.942,33.598,51.406,300
uav0000120_04775_v,1360x766,119,0.883,5.437,6.849,3.423,17.071,34.166,52.12,300
uav0000120_04775_v,1360x766,120,0.917,5.47,6.847,3.406,17.033,33.336,51.287,300
uav0000120_04775_v,1360x766,121,0.908,5.39,6.819,3.434,17.002,34.143,52.052,300
uav0000120_04775_v,1360x766,122,0.847,5.432,6.83,3.363,16.981,32.594,50.422,300
uav0000120_04775_v,1360x766,123,0.884,5.39,6.838,3.378,16.901,32.559,50.344,300
uav0000120_04775_v,1360x766,124,0.888,5.435,6.847,3.392,16.985,32.412,50.285,300
uav0000120_04775_v,1360x766,125,0.886,5.435,6.847,3.366,16.954,32.252,50.092,300
uav0000120_04775_v,1360x766,126,0.877,5.41,6.831,3.377,16.93,32.259,50.066,300
uav0000120_04775_v,1360x766,127,0.883,5.46,6.851,3.436,17.069,33.275,51.227,300
uav0000120_04775_v,1360x766,128,1.517,5.443,6.846,3.631,17.329,32.982,51.827,300
uav0000120_04775_v,1360x766,129,0.889,5.387,6.831,3.402,16.896,32.594,50.38,300
uav0000120_04775_v,1360x766,130,0.866,5.47,6.831,3.434,16.99,33.55,51.406,300
uav0000120_04775_v,1360x766,131,0.935,5.423,6.832,3.407,16.953,34.106,51.994,300
uav0000120_04775_v,1360x766,132,0.946,5.459,6.849,3.383,16.99,34.231,52.166,300
uav0000120_04775_v,1360x766,133,0.935,5.43,6.836,3.41,16.988,32.602,50.525,300
uav0000120_04775_v,1360x766,134,0.86,5.444,6.831,3.401,16.961,33.869,51.69,300
uav0000120_04775_v,1360x766,135,0.896,5.377,6.834,3.487,16.974,34.535,52.405,300
uav0000120_04775_v,1360x766,136,0.863,5.403,6.826,3.372,16.88,33.457,51.2,300
uav0000120_04775_v,1360x766,137,0.867,5.417,6.83,3.433,16.955,32.655,50.477,300
uav0000120_04775_v,1360x766,138,0.868,5.443,6.818,3.372,16.908,32.348,50.124,300
uav0000120_04775_v,1360x766,139,0.888,5.434,6.826,3.336,16.868,32.375,50.132,300
uav0000120_04775_v,1360x766,140,0.869,5.43,6.84,3.339,16.88,32.952,50.701,300
uav0000120_04775_v,1360x766,141,0.89,5.381,6.836,3.337,16.89,32.275,50.054,300
uav0000120_04775_v,1360x766,142,0.84,5.421,6.838,3.354,16.924,31.06,48.824,300
uav0000120_04775_v,1360x766,143,0.872,5.391,6.846,3.414,16.941,31.82,49.633,300
uav0000120_04775_v,1360x766,144,0.902,5.471,6.842,3.357,16.992,31.699,49.592,300
uav0000120_04775_v,1360x766,145,0.905,5.438,6.836,3.37,16.936,30.969,48.81,300
uav0000120_04775_v,1360x766,146,0.838,5.451,6.832,3.403,16.952,32.586,50.376,300
uav0000120_04775_v,1360x766,147,0.896,5.396,6.833,3.291,16.774,32.349,50.019,300
uav0000120_04775_v,1360x766,148,0.876,5.454,6.822,3.355,16.941,32.231,50.049,300
uav0000120_04775_v,1360x766,149,0.884,5.431,6.837,3.418,16.944,31.686,49.514,300
uav0000120_04775_v,1360x766,150,0.844,5.483,6.854,3.411,17.065,32.037,49.946,300
uav0000120_04775_v,1360x766,151,0.872,5.406,6.832,3.307,16.826,32.63,50.327,300
uav0000120_04775_v,1360x766,152,0.876,5.455,6.846,3.296,16.911,32.94,50.727,300
uav0000120_04775_v,1360x766,153,0.897,5.434,6.846,3.372,16.906,33.917,51.72,300
uav0000120_04775_v,1360x766,154,0.847,5.442,6.855,3.361,16.951,34.039,51.837,300
uav0000120_04775_v,1360x766,155,0.884,5.395,6.85,3.431,16.983,33.913,51.78,300
uav0000120_04775_v,1360x766,156,0.89,5.41,6.833,3.427,16.93,33.801,51.621,300
uav0000120_04775_v,1360x766,157,0.889,5.404,6.811,3.398,16.883,33.192,50.964,300
uav0000120_04775_v,1360x766,158,0.897,5.384,6.822,3.272,16.724,32.153,49.774,300
uav0000120_04775_v,1360x766,159,0.886,5.408,6.831,3.441,16.958,33.571,51.415,300
uav0000120_04775_v,1360x766,160,0.884,5.401,6.832,3.369,16.878,32.956,50.717,300
uav0000120_04775_v,1360x766,161,0.923,5.43,6.843,3.328,16.884,32.609,50.416,300
uav0000120_04775_v,1360x766,162,0.868,5.451,6.855,3.407,17.048,32.064,49.981,300
uav0000120_04775_v,1360x766,163,0.893,5.395,6.83,3.351,16.873,32.644,50.41,300
uav0000120_04775_v,1360x766,164,0.875,5.454,6.87,3.363,17.01,32.56,50.444,300
uav0000120_04775_v,1360x766,165,0.888,5.426,6.85,3.378,16.934,31.33,49.152,300
uav0000120_04775_v,1360x766,166,0.88,5.454,6.836,3.408,16.982,31.866,49.728,300
uav0000120_04775_v,1360x766,167,0.899,5.414,6.839,3.311,16.879,31.511,49.289,300
uav0000120_04775_v,1360x766,168,0.889,5.391,6.871,3.357,16.922,31.794,49.606,300
uav0000120_04775_v,1360x766,169,0.848,5.384,6.834,3.256,16.794,31.767,49.409,300
uav0000120_04775_v,1360x766,170,0.861,5.465,6.839,3.329,16.909,32.078,49.849,300
uav0000120_04775_v,1360x766,171,0.911,5.462,6.859,3.411,17.035,31.384,49.329,300
uav0000120_04775_v,1360x766,172,0.899,5.438,6.845,3.401,17.013,30.618,48.531,300
uav0000120_04775_v,1360x766,173,0.901,5.438,6.846,3.354,16.952,30.781,48.635,300
uav0000120_04775_v,1360x766,174,0.877,5.446,6.853,3.411,16.998,29.928,47.803,300
uav0000120_04775_v,1360x766,175,0.886,5.379,6.823,3.329,16.816,30.405,48.106,300
uav0000120_04775_v,1360x766,176,0.862,5.403,6.855,3.374,16.915,30.779,48.556,300
uav0000120_04775_v,1360x766,177,0.88,5.406,6.849,3.327,16.871,31.054,48.805,300
uav0000120_04775_v,1360x766,178,0.857,5.416,6.829,3.298,16.844,30.276,47.977,300
uav0000120_04775_v,1360x766,179,0.908,5.423,6.84,3.353,16.891,27.419,45.219,300
uav0000120_04775_v,1360x766,180,0.914,5.421,6.85,3.288,16.846,24.319,42.078,300
uav0000120_04775_v,1360x766,181,0.881,5.4,6.84,3.328,16.878,19.8,37.56,300
uav0000120_04775_v,1360x766,182,0.85,5.4,6.833,3.192,16.717,18.453,36.021,262
uav0000120_04775_v,1360x766,183,0.923,5.402,6.834,3.248,16.739,16.756,34.419,254
uav0000120_04775_v,1360x766,184,0.879,5.402,6.847,3.329,16.847,16.777,34.503,267
uav0000120_04775_v,1360x766,185,0.873,5.424,6.843,3.141,16.664,15.7,33.237,271
uav0000120_04775_v,1360x766,186,0.827,5.384,6.831,3.326,16.784,16.844,34.455,295
uav0000120_04775_v,1360x766,187,0.872,5.386,6.828,3.34,16.809,23.228,40.908,300
uav0000120_04775_v,1360x766,188,0.862,5.403,6.839,3.413,16.886,25.848,43.596,300
uav0000120_04775_v,1360x766,189,0.857,5.393,6.822,3.3,16.758,26.612,44.228,300
uav0000120_04775_v,1360x766,190,0.845,5.388,6.821,3.386,16.846,27.147,44.838,300
uav0000120_04775_v,1360x766,191,0.88,5.387,6.832,3.424,16.92,28.173,45.973,300
uav0000120_04775_v,1360x766,192,0.881,5.437,6.836,3.36,16.947,28.944,46.773,300
uav0000120_04775_v,1360x766,193,0.867,5.416,6.825,3.327,16.845,28.26,45.972,300
uav0000120_04775_v,1360x766,194,0.826,5.408,6.826,3.308,16.779,28.683,46.288,300
uav0000120_04775_v,1360x766,195,0.907,5.442,6.832,3.31,16.931,30.1,47.939,300
uav0000120_04775_v,1360x766,196,0.892,5.426,6.834,3.326,16.923,30.094,47.909,300
uav0000120_04775_v,1360x766,197,0.89,5.397,6.825,3.253,16.81,29.901,47.601,300
uav0000120_04775_v,1360x766,198,0.847,5.455,6.817,3.333,16.927,30.519,48.293,300
uav0000120_04775_v,1360x766,199,0.88,5.39,6.816,3.297,16.85,30.487,48.217,300
uav0000120_04775_v,1360x766,200,0.858,5.429,6.842,3.39,16.96,30.726,48.544,300
uav0000120_04775_v,1360x766,201,0.909,5.42,6.824,3.353,16.882,31.481,49.272,300
uav0000120_04775_v,1360x766,202,0.844,5.442,6.831,3.371,16.911,30.838,48.593,300
uav0000120_04775_v,1360x766,203,1.602,5.435,6.832,3.545,17.118,31.258,49.978,300
uav0000120_04775_v,1360x766,204,0.884,5.415,6.838,3.363,16.906,30.739,48.529,300
uav0000120_04775_v,1360x766,205,0.893,5.448,6.838,3.394,16.965,31.135,48.993,300
uav0000120_04775_v,1360x766,206,0.848,5.439,6.849,3.328,16.912,29.96,47.721,300
uav0000120_04775_v,1360x766,207,0.914,5.448,6.869,3.418,17.033,29.112,47.059,300
uav0000120_04775_v,1360x766,208,0.888,5.455,6.824,3.277,16.848,28.777,46.513,300
uav0000120_04775_v,1360x766,209,0.889,5.457,6.835,3.233,16.822,28.762,46.473,300
uav0000120_04775_v,1360x766,210,0.864,5.403,6.867,3.358,16.914,28.605,46.384,300
uav0000120_04775_v,1360x766,211,0.926,5.451,6.836,3.387,16.961,29.364,47.251,300
uav0000120_04775_v,1360x766,212,0.891,5.419,6.845,3.267,16.856,29.842,47.588,300
uav0000120_04775_v,1360x766,213,0.895,5.419,6.83,3.378,16.897,28.891,46.682,300
uav0000120_04775_v,1360x766,214,0.875,5.411,6.838,3.331,16.875,28.583,46.332,300
uav0000120_04775_v,1360x766,215,0.898,5.447,6.835,3.346,16.895,28.557,46.349,300
uav0000120_04775_v,1360x766,216,0.868,5.385,6.843,3.383,16.896,29.11,46.873,300
uav0000120_04775_v,1360x766,217,0.888,5.418,6.824,3.361,16.907,29.075,46.87,300
uav0000120_04775_v,1360x766,218,0.847,5.429,6.815,3.336,16.84,28.742,46.429,300
uav0000120_04775_v,1360x766,219,0.908,5.412,6.818,3.364,16.846,29.519,47.274,300
uav0000120_04775_v,1360x766,220,0.865,5.392,6.815,3.336,16.798,28.968,46.632,300
uav0000120_04775_v,1360x766,221,0.882,5.42,6.824,3.345,16.879,29.647,47.409,300
uav0000120_04775_v,1360x766,222,0.861,5.416,6.818,3.322,16.848,28.631,46.34,300
uav0000120_04775_v,1360x766,223,0.877,5.405,6.833,3.392,16.92,28.896,46.693,300
uav0000120_04775_v,1360x766,224,0.844,5.406,6.842,3.342,16.858,28.572,46.274,300
uav0000120_04775_v,1360x766,225,0.873,5.425,6.819,3.362,16.878,28.688,46.438,300
uav0000120_04775_v,1360x766,226,0.842,5.407,6.819,3.326,16.834,30.036,47.712,300
uav0000120_04775_v,1360x766,227,0.883,5.435,6.868,3.403,17.029,29.594,47.505,300
uav0000120_04775_v,1360x766,228,0.873,5.404,6.841,3.337,16.877,29.189,46.939,300
uav0000120_04775_v,1360x766,229,0.904,5.415,6.833,3.312,16.853,29.135,46.892,300
uav0000120_04775_v,1360x766,230,0.827,5.433,6.818,3.283,16.845,28.931,46.603,300
uav0000120_04775_v,1360x766,231,0.887,5.376,6.829,3.307,16.771,28.361,46.02,300
uav0000120_04775_v,1360x766,232,0.878,5.434,6.837,3.384,16.947,28.901,46.726,300
uav0000120_04775_v,1360x766,233,0.877,5.407,6.835,3.348,16.879,28.44,46.196,300
uav0000120_04775_v,1360x766,234,0.856,5.412,6.818,3.295,16.796,28.306,45.959,300
uav0000120_04775_v,1360x766,235,0.871,5.448,6.829,3.282,16.859,26.512,44.242,300
uav0000120_04775_v,1360x766,236,0.856,5.415,6.842,3.252,16.815,27.132,44.802,300
uav0000120_04775_v,1360x766,237,0.908,5.481,6.854,3.47,17.131,27.219,45.257,300
uav0000120_04775_v,1360x766,238,0.838,5.445,6.828,3.371,16.984,28.433,46.256,300
uav0000120_04775_v,1360x766,239,0.939,5.43,6.845,3.433,17.005,28.195,46.14,300
uav0000120_04775_v,1360x766,240,0.876,5.4,6.843,3.367,16.887,26.46,44.223,300
uav0000120_04775_v,1360x766,241,0.866,5.459,6.839,3.431,17.008,27.196,45.071,300
uav0000120_04775_v,1360x766,242,0.863,5.401,6.811,3.267,16.844,28.012,45.719,300
uav0000120_04775_v,1360x766,243,0.889,5.398,6.8,3.33,16.791,27.632,45.312,300
uav0000120_04775_v,1360x766,244,0.894,5.407,6.829,3.468,16.992,27.528,45.414,300
uav0000120_04775_v,1360x766,245,0.951,5.43,6.829,3.371,16.867,28.284,46.103,300
uav0000120_04775_v,1360x766,246,0.903,5.417,6.841,3.423,16.956,28.091,45.951,300
uav0000120_04775_v,1360x766,247,0.932,5.441,6.833,3.301,16.844,27.472,45.249,300
uav0000120_04775_v,1360x766,248,0.839,5.43,6.829,3.288,16.795,27.461,45.094,300
uav0000120_04775_v,1360x766,249,0.899,5.434,6.852,3.363,16.944,26.743,44.585,300
uav0000120_04775_v,1360x766,250,0.874,5.5,6.846,3.359,17.029,26.864,44.767,300
uav0000120_04775_v,1360x766,251,0.972,5.417,6.816,3.438,16.946,27.583,45.502,300
uav0000120_04775_v,1360x766,252,0.835,5.414,6.839,3.361,16.905,26.782,44.523,300
uav0000120_04775_v,1360x766,253,0.864,5.381,6.832,3.364,16.857,27.23,44.951,300
uav0000120_04775_v,1360x766,254,0.879,5.476,6.843,3.311,16.909,26.764,44.551,300
uav0000120_04775_v,1360x766,255,0.867,5.438,6.844,3.372,17.007,27.359,45.233,300
uav0000120_04775_v,1360x766,256,0.841,5.424,6.84,3.395,16.949,27.908,45.698,300
uav0000120_04775_v,1360x766,257,0.881,5.417,6.865,3.438,17.01,28.013,45.903,300
uav0000120_04775_v,1360x766,258,0.874,5.379,6.846,3.336,16.846,27.966,45.687,300
uav0000120_04775_v,1360x766,259,0.881,5.395,6.829,3.392,16.912,27.42,45.214,300
uav0000120_04775_v,1360x766,260,0.858,5.578,6.834,3.314,17.041,28.065,45.964,300
uav0000120_04775_v,1360x766,261,0.882,5.389,6.852,3.446,17.022,28.801,46.705,300
uav0000120_04775_v,1360x766,262,0.87,5.427,6.83,3.403,16.949,28.63,46.449,300
uav0000120_04775_v,1360x766,263,0.88,5.419,6.849,3.358,16.93,26.853,44.663,300
uav0000120_04775_v,1360x766,264,0.88,5.421,6.824,3.292,16.892,26.675,44.446,300
uav0000120_04775_v,1360x766,265,0.88,5.432,6.823,3.347,16.88,27.251,45.012,300
uav0000120_04775_v,1360x766,266,0.879,5.38,6.853,3.346,16.872,27.265,45.015,300
uav0000120_04775_v,1360x766,267,0.85,5.372,6.839,3.402,16.88,27.663,45.393,300
uav0000120_04775_v,1360x766,268,0.893,5.394,6.82,3.382,16.925,28.046,45.864,300
uav0000120_04775_v,1360x766,269,0.903,5.397,6.842,3.303,16.811,28.125,45.839,300
uav0000120_04775_v,1360x766,270,0.879,5.427,6.832,3.304,16.891,28.023,45.793,300
uav0000120_04775_v,1360x766,271,0.886,5.394,6.828,3.427,16.915,26.802,44.604,300
uav0000120_04775_v,1360x766,272,0.726,5.434,6.872,3.169,16.737,13.534,30.997,151
uav0000120_04775_v,1360x766,273,0.869,5.373,6.828,3.1,16.535,8.719,26.122,50
uav0000120_04775_v,1360x766,274,0.875,5.445,6.822,3.068,16.542,6.901,24.317,22
uav0000120_04775_v,1360x766,275,0.896,5.39,6.837,3.036,16.533,6.769,24.197,37
uav0000120_04775_v,1360x766,276,0.866,5.402,6.826,3.056,16.56,6.727,24.153,39
uav0000120_04775_v,1360x766,277,0.929,5.415,6.816,3.034,16.525,7.325,24.778,53
uav0000120_04775_v,1360x766,278,0.666,5.421,6.812,3.136,16.598,13.122,30.386,189
uav0000120_04775_v,1360x766,279,0.865,5.369,6.809,3.138,16.588,17.351,34.804,238
uav0000120_04775_v,1360x766,280,0.857,5.403,6.822,3.241,16.697,18.985,36.539,250
uav0000120_04775_v,1360x766,281,0.867,5.386,6.826,3.236,16.703,18.465,36.034,257
uav0000120_04775_v,1360x766,282,0.825,5.392,6.815,3.203,16.653,19.363,36.842,246
uav0000120_04775_v,1360x766,283,0.862,5.365,6.817,3.216,16.694,19.211,36.767,248
uav0000120_04775_v,1360x766,284,0.732,5.36,6.837,3.277,16.706,18.829,36.268,256
uav0000120_04775_v,1360x766,285,0.872,5.372,6.818,3.18,16.583,19.038,36.493,250
uav0000120_04775_v,1360x766,286,0.83,5.384,6.804,3.207,16.637,19.728,37.194,249
uav0000120_04775_v,1360x766,287,0.878,5.386,6.814,3.308,16.765,18.562,36.205,243
uav0000120_04775_v,1360x766,288,0.857,5.378,6.856,3.24,16.737,18.796,36.391,254
uav0000120_04775_v,1360x766,289,0.891,5.412,6.836,3.193,16.686,19.461,37.038,259
uav0000120_04775_v,1360x766,290,0.84,5.374,6.821,3.238,16.664,19.736,37.24,271
uav0000120_04775_v,1360x766,291,0.854,5.359,6.827,3.273,16.669,18.988,36.51,283
uav0000120_04775_v,1360x766,292,0.851,5.39,6.819,3.213,16.707,19.125,36.683,262
uav0000120_04775_v,1360x766,293,0.882,5.378,6.816,3.279,16.71,19.195,36.786,247
uav0000120_04775_v,1360x766,294,0.848,5.363,6.824,3.217,16.699,19.27,36.817,266
uav0000120_04775_v,1360x766,295,0.891,5.465,6.857,3.331,16.997,20.683,38.57,246
uav0000120_04775_v,1360x766,296,0.863,5.456,6.84,3.287,16.815,20.041,37.72,244
uav0000120_04775_v,1360x766,297,0.863,5.403,6.822,3.197,16.654,19.452,36.969,253
uav0000120_04775_v,1360x766,298,0.862,5.433,6.87,3.307,16.891,19.302,37.055,254
uav0000120_04775_v,1360x766,299,0.872,5.39,6.82,3.249,16.686,17.152,34.711,256
uav0000120_04775_v,1360x766,300,0.866,5.457,6.867,3.381,16.952,16.896,34.714,248
uav0000120_04775_v,1360x766,301,0.876,5.475,6.851,3.284,16.9,16.965,34.741,248
uav0000120_04775_v,1360x766,302,0.888,5.45,6.835,3.165,16.664,16.513,34.065,230
uav0000120_04775_v,1360x766,303,0.849,5.389,6.829,3.289,16.707,16.391,33.947,212
uav0000120_04775_v,1360x766,304,0.836,5.441,6.833,3.205,16.763,16.714,34.313,223
uav0000120_04775_v,1360x766,305,0.875,5.426,6.834,3.247,16.75,17.077,34.702,225
uav0000120_04775_v,1360x766,306,0.866,5.43,6.843,3.311,16.815,18.239,35.92,226
uav0000120_04775_v,1360x766,307,0.87,5.418,6.833,3.226,16.743,18.497,36.111,235
uav0000120_04775_v,1360x766,308,0.697,5.376,6.845,3.21,16.672,18.025,35.394,232
uav0000120_04775_v,1360x766,309,0.854,5.412,6.822,3.21,16.751,18.715,36.32,255
uav0000120_04775_v,1360x766,310,0.887,5.42,6.838,3.3,16.809,18.768,36.464,230
uav0000120_04775_v,1360x766,311,0.894,5.401,6.819,3.24,16.712,17.51,35.116,218
uav0000120_04775_v,1360x766,312,0.86,5.436,6.845,3.234,16.824,15.485,33.169,183
uav0000120_04775_v,1360x766,313,0.87,5.412,6.828,3.307,16.791,13.768,31.429,201
uav0000120_04775_v,1360x766,314,0.682,5.382,6.832,3.191,16.607,13.529,30.818,180
uav0000120_04775_v,1360x766,315,0.842,5.418,6.819,3.216,16.681,14.067,31.59,185
uav0000120_04775_v,1360x766,316,0.856,5.474,6.856,3.223,16.827,14.328,32.012,188
uav0000120_04775_v,1360x766,317,0.871,5.468,6.836,3.178,16.776,14.888,32.535,210
uav0000120_04775_v,1360x766,318,0.885,5.405,6.819,3.159,16.744,16.216,33.844,206
uav0000120_04775_v,1360x766,319,0.857,5.393,6.803,3.237,16.666,16.856,34.38,219
uav0000120_04775_v,1360x766,320,0.89,5.369,6.856,3.174,16.666,17.502,35.058,217
uav0000120_04775_v,1360x766,321,0.827,5.421,6.837,3.31,16.793,18.418,36.039,224
uav0000120_04775_v,1360x766,322,0.867,5.439,6.848,3.286,16.897,18.761,36.525,219
uav0000120_04775_v,1360x766,323,0.886,5.381,6.809,3.306,16.811,17.846,35.543,227
uav0000120_04775_v,1360x766,324,0.867,5.455,6.827,3.243,16.815,18.124,35.806,228
uav0000120_04775_v,1360x766,325,0.868,5.424,6.829,3.289,16.841,18.049,35.758,239
uav0000120_04775_v,1360x766,326,0.724,5.383,6.847,3.255,16.696,18.579,35.998,246
uav0000120_04775_v,1360x766,327,0.855,5.392,6.826,3.301,16.754,18.638,36.247,259
uav0000120_04775_v,1360x766,328,0.836,5.438,6.878,3.303,16.915,20.186,37.938,243
uav0000120_04775_v,1360x766,329,0.847,5.4,6.84,3.347,16.818,19.641,37.306,241
uav0000120_04775_v,1360x766,330,0.867,5.398,6.844,3.204,16.72,15.652,33.24,192
uav0000120_04775_v,1360x766,331,0.894,5.43,6.832,3.137,16.736,10.414,28.045,112
uav0000120_04775_v,1360x766,332,0.841,5.375,6.871,3.127,16.702,8.935,26.478,96
uav0000120_04775_v,1360x766,333,0.846,5.405,6.841,3.195,16.644,9.301,26.791,125
uav0000120_04775_v,1360x766,334,0.872,5.428,6.846,3.158,16.682,10.288,27.842,124
uav0000120_04775_v,1360x766,335,0.875,5.383,6.821,3.212,16.657,12.347,29.88,218
uav0000120_04775_v,1360x766,336,0.85,5.452,6.836,3.377,16.949,15.514,33.313,272
uav0000120_04775_v,1360x766,337,0.885,5.421,6.837,3.284,16.796,19.512,37.193,264
uav0000120_04775_v,1360x766,338,0.713,5.422,6.846,3.375,16.86,22.336,39.908,300
uav0000120_04775_v,1360x766,339,0.872,5.402,6.814,3.315,16.749,21.813,39.434,295
uav0000120_04775_v,1360x766,340,0.869,5.441,6.835,3.299,16.829,21.789,39.487,254
uav0000120_04775_v,1360x766,341,0.877,5.431,6.842,3.309,16.826,20.042,37.745,265
uav0000120_04775_v,1360x766,342,0.871,5.393,6.844,3.377,16.877,17.134,34.882,264
uav0000120_04775_v,1360x766,343,29.284,5.412,6.831,3.296,16.797,16.641,62.722,244
uav0000120_04775_v,1360x766,344,0.7,5.374,6.856,3.193,16.75,13.824,31.274,190
uav0000120_04775_v,1360x766,345,0.865,5.417,6.832,3.229,16.732,13.684,31.28,208
uav0000120_04775_v,1360x766,346,0.87,5.402,6.826,3.287,16.767,12.469,30.105,210
uav0000120_04775_v,1360x766,347,0.936,5.435,6.851,3.272,16.882,12.44,30.258,221
uav0000120_04775_v,1360x766,348,0.859,5.425,6.853,3.303,16.846,13.541,31.247,232
uav0000120_04775_v,1360x766,349,0.891,5.389,6.833,3.256,16.718,15.069,32.678,248
uav0000120_04775_v,1360x766,350,0.874,5.425,6.852,3.296,16.793,15.896,33.563,287
uav0000120_04775_v,1360x766,351,0.868,5.399,6.829,3.283,16.71,17.785,35.363,297
uav0000120_04775_v,1360x766,352,0.915,5.397,6.825,3.348,16.818,20.216,37.948,297
uav0000120_04775_v,1360x766,353,0.88,5.414,6.833,3.321,16.859,18.663,36.402,279
uav0000120_04775_v,1360x766,354,0.87,5.397,6.824,3.322,16.794,18.061,35.725,286
uav0000120_04775_v,1360x766,355,0.87,5.38,6.817,3.325,16.754,18.492,36.116,281
uav0000120_04775_v,1360x766,356,0.838,5.399,6.848,3.327,16.792,18.921,36.551,285
uav0000120_04775_v,1360x766,357,0.854,5.38,6.842,3.296,16.754,17.641,35.248,281
uav0000120_04775_v,1360x766,358,0.856,5.386,6.826,3.277,16.745,15.918,33.519,237
uav0000120_04775_v,1360x766,359,1.066,5.399,6.836,3.232,16.745,13.192,31.003,231
uav0000120_04775_v,1360x766,360,0.847,5.394,6.832,3.243,16.727,12.326,29.9,242
uav0000120_04775_v,1360x766,361,0.872,5.373,6.83,3.221,16.672,11.801,29.345,217
uav0000120_04775_v,1360x766,362,0.868,5.381,6.824,3.193,16.593,11.964,29.425,162
uav0000120_04775_v,1360x766,363,0.833,5.356,6.819,3.133,16.559,11.808,29.2,198
uav0000120_04775_v,1360x766,364,0.854,5.391,6.827,3.254,16.704,12.057,29.615,196
uav0000120_04775_v,1360x766,365,0.866,5.39,6.827,3.266,16.709,11.964,29.539,223
uav0000120_04775_v,1360x766,366,0.928,5.412,6.835,3.267,16.731,13.241,30.9,217
uav0000120_04775_v,1360x766,367,0.897,5.395,6.819,3.231,16.686,13.26,30.843,209
uav0000120_04775_v,1360x766,368,0.852,5.391,6.874,3.279,16.773,14.155,31.78,216
uav0000120_04775_v,1360x766,369,0.858,5.34,6.832,3.282,16.677,13.483,31.018,221
uav0000120_04775_v,1360x766,370,0.866,5.368,6.822,3.268,16.687,14.174,31.727,229
uav0000120_04775_v,1360x766,371,0.873,5.419,6.817,3.297,16.787,14.388,32.048,202
uav0000120_04775_v,1360x766,372,1.532,5.376,6.83,3.401,16.947,14.35,32.829,194
uav0000120_04775_v,1360x766,373,0.863,5.38,6.828,3.234,16.673,14.431,31.967,235
uav0000120_04775_v,1360x766,374,0.871,5.426,6.843,3.296,16.783,19.405,37.06,292
uav0000120_04775_v,1360x766,375,0.884,5.461,6.876,3.472,17.149,23.398,41.431,300
uav0000120_04775_v,1360x766,376,0.91,5.431,6.848,3.442,17.044,24.681,42.635,300
uav0000120_04775_v,1360x766,377,0.881,5.427,6.858,3.353,16.931,24.857,42.669,300
uav0000120_04775_v,1360x766,378,0.896,5.455,6.846,3.404,17.019,25.283,43.198,300
uav0000120_04775_v,1360x766,379,0.895,5.401,6.829,3.326,16.865,25.381,43.142,300
uav0000120_04775_v,1360x766,380,0.853,5.39,6.878,3.394,16.956,25.645,43.454,300
uav0000120_04775_v,1360x766,381,0.902,5.423,6.82,3.373,16.914,26.202,44.017,300
uav0000120_04775_v,1360x766,382,0.872,5.366,6.814,3.322,16.87,26.131,43.874,300
uav0000120_04775_v,1360x766,383,0.865,5.417,6.82,3.296,16.834,26.592,44.291,300
uav0000120_04775_v,1360x766,384,0.848,5.385,6.839,3.362,16.95,27.499,45.297,300
uav0000120_04775_v,1360x766,385,0.884,5.42,6.838,3.324,16.875,27.206,44.965,300
uav0000120_04775_v,1360x766,386,0.891,5.436,6.847,3.419,16.952,27.474,45.317,300
uav0000120_04775_v,1360x766,387,0.887,5.407,6.824,3.356,16.888,26.385,44.16,300
uav0000120_04775_v,1360x766,388,0.858,5.363,6.842,3.3,16.82,26.74,44.418,300
uav0000120_04775_v,1360x766,389,0.935,5.405,6.842,3.397,16.913,27.446,45.294,300
uav0000120_04775_v,1360x766,390,0.889,5.378,6.82,3.408,16.887,28.166,45.942,300
uav0000120_04775_v,1360x766,391,0.865,5.384,6.808,3.353,16.835,27.127,44.827,300
uav0000120_04775_v,1360x766,392,0.88,5.386,6.855,3.383,16.868,25.837,43.585,300
uav0000120_04775_v,1360x766,393,0.889,5.371,6.833,3.288,16.808,25.227,42.924,300
uav0000120_04775_v,1360x766,394,0.89,5.369,6.838,3.395,16.864,22.989,40.743,300
uav0000120_04775_v,1360x766,395,0.88,5.338,6.835,3.3,16.807,23.964,41.651,300
uav0000120_04775_v,1360x766,396,0.865,5.401,6.839,3.36,16.849,22.778,40.491,300
uav0000120_04775_v,1360x766,397,0.884,5.41,6.855,3.331,16.853,22.683,40.42,277
uav0000120_04775_v,1360x766,398,0.849,5.385,6.853,3.344,16.833,22.573,40.255,280
uav0000120_04775_v,1360x766,399,0.882,5.388,6.847,3.441,16.975,22.662,40.52,300
uav0000120_04775_v,1360x766,400,0.883,5.439,6.849,3.329,16.981,22.281,40.145,295
uav0000120_04775_v,1360x766,401,0.868,5.471,6.816,3.387,16.982,23.296,41.146,300
uav0000120_04775_v,1360x766,402,0.91,5.4,6.837,3.322,16.842,21.944,39.695,300
uav0000120_04775_v,1360x766,403,0.913,5.381,6.831,3.337,16.821,22.806,40.54,300
uav0000120_04775_v,1360x766,404,1.499,5.396,6.857,3.61,17.257,23.152,41.909,300
uav0000120_04775_v,1360x766,405,0.86,5.363,6.828,3.364,16.788,23.099,40.747,300
uav0000120_04775_v,1360x766,406,0.878,5.351,6.837,3.332,16.852,24.366,42.095,300
uav0000120_04775_v,1360x766,407,0.895,5.375,6.818,3.371,16.818,24.032,41.745,300
uav0000120_04775_v,1360x766,408,0.862,5.383,6.841,3.267,16.77,24.59,42.222,300
uav0000120_04775_v,1360x766,409,0.884,5.401,6.833,3.378,16.884,25.138,42.907,300
uav0000120_04775_v,1360x766,410,0.753,5.381,6.858,3.266,16.747,25.459,42.959,300
uav0000120_04775_v,1360x766,411,0.881,5.343,6.822,3.402,16.872,25.794,43.546,300
uav0000120_04775_v,1360x766,412,0.858,5.43,6.847,3.325,16.889,24.971,42.718,300
uav0000120_04775_v,1360x766,413,0.877,5.4,6.89,3.416,16.957,24.668,42.503,300
uav0000120_04775_v,1360x766,414,0.868,5.421,6.838,3.382,16.896,25.323,43.086,300
uav0000120_04775_v,1360x766,415,0.874,5.356,6.824,3.288,16.826,25.644,43.345,300
uav0000120_04775_v,1360x766,416,0.691,5.366,6.849,3.368,16.835,25.569,43.095,292
uav0000120_04775_v,1360x766,417,0.867,5.381,6.839,3.304,16.749,25.408,43.023,290
uav0000120_04775_v,1360x766,418,0.876,5.381,6.836,3.333,16.811,25.41,43.097,300
uav0000120_04775_v,1360x766,419,0.894,5.378,6.83,3.348,16.83,24.673,42.397,288
uav0000120_04775_v,1360x766,420,0.851,5.397,6.846,3.31,16.822,25.205,42.878,300
uav0000120_04775_v,1360x766,421,0.876,5.43,6.841,3.366,16.892,24.935,42.703,300
uav0000120_04775_v,1360x766,422,0.719,5.368,6.866,3.298,16.762,23.919,41.401,300
uav0000120_04775_v,1360x766,423,0.877,5.409,6.841,3.286,16.765,19.28,36.922,241
uav0000120_04775_v,1360x766,424,0.866,5.39,6.844,3.315,16.778,17.362,35.006,245
uav0000120_04775_v,1360x766,425,0.879,5.382,6.866,3.268,16.77,17.122,34.772,261
uav0000120_04775_v,1360x766,426,0.876,5.378,6.834,3.341,16.808,17.104,34.788,244
uav0000120_04775_v,1360x766,427,0.875,5.342,6.829,3.286,16.772,19.433,37.08,300
uav0000120_04775_v,1360x766,428,0.714,5.363,6.854,3.344,16.812,19.796,37.322,300
uav0000120_04775_v,1360x766,429,0.861,5.37,6.843,3.371,16.793,20.409,38.063,300
uav0000120_04775_v,1360x766,430,0.913,5.391,6.832,3.392,16.856,20.582,38.35,300
uav0000120_04775_v,1360x766,431,0.862,5.365,6.83,3.331,16.776,21.04,38.678,293
uav0000120_04775_v,1360x766,432,0.843,5.379,6.842,3.291,16.78,20.966,38.589,300
uav0000120_04775_v,1360x766,433,0.875,5.366,6.84,3.346,16.834,21.7,39.408,300
uav0000120_04775_v,1360x766,434,0.715,5.409,6.856,3.37,16.872,21.337,38.924,300
uav0000120_04775_v,1360x766,435,0.853,5.346,6.835,3.401,16.8,22.644,40.297,300
uav0000120_04775_v,1360x766,436,0.882,5.385,6.819,3.347,16.807,21.155,38.844,281
uav0000120_04775_v,1360x766,437,0.883,5.374,6.829,3.306,16.761,21.269,38.912,290
uav0000120_04775_v,1360x766,438,0.895,5.402,6.828,3.336,16.805,21.561,39.261,273
uav0000120_04775_v,1360x766,439,0.88,5.364,6.839,3.355,16.87,21.871,39.621,300
uav0000120_04775_v,1360x766,440,0.698,5.437,6.983,3.276,16.983,24.143,41.824,300
uav0000120_04775_v,1360x766,441,0.899,5.403,6.845,3.371,16.857,26.135,43.892,300
uav0000120_04775_v,1360x766,442,0.877,5.363,6.845,3.359,16.806,26.697,44.38,282
uav0000120_04775_v,1360x766,443,0.859,5.375,6.832,3.367,16.823,27.133,44.814,296
uav0000120_04775_v,1360x766,444,0.849,5.373,6.835,3.301,16.763,27.263,44.875,300
uav0000120_04775_v,1360x766,445,0.876,5.443,6.844,3.321,16.887,27.853,45.616,300
uav0000120_04775_v,1360x766,446,0.721,5.385,6.861,3.298,16.802,28.416,45.939,286
uav0000120_04775_v,1360x766,447,0.861,5.358,6.824,3.332,16.758,27.84,45.459,300
uav0000120_04775_v,1360x766,448,0.848,5.428,6.85,3.287,16.869,28.488,46.206,300
uav0000120_04775_v,1360x766,449,0.881,5.383,6.846,3.348,16.86,28.211,45.951,300
uav0000120_04775_v,1360x766,450,0.891,5.427,6.849,3.316,16.879,26.413,44.183,300
uav0000120_04775_v,1360x766,451,0.889,5.414,6.819,3.317,16.814,25.482,43.185,289
uav0000120_04775_v,1360x766,452,0.743,5.353,6.86,3.349,16.813,24.06,41.616,282
uav0000120_04775_v,1360x766,453,0.869,5.39,6.837,3.361,16.816,27.129,44.815,300
uav0000120_04775_v,1360x766,454,0.862,5.384,6.837,3.374,16.844,28.485,46.191,300
uav0000120_04775_v,1360x766,455,0.872,5.379,6.832,3.305,16.775,28.554,46.201,300
uav0000120_04775_v,1360x766,456,0.857,5.423,6.845,3.353,16.908,28.909,46.675,300
uav0000120_04775_v,1360x766,457,0.875,5.376,6.858,3.351,16.853,29.118,46.847,300
uav0000120_04775_v,1360x766,458,0.72,5.439,6.838,3.321,16.85,28.817,46.386,300
uav0000120_04775_v,1360x766,459,0.87,5.39,6.814,3.389,16.908,28.592,46.37,300
uav0000120_04775_v,1360x766,460,0.868,5.385,6.858,3.357,16.877,29.559,47.304,300
uav0000120_04775_v,1360x766,461,0.893,5.433,6.842,3.292,16.844,29.672,47.409,300
uav0000120_04775_v,1360x766,462,0.873,5.417,6.845,3.375,16.93,29.96,47.762,300
uav0000120_04775_v,1360x766,463,0.907,5.39,6.838,3.479,17.009,30.04,47.956,300
uav0000120_04775_v,1360x766,464,1.358,5.386,6.861,3.398,17.066,30.137,48.561,300
uav0000120_04775_v,1360x766,465,0.887,5.362,6.833,3.442,16.9,30.421,48.208,300
uav0000120_04775_v,1360x766,466,0.868,5.391,6.836,3.278,16.776,29.862,47.506,300
uav0000120_04775_v,1360x766,467,0.883,5.417,6.843,3.372,16.919,31.083,48.885,300
uav0000120_04775_v,1360x766,468,0.876,5.391,6.847,3.374,16.903,31.33,49.109,300
uav0000120_04775_v,1360x766,469,0.888,5.409,6.841,3.376,16.891,31.03,48.809,300
uav0000120_04775_v,1360x766,470,0.734,5.443,6.863,3.344,16.958,30.614,48.306,300
uav0000120_04775_v,1360x766,471,0.876,5.4,6.828,3.41,16.907,31.317,49.1,300
uav0000120_04775_v,1360x766,472,0.867,5.405,6.86,3.35,16.896,31.271,49.034,300
uav0000120_04775_v,1360x766,473,0.894,5.452,6.844,3.395,16.978,31.608,49.481,300
uav0000120_04775_v,1360x766,474,0.871,5.383,6.829,3.355,16.928,30.592,48.39,300
uav0000120_04775_v,1360x766,475,0.916,5.391,6.835,3.412,16.95,31.122,48.988,300
uav0000120_04775_v,1360x766,476,0.707,5.433,6.869,3.357,16.932,30.537,48.176,300
uav0000120_04775_v,1360x766,477,0.881,5.402,6.84,3.401,16.904,30.895,48.681,300
uav0000120_04775_v,1360x766,478,0.866,5.438,6.836,3.326,16.855,29.81,47.531,300
uav0000120_04775_v,1360x766,479,0.878,5.379,6.83,3.434,16.911,30.75,48.539,300
uav0000120_04775_v,1360x766,480,0.871,5.409,6.857,3.439,17.024,30.414,48.309,300
uav0000120_04775_v,1360x766,481,0.896,5.378,6.836,3.403,16.889,30.186,47.971,300
uav0000120_04775_v,1360x766,482,0.71,5.415,6.836,3.358,16.853,29.487,47.051,300
uav0000120_04775_v,1360x766,483,0.868,5.348,6.813,3.356,16.771,29.939,47.577,300
uav0000120_04775_v,1360x766,484,0.874,5.38,6.821,3.358,16.825,29.727,47.426,300
uav0000120_04775_v,1360x766,485,0.872,5.438,6.834,3.415,16.946,30.53,48.348,300
uav0000120_04775_v,1360x766,486,0.881,5.412,6.819,3.384,16.891,31.34,49.112,300
uav0000120_04775_v,1360x766,487,0.888,5.4,6.838,3.419,16.92,31.8,49.608,300
uav0000120_04775_v,1360x766,488,0.72,5.37,6.859,3.379,16.928,30.815,48.463,300
uav0000120_04775_v,1360x766,489,0.902,5.376,6.849,3.347,16.817,32.318,50.037,300
uav0000120_04775_v,1360x766,490,0.886,5.413,6.835,3.433,16.975,31.66,49.521,300
uav0000120_04775_v,1360x766,491,0.908,5.413,6.845,3.391,16.923,31.814,49.645,300
uav0000120_04775_v,1360x766,492,0.863,5.389,6.841,3.389,16.918,31.377,49.158,300
uav0000120_04775_v,1360x766,493,0.838,5.377,6.863,3.418,16.947,30.587,48.372,300
uav0000120_04775_v,1360x766,494,0.909,5.421,6.808,3.326,16.891,30.485,48.285,300
uav0000120_04775_v,1360x766,495,0.881,5.336,6.833,3.316,16.805,30.645,48.331,300
uav0000120_04775_v,1360x766,496,0.859,5.427,6.855,3.479,17.062,30.489,48.41,300
uav0000120_04775_v,1360x766,497,0.885,5.417,6.85,3.432,16.995,30.63,48.51,300
uav0000120_04775_v,1360x766,498,0.873,5.44,6.839,3.329,16.879,30.577,48.33,300
uav0000120_04775_v,1360x766,499,0.88,5.383,6.831,3.356,16.858,29.743,47.481,300
uav0000120_04775_v,1360x766,500,0.737,5.397,6.859,3.78,17.309,29.983,48.028,300
uav0000120_04775_v,1360x766,501,0.877,5.443,6.839,3.344,16.912,29.983,47.771,300
uav0000120_04775_v,1360x766,502,0.871,5.397,6.844,3.297,16.851,30.192,47.914,300
uav0000120_04775_v,1360x766,503,0.866,5.429,6.841,3.446,16.993,30.475,48.334,300
uav0000120_04775_v,1360x766,504,0.871,5.396,6.847,3.363,16.901,31.517,49.289,300
uav0000120_04775_v,1360x766,505,0.887,5.409,6.836,3.436,16.971,31.523,49.381,300
uav0000120_04775_v,1360x766,506,0.74,5.397,6.848,3.391,16.957,30.746,48.443,300
uav0000120_04775_v,1360x766,507,0.893,5.393,6.835,3.403,16.897,31.115,48.905,300
uav0000120_04775_v,1360x766,508,0.877,5.411,6.848,3.384,16.942,31.316,49.135,300
uav0000120_04775_v,1360x766,509,0.887,5.417,6.835,3.443,16.979,30.91,48.776,300
uav0000120_04775_v,1360x766,510,0.863,5.442,6.844,3.365,16.959,32.766,50.588,300
uav0000120_04775_v,1360x766,511,0.876,5.404,6.847,3.474,17.014,32.005,49.895,300
uav0000120_04775_v,1360x766,512,0.725,5.378,6.871,3.427,16.991,31.408,49.125,300
uav0000120_04775_v,1360x766,513,0.879,5.431,6.846,3.396,16.923,31.956,49.759,300
uav0000120_04775_v,1360x766,514,0.852,5.424,6.852,3.461,17.0,32.764,50.616,300
uav0000120_04775_v,1360x766,515,0.895,5.378,6.834,3.448,16.94,32.052,49.888,300
uav0000120_04775_v,1360x766,516,0.865,5.445,6.834,3.421,16.99,32.097,49.952,300
uav0000120_04775_v,1360x766,517,0.906,5.381,6.832,3.474,16.952,32.05,49.907,300
uav0000120_04775_v,1360x766,518,0.709,5.425,6.848,3.401,16.961,31.005,48.676,300
uav0000120_04775_v,1360x766,519,0.886,5.37,6.826,3.436,16.886,31.249,49.021,300
uav0000120_04775_v,1360x766,520,0.877,5.419,6.845,3.401,16.942,31.228,49.046,300
uav0000120_04775_v,1360x766,521,0.891,5.452,6.851,3.523,17.14,32.672,50.703,300
uav0000120_04775_v,1360x766,522,1.531,5.395,6.838,3.633,17.269,31.682,50.482,300
uav0000120_04775_v,1360x766,523,0.86,5.398,6.824,3.374,16.921,31.372,49.152,300
uav0000120_04775_v,1360x766,524,0.732,5.363,6.872,3.411,16.91,31.371,49.012,300
uav0000120_04775_v,1360x766,525,0.893,5.397,6.822,3.375,16.859,31.839,49.59,300
uav0000120_04775_v,1360x766,526,0.882,5.433,6.847,3.407,16.99,31.478,49.35,300
uav0000120_04775_v,1360x766,527,0.883,5.43,6.828,3.418,16.978,31.446,49.307,300
uav0000120_04775_v,1360x766,528,0.859,5.398,6.882,3.435,17.029,30.272,48.16,300
uav0000120_04775_v,1360x766,529,0.849,5.416,6.84,3.459,16.996,30.144,47.989,300
uav0000120_04775_v,1360x766,530,0.719,5.441,6.863,3.466,17.04,28.116,45.876,300
uav0000120_04775_v,1360x766,531,0.935,5.373,6.847,3.489,16.98,26.129,44.044,300
uav0000120_04775_v,1360x766,532,0.892,5.431,6.854,3.496,17.081,25.799,43.773,300
uav0000120_04775_v,1360x766,533,0.953,5.41,6.853,3.481,17.021,27.205,45.179,300
uav0000120_04775_v,1360x766,534,0.856,5.4,6.834,3.441,16.967,30.611,48.434,300
uav0000120_04775_v,1360x766,535,0.857,5.369,6.814,3.446,16.913,31.228,48.997,300
uav0000120_04775_v,1360x766,536,0.707,5.373,6.869,3.449,16.963,31.299,48.97,300
uav0000120_04775_v,1360x766,537,0.847,5.408,6.831,3.373,16.927,30.605,48.379,300
uav0000120_04775_v,1360x766,538,0.885,5.425,6.856,3.435,16.985,31.724,49.593,300
uav0000120_04775_v,1360x766,539,0.861,5.412,6.846,3.46,16.987,32.394,50.242,300
uav0000120_04775_v,1360x766,540,0.919,5.41,6.861,3.452,17.024,31.762,49.705,300
uav0000120_04775_v,1360x766,541,0.849,5.39,6.876,3.469,17.021,32.113,49.984,300
uav0000120_04775_v,1360x766,542,0.712,5.417,6.861,3.393,17.008,32.536,50.257,300
uav0000120_04775_v,1360x766,543,0.872,5.378,6.821,3.481,16.983,33.268,51.123,300
uav0000120_04775_v,1360x766,544,0.841,5.398,6.863,3.352,16.889,32.665,50.396,300
uav0000120_04775_v,1360x766,545,0.868,5.387,6.833,3.344,16.935,33.358,51.161,300
uav0000120_04775_v,1360x766,546,0.873,5.431,6.826,3.454,17.031,32.662,50.567,300
uav0000120_04775_v,1360x766,547,0.877,5.414,6.829,3.437,16.977,32.571,50.424,300
uav0000120_04775_v,1360x766,548,0.702,5.362,6.868,3.459,17.029,31.977,49.709,300
uav0000120_04775_v,1360x766,549,0.867,5.377,6.853,3.465,16.956,32.319,50.142,300
uav0000120_04775_v,1360x766,550,0.933,5.419,6.836,3.46,16.994,32.388,50.314,300
uav0000120_04775_v,1360x766,551,0.889,5.426,6.845,3.52,17.088,35.794,53.771,300
uav0000120_04775_v,1360x766,552,0.938,5.44,6.854,3.484,17.119,33.184,51.241,300
uav0000120_04775_v,1360x766,553,0.89,5.415,6.841,3.394,16.974,33.403,51.267,300
uav0000120_04775_v,1360x766,554,0.712,5.448,6.831,3.437,17.008,33.244,50.964,300
uav0000120_04775_v,1360x766,555,0.876,5.384,6.82,3.522,16.979,32.804,50.659,300
uav0000120_04775_v,1360x766,556,0.877,5.429,6.85,3.47,17.034,31.952,49.864,300
uav0000120_04775_v,1360x766,557,0.875,5.405,6.85,3.511,17.051,31.944,49.87,300
uav0000120_04775_v,1360x766,558,0.877,5.429,6.834,3.456,17.01,31.492,49.379,300
uav0000120_04775_v,1360x766,559,0.859,5.363,6.842,3.442,16.917,30.79,48.566,300
uav0000120_04775_v,1360x766,560,0.711,5.437,6.859,3.503,17.07,31.471,49.252,300
uav0000120_04775_v,1360x766,561,0.894,5.369,6.841,3.435,16.943,31.079,48.916,300
uav0000120_04775_v,1360x766,562,0.88,5.445,6.834,3.519,17.118,32.258,50.256,300
uav0000120_04775_v,1360x766,563,0.876,5.379,6.851,3.482,17.021,31.77,49.667,300
uav0000120_04775_v,1360x766,564,0.899,5.452,6.866,3.526,17.139,33.058,51.096,300
uav0000120_04775_v,1360x766,565,0.846,5.372,6.838,3.436,16.983,34.428,52.257,300
uav0000120_04775_v,1360x766,566,0.725,5.406,6.848,3.493,17.079,32.489,50.294,300
uav0000120_04775_v,1360x766,567,0.882,5.396,6.84,3.427,16.919,34.277,52.078,300
uav0000120_04775_v,1360x766,568,0.881,5.431,6.851,3.444,17.01,33.335,51.226,300
uav0000120_04775_v,1360x766,569,0.876,5.406,6.843,3.394,16.92,34.057,51.853,300
uav0000120_04775_v,1360x766,570,0.863,5.398,6.85,3.461,17.0,213.253,231.116,300
uav0000120_04775_v,1360x766,571,0.88,5.484,6.85,3.451,17.161,32.762,50.804,300
uav0000120_04775_v,1360x766,572,0.741,5.452,6.871,3.477,17.134,32.825,50.7,300
uav0000120_04775_v,1360x766,573,0.886,5.396,6.831,3.474,16.987,33.324,51.197,300
uav0000120_04775_v,1360x766,574,0.887,5.407,6.844,3.427,16.955,32.34,50.182,300
uav0000120_04775_v,1360x766,575,0.888,5.425,6.835,3.415,16.989,33.921,51.798,300
uav0000120_04775_v,1360x766,576,0.884,5.386,6.85,3.4,17.012,32.929,50.824,300
uav0000120_04775_v,1360x766,577,0.894,5.443,6.83,3.464,17.038,33.755,51.687,300
uav0000120_04775_v,1360x766,578,0.778,5.454,6.845,3.442,17.205,34.294,52.276,300
uav0000120_04775_v,1360x766,579,0.855,5.398,6.83,3.426,16.945,33.522,51.321,300
uav0000120_04775_v,1360x766,580,1.54,5.418,6.854,3.691,17.376,33.446,52.362,300
uav0000120_04775_v,1360x766,581,0.892,5.424,6.854,3.412,16.988,33.404,51.284,300
uav0000120_04775_v,1360x766,582,0.855,5.443,6.84,3.431,17.009,33.671,51.535,300
uav0000120_04775_v,1360x766,583,0.878,5.383,6.823,3.395,16.884,33.098,50.859,300
uav0000120_04775_v,1360x766,584,0.713,5.396,6.887,3.508,17.131,33.162,51.006,300
uav0000120_04775_v,1360x766,585,0.886,5.448,6.841,3.422,17.003,32.579,50.467,300
uav0000120_04775_v,1360x766,586,0.858,5.418,6.85,3.414,16.968,32.153,49.979,300
uav0000120_04775_v,1360x766,587,0.878,5.358,6.838,3.384,16.949,32.842,50.668,300
uav0000120_04775_v,1360x766,588,0.856,5.409,6.862,3.42,16.974,32.737,50.567,300
uav0000120_04775_v,1360x766,589,0.865,5.45,6.842,3.405,16.997,32.672,50.534,300
uav0000120_04775_v,1360x766,590,0.734,5.458,6.851,3.356,16.986,31.693,49.413,300
uav0000120_04775_v,1360x766,591,0.872,5.386,6.838,3.338,16.84,31.892,49.603,300
uav0000120_04775_v,1360x766,592,0.872,5.397,6.856,3.389,16.938,32.421,50.231,300
uav0000120_04775_v,1360x766,593,0.896,5.393,6.839,3.41,16.96,31.342,49.199,300
uav0000120_04775_v,1360x766,594,0.875,5.419,6.842,3.43,16.985,31.525,49.385,300
uav0000120_04775_v,1360x766,595,0.872,5.356,6.826,3.386,16.917,31.925,49.714,300
uav0000120_04775_v,1360x766,596,0.718,5.414,6.869,3.462,17.022,31.729,49.469,300
uav0000120_04775_v,1360x766,597,0.895,5.418,6.845,3.397,16.931,31.756,49.582,300
uav0000120_04775_v,1360x766,598,0.886,5.456,6.826,3.356,16.927,31.742,49.555,300
uav0000120_04775_v,1360x766,599,0.895,5.426,6.84,3.408,17.011,32.514,50.42,300
uav0000120_04775_v,1360x766,600,0.889,5.426,6.854,3.462,17.056,32.302,50.246,300
uav0000120_04775_v,1360x766,601,0.889,5.439,6.846,3.416,17.007,32.113,50.008,300
uav0000120_04775_v,1360x766,602,0.746,5.415,6.858,3.433,16.988,31.636,49.369,300
uav0000120_04775_v,1360x766,603,0.873,5.41,6.827,3.461,16.975,31.637,49.485,300
uav0000120_04775_v,1360x766,604,0.855,5.412,6.865,3.448,17.051,31.242,49.148,300
uav0000120_04775_v,1360x766,605,0.886,5.44,6.839,3.441,17.004,32.256,50.146,300
uav0000120_04775_v,1360x766,606,0.871,5.446,6.832,3.303,16.923,32.49,50.284,300
uav0000120_04775_v,1360x766,607,0.886,5.404,6.835,3.438,16.964,31.832,49.681,300
uav0000120_04775_v,1360x766,608,0.728,5.474,6.885,3.487,17.14,32.55,50.418,300
uav0000120_04775_v,1360x766,609,0.904,5.439,6.843,3.501,17.105,33.447,51.455,300
uav0000120_04775_v,1360x766,610,0.841,5.424,6.834,3.412,16.955,33.031,50.826,300
uav0000120_04775_v,1360x766,611,0.955,5.414,6.831,3.421,16.956,33.17,51.082,300
uav0000120_04775_v,1360x766,612,0.87,5.452,6.839,3.388,17.0,33.353,51.224,300
uav0000120_04775_v,1360x766,613,0.875,5.425,6.824,3.391,16.92,32.472,50.267,300
uav0000120_04775_v,1360x766,614,0.692,5.422,6.834,3.409,16.914,33.189,50.795,300
uav0000120_04775_v,1360x766,615,0.883,5.423,6.827,3.312,16.862,32.221,49.967,300
uav0000120_04775_v,1360x766,616,0.873,5.42,6.841,3.426,16.98,31.657,49.51,300
uav0000120_04775_v,1360x766,617,0.893,5.459,6.826,3.445,17.037,32.126,50.057,300
uav0000120_04775_v,1360x766,618,0.884,5.395,6.855,3.461,17.016,32.049,49.949,300
uav0000120_04775_v,1360x766,619,0.882,5.406,6.847,3.411,16.972,31.261,49.115,300
uav0000120_04775_v,1360x766,620,0.76,5.406,6.874,3.492,17.057,31.362,49.179,300
uav0000120_04775_v,1360x766,621,0.868,5.373,6.821,3.364,16.824,30.845,48.538,300
uav0000120_04775_v,1360x766,622,0.88,5.439,6.842,3.457,17.008,30.74,48.627,300
uav0000120_04775_v,1360x766,623,0.873,5.378,6.828,3.396,16.884,31.505,49.262,300
uav0000120_04775_v,1360x766,624,0.917,5.417,6.856,3.396,16.98,32.121,50.017,300
uav0000120_04775_v,1360x766,625,0.877,5.413,6.848,3.429,16.986,32.432,50.295,300
uav0000120_04775_v,1360x766,626,0.715,5.432,6.837,3.404,16.928,32.6,50.244,300
uav0000120_04775_v,1360x766,627,0.878,5.39,6.825,3.361,16.854,33.427,51.159,300
uav0000120_04775_v,1360x766,628,0.878,5.441,6.857,3.488,17.077,32.948,50.904,300
uav0000120_04775_v,1360x766,629,0.876,5.49,6.837,3.383,17.027,32.474,50.376,300
uav0000120_04775_v,1360x766,630,0.882,5.455,6.834,3.317,16.932,32.19,50.004,300
uav0000120_04775_v,1360x766,631,0.865,5.404,6.829,3.43,16.946,33.183,50.994,300
uav0000120_04775_v,1360x766,632,0.766,5.377,6.868,3.434,16.956,34.076,51.798,300
uav0000120_04775_v,1360x766,633,0.926,5.394,6.838,3.415,16.906,34.513,52.344,300
uav0000120_04775_v,1360x766,634,0.873,5.45,6.852,3.526,17.183,34.123,52.179,300
uav0000120_04775_v,1360x766,635,0.906,5.401,6.836,3.382,16.901,32.955,50.762,300
uav0000120_04775_v,1360x766,636,0.882,5.383,6.845,3.359,16.985,33.327,51.194,300
uav0000120_04775_v,1360x766,637,0.895,5.392,6.837,3.437,16.973,32.539,50.406,300
uav0000120_04775_v,1360x766,638,0.854,5.464,6.838,3.439,17.008,32.536,50.397,300
uav0000120_04775_v,1360x766,639,0.892,5.416,6.833,3.41,17.018,31.828,49.738,300
uav0000120_04775_v,1360x766,640,0.868,5.399,6.851,3.497,17.036,31.517,49.422,300
uav0000120_04775_v,1360x766,641,0.884,5.489,6.85,3.531,17.235,32.709,50.828,300
uav0000120_04775_v,1360x766,642,0.85,5.421,6.825,3.403,16.959,32.793,50.602,300
uav0000120_04775_v,1360x766,643,0.885,5.415,6.836,3.508,17.086,31.541,49.513,300
uav0000120_04775_v,1360x766,644,0.706,5.406,6.902,3.429,17.026,31.998,49.73,300
uav0000120_04775_v,1360x766,645,1.512,5.423,6.837,3.64,17.19,32.402,51.105,300
uav0000120_04775_v,1360x766,646,0.851,5.528,6.842,3.375,17.088,32.051,49.99,300
uav0000120_04775_v,1360x766,647,0.874,5.454,6.846,3.395,16.994,31.813,49.682,300
uav0000120_04775_v,1360x766,648,0.878,5.418,6.846,3.649,17.217,31.706,49.801,300
uav0000120_04775_v,1360x766,649,0.925,5.46,6.854,3.458,17.135,31.244,49.304,300
uav0000120_04775_v,1360x766,650,1.013,5.41,6.884,3.457,17.054,31.875,49.942,300
uav0000120_04775_v,1360x766,651,0.884,5.398,6.837,3.425,16.981,31.836,49.701,300
uav0000120_04775_v,1360x766,652,0.868,5.405,6.859,3.422,16.966,32.28,50.114,300
uav0000120_04775_v,1360x766,653,0.884,5.397,6.822,3.352,16.921,32.797,50.601,300
uav0000120_04775_v,1360x766,654,0.86,5.444,6.82,3.362,16.928,33.581,51.368,300
uav0000120_04775_v,1360x766,655,0.879,5.382,6.84,3.376,16.896,33.92,51.695,300
uav0000120_04775_v,1360x766,656,0.703,5.395,6.87,3.458,17.015,32.662,50.38,300
uav0000120_04775_v,1360x766,657,0.862,5.387,6.833,3.43,16.952,33.348,51.162,300
uav0000120_04775_v,1360x766,658,0.837,5.454,6.814,3.521,17.113,33.331,51.281,300
uav0000120_04775_v,1360x766,659,0.895,5.403,6.874,3.518,17.097,33.826,51.819,300
uav0000120_04775_v,1360x766,660,0.882,5.426,6.848,3.384,16.975,34.368,52.225,300
uav0000120_04775_v,1360x766,661,0.84,5.45,6.821,3.453,17.022,34.147,52.009,300
uav0000120_04775_v,1360x766,662,0.7,5.39,6.84,3.411,16.91,32.849,50.46,300
uav0000120_04775_v,1360x766,663,0.892,5.39,6.837,3.41,16.9,33.495,51.287,300
uav0000120_04775_v,1360x766,664,0.863,5.421,6.853,3.447,17.023,33.794,51.681,300
uav0000120_04775_v,1360x766,665,0.923,5.389,6.839,3.467,16.988,33.135,51.046,300
uav0000120_04775_v,1360x766,666,0.855,5.459,6.84,3.367,16.989,33.427,51.271,300
uav0000120_04775_v,1360x766,667,0.888,5.374,6.84,3.444,16.963,34.178,52.03,300
uav0000120_04775_v,1360x766,668,0.701,5.376,6.883,3.482,17.031,33.567,51.299,300
uav0000120_04775_v,1360x766,669,0.902,5.419,6.858,3.47,17.061,34.165,52.128,300
uav0000120_04775_v,1360x766,670,0.847,5.437,6.841,3.434,17.0,34.509,52.356,300
uav0000120_04775_v,1360x766,671,0.891,5.399,6.844,3.518,17.069,34.753,52.713,300
uav0000120_04775_v,1360x766,672,0.864,5.473,6.855,3.409,17.06,34.317,52.241,300
uav0000120_04775_v,1360x766,673,0.898,5.382,6.835,3.428,17.003,34.392,52.293,300
uav0000120_04775_v,1360x766,674,0.691,5.436,6.838,3.419,17.039,32.519,50.25,300
uav0000120_04775_v,1360x766,675,0.87,5.419,6.85,3.411,16.962,32.815,50.647,300
uav0000120_04775_v,1360x766,676,0.892,5.393,6.867,3.392,16.931,33.127,50.95,300
uav0000120_04775_v,1360x766,677,0.892,5.406,6.832,3.431,17.002,34.728,52.622,300
uav0000120_04775_v,1360x766,678,0.857,5.424,6.832,3.413,17.003,33.101,50.962,300
uav0000120_04775_v,1360x766,679,0.879,5.398,6.837,3.379,16.933,32.936,50.748,300
uav0000120_04775_v,1360x766,680,0.736,5.435,6.866,3.439,17.025,32.086,49.847,300
uav0000120_04775_v,1360x766,681,0.926,5.383,6.833,3.431,16.922,33.048,50.896,300
uav0000120_04775_v,1360x766,682,0.864,5.442,6.816,3.422,17.008,32.308,50.18,300
uav0000120_04775_v,1360x766,683,0.893,5.393,6.833,3.458,16.982,31.43,49.304,300
uav0000120_04775_v,1360x766,684,0.888,5.432,6.851,3.439,17.019,31.991,49.899,300
uav0000120_04775_v,1360x766,685,0.903,5.398,6.827,3.379,16.894,32.489,50.287,300
uav0000120_04775_v,1360x766,686,0.714,5.394,6.828,3.37,16.872,32.442,50.029,300
uav0000120_04775_v,1360x766,687,0.879,5.387,6.84,3.363,16.879,32.847,50.604,300
uav0000120_04775_v,1360x766,688,0.863,5.429,6.85,3.367,17.058,32.402,50.322,300
uav0000120_04775_v,1360x766,689,0.883,5.405,6.864,3.474,17.055,32.861,50.799,300
uav0000120_04775_v,1360x766,690,0.877,5.399,6.828,3.454,16.997,32.563,50.437,300
uav0000120_04775_v,1360x766,691,0.878,5.429,6.846,3.384,16.973,32.251,50.102,300
uav0000120_04775_v,1360x766,692,0.728,5.376,6.87,3.432,16.962,31.189,48.879,300
uav0000120_04775_v,1360x766,693,0.878,5.444,6.823,3.313,16.851,31.466,49.194,300
uav0000120_04775_v,1360x766,694,0.842,5.383,6.832,3.381,16.963,31.522,49.327,300
uav0000120_04775_v,1360x766,695,0.891,5.381,6.839,3.406,16.911,31.277,49.078,300
uav0000120_04775_v,1360x766,696,0.872,5.417,6.844,3.373,16.958,31.874,49.704,300
uav0000120_04775_v,1360x766,697,0.891,5.408,6.824,3.344,16.913,31.95,49.754,300
uav0000120_04775_v,1360x766,698,0.701,5.394,6.823,3.386,16.871,31.168,48.74,300
uav0000120_04775_v,1360x766,699,0.893,5.385,6.845,3.461,16.991,31.69,49.574,300
uav0000120_04775_v,1360x766,700,0.897,5.396,6.85,3.458,17.003,30.971,48.872,300
uav0000120_04775_v,1360x766,701,0.879,5.428,6.841,3.39,16.949,30.684,48.512,300
uav0000120_04775_v,1360x766,702,0.839,5.394,6.825,3.402,16.921,31.135,48.896,300
uav0000120_04775_v,1360x766,703,0.874,5.391,6.827,3.427,16.948,31.24,49.062,300
uav0000120_04775_v,1360x766,704,0.717,5.412,6.861,3.447,17.031,31.072,48.82,300
uav0000120_04775_v,1360x766,705,0.878,5.401,6.83,3.429,16.914,31.679,49.471,300
uav0000120_04775_v,1360x766,706,0.85,5.408,6.823,3.413,16.93,31.873,49.652,300
uav0000120_04775_v,1360x766,707,0.871,5.374,6.84,3.406,17.003,31.154,49.028,300
uav0000120_04775_v,1360x766,708,0.891,5.429,6.852,3.619,18.096,31.293,50.28,300
uav0000120_04775_v,1360x766,709,0.892,5.434,6.819,3.421,16.998,31.138,49.028,300
uav0000120_04775_v,1360x766,710,0.691,5.407,6.827,3.344,16.899,31.726,49.315,300
uav0000120_04775_v,1360x766,711,0.741,5.38,6.837,3.45,16.941,32.183,49.865,300
uav0000120_04775_v,1360x766,712,0.865,5.424,7.0,3.447,17.218,31.232,49.315,300
uav0000120_04775_v,1360x766,713,0.873,5.466,6.827,3.371,16.982,31.423,49.277,300
uav0000120_04775_v,1360x766,714,0.847,5.462,6.84,3.43,17.041,31.918,49.806,300
uav0000120_04775_v,1360x766,715,0.89,5.363,6.836,3.347,16.897,31.947,49.733,300
uav0000120_04775_v,1360x766,716,1.49,5.392,6.87,4.31,18.014,31.982,51.486,300
uav0000120_04775_v,1360x766,717,0.895,5.409,6.824,3.45,16.987,32.073,49.956,300
uav0000120_04775_v,1360x766,718,0.846,5.449,6.826,3.438,17.039,33.014,50.899,300
uav0000120_04775_v,1360x766,719,0.843,5.391,6.853,3.492,17.047,32.772,50.662,300
uav0000120_04775_v,1360x766,720,0.877,5.411,6.85,3.431,17.017,32.86,50.754,300
uav0000120_04775_v,1360x766,721,0.896,5.407,6.833,3.393,17.005,32.407,50.308,300
uav0000120_04775_v,1360x766,722,0.695,5.437,6.831,3.413,16.953,32.29,49.938,300
uav0000120_04775_v,1360x766,723,0.877,5.363,6.839,3.394,16.943,32.267,50.086,300
uav0000120_04775_v,1360x766,724,0.871,5.444,6.853,3.344,16.958,31.526,49.355,300
uav0000120_04775_v,1360x766,725,0.894,5.447,6.814,3.377,16.983,31.529,49.406,300
uav0000120_04775_v,1360x766,726,0.841,5.433,6.812,3.308,16.877,30.458,48.176,300
uav0000120_04775_v,1360x766,727,0.875,5.424,6.836,3.384,16.945,30.045,47.865,300
uav0000120_04775_v,1360x766,728,0.71,5.403,6.853,3.395,16.934,30.693,48.337,300
uav0000120_04775_v,1360x766,729,0.887,5.404,6.82,3.391,16.935,30.77,48.592,300
uav0000120_04775_v,1360x766,730,0.837,5.417,6.846,3.385,16.946,30.596,48.379,300
uav0000120_04775_v,1360x766,731,0.879,5.424,6.837,3.383,16.961,30.262,48.102,300
uav0000120_04775_v,1360x766,732,0.877,5.389,6.844,3.376,16.928,31.266,49.071,300
uav0000120_04775_v,1360x766,733,0.872,5.399,6.839,3.339,16.973,30.898,48.743,300
uav0000120_04775_v,1360x766,734,0.727,5.361,6.817,3.345,16.799,31.105,48.63,300
uav0000120_04775_v,1360x766,735,0.883,5.375,6.853,3.371,16.877,30.712,48.472,300
uav0000120_04775_v,1360x766,736,0.898,5.405,6.847,3.431,16.989,31.174,49.061,300
uav0000120_04775_v,1360x766,737,0.866,5.434,6.81,3.404,16.939,31.87,49.675,300
uav0000120_04775_v,1360x766,738,0.853,5.431,6.813,3.387,16.951,31.613,49.416,300
uav0000120_04775_v,1360x766,739,0.871,5.385,6.86,3.453,17.008,31.181,49.061,300
uav0000120_04775_v,1360x766,740,0.874,5.436,6.847,3.386,16.978,30.882,48.733,300
uav0000120_04775_v,1360x766,741,0.873,5.384,6.825,3.351,16.894,30.701,48.468,300
uav0000120_04775_v,1360x766,742,0.881,5.453,6.831,3.422,17.008,30.746,48.636,300
uav0000120_04775_v,1360x766,743,0.869,5.406,6.828,3.346,16.892,31.114,48.875,300
uav0000120_04775_v,1360x766,744,0.895,5.418,6.843,3.424,16.985,32.014,49.893,300
uav0000120_04775_v,1360x766,745,0.876,5.367,6.831,3.352,16.883,30.34,48.099,300
uav0000120_04775_v,1360x766,746,0.874,5.401,6.86,3.393,16.986,30.073,47.934,300
uav0000120_04775_v,1360x766,747,0.864,5.396,6.822,3.401,16.911,30.558,48.333,300
uav0000120_04775_v,1360x766,748,0.878,5.404,6.821,3.37,16.902,30.026,47.805,300
uav0000120_04775_v,1360x766,749,0.933,5.383,6.841,3.653,17.222,31.014,49.169,300
uav0000120_04775_v,1360x766,750,0.877,5.416,6.841,3.451,17.016,30.667,48.56,300
uav0000120_04775_v,1360x766,751,0.881,5.41,6.861,3.414,16.992,30.217,48.09,300
uav0000120_04775_v,1360x766,752,0.825,5.43,6.839,3.354,16.904,30.192,47.922,300
uav0000120_04775_v,1360x766,753,0.881,5.358,6.846,3.361,16.827,29.897,47.605,300
uav0000120_04775_v,1360x766,754,0.875,5.448,6.848,3.388,16.978,29.371,47.224,300
uav0000120_04775_v,1360x766,755,0.882,5.384,6.822,3.362,16.842,29.819,47.542,300
uav0000120_04775_v,1360x766,756,0.878,5.432,6.818,3.324,16.892,29.717,47.487,300
uav0000120_04775_v,1360x766,757,0.938,5.395,6.839,3.341,16.888,29.132,46.958,300
uav0000120_04775_v,1360x766,758,0.865,5.423,6.854,3.39,16.967,28.96,46.792,300
uav0000120_04775_v,1360x766,759,0.863,5.41,6.854,3.364,16.887,28.616,46.366,300
uav0000120_04775_v,1360x766,760,0.9,5.415,6.822,3.433,16.963,28.946,46.809,300
uav0000120_04775_v,1360x766,761,0.898,5.433,6.834,3.375,16.977,28.476,46.352,300
uav0000120_04775_v,1360x766,762,0.86,5.44,6.844,3.387,16.979,27.362,45.201,300
uav0000120_04775_v,1360x766,763,0.882,5.384,6.826,3.361,16.862,27.791,45.535,300
uav0000120_04775_v,1360x766,764,0.868,5.371,6.831,3.335,16.807,27.109,44.784,300
uav0000120_04775_v,1360x766,765,0.861,5.366,6.834,3.351,16.822,26.683,44.367,300
uav0000120_04775_v,1360x766,766,0.873,5.368,6.847,3.36,16.852,27.168,44.892,300
uav0000120_04775_v,1360x766,767,0.89,5.388,6.83,3.388,16.893,26.56,44.342,300
uav0000120_04775_v,1360x766,768,0.862,5.408,6.826,3.377,16.891,27.179,44.931,300
uav0000120_04775_v,1360x766,769,0.905,5.369,6.828,3.393,16.917,27.083,44.905,300
uav0000120_04775_v,1360x766,770,0.885,5.351,6.848,3.386,16.851,26.765,44.501,300
uav0000120_04775_v,1360x766,771,0.843,5.373,6.807,3.388,16.809,27.838,45.49,300
uav0000120_04775_v,1360x766,772,0.843,5.39,6.829,3.32,16.844,27.855,45.542,300
uav0000120_04775_v,1360x766,773,0.893,5.387,6.844,3.38,16.918,27.19,45.001,300
uav0000120_04775_v,1360x766,774,0.879,5.395,6.847,3.349,16.885,26.82,44.584,300
uav0000120_04775_v,1360x766,775,0.881,5.382,6.834,3.397,16.903,27.095,44.879,300
uav0000120_04775_v,1360x766,776,0.832,5.388,6.821,3.284,16.768,26.52,44.119,300
uav0000120_04775_v,1360x766,777,0.857,5.384,6.831,3.365,16.877,26.175,43.909,300
uav0000120_04775_v,1360x766,778,0.89,5.447,6.835,3.407,16.993,26.353,44.236,300
uav0000120_04775_v,1360x766,779,0.91,5.442,6.815,3.384,16.949,25.584,43.443,300
uav0000120_04775_v,1360x766,780,0.818,5.409,6.812,3.355,16.856,25.849,43.523,300
uav0000120_04775_v,1360x766,781,0.875,5.404,6.831,3.38,16.873,26.454,44.202,300
uav0000120_04775_v,1360x766,782,0.852,5.352,6.877,3.37,16.871,27.014,44.737,300
uav0000120_04775_v,1360x766,783,0.889,5.436,6.841,3.35,16.939,27.322,45.151,300
uav0000120_04775_v,1360x766,784,0.901,5.424,6.851,3.387,16.956,27.669,45.525,300
uav0000120_04775_v,1360x766,785,1.5,5.385,6.837,3.642,17.304,27.692,46.496,300
uav0000120_04775_v,1360x766,786,0.873,5.38,6.849,3.345,16.85,27.811,45.533,300
uav0000120_04775_v,1360x766,787,0.857,5.397,6.848,3.364,16.901,27.153,44.911,300
uav0000120_04775_v,1360x766,788,0.737,5.462,6.836,3.363,16.916,27.056,44.709,300
uav0000120_04775_v,1360x766,789,0.872,5.387,6.825,3.353,16.825,25.533,43.23,300
uav0000120_04775_v,1360x766,790,0.851,5.408,6.837,3.285,16.836,22.653,40.34,300
uav0000120_04775_v,1360x766,791,0.88,5.363,6.837,3.316,16.858,20.45,38.188,300
uav0000120_04775_v,1360x766,792,0.85,5.393,6.85,3.362,16.888,16.562,34.301,273
uav0000120_04775_v,1360x766,793,0.909,5.382,6.814,3.395,16.858,15.447,33.214,286
uav0000120_04775_v,1360x766,794,0.726,5.39,6.843,3.281,16.742,14.826,32.294,269
uav0000120_04775_v,1360x766,795,0.896,5.407,6.837,3.326,16.818,14.012,31.726,274
uav0000120_04775_v,1360x766,796,0.869,5.388,6.833,3.284,16.778,15.202,32.849,284
uav0000120_04775_v,1360x766,797,0.857,5.376,6.825,3.307,16.759,14.843,32.458,288
uav0000120_04775_v,1360x766,798,0.861,5.42,6.834,3.287,16.786,14.32,31.967,272
uav0000120_04775_v,1360x766,799,0.87,5.373,6.842,3.3,16.763,15.03,32.662,300
uav0000120_04775_v,1360x766,800,0.734,5.418,6.829,3.323,16.844,14.541,32.119,300
uav0000120_04775_v,1360x766,801,0.858,6.326,6.825,3.306,17.725,13.457,32.04,247
uav0000120_04775_v,1360x766,802,0.854,5.377,6.84,3.172,16.727,13.717,31.299,257
uav0000120_04775_v,1360x766,803,0.84,5.422,6.838,3.315,16.829,13.54,31.208,278
uav0000120_04775_v,1360x766,804,0.855,5.382,6.814,3.278,16.718,13.56,31.133,260
uav0000120_04775_v,1360x766,805,0.851,5.37,6.839,3.311,16.779,13.252,30.883,278
uav0000120_04775_v,1360x766,806,0.729,5.376,6.849,3.247,16.738,13.973,31.44,262
uav0000120_04775_v,1360x766,807,0.882,5.394,6.816,3.347,16.84,13.82,31.542,254
uav0000120_04775_v,1360x766,808,0.871,5.425,6.813,3.225,16.735,13.157,30.763,247
uav0000120_04775_v,1360x766,809,0.862,5.386,6.848,3.234,16.707,14.36,31.928,263
uav0000120_04775_v,1360x766,810,0.88,5.367,6.83,3.257,16.811,13.671,31.362,247
uav0000120_04775_v,1360x766,811,0.862,5.425,6.816,3.34,16.833,13.902,31.598,262
uav0000120_04775_v,1360x766,812,0.862,5.377,6.855,3.268,16.724,13.199,30.785,254
uav0000120_04775_v,1360x766,813,0.888,5.378,6.82,3.199,16.633,13.949,31.471,252
uav0000120_04775_v,1360x766,814,0.87,5.371,6.833,3.183,16.713,14.224,31.808,247
uav0000120_04775_v,1360x766,815,0.867,5.436,6.832,3.262,16.846,14.46,32.173,241
uav0000120_04775_v,1360x766,816,0.883,5.375,6.819,3.208,16.76,13.056,30.699,217
uav0000120_04775_v,1360x766,817,0.861,5.398,6.828,3.221,16.688,13.244,30.794,251
uav0000120_04775_v,1360x766,818,0.721,5.388,6.842,3.244,16.712,11.411,28.843,228
uav0000120_04775_v,1360x766,819,0.865,5.375,6.85,3.272,16.721,11.058,28.644,230
uav0000120_04775_v,1360x766,820,0.856,5.373,6.824,3.26,16.696,11.464,29.017,209
uav0000120_04775_v,1360x766,821,0.869,5.393,6.834,3.164,16.742,11.122,28.733,217
uav0000120_04775_v,1360x766,822,0.877,5.377,6.826,3.258,16.719,11.237,28.833,231
uav0000120_04775_v,1360x766,823,0.855,5.403,6.836,3.311,16.826,11.214,28.896,239
uav0000120_04775_v,1360x766,824,0.701,5.386,6.847,3.341,16.799,11.848,29.348,291
uav0000120_04775_v,1360x766,825,0.854,5.377,6.838,3.242,16.765,11.876,29.495,263
uav0000120_04775_v,1360x766,826,0.857,5.379,6.826,3.292,16.732,12.356,29.945,232
uav0000120_04775_v,1360x766,827,0.859,5.413,6.864,3.304,16.867,13.104,30.83,255
uav0000120_04775_v,1360x766,828,0.866,5.428,6.81,3.264,16.753,14.043,31.663,300
uav0000120_04775_v,1360x766,829,0.869,5.45,6.846,3.299,16.864,14.047,31.78,298
uav0000120_04775_v,1360x766,830,0.84,5.376,6.858,3.291,16.758,13.435,31.034,279
uav0000120_04775_v,1360x766,831,0.856,5.374,6.82,3.324,16.728,14.883,32.467,300
uav0000120_04775_v,1360x766,832,0.843,5.377,6.868,3.294,16.785,14.675,32.304,295
uav0000120_04775_v,1360x766,833,0.856,5.391,6.841,3.336,16.824,14.654,32.334,300
uav0000120_04775_v,1360x766,834,0.856,5.378,6.848,3.315,16.771,14.455,32.082,300
uav0000120_04775_v,1360x766,835,0.857,5.381,6.867,3.349,16.857,14.506,32.22,295
uav0000120_04775_v,1360x766,836,0.686,5.43,6.856,3.288,16.815,14.685,32.186,300
uav0000120_04775_v,1360x766,837,0.877,5.368,6.829,3.298,16.723,14.687,32.287,300
uav0000120_04775_v,1360x766,838,0.872,5.389,6.852,3.321,16.805,15.289,32.966,298
uav0000120_04775_v,1360x766,839,0.861,5.41,6.889,3.265,16.882,14.237,31.98,280
uav0000120_04775_v,1360x766,840,0.867,5.372,6.818,3.267,16.793,14.136,31.796,283
uav0000120_04775_v,1360x766,841,0.859,5.374,6.834,3.266,16.784,14.603,32.247,284
uav0000120_04775_v,1360x766,842,0.891,5.382,6.857,3.281,16.78,14.988,32.66,260
uav0000120_04775_v,1360x766,843,0.837,5.379,6.823,3.435,17.114,15.599,33.55,300
uav0000120_04775_v,1360x766,844,0.867,5.432,6.835,3.374,17.016,15.764,33.647,269
uav0000120_04775_v,1360x766,845,0.847,5.435,6.851,3.392,17.037,16.343,34.228,242
uav0000120_04775_v,1360x766,846,0.846,5.388,6.827,3.38,16.85,16.25,33.947,300
uav0000120_04775_v,1360x766,847,0.93,5.401,6.858,3.41,16.927,15.997,33.854,300
uav0000120_04775_v,1360x766,848,0.864,5.403,6.843,3.293,16.842,15.174,32.88,300
uav0000120_04775_v,1360x766,849,0.858,5.386,6.825,3.33,16.794,14.572,32.223,282
uav0000120_04775_v,1360x766,850,0.868,5.469,6.839,3.314,16.92,15.898,33.687,278
uav0000120_04775_v,1360x766,851,1.48,5.41,6.841,3.456,17.109,15.525,34.114,263
uav0000120_04775_v,1360x766,852,0.861,5.423,6.833,3.313,16.865,14.636,32.362,275
uav0000120_04775_v,1360x766,853,0.876,5.371,6.829,3.199,16.745,14.703,32.324,261
uav0000120_04775_v,1360x766,854,0.827,5.373,6.842,3.266,16.782,15.374,32.982,264
uav0000120_04775_v,1360x766,855,0.84,5.367,6.844,3.272,16.716,14.646,32.202,250
uav0000120_04775_v,1360x766,856,0.846,5.423,6.848,3.339,16.863,14.55,32.259,281
uav0000120_04775_v,1360x766,857,0.874,5.414,6.838,3.254,16.763,14.957,32.594,279
uav0000120_04775_v,1360x766,858,0.85,5.377,6.873,3.295,16.815,17.17,34.835,292
uav0000120_04775_v,1360x766,859,0.859,5.425,6.841,3.25,16.813,15.71,33.383,277
uav0000120_04775_v,1360x766,860,0.897,5.376,6.855,3.254,16.743,15.006,32.645,287
uav0000120_04775_v,1360x766,861,0.835,5.431,6.834,3.282,16.763,15.135,32.734,272
uav0000120_04775_v,1360x766,862,0.858,5.407,6.84,3.211,16.784,15.207,32.848,276
uav0000120_04775_v,1360x766,863,0.892,5.405,6.835,3.291,16.77,14.906,32.568,256
uav0000120_04775_v,1360x766,864,0.845,5.415,6.844,3.245,16.728,15.211,32.785,268
uav0000120_04775_v,1360x766,865,0.839,5.434,6.836,3.314,16.854,14.96,32.654,279
uav0000120_04775_v,1360x766,866,0.857,5.374,6.843,3.376,16.834,15.448,33.138,286
uav0000120_04775_v,1360x766,867,0.902,5.412,6.843,3.276,16.777,15.819,33.499,293
uav0000120_04775_v,1360x766,868,0.849,5.421,6.847,3.334,16.876,15.362,33.087,300
uav0000120_04775_v,1360x766,869,0.857,5.375,6.82,3.314,16.772,15.754,33.382,300
uav0000120_04775_v,1360x766,870,0.903,5.429,6.855,3.235,16.789,15.867,33.558,300
uav0000120_04775_v,1360x766,871,0.841,5.401,6.835,3.336,16.871,16.003,33.715,300
uav0000120_04775_v,1360x766,872,0.849,5.415,6.819,3.218,16.773,16.661,34.283,300
uav0000120_04775_v,1360x766,873,0.846,5.402,6.854,3.563,17.069,16.006,33.92,275
uav0000120_04775_v,1360x766,874,0.823,5.379,6.843,3.297,16.861,15.77,33.455,285
uav0000120_04775_v,1360x766,875,0.869,5.396,6.835,3.347,16.852,15.512,33.233,260
uav0000120_04775_v,1360x766,876,0.841,5.39,6.831,3.33,16.811,16.151,33.803,286
uav0000120_04775_v,1360x766,877,0.891,5.394,6.844,3.248,16.762,15.778,33.431,246
uav0000120_04775_v,1360x766,878,0.862,5.392,6.851,3.3,16.768,15.839,33.469,249
uav0000120_04775_v,1360x766,879,0.873,5.425,6.838,3.252,16.796,16.254,33.922,260
uav0000120_04775_v,1360x766,880,0.849,5.41,6.854,3.272,16.81,15.705,33.365,253
uav0000120_04775_v,1360x766,881,0.864,5.394,6.848,3.258,16.764,15.542,33.171,249
uav0000120_04775_v,1360x766,882,0.805,5.388,6.847,3.293,16.891,16.011,33.707,281
uav0000120_04775_v,1360x766,883,0.851,5.381,6.834,3.289,16.763,15.592,33.205,300
uav0000120_04775_v,1360x766,884,0.833,5.385,6.853,3.293,16.796,16.944,34.573,299
uav0000120_04775_v,1360x766,885,0.85,5.377,6.832,3.264,16.7,16.521,34.071,300
uav0000120_04775_v,1360x766,886,0.848,5.382,6.847,3.329,16.91,16.486,34.245,300
uav0000120_04775_v,1360x766,887,0.861,5.433,6.878,3.253,16.833,16.635,34.329,289
uav0000120_04775_v,1360x766,888,0.883,5.398,7.029,3.375,17.102,17.445,35.43,288
uav0000120_04775_v,1360x766,889,0.864,5.411,6.868,3.309,16.983,16.657,34.504,284
uav0000120_04775_v,1360x766,890,0.831,5.375,6.859,3.318,16.805,17.273,34.909,285
uav0000120_04775_v,1360x766,891,0.842,5.395,6.83,3.278,16.722,18.592,36.156,300
uav0000120_04775_v,1360x766,892,0.869,5.334,6.834,3.375,16.832,17.893,35.594,300
uav0000120_04775_v,1360x766,893,0.841,5.393,6.856,3.372,16.878,17.692,35.41,300
uav0000120_04775_v,1360x766,894,0.875,5.552,6.843,3.32,16.973,17.921,35.77,300
uav0000120_04775_v,1360x766,895,0.901,5.438,6.846,3.352,16.906,16.686,34.493,279
uav0000120_04775_v,1360x766,896,0.874,5.471,6.851,3.336,16.937,15.688,33.499,269
uav0000120_04775_v,1360x766,897,0.868,5.402,6.849,3.332,16.827,15.877,33.572,287
uav0000120_04775_v,1360x766,898,0.842,5.416,6.871,3.32,16.874,15.943,33.659,300
uav0000120_04775_v,1360x766,899,0.857,5.381,6.847,3.363,16.944,15.467,33.268,300
uav0000120_04775_v,1360x766,900,0.856,5.419,6.835,3.377,16.92,16.76,34.536,300
uav0000120_04775_v,1360x766,901,0.844,5.396,6.863,3.329,16.946,16.306,34.096,300
uav0000120_04775_v,1360x766,902,0.838,5.434,6.854,3.389,16.913,20.642,38.392,300
uav0000120_04775_v,1360x766,903,0.873,5.483,6.866,3.445,17.078,25.298,43.249,300
uav0000120_04775_v,1360x766,904,0.851,5.465,6.831,3.405,17.038,25.802,43.691,300
uav0000120_04775_v,1360x766,905,0.844,6.657,6.856,3.391,18.201,25.799,44.844,300
uav0000120_04775_v,1360x766,906,0.917,5.435,6.848,3.46,17.035,26.152,44.104,300
uav0000120_04775_v,1360x766,907,0.892,5.431,6.837,3.465,17.015,25.478,43.385,300
uav0000120_04775_v,1360x766,908,0.866,5.371,6.846,3.406,17.008,26.383,44.258,300
uav0000120_04775_v,1360x766,909,0.85,5.398,6.837,3.457,17.013,27.04,44.903,300
uav0000120_04775_v,1360x766,910,0.854,5.449,6.859,3.422,17.019,26.571,44.444,300
uav0000120_04775_v,1360x766,911,0.887,5.419,6.836,3.317,16.849,21.666,39.403,300
uav0000120_04775_v,1360x766,912,0.897,5.438,6.845,3.378,16.956,17.998,35.85,300
uav0000120_04775_v,1360x766,913,0.877,5.397,6.851,3.304,16.849,15.404,33.129,286
uav0000120_04775_v,1360x766,914,0.858,5.407,6.869,3.235,16.773,13.801,31.432,227
uav0000120_04775_v,1360x766,915,1.149,5.366,6.84,3.352,16.866,14.714,32.729,261
uav0000120_04775_v,1360x766,916,0.882,5.377,6.921,3.414,17.002,14.451,32.335,300
uav0000120_04775_v,1360x766,917,0.843,5.408,6.844,3.258,16.78,17.288,34.91,300
uav0000120_04775_v,1360x766,918,0.847,5.406,6.846,3.412,16.929,26.989,44.765,300
uav0000120_04775_v,1360x766,919,0.853,5.415,6.822,3.452,16.972,31.353,49.178,300
uav0000120_04775_v,1360x766,920,0.851,5.447,6.882,3.413,17.057,33.719,51.628,300
uav0000120_04775_v,1360x766,921,0.841,5.499,6.853,3.417,17.086,34.846,52.773,300
uav0000120_04775_v,1360x766,922,0.87,5.428,6.853,3.396,17.053,34.198,52.121,300
uav0000120_04775_v,1360x766,923,0.927,5.425,6.835,3.452,17.031,34.487,52.445,300
uav0000120_04775_v,1360x766,924,0.889,5.416,6.855,3.478,17.096,34.174,52.159,300
uav0000120_04775_v,1360x766,925,0.871,5.436,6.871,3.391,17.012,35.207,53.089,300
uav0000120_04775_v,1360x766,926,0.864,5.41,6.869,3.414,16.973,34.819,52.655,300
uav0000120_04775_v,1360x766,927,0.854,5.363,6.825,3.466,16.948,34.62,52.423,300
uav0000120_04775_v,1360x766,928,0.849,5.397,6.835,3.39,16.923,33.61,51.382,300
uav0000120_04775_v,1360x766,929,0.88,5.451,6.846,3.438,17.024,33.944,51.849,300
uav0000120_04775_v,1360x766,930,0.847,5.419,6.835,3.468,17.026,33.372,51.245,300
uav0000120_04775_v,1360x766,931,0.856,5.375,6.833,3.488,17.004,31.415,49.274,300
uav0000120_04775_v,1360x766,932,0.866,5.381,6.863,3.444,16.971,27.608,45.446,300
uav0000120_04775_v,1360x766,933,0.873,5.391,6.835,3.362,16.847,24.578,42.297,300
uav0000120_04775_v,1360x766,934,0.861,5.392,6.841,3.342,16.838,21.278,38.977,300
uav0000120_04775_v,1360x766,935,0.867,5.402,6.827,3.356,16.837,21.437,39.141,300
uav0000120_04775_v,1360x766,936,0.858,5.42,6.853,3.337,16.86,21.994,39.711,300
uav0000120_04775_v,1360x766,937,0.88,5.402,6.84,3.421,16.979,22.06,39.919,300
uav0000120_04775_v,1360x766,938,0.885,5.42,6.859,3.373,16.904,19.958,37.747,300
uav0000120_04775_v,1360x766,939,0.842,5.361,6.83,3.383,16.817,19.794,37.452,300
uav0000120_04775_v,1360x766,940,0.848,5.427,6.848,3.326,16.906,19.051,36.804,300
uav0000120_04775_v,1360x766,941,0.879,5.416,6.844,3.332,16.86,20.025,37.764,300
uav0000120_04775_v,1360x766,942,0.866,5.398,6.836,3.362,16.868,19.763,37.497,300
uav0000120_04775_v,1360x766,943,0.892,5.395,6.818,3.352,16.858,18.577,36.327,300
uav0000120_04775_v,1360x766,944,0.875,5.369,6.864,3.351,16.848,19.067,36.79,300
uav0000120_04775_v,1360x766,945,0.86,5.378,6.84,3.241,16.667,18.834,36.361,300
uav0000120_04775_v,1360x766,946,0.871,5.432,6.854,3.376,16.94,18.489,36.299,300
uav0000120_04775_v,1360x766,947,0.856,5.388,6.854,3.401,16.924,19.457,37.237,300
uav0000120_04775_v,1360x766,948,0.874,5.426,6.861,3.33,16.956,18.368,36.199,300
uav0000120_04775_v,1360x766,949,0.876,5.437,6.842,3.29,16.885,19.179,36.941,300
uav0000120_04775_v,1360x766,950,0.881,5.35,6.876,3.323,16.783,19.574,37.238,300
uav0000120_04775_v,1360x766,951,0.855,5.4,6.838,3.371,16.868,19.748,37.471,300
uav0000120_04775_v,1360x766,952,0.856,5.441,6.867,3.301,16.913,19.46,37.229,300
uav0000120_04775_v,1360x766,953,0.875,5.423,6.852,3.358,16.91,19.986,37.771,300
uav0000120_04775_v,1360x766,954,0.859,5.431,6.834,3.279,16.82,20.153,37.832,300
uav0000120_04775_v,1360x766,955,0.915,5.394,6.827,3.378,16.875,20.602,38.392,300
uav0000120_04775_v,1360x766,956,0.858,5.378,6.874,3.382,16.879,21.868,39.605,300
uav0000120_04775_v,1360x766,957,0.869,5.385,6.834,3.39,16.863,25.342,43.075,300
uav0000120_04775_v,1360x766,958,0.846,5.436,6.836,3.373,16.93,28.687,46.463,300
uav0000120_04775_v,1360x766,959,0.845,5.403,6.84,3.464,17.039,29.665,47.549,300
uav0000120_04775_v,1360x766,960,0.859,5.438,6.842,3.364,16.953,28.3,46.113,300
uav0000120_04775_v,1360x766,961,0.855,5.384,6.841,3.374,16.871,29.488,47.214,300
uav0000120_04775_v,1360x766,962,0.834,5.378,6.838,3.345,16.816,30.397,48.047,300
uav0000120_04775_v,1360x766,963,0.847,5.359,6.835,3.467,16.947,30.625,48.419,300
uav0000120_04775_v,1360x766,964,0.857,5.419,6.859,3.484,17.073,31.531,49.462,300
uav0000120_04775_v,1360x766,965,0.869,5.393,6.849,3.48,17.032,31.393,49.294,300
uav0000120_04775_v,1360x766,966,0.899,5.554,6.83,3.477,17.165,32.238,50.303,300
uav0000120_04775_v,1360x766,967,0.871,5.387,6.846,3.45,16.982,33.441,51.294,300
uav0000120_04775_v,1360x766,968,0.877,5.405,6.896,3.455,17.017,32.21,50.104,300
uav0000120_04775_v,1360x766,969,0.928,5.381,6.831,3.536,17.015,34.414,52.357,300
uav0000120_04775_v,1360x766,970,0.882,5.408,6.847,3.472,17.036,34.913,52.83,300
uav0000120_04775_v,1360x766,971,0.849,5.367,6.848,3.548,17.083,34.742,52.673,300
uav0000120_04775_v,1360x766,972,0.876,5.586,6.843,3.465,17.171,34.8,52.847,300
uav0000120_04775_v,1360x766,973,0.841,6.043,6.84,3.422,17.657,38.166,56.664,300
uav0000120_04775_v,1360x766,974,0.862,5.428,6.848,3.329,16.942,33.884,51.688,300
uav0000120_04775_v,1360x766,975,0.863,5.42,6.827,3.344,16.873,33.923,51.659,300
uav0000120_04775_v,1360x766,976,0.885,5.438,6.836,3.413,17.011,33.004,50.9,300
uav0000120_04775_v,1360x766,977,0.875,5.431,6.836,3.386,16.942,33.561,51.378,300
uav0000120_04775_v,1360x766,978,0.851,5.412,6.846,3.401,16.949,33.233,51.032,300
uav0000120_04775_v,1360x766,979,0.895,5.407,6.83,3.485,17.016,33.531,51.443,300
uav0000120_04775_v,1360x766,980,0.891,5.375,6.878,3.428,16.933,33.29,51.114,300
uav0000120_04775_v,1360x766,981,0.832,5.43,6.836,3.462,17.013,34.923,52.768,300
uav0000120_04775_v,1360x766,982,0.835,5.409,6.852,3.474,17.037,33.305,51.177,300
uav0000120_04775_v,1360x766,983,0.864,5.401,6.844,3.482,17.104,34.002,51.97,300
uav0000120_04775_v,1360x766,984,0.858,5.454,6.884,3.461,17.143,32.267,50.268,300
uav0000120_04775_v,1360x766,985,0.873,5.413,6.838,3.424,16.99,33.732,51.596,300
uav0000120_04775_v,1360x766,986,0.865,5.446,6.854,3.466,17.042,32.794,50.7,300
uav0000120_04775_v,1360x766,987,0.871,5.394,6.827,3.424,16.969,33.426,51.266,300
uav0000120_04775_v,1360x766,988,0.899,5.458,6.89,3.425,17.086,33.041,51.026,300
uav0000120_04775_v,1360x766,989,0.834,5.429,6.834,3.429,17.011,34.39,52.234,300
uav0000120_04775_v,1360x766,990,0.886,5.44,6.834,3.432,16.987,33.969,51.843,300
uav0000120_04775_v,1360x766,991,0.871,5.409,6.862,3.459,17.031,34.756,52.658,300
uav0000120_04775_v,1360x766,992,0.847,5.49,6.863,3.389,17.069,33.678,51.593,300
uav0000120_04775_v,1360x766,993,0.833,5.435,6.844,3.488,17.085,33.719,51.637,300
uav0000120_04775_v,1360x766,994,0.828,5.425,6.809,3.46,16.98,34.918,52.725,300
uav0000120_04775_v,1360x766,995,0.792,5.445,6.825,3.477,17.084,34.553,52.429,300
uav0000120_04775_v,1360x766,996,0.806,5.36,6.802,3.423,16.969,34.24,52.015,300
uav0000120_04775_v,1360x766,997,0.827,5.358,6.804,3.381,16.938,34.087,51.853,300
uav0000120_04775_v,1360x766,998,0.784,5.385,6.799,3.404,16.982,32.986,50.753,300
uav0000120_04775_v,1360x766,999,0.802,5.369,6.827,3.43,16.923,32.615,50.34,300
uav0000120_04775_v,1360x766,1000,0.788,5.393,6.812,3.472,16.981,33.885,51.654,300
uav0000161_00000_v,960x540,1,22.929,8.681,6.842,4.03,21.024,27.572,71.525,300
uav0000161_00000_v,960x540,2,0.78,8.583,6.823,3.787,20.474,35.416,56.671,300
uav0000161_00000_v,960x540,3,0.658,8.667,6.828,3.749,20.563,35.343,56.564,300
uav0000161_00000_v,960x540,4,0.673,8.598,6.809,3.715,20.398,35.086,56.157,300
uav0000161_00000_v,960x540,5,0.599,8.549,6.804,3.801,20.43,36.765,57.793,300
uav0000161_00000_v,960x540,6,0.603,8.527,6.82,3.802,20.422,36.956,57.981,300
uav0000161_00000_v,960x540,7,0.641,8.525,6.815,3.677,20.307,38.568,59.516,300
uav0000161_00000_v,960x540,8,0.662,8.592,6.812,3.746,20.463,38.733,59.858,300
uav0000161_00000_v,960x540,9,0.603,8.576,6.819,3.796,20.522,38.935,60.061,300
uav0000161_00000_v,960x540,10,0.613,8.599,6.837,3.663,20.422,37.375,58.411,300
uav0000161_00000_v,960x540,11,0.726,8.566,6.852,3.695,20.42,36.998,58.144,300
uav0000161_00000_v,960x540,12,0.653,8.667,6.816,3.705,20.453,37.344,58.451,300
uav0000161_00000_v,960x540,13,0.569,8.715,6.816,3.661,20.495,36.658,57.722,300
uav0000161_00000_v,960x540,14,0.597,8.538,6.819,3.724,20.364,36.934,57.896,300
uav0000161_00000_v,960x540,15,0.6,8.521,6.851,3.697,20.33,38.557,59.487,300
uav0000161_00000_v,960x540,16,0.581,8.54,6.816,3.729,20.33,37.308,58.219,300
uav0000161_00000_v,960x540,17,0.556,8.496,6.805,3.82,20.382,39.477,60.414,300
uav0000161_00000_v,960x540,18,0.582,8.622,6.82,3.662,20.397,38.749,59.728,300
uav0000161_00000_v,960x540,19,1.172,8.784,6.825,3.765,20.707,38.77,60.648,300
uav0000161_00000_v,960x540,20,0.578,8.568,6.822,3.591,20.238,37.654,58.47,300
uav0000161_00000_v,960x540,21,0.594,8.55,6.828,3.703,20.393,37.959,58.946,300
uav0000161_00000_v,960x540,22,0.571,8.501,6.815,3.62,20.214,39.444,60.229,300
uav0000161_00000_v,960x540,23,0.593,8.485,6.82,3.694,20.265,39.323,60.181,300
uav0000161_00000_v,960x540,24,0.58,8.547,6.809,3.742,20.41,39.799,60.79,300
uav0000161_00000_v,960x540,25,0.584,8.55,6.818,3.754,20.372,38.746,59.702,300
uav0000161_00000_v,960x540,26,0.584,8.558,6.838,3.735,20.489,40.852,61.924,300
uav0000161_00000_v,960x540,27,0.611,8.545,6.839,3.752,20.445,39.516,60.573,300
uav0000161_00000_v,960x540,28,0.588,8.57,6.849,3.785,20.505,40.412,61.504,300
uav0000161_00000_v,960x540,29,0.601,8.524,6.809,3.702,20.315,39.697,60.612,300
uav0000161_00000_v,960x540,30,0.544,8.618,6.816,3.788,20.501,39.491,60.537,300
uav0000161_00000_v,960x540,31,0.601,8.577,6.842,3.77,20.467,40.621,61.688,300
uav0000161_00000_v,960x540,32,0.578,8.59,6.812,3.708,20.354,39.986,60.919,300
uav0000161_00000_v,960x540,33,0.513,8.588,6.806,3.742,20.391,38.802,59.707,300
uav0000161_00000_v,960x540,34,0.539,8.54,6.841,3.771,20.446,38.858,59.843,300
uav0000161_00000_v,960x540,35,0.545,8.657,6.85,3.725,20.541,39.92,61.006,300
uav0000161_00000_v,960x540,36,0.584,8.627,6.806,3.859,20.559,38.81,59.954,300
uav0000161_00000_v,960x540,37,0.494,8.552,6.817,3.77,20.406,38.382,59.281,300
uav0000161_00000_v,960x540,38,0.572,8.598,6.811,3.938,20.62,41.008,62.199,300
uav0000161_00000_v,960x540,39,0.534,8.602,6.868,3.887,20.616,38.711,59.861,300
uav0000161_00000_v,960x540,40,0.563,8.544,6.821,3.705,20.349,38.385,59.298,300
uav0000161_00000_v,960x540,41,0.509,8.559,6.817,3.893,20.545,39.624,60.677,300
uav0000161_00000_v,960x540,42,0.535,8.487,6.817,3.905,20.487,42.259,63.281,300
uav0000161_00000_v,960x540,43,0.62,8.502,6.835,4.005,20.638,42.872,64.129,300
uav0000161_00000_v,960x540,44,0.575,8.579,6.823,3.871,20.542,42.382,63.499,300
uav0000161_00000_v,960x540,45,0.561,8.626,6.817,3.885,20.604,43.503,64.667,300
uav0000161_00000_v,960x540,46,0.551,8.566,6.818,3.912,20.54,44.179,65.27,300
uav0000161_00000_v,960x540,47,0.584,8.527,6.825,3.821,20.497,43.776,64.858,300
uav0000161_00000_v,960x540,48,0.58,8.575,6.829,3.868,20.574,43.984,65.139,300
uav0000161_00000_v,960x540,49,0.572,8.5,6.806,3.774,20.379,43.483,64.434,300
uav0000161_00000_v,960x540,50,0.559,8.588,6.806,3.785,20.476,42.43,63.464,300
uav0000161_00000_v,960x540,51,0.569,8.557,6.833,3.943,20.646,43.353,64.567,300
uav0000161_00000_v,960x540,52,1.193,8.778,6.825,4.027,20.944,43.056,65.193,300
uav0000161_00000_v,960x540,53,0.626,8.537,6.82,3.749,20.413,44.147,65.186,300
uav0000161_00000_v,960x540,54,0.522,8.606,6.823,3.772,20.48,44.315,65.317,300
uav0000161_00000_v,960x540,55,0.55,8.564,6.843,3.72,20.391,43.55,64.491,300
uav0000161_00000_v,960x540,56,0.528,8.589,6.81,3.697,20.362,43.03,63.921,300
uav0000161_00000_v,960x540,57,0.527,8.537,6.812,3.705,20.328,40.71,61.565,300
uav0000161_00000_v,960x540,58,0.567,8.54,6.815,3.849,20.477,41.415,62.459,300
uav0000161_00000_v,960x540,59,0.608,8.614,6.852,3.828,20.623,42.869,64.1,300
uav0000161_00000_v,960x540,60,0.584,8.508,6.813,3.777,20.381,41.605,62.571,300
uav0000161_00000_v,960x540,61,0.575,8.561,6.809,3.909,20.559,42.835,63.97,300
uav0000161_00000_v,960x540,62,0.505,8.534,6.822,3.798,20.402,42.905,63.812,300
uav0000161_00000_v,960x540,63,0.604,8.54,6.837,3.852,20.507,42.977,64.089,300
uav0000161_00000_v,960x540,64,0.538,8.586,6.82,3.925,20.587,42.845,63.97,300
uav0000161_00000_v,960x540,65,0.612,8.565,6.807,3.894,20.547,42.731,63.89,300
uav0000161_00000_v,960x540,66,0.566,8.571,6.806,4.32,20.977,44.167,65.71,300
uav0000161_00000_v,960x540,67,0.642,8.458,6.844,3.964,20.609,43.688,64.938,300
uav0000161_00000_v,960x540,68,0.594,8.708,6.822,3.863,20.669,44.572,65.835,300
uav0000161_00000_v,960x540,69,0.541,8.504,6.804,3.77,20.354,42.374,63.269,300
uav0000161_00000_v,960x540,70,0.575,8.603,6.82,3.846,20.537,44.601,65.713,300
uav0000161_00000_v,960x540,71,0.589,8.547,6.822,3.822,20.55,43.22,64.359,300
uav0000161_00000_v,960x540,72,0.634,8.576,6.834,3.862,20.593,42.532,63.76,300
uav0000161_00000_v,960x540,73,0.564,8.482,6.816,3.882,20.53,42.867,63.96,300
uav0000161_00000_v,960x540,74,0.573,8.596,6.803,3.796,20.522,42.431,63.526,300
uav0000161_00000_v,960x540,75,0.606,8.596,6.832,3.841,20.584,43.355,64.545,300
uav0000161_00000_v,960x540,76,0.613,8.536,6.825,3.967,20.641,43.776,65.029,300
uav0000161_00000_v,960x540,77,0.519,8.617,6.808,3.874,20.616,41.358,62.493,300
uav0000161_00000_v,960x540,78,0.583,8.453,6.815,3.89,20.506,41.869,62.958,300
uav0000161_00000_v,960x540,79,0.576,8.52,6.839,3.801,20.413,41.05,62.039,300
uav0000161_00000_v,960x540,80,0.567,8.647,6.819,3.796,20.563,41.431,62.561,300
uav0000161_00000_v,960x540,81,0.565,8.486,6.801,3.74,20.301,40.22,61.086,300
uav0000161_00000_v,960x540,82,0.555,8.609,6.811,3.783,20.472,39.501,60.528,300
uav0000161_00000_v,960x540,83,0.587,8.567,6.821,3.655,20.36,40.266,61.214,300
uav0000161_00000_v,960x540,84,0.592,8.58,6.813,3.828,20.508,38.01,59.11,300
uav0000161_00000_v,960x540,85,0.555,8.525,6.813,3.582,20.206,39.17,59.931,300
uav0000161_00000_v,960x540,86,0.589,8.598,6.808,3.628,20.305,40.065,60.959,300
uav0000161_00000_v,960x540,87,0.586,8.541,6.846,3.749,20.391,39.309,60.285,300
uav0000161_00000_v,960x540,88,0.593,8.575,6.848,3.727,20.402,38.22,59.215,300
uav0000161_00000_v,960x540,89,0.622,8.577,6.825,3.661,20.337,37.696,58.656,300
uav0000161_00000_v,960x540,90,0.612,8.572,6.819,3.774,20.488,39.756,60.856,300
uav0000161_00000_v,960x540,91,0.688,8.587,6.844,3.78,20.483,39.384,60.555,300
uav0000161_00000_v,960x540,92,0.618,8.59,6.822,3.801,20.498,37.877,58.994,300
uav0000161_00000_v,960x540,93,0.585,8.541,6.819,3.644,20.281,38.633,59.5,300
uav0000161_00000_v,960x540,94,0.567,8.51,6.815,3.75,20.354,37.761,58.682,300
uav0000161_00000_v,960x540,95,0.594,8.509,6.824,3.852,20.503,38.269,59.366,300
uav0000161_00000_v,960x540,96,0.57,8.551,6.824,3.758,20.41,38.689,59.669,300
uav0000161_00000_v,960x540,97,0.564,8.53,6.817,3.732,20.335,39.433,60.332,300
uav0000161_00000_v,960x540,98,0.575,8.527,6.821,3.804,20.411,40.058,61.043,300
uav0000161_00000_v,960x540,99,0.627,8.497,6.848,4.007,20.641,40.494,61.762,300
uav0000161_00000_v,960x540,100,0.606,8.621,6.833,3.949,20.704,40.796,62.105,300
uav0000161_00000_v,960x540,101,0.591,8.549,6.831,3.832,20.511,38.842,59.944,300
uav0000161_00000_v,960x540,102,0.572,8.584,6.82,3.914,20.638,39.61,60.82,300
uav0000161_00000_v,960x540,103,0.604,8.609,6.826,4.001,20.692,39.379,60.675,300
uav0000161_00000_v,960x540,104,0.568,8.529,6.814,3.955,20.587,42.033,63.188,300
uav0000161_00000_v,960x540,105,0.59,8.583,6.802,3.981,20.639,40.67,61.899,300
uav0000161_00000_v,960x540,106,0.499,8.55,6.839,4.071,20.755,41.89,63.144,300
uav0000161_00000_v,960x540,107,0.6,8.649,6.824,3.967,20.714,39.761,61.075,300
uav0000161_00000_v,960x540,108,0.583,8.649,6.837,4.024,20.85,40.692,62.125,300
uav0000161_00000_v,960x540,109,0.584,8.612,6.818,3.97,20.686,40.751,62.021,300
uav0000161_00000_v,960x540,110,0.561,8.572,6.813,3.973,20.666,40.11,61.337,300
uav0000161_00000_v,960x540,111,0.602,8.472,6.826,4.047,20.612,40.035,61.249,300
uav0000161_00000_v,960x540,112,0.585,8.537,6.822,3.943,20.582,40.096,61.262,300
uav0000161_00000_v,960x540,113,0.569,8.484,6.815,3.935,20.505,39.583,60.657,300
uav0000161_00000_v,960x540,114,0.556,8.555,6.853,4.045,20.756,39.011,60.323,300
uav0000161_00000_v,960x540,115,1.247,8.806,6.846,4.013,20.941,40.886,63.073,300
uav0000161_00000_v,960x540,116,0.57,8.481,6.822,4.053,20.675,40.318,61.563,300
uav0000161_00000_v,960x540,117,0.548,8.536,6.813,4.042,20.677,41.242,62.468,300
uav0000161_00000_v,960x540,118,0.568,8.516,6.81,3.989,20.651,40.961,62.18,300
uav0000161_00000_v,960x540,119,0.563,8.607,6.829,3.971,20.675,41.808,63.045,300
uav0000161_00000_v,960x540,120,0.579,8.628,6.821,3.931,20.676,41.903,63.158,300
uav0000161_00000_v,960x540,121,0.545,8.618,6.826,3.999,20.714,39.948,61.208,300
uav0000161_00000_v,960x540,122,0.595,8.583,6.819,4.006,20.698,43.837,65.131,300
uav0000161_00000_v,960x540,123,0.58,8.538,6.844,4.076,20.742,43.33,64.652,300
uav0000161_00000_v,960x540,124,0.573,8.52,6.818,4.126,20.81,43.841,65.224,300
uav0000161_00000_v,960x540,125,0.576,8.664,6.827,4.026,20.798,43.518,64.892,300
uav0000161_00000_v,960x540,126,0.551,8.573,6.827,4.137,20.837,43.088,64.477,300
uav0000161_00000_v,960x540,127,0.578,8.558,6.824,4.103,20.769,43.33,64.676,300
uav0000161_00000_v,960x540,128,0.562,8.541,6.856,4.142,20.797,43.566,64.925,300
uav0000161_00000_v,960x540,129,0.558,8.447,6.811,4.05,20.643,43.477,64.678,300
uav0000161_00000_v,960x540,130,0.527,8.544,6.81,4.041,20.665,43.951,65.143,300
uav0000161_00000_v,960x540,131,0.573,8.568,6.838,4.035,20.722,43.773,65.067,300
uav0000161_00000_v,960x540,132,0.592,8.551,6.856,4.034,20.734,42.787,64.113,300
uav0000161_00000_v,960x540,133,0.561,8.63,6.827,3.939,20.66,41.421,62.641,300
uav0000161_00000_v,960x540,134,0.547,8.586,6.807,3.968,20.626,40.482,61.656,300
uav0000161_00000_v,960x540,135,0.561,8.526,6.841,3.976,20.652,39.328,60.542,300
uav0000161_00000_v,960x540,136,0.598,8.56,6.816,3.936,20.616,40.852,62.065,300
uav0000161_00000_v,960x540,137,0.549,8.502,6.823,3.969,20.562,40.375,61.486,300
uav0000161_00000_v,960x540,138,0.579,8.547,6.808,3.947,20.622,40.989,62.19,300
uav0000161_00000_v,960x540,139,0.577,8.621,6.841,4.325,21.061,40.788,62.426,300
uav0000161_00000_v,960x540,140,0.579,8.672,6.823,3.966,20.74,40.542,61.861,300
uav0000161_00000_v,960x540,141,0.574,8.574,6.831,4.067,20.755,40.89,62.218,300
uav0000161_00000_v,960x540,142,0.545,8.609,6.811,4.114,20.794,41.938,63.277,300
uav0000161_00000_v,960x540,143,0.607,8.552,6.817,4.109,20.751,42.21,63.568,300
uav0000161_00000_v,960x540,144,0.561,8.55,6.818,3.987,20.728,42.212,63.501,300
uav0000161_00000_v,960x540,145,0.561,8.534,6.813,4.061,20.681,40.072,61.314,300
uav0000161_00000_v,960x540,146,0.534,8.614,6.82,3.915,20.624,40.893,62.052,300
uav0000161_00000_v,960x540,147,0.578,8.52,6.83,4.019,20.638,41.335,62.55,300
uav0000161_00000_v,960x540,148,0.56,8.675,6.843,3.996,20.803,42.712,64.075,300
uav0000161_00000_v,960x540,149,0.563,8.652,6.844,3.939,20.714,41.229,62.505,300
uav0000161_00000_v,960x540,150,0.552,8.613,6.81,3.949,20.699,41.46,62.711,300
uav0000161_00000_v,960x540,151,0.58,8.493,6.843,3.967,20.571,39.881,61.033,300
uav0000161_00000_v,960x540,152,0.559,8.505,6.823,3.972,20.651,41.646,62.855,300
uav0000161_00000_v,960x540,153,0.542,8.481,6.812,3.838,20.407,41.143,62.092,300
uav0000161_00000_v,960x540,154,0.524,8.623,6.816,3.777,20.483,40.847,61.854,300
uav0000161_00000_v,960x540,155,0.591,8.566,6.878,3.912,20.659,39.966,61.217,300
uav0000161_00000_v,960x540,156,0.61,8.596,6.849,3.665,20.447,39.759,60.816,300
uav0000161_00000_v,960x540,157,0.587,8.553,6.815,3.844,20.5,39.235,60.323,300
uav0000161_00000_v,960x540,158,0.546,8.547,6.817,3.932,20.584,39.672,60.802,300
uav0000161_00000_v,960x540,159,0.58,8.501,6.846,3.909,20.522,41.661,62.763,300
uav0000161_00000_v,960x540,160,0.552,8.552,6.823,3.985,20.646,41.581,62.779,300
uav0000161_00000_v,960x540,161,0.566,8.587,6.816,3.861,20.644,43.117,64.328,300
uav0000161_00000_v,960x540,162,0.564,8.5,6.829,3.835,20.473,41.812,62.848,300
uav0000161_00000_v,960x540,163,0.58,8.517,6.829,3.856,20.469,41.841,62.889,300
uav0000161_00000_v,960x540,164,0.558,8.575,6.84,3.969,20.663,40.707,61.929,300
uav0000161_00000_v,960x540,165,0.59,8.541,6.814,3.846,20.501,40.21,61.302,300
uav0000161_00000_v,960x540,166,0.569,8.638,6.822,3.831,20.54,41.575,62.684,300
uav0000161_00000_v,960x540,167,0.6,8.549,6.854,3.802,20.534,41.349,62.483,300
uav0000161_00000_v,960x540,168,0.577,8.573,6.824,3.993,20.678,42.404,63.659,300
uav0000161_00000_v,960x540,169,0.561,8.518,6.799,3.855,20.423,40.131,61.115,300
uav0000161_00000_v,960x540,170,0.557,8.521,6.819,3.891,20.536,40.338,61.431,300
uav0000161_00000_v,960x540,171,0.568,8.527,6.832,3.828,20.48,41.497,62.546,300
uav0000161_00000_v,960x540,172,0.555,8.491,6.844,3.743,20.425,41.587,62.567,300
uav0000161_00000_v,960x540,173,0.568,8.593,6.814,3.897,20.602,41.939,63.108,300
uav0000161_00000_v,960x540,174,0.579,8.523,6.829,3.759,20.423,41.316,62.318,300
uav0000161_00000_v,960x540,175,0.587,8.528,6.837,3.893,20.588,41.695,62.869,300
uav0000161_00000_v,960x540,176,0.569,8.501,6.822,3.857,20.438,41.945,62.952,300
uav0000161_00000_v,960x540,177,0.571,8.515,6.807,3.786,20.387,41.834,62.792,300
uav0000161_00000_v,960x540,178,0.565,8.627,6.816,3.792,20.521,41.675,62.761,300
uav0000161_00000_v,960x540,179,0.571,8.488,6.84,3.788,20.387,42.675,63.633,300
uav0000161_00000_v,960x540,180,0.566,8.584,6.822,3.772,20.497,42.937,63.999,300
uav0000161_00000_v,960x540,181,1.014,8.65,6.836,3.88,20.726,43.703,65.443,300
uav0000161_00000_v,960x540,182,0.539,8.553,6.807,3.782,20.426,42.556,63.521,300
uav0000161_00000_v,960x540,183,0.579,8.539,6.853,3.701,20.414,42.736,63.729,300
uav0000161_00000_v,960x540,184,0.554,8.526,6.815,3.795,20.477,42.573,63.603,300
uav0000161_00000_v,960x540,185,0.544,8.567,6.821,3.712,20.438,41.763,62.744,300
uav0000161_00000_v,960x540,186,0.563,8.587,6.811,3.864,20.533,41.898,62.994,300
uav0000161_00000_v,960x540,187,0.565,8.574,6.826,3.805,20.462,42.426,63.453,300
uav0000161_00000_v,960x540,188,0.568,8.605,6.853,3.778,20.53,40.958,62.056,300
uav0000161_00000_v,960x540,189,0.528,8.6,6.809,3.841,20.536,40.796,61.86,300
uav0000161_00000_v,960x540,190,0.581,8.605,6.82,3.769,20.485,41.99,63.056,300
uav0000161_00000_v,960x540,191,0.606,8.565,6.835,3.787,20.484,40.806,61.895,300
uav0000161_00000_v,960x540,192,0.57,8.548,6.829,3.79,20.423,41.43,62.423,300
uav0000161_00000_v,960x540,193,0.545,8.628,6.817,3.854,20.58,42.007,63.132,300
uav0000161_00000_v,960x540,194,0.554,8.51,6.818,3.764,20.437,41.123,62.113,300
uav0000161_00000_v,960x540,195,0.542,8.532,6.838,3.809,20.452,41.827,62.822,300
uav0000161_00000_v,960x540,196,0.546,8.689,6.843,3.983,20.809,42.651,64.006,300
uav0000161_00000_v,960x540,197,0.534,8.587,6.832,3.856,20.553,42.505,63.593,300
uav0000161_00000_v,960x540,198,0.598,8.62,6.818,3.893,20.621,41.937,63.157,300
uav0000161_00000_v,960x540,199,0.558,8.476,6.828,3.666,20.277,40.861,61.696,300
uav0000161_00000_v,960x540,200,0.576,8.601,6.821,3.688,20.359,41.046,61.982,300
uav0000161_00000_v,960x540,201,0.539,8.567,6.817,3.747,20.388,40.43,61.358,300
uav0000161_00000_v,960x540,202,0.52,8.61,6.818,3.685,20.381,41.708,62.609,300
uav0000161_00000_v,960x540,203,0.566,8.448,6.825,3.718,20.294,41.669,62.529,300
uav0000161_00000_v,960x540,204,0.569,8.551,6.836,3.716,20.419,41.306,62.294,300
uav0000161_00000_v,960x540,205,0.555,8.546,6.817,3.898,20.53,41.087,62.171,300
uav0000161_00000_v,960x540,206,0.566,8.593,6.819,3.873,20.578,41.746,62.89,300
uav0000161_00000_v,960x540,207,0.549,8.573,6.837,3.883,20.565,41.733,62.846,300
uav0000161_00000_v,960x540,208,0.578,8.598,6.818,3.825,20.502,43.092,64.172,300
uav0000161_00000_v,960x540,209,0.537,8.551,6.822,3.932,20.579,42.426,63.542,300
uav0000161_00000_v,960x540,210,0.587,8.525,6.813,3.869,20.487,43.257,64.33,300
uav0000161_00000_v,960x540,211,0.588,8.578,6.826,3.938,20.598,43.311,64.497,300
uav0000161_00000_v,960x540,212,0.535,8.63,6.835,3.87,20.635,42.736,63.906,300
uav0000161_00000_v,960x540,213,0.537,8.535,6.814,3.885,20.55,43.801,64.889,300
uav0000161_00000_v,960x540,214,0.532,8.577,6.81,3.91,20.563,42.439,63.535,300
uav0000161_00000_v,960x540,215,0.572,8.579,6.834,3.87,20.563,43.176,64.311,300
uav0000161_00000_v,960x540,216,0.542,8.525,6.806,4.017,20.635,42.378,63.555,300
uav0000161_00000_v,960x540,217,0.528,8.53,6.807,3.945,20.538,43.92,64.986,300
uav0000161_00000_v,960x540,218,0.551,8.539,6.847,3.938,20.62,44.419,65.589,300
uav0000161_00000_v,960x540,219,0.597,8.502,6.84,3.985,20.595,44.491,65.683,300
uav0000161_00000_v,960x540,220,0.551,8.551,6.823,4.058,20.706,44.493,65.751,300
uav0000161_00000_v,960x540,221,0.6,8.526,6.826,4.048,20.714,45.407,66.721,300
uav0000161_00000_v,960x540,222,0.567,8.567,6.88,3.973,20.701,44.405,65.673,300
uav0000161_00000_v,960x540,223,0.596,8.536,6.829,4.021,20.663,44.227,65.486,300
uav0000161_00000_v,960x540,224,0.522,8.56,6.839,3.999,20.67,44.842,66.034,300
uav0000161_00000_v,960x540,225,0.605,8.545,6.803,3.832,20.511,41.888,63.005,300
uav0000161_00000_v,960x540,226,0.534,8.538,6.818,3.928,20.569,43.069,64.172,300
uav0000161_00000_v,960x540,227,0.568,8.479,6.832,3.978,20.582,43.674,64.823,300
uav0000161_00000_v,960x540,228,0.566,8.629,6.813,3.921,20.662,44.151,65.378,300
uav0000161_00000_v,960x540,229,0.44,8.551,6.815,3.822,20.441,43.58,64.461,300
uav0000161_00000_v,960x540,230,0.572,8.577,6.813,3.767,20.419,41.445,62.436,300
uav0000161_00000_v,960x540,231,0.496,8.589,6.837,3.829,20.525,41.679,62.7,300
uav0000161_00000_v,960x540,232,0.54,8.598,6.811,3.709,20.387,43.062,63.989,300
uav0000161_00000_v,960x540,233,0.526,8.482,6.803,3.837,20.401,41.231,62.158,300
uav0000161_00000_v,960x540,234,0.518,8.555,6.826,3.622,20.259,43.144,63.92,300
uav0000161_00000_v,960x540,235,0.559,8.523,6.838,4.057,20.698,41.931,63.187,300
uav0000161_00000_v,960x540,236,0.545,8.516,6.814,3.757,20.382,42.054,62.981,300
uav0000161_00000_v,960x540,237,0.456,8.508,6.812,3.755,20.399,41.843,62.698,300
uav0000161_00000_v,960x540,238,0.542,8.548,6.816,3.689,20.352,43.38,64.273,300
uav0000161_00000_v,960x540,239,0.524,8.616,6.812,3.816,20.513,44.552,65.589,300
uav0000161_00000_v,960x540,240,0.581,8.593,6.817,3.796,20.489,42.948,64.019,300
uav0000161_00000_v,960x540,241,0.471,8.506,6.818,3.774,20.363,42.12,62.954,300
uav0000161_00000_v,960x540,242,0.526,8.45,6.808,3.773,20.369,42.218,63.113,300
uav0000161_00000_v,960x540,243,0.499,8.558,6.854,3.852,20.551,43.273,64.323,300
uav0000161_00000_v,960x540,244,0.551,8.538,6.838,3.988,20.673,42.852,64.077,300
uav0000161_00000_v,960x540,245,0.579,8.503,6.811,3.799,20.4,43.583,64.562,300
uav0000161_00000_v,960x540,246,0.607,8.576,6.821,3.703,20.412,41.351,62.37,300
uav0000161_00000_v,960x540,247,0.432,8.549,6.806,3.768,20.391,42.804,63.626,300
uav0000161_00000_v,960x540,248,0.523,8.54,6.798,3.732,20.347,43.669,64.539,300
uav0000161_00000_v,960x540,249,0.506,8.588,6.823,3.699,20.37,42.437,63.313,300
uav0000161_00000_v,960x540,250,0.517,8.536,6.818,3.797,20.428,41.206,62.151,300
uav0000161_00000_v,960x540,251,0.542,8.711,6.809,3.669,20.514,42.884,63.94,300
uav0000161_00000_v,960x540,252,0.591,8.551,6.852,3.873,20.607,41.048,62.246,300
uav0000161_00000_v,960x540,253,0.655,8.522,6.828,3.651,20.281,42.624,63.56,300
uav0000161_00000_v,960x540,254,0.521,8.549,6.834,3.825,20.515,42.018,63.054,300
uav0000161_00000_v,960x540,255,0.642,8.587,6.821,3.694,20.362,40.675,61.678,300
uav0000161_00000_v,960x540,256,0.56,8.587,6.804,3.722,20.387,40.596,61.543,300
uav0000161_00000_v,960x540,257,0.532,8.544,6.826,3.821,20.465,40.041,61.038,300
uav0000161_00000_v,960x540,258,0.557,8.555,6.823,3.666,20.323,40.141,61.022,300
uav0000161_00000_v,960x540,259,0.567,8.531,6.851,3.681,20.338,41.536,62.441,300
uav0000161_00000_v,960x540,260,0.497,8.55,6.81,3.732,20.388,42.395,63.279,300
uav0000161_00000_v,960x540,261,0.576,8.479,6.826,3.76,20.334,41.277,62.187,300
uav0000161_00000_v,960x540,262,0.554,8.537,6.854,3.717,20.388,41.095,62.037,300
uav0000161_00000_v,960x540,263,0.563,8.595,6.834,3.896,20.59,40.611,61.764,300
uav0000161_00000_v,960x540,264,0.559,8.608,6.851,3.736,20.463,41.859,62.882,300
uav0000161_00000_v,960x540,265,0.514,8.562,6.83,3.777,20.436,41.789,62.739,300
uav0000161_00000_v,960x540,266,0.592,8.581,6.808,3.679,20.326,41.784,62.702,300
uav0000161_00000_v,960x540,267,0.573,8.529,6.812,4.035,20.653,41.15,62.376,300
uav0000161_00000_v,960x540,268,0.534,8.538,6.84,3.86,20.524,43.556,64.614,300
uav0000161_00000_v,960x540,269,0.588,8.551,6.83,3.762,20.428,42.466,63.482,300
uav0000161_00000_v,960x540,270,0.571,8.581,6.836,3.718,20.406,42.156,63.133,300
uav0000161_00000_v,960x540,271,0.538,8.524,6.827,3.748,20.383,42.804,63.725,300
uav0000161_00000_v,960x540,272,0.533,8.61,6.83,3.821,20.536,43.818,64.887,300
uav0000161_00000_v,960x540,273,0.567,8.614,6.835,3.827,20.562,43.656,64.786,300
uav0000161_00000_v,960x540,274,0.508,8.538,6.816,3.662,20.282,42.196,62.986,300
uav0000161_00000_v,960x540,275,0.586,8.538,6.832,3.745,20.404,42.762,63.751,300
uav0000161_00000_v,960x540,276,0.593,8.6,6.831,3.73,20.482,42.451,63.527,300
uav0000161_00000_v,960x540,277,0.544,8.504,6.843,3.757,20.403,43.748,64.695,300
uav0000161_00000_v,960x540,278,0.518,8.55,6.804,3.887,20.521,42.674,63.713,300
uav0000161_00000_v,960x540,279,0.556,8.576,6.801,3.656,20.277,42.074,62.907,300
uav0000161_00000_v,960x540,280,0.543,8.612,6.814,3.8,20.522,44.053,65.118,300
uav0000161_00000_v,960x540,281,0.519,8.517,6.832,3.886,20.511,42.72,63.749,300
uav0000161_00000_v,960x540,282,0.52,8.545,6.822,3.708,20.347,40.982,61.849,300
uav0000161_00000_v,960x540,283,0.553,8.485,6.817,3.768,20.324,41.841,62.718,300
uav0000161_00000_v,960x540,284,0.566,8.597,6.829,3.763,20.473,40.75,61.789,300
uav0000161_00000_v,960x540,285,0.555,8.535,6.827,3.755,20.442,41.175,62.172,300
uav0000161_00000_v,960x540,286,0.566,8.577,6.819,3.686,21.28,40.817,62.663,300
uav0000161_00000_v,960x540,287,0.584,8.577,6.843,3.937,20.652,42.137,63.373,300
uav0000161_00000_v,960x540,288,0.59,8.554,6.812,3.76,20.448,41.734,62.772,300
uav0000161_00000_v,960x540,289,0.57,8.548,6.828,3.71,20.371,40.404,61.345,300
uav0000161_00000_v,960x540,290,0.58,8.594,6.818,3.918,20.636,41.055,62.272,300
uav0000161_00000_v,960x540,291,0.568,8.544,6.841,3.94,20.587,40.833,61.989,300
uav0000161_00000_v,960x540,292,0.57,8.632,6.837,3.891,20.665,39.884,61.119,300
uav0000161_00000_v,960x540,293,0.57,8.531,6.824,3.668,20.302,39.753,60.625,300
uav0000161_00000_v,960x540,294,0.565,8.545,6.818,3.886,20.531,39.539,60.635,300
uav0000161_00000_v,960x540,295,0.571,8.461,6.799,3.634,20.178,39.237,59.986,300
uav0000161_00000_v,960x540,296,0.555,8.532,6.804,3.748,20.333,38.764,59.652,300
uav0000161_00000_v,960x540,297,0.565,8.557,6.813,3.653,20.279,39.182,60.026,300
uav0000161_00000_v,960x540,298,0.561,8.509,6.816,3.757,20.347,38.967,59.875,300
uav0000161_00000_v,960x540,299,0.557,8.583,6.813,3.707,20.386,41.129,62.071,300
uav0000161_00000_v,960x540,300,0.542,8.651,6.843,3.845,20.633,37.838,59.013,300
uav0000161_00000_v,960x540,301,0.563,8.511,6.811,3.645,20.27,38.319,59.152,300
uav0000161_00000_v,960x540,302,0.525,8.501,6.814,3.76,20.359,37.202,58.086,300
uav0000161_00000_v,960x540,303,0.479,8.575,6.821,3.655,20.317,38.115,58.911,300
uav0000161_00000_v,960x540,304,0.529,8.541,6.82,3.675,20.335,39.618,60.482,300
uav0000161_00000_v,960x540,305,0.487,8.514,6.819,3.713,20.321,37.286,58.094,300
uav0000161_00000_v,960x540,306,0.481,8.508,6.811,3.586,20.182,38.288,58.951,300
uav0000161_00000_v,960x540,307,0.478,8.552,6.816,3.67,20.309,37.434,58.222,300
uav0000161_00000_v,960x540,308,0.446,8.648,6.812,3.615,20.425,38.965,59.836,300
uav0000188_00000_v,960x540,1,18.057,8.619,6.832,3.419,20.404,13.768,52.23,300
uav0000188_00000_v,960x540,2,0.994,8.787,6.801,3.381,20.251,20.262,41.508,300
uav0000188_00000_v,960x540,3,0.607,8.515,6.815,3.319,19.938,20.783,41.329,300
uav0000188_00000_v,960x540,4,0.56,8.551,6.81,3.354,19.994,20.058,40.611,300
uav0000188_00000_v,960x540,5,0.535,8.573,6.806,3.408,20.036,20.315,40.886,300
uav0000188_00000_v,960x540,6,0.531,8.542,6.878,3.37,20.031,21.476,42.038,300
uav0000188_00000_v,960x540,7,0.59,8.546,6.815,3.427,20.051,21.236,41.877,300
uav0000188_00000_v,960x540,8,0.563,8.619,6.807,3.375,20.083,20.493,41.139,300
uav0000188_00000_v,960x540,9,0.548,8.578,6.798,3.332,19.978,19.833,40.359,300
uav0000188_00000_v,960x540,10,0.56,8.567,6.821,3.341,20.018,20.826,41.404,300
uav0000188_00000_v,960x540,11,0.582,8.639,6.825,3.418,20.145,21.483,42.21,300
uav0000188_00000_v,960x540,12,0.584,8.633,6.802,3.32,20.07,20.9,41.554,300
uav0000188_00000_v,960x540,13,0.526,8.575,6.815,3.301,19.941,20.566,41.033,300
uav0000188_00000_v,960x540,14,0.533,8.537,6.832,3.358,19.955,20.43,40.917,300
uav0000188_00000_v,960x540,15,0.553,8.527,6.816,3.29,19.878,20.264,40.694,300
uav0000188_00000_v,960x540,16,0.557,8.61,6.808,3.281,19.992,19.829,40.377,300
uav0000188_00000_v,960x540,17,0.543,8.547,6.839,3.307,19.981,20.261,40.785,300
uav0000188_00000_v,960x540,18,0.56,8.623,6.804,3.311,19.995,20.942,41.497,300
uav0000188_00000_v,960x540,19,0.552,8.565,6.804,3.323,19.94,21.701,42.193,300
uav0000188_00000_v,960x540,20,0.588,8.474,6.804,3.329,19.841,22.157,42.586,300
uav0000188_00000_v,960x540,21,0.531,8.513,6.799,3.334,19.905,21.834,42.271,300
uav0000188_00000_v,960x540,22,0.539,8.515,6.806,3.38,19.958,23.142,43.639,300
uav0000188_00000_v,960x540,23,0.577,8.561,6.836,3.426,20.089,23.15,43.816,300
uav0000188_00000_v,960x540,24,1.18,8.646,6.844,3.337,20.103,22.83,44.113,300
uav0000188_00000_v,960x540,25,0.528,8.6,6.828,3.348,20.02,24.253,44.801,300
uav0000188_00000_v,960x540,26,0.532,8.569,6.807,3.356,20.0,23.934,44.465,300
uav0000188_00000_v,960x540,27,0.562,8.435,6.807,3.425,19.954,23.589,44.105,300
uav0000188_00000_v,960x540,28,0.543,8.485,6.802,3.267,19.813,23.099,43.455,300
uav0000188_00000_v,960x540,29,0.525,8.518,6.803,3.332,19.891,23.004,43.419,300
uav0000188_00000_v,960x540,30,0.541,8.58,6.798,3.416,20.045,23.592,44.178,300
uav0000188_00000_v,960x540,31,0.571,8.596,6.819,3.388,20.1,22.818,43.489,300
uav0000188_00000_v,960x540,32,0.564,8.584,6.807,3.333,19.979,23.277,43.819,300
uav0000188_00000_v,960x540,33,0.523,8.57,6.81,3.392,20.024,23.155,43.703,300
uav0000188_00000_v,960x540,34,0.509,8.597,6.821,3.408,20.092,23.504,44.106,300
uav0000188_00000_v,960x540,35,0.568,8.573,6.824,3.434,20.112,23.307,43.986,300
uav0000188_00000_v,960x540,36,0.568,8.582,6.803,3.446,20.089,23.788,44.445,300
uav0000188_00000_v,960x540,37,0.532,8.536,6.803,3.398,19.978,23.309,43.819,300
uav0000188_00000_v,960x540,38,0.514,8.49,6.819,3.33,19.872,23.723,44.109,300
uav0000188_00000_v,960x540,39,0.551,8.516,6.844,3.326,19.918,24.938,45.407,300
uav0000188_00000_v,960x540,40,0.564,8.588,6.816,3.43,20.159,24.253,44.976,300
uav0000188_00000_v,960x540,41,0.526,8.604,6.811,3.408,20.1,23.974,44.601,300
uav0000188_00000_v,960x540,42,0.56,8.59,6.809,3.295,19.933,24.362,44.855,300
uav0000188_00000_v,960x540,43,0.58,8.527,6.849,3.34,19.981,24.072,44.633,300
uav0000188_00000_v,960x540,44,0.551,8.532,6.805,3.268,19.853,24.663,45.067,300
uav0000188_00000_v,960x540,45,0.524,8.485,6.812,3.305,19.841,24.667,45.032,300
uav0000188_00000_v,960x540,46,0.52,8.535,6.807,3.36,19.969,25.649,46.137,300
uav0000188_00000_v,960x540,47,0.594,8.495,6.818,3.318,19.912,25.583,46.088,300
uav0000188_00000_v,960x540,48,0.563,8.622,6.804,3.352,20.032,24.848,45.443,300
uav0000188_00000_v,960x540,49,0.545,8.479,6.819,3.322,19.88,24.85,45.275,300
uav0000188_00000_v,960x540,50,0.557,8.508,6.801,3.326,19.937,24.395,44.888,300
uav0000188_00000_v,960x540,51,0.579,8.537,6.799,3.338,19.901,24.479,44.958,300
uav0000188_00000_v,960x540,52,0.553,8.521,6.8,3.304,19.846,23.868,44.267,300
uav0000188_00000_v,960x540,53,0.528,8.541,6.845,3.337,19.961,23.876,44.365,300
uav0000188_00000_v,960x540,54,0.519,8.543,6.808,3.306,19.895,24.182,44.596,300
uav0000188_00000_v,960x540,55,0.589,8.506,6.811,3.288,19.833,24.14,44.562,300
uav0000188_00000_v,960x540,56,0.548,8.546,6.797,3.279,19.891,24.116,44.555,300
uav0000188_00000_v,960x540,57,0.54,8.522,6.81,3.283,19.846,24.574,44.96,300
uav0000188_00000_v,960x540,58,0.522,8.492,6.798,3.29,19.836,24.434,44.791,300
uav0000188_00000_v,960x540,59,0.567,8.498,6.805,3.421,19.998,24.881,45.446,300
uav0000188_00000_v,960x540,60,0.587,8.569,6.814,3.295,19.96,25.03,45.577,300
uav0000188_00000_v,960x540,61,0.584,8.536,6.798,3.293,19.859,24.822,45.265,300
uav0000188_00000_v,960x540,62,0.533,8.566,6.806,3.313,19.938,24.089,44.56,300
uav0000188_00000_v,960x540,63,0.613,8.526,6.816,3.353,19.97,24.049,44.633,300
uav0000188_00000_v,960x540,64,0.55,8.509,6.801,3.259,19.816,23.827,44.193,300
uav0000188_00000_v,960x540,65,0.562,8.543,6.815,3.317,19.916,24.269,44.747,300
uav0000188_00000_v,960x540,66,0.53,8.588,6.806,3.352,19.998,24.373,44.901,300
uav0000188_00000_v,960x540,67,0.563,8.577,6.814,3.338,19.975,25.102,45.64,300
uav0000188_00000_v,960x540,68,0.57,8.558,6.797,3.245,19.842,24.727,45.139,300
uav0000188_00000_v,960x540,69,0.554,8.559,6.817,3.339,19.951,25.109,45.614,300
uav0000188_00000_v,960x540,70,0.503,8.55,6.797,3.303,19.896,23.976,44.375,300
uav0000188_00000_v,960x540,71,1.199,8.578,6.83,3.384,20.11,24.65,45.96,300
uav0000188_00000_v,960x540,72,0.582,8.635,6.802,3.341,20.015,24.2,44.797,300
uav0000188_00000_v,960x540,73,0.59,8.608,6.799,3.34,19.966,24.104,44.66,300
uav0000188_00000_v,960x540,74,0.528,8.57,6.8,3.328,19.959,24.516,45.003,300
uav0000188_00000_v,960x540,75,0.582,8.489,6.81,3.378,19.949,24.776,45.307,300
uav0000188_00000_v,960x540,76,0.549,8.526,6.802,3.351,19.9,24.603,45.051,300
uav0000188_00000_v,960x540,77,0.533,8.58,6.81,3.337,19.956,24.526,45.015,300
uav0000188_00000_v,960x540,78,0.568,8.433,6.804,3.321,19.854,24.81,45.232,300
uav0000188_00000_v,960x540,79,0.576,8.669,6.836,3.398,20.163,25.204,45.944,300
uav0000188_00000_v,960x540,80,0.563,8.581,6.826,3.29,19.973,25.045,45.581,300
uav0000188_00000_v,960x540,81,0.559,8.489,6.826,3.317,19.927,25.746,46.231,300
uav0000188_00000_v,960x540,82,0.515,8.534,6.807,3.298,19.893,24.6,45.008,300
uav0000188_00000_v,960x540,83,0.575,8.52,6.814,3.258,19.884,24.868,45.327,300
uav0000188_00000_v,960x540,84,0.576,8.605,6.799,3.422,20.091,24.89,45.558,300
uav0000188_00000_v,960x540,85,0.546,8.578,6.806,3.361,19.992,24.169,44.707,300
uav0000188_00000_v,960x540,86,0.535,8.519,6.814,3.321,19.919,25.658,46.112,300
uav0000188_00000_v,960x540,87,0.577,8.535,6.82,3.35,19.959,24.514,45.05,300
uav0000188_00000_v,960x540,88,0.552,8.492,6.812,3.304,19.844,25.566,45.962,300
uav0000188_00000_v,960x540,89,0.533,8.616,6.795,3.334,20.018,24.874,45.425,300
uav0000188_00000_v,960x540,90,0.535,8.563,6.808,3.575,20.186,24.627,45.348,300
uav0000188_00000_v,960x540,91,0.573,8.446,6.813,3.36,19.93,24.526,45.03,300
uav0000188_00000_v,960x540,92,0.58,8.52,6.802,3.218,19.837,24.069,44.485,300
uav0000188_00000_v,960x540,93,0.5,8.57,6.814,3.389,20.041,24.12,44.661,300
uav0000188_00000_v,960x540,94,0.495,8.64,6.803,3.238,19.924,25.314,45.732,300
uav0000188_00000_v,960x540,95,0.557,8.537,6.802,3.29,19.955,24.153,44.665,300
uav0000188_00000_v,960x540,96,0.58,8.549,6.801,3.299,19.932,23.747,44.259,300
uav0000188_00000_v,960x540,97,0.523,8.623,6.806,3.28,19.97,23.513,44.007,300
uav0000188_00000_v,960x540,98,0.511,8.64,6.797,3.271,19.973,23.167,43.651,300
uav0000188_00000_v,960x540,99,0.569,8.455,6.811,3.272,19.822,23.159,43.549,300
uav0000188_00000_v,960x540,100,0.537,8.511,6.79,3.316,19.861,23.471,43.869,300
uav0000188_00000_v,960x540,101,0.517,8.481,6.821,3.322,19.891,23.214,43.622,300
uav0000188_00000_v,960x540,102,0.537,8.472,6.798,3.312,19.876,23.091,43.503,300
uav0000188_00000_v,960x540,103,0.576,8.583,6.802,3.371,20.024,23.756,44.357,300
uav0000188_00000_v,960x540,104,0.552,8.428,6.803,3.383,19.858,23.857,44.266,300
uav0000188_00000_v,960x540,105,0.507,8.578,6.803,3.258,19.895,23.832,44.234,300
uav0000188_00000_v,960x540,106,0.529,8.498,6.802,3.332,19.862,23.94,44.331,300
uav0000188_00000_v,960x540,107,0.583,8.532,6.807,3.356,19.96,23.646,44.19,300
uav0000188_00000_v,960x540,108,1.417,8.584,6.813,3.363,20.02,23.679,45.116,300
uav0000188_00000_v,960x540,109,0.544,8.659,6.799,3.31,20.016,24.107,44.668,300
uav0000188_00000_v,960x540,110,0.536,8.528,6.814,3.355,19.97,24.33,44.836,300
uav0000188_00000_v,960x540,111,0.566,8.457,6.81,3.27,19.783,23.99,44.339,300
uav0000188_00000_v,960x540,112,0.532,8.546,6.799,3.325,19.909,24.444,44.885,300
uav0000188_00000_v,960x540,113,0.52,8.588,6.809,3.388,20.028,24.947,45.495,300
uav0000188_00000_v,960x540,114,0.553,8.518,6.821,3.374,19.965,24.622,45.14,300
uav0000188_00000_v,960x540,115,0.564,8.608,6.818,3.313,19.95,24.383,44.898,300
uav0000188_00000_v,960x540,116,0.564,8.54,6.795,3.234,19.828,24.326,44.717,300
uav0000188_00000_v,960x540,117,0.515,8.578,6.818,3.334,19.949,24.199,44.663,300
uav0000188_00000_v,960x540,118,0.523,8.548,6.803,3.262,19.857,24.872,45.251,300
uav0000188_00000_v,960x540,119,0.56,8.54,6.822,3.381,19.966,25.047,45.572,300
uav0000188_00000_v,960x540,120,0.551,8.547,6.808,3.353,19.955,24.988,45.494,300
uav0000188_00000_v,960x540,121,0.576,8.626,6.829,3.371,20.07,24.124,44.771,300
uav0000188_00000_v,960x540,122,0.532,8.465,6.808,3.332,19.851,24.149,44.531,300
uav0000188_00000_v,960x540,123,0.561,8.429,6.801,3.318,19.816,25.045,45.423,300
uav0000188_00000_v,960x540,124,0.548,8.528,6.814,3.304,19.886,25.346,45.78,300
uav0000188_00000_v,960x540,125,0.55,8.558,6.82,3.36,19.992,25.565,46.107,300
uav0000188_00000_v,960x540,126,0.54,8.593,6.802,3.362,19.996,25.427,45.963,300
uav0000188_00000_v,960x540,127,0.58,8.559,6.822,3.392,20.027,26.035,46.641,300
uav0000188_00000_v,960x540,128,0.531,8.568,6.796,3.296,19.897,25.493,45.921,300
uav0000188_00000_v,960x540,129,0.534,8.567,6.803,3.335,19.96,24.882,45.376,300
uav0000188_00000_v,960x540,130,0.505,8.577,6.808,3.376,20.017,24.743,45.265,300
uav0000188_00000_v,960x540,131,0.576,8.577,6.818,3.342,19.961,24.637,45.173,300
uav0000188_00000_v,960x540,132,0.549,8.557,6.794,3.326,19.961,24.216,44.726,300
uav0000188_00000_v,960x540,133,0.549,8.535,6.814,3.341,19.96,25.335,45.844,300
uav0000188_00000_v,960x540,134,0.53,8.613,6.805,3.386,20.049,25.844,46.422,300
uav0000188_00000_v,960x540,135,0.563,8.512,6.989,3.407,20.156,25.935,46.654,300
uav0000188_00000_v,960x540,136,0.536,8.448,6.803,3.331,19.833,26.159,46.528,300
uav0000188_00000_v,960x540,137,0.562,8.537,6.823,3.443,20.061,25.83,46.453,300
uav0000188_00000_v,960x540,138,0.534,8.655,6.811,3.253,20.013,25.017,45.565,300
uav0000188_00000_v,960x540,139,0.597,8.573,6.823,3.4,20.06,24.387,45.045,300
uav0000188_00000_v,960x540,140,0.55,8.575,6.794,3.319,19.902,24.402,44.854,300
uav0000188_00000_v,960x540,141,0.53,8.576,6.782,3.242,19.834,25.182,45.546,300
uav0000188_00000_v,960x540,142,0.508,8.612,6.802,3.335,19.977,25.762,46.247,300
uav0000188_00000_v,960x540,143,0.566,8.584,6.811,3.361,19.994,25.175,45.736,300
uav0000188_00000_v,960x540,144,0.539,8.593,6.815,3.363,20.016,24.228,44.783,300
uav0000188_00000_v,960x540,145,0.559,8.563,6.838,3.365,19.966,24.633,45.157,300
uav0000188_00000_v,960x540,146,0.546,8.543,6.808,3.283,19.856,24.725,45.127,300
uav0000188_00000_v,960x540,147,0.521,8.519,6.809,3.366,19.941,24.025,44.487,300
uav0000188_00000_v,960x540,148,0.513,8.575,6.79,3.293,19.89,24.359,44.762,300
uav0000188_00000_v,960x540,149,0.554,8.62,6.806,3.34,20.007,24.135,44.696,300
uav0000188_00000_v,960x540,150,0.531,8.585,6.806,3.394,20.027,24.814,45.372,300
uav0000188_00000_v,960x540,151,0.574,8.54,6.832,3.349,19.995,25.433,46.001,300
uav0000188_00000_v,960x540,152,0.535,8.551,6.797,3.321,19.906,25.668,46.109,300
uav0000188_00000_v,960x540,153,0.535,8.519,6.826,3.341,19.902,24.365,44.802,300
uav0000188_00000_v,960x540,154,0.538,8.465,6.805,3.37,19.85,25.402,45.79,300
uav0000188_00000_v,960x540,155,0.826,8.45,6.816,3.329,19.912,24.82,45.558,300
uav0000188_00000_v,960x540,156,0.548,8.591,6.811,3.409,20.067,24.352,44.967,300
uav0000188_00000_v,960x540,157,0.57,8.624,6.809,3.346,20.01,24.556,45.137,300
uav0000188_00000_v,960x540,158,0.553,8.459,6.828,3.35,19.882,25.064,45.499,300
uav0000188_00000_v,960x540,159,0.549,8.57,6.826,3.369,20.009,23.532,44.091,300
uav0000188_00000_v,960x540,160,0.513,8.521,6.815,3.413,19.968,24.379,44.86,300
uav0000188_00000_v,960x540,161,0.546,8.598,6.819,3.311,19.948,23.885,44.379,300
uav0000188_00000_v,960x540,162,0.507,8.599,6.798,3.348,19.97,25.135,45.612,300
uav0000188_00000_v,960x540,163,0.61,8.541,6.821,3.362,19.934,25.055,45.6,300
uav0000188_00000_v,960x540,164,0.535,8.531,6.798,3.337,19.894,24.956,45.385,300
uav0000188_00000_v,960x540,165,0.543,8.551,6.807,3.324,19.934,23.742,44.22,300
uav0000188_00000_v,960x540,166,0.537,8.58,6.784,3.374,19.954,24.694,45.185,300
uav0000188_00000_v,960x540,167,0.589,8.603,6.809,3.318,19.977,24.841,45.407,300
uav0000188_00000_v,960x540,168,0.541,8.616,6.804,3.352,20.004,25.786,46.331,300
uav0000188_00000_v,960x540,169,0.563,8.645,6.81,3.335,20.072,25.423,46.059,300
uav0000188_00000_v,960x540,170,0.572,8.573,6.798,3.378,19.987,25.424,45.983,300
uav0000188_00000_v,960x540,171,0.583,8.583,6.838,3.328,20.027,24.756,45.366,300
uav0000188_00000_v,960x540,172,0.532,8.57,6.803,3.313,19.909,25.132,45.574,300
uav0000188_00000_v,960x540,173,0.557,8.478,6.796,3.374,19.89,25.691,46.138,300
uav0000188_00000_v,960x540,174,0.529,8.584,6.818,3.493,20.143,25.596,46.268,300
uav0000188_00000_v,960x540,175,0.559,8.503,6.814,3.406,20.015,25.711,46.285,300
uav0000188_00000_v,960x540,176,0.553,8.573,6.813,3.4,20.044,24.54,45.136,300
uav0000188_00000_v,960x540,177,0.547,8.541,6.798,3.327,19.911,25.188,45.647,300
uav0000188_00000_v,960x540,178,0.541,8.559,6.804,3.408,19.981,25.563,46.085,300
uav0000188_00000_v,960x540,179,0.554,8.605,6.793,3.392,20.042,26.93,47.526,300
uav0000188_00000_v,960x540,180,0.538,8.61,6.869,3.463,20.217,26.444,47.2,300
uav0000188_00000_v,960x540,181,0.558,8.582,6.803,3.353,19.989,25.002,45.548,300
uav0000188_00000_v,960x540,182,0.553,8.593,6.796,3.335,20.002,26.204,46.759,300
uav0000188_00000_v,960x540,183,0.543,8.564,6.82,3.449,20.083,25.682,46.308,300
uav0000188_00000_v,960x540,184,0.532,8.483,6.792,3.354,19.893,25.593,46.017,300
uav0000188_00000_v,960x540,185,0.543,8.619,6.822,3.378,20.027,23.642,44.211,300
uav0000188_00000_v,960x540,186,0.543,8.527,6.792,3.437,20.015,25.117,45.675,300
uav0000188_00000_v,960x540,187,0.558,8.585,6.812,3.354,20.003,25.91,46.471,300
uav0000188_00000_v,960x540,188,0.532,8.588,6.803,3.39,20.002,25.704,46.238,300
uav0000188_00000_v,960x540,189,0.528,8.555,6.799,3.33,19.93,25.712,46.17,300
uav0000188_00000_v,960x540,190,0.506,8.424,6.791,3.33,19.821,25.889,46.215,300
uav0000188_00000_v,960x540,191,0.56,8.582,6.809,3.382,20.033,25.644,46.237,300
uav0000188_00000_v,960x540,192,0.559,8.644,6.807,3.397,20.144,25.205,45.908,300
uav0000188_00000_v,960x540,193,0.57,8.614,6.817,3.382,20.084,24.574,45.227,300
uav0000188_00000_v,960x540,194,0.516,8.417,6.789,3.366,19.848,26.729,47.094,300
uav0000188_00000_v,960x540,195,0.553,8.524,6.819,3.328,19.908,26.283,46.744,300
uav0000188_00000_v,960x540,196,0.528,8.568,6.799,3.315,19.907,25.977,46.412,300
uav0000188_00000_v,960x540,197,0.576,8.525,6.802,3.327,19.882,26.136,46.593,300
uav0000188_00000_v,960x540,198,0.536,8.548,6.813,3.412,20.019,26.781,47.336,300
uav0000188_00000_v,960x540,199,0.582,8.566,6.821,3.384,20.009,26.085,46.677,300
uav0000188_00000_v,960x540,200,0.558,8.532,6.805,3.255,19.878,26.043,46.478,300
uav0000188_00000_v,960x540,201,0.551,8.553,6.803,3.426,20.029,25.368,45.949,300
uav0000188_00000_v,960x540,202,0.518,8.547,6.799,3.331,19.945,26.719,47.182,300
uav0000188_00000_v,960x540,203,0.585,8.646,6.815,3.371,20.117,25.974,46.676,300
uav0000188_00000_v,960x540,204,0.546,8.553,6.79,3.462,20.065,25.823,46.434,300
uav0000188_00000_v,960x540,205,0.578,8.569,6.82,3.33,19.962,26.343,46.883,300
uav0000188_00000_v,960x540,206,0.572,8.571,6.796,3.35,19.974,27.566,48.112,300
uav0000188_00000_v,960x540,207,0.559,8.574,6.8,3.434,20.052,26.373,46.984,300
uav0000188_00000_v,960x540,208,0.509,8.567,6.814,3.362,20.025,25.361,45.895,300
uav0000188_00000_v,960x540,209,0.566,8.562,6.816,3.39,20.023,23.071,43.66,300
uav0000188_00000_v,960x540,210,0.531,8.586,6.8,3.367,20.001,23.388,43.92,300
uav0000188_00000_v,960x540,211,0.562,8.594,6.83,3.427,20.123,23.449,44.134,300
uav0000188_00000_v,960x540,212,0.519,8.562,6.794,3.356,19.953,23.692,44.164,300
uav0000188_00000_v,960x540,213,0.548,8.551,6.828,3.378,19.993,22.887,43.428,300
uav0000188_00000_v,960x540,214,0.515,8.483,6.793,3.331,19.868,24.338,44.721,300
uav0000188_00000_v,960x540,215,0.51,8.59,6.786,3.343,19.975,25.197,45.682,300
uav0000188_00000_v,960x540,216,0.536,8.551,6.81,3.356,19.997,24.925,45.458,300
uav0000188_00000_v,960x540,217,0.547,8.636,6.827,3.39,20.108,25.025,45.68,300
uav0000188_00000_v,960x540,218,0.53,8.542,6.794,3.326,19.946,26.117,46.593,300
uav0000188_00000_v,960x540,219,0.502,8.511,6.812,3.396,19.965,26.918,47.385,300
uav0000188_00000_v,960x540,220,0.545,8.545,6.827,3.435,20.091,28.249,48.885,300
uav0000188_00000_v,960x540,221,0.551,8.504,6.808,3.426,20.002,28.387,48.94,300
uav0000188_00000_v,960x540,222,0.555,8.607,6.806,3.402,20.08,28.673,49.308,300
uav0000188_00000_v,960x540,223,0.56,8.6,6.84,3.48,20.248,28.132,48.94,300
uav0000188_00000_v,960x540,224,0.657,8.578,6.823,3.361,20.02,28.877,49.554,300
uav0000188_00000_v,960x540,225,0.663,8.508,6.819,3.381,19.964,29.237,49.864,300
uav0000188_00000_v,960x540,226,0.641,8.532,6.813,3.434,20.03,29.177,49.848,300
uav0000188_00000_v,960x540,227,0.529,8.633,6.836,3.385,20.092,29.043,49.665,300
uav0000188_00000_v,960x540,228,0.532,8.546,6.803,3.369,19.99,29.914,50.436,300
uav0000188_00000_v,960x540,229,0.559,8.595,6.828,3.379,20.038,27.899,48.496,300
uav0000188_00000_v,960x540,230,0.537,8.506,6.806,3.317,19.897,28.223,48.658,300
uav0000188_00000_v,960x540,231,0.485,8.526,6.818,3.371,19.972,29.27,49.727,300
uav0000188_00000_v,960x540,232,0.56,8.561,6.792,3.337,19.969,30.025,50.553,300
uav0000188_00000_v,960x540,233,0.551,8.59,6.814,3.359,20.048,29.509,50.108,300
uav0000188_00000_v,960x540,234,0.556,8.639,6.831,3.341,20.096,28.784,49.435,300
uav0000188_00000_v,960x540,235,0.552,8.552,6.84,3.321,20.015,28.005,48.572,300
uav0000188_00000_v,960x540,236,0.548,8.523,6.797,3.335,19.953,28.355,48.856,300
uav0000188_00000_v,960x540,237,0.535,8.514,6.814,3.385,19.966,29.175,49.676,300
uav0000188_00000_v,960x540,238,0.554,8.481,6.787,3.405,19.931,28.348,48.834,300
uav0000188_00000_v,960x540,239,0.541,8.558,6.819,3.328,19.967,28.103,48.61,300
uav0000188_00000_v,960x540,240,0.571,8.599,6.809,3.431,20.083,28.703,49.356,300
uav0000188_00000_v,960x540,241,0.539,8.582,6.816,3.365,20.027,28.858,49.424,300
uav0000188_00000_v,960x540,242,0.558,8.504,6.809,3.393,19.956,28.345,48.859,300
uav0000188_00000_v,960x540,243,0.536,8.536,6.819,3.317,19.957,28.796,49.289,300
uav0000188_00000_v,960x540,244,0.587,8.546,6.807,3.4,20.031,28.311,48.929,300
uav0000188_00000_v,960x540,245,0.577,8.572,6.807,3.315,19.962,27.176,47.715,300
uav0000188_00000_v,960x540,246,0.558,8.554,6.823,3.341,19.972,28.006,48.536,300
uav0000188_00000_v,960x540,247,0.526,8.585,6.813,3.412,20.071,27.535,48.132,300
uav0000188_00000_v,960x540,248,0.556,8.543,6.808,3.323,19.955,27.37,47.882,300
uav0000188_00000_v,960x540,249,0.514,8.551,6.811,3.327,19.891,27.906,48.31,300
uav0000188_00000_v,960x540,250,0.534,8.455,6.799,3.305,19.826,27.66,48.02,300
uav0000188_00000_v,960x540,251,0.523,8.504,6.811,3.4,19.964,28.69,49.177,300
uav0000188_00000_v,960x540,252,0.543,8.569,6.808,3.402,20.036,28.819,49.399,300
uav0000188_00000_v,960x540,253,0.558,8.553,6.82,3.388,20.013,27.887,48.458,300
uav0000188_00000_v,960x540,254,0.509,8.53,6.813,3.362,19.982,27.7,48.191,300
uav0000188_00000_v,960x540,255,0.501,8.536,6.799,3.323,19.891,27.986,48.378,300
uav0000188_00000_v,960x540,256,0.486,8.408,6.807,3.409,19.908,28.387,48.78,300
uav0000188_00000_v,960x540,257,0.502,8.565,6.805,3.406,20.052,28.317,48.871,300
uav0000188_00000_v,960x540,258,0.48,8.586,6.809,3.439,20.094,27.433,48.006,300
uav0000188_00000_v,960x540,259,0.485,8.571,6.818,3.384,20.024,26.51,47.02,300
uav0000188_00000_v,960x540,260,0.466,8.479,6.805,3.337,19.883,26.062,46.411,300
uav0000201_00000_v,1344x756,1,27.654,5.54,6.929,3.37,17.28,9.763,54.697,265
uav0000201_00000_v,1344x756,2,1.01,5.415,6.841,3.382,16.883,12.774,30.667,266
uav0000201_00000_v,1344x756,3,0.882,5.383,6.822,3.214,16.674,11.827,29.382,230
uav0000201_00000_v,1344x756,4,0.888,5.391,6.838,3.243,16.767,12.96,30.615,243
uav0000201_00000_v,1344x756,5,0.996,5.411,6.874,3.422,17.061,12.903,30.961,221
uav0000201_00000_v,1344x756,6,0.845,5.41,6.884,3.258,16.811,12.718,30.373,206
uav0000201_00000_v,1344x756,7,0.88,5.38,6.817,3.254,16.684,11.741,29.306,208
uav0000201_00000_v,1344x756,8,0.854,5.404,6.832,3.177,16.648,11.545,29.047,183
uav0000201_00000_v,1344x756,9,1.532,5.408,6.852,3.414,17.079,10.774,29.384,171
uav0000201_00000_v,1344x756,10,0.859,5.406,6.846,3.233,16.774,11.417,29.049,177
uav0000201_00000_v,1344x756,11,0.846,5.4,6.839,3.32,16.853,11.525,29.225,210
uav0000201_00000_v,1344x756,12,1.046,5.386,6.894,3.296,16.862,13.098,31.006,240
uav0000201_00000_v,1344x756,13,0.869,5.431,6.887,3.436,17.031,12.541,30.441,240
uav0000201_00000_v,1344x756,14,0.862,5.416,6.854,3.299,16.809,12.536,30.206,239
uav0000201_00000_v,1344x756,15,0.866,5.393,6.812,3.393,16.922,12.146,29.934,268
uav0000201_00000_v,1344x756,16,0.863,5.424,6.844,3.349,16.89,13.448,31.201,287
uav0000201_00000_v,1344x756,17,0.871,5.405,6.87,3.385,16.916,14.126,31.912,274
uav0000201_00000_v,1344x756,18,0.852,5.414,6.865,3.364,16.883,14.124,31.859,245
uav0000201_00000_v,1344x756,19,0.906,5.372,6.847,3.346,16.823,14.72,32.449,254
uav0000201_00000_v,1344x756,20,0.857,5.407,6.842,3.292,16.79,14.619,32.266,246
uav0000201_00000_v,1344x756,21,0.85,5.708,6.915,3.451,17.346,14.655,32.851,273
uav0000201_00000_v,1344x756,22,0.845,5.413,6.847,3.28,16.814,15.112,32.771,276
uav0000201_00000_v,1344x756,23,0.867,5.432,6.849,3.319,16.901,15.699,33.467,261
uav0000201_00000_v,1344x756,24,1.041,5.434,6.876,3.369,16.937,14.93,32.908,263
uav0000201_00000_v,1344x756,25,0.843,5.385,6.871,3.221,16.713,15.202,32.757,262
uav0000201_00000_v,1344x756,26,0.845,5.411,6.834,3.199,16.689,14.827,32.361,275
uav0000201_00000_v,1344x756,27,0.861,5.432,6.825,3.337,16.865,15.037,32.764,288
uav0000201_00000_v,1344x756,28,0.868,5.397,6.841,3.189,16.785,15.247,32.9,276
uav0000201_00000_v,1344x756,29,0.881,5.399,6.875,3.346,16.876,14.444,32.201,243
uav0000201_00000_v,1344x756,30,0.83,5.407,6.886,3.286,16.827,15.656,33.314,256
uav0000201_00000_v,1344x756,31,0.876,5.382,6.844,3.265,16.788,15.435,33.1,255
uav0000201_00000_v,1344x756,32,0.863,5.41,6.856,3.331,16.89,15.975,33.728,267
uav0000201_00000_v,1344x756,33,1.472,5.464,6.9,3.27,16.979,15.924,34.375,254
uav0000201_00000_v,1344x756,34,0.855,5.416,6.849,3.174,16.774,15.741,33.369,251
uav0000201_00000_v,1344x756,35,0.867,5.398,6.846,3.41,16.931,16.061,33.858,276
uav0000201_00000_v,1344x756,36,0.987,5.41,6.882,3.748,17.292,15.148,33.427,261
uav0000201_00000_v,1344x756,37,0.976,5.408,6.88,3.463,17.022,14.976,32.974,273
uav0000201_00000_v,1344x756,38,0.849,5.406,6.856,3.374,16.938,14.56,32.347,241
uav0000201_00000_v,1344x756,39,0.851,5.409,6.853,3.245,16.795,14.867,32.513,247
uav0000201_00000_v,1344x756,40,0.852,5.404,6.863,3.229,16.799,13.826,31.477,251
uav0000201_00000_v,1344x756,41,0.871,5.446,6.905,3.393,17.075,14.247,32.192,246
uav0000201_00000_v,1344x756,42,0.83,5.375,6.885,3.226,16.732,13.718,31.28,227
uav0000201_00000_v,1344x756,43,0.873,5.383,6.839,3.245,16.716,13.476,31.066,239
uav0000201_00000_v,1344x756,44,0.854,5.4,6.845,3.292,16.781,14.312,31.948,246
uav0000201_00000_v,1344x756,45,0.85,5.423,6.854,3.191,16.758,14.429,32.037,208
uav0000201_00000_v,1344x756,46,0.824,5.421,6.845,3.212,16.75,14.536,32.111,228
uav0000201_00000_v,1344x756,47,0.85,5.36,6.84,3.165,16.675,14.226,31.75,250
uav0000201_00000_v,1344x756,48,0.857,5.381,6.866,3.424,16.907,14.269,32.033,246
uav0000201_00000_v,1344x756,49,0.831,5.399,6.863,3.234,16.713,14.264,31.808,232
uav0000201_00000_v,1344x756,50,0.821,5.41,6.83,3.17,16.674,12.784,30.279,206
uav0000201_00000_v,1344x756,51,0.824,5.398,6.83,3.139,16.634,12.221,29.678,183
uav0000201_00000_v,1344x756,52,0.837,5.427,6.875,3.298,16.863,12.331,30.031,176
uav0000201_00000_v,1344x756,53,0.836,5.434,6.833,3.222,16.778,12.951,30.566,191
uav0000201_00000_v,1344x756,54,0.816,5.375,6.847,3.116,16.577,12.681,30.075,177
uav0000201_00000_v,1344x756,55,0.849,5.406,6.828,3.094,16.56,12.173,29.582,154
uav0000201_00000_v,1344x756,56,0.834,5.397,6.868,3.208,16.762,12.316,29.912,149
uav0000201_00000_v,1344x756,57,0.833,5.433,6.839,3.184,16.738,12.062,29.633,163
uav0000201_00000_v,1344x756,58,0.83,5.433,6.865,3.226,16.828,11.864,29.522,154
uav0000201_00000_v,1344x756,59,0.856,5.455,6.848,3.235,16.826,12.026,29.708,136
uav0000201_00000_v,1344x756,60,0.838,5.368,6.874,3.339,16.952,13.721,31.511,163
uav0000201_00000_v,1344x756,61,0.832,5.438,6.897,3.269,16.862,13.321,31.014,185
uav0000201_00000_v,1344x756,62,0.821,5.389,6.853,3.332,16.839,14.135,31.794,199
uav0000201_00000_v,1344x756,63,0.861,5.389,6.818,3.207,16.697,14.86,32.419,202
uav0000201_00000_v,1344x756,64,0.707,5.402,6.84,3.235,16.77,14.988,32.464,249
uav0000201_00000_v,1344x756,65,0.833,5.427,6.95,3.39,17.07,15.434,33.337,225
uav0000201_00000_v,1344x756,66,0.859,5.389,6.889,3.359,16.915,14.157,31.93,208
uav0000201_00000_v,1344x756,67,0.861,5.373,6.844,3.276,16.782,14.661,32.304,240
uav0000201_00000_v,1344x756,68,0.843,5.409,6.85,3.57,17.228,15.489,33.559,256
uav0000201_00000_v,1344x756,69,0.859,5.39,6.859,3.253,16.776,16.978,34.612,246
uav0000201_00000_v,1344x756,70,0.844,5.425,6.875,3.333,16.941,16.486,34.271,295
uav0000201_00000_v,1344x756,71,0.843,5.431,6.838,3.32,16.929,15.89,33.662,299
uav0000201_00000_v,1344x756,72,0.871,5.404,6.88,3.257,16.8,16.523,34.194,270
uav0000201_00000_v,1344x756,73,0.81,5.425,6.887,3.292,16.897,16.682,34.388,276
uav0000201_00000_v,1344x756,74,0.826,5.412,6.86,3.394,16.91,17.688,35.424,300
uav0000201_00000_v,1344x756,75,0.857,5.411,6.827,3.304,16.841,17.797,35.495,300
uav0000201_00000_v,1344x756,76,0.849,5.437,6.857,3.265,16.853,17.973,35.675,300
uav0000201_00000_v,1344x756,77,0.869,5.407,6.894,3.458,17.045,16.743,34.657,287
uav0000201_00000_v,1344x756,78,1.489,5.371,6.897,3.625,17.278,17.733,36.499,300
uav0000201_00000_v,1344x756,79,0.827,5.375,6.838,3.365,16.884,17.064,34.776,300
uav0000201_00000_v,1344x756,80,0.839,5.386,6.839,3.269,16.778,16.446,34.062,300
uav0000201_00000_v,1344x756,81,0.84,5.411,6.858,3.406,16.969,16.68,34.489,300
uav0000201_00000_v,1344x756,82,0.69,5.442,6.857,3.303,16.9,18.008,35.598,300
uav0000201_00000_v,1344x756,83,1.041,5.636,6.822,3.328,17.163,16.649,34.853,300
uav0000201_00000_v,1344x756,84,0.837,5.411,6.857,3.283,16.842,16.985,34.664,300
uav0000201_00000_v,1344x756,85,0.824,5.361,6.875,3.434,16.936,16.425,34.185,294
uav0000201_00000_v,1344x756,86,0.832,5.391,6.836,3.19,16.706,15.716,33.254,276
uav0000201_00000_v,1344x756,87,0.882,5.393,6.831,3.27,16.771,15.241,32.895,276
uav0000201_00000_v,1344x756,88,0.703,5.369,6.835,3.304,16.817,15.373,32.893,286
uav0000201_00000_v,1344x756,89,0.835,5.39,6.908,3.282,16.872,13.867,31.574,269
uav0000201_00000_v,1344x756,90,0.808,5.361,6.864,3.237,16.68,13.52,31.008,257
uav0000201_00000_v,1344x756,91,0.821,5.34,6.834,3.254,16.701,12.978,30.5,228
uav0000201_00000_v,1344x756,92,0.844,5.399,6.827,3.34,16.82,13.474,31.138,244
uav0000201_00000_v,1344x756,93,0.833,5.412,6.838,3.226,16.752,13.306,30.892,247
uav0000201_00000_v,1344x756,94,0.683,5.42,6.859,3.205,16.773,13.413,30.869,270
uav0000201_00000_v,1344x756,95,0.887,5.409,6.839,3.373,16.921,14.842,32.65,274
uav0000201_00000_v,1344x756,96,0.863,5.372,6.868,3.278,16.802,13.501,31.166,299
uav0000201_00000_v,1344x756,97,0.858,5.355,6.856,3.258,16.727,14.652,32.237,300
uav0000201_00000_v,1344x756,98,0.848,5.391,6.842,3.469,16.961,16.029,33.837,300
uav0000201_00000_v,1344x756,99,0.842,5.403,6.816,3.286,16.787,15.055,32.683,300
uav0000201_00000_v,1344x756,100,0.701,5.404,6.832,3.233,16.732,15.739,33.172,300
uav0000201_00000_v,1344x756,101,0.85,5.368,6.868,3.271,16.769,13.803,31.421,261
uav0000201_00000_v,1344x756,102,0.691,5.424,6.837,3.249,16.784,15.944,33.419,292
uav0000201_00000_v,1344x756,103,0.849,5.402,6.825,3.376,16.889,14.774,32.512,292
uav0000201_00000_v,1344x756,104,0.852,5.395,6.85,3.253,16.773,15.914,33.539,300
uav0000201_00000_v,1344x756,105,0.827,5.423,6.846,3.205,16.75,16.727,34.304,291
uav0000201_00000_v,1344x756,106,0.843,5.416,6.848,3.367,16.91,17.404,35.157,300
uav0000201_00000_v,1344x756,107,0.862,5.383,6.839,3.286,16.823,16.815,34.501,293
uav0000201_00000_v,1344x756,108,0.851,5.426,6.833,3.381,16.956,16.295,34.102,300
uav0000201_00000_v,1344x756,109,0.828,5.406,6.849,3.192,16.739,15.861,33.428,289
uav0000201_00000_v,1344x756,110,0.834,5.408,6.842,3.358,16.899,16.76,34.493,300
uav0000201_00000_v,1344x756,111,0.86,5.404,6.817,3.315,16.805,16.555,34.22,300
uav0000201_00000_v,1344x756,112,0.844,5.393,6.836,3.178,16.728,16.655,34.228,300
uav0000201_00000_v,1344x756,113,0.828,5.408,6.867,3.421,16.952,16.4,34.18,300
uav0000201_00000_v,1344x756,114,0.857,5.435,6.86,3.284,16.93,15.435,33.222,300
uav0000201_00000_v,1344x756,115,0.846,5.432,6.828,3.25,16.789,14.869,32.505,300
uav0000201_00000_v,1344x756,116,0.851,5.393,6.865,3.512,17.053,16.333,34.236,300
uav0000201_00000_v,1344x756,117,0.868,5.421,6.858,3.295,16.871,15.119,32.858,298
uav0000201_00000_v,1344x756,118,0.833,5.435,6.835,3.476,17.031,16.564,34.428,300
uav0000201_00000_v,1344x756,119,0.858,5.395,6.837,3.333,16.921,16.374,34.152,300
uav0000201_00000_v,1344x756,120,1.361,5.388,6.848,3.266,16.758,15.443,33.562,300
uav0000201_00000_v,1344x756,121,0.842,5.439,6.865,3.39,16.981,15.213,33.036,300
uav0000201_00000_v,1344x756,122,0.846,5.467,6.846,3.354,16.993,15.987,33.826,300
uav0000201_00000_v,1344x756,123,0.866,5.451,6.818,3.297,16.856,15.409,33.131,300
uav0000201_00000_v,1344x756,124,0.841,5.45,6.869,3.558,17.221,16.101,34.163,300
uav0000201_00000_v,1344x756,125,0.852,5.396,6.877,3.316,16.869,15.633,33.354,300
uav0000201_00000_v,1344x756,126,0.831,5.392,6.89,3.514,17.106,15.085,33.021,300
uav0000201_00000_v,1344x756,127,0.889,5.417,6.837,3.353,16.912,15.071,32.872,300
uav0000201_00000_v,1344x756,128,0.831,5.424,6.847,3.251,16.834,15.667,33.331,300
uav0000201_00000_v,1344x756,129,0.827,5.408,6.853,3.484,17.045,15.666,33.538,300
uav0000201_00000_v,1344x756,130,0.842,5.434,6.863,3.36,17.003,15.011,32.856,300
uav0000201_00000_v,1344x756,131,0.832,5.411,6.853,3.429,16.988,14.677,32.496,300
uav0000201_00000_v,1344x756,132,0.835,5.392,6.841,3.357,16.89,13.642,31.367,300
uav0000201_00000_v,1344x756,133,0.845,5.419,6.848,3.358,16.914,14.815,32.575,300
uav0000201_00000_v,1344x756,134,0.829,5.44,6.857,3.416,16.991,15.302,33.122,289
uav0000201_00000_v,1344x756,135,0.861,5.536,6.826,3.347,16.978,14.318,32.157,300
uav0000201_00000_v,1344x756,136,0.864,5.432,6.841,3.315,16.891,14.793,32.548,300
uav0000201_00000_v,1344x756,137,0.818,5.437,6.875,3.521,17.143,15.054,33.015,300
uav0000201_00000_v,1344x756,138,0.838,5.42,6.842,3.288,16.836,14.534,32.208,297
uav0000201_00000_v,1344x756,139,0.873,5.412,6.832,3.312,16.85,13.966,31.689,300
uav0000201_00000_v,1344x756,140,0.855,5.413,6.843,3.461,17.003,14.599,32.457,300
uav0000201_00000_v,1344x756,141,0.846,5.419,6.837,3.275,16.842,15.61,33.299,300
uav0000201_00000_v,1344x756,142,0.84,5.422,6.838,3.303,16.868,16.09,33.797,300
uav0000201_00000_v,1344x756,143,0.875,5.396,6.841,3.298,16.859,15.31,33.043,300
uav0000201_00000_v,1344x756,144,0.819,5.758,6.877,3.625,17.56,15.77,34.15,300
uav0000201_00000_v,1344x756,145,0.845,5.443,6.865,3.236,16.892,15.68,33.417,300
uav0000201_00000_v,1344x756,146,0.842,5.429,6.832,3.302,16.858,16.013,33.714,300
uav0000201_00000_v,1344x756,147,0.843,5.405,6.836,3.401,16.957,16.036,33.835,300
uav0000201_00000_v,1344x756,148,0.832,5.424,6.839,3.317,16.89,15.589,33.31,300
uav0000201_00000_v,1344x756,149,0.836,5.402,6.892,3.338,16.919,16.222,33.977,300
uav0000201_00000_v,1344x756,150,0.833,5.406,6.839,3.281,16.85,16.622,34.305,300
uav0000201_00000_v,1344x756,151,0.854,5.421,6.83,3.294,16.839,15.994,33.687,300
uav0000201_00000_v,1344x756,152,0.828,5.414,6.848,3.277,16.895,15.476,33.198,300
uav0000201_00000_v,1344x756,153,0.854,5.428,6.857,3.235,16.824,14.827,32.505,300
uav0000201_00000_v,1344x756,154,0.835,5.434,6.87,3.29,16.873,14.7,32.408,300
uav0000201_00000_v,1344x756,155,0.845,5.401,6.87,3.52,17.114,15.076,33.035,296
uav0000201_00000_v,1344x756,156,0.85,5.424,6.856,3.3,16.88,15.467,33.197,300
uav0000201_00000_v,1344x756,157,0.841,5.409,6.902,3.346,16.95,14.772,32.563,300
uav0000201_00000_v,1344x756,158,0.845,5.439,6.866,3.468,17.079,15.301,33.224,300
uav0000201_00000_v,1344x756,159,0.855,5.39,6.832,3.389,16.914,15.449,33.217,300
uav0000201_00000_v,1344x756,160,0.842,5.435,6.846,3.25,16.868,13.669,31.379,283
uav0000201_00000_v,1344x756,161,0.813,5.405,6.865,3.495,17.051,15.011,32.875,300
uav0000201_00000_v,1344x756,162,0.831,5.424,6.843,3.286,16.888,15.097,32.817,300
uav0000201_00000_v,1344x756,163,0.872,5.421,6.825,3.278,16.832,14.592,32.297,300
uav0000201_00000_v,1344x756,164,1.488,5.428,6.833,3.653,17.349,15.966,34.802,300
uav0000201_00000_v,1344x756,165,0.832,5.404,6.85,3.295,16.9,15.692,33.425,300
uav0000201_00000_v,1344x756,166,0.821,5.561,6.849,3.331,17.082,16.296,34.199,300
uav0000201_00000_v,1344x756,167,0.837,5.397,6.835,3.358,16.994,15.585,33.416,300
uav0000201_00000_v,1344x756,168,0.849,5.411,6.857,3.348,16.915,15.223,32.987,300
uav0000201_00000_v,1344x756,169,0.835,5.555,6.848,3.302,16.998,15.374,33.207,300
uav0000201_00000_v,1344x756,170,0.85,5.441,6.848,3.255,16.883,14.64,32.373,300
uav0000201_00000_v,1344x756,171,0.847,5.388,6.831,3.388,16.969,15.289,33.106,298
uav0000201_00000_v,1344x756,172,0.85,5.564,6.837,3.29,16.99,14.852,32.692,282
uav0000201_00000_v,1344x756,173,0.849,5.403,6.87,3.486,17.075,14.342,32.266,274
uav0000201_00000_v,1344x756,174,0.849,5.4,6.86,3.386,17.042,15.926,33.817,254
uav0000201_00000_v,1344x756,175,0.858,5.402,6.839,3.311,16.909,13.875,31.642,262
uav0000201_00000_v,1344x756,176,0.868,5.463,6.838,3.304,16.928,13.822,31.619,264
uav0000201_00000_v,1344x756,177,0.84,5.431,6.851,3.258,16.854,13.826,31.52,230
uav0000201_00000_v,1344x756,178,0.839,5.428,6.855,3.322,16.908,13.031,30.778,268
uav0000201_00000_v,1344x756,179,0.851,5.411,6.838,3.314,16.885,12.388,30.124,219
uav0000201_00000_v,1344x756,180,0.853,5.394,6.838,3.293,16.871,12.019,29.744,225
uav0000201_00000_v,1344x756,181,0.853,5.422,6.843,3.206,16.754,12.66,30.267,209
uav0000201_00000_v,1344x756,182,0.831,5.426,6.839,3.146,16.758,12.04,29.63,183
uav0000201_00000_v,1344x756,183,0.837,5.414,6.834,3.296,16.827,11.349,29.013,193
uav0000201_00000_v,1344x756,184,0.845,5.428,6.831,3.255,16.815,12.016,29.676,229
uav0000201_00000_v,1344x756,185,0.879,5.378,6.907,3.295,16.874,10.971,28.723,177
uav0000201_00000_v,1344x756,186,0.822,5.43,6.868,3.282,16.879,12.165,29.866,181
uav0000201_00000_v,1344x756,187,0.829,5.412,6.822,3.165,16.682,12.443,29.954,170
uav0000201_00000_v,1344x756,188,0.85,5.392,6.833,3.3,16.795,12.529,30.174,177
uav0000201_00000_v,1344x756,189,0.847,5.405,6.842,3.193,16.72,12.506,30.074,180
uav0000201_00000_v,1344x756,190,0.83,5.378,6.865,3.255,16.811,12.721,30.362,215
uav0000201_00000_v,1344x756,191,0.844,5.566,6.876,3.326,17.077,13.309,31.229,215
uav0000201_00000_v,1344x756,192,0.852,5.401,6.839,3.287,16.83,13.39,31.071,250
uav0000201_00000_v,1344x756,193,0.839,5.394,6.865,3.207,16.741,13.134,30.714,215
uav0000201_00000_v,1344x756,194,0.855,5.42,6.841,3.351,16.902,12.463,30.22,230
uav0000201_00000_v,1344x756,195,0.859,5.402,6.806,3.243,16.731,13.072,30.663,247
uav0000201_00000_v,1344x756,196,0.848,5.42,6.843,3.229,16.772,12.677,30.297,235
uav0000201_00000_v,1344x756,197,0.835,5.375,6.889,3.411,16.967,12.422,30.224,222
uav0000201_00000_v,1344x756,198,0.835,5.407,6.844,3.254,16.816,13.572,31.223,251
uav0000201_00000_v,1344x756,199,0.848,5.393,6.81,3.196,16.67,12.993,30.511,254
uav0000201_00000_v,1344x756,200,0.88,5.394,6.845,3.393,16.901,13.383,31.164,252
uav0000201_00000_v,1344x756,201,0.837,5.441,6.859,3.172,16.785,12.184,29.806,238
uav0000201_00000_v,1344x756,202,0.813,5.432,6.86,3.397,16.998,12.522,30.334,265
uav0000201_00000_v,1344x756,203,0.841,5.403,6.824,3.174,16.692,12.513,30.045,228
uav0000201_00000_v,1344x756,204,0.838,5.409,6.824,3.306,16.789,12.695,30.323,239
uav0000201_00000_v,1344x756,205,0.842,5.414,6.839,3.193,16.776,11.858,29.476,213
uav0000201_00000_v,1344x756,206,0.819,5.409,6.845,3.14,16.666,12.245,29.731,232
uav0000201_00000_v,1344x756,207,1.501,5.403,6.837,3.386,17.04,13.637,32.179,249
uav0000201_00000_v,1344x756,208,0.856,5.424,6.836,3.376,16.969,13.588,31.413,263
uav0000201_00000_v,1344x756,209,0.848,5.404,6.873,3.255,16.808,13.0,30.656,253
uav0000201_00000_v,1344x756,210,0.811,5.397,6.835,3.319,16.822,13.462,31.095,267
uav0000201_00000_v,1344x756,211,0.857,5.394,6.812,3.216,16.695,12.842,30.394,218
uav0000201_00000_v,1344x756,212,0.852,5.423,6.83,3.362,16.929,13.157,30.938,250
uav0000201_00000_v,1344x756,213,0.824,5.401,6.848,3.182,16.756,13.146,30.726,258
uav0000201_00000_v,1344x756,214,0.823,5.421,6.84,3.121,16.675,12.862,30.36,248
uav0000201_00000_v,1344x756,215,0.833,5.426,6.858,3.324,16.912,12.067,29.811,211
uav0000201_00000_v,1344x756,216,0.823,5.402,6.84,3.252,16.776,13.544,31.144,250
uav0000201_00000_v,1344x756,217,0.854,5.408,6.852,3.231,16.785,11.768,29.407,247
uav0000201_00000_v,1344x756,218,0.815,5.408,6.843,3.328,16.858,12.55,30.224,251
uav0000201_00000_v,1344x756,219,0.864,5.39,6.828,3.202,16.743,12.521,30.128,221
uav0000201_00000_v,1344x756,220,0.83,5.423,6.86,3.165,16.743,11.884,29.457,217
uav0000201_00000_v,1344x756,221,0.794,5.369,6.874,3.165,16.77,12.152,29.716,209
uav0000201_00000_v,1344x756,222,0.817,5.403,6.846,3.265,16.766,12.602,30.184,212
uav0000201_00000_v,1344x756,223,0.843,5.435,6.872,3.319,17.064,12.87,30.778,201
uav0000201_00000_v,1344x756,224,0.813,5.375,6.904,3.24,16.774,12.551,30.137,209
uav0000201_00000_v,1344x756,225,0.802,5.366,6.851,3.233,16.716,12.127,29.644,192
uav0000201_00000_v,1344x756,226,0.806,5.364,6.847,3.212,16.627,12.78,30.214,216
uav0000201_00000_v,1344x756,227,0.826,5.39,6.819,3.244,16.694,13.15,30.669,233
uav0000201_00000_v,1344x756,228,0.814,5.409,6.859,3.389,16.949,13.647,31.411,229
uav0000201_00000_v,1344x756,229,0.785,5.356,6.857,3.204,16.62,12.965,30.37,205
uav0000201_00000_v,1344x756,230,0.774,5.358,6.862,3.211,16.652,12.684,30.11,223
uav0000201_00000_v,1344x756,231,0.822,5.38,6.818,3.317,16.749,12.352,29.923,220
uav0000201_00000_v,1344x756,232,0.797,5.362,6.858,3.211,16.656,13.267,30.721,218
uav0000201_00000_v,1344x756,233,0.825,5.378,6.841,3.132,16.663,13.996,31.484,241
uav0000201_00000_v,1344x756,234,0.784,5.407,6.849,3.208,16.755,14.2,31.738,261
uav0000201_00000_v,1344x756,235,0.842,5.365,6.829,3.294,16.717,14.131,31.691,226
uav0000201_00000_v,1344x756,236,0.811,5.338,6.854,3.323,16.731,14.335,31.877,213
uav0000201_00000_v,1344x756,237,0.819,5.353,6.853,3.259,16.674,14.093,31.586,233
uav0000201_00000_v,1344x756,238,0.787,5.36,6.85,3.355,16.799,13.603,31.188,242
uav0000201_00000_v,1344x756,239,0.83,5.389,6.819,3.234,16.669,14.297,31.796,244
uav0000201_00000_v,1344x756,240,0.823,5.345,6.846,3.234,16.684,14.553,32.06,243
uav0000201_00000_v,1344x756,241,0.803,5.368,6.86,3.35,16.83,14.148,31.78,253
uav0000201_00000_v,1344x756,242,0.781,5.359,6.865,3.159,16.605,14.086,31.472,221
uav0000201_00000_v,1344x756,243,0.784,5.345,6.829,3.278,16.666,13.159,30.61,226
uav0000201_00000_v,1344x756,244,0.836,5.335,6.793,3.104,16.571,13.793,31.2,196
uav0000201_00000_v,1344x756,245,0.851,5.35,6.811,3.118,16.542,13.03,30.422,179
uav0000201_00000_v,1344x756,246,0.83,5.365,6.847,3.203,16.658,13.139,30.626,184
uav0000201_00000_v,1344x756,247,0.8,5.33,6.856,3.285,16.787,13.54,31.127,189
uav0000201_00000_v,1344x756,248,0.795,5.341,6.853,3.178,16.581,14.082,31.458,210
uav0000201_00000_v,1344x756,249,0.837,5.338,6.816,3.218,16.604,14.234,31.676,201
uav0000201_00000_v,1344x756,250,0.805,5.337,6.854,3.354,16.796,14.689,32.291,197
uav0000201_00000_v,1344x756,251,0.819,5.366,6.846,3.182,16.63,14.505,31.954,213
uav0000201_00000_v,1344x756,252,1.423,5.374,6.87,3.402,17.061,15.323,33.807,202
uav0000201_00000_v,1344x756,253,0.817,5.358,6.822,3.202,16.613,13.779,31.209,214
uav0000201_00000_v,1344x756,254,0.812,5.333,6.849,3.223,16.7,14.229,31.74,262
uav0000201_00000_v,1344x756,255,0.811,5.39,6.847,3.193,16.715,14.238,31.764,248
uav0000201_00000_v,1344x756,256,0.806,5.375,6.865,3.165,16.614,15.127,32.547,227
uav0000201_00000_v,1344x756,257,0.839,5.361,6.82,3.121,16.656,14.382,31.877,227
uav0000201_00000_v,1344x756,258,0.85,5.347,6.861,3.31,16.822,14.622,32.294,242
uav0000201_00000_v,1344x756,259,0.867,5.339,6.864,3.181,16.604,14.404,31.875,225
uav0000201_00000_v,1344x756,260,0.842,5.334,6.842,3.222,16.642,14.199,31.683,220
uav0000201_00000_v,1344x756,261,0.823,5.324,6.806,3.142,16.547,14.197,31.567,223
uav0000201_00000_v,1344x756,262,0.819,5.375,6.872,3.165,16.678,14.481,31.979,231
uav0000201_00000_v,1344x756,263,0.814,5.404,6.832,3.304,16.779,13.353,30.946,219
uav0000201_00000_v,1344x756,264,0.818,5.367,6.857,3.216,16.689,14.022,31.53,233
uav0000201_00000_v,1344x756,265,0.823,5.357,6.844,3.142,16.573,13.45,30.846,221
uav0000201_00000_v,1344x756,266,0.821,5.35,6.831,3.337,16.736,14.409,31.965,246
uav0000201_00000_v,1344x756,267,0.81,5.359,6.837,3.273,16.684,13.968,31.462,218
uav0000201_00000_v,1344x756,268,0.8,5.33,6.845,3.298,16.681,14.088,31.569,223
uav0000201_00000_v,1344x756,269,0.82,5.367,6.814,3.162,16.599,14.01,31.43,212
uav0000201_00000_v,1344x756,270,0.829,5.397,6.841,3.21,16.707,13.765,31.302,244
uav0000201_00000_v,1344x756,271,0.817,5.347,6.854,3.222,16.629,13.316,30.762,208
uav0000201_00000_v,1344x756,272,0.799,5.35,6.849,3.366,16.76,13.53,31.089,214
uav0000201_00000_v,1344x756,273,0.827,5.356,6.808,3.162,16.589,13.265,30.681,228
uav0000201_00000_v,1344x756,274,0.822,5.386,6.906,3.303,16.866,13.676,31.365,215
uav0000201_00000_v,1344x756,275,0.866,5.352,6.837,3.243,16.697,13.325,30.888,226
uav0000201_00000_v,1344x756,276,0.84,5.421,6.838,3.243,16.739,13.041,30.621,238
uav0000201_00000_v,1344x756,277,0.875,5.387,6.816,3.277,16.757,13.083,30.714,209
uav0000201_00000_v,1344x756,278,0.845,5.428,6.835,3.364,16.929,13.65,31.425,242
uav0000201_00000_v,1344x756,279,0.85,5.39,6.845,3.21,16.714,13.645,31.208,210
uav0000201_00000_v,1344x756,280,0.836,5.408,6.859,3.339,16.871,13.63,31.337,256
uav0000201_00000_v,1344x756,281,0.868,5.366,6.817,3.223,16.676,12.747,30.291,219
uav0000201_00000_v,1344x756,282,0.848,5.367,6.822,3.305,16.802,13.397,31.047,214
uav0000201_00000_v,1344x756,283,0.843,5.388,6.841,3.221,16.679,13.759,31.281,234
uav0000201_00000_v,1344x756,284,0.824,5.421,6.859,3.276,16.818,13.65,31.292,213
uav0000201_00000_v,1344x756,285,0.855,5.385,6.822,3.157,16.613,14.726,32.195,224
uav0000201_00000_v,1344x756,286,0.86,5.378,6.83,3.355,16.82,14.863,32.544,263
uav0000201_00000_v,1344x756,287,0.835,5.387,6.882,3.208,16.726,15.723,33.284,240
uav0000201_00000_v,1344x756,288,0.834,5.426,6.895,3.225,16.826,16.139,33.799,261
uav0000201_00000_v,1344x756,289,0.87,5.393,6.827,3.222,16.72,14.911,32.5,222
uav0000201_00000_v,1344x756,290,0.819,5.391,6.846,3.374,16.894,15.088,32.802,263
uav0000201_00000_v,1344x756,291,0.82,5.373,6.842,3.288,16.752,14.717,32.288,229
uav0000201_00000_v,1344x756,292,0.86,5.375,6.813,3.268,16.717,14.312,31.888,205
uav0000201_00000_v,1344x756,293,0.84,5.363,6.866,3.209,16.686,14.399,31.924,201
uav0000201_00000_v,1344x756,294,0.839,5.386,6.845,3.181,16.664,14.846,32.349,213
uav0000201_00000_v,1344x756,295,1.557,5.662,6.842,3.181,17.007,13.566,32.13,179
uav0000201_00000_v,1344x756,296,0.856,5.416,6.823,3.275,16.807,13.313,30.976,171
uav0000201_00000_v,1344x756,297,0.814,5.4,6.836,3.202,16.718,12.632,30.164,134
uav0000201_00000_v,1344x756,298,0.829,5.407,6.853,3.296,16.843,12.12,29.793,113
uav0000201_00000_v,1344x756,299,0.849,5.394,6.838,3.143,16.663,12.016,29.527,98
uav0000201_00000_v,1344x756,300,0.887,5.387,6.842,3.309,16.81,13.493,31.191,161
uav0000201_00000_v,1344x756,301,0.837,5.416,6.838,3.204,16.731,13.318,30.886,138
uav0000201_00000_v,1344x756,302,0.811,5.376,6.848,3.219,16.769,13.593,31.172,143
uav0000201_00000_v,1344x756,303,0.842,5.383,6.829,3.218,16.703,13.726,31.272,155
uav0000201_00000_v,1344x756,304,0.857,5.397,6.841,3.253,16.777,16.7,34.334,190
uav0000201_00000_v,1344x756,305,0.818,5.395,6.882,3.237,16.765,16.104,33.687,197
uav0000201_00000_v,1344x756,306,0.831,5.408,6.844,3.185,16.684,15.969,33.484,195
uav0000201_00000_v,1344x756,307,0.846,5.398,6.822,3.358,16.849,15.675,33.37,218
uav0000201_00000_v,1344x756,308,0.841,5.39,6.847,3.119,16.703,15.552,33.096,223
uav0000201_00000_v,1344x756,309,0.848,5.398,6.827,3.327,16.831,14.912,32.592,240
uav0000201_00000_v,1344x756,310,0.811,5.408,6.834,3.236,16.771,15.293,32.874,249
uav0000201_00000_v,1344x756,311,0.833,5.361,6.839,3.356,16.832,15.422,33.087,256
uav0000201_00000_v,1344x756,312,0.825,5.405,6.85,3.15,16.689,16.162,33.676,253
uav0000201_00000_v,1344x756,313,0.811,5.375,6.849,3.254,16.752,16.04,33.603,252
uav0000201_00000_v,1344x756,314,0.827,5.401,6.856,3.36,16.899,16.115,33.841,275
uav0000201_00000_v,1344x756,315,0.849,5.38,6.83,3.23,16.732,15.832,33.413,245
uav0000201_00000_v,1344x756,316,0.84,5.43,6.83,3.343,16.878,15.202,32.92,227
uav0000201_00000_v,1344x756,317,0.824,5.417,6.868,3.218,16.763,16.002,33.589,219
uav0000201_00000_v,1344x756,318,0.824,5.398,6.848,3.277,16.769,15.154,32.746,241
uav0000201_00000_v,1344x756,319,0.835,5.37,6.833,3.18,16.665,16.116,33.616,251
uav0000201_00000_v,1344x756,320,0.879,5.427,6.875,3.347,17.013,16.802,34.694,229
uav0000201_00000_v,1344x756,321,0.818,5.409,6.878,3.302,16.864,15.925,33.607,215
uav0000201_00000_v,1344x756,322,0.817,5.429,6.842,3.286,16.863,16.216,33.896,206
uav0000201_00000_v,1344x756,323,0.857,5.415,6.839,3.305,16.84,16.281,33.978,220
uav0000201_00000_v,1344x756,324,0.849,5.432,6.841,3.386,17.003,16.622,34.474,258
uav0000201_00000_v,1344x756,325,0.844,5.42,6.877,3.278,16.86,16.544,34.248,233
uav0000201_00000_v,1344x756,326,0.846,5.4,6.846,3.358,16.892,16.485,34.223,223
uav0000201_00000_v,1344x756,327,0.838,5.409,6.836,3.299,16.819,15.93,33.587,241
uav0000201_00000_v,1344x756,328,0.864,5.405,6.86,3.283,16.832,16.32,34.015,245
uav0000201_00000_v,1344x756,329,0.819,5.412,6.879,3.241,16.783,16.64,34.242,229
uav0000201_00000_v,1344x756,330,0.799,5.407,6.842,3.258,16.762,16.929,34.489,232
uav0000201_00000_v,1344x756,331,0.834,5.385,6.832,3.387,16.896,17.126,34.855,221
uav0000201_00000_v,1344x756,332,0.822,5.393,6.875,3.234,16.8,15.986,33.609,192
uav0000201_00000_v,1344x756,333,0.826,5.435,6.838,3.291,16.874,15.741,33.442,162
uav0000201_00000_v,1344x756,334,0.866,5.425,6.823,3.207,16.735,16.208,33.809,164
uav0000201_00000_v,1344x756,335,0.828,5.41,6.865,3.269,16.8,14.327,31.956,147
uav0000201_00000_v,1344x756,336,0.863,5.383,6.819,3.24,16.685,15.5,33.048,155
uav0000201_00000_v,1344x756,337,0.818,5.41,6.857,3.19,16.82,14.783,32.421,139
uav0000201_00000_v,1344x756,338,0.834,5.412,6.844,3.285,16.815,13.154,30.803,122
uav0000201_00000_v,1344x756,339,0.849,5.433,6.837,3.146,16.702,12.954,30.506,95
uav0000201_00000_v,1344x756,340,0.818,5.431,6.854,3.167,16.721,13.094,30.634,94
uav0000201_00000_v,1344x756,341,0.864,5.369,6.85,3.316,16.8,11.83,29.494,92
uav0000201_00000_v,1344x756,342,0.829,5.384,6.868,3.148,16.654,11.934,29.418,98
uav0000201_00000_v,1344x756,343,0.852,5.43,6.846,3.08,16.651,11.693,29.195,93
uav0000201_00000_v,1344x756,344,1.478,5.541,6.842,3.47,17.285,12.253,31.016,89
uav0000201_00000_v,1344x756,345,0.821,5.402,6.857,3.121,16.7,11.583,29.104,85
uav0000201_00000_v,1344x756,346,0.816,5.426,6.846,3.157,16.708,12.026,29.55,110
uav0000201_00000_v,1344x756,347,0.89,5.397,6.833,3.285,16.783,11.889,29.562,109
uav0000201_00000_v,1344x756,348,0.873,5.407,6.858,3.222,16.749,11.48,29.102,113
uav0000201_00000_v,1344x756,349,0.821,5.412,6.846,3.343,16.87,11.783,29.474,121
uav0000201_00000_v,1344x756,350,0.816,5.42,6.849,3.186,16.738,11.576,29.13,138
uav0000201_00000_v,1344x756,351,0.863,5.657,6.877,3.251,17.131,12.211,30.206,128
uav0000201_00000_v,1344x756,352,0.829,5.392,6.852,3.245,16.791,12.87,30.491,146
uav0000201_00000_v,1344x756,353,0.82,5.374,6.859,3.311,16.823,12.649,30.293,137
uav0000201_00000_v,1344x756,354,0.812,5.386,6.84,3.268,16.741,13.62,31.173,154
uav0000201_00000_v,1344x756,355,0.842,5.423,6.835,3.241,16.759,14.34,31.94,171
uav0000201_00000_v,1344x756,356,0.837,5.424,6.847,3.277,16.838,14.951,32.627,185
uav0000201_00000_v,1344x756,357,0.825,5.416,6.85,3.243,16.783,15.308,32.916,196
uav0000201_00000_v,1344x756,358,0.828,5.411,6.844,3.297,16.93,15.11,32.867,194
uav0000201_00000_v,1344x756,359,0.865,5.384,6.824,3.278,16.764,15.834,33.464,220
uav0000201_00000_v,1344x756,360,0.825,5.412,6.836,3.178,16.714,15.52,33.059,211
uav0000201_00000_v,1344x756,361,0.84,5.43,6.868,3.304,16.915,15.582,33.338,230
uav0000201_00000_v,1344x756,362,0.848,5.418,6.837,3.304,16.848,15.739,33.435,205
uav0000201_00000_v,1344x756,363,0.842,5.408,6.817,3.345,16.886,15.914,33.643,206
uav0000201_00000_v,1344x756,364,0.862,5.409,6.843,3.173,16.75,15.72,33.332,192
uav0000201_00000_v,1344x756,365,0.825,5.4,6.852,3.246,16.808,16.266,33.898,216
uav0000201_00000_v,1344x756,366,0.836,5.42,6.839,3.341,16.879,21.886,39.602,251
uav0000201_00000_v,1344x756,367,0.853,5.419,6.829,3.237,16.788,16.366,34.007,241
uav0000201_00000_v,1344x756,368,0.882,5.415,6.843,3.284,16.821,16.716,34.418,260
uav0000201_00000_v,1344x756,369,0.84,5.48,6.902,3.338,17.019,18.215,36.074,300
uav0000201_00000_v,1344x756,370,0.819,5.417,6.854,3.413,16.965,18.051,35.834,300
uav0000201_00000_v,1344x756,371,0.855,5.395,6.836,3.292,16.85,17.139,34.845,298
uav0000201_00000_v,1344x756,372,0.862,5.388,6.868,3.342,16.867,17.544,35.273,300
uav0000201_00000_v,1344x756,373,0.825,5.402,6.85,3.3,16.859,17.828,35.512,299
uav0000201_00000_v,1344x756,374,0.827,5.404,6.856,3.296,16.837,18.36,36.024,296
uav0000201_00000_v,1344x756,375,0.844,5.384,6.835,3.515,17.018,18.18,36.041,300
uav0000201_00000_v,1344x756,376,0.85,5.409,6.837,3.377,16.92,17.836,35.605,275
uav0000201_00000_v,1344x756,377,0.829,5.376,6.863,3.36,16.883,17.58,35.292,258
uav0000201_00000_v,1344x756,378,0.858,5.391,6.848,3.417,16.903,16.501,34.262,272
uav0000201_00000_v,1344x756,379,0.847,5.408,6.827,3.385,16.889,17.952,35.689,277
uav0000201_00000_v,1344x756,380,0.856,5.411,6.871,3.283,16.826,19.007,36.69,288
uav0000201_00000_v,1344x756,381,0.817,5.529,6.854,3.504,17.134,18.298,36.25,284
uav0000201_00000_v,1344x756,382,0.819,5.413,6.849,3.27,16.83,17.965,35.613,265
uav0000201_00000_v,1344x756,383,0.842,5.386,6.841,3.417,16.929,18.976,36.746,264
uav0000201_00000_v,1344x756,384,0.843,5.346,6.847,3.315,16.846,19.034,36.723,288
uav0000201_00000_v,1344x756,385,0.839,5.415,6.855,3.318,16.856,19.847,37.543,281
uav0000201_00000_v,1344x756,386,0.827,5.407,6.857,3.422,16.969,19.307,37.103,300
uav0000201_00000_v,1344x756,387,0.846,5.434,6.833,3.271,16.813,18.632,36.291,288
uav0000201_00000_v,1344x756,388,0.837,5.442,6.841,3.253,16.843,20.189,37.869,283
uav0000201_00000_v,1344x756,389,0.83,5.384,6.867,3.366,16.897,19.228,36.955,248
uav0000201_00000_v,1344x756,390,0.82,5.404,6.856,3.332,16.875,19.456,37.152,298
uav0000201_00000_v,1344x756,391,0.851,5.429,6.82,3.262,16.79,18.964,36.604,279
uav0000201_00000_v,1344x756,392,0.861,5.595,6.844,3.417,17.148,20.053,38.061,300
uav0000201_00000_v,1344x756,393,0.824,5.414,6.843,3.244,16.786,19.823,37.433,268
uav0000201_00000_v,1344x756,394,0.817,5.408,6.838,3.238,16.903,20.247,37.966,300
uav0000201_00000_v,1344x756,395,0.852,5.37,6.836,3.342,16.874,20.127,37.854,300
uav0000201_00000_v,1344x756,396,0.858,5.392,6.847,3.391,16.982,19.391,37.231,300
uav0000201_00000_v,1344x756,397,0.836,5.402,6.832,3.259,16.772,18.978,36.586,300
uav0000201_00000_v,1344x756,398,0.82,5.414,6.835,3.249,16.805,20.185,37.81,300
uav0000201_00000_v,1344x756,399,0.845,5.457,6.833,3.262,16.885,20.099,37.829,300
uav0000201_00000_v,1344x756,400,0.837,5.411,6.835,3.468,17.038,20.293,38.168,300
uav0000201_00000_v,1344x756,401,0.818,5.41,6.889,3.373,16.99,18.506,36.313,286
uav0000201_00000_v,1344x756,402,0.83,5.36,6.822,3.247,16.762,18.143,35.734,300
uav0000201_00000_v,1344x756,403,0.85,5.404,6.817,3.289,16.827,18.454,36.131,300
uav0000201_00000_v,1344x756,404,0.845,5.386,6.842,3.298,16.841,18.611,36.298,300
uav0000201_00000_v,1344x756,405,0.822,5.416,6.849,3.356,16.953,18.883,36.659,300
uav0000201_00000_v,1344x756,406,0.975,5.407,6.848,3.419,16.984,19.31,37.269,300
uav0000201_00000_v,1344x756,407,0.852,5.376,6.854,3.387,16.902,18.647,36.4,300
uav0000201_00000_v,1344x756,408,0.816,5.639,6.887,3.399,17.217,19.153,37.187,300
uav0000201_00000_v,1344x756,409,0.828,5.375,6.844,3.31,16.871,17.682,35.381,300
uav0000201_00000_v,1344x756,410,0.828,5.443,6.85,3.288,16.857,19.516,37.2,293
uav0000201_00000_v,1344x756,411,0.85,5.384,6.829,3.409,16.93,18.716,36.495,300
uav0000201_00000_v,1344x756,412,0.811,5.403,6.833,3.219,16.745,19.196,36.753,300
uav0000201_00000_v,1344x756,413,0.815,5.389,6.85,3.237,16.757,19.2,36.773,297
uav0000201_00000_v,1344x756,414,0.842,5.366,6.811,3.236,16.695,18.41,35.947,299
uav0000201_00000_v,1344x756,415,0.837,5.4,6.849,3.35,16.888,18.322,36.047,300
uav0000201_00000_v,1344x756,416,0.819,5.397,6.84,3.335,16.878,19.067,36.764,300
uav0000201_00000_v,1344x756,417,0.836,5.442,6.843,3.322,16.95,18.283,36.068,285
uav0000201_00000_v,1344x756,418,0.851,5.416,6.811,3.231,16.794,18.57,36.216,273
uav0000201_00000_v,1344x756,419,0.688,5.411,6.861,3.308,16.902,17.992,35.582,300
uav0000201_00000_v,1344x756,420,0.811,5.443,6.881,3.223,16.862,20.26,37.933,296
uav0000201_00000_v,1344x756,421,0.827,5.417,6.835,3.409,16.948,19.212,36.986,300
uav0000201_00000_v,1344x756,422,0.834,5.35,6.811,3.238,16.667,19.905,37.407,296
uav0000201_00000_v,1344x756,423,0.824,5.375,6.828,3.276,16.812,19.739,37.374,300
uav0000201_00000_v,1344x756,424,0.82,5.409,6.845,3.308,16.833,19.738,37.391,300
uav0000201_00000_v,1344x756,425,0.67,5.394,6.866,3.346,16.89,19.812,37.372,300
uav0000201_00000_v,1344x756,426,0.84,5.369,6.821,3.282,16.787,20.274,37.901,300
uav0000201_00000_v,1344x756,427,0.842,5.408,6.858,3.266,16.802,21.025,38.668,300
uav0000201_00000_v,1344x756,428,0.842,5.4,6.846,3.283,16.804,20.03,37.676,300
uav0000201_00000_v,1344x756,429,0.821,5.404,6.832,3.223,16.759,20.612,38.192,300
uav0000201_00000_v,1344x756,430,0.857,5.389,6.833,3.359,16.884,21.018,38.758,289
uav0000201_00000_v,1344x756,431,0.684,5.388,6.863,3.312,16.868,21.084,38.636,283
uav0000201_00000_v,1344x756,432,0.838,5.39,6.873,3.183,16.705,19.596,37.14,264
uav0000201_00000_v,1344x756,433,0.82,5.437,6.845,3.289,16.868,20.194,37.881,267
uav0000201_00000_v,1344x756,434,0.851,5.404,6.827,3.227,16.738,19.038,36.628,262
uav0000201_00000_v,1344x756,435,0.842,5.413,6.854,3.625,17.182,18.732,36.756,233
uav0000201_00000_v,1344x756,436,0.833,5.396,6.85,3.349,16.873,19.396,37.102,233
uav0000201_00000_v,1344x756,437,0.675,5.38,6.859,3.314,16.895,18.628,36.199,222
uav0000201_00000_v,1344x756,438,0.837,5.387,6.837,3.265,16.766,18.938,36.541,226
uav0000201_00000_v,1344x756,439,0.845,5.405,6.83,3.428,16.943,17.764,35.551,201
uav0000201_00000_v,1344x756,440,0.855,5.401,6.858,3.231,16.781,17.879,35.515,220
uav0000201_00000_v,1344x756,441,0.826,5.403,6.838,3.164,16.731,17.865,35.422,220
uav0000201_00000_v,1344x756,442,32.757,5.389,6.823,3.381,16.894,17.161,66.812,202
uav0000201_00000_v,1344x756,443,0.674,5.383,6.864,3.292,16.808,16.433,33.915,168
uav0000201_00000_v,1344x756,444,0.811,5.385,6.838,3.275,16.793,17.393,34.997,195
uav0000201_00000_v,1344x756,445,0.807,5.399,6.844,3.266,16.789,16.45,34.046,173
uav0000201_00000_v,1344x756,446,0.835,5.387,6.823,3.209,16.7,17.408,34.943,194
uav0000201_00000_v,1344x756,447,0.871,5.4,6.832,3.408,16.918,16.461,34.25,177
uav0000201_00000_v,1344x756,448,0.822,5.4,6.851,3.256,16.826,17.006,34.654,185
uav0000201_00000_v,1344x756,449,0.672,5.39,6.862,3.158,16.666,16.882,34.22,185
uav0000201_00000_v,1344x756,450,0.844,5.401,6.841,3.209,16.726,17.909,35.48,192
uav0000201_00000_v,1344x756,451,0.822,5.375,6.845,3.205,16.685,17.14,34.646,186
uav0000201_00000_v,1344x756,452,0.821,5.381,6.843,3.298,16.786,17.076,34.683,182
uav0000201_00000_v,1344x756,453,0.85,5.389,6.848,3.193,16.703,17.527,35.08,186
uav0000201_00000_v,1344x756,454,0.845,5.405,6.842,3.197,16.745,18.495,36.085,248
uav0000201_00000_v,1344x756,455,0.696,5.373,6.91,3.285,16.843,18.846,36.384,260
uav0000201_00000_v,1344x756,456,0.81,5.393,6.833,3.362,16.874,20.12,37.803,276
uav0000201_00000_v,1344x756,457,0.821,5.392,6.844,3.25,16.75,20.445,38.016,300
uav0000201_00000_v,1344x756,458,0.846,5.408,6.81,3.284,16.832,20.031,37.709,300
uav0000201_00000_v,1344x756,459,0.821,5.396,6.851,3.437,16.962,20.51,38.293,289
uav0000201_00000_v,1344x756,460,0.819,5.413,6.843,3.246,16.855,20.985,38.66,285
uav0000201_00000_v,1344x756,461,0.692,5.362,6.862,3.45,16.925,19.671,37.289,278
uav0000201_00000_v,1344x756,462,0.832,5.359,6.818,3.263,16.772,21.47,39.074,289
uav0000201_00000_v,1344x756,463,0.804,5.38,6.837,3.294,16.785,21.025,38.615,291
uav0000201_00000_v,1344x756,464,0.821,5.404,6.9,3.414,16.992,19.335,37.148,287
uav0000201_00000_v,1344x756,465,0.81,5.382,6.843,3.261,16.762,19.533,37.105,284
uav0000201_00000_v,1344x756,466,1.471,5.381,6.827,3.453,17.068,19.899,38.438,276
uav0000201_00000_v,1344x756,467,0.812,5.375,6.867,3.374,16.874,19.967,37.653,293
uav0000201_00000_v,1344x756,468,0.866,5.378,6.845,3.254,16.738,20.224,37.828,274
uav0000201_00000_v,1344x756,469,0.827,5.384,6.847,3.265,16.764,21.058,38.649,266
uav0000201_00000_v,1344x756,470,0.866,5.407,6.827,3.357,16.898,20.695,38.458,287
uav0000201_00000_v,1344x756,471,0.838,5.452,6.853,3.282,16.928,21.564,39.331,300
uav0000201_00000_v,1344x756,472,0.839,5.398,6.852,3.308,16.835,20.0,37.674,252
uav0000201_00000_v,1344x756,473,0.847,5.386,6.871,3.318,16.882,20.031,37.759,257
uav0000201_00000_v,1344x756,474,0.846,5.409,6.848,3.296,16.807,20.175,37.828,249
uav0000201_00000_v,1344x756,475,0.841,5.416,6.855,3.325,16.921,21.705,39.468,272
uav0000201_00000_v,1344x756,476,0.826,5.422,6.854,3.427,17.012,21.835,39.673,280
uav0000201_00000_v,1344x756,477,0.822,5.433,6.857,3.328,16.945,22.371,40.138,290
uav0000201_00000_v,1344x756,478,0.847,5.409,6.834,3.316,16.903,21.209,38.959,297
uav0000201_00000_v,1344x756,479,0.823,5.385,6.89,3.45,17.023,21.457,39.303,273
uav0000201_00000_v,1344x756,480,0.822,5.4,6.857,3.382,16.893,21.885,39.601,263
uav0000201_00000_v,1344x756,481,0.818,5.397,6.844,3.298,16.841,22.379,40.038,279
uav0000201_00000_v,1344x756,482,0.837,5.371,6.834,3.44,16.95,22.755,40.542,280
uav0000201_00000_v,1344x756,483,0.831,5.431,6.865,3.497,17.085,22.188,40.104,287
uav0000201_00000_v,1344x756,484,0.819,5.453,6.847,3.341,16.941,23.462,41.223,300
uav0000201_00000_v,1344x756,485,0.828,5.461,6.876,3.443,17.094,23.237,41.16,300
uav0000201_00000_v,1344x756,486,0.853,5.407,6.82,3.302,16.804,23.203,40.86,300
uav0000201_00000_v,1344x756,487,0.823,5.41,6.844,3.592,17.167,22.621,40.611,300
uav0000201_00000_v,1344x756,488,0.824,5.441,6.887,4.031,17.679,22.028,40.531,300
uav0000201_00000_v,1344x756,489,0.834,5.4,6.847,3.345,16.908,22.684,40.425,300
uav0000201_00000_v,1344x756,490,1.454,5.388,6.83,3.288,16.975,21.803,40.232,300
uav0000201_00000_v,1344x756,491,0.695,5.397,6.882,3.302,16.907,21.776,39.378,290
uav0000201_00000_v,1344x756,492,0.814,5.384,6.834,3.253,16.753,21.703,39.27,289
uav0000201_00000_v,1344x756,493,0.825,5.406,6.837,3.399,16.923,22.309,40.058,297
uav0000201_00000_v,1344x756,494,0.853,5.37,6.797,3.26,16.716,22.721,40.29,283
uav0000201_00000_v,1344x756,495,0.84,5.363,6.818,3.295,16.759,22.074,39.673,284
uav0000201_00000_v,1344x756,496,0.824,5.389,6.83,3.257,16.762,21.909,39.495,290
uav0000201_00000_v,1344x756,497,0.695,5.378,6.872,3.419,16.925,22.658,40.278,300
uav0000201_00000_v,1344x756,498,0.813,5.503,6.953,3.471,18.163,22.029,41.005,300
uav0000201_00000_v,1344x756,499,0.874,5.503,6.844,3.817,17.583,23.306,41.763,297
uav0000201_00000_v,1344x756,500,0.841,5.793,6.916,3.67,17.771,22.899,41.511,296
uav0000201_00000_v,1344x756,501,0.853,5.539,6.845,3.631,17.426,22.316,40.595,296
uav0000201_00000_v,1344x756,502,0.807,5.434,6.87,3.391,17.181,25.207,43.195,296
uav0000201_00000_v,1344x756,503,0.866,5.459,7.18,3.507,17.515,20.78,39.161,283
uav0000201_00000_v,1344x756,504,1.143,5.401,6.894,3.326,16.904,21.912,39.959,300
uav0000201_00000_v,1344x756,505,1.099,5.367,6.86,3.297,16.773,21.579,39.452,300
uav0000201_00000_v,1344x756,506,1.122,5.354,6.868,3.317,16.79,21.166,39.078,288
uav0000201_00000_v,1344x756,507,1.152,5.361,6.826,3.344,16.785,22.655,40.591,297
uav0000201_00000_v,1344x756,508,1.115,5.365,6.869,3.386,16.898,21.519,39.532,291
uav0000201_00000_v,1344x756,509,0.848,5.398,6.858,3.298,16.833,21.987,39.669,300
uav0000201_00000_v,1344x756,510,0.991,5.369,6.864,3.374,16.899,21.55,39.44,300
uav0000201_00000_v,1344x756,511,0.824,5.361,6.833,3.364,16.884,20.234,37.942,285
uav0000201_00000_v,1344x756,512,0.803,5.357,6.865,3.342,16.821,20.066,37.69,285
uav0000201_00000_v,1344x756,513,0.797,5.397,6.851,3.244,16.696,20.836,38.33,279
uav0000201_00000_v,1344x756,514,0.825,5.372,6.848,3.321,16.811,20.124,37.759,251
uav0000201_00000_v,1344x756,515,0.797,5.423,6.862,3.19,16.795,20.122,37.713,225
uav0000201_00000_v,1344x756,516,0.801,5.396,6.86,3.237,16.754,19.524,37.08,293
uav0000201_00000_v,1344x756,517,0.806,5.366,6.849,3.375,16.831,19.33,36.967,231
uav0000201_00000_v,1344x756,518,0.825,5.336,6.826,3.233,16.647,19.775,37.247,230
uav0000201_00000_v,1344x756,519,0.802,5.329,6.866,3.289,16.729,19.983,37.514,225
uav0000201_00000_v,1344x756,520,0.791,5.356,6.879,3.269,16.75,21.617,39.158,237
uav0000201_00000_v,1344x756,521,0.669,5.378,6.853,3.191,16.658,21.147,38.474,228
uav0000201_00000_v,1344x756,522,0.837,5.358,6.831,3.313,16.82,21.765,39.423,213
uav0000201_00000_v,1344x756,523,0.787,5.367,6.873,3.273,16.812,21.635,39.234,238
uav0000201_00000_v,1344x756,524,0.798,5.348,6.856,3.272,16.696,21.668,39.162,242
uav0000201_00000_v,1344x756,525,0.822,5.354,6.83,3.326,16.758,25.299,42.878,300
uav0000201_00000_v,1344x756,526,0.83,5.362,6.862,3.294,16.755,24.35,41.935,276
uav0000201_00000_v,1344x756,527,0.691,5.386,6.829,3.309,16.776,24.236,41.703,300
uav0000201_00000_v,1344x756,528,0.836,5.398,6.895,3.317,16.889,23.742,41.467,274
uav0000201_00000_v,1344x756,529,0.794,5.357,6.869,3.279,16.741,23.816,41.352,291
uav0000201_00000_v,1344x756,530,0.843,5.4,6.854,3.352,16.893,25.107,42.844,300
uav0000201_00000_v,1344x756,531,0.814,5.389,6.876,3.322,16.857,24.528,42.199,300
uav0000201_00000_v,1344x756,532,0.814,5.341,6.87,3.311,16.784,24.724,42.322,300
uav0000201_00000_v,1344x756,533,0.828,5.359,6.82,3.248,16.692,23.941,41.461,294
uav0000201_00000_v,1344x756,534,0.849,5.345,6.872,3.359,16.848,24.529,42.226,300
uav0000201_00000_v,1344x756,535,0.793,5.388,6.86,3.297,16.783,24.49,42.066,290
uav0000201_00000_v,1344x756,536,1.431,5.354,6.859,3.641,17.178,23.726,42.335,257
uav0000201_00000_v,1344x756,537,0.824,5.359,6.836,3.31,16.759,22.984,40.567,267
uav0000201_00000_v,1344x756,538,0.802,5.355,6.843,3.176,16.603,24.141,41.546,252
uav0000201_00000_v,1344x756,539,0.831,5.386,6.826,3.335,16.812,23.57,41.214,252
uav0000201_00000_v,1344x756,540,0.806,5.369,6.885,3.283,16.794,21.596,39.196,244
uav0000201_00000_v,1344x756,541,0.787,5.373,6.848,3.259,16.726,21.297,38.81,271
uav0000201_00000_v,1344x756,542,0.859,5.365,6.83,3.205,16.673,20.573,38.105,231
uav0000201_00000_v,1344x756,543,0.804,5.341,6.855,3.407,16.836,20.987,38.628,222
uav0000201_00000_v,1344x756,544,0.8,5.357,6.852,3.227,16.649,23.051,40.5,218
uav0000201_00000_v,1344x756,545,0.802,5.419,6.852,3.302,16.844,19.153,36.799,200
uav0000201_00000_v,1344x756,546,0.841,5.365,6.83,3.197,16.664,17.865,35.37,181
uav0000201_00000_v,1344x756,547,0.792,5.339,6.886,3.386,16.852,17.372,35.016,209
uav0000201_00000_v,1344x756,548,0.784,5.362,6.857,3.207,16.651,16.525,33.96,184
uav0000201_00000_v,1344x756,549,0.786,5.354,6.854,3.141,16.552,16.314,33.652,178
uav0000201_00000_v,1344x756,550,0.81,5.359,6.822,3.271,16.68,16.646,34.135,204
uav0000201_00000_v,1344x756,551,0.817,5.378,6.845,3.163,16.62,17.374,34.811,197
uav0000201_00000_v,1344x756,552,0.807,5.375,6.852,3.225,16.686,16.537,34.03,183
uav0000201_00000_v,1344x756,553,0.8,5.368,6.849,3.186,16.685,16.473,33.958,171
uav0000201_00000_v,1344x756,554,0.822,5.351,6.823,3.29,16.695,16.85,34.367,198
uav0000201_00000_v,1344x756,555,0.813,5.328,6.851,3.224,16.633,16.985,34.43,186
uav0000201_00000_v,1344x756,556,0.785,5.35,6.864,3.215,16.643,16.266,33.694,183
uav0000201_00000_v,1344x756,557,0.822,5.38,6.848,3.212,16.654,16.661,34.138,160
uav0000201_00000_v,1344x756,558,0.84,5.362,6.849,3.225,16.7,16.209,33.749,158
uav0000201_00000_v,1344x756,559,0.811,5.331,6.846,3.255,16.639,16.164,33.613,182
uav0000201_00000_v,1344x756,560,0.792,5.348,6.867,3.248,16.662,15.703,33.157,179
uav0000201_00000_v,1344x756,561,0.79,5.365,6.849,3.201,16.601,15.316,32.707,190
uav0000201_00000_v,1344x756,562,0.859,5.345,6.814,3.183,16.58,15.094,32.533,177
uav0000201_00000_v,1344x756,563,0.87,5.388,6.841,3.202,16.668,16.151,33.689,192
uav0000201_00000_v,1344x756,564,0.799,5.38,6.86,3.213,16.703,15.895,33.398,162
uav0000201_00000_v,1344x756,565,0.793,5.332,6.846,3.136,16.588,16.232,33.612,190
uav0000201_00000_v,1344x756,566,0.83,5.324,6.818,3.176,16.548,15.866,33.244,158
uav0000201_00000_v,1344x756,567,0.787,5.345,6.845,3.532,16.945,15.762,33.493,163
uav0000201_00000_v,1344x756,568,0.84,5.361,6.861,3.155,16.626,15.488,32.954,173
uav0000201_00000_v,1344x756,569,0.804,5.368,6.829,3.195,16.629,16.085,33.518,159
uav0000201_00000_v,1344x756,570,0.833,5.347,6.826,3.18,16.599,16.342,33.774,169
uav0000201_00000_v,1344x756,571,0.803,5.359,6.845,3.152,16.606,15.871,33.28,162
uav0000201_00000_v,1344x756,572,0.818,5.359,6.85,3.111,16.542,15.359,32.719,160
uav0000201_00000_v,1344x756,573,0.794,5.336,6.849,3.236,16.636,14.619,32.048,162
uav0000201_00000_v,1344x756,574,0.836,5.344,6.824,3.142,16.504,14.029,31.369,147
uav0000201_00000_v,1344x756,575,0.806,5.376,6.855,3.121,16.565,14.811,32.181,151
uav0000201_00000_v,1344x756,576,0.805,5.365,6.858,3.302,16.728,14.6,32.133,172
uav0000201_00000_v,1344x756,577,0.792,5.35,6.846,3.159,16.543,14.905,32.24,157
uav0000201_00000_v,1344x756,578,0.834,5.339,6.815,3.163,16.518,14.776,32.128,155
uav0000201_00000_v,1344x756,579,0.804,5.348,6.834,3.198,16.585,15.893,33.282,162
uav0000201_00000_v,1344x756,580,0.814,5.346,6.858,3.242,16.641,15.682,33.138,153
uav0000201_00000_v,1344x756,581,0.796,5.363,6.843,3.174,16.592,16.623,34.011,172
uav0000201_00000_v,1344x756,582,1.589,5.336,6.829,3.69,17.267,18.291,37.148,173
uav0000201_00000_v,1344x756,583,0.85,5.401,6.846,3.332,16.888,15.873,33.61,174
uav0000201_00000_v,1344x756,584,0.85,5.423,6.844,3.203,16.757,15.615,33.222,166
uav0000201_00000_v,1344x756,585,0.845,5.379,6.846,3.186,16.783,13.85,31.477,135
uav0000201_00000_v,1344x756,586,0.996,5.399,6.858,3.183,16.72,13.922,31.637,123
uav0000201_00000_v,1344x756,587,0.984,5.382,6.86,3.169,16.703,14.239,31.927,128
uav0000201_00000_v,1344x756,588,0.813,5.379,6.835,3.137,16.572,14.549,31.934,141
uav0000201_00000_v,1344x756,589,0.829,5.398,6.844,3.188,16.7,14.07,31.599,123
uav0000201_00000_v,1344x756,590,0.858,5.381,6.826,3.205,16.673,13.295,30.826,128
uav0000201_00000_v,1344x756,591,0.817,5.372,6.84,3.175,16.661,13.473,30.951,137
uav0000201_00000_v,1344x756,592,0.872,5.425,6.849,3.181,16.734,13.281,30.887,116
uav0000201_00000_v,1344x756,593,0.813,5.411,6.883,3.123,16.645,13.516,30.973,126
uav0000201_00000_v,1344x756,594,0.843,5.373,6.816,3.165,16.629,12.688,30.161,140
uav0000201_00000_v,1344x756,595,0.832,5.407,6.859,3.142,16.698,13.944,31.474,141
uav0000201_00000_v,1344x756,596,0.838,5.383,6.846,3.134,16.69,14.378,31.906,170
uav0000201_00000_v,1344x756,597,0.825,5.39,6.826,3.16,16.698,14.584,32.106,174
uav0000201_00000_v,1344x756,598,0.858,5.367,6.817,3.275,16.767,13.925,31.549,199
uav0000201_00000_v,1344x756,599,0.964,5.35,6.855,3.226,16.765,13.207,30.936,224
uav0000201_00000_v,1344x756,600,0.827,5.385,6.834,3.304,16.766,12.776,30.369,186
uav0000201_00000_v,1344x756,601,0.818,5.373,6.843,3.185,16.646,12.728,30.192,179
uav0000201_00000_v,1344x756,602,0.858,5.408,6.83,3.187,16.682,13.129,30.669,163
uav0000201_00000_v,1344x756,603,0.824,5.392,6.829,3.175,16.701,13.251,30.776,181
uav0000201_00000_v,1344x756,604,0.871,5.401,6.842,3.292,16.805,12.268,29.944,192
uav0000201_00000_v,1344x756,605,0.827,5.388,6.855,3.285,16.746,12.816,30.389,202
uav0000201_00000_v,1344x756,606,0.87,5.381,6.816,3.243,16.669,12.242,29.781,194
uav0000201_00000_v,1344x756,607,0.833,5.382,6.833,3.305,16.754,12.591,30.179,216
uav0000201_00000_v,1344x756,608,0.829,5.392,6.839,3.135,16.629,12.291,29.749,155
uav0000201_00000_v,1344x756,609,0.82,5.4,6.832,3.225,16.706,12.641,30.167,162
uav0000201_00000_v,1344x756,610,0.866,5.393,6.819,3.085,16.546,12.154,29.566,143
uav0000201_00000_v,1344x756,611,0.82,5.372,6.85,3.193,16.664,12.121,29.605,146
uav0000201_00000_v,1344x756,612,0.844,5.406,6.85,3.172,16.658,12.119,29.62,151
uav0000201_00000_v,1344x756,613,0.832,5.394,6.857,3.213,16.707,12.041,29.58,152
uav0000201_00000_v,1344x756,614,0.858,5.362,6.815,3.089,16.585,11.108,28.551,129
uav0000201_00000_v,1344x756,615,0.869,5.385,6.854,3.45,16.942,11.681,29.491,145
uav0000201_00000_v,1344x756,616,0.828,5.388,6.833,3.141,16.613,11.219,28.659,128
uav0000201_00000_v,1344x756,617,0.798,5.366,6.861,3.267,16.721,12.25,29.769,146
uav0000201_00000_v,1344x756,618,0.883,5.411,6.819,3.169,16.631,12.45,29.965,156
uav0000201_00000_v,1344x756,619,0.814,5.381,6.828,3.169,16.627,12.313,29.754,150
uav0000201_00000_v,1344x756,620,0.814,5.411,6.838,3.113,16.689,12.216,29.72,143
uav0000201_00000_v,1344x756,621,0.825,5.393,6.846,3.15,16.664,12.804,30.294,142
uav0000201_00000_v,1344x756,622,0.884,5.39,6.825,3.208,16.711,12.256,29.85,144
uav0000201_00000_v,1344x756,623,0.957,5.368,6.859,3.217,16.744,11.765,29.465,136
uav0000201_00000_v,1344x756,624,0.823,5.393,6.839,3.205,16.711,11.539,29.073,155
uav0000201_00000_v,1344x756,625,0.818,5.415,6.834,3.182,16.683,11.759,29.26,142
uav0000201_00000_v,1344x756,626,0.82,5.371,6.811,3.122,16.558,11.173,28.551,141
uav0000201_00000_v,1344x756,627,0.807,5.385,6.839,3.232,16.73,11.728,29.265,148
uav0000201_00000_v,1344x756,628,0.807,5.384,6.842,3.189,16.804,11.225,28.835,162
uav0000201_00000_v,1344x756,629,0.691,5.366,6.868,3.312,16.801,12.761,30.253,205
uav0000201_00000_v,1344x756,630,0.848,5.366,6.814,3.285,16.742,13.249,30.839,256
uav0000201_00000_v,1344x756,631,0.81,5.378,6.849,3.254,16.754,13.712,31.276,253
uav0000201_00000_v,1344x756,632,0.82,5.395,6.858,3.485,17.023,13.132,30.974,213
uav0000201_00000_v,1344x756,633,0.895,5.403,6.85,3.161,16.719,12.483,30.097,222
uav0000201_00000_v,1344x756,634,0.853,5.377,6.809,3.375,16.827,12.393,30.072,200
uav0000201_00000_v,1344x756,635,0.729,5.342,6.857,3.282,16.741,11.484,28.954,204
uav0000201_00000_v,1344x756,636,0.804,5.365,6.841,3.257,16.7,11.948,29.451,205
uav0000201_00000_v,1344x756,637,0.806,5.399,6.833,3.473,16.992,13.628,31.427,259
uav0000201_00000_v,1344x756,638,0.845,5.399,6.824,3.283,16.813,13.505,31.163,247
uav0000201_00000_v,1344x756,639,0.804,5.37,6.832,3.282,16.762,14.208,31.774,258
uav0000201_00000_v,1344x756,640,0.799,5.383,6.846,3.312,16.796,13.399,30.994,234
uav0000201_00000_v,1344x756,641,0.718,5.348,6.87,3.213,16.68,14.149,31.547,209
uav0000201_00000_v,1344x756,642,0.839,5.379,6.826,3.232,16.712,13.364,30.914,197
uav0000201_00000_v,1344x756,643,0.808,5.384,6.833,3.182,16.651,13.455,30.914,232
uav0000201_00000_v,1344x756,644,0.811,5.393,6.847,3.194,16.677,13.3,30.788,177
uav0000201_00000_v,1344x756,645,0.83,5.4,6.847,3.327,16.84,13.894,31.563,204
uav0000201_00000_v,1344x756,646,0.876,5.39,6.828,3.18,16.66,14.126,31.662,190
uav0000201_00000_v,1344x756,647,0.805,5.355,6.869,3.376,16.888,14.567,32.259,189
uav0000201_00000_v,1344x756,648,0.841,5.391,6.851,3.222,16.705,14.056,31.602,198
uav0000201_00000_v,1344x756,649,0.812,5.368,6.846,3.346,16.914,13.692,31.419,208
uav0000201_00000_v,1344x756,650,0.835,5.407,6.839,3.121,16.633,14.946,32.415,223
uav0000201_00000_v,1344x756,651,0.821,5.377,6.841,3.199,16.722,15.6,33.143,249
uav0000201_00000_v,1344x756,652,0.823,5.407,6.851,3.193,16.705,14.719,32.246,200
uav0000201_00000_v,1344x756,653,0.669,5.388,6.851,3.342,16.808,14.501,31.978,211
uav0000201_00000_v,1344x756,654,0.821,5.349,6.816,3.211,16.624,13.334,30.78,221
uav0000201_00000_v,1344x756,655,0.852,5.391,6.829,3.241,16.719,14.127,31.698,203
uav0000201_00000_v,1344x756,656,0.815,5.396,6.839,3.21,16.761,12.957,30.533,196
uav0000201_00000_v,1344x756,657,0.811,5.379,6.832,3.217,16.698,14.137,31.647,217
uav0000201_00000_v,1344x756,658,0.828,5.391,6.846,3.339,16.843,13.936,31.607,235
uav0000201_00000_v,1344x756,659,0.677,5.346,6.864,3.226,16.68,12.498,29.855,195
uav0000201_00000_v,1344x756,660,0.8,5.367,6.827,3.151,16.632,13.099,30.532,207
uav0000201_00000_v,1344x756,661,0.809,5.416,6.845,3.289,16.815,12.604,30.228,211
uav0000201_00000_v,1344x756,662,0.842,5.393,6.838,3.25,16.739,12.937,30.518,215
uav0000201_00000_v,1344x756,663,0.817,5.39,6.83,3.404,16.908,12.458,30.183,219
uav0000201_00000_v,1344x756,664,0.816,5.385,6.847,3.145,16.634,12.661,30.111,197
uav0000201_00000_v,1344x756,665,0.793,5.384,6.863,3.224,16.723,12.145,29.66,184
uav0000201_00000_v,1344x756,666,0.815,5.4,6.827,3.124,16.611,11.757,29.183,178
uav0000201_00000_v,1344x756,667,0.802,5.387,6.835,3.202,16.68,11.43,28.912,164
uav0000201_00000_v,1344x756,668,0.817,5.445,6.858,3.11,16.669,11.977,29.463,173
uav0000201_00000_v,1344x756,669,0.865,5.403,6.838,3.13,16.651,11.714,29.23,169
uav0000201_00000_v,1344x756,670,0.806,5.397,6.93,3.176,16.783,11.28,28.87,183
uav0000201_00000_v,1344x756,671,0.637,5.374,6.827,3.199,16.676,10.697,28.01,168
uav0000201_00000_v,1344x756,672,0.605,5.411,6.807,3.109,16.554,11.041,28.2,163
uav0000201_00000_v,1344x756,673,0.598,5.378,6.807,3.162,16.571,11.239,28.408,187
uav0000201_00000_v,1344x756,674,0.606,5.409,6.812,3.13,16.568,11.675,28.849,186
uav0000201_00000_v,1344x756,675,0.607,5.378,6.81,3.201,16.613,11.738,28.959,168
uav0000201_00000_v,1344x756,676,0.591,5.354,6.805,3.231,16.632,11.163,28.386,174
uav0000201_00000_v,1344x756,677,0.558,5.361,6.801,3.239,16.641,11.409,28.607,171
uav0000249_00001_v,1920x1080,1,70.235,6.18,6.98,3.665,18.414,13.187,101.836,300
uav0000249_00001_v,1920x1080,2,2.803,5.48,6.875,3.419,17.148,17.735,37.685,300
uav0000249_00001_v,1920x1080,3,2.322,5.541,6.849,3.575,17.366,19.063,38.752,300
uav0000249_00001_v,1920x1080,4,1.545,5.578,6.876,3.366,17.226,19.044,37.815,300
uav0000249_00001_v,1920x1080,5,1.491,5.525,6.904,3.486,17.282,19.259,38.033,300
uav0000249_00001_v,1920x1080,6,1.435,5.523,6.896,3.425,17.252,19.135,37.821,300
uav0000249_00001_v,1920x1080,7,1.504,5.484,6.849,3.789,17.515,18.853,37.872,300
uav0000249_00001_v,1920x1080,8,1.82,5.547,6.874,3.363,17.246,19.565,38.63,300
uav0000249_00001_v,1920x1080,9,1.766,5.506,6.889,3.57,17.293,19.393,38.451,300
uav0000249_00001_v,1920x1080,10,1.772,5.496,6.865,3.419,17.116,20.066,38.955,300
uav0000249_00001_v,1920x1080,11,1.885,5.498,6.836,3.332,17.026,19.786,38.698,300
uav0000249_00001_v,1920x1080,12,1.833,5.575,6.865,3.354,17.236,19.913,38.983,300
uav0000249_00001_v,1920x1080,13,1.522,5.525,6.874,3.385,17.107,20.573,39.201,300
uav0000249_00001_v,1920x1080,14,2.089,5.495,6.882,3.406,17.106,21.19,40.386,300
uav0000249_00001_v,1920x1080,15,1.83,5.457,6.817,3.386,16.962,21.136,39.928,300
uav0000249_00001_v,1920x1080,16,1.805,5.459,6.828,3.342,16.937,20.369,39.111,300
uav0000249_00001_v,1920x1080,17,1.817,5.479,6.854,3.276,16.914,20.472,39.204,300
uav0000249_00001_v,1920x1080,18,1.497,5.495,6.846,3.326,17.04,21.173,39.709,300
uav0000249_00001_v,1920x1080,19,1.525,5.503,6.816,3.287,16.961,21.927,40.412,300
uav0000249_00001_v,1920x1080,20,1.852,5.476,6.861,3.395,17.059,21.75,40.661,300
uav0000249_00001_v,1920x1080,21,1.528,5.491,6.843,3.331,16.998,20.856,39.383,300
uav0000249_00001_v,1920x1080,22,1.855,5.463,6.865,3.394,17.054,21.434,40.344,300
uav0000249_00001_v,1920x1080,23,2.247,5.458,6.832,3.611,17.221,21.273,40.741,300
uav0000249_00001_v,1920x1080,24,1.502,5.521,6.872,3.397,17.11,21.305,39.917,300
uav0000249_00001_v,1920x1080,25,1.543,5.505,6.835,3.496,17.148,21.973,40.664,300
uav0000249_00001_v,1920x1080,26,4.677,5.489,6.871,3.372,17.075,21.061,42.813,300
uav0000249_00001_v,1920x1080,27,1.548,5.465,6.819,3.309,16.897,20.682,39.127,300
uav0000249_00001_v,1920x1080,28,1.835,5.471,6.865,3.444,17.108,20.612,39.555,300
uav0000249_00001_v,1920x1080,29,1.5,5.472,6.818,3.295,16.946,21.557,40.003,300
uav0000249_00001_v,1920x1080,30,1.517,5.468,6.825,3.302,16.988,21.216,39.721,300
uav0000249_00001_v,1920x1080,31,1.529,5.502,6.837,3.219,16.932,20.325,38.786,300
uav0000249_00001_v,1920x1080,32,1.801,5.475,6.836,3.344,16.993,20.833,39.627,300
uav0000249_00001_v,1920x1080,33,1.511,5.473,6.845,3.477,17.132,20.829,39.472,300
uav0000249_00001_v,1920x1080,34,1.844,5.46,6.827,3.313,16.937,21.337,40.118,300
uav0000249_00001_v,1920x1080,35,1.526,5.453,6.845,3.331,16.984,21.848,40.358,300
uav0000249_00001_v,1920x1080,36,1.542,5.53,6.827,3.341,17.038,18.258,36.837,300
uav0000249_00001_v,1920x1080,37,2.299,5.478,6.832,3.474,17.134,17.455,36.887,300
uav0000249_00001_v,1920x1080,38,1.833,5.472,6.871,3.415,17.085,18.738,37.656,300
uav0000249_00001_v,1920x1080,39,1.505,5.511,6.86,3.354,17.11,18.739,37.354,300
uav0000249_00001_v,1920x1080,40,1.504,5.516,6.859,3.371,17.139,18.504,37.146,300
uav0000249_00001_v,1920x1080,41,1.549,5.51,6.848,3.267,17.006,19.832,38.387,283
uav0000249_00001_v,1920x1080,42,1.544,5.507,6.842,3.353,17.027,20.06,38.632,300
uav0000249_00001_v,1920x1080,43,1.532,5.506,6.847,3.25,16.94,20.117,38.589,300
uav0000249_00001_v,1920x1080,44,1.496,5.462,6.843,3.342,17.026,19.917,38.439,300
uav0000249_00001_v,1920x1080,45,1.505,5.529,6.831,3.351,17.139,21.023,39.668,300
uav0000249_00001_v,1920x1080,46,1.519,5.521,6.846,3.48,17.218,19.707,38.444,300
uav0000249_00001_v,1920x1080,47,1.57,5.499,6.835,3.324,17.039,19.753,38.362,300
uav0000249_00001_v,1920x1080,48,1.493,5.494,6.81,3.244,16.861,20.232,38.587,300
uav0000249_00001_v,1920x1080,49,1.531,5.582,6.857,3.382,17.211,19.286,38.028,297
uav0000249_00001_v,1920x1080,50,2.313,5.503,6.851,3.647,17.351,19.44,39.104,299
uav0000249_00001_v,1920x1080,51,1.518,5.461,6.813,3.202,16.786,20.33,38.635,300
uav0000249_00001_v,1920x1080,52,1.529,5.492,6.843,3.326,17.019,20.999,39.547,300
uav0000249_00001_v,1920x1080,53,1.519,5.478,6.826,3.358,16.986,21.255,39.76,281
uav0000249_00001_v,1920x1080,54,1.527,5.516,6.853,3.304,17.021,21.599,40.146,300
uav0000249_00001_v,1920x1080,55,1.541,5.475,6.823,3.299,16.91,22.301,40.753,300
uav0000249_00001_v,1920x1080,56,1.499,5.473,6.857,3.351,16.988,21.075,39.562,298
uav0000249_00001_v,1920x1080,57,1.532,5.53,6.842,3.459,17.229,22.947,41.707,300
uav0000249_00001_v,1920x1080,58,1.525,5.596,6.851,3.331,17.165,20.629,39.319,279
uav0000249_00001_v,1920x1080,59,1.495,5.489,6.867,3.491,17.182,21.207,39.884,281
uav0000249_00001_v,1920x1080,60,1.487,5.483,6.845,3.309,16.954,22.019,40.461,300
uav0000249_00001_v,1920x1080,61,1.515,5.62,6.848,3.331,17.181,20.763,39.459,300
uav0000249_00001_v,1920x1080,62,2.302,5.545,6.85,3.679,17.446,20.689,40.436,300
uav0000249_00001_v,1920x1080,63,1.498,5.545,6.873,3.461,17.242,20.533,39.273,300
uav0000249_00001_v,1920x1080,64,1.482,5.847,6.912,3.395,17.496,20.104,39.082,300
uav0000249_00001_v,1920x1080,65,1.527,5.455,6.832,3.407,17.028,19.176,37.731,300
uav0000249_00001_v,1920x1080,66,1.505,5.56,6.859,3.306,17.023,21.888,40.416,300
uav0000249_00001_v,1920x1080,67,1.567,5.507,6.86,3.376,17.127,20.693,39.388,299
uav0000249_00001_v,1920x1080,68,2.095,5.468,6.869,3.522,17.23,21.691,41.017,300
uav0000249_00001_v,1920x1080,69,1.589,5.521,6.847,3.322,17.018,20.663,39.271,298
uav0000249_00001_v,1920x1080,70,1.799,5.456,6.864,3.39,17.072,21.347,40.218,300
uav0000249_00001_v,1920x1080,71,1.534,5.485,6.825,3.298,16.951,20.806,39.292,271
uav0000249_00001_v,1920x1080,72,1.54,5.524,6.874,3.487,17.246,21.644,40.43,300
uav0000249_00001_v,1920x1080,73,1.528,5.456,6.811,3.207,16.864,21.327,39.719,300
uav0000249_00001_v,1920x1080,74,1.784,5.49,6.851,3.352,17.104,20.738,39.626,300
uav0000249_00001_v,1920x1080,75,2.271,5.481,6.838,3.63,17.287,20.339,39.896,300
uav0000249_00001_v,1920x1080,76,1.492,5.509,6.832,3.323,16.997,20.404,38.893,300
uav0000249_00001_v,1920x1080,77,1.51,5.478,6.842,3.371,17.017,21.124,39.651,300
uav0000249_00001_v,1920x1080,78,1.247,5.524,6.812,3.393,17.037,20.433,38.717,300
uav0000249_00001_v,1920x1080,79,1.586,5.495,6.815,3.304,16.93,20.839,39.355,300
uav0000249_00001_v,1920x1080,80,1.526,5.481,6.841,3.281,16.978,21.512,40.016,300
uav0000249_00001_v,1920x1080,81,1.51,5.503,6.82,3.301,16.98,20.779,39.269,300
uav0000249_00001_v,1920x1080,82,1.52,5.494,6.818,3.343,16.982,19.904,38.406,300
uav0000249_00001_v,1920x1080,83,1.505,5.499,6.843,3.361,17.073,19.628,38.206,300
uav0000249_00001_v,1920x1080,84,1.504,5.529,6.848,3.513,17.251,20.135,38.89,300
uav0000249_00001_v,1920x1080,85,1.511,5.502,6.85,3.365,17.068,20.809,39.388,300
uav0000249_00001_v,1920x1080,86,1.524,5.504,6.854,3.416,17.11,21.166,39.8,300
uav0000249_00001_v,1920x1080,87,2.251,5.467,6.834,3.584,17.202,22.521,41.974,300
uav0000249_00001_v,1920x1080,88,1.542,5.502,6.841,3.376,17.074,24.084,42.7,300
uav0000249_00001_v,1920x1080,89,1.532,5.509,6.824,3.365,17.012,25.693,44.238,300
uav0000249_00001_v,1920x1080,90,1.528,5.513,6.816,3.355,17.056,25.489,44.073,300
uav0000249_00001_v,1920x1080,91,1.534,5.547,6.865,3.402,17.244,26.652,45.43,300
uav0000249_00001_v,1920x1080,92,1.535,5.536,6.856,3.358,17.123,25.482,44.139,300
uav0000249_00001_v,1920x1080,93,1.565,5.527,6.842,3.375,17.128,23.718,42.411,300
uav0000249_00001_v,1920x1080,94,1.672,5.561,6.834,3.358,17.156,25.274,44.102,300
uav0000249_00001_v,1920x1080,95,1.499,5.498,6.868,3.448,17.163,26.558,45.22,300
uav0000249_00001_v,1920x1080,96,1.554,5.5,6.832,3.364,17.049,26.635,45.239,300
uav0000249_00001_v,1920x1080,97,1.519,5.47,6.864,3.448,17.138,27.115,45.772,300
uav0000249_00001_v,1920x1080,98,1.486,5.508,6.864,3.417,17.173,26.612,45.271,300
uav0000249_00001_v,1920x1080,99,1.477,5.514,6.837,3.568,17.272,26.259,45.007,300
uav0000249_00001_v,1920x1080,100,2.27,5.503,6.858,3.651,17.408,28.442,48.121,300
uav0000249_00001_v,1920x1080,101,1.473,5.475,6.844,3.44,17.11,26.94,45.524,300
uav0000249_00001_v,1920x1080,102,1.859,5.528,6.851,3.379,17.129,27.878,46.865,300
uav0000249_00001_v,1920x1080,103,1.54,5.476,6.814,3.367,16.993,27.916,46.449,300
uav0000249_00001_v,1920x1080,104,1.804,5.461,6.825,3.358,16.998,27.891,46.693,300
uav0000249_00001_v,1920x1080,105,1.52,5.502,6.836,3.323,17.02,27.382,45.922,300
uav0000249_00001_v,1920x1080,106,1.824,5.451,6.822,3.373,16.987,27.382,46.194,300
uav0000249_00001_v,1920x1080,107,1.542,5.515,6.829,3.405,17.1,27.4,46.043,300
uav0000249_00001_v,1920x1080,108,1.789,5.493,6.833,3.374,17.068,26.471,45.328,300
uav0000249_00001_v,1920x1080,109,1.474,5.481,6.846,3.383,17.122,24.204,42.8,300
uav0000249_00001_v,1920x1080,110,1.811,5.52,6.851,3.313,17.05,24.521,43.381,300
uav0000249_00001_v,1920x1080,111,1.514,5.53,6.887,3.393,17.175,25.842,44.531,300
uav0000249_00001_v,1920x1080,112,1.8,5.469,6.833,3.378,17.019,24.548,43.367,300
uav0000249_00001_v,1920x1080,113,2.267,5.511,6.84,3.635,17.361,25.821,45.449,300
uav0000249_00001_v,1920x1080,114,1.81,5.489,6.837,3.257,16.986,24.217,43.013,300
uav0000249_00001_v,1920x1080,115,1.524,5.48,6.827,3.303,16.95,24.401,42.875,300
uav0000249_00001_v,1920x1080,116,1.809,5.493,6.841,3.306,16.986,24.38,43.175,300
uav0000249_00001_v,1920x1080,117,1.545,5.519,6.85,3.294,17.023,24.659,43.227,300
uav0000249_00001_v,1920x1080,118,1.834,5.486,6.844,3.324,17.001,24.623,43.458,300
uav0000249_00001_v,1920x1080,119,1.515,5.534,6.828,3.34,17.05,25.411,43.976,300
uav0000249_00001_v,1920x1080,120,1.797,5.481,6.855,3.299,17.05,23.351,42.197,300
uav0000249_00001_v,1920x1080,121,1.524,5.468,6.833,3.378,16.982,23.395,41.901,300
uav0000249_00001_v,1920x1080,122,1.813,5.467,6.836,3.335,17.036,23.424,42.273,300
uav0000249_00001_v,1920x1080,123,1.544,5.466,6.874,3.366,17.02,23.64,42.204,300
uav0000249_00001_v,1920x1080,124,1.853,5.493,6.836,3.288,16.977,22.293,41.123,300
uav0000249_00001_v,1920x1080,125,1.835,5.483,6.83,3.388,17.005,21.832,40.672,300
uav0000249_00001_v,1920x1080,126,2.475,5.496,6.846,3.627,17.296,22.02,41.791,300
uav0000249_00001_v,1920x1080,127,1.862,5.521,6.837,3.308,16.985,21.747,40.593,300
uav0000249_00001_v,1920x1080,128,1.552,5.471,6.834,3.363,17.015,21.465,40.032,300
uav0000249_00001_v,1920x1080,129,1.579,5.515,6.853,3.394,17.134,22.048,40.762,300
uav0000249_00001_v,1920x1080,130,1.544,5.494,6.827,3.281,16.935,21.56,40.039,300
uav0000249_00001_v,1920x1080,131,1.525,5.503,6.859,3.297,16.958,22.327,40.811,300
uav0000249_00001_v,1920x1080,132,1.491,5.513,6.835,3.354,17.029,21.613,40.133,300
uav0000249_00001_v,1920x1080,133,1.511,5.458,6.824,3.297,16.888,22.02,40.42,300
uav0000249_00001_v,1920x1080,134,1.496,5.471,6.824,3.314,16.959,21.362,39.816,300
uav0000249_00001_v,1920x1080,135,1.502,5.462,6.826,3.389,16.976,22.133,40.612,300
uav0000249_00001_v,1920x1080,136,1.509,5.485,6.819,3.297,16.932,22.12,40.561,300
uav0000249_00001_v,1920x1080,137,1.537,5.509,6.833,3.355,17.01,21.989,40.536,300
uav0000249_00001_v,1920x1080,138,1.526,5.469,6.829,3.347,16.977,20.899,39.402,300
uav0000249_00001_v,1920x1080,139,2.107,5.648,6.837,3.604,17.407,22.171,41.685,300
uav0000249_00001_v,1920x1080,140,1.508,5.46,6.842,3.398,17.021,21.817,40.347,300
uav0000249_00001_v,1920x1080,141,1.527,5.507,6.82,3.308,16.958,21.649,40.133,300
uav0000249_00001_v,1920x1080,142,1.726,5.443,6.811,3.361,16.94,21.011,39.677,300
uav0000249_00001_v,1920x1080,143,1.534,5.48,6.841,3.386,17.007,20.495,39.036,300
uav0000249_00001_v,1920x1080,144,1.512,5.458,6.83,3.342,16.912,21.034,39.459,300
uav0000249_00001_v,1920x1080,145,1.537,5.478,6.826,3.351,16.949,20.751,39.236,300
uav0000249_00001_v,1920x1080,146,1.509,5.467,6.82,3.379,16.992,21.203,39.704,300
uav0000249_00001_v,1920x1080,147,1.512,5.527,6.861,3.472,17.32,21.252,40.084,300
uav0000249_00001_v,1920x1080,148,1.514,5.467,6.836,3.343,17.003,22.668,41.185,300
uav0000249_00001_v,1920x1080,149,1.533,5.496,6.829,3.394,17.041,20.567,39.141,300
uav0000249_00001_v,1920x1080,150,1.56,5.464,6.823,3.363,16.965,20.499,39.024,300
uav0000249_00001_v,1920x1080,151,2.362,5.485,6.83,3.583,17.224,21.262,40.848,300
uav0000249_00001_v,1920x1080,152,1.537,5.47,6.859,3.498,17.166,20.752,39.456,300
uav0000249_00001_v,1920x1080,153,1.56,5.446,6.815,3.372,17.006,20.108,38.674,300
uav0000249_00001_v,1920x1080,154,1.498,5.467,6.86,3.454,17.093,21.334,39.925,300
uav0000249_00001_v,1920x1080,155,1.519,5.449,6.808,3.374,16.928,21.568,40.015,300
uav0000249_00001_v,1920x1080,156,1.518,5.465,6.838,3.466,17.086,21.587,40.192,300
uav0000249_00001_v,1920x1080,157,1.547,5.468,6.82,3.381,16.962,21.791,40.3,300
uav0000249_00001_v,1920x1080,158,1.525,5.492,6.831,3.431,17.067,22.669,41.26,300
uav0000249_00001_v,1920x1080,159,1.59,5.531,6.817,3.425,17.093,21.997,40.681,300
uav0000249_00001_v,1920x1080,160,1.546,5.474,6.831,3.441,17.082,21.559,40.187,300
uav0000249_00001_v,1920x1080,161,1.555,5.462,6.836,3.391,16.995,20.215,38.765,300
uav0000249_00001_v,1920x1080,162,1.588,5.481,6.838,3.369,17.04,19.535,38.164,300
uav0000249_00001_v,1920x1080,163,1.545,5.525,6.84,3.516,17.308,19.198,38.051,300
uav0000249_00001_v,1920x1080,164,2.203,5.49,6.836,3.635,17.294,18.839,38.336,300
uav0000249_00001_v,1920x1080,165,1.8,5.508,6.845,3.427,17.157,19.346,38.303,300
uav0000249_00001_v,1920x1080,166,1.823,5.502,6.851,3.365,17.069,19.473,38.364,300
uav0000249_00001_v,1920x1080,167,1.816,5.498,6.839,3.238,16.947,18.418,37.181,300
uav0000249_00001_v,1920x1080,168,1.548,5.501,6.826,3.322,16.951,19.202,37.702,300
uav0000249_00001_v,1920x1080,169,1.819,5.485,6.85,3.363,16.998,19.233,38.05,300
uav0000249_00001_v,1920x1080,170,1.55,5.467,6.837,3.531,17.161,17.227,35.937,300
uav0000249_00001_v,1920x1080,171,1.542,5.525,6.873,3.398,17.175,18.118,36.835,300
uav0000249_00001_v,1920x1080,172,1.504,5.522,6.858,3.389,17.107,18.744,37.354,300
uav0000249_00001_v,1920x1080,173,1.468,5.49,6.876,3.554,17.302,19.462,38.232,300
uav0000249_00001_v,1920x1080,174,1.538,5.533,6.862,3.352,17.104,19.445,38.088,300
uav0000249_00001_v,1920x1080,175,1.472,5.508,6.875,3.45,17.212,19.135,37.819,300
uav0000249_00001_v,1920x1080,176,1.518,5.536,6.851,3.409,17.142,18.732,37.392,300
uav0000249_00001_v,1920x1080,177,2.29,5.528,6.876,3.749,17.506,18.369,38.165,300
uav0000249_00001_v,1920x1080,178,1.823,5.509,6.821,3.313,16.964,18.89,37.677,300
uav0000249_00001_v,1920x1080,179,1.817,5.449,6.815,3.344,16.922,18.662,37.4,300
uav0000249_00001_v,1920x1080,180,1.865,5.476,6.83,3.384,17.012,19.407,38.284,300
uav0000249_00001_v,1920x1080,181,1.829,5.484,6.826,3.357,16.999,17.732,36.56,300
uav0000249_00001_v,1920x1080,182,1.8,5.52,6.87,3.293,17.049,18.095,36.944,300
uav0000249_00001_v,1920x1080,183,1.812,5.491,6.857,3.437,17.122,18.01,36.944,300
uav0000249_00001_v,1920x1080,184,1.813,5.49,6.833,3.401,17.061,17.818,36.692,300
uav0000249_00001_v,1920x1080,185,1.785,5.497,6.852,3.372,17.035,16.98,35.801,300
uav0000249_00001_v,1920x1080,186,1.801,5.485,6.851,3.37,17.05,19.54,38.392,300
uav0000249_00001_v,1920x1080,187,1.513,5.461,6.854,3.459,17.137,18.958,37.608,300
uav0000249_00001_v,1920x1080,188,1.805,5.756,6.877,3.434,17.44,20.526,39.771,300
uav0000249_00001_v,1920x1080,189,1.956,5.513,6.864,3.429,17.181,19.906,39.043,300
uav0000249_00001_v,1920x1080,190,2.5,5.472,6.877,3.695,17.399,21.244,41.142,300
uav0000249_00001_v,1920x1080,191,1.83,5.529,6.858,3.389,17.111,20.872,39.813,300
uav0000249_00001_v,1920x1080,192,1.788,5.529,6.871,3.41,17.139,19.92,38.848,300
uav0000249_00001_v,1920x1080,193,1.856,5.464,6.822,3.34,16.95,18.933,37.739,300
uav0000249_00001_v,1920x1080,194,1.798,5.498,6.876,3.376,17.079,18.949,37.826,300
uav0000249_00001_v,1920x1080,195,1.876,5.473,6.816,3.357,16.972,21.02,39.868,300
uav0000249_00001_v,1920x1080,196,1.808,5.472,6.872,3.486,17.164,19.167,38.139,300
uav0000249_00001_v,1920x1080,197,1.826,5.484,6.845,3.352,16.997,20.006,38.83,300
uav0000249_00001_v,1920x1080,198,1.785,5.484,6.86,3.306,16.994,18.879,37.658,300
uav0000249_00001_v,1920x1080,199,1.798,5.458,6.867,3.339,16.976,18.764,37.538,300
uav0000249_00001_v,1920x1080,200,1.838,5.464,6.839,3.319,16.954,18.326,37.118,300
uav0000249_00001_v,1920x1080,201,1.837,5.441,6.845,3.269,16.878,19.32,38.035,300
uav0000249_00001_v,1920x1080,202,1.777,5.501,6.874,3.403,17.184,18.886,37.847,300
uav0000249_00001_v,1920x1080,203,1.841,5.469,6.839,3.516,17.163,18.145,37.149,300
uav0000249_00001_v,1920x1080,204,1.807,5.477,6.861,3.38,17.071,18.701,37.579,276
uav0000249_00001_v,1920x1080,205,1.852,5.497,6.845,3.438,17.136,18.595,37.583,289
uav0000249_00001_v,1920x1080,206,1.77,5.551,6.871,3.348,17.125,17.952,36.847,274
uav0000249_00001_v,1920x1080,207,2.528,5.446,6.805,3.507,17.131,18.14,37.799,291
uav0000249_00001_v,1920x1080,208,1.78,5.487,6.866,3.339,17.035,18.159,36.975,300
uav0000249_00001_v,1920x1080,209,1.828,5.461,6.852,3.353,17.007,17.465,36.3,300
uav0000249_00001_v,1920x1080,210,1.799,5.487,6.861,3.513,17.174,19.021,37.994,300
uav0000249_00001_v,1920x1080,211,1.839,5.506,6.842,3.301,17.003,17.936,36.778,300
uav0000249_00001_v,1920x1080,212,1.835,5.473,6.83,3.348,16.973,18.688,37.495,300
uav0000249_00001_v,1920x1080,213,1.793,5.46,6.852,3.389,17.043,17.561,36.397,300
uav0000249_00001_v,1920x1080,214,1.82,5.488,6.841,3.414,17.086,19.255,38.16,300
uav0000249_00001_v,1920x1080,215,1.823,5.491,6.854,3.291,16.977,17.729,36.529,296
uav0000249_00001_v,1920x1080,216,1.862,5.465,6.877,3.282,16.993,15.909,34.764,267
uav0000249_00001_v,1920x1080,217,1.832,5.465,6.838,3.273,16.881,17.26,35.974,244
uav0000249_00001_v,1920x1080,218,1.828,5.479,6.865,3.325,16.993,16.653,35.473,258
uav0000249_00001_v,1920x1080,219,1.871,5.479,6.823,3.389,17.009,16.347,35.226,267
uav0000249_00001_v,1920x1080,220,1.808,5.517,6.863,3.278,17.006,16.545,35.359,270
uav0000249_00001_v,1920x1080,221,1.813,5.469,6.846,3.233,16.851,15.542,34.205,243
uav0000249_00001_v,1920x1080,222,1.784,5.496,6.868,3.278,16.967,16.246,34.997,263
uav0000249_00001_v,1920x1080,223,2.545,5.458,6.812,3.548,17.11,15.957,35.613,235
uav0000249_00001_v,1920x1080,224,1.796,5.49,6.858,3.255,16.968,15.939,34.703,261
uav0000249_00001_v,1920x1080,225,1.833,5.44,6.826,3.257,16.807,15.351,33.991,261
uav0000249_00001_v,1920x1080,226,1.844,5.471,6.86,3.313,16.981,15.106,33.931,257
uav0000249_00001_v,1920x1080,227,1.83,5.482,6.839,3.403,17.045,14.353,33.228,281
uav0000249_00001_v,1920x1080,228,1.772,5.468,6.88,3.304,17.053,14.859,33.683,286
uav0000249_00001_v,1920x1080,229,1.85,5.437,6.826,3.181,16.742,13.84,32.433,227
uav0000249_00001_v,1920x1080,230,1.79,5.49,6.892,3.285,16.979,14.064,32.833,300
uav0000249_00001_v,1920x1080,231,1.834,5.443,6.825,3.403,16.97,15.73,34.534,300
uav0000249_00001_v,1920x1080,232,1.83,5.452,6.83,3.293,16.861,16.31,35.002,300
uav0000249_00001_v,1920x1080,233,1.53,5.504,6.85,3.403,17.19,15.085,33.805,300
uav0000249_00001_v,1920x1080,234,1.463,5.651,6.857,3.5,17.345,13.82,32.628,300
uav0000249_00001_v,1920x1080,235,1.516,5.481,6.842,3.362,17.014,13.58,32.109,300
uav0000249_00001_v,1920x1080,236,1.472,5.484,6.872,3.391,17.06,13.893,32.425,300
uav0000249_00001_v,1920x1080,237,2.335,5.464,6.837,3.747,17.383,15.847,35.564,300
uav0000249_00001_v,1920x1080,238,1.496,5.49,6.863,3.315,16.97,13.008,31.475,300
uav0000249_00001_v,1920x1080,239,1.47,5.486,6.877,3.464,17.192,13.959,32.62,300
uav0000249_00001_v,1920x1080,240,1.488,5.555,6.871,3.304,17.064,13.49,32.041,300
uav0000249_00001_v,1920x1080,241,1.492,5.49,6.846,3.32,16.991,13.246,31.73,300
uav0000249_00001_v,1920x1080,242,1.503,5.465,6.813,3.398,16.99,12.764,31.257,300
uav0000249_00001_v,1920x1080,243,1.518,5.5,6.869,3.384,17.082,12.122,30.722,300
uav0000249_00001_v,1920x1080,244,1.548,5.503,6.82,3.707,17.461,16.345,35.354,300
uav0000249_00001_v,1920x1080,245,1.509,5.456,6.845,3.399,17.047,12.789,31.345,300
uav0000249_00001_v,1920x1080,246,1.491,5.474,6.823,3.286,16.946,13.275,31.713,300
uav0000249_00001_v,1920x1080,247,1.47,5.515,6.888,3.449,17.194,13.849,32.513,300
uav0000249_00001_v,1920x1080,248,2.247,5.466,6.846,3.546,17.2,13.486,32.934,300
uav0000249_00001_v,1920x1080,249,1.517,5.481,6.84,3.422,17.093,12.493,31.103,291
uav0000249_00001_v,1920x1080,250,1.552,5.499,6.834,3.253,16.883,12.686,31.121,243
uav0000249_00001_v,1920x1080,251,1.479,5.521,6.865,3.299,17.05,13.524,32.053,290
uav0000249_00001_v,1920x1080,252,1.501,5.527,6.829,3.22,16.878,12.447,30.825,262
uav0000249_00001_v,1920x1080,253,1.481,5.607,6.854,3.32,17.107,13.709,32.296,262
uav0000249_00001_v,1920x1080,254,1.478,5.469,6.837,3.262,16.864,13.567,31.909,233
uav0000249_00001_v,1920x1080,255,1.495,5.491,6.847,3.357,17.032,13.698,32.225,202
uav0000249_00001_v,1920x1080,256,1.486,5.493,6.854,3.39,17.055,14.065,32.606,222
uav0000249_00001_v,1920x1080,257,1.499,5.526,6.847,3.256,16.947,14.448,32.894,235
uav0000249_00001_v,1920x1080,258,1.539,5.519,6.846,3.258,16.981,14.19,32.71,239
uav0000249_00001_v,1920x1080,259,1.53,5.497,6.859,3.588,17.277,14.316,33.123,213
uav0000249_00001_v,1920x1080,260,2.243,6.101,7.047,3.338,17.86,15.138,35.241,226
uav0000249_00001_v,1920x1080,261,1.512,5.484,6.832,3.316,16.99,13.343,31.845,251
uav0000249_00001_v,1920x1080,262,1.521,5.474,6.831,3.318,17.059,14.164,32.744,200
uav0000249_00001_v,1920x1080,263,1.528,5.485,6.875,3.326,17.024,14.771,33.322,231
uav0000249_00001_v,1920x1080,264,1.515,5.5,6.834,3.283,16.988,13.662,32.165,246
uav0000249_00001_v,1920x1080,265,1.539,5.538,6.848,3.387,17.19,14.39,33.119,238
uav0000249_00001_v,1920x1080,266,1.529,5.503,6.868,3.275,16.947,13.63,32.106,242
uav0000249_00001_v,1920x1080,267,1.548,5.494,6.815,3.291,16.909,13.479,31.937,215
uav0000249_00001_v,1920x1080,268,1.508,5.489,6.87,3.42,17.132,12.951,31.592,251
uav0000249_00001_v,1920x1080,269,1.537,5.475,6.853,3.276,16.937,13.223,31.697,292
uav0000249_00001_v,1920x1080,270,1.566,5.51,6.84,3.249,16.919,12.116,30.6,262
uav0000249_00001_v,1920x1080,271,1.537,5.523,6.86,3.391,17.197,13.8,32.533,275
uav0000249_00001_v,1920x1080,272,1.506,5.477,6.86,3.296,16.998,14.025,32.529,240
uav0000249_00001_v,1920x1080,273,2.109,5.69,6.849,3.535,17.406,12.841,32.356,215
uav0000249_00001_v,1920x1080,274,1.535,5.52,6.848,3.377,17.062,13.023,31.619,239
uav0000249_00001_v,1920x1080,275,1.598,5.524,6.85,3.328,17.039,14.609,33.245,253
uav0000249_00001_v,1920x1080,276,1.493,5.51,6.864,3.222,16.943,13.724,32.159,227
uav0000249_00001_v,1920x1080,277,1.492,5.515,6.893,3.318,17.064,14.819,33.375,208
uav0000249_00001_v,1920x1080,278,1.533,5.518,6.849,3.142,16.826,16.561,34.92,227
uav0000249_00001_v,1920x1080,279,1.516,5.515,6.879,3.339,17.093,14.873,33.483,215
uav0000249_00001_v,1920x1080,280,1.482,5.51,6.865,3.405,17.176,14.125,32.784,205
uav0000249_00001_v,1920x1080,281,1.566,5.502,6.863,3.215,16.947,15.883,34.397,226
uav0000249_00001_v,1920x1080,282,1.549,5.504,6.837,3.248,16.933,15.783,34.266,216
uav0000249_00001_v,1920x1080,283,1.535,5.518,6.871,3.382,17.151,16.562,35.248,196
uav0000249_00001_v,1920x1080,284,1.572,5.48,6.872,3.279,16.976,16.784,35.332,230
uav0000249_00001_v,1920x1080,285,1.489,5.455,6.865,3.251,16.929,17.067,35.485,224
uav0000249_00001_v,1920x1080,286,2.225,5.494,6.83,3.488,17.151,16.889,36.265,220
uav0000249_00001_v,1920x1080,287,1.513,5.497,6.86,3.27,17.016,16.322,34.85,208
uav0000249_00001_v,1920x1080,288,1.523,5.523,6.879,3.382,17.141,16.47,35.133,228
uav0000249_00001_v,1920x1080,289,1.768,5.488,6.85,3.247,16.91,16.485,35.163,218
uav0000249_00001_v,1920x1080,290,1.595,5.487,6.842,3.203,16.9,15.71,34.204,217
uav0000249_00001_v,1920x1080,291,1.494,5.527,6.893,3.274,17.064,16.387,34.945,204
uav0000249_00001_v,1920x1080,292,1.472,5.509,6.876,3.389,17.12,16.343,34.936,218
uav0000249_00001_v,1920x1080,293,1.534,5.51,6.865,3.211,16.949,16.272,34.755,232
uav0000249_00001_v,1920x1080,294,1.586,5.486,6.856,3.298,16.984,15.097,33.667,210
uav0000249_00001_v,1920x1080,295,1.522,5.533,6.903,3.265,17.051,15.166,33.74,191
uav0000249_00001_v,1920x1080,296,2.279,5.516,6.857,3.29,17.019,15.529,34.827,186
uav0000249_00001_v,1920x1080,297,1.487,5.49,6.868,3.425,17.198,16.657,35.342,213
uav0000249_00001_v,1920x1080,298,1.524,5.487,6.887,3.191,16.9,16.003,34.427,196
uav0000249_00001_v,1920x1080,299,1.827,5.514,6.834,3.153,16.875,15.943,34.645,214
uav0000249_00001_v,1920x1080,300,1.523,5.52,6.859,3.339,17.052,15.311,33.886,216
uav0000249_00001_v,1920x1080,301,1.544,5.51,6.859,3.284,17.002,15.552,34.097,221
uav0000249_00001_v,1920x1080,302,1.559,5.501,6.83,3.272,16.959,15.932,34.451,264
uav0000249_00001_v,1920x1080,303,1.509,5.473,6.844,3.465,17.167,16.651,35.327,251
uav0000249_00001_v,1920x1080,304,1.533,5.55,6.866,3.267,17.015,15.907,34.455,230
uav0000249_00001_v,1920x1080,305,1.617,5.736,6.858,3.226,17.225,15.494,34.336,199
uav0000249_00001_v,1920x1080,306,1.565,5.521,6.872,3.304,17.056,14.137,32.758,232
uav0000249_00001_v,1920x1080,307,1.559,5.498,6.854,3.359,17.068,13.922,32.55,230
uav0000249_00001_v,1920x1080,308,1.551,5.489,6.829,3.24,16.937,14.304,32.792,228
uav0000249_00001_v,1920x1080,309,2.211,5.459,6.858,3.534,17.206,15.097,34.514,205
uav0000249_00001_v,1920x1080,310,1.509,5.473,6.831,3.353,16.998,13.955,32.462,246
uav0000249_00001_v,1920x1080,311,1.522,5.649,6.859,3.259,17.122,14.768,33.413,224
uav0000249_00001_v,1920x1080,312,1.588,5.525,6.858,3.354,17.084,14.54,33.212,240
uav0000249_00001_v,1920x1080,313,1.519,5.507,6.873,3.272,16.985,13.556,32.06,226
uav0000249_00001_v,1920x1080,314,1.565,5.631,6.867,3.313,17.143,14.441,33.149,281
uav0000249_00001_v,1920x1080,315,1.514,5.502,6.85,3.343,17.095,14.241,32.85,262
uav0000249_00001_v,1920x1080,316,1.864,5.492,6.832,3.233,16.881,13.905,32.65,295
uav0000249_00001_v,1920x1080,317,1.565,5.479,6.828,3.254,16.895,12.724,31.184,262
uav0000249_00001_v,1920x1080,318,1.529,5.571,6.839,3.454,17.249,13.434,32.212,288
uav0000249_00001_v,1920x1080,319,1.588,5.503,6.841,3.278,16.965,14.185,32.738,300
uav0000249_00001_v,1920x1080,320,1.518,5.566,6.881,3.509,17.299,13.875,32.692,278
uav0000249_00001_v,1920x1080,321,2.252,5.499,6.849,3.526,17.206,14.154,33.612,269
uav0000249_00001_v,1920x1080,322,1.525,5.515,6.863,3.199,16.905,14.646,33.077,290
uav0000249_00001_v,1920x1080,323,1.596,5.499,6.817,3.245,16.902,14.82,33.318,284
uav0000249_00001_v,1920x1080,324,1.536,5.521,6.87,3.307,17.046,15.523,34.105,294
uav0000249_00001_v,1920x1080,325,1.549,5.563,6.88,3.314,17.162,16.016,34.727,264
uav0000249_00001_v,1920x1080,326,1.525,5.47,6.838,3.406,17.068,16.545,35.139,290
uav0000249_00001_v,1920x1080,327,1.478,5.486,6.875,3.327,17.031,15.411,33.92,236
uav0000249_00001_v,1920x1080,328,1.527,5.491,6.833,3.377,17.066,14.823,33.416,213
uav0000249_00001_v,1920x1080,329,1.532,5.468,6.841,3.309,16.971,15.963,34.466,277
uav0000249_00001_v,1920x1080,330,1.566,5.551,6.856,3.251,17.025,15.068,33.658,240
uav0000249_00001_v,1920x1080,331,1.573,5.532,6.89,3.378,17.168,14.147,32.888,279
uav0000249_00001_v,1920x1080,332,1.569,5.488,6.84,3.276,16.948,14.284,32.801,229
uav0000249_00001_v,1920x1080,333,1.494,5.496,6.878,3.185,16.918,15.468,33.88,276
uav0000249_00001_v,1920x1080,334,1.533,5.528,6.848,3.4,17.196,14.571,33.299,221
uav0000249_00001_v,1920x1080,335,1.482,5.472,6.873,3.519,17.179,15.556,34.217,247
uav0000249_00001_v,1920x1080,336,5.532,5.559,6.87,3.257,17.093,14.987,37.611,254
uav0000249_00001_v,1920x1080,337,1.541,5.481,6.838,3.252,16.91,14.89,33.341,253
uav0000249_00001_v,1920x1080,338,1.516,5.466,6.855,3.346,17.052,15.227,33.795,237
uav0000249_00001_v,1920x1080,339,1.81,5.466,6.872,3.213,16.901,14.658,33.369,252
uav0000249_00001_v,1920x1080,340,1.814,5.498,6.838,3.28,17.013,14.915,33.742,237
uav0000249_00001_v,1920x1080,341,1.543,5.472,6.857,3.324,16.979,14.007,32.528,243
uav0000249_00001_v,1920x1080,342,1.531,5.495,6.857,3.298,16.974,13.4,31.905,267
uav0000249_00001_v,1920x1080,343,1.529,5.473,6.832,3.409,17.01,12.722,31.261,245
uav0000249_00001_v,1920x1080,344,1.576,5.473,6.823,3.192,16.802,12.326,30.704,240
uav0000249_00001_v,1920x1080,345,1.507,5.48,6.833,3.316,16.974,12.606,31.088,244
uav0000249_00001_v,1920x1080,346,1.773,5.481,6.866,3.32,16.953,12.856,31.582,264
uav0000249_00001_v,1920x1080,347,13.747,5.531,6.858,3.31,17.022,13.791,44.56,286
uav0000249_00001_v,1920x1080,348,1.528,5.495,6.838,3.32,16.967,12.449,30.944,266
uav0000249_00001_v,1920x1080,349,1.525,5.513,6.872,3.332,17.027,13.518,32.071,300
uav0000249_00001_v,1920x1080,350,1.511,5.513,6.909,3.302,17.293,13.237,32.041,300
uav0000249_00001_v,1920x1080,351,1.523,5.502,6.892,3.311,17.09,12.546,31.159,300
uav0000249_00001_v,1920x1080,352,1.475,5.486,6.867,3.401,17.071,12.729,31.275,295
uav0000249_00001_v,1920x1080,353,1.548,5.483,6.839,3.212,16.868,12.249,30.664,300
uav0000249_00001_v,1920x1080,354,1.133,5.477,6.833,3.3,16.968,13.264,31.365,300
uav0000249_00001_v,1920x1080,355,1.1,5.487,6.844,3.335,16.998,12.661,30.758,282
uav0000249_00001_v,1920x1080,356,1.085,5.468,6.813,3.304,16.906,12.848,30.838,285
uav0000249_00001_v,1920x1080,357,1.084,5.461,6.797,3.265,16.897,12.865,30.847,300
uav0000249_00001_v,1920x1080,358,1.075,5.465,6.815,3.352,16.978,13.572,31.626,300
uav0000249_00001_v,1920x1080,359,1.071,5.488,6.824,3.4,17.017,13.398,31.487,294
uav0000249_00001_v,1920x1080,360,1.036,5.476,6.81,3.261,16.857,12.431,30.324,275
uav0000249_02688_v,1344x756,1,39.237,5.492,6.886,3.396,17.294,9.506,66.037,272
uav0000249_02688_v,1344x756,2,1.535,5.454,6.838,3.291,16.949,12.593,31.076,284
uav0000249_02688_v,1344x756,3,0.884,5.448,6.852,3.288,16.953,14.536,32.373,277
uav0000249_02688_v,1344x756,4,0.903,5.426,6.856,3.367,16.979,14.679,32.561,283
uav0000249_02688_v,1344x756,5,0.875,5.386,6.829,3.255,16.87,15.606,33.351,293
uav0000249_02688_v,1344x756,6,0.86,5.396,6.863,3.287,16.842,16.242,33.943,300
uav0000249_02688_v,1344x756,7,1.397,5.458,6.854,3.379,17.128,16.644,35.169,300
uav0000249_02688_v,1344x756,8,0.846,5.472,6.862,3.331,17.038,16.44,34.324,300
uav0000249_02688_v,1344x756,9,0.962,5.394,6.857,3.271,16.827,14.857,32.645,300
uav0000249_02688_v,1344x756,10,0.855,5.409,6.83,3.292,16.805,13.92,31.58,300
uav0000249_02688_v,1344x756,11,0.839,5.38,6.834,3.311,16.799,14.711,32.349,300
uav0000249_02688_v,1344x756,12,0.819,5.354,6.832,3.308,16.757,15.467,33.043,300
uav0000249_02688_v,1344x756,13,0.829,5.399,6.841,3.385,16.931,16.676,34.435,300
uav0000249_02688_v,1344x756,14,0.872,5.438,6.825,3.269,16.788,16.407,34.067,300
uav0000249_02688_v,1344x756,15,0.874,5.414,6.829,3.271,16.801,17.829,35.505,300
uav0000249_02688_v,1344x756,16,0.838,5.394,6.843,3.35,16.863,17.502,35.203,300
uav0000249_02688_v,1344x756,17,0.831,5.394,6.815,3.499,16.976,17.68,35.487,300
uav0000249_02688_v,1344x756,18,0.83,5.373,6.828,3.307,16.775,19.02,36.625,300
uav0000249_02688_v,1344x756,19,0.855,5.385,6.861,3.335,16.836,18.927,36.618,300
uav0000249_02688_v,1344x756,20,0.841,5.421,6.836,3.439,16.982,18.475,36.298,300
uav0000249_02688_v,1344x756,21,0.896,5.406,6.818,3.272,16.79,19.47,37.156,300
uav0000249_02688_v,1344x756,22,0.882,5.393,6.857,3.541,17.262,19.197,37.34,300
uav0000249_02688_v,1344x756,23,0.894,5.48,6.871,3.395,17.146,20.288,38.328,300
uav0000249_02688_v,1344x756,24,0.841,5.478,6.845,3.466,17.157,19.968,37.966,300
uav0000249_02688_v,1344x756,25,0.859,5.406,6.867,3.35,16.926,20.481,38.267,300
uav0000249_02688_v,1344x756,26,5.374,5.439,6.87,3.364,17.024,20.23,42.628,300
uav0000249_02688_v,1344x756,27,0.842,5.4,6.834,3.42,16.941,20.352,38.136,300
uav0000249_02688_v,1344x756,28,1.554,5.411,6.84,3.56,17.088,21.397,40.038,300
uav0000249_02688_v,1344x756,29,0.848,5.433,6.826,3.341,16.889,21.981,39.718,300
uav0000249_02688_v,1344x756,30,0.839,5.399,6.835,3.324,16.861,22.636,40.336,300
uav0000249_02688_v,1344x756,31,0.862,5.36,6.829,3.354,16.825,23.426,41.112,300
uav0000249_02688_v,1344x756,32,0.83,5.395,6.862,3.39,16.966,24.031,41.826,300
uav0000249_02688_v,1344x756,33,0.867,5.407,6.856,3.319,16.889,22.257,40.013,300
uav0000249_02688_v,1344x756,34,0.899,5.413,6.819,3.387,16.934,22.986,40.818,300
uav0000249_02688_v,1344x756,35,0.872,5.405,6.828,3.288,16.835,22.112,39.819,300
uav0000249_02688_v,1344x756,36,0.896,5.406,6.819,3.313,16.822,21.599,39.317,300
uav0000249_02688_v,1344x756,37,0.878,5.408,6.842,3.351,16.904,21.872,39.654,300
uav0000249_02688_v,1344x756,38,0.86,5.379,6.841,3.478,16.972,21.296,39.128,300
uav0000249_02688_v,1344x756,39,0.864,5.386,6.845,3.274,16.803,21.612,39.28,300
uav0000249_02688_v,1344x756,40,0.857,5.379,6.838,3.345,16.861,21.519,39.237,300
uav0000249_02688_v,1344x756,41,0.881,5.415,6.838,3.427,16.961,20.991,38.833,300
uav0000249_02688_v,1344x756,42,0.86,5.431,6.847,3.295,16.854,22.534,40.248,300
uav0000249_02688_v,1344x756,43,0.86,5.422,6.864,3.346,16.911,22.924,40.695,300
uav0000249_02688_v,1344x756,44,0.843,5.375,6.843,3.381,16.862,22.822,40.526,300
uav0000249_02688_v,1344x756,45,0.842,5.402,6.837,3.365,16.915,23.139,40.895,300
uav0000249_02688_v,1344x756,46,0.852,5.425,6.842,3.318,16.912,21.482,39.247,300
uav0000249_02688_v,1344x756,47,0.855,5.382,6.822,3.274,16.752,22.253,39.86,300
uav0000249_02688_v,1344x756,48,0.844,5.398,6.836,3.3,16.798,22.292,39.934,300
uav0000249_02688_v,1344x756,49,0.84,5.392,6.842,3.366,16.888,22.977,40.705,300
uav0000249_02688_v,1344x756,50,1.442,5.343,6.861,3.588,17.161,23.432,42.036,300
uav0000249_02688_v,1344x756,51,0.863,5.398,6.824,3.421,16.896,22.324,40.083,300
uav0000249_02688_v,1344x756,52,0.834,5.394,6.841,3.282,16.79,22.055,39.679,300
uav0000249_02688_v,1344x756,53,0.851,5.398,6.819,3.312,16.799,22.15,39.8,300
uav0000249_02688_v,1344x756,54,0.838,5.435,6.823,3.475,17.004,21.64,39.483,300
uav0000249_02688_v,1344x756,55,0.85,5.357,6.856,3.369,16.873,21.344,39.067,300
uav0000249_02688_v,1344x756,56,0.835,5.388,6.851,3.277,16.832,21.94,39.607,300
uav0000249_02688_v,1344x756,57,0.862,5.436,6.834,3.242,16.828,22.238,39.928,300
uav0000249_02688_v,1344x756,58,0.842,5.42,6.87,3.246,16.85,21.301,38.994,300
uav0000249_02688_v,1344x756,59,0.82,5.384,6.832,3.248,16.741,21.453,39.014,300
uav0000249_02688_v,1344x756,60,0.845,5.399,6.819,3.241,16.723,21.264,38.831,300
uav0000249_02688_v,1344x756,61,0.855,5.37,6.849,3.373,16.89,21.617,39.361,300
uav0000249_02688_v,1344x756,62,0.831,5.345,6.83,3.263,16.767,22.017,39.615,300
uav0000249_02688_v,1344x756,63,0.835,5.426,6.857,3.322,16.869,23.493,41.198,300
uav0000249_02688_v,1344x756,64,0.871,5.473,6.837,3.423,17.091,24.005,41.967,300
uav0000249_02688_v,1344x756,65,0.85,5.416,6.83,3.373,16.907,23.798,41.556,300
uav0000249_02688_v,1344x756,66,0.881,5.429,6.85,3.343,16.93,24.105,41.916,300
uav0000249_02688_v,1344x756,67,0.85,5.443,6.856,3.407,17.015,21.768,39.633,300
uav0000249_02688_v,1344x756,68,3.774,5.418,6.869,3.369,16.966,20.514,41.254,300
uav0000249_02688_v,1344x756,69,0.865,5.422,6.822,3.28,16.777,21.17,38.811,300
uav0000249_02688_v,1344x756,70,0.861,5.456,6.887,3.327,17.004,21.325,39.191,300
uav0000249_02688_v,1344x756,71,0.827,5.406,6.833,3.302,16.831,21.559,39.217,300
uav0000249_02688_v,1344x756,72,1.484,5.414,6.839,3.532,17.223,22.631,41.338,300
uav0000249_02688_v,1344x756,73,0.852,5.397,6.823,3.398,16.901,24.723,42.476,300
uav0000249_02688_v,1344x756,74,5.077,5.424,6.864,3.372,16.985,26.167,48.229,300
uav0000249_02688_v,1344x756,75,0.829,5.39,6.861,3.409,16.946,25.637,43.412,300
uav0000249_02688_v,1344x756,76,0.87,5.377,6.884,3.359,16.881,26.381,44.133,300
uav0000249_02688_v,1344x756,77,0.895,5.442,6.83,3.372,16.944,27.706,45.544,300
uav0000249_02688_v,1344x756,78,0.857,5.421,6.829,3.331,16.894,28.034,45.785,300
uav0000249_02688_v,1344x756,79,0.834,5.383,6.863,3.408,17.03,28.293,46.157,300
uav0000249_02688_v,1344x756,80,0.836,5.41,6.845,3.325,16.864,30.072,47.772,300
uav0000249_02688_v,1344x756,81,0.867,5.403,6.831,3.403,16.933,30.351,48.151,300
uav0000249_02688_v,1344x756,82,0.847,5.428,6.879,3.41,17.031,30.272,48.15,300
uav0000249_02688_v,1344x756,83,0.845,5.423,6.843,3.368,16.965,29.896,47.706,300
uav0000249_02688_v,1344x756,84,0.84,5.469,6.843,3.393,16.995,30.973,48.808,300
uav0000249_02688_v,1344x756,85,0.716,5.427,6.844,3.4,16.972,33.091,50.779,300
uav0000249_02688_v,1344x756,86,0.837,5.436,6.848,3.365,16.966,30.724,48.527,300
uav0000249_02688_v,1344x756,87,0.832,5.403,6.872,3.39,16.966,31.922,49.719,300
uav0000249_02688_v,1344x756,88,0.88,5.419,6.834,3.395,17.026,32.299,50.205,300
uav0000249_02688_v,1344x756,89,0.857,5.455,6.851,3.381,17.022,32.381,50.26,300
uav0000249_02688_v,1344x756,90,0.885,5.423,6.834,3.437,17.015,32.072,49.972,300
uav0000249_02688_v,1344x756,91,0.731,5.549,6.843,3.399,17.091,33.164,50.986,300
uav0000249_02688_v,1344x756,92,0.872,5.422,6.841,3.439,17.009,33.424,51.305,300
uav0000249_02688_v,1344x756,93,0.868,5.429,6.857,3.352,16.949,33.51,51.327,300
uav0000249_02688_v,1344x756,94,0.88,5.432,6.842,3.391,16.99,29.45,47.32,300
uav0000249_02688_v,1344x756,95,1.601,5.463,6.833,3.597,17.222,28.834,47.657,300
uav0000249_02688_v,1344x756,96,0.851,5.44,6.852,3.403,17.034,29.727,47.612,300
uav0000249_02688_v,1344x756,97,0.694,5.409,6.864,3.512,17.114,27.687,45.495,300
uav0000249_02688_v,1344x756,98,0.818,5.426,6.832,3.502,17.042,27.749,45.609,300
uav0000249_02688_v,1344x756,99,0.848,5.414,6.833,3.454,17.006,30.033,47.887,300
uav0000249_02688_v,1344x756,100,0.856,5.427,6.853,3.381,16.965,29.318,47.139,300
uav0000249_02688_v,1344x756,101,0.839,5.44,6.846,3.394,17.025,29.558,47.422,300
uav0000249_02688_v,1344x756,102,0.853,5.461,6.846,3.337,16.993,28.252,46.098,300
uav0000249_02688_v,1344x756,103,0.717,5.39,6.83,3.359,16.886,29.961,47.565,300
uav0000249_02688_v,1344x756,104,0.825,5.414,6.84,3.341,16.892,30.457,48.174,300
uav0000249_02688_v,1344x756,105,0.818,5.429,6.849,3.345,16.904,29.848,47.57,300
uav0000249_02688_v,1344x756,106,0.821,5.407,6.833,3.418,16.96,30.924,48.706,300
uav0000249_02688_v,1344x756,107,0.851,5.407,6.832,3.331,16.855,32.452,50.158,300
uav0000249_02688_v,1344x756,108,0.843,5.445,6.838,3.346,16.936,31.486,49.265,300
uav0000249_02688_v,1344x756,109,0.698,5.405,6.861,3.437,16.996,31.433,49.127,300
uav0000249_02688_v,1344x756,110,0.845,5.423,6.838,3.373,16.997,29.86,47.702,300
uav0000249_02688_v,1344x756,111,0.856,5.481,6.839,3.318,16.955,27.347,45.159,300
uav0000249_02688_v,1344x756,112,0.846,5.42,6.842,3.343,16.896,28.386,46.127,300
uav0000249_02688_v,1344x756,113,0.882,5.42,6.843,3.417,17.004,28.736,46.621,300
uav0000249_02688_v,1344x756,114,0.849,5.432,6.843,3.391,16.99,29.933,47.773,300
uav0000249_02688_v,1344x756,115,0.729,5.431,6.834,3.365,16.932,30.327,47.988,300
uav0000249_02688_v,1344x756,116,0.844,5.423,6.849,3.317,16.893,29.403,47.14,300
uav0000249_02688_v,1344x756,117,0.843,5.454,6.848,3.365,16.984,30.213,48.039,300
uav0000249_02688_v,1344x756,118,0.867,5.452,6.825,3.293,16.907,30.45,48.224,300
uav0000249_02688_v,1344x756,119,0.864,5.427,6.854,3.312,16.921,31.179,48.963,300
uav0000249_02688_v,1344x756,120,0.894,5.452,6.856,3.344,16.968,28.729,46.59,300
uav0000249_02688_v,1344x756,121,0.71,5.372,6.855,3.407,16.94,25.887,43.537,300
uav0000249_02688_v,1344x756,122,0.862,5.422,6.826,3.288,16.827,26.493,44.181,300
uav0000249_02688_v,1344x756,123,0.848,5.418,6.836,3.292,17.074,27.194,45.116,300
uav0000249_02688_v,1344x756,124,0.854,5.435,6.82,3.334,16.914,26.465,44.232,300
uav0000249_02688_v,1344x756,125,0.839,5.413,6.84,3.273,16.847,26.09,43.776,300
uav0000249_02688_v,1344x756,126,0.854,5.399,6.823,3.347,16.881,26.495,44.23,300
uav0000249_02688_v,1344x756,127,0.701,5.389,6.862,3.431,16.992,25.349,43.042,300
uav0000249_02688_v,1344x756,128,0.876,5.372,6.81,3.274,16.712,26.987,44.575,300
uav0000249_02688_v,1344x756,129,0.816,5.427,6.844,3.349,16.935,26.864,44.615,300
uav0000249_02688_v,1344x756,130,0.827,5.413,6.847,3.356,16.923,26.331,44.081,300
uav0000249_02688_v,1344x756,131,0.858,5.382,6.814,3.331,16.845,26.314,44.017,300
uav0000249_02688_v,1344x756,132,0.837,5.43,6.845,3.316,16.897,26.707,44.441,300
uav0000249_02688_v,1344x756,133,0.707,5.392,6.824,3.33,16.837,26.246,43.79,300
uav0000249_02688_v,1344x756,134,0.837,5.402,6.886,3.808,17.566,28.21,46.614,300
uav0000249_02688_v,1344x756,135,0.868,5.359,6.814,3.441,16.917,27.109,44.893,300
uav0000249_02688_v,1344x756,136,0.847,5.445,6.837,3.381,17.002,27.25,45.1,300
uav0000249_02688_v,1344x756,137,0.869,5.446,6.82,3.325,16.926,26.113,43.908,300
uav0000249_02688_v,1344x756,138,0.84,5.479,6.837,3.288,16.952,25.288,43.08,300
uav0000249_02688_v,1344x756,139,0.875,5.432,6.828,3.337,16.868,24.991,42.734,300
uav0000249_02688_v,1344x756,140,29.032,5.405,6.828,3.303,16.822,25.351,71.204,300
uav0000249_02688_v,1344x756,141,0.848,5.424,6.847,3.317,16.857,25.27,42.974,300
uav0000249_02688_v,1344x756,142,0.852,5.447,6.824,3.319,16.911,25.426,43.189,300
uav0000249_02688_v,1344x756,143,0.847,5.392,6.837,3.335,16.896,24.021,41.764,300
uav0000249_02688_v,1344x756,144,0.87,5.41,6.821,3.417,16.978,24.265,42.113,300
uav0000249_02688_v,1344x756,145,0.709,5.38,6.848,3.367,16.899,24.481,42.089,300
uav0000249_02688_v,1344x756,146,0.862,5.405,6.841,3.31,16.882,23.37,41.114,300
uav0000249_02688_v,1344x756,147,0.847,5.443,6.827,3.312,16.878,24.238,41.963,300
uav0000249_02688_v,1344x756,148,0.852,5.402,6.853,3.335,16.935,23.775,41.562,300
uav0000249_02688_v,1344x756,149,0.849,5.411,6.811,3.291,16.82,24.083,41.752,300
uav0000249_02688_v,1344x756,150,0.836,5.468,6.834,3.257,16.86,24.193,41.89,300
uav0000249_02688_v,1344x756,151,1.383,5.423,6.831,3.526,17.188,24.404,42.976,300
uav0000249_02688_v,1344x756,152,0.844,5.433,6.838,3.28,16.837,23.589,41.27,300
uav0000249_02688_v,1344x756,153,0.851,5.406,6.817,3.307,16.809,24.21,41.871,300
uav0000249_02688_v,1344x756,154,0.839,5.439,6.824,3.242,16.831,23.639,41.31,300
uav0000249_02688_v,1344x756,155,0.846,5.397,6.833,3.318,16.854,24.283,41.983,300
uav0000249_02688_v,1344x756,156,0.832,5.423,6.839,3.276,16.807,23.709,41.348,300
uav0000249_02688_v,1344x756,157,0.748,5.395,6.828,3.347,16.859,25.088,42.695,300
uav0000249_02688_v,1344x756,158,0.838,5.419,6.825,3.291,16.822,25.042,42.701,300
uav0000249_02688_v,1344x756,159,0.838,5.442,6.823,3.341,16.892,24.809,42.54,300
uav0000249_02688_v,1344x756,160,0.867,5.408,6.835,3.301,16.82,25.034,42.721,300
uav0000249_02688_v,1344x756,161,0.844,5.469,6.82,3.301,16.887,24.231,41.962,300
uav0000249_02688_v,1344x756,162,1.383,5.382,6.827,3.489,17.105,24.598,43.086,300
uav0000249_02688_v,1344x756,163,0.752,5.383,6.829,3.326,16.822,24.086,41.66,300
uav0000249_02688_v,1344x756,164,0.849,5.384,6.841,3.299,16.817,23.178,40.845,298
uav0000249_02688_v,1344x756,165,0.81,5.424,6.826,3.326,16.846,22.245,39.901,300
uav0000249_02688_v,1344x756,166,0.839,5.393,6.818,3.33,16.839,21.539,39.218,300
uav0000249_02688_v,1344x756,167,0.832,5.404,6.847,3.305,16.835,20.061,37.729,291
uav0000249_02688_v,1344x756,168,0.816,5.416,6.829,3.27,16.86,20.122,37.797,300
uav0000249_02688_v,1344x756,169,0.684,5.401,6.855,3.345,16.879,20.938,38.501,274
uav0000249_02688_v,1344x756,170,0.877,5.419,6.817,3.37,16.879,20.558,38.314,300
uav0000249_02688_v,1344x756,171,0.819,5.425,6.836,3.258,16.81,22.197,39.827,300
uav0000249_02688_v,1344x756,172,0.852,5.411,6.817,3.343,16.86,23.278,40.99,291
uav0000249_02688_v,1344x756,173,0.848,5.441,6.845,3.268,16.861,24.907,42.616,300
uav0000249_02688_v,1344x756,174,0.819,5.453,6.856,3.268,16.89,25.068,42.778,278
uav0000249_02688_v,1344x756,175,0.716,5.402,6.832,3.301,16.835,24.097,41.648,300
uav0000249_02688_v,1344x756,176,0.814,5.396,6.83,3.295,16.815,23.254,40.883,293
uav0000249_02688_v,1344x756,177,0.843,5.408,6.812,3.273,16.803,25.246,42.892,298
uav0000249_02688_v,1344x756,178,0.83,5.411,6.84,3.318,16.869,21.605,39.304,300
uav0000249_02688_v,1344x756,179,0.837,5.401,6.822,3.243,16.761,21.422,39.02,300
uav0000249_02688_v,1344x756,180,0.823,5.377,6.832,3.303,16.81,22.482,40.114,300
uav0000249_02688_v,1344x756,181,0.715,5.369,6.833,3.347,16.806,23.091,40.612,300
uav0000249_02688_v,1344x756,182,0.827,5.414,6.843,3.289,16.823,23.575,41.226,300
uav0000249_02688_v,1344x756,183,0.829,5.43,6.876,3.34,16.961,24.69,42.48,300
uav0000249_02688_v,1344x756,184,1.53,5.63,6.829,3.525,17.285,25.591,44.406,298
uav0000249_02688_v,1344x756,185,0.853,5.4,6.848,3.269,16.812,25.072,42.738,300
uav0000249_02688_v,1344x756,186,0.866,5.406,6.831,3.275,16.839,25.639,43.344,300
uav0000249_02688_v,1344x756,187,0.703,5.382,6.842,3.331,16.924,25.894,43.521,300
uav0000249_02688_v,1344x756,188,0.829,5.367,6.831,3.326,16.869,25.892,43.59,300
uav0000249_02688_v,1344x756,189,0.819,5.42,6.853,3.286,16.908,26.059,43.787,300
uav0000249_02688_v,1344x756,190,0.841,5.419,6.83,3.394,16.936,26.836,44.612,300
uav0000249_02688_v,1344x756,191,0.825,5.388,6.837,3.279,16.859,26.565,44.249,300
uav0000249_02688_v,1344x756,192,0.844,5.39,6.834,3.321,16.888,25.718,43.45,300
uav0000249_02688_v,1344x756,193,0.7,5.46,6.86,3.392,17.054,25.406,43.16,300
uav0000249_02688_v,1344x756,194,0.807,5.433,6.842,3.27,16.865,24.67,42.341,300
uav0000249_02688_v,1344x756,195,0.843,5.409,6.822,3.292,16.829,23.948,41.62,300
uav0000249_02688_v,1344x756,196,0.844,5.43,6.827,3.334,16.864,24.18,41.888,300
uav0000249_02688_v,1344x756,197,0.841,5.416,6.833,3.312,16.856,23.362,41.059,300
uav0000249_02688_v,1344x756,198,0.825,5.433,6.836,3.282,16.868,23.818,41.511,300
uav0000249_02688_v,1344x756,199,0.717,5.428,6.819,3.254,16.776,24.033,41.525,300
uav0000249_02688_v,1344x756,200,0.828,5.37,6.845,3.299,16.786,23.645,41.259,300
uav0000249_02688_v,1344x756,201,0.854,5.357,6.828,3.335,16.79,23.084,40.728,300
uav0000249_02688_v,1344x756,202,0.846,5.387,6.84,3.319,16.807,22.668,40.321,300
uav0000249_02688_v,1344x756,203,0.816,5.376,6.846,3.324,16.825,21.906,39.547,300
uav0000249_02688_v,1344x756,204,0.846,5.357,6.809,3.367,16.787,22.132,39.764,300
uav0000249_02688_v,1344x756,205,0.856,5.421,6.851,3.293,16.847,22.435,40.138,300
uav0000249_02688_v,1344x756,206,0.85,5.394,6.847,3.396,16.935,22.229,40.014,300
uav0000249_02688_v,1344x756,207,0.869,5.426,6.819,3.33,16.831,22.725,40.424,300
uav0000249_02688_v,1344x756,208,0.827,5.404,6.856,3.347,16.913,22.76,40.5,300
uav0000249_02688_v,1344x756,209,0.804,5.377,6.84,3.324,16.855,22.608,40.266,300
uav0000249_02688_v,1344x756,210,0.83,5.358,6.837,3.333,16.791,22.205,39.826,300
uav0000249_02688_v,1344x756,211,0.872,5.374,6.819,3.297,16.772,21.902,39.546,300
uav0000249_02688_v,1344x756,212,0.809,5.352,6.838,3.305,16.831,21.755,39.395,300
uav0000249_02688_v,1344x756,213,0.854,5.397,6.819,3.337,16.835,21.9,39.589,300
uav0000249_02688_v,1344x756,214,0.808,5.363,6.836,3.372,16.853,22.431,40.092,300
uav0000249_02688_v,1344x756,215,0.85,5.359,6.833,3.284,16.728,22.751,40.328,300
uav0000249_02688_v,1344x756,216,0.805,5.386,6.858,3.388,16.923,22.415,40.143,300
uav0000249_02688_v,1344x756,217,0.834,5.414,6.826,3.301,16.826,22.373,40.033,300
uav0000249_02688_v,1344x756,218,0.836,5.396,6.809,3.294,16.81,22.939,40.585,300
uav0000249_02688_v,1344x756,219,0.846,5.37,6.874,3.377,16.893,21.272,39.011,300
uav0000249_02688_v,1344x756,220,0.824,5.379,6.823,3.478,16.965,21.605,39.394,300
uav0000249_02688_v,1344x756,221,0.846,5.457,6.858,3.389,17.101,22.15,40.098,300
uav0000249_02688_v,1344x756,222,0.859,5.421,6.812,3.28,16.808,22.139,39.805,300
uav0000249_02688_v,1344x756,223,0.839,5.374,6.869,3.416,16.967,21.219,39.024,300
uav0000249_02688_v,1344x756,224,0.837,5.387,6.828,3.289,16.783,19.466,37.087,300
uav0000249_02688_v,1344x756,225,0.833,5.413,6.824,3.339,16.874,20.336,38.042,300
uav0000249_02688_v,1344x756,226,16.863,5.405,6.828,3.268,16.793,21.37,55.025,300
uav0000249_02688_v,1344x756,227,0.825,5.459,6.827,3.341,16.945,21.763,39.533,300
uav0000249_02688_v,1344x756,228,0.825,5.439,6.837,3.275,16.885,20.916,38.626,300
uav0000249_02688_v,1344x756,229,0.701,5.373,6.857,3.283,16.782,21.612,39.095,300
uav0000249_02688_v,1344x756,230,0.823,5.381,6.835,3.362,16.878,21.082,38.783,300
uav0000249_02688_v,1344x756,231,0.895,5.428,6.96,3.413,17.125,20.68,38.699,300
uav0000249_02688_v,1344x756,232,0.85,5.416,6.822,3.264,16.841,21.862,39.552,300
uav0000249_02688_v,1344x756,233,0.827,5.419,6.837,3.268,16.843,20.948,38.618,300
uav0000249_02688_v,1344x756,234,0.839,5.41,6.824,3.272,16.795,21.959,39.594,300
uav0000249_02688_v,1344x756,235,0.841,5.404,6.86,3.426,17.02,21.366,39.228,300
uav0000249_02688_v,1344x756,236,0.817,5.401,6.836,3.309,16.874,22.039,39.731,300
uav0000249_02688_v,1344x756,237,0.837,5.442,6.838,3.262,16.904,22.068,39.809,300
uav0000249_02688_v,1344x756,238,0.78,5.409,6.805,3.262,16.834,21.274,38.888,300
uav0000249_02688_v,1344x756,239,0.751,5.374,6.81,3.367,16.841,20.502,38.093,300
uav0000249_02688_v,1344x756,240,0.664,5.39,6.811,3.275,16.745,20.606,38.015,300
uav0000249_02688_v,1344x756,241,0.616,5.398,6.816,3.361,16.848,19.971,37.435,300
uav0000249_02688_v,1344x756,242,0.599,5.378,6.807,3.251,16.77,20.418,37.787,300
uav0000249_02688_v,1344x756,243,0.598,5.38,6.814,3.359,16.809,20.656,38.062,300
uav0000249_02688_v,1344x756,244,0.568,5.412,6.803,3.638,17.163,20.16,37.891,300
uav0000297_00000_v,1904x1072,1,65.975,5.669,6.969,4.389,19.564,37.219,122.758,300
uav0000297_00000_v,1904x1072,2,1.605,5.575,6.897,4.239,18.112,49.762,69.479,300
uav0000297_00000_v,1904x1072,3,1.641,5.499,6.841,4.221,17.942,51.368,70.951,300
uav0000297_00000_v,1904x1072,4,2.233,5.527,6.856,4.257,18.063,52.16,72.455,300
uav0000297_00000_v,1904x1072,5,3.077,5.571,6.888,4.304,18.277,54.054,75.407,300
uav0000297_00000_v,1904x1072,6,2.151,5.516,6.884,4.291,18.125,51.605,71.881,300
uav0000297_00000_v,1904x1072,7,2.207,5.521,6.83,4.066,17.779,49.416,69.402,300
uav0000297_00000_v,1904x1072,8,2.078,5.517,6.91,4.267,18.095,52.438,72.612,300
uav0000297_00000_v,1904x1072,9,1.556,5.551,6.876,4.296,18.217,54.988,74.76,300
uav0000297_00000_v,1904x1072,10,1.823,5.52,6.877,4.28,18.048,56.007,75.878,300
uav0000297_00000_v,1904x1072,11,1.828,5.516,6.856,4.166,17.907,56.906,76.641,300
uav0000297_00000_v,1904x1072,12,1.537,5.537,6.871,4.279,18.061,57.884,77.482,300
uav0000297_00000_v,1904x1072,13,1.515,5.519,6.868,4.231,18.029,58.442,77.987,300
uav0000297_00000_v,1904x1072,14,1.524,5.572,6.878,4.181,18.024,58.972,78.52,300
uav0000297_00000_v,1904x1072,15,1.523,5.566,6.837,4.171,17.959,59.276,78.758,300
uav0000297_00000_v,1904x1072,16,1.541,5.532,6.864,4.178,18.013,59.561,79.115,300
uav0000297_00000_v,1904x1072,17,1.509,5.524,6.888,4.302,18.085,59.882,79.476,300
uav0000297_00000_v,1904x1072,18,1.506,5.537,6.897,4.217,18.03,60.855,80.391,300
uav0000297_00000_v,1904x1072,19,2.585,5.574,6.869,4.372,18.28,63.017,83.882,300
uav0000297_00000_v,1904x1072,20,1.546,5.59,6.884,4.231,18.113,62.774,82.433,300
uav0000297_00000_v,1904x1072,21,1.517,5.567,6.844,4.237,18.082,62.478,82.077,300
uav0000297_00000_v,1904x1072,22,1.45,5.583,6.886,4.287,18.186,62.62,82.255,300
uav0000297_00000_v,1904x1072,23,1.572,5.495,6.847,4.217,17.942,62.753,82.267,300
uav0000297_00000_v,1904x1072,24,1.475,5.544,6.894,4.313,18.202,62.855,82.533,300
uav0000297_00000_v,1904x1072,25,1.518,5.522,6.864,4.243,18.043,64.079,83.64,300
uav0000297_00000_v,1904x1072,26,1.517,5.564,6.878,4.233,18.075,63.308,82.9,300
uav0000297_00000_v,1904x1072,27,1.566,5.605,6.853,4.159,18.04,63.826,83.432,300
uav0000297_00000_v,1904x1072,28,1.506,5.56,6.871,4.281,18.111,63.71,83.327,300
uav0000297_00000_v,1904x1072,29,1.457,5.55,6.879,4.275,18.1,63.713,83.27,300
uav0000297_00000_v,1904x1072,30,1.485,5.523,6.887,4.311,18.116,64.905,84.505,300
uav0000297_00000_v,1904x1072,31,1.499,5.505,6.863,4.248,18.018,65.27,84.787,300
uav0000297_00000_v,1904x1072,32,1.48,5.546,6.841,4.166,17.986,63.962,83.429,300
uav0000297_00000_v,1904x1072,33,1.501,5.596,6.886,4.216,18.088,63.106,82.696,300
uav0000297_00000_v,1904x1072,34,1.477,5.59,6.926,4.205,18.107,61.483,81.067,300
uav0000297_00000_v,1904x1072,35,1.518,5.553,6.83,4.212,17.973,62.601,82.092,300
uav0000297_00000_v,1904x1072,36,2.208,5.505,6.88,4.394,18.141,62.515,82.865,300
uav0000297_00000_v,1904x1072,37,1.506,5.529,6.852,4.387,18.16,62.64,82.306,300
uav0000297_00000_v,1904x1072,38,1.5,5.536,6.867,4.194,18.001,62.303,81.803,300
uav0000297_00000_v,1904x1072,39,1.58,5.541,6.855,4.194,17.974,63.145,82.699,300
uav0000297_00000_v,1904x1072,40,1.477,5.546,6.898,4.295,18.128,63.231,82.837,300
uav0000297_00000_v,1904x1072,41,1.484,5.522,6.892,4.275,18.118,63.054,82.656,300
uav0000297_00000_v,1904x1072,42,1.566,5.52,6.873,4.261,18.042,62.716,82.323,300
uav0000297_00000_v,1904x1072,43,1.538,5.561,6.869,4.195,17.977,63.802,83.318,300
uav0000297_00000_v,1904x1072,44,1.503,5.553,6.84,4.216,18.0,63.954,83.456,300
uav0000297_00000_v,1904x1072,45,1.453,5.514,6.87,4.302,18.055,63.36,82.867,300
uav0000297_00000_v,1904x1072,46,1.533,5.538,6.864,4.324,18.086,62.128,81.747,300
uav0000297_00000_v,1904x1072,47,1.559,5.506,6.86,4.24,17.987,61.259,80.806,300
uav0000297_00000_v,1904x1072,48,1.503,5.505,6.844,4.18,17.928,60.177,79.607,300
uav0000297_00000_v,1904x1072,49,1.49,5.608,6.89,4.227,18.098,61.919,81.507,300
uav0000297_00000_v,1904x1072,50,1.478,5.529,6.869,4.151,17.93,61.718,81.126,300
uav0000297_00000_v,1904x1072,51,1.522,5.546,6.853,4.226,17.99,60.826,80.338,300
uav0000297_00000_v,1904x1072,52,2.263,5.597,6.861,4.339,18.198,60.845,81.306,300
uav0000297_00000_v,1904x1072,53,1.461,5.536,6.907,4.223,18.1,60.118,79.679,300
uav0000297_00000_v,1904x1072,54,1.454,5.537,6.858,4.232,17.968,60.165,79.588,300
uav0000297_00000_v,1904x1072,55,1.484,5.56,6.873,4.198,17.998,62.398,81.881,300
uav0000297_00000_v,1904x1072,56,1.509,5.533,6.878,4.201,18.016,62.124,81.648,300
uav0000297_00000_v,1904x1072,57,1.527,5.508,6.864,4.204,17.962,61.688,81.177,300
uav0000297_00000_v,1904x1072,58,1.54,5.557,6.862,4.208,18.003,61.672,81.214,300
uav0000297_00000_v,1904x1072,59,1.547,5.528,6.847,4.204,17.948,61.69,81.185,300
uav0000297_00000_v,1904x1072,60,1.534,5.562,6.885,4.182,18.031,61.383,80.948,300
uav0000297_00000_v,1904x1072,61,1.228,5.573,6.863,4.206,18.012,60.996,80.236,300
uav0000297_00000_v,1904x1072,62,1.54,5.58,6.876,4.05,17.936,60.334,79.81,300
uav0000297_00000_v,1904x1072,63,1.56,5.552,6.852,4.168,17.993,61.867,81.42,300
uav0000297_00000_v,1904x1072,64,1.508,5.513,6.852,4.273,17.981,62.574,82.063,300
uav0000297_00000_v,1904x1072,65,1.493,5.568,6.901,4.245,18.093,62.29,81.875,300
uav0000297_00000_v,1904x1072,66,1.502,5.536,6.876,4.318,18.096,62.135,81.733,300
uav0000297_00000_v,1904x1072,67,1.511,5.535,6.858,4.237,18.001,62.058,81.571,300
uav0000297_00000_v,1904x1072,68,1.522,5.511,6.861,4.408,18.165,61.638,81.325,300
uav0000297_00000_v,1904x1072,69,1.498,5.574,6.9,4.238,18.112,61.767,81.376,300
uav0000297_00000_v,1904x1072,70,2.286,5.518,6.872,4.389,18.176,61.901,82.363,300
uav0000297_00000_v,1904x1072,71,1.545,5.531,6.848,4.196,17.975,62.736,82.256,300
uav0000297_00000_v,1904x1072,72,1.538,5.543,6.858,4.159,17.934,62.042,81.514,300
uav0000297_00000_v,1904x1072,73,1.484,5.517,6.886,4.187,17.961,62.213,81.658,300
uav0000297_00000_v,1904x1072,74,1.45,5.5,6.842,4.141,17.896,62.556,81.902,300
uav0000297_00000_v,1904x1072,75,1.486,5.554,6.838,4.139,17.937,62.121,81.545,300
uav0000297_00000_v,1904x1072,76,1.489,5.556,6.861,4.315,18.127,62.367,81.983,300
uav0000297_00000_v,1904x1072,77,1.471,5.545,6.896,4.331,18.164,62.231,81.865,300
uav0000297_00000_v,1904x1072,78,1.482,5.578,6.897,4.195,18.053,61.178,80.714,300
uav0000297_00000_v,1904x1072,79,1.532,5.537,6.848,4.156,17.934,60.898,80.364,300
uav0000297_00000_v,1904x1072,80,1.551,5.515,6.847,4.158,17.916,61.828,81.295,300
uav0000297_00000_v,1904x1072,81,1.48,5.583,6.931,4.219,18.153,61.034,80.667,300
uav0000297_00000_v,1904x1072,82,1.518,5.518,6.873,4.122,17.921,60.843,80.283,300
uav0000297_00000_v,1904x1072,83,1.514,5.505,6.85,4.155,17.901,61.707,81.122,300
uav0000297_00000_v,1904x1072,84,1.473,5.546,6.869,4.17,17.976,60.905,80.354,300
uav0000297_00000_v,1904x1072,85,1.535,5.562,6.871,4.149,17.983,60.89,80.408,300
uav0000297_00000_v,1904x1072,86,1.49,5.541,6.876,4.22,17.993,60.724,80.207,300
uav0000297_00000_v,1904x1072,87,2.049,5.548,6.872,4.214,18.051,60.852,80.952,300
uav0000297_00000_v,1904x1072,88,1.536,5.556,6.868,4.246,18.08,61.853,81.469,300
uav0000297_00000_v,1904x1072,89,1.481,5.553,6.896,4.273,18.165,62.938,82.584,300
uav0000297_00000_v,1904x1072,90,1.47,5.562,6.885,4.295,18.168,64.122,83.76,300
uav0000297_00000_v,1904x1072,91,1.524,5.533,6.829,4.203,17.975,64.605,84.105,300
uav0000297_00000_v,1904x1072,92,1.468,5.53,6.896,4.319,18.18,63.913,83.561,300
uav0000297_00000_v,1904x1072,93,1.472,5.612,6.887,4.133,18.049,64.239,83.759,300
uav0000297_00000_v,1904x1072,94,1.452,5.54,6.922,4.171,18.031,62.684,82.166,300
uav0000297_00000_v,1904x1072,95,1.501,5.566,6.845,4.086,17.911,62.352,81.765,300
uav0000297_00000_v,1904x1072,96,1.47,5.535,6.906,4.093,17.924,61.762,81.156,300
uav0000297_00000_v,1904x1072,97,1.483,5.567,6.884,3.897,17.745,61.949,81.177,300
uav0000297_00000_v,1904x1072,98,1.537,5.531,6.841,3.949,17.702,61.806,81.045,300
uav0000297_00000_v,1904x1072,99,1.507,5.516,6.845,4.102,17.826,62.02,81.353,300
uav0000297_00000_v,1904x1072,100,1.501,5.602,6.853,4.122,17.998,62.539,82.037,300
uav0000297_00000_v,1904x1072,101,1.516,6.466,6.896,4.096,18.821,62.404,82.742,300
uav0000297_00000_v,1904x1072,102,1.531,5.579,6.837,3.997,17.829,57.425,76.785,300
uav0000297_00000_v,1904x1072,103,2.172,5.589,6.869,4.319,18.171,51.319,71.662,300
uav0000297_00000_v,1904x1072,104,1.539,5.596,6.867,4.072,17.913,48.389,67.842,300
uav0000297_00000_v,1904x1072,105,1.552,5.572,6.865,3.904,17.719,45.166,64.437,300
uav0000297_00000_v,1904x1072,106,1.543,5.516,6.83,3.875,17.618,42.87,62.031,300
uav0000297_00000_v,1904x1072,107,1.529,5.595,6.916,3.904,17.839,43.266,62.634,300
uav0000297_00000_v,1904x1072,108,1.531,5.588,6.869,3.887,17.723,44.733,63.987,300
uav0000297_00000_v,1904x1072,109,1.549,5.582,6.853,4.171,17.966,51.401,70.916,300
uav0000297_00000_v,1904x1072,110,1.622,5.576,6.832,4.057,17.844,60.763,80.228,300
uav0000297_00000_v,1904x1072,111,1.568,5.578,6.855,4.114,17.923,62.939,82.429,300
uav0000297_00000_v,1904x1072,112,1.504,5.634,6.871,4.243,18.151,63.822,83.477,300
uav0000297_00000_v,1904x1072,113,1.486,5.563,6.876,4.215,18.111,74.689,94.285,300
uav0000297_00000_v,1904x1072,114,1.536,5.581,6.838,4.252,18.074,65.281,84.891,300
uav0000297_00000_v,1904x1072,115,1.506,5.618,6.863,4.256,18.161,67.295,86.962,300
uav0000297_00000_v,1904x1072,116,1.502,5.585,6.872,4.183,18.014,63.188,82.705,300
uav0000297_00000_v,1904x1072,117,1.465,5.603,6.869,4.189,18.116,62.106,81.686,300
uav0000297_00000_v,1904x1072,118,1.521,5.615,6.882,4.219,18.124,64.902,84.546,300
uav0000297_00000_v,1904x1072,119,1.472,5.59,6.864,4.233,18.141,67.714,87.327,300
uav0000297_00000_v,1904x1072,120,1.509,5.624,6.847,4.259,18.141,68.211,87.861,300
uav0000297_00000_v,1904x1072,121,1.786,5.607,6.889,4.184,18.09,68.329,88.205,300
uav0000297_00000_v,1904x1072,122,1.507,5.598,6.905,4.287,18.209,67.995,87.712,300
uav0000297_00000_v,1904x1072,123,1.537,5.558,6.833,4.128,17.933,66.963,86.432,300
uav0000297_00000_v,1904x1072,124,1.504,5.592,6.846,3.941,17.822,59.928,79.254,300
uav0000297_00000_v,1904x1072,125,1.485,5.661,6.842,3.558,17.54,44.895,63.919,300
uav0000297_00000_v,1904x1072,126,1.483,5.601,6.885,3.524,17.419,43.359,62.262,300
uav0000297_00000_v,1904x1072,127,1.518,5.608,6.862,3.552,17.376,44.11,63.004,300
uav0000297_00000_v,1904x1072,128,1.562,5.618,6.847,3.525,17.379,42.541,61.483,300
uav0000297_00000_v,1904x1072,129,1.523,7.084,6.837,3.528,18.812,39.083,59.418,300
uav0000297_00000_v,1904x1072,130,1.522,5.568,6.872,3.557,17.384,37.987,56.893,300
uav0000297_00000_v,1904x1072,131,1.485,5.548,6.877,3.516,17.3,36.235,55.019,300
uav0000297_00000_v,1904x1072,132,1.508,5.544,6.861,3.682,17.441,53.295,72.244,300
uav0000297_00000_v,1904x1072,133,1.499,5.567,6.884,3.745,17.6,238.939,258.038,300
uav0000297_00000_v,1904x1072,134,1.534,5.648,6.861,3.716,17.679,60.934,80.147,300
uav0000297_00000_v,1904x1072,135,1.487,5.597,6.872,3.772,17.708,61.221,80.417,300
uav0000297_00000_v,1904x1072,136,1.579,5.575,6.892,3.64,17.504,62.091,81.175,300
uav0000297_00000_v,1904x1072,137,1.457,5.565,6.905,3.868,17.774,60.936,80.168,300
uav0000297_00000_v,1904x1072,138,1.493,5.595,6.867,3.651,17.514,60.78,79.787,300
uav0000297_00000_v,1904x1072,139,1.485,5.59,6.897,3.757,17.616,57.059,76.16,300
uav0000297_00000_v,1904x1072,140,1.4,5.554,6.866,3.809,17.61,59.683,78.693,300
uav0000297_00000_v,1904x1072,141,1.453,5.535,6.821,3.73,17.519,62.626,81.598,300
uav0000297_00000_v,1904x1072,142,1.437,5.743,6.836,3.665,17.617,63.091,82.146,300
uav0000297_00000_v,1904x1072,143,1.487,5.561,6.818,3.681,17.464,60.93,79.881,300
uav0000297_00000_v,1904x1072,144,1.48,5.703,6.836,3.675,17.619,61.187,80.286,300
uav0000297_00000_v,1904x1072,145,1.473,5.59,6.841,3.671,17.477,62.468,81.418,300
uav0000297_00000_v,1904x1072,146,1.373,5.606,6.821,3.619,17.451,63.298,82.122,300
uav0000297_02761_v,1904x1072,1,56.333,5.663,6.951,4.328,18.512,35.5,110.345,300
uav0000297_02761_v,1904x1072,2,1.839,5.572,6.917,4.211,18.198,46.757,66.793,300
uav0000297_02761_v,1904x1072,3,1.561,5.553,6.842,4.094,17.846,48.968,68.375,300
uav0000297_02761_v,1904x1072,4,1.588,5.549,6.858,4.107,17.849,48.888,68.325,300
uav0000297_02761_v,1904x1072,5,1.52,5.554,6.892,4.243,18.013,49.212,68.745,300
uav0000297_02761_v,1904x1072,6,1.492,5.539,6.88,4.182,17.96,49.291,68.743,300
uav0000297_02761_v,1904x1072,7,1.529,5.556,6.863,4.16,17.958,50.619,70.106,300
uav0000297_02761_v,1904x1072,8,1.511,5.534,6.888,4.243,18.019,50.017,69.547,300
uav0000297_02761_v,1904x1072,9,1.575,5.547,6.887,4.368,18.153,50.715,70.442,300
uav0000297_02761_v,1904x1072,10,1.52,5.511,6.888,4.315,18.072,51.313,70.905,300
uav0000297_02761_v,1904x1072,11,1.591,5.516,6.86,4.117,17.853,51.997,71.441,300
uav0000297_02761_v,1904x1072,12,1.517,5.588,6.858,4.182,18.019,51.763,71.299,300
uav0000297_02761_v,1904x1072,13,1.467,5.583,6.913,4.438,18.311,52.25,72.029,300
uav0000297_02761_v,1904x1072,14,1.466,5.547,6.918,4.358,18.157,52.101,71.725,300
uav0000297_02761_v,1904x1072,15,1.522,5.607,6.852,4.203,17.995,52.647,72.164,300
uav0000297_02761_v,1904x1072,16,1.495,5.593,6.856,4.434,18.245,53.108,72.848,300
uav0000297_02761_v,1904x1072,17,1.551,5.604,6.876,4.208,18.056,53.41,73.017,300
uav0000297_02761_v,1904x1072,18,1.478,5.568,6.876,4.104,17.878,53.676,73.031,300
uav0000297_02761_v,1904x1072,19,1.523,5.531,6.844,4.226,17.992,54.273,73.789,300
uav0000297_02761_v,1904x1072,20,1.517,5.5,6.876,4.26,18.011,54.059,73.586,300
uav0000297_02761_v,1904x1072,21,1.494,5.548,6.887,4.136,17.926,54.741,74.161,300
uav0000297_02761_v,1904x1072,22,1.543,5.546,6.87,4.186,17.958,54.708,74.209,300
uav0000297_02761_v,1904x1072,23,1.523,5.583,6.831,4.211,18.015,55.289,74.827,300
uav0000297_02761_v,1904x1072,24,1.51,5.58,6.873,4.294,18.117,55.256,74.883,300
uav0000297_02761_v,1904x1072,25,22.996,5.537,6.91,4.279,18.109,55.026,96.13,300
uav0000297_02761_v,1904x1072,26,1.504,5.508,6.902,4.241,18.019,56.031,75.554,300
uav0000297_02761_v,1904x1072,27,1.534,5.545,6.831,4.029,17.742,56.506,75.782,300
uav0000297_02761_v,1904x1072,28,1.496,5.549,6.861,4.075,17.864,56.531,75.891,300
uav0000297_02761_v,1904x1072,29,1.474,5.542,6.871,4.131,17.917,57.407,76.798,300
uav0000297_02761_v,1904x1072,30,1.49,5.563,6.861,4.124,17.944,57.242,76.676,300
uav0000297_02761_v,1904x1072,31,1.518,5.548,6.853,4.203,17.981,57.986,77.485,300
uav0000297_02761_v,1904x1072,32,1.484,5.555,6.878,4.219,18.014,57.36,76.858,300
uav0000297_02761_v,1904x1072,33,1.426,5.532,6.87,4.148,17.895,57.451,76.772,300
uav0000297_02761_v,1904x1072,34,1.486,5.54,6.881,4.067,17.846,57.922,77.254,300
uav0000297_02761_v,1904x1072,35,2.223,5.54,6.843,4.41,18.147,58.054,78.424,300
uav0000297_02761_v,1904x1072,36,1.561,5.504,6.848,4.058,17.74,57.922,77.223,300
uav0000297_02761_v,1904x1072,37,1.489,5.561,6.938,4.205,18.086,57.768,77.342,300
uav0000297_02761_v,1904x1072,38,1.451,5.566,6.91,4.187,18.046,57.765,77.262,300
uav0000297_02761_v,1904x1072,39,1.533,5.53,6.832,4.122,17.84,57.506,76.88,300
uav0000297_02761_v,1904x1072,40,1.493,5.552,6.853,4.072,17.83,57.218,76.541,300
uav0000297_02761_v,1904x1072,41,1.475,5.54,6.87,4.143,17.894,57.794,77.163,300
uav0000297_02761_v,1904x1072,42,1.473,5.573,6.866,4.14,17.925,58.968,78.365,300
uav0000297_02761_v,1904x1072,43,1.813,5.542,6.852,4.265,18.06,59.07,78.944,300
uav0000297_02761_v,1904x1072,44,1.487,5.528,6.864,4.235,17.966,59.123,78.576,300
uav0000297_02761_v,1904x1072,45,1.453,5.55,6.852,4.188,17.93,59.494,78.877,300
uav0000297_02761_v,1904x1072,46,1.5,5.538,6.873,4.189,18.001,59.201,78.702,300
uav0000297_02761_v,1904x1072,47,2.26,5.53,6.839,4.411,18.177,59.748,80.185,300
uav0000297_02761_v,1904x1072,48,1.495,5.527,6.846,4.185,17.904,59.246,78.645,300
uav0000297_02761_v,1904x1072,49,1.498,5.529,6.902,4.263,18.069,59.903,79.47,300
uav0000297_02761_v,1904x1072,50,1.44,5.531,6.889,4.294,18.13,59.316,78.886,300
uav0000297_02761_v,1904x1072,51,1.492,5.541,6.835,4.174,17.922,59.82,79.234,300
uav0000297_02761_v,1904x1072,52,1.499,5.547,6.879,4.145,17.916,59.96,79.374,300
uav0000297_02761_v,1904x1072,53,1.487,5.529,6.891,4.263,18.027,60.008,79.523,300
uav0000297_02761_v,1904x1072,54,1.461,5.561,6.889,4.201,17.989,60.567,80.017,300
uav0000297_02761_v,1904x1072,55,1.503,5.53,6.834,4.165,17.894,61.318,80.715,300
uav0000297_02761_v,1904x1072,56,1.465,5.521,6.894,4.374,18.169,60.955,80.59,300
uav0000297_02761_v,1904x1072,57,1.428,5.549,6.866,4.182,17.958,60.847,80.233,300
uav0000297_02761_v,1904x1072,58,1.476,5.528,6.89,4.215,18.002,61.152,80.631,300
uav0000297_02761_v,1904x1072,59,1.495,5.551,6.828,4.166,17.876,61.19,80.561,300
uav0000297_02761_v,1904x1072,60,1.462,5.532,6.852,4.084,17.816,60.672,79.95,300
uav0000297_02761_v,1904x1072,61,1.407,5.527,6.926,4.273,18.1,61.016,80.523,300
uav0000297_02761_v,1904x1072,62,1.438,5.536,6.901,4.198,18.013,59.848,79.299,300
uav0000297_02761_v,1904x1072,63,1.489,5.548,6.839,4.199,17.947,59.976,79.412,300
uav0000297_02761_v,1904x1072,64,1.58,5.534,6.86,4.261,18.032,59.537,79.149,300
uav0000297_02761_v,1904x1072,65,1.471,5.525,6.869,4.202,17.959,59.656,79.086,300
uav0000297_02761_v,1904x1072,66,1.459,5.549,6.894,4.18,17.987,59.42,78.866,300
uav0000297_02761_v,1904x1072,67,1.481,5.529,6.832,4.204,17.915,59.181,78.578,300
uav0000297_02761_v,1904x1072,68,1.493,5.561,6.859,4.214,18.02,59.344,78.857,300
uav0000297_02761_v,1904x1072,69,1.479,5.573,6.883,4.168,18.017,58.924,78.42,300
uav0000297_02761_v,1904x1072,70,2.076,5.583,6.894,4.236,18.097,59.765,79.937,300
uav0000297_02761_v,1904x1072,71,1.469,5.563,6.838,4.147,17.898,60.682,80.048,300
uav0000297_02761_v,1904x1072,72,1.504,5.572,6.852,4.07,17.844,61.368,80.716,300
uav0000297_02761_v,1904x1072,73,1.449,5.552,6.932,4.251,18.07,60.086,79.606,300
uav0000297_02761_v,1904x1072,74,1.425,5.529,6.903,4.219,18.045,60.512,79.983,300
uav0000297_02761_v,1904x1072,75,1.551,5.526,6.824,4.176,17.878,60.076,79.505,300
uav0000297_02761_v,1904x1072,76,1.442,5.559,6.843,4.184,17.921,59.65,79.013,300
uav0000297_02761_v,1904x1072,77,1.191,5.571,6.873,4.173,18.003,60.237,79.431,300
uav0000297_02761_v,1904x1072,78,1.468,5.53,6.877,4.218,18.035,60.556,80.059,300
uav0000297_02761_v,1904x1072,79,1.493,5.538,6.845,4.207,18.025,60.226,79.745,300
uav0000297_02761_v,1904x1072,80,1.434,5.58,6.874,4.297,18.112,59.83,79.376,300
uav0000297_02761_v,1904x1072,81,1.49,5.524,6.87,4.26,17.976,58.638,78.104,300
uav0000297_02761_v,1904x1072,82,1.505,5.569,6.873,4.067,17.874,59.256,78.635,300
uav0000297_02761_v,1904x1072,83,1.523,5.552,6.837,4.164,17.967,60.041,79.531,300
uav0000297_02761_v,1904x1072,84,1.502,5.526,6.831,4.19,17.902,59.077,78.48,300
uav0000297_02761_v,1904x1072,85,1.475,5.557,6.904,4.115,17.923,59.31,78.708,300
uav0000297_02761_v,1904x1072,86,1.525,5.545,6.862,4.151,17.906,59.441,78.872,300
uav0000297_02761_v,1904x1072,87,1.518,5.533,6.838,4.147,17.919,59.101,78.537,300
uav0000297_02761_v,1904x1072,88,1.516,5.581,6.864,4.082,17.936,58.643,78.095,300
uav0000297_02761_v,1904x1072,89,1.519,5.524,6.864,4.08,17.816,58.004,77.339,300
uav0000297_02761_v,1904x1072,90,1.481,5.556,6.885,4.117,17.927,58.064,77.473,300
uav0000297_02761_v,1904x1072,91,2.019,5.718,6.838,4.313,18.301,57.96,78.28,300
uav0000297_02761_v,1904x1072,92,1.485,5.558,6.871,4.187,17.975,58.012,77.472,300
uav0000297_02761_v,1904x1072,93,1.477,5.573,6.862,4.164,17.961,58.52,77.959,300
uav0000297_02761_v,1904x1072,94,1.485,5.581,6.858,4.263,18.071,58.18,77.736,300
uav0000297_02761_v,1904x1072,95,1.525,5.524,6.832,4.105,17.834,59.418,78.777,300
uav0000297_02761_v,1904x1072,96,1.516,5.541,6.869,4.138,17.908,59.358,78.782,300
uav0000297_02761_v,1904x1072,97,1.531,5.542,6.873,4.168,17.936,58.811,78.278,300
uav0000297_02761_v,1904x1072,98,1.481,5.566,6.877,4.286,18.087,58.802,78.37,300
uav0000297_02761_v,1904x1072,99,1.523,5.546,6.844,4.202,17.947,58.444,77.914,300
uav0000297_02761_v,1904x1072,100,1.615,5.544,6.868,4.134,17.92,58.081,77.616,300
uav0000297_02761_v,1904x1072,101,1.493,5.549,6.867,4.199,17.971,58.251,77.715,300
uav0000297_02761_v,1904x1072,102,1.471,5.553,6.852,4.236,17.994,57.996,77.461,300
uav0000297_02761_v,1904x1072,103,1.553,5.561,6.859,4.136,17.931,57.472,76.956,300
uav0000297_02761_v,1904x1072,104,1.494,5.546,6.862,4.236,17.988,58.076,77.557,300
uav0000297_02761_v,1904x1072,105,1.473,5.56,6.893,4.243,18.06,57.715,77.248,300
uav0000297_02761_v,1904x1072,106,1.509,5.538,6.876,4.197,17.978,58.223,77.71,300
uav0000297_02761_v,1904x1072,107,1.501,5.556,6.842,4.162,17.942,58.327,77.77,300
uav0000297_02761_v,1904x1072,108,1.476,5.564,6.864,4.183,17.999,58.581,78.056,300
uav0000297_02761_v,1904x1072,109,1.469,5.557,6.87,4.214,18.004,58.521,77.994,300
uav0000297_02761_v,1904x1072,110,1.512,5.549,6.867,4.164,17.912,58.259,77.683,300
uav0000297_02761_v,1904x1072,111,1.528,5.566,6.84,4.175,17.956,59.365,78.85,300
uav0000297_02761_v,1904x1072,112,2.11,5.551,6.859,4.225,18.193,58.512,78.815,300
uav0000297_02761_v,1904x1072,113,1.476,5.587,6.882,4.172,18.045,59.081,78.602,300
uav0000297_02761_v,1904x1072,114,1.475,5.573,6.857,4.236,18.063,59.792,79.331,300
uav0000297_02761_v,1904x1072,115,1.572,5.566,6.861,4.192,17.962,59.39,78.924,300
uav0000297_02761_v,1904x1072,116,1.537,5.553,6.864,4.148,17.912,59.132,78.581,300
uav0000297_02761_v,1904x1072,117,1.503,5.588,6.876,4.209,18.027,59.546,79.076,300
uav0000297_02761_v,1904x1072,118,1.499,5.566,6.864,4.116,17.917,59.022,78.438,300
uav0000297_02761_v,1904x1072,119,1.543,5.554,6.845,4.16,17.915,59.666,79.125,300
uav0000297_02761_v,1904x1072,120,1.555,5.583,6.85,4.223,18.051,59.185,78.792,300
uav0000297_02761_v,1904x1072,121,1.463,5.571,6.89,4.208,18.039,59.029,78.531,300
uav0000297_02761_v,1904x1072,122,1.488,5.56,6.891,4.256,18.057,59.693,79.237,300
uav0000297_02761_v,1904x1072,123,1.542,5.535,6.834,4.207,17.946,59.719,79.207,300
uav0000297_02761_v,1904x1072,124,1.544,5.546,6.853,4.089,17.857,60.052,79.453,300
uav0000297_02761_v,1904x1072,125,1.495,5.539,6.872,4.201,18.004,60.045,79.544,300
uav0000297_02761_v,1904x1072,126,1.506,5.599,6.871,4.279,18.133,59.154,78.793,300
uav0000297_02761_v,1904x1072,127,1.542,5.564,6.842,4.196,18.002,59.257,78.802,300
uav0000297_02761_v,1904x1072,128,1.499,5.554,6.865,4.166,17.951,59.393,78.843,300
uav0000297_02761_v,1904x1072,129,1.49,5.55,6.866,4.179,17.983,59.538,79.01,300
uav0000297_02761_v,1904x1072,130,1.495,5.586,6.888,4.237,18.085,59.344,78.923,300
uav0000297_02761_v,1904x1072,131,1.511,5.512,6.833,4.206,17.9,59.867,79.279,300
uav0000297_02761_v,1904x1072,132,1.504,5.544,6.857,4.188,17.957,59.146,78.607,300
uav0000297_02761_v,1904x1072,133,2.125,5.559,6.879,4.419,18.24,59.337,79.702,300
uav0000297_02761_v,1904x1072,134,1.491,5.567,6.871,4.19,18.029,59.543,79.063,300
uav0000297_02761_v,1904x1072,135,1.518,5.557,6.841,4.174,17.931,59.296,78.745,300
uav0000297_02761_v,1904x1072,136,1.488,5.538,6.867,4.171,17.925,59.683,79.096,300
uav0000297_02761_v,1904x1072,137,1.511,5.559,6.858,4.215,17.966,59.574,79.05,300
uav0000297_02761_v,1904x1072,138,1.534,5.565,6.875,4.235,18.027,59.765,79.325,300
uav0000297_02761_v,1904x1072,139,1.532,5.575,6.851,4.278,18.062,58.72,78.315,300
uav0000297_02761_v,1904x1072,140,1.524,5.55,6.875,4.165,17.941,59.167,78.632,300
uav0000297_02761_v,1904x1072,141,1.545,5.563,6.876,4.216,18.023,59.492,79.06,300
uav0000297_02761_v,1904x1072,142,1.506,5.548,6.861,4.221,18.02,59.331,78.856,300
uav0000297_02761_v,1904x1072,143,1.514,5.508,6.841,4.234,17.958,59.595,79.067,300
uav0000297_02761_v,1904x1072,144,1.492,5.547,6.854,4.148,17.905,59.099,78.496,300
uav0000297_02761_v,1904x1072,145,1.538,5.545,6.89,4.269,18.07,58.908,78.517,300
uav0000297_02761_v,1904x1072,146,1.493,5.557,6.885,4.22,18.021,58.548,78.062,300
uav0000297_02761_v,1904x1072,147,1.512,5.555,6.831,4.225,17.959,58.769,78.24,300
uav0000297_02761_v,1904x1072,148,1.487,5.563,6.851,4.188,17.969,58.357,77.813,300
uav0000297_02761_v,1904x1072,149,1.491,5.549,6.891,4.219,18.023,58.515,78.03,300
uav0000297_02761_v,1904x1072,150,1.475,5.541,6.878,4.206,17.965,58.089,77.53,300
uav0000297_02761_v,1904x1072,151,1.532,5.521,6.831,4.12,17.821,59.291,78.643,300
uav0000297_02761_v,1904x1072,152,1.514,5.571,6.868,4.17,17.99,58.648,78.152,300
uav0000297_02761_v,1904x1072,153,1.49,5.528,6.861,4.143,17.886,58.439,77.815,300
uav0000297_02761_v,1904x1072,154,1.489,5.534,6.889,4.074,17.901,58.462,77.852,300
uav0000297_02761_v,1904x1072,155,2.055,5.707,6.843,4.375,18.31,59.303,79.668,300
uav0000297_02761_v,1904x1072,156,1.461,5.54,6.858,4.095,17.839,59.235,78.536,300
uav0000297_02761_v,1904x1072,157,1.484,5.547,6.874,4.179,17.965,59.482,78.932,300
uav0000297_02761_v,1904x1072,158,1.5,5.556,6.903,4.269,18.116,59.782,79.399,300
uav0000297_02761_v,1904x1072,159,1.517,5.526,6.833,4.199,17.933,59.797,79.247,300
uav0000297_02761_v,1904x1072,160,1.499,5.529,6.859,4.124,17.867,59.518,78.884,300
uav0000297_02761_v,1904x1072,161,1.539,5.532,6.864,4.105,17.86,59.466,78.865,300
uav0000297_02761_v,1904x1072,162,1.538,5.556,6.871,4.231,18.017,59.588,79.143,300
uav0000297_02761_v,1904x1072,163,1.53,5.538,6.837,4.103,17.842,60.317,79.689,300
uav0000297_02761_v,1904x1072,164,1.509,5.527,6.851,4.473,18.223,61.063,80.795,300
uav0000297_02761_v,1904x1072,165,1.51,5.568,6.862,4.161,17.954,60.796,80.261,300
uav0000297_02761_v,1904x1072,166,1.45,5.544,6.858,4.17,17.93,60.592,79.972,300
uav0000297_02761_v,1904x1072,167,1.509,5.524,6.84,4.229,17.979,60.891,80.38,300
uav0000297_02761_v,1904x1072,168,1.522,5.538,6.846,4.138,17.891,61.148,80.561,300
uav0000297_02761_v,1904x1072,169,1.505,5.553,6.885,4.113,17.906,61.784,81.196,300
uav0000297_02761_v,1904x1072,170,1.475,5.558,6.888,4.285,18.079,62.206,81.76,300
uav0000297_02761_v,1904x1072,171,1.515,5.54,6.846,4.156,17.963,61.077,80.555,300
uav0000297_02761_v,1904x1072,172,1.53,5.54,6.85,4.233,17.987,61.638,81.156,300
uav0000297_02761_v,1904x1072,173,1.482,5.549,6.87,4.238,18.007,61.587,81.076,300
uav0000297_02761_v,1904x1072,174,1.485,5.524,6.867,4.28,18.049,61.472,81.006,300
uav0000297_02761_v,1904x1072,175,2.033,5.538,6.847,4.264,18.0,61.885,81.918,300
uav0000297_02761_v,1904x1072,176,1.503,5.534,6.882,4.305,18.08,62.774,82.357,300
uav0000297_02761_v,1904x1072,177,1.537,5.557,6.869,4.302,18.103,62.372,82.013,300
uav0000297_02761_v,1904x1072,178,1.502,5.583,6.853,4.174,17.987,62.114,81.604,300
uav0000297_02761_v,1904x1072,179,1.517,5.541,6.828,4.176,17.922,63.18,82.619,300
uav0000297_02761_v,1904x1072,180,1.461,5.57,6.857,4.254,18.085,62.686,82.232,300
uav0000297_02761_v,1904x1072,181,1.5,5.53,6.877,4.295,18.071,62.564,82.135,300
uav0000297_02761_v,1904x1072,182,1.483,5.589,6.877,4.21,18.014,62.709,82.205,300
uav0000297_02761_v,1904x1072,183,1.487,5.591,6.866,4.342,18.171,61.727,81.386,300
uav0000297_02761_v,1904x1072,184,1.504,5.568,6.853,4.24,17.995,62.0,81.499,300
uav0000297_02761_v,1904x1072,185,1.53,5.568,6.886,4.276,18.107,62.03,81.666,300
uav0000297_02761_v,1904x1072,186,1.489,5.519,6.872,4.221,17.996,61.524,81.009,300
uav0000297_02761_v,1904x1072,187,1.541,5.554,6.852,4.3,18.065,60.995,80.6,300
uav0000297_02761_v,1904x1072,188,1.484,5.547,6.858,4.312,18.091,60.827,80.401,300
uav0000297_02761_v,1904x1072,189,1.536,5.564,6.867,4.173,17.985,61.35,80.871,300
uav0000297_02761_v,1904x1072,190,1.496,5.498,6.857,4.322,18.059,61.442,80.997,300
uav0000297_02761_v,1904x1072,191,1.507,5.516,6.864,4.389,18.17,61.771,81.447,300
uav0000297_02761_v,1904x1072,192,1.492,5.515,6.854,4.211,17.976,62.061,81.528,300
uav0000297_02761_v,1904x1072,193,1.499,5.517,6.88,4.309,18.045,61.456,81.0,300
uav0000297_02761_v,1904x1072,194,1.507,5.487,6.874,4.314,18.04,61.705,81.252,300
uav0000297_02761_v,1904x1072,195,1.509,5.511,6.831,4.237,17.949,61.907,81.365,300
uav0000297_02761_v,1904x1072,196,2.158,5.549,6.886,4.573,18.418,61.285,81.861,300
uav0000297_02761_v,1904x1072,197,1.478,5.546,6.901,4.414,18.247,61.526,81.25,300
uav0000297_02761_v,1904x1072,198,1.528,5.529,6.868,4.266,18.026,61.955,81.509,300
uav0000297_02761_v,1904x1072,199,1.518,5.527,6.877,4.289,18.101,61.757,81.377,300
uav0000297_02761_v,1904x1072,200,1.512,5.507,6.846,4.315,18.019,62.222,81.753,300
uav0000297_02761_v,1904x1072,201,1.49,5.518,6.869,4.289,18.028,62.813,82.331,300
uav0000297_02761_v,1904x1072,202,1.479,5.473,6.866,4.339,18.083,62.484,82.046,300
uav0000297_02761_v,1904x1072,203,1.516,5.51,6.854,4.266,17.992,62.379,81.887,300
uav0000297_02761_v,1904x1072,204,1.514,5.512,6.854,4.24,18.011,61.593,81.119,300
uav0000297_02761_v,1904x1072,205,1.512,5.531,6.863,4.344,18.089,61.947,81.547,300
uav0000297_02761_v,1904x1072,206,1.506,5.499,6.878,4.345,18.099,61.848,81.453,300
uav0000297_02761_v,1904x1072,207,1.554,5.534,6.845,4.162,17.889,62.856,82.299,300
uav0000297_02761_v,1904x1072,208,1.515,5.55,6.877,4.359,18.207,62.498,82.219,300
uav0000297_02761_v,1904x1072,209,1.505,5.498,6.862,4.27,17.988,61.221,80.713,300
uav0000297_02761_v,1904x1072,210,1.509,5.52,6.873,4.225,17.962,61.022,80.493,300
uav0000297_02761_v,1904x1072,211,1.541,5.501,6.858,4.401,18.131,61.617,81.289,300
uav0000297_02761_v,1904x1072,212,1.516,5.508,6.856,4.32,18.038,62.523,82.077,300
uav0000297_02761_v,1904x1072,213,1.502,5.525,6.879,4.309,18.088,63.087,82.677,300
uav0000297_02761_v,1904x1072,214,1.53,5.534,6.859,4.352,18.133,61.919,81.583,300
uav0000297_02761_v,1904x1072,215,1.541,5.477,6.868,4.314,18.018,63.002,82.562,300
uav0000297_02761_v,1904x1072,216,1.561,5.532,6.866,4.251,18.026,62.84,82.426,300
uav0000297_02761_v,1904x1072,217,1.517,5.509,6.88,4.357,18.102,63.04,82.659,300
uav0000297_02761_v,1904x1072,218,1.498,5.49,6.89,4.389,18.118,62.248,81.863,300
uav0000297_02761_v,1904x1072,219,1.543,5.505,6.832,4.298,18.052,62.203,81.797,300
uav0000297_02761_v,1904x1072,220,1.514,5.558,6.864,4.361,18.17,63.224,82.908,300
uav0000297_02761_v,1904x1072,221,1.531,5.571,6.875,4.247,18.083,64.134,83.748,300
uav0000297_02761_v,1904x1072,222,1.551,5.544,6.874,4.284,18.065,64.082,83.698,300
uav0000297_02761_v,1904x1072,223,1.542,5.546,6.857,4.296,18.083,64.533,84.158,300
uav0000297_02761_v,1904x1072,224,1.528,5.53,6.857,4.348,18.098,63.859,83.485,300
uav0000297_02761_v,1904x1072,225,1.487,5.534,6.865,4.363,18.14,64.181,83.807,300
uav0000297_02761_v,1904x1072,226,1.433,5.532,6.867,4.349,18.291,65.05,84.774,300
uav0000297_02761_v,1904x1072,227,1.534,5.532,6.847,4.325,18.086,65.526,85.146,300
uav0000297_02761_v,1904x1072,228,1.488,5.521,6.863,4.365,18.12,64.606,84.214,300
uav0000297_02761_v,1904x1072,229,1.468,5.538,6.905,4.311,18.128,64.979,84.576,300
uav0000297_02761_v,1904x1072,230,1.482,5.548,6.874,4.392,18.218,65.27,84.97,300
uav0000297_02761_v,1904x1072,231,1.522,5.568,6.841,4.255,19.024,66.103,86.649,300
uav0000297_02761_v,1904x1072,232,1.483,5.532,6.861,4.297,18.124,66.103,85.711,300
uav0000297_02761_v,1904x1072,233,1.484,5.582,6.882,4.291,18.183,66.414,86.08,300
uav0000297_02761_v,1904x1072,234,1.473,5.523,6.863,4.253,18.059,65.843,85.374,300
uav0000297_02761_v,1904x1072,235,1.49,5.487,6.837,4.252,17.976,66.307,85.773,300
uav0000297_02761_v,1904x1072,236,1.504,5.541,6.869,4.24,18.029,67.441,86.975,300
uav0000297_02761_v,1904x1072,237,1.533,5.562,6.879,4.321,18.189,66.476,86.198,300
uav0000297_02761_v,1904x1072,238,1.497,5.551,6.86,4.265,18.084,65.632,85.213,300
uav0000297_02761_v,1904x1072,239,29.199,5.547,6.851,4.269,18.093,65.476,112.767,300
uav0000297_02761_v,1904x1072,240,1.519,5.523,6.855,4.218,17.98,65.145,84.644,300
uav0000297_02761_v,1904x1072,241,1.514,5.537,6.872,4.285,18.072,65.491,85.077,300
uav0000297_02761_v,1904x1072,242,1.451,5.523,6.862,4.213,18.022,65.293,84.765,300
uav0000297_02761_v,1904x1072,243,1.481,5.558,6.86,4.266,18.059,65.492,85.031,300
uav0000297_02761_v,1904x1072,244,1.577,5.664,6.83,4.312,18.213,65.548,85.337,300
uav0000297_02761_v,1904x1072,245,1.505,5.51,6.86,4.315,18.063,65.192,84.76,300
uav0000297_02761_v,1904x1072,246,2.062,5.537,6.855,4.491,18.244,66.16,86.466,300
uav0000297_02761_v,1904x1072,247,1.504,5.54,6.876,4.388,18.174,65.25,84.928,300
uav0000297_02761_v,1904x1072,248,1.472,5.542,6.896,4.246,18.083,64.642,84.197,300
uav0000297_02761_v,1904x1072,249,1.51,5.718,6.841,4.182,18.146,64.217,83.872,300
uav0000297_02761_v,1904x1072,250,1.485,5.596,6.861,4.262,18.143,63.505,83.133,300
uav0000297_02761_v,1904x1072,251,1.466,5.595,6.868,4.227,18.076,64.264,83.806,300
uav0000297_02761_v,1904x1072,252,1.46,5.618,6.874,4.171,18.041,64.844,84.344,300
uav0000297_02761_v,1904x1072,253,1.509,5.514,6.857,4.303,18.034,64.724,84.268,300
uav0000297_02761_v,1904x1072,254,1.498,5.763,6.859,4.089,18.112,64.818,84.428,300
uav0000297_02761_v,1904x1072,255,1.45,5.54,6.876,4.107,17.908,64.985,84.343,300
uav0000297_02761_v,1904x1072,256,1.463,5.624,6.911,4.105,18.003,63.772,83.239,300
uav0000297_02761_v,1904x1072,257,1.831,5.928,6.869,4.044,18.24,63.606,83.677,300
uav0000297_02761_v,1904x1072,258,1.473,5.509,6.86,4.112,17.859,64.54,83.872,300
uav0000297_02761_v,1904x1072,259,1.475,5.51,6.875,4.107,17.874,64.001,83.35,300
uav0000297_02761_v,1904x1072,260,1.488,5.541,6.885,4.182,17.999,64.47,83.957,300
uav0000297_02761_v,1904x1072,261,1.521,5.538,6.868,4.098,17.864,64.488,83.872,300
uav0000297_02761_v,1904x1072,262,1.505,5.545,6.867,4.113,17.905,64.983,84.393,300
uav0000297_02761_v,1904x1072,263,1.493,5.565,6.887,4.178,17.998,64.019,83.51,300
uav0000297_02761_v,1904x1072,264,1.508,5.551,6.878,4.272,18.094,63.495,83.097,300
uav0000297_02761_v,1904x1072,265,1.562,5.53,6.84,4.237,17.957,64.141,83.66,300
uav0000297_02761_v,1904x1072,266,1.556,5.557,6.875,4.222,18.046,63.831,83.433,300
uav0000297_02761_v,1904x1072,267,1.49,5.538,6.865,4.214,18.006,65.089,84.585,300
uav0000297_02761_v,1904x1072,268,1.537,5.58,6.885,4.148,18.014,64.063,83.614,300
uav0000297_02761_v,1904x1072,269,1.518,5.558,6.842,4.189,17.971,64.231,83.72,300
uav0000297_02761_v,1904x1072,270,1.479,5.584,6.862,4.191,18.037,64.501,84.017,300
uav0000297_02761_v,1904x1072,271,1.485,5.555,6.873,4.256,18.08,65.862,85.428,300
uav0000297_02761_v,1904x1072,272,1.468,5.546,6.9,4.322,18.137,66.456,86.061,300
uav0000297_02761_v,1904x1072,273,1.458,5.523,6.825,4.097,17.822,65.291,84.571,300
uav0000297_02761_v,1904x1072,274,1.508,5.57,6.868,4.251,18.069,64.156,83.732,300
uav0000297_02761_v,1904x1072,275,1.468,5.57,6.873,4.117,17.954,64.225,83.647,300
uav0000297_02761_v,1904x1072,276,1.477,5.505,6.863,4.223,17.984,63.414,82.874,300
uav0000297_02761_v,1904x1072,277,2.276,5.557,6.85,4.333,18.108,64.358,84.742,300
uav0000297_02761_v,1904x1072,278,1.512,5.577,6.863,4.142,17.946,63.883,83.341,300
uav0000297_02761_v,1904x1072,279,1.497,5.58,6.905,4.341,18.227,64.76,84.484,300
uav0000297_02761_v,1904x1072,280,1.492,5.574,6.89,4.178,18.011,63.485,82.987,300
uav0000297_02761_v,1904x1072,281,1.53,5.525,6.857,4.212,18.012,63.867,83.409,300
uav0000297_02761_v,1904x1072,282,1.512,5.52,6.882,4.146,17.901,63.105,82.517,300
uav0000297_02761_v,1904x1072,283,1.538,5.559,6.879,4.178,17.965,63.063,82.566,300
uav0000297_02761_v,1904x1072,284,1.498,5.56,6.898,4.143,17.96,64.122,83.58,300
uav0000297_02761_v,1904x1072,285,1.523,5.503,6.845,4.143,17.869,65.66,85.052,300
uav0000297_02761_v,1904x1072,286,1.499,5.54,6.855,4.131,17.897,64.582,83.978,300
uav0000297_02761_v,1904x1072,287,1.489,5.575,6.877,4.167,18.025,63.867,83.38,300
uav0000297_02761_v,1904x1072,288,1.472,5.591,6.892,4.181,18.028,64.487,83.987,300
uav0000297_02761_v,1904x1072,289,1.52,5.571,6.849,4.21,17.99,64.65,84.159,300
uav0000297_02761_v,1904x1072,290,1.501,5.546,6.847,4.18,17.912,64.375,83.788,300
uav0000297_02761_v,1904x1072,291,1.492,5.549,6.876,4.248,18.053,64.743,84.288,300
uav0000297_02761_v,1904x1072,292,1.508,5.546,6.864,4.274,18.107,64.735,84.35,300
uav0000297_02761_v,1904x1072,293,1.552,5.558,6.848,4.181,17.961,65.27,84.783,300
uav0000297_02761_v,1904x1072,294,1.524,5.538,6.851,4.211,17.979,66.196,85.699,300
uav0000297_02761_v,1904x1072,295,1.502,5.554,6.918,4.285,18.169,65.704,85.375,300
uav0000297_02761_v,1904x1072,296,1.534,5.537,6.857,4.218,17.953,65.17,84.657,300
uav0000297_02761_v,1904x1072,297,1.553,5.546,6.842,4.222,17.98,65.517,85.05,300
uav0000297_02761_v,1904x1072,298,2.177,7.113,7.1,4.1,19.902,65.744,87.823,300
uav0000297_02761_v,1904x1072,299,1.477,5.534,6.89,4.219,18.017,66.36,85.853,300
uav0000297_02761_v,1904x1072,300,1.503,5.511,6.86,4.174,17.923,66.717,86.144,300
uav0000297_02761_v,1904x1072,301,1.507,5.517,6.864,4.206,17.947,66.438,85.892,300
uav0000297_02761_v,1904x1072,302,1.466,5.515,6.877,4.214,18.01,66.052,85.529,300
uav0000297_02761_v,1904x1072,303,1.497,5.513,6.861,4.252,17.996,65.11,84.603,300
uav0000297_02761_v,1904x1072,304,1.469,5.546,6.867,4.268,18.074,65.028,84.571,300
uav0000297_02761_v,1904x1072,305,1.504,5.522,6.849,4.269,18.024,65.33,84.858,300
uav0000297_02761_v,1904x1072,306,1.487,5.504,6.853,4.262,18.019,65.629,85.135,300
uav0000297_02761_v,1904x1072,307,1.498,5.546,6.895,4.25,18.041,64.562,84.101,300
uav0000297_02761_v,1904x1072,308,1.499,5.529,6.862,4.307,18.062,64.57,84.13,300
uav0000297_02761_v,1904x1072,309,1.505,5.519,6.841,4.235,17.942,64.701,84.147,300
uav0000297_02761_v,1904x1072,310,1.487,5.552,6.856,4.216,18.026,63.868,83.381,300
uav0000297_02761_v,1904x1072,311,1.497,5.514,6.868,4.27,18.006,65.189,84.692,300
uav0000297_02761_v,1904x1072,312,1.475,5.526,6.876,4.228,17.972,64.619,84.066,300
uav0000297_02761_v,1904x1072,313,1.504,5.539,6.859,4.207,17.974,64.139,83.617,300
uav0000297_02761_v,1904x1072,314,1.493,5.519,6.872,4.328,18.089,64.198,83.78,300
uav0000297_02761_v,1904x1072,315,1.494,5.524,6.882,4.33,18.104,64.359,83.957,300
uav0000297_02761_v,1904x1072,316,1.501,5.545,6.879,4.327,18.135,64.389,84.025,300
uav0000297_02761_v,1904x1072,317,1.493,5.514,6.847,4.341,18.056,65.031,84.581,300
uav0000297_02761_v,1904x1072,318,1.481,5.522,6.859,4.324,18.113,65.477,85.072,300
uav0000297_02761_v,1904x1072,319,1.945,5.512,6.89,4.29,18.097,65.276,85.319,300
uav0000297_02761_v,1904x1072,320,1.514,5.535,6.864,4.255,18.021,65.461,84.996,300
uav0000297_02761_v,1904x1072,321,1.494,5.507,6.851,4.289,18.014,65.834,85.342,300
uav0000297_02761_v,1904x1072,322,1.481,5.574,6.854,4.343,18.152,64.94,84.573,300
uav0000297_02761_v,1904x1072,323,1.47,5.51,6.867,4.24,18.005,65.285,84.76,300
uav0000297_02761_v,1904x1072,324,1.515,5.528,6.872,4.228,18.022,65.764,85.301,300
uav0000297_02761_v,1904x1072,325,1.501,5.546,6.87,4.262,18.036,65.897,85.434,300
uav0000297_02761_v,1904x1072,326,1.468,5.555,6.866,4.182,17.959,66.191,85.618,300
uav0000297_02761_v,1904x1072,327,1.503,5.654,6.862,4.24,18.101,66.51,86.114,300
uav0000297_02761_v,1904x1072,328,1.465,5.571,6.876,4.254,18.077,66.697,86.24,300
uav0000297_02761_v,1904x1072,329,1.492,5.524,6.833,4.275,17.998,67.162,86.653,300
uav0000297_02761_v,1904x1072,330,1.43,5.753,6.857,4.275,18.267,66.562,86.258,300
uav0000297_02761_v,1904x1072,331,1.463,5.523,6.876,4.315,18.094,66.176,85.733,300
uav0000297_02761_v,1904x1072,332,1.509,5.517,6.868,4.231,17.96,66.379,85.848,300
uav0000297_02761_v,1904x1072,333,1.465,5.594,6.839,4.247,18.086,65.388,84.939,300
uav0000297_02761_v,1904x1072,334,1.449,5.552,6.87,4.428,18.248,64.89,84.587,300
uav0000297_02761_v,1904x1072,335,1.442,5.533,6.866,4.368,18.167,64.875,84.484,300
uav0000297_02761_v,1904x1072,336,1.539,5.532,6.871,4.424,18.197,64.845,84.581,300
uav0000297_02761_v,1904x1072,337,1.561,5.533,6.842,4.479,18.214,64.898,84.672,300
uav0000297_02761_v,1904x1072,338,1.502,5.536,6.863,4.333,18.101,65.461,85.065,300
uav0000297_02761_v,1904x1072,339,1.481,5.54,6.886,4.476,18.302,65.352,85.134,300
uav0000297_02761_v,1904x1072,340,1.468,5.545,6.882,4.365,18.206,65.833,85.507,300
uav0000297_02761_v,1904x1072,341,1.533,5.491,6.849,4.465,18.188,65.53,85.252,300
uav0000297_02761_v,1904x1072,342,1.463,5.54,6.883,4.463,18.252,65.158,84.874,300
uav0000297_02761_v,1904x1072,343,1.483,5.535,6.898,4.335,18.217,64.845,84.545,300
uav0000297_02761_v,1904x1072,344,1.542,5.563,6.889,4.367,18.192,65.41,85.145,300
uav0000297_02761_v,1904x1072,345,1.542,5.514,6.866,4.344,18.099,65.993,85.633,300
uav0000297_02761_v,1904x1072,346,1.489,5.596,6.881,4.418,18.282,66.064,85.835,300
uav0000297_02761_v,1904x1072,347,1.496,5.5,6.86,4.453,18.185,65.75,85.431,300
uav0000297_02761_v,1904x1072,348,1.502,5.507,6.881,4.556,18.336,66.27,86.107,300
uav0000297_02761_v,1904x1072,349,1.556,5.501,6.847,4.365,18.08,65.973,85.608,300
uav0000297_02761_v,1904x1072,350,1.431,5.485,6.865,4.433,18.181,66.572,86.184,300
uav0000297_02761_v,1904x1072,351,1.522,5.496,6.87,4.3,18.029,65.723,85.274,300
uav0000297_02761_v,1904x1072,352,1.467,5.483,6.888,4.48,18.211,66.119,85.797,300
uav0000297_02761_v,1904x1072,353,1.47,5.5,6.834,4.324,18.048,66.551,86.069,300
uav0000297_02761_v,1904x1072,354,1.442,5.489,6.878,4.367,18.11,66.389,85.941,300
uav0000297_02761_v,1904x1072,355,1.462,5.507,6.891,4.371,18.172,66.941,86.574,300
uav0000297_02761_v,1904x1072,356,1.432,5.488,6.892,4.463,18.241,67.132,86.805,300
uav0000297_02761_v,1904x1072,357,1.473,5.488,6.838,4.262,17.942,66.189,85.605,300
uav0000297_02761_v,1904x1072,358,1.454,5.51,6.875,4.416,18.15,66.13,85.735,300
uav0000297_02761_v,1904x1072,359,1.51,5.484,6.852,4.343,18.026,65.237,84.773,300
uav0000297_02761_v,1904x1072,360,12.914,5.494,6.854,4.3,18.005,64.763,95.682,300
uav0000297_02761_v,1904x1072,361,1.504,5.484,6.845,4.311,17.997,65.48,84.981,300
uav0000297_02761_v,1904x1072,362,1.438,5.473,6.854,4.376,18.087,66.117,85.642,300
uav0000297_02761_v,1904x1072,363,1.514,5.543,6.853,4.475,18.262,65.473,85.25,300
uav0000297_02761_v,1904x1072,364,1.491,5.496,6.862,4.336,18.063,65.269,84.822,300
uav0000297_02761_v,1904x1072,365,1.479,5.482,6.851,4.299,18.002,65.662,85.142,300
uav0000297_02761_v,1904x1072,366,1.477,5.515,6.865,4.297,18.036,65.318,84.832,300
uav0000297_02761_v,1904x1072,367,1.476,5.517,6.813,4.232,17.913,65.179,84.568,300
uav0000297_02761_v,1904x1072,368,1.401,5.506,6.819,4.327,17.98,67.245,86.626,300
uav0000297_02761_v,1904x1072,369,1.126,5.537,6.839,4.425,18.185,65.779,85.089,300
uav0000297_02761_v,1904x1072,370,1.16,5.504,6.825,4.28,17.981,65.842,84.983,300
uav0000297_02761_v,1904x1072,371,1.145,5.452,6.819,4.244,17.869,66.924,85.938,300
uav0000297_02761_v,1904x1072,372,1.09,5.497,6.829,4.312,17.997,66.766,85.853,300
uav0000297_02761_v,1904x1072,373,1.066,5.462,6.827,4.289,17.92,67.515,86.5,300
uav0000306_00230_v,680x382,1,14.955,7.633,6.867,3.518,19.47,14.216,48.641,300
uav0000306_00230_v,680x382,2,0.567,7.376,6.81,3.362,18.8,18.886,38.253,300
uav0000306_00230_v,680x382,3,0.543,7.43,6.809,3.409,18.87,19.598,39.011,300
uav0000306_00230_v,680x382,4,0.541,7.413,6.821,3.342,18.83,20.087,39.458,300
uav0000306_00230_v,680x382,5,0.944,7.499,6.818,3.359,18.929,20.827,40.7,300
uav0000306_00230_v,680x382,6,0.504,7.376,6.802,3.313,18.732,21.505,40.741,300
uav0000306_00230_v,680x382,7,0.531,7.403,6.818,3.392,18.824,22.199,41.554,300
uav0000306_00230_v,680x382,8,0.499,7.345,6.816,3.341,18.72,22.842,42.061,300
uav0000306_00230_v,680x382,9,0.538,7.429,6.819,3.467,18.934,21.675,41.146,300
uav0000306_00230_v,680x382,10,0.496,7.436,6.819,3.376,18.839,22.12,41.454,300
uav0000306_00230_v,680x382,11,0.516,7.339,6.814,3.375,18.738,22.031,41.285,300
uav0000306_00230_v,680x382,12,0.485,7.461,6.828,3.389,18.897,24.057,43.439,300
uav0000306_00230_v,680x382,13,0.404,7.429,6.812,3.375,18.866,23.258,42.528,300
uav0000306_00230_v,680x382,14,0.54,7.397,6.813,3.373,18.791,24.076,43.408,300
uav0000306_00230_v,680x382,15,0.528,7.337,6.824,3.343,18.731,22.989,42.248,300
uav0000306_00230_v,680x382,16,0.518,7.517,6.821,3.426,18.97,23.079,42.567,300
uav0000306_00230_v,680x382,17,0.488,7.352,6.81,3.397,18.775,22.668,41.931,300
uav0000306_00230_v,680x382,18,0.523,7.459,6.817,3.364,18.857,23.164,42.545,300
uav0000306_00230_v,680x382,19,0.53,7.468,6.818,3.328,18.836,23.311,42.677,300
uav0000306_00230_v,680x382,20,0.539,7.391,6.838,3.343,18.783,23.125,42.447,300
uav0000306_00230_v,680x382,21,0.497,7.437,6.819,3.441,18.888,22.608,41.993,300
uav0000306_00230_v,680x382,22,0.402,7.336,6.8,3.373,18.716,23.086,42.204,300
uav0000306_00230_v,680x382,23,0.52,7.45,6.808,3.352,18.811,22.686,42.017,300
uav0000306_00230_v,680x382,24,0.56,7.349,6.817,3.382,18.751,23.344,42.655,300
uav0000306_00230_v,680x382,25,0.502,7.366,6.828,3.368,18.796,22.286,41.584,300
uav0000306_00230_v,680x382,26,0.522,7.413,6.816,3.359,18.808,22.535,41.865,300
uav0000306_00230_v,680x382,27,0.534,7.438,6.825,3.357,18.831,22.714,42.079,300
uav0000306_00230_v,680x382,28,0.55,7.443,6.808,3.373,18.84,22.747,42.137,300
uav0000306_00230_v,680x382,29,0.497,7.378,6.817,3.327,18.694,22.445,41.637,300
uav0000306_00230_v,680x382,30,0.495,7.369,6.822,3.361,18.769,22.865,42.128,300
uav0000306_00230_v,680x382,31,0.542,7.373,6.809,3.279,18.673,22.144,41.36,300
uav0000306_00230_v,680x382,32,0.525,7.453,6.808,3.347,18.802,22.189,41.516,300
uav0000306_00230_v,680x382,33,0.496,7.432,6.81,3.399,18.844,21.847,41.187,300
uav0000306_00230_v,680x382,34,0.491,7.387,6.814,3.373,18.786,22.028,41.305,300
uav0000306_00230_v,680x382,35,0.521,7.378,6.812,3.304,18.67,21.564,40.755,300
uav0000306_00230_v,680x382,36,0.533,7.396,6.8,3.306,18.733,23.097,42.363,300
uav0000306_00230_v,680x382,37,0.515,7.308,6.796,3.333,18.679,22.282,41.475,300
uav0000306_00230_v,680x382,38,0.5,7.378,6.822,3.32,18.766,22.388,41.655,300
uav0000306_00230_v,680x382,39,1.105,7.847,6.811,3.596,19.565,22.044,42.714,297
uav0000306_00230_v,680x382,40,0.541,7.452,6.81,3.345,18.849,22.314,41.704,300
uav0000306_00230_v,680x382,41,0.498,7.343,6.81,3.382,18.734,21.544,40.776,300
uav0000306_00230_v,680x382,42,0.506,7.379,6.821,3.284,18.666,21.656,40.828,300
uav0000306_00230_v,680x382,43,0.528,7.369,6.816,3.32,18.698,22.419,41.645,300
uav0000306_00230_v,680x382,44,0.544,7.342,6.808,3.355,18.726,22.804,42.074,300
uav0000306_00230_v,680x382,45,0.518,7.348,6.816,3.323,18.686,22.644,41.848,300
uav0000306_00230_v,680x382,46,0.494,7.351,6.817,3.398,18.77,22.346,41.609,300
uav0000306_00230_v,680x382,47,0.528,7.362,6.808,3.351,18.708,22.131,41.368,300
uav0000306_00230_v,680x382,48,0.529,7.429,6.811,3.357,18.807,22.904,42.24,300
uav0000306_00230_v,680x382,49,0.568,7.338,6.808,3.361,18.714,22.722,42.004,300
uav0000306_00230_v,680x382,50,0.512,7.429,6.825,3.302,18.764,22.56,41.836,299
uav0000306_00230_v,680x382,51,0.568,7.384,6.811,3.361,18.806,22.901,42.275,294
uav0000306_00230_v,680x382,52,0.529,7.463,6.82,3.366,18.852,23.11,42.491,279
uav0000306_00230_v,680x382,53,0.523,7.388,6.813,3.332,18.802,22.969,42.293,287
uav0000306_00230_v,680x382,54,0.557,7.39,6.81,3.332,18.725,22.58,41.862,288
uav0000306_00230_v,680x382,55,0.543,7.419,6.807,3.345,18.744,23.128,42.415,279
uav0000306_00230_v,680x382,56,0.534,7.348,6.814,3.368,18.752,22.988,42.274,293
uav0000306_00230_v,680x382,57,0.508,7.429,6.82,3.234,18.683,22.465,41.655,300
uav0000306_00230_v,680x382,58,0.545,7.348,6.805,3.318,18.7,22.9,42.146,300
uav0000306_00230_v,680x382,59,0.531,7.41,6.801,3.322,18.759,22.365,41.655,297
uav0000306_00230_v,680x382,60,0.505,7.325,6.822,3.312,18.665,22.878,42.048,286
uav0000306_00230_v,680x382,61,0.531,7.407,6.805,3.267,18.71,22.532,41.773,300
uav0000306_00230_v,680x382,62,0.527,7.455,6.801,3.321,18.801,22.901,42.229,300
uav0000306_00230_v,680x382,63,0.539,7.402,6.809,3.304,18.755,21.997,41.29,295
uav0000306_00230_v,680x382,64,0.512,7.428,6.808,3.245,18.703,22.076,41.291,284
uav0000306_00230_v,680x382,65,0.541,7.365,6.81,3.364,18.758,22.066,41.365,294
uav0000306_00230_v,680x382,66,0.509,7.372,6.798,3.296,18.688,21.623,40.819,275
uav0000306_00230_v,680x382,67,0.545,7.432,6.82,3.321,18.806,21.766,41.118,266
uav0000306_00230_v,680x382,68,0.53,7.373,6.822,3.252,18.662,21.782,40.974,270
uav0000306_00230_v,680x382,69,0.516,7.391,6.806,3.313,18.691,22.513,41.72,277
uav0000306_00230_v,680x382,70,0.526,7.385,6.822,3.331,18.726,22.618,41.871,271
uav0000306_00230_v,680x382,71,0.551,7.406,6.806,3.265,18.683,21.732,40.966,270
uav0000306_00230_v,680x382,72,0.562,7.424,6.813,3.289,18.797,21.705,41.065,283
uav0000306_00230_v,680x382,73,0.423,7.447,6.814,3.405,18.876,22.018,41.317,292
uav0000306_00230_v,680x382,74,0.515,7.382,6.815,3.32,18.746,22.022,41.283,294
uav0000306_00230_v,680x382,75,0.554,7.398,6.805,3.291,18.695,22.06,41.309,295
uav0000306_00230_v,680x382,76,0.555,7.465,6.806,3.346,18.837,22.024,41.416,284
uav0000306_00230_v,680x382,77,0.528,7.37,6.833,3.343,18.755,22.273,41.556,293
uav0000306_00230_v,680x382,78,0.55,7.433,6.787,3.365,18.811,22.411,41.772,300
uav0000306_00230_v,680x382,79,0.434,7.393,6.821,3.364,18.785,22.21,41.428,293
uav0000306_00230_v,680x382,80,0.54,7.392,6.81,3.297,18.69,22.461,41.69,300
uav0000306_00230_v,680x382,81,0.506,7.495,6.834,3.291,18.816,21.565,40.886,283
uav0000306_00230_v,680x382,82,0.43,7.402,6.803,3.335,18.754,21.966,41.15,281
uav0000306_00230_v,680x382,83,0.432,7.369,6.807,3.329,18.707,20.87,40.009,293
uav0000306_00230_v,680x382,84,0.535,7.375,6.796,3.301,18.676,20.586,39.798,275
uav0000306_00230_v,680x382,85,0.487,7.368,7.03,3.455,19.043,21.263,40.793,287
uav0000306_00230_v,680x382,86,0.538,7.475,6.808,3.275,18.796,20.451,39.785,252
uav0000306_00230_v,680x382,87,0.536,7.396,6.81,3.317,18.707,20.368,39.611,262
uav0000306_00230_v,680x382,88,0.403,7.356,6.795,3.294,18.647,20.448,39.498,268
uav0000306_00230_v,680x382,89,0.472,7.379,6.814,3.268,18.652,20.732,39.856,261
uav0000306_00230_v,680x382,90,0.524,7.402,6.809,3.294,18.684,20.941,40.149,279
uav0000306_00230_v,680x382,91,0.466,7.36,6.81,3.321,18.677,21.056,40.199,259
uav0000306_00230_v,680x382,92,0.503,7.375,6.813,3.334,18.711,21.727,40.941,269
uav0000306_00230_v,680x382,93,0.493,7.446,6.802,3.304,18.784,22.172,41.449,300
uav0000306_00230_v,680x382,94,0.453,7.423,6.806,3.195,18.625,21.229,40.307,282
uav0000306_00230_v,680x382,95,0.447,7.421,6.811,3.319,18.76,21.354,40.561,300
uav0000306_00230_v,680x382,96,0.525,7.35,6.84,3.271,18.68,21.228,40.433,297
uav0000306_00230_v,680x382,97,0.458,7.331,6.815,3.337,18.697,21.54,40.695,279
uav0000306_00230_v,680x382,98,0.522,7.407,6.797,3.237,18.703,20.46,39.685,294
uav0000306_00230_v,680x382,99,0.541,7.47,6.801,3.359,18.835,21.654,41.03,281
uav0000306_00230_v,680x382,100,0.556,7.452,6.814,3.318,18.784,21.203,40.543,268
uav0000306_00230_v,680x382,101,0.525,7.491,6.809,3.282,18.771,21.358,40.654,295
uav0000306_00230_v,680x382,102,0.552,7.459,6.802,3.371,18.819,21.941,41.312,299
uav0000306_00230_v,680x382,103,0.434,7.412,6.811,3.287,18.688,21.49,40.612,300
uav0000306_00230_v,680x382,104,0.499,7.412,6.816,3.276,18.755,22.133,41.387,291
uav0000306_00230_v,680x382,105,0.552,7.379,6.803,3.286,18.666,21.095,40.314,294
uav0000306_00230_v,680x382,106,0.515,7.404,6.797,3.243,18.646,21.119,40.28,290
uav0000306_00230_v,680x382,107,0.525,7.368,6.818,3.296,18.673,21.76,40.958,300
uav0000306_00230_v,680x382,108,0.546,7.342,6.828,3.363,18.738,21.598,40.883,284
uav0000306_00230_v,680x382,109,0.506,7.387,6.808,3.198,18.605,20.563,39.673,275
uav0000306_00230_v,680x382,110,0.413,7.347,6.828,3.384,18.748,19.802,38.963,281
uav0000306_00230_v,680x382,111,0.572,7.316,6.839,3.216,18.561,19.889,39.022,281
uav0000306_00230_v,680x382,112,0.423,7.416,6.806,3.218,18.626,19.818,38.867,282
uav0000306_00230_v,680x382,113,0.47,7.511,6.814,3.344,18.876,19.65,38.996,265
uav0000306_00230_v,680x382,114,0.502,7.358,6.805,3.298,18.671,19.901,39.074,252
uav0000306_00230_v,680x382,115,0.467,7.337,6.846,3.292,18.668,19.885,39.02,285
uav0000306_00230_v,680x382,116,0.553,7.398,6.813,3.361,18.776,20.228,39.558,275
uav0000306_00230_v,680x382,117,0.508,7.449,6.793,3.31,18.73,20.604,39.842,263
uav0000306_00230_v,680x382,118,0.546,7.404,6.799,3.349,18.773,20.154,39.472,276
uav0000306_00230_v,680x382,119,0.525,7.429,6.823,3.322,18.789,20.975,40.289,261
uav0000306_00230_v,680x382,120,0.525,7.442,6.82,3.316,18.791,20.466,39.782,274
uav0000306_00230_v,680x382,121,0.517,7.438,6.816,3.265,18.731,20.288,39.536,266
uav0000306_00230_v,680x382,122,0.531,7.42,6.81,3.258,18.726,19.498,38.755,248
uav0000306_00230_v,680x382,123,0.527,7.553,6.811,3.308,18.865,18.592,37.984,261
uav0000306_00230_v,680x382,124,0.419,7.444,6.801,3.333,18.766,19.249,38.434,300
uav0000306_00230_v,680x382,125,0.511,7.419,6.816,3.335,18.788,18.768,38.067,300
uav0000306_00230_v,680x382,126,0.541,7.4,6.804,3.266,18.651,17.883,37.075,298
uav0000306_00230_v,680x382,127,0.514,7.413,6.803,3.339,18.748,18.755,38.018,300
uav0000306_00230_v,680x382,128,0.407,7.424,6.805,3.35,18.775,19.055,38.238,300
uav0000306_00230_v,680x382,129,0.522,7.368,6.81,3.264,18.621,18.516,37.659,288
uav0000306_00230_v,680x382,130,0.433,7.36,6.807,3.322,18.68,19.026,38.14,260
uav0000306_00230_v,680x382,131,0.496,7.425,6.822,3.288,18.705,18.866,38.066,272
uav0000306_00230_v,680x382,132,0.526,7.45,6.805,3.317,18.745,18.422,37.694,288
uav0000306_00230_v,680x382,133,0.524,7.333,6.807,3.306,18.625,18.236,37.385,291
uav0000306_00230_v,680x382,134,0.423,7.437,6.808,3.35,18.804,18.657,37.885,299
uav0000306_00230_v,680x382,135,0.513,7.32,6.826,3.377,18.734,18.37,37.618,281
uav0000306_00230_v,680x382,136,0.415,7.435,6.794,3.254,19.022,19.18,38.617,276
uav0000306_00230_v,680x382,137,0.428,7.37,6.844,3.343,18.782,19.46,38.67,284
uav0000306_00230_v,680x382,138,0.518,7.408,6.81,3.313,18.73,18.899,38.147,300
uav0000306_00230_v,680x382,139,0.409,7.348,6.812,3.306,18.667,18.85,37.927,300
uav0000306_00230_v,680x382,140,0.522,7.444,6.816,3.261,18.734,18.716,37.972,276
uav0000306_00230_v,680x382,141,0.52,7.465,6.811,3.262,18.729,18.937,38.185,287
uav0000306_00230_v,680x382,142,0.487,7.418,6.799,3.261,18.684,19.621,38.793,293
uav0000306_00230_v,680x382,143,0.531,7.445,6.818,3.368,18.837,19.92,39.288,299
uav0000306_00230_v,680x382,144,0.529,7.357,6.794,3.378,18.791,19.737,39.057,300
uav0000306_00230_v,680x382,145,0.521,7.352,6.808,3.295,18.66,20.119,39.301,300
uav0000306_00230_v,680x382,146,0.501,7.35,6.814,3.277,18.648,20.065,39.214,300
uav0000306_00230_v,680x382,147,0.506,7.445,6.812,3.301,18.728,19.529,38.764,277
uav0000306_00230_v,680x382,148,0.442,7.405,6.808,3.281,18.737,19.652,38.831,300
uav0000306_00230_v,680x382,149,0.443,7.339,6.823,3.372,18.725,20.618,39.786,300
uav0000306_00230_v,680x382,150,0.533,7.32,6.812,3.281,18.612,19.34,38.484,287
uav0000306_00230_v,680x382,151,0.451,7.44,6.815,3.342,18.789,18.256,37.496,277
uav0000306_00230_v,680x382,152,0.483,7.381,6.837,3.255,18.66,18.536,37.68,281
uav0000306_00230_v,680x382,153,0.523,7.417,6.826,3.394,18.833,19.051,38.407,299
uav0000306_00230_v,680x382,154,0.446,7.328,6.795,3.272,18.586,19.151,38.183,289
uav0000306_00230_v,680x382,155,0.533,7.413,6.806,3.266,18.675,18.34,37.548,300
uav0000306_00230_v,680x382,156,0.533,7.314,6.804,3.347,18.661,19.684,38.877,300
uav0000306_00230_v,680x382,157,0.5,7.312,6.791,3.303,18.629,19.944,39.073,298
uav0000306_00230_v,680x382,158,0.452,7.457,6.811,3.348,18.819,19.732,39.003,300
uav0000306_00230_v,680x382,159,0.521,7.406,6.797,3.285,18.715,20.858,40.094,300
uav0000306_00230_v,680x382,160,0.416,7.427,6.799,3.269,18.726,19.839,38.981,300
uav0000306_00230_v,680x382,161,0.526,7.349,6.799,3.249,18.575,19.827,38.928,282
uav0000306_00230_v,680x382,162,0.517,7.361,6.814,3.349,18.741,20.294,39.552,287
uav0000306_00230_v,680x382,163,0.49,7.401,6.794,3.305,18.688,19.451,38.629,288
uav0000306_00230_v,680x382,164,0.443,7.476,6.814,3.324,18.807,19.144,38.393,261
uav0000306_00230_v,680x382,165,0.488,7.358,6.811,3.273,18.651,19.579,38.718,286
uav0000306_00230_v,680x382,166,0.421,7.388,6.803,3.336,18.72,19.186,38.327,296
uav0000306_00230_v,680x382,167,0.525,7.4,6.809,3.262,18.724,19.063,38.312,300
uav0000306_00230_v,680x382,168,0.515,7.389,6.832,3.298,18.715,18.079,37.31,300
uav0000306_00230_v,680x382,169,0.513,7.424,6.796,3.277,18.719,17.348,36.581,300
uav0000306_00230_v,680x382,170,0.411,7.41,6.812,3.301,18.77,17.567,36.748,300
uav0000306_00230_v,680x382,171,0.529,7.434,6.809,3.251,18.663,19.213,38.404,300
uav0000306_00230_v,680x382,172,0.414,7.416,6.816,3.283,18.703,18.271,37.388,300
uav0000306_00230_v,680x382,173,0.435,7.417,6.814,3.401,18.814,18.304,37.554,300
uav0000306_00230_v,680x382,174,0.548,7.382,6.799,3.357,18.729,17.25,36.527,300
uav0000306_00230_v,680x382,175,0.429,7.423,6.798,3.251,18.665,17.721,36.815,300
uav0000306_00230_v,680x382,176,0.505,7.399,6.81,3.287,18.748,17.121,36.374,300
uav0000306_00230_v,680x382,177,0.488,7.509,6.816,3.344,18.852,17.53,36.871,293
uav0000306_00230_v,680x382,178,0.414,7.407,6.802,3.252,18.664,18.079,37.157,300
uav0000306_00230_v,680x382,179,0.542,7.366,6.854,3.282,18.709,18.264,37.515,300
uav0000306_00230_v,680x382,180,0.436,7.413,6.798,3.241,18.683,17.381,36.5,300
uav0000306_00230_v,680x382,181,0.496,7.491,6.828,3.346,18.858,18.071,37.425,300
uav0000306_00230_v,680x382,182,0.527,7.41,6.816,3.326,18.776,17.552,36.856,298
uav0000306_00230_v,680x382,183,0.53,7.311,6.807,3.281,18.586,16.708,35.825,292
uav0000306_00230_v,680x382,184,0.421,7.352,6.81,3.298,18.642,16.858,35.92,280
uav0000306_00230_v,680x382,185,0.504,7.364,6.807,3.277,18.63,17.483,36.617,300
uav0000306_00230_v,680x382,186,0.52,7.351,6.822,3.274,18.631,18.289,37.44,283
uav0000306_00230_v,680x382,187,0.524,7.434,6.807,3.315,18.754,17.577,36.854,300
uav0000306_00230_v,680x382,188,0.507,7.322,6.807,3.309,18.678,17.175,36.36,273
uav0000306_00230_v,680x382,189,0.534,7.338,6.842,3.254,18.597,18.886,38.017,288
uav0000306_00230_v,680x382,190,0.422,7.376,6.804,3.275,18.668,18.229,37.319,300
uav0000306_00230_v,680x382,191,0.527,7.37,6.8,3.31,18.665,18.119,37.31,300
uav0000306_00230_v,680x382,192,0.502,7.331,6.806,3.29,18.61,17.761,36.873,300
uav0000306_00230_v,680x382,193,25.675,7.394,6.831,3.305,18.757,17.805,62.237,286
uav0000306_00230_v,680x382,194,0.528,7.347,6.822,3.345,18.686,17.568,36.783,300
uav0000306_00230_v,680x382,195,0.524,7.344,6.799,3.297,18.618,18.342,37.485,300
uav0000306_00230_v,680x382,196,0.518,7.386,6.824,3.336,18.75,18.063,37.331,300
uav0000306_00230_v,680x382,197,0.506,7.359,6.804,3.344,18.708,18.878,38.092,300
uav0000306_00230_v,680x382,198,0.533,7.392,6.821,3.299,18.712,19.368,38.613,300
uav0000306_00230_v,680x382,199,0.513,7.299,6.816,3.341,18.631,19.446,38.59,300
uav0000306_00230_v,680x382,200,0.53,7.343,6.81,3.237,18.57,18.535,37.635,300
uav0000306_00230_v,680x382,201,0.486,7.37,6.806,3.305,18.636,18.857,37.979,300
uav0000306_00230_v,680x382,202,0.518,7.419,6.806,3.617,19.028,19.103,38.65,300
uav0000306_00230_v,680x382,203,0.534,7.417,6.799,3.318,18.761,19.372,38.667,300
uav0000306_00230_v,680x382,204,0.519,7.42,6.814,3.329,18.745,19.354,38.618,300
uav0000306_00230_v,680x382,205,0.526,7.391,6.814,3.264,18.653,19.319,38.498,300
uav0000306_00230_v,680x382,206,0.547,7.342,6.823,3.272,18.654,20.583,39.785,300
uav0000306_00230_v,680x382,207,0.523,7.381,6.797,3.313,18.685,20.597,39.805,300
uav0000306_00230_v,680x382,208,0.509,7.38,6.807,3.26,18.623,20.003,39.135,300
uav0000306_00230_v,680x382,209,0.521,7.351,6.817,3.319,18.688,20.848,40.058,300
uav0000306_00230_v,680x382,210,0.536,7.35,6.812,3.34,18.707,20.581,39.824,300
uav0000306_00230_v,680x382,211,0.535,7.35,6.804,3.374,18.729,21.123,40.386,300
uav0000306_00230_v,680x382,212,0.492,7.331,6.816,3.399,18.736,21.119,40.348,300
uav0000306_00230_v,680x382,213,0.517,7.322,6.812,3.33,18.644,21.135,40.296,300
uav0000306_00230_v,680x382,214,0.544,7.429,6.799,3.241,18.673,20.948,40.165,300
uav0000306_00230_v,680x382,215,0.524,7.376,6.813,3.328,18.753,21.525,40.802,300
uav0000306_00230_v,680x382,216,0.528,7.436,6.814,3.368,18.816,21.256,40.6,300
uav0000306_00230_v,680x382,217,0.496,7.455,6.817,3.376,18.83,21.392,40.717,300
uav0000306_00230_v,680x382,218,0.525,7.38,6.817,3.31,18.728,22.354,41.608,300
uav0000306_00230_v,680x382,219,0.525,7.391,6.803,3.32,18.723,23.361,42.609,300
uav0000306_00230_v,680x382,220,0.526,7.33,6.829,3.379,18.725,22.453,41.704,300
uav0000306_00230_v,680x382,221,0.548,7.398,6.807,3.373,18.795,23.271,42.613,300
uav0000306_00230_v,680x382,222,0.558,7.389,6.808,3.374,18.777,23.044,42.379,300
uav0000306_00230_v,680x382,223,0.539,7.43,6.803,3.325,18.746,24.275,43.56,300
uav0000306_00230_v,680x382,224,0.527,7.454,6.818,3.42,18.898,23.646,43.071,300
uav0000306_00230_v,680x382,225,0.536,7.374,6.818,3.347,18.771,23.302,42.609,300
uav0000306_00230_v,680x382,226,0.549,7.34,6.799,3.348,18.671,23.863,43.083,300
uav0000306_00230_v,680x382,227,0.537,7.357,6.808,3.395,18.731,24.847,44.114,300
uav0000306_00230_v,680x382,228,0.547,7.357,6.796,3.37,18.756,22.964,42.266,300
uav0000306_00230_v,680x382,229,0.554,7.523,6.812,3.372,18.901,24.35,43.805,300
uav0000306_00230_v,680x382,230,0.523,7.414,6.818,3.295,18.769,24.51,43.802,300
uav0000306_00230_v,680x382,231,0.549,7.421,6.814,3.338,18.815,24.546,43.91,300
uav0000306_00230_v,680x382,232,0.515,7.448,6.814,3.32,18.826,23.562,42.903,300
uav0000306_00230_v,680x382,233,0.527,7.388,6.8,3.377,18.755,24.44,43.722,300
uav0000306_00230_v,680x382,234,0.535,7.403,6.809,3.435,18.839,24.683,44.057,300
uav0000306_00230_v,680x382,235,0.539,7.396,6.822,3.412,18.846,25.843,45.228,300
uav0000306_00230_v,680x382,236,0.511,7.444,6.813,3.337,18.837,24.651,43.999,300
uav0000306_00230_v,680x382,237,0.545,7.428,6.816,3.317,18.797,25.711,45.054,300
uav0000306_00230_v,680x382,238,0.456,7.389,6.798,3.363,18.747,25.859,45.061,300
uav0000306_00230_v,680x382,239,0.533,7.405,6.807,3.397,18.829,25.645,45.007,300
uav0000306_00230_v,680x382,240,0.493,7.344,6.815,3.404,18.777,25.408,44.678,300
uav0000306_00230_v,680x382,241,0.512,7.422,6.81,3.341,18.816,26.052,45.38,300
uav0000306_00230_v,680x382,242,0.51,7.468,6.806,3.362,18.845,25.84,45.195,300
uav0000306_00230_v,680x382,243,0.523,7.404,6.806,3.456,18.868,25.098,44.489,300
uav0000306_00230_v,680x382,244,1.095,7.411,6.812,3.414,18.983,25.975,46.053,300
uav0000306_00230_v,680x382,245,0.522,7.416,6.815,3.345,18.789,25.246,44.557,300
uav0000306_00230_v,680x382,246,0.522,7.389,6.801,3.354,18.75,25.608,44.88,300
uav0000306_00230_v,680x382,247,0.55,7.318,6.804,3.343,18.668,24.976,44.194,300
uav0000306_00230_v,680x382,248,0.524,7.378,6.808,3.365,18.76,24.479,43.763,300
uav0000306_00230_v,680x382,249,0.56,7.417,6.801,3.366,18.779,25.814,45.153,300
uav0000306_00230_v,680x382,250,0.431,7.339,6.818,3.342,18.741,25.802,44.974,300
uav0000306_00230_v,680x382,251,0.501,7.494,6.811,3.396,18.919,25.551,44.971,300
uav0000306_00230_v,680x382,252,0.495,7.386,6.802,3.339,18.735,25.228,44.458,300
uav0000306_00230_v,680x382,253,0.544,7.427,6.814,3.396,18.888,24.248,43.68,300
uav0000306_00230_v,680x382,254,0.543,7.395,6.826,3.379,18.841,24.126,43.51,300
uav0000306_00230_v,680x382,255,0.42,7.485,6.821,3.39,18.906,24.934,44.26,300
uav0000306_00230_v,680x382,256,0.447,7.351,6.816,3.362,18.782,25.053,44.282,300
uav0000306_00230_v,680x382,257,0.585,7.394,6.836,3.381,18.81,24.87,44.265,300
uav0000306_00230_v,680x382,258,0.53,7.373,6.805,3.426,18.804,25.754,45.087,300
uav0000306_00230_v,680x382,259,0.5,7.416,6.826,3.369,18.837,26.244,45.581,300
uav0000306_00230_v,680x382,260,0.507,7.407,6.819,3.397,18.825,25.922,45.254,300
uav0000306_00230_v,680x382,261,0.473,7.614,6.81,3.435,19.085,26.915,46.473,300
uav0000306_00230_v,680x382,262,0.417,7.424,6.824,3.37,18.843,26.642,45.901,300
uav0000306_00230_v,680x382,263,0.513,7.405,6.808,3.393,18.811,25.867,45.19,300
uav0000306_00230_v,680x382,264,0.527,7.451,6.809,3.429,18.903,25.867,45.297,300
uav0000306_00230_v,680x382,265,0.518,7.38,6.808,3.374,18.768,26.867,46.153,300
uav0000306_00230_v,680x382,266,0.522,7.382,6.802,3.369,18.8,26.319,45.641,300
uav0000306_00230_v,680x382,267,0.407,7.407,6.802,3.374,18.765,25.974,45.146,300
uav0000306_00230_v,680x382,268,0.445,7.355,6.805,3.396,18.775,25.471,44.691,300
uav0000306_00230_v,680x382,269,0.536,7.444,6.813,3.441,18.945,24.484,43.965,300
uav0000306_00230_v,680x382,270,0.54,7.344,6.811,3.427,18.781,24.184,43.505,300
uav0000306_00230_v,680x382,271,0.496,7.377,6.798,3.401,18.776,24.178,43.449,300
uav0000306_00230_v,680x382,272,0.547,7.387,6.837,3.517,18.967,24.075,43.589,300
uav0000306_00230_v,680x382,273,0.433,7.318,6.809,3.379,18.76,23.938,43.131,300
uav0000306_00230_v,680x382,274,0.422,7.358,6.804,3.435,18.794,23.614,42.83,300
uav0000306_00230_v,680x382,275,0.51,7.464,6.805,3.272,18.735,22.477,41.722,300
uav0000306_00230_v,680x382,276,0.493,7.454,6.826,3.428,18.912,23.1,42.505,300
uav0000306_00230_v,680x382,277,0.557,7.425,6.821,3.393,18.857,23.348,42.762,300
uav0000306_00230_v,680x382,278,0.521,7.383,6.81,3.382,18.794,23.029,42.345,300
uav0000306_00230_v,680x382,279,0.42,7.377,6.824,3.408,18.821,23.336,42.577,300
uav0000306_00230_v,680x382,280,0.453,7.447,6.814,3.39,18.909,23.504,42.866,300
uav0000306_00230_v,680x382,281,0.52,7.351,6.808,3.45,18.818,24.62,43.958,300
uav0000306_00230_v,680x382,282,0.529,7.432,6.821,3.424,18.886,24.463,43.878,300
uav0000306_00230_v,680x382,283,0.483,7.366,6.829,3.404,18.806,22.903,42.193,300
uav0000306_00230_v,680x382,284,0.486,7.508,6.827,3.364,18.923,23.518,42.926,300
uav0000306_00230_v,680x382,285,0.433,7.494,6.825,3.366,18.94,24.957,44.33,300
uav0000306_00230_v,680x382,286,0.437,7.456,6.817,3.446,18.923,24.612,43.972,300
uav0000306_00230_v,680x382,287,0.499,7.452,6.822,3.43,18.922,25.528,44.949,300
uav0000306_00230_v,680x382,288,0.532,7.509,6.814,3.381,18.916,25.636,45.085,300
uav0000306_00230_v,680x382,289,0.558,7.418,6.807,3.389,18.822,25.453,44.832,300
uav0000306_00230_v,680x382,290,0.491,7.412,6.805,3.458,18.903,25.259,44.654,300
uav0000306_00230_v,680x382,291,0.705,7.738,6.806,3.412,19.165,25.289,45.159,300
uav0000306_00230_v,680x382,292,0.427,7.451,6.804,3.372,18.842,26.465,45.734,300
uav0000306_00230_v,680x382,293,0.534,7.403,6.811,3.44,18.879,26.353,45.766,300
uav0000306_00230_v,680x382,294,0.533,7.467,6.825,3.437,18.943,26.497,45.974,300
uav0000306_00230_v,680x382,295,0.507,7.368,6.81,3.422,18.795,24.338,43.64,300
uav0000306_00230_v,680x382,296,0.576,7.419,6.798,3.381,18.795,24.205,43.575,300
uav0000306_00230_v,680x382,297,0.55,7.442,6.844,3.413,18.926,23.738,43.214,300
uav0000306_00230_v,680x382,298,0.398,7.446,6.822,3.429,18.896,24.31,43.603,300
uav0000306_00230_v,680x382,299,0.543,7.379,6.825,3.419,18.814,24.201,43.558,300
uav0000306_00230_v,680x382,300,0.526,7.504,6.823,3.492,19.039,25.637,45.202,300
uav0000306_00230_v,680x382,301,0.521,7.394,6.827,3.45,18.934,24.592,44.047,300
uav0000306_00230_v,680x382,302,0.507,7.366,6.805,3.411,18.82,25.569,44.897,300
uav0000306_00230_v,680x382,303,0.422,7.336,6.816,3.412,18.771,25.388,44.582,300
uav0000306_00230_v,680x382,304,0.43,7.376,6.806,3.407,18.814,26.236,45.48,300
uav0000306_00230_v,680x382,305,0.502,7.39,6.807,3.361,18.759,25.783,45.043,300
uav0000306_00230_v,680x382,306,0.539,7.32,6.812,3.435,18.817,25.775,45.131,300
uav0000306_00230_v,680x382,307,0.536,7.399,6.813,3.423,18.939,24.937,44.412,300
uav0000306_00230_v,680x382,308,0.521,7.432,6.801,3.407,18.878,23.52,42.918,300
uav0000306_00230_v,680x382,309,0.41,7.371,6.814,3.463,18.887,22.494,41.791,300
uav0000306_00230_v,680x382,310,0.394,7.421,6.816,3.518,19.006,24.296,43.696,300
uav0000306_00230_v,680x382,311,0.523,7.483,6.819,3.531,19.069,24.878,44.471,300
uav0000306_00230_v,680x382,312,0.526,7.508,6.819,3.472,19.039,25.826,45.391,300
uav0000306_00230_v,680x382,313,0.545,7.368,6.85,3.412,18.849,25.807,45.202,300
uav0000306_00230_v,680x382,314,0.526,7.374,6.811,3.428,18.867,25.265,44.659,300
uav0000306_00230_v,680x382,315,0.438,7.504,6.822,3.446,19.008,25.996,45.442,300
uav0000306_00230_v,680x382,316,0.427,7.434,6.798,3.469,18.936,27.085,46.448,300
uav0000306_00230_v,680x382,317,0.499,7.421,6.818,3.468,18.923,26.086,45.508,300
uav0000306_00230_v,680x382,318,0.501,7.502,6.808,3.464,18.982,26.131,45.614,300
uav0000306_00230_v,680x382,319,0.533,7.372,6.8,3.389,18.761,25.885,45.179,300
uav0000306_00230_v,680x382,320,0.514,7.493,6.815,3.458,18.987,26.304,45.806,300
uav0000306_00230_v,680x382,321,0.43,7.412,6.808,3.399,18.871,26.21,45.512,300
uav0000306_00230_v,680x382,322,0.423,7.38,6.803,3.466,18.906,25.178,44.506,300
uav0000306_00230_v,680x382,323,0.547,7.454,6.812,3.489,18.981,27.019,46.546,300
uav0000306_00230_v,680x382,324,0.507,7.402,6.822,3.464,18.904,25.455,44.866,300
uav0000306_00230_v,680x382,325,0.535,7.434,6.813,3.497,18.95,24.303,43.788,300
uav0000306_00230_v,680x382,326,0.503,7.378,6.818,3.415,18.854,25.217,44.573,300
uav0000306_00230_v,680x382,327,0.447,7.453,6.819,3.481,18.966,27.372,46.785,300
uav0000306_00230_v,680x382,328,0.41,7.361,6.796,3.459,18.828,28.058,47.297,300
uav0000306_00230_v,680x382,329,0.562,7.342,6.809,3.451,18.803,26.756,46.12,300
uav0000306_00230_v,680x382,330,0.521,7.485,6.811,3.493,19.015,29.574,49.11,300
uav0000306_00230_v,680x382,331,0.515,7.442,6.812,3.493,19.016,25.508,45.039,300
uav0000306_00230_v,680x382,332,0.512,7.414,6.813,3.484,18.924,26.496,45.931,300
uav0000306_00230_v,680x382,333,0.5,7.408,6.805,3.41,18.849,27.049,46.399,300
uav0000306_00230_v,680x382,334,0.514,7.413,6.823,3.476,18.99,27.869,47.373,300
uav0000306_00230_v,680x382,335,0.436,7.352,6.82,3.428,18.837,27.696,46.969,300
uav0000306_00230_v,680x382,336,0.507,7.363,6.815,3.444,18.911,26.649,46.066,300
uav0000306_00230_v,680x382,337,0.427,7.423,6.82,3.402,18.9,26.138,45.465,300
uav0000306_00230_v,680x382,338,0.528,7.414,6.806,3.45,18.886,26.97,46.384,300
uav0000306_00230_v,680x382,339,0.435,7.437,6.807,3.419,18.949,26.249,45.632,300
uav0000306_00230_v,680x382,340,0.44,7.425,6.812,3.493,18.946,26.886,46.272,300
uav0000306_00230_v,680x382,341,0.541,7.531,6.811,3.354,18.95,26.239,45.73,300
uav0000306_00230_v,680x382,342,0.54,7.387,6.817,3.46,18.879,27.714,47.133,300
uav0000306_00230_v,680x382,343,0.532,7.441,6.804,3.477,18.958,27.302,46.791,300
uav0000306_00230_v,680x382,344,0.493,7.41,6.81,3.445,18.903,26.893,46.289,300
uav0000306_00230_v,680x382,345,0.465,7.337,6.816,3.536,18.975,25.896,45.337,300
uav0000306_00230_v,680x382,346,0.412,7.481,6.815,3.413,18.919,25.063,44.394,300
uav0000306_00230_v,680x382,347,0.527,7.378,6.797,3.376,18.8,25.145,44.471,300
uav0000306_00230_v,680x382,348,0.533,7.46,6.81,3.486,19.004,29.441,48.978,300
uav0000306_00230_v,680x382,349,0.505,7.467,6.823,3.442,18.968,28.737,48.211,300
uav0000306_00230_v,680x382,350,0.535,7.407,6.817,3.485,18.913,30.376,49.824,300
uav0000306_00230_v,680x382,351,0.549,7.387,6.803,3.491,18.946,30.442,49.937,300
uav0000306_00230_v,680x382,352,0.394,7.411,6.806,3.4,18.812,30.279,49.486,300
uav0000306_00230_v,680x382,353,0.53,7.409,6.809,3.416,18.862,29.071,48.462,300
uav0000306_00230_v,680x382,354,0.5,7.452,6.814,3.475,19.003,30.686,50.189,300
uav0000306_00230_v,680x382,355,0.521,7.366,6.812,3.451,18.854,30.766,50.141,300
uav0000306_00230_v,680x382,356,0.505,7.389,6.825,3.482,18.963,32.721,52.19,300
uav0000306_00230_v,680x382,357,0.478,7.468,6.811,3.528,19.051,32.369,51.899,300
uav0000306_00230_v,680x382,358,0.401,7.406,6.805,3.44,18.912,30.904,50.217,300
uav0000306_00230_v,680x382,359,0.566,7.471,6.815,3.473,18.991,31.325,50.882,300
uav0000306_00230_v,680x382,360,0.531,7.461,6.818,3.477,18.989,30.904,50.424,300
uav0000306_00230_v,680x382,361,0.518,7.498,6.803,3.431,19.021,31.269,50.807,300
uav0000306_00230_v,680x382,362,0.542,7.338,6.794,3.52,18.865,31.101,50.508,300
uav0000306_00230_v,680x382,363,0.526,7.392,6.809,3.443,18.863,31.25,50.639,300
uav0000306_00230_v,680x382,364,0.43,7.42,6.818,3.489,19.017,30.942,50.388,300
uav0000306_00230_v,680x382,365,0.411,7.434,6.839,3.514,19.036,32.14,51.587,300
uav0000306_00230_v,680x382,366,0.526,7.43,6.804,3.502,19.004,30.796,50.325,300
uav0000306_00230_v,680x382,367,0.51,7.407,6.808,3.526,18.963,31.277,50.749,300
uav0000306_00230_v,680x382,368,0.515,7.423,6.826,3.435,18.918,31.205,50.638,300
uav0000306_00230_v,680x382,369,0.492,7.37,6.816,3.459,18.853,31.314,50.66,300
uav0000306_00230_v,680x382,370,0.531,7.458,6.815,3.453,18.96,32.959,52.45,300
uav0000306_00230_v,680x382,371,0.512,7.493,6.826,3.463,19.023,30.929,50.464,300
uav0000306_00230_v,680x382,372,0.505,7.456,6.803,3.446,18.972,29.782,49.258,300
uav0000306_00230_v,680x382,373,0.538,7.416,6.828,3.466,18.945,29.459,48.943,300
uav0000306_00230_v,680x382,374,0.54,7.428,6.813,3.442,18.902,30.125,49.566,300
uav0000306_00230_v,680x382,375,0.458,7.375,6.811,3.492,18.902,29.237,48.597,300
uav0000306_00230_v,680x382,376,0.408,7.432,6.805,3.438,18.929,28.821,48.158,300
uav0000306_00230_v,680x382,377,0.515,7.418,6.814,3.491,18.959,27.086,46.56,300
uav0000306_00230_v,680x382,378,0.57,7.365,6.808,3.459,18.843,27.382,46.795,300
uav0000306_00230_v,680x382,379,0.526,7.494,6.814,3.432,18.982,27.734,47.242,300
uav0000306_00230_v,680x382,380,0.517,7.462,6.829,3.445,18.98,25.886,45.383,300
uav0000306_00230_v,680x382,381,0.422,7.343,6.817,3.784,19.214,26.926,46.562,300
uav0000306_00230_v,680x382,382,0.432,7.443,6.804,3.434,18.939,28.015,47.386,300
uav0000306_00230_v,680x382,383,0.518,7.48,6.831,3.509,19.038,30.248,49.804,300
uav0000306_00230_v,680x382,384,0.502,7.378,6.812,3.433,18.87,29.648,49.02,300
uav0000306_00230_v,680x382,385,0.533,7.403,6.808,3.438,18.868,31.235,50.636,300
uav0000306_00230_v,680x382,386,0.529,7.342,6.824,3.497,18.946,30.594,50.069,300
uav0000306_00230_v,680x382,387,0.411,7.419,6.805,3.413,18.871,31.592,50.874,300
uav0000306_00230_v,680x382,388,0.421,7.426,6.813,3.429,18.893,29.648,48.962,300
uav0000306_00230_v,680x382,389,0.494,7.451,6.819,3.479,19.041,30.408,49.942,300
uav0000306_00230_v,680x382,390,0.514,7.383,6.823,3.444,18.911,29.567,48.992,300
uav0000306_00230_v,680x382,391,0.507,7.382,6.818,3.417,18.849,30.123,49.478,300
uav0000306_00230_v,680x382,392,0.537,7.502,6.821,3.422,18.999,28.851,48.387,300
uav0000306_00230_v,680x382,393,0.407,7.507,6.836,3.432,19.005,28.013,47.425,300
uav0000306_00230_v,680x382,394,0.419,7.456,6.802,3.426,18.93,28.376,47.725,300
uav0000306_00230_v,680x382,395,0.523,7.407,6.811,3.363,18.854,28.586,47.964,300
uav0000306_00230_v,680x382,396,0.493,7.431,6.814,3.359,18.842,26.541,45.876,300
uav0000306_00230_v,680x382,397,0.524,7.443,6.808,3.386,18.926,26.818,46.268,300
uav0000306_00230_v,680x382,398,0.523,7.515,6.836,3.373,18.953,26.587,46.063,300
uav0000306_00230_v,680x382,399,0.438,7.385,6.844,3.446,18.898,28.971,48.307,300
uav0000306_00230_v,680x382,400,0.39,7.369,6.83,3.411,18.819,29.151,48.361,300
uav0000306_00230_v,680x382,401,0.499,7.378,6.82,3.418,18.85,29.758,49.106,300
uav0000306_00230_v,680x382,402,0.512,7.488,6.851,3.429,19.032,29.528,49.071,300
uav0000306_00230_v,680x382,403,0.54,7.415,6.811,3.442,18.908,29.087,48.535,300
uav0000306_00230_v,680x382,404,0.515,7.39,6.822,3.386,18.871,27.857,47.243,300
uav0000306_00230_v,680x382,405,0.38,7.509,6.823,3.33,18.893,26.975,46.248,300
uav0000306_00230_v,680x382,406,0.435,7.367,6.815,3.366,18.78,26.182,45.397,300
uav0000306_00230_v,680x382,407,0.539,7.424,6.821,3.318,18.786,26.042,45.367,300
uav0000306_00230_v,680x382,408,0.534,7.396,6.813,3.39,18.851,25.806,45.19,300
uav0000306_00230_v,680x382,409,0.511,7.445,6.813,3.301,18.807,26.261,45.579,300
uav0000306_00230_v,680x382,410,0.54,7.435,6.825,3.3,18.783,25.548,44.871,300
uav0000306_00230_v,680x382,411,0.417,7.436,6.847,3.375,18.937,26.795,46.149,300
uav0000306_00230_v,680x382,412,0.427,7.51,6.823,3.367,18.947,25.199,44.574,300
uav0000306_00230_v,680x382,413,0.505,7.695,6.819,3.344,19.074,25.344,44.923,300
uav0000306_00230_v,680x382,414,0.4,7.412,6.822,3.337,18.841,25.083,44.325,300
uav0000306_00230_v,680x382,415,0.353,7.374,6.832,3.385,18.86,23.882,43.095,300
uav0000306_00230_v,680x382,416,0.338,7.338,6.813,3.36,19.658,23.833,43.829,300
uav0000306_00230_v,680x382,417,0.359,7.423,6.805,3.342,18.795,24.341,43.496,300
uav0000306_00230_v,680x382,418,0.345,7.488,6.819,3.389,18.903,24.91,44.159,300
uav0000306_00230_v,680x382,419,0.344,7.411,6.837,3.35,18.829,23.505,42.678,297
uav0000306_00230_v,680x382,420,0.331,7.382,6.791,3.279,18.709,23.566,42.606,300
uav0000355_00001_v,1360x766,1,38.114,5.572,6.889,3.414,17.315,8.858,64.287,300
uav0000355_00001_v,1360x766,2,0.921,5.49,6.867,3.404,17.151,11.927,30.0,300
uav0000355_00001_v,1360x766,3,0.914,5.415,6.826,3.487,17.052,12.643,30.609,300
uav0000355_00001_v,1360x766,4,1.014,5.406,6.856,3.461,17.104,14.88,32.998,300
uav0000355_00001_v,1360x766,5,0.912,5.435,6.841,3.492,17.092,14.117,32.121,300
uav0000355_00001_v,1360x766,6,0.915,5.45,6.849,3.357,16.97,14.221,32.106,300
uav0000355_00001_v,1360x766,7,0.92,5.385,6.819,3.346,16.845,14.408,32.174,300
uav0000355_00001_v,1360x766,8,0.883,5.393,6.835,3.387,16.907,15.161,32.951,300
uav0000355_00001_v,1360x766,9,0.89,5.385,6.851,3.355,16.89,15.183,32.963,300
uav0000355_00001_v,1360x766,10,0.886,5.362,6.865,3.989,17.574,15.514,33.974,300
uav0000355_00001_v,1360x766,11,0.918,5.394,6.824,3.462,16.995,14.92,32.833,300
uav0000355_00001_v,1360x766,12,0.874,5.399,6.835,3.332,16.849,14.847,32.57,300
uav0000355_00001_v,1360x766,13,0.904,5.454,6.847,3.333,16.994,14.267,32.164,300
uav0000355_00001_v,1360x766,14,0.866,5.445,6.85,3.343,16.971,14.671,32.508,300
uav0000355_00001_v,1360x766,15,1.48,5.402,6.827,3.623,17.184,14.905,33.569,300
uav0000355_00001_v,1360x766,16,0.896,5.373,6.854,3.557,17.138,15.049,33.082,300
uav0000355_00001_v,1360x766,17,0.869,5.389,6.842,3.427,16.944,15.84,33.653,300
uav0000355_00001_v,1360x766,18,0.925,5.413,6.832,3.422,16.99,16.741,34.656,300
uav0000355_00001_v,1360x766,19,0.933,5.448,6.829,3.419,17.037,15.064,33.033,300
uav0000355_00001_v,1360x766,20,0.958,5.417,6.838,3.47,17.052,15.769,33.779,300
uav0000355_00001_v,1360x766,21,0.894,5.417,6.875,3.439,17.044,14.928,32.866,300
uav0000355_00001_v,1360x766,22,0.873,5.371,6.855,3.451,16.927,14.243,32.044,300
uav0000355_00001_v,1360x766,23,0.918,5.406,6.815,3.386,16.853,14.448,32.219,300
uav0000355_00001_v,1360x766,24,0.869,5.448,6.829,3.373,16.991,14.659,32.519,300
uav0000355_00001_v,1360x766,25,0.892,5.391,6.842,3.36,16.948,14.253,32.094,300
uav0000355_00001_v,1360x766,26,0.876,5.397,6.846,3.42,16.997,14.578,32.452,300
uav0000355_00001_v,1360x766,27,0.937,5.401,6.831,3.359,16.867,14.16,31.965,300
uav0000355_00001_v,1360x766,28,0.922,5.372,6.851,3.448,17.018,15.077,33.018,300
uav0000355_00001_v,1360x766,29,0.892,5.387,6.852,3.331,16.828,14.558,32.278,300
uav0000355_00001_v,1360x766,30,0.885,5.405,6.827,3.436,16.91,15.421,33.216,300
uav0000355_00001_v,1360x766,31,0.913,5.419,6.803,3.396,16.878,14.247,32.039,300
uav0000355_00001_v,1360x766,32,0.889,5.451,6.839,3.356,16.903,13.65,31.442,300
uav0000355_00001_v,1360x766,33,0.886,5.416,6.842,3.376,16.899,15.262,33.047,300
uav0000355_00001_v,1360x766,34,0.883,5.383,6.87,3.413,16.986,13.761,31.63,300
uav0000355_00001_v,1360x766,35,0.915,5.475,6.817,3.387,17.008,14.376,32.299,300
uav0000355_00001_v,1360x766,36,0.892,5.402,6.818,3.308,16.959,14.223,32.075,300
uav0000355_00001_v,1360x766,37,0.865,5.415,6.843,3.344,16.947,14.254,32.065,300
uav0000355_00001_v,1360x766,38,0.877,5.394,6.824,3.367,16.894,14.318,32.089,300
uav0000355_00001_v,1360x766,39,0.971,5.418,6.824,3.417,16.908,14.946,32.826,300
uav0000355_00001_v,1360x766,40,0.882,5.394,6.87,3.421,16.96,15.347,33.189,300
uav0000355_00001_v,1360x766,41,0.879,5.434,6.832,3.357,16.855,14.651,32.386,300
uav0000355_00001_v,1360x766,42,0.886,5.409,6.834,3.357,16.853,14.862,32.601,300
uav0000355_00001_v,1360x766,43,0.906,5.447,6.846,3.341,16.941,14.739,32.587,300
uav0000355_00001_v,1360x766,44,0.876,5.407,6.828,3.434,16.998,15.89,33.764,300
uav0000355_00001_v,1360x766,45,0.888,5.4,6.827,3.398,16.901,16.287,34.076,300
uav0000355_00001_v,1360x766,46,1.461,5.366,6.867,3.559,17.075,16.389,34.926,300
uav0000355_00001_v,1360x766,47,0.896,5.392,6.824,3.38,16.842,15.318,33.056,300
uav0000355_00001_v,1360x766,48,0.865,5.399,6.834,3.36,16.95,15.696,33.511,300
uav0000355_00001_v,1360x766,49,0.887,5.41,6.844,3.665,17.186,15.38,33.452,300
uav0000355_00001_v,1360x766,50,0.892,5.458,6.827,3.4,16.939,15.554,33.385,300
uav0000355_00001_v,1360x766,51,0.922,5.434,6.833,3.379,16.922,14.631,32.475,300
uav0000355_00001_v,1360x766,52,0.901,5.39,6.877,3.413,16.952,15.461,33.315,300
uav0000355_00001_v,1360x766,53,0.891,5.425,6.842,3.333,16.805,15.411,33.107,300
uav0000355_00001_v,1360x766,54,0.892,5.465,6.857,3.321,16.927,15.799,33.619,300
uav0000355_00001_v,1360x766,55,0.92,5.408,6.817,3.344,16.848,15.884,33.652,300
uav0000355_00001_v,1360x766,56,0.899,5.407,6.839,3.355,16.878,16.077,33.854,300
uav0000355_00001_v,1360x766,57,0.907,5.439,6.848,3.352,16.884,15.73,33.521,300
uav0000355_00001_v,1360x766,58,0.882,5.377,6.873,3.506,17.043,15.328,33.253,300
uav0000355_00001_v,1360x766,59,0.9,5.401,6.815,3.269,16.781,14.934,32.614,300
uav0000355_00001_v,1360x766,60,0.949,5.392,6.832,3.331,16.804,15.161,32.914,300
uav0000355_00001_v,1360x766,61,0.893,5.42,6.849,3.339,16.874,15.62,33.387,300
uav0000355_00001_v,1360x766,62,0.881,5.404,6.849,3.422,16.94,16.447,34.269,300
uav0000355_00001_v,1360x766,63,0.948,5.405,6.824,3.405,16.889,17.111,34.949,300
uav0000355_00001_v,1360x766,64,0.89,5.385,6.876,3.825,17.395,15.444,33.729,300
uav0000355_00001_v,1360x766,65,0.869,5.41,6.845,3.356,16.863,15.717,33.45,300
uav0000355_00001_v,1360x766,66,0.879,5.401,6.851,3.382,16.887,15.838,33.604,300
uav0000355_00001_v,1360x766,67,0.915,5.416,6.83,3.359,16.867,14.728,32.51,300
uav0000355_00001_v,1360x766,68,0.873,5.425,6.827,3.364,16.861,15.22,32.954,300
uav0000355_00001_v,1360x766,69,0.865,5.439,6.852,3.392,16.945,15.176,32.986,300
uav0000355_00001_v,1360x766,70,0.9,5.428,6.912,3.314,16.944,15.224,33.068,300
uav0000355_00001_v,1360x766,71,0.942,5.415,6.826,3.32,16.791,14.357,32.09,300
uav0000355_00001_v,1360x766,72,0.908,5.412,6.832,3.339,16.84,14.501,32.249,300
uav0000355_00001_v,1360x766,73,0.895,5.416,6.852,3.297,16.845,14.695,32.435,300
uav0000355_00001_v,1360x766,74,0.883,5.412,6.858,3.33,16.885,15.121,32.889,300
uav0000355_00001_v,1360x766,75,0.902,5.436,6.816,3.333,16.848,14.838,32.587,300
uav0000355_00001_v,1360x766,76,0.856,5.402,6.877,3.452,16.97,15.246,33.071,300
uav0000355_00001_v,1360x766,77,0.888,5.414,6.822,3.397,16.916,14.542,32.346,300
uav0000355_00001_v,1360x766,78,0.936,5.426,6.838,3.409,16.943,14.166,32.046,300
uav0000355_00001_v,1360x766,79,0.925,5.429,6.821,3.396,16.903,14.116,31.944,300
uav0000355_00001_v,1360x766,80,1.614,5.461,6.866,3.476,17.127,14.316,33.057,300
uav0000355_00001_v,1360x766,81,0.922,5.425,6.868,3.389,17.014,14.356,32.292,300
uav0000355_00001_v,1360x766,82,1.062,5.374,6.888,3.313,16.856,15.353,33.271,300
uav0000355_00001_v,1360x766,83,0.92,5.394,6.81,3.368,16.827,14.773,32.52,300
uav0000355_00001_v,1360x766,84,0.901,5.381,6.828,3.286,16.831,14.916,32.648,300
uav0000355_00001_v,1360x766,85,0.937,5.402,6.859,3.411,16.944,14.694,32.574,300
uav0000355_00001_v,1360x766,86,0.925,5.41,6.845,3.291,16.827,15.326,33.078,300
uav0000355_00001_v,1360x766,87,0.955,5.382,6.842,3.389,16.901,14.908,32.765,300
uav0000355_00001_v,1360x766,88,0.91,5.373,6.865,3.465,16.972,15.236,33.118,300
uav0000355_00001_v,1360x766,89,0.907,5.396,6.848,3.429,16.95,15.496,33.353,300
uav0000355_00001_v,1360x766,90,0.901,5.406,6.839,3.399,16.892,15.391,33.184,300
uav0000355_00001_v,1360x766,91,1.114,5.369,6.84,3.464,16.989,15.557,33.661,300
uav0000355_00001_v,1360x766,92,0.932,5.393,6.833,3.379,16.864,15.043,32.84,300
uav0000355_00001_v,1360x766,93,0.912,5.414,6.836,3.362,16.868,15.172,32.951,300
uav0000355_00001_v,1360x766,94,1.084,5.396,6.871,3.36,16.845,16.532,34.46,300
uav0000355_00001_v,1360x766,95,1.108,5.384,6.846,3.423,16.958,15.13,33.196,300
uav0000355_00001_v,1360x766,96,0.928,5.409,6.853,3.348,16.881,15.202,33.01,300
uav0000355_00001_v,1360x766,97,0.909,5.396,6.841,3.271,16.771,14.364,32.044,300
uav0000355_00001_v,1360x766,98,0.88,5.4,6.85,3.281,16.769,14.835,32.484,300
uav0000355_00001_v,1360x766,99,0.911,5.433,6.811,3.263,16.8,15.042,32.753,300
uav0000355_00001_v,1360x766,100,1.09,5.367,6.851,3.424,16.916,15.764,33.77,300
uav0000355_00001_v,1360x766,101,1.05,5.423,6.86,3.347,16.917,15.327,33.294,300
uav0000355_00001_v,1360x766,102,0.908,5.408,6.845,3.34,16.864,14.824,32.597,300
uav0000355_00001_v,1360x766,103,0.992,5.372,6.822,3.412,16.877,15.526,33.395,300
uav0000355_00001_v,1360x766,104,0.931,5.391,6.836,3.375,16.854,15.627,33.411,300
uav0000355_00001_v,1360x766,105,0.892,5.374,6.851,3.388,16.871,15.374,33.137,300
uav0000355_00001_v,1360x766,106,1.089,5.349,6.866,3.339,16.798,16.778,34.665,300
uav0000355_00001_v,1360x766,107,1.09,5.401,6.83,3.36,16.873,17.17,35.133,300
uav0000355_00001_v,1360x766,108,0.908,5.379,6.842,3.358,16.813,17.603,35.324,300
uav0000355_00001_v,1360x766,109,0.909,5.386,6.832,3.348,16.828,17.04,34.777,300
uav0000355_00001_v,1360x766,110,0.93,5.37,6.85,3.417,16.904,18.467,36.3,300
uav0000355_00001_v,1360x766,111,0.971,5.4,6.844,3.366,16.894,17.301,35.166,300
uav0000355_00001_v,1360x766,112,1.097,5.376,6.867,3.337,16.86,17.12,35.078,300
uav0000355_00001_v,1360x766,113,1.054,5.466,6.845,3.465,17.1,17.585,35.739,300
uav0000355_00001_v,1360x766,114,0.932,5.396,6.845,3.341,16.817,18.475,36.224,300
uav0000355_00001_v,1360x766,115,1.518,5.369,6.814,3.543,17.146,18.311,36.975,300
uav0000355_00001_v,1360x766,116,0.909,5.364,6.832,3.377,16.858,18.744,36.51,300
uav0000355_00001_v,1360x766,117,0.909,5.403,6.864,3.331,16.874,18.793,36.575,300
uav0000355_00001_v,1360x766,118,1.074,5.374,6.855,3.456,16.917,18.981,36.971,300
uav0000355_00001_v,1360x766,119,0.918,5.374,6.821,3.359,16.817,19.244,36.979,300
uav0000355_00001_v,1360x766,120,0.897,5.414,6.836,3.411,16.929,19.371,37.197,300
uav0000355_00001_v,1360x766,121,0.931,5.41,6.838,3.312,16.803,18.939,36.673,300
uav0000355_00001_v,1360x766,122,0.912,5.404,6.842,3.417,16.912,19.375,37.2,300
uav0000355_00001_v,1360x766,123,0.956,5.377,6.826,3.365,16.846,19.367,37.17,300
uav0000355_00001_v,1360x766,124,0.91,5.372,6.861,3.352,16.889,19.426,37.225,300
uav0000355_00001_v,1360x766,125,0.912,5.397,6.847,3.326,16.801,19.263,36.976,300
uav0000355_00001_v,1360x766,126,0.92,5.411,6.84,3.372,16.884,19.041,36.845,300
uav0000355_00001_v,1360x766,127,0.924,5.394,6.813,3.342,16.816,18.655,36.395,300
uav0000355_00001_v,1360x766,128,0.909,5.433,6.832,3.367,16.903,19.409,37.221,300
uav0000355_00001_v,1360x766,129,0.921,5.41,6.855,3.4,16.946,19.227,37.094,300
uav0000355_00001_v,1360x766,130,0.9,5.391,6.844,3.413,16.915,19.078,36.893,300
uav0000355_00001_v,1360x766,131,0.924,5.401,6.803,3.378,16.823,18.622,36.368,300
uav0000355_00001_v,1360x766,132,0.909,5.409,6.844,3.384,16.901,18.992,36.802,300
uav0000355_00001_v,1360x766,133,0.9,5.401,6.833,3.379,16.93,18.939,36.77,300
uav0000355_00001_v,1360x766,134,0.928,5.402,6.848,3.415,16.94,18.521,36.389,300
uav0000355_00001_v,1360x766,135,0.932,5.39,6.826,3.383,16.878,19.112,36.922,300
uav0000355_00001_v,1360x766,136,0.897,5.37,6.888,3.463,17.007,18.919,36.822,300
uav0000355_00001_v,1360x766,137,0.874,5.376,6.84,3.373,16.835,19.936,37.644,300
uav0000355_00001_v,1360x766,138,0.93,5.41,6.845,3.429,16.987,18.819,36.736,300
uav0000355_00001_v,1360x766,139,0.924,5.396,6.818,3.352,16.851,19.001,36.776,300
uav0000355_00001_v,1360x766,140,0.911,5.372,6.859,3.429,16.924,19.68,37.515,300
uav0000355_00001_v,1360x766,141,0.889,5.413,6.841,3.402,16.986,19.765,37.64,300
uav0000355_00001_v,1360x766,142,0.916,5.381,6.858,3.416,16.931,19.477,37.324,300
uav0000355_00001_v,1360x766,143,0.928,5.391,6.808,3.43,16.877,19.653,37.459,300
uav0000355_00001_v,1360x766,144,0.971,5.395,6.841,3.398,16.898,19.399,37.268,300
uav0000355_00001_v,1360x766,145,0.907,5.379,6.84,3.315,16.811,19.379,37.096,300
uav0000355_00001_v,1360x766,146,0.9,5.395,6.845,3.348,16.875,19.814,37.589,300
uav0000355_00001_v,1360x766,147,0.951,5.391,6.822,3.395,16.891,19.533,37.375,300
uav0000355_00001_v,1360x766,148,0.913,5.395,6.842,3.451,16.997,19.867,37.776,300
uav0000355_00001_v,1360x766,149,0.897,5.417,6.835,3.318,16.869,19.886,37.652,300
uav0000355_00001_v,1360x766,150,0.914,5.4,6.841,3.414,16.918,19.776,37.608,300
uav0000355_00001_v,1360x766,151,1.072,5.459,6.85,3.486,17.195,19.055,37.322,300
uav0000355_00001_v,1360x766,152,0.967,5.422,6.828,3.444,16.964,18.778,36.709,300
uav0000355_00001_v,1360x766,153,1.617,5.409,6.861,3.577,17.132,19.263,38.011,300
uav0000355_00001_v,1360x766,154,1.074,5.399,6.861,3.331,16.899,19.063,37.036,300
uav0000355_00001_v,1360x766,155,1.101,5.43,6.834,3.405,16.963,18.846,36.911,300
uav0000355_00001_v,1360x766,156,0.892,5.392,6.822,3.36,16.846,18.617,36.355,300
uav0000355_00001_v,1360x766,157,0.904,5.388,6.851,3.42,16.919,18.576,36.399,300
uav0000355_00001_v,1360x766,158,0.895,5.394,6.834,3.366,16.85,18.737,36.482,300
uav0000355_00001_v,1360x766,159,0.915,5.382,6.815,3.367,16.819,18.427,36.161,300
uav0000355_00001_v,1360x766,160,1.083,5.392,6.866,3.448,16.967,19.257,37.308,300
uav0000355_00001_v,1360x766,161,0.888,5.389,6.846,3.313,16.821,18.884,36.593,300
uav0000355_00001_v,1360x766,162,0.891,5.396,6.825,3.404,16.869,19.428,37.188,300
uav0000355_00001_v,1360x766,163,0.901,5.382,6.822,3.417,16.882,19.525,37.308,300
uav0000355_00001_v,1360x766,164,0.865,5.415,6.855,3.42,16.985,18.587,36.437,300
uav0000355_00001_v,1360x766,165,0.912,5.403,6.811,3.372,16.931,20.068,37.912,300
uav0000355_00001_v,1360x766,166,0.866,5.378,6.869,3.414,16.917,20.099,37.882,300
uav0000355_00001_v,1360x766,167,0.927,5.406,6.814,3.402,16.921,20.17,38.017,300
uav0000355_00001_v,1360x766,168,0.9,5.384,6.844,3.474,16.961,20.2,38.06,300
uav0000355_00001_v,1360x766,169,0.878,5.384,6.824,3.421,16.931,20.18,37.988,300
uav0000355_00001_v,1360x766,170,0.902,5.399,6.829,3.376,16.845,19.761,37.508,300
uav0000355_00001_v,1360x766,171,0.918,5.412,6.806,3.403,16.884,20.174,37.977,300
uav0000355_00001_v,1360x766,172,0.893,5.356,6.846,3.462,16.959,19.573,37.425,300
uav0000355_00001_v,1360x766,173,0.867,5.379,6.852,3.395,16.849,21.012,38.728,300
uav0000355_00001_v,1360x766,174,0.884,5.387,6.833,3.374,16.858,20.375,38.118,300
uav0000355_00001_v,1360x766,175,0.911,5.363,6.821,3.39,16.887,20.575,38.372,300
uav0000355_00001_v,1360x766,176,0.88,5.389,6.848,3.503,17.01,20.717,38.607,300
uav0000355_00001_v,1360x766,177,0.907,5.397,6.854,3.443,16.947,21.149,39.003,300
uav0000355_00001_v,1360x766,178,0.873,5.375,6.868,3.417,16.991,21.496,39.36,300
uav0000355_00001_v,1360x766,179,0.924,5.431,6.813,3.356,16.888,20.948,38.76,300
uav0000355_00001_v,1360x766,180,0.9,5.403,6.842,3.442,16.968,20.425,38.292,300
uav0000355_00001_v,1360x766,181,0.948,5.381,6.859,3.417,16.925,20.958,38.832,300
uav0000355_00001_v,1360x766,182,0.905,5.426,6.845,3.431,17.0,20.421,38.326,300
uav0000355_00001_v,1360x766,183,0.935,5.382,6.827,3.411,16.894,20.69,38.519,300
uav0000355_00001_v,1360x766,184,0.951,5.354,6.857,3.496,17.014,20.638,38.603,300
uav0000355_00001_v,1360x766,185,1.509,5.412,6.886,3.484,17.132,21.054,39.695,300
uav0000355_00001_v,1360x766,186,0.914,5.444,6.85,3.425,17.026,20.092,38.031,300
uav0000355_00001_v,1360x766,187,0.916,5.424,6.85,3.448,17.012,20.195,38.122,300
uav0000355_00001_v,1360x766,188,0.876,5.42,6.838,3.442,17.006,20.066,37.948,300
uav0000355_00001_v,1360x766,189,0.883,5.434,6.854,3.503,17.041,19.971,37.896,300
uav0000355_00001_v,1360x766,190,0.881,5.396,6.887,3.45,16.983,19.172,37.037,300
uav0000355_00001_v,1360x766,191,0.902,5.382,6.819,3.369,16.901,19.098,36.9,300
uav0000355_00001_v,1360x766,192,0.853,5.425,6.839,3.509,17.051,20.913,38.818,300
uav0000355_00001_v,1360x766,193,0.9,5.45,6.831,3.374,16.999,19.441,37.339,300
uav0000355_00001_v,1360x766,194,0.903,5.405,6.849,3.359,16.874,19.373,37.151,300
uav0000355_00001_v,1360x766,195,0.911,5.396,6.891,3.479,17.011,19.997,37.919,300
uav0000355_00001_v,1360x766,196,0.885,5.37,6.844,3.512,17.014,19.55,37.448,300
uav0000355_00001_v,1360x766,197,0.878,5.383,6.839,3.411,16.863,19.289,37.03,300
uav0000355_00001_v,1360x766,198,0.876,5.383,6.821,3.468,16.931,19.505,37.312,300
uav0000355_00001_v,1360x766,199,0.904,5.385,6.818,3.493,17.027,20.538,38.469,300
uav0000355_00001_v,1360x766,200,0.885,5.402,6.823,3.421,16.907,20.111,37.902,300
uav0000355_00001_v,1360x766,201,0.918,5.401,6.863,3.543,17.074,20.205,38.198,300
uav0000355_00001_v,1360x766,202,0.884,5.378,6.867,3.418,16.915,19.183,36.981,300
uav0000355_00001_v,1360x766,203,0.922,5.433,6.812,3.372,16.891,19.455,37.268,300
uav0000355_00001_v,1360x766,204,0.898,5.393,6.825,3.386,16.874,20.322,38.095,300
uav0000355_00001_v,1360x766,205,0.879,5.38,6.845,3.477,16.966,20.394,38.239,300
uav0000355_00001_v,1360x766,206,0.892,5.399,6.847,3.395,16.87,20.557,38.32,300
uav0000355_00001_v,1360x766,207,0.895,5.383,6.808,3.397,16.915,20.904,38.714,300
uav0000355_00001_v,1360x766,208,0.864,5.399,6.853,3.538,17.07,20.088,38.023,300
uav0000355_00001_v,1360x766,209,0.884,5.422,6.845,3.479,17.013,20.112,38.01,300
uav0000355_00001_v,1360x766,210,0.893,5.404,6.844,3.363,16.897,20.562,38.352,300
uav0000355_00001_v,1360x766,211,0.954,5.394,6.825,3.436,16.928,21.103,38.984,300
uav0000355_00001_v,1360x766,212,0.905,5.406,6.83,3.436,16.981,20.242,38.128,300
uav0000355_00001_v,1360x766,213,0.885,5.421,6.89,3.395,16.977,20.407,38.269,300
uav0000355_00001_v,1360x766,214,0.925,5.401,6.876,3.512,17.039,20.304,38.269,300
uav0000355_00001_v,1360x766,215,0.945,5.392,6.816,3.398,16.845,20.835,38.625,300
uav0000355_00001_v,1360x766,216,0.902,5.398,6.821,3.425,16.908,19.81,37.619,300
uav0000355_00001_v,1360x766,217,0.889,5.399,6.837,3.375,16.863,20.081,37.832,300
uav0000355_00001_v,1360x766,218,0.949,5.507,6.865,3.389,17.12,20.301,38.37,300
uav0000355_00001_v,1360x766,219,0.931,5.458,6.826,3.356,16.959,20.53,38.42,300
uav0000355_00001_v,1360x766,220,0.915,5.39,6.859,3.512,17.045,20.95,38.909,300
uav0000355_00001_v,1360x766,221,0.891,5.392,6.845,3.432,16.889,20.847,38.627,300
uav0000355_00001_v,1360x766,222,0.886,5.408,6.877,3.363,16.946,20.467,38.299,300
uav0000355_00001_v,1360x766,223,0.907,5.386,6.824,3.448,16.897,20.409,38.214,300
uav0000355_00001_v,1360x766,224,0.876,5.377,6.845,3.437,16.954,20.076,37.907,300
uav0000355_00001_v,1360x766,225,0.867,5.415,6.851,3.305,16.843,20.267,37.976,300
uav0000355_00001_v,1360x766,226,0.875,5.391,6.874,3.301,16.859,19.755,37.49,300
uav0000355_00001_v,1360x766,227,0.933,5.378,6.816,3.424,16.852,20.357,38.142,300
uav0000355_00001_v,1360x766,228,0.917,5.38,6.841,3.329,16.851,19.844,37.612,300
uav0000355_00001_v,1360x766,229,0.893,5.391,6.857,3.419,16.923,19.483,37.299,300
uav0000355_00001_v,1360x766,230,0.888,5.403,6.837,3.406,16.892,20.092,37.871,300
uav0000355_00001_v,1360x766,231,0.955,5.381,6.843,3.335,16.819,19.76,37.534,300
uav0000355_00001_v,1360x766,232,0.925,5.404,6.878,3.45,17.039,19.549,37.513,300
uav0000355_00001_v,1360x766,233,0.884,5.435,6.842,3.416,17.061,19.727,37.673,300
uav0000355_00001_v,1360x766,234,0.93,5.422,6.852,3.271,16.834,19.531,37.295,300
uav0000355_00001_v,1360x766,235,0.946,5.379,6.817,3.396,16.854,19.801,37.602,300
uav0000355_00001_v,1360x766,236,0.913,5.408,6.829,3.403,16.899,20.221,38.033,300
uav0000355_00001_v,1360x766,237,0.912,5.418,6.845,3.38,16.908,20.068,37.889,300
uav0000355_00001_v,1360x766,238,0.912,5.376,6.867,3.424,16.942,20.402,38.256,300
uav0000355_00001_v,1360x766,239,0.93,5.366,6.815,3.348,16.795,21.732,39.457,300
uav0000355_00001_v,1360x766,240,0.891,5.418,6.829,3.392,16.92,21.866,39.677,300
uav0000355_00001_v,1360x766,241,1.304,5.387,6.839,3.368,16.879,20.775,38.958,300
uav0000355_00001_v,1360x766,242,0.934,5.387,6.842,3.41,16.922,19.026,36.882,300
uav0000355_00001_v,1360x766,243,0.892,5.381,6.825,3.464,16.951,18.73,36.574,300
uav0000355_00001_v,1360x766,244,0.839,5.371,6.81,3.429,16.898,18.832,36.568,300
uav0000355_00001_v,1360x766,245,0.949,5.411,6.817,3.327,16.842,18.527,36.318,300
uav0000355_00001_v,1360x766,246,10.567,5.441,6.843,3.445,17.02,18.353,45.94,300
uav0000355_00001_v,1360x766,247,0.894,5.41,6.839,3.454,16.999,18.216,36.109,300
uav0000355_00001_v,1360x766,248,0.886,5.418,6.844,3.394,16.922,18.224,36.032,300
uav0000355_00001_v,1360x766,249,0.922,5.384,6.83,3.43,16.928,18.227,36.077,300
uav0000355_00001_v,1360x766,250,0.875,5.387,6.843,3.477,16.978,18.459,36.311,300
uav0000355_00001_v,1360x766,251,0.886,5.392,6.865,3.44,16.919,19.02,36.825,300
uav0000355_00001_v,1360x766,252,0.868,5.407,6.832,3.365,16.869,17.472,35.209,300
uav0000355_00001_v,1360x766,253,0.895,5.424,6.824,3.428,16.956,17.851,35.701,300
uav0000355_00001_v,1360x766,254,0.906,5.42,6.859,3.444,16.977,19.113,36.996,300
uav0000355_00001_v,1360x766,255,0.892,5.395,6.855,3.424,16.944,17.991,35.827,300
uav0000355_00001_v,1360x766,256,0.877,5.393,6.879,3.491,17.014,18.592,36.483,300
uav0000355_00001_v,1360x766,257,0.915,5.439,6.81,3.435,16.974,18.483,36.371,300
uav0000355_00001_v,1360x766,258,0.883,5.385,6.83,3.406,17.027,18.842,36.753,300
uav0000355_00001_v,1360x766,259,0.916,5.413,6.858,3.455,17.035,19.643,37.594,300
uav0000355_00001_v,1360x766,260,0.899,5.434,6.843,3.432,16.988,18.977,36.864,300
uav0000355_00001_v,1360x766,261,1.632,5.391,6.886,3.653,17.242,19.205,38.079,300
uav0000355_00001_v,1360x766,262,0.903,5.389,6.861,3.5,17.03,18.299,36.231,300
uav0000355_00001_v,1360x766,263,0.875,5.396,6.837,3.468,16.941,18.432,36.248,300
uav0000355_00001_v,1360x766,264,0.887,5.405,6.834,3.537,17.04,20.263,38.19,300
uav0000355_00001_v,1360x766,265,0.96,5.395,6.816,3.465,16.932,19.033,36.925,300
uav0000355_00001_v,1360x766,266,0.882,5.417,6.831,3.393,16.928,18.987,36.798,300
uav0000355_00001_v,1360x766,267,0.871,5.415,6.846,3.441,16.963,20.003,37.837,300
uav0000355_00001_v,1360x766,268,0.889,5.362,6.859,3.475,17.033,18.891,36.813,300
uav0000355_00001_v,1360x766,269,0.948,5.402,6.815,3.466,16.917,19.556,37.421,300
uav0000355_00001_v,1360x766,270,0.9,5.393,6.853,3.461,16.957,19.233,37.09,300
uav0000355_00001_v,1360x766,271,0.911,5.454,6.837,3.443,17.074,21.087,39.072,300
uav0000355_00001_v,1360x766,272,0.913,5.435,6.824,3.404,16.939,18.932,36.784,300
uav0000355_00001_v,1360x766,273,0.937,5.46,6.84,3.5,17.154,19.412,37.503,300
uav0000355_00001_v,1360x766,274,0.818,5.379,6.856,3.482,17.021,18.096,35.935,300
uav0000355_00001_v,1360x766,275,0.885,5.392,6.837,3.416,16.871,18.873,36.629,300
uav0000355_00001_v,1360x766,276,1.534,5.416,6.869,3.672,17.333,18.277,37.144,300
uav0000355_00001_v,1360x766,277,0.938,5.399,6.799,3.476,16.937,18.589,36.464,300
uav0000355_00001_v,1360x766,278,0.889,5.393,6.825,3.449,16.927,19.247,37.063,300
uav0000355_00001_v,1360x766,279,0.959,5.421,6.832,3.482,17.003,18.044,36.006,300
uav0000355_00001_v,1360x766,280,0.936,5.364,6.862,3.506,16.975,18.91,36.82,300
uav0000355_00001_v,1360x766,281,0.91,5.4,6.809,3.379,16.849,19.341,37.1,300
uav0000355_00001_v,1360x766,282,0.901,5.399,6.855,3.503,17.023,18.816,36.74,300
uav0000355_00001_v,1360x766,283,0.88,5.397,6.855,3.457,16.963,20.047,37.89,300
uav0000355_00001_v,1360x766,284,0.921,5.409,6.842,3.413,16.919,19.033,36.874,300
uav0000355_00001_v,1360x766,285,0.899,5.391,6.824,3.705,17.163,19.218,37.28,300
uav0000355_00001_v,1360x766,286,0.875,5.369,6.851,3.557,17.132,18.339,36.347,300
uav0000355_00001_v,1360x766,287,0.882,5.451,6.837,3.367,16.929,19.146,36.958,300
uav0000355_00001_v,1360x766,288,0.899,5.423,6.838,3.489,17.007,19.433,37.339,300
uav0000355_00001_v,1360x766,289,0.9,5.408,6.824,3.426,16.93,18.189,36.02,300
uav0000355_00001_v,1360x766,290,0.897,5.406,6.824,3.502,16.993,19.11,37.0,300
uav0000355_00001_v,1360x766,291,0.879,5.432,6.848,3.336,16.865,19.183,36.927,300
uav0000355_00001_v,1360x766,292,0.914,5.377,6.87,3.447,16.968,18.938,36.82,300
uav0000355_00001_v,1360x766,293,0.932,5.396,6.808,3.368,16.808,18.544,36.284,300
uav0000355_00001_v,1360x766,294,0.866,5.41,6.824,3.339,16.816,18.059,35.741,300
uav0000355_00001_v,1360x766,295,0.897,5.426,6.832,3.358,16.858,18.992,36.746,300
uav0000355_00001_v,1360x766,296,0.885,5.41,6.856,3.44,16.962,18.773,36.62,300
uav0000355_00001_v,1360x766,297,0.907,5.392,6.83,3.445,16.914,19.06,36.88,300
uav0000355_00001_v,1360x766,298,0.888,5.409,6.845,3.441,17.016,19.229,37.134,300
uav0000355_00001_v,1360x766,299,0.91,5.562,6.826,3.453,17.104,18.977,36.991,300
uav0000355_00001_v,1360x766,300,0.867,5.444,6.831,3.445,16.996,19.629,37.492,300
uav0000355_00001_v,1360x766,301,0.913,5.398,6.814,3.407,16.879,19.222,37.015,300
uav0000355_00001_v,1360x766,302,0.921,5.422,6.839,3.407,16.939,19.656,37.516,300
uav0000355_00001_v,1360x766,303,0.866,5.394,6.877,3.444,16.972,18.757,36.595,300
uav0000355_00001_v,1360x766,304,0.87,5.421,6.885,3.442,16.998,18.803,36.671,300
uav0000355_00001_v,1360x766,305,1.163,5.423,6.815,3.44,16.988,19.684,37.835,300
uav0000355_00001_v,1360x766,306,0.916,5.399,6.819,3.419,16.889,19.755,37.56,300
uav0000355_00001_v,1360x766,307,0.855,5.432,6.843,3.383,16.939,20.445,38.239,300
uav0000355_00001_v,1360x766,308,0.894,5.427,6.862,3.467,17.032,20.25,38.176,300
uav0000355_00001_v,1360x766,309,0.892,5.401,6.829,3.406,16.904,19.708,37.503,300
uav0000355_00001_v,1360x766,310,0.866,5.392,6.883,3.441,16.964,20.433,38.262,300
uav0000355_00001_v,1360x766,311,0.884,5.395,6.846,3.372,16.842,19.857,37.582,300
uav0000355_00001_v,1360x766,312,0.901,5.432,6.836,3.452,16.969,20.573,38.443,300
uav0000355_00001_v,1360x766,313,0.903,5.391,6.829,3.475,16.994,19.573,37.47,300
uav0000355_00001_v,1360x766,314,0.904,5.428,6.841,3.478,17.033,20.08,38.016,300
uav0000355_00001_v,1360x766,315,0.877,5.424,6.842,3.431,16.963,20.578,38.418,300
uav0000355_00001_v,1360x766,316,0.886,5.386,6.862,3.325,16.808,20.888,38.582,300
uav0000355_00001_v,1360x766,317,0.886,5.42,6.823,3.318,16.863,21.796,39.545,300
uav0000355_00001_v,1360x766,318,0.875,5.418,6.843,3.461,16.986,20.788,38.649,300
uav0000355_00001_v,1360x766,319,0.867,5.412,6.855,3.338,16.869,20.718,38.455,300
uav0000355_00001_v,1360x766,320,0.928,5.403,6.856,3.368,16.885,20.845,38.658,300
uav0000355_00001_v,1360x766,321,0.895,5.402,6.832,3.393,16.875,20.538,38.308,300
uav0000355_00001_v,1360x766,322,0.892,5.389,6.875,3.439,16.974,19.846,37.712,300
uav0000355_00001_v,1360x766,323,0.858,5.401,6.85,3.445,16.919,19.371,37.148,300
uav0000355_00001_v,1360x766,324,0.955,5.449,6.842,3.448,17.003,20.498,38.456,300
uav0000355_00001_v,1360x766,325,0.94,5.414,6.815,3.446,16.946,21.159,39.044,300
uav0000355_00001_v,1360x766,326,0.897,5.415,6.857,3.431,17.016,20.126,38.039,300
uav0000355_00001_v,1360x766,327,0.902,5.429,6.847,3.362,16.96,20.315,38.177,300
uav0000355_00001_v,1360x766,328,0.892,5.412,6.868,3.333,16.853,19.98,37.725,300
uav0000355_00001_v,1360x766,329,0.899,5.382,6.817,3.339,16.852,20.06,37.811,300
uav0000355_00001_v,1360x766,330,0.879,5.405,6.849,3.423,16.95,20.376,38.205,300
uav0000355_00001_v,1360x766,331,0.871,5.406,6.837,3.445,17.002,19.592,37.466,300
uav0000355_00001_v,1360x766,332,0.872,5.425,6.839,3.502,17.037,19.678,37.588,300
uav0000355_00001_v,1360x766,333,0.892,5.382,6.835,3.336,16.812,20.357,38.062,300
uav0000355_00001_v,1360x766,334,0.879,5.404,6.874,3.446,16.975,20.645,38.498,300
uav0000355_00001_v,1360x766,335,0.871,5.395,6.836,3.358,16.902,20.102,37.875,300
uav0000355_00001_v,1360x766,336,0.887,5.405,6.84,3.437,16.956,20.372,38.215,300
uav0000355_00001_v,1360x766,337,0.92,5.392,6.834,3.448,16.983,20.224,38.128,300
uav0000355_00001_v,1360x766,338,0.89,5.402,6.859,3.401,16.92,19.729,37.539,300
uav0000355_00001_v,1360x766,339,0.865,5.397,6.843,3.388,16.971,20.335,38.172,300
uav0000355_00001_v,1360x766,340,0.88,5.416,6.862,3.442,16.969,19.72,37.569,300
uav0000355_00001_v,1360x766,341,0.917,5.423,6.818,3.394,16.928,20.772,38.617,300
uav0000355_00001_v,1360x766,342,0.895,5.423,6.869,3.414,16.965,20.883,38.743,300
uav0000355_00001_v,1360x766,343,0.909,5.456,6.844,3.354,16.915,21.531,39.355,300
uav0000355_00001_v,1360x766,344,0.95,5.429,6.829,3.381,16.925,20.502,38.377,300
uav0000355_00001_v,1360x766,345,0.924,5.402,6.817,3.433,16.905,20.71,38.538,300
uav0000355_00001_v,1360x766,346,0.904,5.376,6.85,3.467,16.975,19.872,37.75,300
uav0000355_00001_v,1360x766,347,0.858,5.393,6.83,3.376,16.835,20.146,37.839,300
uav0000355_00001_v,1360x766,348,0.91,5.406,6.841,3.385,16.889,19.608,37.407,300
uav0000355_00001_v,1360x766,349,0.922,5.409,6.807,3.468,16.967,20.714,38.603,300
uav0000355_00001_v,1360x766,350,0.881,5.429,6.86,3.419,17.0,19.464,37.345,300
uav0000355_00001_v,1360x766,351,0.887,5.402,6.838,3.502,17.038,20.101,38.026,300
uav0000355_00001_v,1360x766,352,0.869,5.427,6.87,3.392,16.952,19.823,37.644,300
uav0000355_00001_v,1360x766,353,0.912,5.404,6.817,3.482,17.013,20.794,38.719,300
uav0000355_00001_v,1360x766,354,0.919,5.438,6.835,3.405,16.946,19.705,37.57,300
uav0000355_00001_v,1360x766,355,0.896,5.408,6.836,3.367,16.876,18.864,36.636,300
uav0000355_00001_v,1360x766,356,0.88,5.437,6.857,3.408,16.997,19.99,37.867,300
uav0000355_00001_v,1360x766,357,0.906,5.422,6.819,3.393,16.904,19.367,37.177,300
uav0000355_00001_v,1360x766,358,0.885,5.405,6.87,3.443,16.973,19.835,37.693,300
uav0000355_00001_v,1360x766,359,0.87,5.485,6.845,3.45,17.063,19.057,36.99,300
uav0000355_00001_v,1360x766,360,0.884,5.435,6.85,3.36,16.917,19.207,37.008,300
uav0000355_00001_v,1360x766,361,0.907,5.407,6.856,3.417,16.97,19.012,36.889,300
uav0000355_00001_v,1360x766,362,0.886,5.413,6.843,3.462,16.966,18.674,36.526,300
uav0000355_00001_v,1360x766,363,0.895,5.416,6.841,3.357,16.967,18.626,36.488,300
uav0000355_00001_v,1360x766,364,0.931,5.399,6.834,3.418,16.905,19.255,37.09,300
uav0000355_00001_v,1360x766,365,0.902,5.405,6.813,3.429,16.881,19.252,37.034,300
uav0000355_00001_v,1360x766,366,0.898,5.427,6.848,3.494,17.061,19.137,37.096,300
uav0000355_00001_v,1360x766,367,0.882,5.494,6.845,3.44,17.078,18.7,36.659,300
uav0000355_00001_v,1360x766,368,0.932,5.428,6.809,3.494,17.003,19.358,37.294,300
uav0000355_00001_v,1360x766,369,0.935,5.409,6.836,3.418,16.935,19.53,37.4,300
uav0000355_00001_v,1360x766,370,0.91,5.376,6.881,3.392,16.896,19.705,37.512,300
uav0000355_00001_v,1360x766,371,0.906,5.418,6.847,3.48,17.004,19.525,37.435,300
uav0000355_00001_v,1360x766,372,0.887,5.408,6.867,3.426,16.959,19.192,37.038,300
uav0000355_00001_v,1360x766,373,0.939,5.44,6.82,3.38,16.89,19.685,37.513,300
uav0000355_00001_v,1360x766,374,0.917,5.422,6.837,3.416,16.929,19.269,37.115,300
uav0000355_00001_v,1360x766,375,0.9,5.435,6.863,3.527,17.119,20.033,38.052,300
uav0000355_00001_v,1360x766,376,0.895,5.394,6.856,3.47,17.012,18.734,36.64,300
uav0000355_00001_v,1360x766,377,0.943,5.405,6.824,3.47,16.943,18.419,36.305,300
uav0000355_00001_v,1360x766,378,0.915,5.402,6.851,3.33,16.851,17.869,35.634,300
uav0000355_00001_v,1360x766,379,0.922,5.402,6.845,3.409,17.14,18.106,36.168,300
uav0000355_00001_v,1360x766,380,0.889,5.449,6.879,3.435,17.055,17.509,35.452,300
uav0000355_00001_v,1360x766,381,0.967,5.427,6.834,3.472,16.999,17.668,35.634,300
uav0000355_00001_v,1360x766,382,0.881,5.391,6.868,3.454,17.046,17.437,35.364,300
uav0000355_00001_v,1360x766,383,0.879,5.424,6.839,3.422,16.948,18.06,35.887,300
uav0000355_00001_v,1360x766,384,0.897,5.44,6.852,3.378,16.956,17.776,35.628,300
uav0000355_00001_v,1360x766,385,0.944,5.389,6.81,3.431,16.892,17.391,35.227,300
uav0000355_00001_v,1360x766,386,0.89,5.396,6.848,3.406,16.932,17.261,35.083,300
uav0000355_00001_v,1360x766,387,0.902,5.404,6.846,3.464,16.963,17.405,35.271,300
uav0000355_00001_v,1360x766,388,0.889,5.368,6.865,3.43,16.938,17.508,35.335,300
uav0000355_00001_v,1360x766,389,0.913,5.397,6.82,3.425,16.933,17.952,35.797,300
uav0000355_00001_v,1360x766,390,0.878,5.401,6.832,3.456,17.034,17.282,35.194,300
uav0000355_00001_v,1360x766,391,0.902,5.395,6.848,3.438,16.947,16.786,34.635,300
uav0000355_00001_v,1360x766,392,0.884,5.412,6.854,3.312,16.821,17.017,34.722,300
uav0000355_00001_v,1360x766,393,7.763,5.448,6.873,3.392,16.997,16.978,41.737,300
uav0000355_00001_v,1360x766,394,1.136,5.444,6.863,3.6,17.237,17.425,35.799,300
uav0000355_00001_v,1360x766,395,0.891,5.445,6.864,3.416,16.963,17.906,35.759,300
uav0000355_00001_v,1360x766,396,0.874,5.412,6.827,3.427,16.928,17.315,35.117,300
uav0000355_00001_v,1360x766,397,0.933,5.412,6.815,3.384,16.899,18.016,35.847,300
uav0000355_00001_v,1360x766,398,0.91,5.411,6.841,3.375,16.896,18.061,35.867,300
uav0000355_00001_v,1360x766,399,0.895,5.424,6.853,3.447,16.996,18.162,36.052,300
uav0000355_00001_v,1360x766,400,0.909,5.394,6.87,3.345,16.856,17.71,35.475,300
uav0000355_00001_v,1360x766,401,0.926,5.437,6.816,3.45,16.946,17.027,34.898,300
uav0000355_00001_v,1360x766,402,0.874,5.474,6.869,3.38,17.032,17.077,34.983,300
uav0000355_00001_v,1360x766,403,0.872,5.41,6.845,3.482,17.002,17.759,35.634,300
uav0000355_00001_v,1360x766,404,0.879,5.425,6.878,3.415,16.991,17.758,35.628,300
uav0000355_00001_v,1360x766,405,0.898,5.398,6.811,3.408,16.891,18.056,35.844,300
uav0000355_00001_v,1360x766,406,0.876,5.385,6.877,3.461,16.971,17.0,34.848,300
uav0000355_00001_v,1360x766,407,0.897,5.394,6.859,3.434,16.955,18.0,35.852,300
uav0000355_00001_v,1360x766,408,28.832,5.437,6.856,3.411,16.997,17.247,63.075,300
uav0000355_00001_v,1360x766,409,0.917,5.449,6.825,3.408,16.978,17.748,35.643,300
uav0000355_00001_v,1360x766,410,0.879,5.424,6.839,3.321,16.829,17.208,34.916,300
uav0000355_00001_v,1360x766,411,0.882,5.419,6.893,3.383,16.951,17.311,35.144,300
uav0000355_00001_v,1360x766,412,0.865,5.381,6.86,3.423,16.886,16.785,34.536,300
uav0000355_00001_v,1360x766,413,0.89,5.397,6.8,3.367,16.885,15.766,33.541,300
uav0000355_00001_v,1360x766,414,0.877,5.411,6.85,3.363,16.867,15.935,33.679,300
uav0000355_00001_v,1360x766,415,0.879,5.442,6.862,3.41,17.022,15.541,33.442,300
uav0000355_00001_v,1360x766,416,0.916,5.426,6.837,3.368,16.874,16.128,33.918,300
uav0000355_00001_v,1360x766,417,0.896,5.4,6.823,3.37,16.825,16.644,34.365,300
uav0000355_00001_v,1360x766,418,0.87,5.389,6.865,3.43,16.915,17.006,34.792,300
uav0000355_00001_v,1360x766,419,0.85,5.402,6.848,3.402,16.968,17.378,35.197,300
uav0000355_00001_v,1360x766,420,0.878,5.41,6.854,3.459,16.977,18.314,36.168,300
uav0000355_00001_v,1360x766,421,0.915,5.448,6.844,3.363,16.96,18.183,36.058,300
uav0000355_00001_v,1360x766,422,0.885,5.382,6.847,3.417,16.97,18.643,36.498,300
uav0000355_00001_v,1360x766,423,0.882,5.43,6.841,3.407,16.952,18.138,35.972,300
uav0000355_00001_v,1360x766,424,0.867,5.392,6.866,3.389,16.914,18.677,36.458,300
uav0000355_00001_v,1360x766,425,0.929,5.405,6.826,3.441,16.898,17.084,34.911,300
uav0000355_00001_v,1360x766,426,1.24,5.401,6.839,3.409,17.104,16.94,35.283,300
uav0000355_00001_v,1360x766,427,0.878,5.409,6.829,3.397,16.897,17.241,35.016,300
uav0000355_00001_v,1360x766,428,0.876,5.411,6.852,3.422,16.947,16.789,34.613,300
uav0000355_00001_v,1360x766,429,0.926,5.399,6.827,3.385,16.87,16.702,34.498,300
uav0000355_00001_v,1360x766,430,0.87,5.403,6.868,3.475,16.994,16.693,34.557,300
uav0000355_00001_v,1360x766,431,0.865,5.395,6.85,3.33,16.8,16.578,34.243,300
uav0000355_00001_v,1360x766,432,0.877,5.426,6.849,3.431,17.031,16.412,34.32,300
uav0000355_00001_v,1360x766,433,0.909,5.444,6.829,3.39,16.906,16.074,33.889,300
uav0000355_00001_v,1360x766,434,0.949,5.412,6.829,3.402,16.889,16.887,34.725,300
uav0000355_00001_v,1360x766,435,0.883,5.416,6.824,3.448,16.983,17.034,34.9,300
uav0000355_00001_v,1360x766,436,0.876,5.427,6.88,3.406,16.972,16.707,34.555,300
uav0000355_00001_v,1360x766,437,0.925,5.417,6.812,3.429,16.914,17.032,34.871,300
uav0000355_00001_v,1360x766,438,0.881,5.463,6.87,3.389,17.04,16.744,34.665,300
uav0000355_00001_v,1360x766,439,0.879,5.425,6.872,3.431,16.982,16.654,34.516,300
uav0000355_00001_v,1360x766,440,0.902,5.426,6.856,3.429,16.965,17.501,35.368,300
uav0000355_00001_v,1360x766,441,0.904,5.427,6.82,3.398,16.97,17.585,35.459,300
uav0000355_00001_v,1360x766,442,0.863,5.426,6.886,3.495,17.115,16.946,34.924,300
uav0000355_00001_v,1360x766,443,0.888,5.384,6.835,3.458,16.913,16.993,34.794,300
uav0000355_00001_v,1360x766,444,0.889,5.416,6.827,3.38,16.876,17.227,34.993,300
uav0000355_00001_v,1360x766,445,0.943,5.402,6.825,3.447,16.911,17.02,34.874,300
uav0000355_00001_v,1360x766,446,0.876,5.424,6.846,3.412,17.0,16.837,34.713,300
uav0000355_00001_v,1360x766,447,0.882,5.395,6.882,3.381,16.909,16.954,34.745,300
uav0000355_00001_v,1360x766,448,0.879,5.367,6.871,3.374,16.846,17.627,35.352,300
uav0000355_00001_v,1360x766,449,0.937,5.404,6.826,3.466,16.938,17.011,34.886,300
uav0000355_00001_v,1360x766,450,0.881,5.445,7.062,3.479,17.335,17.274,35.49,300
uav0000355_00001_v,1360x766,451,0.88,5.429,6.85,3.462,17.017,16.803,34.7,300
uav0000355_00001_v,1360x766,452,0.862,5.413,6.852,3.385,16.92,17.204,34.986,300
uav0000355_00001_v,1360x766,453,0.932,5.419,6.827,3.454,16.977,17.106,35.015,300
uav0000355_00001_v,1360x766,454,0.872,5.449,6.869,3.429,17.043,17.866,35.781,300
uav0000355_00001_v,1360x766,455,0.886,5.417,6.834,3.403,16.955,16.436,34.277,300
uav0000355_00001_v,1360x766,456,0.863,5.416,6.854,3.333,16.876,17.592,35.332,300
uav0000355_00001_v,1360x766,457,0.909,5.401,6.839,3.399,16.902,18.074,35.884,300
uav0000355_00001_v,1360x766,458,0.879,5.41,6.842,3.386,16.92,17.81,35.609,300
uav0000355_00001_v,1360x766,459,0.894,5.468,6.85,3.456,17.025,17.277,35.196,300
uav0000355_00001_v,1360x766,460,0.879,5.387,6.833,3.368,16.902,17.545,35.325,300
uav0000355_00001_v,1360x766,461,0.871,5.43,6.839,3.339,16.853,18.179,35.903,300
uav0000355_00001_v,1360x766,462,0.845,5.391,6.815,3.42,16.869,17.45,35.163,300
uav0000355_00001_v,1360x766,463,0.801,5.387,6.815,3.474,16.945,17.314,35.06,300
uav0000355_00001_v,1360x766,464,0.811,5.373,6.826,3.433,16.892,18.434,36.138,300
uav0000355_00001_v,1360x766,465,0.805,5.406,6.812,3.421,16.913,18.243,35.961,300
uav0000355_00001_v,1360x766,466,0.81,5.401,6.811,3.404,16.868,18.276,35.954,300
uav0000355_00001_v,1360x766,467,0.791,5.377,6.804,3.384,16.804,18.761,36.356,300
uav0000355_00001_v,1360x766,468,0.771,5.381,6.814,3.382,16.835,17.322,34.928,300
uav0000370_00001_v,2720x1530,1,110.736,6.347,6.954,3.323,18.141,2.161,131.038,60
uav0000370_00001_v,2720x1530,2,5.347,6.296,6.961,3.492,18.188,3.341,26.876,62
uav0000370_00001_v,2720x1530,3,6.315,6.531,6.859,3.488,18.261,3.676,28.251,78
uav0000370_00001_v,2720x1530,4,4.925,6.242,6.909,3.133,17.66,3.609,26.194,70
uav0000370_00001_v,2720x1530,5,2.852,6.309,7.064,3.511,18.4,3.087,24.339,71
uav0000370_00001_v,2720x1530,6,3.457,6.289,6.931,3.263,17.907,3.37,24.734,76
uav0000370_00001_v,2720x1530,7,2.838,6.236,6.891,3.202,17.702,3.55,24.09,99
uav0000370_00001_v,2720x1530,8,2.835,6.335,6.902,3.28,17.886,3.409,24.129,99
uav0000370_00001_v,2720x1530,9,3.518,6.488,6.964,3.488,18.339,3.523,25.38,93
uav0000370_00001_v,2720x1530,10,2.917,6.216,6.91,3.216,17.689,3.438,24.044,97
uav0000370_00001_v,2720x1530,11,2.921,6.277,6.903,3.186,17.766,3.419,24.106,114
uav0000370_00001_v,2720x1530,12,3.428,6.275,6.911,3.307,17.88,3.746,25.054,138
uav0000370_00001_v,2720x1530,13,2.852,6.377,6.962,3.284,18.019,3.872,24.743,120
uav0000370_00001_v,2720x1530,14,3.461,6.277,6.928,3.254,17.901,3.637,24.999,120
uav0000370_00001_v,2720x1530,15,2.895,6.239,6.903,3.259,17.759,3.514,24.168,106
uav0000370_00001_v,2720x1530,16,3.542,6.206,6.887,3.144,17.677,3.873,25.093,92
uav0000370_00001_v,2720x1530,17,2.88,6.245,6.891,3.142,17.645,3.538,24.063,112
uav0000370_00001_v,2720x1530,18,2.808,6.272,6.931,3.277,17.89,3.785,24.483,117
uav0000370_00001_v,2720x1530,19,3.27,6.512,6.93,3.205,18.059,4.153,25.481,113
uav0000370_00001_v,2720x1530,20,2.838,6.217,6.892,3.197,17.718,4.309,24.865,101
uav0000370_00001_v,2720x1530,21,2.948,6.281,6.957,3.212,17.805,3.926,24.679,70
uav0000370_00001_v,2720x1530,22,2.93,6.291,6.936,3.123,17.771,4.084,24.785,74
uav0000370_00001_v,2720x1530,23,2.902,6.185,6.872,3.183,17.618,3.685,24.205,81
uav0000370_00001_v,2720x1530,24,2.811,6.276,6.896,3.186,17.749,3.681,24.241,103
uav0000370_00001_v,2720x1530,25,2.836,6.341,6.94,3.241,17.956,3.976,24.769,113
uav0000370_00001_v,2720x1530,26,3.497,6.266,6.877,3.17,17.713,3.842,25.051,125
uav0000370_00001_v,2720x1530,27,4.435,6.231,6.899,3.264,17.841,4.12,26.396,126
uav0000370_00001_v,2720x1530,28,3.475,6.233,6.903,3.264,17.807,4.348,25.63,133
uav0000370_00001_v,2720x1530,29,3.283,6.268,6.927,3.2,17.794,4.77,25.847,114
uav0000370_00001_v,2720x1530,30,3.506,6.259,6.861,3.252,17.781,5.137,26.423,116
uav0000370_00001_v,2720x1530,31,3.437,6.223,6.901,3.255,17.782,5.665,26.885,106
uav0000370_00001_v,2720x1530,32,3.481,6.248,6.984,3.26,17.88,5.605,26.966,122
uav0000370_00001_v,2720x1530,33,3.455,6.332,6.941,3.367,18.044,5.611,27.11,142
uav0000370_00001_v,2720x1530,34,2.975,6.281,6.835,3.124,17.654,4.978,25.607,107
uav0000370_00001_v,2720x1530,35,2.863,6.248,6.891,3.254,17.827,5.639,26.328,111
uav0000370_00001_v,2720x1530,36,2.865,6.244,6.965,3.259,17.857,5.559,26.281,99
uav0000370_00001_v,2720x1530,37,2.892,6.292,6.946,3.254,17.866,5.63,26.388,137
uav0000370_00001_v,2720x1530,38,2.919,6.243,6.877,3.212,17.749,5.476,26.145,124
uav0000370_00001_v,2720x1530,39,2.894,6.312,6.96,3.56,18.27,5.51,26.674,111
uav0000370_00001_v,2720x1530,40,2.838,6.184,6.97,3.242,17.817,5.344,25.999,87
uav0000370_00001_v,2720x1530,41,6.634,6.265,6.961,3.309,17.941,5.583,30.158,103
uav0000370_00001_v,2720x1530,42,2.904,6.233,6.875,3.217,17.696,6.355,26.955,111
uav0000370_00001_v,2720x1530,43,6.592,6.294,6.909,3.176,17.848,5.88,30.32,118
uav0000370_00001_v,2720x1530,44,2.921,6.265,6.921,3.266,17.813,5.619,26.353,105
uav0000370_00001_v,2720x1530,45,3.265,6.206,6.92,3.229,17.726,5.59,26.58,106
uav0000370_00001_v,2720x1530,46,2.928,6.317,6.897,3.23,17.841,6.292,27.062,125
uav0000370_00001_v,2720x1530,47,2.894,6.239,6.891,3.256,17.757,6.283,26.934,129
uav0000370_00001_v,2720x1530,48,2.91,6.245,6.951,3.258,17.813,6.616,27.338,127
uav0000370_00001_v,2720x1530,49,2.838,6.217,6.918,3.314,17.88,5.745,26.463,129
uav0000370_00001_v,2720x1530,50,2.854,6.222,6.874,3.225,17.745,5.904,26.503,115
uav0000370_00001_v,2720x1530,51,3.426,6.285,6.924,3.319,17.942,6.257,27.626,117
uav0000370_00001_v,2720x1530,52,21.1,6.654,6.919,3.301,18.289,5.89,45.279,119
uav0000370_00001_v,2720x1530,53,2.84,6.331,6.949,3.442,18.152,7.078,28.07,117
uav0000370_00001_v,2720x1530,54,2.852,6.246,6.891,3.429,17.944,6.505,27.301,109
uav0000370_00001_v,2720x1530,55,3.437,6.225,6.899,3.2,17.719,6.334,27.49,110
uav0000370_00001_v,2720x1530,56,4.847,6.201,6.905,3.264,17.803,6.368,29.018,121
uav0000370_00001_v,2720x1530,57,2.848,6.295,6.943,3.394,18.056,6.308,27.212,120
uav0000370_00001_v,2720x1530,58,4.248,6.293,6.904,3.189,17.861,6.252,28.361,134
uav0000370_00001_v,2720x1530,59,3.507,6.226,6.876,3.142,17.642,6.456,27.605,128
uav0000370_00001_v,2720x1530,60,3.477,6.269,6.929,3.289,17.92,5.916,27.312,128
uav0000370_00001_v,2720x1530,61,3.509,6.329,6.988,3.338,18.035,5.66,27.204,116
uav0000370_00001_v,2720x1530,62,4.152,6.246,6.922,3.238,17.799,6.299,28.249,135
uav0000370_00001_v,2720x1530,63,3.101,6.205,6.897,3.279,17.746,5.684,26.531,115
uav0000370_00001_v,2720x1530,64,3.473,6.273,6.953,3.354,17.962,5.064,26.499,125
uav0000370_00001_v,2720x1530,65,3.453,6.3,6.942,3.336,17.993,5.061,26.507,100
uav0000370_00001_v,2720x1530,66,2.818,6.195,6.892,3.226,17.719,5.362,25.898,96
uav0000370_00001_v,2720x1530,67,2.854,6.236,6.903,3.234,17.798,5.81,26.462,135
uav0000370_00001_v,2720x1530,68,3.556,6.248,6.918,3.23,17.799,5.647,27.002,122
uav0000370_00001_v,2720x1530,69,4.135,6.264,6.922,3.271,17.889,5.34,27.364,99
uav0000370_00001_v,2720x1530,70,3.464,6.277,6.91,3.179,17.77,5.185,26.419,107
uav0000370_00001_v,2720x1530,71,2.95,6.303,6.928,3.243,17.871,5.496,26.318,101
uav0000370_00001_v,2720x1530,72,3.608,6.229,6.935,3.591,18.109,5.686,27.403,111
uav0000370_00001_v,2720x1530,73,3.551,6.303,6.939,3.335,17.977,5.125,26.653,120
uav0000370_00001_v,2720x1530,74,3.468,6.24,6.891,3.173,17.723,5.117,26.308,120
uav0000370_00001_v,2720x1530,75,2.842,6.223,6.884,3.207,17.712,5.31,25.864,117
uav0000370_00001_v,2720x1530,76,2.852,6.301,6.946,3.313,17.964,5.232,26.048,119
uav0000370_00001_v,2720x1530,77,3.524,6.299,6.942,3.471,18.158,4.978,26.66,117
uav0000370_00001_v,2720x1530,78,3.512,6.244,6.884,3.266,17.828,5.269,26.61,140
uav0000370_00001_v,2720x1530,79,2.919,6.259,6.898,3.218,17.786,5.054,25.759,107
uav0000370_00001_v,2720x1530,80,3.445,6.236,6.94,3.326,17.948,5.048,26.441,106
uav0000370_00001_v,2720x1530,81,2.871,6.251,6.876,3.194,17.673,4.949,25.492,107
uav0000370_00001_v,2720x1530,82,3.556,6.289,6.896,3.155,17.785,5.067,26.407,103
uav0000370_00001_v,2720x1530,83,2.848,6.194,6.876,3.167,17.601,5.214,25.664,101
uav0000370_00001_v,2720x1530,84,3.443,6.245,6.952,3.236,17.845,5.2,26.488,122
uav0000370_00001_v,2720x1530,85,3.448,6.348,6.974,3.305,18.072,4.603,26.122,81
uav0000370_00001_v,2720x1530,86,2.861,6.212,6.906,3.256,17.802,4.445,25.108,116
uav0000370_00001_v,2720x1530,87,2.905,6.282,6.923,3.203,17.802,4.872,25.579,123
uav0000370_00001_v,2720x1530,88,2.84,6.262,6.937,3.312,17.928,4.632,25.4,131
uav0000370_00001_v,2720x1530,89,3.547,6.272,6.933,3.243,17.818,4.156,25.521,106
uav0000370_00001_v,2720x1530,90,2.906,6.186,6.898,3.261,17.756,4.406,25.067,105
uav0000370_00001_v,2720x1530,91,2.844,6.283,6.913,3.382,18.032,4.599,25.475,123
uav0000370_00001_v,2720x1530,92,2.809,6.257,6.954,3.431,18.031,4.442,25.282,129
uav0000370_00001_v,2720x1530,93,3.513,6.269,6.899,3.181,17.77,4.376,25.659,120
uav0000370_00001_v,2720x1530,94,2.851,6.199,6.877,3.181,17.641,4.136,24.628,132
uav0000370_00001_v,2720x1530,95,2.829,6.224,6.894,3.283,17.775,3.999,24.603,114
uav0000370_00001_v,2720x1530,96,3.528,6.278,6.924,3.173,17.777,4.108,25.414,93
uav0000370_00001_v,2720x1530,97,2.866,6.292,6.945,3.501,18.167,4.087,25.12,125
uav0000370_00001_v,2720x1530,98,2.844,6.271,6.908,3.278,17.834,3.854,24.532,111
uav0000370_00001_v,2720x1530,99,2.827,6.278,6.896,3.185,17.765,3.887,24.478,112
uav0000370_00001_v,2720x1530,100,2.853,6.265,6.971,3.314,17.932,3.97,24.755,107
uav0000370_00001_v,2720x1530,101,3.443,6.275,6.945,3.174,17.763,3.591,24.796,94
uav0000370_00001_v,2720x1530,102,2.884,6.184,6.919,3.2,17.669,2.882,23.435,98
uav0000370_00001_v,2720x1530,103,2.873,6.234,6.899,3.244,17.759,3.262,23.894,104
uav0000370_00001_v,2720x1530,104,2.862,6.317,6.957,3.259,17.891,3.177,23.929,112
uav0000370_00001_v,2720x1530,105,3.547,6.234,6.898,3.208,17.701,3.603,24.852,127
uav0000370_00001_v,2720x1530,106,2.862,6.183,6.859,3.184,17.564,3.245,23.671,127
uav0000370_00001_v,2720x1530,107,2.849,6.218,6.893,3.22,17.7,3.586,24.135,129
uav0000370_00001_v,2720x1530,108,2.853,6.219,6.913,3.216,17.7,3.431,23.983,133
uav0000370_00001_v,2720x1530,109,2.839,6.24,6.928,3.284,17.815,3.803,24.457,142
uav0000370_00001_v,2720x1530,110,2.794,6.442,6.902,3.239,18.016,4.194,25.004,130
uav0000370_00001_v,2720x1530,111,2.841,6.254,6.898,3.21,17.787,3.74,24.368,121
uav0000370_00001_v,2720x1530,112,2.835,6.227,6.951,3.292,17.895,3.633,24.363,93
uav0000370_00001_v,2720x1530,113,2.909,6.263,6.934,3.301,17.906,3.813,24.628,96
uav0000370_00001_v,2720x1530,114,2.952,6.265,6.906,3.235,17.786,3.901,24.639,104
uav0000370_00001_v,2720x1530,115,2.835,6.217,6.907,3.261,17.766,3.751,24.353,107
uav0000370_00001_v,2720x1530,116,3.575,6.268,6.914,3.245,17.912,3.825,25.312,117
uav0000370_00001_v,2720x1530,117,3.071,6.246,6.921,3.229,17.809,3.578,24.458,112
uav0000370_00001_v,2720x1530,118,2.877,6.21,6.883,3.15,17.634,3.655,24.165,118
uav0000370_00001_v,2720x1530,119,2.857,6.224,6.914,3.222,17.734,3.997,24.588,115
uav0000370_00001_v,2720x1530,120,2.898,6.201,6.951,3.265,17.84,3.81,24.547,125
uav0000370_00001_v,2720x1530,121,2.89,6.248,6.938,3.345,17.922,3.923,24.735,116
uav0000370_00001_v,2720x1530,122,2.93,6.284,6.903,3.288,17.844,3.441,24.216,88
uav0000370_00001_v,2720x1530,123,2.866,6.216,6.88,3.148,17.635,4.687,25.188,74
uav0000370_00001_v,2720x1530,124,2.832,6.239,6.953,3.328,18.004,4.453,25.289,77
uav0000370_00001_v,2720x1530,125,2.921,6.322,6.981,3.231,17.91,4.117,24.948,81
uav0000370_00001_v,2720x1530,126,2.879,6.211,6.85,3.145,17.544,4.156,24.579,81
uav0000370_00001_v,2720x1530,127,2.83,6.29,6.906,3.189,17.784,3.895,24.509,83
uav0000370_00001_v,2720x1530,128,3.532,6.266,6.962,3.2,17.836,4.104,25.472,92
uav0000370_00001_v,2720x1530,129,2.849,6.325,6.887,3.161,17.741,3.768,24.358,87
uav0000370_00001_v,2720x1530,130,2.938,6.226,6.891,3.203,17.693,3.854,24.485,87
uav0000370_00001_v,2720x1530,131,2.953,6.252,6.89,3.146,17.625,3.863,24.442,87
uav0000370_00001_v,2720x1530,132,2.862,6.205,6.9,3.162,17.592,3.852,24.305,101
uav0000370_00001_v,2720x1530,133,2.825,6.298,6.954,3.28,17.941,3.797,24.564,96
uav0000370_00001_v,2720x1530,134,2.84,6.248,6.902,3.209,17.714,3.959,24.514,93
uav0000370_00001_v,2720x1530,135,2.838,6.321,6.895,3.25,17.845,4.145,24.828,113
uav0000370_00001_v,2720x1530,136,2.872,6.22,6.937,3.3,17.885,4.122,24.879,107
uav0000370_00001_v,2720x1530,137,2.908,6.301,6.932,3.201,17.807,3.754,24.469,90
uav0000370_00001_v,2720x1530,138,2.887,6.171,6.875,3.179,17.586,4.052,24.524,105
uav0000370_00001_v,2720x1530,139,3.573,6.377,6.911,3.317,17.988,3.596,25.156,104
uav0000370_00001_v,2720x1530,140,2.838,6.236,6.93,3.306,17.854,3.821,24.514,103
uav0000370_00001_v,2720x1530,141,2.806,6.223,6.921,3.216,17.796,3.877,24.479,119
uav0000370_00001_v,2720x1530,142,2.925,6.188,6.864,3.243,17.693,4.642,25.259,112
uav0000370_00001_v,2720x1530,143,3.046,6.183,6.889,3.295,17.698,4.08,24.824,95
uav0000370_00001_v,2720x1530,144,3.492,6.292,6.98,3.198,17.888,4.484,25.864,106
uav0000370_00001_v,2720x1530,145,2.918,6.282,6.947,3.276,17.903,4.649,25.47,105
uav0000370_00001_v,2720x1530,146,2.862,6.264,6.853,3.152,17.597,4.101,24.561,99
uav0000370_00001_v,2720x1530,147,2.864,6.288,6.884,3.181,17.761,4.262,24.887,113
uav0000370_00001_v,2720x1530,148,2.826,6.21,6.957,3.304,17.907,4.826,25.56,109
uav0000370_00001_v,2720x1530,149,2.907,6.279,6.903,3.155,17.684,4.535,25.126,92
uav0000370_00001_v,2720x1530,150,2.905,6.276,6.855,3.145,17.649,4.498,25.053,104
uav0000370_00001_v,2720x1530,151,3.58,6.193,6.907,3.246,17.667,4.577,25.824,115
uav0000370_00001_v,2720x1530,152,3.098,6.248,6.951,3.376,18.016,5.052,26.166,113
uav0000370_00001_v,2720x1530,153,2.866,6.279,6.902,3.244,17.814,4.717,25.397,96
uav0000370_00001_v,2720x1530,154,2.931,6.233,6.876,3.168,17.665,4.425,25.021,78
uav0000370_00001_v,2720x1530,155,2.835,6.238,6.895,3.205,17.727,4.451,25.013,73
uav0000370_00001_v,2720x1530,156,2.834,6.298,6.899,3.19,17.781,4.744,25.359,82
uav0000370_00001_v,2720x1530,157,2.831,6.263,6.924,3.33,17.912,4.462,25.205,76
uav0000370_00001_v,2720x1530,158,2.884,6.229,6.896,3.147,17.614,4.406,24.904,76
uav0000370_00001_v,2720x1530,159,2.828,6.271,6.898,3.165,17.776,4.446,25.05,77
uav0000370_00001_v,2720x1530,160,2.842,6.186,6.933,3.287,17.806,4.558,25.207,81
uav0000370_00001_v,2720x1530,161,2.879,6.265,6.971,3.195,17.8,4.253,24.932,72
uav0000370_00001_v,2720x1530,162,2.895,6.237,6.875,3.163,17.628,4.264,24.787,74
uav0000370_00001_v,2720x1530,163,4.231,6.284,6.902,3.439,18.015,3.959,26.205,77
uav0000370_00001_v,2720x1530,164,3.038,6.301,6.938,3.297,17.951,3.975,24.964,75
uav0000370_00001_v,2720x1530,165,2.877,6.297,6.909,3.176,17.758,4.019,24.655,72
uav0000370_00001_v,2720x1530,166,2.859,6.225,6.874,3.131,17.603,4.118,24.581,84
uav0000370_00001_v,2720x1530,167,2.8,6.252,6.897,3.196,17.685,4.186,24.67,86
uav0000370_00001_v,2720x1530,168,2.802,6.241,6.94,3.244,17.793,4.317,24.912,83
uav0000370_00001_v,2720x1530,169,2.86,6.301,6.964,3.282,17.915,4.144,24.919,71
uav0000370_00001_v,2720x1530,170,2.872,6.243,6.908,3.223,17.74,4.093,24.705,88
uav0000370_00001_v,2720x1530,171,2.849,6.317,6.89,3.152,17.753,4.249,24.85,92
uav0000370_00001_v,2720x1530,172,2.821,6.21,6.94,3.31,17.861,4.304,24.986,89
uav0000370_00001_v,2720x1530,173,2.869,6.273,6.938,3.238,17.808,4.015,24.692,84
uav0000370_00001_v,2720x1530,174,2.898,6.216,6.9,3.225,17.722,4.079,24.7,76
uav0000370_00001_v,2720x1530,175,3.556,6.23,6.911,3.235,17.795,4.106,25.457,73
uav0000370_00001_v,2720x1530,176,2.878,6.232,6.946,3.253,17.876,4.319,25.073,72
uav0000370_00001_v,2720x1530,177,2.911,6.251,6.887,3.129,17.644,4.535,25.091,83
uav0000370_00001_v,2720x1530,178,2.868,6.21,6.888,3.258,17.744,4.125,24.737,75
uav0000370_00001_v,2720x1530,179,2.832,6.296,6.891,3.207,17.77,4.164,24.767,110
uav0000370_00001_v,2720x1530,180,2.807,6.277,6.939,3.248,17.823,4.455,25.085,81
uav0000370_00001_v,2720x1530,181,2.914,6.268,6.962,3.302,17.917,4.809,25.64,134
uav0000370_00001_v,2720x1530,182,2.826,6.288,6.907,3.237,17.803,4.526,25.155,77
uav0000370_00001_v,2720x1530,183,2.852,6.219,6.881,3.27,17.78,4.618,25.25,87
uav0000370_00001_v,2720x1530,184,2.897,6.246,6.974,3.279,17.889,4.729,25.515,85
uav0000370_00001_v,2720x1530,185,2.917,6.284,6.94,3.149,17.741,4.514,25.173,107
uav0000370_00001_v,2720x1530,186,3.494,6.178,6.837,3.115,17.503,3.882,24.879,71
uav0000370_00001_v,2720x1530,187,3.732,6.272,6.916,3.318,17.972,4.145,25.849,49
uav0000370_00001_v,2720x1530,188,2.878,6.447,6.959,3.31,18.142,3.897,24.917,52
uav0000370_00001_v,2720x1530,189,2.813,6.24,6.915,3.197,17.712,3.485,24.01,46
uav0000370_00001_v,2720x1530,190,2.847,6.211,6.877,3.265,17.758,3.484,24.09,51
uav0000370_00001_v,2720x1530,191,2.785,6.243,6.909,3.299,17.898,3.336,24.019,51
uav0000370_00001_v,2720x1530,192,2.808,6.272,6.972,3.336,17.956,3.426,24.191,46
uav0000370_00001_v,2720x1530,193,2.774,6.235,6.946,3.355,17.934,3.077,23.786,40
uav0000370_00001_v,2720x1530,194,2.822,6.241,6.831,3.149,17.528,2.967,23.316,40
uav0000370_00001_v,2720x1530,195,2.864,6.281,6.913,3.181,17.759,3.04,23.664,37
uav0000370_00001_v,2720x1530,196,2.833,6.293,6.99,3.207,17.956,3.053,23.843,47
uav0000370_00001_v,2720x1530,197,2.828,6.3,6.947,3.112,17.737,3.159,23.724,43
uav0000370_00001_v,2720x1530,198,3.355,6.256,6.853,3.209,17.762,3.301,24.418,51
uav0000370_00001_v,2720x1530,199,2.887,6.273,6.901,3.138,17.719,3.014,23.62,61
uav0000370_00001_v,2720x1530,200,2.85,6.28,6.967,3.209,17.868,3.567,24.286,57
uav0000370_00001_v,2720x1530,201,2.996,6.286,6.89,3.141,17.702,4.075,24.772,54
uav0000370_00001_v,2720x1530,202,2.833,6.232,6.855,3.169,17.625,3.773,24.23,64
uav0000370_00001_v,2720x1530,203,2.798,6.219,6.892,3.179,17.693,3.818,24.309,68
uav0000370_00001_v,2720x1530,204,3.517,6.253,6.93,3.239,17.774,4.456,25.747,78
uav0000370_00001_v,2720x1530,205,2.841,6.282,6.967,3.249,17.912,4.982,25.735,69
uav0000370_00001_v,2720x1530,206,2.871,6.211,6.833,3.131,17.532,4.228,24.63,83
uav0000370_00001_v,2720x1530,207,2.856,6.21,6.897,3.144,17.662,4.2,24.718,79
uav0000370_00001_v,2720x1530,208,2.921,6.28,7.009,3.312,18.02,4.527,25.468,75
uav0000370_00001_v,2720x1530,209,3.43,6.283,6.94,3.219,17.859,4.346,25.636,62
uav0000370_00001_v,2720x1530,210,2.912,6.217,6.88,3.192,17.64,4.386,24.938,64
uav0000370_00001_v,2720x1530,211,3.474,6.223,6.907,3.211,17.724,4.595,25.792,66
uav0000370_00001_v,2720x1530,212,2.832,6.268,6.959,3.225,17.875,5.114,25.821,73
uav0000370_00001_v,2720x1530,213,2.91,6.367,6.945,3.211,17.944,4.166,25.02,61
uav0000370_00001_v,2720x1530,214,2.893,6.218,6.859,3.121,17.549,4.175,24.617,59
uav0000370_00001_v,2720x1530,215,2.862,6.252,6.901,3.214,17.817,4.43,25.109,60
uav0000370_00001_v,2720x1530,216,2.838,6.229,6.959,3.272,17.889,3.976,24.703,69
uav0000370_00001_v,2720x1530,217,2.855,6.3,6.978,3.26,17.924,3.917,24.696,63
uav0000370_00001_v,2720x1530,218,2.898,6.228,6.877,3.1,17.61,3.725,24.233,68
uav0000370_00001_v,2720x1530,219,4.149,6.238,6.905,3.122,17.695,3.851,25.695,75
uav0000370_00001_v,2720x1530,220,2.833,6.234,6.972,3.21,17.781,3.809,24.423,62
uav0000370_00001_v,2720x1530,221,2.819,6.35,6.949,3.215,17.931,3.909,24.659,65
uav0000370_00001_v,2720x1530,222,2.957,6.265,6.868,3.097,17.619,3.787,24.363,59
uav0000370_00001_v,2720x1530,223,2.908,6.235,6.906,3.218,17.732,3.807,24.447,70
uav0000370_00001_v,2720x1530,224,3.148,6.239,6.962,3.193,17.783,4.044,24.975,59
uav0000370_00001_v,2720x1530,225,2.968,6.315,6.885,3.086,17.701,4.446,25.115,48
uav0000370_00001_v,2720x1530,226,2.898,6.24,6.881,3.131,17.651,4.059,24.607,64
uav0000370_00001_v,2720x1530,227,2.854,6.21,6.903,3.209,17.734,4.004,24.592,65
uav0000370_00001_v,2720x1530,228,2.874,6.22,6.948,3.225,17.758,4.02,24.652,59
uav0000370_00001_v,2720x1530,229,2.843,6.321,6.921,3.268,17.893,4.206,24.942,59
uav0000370_00001_v,2720x1530,230,2.868,6.275,6.856,3.146,17.649,4.252,24.769,52
uav0000370_00001_v,2720x1530,231,2.826,6.29,6.909,3.209,17.822,4.604,25.252,55
uav0000370_00001_v,2720x1530,232,2.913,6.278,6.973,3.226,17.852,4.573,25.338,69
uav0000370_00001_v,2720x1530,233,2.866,6.262,6.916,3.153,17.711,4.792,25.369,68
uav0000370_00001_v,2720x1530,234,2.902,6.283,6.855,3.212,17.727,4.296,24.925,66
uav0000370_00001_v,2720x1530,235,2.884,6.239,6.908,3.16,17.723,4.316,24.923,67
uav0000370_00001_v,2720x1530,236,2.939,6.248,6.981,3.239,17.822,4.362,25.124,57
uav0000370_00001_v,2720x1530,237,2.881,6.268,6.911,3.147,17.742,4.529,25.151,65
uav0000370_00001_v,2720x1530,238,2.906,6.22,6.861,3.184,17.684,4.151,24.742,54
uav0000370_00001_v,2720x1530,239,2.907,6.216,6.907,3.165,17.681,4.391,24.979,57
uav0000370_00001_v,2720x1530,240,2.926,6.273,6.928,3.109,17.68,4.56,25.167,63
uav0000370_00001_v,2720x1530,241,2.843,6.325,6.973,3.264,17.989,4.476,25.307,56
uav0000370_00001_v,2720x1530,242,2.854,6.197,6.89,3.2,17.666,4.323,24.843,60
uav0000370_00001_v,2720x1530,243,2.934,6.285,6.923,3.175,17.754,4.325,25.012,65
uav0000370_00001_v,2720x1530,244,3.01,6.249,6.861,3.122,17.605,4.16,24.776,62
uav0000370_00001_v,2720x1530,245,3.504,6.272,6.881,3.183,17.769,4.284,25.557,73
uav0000370_00001_v,2720x1530,246,3.562,6.216,6.919,3.243,17.785,4.107,25.454,74
uav0000370_00001_v,2720x1530,247,3.419,6.317,7.007,3.343,18.132,3.721,25.272,61
uav0000370_00001_v,2720x1530,248,3.485,6.237,6.938,3.2,17.811,3.598,24.894,61
uav0000370_00001_v,2720x1530,249,2.899,6.224,6.867,3.194,17.69,3.778,24.367,63
uav0000370_00001_v,2720x1530,250,3.524,6.249,6.903,3.225,17.75,3.751,25.025,59
uav0000370_00001_v,2720x1530,251,3.47,6.28,6.939,3.207,17.804,3.99,25.265,57
uav0000370_00001_v,2720x1530,252,4.077,6.226,6.872,3.174,17.691,3.899,25.668,60
uav0000370_00001_v,2720x1530,253,2.914,6.256,6.896,3.162,17.687,3.728,24.329,58
uav0000370_00001_v,2720x1530,254,2.916,6.275,6.911,3.156,17.798,3.728,24.442,53
uav0000370_00001_v,2720x1530,255,3.477,6.264,6.917,3.142,17.747,3.721,24.946,46
uav0000370_00001_v,2720x1530,256,2.843,6.275,6.943,3.202,17.81,3.819,24.472,61
uav0000370_00001_v,2720x1530,257,3.47,6.299,6.916,3.249,17.897,4.139,25.507,80
uav0000370_00001_v,2720x1530,258,2.894,6.215,6.907,3.203,17.729,4.667,25.29,83
uav0000370_00001_v,2720x1530,259,2.808,6.23,6.869,3.196,17.655,4.267,24.73,106
uav0000370_00001_v,2720x1530,260,2.732,6.217,6.844,3.141,17.548,3.953,24.233,67
uav0000370_00001_v,2720x1530,261,2.735,6.247,6.809,3.123,17.605,4.023,24.363,59
uav0000370_00001_v,2720x1530,262,2.67,6.203,6.82,3.082,17.512,3.994,24.176,71
uav0000370_00001_v,2720x1530,263,2.673,6.273,6.839,3.085,17.573,3.928,24.174,71
uav0000370_00001_v,2720x1530,264,2.657,6.274,6.832,3.436,17.887,3.895,24.439,78
uav0000370_00001_v,2720x1530,265,2.609,6.24,6.841,3.229,17.733,3.637,23.979,80
