video,resolucion,frame,lectura_ms,pre_ms,inferencia_ms,post_ms,deteccion_ms,tracking_ms,total_ms,n_dets
uav0000009_03358_v,1360x766,1,38.415,9.532,20.371,5.729,38.278,9.556,86.249,28
uav0000009_03358_v,1360x766,2,1.838,12.331,25.378,6.822,47.263,15.253,64.355,28
uav0000009_03358_v,1360x766,3,1.837,10.855,23.182,6.749,43.464,15.746,61.047,31
uav0000009_03358_v,1360x766,4,1.99,11.648,25.78,6.486,46.555,13.485,62.03,23
uav0000009_03358_v,1360x766,5,1.815,12.017,25.272,6.373,46.285,13.214,61.313,26
uav0000009_03358_v,1360x766,6,1.669,9.948,21.717,6.164,40.437,13.293,55.399,31
uav0000009_03358_v,1360x766,7,1.868,11.714,25.155,6.406,46.015,14.317,62.201,30
uav0000009_03358_v,1360x766,8,1.875,11.964,25.314,6.528,46.499,14.703,63.077,25
uav0000009_03358_v,1360x766,9,1.96,12.229,25.397,6.597,46.954,15.088,64.002,37
uav0000009_03358_v,1360x766,10,1.896,12.183,25.426,6.318,46.521,14.826,63.243,35
uav0000009_03358_v,1360x766,11,1.964,12.012,24.314,6.235,45.2,14.737,61.901,35
uav0000009_03358_v,1360x766,12,2.059,12.085,25.386,6.462,46.715,14.26,63.033,37
uav0000009_03358_v,1360x766,13,1.708,11.989,25.336,6.302,46.314,14.887,62.91,38
uav0000009_03358_v,1360x766,14,2.564,14.263,25.384,6.848,49.481,14.354,66.399,33
uav0000009_03358_v,1360x766,15,2.341,12.215,25.298,6.585,47.044,12.708,62.093,35
uav0000009_03358_v,1360x766,16,2.417,12.215,25.589,6.231,46.545,14.239,63.201,36
uav0000009_03358_v,1360x766,17,1.748,11.41,25.354,6.469,45.774,15.338,62.859,38
uav0000009_03358_v,1360x766,18,2.415,11.464,25.292,6.386,45.96,16.214,64.589,47
uav0000009_03358_v,1360x766,19,1.74,12.268,23.991,6.795,45.869,14.464,62.073,38
uav0000009_03358_v,1360x766,20,1.827,11.221,25.424,6.051,45.218,16.273,63.318,43
uav0000009_03358_v,1360x766,21,2.172,11.207,25.554,6.215,45.574,15.207,62.953,48
uav0000009_03358_v,1360x766,22,1.953,11.41,25.42,6.123,45.477,14.667,62.096,40
uav0000009_03358_v,1360x766,23,2.2,10.797,25.447,6.205,45.14,14.304,61.644,38
uav0000009_03358_v,1360x766,24,2.092,11.012,25.376,6.817,45.898,14.046,62.036,44
uav0000009_03358_v,1360x766,25,1.686,10.928,25.337,5.827,44.667,13.967,60.319,39
uav0000009_03358_v,1360x766,26,1.682,10.752,25.338,6.04,44.839,13.852,60.373,43
uav0000009_03358_v,1360x766,27,1.67,11.106,24.741,5.792,44.295,13.677,59.642,44
uav0000009_03358_v,1360x766,28,1.729,10.753,25.304,5.674,44.276,13.763,59.767,43
uav0000009_03358_v,1360x766,29,2.138,10.922,25.268,5.892,44.524,13.557,60.219,36
uav0000009_03358_v,1360x766,30,1.679,11.157,25.329,5.997,44.875,14.414,60.969,42
uav0000009_03358_v,1360x766,31,1.738,11.003,25.183,6.419,45.129,15.065,61.932,39
uav0000009_03358_v,1360x766,32,1.984,11.171,25.379,6.161,45.583,14.45,62.018,31
uav0000009_03358_v,1360x766,33,2.058,11.145,25.38,6.282,45.532,14.327,61.917,33
uav0000009_03358_v,1360x766,34,2.2,11.032,25.347,6.377,45.286,15.137,62.623,33
uav0000009_03358_v,1360x766,35,2.452,11.313,25.263,5.999,45.0,14.653,62.106,38
uav0000009_03358_v,1360x766,36,1.815,11.47,25.251,6.205,45.568,14.385,61.768,39
uav0000009_03358_v,1360x766,37,1.762,11.145,25.365,6.404,45.489,15.057,62.308,45
uav0000009_03358_v,1360x766,38,1.948,11.116,25.244,6.286,45.345,15.365,62.659,40
uav0000009_03358_v,1360x766,39,1.784,11.456,25.106,6.355,45.591,16.104,63.479,41
uav0000009_03358_v,1360x766,40,1.848,11.551,25.33,6.388,46.017,16.14,64.005,50
uav0000009_03358_v,1360x766,41,1.8,11.411,25.545,6.32,45.817,16.707,64.323,41
uav0000009_03358_v,1360x766,42,1.8,11.438,25.264,6.428,45.695,16.581,64.076,35
uav0000009_03358_v,1360x766,43,1.728,11.874,25.209,6.054,45.573,14.531,61.832,34
uav0000009_03358_v,1360x766,44,1.78,11.492,25.152,6.453,45.755,14.629,62.164,37
uav0000009_03358_v,1360x766,45,1.802,11.17,25.351,6.139,45.251,14.236,61.289,40
uav0000009_03358_v,1360x766,46,1.753,11.39,25.349,5.997,45.382,14.786,61.921,39
uav0000009_03358_v,1360x766,47,1.83,11.126,25.194,6.317,45.277,15.731,62.838,49
uav0000009_03358_v,1360x766,48,2.059,11.482,25.382,6.309,45.803,16.014,63.877,42
uav0000009_03358_v,1360x766,49,1.807,11.548,25.383,6.315,45.853,16.132,63.792,49
uav0000009_03358_v,1360x766,50,1.809,11.45,25.393,6.625,46.184,17.114,65.107,51
uav0000009_03358_v,1360x766,51,1.871,11.49,25.153,6.254,45.614,14.007,61.492,54
uav0000009_03358_v,1360x766,52,1.421,11.698,25.338,6.664,46.056,16.158,63.635,51
uav0000009_03358_v,1360x766,53,1.745,11.161,25.238,6.07,44.971,15.342,62.058,42
uav0000009_03358_v,1360x766,54,1.83,11.645,25.318,6.195,45.713,15.546,63.089,38
uav0000009_03358_v,1360x766,55,1.78,11.186,25.479,6.386,45.9,17.565,65.245,48
uav0000009_03358_v,1360x766,56,1.839,11.311,25.307,6.002,45.3,16.144,63.283,42
uav0000009_03358_v,1360x766,57,1.855,11.279,25.358,5.992,45.226,15.059,62.141,42
uav0000009_03358_v,1360x766,58,2.07,11.026,25.604,6.481,45.852,15.788,63.711,47
uav0000009_03358_v,1360x766,59,1.776,11.463,25.197,6.588,45.87,12.037,59.683,38
uav0000009_03358_v,1360x766,60,1.394,11.75,25.388,6.344,45.674,16.383,63.452,40
uav0000009_03358_v,1360x766,61,1.801,11.176,25.589,6.1,45.402,15.992,63.195,38
uav0000009_03358_v,1360x766,62,1.769,11.543,25.336,6.059,45.516,15.388,62.672,34
uav0000009_03358_v,1360x766,63,1.995,11.513,25.117,6.077,45.326,16.014,63.334,39
uav0000009_03358_v,1360x766,64,1.885,11.729,25.633,6.442,46.441,16.563,64.89,35
uav0000009_03358_v,1360x766,65,1.796,11.577,25.668,6.196,45.957,15.985,63.739,36
uav0000009_03358_v,1360x766,66,2.038,11.761,25.116,5.186,44.462,14.235,60.735,35
uav0000009_03358_v,1360x766,67,2.125,9.875,22.787,5.827,40.917,14.063,57.105,38
uav0000009_03358_v,1360x766,68,1.732,8.847,24.423,6.416,42.367,12.908,57.007,41
uav0000009_03358_v,1360x766,69,1.427,9.229,23.304,6.0,40.619,14.966,57.012,36
uav0000009_03358_v,1360x766,70,1.857,10.718,25.284,5.768,44.118,15.454,61.43,31
uav0000009_03358_v,1360x766,71,1.84,10.917,25.282,5.881,44.511,15.833,62.184,31
uav0000009_03358_v,1360x766,72,2.155,10.96,25.376,6.261,45.017,17.107,64.279,35
uav0000009_03358_v,1360x766,73,1.915,11.037,25.394,6.485,45.309,16.313,63.538,33
uav0000009_03358_v,1360x766,74,2.15,11.163,25.42,6.413,45.37,16.586,64.105,34
uav0000009_03358_v,1360x766,75,2.153,11.123,25.265,6.611,45.472,17.054,64.679,34
uav0000009_03358_v,1360x766,76,1.974,11.19,23.422,6.59,43.755,17.061,62.79,35
uav0000009_03358_v,1360x766,77,1.923,11.161,25.302,6.116,45.263,16.552,63.737,32
uav0000009_03358_v,1360x766,78,2.234,11.693,25.159,6.182,45.649,17.028,64.912,39
uav0000009_03358_v,1360x766,79,2.276,11.827,25.303,6.277,46.027,17.36,65.663,35
uav0000009_03358_v,1360x766,80,1.854,11.459,25.2,6.083,45.315,16.811,63.979,35
uav0000009_03358_v,1360x766,81,2.149,11.555,25.535,6.618,46.26,17.864,66.273,37
uav0000009_03358_v,1360x766,82,1.931,11.614,25.324,6.169,45.636,18.306,65.873,43
uav0000009_03358_v,1360x766,83,2.166,11.614,25.665,6.245,46.186,18.008,66.36,39
uav0000009_03358_v,1360x766,84,1.841,9.413,24.749,6.632,43.775,17.295,62.911,46
uav0000009_03358_v,1360x766,85,2.155,11.154,25.229,6.82,46.125,22.84,71.12,81
uav0000009_03358_v,1360x766,86,1.853,11.134,25.35,6.911,46.136,29.456,77.446,103
uav0000009_03358_v,1360x766,87,1.737,10.867,25.715,7.448,46.926,32.732,81.395,142
uav0000009_03358_v,1360x766,88,1.753,10.651,25.772,6.784,45.783,31.873,79.409,161
uav0000009_03358_v,1360x766,89,1.931,10.38,25.218,6.234,44.515,35.788,82.234,170
uav0000009_03358_v,1360x766,90,1.835,10.076,25.303,6.491,44.352,35.964,82.151,177
uav0000009_03358_v,1360x766,91,1.889,10.421,25.309,6.28,44.676,34.227,80.792,171
uav0000009_03358_v,1360x766,92,1.794,8.562,22.744,4.792,38.104,33.686,73.583,155
uav0000009_03358_v,1360x766,93,1.631,8.479,22.292,6.051,39.354,33.686,74.67,150
uav0000009_03358_v,1360x766,94,1.736,7.873,22.745,6.104,39.366,34.696,75.797,166
uav0000009_03358_v,1360x766,95,1.741,7.848,23.079,6.434,39.992,33.307,75.04,167
uav0000009_03358_v,1360x766,96,1.732,8.43,22.791,5.976,39.742,33.246,74.72,175
uav0000009_03358_v,1360x766,97,1.586,7.964,22.306,5.631,38.381,33.035,73.003,192
uav0000009_03358_v,1360x766,98,1.805,8.419,22.637,6.143,39.755,33.003,74.563,237
uav0000009_03358_v,1360x766,99,1.592,7.933,23.287,7.824,41.538,37.654,80.784,300
uav0000009_03358_v,1360x766,100,1.55,7.871,23.19,7.032,40.734,43.579,85.862,300
uav0000009_03358_v,1360x766,101,1.2,7.543,23.126,6.172,38.671,49.956,89.828,300
uav0000009_03358_v,1360x766,102,1.093,7.284,20.989,6.601,36.82,49.648,87.562,300
uav0000009_03358_v,1360x766,103,1.314,7.561,21.324,6.445,37.59,51.659,90.562,300
uav0000009_03358_v,1360x766,104,1.053,7.378,20.918,6.162,36.289,51.899,89.241,300
uav0000009_03358_v,1360x766,105,1.63,7.481,20.663,6.382,36.448,49.853,87.931,300
uav0000009_03358_v,1360x766,106,1.521,7.399,20.418,6.222,35.975,51.784,89.281,300
uav0000009_03358_v,1360x766,107,1.203,7.293,19.96,6.084,35.269,48.994,85.466,300
uav0000009_03358_v,1360x766,108,1.295,7.24,19.962,5.542,34.857,48.456,84.608,300
uav0000009_03358_v,1360x766,109,1.358,7.541,20.027,5.562,35.189,48.997,85.544,300
uav0000009_03358_v,1360x766,110,1.271,7.232,20.007,5.55,34.746,48.86,84.876,300
uav0000009_03358_v,1360x766,111,1.369,8.561,20.275,5.642,36.565,48.351,86.285,300
uav0000009_03358_v,1360x766,112,1.25,7.216,19.989,5.563,34.653,49.055,84.958,300
uav0000009_03358_v,1360x766,113,1.072,7.226,19.942,5.568,34.665,46.9,82.638,300
uav0000009_03358_v,1360x766,114,1.085,7.122,19.986,5.345,34.335,45.598,81.017,300
uav0000009_03358_v,1360x766,115,1.498,7.668,20.015,5.028,34.518,49.926,85.941,300
uav0000009_03358_v,1360x766,116,1.109,7.141,20.005,5.381,34.408,49.769,85.286,300
uav0000009_03358_v,1360x766,117,1.312,7.243,20.024,5.084,34.159,47.488,82.958,300
uav0000009_03358_v,1360x766,118,1.484,7.118,20.03,5.165,34.139,49.268,84.892,300
uav0000009_03358_v,1360x766,119,1.528,7.351,20.002,4.855,33.873,47.423,82.824,300
uav0000009_03358_v,1360x766,120,1.588,7.1,22.064,5.128,36.119,50.913,88.62,300
uav0000009_03358_v,1360x766,121,1.766,7.343,20.003,5.014,34.201,51.29,87.256,300
uav0000009_03358_v,1360x766,122,1.547,7.662,20.18,5.252,34.967,53.134,89.648,300
uav0000009_03358_v,1360x766,123,1.455,7.219,19.971,5.518,35.577,52.088,89.12,300
uav0000009_03358_v,1360x766,124,1.299,7.2,19.921,5.02,33.975,53.02,88.294,300
uav0000009_03358_v,1360x766,125,1.291,7.235,19.911,4.932,33.86,50.438,85.589,300
uav0000009_03358_v,1360x766,126,1.509,7.207,19.957,5.407,35.016,48.843,85.367,300
uav0000009_03358_v,1360x766,127,1.269,7.111,19.982,5.181,33.913,48.891,84.074,300
uav0000009_03358_v,1360x766,128,1.258,7.219,19.995,5.808,34.915,49.254,85.426,300
uav0000009_03358_v,1360x766,129,1.312,7.088,19.915,4.968,33.747,51.872,86.931,300
uav0000009_03358_v,1360x766,130,1.265,7.147,19.921,4.876,33.731,50.089,85.084,300
uav0000009_03358_v,1360x766,131,1.499,7.14,19.974,4.866,33.732,48.928,84.159,300
uav0000009_03358_v,1360x766,132,1.605,7.202,19.982,5.397,34.534,50.627,86.766,300
uav0000009_03358_v,1360x766,133,1.448,7.172,20.024,5.636,34.874,52.004,88.326,300
uav0000009_03358_v,1360x766,134,1.459,7.232,19.922,5.67,34.903,51.009,87.372,300
uav0000009_03358_v,1360x766,135,1.417,7.179,19.952,5.975,34.961,49.44,85.818,300
uav0000009_03358_v,1360x766,136,1.294,7.206,19.956,5.716,34.922,47.654,83.869,300
uav0000009_03358_v,1360x766,137,1.284,7.216,19.944,5.516,34.746,43.863,79.894,300
uav0000009_03358_v,1360x766,138,1.301,7.191,19.956,5.472,34.685,43.801,79.787,300
uav0000009_03358_v,1360x766,139,1.481,7.118,20.503,6.279,35.803,39.832,77.115,300
uav0000009_03358_v,1360x766,140,1.417,7.199,20.002,5.363,34.457,37.497,73.371,300
uav0000009_03358_v,1360x766,141,1.333,7.182,20.783,5.373,35.202,37.463,73.999,300
uav0000009_03358_v,1360x766,142,1.273,7.255,20.502,6.28,35.991,41.395,78.659,300
uav0000009_03358_v,1360x766,143,1.975,12.87,20.98,4.911,40.954,42.395,85.324,300
uav0000009_03358_v,1360x766,144,1.5,7.949,20.038,5.369,36.396,42.652,80.548,300
uav0000009_03358_v,1360x766,145,1.667,7.416,20.049,5.754,35.236,44.122,81.024,300
uav0000009_03358_v,1360x766,146,1.589,9.0,20.034,5.558,37.168,44.352,83.109,289
uav0000009_03358_v,1360x766,147,1.444,7.708,20.023,5.991,35.662,43.606,80.712,292
uav0000009_03358_v,1360x766,148,1.323,7.563,20.107,4.826,34.378,46.406,82.107,300
uav0000009_03358_v,1360x766,149,1.309,7.529,19.967,5.289,35.206,43.922,80.436,300
uav0000009_03358_v,1360x766,150,1.091,7.496,19.944,5.424,34.752,44.219,80.062,300
uav0000009_03358_v,1360x766,151,1.084,7.339,20.09,4.361,33.395,41.807,76.287,297
uav0000009_03358_v,1360x766,152,1.322,7.218,19.986,5.096,34.401,41.311,77.033,291
uav0000009_03358_v,1360x766,153,1.097,7.255,20.027,5.375,34.574,42.326,77.997,270
uav0000009_03358_v,1360x766,154,1.073,7.2,19.982,5.271,34.349,41.126,76.549,283
uav0000009_03358_v,1360x766,155,1.37,7.223,20.205,5.696,35.037,40.803,77.209,250
uav0000009_03358_v,1360x766,156,1.262,7.213,20.038,5.601,34.724,43.508,79.495,259
uav0000009_03358_v,1360x766,157,1.298,7.196,20.049,5.497,34.683,41.105,77.086,267
uav0000009_03358_v,1360x766,158,1.291,7.156,20.148,5.315,34.496,42.469,78.255,233
uav0000009_03358_v,1360x766,159,1.226,7.25,19.973,5.137,34.23,40.973,76.429,239
uav0000009_03358_v,1360x766,160,1.273,7.212,19.978,5.716,34.84,42.16,78.273,256
uav0000009_03358_v,1360x766,161,1.352,7.211,20.191,5.708,34.993,41.13,77.475,253
uav0000009_03358_v,1360x766,162,1.276,7.222,19.96,5.514,34.599,41.303,77.179,259
uav0000009_03358_v,1360x766,163,1.075,7.143,20.415,5.852,35.247,38.785,75.107,251
uav0000009_03358_v,1360x766,164,1.287,7.261,20.23,5.543,34.879,40.493,76.66,262
uav0000009_03358_v,1360x766,165,1.325,7.239,20.081,5.466,34.631,39.002,74.958,276
uav0000009_03358_v,1360x766,166,1.282,7.263,20.794,5.249,35.157,38.308,74.747,242
uav0000009_03358_v,1360x766,167,1.31,7.264,20.581,5.962,35.688,35.062,72.06,271
uav0000009_03358_v,1360x766,168,1.132,7.909,21.403,5.884,37.054,39.055,77.241,299
uav0000009_03358_v,1360x766,169,1.101,7.326,21.085,5.646,35.876,36.797,73.774,276
uav0000009_03358_v,1360x766,170,1.315,7.314,21.073,6.462,36.785,36.911,75.011,255
uav0000009_03358_v,1360x766,171,1.335,7.482,20.871,6.357,36.484,39.509,77.328,255
uav0000009_03358_v,1360x766,172,1.471,7.408,21.025,6.207,36.59,40.611,78.672,290
uav0000009_03358_v,1360x766,173,1.058,7.597,20.047,4.708,34.167,36.678,71.903,268
uav0000009_03358_v,1360x766,174,1.057,7.235,20.058,5.569,34.701,35.576,71.335,300
uav0000009_03358_v,1360x766,175,1.315,7.193,20.128,5.747,34.879,34.62,70.814,299
uav0000009_03358_v,1360x766,176,1.261,7.222,20.709,5.968,35.752,36.415,73.428,300
uav0000009_03358_v,1360x766,177,1.317,7.435,19.981,5.83,35.129,35.453,71.899,300
uav0000009_03358_v,1360x766,178,1.257,7.465,20.687,5.704,35.693,35.532,72.482,281
uav0000009_03358_v,1360x766,179,1.172,7.495,20.91,6.23,36.53,36.109,73.811,285
uav0000009_03358_v,1360x766,180,1.246,7.259,20.697,6.055,35.915,37.814,74.975,300
uav0000009_03358_v,1360x766,181,1.178,7.318,21.851,6.336,37.394,36.371,74.943,300
uav0000009_03358_v,1360x766,182,1.28,7.516,20.861,6.407,36.734,38.227,76.241,291
uav0000009_03358_v,1360x766,183,1.277,7.58,23.325,5.691,38.534,39.66,79.472,270
uav0000009_03358_v,1360x766,184,1.491,7.474,20.894,6.268,36.601,38.916,77.008,248
uav0000009_03358_v,1360x766,185,1.349,7.444,21.446,5.288,36.119,37.698,75.166,260
uav0000009_03358_v,1360x766,186,1.33,7.326,20.941,6.321,36.603,38.262,76.195,273
uav0000009_03358_v,1360x766,187,1.32,7.318,20.936,6.293,36.511,38.59,76.421,275
uav0000009_03358_v,1360x766,188,1.351,7.248,20.92,6.102,36.15,36.433,73.933,236
uav0000009_03358_v,1360x766,189,1.11,7.375,20.954,5.584,35.834,37.53,74.473,287
uav0000009_03358_v,1360x766,190,1.321,7.399,21.011,6.109,36.489,39.054,76.865,290
uav0000009_03358_v,1360x766,191,1.274,7.379,21.029,5.675,35.981,41.13,78.385,261
uav0000009_03358_v,1360x766,192,1.073,7.519,20.91,6.156,36.599,38.762,76.434,237
uav0000009_03358_v,1360x766,193,1.319,7.538,21.025,5.957,36.466,39.191,76.976,258
uav0000009_03358_v,1360x766,194,1.317,7.413,21.15,5.432,35.861,38.987,76.166,216
uav0000009_03358_v,1360x766,195,1.216,7.402,21.23,5.48,35.968,37.357,74.541,219
uav0000009_03358_v,1360x766,196,1.581,7.381,20.942,5.899,36.129,37.115,74.824,234
uav0000009_03358_v,1360x766,197,1.288,7.503,20.873,6.299,36.558,38.84,76.686,247
uav0000009_03358_v,1360x766,198,1.27,7.314,20.792,6.024,35.857,37.681,74.808,264
uav0000009_03358_v,1360x766,199,1.08,7.346,20.967,5.658,35.763,37.913,74.756,270
uav0000009_03358_v,1360x766,200,1.313,7.38,21.111,5.7,36.047,38.866,76.226,284
uav0000009_03358_v,1360x766,201,1.305,7.465,21.257,5.595,36.25,37.391,74.947,266
uav0000009_03358_v,1360x766,202,1.283,7.413,21.095,6.123,36.547,36.933,74.764,300
uav0000009_03358_v,1360x766,203,1.29,7.355,20.972,6.243,36.6,36.931,74.821,276
uav0000009_03358_v,1360x766,204,1.106,7.529,23.008,6.379,38.931,35.211,75.248,287
uav0000009_03358_v,1360x766,205,1.561,7.72,22.818,6.37,39.171,36.619,77.351,253
uav0000009_03358_v,1360x766,206,1.499,7.754,20.221,4.779,34.56,32.613,68.672,286
uav0000009_03358_v,1360x766,207,1.342,7.63,20.034,5.292,34.934,32.854,69.13,253
uav0000009_03358_v,1360x766,208,1.57,7.897,21.409,5.588,36.698,34.472,72.74,252
uav0000009_03358_v,1360x766,209,1.077,7.914,23.163,6.413,39.431,36.073,76.581,286
uav0000009_03358_v,1360x766,210,1.517,8.218,22.385,5.769,38.461,37.523,77.501,300
uav0000009_03358_v,1360x766,211,1.545,7.582,21.763,5.71,36.919,38.009,76.473,269
uav0000009_03358_v,1360x766,212,1.217,7.762,21.157,5.773,36.546,36.693,74.456,284
uav0000009_03358_v,1360x766,213,1.253,7.566,21.698,6.124,37.339,35.014,73.606,255
uav0000009_03358_v,1360x766,214,1.316,7.537,21.075,5.817,36.276,37.214,74.806,300
uav0000009_03358_v,1360x766,215,1.191,7.52,20.79,6.128,36.429,34.764,72.385,242
uav0000009_03358_v,1360x766,216,1.206,7.509,21.312,5.621,36.408,34.184,71.798,237
uav0000009_03358_v,1360x766,217,1.288,7.54,23.128,5.452,38.011,38.19,77.489,239
uav0000009_03358_v,1360x766,218,1.205,7.538,23.115,6.356,39.022,36.825,77.051,245
uav0000009_03358_v,1360x766,219,1.555,8.639,21.534,5.51,38.099,36.005,75.659,261
uav0000073_00600_v,1920x1080,1,61.229,8.665,20.076,5.513,36.473,25.233,122.935,300
uav0000073_00600_v,1920x1080,2,4.515,9.556,25.554,6.938,44.811,34.517,83.843,300
uav0000073_00600_v,1920x1080,3,3.028,10.761,25.293,7.397,46.367,34.841,84.237,300
uav0000073_00600_v,1920x1080,4,3.286,10.831,25.613,6.871,46.259,39.309,88.854,300
uav0000073_00600_v,1920x1080,5,3.22,10.568,22.06,6.275,41.431,31.457,76.108,300
uav0000073_00600_v,1920x1080,6,2.499,7.994,20.47,6.176,36.975,33.484,72.958,300
uav0000073_00600_v,1920x1080,7,2.598,7.738,21.725,6.439,37.714,32.004,72.316,300
uav0000073_00600_v,1920x1080,8,2.812,7.567,22.12,6.354,37.961,33.785,74.559,300
uav0000073_00600_v,1920x1080,9,1.889,7.694,22.03,6.15,37.823,31.583,71.295,300
uav0000073_00600_v,1920x1080,10,2.554,8.061,21.955,7.061,39.601,30.427,72.583,300
uav0000073_00600_v,1920x1080,11,2.603,8.844,21.795,5.351,38.224,32.162,72.989,300
uav0000073_00600_v,1920x1080,12,2.709,8.87,23.625,7.111,42.338,34.456,79.502,300
uav0000073_00600_v,1920x1080,13,3.2,8.099,23.133,6.587,40.441,34.571,78.213,300
uav0000073_00600_v,1920x1080,14,3.089,7.919,23.246,6.652,40.247,34.531,77.867,300
uav0000073_00600_v,1920x1080,15,2.712,8.036,23.16,6.522,40.581,32.923,76.216,300
uav0000073_00600_v,1920x1080,16,2.782,8.564,23.57,7.317,41.893,35.747,80.421,300
uav0000073_00600_v,1920x1080,17,2.634,8.18,23.406,7.285,41.668,34.634,78.935,300
uav0000073_00600_v,1920x1080,18,2.101,10.939,25.604,6.78,45.78,33.471,81.352,300
uav0000073_00600_v,1920x1080,19,3.32,8.356,22.394,7.081,40.576,34.149,78.045,300
uav0000073_00600_v,1920x1080,20,2.842,8.741,23.151,6.922,41.444,32.123,76.408,300
uav0000073_00600_v,1920x1080,21,2.541,8.16,20.308,5.14,35.715,33.195,71.451,300
uav0000073_00600_v,1920x1080,22,2.321,8.259,20.15,5.327,35.663,33.956,71.94,300
uav0000073_00600_v,1920x1080,23,2.33,7.986,21.47,5.887,37.259,35.415,75.004,300
uav0000073_00600_v,1920x1080,24,1.884,8.13,22.026,6.164,38.32,39.46,79.665,300
uav0000073_00600_v,1920x1080,25,2.802,7.856,21.959,6.321,38.16,35.837,76.799,300
uav0000073_00600_v,1920x1080,26,2.537,7.592,22.246,6.101,37.801,36.36,76.699,300
uav0000073_00600_v,1920x1080,27,2.281,7.718,21.878,6.74,38.399,35.259,75.94,300
uav0000073_00600_v,1920x1080,28,2.02,7.686,21.41,6.228,37.178,35.728,74.926,300
uav0000073_00600_v,1920x1080,29,1.847,7.716,20.616,6.609,36.977,34.791,73.615,300
uav0000073_00600_v,1920x1080,30,1.851,7.726,21.677,6.666,38.167,34.748,74.765,300
uav0000073_00600_v,1920x1080,31,2.591,7.533,21.727,5.313,36.443,36.342,75.375,300
uav0000073_00600_v,1920x1080,32,2.5,7.534,21.44,6.094,36.872,37.525,76.897,300
uav0000073_00600_v,1920x1080,33,1.878,7.819,21.895,6.435,37.935,37.661,77.474,300
uav0000073_00600_v,1920x1080,34,1.955,7.532,20.954,6.587,37.149,34.973,74.076,300
uav0000073_00600_v,1920x1080,35,2.366,7.751,21.887,6.024,37.559,37.661,77.587,300
uav0000073_00600_v,1920x1080,36,2.066,7.783,21.289,6.96,38.101,34.439,74.606,300
uav0000073_00600_v,1920x1080,37,2.222,7.7,21.951,6.748,38.501,35.219,75.942,300
uav0000073_00600_v,1920x1080,38,2.296,10.671,23.844,6.531,43.415,35.505,81.216,300
uav0000073_00600_v,1920x1080,39,2.551,7.715,23.198,5.999,38.931,37.04,78.522,300
uav0000073_00600_v,1920x1080,40,2.085,7.73,23.318,6.499,39.574,36.001,77.66,300
uav0000073_00600_v,1920x1080,41,2.398,7.864,23.259,6.451,39.965,37.137,79.5,300
uav0000073_00600_v,1920x1080,42,2.332,7.739,23.445,6.106,39.375,36.069,77.775,300
uav0000073_00600_v,1920x1080,43,2.369,7.731,21.939,6.063,37.774,35.393,75.537,300
uav0000073_00600_v,1920x1080,44,2.452,7.547,22.908,5.646,38.221,34.807,75.48,300
uav0000073_00600_v,1920x1080,45,2.723,7.748,23.713,7.019,40.636,34.168,77.528,300
uav0000073_00600_v,1920x1080,46,3.069,7.883,23.401,6.596,40.436,34.595,78.101,300
uav0000073_00600_v,1920x1080,47,2.734,7.69,23.204,6.105,39.135,32.957,74.826,300
uav0000073_00600_v,1920x1080,48,2.776,7.782,23.145,5.911,38.891,34.61,76.277,300
uav0000073_00600_v,1920x1080,49,2.728,8.205,23.43,6.817,41.116,33.877,77.721,300
uav0000073_00600_v,1920x1080,50,2.838,7.869,22.605,7.069,40.246,34.747,77.831,300
uav0000073_00600_v,1920x1080,51,2.344,9.805,25.217,6.606,44.003,35.084,81.432,300
uav0000073_00600_v,1920x1080,52,2.87,8.047,23.24,7.026,41.137,35.325,79.333,300
uav0000073_00600_v,1920x1080,53,2.773,8.111,23.353,6.859,40.933,35.266,78.972,300
uav0000073_00600_v,1920x1080,54,2.945,8.118,23.397,6.85,40.99,37.099,81.034,300
uav0000073_00600_v,1920x1080,55,3.215,8.098,22.894,6.632,40.211,34.446,77.872,300
uav0000073_00600_v,1920x1080,56,2.853,8.251,23.892,6.513,40.88,34.462,78.195,300
uav0000073_00600_v,1920x1080,57,2.74,8.161,22.384,6.489,39.639,36.294,78.673,300
uav0000073_00600_v,1920x1080,58,2.907,8.443,22.352,6.776,39.957,34.646,77.51,300
uav0000073_00600_v,1920x1080,59,2.301,7.693,21.86,6.3,38.174,34.134,74.609,300
uav0000073_00600_v,1920x1080,60,2.632,7.737,23.275,6.369,39.706,33.148,75.487,300
uav0000073_00600_v,1920x1080,61,2.642,7.935,23.366,6.461,40.154,35.265,78.061,300
uav0000073_00600_v,1920x1080,62,2.199,7.683,22.882,6.601,39.203,34.0,75.403,300
uav0000073_00600_v,1920x1080,63,2.783,8.224,23.218,6.956,41.185,36.061,80.03,300
uav0000073_00600_v,1920x1080,64,3.171,10.771,25.802,7.031,46.569,34.22,83.959,300
uav0000073_00600_v,1920x1080,65,2.799,7.982,22.076,6.884,39.546,34.659,77.004,300
uav0000073_00600_v,1920x1080,66,2.813,7.868,23.134,6.045,39.395,35.598,77.806,300
uav0000073_00600_v,1920x1080,67,2.479,7.83,23.077,6.434,39.72,36.936,79.135,300
uav0000073_00600_v,1920x1080,68,2.18,7.648,23.652,6.434,39.438,36.609,78.227,300
uav0000073_00600_v,1920x1080,69,2.682,8.106,23.095,6.891,40.831,34.992,78.505,300
uav0000073_00600_v,1920x1080,70,2.749,7.855,22.194,6.412,38.754,34.526,76.029,300
uav0000073_00600_v,1920x1080,71,2.635,7.87,22.026,6.454,38.654,34.572,75.862,300
uav0000073_00600_v,1920x1080,72,2.959,7.672,22.092,6.442,38.487,34.317,75.762,300
uav0000073_00600_v,1920x1080,73,2.449,8.204,23.472,6.711,40.569,34.529,77.547,300
uav0000073_00600_v,1920x1080,74,3.274,7.835,23.315,6.877,40.559,33.425,77.257,300
uav0000073_00600_v,1920x1080,75,3.145,7.921,22.888,6.379,39.613,34.499,77.257,300
uav0000073_00600_v,1920x1080,76,2.798,7.754,23.411,6.693,40.047,34.948,77.793,300
uav0000073_00600_v,1920x1080,77,2.768,10.767,23.937,6.623,44.212,35.446,82.426,300
uav0000073_00600_v,1920x1080,78,2.475,7.702,23.407,6.723,40.01,35.328,77.813,300
uav0000073_00600_v,1920x1080,79,2.905,8.497,23.549,5.986,40.609,36.198,79.712,300
uav0000073_00600_v,1920x1080,80,2.492,7.635,23.366,6.458,39.493,35.849,77.834,300
uav0000073_00600_v,1920x1080,81,2.366,7.723,23.41,5.924,39.158,34.496,76.02,300
uav0000073_00600_v,1920x1080,82,3.041,8.27,22.823,6.808,40.588,35.647,79.276,300
uav0000073_00600_v,1920x1080,83,2.635,7.725,22.288,6.051,38.436,37.215,78.286,300
uav0000073_00600_v,1920x1080,84,2.221,7.829,23.34,7.017,40.583,39.489,82.293,300
uav0000073_00600_v,1920x1080,85,2.269,7.737,23.363,5.899,39.052,38.586,79.907,300
uav0000073_00600_v,1920x1080,86,2.506,7.847,23.734,6.731,40.358,37.425,80.289,300
uav0000073_00600_v,1920x1080,87,2.431,7.826,23.091,6.093,39.177,39.799,81.408,300
uav0000073_00600_v,1920x1080,88,2.235,7.762,23.394,6.579,39.806,36.88,78.921,300
uav0000073_00600_v,1920x1080,89,2.309,7.689,23.48,6.656,39.894,40.174,82.377,300
uav0000073_00600_v,1920x1080,90,3.331,8.271,23.476,6.806,41.141,39.364,83.837,300
uav0000073_00600_v,1920x1080,91,2.106,7.725,23.201,5.996,38.945,38.433,79.483,300
uav0000073_00600_v,1920x1080,92,2.464,7.698,22.159,6.538,38.388,38.012,78.864,300
uav0000073_00600_v,1920x1080,93,1.948,7.738,22.655,7.144,39.639,38.213,79.8,300
uav0000073_00600_v,1920x1080,94,2.374,7.711,23.443,6.572,39.798,37.636,79.808,300
uav0000073_00600_v,1920x1080,95,2.255,7.788,23.222,6.7,39.937,39.94,82.132,300
uav0000073_00600_v,1920x1080,96,2.485,8.819,23.458,6.4,41.288,38.75,82.523,300
uav0000073_00600_v,1920x1080,97,1.874,7.785,23.519,6.52,39.86,38.746,80.48,300
uav0000073_00600_v,1920x1080,98,2.165,7.667,22.068,6.854,38.648,37.56,78.373,300
uav0000073_00600_v,1920x1080,99,2.433,7.706,21.195,6.018,36.828,39.67,78.931,300
uav0000073_00600_v,1920x1080,100,2.026,7.594,20.98,6.444,37.144,37.838,77.008,300
uav0000073_00600_v,1920x1080,101,1.855,7.565,21.136,6.29,36.957,34.823,73.635,300
uav0000073_00600_v,1920x1080,102,2.159,7.801,20.944,6.209,36.852,35.519,74.531,300
uav0000073_00600_v,1920x1080,103,2.293,7.579,21.236,5.987,36.71,39.08,78.082,300
uav0000073_00600_v,1920x1080,104,2.409,7.421,21.14,6.258,36.874,35.819,75.102,300
uav0000073_00600_v,1920x1080,105,2.165,7.639,21.061,5.849,36.537,35.363,74.065,300
uav0000073_00600_v,1920x1080,106,2.625,7.596,20.726,5.851,36.069,39.863,78.558,300
uav0000073_00600_v,1920x1080,107,2.093,7.59,20.861,6.445,36.917,36.824,75.835,300
uav0000073_00600_v,1920x1080,108,2.464,7.624,21.008,6.492,37.236,38.228,77.928,300
uav0000073_00600_v,1920x1080,109,2.301,7.77,21.394,5.935,37.128,39.259,78.688,300
uav0000073_00600_v,1920x1080,110,2.177,7.402,21.015,6.437,36.908,35.195,74.28,300
uav0000073_00600_v,1920x1080,111,2.042,7.521,20.712,5.931,36.056,37.161,75.259,300
uav0000073_00600_v,1920x1080,112,2.833,7.578,21.532,5.856,36.859,38.398,78.09,300
uav0000073_00600_v,1920x1080,113,1.998,7.569,20.946,6.348,36.937,38.256,77.19,300
uav0000073_00600_v,1920x1080,114,2.58,7.551,21.281,6.089,36.788,38.767,78.135,300
uav0000073_00600_v,1920x1080,115,2.052,7.654,20.91,6.478,37.509,39.242,78.803,300
uav0000073_00600_v,1920x1080,116,2.217,7.525,21.376,5.899,36.673,37.514,76.404,300
uav0000073_00600_v,1920x1080,117,2.074,7.494,21.031,6.172,36.609,37.766,76.448,300
uav0000073_00600_v,1920x1080,118,2.138,7.638,21.006,6.604,37.34,26.392,65.87,300
uav0000073_00600_v,1920x1080,119,2.793,8.002,23.065,6.816,40.622,25.803,69.219,300
uav0000073_00600_v,1920x1080,120,2.816,10.584,25.525,6.247,45.07,34.426,82.312,300
uav0000073_00600_v,1920x1080,121,2.801,8.16,23.397,6.969,41.295,37.314,81.41,300
uav0000073_00600_v,1920x1080,122,3.114,7.79,21.536,6.403,38.032,36.122,77.268,300
uav0000073_00600_v,1920x1080,123,2.712,7.678,22.753,5.875,38.254,37.142,78.108,300
uav0000073_00600_v,1920x1080,124,2.136,7.726,23.333,6.362,39.469,36.08,77.684,300
uav0000073_00600_v,1920x1080,125,2.528,7.769,23.339,5.876,38.979,39.746,81.252,300
uav0000073_00600_v,1920x1080,126,2.373,7.698,23.331,6.751,39.819,38.432,80.624,300
uav0000073_00600_v,1920x1080,127,2.4,7.711,23.215,6.669,39.77,40.54,82.71,300
uav0000073_00600_v,1920x1080,128,2.15,7.67,23.025,5.848,38.541,42.904,83.595,300
uav0000073_00600_v,1920x1080,129,2.462,7.732,23.437,6.098,39.188,40.028,81.678,300
uav0000073_00600_v,1920x1080,130,2.558,7.802,23.47,6.515,39.887,38.078,80.522,300
uav0000073_00600_v,1920x1080,131,2.132,7.712,21.806,6.824,38.526,40.067,80.726,300
uav0000073_00600_v,1920x1080,132,2.2,7.671,21.91,6.539,38.22,38.614,79.033,300
uav0000073_00600_v,1920x1080,133,2.046,7.774,23.504,6.473,39.798,40.38,82.225,300
uav0000073_00600_v,1920x1080,134,2.175,7.716,23.335,5.793,38.771,39.804,80.75,300
uav0000073_00600_v,1920x1080,135,2.797,10.633,22.207,6.039,41.482,40.445,84.725,300
uav0000073_00600_v,1920x1080,136,2.266,7.636,21.489,6.026,37.043,39.759,79.068,300
uav0000073_00600_v,1920x1080,137,2.023,7.548,20.561,6.336,36.449,36.459,74.932,300
uav0000073_00600_v,1920x1080,138,2.015,7.557,21.044,6.413,37.126,35.279,74.42,300
uav0000073_00600_v,1920x1080,139,2.31,7.731,20.979,5.918,36.557,39.064,77.931,300
uav0000073_00600_v,1920x1080,140,2.18,7.556,20.998,6.246,36.816,40.378,79.374,300
uav0000073_00600_v,1920x1080,141,2.009,7.586,21.034,6.557,37.272,38.87,78.15,300
uav0000073_00600_v,1920x1080,142,2.361,7.992,21.29,7.015,38.414,39.232,80.007,300
uav0000073_00600_v,1920x1080,143,2.407,7.545,20.852,5.995,36.309,41.469,80.184,300
uav0000073_00600_v,1920x1080,144,2.417,7.549,20.895,5.973,36.316,40.613,79.346,300
uav0000073_00600_v,1920x1080,145,2.228,7.6,21.424,5.971,36.931,40.425,79.584,300
uav0000073_00600_v,1920x1080,146,2.049,7.572,21.111,6.076,36.62,41.318,79.988,300
uav0000073_00600_v,1920x1080,147,2.096,7.58,21.225,5.971,36.674,40.71,79.481,300
uav0000073_00600_v,1920x1080,148,2.124,7.621,21.127,5.923,36.615,41.593,80.332,300
uav0000073_00600_v,1920x1080,149,2.164,7.571,21.374,6.106,37.056,36.39,75.61,300
uav0000073_00600_v,1920x1080,150,2.39,7.585,21.249,6.043,36.753,31.643,70.787,300
uav0000073_00600_v,1920x1080,151,2.045,7.716,21.371,5.961,37.163,31.518,70.726,300
uav0000073_00600_v,1920x1080,152,2.107,7.705,21.65,6.648,38.123,35.268,75.498,300
uav0000073_00600_v,1920x1080,153,2.086,7.698,21.06,6.044,36.811,37.157,76.054,300
uav0000073_00600_v,1920x1080,154,2.036,7.674,20.918,6.081,36.63,38.829,77.495,300
uav0000073_00600_v,1920x1080,155,2.04,7.562,21.568,5.921,37.13,38.881,78.051,300
uav0000073_00600_v,1920x1080,156,2.066,7.948,20.946,6.584,39.057,40.135,81.259,300
uav0000073_00600_v,1920x1080,157,1.804,7.574,20.996,6.016,36.556,40.111,78.471,300
uav0000073_00600_v,1920x1080,158,1.826,7.528,21.343,6.042,36.787,40.697,79.311,300
uav0000073_00600_v,1920x1080,159,2.052,9.48,20.958,6.732,39.778,39.289,81.119,300
uav0000073_00600_v,1920x1080,160,1.969,7.577,21.423,6.085,37.12,42.759,81.847,300
uav0000073_00600_v,1920x1080,161,2.256,7.902,21.068,6.559,37.57,41.008,80.834,300
uav0000073_00600_v,1920x1080,162,2.311,7.772,21.164,6.054,36.946,40.61,79.868,300
uav0000073_00600_v,1920x1080,163,2.098,7.781,21.185,5.989,36.894,39.27,78.262,300
uav0000073_00600_v,1920x1080,164,2.064,7.57,21.031,6.497,37.215,31.812,71.091,300
uav0000073_00600_v,1920x1080,165,2.431,7.736,21.81,6.672,38.353,29.068,69.852,300
uav0000073_00600_v,1920x1080,166,3.167,8.044,23.184,7.152,41.152,31.151,75.471,300
uav0000073_00600_v,1920x1080,167,2.843,8.574,21.964,6.297,39.504,31.883,74.23,300
uav0000073_00600_v,1920x1080,168,2.688,8.05,23.443,6.574,40.62,35.192,78.5,300
uav0000073_00600_v,1920x1080,169,2.304,7.685,23.442,6.949,40.299,38.462,81.065,300
uav0000073_00600_v,1920x1080,170,2.376,7.73,21.95,6.94,38.76,35.895,77.031,300
uav0000073_00600_v,1920x1080,171,2.706,7.934,23.174,6.627,40.14,36.668,79.514,300
uav0000073_00600_v,1920x1080,172,2.763,7.775,23.674,6.45,40.372,36.366,79.501,300
uav0000073_00600_v,1920x1080,173,2.046,7.725,22.033,6.921,38.915,39.736,80.697,300
uav0000073_00600_v,1920x1080,174,3.278,9.02,22.595,6.924,41.219,39.394,83.892,300
uav0000073_00600_v,1920x1080,175,2.303,7.71,22.685,5.945,38.285,40.465,81.054,300
uav0000073_00600_v,1920x1080,176,2.243,7.563,21.833,5.955,37.406,38.54,78.189,300
uav0000073_00600_v,1920x1080,177,2.184,7.608,20.922,6.018,36.482,36.461,75.127,300
uav0000073_00600_v,1920x1080,178,2.126,7.646,20.891,6.072,36.61,37.381,76.117,300
uav0000073_00600_v,1920x1080,179,2.133,7.549,20.848,5.962,36.257,38.741,77.131,300
uav0000073_00600_v,1920x1080,180,2.05,7.539,20.922,5.909,36.274,38.689,77.013,300
uav0000073_00600_v,1920x1080,181,2.005,7.604,20.9,6.494,37.11,35.303,74.418,300
uav0000073_00600_v,1920x1080,182,2.071,7.578,20.956,6.303,36.647,38.392,77.11,300
uav0000073_00600_v,1920x1080,183,2.385,8.752,21.111,5.943,37.735,38.866,78.986,300
uav0000073_00600_v,1920x1080,184,2.103,7.476,21.352,5.921,36.639,37.498,76.239,300
uav0000073_00600_v,1920x1080,185,1.981,7.626,20.908,5.971,36.439,36.724,75.144,300
uav0000073_00600_v,1920x1080,186,2.082,7.556,20.872,5.985,36.315,41.423,79.819,300
uav0000073_00600_v,1920x1080,187,3.138,7.814,20.924,6.412,37.456,40.542,81.136,300
uav0000073_00600_v,1920x1080,188,2.097,7.616,20.959,6.689,37.351,38.89,78.338,300
uav0000073_00600_v,1920x1080,189,2.103,7.576,20.556,6.247,36.38,39.559,78.042,300
uav0000073_00600_v,1920x1080,190,2.101,7.588,20.981,6.453,37.104,37.016,76.221,300
uav0000073_00600_v,1920x1080,191,2.061,7.54,20.844,6.418,36.907,38.832,77.8,300
uav0000073_00600_v,1920x1080,192,2.615,7.586,21.585,5.886,37.002,37.86,77.478,300
uav0000073_00600_v,1920x1080,193,1.986,7.674,20.883,6.593,37.157,36.01,75.153,300
uav0000073_00600_v,1920x1080,194,2.084,7.507,20.957,6.337,36.704,37.051,75.839,300
uav0000073_00600_v,1920x1080,195,2.117,7.523,20.871,6.028,36.295,38.075,76.488,300
uav0000073_00600_v,1920x1080,196,2.14,8.288,21.064,6.753,38.127,37.013,77.279,300
uav0000073_00600_v,1920x1080,197,2.004,7.568,20.969,6.359,36.859,36.649,75.512,300
uav0000073_00600_v,1920x1080,198,2.218,7.519,21.022,6.328,36.961,35.813,74.992,300
uav0000073_00600_v,1920x1080,199,2.269,7.797,20.919,6.705,37.489,37.084,76.842,300
uav0000073_00600_v,1920x1080,200,2.706,9.17,21.654,6.713,40.087,36.96,79.753,300
uav0000073_00600_v,1920x1080,201,2.016,7.833,22.024,6.428,38.388,42.064,82.468,300
uav0000073_00600_v,1920x1080,202,2.299,7.565,21.362,6.041,36.938,38.174,77.411,300
uav0000073_00600_v,1920x1080,203,2.308,7.712,22.278,6.017,37.919,39.665,79.893,300
uav0000073_00600_v,1920x1080,204,2.772,7.703,22.271,6.059,37.965,38.711,79.448,300
uav0000073_00600_v,1920x1080,205,2.007,8.005,21.255,6.892,38.171,36.039,76.217,300
uav0000073_00600_v,1920x1080,206,2.232,7.725,21.786,6.734,38.348,35.286,75.866,300
uav0000073_00600_v,1920x1080,207,2.788,7.743,23.324,5.929,39.064,39.506,81.357,300
uav0000073_00600_v,1920x1080,208,2.422,8.395,23.734,6.774,40.951,37.444,80.816,300
uav0000073_00600_v,1920x1080,209,2.86,7.915,23.286,6.803,40.731,39.649,83.241,300
uav0000073_00600_v,1920x1080,210,2.281,9.863,23.526,6.058,41.455,40.196,83.932,300
uav0000073_00600_v,1920x1080,211,2.399,9.622,23.162,6.17,40.83,38.922,82.151,300
uav0000073_00600_v,1920x1080,212,2.286,7.824,20.923,6.825,37.528,37.526,77.34,300
uav0000073_00600_v,1920x1080,213,2.123,7.736,22.081,6.192,38.057,36.195,76.376,300
uav0000073_00600_v,1920x1080,214,2.148,7.705,20.959,6.314,37.003,37.546,76.698,300
uav0000073_00600_v,1920x1080,215,2.1,7.797,21.876,6.055,37.665,41.71,81.474,300
uav0000073_00600_v,1920x1080,216,2.154,7.624,20.98,6.696,37.369,37.833,77.356,300
uav0000073_00600_v,1920x1080,217,2.381,7.625,21.095,6.202,36.923,38.973,78.277,300
uav0000073_00600_v,1920x1080,218,2.094,7.576,21.016,5.872,36.402,35.931,74.427,300
uav0000073_00600_v,1920x1080,219,2.057,7.518,21.08,5.864,36.431,38.63,77.118,300
uav0000073_00600_v,1920x1080,220,2.137,7.484,20.918,5.997,36.284,39.103,77.524,300
uav0000073_00600_v,1920x1080,221,1.982,7.464,20.912,6.523,37.055,36.467,75.503,300
uav0000073_00600_v,1920x1080,222,2.05,7.579,21.038,6.527,37.273,38.814,78.138,300
uav0000073_00600_v,1920x1080,223,2.062,7.464,20.69,5.966,36.031,38.545,76.637,300
uav0000073_00600_v,1920x1080,224,2.118,7.461,20.939,5.909,36.154,38.569,76.84,300
uav0000073_00600_v,1920x1080,225,1.988,7.666,20.912,6.585,37.194,40.723,79.906,300
uav0000073_00600_v,1920x1080,226,2.12,7.84,21.118,6.954,37.986,39.195,79.301,300
uav0000073_00600_v,1920x1080,227,2.065,7.877,21.185,6.884,38.064,40.18,80.308,300
uav0000073_00600_v,1920x1080,228,2.125,7.599,20.956,6.16,36.621,39.683,78.429,300
uav0000073_00600_v,1920x1080,229,1.981,7.586,21.226,5.995,36.7,39.714,78.395,300
uav0000073_00600_v,1920x1080,230,2.076,7.612,20.965,6.872,37.526,38.713,78.315,300
uav0000073_00600_v,1920x1080,231,2.047,7.612,21.419,5.816,36.799,40.87,79.716,300
uav0000073_00600_v,1920x1080,232,2.186,7.554,21.285,6.018,36.882,39.198,78.267,300
uav0000073_00600_v,1920x1080,233,2.045,7.556,21.028,6.294,36.909,38.619,77.572,300
uav0000073_00600_v,1920x1080,234,2.106,7.558,21.439,6.054,36.965,40.623,79.693,300
uav0000073_00600_v,1920x1080,235,2.07,7.57,21.232,5.985,36.721,41.071,79.862,300
uav0000073_00600_v,1920x1080,236,2.159,7.632,21.343,6.053,36.948,41.828,80.935,300
uav0000073_00600_v,1920x1080,237,1.962,7.484,20.858,5.898,36.12,40.592,78.673,300
uav0000073_00600_v,1920x1080,238,2.104,7.486,20.594,6.242,36.296,40.822,79.222,300
uav0000073_00600_v,1920x1080,239,2.296,7.424,20.985,6.371,36.781,42.027,81.104,300
uav0000073_00600_v,1920x1080,240,2.134,7.425,20.763,5.944,36.011,41.068,79.213,300
uav0000073_00600_v,1920x1080,241,2.081,7.275,20.798,6.298,36.344,40.777,79.202,300
uav0000073_00600_v,1920x1080,242,2.123,7.35,20.925,6.334,36.633,39.605,78.362,300
uav0000073_00600_v,1920x1080,243,2.015,7.539,20.142,6.241,35.929,39.314,77.258,300
uav0000073_00600_v,1920x1080,244,2.271,7.38,21.234,6.637,37.231,40.252,79.754,300
uav0000073_00600_v,1920x1080,245,1.949,7.775,21.01,6.568,37.516,38.732,78.197,300
uav0000073_00600_v,1920x1080,246,2.21,7.552,20.914,5.998,36.361,39.747,78.318,300
uav0000073_00600_v,1920x1080,247,2.083,7.619,21.132,6.46,37.266,37.385,76.733,300
uav0000073_00600_v,1920x1080,248,2.101,7.567,21.32,6.378,37.129,39.199,78.429,300
uav0000073_00600_v,1920x1080,249,2.095,7.62,21.451,5.62,36.808,37.66,76.564,300
uav0000073_00600_v,1920x1080,250,1.932,7.658,21.042,6.347,37.027,37.445,76.404,300
uav0000073_00600_v,1920x1080,251,2.125,7.584,20.975,6.478,37.036,40.242,79.402,300
uav0000073_00600_v,1920x1080,252,2.12,7.558,21.105,6.419,37.141,37.499,76.76,300
uav0000073_00600_v,1920x1080,253,2.107,7.545,20.721,6.201,36.481,39.354,77.943,300
uav0000073_00600_v,1920x1080,254,2.111,7.553,20.962,6.733,37.286,38.192,77.589,300
uav0000073_00600_v,1920x1080,255,2.043,7.542,21.152,6.457,37.19,39.814,79.048,300
uav0000073_00600_v,1920x1080,256,2.097,7.565,21.497,5.777,36.971,39.86,78.928,300
uav0000073_00600_v,1920x1080,257,2.055,7.576,20.937,5.906,36.342,41.599,79.996,300
uav0000073_00600_v,1920x1080,258,2.173,7.854,20.936,6.598,37.496,40.118,79.787,300
uav0000073_00600_v,1920x1080,259,1.976,7.556,21.246,6.093,36.866,38.215,77.057,300
uav0000073_00600_v,1920x1080,260,2.103,7.549,20.568,6.519,36.736,37.742,76.581,300
uav0000073_00600_v,1920x1080,261,2.129,7.577,21.006,6.449,37.025,39.67,78.824,300
uav0000073_00600_v,1920x1080,262,1.957,7.71,20.458,6.059,36.199,37.977,76.133,300
uav0000073_00600_v,1920x1080,263,1.988,7.63,21.024,6.614,37.425,37.626,77.039,300
uav0000073_00600_v,1920x1080,264,2.157,7.569,21.136,6.425,37.178,39.529,78.864,300
uav0000073_00600_v,1920x1080,265,2.083,7.617,20.866,6.445,37.117,37.447,76.647,300
uav0000073_00600_v,1920x1080,266,2.188,7.576,21.01,6.358,36.951,38.13,77.268,300
uav0000073_00600_v,1920x1080,267,2.045,7.564,21.21,6.065,36.76,39.986,78.791,300
uav0000073_00600_v,1920x1080,268,2.047,7.552,20.948,6.237,36.737,36.931,75.715,300
uav0000073_00600_v,1920x1080,269,2.329,7.524,20.975,6.39,36.92,40.262,79.511,300
uav0000073_00600_v,1920x1080,270,2.136,7.531,20.521,6.493,36.653,40.489,79.278,300
uav0000073_00600_v,1920x1080,271,2.671,7.641,20.965,6.601,37.299,39.985,79.955,300
uav0000073_00600_v,1920x1080,272,2.058,7.611,20.934,6.789,37.367,38.945,78.37,300
uav0000073_00600_v,1920x1080,273,2.085,7.574,20.855,5.946,36.255,40.048,78.388,300
uav0000073_00600_v,1920x1080,274,2.04,7.565,20.5,6.545,36.688,38.449,77.178,300
uav0000073_00600_v,1920x1080,275,1.995,7.574,20.867,5.942,36.347,38.91,77.252,300
uav0000073_00600_v,1920x1080,276,2.068,7.413,20.195,6.066,35.624,38.633,76.325,300
uav0000073_00600_v,1920x1080,277,2.015,7.496,20.192,5.961,35.61,37.966,75.591,300
uav0000073_00600_v,1920x1080,278,2.074,7.358,20.808,5.92,35.977,40.187,78.238,300
uav0000073_00600_v,1920x1080,279,2.158,7.417,20.015,5.903,35.373,37.311,74.841,300
uav0000073_00600_v,1920x1080,280,2.041,7.628,20.994,6.464,37.185,38.78,78.007,300
uav0000073_00600_v,1920x1080,281,2.074,7.557,20.803,5.903,36.251,39.945,78.27,300
uav0000073_00600_v,1920x1080,282,2.173,7.372,20.928,6.264,36.568,37.91,76.651,300
uav0000073_00600_v,1920x1080,283,2.036,7.589,20.62,6.335,36.516,41.091,79.642,300
uav0000073_00600_v,1920x1080,284,2.837,8.152,21.629,5.06,37.024,39.148,79.009,300
uav0000073_00600_v,1920x1080,285,2.062,7.613,20.938,6.686,37.402,38.258,77.721,300
uav0000073_00600_v,1920x1080,286,2.124,7.562,20.854,6.094,36.374,39.792,78.29,300
uav0000073_00600_v,1920x1080,287,1.983,7.631,20.986,6.508,37.247,39.951,79.181,300
uav0000073_00600_v,1920x1080,288,2.083,7.548,21.057,5.958,36.549,38.413,77.046,300
uav0000073_00600_v,1920x1080,289,2.086,7.561,20.975,6.415,36.98,38.422,77.488,300
uav0000073_00600_v,1920x1080,290,2.131,7.526,20.685,6.064,36.13,41.364,79.625,300
uav0000073_00600_v,1920x1080,291,2.14,7.411,20.906,6.117,36.385,39.503,78.028,300
uav0000073_00600_v,1920x1080,292,2.085,7.571,20.294,5.777,35.679,38.462,76.226,300
uav0000073_00600_v,1920x1080,293,2.086,7.4,20.933,6.653,37.081,39.213,78.38,300
uav0000073_00600_v,1920x1080,294,2.138,7.457,21.148,5.991,36.454,40.364,78.955,300
uav0000073_00600_v,1920x1080,295,2.002,7.384,20.79,6.242,36.337,37.989,76.328,300
uav0000073_00600_v,1920x1080,296,2.104,7.575,20.955,6.133,36.593,42.25,80.946,300
uav0000073_00600_v,1920x1080,297,2.751,8.089,20.983,6.659,37.889,39.572,80.212,300
uav0000073_00600_v,1920x1080,298,2.162,7.598,21.057,6.092,36.572,39.131,77.866,300
uav0000073_00600_v,1920x1080,299,2.05,7.549,20.974,6.421,37.0,39.876,78.925,300
uav0000073_00600_v,1920x1080,300,2.094,7.564,21.235,6.636,37.571,39.866,79.531,300
uav0000073_00600_v,1920x1080,301,2.064,7.665,20.886,6.508,37.099,40.149,79.312,300
uav0000073_00600_v,1920x1080,302,2.092,7.645,20.928,6.033,36.611,37.144,75.846,300
uav0000073_00600_v,1920x1080,303,1.939,7.511,20.992,6.034,36.533,40.823,79.295,300
uav0000073_00600_v,1920x1080,304,2.115,7.602,20.848,6.181,36.57,41.291,79.976,300
uav0000073_00600_v,1920x1080,305,2.069,7.39,20.836,5.95,36.068,40.527,78.664,300
uav0000073_00600_v,1920x1080,306,2.2,7.348,20.9,6.168,36.427,36.948,75.575,300
uav0000073_00600_v,1920x1080,307,2.062,8.21,21.481,6.067,37.611,38.11,77.783,300
uav0000073_00600_v,1920x1080,308,2.079,7.539,21.426,6.356,37.197,39.968,79.244,300
uav0000073_00600_v,1920x1080,309,2.073,7.553,21.202,6.051,36.788,40.471,79.331,300
uav0000073_00600_v,1920x1080,310,2.159,7.621,21.043,6.134,36.695,40.997,79.851,300
uav0000073_00600_v,1920x1080,311,2.071,7.582,21.133,6.392,37.111,37.24,76.422,300
uav0000073_00600_v,1920x1080,312,2.098,8.216,21.689,6.351,38.114,40.878,81.09,300
uav0000073_00600_v,1920x1080,313,2.08,7.579,21.153,6.498,36.973,39.07,78.123,300
uav0000073_00600_v,1920x1080,314,2.142,7.539,20.996,6.422,36.973,37.401,76.515,300
uav0000073_00600_v,1920x1080,315,2.032,7.532,20.76,6.375,36.657,38.207,76.896,300
uav0000073_00600_v,1920x1080,316,2.483,7.725,21.703,6.941,38.546,40.573,81.601,300
uav0000073_00600_v,1920x1080,317,2.05,7.647,20.959,6.753,37.469,40.873,80.392,300
uav0000073_00600_v,1920x1080,318,2.123,7.554,20.965,6.511,37.081,41.157,80.36,300
uav0000073_00600_v,1920x1080,319,2.053,7.556,21.139,6.429,37.112,41.29,80.455,300
uav0000073_00600_v,1920x1080,320,2.086,7.767,21.321,6.224,37.252,41.655,80.993,300
uav0000073_00600_v,1920x1080,321,2.008,7.61,20.943,6.193,36.771,38.839,77.618,300
uav0000073_00600_v,1920x1080,322,1.981,7.59,20.785,6.126,36.26,38.994,77.235,300
uav0000073_00600_v,1920x1080,323,1.99,9.487,22.468,6.665,40.682,39.947,82.619,300
uav0000073_00600_v,1920x1080,324,1.984,7.602,20.825,6.676,37.249,40.335,79.568,300
uav0000073_00600_v,1920x1080,325,1.927,8.116,21.201,6.936,38.244,40.475,80.646,300
uav0000073_00600_v,1920x1080,326,1.964,7.579,21.195,6.602,37.378,41.11,80.452,300
uav0000073_00600_v,1920x1080,327,2.004,7.464,20.916,6.523,36.892,43.101,81.997,300
uav0000073_00600_v,1920x1080,328,2.018,7.248,20.738,6.127,35.945,44.385,82.348,300
uav0000073_04464_v,1920x1080,1,68.904,7.786,20.111,6.538,36.239,25.877,131.02,300
uav0000073_04464_v,1920x1080,2,2.377,7.871,19.938,6.299,36.155,38.049,76.58,300
uav0000073_04464_v,1920x1080,3,2.211,7.446,20.23,7.122,36.629,37.286,76.126,300
uav0000073_04464_v,1920x1080,4,2.175,8.262,20.98,7.291,38.496,37.601,78.273,300
uav0000073_04464_v,1920x1080,5,2.125,7.544,20.818,6.781,36.826,43.238,82.19,300
uav0000073_04464_v,1920x1080,6,1.78,7.641,20.192,7.253,37.06,38.095,76.935,300
uav0000073_04464_v,1920x1080,7,2.623,7.736,20.847,7.05,37.412,39.834,79.869,300
uav0000073_04464_v,1920x1080,8,2.342,7.467,21.027,7.243,37.711,43.5,83.553,300
uav0000073_04464_v,1920x1080,9,2.093,7.406,21.078,7.663,38.137,39.421,79.652,300
uav0000073_04464_v,1920x1080,10,1.967,7.531,20.493,7.686,37.763,40.957,80.687,300
uav0000073_04464_v,1920x1080,11,2.066,7.403,20.55,7.7,37.641,43.262,82.97,300
uav0000073_04464_v,1920x1080,12,1.822,7.624,20.276,7.315,37.122,40.945,79.889,300
uav0000073_04464_v,1920x1080,13,2.101,7.401,20.314,7.31,36.788,40.531,79.42,300
uav0000073_04464_v,1920x1080,14,2.173,7.544,20.227,7.009,36.524,43.154,81.85,300
uav0000073_04464_v,1920x1080,15,2.173,7.343,20.691,7.828,37.815,40.864,80.852,300
uav0000073_04464_v,1920x1080,16,1.939,7.363,20.068,7.266,36.615,41.96,80.514,300
uav0000073_04464_v,1920x1080,17,2.093,7.529,20.029,7.357,36.793,43.042,81.929,300
uav0000073_04464_v,1920x1080,18,1.742,7.381,20.605,8.086,38.114,42.472,82.328,300
uav0000073_04464_v,1920x1080,19,2.142,7.469,20.209,7.722,37.314,43.147,82.603,300
uav0000073_04464_v,1920x1080,20,1.803,7.403,19.993,7.124,36.474,42.411,80.689,300
uav0000073_04464_v,1920x1080,21,2.64,7.429,20.145,7.098,36.471,43.221,82.333,300
uav0000073_04464_v,1920x1080,22,2.56,7.349,20.026,7.356,36.668,40.502,79.729,300
uav0000073_04464_v,1920x1080,23,2.111,7.475,19.99,6.789,36.292,41.731,80.134,300
uav0000073_04464_v,1920x1080,24,1.713,7.431,20.02,7.022,36.495,40.246,78.455,300
uav0000073_04464_v,1920x1080,25,2.056,7.497,20.308,7.168,36.674,40.612,79.342,300
uav0000073_04464_v,1920x1080,26,1.977,7.473,19.983,6.75,36.101,40.56,78.638,300
uav0000073_04464_v,1920x1080,27,2.108,7.349,20.035,7.159,36.477,39.93,78.514,300
uav0000073_04464_v,1920x1080,28,2.138,7.374,20.687,7.32,37.089,41.599,80.826,300
uav0000073_04464_v,1920x1080,29,1.997,7.511,19.981,7.022,36.56,42.782,81.338,300
uav0000073_04464_v,1920x1080,30,1.811,7.471,19.976,7.023,36.424,45.181,83.415,300
uav0000073_04464_v,1920x1080,31,2.642,7.444,20.053,7.058,36.552,41.294,80.488,300
uav0000073_04464_v,1920x1080,32,1.945,7.494,19.948,7.322,36.717,41.435,80.097,300
uav0000073_04464_v,1920x1080,33,2.192,7.471,20.05,7.217,36.633,42.961,81.786,300
uav0000073_04464_v,1920x1080,34,2.137,7.435,20.094,6.722,36.249,41.342,79.728,300
uav0000073_04464_v,1920x1080,35,1.922,7.431,20.466,7.106,36.866,41.975,80.763,300
uav0000073_04464_v,1920x1080,36,1.926,7.487,19.968,6.854,36.32,44.118,82.365,300
uav0000073_04464_v,1920x1080,37,2.552,7.58,20.252,7.319,37.144,42.423,82.12,300
uav0000073_04464_v,1920x1080,38,1.916,7.474,21.037,7.819,38.175,45.51,85.601,300
uav0000073_04464_v,1920x1080,39,2.093,7.422,20.519,7.692,37.377,41.491,80.962,300
uav0000073_04464_v,1920x1080,40,2.007,7.362,20.514,7.113,37.021,39.664,78.692,300
uav0000073_04464_v,1920x1080,41,1.766,7.475,20.039,6.967,36.398,43.064,81.227,300
uav0000073_04464_v,1920x1080,42,1.736,7.498,20.35,6.929,36.639,40.565,78.94,300
uav0000073_04464_v,1920x1080,43,2.072,7.419,20.206,6.965,36.408,42.558,81.038,300
uav0000073_04464_v,1920x1080,44,2.013,7.473,20.013,6.527,36.023,41.517,79.553,300
uav0000073_04464_v,1920x1080,45,2.036,7.383,20.513,6.648,36.574,40.889,79.499,300
uav0000073_04464_v,1920x1080,46,2.212,7.487,20.247,6.568,36.169,40.069,78.449,300
uav0000073_04464_v,1920x1080,47,1.813,7.467,19.953,6.625,35.987,39.568,77.369,300
uav0000073_04464_v,1920x1080,48,1.767,7.488,19.982,5.981,35.28,42.467,79.514,300
uav0000073_04464_v,1920x1080,49,2.342,7.423,20.033,5.894,35.126,43.833,81.301,300
uav0000073_04464_v,1920x1080,50,1.82,7.584,20.273,5.975,35.806,43.697,81.323,300
uav0000073_04464_v,1920x1080,51,2.635,8.038,20.403,6.228,36.573,44.139,83.347,300
uav0000073_04464_v,1920x1080,52,1.959,7.42,19.94,5.77,34.817,39.2,75.977,300
uav0000073_04464_v,1920x1080,53,2.071,7.441,20.006,6.372,35.778,40.346,78.194,300
uav0000073_04464_v,1920x1080,54,1.94,8.161,20.472,7.808,38.38,40.985,81.305,300
uav0000073_04464_v,1920x1080,55,2.628,7.471,20.851,7.095,37.398,41.431,81.456,300
uav0000073_04464_v,1920x1080,56,2.136,7.643,20.871,6.89,37.143,43.159,82.438,300
uav0000073_04464_v,1920x1080,57,2.214,7.411,20.691,7.246,37.29,41.103,80.607,300
uav0000073_04464_v,1920x1080,58,2.005,7.548,20.769,7.217,37.485,40.775,80.265,300
uav0000073_04464_v,1920x1080,59,2.299,7.512,20.724,6.669,36.604,43.409,82.313,300
uav0000073_04464_v,1920x1080,60,2.084,7.437,20.182,7.365,37.024,41.474,80.581,300
uav0000073_04464_v,1920x1080,61,2.439,7.346,20.812,7.088,37.191,44.31,83.94,300
uav0000073_04464_v,1920x1080,62,2.399,7.486,20.742,7.026,37.224,41.496,81.118,300
uav0000073_04464_v,1920x1080,63,2.23,7.368,20.932,7.119,37.306,40.113,79.649,300
uav0000073_04464_v,1920x1080,64,1.781,7.453,20.001,5.625,34.741,38.73,75.252,300
uav0000073_04464_v,1920x1080,65,1.898,7.474,20.003,5.863,35.806,39.889,77.592,300
uav0000073_04464_v,1920x1080,66,1.955,7.432,19.985,6.58,35.963,39.355,77.272,300
uav0000073_04464_v,1920x1080,67,2.882,7.593,20.318,5.61,35.428,42.023,80.333,300
uav0000073_04464_v,1920x1080,68,2.297,7.757,19.98,5.71,35.144,42.46,79.9,300
uav0000073_04464_v,1920x1080,69,2.834,7.981,20.224,5.847,35.911,40.445,79.19,300
uav0000073_04464_v,1920x1080,70,2.16,8.008,20.075,5.722,35.752,42.25,80.162,300
uav0000073_04464_v,1920x1080,71,2.109,7.399,21.146,7.183,37.82,39.534,79.463,300
uav0000073_04464_v,1920x1080,72,1.811,7.377,20.058,5.733,35.044,42.091,78.946,300
uav0000073_04464_v,1920x1080,73,1.861,7.478,20.928,6.256,36.561,40.934,79.356,300
uav0000073_04464_v,1920x1080,74,1.748,7.442,20.052,5.881,35.497,40.756,78.0,300
uav0000073_04464_v,1920x1080,75,1.83,7.382,20.114,5.992,35.463,39.155,76.448,300
uav0000073_04464_v,1920x1080,76,1.935,7.367,19.976,5.221,34.414,39.367,75.716,300
uav0000073_04464_v,1920x1080,77,2.13,7.42,20.089,5.372,34.725,38.753,75.608,300
uav0000073_04464_v,1920x1080,78,2.067,7.377,20.07,6.032,35.634,38.258,75.959,300
uav0000073_04464_v,1920x1080,79,2.09,8.041,20.772,7.117,37.925,39.281,79.296,300
uav0000073_04464_v,1920x1080,80,2.124,7.381,20.276,6.614,36.458,40.091,78.672,300
uav0000073_04464_v,1920x1080,81,2.075,7.485,20.013,5.945,35.393,41.231,78.699,300
uav0000073_04464_v,1920x1080,82,1.857,7.468,19.986,5.897,35.496,39.632,76.985,300
uav0000073_04464_v,1920x1080,83,2.104,7.34,20.062,6.489,35.886,38.133,76.123,300
uav0000073_04464_v,1920x1080,84,2.023,7.363,20.972,6.403,36.438,41.342,79.803,300
uav0000073_04464_v,1920x1080,85,2.052,7.628,19.981,5.333,34.665,37.146,73.863,300
uav0000073_04464_v,1920x1080,86,2.093,7.421,20.082,6.182,35.876,39.418,77.387,300
uav0000073_04464_v,1920x1080,87,2.841,8.035,22.294,7.819,40.216,42.398,85.455,300
uav0000073_04464_v,1920x1080,88,2.811,10.437,22.365,6.835,42.432,44.15,89.394,300
uav0000073_04464_v,1920x1080,89,1.801,7.504,21.328,7.37,38.233,41.885,81.919,300
uav0000073_04464_v,1920x1080,90,1.97,7.523,21.174,6.686,37.089,43.245,82.304,300
uav0000073_04464_v,1920x1080,91,1.845,7.364,20.054,6.718,36.413,41.208,79.466,300
uav0000073_04464_v,1920x1080,92,2.002,7.369,21.134,7.119,37.616,40.464,80.082,300
uav0000073_04464_v,1920x1080,93,1.855,7.379,19.979,5.275,34.462,38.076,74.394,300
uav0000073_04464_v,1920x1080,94,1.982,7.416,19.987,6.015,35.65,38.006,75.638,300
uav0000073_04464_v,1920x1080,95,2.107,7.354,20.039,6.165,35.588,37.408,75.103,300
uav0000073_04464_v,1920x1080,96,1.79,7.328,20.05,5.535,34.757,38.406,74.952,300
uav0000073_04464_v,1920x1080,97,1.847,7.443,20.118,5.33,34.669,35.598,72.114,300
uav0000073_04464_v,1920x1080,98,1.769,7.312,20.097,5.325,34.561,37.113,73.444,300
uav0000073_04464_v,1920x1080,99,1.847,7.505,20.0,5.807,35.392,35.822,73.061,300
uav0000073_04464_v,1920x1080,100,1.808,7.512,20.004,6.105,35.773,39.181,76.762,300
uav0000073_04464_v,1920x1080,101,2.154,7.598,20.6,6.413,36.469,38.663,77.287,300
uav0000073_04464_v,1920x1080,102,2.265,7.411,20.063,6.5,35.963,37.939,76.168,300
uav0000073_04464_v,1920x1080,103,1.87,7.53,20.239,6.448,36.27,38.19,76.329,300
uav0000073_04464_v,1920x1080,104,3.034,7.444,20.105,6.334,36.061,38.347,77.443,300
uav0000073_04464_v,1920x1080,105,1.93,8.043,20.653,7.037,37.7,36.97,76.6,300
uav0000073_04464_v,1920x1080,106,1.877,7.494,20.013,5.533,34.932,39.053,75.862,300
uav0000073_04464_v,1920x1080,107,2.097,7.384,20.072,6.211,35.645,38.52,76.262,300
uav0000073_04464_v,1920x1080,108,2.032,7.273,20.149,5.757,35.135,37.524,74.691,300
uav0000073_04464_v,1920x1080,109,1.808,7.486,20.004,5.716,35.131,38.712,75.652,300
uav0000073_04464_v,1920x1080,110,1.766,7.407,21.452,5.594,36.823,38.035,76.624,300
uav0000073_04464_v,1920x1080,111,2.686,7.799,20.142,6.45,36.419,38.413,77.518,300
uav0000073_04464_v,1920x1080,112,2.627,7.85,20.029,5.933,35.573,38.312,76.513,300
uav0000073_04464_v,1920x1080,113,2.468,7.749,19.986,6.668,36.393,39.229,78.09,300
uav0000073_04464_v,1920x1080,114,2.014,7.94,20.325,6.839,37.478,40.968,80.46,300
uav0000073_04464_v,1920x1080,115,2.491,7.409,21.098,7.048,37.583,40.779,80.853,300
uav0000073_04464_v,1920x1080,116,2.051,7.541,21.359,6.581,37.194,40.768,80.013,300
uav0000073_04464_v,1920x1080,117,2.133,7.439,20.398,7.105,36.897,40.209,79.239,300
uav0000073_04464_v,1920x1080,118,2.448,7.718,21.378,7.145,38.216,40.677,81.341,300
uav0000073_04464_v,1920x1080,119,1.971,7.675,21.046,6.423,36.955,41.071,79.998,300
uav0000073_04464_v,1920x1080,120,1.89,7.633,21.166,5.955,36.468,40.031,78.389,300
uav0000073_04464_v,1920x1080,121,2.1,7.465,21.043,7.042,37.546,39.201,78.847,300
uav0000073_04464_v,1920x1080,122,2.174,7.661,19.975,6.528,36.128,37.414,75.717,300
uav0000073_04464_v,1920x1080,123,1.95,7.651,20.816,6.531,36.943,37.546,76.44,300
uav0000073_04464_v,1920x1080,124,2.115,7.904,21.229,7.089,38.206,37.558,77.879,300
uav0000073_04464_v,1920x1080,125,1.954,7.839,20.753,6.44,36.946,39.377,78.277,300
uav0000073_04464_v,1920x1080,126,1.948,7.601,20.285,6.5,36.368,39.038,77.353,300
uav0000073_04464_v,1920x1080,127,2.58,7.748,21.333,6.549,37.373,39.645,79.598,300
uav0000073_04464_v,1920x1080,128,2.324,7.656,21.025,6.678,37.357,40.395,80.076,300
uav0000073_04464_v,1920x1080,129,1.876,7.653,21.053,6.72,37.409,38.351,77.636,300
uav0000073_04464_v,1920x1080,130,2.096,7.607,21.851,7.504,38.903,39.088,80.087,300
uav0000073_04464_v,1920x1080,131,1.938,7.98,21.188,6.584,37.535,40.929,80.402,300
uav0000073_04464_v,1920x1080,132,1.976,7.701,20.954,6.146,36.646,39.281,77.904,300
uav0000073_04464_v,1920x1080,133,2.129,7.506,20.853,6.778,37.07,41.213,80.411,300
uav0000073_04464_v,1920x1080,134,1.824,7.58,20.751,6.814,37.142,39.9,78.866,300
uav0000073_04464_v,1920x1080,135,2.009,7.611,20.514,6.833,36.978,39.364,78.351,300
uav0000073_04464_v,1920x1080,136,2.085,7.423,21.073,6.401,36.826,38.05,76.962,300
uav0000073_04464_v,1920x1080,137,1.81,7.402,20.986,6.96,37.38,41.117,80.306,300
uav0000073_04464_v,1920x1080,138,1.77,7.386,20.485,6.986,36.909,38.702,77.38,300
uav0000073_04464_v,1920x1080,139,2.189,7.35,20.955,6.634,36.823,38.473,77.486,300
uav0000073_04464_v,1920x1080,140,1.988,7.668,20.901,7.129,37.737,39.244,78.969,300
uav0000073_04464_v,1920x1080,141,1.846,7.509,20.881,6.249,36.426,40.153,78.426,300
uav0000073_04464_v,1920x1080,142,2.538,7.354,20.87,6.807,36.986,39.413,78.936,300
uav0000073_04464_v,1920x1080,143,1.877,7.849,20.889,6.867,37.683,37.855,77.415,300
uav0000073_04464_v,1920x1080,144,2.076,8.496,24.207,6.348,40.915,42.685,85.676,300
uav0000073_04464_v,1920x1080,145,1.771,7.661,20.067,5.643,35.285,40.071,77.126,300
uav0000073_04464_v,1920x1080,146,1.928,7.513,21.008,6.249,36.605,37.128,75.661,300
uav0000073_04464_v,1920x1080,147,1.879,7.518,21.07,6.955,37.623,37.825,77.327,300
uav0000073_04464_v,1920x1080,148,1.865,7.634,20.08,5.099,34.559,32.604,69.028,300
uav0000073_04464_v,1920x1080,149,1.982,7.364,20.046,5.51,34.754,35.745,72.481,300
uav0000073_04464_v,1920x1080,150,1.772,7.405,20.034,5.442,34.803,36.26,72.835,300
uav0000073_04464_v,1920x1080,151,1.822,11.838,22.608,6.224,42.587,37.577,81.986,300
uav0000073_04464_v,1920x1080,152,1.886,7.724,20.861,6.393,36.843,39.606,78.335,300
uav0000073_04464_v,1920x1080,153,2.233,7.753,20.968,6.832,37.559,36.12,75.912,300
uav0000073_04464_v,1920x1080,154,1.8,7.543,21.028,7.176,37.849,37.701,77.35,300
uav0000073_04464_v,1920x1080,155,2.238,7.632,21.177,6.318,36.914,39.748,78.9,300
uav0000073_04464_v,1920x1080,156,2.065,8.289,20.787,7.156,38.248,38.779,79.092,300
uav0000073_04464_v,1920x1080,157,1.78,7.663,20.952,7.18,37.798,38.186,77.765,300
uav0000073_04464_v,1920x1080,158,2.026,7.637,21.067,6.356,36.919,40.162,79.108,300
uav0000073_04464_v,1920x1080,159,2.098,7.64,20.847,6.981,37.43,36.927,76.454,300
uav0000073_04464_v,1920x1080,160,1.859,7.643,21.002,6.81,37.455,38.243,77.557,300
uav0000073_04464_v,1920x1080,161,1.795,7.683,20.926,6.322,36.676,38.323,76.794,300
uav0000073_04464_v,1920x1080,162,2.01,7.622,20.968,6.939,37.57,38.798,78.377,300
uav0000073_04464_v,1920x1080,163,1.932,7.59,21.225,6.192,36.932,39.778,78.643,300
uav0000073_04464_v,1920x1080,164,1.862,7.609,20.994,6.668,37.25,38.272,77.384,300
uav0000073_04464_v,1920x1080,165,1.853,7.703,21.549,6.499,37.555,40.421,79.829,300
uav0000073_04464_v,1920x1080,166,1.9,7.966,21.472,6.395,37.737,41.66,81.297,300
uav0000073_04464_v,1920x1080,167,1.937,7.618,20.872,6.103,36.428,37.508,75.874,300
uav0000073_04464_v,1920x1080,168,1.961,7.696,20.248,6.27,36.097,37.219,75.277,300
uav0000073_04464_v,1920x1080,169,1.792,7.811,20.809,6.214,36.695,37.985,76.472,300
uav0000073_04464_v,1920x1080,170,1.977,7.646,21.0,6.116,36.643,34.653,73.273,300
uav0000073_04464_v,1920x1080,171,2.099,7.654,20.944,6.759,37.353,37.423,76.875,300
uav0000073_04464_v,1920x1080,172,2.224,7.689,21.249,6.17,36.982,38.585,77.791,300
uav0000073_04464_v,1920x1080,173,1.808,7.701,20.938,6.021,36.531,37.223,75.563,300
uav0000073_04464_v,1920x1080,174,1.805,7.569,20.882,6.307,36.683,37.311,75.799,300
uav0000073_04464_v,1920x1080,175,1.96,7.536,20.859,6.217,36.435,39.282,77.677,300
uav0000073_04464_v,1920x1080,176,1.803,7.665,21.015,6.668,37.376,37.641,76.819,300
uav0000073_04464_v,1920x1080,177,2.24,7.616,21.493,6.346,37.227,39.168,78.634,300
uav0000073_04464_v,1920x1080,178,1.791,7.951,21.303,6.741,38.053,37.548,77.391,300
uav0000073_04464_v,1920x1080,179,2.587,8.305,21.64,6.926,39.382,40.261,82.23,300
uav0000073_04464_v,1920x1080,180,1.808,7.618,21.453,7.211,38.257,39.362,79.427,300
uav0000073_04464_v,1920x1080,181,1.868,7.65,20.902,6.101,36.643,37.816,76.328,300
uav0000073_04464_v,1920x1080,182,2.242,7.699,20.973,7.057,37.813,37.953,78.008,300
uav0000073_04464_v,1920x1080,183,2.045,7.644,21.179,6.25,37.102,40.348,79.495,300
uav0000073_04464_v,1920x1080,184,2.009,8.311,21.601,6.509,38.134,40.014,80.156,300
uav0000073_04464_v,1920x1080,185,1.987,7.626,20.82,6.443,36.781,37.601,76.368,300
uav0000073_04464_v,1920x1080,186,2.019,7.625,21.3,6.241,36.956,38.923,77.899,300
uav0000073_04464_v,1920x1080,187,1.997,7.573,20.851,6.634,37.12,35.995,75.112,300
uav0000073_04464_v,1920x1080,188,2.204,7.691,20.948,5.997,36.485,34.377,73.065,300
uav0000073_04464_v,1920x1080,189,2.006,7.584,20.435,6.689,36.761,34.603,73.37,300
uav0000073_04464_v,1920x1080,190,2.119,7.666,20.817,6.062,36.404,37.313,75.836,300
uav0000073_04464_v,1920x1080,191,2.018,7.637,20.521,6.441,36.576,38.417,77.011,300
uav0000073_04464_v,1920x1080,192,2.116,7.886,20.986,6.007,37.11,36.925,76.15,300
uav0000073_04464_v,1920x1080,193,1.793,7.691,21.197,6.21,36.997,41.07,79.86,300
uav0000073_04464_v,1920x1080,194,1.793,7.713,21.322,5.538,36.395,36.962,75.15,300
uav0000073_04464_v,1920x1080,195,2.212,7.635,21.192,6.04,36.708,39.336,78.256,300
uav0000073_04464_v,1920x1080,196,1.798,8.264,21.321,6.888,38.502,35.888,76.187,300
uav0000073_04464_v,1920x1080,197,2.292,7.627,21.019,6.487,37.077,40.535,79.904,300
uav0000073_04464_v,1920x1080,198,1.972,7.627,21.09,6.832,37.564,40.753,80.289,300
uav0000073_04464_v,1920x1080,199,2.029,8.257,21.318,6.241,37.607,40.953,80.59,300
uav0000073_04464_v,1920x1080,200,2.082,7.821,21.004,6.208,36.858,40.221,79.161,300
uav0000073_04464_v,1920x1080,201,1.854,7.558,20.528,6.859,36.939,36.078,74.871,300
uav0000073_04464_v,1920x1080,202,1.81,7.748,21.308,6.94,37.999,35.282,75.091,300
uav0000073_04464_v,1920x1080,203,2.039,7.685,21.649,6.563,37.925,35.307,75.271,300
uav0000073_04464_v,1920x1080,204,1.869,7.769,21.241,6.4,37.317,37.975,77.161,300
uav0000073_04464_v,1920x1080,205,2.236,7.703,20.942,6.749,37.42,34.832,74.489,300
uav0000073_04464_v,1920x1080,206,2.34,7.753,23.249,7.135,40.166,36.152,78.659,300
uav0000073_04464_v,1920x1080,207,2.303,7.778,23.154,6.493,39.565,37.926,79.795,300
uav0000073_04464_v,1920x1080,208,1.975,8.474,23.812,7.334,41.745,37.729,81.45,300
uav0000073_04464_v,1920x1080,209,2.292,9.787,23.396,7.212,43.871,42.475,88.638,300
uav0000073_04464_v,1920x1080,210,2.547,7.97,22.035,6.84,39.219,37.537,79.303,300
uav0000073_04464_v,1920x1080,211,2.07,7.831,23.142,6.227,39.283,38.743,80.095,300
uav0000073_04464_v,1920x1080,212,2.442,7.791,21.937,6.999,38.961,38.565,79.968,300
uav0000073_04464_v,1920x1080,213,2.501,7.978,20.007,5.826,35.794,38.082,76.377,300
uav0000073_04464_v,1920x1080,214,1.796,7.567,19.983,6.008,35.485,33.062,70.343,300
uav0000073_04464_v,1920x1080,215,2.127,7.528,20.632,6.406,36.535,32.351,71.014,300
uav0000073_04464_v,1920x1080,216,1.797,7.486,20.925,6.657,37.09,32.755,71.641,300
uav0000073_04464_v,1920x1080,217,2.122,7.667,20.964,6.794,37.477,35.352,74.95,300
uav0000073_04464_v,1920x1080,218,1.841,7.743,21.696,6.961,38.446,34.575,74.861,300
uav0000073_04464_v,1920x1080,219,1.97,7.839,23.166,6.821,39.894,36.411,78.275,300
uav0000073_04464_v,1920x1080,220,2.236,7.764,23.262,6.597,39.546,39.627,81.41,300
uav0000073_04464_v,1920x1080,221,2.408,8.402,23.911,6.627,40.734,40.643,83.785,300
uav0000073_04464_v,1920x1080,222,2.139,9.608,23.631,6.291,41.488,38.067,81.694,300
uav0000073_04464_v,1920x1080,223,1.868,7.804,23.21,6.261,39.178,37.227,78.272,300
uav0000073_04464_v,1920x1080,224,2.143,7.808,23.387,7.026,40.134,35.532,77.81,300
uav0000073_04464_v,1920x1080,225,2.758,7.97,23.299,6.64,40.146,36.761,79.665,300
uav0000073_04464_v,1920x1080,226,1.847,7.825,21.951,6.952,38.783,36.078,76.708,300
uav0000073_04464_v,1920x1080,227,2.398,7.945,23.014,6.8,40.14,37.63,80.168,300
uav0000073_04464_v,1920x1080,228,2.259,7.785,23.249,6.313,39.437,35.743,77.439,300
uav0000073_04464_v,1920x1080,229,2.53,8.112,23.168,7.306,41.331,37.303,81.165,300
uav0000073_04464_v,1920x1080,230,1.846,7.756,21.939,7.097,38.98,36.477,77.303,300
uav0000073_04464_v,1920x1080,231,1.937,9.823,23.351,7.265,42.897,37.667,82.501,300
uav0000073_04464_v,1920x1080,232,1.831,7.739,21.915,7.03,38.745,36.753,77.329,300
uav0000073_04464_v,1920x1080,233,2.36,7.814,23.423,6.249,39.504,39.377,81.242,300
uav0000073_04464_v,1920x1080,234,2.185,7.767,23.328,7.083,40.247,39.792,82.223,300
uav0000073_04464_v,1920x1080,235,2.214,7.701,23.147,6.151,39.012,40.908,82.134,300
uav0000073_04464_v,1920x1080,236,2.184,7.858,21.924,6.123,37.778,37.236,77.198,300
uav0000073_04464_v,1920x1080,237,1.827,7.832,21.192,6.848,37.882,36.726,76.436,300
uav0000073_04464_v,1920x1080,238,2.075,7.697,21.031,6.745,37.542,36.35,75.968,300
uav0000073_04464_v,1920x1080,239,1.936,7.76,21.646,6.557,37.989,36.424,76.35,300
uav0000073_04464_v,1920x1080,240,1.835,7.645,21.884,6.929,38.582,35.773,76.19,300
uav0000073_04464_v,1920x1080,241,2.203,7.803,23.197,6.062,38.912,38.852,79.967,300
uav0000073_04464_v,1920x1080,242,1.815,7.655,22.518,6.26,38.392,38.546,78.753,300
uav0000073_04464_v,1920x1080,243,1.841,7.774,21.944,6.687,38.451,36.571,76.864,300
uav0000073_04464_v,1920x1080,244,2.916,9.192,21.53,6.841,40.141,36.302,79.359,300
uav0000073_04464_v,1920x1080,245,2.15,7.706,21.776,6.683,38.191,37.18,77.521,300
uav0000073_04464_v,1920x1080,246,1.95,7.745,20.662,6.526,36.936,37.117,76.003,300
uav0000073_04464_v,1920x1080,247,2.12,7.689,21.156,6.265,37.014,39.489,78.624,300
uav0000073_04464_v,1920x1080,248,1.777,7.599,20.95,7.12,37.709,36.174,75.66,300
uav0000073_04464_v,1920x1080,249,1.872,7.764,21.63,6.652,38.093,36.522,76.487,300
uav0000073_04464_v,1920x1080,250,1.849,8.238,21.844,5.119,37.107,37.587,76.544,300
uav0000073_04464_v,1920x1080,251,2.443,7.853,23.348,7.032,40.389,39.293,82.125,300
uav0000073_04464_v,1920x1080,252,1.871,7.731,23.262,6.583,39.632,39.446,80.949,300
uav0000073_04464_v,1920x1080,253,1.878,7.99,23.193,6.022,39.155,39.0,80.032,300
uav0000073_04464_v,1920x1080,254,2.064,7.69,21.881,6.531,38.207,36.47,76.741,300
uav0000073_04464_v,1920x1080,255,2.172,7.787,21.952,6.279,38.048,36.983,77.203,300
uav0000073_04464_v,1920x1080,256,2.041,7.832,23.396,6.559,39.807,37.741,79.589,300
uav0000073_04464_v,1920x1080,257,3.178,10.555,25.256,6.691,45.336,39.264,87.778,300
uav0000073_04464_v,1920x1080,258,1.989,7.755,22.124,6.58,38.598,39.505,80.092,300
uav0000073_04464_v,1920x1080,259,2.17,7.613,22.022,6.399,38.023,36.723,76.916,300
uav0000073_04464_v,1920x1080,260,2.189,7.729,21.978,7.147,38.881,36.313,77.384,300
uav0000073_04464_v,1920x1080,261,2.31,7.702,21.423,6.391,37.649,35.38,75.339,300
uav0000073_04464_v,1920x1080,262,1.973,7.747,21.944,6.563,38.252,38.115,78.339,300
uav0000073_04464_v,1920x1080,263,2.053,7.774,23.461,6.591,39.855,37.514,79.421,300
uav0000073_04464_v,1920x1080,264,2.202,7.84,23.489,6.939,40.396,37.646,80.243,300
uav0000073_04464_v,1920x1080,265,2.32,7.711,23.179,6.702,39.741,38.127,80.189,300
uav0000073_04464_v,1920x1080,266,2.553,7.809,23.284,6.617,39.741,36.931,79.225,300
uav0000073_04464_v,1920x1080,267,2.104,7.81,23.198,7.014,40.153,37.893,80.149,300
uav0000073_04464_v,1920x1080,268,1.99,7.68,21.493,6.041,37.226,36.095,75.311,300
uav0000073_04464_v,1920x1080,269,2.575,7.733,23.15,7.154,40.052,37.809,80.436,300
uav0000073_04464_v,1920x1080,270,2.147,7.794,21.827,6.776,38.713,36.509,77.37,300
uav0000073_04464_v,1920x1080,271,2.034,7.914,23.352,6.178,39.355,37.394,78.783,300
uav0000073_04464_v,1920x1080,272,2.227,7.724,23.48,7.211,40.536,37.352,80.115,300
uav0000073_04464_v,1920x1080,273,2.311,7.711,23.202,6.798,39.836,37.741,79.889,300
uav0000073_04464_v,1920x1080,274,2.262,7.723,23.179,6.646,39.606,37.132,79.0,300
uav0000073_04464_v,1920x1080,275,2.536,8.367,23.9,7.29,41.844,38.752,83.132,300
uav0000073_04464_v,1920x1080,276,2.797,10.796,23.939,6.414,43.787,36.909,83.493,300
uav0000073_04464_v,1920x1080,277,2.242,7.936,22.831,6.115,38.819,37.608,78.669,300
uav0000073_04464_v,1920x1080,278,2.407,7.714,21.939,6.755,38.466,35.862,76.735,300
uav0000073_04464_v,1920x1080,279,2.851,7.82,23.269,6.684,40.147,38.882,81.88,300
uav0000073_04464_v,1920x1080,280,2.337,7.692,23.412,6.927,40.065,36.547,78.95,300
uav0000073_04464_v,1920x1080,281,2.892,7.926,23.277,6.664,40.234,38.03,81.156,300
uav0000073_04464_v,1920x1080,282,2.239,9.867,23.849,6.105,41.776,39.347,83.363,300
uav0000073_04464_v,1920x1080,283,2.281,7.705,21.989,6.373,38.108,37.988,78.377,300
uav0000073_04464_v,1920x1080,284,2.068,7.729,21.964,6.744,38.486,37.334,77.888,300
uav0000073_04464_v,1920x1080,285,2.191,7.754,21.088,6.123,36.89,39.39,78.471,300
uav0000073_04464_v,1920x1080,286,2.316,8.25,21.674,6.511,38.493,38.336,79.145,300
uav0000073_04464_v,1920x1080,287,1.989,7.632,21.235,6.03,36.707,39.715,78.411,300
uav0000073_04464_v,1920x1080,288,2.29,9.606,22.716,6.431,40.761,41.857,84.908,300
uav0000073_04464_v,1920x1080,289,2.104,7.78,21.43,6.368,37.472,38.192,77.768,300
uav0000073_04464_v,1920x1080,290,2.307,7.469,21.849,6.407,37.762,37.266,77.335,300
uav0000073_04464_v,1920x1080,291,2.024,9.73,23.519,6.002,41.138,39.547,82.71,300
uav0000073_04464_v,1920x1080,292,2.314,7.702,22.584,6.162,38.401,39.319,80.034,300
uav0000073_04464_v,1920x1080,293,2.122,7.452,21.766,6.393,37.634,37.33,77.086,300
uav0000073_04464_v,1920x1080,294,2.224,9.559,23.924,5.795,41.239,39.317,82.78,300
uav0000073_04464_v,1920x1080,295,2.816,8.564,21.394,6.23,38.628,37.894,79.338,300
uav0000073_04464_v,1920x1080,296,2.074,7.67,21.024,6.701,37.422,35.384,74.88,300
uav0000073_04464_v,1920x1080,297,2.221,7.65,21.53,6.271,37.315,37.631,77.167,300
uav0000073_04464_v,1920x1080,298,2.318,8.272,21.372,6.566,38.34,38.951,79.609,300
uav0000073_04464_v,1920x1080,299,2.077,7.647,20.969,6.722,37.364,36.344,75.785,300
uav0000073_04464_v,1920x1080,300,2.067,7.8,21.958,6.724,38.509,37.494,78.07,300
uav0000073_04464_v,1920x1080,301,2.213,9.73,23.171,5.915,40.624,37.191,80.028,300
uav0000073_04464_v,1920x1080,302,2.479,7.788,23.383,7.307,40.824,39.333,82.636,300
uav0000073_04464_v,1920x1080,303,2.021,7.679,23.401,6.136,39.17,40.672,81.864,300
uav0000073_04464_v,1920x1080,304,2.135,7.735,21.235,6.268,37.153,39.32,78.607,300
uav0000073_04464_v,1920x1080,305,2.353,8.182,21.23,6.128,37.57,39.128,79.05,300
uav0000073_04464_v,1920x1080,306,2.016,7.721,20.808,6.603,37.244,37.04,76.3,300
uav0000073_04464_v,1920x1080,307,1.997,7.628,22.259,6.13,38.062,38.008,78.067,300
uav0000073_04464_v,1920x1080,308,2.769,7.972,21.579,6.7,38.378,36.466,77.613,300
uav0000073_04464_v,1920x1080,309,2.04,7.738,22.228,6.091,38.018,38.135,78.193,300
uav0000073_04464_v,1920x1080,310,2.039,7.752,21.266,6.161,37.073,38.276,77.388,300
uav0000073_04464_v,1920x1080,311,1.928,7.578,20.777,6.653,37.019,35.906,74.853,300
uav0000073_04464_v,1920x1080,312,2.023,7.745,21.498,5.995,37.093,39.485,78.601,300
uav0000077_00720_v,1360x766,1,45.596,7.217,20.149,4.24,33.329,7.427,86.353,131
uav0000077_00720_v,1360x766,2,1.474,7.431,20.205,6.339,36.181,14.838,52.493,143
uav0000077_00720_v,1360x766,3,1.809,8.376,23.06,6.284,40.098,16.074,57.981,155
uav0000077_00720_v,1360x766,4,1.926,8.476,23.275,6.609,41.17,16.86,59.955,177
uav0000077_00720_v,1360x766,5,1.887,10.839,25.37,7.089,46.043,17.128,65.057,197
uav0000077_00720_v,1360x766,6,2.346,11.731,25.291,6.478,46.367,18.22,66.933,212
uav0000077_00720_v,1360x766,7,2.193,12.228,25.405,6.438,47.08,16.654,65.926,197
uav0000077_00720_v,1360x766,8,2.157,10.66,25.446,6.622,45.6,17.681,65.438,171
uav0000077_00720_v,1360x766,9,2.116,10.53,24.694,6.111,44.087,17.647,63.85,182
uav0000077_00720_v,1360x766,10,2.056,10.87,25.403,6.685,45.466,17.806,65.329,234
uav0000077_00720_v,1360x766,11,2.29,10.758,25.264,6.965,45.915,18.931,67.135,202
uav0000077_00720_v,1360x766,12,1.728,11.335,22.666,6.916,43.779,16.871,62.377,210
uav0000077_00720_v,1360x766,13,1.789,11.0,25.639,6.753,46.093,17.645,65.526,192
uav0000077_00720_v,1360x766,14,1.726,11.231,25.299,6.919,46.088,19.259,67.073,197
uav0000077_00720_v,1360x766,15,1.813,11.005,25.099,6.426,45.015,18.861,65.689,208
uav0000077_00720_v,1360x766,16,1.827,11.167,25.381,6.797,46.133,18.582,66.542,172
uav0000077_00720_v,1360x766,17,2.053,11.067,23.232,6.978,44.177,19.132,65.361,169
uav0000077_00720_v,1360x766,18,1.932,11.618,25.347,7.377,47.219,18.701,67.853,199
uav0000077_00720_v,1360x766,19,1.91,11.468,25.179,7.108,46.493,18.681,67.085,202
uav0000077_00720_v,1360x766,20,2.289,11.706,25.645,7.599,48.006,19.522,69.817,200
uav0000077_00720_v,1360x766,21,1.977,11.546,25.332,6.665,46.213,19.561,67.751,223
uav0000077_00720_v,1360x766,22,1.981,11.635,25.299,6.808,46.417,19.575,67.973,208
uav0000077_00720_v,1360x766,23,2.026,11.553,25.258,6.775,46.324,19.299,67.649,170
uav0000077_00720_v,1360x766,24,2.077,11.605,25.599,5.879,45.712,18.261,66.051,178
uav0000077_00720_v,1360x766,25,1.776,11.413,25.348,6.77,46.255,18.511,66.542,163
uav0000077_00720_v,1360x766,26,1.972,11.147,25.353,6.994,46.136,19.213,67.321,170
uav0000077_00720_v,1360x766,27,1.982,11.34,25.172,7.131,46.618,19.718,68.318,177
uav0000077_00720_v,1360x766,28,1.78,11.386,25.303,6.734,46.173,19.438,67.391,167
uav0000077_00720_v,1360x766,29,2.176,11.727,25.349,7.459,47.535,19.953,69.664,184
uav0000077_00720_v,1360x766,30,1.926,11.546,25.249,7.23,46.679,19.066,67.671,182
uav0000077_00720_v,1360x766,31,1.865,11.14,25.353,6.675,46.353,17.536,65.754,159
uav0000077_00720_v,1360x766,32,2.052,11.186,23.428,7.03,44.425,19.354,65.831,179
uav0000077_00720_v,1360x766,33,1.774,11.109,25.374,6.555,45.758,19.095,66.627,182
uav0000077_00720_v,1360x766,34,1.871,11.188,25.378,7.107,46.574,19.583,68.028,167
uav0000077_00720_v,1360x766,35,2.343,11.152,25.268,6.834,46.196,18.797,67.336,192
uav0000077_00720_v,1360x766,36,2.2,11.246,25.403,6.902,46.448,18.91,67.558,199
uav0000077_00720_v,1360x766,37,2.109,11.146,25.307,8.18,47.386,18.064,67.559,185
uav0000077_00720_v,1360x766,38,2.615,11.775,25.493,6.792,47.023,19.289,68.927,185
uav0000077_00720_v,1360x766,39,2.224,11.743,25.898,8.067,48.835,22.45,73.509,159
uav0000077_00720_v,1360x766,40,2.222,12.555,25.771,7.679,49.006,19.682,70.91,180
uav0000077_00720_v,1360x766,41,2.018,11.09,25.677,6.559,46.13,17.954,66.103,188
uav0000077_00720_v,1360x766,42,2.048,10.785,25.391,7.384,46.4,19.219,67.666,195
uav0000077_00720_v,1360x766,43,2.023,10.824,25.086,7.096,45.651,19.065,66.739,183
uav0000077_00720_v,1360x766,44,2.106,11.151,25.287,6.655,45.848,21.076,69.03,176
uav0000077_00720_v,1360x766,45,1.817,11.054,25.676,7.292,46.833,21.253,69.903,166
uav0000077_00720_v,1360x766,46,2.167,11.208,25.4,7.027,46.454,20.682,69.303,183
uav0000077_00720_v,1360x766,47,1.888,9.534,25.203,7.416,44.92,20.388,67.196,187
uav0000077_00720_v,1360x766,48,2.01,11.571,25.418,7.052,46.864,21.296,70.171,175
uav0000077_00720_v,1360x766,49,1.94,11.056,25.291,6.312,44.812,19.603,66.355,182
uav0000077_00720_v,1360x766,50,1.89,11.571,25.288,7.136,46.64,20.757,69.286,176
uav0000077_00720_v,1360x766,51,1.921,11.478,25.138,7.063,46.644,20.288,68.852,151
uav0000077_00720_v,1360x766,52,1.975,12.024,25.457,6.794,46.871,18.582,67.428,178
uav0000077_00720_v,1360x766,53,2.168,11.609,25.665,7.146,47.199,18.232,67.599,196
uav0000077_00720_v,1360x766,54,2.02,11.528,24.692,7.131,46.247,18.411,66.678,164
uav0000077_00720_v,1360x766,55,1.891,11.421,25.191,7.068,46.441,19.14,67.471,153
uav0000077_00720_v,1360x766,56,1.778,11.443,25.384,6.805,46.472,20.053,68.303,165
uav0000077_00720_v,1360x766,57,1.715,11.228,25.417,6.449,45.699,18.78,66.194,170
uav0000077_00720_v,1360x766,58,1.952,11.604,25.388,7.127,47.076,20.826,69.854,193
uav0000077_00720_v,1360x766,59,2.153,11.06,25.151,7.139,46.056,20.034,68.244,182
uav0000077_00720_v,1360x766,60,1.877,11.62,25.413,7.58,47.662,20.545,70.083,197
uav0000077_00720_v,1360x766,61,2.14,11.627,25.289,6.503,46.133,21.949,70.222,181
uav0000077_00720_v,1360x766,62,1.884,11.739,25.249,7.203,47.146,19.576,68.606,194
uav0000077_00720_v,1360x766,63,2.02,11.693,25.218,6.892,46.804,19.576,68.4,173
uav0000077_00720_v,1360x766,64,2.038,11.996,25.641,6.902,47.249,19.952,69.239,185
uav0000077_00720_v,1360x766,65,2.17,11.732,25.363,7.169,47.078,19.46,68.709,168
uav0000077_00720_v,1360x766,66,1.702,11.512,25.323,6.826,46.43,20.091,68.223,168
uav0000077_00720_v,1360x766,67,1.931,11.659,25.421,7.466,47.542,20.245,69.718,196
uav0000077_00720_v,1360x766,68,2.007,11.644,25.294,6.972,46.793,21.469,70.269,171
uav0000077_00720_v,1360x766,69,2.168,11.393,22.125,7.439,43.98,20.503,66.651,179
uav0000077_00720_v,1360x766,70,2.147,11.642,25.301,6.546,46.254,20.358,68.76,158
uav0000077_00720_v,1360x766,71,1.793,11.418,25.215,7.795,47.552,20.333,69.678,178
uav0000077_00720_v,1360x766,72,2.114,11.637,25.279,7.049,46.899,20.66,69.673,175
uav0000077_00720_v,1360x766,73,1.721,12.017,25.711,7.919,48.532,19.85,70.103,176
uav0000077_00720_v,1360x766,74,2.286,11.774,25.3,6.899,46.644,21.243,70.173,185
uav0000077_00720_v,1360x766,75,1.798,11.449,25.143,7.147,46.385,18.995,67.179,190
uav0000077_00720_v,1360x766,76,1.795,11.511,25.331,5.723,44.973,19.761,66.529,198
uav0000077_00720_v,1360x766,77,1.816,11.606,25.267,6.999,46.771,18.894,67.481,162
uav0000077_00720_v,1360x766,78,1.858,11.278,25.22,6.859,46.274,16.95,65.082,185
uav0000077_00720_v,1360x766,79,1.889,11.644,25.542,7.345,47.332,20.305,69.525,179
uav0000077_00720_v,1360x766,80,1.845,11.37,25.21,7.183,46.574,21.272,69.691,169
uav0000077_00720_v,1360x766,81,1.818,11.512,25.298,6.809,46.556,18.099,66.473,187
uav0000077_00720_v,1360x766,82,1.774,11.435,25.46,7.062,46.63,19.032,67.436,174
uav0000077_00720_v,1360x766,83,1.742,11.21,25.294,6.87,46.023,18.736,66.501,168
uav0000077_00720_v,1360x766,84,1.736,9.598,23.907,7.194,43.572,20.017,65.325,194
uav0000077_00720_v,1360x766,85,1.751,11.145,25.336,6.545,45.664,20.062,67.477,208
uav0000077_00720_v,1360x766,86,1.883,11.191,25.401,6.763,46.112,20.871,68.865,241
uav0000077_00720_v,1360x766,87,1.799,11.085,25.343,7.631,47.039,22.996,71.834,241
uav0000077_00720_v,1360x766,88,1.917,11.161,25.19,7.613,47.011,23.651,72.578,264
uav0000077_00720_v,1360x766,89,2.139,11.172,25.305,7.111,46.423,24.133,72.695,257
uav0000077_00720_v,1360x766,90,1.9,11.218,25.364,7.294,46.785,24.717,73.401,266
uav0000077_00720_v,1360x766,91,1.69,11.112,23.588,6.878,44.313,22.809,68.812,300
uav0000077_00720_v,1360x766,92,1.846,10.73,25.085,6.75,45.28,24.844,71.969,297
uav0000077_00720_v,1360x766,93,1.846,10.82,25.32,7.324,46.222,25.783,73.851,283
uav0000077_00720_v,1360x766,94,2.147,10.925,25.381,7.111,46.207,27.736,76.091,300
uav0000077_00720_v,1360x766,95,1.869,10.883,25.284,6.966,45.933,26.596,74.398,293
uav0000077_00720_v,1360x766,96,1.919,10.391,25.148,7.273,45.478,27.477,74.874,291
uav0000077_00720_v,1360x766,97,1.89,10.648,25.274,6.514,44.953,25.711,72.554,293
uav0000077_00720_v,1360x766,98,1.633,10.552,22.287,6.907,42.339,24.94,68.911,300
uav0000077_00720_v,1360x766,99,1.797,10.533,25.583,6.992,45.694,25.032,72.522,271
uav0000077_00720_v,1360x766,100,1.989,10.536,25.14,7.316,45.845,26.57,74.404,300
uav0000077_00720_v,1360x766,101,1.666,10.441,25.297,6.185,44.413,24.1,70.179,264
uav0000077_00720_v,1360x766,102,1.936,10.779,25.316,6.683,45.475,25.386,72.797,242
uav0000077_00720_v,1360x766,103,1.861,10.579,25.242,6.625,45.088,25.02,71.969,284
uav0000077_00720_v,1360x766,104,1.693,10.524,25.113,6.562,44.973,23.333,69.999,232
uav0000077_00720_v,1360x766,105,1.722,10.655,23.581,6.328,43.198,22.692,67.612,225
uav0000077_00720_v,1360x766,106,1.858,10.629,25.285,6.599,45.067,26.092,73.017,259
uav0000077_00720_v,1360x766,107,1.695,10.452,25.643,6.779,45.596,24.961,72.253,293
uav0000077_00720_v,1360x766,108,1.884,10.682,25.161,6.738,45.344,24.488,71.717,275
uav0000077_00720_v,1360x766,109,1.92,10.74,25.339,6.765,45.584,24.606,72.11,255
uav0000077_00720_v,1360x766,110,1.707,10.748,25.354,6.78,45.618,24.729,72.054,246
uav0000077_00720_v,1360x766,111,1.874,10.633,25.294,6.687,45.357,25.159,72.391,240
uav0000077_00720_v,1360x766,112,1.764,10.989,23.941,6.781,44.393,25.701,71.859,242
uav0000077_00720_v,1360x766,113,2.037,10.621,25.291,6.608,45.175,25.083,72.295,245
uav0000077_00720_v,1360x766,114,2.191,10.448,25.291,6.449,44.831,26.044,73.066,226
uav0000077_00720_v,1360x766,115,1.604,11.416,25.217,6.667,46.05,23.11,70.763,242
uav0000077_00720_v,1360x766,116,1.943,10.341,25.1,6.408,44.589,23.773,70.305,245
uav0000077_00720_v,1360x766,117,1.653,10.488,25.258,6.988,45.419,23.312,70.384,246
uav0000077_00720_v,1360x766,118,2.277,10.601,25.407,7.049,45.83,25.242,73.349,204
uav0000077_00720_v,1360x766,119,1.713,10.6,24.62,6.451,44.133,22.254,68.1,208
uav0000077_00720_v,1360x766,120,1.92,10.949,25.496,6.948,46.183,25.203,73.306,204
uav0000077_00720_v,1360x766,121,1.852,10.933,25.421,6.344,45.378,25.547,72.776,208
uav0000077_00720_v,1360x766,122,2.027,10.555,25.366,7.024,45.69,25.416,73.133,243
uav0000077_00720_v,1360x766,123,1.945,10.555,25.297,7.089,45.684,24.856,72.484,204
uav0000077_00720_v,1360x766,124,1.893,10.934,25.066,6.701,45.47,24.766,72.128,200
uav0000077_00720_v,1360x766,125,1.849,10.994,25.253,6.706,45.757,25.548,73.154,222
uav0000077_00720_v,1360x766,126,1.812,10.552,24.416,6.609,44.347,25.467,71.626,266
uav0000077_00720_v,1360x766,127,2.103,10.833,25.618,6.741,46.023,25.827,73.953,227
uav0000077_00720_v,1360x766,128,2.119,10.941,25.42,6.654,45.871,24.715,72.705,213
uav0000077_00720_v,1360x766,129,1.843,11.021,25.271,6.773,45.867,24.689,72.398,227
uav0000077_00720_v,1360x766,130,2.082,10.856,25.319,6.723,45.749,24.541,72.372,222
uav0000077_00720_v,1360x766,131,1.825,10.852,25.268,6.656,45.598,23.966,71.39,222
uav0000077_00720_v,1360x766,132,1.914,10.97,25.182,6.584,45.623,24.63,72.167,203
uav0000077_00720_v,1360x766,133,1.984,10.97,24.557,6.618,44.959,24.35,71.294,197
uav0000077_00720_v,1360x766,134,1.651,8.872,24.544,6.313,42.241,24.502,68.394,201
uav0000077_00720_v,1360x766,135,1.992,11.06,25.328,6.624,45.876,23.835,71.703,191
uav0000077_00720_v,1360x766,136,2.197,10.915,25.513,6.689,45.888,24.211,72.296,220
uav0000077_00720_v,1360x766,137,1.953,10.995,25.301,6.701,45.811,24.284,72.047,203
uav0000077_00720_v,1360x766,138,1.796,10.935,25.302,6.629,45.615,25.647,73.058,189
uav0000077_00720_v,1360x766,139,2.162,10.561,25.251,6.854,45.272,23.999,71.434,204
uav0000077_00720_v,1360x766,140,1.824,10.832,25.194,5.507,43.734,24.843,70.402,187
uav0000077_00720_v,1360x766,141,1.918,11.021,25.365,6.933,46.069,24.566,72.553,210
uav0000077_00720_v,1360x766,142,1.734,10.887,25.164,6.536,45.275,23.245,70.253,222
uav0000077_00720_v,1360x766,143,1.989,10.698,25.149,7.579,46.242,23.876,72.107,178
uav0000077_00720_v,1360x766,144,1.925,11.059,25.349,7.426,46.638,25.237,73.8,188
uav0000077_00720_v,1360x766,145,1.695,10.849,25.319,6.725,45.686,24.905,72.286,195
uav0000077_00720_v,1360x766,146,1.68,10.77,25.535,6.857,45.764,23.004,70.449,215
uav0000077_00720_v,1360x766,147,2.054,10.921,25.211,7.046,45.631,23.381,71.066,171
uav0000077_00720_v,1360x766,148,2.061,11.108,25.159,7.423,46.692,20.649,69.403,195
uav0000077_00720_v,1360x766,149,1.771,11.355,25.241,6.699,46.198,17.601,65.569,160
uav0000077_00720_v,1360x766,150,1.829,11.541,25.474,7.286,47.361,18.389,67.579,144
uav0000077_00720_v,1360x766,151,1.865,11.626,25.252,7.481,47.388,22.314,71.567,158
uav0000077_00720_v,1360x766,152,1.935,11.531,25.073,6.629,45.902,23.318,71.155,153
uav0000077_00720_v,1360x766,153,1.67,11.169,25.293,6.569,45.815,21.569,69.054,145
uav0000077_00720_v,1360x766,154,1.685,11.267,25.222,6.658,45.947,23.367,71.0,151
uav0000077_00720_v,1360x766,155,1.601,11.845,25.282,6.562,46.447,24.016,72.065,175
uav0000077_00720_v,1360x766,156,1.724,10.877,25.084,6.704,45.597,22.979,70.3,158
uav0000077_00720_v,1360x766,157,1.909,10.779,25.231,7.075,45.815,24.199,71.923,154
uav0000077_00720_v,1360x766,158,1.983,11.458,25.188,6.438,45.85,21.4,69.232,164
uav0000077_00720_v,1360x766,159,1.762,10.592,25.565,6.62,45.507,22.117,69.386,163
uav0000077_00720_v,1360x766,160,1.827,10.788,25.092,6.659,45.195,22.186,69.208,166
uav0000077_00720_v,1360x766,161,1.864,10.867,25.282,7.053,46.01,23.101,70.975,152
uav0000077_00720_v,1360x766,162,2.296,9.295,25.264,6.252,43.374,24.234,69.905,164
uav0000077_00720_v,1360x766,163,1.902,10.992,25.229,6.614,45.709,25.126,72.736,162
uav0000077_00720_v,1360x766,164,1.889,10.771,25.068,6.334,44.782,23.235,69.906,152
uav0000077_00720_v,1360x766,165,1.989,10.861,25.276,7.22,46.124,23.61,71.723,129
uav0000077_00720_v,1360x766,166,2.019,10.885,25.277,7.046,46.019,23.894,71.932,146
uav0000077_00720_v,1360x766,167,1.933,10.943,25.257,7.156,46.22,24.469,72.622,156
uav0000077_00720_v,1360x766,168,1.786,11.009,25.205,6.904,46.03,22.524,70.34,145
uav0000077_00720_v,1360x766,169,1.875,9.9,22.42,7.245,42.284,24.179,68.337,166
uav0000077_00720_v,1360x766,170,1.973,10.832,25.425,7.256,46.317,24.463,72.753,193
uav0000077_00720_v,1360x766,171,1.903,10.736,25.268,7.108,45.906,23.471,71.281,161
uav0000077_00720_v,1360x766,172,2.072,10.903,25.086,6.935,45.485,22.969,70.526,167
uav0000077_00720_v,1360x766,173,1.971,11.073,25.31,6.367,45.339,22.75,70.059,159
uav0000077_00720_v,1360x766,174,2.004,11.361,25.361,6.643,46.207,20.467,68.678,188
uav0000077_00720_v,1360x766,175,2.041,11.329,25.407,6.562,45.879,20.382,68.301,189
uav0000077_00720_v,1360x766,176,1.883,10.764,23.763,7.274,44.573,21.212,67.667,153
uav0000077_00720_v,1360x766,177,1.897,11.02,25.245,6.823,45.893,21.639,69.429,172
uav0000077_00720_v,1360x766,178,1.984,10.839,25.34,6.932,45.828,21.78,69.591,199
uav0000077_00720_v,1360x766,179,1.78,12.431,25.421,6.641,47.601,19.208,68.588,194
uav0000077_00720_v,1360x766,180,1.894,10.851,25.118,6.427,45.01,20.024,66.928,179
uav0000077_00720_v,1360x766,181,1.951,10.853,25.319,7.093,46.088,21.231,69.27,170
uav0000077_00720_v,1360x766,182,1.839,11.175,25.232,6.298,45.358,21.501,68.698,166
uav0000077_00720_v,1360x766,183,1.876,11.142,25.173,7.064,45.931,23.028,70.835,189
uav0000077_00720_v,1360x766,184,1.74,11.934,25.344,6.517,46.585,20.423,68.748,162
uav0000077_00720_v,1360x766,185,1.651,11.273,25.42,6.575,46.332,21.093,69.076,177
uav0000077_00720_v,1360x766,186,2.007,11.162,25.184,7.156,46.423,20.528,68.958,166
uav0000077_00720_v,1360x766,187,1.769,11.286,25.274,6.855,46.181,21.532,69.482,171
uav0000077_00720_v,1360x766,188,1.792,11.194,25.059,6.31,45.205,21.297,68.294,168
uav0000077_00720_v,1360x766,189,1.907,11.157,25.245,6.815,45.888,21.473,69.268,159
uav0000077_00720_v,1360x766,190,1.953,11.331,25.234,6.8,46.174,21.449,69.576,156
uav0000077_00720_v,1360x766,191,1.674,9.51,25.258,7.107,45.071,22.901,69.645,153
uav0000077_00720_v,1360x766,192,2.075,11.085,25.174,7.174,46.16,23.31,71.545,173
uav0000077_00720_v,1360x766,193,1.732,11.205,25.244,7.176,46.308,23.06,71.1,173
uav0000077_00720_v,1360x766,194,1.737,11.234,25.233,6.683,45.767,22.97,70.474,180
uav0000077_00720_v,1360x766,195,1.983,11.211,25.573,7.192,46.827,22.768,71.578,184
uav0000077_00720_v,1360x766,196,2.018,11.207,25.203,7.389,46.71,22.185,70.914,185
uav0000077_00720_v,1360x766,197,1.846,11.066,25.26,6.938,46.056,22.91,70.813,183
uav0000077_00720_v,1360x766,198,2.228,11.076,22.021,6.994,42.806,22.792,67.825,172
uav0000077_00720_v,1360x766,199,1.875,11.188,25.256,6.955,46.309,22.794,70.978,189
uav0000077_00720_v,1360x766,200,2.009,11.217,25.082,7.139,46.275,21.69,69.974,176
uav0000077_00720_v,1360x766,201,1.909,11.035,25.469,7.18,46.403,22.051,70.363,165
uav0000077_00720_v,1360x766,202,2.214,11.153,25.184,6.706,45.66,22.295,70.169,164
uav0000077_00720_v,1360x766,203,1.958,11.111,25.166,7.443,46.59,23.003,71.552,210
uav0000077_00720_v,1360x766,204,1.953,11.023,25.187,6.964,45.871,22.174,69.998,206
uav0000077_00720_v,1360x766,205,1.924,11.195,24.188,7.152,45.456,21.624,69.004,195
uav0000077_00720_v,1360x766,206,2.246,11.057,25.196,7.164,46.232,21.514,69.991,174
uav0000077_00720_v,1360x766,207,1.932,11.604,25.551,7.134,47.055,21.441,70.427,180
uav0000077_00720_v,1360x766,208,2.219,11.349,25.121,7.043,46.196,21.735,70.151,166
uav0000077_00720_v,1360x766,209,1.938,11.187,25.231,6.931,46.179,22.201,70.318,172
uav0000077_00720_v,1360x766,210,2.244,11.1,25.271,6.85,46.117,21.745,70.106,158
uav0000077_00720_v,1360x766,211,1.896,11.189,25.226,6.597,45.615,22.215,69.726,186
uav0000077_00720_v,1360x766,212,2.043,11.14,25.082,6.748,45.403,23.468,70.914,165
uav0000077_00720_v,1360x766,213,1.886,11.243,25.228,6.892,46.033,21.068,68.987,159
uav0000077_00720_v,1360x766,214,2.002,11.658,25.426,6.946,46.915,22.027,70.944,167
uav0000077_00720_v,1360x766,215,1.855,11.453,25.328,7.306,46.789,22.667,71.311,175
uav0000077_00720_v,1360x766,216,1.964,11.87,25.143,7.367,47.028,21.275,70.267,172
uav0000077_00720_v,1360x766,217,1.876,11.991,25.297,6.875,47.012,22.693,71.581,144
uav0000077_00720_v,1360x766,218,2.24,11.317,25.269,7.185,46.592,23.117,71.95,162
uav0000077_00720_v,1360x766,219,1.964,11.246,25.596,7.286,47.034,23.693,72.691,150
uav0000077_00720_v,1360x766,220,1.978,11.636,25.23,6.902,46.651,21.502,70.13,166
uav0000077_00720_v,1360x766,221,1.887,11.459,25.266,7.067,46.54,21.974,70.401,160
uav0000077_00720_v,1360x766,222,1.929,11.211,25.291,6.611,45.689,22.628,70.247,149
uav0000077_00720_v,1360x766,223,2.027,11.13,25.077,6.977,46.002,23.484,71.514,156
uav0000077_00720_v,1360x766,224,2.216,11.152,25.306,7.093,46.355,23.832,72.403,144
uav0000077_00720_v,1360x766,225,1.959,11.126,25.597,7.183,46.725,21.914,70.599,160
uav0000077_00720_v,1360x766,226,1.846,11.138,25.289,7.015,46.048,21.332,69.226,156
uav0000077_00720_v,1360x766,227,1.54,11.634,25.077,6.778,46.095,20.79,68.425,131
uav0000077_00720_v,1360x766,228,1.924,12.021,25.299,6.76,46.996,22.797,71.717,160
uav0000077_00720_v,1360x766,229,2.016,11.481,25.271,7.21,46.795,22.17,70.981,161
uav0000077_00720_v,1360x766,230,1.878,11.302,25.174,6.878,46.131,21.133,69.142,158
uav0000077_00720_v,1360x766,231,2.005,11.461,25.115,6.907,46.342,21.297,69.644,152
uav0000077_00720_v,1360x766,232,1.886,11.629,25.493,7.11,46.912,21.817,70.615,145
uav0000077_00720_v,1360x766,233,1.944,11.602,25.236,6.984,46.591,20.69,69.225,153
uav0000077_00720_v,1360x766,234,1.9,10.811,22.081,6.971,42.583,20.924,65.408,145
uav0000077_00720_v,1360x766,235,2.367,11.615,25.137,6.924,46.521,20.073,68.961,143
uav0000077_00720_v,1360x766,236,1.957,11.664,25.305,6.773,46.661,18.966,67.584,148
uav0000077_00720_v,1360x766,237,1.891,11.602,24.531,7.207,46.086,21.683,69.659,144
uav0000077_00720_v,1360x766,238,1.897,11.969,25.584,7.103,47.26,20.721,69.879,147
uav0000077_00720_v,1360x766,239,2.015,11.505,25.121,6.903,46.379,21.593,69.987,153
uav0000077_00720_v,1360x766,240,2.242,11.523,25.338,6.767,46.289,22.334,70.865,151
uav0000077_00720_v,1360x766,241,1.95,11.28,24.83,5.476,43.963,23.819,69.732,148
uav0000077_00720_v,1360x766,242,1.862,11.577,25.268,6.877,46.456,21.816,70.133,153
uav0000077_00720_v,1360x766,243,1.93,11.229,25.207,6.988,46.318,21.65,69.898,145
uav0000077_00720_v,1360x766,244,1.908,11.085,25.305,6.84,45.968,20.7,68.577,157
uav0000077_00720_v,1360x766,245,1.943,11.257,25.616,7.023,46.663,21.82,70.426,147
uav0000077_00720_v,1360x766,246,2.17,11.558,25.242,6.848,46.311,22.119,70.6,148
uav0000077_00720_v,1360x766,247,2.349,11.246,25.128,6.717,45.913,22.175,70.438,130
uav0000077_00720_v,1360x766,248,2.278,11.171,25.339,6.765,46.009,23.562,71.849,136
uav0000077_00720_v,1360x766,249,2.272,13.303,25.682,6.992,48.998,20.611,71.882,144
uav0000077_00720_v,1360x766,250,1.91,10.84,25.231,6.482,45.355,20.483,67.749,133
uav0000077_00720_v,1360x766,251,1.975,11.029,25.167,7.949,46.881,19.413,68.27,136
uav0000077_00720_v,1360x766,252,1.935,10.695,25.654,7.472,46.677,20.319,68.932,157
uav0000077_00720_v,1360x766,253,1.956,11.665,25.332,6.819,46.732,20.868,69.556,116
uav0000077_00720_v,1360x766,254,1.868,11.146,25.233,6.507,45.503,22.052,69.423,137
uav0000077_00720_v,1360x766,255,1.802,11.118,25.148,7.158,46.334,22.11,70.247,138
uav0000077_00720_v,1360x766,256,1.465,10.359,25.297,6.867,45.004,20.32,66.789,133
uav0000077_00720_v,1360x766,257,2.128,11.819,25.283,6.467,46.273,21.1,69.501,130
uav0000077_00720_v,1360x766,258,1.82,11.581,25.311,6.439,45.988,21.328,69.136,142
uav0000077_00720_v,1360x766,259,2.199,11.079,25.022,7.052,45.942,21.226,69.368,129
uav0000077_00720_v,1360x766,260,1.761,11.582,25.359,6.837,46.545,21.971,70.277,133
uav0000077_00720_v,1360x766,261,1.756,11.072,25.743,7.131,46.801,22.169,70.726,138
uav0000077_00720_v,1360x766,262,1.877,11.148,25.343,6.928,46.172,22.393,70.443,129
uav0000077_00720_v,1360x766,263,1.952,11.253,23.626,7.308,44.992,21.376,68.321,132
uav0000077_00720_v,1360x766,264,1.854,11.216,25.635,7.222,46.993,21.595,70.442,131
uav0000077_00720_v,1360x766,265,2.066,11.191,25.364,6.873,46.278,21.194,69.538,130
uav0000077_00720_v,1360x766,266,1.869,11.629,25.269,6.759,46.569,21.456,69.895,136
uav0000077_00720_v,1360x766,267,1.813,11.535,25.135,6.968,46.324,21.992,70.128,134
uav0000077_00720_v,1360x766,268,1.712,12.101,25.578,6.466,46.798,19.332,67.842,139
uav0000077_00720_v,1360x766,269,1.991,11.925,25.66,6.883,47.189,19.485,68.665,149
uav0000077_00720_v,1360x766,270,1.839,11.071,25.7,7.264,46.855,22.203,70.898,133
uav0000077_00720_v,1360x766,271,1.847,12.032,25.895,8.055,48.843,22.233,72.922,138
uav0000077_00720_v,1360x766,272,1.681,11.807,25.423,6.701,46.424,18.668,66.773,144
uav0000077_00720_v,1360x766,273,1.883,11.257,25.378,6.923,46.324,20.621,68.829,167
uav0000077_00720_v,1360x766,274,1.898,11.173,25.264,6.346,45.351,20.952,68.202,176
uav0000077_00720_v,1360x766,275,1.9,11.177,25.07,6.422,45.255,20.968,68.123,150
uav0000077_00720_v,1360x766,276,1.687,10.953,25.29,6.21,44.952,19.633,66.272,157
uav0000077_00720_v,1360x766,277,2.318,11.552,25.408,6.708,46.431,21.05,69.799,160
uav0000077_00720_v,1360x766,278,1.363,13.118,25.269,6.696,47.414,20.673,69.45,159
uav0000077_00720_v,1360x766,279,2.836,12.27,25.311,6.852,48.014,20.633,71.482,175
uav0000077_00720_v,1360x766,280,1.894,10.674,25.398,7.591,46.429,20.204,68.527,149
uav0000077_00720_v,1360x766,281,1.859,11.081,25.644,7.018,46.508,20.121,68.488,170
uav0000077_00720_v,1360x766,282,2.213,11.336,25.341,6.95,46.465,21.643,70.321,158
uav0000077_00720_v,1360x766,283,2.046,11.083,25.147,7.579,46.773,22.192,71.011,162
uav0000077_00720_v,1360x766,284,2.043,11.562,25.279,6.929,46.428,21.43,69.901,136
uav0000077_00720_v,1360x766,285,1.869,10.66,22.13,7.003,42.635,22.858,67.363,139
uav0000077_00720_v,1360x766,286,1.867,11.163,25.302,6.894,46.31,23.221,71.398,164
uav0000077_00720_v,1360x766,287,1.753,10.948,25.097,6.814,45.471,20.818,68.042,133
uav0000077_00720_v,1360x766,288,1.689,10.975,25.253,6.593,45.63,20.891,68.209,132
uav0000077_00720_v,1360x766,289,1.868,11.101,25.371,7.132,46.485,21.589,69.941,102
uav0000077_00720_v,1360x766,290,1.84,11.173,25.333,6.875,46.187,22.023,70.049,113
uav0000077_00720_v,1360x766,291,1.778,10.852,25.177,6.683,45.436,22.05,69.264,127
uav0000077_00720_v,1360x766,292,1.736,11.017,24.658,6.601,45.094,22.738,69.568,135
uav0000077_00720_v,1360x766,293,1.925,11.161,25.736,7.052,46.623,23.481,72.029,140
uav0000077_00720_v,1360x766,294,1.668,11.165,25.191,6.339,45.205,21.414,68.287,135
uav0000077_00720_v,1360x766,295,1.717,11.165,25.113,6.848,45.579,22.308,69.604,133
uav0000077_00720_v,1360x766,296,1.982,11.294,25.332,6.659,46.006,22.492,70.481,129
uav0000077_00720_v,1360x766,297,1.835,11.054,25.39,7.194,46.248,21.676,69.758,123
uav0000077_00720_v,1360x766,298,1.912,11.259,25.26,6.623,45.971,21.701,69.585,128
uav0000077_00720_v,1360x766,299,1.744,10.849,25.142,6.135,44.567,22.192,68.503,117
uav0000077_00720_v,1360x766,300,1.705,10.902,25.272,6.627,45.443,20.407,67.556,126
uav0000077_00720_v,1360x766,301,1.795,11.154,25.277,6.804,45.896,21.154,68.844,118
uav0000077_00720_v,1360x766,302,1.966,11.107,25.432,6.64,45.913,21.044,68.923,117
uav0000077_00720_v,1360x766,303,1.804,11.024,25.169,7.078,46.109,21.449,69.361,130
uav0000077_00720_v,1360x766,304,1.882,11.179,25.329,6.319,45.379,21.732,68.994,129
uav0000077_00720_v,1360x766,305,1.66,10.744,25.364,6.765,45.549,20.521,67.731,132
uav0000077_00720_v,1360x766,306,1.823,11.026,25.272,6.726,45.653,21.502,68.978,121
uav0000077_00720_v,1360x766,307,1.711,9.509,23.111,7.202,42.592,22.502,66.805,124
uav0000077_00720_v,1360x766,308,1.72,11.098,25.337,6.514,45.684,22.917,70.321,120
uav0000077_00720_v,1360x766,309,1.794,11.154,24.516,6.978,45.502,23.351,70.647,129
uav0000077_00720_v,1360x766,310,1.985,11.208,25.343,7.197,46.651,23.431,72.067,112
uav0000077_00720_v,1360x766,311,2.072,11.122,25.12,6.858,45.916,23.519,71.507,104
uav0000077_00720_v,1360x766,312,1.999,11.144,25.384,6.97,46.374,22.44,70.813,106
uav0000077_00720_v,1360x766,313,1.844,11.092,25.282,6.346,45.547,22.908,70.298,118
uav0000077_00720_v,1360x766,314,2.004,12.075,23.497,6.884,47.86,22.63,72.494,112
uav0000077_00720_v,1360x766,315,1.96,11.133,25.188,6.502,45.549,22.859,70.368,106
uav0000077_00720_v,1360x766,316,2.086,11.137,25.3,6.683,45.967,22.36,70.413,104
uav0000077_00720_v,1360x766,317,2.105,11.111,25.376,6.871,46.184,21.18,69.469,80
uav0000077_00720_v,1360x766,318,2.027,11.184,25.369,7.022,46.466,22.783,71.276,84
uav0000077_00720_v,1360x766,319,1.899,11.058,25.206,6.886,46.205,23.652,71.756,95
uav0000077_00720_v,1360x766,320,1.93,11.104,25.421,7.102,46.67,23.934,72.535,102
uav0000077_00720_v,1360x766,321,1.715,11.192,24.429,6.287,44.632,22.653,68.999,94
uav0000077_00720_v,1360x766,322,1.876,11.302,25.285,6.651,46.075,22.464,70.415,105
uav0000077_00720_v,1360x766,323,1.745,10.69,25.144,6.654,45.202,21.175,68.122,112
uav0000077_00720_v,1360x766,324,1.684,10.975,25.327,6.312,45.31,21.389,68.383,103
uav0000077_00720_v,1360x766,325,1.87,10.809,25.305,7.074,45.9,22.977,70.748,101
uav0000077_00720_v,1360x766,326,1.89,11.027,25.301,6.748,45.696,22.501,70.087,93
uav0000077_00720_v,1360x766,327,1.876,11.265,25.174,6.521,45.733,21.365,68.974,110
uav0000077_00720_v,1360x766,328,1.7,10.831,25.267,6.438,45.259,23.053,70.012,92
uav0000077_00720_v,1360x766,329,1.767,11.544,25.699,6.829,46.998,22.606,71.372,86
uav0000077_00720_v,1360x766,330,1.886,11.285,25.294,6.83,46.334,22.626,70.847,91
uav0000077_00720_v,1360x766,331,1.932,11.116,25.213,6.246,45.141,21.867,68.941,95
uav0000077_00720_v,1360x766,332,1.907,11.096,25.321,6.671,45.728,22.258,69.893,99
uav0000077_00720_v,1360x766,333,1.847,11.316,25.748,6.996,46.844,22.777,71.468,92
uav0000077_00720_v,1360x766,334,1.762,10.973,25.324,6.558,45.65,22.356,69.768,91
uav0000077_00720_v,1360x766,335,1.927,10.856,25.136,6.78,45.48,23.136,70.543,103
uav0000077_00720_v,1360x766,336,1.597,11.804,25.275,6.55,46.383,22.379,70.359,84
uav0000077_00720_v,1360x766,337,1.685,10.882,25.311,6.64,45.535,20.809,68.029,99
uav0000077_00720_v,1360x766,338,1.936,11.193,25.397,7.078,46.448,23.173,71.558,117
uav0000077_00720_v,1360x766,339,1.782,10.765,25.148,6.371,45.061,21.765,68.608,91
uav0000077_00720_v,1360x766,340,2.052,11.307,25.314,6.622,45.975,22.273,70.3,92
uav0000077_00720_v,1360x766,341,1.675,10.715,25.284,6.098,44.548,21.275,67.499,101
uav0000077_00720_v,1360x766,342,1.675,10.803,25.307,6.528,45.363,21.184,68.222,103
uav0000077_00720_v,1360x766,343,2.102,10.621,22.353,6.988,42.807,22.569,67.478,89
uav0000077_00720_v,1360x766,344,2.042,10.848,25.246,6.642,45.559,22.812,70.413,104
uav0000077_00720_v,1360x766,345,1.72,10.828,25.345,6.977,45.881,21.926,69.527,97
uav0000077_00720_v,1360x766,346,1.731,10.88,25.413,6.174,44.944,22.568,69.244,100
uav0000077_00720_v,1360x766,347,2.231,10.736,25.211,7.009,45.766,22.771,70.767,102
uav0000077_00720_v,1360x766,348,1.764,11.075,25.179,6.229,44.948,22.405,69.116,111
uav0000077_00720_v,1360x766,349,1.727,10.704,25.1,6.802,45.166,21.823,68.716,92
uav0000077_00720_v,1360x766,350,2.031,11.377,24.801,6.572,45.626,23.067,70.724,99
uav0000077_00720_v,1360x766,351,1.776,10.633,25.196,6.601,45.313,20.504,67.593,104
uav0000077_00720_v,1360x766,352,1.695,10.936,25.314,6.534,45.553,20.403,67.65,99
uav0000077_00720_v,1360x766,353,1.694,11.084,25.613,6.162,45.27,20.883,67.847,118
uav0000077_00720_v,1360x766,354,1.868,11.099,25.693,6.828,46.171,18.42,66.459,93
uav0000077_00720_v,1360x766,355,1.911,11.192,25.479,6.649,46.139,16.587,64.636,76
uav0000077_00720_v,1360x766,356,1.905,11.476,25.753,6.46,46.307,15.737,63.95,56
uav0000077_00720_v,1360x766,357,1.776,11.427,25.349,5.905,45.063,13.59,60.429,46
uav0000077_00720_v,1360x766,358,1.861,10.888,22.195,6.621,42.222,14.755,58.837,47
uav0000077_00720_v,1360x766,359,1.854,11.369,25.159,6.071,45.106,12.763,59.723,51
uav0000077_00720_v,1360x766,360,1.791,11.312,25.357,6.235,45.335,12.932,60.058,58
uav0000077_00720_v,1360x766,361,1.755,11.208,25.315,5.958,44.898,13.197,59.849,53
uav0000077_00720_v,1360x766,362,1.741,11.241,25.364,6.651,46.058,12.978,60.777,60
uav0000077_00720_v,1360x766,363,1.768,11.379,25.099,6.624,45.822,14.019,61.609,63
uav0000077_00720_v,1360x766,364,2.117,11.527,25.35,6.486,45.992,13.752,61.861,46
uav0000077_00720_v,1360x766,365,2.376,12.008,25.313,6.303,46.231,13.605,62.211,54
uav0000077_00720_v,1360x766,366,1.77,11.787,24.479,6.349,45.268,12.861,59.899,67
uav0000077_00720_v,1360x766,367,1.927,11.44,25.128,6.373,45.683,13.684,61.295,62
uav0000077_00720_v,1360x766,368,1.801,11.7,25.447,6.195,45.882,13.546,61.228,62
uav0000077_00720_v,1360x766,369,2.078,11.586,25.386,6.293,45.81,14.022,61.909,56
uav0000077_00720_v,1360x766,370,1.963,11.617,25.717,6.394,46.288,14.777,63.027,54
uav0000077_00720_v,1360x766,371,2.356,11.676,25.199,6.45,45.9,14.943,63.199,54
uav0000077_00720_v,1360x766,372,1.842,11.99,25.424,6.465,46.472,14.099,62.413,60
uav0000077_00720_v,1360x766,373,1.831,11.642,25.412,6.159,45.769,13.281,60.881,55
uav0000077_00720_v,1360x766,374,1.967,11.473,25.426,6.959,46.228,13.986,62.181,52
uav0000077_00720_v,1360x766,375,2.453,13.078,25.164,6.951,48.039,13.544,64.036,49
uav0000077_00720_v,1360x766,376,1.906,11.989,25.28,6.459,46.467,14.278,62.651,58
uav0000077_00720_v,1360x766,377,1.86,11.382,25.404,6.095,45.557,13.805,61.223,48
uav0000077_00720_v,1360x766,378,1.802,11.383,25.405,6.061,45.31,13.232,60.345,52
uav0000077_00720_v,1360x766,379,2.17,11.282,25.157,6.161,45.107,14.266,61.542,43
uav0000077_00720_v,1360x766,380,1.753,12.541,25.314,6.144,46.61,12.207,60.57,41
uav0000077_00720_v,1360x766,381,1.678,11.06,25.307,5.768,44.694,10.925,57.297,39
uav0000077_00720_v,1360x766,382,1.897,11.49,25.727,6.036,45.728,11.454,59.08,38
uav0000077_00720_v,1360x766,383,1.7,10.776,25.481,6.946,45.961,11.798,59.46,38
uav0000077_00720_v,1360x766,384,1.918,11.725,25.305,6.187,45.804,11.196,58.918,31
uav0000077_00720_v,1360x766,385,1.35,12.857,25.383,6.895,47.381,11.579,60.311,44
uav0000077_00720_v,1360x766,386,1.963,12.263,25.47,6.164,46.408,11.359,59.731,32
uav0000077_00720_v,1360x766,387,1.873,11.527,25.207,5.981,45.237,10.447,57.557,37
uav0000077_00720_v,1360x766,388,1.876,11.46,25.225,6.197,45.369,11.375,58.62,38
uav0000077_00720_v,1360x766,389,2.203,11.412,25.355,6.134,45.599,11.314,59.116,44
uav0000077_00720_v,1360x766,390,1.821,11.493,25.252,6.332,45.636,11.791,59.248,36
uav0000077_00720_v,1360x766,391,1.918,11.862,24.53,5.277,44.26,11.949,58.127,23
uav0000077_00720_v,1360x766,392,1.737,12.024,25.353,6.353,46.395,11.771,59.903,40
uav0000077_00720_v,1360x766,393,1.891,11.819,25.042,6.472,46.02,12.157,60.068,35
uav0000077_00720_v,1360x766,394,1.836,11.696,25.141,6.167,45.712,11.885,59.433,36
uav0000077_00720_v,1360x766,395,1.744,11.44,25.377,6.555,46.019,11.873,59.637,37
uav0000077_00720_v,1360x766,396,1.832,11.548,25.275,6.333,45.749,12.417,59.998,35
uav0000077_00720_v,1360x766,397,1.723,11.852,25.326,6.575,46.295,11.986,60.004,33
uav0000077_00720_v,1360x766,398,1.971,11.435,25.231,6.389,45.814,12.272,60.057,25
uav0000077_00720_v,1360x766,399,1.794,11.758,25.554,6.016,45.964,11.179,58.937,33
uav0000077_00720_v,1360x766,400,1.607,9.631,24.047,6.618,42.846,11.351,55.804,30
uav0000077_00720_v,1360x766,401,1.712,11.605,25.274,6.268,45.666,11.45,58.828,37
uav0000077_00720_v,1360x766,402,2.263,11.95,25.483,6.467,46.444,12.0,60.707,27
uav0000077_00720_v,1360x766,403,1.913,11.9,25.372,6.336,46.198,11.895,60.006,31
uav0000077_00720_v,1360x766,404,2.101,12.156,25.227,6.767,46.853,12.153,61.107,33
uav0000077_00720_v,1360x766,405,1.764,11.97,25.248,6.529,46.34,11.252,59.355,33
uav0000077_00720_v,1360x766,406,1.945,11.875,25.128,6.72,46.295,11.953,60.192,30
uav0000077_00720_v,1360x766,407,1.868,11.91,25.324,6.725,46.574,11.843,60.285,32
uav0000077_00720_v,1360x766,408,1.818,12.256,25.03,5.425,45.045,12.498,59.361,28
uav0000077_00720_v,1360x766,409,1.895,13.547,25.375,6.285,47.951,11.502,61.348,32
uav0000077_00720_v,1360x766,410,1.942,11.453,25.183,6.964,46.269,11.794,60.005,23
uav0000077_00720_v,1360x766,411,2.185,12.072,25.305,6.254,46.221,11.096,59.501,25
uav0000077_00720_v,1360x766,412,2.008,11.799,25.105,6.589,45.994,11.342,59.344,32
uav0000077_00720_v,1360x766,413,2.199,11.596,25.06,6.305,45.666,12.014,59.879,56
uav0000077_00720_v,1360x766,414,1.877,12.336,25.266,6.573,46.841,12.045,60.763,38
uav0000077_00720_v,1360x766,415,1.792,11.797,25.369,6.842,46.795,12.252,60.839,38
uav0000077_00720_v,1360x766,416,1.865,11.947,25.095,6.601,46.225,9.85,57.94,39
uav0000077_00720_v,1360x766,417,1.735,9.191,25.048,7.016,43.793,11.966,57.494,38
uav0000077_00720_v,1360x766,418,1.916,11.659,25.247,6.59,46.143,11.857,59.916,34
uav0000077_00720_v,1360x766,419,1.9,13.243,25.491,6.574,48.115,12.341,62.357,35
uav0000077_00720_v,1360x766,420,1.765,12.382,25.791,6.179,46.896,11.311,59.973,36
uav0000077_00720_v,1360x766,421,2.447,12.139,25.554,6.408,47.186,11.879,61.513,35
uav0000077_00720_v,1360x766,422,1.972,11.924,25.459,6.297,46.271,11.89,60.133,41
uav0000077_00720_v,1360x766,423,1.94,12.025,25.785,6.746,47.163,12.421,61.525,46
uav0000077_00720_v,1360x766,424,1.844,13.135,25.478,6.491,47.732,11.289,60.866,47
uav0000077_00720_v,1360x766,425,2.516,12.563,23.915,6.627,45.996,11.774,60.285,41
uav0000077_00720_v,1360x766,426,1.964,12.565,25.202,6.76,47.458,12.651,62.073,41
uav0000077_00720_v,1360x766,427,1.975,12.82,25.581,6.618,47.788,12.725,62.488,55
uav0000077_00720_v,1360x766,428,2.029,12.507,25.189,6.661,47.045,12.103,61.178,43
uav0000077_00720_v,1360x766,429,1.941,12.391,25.195,6.662,47.07,12.664,61.674,38
uav0000077_00720_v,1360x766,430,1.904,12.345,25.192,6.666,47.064,12.696,61.664,46
uav0000077_00720_v,1360x766,431,1.875,14.157,25.369,6.197,48.529,10.672,61.077,26
uav0000077_00720_v,1360x766,432,1.977,12.693,25.12,7.231,47.647,11.436,61.06,30
uav0000077_00720_v,1360x766,433,1.784,11.763,25.338,5.677,45.213,12.748,59.746,31
uav0000077_00720_v,1360x766,434,1.941,12.195,25.136,6.148,46.248,12.542,60.731,49
uav0000077_00720_v,1360x766,435,2.34,11.517,25.384,6.343,45.819,13.585,61.743,59
uav0000077_00720_v,1360x766,436,2.301,11.483,25.17,6.458,45.767,13.134,61.201,56
uav0000077_00720_v,1360x766,437,2.247,11.906,25.204,6.394,46.291,14.042,62.58,57
uav0000077_00720_v,1360x766,438,1.981,11.872,25.066,6.421,45.987,14.204,62.172,46
uav0000077_00720_v,1360x766,439,2.213,12.015,25.329,6.542,46.593,14.145,62.951,51
uav0000077_00720_v,1360x766,440,1.867,12.047,25.291,6.684,46.707,14.011,62.586,54
uav0000077_00720_v,1360x766,441,1.991,11.982,25.202,6.439,46.198,18.484,66.673,57
uav0000077_00720_v,1360x766,442,2.099,12.206,25.219,6.432,46.571,16.672,65.341,48
uav0000077_00720_v,1360x766,443,2.102,11.706,25.279,6.507,46.135,16.746,64.983,59
uav0000077_00720_v,1360x766,444,1.923,11.549,25.3,6.746,46.306,16.4,64.629,60
uav0000077_00720_v,1360x766,445,2.166,11.887,25.266,6.869,47.024,18.301,67.491,70
uav0000077_00720_v,1360x766,446,1.952,11.794,25.253,6.437,46.203,17.278,65.433,57
uav0000077_00720_v,1360x766,447,2.281,11.772,25.274,6.45,46.138,16.813,65.231,57
uav0000077_00720_v,1360x766,448,1.94,11.725,25.213,6.546,46.198,17.83,65.967,56
uav0000077_00720_v,1360x766,449,1.78,11.921,24.412,6.295,45.532,17.559,64.872,72
uav0000077_00720_v,1360x766,450,1.952,12.043,25.256,6.51,46.459,15.947,64.358,57
uav0000077_00720_v,1360x766,451,1.917,12.049,25.347,6.561,46.596,16.782,65.295,69
uav0000077_00720_v,1360x766,452,1.797,12.192,25.324,7.286,47.709,17.92,67.426,71
uav0000077_00720_v,1360x766,453,1.826,11.916,25.266,6.649,46.6,17.184,65.61,77
uav0000077_00720_v,1360x766,454,2.132,11.926,25.21,6.915,47.039,16.682,65.852,74
uav0000077_00720_v,1360x766,455,2.154,11.887,25.253,6.844,46.944,18.273,67.371,69
uav0000077_00720_v,1360x766,456,1.918,11.773,25.218,6.664,46.589,16.548,65.055,74
uav0000077_00720_v,1360x766,457,1.78,11.088,22.294,6.9,43.016,18.321,63.117,74
uav0000077_00720_v,1360x766,458,2.325,11.895,25.087,6.635,46.434,17.973,66.732,67
uav0000077_00720_v,1360x766,459,1.829,12.015,25.323,6.91,47.178,17.461,66.467,70
uav0000077_00720_v,1360x766,460,1.737,11.976,25.288,6.8,46.843,18.01,66.589,75
uav0000077_00720_v,1360x766,461,2.188,11.909,25.658,7.023,47.399,16.571,66.158,74
uav0000077_00720_v,1360x766,462,1.853,11.904,25.145,6.458,46.259,14.649,62.761,54
uav0000077_00720_v,1360x766,463,1.884,11.97,25.305,6.388,46.308,14.378,62.571,52
uav0000077_00720_v,1360x766,464,1.899,12.286,25.386,6.569,46.979,13.545,62.423,57
uav0000077_00720_v,1360x766,465,1.556,10.271,25.391,6.038,43.815,13.927,59.298,56
uav0000077_00720_v,1360x766,466,1.782,11.443,25.114,6.65,45.753,13.409,60.944,63
uav0000077_00720_v,1360x766,467,1.903,10.872,25.313,5.993,44.752,13.334,59.989,48
uav0000077_00720_v,1360x766,468,1.905,11.465,25.597,6.302,46.048,14.314,62.267,55
uav0000077_00720_v,1360x766,469,2.238,11.496,25.207,6.739,46.023,14.651,62.911,58
uav0000077_00720_v,1360x766,470,1.842,11.293,25.116,6.634,45.825,14.749,62.416,61
uav0000077_00720_v,1360x766,471,1.698,11.519,25.238,6.625,46.082,15.269,63.049,77
uav0000077_00720_v,1360x766,472,1.899,11.898,25.237,6.81,46.716,15.971,64.586,67
uav0000077_00720_v,1360x766,473,1.858,10.945,22.143,6.773,42.787,16.141,60.786,69
uav0000077_00720_v,1360x766,474,2.002,11.929,25.186,6.868,46.808,17.546,66.356,66
uav0000077_00720_v,1360x766,475,1.881,11.885,25.397,6.916,46.954,17.339,66.175,72
uav0000077_00720_v,1360x766,476,1.94,12.493,25.35,6.794,47.585,14.555,64.08,72
uav0000077_00720_v,1360x766,477,2.055,11.804,25.219,6.186,45.778,14.997,62.83,74
uav0000077_00720_v,1360x766,478,2.351,12.979,25.52,6.39,47.789,16.619,66.76,73
uav0000077_00720_v,1360x766,479,1.731,11.148,26.01,7.63,47.506,15.405,64.642,75
uav0000077_00720_v,1360x766,480,1.819,11.481,25.204,6.755,46.352,16.444,64.615,73
uav0000077_00720_v,1360x766,481,1.72,10.152,25.277,6.717,44.482,15.184,61.386,52
uav0000077_00720_v,1360x766,482,1.979,11.423,25.095,6.3,45.328,14.759,62.067,57
uav0000077_00720_v,1360x766,483,1.875,11.435,25.583,6.176,45.833,14.728,62.436,53
uav0000077_00720_v,1360x766,484,1.859,11.494,25.262,6.382,45.791,15.8,63.45,57
uav0000077_00720_v,1360x766,485,2.342,11.628,25.529,6.612,46.471,15.444,64.257,47
uav0000077_00720_v,1360x766,486,1.846,11.963,25.122,6.891,46.715,17.167,65.728,70
uav0000077_00720_v,1360x766,487,1.878,11.984,25.337,6.425,46.447,15.694,64.02,63
uav0000077_00720_v,1360x766,488,1.949,12.027,25.254,6.822,46.949,15.938,64.836,73
uav0000077_00720_v,1360x766,489,1.504,12.701,25.28,6.184,46.452,13.828,61.783,71
uav0000077_00720_v,1360x766,490,2.102,11.437,25.312,6.75,46.335,15.037,63.474,64
uav0000077_00720_v,1360x766,491,1.779,11.985,25.265,6.798,46.795,15.955,64.528,71
uav0000077_00720_v,1360x766,492,1.725,12.268,25.293,7.121,47.676,14.255,63.656,78
uav0000077_00720_v,1360x766,493,1.879,12.32,25.584,7.123,47.886,14.566,64.33,61
uav0000077_00720_v,1360x766,494,1.83,11.69,25.157,6.53,46.275,15.766,63.87,70
uav0000077_00720_v,1360x766,495,1.843,12.213,25.272,6.781,47.081,15.359,64.283,54
uav0000077_00720_v,1360x766,496,2.2,11.932,25.328,6.626,46.662,16.05,64.912,49
uav0000077_00720_v,1360x766,497,1.498,12.782,25.258,6.667,47.451,15.228,64.177,63
uav0000077_00720_v,1360x766,498,2.366,12.263,25.123,6.716,46.793,15.137,64.296,60
uav0000077_00720_v,1360x766,499,1.986,12.033,25.606,6.874,47.305,16.027,65.319,72
uav0000077_00720_v,1360x766,500,1.827,13.737,25.485,6.582,48.611,13.953,64.391,71
uav0000077_00720_v,1360x766,501,1.824,11.962,25.301,7.263,47.358,15.14,64.322,68
uav0000077_00720_v,1360x766,502,1.83,11.633,25.113,6.656,46.205,14.266,62.301,71
uav0000077_00720_v,1360x766,503,2.023,11.863,25.359,6.808,46.868,15.889,64.78,66
uav0000077_00720_v,1360x766,504,1.739,11.934,25.174,6.383,46.307,14.326,62.372,54
uav0000077_00720_v,1360x766,505,1.979,12.623,25.101,6.702,47.237,16.258,65.474,58
uav0000077_00720_v,1360x766,506,1.985,12.449,25.136,6.815,47.207,15.713,64.905,67
uav0000077_00720_v,1360x766,507,1.847,11.678,25.211,6.131,45.708,14.198,61.753,59
uav0000077_00720_v,1360x766,508,2.246,11.883,25.161,6.53,46.268,16.598,65.112,84
uav0000077_00720_v,1360x766,509,1.877,11.926,25.21,6.828,46.74,16.653,65.269,68
uav0000077_00720_v,1360x766,510,1.864,11.895,25.251,6.937,47.094,15.941,64.899,73
uav0000077_00720_v,1360x766,511,2.209,11.919,25.286,6.674,46.584,15.713,64.507,58
uav0000077_00720_v,1360x766,512,1.95,11.992,25.491,6.078,46.268,17.53,65.748,57
uav0000077_00720_v,1360x766,513,1.957,12.559,25.316,6.656,47.343,15.267,64.568,50
uav0000077_00720_v,1360x766,514,1.925,12.465,25.227,6.677,47.198,14.272,63.395,70
uav0000077_00720_v,1360x766,515,1.955,12.367,25.406,6.721,47.267,14.949,64.171,52
uav0000077_00720_v,1360x766,516,1.976,12.551,25.329,6.747,47.494,15.309,64.779,64
uav0000077_00720_v,1360x766,517,2.323,12.02,25.602,6.568,46.972,16.084,65.379,64
uav0000077_00720_v,1360x766,518,2.037,12.017,25.118,7.037,47.05,16.071,65.158,82
uav0000077_00720_v,1360x766,519,2.206,11.831,25.257,7.02,47.059,15.291,64.556,70
uav0000077_00720_v,1360x766,520,1.908,12.523,24.274,6.513,46.339,15.776,64.023,87
uav0000077_00720_v,1360x766,521,1.949,12.587,25.262,6.696,47.415,15.348,64.712,65
uav0000077_00720_v,1360x766,522,2.037,12.43,25.143,6.901,47.424,16.431,65.892,80
uav0000077_00720_v,1360x766,523,1.956,12.47,25.319,7.099,47.801,15.921,65.678,75
uav0000077_00720_v,1360x766,524,2.088,12.432,25.239,7.028,47.496,17.783,67.367,85
uav0000077_00720_v,1360x766,525,1.82,12.568,25.742,6.923,48.088,17.108,67.016,76
uav0000077_00720_v,1360x766,526,1.944,11.798,25.181,7.287,47.084,18.357,67.384,73
uav0000077_00720_v,1360x766,527,1.75,11.975,25.243,7.146,47.075,17.758,66.583,79
uav0000077_00720_v,1360x766,528,1.865,10.446,23.022,6.798,42.874,17.622,62.361,63
uav0000077_00720_v,1360x766,529,2.27,11.954,25.242,6.793,47.005,18.521,67.797,61
uav0000077_00720_v,1360x766,530,2.245,12.269,25.453,6.902,47.568,18.275,68.088,76
uav0000077_00720_v,1360x766,531,2.13,11.924,25.222,6.908,47.023,18.298,67.452,66
uav0000077_00720_v,1360x766,532,2.153,11.918,25.232,6.73,46.837,19.037,68.027,69
uav0000077_00720_v,1360x766,533,1.86,11.82,25.261,6.841,46.887,17.896,66.643,71
uav0000077_00720_v,1360x766,534,1.945,11.827,25.096,6.727,46.392,18.183,66.52,66
uav0000077_00720_v,1360x766,535,1.8,13.579,26.03,6.075,48.215,16.252,66.267,72
uav0000077_00720_v,1360x766,536,1.916,12.365,25.239,7.117,47.679,19.331,68.926,70
uav0000077_00720_v,1360x766,537,1.845,11.713,25.243,6.769,46.63,17.215,65.69,80
uav0000077_00720_v,1360x766,538,1.965,11.858,25.114,6.577,46.217,18.302,66.484,78
uav0000077_00720_v,1360x766,539,1.743,12.037,25.321,7.011,47.35,18.522,67.616,77
uav0000077_00720_v,1360x766,540,1.77,11.907,25.231,6.836,46.867,19.391,68.029,82
uav0000077_00720_v,1360x766,541,1.79,11.94,25.304,7.01,47.234,20.676,69.701,75
uav0000077_00720_v,1360x766,542,2.075,11.472,25.102,6.415,45.664,17.628,65.367,68
uav0000077_00720_v,1360x766,543,2.309,11.525,22.158,6.919,43.53,18.557,64.397,76
uav0000077_00720_v,1360x766,544,2.115,11.568,25.281,6.599,46.21,16.879,65.203,91
uav0000077_00720_v,1360x766,545,2.019,11.527,25.251,6.817,46.463,17.531,66.013,73
uav0000077_00720_v,1360x766,546,1.872,12.222,25.46,6.966,47.533,18.191,67.596,87
uav0000077_00720_v,1360x766,547,2.105,11.953,25.411,6.8,46.921,19.145,68.171,88
uav0000077_00720_v,1360x766,548,1.843,11.997,25.299,6.705,46.743,18.077,66.663,62
uav0000077_00720_v,1360x766,549,1.91,11.881,25.242,6.384,46.163,16.366,64.439,59
uav0000077_00720_v,1360x766,550,2.132,11.979,25.132,6.891,46.635,18.464,67.231,62
uav0000077_00720_v,1360x766,551,1.928,12.392,25.328,6.355,46.796,16.705,65.428,46
uav0000077_00720_v,1360x766,552,2.263,11.837,25.572,6.868,47.148,17.505,66.916,74
uav0000077_00720_v,1360x766,553,1.861,11.847,25.324,6.845,46.868,18.424,67.154,69
uav0000077_00720_v,1360x766,554,1.948,11.624,25.193,6.193,45.611,15.244,62.803,56
uav0000077_00720_v,1360x766,555,2.347,11.676,25.617,6.353,46.233,15.464,64.044,60
uav0000077_00720_v,1360x766,556,1.953,11.493,25.448,6.833,46.617,15.876,64.446,60
uav0000077_00720_v,1360x766,557,1.798,11.762,25.247,6.571,46.395,16.813,65.006,53
uav0000077_00720_v,1360x766,558,1.959,11.874,25.129,5.994,45.635,18.292,65.886,56
uav0000077_00720_v,1360x766,559,1.713,12.804,25.336,6.546,47.626,16.339,65.678,59
uav0000077_00720_v,1360x766,560,1.83,11.815,25.561,6.327,46.263,15.276,63.37,69
uav0000077_00720_v,1360x766,561,2.045,11.951,25.25,6.365,46.263,15.407,63.714,55
uav0000077_00720_v,1360x766,562,1.977,11.997,25.167,6.416,46.246,16.23,64.452,51
uav0000077_00720_v,1360x766,563,1.973,11.554,25.638,6.511,46.299,17.147,65.419,46
uav0000077_00720_v,1360x766,564,1.738,11.668,25.303,6.763,46.433,17.222,65.393,41
uav0000077_00720_v,1360x766,565,2.337,11.885,25.598,6.346,46.482,17.59,66.41,40
uav0000077_00720_v,1360x766,566,1.857,11.489,23.697,6.391,44.197,17.262,63.316,43
uav0000077_00720_v,1360x766,567,1.706,11.271,25.235,6.011,45.037,15.456,62.199,42
uav0000077_00720_v,1360x766,568,1.848,11.13,25.247,6.166,45.122,16.094,63.064,45
uav0000077_00720_v,1360x766,569,2.197,11.434,25.218,6.241,45.569,16.78,64.547,49
uav0000077_00720_v,1360x766,570,1.877,11.443,25.131,6.099,45.409,16.661,63.948,49
uav0000077_00720_v,1360x766,571,1.773,11.39,25.364,6.173,45.55,16.404,63.727,51
uav0000077_00720_v,1360x766,572,1.76,11.487,25.237,6.21,45.599,15.951,63.309,53
uav0000077_00720_v,1360x766,573,1.877,11.465,25.331,6.18,45.685,15.999,63.56,59
uav0000077_00720_v,1360x766,574,1.834,11.483,23.905,6.138,44.073,15.421,61.328,47
uav0000077_00720_v,1360x766,575,1.982,11.505,25.386,6.176,45.626,16.392,64.0,45
uav0000077_00720_v,1360x766,576,1.906,11.508,25.323,6.219,45.546,14.848,62.299,44
uav0000077_00720_v,1360x766,577,1.705,11.328,25.315,5.984,45.103,14.934,61.742,46
uav0000077_00720_v,1360x766,578,2.035,11.65,25.433,6.262,45.927,15.462,63.424,45
uav0000077_00720_v,1360x766,579,2.255,11.311,25.385,6.237,45.513,15.356,63.124,48
uav0000077_00720_v,1360x766,580,1.823,11.461,25.406,6.143,45.727,14.865,62.415,45
uav0000077_00720_v,1360x766,581,1.946,11.55,25.247,6.209,45.572,14.724,62.242,44
uav0000077_00720_v,1360x766,582,1.923,11.444,24.427,5.169,43.524,15.371,60.818,41
uav0000077_00720_v,1360x766,583,1.926,12.112,25.373,6.497,46.656,15.831,64.414,44
uav0000077_00720_v,1360x766,584,1.848,11.584,25.261,6.012,45.325,14.224,61.398,42
uav0000077_00720_v,1360x766,585,1.892,11.407,25.333,6.595,45.897,14.504,62.293,47
uav0000077_00720_v,1360x766,586,1.929,11.553,25.184,6.249,45.622,14.602,62.153,45
uav0000077_00720_v,1360x766,587,1.662,11.286,25.392,6.454,45.719,14.13,61.511,38
uav0000077_00720_v,1360x766,588,1.748,11.28,25.446,6.128,45.289,13.397,60.434,46
uav0000077_00720_v,1360x766,589,1.844,11.242,25.29,6.132,45.182,14.268,61.294,40
uav0000077_00720_v,1360x766,590,1.988,11.38,25.146,6.146,45.028,13.723,60.74,42
uav0000077_00720_v,1360x766,591,1.79,12.316,25.49,6.338,46.926,14.568,63.284,40
uav0000077_00720_v,1360x766,592,1.915,11.412,25.33,6.387,45.574,13.217,60.707,33
uav0000077_00720_v,1360x766,593,1.895,10.937,25.386,6.356,45.305,13.675,60.875,41
uav0000077_00720_v,1360x766,594,2.037,11.35,25.175,5.981,44.977,13.584,60.597,40
uav0000077_00720_v,1360x766,595,1.949,11.592,25.377,6.155,45.638,14.282,61.869,43
uav0000077_00720_v,1360x766,596,2.086,11.474,25.308,6.143,45.561,14.593,62.241,39
uav0000077_00720_v,1360x766,597,2.164,11.505,25.262,6.164,45.42,14.427,62.011,44
uav0000077_00720_v,1360x766,598,2.113,11.494,25.173,6.099,45.369,15.361,62.842,40
uav0000077_00720_v,1360x766,599,1.358,11.831,25.303,6.327,45.751,15.577,62.685,33
uav0000077_00720_v,1360x766,600,2.148,11.725,25.248,6.395,45.906,15.437,63.49,42
uav0000077_00720_v,1360x766,601,2.318,12.112,25.215,6.416,46.361,15.697,64.376,46
uav0000077_00720_v,1360x766,602,1.904,11.9,25.106,6.4,46.036,15.18,63.12,45
uav0000077_00720_v,1360x766,603,1.943,11.948,25.337,6.453,46.36,15.283,63.585,42
uav0000077_00720_v,1360x766,604,1.959,11.967,25.269,6.413,46.262,15.138,63.359,47
uav0000077_00720_v,1360x766,605,1.941,11.906,25.275,6.399,46.312,15.235,63.488,39
uav0000077_00720_v,1360x766,606,1.9,12.123,25.469,6.346,46.631,15.847,64.378,33
uav0000077_00720_v,1360x766,607,1.766,11.874,25.301,6.445,46.316,14.395,62.477,38
uav0000077_00720_v,1360x766,608,1.778,11.974,25.333,6.835,46.758,14.21,62.746,45
uav0000077_00720_v,1360x766,609,1.958,12.248,25.565,6.365,46.839,14.257,63.054,49
uav0000077_00720_v,1360x766,610,1.985,12.261,25.474,6.514,46.897,13.78,62.661,51
uav0000077_00720_v,1360x766,611,1.754,11.787,25.285,6.287,45.987,14.271,62.012,55
uav0000077_00720_v,1360x766,612,1.826,12.081,25.424,6.495,46.599,14.646,63.072,59
uav0000077_00720_v,1360x766,613,2.051,12.01,25.639,6.488,46.755,14.712,63.518,51
uav0000077_00720_v,1360x766,614,1.907,11.825,25.149,6.453,46.139,13.548,61.595,44
uav0000077_00720_v,1360x766,615,1.44,12.075,25.607,6.631,46.678,13.853,61.971,50
uav0000077_00720_v,1360x766,616,2.256,11.935,25.378,6.773,46.844,14.396,63.496,58
uav0000077_00720_v,1360x766,617,1.836,12.917,25.451,6.311,48.171,12.017,62.024,36
uav0000077_00720_v,1360x766,618,1.943,11.618,25.227,6.197,45.549,12.21,59.702,38
uav0000077_00720_v,1360x766,619,1.86,11.926,25.287,6.442,46.195,13.294,61.35,45
uav0000077_00720_v,1360x766,620,1.792,11.979,25.242,6.838,46.682,13.282,61.756,42
uav0000077_00720_v,1360x766,621,1.963,11.972,25.566,6.524,46.633,12.882,61.479,37
uav0000077_00720_v,1360x766,622,1.941,11.929,25.155,6.37,46.074,13.044,61.059,52
uav0000077_00720_v,1360x766,623,1.726,10.399,22.477,6.96,42.48,14.456,58.662,53
uav0000077_00720_v,1360x766,624,1.977,11.992,25.292,6.555,46.668,13.838,62.483,51
uav0000077_00720_v,1360x766,625,2.389,12.284,25.333,6.619,46.892,13.354,62.635,46
uav0000077_00720_v,1360x766,626,1.926,12.369,25.189,6.739,46.992,13.757,62.675,48
uav0000077_00720_v,1360x766,627,1.938,12.516,25.271,6.892,47.435,14.119,63.492,42
uav0000077_00720_v,1360x766,628,2.333,12.658,25.228,6.901,47.604,13.298,63.235,39
uav0000077_00720_v,1360x766,629,2.018,12.516,25.35,6.812,47.312,12.763,62.094,32
uav0000077_00720_v,1360x766,630,1.892,12.499,25.198,6.603,47.045,12.309,61.247,37
uav0000077_00720_v,1360x766,631,1.786,12.208,23.577,6.442,44.982,11.497,58.264,40
uav0000077_00720_v,1360x766,632,2.219,12.049,25.334,6.26,46.314,12.082,60.615,40
uav0000077_00720_v,1360x766,633,2.325,11.958,25.317,6.501,46.501,12.402,61.227,38
uav0000077_00720_v,1360x766,634,2.091,11.956,25.259,6.471,46.325,11.862,60.278,41
uav0000077_00720_v,1360x766,635,2.027,12.117,25.359,6.444,46.513,11.887,60.427,59
uav0000077_00720_v,1360x766,636,1.942,12.119,25.265,6.553,46.589,12.081,60.611,45
uav0000077_00720_v,1360x766,637,2.001,12.205,25.269,6.829,47.024,11.917,60.942,38
uav0000077_00720_v,1360x766,638,2.175,12.363,25.195,6.688,47.081,11.182,60.438,29
uav0000077_00720_v,1360x766,639,1.954,12.275,25.417,6.001,46.349,11.544,59.847,28
uav0000077_00720_v,1360x766,640,1.924,13.005,25.312,6.336,47.92,10.202,60.046,24
uav0000077_00720_v,1360x766,641,2.126,12.172,25.63,6.402,46.923,9.918,58.967,30
uav0000077_00720_v,1360x766,642,1.887,11.994,25.244,6.805,46.815,10.448,59.15,26
uav0000077_00720_v,1360x766,643,1.901,11.965,25.087,6.357,46.041,10.278,58.22,30
uav0000077_00720_v,1360x766,644,1.794,11.922,25.093,6.378,46.16,10.765,58.719,31
uav0000077_00720_v,1360x766,645,1.922,12.016,25.41,6.62,46.738,11.544,60.204,40
uav0000077_00720_v,1360x766,646,1.921,12.517,25.286,6.622,47.031,12.488,61.44,38
uav0000077_00720_v,1360x766,647,1.869,13.253,25.498,6.26,47.85,10.162,59.881,39
uav0000077_00720_v,1360x766,648,2.036,10.741,22.205,6.347,41.885,10.35,54.271,32
uav0000077_00720_v,1360x766,649,2.258,11.966,25.342,6.259,46.249,10.406,58.913,34
uav0000077_00720_v,1360x766,650,2.001,11.913,25.252,6.342,46.185,10.935,59.121,30
uav0000077_00720_v,1360x766,651,1.902,12.2,25.288,6.692,46.83,11.846,60.578,33
uav0000077_00720_v,1360x766,652,2.313,12.489,25.333,6.889,47.493,12.402,62.207,40
uav0000077_00720_v,1360x766,653,1.792,12.315,25.307,6.442,46.756,10.766,59.314,34
uav0000077_00720_v,1360x766,654,2.246,11.949,25.303,6.735,46.785,11.173,60.204,31
uav0000077_00720_v,1360x766,655,2.29,12.307,25.508,6.702,47.311,11.739,61.34,21
uav0000077_00720_v,1360x766,656,1.918,12.22,25.145,5.741,45.408,11.201,58.527,29
uav0000077_00720_v,1360x766,657,1.759,11.975,25.28,6.441,46.427,12.461,60.647,38
uav0000077_00720_v,1360x766,658,2.0,12.113,25.361,6.454,46.583,11.821,60.404,27
uav0000077_00720_v,1360x766,659,1.952,12.055,25.193,6.718,46.604,12.03,60.587,29
uav0000077_00720_v,1360x766,660,1.85,12.094,25.161,6.116,45.89,10.604,58.344,30
uav0000077_00720_v,1360x766,661,1.892,11.853,25.381,6.492,46.41,11.539,59.841,32
uav0000077_00720_v,1360x766,662,1.822,11.784,25.238,6.341,46.092,11.573,59.487,30
uav0000077_00720_v,1360x766,663,1.752,11.939,25.286,6.093,45.813,11.148,58.713,35
uav0000077_00720_v,1360x766,664,1.95,11.672,25.1,6.234,45.498,11.234,58.682,28
uav0000077_00720_v,1360x766,665,1.853,11.417,22.17,6.334,42.454,10.547,54.854,23
uav0000077_00720_v,1360x766,666,1.759,11.971,25.25,6.018,45.935,11.107,58.801,30
uav0000077_00720_v,1360x766,667,1.876,11.994,25.289,6.197,46.09,10.561,58.527,28
uav0000077_00720_v,1360x766,668,1.863,12.141,25.124,6.299,46.103,11.181,59.147,26
uav0000077_00720_v,1360x766,669,1.994,12.416,25.328,6.57,47.061,11.855,60.91,25
uav0000077_00720_v,1360x766,670,2.227,12.354,25.246,6.891,47.273,12.554,62.054,26
uav0000077_00720_v,1360x766,671,1.829,12.404,25.571,6.77,47.605,12.261,61.695,30
uav0000077_00720_v,1360x766,672,1.88,12.056,25.279,6.377,46.414,11.927,60.222,29
uav0000077_00720_v,1360x766,673,1.892,11.907,25.707,5.677,45.821,11.305,59.018,31
uav0000077_00720_v,1360x766,674,1.982,12.587,25.301,6.527,47.178,11.393,60.552,24
uav0000077_00720_v,1360x766,675,1.909,12.406,25.266,6.569,47.0,12.321,61.23,36
uav0000077_00720_v,1360x766,676,1.951,12.437,25.151,6.502,46.918,12.773,61.642,30
uav0000077_00720_v,1360x766,677,1.951,12.488,25.316,6.609,47.194,12.129,61.275,32
uav0000077_00720_v,1360x766,678,2.142,12.496,25.286,6.487,47.083,12.322,61.547,40
uav0000077_00720_v,1360x766,679,1.836,12.486,25.285,6.63,47.264,12.041,61.14,34
uav0000077_00720_v,1360x766,680,2.044,12.744,25.204,6.619,47.312,11.64,60.996,27
uav0000077_00720_v,1360x766,681,1.822,12.328,25.528,6.266,46.785,10.654,59.262,28
uav0000077_00720_v,1360x766,682,1.712,11.064,25.281,6.364,45.272,11.187,58.171,25
uav0000077_00720_v,1360x766,683,1.648,11.129,25.606,6.805,45.989,10.862,58.499,20
uav0000077_00720_v,1360x766,684,1.966,12.002,25.151,6.63,46.465,11.792,60.223,21
uav0000077_00720_v,1360x766,685,2.341,12.413,25.488,6.669,47.297,11.814,61.451,23
uav0000077_00720_v,1360x766,686,1.744,12.195,25.237,6.18,46.354,11.093,59.191,23
uav0000077_00720_v,1360x766,687,1.873,12.03,25.333,6.61,46.68,12.004,60.557,20
uav0000077_00720_v,1360x766,688,1.964,12.456,25.189,6.574,47.076,11.839,60.879,23
uav0000077_00720_v,1360x766,689,1.995,12.497,25.352,6.592,47.137,12.21,61.342,27
uav0000077_00720_v,1360x766,690,1.962,12.571,23.929,6.595,45.762,11.737,59.46,30
uav0000077_00720_v,1360x766,691,1.931,12.443,25.623,7.034,47.913,12.492,62.336,29
uav0000077_00720_v,1360x766,692,1.96,12.883,25.546,6.646,47.96,12.529,62.449,41
uav0000077_00720_v,1360x766,693,1.778,12.372,25.245,6.681,46.987,12.98,61.744,30
uav0000077_00720_v,1360x766,694,1.894,12.005,25.252,6.657,46.793,14.421,63.108,26
uav0000077_00720_v,1360x766,695,1.864,12.369,25.213,6.591,46.956,13.942,62.762,28
uav0000077_00720_v,1360x766,696,1.991,12.308,25.113,6.818,47.031,13.348,62.37,31
uav0000077_00720_v,1360x766,697,2.031,12.474,25.322,6.661,47.129,13.758,62.918,28
uav0000077_00720_v,1360x766,698,1.87,12.393,24.936,5.524,45.531,13.126,60.527,29
uav0000077_00720_v,1360x766,699,1.915,12.583,25.298,6.711,47.395,13.887,63.198,26
uav0000077_00720_v,1360x766,700,1.936,12.366,25.289,6.686,47.156,14.452,63.544,26
uav0000077_00720_v,1360x766,701,1.858,12.464,25.258,6.629,46.994,14.917,63.769,26
uav0000077_00720_v,1360x766,702,1.898,12.42,25.222,6.514,46.86,14.115,62.873,31
uav0000077_00720_v,1360x766,703,2.042,12.5,25.251,6.58,47.109,13.435,62.585,25
uav0000077_00720_v,1360x766,704,2.006,12.474,25.151,6.548,46.852,13.735,62.593,22
uav0000077_00720_v,1360x766,705,1.9,12.436,25.243,6.56,46.913,13.638,62.451,30
uav0000077_00720_v,1360x766,706,1.812,11.998,25.445,5.794,45.899,14.785,62.497,32
uav0000077_00720_v,1360x766,707,1.812,12.288,25.329,6.512,46.831,12.98,61.624,34
uav0000077_00720_v,1360x766,708,2.177,11.679,25.406,6.256,45.901,13.114,61.192,30
uav0000077_00720_v,1360x766,709,1.853,11.867,25.384,6.539,46.42,13.927,62.2,29
uav0000077_00720_v,1360x766,710,1.837,11.896,25.255,6.127,45.71,12.302,59.85,24
uav0000077_00720_v,1360x766,711,1.927,11.961,25.267,6.424,46.229,13.163,61.319,24
uav0000077_00720_v,1360x766,712,1.914,11.927,25.269,6.183,46.034,12.89,60.839,21
uav0000077_00720_v,1360x766,713,1.872,11.635,25.159,6.291,45.846,13.513,61.231,25
uav0000077_00720_v,1360x766,714,2.5,13.046,25.353,6.226,47.392,14.095,63.987,27
uav0000077_00720_v,1360x766,715,1.483,13.326,25.391,6.534,47.714,13.426,62.623,31
uav0000077_00720_v,1360x766,716,1.897,12.063,25.465,6.306,46.511,13.908,62.316,27
uav0000077_00720_v,1360x766,717,1.925,12.018,25.295,6.755,46.792,14.016,62.733,30
uav0000077_00720_v,1360x766,718,2.898,11.821,25.349,6.516,46.504,13.664,63.066,38
uav0000077_00720_v,1360x766,719,1.867,11.89,25.481,6.468,46.446,12.633,60.946,43
uav0000077_00720_v,1360x766,720,1.893,12.212,25.295,6.735,46.97,13.333,62.196,34
uav0000077_00720_v,1360x766,721,1.801,12.402,25.327,6.909,47.241,12.509,61.552,40
uav0000077_00720_v,1360x766,722,1.894,12.404,25.338,6.678,47.133,10.282,59.309,21
uav0000077_00720_v,1360x766,723,1.874,8.46,24.767,7.332,43.421,10.251,55.546,17
uav0000077_00720_v,1360x766,724,1.865,11.928,25.668,6.419,46.644,10.668,59.177,16
uav0000077_00720_v,1360x766,725,1.788,11.937,25.433,6.31,46.241,10.494,58.523,14
uav0000077_00720_v,1360x766,726,2.114,12.527,25.186,7.604,47.993,11.528,61.635,15
uav0000077_00720_v,1360x766,727,1.837,12.691,25.603,6.513,48.043,10.987,60.867,15
uav0000077_00720_v,1360x766,728,2.072,12.375,25.375,6.665,47.135,11.321,60.528,16
uav0000077_00720_v,1360x766,729,1.899,12.084,25.241,6.606,46.557,10.026,58.481,17
uav0000077_00720_v,1360x766,730,1.886,13.327,25.74,6.632,49.032,12.031,62.95,19
uav0000077_00720_v,1360x766,731,1.884,12.353,24.528,7.426,47.0,11.658,60.542,17
uav0000077_00720_v,1360x766,732,1.788,12.415,25.294,6.612,46.983,11.362,60.134,15
uav0000077_00720_v,1360x766,733,1.907,12.719,25.612,6.654,47.791,11.271,60.97,13
uav0000077_00720_v,1360x766,734,2.097,12.427,25.248,6.638,46.992,11.705,60.794,17
uav0000077_00720_v,1360x766,735,2.233,12.256,26.083,6.882,47.962,9.815,60.011,17
uav0000077_00720_v,1360x766,736,1.741,12.283,25.455,6.208,46.604,9.691,58.036,20
uav0000077_00720_v,1360x766,737,1.897,11.635,25.461,6.416,46.178,9.894,57.969,16
uav0000077_00720_v,1360x766,738,1.843,12.758,25.447,6.095,46.818,9.848,58.509,17
uav0000077_00720_v,1360x766,739,1.883,12.716,25.757,6.35,47.556,10.063,59.503,12
uav0000077_00720_v,1360x766,740,1.623,13.422,25.465,6.807,48.494,10.798,60.914,17
uav0000077_00720_v,1360x766,741,2.014,12.652,25.442,6.525,47.3,10.768,60.082,16
uav0000077_00720_v,1360x766,742,1.936,13.076,25.988,6.586,48.358,10.395,60.689,18
uav0000077_00720_v,1360x766,743,1.91,13.028,25.316,7.447,48.524,11.307,61.741,12
uav0000077_00720_v,1360x766,744,1.917,13.545,25.428,6.886,49.325,11.098,62.34,12
uav0000077_00720_v,1360x766,745,1.983,13.026,25.598,6.986,48.362,10.949,61.293,16
uav0000077_00720_v,1360x766,746,1.914,12.998,25.536,6.944,48.428,10.486,60.828,16
uav0000077_00720_v,1360x766,747,1.858,13.054,25.483,6.92,48.314,10.336,60.508,16
uav0000077_00720_v,1360x766,748,1.907,13.119,23.543,7.059,46.465,10.196,58.568,18
uav0000077_00720_v,1360x766,749,1.872,13.127,25.484,6.886,48.461,10.065,60.398,21
uav0000077_00720_v,1360x766,750,1.88,13.28,25.826,6.896,48.96,10.068,60.908,18
uav0000077_00720_v,1360x766,751,1.973,12.965,25.63,6.885,48.311,10.202,60.486,17
uav0000077_00720_v,1360x766,752,1.907,13.037,25.301,7.628,48.668,10.046,60.621,14
uav0000077_00720_v,1360x766,753,1.952,11.907,25.449,6.626,46.68,9.82,58.452,15
uav0000077_00720_v,1360x766,754,1.946,12.161,25.229,6.435,46.496,9.522,57.964,18
uav0000077_00720_v,1360x766,755,2.156,12.189,25.324,6.555,46.74,9.371,58.267,17
uav0000077_00720_v,1360x766,756,1.832,12.941,25.532,7.16,48.472,9.199,59.503,12
uav0000077_00720_v,1360x766,757,2.005,14.244,25.451,6.717,49.323,10.308,61.637,11
uav0000077_00720_v,1360x766,758,1.92,13.633,25.484,6.769,48.582,9.111,59.613,9
uav0000077_00720_v,1360x766,759,1.908,12.926,25.589,6.69,47.828,8.633,58.369,11
uav0000077_00720_v,1360x766,760,1.928,12.521,25.262,6.407,46.929,8.446,57.302,12
uav0000077_00720_v,1360x766,761,1.896,12.067,25.387,6.466,46.613,7.978,56.487,8
uav0000077_00720_v,1360x766,762,1.862,12.221,25.133,6.912,46.891,8.298,57.051,7
uav0000077_00720_v,1360x766,763,1.878,12.276,25.342,6.689,46.998,8.293,57.168,9
uav0000077_00720_v,1360x766,764,2.013,12.66,25.371,6.811,47.523,8.345,57.881,8
uav0000077_00720_v,1360x766,765,2.264,12.749,24.233,6.999,46.655,8.798,57.717,8
uav0000077_00720_v,1360x766,766,2.466,13.722,25.212,6.983,48.733,8.323,59.522,7
uav0000077_00720_v,1360x766,767,1.928,12.517,25.567,6.704,47.501,8.264,57.692,10
uav0000077_00720_v,1360x766,768,1.979,13.014,25.814,6.692,48.151,8.805,58.935,14
uav0000077_00720_v,1360x766,769,1.954,12.596,25.287,6.345,46.806,8.154,56.914,9
uav0000077_00720_v,1360x766,770,2.059,11.914,25.156,6.383,45.903,8.0,55.961,8
uav0000077_00720_v,1360x766,771,2.282,11.852,25.362,6.543,46.332,9.131,57.745,10
uav0000077_00720_v,1360x766,772,1.941,12.585,25.323,6.675,47.359,9.116,58.416,11
uav0000077_00720_v,1360x766,773,2.377,12.604,25.359,6.719,47.412,8.975,58.764,15
uav0000077_00720_v,1360x766,774,2.23,12.258,21.9,7.134,44.316,9.811,56.358,19
uav0000077_00720_v,1360x766,775,2.231,13.205,25.06,6.892,47.997,9.154,59.383,12
uav0000077_00720_v,1360x766,776,1.759,14.011,25.188,6.458,48.524,8.303,58.587,12
uav0000077_00720_v,1360x766,777,1.766,12.577,25.514,6.619,47.758,7.784,57.309,10
uav0000077_00720_v,1360x766,778,1.711,12.554,24.984,6.408,46.452,7.661,55.823,11
uav0000077_00720_v,1360x766,779,1.701,12.003,25.099,6.611,46.289,8.947,56.937,15
uav0000077_00720_v,1360x766,780,1.525,12.227,24.945,6.629,46.404,8.27,56.199,11
uav0000088_00290_v,960x540,1,36.236,11.057,21.032,9.289,44.484,44.45,125.17,300
uav0000088_00290_v,960x540,2,1.165,14.205,25.013,8.719,50.384,49.227,100.776,300
uav0000088_00290_v,960x540,3,1.034,11.308,23.036,8.783,45.318,49.713,96.065,300
uav0000088_00290_v,960x540,4,1.462,10.824,22.922,8.317,43.917,47.579,92.958,300
uav0000088_00290_v,960x540,5,0.897,10.5,20.014,7.199,39.463,38.422,78.782,300
uav0000088_00290_v,960x540,6,0.644,10.395,20.171,7.566,39.868,37.909,78.421,300
uav0000088_00290_v,960x540,7,0.978,10.398,20.424,7.519,40.153,38.381,79.511,300
uav0000088_00290_v,960x540,8,0.919,10.621,20.546,6.803,39.461,37.516,77.896,300
uav0000088_00290_v,960x540,9,0.896,10.64,20.006,6.917,41.018,39.103,81.017,300
uav0000088_00290_v,960x540,10,0.887,10.946,20.785,6.937,40.239,40.026,81.152,300
uav0000088_00290_v,960x540,11,1.009,10.394,19.962,6.096,38.111,38.393,77.513,300
uav0000088_00290_v,960x540,12,0.69,10.44,20.015,6.884,39.188,39.426,79.304,300
uav0000088_00290_v,960x540,13,0.838,10.374,19.987,7.452,40.093,41.31,82.241,300
uav0000088_00290_v,960x540,14,0.651,10.565,19.941,6.233,38.509,43.171,82.331,300
uav0000088_00290_v,960x540,15,0.719,10.532,19.995,7.066,39.475,40.31,80.504,300
uav0000088_00290_v,960x540,16,1.144,10.522,19.979,6.769,39.082,37.706,77.933,300
uav0000088_00290_v,960x540,17,0.862,10.384,20.171,6.852,39.067,36.957,76.886,300
uav0000088_00290_v,960x540,18,0.772,10.267,20.153,6.561,38.792,39.23,78.794,300
uav0000088_00290_v,960x540,19,0.881,10.258,20.193,6.917,38.941,39.126,78.948,300
uav0000088_00290_v,960x540,20,0.674,10.614,20.033,6.76,39.232,41.082,80.988,300
uav0000088_00290_v,960x540,21,0.707,10.545,20.098,7.212,39.525,37.185,77.417,300
uav0000088_00290_v,960x540,22,0.818,10.327,19.96,6.647,38.772,39.789,79.379,300
uav0000088_00290_v,960x540,23,0.808,10.249,20.432,7.447,39.905,38.219,78.932,300
uav0000088_00290_v,960x540,24,0.86,10.505,20.252,6.696,38.979,41.873,81.712,300
uav0000088_00290_v,960x540,25,0.893,11.029,20.194,7.225,40.285,39.013,80.191,300
uav0000088_00290_v,960x540,26,0.702,10.376,19.977,6.254,38.435,39.461,78.598,300
uav0000088_00290_v,960x540,27,0.738,10.898,20.752,7.407,40.899,39.926,81.564,300
uav0000088_00290_v,960x540,28,0.852,10.693,20.148,7.218,39.866,40.814,81.532,300
uav0000088_00290_v,960x540,29,0.968,10.342,20.171,6.676,38.85,37.846,77.664,300
uav0000088_00290_v,960x540,30,0.778,10.342,19.973,6.774,38.908,39.759,79.446,300
uav0000088_00290_v,960x540,31,0.825,10.598,20.597,7.459,40.457,41.892,83.174,300
uav0000088_00290_v,960x540,32,0.684,10.423,20.15,7.572,39.826,39.278,79.787,300
uav0000088_00290_v,960x540,33,0.75,10.438,20.205,6.576,38.924,40.585,80.26,300
uav0000088_00290_v,960x540,34,0.921,10.338,20.411,7.923,40.487,38.49,79.898,300
uav0000088_00290_v,960x540,35,1.14,10.247,19.983,6.389,38.422,38.385,77.947,300
uav0000088_00290_v,960x540,36,0.984,10.299,20.765,6.996,39.715,38.419,79.118,300
uav0000088_00290_v,960x540,37,0.948,10.415,20.66,7.476,40.35,38.225,79.523,300
uav0000088_00290_v,960x540,38,0.893,10.345,20.699,7.932,40.741,38.441,80.076,300
uav0000088_00290_v,960x540,39,0.796,10.941,20.669,7.406,40.843,35.521,77.16,300
uav0000088_00290_v,960x540,40,0.781,10.648,20.77,7.098,40.088,36.303,77.172,300
uav0000088_00290_v,960x540,41,0.923,10.556,20.169,6.916,39.46,36.191,76.575,300
uav0000088_00290_v,960x540,42,1.062,10.817,20.89,7.226,40.738,34.55,76.35,300
uav0000088_00290_v,960x540,43,0.98,10.7,20.954,7.408,40.918,36.521,78.419,300
uav0000088_00290_v,960x540,44,0.851,10.512,20.807,6.69,39.61,35.923,76.384,300
uav0000088_00290_v,960x540,45,0.944,10.674,20.763,7.049,40.148,33.903,74.995,300
uav0000088_00290_v,960x540,46,0.776,10.834,21.307,6.621,40.359,40.1,81.235,300
uav0000088_00290_v,960x540,47,1.02,10.811,20.846,7.249,40.743,35.516,77.279,300
uav0000088_00290_v,960x540,48,0.986,10.772,21.024,7.035,40.638,35.709,77.333,300
uav0000088_00290_v,960x540,49,0.866,10.537,21.023,6.353,39.499,37.543,77.908,300
uav0000088_00290_v,960x540,50,0.998,10.667,20.901,7.145,40.516,34.637,76.151,300
uav0000088_00290_v,960x540,51,0.735,11.018,21.037,7.143,41.035,35.413,77.182,300
uav0000088_00290_v,960x540,52,0.8,12.509,20.803,7.167,42.349,35.483,78.632,300
uav0000088_00290_v,960x540,53,0.894,10.816,21.719,6.459,40.6,37.808,79.303,300
uav0000088_00290_v,960x540,54,0.892,11.015,21.298,6.233,40.432,35.999,77.323,300
uav0000088_00290_v,960x540,55,0.896,10.696,21.016,6.602,40.169,35.891,76.956,300
uav0000088_00290_v,960x540,56,0.893,10.762,20.721,6.32,39.485,34.86,75.238,300
uav0000088_00290_v,960x540,57,0.894,10.716,21.1,6.296,39.783,37.277,77.954,300
uav0000088_00290_v,960x540,58,0.834,10.607,20.816,7.101,40.264,36.567,77.665,300
uav0000088_00290_v,960x540,59,0.791,10.679,20.666,6.667,39.862,37.891,78.544,300
uav0000088_00290_v,960x540,60,0.932,10.772,20.422,6.91,39.946,36.278,77.155,300
uav0000088_00290_v,960x540,61,0.883,10.555,20.915,6.603,39.827,36.006,76.716,300
uav0000088_00290_v,960x540,62,0.869,10.597,21.075,6.319,39.589,37.367,77.824,300
uav0000088_00290_v,960x540,63,1.036,10.773,20.888,6.964,40.509,37.568,79.114,300
uav0000088_00290_v,960x540,64,0.682,10.458,20.787,6.164,39.136,39.103,78.921,300
uav0000088_00290_v,960x540,65,0.777,11.265,21.178,6.483,40.595,40.409,81.782,300
uav0000088_00290_v,960x540,66,0.838,10.751,20.844,6.954,40.453,38.628,79.919,300
uav0000088_00290_v,960x540,67,0.861,10.869,20.836,6.936,40.561,37.236,78.658,300
uav0000088_00290_v,960x540,68,0.857,10.667,20.767,6.221,39.46,37.846,78.164,300
uav0000088_00290_v,960x540,69,0.816,10.609,21.024,7.135,40.577,37.095,78.488,300
uav0000088_00290_v,960x540,70,0.918,10.505,20.803,6.349,39.369,39.214,79.501,300
uav0000088_00290_v,960x540,71,0.869,10.627,20.755,6.214,39.247,38.318,78.434,300
uav0000088_00290_v,960x540,72,0.698,10.697,20.882,6.683,40.117,38.433,79.247,300
uav0000088_00290_v,960x540,73,0.877,10.526,20.866,6.905,40.136,36.899,77.912,300
uav0000088_00290_v,960x540,74,0.91,10.685,20.756,6.281,39.351,36.643,76.904,300
uav0000088_00290_v,960x540,75,0.746,10.575,20.834,6.345,39.671,36.24,76.658,300
uav0000088_00290_v,960x540,76,0.911,10.721,20.874,6.847,40.313,34.918,76.142,300
uav0000088_00290_v,960x540,77,0.695,10.591,20.864,6.914,40.22,36.571,77.486,300
uav0000088_00290_v,960x540,78,0.741,11.256,21.448,6.61,41.041,38.096,79.878,300
uav0000088_00290_v,960x540,79,0.929,10.555,21.151,6.275,39.691,36.363,76.983,300
uav0000088_00290_v,960x540,80,0.906,10.545,21.343,6.224,39.853,39.357,80.117,300
uav0000088_00290_v,960x540,81,0.885,10.633,20.805,6.386,39.537,35.429,75.852,300
uav0000088_00290_v,960x540,82,0.716,11.306,21.089,6.963,41.209,38.208,80.133,300
uav0000088_00290_v,960x540,83,0.907,10.982,21.076,7.055,41.071,39.236,81.214,300
uav0000088_00290_v,960x540,84,0.904,10.718,20.918,6.895,40.331,35.73,76.965,300
uav0000088_00290_v,960x540,85,0.874,10.717,21.011,6.293,39.69,39.188,79.752,300
uav0000088_00290_v,960x540,86,0.627,10.627,20.884,6.838,40.182,39.367,80.176,300
uav0000088_00290_v,960x540,87,0.874,10.671,20.681,6.681,39.842,40.69,81.406,300
uav0000088_00290_v,960x540,88,0.872,10.3,20.761,6.141,38.889,38.594,78.355,300
uav0000088_00290_v,960x540,89,0.842,10.341,20.519,6.683,39.376,37.652,77.869,300
uav0000088_00290_v,960x540,90,0.682,10.3,20.742,6.169,38.949,40.75,80.381,300
uav0000088_00290_v,960x540,91,0.872,10.756,20.813,7.025,40.485,39.742,81.099,300
uav0000088_00290_v,960x540,92,0.876,10.696,20.531,6.919,39.971,39.064,79.911,300
uav0000088_00290_v,960x540,93,0.826,10.381,20.223,6.06,38.467,39.569,78.862,300
uav0000088_00290_v,960x540,94,0.923,10.388,20.193,6.377,38.756,39.708,79.387,300
uav0000088_00290_v,960x540,95,0.858,10.266,20.027,6.314,38.369,41.087,80.314,300
uav0000088_00290_v,960x540,96,0.633,10.246,19.955,6.19,38.193,38.726,77.552,300
uav0000088_00290_v,960x540,97,0.643,10.58,20.509,6.895,39.849,38.995,79.487,300
uav0000088_00290_v,960x540,98,0.63,10.46,20.432,7.062,39.822,39.863,80.314,300
uav0000088_00290_v,960x540,99,0.84,10.43,19.98,5.974,38.17,38.923,77.933,300
uav0000088_00290_v,960x540,100,0.592,10.386,19.956,6.336,38.454,38.655,77.701,300
uav0000088_00290_v,960x540,101,0.845,10.256,19.987,5.875,38.127,37.281,76.253,300
uav0000088_00290_v,960x540,102,0.867,10.377,20.717,7.076,39.96,37.688,78.515,300
uav0000088_00290_v,960x540,103,0.638,10.945,19.976,6.542,39.279,35.6,75.517,300
uav0000088_00290_v,960x540,104,0.913,10.307,20.092,6.397,38.63,36.863,76.406,300
uav0000088_00290_v,960x540,105,0.892,10.986,21.122,7.376,41.304,37.686,79.882,300
uav0000088_00290_v,960x540,106,0.875,10.683,20.196,6.455,39.062,39.516,79.453,300
uav0000088_00290_v,960x540,107,0.85,10.344,21.135,6.57,39.646,37.48,77.975,300
uav0000088_00290_v,960x540,108,0.876,10.628,20.934,6.834,40.213,37.924,79.013,300
uav0000088_00290_v,960x540,109,0.675,10.684,20.494,7.323,40.345,37.143,78.164,300
uav0000088_00290_v,960x540,110,0.647,12.557,20.889,7.015,42.382,40.578,83.607,300
uav0000088_00290_v,960x540,111,0.678,10.671,20.707,6.352,39.405,39.733,79.815,300
uav0000088_00290_v,960x540,112,0.576,10.544,20.628,6.534,39.528,39.306,79.411,300
uav0000088_00290_v,960x540,113,0.616,10.499,20.931,6.805,40.029,37.777,78.422,300
uav0000088_00290_v,960x540,114,0.885,10.687,21.193,7.169,40.922,39.804,81.611,300
uav0000088_00290_v,960x540,115,0.843,10.646,20.499,6.614,39.608,41.708,82.158,300
uav0000088_00290_v,960x540,116,0.865,10.33,20.789,6.281,39.144,38.266,78.275,300
uav0000088_00290_v,960x540,117,0.98,10.439,20.777,6.287,39.151,41.296,81.427,300
uav0000088_00290_v,960x540,118,0.932,10.376,19.963,5.933,38.292,40.343,79.568,300
uav0000088_00290_v,960x540,119,0.865,10.288,20.78,6.176,39.021,41.996,81.883,300
uav0000088_00290_v,960x540,120,0.879,10.353,20.303,6.711,39.229,39.028,79.135,300
uav0000088_00290_v,960x540,121,0.696,10.316,20.231,6.108,38.343,40.677,79.716,300
uav0000088_00290_v,960x540,122,0.859,10.388,20.205,6.131,38.884,39.47,79.213,300
uav0000088_00290_v,960x540,123,0.635,10.342,20.075,6.229,38.504,36.617,75.755,300
uav0000088_00290_v,960x540,124,0.866,10.403,20.122,6.277,38.663,38.939,78.468,300
uav0000088_00290_v,960x540,125,0.653,10.281,20.499,6.683,39.268,38.4,78.321,300
uav0000088_00290_v,960x540,126,0.911,10.443,19.992,6.093,38.565,38.054,77.531,300
uav0000088_00290_v,960x540,127,0.877,10.378,20.469,6.556,39.18,37.13,77.186,300
uav0000088_00290_v,960x540,128,0.846,10.322,19.978,6.212,38.266,38.468,77.58,300
uav0000088_00290_v,960x540,129,0.789,10.632,20.388,6.792,39.719,38.68,79.188,300
uav0000088_00290_v,960x540,130,0.983,10.406,19.967,5.98,38.353,39.203,78.539,300
uav0000088_00290_v,960x540,131,0.864,10.324,20.768,6.268,38.994,40.012,79.87,300
uav0000088_00290_v,960x540,132,0.872,10.37,20.751,6.258,39.177,40.261,80.311,300
uav0000088_00290_v,960x540,133,0.638,10.939,20.776,6.148,39.476,40.054,80.168,300
uav0000088_00290_v,960x540,134,0.814,10.344,20.676,6.26,38.923,39.352,79.089,300
uav0000088_00290_v,960x540,135,0.858,10.968,20.557,6.198,39.362,38.651,78.871,300
uav0000088_00290_v,960x540,136,0.626,10.681,20.472,6.753,39.746,37.638,78.01,300
uav0000088_00290_v,960x540,137,0.753,10.326,20.766,6.143,39.068,36.58,76.402,300
uav0000088_00290_v,960x540,138,0.818,10.626,20.836,6.216,39.335,40.024,80.177,300
uav0000088_00290_v,960x540,139,0.928,10.302,20.809,6.103,38.924,39.199,79.051,300
uav0000088_00290_v,960x540,140,0.867,10.441,20.776,6.129,38.99,38.92,78.777,300
uav0000088_00290_v,960x540,141,0.656,10.659,20.011,6.122,38.645,38.075,77.377,300
uav0000088_00290_v,960x540,142,0.764,11.043,20.746,6.198,39.7,39.675,80.139,300
uav0000088_00290_v,960x540,143,0.856,10.644,20.794,6.15,39.319,38.916,79.091,300
uav0000088_00290_v,960x540,144,0.841,10.621,20.766,6.081,39.277,39.456,79.574,300
uav0000088_00290_v,960x540,145,0.855,10.58,20.716,6.128,39.065,38.533,78.453,300
uav0000088_00290_v,960x540,146,0.642,10.685,20.922,6.774,40.2,37.73,78.571,300
uav0000088_00290_v,960x540,147,0.875,10.534,20.781,6.064,39.152,39.309,79.336,300
uav0000088_00290_v,960x540,148,0.676,10.485,20.734,6.031,38.92,39.067,78.662,300
uav0000088_00290_v,960x540,149,0.657,10.671,20.537,6.714,39.783,38.256,78.696,300
uav0000088_00290_v,960x540,150,0.683,10.647,20.215,6.132,38.765,39.082,78.53,300
uav0000088_00290_v,960x540,151,0.832,10.51,21.119,6.433,39.883,39.043,79.758,300
uav0000088_00290_v,960x540,152,0.896,10.606,20.746,6.126,39.157,41.184,81.237,300
uav0000088_00290_v,960x540,153,0.9,10.326,20.767,6.109,38.872,39.376,79.147,300
uav0000088_00290_v,960x540,154,0.759,10.314,20.787,6.186,38.894,39.294,78.947,300
uav0000088_00290_v,960x540,155,0.738,10.658,20.669,6.563,39.709,36.661,77.108,300
uav0000088_00290_v,960x540,156,0.967,10.312,20.761,6.11,39.029,38.85,78.846,300
uav0000088_00290_v,960x540,157,0.881,10.305,20.67,6.571,39.327,39.23,79.439,300
uav0000088_00290_v,960x540,158,0.851,10.331,20.306,6.652,39.107,35.277,75.236,300
uav0000088_00290_v,960x540,159,0.869,10.696,20.429,6.65,39.616,34.759,75.244,300
uav0000088_00290_v,960x540,160,0.889,10.89,20.119,6.067,38.961,35.577,75.427,300
uav0000088_00290_v,960x540,161,0.873,10.189,20.12,6.25,38.396,36.888,76.157,300
uav0000088_00290_v,960x540,162,0.903,10.3,20.157,6.548,38.769,35.94,75.612,300
uav0000088_00290_v,960x540,163,0.759,10.244,19.97,6.471,38.566,35.05,74.375,300
uav0000088_00290_v,960x540,164,0.849,10.713,20.205,6.485,39.28,36.375,76.504,300
uav0000088_00290_v,960x540,165,0.881,11.183,20.737,5.772,39.377,37.333,77.591,300
uav0000088_00290_v,960x540,166,0.887,11.033,20.832,6.72,40.405,36.312,77.604,300
uav0000088_00290_v,960x540,167,0.879,10.687,20.71,6.368,39.558,39.134,79.571,300
uav0000088_00290_v,960x540,168,0.818,11.078,20.702,6.382,39.936,38.493,79.246,300
uav0000088_00290_v,960x540,169,0.877,11.231,21.25,6.849,41.103,38.669,80.65,300
uav0000088_00290_v,960x540,170,0.854,10.797,20.976,6.679,40.311,41.023,82.188,300
uav0000088_00290_v,960x540,171,0.876,10.627,20.413,6.565,39.405,38.173,78.453,300
uav0000088_00290_v,960x540,172,0.837,10.655,20.744,6.196,39.244,39.803,79.884,300
uav0000088_00290_v,960x540,173,0.86,10.529,20.684,6.498,39.501,38.99,79.351,300
uav0000088_00290_v,960x540,174,0.939,10.804,19.962,6.02,38.621,35.651,75.21,300
uav0000088_00290_v,960x540,175,0.65,10.716,20.887,6.984,40.455,36.97,78.075,300
uav0000088_00290_v,960x540,176,0.627,10.604,20.797,6.151,39.368,39.753,79.748,300
uav0000088_00290_v,960x540,177,0.88,10.756,20.862,6.143,39.444,38.595,78.919,300
uav0000088_00290_v,960x540,178,0.831,10.673,20.605,6.647,39.761,36.67,77.262,300
uav0000088_00290_v,960x540,179,0.629,10.406,20.779,6.194,39.023,39.762,79.414,300
uav0000088_00290_v,960x540,180,0.883,10.406,20.695,6.178,38.994,41.071,80.948,300
uav0000088_00290_v,960x540,181,0.747,10.579,19.932,5.195,37.472,37.391,75.61,300
uav0000088_00290_v,960x540,182,0.655,10.323,20.198,6.313,38.648,37.946,77.249,300
uav0000088_00290_v,960x540,183,1.023,10.907,20.023,5.333,38.019,38.721,77.763,300
uav0000088_00290_v,960x540,184,1.165,10.822,20.107,5.912,38.764,38.627,78.557,300
uav0000088_00290_v,960x540,185,0.872,10.229,19.991,5.46,37.362,39.103,77.336,300
uav0000088_00290_v,960x540,186,0.861,10.166,19.963,6.07,38.154,37.26,76.276,300
uav0000088_00290_v,960x540,187,0.858,10.27,19.963,6.191,38.317,38.074,77.249,300
uav0000088_00290_v,960x540,188,0.842,10.179,20.126,5.497,37.5,37.993,76.335,300
uav0000088_00290_v,960x540,189,0.927,10.517,19.971,5.41,37.599,37.933,76.459,300
uav0000088_00290_v,960x540,190,0.882,10.611,20.157,6.088,38.677,37.089,76.648,300
uav0000088_00290_v,960x540,191,0.853,10.248,19.983,5.801,37.881,36.368,75.103,300
uav0000088_00290_v,960x540,192,0.84,10.343,19.925,5.455,37.449,37.614,75.904,300
uav0000088_00290_v,960x540,193,0.874,10.212,20.178,6.203,38.357,41.995,81.226,300
uav0000088_00290_v,960x540,194,0.652,10.792,19.922,5.343,37.82,39.277,77.748,300
uav0000088_00290_v,960x540,195,0.862,10.214,20.193,6.311,38.778,37.945,77.586,300
uav0000088_00290_v,960x540,196,0.833,10.476,19.984,6.318,38.878,39.91,79.621,300
uav0000088_00290_v,960x540,197,0.858,10.29,19.983,5.572,37.589,39.79,78.237,300
uav0000088_00290_v,960x540,198,0.966,10.319,20.917,6.331,39.196,38.629,78.792,300
uav0000088_00290_v,960x540,199,0.859,10.379,19.956,6.327,38.449,36.913,76.22,300
uav0000088_00290_v,960x540,200,0.83,10.565,20.124,6.309,38.925,37.476,77.231,300
uav0000088_00290_v,960x540,201,0.874,10.136,19.941,5.461,37.347,38.484,76.705,300
uav0000088_00290_v,960x540,202,0.827,10.443,20.027,6.368,38.606,35.588,75.021,300
uav0000088_00290_v,960x540,203,0.893,10.265,19.952,6.377,38.536,38.031,77.46,300
uav0000088_00290_v,960x540,204,0.628,10.767,20.143,6.323,39.257,35.675,75.56,300
uav0000088_00290_v,960x540,205,0.669,10.223,19.926,5.453,37.316,37.712,75.697,300
uav0000088_00290_v,960x540,206,0.681,10.201,20.318,6.422,38.666,39.763,79.11,300
uav0000088_00290_v,960x540,207,0.669,10.78,19.933,5.366,37.825,37.394,75.889,300
uav0000088_00290_v,960x540,208,0.826,10.308,19.952,6.188,38.264,35.399,74.49,300
uav0000088_00290_v,960x540,209,0.858,10.461,19.939,5.382,37.52,38.89,77.268,300
uav0000088_00290_v,960x540,210,0.849,10.194,19.902,5.067,36.651,37.088,74.588,300
uav0000088_00290_v,960x540,211,0.813,10.252,19.959,5.995,38.238,35.758,74.808,300
uav0000088_00290_v,960x540,212,0.69,10.263,19.948,5.393,37.249,37.733,75.672,300
uav0000088_00290_v,960x540,213,0.634,10.543,19.931,5.884,38.033,39.715,78.381,300
uav0000088_00290_v,960x540,214,0.637,10.258,19.966,6.08,38.18,35.985,74.803,300
uav0000088_00290_v,960x540,215,0.839,10.302,19.933,6.002,38.272,37.999,77.111,300
uav0000088_00290_v,960x540,216,0.806,10.259,19.952,6.095,38.205,38.434,77.445,300
uav0000088_00290_v,960x540,217,0.862,10.162,20.356,6.571,38.826,36.868,76.556,300
uav0000088_00290_v,960x540,218,0.834,10.2,19.947,5.323,37.11,38.333,76.276,300
uav0000088_00290_v,960x540,219,0.802,10.204,19.973,5.426,37.288,36.981,75.071,300
uav0000088_00290_v,960x540,220,0.638,10.349,19.94,5.462,37.396,39.467,77.501,300
uav0000088_00290_v,960x540,221,0.632,10.22,20.127,6.298,38.678,37.295,76.605,300
uav0000088_00290_v,960x540,222,0.832,10.181,19.944,5.325,37.114,38.871,76.818,300
uav0000088_00290_v,960x540,223,0.83,10.16,19.944,6.186,38.141,37.65,76.621,300
uav0000088_00290_v,960x540,224,0.861,10.247,19.932,5.534,37.481,39.301,77.643,300
uav0000088_00290_v,960x540,225,0.828,10.296,20.124,6.412,38.63,37.08,76.537,300
uav0000088_00290_v,960x540,226,0.714,10.602,19.973,6.027,38.431,40.826,79.971,300
uav0000088_00290_v,960x540,227,0.841,10.378,19.928,6.195,38.494,41.341,80.676,300
uav0000088_00290_v,960x540,228,0.584,10.303,19.966,6.133,38.262,38.744,77.591,300
uav0000088_00290_v,960x540,229,0.7,10.211,19.926,5.528,37.334,42.33,80.365,300
uav0000088_00290_v,960x540,230,0.695,10.165,20.364,6.395,38.582,41.031,80.308,300
uav0000088_00290_v,960x540,231,0.804,10.24,19.939,6.038,38.11,39.579,78.494,300
uav0000088_00290_v,960x540,232,0.816,10.224,19.915,5.587,37.387,41.882,80.085,300
uav0000088_00290_v,960x540,233,0.838,10.37,20.123,5.489,37.658,39.156,77.652,300
uav0000088_00290_v,960x540,234,0.588,10.478,20.137,6.094,38.52,39.024,78.132,300
uav0000088_00290_v,960x540,235,0.848,10.202,19.936,5.395,37.194,40.32,78.362,300
uav0000088_00290_v,960x540,236,0.796,10.23,19.959,5.963,37.905,38.467,77.168,300
uav0000088_00290_v,960x540,237,0.717,10.142,19.928,5.21,37.017,40.188,77.921,300
uav0000088_00290_v,960x540,238,0.678,10.246,19.935,5.934,37.977,38.902,77.558,300
uav0000088_00290_v,960x540,239,0.716,10.256,19.976,6.154,38.154,37.84,76.711,300
uav0000088_00290_v,960x540,240,0.835,10.337,19.919,5.284,37.193,40.481,78.509,300
uav0000088_00290_v,960x540,241,0.723,10.274,19.941,6.057,38.264,40.62,79.607,300
uav0000088_00290_v,960x540,242,0.692,10.24,19.921,5.499,37.47,37.943,76.106,300
uav0000088_00290_v,960x540,243,0.563,10.249,19.928,5.704,37.735,39.131,77.429,300
uav0000088_00290_v,960x540,244,0.749,10.197,19.926,5.307,37.158,39.695,77.601,300
uav0000088_00290_v,960x540,245,0.846,10.196,19.934,5.777,37.671,36.758,75.275,300
uav0000088_00290_v,960x540,246,0.838,10.203,19.903,5.3,37.084,37.863,75.785,300
uav0000088_00290_v,960x540,247,0.872,10.215,19.923,5.229,37.032,37.187,75.09,300
uav0000088_00290_v,960x540,248,0.807,10.172,20.014,6.061,38.042,36.381,75.229,300
uav0000088_00290_v,960x540,249,0.836,10.152,19.928,5.121,36.681,34.549,72.066,300
uav0000088_00290_v,960x540,250,0.818,10.257,19.947,5.933,37.96,35.059,73.836,300
uav0000088_00290_v,960x540,251,0.807,10.572,20.124,6.253,38.739,34.497,74.043,300
uav0000088_00290_v,960x540,252,0.795,10.724,19.966,6.088,38.64,36.469,75.904,300
uav0000088_00290_v,960x540,253,0.856,10.776,20.139,5.508,38.042,35.329,74.226,300
uav0000088_00290_v,960x540,254,0.833,10.566,19.94,5.974,38.266,35.068,74.167,300
uav0000088_00290_v,960x540,255,0.627,10.445,19.943,6.097,38.354,35.58,74.56,300
uav0000088_00290_v,960x540,256,0.593,10.438,19.996,6.306,39.082,36.712,76.388,300
uav0000088_00290_v,960x540,257,0.836,10.162,20.677,6.648,39.304,37.23,77.37,300
uav0000088_00290_v,960x540,258,0.862,10.603,19.915,5.964,38.235,39.132,78.229,300
uav0000088_00290_v,960x540,259,0.726,10.305,20.012,6.547,38.79,40.369,79.885,300
uav0000088_00290_v,960x540,260,0.705,10.378,19.972,6.462,38.747,40.11,79.562,300
uav0000088_00290_v,960x540,261,0.742,10.234,19.976,6.533,38.785,40.667,80.194,300
uav0000088_00290_v,960x540,262,0.75,10.25,19.95,5.85,38.056,40.419,79.226,300
uav0000088_00290_v,960x540,263,0.587,10.166,19.967,5.653,37.528,42.081,80.196,300
uav0000088_00290_v,960x540,264,0.72,10.26,19.959,6.053,38.097,42.545,81.363,300
uav0000088_00290_v,960x540,265,0.715,10.116,19.995,6.426,38.42,45.634,84.769,300
uav0000088_00290_v,960x540,266,0.723,10.325,19.905,5.539,37.471,42.551,80.745,300
uav0000088_00290_v,960x540,267,0.734,10.225,19.943,5.549,37.376,42.342,80.453,300
uav0000088_00290_v,960x540,268,0.814,10.217,19.924,5.637,37.477,43.311,81.603,300
uav0000088_00290_v,960x540,269,0.821,10.17,19.986,5.993,38.079,42.832,81.732,300
uav0000088_00290_v,960x540,270,0.833,10.214,19.946,5.937,38.086,42.108,81.027,300
uav0000088_00290_v,960x540,271,0.84,10.266,19.956,5.883,38.078,45.091,84.008,300
uav0000088_00290_v,960x540,272,0.787,10.297,19.968,5.876,38.185,43.496,82.468,300
uav0000088_00290_v,960x540,273,0.977,13.066,22.021,6.711,44.421,46.565,91.963,300
uav0000088_00290_v,960x540,274,0.921,13.47,21.426,6.256,42.826,47.997,91.744,300
uav0000088_00290_v,960x540,275,0.853,10.859,20.487,6.343,39.359,44.165,84.377,300
uav0000088_00290_v,960x540,276,0.842,10.327,19.93,5.955,38.205,44.87,83.917,300
uav0000088_00290_v,960x540,277,0.865,10.24,20.123,6.209,38.271,45.319,84.455,300
uav0000088_00290_v,960x540,278,0.592,10.522,20.403,6.851,39.603,41.182,81.377,300
uav0000088_00290_v,960x540,279,0.867,10.234,19.959,6.156,38.165,40.162,79.193,300
uav0000088_00290_v,960x540,280,3.617,10.841,20.176,5.397,38.143,43.243,85.003,300
uav0000088_00290_v,960x540,281,0.617,10.201,19.948,5.873,38.4,40.549,79.566,300
uav0000088_00290_v,960x540,282,0.595,10.215,19.934,5.695,37.634,39.972,78.201,300
uav0000088_00290_v,960x540,283,0.642,10.228,19.933,5.199,36.997,40.634,78.273,300
uav0000088_00290_v,960x540,284,0.628,10.761,19.966,6.361,39.27,41.658,81.557,300
uav0000088_00290_v,960x540,285,0.666,10.741,20.071,5.35,37.833,43.265,81.764,300
uav0000088_00290_v,960x540,286,1.071,10.146,19.961,6.277,38.338,41.844,81.253,300
uav0000088_00290_v,960x540,287,0.777,10.778,20.134,5.489,38.121,43.663,82.56,300
uav0000088_00290_v,960x540,288,0.966,10.745,19.998,6.382,38.944,42.699,82.608,300
uav0000088_00290_v,960x540,289,0.633,10.69,20.117,5.286,37.802,43.0,81.435,300
uav0000088_00290_v,960x540,290,0.593,10.259,19.937,5.933,38.072,41.641,80.306,300
uav0000088_00290_v,960x540,291,0.54,10.611,19.987,6.532,38.965,41.149,80.654,300
uav0000088_00290_v,960x540,292,0.546,10.663,19.993,6.894,39.905,43.179,83.629,300
uav0000088_00290_v,960x540,293,0.553,10.486,20.029,7.145,39.451,40.944,80.948,300
uav0000088_00290_v,960x540,294,0.527,10.275,19.947,5.494,37.412,42.652,80.591,300
uav0000088_00290_v,960x540,295,0.813,10.636,19.972,5.722,38.006,44.129,82.948,300
uav0000088_00290_v,960x540,296,0.498,10.261,19.955,5.516,37.298,44.523,82.319,300
uav0000119_02301_v,1360x766,1,39.318,7.251,20.009,4.971,34.041,21.144,94.503,300
uav0000119_02301_v,1360x766,2,1.807,10.66,25.409,6.684,46.097,28.678,76.582,300
uav0000119_02301_v,1360x766,3,1.909,10.497,25.964,7.467,47.172,28.92,78.001,300
uav0000119_02301_v,1360x766,4,1.705,11.391,26.343,6.898,48.066,26.242,76.014,300
uav0000119_02301_v,1360x766,5,10.487,9.073,25.763,7.466,45.726,28.128,84.34,300
uav0000119_02301_v,1360x766,6,1.302,10.002,25.756,7.58,46.123,28.515,75.941,300
uav0000119_02301_v,1360x766,7,2.3,10.725,26.226,7.244,46.926,27.471,76.697,300
uav0000119_02301_v,1360x766,8,1.83,10.573,25.349,7.045,45.633,27.919,75.382,300
uav0000119_02301_v,1360x766,9,2.168,10.628,25.761,7.069,46.25,27.256,75.674,300
uav0000119_02301_v,1360x766,10,1.984,10.533,25.304,6.816,45.404,27.116,74.505,300
uav0000119_02301_v,1360x766,11,1.976,10.227,25.299,7.098,45.167,26.688,73.831,300
uav0000119_02301_v,1360x766,12,2.099,10.506,25.267,6.701,45.008,28.709,75.816,300
uav0000119_02301_v,1360x766,13,1.871,10.512,25.265,6.732,45.144,27.334,74.349,300
uav0000119_02301_v,1360x766,14,1.804,10.461,25.516,7.283,45.741,27.719,75.264,300
uav0000119_02301_v,1360x766,15,2.117,10.064,25.242,6.332,44.196,27.585,73.898,300
uav0000119_02301_v,1360x766,16,1.911,10.152,25.342,7.622,45.856,29.353,77.12,300
uav0000119_02301_v,1360x766,17,2.183,10.765,23.282,7.253,44.072,27.657,73.912,300
uav0000119_02301_v,1360x766,18,2.011,10.624,25.519,7.502,46.382,27.698,76.091,300
uav0000119_02301_v,1360x766,19,2.341,10.391,24.315,6.63,43.965,28.648,74.954,300
uav0000119_02301_v,1360x766,20,2.027,10.142,25.327,7.166,45.261,28.365,75.653,300
uav0000119_02301_v,1360x766,21,2.493,10.21,25.276,6.997,45.074,27.866,75.434,300
uav0000119_02301_v,1360x766,22,2.081,10.116,25.604,6.669,45.058,27.727,74.866,300
uav0000119_02301_v,1360x766,23,2.474,10.17,25.162,6.772,44.967,27.262,74.703,300
uav0000119_02301_v,1360x766,24,2.125,10.17,25.254,7.32,45.51,27.685,75.32,300
uav0000119_02301_v,1360x766,25,1.852,10.404,25.248,7.273,45.401,28.613,75.866,300
uav0000119_02301_v,1360x766,26,2.106,9.03,22.328,7.008,40.797,27.499,70.401,300
uav0000119_02301_v,1360x766,27,2.127,10.143,25.133,6.771,44.771,28.828,75.726,300
uav0000119_02301_v,1360x766,28,2.165,10.189,25.267,6.776,44.91,29.034,76.109,300
uav0000119_02301_v,1360x766,29,1.806,10.39,25.596,7.211,45.9,28.402,76.108,300
uav0000119_02301_v,1360x766,30,2.031,10.13,25.232,6.834,44.923,28.907,75.861,300
uav0000119_02301_v,1360x766,31,2.117,10.277,25.214,6.74,44.944,27.274,74.335,300
uav0000119_02301_v,1360x766,32,1.651,10.087,25.341,7.344,45.411,27.226,74.288,300
uav0000119_02301_v,1360x766,33,2.132,10.913,25.287,7.113,46.032,28.406,76.57,300
uav0000119_02301_v,1360x766,34,1.79,10.437,25.258,6.665,45.119,28.511,75.421,300
uav0000119_02301_v,1360x766,35,1.841,10.088,25.171,6.418,44.232,28.352,74.425,300
uav0000119_02301_v,1360x766,36,1.581,10.757,25.427,6.514,45.67,25.407,72.658,300
uav0000119_02301_v,1360x766,37,2.118,10.365,25.192,6.58,44.864,27.078,74.059,300
uav0000119_02301_v,1360x766,38,1.838,10.675,25.295,7.283,46.049,27.321,75.208,300
uav0000119_02301_v,1360x766,39,2.013,9.986,25.204,6.919,44.679,30.876,77.568,300
uav0000119_02301_v,1360x766,40,2.025,10.827,25.34,7.19,46.268,29.132,77.426,300
uav0000119_02301_v,1360x766,41,1.869,10.662,25.264,7.459,46.167,30.364,78.399,300
uav0000119_02301_v,1360x766,42,1.673,10.318,25.363,6.961,45.451,29.516,76.64,300
uav0000119_02301_v,1360x766,43,2.013,10.256,25.228,6.914,45.192,29.537,76.742,300
uav0000119_02301_v,1360x766,44,1.845,10.113,25.263,6.777,44.947,29.702,76.494,300
uav0000119_02301_v,1360x766,45,1.962,10.184,25.347,7.07,45.278,28.4,75.641,300
uav0000119_02301_v,1360x766,46,1.885,10.114,23.505,6.897,43.304,29.145,74.334,300
uav0000119_02301_v,1360x766,47,1.862,10.229,25.159,6.876,44.963,30.158,76.984,300
uav0000119_02301_v,1360x766,48,1.817,10.155,25.277,6.888,45.14,29.151,76.108,300
uav0000119_02301_v,1360x766,49,1.852,10.317,25.247,6.321,44.468,29.011,75.33,300
uav0000119_02301_v,1360x766,50,1.533,10.274,25.323,6.768,44.95,29.616,76.099,300
uav0000119_02301_v,1360x766,51,1.631,11.036,22.04,7.198,42.917,25.587,70.136,300
uav0000119_02301_v,1360x766,52,1.613,10.059,21.902,6.644,40.876,25.11,67.599,300
uav0000119_02301_v,1360x766,53,1.613,9.155,22.406,7.342,41.304,29.476,72.393,300
uav0000119_02301_v,1360x766,54,1.876,10.737,25.552,6.775,45.79,28.969,76.635,300
uav0000119_02301_v,1360x766,55,2.388,10.261,25.255,6.819,45.077,29.656,77.121,300
uav0000119_02301_v,1360x766,56,1.982,10.151,25.558,6.734,45.072,30.717,77.77,300
uav0000119_02301_v,1360x766,57,1.931,10.622,25.269,7.305,45.989,31.095,79.016,300
uav0000119_02301_v,1360x766,58,1.81,10.265,25.244,7.239,45.379,31.606,78.795,300
uav0000119_02301_v,1360x766,59,1.619,10.33,25.188,6.762,44.901,32.851,79.371,300
uav0000119_02301_v,1360x766,60,1.546,10.298,25.317,6.804,45.153,31.509,78.208,300
uav0000119_02301_v,1360x766,61,1.856,10.211,25.272,7.035,45.071,30.949,77.876,300
uav0000119_02301_v,1360x766,62,1.817,10.113,25.263,6.822,44.866,32.232,78.915,300
uav0000119_02301_v,1360x766,63,1.867,9.942,25.237,7.238,45.185,31.248,78.3,300
uav0000119_02301_v,1360x766,64,1.798,10.272,25.625,7.152,45.667,30.575,78.04,300
uav0000119_02301_v,1360x766,65,2.153,10.389,25.572,6.936,45.593,30.407,78.153,300
uav0000119_02301_v,1360x766,66,2.397,9.187,22.12,6.805,40.611,30.437,73.446,300
uav0000119_02301_v,1360x766,67,2.145,10.079,25.256,6.77,44.792,31.34,78.278,300
uav0000119_02301_v,1360x766,68,2.029,9.926,25.324,6.995,44.716,31.973,78.717,300
uav0000119_02301_v,1360x766,69,2.11,9.969,25.258,6.794,44.787,31.197,78.094,300
uav0000119_02301_v,1360x766,70,2.026,9.993,25.169,7.297,45.07,30.791,77.887,300
uav0000119_02301_v,1360x766,71,2.036,9.838,25.14,6.807,44.493,30.294,76.822,300
uav0000119_02301_v,1360x766,72,1.704,9.823,25.279,6.337,43.852,32.04,77.596,300
uav0000119_02301_v,1360x766,73,1.832,10.362,25.188,6.985,45.142,30.304,77.279,300
uav0000119_02301_v,1360x766,74,2.055,9.953,25.225,6.749,44.632,31.358,78.046,300
uav0000119_02301_v,1360x766,75,2.076,10.018,25.162,7.078,44.891,32.275,79.243,300
uav0000119_02301_v,1360x766,76,1.783,10.062,25.3,6.994,44.787,30.701,77.271,300
uav0000119_02301_v,1360x766,77,1.769,10.099,25.314,7.123,45.175,31.254,78.197,300
uav0000119_02301_v,1360x766,78,2.167,9.971,25.165,7.074,44.69,31.193,78.05,300
uav0000119_02301_v,1360x766,79,2.103,9.97,22.043,6.652,41.251,30.519,73.874,300
uav0000119_02301_v,1360x766,80,1.755,10.065,25.295,6.934,44.728,30.869,77.352,300
uav0000119_02301_v,1360x766,81,1.834,9.993,25.622,6.973,45.229,31.326,78.389,300
uav0000119_02301_v,1360x766,82,1.943,10.047,25.575,7.25,45.274,31.759,78.975,300
uav0000119_02301_v,1360x766,83,1.781,9.85,25.085,6.708,44.285,31.42,77.485,300
uav0000119_02301_v,1360x766,84,2.105,10.301,25.268,7.299,45.58,31.225,78.91,300
uav0000119_02301_v,1360x766,85,1.797,10.139,25.238,6.365,44.184,35.158,81.139,300
uav0000119_02301_v,1360x766,86,1.776,10.006,25.331,6.901,44.687,33.275,79.738,300
uav0000119_02301_v,1360x766,87,2.106,10.265,25.113,7.079,44.958,34.242,81.306,300
uav0000119_02301_v,1360x766,88,1.733,8.461,23.099,6.683,40.857,33.265,75.855,300
uav0000119_02301_v,1360x766,89,1.756,8.37,22.636,7.024,40.626,33.385,75.767,300
uav0000119_02301_v,1360x766,90,1.732,8.431,23.173,6.858,41.043,33.332,76.108,300
uav0000119_02301_v,1360x766,91,2.091,8.217,23.069,6.701,40.577,32.809,75.478,300
uav0000119_02301_v,1360x766,92,1.746,8.472,22.467,7.246,40.757,33.274,75.777,300
uav0000119_02301_v,1360x766,93,2.094,8.612,23.381,7.041,41.668,33.215,76.977,300
uav0000119_02301_v,1360x766,94,1.997,8.393,23.034,6.5,40.51,33.872,76.379,300
uav0000119_02301_v,1360x766,95,2.037,8.198,23.091,6.738,40.717,34.309,77.063,300
uav0000119_02301_v,1360x766,96,1.836,8.086,23.628,6.899,43.362,33.879,79.077,300
uav0000119_02301_v,1360x766,97,2.071,8.511,23.019,7.207,41.337,34.479,77.887,300
uav0000119_02301_v,1360x766,98,1.774,8.531,23.195,6.891,41.283,37.215,80.273,300
uav0000119_02301_v,1360x766,99,2.237,10.278,25.224,6.877,45.155,35.549,82.941,300
uav0000119_02301_v,1360x766,100,1.962,8.581,23.214,7.216,41.762,35.716,79.44,300
uav0000119_02301_v,1360x766,101,2.166,8.452,23.196,6.959,41.156,36.041,79.363,300
uav0000119_02301_v,1360x766,102,1.75,7.864,23.129,6.614,40.33,33.891,75.97,300
uav0000119_02301_v,1360x766,103,1.818,8.133,20.676,6.647,37.908,30.32,70.046,300
uav0000119_02301_v,1360x766,104,1.832,8.386,21.843,6.968,39.47,32.365,73.667,300
uav0000119_02301_v,1360x766,105,1.921,8.698,22.224,7.568,41.345,36.077,79.343,300
uav0000119_02301_v,1360x766,106,1.807,8.07,22.963,6.831,40.564,34.883,77.254,300
uav0000119_02301_v,1360x766,107,1.903,8.241,23.161,7.506,41.372,36.465,79.74,300
uav0000119_02301_v,1360x766,108,1.867,8.648,23.262,7.733,42.286,36.61,80.763,300
uav0000119_02301_v,1360x766,109,2.009,8.412,21.807,7.23,39.783,31.43,73.222,300
uav0000119_02301_v,1360x766,110,1.761,8.407,20.207,5.536,36.359,31.611,69.731,300
uav0000119_02301_v,1360x766,111,1.109,7.497,20.827,6.653,36.885,28.716,66.71,300
uav0000119_02301_v,1360x766,112,1.272,7.584,21.441,6.132,36.912,32.893,71.078,300
uav0000119_02301_v,1360x766,113,1.325,7.614,21.166,6.242,36.843,32.302,70.47,300
uav0000119_02301_v,1360x766,114,1.423,7.46,22.305,6.301,37.827,34.195,73.445,300
uav0000119_02301_v,1360x766,115,1.988,7.593,21.804,6.995,38.701,32.924,73.613,300
uav0000119_02301_v,1360x766,116,1.757,7.842,22.719,6.55,39.768,34.261,75.786,300
uav0000119_02301_v,1360x766,117,1.737,7.851,23.082,6.739,40.309,35.286,77.332,300
uav0000119_02301_v,1360x766,118,1.875,7.766,23.008,7.099,40.351,33.941,76.167,300
uav0000119_02301_v,1360x766,119,2.166,10.214,25.201,7.218,45.331,36.132,83.629,300
uav0000119_02301_v,1360x766,120,1.779,7.945,23.296,7.172,40.906,36.323,79.007,300
uav0000119_02301_v,1360x766,121,2.113,7.867,23.099,7.264,40.732,36.752,79.596,300
uav0000119_02301_v,1360x766,122,1.999,7.887,23.091,6.693,40.432,35.678,78.108,300
uav0000119_02301_v,1360x766,123,2.181,8.495,22.57,7.322,41.02,36.04,79.242,300
uav0000119_02301_v,1360x766,124,1.835,8.415,23.18,7.33,41.528,36.626,79.989,300
uav0000119_02301_v,1360x766,125,1.834,8.476,22.193,7.138,40.201,36.529,78.564,300
uav0000119_02301_v,1360x766,126,1.797,7.846,23.052,6.798,40.483,36.182,78.462,300
uav0000119_02301_v,1360x766,127,2.046,7.818,23.058,6.768,40.058,35.171,77.275,300
uav0000119_02301_v,1360x766,128,1.773,8.064,23.275,6.402,40.305,34.122,76.2,300
uav0000119_02301_v,1360x766,129,1.818,7.922,23.5,7.503,41.471,35.217,78.506,300
uav0000119_02301_v,1360x766,130,1.541,8.297,22.619,7.113,40.627,35.921,78.089,300
uav0000119_02301_v,1360x766,131,1.858,7.875,23.128,7.165,40.595,39.934,82.386,300
uav0000119_02301_v,1360x766,132,1.881,8.46,23.066,6.771,41.064,36.504,79.449,300
uav0000119_02301_v,1360x766,133,1.852,7.845,23.478,6.831,40.495,36.594,78.94,300
uav0000119_02301_v,1360x766,134,1.774,7.915,23.174,7.209,40.918,37.017,79.709,300
uav0000119_02301_v,1360x766,135,2.128,7.692,21.814,7.251,39.14,36.606,77.873,300
uav0000119_02301_v,1360x766,136,1.781,8.014,23.098,6.712,40.413,36.446,78.64,300
uav0000119_02301_v,1360x766,137,1.567,7.739,23.24,7.113,40.608,38.055,80.23,300
uav0000119_02301_v,1360x766,138,1.444,8.944,20.038,5.248,36.475,34.063,71.981,300
uav0000119_02301_v,1360x766,139,1.387,7.861,19.987,6.37,36.368,36.471,74.226,300
uav0000119_02301_v,1360x766,140,1.134,7.283,20.516,6.572,36.241,29.779,67.154,300
uav0000119_02301_v,1360x766,141,1.492,7.439,20.987,6.584,37.006,31.193,69.69,300
uav0000119_02301_v,1360x766,142,1.3,7.561,20.943,5.94,36.211,34.387,71.898,300
uav0000119_02301_v,1360x766,143,1.064,7.489,20.727,6.319,36.396,33.21,70.67,300
uav0000119_02301_v,1360x766,144,1.268,7.444,21.864,6.423,37.693,34.405,73.367,300
uav0000119_02301_v,1360x766,145,1.322,7.767,23.243,6.7,39.644,34.204,75.17,300
uav0000119_02301_v,1360x766,146,1.602,8.093,20.017,5.237,35.636,31.714,68.953,300
uav0000119_02301_v,1360x766,147,1.107,7.363,20.668,6.207,36.065,28.332,65.504,300
uav0000119_02301_v,1360x766,148,1.22,7.41,20.957,6.011,36.164,32.491,69.875,300
uav0000119_02301_v,1360x766,149,1.124,8.236,22.098,6.486,38.607,31.907,71.637,300
uav0000119_02301_v,1360x766,150,1.766,7.939,23.056,6.875,40.29,35.475,77.53,300
uav0000119_02301_v,1360x766,151,1.745,7.806,23.075,6.605,40.075,34.82,76.64,300
uav0000119_02301_v,1360x766,152,1.547,7.94,23.348,6.594,40.076,36.392,78.015,300
uav0000119_02301_v,1360x766,153,1.865,7.756,21.805,7.01,39.032,35.985,76.882,300
uav0000119_02301_v,1360x766,154,1.704,7.656,23.21,6.741,39.96,36.234,77.898,300
uav0000119_02301_v,1360x766,155,1.373,7.545,23.076,6.598,39.41,35.05,75.834,300
uav0000119_02301_v,1360x766,156,1.632,7.799,22.475,6.706,39.529,35.656,76.817,300
uav0000119_02301_v,1360x766,157,1.227,7.55,23.219,7.088,39.872,34.92,76.019,300
uav0000119_02301_v,1360x766,158,1.58,7.848,22.644,7.108,39.96,37.224,78.764,300
uav0000119_02301_v,1360x766,159,1.895,8.351,23.141,7.323,41.198,36.682,79.775,300
uav0000119_02301_v,1360x766,160,1.546,8.088,23.203,7.394,41.217,36.0,78.764,300
uav0000119_02301_v,1360x766,161,1.764,8.102,23.115,6.743,40.508,37.999,80.271,300
uav0000119_02301_v,1360x766,162,1.671,7.586,23.238,6.812,39.838,37.404,78.913,300
uav0000119_02301_v,1360x766,163,1.119,7.566,22.969,7.03,39.487,35.82,76.425,300
uav0000119_02301_v,1360x766,164,1.507,7.958,21.878,6.95,38.826,36.989,77.322,300
uav0000119_02301_v,1360x766,165,1.565,7.778,22.921,6.672,39.958,36.683,78.205,300
uav0000119_02301_v,1360x766,166,1.793,7.669,22.304,7.071,39.262,36.153,77.208,300
uav0000119_02301_v,1360x766,167,1.519,7.62,23.243,6.719,39.816,35.459,76.795,300
uav0000119_02301_v,1360x766,168,1.369,7.569,23.221,6.655,39.601,35.366,76.335,300
uav0000119_02301_v,1360x766,169,1.839,7.889,23.216,6.91,40.438,35.277,77.554,300
uav0000119_02301_v,1360x766,170,1.756,7.78,23.176,6.575,39.865,34.758,76.379,300
uav0000119_02301_v,1360x766,171,1.556,7.755,23.361,7.07,40.664,37.145,79.365,300
uav0000119_02301_v,1360x766,172,1.746,8.401,23.257,6.638,40.859,36.535,79.14,300
uav0000119_02301_v,1360x766,173,1.524,7.772,21.714,5.797,37.598,34.607,73.728,300
uav0000119_02301_v,1360x766,174,1.646,7.842,22.499,6.504,39.424,36.182,77.252,300
uav0000119_02301_v,1360x766,175,1.06,7.589,23.014,6.591,39.38,36.49,76.929,300
uav0000119_02301_v,1360x766,176,1.331,7.566,22.888,6.925,39.456,37.719,78.506,300
uav0000119_02301_v,1360x766,177,1.274,7.471,22.932,5.973,38.22,36.667,76.162,300
uav0000119_02301_v,1360x766,178,1.137,7.422,21.58,5.936,36.869,34.943,72.949,300
uav0000119_02301_v,1360x766,179,1.044,7.586,21.598,6.125,37.166,35.92,74.13,300
uav0000120_04775_v,1360x766,1,27.217,7.3,19.975,5.117,34.234,23.984,85.435,300
uav0000120_04775_v,1360x766,2,1.532,7.182,20.895,6.659,36.728,33.56,71.82,300
uav0000120_04775_v,1360x766,3,1.556,7.411,22.28,6.259,37.68,33.511,72.747,300
uav0000120_04775_v,1360x766,4,1.569,7.495,21.89,5.792,37.092,31.78,70.442,300
uav0000120_04775_v,1360x766,5,1.844,8.397,19.971,5.709,37.078,28.728,67.651,300
uav0000120_04775_v,1360x766,6,1.88,10.006,22.689,6.242,41.404,22.578,65.862,300
uav0000120_04775_v,1360x766,7,1.895,9.286,21.802,6.384,39.724,22.68,64.299,300
uav0000120_04775_v,1360x766,8,1.915,10.433,25.119,6.626,44.699,25.876,72.49,300
uav0000120_04775_v,1360x766,9,1.901,10.391,23.394,6.278,42.142,23.927,67.97,300
uav0000120_04775_v,1360x766,10,1.667,10.494,25.381,6.9,45.431,27.381,74.478,300
uav0000120_04775_v,1360x766,11,1.842,10.406,25.191,7.31,45.667,33.18,80.69,300
uav0000120_04775_v,1360x766,12,1.711,10.323,25.15,6.996,45.175,40.481,87.367,300
uav0000120_04775_v,1360x766,13,1.693,10.107,22.708,6.766,42.238,37.563,81.494,300
uav0000120_04775_v,1360x766,14,1.577,8.171,22.502,6.613,39.848,36.623,78.048,300
uav0000120_04775_v,1360x766,15,2.057,7.725,21.768,6.645,38.574,36.846,77.477,300
uav0000120_04775_v,1360x766,16,1.565,7.672,20.227,5.02,34.838,34.499,70.902,300
uav0000120_04775_v,1360x766,17,1.312,7.736,19.988,5.769,36.027,34.275,71.614,300
uav0000120_04775_v,1360x766,18,1.276,7.868,20.008,5.974,36.55,37.197,75.022,300
uav0000120_04775_v,1360x766,19,1.398,7.402,20.472,6.481,36.283,34.198,71.879,300
uav0000120_04775_v,1360x766,20,1.491,7.277,20.87,6.613,36.672,35.411,73.574,300
uav0000120_04775_v,1360x766,21,1.502,7.321,21.027,6.09,36.114,37.848,75.464,300
uav0000120_04775_v,1360x766,22,1.404,7.396,20.624,6.46,36.353,37.197,74.954,300
uav0000120_04775_v,1360x766,23,1.233,7.453,20.898,6.731,37.136,38.935,77.304,300
uav0000120_04775_v,1360x766,24,1.296,7.978,21.996,6.477,38.123,40.465,79.884,300
uav0000120_04775_v,1360x766,25,1.268,7.465,21.041,6.119,36.589,39.64,77.497,300
uav0000120_04775_v,1360x766,26,1.119,7.489,21.522,5.835,36.602,39.281,77.002,300
uav0000120_04775_v,1360x766,27,2.055,7.323,20.982,6.625,36.787,38.367,77.209,300
uav0000120_04775_v,1360x766,28,1.242,7.372,21.819,5.928,36.962,39.875,78.079,300
uav0000120_04775_v,1360x766,29,1.265,7.431,20.813,5.816,35.839,41.238,78.342,300
uav0000120_04775_v,1360x766,30,1.27,7.403,21.1,5.956,36.257,39.742,77.269,300
uav0000120_04775_v,1360x766,31,1.276,7.459,20.774,5.864,35.975,40.902,78.152,300
uav0000120_04775_v,1360x766,32,1.498,7.351,20.702,6.114,36.367,40.574,78.439,300
uav0000120_04775_v,1360x766,33,1.364,7.509,21.768,6.484,37.646,38.483,77.492,300
uav0000120_04775_v,1360x766,34,1.1,7.574,21.028,6.468,36.95,40.086,78.136,300
uav0000120_04775_v,1360x766,35,1.419,7.33,20.857,6.774,37.026,41.421,79.866,300
uav0000120_04775_v,1360x766,36,1.325,8.157,21.106,6.975,38.173,41.015,80.513,300
uav0000120_04775_v,1360x766,37,1.46,7.241,21.662,6.409,37.215,39.915,78.59,300
uav0000120_04775_v,1360x766,38,1.268,7.327,21.018,5.913,36.029,42.947,80.244,300
uav0000120_04775_v,1360x766,39,1.11,7.689,21.529,6.787,37.978,41.327,80.415,300
uav0000120_04775_v,1360x766,40,1.343,7.468,20.915,6.678,36.979,41.452,79.774,300
uav0000120_04775_v,1360x766,41,1.048,7.415,20.816,6.031,36.103,41.737,78.887,300
uav0000120_04775_v,1360x766,42,1.294,7.428,21.172,5.826,36.224,41.004,78.522,300
uav0000120_04775_v,1360x766,43,1.134,7.405,20.825,6.276,36.409,38.12,75.662,300
uav0000120_04775_v,1360x766,44,1.466,7.302,20.915,6.415,36.518,38.245,76.229,300
uav0000120_04775_v,1360x766,45,1.489,7.331,20.887,6.449,36.51,40.934,78.933,300
uav0000120_04775_v,1360x766,46,1.253,7.294,20.834,6.649,36.787,38.802,76.842,300
uav0000120_04775_v,1360x766,47,1.501,7.401,21.39,6.593,37.276,41.247,80.024,300
uav0000120_04775_v,1360x766,48,1.528,7.402,20.916,6.396,36.585,41.653,79.765,300
uav0000120_04775_v,1360x766,49,1.519,8.972,22.946,6.545,40.417,41.635,83.57,300
uav0000120_04775_v,1360x766,50,1.538,7.296,20.816,6.418,36.428,39.029,76.995,300
uav0000120_04775_v,1360x766,51,1.478,7.22,20.668,6.311,36.084,41.023,78.585,300
uav0000120_04775_v,1360x766,52,1.812,7.49,20.963,6.458,36.953,39.964,78.729,300
uav0000120_04775_v,1360x766,53,1.417,7.387,20.767,5.819,35.777,39.968,77.161,300
uav0000120_04775_v,1360x766,54,1.3,7.286,20.296,5.868,35.394,40.162,76.857,300
uav0000120_04775_v,1360x766,55,1.134,7.21,20.906,6.407,36.461,39.389,76.984,300
uav0000120_04775_v,1360x766,56,1.513,7.149,20.684,5.988,35.598,41.493,78.604,300
uav0000120_04775_v,1360x766,57,1.455,7.141,20.092,6.381,35.417,40.298,77.171,300
uav0000120_04775_v,1360x766,58,1.441,7.131,20.633,6.054,35.609,41.588,78.638,300
uav0000120_04775_v,1360x766,59,1.349,7.171,20.463,6.47,36.015,39.083,76.447,300
uav0000120_04775_v,1360x766,60,1.317,7.247,20.435,6.379,35.975,39.429,76.72,300
uav0000120_04775_v,1360x766,61,1.214,7.234,20.621,6.306,36.066,41.584,78.863,300
uav0000120_04775_v,1360x766,62,1.305,7.107,20.408,6.416,35.837,40.438,77.58,300
uav0000120_04775_v,1360x766,63,1.435,7.181,20.793,5.958,35.698,42.104,79.237,300
uav0000120_04775_v,1360x766,64,1.625,7.124,20.697,6.167,35.776,40.137,77.538,300
uav0000120_04775_v,1360x766,65,1.419,7.652,21.089,6.84,37.51,40.579,79.507,300
uav0000120_04775_v,1360x766,66,1.374,7.285,20.736,5.902,35.705,42.576,79.655,300
uav0000120_04775_v,1360x766,67,1.515,7.266,20.757,6.039,35.817,43.803,81.135,300
uav0000120_04775_v,1360x766,68,1.477,7.215,20.856,6.629,36.643,40.831,78.951,300
uav0000120_04775_v,1360x766,69,1.48,7.122,20.748,5.961,35.656,43.003,80.139,300
uav0000120_04775_v,1360x766,70,1.458,7.173,20.704,5.869,35.489,42.676,79.624,300
uav0000120_04775_v,1360x766,71,1.028,7.235,20.656,5.911,35.549,41.488,78.065,300
uav0000120_04775_v,1360x766,72,1.414,7.717,20.943,6.429,36.989,41.816,80.22,300
uav0000120_04775_v,1360x766,73,1.206,7.238,20.861,6.518,36.533,40.397,78.136,300
uav0000120_04775_v,1360x766,74,1.442,7.201,20.768,5.812,35.591,41.139,78.172,300
uav0000120_04775_v,1360x766,75,1.48,7.151,19.958,5.969,34.972,41.009,77.461,300
uav0000120_04775_v,1360x766,76,1.474,7.212,21.068,5.925,36.035,41.574,79.083,300
uav0000120_04775_v,1360x766,77,1.276,7.257,20.705,6.148,35.881,43.724,80.88,300
uav0000120_04775_v,1360x766,78,1.289,7.255,20.796,5.978,35.79,42.787,79.866,300
uav0000120_04775_v,1360x766,79,1.268,7.294,20.78,5.958,35.787,42.522,79.576,300
uav0000120_04775_v,1360x766,80,1.267,7.115,20.771,5.951,35.579,41.249,78.095,300
uav0000120_04775_v,1360x766,81,1.451,7.145,20.388,6.651,36.035,38.983,76.47,300
uav0000120_04775_v,1360x766,82,1.419,7.213,20.555,6.398,36.017,39.64,77.076,300
uav0000120_04775_v,1360x766,83,1.316,7.285,20.731,5.966,35.819,41.533,78.667,300
uav0000120_04775_v,1360x766,84,1.297,7.237,20.949,6.477,36.521,39.945,77.764,300
uav0000120_04775_v,1360x766,85,1.199,7.233,20.676,5.968,35.611,42.723,79.532,300
uav0000120_04775_v,1360x766,86,1.422,7.131,20.729,5.911,35.529,41.973,78.923,300
uav0000120_04775_v,1360x766,87,1.3,7.077,20.581,6.5,36.013,37.834,75.146,300
uav0000120_04775_v,1360x766,88,1.286,7.099,21.037,6.787,36.78,40.766,78.832,300
uav0000120_04775_v,1360x766,89,1.393,7.246,20.794,5.828,35.633,43.499,80.525,300
uav0000120_04775_v,1360x766,90,1.073,7.278,20.824,6.994,36.957,42.561,80.591,300
uav0000120_04775_v,1360x766,91,1.254,7.242,20.902,6.577,36.626,41.381,79.261,300
uav0000120_04775_v,1360x766,92,1.467,7.169,20.516,6.815,36.403,40.981,78.851,300
uav0000120_04775_v,1360x766,93,1.379,7.134,20.717,5.965,35.547,43.351,80.276,300
uav0000120_04775_v,1360x766,94,1.41,7.169,20.063,5.953,35.017,42.732,79.159,300
uav0000120_04775_v,1360x766,95,1.296,7.238,20.788,6.026,35.874,41.14,78.311,300
uav0000120_04775_v,1360x766,96,1.11,7.203,20.447,6.392,35.963,39.088,76.161,300
uav0000120_04775_v,1360x766,97,1.201,7.8,19.971,5.854,36.706,44.146,82.052,300
uav0000120_04775_v,1360x766,98,1.251,7.197,20.044,5.284,34.316,42.437,78.004,300
uav0000120_04775_v,1360x766,99,1.517,7.695,20.086,5.246,34.804,42.287,78.609,300
uav0000120_04775_v,1360x766,100,1.52,7.66,20.125,5.168,34.731,42.737,78.988,300
uav0000120_04775_v,1360x766,101,1.315,7.715,20.056,5.26,34.804,42.323,78.442,300
uav0000120_04775_v,1360x766,102,1.317,7.271,19.984,5.606,34.877,39.737,75.931,300
uav0000120_04775_v,1360x766,103,1.055,7.252,20.473,6.4,35.991,38.627,75.673,300
uav0000120_04775_v,1360x766,104,1.363,7.166,20.338,6.309,35.685,37.471,74.519,300
uav0000120_04775_v,1360x766,105,1.492,7.619,20.791,6.572,36.88,38.152,76.524,300
uav0000120_04775_v,1360x766,106,1.543,7.132,20.194,5.647,34.756,38.556,74.855,300
uav0000120_04775_v,1360x766,107,1.272,7.225,20.803,5.763,35.531,40.055,76.858,300
uav0000120_04775_v,1360x766,108,1.292,7.258,19.965,5.72,35.021,38.74,75.053,300
uav0000120_04775_v,1360x766,109,1.091,7.342,20.789,5.889,35.786,42.41,79.287,300
uav0000120_04775_v,1360x766,110,1.088,7.492,20.665,5.78,35.708,41.081,77.878,300
uav0000120_04775_v,1360x766,111,1.338,7.223,21.013,6.815,36.959,39.222,77.519,300
uav0000120_04775_v,1360x766,112,1.305,7.29,20.72,5.978,35.709,41.672,78.685,300
uav0000120_04775_v,1360x766,113,1.29,7.637,20.885,6.483,36.877,40.679,78.845,300
uav0000120_04775_v,1360x766,114,1.254,7.469,20.818,6.659,36.857,41.191,79.302,300
uav0000120_04775_v,1360x766,115,1.306,7.226,20.786,5.879,35.727,42.373,79.406,300
uav0000120_04775_v,1360x766,116,1.298,7.161,20.576,6.36,35.803,39.733,76.834,300
uav0000120_04775_v,1360x766,117,1.498,7.25,20.744,5.707,35.464,40.818,77.78,300
uav0000120_04775_v,1360x766,118,1.509,7.3,20.663,6.2,36.038,38.894,76.44,300
uav0000120_04775_v,1360x766,119,1.313,7.38,20.691,6.207,36.095,41.073,78.482,300
uav0000120_04775_v,1360x766,120,1.295,7.278,20.884,6.474,36.521,38.613,76.429,300
uav0000120_04775_v,1360x766,121,1.36,7.638,20.921,6.406,36.851,39.418,77.629,300
uav0000120_04775_v,1360x766,122,1.08,7.284,19.967,5.863,34.968,38.228,74.276,300
uav0000120_04775_v,1360x766,123,1.151,7.471,20.9,6.42,36.758,37.327,75.237,300
uav0000120_04775_v,1360x766,124,1.306,7.261,20.411,5.675,35.219,37.387,73.911,300
uav0000120_04775_v,1360x766,125,1.284,7.38,21.104,5.993,36.237,39.714,77.235,300
uav0000120_04775_v,1360x766,126,1.318,7.422,20.769,5.782,35.843,37.826,74.987,300
uav0000120_04775_v,1360x766,127,1.108,7.383,21.144,5.866,36.199,40.613,77.92,300
uav0000120_04775_v,1360x766,128,1.269,7.23,20.939,6.509,36.562,38.536,76.366,300
uav0000120_04775_v,1360x766,129,1.318,7.271,20.853,6.318,36.283,42.99,80.591,300
uav0000120_04775_v,1360x766,130,1.3,7.453,20.453,6.16,35.944,41.494,78.738,300
uav0000120_04775_v,1360x766,131,1.341,7.419,20.903,6.447,36.77,40.656,78.767,300
uav0000120_04775_v,1360x766,132,1.291,7.388,21.126,5.996,36.264,41.894,79.448,300
uav0000120_04775_v,1360x766,133,1.296,7.445,21.147,5.762,36.243,37.987,75.525,300
uav0000120_04775_v,1360x766,134,1.431,7.339,21.133,5.877,36.114,40.915,78.46,300
uav0000120_04775_v,1360x766,135,1.339,7.321,20.812,6.424,36.459,40.239,78.037,300
uav0000120_04775_v,1360x766,136,1.443,7.294,20.758,5.711,35.52,40.102,77.065,300
uav0000120_04775_v,1360x766,137,1.298,7.282,20.343,5.901,35.426,37.495,74.219,300
uav0000120_04775_v,1360x766,138,1.398,7.466,20.749,5.747,35.737,39.141,76.275,300
uav0000120_04775_v,1360x766,139,1.432,7.477,20.685,5.737,35.705,39.241,76.378,300
uav0000120_04775_v,1360x766,140,1.448,7.351,20.059,5.769,35.026,39.888,76.361,300
uav0000120_04775_v,1360x766,141,1.429,7.254,20.759,5.585,35.381,39.083,75.893,300
uav0000120_04775_v,1360x766,142,1.431,7.341,20.775,5.673,35.513,40.809,77.754,300
uav0000120_04775_v,1360x766,143,1.34,8.759,23.614,6.65,40.949,42.167,84.457,300
uav0000120_04775_v,1360x766,144,1.505,8.025,22.127,6.176,38.228,39.656,79.389,300
uav0000120_04775_v,1360x766,145,1.525,8.932,23.632,6.164,40.647,40.963,83.135,300
uav0000120_04775_v,1360x766,146,1.267,7.333,21.819,6.557,37.619,41.273,80.159,300
uav0000120_04775_v,1360x766,147,1.582,7.806,22.711,6.163,38.435,42.152,82.169,300
uav0000120_04775_v,1360x766,148,1.451,7.328,21.258,5.833,36.174,41.926,79.551,300
uav0000120_04775_v,1360x766,149,1.506,8.052,20.801,5.796,36.827,40.281,78.615,300
uav0000120_04775_v,1360x766,150,1.116,7.439,20.865,6.23,36.481,37.561,75.159,300
uav0000120_04775_v,1360x766,151,1.061,7.401,21.19,6.776,37.37,37.675,76.106,300
uav0000120_04775_v,1360x766,152,1.466,7.235,20.869,6.278,36.34,38.256,76.062,300
uav0000120_04775_v,1360x766,153,1.477,7.294,20.748,6.249,36.184,38.871,76.533,300
uav0000120_04775_v,1360x766,154,1.444,7.723,21.202,6.338,37.079,41.968,80.492,300
uav0000120_04775_v,1360x766,155,1.316,7.249,20.948,7.0,36.994,42.671,80.98,300
uav0000120_04775_v,1360x766,156,1.098,7.843,21.597,5.863,37.205,41.369,79.672,300
uav0000120_04775_v,1360x766,157,1.291,7.425,21.102,5.851,36.187,41.91,79.388,300
uav0000120_04775_v,1360x766,158,1.441,7.546,21.377,5.962,36.62,39.675,77.736,300
uav0000120_04775_v,1360x766,159,1.271,7.493,21.13,6.054,36.385,38.772,76.429,300
uav0000120_04775_v,1360x766,160,1.303,7.32,20.081,5.804,35.081,38.009,74.393,300
uav0000120_04775_v,1360x766,161,1.243,7.291,20.746,5.714,35.583,39.983,76.81,300
uav0000120_04775_v,1360x766,162,1.417,7.826,20.84,5.729,36.198,37.8,75.415,300
uav0000120_04775_v,1360x766,163,1.096,7.434,21.148,5.851,36.216,40.09,77.402,300
uav0000120_04775_v,1360x766,164,1.455,7.274,20.639,6.002,35.848,37.922,75.225,300
uav0000120_04775_v,1360x766,165,1.3,7.436,20.813,5.817,35.939,38.945,76.184,300
uav0000120_04775_v,1360x766,166,1.391,7.39,20.881,5.682,35.858,36.678,73.927,300
uav0000120_04775_v,1360x766,167,1.408,7.333,20.687,6.22,36.177,36.9,74.485,300
uav0000120_04775_v,1360x766,168,1.438,7.267,20.009,5.134,34.267,41.279,76.984,300
uav0000120_04775_v,1360x766,169,1.304,7.306,20.89,5.768,35.795,36.661,73.76,300
uav0000120_04775_v,1360x766,170,1.096,7.36,20.006,5.762,35.154,38.011,74.262,300
uav0000120_04775_v,1360x766,171,1.316,7.273,20.962,6.166,36.327,37.968,75.61,300
uav0000120_04775_v,1360x766,172,1.287,7.483,20.849,5.709,35.914,35.371,72.572,300
uav0000120_04775_v,1360x766,173,1.299,7.27,19.938,4.996,33.987,37.29,72.576,300
uav0000120_04775_v,1360x766,174,1.46,7.296,19.987,4.776,33.622,34.559,69.641,300
uav0000120_04775_v,1360x766,175,1.394,7.296,20.006,5.74,34.944,34.194,70.532,300
uav0000120_04775_v,1360x766,176,1.683,7.661,20.183,4.933,34.682,37.772,74.137,300
uav0000120_04775_v,1360x766,177,1.498,7.542,20.076,4.877,34.325,38.31,74.133,300
uav0000120_04775_v,1360x766,178,1.667,7.546,20.123,4.954,34.449,36.989,73.104,300
uav0000120_04775_v,1360x766,179,1.346,7.388,19.971,5.297,34.69,31.61,67.646,300
uav0000120_04775_v,1360x766,180,1.248,7.291,20.777,5.585,35.49,30.307,67.045,300
uav0000120_04775_v,1360x766,181,1.492,7.463,21.466,5.545,36.349,26.808,64.649,300
uav0000120_04775_v,1360x766,182,2.083,7.76,22.18,5.566,37.819,27.055,66.958,262
uav0000120_04775_v,1360x766,183,3.508,8.402,22.918,6.295,40.001,23.044,66.552,254
uav0000120_04775_v,1360x766,184,1.772,7.878,24.758,6.217,41.282,24.389,67.443,267
uav0000120_04775_v,1360x766,185,1.8,9.992,25.264,6.547,44.165,23.1,69.064,271
uav0000120_04775_v,1360x766,186,1.719,10.494,25.151,6.547,44.831,26.061,72.612,295
uav0000120_04775_v,1360x766,187,1.762,10.169,25.154,6.656,44.656,34.619,81.037,300
uav0000120_04775_v,1360x766,188,1.901,10.293,25.063,6.908,44.844,36.762,83.507,300
uav0000120_04775_v,1360x766,189,1.856,8.603,22.84,6.25,40.252,37.494,79.601,300
uav0000120_04775_v,1360x766,190,1.582,9.279,21.858,5.794,39.116,37.357,78.055,300
uav0000120_04775_v,1360x766,191,1.557,8.276,20.041,6.183,36.88,33.453,71.89,300
uav0000120_04775_v,1360x766,192,1.127,7.722,19.972,5.502,35.662,34.644,71.433,300
uav0000120_04775_v,1360x766,193,1.351,7.932,20.018,5.835,36.281,36.407,74.039,300
uav0000120_04775_v,1360x766,194,1.403,7.345,20.043,5.044,34.29,37.202,72.895,300
uav0000120_04775_v,1360x766,195,1.683,7.762,20.196,5.0,34.852,38.959,75.494,300
uav0000120_04775_v,1360x766,196,1.77,7.339,20.15,5.123,34.426,39.744,75.94,300
uav0000120_04775_v,1360x766,197,1.428,7.673,20.066,5.069,34.662,38.878,74.967,300
uav0000120_04775_v,1360x766,198,1.426,7.948,20.013,6.158,36.17,38.886,76.482,300
uav0000120_04775_v,1360x766,199,1.288,7.897,20.002,5.895,35.965,39.399,76.653,300
uav0000120_04775_v,1360x766,200,1.36,7.329,20.058,4.97,34.222,39.813,75.396,300
uav0000120_04775_v,1360x766,201,1.547,7.326,20.024,5.034,34.219,38.8,74.567,300
uav0000120_04775_v,1360x766,202,1.471,7.513,20.05,4.969,34.319,37.978,73.769,300
uav0000120_04775_v,1360x766,203,1.088,8.173,20.313,5.633,35.973,39.373,76.434,300
uav0000120_04775_v,1360x766,204,1.11,7.898,20.811,6.714,37.369,38.884,77.363,300
uav0000120_04775_v,1360x766,205,1.368,9.426,23.478,6.036,40.858,40.256,82.481,300
uav0000120_04775_v,1360x766,206,1.454,7.394,20.847,5.521,35.573,38.805,75.832,300
uav0000120_04775_v,1360x766,207,1.409,7.34,21.586,6.463,37.241,34.345,72.995,300
uav0000120_04775_v,1360x766,208,1.527,7.419,22.129,5.714,37.044,37.863,76.434,300
uav0000120_04775_v,1360x766,209,1.318,8.96,22.917,6.447,40.274,40.462,82.053,300
uav0000120_04775_v,1360x766,210,1.772,8.491,22.901,5.826,39.534,38.975,80.281,300
uav0000120_04775_v,1360x766,211,1.076,7.7,19.982,4.97,34.474,36.373,71.923,300
uav0000120_04775_v,1360x766,212,1.464,7.33,19.976,4.811,33.924,33.776,69.164,300
uav0000120_04775_v,1360x766,213,1.088,7.702,20.732,6.072,36.412,32.449,69.949,300
uav0000120_04775_v,1360x766,214,1.074,7.403,19.955,5.825,35.066,33.174,69.314,300
uav0000120_04775_v,1360x766,215,1.411,7.29,19.996,6.19,35.58,34.287,71.278,300
uav0000120_04775_v,1360x766,216,1.086,7.367,21.355,5.19,36.237,37.756,75.078,300
uav0000120_04775_v,1360x766,217,1.04,7.708,19.999,6.222,35.884,34.718,71.643,300
uav0000120_04775_v,1360x766,218,1.102,7.344,20.018,5.089,34.295,35.437,70.834,300
uav0000120_04775_v,1360x766,219,1.479,7.237,20.162,5.019,34.174,38.184,73.837,300
uav0000120_04775_v,1360x766,220,1.794,7.337,20.079,5.04,34.283,37.498,73.574,300
uav0000120_04775_v,1360x766,221,1.33,7.771,20.016,5.963,36.196,37.728,75.254,300
uav0000120_04775_v,1360x766,222,1.491,7.816,20.314,5.226,35.282,34.874,71.647,300
uav0000120_04775_v,1360x766,223,1.452,7.672,19.978,5.352,34.752,36.627,72.831,300
uav0000120_04775_v,1360x766,224,1.333,7.262,20.923,6.793,36.957,34.029,72.319,300
uav0000120_04775_v,1360x766,225,1.336,7.595,19.967,5.952,35.773,36.233,73.342,300
uav0000120_04775_v,1360x766,226,1.278,7.391,19.997,6.154,35.501,37.497,74.276,300
uav0000120_04775_v,1360x766,227,1.643,7.51,20.475,5.912,35.816,36.307,73.766,300
uav0000120_04775_v,1360x766,228,1.589,7.356,19.974,5.137,34.405,35.994,71.989,300
uav0000120_04775_v,1360x766,229,1.273,7.287,19.963,5.123,34.217,35.666,71.156,300
uav0000120_04775_v,1360x766,230,1.262,7.514,20.073,6.243,35.987,36.241,73.489,300
uav0000120_04775_v,1360x766,231,1.556,7.415,19.986,5.091,34.534,34.853,70.942,300
uav0000120_04775_v,1360x766,232,1.302,7.359,19.964,5.85,35.249,34.184,70.734,300
uav0000120_04775_v,1360x766,233,1.325,7.52,19.983,5.0,34.399,34.617,70.341,300
uav0000120_04775_v,1360x766,234,1.053,7.36,19.955,5.215,34.394,34.85,70.297,300
uav0000120_04775_v,1360x766,235,1.103,7.461,20.003,4.75,33.953,32.46,67.516,300
uav0000120_04775_v,1360x766,236,1.139,9.046,21.872,5.904,38.934,34.352,74.425,300
uav0000120_04775_v,1360x766,237,1.054,7.592,21.748,6.821,38.289,36.197,75.54,300
uav0000120_04775_v,1360x766,238,1.607,7.568,21.802,6.559,37.946,37.326,76.879,300
uav0000120_04775_v,1360x766,239,1.52,7.441,22.878,5.958,38.169,38.181,77.87,300
uav0000120_04775_v,1360x766,240,1.301,7.452,21.694,5.864,36.904,35.027,73.232,300
uav0000120_04775_v,1360x766,241,1.266,7.492,19.957,5.127,34.449,34.804,70.519,300
uav0000120_04775_v,1360x766,242,1.251,7.329,20.006,5.723,35.277,35.758,72.285,300
uav0000120_04775_v,1360x766,243,1.487,7.471,20.001,5.848,35.397,32.813,69.697,300
uav0000120_04775_v,1360x766,244,1.272,7.243,20.028,6.335,35.751,34.546,71.569,300
uav0000120_04775_v,1360x766,245,1.053,7.28,19.972,5.171,34.293,34.782,70.128,300
uav0000120_04775_v,1360x766,246,1.083,7.514,19.987,5.089,34.485,33.947,69.515,300
uav0000120_04775_v,1360x766,247,1.331,7.356,19.956,5.102,34.298,35.276,70.905,300
uav0000120_04775_v,1360x766,248,1.015,7.377,20.033,5.783,35.242,32.795,69.051,300
uav0000120_04775_v,1360x766,249,1.368,7.332,19.995,6.028,35.526,34.1,70.994,300
uav0000120_04775_v,1360x766,250,1.109,7.566,20.82,5.757,35.931,35.341,72.381,300
uav0000120_04775_v,1360x766,251,1.313,7.43,19.935,5.247,34.656,37.883,73.852,300
uav0000120_04775_v,1360x766,252,1.1,7.28,20.452,5.682,35.266,31.399,67.765,300
uav0000120_04775_v,1360x766,253,1.303,7.462,19.969,5.65,35.038,33.745,70.086,300
uav0000120_04775_v,1360x766,254,1.295,7.552,22.978,6.176,38.644,36.124,76.063,300
uav0000120_04775_v,1360x766,255,1.738,7.6,23.033,6.468,39.421,37.1,78.26,300
uav0000120_04775_v,1360x766,256,1.292,7.471,21.721,5.814,36.979,35.802,74.074,300
uav0000120_04775_v,1360x766,257,1.293,7.455,21.757,6.389,37.582,34.839,73.714,300
uav0000120_04775_v,1360x766,258,1.153,7.652,20.671,6.133,36.436,34.674,72.264,300
uav0000120_04775_v,1360x766,259,1.463,7.654,20.009,4.789,34.158,33.778,69.399,300
uav0000120_04775_v,1360x766,260,1.263,7.401,20.034,5.112,34.485,34.464,70.212,300
uav0000120_04775_v,1360x766,261,1.128,7.317,19.971,5.283,34.443,32.345,67.915,300
uav0000120_04775_v,1360x766,262,1.078,7.324,20.94,6.11,36.231,33.484,70.793,300
uav0000120_04775_v,1360x766,263,1.193,7.321,21.078,6.501,36.8,31.466,69.46,300
uav0000120_04775_v,1360x766,264,1.523,7.428,20.636,5.726,35.674,32.958,70.155,300
uav0000120_04775_v,1360x766,265,1.42,7.434,20.281,5.673,35.237,38.861,75.518,300
uav0000120_04775_v,1360x766,266,1.378,7.586,21.11,6.677,37.308,34.205,72.891,300
uav0000120_04775_v,1360x766,267,1.576,7.543,23.155,5.647,38.242,36.142,75.96,300
uav0000120_04775_v,1360x766,268,1.817,7.743,23.48,6.487,40.171,36.811,78.8,300
uav0000120_04775_v,1360x766,269,1.608,7.518,23.021,6.291,39.06,37.696,78.363,300
uav0000120_04775_v,1360x766,270,1.303,7.469,21.518,5.886,36.802,36.283,74.388,300
uav0000120_04775_v,1360x766,271,1.249,7.692,20.008,5.38,35.027,32.178,68.454,300
uav0000120_04775_v,1360x766,272,1.121,7.244,20.025,5.638,34.912,17.971,54.004,151
uav0000120_04775_v,1360x766,273,1.727,8.051,23.026,6.016,39.644,13.204,54.575,50
uav0000120_04775_v,1360x766,274,1.893,10.341,25.209,5.386,43.417,10.783,56.093,22
uav0000120_04775_v,1360x766,275,2.12,10.495,25.161,5.721,43.87,10.708,56.698,37
uav0000120_04775_v,1360x766,276,2.049,10.88,25.04,5.775,44.127,11.264,57.44,39
uav0000120_04775_v,1360x766,277,1.747,11.259,25.115,6.483,45.426,12.614,59.786,53
uav0000120_04775_v,1360x766,278,2.036,11.514,25.267,7.293,46.96,24.463,73.46,189
uav0000120_04775_v,1360x766,279,1.995,11.422,25.212,6.982,46.633,30.644,79.273,238
uav0000120_04775_v,1360x766,280,1.899,11.576,25.209,5.739,44.985,35.18,82.065,250
uav0000120_04775_v,1360x766,281,1.884,10.277,24.925,6.369,44.34,28.264,74.488,257
uav0000120_04775_v,1360x766,282,2.145,10.377,25.024,6.739,44.745,29.878,76.769,246
uav0000120_04775_v,1360x766,283,1.735,10.21,25.139,6.443,44.438,29.323,75.495,248
uav0000120_04775_v,1360x766,284,1.576,10.114,23.616,6.545,42.801,25.57,69.947,256
uav0000120_04775_v,1360x766,285,1.6,9.777,25.139,6.316,43.997,27.467,73.064,250
uav0000120_04775_v,1360x766,286,1.784,9.915,25.153,6.348,44.067,27.734,73.586,249
uav0000120_04775_v,1360x766,287,1.553,10.472,24.069,6.825,44.093,27.165,72.81,243
uav0000120_04775_v,1360x766,288,1.646,10.245,20.221,5.57,38.354,23.952,63.952,254
uav0000120_04775_v,1360x766,289,1.556,7.77,22.305,6.331,38.944,26.94,67.44,259
uav0000120_04775_v,1360x766,290,1.522,8.106,23.008,6.171,39.886,27.94,69.347,271
uav0000120_04775_v,1360x766,291,1.855,9.822,25.162,6.269,43.976,27.327,73.157,283
uav0000120_04775_v,1360x766,292,1.58,10.211,25.298,6.398,44.571,27.693,73.844,262
uav0000120_04775_v,1360x766,293,2.009,10.271,24.971,5.92,43.678,27.567,73.253,247
uav0000120_04775_v,1360x766,294,1.98,10.609,24.979,4.903,42.63,27.798,72.407,266
uav0000120_04775_v,1360x766,295,1.661,10.529,22.498,5.442,40.829,28.713,71.203,246
uav0000120_04775_v,1360x766,296,1.63,8.579,19.988,5.179,36.233,26.268,64.131,244
uav0000120_04775_v,1360x766,297,1.287,8.165,21.087,5.83,36.888,27.174,65.349,253
uav0000120_04775_v,1360x766,298,1.772,8.292,22.977,6.188,40.05,27.235,69.057,254
uav0000120_04775_v,1360x766,299,1.567,9.273,21.166,5.845,38.5,24.716,64.784,256
uav0000120_04775_v,1360x766,300,1.708,10.992,25.16,6.366,45.159,24.054,70.921,248
uav0000120_04775_v,1360x766,301,1.779,9.963,25.146,6.204,44.046,24.588,70.414,248
uav0000120_04775_v,1360x766,302,1.143,9.803,25.079,6.581,43.485,25.541,70.168,230
uav0000120_04775_v,1360x766,303,2.148,10.325,25.41,6.902,44.979,25.031,72.158,212
uav0000120_04775_v,1360x766,304,1.801,10.598,25.211,6.713,44.949,26.833,73.582,223
uav0000120_04775_v,1360x766,305,1.598,9.863,21.782,6.14,40.356,24.62,66.574,225
uav0000120_04775_v,1360x766,306,2.099,9.953,25.319,6.711,44.443,26.257,72.799,226
uav0000120_04775_v,1360x766,307,1.774,10.208,25.205,6.662,44.744,28.223,74.741,235
uav0000120_04775_v,1360x766,308,1.91,10.444,22.554,6.119,41.722,26.483,70.115,232
uav0000120_04775_v,1360x766,309,1.739,8.273,24.183,6.324,41.289,28.239,71.266,255
uav0000120_04775_v,1360x766,310,2.074,10.323,25.153,6.328,44.442,28.755,75.272,230
uav0000120_04775_v,1360x766,311,1.769,10.129,25.437,6.875,45.063,27.363,74.194,218
uav0000120_04775_v,1360x766,312,1.776,10.235,25.221,6.121,44.285,24.085,70.146,183
uav0000120_04775_v,1360x766,313,2.104,10.579,25.172,6.731,45.2,22.881,70.184,201
uav0000120_04775_v,1360x766,314,1.908,10.939,25.082,6.562,45.134,22.117,69.158,180
uav0000120_04775_v,1360x766,315,2.051,11.291,25.217,7.394,48.861,24.5,75.412,185
uav0000120_04775_v,1360x766,316,1.95,9.891,25.36,6.707,45.134,25.876,72.96,188
uav0000120_04775_v,1360x766,317,1.746,11.257,25.18,6.8,46.071,25.765,73.582,210
uav0000120_04775_v,1360x766,318,1.68,10.738,25.473,6.414,45.355,27.874,74.91,206
uav0000120_04775_v,1360x766,319,1.888,10.486,25.152,6.624,45.115,27.11,74.113,219
uav0000120_04775_v,1360x766,320,1.975,10.655,25.275,7.041,45.701,31.877,79.553,217
uav0000120_04775_v,1360x766,321,1.828,11.26,25.102,7.206,46.4,30.869,79.096,224
uav0000120_04775_v,1360x766,322,2.055,10.571,25.174,6.868,45.136,31.264,78.455,219
uav0000120_04775_v,1360x766,323,1.885,10.471,25.112,6.787,45.08,28.879,75.844,227
uav0000120_04775_v,1360x766,324,1.907,10.586,25.148,6.359,44.763,29.144,75.814,228
uav0000120_04775_v,1360x766,325,1.653,10.86,25.37,6.262,45.303,26.806,73.762,239
uav0000120_04775_v,1360x766,326,2.177,10.626,21.726,7.074,42.169,28.179,72.525,246
uav0000120_04775_v,1360x766,327,2.274,10.431,25.19,7.304,45.665,29.295,77.234,259
uav0000120_04775_v,1360x766,328,2.743,11.435,25.285,6.443,46.254,32.625,81.621,243
uav0000120_04775_v,1360x766,329,1.595,8.843,20.832,6.155,38.214,26.315,66.124,241
uav0000120_04775_v,1360x766,330,2.056,7.872,23.149,6.533,40.068,22.532,64.656,192
uav0000120_04775_v,1360x766,331,1.731,10.222,25.219,6.068,44.129,16.282,62.142,112
uav0000120_04775_v,1360x766,332,2.0,10.559,25.328,6.762,45.31,15.548,62.858,96
uav0000120_04775_v,1360x766,333,1.907,11.102,25.196,6.831,45.852,16.521,64.281,125
uav0000120_04775_v,1360x766,334,1.896,11.42,25.284,6.622,45.966,19.197,67.058,124
uav0000120_04775_v,1360x766,335,1.75,11.28,25.107,7.072,46.238,22.889,70.877,218
uav0000120_04775_v,1360x766,336,2.147,11.071,25.252,7.178,46.455,28.964,77.566,272
uav0000120_04775_v,1360x766,337,1.348,11.948,25.26,7.408,47.004,33.995,82.346,264
uav0000120_04775_v,1360x766,338,1.971,11.79,25.569,6.458,46.91,32.592,81.473,300
uav0000120_04775_v,1360x766,339,2.056,10.806,25.811,7.364,46.733,32.245,81.035,295
uav0000120_04775_v,1360x766,340,2.348,10.643,25.234,6.555,45.109,32.431,79.888,254
uav0000120_04775_v,1360x766,341,2.634,11.808,22.292,6.354,42.94,26.363,71.937,265
uav0000120_04775_v,1360x766,342,2.082,10.217,25.063,6.078,43.792,24.964,70.838,264
uav0000120_04775_v,1360x766,343,1.952,10.077,24.302,6.03,43.0,23.949,68.901,244
uav0000120_04775_v,1360x766,344,1.784,10.108,25.283,6.48,44.353,21.733,67.871,190
uav0000120_04775_v,1360x766,345,1.594,10.267,25.25,6.407,44.756,21.658,68.008,208
uav0000120_04775_v,1360x766,346,1.679,10.492,25.356,6.692,45.301,19.571,66.552,210
uav0000120_04775_v,1360x766,347,1.604,10.448,25.117,8.047,46.465,20.251,68.319,221
uav0000120_04775_v,1360x766,348,2.1,10.642,25.53,6.998,46.025,21.388,69.512,232
uav0000120_04775_v,1360x766,349,1.838,10.443,25.244,6.876,45.332,24.935,72.104,248
uav0000120_04775_v,1360x766,350,2.2,10.595,25.204,7.18,45.764,27.845,75.809,287
uav0000120_04775_v,1360x766,351,1.839,10.898,25.206,7.439,46.319,30.394,78.551,297
uav0000120_04775_v,1360x766,352,2.036,10.571,25.389,7.2,45.778,30.005,77.819,297
uav0000120_04775_v,1360x766,353,1.854,10.366,25.589,7.39,45.974,30.165,77.994,279
uav0000120_04775_v,1360x766,354,1.601,10.337,25.237,6.551,44.889,29.479,75.97,286
uav0000120_04775_v,1360x766,355,1.777,10.28,25.08,6.596,44.71,29.739,76.226,281
uav0000120_04775_v,1360x766,356,1.854,10.212,25.233,6.22,44.164,29.328,75.345,285
uav0000120_04775_v,1360x766,357,2.07,10.18,23.932,6.67,43.434,27.153,72.657,281
uav0000120_04775_v,1360x766,358,2.168,10.293,25.161,6.621,44.545,24.129,70.841,237
uav0000120_04775_v,1360x766,359,1.74,10.355,25.126,6.487,44.67,22.093,68.503,231
uav0000120_04775_v,1360x766,360,1.855,10.31,25.745,7.12,45.821,20.604,68.28,242
uav0000120_04775_v,1360x766,361,1.941,10.602,25.593,7.775,46.853,21.188,69.983,217
uav0000120_04775_v,1360x766,362,2.081,11.184,25.204,6.742,45.894,21.395,69.371,162
uav0000120_04775_v,1360x766,363,1.897,10.654,25.279,6.366,44.842,19.914,66.653,198
uav0000120_04775_v,1360x766,364,1.968,10.851,25.355,6.528,45.079,21.711,68.758,196
uav0000120_04775_v,1360x766,365,1.326,10.925,25.337,7.054,45.842,22.427,69.595,223
uav0000120_04775_v,1360x766,366,1.999,11.01,25.605,7.407,46.919,25.018,73.936,217
uav0000120_04775_v,1360x766,367,1.726,11.305,25.391,7.037,46.486,24.539,72.751,209
uav0000120_04775_v,1360x766,368,1.951,11.022,25.313,7.147,46.221,25.537,73.709,216
uav0000120_04775_v,1360x766,369,1.857,11.13,25.351,6.993,46.239,23.527,71.622,221
uav0000120_04775_v,1360x766,370,1.905,11.114,25.25,7.352,46.493,24.813,73.211,229
uav0000120_04775_v,1360x766,371,1.777,10.73,25.458,6.624,45.385,26.761,73.923,202
uav0000120_04775_v,1360x766,372,1.668,11.088,25.324,6.788,45.826,24.361,71.855,194
uav0000120_04775_v,1360x766,373,1.889,10.633,25.294,6.716,45.364,24.997,72.25,235
uav0000120_04775_v,1360x766,374,2.027,10.623,25.429,7.648,46.478,32.575,81.079,292
uav0000120_04775_v,1360x766,375,1.928,10.976,25.625,7.081,46.467,36.532,84.927,300
uav0000120_04775_v,1360x766,376,2.041,10.17,25.282,6.809,44.933,36.939,83.913,300
uav0000120_04775_v,1360x766,377,2.084,10.044,25.228,6.79,44.785,35.425,82.294,300
uav0000120_04775_v,1360x766,378,1.607,8.22,21.734,6.424,38.926,36.126,76.66,300
uav0000120_04775_v,1360x766,379,1.786,8.297,22.68,7.112,40.475,35.879,78.14,300
uav0000120_04775_v,1360x766,380,1.734,7.851,23.134,6.539,40.137,35.824,77.695,300
uav0000120_04775_v,1360x766,381,1.78,7.72,21.721,6.442,38.42,35.571,75.771,300
uav0000120_04775_v,1360x766,382,1.752,7.784,23.198,6.647,39.96,35.569,77.281,300
uav0000120_04775_v,1360x766,383,2.034,7.749,23.08,6.747,39.819,36.192,78.044,300
uav0000120_04775_v,1360x766,384,1.594,7.543,23.218,6.387,39.263,39.052,79.908,300
uav0000120_04775_v,1360x766,385,1.788,8.404,23.381,6.996,41.134,36.819,79.741,300
uav0000120_04775_v,1360x766,386,1.608,7.446,23.015,5.918,38.246,35.7,75.553,300
uav0000120_04775_v,1360x766,387,1.858,7.9,23.148,6.078,39.529,35.905,77.292,300
uav0000120_04775_v,1360x766,388,1.764,7.935,23.041,6.709,40.081,36.276,78.121,300
uav0000120_04775_v,1360x766,389,1.799,7.418,23.048,5.861,38.358,38.152,78.309,300
uav0000120_04775_v,1360x766,390,1.327,7.562,23.146,6.564,39.264,37.096,77.687,300
uav0000120_04775_v,1360x766,391,1.673,7.546,21.859,6.395,37.801,37.424,76.898,300
uav0000120_04775_v,1360x766,392,1.528,7.509,23.594,6.062,39.191,35.063,75.782,300
uav0000120_04775_v,1360x766,393,1.612,7.414,22.077,6.331,37.743,32.956,72.311,300
uav0000120_04775_v,1360x766,394,1.821,7.815,23.093,6.438,39.657,31.95,73.427,300
uav0000120_04775_v,1360x766,395,1.728,8.255,23.01,6.455,40.222,33.027,74.977,300
uav0000120_04775_v,1360x766,396,1.786,7.896,23.166,6.521,39.954,31.478,73.218,300
uav0000120_04775_v,1360x766,397,1.67,8.142,22.961,6.349,39.932,31.736,73.338,277
uav0000120_04775_v,1360x766,398,1.308,10.032,25.307,6.512,44.226,32.586,78.12,280
uav0000120_04775_v,1360x766,399,1.678,8.72,23.561,6.907,41.761,32.307,75.746,300
uav0000120_04775_v,1360x766,400,1.791,9.957,25.626,6.497,44.64,32.195,78.627,295
uav0000120_04775_v,1360x766,401,1.788,10.308,25.197,7.042,45.017,33.525,80.33,300
uav0000120_04775_v,1360x766,402,1.759,9.991,25.548,6.963,45.128,32.101,78.988,300
uav0000120_04775_v,1360x766,403,1.836,9.847,25.118,6.795,44.204,33.102,79.142,300
uav0000120_04775_v,1360x766,404,1.749,9.874,24.307,6.211,43.069,32.942,77.761,300
uav0000120_04775_v,1360x766,405,1.729,8.668,20.208,5.682,36.884,31.751,70.364,300
uav0000120_04775_v,1360x766,406,1.076,7.854,21.771,6.588,38.124,31.967,71.167,300
uav0000120_04775_v,1360x766,407,1.987,8.252,23.248,6.359,40.565,34.489,77.04,300
uav0000120_04775_v,1360x766,408,1.869,8.605,23.272,7.313,41.621,35.635,79.125,300
uav0000120_04775_v,1360x766,409,2.189,8.615,22.719,6.505,40.934,37.058,80.182,300
uav0000120_04775_v,1360x766,410,2.041,8.661,23.22,7.215,41.72,36.375,80.136,300
uav0000120_04775_v,1360x766,411,1.772,9.6,25.639,6.561,44.272,37.536,83.579,300
uav0000120_04775_v,1360x766,412,2.204,8.451,23.054,6.616,40.65,36.608,79.463,300
uav0000120_04775_v,1360x766,413,1.51,8.486,23.469,6.825,41.376,35.315,78.201,300
uav0000120_04775_v,1360x766,414,1.973,8.36,22.998,6.955,40.903,36.298,79.174,300
uav0000120_04775_v,1360x766,415,2.003,7.845,23.083,6.731,40.095,36.396,78.494,300
uav0000120_04775_v,1360x766,416,1.81,8.257,23.106,6.392,40.353,36.077,78.239,292
uav0000120_04775_v,1360x766,417,1.816,7.62,20.911,6.23,37.047,34.474,73.338,290
uav0000120_04775_v,1360x766,418,1.807,7.844,23.093,6.388,39.895,34.937,76.639,300
uav0000120_04775_v,1360x766,419,1.613,7.52,23.16,6.44,39.324,34.42,75.357,288
uav0000120_04775_v,1360x766,420,1.74,7.846,23.13,6.435,39.926,34.321,75.987,300
uav0000120_04775_v,1360x766,421,1.838,7.782,23.042,6.372,39.382,34.562,75.782,300
uav0000120_04775_v,1360x766,422,1.795,7.77,23.023,6.414,39.534,33.101,74.43,300
uav0000120_04775_v,1360x766,423,1.762,7.696,22.903,6.395,39.445,27.026,68.233,241
uav0000120_04775_v,1360x766,424,1.797,9.914,23.296,6.223,41.97,25.42,69.187,245
uav0000120_04775_v,1360x766,425,1.77,10.028,25.259,6.683,44.656,25.559,71.985,261
uav0000120_04775_v,1360x766,426,2.062,10.02,25.198,6.425,44.371,26.551,72.983,244
uav0000120_04775_v,1360x766,427,1.86,10.069,25.125,6.991,44.802,29.892,76.554,300
uav0000120_04775_v,1360x766,428,1.883,10.153,25.519,7.364,45.778,30.997,78.658,300
uav0000120_04775_v,1360x766,429,1.745,10.045,25.188,6.735,44.708,31.265,77.718,300
uav0000120_04775_v,1360x766,430,1.86,10.131,25.234,7.088,45.174,31.929,78.964,300
uav0000120_04775_v,1360x766,431,1.298,10.192,25.45,6.227,43.774,33.038,78.11,293
uav0000120_04775_v,1360x766,432,2.04,10.188,25.24,6.776,44.964,32.415,79.419,300
uav0000120_04775_v,1360x766,433,1.842,10.304,25.264,6.707,44.994,33.104,79.939,300
uav0000120_04775_v,1360x766,434,1.865,9.976,25.27,7.109,45.085,31.514,78.464,300
uav0000120_04775_v,1360x766,435,1.879,9.907,25.169,6.991,44.511,32.261,78.65,300
uav0000120_04775_v,1360x766,436,1.761,9.925,25.31,6.462,44.329,30.803,76.893,281
uav0000120_04775_v,1360x766,437,1.768,9.867,24.521,6.318,43.367,31.053,76.188,290
uav0000120_04775_v,1360x766,438,1.866,9.978,25.226,6.734,44.389,31.563,77.818,273
uav0000120_04775_v,1360x766,439,1.856,10.053,25.137,6.56,44.406,31.946,78.208,300
uav0000120_04775_v,1360x766,440,1.869,9.906,25.304,6.819,44.527,35.326,81.722,300
uav0000120_04775_v,1360x766,441,1.8,8.317,23.003,6.67,40.565,36.977,79.341,300
uav0000120_04775_v,1360x766,442,1.86,7.787,21.868,6.679,38.671,36.893,77.423,282
uav0000120_04775_v,1360x766,443,1.758,7.735,23.017,6.524,39.471,37.258,78.487,296
uav0000120_04775_v,1360x766,444,1.795,10.331,25.634,6.672,45.239,37.453,84.487,300
uav0000120_04775_v,1360x766,445,1.952,8.44,23.798,6.523,41.386,37.929,81.267,300
uav0000120_04775_v,1360x766,446,1.7,7.515,23.223,6.369,39.343,38.608,79.651,286
uav0000120_04775_v,1360x766,447,1.26,7.57,21.781,6.429,37.727,36.413,75.4,300
uav0000120_04775_v,1360x766,448,1.716,7.672,23.237,6.312,39.724,38.429,79.869,300
uav0000120_04775_v,1360x766,449,1.28,7.626,23.097,6.257,38.918,37.408,77.606,300
uav0000120_04775_v,1360x766,450,1.462,7.472,22.324,5.683,37.379,36.578,75.418,300
uav0000120_04775_v,1360x766,451,1.803,7.564,23.11,5.703,38.449,35.594,75.846,289
uav0000120_04775_v,1360x766,452,1.598,7.582,23.326,6.429,39.65,33.527,74.775,282
uav0000120_04775_v,1360x766,453,1.705,7.887,22.822,7.191,40.479,37.082,79.266,300
uav0000120_04775_v,1360x766,454,1.746,7.742,23.213,6.814,40.338,38.68,80.765,300
uav0000120_04775_v,1360x766,455,1.255,7.58,23.169,6.966,39.925,39.24,80.419,300
uav0000120_04775_v,1360x766,456,1.299,7.506,21.836,6.737,38.048,40.256,79.603,300
uav0000120_04775_v,1360x766,457,1.998,7.804,23.038,6.067,38.725,39.762,80.484,300
uav0000120_04775_v,1360x766,458,1.295,7.612,23.061,6.223,38.818,38.106,78.218,300
uav0000120_04775_v,1360x766,459,1.289,7.535,20.891,6.201,36.54,36.516,74.345,300
uav0000120_04775_v,1360x766,460,1.291,7.479,22.2,6.613,38.219,39.721,79.231,300
uav0000120_04775_v,1360x766,461,1.343,7.403,21.219,5.64,36.077,38.803,76.222,300
uav0000120_04775_v,1360x766,462,1.478,7.472,20.921,5.727,35.907,37.557,74.942,300
uav0000120_04775_v,1360x766,463,1.264,7.351,21.148,5.763,36.057,37.019,74.34,300
uav0000120_04775_v,1360x766,464,1.364,7.425,20.978,6.221,36.541,37.579,75.484,300
uav0000120_04775_v,1360x766,465,1.259,7.325,20.942,6.397,36.604,38.292,76.155,300
uav0000120_04775_v,1360x766,466,1.336,7.296,20.925,6.681,36.795,37.744,75.875,300
uav0000120_04775_v,1360x766,467,1.228,7.285,21.593,6.357,37.238,39.111,77.577,300
uav0000120_04775_v,1360x766,468,1.277,7.412,21.19,5.765,36.249,40.38,77.905,300
uav0000120_04775_v,1360x766,469,1.301,8.095,22.595,6.131,38.626,41.635,81.562,300
uav0000120_04775_v,1360x766,470,1.842,7.789,21.547,5.869,37.459,38.556,77.857,300
uav0000120_04775_v,1360x766,471,1.25,7.412,20.884,5.945,36.047,40.056,77.353,300
uav0000120_04775_v,1360x766,472,1.316,9.052,22.817,6.663,40.517,36.522,78.355,300
uav0000120_04775_v,1360x766,473,1.273,7.479,21.184,6.862,37.489,39.29,78.051,300
uav0000120_04775_v,1360x766,474,1.325,8.101,21.447,6.216,37.533,40.163,79.02,300
uav0000120_04775_v,1360x766,475,1.329,7.768,21.301,6.497,37.439,39.031,77.799,300
uav0000120_04775_v,1360x766,476,1.078,7.385,21.002,5.837,36.024,39.719,76.821,300
uav0000120_04775_v,1360x766,477,1.299,7.49,20.834,5.984,36.237,38.593,76.128,300
uav0000120_04775_v,1360x766,478,1.353,7.417,20.79,5.825,35.843,37.569,74.765,300
uav0000120_04775_v,1360x766,479,1.034,7.375,20.936,5.851,36.022,37.354,74.41,300
uav0000120_04775_v,1360x766,480,1.236,7.298,20.878,6.534,36.634,37.616,75.486,300
uav0000120_04775_v,1360x766,481,1.273,7.402,20.86,6.551,36.803,37.445,75.522,300
uav0000120_04775_v,1360x766,482,1.303,7.411,20.837,6.555,36.766,36.806,74.874,300
uav0000120_04775_v,1360x766,483,1.229,7.443,21.218,5.837,36.348,38.99,76.568,300
uav0000120_04775_v,1360x766,484,1.303,7.402,20.787,5.788,35.801,38.311,75.415,300
uav0000120_04775_v,1360x766,485,1.093,7.431,21.234,5.773,36.27,39.61,76.973,300
uav0000120_04775_v,1360x766,486,1.061,8.119,21.264,6.584,37.874,36.787,75.723,300
uav0000120_04775_v,1360x766,487,1.257,7.991,21.101,6.781,37.791,44.102,83.15,300
uav0000120_04775_v,1360x766,488,1.073,7.429,21.28,5.872,36.422,39.851,77.346,300
uav0000120_04775_v,1360x766,489,1.298,7.286,20.938,6.601,36.856,42.279,80.433,300
uav0000120_04775_v,1360x766,490,1.349,7.574,22.437,5.962,37.903,41.894,81.146,300
uav0000120_04775_v,1360x766,491,1.304,7.374,21.118,5.932,36.265,40.787,78.356,300
uav0000120_04775_v,1360x766,492,1.076,7.312,20.811,6.55,36.624,38.323,76.024,300
uav0000120_04775_v,1360x766,493,1.262,7.288,21.013,6.386,36.712,37.592,75.566,300
uav0000120_04775_v,1360x766,494,1.339,7.306,20.769,6.578,36.681,37.895,75.915,300
uav0000120_04775_v,1360x766,495,1.302,7.324,20.863,6.541,36.719,37.977,75.998,300
uav0000120_04775_v,1360x766,496,1.212,7.404,20.857,6.613,36.859,37.857,75.928,300
uav0000120_04775_v,1360x766,497,1.308,7.328,20.854,6.691,36.914,37.844,76.066,300
uav0000120_04775_v,1360x766,498,1.291,7.757,21.023,6.697,37.49,38.682,77.463,300
uav0000120_04775_v,1360x766,499,1.309,8.085,22.208,6.161,38.226,37.813,77.348,300
uav0000120_04775_v,1360x766,500,1.553,7.568,22.99,6.486,38.965,41.093,81.611,300
uav0000120_04775_v,1360x766,501,1.354,7.296,21.778,6.302,37.282,38.414,77.05,300
uav0000120_04775_v,1360x766,502,1.266,7.541,21.907,5.938,37.26,41.608,80.134,300
uav0000120_04775_v,1360x766,503,1.074,7.352,21.052,5.862,36.048,38.63,75.752,300
uav0000120_04775_v,1360x766,504,1.321,7.381,21.117,5.842,36.154,40.022,77.498,300
uav0000120_04775_v,1360x766,505,1.08,7.352,20.746,5.814,35.734,40.342,77.156,300
uav0000120_04775_v,1360x766,506,1.076,7.318,20.891,6.385,36.613,36.271,73.96,300
uav0000120_04775_v,1360x766,507,1.031,7.365,20.938,5.899,36.003,38.33,75.364,300
uav0000120_04775_v,1360x766,508,1.311,7.389,21.195,5.9,36.265,38.74,76.316,300
uav0000120_04775_v,1360x766,509,1.256,7.486,21.3,6.15,36.702,40.208,78.166,300
uav0000120_04775_v,1360x766,510,1.073,7.566,21.018,6.974,37.52,37.966,76.558,300
uav0000120_04775_v,1360x766,511,1.202,8.081,21.006,6.189,37.0,40.894,79.096,300
uav0000120_04775_v,1360x766,512,1.303,7.258,20.952,6.722,36.886,36.847,75.035,300
uav0000120_04775_v,1360x766,513,1.282,7.401,21.501,6.788,37.625,39.141,78.048,300
uav0000120_04775_v,1360x766,514,1.355,7.383,20.647,6.327,36.257,39.767,77.379,300
uav0000120_04775_v,1360x766,515,1.282,7.321,21.294,5.88,36.296,42.931,80.509,300
uav0000120_04775_v,1360x766,516,1.305,7.576,20.881,6.026,36.293,40.654,78.252,300
uav0000120_04775_v,1360x766,517,1.343,7.451,21.041,6.053,36.328,39.587,77.259,300
uav0000120_04775_v,1360x766,518,1.059,7.414,21.062,5.943,36.201,40.292,77.552,300
uav0000120_04775_v,1360x766,519,1.295,7.285,20.833,6.759,36.807,36.591,74.693,300
uav0000120_04775_v,1360x766,520,1.291,7.486,20.841,6.307,36.446,38.861,76.598,300
uav0000120_04775_v,1360x766,521,1.295,7.295,20.832,6.685,36.802,40.637,78.734,300
uav0000120_04775_v,1360x766,522,1.081,8.039,20.995,5.841,36.653,40.174,77.908,300
uav0000120_04775_v,1360x766,523,1.353,7.348,20.917,6.462,36.686,36.913,74.952,300
uav0000120_04775_v,1360x766,524,1.247,7.387,20.876,5.714,35.757,39.929,76.933,300
uav0000120_04775_v,1360x766,525,1.134,7.351,20.864,6.484,36.662,37.254,75.05,300
uav0000120_04775_v,1360x766,526,1.275,7.457,20.869,6.622,36.89,37.068,75.233,300
uav0000120_04775_v,1360x766,527,1.06,7.344,20.782,5.947,35.937,38.389,75.386,300
uav0000120_04775_v,1360x766,528,1.301,8.075,21.893,6.805,38.674,38.443,78.417,300
uav0000120_04775_v,1360x766,529,1.436,7.586,20.958,6.488,36.949,38.137,76.522,300
uav0000120_04775_v,1360x766,530,1.38,7.563,21.828,6.154,37.358,38.256,76.994,300
uav0000120_04775_v,1360x766,531,1.256,7.575,21.115,6.112,36.584,34.735,72.575,300
uav0000120_04775_v,1360x766,532,1.074,7.48,21.559,6.267,37.212,33.388,71.674,300
uav0000120_04775_v,1360x766,533,1.538,7.634,21.879,6.68,38.45,35.943,75.931,300
uav0000120_04775_v,1360x766,534,1.075,7.573,23.176,6.449,39.088,40.008,80.17,300
uav0000120_04775_v,1360x766,535,1.273,8.203,23.61,6.173,39.858,43.182,84.313,300
uav0000120_04775_v,1360x766,536,1.435,7.677,21.88,6.852,38.417,41.934,81.786,300
uav0000120_04775_v,1360x766,537,1.119,7.55,23.2,6.047,38.583,40.092,79.793,300
uav0000120_04775_v,1360x766,538,1.325,7.539,21.769,6.15,37.343,40.687,79.355,300
uav0000120_04775_v,1360x766,539,1.316,7.235,20.913,6.585,36.714,37.676,75.706,300
uav0000120_04775_v,1360x766,540,1.053,8.035,20.844,6.487,37.348,37.109,75.511,300
uav0000120_04775_v,1360x766,541,1.233,7.289,20.806,6.638,36.679,37.04,74.953,300
uav0000120_04775_v,1360x766,542,1.217,7.412,20.774,5.87,35.857,39.953,77.027,300
uav0000120_04775_v,1360x766,543,1.225,7.314,20.851,6.662,36.777,38.463,76.466,300
uav0000120_04775_v,1360x766,544,1.243,7.302,21.073,6.979,37.302,38.767,77.312,300
uav0000120_04775_v,1360x766,545,1.408,7.395,20.756,6.054,36.0,40.791,78.199,300
uav0000120_04775_v,1360x766,546,1.414,7.293,20.396,6.768,36.467,38.351,76.232,300
uav0000120_04775_v,1360x766,547,1.263,7.323,20.859,6.545,36.747,38.352,76.362,300
uav0000120_04775_v,1360x766,548,1.12,7.372,21.016,6.808,37.079,41.84,80.039,300
uav0000120_04775_v,1360x766,549,1.145,7.526,20.927,6.52,36.907,40.693,78.744,300
uav0000120_04775_v,1360x766,550,1.32,7.478,20.872,6.776,37.057,40.72,79.096,300
uav0000120_04775_v,1360x766,551,1.269,7.425,21.118,5.987,36.303,42.348,79.92,300
uav0000120_04775_v,1360x766,552,1.066,8.101,21.227,6.225,37.262,38.339,76.668,300
uav0000120_04775_v,1360x766,553,1.236,7.985,21.13,6.914,37.935,40.859,80.03,300
uav0000120_04775_v,1360x766,554,1.062,7.416,20.782,6.039,36.109,38.848,76.019,300
uav0000120_04775_v,1360x766,555,1.108,7.434,20.87,6.099,36.149,39.729,76.985,300
uav0000120_04775_v,1360x766,556,1.314,7.357,20.935,6.607,36.856,37.37,75.54,300
uav0000120_04775_v,1360x766,557,1.202,7.409,20.903,6.709,37.037,37.27,75.509,300
uav0000120_04775_v,1360x766,558,1.414,7.243,20.818,6.615,36.637,36.738,74.79,300
uav0000120_04775_v,1360x766,559,1.251,7.396,20.795,6.399,36.263,37.793,75.307,300
uav0000120_04775_v,1360x766,560,1.069,7.364,21.145,6.078,36.35,38.706,76.126,300
uav0000120_04775_v,1360x766,561,1.041,7.366,21.297,6.283,36.642,41.004,78.688,300
uav0000120_04775_v,1360x766,562,1.139,7.511,20.806,6.544,36.788,37.595,75.521,300
uav0000120_04775_v,1360x766,563,1.024,7.29,20.923,6.689,36.854,37.103,74.981,300
uav0000120_04775_v,1360x766,564,1.269,8.091,21.147,6.87,38.013,38.55,77.832,300
uav0000120_04775_v,1360x766,565,1.279,8.026,21.385,6.242,37.372,43.808,82.46,300
uav0000120_04775_v,1360x766,566,1.297,7.322,20.828,6.672,36.799,38.038,76.133,300
uav0000120_04775_v,1360x766,567,1.041,7.382,20.853,6.665,36.84,39.71,77.592,300
uav0000120_04775_v,1360x766,568,1.909,13.045,21.122,5.993,42.932,39.671,84.512,300
uav0000120_04775_v,1360x766,569,1.037,7.681,19.986,6.471,36.069,40.379,77.485,300
uav0000120_04775_v,1360x766,570,1.067,7.908,20.449,6.683,36.93,40.524,78.521,300
uav0000120_04775_v,1360x766,571,1.277,7.387,20.988,6.06,36.232,40.241,77.749,300
uav0000120_04775_v,1360x766,572,1.09,7.357,21.202,6.957,37.483,38.606,77.18,300
uav0000120_04775_v,1360x766,573,1.31,7.377,20.948,6.705,36.94,40.857,79.107,300
uav0000120_04775_v,1360x766,574,1.293,7.26,20.892,6.686,36.833,42.371,80.497,300
uav0000120_04775_v,1360x766,575,1.308,7.517,20.624,6.643,36.724,41.657,79.689,300
uav0000120_04775_v,1360x766,576,1.118,8.13,20.793,6.668,37.501,42.558,81.176,300
uav0000120_04775_v,1360x766,577,1.3,7.981,21.556,6.327,37.584,42.682,81.566,300
uav0000120_04775_v,1360x766,578,1.288,7.444,20.841,6.695,36.909,39.855,78.051,300
uav0000120_04775_v,1360x766,579,1.298,7.364,21.101,5.994,36.29,40.926,78.514,300
uav0000120_04775_v,1360x766,580,1.265,7.395,20.902,6.614,36.857,38.612,76.735,300
uav0000120_04775_v,1360x766,581,1.206,7.454,20.936,6.476,36.698,38.57,76.473,300
uav0000120_04775_v,1360x766,582,1.293,7.363,21.005,5.843,36.051,40.704,78.049,300
uav0000120_04775_v,1360x766,583,1.394,7.224,20.078,6.067,35.267,37.994,74.654,300
uav0000120_04775_v,1360x766,584,1.269,7.299,20.811,5.841,35.694,39.729,76.692,300
uav0000120_04775_v,1360x766,585,1.219,7.288,20.736,5.792,35.547,39.501,76.268,300
uav0000120_04775_v,1360x766,586,1.278,7.41,20.122,6.123,35.491,39.218,75.987,300
uav0000120_04775_v,1360x766,587,1.229,7.226,20.752,5.698,35.447,41.218,77.894,300
uav0000120_04775_v,1360x766,588,1.254,7.355,20.708,6.13,36.149,38.068,75.472,300
uav0000120_04775_v,1360x766,589,1.476,8.147,21.388,6.084,37.385,40.082,78.943,300
uav0000120_04775_v,1360x766,590,1.482,7.431,20.92,6.521,36.839,37.613,75.934,300
uav0000120_04775_v,1360x766,591,1.471,7.452,20.972,6.69,37.106,39.895,78.473,300
uav0000120_04775_v,1360x766,592,1.278,7.365,21.347,5.888,36.488,40.38,78.146,300
uav0000120_04775_v,1360x766,593,1.49,7.389,21.361,6.18,36.836,39.409,77.736,300
uav0000120_04775_v,1360x766,594,1.274,7.398,21.214,5.925,36.371,40.06,77.705,300
uav0000120_04775_v,1360x766,595,1.538,7.402,20.901,6.521,36.725,38.894,77.157,300
uav0000120_04775_v,1360x766,596,1.511,7.384,20.478,6.306,36.076,39.265,76.851,300
uav0000120_04775_v,1360x766,597,1.39,7.405,21.145,5.882,36.231,40.672,78.293,300
uav0000120_04775_v,1360x766,598,1.301,7.266,20.82,6.538,36.552,37.134,74.987,300
uav0000120_04775_v,1360x766,599,1.249,7.391,20.875,5.855,35.921,40.013,77.182,300
uav0000120_04775_v,1360x766,600,1.284,8.247,21.006,6.262,37.24,42.422,80.947,300
uav0000120_04775_v,1360x766,601,1.502,7.557,21.138,6.125,36.735,39.884,78.121,300
uav0000120_04775_v,1360x766,602,1.529,7.451,20.849,6.508,36.773,40.063,78.365,300
uav0000120_04775_v,1360x766,603,1.462,7.413,21.285,5.968,36.462,40.039,77.962,300
uav0000120_04775_v,1360x766,604,1.52,7.343,20.898,6.37,36.536,36.788,74.844,300
uav0000120_04775_v,1360x766,605,1.436,7.41,20.837,5.859,35.917,40.716,78.07,300
uav0000120_04775_v,1360x766,606,1.318,7.349,20.621,6.252,36.12,37.685,75.122,300
uav0000120_04775_v,1360x766,607,1.521,7.603,20.891,6.403,36.755,37.193,75.469,300
uav0000120_04775_v,1360x766,608,1.243,7.236,20.952,6.611,36.774,37.913,75.93,300
uav0000120_04775_v,1360x766,609,1.233,7.288,20.874,6.651,36.817,38.495,76.545,300
uav0000120_04775_v,1360x766,610,1.522,7.656,21.269,6.198,36.899,38.096,76.517,300
uav0000120_04775_v,1360x766,611,1.267,7.366,20.966,6.461,36.688,40.968,78.923,300
uav0000120_04775_v,1360x766,612,1.26,8.039,20.938,6.534,37.492,41.051,79.803,300
uav0000120_04775_v,1360x766,613,1.463,7.238,21.771,6.431,37.379,39.409,78.251,300
uav0000120_04775_v,1360x766,614,1.679,7.671,21.513,6.706,38.061,40.679,80.418,300
uav0000120_04775_v,1360x766,615,1.301,7.369,21.502,5.851,36.541,40.531,78.372,300
uav0000120_04775_v,1360x766,616,1.285,7.431,21.269,6.292,36.789,41.059,79.133,300
uav0000120_04775_v,1360x766,617,1.325,7.284,20.911,6.879,36.986,37.902,76.213,300
uav0000120_04775_v,1360x766,618,1.547,7.351,20.916,6.457,36.588,40.374,78.509,300
uav0000120_04775_v,1360x766,619,1.455,7.425,20.862,5.974,36.183,38.617,76.254,300
uav0000120_04775_v,1360x766,620,1.264,7.45,20.871,5.933,36.024,39.07,76.357,300
uav0000120_04775_v,1360x766,621,1.295,7.407,20.881,6.515,36.808,36.249,74.352,300
uav0000120_04775_v,1360x766,622,1.302,7.436,21.231,5.917,36.367,39.617,77.286,300
uav0000120_04775_v,1360x766,623,1.306,7.311,20.855,6.739,36.884,37.06,75.25,300
uav0000120_04775_v,1360x766,624,1.275,7.32,20.778,5.868,35.763,39.536,76.574,300
uav0000120_04775_v,1360x766,625,1.447,7.791,21.151,6.387,37.36,40.716,79.523,300
uav0000120_04775_v,1360x766,626,1.245,7.457,21.483,6.645,37.505,39.547,78.297,300
uav0000120_04775_v,1360x766,627,1.279,7.746,20.605,5.953,36.092,41.368,78.739,300
uav0000120_04775_v,1360x766,628,1.316,7.385,20.874,6.465,36.643,38.238,76.197,300
uav0000120_04775_v,1360x766,629,1.327,7.383,20.877,6.388,36.551,38.061,75.939,300
uav0000120_04775_v,1360x766,630,1.274,7.303,20.444,6.506,36.16,37.409,74.843,300
uav0000120_04775_v,1360x766,631,1.274,7.42,20.875,5.835,35.922,38.289,75.485,300
uav0000120_04775_v,1360x766,632,1.293,7.307,20.767,6.003,35.851,41.638,78.782,300
uav0000120_04775_v,1360x766,633,1.303,7.43,20.724,6.437,36.362,43.184,80.85,300
uav0000120_04775_v,1360x766,634,1.216,7.398,21.194,6.242,36.609,41.432,79.257,300
uav0000120_04775_v,1360x766,635,1.232,7.321,21.146,5.998,36.305,40.698,78.235,300
uav0000120_04775_v,1360x766,636,1.24,7.445,20.822,6.486,36.707,38.767,76.714,300
uav0000120_04775_v,1360x766,637,1.248,7.389,20.93,6.278,36.505,37.895,75.647,300
uav0000120_04775_v,1360x766,638,1.273,7.377,20.821,6.35,36.403,38.123,75.799,300
uav0000120_04775_v,1360x766,639,1.291,7.35,20.913,6.274,36.446,37.121,74.858,300
uav0000120_04775_v,1360x766,640,1.622,12.829,20.19,5.245,40.202,35.251,77.075,300
uav0000120_04775_v,1360x766,641,1.089,7.282,20.399,6.387,35.955,36.067,73.11,300
uav0000120_04775_v,1360x766,642,1.217,7.883,21.048,6.117,36.805,39.72,77.742,300
uav0000120_04775_v,1360x766,643,1.286,7.442,20.201,5.78,35.287,38.122,74.695,300
uav0000120_04775_v,1360x766,644,1.302,7.283,20.812,6.018,35.933,38.888,76.124,300
uav0000120_04775_v,1360x766,645,1.214,7.449,20.764,5.871,35.843,38.983,76.04,300
uav0000120_04775_v,1360x766,646,1.281,7.38,20.77,5.887,35.81,42.034,79.126,300
uav0000120_04775_v,1360x766,647,1.035,7.393,20.743,6.711,36.732,39.949,77.716,300
uav0000120_04775_v,1360x766,648,1.029,7.294,20.832,6.004,35.905,38.855,75.79,300
uav0000120_04775_v,1360x766,649,1.287,7.448,20.84,5.919,36.119,37.269,74.674,300
uav0000120_04775_v,1360x766,650,1.256,7.379,21.086,5.954,36.218,40.13,77.604,300
uav0000120_04775_v,1360x766,651,1.294,7.32,20.079,6.4,35.81,36.754,73.858,300
uav0000120_04775_v,1360x766,652,1.297,7.415,20.985,5.953,36.115,38.916,76.329,300
uav0000120_04775_v,1360x766,653,1.263,7.457,20.949,5.944,36.207,40.073,77.542,300
uav0000120_04775_v,1360x766,654,1.036,8.194,21.2,6.717,38.044,41.707,80.787,300
uav0000120_04775_v,1360x766,655,1.355,8.055,21.652,5.963,37.553,41.787,80.695,300
uav0000120_04775_v,1360x766,656,1.33,7.352,20.99,6.263,36.48,40.61,78.42,300
uav0000120_04775_v,1360x766,657,1.316,7.401,20.847,6.653,36.889,40.247,78.453,300
uav0000120_04775_v,1360x766,658,1.319,7.398,21.44,6.265,36.992,40.589,78.9,300
uav0000120_04775_v,1360x766,659,1.341,7.367,20.966,6.256,36.467,44.847,82.654,300
uav0000120_04775_v,1360x766,660,1.084,7.924,21.151,6.85,37.844,39.979,78.906,300
uav0000120_04775_v,1360x766,661,1.269,7.434,21.345,5.898,36.492,41.813,79.574,300
uav0000120_04775_v,1360x766,662,1.307,7.442,21.202,5.896,36.332,40.223,77.862,300
uav0000120_04775_v,1360x766,663,1.386,7.291,20.896,6.423,36.54,38.916,76.841,300
uav0000120_04775_v,1360x766,664,1.372,7.337,21.344,6.031,36.599,41.311,79.282,300
uav0000120_04775_v,1360x766,665,1.313,7.37,20.917,6.475,36.696,38.415,76.424,300
uav0000120_04775_v,1360x766,666,1.06,7.359,20.532,6.553,36.384,38.53,75.974,300
uav0000120_04775_v,1360x766,667,1.382,7.369,21.079,6.392,36.767,41.255,79.404,300
uav0000120_04775_v,1360x766,668,1.318,7.434,20.039,5.699,35.492,39.795,76.605,300
uav0000120_04775_v,1360x766,669,1.363,8.161,20.025,6.349,36.499,40.607,78.47,300
uav0000120_04775_v,1360x766,670,1.31,7.685,20.4,5.513,35.495,42.481,79.286,300
uav0000120_04775_v,1360x766,671,1.07,7.886,20.097,5.492,35.349,42.346,78.765,300
uav0000120_04775_v,1360x766,672,1.449,7.731,20.876,5.896,36.427,47.655,85.531,300
uav0000120_04775_v,1360x766,673,1.319,7.952,20.013,5.65,35.499,44.454,81.272,300
uav0000120_04775_v,1360x766,674,1.53,7.935,20.015,5.883,36.219,39.08,76.829,300
uav0000120_04775_v,1360x766,675,1.576,7.99,20.017,6.461,36.515,41.635,79.726,300
uav0000120_04775_v,1360x766,676,1.534,7.894,20.008,6.207,36.154,41.989,79.677,300
uav0000120_04775_v,1360x766,677,1.297,7.862,20.292,6.16,36.378,41.582,79.258,300
uav0000120_04775_v,1360x766,678,1.022,7.896,20.935,6.47,37.25,39.909,78.181,300
uav0000120_04775_v,1360x766,679,1.304,7.698,20.833,6.077,36.446,41.064,78.814,300
uav0000120_04775_v,1360x766,680,1.328,7.322,20.707,6.477,36.435,39.287,77.05,300
uav0000120_04775_v,1360x766,681,1.295,7.436,20.813,5.932,35.989,39.916,77.199,300
uav0000120_04775_v,1360x766,682,1.269,7.226,21.097,6.531,36.793,37.568,75.63,300
uav0000120_04775_v,1360x766,683,1.238,7.389,20.985,6.025,36.172,36.841,74.252,300
uav0000120_04775_v,1360x766,684,1.24,7.359,21.089,5.973,36.317,40.037,77.593,300
uav0000120_04775_v,1360x766,685,1.306,7.33,20.804,5.842,35.778,38.525,75.609,300
uav0000120_04775_v,1360x766,686,1.224,7.371,21.445,6.0,36.75,41.065,79.038,300
uav0000120_04775_v,1360x766,687,1.267,7.365,21.224,5.982,36.403,41.378,79.048,300
uav0000120_04775_v,1360x766,688,1.257,7.338,20.986,6.305,36.545,40.17,77.972,300
uav0000120_04775_v,1360x766,689,1.058,7.326,21.397,5.791,36.275,40.605,77.938,300
uav0000120_04775_v,1360x766,690,1.247,7.364,20.864,6.348,36.438,41.172,78.857,300
uav0000120_04775_v,1360x766,691,1.266,7.447,20.906,6.596,36.908,39.741,77.914,300
uav0000120_04775_v,1360x766,692,1.073,7.636,20.829,6.178,36.446,39.717,77.236,300
uav0000120_04775_v,1360x766,693,1.064,7.469,20.814,5.9,36.048,36.73,73.842,300
uav0000120_04775_v,1360x766,694,1.218,7.476,21.26,6.184,36.629,38.945,76.792,300
uav0000120_04775_v,1360x766,695,1.288,7.477,21.198,5.888,36.433,40.397,78.118,300
uav0000120_04775_v,1360x766,696,1.06,7.457,20.907,6.414,36.707,37.284,75.051,300
uav0000120_04775_v,1360x766,697,1.327,8.168,21.108,6.755,37.973,40.503,79.802,300
uav0000120_04775_v,1360x766,698,1.243,7.473,20.819,5.791,35.959,40.726,77.928,300
uav0000120_04775_v,1360x766,699,1.32,7.443,21.067,6.246,36.618,40.923,78.861,300
uav0000120_04775_v,1360x766,700,1.286,7.307,20.932,6.778,37.024,36.246,74.555,300
uav0000120_04775_v,1360x766,701,1.299,7.393,21.147,6.019,36.364,39.423,77.086,300
uav0000120_04775_v,1360x766,702,1.255,7.449,21.199,6.841,37.511,36.268,75.034,300
uav0000120_04775_v,1360x766,703,1.343,7.829,20.818,5.679,36.18,40.373,77.896,300
uav0000120_04775_v,1360x766,704,1.285,8.978,22.95,6.495,40.37,36.598,78.253,300
uav0000120_04775_v,1360x766,705,1.058,7.543,21.721,7.024,38.257,40.333,79.648,300
uav0000120_04775_v,1360x766,706,1.266,9.095,23.226,6.688,42.436,40.195,83.897,300
uav0000120_04775_v,1360x766,707,1.223,7.521,21.564,5.915,36.799,38.988,77.01,300
uav0000120_04775_v,1360x766,708,1.272,7.502,20.855,6.645,36.991,39.734,77.997,300
uav0000120_04775_v,1360x766,709,1.124,7.826,21.082,6.01,36.697,40.112,77.933,300
uav0000120_04775_v,1360x766,710,1.251,7.462,20.861,6.611,36.933,36.817,75.0,300
uav0000120_04775_v,1360x766,711,1.306,7.872,20.917,5.967,36.655,43.8,81.761,300
uav0000120_04775_v,1360x766,712,1.134,7.603,22.267,6.031,37.736,40.744,79.615,300
uav0000120_04775_v,1360x766,713,1.379,7.464,20.902,6.434,36.782,39.745,77.906,300
uav0000120_04775_v,1360x766,714,1.257,7.455,21.209,5.975,36.456,40.644,78.357,300
uav0000120_04775_v,1360x766,715,1.354,8.324,20.974,5.958,37.096,41.028,79.478,300
uav0000120_04775_v,1360x766,716,1.281,7.444,20.887,6.525,36.857,37.131,75.269,300
uav0000120_04775_v,1360x766,717,1.227,7.563,21.043,6.867,37.437,38.036,76.699,300
uav0000120_04775_v,1360x766,718,1.185,7.341,20.93,6.586,36.841,38.295,76.321,300
uav0000120_04775_v,1360x766,719,1.308,7.412,20.928,6.449,36.756,38.619,76.683,300
uav0000120_04775_v,1360x766,720,1.266,8.111,21.501,6.252,37.732,37.874,76.871,300
uav0000120_04775_v,1360x766,721,1.263,8.135,21.394,5.954,37.284,39.84,78.388,300
uav0000120_04775_v,1360x766,722,1.271,7.427,20.907,6.429,36.736,37.636,75.643,300
uav0000120_04775_v,1360x766,723,1.349,7.443,20.925,6.372,36.723,40.489,78.561,300
uav0000120_04775_v,1360x766,724,1.258,7.475,21.549,6.401,37.843,42.982,82.083,300
uav0000120_04775_v,1360x766,725,1.294,7.464,20.681,6.4,36.466,40.003,77.763,300
uav0000120_04775_v,1360x766,726,1.051,7.464,21.081,6.162,36.49,37.922,75.463,300
uav0000120_04775_v,1360x766,727,1.281,8.009,21.598,6.574,38.15,37.988,77.419,300
uav0000120_04775_v,1360x766,728,1.18,7.363,20.853,6.411,36.635,37.862,75.677,300
uav0000120_04775_v,1360x766,729,1.265,7.379,20.831,6.527,36.757,38.232,76.255,300
uav0000120_04775_v,1360x766,730,1.143,7.363,21.206,6.766,37.354,38.769,77.265,300
uav0000120_04775_v,1360x766,731,1.28,7.384,20.627,6.401,36.295,33.766,71.341,300
uav0000120_04775_v,1360x766,732,1.135,8.086,20.933,6.169,37.056,38.005,76.196,300
uav0000120_04775_v,1360x766,733,1.336,7.487,20.937,6.298,36.612,36.443,74.392,300
uav0000120_04775_v,1360x766,734,1.268,7.469,20.833,6.08,36.163,40.182,77.613,300
uav0000120_04775_v,1360x766,735,1.094,7.459,20.968,6.331,36.69,36.128,73.912,300
uav0000120_04775_v,1360x766,736,1.286,7.445,21.495,6.646,37.501,39.297,78.084,300
uav0000120_04775_v,1360x766,737,1.461,7.439,20.887,6.381,36.615,41.009,79.084,300
uav0000120_04775_v,1360x766,738,1.261,9.804,22.205,6.618,40.727,39.948,81.935,300
uav0000120_04775_v,1360x766,739,1.309,7.452,21.281,5.826,36.38,40.276,77.964,300
uav0000120_04775_v,1360x766,740,1.009,7.651,20.146,4.923,34.512,36.652,72.173,300
uav0000120_04775_v,1360x766,741,1.325,7.164,20.191,5.159,34.229,34.847,70.401,300
uav0000120_04775_v,1360x766,742,1.028,7.199,19.913,5.427,34.457,34.714,70.199,300
uav0000120_04775_v,1360x766,743,1.44,7.159,19.939,5.519,34.385,35.534,71.36,300
uav0000120_04775_v,1360x766,744,1.411,7.138,19.981,6.278,35.808,40.472,77.692,300
uav0000120_04775_v,1360x766,745,1.376,7.381,19.989,5.711,35.225,36.502,73.103,300
uav0000120_04775_v,1360x766,746,1.582,7.33,20.017,5.184,34.43,36.996,73.009,300
uav0000120_04775_v,1360x766,747,1.566,7.571,19.983,5.065,34.5,37.687,73.752,300
uav0000120_04775_v,1360x766,748,1.328,7.353,19.979,5.205,34.463,37.058,72.849,300
uav0000120_04775_v,1360x766,749,1.39,7.344,20.005,5.372,34.594,38.032,74.016,300
uav0000120_04775_v,1360x766,750,1.556,7.553,20.019,4.933,34.164,35.438,71.158,300
uav0000120_04775_v,1360x766,751,1.429,7.515,20.285,5.745,35.537,38.044,75.011,300
uav0000120_04775_v,1360x766,752,1.191,7.191,19.94,5.122,34.063,36.911,72.165,300
uav0000120_04775_v,1360x766,753,1.285,7.323,19.999,5.2,34.38,36.43,72.095,300
uav0000120_04775_v,1360x766,754,1.277,7.366,21.893,5.086,36.023,33.93,71.23,300
uav0000120_04775_v,1360x766,755,1.633,7.971,20.218,5.019,34.873,36.368,72.874,300
uav0000120_04775_v,1360x766,756,1.207,8.057,21.17,6.407,37.573,34.924,73.704,300
uav0000120_04775_v,1360x766,757,1.26,7.615,21.197,5.813,36.432,38.488,76.181,300
uav0000120_04775_v,1360x766,758,1.051,7.433,20.915,6.413,36.65,37.503,75.204,300
uav0000120_04775_v,1360x766,759,1.156,7.453,20.969,6.299,36.676,38.224,76.056,300
uav0000120_04775_v,1360x766,760,1.272,7.436,20.655,6.169,36.174,36.977,74.423,300
uav0000120_04775_v,1360x766,761,1.293,7.464,21.838,6.294,37.578,38.005,76.876,300
uav0000120_04775_v,1360x766,762,1.301,9.506,23.335,6.145,40.932,35.46,77.693,300
uav0000120_04775_v,1360x766,763,1.756,7.786,22.872,5.847,38.729,38.533,79.018,300
uav0000120_04775_v,1360x766,764,1.398,7.624,22.919,6.572,39.063,36.378,76.839,300
uav0000120_04775_v,1360x766,765,1.253,10.091,25.211,6.472,44.022,36.685,81.96,300
uav0000120_04775_v,1360x766,766,1.336,7.506,23.027,6.714,39.461,37.505,78.302,300
uav0000120_04775_v,1360x766,767,1.719,7.735,23.099,5.894,38.663,37.406,77.788,300
uav0000120_04775_v,1360x766,768,1.298,7.626,21.844,6.562,38.243,37.365,76.906,300
uav0000120_04775_v,1360x766,769,1.292,7.583,21.741,6.068,37.274,36.239,74.805,300
uav0000120_04775_v,1360x766,770,1.356,7.586,23.112,5.98,38.489,37.38,77.225,300
uav0000120_04775_v,1360x766,771,1.304,8.029,23.171,6.279,39.197,36.382,76.883,300
uav0000120_04775_v,1360x766,772,1.478,8.58,22.257,5.961,39.041,39.256,79.774,300
uav0000120_04775_v,1360x766,773,1.712,7.724,23.141,5.993,38.733,37.936,78.381,300
uav0000120_04775_v,1360x766,774,1.216,7.529,21.915,5.889,37.228,37.289,75.733,300
uav0000120_04775_v,1360x766,775,1.334,7.586,22.038,5.909,37.397,35.531,74.262,300
uav0000120_04775_v,1360x766,776,1.518,7.625,23.046,5.834,38.418,37.604,77.54,300
uav0000120_04775_v,1360x766,777,1.388,7.621,22.055,6.052,37.675,34.858,73.921,300
uav0000120_04775_v,1360x766,778,1.687,7.921,23.075,6.347,39.9,36.473,78.059,300
uav0000120_04775_v,1360x766,779,1.142,7.539,21.699,5.896,36.962,36.365,74.469,300
uav0000120_04775_v,1360x766,780,1.285,7.574,21.726,6.454,37.686,34.672,73.643,300
uav0000120_04775_v,1360x766,781,1.841,7.868,23.032,6.454,39.813,36.513,78.166,300
uav0000120_04775_v,1360x766,782,1.367,7.61,23.032,6.003,38.588,37.905,77.86,300
uav0000120_04775_v,1360x766,783,1.117,7.582,20.951,6.256,36.694,37.209,75.019,300
uav0000120_04775_v,1360x766,784,1.298,7.527,22.404,5.784,37.583,39.114,77.996,300
uav0000120_04775_v,1360x766,785,1.525,7.636,21.787,6.669,38.164,35.003,74.692,300
uav0000120_04775_v,1360x766,786,1.147,7.605,21.914,5.952,37.399,36.672,75.218,300
uav0000120_04775_v,1360x766,787,1.39,7.603,23.128,5.815,38.394,37.733,77.516,300
uav0000120_04775_v,1360x766,788,1.291,7.694,23.181,6.456,39.322,36.282,76.896,300
uav0000120_04775_v,1360x766,789,1.789,7.594,23.137,5.749,38.577,35.631,75.998,300
uav0000120_04775_v,1360x766,790,1.71,7.623,23.018,5.716,38.173,32.388,72.271,300
uav0000120_04775_v,1360x766,791,1.7,8.338,22.301,5.534,38.747,29.231,69.678,300
uav0000120_04775_v,1360x766,792,1.58,8.494,23.066,6.719,40.845,25.056,67.48,273
uav0000120_04775_v,1360x766,793,1.794,10.212,25.13,6.372,44.207,23.312,69.312,286
uav0000120_04775_v,1360x766,794,1.678,10.277,25.236,6.615,44.777,23.83,70.285,269
uav0000120_04775_v,1360x766,795,1.885,10.395,25.204,7.015,45.327,22.88,70.093,274
uav0000120_04775_v,1360x766,796,1.6,10.463,25.196,6.613,44.981,24.586,71.167,284
uav0000120_04775_v,1360x766,797,1.606,10.508,25.088,6.665,44.989,23.993,70.588,288
uav0000120_04775_v,1360x766,798,1.62,10.461,25.281,7.976,46.274,26.144,74.038,272
uav0000120_04775_v,1360x766,799,1.808,10.829,25.43,7.246,46.199,26.115,74.123,300
uav0000120_04775_v,1360x766,800,1.716,10.746,25.194,7.438,46.133,25.998,73.847,300
uav0000120_04775_v,1360x766,801,1.751,10.747,25.171,6.9,45.593,24.146,71.49,247
uav0000120_04775_v,1360x766,802,1.594,10.741,25.268,6.507,45.259,23.314,70.168,257
uav0000120_04775_v,1360x766,803,1.739,10.699,25.228,7.197,45.935,24.025,71.699,278
uav0000120_04775_v,1360x766,804,1.835,10.747,25.133,7.014,45.662,24.43,71.927,260
uav0000120_04775_v,1360x766,805,1.682,10.708,25.349,6.361,44.77,25.337,71.79,278
uav0000120_04775_v,1360x766,806,1.759,11.225,25.317,7.177,46.643,26.007,74.408,262
uav0000120_04775_v,1360x766,807,1.871,11.104,25.27,7.223,46.423,24.814,73.108,254
uav0000120_04775_v,1360x766,808,1.827,11.026,25.124,6.851,45.618,23.402,70.848,247
uav0000120_04775_v,1360x766,809,1.78,10.666,25.292,6.574,45.258,25.381,72.42,263
uav0000120_04775_v,1360x766,810,1.739,10.734,25.229,7.091,45.857,23.966,71.563,247
uav0000120_04775_v,1360x766,811,1.853,10.595,25.224,6.519,44.996,24.568,71.417,262
uav0000120_04775_v,1360x766,812,1.586,10.791,25.199,6.196,44.384,23.577,69.547,254
uav0000120_04775_v,1360x766,813,1.708,11.025,25.631,7.267,46.844,23.223,71.775,252
uav0000120_04775_v,1360x766,814,1.941,11.118,25.166,6.903,46.048,25.257,73.247,247
uav0000120_04775_v,1360x766,815,1.843,10.891,25.245,6.832,45.721,25.661,73.225,241
uav0000120_04775_v,1360x766,816,1.609,10.502,25.225,6.473,44.978,22.476,69.064,217
uav0000120_04775_v,1360x766,817,1.848,10.799,25.267,7.411,46.37,23.648,71.866,251
uav0000120_04775_v,1360x766,818,1.827,10.65,25.29,6.975,45.628,20.642,68.098,228
uav0000120_04775_v,1360x766,819,2.03,11.158,25.28,6.916,46.115,20.992,69.137,230
uav0000120_04775_v,1360x766,820,1.824,11.947,25.157,6.841,46.703,22.847,71.374,209
uav0000120_04775_v,1360x766,821,1.907,11.973,25.264,7.01,47.168,21.433,70.508,217
uav0000120_04775_v,1360x766,822,1.764,11.353,25.336,7.527,47.149,21.957,70.871,231
uav0000120_04775_v,1360x766,823,1.77,11.532,25.283,6.725,46.215,21.146,69.13,239
uav0000120_04775_v,1360x766,824,1.773,11.393,25.335,7.239,46.635,22.51,70.918,291
uav0000120_04775_v,1360x766,825,1.809,11.118,25.205,6.886,45.877,22.246,69.932,263
uav0000120_04775_v,1360x766,826,1.874,11.005,25.167,7.11,46.091,22.992,70.957,232
uav0000120_04775_v,1360x766,827,1.278,11.658,25.251,7.281,46.599,24.44,72.317,255
uav0000120_04775_v,1360x766,828,2.25,11.025,25.103,7.147,45.9,25.325,73.474,300
uav0000120_04775_v,1360x766,829,1.807,11.188,25.26,7.168,46.466,24.853,73.126,298
uav0000120_04775_v,1360x766,830,1.579,10.784,25.231,6.985,45.889,22.653,70.121,279
uav0000120_04775_v,1360x766,831,1.717,10.771,25.18,6.775,45.241,29.183,76.141,300
uav0000120_04775_v,1360x766,832,1.816,10.468,25.281,7.393,45.927,24.938,72.681,295
uav0000120_04775_v,1360x766,833,1.644,11.479,25.575,6.935,46.564,24.366,72.574,300
uav0000120_04775_v,1360x766,834,1.909,11.465,25.165,7.145,46.484,25.507,73.9,300
uav0000120_04775_v,1360x766,835,1.877,10.636,25.291,7.532,46.24,25.745,73.862,295
uav0000120_04775_v,1360x766,836,1.714,10.819,25.252,6.924,45.731,25.604,73.049,300
uav0000120_04775_v,1360x766,837,1.793,10.886,25.267,7.553,46.417,25.764,73.975,300
uav0000120_04775_v,1360x766,838,1.872,10.908,25.313,7.305,46.344,26.878,75.094,298
uav0000120_04775_v,1360x766,839,1.803,10.819,25.295,7.467,46.397,279.022,327.223,280
uav0000120_04775_v,1360x766,840,1.273,7.318,19.919,4.621,33.655,15.795,50.722,283
uav0000120_04775_v,1360x766,841,1.255,7.249,19.923,5.46,34.501,16.134,51.89,284
uav0000120_04775_v,1360x766,842,1.243,7.481,20.763,5.723,35.801,20.15,57.193,260
uav0000120_04775_v,1360x766,843,1.277,7.789,23.537,6.349,39.809,22.455,63.541,300
uav0000120_04775_v,1360x766,844,1.775,9.813,25.115,6.454,44.092,23.247,69.114,269
uav0000120_04775_v,1360x766,845,1.857,10.203,22.371,6.41,41.567,25.634,69.058,242
uav0000120_04775_v,1360x766,846,1.796,10.285,25.223,6.651,44.846,26.347,72.989,300
uav0000120_04775_v,1360x766,847,1.796,11.966,25.292,6.909,46.639,25.469,73.904,300
uav0000120_04775_v,1360x766,848,2.078,12.562,25.87,7.794,49.283,23.985,75.347,300
uav0000120_04775_v,1360x766,849,1.699,10.462,25.288,7.577,46.05,25.257,73.005,282
uav0000120_04775_v,1360x766,850,2.053,10.912,25.289,6.761,45.734,26.378,74.165,278
uav0000120_04775_v,1360x766,851,1.816,10.532,25.294,7.127,45.769,25.562,73.147,263
uav0000120_04775_v,1360x766,852,1.604,9.206,23.177,7.278,42.403,24.786,68.792,275
uav0000120_04775_v,1360x766,853,1.803,10.858,25.352,6.841,45.896,25.287,72.987,261
uav0000120_04775_v,1360x766,854,1.839,10.357,25.204,6.655,44.998,25.894,72.731,264
uav0000120_04775_v,1360x766,855,1.795,10.296,25.163,6.602,44.881,24.508,71.184,250
uav0000120_04775_v,1360x766,856,1.872,10.295,25.235,6.716,44.991,24.171,71.034,281
uav0000120_04775_v,1360x766,857,1.755,10.788,25.219,6.792,45.585,25.086,72.427,279
uav0000120_04775_v,1360x766,858,1.746,10.45,25.099,6.837,45.125,25.222,72.093,292
uav0000120_04775_v,1360x766,859,1.829,10.399,21.837,6.452,41.23,26.093,69.151,277
uav0000120_04775_v,1360x766,860,1.92,10.36,25.27,7.052,45.387,25.37,72.678,287
uav0000120_04775_v,1360x766,861,1.732,10.308,25.326,7.27,45.677,25.405,72.815,272
uav0000120_04775_v,1360x766,862,1.784,10.721,25.163,6.808,45.5,25.69,72.973,276
uav0000120_04775_v,1360x766,863,1.84,10.453,25.187,6.558,44.986,24.929,71.756,256
uav0000120_04775_v,1360x766,864,1.667,10.486,25.249,6.585,45.058,24.376,71.101,268
uav0000120_04775_v,1360x766,865,1.788,10.734,25.237,6.765,45.57,25.253,72.611,279
uav0000120_04775_v,1360x766,866,1.615,10.386,23.17,6.853,42.924,24.39,68.93,286
uav0000120_04775_v,1360x766,867,1.84,10.383,25.323,6.548,44.915,26.091,72.847,293
uav0000120_04775_v,1360x766,868,1.603,10.776,25.271,7.24,46.101,24.96,72.664,300
uav0000120_04775_v,1360x766,869,1.71,10.391,25.087,7.127,45.035,23.534,70.279,300
uav0000120_04775_v,1360x766,870,1.582,10.07,25.228,6.454,44.514,25.012,71.108,300
uav0000120_04775_v,1360x766,871,1.789,10.448,25.589,6.548,45.296,26.395,73.48,300
uav0000120_04775_v,1360x766,872,1.894,10.369,25.157,7.173,45.346,27.537,74.777,300
uav0000120_04775_v,1360x766,873,1.766,10.406,23.683,7.032,43.804,26.563,72.133,275
uav0000120_04775_v,1360x766,874,1.581,10.603,24.396,6.662,44.394,25.878,71.853,285
uav0000120_04775_v,1360x766,875,1.546,10.329,25.114,6.515,44.705,24.711,70.961,260
uav0000120_04775_v,1360x766,876,1.612,10.323,25.258,6.701,45.065,26.001,72.678,286
uav0000120_04775_v,1360x766,877,1.688,10.453,25.211,6.471,44.818,26.122,72.628,246
uav0000120_04775_v,1360x766,878,1.794,10.191,25.313,6.338,44.456,26.268,72.517,249
uav0000120_04775_v,1360x766,879,1.741,10.242,25.145,7.126,45.2,27.262,74.204,260
uav0000120_04775_v,1360x766,880,1.719,10.404,23.526,7.198,43.834,26.468,72.021,253
uav0000120_04775_v,1360x766,881,1.577,10.31,25.223,6.457,44.794,24.769,71.14,249
uav0000120_04775_v,1360x766,882,1.618,10.487,25.244,6.532,45.049,25.621,72.288,281
uav0000120_04775_v,1360x766,883,1.596,10.2,25.102,6.738,44.819,25.56,71.974,300
uav0000120_04775_v,1360x766,884,1.799,10.482,25.217,6.719,45.235,28.183,75.216,299
uav0000120_04775_v,1360x766,885,1.689,10.31,25.143,7.235,45.479,27.354,74.522,300
uav0000120_04775_v,1360x766,886,1.732,10.325,25.281,7.218,45.482,27.666,74.88,300
uav0000120_04775_v,1360x766,887,1.752,10.398,22.022,7.009,41.989,27.514,71.255,289
uav0000120_04775_v,1360x766,888,1.724,10.441,25.125,6.561,44.852,28.462,75.038,288
uav0000120_04775_v,1360x766,889,1.79,10.278,25.299,6.982,45.257,27.689,74.736,284
uav0000120_04775_v,1360x766,890,1.822,10.374,25.273,6.943,45.185,28.56,75.566,285
uav0000120_04775_v,1360x766,891,1.765,10.285,25.271,7.083,45.301,30.604,77.67,300
uav0000120_04775_v,1360x766,892,1.915,10.353,25.196,6.67,44.9,29.712,76.527,300
uav0000120_04775_v,1360x766,893,1.778,10.298,25.243,6.803,45.078,27.112,73.968,300
uav0000120_04775_v,1360x766,894,1.156,10.483,25.244,6.63,44.903,29.465,75.523,300
uav0000120_04775_v,1360x766,895,1.604,10.328,25.348,6.916,45.15,26.637,73.391,279
uav0000120_04775_v,1360x766,896,1.632,10.309,25.141,6.55,44.515,24.834,70.981,269
uav0000120_04775_v,1360x766,897,1.794,10.359,25.298,6.824,45.095,26.478,73.367,287
uav0000120_04775_v,1360x766,898,1.619,10.367,25.289,6.793,45.214,25.896,72.729,300
uav0000120_04775_v,1360x766,899,1.743,10.483,25.293,6.941,45.415,25.641,72.799,300
uav0000120_04775_v,1360x766,900,1.744,10.226,25.138,6.466,44.512,28.66,74.915,300
uav0000120_04775_v,1360x766,901,1.74,11.057,25.312,6.871,46.117,27.046,74.902,300
uav0000120_04775_v,1360x766,902,2.068,10.445,25.281,7.082,45.527,32.93,80.525,300
uav0000120_04775_v,1360x766,903,1.681,10.264,25.289,6.802,45.069,38.091,84.84,300
uav0000120_04775_v,1360x766,904,1.793,9.916,25.099,6.793,44.483,37.443,83.719,300
uav0000120_04775_v,1360x766,905,1.727,8.132,22.809,6.686,40.238,37.082,79.048,300
uav0000120_04775_v,1360x766,906,1.561,7.751,21.826,6.144,38.034,36.213,75.807,300
uav0000120_04775_v,1360x766,907,1.659,7.79,23.055,6.779,40.079,35.465,77.202,300
uav0000120_04775_v,1360x766,908,1.731,7.776,22.987,6.52,39.886,36.819,78.437,300
uav0000120_04775_v,1360x766,909,1.081,7.497,21.742,6.006,37.064,37.893,76.038,300
uav0000120_04775_v,1360x766,910,1.394,7.531,23.249,6.713,39.481,35.754,76.63,300
uav0000120_04775_v,1360x766,911,1.779,7.668,23.022,6.701,39.916,31.15,72.845,300
uav0000120_04775_v,1360x766,912,1.735,7.942,23.048,6.428,40.05,26.067,67.851,300
uav0000120_04775_v,1360x766,913,1.757,9.869,25.259,6.394,44.201,23.786,69.744,286
uav0000120_04775_v,1360x766,914,1.224,8.917,25.341,6.552,43.127,22.511,66.861,227
uav0000120_04775_v,1360x766,915,1.79,10.191,25.14,6.285,44.27,24.492,70.552,261
uav0000120_04775_v,1360x766,916,1.55,10.338,25.294,6.532,44.809,23.256,69.616,300
uav0000120_04775_v,1360x766,917,1.799,10.322,25.34,7.065,45.318,28.424,75.541,300
uav0000120_04775_v,1360x766,918,1.769,10.326,25.274,7.593,45.894,41.825,89.488,300
uav0000120_04775_v,1360x766,919,1.757,9.903,25.168,7.305,45.111,44.464,91.332,300
uav0000120_04775_v,1360x766,920,1.524,8.66,23.985,6.822,41.461,38.398,81.383,300
uav0000120_04775_v,1360x766,921,1.276,7.299,20.001,5.782,35.098,39.581,75.955,300
uav0000120_04775_v,1360x766,922,1.406,7.122,19.951,5.92,34.898,38.966,75.27,300
uav0000120_04775_v,1360x766,923,1.259,7.228,21.233,6.499,36.801,41.444,79.504,300
uav0000120_04775_v,1360x766,924,1.292,8.375,20.837,5.861,36.875,40.517,78.684,300
uav0000120_04775_v,1360x766,925,1.258,7.167,20.794,5.798,35.502,41.932,78.693,300
uav0000120_04775_v,1360x766,926,1.272,7.183,19.981,5.272,34.452,39.896,75.62,300
uav0000120_04775_v,1360x766,927,1.251,7.093,19.972,5.778,34.891,38.805,74.947,300
uav0000120_04775_v,1360x766,928,1.296,7.112,19.991,5.599,34.548,37.459,73.303,300
uav0000120_04775_v,1360x766,929,1.245,7.123,19.977,5.78,34.744,37.628,73.617,300
uav0000120_04775_v,1360x766,930,1.266,7.165,21.589,5.194,35.761,38.772,75.798,300
uav0000120_04775_v,1360x766,931,1.538,7.731,19.988,5.692,35.432,37.083,74.053,300
uav0000120_04775_v,1360x766,932,1.226,7.279,20.491,6.309,35.94,32.583,69.749,300
uav0000120_04775_v,1360x766,933,1.371,7.443,20.879,6.713,37.036,32.141,70.549,300
uav0000120_04775_v,1360x766,934,1.283,9.405,22.776,6.013,40.147,30.727,72.157,300
uav0000120_04775_v,1360x766,935,1.718,8.023,22.596,6.559,39.748,30.681,72.146,300
uav0000120_04775_v,1360x766,936,1.491,8.076,21.905,6.507,38.713,29.648,69.853,300
uav0000120_04775_v,1360x766,937,1.646,9.929,25.237,6.913,44.571,32.522,78.739,300
uav0000120_04775_v,1360x766,938,1.911,8.278,23.098,6.89,40.75,29.736,72.397,300
uav0000120_04775_v,1360x766,939,1.904,9.813,25.12,6.463,44.022,29.433,75.359,300
uav0000120_04775_v,1360x766,940,1.807,9.817,25.263,6.171,43.817,28.025,73.648,300
uav0000120_04775_v,1360x766,941,1.623,10.618,25.292,6.89,45.527,31.327,78.477,300
uav0000120_04775_v,1360x766,942,2.076,9.897,25.271,7.123,44.823,30.853,77.752,300
uav0000120_04775_v,1360x766,943,1.765,10.101,25.137,6.95,44.857,29.71,76.331,300
uav0000120_04775_v,1360x766,944,1.807,10.292,25.246,6.659,44.904,29.978,76.689,300
uav0000120_04775_v,1360x766,945,1.741,10.3,25.295,6.698,44.958,29.613,76.312,300
uav0000120_04775_v,1360x766,946,1.804,10.222,25.26,6.413,44.422,29.043,75.269,300
uav0000120_04775_v,1360x766,947,1.795,10.19,24.725,5.932,43.307,34.226,79.327,300
uav0000120_04775_v,1360x766,948,1.787,10.155,25.271,6.666,44.764,28.064,74.615,300
uav0000120_04775_v,1360x766,949,1.86,9.846,25.362,6.515,44.255,28.504,74.619,300
uav0000120_04775_v,1360x766,950,3.233,8.591,22.591,6.556,40.399,29.835,73.466,300
uav0000120_04775_v,1360x766,951,1.851,10.312,25.242,7.142,45.447,29.766,77.064,300
uav0000120_04775_v,1360x766,952,2.071,10.524,26.33,7.138,46.745,29.668,78.484,300
uav0000120_04775_v,1360x766,953,1.912,10.608,25.043,7.104,45.427,30.299,77.638,300
uav0000120_04775_v,1360x766,954,1.782,7.691,23.582,6.727,40.708,30.111,72.6,300
uav0000120_04775_v,1360x766,955,1.829,10.336,25.141,6.532,44.889,31.069,77.787,300
uav0000120_04775_v,1360x766,956,1.784,10.773,25.388,6.976,45.919,32.925,80.628,300
uav0000120_04775_v,1360x766,957,2.121,10.68,25.0,6.695,45.247,36.918,84.286,300
uav0000120_04775_v,1360x766,958,2.156,8.231,22.864,6.68,40.478,40.063,82.697,300
uav0000120_04775_v,1360x766,959,1.608,7.646,22.992,6.131,38.692,41.474,81.774,300
uav0000120_04775_v,1360x766,960,1.282,7.443,22.898,5.785,38.025,36.489,75.795,300
uav0000120_04775_v,1360x766,961,1.267,7.398,20.717,6.134,36.037,40.36,77.663,300
uav0000120_04775_v,1360x766,962,2.409,8.667,23.409,7.618,42.439,43.75,88.597,300
uav0000120_04775_v,1360x766,963,1.196,7.445,20.423,6.415,36.247,35.759,73.202,300
uav0000120_04775_v,1360x766,964,1.04,7.355,21.006,5.985,36.144,38.931,76.116,300
uav0000120_04775_v,1360x766,965,1.059,7.376,21.062,5.955,36.149,40.682,77.89,300
uav0000120_04775_v,1360x766,966,1.267,7.295,20.843,6.735,36.85,38.926,77.042,300
uav0000120_04775_v,1360x766,967,1.473,9.916,21.141,6.909,39.952,41.516,82.942,300
uav0000120_04775_v,1360x766,968,1.329,7.331,20.903,6.749,36.916,40.989,79.233,300
uav0000120_04775_v,1360x766,969,1.215,7.428,21.496,6.783,37.575,42.575,81.365,300
uav0000120_04775_v,1360x766,970,1.325,7.357,21.421,6.038,36.735,42.294,80.354,300
uav0000120_04775_v,1360x766,971,1.289,7.38,20.907,6.423,36.585,42.577,80.451,300
uav0000120_04775_v,1360x766,972,1.281,7.205,20.679,6.436,36.187,41.913,79.381,300
uav0000120_04775_v,1360x766,973,1.331,7.237,20.907,6.401,36.403,41.803,79.538,300
uav0000120_04775_v,1360x766,974,1.33,7.133,20.87,6.458,36.341,38.173,75.844,300
uav0000120_04775_v,1360x766,975,1.299,7.952,21.227,6.573,37.563,42.056,80.918,300
uav0000120_04775_v,1360x766,976,1.095,7.339,20.951,6.267,36.458,40.881,78.434,300
uav0000120_04775_v,1360x766,977,1.031,7.361,20.861,6.68,36.851,39.024,76.905,300
uav0000120_04775_v,1360x766,978,1.327,7.599,20.825,6.147,36.498,38.543,76.368,300
uav0000120_04775_v,1360x766,979,1.122,7.363,20.961,6.253,36.402,42.96,80.484,300
uav0000120_04775_v,1360x766,980,1.079,7.271,20.699,6.313,36.13,42.807,80.017,300
uav0000120_04775_v,1360x766,981,1.256,7.28,21.144,6.138,36.445,40.526,78.227,300
uav0000120_04775_v,1360x766,982,1.257,7.286,20.449,6.598,36.309,38.638,76.203,300
uav0000120_04775_v,1360x766,983,1.342,7.355,20.895,6.436,36.589,39.518,77.449,300
uav0000120_04775_v,1360x766,984,1.289,7.392,20.764,5.796,35.698,39.182,76.169,300
uav0000120_04775_v,1360x766,985,1.054,7.373,21.106,6.008,36.231,41.148,78.433,300
uav0000120_04775_v,1360x766,986,1.351,7.375,20.925,6.563,36.787,38.303,76.441,300
uav0000120_04775_v,1360x766,987,1.264,7.343,20.839,6.451,36.536,38.694,76.494,300
uav0000120_04775_v,1360x766,988,1.292,7.375,20.692,6.216,36.168,40.052,77.512,300
uav0000120_04775_v,1360x766,989,0.981,7.23,20.74,5.914,35.684,40.419,77.085,300
uav0000120_04775_v,1360x766,990,1.29,7.166,20.894,6.505,36.503,39.156,76.948,300
uav0000120_04775_v,1360x766,991,1.308,7.391,20.915,6.416,36.647,42.505,80.46,300
uav0000120_04775_v,1360x766,992,1.252,7.201,20.725,6.203,35.976,44.758,81.986,300
uav0000120_04775_v,1360x766,993,1.025,7.513,20.791,6.635,36.841,39.184,77.051,300
uav0000120_04775_v,1360x766,994,1.267,7.373,20.803,6.282,36.37,40.252,77.889,300
uav0000120_04775_v,1360x766,995,1.221,7.347,20.745,5.849,35.726,42.272,79.219,300
uav0000120_04775_v,1360x766,996,0.967,7.195,20.897,5.684,35.541,39.228,75.735,300
uav0000120_04775_v,1360x766,997,1.214,7.348,20.662,5.861,35.628,41.297,78.139,300
uav0000120_04775_v,1360x766,998,1.152,7.12,20.805,6.49,36.336,38.52,76.008,300
uav0000120_04775_v,1360x766,999,0.957,7.279,20.795,6.463,36.439,38.034,75.431,300
uav0000120_04775_v,1360x766,1000,0.949,7.261,20.744,6.034,35.837,41.175,77.962,300
uav0000161_00000_v,960x540,1,34.609,13.439,20.835,8.808,45.98,37.522,118.111,300
uav0000161_00000_v,960x540,2,0.974,11.34,22.905,8.289,44.542,45.282,90.798,300
uav0000161_00000_v,960x540,3,0.987,10.647,20.957,7.521,40.952,44.498,86.437,300
uav0000161_00000_v,960x540,4,0.736,10.214,21.047,7.027,39.904,40.365,81.005,300
uav0000161_00000_v,960x540,5,0.915,10.548,20.875,7.709,40.927,42.264,84.107,300
uav0000161_00000_v,960x540,6,0.988,10.41,20.42,7.576,40.17,40.975,82.134,300
uav0000161_00000_v,960x540,7,0.748,10.358,19.982,6.905,38.961,43.794,83.503,300
uav0000161_00000_v,960x540,8,0.71,10.294,19.959,7.11,39.115,41.266,81.09,300
uav0000161_00000_v,960x540,9,0.675,10.31,20.078,7.128,39.145,43.111,82.932,300
uav0000161_00000_v,960x540,10,0.676,10.302,19.978,7.055,39.114,40.012,79.802,300
uav0000161_00000_v,960x540,11,0.976,10.251,19.951,6.768,38.725,39.446,79.148,300
uav0000161_00000_v,960x540,12,0.922,10.328,19.989,6.802,38.907,40.401,80.229,300
uav0000161_00000_v,960x540,13,0.693,10.404,19.924,6.384,38.51,39.456,78.658,300
uav0000161_00000_v,960x540,14,0.774,10.324,20.386,7.294,39.81,39.488,80.071,300
uav0000161_00000_v,960x540,15,0.931,10.325,19.956,6.616,38.981,41.734,81.645,300
uav0000161_00000_v,960x540,16,0.732,10.945,19.947,7.09,39.713,41.97,82.415,300
uav0000161_00000_v,960x540,17,0.644,10.314,20.406,7.601,40.08,43.745,84.469,300
uav0000161_00000_v,960x540,18,0.739,10.48,19.978,6.519,38.807,41.477,81.023,300
uav0000161_00000_v,960x540,19,0.916,10.33,19.939,7.057,39.07,41.027,81.013,300
uav0000161_00000_v,960x540,20,0.811,10.321,20.099,6.655,38.77,42.022,81.603,300
uav0000161_00000_v,960x540,21,0.707,10.374,19.95,6.428,38.641,40.926,80.275,300
uav0000161_00000_v,960x540,22,0.89,10.901,20.172,7.079,39.927,46.871,87.688,300
uav0000161_00000_v,960x540,23,0.772,10.643,20.169,7.215,39.836,42.088,82.696,300
uav0000161_00000_v,960x540,24,0.943,11.014,20.485,7.381,40.651,42.627,84.221,300
uav0000161_00000_v,960x540,25,0.74,10.397,19.998,6.775,39.043,41.761,81.544,300
uav0000161_00000_v,960x540,26,0.725,10.318,19.955,6.802,38.857,44.106,83.688,300
uav0000161_00000_v,960x540,27,0.755,10.303,19.997,6.49,38.631,42.269,81.655,300
uav0000161_00000_v,960x540,28,0.942,10.614,20.382,6.935,39.433,43.901,84.276,300
uav0000161_00000_v,960x540,29,1.004,10.335,19.968,6.442,38.745,43.14,82.889,300
uav0000161_00000_v,960x540,30,0.659,10.346,19.955,6.683,38.738,41.793,81.19,300
uav0000161_00000_v,960x540,31,0.946,10.459,19.991,6.798,39.1,43.817,83.863,300
uav0000161_00000_v,960x540,32,0.956,10.95,20.67,7.544,40.982,42.491,84.429,300
uav0000161_00000_v,960x540,33,0.875,10.996,20.146,6.69,39.608,41.802,82.285,300
uav0000161_00000_v,960x540,34,0.846,10.955,20.338,7.079,39.952,41.917,82.714,300
uav0000161_00000_v,960x540,35,0.9,10.22,19.943,6.754,38.716,42.83,82.446,300
uav0000161_00000_v,960x540,36,0.723,10.337,20.217,7.321,39.577,40.838,81.138,300
uav0000161_00000_v,960x540,37,0.683,10.371,19.987,6.826,39.044,41.527,81.253,300
uav0000161_00000_v,960x540,38,0.633,10.319,19.96,7.472,39.567,43.432,83.632,300
uav0000161_00000_v,960x540,39,0.921,11.044,20.34,6.969,40.132,41.434,82.487,300
uav0000161_00000_v,960x540,40,0.883,10.268,20.138,6.419,38.614,41.787,81.285,300
uav0000161_00000_v,960x540,41,0.915,10.297,19.953,7.318,39.349,42.18,82.445,300
uav0000161_00000_v,960x540,42,0.749,10.325,20.38,7.537,40.01,44.482,85.241,300
uav0000161_00000_v,960x540,43,0.925,10.287,20.183,7.335,39.554,45.549,86.028,300
uav0000161_00000_v,960x540,44,0.917,10.385,20.234,7.218,39.68,45.179,85.776,300
uav0000161_00000_v,960x540,45,0.889,10.282,19.938,6.987,38.957,46.213,86.058,300
uav0000161_00000_v,960x540,46,1.005,10.301,19.991,7.211,39.334,48.116,88.455,300
uav0000161_00000_v,960x540,47,0.8,10.255,19.995,6.574,38.628,45.248,84.676,300
uav0000161_00000_v,960x540,48,0.927,10.433,19.962,7.079,39.283,45.53,85.74,300
uav0000161_00000_v,960x540,49,0.907,10.358,20.186,6.873,39.298,45.394,85.598,300
uav0000161_00000_v,960x540,50,0.801,10.332,19.938,6.718,38.849,43.39,83.04,300
uav0000161_00000_v,960x540,51,1.067,10.352,19.986,7.106,39.222,44.94,85.229,300
uav0000161_00000_v,960x540,52,0.928,10.907,20.16,6.951,39.799,44.705,85.431,300
uav0000161_00000_v,960x540,53,0.817,10.867,20.152,6.506,39.452,46.319,86.588,300
uav0000161_00000_v,960x540,54,0.749,10.311,19.966,6.764,38.86,46.046,85.656,300
uav0000161_00000_v,960x540,55,0.944,10.398,19.961,6.56,38.861,45.856,85.661,300
uav0000161_00000_v,960x540,56,0.833,10.331,19.974,6.763,39.042,45.072,84.948,300
uav0000161_00000_v,960x540,57,0.865,10.317,19.959,6.932,38.95,43.429,83.244,300
uav0000161_00000_v,960x540,58,0.917,10.326,19.949,6.703,38.749,45.229,84.895,300
uav0000161_00000_v,960x540,59,0.945,10.316,19.972,7.244,39.328,45.702,85.975,300
uav0000161_00000_v,960x540,60,0.913,10.381,20.016,6.927,39.171,44.562,84.646,300
uav0000161_00000_v,960x540,61,0.994,10.337,19.962,7.193,39.301,45.681,85.975,300
uav0000161_00000_v,960x540,62,0.727,10.231,19.968,7.186,39.191,45.477,85.395,300
uav0000161_00000_v,960x540,63,0.855,10.226,20.016,6.929,38.979,44.403,84.237,300
uav0000161_00000_v,960x540,64,0.922,10.931,20.152,7.187,40.034,47.352,88.308,300
uav0000161_00000_v,960x540,65,0.824,10.312,19.963,7.154,39.276,44.237,84.338,300
uav0000161_00000_v,960x540,66,0.784,10.289,19.959,7.548,39.557,45.983,86.323,300
uav0000161_00000_v,960x540,67,0.97,10.284,19.952,7.129,39.163,45.66,85.794,300
uav0000161_00000_v,960x540,68,1.035,10.869,20.162,7.177,39.997,45.873,86.905,300
uav0000161_00000_v,960x540,69,0.869,10.34,20.148,6.426,38.69,44.412,83.971,300
uav0000161_00000_v,960x540,70,0.811,10.461,19.956,7.08,39.345,50.047,90.204,300
uav0000161_00000_v,960x540,71,0.987,10.289,19.965,7.172,39.196,45.893,86.075,300
uav0000161_00000_v,960x540,72,0.825,10.307,20.201,6.999,39.342,43.914,84.081,300
uav0000161_00000_v,960x540,73,0.791,10.326,19.961,6.936,39.028,44.889,84.708,300
uav0000161_00000_v,960x540,74,0.82,10.325,19.967,7.009,39.087,43.72,83.627,300
uav0000161_00000_v,960x540,75,0.812,10.408,20.176,7.024,39.388,44.856,85.057,300
uav0000161_00000_v,960x540,76,0.951,10.974,19.983,6.744,39.498,45.509,85.957,300
uav0000161_00000_v,960x540,77,0.754,10.351,19.937,6.529,38.794,43.151,82.699,300
uav0000161_00000_v,960x540,78,0.819,10.279,19.927,7.086,39.217,44.155,84.191,300
uav0000161_00000_v,960x540,79,0.947,10.331,19.978,6.748,38.893,44.534,84.374,300
uav0000161_00000_v,960x540,80,0.962,10.369,19.985,6.828,38.967,44.68,84.609,300
uav0000161_00000_v,960x540,81,1.083,10.967,20.173,6.937,39.828,43.292,84.204,300
uav0000161_00000_v,960x540,82,0.897,10.322,19.946,7.018,39.077,44.2,84.173,300
uav0000161_00000_v,960x540,83,0.963,10.889,20.949,6.691,40.318,45.822,87.103,300
uav0000161_00000_v,960x540,84,0.912,10.329,20.416,7.501,40.02,42.191,83.124,300
uav0000161_00000_v,960x540,85,0.904,10.421,20.183,6.466,38.743,43.568,83.214,300
uav0000161_00000_v,960x540,86,0.775,10.338,20.204,6.736,39.161,41.94,81.876,300
uav0000161_00000_v,960x540,87,0.915,10.453,20.215,6.28,39.886,44.401,85.202,300
uav0000161_00000_v,960x540,88,0.913,10.266,20.199,6.583,39.937,43.93,84.779,300
uav0000161_00000_v,960x540,89,0.849,10.339,21.049,6.52,39.755,41.429,82.033,300
uav0000161_00000_v,960x540,90,0.907,10.287,20.506,7.61,40.199,43.503,84.609,300
uav0000161_00000_v,960x540,91,0.964,10.537,20.113,7.319,41.279,43.525,85.768,300
uav0000161_00000_v,960x540,92,0.71,10.369,19.958,7.002,39.201,40.147,80.058,300
uav0000161_00000_v,960x540,93,0.902,10.907,20.865,7.688,41.243,41.201,83.346,300
uav0000161_00000_v,960x540,94,0.678,10.34,20.225,7.306,39.619,43.799,84.096,300
uav0000161_00000_v,960x540,95,0.917,10.181,20.014,7.016,39.053,41.541,81.511,300
uav0000161_00000_v,960x540,96,0.68,10.236,20.012,6.693,38.75,43.195,82.625,300
uav0000161_00000_v,960x540,97,0.756,10.347,20.136,6.092,38.332,43.746,82.835,300
uav0000161_00000_v,960x540,98,0.897,10.393,19.991,7.275,39.557,43.777,84.231,300
uav0000161_00000_v,960x540,99,0.701,10.34,20.234,7.481,40.061,44.495,85.256,300
uav0000161_00000_v,960x540,100,0.724,10.274,20.091,6.455,38.491,50.064,89.279,300
uav0000161_00000_v,960x540,101,0.899,10.278,19.974,7.603,39.756,44.166,84.821,300
uav0000161_00000_v,960x540,102,1.184,10.783,20.205,7.381,40.121,43.238,84.543,300
uav0000161_00000_v,960x540,103,0.914,10.375,19.969,7.587,39.582,41.919,82.415,300
uav0000161_00000_v,960x540,104,0.891,10.314,19.961,7.064,39.139,44.255,84.285,300
uav0000161_00000_v,960x540,105,0.892,10.335,19.961,7.653,39.726,43.107,83.725,300
uav0000161_00000_v,960x540,106,0.837,10.969,20.165,7.638,40.532,47.8,89.169,300
uav0000161_00000_v,960x540,107,0.923,10.333,19.951,7.636,39.672,41.879,82.474,300
uav0000161_00000_v,960x540,108,0.703,10.431,20.136,7.286,39.649,43.531,83.883,300
uav0000161_00000_v,960x540,109,0.909,10.43,19.937,7.182,39.436,43.698,84.044,300
uav0000161_00000_v,960x540,110,0.936,10.323,19.97,7.406,39.487,42.609,83.032,300
uav0000161_00000_v,960x540,111,0.986,10.986,20.432,7.954,41.202,42.883,85.071,300
uav0000161_00000_v,960x540,112,0.985,10.92,20.158,7.474,40.339,46.251,87.574,300
uav0000161_00000_v,960x540,113,0.679,10.274,20.418,8.104,40.633,43.463,84.775,300
uav0000161_00000_v,960x540,114,0.754,10.412,19.965,7.563,39.735,41.61,82.099,300
uav0000161_00000_v,960x540,115,0.969,10.237,20.169,7.499,39.459,42.771,83.199,300
uav0000161_00000_v,960x540,116,0.941,10.198,20.011,7.601,39.542,42.557,83.04,300
uav0000161_00000_v,960x540,117,0.904,10.273,19.933,7.325,39.264,43.871,84.04,300
uav0000161_00000_v,960x540,118,0.908,10.306,20.158,7.808,40.012,46.336,87.256,300
uav0000161_00000_v,960x540,119,0.889,10.185,19.989,7.449,39.421,44.64,84.949,300
uav0000161_00000_v,960x540,120,0.904,10.325,19.964,7.87,39.927,44.171,85.003,300
uav0000161_00000_v,960x540,121,0.955,10.297,20.142,7.642,39.818,42.038,82.81,300
uav0000161_00000_v,960x540,122,0.7,10.28,19.939,7.505,39.514,46.303,86.517,300
uav0000161_00000_v,960x540,123,0.95,10.969,20.155,8.089,41.02,45.812,87.782,300
uav0000161_00000_v,960x540,124,0.894,10.28,19.95,7.84,39.891,48.383,89.168,300
uav0000161_00000_v,960x540,125,0.873,10.279,19.926,7.972,39.998,46.359,87.229,300
uav0000161_00000_v,960x540,126,0.852,10.332,19.956,7.762,39.861,45.962,86.676,300
uav0000161_00000_v,960x540,127,0.867,10.369,20.005,7.749,40.007,46.329,87.203,300
uav0000161_00000_v,960x540,128,0.896,10.47,20.158,8.243,40.559,45.961,87.416,300
uav0000161_00000_v,960x540,129,0.859,10.588,20.11,7.96,40.183,46.185,87.227,300
uav0000161_00000_v,960x540,130,0.869,11.002,20.026,7.82,40.352,44.906,86.127,300
uav0000161_00000_v,960x540,131,0.868,10.345,19.977,7.108,39.271,45.331,85.469,300
uav0000161_00000_v,960x540,132,0.876,10.417,19.942,7.141,39.331,44.798,85.004,300
uav0000161_00000_v,960x540,133,0.937,10.18,19.982,7.28,39.466,43.371,83.774,300
uav0000161_00000_v,960x540,134,0.872,10.317,20.034,7.627,39.616,43.058,83.547,300
uav0000161_00000_v,960x540,135,0.694,10.902,20.161,7.725,40.543,42.015,83.251,300
uav0000161_00000_v,960x540,136,0.891,10.308,19.969,7.208,39.222,43.58,83.693,300
uav0000161_00000_v,960x540,137,0.869,10.349,19.977,7.346,39.44,43.107,83.416,300
uav0000161_00000_v,960x540,138,0.84,10.378,19.974,7.153,39.344,44.634,84.818,300
uav0000161_00000_v,960x540,139,0.913,10.278,20.169,7.805,40.057,43.408,84.378,300
uav0000161_00000_v,960x540,140,0.904,10.358,19.949,7.551,39.659,42.87,83.432,300
uav0000161_00000_v,960x540,141,0.88,11.025,20.126,7.69,40.601,43.719,85.2,300
uav0000161_00000_v,960x540,142,0.847,10.233,20.041,7.857,39.687,44.305,84.839,300
uav0000161_00000_v,960x540,143,0.908,10.409,20.005,7.795,40.05,43.931,84.89,300
uav0000161_00000_v,960x540,144,0.856,10.343,19.943,7.642,39.731,43.818,84.404,300
uav0000161_00000_v,960x540,145,0.885,10.327,19.929,7.718,39.774,41.696,82.355,300
uav0000161_00000_v,960x540,146,1.191,16.298,20.397,6.474,45.126,44.93,91.246,300
uav0000161_00000_v,960x540,147,1.177,10.866,20.296,6.694,39.615,47.133,87.925,300
uav0000161_00000_v,960x540,148,0.926,10.517,20.056,6.455,38.732,48.483,88.142,300
uav0000161_00000_v,960x540,149,0.957,10.288,19.961,6.487,38.416,45.631,85.004,300
uav0000161_00000_v,960x540,150,1.063,10.32,19.983,7.276,39.918,45.951,86.931,300
uav0000161_00000_v,960x540,151,0.975,10.377,20.172,7.648,39.712,42.332,83.02,300
uav0000161_00000_v,960x540,152,0.885,10.371,19.954,7.284,39.335,43.918,84.137,300
uav0000161_00000_v,960x540,153,0.661,10.83,20.186,7.193,40.219,43.94,84.82,300
uav0000161_00000_v,960x540,154,0.634,10.311,19.933,6.681,38.898,42.768,82.3,300
uav0000161_00000_v,960x540,155,0.95,10.282,19.957,6.833,38.815,40.78,80.545,300
uav0000161_00000_v,960x540,156,0.869,10.36,19.944,7.037,39.139,41.08,81.088,300
uav0000161_00000_v,960x540,157,0.934,10.33,19.947,6.827,39.021,41.478,81.432,300
uav0000161_00000_v,960x540,158,0.739,10.326,20.121,7.286,39.507,42.581,82.827,300
uav0000161_00000_v,960x540,159,0.692,10.4,20.218,7.192,39.449,43.656,83.797,300
uav0000161_00000_v,960x540,160,0.944,10.25,19.989,7.231,39.291,44.564,84.799,300
uav0000161_00000_v,960x540,161,0.938,10.388,19.967,7.109,39.334,45.678,85.951,300
uav0000161_00000_v,960x540,162,0.869,10.26,19.952,7.414,39.338,45.854,86.061,300
uav0000161_00000_v,960x540,163,0.936,10.314,19.935,6.795,38.854,43.852,83.642,300
uav0000161_00000_v,960x540,164,0.896,10.366,20.144,7.748,40.007,43.195,84.098,300
uav0000161_00000_v,960x540,165,0.909,10.341,19.95,7.187,39.302,43.282,83.493,300
uav0000161_00000_v,960x540,166,0.878,10.24,20.314,7.163,39.334,44.394,84.606,300
uav0000161_00000_v,960x540,167,0.867,10.394,20.193,7.128,39.499,44.21,84.576,300
uav0000161_00000_v,960x540,168,0.863,10.299,19.964,7.336,39.357,45.108,85.328,300
uav0000161_00000_v,960x540,169,0.857,10.257,20.085,7.294,39.304,42.344,82.506,300
uav0000161_00000_v,960x540,170,0.856,10.317,20.143,7.733,39.986,42.717,83.559,300
uav0000161_00000_v,960x540,171,0.684,11.069,20.193,7.292,40.382,43.795,84.861,300
uav0000161_00000_v,960x540,172,0.879,10.256,19.976,6.967,39.015,44.405,84.299,300
uav0000161_00000_v,960x540,173,0.864,10.382,19.959,7.378,39.44,44.273,84.577,300
uav0000161_00000_v,960x540,174,0.882,10.371,19.95,6.857,39.194,43.766,83.842,300
uav0000161_00000_v,960x540,175,0.863,10.229,20.055,7.204,39.164,44.255,84.281,300
uav0000161_00000_v,960x540,176,0.787,10.411,20.002,7.011,39.242,43.723,83.753,300
uav0000161_00000_v,960x540,177,0.851,10.991,20.172,6.905,39.967,44.655,85.473,300
uav0000161_00000_v,960x540,178,0.85,10.335,19.967,6.804,39.11,45.088,85.048,300
uav0000161_00000_v,960x540,179,0.893,10.266,19.975,7.09,39.134,45.024,85.051,300
uav0000161_00000_v,960x540,180,0.863,10.277,19.976,6.97,39.038,45.557,85.458,300
uav0000161_00000_v,960x540,181,0.856,10.367,19.989,7.112,39.341,45.577,85.774,300
uav0000161_00000_v,960x540,182,0.705,11.027,20.294,7.235,40.268,43.546,84.519,300
uav0000161_00000_v,960x540,183,0.878,10.236,19.989,6.417,38.465,44.729,84.072,300
uav0000161_00000_v,960x540,184,0.89,10.439,19.971,6.877,39.274,44.827,84.991,300
uav0000161_00000_v,960x540,185,0.725,10.359,20.013,6.719,39.075,45.21,85.01,300
uav0000161_00000_v,960x540,186,0.657,11.073,20.132,7.476,40.456,44.621,85.735,300
uav0000161_00000_v,960x540,187,0.654,10.298,20.019,7.054,39.191,44.465,84.309,300
uav0000161_00000_v,960x540,188,0.788,10.31,20.038,6.859,38.892,41.56,81.24,300
uav0000161_00000_v,960x540,189,0.82,10.406,19.961,6.848,39.044,42.374,82.238,300
uav0000161_00000_v,960x540,190,0.769,10.269,19.958,6.384,38.408,43.517,82.694,300
uav0000161_00000_v,960x540,191,0.778,10.276,20.135,7.145,39.321,42.504,82.603,300
uav0000161_00000_v,960x540,192,0.767,10.711,20.163,6.969,39.642,42.833,83.242,300
uav0000161_00000_v,960x540,193,0.711,10.299,19.944,7.082,39.134,43.753,83.598,300
uav0000161_00000_v,960x540,194,0.786,10.29,20.154,6.985,39.219,43.036,83.04,300
uav0000161_00000_v,960x540,195,0.761,10.281,19.967,7.097,39.152,42.64,82.553,300
uav0000161_00000_v,960x540,196,0.866,10.916,19.995,7.273,39.982,43.937,84.785,300
uav0000161_00000_v,960x540,197,0.842,10.323,19.965,6.972,39.024,43.779,83.645,300
uav0000161_00000_v,960x540,198,0.875,10.913,20.158,7.032,39.895,43.668,84.438,300
uav0000161_00000_v,960x540,199,0.66,10.377,19.959,6.742,38.834,42.493,81.986,300
uav0000161_00000_v,960x540,200,0.881,10.276,20.006,6.526,38.77,42.84,82.491,300
uav0000161_00000_v,960x540,201,0.888,10.302,19.976,7.046,39.071,43.476,83.435,300
uav0000161_00000_v,960x540,202,0.911,11.04,19.97,6.862,39.664,44.462,85.037,300
uav0000161_00000_v,960x540,203,0.92,10.426,19.957,6.648,38.864,42.929,82.713,300
uav0000161_00000_v,960x540,204,0.874,10.924,20.215,7.167,40.076,43.597,84.547,300
uav0000161_00000_v,960x540,205,0.845,10.394,20.035,7.343,39.606,43.839,84.29,300
uav0000161_00000_v,960x540,206,0.877,10.216,20.064,7.431,39.532,44.282,84.692,300
uav0000161_00000_v,960x540,207,0.843,10.311,19.969,7.148,39.242,44.63,84.715,300
uav0000161_00000_v,960x540,208,0.871,10.995,19.961,6.694,39.444,45.644,85.959,300
uav0000161_00000_v,960x540,209,0.631,10.36,19.943,7.487,39.555,44.462,84.648,300
uav0000161_00000_v,960x540,210,0.658,10.657,20.379,7.178,39.884,45.586,86.128,300
uav0000161_00000_v,960x540,211,0.87,10.329,19.961,7.308,39.385,45.862,86.117,300
uav0000161_00000_v,960x540,212,0.85,10.308,20.07,7.158,39.331,44.714,84.895,300
uav0000161_00000_v,960x540,213,0.884,10.315,19.934,7.043,39.134,46.368,86.386,300
uav0000161_00000_v,960x540,214,0.858,10.189,20.037,7.401,39.283,45.011,85.152,300
uav0000161_00000_v,960x540,215,0.876,10.419,20.022,6.976,39.25,44.745,84.871,300
uav0000161_00000_v,960x540,216,0.878,10.988,20.179,7.701,40.675,43.661,85.215,300
uav0000161_00000_v,960x540,217,0.832,10.352,20.224,7.201,39.528,44.716,85.075,300
uav0000161_00000_v,960x540,218,0.868,10.463,19.972,7.004,39.26,46.187,86.315,300
uav0000161_00000_v,960x540,219,0.774,10.513,19.973,7.539,39.831,45.677,86.283,300
uav0000161_00000_v,960x540,220,0.745,10.269,19.984,7.34,39.42,46.052,86.217,300
uav0000161_00000_v,960x540,221,0.761,10.346,19.958,7.371,39.707,48.061,88.529,300
uav0000161_00000_v,960x540,222,0.716,10.637,20.157,7.147,39.739,46.185,86.64,300
uav0000161_00000_v,960x540,223,0.765,10.336,19.95,7.63,39.694,45.986,86.446,300
uav0000161_00000_v,960x540,224,0.72,10.38,20.0,6.951,39.144,46.408,86.272,300
uav0000161_00000_v,960x540,225,0.919,10.284,20.147,7.171,39.579,43.969,84.467,300
uav0000161_00000_v,960x540,226,0.851,10.308,19.95,7.186,39.39,46.72,86.961,300
uav0000161_00000_v,960x540,227,0.743,10.321,19.94,7.417,39.484,46.033,86.259,300
uav0000161_00000_v,960x540,228,0.643,10.287,19.977,6.879,38.992,46.723,86.358,300
uav0000161_00000_v,960x540,229,0.583,10.486,20.143,6.962,39.419,45.302,85.304,300
uav0000161_00000_v,960x540,230,0.659,10.344,20.158,6.533,38.876,43.662,83.197,300
uav0000161_00000_v,960x540,231,0.909,10.402,19.975,6.868,39.06,44.02,83.99,300
uav0000161_00000_v,960x540,232,0.801,10.313,19.947,6.659,38.879,45.509,85.189,300
uav0000161_00000_v,960x540,233,0.716,10.364,19.957,6.75,38.951,42.885,82.552,300
uav0000161_00000_v,960x540,234,0.701,11.028,20.205,6.663,39.877,45.018,85.596,300
uav0000161_00000_v,960x540,235,0.765,10.28,19.946,6.736,38.773,43.231,82.769,300
uav0000161_00000_v,960x540,236,0.741,10.323,20.007,6.643,38.746,43.757,83.244,300
uav0000161_00000_v,960x540,237,0.754,10.318,19.971,6.718,38.948,44.326,84.028,300
uav0000161_00000_v,960x540,238,0.787,10.29,20.101,6.723,38.812,47.714,87.313,300
uav0000161_00000_v,960x540,239,0.827,10.278,19.939,6.901,38.929,46.233,85.989,300
uav0000161_00000_v,960x540,240,0.835,10.378,19.972,6.715,38.902,44.392,84.129,300
uav0000161_00000_v,960x540,241,0.797,10.42,19.943,6.551,38.739,43.579,83.115,300
uav0000161_00000_v,960x540,242,0.843,10.282,19.982,6.496,38.535,44.267,83.645,300
uav0000161_00000_v,960x540,243,0.879,10.927,19.965,6.97,39.678,46.192,86.749,300
uav0000161_00000_v,960x540,244,0.816,10.347,19.966,7.18,39.577,45.431,85.825,300
uav0000161_00000_v,960x540,245,0.904,10.352,19.955,6.917,39.11,46.616,86.63,300
uav0000161_00000_v,960x540,246,0.622,10.13,20.266,6.881,39.062,44.223,83.907,300
uav0000161_00000_v,960x540,247,0.71,10.318,20.1,7.074,39.16,43.881,83.751,300
uav0000161_00000_v,960x540,248,0.567,10.358,20.141,6.452,38.8,45.728,85.095,300
uav0000161_00000_v,960x540,249,0.743,10.28,20.224,6.365,38.804,46.929,86.476,300
uav0000161_00000_v,960x540,250,0.871,10.276,19.996,7.103,39.173,42.257,82.301,300
uav0000161_00000_v,960x540,251,0.821,10.312,20.152,6.638,38.917,44.135,83.873,300
uav0000161_00000_v,960x540,252,0.745,10.306,19.964,6.784,38.866,43.047,82.658,300
uav0000161_00000_v,960x540,253,0.846,10.256,20.185,6.584,38.967,45.1,84.914,300
uav0000161_00000_v,960x540,254,0.834,10.334,19.978,6.939,39.09,43.995,83.919,300
uav0000161_00000_v,960x540,255,0.851,10.921,19.939,6.548,39.237,43.802,83.89,300
uav0000161_00000_v,960x540,256,0.635,10.332,19.969,6.68,39.053,42.575,82.263,300
uav0000161_00000_v,960x540,257,0.867,10.431,20.127,7.182,39.448,42.561,82.875,300
uav0000161_00000_v,960x540,258,0.675,10.282,20.13,6.507,38.7,41.669,81.045,300
uav0000161_00000_v,960x540,259,0.852,10.247,19.971,6.623,38.693,43.531,83.076,300
uav0000161_00000_v,960x540,260,0.581,10.297,19.934,6.704,38.679,44.042,83.302,300
uav0000161_00000_v,960x540,261,0.757,10.327,19.939,6.554,38.632,42.518,81.907,300
uav0000161_00000_v,960x540,262,0.867,10.488,19.989,6.461,38.942,43.44,83.248,300
uav0000161_00000_v,960x540,263,0.77,10.233,19.971,6.998,39.014,44.831,84.615,300
uav0000161_00000_v,960x540,264,0.683,10.246,19.948,6.798,38.769,44.434,83.886,300
uav0000161_00000_v,960x540,265,0.603,10.185,20.018,6.858,38.789,45.072,84.464,300
uav0000161_00000_v,960x540,266,0.778,10.285,19.937,6.551,38.708,45.611,85.097,300
uav0000161_00000_v,960x540,267,0.889,10.314,19.959,6.77,38.886,44.109,83.885,300
uav0000161_00000_v,960x540,268,0.946,10.331,19.937,6.918,39.016,46.325,86.286,300
uav0000161_00000_v,960x540,269,0.646,10.328,20.125,6.886,39.045,46.33,86.02,300
uav0000161_00000_v,960x540,270,0.866,10.294,20.182,7.086,39.354,45.002,85.222,300
uav0000161_00000_v,960x540,271,0.631,10.292,20.123,7.138,39.324,45.527,85.482,300
uav0000161_00000_v,960x540,272,0.601,10.296,19.967,6.64,38.699,45.62,84.92,300
uav0000161_00000_v,960x540,273,0.861,10.315,19.937,6.582,38.624,45.867,85.352,300
uav0000161_00000_v,960x540,274,0.779,10.338,19.975,6.416,38.555,44.26,83.594,300
uav0000161_00000_v,960x540,275,0.873,10.306,19.949,7.093,39.163,44.131,84.167,300
uav0000161_00000_v,960x540,276,0.853,10.28,19.932,6.502,38.514,44.464,83.831,300
uav0000161_00000_v,960x540,277,0.796,10.318,20.155,6.774,39.055,45.674,85.524,300
uav0000161_00000_v,960x540,278,0.73,10.266,19.996,6.854,38.887,44.701,84.319,300
uav0000161_00000_v,960x540,279,0.868,10.324,20.003,6.232,38.357,44.315,83.539,300
uav0000161_00000_v,960x540,280,0.929,10.349,20.008,6.588,38.963,46.373,86.265,300
uav0000161_00000_v,960x540,281,0.714,10.31,19.971,6.889,38.985,44.28,83.979,300
uav0000161_00000_v,960x540,282,0.895,10.896,20.074,6.83,39.557,43.986,84.437,300
uav0000161_00000_v,960x540,283,0.856,10.256,20.026,7.132,39.19,46.064,86.11,300
uav0000161_00000_v,960x540,284,0.874,10.347,19.957,6.317,38.452,43.435,82.762,300
uav0000161_00000_v,960x540,285,0.862,10.233,20.119,6.922,38.921,44.152,83.935,300
uav0000161_00000_v,960x540,286,0.85,10.342,19.943,6.519,38.778,44.2,83.828,300
uav0000161_00000_v,960x540,287,1.095,10.407,20.385,7.668,40.338,44.52,85.954,300
uav0000161_00000_v,960x540,288,0.907,10.25,19.957,7.075,39.097,44.631,84.635,300
uav0000161_00000_v,960x540,289,0.858,10.406,20.185,7.156,39.487,42.514,82.859,300
uav0000161_00000_v,960x540,290,0.666,10.266,20.158,7.046,39.289,42.683,82.638,300
uav0000161_00000_v,960x540,291,0.845,10.359,20.004,6.383,38.634,42.585,82.064,300
uav0000161_00000_v,960x540,292,0.861,10.289,19.94,7.153,39.205,42.261,82.327,300
uav0000161_00000_v,960x540,293,0.647,10.287,20.017,6.508,38.795,43.349,82.79,300
uav0000161_00000_v,960x540,294,0.709,10.302,20.112,6.963,39.014,42.0,81.723,300
uav0000161_00000_v,960x540,295,0.651,10.33,20.183,6.763,39.119,41.838,81.607,300
uav0000161_00000_v,960x540,296,0.668,10.248,19.937,6.85,38.879,41.57,81.117,300
uav0000161_00000_v,960x540,297,0.896,10.402,19.972,6.535,38.853,42.712,82.461,300
uav0000161_00000_v,960x540,298,0.881,10.462,19.983,6.798,38.998,43.674,83.553,300
uav0000161_00000_v,960x540,299,0.656,10.295,20.17,7.043,39.258,43.149,83.063,300
uav0000161_00000_v,960x540,300,0.63,10.263,20.173,7.294,39.484,40.676,80.789,300
uav0000161_00000_v,960x540,301,0.647,10.263,19.98,6.887,38.896,41.234,80.776,300
uav0000161_00000_v,960x540,302,0.596,10.215,19.939,6.757,38.695,41.82,81.111,300
uav0000161_00000_v,960x540,303,0.745,10.263,20.26,6.757,39.059,40.738,80.542,300
uav0000161_00000_v,960x540,304,0.594,10.913,19.97,6.184,38.855,42.163,81.612,300
uav0000161_00000_v,960x540,305,0.6,10.306,19.924,6.698,38.698,40.258,79.557,300
uav0000161_00000_v,960x540,306,0.526,10.95,20.145,6.729,39.578,43.097,83.2,300
uav0000161_00000_v,960x540,307,0.556,10.295,19.955,6.518,38.564,40.342,79.461,300
uav0000161_00000_v,960x540,308,0.54,10.662,20.699,7.36,40.505,42.448,83.493,300
uav0000188_00000_v,960x540,1,28.12,11.309,20.527,4.788,38.675,18.255,85.05,300
uav0000188_00000_v,960x540,2,1.133,12.743,23.464,5.874,44.159,28.384,73.675,300
uav0000188_00000_v,960x540,3,1.526,11.359,22.912,6.473,43.855,29.167,74.549,300
uav0000188_00000_v,960x540,4,1.334,11.482,22.949,6.898,43.727,27.629,72.691,300
uav0000188_00000_v,960x540,5,1.16,16.158,25.347,7.525,54.222,34.056,89.438,300
uav0000188_00000_v,960x540,6,1.808,14.267,25.822,7.281,50.585,33.465,85.858,300
uav0000188_00000_v,960x540,7,1.546,13.753,25.052,7.122,48.822,33.192,83.56,300
uav0000188_00000_v,960x540,8,1.647,14.748,24.728,6.928,49.405,30.345,81.396,300
uav0000188_00000_v,960x540,9,1.286,13.511,25.502,6.666,48.727,29.575,79.588,300
uav0000188_00000_v,960x540,10,1.657,13.552,25.008,6.603,48.193,30.956,80.806,300
uav0000188_00000_v,960x540,11,1.665,13.683,24.992,6.41,47.517,30.589,79.771,300
uav0000188_00000_v,960x540,12,1.194,14.124,25.652,6.643,48.821,29.417,79.432,300
uav0000188_00000_v,960x540,13,1.144,13.991,25.671,6.495,48.759,29.111,79.013,300
uav0000188_00000_v,960x540,14,1.378,14.149,25.052,6.752,48.855,29.128,79.361,300
uav0000188_00000_v,960x540,15,1.274,14.317,25.031,6.889,48.956,29.386,79.616,300
uav0000188_00000_v,960x540,16,1.322,13.697,25.037,7.217,48.555,28.964,78.841,300
uav0000188_00000_v,960x540,17,1.193,13.795,25.062,6.294,47.557,29.012,77.761,300
uav0000188_00000_v,960x540,18,1.202,14.339,25.083,6.657,48.725,30.091,80.018,300
uav0000188_00000_v,960x540,19,1.206,14.189,25.058,6.51,48.437,31.182,80.825,300
uav0000188_00000_v,960x540,20,1.602,14.195,25.12,6.327,48.198,31.067,80.866,300
uav0000188_00000_v,960x540,21,1.294,13.759,25.286,7.037,48.892,30.368,80.554,300
uav0000188_00000_v,960x540,22,1.388,11.514,24.373,6.64,44.862,30.811,77.061,300
uav0000188_00000_v,960x540,23,1.577,11.271,22.908,6.851,43.544,32.17,77.291,300
uav0000188_00000_v,960x540,24,1.162,11.396,22.748,6.577,43.181,31.32,75.663,300
uav0000188_00000_v,960x540,25,0.869,11.485,23.068,6.813,43.839,33.284,77.992,300
uav0000188_00000_v,960x540,26,1.107,11.513,21.857,6.542,42.338,32.535,75.98,300
uav0000188_00000_v,960x540,27,1.408,11.345,21.363,6.118,41.125,31.859,74.393,300
uav0000188_00000_v,960x540,28,1.097,11.439,22.913,5.763,42.348,32.059,75.505,300
uav0000188_00000_v,960x540,29,1.109,11.367,21.788,6.368,41.998,31.863,74.969,300
uav0000188_00000_v,960x540,30,1.16,11.355,21.703,6.707,41.971,31.162,74.292,300
uav0000188_00000_v,960x540,31,0.98,11.554,22.456,6.43,42.947,31.354,75.28,300
uav0000188_00000_v,960x540,32,0.97,11.138,20.01,4.906,38.152,28.657,67.779,300
uav0000188_00000_v,960x540,33,0.741,10.93,20.078,5.789,38.611,30.365,69.717,300
uav0000188_00000_v,960x540,34,0.641,11.373,20.038,6.236,39.465,29.8,69.905,300
uav0000188_00000_v,960x540,35,0.989,10.873,21.538,6.426,40.766,29.367,71.123,300
uav0000188_00000_v,960x540,36,1.097,11.972,23.124,5.981,43.092,32.822,77.01,300
uav0000188_00000_v,960x540,37,1.006,11.31,22.2,6.219,42.151,31.037,74.194,300
uav0000188_00000_v,960x540,38,0.833,11.494,22.922,6.465,43.124,31.791,75.749,300
uav0000188_00000_v,960x540,39,1.097,11.31,22.826,6.468,42.727,32.641,76.464,300
uav0000188_00000_v,960x540,40,1.313,11.449,22.977,6.723,43.527,32.566,77.405,300
uav0000188_00000_v,960x540,41,0.858,11.382,21.974,5.473,41.004,31.14,73.001,300
uav0000188_00000_v,960x540,42,1.162,11.197,21.703,5.688,40.549,33.353,75.064,300
uav0000188_00000_v,960x540,43,1.185,11.063,21.95,6.085,41.116,30.12,72.421,300
uav0000188_00000_v,960x540,44,1.177,11.443,21.73,5.855,41.069,33.87,76.115,300
uav0000188_00000_v,960x540,45,0.882,11.133,21.659,5.737,40.577,33.105,74.564,300
uav0000188_00000_v,960x540,46,0.845,11.224,19.986,4.994,38.303,31.495,70.643,300
uav0000188_00000_v,960x540,47,0.748,10.651,19.937,4.709,36.866,29.727,67.341,300
uav0000188_00000_v,960x540,48,0.716,10.84,19.99,5.416,38.242,30.247,69.205,300
uav0000188_00000_v,960x540,49,0.796,10.625,20.021,5.82,38.418,29.955,69.169,300
uav0000188_00000_v,960x540,50,0.803,11.06,19.971,5.059,37.913,30.812,69.528,300
uav0000188_00000_v,960x540,51,0.952,10.985,19.992,4.97,37.976,31.906,70.835,300
uav0000188_00000_v,960x540,52,0.939,13.442,21.975,6.479,43.81,30.407,75.156,300
uav0000188_00000_v,960x540,53,1.216,11.581,21.722,5.815,41.246,32.897,75.36,300
uav0000188_00000_v,960x540,54,1.235,11.414,21.805,6.235,41.696,31.741,74.671,300
uav0000188_00000_v,960x540,55,1.317,11.345,22.163,6.615,42.346,31.749,75.412,300
uav0000188_00000_v,960x540,56,1.184,11.478,22.929,6.133,42.796,32.371,76.351,300
uav0000188_00000_v,960x540,57,1.618,11.307,22.373,6.426,42.309,32.302,76.229,300
uav0000188_00000_v,960x540,58,1.342,11.38,22.893,6.317,42.812,31.952,76.107,300
uav0000188_00000_v,960x540,59,1.436,11.308,22.507,6.985,43.329,34.405,79.17,300
uav0000188_00000_v,960x540,60,1.448,11.399,23.045,6.362,43.268,34.347,79.062,300
uav0000188_00000_v,960x540,61,1.487,11.286,23.056,5.712,42.18,31.773,75.44,300
uav0000188_00000_v,960x540,62,0.971,13.67,21.892,6.361,44.202,30.64,75.812,300
uav0000188_00000_v,960x540,63,1.128,11.51,22.283,5.885,41.845,32.294,75.268,300
uav0000188_00000_v,960x540,64,0.916,10.852,21.756,6.449,40.958,28.369,70.244,300
uav0000188_00000_v,960x540,65,0.678,11.368,20.681,6.107,40.011,32.309,72.998,300
uav0000188_00000_v,960x540,66,1.009,11.086,19.967,5.345,38.358,31.842,71.209,300
uav0000188_00000_v,960x540,67,0.666,10.814,19.973,4.862,37.476,31.406,69.548,300
uav0000188_00000_v,960x540,68,0.683,10.997,20.003,5.157,37.989,31.923,70.595,300
uav0000188_00000_v,960x540,69,0.718,11.287,19.994,5.742,39.153,30.253,70.123,300
uav0000188_00000_v,960x540,70,0.869,13.677,20.57,5.093,41.192,31.841,73.901,300
uav0000188_00000_v,960x540,71,0.924,10.812,19.991,5.768,38.62,29.644,69.187,300
uav0000188_00000_v,960x540,72,0.825,10.817,19.944,5.053,37.68,31.825,70.33,300
uav0000188_00000_v,960x540,73,0.905,10.952,19.984,5.718,38.81,31.38,71.094,300
uav0000188_00000_v,960x540,74,0.664,10.99,20.038,5.605,38.631,30.857,70.152,300
uav0000188_00000_v,960x540,75,0.71,10.794,19.98,5.137,37.78,33.379,71.869,300
uav0000188_00000_v,960x540,76,0.778,10.64,19.99,5.956,38.57,29.739,69.087,300
uav0000188_00000_v,960x540,77,0.633,10.972,19.991,5.102,37.909,31.869,70.411,300
uav0000188_00000_v,960x540,78,0.685,11.102,20.013,5.825,38.999,29.835,69.52,300
uav0000188_00000_v,960x540,79,0.95,13.487,20.757,5.116,41.233,32.728,74.912,300
uav0000188_00000_v,960x540,80,0.894,10.923,19.983,5.053,37.78,31.241,69.916,300
uav0000188_00000_v,960x540,81,0.647,10.992,19.957,5.645,38.642,31.83,71.12,300
uav0000188_00000_v,960x540,82,0.667,10.903,19.992,5.147,37.863,32.209,70.738,300
uav0000188_00000_v,960x540,83,0.716,10.773,19.923,4.944,37.542,30.844,69.101,300
uav0000188_00000_v,960x540,84,0.843,11.064,20.007,5.149,38.039,32.334,71.216,300
uav0000188_00000_v,960x540,85,0.659,11.008,20.349,5.856,39.013,27.03,66.702,300
uav0000188_00000_v,960x540,86,0.775,11.188,20.161,5.764,38.99,30.639,70.404,300
uav0000188_00000_v,960x540,87,0.831,10.687,20.846,6.155,39.524,28.847,69.202,300
uav0000188_00000_v,960x540,88,0.784,10.946,19.96,5.138,37.808,32.233,70.826,300
uav0000188_00000_v,960x540,89,0.74,10.889,20.698,6.431,39.863,30.653,71.256,300
uav0000188_00000_v,960x540,90,0.784,10.901,21.216,6.161,40.139,30.389,71.312,300
uav0000188_00000_v,960x540,91,0.874,10.79,21.324,5.606,39.485,30.223,70.583,300
uav0000188_00000_v,960x540,92,0.968,11.445,21.311,5.563,40.369,31.927,73.264,300
uav0000188_00000_v,960x540,93,0.794,10.954,20.079,5.752,38.597,31.484,70.875,300
uav0000188_00000_v,960x540,94,0.618,11.005,19.966,5.822,38.63,30.938,70.186,300
uav0000188_00000_v,960x540,95,1.21,10.826,21.689,5.684,40.018,32.318,73.547,300
uav0000188_00000_v,960x540,96,1.213,10.986,20.006,5.835,38.766,31.207,71.185,300
uav0000188_00000_v,960x540,97,0.632,10.938,20.733,6.061,39.577,29.149,69.358,300
uav0000188_00000_v,960x540,98,1.037,11.207,21.154,5.577,39.772,30.046,70.855,300
uav0000188_00000_v,960x540,99,1.084,11.423,22.94,6.167,42.849,31.147,75.081,300
uav0000188_00000_v,960x540,100,1.373,11.455,22.988,6.363,43.046,31.657,76.075,300
uav0000188_00000_v,960x540,101,1.065,11.365,22.9,6.581,42.993,30.781,74.84,300
uav0000188_00000_v,960x540,102,1.193,11.607,23.022,6.223,43.167,31.16,75.52,300
uav0000188_00000_v,960x540,103,1.182,11.326,22.877,5.636,41.796,33.162,76.14,300
uav0000188_00000_v,960x540,104,1.151,11.366,22.083,6.434,42.206,32.422,75.779,300
uav0000188_00000_v,960x540,105,0.989,11.25,23.21,5.783,42.28,30.142,73.411,300
uav0000188_00000_v,960x540,106,0.87,11.393,20.015,5.477,39.398,28.436,68.704,300
uav0000188_00000_v,960x540,107,0.791,10.827,19.981,5.798,38.702,28.219,67.712,300
uav0000188_00000_v,960x540,108,0.783,11.063,20.006,5.658,38.893,30.086,69.762,300
uav0000188_00000_v,960x540,109,0.629,10.905,19.978,4.959,37.881,31.624,70.134,300
uav0000188_00000_v,960x540,110,0.896,10.955,20.022,5.646,38.619,30.401,69.916,300
uav0000188_00000_v,960x540,111,1.066,10.929,20.877,5.932,39.554,30.278,70.898,300
uav0000188_00000_v,960x540,112,0.904,10.947,19.998,5.584,38.362,30.492,69.758,300
uav0000188_00000_v,960x540,113,0.778,10.879,20.013,5.421,38.277,29.891,68.947,300
uav0000188_00000_v,960x540,114,0.773,10.904,20.957,5.887,39.616,32.79,73.179,300
uav0000188_00000_v,960x540,115,0.933,10.865,20.737,5.672,39.122,32.381,72.436,300
uav0000188_00000_v,960x540,116,0.985,10.915,21.555,6.298,40.677,30.149,71.811,300
uav0000188_00000_v,960x540,117,1.134,11.503,21.757,5.93,41.384,32.933,75.451,300
uav0000188_00000_v,960x540,118,2.176,11.102,22.318,5.211,40.66,33.371,76.207,300
uav0000188_00000_v,960x540,119,0.963,11.784,22.536,5.722,42.165,33.173,76.301,300
uav0000188_00000_v,960x540,120,1.441,11.408,20.93,6.344,41.058,31.126,73.626,300
uav0000188_00000_v,960x540,121,0.885,10.983,20.929,6.147,39.95,32.16,72.995,300
uav0000188_00000_v,960x540,122,1.152,11.019,21.047,5.766,39.704,32.05,72.907,300
uav0000188_00000_v,960x540,123,1.291,10.912,21.504,6.298,40.739,31.688,73.719,300
uav0000188_00000_v,960x540,124,1.256,11.207,20.023,4.982,38.702,30.393,70.351,300
uav0000188_00000_v,960x540,125,0.651,10.957,20.092,5.875,38.655,30.103,69.409,300
uav0000188_00000_v,960x540,126,0.654,10.893,20.878,6.259,39.816,31.538,72.008,300
uav0000188_00000_v,960x540,127,0.805,10.964,22.501,5.79,41.036,34.139,75.98,300
uav0000188_00000_v,960x540,128,1.067,10.853,20.895,6.276,39.914,32.124,73.106,300
uav0000188_00000_v,960x540,129,0.987,11.237,21.997,6.826,42.178,31.638,74.803,300
uav0000188_00000_v,960x540,130,1.114,11.356,21.493,5.9,40.788,32.132,74.034,300
uav0000188_00000_v,960x540,131,0.904,11.24,21.763,6.378,41.553,31.34,73.797,300
uav0000188_00000_v,960x540,132,1.167,11.452,21.786,6.391,41.976,32.399,75.543,300
uav0000188_00000_v,960x540,133,1.206,11.17,21.594,5.902,40.77,34.832,76.808,300
uav0000188_00000_v,960x540,134,0.859,11.085,21.76,5.857,40.821,32.163,73.844,300
uav0000188_00000_v,960x540,135,1.117,10.905,21.472,6.349,40.667,32.746,74.53,300
uav0000188_00000_v,960x540,136,1.076,11.043,21.267,5.637,40.052,32.845,73.974,300
uav0000188_00000_v,960x540,137,1.095,10.941,21.671,6.178,40.707,34.536,76.337,300
uav0000188_00000_v,960x540,138,0.885,10.941,21.265,5.99,40.051,32.247,73.183,300
uav0000188_00000_v,960x540,139,0.753,13.838,23.055,5.869,44.595,32.928,78.276,300
uav0000188_00000_v,960x540,140,1.179,11.329,21.729,5.873,41.102,33.525,75.805,300
uav0000188_00000_v,960x540,141,1.187,11.102,22.217,5.639,41.054,34.548,76.788,300
uav0000188_00000_v,960x540,142,0.823,11.129,21.79,5.945,40.871,32.312,74.005,300
uav0000188_00000_v,960x540,143,1.218,11.2,22.57,6.325,41.949,34.674,77.842,300
uav0000188_00000_v,960x540,144,1.192,11.128,23.077,6.528,42.875,31.619,75.686,300
uav0000188_00000_v,960x540,145,0.952,11.366,21.435,5.604,41.532,34.087,76.572,300
uav0000188_00000_v,960x540,146,0.854,11.406,23.042,6.5,43.084,32.565,76.503,300
uav0000188_00000_v,960x540,147,0.919,11.27,22.049,6.826,42.287,31.52,74.727,300
uav0000188_00000_v,960x540,148,1.202,11.479,23.065,6.735,43.514,34.363,79.078,300
uav0000188_00000_v,960x540,149,1.081,11.407,22.971,6.292,43.503,33.792,78.376,300
uav0000188_00000_v,960x540,150,1.188,11.533,23.071,6.7,44.19,34.845,80.222,300
uav0000188_00000_v,960x540,151,0.961,11.336,21.974,6.684,42.131,33.33,76.422,300
uav0000188_00000_v,960x540,152,0.884,11.334,22.489,6.272,42.282,33.737,76.903,300
uav0000188_00000_v,960x540,153,1.549,11.581,22.971,6.655,43.454,33.242,78.245,300
uav0000188_00000_v,960x540,154,1.131,12.186,23.466,6.426,45.187,35.693,82.011,300
uav0000188_00000_v,960x540,155,1.002,11.351,21.726,6.416,41.901,33.705,76.608,300
uav0000188_00000_v,960x540,156,0.914,11.198,21.029,5.855,40.151,33.518,74.584,300
uav0000188_00000_v,960x540,157,0.897,11.386,22.91,6.561,45.332,32.758,78.988,300
uav0000188_00000_v,960x540,158,1.209,11.353,22.794,5.824,42.642,37.806,81.657,300
uav0000188_00000_v,960x540,159,1.27,13.909,25.428,6.96,48.737,33.196,83.203,300
uav0000188_00000_v,960x540,160,1.225,11.465,23.112,6.488,43.404,34.209,78.839,300
uav0000188_00000_v,960x540,161,0.918,11.393,21.699,6.536,41.911,31.5,74.329,300
uav0000188_00000_v,960x540,162,1.156,11.462,23.038,8.575,45.665,37.414,84.234,300
uav0000188_00000_v,960x540,163,0.989,11.267,21.144,6.509,41.367,34.155,76.512,300
uav0000188_00000_v,960x540,164,1.254,11.467,22.032,6.779,42.573,34.836,78.664,300
uav0000188_00000_v,960x540,165,0.747,13.734,21.827,6.421,43.903,31.369,76.02,300
uav0000188_00000_v,960x540,166,0.973,11.479,22.437,6.278,42.572,33.611,77.156,300
uav0000188_00000_v,960x540,167,0.918,11.279,22.142,6.791,42.346,32.681,75.945,300
uav0000188_00000_v,960x540,168,1.213,11.468,23.014,6.933,43.888,35.564,80.665,300
uav0000188_00000_v,960x540,169,1.213,11.407,22.96,6.449,43.286,34.498,78.996,300
uav0000188_00000_v,960x540,170,1.245,11.323,22.588,6.615,42.824,34.429,78.498,300
uav0000188_00000_v,960x540,171,1.246,11.396,22.645,4.923,40.861,33.626,75.734,300
uav0000188_00000_v,960x540,172,0.892,11.187,22.656,7.053,43.331,32.476,76.699,300
uav0000188_00000_v,960x540,173,1.06,11.455,23.137,6.805,43.661,34.967,79.688,300
uav0000188_00000_v,960x540,174,1.224,11.478,23.034,6.885,43.581,33.686,78.491,300
uav0000188_00000_v,960x540,175,1.198,11.496,23.307,6.63,43.912,34.875,79.984,300
uav0000188_00000_v,960x540,176,1.221,11.397,22.955,6.897,43.699,33.623,78.543,300
uav0000188_00000_v,960x540,177,1.198,11.384,22.974,6.814,43.608,34.823,79.629,300
uav0000188_00000_v,960x540,178,0.938,13.806,22.395,5.958,44.23,35.066,80.234,300
uav0000188_00000_v,960x540,179,1.099,11.123,21.753,6.785,41.862,34.325,77.286,300
uav0000188_00000_v,960x540,180,0.864,11.239,21.765,6.439,41.59,34.819,77.273,300
uav0000188_00000_v,960x540,181,0.908,11.171,20.934,6.221,40.42,31.489,72.818,300
uav0000188_00000_v,960x540,182,1.181,12.025,23.256,6.858,44.548,35.269,80.998,300
uav0000188_00000_v,960x540,183,0.913,11.057,21.771,6.808,41.514,32.537,74.964,300
uav0000188_00000_v,960x540,184,1.164,11.454,22.457,6.077,42.429,34.653,78.246,300
uav0000188_00000_v,960x540,185,0.928,11.248,21.721,5.938,41.05,33.085,75.063,300
uav0000188_00000_v,960x540,186,0.872,11.206,21.84,6.595,41.792,32.331,74.995,300
uav0000188_00000_v,960x540,187,1.219,11.48,22.539,6.991,43.377,35.16,79.757,300
uav0000188_00000_v,960x540,188,1.158,11.112,23.104,7.043,43.653,35.01,79.821,300
uav0000188_00000_v,960x540,189,1.209,11.311,21.684,6.762,41.815,34.764,77.787,300
uav0000188_00000_v,960x540,190,1.158,11.433,23.003,5.848,42.392,34.046,77.597,300
uav0000188_00000_v,960x540,191,0.944,13.754,25.024,6.731,47.503,35.007,83.454,300
uav0000188_00000_v,960x540,192,1.174,11.399,22.974,6.728,43.305,34.033,78.512,300
uav0000188_00000_v,960x540,193,1.213,11.435,22.957,6.277,43.097,33.301,77.611,300
uav0000188_00000_v,960x540,194,1.131,11.47,23.043,6.562,43.348,36.041,80.52,300
uav0000188_00000_v,960x540,195,1.249,11.029,23.043,6.527,42.627,34.662,78.538,300
uav0000188_00000_v,960x540,196,1.186,11.385,22.577,6.147,42.378,35.308,78.872,300
uav0000188_00000_v,960x540,197,0.907,10.966,21.266,5.928,40.03,35.242,76.179,300
uav0000188_00000_v,960x540,198,0.652,10.898,21.715,6.444,40.892,33.405,74.949,300
uav0000188_00000_v,960x540,199,1.188,10.975,21.814,6.688,41.462,32.706,75.356,300
uav0000188_00000_v,960x540,200,1.137,11.578,23.223,6.221,42.915,35.907,79.959,300
uav0000188_00000_v,960x540,201,0.96,11.042,21.728,5.738,40.375,33.368,74.704,300
uav0000188_00000_v,960x540,202,1.148,12.037,22.073,7.113,43.423,35.791,80.363,300
uav0000188_00000_v,960x540,203,1.293,11.039,23.493,6.728,43.382,34.641,79.317,300
uav0000188_00000_v,960x540,204,0.985,13.835,22.498,5.868,44.375,35.706,81.065,300
uav0000188_00000_v,960x540,205,1.266,11.009,22.513,6.605,42.18,34.321,77.768,300
uav0000188_00000_v,960x540,206,1.197,11.915,22.699,6.343,43.246,37.04,81.483,300
uav0000188_00000_v,960x540,207,0.677,10.85,21.381,5.984,40.042,34.981,75.701,300
uav0000188_00000_v,960x540,208,1.124,11.056,20.437,6.228,39.81,33.287,74.221,300
uav0000188_00000_v,960x540,209,0.973,11.576,21.191,6.728,41.386,29.484,71.843,300
uav0000188_00000_v,960x540,210,1.216,11.302,22.477,5.015,40.678,30.413,72.307,300
uav0000188_00000_v,960x540,211,1.238,11.593,22.998,6.47,43.593,32.166,76.997,300
uav0000188_00000_v,960x540,212,0.857,11.159,20.949,6.33,40.609,32.964,74.43,300
uav0000188_00000_v,960x540,213,0.899,11.261,21.805,6.478,41.783,32.378,75.06,300
uav0000188_00000_v,960x540,214,0.869,11.34,21.725,6.48,41.722,32.277,74.868,300
uav0000188_00000_v,960x540,215,1.1,11.514,23.022,6.646,43.438,34.375,78.913,300
uav0000188_00000_v,960x540,216,0.927,11.132,22.838,6.146,42.177,34.725,77.829,300
uav0000188_00000_v,960x540,217,1.139,11.744,21.832,6.972,42.83,34.069,78.038,300
uav0000188_00000_v,960x540,218,1.289,11.436,23.064,6.699,43.411,34.403,79.103,300
uav0000188_00000_v,960x540,219,1.137,11.473,22.981,6.304,43.151,36.469,80.758,300
uav0000188_00000_v,960x540,220,1.265,11.266,21.742,6.682,42.089,37.734,81.089,300
uav0000188_00000_v,960x540,221,0.869,10.935,21.777,5.872,40.312,37.392,78.573,300
uav0000188_00000_v,960x540,222,0.67,10.677,20.799,6.512,39.79,33.881,74.34,300
uav0000188_00000_v,960x540,223,0.857,10.948,21.255,5.717,40.156,37.225,78.237,300
uav0000188_00000_v,960x540,224,0.692,11.017,22.286,5.858,40.921,37.976,79.588,300
uav0000188_00000_v,960x540,225,0.727,10.859,21.089,6.663,40.418,36.731,77.876,300
uav0000188_00000_v,960x540,226,0.708,10.942,21.181,6.023,39.877,38.321,78.906,300
uav0000188_00000_v,960x540,227,0.661,10.642,20.873,6.19,39.534,33.929,74.124,300
uav0000188_00000_v,960x540,228,0.885,10.582,20.746,5.736,38.84,34.622,74.346,300
uav0000188_00000_v,960x540,229,0.89,10.622,21.299,5.968,39.562,34.826,75.278,300
uav0000188_00000_v,960x540,230,0.672,11.419,20.634,6.252,40.109,35.514,76.294,300
uav0000188_00000_v,960x540,231,0.922,10.919,21.052,5.969,39.712,38.39,79.024,300
uav0000188_00000_v,960x540,232,0.683,10.65,20.813,6.382,39.731,36.603,77.016,300
uav0000188_00000_v,960x540,233,0.894,10.602,20.979,5.777,39.112,37.412,77.418,300
uav0000188_00000_v,960x540,234,0.873,10.52,20.776,5.793,38.874,35.469,75.216,300
uav0000188_00000_v,960x540,235,0.847,10.629,21.081,5.735,39.144,34.845,74.835,300
uav0000188_00000_v,960x540,236,0.834,10.937,20.938,6.031,39.67,36.896,77.4,300
uav0000188_00000_v,960x540,237,0.865,10.933,21.429,5.631,39.7,37.768,78.333,300
uav0000188_00000_v,960x540,238,0.656,10.623,20.789,6.267,39.485,33.167,73.307,300
uav0000188_00000_v,960x540,239,0.842,10.724,20.753,5.719,38.92,34.639,74.401,300
uav0000188_00000_v,960x540,240,0.627,10.627,20.895,6.28,39.592,33.293,73.512,300
uav0000188_00000_v,960x540,241,0.83,10.857,21.006,5.958,39.498,35.853,76.181,300
uav0000188_00000_v,960x540,242,0.965,10.65,21.3,5.906,39.518,36.865,77.348,300
uav0000188_00000_v,960x540,243,0.724,10.697,20.737,6.3,39.483,35.032,75.238,300
uav0000188_00000_v,960x540,244,0.723,10.946,20.785,5.721,39.234,37.216,77.172,300
uav0000188_00000_v,960x540,245,1.141,15.512,20.076,4.83,42.252,31.898,75.29,300
uav0000188_00000_v,960x540,246,0.857,11.012,19.962,4.903,37.6,34.753,73.21,300
uav0000188_00000_v,960x540,247,1.089,10.928,19.985,5.713,39.534,35.603,76.226,300
uav0000188_00000_v,960x540,248,1.21,11.437,19.969,6.053,40.119,37.937,79.267,300
uav0000188_00000_v,960x540,249,0.895,10.716,19.954,5.312,37.749,32.477,71.12,300
uav0000188_00000_v,960x540,250,0.965,10.622,20.782,5.997,38.931,32.362,72.258,300
uav0000188_00000_v,960x540,251,0.866,10.536,20.826,6.323,39.499,33.363,73.727,300
uav0000188_00000_v,960x540,252,0.674,10.656,20.542,5.932,38.838,35.321,74.833,300
uav0000188_00000_v,960x540,253,0.862,10.647,20.894,6.19,39.55,32.892,73.303,300
uav0000188_00000_v,960x540,254,0.657,11.109,21.0,6.049,39.813,34.564,75.035,300
uav0000188_00000_v,960x540,255,0.772,10.86,21.043,5.738,39.356,36.107,76.235,300
uav0000188_00000_v,960x540,256,0.752,11.154,21.113,5.774,39.803,36.901,77.457,300
uav0000188_00000_v,960x540,257,0.777,11.19,20.827,6.385,40.304,35.097,76.179,300
uav0000188_00000_v,960x540,258,0.762,11.024,21.166,6.752,40.825,34.807,76.394,300
uav0000188_00000_v,960x540,259,1.065,10.963,21.311,5.923,40.03,33.635,74.73,300
uav0000188_00000_v,960x540,260,0.948,11.003,21.152,5.632,39.509,34.446,74.902,300
uav0000201_00000_v,1344x756,1,38.402,7.397,20.216,4.445,33.946,10.869,83.217,265
uav0000201_00000_v,1344x756,2,1.588,7.95,22.244,6.65,38.926,19.266,59.781,266
uav0000201_00000_v,1344x756,3,1.776,9.872,22.269,6.404,41.43,19.137,62.343,230
uav0000201_00000_v,1344x756,4,1.96,10.686,25.82,6.541,46.173,21.313,69.446,243
uav0000201_00000_v,1344x756,5,1.781,10.796,25.291,6.991,46.274,23.285,71.34,221
uav0000201_00000_v,1344x756,6,1.56,10.903,25.306,7.067,46.414,22.097,70.071,206
uav0000201_00000_v,1344x756,7,1.631,11.024,25.275,6.831,45.815,21.477,68.923,208
uav0000201_00000_v,1344x756,8,1.897,11.083,25.361,7.049,46.518,21.152,69.567,183
uav0000201_00000_v,1344x756,9,1.816,11.506,25.376,6.563,46.669,21.051,69.537,171
uav0000201_00000_v,1344x756,10,1.929,12.859,24.935,6.467,47.577,19.738,69.243,177
uav0000201_00000_v,1344x756,11,1.757,11.033,25.194,7.257,46.685,21.155,69.596,210
uav0000201_00000_v,1344x756,12,1.98,10.96,25.363,6.713,46.451,24.615,73.046,240
uav0000201_00000_v,1344x756,13,1.566,10.852,25.317,7.245,46.67,22.837,71.073,240
uav0000201_00000_v,1344x756,14,1.809,11.528,25.401,7.187,47.289,24.164,73.262,239
uav0000201_00000_v,1344x756,15,1.823,10.933,25.672,6.578,45.647,21.376,68.847,268
uav0000201_00000_v,1344x756,16,2.08,11.58,25.746,7.295,47.814,25.625,75.519,287
uav0000201_00000_v,1344x756,17,1.73,12.253,25.903,6.737,47.577,24.313,73.62,274
uav0000201_00000_v,1344x756,18,1.59,10.624,25.568,6.596,45.531,21.966,69.087,245
uav0000201_00000_v,1344x756,19,1.727,10.248,25.207,6.032,44.08,22.654,68.461,254
uav0000201_00000_v,1344x756,20,1.754,10.492,25.326,6.534,44.887,23.605,70.247,246
uav0000201_00000_v,1344x756,21,1.513,9.638,21.437,6.469,40.244,21.766,63.522,273
uav0000201_00000_v,1344x756,22,1.979,10.765,25.449,6.515,45.423,23.667,71.069,276
uav0000201_00000_v,1344x756,23,1.893,10.272,25.084,6.589,44.377,22.84,69.111,261
uav0000201_00000_v,1344x756,24,1.687,10.814,23.964,7.095,44.383,21.418,67.489,263
uav0000201_00000_v,1344x756,25,1.159,11.163,25.341,6.93,45.765,24.131,71.056,262
uav0000201_00000_v,1344x756,26,2.194,11.557,25.275,6.393,46.052,24.603,72.849,275
uav0000201_00000_v,1344x756,27,1.908,10.323,23.532,6.765,43.121,21.957,66.986,288
uav0000201_00000_v,1344x756,28,1.752,10.425,25.261,6.727,45.042,24.099,70.893,276
uav0000201_00000_v,1344x756,29,1.507,10.04,25.245,6.386,44.402,22.446,68.355,243
uav0000201_00000_v,1344x756,30,1.834,10.528,25.558,6.778,45.394,24.973,72.201,256
uav0000201_00000_v,1344x756,31,1.754,10.393,25.149,6.789,44.884,25.08,71.718,255
uav0000201_00000_v,1344x756,32,1.729,8.863,23.902,7.39,42.796,25.546,70.071,267
uav0000201_00000_v,1344x756,33,1.754,10.792,25.256,6.589,45.396,25.641,72.792,254
uav0000201_00000_v,1344x756,34,1.783,10.331,25.351,6.493,45.135,25.594,72.512,251
uav0000201_00000_v,1344x756,35,1.694,10.336,25.282,7.179,45.543,26.178,73.415,276
uav0000201_00000_v,1344x756,36,1.675,10.778,25.732,6.969,46.222,24.893,72.79,261
uav0000201_00000_v,1344x756,37,1.468,10.462,25.312,6.766,45.271,23.267,70.006,273
uav0000201_00000_v,1344x756,38,1.839,10.821,25.219,6.891,45.724,24.207,71.769,241
uav0000201_00000_v,1344x756,39,1.473,9.261,22.722,6.942,41.528,25.294,68.295,247
uav0000201_00000_v,1344x756,40,1.78,10.728,25.579,7.193,46.362,24.311,72.453,251
uav0000201_00000_v,1344x756,41,1.84,10.842,25.309,7.216,46.172,24.388,72.4,246
uav0000201_00000_v,1344x756,42,1.865,10.851,25.291,6.569,45.506,23.757,71.128,227
uav0000201_00000_v,1344x756,43,1.815,10.735,25.448,7.432,46.419,23.522,71.756,239
uav0000201_00000_v,1344x756,44,1.762,10.915,25.288,7.464,46.576,24.744,73.082,246
uav0000201_00000_v,1344x756,45,1.816,11.123,25.314,6.679,45.867,25.176,72.86,208
uav0000201_00000_v,1344x756,46,1.682,10.512,22.095,6.998,42.304,24.927,68.914,228
uav0000201_00000_v,1344x756,47,1.78,10.643,25.25,6.953,45.677,24.219,71.676,250
uav0000201_00000_v,1344x756,48,1.789,10.662,25.253,7.202,45.927,24.741,72.456,246
uav0000201_00000_v,1344x756,49,1.784,10.698,25.647,7.321,46.603,24.95,73.337,232
uav0000201_00000_v,1344x756,50,1.514,10.806,25.271,6.625,45.673,21.483,68.669,206
uav0000201_00000_v,1344x756,51,1.534,10.781,25.196,6.662,45.546,20.472,67.552,183
uav0000201_00000_v,1344x756,52,1.516,10.893,25.332,6.832,46.059,20.575,68.15,176
uav0000201_00000_v,1344x756,53,1.544,10.875,23.802,6.741,44.298,21.805,67.647,191
uav0000201_00000_v,1344x756,54,1.558,10.908,25.279,6.583,45.684,21.273,68.515,177
uav0000201_00000_v,1344x756,55,1.523,10.854,25.124,6.504,45.459,20.421,67.403,154
uav0000201_00000_v,1344x756,56,1.794,11.211,25.319,6.568,45.934,21.753,69.481,149
uav0000201_00000_v,1344x756,57,1.738,11.031,25.255,6.418,45.543,21.173,68.454,163
uav0000201_00000_v,1344x756,58,1.718,10.998,25.367,6.485,45.687,20.824,68.229,154
uav0000201_00000_v,1344x756,59,1.897,10.997,25.155,6.541,45.565,21.31,68.773,136
uav0000201_00000_v,1344x756,60,1.792,11.12,25.249,6.82,46.083,24.296,72.171,163
uav0000201_00000_v,1344x756,61,1.632,11.533,25.228,6.811,46.546,23.114,71.293,185
uav0000201_00000_v,1344x756,62,1.561,10.968,25.3,6.924,46.135,23.605,71.301,199
uav0000201_00000_v,1344x756,63,1.904,11.008,25.176,6.643,45.52,25.562,72.987,202
uav0000201_00000_v,1344x756,64,1.579,10.527,25.43,6.517,45.272,24.621,71.471,249
uav0000201_00000_v,1344x756,65,1.699,10.749,24.193,6.773,44.346,26.851,72.895,225
uav0000201_00000_v,1344x756,66,1.493,11.01,25.677,6.733,46.144,23.694,71.331,208
uav0000201_00000_v,1344x756,67,1.805,10.716,25.147,7.088,45.806,28.413,76.024,240
uav0000201_00000_v,1344x756,68,1.794,11.441,25.302,7.069,46.692,25.396,73.882,256
uav0000201_00000_v,1344x756,69,1.769,10.671,25.347,6.864,45.68,28.962,76.411,246
uav0000201_00000_v,1344x756,70,1.737,10.57,25.346,6.841,45.418,26.795,73.95,295
uav0000201_00000_v,1344x756,71,1.758,10.437,25.144,6.616,44.933,26.134,72.826,299
uav0000201_00000_v,1344x756,72,1.776,10.559,25.287,6.663,45.238,27.295,74.309,270
uav0000201_00000_v,1344x756,73,1.743,10.455,25.328,6.97,45.59,27.462,74.796,276
uav0000201_00000_v,1344x756,74,1.739,10.305,25.224,7.094,45.085,29.218,76.042,300
uav0000201_00000_v,1344x756,75,1.781,10.499,25.178,7.14,45.536,30.242,77.559,300
uav0000201_00000_v,1344x756,76,1.806,10.446,25.402,6.792,45.472,28.599,75.877,300
uav0000201_00000_v,1344x756,77,1.498,10.413,25.611,7.17,46.003,26.364,73.866,287
uav0000201_00000_v,1344x756,78,1.729,10.297,25.477,6.252,44.722,27.335,73.787,300
uav0000201_00000_v,1344x756,79,1.47,10.659,25.503,7.343,46.34,26.124,73.934,300
uav0000201_00000_v,1344x756,80,2.017,10.247,25.358,6.614,45.068,26.701,73.786,300
uav0000201_00000_v,1344x756,81,1.64,10.504,24.436,7.392,44.819,26.921,73.379,300
uav0000201_00000_v,1344x756,82,1.716,10.565,25.347,6.646,45.306,28.152,75.174,300
uav0000201_00000_v,1344x756,83,1.743,10.511,25.113,6.525,44.945,27.432,74.12,300
uav0000201_00000_v,1344x756,84,1.444,9.97,25.207,5.86,43.653,26.5,71.597,300
uav0000201_00000_v,1344x756,85,1.796,10.399,25.269,7.224,45.576,26.561,73.933,294
uav0000201_00000_v,1344x756,86,1.718,10.518,25.287,6.45,44.974,26.118,72.81,276
uav0000201_00000_v,1344x756,87,1.435,10.517,25.098,6.263,44.663,23.797,69.896,276
uav0000201_00000_v,1344x756,88,1.831,10.494,23.463,6.674,43.154,24.996,69.981,286
uav0000201_00000_v,1344x756,89,1.499,10.581,25.301,6.533,45.153,23.012,69.664,269
uav0000201_00000_v,1344x756,90,1.514,10.437,25.229,6.52,44.687,22.529,68.73,257
uav0000201_00000_v,1344x756,91,1.568,10.525,25.089,7.046,45.448,21.855,68.871,228
uav0000201_00000_v,1344x756,92,1.682,10.694,25.401,6.74,45.574,23.73,70.987,244
uav0000201_00000_v,1344x756,93,1.513,10.562,25.634,6.797,45.744,22.389,69.646,247
uav0000201_00000_v,1344x756,94,1.659,10.666,25.284,6.442,44.939,23.637,70.235,270
uav0000201_00000_v,1344x756,95,1.743,10.66,25.182,6.972,45.48,25.8,73.023,274
uav0000201_00000_v,1344x756,96,1.554,10.757,25.265,6.524,45.363,22.829,69.745,299
uav0000201_00000_v,1344x756,97,1.557,10.709,25.391,7.333,46.349,26.135,74.041,300
uav0000201_00000_v,1344x756,98,1.729,10.791,25.281,7.187,46.113,26.699,74.541,300
uav0000201_00000_v,1344x756,99,1.769,10.711,25.158,7.148,45.876,26.331,73.976,300
uav0000201_00000_v,1344x756,100,1.753,10.733,25.308,6.795,45.677,26.989,74.419,300
uav0000201_00000_v,1344x756,101,1.517,10.566,25.286,6.524,45.181,23.329,70.026,261
uav0000201_00000_v,1344x756,102,1.763,10.623,24.638,6.375,44.47,27.212,73.445,292
uav0000201_00000_v,1344x756,103,1.544,10.599,25.064,6.82,45.048,24.532,71.123,292
uav0000201_00000_v,1344x756,104,1.856,10.784,25.294,7.226,46.126,27.641,75.623,300
uav0000201_00000_v,1344x756,105,1.704,10.619,25.41,7.375,46.301,28.858,76.863,291
uav0000201_00000_v,1344x756,106,1.515,10.599,25.307,6.846,45.281,28.128,74.925,300
uav0000201_00000_v,1344x756,107,1.525,10.343,25.164,6.224,44.308,27.156,72.988,293
uav0000201_00000_v,1344x756,108,1.726,10.713,25.536,7.359,46.347,26.85,74.923,300
uav0000201_00000_v,1344x756,109,1.65,10.387,24.024,6.462,43.738,25.634,71.022,289
uav0000201_00000_v,1344x756,110,1.725,10.47,25.221,6.692,44.91,27.188,73.823,300
uav0000201_00000_v,1344x756,111,1.613,10.326,25.102,7.326,45.567,25.922,73.102,300
uav0000201_00000_v,1344x756,112,1.66,10.526,25.303,6.762,45.365,27.116,74.141,300
uav0000201_00000_v,1344x756,113,1.789,10.399,25.336,7.133,45.407,26.276,73.472,300
uav0000201_00000_v,1344x756,114,1.669,10.429,25.262,6.547,45.014,25.417,72.1,300
uav0000201_00000_v,1344x756,115,1.488,10.435,25.123,6.574,44.897,23.414,69.798,300
uav0000201_00000_v,1344x756,116,1.445,10.538,23.84,6.963,44.174,25.335,70.955,300
uav0000201_00000_v,1344x756,117,1.667,10.413,25.222,6.454,44.846,24.781,71.293,298
uav0000201_00000_v,1344x756,118,1.674,10.547,25.294,6.955,45.568,27.008,74.25,300
uav0000201_00000_v,1344x756,119,1.497,10.369,25.151,6.865,44.986,25.552,72.034,300
uav0000201_00000_v,1344x756,120,1.505,10.356,25.303,6.316,44.572,24.13,70.207,300
uav0000201_00000_v,1344x756,121,1.425,10.419,25.208,6.554,44.886,23.985,70.295,300
uav0000201_00000_v,1344x756,122,1.479,10.297,25.382,7.044,45.524,24.83,71.833,300
uav0000201_00000_v,1344x756,123,1.701,10.393,24.148,7.195,44.279,25.137,71.117,300
uav0000201_00000_v,1344x756,124,1.782,10.428,25.289,7.612,46.171,26.488,74.441,300
uav0000201_00000_v,1344x756,125,1.668,10.399,25.292,6.655,45.008,25.488,72.163,300
uav0000201_00000_v,1344x756,126,1.644,10.34,25.27,6.652,44.832,25.289,71.765,300
uav0000201_00000_v,1344x756,127,1.799,10.331,25.085,6.3,44.247,24.698,70.744,300
uav0000201_00000_v,1344x756,128,1.641,10.49,25.315,6.782,45.286,23.79,70.717,300
uav0000201_00000_v,1344x756,129,1.689,11.195,25.318,7.188,46.528,25.727,73.944,300
uav0000201_00000_v,1344x756,130,1.732,10.398,24.1,6.815,44.107,24.775,70.615,300
uav0000201_00000_v,1344x756,131,1.756,10.583,25.218,7.198,45.836,24.096,71.687,300
uav0000201_00000_v,1344x756,132,1.497,10.811,25.297,7.155,46.12,22.829,70.446,300
uav0000201_00000_v,1344x756,133,1.501,10.67,25.255,7.13,45.848,25.423,72.772,300
uav0000201_00000_v,1344x756,134,1.609,10.656,25.256,6.777,45.259,25.119,71.987,289
uav0000201_00000_v,1344x756,135,1.997,12.186,25.265,6.513,47.01,22.868,71.876,300
uav0000201_00000_v,1344x756,136,1.707,10.6,25.723,6.876,45.866,25.267,72.839,300
uav0000201_00000_v,1344x756,137,1.741,10.54,24.551,6.102,43.662,22.144,67.547,300
uav0000201_00000_v,1344x756,138,1.632,10.281,25.265,6.932,45.221,21.896,68.748,297
uav0000201_00000_v,1344x756,139,1.49,10.382,25.15,6.3,44.564,22.23,68.284,300
uav0000201_00000_v,1344x756,140,1.442,10.514,25.33,6.714,45.23,22.816,69.488,300
uav0000201_00000_v,1344x756,141,1.754,10.351,25.314,6.919,45.257,25.556,72.567,300
uav0000201_00000_v,1344x756,142,1.736,10.403,25.831,7.5,46.722,26.645,75.103,300
uav0000201_00000_v,1344x756,143,1.771,10.363,25.147,7.112,45.33,24.792,71.893,300
uav0000201_00000_v,1344x756,144,1.476,11.867,25.368,7.542,47.323,27.519,76.319,300
uav0000201_00000_v,1344x756,145,1.416,10.56,25.341,7.654,46.933,24.933,73.281,300
uav0000201_00000_v,1344x756,146,1.959,11.253,25.434,6.796,46.186,26.453,74.598,300
uav0000201_00000_v,1344x756,147,1.818,10.489,25.189,8.364,46.856,26.987,75.662,300
uav0000201_00000_v,1344x756,148,1.446,10.623,25.661,8.03,47.142,27.475,76.064,300
uav0000201_00000_v,1344x756,149,2.043,11.004,25.38,8.165,47.464,27.249,76.756,300
uav0000201_00000_v,1344x756,150,2.049,11.117,25.255,6.74,45.962,28.432,76.443,300
uav0000201_00000_v,1344x756,151,1.759,10.375,23.857,7.075,43.939,26.112,71.811,300
uav0000201_00000_v,1344x756,152,1.705,10.525,25.268,6.765,45.431,25.333,72.469,300
uav0000201_00000_v,1344x756,153,1.729,10.52,25.317,6.784,45.454,24.184,71.367,300
uav0000201_00000_v,1344x756,154,1.691,10.815,25.334,6.686,45.633,24.383,71.707,300
uav0000201_00000_v,1344x756,155,1.799,10.774,25.156,7.516,46.297,24.888,72.983,296
uav0000201_00000_v,1344x756,156,1.696,10.823,25.26,6.702,45.549,26.036,73.281,300
uav0000201_00000_v,1344x756,157,1.477,10.361,25.211,6.033,44.242,23.153,68.873,300
uav0000201_00000_v,1344x756,158,1.649,10.749,24.139,6.958,44.602,24.978,71.228,300
uav0000201_00000_v,1344x756,159,1.768,10.297,25.142,6.837,45.001,25.128,71.896,300
uav0000201_00000_v,1344x756,160,1.706,10.395,25.367,6.866,45.3,22.703,69.71,283
uav0000201_00000_v,1344x756,161,1.731,10.825,25.363,7.204,46.233,25.746,73.71,300
uav0000201_00000_v,1344x756,162,1.699,10.861,25.559,7.399,46.612,25.687,73.998,300
uav0000201_00000_v,1344x756,163,1.862,10.988,25.258,6.507,45.589,23.606,71.057,300
uav0000201_00000_v,1344x756,164,1.727,10.577,25.359,7.298,45.936,25.286,72.949,300
uav0000201_00000_v,1344x756,165,1.683,9.201,22.03,6.961,40.957,25.813,68.453,300
uav0000201_00000_v,1344x756,166,1.713,10.789,25.307,6.717,45.674,26.833,74.221,300
uav0000201_00000_v,1344x756,167,1.824,10.383,25.16,7.689,45.843,25.831,73.499,300
uav0000201_00000_v,1344x756,168,1.802,10.496,25.23,6.698,45.212,25.406,72.421,300
uav0000201_00000_v,1344x756,169,1.914,10.501,25.294,6.503,45.071,25.644,72.629,300
uav0000201_00000_v,1344x756,170,1.537,10.394,25.253,6.545,44.966,24.077,70.58,300
uav0000201_00000_v,1344x756,171,1.504,10.662,25.123,6.895,45.518,24.273,71.295,298
uav0000201_00000_v,1344x756,172,1.643,10.824,24.459,7.33,45.514,24.775,71.932,282
uav0000201_00000_v,1344x756,173,2.149,10.813,25.264,6.93,45.891,23.746,71.785,274
uav0000201_00000_v,1344x756,174,1.506,10.603,25.217,7.034,45.682,25.339,72.527,254
uav0000201_00000_v,1344x756,175,1.803,10.812,25.134,6.98,45.744,24.417,71.963,262
uav0000201_00000_v,1344x756,176,1.536,10.583,25.346,6.819,45.559,23.065,70.16,264
uav0000201_00000_v,1344x756,177,1.709,10.581,25.461,7.224,45.848,23.843,71.4,230
uav0000201_00000_v,1344x756,178,1.74,10.712,25.293,6.86,45.58,22.508,69.827,268
uav0000201_00000_v,1344x756,179,1.553,10.937,25.243,5.836,44.676,20.898,67.127,219
uav0000201_00000_v,1344x756,180,1.635,10.879,25.24,6.73,45.425,19.944,67.003,225
uav0000201_00000_v,1344x756,181,1.545,10.666,25.548,6.574,45.639,20.879,68.063,209
uav0000201_00000_v,1344x756,182,1.527,10.613,25.231,6.707,45.251,20.175,66.952,183
uav0000201_00000_v,1344x756,183,1.693,10.989,25.472,6.721,45.873,20.095,67.661,193
uav0000201_00000_v,1344x756,184,1.802,11.0,25.29,6.374,45.254,21.331,68.387,229
uav0000201_00000_v,1344x756,185,1.714,10.984,25.361,6.303,45.289,19.536,66.539,177
uav0000201_00000_v,1344x756,186,2.144,11.096,25.232,6.674,45.831,21.31,69.284,181
uav0000201_00000_v,1344x756,187,1.451,9.162,25.22,6.566,43.779,22.446,67.677,170
uav0000201_00000_v,1344x756,188,1.567,10.814,25.267,6.291,44.939,20.566,67.072,177
uav0000201_00000_v,1344x756,189,1.975,11.131,25.239,6.538,45.703,21.909,69.587,180
uav0000201_00000_v,1344x756,190,1.681,11.022,25.597,7.0,46.305,22.286,70.273,215
uav0000201_00000_v,1344x756,191,1.787,11.09,25.162,6.934,46.029,23.168,70.985,215
uav0000201_00000_v,1344x756,192,1.838,10.677,25.356,7.17,46.003,24.032,71.873,250
uav0000201_00000_v,1344x756,193,1.756,10.688,25.645,6.742,45.883,22.929,70.568,215
uav0000201_00000_v,1344x756,194,1.537,10.85,23.889,6.82,44.316,21.89,67.743,230
uav0000201_00000_v,1344x756,195,1.529,10.63,25.081,6.145,44.394,21.821,67.744,247
uav0000201_00000_v,1344x756,196,1.792,10.981,25.312,6.883,45.963,21.999,69.754,235
uav0000201_00000_v,1344x756,197,1.589,10.989,25.324,7.399,46.6,20.615,68.804,222
uav0000201_00000_v,1344x756,198,1.541,10.846,25.257,6.674,45.643,22.505,69.689,251
uav0000201_00000_v,1344x756,199,1.757,10.907,25.198,6.975,45.833,23.056,70.646,254
uav0000201_00000_v,1344x756,200,1.77,10.991,25.292,6.79,45.708,23.448,70.926,252
uav0000201_00000_v,1344x756,201,1.553,10.643,25.288,7.241,45.498,23.1,70.151,238
uav0000201_00000_v,1344x756,202,1.747,11.373,25.321,7.353,46.797,23.431,71.975,265
uav0000201_00000_v,1344x756,203,1.8,10.952,25.123,6.911,45.866,23.282,70.948,228
uav0000201_00000_v,1344x756,204,1.552,10.888,25.213,6.941,45.991,22.362,69.905,239
uav0000201_00000_v,1344x756,205,2.102,11.118,25.37,6.904,46.286,22.124,70.513,213
uav0000201_00000_v,1344x756,206,1.672,11.028,25.292,6.559,45.705,22.595,69.972,232
uav0000201_00000_v,1344x756,207,1.581,10.897,25.459,6.779,46.05,23.079,70.71,249
uav0000201_00000_v,1344x756,208,1.552,10.865,25.618,7.208,46.275,26.306,74.134,263
uav0000201_00000_v,1344x756,209,1.754,11.364,25.23,6.581,45.804,23.987,71.545,253
uav0000201_00000_v,1344x756,210,1.538,10.898,25.339,7.145,46.3,22.53,70.368,267
uav0000201_00000_v,1344x756,211,1.54,10.685,25.181,6.489,45.154,21.507,68.201,218
uav0000201_00000_v,1344x756,212,1.84,10.816,25.32,7.51,46.504,23.354,71.698,250
uav0000201_00000_v,1344x756,213,1.759,11.025,25.309,7.326,46.616,23.341,71.716,258
uav0000201_00000_v,1344x756,214,1.812,10.95,25.596,7.183,46.623,23.401,71.837,248
uav0000201_00000_v,1344x756,215,1.75,11.006,25.046,7.224,46.049,22.618,70.417,211
uav0000201_00000_v,1344x756,216,1.581,11.764,25.27,7.015,46.822,24.855,73.258,250
uav0000201_00000_v,1344x756,217,1.755,11.124,25.287,7.096,46.543,22.314,70.612,247
uav0000201_00000_v,1344x756,218,1.746,11.101,25.287,6.869,46.11,23.263,71.119,251
uav0000201_00000_v,1344x756,219,1.951,11.101,25.115,6.947,46.112,23.205,71.268,221
uav0000201_00000_v,1344x756,220,1.751,11.091,25.326,7.087,46.437,22.195,70.382,217
uav0000201_00000_v,1344x756,221,1.731,10.975,25.605,7.181,46.524,22.462,70.717,209
uav0000201_00000_v,1344x756,222,1.711,10.993,25.179,6.789,45.594,22.278,69.582,212
uav0000201_00000_v,1344x756,223,1.469,10.333,25.117,6.535,44.334,23.242,69.045,201
uav0000201_00000_v,1344x756,224,1.775,11.053,25.275,7.167,46.449,23.098,71.321,209
uav0000201_00000_v,1344x756,225,1.782,10.966,25.241,6.919,46.031,22.494,70.307,192
uav0000201_00000_v,1344x756,226,1.657,11.008,25.694,7.263,46.658,24.091,72.406,216
uav0000201_00000_v,1344x756,227,1.54,11.0,25.073,6.886,45.629,23.726,70.896,233
uav0000201_00000_v,1344x756,228,1.544,10.838,25.259,6.894,45.877,22.472,69.892,229
uav0000201_00000_v,1344x756,229,1.903,10.97,25.282,6.585,45.73,23.126,70.759,205
uav0000201_00000_v,1344x756,230,1.767,9.659,22.68,6.795,41.922,23.306,66.995,223
uav0000201_00000_v,1344x756,231,1.872,10.96,25.089,7.033,46.091,21.776,69.739,220
uav0000201_00000_v,1344x756,232,1.532,10.859,25.23,6.701,45.445,22.056,69.032,218
uav0000201_00000_v,1344x756,233,1.582,10.857,25.601,6.895,46.296,23.499,71.378,241
uav0000201_00000_v,1344x756,234,1.934,10.93,25.551,6.964,46.302,25.004,73.239,261
uav0000201_00000_v,1344x756,235,1.527,10.702,25.14,6.786,45.563,24.011,71.102,226
uav0000201_00000_v,1344x756,236,1.626,10.617,25.211,7.082,45.724,25.162,72.512,213
uav0000201_00000_v,1344x756,237,1.713,10.814,24.124,7.012,44.765,24.654,71.131,233
uav0000201_00000_v,1344x756,238,1.628,10.823,25.452,7.353,46.477,23.959,72.065,242
uav0000201_00000_v,1344x756,239,1.579,10.676,25.084,6.696,45.022,23.762,70.363,244
uav0000201_00000_v,1344x756,240,1.735,10.575,25.312,6.918,45.572,24.304,71.61,243
uav0000201_00000_v,1344x756,241,1.572,10.646,25.315,6.655,45.421,24.605,71.599,253
uav0000201_00000_v,1344x756,242,1.529,10.734,25.468,6.975,45.968,24.524,72.021,221
uav0000201_00000_v,1344x756,243,1.675,10.612,25.129,6.556,44.894,22.989,69.558,226
uav0000201_00000_v,1344x756,244,1.646,10.548,24.278,6.161,43.508,23.946,69.1,196
uav0000201_00000_v,1344x756,245,1.669,10.687,25.143,6.681,45.277,21.985,68.931,179
uav0000201_00000_v,1344x756,246,1.798,11.032,25.585,6.787,46.006,22.908,70.712,184
uav0000201_00000_v,1344x756,247,1.696,11.018,25.316,6.796,45.863,23.821,71.38,189
uav0000201_00000_v,1344x756,248,1.728,10.676,25.372,6.899,45.714,24.748,72.19,210
uav0000201_00000_v,1344x756,249,1.623,10.955,25.458,6.81,46.101,23.777,71.501,201
uav0000201_00000_v,1344x756,250,2.015,10.755,25.353,7.199,46.12,25.558,73.692,197
uav0000201_00000_v,1344x756,251,1.754,10.707,25.235,5.878,44.142,24.736,70.632,213
uav0000201_00000_v,1344x756,252,1.594,11.136,25.288,6.712,46.067,26.606,74.267,202
uav0000201_00000_v,1344x756,253,1.725,10.688,25.103,6.358,44.936,23.855,70.516,214
uav0000201_00000_v,1344x756,254,2.047,10.635,25.596,7.097,46.16,24.865,73.072,262
uav0000201_00000_v,1344x756,255,1.757,10.613,25.231,6.889,45.568,24.995,72.321,248
uav0000201_00000_v,1344x756,256,1.703,10.585,25.327,6.995,45.625,25.517,72.846,227
uav0000201_00000_v,1344x756,257,1.807,10.715,25.137,7.123,45.853,25.24,72.901,227
uav0000201_00000_v,1344x756,258,1.581,10.71,25.317,5.965,44.261,25.022,70.865,242
uav0000201_00000_v,1344x756,259,1.665,10.802,25.264,6.82,45.817,24.399,71.882,225
uav0000201_00000_v,1344x756,260,1.808,10.837,25.373,7.462,46.512,25.261,73.581,220
uav0000201_00000_v,1344x756,261,1.845,11.198,25.486,6.699,46.097,24.806,72.748,223
uav0000201_00000_v,1344x756,262,1.777,10.979,25.243,6.571,45.447,22.439,69.662,231
uav0000201_00000_v,1344x756,263,1.744,10.266,25.409,7.038,45.407,21.474,68.624,219
uav0000201_00000_v,1344x756,264,1.682,10.747,25.527,6.763,45.914,23.336,70.932,233
uav0000201_00000_v,1344x756,265,1.796,10.616,25.164,6.924,45.228,24.277,71.301,221
uav0000201_00000_v,1344x756,266,1.805,10.724,25.674,7.748,47.067,25.288,74.16,246
uav0000201_00000_v,1344x756,267,2.075,11.018,25.594,7.039,46.484,24.478,73.036,218
uav0000201_00000_v,1344x756,268,1.665,10.598,25.338,6.364,44.772,23.783,70.219,223
uav0000201_00000_v,1344x756,269,1.703,10.711,25.157,6.783,45.427,24.714,71.844,212
uav0000201_00000_v,1344x756,270,1.733,10.712,25.302,6.813,45.605,24.251,71.589,244
uav0000201_00000_v,1344x756,271,1.739,10.656,25.208,7.068,45.826,23.651,71.216,208
uav0000201_00000_v,1344x756,272,2.083,10.756,25.328,6.762,45.762,22.965,70.81,214
uav0000201_00000_v,1344x756,273,1.724,10.914,25.127,7.074,45.929,24.574,72.227,228
uav0000201_00000_v,1344x756,274,1.81,10.903,25.36,7.355,46.414,25.008,73.232,215
uav0000201_00000_v,1344x756,275,1.737,11.543,25.65,7.287,47.507,24.637,73.881,226
uav0000201_00000_v,1344x756,276,1.96,11.022,25.234,6.536,45.548,24.441,71.949,238
uav0000201_00000_v,1344x756,277,1.749,10.958,25.095,6.364,45.057,22.937,69.744,209
uav0000201_00000_v,1344x756,278,2.191,11.345,25.953,7.686,48.519,23.546,74.256,242
uav0000201_00000_v,1344x756,279,1.775,10.687,25.27,6.608,45.902,24.654,72.331,210
uav0000201_00000_v,1344x756,280,1.735,10.67,25.322,7.428,46.189,24.077,72.001,256
uav0000201_00000_v,1344x756,281,1.793,10.869,25.138,6.976,45.754,22.474,70.02,219
uav0000201_00000_v,1344x756,282,1.756,11.14,25.293,6.954,46.21,23.628,71.594,214
uav0000201_00000_v,1344x756,283,1.689,10.617,25.28,7.168,45.866,24.654,72.208,234
uav0000201_00000_v,1344x756,284,1.731,10.747,25.315,6.609,45.482,24.084,71.298,213
uav0000201_00000_v,1344x756,285,1.743,10.633,25.085,7.217,45.782,25.813,73.339,224
uav0000201_00000_v,1344x756,286,1.75,10.669,25.292,6.984,45.669,28.034,75.453,263
uav0000201_00000_v,1344x756,287,1.74,10.865,25.68,6.953,46.361,27.243,75.344,240
uav0000201_00000_v,1344x756,288,1.92,10.704,25.256,6.945,45.912,27.373,75.206,261
uav0000201_00000_v,1344x756,289,2.094,10.998,25.441,6.976,46.288,25.997,74.379,222
uav0000201_00000_v,1344x756,290,1.74,10.606,25.589,7.106,46.125,25.92,73.785,263
uav0000201_00000_v,1344x756,291,1.945,11.448,25.481,7.011,46.867,25.862,74.674,229
uav0000201_00000_v,1344x756,292,1.701,10.606,25.299,7.254,45.986,24.761,72.448,205
uav0000201_00000_v,1344x756,293,1.701,10.582,25.048,6.677,45.28,25.068,72.049,201
uav0000201_00000_v,1344x756,294,1.65,10.635,25.283,7.327,46.173,26.316,74.139,213
uav0000201_00000_v,1344x756,295,1.614,10.777,25.242,6.683,45.534,23.322,70.47,179
uav0000201_00000_v,1344x756,296,2.085,10.705,25.189,7.173,45.857,23.788,71.73,171
uav0000201_00000_v,1344x756,297,2.01,10.631,25.279,6.629,45.419,22.747,70.176,134
uav0000201_00000_v,1344x756,298,1.655,11.11,25.314,6.272,45.403,21.411,68.47,113
uav0000201_00000_v,1344x756,299,1.702,10.889,25.132,6.733,45.482,21.175,68.359,98
uav0000201_00000_v,1344x756,300,1.706,10.918,25.356,6.556,45.292,24.795,71.793,161
uav0000201_00000_v,1344x756,301,1.695,10.965,25.337,7.304,46.692,24.816,73.202,138
uav0000201_00000_v,1344x756,302,1.97,11.064,25.258,6.725,46.004,24.785,72.759,143
uav0000201_00000_v,1344x756,303,1.854,11.057,25.103,6.932,46.031,24.083,71.967,155
uav0000201_00000_v,1344x756,304,1.722,11.126,25.64,7.243,46.903,33.699,82.324,190
uav0000201_00000_v,1344x756,305,1.788,10.296,25.268,6.776,44.991,26.707,73.486,197
uav0000201_00000_v,1344x756,306,1.716,10.786,25.577,6.788,45.906,26.501,74.122,195
uav0000201_00000_v,1344x756,307,2.085,10.343,24.5,6.521,43.93,25.525,71.54,218
uav0000201_00000_v,1344x756,308,1.705,11.136,25.236,6.603,48.25,26.905,76.86,223
uav0000201_00000_v,1344x756,309,1.789,10.415,25.252,7.185,45.744,26.093,73.626,240
uav0000201_00000_v,1344x756,310,1.71,10.724,25.349,6.586,45.369,28.098,75.176,249
uav0000201_00000_v,1344x756,311,1.758,11.064,25.213,7.0,46.21,26.886,74.854,256
uav0000201_00000_v,1344x756,312,1.771,10.644,25.249,8.793,47.438,29.027,78.236,253
uav0000201_00000_v,1344x756,313,1.668,10.721,25.242,6.514,45.159,27.666,74.493,252
uav0000201_00000_v,1344x756,314,1.696,10.858,22.355,6.568,42.452,27.31,71.458,275
uav0000201_00000_v,1344x756,315,1.778,10.364,25.114,7.087,45.445,26.268,73.491,245
uav0000201_00000_v,1344x756,316,1.663,10.431,25.286,6.852,45.281,25.199,72.143,227
uav0000201_00000_v,1344x756,317,1.734,10.378,25.288,6.564,45.052,26.414,73.199,219
uav0000201_00000_v,1344x756,318,1.673,10.294,25.214,6.742,44.991,25.295,71.959,241
uav0000201_00000_v,1344x756,319,1.651,10.264,25.095,7.002,45.06,26.376,73.087,251
uav0000201_00000_v,1344x756,320,1.973,10.297,25.765,7.033,45.839,27.255,75.067,229
uav0000201_00000_v,1344x756,321,1.936,10.388,21.988,6.943,42.169,26.398,70.503,215
uav0000201_00000_v,1344x756,322,1.622,10.35,25.24,6.872,45.315,26.599,73.536,206
uav0000201_00000_v,1344x756,323,1.727,10.325,25.175,6.802,44.942,26.662,73.331,220
uav0000201_00000_v,1344x756,324,1.708,10.457,25.3,6.908,45.39,27.032,74.13,258
uav0000201_00000_v,1344x756,325,1.713,10.405,25.315,6.776,45.269,27.152,74.133,233
uav0000201_00000_v,1344x756,326,1.893,10.469,25.291,6.824,45.386,26.729,74.008,223
uav0000201_00000_v,1344x756,327,1.813,10.296,25.186,7.337,45.677,26.516,74.006,241
uav0000201_00000_v,1344x756,328,1.765,9.001,24.92,7.181,44.006,27.871,73.642,245
uav0000201_00000_v,1344x756,329,1.664,10.606,25.649,7.5,46.73,28.323,76.716,229
uav0000201_00000_v,1344x756,330,1.863,10.567,25.23,7.013,45.7,28.837,76.4,232
uav0000201_00000_v,1344x756,331,1.747,10.513,25.196,7.152,45.691,28.022,75.46,221
uav0000201_00000_v,1344x756,332,1.896,10.402,25.316,6.889,45.434,26.274,73.604,192
uav0000201_00000_v,1344x756,333,1.716,10.681,25.195,6.582,45.346,25.587,72.649,162
uav0000201_00000_v,1344x756,334,1.748,10.218,25.706,6.99,45.664,25.307,72.719,164
uav0000201_00000_v,1344x756,335,1.675,11.148,25.243,6.815,46.034,24.057,71.766,147
uav0000201_00000_v,1344x756,336,1.761,10.663,25.219,6.745,45.361,25.724,72.846,155
uav0000201_00000_v,1344x756,337,1.631,10.525,25.283,7.003,45.609,24.61,71.85,139
uav0000201_00000_v,1344x756,338,2.031,11.135,25.261,6.513,45.689,23.044,70.764,122
uav0000201_00000_v,1344x756,339,1.743,10.563,25.182,6.737,45.26,22.495,69.497,95
uav0000201_00000_v,1344x756,340,1.749,11.126,25.361,6.535,45.832,22.717,70.298,94
uav0000201_00000_v,1344x756,341,1.747,10.787,25.154,6.251,44.925,20.616,67.288,92
uav0000201_00000_v,1344x756,342,1.319,9.717,25.253,6.557,44.045,21.299,66.663,98
uav0000201_00000_v,1344x756,343,1.787,11.091,25.553,6.59,45.946,21.942,69.675,93
uav0000201_00000_v,1344x756,344,2.0,10.861,25.228,7.386,46.495,22.373,70.867,89
uav0000201_00000_v,1344x756,345,1.711,11.033,25.202,6.511,45.479,21.481,68.671,85
uav0000201_00000_v,1344x756,346,1.748,10.978,25.577,7.103,46.486,22.15,70.384,110
uav0000201_00000_v,1344x756,347,1.768,11.102,25.157,7.012,46.157,21.94,69.865,109
uav0000201_00000_v,1344x756,348,2.004,11.348,25.222,6.847,46.13,21.416,69.55,113
uav0000201_00000_v,1344x756,349,1.836,11.157,23.824,6.91,44.581,21.095,67.511,121
uav0000201_00000_v,1344x756,350,2.036,11.21,25.311,6.949,46.395,21.794,70.225,138
uav0000201_00000_v,1344x756,351,1.786,10.894,25.181,6.74,45.769,22.299,69.854,128
uav0000201_00000_v,1344x756,352,1.718,11.099,25.337,7.022,46.335,23.841,71.894,146
uav0000201_00000_v,1344x756,353,1.791,11.215,25.369,6.9,46.464,23.551,71.806,137
uav0000201_00000_v,1344x756,354,1.705,11.043,25.286,7.039,46.325,25.304,73.334,154
uav0000201_00000_v,1344x756,355,1.906,10.977,25.137,6.381,45.237,25.98,73.124,171
uav0000201_00000_v,1344x756,356,1.703,10.559,24.145,6.567,44.223,26.021,71.947,185
uav0000201_00000_v,1344x756,357,1.682,10.605,25.289,6.993,45.622,26.279,73.583,196
uav0000201_00000_v,1344x756,358,1.703,10.741,25.33,7.245,46.127,26.287,74.117,194
uav0000201_00000_v,1344x756,359,1.682,10.522,25.142,6.311,44.783,27.234,73.699,220
uav0000201_00000_v,1344x756,360,1.64,10.672,25.255,6.976,45.722,25.989,73.352,211
uav0000201_00000_v,1344x756,361,1.591,10.828,25.276,6.721,45.634,25.886,73.112,230
uav0000201_00000_v,1344x756,362,1.948,10.372,25.253,6.543,44.78,26.022,72.75,205
uav0000201_00000_v,1344x756,363,1.814,10.328,24.054,6.332,43.254,25.883,70.951,206
uav0000201_00000_v,1344x756,364,1.671,10.351,25.605,7.082,45.676,25.934,73.28,192
uav0000201_00000_v,1344x756,365,1.708,10.403,25.29,7.024,45.54,27.007,74.255,216
uav0000201_00000_v,1344x756,366,1.67,10.379,25.201,6.6,44.739,27.943,74.351,251
uav0000201_00000_v,1344x756,367,1.739,10.394,25.172,6.903,45.107,26.926,73.772,241
uav0000201_00000_v,1344x756,368,2.036,10.249,25.376,6.561,45.0,27.262,74.299,260
uav0000201_00000_v,1344x756,369,1.731,10.477,25.263,6.686,45.15,29.341,76.222,300
uav0000201_00000_v,1344x756,370,1.629,10.609,22.044,6.94,42.335,29.201,73.166,300
uav0000201_00000_v,1344x756,371,1.737,10.047,25.085,6.494,44.463,27.232,73.431,298
uav0000201_00000_v,1344x756,372,1.732,10.114,25.279,6.673,44.619,27.126,73.476,300
uav0000201_00000_v,1344x756,373,1.662,10.154,25.232,6.419,44.52,27.86,74.041,299
uav0000201_00000_v,1344x756,374,1.748,10.163,25.559,6.846,45.079,28.386,75.213,296
uav0000201_00000_v,1344x756,375,1.732,9.995,25.125,6.1,43.844,28.111,73.686,300
uav0000201_00000_v,1344x756,376,1.732,10.149,25.231,6.75,44.842,27.731,74.306,275
uav0000201_00000_v,1344x756,377,1.35,8.791,25.309,6.757,43.189,29.011,73.551,258
uav0000201_00000_v,1344x756,378,1.482,10.35,25.565,6.763,45.414,27.361,74.257,272
uav0000201_00000_v,1344x756,379,1.521,10.293,25.058,6.589,44.75,28.769,75.04,277
uav0000201_00000_v,1344x756,380,1.779,10.367,25.24,6.369,44.622,29.58,75.981,288
uav0000201_00000_v,1344x756,381,1.588,10.229,25.246,6.686,44.792,28.253,74.633,284
uav0000201_00000_v,1344x756,382,1.664,10.148,25.351,6.849,45.023,28.258,74.946,265
uav0000201_00000_v,1344x756,383,2.002,10.157,25.134,7.325,45.335,32.327,79.664,264
uav0000201_00000_v,1344x756,384,1.737,10.388,25.618,6.93,45.498,30.558,77.792,288
uav0000201_00000_v,1344x756,385,1.846,10.233,25.211,6.501,44.732,30.627,77.205,281
uav0000201_00000_v,1344x756,386,1.928,10.11,25.345,6.388,44.434,29.699,76.061,300
uav0000201_00000_v,1344x756,387,1.901,9.999,25.205,6.028,43.771,28.683,74.356,288
uav0000201_00000_v,1344x756,388,1.639,10.186,25.268,6.391,44.537,30.874,77.051,283
uav0000201_00000_v,1344x756,389,1.679,9.868,25.6,6.297,44.403,29.403,75.485,248
uav0000201_00000_v,1344x756,390,1.623,10.192,23.893,6.705,43.439,30.094,75.157,298
uav0000201_00000_v,1344x756,391,1.773,10.125,25.11,6.423,44.414,29.529,75.716,279
uav0000201_00000_v,1344x756,392,1.643,10.216,25.306,6.863,45.088,30.826,77.557,300
uav0000201_00000_v,1344x756,393,1.697,10.023,25.264,6.35,44.404,30.241,76.342,268
uav0000201_00000_v,1344x756,394,1.72,9.907,25.295,6.369,44.431,29.609,75.76,300
uav0000201_00000_v,1344x756,395,1.624,10.055,25.123,6.072,43.837,30.628,76.09,300
uav0000201_00000_v,1344x756,396,1.829,10.081,25.277,7.169,45.099,29.594,76.522,300
uav0000201_00000_v,1344x756,397,1.07,8.886,25.258,6.635,43.176,27.798,72.044,300
uav0000201_00000_v,1344x756,398,1.936,10.147,25.384,7.059,45.317,31.27,78.523,300
uav0000201_00000_v,1344x756,399,1.687,9.992,25.085,6.464,44.337,30.633,76.657,300
uav0000201_00000_v,1344x756,400,1.649,10.036,25.665,7.066,45.375,31.057,78.08,300
uav0000201_00000_v,1344x756,401,1.68,10.237,25.289,6.487,44.775,28.77,75.225,286
uav0000201_00000_v,1344x756,402,1.645,10.156,25.221,6.901,44.988,28.444,75.077,300
uav0000201_00000_v,1344x756,403,1.711,10.073,25.105,6.631,44.267,30.429,76.406,300
uav0000201_00000_v,1344x756,404,1.727,10.429,25.646,7.243,46.157,29.17,77.054,300
uav0000201_00000_v,1344x756,405,1.636,10.209,22.283,6.417,41.587,29.249,72.473,300
uav0000201_00000_v,1344x756,406,1.657,10.167,25.251,6.815,44.969,29.827,76.454,300
uav0000201_00000_v,1344x756,407,1.636,10.037,25.103,6.437,44.433,29.032,75.101,300
uav0000201_00000_v,1344x756,408,1.578,10.527,25.381,6.585,45.167,29.56,76.305,300
uav0000201_00000_v,1344x756,409,1.618,10.212,25.608,6.827,45.34,28.129,75.088,300
uav0000201_00000_v,1344x756,410,1.581,10.195,24.029,6.56,43.267,30.034,74.883,293
uav0000201_00000_v,1344x756,411,1.969,10.719,25.407,7.119,46.053,29.236,77.258,300
uav0000201_00000_v,1344x756,412,1.692,10.248,25.304,6.592,44.928,29.853,76.473,300
uav0000201_00000_v,1344x756,413,1.703,10.176,25.316,6.412,44.63,29.82,76.154,297
uav0000201_00000_v,1344x756,414,1.662,10.051,25.102,6.366,44.272,28.645,74.579,299
uav0000201_00000_v,1344x756,415,1.642,10.172,25.329,6.969,45.235,28.751,75.627,300
uav0000201_00000_v,1344x756,416,1.73,10.182,25.596,7.187,45.723,29.627,77.08,300
uav0000201_00000_v,1344x756,417,1.293,8.237,25.399,7.329,43.172,28.816,73.281,285
uav0000201_00000_v,1344x756,418,1.739,10.253,25.128,6.697,44.816,28.928,75.484,273
uav0000201_00000_v,1344x756,419,1.702,10.014,25.279,6.228,44.183,28.138,74.024,300
uav0000201_00000_v,1344x756,420,1.952,10.221,25.296,6.583,44.822,31.309,78.084,296
uav0000201_00000_v,1344x756,421,1.583,9.845,25.238,6.236,44.116,29.561,75.26,300
uav0000201_00000_v,1344x756,422,1.944,10.031,25.125,6.411,44.403,30.885,77.232,296
uav0000201_00000_v,1344x756,423,1.692,9.978,25.36,6.626,44.391,31.631,77.714,300
uav0000201_00000_v,1344x756,424,1.68,10.179,25.275,6.495,44.657,31.033,77.371,300
uav0000201_00000_v,1344x756,425,1.621,9.864,25.27,6.345,44.304,30.669,76.594,300
uav0000201_00000_v,1344x756,426,1.814,9.791,25.148,6.012,43.411,30.601,75.826,300
uav0000201_00000_v,1344x756,427,1.625,9.821,25.29,5.945,43.513,30.494,75.633,300
uav0000201_00000_v,1344x756,428,1.374,9.851,25.285,6.415,44.264,29.619,75.257,300
uav0000201_00000_v,1344x756,429,1.576,9.904,25.252,6.349,44.22,30.232,76.028,300
uav0000201_00000_v,1344x756,430,1.491,9.889,23.968,6.971,43.503,31.15,76.144,289
uav0000201_00000_v,1344x756,431,1.404,9.83,25.595,6.556,44.724,30.9,77.029,283
uav0000201_00000_v,1344x756,432,1.47,10.181,25.532,6.858,45.068,29.064,75.602,264
uav0000201_00000_v,1344x756,433,1.758,10.173,25.529,6.697,44.897,29.69,76.346,267
uav0000201_00000_v,1344x756,434,1.763,9.792,25.07,6.548,43.941,28.221,73.925,262
uav0000201_00000_v,1344x756,435,1.659,10.198,25.276,6.293,44.456,28.042,74.156,233
uav0000201_00000_v,1344x756,436,1.671,9.986,25.362,6.409,44.267,28.341,74.279,233
uav0000201_00000_v,1344x756,437,1.909,9.034,25.438,6.482,43.708,27.577,73.194,222
uav0000201_00000_v,1344x756,438,1.454,10.179,21.866,6.259,40.726,26.155,68.335,226
uav0000201_00000_v,1344x756,439,1.437,11.138,23.544,6.541,43.62,25.975,71.032,201
uav0000201_00000_v,1344x756,440,1.729,10.128,25.325,6.626,44.659,27.989,74.377,220
uav0000201_00000_v,1344x756,441,1.419,10.668,25.55,6.569,45.5,28.387,75.305,220
uav0000201_00000_v,1344x756,442,1.693,10.106,25.158,6.967,45.03,27.371,74.093,202
uav0000201_00000_v,1344x756,443,1.697,10.088,25.286,6.576,44.54,25.981,72.219,168
uav0000201_00000_v,1344x756,444,1.292,9.126,25.211,6.494,43.233,28.707,73.232,195
uav0000201_00000_v,1344x756,445,1.458,10.236,25.311,6.691,44.99,26.467,72.915,173
uav0000201_00000_v,1344x756,446,1.455,10.133,25.106,6.187,44.112,27.702,73.269,194
uav0000201_00000_v,1344x756,447,1.682,10.428,25.172,6.339,44.719,25.884,72.284,177
uav0000201_00000_v,1344x756,448,1.689,10.363,25.333,6.487,44.804,27.467,73.96,185
uav0000201_00000_v,1344x756,449,1.398,10.318,25.611,6.544,45.247,26.743,73.389,185
uav0000201_00000_v,1344x756,450,1.494,10.267,25.169,6.042,44.11,27.91,73.514,192
uav0000201_00000_v,1344x756,451,1.44,10.371,25.297,6.888,44.893,28.658,74.991,186
uav0000201_00000_v,1344x756,452,1.724,10.388,25.31,7.275,45.785,28.847,76.357,182
uav0000201_00000_v,1344x756,453,1.653,10.414,25.244,7.059,45.568,28.876,76.097,186
uav0000201_00000_v,1344x756,454,1.735,10.38,25.161,7.047,45.398,30.716,77.848,248
uav0000201_00000_v,1344x756,455,1.66,10.288,25.255,6.653,44.924,30.942,77.526,260
uav0000201_00000_v,1344x756,456,1.702,10.048,25.239,7.054,44.935,32.458,79.095,276
uav0000201_00000_v,1344x756,457,1.368,10.172,23.653,7.486,43.85,34.071,79.289,300
uav0000201_00000_v,1344x756,458,1.483,10.139,25.356,6.598,44.908,31.01,77.401,300
uav0000201_00000_v,1344x756,459,2.487,10.6,25.675,7.009,46.121,31.301,79.908,289
uav0000201_00000_v,1344x756,460,1.456,10.145,25.241,6.747,44.731,32.036,78.224,285
uav0000201_00000_v,1344x756,461,1.679,9.913,25.226,6.648,44.55,30.44,76.669,278
uav0000201_00000_v,1344x756,462,1.687,9.73,25.03,6.586,44.1,31.774,77.562,289
uav0000201_00000_v,1344x756,463,1.679,9.894,25.242,6.87,44.739,30.856,77.274,291
uav0000201_00000_v,1344x756,464,1.224,7.945,25.302,6.313,41.678,30.303,73.205,287
uav0000201_00000_v,1344x756,465,1.706,10.069,25.266,6.662,44.575,30.422,76.702,284
uav0000201_00000_v,1344x756,466,2.598,11.795,23.592,6.908,45.305,28.923,76.826,276
uav0000201_00000_v,1344x756,467,1.676,9.902,25.299,6.759,44.642,29.809,76.128,293
uav0000201_00000_v,1344x756,468,1.453,9.877,25.272,6.779,44.624,30.146,76.222,274
uav0000201_00000_v,1344x756,469,1.374,9.882,25.268,6.699,44.579,30.895,76.847,266
uav0000201_00000_v,1344x756,470,1.409,9.901,22.363,6.351,41.302,31.972,74.683,287
uav0000201_00000_v,1344x756,471,1.411,9.982,22.766,6.664,42.11,30.525,74.045,300
uav0000201_00000_v,1344x756,472,1.391,9.863,25.227,6.076,43.878,29.724,74.993,252
uav0000201_00000_v,1344x756,473,1.629,10.015,25.27,6.245,44.206,29.548,75.383,257
uav0000201_00000_v,1344x756,474,1.43,9.924,22.529,6.118,41.172,28.548,71.15,249
uav0000201_00000_v,1344x756,475,1.472,9.917,25.262,7.085,44.97,31.089,77.532,272
uav0000201_00000_v,1344x756,476,1.394,9.905,25.272,6.566,44.316,31.795,77.504,280
uav0000201_00000_v,1344x756,477,1.719,10.338,24.804,5.612,43.353,32.628,77.699,290
uav0000201_00000_v,1344x756,478,1.42,9.171,21.861,6.178,39.547,31.215,72.182,297
uav0000201_00000_v,1344x756,479,1.389,10.013,25.315,6.243,44.21,30.426,76.025,273
uav0000201_00000_v,1344x756,480,1.693,8.325,22.849,6.424,40.204,31.061,72.959,263
uav0000201_00000_v,1344x756,481,1.402,8.207,23.076,6.156,40.101,32.662,74.165,279
uav0000201_00000_v,1344x756,482,1.709,8.371,23.021,6.284,40.254,33.239,75.202,280
uav0000201_00000_v,1344x756,483,1.68,8.881,23.622,6.589,41.706,32.53,75.916,287
uav0000201_00000_v,1344x756,484,1.604,9.943,23.056,6.212,41.861,33.832,77.297,300
uav0000201_00000_v,1344x756,485,1.646,8.166,23.529,6.518,40.88,33.651,76.177,300
uav0000201_00000_v,1344x756,486,1.685,8.236,22.819,6.17,39.788,33.515,74.988,300
uav0000201_00000_v,1344x756,487,1.349,8.304,21.859,6.842,39.434,31.823,72.606,300
uav0000201_00000_v,1344x756,488,1.673,8.46,23.1,6.145,40.305,31.887,73.865,300
uav0000201_00000_v,1344x756,489,1.726,8.232,23.166,6.453,40.328,32.96,75.013,300
uav0000201_00000_v,1344x756,490,1.732,8.338,23.119,5.737,39.671,31.772,73.174,300
uav0000201_00000_v,1344x756,491,1.085,8.398,23.657,6.81,40.97,31.881,73.936,290
uav0000201_00000_v,1344x756,492,1.409,10.363,25.275,6.285,44.632,31.918,77.96,289
uav0000201_00000_v,1344x756,493,1.56,8.376,23.181,7.105,41.342,32.699,75.601,297
uav0000201_00000_v,1344x756,494,1.477,9.696,22.035,6.032,40.094,30.425,71.996,283
uav0000201_00000_v,1344x756,495,1.805,10.116,25.13,6.462,44.284,32.131,78.219,284
uav0000201_00000_v,1344x756,496,1.662,8.347,23.253,6.263,40.496,31.981,74.139,290
uav0000201_00000_v,1344x756,497,1.754,8.34,23.275,6.991,41.278,35.153,78.185,300
uav0000201_00000_v,1344x756,498,1.6,10.157,25.602,6.277,44.547,32.411,78.559,300
uav0000201_00000_v,1344x756,499,1.396,9.255,21.775,6.098,39.527,29.912,70.835,297
uav0000201_00000_v,1344x756,500,1.683,9.853,25.334,6.584,44.29,31.521,77.493,296
uav0000201_00000_v,1344x756,501,1.624,9.92,25.243,6.233,44.068,31.827,77.519,296
uav0000201_00000_v,1344x756,502,1.715,8.374,23.101,6.509,40.425,32.814,74.954,296
uav0000201_00000_v,1344x756,503,1.778,8.233,23.13,6.054,40.084,30.97,72.832,283
uav0000201_00000_v,1344x756,504,1.644,8.338,22.808,5.533,39.242,31.916,72.803,300
uav0000201_00000_v,1344x756,505,1.776,9.902,25.335,7.073,45.072,32.181,79.028,300
uav0000201_00000_v,1344x756,506,1.596,9.733,25.355,6.051,43.778,31.113,76.487,288
uav0000201_00000_v,1344x756,507,1.741,9.807,25.139,6.377,43.808,32.156,77.705,297
uav0000201_00000_v,1344x756,508,1.571,9.979,25.265,6.247,44.232,31.937,77.74,291
uav0000201_00000_v,1344x756,509,1.654,9.89,25.283,6.422,44.117,32.391,78.161,300
uav0000201_00000_v,1344x756,510,1.641,9.994,25.253,6.301,44.221,32.115,77.977,300
uav0000201_00000_v,1344x756,511,1.037,9.331,25.159,6.691,43.535,31.322,75.894,285
uav0000201_00000_v,1344x756,512,1.711,9.958,25.682,6.955,45.042,29.794,76.547,285
uav0000201_00000_v,1344x756,513,1.858,10.009,25.26,6.914,44.948,30.881,77.688,279
uav0000201_00000_v,1344x756,514,1.405,9.902,25.124,6.196,43.941,30.114,75.46,251
uav0000201_00000_v,1344x756,515,1.659,10.009,25.27,6.255,44.236,30.058,75.953,225
uav0000201_00000_v,1344x756,516,1.355,10.0,25.533,6.534,44.76,29.176,75.291,293
uav0000201_00000_v,1344x756,517,1.467,10.205,25.557,6.671,44.779,29.2,75.446,231
uav0000201_00000_v,1344x756,518,1.7,10.274,25.167,7.059,45.381,32.533,79.614,230
uav0000201_00000_v,1344x756,519,1.672,10.184,25.589,7.15,45.699,31.551,78.923,225
uav0000201_00000_v,1344x756,520,1.628,10.045,25.296,6.62,44.612,32.986,79.226,237
uav0000201_00000_v,1344x756,521,1.669,10.022,25.234,6.15,44.228,37.558,83.455,228
uav0000201_00000_v,1344x756,522,1.628,8.292,23.012,6.262,40.196,32.046,73.87,213
uav0000201_00000_v,1344x756,523,1.425,9.93,25.321,6.27,43.979,31.736,77.14,238
uav0000201_00000_v,1344x756,524,1.315,8.083,23.713,6.157,40.854,31.998,74.166,242
uav0000201_00000_v,1344x756,525,1.77,8.49,23.033,6.525,40.482,36.569,78.821,300
uav0000201_00000_v,1344x756,526,1.321,8.197,23.525,6.481,40.77,34.608,76.699,276
uav0000201_00000_v,1344x756,527,1.349,7.841,23.044,6.045,39.562,35.004,75.915,300
uav0000201_00000_v,1344x756,528,1.335,7.769,23.076,6.13,39.646,33.585,74.566,274
uav0000201_00000_v,1344x756,529,1.362,8.368,23.524,6.357,40.82,33.462,75.644,291
uav0000201_00000_v,1344x756,530,1.407,8.302,23.011,6.77,40.718,38.349,80.474,300
uav0000201_00000_v,1344x756,531,1.387,9.971,25.351,6.276,44.26,34.62,80.267,300
uav0000201_00000_v,1344x756,532,1.866,7.975,20.35,4.981,35.672,32.014,69.551,300
uav0000201_00000_v,1344x756,533,1.031,7.742,22.146,5.478,37.298,33.028,71.358,294
uav0000201_00000_v,1344x756,534,1.566,7.496,21.895,6.124,37.562,32.277,71.405,300
uav0000201_00000_v,1344x756,535,1.514,7.989,23.066,6.105,39.774,34.109,75.397,290
uav0000201_00000_v,1344x756,536,1.866,7.729,23.101,6.322,39.355,33.386,74.607,257
uav0000201_00000_v,1344x756,537,1.868,8.272,23.028,6.779,40.453,35.289,77.61,267
uav0000201_00000_v,1344x756,538,1.568,8.468,23.133,6.1,40.364,34.758,76.69,252
uav0000201_00000_v,1344x756,539,1.68,8.324,22.699,6.177,39.768,34.071,75.518,252
uav0000201_00000_v,1344x756,540,1.521,7.795,23.059,6.031,39.493,31.723,72.737,244
uav0000201_00000_v,1344x756,541,1.777,9.024,23.083,6.736,41.563,31.843,75.183,271
uav0000201_00000_v,1344x756,542,1.92,9.739,25.072,6.051,43.63,30.415,75.965,231
uav0000201_00000_v,1344x756,543,1.868,10.078,25.609,6.997,45.296,31.179,78.343,222
uav0000201_00000_v,1344x756,544,1.567,9.937,21.838,6.081,40.561,31.79,73.917,218
uav0000201_00000_v,1344x756,545,1.557,9.871,25.243,6.475,44.172,28.431,74.16,200
uav0000201_00000_v,1344x756,546,1.96,10.225,25.418,6.057,44.426,26.776,73.162,181
uav0000201_00000_v,1344x756,547,1.588,10.106,25.35,6.232,44.334,27.28,73.201,209
uav0000201_00000_v,1344x756,548,1.927,10.474,25.375,6.683,45.394,26.564,73.885,184
uav0000201_00000_v,1344x756,549,1.6,10.174,25.259,6.26,44.437,25.912,71.95,178
uav0000201_00000_v,1344x756,550,1.727,10.306,25.134,6.403,44.603,26.527,72.857,204
uav0000201_00000_v,1344x756,551,1.338,8.733,23.283,6.643,41.199,27.644,70.181,197
uav0000201_00000_v,1344x756,552,1.627,10.509,25.312,6.368,44.972,27.464,74.063,183
uav0000201_00000_v,1344x756,553,1.682,10.149,25.22,6.391,44.303,27.411,73.395,171
uav0000201_00000_v,1344x756,554,2.004,10.454,25.104,6.502,44.794,28.166,74.963,198
uav0000201_00000_v,1344x756,555,1.956,10.807,25.252,6.346,45.248,28.482,75.686,186
uav0000201_00000_v,1344x756,556,1.666,10.346,25.86,7.193,46.259,27.536,75.462,183
uav0000201_00000_v,1344x756,557,1.93,10.323,25.297,6.816,45.054,27.997,74.981,160
uav0000201_00000_v,1344x756,558,1.435,11.069,25.171,6.302,44.885,28.273,74.593,158
uav0000201_00000_v,1344x756,559,1.684,10.39,25.313,6.597,45.122,27.263,74.069,182
uav0000201_00000_v,1344x756,560,2.023,10.334,25.344,6.884,45.277,26.286,73.585,179
uav0000201_00000_v,1344x756,561,1.641,10.463,25.269,6.454,45.112,25.949,72.702,190
uav0000201_00000_v,1344x756,562,1.72,10.413,25.156,6.458,44.859,25.445,72.024,177
uav0000201_00000_v,1344x756,563,1.592,10.484,25.314,6.586,45.24,26.735,73.567,192
uav0000201_00000_v,1344x756,564,1.588,10.271,25.369,6.626,44.949,29.409,75.946,162
uav0000201_00000_v,1344x756,565,1.674,11.006,25.262,7.107,46.367,27.486,75.526,190
uav0000201_00000_v,1344x756,566,1.764,10.238,25.165,6.81,45.083,26.517,73.364,158
uav0000201_00000_v,1344x756,567,1.989,10.427,25.248,6.51,45.068,26.709,73.766,163
uav0000201_00000_v,1344x756,568,1.596,10.385,25.213,6.475,44.959,25.842,72.397,173
uav0000201_00000_v,1344x756,569,1.67,10.339,25.323,6.56,45.242,26.992,73.904,159
uav0000201_00000_v,1344x756,570,2.182,10.675,25.423,6.849,45.769,27.512,75.463,169
uav0000201_00000_v,1344x756,571,1.923,10.359,25.281,7.646,45.903,29.35,77.177,162
uav0000201_00000_v,1344x756,572,1.715,10.759,25.283,6.552,45.445,27.067,74.226,160
uav0000201_00000_v,1344x756,573,1.959,11.113,25.267,7.113,46.372,26.031,74.362,162
uav0000201_00000_v,1344x756,574,1.702,10.636,25.085,6.194,44.586,24.832,71.12,147
uav0000201_00000_v,1344x756,575,1.612,10.724,25.27,6.545,45.406,25.963,72.98,151
uav0000201_00000_v,1344x756,576,1.683,10.546,25.274,6.288,44.875,25.565,72.123,172
uav0000201_00000_v,1344x756,577,1.619,10.566,25.282,6.104,44.678,25.872,72.169,157
uav0000201_00000_v,1344x756,578,2.049,10.322,24.892,6.414,44.593,24.844,71.486,155
uav0000201_00000_v,1344x756,579,1.606,10.658,25.212,6.173,44.654,27.466,73.726,162
uav0000201_00000_v,1344x756,580,1.624,10.322,25.404,6.786,45.265,27.091,73.98,153
uav0000201_00000_v,1344x756,581,1.593,10.389,25.246,6.377,44.841,27.624,74.058,172
uav0000201_00000_v,1344x756,582,1.717,10.299,25.09,6.754,44.93,27.013,73.66,173
uav0000201_00000_v,1344x756,583,1.652,10.255,25.618,6.678,45.406,26.083,73.141,174
uav0000201_00000_v,1344x756,584,2.004,10.274,25.319,6.634,44.814,25.777,72.594,166
uav0000201_00000_v,1344x756,585,2.078,10.691,24.463,6.1,43.886,23.254,69.218,135
uav0000201_00000_v,1344x756,586,1.767,10.689,25.171,6.485,45.123,23.62,70.511,123
uav0000201_00000_v,1344x756,587,1.75,10.618,25.306,7.04,45.804,23.859,71.413,128
uav0000201_00000_v,1344x756,588,1.62,10.596,25.264,6.834,45.455,25.274,72.35,141
uav0000201_00000_v,1344x756,589,1.675,10.681,25.195,6.995,45.713,25.21,72.597,123
uav0000201_00000_v,1344x756,590,1.841,10.723,25.148,6.888,45.573,23.915,71.33,128
uav0000201_00000_v,1344x756,591,1.679,10.619,25.247,6.513,45.006,23.804,70.49,137
uav0000201_00000_v,1344x756,592,1.711,10.628,25.327,6.228,44.553,23.89,70.154,116
uav0000201_00000_v,1344x756,593,1.682,11.171,23.934,6.784,44.618,24.37,70.671,126
uav0000201_00000_v,1344x756,594,1.807,10.567,25.259,7.151,45.741,23.104,70.652,140
uav0000201_00000_v,1344x756,595,1.619,10.94,25.346,6.221,45.123,24.174,70.915,141
uav0000201_00000_v,1344x756,596,1.678,10.752,25.262,6.671,45.474,25.692,72.845,170
uav0000201_00000_v,1344x756,597,1.703,10.649,25.174,6.232,44.696,25.603,72.001,174
uav0000201_00000_v,1344x756,598,1.75,10.568,25.086,6.382,44.722,23.412,69.884,199
uav0000201_00000_v,1344x756,599,1.694,10.609,25.328,7.063,45.806,25.377,72.877,224
uav0000201_00000_v,1344x756,600,1.708,11.019,25.328,6.818,46.115,23.042,70.864,186
uav0000201_00000_v,1344x756,601,1.948,10.99,25.326,6.752,45.955,22.864,70.767,179
uav0000201_00000_v,1344x756,602,2.013,10.794,25.218,7.201,46.241,23.785,72.039,163
uav0000201_00000_v,1344x756,603,1.736,10.953,25.249,6.702,45.787,22.93,70.453,181
uav0000201_00000_v,1344x756,604,1.746,10.984,25.255,6.862,46.03,21.799,69.575,192
uav0000201_00000_v,1344x756,605,1.642,10.918,25.635,6.965,46.264,23.16,71.065,202
uav0000201_00000_v,1344x756,606,2.018,10.893,25.137,6.94,45.799,21.473,69.29,194
uav0000201_00000_v,1344x756,607,1.72,11.669,25.316,7.236,47.221,23.567,72.508,216
uav0000201_00000_v,1344x756,608,2.014,11.106,25.302,6.692,46.067,23.056,71.137,155
uav0000201_00000_v,1344x756,609,1.793,11.024,25.282,6.647,45.96,24.441,72.194,162
uav0000201_00000_v,1344x756,610,1.883,10.961,25.117,6.75,45.809,22.38,70.071,143
uav0000201_00000_v,1344x756,611,1.628,10.964,25.652,6.65,46.019,22.847,70.494,146
uav0000201_00000_v,1344x756,612,1.726,11.039,25.201,6.769,45.912,22.134,69.772,151
uav0000201_00000_v,1344x756,613,1.68,10.903,25.234,6.762,45.719,21.594,68.993,152
uav0000201_00000_v,1344x756,614,1.379,9.44,25.127,6.679,43.816,20.239,65.434,129
uav0000201_00000_v,1344x756,615,1.725,11.075,25.266,6.88,46.195,22.131,70.05,145
uav0000201_00000_v,1344x756,616,1.652,10.927,25.306,6.773,45.895,21.271,68.818,128
uav0000201_00000_v,1344x756,617,1.738,11.032,25.22,7.062,46.292,23.204,71.235,146
uav0000201_00000_v,1344x756,618,1.783,10.984,25.136,6.828,45.762,23.505,71.05,156
uav0000201_00000_v,1344x756,619,1.672,10.932,25.322,6.476,45.42,23.151,70.243,150
uav0000201_00000_v,1344x756,620,1.674,11.168,25.685,7.083,46.92,22.033,70.628,143
uav0000201_00000_v,1344x756,621,2.007,10.909,23.778,6.029,43.265,22.523,67.796,142
uav0000201_00000_v,1344x756,622,1.708,10.972,25.158,6.496,45.509,22.289,69.506,144
uav0000201_00000_v,1344x756,623,1.739,10.997,25.288,6.617,45.693,21.589,69.022,136
uav0000201_00000_v,1344x756,624,1.65,10.919,25.259,6.73,45.767,20.964,68.381,155
uav0000201_00000_v,1344x756,625,1.661,11.064,25.267,6.781,45.737,21.313,68.711,142
uav0000201_00000_v,1344x756,626,1.722,10.971,25.225,6.933,45.813,19.968,67.503,141
uav0000201_00000_v,1344x756,627,1.927,10.88,25.27,6.916,45.743,22.294,69.965,148
uav0000201_00000_v,1344x756,628,1.749,11.074,25.378,7.618,46.586,21.956,70.291,162
uav0000201_00000_v,1344x756,629,1.694,11.495,25.29,6.845,46.681,24.447,72.822,205
uav0000201_00000_v,1344x756,630,2.057,11.085,25.185,7.377,46.588,25.033,73.678,256
uav0000201_00000_v,1344x756,631,1.626,11.03,25.288,7.034,46.302,25.746,73.674,253
uav0000201_00000_v,1344x756,632,2.105,11.005,25.686,7.161,46.825,23.449,72.379,213
uav0000201_00000_v,1344x756,633,1.982,11.495,25.236,6.955,46.673,21.98,70.635,222
uav0000201_00000_v,1344x756,634,1.745,10.881,25.18,7.115,46.054,23.421,71.22,200
uav0000201_00000_v,1344x756,635,1.838,11.014,25.35,6.184,45.018,21.937,68.794,204
uav0000201_00000_v,1344x756,636,1.68,11.409,25.223,6.95,46.645,22.865,71.19,205
uav0000201_00000_v,1344x756,637,1.684,11.035,25.319,7.528,46.693,25.453,73.831,259
uav0000201_00000_v,1344x756,638,1.808,11.026,25.273,7.187,46.525,25.447,73.78,247
uav0000201_00000_v,1344x756,639,1.639,10.99,25.226,6.512,45.436,25.292,72.367,258
uav0000201_00000_v,1344x756,640,1.672,10.574,25.679,7.288,46.458,24.023,72.153,234
uav0000201_00000_v,1344x756,641,1.626,10.917,25.31,6.848,45.872,24.938,72.435,209
uav0000201_00000_v,1344x756,642,2.087,10.607,25.231,7.378,45.635,23.531,71.253,197
uav0000201_00000_v,1344x756,643,1.662,11.257,25.337,7.503,46.967,25.182,73.811,232
uav0000201_00000_v,1344x756,644,1.954,11.042,25.32,7.041,46.401,24.818,73.173,177
uav0000201_00000_v,1344x756,645,1.744,11.236,25.439,6.447,46.297,24.984,73.025,204
uav0000201_00000_v,1344x756,646,1.707,10.429,25.289,6.463,44.811,24.399,70.918,190
uav0000201_00000_v,1344x756,647,1.684,10.336,25.315,6.355,44.699,22.528,68.911,189
uav0000201_00000_v,1344x756,648,1.7,9.978,25.133,6.176,44.116,22.244,68.061,198
uav0000201_00000_v,1344x756,649,1.593,10.199,25.212,6.212,44.272,24.948,70.813,208
uav0000201_00000_v,1344x756,650,1.69,11.101,25.103,6.467,45.412,25.98,73.082,223
uav0000201_00000_v,1344x756,651,1.645,10.463,25.232,6.912,45.317,26.073,73.035,249
uav0000201_00000_v,1344x756,652,1.659,10.549,25.358,7.125,45.857,25.214,72.73,200
uav0000201_00000_v,1344x756,653,1.692,10.732,25.22,7.083,45.927,24.409,72.028,211
uav0000201_00000_v,1344x756,654,1.715,10.732,25.108,6.625,45.408,22.777,69.9,221
uav0000201_00000_v,1344x756,655,1.66,10.614,25.412,6.917,45.833,24.981,72.474,203
uav0000201_00000_v,1344x756,656,1.982,10.588,25.249,7.27,46.105,25.266,73.353,196
uav0000201_00000_v,1344x756,657,1.729,11.488,25.628,7.256,47.383,26.432,75.544,217
uav0000201_00000_v,1344x756,658,1.783,10.706,25.179,7.084,45.941,24.785,72.51,235
uav0000201_00000_v,1344x756,659,1.704,10.755,25.359,6.674,45.721,22.718,70.143,195
uav0000201_00000_v,1344x756,660,1.635,10.766,25.29,7.352,46.463,23.494,71.591,207
uav0000201_00000_v,1344x756,661,1.679,10.931,25.248,6.982,46.013,22.871,70.562,211
uav0000201_00000_v,1344x756,662,1.978,10.935,25.087,6.225,44.996,22.93,69.905,215
uav0000201_00000_v,1344x756,663,1.763,10.839,25.223,6.986,45.734,22.215,69.713,219
uav0000201_00000_v,1344x756,664,1.716,11.76,25.263,6.656,46.641,22.493,70.85,197
uav0000201_00000_v,1344x756,665,1.694,11.117,25.295,6.878,46.191,22.076,69.961,184
uav0000201_00000_v,1344x756,666,1.661,10.92,25.211,6.332,45.14,21.209,68.01,178
uav0000201_00000_v,1344x756,667,1.682,10.908,25.245,6.85,45.841,20.677,68.2,164
uav0000201_00000_v,1344x756,668,1.668,10.89,25.62,7.682,47.232,22.343,71.243,173
uav0000201_00000_v,1344x756,669,1.938,10.924,25.316,6.565,45.61,21.927,69.474,169
uav0000201_00000_v,1344x756,670,1.793,10.942,25.125,6.866,45.909,21.237,68.939,183
uav0000201_00000_v,1344x756,671,1.5,10.235,22.287,6.948,42.312,20.416,64.228,168
uav0000201_00000_v,1344x756,672,1.537,11.202,25.029,6.752,45.902,21.203,68.643,163
uav0000201_00000_v,1344x756,673,1.539,11.264,25.035,6.436,45.448,21.242,68.23,187
uav0000201_00000_v,1344x756,674,1.473,11.212,24.986,6.923,45.997,22.117,69.586,186
uav0000201_00000_v,1344x756,675,1.446,10.94,25.027,7.242,46.246,22.568,70.26,168
uav0000201_00000_v,1344x756,676,1.455,11.239,24.996,6.433,45.4,21.419,68.273,174
uav0000201_00000_v,1344x756,677,1.397,11.365,25.096,6.661,45.864,21.703,68.964,171
uav0000249_00001_v,1920x1080,1,94.893,12.016,20.096,7.178,42.091,28.544,165.528,300
uav0000249_00001_v,1920x1080,2,3.341,11.37,23.153,7.422,45.586,28.652,77.58,300
uav0000249_00001_v,1920x1080,3,3.736,11.189,25.4,7.068,46.78,30.549,81.066,300
uav0000249_00001_v,1920x1080,4,3.24,11.113,25.511,6.818,46.441,29.961,79.641,300
uav0000249_00001_v,1920x1080,5,3.281,12.345,23.714,6.6,45.594,31.713,80.588,300
uav0000249_00001_v,1920x1080,6,2.68,8.973,20.514,7.081,39.278,29.78,71.737,300
uav0000249_00001_v,1920x1080,7,3.36,10.517,25.53,6.462,45.23,27.893,76.483,300
uav0000249_00001_v,1920x1080,8,3.093,11.606,25.53,6.577,46.53,29.982,79.606,300
uav0000249_00001_v,1920x1080,9,2.774,11.023,25.594,6.819,46.303,28.015,77.092,300
uav0000249_00001_v,1920x1080,10,3.467,11.159,25.601,7.081,46.889,30.498,80.854,300
uav0000249_00001_v,1920x1080,11,3.248,10.601,25.216,6.578,45.217,30.815,79.279,300
uav0000249_00001_v,1920x1080,12,2.709,8.935,20.033,5.581,36.855,29.252,68.816,300
uav0000249_00001_v,1920x1080,13,3.334,10.513,25.665,7.116,46.031,29.655,79.02,300
uav0000249_00001_v,1920x1080,14,2.728,10.575,25.592,6.755,45.745,30.32,78.793,300
uav0000249_00001_v,1920x1080,15,3.215,10.807,25.233,6.457,45.365,29.966,78.545,300
uav0000249_00001_v,1920x1080,16,2.719,9.492,21.888,6.706,40.768,28.944,72.431,300
uav0000249_00001_v,1920x1080,17,2.763,11.229,25.623,6.673,46.431,29.358,78.551,300
uav0000249_00001_v,1920x1080,18,2.611,9.333,21.809,5.233,38.676,30.284,71.571,300
uav0000249_00001_v,1920x1080,19,3.353,10.919,25.569,6.701,46.078,31.647,81.078,300
uav0000249_00001_v,1920x1080,20,2.864,10.611,25.445,7.065,46.051,30.963,79.878,300
uav0000249_00001_v,1920x1080,21,2.678,9.149,21.973,6.884,40.654,29.985,73.316,300
uav0000249_00001_v,1920x1080,22,2.774,11.062,25.558,6.583,46.004,30.879,79.657,300
uav0000249_00001_v,1920x1080,23,2.786,10.854,25.209,6.476,45.358,30.052,78.196,300
uav0000249_00001_v,1920x1080,24,2.793,10.724,25.541,6.917,46.158,32.255,81.206,300
uav0000249_00001_v,1920x1080,25,2.838,10.813,25.212,6.891,45.516,30.358,78.712,300
uav0000249_00001_v,1920x1080,26,2.703,10.665,25.646,7.037,46.294,30.523,79.52,300
uav0000249_00001_v,1920x1080,27,2.705,9.497,21.957,5.815,39.765,27.43,69.9,300
uav0000249_00001_v,1920x1080,28,3.116,10.963,25.839,6.544,45.934,29.526,78.577,300
uav0000249_00001_v,1920x1080,29,2.841,10.683,25.272,7.009,45.772,31.016,79.629,300
uav0000249_00001_v,1920x1080,30,2.738,10.584,25.272,6.624,45.236,30.418,78.392,300
uav0000249_00001_v,1920x1080,31,3.396,10.445,24.335,5.858,43.274,28.95,75.62,300
uav0000249_00001_v,1920x1080,32,2.721,10.759,25.297,6.459,45.415,29.463,77.6,300
uav0000249_00001_v,1920x1080,33,2.687,10.512,25.218,6.926,45.345,30.027,78.06,300
uav0000249_00001_v,1920x1080,34,2.994,10.972,25.191,6.643,48.397,31.909,83.301,300
uav0000249_00001_v,1920x1080,35,3.102,10.941,25.295,6.484,46.178,33.084,82.364,300
uav0000249_00001_v,1920x1080,36,2.742,10.346,21.911,6.784,42.034,26.301,71.077,300
uav0000249_00001_v,1920x1080,37,2.851,10.808,25.811,6.539,45.916,26.533,75.3,300
uav0000249_00001_v,1920x1080,38,2.155,11.232,25.534,6.642,45.917,29.352,77.424,300
uav0000249_00001_v,1920x1080,39,2.72,10.589,23.218,6.307,42.997,30.804,76.521,300
uav0000249_00001_v,1920x1080,40,2.953,11.302,25.272,6.583,46.188,28.436,77.577,300
uav0000249_00001_v,1920x1080,41,2.712,10.678,23.318,6.882,43.813,28.918,75.443,283
uav0000249_00001_v,1920x1080,42,2.778,10.832,22.279,6.332,42.086,28.967,73.83,300
uav0000249_00001_v,1920x1080,43,2.848,10.684,25.31,6.418,45.057,28.848,76.752,300
uav0000249_00001_v,1920x1080,44,3.001,10.637,25.283,7.349,45.953,31.596,80.55,300
uav0000249_00001_v,1920x1080,45,3.192,10.993,25.293,6.477,45.717,31.32,80.229,300
uav0000249_00001_v,1920x1080,46,2.739,9.946,21.804,6.764,41.428,27.808,71.975,300
uav0000249_00001_v,1920x1080,47,3.482,10.673,25.244,6.306,45.065,28.345,76.893,300
uav0000249_00001_v,1920x1080,48,2.836,10.645,25.242,6.35,45.083,29.453,77.372,300
uav0000249_00001_v,1920x1080,49,3.302,10.598,25.158,6.883,45.562,28.087,76.95,297
uav0000249_00001_v,1920x1080,50,2.936,10.95,25.504,6.823,46.143,27.943,77.022,299
uav0000249_00001_v,1920x1080,51,2.663,8.993,22.043,6.829,40.704,29.099,72.467,300
uav0000249_00001_v,1920x1080,52,2.705,10.36,21.668,6.31,41.187,29.208,73.1,300
uav0000249_00001_v,1920x1080,53,2.632,9.311,22.293,6.707,41.087,30.248,73.967,281
uav0000249_00001_v,1920x1080,54,2.201,10.122,22.053,5.872,40.422,31.049,73.673,300
uav0000249_00001_v,1920x1080,55,2.697,9.04,23.114,6.309,41.144,32.235,76.076,300
uav0000249_00001_v,1920x1080,56,2.635,8.236,23.132,6.004,40.015,29.078,71.728,298
uav0000249_00001_v,1920x1080,57,2.678,8.886,23.564,7.091,42.207,30.429,75.313,300
uav0000249_00001_v,1920x1080,58,1.948,9.751,25.271,6.702,44.246,30.06,76.254,279
uav0000249_00001_v,1920x1080,59,2.741,10.85,25.574,6.673,45.825,28.972,77.538,281
uav0000249_00001_v,1920x1080,60,2.832,11.047,25.377,6.498,45.79,32.413,81.035,300
uav0000249_00001_v,1920x1080,61,2.705,9.974,21.571,5.698,39.799,27.274,69.778,300
uav0000249_00001_v,1920x1080,62,1.96,10.3,22.894,7.06,42.305,27.251,71.516,300
uav0000249_00001_v,1920x1080,63,3.015,10.742,25.601,6.422,45.514,28.64,77.168,300
uav0000249_00001_v,1920x1080,64,2.718,10.585,25.546,6.827,45.713,32.411,80.842,300
uav0000249_00001_v,1920x1080,65,2.768,10.786,22.244,6.083,41.722,27.226,71.716,300
uav0000249_00001_v,1920x1080,66,2.744,10.71,22.006,6.676,42.136,30.641,75.522,300
uav0000249_00001_v,1920x1080,67,2.7,9.077,22.511,6.595,40.922,29.471,73.093,299
uav0000249_00001_v,1920x1080,68,2.624,10.847,25.634,6.598,45.771,31.39,79.785,300
uav0000249_00001_v,1920x1080,69,2.722,11.042,25.181,6.185,45.28,29.426,77.428,298
uav0000249_00001_v,1920x1080,70,3.009,10.628,25.555,7.122,46.309,31.021,80.339,300
uav0000249_00001_v,1920x1080,71,2.62,10.308,22.074,6.004,41.049,27.908,71.578,271
uav0000249_00001_v,1920x1080,72,2.93,10.621,25.223,6.815,45.397,31.121,79.449,300
uav0000249_00001_v,1920x1080,73,2.684,10.642,25.417,6.514,45.302,29.84,77.825,300
uav0000249_00001_v,1920x1080,74,3.041,11.005,25.582,6.47,45.852,31.343,80.237,300
uav0000249_00001_v,1920x1080,75,2.999,10.812,25.507,6.752,45.879,29.514,78.392,300
uav0000249_00001_v,1920x1080,76,2.607,10.341,22.047,6.786,41.836,28.339,72.783,300
uav0000249_00001_v,1920x1080,77,2.98,10.854,25.316,6.47,45.486,32.298,80.763,300
uav0000249_00001_v,1920x1080,78,3.187,11.062,25.204,6.611,45.749,29.842,78.779,300
uav0000249_00001_v,1920x1080,79,2.714,10.357,21.88,6.128,40.829,27.338,70.88,300
uav0000249_00001_v,1920x1080,80,2.95,11.023,25.379,6.856,46.017,30.981,79.949,300
uav0000249_00001_v,1920x1080,81,2.615,10.018,22.317,6.55,41.601,30.004,74.22,300
uav0000249_00001_v,1920x1080,82,2.641,9.888,21.839,5.788,39.815,28.282,70.738,300
uav0000249_00001_v,1920x1080,83,3.166,10.917,25.348,6.429,45.416,27.523,76.105,300
uav0000249_00001_v,1920x1080,84,2.794,9.953,22.102,7.005,41.569,32.423,76.786,300
uav0000249_00001_v,1920x1080,85,3.211,10.808,25.322,6.587,45.632,30.675,79.518,300
uav0000249_00001_v,1920x1080,86,2.78,10.069,21.856,6.071,40.431,28.347,71.558,300
uav0000249_00001_v,1920x1080,87,2.779,10.137,22.098,6.293,40.993,29.124,72.896,300
uav0000249_00001_v,1920x1080,88,2.693,9.836,22.359,6.057,40.555,34.511,77.759,300
uav0000249_00001_v,1920x1080,89,2.573,8.284,22.517,6.343,39.878,33.781,76.232,300
uav0000249_00001_v,1920x1080,90,2.539,8.032,23.122,6.256,39.716,35.2,77.454,300
uav0000249_00001_v,1920x1080,91,2.65,7.915,21.866,6.554,38.809,32.286,73.745,300
uav0000249_00001_v,1920x1080,92,2.688,8.348,22.132,6.493,39.793,34.389,76.87,300
uav0000249_00001_v,1920x1080,93,2.41,7.741,22.971,6.329,39.35,32.472,74.231,300
uav0000249_00001_v,1920x1080,94,2.665,7.907,21.865,6.517,38.865,34.661,76.191,300
uav0000249_00001_v,1920x1080,95,2.822,8.184,23.212,6.583,40.637,35.512,78.971,300
uav0000249_00001_v,1920x1080,96,1.915,7.803,21.841,5.95,37.634,35.299,74.848,300
uav0000249_00001_v,1920x1080,97,2.778,8.061,21.83,6.029,38.244,37.619,78.64,300
uav0000249_00001_v,1920x1080,98,2.641,10.869,22.848,5.975,42.243,36.685,81.569,300
uav0000249_00001_v,1920x1080,99,2.6,7.78,21.862,5.706,37.253,35.801,75.655,300
uav0000249_00001_v,1920x1080,100,2.215,7.715,21.963,5.971,37.679,35.645,75.539,300
uav0000249_00001_v,1920x1080,101,2.823,7.887,23.221,6.595,39.897,35.418,78.139,300
uav0000249_00001_v,1920x1080,102,2.63,7.93,23.031,5.973,39.157,38.366,80.154,300
uav0000249_00001_v,1920x1080,103,1.989,7.806,23.247,6.268,39.34,37.079,78.407,300
uav0000249_00001_v,1920x1080,104,2.158,7.768,21.769,5.823,37.355,36.518,76.03,300
uav0000249_00001_v,1920x1080,105,2.005,7.721,21.464,6.217,37.425,34.994,74.424,300
uav0000249_00001_v,1920x1080,106,1.819,7.76,21.864,6.257,37.881,34.746,74.446,300
uav0000249_00001_v,1920x1080,107,2.016,7.802,21.369,5.904,37.075,34.886,73.976,300
uav0000249_00001_v,1920x1080,108,2.169,7.739,22.321,5.975,37.969,36.51,76.648,300
uav0000249_00001_v,1920x1080,109,2.148,7.679,21.478,5.931,37.096,30.703,69.947,300
uav0000249_00001_v,1920x1080,110,2.737,9.02,23.373,6.784,41.93,33.701,78.369,300
uav0000249_00001_v,1920x1080,111,2.674,8.203,23.134,6.76,40.773,35.213,78.66,300
uav0000249_00001_v,1920x1080,112,2.245,7.73,22.413,5.832,37.961,34.84,75.047,300
uav0000249_00001_v,1920x1080,113,2.548,7.826,21.82,6.245,37.998,35.014,75.56,300
uav0000249_00001_v,1920x1080,114,2.562,7.848,21.851,6.296,38.24,33.79,74.593,300
uav0000249_00001_v,1920x1080,115,2.552,8.055,23.08,6.276,39.857,32.701,75.11,300
uav0000249_00001_v,1920x1080,116,2.616,8.181,23.356,6.605,40.634,34.89,78.139,300
uav0000249_00001_v,1920x1080,117,2.676,8.395,23.362,6.169,40.546,35.425,78.646,300
uav0000249_00001_v,1920x1080,118,2.585,9.03,22.317,5.934,39.636,33.65,75.872,300
uav0000249_00001_v,1920x1080,119,2.537,8.071,22.158,6.338,39.05,33.528,75.115,300
uav0000249_00001_v,1920x1080,120,2.649,8.11,22.047,6.734,39.333,30.771,72.753,300
uav0000249_00001_v,1920x1080,121,2.726,9.248,23.41,6.371,41.669,33.043,77.439,300
uav0000249_00001_v,1920x1080,122,2.587,8.616,23.183,6.829,41.499,32.235,76.32,300
uav0000249_00001_v,1920x1080,123,3.175,8.987,20.795,5.663,37.892,30.832,71.899,300
uav0000249_00001_v,1920x1080,124,2.109,7.857,22.257,5.863,37.886,31.319,71.314,300
uav0000249_00001_v,1920x1080,125,2.595,8.239,21.819,5.958,38.496,30.879,71.97,300
uav0000249_00001_v,1920x1080,126,2.57,8.66,21.903,5.957,38.989,30.829,72.387,300
uav0000249_00001_v,1920x1080,127,3.061,8.217,23.188,6.583,40.518,30.54,74.119,300
uav0000249_00001_v,1920x1080,128,3.05,9.029,23.074,6.37,41.163,30.388,74.6,300
uav0000249_00001_v,1920x1080,129,2.714,8.096,21.745,6.033,38.265,29.822,70.801,300
uav0000249_00001_v,1920x1080,130,2.581,8.367,21.526,5.911,38.296,28.767,69.644,300
uav0000249_00001_v,1920x1080,131,2.641,8.73,22.196,5.913,39.306,32.603,74.549,300
uav0000249_00001_v,1920x1080,132,2.708,8.714,23.236,6.72,41.429,31.165,75.302,300
uav0000249_00001_v,1920x1080,133,2.62,9.239,21.873,6.484,40.523,30.669,73.813,300
uav0000249_00001_v,1920x1080,134,2.749,8.97,23.116,6.415,41.288,31.225,75.262,300
uav0000249_00001_v,1920x1080,135,2.71,8.74,22.973,6.931,41.458,31.055,75.222,300
uav0000249_00001_v,1920x1080,136,2.668,8.626,23.572,6.74,41.571,31.661,75.899,300
uav0000249_00001_v,1920x1080,137,2.566,8.894,21.85,6.506,40.002,30.724,73.293,300
uav0000249_00001_v,1920x1080,138,2.793,8.794,21.717,5.949,38.949,29.032,70.774,300
uav0000249_00001_v,1920x1080,139,2.842,8.232,23.249,6.732,40.802,31.029,74.673,300
uav0000249_00001_v,1920x1080,140,2.67,8.566,23.19,6.482,40.927,30.983,74.58,300
uav0000249_00001_v,1920x1080,141,2.595,8.905,21.851,7.112,40.596,30.334,73.525,300
uav0000249_00001_v,1920x1080,142,2.665,9.333,22.571,6.742,41.269,29.296,73.23,300
uav0000249_00001_v,1920x1080,143,2.715,9.049,21.889,6.868,40.28,27.756,70.75,300
uav0000249_00001_v,1920x1080,144,2.599,10.324,22.297,6.632,41.895,29.533,74.027,300
uav0000249_00001_v,1920x1080,145,2.691,10.296,21.974,6.065,40.691,30.414,73.797,300
uav0000249_00001_v,1920x1080,146,2.618,9.529,21.82,6.012,39.855,30.899,73.372,300
uav0000249_00001_v,1920x1080,147,2.721,8.681,22.874,6.962,41.19,29.726,73.638,300
uav0000249_00001_v,1920x1080,148,2.605,8.648,22.322,6.026,39.429,31.907,73.94,300
uav0000249_00001_v,1920x1080,149,2.701,8.842,21.852,7.022,40.343,29.153,72.196,300
uav0000249_00001_v,1920x1080,150,2.756,8.984,21.846,6.487,39.834,27.745,70.336,300
uav0000249_00001_v,1920x1080,151,3.3,10.406,25.198,6.531,44.912,29.947,78.159,300
uav0000249_00001_v,1920x1080,152,2.615,8.344,24.102,6.853,41.976,30.609,75.201,300
uav0000249_00001_v,1920x1080,153,2.795,9.943,21.88,6.481,40.883,27.293,70.971,300
uav0000249_00001_v,1920x1080,154,2.004,9.841,23.697,7.273,43.203,30.963,76.169,300
uav0000249_00001_v,1920x1080,155,3.011,10.591,25.269,7.261,45.955,31.407,80.372,300
uav0000249_00001_v,1920x1080,156,2.756,10.752,25.286,7.19,46.08,31.484,80.321,300
uav0000249_00001_v,1920x1080,157,2.746,10.362,22.131,6.106,40.931,32.117,75.794,300
uav0000249_00001_v,1920x1080,158,2.775,10.64,25.229,6.45,45.374,33.57,81.719,300
uav0000249_00001_v,1920x1080,159,2.68,9.506,21.141,6.167,39.153,32.034,73.867,300
uav0000249_00001_v,1920x1080,160,3.029,8.948,23.226,6.798,41.745,30.39,75.163,300
uav0000249_00001_v,1920x1080,161,2.678,8.543,23.172,6.79,41.254,29.752,73.683,300
uav0000249_00001_v,1920x1080,162,2.704,8.87,21.834,6.512,39.698,26.739,69.141,300
uav0000249_00001_v,1920x1080,163,3.127,10.752,25.419,6.706,45.7,33.062,81.888,300
uav0000249_00001_v,1920x1080,164,2.792,8.758,23.694,6.533,41.768,26.899,71.459,300
uav0000249_00001_v,1920x1080,165,2.78,11.127,23.988,6.541,44.373,27.85,75.003,300
uav0000249_00001_v,1920x1080,166,2.621,10.553,22.052,6.538,41.849,27.398,71.867,300
uav0000249_00001_v,1920x1080,167,2.601,10.812,21.915,6.429,41.812,24.388,68.801,300
uav0000249_00001_v,1920x1080,168,2.032,10.913,23.31,6.481,43.173,28.012,73.216,300
uav0000249_00001_v,1920x1080,169,2.962,10.75,25.638,6.608,45.79,28.386,77.139,300
uav0000249_00001_v,1920x1080,170,2.642,10.9,22.354,6.799,42.601,25.079,70.322,300
uav0000249_00001_v,1920x1080,171,2.768,10.826,22.84,6.06,42.272,23.875,68.915,300
uav0000249_00001_v,1920x1080,172,2.612,10.678,21.776,5.737,40.511,26.444,69.567,300
uav0000249_00001_v,1920x1080,173,2.615,9.103,21.915,5.983,39.632,27.435,69.681,300
uav0000249_00001_v,1920x1080,174,2.762,10.083,22.311,5.859,40.59,26.837,70.188,300
uav0000249_00001_v,1920x1080,175,2.588,10.468,22.166,6.245,41.456,24.552,68.597,300
uav0000249_00001_v,1920x1080,176,2.839,10.713,22.396,6.477,42.444,26.526,71.808,300
uav0000249_00001_v,1920x1080,177,2.713,10.15,22.198,5.982,40.735,26.472,69.919,300
uav0000249_00001_v,1920x1080,178,2.766,10.716,25.19,6.501,45.262,27.618,75.645,300
uav0000249_00001_v,1920x1080,179,2.717,10.688,25.281,5.681,43.971,27.116,73.805,300
uav0000249_00001_v,1920x1080,180,2.827,10.617,22.415,6.474,42.331,28.327,73.485,300
uav0000249_00001_v,1920x1080,181,2.702,9.913,21.974,6.643,41.294,24.204,68.199,300
uav0000249_00001_v,1920x1080,182,2.957,11.555,25.605,6.981,46.903,27.907,77.766,300
uav0000249_00001_v,1920x1080,183,2.611,10.658,23.653,6.506,43.706,26.733,73.05,300
uav0000249_00001_v,1920x1080,184,3.092,10.837,25.292,6.651,45.55,27.655,76.297,300
uav0000249_00001_v,1920x1080,185,2.745,10.768,22.376,6.474,42.371,25.468,70.583,300
uav0000249_00001_v,1920x1080,186,2.67,10.511,23.13,5.105,41.05,28.492,72.213,300
uav0000249_00001_v,1920x1080,187,2.814,10.694,23.253,6.418,43.147,27.625,73.586,300
uav0000249_00001_v,1920x1080,188,2.66,10.752,25.517,6.668,45.756,30.015,78.431,300
uav0000249_00001_v,1920x1080,189,3.236,10.77,25.558,6.661,45.869,29.575,78.68,300
uav0000249_00001_v,1920x1080,190,2.575,9.388,22.862,6.987,42.002,30.261,74.838,300
uav0000249_00001_v,1920x1080,191,2.634,10.127,21.888,6.045,40.473,30.651,73.757,300
uav0000249_00001_v,1920x1080,192,2.587,9.241,22.009,6.995,41.035,27.999,71.621,300
uav0000249_00001_v,1920x1080,193,2.725,10.418,23.248,6.486,43.056,27.149,72.93,300
uav0000249_00001_v,1920x1080,194,2.625,8.968,23.592,6.467,41.744,27.091,71.461,300
uav0000249_00001_v,1920x1080,195,2.715,8.983,21.885,6.181,39.584,29.443,71.741,300
uav0000249_00001_v,1920x1080,196,2.631,8.713,23.457,6.488,41.311,27.983,71.924,300
uav0000249_00001_v,1920x1080,197,2.978,10.682,25.301,7.051,45.82,29.675,78.473,300
uav0000249_00001_v,1920x1080,198,2.624,9.631,21.186,5.827,39.007,28.172,69.803,300
uav0000249_00001_v,1920x1080,199,3.144,10.643,25.642,6.606,45.711,27.95,76.806,300
uav0000249_00001_v,1920x1080,200,3.121,9.757,22.619,6.54,41.673,28.552,73.346,300
uav0000249_00001_v,1920x1080,201,3.195,10.63,25.217,6.536,45.156,28.7,77.051,300
uav0000249_00001_v,1920x1080,202,2.581,10.317,22.021,6.432,41.463,26.831,70.875,300
uav0000249_00001_v,1920x1080,203,3.119,10.72,25.285,6.935,45.78,26.832,75.732,300
uav0000249_00001_v,1920x1080,204,2.899,10.768,25.564,6.102,44.987,27.305,75.191,276
uav0000249_00001_v,1920x1080,205,2.678,10.721,25.702,6.739,45.963,27.754,76.394,289
uav0000249_00001_v,1920x1080,206,2.592,10.964,22.661,6.745,42.989,25.919,71.5,274
uav0000249_00001_v,1920x1080,207,2.409,10.914,25.262,6.811,45.365,28.056,75.831,291
uav0000249_00001_v,1920x1080,208,3.005,10.789,25.476,6.627,45.518,28.031,76.554,300
uav0000249_00001_v,1920x1080,209,3.022,10.634,25.225,6.054,44.661,27.262,74.945,300
uav0000249_00001_v,1920x1080,210,2.866,11.146,25.54,6.856,46.383,29.137,78.387,300
uav0000249_00001_v,1920x1080,211,2.553,10.428,21.974,6.197,41.308,26.552,70.412,300
uav0000249_00001_v,1920x1080,212,2.664,10.43,22.533,7.406,42.969,26.516,72.149,300
uav0000249_00001_v,1920x1080,213,3.029,10.944,25.508,6.647,45.828,27.868,76.726,300
uav0000249_00001_v,1920x1080,214,2.668,11.039,22.887,6.656,43.449,27.844,73.961,300
uav0000249_00001_v,1920x1080,215,2.638,10.572,22.382,6.27,42.002,25.488,70.128,296
uav0000249_00001_v,1920x1080,216,2.653,10.79,25.175,6.467,45.176,24.112,71.941,267
uav0000249_00001_v,1920x1080,217,2.581,10.632,23.536,6.059,43.074,26.327,71.982,244
uav0000249_00001_v,1920x1080,218,2.605,10.466,23.455,6.296,43.166,24.129,69.9,258
uav0000249_00001_v,1920x1080,219,2.688,10.646,22.092,6.119,41.511,23.617,67.816,267
uav0000249_00001_v,1920x1080,220,2.715,10.664,22.08,6.197,41.771,24.358,68.843,270
uav0000249_00001_v,1920x1080,221,2.703,10.797,25.644,6.513,45.669,23.539,71.912,243
uav0000249_00001_v,1920x1080,222,2.685,10.707,23.909,6.412,43.808,24.311,70.804,263
uav0000249_00001_v,1920x1080,223,2.723,10.823,23.077,6.854,43.421,23.45,69.594,235
uav0000249_00001_v,1920x1080,224,2.697,10.709,25.844,6.57,45.967,24.766,73.43,261
uav0000249_00001_v,1920x1080,225,2.878,10.868,25.264,6.671,45.711,24.447,73.036,261
uav0000249_00001_v,1920x1080,226,3.328,10.913,25.548,6.236,45.393,23.781,72.502,257
uav0000249_00001_v,1920x1080,227,3.197,10.903,25.275,7.167,46.274,24.517,73.989,281
uav0000249_00001_v,1920x1080,228,2.915,11.661,25.57,6.592,46.803,24.68,74.399,286
uav0000249_00001_v,1920x1080,229,2.741,10.841,25.296,6.61,45.59,21.343,69.673,227
uav0000249_00001_v,1920x1080,230,2.165,10.26,25.475,7.136,45.27,23.335,70.77,300
uav0000249_00001_v,1920x1080,231,2.781,10.812,25.285,7.178,46.067,25.073,73.921,300
uav0000249_00001_v,1920x1080,232,2.746,11.371,25.237,6.504,46.004,25.35,74.1,300
uav0000249_00001_v,1920x1080,233,3.947,12.089,25.548,6.459,47.496,22.186,73.629,300
uav0000249_00001_v,1920x1080,234,3.147,11.035,23.791,7.158,44.716,19.793,67.656,300
uav0000249_00001_v,1920x1080,235,2.673,10.716,25.308,6.444,45.239,19.653,67.565,300
uav0000249_00001_v,1920x1080,236,2.836,11.215,25.428,6.534,46.071,22.273,71.18,300
uav0000249_00001_v,1920x1080,237,3.406,11.281,25.236,7.093,46.471,25.982,75.86,300
uav0000249_00001_v,1920x1080,238,2.796,10.822,25.358,7.394,46.554,21.127,70.476,300
uav0000249_00001_v,1920x1080,239,3.031,11.205,25.638,7.139,46.686,22.499,72.216,300
uav0000249_00001_v,1920x1080,240,3.057,11.108,25.297,7.256,46.547,23.497,73.101,300
uav0000249_00001_v,1920x1080,241,3.106,11.196,25.357,7.135,46.627,23.626,73.359,300
uav0000249_00001_v,1920x1080,242,2.36,11.652,25.526,7.305,47.091,22.439,71.89,300
uav0000249_00001_v,1920x1080,243,2.862,11.258,25.269,6.589,46.016,20.342,69.22,300
uav0000249_00001_v,1920x1080,244,3.024,11.069,25.057,7.359,46.345,21.477,70.846,300
uav0000249_00001_v,1920x1080,245,2.891,10.528,20.116,5.794,38.889,20.701,62.48,300
uav0000249_00001_v,1920x1080,246,2.912,11.064,25.262,7.223,46.505,22.116,71.532,300
uav0000249_00001_v,1920x1080,247,2.758,11.146,25.562,6.638,46.023,20.854,69.635,300
uav0000249_00001_v,1920x1080,248,2.972,11.284,25.27,6.532,45.831,23.16,71.963,300
uav0000249_00001_v,1920x1080,249,2.879,10.529,22.387,6.746,42.278,20.693,65.85,291
uav0000249_00001_v,1920x1080,250,2.894,9.641,20.018,5.404,37.56,20.165,60.62,243
uav0000249_00001_v,1920x1080,251,2.898,11.379,25.59,6.912,46.778,22.393,72.069,290
uav0000249_00001_v,1920x1080,252,3.242,11.564,25.368,6.82,46.707,21.748,71.697,262
uav0000249_00001_v,1920x1080,253,2.859,11.026,25.283,6.68,45.936,22.45,71.245,262
uav0000249_00001_v,1920x1080,254,2.909,11.587,25.211,6.78,46.748,24.149,73.805,233
uav0000249_00001_v,1920x1080,255,2.905,11.265,25.362,6.764,46.381,22.797,72.084,202
uav0000249_00001_v,1920x1080,256,2.844,9.413,20.106,5.967,37.8,23.693,64.338,222
uav0000249_00001_v,1920x1080,257,2.892,11.083,25.245,6.169,45.238,23.836,71.966,235
uav0000249_00001_v,1920x1080,258,2.819,11.013,25.279,6.465,45.667,22.406,70.892,239
uav0000249_00001_v,1920x1080,259,2.868,11.502,25.363,6.479,46.164,21.598,70.629,213
uav0000249_00001_v,1920x1080,260,2.805,10.837,25.335,7.089,46.247,23.672,72.723,226
uav0000249_00001_v,1920x1080,261,2.946,10.922,25.332,6.996,46.167,20.237,69.35,251
uav0000249_00001_v,1920x1080,262,2.834,11.065,25.418,6.623,45.996,22.449,71.279,200
uav0000249_00001_v,1920x1080,263,2.804,11.08,25.513,7.106,46.109,25.695,74.608,231
uav0000249_00001_v,1920x1080,264,2.795,11.17,25.616,7.02,46.836,23.163,72.795,246
uav0000249_00001_v,1920x1080,265,2.978,11.195,25.254,6.841,46.196,22.28,71.454,238
uav0000249_00001_v,1920x1080,266,2.142,10.181,25.451,6.552,44.714,22.73,69.587,242
uav0000249_00001_v,1920x1080,267,2.77,11.004,25.197,6.425,45.517,22.162,70.449,215
uav0000249_00001_v,1920x1080,268,2.904,11.341,25.432,6.84,46.505,20.814,70.224,251
uav0000249_00001_v,1920x1080,269,2.924,11.106,25.591,6.958,46.581,23.324,72.829,292
uav0000249_00001_v,1920x1080,270,2.763,11.061,25.546,6.951,46.155,23.102,72.02,262
uav0000249_00001_v,1920x1080,271,2.942,11.647,25.385,7.066,47.121,22.869,72.932,275
uav0000249_00001_v,1920x1080,272,2.96,11.347,25.467,6.525,46.315,22.849,72.124,240
uav0000249_00001_v,1920x1080,273,2.9,11.232,25.394,6.817,46.421,21.906,71.226,215
uav0000249_00001_v,1920x1080,274,2.899,11.097,25.26,6.791,45.982,21.874,70.755,239
uav0000249_00001_v,1920x1080,275,2.725,11.057,25.317,6.636,45.772,22.325,70.822,253
uav0000249_00001_v,1920x1080,276,2.972,11.278,25.536,6.449,46.059,23.925,72.955,227
uav0000249_00001_v,1920x1080,277,2.78,10.867,25.596,6.789,45.917,26.475,75.171,208
uav0000249_00001_v,1920x1080,278,2.95,11.099,25.259,6.291,45.353,27.319,75.622,227
uav0000249_00001_v,1920x1080,279,2.81,10.864,25.39,6.361,45.556,23.768,72.134,215
uav0000249_00001_v,1920x1080,280,2.7,11.018,25.4,6.46,45.677,22.577,70.953,205
uav0000249_00001_v,1920x1080,281,2.804,10.968,25.554,6.403,45.821,25.258,73.883,226
uav0000249_00001_v,1920x1080,282,2.837,11.059,25.249,6.676,45.831,25.705,74.373,216
uav0000249_00001_v,1920x1080,283,2.97,10.926,25.498,6.327,45.562,23.423,71.956,196
uav0000249_00001_v,1920x1080,284,2.766,10.943,25.624,7.221,46.242,27.688,76.697,230
uav0000249_00001_v,1920x1080,285,2.757,11.016,25.606,6.133,45.458,26.415,74.63,224
uav0000249_00001_v,1920x1080,286,2.865,11.056,25.189,6.632,45.807,25.757,74.429,220
uav0000249_00001_v,1920x1080,287,2.649,10.568,25.397,6.377,45.113,24.477,72.239,208
uav0000249_00001_v,1920x1080,288,2.725,10.804,23.758,6.201,43.452,24.832,71.008,228
uav0000249_00001_v,1920x1080,289,2.937,10.651,25.41,6.295,45.136,25.8,73.874,218
uav0000249_00001_v,1920x1080,290,2.807,10.941,23.562,6.371,43.496,23.919,70.223,217
uav0000249_00001_v,1920x1080,291,2.769,10.701,24.941,5.762,44.095,25.772,72.635,204
uav0000249_00001_v,1920x1080,292,2.641,10.665,23.858,6.352,43.783,24.788,71.212,218
uav0000249_00001_v,1920x1080,293,2.62,10.663,23.664,6.129,43.273,24.656,70.549,232
uav0000249_00001_v,1920x1080,294,2.628,10.771,23.337,6.387,43.117,22.822,68.567,210
uav0000249_00001_v,1920x1080,295,2.969,10.556,25.395,6.265,44.864,21.756,69.589,191
uav0000249_00001_v,1920x1080,296,2.808,11.027,25.547,6.719,46.148,24.411,73.367,186
uav0000249_00001_v,1920x1080,297,2.952,11.002,25.525,6.472,45.662,26.55,75.165,213
uav0000249_00001_v,1920x1080,298,2.831,10.992,25.653,6.648,45.968,27.501,76.3,196
uav0000249_00001_v,1920x1080,299,2.811,10.992,25.325,6.453,45.701,25.139,73.651,214
uav0000249_00001_v,1920x1080,300,2.735,10.972,25.304,6.933,45.999,24.029,72.762,216
uav0000249_00001_v,1920x1080,301,2.75,10.925,25.282,6.855,46.077,24.804,73.63,221
uav0000249_00001_v,1920x1080,302,2.723,10.91,25.268,6.456,45.426,25.357,73.506,264
uav0000249_00001_v,1920x1080,303,2.96,10.878,25.328,6.865,45.867,27.264,76.091,251
uav0000249_00001_v,1920x1080,304,2.871,10.887,25.322,6.61,45.603,25.834,74.307,230
uav0000249_00001_v,1920x1080,305,2.785,10.939,24.28,6.577,44.674,24.655,72.115,199
uav0000249_00001_v,1920x1080,306,2.786,10.832,25.281,6.341,45.334,22.368,70.488,232
uav0000249_00001_v,1920x1080,307,2.828,10.942,25.439,6.974,46.186,21.094,70.108,230
uav0000249_00001_v,1920x1080,308,2.829,11.463,25.397,6.668,46.292,22.877,71.999,228
uav0000249_00001_v,1920x1080,309,2.761,10.661,25.328,6.286,45.296,23.06,71.117,205
uav0000249_00001_v,1920x1080,310,2.782,10.801,25.231,6.49,45.384,22.3,70.466,246
uav0000249_00001_v,1920x1080,311,3.165,11.087,25.313,6.459,45.691,24.741,73.597,224
uav0000249_00001_v,1920x1080,312,2.673,11.006,24.64,6.337,44.829,23.275,70.777,240
uav0000249_00001_v,1920x1080,313,2.915,11.193,25.266,6.515,45.919,22.531,71.365,226
uav0000249_00001_v,1920x1080,314,2.937,11.102,25.259,6.477,45.766,22.784,71.486,281
uav0000249_00001_v,1920x1080,315,2.819,10.845,25.302,7.359,46.454,22.478,71.75,262
uav0000249_00001_v,1920x1080,316,2.761,10.995,25.294,7.234,46.652,22.263,71.676,295
uav0000249_00001_v,1920x1080,317,2.783,10.927,25.281,7.111,46.331,20.775,69.889,262
uav0000249_00001_v,1920x1080,318,2.834,11.3,25.202,6.906,46.332,22.31,71.477,288
uav0000249_00001_v,1920x1080,319,3.374,11.322,25.699,5.973,45.521,24.217,73.112,300
uav0000249_00001_v,1920x1080,320,2.112,10.476,25.507,6.714,45.247,23.73,71.088,278
uav0000249_00001_v,1920x1080,321,2.831,11.144,25.278,6.758,46.085,22.262,71.179,269
uav0000249_00001_v,1920x1080,322,2.894,11.348,25.507,6.715,46.523,23.446,72.863,290
uav0000249_00001_v,1920x1080,323,2.851,11.206,25.323,6.426,45.757,23.615,72.223,284
uav0000249_00001_v,1920x1080,324,3.207,10.886,25.207,6.287,45.09,25.474,73.771,294
uav0000249_00001_v,1920x1080,325,2.727,10.635,25.299,6.576,45.284,24.451,72.462,264
uav0000249_00001_v,1920x1080,326,2.85,10.97,25.249,7.556,46.434,27.257,76.542,290
uav0000249_00001_v,1920x1080,327,2.858,11.105,25.542,6.434,45.957,24.264,73.078,236
uav0000249_00001_v,1920x1080,328,2.945,10.791,25.225,6.718,45.606,24.57,73.121,213
uav0000249_00001_v,1920x1080,329,2.768,10.77,25.19,6.644,45.307,24.903,72.978,277
uav0000249_00001_v,1920x1080,330,3.051,11.019,25.29,6.771,45.983,24.885,73.919,240
uav0000249_00001_v,1920x1080,331,2.902,10.928,25.543,6.829,46.086,22.701,71.689,279
uav0000249_00001_v,1920x1080,332,2.863,10.831,25.204,6.424,45.37,22.786,71.019,229
uav0000249_00001_v,1920x1080,333,3.457,11.209,24.655,5.062,43.434,25.411,72.302,276
uav0000249_00001_v,1920x1080,334,2.943,11.047,25.223,6.75,45.973,22.485,71.402,221
uav0000249_00001_v,1920x1080,335,2.929,11.246,25.466,6.546,46.212,24.198,73.339,247
uav0000249_00001_v,1920x1080,336,2.849,10.862,25.572,6.514,45.853,24.293,72.995,254
uav0000249_00001_v,1920x1080,337,2.751,10.901,25.253,6.55,45.436,22.845,71.031,253
uav0000249_00001_v,1920x1080,338,2.136,10.9,25.518,6.592,45.386,23.923,71.444,237
uav0000249_00001_v,1920x1080,339,3.079,10.929,25.317,6.275,45.168,24.006,72.253,252
uav0000249_00001_v,1920x1080,340,2.753,10.739,25.104,4.884,42.95,22.463,68.166,237
uav0000249_00001_v,1920x1080,341,2.796,11.151,23.873,7.031,44.949,22.283,70.029,243
uav0000249_00001_v,1920x1080,342,2.851,11.157,25.468,6.442,45.9,21.595,70.345,267
uav0000249_00001_v,1920x1080,343,2.87,10.945,25.326,6.974,45.993,21.131,69.994,245
uav0000249_00001_v,1920x1080,344,2.823,11.223,25.311,6.512,45.932,19.863,68.617,240
uav0000249_00001_v,1920x1080,345,2.852,11.052,25.219,6.417,45.589,19.379,67.82,244
uav0000249_00001_v,1920x1080,346,2.173,11.166,25.553,6.842,45.989,21.483,69.645,264
uav0000249_00001_v,1920x1080,347,2.824,11.135,25.567,7.157,46.881,25.047,74.753,286
uav0000249_00001_v,1920x1080,348,3.318,11.556,25.236,7.203,47.025,22.06,72.403,266
uav0000249_00001_v,1920x1080,349,2.966,11.355,25.582,6.803,46.551,23.754,73.271,300
uav0000249_00001_v,1920x1080,350,2.876,11.233,25.607,6.731,46.492,22.348,71.716,300
uav0000249_00001_v,1920x1080,351,2.846,11.219,25.392,7.149,46.698,21.627,71.17,300
uav0000249_00001_v,1920x1080,352,2.744,10.816,25.451,7.236,46.308,21.42,70.472,295
uav0000249_00001_v,1920x1080,353,2.85,11.172,25.915,7.051,47.009,20.991,70.851,300
uav0000249_00001_v,1920x1080,354,3.13,11.67,25.047,6.871,46.461,24.739,74.329,300
uav0000249_00001_v,1920x1080,355,2.774,11.667,24.981,6.738,46.222,22.512,71.508,282
uav0000249_00001_v,1920x1080,356,2.748,11.389,24.999,6.433,45.512,22.829,71.089,285
uav0000249_00001_v,1920x1080,357,2.768,11.09,25.047,7.311,46.393,22.979,72.139,300
uav0000249_00001_v,1920x1080,358,2.555,11.019,25.012,6.68,45.618,23.298,71.472,300
uav0000249_00001_v,1920x1080,359,2.57,11.108,25.044,6.925,45.921,21.554,70.045,294
uav0000249_00001_v,1920x1080,360,2.427,10.979,25.07,6.722,45.484,20.294,68.206,275
uav0000249_02688_v,1344x756,1,58.88,9.18,21.889,6.272,40.573,16.188,115.641,272
uav0000249_02688_v,1344x756,2,1.901,11.637,25.335,7.148,46.963,23.912,72.777,284
uav0000249_02688_v,1344x756,3,1.956,10.963,25.442,7.474,46.685,25.605,74.246,277
uav0000249_02688_v,1344x756,4,1.653,11.04,25.225,6.702,46.253,24.242,72.148,283
uav0000249_02688_v,1344x756,5,1.547,10.692,25.239,6.411,45.034,23.855,70.436,293
uav0000249_02688_v,1344x756,6,1.814,9.67,20.302,6.837,39.555,24.178,65.548,300
uav0000249_02688_v,1344x756,7,2.193,10.641,24.509,7.053,45.148,26.042,73.383,300
uav0000249_02688_v,1344x756,8,2.493,10.982,26.024,6.864,46.626,26.05,75.169,300
uav0000249_02688_v,1344x756,9,1.66,10.511,25.197,7.845,46.213,25.112,72.985,300
uav0000249_02688_v,1344x756,10,1.916,10.439,25.112,6.769,45.042,21.035,67.992,300
uav0000249_02688_v,1344x756,11,1.659,10.306,25.116,7.008,45.173,23.107,69.939,300
uav0000249_02688_v,1344x756,12,1.463,10.407,25.238,6.444,44.786,23.966,70.215,300
uav0000249_02688_v,1344x756,13,1.802,10.456,25.333,7.216,45.643,26.886,74.331,300
uav0000249_02688_v,1344x756,14,1.72,10.761,25.149,6.727,45.368,26.755,73.843,300
uav0000249_02688_v,1344x756,15,1.559,9.99,20.487,4.735,37.458,25.977,64.993,300
uav0000249_02688_v,1344x756,16,1.669,8.866,23.923,6.342,41.91,25.378,68.957,300
uav0000249_02688_v,1344x756,17,2.023,9.789,23.52,5.943,41.472,24.895,68.389,300
uav0000249_02688_v,1344x756,18,1.978,9.913,25.272,6.533,44.113,26.574,72.665,300
uav0000249_02688_v,1344x756,19,1.79,9.942,25.356,6.558,44.302,27.311,73.403,300
uav0000249_02688_v,1344x756,20,1.939,10.33,25.639,6.83,45.534,26.668,74.141,300
uav0000249_02688_v,1344x756,21,1.947,10.454,25.074,7.277,45.252,30.753,77.952,300
uav0000249_02688_v,1344x756,22,1.996,10.189,25.178,6.581,44.819,29.719,76.534,300
uav0000249_02688_v,1344x756,23,1.881,10.042,25.239,6.239,44.22,30.521,76.622,300
uav0000249_02688_v,1344x756,24,2.296,10.129,25.288,7.303,45.341,30.32,77.956,300
uav0000249_02688_v,1344x756,25,1.85,10.272,25.076,6.527,44.663,30.879,77.393,300
uav0000249_02688_v,1344x756,26,1.974,10.044,25.761,6.614,45.009,30.772,77.755,300
uav0000249_02688_v,1344x756,27,1.862,10.129,25.246,6.993,45.121,30.836,77.819,300
uav0000249_02688_v,1344x756,28,2.109,9.802,22.199,6.764,41.409,31.752,75.27,300
uav0000249_02688_v,1344x756,29,1.707,10.019,25.134,6.466,44.342,31.583,77.632,300
uav0000249_02688_v,1344x756,30,2.003,9.923,25.256,6.644,44.387,32.508,78.898,300
uav0000249_02688_v,1344x756,31,1.833,9.877,25.088,6.574,44.322,32.43,78.586,300
uav0000249_02688_v,1344x756,32,1.954,8.869,23.525,6.907,41.958,34.008,77.921,300
uav0000249_02688_v,1344x756,33,1.997,8.376,23.063,6.825,40.736,32.032,74.765,300
uav0000249_02688_v,1344x756,34,1.914,9.812,25.072,6.561,44.168,34.977,81.06,300
uav0000249_02688_v,1344x756,35,1.849,9.911,25.231,6.596,44.341,31.628,77.818,300
uav0000249_02688_v,1344x756,36,2.027,9.976,25.14,6.561,44.391,31.214,77.631,300
uav0000249_02688_v,1344x756,37,2.018,10.364,25.146,7.278,45.55,32.9,80.469,300
uav0000249_02688_v,1344x756,38,1.688,10.071,25.322,6.999,44.923,30.746,77.357,300
uav0000249_02688_v,1344x756,39,1.687,9.926,25.389,7.03,45.052,31.282,78.02,300
uav0000249_02688_v,1344x756,40,1.58,9.807,25.224,6.226,43.885,30.867,76.332,300
uav0000249_02688_v,1344x756,41,1.713,9.576,22.184,6.684,41.005,30.138,72.856,300
uav0000249_02688_v,1344x756,42,1.962,10.052,25.255,7.09,45.17,32.475,79.606,300
uav0000249_02688_v,1344x756,43,1.591,10.018,25.259,6.629,44.48,32.646,78.717,300
uav0000249_02688_v,1344x756,44,1.93,9.836,25.035,6.419,44.106,32.544,78.58,300
uav0000249_02688_v,1344x756,45,1.965,8.5,22.854,6.429,40.383,33.025,75.374,300
uav0000249_02688_v,1344x756,46,1.893,8.405,23.207,6.841,41.131,30.721,73.744,300
uav0000249_02688_v,1344x756,47,2.475,11.735,22.382,5.565,42.255,32.29,77.02,300
uav0000249_02688_v,1344x756,48,1.898,8.661,23.19,7.097,41.517,31.827,75.241,300
uav0000249_02688_v,1344x756,49,1.427,8.555,21.016,5.791,37.734,30.397,69.558,300
uav0000249_02688_v,1344x756,50,1.391,7.576,21.111,5.568,36.166,30.974,68.531,300
uav0000249_02688_v,1344x756,51,1.546,8.298,22.958,5.995,39.475,31.288,72.31,300
uav0000249_02688_v,1344x756,52,1.555,8.284,22.953,6.217,40.085,30.584,72.225,300
uav0000249_02688_v,1344x756,53,1.797,8.149,22.541,6.257,39.603,30.682,72.082,300
uav0000249_02688_v,1344x756,54,1.504,8.302,23.412,7.351,41.752,33.648,76.904,300
uav0000249_02688_v,1344x756,55,1.597,10.022,25.347,6.727,44.759,30.713,77.069,300
uav0000249_02688_v,1344x756,56,2.089,10.624,22.365,5.881,41.351,27.784,71.224,300
uav0000249_02688_v,1344x756,57,1.541,8.66,21.362,5.855,38.092,30.067,69.7,300
uav0000249_02688_v,1344x756,58,1.512,7.934,21.525,6.228,37.959,27.274,66.745,300
uav0000249_02688_v,1344x756,59,1.666,8.392,23.068,6.723,40.773,29.992,72.431,300
uav0000249_02688_v,1344x756,60,1.666,8.394,22.514,6.777,40.274,30.871,72.811,300
uav0000249_02688_v,1344x756,61,1.875,8.534,22.962,6.281,40.392,33.599,75.866,300
uav0000249_02688_v,1344x756,62,1.529,10.135,25.099,6.586,44.564,31.568,77.662,300
uav0000249_02688_v,1344x756,63,1.769,8.52,22.719,6.816,40.483,33.413,75.664,300
uav0000249_02688_v,1344x756,64,1.718,8.598,22.786,6.788,40.787,33.752,76.256,300
uav0000249_02688_v,1344x756,65,1.987,8.395,23.015,6.618,40.504,34.168,76.658,300
uav0000249_02688_v,1344x756,66,1.758,8.826,22.545,6.412,40.153,33.048,74.959,300
uav0000249_02688_v,1344x756,67,1.614,7.773,23.033,6.272,39.74,30.155,71.509,300
uav0000249_02688_v,1344x756,68,1.693,9.024,22.107,6.247,40.052,30.039,71.784,300
uav0000249_02688_v,1344x756,69,1.704,8.532,23.318,7.18,41.625,30.534,73.863,300
uav0000249_02688_v,1344x756,70,2.121,10.016,25.25,6.916,44.9,31.063,78.084,300
uav0000249_02688_v,1344x756,71,1.374,9.863,25.224,6.505,44.331,30.984,76.689,300
uav0000249_02688_v,1344x756,72,1.37,9.713,22.164,6.652,41.0,30.119,72.489,300
uav0000249_02688_v,1344x756,73,1.761,9.978,25.09,6.624,44.32,34.967,81.047,300
uav0000249_02688_v,1344x756,74,1.356,8.415,21.841,6.945,39.659,36.372,77.387,300
uav0000249_02688_v,1344x756,75,1.471,8.026,22.202,6.444,39.29,35.195,75.955,300
uav0000249_02688_v,1344x756,76,1.416,7.613,23.171,6.378,39.901,35.816,77.133,300
uav0000249_02688_v,1344x756,77,1.3,7.563,23.401,6.298,39.497,37.331,78.128,300
uav0000249_02688_v,1344x756,78,1.338,7.711,21.83,6.524,38.412,36.71,76.46,300
uav0000249_02688_v,1344x756,79,1.558,7.59,22.325,6.947,39.114,38.344,79.016,300
uav0000249_02688_v,1344x756,80,1.23,9.463,23.399,6.699,43.207,42.415,86.852,300
uav0000249_02688_v,1344x756,81,1.348,7.788,23.143,7.326,40.168,41.788,83.304,300
uav0000249_02688_v,1344x756,82,1.199,7.598,23.154,6.367,39.42,40.549,81.168,300
uav0000249_02688_v,1344x756,83,1.035,7.587,21.949,6.183,37.682,39.185,77.902,300
uav0000249_02688_v,1344x756,84,1.024,7.564,22.712,5.995,38.155,41.715,80.894,300
uav0000249_02688_v,1344x756,85,1.347,7.418,20.96,6.371,36.711,39.349,77.407,300
uav0000249_02688_v,1344x756,86,1.255,7.4,21.226,5.942,36.459,39.789,77.503,300
uav0000249_02688_v,1344x756,87,0.996,7.445,20.89,6.752,37.082,40.855,78.934,300
uav0000249_02688_v,1344x756,88,1.709,7.88,21.751,6.518,38.642,41.991,82.342,300
uav0000249_02688_v,1344x756,89,1.196,7.377,21.061,6.253,36.614,37.737,75.547,300
uav0000249_02688_v,1344x756,90,1.287,7.419,21.235,6.315,36.851,40.332,78.47,300
uav0000249_02688_v,1344x756,91,1.225,7.464,20.838,5.855,35.996,42.001,79.223,300
uav0000249_02688_v,1344x756,92,1.039,7.447,20.769,6.071,36.204,40.707,77.95,300
uav0000249_02688_v,1344x756,93,1.039,7.328,20.465,6.344,36.051,38.821,75.911,300
uav0000249_02688_v,1344x756,94,1.014,7.315,20.577,6.623,36.439,34.542,71.995,300
uav0000249_02688_v,1344x756,95,1.322,7.512,20.925,6.598,36.998,36.706,75.027,300
uav0000249_02688_v,1344x756,96,1.025,7.492,22.891,6.181,38.436,39.445,78.906,300
uav0000249_02688_v,1344x756,97,1.184,7.52,21.568,6.051,37.066,35.248,73.498,300
uav0000249_02688_v,1344x756,98,1.135,7.483,23.019,5.976,38.401,37.464,77.0,300
uav0000249_02688_v,1344x756,99,1.18,8.208,23.019,6.984,40.202,39.606,80.987,300
uav0000249_02688_v,1344x756,100,1.033,7.601,23.203,6.585,39.386,39.303,79.722,300
uav0000249_02688_v,1344x756,101,1.601,10.15,23.655,6.775,43.161,39.511,84.273,300
uav0000249_02688_v,1344x756,102,1.038,7.593,23.134,6.52,39.22,37.129,77.387,300
uav0000249_02688_v,1344x756,103,1.571,7.468,23.042,5.791,38.193,40.344,80.108,300
uav0000249_02688_v,1344x756,104,1.026,7.812,19.969,5.418,35.13,34.471,70.626,300
uav0000249_02688_v,1344x756,105,0.981,7.433,19.948,5.15,35.139,34.206,70.326,300
uav0000249_02688_v,1344x756,106,1.154,7.478,19.963,5.506,35.42,37.726,74.3,300
uav0000249_02688_v,1344x756,107,1.006,7.449,19.936,5.859,35.123,38.746,74.875,300
uav0000249_02688_v,1344x756,108,1.212,7.293,20.789,5.733,35.592,37.27,74.075,300
uav0000249_02688_v,1344x756,109,1.011,7.373,21.005,6.546,36.853,36.316,74.179,300
uav0000249_02688_v,1344x756,110,1.229,7.362,21.56,5.581,36.311,37.273,74.812,300
uav0000249_02688_v,1344x756,111,1.0,7.413,20.611,6.045,35.955,34.392,71.346,300
uav0000249_02688_v,1344x756,112,1.331,7.605,21.054,5.952,36.437,37.358,75.127,300
uav0000249_02688_v,1344x756,113,1.306,7.39,21.825,6.153,37.224,36.553,75.083,300
uav0000249_02688_v,1344x756,114,0.985,7.494,21.54,5.273,36.126,38.731,75.842,300
uav0000249_02688_v,1344x756,115,1.605,7.385,20.869,6.441,36.725,38.146,76.476,300
uav0000249_02688_v,1344x756,116,1.278,7.469,21.875,6.229,37.557,39.268,78.103,300
uav0000249_02688_v,1344x756,117,1.232,7.573,21.842,5.727,37.034,38.076,76.341,300
uav0000249_02688_v,1344x756,118,1.338,7.546,21.8,6.58,37.911,38.398,77.647,300
uav0000249_02688_v,1344x756,119,1.228,7.493,21.445,5.572,36.557,38.045,75.831,300
uav0000249_02688_v,1344x756,120,1.265,7.333,20.891,6.373,36.612,36.999,74.877,300
uav0000249_02688_v,1344x756,121,1.012,7.75,21.303,6.525,37.586,33.127,71.725,300
uav0000249_02688_v,1344x756,122,1.059,7.587,21.334,5.761,36.599,33.5,71.159,300
uav0000249_02688_v,1344x756,123,1.837,9.183,24.119,8.2,43.944,38.638,84.419,300
uav0000249_02688_v,1344x756,124,1.756,8.508,23.194,6.532,40.946,38.363,81.065,300
uav0000249_02688_v,1344x756,125,1.693,8.332,23.438,7.179,41.532,36.529,79.754,300
uav0000249_02688_v,1344x756,126,1.663,7.985,23.033,6.176,39.805,36.934,78.402,300
uav0000249_02688_v,1344x756,127,1.361,8.28,19.996,5.006,35.525,34.965,71.851,300
uav0000249_02688_v,1344x756,128,1.035,7.4,20.667,5.868,35.814,30.424,67.273,300
uav0000249_02688_v,1344x756,129,1.394,7.494,21.019,6.384,36.757,31.531,69.683,300
uav0000249_02688_v,1344x756,130,1.231,7.639,21.576,6.309,37.488,33.623,72.342,300
uav0000249_02688_v,1344x756,131,1.509,7.45,22.902,5.762,38.095,36.755,76.359,300
uav0000249_02688_v,1344x756,132,1.337,7.497,22.305,5.745,37.782,36.323,75.442,300
uav0000249_02688_v,1344x756,133,1.601,7.522,23.128,5.754,38.37,36.256,76.227,300
uav0000249_02688_v,1344x756,134,1.581,7.554,23.139,5.743,38.602,37.777,77.96,300
uav0000249_02688_v,1344x756,135,1.227,7.41,22.955,6.395,38.711,36.156,76.094,300
uav0000249_02688_v,1344x756,136,1.624,8.279,21.964,6.799,39.376,36.268,77.268,300
uav0000249_02688_v,1344x756,137,1.675,7.502,22.934,6.308,38.943,35.847,76.466,300
uav0000249_02688_v,1344x756,138,1.485,7.55,23.062,6.487,39.378,34.527,75.391,300
uav0000249_02688_v,1344x756,139,1.679,7.464,22.451,6.27,38.167,35.16,75.006,300
uav0000249_02688_v,1344x756,140,1.623,7.702,23.024,6.766,40.067,34.852,76.542,300
uav0000249_02688_v,1344x756,141,1.44,8.073,22.769,6.421,39.791,34.685,75.915,300
uav0000249_02688_v,1344x756,142,1.753,7.566,23.083,6.4,39.532,35.006,76.292,300
uav0000249_02688_v,1344x756,143,1.573,7.485,22.647,5.902,38.079,33.775,73.427,300
uav0000249_02688_v,1344x756,144,1.423,8.103,23.13,6.635,40.17,32.247,73.84,300
uav0000249_02688_v,1344x756,145,1.567,8.468,22.519,6.352,39.91,33.443,74.92,300
uav0000249_02688_v,1344x756,146,1.34,7.826,21.87,6.716,38.716,31.63,71.686,300
uav0000249_02688_v,1344x756,147,1.69,10.435,25.614,6.815,45.537,37.219,84.447,300
uav0000249_02688_v,1344x756,148,1.642,10.042,25.285,6.511,44.591,34.366,80.598,300
uav0000249_02688_v,1344x756,149,1.353,8.499,21.856,6.743,39.826,33.865,75.044,300
uav0000249_02688_v,1344x756,150,1.41,8.467,23.146,6.609,40.855,34.983,77.249,300
uav0000249_02688_v,1344x756,151,1.375,8.235,22.939,6.346,40.11,33.47,74.955,300
uav0000249_02688_v,1344x756,152,1.321,8.339,21.819,6.793,39.395,32.821,73.537,300
uav0000249_02688_v,1344x756,153,1.785,8.228,23.396,7.037,41.223,34.907,77.915,300
uav0000249_02688_v,1344x756,154,1.648,8.684,22.545,5.814,39.729,33.958,75.335,300
uav0000249_02688_v,1344x756,155,1.87,8.414,23.135,6.684,40.984,35.021,77.875,300
uav0000249_02688_v,1344x756,156,1.378,8.227,23.144,6.376,40.392,34.194,75.964,300
uav0000249_02688_v,1344x756,157,1.615,7.982,22.991,6.51,40.192,35.34,77.148,300
uav0000249_02688_v,1344x756,158,1.373,7.732,21.536,6.404,38.246,34.63,74.249,300
uav0000249_02688_v,1344x756,159,1.744,8.055,23.143,6.545,40.315,34.379,76.438,300
uav0000249_02688_v,1344x756,160,1.393,7.697,22.687,6.535,38.979,33.622,73.994,300
uav0000249_02688_v,1344x756,161,1.346,7.807,21.746,6.32,38.451,33.922,73.719,300
uav0000249_02688_v,1344x756,162,1.365,8.136,21.725,6.185,38.359,34.124,73.848,300
uav0000249_02688_v,1344x756,163,1.387,7.775,21.797,5.829,37.673,36.717,75.777,300
uav0000249_02688_v,1344x756,164,1.088,7.577,22.19,5.636,37.299,32.435,70.823,298
uav0000249_02688_v,1344x756,165,1.536,8.047,23.143,5.765,39.275,30.313,71.124,300
uav0000249_02688_v,1344x756,166,1.527,8.428,22.929,6.264,40.111,30.417,72.054,300
uav0000249_02688_v,1344x756,167,1.621,8.335,23.121,6.103,40.308,29.522,71.45,291
uav0000249_02688_v,1344x756,168,1.072,8.928,25.362,6.683,43.214,31.334,75.62,300
uav0000249_02688_v,1344x756,169,1.435,10.089,25.693,6.803,45.319,30.588,77.343,274
uav0000249_02688_v,1344x756,170,1.397,9.991,22.2,6.783,41.567,29.133,72.097,300
uav0000249_02688_v,1344x756,171,1.794,9.86,25.197,6.483,44.044,32.063,77.901,300
uav0000249_02688_v,1344x756,172,1.511,10.049,25.148,6.683,44.626,34.253,80.389,291
uav0000249_02688_v,1344x756,173,1.367,8.33,23.044,6.434,40.483,35.813,77.663,300
uav0000249_02688_v,1344x756,174,1.35,8.154,23.565,6.471,40.645,36.869,78.864,278
uav0000249_02688_v,1344x756,175,1.519,8.536,22.973,5.569,39.488,35.109,76.115,300
uav0000249_02688_v,1344x756,176,1.59,7.936,22.772,6.243,39.666,32.544,73.8,293
uav0000249_02688_v,1344x756,177,1.401,7.734,22.973,6.402,39.58,32.14,73.121,298
uav0000249_02688_v,1344x756,178,1.333,8.409,23.062,6.347,40.459,30.824,72.616,300
uav0000249_02688_v,1344x756,179,1.674,8.045,22.967,6.23,40.021,30.54,72.234,300
uav0000249_02688_v,1344x756,180,1.621,8.375,23.272,6.037,40.304,32.315,74.241,300
uav0000249_02688_v,1344x756,181,1.422,8.636,20.071,4.81,35.9,32.642,69.964,300
uav0000249_02688_v,1344x756,182,1.224,7.913,20.169,4.924,34.999,33.006,69.23,300
uav0000249_02688_v,1344x756,183,1.501,8.078,22.261,5.859,38.058,33.065,72.624,300
uav0000249_02688_v,1344x756,184,1.973,8.124,23.239,6.178,40.22,36.832,79.025,298
uav0000249_02688_v,1344x756,185,1.422,8.563,21.936,5.469,38.223,35.171,74.816,300
uav0000249_02688_v,1344x756,186,1.373,8.081,23.181,6.186,40.203,38.014,79.59,300
uav0000249_02688_v,1344x756,187,1.441,8.537,23.349,6.247,40.649,37.856,79.946,300
uav0000249_02688_v,1344x756,188,1.387,8.343,23.308,6.522,40.69,37.824,79.901,300
uav0000249_02688_v,1344x756,189,1.332,8.068,23.391,6.31,40.153,36.075,77.56,300
uav0000249_02688_v,1344x756,190,1.373,7.772,21.754,5.711,37.497,37.992,76.862,300
uav0000249_02688_v,1344x756,191,1.294,7.732,21.88,5.717,37.591,34.861,73.746,300
uav0000249_02688_v,1344x756,192,1.305,7.508,21.822,6.25,37.596,33.628,72.528,300
uav0000249_02688_v,1344x756,193,1.126,7.494,21.859,6.107,37.402,32.393,70.921,300
uav0000249_02688_v,1344x756,194,1.296,7.812,21.854,6.248,38.325,33.743,73.363,300
uav0000249_02688_v,1344x756,195,1.39,10.175,25.098,6.652,44.464,33.678,79.532,300
uav0000249_02688_v,1344x756,196,1.468,7.664,22.335,5.802,38.14,34.182,73.791,300
uav0000249_02688_v,1344x756,197,1.292,8.353,21.897,6.396,38.989,31.501,71.782,300
uav0000249_02688_v,1344x756,198,1.384,8.363,23.28,6.433,40.674,34.807,76.865,300
uav0000249_02688_v,1344x756,199,1.678,7.977,22.957,6.328,39.952,33.529,75.159,300
uav0000249_02688_v,1344x756,200,1.356,8.949,19.965,4.563,35.553,27.883,64.792,300
uav0000249_02688_v,1344x756,201,1.16,7.632,20.775,5.591,35.855,32.31,69.325,300
uav0000249_02688_v,1344x756,202,1.481,8.323,21.852,5.738,38.304,30.899,70.683,300
uav0000249_02688_v,1344x756,203,1.303,7.943,22.527,5.708,38.462,31.848,71.613,300
uav0000249_02688_v,1344x756,204,1.383,8.261,22.983,6.231,40.082,31.169,72.634,300
uav0000249_02688_v,1344x756,205,1.326,7.951,22.427,6.291,39.289,31.517,72.132,300
uav0000249_02688_v,1344x756,206,1.318,7.841,22.438,6.229,39.099,31.204,71.622,300
uav0000249_02688_v,1344x756,207,1.352,8.452,22.225,6.664,39.994,31.74,73.087,300
uav0000249_02688_v,1344x756,208,1.656,8.795,22.285,6.27,39.77,32.515,73.94,300
uav0000249_02688_v,1344x756,209,1.362,10.34,25.392,6.357,44.756,32.02,78.138,300
uav0000249_02688_v,1344x756,210,1.833,8.317,22.693,6.526,39.954,31.454,73.241,300
uav0000249_02688_v,1344x756,211,1.694,8.295,23.086,6.176,40.126,31.063,72.883,300
uav0000249_02688_v,1344x756,212,1.63,8.235,23.066,6.381,40.418,31.912,73.96,300
uav0000249_02688_v,1344x756,213,1.733,8.292,22.988,6.945,40.938,32.369,75.041,300
uav0000249_02688_v,1344x756,214,1.724,8.788,22.324,6.829,40.466,32.834,75.024,300
uav0000249_02688_v,1344x756,215,1.746,8.368,23.079,6.354,40.625,34.106,76.477,300
uav0000249_02688_v,1344x756,216,1.458,9.925,25.331,6.785,44.704,33.081,79.243,300
uav0000249_02688_v,1344x756,217,1.669,9.941,25.156,6.408,44.315,32.612,78.596,300
uav0000249_02688_v,1344x756,218,1.362,8.383,22.23,6.943,40.226,32.856,74.444,300
uav0000249_02688_v,1344x756,219,1.544,8.536,23.552,7.309,42.059,31.341,74.945,300
uav0000249_02688_v,1344x756,220,1.754,9.834,25.086,6.074,43.578,31.505,76.837,300
uav0000249_02688_v,1344x756,221,1.743,10.385,25.201,6.537,44.639,31.501,77.883,300
uav0000249_02688_v,1344x756,222,1.398,9.902,22.004,6.431,41.009,32.009,74.416,300
uav0000249_02688_v,1344x756,223,1.849,8.355,22.62,7.1,40.592,30.991,73.432,300
uav0000249_02688_v,1344x756,224,1.388,9.075,21.765,6.1,39.324,26.813,67.524,300
uav0000249_02688_v,1344x756,225,1.592,10.337,25.288,6.548,44.903,29.988,76.484,300
uav0000249_02688_v,1344x756,226,1.453,9.979,25.08,6.471,44.249,31.408,77.11,300
uav0000249_02688_v,1344x756,227,1.365,10.076,22.123,6.323,40.989,29.288,71.642,300
uav0000249_02688_v,1344x756,228,1.845,9.793,25.147,6.085,43.583,31.158,76.587,300
uav0000249_02688_v,1344x756,229,1.242,8.908,25.063,6.532,42.874,33.07,77.186,300
uav0000249_02688_v,1344x756,230,1.423,9.46,21.905,6.93,41.024,30.352,72.798,300
uav0000249_02688_v,1344x756,231,1.588,10.062,25.442,6.592,44.812,30.569,76.969,300
uav0000249_02688_v,1344x756,232,1.629,9.878,25.183,6.38,44.271,31.958,77.858,300
uav0000249_02688_v,1344x756,233,1.509,9.84,25.262,6.898,44.728,31.128,77.364,300
uav0000249_02688_v,1344x756,234,1.37,10.034,22.773,6.611,41.832,30.971,74.173,300
uav0000249_02688_v,1344x756,235,1.629,9.869,25.281,6.577,44.186,32.684,78.499,300
uav0000249_02688_v,1344x756,236,1.698,9.834,25.251,6.025,43.694,31.914,77.306,300
uav0000249_02688_v,1344x756,237,1.633,8.994,22.444,6.905,41.061,31.609,74.303,300
uav0000249_02688_v,1344x756,238,1.51,8.535,22.78,6.445,40.38,30.942,72.832,300
uav0000249_02688_v,1344x756,239,1.171,8.845,21.717,5.904,38.724,30.22,70.115,300
uav0000249_02688_v,1344x756,240,1.401,9.963,25.078,6.345,44.019,30.327,75.746,300
uav0000249_02688_v,1344x756,241,1.369,10.045,25.005,7.03,44.793,29.563,75.724,300
uav0000249_02688_v,1344x756,242,1.43,9.889,24.276,6.342,43.036,29.97,74.436,300
uav0000249_02688_v,1344x756,243,1.575,9.805,25.235,6.957,44.5,30.246,76.321,300
uav0000249_02688_v,1344x756,244,1.201,9.931,25.055,6.652,44.062,29.567,74.829,300
uav0000297_00000_v,1904x1072,1,84.872,7.837,20.135,7.217,37.124,38.147,160.143,300
uav0000297_00000_v,1904x1072,2,2.603,7.881,20.201,7.209,37.164,58.649,98.416,300
uav0000297_00000_v,1904x1072,3,2.574,7.381,20.051,8.925,38.134,53.906,94.615,300
uav0000297_00000_v,1904x1072,4,1.964,7.473,20.012,7.563,37.164,54.797,93.925,300
uav0000297_00000_v,1904x1072,5,1.892,7.488,20.035,7.547,37.249,54.175,93.317,300
uav0000297_00000_v,1904x1072,6,1.849,7.78,20.279,7.328,37.19,53.991,93.03,300
uav0000297_00000_v,1904x1072,7,1.832,7.302,20.11,7.533,36.974,50.346,89.153,300
uav0000297_00000_v,1904x1072,8,2.056,7.31,20.192,7.152,36.475,55.228,93.759,300
uav0000297_00000_v,1904x1072,9,1.848,7.363,20.037,7.065,36.305,57.785,95.938,300
uav0000297_00000_v,1904x1072,10,1.806,7.449,20.024,7.833,37.334,57.739,96.878,300
uav0000297_00000_v,1904x1072,11,2.124,7.426,20.222,7.726,37.379,58.904,98.407,300
uav0000297_00000_v,1904x1072,12,1.897,7.341,20.276,7.129,36.601,60.483,98.982,300
uav0000297_00000_v,1904x1072,13,2.093,7.348,20.456,7.225,36.838,61.336,100.267,300
uav0000297_00000_v,1904x1072,14,2.284,7.556,20.086,7.126,36.62,62.074,100.978,300
uav0000297_00000_v,1904x1072,15,2.083,7.347,20.003,6.977,36.158,63.583,101.824,300
uav0000297_00000_v,1904x1072,16,2.816,10.828,23.657,8.811,45.332,67.937,116.084,300
uav0000297_00000_v,1904x1072,17,2.563,7.537,20.224,7.016,36.713,66.735,106.01,300
uav0000297_00000_v,1904x1072,18,2.146,7.393,19.951,6.794,36.023,66.286,104.455,300
uav0000297_00000_v,1904x1072,19,2.042,7.413,20.006,6.573,35.849,65.737,103.628,300
uav0000297_00000_v,1904x1072,20,2.093,7.435,20.066,6.862,36.244,65.738,104.074,300
uav0000297_00000_v,1904x1072,21,2.009,7.451,20.172,8.031,37.428,64.332,103.769,300
uav0000297_00000_v,1904x1072,22,1.868,7.462,19.96,7.022,36.209,67.976,106.052,300
uav0000297_00000_v,1904x1072,23,1.905,7.437,20.022,7.614,37.058,64.765,103.728,300
uav0000297_00000_v,1904x1072,24,2.2,7.304,20.096,7.295,36.526,66.535,105.261,300
uav0000297_00000_v,1904x1072,25,1.995,7.366,21.464,7.161,37.804,67.118,106.917,300
uav0000297_00000_v,1904x1072,26,2.195,7.444,20.012,7.599,37.063,65.269,104.527,300
uav0000297_00000_v,1904x1072,27,2.242,7.342,19.951,6.763,35.846,68.979,107.067,300
uav0000297_00000_v,1904x1072,28,2.098,7.299,20.071,7.855,37.333,66.208,105.639,300
uav0000297_00000_v,1904x1072,29,2.976,7.754,20.28,7.336,37.182,67.144,107.301,300
uav0000297_00000_v,1904x1072,30,2.062,7.306,19.995,7.105,36.224,68.453,106.74,300
uav0000297_00000_v,1904x1072,31,2.159,7.433,19.994,7.506,36.918,67.378,106.455,300
uav0000297_00000_v,1904x1072,32,1.775,7.415,19.99,6.811,35.998,69.721,107.494,300
uav0000297_00000_v,1904x1072,33,1.809,7.403,20.005,6.975,36.224,66.089,104.123,300
uav0000297_00000_v,1904x1072,34,2.79,7.513,20.284,7.085,36.726,64.488,104.004,300
uav0000297_00000_v,1904x1072,35,2.718,7.316,20.257,7.874,37.435,64.503,104.655,300
uav0000297_00000_v,1904x1072,36,1.832,7.42,20.021,7.853,37.288,64.215,103.336,300
uav0000297_00000_v,1904x1072,37,2.192,7.388,19.947,6.9,36.069,65.917,104.179,300
uav0000297_00000_v,1904x1072,38,2.297,7.476,20.007,7.369,37.318,64.348,103.964,300
uav0000297_00000_v,1904x1072,39,2.274,8.1,20.208,7.915,38.215,65.531,106.02,300
uav0000297_00000_v,1904x1072,40,2.526,7.391,20.067,7.152,36.395,65.915,104.837,300
uav0000297_00000_v,1904x1072,41,2.536,7.439,20.379,8.424,38.298,64.668,105.502,300
uav0000297_00000_v,1904x1072,42,1.792,7.422,20.012,7.986,37.422,64.939,104.154,300
uav0000297_00000_v,1904x1072,43,1.958,7.41,20.026,7.782,37.178,65.083,104.219,300
uav0000297_00000_v,1904x1072,44,1.925,7.444,20.011,7.745,37.225,66.062,105.211,300
uav0000297_00000_v,1904x1072,45,1.962,7.438,20.009,8.229,37.848,66.476,106.287,300
uav0000297_00000_v,1904x1072,46,2.492,7.344,20.078,8.018,37.365,65.145,105.002,300
uav0000297_00000_v,1904x1072,47,2.219,7.406,20.025,7.992,37.603,63.886,103.708,300
uav0000297_00000_v,1904x1072,48,2.177,7.457,20.017,7.925,37.563,62.875,102.615,300
uav0000297_00000_v,1904x1072,49,2.065,7.406,19.956,7.716,37.07,63.176,102.311,300
uav0000297_00000_v,1904x1072,50,1.847,7.385,19.996,7.823,37.362,63.935,103.144,300
uav0000297_00000_v,1904x1072,51,2.105,7.467,20.008,7.936,37.599,64.292,103.996,300
uav0000297_00000_v,1904x1072,52,2.511,7.39,20.033,7.928,37.426,63.366,103.303,300
uav0000297_00000_v,1904x1072,53,2.329,7.336,20.05,7.831,37.361,63.204,102.894,300
uav0000297_00000_v,1904x1072,54,2.143,7.472,19.98,7.629,37.054,62.605,101.802,300
uav0000297_00000_v,1904x1072,55,2.55,13.199,20.174,6.798,42.127,62.337,107.014,300
uav0000297_00000_v,1904x1072,56,1.998,7.474,19.994,7.569,37.047,65.947,104.992,300
uav0000297_00000_v,1904x1072,57,1.768,7.463,20.007,8.006,37.634,64.13,103.532,300
uav0000297_00000_v,1904x1072,58,2.07,7.379,20.06,7.844,37.377,64.201,103.648,300
uav0000297_00000_v,1904x1072,59,2.218,7.497,20.293,8.031,37.839,63.895,103.951,300
uav0000297_00000_v,1904x1072,60,1.883,7.379,19.973,7.397,36.742,63.43,102.055,300
uav0000297_00000_v,1904x1072,61,1.907,7.409,20.033,6.931,36.24,65.554,103.701,300
uav0000297_00000_v,1904x1072,62,1.757,7.462,20.05,6.791,36.188,64.177,102.122,300
uav0000297_00000_v,1904x1072,63,1.834,7.949,20.013,8.105,38.277,64.157,104.269,300
uav0000297_00000_v,1904x1072,64,2.087,7.327,20.072,7.975,37.408,64.824,104.319,300
uav0000297_00000_v,1904x1072,65,2.181,7.421,20.332,8.231,37.997,64.517,104.696,300
uav0000297_00000_v,1904x1072,66,1.876,7.47,20.029,7.189,36.55,68.81,107.237,300
uav0000297_00000_v,1904x1072,67,1.828,7.462,19.981,7.742,37.165,64.08,103.073,300
uav0000297_00000_v,1904x1072,68,1.903,7.452,20.02,7.608,37.096,63.68,102.679,300
uav0000297_00000_v,1904x1072,69,2.326,7.459,20.218,8.105,37.987,64.854,105.167,300
uav0000297_00000_v,1904x1072,70,2.533,7.367,20.069,7.842,37.232,63.884,103.649,300
uav0000297_00000_v,1904x1072,71,2.524,7.73,20.002,7.847,37.591,64.806,104.921,300
uav0000297_00000_v,1904x1072,72,2.228,7.42,19.992,7.567,36.996,64.325,103.548,300
uav0000297_00000_v,1904x1072,73,2.064,7.466,20.066,7.703,37.413,65.521,104.997,300
uav0000297_00000_v,1904x1072,74,2.039,7.451,20.033,7.503,37.067,64.477,103.583,300
uav0000297_00000_v,1904x1072,75,1.821,7.507,19.999,7.63,37.165,64.486,103.473,300
uav0000297_00000_v,1904x1072,76,2.088,7.419,20.058,8.002,37.551,64.644,104.283,300
uav0000297_00000_v,1904x1072,77,2.154,7.384,20.093,8.282,37.806,64.356,104.316,300
uav0000297_00000_v,1904x1072,78,1.968,7.463,20.005,7.084,36.397,64.422,102.787,300
uav0000297_00000_v,1904x1072,79,1.972,7.43,20.001,7.732,37.276,63.177,102.425,300
uav0000297_00000_v,1904x1072,80,1.891,7.379,19.969,7.632,36.998,63.423,102.311,300
uav0000297_00000_v,1904x1072,81,1.736,7.474,20.073,7.658,37.188,62.639,101.563,300
uav0000297_00000_v,1904x1072,82,2.168,7.512,20.309,8.145,37.929,63.0,103.096,300
uav0000297_00000_v,1904x1072,83,2.258,7.798,20.266,7.858,37.896,63.931,104.086,300
uav0000297_00000_v,1904x1072,84,2.039,7.456,20.041,7.731,37.296,63.177,102.512,300
uav0000297_00000_v,1904x1072,85,1.872,7.413,20.031,7.652,37.111,63.823,102.806,300
uav0000297_00000_v,1904x1072,86,1.815,7.492,20.028,7.647,37.171,62.581,101.567,300
uav0000297_00000_v,1904x1072,87,1.86,7.513,19.994,7.725,37.249,63.167,102.275,300
uav0000297_00000_v,1904x1072,88,2.113,7.313,20.055,7.881,37.409,64.616,104.138,300
uav0000297_00000_v,1904x1072,89,2.205,7.542,20.096,7.838,37.573,65.28,105.058,300
uav0000297_00000_v,1904x1072,90,1.838,7.462,20.031,7.678,37.171,67.292,106.302,300
uav0000297_00000_v,1904x1072,91,1.807,7.437,20.013,7.478,36.913,66.086,104.806,300
uav0000297_00000_v,1904x1072,92,1.82,7.31,19.973,7.54,36.794,66.057,104.671,300
uav0000297_00000_v,1904x1072,93,1.791,7.471,20.007,6.857,36.133,67.557,105.481,300
uav0000297_00000_v,1904x1072,94,2.034,7.466,20.015,7.433,36.983,64.75,103.766,300
uav0000297_00000_v,1904x1072,95,2.196,7.511,20.015,7.46,37.015,66.488,105.7,300
uav0000297_00000_v,1904x1072,96,2.086,7.476,20.021,7.442,37.121,64.705,103.911,300
uav0000297_00000_v,1904x1072,97,1.822,7.419,20.012,6.914,36.364,64.324,102.51,300
uav0000297_00000_v,1904x1072,98,1.984,7.487,19.978,6.924,36.425,64.439,102.849,300
uav0000297_00000_v,1904x1072,99,1.873,8.162,20.028,7.278,37.564,64.546,103.984,300
uav0000297_00000_v,1904x1072,100,2.168,7.468,19.993,7.408,36.95,65.823,104.941,300
uav0000297_00000_v,1904x1072,101,2.158,7.424,19.966,7.103,36.519,64.354,103.031,300
uav0000297_00000_v,1904x1072,102,2.381,7.444,19.941,7.076,36.506,60.044,98.932,300
uav0000297_00000_v,1904x1072,103,1.892,7.494,20.019,7.087,36.604,52.699,91.195,300
uav0000297_00000_v,1904x1072,104,2.064,7.507,20.009,7.488,37.623,53.43,93.117,300
uav0000297_00000_v,1904x1072,105,2.013,7.502,20.024,7.015,36.528,48.209,86.75,300
uav0000297_00000_v,1904x1072,106,1.83,7.49,19.976,7.216,36.626,46.61,85.066,300
uav0000297_00000_v,1904x1072,107,2.017,7.464,20.01,6.816,36.291,46.329,84.637,300
uav0000297_00000_v,1904x1072,108,1.734,7.538,20.079,6.921,36.645,47.676,86.055,300
uav0000297_00000_v,1904x1072,109,1.977,7.415,20.038,8.374,37.501,53.99,93.468,300
uav0000297_00000_v,1904x1072,110,2.298,7.502,20.001,7.392,36.955,61.675,100.929,300
uav0000297_00000_v,1904x1072,111,1.834,7.436,19.98,7.614,38.126,68.067,108.027,300
uav0000297_00000_v,1904x1072,112,1.905,7.448,20.037,8.335,37.843,66.294,106.042,300
uav0000297_00000_v,1904x1072,113,2.018,7.495,19.988,6.996,36.326,69.041,107.385,300
uav0000297_00000_v,1904x1072,114,2.089,7.495,20.015,7.706,37.378,67.882,107.349,300
uav0000297_00000_v,1904x1072,115,2.093,7.429,19.993,7.602,37.008,68.377,107.478,300
uav0000297_00000_v,1904x1072,116,2.039,7.453,19.975,7.586,36.983,65.32,104.342,300
uav0000297_00000_v,1904x1072,117,2.085,7.45,20.041,7.811,37.287,64.331,103.703,300
uav0000297_00000_v,1904x1072,118,2.105,7.455,20.006,7.225,36.396,66.051,104.552,300
uav0000297_00000_v,1904x1072,119,1.992,7.46,20.062,7.739,37.446,70.389,109.827,300
uav0000297_00000_v,1904x1072,120,1.9,7.634,20.016,7.405,37.187,71.284,110.371,300
uav0000297_00000_v,1904x1072,121,1.805,7.442,20.012,7.616,37.246,71.246,110.297,300
uav0000297_00000_v,1904x1072,122,1.983,7.464,20.014,7.73,37.206,70.196,109.386,300
uav0000297_00000_v,1904x1072,123,1.854,7.502,20.013,7.594,37.27,70.231,109.356,300
uav0000297_00000_v,1904x1072,124,1.95,7.538,20.055,6.988,36.741,61.647,100.338,300
uav0000297_00000_v,1904x1072,125,2.034,7.502,19.966,5.558,35.002,49.5,86.536,300
uav0000297_00000_v,1904x1072,126,1.84,7.431,19.989,6.028,35.461,45.927,83.229,300
uav0000297_00000_v,1904x1072,127,2.114,7.463,20.054,6.441,35.927,45.793,83.834,300
uav0000297_00000_v,1904x1072,128,1.881,7.41,20.012,5.663,35.125,44.734,81.739,300
uav0000297_00000_v,1904x1072,129,1.932,9.599,20.003,5.734,37.402,41.863,81.196,300
uav0000297_00000_v,1904x1072,130,1.854,7.417,19.986,5.272,34.567,40.794,77.216,300
uav0000297_00000_v,1904x1072,131,2.101,7.464,20.092,6.537,36.052,39.684,77.837,300
uav0000297_00000_v,1904x1072,132,1.746,7.333,20.031,6.454,35.894,54.908,92.547,300
uav0000297_00000_v,1904x1072,133,1.896,7.434,19.973,6.626,36.098,60.617,98.611,300
uav0000297_00000_v,1904x1072,134,1.872,7.59,19.965,6.403,36.108,63.997,101.977,300
uav0000297_00000_v,1904x1072,135,1.861,7.487,19.985,6.232,35.859,64.05,101.771,300
uav0000297_00000_v,1904x1072,136,1.881,7.556,19.991,6.448,35.96,63.849,101.69,300
uav0000297_00000_v,1904x1072,137,1.915,7.46,19.989,6.376,35.958,63.981,101.854,300
uav0000297_00000_v,1904x1072,138,1.991,7.528,19.994,6.327,35.992,63.879,101.862,300
uav0000297_00000_v,1904x1072,139,2.062,7.513,20.006,6.292,35.985,59.6,97.647,300
uav0000297_00000_v,1904x1072,140,1.834,8.181,20.157,6.627,36.917,61.598,100.349,300
uav0000297_00000_v,1904x1072,141,1.684,7.434,19.952,6.452,35.782,66.066,103.531,300
uav0000297_00000_v,1904x1072,142,1.908,7.581,19.94,6.244,35.72,65.693,103.321,300
uav0000297_00000_v,1904x1072,143,1.937,7.833,19.991,6.386,36.225,62.418,100.58,300
uav0000297_00000_v,1904x1072,144,1.908,7.458,19.941,6.271,35.663,63.204,100.775,300
uav0000297_00000_v,1904x1072,145,1.817,7.543,19.961,6.285,35.893,64.719,102.428,300
uav0000297_00000_v,1904x1072,146,2.042,7.933,20.154,6.482,36.542,65.162,103.746,300
uav0000297_02761_v,1904x1072,1,77.402,9.366,20.733,9.047,42.145,54.096,173.643,300
uav0000297_02761_v,1904x1072,2,2.298,10.605,22.812,8.725,44.188,58.69,105.176,300
uav0000297_02761_v,1904x1072,3,2.26,9.576,22.141,7.797,41.555,54.593,98.407,300
uav0000297_02761_v,1904x1072,4,1.949,7.426,20.422,7.953,37.643,54.637,94.229,300
uav0000297_02761_v,1904x1072,5,2.14,7.463,20.032,6.98,36.314,52.82,91.275,300
uav0000297_02761_v,1904x1072,6,2.13,7.461,19.962,7.506,36.827,52.028,90.985,300
uav0000297_02761_v,1904x1072,7,2.222,7.379,20.086,7.635,37.065,51.639,90.925,300
uav0000297_02761_v,1904x1072,8,1.9,7.493,19.997,7.461,36.913,52.221,91.034,300
uav0000297_02761_v,1904x1072,9,2.749,13.358,20.093,7.055,42.69,53.489,98.929,300
uav0000297_02761_v,1904x1072,10,2.184,7.375,20.258,7.265,36.712,53.721,92.617,300
uav0000297_02761_v,1904x1072,11,2.269,11.764,21.546,8.272,43.799,53.015,99.083,300
uav0000297_02761_v,1904x1072,12,1.867,7.466,19.961,8.034,37.46,53.071,92.398,300
uav0000297_02761_v,1904x1072,13,2.426,7.374,20.306,7.312,36.767,55.033,94.226,300
uav0000297_02761_v,1904x1072,14,1.847,7.487,20.002,7.832,37.339,53.992,93.179,300
uav0000297_02761_v,1904x1072,15,2.274,8.158,20.001,7.811,38.117,55.199,95.591,300
uav0000297_02761_v,1904x1072,16,2.145,7.365,20.07,7.084,36.367,55.03,93.543,300
uav0000297_02761_v,1904x1072,17,2.069,7.58,20.197,7.238,36.826,55.617,94.513,300
uav0000297_02761_v,1904x1072,18,1.842,7.45,20.003,7.351,36.717,54.905,93.464,300
uav0000297_02761_v,1904x1072,19,1.939,7.383,20.046,6.995,36.254,56.554,94.747,300
uav0000297_02761_v,1904x1072,20,1.99,7.494,20.179,7.835,37.499,57.138,96.627,300
uav0000297_02761_v,1904x1072,21,2.08,7.728,20.206,7.533,37.446,56.059,95.584,300
uav0000297_02761_v,1904x1072,22,2.069,7.389,20.214,7.15,36.559,56.888,95.516,300
uav0000297_02761_v,1904x1072,23,2.119,7.435,20.051,10.029,39.573,55.729,97.421,300
uav0000297_02761_v,1904x1072,24,2.647,7.392,20.035,7.191,36.455,57.546,96.648,300
uav0000297_02761_v,1904x1072,25,2.41,7.367,20.105,7.006,36.344,58.749,97.503,300
uav0000297_02761_v,1904x1072,26,2.148,7.423,20.038,7.098,37.935,61.01,101.093,300
uav0000297_02761_v,1904x1072,27,2.352,7.419,20.032,7.067,36.416,61.061,99.828,300
uav0000297_02761_v,1904x1072,28,1.953,7.618,20.01,6.878,36.334,59.703,97.989,300
uav0000297_02761_v,1904x1072,29,2.048,7.519,19.99,6.921,36.586,58.708,97.342,300
uav0000297_02761_v,1904x1072,30,2.238,7.404,20.058,7.502,37.088,60.65,99.976,300
uav0000297_02761_v,1904x1072,31,2.591,7.496,20.046,7.722,37.415,60.135,100.14,300
uav0000297_02761_v,1904x1072,32,2.519,7.372,20.071,7.88,37.476,59.632,99.627,300
uav0000297_02761_v,1904x1072,33,2.656,7.657,20.291,7.983,37.863,59.484,100.004,300
uav0000297_02761_v,1904x1072,34,1.94,7.483,19.974,7.232,36.793,59.842,98.575,300
uav0000297_02761_v,1904x1072,35,2.058,7.493,19.962,8.01,37.46,59.777,99.294,300
uav0000297_02761_v,1904x1072,36,2.143,7.58,20.102,7.563,37.375,59.56,99.078,300
uav0000297_02761_v,1904x1072,37,2.471,7.477,20.086,7.775,37.371,59.64,99.482,300
uav0000297_02761_v,1904x1072,38,2.443,7.454,20.051,7.624,37.084,59.827,99.354,300
uav0000297_02761_v,1904x1072,39,2.484,7.447,20.023,7.739,37.403,60.119,100.006,300
uav0000297_02761_v,1904x1072,40,2.007,7.549,19.98,7.49,37.023,59.362,98.392,300
uav0000297_02761_v,1904x1072,41,1.978,7.507,19.97,7.809,37.228,59.702,98.908,300
uav0000297_02761_v,1904x1072,42,2.188,7.887,20.093,7.564,37.601,59.505,99.294,300
uav0000297_02761_v,1904x1072,43,2.501,7.477,19.981,7.632,37.113,60.802,100.417,300
uav0000297_02761_v,1904x1072,44,2.468,7.395,20.103,8.332,37.864,61.043,101.375,300
uav0000297_02761_v,1904x1072,45,2.486,7.384,20.085,7.829,37.234,61.617,101.337,300
uav0000297_02761_v,1904x1072,46,2.257,7.51,19.969,7.762,37.408,62.006,101.671,300
uav0000297_02761_v,1904x1072,47,1.983,7.521,20.001,7.608,37.226,61.413,100.622,300
uav0000297_02761_v,1904x1072,48,2.022,7.504,19.971,7.536,37.56,62.333,101.915,300
uav0000297_02761_v,1904x1072,49,2.07,7.48,19.979,7.822,37.473,62.336,101.878,300
uav0000297_02761_v,1904x1072,50,2.113,7.409,20.056,7.855,37.346,61.561,101.021,300
uav0000297_02761_v,1904x1072,51,2.397,7.47,20.044,7.929,37.619,62.335,102.35,300
uav0000297_02761_v,1904x1072,52,2.107,8.195,20.16,7.759,38.151,62.059,102.318,300
uav0000297_02761_v,1904x1072,53,1.84,7.528,19.956,7.899,37.502,62.638,101.981,300
uav0000297_02761_v,1904x1072,54,2.238,7.486,19.994,7.756,37.213,62.233,101.684,300
uav0000297_02761_v,1904x1072,55,2.324,7.488,20.001,7.63,37.259,63.865,103.449,300
uav0000297_02761_v,1904x1072,56,2.173,7.392,20.052,7.809,37.195,63.009,102.376,300
uav0000297_02761_v,1904x1072,57,2.149,7.392,20.305,7.985,37.65,63.203,103.002,300
uav0000297_02761_v,1904x1072,58,1.951,7.616,19.971,7.966,37.579,63.733,103.263,300
uav0000297_02761_v,1904x1072,59,1.898,7.484,19.972,7.6,37.195,63.876,102.97,300
uav0000297_02761_v,1904x1072,60,2.138,7.51,19.973,7.451,36.924,62.912,101.974,300
uav0000297_02761_v,1904x1072,61,1.989,7.583,20.023,7.857,37.559,62.641,102.189,300
uav0000297_02761_v,1904x1072,62,2.353,7.667,20.048,7.817,37.66,62.82,102.833,300
uav0000297_02761_v,1904x1072,63,2.487,7.867,20.289,8.352,38.646,62.454,103.587,300
uav0000297_02761_v,1904x1072,64,2.276,7.504,19.966,7.865,37.301,61.483,101.059,300
uav0000297_02761_v,1904x1072,65,1.912,7.486,19.999,7.707,37.101,61.608,100.621,300
uav0000297_02761_v,1904x1072,66,1.986,7.474,19.974,7.809,37.339,62.162,101.488,300
uav0000297_02761_v,1904x1072,67,1.969,7.431,19.973,7.78,37.212,61.148,100.329,300
uav0000297_02761_v,1904x1072,68,2.116,7.479,19.953,7.466,36.902,61.192,100.21,300
uav0000297_02761_v,1904x1072,69,2.216,7.703,20.285,7.98,37.921,61.473,101.61,300
uav0000297_02761_v,1904x1072,70,2.008,8.109,20.18,7.939,38.372,62.475,102.855,300
uav0000297_02761_v,1904x1072,71,2.017,7.484,19.982,7.682,37.123,62.856,101.996,300
uav0000297_02761_v,1904x1072,72,2.044,7.547,20.014,7.515,37.125,63.085,102.254,300
uav0000297_02761_v,1904x1072,73,1.916,7.531,19.98,7.452,36.941,62.371,101.228,300
uav0000297_02761_v,1904x1072,74,1.966,7.579,20.003,7.669,37.234,62.459,101.658,300
uav0000297_02761_v,1904x1072,75,2.707,7.619,20.045,6.842,36.257,60.971,99.935,300
uav0000297_02761_v,1904x1072,76,1.868,7.512,20.221,7.803,37.512,62.047,101.427,300
uav0000297_02761_v,1904x1072,77,2.11,7.472,19.944,7.836,37.372,62.589,102.071,300
uav0000297_02761_v,1904x1072,78,2.289,7.492,19.984,7.801,37.596,62.206,102.091,300
uav0000297_02761_v,1904x1072,79,2.198,7.523,19.943,6.899,36.183,63.633,102.015,300
uav0000297_02761_v,1904x1072,80,2.41,7.491,19.981,7.849,37.293,61.353,101.056,300
uav0000297_02761_v,1904x1072,81,2.409,7.431,20.039,6.981,36.246,62.154,100.809,300
uav0000297_02761_v,1904x1072,82,2.197,7.481,19.957,6.816,36.098,62.831,101.126,300
uav0000297_02761_v,1904x1072,83,1.963,7.523,19.958,6.958,36.23,62.77,100.962,300
uav0000297_02761_v,1904x1072,84,2.324,7.491,19.975,7.797,37.24,61.248,100.811,300
uav0000297_02761_v,1904x1072,85,1.934,7.478,19.972,7.507,36.943,61.584,100.461,300
uav0000297_02761_v,1904x1072,86,1.859,7.571,19.979,7.606,37.268,61.978,101.105,300
uav0000297_02761_v,1904x1072,87,2.578,7.729,19.991,7.81,37.56,61.096,101.234,300
uav0000297_02761_v,1904x1072,88,2.136,7.512,19.966,7.391,36.841,60.51,99.487,300
uav0000297_02761_v,1904x1072,89,1.918,7.484,19.976,7.212,36.81,60.179,98.906,300
uav0000297_02761_v,1904x1072,90,1.99,7.634,19.988,7.53,37.162,60.066,99.218,300
uav0000297_02761_v,1904x1072,91,2.064,7.578,19.957,7.647,37.305,60.081,99.449,300
uav0000297_02761_v,1904x1072,92,2.035,7.591,20.011,7.745,37.533,287.57,327.139,300
uav0000297_02761_v,1904x1072,93,2.008,7.522,19.995,7.29,36.506,59.898,98.412,300
uav0000297_02761_v,1904x1072,94,1.982,7.619,20.058,7.134,36.698,61.58,100.26,300
uav0000297_02761_v,1904x1072,95,2.077,7.459,19.959,7.6,36.993,61.277,100.347,300
uav0000297_02761_v,1904x1072,96,2.05,7.49,19.978,7.467,36.902,61.058,100.01,300
uav0000297_02761_v,1904x1072,97,2.042,7.505,19.979,7.802,37.273,60.831,100.146,300
uav0000297_02761_v,1904x1072,98,2.054,7.503,19.994,7.749,37.235,61.388,100.676,300
uav0000297_02761_v,1904x1072,99,2.136,7.532,19.993,7.647,37.125,60.634,99.896,300
uav0000297_02761_v,1904x1072,100,2.083,7.565,19.968,7.469,37.0,59.951,99.034,300
uav0000297_02761_v,1904x1072,101,1.934,7.524,19.971,7.583,37.066,60.429,99.43,300
uav0000297_02761_v,1904x1072,102,2.063,7.519,19.993,7.803,37.279,60.29,99.632,300
uav0000297_02761_v,1904x1072,103,1.987,7.424,20.015,7.684,37.213,59.781,98.981,300
uav0000297_02761_v,1904x1072,104,2.201,7.534,19.969,7.693,37.217,60.368,99.785,300
uav0000297_02761_v,1904x1072,105,1.89,7.541,19.987,7.882,37.58,60.25,99.719,300
uav0000297_02761_v,1904x1072,106,1.917,7.398,19.965,7.99,37.489,59.96,99.366,300
uav0000297_02761_v,1904x1072,107,1.944,7.996,20.015,7.786,37.975,61.155,101.073,300
uav0000297_02761_v,1904x1072,108,2.067,7.553,19.958,7.634,37.163,60.358,99.588,300
uav0000297_02761_v,1904x1072,109,2.265,7.594,20.006,8.035,37.622,60.872,100.759,300
uav0000297_02761_v,1904x1072,110,1.97,7.5,20.001,7.784,37.328,60.66,99.958,300
uav0000297_02761_v,1904x1072,111,1.914,7.419,20.025,7.72,37.206,61.882,101.002,300
uav0000297_02761_v,1904x1072,112,2.079,7.476,19.972,7.625,37.088,60.724,99.891,300
uav0000297_02761_v,1904x1072,113,1.966,7.489,19.964,7.631,37.105,61.579,100.651,300
uav0000297_02761_v,1904x1072,114,2.021,7.54,19.997,7.571,37.103,61.825,100.949,300
uav0000297_02761_v,1904x1072,115,2.307,7.527,19.96,7.755,37.218,61.667,101.191,300
uav0000297_02761_v,1904x1072,116,2.017,7.504,19.989,7.762,37.29,61.474,100.781,300
uav0000297_02761_v,1904x1072,117,2.231,7.529,20.037,7.536,37.231,62.063,101.525,300
uav0000297_02761_v,1904x1072,118,2.005,8.188,20.181,7.767,38.188,61.046,101.239,300
uav0000297_02761_v,1904x1072,119,1.947,7.519,20.01,7.578,37.158,61.615,100.721,300
uav0000297_02761_v,1904x1072,120,2.103,7.529,19.953,7.467,37.055,61.573,100.731,300
uav0000297_02761_v,1904x1072,121,1.961,7.516,19.961,7.538,37.058,61.624,100.643,300
uav0000297_02761_v,1904x1072,122,2.008,7.528,19.98,7.687,37.303,62.218,101.529,300
uav0000297_02761_v,1904x1072,123,2.062,7.509,20.006,7.657,37.227,62.128,101.418,300
uav0000297_02761_v,1904x1072,124,2.007,7.506,19.959,7.572,36.987,62.227,101.222,300
uav0000297_02761_v,1904x1072,125,1.987,7.502,20.059,7.99,37.673,61.334,100.994,300
uav0000297_02761_v,1904x1072,126,1.965,7.61,19.974,7.73,37.326,61.152,100.443,300
uav0000297_02761_v,1904x1072,127,2.001,7.449,20.023,7.623,37.173,61.238,100.412,300
uav0000297_02761_v,1904x1072,128,1.859,7.512,19.995,7.453,37.574,62.691,102.123,300
uav0000297_02761_v,1904x1072,129,1.978,7.423,20.026,8.334,37.998,61.738,101.714,300
uav0000297_02761_v,1904x1072,130,2.04,7.533,19.968,7.892,37.364,61.307,100.711,300
uav0000297_02761_v,1904x1072,131,2.059,7.498,19.97,7.578,37.011,61.679,100.749,300
uav0000297_02761_v,1904x1072,132,2.055,7.589,20.013,7.858,37.59,61.594,101.239,300
uav0000297_02761_v,1904x1072,133,1.974,7.514,20.032,7.999,37.526,61.026,100.526,300
uav0000297_02761_v,1904x1072,134,1.992,7.482,20.034,6.98,36.375,62.394,100.76,300
uav0000297_02761_v,1904x1072,135,2.087,7.497,19.989,7.493,36.971,61.476,100.534,300
uav0000297_02761_v,1904x1072,136,2.011,7.501,19.959,7.568,37.0,61.732,100.743,300
uav0000297_02761_v,1904x1072,137,2.008,7.509,20.186,8.146,38.035,61.868,101.911,300
uav0000297_02761_v,1904x1072,138,2.282,7.47,19.951,8.004,37.408,60.619,100.309,300
uav0000297_02761_v,1904x1072,139,2.138,7.498,19.986,7.708,37.183,61.121,100.442,300
uav0000297_02761_v,1904x1072,140,2.03,7.516,19.976,7.695,37.18,61.198,100.408,300
uav0000297_02761_v,1904x1072,141,1.99,7.457,20.073,8.02,37.751,62.096,101.837,300
uav0000297_02761_v,1904x1072,142,2.028,7.544,20.014,7.942,37.575,61.436,101.04,300
uav0000297_02761_v,1904x1072,143,2.073,7.523,19.995,7.7,37.182,61.494,100.749,300
uav0000297_02761_v,1904x1072,144,2.02,7.522,20.027,7.6,37.123,61.09,100.233,300
uav0000297_02761_v,1904x1072,145,2.012,7.499,20.004,7.518,36.968,60.389,99.369,300
uav0000297_02761_v,1904x1072,146,1.998,7.469,19.986,7.561,36.954,60.558,99.51,300
uav0000297_02761_v,1904x1072,147,2.089,7.467,19.946,7.602,36.984,60.833,99.906,300
uav0000297_02761_v,1904x1072,148,2.053,8.109,20.186,7.818,38.103,60.362,100.519,300
uav0000297_02761_v,1904x1072,149,2.01,7.519,19.993,7.682,37.135,60.299,99.444,300
uav0000297_02761_v,1904x1072,150,2.029,7.45,19.984,7.708,37.201,60.116,99.347,300
uav0000297_02761_v,1904x1072,151,2.008,7.486,19.973,7.68,37.175,60.732,99.915,300
uav0000297_02761_v,1904x1072,152,1.994,7.412,19.998,7.496,36.998,60.813,99.805,300
uav0000297_02761_v,1904x1072,153,1.978,7.46,20.161,7.575,37.289,60.475,99.742,300
uav0000297_02761_v,1904x1072,154,1.982,8.138,19.949,7.535,37.603,60.767,100.352,300
uav0000297_02761_v,1904x1072,155,2.073,7.493,19.971,7.495,36.993,61.211,100.278,300
uav0000297_02761_v,1904x1072,156,2.051,7.504,19.96,7.457,36.912,61.286,100.249,300
uav0000297_02761_v,1904x1072,157,2.045,7.457,20.007,7.872,37.267,61.338,100.649,300
uav0000297_02761_v,1904x1072,158,2.063,7.509,19.967,7.489,36.938,61.874,100.875,300
uav0000297_02761_v,1904x1072,159,2.408,7.582,20.047,7.6,37.214,64.039,103.661,300
uav0000297_02761_v,1904x1072,160,2.016,7.595,20.007,7.759,37.553,62.19,101.759,300
uav0000297_02761_v,1904x1072,161,1.895,7.886,20.191,7.679,37.78,61.487,101.161,300
uav0000297_02761_v,1904x1072,162,2.038,7.477,19.971,7.518,36.949,61.796,100.783,300
uav0000297_02761_v,1904x1072,163,2.092,7.541,19.969,7.662,37.313,62.836,102.241,300
uav0000297_02761_v,1904x1072,164,2.108,7.499,19.998,7.502,37.032,63.454,102.593,300
uav0000297_02761_v,1904x1072,165,1.963,7.515,19.976,7.694,37.189,62.354,101.506,300
uav0000297_02761_v,1904x1072,166,2.003,7.892,20.176,7.848,37.864,62.576,102.443,300
uav0000297_02761_v,1904x1072,167,1.956,8.215,20.224,7.778,38.202,62.735,102.893,300
uav0000297_02761_v,1904x1072,168,2.13,7.462,19.955,7.726,37.325,63.302,102.757,300
uav0000297_02761_v,1904x1072,169,1.99,7.413,19.966,7.758,37.097,63.228,102.315,300
uav0000297_02761_v,1904x1072,170,2.398,7.478,20.02,7.317,36.741,64.4,103.539,300
uav0000297_02761_v,1904x1072,171,2.242,7.488,20.009,7.48,36.995,63.319,102.556,300
uav0000297_02761_v,1904x1072,172,2.035,8.132,20.144,7.939,38.189,63.439,103.664,300
uav0000297_02761_v,1904x1072,173,1.892,7.426,19.996,7.804,37.18,63.253,102.325,300
uav0000297_02761_v,1904x1072,174,1.973,7.368,20.033,8.008,37.42,63.628,103.021,300
uav0000297_02761_v,1904x1072,175,1.953,7.412,19.991,7.895,37.333,63.68,102.966,300
uav0000297_02761_v,1904x1072,176,2.029,7.383,19.982,7.842,37.166,64.301,103.497,300
uav0000297_02761_v,1904x1072,177,1.953,7.427,20.001,7.962,37.391,64.53,103.873,300
uav0000297_02761_v,1904x1072,178,1.973,7.427,20.025,7.714,37.153,64.577,103.703,300
uav0000297_02761_v,1904x1072,179,2.107,7.455,19.985,7.727,37.12,64.668,103.894,300
uav0000297_02761_v,1904x1072,180,2.248,7.514,20.018,7.755,37.305,64.819,104.372,300
uav0000297_02761_v,1904x1072,181,2.121,7.462,20.05,8.053,37.754,65.482,105.357,300
uav0000297_02761_v,1904x1072,182,2.002,7.562,20.011,8.094,37.769,64.651,104.422,300
uav0000297_02761_v,1904x1072,183,2.151,7.467,20.038,7.929,37.562,65.29,105.003,300
uav0000297_02761_v,1904x1072,184,2.241,8.101,20.225,8.362,39.682,67.221,109.145,300
uav0000297_02761_v,1904x1072,185,1.987,7.333,20.028,8.43,37.75,63.514,103.25,300
uav0000297_02761_v,1904x1072,186,1.912,7.362,19.995,7.726,37.077,63.564,102.552,300
uav0000297_02761_v,1904x1072,187,2.119,7.424,19.988,7.745,37.239,63.539,102.897,300
uav0000297_02761_v,1904x1072,188,1.977,7.505,19.999,7.82,37.354,63.964,103.295,300
uav0000297_02761_v,1904x1072,189,1.916,7.473,20.052,8.02,37.716,64.008,103.64,300
uav0000297_02761_v,1904x1072,190,2.146,8.125,20.207,8.214,38.541,63.344,104.03,300
uav0000297_02761_v,1904x1072,191,1.959,7.453,20.005,8.028,37.629,64.005,103.593,300
uav0000297_02761_v,1904x1072,192,2.109,7.425,20.022,7.858,37.284,64.195,103.588,300
uav0000297_02761_v,1904x1072,193,1.878,7.482,20.023,7.951,37.608,68.477,107.962,300
uav0000297_02761_v,1904x1072,194,2.03,7.491,20.007,7.879,37.521,64.36,103.911,300
uav0000297_02761_v,1904x1072,195,1.988,7.465,19.977,7.756,37.165,63.705,102.858,300
uav0000297_02761_v,1904x1072,196,2.307,8.007,20.139,8.195,38.33,62.85,103.487,300
uav0000297_02761_v,1904x1072,197,1.919,7.514,20.048,8.186,37.786,63.647,103.352,300
uav0000297_02761_v,1904x1072,198,2.107,7.457,20.026,7.932,37.456,65.791,105.354,300
uav0000297_02761_v,1904x1072,199,2.097,7.438,20.002,8.175,37.643,63.874,103.614,300
uav0000297_02761_v,1904x1072,200,2.075,7.452,20.019,8.144,37.638,64.47,104.184,300
uav0000297_02761_v,1904x1072,201,1.98,7.409,19.97,7.859,37.252,64.156,103.388,300
uav0000297_02761_v,1904x1072,202,2.08,8.06,20.156,8.434,38.622,64.453,105.154,300
uav0000297_02761_v,1904x1072,203,1.998,7.423,19.993,7.88,37.232,63.838,103.069,300
uav0000297_02761_v,1904x1072,204,2.143,7.407,20.007,8.054,37.483,63.982,103.608,300
uav0000297_02761_v,1904x1072,205,2.01,7.407,20.03,8.006,37.433,64.039,103.482,300
uav0000297_02761_v,1904x1072,206,2.036,7.49,20.053,8.26,37.846,63.829,103.711,300
uav0000297_02761_v,1904x1072,207,1.97,7.43,19.963,7.129,36.378,65.104,103.452,300
uav0000297_02761_v,1904x1072,208,2.04,7.483,19.995,8.065,37.544,64.843,104.428,300
uav0000297_02761_v,1904x1072,209,1.917,7.52,20.084,7.422,36.917,64.478,103.312,300
uav0000297_02761_v,1904x1072,210,2.012,7.529,20.022,8.121,37.718,63.483,103.212,300
uav0000297_02761_v,1904x1072,211,2.004,7.476,20.027,8.128,37.791,64.216,104.011,300
uav0000297_02761_v,1904x1072,212,1.99,7.449,20.027,8.217,37.857,65.086,104.932,300
uav0000297_02761_v,1904x1072,213,1.988,7.376,20.024,8.213,37.638,64.755,104.38,300
uav0000297_02761_v,1904x1072,214,2.065,7.312,19.934,7.33,36.501,65.068,103.635,300
uav0000297_02761_v,1904x1072,215,2.031,7.501,20.286,7.352,37.014,65.405,104.45,300
uav0000297_02761_v,1904x1072,216,2.0,7.336,19.999,7.402,36.573,65.888,104.462,300
uav0000297_02761_v,1904x1072,217,1.988,7.395,20.018,7.994,37.426,66.021,105.435,300
uav0000297_02761_v,1904x1072,218,2.02,7.421,19.995,8.169,37.761,64.78,104.561,300
uav0000297_02761_v,1904x1072,219,1.942,8.077,19.975,8.155,38.235,64.749,104.926,300
uav0000297_02761_v,1904x1072,220,1.968,7.487,19.99,8.131,37.687,66.047,105.702,300
uav0000297_02761_v,1904x1072,221,1.99,7.424,20.019,7.994,37.41,66.4,105.799,300
uav0000297_02761_v,1904x1072,222,1.996,7.348,19.981,8.277,37.66,69.041,108.697,300
uav0000297_02761_v,1904x1072,223,2.106,7.432,20.012,7.855,37.331,67.09,106.527,300
uav0000297_02761_v,1904x1072,224,1.962,7.382,19.996,8.218,37.823,66.047,105.832,300
uav0000297_02761_v,1904x1072,225,2.053,7.403,19.992,8.263,37.629,66.859,106.541,300
uav0000297_02761_v,1904x1072,226,1.951,7.476,19.983,8.274,37.718,67.047,106.716,300
uav0000297_02761_v,1904x1072,227,2.001,7.438,19.969,8.004,37.99,71.225,111.216,300
uav0000297_02761_v,1904x1072,228,1.999,7.471,19.996,8.511,37.949,66.806,106.754,300
uav0000297_02761_v,1904x1072,229,2.049,7.453,19.998,7.818,37.341,67.018,106.408,300
uav0000297_02761_v,1904x1072,230,1.964,7.389,19.981,8.273,37.82,67.261,107.045,300
uav0000297_02761_v,1904x1072,231,1.983,7.457,19.971,7.779,37.177,68.217,107.377,300
uav0000297_02761_v,1904x1072,232,2.013,7.446,19.93,7.689,37.04,67.937,106.989,300
uav0000297_02761_v,1904x1072,233,2.063,7.408,19.977,7.796,37.269,68.247,107.579,300
uav0000297_02761_v,1904x1072,234,2.061,7.462,20.045,7.45,36.836,69.302,108.2,300
uav0000297_02761_v,1904x1072,235,2.269,7.399,19.999,7.872,37.301,68.308,107.879,300
uav0000297_02761_v,1904x1072,236,2.126,7.423,19.958,7.703,37.086,68.759,107.971,300
uav0000297_02761_v,1904x1072,237,1.826,7.373,20.019,7.363,36.667,69.321,107.814,300
uav0000297_02761_v,1904x1072,238,1.993,8.094,20.171,8.016,38.336,68.044,108.373,300
uav0000297_02761_v,1904x1072,239,2.024,7.41,19.988,7.743,37.206,67.389,106.62,300
uav0000297_02761_v,1904x1072,240,2.048,7.575,19.956,7.804,37.352,67.092,106.492,300
uav0000297_02761_v,1904x1072,241,2.03,7.429,19.97,7.857,37.215,68.433,107.678,300
uav0000297_02761_v,1904x1072,242,1.963,7.43,19.979,7.601,36.974,67.15,106.088,300
uav0000297_02761_v,1904x1072,243,1.985,7.434,19.993,7.204,36.486,67.386,105.856,300
uav0000297_02761_v,1904x1072,244,2.113,7.737,19.952,7.83,37.491,67.232,106.837,300
uav0000297_02761_v,1904x1072,245,1.954,7.426,19.961,7.84,37.207,67.575,106.736,300
uav0000297_02761_v,1904x1072,246,1.975,7.456,19.981,7.345,36.568,68.611,107.154,300
uav0000297_02761_v,1904x1072,247,1.968,7.495,19.984,8.388,38.042,67.199,107.209,300
uav0000297_02761_v,1904x1072,248,1.976,7.493,19.965,7.936,37.565,67.463,107.003,300
uav0000297_02761_v,1904x1072,249,2.041,7.6,19.953,7.708,37.246,66.405,105.692,300
uav0000297_02761_v,1904x1072,250,1.832,7.499,19.961,7.206,36.435,66.408,104.675,300
uav0000297_02761_v,1904x1072,251,1.972,7.531,19.976,8.081,37.564,66.348,105.884,300
uav0000297_02761_v,1904x1072,252,2.163,7.486,19.971,7.612,37.033,66.484,105.68,300
uav0000297_02761_v,1904x1072,253,2.266,7.535,20.001,7.041,36.37,67.683,106.32,300
uav0000297_02761_v,1904x1072,254,2.024,7.47,20.007,7.454,36.959,67.069,106.052,300
uav0000297_02761_v,1904x1072,255,1.889,7.464,20.0,7.587,37.106,67.614,106.608,300
uav0000297_02761_v,1904x1072,256,1.85,7.481,20.062,7.82,37.531,66.881,106.262,300
uav0000297_02761_v,1904x1072,257,2.01,7.444,19.955,7.332,36.811,66.056,104.878,300
uav0000297_02761_v,1904x1072,258,2.041,7.581,20.075,7.49,37.154,66.469,105.664,300
uav0000297_02761_v,1904x1072,259,1.981,7.527,20.055,7.007,36.389,67.149,105.519,300
uav0000297_02761_v,1904x1072,260,2.124,7.392,20.012,7.64,37.031,71.382,110.537,300
uav0000297_02761_v,1904x1072,261,1.961,7.43,19.976,6.901,36.151,68.147,106.259,300
uav0000297_02761_v,1904x1072,262,2.003,7.444,20.224,7.79,37.463,67.572,107.037,300
uav0000297_02761_v,1904x1072,263,1.948,7.909,20.213,7.781,38.067,67.084,107.1,300
uav0000297_02761_v,1904x1072,264,2.349,7.405,19.96,7.901,37.235,65.67,105.253,300
uav0000297_02761_v,1904x1072,265,2.058,7.344,19.979,7.639,36.934,66.472,105.464,300
uav0000297_02761_v,1904x1072,266,2.099,7.508,19.986,7.842,37.364,66.082,105.545,300
uav0000297_02761_v,1904x1072,267,1.948,8.058,19.967,7.548,37.495,66.433,105.876,300
uav0000297_02761_v,1904x1072,268,2.109,7.454,20.01,7.751,37.362,66.937,106.408,300
uav0000297_02761_v,1904x1072,269,2.002,7.377,19.973,7.785,37.117,67.073,106.192,300
uav0000297_02761_v,1904x1072,270,1.98,7.548,20.024,7.86,37.486,66.649,106.116,300
uav0000297_02761_v,1904x1072,271,1.955,7.39,20.036,7.684,37.204,68.51,107.669,300
uav0000297_02761_v,1904x1072,272,2.074,7.48,20.038,7.658,37.19,69.295,108.559,300
uav0000297_02761_v,1904x1072,273,2.006,7.422,20.032,7.364,36.803,67.87,106.68,300
uav0000297_02761_v,1904x1072,274,1.968,7.303,19.946,7.624,36.888,67.188,106.043,300
uav0000297_02761_v,1904x1072,275,1.89,7.391,20.024,7.716,37.266,66.973,106.129,300
uav0000297_02761_v,1904x1072,276,2.116,7.413,20.006,7.439,36.843,65.637,104.596,300
uav0000297_02761_v,1904x1072,277,2.122,7.413,19.998,7.522,36.902,66.726,105.749,300
uav0000297_02761_v,1904x1072,278,2.0,7.41,20.012,7.546,36.985,65.793,104.777,300
uav0000297_02761_v,1904x1072,279,1.891,7.452,20.038,7.033,36.407,70.507,108.804,300
uav0000297_02761_v,1904x1072,280,2.036,7.404,20.023,7.413,36.888,65.942,104.866,300
uav0000297_02761_v,1904x1072,281,1.951,7.397,20.009,7.518,36.89,66.144,104.985,300
uav0000297_02761_v,1904x1072,282,2.182,7.425,19.996,7.551,36.957,65.56,104.699,300
uav0000297_02761_v,1904x1072,283,1.893,7.422,20.002,7.085,36.348,66.496,104.738,300
uav0000297_02761_v,1904x1072,284,2.039,7.376,20.005,7.326,36.813,69.708,108.56,300
uav0000297_02761_v,1904x1072,285,2.099,7.37,19.977,7.651,36.995,67.325,106.419,300
uav0000297_02761_v,1904x1072,286,1.969,7.432,20.038,7.634,37.197,67.242,106.408,300
uav0000297_02761_v,1904x1072,287,1.93,7.364,20.035,7.574,37.116,66.731,105.777,300
uav0000297_02761_v,1904x1072,288,2.07,7.517,19.992,7.479,37.107,66.643,105.819,300
uav0000297_02761_v,1904x1072,289,2.279,7.408,20.0,7.691,37.233,67.162,106.675,300
uav0000297_02761_v,1904x1072,290,2.082,7.49,20.011,7.575,37.089,66.49,105.661,300
uav0000297_02761_v,1904x1072,291,1.948,7.475,20.319,8.252,38.258,66.158,106.363,300
uav0000297_02761_v,1904x1072,292,2.02,8.811,20.188,8.415,39.651,67.842,109.513,300
uav0000297_02761_v,1904x1072,293,1.991,8.104,20.004,7.932,38.088,68.586,108.666,300
uav0000297_02761_v,1904x1072,294,2.076,7.448,19.981,7.664,37.117,68.246,107.439,300
uav0000297_02761_v,1904x1072,295,1.929,7.462,19.995,8.042,37.701,68.295,107.924,300
uav0000297_02761_v,1904x1072,296,2.044,7.343,20.014,8.025,37.582,67.382,107.008,300
uav0000297_02761_v,1904x1072,297,1.994,7.386,19.992,7.791,37.107,67.183,106.284,300
uav0000297_02761_v,1904x1072,298,1.96,7.305,20.153,7.62,37.248,72.574,111.781,300
uav0000297_02761_v,1904x1072,299,1.886,7.424,20.026,7.047,36.341,69.519,107.746,300
uav0000297_02761_v,1904x1072,300,2.014,7.343,20.014,7.041,36.222,70.121,108.357,300
uav0000297_02761_v,1904x1072,301,2.407,7.404,19.978,7.647,37.029,68.861,108.297,300
uav0000297_02761_v,1904x1072,302,2.03,7.402,19.993,7.611,36.998,68.013,107.041,300
uav0000297_02761_v,1904x1072,303,1.908,7.338,19.999,7.197,36.381,67.935,106.223,300
uav0000297_02761_v,1904x1072,304,1.986,7.375,19.971,7.752,37.079,67.249,106.315,300
uav0000297_02761_v,1904x1072,305,2.004,7.398,19.987,7.718,37.117,67.851,106.973,300
uav0000297_02761_v,1904x1072,306,2.005,7.43,19.981,7.302,36.521,68.844,107.371,300
uav0000297_02761_v,1904x1072,307,1.981,7.404,20.002,7.99,37.562,67.746,107.289,300
uav0000297_02761_v,1904x1072,308,1.777,7.362,20.031,7.83,37.22,67.112,106.109,300
uav0000297_02761_v,1904x1072,309,2.082,7.41,19.973,7.955,37.477,66.59,106.149,300
uav0000297_02761_v,1904x1072,310,1.795,7.466,19.983,7.897,37.505,66.047,105.347,300
uav0000297_02761_v,1904x1072,311,1.993,7.519,20.102,8.254,37.899,67.565,107.457,300
uav0000297_02761_v,1904x1072,312,1.96,7.375,19.973,7.187,36.301,68.516,106.776,300
uav0000297_02761_v,1904x1072,313,1.804,7.435,20.003,7.919,37.524,67.212,106.541,300
uav0000297_02761_v,1904x1072,314,2.038,7.434,20.014,7.88,37.39,66.488,105.916,300
uav0000297_02761_v,1904x1072,315,1.98,7.37,19.998,8.121,38.746,67.498,108.224,300
uav0000297_02761_v,1904x1072,316,2.158,7.456,19.965,7.292,36.537,67.923,106.617,300
uav0000297_02761_v,1904x1072,317,1.95,7.412,20.168,7.84,37.415,69.609,108.974,300
uav0000297_02761_v,1904x1072,318,2.204,7.472,19.984,8.025,37.528,67.367,107.099,300
uav0000297_02761_v,1904x1072,319,1.95,7.39,19.976,7.942,37.275,71.626,110.851,300
uav0000297_02761_v,1904x1072,320,2.063,7.389,19.959,7.759,37.137,68.19,107.39,300
uav0000297_02761_v,1904x1072,321,2.063,8.269,20.179,7.919,38.513,68.363,108.939,300
uav0000297_02761_v,1904x1072,322,2.027,7.405,19.973,7.98,37.336,66.984,106.347,300
uav0000297_02761_v,1904x1072,323,1.915,8.197,20.228,7.856,38.34,67.514,107.769,300
uav0000297_02761_v,1904x1072,324,1.998,7.493,20.041,8.02,37.664,67.986,107.648,300
uav0000297_02761_v,1904x1072,325,2.015,7.601,19.971,7.254,36.631,69.198,107.844,300
uav0000297_02761_v,1904x1072,326,1.989,8.18,20.196,7.979,38.388,69.544,109.921,300
uav0000297_02761_v,1904x1072,327,1.99,7.416,19.988,7.741,37.202,69.088,108.279,300
uav0000297_02761_v,1904x1072,328,2.055,7.769,19.971,7.849,37.591,69.411,109.057,300
uav0000297_02761_v,1904x1072,329,1.999,7.37,19.993,8.076,37.671,69.599,109.269,300
uav0000297_02761_v,1904x1072,330,2.02,7.377,19.996,7.252,36.565,69.49,108.074,300
uav0000297_02761_v,1904x1072,331,1.853,7.348,20.013,7.522,36.817,71.382,110.052,300
uav0000297_02761_v,1904x1072,332,1.917,7.436,19.96,8.063,37.617,69.268,108.802,300
uav0000297_02761_v,1904x1072,333,1.961,7.453,19.946,7.936,37.35,67.562,106.873,300
uav0000297_02761_v,1904x1072,334,1.956,7.388,19.967,8.033,37.357,66.97,106.283,300
uav0000297_02761_v,1904x1072,335,1.906,7.375,19.941,8.207,37.54,66.911,106.357,300
uav0000297_02761_v,1904x1072,336,2.165,7.444,20.012,8.374,37.845,67.252,107.263,300
uav0000297_02761_v,1904x1072,337,1.934,7.439,19.994,8.229,37.83,67.616,107.38,300
uav0000297_02761_v,1904x1072,338,2.071,7.396,19.987,8.087,37.466,67.55,107.087,300
uav0000297_02761_v,1904x1072,339,2.086,7.383,19.966,8.103,37.508,67.533,107.127,300
uav0000297_02761_v,1904x1072,340,1.983,7.444,20.012,8.191,37.709,68.837,108.53,300
uav0000297_02761_v,1904x1072,341,1.94,7.443,19.977,7.969,37.399,67.865,107.203,300
uav0000297_02761_v,1904x1072,342,2.038,7.5,20.036,7.38,36.837,68.245,107.12,300
uav0000297_02761_v,1904x1072,343,2.274,7.495,20.218,8.403,38.069,66.814,107.157,300
uav0000297_02761_v,1904x1072,344,2.221,8.036,20.186,8.6,38.874,68.214,109.309,300
uav0000297_02761_v,1904x1072,345,1.975,8.183,20.197,8.204,38.664,69.442,110.082,300
uav0000297_02761_v,1904x1072,346,1.99,8.141,20.228,8.212,38.789,68.158,108.937,300
uav0000297_02761_v,1904x1072,347,1.867,7.375,20.015,8.474,38.02,68.162,108.048,300
uav0000297_02761_v,1904x1072,348,1.985,7.429,20.024,8.331,37.783,68.508,108.276,300
uav0000297_02761_v,1904x1072,349,1.96,7.408,20.018,8.075,37.533,68.066,107.559,300
uav0000297_02761_v,1904x1072,350,1.943,7.31,20.007,8.286,37.804,68.992,108.739,300
uav0000297_02761_v,1904x1072,351,1.879,7.441,20.02,8.442,37.92,67.786,107.584,300
uav0000297_02761_v,1904x1072,352,1.909,7.453,20.01,7.627,36.878,69.684,108.47,300
uav0000297_02761_v,1904x1072,353,1.911,7.932,19.956,8.066,38.008,68.904,108.823,300
uav0000297_02761_v,1904x1072,354,2.05,7.389,20.0,8.072,37.474,70.037,109.561,300
uav0000297_02761_v,1904x1072,355,2.004,7.423,20.044,8.204,37.802,69.343,109.149,300
uav0000297_02761_v,1904x1072,356,1.902,7.388,20.17,8.528,38.144,68.949,108.994,300
uav0000297_02761_v,1904x1072,357,1.963,8.005,20.182,8.108,38.505,69.158,109.627,300
uav0000297_02761_v,1904x1072,358,1.974,7.406,20.001,8.492,38.125,68.252,108.352,300
uav0000297_02761_v,1904x1072,359,1.88,8.112,20.209,8.557,38.829,69.524,110.233,300
uav0000297_02761_v,1904x1072,360,2.054,7.382,20.018,8.115,37.51,67.27,106.833,300
uav0000297_02761_v,1904x1072,361,1.982,7.423,20.003,8.048,37.552,67.536,107.07,300
uav0000297_02761_v,1904x1072,362,1.985,7.405,19.993,8.093,37.51,68.059,107.554,300
uav0000297_02761_v,1904x1072,363,1.925,7.416,20.034,8.468,38.132,67.93,107.986,300
uav0000297_02761_v,1904x1072,364,1.966,7.342,20.015,8.241,37.767,67.571,107.305,300
uav0000297_02761_v,1904x1072,365,1.942,7.414,20.016,7.988,37.412,67.399,106.753,300
uav0000297_02761_v,1904x1072,366,2.058,7.363,20.001,7.805,37.124,67.555,106.737,300
uav0000297_02761_v,1904x1072,367,1.9,7.897,20.202,8.06,38.176,67.207,107.283,300
uav0000297_02761_v,1904x1072,368,1.856,7.371,19.994,8.385,37.92,69.361,109.137,300
uav0000297_02761_v,1904x1072,369,1.806,7.409,20.011,7.279,36.561,68.913,107.28,300
uav0000297_02761_v,1904x1072,370,1.876,7.383,20.18,8.267,37.859,67.602,107.337,300
uav0000297_02761_v,1904x1072,371,1.874,7.297,20.189,8.232,37.713,68.675,108.262,300
uav0000297_02761_v,1904x1072,372,2.185,8.025,20.163,8.251,38.46,69.569,110.214,300
uav0000297_02761_v,1904x1072,373,2.227,7.997,20.188,8.453,38.842,71.549,112.619,300
uav0000306_00230_v,680x382,1,21.716,12.27,20.511,4.492,39.046,14.519,75.281,300
uav0000306_00230_v,680x382,2,0.968,9.484,19.978,5.284,36.611,23.662,61.241,300
uav0000306_00230_v,680x382,3,0.803,9.434,20.937,6.271,38.495,26.18,65.479,300
uav0000306_00230_v,680x382,4,1.036,10.294,21.94,6.276,40.577,26.567,68.181,300
uav0000306_00230_v,680x382,5,1.474,10.898,23.451,6.576,43.056,28.526,73.055,300
uav0000306_00230_v,680x382,6,1.282,10.893,22.928,6.65,42.649,31.107,75.039,300
uav0000306_00230_v,680x382,7,0.89,12.643,25.001,6.691,46.682,31.495,79.067,300
uav0000306_00230_v,680x382,8,1.061,10.488,23.544,6.587,43.022,32.404,76.487,300
uav0000306_00230_v,680x382,9,1.121,10.471,23.069,6.443,42.474,31.161,74.756,300
uav0000306_00230_v,680x382,10,1.273,10.432,23.004,6.832,42.774,31.635,75.682,300
uav0000306_00230_v,680x382,11,1.061,10.353,23.046,7.148,42.987,31.702,75.75,300
uav0000306_00230_v,680x382,12,1.126,12.3,25.008,6.691,46.241,33.425,80.792,300
uav0000306_00230_v,680x382,13,0.992,10.504,22.717,5.772,40.878,32.695,74.565,300
uav0000306_00230_v,680x382,14,1.1,12.253,25.046,6.79,46.336,33.935,81.371,300
uav0000306_00230_v,680x382,15,1.231,10.264,22.918,6.854,42.408,32.944,76.583,300
uav0000306_00230_v,680x382,16,1.087,10.384,23.093,6.549,42.357,32.863,76.307,300
uav0000306_00230_v,680x382,17,1.293,11.169,23.258,6.919,43.543,32.281,77.118,300
uav0000306_00230_v,680x382,18,1.105,12.303,25.014,6.813,46.289,33.018,80.412,300
uav0000306_00230_v,680x382,19,1.076,10.425,22.963,6.72,42.356,32.709,76.142,300
uav0000306_00230_v,680x382,20,0.723,10.255,23.069,6.649,41.941,32.581,75.245,300
uav0000306_00230_v,680x382,21,1.162,10.463,23.276,6.988,42.944,31.865,75.971,300
uav0000306_00230_v,680x382,22,1.308,10.275,23.027,6.819,42.316,32.687,76.311,300
uav0000306_00230_v,680x382,23,1.375,10.289,22.986,6.92,42.343,32.049,75.767,300
uav0000306_00230_v,680x382,24,1.126,10.587,23.065,6.621,42.437,32.139,75.702,300
uav0000306_00230_v,680x382,25,1.297,10.351,23.046,6.773,42.314,31.683,75.294,300
uav0000306_00230_v,680x382,26,0.987,12.532,25.322,6.774,46.726,33.338,81.05,300
uav0000306_00230_v,680x382,27,1.5,12.916,25.365,6.598,47.311,32.417,81.228,300
uav0000306_00230_v,680x382,28,1.493,10.731,23.046,6.615,42.753,32.377,76.622,300
uav0000306_00230_v,680x382,29,1.137,10.451,23.06,6.448,42.287,32.207,75.632,300
uav0000306_00230_v,680x382,30,1.516,10.469,22.852,6.421,42.104,31.444,75.065,300
uav0000306_00230_v,680x382,31,1.123,10.267,22.963,6.658,42.246,30.846,74.216,300
uav0000306_00230_v,680x382,32,1.055,10.462,23.039,6.308,42.116,31.108,74.279,300
uav0000306_00230_v,680x382,33,1.188,10.653,21.714,6.153,40.699,30.791,72.678,300
uav0000306_00230_v,680x382,34,1.059,11.16,23.377,7.146,43.846,31.296,76.202,300
uav0000306_00230_v,680x382,35,1.349,12.424,25.029,6.473,46.231,30.632,78.212,300
uav0000306_00230_v,680x382,36,1.204,12.429,25.047,7.079,47.014,32.203,80.421,300
uav0000306_00230_v,680x382,37,1.071,10.412,23.551,6.452,42.76,31.955,75.787,300
uav0000306_00230_v,680x382,38,1.017,10.44,22.983,6.834,42.636,31.858,75.511,300
uav0000306_00230_v,680x382,39,1.169,10.361,23.554,6.404,42.653,32.913,76.736,297
uav0000306_00230_v,680x382,40,1.185,13.131,25.251,6.708,47.508,31.607,80.3,300
uav0000306_00230_v,680x382,41,1.177,12.466,25.058,6.431,46.329,31.016,78.522,300
uav0000306_00230_v,680x382,42,1.097,12.493,25.022,6.887,46.818,31.222,79.136,300
uav0000306_00230_v,680x382,43,1.057,12.633,25.038,6.731,46.611,32.043,79.711,300
uav0000306_00230_v,680x382,44,1.221,12.435,25.053,6.787,46.503,32.527,80.251,300
uav0000306_00230_v,680x382,45,1.188,12.366,25.004,6.666,46.235,32.03,79.453,300
uav0000306_00230_v,680x382,46,1.114,12.354,23.24,6.41,44.254,31.657,77.025,300
uav0000306_00230_v,680x382,47,1.424,10.307,22.929,6.8,42.4,31.673,75.498,300
uav0000306_00230_v,680x382,48,1.362,10.435,23.112,6.579,42.295,32.388,76.046,300
uav0000306_00230_v,680x382,49,0.989,10.486,21.182,6.431,40.424,31.304,72.717,300
uav0000306_00230_v,680x382,50,1.151,10.339,22.019,6.468,40.989,30.623,72.762,299
uav0000306_00230_v,680x382,51,1.198,10.665,23.054,6.316,42.369,31.312,74.879,294
uav0000306_00230_v,680x382,52,0.908,10.217,19.985,5.97,38.607,27.838,67.353,279
uav0000306_00230_v,680x382,53,0.603,10.111,19.99,5.749,38.298,30.084,68.985,287
uav0000306_00230_v,680x382,54,1.04,10.012,21.712,6.24,39.945,28.997,69.982,288
uav0000306_00230_v,680x382,55,1.154,10.237,22.648,6.225,41.364,31.558,74.076,279
uav0000306_00230_v,680x382,56,0.902,10.087,21.759,6.408,40.359,30.304,71.565,293
uav0000306_00230_v,680x382,57,1.109,12.661,25.032,6.357,46.463,31.718,79.29,300
uav0000306_00230_v,680x382,58,0.965,10.522,21.8,5.922,40.381,31.044,72.39,300
uav0000306_00230_v,680x382,59,1.147,10.332,22.503,6.543,41.539,30.232,72.918,297
uav0000306_00230_v,680x382,60,0.885,10.244,22.96,6.27,42.005,31.32,74.21,286
uav0000306_00230_v,680x382,61,1.169,10.916,22.992,6.78,43.025,31.133,75.327,300
uav0000306_00230_v,680x382,62,1.469,10.379,22.977,6.623,42.123,32.321,75.913,300
uav0000306_00230_v,680x382,63,1.204,10.362,22.494,6.225,41.313,31.208,73.724,295
uav0000306_00230_v,680x382,64,1.072,10.446,22.962,6.689,42.441,31.381,74.894,284
uav0000306_00230_v,680x382,65,1.176,10.562,22.726,6.614,42.082,31.386,74.644,294
uav0000306_00230_v,680x382,66,0.873,10.871,22.1,6.502,41.808,30.904,73.585,275
uav0000306_00230_v,680x382,67,0.996,12.973,25.066,6.555,46.967,31.472,79.435,266
uav0000306_00230_v,680x382,68,1.219,12.418,25.017,6.632,46.346,31.209,78.774,270
uav0000306_00230_v,680x382,69,1.117,12.552,24.999,5.968,45.724,31.838,78.679,277
uav0000306_00230_v,680x382,70,1.178,10.369,23.21,6.221,42.1,31.14,74.418,271
uav0000306_00230_v,680x382,71,0.911,10.208,21.844,6.247,40.587,29.828,71.325,270
uav0000306_00230_v,680x382,72,0.918,10.065,21.799,5.79,39.632,28.872,69.422,283
uav0000306_00230_v,680x382,73,1.19,10.301,22.502,6.707,41.555,30.83,73.574,292
uav0000306_00230_v,680x382,74,0.956,11.43,21.71,6.257,41.412,29.043,71.412,294
uav0000306_00230_v,680x382,75,1.466,12.447,24.989,6.268,46.13,31.346,78.943,295
uav0000306_00230_v,680x382,76,1.207,10.564,23.348,6.47,42.792,31.543,75.542,284
uav0000306_00230_v,680x382,77,1.4,10.271,22.477,7.013,42.179,32.031,75.61,293
uav0000306_00230_v,680x382,78,1.257,12.419,24.973,6.833,46.37,31.917,79.544,300
uav0000306_00230_v,680x382,79,0.961,12.373,25.061,6.673,46.293,31.791,79.045,293
uav0000306_00230_v,680x382,80,0.962,12.293,22.609,6.467,43.564,31.355,75.88,300
uav0000306_00230_v,680x382,81,1.197,10.753,22.993,6.631,42.506,30.98,74.683,283
uav0000306_00230_v,680x382,82,1.009,11.945,20.123,4.826,38.922,29.409,69.34,281
uav0000306_00230_v,680x382,83,0.899,10.315,21.312,5.621,39.052,26.706,66.658,293
uav0000306_00230_v,680x382,84,0.906,10.321,23.405,5.878,41.531,28.148,70.585,275
uav0000306_00230_v,680x382,85,0.868,12.624,21.993,5.738,42.67,28.45,71.988,287
uav0000306_00230_v,680x382,86,0.978,12.989,21.549,5.876,42.483,27.657,71.118,252
uav0000306_00230_v,680x382,87,0.999,12.658,21.913,6.412,43.088,27.24,71.327,262
uav0000306_00230_v,680x382,88,1.325,12.606,21.993,7.118,44.105,28.433,73.863,268
uav0000306_00230_v,680x382,89,1.312,13.328,25.576,6.344,47.562,30.356,79.23,261
uav0000306_00230_v,680x382,90,1.213,13.456,25.149,6.497,47.611,30.863,79.687,279
uav0000306_00230_v,680x382,91,1.348,12.331,24.976,6.344,46.088,29.861,77.297,259
uav0000306_00230_v,680x382,92,1.461,12.543,25.054,6.403,46.409,30.806,78.677,269
uav0000306_00230_v,680x382,93,1.2,12.488,24.963,6.477,46.16,32.138,79.498,300
uav0000306_00230_v,680x382,94,1.214,13.584,25.289,6.628,47.907,30.521,79.642,282
uav0000306_00230_v,680x382,95,1.238,12.45,25.014,6.716,46.413,30.541,78.192,300
uav0000306_00230_v,680x382,96,1.146,12.572,25.029,6.354,46.39,29.841,77.376,297
uav0000306_00230_v,680x382,97,0.983,12.352,25.083,5.858,45.464,29.86,76.307,279
uav0000306_00230_v,680x382,98,1.143,12.407,25.01,6.59,46.186,29.386,76.715,294
uav0000306_00230_v,680x382,99,1.007,12.428,24.997,6.941,46.727,31.07,78.804,281
uav0000306_00230_v,680x382,100,0.981,11.137,21.357,4.919,39.191,30.049,70.221,268
uav0000306_00230_v,680x382,101,1.209,12.444,25.038,6.442,46.313,30.63,78.152,295
uav0000306_00230_v,680x382,102,1.432,12.757,25.251,7.04,47.504,31.629,80.565,299
uav0000306_00230_v,680x382,103,1.204,12.476,25.072,6.849,46.876,31.067,79.147,300
uav0000306_00230_v,680x382,104,1.267,12.551,25.172,6.866,46.841,31.507,79.616,291
uav0000306_00230_v,680x382,105,1.437,12.39,24.995,6.844,46.457,30.168,78.061,294
uav0000306_00230_v,680x382,106,1.232,12.704,24.999,6.261,46.317,31.973,79.522,290
uav0000306_00230_v,680x382,107,1.155,13.023,25.37,6.494,47.361,31.137,79.653,300
uav0000306_00230_v,680x382,108,1.17,12.637,25.061,6.698,46.877,30.79,78.836,284
uav0000306_00230_v,680x382,109,1.026,12.468,25.063,6.525,46.23,29.211,76.467,275
uav0000306_00230_v,680x382,110,1.112,12.534,25.003,6.44,46.185,28.371,75.668,281
uav0000306_00230_v,680x382,111,1.169,12.306,25.103,6.525,46.144,28.473,75.787,281
uav0000306_00230_v,680x382,112,1.151,12.235,25.068,6.493,46.023,28.524,75.698,282
uav0000306_00230_v,680x382,113,1.149,12.175,23.996,6.505,45.055,27.944,74.148,265
uav0000306_00230_v,680x382,114,1.105,12.523,25.048,6.37,46.322,28.578,76.005,252
uav0000306_00230_v,680x382,115,1.101,12.604,25.042,6.425,46.426,28.53,76.057,285
uav0000306_00230_v,680x382,116,1.435,12.357,24.974,6.446,46.128,29.306,76.868,275
uav0000306_00230_v,680x382,117,1.343,12.329,25.009,5.964,45.468,29.719,76.531,263
uav0000306_00230_v,680x382,118,1.133,12.395,24.995,6.889,46.439,28.676,76.248,276
uav0000306_00230_v,680x382,119,1.202,12.367,25.299,6.79,46.639,29.805,77.646,261
uav0000306_00230_v,680x382,120,0.94,10.702,23.782,6.214,43.043,29.431,73.414,274
uav0000306_00230_v,680x382,121,1.151,12.647,25.307,6.872,47.029,28.946,77.126,266
uav0000306_00230_v,680x382,122,1.208,12.513,24.986,6.809,46.626,28.612,76.446,248
uav0000306_00230_v,680x382,123,1.062,12.38,25.08,6.748,46.615,27.468,75.145,261
uav0000306_00230_v,680x382,124,1.036,12.685,25.043,6.453,46.428,29.08,76.544,300
uav0000306_00230_v,680x382,125,1.341,12.694,25.292,6.454,46.873,27.486,75.701,300
uav0000306_00230_v,680x382,126,1.137,12.917,25.408,6.682,47.338,28.389,76.864,298
uav0000306_00230_v,680x382,127,1.123,13.229,25.048,6.526,47.254,28.673,77.05,300
uav0000306_00230_v,680x382,128,1.399,12.644,24.986,6.252,46.132,29.011,76.542,300
uav0000306_00230_v,680x382,129,1.409,12.756,25.028,6.829,46.894,28.335,76.638,288
uav0000306_00230_v,680x382,130,1.087,12.808,25.02,6.661,46.742,28.959,76.788,260
uav0000306_00230_v,680x382,131,1.319,12.907,25.046,6.383,46.777,28.833,76.929,272
uav0000306_00230_v,680x382,132,1.37,12.923,25.009,6.396,46.813,28.151,76.333,288
uav0000306_00230_v,680x382,133,1.103,12.957,23.97,6.429,45.707,27.871,74.681,291
uav0000306_00230_v,680x382,134,1.365,12.872,25.027,6.738,47.127,28.628,77.12,299
uav0000306_00230_v,680x382,135,1.391,12.791,24.987,6.493,46.759,28.202,76.352,281
uav0000306_00230_v,680x382,136,1.019,12.653,25.258,6.12,46.252,29.399,76.669,276
uav0000306_00230_v,680x382,137,1.349,12.677,25.053,6.761,46.732,29.471,77.552,284
uav0000306_00230_v,680x382,138,1.196,13.023,25.041,6.455,46.97,28.758,76.924,300
uav0000306_00230_v,680x382,139,1.1,12.8,25.039,6.474,46.75,29.517,77.367,300
uav0000306_00230_v,680x382,140,1.142,13.872,25.059,6.972,48.223,28.571,77.935,276
uav0000306_00230_v,680x382,141,1.409,13.238,25.33,6.414,47.428,28.849,77.686,287
uav0000306_00230_v,680x382,142,1.108,12.687,24.959,6.674,46.596,29.949,77.654,293
uav0000306_00230_v,680x382,143,1.4,12.945,25.002,6.454,46.888,30.174,78.462,299
uav0000306_00230_v,680x382,144,1.427,12.412,25.083,6.347,46.243,28.518,76.188,300
uav0000306_00230_v,680x382,145,1.061,12.293,24.994,6.593,46.032,28.449,75.541,300
uav0000306_00230_v,680x382,146,1.283,12.39,24.888,6.026,45.412,29.147,75.842,300
uav0000306_00230_v,680x382,147,1.369,12.417,24.989,6.522,46.136,28.086,75.591,277
uav0000306_00230_v,680x382,148,1.05,12.757,25.354,6.66,47.024,28.392,76.465,300
uav0000306_00230_v,680x382,149,1.36,12.624,25.011,6.655,46.524,29.042,76.925,300
uav0000306_00230_v,680x382,150,1.159,12.476,25.034,6.759,46.673,28.481,76.313,287
uav0000306_00230_v,680x382,151,1.047,12.429,25.057,6.769,46.762,26.98,74.788,277
uav0000306_00230_v,680x382,152,1.003,12.721,25.042,6.314,46.493,27.906,75.402,281
uav0000306_00230_v,680x382,153,1.141,12.051,22.437,7.073,43.965,28.959,74.065,299
uav0000306_00230_v,680x382,154,1.274,12.753,25.035,6.532,46.782,28.996,77.052,289
uav0000306_00230_v,680x382,155,1.138,12.751,24.981,6.466,46.656,27.829,75.624,300
uav0000306_00230_v,680x382,156,1.168,12.813,24.99,6.511,46.75,29.746,77.664,300
uav0000306_00230_v,680x382,157,1.304,12.224,25.003,6.406,46.058,28.607,75.969,298
uav0000306_00230_v,680x382,158,1.408,12.474,25.057,6.627,46.417,28.365,76.191,300
uav0000306_00230_v,680x382,159,1.186,12.434,24.996,6.582,46.209,32.185,79.58,300
uav0000306_00230_v,680x382,160,0.888,12.777,25.054,6.46,46.512,28.31,75.71,300
uav0000306_00230_v,680x382,161,1.179,12.54,25.057,6.575,46.352,28.662,76.192,282
uav0000306_00230_v,680x382,162,1.165,12.319,25.311,6.811,46.713,28.568,76.446,287
uav0000306_00230_v,680x382,163,1.009,12.496,25.282,6.743,46.927,28.623,76.559,288
uav0000306_00230_v,680x382,164,1.377,12.83,25.063,6.368,46.656,28.102,76.136,261
uav0000306_00230_v,680x382,165,1.096,12.389,25.237,6.379,46.442,28.714,76.252,286
uav0000306_00230_v,680x382,166,1.214,12.549,23.82,6.893,45.705,28.156,75.074,296
uav0000306_00230_v,680x382,167,1.114,12.235,25.065,6.902,46.673,27.985,75.773,300
uav0000306_00230_v,680x382,168,1.342,12.953,25.087,6.426,46.907,26.631,74.879,300
uav0000306_00230_v,680x382,169,1.417,12.733,25.029,6.686,46.784,27.004,75.205,300
uav0000306_00230_v,680x382,170,1.073,12.729,25.102,6.261,46.285,26.828,74.186,300
uav0000306_00230_v,680x382,171,1.202,13.243,25.374,6.475,47.606,28.912,77.72,300
uav0000306_00230_v,680x382,172,1.076,12.688,25.069,6.098,46.115,27.667,74.858,300
uav0000306_00230_v,680x382,173,0.993,11.377,23.028,6.436,43.198,27.646,71.837,300
uav0000306_00230_v,680x382,174,1.021,12.888,25.358,6.622,47.344,26.171,74.536,300
uav0000306_00230_v,680x382,175,0.943,12.581,22.509,6.31,43.726,25.573,70.242,300
uav0000306_00230_v,680x382,176,0.882,12.578,23.594,6.475,45.069,25.258,71.209,300
uav0000306_00230_v,680x382,177,1.026,12.742,25.03,6.5,46.734,26.672,74.432,293
uav0000306_00230_v,680x382,178,0.964,12.692,25.044,7.047,47.196,28.347,76.507,300
uav0000306_00230_v,680x382,179,1.179,12.849,25.021,6.675,47.084,28.409,76.672,300
uav0000306_00230_v,680x382,180,0.752,13.074,25.054,6.587,46.942,26.72,74.414,300
uav0000306_00230_v,680x382,181,1.052,12.818,25.012,7.131,47.423,27.933,76.408,300
uav0000306_00230_v,680x382,182,1.392,12.872,24.997,6.572,46.913,27.179,75.484,298
uav0000306_00230_v,680x382,183,1.374,12.996,25.05,6.497,47.042,25.934,74.35,292
uav0000306_00230_v,680x382,184,1.3,12.681,25.337,6.864,47.132,26.031,74.463,280
uav0000306_00230_v,680x382,185,1.062,13.262,25.12,6.505,47.335,26.741,75.138,300
uav0000306_00230_v,680x382,186,1.396,12.905,25.047,6.599,46.969,29.953,78.317,283
uav0000306_00230_v,680x382,187,1.393,13.134,25.053,6.8,47.263,26.905,75.561,300
uav0000306_00230_v,680x382,188,1.075,12.969,25.291,6.362,46.843,26.461,74.379,273
uav0000306_00230_v,680x382,189,1.143,12.907,25.315,6.52,47.159,27.941,76.243,288
uav0000306_00230_v,680x382,190,1.149,12.941,25.061,6.746,47.234,28.04,76.423,300
uav0000306_00230_v,680x382,191,1.127,12.741,25.011,6.491,46.704,27.865,75.695,300
uav0000306_00230_v,680x382,192,1.068,13.775,25.307,6.503,48.106,27.105,76.279,300
uav0000306_00230_v,680x382,193,1.106,12.596,23.557,6.478,45.008,27.575,73.689,286
uav0000306_00230_v,680x382,194,1.118,12.841,25.083,7.104,47.504,27.338,75.96,300
uav0000306_00230_v,680x382,195,1.114,12.645,25.02,6.696,46.626,28.178,75.918,300
uav0000306_00230_v,680x382,196,1.135,12.858,25.045,7.165,47.521,28.173,76.83,300
uav0000306_00230_v,680x382,197,1.361,12.704,25.368,6.995,47.538,28.796,77.695,300
uav0000306_00230_v,680x382,198,1.383,12.83,25.454,7.099,47.665,29.564,78.612,300
uav0000306_00230_v,680x382,199,1.157,12.786,25.008,6.374,46.651,29.302,77.109,300
uav0000306_00230_v,680x382,200,0.917,12.363,24.957,6.603,46.163,28.347,75.428,300
uav0000306_00230_v,680x382,201,1.027,12.819,25.005,6.609,46.93,28.606,76.564,300
uav0000306_00230_v,680x382,202,1.047,12.709,25.03,6.553,46.866,29.051,76.964,300
uav0000306_00230_v,680x382,203,1.108,12.754,25.027,6.78,46.879,29.585,77.572,300
uav0000306_00230_v,680x382,204,1.325,12.736,25.039,6.625,46.845,29.604,77.774,300
uav0000306_00230_v,680x382,205,1.068,12.916,25.286,7.112,47.69,29.57,78.328,300
uav0000306_00230_v,680x382,206,1.122,12.91,25.078,6.646,46.863,31.688,79.672,300
uav0000306_00230_v,680x382,207,1.226,12.874,25.091,6.507,47.002,31.214,79.442,300
uav0000306_00230_v,680x382,208,1.167,12.571,25.085,6.795,46.946,29.44,77.553,300
uav0000306_00230_v,680x382,209,1.049,12.337,24.996,6.491,46.203,30.208,77.46,300
uav0000306_00230_v,680x382,210,1.156,12.396,25.069,6.635,46.292,29.424,76.873,300
uav0000306_00230_v,680x382,211,1.141,12.524,25.04,6.932,46.949,30.81,78.9,300
uav0000306_00230_v,680x382,212,1.108,12.22,24.993,6.732,46.157,30.603,77.868,300
uav0000306_00230_v,680x382,213,0.74,11.343,23.482,5.845,42.439,30.895,74.074,300
uav0000306_00230_v,680x382,214,1.148,12.163,25.029,6.813,46.169,29.914,77.231,300
uav0000306_00230_v,680x382,215,1.089,12.379,25.066,6.822,46.713,30.902,78.704,300
uav0000306_00230_v,680x382,216,1.313,12.444,25.038,6.556,46.229,30.542,78.084,300
uav0000306_00230_v,680x382,217,1.145,12.48,25.01,6.455,46.261,30.954,78.36,300
uav0000306_00230_v,680x382,218,1.125,12.374,25.307,6.925,46.997,32.16,80.282,300
uav0000306_00230_v,680x382,219,1.129,12.562,25.077,6.329,46.218,33.181,80.527,300
uav0000306_00230_v,680x382,220,1.144,12.949,25.042,6.578,47.053,32.203,80.4,300
uav0000306_00230_v,680x382,221,1.427,12.358,25.005,6.513,46.237,32.976,80.641,300
uav0000306_00230_v,680x382,222,1.416,10.204,23.071,6.503,42.08,32.634,76.13,300
uav0000306_00230_v,680x382,223,1.111,10.58,23.32,6.189,42.193,33.992,77.296,300
uav0000306_00230_v,680x382,224,1.334,10.288,23.047,6.748,42.187,33.371,76.893,300
uav0000306_00230_v,680x382,225,1.395,10.476,22.973,6.422,42.117,32.223,75.735,300
uav0000306_00230_v,680x382,226,0.723,13.714,24.986,6.194,46.972,32.345,80.04,300
uav0000306_00230_v,680x382,227,1.14,10.296,23.054,6.812,42.476,33.77,77.386,300
uav0000306_00230_v,680x382,228,1.142,10.236,22.96,6.345,41.797,31.636,74.575,300
uav0000306_00230_v,680x382,229,1.184,10.244,22.232,6.664,41.322,32.934,75.44,300
uav0000306_00230_v,680x382,230,1.145,10.161,22.819,6.566,41.743,33.208,76.096,300
uav0000306_00230_v,680x382,231,1.157,10.739,21.789,6.589,41.348,33.261,75.766,300
uav0000306_00230_v,680x382,232,1.028,10.158,23.024,6.928,42.184,32.17,75.382,300
uav0000306_00230_v,680x382,233,1.126,10.352,23.024,6.66,42.215,33.18,76.52,300
uav0000306_00230_v,680x382,234,1.192,10.149,23.03,6.872,42.407,33.77,77.369,300
uav0000306_00230_v,680x382,235,0.904,10.574,22.145,6.588,41.371,34.451,76.726,300
uav0000306_00230_v,680x382,236,0.896,11.084,22.076,6.394,41.618,32.858,75.371,300
uav0000306_00230_v,680x382,237,1.189,10.3,23.047,6.452,42.079,35.036,78.304,300
uav0000306_00230_v,680x382,238,1.149,9.965,23.076,6.986,42.357,34.721,78.227,300
uav0000306_00230_v,680x382,239,0.947,10.026,22.359,5.988,40.309,36.338,77.594,300
uav0000306_00230_v,680x382,240,0.85,10.067,21.748,5.99,39.708,34.628,75.186,300
uav0000306_00230_v,680x382,241,0.882,9.872,20.967,6.212,39.017,35.461,75.36,300
uav0000306_00230_v,680x382,242,0.914,9.916,22.87,5.912,40.708,34.12,75.741,300
uav0000306_00230_v,680x382,243,0.886,10.044,22.167,6.574,41.031,34.151,76.068,300
uav0000306_00230_v,680x382,244,0.926,10.116,21.77,6.037,39.914,35.275,76.115,300
uav0000306_00230_v,680x382,245,1.16,10.716,22.946,6.774,42.492,36.45,80.102,300
uav0000306_00230_v,680x382,246,1.195,10.263,23.009,6.705,42.182,34.333,77.709,300
uav0000306_00230_v,680x382,247,0.927,9.98,21.713,6.587,40.34,31.82,73.087,300
uav0000306_00230_v,680x382,248,1.218,10.223,22.943,6.377,41.867,33.422,76.507,300
uav0000306_00230_v,680x382,249,0.983,10.033,23.375,6.333,41.878,34.111,76.973,300
uav0000306_00230_v,680x382,250,1.166,9.842,21.672,6.573,40.15,34.828,76.144,300
uav0000306_00230_v,680x382,251,1.037,9.851,21.794,6.594,40.313,34.233,75.583,300
uav0000306_00230_v,680x382,252,1.023,9.819,22.584,5.2,39.505,34.057,74.584,300
uav0000306_00230_v,680x382,253,0.95,10.254,20.008,5.53,37.885,29.068,67.904,300
uav0000306_00230_v,680x382,254,0.664,9.937,20.809,6.453,39.013,30.522,70.199,300
uav0000306_00230_v,680x382,255,0.873,10.009,21.755,5.746,39.466,33.32,73.659,300
uav0000306_00230_v,680x382,256,1.163,10.116,22.252,5.902,40.276,34.881,76.32,300
uav0000306_00230_v,680x382,257,0.953,9.924,22.396,6.096,40.314,33.625,74.892,300
uav0000306_00230_v,680x382,258,0.931,10.004,22.064,6.566,40.607,32.129,73.667,300
uav0000306_00230_v,680x382,259,0.879,10.641,21.491,5.146,39.01,33.823,73.712,300
uav0000306_00230_v,680x382,260,0.935,9.899,21.703,6.581,40.297,34.207,75.438,300
uav0000306_00230_v,680x382,261,0.914,9.962,21.776,5.893,39.59,35.627,76.13,300
uav0000306_00230_v,680x382,262,0.899,10.054,22.918,6.462,41.504,34.998,77.401,300
uav0000306_00230_v,680x382,263,0.914,10.17,22.361,6.03,40.545,35.616,77.075,300
uav0000306_00230_v,680x382,264,1.146,9.864,23.071,6.774,41.632,33.958,76.736,300
uav0000306_00230_v,680x382,265,1.179,10.07,23.011,6.656,41.877,36.468,79.523,300
uav0000306_00230_v,680x382,266,0.701,12.382,23.102,5.991,43.183,35.834,79.718,300
uav0000306_00230_v,680x382,267,0.874,9.882,21.414,6.002,39.243,34.134,74.252,300
uav0000306_00230_v,680x382,268,0.626,9.705,21.511,6.587,39.611,32.357,72.594,300
uav0000306_00230_v,680x382,269,0.935,9.991,21.344,6.125,39.478,31.003,71.416,300
uav0000306_00230_v,680x382,270,1.168,10.142,22.253,5.988,40.287,33.482,74.937,300
uav0000306_00230_v,680x382,271,0.903,10.272,22.985,6.666,42.167,33.084,76.155,300
uav0000306_00230_v,680x382,272,1.143,10.237,23.167,6.516,42.204,35.347,78.694,300
uav0000306_00230_v,680x382,273,0.995,11.86,21.747,6.381,42.093,34.077,77.165,300
uav0000306_00230_v,680x382,274,0.96,10.013,21.736,6.615,40.373,35.258,76.591,300
uav0000306_00230_v,680x382,275,0.884,10.219,21.75,6.356,40.392,32.665,73.941,300
uav0000306_00230_v,680x382,276,1.064,10.363,23.043,6.587,42.151,31.905,75.12,300
uav0000306_00230_v,680x382,277,0.95,9.923,21.799,6.01,39.681,32.969,73.6,300
uav0000306_00230_v,680x382,278,0.911,10.083,22.977,6.913,42.278,32.04,75.229,300
uav0000306_00230_v,680x382,279,0.846,10.057,21.438,4.981,38.2,30.316,69.362,300
uav0000306_00230_v,680x382,280,0.971,11.574,22.285,5.952,41.805,33.481,76.257,300
uav0000306_00230_v,680x382,281,0.937,10.564,22.242,5.996,40.735,33.459,75.131,300
uav0000306_00230_v,680x382,282,1.185,10.22,21.766,6.685,40.715,32.275,74.175,300
uav0000306_00230_v,680x382,283,1.087,10.334,22.987,6.69,42.15,31.802,75.039,300
uav0000306_00230_v,680x382,284,1.102,10.144,22.928,6.527,41.891,31.899,74.891,300
uav0000306_00230_v,680x382,285,1.199,10.653,23.032,7.04,43.02,34.03,78.249,300
uav0000306_00230_v,680x382,286,0.919,9.933,21.848,6.014,39.733,34.88,75.533,300
uav0000306_00230_v,680x382,287,0.917,10.242,21.718,5.98,39.805,35.056,75.779,300
uav0000306_00230_v,680x382,288,1.219,10.107,23.01,6.657,41.736,33.71,76.665,300
uav0000306_00230_v,680x382,289,0.92,9.987,21.673,5.918,39.449,35.532,75.901,300
uav0000306_00230_v,680x382,290,0.881,9.805,20.869,6.338,38.796,32.38,72.057,300
uav0000306_00230_v,680x382,291,0.944,10.091,21.718,5.828,39.537,34.819,75.3,300
uav0000306_00230_v,680x382,292,1.048,10.062,22.949,7.078,42.143,35.872,79.063,300
uav0000306_00230_v,680x382,293,1.166,12.608,25.038,6.263,46.064,35.57,82.8,300
uav0000306_00230_v,680x382,294,1.146,9.973,22.728,6.373,41.092,36.584,78.822,300
uav0000306_00230_v,680x382,295,0.93,9.766,22.098,6.889,40.856,33.199,74.985,300
uav0000306_00230_v,680x382,296,0.943,9.866,21.856,6.085,39.805,33.226,73.975,300
uav0000306_00230_v,680x382,297,0.728,9.678,22.08,7.013,40.59,30.682,72.0,300
uav0000306_00230_v,680x382,298,1.298,10.419,22.516,6.59,41.922,33.538,76.758,300
uav0000306_00230_v,680x382,299,0.938,10.113,20.173,6.576,39.045,31.312,71.296,300
uav0000306_00230_v,680x382,300,0.683,9.769,21.421,6.034,38.901,32.32,71.905,300
uav0000306_00230_v,680x382,301,0.684,9.945,20.081,5.118,37.111,31.046,68.842,300
uav0000306_00230_v,680x382,302,0.631,9.868,20.295,5.514,37.395,32.146,70.173,300
uav0000306_00230_v,680x382,303,0.868,10.083,21.476,5.743,39.008,33.531,73.407,300
uav0000306_00230_v,680x382,304,0.663,9.965,20.086,5.074,36.8,32.388,69.851,300
uav0000306_00230_v,680x382,305,0.815,10.012,19.984,5.875,38.077,31.34,70.233,300
uav0000306_00230_v,680x382,306,0.89,9.776,20.115,5.166,36.728,36.093,73.711,300
uav0000306_00230_v,680x382,307,1.103,9.755,22.907,6.595,41.279,32.924,75.306,300
uav0000306_00230_v,680x382,308,1.118,10.15,23.042,6.986,42.377,32.715,76.211,300
uav0000306_00230_v,680x382,309,0.866,11.002,20.194,6.118,39.556,30.724,71.146,300
uav0000306_00230_v,680x382,310,0.628,10.113,22.491,6.142,40.401,31.979,73.008,300
uav0000306_00230_v,680x382,311,0.906,10.545,21.718,6.743,41.106,33.678,75.69,300
uav0000306_00230_v,680x382,312,1.109,10.263,22.983,6.745,44.505,35.149,80.763,300
uav0000306_00230_v,680x382,313,1.168,9.994,21.22,6.326,39.679,34.99,75.838,300
uav0000306_00230_v,680x382,314,0.814,9.851,21.743,6.038,39.472,33.793,74.079,300
uav0000306_00230_v,680x382,315,1.032,10.163,21.528,6.701,40.732,35.326,77.09,300
uav0000306_00230_v,680x382,316,0.911,9.715,21.812,6.11,39.445,35.441,75.797,300
uav0000306_00230_v,680x382,317,0.871,9.738,21.505,6.033,39.023,35.71,75.604,300
uav0000306_00230_v,680x382,318,1.144,12.19,22.585,6.075,42.866,35.909,79.92,300
uav0000306_00230_v,680x382,319,1.136,9.735,20.975,6.457,38.982,35.653,75.771,300
uav0000306_00230_v,680x382,320,0.676,12.149,21.949,6.707,42.674,33.436,76.786,300
uav0000306_00230_v,680x382,321,0.895,9.861,21.741,6.027,39.504,35.448,75.846,300
uav0000306_00230_v,680x382,322,1.397,15.241,19.977,4.98,42.292,29.659,73.348,300
uav0000306_00230_v,680x382,323,0.675,9.433,20.773,5.925,37.791,33.417,71.883,300
uav0000306_00230_v,680x382,324,0.857,9.511,20.723,6.011,38.018,31.728,70.604,300
uav0000306_00230_v,680x382,325,0.865,9.709,21.017,6.108,38.487,32.685,72.036,300
uav0000306_00230_v,680x382,326,1.069,9.75,21.088,6.138,38.754,34.1,73.923,300
uav0000306_00230_v,680x382,327,0.654,11.793,22.756,6.172,42.449,34.801,77.904,300
uav0000306_00230_v,680x382,328,0.93,9.876,21.125,6.294,39.229,36.97,77.129,300
uav0000306_00230_v,680x382,329,0.642,9.616,22.736,6.53,40.687,34.021,75.35,300
uav0000306_00230_v,680x382,330,0.756,9.612,21.748,6.058,39.183,35.757,75.695,300
uav0000306_00230_v,680x382,331,0.693,9.647,21.794,6.398,39.596,32.801,73.089,300
uav0000306_00230_v,680x382,332,0.684,9.754,21.747,6.845,40.107,33.77,74.561,300
uav0000306_00230_v,680x382,333,1.047,10.42,23.106,7.54,42.949,39.288,83.284,300
uav0000306_00230_v,680x382,334,0.925,9.761,20.969,6.702,39.317,39.103,79.345,300
uav0000306_00230_v,680x382,335,0.906,9.84,21.82,6.206,39.922,38.427,79.256,300
uav0000306_00230_v,680x382,336,0.612,9.622,22.938,6.201,40.442,35.874,76.929,300
uav0000306_00230_v,680x382,337,0.935,9.878,20.994,6.445,39.34,33.378,73.653,300
uav0000306_00230_v,680x382,338,0.729,9.807,21.691,5.882,39.076,36.008,75.813,300
uav0000306_00230_v,680x382,339,0.822,9.671,21.727,6.185,39.399,33.605,73.825,300
uav0000306_00230_v,680x382,340,1.056,10.136,20.952,6.667,39.819,36.547,77.422,300
uav0000306_00230_v,680x382,341,0.674,9.954,19.983,5.647,37.878,30.526,69.078,300
uav0000306_00230_v,680x382,342,1.001,9.748,19.941,5.213,36.584,34.101,71.687,300
uav0000306_00230_v,680x382,343,0.87,9.736,19.967,6.457,38.167,33.492,72.529,300
uav0000306_00230_v,680x382,344,0.838,9.736,19.985,5.473,36.911,36.533,74.282,300
uav0000306_00230_v,680x382,345,0.915,10.019,19.997,6.478,38.402,33.989,73.306,300
uav0000306_00230_v,680x382,346,0.643,12.473,22.183,6.293,42.587,35.008,78.238,300
uav0000306_00230_v,680x382,347,0.703,12.119,21.697,6.588,42.387,32.013,75.102,300
uav0000306_00230_v,680x382,348,1.188,10.161,21.648,6.233,40.085,38.426,79.699,300
uav0000306_00230_v,680x382,349,0.901,9.871,22.179,6.098,39.804,38.192,78.898,300
uav0000306_00230_v,680x382,350,0.898,9.729,21.364,6.88,39.803,38.613,79.314,300
uav0000306_00230_v,680x382,351,0.696,9.399,21.139,6.127,38.451,39.754,78.901,300
uav0000306_00230_v,680x382,352,0.791,9.408,20.959,6.423,38.569,37.868,77.229,300
uav0000306_00230_v,680x382,353,0.908,9.419,21.112,6.312,38.591,38.415,77.915,300
uav0000306_00230_v,680x382,354,0.64,9.634,21.394,6.09,38.919,38.196,77.755,300
uav0000306_00230_v,680x382,355,0.702,9.444,21.443,6.353,38.879,39.709,79.29,300
uav0000306_00230_v,680x382,356,0.864,9.436,20.979,6.484,38.659,40.831,80.355,300
uav0000306_00230_v,680x382,357,0.871,9.413,20.736,6.066,37.918,39.344,78.133,300
uav0000306_00230_v,680x382,358,0.884,9.555,20.842,6.868,39.15,36.291,76.326,300
uav0000306_00230_v,680x382,359,0.864,9.509,20.887,6.615,38.842,37.348,77.055,300
uav0000306_00230_v,680x382,360,0.949,9.703,21.05,6.18,38.704,35.959,75.613,300
uav0000306_00230_v,680x382,361,0.917,9.426,20.637,6.614,38.426,36.771,76.114,300
uav0000306_00230_v,680x382,362,0.866,9.471,20.964,6.684,38.877,36.296,76.039,300
uav0000306_00230_v,680x382,363,0.627,9.413,20.964,6.461,38.565,38.68,77.873,300
uav0000306_00230_v,680x382,364,0.646,9.441,21.486,6.804,39.507,38.181,78.334,300
uav0000306_00230_v,680x382,365,0.73,9.497,21.009,6.109,38.217,39.893,78.841,300
uav0000306_00230_v,680x382,366,0.835,9.456,20.82,6.465,38.311,36.465,75.611,300
uav0000306_00230_v,680x382,367,0.86,9.645,20.923,6.585,38.961,38.455,78.277,300
uav0000306_00230_v,680x382,368,0.883,9.469,20.745,6.009,37.865,38.264,77.011,300
uav0000306_00230_v,680x382,369,0.628,9.465,20.872,5.943,38.036,36.638,75.301,300
uav0000306_00230_v,680x382,370,0.887,9.465,20.766,6.087,37.959,39.476,78.321,300
uav0000306_00230_v,680x382,371,0.628,9.366,21.197,6.561,38.862,35.912,75.402,300
uav0000306_00230_v,680x382,372,0.843,9.517,20.911,6.417,38.597,37.087,76.526,300
uav0000306_00230_v,680x382,373,0.967,9.515,21.029,6.106,38.416,37.108,76.491,300
uav0000306_00230_v,680x382,374,0.891,9.438,21.113,6.073,38.297,39.249,78.436,300
uav0000306_00230_v,680x382,375,0.67,9.553,20.882,6.618,38.851,34.27,73.791,300
uav0000306_00230_v,680x382,376,0.865,9.52,20.755,5.99,37.891,35.454,74.21,300
uav0000306_00230_v,680x382,377,0.915,9.408,20.884,6.49,38.55,32.116,71.581,300
uav0000306_00230_v,680x382,378,0.897,9.75,21.153,6.8,39.44,34.612,74.95,300
uav0000306_00230_v,680x382,379,0.909,10.332,21.137,6.748,39.997,36.244,77.15,300
uav0000306_00230_v,680x382,380,0.913,10.114,20.992,6.044,39.078,34.34,74.331,300
uav0000306_00230_v,680x382,381,0.956,9.82,21.579,6.671,39.895,34.514,75.365,300
uav0000306_00230_v,680x382,382,0.956,9.678,23.058,6.715,41.226,38.532,80.715,300
uav0000306_00230_v,680x382,383,0.656,9.762,19.913,5.12,36.454,37.53,74.64,300
uav0000306_00230_v,680x382,384,0.854,9.85,20.037,6.388,38.065,35.267,74.186,300
uav0000306_00230_v,680x382,385,0.871,9.776,19.965,5.139,36.501,36.85,74.222,300
uav0000306_00230_v,680x382,386,0.903,9.584,20.817,5.963,38.007,35.186,74.095,300
uav0000306_00230_v,680x382,387,0.624,9.558,21.332,6.047,38.73,39.576,78.93,300
uav0000306_00230_v,680x382,388,0.845,9.579,20.841,5.835,37.923,37.22,75.989,300
uav0000306_00230_v,680x382,389,0.598,9.697,20.077,4.966,36.344,36.091,73.033,300
uav0000306_00230_v,680x382,390,0.917,9.585,19.983,5.539,36.951,34.862,72.73,300
uav0000306_00230_v,680x382,391,0.836,10.01,20.005,5.873,38.752,36.885,76.472,300
uav0000306_00230_v,680x382,392,0.659,9.719,20.791,5.984,38.098,34.074,72.831,300
uav0000306_00230_v,680x382,393,0.652,9.411,20.671,5.825,37.538,34.62,72.81,300
uav0000306_00230_v,680x382,394,0.84,9.542,20.212,5.912,37.351,35.017,73.208,300
uav0000306_00230_v,680x382,395,0.651,9.487,20.923,6.28,38.509,33.768,72.928,300
uav0000306_00230_v,680x382,396,0.818,9.428,21.088,5.851,38.064,33.755,72.637,300
uav0000306_00230_v,680x382,397,0.9,11.896,22.15,5.879,41.734,35.317,77.95,300
uav0000306_00230_v,680x382,398,0.894,9.718,20.96,6.354,38.875,35.543,75.312,300
uav0000306_00230_v,680x382,399,0.862,10.399,22.672,6.279,41.019,39.051,80.931,300
uav0000306_00230_v,680x382,400,0.768,11.808,23.141,6.436,43.229,37.35,81.347,300
uav0000306_00230_v,680x382,401,0.975,12.297,23.039,5.983,42.998,38.174,82.147,300
uav0000306_00230_v,680x382,402,0.867,9.764,21.757,5.928,39.275,39.223,79.364,300
uav0000306_00230_v,680x382,403,0.872,9.574,20.864,6.411,38.689,36.623,76.184,300
uav0000306_00230_v,680x382,404,0.854,9.502,21.133,6.6,39.055,35.715,75.624,300
uav0000306_00230_v,680x382,405,0.857,9.821,20.874,6.416,38.967,34.736,74.56,300
uav0000306_00230_v,680x382,406,0.913,11.716,22.406,6.182,42.075,34.011,76.999,300
uav0000306_00230_v,680x382,407,0.653,9.749,21.742,6.474,39.783,33.878,74.314,300
uav0000306_00230_v,680x382,408,0.908,9.726,21.158,5.896,38.573,34.433,73.914,300
uav0000306_00230_v,680x382,409,0.856,9.883,20.841,6.345,38.913,33.535,73.304,300
uav0000306_00230_v,680x382,410,0.856,9.695,20.664,6.218,38.385,34.471,73.712,300
uav0000306_00230_v,680x382,411,0.722,9.742,19.937,4.887,36.279,32.489,69.49,300
uav0000306_00230_v,680x382,412,0.618,10.25,20.21,5.737,38.414,30.777,69.809,300
uav0000306_00230_v,680x382,413,0.597,10.13,22.264,5.953,40.107,31.624,72.328,300
uav0000306_00230_v,680x382,414,0.828,9.767,21.732,6.554,39.885,32.56,73.273,300
uav0000306_00230_v,680x382,415,0.75,10.065,19.958,5.369,37.492,29.833,68.075,300
uav0000306_00230_v,680x382,416,0.577,9.975,21.299,5.839,38.912,30.379,69.869,300
uav0000306_00230_v,680x382,417,0.753,10.512,19.969,4.797,37.12,30.825,68.697,300
uav0000306_00230_v,680x382,418,0.762,9.724,21.077,5.493,37.959,32.652,71.373,300
uav0000306_00230_v,680x382,419,0.962,11.625,22.288,5.674,41.279,31.82,74.061,297
uav0000306_00230_v,680x382,420,0.878,9.797,20.84,6.888,39.472,32.906,73.256,300
uav0000355_00001_v,1360x766,1,52.281,9.072,22.95,8.427,43.317,16.226,111.825,300
uav0000355_00001_v,1360x766,2,2.263,11.964,25.237,7.749,47.629,17.956,67.848,300
uav0000355_00001_v,1360x766,3,2.326,10.825,25.349,7.232,46.125,21.085,69.536,300
uav0000355_00001_v,1360x766,4,1.959,10.582,25.28,7.529,46.189,24.483,72.632,300
uav0000355_00001_v,1360x766,5,2.177,10.764,25.281,7.944,46.849,24.539,73.565,300
uav0000355_00001_v,1360x766,6,1.675,9.338,22.981,7.196,42.214,23.648,67.537,300
uav0000355_00001_v,1360x766,7,1.879,10.809,25.204,7.087,45.916,23.834,71.629,300
uav0000355_00001_v,1360x766,8,2.004,10.892,25.428,7.397,46.515,25.969,74.488,300
uav0000355_00001_v,1360x766,9,1.931,10.929,25.395,8.022,47.202,26.244,75.377,300
uav0000355_00001_v,1360x766,10,1.798,10.814,25.282,6.956,45.592,26.541,73.93,300
uav0000355_00001_v,1360x766,11,2.2,11.245,25.124,7.133,46.373,25.768,74.34,300
uav0000355_00001_v,1360x766,12,2.109,10.784,25.402,7.978,47.102,25.446,74.657,300
uav0000355_00001_v,1360x766,13,1.66,9.668,25.39,7.988,45.59,25.13,72.38,300
uav0000355_00001_v,1360x766,14,1.897,11.204,25.33,7.498,46.736,25.373,74.005,300
uav0000355_00001_v,1360x766,15,6.085,9.106,23.977,6.972,42.836,24.738,73.66,300
uav0000355_00001_v,1360x766,16,1.824,10.894,25.396,7.088,46.021,24.545,72.39,300
uav0000355_00001_v,1360x766,17,2.242,10.424,25.441,7.229,45.747,25.958,73.947,300
uav0000355_00001_v,1360x766,18,2.114,10.483,25.358,7.706,46.387,26.688,75.189,300
uav0000355_00001_v,1360x766,19,2.125,10.606,25.183,7.861,46.487,26.41,75.021,300
uav0000355_00001_v,1360x766,20,1.631,12.548,25.34,8.055,48.85,27.743,78.224,300
uav0000355_00001_v,1360x766,21,2.568,11.247,25.434,7.202,46.905,24.587,74.059,300
uav0000355_00001_v,1360x766,22,1.848,10.961,25.299,8.071,47.202,25.357,74.406,300
uav0000355_00001_v,1360x766,23,2.23,10.761,25.246,7.262,45.938,24.881,73.049,300
uav0000355_00001_v,1360x766,24,1.798,10.871,25.595,7.479,46.575,22.713,71.086,300
uav0000355_00001_v,1360x766,25,1.818,10.516,25.297,6.943,45.399,23.46,70.677,300
uav0000355_00001_v,1360x766,26,1.9,10.633,25.289,7.107,45.703,25.843,73.446,300
uav0000355_00001_v,1360x766,27,2.323,10.825,25.356,7.65,46.578,24.065,72.966,300
uav0000355_00001_v,1360x766,28,1.768,10.815,25.25,7.516,46.175,25.7,73.643,300
uav0000355_00001_v,1360x766,29,1.664,10.732,25.308,7.026,45.869,23.85,71.384,300
uav0000355_00001_v,1360x766,30,1.86,10.966,25.354,7.26,46.389,25.831,74.081,300
uav0000355_00001_v,1360x766,31,1.908,10.762,25.044,7.059,45.81,24.455,72.173,300
uav0000355_00001_v,1360x766,32,1.792,10.813,25.303,7.484,46.307,23.686,71.785,300
uav0000355_00001_v,1360x766,33,1.865,10.975,25.294,7.387,46.207,26.82,74.892,300
uav0000355_00001_v,1360x766,34,2.178,10.886,25.687,7.32,46.551,23.953,72.683,300
uav0000355_00001_v,1360x766,35,1.888,10.785,25.115,6.97,45.608,24.645,72.142,300
uav0000355_00001_v,1360x766,36,1.804,10.834,24.288,6.0,44.099,24.56,70.463,300
uav0000355_00001_v,1360x766,37,1.724,10.874,25.251,7.055,45.99,23.559,71.273,300
uav0000355_00001_v,1360x766,38,1.956,10.924,25.265,7.109,46.062,25.022,73.04,300
uav0000355_00001_v,1360x766,39,1.91,10.864,25.247,7.389,46.338,25.57,73.818,300
uav0000355_00001_v,1360x766,40,1.937,10.848,25.257,7.504,46.031,27.065,75.033,300
uav0000355_00001_v,1360x766,41,1.691,10.779,25.194,7.366,46.095,23.887,71.673,300
uav0000355_00001_v,1360x766,42,1.805,10.802,25.345,7.373,46.163,25.444,73.413,300
uav0000355_00001_v,1360x766,43,2.02,10.848,25.156,7.584,46.445,25.577,74.042,300
uav0000355_00001_v,1360x766,44,2.283,10.775,25.277,7.563,46.425,26.99,75.698,300
uav0000355_00001_v,1360x766,45,1.875,11.308,25.804,8.064,47.884,27.777,77.536,300
uav0000355_00001_v,1360x766,46,1.927,10.952,25.336,7.765,46.948,27.868,76.742,300
uav0000355_00001_v,1360x766,47,1.776,10.801,24.383,7.479,45.287,24.724,71.787,300
uav0000355_00001_v,1360x766,48,1.848,10.892,25.363,7.453,46.438,26.886,75.173,300
uav0000355_00001_v,1360x766,49,1.706,10.856,25.24,7.794,46.781,26.593,75.081,300
uav0000355_00001_v,1360x766,50,1.645,10.589,25.304,6.489,44.903,25.468,72.016,300
uav0000355_00001_v,1360x766,51,1.993,10.776,25.372,7.81,46.612,23.769,72.374,300
uav0000355_00001_v,1360x766,52,1.887,10.84,25.318,7.689,46.518,25.755,74.16,300
uav0000355_00001_v,1360x766,53,1.838,11.022,25.302,7.06,46.192,26.375,74.404,300
uav0000355_00001_v,1360x766,54,1.863,10.907,23.977,7.531,45.043,27.022,73.928,300
uav0000355_00001_v,1360x766,55,1.909,10.815,25.054,7.097,45.794,26.483,74.186,300
uav0000355_00001_v,1360x766,56,1.929,10.587,25.284,7.551,46.216,26.4,74.544,300
uav0000355_00001_v,1360x766,57,1.893,10.838,25.389,7.491,46.355,25.384,73.632,300
uav0000355_00001_v,1360x766,58,1.703,10.703,25.307,7.785,46.486,23.932,72.121,300
uav0000355_00001_v,1360x766,59,1.941,10.89,25.135,7.029,45.854,24.63,72.425,300
uav0000355_00001_v,1360x766,60,1.832,10.881,25.262,7.035,45.907,24.752,72.49,300
uav0000355_00001_v,1360x766,61,1.697,10.58,22.521,7.348,43.047,24.121,68.865,300
uav0000355_00001_v,1360x766,62,1.708,10.504,25.361,6.359,44.914,25.41,72.031,300
uav0000355_00001_v,1360x766,63,1.968,10.519,25.13,6.594,44.903,27.293,74.164,300
uav0000355_00001_v,1360x766,64,1.646,10.542,25.66,7.19,46.044,24.095,71.785,300
uav0000355_00001_v,1360x766,65,1.863,10.594,25.311,6.914,45.494,25.438,72.796,300
uav0000355_00001_v,1360x766,66,1.623,10.584,25.295,6.788,45.427,24.693,71.743,300
uav0000355_00001_v,1360x766,67,1.941,10.593,25.429,7.07,45.966,23.874,71.781,300
uav0000355_00001_v,1360x766,68,1.798,10.898,23.602,7.574,44.821,25.036,71.655,300
uav0000355_00001_v,1360x766,69,1.763,10.976,25.365,7.014,46.117,25.11,72.99,300
uav0000355_00001_v,1360x766,70,1.677,10.565,25.223,6.87,45.466,23.743,70.885,300
uav0000355_00001_v,1360x766,71,1.745,10.696,25.086,6.861,45.443,22.468,69.656,300
uav0000355_00001_v,1360x766,72,1.729,10.788,25.254,7.265,46.0,24.014,71.743,300
uav0000355_00001_v,1360x766,73,1.825,11.07,25.535,7.531,46.806,25.062,73.693,300
uav0000355_00001_v,1360x766,74,2.037,11.593,25.45,6.767,46.559,23.228,71.825,300
uav0000355_00001_v,1360x766,75,1.757,10.529,24.013,6.998,43.99,21.713,67.459,300
uav0000355_00001_v,1360x766,76,1.997,10.291,25.267,6.554,44.675,23.506,70.178,300
uav0000355_00001_v,1360x766,77,1.815,10.329,25.204,6.793,44.992,22.593,69.4,300
uav0000355_00001_v,1360x766,78,1.915,10.554,25.341,7.311,45.917,23.589,71.422,300
uav0000355_00001_v,1360x766,79,1.762,10.776,25.106,7.432,45.966,23.243,70.971,300
uav0000355_00001_v,1360x766,80,1.707,10.605,25.223,6.873,45.486,23.474,70.667,300
uav0000355_00001_v,1360x766,81,2.0,10.997,25.285,7.139,46.172,24.967,73.139,300
uav0000355_00001_v,1360x766,82,1.694,10.632,24.723,7.299,45.526,25.3,72.52,300
uav0000355_00001_v,1360x766,83,1.928,10.755,25.102,7.672,46.223,25.418,73.569,300
uav0000355_00001_v,1360x766,84,1.754,10.858,25.339,7.665,46.565,25.947,74.267,300
uav0000355_00001_v,1360x766,85,1.798,10.917,25.358,7.501,46.449,25.317,73.565,300
uav0000355_00001_v,1360x766,86,1.99,10.988,25.258,7.172,46.235,26.373,74.599,300
uav0000355_00001_v,1360x766,87,2.016,11.105,25.533,7.724,47.395,25.7,75.111,300
uav0000355_00001_v,1360x766,88,1.886,10.929,25.354,6.939,45.845,26.148,73.879,300
uav0000355_00001_v,1360x766,89,2.215,11.314,24.26,7.623,46.038,26.799,75.053,300
uav0000355_00001_v,1360x766,90,1.899,10.816,25.36,7.555,46.679,26.626,75.204,300
uav0000355_00001_v,1360x766,91,1.765,10.76,25.093,6.71,45.327,26.215,73.308,300
uav0000355_00001_v,1360x766,92,1.977,10.848,25.385,7.561,46.582,26.053,74.612,300
uav0000355_00001_v,1360x766,93,1.646,10.655,25.274,6.471,44.92,25.019,71.586,300
uav0000355_00001_v,1360x766,94,1.673,10.626,25.19,6.759,45.33,25.647,72.65,300
uav0000355_00001_v,1360x766,95,2.162,10.516,25.136,7.059,45.392,24.741,72.296,300
uav0000355_00001_v,1360x766,96,1.672,10.856,22.932,6.861,43.398,24.739,69.81,300
uav0000355_00001_v,1360x766,97,1.718,11.01,25.338,6.944,46.004,23.486,71.208,300
uav0000355_00001_v,1360x766,98,1.668,10.809,25.302,7.156,46.164,23.415,71.247,300
uav0000355_00001_v,1360x766,99,1.835,10.741,25.135,7.45,46.177,23.736,71.748,300
uav0000355_00001_v,1360x766,100,1.907,10.773,25.262,7.456,46.31,25.865,74.082,300
uav0000355_00001_v,1360x766,101,1.8,11.37,25.723,7.359,47.071,25.802,74.673,300
uav0000355_00001_v,1360x766,102,1.705,10.71,25.381,7.355,46.185,23.165,71.056,300
uav0000355_00001_v,1360x766,103,1.967,10.746,23.222,6.925,43.701,25.297,70.966,300
uav0000355_00001_v,1360x766,104,1.656,10.511,25.314,6.288,44.703,24.395,70.754,300
uav0000355_00001_v,1360x766,105,2.486,10.702,25.311,6.726,45.47,24.811,72.767,300
uav0000355_00001_v,1360x766,106,2.122,13.127,25.478,6.933,48.589,26.142,76.854,300
uav0000355_00001_v,1360x766,107,1.912,10.784,25.671,7.525,46.828,27.465,76.205,300
uav0000355_00001_v,1360x766,108,1.601,10.653,25.374,7.623,46.314,28.186,76.1,300
uav0000355_00001_v,1360x766,109,1.651,10.553,25.392,7.691,46.429,26.295,74.376,300
uav0000355_00001_v,1360x766,110,1.588,8.651,24.097,7.878,43.105,29.174,73.867,300
uav0000355_00001_v,1360x766,111,2.08,10.979,25.147,7.179,46.215,27.811,76.106,300
uav0000355_00001_v,1360x766,112,1.671,10.507,25.291,7.446,46.007,26.532,74.209,300
uav0000355_00001_v,1360x766,113,2.008,10.736,25.251,7.493,46.187,28.508,76.702,300
uav0000355_00001_v,1360x766,114,1.904,10.443,25.302,7.498,45.767,29.387,77.058,300
uav0000355_00001_v,1360x766,115,1.715,10.479,25.123,7.408,45.819,27.624,75.158,300
uav0000355_00001_v,1360x766,116,1.677,10.427,25.656,7.818,46.637,32.216,80.53,300
uav0000355_00001_v,1360x766,117,1.781,10.801,25.345,7.038,45.95,28.176,75.906,300
uav0000355_00001_v,1360x766,118,1.902,10.476,25.306,7.401,45.974,29.007,76.883,300
uav0000355_00001_v,1360x766,119,1.895,10.428,25.091,6.999,45.245,29.329,76.468,300
uav0000355_00001_v,1360x766,120,1.851,10.368,25.225,6.76,45.04,29.431,76.322,300
uav0000355_00001_v,1360x766,121,1.748,10.303,25.211,6.808,44.971,28.614,75.333,300
uav0000355_00001_v,1360x766,122,1.814,10.399,25.217,6.773,45.047,29.013,75.873,300
uav0000355_00001_v,1360x766,123,1.846,10.355,24.0,7.334,44.388,29.46,75.694,300
uav0000355_00001_v,1360x766,124,1.824,10.55,25.257,6.837,45.362,29.473,76.659,300
uav0000355_00001_v,1360x766,125,1.88,10.376,25.288,6.798,45.145,29.238,76.263,300
uav0000355_00001_v,1360x766,126,1.61,10.137,23.731,7.307,43.87,27.36,72.839,300
uav0000355_00001_v,1360x766,127,2.031,10.243,25.142,7.152,45.167,28.164,75.361,300
uav0000355_00001_v,1360x766,128,1.856,10.174,25.383,6.472,44.707,28.907,75.47,300
uav0000355_00001_v,1360x766,129,2.152,10.289,25.591,7.294,45.783,28.846,76.78,300
uav0000355_00001_v,1360x766,130,1.569,8.304,23.999,7.442,42.759,29.242,73.57,300
uav0000355_00001_v,1360x766,131,2.001,10.4,25.416,6.966,45.517,28.438,75.956,300
uav0000355_00001_v,1360x766,132,1.917,10.459,25.354,6.998,45.478,28.98,76.375,300
uav0000355_00001_v,1360x766,133,1.648,10.615,23.795,7.287,44.174,27.291,73.113,300
uav0000355_00001_v,1360x766,134,1.678,10.305,23.573,7.054,43.731,26.783,72.193,300
uav0000355_00001_v,1360x766,135,1.935,10.231,25.097,6.537,44.518,28.787,75.24,300
uav0000355_00001_v,1360x766,136,1.625,10.316,23.801,6.824,43.437,28.062,73.123,300
uav0000355_00001_v,1360x766,137,1.998,10.708,25.294,7.296,46.141,29.244,77.384,300
uav0000355_00001_v,1360x766,138,1.954,10.457,25.261,6.889,45.331,28.476,75.761,300
uav0000355_00001_v,1360x766,139,1.933,10.622,25.469,6.96,45.818,28.786,76.536,300
uav0000355_00001_v,1360x766,140,1.911,10.42,25.246,6.979,45.392,29.637,76.94,300
uav0000355_00001_v,1360x766,141,1.676,10.412,25.152,6.965,45.317,29.884,76.876,300
uav0000355_00001_v,1360x766,142,1.673,10.354,25.514,7.477,45.854,29.405,76.932,300
uav0000355_00001_v,1360x766,143,1.99,10.301,25.216,6.58,44.558,29.953,76.501,300
uav0000355_00001_v,1360x766,144,1.961,10.503,25.297,7.017,45.583,29.53,77.074,300
uav0000355_00001_v,1360x766,145,1.857,10.919,23.593,6.552,43.777,27.428,73.062,300
uav0000355_00001_v,1360x766,146,1.823,10.182,25.374,6.514,44.551,28.858,75.232,300
uav0000355_00001_v,1360x766,147,1.916,10.654,25.483,7.36,46.184,28.278,76.378,300
uav0000355_00001_v,1360x766,148,1.579,9.99,23.742,6.586,43.534,29.291,74.404,300
uav0000355_00001_v,1360x766,149,1.788,10.439,25.272,6.606,44.999,29.825,76.612,300
uav0000355_00001_v,1360x766,150,1.853,10.186,22.571,6.901,42.17,28.238,72.261,300
uav0000355_00001_v,1360x766,151,2.033,10.306,25.173,6.242,44.376,27.374,73.784,300
uav0000355_00001_v,1360x766,152,1.67,10.103,22.661,6.688,42.043,27.133,70.847,300
uav0000355_00001_v,1360x766,153,1.913,10.043,25.281,7.14,45.037,27.358,74.307,300
uav0000355_00001_v,1360x766,154,1.579,11.49,25.503,6.52,46.011,26.738,74.329,300
uav0000355_00001_v,1360x766,155,1.695,10.054,25.092,7.435,45.003,26.946,73.644,300
uav0000355_00001_v,1360x766,156,1.578,10.846,25.508,6.839,46.304,26.962,74.843,300
uav0000355_00001_v,1360x766,157,1.575,8.455,23.422,7.008,41.429,25.496,68.501,300
uav0000355_00001_v,1360x766,158,1.872,10.253,25.321,6.629,44.92,28.447,75.239,300
uav0000355_00001_v,1360x766,159,1.945,10.231,25.22,7.374,45.562,27.088,74.595,300
uav0000355_00001_v,1360x766,160,1.785,10.558,25.518,7.431,46.134,29.084,77.003,300
uav0000355_00001_v,1360x766,161,1.87,10.397,25.31,7.465,45.94,28.81,76.62,300
uav0000355_00001_v,1360x766,162,1.735,10.46,25.344,7.148,45.647,29.388,76.769,300
uav0000355_00001_v,1360x766,163,1.638,10.265,23.599,7.03,43.329,28.506,73.474,300
uav0000355_00001_v,1360x766,164,1.877,10.706,25.308,7.4,46.047,28.311,76.235,300
uav0000355_00001_v,1360x766,165,1.999,10.309,25.24,7.119,45.187,29.868,77.054,300
uav0000355_00001_v,1360x766,166,1.776,10.32,25.308,7.285,45.565,30.703,78.044,300
uav0000355_00001_v,1360x766,167,1.89,10.165,25.457,7.326,45.611,29.84,77.341,300
uav0000355_00001_v,1360x766,168,1.676,10.261,23.343,6.74,43.04,29.219,73.935,300
uav0000355_00001_v,1360x766,169,1.84,10.104,25.305,6.791,44.89,29.049,75.779,300
uav0000355_00001_v,1360x766,170,1.805,10.189,25.303,5.928,43.477,28.224,73.507,300
uav0000355_00001_v,1360x766,171,1.971,10.28,25.197,7.149,45.118,30.264,77.353,300
uav0000355_00001_v,1360x766,172,1.618,10.286,22.487,6.58,41.946,28.409,71.973,300
uav0000355_00001_v,1360x766,173,1.881,10.488,25.295,6.88,45.285,30.077,77.243,300
uav0000355_00001_v,1360x766,174,1.849,10.037,25.277,6.732,44.722,29.287,75.858,300
uav0000355_00001_v,1360x766,175,1.907,10.026,25.129,6.824,44.667,29.646,76.22,300
uav0000355_00001_v,1360x766,176,1.551,9.974,22.465,7.011,42.016,28.403,71.97,300
uav0000355_00001_v,1360x766,177,2.341,10.525,23.689,5.732,42.113,28.338,72.792,300
uav0000355_00001_v,1360x766,178,1.788,9.944,25.333,7.495,45.283,29.617,76.688,300
uav0000355_00001_v,1360x766,179,1.886,10.009,25.042,6.892,44.467,29.827,76.179,300
uav0000355_00001_v,1360x766,180,1.856,10.557,21.558,6.44,40.824,26.703,69.384,300
uav0000355_00001_v,1360x766,181,1.748,8.503,22.989,6.995,40.72,28.171,70.639,300
uav0000355_00001_v,1360x766,182,2.004,8.73,23.776,6.612,41.641,28.794,72.439,300
uav0000355_00001_v,1360x766,183,1.783,10.83,25.948,6.68,46.533,30.486,78.802,300
uav0000355_00001_v,1360x766,184,1.905,9.162,22.27,7.578,41.689,30.38,73.974,300
uav0000355_00001_v,1360x766,185,1.866,10.161,22.449,6.823,41.889,27.522,71.276,300
uav0000355_00001_v,1360x766,186,1.78,8.735,22.746,6.706,40.686,29.051,71.517,300
uav0000355_00001_v,1360x766,187,1.943,10.163,25.152,6.736,44.739,28.934,75.615,300
uav0000355_00001_v,1360x766,188,1.912,10.054,25.266,7.429,45.412,29.132,76.457,300
uav0000355_00001_v,1360x766,189,1.882,10.461,25.253,6.891,45.287,30.021,77.189,300
uav0000355_00001_v,1360x766,190,1.85,10.048,25.238,6.871,44.913,28.515,75.277,300
uav0000355_00001_v,1360x766,191,1.231,10.608,25.085,7.028,45.06,28.881,75.172,300
uav0000355_00001_v,1360x766,192,1.582,10.251,22.415,6.894,42.249,29.91,73.741,300
uav0000355_00001_v,1360x766,193,1.817,9.983,25.385,6.726,44.832,28.08,74.729,300
uav0000355_00001_v,1360x766,194,2.05,10.222,25.314,6.695,44.8,27.789,74.639,300
uav0000355_00001_v,1360x766,195,1.831,10.296,25.081,7.47,45.523,30.283,77.637,300
uav0000355_00001_v,1360x766,196,1.869,10.715,25.658,6.622,45.439,29.583,76.89,300
uav0000355_00001_v,1360x766,197,1.772,10.306,25.354,7.614,45.649,30.549,77.97,300
uav0000355_00001_v,1360x766,198,1.826,11.366,25.654,6.794,46.199,30.009,78.034,300
uav0000355_00001_v,1360x766,199,2.076,10.368,25.174,6.948,45.136,32.187,79.399,300
uav0000355_00001_v,1360x766,200,1.597,10.1,23.434,7.458,43.735,29.279,74.611,300
uav0000355_00001_v,1360x766,201,1.633,10.325,25.307,7.007,45.302,30.201,77.136,300
uav0000355_00001_v,1360x766,202,1.569,10.075,23.668,7.329,43.752,28.163,73.484,300
uav0000355_00001_v,1360x766,203,2.436,10.874,25.129,6.524,45.181,26.856,74.474,300
uav0000355_00001_v,1360x766,204,1.772,10.069,23.48,7.026,43.311,28.489,73.572,300
uav0000355_00001_v,1360x766,205,1.983,10.131,25.335,7.276,45.436,29.396,76.815,300
uav0000355_00001_v,1360x766,206,1.629,10.268,25.34,6.87,45.116,29.844,76.588,300
uav0000355_00001_v,1360x766,207,1.669,10.202,25.169,6.843,44.884,29.765,76.318,300
uav0000355_00001_v,1360x766,208,1.602,10.173,25.252,6.63,44.615,29.105,75.322,300
uav0000355_00001_v,1360x766,209,1.618,10.257,22.148,6.54,41.582,27.582,70.782,300
uav0000355_00001_v,1360x766,210,1.909,10.077,25.234,7.011,44.965,29.49,76.364,300
uav0000355_00001_v,1360x766,211,1.519,9.057,25.127,6.934,43.428,31.292,76.239,300
uav0000355_00001_v,1360x766,212,1.845,10.315,25.311,6.749,45.071,29.196,76.112,300
uav0000355_00001_v,1360x766,213,1.746,10.298,25.277,6.74,44.993,29.135,75.875,300
uav0000355_00001_v,1360x766,214,1.653,10.193,25.376,6.792,45.018,29.301,75.973,300
uav0000355_00001_v,1360x766,215,1.802,10.176,25.147,6.668,44.657,30.091,76.55,300
uav0000355_00001_v,1360x766,216,1.766,10.33,25.291,6.634,44.92,28.59,75.276,300
uav0000355_00001_v,1360x766,217,1.737,10.19,25.322,6.548,45.104,30.776,77.618,300
uav0000355_00001_v,1360x766,218,1.796,10.197,25.25,7.162,45.255,30.843,77.894,300
uav0000355_00001_v,1360x766,219,1.855,10.387,25.117,6.844,45.14,31.195,78.19,300
uav0000355_00001_v,1360x766,220,1.97,10.087,25.207,7.237,45.109,31.346,78.425,300
uav0000355_00001_v,1360x766,221,2.071,10.408,25.345,6.742,45.285,31.075,78.431,300
uav0000355_00001_v,1360x766,222,1.784,10.168,25.183,6.854,44.76,31.0,77.544,300
uav0000355_00001_v,1360x766,223,1.888,10.067,25.088,6.697,44.616,29.942,76.446,300
uav0000355_00001_v,1360x766,224,2.126,9.446,22.606,7.05,41.721,29.973,73.821,300
uav0000355_00001_v,1360x766,225,1.849,10.149,25.255,7.29,45.413,29.394,76.655,300
uav0000355_00001_v,1360x766,226,1.785,10.644,25.204,6.676,45.24,29.693,76.719,300
uav0000355_00001_v,1360x766,227,1.897,10.357,25.085,7.13,45.364,30.474,77.734,300
uav0000355_00001_v,1360x766,228,1.842,10.209,25.37,7.368,45.483,29.958,77.283,300
uav0000355_00001_v,1360x766,229,2.073,10.518,25.235,6.706,45.237,29.693,77.002,300
uav0000355_00001_v,1360x766,230,1.878,10.303,25.568,6.533,45.099,33.437,80.414,300
uav0000355_00001_v,1360x766,231,1.904,10.205,25.065,6.414,44.317,29.865,76.086,300
uav0000355_00001_v,1360x766,232,1.813,10.119,25.255,6.611,44.779,29.189,75.782,300
uav0000355_00001_v,1360x766,233,1.87,10.192,25.334,6.335,44.443,29.369,75.681,300
uav0000355_00001_v,1360x766,234,2.106,10.171,25.347,6.26,44.284,29.488,75.877,300
uav0000355_00001_v,1360x766,235,1.861,10.286,25.033,6.748,44.868,30.134,76.863,300
uav0000355_00001_v,1360x766,236,1.943,10.094,25.252,7.014,44.889,30.357,77.189,300
uav0000355_00001_v,1360x766,237,1.929,10.323,23.835,6.715,43.412,29.826,75.168,300
uav0000355_00001_v,1360x766,238,1.927,10.093,25.383,6.946,44.874,29.468,76.269,300
uav0000355_00001_v,1360x766,239,2.149,10.089,25.105,6.952,44.82,31.013,77.983,300
uav0000355_00001_v,1360x766,240,2.033,10.032,25.253,6.744,44.727,31.534,78.293,300
uav0000355_00001_v,1360x766,241,1.924,10.137,25.301,7.201,45.272,29.945,77.141,300
uav0000355_00001_v,1360x766,242,1.805,10.158,25.584,6.745,45.069,27.798,74.672,300
uav0000355_00001_v,1360x766,243,2.157,10.395,25.203,6.758,44.953,28.263,75.373,300
uav0000355_00001_v,1360x766,244,1.572,10.536,25.083,7.145,44.945,28.191,74.708,300
uav0000355_00001_v,1360x766,245,1.741,10.255,25.072,6.677,44.572,28.359,74.672,300
uav0000355_00001_v,1360x766,246,1.83,10.386,25.293,6.825,45.241,27.9,74.971,300
uav0000355_00001_v,1360x766,247,2.626,10.484,25.363,7.25,45.98,27.598,76.204,300
uav0000355_00001_v,1360x766,248,1.808,10.414,25.511,6.951,45.629,27.757,75.193,300
uav0000355_00001_v,1360x766,249,1.937,10.298,25.135,7.462,45.67,28.242,75.849,300
uav0000355_00001_v,1360x766,250,1.962,10.305,25.328,7.405,45.686,32.09,79.738,300
uav0000355_00001_v,1360x766,251,1.907,10.953,25.356,7.653,46.901,30.8,79.608,300
uav0000355_00001_v,1360x766,252,1.812,10.573,25.343,7.746,46.525,28.274,76.611,300
uav0000355_00001_v,1360x766,253,1.886,10.642,25.219,7.555,46.291,28.121,76.299,300
uav0000355_00001_v,1360x766,254,1.95,10.678,25.237,7.1,45.723,29.962,77.635,300
uav0000355_00001_v,1360x766,255,1.796,10.566,25.764,7.766,46.717,28.726,77.239,300
uav0000355_00001_v,1360x766,256,1.722,10.59,25.334,7.45,46.16,29.953,77.835,300
uav0000355_00001_v,1360x766,257,1.822,10.593,21.995,7.082,42.348,29.274,73.444,300
uav0000355_00001_v,1360x766,258,1.889,10.238,25.222,7.248,45.429,28.549,75.867,300
uav0000355_00001_v,1360x766,259,1.874,10.24,25.324,7.26,45.334,29.655,76.863,300
uav0000355_00001_v,1360x766,260,1.924,10.603,26.285,6.904,46.561,29.638,78.122,300
uav0000355_00001_v,1360x766,261,1.892,10.202,25.406,7.344,45.709,29.054,76.654,300
uav0000355_00001_v,1360x766,262,1.626,11.352,23.6,6.672,44.408,25.53,71.564,300
uav0000355_00001_v,1360x766,263,1.613,10.428,22.085,6.81,41.69,22.742,66.045,300
uav0000355_00001_v,1360x766,264,1.079,9.065,25.365,6.685,43.278,28.746,73.103,300
uav0000355_00001_v,1360x766,265,1.647,8.837,22.59,6.827,40.726,27.884,70.257,300
uav0000355_00001_v,1360x766,266,1.785,10.097,25.356,7.101,45.001,27.234,74.019,300
uav0000355_00001_v,1360x766,267,1.643,10.438,25.294,7.001,45.356,28.615,75.615,300
uav0000355_00001_v,1360x766,268,1.599,10.172,22.295,6.544,41.441,26.134,69.174,300
uav0000355_00001_v,1360x766,269,1.834,10.092,25.269,7.134,45.109,28.633,75.576,300
uav0000355_00001_v,1360x766,270,1.657,10.102,25.471,6.573,44.596,26.285,72.538,300
uav0000355_00001_v,1360x766,271,1.204,10.522,25.393,6.637,44.689,27.319,73.212,300
uav0000355_00001_v,1360x766,272,1.678,10.235,25.412,7.419,45.879,27.472,75.029,300
uav0000355_00001_v,1360x766,273,1.749,10.093,22.826,7.08,42.67,27.286,71.705,300
uav0000355_00001_v,1360x766,274,1.692,10.049,21.93,7.438,42.276,25.63,69.597,300
uav0000355_00001_v,1360x766,275,1.643,10.303,22.464,6.592,41.723,26.54,69.905,300
uav0000355_00001_v,1360x766,276,1.857,10.171,25.305,6.977,45.043,26.468,73.368,300
uav0000355_00001_v,1360x766,277,1.826,10.06,25.218,7.085,44.967,26.531,73.324,300
uav0000355_00001_v,1360x766,278,1.209,10.963,25.513,6.871,45.654,27.637,74.499,300
uav0000355_00001_v,1360x766,279,1.725,10.393,25.447,7.402,45.913,26.621,74.259,300
uav0000355_00001_v,1360x766,280,1.571,10.385,23.768,6.858,43.759,27.574,72.904,300
uav0000355_00001_v,1360x766,281,1.798,10.532,25.179,7.636,45.982,28.1,75.879,300
uav0000355_00001_v,1360x766,282,1.67,10.348,25.373,7.167,45.332,28.297,75.299,300
uav0000355_00001_v,1360x766,283,1.636,10.285,23.481,7.08,43.58,29.45,74.666,300
uav0000355_00001_v,1360x766,284,1.764,10.218,25.304,7.326,45.618,27.677,75.059,300
uav0000355_00001_v,1360x766,285,1.705,10.421,25.207,7.137,45.426,27.626,74.757,300
uav0000355_00001_v,1360x766,286,1.728,10.002,22.007,7.294,42.153,25.821,69.703,300
uav0000355_00001_v,1360x766,287,1.665,10.683,25.399,6.918,45.743,27.951,75.358,300
uav0000355_00001_v,1360x766,288,1.681,10.656,25.364,7.124,45.91,28.009,75.6,300
uav0000355_00001_v,1360x766,289,1.721,10.548,25.31,7.142,45.69,26.233,73.644,300
uav0000355_00001_v,1360x766,290,1.785,10.436,25.382,6.785,45.219,27.72,74.725,300
uav0000355_00001_v,1360x766,291,1.589,10.303,22.896,6.997,42.65,28.963,73.203,300
uav0000355_00001_v,1360x766,292,1.626,11.451,25.288,7.042,48.456,28.66,78.742,300
uav0000355_00001_v,1360x766,293,1.735,10.414,22.403,6.855,42.41,25.402,69.547,300
uav0000355_00001_v,1360x766,294,1.623,10.326,25.378,7.166,45.482,26.756,73.861,300
uav0000355_00001_v,1360x766,295,1.614,10.822,25.351,6.701,46.178,28.361,76.153,300
uav0000355_00001_v,1360x766,296,1.781,10.597,25.674,8.622,47.556,28.791,78.127,300
uav0000355_00001_v,1360x766,297,1.861,10.315,25.242,8.245,46.653,29.288,77.803,300
uav0000355_00001_v,1360x766,298,2.125,13.093,24.202,8.387,48.67,29.992,80.786,300
uav0000355_00001_v,1360x766,299,2.265,10.586,25.452,8.211,47.194,31.519,80.978,300
uav0000355_00001_v,1360x766,300,2.126,10.749,25.37,8.034,47.066,31.771,80.964,300
uav0000355_00001_v,1360x766,301,1.913,10.651,25.215,7.783,46.451,32.03,80.393,300
uav0000355_00001_v,1360x766,302,1.951,10.961,25.457,7.087,46.716,32.104,80.772,300
uav0000355_00001_v,1360x766,303,2.083,10.549,25.762,7.292,46.66,30.927,79.669,300
uav0000355_00001_v,1360x766,304,2.1,10.924,25.736,7.673,46.965,33.616,82.681,300
uav0000355_00001_v,1360x766,305,2.251,11.301,25.661,7.188,47.041,32.166,81.457,300
uav0000355_00001_v,1360x766,306,1.985,10.892,25.566,6.823,45.976,30.514,78.475,300
uav0000355_00001_v,1360x766,307,1.954,10.799,25.365,6.889,45.829,31.763,79.546,300
uav0000355_00001_v,1360x766,308,1.995,10.848,25.576,7.33,46.548,29.459,78.002,300
uav0000355_00001_v,1360x766,309,1.808,10.292,25.15,7.068,45.4,30.089,77.298,300
uav0000355_00001_v,1360x766,310,1.9,10.231,25.346,7.232,45.37,31.24,78.51,300
uav0000355_00001_v,1360x766,311,1.508,10.938,25.244,6.911,45.907,30.175,77.59,300
uav0000355_00001_v,1360x766,312,1.913,10.644,25.546,7.574,46.553,30.558,79.025,300
uav0000355_00001_v,1360x766,313,1.86,10.179,25.048,6.509,44.361,29.751,75.972,300
uav0000355_00001_v,1360x766,314,1.633,10.201,25.263,6.862,45.135,30.162,76.929,300
uav0000355_00001_v,1360x766,315,1.952,10.244,25.389,7.471,45.869,31.598,79.419,300
uav0000355_00001_v,1360x766,316,1.736,10.56,25.701,7.745,46.824,32.253,80.812,300
uav0000355_00001_v,1360x766,317,2.087,10.702,23.823,7.006,44.159,32.835,79.081,300
uav0000355_00001_v,1360x766,318,1.795,10.182,25.374,7.243,45.399,31.06,78.253,300
uav0000355_00001_v,1360x766,319,1.766,10.452,25.318,6.803,45.245,31.464,78.475,300
uav0000355_00001_v,1360x766,320,1.799,10.13,25.304,7.364,45.513,31.946,79.259,300
uav0000355_00001_v,1360x766,321,2.144,10.614,25.385,7.542,46.316,31.218,79.678,300
uav0000355_00001_v,1360x766,322,2.124,10.261,25.552,7.486,45.815,30.22,78.158,300
uav0000355_00001_v,1360x766,323,1.717,10.465,25.337,6.871,45.371,30.365,77.454,300
uav0000355_00001_v,1360x766,324,1.869,10.943,25.26,7.315,46.162,32.047,80.077,300
uav0000355_00001_v,1360x766,325,1.896,10.179,25.076,7.345,45.294,31.19,78.38,300
uav0000355_00001_v,1360x766,326,1.797,10.438,25.323,6.974,45.41,30.366,77.573,300
uav0000355_00001_v,1360x766,327,1.813,10.336,25.312,7.143,45.404,30.534,77.752,300
uav0000355_00001_v,1360x766,328,1.857,10.389,25.202,6.767,45.024,29.69,76.571,300
uav0000355_00001_v,1360x766,329,1.877,10.369,25.079,6.82,45.081,30.32,77.278,300
uav0000355_00001_v,1360x766,330,1.761,10.075,24.173,6.827,43.77,30.649,76.18,300
uav0000355_00001_v,1360x766,331,1.8,10.177,25.311,7.267,45.404,29.698,76.902,300
uav0000355_00001_v,1360x766,332,1.833,10.36,25.307,7.374,45.796,30.054,77.683,300
uav0000355_00001_v,1360x766,333,1.841,10.295,25.118,6.922,45.072,30.866,77.78,300
uav0000355_00001_v,1360x766,334,1.869,10.407,25.287,7.651,46.132,31.496,79.498,300
uav0000355_00001_v,1360x766,335,1.801,10.332,25.367,7.2,45.367,29.844,77.011,300
uav0000355_00001_v,1360x766,336,2.07,10.406,25.332,7.147,45.565,30.692,78.327,300
uav0000355_00001_v,1360x766,337,1.848,10.857,25.151,7.265,45.929,32.004,79.781,300
uav0000355_00001_v,1360x766,338,1.752,10.209,25.216,6.594,44.529,30.087,76.368,300
uav0000355_00001_v,1360x766,339,1.834,10.259,25.341,7.153,45.296,30.466,77.597,300
uav0000355_00001_v,1360x766,340,1.742,10.473,25.252,6.898,45.27,29.99,77.002,300
uav0000355_00001_v,1360x766,341,1.855,10.329,25.181,6.88,45.102,30.798,77.755,300
uav0000355_00001_v,1360x766,342,1.873,10.144,25.374,7.306,45.348,31.387,78.608,300
uav0000355_00001_v,1360x766,343,1.82,10.098,24.186,6.951,43.914,30.403,76.138,300
uav0000355_00001_v,1360x766,344,2.018,10.17,25.276,6.701,44.937,29.383,76.338,300
uav0000355_00001_v,1360x766,345,1.881,10.108,25.113,6.391,44.188,29.635,75.704,300
uav0000355_00001_v,1360x766,346,1.771,9.933,25.165,6.685,44.549,28.505,74.825,300
uav0000355_00001_v,1360x766,347,2.066,10.198,25.223,6.722,44.79,29.153,76.01,300
uav0000355_00001_v,1360x766,348,2.077,10.074,25.244,6.738,44.695,28.696,75.469,300
uav0000355_00001_v,1360x766,349,2.202,10.196,25.388,6.798,45.047,29.751,77.001,300
uav0000355_00001_v,1360x766,350,1.573,8.654,24.144,7.228,42.157,28.32,72.05,300
uav0000355_00001_v,1360x766,351,1.765,10.34,25.327,6.667,44.997,30.345,77.108,300
uav0000355_00001_v,1360x766,352,1.789,9.969,25.243,6.686,44.493,28.654,74.936,300
uav0000355_00001_v,1360x766,353,1.802,10.286,25.405,6.461,44.71,29.821,76.333,300
uav0000355_00001_v,1360x766,354,2.126,10.013,25.297,7.044,44.831,28.34,75.297,300
uav0000355_00001_v,1360x766,355,1.826,10.293,25.444,6.812,45.404,28.644,75.875,300
uav0000355_00001_v,1360x766,356,2.075,10.244,25.328,6.775,45.133,31.705,78.913,300
uav0000355_00001_v,1360x766,357,1.805,10.397,25.131,7.032,45.312,29.555,76.672,300
uav0000355_00001_v,1360x766,358,1.804,10.348,25.218,6.948,45.27,30.137,77.21,300
uav0000355_00001_v,1360x766,359,2.138,10.381,25.354,7.12,45.331,28.852,76.321,300
uav0000355_00001_v,1360x766,360,1.892,10.334,25.324,7.372,45.512,29.212,76.617,300
uav0000355_00001_v,1360x766,361,1.987,10.345,25.2,7.461,45.827,29.155,76.969,300
uav0000355_00001_v,1360x766,362,2.026,10.39,25.325,6.962,45.409,28.769,76.205,300
uav0000355_00001_v,1360x766,363,1.757,10.384,24.235,7.067,44.388,28.577,74.722,300
uav0000355_00001_v,1360x766,364,1.862,10.527,25.25,6.999,45.559,29.212,76.634,300
uav0000355_00001_v,1360x766,365,2.124,10.431,25.128,6.946,45.258,28.817,76.198,300
uav0000355_00001_v,1360x766,366,1.814,10.384,25.266,6.865,45.219,29.42,76.453,300
uav0000355_00001_v,1360x766,367,1.843,10.38,25.282,6.909,45.327,28.79,75.96,300
uav0000355_00001_v,1360x766,368,1.816,10.392,25.093,6.902,45.041,29.826,76.683,300
uav0000355_00001_v,1360x766,369,1.822,10.231,25.195,6.66,44.77,29.551,76.143,300
uav0000355_00001_v,1360x766,370,1.54,9.601,25.237,6.969,44.187,30.147,75.874,300
uav0000355_00001_v,1360x766,371,2.224,10.268,25.258,7.154,45.238,29.533,76.994,300
uav0000355_00001_v,1360x766,372,1.839,10.396,25.332,7.386,45.865,29.751,77.455,300
uav0000355_00001_v,1360x766,373,2.103,10.3,25.044,7.004,45.087,30.093,77.283,300
uav0000355_00001_v,1360x766,374,1.773,10.306,25.24,7.393,45.559,29.529,76.861,300
uav0000355_00001_v,1360x766,375,2.126,10.436,25.306,7.468,45.946,30.421,78.493,300
uav0000355_00001_v,1360x766,376,1.788,10.304,25.667,6.915,45.343,30.962,78.092,300
uav0000355_00001_v,1360x766,377,2.029,10.545,25.225,7.017,45.598,26.776,74.403,300
uav0000355_00001_v,1360x766,378,1.819,10.212,25.236,6.675,44.649,25.875,72.343,300
uav0000355_00001_v,1360x766,379,1.874,10.485,26.168,7.029,46.345,27.79,76.01,300
uav0000355_00001_v,1360x766,380,1.617,8.869,23.711,7.628,43.236,27.162,72.016,300
uav0000355_00001_v,1360x766,381,1.687,10.723,25.117,8.423,47.064,29.352,78.103,300
uav0000355_00001_v,1360x766,382,1.606,11.341,26.364,8.117,48.713,29.112,79.432,300
uav0000355_00001_v,1360x766,383,1.953,11.844,22.833,7.425,45.389,31.463,78.805,300
uav0000355_00001_v,1360x766,384,2.095,10.656,25.374,6.799,45.637,26.419,74.15,300
uav0000355_00001_v,1360x766,385,1.841,10.05,25.062,6.893,44.836,25.656,72.333,300
uav0000355_00001_v,1360x766,386,1.771,10.14,25.372,6.599,44.718,26.309,72.798,300
uav0000355_00001_v,1360x766,387,1.851,10.401,25.298,7.61,46.032,26.984,74.868,300
uav0000355_00001_v,1360x766,388,1.998,10.271,25.238,7.302,45.412,26.991,74.401,300
uav0000355_00001_v,1360x766,389,1.876,10.569,25.055,7.008,45.366,27.677,74.92,300
uav0000355_00001_v,1360x766,390,1.636,9.706,25.405,7.688,45.708,26.108,73.452,300
uav0000355_00001_v,1360x766,391,1.803,10.633,25.469,6.982,45.651,26.163,73.617,300
uav0000355_00001_v,1360x766,392,1.934,10.941,25.353,7.368,46.393,26.513,74.84,300
uav0000355_00001_v,1360x766,393,2.148,10.474,25.114,6.596,44.946,26.631,73.724,300
uav0000355_00001_v,1360x766,394,1.899,10.455,25.195,7.395,45.839,28.121,75.859,300
uav0000355_00001_v,1360x766,395,1.924,11.08,25.286,7.287,46.542,29.123,77.589,300
uav0000355_00001_v,1360x766,396,1.819,10.586,25.24,6.773,45.309,29.869,76.997,300
uav0000355_00001_v,1360x766,397,2.006,10.769,25.241,7.888,46.862,29.114,77.982,300
uav0000355_00001_v,1360x766,398,1.866,10.719,25.257,7.193,45.987,29.293,77.146,300
uav0000355_00001_v,1360x766,399,1.788,10.759,25.561,6.864,45.856,29.152,76.795,300
uav0000355_00001_v,1360x766,400,1.867,10.449,25.248,7.253,45.725,28.934,76.526,300
uav0000355_00001_v,1360x766,401,1.991,10.519,25.157,7.574,46.048,27.943,75.983,300
uav0000355_00001_v,1360x766,402,1.861,10.489,25.333,7.231,45.602,27.934,75.397,300
uav0000355_00001_v,1360x766,403,1.779,10.522,24.077,7.135,44.671,28.738,75.188,300
uav0000355_00001_v,1360x766,404,1.846,10.305,25.301,6.605,44.726,27.391,73.963,300
uav0000355_00001_v,1360x766,405,2.007,10.761,25.478,7.055,46.016,27.95,75.974,300
uav0000355_00001_v,1360x766,406,1.85,10.335,25.238,7.335,45.577,26.617,74.044,300
uav0000355_00001_v,1360x766,407,1.815,10.521,25.295,6.877,45.477,27.878,75.171,300
uav0000355_00001_v,1360x766,408,1.869,10.602,25.316,6.926,45.569,27.646,75.084,300
uav0000355_00001_v,1360x766,409,2.148,10.482,25.295,6.81,45.314,28.111,75.573,300
uav0000355_00001_v,1360x766,410,1.655,9.048,22.611,7.357,41.73,27.732,71.118,300
uav0000355_00001_v,1360x766,411,1.915,10.765,25.374,7.457,46.382,27.913,76.21,300
uav0000355_00001_v,1360x766,412,1.814,10.931,25.257,7.179,46.232,27.328,75.373,300
uav0000355_00001_v,1360x766,413,2.224,10.43,25.108,7.532,45.931,25.87,74.025,300
uav0000355_00001_v,1360x766,414,2.125,10.549,25.273,6.997,45.6,25.88,73.605,300
uav0000355_00001_v,1360x766,415,2.083,10.607,25.39,7.614,46.374,25.523,73.979,300
uav0000355_00001_v,1360x766,416,2.114,10.919,25.172,7.038,45.937,27.211,75.262,300
uav0000355_00001_v,1360x766,417,1.465,11.366,25.169,7.295,46.29,28.403,76.159,300
uav0000355_00001_v,1360x766,418,1.782,10.55,25.277,7.099,45.714,27.821,75.317,300
uav0000355_00001_v,1360x766,419,2.129,10.591,25.251,7.131,45.826,28.669,76.624,300
uav0000355_00001_v,1360x766,420,1.848,10.791,25.446,7.239,46.388,29.31,77.545,300
uav0000355_00001_v,1360x766,421,1.865,10.484,25.155,7.456,45.854,28.859,76.579,300
uav0000355_00001_v,1360x766,422,1.803,10.462,25.4,6.851,45.435,29.655,76.893,300
uav0000355_00001_v,1360x766,423,1.976,10.413,25.347,7.737,46.121,30.79,78.887,300
uav0000355_00001_v,1360x766,424,1.855,10.565,25.36,7.708,46.581,30.513,78.949,300
uav0000355_00001_v,1360x766,425,2.175,10.518,25.135,7.514,46.028,27.566,75.77,300
uav0000355_00001_v,1360x766,426,2.108,10.458,25.358,7.035,45.649,27.434,75.191,300
uav0000355_00001_v,1360x766,427,1.868,10.679,25.345,7.065,45.803,27.893,75.564,300
uav0000355_00001_v,1360x766,428,2.088,10.696,25.328,7.14,45.923,27.287,75.298,300
uav0000355_00001_v,1360x766,429,2.142,10.615,25.138,7.002,45.49,27.172,74.804,300
uav0000355_00001_v,1360x766,430,1.768,10.357,22.004,7.393,42.548,27.261,71.577,300
uav0000355_00001_v,1360x766,431,1.824,10.52,25.325,7.416,46.027,26.713,74.563,300
uav0000355_00001_v,1360x766,432,1.814,10.645,25.28,7.1,45.89,26.361,74.064,300
uav0000355_00001_v,1360x766,433,1.997,10.523,25.083,6.917,45.168,25.973,73.138,300
uav0000355_00001_v,1360x766,434,1.838,10.729,25.586,7.282,46.276,27.186,75.299,300
uav0000355_00001_v,1360x766,435,1.789,10.61,25.261,7.43,46.028,27.48,75.298,300
uav0000355_00001_v,1360x766,436,1.794,10.533,25.302,7.034,45.388,27.047,74.23,300
uav0000355_00001_v,1360x766,437,1.456,9.135,25.156,7.745,44.496,26.577,72.529,300
uav0000355_00001_v,1360x766,438,1.84,10.604,25.302,7.569,46.144,27.196,75.18,300
uav0000355_00001_v,1360x766,439,2.021,10.644,25.346,7.232,45.93,26.828,74.778,300
uav0000355_00001_v,1360x766,440,1.834,10.668,25.297,7.14,45.834,28.26,75.929,300
uav0000355_00001_v,1360x766,441,2.187,10.626,25.056,7.143,45.623,28.448,76.258,300
uav0000355_00001_v,1360x766,442,1.862,10.606,25.248,6.984,45.565,27.416,74.843,300
uav0000355_00001_v,1360x766,443,1.837,10.529,25.284,6.946,45.266,30.367,77.47,300
uav0000355_00001_v,1360x766,444,1.796,11.003,25.271,7.065,46.151,27.617,75.564,300
uav0000355_00001_v,1360x766,445,1.841,10.673,25.185,6.863,45.464,27.285,74.589,300
uav0000355_00001_v,1360x766,446,1.845,10.533,25.257,7.567,46.145,27.326,75.316,300
uav0000355_00001_v,1360x766,447,1.793,10.5,25.307,7.55,45.962,27.588,75.343,300
uav0000355_00001_v,1360x766,448,1.751,10.421,25.27,6.88,45.244,28.419,75.414,300
uav0000355_00001_v,1360x766,449,1.91,10.57,25.123,6.96,45.431,27.351,74.692,300
uav0000355_00001_v,1360x766,450,2.123,10.726,24.677,7.157,45.366,27.976,75.465,300
uav0000355_00001_v,1360x766,451,1.874,10.662,25.348,7.561,46.383,27.296,75.553,300
uav0000355_00001_v,1360x766,452,2.141,10.479,25.683,7.691,46.598,27.899,76.637,300
uav0000355_00001_v,1360x766,453,2.181,10.636,25.078,7.233,45.704,27.667,75.552,300
uav0000355_00001_v,1360x766,454,1.941,10.542,25.215,7.28,45.831,29.03,76.801,300
uav0000355_00001_v,1360x766,455,1.815,10.597,25.307,7.119,45.751,26.966,74.532,300
uav0000355_00001_v,1360x766,456,1.849,10.587,25.21,7.04,45.394,28.552,75.795,300
uav0000355_00001_v,1360x766,457,1.894,9.417,22.38,7.745,42.289,28.964,73.148,300
uav0000355_00001_v,1360x766,458,1.792,10.655,25.207,7.002,45.563,28.698,76.053,300
uav0000355_00001_v,1360x766,459,1.854,10.718,25.676,7.066,46.069,27.354,75.277,300
uav0000355_00001_v,1360x766,460,1.897,10.641,25.647,7.629,46.783,28.418,77.097,300
uav0000355_00001_v,1360x766,461,1.699,10.714,25.151,7.112,45.77,28.711,76.18,300
uav0000355_00001_v,1360x766,462,1.585,10.602,25.013,6.807,45.102,27.689,74.375,300
uav0000355_00001_v,1360x766,463,1.533,10.523,24.995,6.878,44.932,27.804,74.269,300
uav0000355_00001_v,1360x766,464,1.61,11.023,24.974,7.554,46.231,28.93,76.771,300
uav0000355_00001_v,1360x766,465,1.471,10.414,24.952,7.372,45.372,29.35,76.193,300
uav0000355_00001_v,1360x766,466,1.725,10.396,25.021,7.319,45.278,29.457,76.46,300
uav0000355_00001_v,1360x766,467,1.569,10.188,25.005,7.254,44.897,28.936,75.402,300
uav0000355_00001_v,1360x766,468,1.476,10.387,24.99,7.341,45.24,28.009,74.724,300
uav0000370_00001_v,2720x1530,1,127.452,8.319,20.147,4.114,34.382,2.4,164.235,60
uav0000370_00001_v,2720x1530,2,6.078,8.463,22.088,6.692,39.55,5.757,51.385,62
uav0000370_00001_v,2720x1530,3,6.863,11.399,25.309,6.949,46.541,6.106,59.51,78
uav0000370_00001_v,2720x1530,4,9.331,12.157,21.3,5.214,41.714,5.995,57.041,70
uav0000370_00001_v,2720x1530,5,4.95,9.508,22.958,6.158,41.407,5.462,51.819,71
uav0000370_00001_v,2720x1530,6,5.17,8.534,20.064,4.014,34.67,4.201,44.041,76
uav0000370_00001_v,2720x1530,7,3.817,11.517,20.016,4.904,38.521,5.341,47.678,99
uav0000370_00001_v,2720x1530,8,3.501,8.872,20.128,4.514,35.376,4.068,42.945,99
uav0000370_00001_v,2720x1530,9,3.641,8.801,20.103,5.172,36.093,5.332,45.066,93
uav0000370_00001_v,2720x1530,10,3.43,8.736,20.124,4.357,34.973,4.074,42.476,97
uav0000370_00001_v,2720x1530,11,5.022,10.088,25.261,6.211,43.767,5.63,54.419,114
uav0000370_00001_v,2720x1530,12,6.346,8.515,20.074,5.244,36.54,5.953,48.838,138
uav0000370_00001_v,2720x1530,13,3.85,8.072,20.067,4.767,34.785,5.661,44.296,120
uav0000370_00001_v,2720x1530,14,3.922,8.795,20.162,4.433,35.218,4.258,43.398,120
uav0000370_00001_v,2720x1530,15,3.659,8.795,20.039,4.588,35.337,5.0,43.996,106
uav0000370_00001_v,2720x1530,16,3.582,8.713,20.074,4.288,34.859,4.676,43.118,92
uav0000370_00001_v,2720x1530,17,3.469,8.385,20.047,4.114,34.349,4.023,41.841,112
uav0000370_00001_v,2720x1530,18,4.436,8.263,20.017,4.39,34.458,5.152,44.046,117
uav0000370_00001_v,2720x1530,19,4.357,9.993,20.091,5.054,37.018,6.003,47.378,113
uav0000370_00001_v,2720x1530,20,3.725,8.847,20.101,4.392,35.152,5.141,44.018,101
uav0000370_00001_v,2720x1530,21,3.654,8.809,20.103,4.805,35.619,5.746,45.019,70
uav0000370_00001_v,2720x1530,22,3.851,8.76,20.079,4.34,34.9,4.699,43.45,74
uav0000370_00001_v,2720x1530,23,3.599,8.403,20.026,6.303,36.531,4.981,45.111,81
uav0000370_00001_v,2720x1530,24,3.628,8.158,20.159,4.045,34.019,4.032,41.679,103
uav0000370_00001_v,2720x1530,25,3.935,9.698,20.035,4.797,36.656,5.864,46.455,113
uav0000370_00001_v,2720x1530,26,3.611,8.562,20.014,4.268,34.548,4.483,42.643,125
uav0000370_00001_v,2720x1530,27,3.524,8.601,20.064,4.171,34.644,5.18,43.349,126
uav0000370_00001_v,2720x1530,28,4.394,8.722,20.08,4.206,34.801,4.816,44.011,133
uav0000370_00001_v,2720x1530,29,4.295,8.268,20.098,4.345,34.591,6.072,44.958,114
uav0000370_00001_v,2720x1530,30,3.959,9.885,20.027,4.949,36.927,8.08,48.965,116
uav0000370_00001_v,2720x1530,31,4.247,10.444,20.11,5.25,38.038,8.599,50.884,106
uav0000370_00001_v,2720x1530,32,3.409,8.235,20.1,4.082,34.152,7.768,45.33,122
uav0000370_00001_v,2720x1530,33,4.223,10.015,20.294,5.522,37.964,8.788,50.976,142
uav0000370_00001_v,2720x1530,34,3.988,8.784,20.046,4.4,35.005,6.024,45.017,107
uav0000370_00001_v,2720x1530,35,4.201,8.752,20.067,4.368,35.054,7.53,46.784,111
uav0000370_00001_v,2720x1530,36,3.986,9.899,20.091,5.076,37.021,8.315,49.322,99
uav0000370_00001_v,2720x1530,37,4.53,10.194,20.12,5.439,38.055,9.149,51.734,137
uav0000370_00001_v,2720x1530,38,3.577,8.494,20.032,4.174,34.41,6.415,44.402,124
uav0000370_00001_v,2720x1530,39,3.523,8.501,20.02,4.095,34.358,6.963,44.844,111
uav0000370_00001_v,2720x1530,40,3.805,8.362,20.098,4.148,34.328,5.946,44.079,87
uav0000370_00001_v,2720x1530,41,3.391,8.477,20.011,4.844,35.25,7.548,46.189,103
uav0000370_00001_v,2720x1530,42,3.925,9.58,20.036,4.926,36.705,8.959,49.589,111
uav0000370_00001_v,2720x1530,43,4.094,8.972,20.049,4.895,35.838,7.948,47.879,118
uav0000370_00001_v,2720x1530,44,3.562,8.158,20.274,4.72,35.222,6.044,44.829,105
uav0000370_00001_v,2720x1530,45,3.416,8.189,20.117,4.582,34.73,7.178,45.324,106
uav0000370_00001_v,2720x1530,46,3.624,8.701,19.975,4.986,35.5,8.849,47.973,125
uav0000370_00001_v,2720x1530,47,3.559,8.471,20.056,4.77,35.218,8.545,47.322,129
uav0000370_00001_v,2720x1530,48,3.51,8.338,20.182,4.727,35.06,8.97,47.54,127
uav0000370_00001_v,2720x1530,49,4.135,9.651,20.091,5.198,36.829,8.377,49.34,129
uav0000370_00001_v,2720x1530,50,3.636,8.625,20.032,4.399,34.804,6.684,45.124,115
uav0000370_00001_v,2720x1530,51,3.513,8.453,20.052,4.661,34.999,8.739,47.251,117
uav0000370_00001_v,2720x1530,52,3.527,8.461,20.113,4.384,34.633,6.671,44.831,119
uav0000370_00001_v,2720x1530,53,4.255,8.396,20.029,4.868,35.303,9.966,49.525,117
uav0000370_00001_v,2720x1530,54,3.747,8.649,20.045,4.32,34.833,7.813,46.393,109
uav0000370_00001_v,2720x1530,55,3.829,8.858,20.082,4.078,34.978,8.612,47.419,110
uav0000370_00001_v,2720x1530,56,4.17,8.424,20.099,4.282,34.49,6.932,45.593,121
uav0000370_00001_v,2720x1530,57,3.526,9.63,20.077,4.837,36.521,8.568,48.615,120
uav0000370_00001_v,2720x1530,58,3.6,8.601,20.017,4.21,34.605,7.133,45.338,134
uav0000370_00001_v,2720x1530,59,3.657,8.509,20.028,4.406,34.679,8.728,47.063,128
uav0000370_00001_v,2720x1530,60,3.58,8.365,20.208,4.487,34.798,6.541,44.919,128
uav0000370_00001_v,2720x1530,61,4.393,9.345,20.119,4.782,36.1,6.547,47.04,116
uav0000370_00001_v,2720x1530,62,3.481,8.354,20.066,4.335,34.499,6.926,44.906,135
uav0000370_00001_v,2720x1530,63,3.545,8.681,20.029,4.527,35.299,8.117,46.96,115
uav0000370_00001_v,2720x1530,64,3.658,8.364,20.121,4.23,34.47,5.743,43.871,125
uav0000370_00001_v,2720x1530,65,3.367,8.24,20.115,4.755,34.957,6.623,44.947,100
uav0000370_00001_v,2720x1530,66,3.495,8.448,20.034,4.185,34.344,6.197,44.035,96
uav0000370_00001_v,2720x1530,67,4.43,8.582,20.03,4.339,34.811,7.329,46.57,135
uav0000370_00001_v,2720x1530,68,3.803,8.291,20.063,4.242,34.266,6.229,44.298,122
uav0000370_00001_v,2720x1530,69,3.948,8.346,20.043,5.035,35.189,7.379,46.515,99
uav0000370_00001_v,2720x1530,70,3.648,8.491,20.031,4.111,34.357,5.955,43.96,107
uav0000370_00001_v,2720x1530,71,3.506,8.543,20.035,4.135,34.411,7.442,45.359,101
uav0000370_00001_v,2720x1530,72,3.474,8.512,20.092,4.148,34.498,5.914,43.886,111
uav0000370_00001_v,2720x1530,73,3.412,8.683,20.005,4.923,35.399,5.757,44.568,120
uav0000370_00001_v,2720x1530,74,3.382,8.147,20.042,4.335,34.285,6.069,43.736,120
uav0000370_00001_v,2720x1530,75,3.628,8.486,20.046,4.172,34.44,5.871,43.939,117
uav0000370_00001_v,2720x1530,76,3.426,8.305,20.084,4.404,34.505,5.887,43.817,119
uav0000370_00001_v,2720x1530,77,3.311,8.211,20.036,4.687,34.767,6.686,44.764,117
uav0000370_00001_v,2720x1530,78,3.567,8.506,20.052,4.416,34.721,6.071,44.359,140
uav0000370_00001_v,2720x1530,79,3.632,8.475,20.038,4.133,34.33,6.669,44.631,107
uav0000370_00001_v,2720x1530,80,3.811,8.336,20.079,4.39,34.54,5.647,43.998,106
uav0000370_00001_v,2720x1530,81,3.597,8.314,20.037,4.818,35.098,6.87,45.564,107
uav0000370_00001_v,2720x1530,82,4.006,8.497,20.035,4.273,34.573,5.9,44.478,103
uav0000370_00001_v,2720x1530,83,3.454,8.495,20.053,4.412,34.774,7.076,45.305,101
uav0000370_00001_v,2720x1530,84,3.727,8.504,20.073,4.382,34.692,5.934,44.353,122
uav0000370_00001_v,2720x1530,85,3.9,8.326,20.081,5.225,35.562,6.66,46.121,81
uav0000370_00001_v,2720x1530,86,3.816,8.555,20.022,4.391,34.773,5.078,43.667,116
uav0000370_00001_v,2720x1530,87,3.55,8.473,20.047,4.464,34.761,6.578,44.889,123
uav0000370_00001_v,2720x1530,88,3.789,8.305,20.071,4.825,34.926,5.338,44.054,131
uav0000370_00001_v,2720x1530,89,4.623,8.276,20.027,4.767,35.02,5.676,45.32,106
uav0000370_00001_v,2720x1530,90,3.645,8.478,20.029,4.276,34.511,5.103,43.258,105
uav0000370_00001_v,2720x1530,91,3.867,8.441,20.076,4.509,34.828,6.374,45.069,123
uav0000370_00001_v,2720x1530,92,3.824,8.576,20.169,4.517,35.011,5.018,43.853,129
uav0000370_00001_v,2720x1530,93,3.535,8.815,20.066,4.986,35.888,6.488,45.911,120
uav0000370_00001_v,2720x1530,94,3.489,8.51,20.046,4.325,34.688,4.86,43.037,132
uav0000370_00001_v,2720x1530,95,3.541,8.527,20.071,4.666,35.12,5.666,44.327,114
uav0000370_00001_v,2720x1530,96,3.564,8.497,20.111,4.503,34.891,4.907,43.362,93
uav0000370_00001_v,2720x1530,97,3.916,9.346,20.021,4.772,36.108,5.951,45.974,125
uav0000370_00001_v,2720x1530,98,3.604,8.482,20.072,4.231,34.559,4.463,42.626,111
uav0000370_00001_v,2720x1530,99,3.663,8.445,20.023,4.154,34.333,4.288,42.284,112
uav0000370_00001_v,2720x1530,100,3.792,8.561,20.087,4.357,34.754,4.645,43.191,107
uav0000370_00001_v,2720x1530,101,4.109,8.252,20.038,4.932,35.271,5.276,44.656,94
uav0000370_00001_v,2720x1530,102,3.639,8.781,20.028,4.402,35.0,3.655,42.294,98
uav0000370_00001_v,2720x1530,103,3.771,8.707,20.107,4.834,35.478,4.506,43.756,104
uav0000370_00001_v,2720x1530,104,3.945,8.48,20.099,4.544,34.863,3.851,42.66,112
uav0000370_00001_v,2720x1530,105,3.583,8.704,20.066,5.039,35.813,5.166,44.562,127
uav0000370_00001_v,2720x1530,106,3.629,8.731,20.045,4.471,35.065,4.025,42.719,127
uav0000370_00001_v,2720x1530,107,3.658,8.91,20.062,5.001,35.882,5.485,45.025,129
uav0000370_00001_v,2720x1530,108,3.639,8.541,20.169,4.223,34.661,3.989,42.289,133
uav0000370_00001_v,2720x1530,109,4.375,10.212,20.773,5.214,38.187,5.7,48.261,142
uav0000370_00001_v,2720x1530,110,3.896,8.708,20.003,5.497,36.224,6.336,46.456,130
uav0000370_00001_v,2720x1530,111,4.349,10.622,20.155,6.006,38.842,5.936,49.126,121
uav0000370_00001_v,2720x1530,112,3.623,8.53,20.084,4.362,34.732,4.301,42.655,93
uav0000370_00001_v,2720x1530,113,3.515,8.508,20.026,5.025,35.428,5.643,44.586,96
uav0000370_00001_v,2720x1530,114,3.765,8.72,20.053,4.22,34.718,4.644,43.127,104
uav0000370_00001_v,2720x1530,115,3.605,8.712,20.07,4.75,35.449,5.356,44.41,107
uav0000370_00001_v,2720x1530,116,4.512,10.312,20.106,5.381,38.052,6.141,48.705,117
uav0000370_00001_v,2720x1530,117,4.741,10.683,20.096,5.783,38.785,5.808,49.335,112
uav0000370_00001_v,2720x1530,118,3.923,8.681,20.076,4.392,34.925,4.403,43.25,118
uav0000370_00001_v,2720x1530,119,3.617,8.78,20.08,5.109,35.851,5.883,45.351,115
uav0000370_00001_v,2720x1530,120,3.588,8.533,20.117,4.314,34.64,4.295,42.522,125
uav0000370_00001_v,2720x1530,121,3.636,8.342,20.092,4.893,35.319,5.827,44.783,116
uav0000370_00001_v,2720x1530,122,4.152,9.459,20.011,4.872,36.382,5.268,45.801,88
uav0000370_00001_v,2720x1530,123,4.582,10.294,20.079,4.821,37.168,7.314,49.064,74
uav0000370_00001_v,2720x1530,124,3.768,8.566,20.119,4.261,34.703,5.019,43.49,77
uav0000370_00001_v,2720x1530,125,3.569,9.015,20.036,4.923,35.998,6.536,46.104,81
uav0000370_00001_v,2720x1530,126,3.754,8.181,20.013,4.305,34.708,5.967,44.429,81
uav0000370_00001_v,2720x1530,127,3.579,8.682,20.053,4.263,34.817,4.712,43.107,83
uav0000370_00001_v,2720x1530,128,6.591,8.31,20.004,4.403,34.569,4.929,46.089,92
uav0000370_00001_v,2720x1530,129,3.65,8.956,20.032,4.722,35.701,5.743,45.094,87
uav0000370_00001_v,2720x1530,130,3.861,8.792,20.102,4.397,35.059,5.071,43.991,87
uav0000370_00001_v,2720x1530,131,4.048,8.78,20.063,4.873,35.563,5.526,45.136,87
uav0000370_00001_v,2720x1530,132,3.745,8.508,20.106,4.176,34.608,4.502,42.855,101
uav0000370_00001_v,2720x1530,133,3.48,8.603,20.032,4.558,35.101,5.277,43.859,96
uav0000370_00001_v,2720x1530,134,4.25,9.753,20.052,5.057,36.748,5.912,46.91,93
uav0000370_00001_v,2720x1530,135,4.563,10.543,20.081,5.362,38.192,6.441,49.195,113
uav0000370_00001_v,2720x1530,136,3.718,8.546,20.196,4.222,34.651,4.596,42.965,107
uav0000370_00001_v,2720x1530,137,3.547,8.61,20.044,4.891,35.554,5.754,44.855,90
uav0000370_00001_v,2720x1530,138,4.35,8.735,20.052,4.365,34.877,4.713,43.94,105
uav0000370_00001_v,2720x1530,139,4.285,8.496,20.127,4.455,34.877,4.835,43.997,104
uav0000370_00001_v,2720x1530,140,3.988,10.17,20.088,5.335,37.633,5.865,47.485,103
uav0000370_00001_v,2720x1530,141,4.64,10.557,20.051,5.606,38.9,6.833,50.374,119
uav0000370_00001_v,2720x1530,142,3.769,8.523,20.057,5.004,35.488,6.376,45.634,112
uav0000370_00001_v,2720x1530,143,4.446,10.649,20.402,5.696,39.053,6.689,50.188,95
uav0000370_00001_v,2720x1530,144,3.574,8.361,20.108,4.192,34.38,5.197,43.151,106
uav0000370_00001_v,2720x1530,145,3.888,9.855,20.037,5.091,37.187,7.457,48.532,105
uav0000370_00001_v,2720x1530,146,4.615,10.658,20.09,5.489,38.279,6.89,49.783,99
uav0000370_00001_v,2720x1530,147,4.886,11.207,20.1,5.819,39.579,7.726,52.191,113
uav0000370_00001_v,2720x1530,148,4.746,11.774,20.128,5.899,40.097,8.503,53.345,109
uav0000370_00001_v,2720x1530,149,5.193,11.814,20.098,5.788,40.159,9.087,54.439,92
uav0000370_00001_v,2720x1530,150,3.706,8.72,20.059,4.287,34.874,5.487,44.066,104
uav0000370_00001_v,2720x1530,151,3.587,9.347,20.103,4.766,36.009,6.113,45.708,115
uav0000370_00001_v,2720x1530,152,4.725,9.97,20.179,4.968,37.171,7.389,49.286,113
uav0000370_00001_v,2720x1530,153,4.193,10.301,20.113,5.507,37.912,7.34,49.445,96
uav0000370_00001_v,2720x1530,154,4.115,11.195,20.064,5.46,39.157,7.642,50.914,78
uav0000370_00001_v,2720x1530,155,4.909,11.192,20.109,5.716,39.401,8.062,52.373,73
uav0000370_00001_v,2720x1530,156,3.675,8.572,20.081,4.212,34.59,5.384,43.649,82
uav0000370_00001_v,2720x1530,157,3.623,9.138,20.071,4.969,36.233,6.87,46.726,76
uav0000370_00001_v,2720x1530,158,4.651,10.237,20.107,5.648,38.006,7.439,50.095,76
uav0000370_00001_v,2720x1530,159,5.042,11.249,20.103,5.954,39.454,7.938,52.434,77
uav0000370_00001_v,2720x1530,160,4.858,11.771,20.335,5.555,39.879,8.011,52.749,81
uav0000370_00001_v,2720x1530,161,5.238,11.967,20.067,5.608,39.86,7.556,52.654,72
uav0000370_00001_v,2720x1530,162,3.777,8.777,20.032,4.237,34.848,5.207,43.832,74
uav0000370_00001_v,2720x1530,163,3.628,8.789,20.286,5.256,36.299,6.187,46.114,77
uav0000370_00001_v,2720x1530,164,4.552,8.261,20.12,4.606,34.885,5.09,44.527,75
uav0000370_00001_v,2720x1530,165,3.744,9.186,20.042,4.934,36.183,5.916,45.844,72
uav0000370_00001_v,2720x1530,166,4.359,10.093,20.067,5.374,37.458,6.397,48.214,84
uav0000370_00001_v,2720x1530,167,4.735,11.271,20.293,5.787,39.582,7.121,51.439,86
uav0000370_00001_v,2720x1530,168,3.648,8.558,20.097,4.302,34.723,5.036,43.406,83
uav0000370_00001_v,2720x1530,169,3.546,8.567,20.03,5.022,35.402,4.643,43.591,71
uav0000370_00001_v,2720x1530,170,3.836,8.527,20.018,4.6,35.013,5.829,44.679,88
uav0000370_00001_v,2720x1530,171,3.885,9.36,20.048,5.084,36.509,6.51,46.904,92
uav0000370_00001_v,2720x1530,172,4.361,10.253,20.085,5.167,37.664,6.812,48.837,89
uav0000370_00001_v,2720x1530,173,5.209,10.671,20.121,5.71,38.842,6.987,51.039,84
uav0000370_00001_v,2720x1530,174,3.512,8.531,20.022,4.136,34.448,4.718,42.677,76
uav0000370_00001_v,2720x1530,175,3.461,8.556,20.079,4.751,35.287,5.91,44.659,73
uav0000370_00001_v,2720x1530,176,4.318,10.29,20.081,5.314,37.873,6.941,49.132,72
uav0000370_00001_v,2720x1530,177,4.507,10.731,20.075,5.485,38.684,7.554,50.745,83
uav0000370_00001_v,2720x1530,178,4.73,11.228,20.088,5.277,38.708,6.787,50.225,75
uav0000370_00001_v,2720x1530,179,4.642,11.55,20.304,5.846,40.179,7.5,52.321,110
uav0000370_00001_v,2720x1530,180,3.745,8.477,20.065,4.327,34.633,5.018,43.396,81
uav0000370_00001_v,2720x1530,181,3.467,8.561,20.096,4.387,34.825,5.532,43.823,134
uav0000370_00001_v,2720x1530,182,7.282,10.19,20.066,5.139,37.623,7.118,52.023,77
uav0000370_00001_v,2720x1530,183,4.463,10.514,20.135,5.406,38.201,6.678,49.341,87
uav0000370_00001_v,2720x1530,184,3.893,9.322,20.126,5.567,37.533,7.401,48.827,85
uav0000370_00001_v,2720x1530,185,4.463,10.318,20.11,5.437,38.153,7.379,49.994,107
uav0000370_00001_v,2720x1530,186,3.624,8.514,20.042,4.126,34.389,4.549,42.562,71
uav0000370_00001_v,2720x1530,187,3.515,8.469,20.029,4.003,34.12,5.484,43.119,49
uav0000370_00001_v,2720x1530,188,4.444,10.253,20.02,4.899,37.13,5.853,47.426,52
uav0000370_00001_v,2720x1530,189,3.81,10.21,20.034,5.122,37.46,5.513,46.783,46
uav0000370_00001_v,2720x1530,190,3.801,10.755,20.103,4.968,37.887,5.411,47.099,51
uav0000370_00001_v,2720x1530,191,4.888,11.249,20.109,5.291,38.812,5.467,49.167,51
uav0000370_00001_v,2720x1530,192,3.659,8.4,20.067,4.025,34.293,4.894,42.846,46
uav0000370_00001_v,2720x1530,193,4.466,10.658,20.099,5.51,38.277,4.587,47.329,40
uav0000370_00001_v,2720x1530,194,4.815,10.647,20.085,5.199,37.744,5.143,47.702,40
uav0000370_00001_v,2720x1530,195,5.078,11.578,20.084,5.093,38.905,5.038,49.022,37
uav0000370_00001_v,2720x1530,196,4.894,11.113,20.103,5.502,38.893,5.339,49.125,47
uav0000370_00001_v,2720x1530,197,4.544,11.796,20.109,5.608,39.79,5.841,50.175,43
uav0000370_00001_v,2720x1530,198,4.224,8.787,20.053,4.312,34.917,4.123,43.264,51
uav0000370_00001_v,2720x1530,199,3.545,8.61,20.044,4.166,34.539,4.198,42.282,61
uav0000370_00001_v,2720x1530,200,4.127,10.089,20.041,5.215,37.347,5.677,47.151,57
uav0000370_00001_v,2720x1530,201,3.856,10.689,20.083,5.584,38.5,6.388,48.744,54
uav0000370_00001_v,2720x1530,202,3.77,10.649,20.08,5.186,38.072,6.642,48.484,64
uav0000370_00001_v,2720x1530,203,4.825,11.762,20.101,5.829,39.878,6.317,51.021,68
uav0000370_00001_v,2720x1530,204,3.736,8.362,20.111,4.255,34.427,5.02,43.182,78
uav0000370_00001_v,2720x1530,205,4.064,9.426,20.09,5.065,36.647,8.277,48.987,69
uav0000370_00001_v,2720x1530,206,4.48,10.206,20.091,5.009,37.369,6.754,48.603,83
uav0000370_00001_v,2720x1530,207,4.741,11.172,20.084,5.521,39.173,7.112,51.026,79
uav0000370_00001_v,2720x1530,208,4.905,11.117,20.09,5.697,39.322,8.199,52.426,75
uav0000370_00001_v,2720x1530,209,3.863,11.823,20.072,5.691,39.761,7.784,51.408,62
uav0000370_00001_v,2720x1530,210,3.547,8.502,20.033,4.109,34.385,5.057,42.99,64
uav0000370_00001_v,2720x1530,211,3.782,8.525,20.053,4.048,34.28,6.376,44.438,66
uav0000370_00001_v,2720x1530,212,4.172,10.254,20.122,5.403,37.768,7.582,49.523,73
uav0000370_00001_v,2720x1530,213,3.733,9.011,20.796,4.359,36.013,5.322,45.067,61
uav0000370_00001_v,2720x1530,214,6.872,10.17,20.082,4.801,37.164,6.125,50.162,59
uav0000370_00001_v,2720x1530,215,4.555,10.177,20.07,5.666,37.994,6.466,49.015,60
uav0000370_00001_v,2720x1530,216,4.235,8.333,20.073,4.262,34.34,4.514,43.089,69
uav0000370_00001_v,2720x1530,217,3.771,10.15,20.086,5.214,37.438,5.328,46.537,63
uav0000370_00001_v,2720x1530,218,4.253,10.376,20.113,5.535,38.038,5.602,47.893,68
uav0000370_00001_v,2720x1530,219,4.689,10.691,20.107,5.729,39.202,6.671,50.562,75
uav0000370_00001_v,2720x1530,220,4.787,11.771,20.269,5.32,39.597,6.222,50.606,62
uav0000370_00001_v,2720x1530,221,4.754,11.791,20.204,5.896,40.237,7.008,51.999,65
uav0000370_00001_v,2720x1530,222,3.65,8.929,20.487,4.207,35.446,4.399,43.495,59
uav0000370_00001_v,2720x1530,223,4.25,10.759,20.04,5.091,38.092,5.983,48.325,70
uav0000370_00001_v,2720x1530,224,4.618,10.59,20.059,5.507,38.532,7.009,50.159,59
uav0000370_00001_v,2720x1530,225,4.875,11.243,20.103,5.257,38.805,7.501,51.181,48
uav0000370_00001_v,2720x1530,226,5.03,11.104,20.116,5.31,38.657,6.824,50.511,64
uav0000370_00001_v,2720x1530,227,4.974,11.696,20.136,5.577,39.616,7.226,51.816,65
uav0000370_00001_v,2720x1530,228,4.758,11.19,20.104,5.108,38.61,6.456,49.825,59
uav0000370_00001_v,2720x1530,229,4.835,10.938,20.099,5.237,38.415,7.208,50.457,59
uav0000370_00001_v,2720x1530,230,4.881,11.125,20.143,5.238,38.69,7.123,50.694,52
uav0000370_00001_v,2720x1530,231,4.901,11.844,20.112,5.626,39.767,8.163,52.831,55
uav0000370_00001_v,2720x1530,232,4.725,11.796,20.087,5.439,39.58,8.269,52.574,69
uav0000370_00001_v,2720x1530,233,3.848,11.827,20.204,5.614,39.905,8.866,52.619,68
uav0000370_00001_v,2720x1530,234,4.89,11.761,20.168,5.73,39.982,7.657,52.529,66
uav0000370_00001_v,2720x1530,235,5.243,11.891,20.094,5.66,39.92,7.617,52.78,67
uav0000370_00001_v,2720x1530,236,5.185,10.867,20.089,5.55,38.771,7.834,51.791,57
uav0000370_00001_v,2720x1530,237,4.268,11.741,20.125,5.557,39.696,7.887,51.851,65
uav0000370_00001_v,2720x1530,238,4.179,11.649,20.082,5.441,39.418,7.457,51.054,54
uav0000370_00001_v,2720x1530,239,5.349,11.768,20.099,5.487,39.58,7.745,52.674,57
uav0000370_00001_v,2720x1530,240,5.099,11.917,20.104,5.515,39.773,8.172,53.044,63
uav0000370_00001_v,2720x1530,241,5.207,11.816,20.144,5.581,39.847,8.024,53.078,56
uav0000370_00001_v,2720x1530,242,4.164,12.02,20.166,5.846,40.336,7.771,52.271,60
uav0000370_00001_v,2720x1530,243,5.257,11.835,20.134,5.593,39.886,7.88,53.023,65
uav0000370_00001_v,2720x1530,244,5.324,12.103,20.085,5.525,39.949,7.418,52.691,62
uav0000370_00001_v,2720x1530,245,5.179,11.84,20.089,4.988,39.467,9.631,54.277,73
uav0000370_00001_v,2720x1530,246,5.545,13.072,20.108,5.59,40.953,7.045,53.543,74
uav0000370_00001_v,2720x1530,247,5.168,11.929,20.106,5.589,39.873,6.59,51.631,61
uav0000370_00001_v,2720x1530,248,5.151,12.64,20.224,5.578,40.645,6.252,52.048,61
uav0000370_00001_v,2720x1530,249,4.941,12.26,20.105,5.637,40.239,6.757,51.936,63
uav0000370_00001_v,2720x1530,250,5.193,12.42,20.106,5.379,40.11,6.444,51.747,59
uav0000370_00001_v,2720x1530,251,4.873,12.553,20.117,5.459,40.369,7.018,52.26,57
uav0000370_00001_v,2720x1530,252,5.049,12.48,20.131,5.476,40.323,6.875,52.247,60
uav0000370_00001_v,2720x1530,253,4.821,12.651,20.192,5.519,40.584,6.697,52.102,58
uav0000370_00001_v,2720x1530,254,5.154,11.808,20.116,5.332,39.508,6.258,50.92,53
uav0000370_00001_v,2720x1530,255,4.751,11.263,20.137,5.303,38.901,6.535,50.187,46
uav0000370_00001_v,2720x1530,256,4.559,11.417,20.123,5.319,39.008,6.375,49.941,61
uav0000370_00001_v,2720x1530,257,4.632,11.208,20.121,5.664,39.135,6.803,50.57,80
uav0000370_00001_v,2720x1530,258,4.177,11.184,20.109,5.627,39.356,8.381,51.914,83
uav0000370_00001_v,2720x1530,259,3.609,11.9,20.07,6.005,40.316,7.719,51.644,106
uav0000370_00001_v,2720x1530,260,3.504,11.873,20.08,5.729,39.917,7.24,50.661,67
uav0000370_00001_v,2720x1530,261,3.647,11.854,20.061,5.696,39.851,7.387,50.886,59
uav0000370_00001_v,2720x1530,262,3.827,11.739,20.084,5.941,40.028,7.358,51.213,71
uav0000370_00001_v,2720x1530,263,4.03,11.793,20.093,5.688,39.853,7.065,50.948,71
uav0000370_00001_v,2720x1530,264,3.877,11.948,20.165,5.731,40.152,7.239,51.268,78
uav0000370_00001_v,2720x1530,265,3.875,11.916,20.052,5.808,39.996,6.687,50.558,80
