1,0,930.94,492.63,50.06,20.94,0.7950,4,-1,-1
1,1,1158.63,494.26,59.93,22.25,0.7527,4,-1,-1
1,2,1367.09,446.79,75.63,32.18,0.5860,4,-1,-1
1,3,889.95,466.92,51.64,20.78,0.5477,4,-1,-1
1,4,1064.66,479.85,53.92,22.41,0.5302,4,-1,-1
2,0,925.65,491.80,50.77,21.26,0.8062,4,-1,-1
2,1,1154.27,493.59,58.36,21.67,0.7793,4,-1,-1
2,2,1381.42,446.60,78.80,33.55,0.7114,4,-1,-1
2,3,883.62,465.28,56.20,22.64,0.5784,4,-1,-1
2,4,1062.55,479.89,53.32,22.20,0.5631,4,-1,-1
3,0,922.40,491.51,51.03,21.40,0.7925,4,-1,-1
3,1,1151.26,493.61,58.40,21.70,0.7963,4,-1,-1
3,2,1393.29,447.65,75.58,32.12,0.5860,4,-1,-1
3,3,881.79,464.99,56.12,22.67,0.4795,4,-1,-1
3,4,1061.54,479.94,52.88,22.10,0.6540,4,-1,-1
4,0,917.69,491.03,51.00,21.43,0.7846,4,-1,-1
4,1,1147.60,493.80,57.70,21.47,0.7753,4,-1,-1
4,2,1412.78,449.38,75.85,32.13,0.3794,4,-1,-1
4,3,877.39,463.70,58.35,23.73,0.3666,4,-1,-1
4,4,1059.50,480.22,51.26,21.55,0.5574,4,-1,-1
5,0,911.18,491.21,49.61,20.84,0.7684,4,-1,-1
5,1,1137.51,492.49,59.79,22.20,0.7571,4,-1,-1
5,2,1428.49,451.00,79.70,33.74,0.5351,4,-1,-1
5,3,873.76,463.50,57.93,23.71,0.4600,4,-1,-1
5,4,1060.00,481.31,47.23,20.01,0.4893,4,-1,-1
6,0,906.81,491.27,49.65,20.84,0.7766,4,-1,-1
6,1,1135.37,492.65,58.82,21.86,0.7469,4,-1,-1
6,2,1439.99,452.28,81.49,34.47,0.5708,4,-1,-1
6,3,872.72,463.45,56.60,23.38,0.4121,4,-1,-1
6,4,1058.17,481.67,43.98,18.83,0.4036,4,-1,-1
7,0,900.18,490.63,51.07,21.45,0.7656,4,-1,-1
7,1,1132.93,492.35,56.12,20.99,0.7424,4,-1,-1
7,2,1456.17,453.85,87.15,36.93,0.5898,4,-1,-1
7,3,867.12,464.26,56.55,23.65,0.1124,4,-1,-1
7,4,1056.75,481.61,42.99,18.82,0.4359,4,-1,-1
8,0,894.94,489.99,52.59,22.09,0.7527,4,-1,-1
8,1,1129.76,492.16,55.19,20.70,0.7556,4,-1,-1
8,2,1468.25,455.18,87.10,36.82,0.2241,4,-1,-1
8,3,869.47,464.15,51.88,22.05,0.2926,4,-1,-1
8,4,1055.45,481.82,40.57,18.24,0.4036,4,-1,-1
9,0,891.15,489.65,52.15,22.01,0.7394,4,-1,-1
9,1,1125.72,491.97,55.63,21.04,0.7725,4,-1,-1
9,2,1486.85,457.38,84.64,35.64,0.5765,4,-1,-1
9,3,864.94,463.48,53.17,22.93,0.1041,4,-1,-1
9,4,1052.82,480.55,39.99,18.57,0.2546,4,-1,-1
9,7,1326.07,542.05,37.57,20.62,0.5898,4,-1,-1
10,0,885.55,488.32,53.73,22.87,0.7178,4,-1,-1
10,1,1119.51,491.59,54.70,20.73,0.7766,4,-1,-1
10,2,1506.85,459.79,86.34,36.29,0.6817,4,-1,-1
10,7,1316.49,538.05,43.54,23.77,0.7599,4,-1,-1
11,0,881.40,487.26,54.48,23.41,0.6868,4,-1,-1
11,1,1115.86,491.47,54.50,20.77,0.7820,4,-1,-1
11,2,1520.31,461.58,85.43,35.69,0.6415,4,-1,-1
11,7,1310.65,537.27,45.80,24.76,0.7753,4,-1,-1
12,0,878.55,487.84,50.99,21.99,0.6142,4,-1,-1
12,1,1109.95,491.11,54.46,20.85,0.7599,4,-1,-1
12,2,1536.54,462.57,92.36,38.69,0.4854,4,-1,-1
12,7,1303.12,535.34,50.02,26.61,0.8062,4,-1,-1
13,0,876.58,487.95,49.56,21.58,0.6252,4,-1,-1
13,1,1106.76,490.52,54.54,21.02,0.7670,4,-1,-1
13,2,1550.49,464.21,93.65,39.27,0.6379,4,-1,-1
13,7,1297.41,534.10,53.12,27.72,0.8013,4,-1,-1
14,0,874.02,488.64,46.57,20.45,0.6030,4,-1,-1
14,1,1101.86,490.41,53.80,20.89,0.7303,4,-1,-1
14,2,1572.40,465.92,89.17,37.06,0.4235,4,-1,-1
14,7,1288.29,533.24,53.87,27.44,0.8284,4,-1,-1
15,0,869.09,489.45,45.12,19.88,0.1645,4,-1,-1
15,1,1095.59,489.74,53.87,21.04,0.7712,4,-1,-1
15,2,1589.37,467.79,96.81,40.15,0.6976,4,-1,-1
15,7,1277.38,532.88,53.81,26.72,0.8284,4,-1,-1
15,8,1004.75,476.78,42.36,20.04,0.5593,4,-1,-1
16,1,1090.91,489.44,54.63,21.50,0.7820,4,-1,-1
16,2,1604.14,469.04,99.80,41.44,0.5804,4,-1,-1
16,7,1268.39,532.40,54.99,26.61,0.8111,4,-1,-1
16,8,1004.51,476.47,44.49,21.10,0.5283,4,-1,-1
16,9,1329.58,529.88,34.16,22.54,0.6415,4,-1,-1
16,10,643.67,473.70,42.07,19.05,0.4932,4,-1,-1
17,1,1085.98,489.31,53.73,21.28,0.7656,4,-1,-1
17,2,1624.97,471.84,96.81,39.95,0.7447,4,-1,-1
17,7,1258.27,531.52,56.94,27.00,0.7846,4,-1,-1
17,8,1003.10,476.04,43.77,20.86,0.4552,4,-1,-1
17,9,1322.98,528.32,37.94,24.87,0.6885,4,-1,-1
17,10,642.01,473.67,41.95,19.01,0.4785,4,-1,-1
18,1,1082.96,488.59,53.67,21.47,0.7585,4,-1,-1
18,2,1637.30,472.74,103.09,42.64,0.7840,4,-1,-1
18,7,1248.05,530.07,59.76,27.77,0.7846,4,-1,-1
18,8,1002.25,476.27,43.11,20.69,0.4824,4,-1,-1
18,9,1319.26,527.59,39.48,25.58,0.7656,4,-1,-1
18,10,640.93,473.60,41.63,18.88,0.4678,4,-1,-1
19,1,1078.04,488.29,53.40,21.54,0.7712,4,-1,-1
19,2,1655.30,474.61,109.14,45.45,0.6602,4,-1,-1
19,7,1237.49,528.72,61.36,28.07,0.8069,4,-1,-1
19,8,1000.11,475.72,43.12,20.94,0.5127,4,-1,-1
19,9,1312.85,526.34,41.64,26.39,0.7886,4,-1,-1
19,10,639.99,473.61,42.05,19.10,0.3766,4,-1,-1
20,1,1072.21,488.07,53.22,21.58,0.7349,4,-1,-1
20,2,1680.77,477.05,105.50,44.02,0.7138,4,-1,-1
20,7,1227.03,527.98,60.65,27.29,0.7753,4,-1,-1
20,8,999.16,475.21,43.09,21.27,0.6011,4,-1,-1
20,9,1303.01,525.82,41.99,25.94,0.7937,4,-1,-1
20,10,637.65,473.56,41.54,18.82,0.3775,4,-1,-1
20,12,552.29,455.85,39.95,17.83,0.5156,4,-1,-1
21,1,1068.15,488.19,53.44,21.78,0.7409,4,-1,-1
21,2,1698.91,478.73,106.12,44.45,0.6234,4,-1,-1
21,7,1220.00,527.87,59.65,26.30,0.7712,4,-1,-1
21,8,999.21,475.05,42.22,21.21,0.5727,4,-1,-1
21,9,1296.80,526.04,41.86,25.08,0.8111,4,-1,-1
21,10,639.81,473.60,40.59,18.50,0.3748,4,-1,-1
21,12,552.95,455.89,40.08,17.88,0.5400,4,-1,-1
22,1,1064.48,487.68,52.18,21.46,0.7272,4,-1,-1
22,2,1721.79,481.21,104.65,43.52,0.7074,4,-1,-1
22,7,1210.17,527.20,60.12,26.09,0.7873,4,-1,-1
22,8,993.22,472.91,44.67,22.84,0.1268,4,-1,-1
22,9,1287.77,525.42,43.02,24.98,0.8013,4,-1,-1
22,10,642.57,473.61,40.78,18.59,0.2705,4,-1,-1
22,12,553.77,455.84,40.79,18.15,0.5612,4,-1,-1
23,1,1061.40,487.19,52.18,21.63,0.6834,4,-1,-1
23,2,1737.84,482.72,105.17,43.55,0.7264,4,-1,-1
23,7,1202.85,526.82,61.26,26.22,0.7912,4,-1,-1
23,8,996.24,474.33,39.60,20.61,0.2659,4,-1,-1
23,9,1279.71,524.36,45.77,25.85,0.7739,4,-1,-1
23,10,643.28,473.81,41.90,19.12,0.3115,4,-1,-1
23,12,554.43,455.87,41.44,18.34,0.5496,4,-1,-1
24,1,1059.72,487.50,49.78,20.95,0.6766,4,-1,-1
24,2,1759.72,485.70,108.67,44.88,0.7564,4,-1,-1
24,7,1193.61,526.39,60.29,25.37,0.7725,4,-1,-1
24,8,995.78,475.55,35.74,19.05,0.2783,4,-1,-1
24,9,1270.85,524.16,46.37,25.35,0.7833,4,-1,-1
24,10,643.29,473.84,42.12,19.24,0.3016,4,-1,-1
24,12,554.61,455.99,41.99,18.44,0.5574,4,-1,-1
25,1,1056.22,486.37,49.67,21.41,0.5380,4,-1,-1
25,2,1784.27,487.68,111.32,45.83,0.7732,4,-1,-1
25,7,1183.77,525.85,60.08,24.83,0.7753,4,-1,-1
25,9,1262.01,523.11,47.77,25.55,0.8205,4,-1,-1
25,10,643.33,473.70,41.22,18.77,0.2846,4,-1,-1
25,12,554.05,456.04,42.40,18.49,0.5078,4,-1,-1
26,1,1054.16,485.68,48.76,21.54,0.5860,4,-1,-1
26,2,1801.88,489.35,111.43,45.84,0.7677,4,-1,-1
26,7,1176.33,524.96,61.08,24.87,0.7780,4,-1,-1
26,9,1254.59,522.29,49.51,25.84,0.7963,4,-1,-1
26,10,642.83,473.58,40.92,18.54,0.2591,4,-1,-1
26,12,553.47,456.13,42.66,18.49,0.5078,4,-1,-1
27,1,1052.04,485.13,47.38,21.65,0.6851,4,-1,-1
27,2,1817.83,492.09,112.89,47.29,0.6976,4,-1,-1
27,7,1166.32,523.53,62.09,25.07,0.7976,4,-1,-1
27,9,1245.21,521.39,50.97,26.02,0.8026,4,-1,-1
27,10,642.77,473.57,41.10,18.61,0.2494,4,-1,-1
27,12,553.49,456.18,43.49,18.69,0.4630,4,-1,-1
28,1,1050.45,484.67,46.26,21.90,0.6663,4,-1,-1
28,2,1829.61,493.57,110.09,47.42,0.4359,4,-1,-1
28,7,1159.82,523.03,62.29,24.99,0.7937,4,-1,-1
28,9,1237.55,520.36,53.32,26.71,0.8111,4,-1,-1
28,10,643.14,473.56,41.28,18.68,0.2644,4,-1,-1
28,12,552.83,456.36,43.92,18.77,0.4834,4,-1,-1
29,1,1043.20,483.52,47.96,23.18,0.4980,4,-1,-1
29,7,1150.58,522.29,63.73,25.54,0.7635,4,-1,-1
29,9,1229.14,519.85,53.71,26.42,0.8013,4,-1,-1
29,10,642.31,473.67,41.05,18.57,0.2288,4,-1,-1
29,12,551.01,456.28,43.33,18.53,0.4446,4,-1,-1
29,14,948.08,473.92,37.49,20.08,0.5419,4,-1,-1
30,1,1033.92,480.84,51.17,25.29,0.1442,4,-1,-1
30,7,1141.07,521.76,63.40,25.35,0.7912,4,-1,-1
30,9,1219.66,519.09,54.97,26.55,0.8050,4,-1,-1
30,10,642.49,473.70,41.83,18.89,0.2465,4,-1,-1
30,12,549.24,456.45,42.86,18.35,0.4484,4,-1,-1
30,14,946.01,474.08,37.48,19.99,0.5361,4,-1,-1
31,7,1134.60,521.26,63.87,25.50,0.7807,4,-1,-1
31,9,1213.10,518.69,55.95,26.57,0.8062,4,-1,-1
31,10,642.34,473.78,43.36,19.53,0.2422,4,-1,-1
31,12,547.02,456.25,42.16,18.26,0.3242,4,-1,-1
31,14,943.51,473.65,38.72,20.50,0.6715,4,-1,-1
32,7,1126.07,520.67,62.79,25.01,0.7556,4,-1,-1
32,9,1204.67,518.70,55.87,26.17,0.7899,4,-1,-1
32,10,642.37,473.85,43.31,19.46,0.2759,4,-1,-1
32,12,545.90,456.98,39.87,17.47,0.3603,4,-1,-1
32,14,941.31,474.28,37.31,19.43,0.6086,4,-1,-1
33,7,1120.74,520.53,60.96,24.22,0.7469,4,-1,-1
33,9,1198.14,518.34,56.62,26.19,0.7963,4,-1,-1
33,10,641.56,474.04,42.89,19.23,0.2822,4,-1,-1
33,12,545.92,457.33,38.69,17.07,0.3268,4,-1,-1
33,14,939.95,474.42,37.33,19.03,0.5974,4,-1,-1
34,7,1112.37,519.53,62.63,24.87,0.7807,4,-1,-1
34,9,1191.16,517.31,57.58,26.24,0.8170,4,-1,-1
34,10,640.61,474.05,43.29,19.33,0.2689,4,-1,-1
34,12,544.82,456.69,39.76,17.69,0.2351,4,-1,-1
34,14,935.22,472.77,39.22,19.64,0.5438,4,-1,-1
35,7,1103.47,518.75,62.01,24.56,0.7394,4,-1,-1
35,9,1182.92,517.11,56.47,25.35,0.8146,4,-1,-1
35,10,639.60,473.79,45.17,20.06,0.3989,4,-1,-1
35,12,545.30,457.26,39.42,17.47,0.1842,4,-1,-1
35,14,928.78,471.37,42.28,20.92,0.7225,4,-1,-1
35,1,1009.11,481.80,41.89,20.62,0.5029,4,-1,-1
36,7,1097.20,517.84,62.84,24.89,0.7642,4,-1,-1
36,9,1177.44,516.77,56.41,25.04,0.8158,4,-1,-1
36,10,639.55,473.75,46.30,20.48,0.4177,4,-1,-1
36,12,543.95,456.75,39.69,17.52,0.1830,4,-1,-1
36,14,925.49,470.51,42.86,20.90,0.7146,4,-1,-1
36,1,1006.40,481.90,40.77,20.12,0.6123,4,-1,-1
37,7,1088.93,517.05,63.18,25.02,0.7976,4,-1,-1
37,9,1169.69,516.09,56.73,24.94,0.8170,4,-1,-1
37,10,639.44,473.81,47.20,20.80,0.4187,4,-1,-1
37,12,543.77,456.28,40.04,17.55,0.2358,4,-1,-1
37,14,921.89,469.87,44.04,21.09,0.6783,4,-1,-1
37,1,1003.54,482.08,41.46,20.86,0.6197,4,-1,-1
38,7,1084.52,516.67,62.46,24.67,0.7820,4,-1,-1
38,9,1164.64,515.99,56.48,24.58,0.8158,4,-1,-1
38,10,639.68,473.93,47.37,20.76,0.3989,4,-1,-1
38,12,543.10,456.23,39.88,17.29,0.1925,4,-1,-1
38,14,918.81,469.99,43.55,20.53,0.7409,4,-1,-1
38,1,1002.83,482.17,41.02,21.04,0.6558,4,-1,-1
39,7,1076.59,515.98,62.57,24.72,0.7698,4,-1,-1
39,9,1157.49,515.51,55.69,24.00,0.8146,4,-1,-1
39,10,640.01,473.54,49.04,21.33,0.3868,4,-1,-1
39,12,542.48,456.20,42.42,18.32,0.2088,4,-1,-1
39,14,914.39,469.76,45.41,21.24,0.7098,4,-1,-1
39,1,1001.48,481.39,41.17,21.66,0.5804,4,-1,-1
40,7,1068.75,514.90,62.82,24.97,0.7846,4,-1,-1
40,9,1148.65,514.41,57.31,24.55,0.8111,4,-1,-1
40,10,640.53,473.44,49.62,21.46,0.2576,4,-1,-1
40,12,543.96,455.74,43.75,18.84,0.2950,4,-1,-1
40,14,908.54,469.11,47.03,21.84,0.7050,4,-1,-1
40,1,1000.97,480.83,40.19,21.64,0.5496,4,-1,-1
41,7,1064.87,514.17,62.16,24.94,0.7937,4,-1,-1
41,9,1143.64,514.33,56.68,24.10,0.8146,4,-1,-1
41,10,640.27,473.75,49.02,21.05,0.2539,4,-1,-1
41,12,542.76,455.71,45.89,19.76,0.3049,4,-1,-1
41,14,907.62,469.18,45.28,20.86,0.6307,4,-1,-1
41,1,1000.36,480.89,38.91,21.51,0.5860,4,-1,-1
42,7,1060.43,513.01,60.48,24.77,0.7233,4,-1,-1
42,9,1136.19,514.03,57.24,24.16,0.8158,4,-1,-1
42,10,639.44,473.55,50.48,21.56,0.3107,4,-1,-1
42,12,542.95,454.81,46.51,20.15,0.1116,4,-1,-1
42,14,903.34,469.13,44.30,20.11,0.6406,4,-1,-1
42,1,998.97,479.67,38.51,22.12,0.6663,4,-1,-1
43,7,1057.36,512.72,58.55,24.45,0.7138,4,-1,-1
43,9,1130.91,513.69,57.26,24.07,0.8239,4,-1,-1
43,10,639.02,473.44,51.24,21.73,0.2408,4,-1,-1
43,12,545.35,455.73,49.04,21.22,0.2502,4,-1,-1
43,14,900.86,469.48,43.09,19.31,0.5689,4,-1,-1
43,1,998.15,479.71,36.24,21.74,0.7272,4,-1,-1
44,7,1054.85,512.87,55.46,23.88,0.6817,4,-1,-1
44,9,1123.91,513.47,56.89,23.73,0.8182,4,-1,-1
44,10,639.31,473.62,51.13,21.56,0.1027,4,-1,-1
44,12,543.63,455.81,47.02,20.53,0.1981,4,-1,-1
44,14,895.14,469.12,45.44,20.25,0.4562,4,-1,-1
44,1,988.62,478.68,37.26,22.33,0.1520,4,-1,-1
45,7,1048.03,512.26,53.13,23.44,0.5185,4,-1,-1
45,9,1115.41,512.44,59.08,24.60,0.8170,4,-1,-1
45,10,639.47,473.90,50.01,21.11,0.1490,4,-1,-1
45,12,543.05,456.12,45.56,20.08,0.1962,4,-1,-1
45,14,890.64,467.79,48.07,21.48,0.5506,4,-1,-1
46,7,1044.22,512.21,51.26,23.10,0.2160,4,-1,-1
46,9,1110.43,512.32,58.59,24.28,0.8371,4,-1,-1
46,10,639.41,474.45,47.82,20.22,0.1272,4,-1,-1
46,12,544.07,457.28,42.34,18.86,0.2689,4,-1,-1
46,14,886.97,466.96,48.85,21.84,0.5879,4,-1,-1
47,9,1103.90,512.01,58.28,24.05,0.8193,4,-1,-1
47,10,638.91,474.96,47.67,20.28,0.1895,4,-1,-1
47,12,544.69,457.49,40.83,18.40,0.3225,4,-1,-1
47,14,882.19,467.16,49.73,22.19,0.6270,4,-1,-1
47,20,507.19,519.45,49.85,22.19,0.6086,4,-1,-1
47,21,503.90,464.43,40.15,18.81,0.4717,4,-1,-1
48,9,1099.11,512.10,57.28,23.49,0.8423,4,-1,-1
48,10,638.40,475.33,47.78,20.49,0.1767,4,-1,-1
48,12,545.07,457.60,40.44,18.39,0.2372,5,-1,-1
48,14,880.69,467.76,47.62,21.15,0.6469,4,-1,-1
48,20,507.84,519.88,49.68,22.07,0.6234,4,-1,-1
48,21,500.49,463.91,41.73,19.51,0.5670,4,-1,-1
49,9,1091.94,511.52,57.56,23.49,0.8284,4,-1,-1
49,10,638.15,475.48,47.58,20.55,0.2056,4,-1,-1
49,12,544.19,457.59,39.95,18.30,0.3157,4,-1,-1
49,14,882.40,469.95,41.53,18.32,0.6234,4,-1,-1
49,20,507.82,520.13,52.43,23.20,0.6361,4,-1,-1
49,21,496.77,463.58,43.97,20.49,0.5708,4,-1,-1
50,9,1084.77,510.80,57.70,23.50,0.8295,4,-1,-1
50,10,637.96,475.51,47.55,20.70,0.2173,4,-1,-1
50,12,543.71,457.45,40.54,18.61,0.2436,5,-1,-1
50,14,880.32,469.63,41.31,18.29,0.5612,4,-1,-1
50,20,509.42,520.08,55.47,24.43,0.6361,4,-1,-1
50,21,491.29,463.37,43.85,20.46,0.5574,4,-1,-1
50,1,956.15,480.06,31.78,18.42,0.6984,4,-1,-1
51,9,1080.44,510.47,56.80,23.04,0.8111,4,-1,-1
51,10,638.01,475.50,47.66,20.83,0.2408,4,-1,-1
51,12,543.44,457.17,41.76,19.18,0.2524,4,-1,-1
51,14,879.91,469.75,39.49,17.57,0.5496,4,-1,-1
51,20,509.42,519.95,58.48,25.66,0.6575,4,-1,-1
51,21,487.54,463.52,43.36,20.30,0.5554,4,-1,-1
51,1,953.15,480.35,32.37,18.16,0.7287,4,-1,-1
52,9,1072.80,510.00,57.22,23.11,0.7937,4,-1,-1
52,10,637.56,475.88,47.39,20.73,0.3451,4,-1,-1
52,12,543.40,457.01,42.41,19.48,0.2870,4,-1,-1
52,14,876.63,468.60,39.65,17.81,0.4340,4,-1,-1
52,20,514.11,520.43,59.32,25.98,0.6901,4,-1,-1
52,21,484.02,463.08,44.09,20.74,0.5166,4,-1,-1
52,1,949.59,480.10,33.91,18.28,0.7303,4,-1,-1
53,9,1068.87,509.39,57.50,23.24,0.7484,4,-1,-1
53,10,637.13,476.14,47.56,20.84,0.3407,4,-1,-1
53,12,543.12,456.97,42.41,19.45,0.2458,4,-1,-1
53,14,868.77,465.44,45.01,20.47,0.3311,4,-1,-1
53,20,516.56,520.57,60.17,26.31,0.7162,4,-1,-1
53,21,483.51,462.71,43.14,20.31,0.3979,4,-1,-1
53,1,947.32,480.03,35.45,18.43,0.7439,4,-1,-1
54,9,1064.57,508.93,56.78,23.18,0.7424,4,-1,-1
54,10,636.85,476.05,49.40,21.66,0.4417,4,-1,-1
54,12,543.00,456.77,43.27,19.70,0.3513,4,-1,-1
54,14,862.85,461.99,50.24,23.54,0.1255,4,-1,-1
54,20,516.35,519.79,65.01,28.39,0.7334,4,-1,-1
54,21,480.37,462.23,46.28,21.74,0.2902,4,-1,-1
54,1,943.53,479.56,37.66,19.00,0.7614,4,-1,-1
55,9,1060.67,508.86,55.08,22.90,0.7318,4,-1,-1
55,10,636.57,476.42,48.47,21.32,0.3603,4,-1,-1
55,12,541.70,457.03,41.67,19.03,0.2591,4,-1,-1
55,14,858.26,460.80,48.89,23.16,0.1385,4,-1,-1
55,20,526.24,522.03,61.18,26.81,0.7033,4,-1,-1
55,1,938.69,479.34,38.47,19.11,0.7571,4,-1,-1
56,9,1057.61,508.58,54.43,22.96,0.7379,4,-1,-1
56,10,636.91,476.51,48.52,21.39,0.3979,4,-1,-1
56,12,541.10,457.17,41.10,18.84,0.2187,4,-1,-1
56,20,533.42,524.10,57.54,25.36,0.7334,4,-1,-1
56,1,935.13,479.27,39.44,19.24,0.7684,4,-1,-1
56,23,1707.68,477.52,117.18,40.20,0.5727,4,-1,-1
57,9,1053.04,508.60,52.20,22.41,0.7162,4,-1,-1
57,10,636.04,476.65,47.85,21.23,0.4581,4,-1,-1
57,12,540.79,457.99,40.16,18.35,0.2134,4,-1,-1
57,20,539.71,525.65,55.65,24.58,0.7556,4,-1,-1
57,1,930.57,478.87,40.47,19.49,0.7712,4,-1,-1
57,23,1731.76,479.91,120.78,41.46,0.6960,4,-1,-1
58,9,1049.65,508.72,50.09,21.77,0.6451,4,-1,-1
58,10,634.69,476.92,46.00,20.68,0.4883,4,-1,-1
58,12,541.04,458.01,40.50,18.43,0.2295,4,-1,-1
58,20,543.29,526.30,55.19,24.47,0.7793,4,-1,-1
58,1,927.71,479.08,40.32,19.18,0.7656,4,-1,-1
58,23,1747.68,482.43,122.57,42.07,0.7106,4,-1,-1
58,7,954.89,507.75,42.12,19.12,0.5955,4,-1,-1
59,9,1041.73,508.29,49.04,21.43,0.4206,4,-1,-1
59,10,633.03,477.26,45.53,20.83,0.4678,4,-1,-1
59,12,540.97,458.37,40.52,18.32,0.2351,4,-1,-1
59,20,546.93,526.87,56.01,24.94,0.8026,4,-1,-1
59,1,923.64,478.78,40.90,19.28,0.7766,4,-1,-1
59,23,1775.75,484.62,121.77,41.75,0.7564,4,-1,-1
59,7,946.79,507.29,43.16,19.52,0.6540,4,-1,-1
60,10,632.28,477.57,45.82,21.34,0.4776,4,-1,-1
60,12,540.06,458.25,41.46,18.64,0.1859,4,-1,-1
60,20,550.79,527.61,57.05,25.54,0.7833,4,-1,-1
60,1,919.74,478.45,41.23,19.27,0.7585,4,-1,-1
60,23,1797.15,487.43,126.54,43.65,0.4533,4,-1,-1
60,7,941.33,506.85,44.84,19.86,0.7033,4,-1,-1
61,10,633.93,477.66,46.53,21.74,0.4795,4,-1,-1
61,12,540.15,458.60,40.29,18.08,0.2473,4,-1,-1
61,20,553.69,527.54,58.18,26.24,0.7780,4,-1,-1
61,1,916.31,478.44,41.77,19.42,0.7820,4,-1,-1
61,23,1812.34,488.58,121.05,42.09,0.7447,4,-1,-1
61,7,937.24,506.71,46.48,20.21,0.7287,4,-1,-1
62,10,634.51,477.82,46.31,21.68,0.5117,4,-1,-1
62,12,540.30,459.24,38.93,17.44,0.2415,4,-1,-1
62,20,557.12,528.23,58.58,26.59,0.7846,4,-1,-1
62,1,911.68,477.96,42.59,19.74,0.7780,4,-1,-1
62,7,930.99,505.42,48.94,20.81,0.7256,4,-1,-1
63,10,633.63,478.20,45.03,21.25,0.5127,4,-1,-1
63,12,539.68,459.53,38.57,17.25,0.2644,4,-1,-1
63,20,560.67,528.54,59.12,26.98,0.8038,4,-1,-1
63,1,908.06,477.68,43.23,19.85,0.7656,4,-1,-1
63,7,926.88,505.00,49.16,20.59,0.7698,4,-1,-1
64,10,631.84,478.58,44.45,21.11,0.5380,4,-1,-1
64,12,539.18,459.56,37.95,16.91,0.2121,4,-1,-1
64,20,565.02,529.29,59.54,27.42,0.7656,4,-1,-1
64,1,904.32,477.59,43.16,19.61,0.7334,4,-1,-1
64,7,918.47,504.06,51.80,21.61,0.7098,4,-1,-1
65,10,630.20,478.84,43.40,20.80,0.5341,4,-1,-1
65,12,539.50,459.79,37.48,16.67,0.2095,4,-1,-1
65,20,569.77,530.81,58.39,27.01,0.7739,4,-1,-1
65,1,897.87,476.98,44.19,19.82,0.6817,4,-1,-1
65,7,912.70,503.75,51.79,21.46,0.7527,4,-1,-1
65,28,1630.20,545.14,47.56,23.23,0.5419,4,-1,-1
66,10,629.72,479.05,42.42,20.47,0.4196,4,-1,-1
66,12,539.67,460.05,36.83,16.37,0.1981,4,-1,-1
66,20,574.11,532.19,57.02,26.44,0.7899,4,-1,-1
66,1,894.25,476.75,45.15,20.02,0.6968,4,-1,-1
66,7,906.72,503.27,52.60,21.64,0.7379,4,-1,-1
66,28,1631.75,545.77,47.27,23.10,0.4216,4,-1,-1
66,29,1183.50,502.16,58.57,19.26,0.5593,4,-1,-1
66,31,821.13,464.54,39.77,19.05,0.4678,4,-1,-1
66,9,1000.08,504.04,49.30,22.55,0.5860,4,-1,-1
67,10,629.45,479.28,41.56,20.13,0.4756,4,-1,-1
67,12,539.31,460.40,36.64,16.28,0.2728,4,-1,-1
67,20,578.25,532.99,56.98,26.51,0.7739,4,-1,-1
67,1,892.05,476.45,44.65,19.74,0.6558,4,-1,-1
67,7,899.53,502.32,53.44,21.90,0.7287,4,-1,-1
67,28,1630.33,544.54,51.14,25.01,0.3576,4,-1,-1
67,29,1176.81,502.31,58.99,19.40,0.6540,4,-1,-1
67,31,820.80,464.46,40.86,19.58,0.5156,4,-1,-1
67,9,999.17,504.03,46.12,21.84,0.6610,4,-1,-1
68,10,630.21,479.45,40.71,19.83,0.5068,4,-1,-1
68,12,538.95,460.33,37.08,16.48,0.3433,4,-1,-1
68,20,581.15,533.08,57.63,26.96,0.7469,4,-1,-1
68,1,891.19,476.32,43.94,19.50,0.6067,4,-1,-1
68,7,895.55,502.33,52.16,21.18,0.7394,4,-1,-1
68,28,1625.50,542.87,56.81,27.77,0.1097,4,-1,-1
68,29,1172.72,502.34,57.35,18.83,0.7287,4,-1,-1
68,31,819.69,464.48,40.28,19.31,0.3504,4,-1,-1
68,9,998.37,504.05,43.62,21.49,0.4475,4,-1,-1
69,10,630.73,479.27,39.94,19.57,0.4026,4,-1,-1
69,12,536.68,459.33,37.44,16.71,0.3460,4,-1,-1
69,20,585.16,533.55,58.30,27.41,0.7912,4,-1,-1
69,1,887.19,476.25,44.46,19.77,0.6086,4,-1,-1
69,7,888.50,501.28,54.27,22.10,0.6270,4,-1,-1
69,28,1629.65,543.70,57.10,28.09,0.1913,4,-1,-1
69,29,1165.53,501.86,59.44,19.54,0.7017,4,-1,-1
69,31,818.27,465.64,39.71,19.03,0.3951,4,-1,-1
70,10,631.23,478.93,40.03,19.73,0.3657,4,-1,-1
70,12,538.49,459.49,37.86,16.73,0.3775,4,-1,-1
70,20,589.90,534.84,58.47,27.60,0.7178,4,-1,-1
70,1,884.08,475.95,44.20,19.82,0.6252,4,-1,-1
70,7,882.01,500.94,52.63,21.40,0.5603,4,-1,-1
70,28,1633.59,544.17,56.19,27.82,0.2894,4,-1,-1
70,29,1159.14,500.79,59.84,19.68,0.7033,4,-1,-1
70,31,818.92,467.52,37.72,17.96,0.1871,4,-1,-1
71,10,631.87,478.79,39.76,19.68,0.3868,4,-1,-1
71,12,538.06,459.56,37.80,16.69,0.3831,4,-1,-1
71,20,593.25,535.91,58.09,27.51,0.7628,4,-1,-1
71,1,882.81,476.09,43.61,19.75,0.6505,4,-1,-1
71,7,877.78,500.00,54.02,22.24,0.6451,4,-1,-1
71,29,1154.06,500.34,60.44,19.91,0.6851,4,-1,-1
71,31,819.18,468.37,40.14,18.94,0.1667,4,-1,-1
71,32,965.96,504.26,30.63,18.25,0.6011,4,-1,-1
71,33,410.46,454.31,38.03,17.62,0.4873,4,-1,-1
72,10,632.22,478.94,39.60,19.65,0.3868,4,-1,-1
72,12,538.21,459.77,37.62,16.51,0.3970,4,-1,-1
72,20,598.28,536.65,57.96,27.51,0.7585,4,-1,-1
72,1,880.65,475.42,42.92,19.77,0.6307,4,-1,-1
72,7,875.28,500.78,50.28,21.03,0.6697,4,-1,-1
72,29,1149.03,499.64,57.47,18.89,0.6433,4,-1,-1
72,31,812.48,468.46,36.76,17.16,0.4504,4,-1,-1
72,32,961.47,504.04,30.39,18.03,0.7130,4,-1,-1
72,33,409.23,454.51,37.25,17.27,0.4282,4,-1,-1
73,10,632.53,479.16,39.12,19.45,0.3174,4,-1,-1
73,12,537.58,460.05,36.72,16.15,0.3840,4,-1,-1
73,20,601.06,536.91,58.84,27.95,0.7628,4,-1,-1
73,1,879.76,474.98,41.74,19.59,0.6984,4,-1,-1
73,7,874.23,501.20,47.84,20.41,0.6049,4,-1,-1
73,29,1145.61,499.00,57.66,18.93,0.5936,4,-1,-1
73,31,809.66,468.00,35.37,16.36,0.3666,4,-1,-1
73,32,957.73,503.48,31.58,18.59,0.7001,4,-1,-1
73,33,408.87,454.21,35.92,16.67,0.3433,4,-1,-1
74,10,631.81,479.03,39.71,19.84,0.1755,4,-1,-1
74,12,538.18,460.35,36.50,16.03,0.4073,4,-1,-1
74,20,604.84,537.17,60.28,28.72,0.7670,4,-1,-1
74,1,877.04,474.50,42.54,20.45,0.6868,4,-1,-1
74,7,873.67,501.76,42.41,18.53,0.5400,4,-1,-1
74,29,1139.71,498.37,58.65,19.26,0.2942,5,-1,-1
74,31,807.17,467.51,34.20,15.73,0.3594,4,-1,-1
74,32,951.01,502.11,35.56,20.71,0.6325,4,-1,-1
74,33,410.15,452.62,36.82,17.13,0.3666,4,-1,-1
75,12,539.19,460.72,36.13,15.82,0.4388,4,-1,-1
75,20,611.36,538.68,58.16,27.56,0.7793,4,-1,-1
75,1,872.23,473.96,43.04,21.07,0.5898,4,-1,-1
75,7,870.57,501.05,41.83,19.05,0.1052,4,-1,-1
75,29,1132.50,497.16,60.14,19.84,0.6123,4,-1,-1
75,31,805.70,467.08,39.29,17.98,0.2069,4,-1,-1
75,32,945.78,501.05,38.01,21.83,0.7614,4,-1,-1
75,33,408.74,453.45,37.34,17.29,0.2862,4,-1,-1
76,12,539.21,460.86,37.80,16.51,0.4378,4,-1,-1
76,20,615.02,539.43,58.74,27.95,0.7424,4,-1,-1
76,1,867.72,473.61,44.75,22.18,0.5098,4,-1,-1
76,7,867.43,501.40,40.16,18.89,0.1048,4,-1,-1
76,29,1127.21,496.28,61.54,20.41,0.6215,4,-1,-1
76,31,806.12,466.70,40.67,18.52,0.1120,4,-1,-1
76,32,942.92,500.65,38.31,21.50,0.7793,4,-1,-1
76,33,413.67,452.97,30.82,14.20,0.2487,4,-1,-1
77,12,538.50,460.84,38.89,16.97,0.4727,4,-1,-1
77,20,618.43,540.46,59.40,28.43,0.7334,4,-1,-1
77,29,1121.46,495.39,62.50,20.84,0.7349,4,-1,-1
77,31,807.18,467.05,48.48,22.12,0.1352,4,-1,-1
77,32,937.26,500.03,38.85,21.23,0.7334,4,-1,-1
78,12,538.54,460.80,38.71,16.88,0.4426,4,-1,-1
78,20,621.56,541.46,58.22,28.06,0.7194,4,-1,-1
78,29,1117.39,494.86,62.65,21.03,0.6951,4,-1,-1
78,31,809.19,467.26,50.04,22.88,0.1778,4,-1,-1
78,32,932.24,499.73,39.76,21.19,0.7846,4,-1,-1
79,12,537.87,460.75,38.59,16.90,0.3504,4,-1,-1
79,20,627.60,543.45,58.42,28.11,0.7447,4,-1,-1
79,29,1112.78,495.22,60.64,20.41,0.6885,4,-1,-1
79,31,810.21,467.48,49.92,22.84,0.1848,4,-1,-1
79,32,925.92,499.37,40.67,21.19,0.7469,4,-1,-1
80,12,537.50,459.96,38.30,16.65,0.1059,4,-1,-1
80,20,632.64,544.77,59.48,28.57,0.7606,4,-1,-1
80,29,1106.47,494.69,59.98,20.25,0.6689,4,-1,-1
80,31,811.91,467.80,49.25,22.66,0.1727,4,-1,-1
80,32,918.66,498.70,42.57,21.73,0.7318,4,-1,-1
81,12,537.87,459.52,36.96,15.91,0.1889,4,-1,-1
81,20,636.14,545.55,59.61,28.56,0.7592,4,-1,-1
81,29,1101.68,493.79,61.08,20.79,0.7341,4,-1,-1
81,31,811.92,467.65,49.86,23.11,0.1645,4,-1,-1
81,32,913.76,498.57,43.14,21.58,0.7454,4,-1,-1
82,12,532.55,459.94,37.23,16.29,0.2365,4,-1,-1
82,20,640.83,546.35,60.21,28.79,0.7432,4,-1,-1
82,29,1095.63,493.06,61.93,21.19,0.7698,4,-1,-1
82,31,810.32,467.11,52.33,24.51,0.1889,4,-1,-1
82,32,902.43,497.46,46.86,22.76,0.6993,4,-1,-1
83,12,533.28,460.19,37.08,16.33,0.2415,4,-1,-1
83,20,643.15,545.82,62.41,29.98,0.7535,4,-1,-1
83,29,1091.15,492.43,62.82,21.60,0.7670,4,-1,-1
83,31,810.04,467.19,52.18,24.64,0.1571,4,-1,-1
83,32,897.23,496.73,48.87,23.21,0.7090,4,-1,-1
84,12,534.23,460.06,40.87,18.02,0.2193,4,-1,-1
84,20,648.46,546.65,62.51,30.14,0.7476,4,-1,-1
84,29,1085.85,491.91,62.81,21.73,0.7684,4,-1,-1
84,31,810.66,467.24,52.85,25.14,0.1597,4,-1,-1
84,32,892.87,496.09,48.55,22.77,0.6826,4,-1,-1
85,12,536.40,459.57,40.27,17.54,0.3329,4,-1,-1
85,20,655.46,549.08,60.19,28.87,0.7454,4,-1,-1
85,29,1080.80,491.15,62.04,21.64,0.7520,4,-1,-1
85,31,812.06,468.60,52.15,24.84,0.2473,4,-1,-1
85,32,885.63,495.86,48.59,22.38,0.7001,4,-1,-1
86,12,537.74,459.24,41.60,17.98,0.2268,4,-1,-1
86,20,659.57,550.22,59.99,28.70,0.7571,4,-1,-1
86,29,1076.37,490.58,62.07,21.84,0.7606,4,-1,-1
86,31,816.21,469.39,50.41,23.83,0.3621,4,-1,-1
86,32,881.29,495.48,48.96,22.21,0.6935,4,-1,-1
87,12,537.41,459.05,40.45,17.53,0.1767,4,-1,-1
87,20,665.17,551.16,60.73,28.85,0.6663,4,-1,-1
87,29,1071.21,490.84,61.60,21.78,0.7424,4,-1,-1
87,31,818.36,469.38,48.80,23.12,0.5068,4,-1,-1
87,32,877.04,494.83,49.37,22.26,0.6851,4,-1,-1
88,12,538.62,459.45,39.30,17.07,0.1582,4,-1,-1
88,20,668.95,552.11,62.85,29.74,0.6049,4,-1,-1
88,29,1068.16,490.32,60.67,21.59,0.7264,4,-1,-1
88,31,819.29,469.34,47.23,22.40,0.5039,4,-1,-1
88,32,872.93,494.15,50.09,22.54,0.6307,4,-1,-1
88,34,739.37,459.39,44.40,21.06,0.4639,4,-1,-1
89,12,536.84,459.09,41.30,18.09,0.2783,4,-1,-1
89,20,673.31,552.99,61.62,29.04,0.5448,4,-1,-1
89,29,1063.50,489.87,61.42,22.18,0.7130,4,-1,-1
89,31,820.45,469.91,46.22,21.76,0.5419,4,-1,-1
89,32,863.94,492.68,53.87,24.35,0.2720,4,-1,-1
89,34,736.98,459.20,44.26,20.92,0.4727,4,-1,-1
90,12,537.07,459.85,40.64,17.76,0.4083,4,-1,-1
90,20,678.28,554.17,62.01,29.23,0.5993,4,-1,-1
90,29,1055.91,488.59,63.41,23.23,0.6270,4,-1,-1
90,31,819.17,469.99,44.48,20.74,0.4902,4,-1,-1
90,32,860.62,493.48,50.71,22.98,0.4158,4,-1,-1
90,34,737.86,459.93,44.08,20.78,0.3803,4,-1,-1
91,12,537.27,459.68,42.53,18.49,0.2075,5,-1,-1
91,20,682.30,555.38,60.34,28.42,0.6243,4,-1,-1
91,29,1054.44,488.30,61.76,23.02,0.6993,4,-1,-1
91,31,821.13,470.74,42.50,19.89,0.5146,4,-1,-1
91,32,852.43,492.14,55.11,25.09,0.1281,4,-1,-1
91,34,739.22,459.59,43.14,20.31,0.4971,4,-1,-1
92,12,537.99,458.99,45.74,19.59,0.2082,5,-1,-1
92,20,687.88,557.08,56.06,26.28,0.4484,4,-1,-1
92,29,1050.77,487.46,61.48,23.34,0.5651,4,-1,-1
92,34,735.68,458.96,44.44,20.89,0.5244,4,-1,-1
92,1,819.41,470.80,38.88,18.65,0.5263,4,-1,-1
93,12,538.40,458.82,46.83,19.77,0.2056,5,-1,-1
93,20,692.98,557.80,57.03,26.43,0.4834,4,-1,-1
93,29,1051.69,487.31,58.61,22.99,0.5631,4,-1,-1
93,34,734.00,458.51,44.14,20.73,0.5244,4,-1,-1
93,1,819.70,470.49,38.69,18.23,0.5302,4,-1,-1
94,12,537.95,459.48,46.48,19.31,0.1251,4,-1,-1
94,20,700.02,558.92,56.06,25.55,0.5860,4,-1,-1
94,29,1046.92,486.72,56.99,22.91,0.2088,4,-1,-1
94,34,730.86,457.76,42.39,19.99,0.4785,4,-1,-1
94,1,819.81,470.64,36.15,16.54,0.4756,4,-1,-1
95,12,542.48,459.31,47.68,19.79,0.3200,4,-1,-1
95,20,703.64,559.96,56.09,25.58,0.6002,4,-1,-1
95,29,1040.83,486.08,57.53,23.64,0.1403,4,-1,-1
95,34,728.59,458.85,39.76,18.79,0.3933,4,-1,-1
95,1,817.13,470.04,37.36,16.76,0.3849,4,-1,-1
96,12,545.13,459.38,47.86,19.92,0.3970,4,-1,-1
96,20,708.10,560.48,53.88,24.50,0.5438,4,-1,-1
96,29,1044.08,486.79,52.83,22.52,0.1505,4,-1,-1
96,34,725.27,458.49,40.90,19.44,0.4746,4,-1,-1
96,1,814.02,469.56,40.32,18.05,0.4054,4,-1,-1
97,12,544.09,459.26,48.75,20.17,0.4785,4,-1,-1
97,20,713.31,561.68,53.15,24.09,0.1357,4,-1,-1
97,29,1030.78,484.83,54.59,23.40,0.1505,4,-1,-1
97,34,722.10,457.91,41.35,19.83,0.2862,4,-1,-1
97,1,809.23,469.26,43.90,19.89,0.3648,4,-1,-1
98,12,542.81,459.13,49.28,20.22,0.4717,4,-1,-1
98,20,719.16,562.09,53.98,23.98,0.1640,4,-1,-1
98,29,1025.54,484.21,53.83,23.17,0.1962,4,-1,-1
98,34,720.15,456.85,41.41,20.20,0.2147,4,-1,-1
98,1,806.02,468.91,45.07,20.73,0.3803,4,-1,-1
99,12,541.38,459.17,49.49,20.05,0.4688,4,-1,-1
99,29,1015.68,484.74,50.15,21.96,0.2674,4,-1,-1
99,34,719.99,456.26,39.85,19.87,0.1624,4,-1,-1
99,1,807.59,468.33,46.80,21.42,0.3355,4,-1,-1
100,12,539.53,459.43,50.09,20.02,0.4785,4,-1,-1
100,29,1008.26,484.13,49.67,22.19,0.1116,4,-1,-1
100,1,809.83,467.99,46.83,21.34,0.3124,4,-1,-1
100,32,808.16,491.29,46.31,21.27,0.4542,4,-1,-1
101,12,539.11,459.85,49.94,19.73,0.4600,4,-1,-1
101,29,1005.11,484.20,48.18,21.85,0.1981,4,-1,-1
101,1,811.79,467.78,44.71,20.07,0.2372,4,-1,-1
101,36,531.65,460.16,42.21,18.54,0.4815,4,-1,-1
101,32,807.62,492.48,44.03,20.38,0.4717,4,-1,-1
102,12,542.22,460.30,48.92,19.32,0.4446,4,-1,-1
102,29,1003.85,484.51,47.34,21.83,0.3311,4,-1,-1
102,1,810.69,466.75,48.89,22.02,0.1750,4,-1,-1
102,36,531.94,460.64,40.88,17.97,0.4668,4,-1,-1
102,32,806.02,491.86,42.79,20.09,0.3346,4,-1,-1
103,12,542.00,460.73,48.64,19.13,0.5380,4,-1,-1
103,29,1002.63,484.58,47.50,22.32,0.2644,4,-1,-1
103,1,809.23,466.54,51.59,23.40,0.1877,4,-1,-1
103,36,535.19,460.93,40.52,17.75,0.4805,4,-1,-1
103,32,800.10,489.59,45.61,21.94,0.2606,4,-1,-1
103,37,677.13,491.86,42.84,15.70,0.5784,4,-1,-1
104,12,539.22,461.15,49.68,19.47,0.5535,4,-1,-1
104,29,1004.00,485.30,44.03,20.97,0.5612,4,-1,-1
104,1,807.53,466.61,53.89,24.75,0.1813,4,-1,-1
104,36,535.26,460.36,43.15,18.87,0.3416,4,-1,-1
104,37,674.10,491.01,44.67,16.37,0.6011,4,-1,-1
105,12,537.54,460.72,50.75,19.79,0.5955,4,-1,-1
105,29,1003.99,485.23,42.87,20.73,0.3567,4,-1,-1
105,36,533.04,460.87,41.06,17.93,0.2358,4,-1,-1
105,37,672.53,490.60,45.58,16.71,0.5516,4,-1,-1
106,12,536.73,461.26,50.69,19.74,0.3576,4,-1,-1
106,29,1003.71,484.99,42.31,20.94,0.3895,4,-1,-1
106,36,533.49,461.55,40.97,17.96,0.4834,4,-1,-1
106,37,671.49,489.56,47.75,17.56,0.4932,4,-1,-1
107,12,540.15,461.68,50.46,19.82,0.2031,4,-1,-1
107,29,1002.87,485.23,40.25,20.53,0.3702,4,-1,-1
107,36,531.76,462.53,39.92,17.64,0.4007,4,-1,-1
107,37,670.80,489.96,47.41,17.54,0.2509,4,-1,-1
108,12,539.30,462.46,49.74,19.41,0.1461,4,-1,-1
108,29,1001.51,485.22,38.65,20.47,0.2744,4,-1,-1
108,36,529.91,462.84,39.77,17.71,0.3513,4,-1,-1
108,37,670.91,491.02,45.34,16.78,0.2309,4,-1,-1
109,12,538.65,462.68,48.59,18.76,0.1767,4,-1,-1
109,29,992.94,485.56,37.95,20.05,0.1312,4,-1,-1
109,36,529.17,463.15,38.72,17.38,0.3594,4,-1,-1
109,37,673.73,491.99,41.99,15.55,0.2330,4,-1,-1
110,12,542.50,462.48,45.62,17.52,0.1993,4,-1,-1
110,36,528.95,463.33,38.29,17.26,0.3603,4,-1,-1
110,37,675.50,492.70,41.12,15.26,0.1255,4,-1,-1
111,12,538.17,462.77,47.78,18.13,0.2422,4,-1,-1
111,36,528.73,462.63,38.04,17.23,0.3812,4,-1,-1
111,37,675.90,493.13,40.61,15.08,0.1778,4,-1,-1
111,38,1111.85,500.93,62.14,22.17,0.4552,6,-1,-1
112,12,542.30,462.11,47.37,18.11,0.2037,4,-1,-1
112,36,528.10,462.56,38.44,17.58,0.4863,4,-1,-1
112,37,675.52,493.30,41.46,15.43,0.1830,4,-1,-1
112,38,1106.23,500.61,61.11,21.80,0.4417,6,-1,-1
113,12,542.98,462.25,46.36,17.81,0.1272,4,-1,-1
113,36,528.11,462.68,38.16,17.59,0.4863,4,-1,-1
113,37,675.34,493.26,41.54,15.49,0.1842,4,-1,-1
113,38,1101.41,499.82,63.11,22.54,0.6334,6,-1,-1
114,12,539.76,462.04,48.61,18.60,0.1587,4,-1,-1
114,36,528.37,462.75,38.26,17.82,0.4951,4,-1,-1
114,37,675.27,492.97,42.83,16.10,0.1352,4,-1,-1
114,38,1093.53,498.87,65.17,23.30,0.6334,6,-1,-1
115,36,527.99,462.94,37.28,17.39,0.4426,4,-1,-1
115,37,675.50,493.02,42.23,15.95,0.1784,4,-1,-1
115,38,1087.22,497.85,66.44,23.85,0.6021,6,-1,-1
116,36,527.15,463.54,36.76,17.09,0.4359,4,-1,-1
116,37,675.22,492.91,42.47,16.10,0.1476,4,-1,-1
116,38,1082.55,497.27,66.08,23.72,0.5117,6,-1,-1
116,42,746.84,466.88,40.22,19.22,0.5593,4,-1,-1
116,29,950.75,484.49,36.06,18.36,0.6610,4,-1,-1
117,36,527.72,463.53,36.69,17.15,0.4581,4,-1,-1
117,37,675.20,492.88,41.96,15.95,0.1500,4,-1,-1
117,38,1077.26,496.05,66.76,24.05,0.2870,6,-1,-1
117,42,744.21,466.21,40.63,19.40,0.6086,4,-1,-1
117,29,945.58,483.31,38.86,19.17,0.7469,4,-1,-1
118,36,529.05,463.25,36.76,17.36,0.5107,4,-1,-1
118,37,675.03,493.07,41.81,15.97,0.2282,4,-1,-1
118,38,1073.75,495.46,65.79,23.82,0.1999,6,-1,-1
118,42,741.28,465.28,42.86,20.48,0.6179,4,-1,-1
118,29,941.98,482.51,41.04,19.74,0.7498,4,-1,-1
119,36,529.32,463.01,36.95,17.62,0.5010,4,-1,-1
119,37,672.79,492.72,43.26,16.56,0.1385,4,-1,-1
119,42,737.31,464.46,44.93,21.46,0.5574,4,-1,-1
119,29,937.90,482.17,42.77,19.99,0.7642,4,-1,-1
120,36,529.94,463.28,35.62,17.09,0.4591,4,-1,-1
120,42,734.39,464.54,44.80,21.40,0.5263,4,-1,-1
120,29,932.37,482.05,43.19,19.79,0.7684,4,-1,-1
120,43,265.73,434.36,34.56,16.17,0.5185,4,-1,-1
121,36,530.21,463.51,34.83,16.72,0.4630,4,-1,-1
121,42,732.41,464.81,44.50,21.19,0.4707,4,-1,-1
121,29,928.20,481.81,44.31,20.03,0.7484,4,-1,-1
121,43,263.47,433.46,36.07,16.90,0.6325,4,-1,-1
122,36,529.60,462.84,36.23,17.43,0.4873,4,-1,-1
122,42,729.13,465.25,44.80,21.27,0.3739,4,-1,-1
122,29,923.22,480.09,45.77,20.48,0.7820,4,-1,-1
122,43,260.17,432.79,36.43,17.05,0.6575,4,-1,-1
123,36,529.70,462.72,36.28,17.50,0.4659,4,-1,-1
123,42,727.46,465.78,44.34,20.97,0.4007,4,-1,-1
123,29,920.20,479.19,46.55,20.64,0.7860,4,-1,-1
123,43,257.81,431.91,37.06,17.35,0.6885,4,-1,-1
124,36,529.06,462.80,36.20,17.47,0.5098,4,-1,-1
124,42,723.12,464.43,45.86,21.71,0.3381,4,-1,-1
124,29,916.08,479.09,46.96,20.64,0.7793,4,-1,-1
124,43,256.22,431.64,36.01,16.92,0.5205,4,-1,-1
125,36,527.39,462.40,37.35,17.98,0.5205,4,-1,-1
125,42,719.35,462.48,47.57,22.65,0.3242,4,-1,-1
125,29,911.27,479.14,46.66,20.39,0.7725,4,-1,-1
125,43,253.23,431.60,35.52,16.67,0.5784,4,-1,-1
126,36,526.96,462.27,37.27,17.85,0.5419,4,-1,-1
126,29,908.27,478.94,46.54,20.25,0.7556,4,-1,-1
126,43,251.03,431.68,35.17,16.49,0.5458,4,-1,-1
126,45,346.75,492.20,58.53,32.55,0.4863,5,-1,-1
127,36,526.61,462.14,37.45,17.90,0.5224,4,-1,-1
127,29,903.57,478.39,46.97,20.37,0.7194,4,-1,-1
127,43,246.80,429.48,37.96,17.98,0.4158,4,-1,-1
127,45,350.65,493.05,57.69,32.04,0.5176,5,-1,-1
128,36,526.93,462.34,36.70,17.49,0.5039,4,-1,-1
128,29,899.76,478.36,47.01,20.24,0.7225,4,-1,-1
128,43,244.99,428.39,38.81,18.59,0.3831,4,-1,-1
128,45,354.89,493.34,54.77,30.32,0.5564,5,-1,-1
129,36,526.75,462.62,36.41,17.25,0.5039,4,-1,-1
129,29,894.50,477.81,47.98,20.52,0.6935,4,-1,-1
129,43,243.27,427.55,37.89,18.30,0.3612,4,-1,-1
129,45,362.07,494.02,52.31,28.89,0.5908,5,-1,-1
130,36,527.48,463.05,35.09,16.50,0.4026,4,-1,-1
130,29,890.35,477.50,47.50,20.19,0.6522,4,-1,-1
130,43,241.79,427.18,36.87,17.98,0.1597,4,-1,-1
130,45,366.55,494.27,51.47,28.31,0.5525,5,-1,-1
131,36,526.80,463.06,35.80,16.65,0.3567,4,-1,-1
131,29,886.79,477.28,48.16,20.40,0.6918,4,-1,-1
131,43,238.99,426.04,37.78,18.52,0.1968,4,-1,-1
131,45,369.10,494.38,50.75,27.70,0.5851,5,-1,-1
132,36,526.24,462.72,37.47,17.40,0.3639,4,-1,-1
132,29,884.88,476.76,47.25,20.22,0.6610,4,-1,-1
132,43,239.95,427.07,34.28,17.00,0.2180,4,-1,-1
132,45,372.86,494.48,51.19,27.80,0.4941,5,-1,-1
133,36,526.12,462.38,37.82,17.52,0.4177,4,-1,-1
133,29,883.82,476.64,45.64,19.66,0.6433,4,-1,-1
133,43,239.27,426.79,33.22,16.71,0.2628,4,-1,-1
133,45,374.24,495.10,51.76,27.99,0.6151,5,-1,-1
134,36,524.31,462.27,38.68,17.85,0.4620,4,-1,-1
134,29,882.25,476.53,43.85,19.11,0.5727,4,-1,-1
134,43,238.35,426.23,32.18,16.44,0.3024,4,-1,-1
134,45,377.75,495.22,52.62,28.30,0.4263,5,-1,-1
135,36,524.51,462.14,38.75,17.88,0.4902,4,-1,-1
135,29,878.44,476.23,44.02,19.48,0.5302,4,-1,-1
135,43,235.49,424.67,32.68,17.00,0.2613,4,-1,-1
135,45,380.92,495.68,52.10,27.81,0.3200,5,-1,-1
136,36,525.87,462.35,37.84,17.51,0.4388,4,-1,-1
136,29,875.85,476.38,43.23,19.32,0.4883,4,-1,-1
136,43,232.37,423.37,34.61,18.29,0.4668,4,-1,-1
136,45,384.23,496.02,52.23,27.73,0.4121,4,-1,-1
136,47,1341.43,537.17,60.18,23.30,0.7498,4,-1,-1
137,36,526.13,462.24,37.66,17.43,0.4659,4,-1,-1
137,29,871.02,474.66,45.82,20.81,0.4737,4,-1,-1
137,43,230.68,422.42,34.20,18.34,0.2160,4,-1,-1
137,45,386.04,495.77,55.42,29.43,0.6077,5,-1,-1
137,47,1335.53,535.04,64.44,24.88,0.7925,4,-1,-1
138,36,526.91,462.12,37.40,17.42,0.4475,4,-1,-1
138,29,867.88,473.79,47.25,21.85,0.2846,4,-1,-1
138,43,228.90,421.63,33.66,18.24,0.1795,4,-1,-1
138,45,388.15,496.28,54.23,28.64,0.4688,5,-1,-1
138,47,1329.28,533.82,66.77,25.70,0.7937,4,-1,-1
139,36,527.70,461.97,37.29,17.46,0.4668,4,-1,-1
139,43,227.06,420.82,33.23,18.31,0.1030,4,-1,-1
139,45,391.14,496.72,55.41,29.23,0.7447,5,-1,-1
139,47,1317.20,531.71,70.59,27.13,0.8135,4,-1,-1
140,36,527.72,461.68,37.66,17.71,0.4854,4,-1,-1
140,45,394.14,497.13,56.72,29.97,0.7691,5,-1,-1
140,47,1306.47,529.69,73.80,28.38,0.8239,4,-1,-1
141,36,528.10,461.72,37.42,17.66,0.4863,4,-1,-1
141,45,395.68,497.38,58.14,30.77,0.6893,5,-1,-1
141,47,1299.45,529.18,73.44,28.20,0.7899,4,-1,-1
142,36,528.82,461.83,37.09,17.57,0.4659,4,-1,-1
142,45,399.54,498.13,57.90,30.62,0.6460,5,-1,-1
142,47,1291.43,528.27,72.59,27.85,0.8087,4,-1,-1
143,36,528.88,461.75,37.22,17.67,0.5068,4,-1,-1
143,45,402.41,498.35,58.28,30.65,0.6316,5,-1,-1
143,47,1285.16,527.87,72.25,27.66,0.8062,4,-1,-1
144,36,529.32,461.97,36.70,17.42,0.5078,4,-1,-1
144,45,405.21,498.59,57.95,30.54,0.7506,5,-1,-1
144,47,1277.41,527.49,70.56,26.95,0.7937,4,-1,-1
145,36,529.25,462.36,36.44,17.31,0.5438,4,-1,-1
145,45,408.17,499.06,57.60,30.43,0.7417,5,-1,-1
145,47,1268.10,526.20,70.72,26.98,0.8087,4,-1,-1
146,36,529.12,462.34,36.47,17.33,0.5400,4,-1,-1
146,45,411.09,499.63,56.40,29.91,0.6706,5,-1,-1
146,47,1261.58,525.35,70.65,26.96,0.7976,4,-1,-1
147,36,529.63,462.72,35.72,16.95,0.5263,4,-1,-1
147,45,415.01,499.91,56.33,29.93,0.6602,5,-1,-1
147,47,1252.59,524.51,71.43,27.30,0.7886,4,-1,-1
148,36,529.51,463.00,35.35,16.74,0.5516,4,-1,-1
148,45,419.60,500.42,55.91,29.61,0.7311,5,-1,-1
148,47,1246.43,523.82,71.99,27.59,0.7950,4,-1,-1
148,42,672.21,460.06,35.56,16.79,0.4504,4,-1,-1
149,36,528.41,462.71,35.82,16.90,0.5708,4,-1,-1
149,45,423.22,501.00,57.62,30.55,0.7009,5,-1,-1
149,47,1237.87,523.36,71.37,27.45,0.7925,4,-1,-1
149,42,668.33,460.07,37.10,17.12,0.3346,4,-1,-1
150,36,528.17,462.47,35.74,16.85,0.5842,4,-1,-1
150,45,426.69,501.70,58.16,30.72,0.7009,5,-1,-1
150,47,1229.82,522.23,70.10,26.90,0.8239,4,-1,-1
150,42,666.87,460.68,38.24,17.35,0.2458,4,-1,-1
151,36,528.32,462.51,36.23,17.09,0.5496,4,-1,-1
151,45,428.21,502.63,60.54,31.95,0.6151,5,-1,-1
151,47,1224.87,521.76,68.85,26.40,0.8306,4,-1,-1
151,42,664.65,460.32,38.67,17.68,0.2458,4,-1,-1
151,29,816.59,470.23,42.21,19.27,0.5322,4,-1,-1
152,36,526.94,461.94,36.20,17.08,0.4475,4,-1,-1
152,45,431.90,503.46,61.22,32.31,0.5312,5,-1,-1
152,47,1216.69,521.39,68.33,26.14,0.8111,4,-1,-1
152,42,663.68,460.20,39.21,17.73,0.1109,4,-1,-1
152,29,813.61,469.50,43.03,19.37,0.5670,4,-1,-1
153,36,526.01,461.82,35.55,16.62,0.4698,4,-1,-1
153,45,435.01,503.99,60.54,31.95,0.5254,5,-1,-1
153,47,1210.81,520.76,68.65,26.29,0.8135,4,-1,-1
153,42,659.95,459.55,39.52,18.13,0.1451,4,-1,-1
153,29,809.69,469.20,45.25,19.83,0.4902,4,-1,-1
154,36,526.34,461.23,36.20,16.75,0.4111,4,-1,-1
154,45,438.41,504.54,61.37,32.39,0.5564,5,-1,-1
154,47,1202.79,520.50,69.06,26.46,0.8087,4,-1,-1
154,29,806.17,469.52,45.73,19.84,0.4639,4,-1,-1
154,53,1124.52,431.72,77.18,25.53,0.5127,4,-1,-1
154,54,880.80,461.27,85.66,42.07,0.5176,9,-1,-1
155,36,524.98,461.20,36.64,16.70,0.3905,4,-1,-1
155,45,444.04,504.91,58.40,30.63,0.4785,4,-1,-1
155,47,1193.56,519.30,70.05,26.95,0.8038,4,-1,-1
155,29,804.09,469.53,44.58,19.42,0.5117,4,-1,-1
155,53,1135.11,432.48,72.89,24.20,0.4196,4,-1,-1
155,54,882.79,463.51,79.51,38.94,0.5813,9,-1,-1
156,36,524.44,461.60,37.77,17.04,0.3576,4,-1,-1
156,45,449.65,505.44,52.83,27.07,0.5166,4,-1,-1
156,47,1187.84,518.72,69.54,26.81,0.8001,4,-1,-1
156,29,802.96,469.66,44.34,19.41,0.4552,4,-1,-1
156,53,1142.87,432.36,92.13,30.75,0.6460,4,-1,-1
156,54,884.12,465.77,74.61,36.40,0.6002,9,-1,-1
157,36,526.07,461.93,37.73,17.09,0.3277,4,-1,-1
157,45,449.93,506.00,58.94,30.26,0.4941,5,-1,-1
157,47,1179.79,517.88,70.05,27.11,0.8099,4,-1,-1
157,29,800.95,469.46,46.25,20.31,0.2814,4,-1,-1
157,53,1154.54,433.45,99.90,33.59,0.6361,4,-1,-1
157,54,878.85,464.30,77.89,37.82,0.5964,9,-1,-1
158,36,528.28,462.23,36.28,16.51,0.3513,4,-1,-1
158,45,451.01,506.05,61.97,31.95,0.6496,5,-1,-1
158,47,1174.45,517.42,69.44,26.95,0.8050,4,-1,-1
158,29,803.34,469.02,43.39,19.18,0.2365,4,-1,-1
158,53,1164.31,434.46,98.76,33.50,0.6851,4,-1,-1
158,54,878.02,463.96,77.87,37.69,0.5775,9,-1,-1
159,36,527.97,461.98,38.58,17.69,0.4026,4,-1,-1
159,45,453.02,505.98,67.39,35.16,0.6758,5,-1,-1
159,47,1167.37,516.79,68.44,26.62,0.7976,4,-1,-1
159,29,804.61,469.50,42.64,18.69,0.2744,4,-1,-1
159,53,1182.90,436.03,89.86,30.63,0.4873,4,-1,-1
159,54,878.66,465.08,75.51,36.56,0.1281,5,-1,-1
160,36,528.55,461.86,38.02,17.63,0.5419,4,-1,-1
160,45,455.90,506.23,70.45,37.23,0.7621,5,-1,-1
160,47,1158.22,515.71,68.72,26.80,0.8050,4,-1,-1
160,29,804.31,470.53,48.37,21.12,0.1678,4,-1,-1
160,53,1196.81,437.81,89.37,30.57,0.5438,4,-1,-1
160,54,873.21,463.77,77.65,37.70,0.1859,9,-1,-1
161,36,528.68,461.74,38.11,17.89,0.5029,4,-1,-1
161,45,456.93,506.34,72.68,38.89,0.7295,5,-1,-1
161,47,1153.14,514.99,67.62,26.40,0.7937,4,-1,-1
161,29,803.45,470.94,51.48,22.45,0.1541,4,-1,-1
161,53,1206.20,438.99,88.04,30.10,0.3914,4,-1,-1
161,54,873.00,463.83,76.86,37.55,0.1889,9,-1,-1
162,36,528.15,461.60,38.23,18.08,0.4863,4,-1,-1
162,45,458.97,507.27,73.93,39.79,0.7705,5,-1,-1
162,47,1146.73,514.54,65.84,25.64,0.7846,4,-1,-1
162,29,805.46,471.62,51.61,22.24,0.1164,4,-1,-1
162,53,1216.68,439.80,98.78,34.19,0.2613,4,-1,-1
162,54,873.25,464.87,72.64,35.73,0.1818,9,-1,-1
163,36,528.46,461.25,38.50,18.42,0.4854,4,-1,-1
163,45,460.86,508.22,75.23,40.83,0.7969,5,-1,-1
163,47,1141.42,514.17,65.45,25.46,0.7950,4,-1,-1
163,29,806.27,470.62,55.71,24.21,0.1225,4,-1,-1
163,53,1229.85,440.73,89.37,30.99,0.6325,4,-1,-1
163,54,874.14,466.25,69.11,34.23,0.3905,5,-1,-1
164,36,528.39,461.26,38.83,18.79,0.5574,4,-1,-1
164,45,465.18,509.36,74.46,40.69,0.6689,5,-1,-1
164,47,1134.37,513.76,64.90,25.22,0.8038,4,-1,-1
164,29,800.82,465.54,67.15,30.03,0.1132,5,-1,-1
164,53,1239.89,441.78,92.72,32.53,0.5574,4,-1,-1
164,54,870.46,466.43,68.35,34.06,0.2458,5,-1,-1
165,36,527.76,461.23,38.60,18.85,0.5380,4,-1,-1
165,45,471.56,510.08,73.55,40.74,0.6976,5,-1,-1
165,47,1125.60,512.90,65.56,25.51,0.8205,4,-1,-1
165,53,1255.82,443.19,92.05,32.56,0.4698,4,-1,-1
165,54,870.64,468.00,64.21,32.42,0.1505,5,-1,-1
165,55,492.82,466.17,32.95,22.24,0.5000,4,-1,-1
166,36,528.71,461.28,38.30,18.88,0.6030,4,-1,-1
166,45,476.34,511.07,71.72,40.01,0.6943,5,-1,-1
166,47,1119.98,512.29,66.27,25.86,0.8205,4,-1,-1
166,53,1266.80,444.33,92.19,32.74,0.4045,4,-1,-1
166,54,871.70,469.02,60.82,31.17,0.1500,4,-1,-1
166,55,494.17,467.10,29.63,19.97,0.5879,4,-1,-1
167,36,529.53,461.46,37.67,18.65,0.5765,4,-1,-1
167,45,480.04,511.51,71.48,40.17,0.7649,5,-1,-1
167,47,1112.73,511.94,65.98,25.79,0.8273,4,-1,-1
167,53,1281.44,445.99,96.11,34.36,0.5936,4,-1,-1
167,54,871.70,469.43,58.45,30.50,0.1002,4,-1,-1
168,36,529.67,461.61,37.10,18.39,0.5917,4,-1,-1
168,45,482.54,511.37,72.52,41.09,0.8044,5,-1,-1
168,47,1108.29,511.67,64.90,25.38,0.8328,4,-1,-1
168,53,1292.48,447.02,97.82,35.12,0.6851,4,-1,-1
169,36,529.73,461.79,36.78,18.25,0.5708,4,-1,-1
169,45,487.22,512.28,72.50,41.43,0.8333,5,-1,-1
169,47,1102.35,511.65,63.14,24.65,0.8146,4,-1,-1
169,53,1304.60,448.30,102.34,37.13,0.7621,4,-1,-1
170,36,530.26,461.93,36.77,18.26,0.5804,4,-1,-1
170,45,492.09,513.05,71.91,41.36,0.8470,5,-1,-1
170,47,1093.93,511.23,62.77,24.44,0.7976,4,-1,-1
170,53,1319.36,449.22,107.14,39.35,0.7217,4,-1,-1
171,36,529.96,461.80,36.99,18.41,0.5784,4,-1,-1
171,45,495.19,513.63,71.59,41.44,0.8344,5,-1,-1
171,47,1088.48,511.04,62.98,24.45,0.7886,4,-1,-1
171,53,1331.35,449.94,107.94,39.97,0.6602,4,-1,-1
172,36,529.51,461.70,37.04,18.48,0.5224,4,-1,-1
172,45,499.90,514.61,71.46,41.64,0.8199,5,-1,-1
172,47,1080.72,510.29,63.49,24.66,0.8099,4,-1,-1
172,53,1347.59,452.35,105.49,39.45,0.7417,4,-1,-1
173,36,529.74,461.76,37.13,18.57,0.4273,4,-1,-1
173,45,502.95,515.19,71.28,41.73,0.7918,5,-1,-1
173,47,1076.71,510.05,63.35,24.66,0.7899,4,-1,-1
173,53,1358.32,453.21,106.99,40.27,0.6602,4,-1,-1
174,36,529.16,461.21,37.76,18.95,0.4639,4,-1,-1
174,45,505.97,516.24,71.30,41.67,0.6740,5,-1,-1
174,47,1069.32,509.55,63.43,24.78,0.7571,4,-1,-1
174,53,1374.69,454.97,102.82,38.61,0.6860,4,-1,-1
175,36,528.78,460.99,38.62,19.44,0.3886,4,-1,-1
175,45,511.58,517.26,71.35,41.86,0.7217,5,-1,-1
175,47,1062.57,508.63,64.18,25.38,0.7409,4,-1,-1
175,53,1397.41,456.43,98.37,36.62,0.6960,4,-1,-1
176,36,528.05,459.95,40.83,20.65,0.3294,4,-1,-1
176,45,514.90,517.62,71.33,41.93,0.7621,5,-1,-1
176,47,1057.10,508.35,63.24,25.16,0.7318,4,-1,-1
176,53,1408.74,456.87,98.40,36.62,0.6910,4,-1,-1
176,58,992.85,419.27,56.54,25.61,0.6361,4,-1,-1
176,59,730.05,462.41,52.05,22.54,0.4971,4,-1,-1
177,36,527.94,459.72,41.61,21.13,0.3032,4,-1,-1
177,45,519.58,517.95,71.54,42.26,0.7461,5,-1,-1
177,47,1052.22,508.11,61.79,24.87,0.6680,4,-1,-1
177,53,1420.58,456.24,109.80,41.31,0.7066,4,-1,-1
177,58,996.51,419.42,58.97,26.75,0.2621,4,-1,-1
177,59,725.23,461.27,55.05,23.86,0.4513,4,-1,-1
178,36,528.95,460.69,40.62,20.54,0.3433,4,-1,-1
178,45,522.84,518.51,71.22,42.14,0.6893,5,-1,-1
178,47,1047.99,507.56,61.63,25.10,0.6215,4,-1,-1
178,53,1431.97,456.69,112.32,42.68,0.6487,4,-1,-1
178,58,999.56,419.93,58.25,26.50,0.2075,4,-1,-1
178,59,721.44,460.10,56.97,24.74,0.4121,4,-1,-1
179,36,529.83,461.23,40.06,20.18,0.4036,4,-1,-1
179,45,526.44,518.77,72.56,43.20,0.8069,5,-1,-1
179,47,1040.01,507.94,61.36,25.07,0.4581,4,-1,-1
179,53,1450.76,460.92,110.50,42.01,0.5283,4,-1,-1
179,59,721.03,459.50,55.47,24.27,0.3849,4,-1,-1
180,36,530.11,461.09,40.72,20.49,0.4484,4,-1,-1
180,45,531.29,519.10,73.44,44.01,0.8222,5,-1,-1
180,53,1471.48,463.24,109.46,41.50,0.2180,4,-1,-1
180,59,717.65,459.47,56.75,25.09,0.3320,4,-1,-1
181,36,530.24,461.60,39.76,19.96,0.3594,4,-1,-1
181,45,535.27,520.09,72.91,43.84,0.8056,5,-1,-1
181,53,1483.32,463.89,114.44,43.71,0.7249,4,-1,-1
181,59,715.05,458.28,58.29,26.19,0.3057,4,-1,-1
182,36,530.12,461.49,40.45,20.28,0.3675,4,-1,-1
182,45,540.52,521.67,71.13,42.82,0.8044,5,-1,-1
182,59,713.76,459.50,60.69,27.56,0.2806,4,-1,-1
182,29,773.24,452.49,92.04,41.85,0.4727,5,-1,-1
183,36,532.81,462.33,40.80,20.12,0.3513,4,-1,-1
183,45,543.58,522.37,71.16,42.98,0.7892,5,-1,-1
183,59,717.07,461.24,60.58,27.58,0.2082,4,-1,-1
183,29,766.14,451.26,97.51,44.26,0.2422,5,-1,-1
184,36,531.37,462.12,42.13,20.71,0.3868,4,-1,-1
184,45,548.18,523.34,71.46,43.24,0.7578,5,-1,-1
184,59,715.61,464.13,59.21,27.19,0.3057,4,-1,-1
184,29,767.13,451.46,94.18,42.63,0.2751,5,-1,-1
184,53,1536.84,470.79,110.92,42.26,0.6826,4,-1,-1
185,36,530.57,461.02,44.93,22.00,0.3849,4,-1,-1
185,45,552.84,524.00,72.03,43.77,0.7879,5,-1,-1
185,29,754.43,448.92,103.42,46.65,0.1592,5,-1,-1
185,53,1557.16,473.53,111.48,42.36,0.7025,4,-1,-1
186,36,529.58,461.05,45.26,22.16,0.3630,4,-1,-1
186,45,556.24,524.57,72.47,44.21,0.8164,5,-1,-1
186,29,747.95,446.84,106.49,47.78,0.2134,9,-1,-1
186,53,1571.38,475.49,112.62,42.72,0.7606,4,-1,-1
187,36,529.33,460.47,46.52,22.76,0.3886,4,-1,-1
187,45,561.00,525.54,72.36,44.22,0.7549,5,-1,-1
187,29,741.84,448.08,104.85,46.80,0.1824,5,-1,-1
187,53,1590.35,477.78,114.58,43.49,0.6602,4,-1,-1
188,36,527.66,460.46,45.73,22.59,0.3914,4,-1,-1
188,45,563.97,526.08,72.65,44.59,0.7773,5,-1,-1
188,29,739.63,448.66,104.03,46.18,0.2531,5,-1,-1
188,53,1600.67,477.93,123.14,47.10,0.4359,4,-1,-1
189,36,527.73,461.81,43.11,21.43,0.4244,4,-1,-1
189,45,568.95,526.83,72.77,44.73,0.8366,5,-1,-1
189,29,733.98,449.01,99.82,44.40,0.3225,5,-1,-1
189,53,1620.41,479.06,126.11,48.47,0.3416,4,-1,-1
190,36,527.91,462.40,42.52,21.23,0.4446,4,-1,-1
190,45,573.69,527.66,73.70,45.39,0.8670,5,-1,-1
190,29,736.31,449.11,97.90,43.09,0.3166,5,-1,-1
190,53,1646.01,483.87,122.54,46.80,0.5860,4,-1,-1
190,63,1348.08,552.02,74.15,32.93,0.6234,4,-1,-1
191,36,528.52,462.83,40.99,20.46,0.4883,4,-1,-1
191,45,577.77,528.50,73.57,45.37,0.8510,5,-1,-1
191,29,735.85,449.77,95.79,41.62,0.2095,5,-1,-1
191,53,1661.80,486.75,123.39,47.20,0.6114,4,-1,-1
191,63,1341.55,551.86,72.86,32.33,0.6715,4,-1,-1
192,36,528.47,463.02,41.00,20.54,0.4007,4,-1,-1
192,45,582.71,529.82,73.27,45.26,0.8300,5,-1,-1
192,29,734.51,450.02,94.82,40.86,0.1790,9,-1,-1
192,53,1677.63,489.14,129.99,50.21,0.5993,4,-1,-1
192,63,1329.54,550.06,76.01,33.73,0.7491,4,-1,-1
192,66,1170.24,431.98,77.72,32.25,0.6910,4,-1,-1
192,67,1494.15,557.14,92.06,34.18,0.6901,4,-1,-1
193,36,528.99,463.28,40.55,20.34,0.3495,4,-1,-1
193,45,585.50,530.09,74.22,45.94,0.8366,5,-1,-1
193,29,733.49,450.23,95.00,40.74,0.1733,9,-1,-1
193,53,1693.02,489.62,133.46,51.66,0.6602,4,-1,-1
193,63,1323.45,549.25,76.98,34.09,0.8152,4,-1,-1
193,66,1175.15,433.59,74.43,30.85,0.5993,4,-1,-1
193,67,1486.94,558.68,86.78,32.19,0.6885,4,-1,-1
193,47,956.29,503.96,53.53,21.81,0.6234,4,-1,-1
194,36,530.02,463.87,39.15,19.60,0.4533,4,-1,-1
194,45,590.00,531.09,74.07,45.94,0.8222,5,-1,-1
194,29,731.67,450.60,93.20,39.65,0.2926,9,-1,-1
194,53,1715.63,491.76,134.89,52.55,0.5496,4,-1,-1
194,63,1315.80,549.06,75.73,33.36,0.7753,4,-1,-1
194,66,1187.63,434.74,74.40,30.82,0.6637,4,-1,-1
194,67,1471.33,556.83,88.90,33.07,0.6851,4,-1,-1
194,47,950.45,503.56,55.63,22.33,0.6361,4,-1,-1
195,36,530.26,464.20,38.33,19.16,0.4475,4,-1,-1
195,45,595.31,532.60,73.62,45.74,0.8449,5,-1,-1
195,29,732.19,451.33,91.35,38.70,0.3007,9,-1,-1
195,53,1743.34,495.68,126.40,48.90,0.7944,4,-1,-1
195,63,1304.13,547.42,77.52,34.06,0.7827,4,-1,-1
195,66,1200.33,437.15,76.23,31.55,0.5088,4,-1,-1
195,67,1453.69,554.75,92.60,34.56,0.6531,4,-1,-1
195,47,941.35,503.13,54.66,22.21,0.7225,4,-1,-1
196,36,529.80,464.04,38.03,19.08,0.3585,4,-1,-1
196,45,599.20,533.47,73.71,45.90,0.8459,5,-1,-1
196,29,724.26,451.78,90.50,39.29,0.2689,9,-1,-1
196,53,1759.33,497.99,129.76,50.44,0.7170,4,-1,-1
196,63,1297.41,547.18,76.21,33.32,0.7918,4,-1,-1
196,66,1206.70,437.81,78.43,32.48,0.6522,4,-1,-1
196,67,1443.67,554.55,92.21,34.56,0.6514,4,-1,-1
196,47,937.44,503.65,53.04,21.46,0.7860,4,-1,-1
197,36,530.27,463.66,38.78,19.48,0.3337,4,-1,-1
197,45,604.79,534.39,74.08,46.11,0.8289,5,-1,-1
197,29,721.99,452.05,86.75,38.46,0.3157,9,-1,-1
197,53,1782.18,500.41,132.47,51.78,0.6280,4,-1,-1
197,63,1289.88,546.70,75.56,32.99,0.7656,4,-1,-1
197,66,1216.95,438.71,81.88,33.82,0.1366,4,-1,-1
197,67,1426.96,552.23,96.98,36.61,0.6206,4,-1,-1
197,47,931.21,503.05,54.38,21.93,0.8182,4,-1,-1
197,70,1125.01,437.08,72.24,27.44,0.4971,4,-1,-1
198,36,530.14,463.76,38.82,19.57,0.3242,4,-1,-1
198,45,608.24,535.17,74.22,46.22,0.8164,5,-1,-1
198,29,720.66,452.20,84.40,38.07,0.3208,9,-1,-1
198,53,1792.85,502.92,139.34,55.45,0.5946,4,-1,-1
198,63,1283.51,547.09,73.47,31.91,0.7628,4,-1,-1
198,67,1420.10,551.41,96.36,36.77,0.5832,4,-1,-1
198,47,927.70,502.99,54.72,21.93,0.8123,4,-1,-1
198,70,1127.71,437.11,71.77,27.31,0.4168,4,-1,-1
198,71,485.46,444.55,31.57,15.56,0.4776,4,-1,-1
199,36,531.12,463.34,40.07,20.24,0.3337,4,-1,-1
199,45,613.72,536.36,74.35,46.27,0.8766,5,-1,-1
199,29,721.14,452.68,82.43,37.62,0.2108,9,-1,-1
199,53,1814.57,505.64,121.51,49.09,0.3032,4,-1,-1
199,63,1274.13,547.25,72.68,31.36,0.8007,4,-1,-1
199,67,1407.00,550.06,91.84,35.02,0.4036,4,-1,-1
199,47,921.15,502.87,55.05,22.02,0.7925,4,-1,-1
199,71,485.26,444.73,31.28,15.42,0.4668,4,-1,-1
200,36,530.23,464.02,39.06,19.62,0.1180,4,-1,-1
200,45,618.38,537.25,75.51,47.07,0.8558,5,-1,-1
200,29,721.99,453.72,79.24,36.81,0.4961,5,-1,-1
200,63,1264.26,545.95,73.59,31.67,0.7813,4,-1,-1
200,47,914.18,502.58,55.84,22.21,0.8001,4,-1,-1
200,71,484.67,444.72,31.08,15.31,0.4922,4,-1,-1
200,74,675.68,460.97,34.56,18.47,0.5341,4,-1,-1
201,36,532.91,463.82,40.51,20.19,0.4688,4,-1,-1
201,45,621.81,537.69,76.27,47.61,0.8069,5,-1,-1
201,29,719.81,453.75,78.07,36.95,0.2134,9,-1,-1
201,63,1256.67,545.57,73.33,31.41,0.7813,4,-1,-1
201,47,909.44,502.37,56.12,22.25,0.8038,4,-1,-1
201,71,484.35,445.21,30.31,14.88,0.4273,4,-1,-1
201,74,676.56,460.65,34.06,18.27,0.4805,4,-1,-1
202,36,532.95,464.80,38.90,19.37,0.4484,4,-1,-1
202,45,626.82,539.21,76.25,47.59,0.8069,5,-1,-1
202,29,719.37,454.27,74.10,35.63,0.4746,5,-1,-1
202,63,1248.10,544.66,73.35,31.39,0.7813,4,-1,-1
202,47,902.59,502.00,57.23,22.65,0.7698,4,-1,-1
202,71,484.39,445.40,29.61,14.49,0.4206,4,-1,-1
202,74,673.20,459.47,34.38,18.54,0.3766,4,-1,-1
203,36,532.96,464.82,39.39,19.55,0.4254,4,-1,-1
203,45,630.54,539.63,76.36,47.71,0.8081,5,-1,-1
203,29,719.21,454.37,73.28,35.81,0.6132,5,-1,-1
203,63,1241.31,544.42,74.22,31.70,0.7988,4,-1,-1
203,47,898.23,501.64,57.36,22.71,0.7753,4,-1,-1
203,71,483.20,445.01,30.54,14.91,0.4359,4,-1,-1
203,74,670.19,459.58,34.25,18.50,0.3895,4,-1,-1
203,67,1371.64,549.93,75.20,28.60,0.5020,4,-1,-1
204,36,531.53,465.38,38.61,19.16,0.3951,4,-1,-1
204,45,636.10,540.38,76.77,47.97,0.8069,5,-1,-1
204,29,720.20,454.65,70.99,35.22,0.6188,5,-1,-1
204,63,1233.16,543.35,74.35,31.61,0.7746,4,-1,-1
204,47,891.69,501.13,58.18,23.13,0.7454,4,-1,-1
204,71,483.08,445.63,28.89,13.99,0.4659,4,-1,-1
204,74,663.24,458.40,36.20,19.58,0.3217,4,-1,-1
204,67,1361.88,551.54,68.05,25.51,0.6343,4,-1,-1
205,36,530.90,465.80,38.18,18.95,0.3868,4,-1,-1
205,45,642.18,542.04,76.08,47.51,0.8355,5,-1,-1
205,29,720.21,454.98,69.56,34.95,0.4225,5,-1,-1
205,63,1224.39,542.84,72.51,30.73,0.7628,4,-1,-1
205,47,884.31,500.02,59.33,23.73,0.7303,4,-1,-1
205,71,481.76,445.81,28.67,13.89,0.4610,4,-1,-1
205,74,650.42,457.74,41.42,21.97,0.2999,4,-1,-1
205,67,1345.59,551.55,66.17,24.96,0.7241,4,-1,-1
206,36,531.53,466.07,37.93,18.84,0.4330,4,-1,-1
206,45,646.88,543.56,75.04,46.69,0.8256,5,-1,-1
206,29,720.35,454.49,69.48,35.53,0.4092,5,-1,-1
206,63,1217.23,542.20,73.75,31.24,0.8069,4,-1,-1
206,47,879.03,499.23,60.74,24.47,0.7114,4,-1,-1
206,71,480.94,445.59,28.89,14.07,0.4756,4,-1,-1
206,74,641.05,458.93,42.59,22.20,0.1813,4,-1,-1
206,67,1335.61,550.24,70.46,26.80,0.7066,4,-1,-1
207,36,531.00,466.51,37.74,18.62,0.3451,4,-1,-1
207,45,652.06,544.79,75.06,46.64,0.8245,5,-1,-1
207,29,721.30,454.69,66.96,34.62,0.1962,4,-1,-1
207,63,1209.94,542.14,71.97,30.29,0.8050,4,-1,-1
207,47,870.55,496.93,65.34,26.73,0.6575,4,-1,-1
207,71,480.08,445.34,29.73,14.53,0.3831,4,-1,-1
207,74,637.17,461.04,41.88,21.39,0.2531,4,-1,-1
207,67,1324.63,547.74,76.47,29.24,0.7698,4,-1,-1
208,36,530.86,466.59,38.39,18.88,0.3730,4,-1,-1
208,45,655.52,545.41,76.09,47.23,0.8129,5,-1,-1
208,29,719.98,454.26,67.42,35.29,0.4073,5,-1,-1
208,63,1203.90,541.66,72.03,30.24,0.8075,4,-1,-1
208,47,865.07,495.26,67.22,28.07,0.6918,4,-1,-1
208,71,479.50,444.98,29.97,14.78,0.3684,4,-1,-1
208,74,634.12,462.18,39.08,19.68,0.1938,4,-1,-1
208,67,1318.28,546.57,77.18,29.49,0.7827,4,-1,-1
209,36,531.15,466.80,38.23,18.78,0.3346,4,-1,-1
209,45,661.86,546.89,75.35,46.63,0.8141,5,-1,-1
209,29,720.01,454.06,66.72,35.54,0.2056,5,-1,-1
209,63,1195.50,540.62,73.54,30.92,0.8300,4,-1,-1
209,47,864.12,496.00,62.52,26.71,0.5784,4,-1,-1
209,71,478.72,445.69,29.23,14.61,0.3639,4,-1,-1
209,74,635.25,461.87,38.59,19.09,0.2539,4,-1,-1
209,67,1307.81,544.99,76.47,29.21,0.8019,4,-1,-1
210,36,530.79,466.41,38.64,19.01,0.2950,4,-1,-1
210,45,668.03,548.09,75.06,46.28,0.8032,5,-1,-1
210,29,720.67,454.43,62.93,34.26,0.1120,5,-1,-1
210,63,1186.44,539.69,74.50,31.37,0.8317,4,-1,-1
210,47,857.45,494.62,63.24,27.64,0.4698,4,-1,-1
210,71,478.53,447.12,29.41,14.80,0.1067,4,-1,-1
210,74,634.31,461.37,39.76,19.39,0.3803,4,-1,-1
210,67,1296.37,543.15,77.58,29.83,0.7905,4,-1,-1
211,36,530.98,466.21,37.99,18.60,0.3157,4,-1,-1
211,45,671.97,548.94,75.24,46.19,0.8470,5,-1,-1
211,63,1180.66,539.15,74.04,31.26,0.7957,4,-1,-1
211,47,851.92,493.59,63.36,28.16,0.2444,4,-1,-1
211,71,474.91,445.61,29.56,15.32,0.4649,4,-1,-1
211,74,633.09,460.64,43.57,20.98,0.3923,4,-1,-1
211,67,1287.95,541.67,78.39,30.33,0.7931,4,-1,-1
212,36,527.74,466.47,37.59,18.85,0.2261,4,-1,-1
212,45,676.88,550.03,76.64,46.99,0.8081,5,-1,-1
212,63,1173.25,538.91,72.73,30.78,0.8233,4,-1,-1
212,71,472.09,445.20,29.53,15.69,0.3576,4,-1,-1
212,74,629.39,460.91,45.01,21.77,0.1931,4,-1,-1
212,67,1277.60,540.98,77.05,29.92,0.8032,4,-1,-1
212,77,352.86,499.03,63.65,34.85,0.6039,5,-1,-1
213,36,528.23,465.61,38.21,19.44,0.1634,4,-1,-1
213,45,680.24,550.51,77.98,47.80,0.7461,5,-1,-1
213,63,1168.71,538.75,71.66,30.35,0.8152,4,-1,-1
213,71,470.31,445.14,29.29,15.85,0.2337,4,-1,-1
213,74,629.75,460.99,44.74,21.40,0.1427,4,-1,-1
213,67,1270.31,540.76,76.31,29.71,0.8075,4,-1,-1
213,77,352.89,499.36,66.04,36.16,0.5293,5,-1,-1
213,78,1252.60,457.25,79.74,29.68,0.5429,4,-1,-1
213,66,1388.50,459.96,91.65,37.81,0.6740,4,-1,-1
214,36,526.18,465.96,37.73,19.84,0.2546,4,-1,-1
214,45,684.94,551.30,78.99,48.60,0.6740,5,-1,-1
214,63,1160.81,538.26,71.78,30.45,0.8111,4,-1,-1
214,71,468.27,445.39,28.93,15.82,0.2561,4,-1,-1
214,74,628.87,461.56,41.64,19.87,0.3812,4,-1,-1
214,67,1259.73,539.79,76.82,30.07,0.8205,4,-1,-1
214,77,360.21,500.22,63.42,34.76,0.6740,5,-1,-1
214,66,1402.77,461.67,88.72,36.27,0.6123,4,-1,-1
215,36,525.10,464.97,37.03,19.90,0.1221,4,-1,-1
215,45,690.60,552.01,79.70,49.11,0.7621,5,-1,-1
215,63,1153.47,537.79,70.72,30.00,0.8105,4,-1,-1
215,71,467.47,445.46,27.95,15.43,0.1037,4,-1,-1
215,74,627.54,461.87,40.41,19.35,0.3099,4,-1,-1
215,67,1247.83,538.99,77.63,30.60,0.8228,4,-1,-1
215,77,367.42,501.31,60.33,33.08,0.6602,5,-1,-1
215,66,1416.79,462.66,92.10,37.41,0.6567,4,-1,-1
216,36,525.66,464.90,36.15,19.45,0.1836,4,-1,-1
216,45,696.14,552.91,79.17,48.90,0.8019,5,-1,-1
216,63,1147.93,537.48,70.37,29.84,0.8069,4,-1,-1
216,74,628.64,462.25,38.75,18.61,0.2736,4,-1,-1
216,67,1240.15,538.07,78.14,31.05,0.8193,4,-1,-1
216,77,371.22,501.76,58.92,32.33,0.6298,5,-1,-1
216,66,1426.63,463.68,92.06,37.19,0.1624,4,-1,-1
217,36,529.59,466.43,36.56,19.45,0.4407,4,-1,-1
217,45,702.82,554.42,79.25,48.72,0.7732,5,-1,-1
217,63,1139.93,536.74,71.46,30.41,0.7642,4,-1,-1
217,74,626.01,460.21,37.49,18.14,0.2114,4,-1,-1
217,67,1229.59,536.33,77.59,31.12,0.8001,4,-1,-1
217,77,374.09,502.74,60.11,32.99,0.7931,5,-1,-1
218,36,530.87,467.17,36.16,19.02,0.4610,4,-1,-1
218,45,707.11,555.43,78.54,48.13,0.8007,5,-1,-1
218,63,1135.20,536.41,70.21,29.84,0.7899,4,-1,-1
218,74,624.67,459.31,37.02,18.04,0.1848,4,-1,-1
218,67,1223.19,535.84,76.02,30.68,0.7988,4,-1,-1
218,77,376.78,503.23,59.72,32.76,0.7879,5,-1,-1
219,36,531.14,467.50,36.67,19.03,0.5302,4,-1,-1
219,45,713.10,556.71,76.99,46.95,0.7663,5,-1,-1
219,63,1129.73,536.26,68.42,29.08,0.7925,4,-1,-1
219,67,1214.10,535.06,74.84,30.39,0.7766,4,-1,-1
219,77,380.83,503.81,58.85,32.23,0.6740,5,-1,-1
219,66,1461.14,466.21,104.38,42.48,0.5983,4,-1,-1
220,36,531.10,467.62,36.99,19.01,0.5458,4,-1,-1
220,45,720.59,557.99,75.59,45.72,0.7372,5,-1,-1
220,63,1121.70,535.74,68.23,29.00,0.7833,4,-1,-1
220,67,1204.25,533.95,73.08,29.82,0.8032,4,-1,-1
220,77,385.52,504.55,57.38,31.44,0.6151,5,-1,-1
221,36,530.82,467.59,37.90,19.33,0.5185,4,-1,-1
221,45,725.93,559.28,73.93,44.27,0.7786,5,-1,-1
221,63,1117.78,535.97,66.03,27.94,0.7873,4,-1,-1
221,67,1198.53,533.85,70.40,28.73,0.7931,4,-1,-1
221,77,389.21,505.44,56.60,31.04,0.5813,5,-1,-1
222,36,531.00,467.79,39.02,19.75,0.4922,4,-1,-1
222,45,731.27,560.25,74.89,44.40,0.7994,5,-1,-1
222,63,1110.79,535.62,65.30,27.57,0.7549,4,-1,-1
222,67,1187.80,532.74,71.94,29.53,0.7712,4,-1,-1
222,77,391.24,506.57,59.37,32.58,0.6077,5,-1,-1
222,66,1504.27,472.51,100.74,40.36,0.6960,4,-1,-1
223,36,531.01,467.61,39.12,19.71,0.4668,4,-1,-1
223,45,736.05,561.12,73.97,43.51,0.7800,5,-1,-1
223,63,1105.81,535.15,64.81,27.27,0.7846,4,-1,-1
223,67,1182.12,532.66,69.72,28.70,0.8032,4,-1,-1
223,77,392.64,506.64,60.19,33.08,0.6758,5,-1,-1
223,66,1515.06,473.15,105.70,42.18,0.6809,4,-1,-1
224,36,531.22,467.63,39.41,19.82,0.4824,4,-1,-1
224,45,742.05,562.02,73.90,43.06,0.5000,5,-1,-1
224,63,1099.14,535.04,64.44,27.04,0.7691,4,-1,-1
224,67,1173.77,532.54,67.81,27.90,0.8105,4,-1,-1
224,77,395.69,507.79,60.45,33.18,0.5506,5,-1,-1
224,66,1530.17,475.35,108.91,43.51,0.1999,4,-1,-1
225,36,531.55,468.20,40.42,20.25,0.4668,4,-1,-1
225,45,748.44,563.40,74.22,42.96,0.5283,4,-1,-1
225,63,1091.52,534.70,64.17,26.87,0.7860,4,-1,-1
225,67,1164.30,532.12,66.64,27.40,0.8093,4,-1,-1
225,77,399.09,508.30,61.62,33.93,0.6740,5,-1,-1
225,66,1546.77,477.63,111.72,44.88,0.1105,4,-1,-1
225,83,1096.27,509.82,59.78,22.35,0.4844,4,-1,-1
226,36,531.07,468.06,41.15,20.63,0.5127,4,-1,-1
226,45,752.19,564.12,75.45,43.38,0.6095,5,-1,-1
226,63,1086.35,534.92,63.54,26.48,0.7732,4,-1,-1
226,67,1156.54,531.34,68.12,28.08,0.8123,4,-1,-1
226,77,402.63,509.09,60.46,33.18,0.6388,5,-1,-1
226,66,1558.62,478.98,112.30,44.92,0.5641,4,-1,-1
226,83,1090.82,508.63,61.87,23.13,0.4552,5,-1,-1
226,84,490.49,452.66,26.70,15.51,0.5496,4,-1,-1
227,36,531.32,468.25,41.49,20.80,0.5283,4,-1,-1
227,45,757.06,565.23,77.79,44.46,0.7074,5,-1,-1
227,63,1080.07,534.57,64.26,26.91,0.7732,4,-1,-1
227,67,1147.64,530.90,67.87,28.09,0.7873,4,-1,-1
227,77,405.60,509.41,60.91,33.52,0.6758,5,-1,-1
227,66,1573.67,481.12,113.21,45.39,0.2628,4,-1,-1
227,83,1081.91,507.39,64.59,24.17,0.1842,5,-1,-1
227,84,489.39,452.56,27.44,15.91,0.4571,4,-1,-1
228,36,531.73,468.71,40.97,20.53,0.4971,4,-1,-1
228,45,760.96,565.80,79.58,45.33,0.7606,5,-1,-1
228,63,1075.93,533.63,65.15,27.48,0.7417,4,-1,-1
228,67,1141.49,530.42,67.46,28.02,0.8032,4,-1,-1
228,77,407.65,509.86,60.59,33.52,0.6316,5,-1,-1
228,66,1586.42,482.56,113.10,45.28,0.3242,4,-1,-1
228,83,1076.11,507.51,65.33,24.46,0.2854,5,-1,-1
228,84,487.73,452.71,28.24,16.29,0.3858,4,-1,-1
229,36,531.86,468.95,39.84,19.93,0.5185,4,-1,-1
229,45,768.72,566.98,78.58,44.51,0.7387,5,-1,-1
229,63,1069.90,533.19,64.23,27.12,0.7202,4,-1,-1
229,67,1131.38,528.86,69.65,29.19,0.7925,4,-1,-1
229,77,409.99,510.60,60.62,33.68,0.6671,5,-1,-1
229,66,1597.64,481.79,124.10,50.07,0.2546,4,-1,-1
229,83,1069.48,507.15,63.64,23.83,0.3442,4,-1,-1
229,84,486.15,452.53,28.10,16.10,0.5020,4,-1,-1
230,36,532.06,469.40,38.83,19.33,0.4941,4,-1,-1
230,45,776.80,569.38,77.21,43.40,0.5889,5,-1,-1
230,63,1059.79,530.61,68.42,29.05,0.6910,4,-1,-1
230,67,1122.76,527.97,69.46,29.45,0.7614,4,-1,-1
230,77,414.01,510.90,59.37,33.20,0.6549,5,-1,-1
230,66,1616.92,483.45,125.08,50.83,0.8176,4,-1,-1
230,83,1063.00,506.44,62.19,23.25,0.4932,4,-1,-1
230,84,486.21,453.30,26.31,14.90,0.4216,4,-1,-1
231,36,532.16,469.46,38.67,19.22,0.4854,4,-1,-1
231,45,781.22,570.40,78.71,44.12,0.5020,5,-1,-1
231,63,1053.28,528.63,71.71,30.83,0.6619,4,-1,-1
231,67,1115.35,527.44,68.30,29.01,0.7642,4,-1,-1
231,77,416.87,511.28,60.30,33.90,0.6826,5,-1,-1
231,66,1625.33,480.42,134.56,55.52,0.6298,4,-1,-1
231,83,1057.65,505.28,62.43,23.35,0.4378,4,-1,-1
231,84,485.45,452.77,26.57,14.94,0.3766,4,-1,-1
232,36,532.19,469.52,38.60,19.17,0.4844,4,-1,-1
232,45,786.25,571.98,80.31,44.76,0.6809,5,-1,-1
232,63,1049.80,528.36,70.36,30.67,0.6215,4,-1,-1
232,67,1108.60,527.23,66.83,28.58,0.7585,4,-1,-1
232,77,421.32,512.00,61.08,34.34,0.7280,5,-1,-1
232,66,1648.38,486.85,124.59,51.27,0.8233,4,-1,-1
232,83,1051.86,504.75,63.87,24.04,0.4273,4,-1,-1
232,84,482.32,451.59,29.10,16.35,0.3074,4,-1,-1
233,36,532.30,469.74,38.25,18.97,0.4533,4,-1,-1
233,45,790.64,573.28,80.93,44.95,0.6860,5,-1,-1
233,63,1047.15,528.83,67.74,29.97,0.6234,4,-1,-1
233,67,1103.36,526.69,65.21,27.99,0.7656,4,-1,-1
233,77,425.12,513.05,59.90,33.46,0.7280,5,-1,-1
233,66,1663.03,491.04,122.05,50.21,0.7931,4,-1,-1
233,83,1048.30,504.20,63.38,24.06,0.3858,4,-1,-1
233,84,480.75,451.11,30.68,17.25,0.2075,4,-1,-1
233,88,1444.51,479.91,103.47,42.11,0.7295,4,-1,-1
234,36,532.06,469.75,38.47,19.05,0.4533,4,-1,-1
234,45,796.55,574.26,82.90,45.92,0.4980,5,-1,-1
234,63,1042.56,529.83,64.04,28.49,0.4854,4,-1,-1
234,67,1091.47,526.14,65.18,27.69,0.7484,4,-1,-1
234,77,428.00,513.50,60.04,33.48,0.7417,5,-1,-1
234,66,1679.56,494.66,123.83,51.00,0.7879,4,-1,-1
234,83,1044.64,505.19,60.87,23.34,0.3711,4,-1,-1
234,88,1456.05,479.98,111.70,45.51,0.1067,4,-1,-1
235,36,531.59,469.54,39.40,19.54,0.4610,4,-1,-1
235,45,802.39,575.34,85.67,47.56,0.6740,5,-1,-1
235,63,1039.10,531.86,57.61,25.38,0.3612,4,-1,-1
235,67,1083.90,526.23,63.25,26.78,0.7287,4,-1,-1
235,77,433.37,515.29,57.40,31.67,0.5574,4,-1,-1
235,66,1699.75,496.46,126.32,52.07,0.8129,4,-1,-1
235,83,1037.06,504.84,61.13,23.61,0.1234,5,-1,-1
235,88,1469.97,482.15,109.40,44.65,0.1784,4,-1,-1
236,36,531.51,469.48,39.92,19.83,0.3998,4,-1,-1
236,45,806.02,576.25,85.68,47.73,0.6910,5,-1,-1
236,63,1034.50,531.64,57.15,25.10,0.2689,4,-1,-1
236,67,1076.18,525.48,64.52,27.16,0.7684,4,-1,-1
236,77,434.84,515.81,59.88,33.00,0.5370,5,-1,-1
236,66,1712.58,498.04,127.83,52.70,0.7800,4,-1,-1
236,83,1031.12,504.07,60.95,23.67,0.1246,4,-1,-1
236,88,1478.62,483.67,111.08,45.52,0.2386,4,-1,-1
237,36,531.86,469.64,39.58,19.71,0.3730,4,-1,-1
237,45,813.45,578.63,83.34,46.41,0.7840,5,-1,-1
237,67,1071.02,524.08,63.82,27.13,0.7154,4,-1,-1
237,77,439.07,516.55,59.28,32.52,0.5137,5,-1,-1
237,66,1732.14,500.40,129.14,53.42,0.7892,4,-1,-1
237,83,1026.89,503.79,56.85,22.07,0.2568,4,-1,-1
238,36,532.41,469.66,39.20,19.55,0.3693,4,-1,-1
238,45,819.48,580.14,82.62,45.80,0.6531,5,-1,-1
238,67,1065.85,523.58,64.73,27.80,0.6935,4,-1,-1
238,77,441.74,517.25,59.26,32.41,0.6334,5,-1,-1
238,66,1745.71,502.15,130.18,54.01,0.7944,4,-1,-1
238,83,1023.52,504.03,56.57,21.97,0.1204,4,-1,-1
239,36,532.70,469.82,38.74,19.35,0.3849,4,-1,-1
239,45,825.57,581.33,83.69,46.54,0.7042,5,-1,-1
239,67,1057.24,522.59,65.27,28.32,0.5765,4,-1,-1
239,77,445.75,517.92,59.58,32.53,0.5908,5,-1,-1
239,66,1765.76,505.67,129.56,53.73,0.8152,4,-1,-1
240,36,532.77,470.15,38.35,19.10,0.3914,4,-1,-1
240,45,832.84,582.74,80.47,44.79,0.6567,5,-1,-1
240,67,1044.91,517.16,72.53,32.26,0.1380,4,-1,-1
240,77,448.97,518.21,60.71,33.19,0.6775,5,-1,-1
240,66,1785.09,508.35,132.48,55.00,0.3115,4,-1,-1
241,36,532.73,470.11,38.84,19.26,0.2886,4,-1,-1
241,45,836.90,583.77,77.51,43.35,0.5312,5,-1,-1
241,67,1041.26,519.10,67.42,30.20,0.4971,4,-1,-1
241,77,450.93,518.50,61.52,33.64,0.7025,5,-1,-1
241,66,1799.30,510.20,130.62,54.91,0.7058,4,-1,-1
242,36,532.40,470.16,39.25,19.39,0.3381,4,-1,-1
242,45,845.14,586.30,72.07,40.20,0.4951,4,-1,-1
242,67,1029.77,519.45,66.17,29.40,0.1136,4,-1,-1
242,77,455.88,518.32,63.20,34.77,0.7718,5,-1,-1
242,66,1813.35,512.65,124.15,53.42,0.5699,4,-1,-1
242,88,1559.69,496.77,103.25,42.07,0.7042,4,-1,-1
243,36,531.89,470.35,40.98,20.21,0.3989,4,-1,-1
243,45,848.67,587.38,70.08,39.33,0.5283,4,-1,-1
243,67,1017.51,520.10,70.06,30.83,0.1348,4,-1,-1
243,77,460.18,519.36,62.20,34.36,0.8105,5,-1,-1
243,66,1822.83,514.65,117.97,52.17,0.4698,4,-1,-1
243,88,1569.01,498.54,102.49,41.28,0.5612,4,-1,-1
244,36,531.73,470.88,39.75,19.52,0.3730,4,-1,-1
244,45,855.45,588.43,63.53,35.75,0.3675,4,-1,-1
244,77,462.84,520.36,63.08,35.00,0.7520,5,-1,-1
244,88,1578.31,499.79,113.83,46.13,0.5879,4,-1,-1
245,36,531.46,471.15,38.95,19.03,0.3720,4,-1,-1
245,45,865.61,588.85,62.90,35.19,0.2950,4,-1,-1
245,77,463.59,521.37,68.28,38.17,0.7840,5,-1,-1
245,88,1595.13,501.03,110.56,44.67,0.7663,4,-1,-1
246,36,531.29,471.26,39.68,19.40,0.3513,4,-1,-1
246,45,872.01,588.93,63.56,35.38,0.3217,4,-1,-1
246,77,464.80,522.23,69.76,39.14,0.7931,5,-1,-1
246,88,1605.33,502.63,112.32,45.40,0.7138,4,-1,-1
247,36,531.70,471.72,38.89,18.98,0.4922,4,-1,-1
247,45,874.30,591.45,60.02,34.17,0.1034,4,-1,-1
247,77,468.97,522.84,70.51,39.81,0.7994,5,-1,-1
247,88,1620.49,504.47,112.26,45.36,0.6406,4,-1,-1
248,36,531.96,471.91,38.58,18.88,0.5477,4,-1,-1
248,77,471.47,523.35,70.97,40.37,0.7931,5,-1,-1
248,88,1629.10,505.96,116.92,47.34,0.6496,4,-1,-1
249,36,533.10,472.12,37.76,18.43,0.4776,4,-1,-1
249,77,476.44,524.22,70.87,40.53,0.7800,5,-1,-1
249,88,1645.81,508.41,112.82,45.41,0.6843,4,-1,-1
250,36,533.80,471.98,38.43,18.79,0.4359,4,-1,-1
250,77,481.38,525.41,70.63,40.68,0.7866,5,-1,-1
250,88,1661.45,510.35,116.62,46.97,0.2330,4,-1,-1
251,36,533.74,472.18,38.42,18.92,0.4863,4,-1,-1
251,77,484.58,525.93,70.52,40.87,0.7905,5,-1,-1
251,88,1672.58,512.26,116.33,46.72,0.1546,4,-1,-1
252,36,532.69,471.53,39.67,19.57,0.3675,4,-1,-1
252,77,488.37,526.33,71.58,41.80,0.7931,5,-1,-1
252,88,1683.77,513.70,125.66,50.90,0.2918,4,-1,-1
253,36,531.90,471.10,40.72,20.02,0.3225,4,-1,-1
253,77,491.05,527.14,71.52,42.01,0.7944,5,-1,-1
253,88,1697.00,516.76,123.26,49.83,0.1124,4,-1,-1
253,91,333.17,503.66,57.75,23.66,0.5574,4,-1,-1
253,63,947.45,524.30,57.31,25.12,0.4824,4,-1,-1
254,36,530.75,471.91,39.21,19.26,0.4216,4,-1,-1
254,77,495.10,527.99,71.42,42.18,0.8187,5,-1,-1
254,88,1714.47,517.19,120.19,48.32,0.2386,4,-1,-1
254,91,335.10,504.02,59.12,24.24,0.5689,4,-1,-1
254,63,941.93,524.69,55.79,24.57,0.6749,4,-1,-1
255,36,531.08,472.54,37.89,18.54,0.4301,4,-1,-1
255,77,500.39,528.93,71.62,42.61,0.8510,5,-1,-1
255,88,1729.17,519.42,124.76,50.16,0.4873,4,-1,-1
255,91,339.71,503.94,60.86,25.07,0.5727,4,-1,-1
255,63,936.99,523.92,56.42,24.83,0.7194,4,-1,-1
255,92,1063.27,443.40,55.10,22.46,0.5322,4,-1,-1
255,93,1484.08,1041.01,33.13,38.90,0.5370,1,-1,-1
256,36,531.80,472.77,38.14,18.35,0.3390,4,-1,-1
256,77,504.07,529.51,71.21,42.69,0.8615,5,-1,-1
256,88,1744.43,521.81,122.41,48.86,0.5993,4,-1,-1
256,91,341.56,503.90,62.23,25.79,0.4591,4,-1,-1
256,63,934.19,523.90,55.22,24.12,0.6885,4,-1,-1
256,92,1064.19,441.99,59.55,24.23,0.2193,4,-1,-1
256,93,1482.81,1040.27,33.81,39.71,0.5273,1,-1,-1
257,36,529.69,472.88,38.37,18.33,0.3425,4,-1,-1
257,77,508.20,530.27,71.04,42.75,0.8470,5,-1,-1
257,88,1758.42,523.50,125.70,50.17,0.6584,4,-1,-1
257,91,345.42,504.68,61.25,25.50,0.5516,4,-1,-1
257,63,928.71,523.01,56.77,24.77,0.7114,4,-1,-1
257,92,1070.54,441.25,62.57,25.41,0.5283,4,-1,-1
257,93,1479.73,1037.96,35.71,42.04,0.5583,1,-1,-1
258,36,529.82,473.08,38.36,18.21,0.3407,4,-1,-1
258,77,510.81,530.88,71.12,42.93,0.8500,5,-1,-1
258,88,1769.40,524.79,128.73,51.48,0.7578,4,-1,-1
258,91,346.03,505.17,62.57,26.14,0.5727,4,-1,-1
258,63,925.17,522.33,57.62,25.16,0.7050,4,-1,-1
258,92,1078.13,443.02,59.43,24.06,0.4349,4,-1,-1
258,93,1478.21,1036.84,36.52,43.16,0.5794,1,-1,-1
258,95,930.84,517.99,56.41,25.75,0.4698,4,-1,-1
259,36,529.65,473.14,38.80,18.34,0.3702,4,-1,-1
259,77,515.03,532.29,70.54,42.59,0.8652,5,-1,-1
259,88,1784.80,526.82,132.28,53.15,0.3812,4,-1,-1
259,91,349.38,505.81,62.02,25.98,0.6197,4,-1,-1
259,63,919.46,520.88,59.29,26.14,0.7698,4,-1,-1
259,92,1089.07,445.09,56.87,22.83,0.2323,4,-1,-1
259,93,1476.73,1035.73,37.21,44.28,0.5312,1,-1,-1
260,36,530.08,473.35,39.09,18.38,0.4007,4,-1,-1
260,77,519.91,532.80,71.09,43.09,0.8355,5,-1,-1
260,91,353.26,506.22,61.61,25.90,0.6968,4,-1,-1
260,63,912.19,519.19,61.48,27.46,0.6800,4,-1,-1
260,92,1094.52,445.28,59.67,23.84,0.5496,4,-1,-1
260,93,1475.43,1034.49,37.92,45.52,0.5641,1,-1,-1
261,36,530.90,473.79,38.53,18.07,0.4196,4,-1,-1
261,77,522.65,533.31,71.80,43.72,0.8019,5,-1,-1
261,91,354.82,506.01,63.80,27.06,0.7033,4,-1,-1
261,63,909.13,519.98,58.99,26.30,0.6918,4,-1,-1
261,92,1103.48,446.78,56.94,22.53,0.3495,4,-1,-1
261,93,1474.27,1033.52,38.41,46.49,0.6095,1,-1,-1
262,36,530.74,473.88,38.46,18.02,0.4140,4,-1,-1
262,77,526.52,533.97,71.92,43.87,0.8408,5,-1,-1
262,91,359.92,506.97,61.71,26.38,0.7146,4,-1,-1
262,63,903.75,520.43,57.83,25.56,0.6433,4,-1,-1
262,92,1111.77,447.62,57.26,22.53,0.4455,4,-1,-1
262,93,1472.75,1032.55,38.76,47.45,0.6531,1,-1,-1
263,36,530.66,473.72,38.90,18.28,0.3979,4,-1,-1
263,77,529.83,534.50,72.13,44.10,0.8679,5,-1,-1
263,91,364.42,507.93,59.89,25.82,0.7178,4,-1,-1
263,63,899.72,519.92,58.95,26.05,0.6469,4,-1,-1
263,92,1117.38,448.46,59.75,23.29,0.5068,4,-1,-1
263,93,1471.45,1032.04,38.74,47.97,0.5927,1,-1,-1
263,83,890.62,491.70,59.93,23.11,0.4922,4,-1,-1
264,36,530.33,473.79,41.51,19.62,0.2568,4,-1,-1
264,77,534.70,535.50,72.36,44.41,0.8490,5,-1,-1
264,91,368.44,508.63,59.40,25.90,0.6766,4,-1,-1
264,63,893.33,518.93,60.15,26.42,0.6918,4,-1,-1
264,92,1125.98,448.68,60.12,23.31,0.1071,4,-1,-1
264,93,1470.19,1032.06,38.36,47.94,0.5889,1,-1,-1
264,83,884.71,491.67,59.20,22.45,0.4196,4,-1,-1
265,36,531.78,473.12,43.43,20.45,0.1556,4,-1,-1
265,77,539.55,536.66,72.32,44.39,0.8597,5,-1,-1
265,91,372.24,508.65,60.05,26.57,0.6505,4,-1,-1
265,63,889.14,518.91,59.31,25.96,0.6851,4,-1,-1
265,92,1131.81,450.41,66.24,25.63,0.5823,4,-1,-1
265,93,1467.96,1031.94,38.04,48.06,0.5832,1,-1,-1
265,83,879.32,490.04,60.00,23.01,0.3174,4,-1,-1
265,96,1320.11,558.01,78.51,30.48,0.6943,4,-1,-1
266,36,527.30,471.98,44.41,20.85,0.3858,4,-1,-1
266,77,543.57,537.68,72.12,44.35,0.8500,5,-1,-1
266,91,374.64,508.78,60.86,27.44,0.6628,4,-1,-1
266,63,886.30,518.09,59.81,26.25,0.6918,4,-1,-1
266,92,1138.05,452.46,69.42,26.84,0.4951,4,-1,-1
266,93,1466.87,1032.02,37.59,47.97,0.5983,1,-1,-1
266,83,873.99,488.57,62.67,24.39,0.2408,5,-1,-1
266,96,1314.64,557.64,77.75,30.18,0.7409,4,-1,-1
267,36,524.86,471.34,45.36,21.32,0.3558,4,-1,-1
267,77,548.35,538.60,72.29,44.47,0.8449,5,-1,-1
267,91,380.09,510.05,58.24,26.62,0.7162,4,-1,-1
267,63,882.12,517.27,60.45,26.72,0.6851,4,-1,-1
267,92,1146.34,453.89,66.15,25.74,0.5670,4,-1,-1
267,93,1466.15,1032.19,36.95,47.81,0.5699,1,-1,-1
267,83,875.54,488.89,56.83,22.62,0.5039,4,-1,-1
267,96,1302.32,555.45,80.88,31.41,0.5993,4,-1,-1
268,36,523.93,471.31,45.59,21.39,0.2736,4,-1,-1
268,77,551.18,539.22,72.83,44.91,0.8439,5,-1,-1
268,91,382.84,510.96,57.11,26.42,0.6968,4,-1,-1
268,63,880.98,518.04,57.55,25.53,0.6610,4,-1,-1
268,92,1153.67,454.80,68.75,26.54,0.4630,4,-1,-1
268,93,1465.02,1032.10,36.53,47.90,0.4659,1,-1,-1
268,83,874.97,488.02,54.78,22.37,0.5010,4,-1,-1
268,96,1295.26,553.57,83.57,32.51,0.6976,4,-1,-1
269,36,526.59,472.69,41.77,19.53,0.3549,4,-1,-1
269,77,556.00,539.73,73.10,45.25,0.8093,5,-1,-1
269,91,387.30,511.50,55.81,26.11,0.6960,4,-1,-1
269,63,878.21,517.39,56.88,25.62,0.6918,4,-1,-1
269,92,1163.74,455.18,73.89,28.53,0.6011,4,-1,-1
269,93,1461.99,1031.92,36.27,47.93,0.5583,1,-1,-1
269,83,870.05,485.99,55.95,23.60,0.4971,4,-1,-1
269,96,1286.72,552.45,84.09,32.76,0.7746,4,-1,-1
270,36,528.55,473.16,40.07,18.77,0.3657,4,-1,-1
270,77,560.99,540.65,73.66,45.71,0.8333,5,-1,-1
270,91,391.28,511.80,55.78,26.43,0.7210,4,-1,-1
270,63,877.45,518.09,53.66,24.58,0.6522,4,-1,-1
270,92,1168.93,456.49,71.00,27.63,0.5078,4,-1,-1
270,93,1459.16,1030.91,36.94,49.04,0.6243,1,-1,-1
270,83,864.39,484.78,56.78,24.59,0.3766,4,-1,-1
270,96,1276.96,552.18,82.01,32.02,0.7969,4,-1,-1
270,97,829.84,428.58,54.59,25.31,0.6123,4,-1,-1
271,36,530.23,473.24,39.56,18.66,0.4378,4,-1,-1
271,77,565.19,541.72,73.14,45.48,0.8333,5,-1,-1
271,91,393.48,512.26,56.12,26.91,0.7439,4,-1,-1
271,63,875.88,518.07,53.01,24.78,0.5554,4,-1,-1
271,92,1176.78,457.45,75.02,28.93,0.5117,4,-1,-1
271,93,1457.60,1030.92,36.74,48.89,0.6671,1,-1,-1
271,83,863.50,485.04,53.42,23.58,0.1739,4,-1,-1
271,96,1270.62,552.02,80.96,31.66,0.7988,4,-1,-1
271,97,833.19,429.18,55.59,25.72,0.5746,4,-1,-1
272,36,531.09,473.16,38.95,18.32,0.4073,4,-1,-1
272,77,569.65,542.45,73.63,45.93,0.8164,5,-1,-1
272,91,397.75,513.76,54.21,26.11,0.7873,4,-1,-1
272,63,874.52,518.15,50.16,24.06,0.4388,4,-1,-1
272,92,1188.48,458.03,77.24,29.88,0.5699,4,-1,-1
272,93,1455.27,1029.81,37.39,49.94,0.6723,1,-1,-1
272,96,1262.41,550.64,80.67,31.59,0.7994,4,-1,-1
272,97,837.78,429.12,60.19,27.75,0.2613,4,-1,-1
273,36,531.81,473.24,40.44,18.84,0.3840,4,-1,-1
273,77,573.46,543.41,73.18,45.71,0.8222,5,-1,-1
273,91,399.45,514.17,54.18,26.22,0.7925,4,-1,-1
273,63,873.62,517.97,47.92,23.52,0.2621,4,-1,-1
273,92,1197.17,458.72,75.64,29.22,0.3558,4,-1,-1
273,93,1453.73,1028.92,37.65,50.63,0.7074,1,-1,-1
273,96,1256.79,549.89,80.31,31.51,0.7892,4,-1,-1
273,97,841.01,429.29,60.76,27.87,0.1399,4,-1,-1
274,36,531.25,472.72,40.08,18.50,0.4873,4,-1,-1
274,77,577.48,544.27,74.02,46.37,0.8093,5,-1,-1
274,91,403.70,514.47,54.15,26.49,0.7642,4,-1,-1
274,92,1208.14,460.51,77.40,30.13,0.5842,4,-1,-1
274,93,1451.61,1027.34,38.51,52.48,0.6567,1,-1,-1
274,96,1247.73,549.02,80.88,31.84,0.7705,4,-1,-1
274,97,847.73,431.00,59.27,27.29,0.1048,9,-1,-1
275,36,529.53,472.64,38.82,17.88,0.3217,4,-1,-1
275,77,582.75,545.75,73.88,46.30,0.8289,5,-1,-1
275,91,407.70,515.44,53.77,26.55,0.7873,4,-1,-1
275,92,1219.43,462.85,67.26,26.15,0.1739,4,-1,-1
275,93,1449.75,1025.65,39.30,54.28,0.6602,1,-1,-1
275,96,1238.81,548.27,81.03,31.97,0.7873,4,-1,-1
276,36,530.21,473.32,37.48,17.07,0.2309,4,-1,-1
276,77,586.41,546.53,74.49,46.78,0.7969,5,-1,-1
276,91,410.34,515.81,53.51,26.65,0.7725,4,-1,-1
276,93,1448.80,1024.64,39.62,55.34,0.5564,1,-1,-1
276,96,1232.42,547.57,80.01,31.71,0.7793,4,-1,-1
277,36,534.25,473.07,42.01,19.10,0.3260,4,-1,-1
277,77,591.65,547.62,74.19,46.62,0.8558,5,-1,-1
277,91,412.98,515.99,54.56,27.41,0.7753,4,-1,-1
277,93,1446.93,1023.97,39.60,55.85,0.6809,1,-1,-1
277,96,1224.84,546.64,78.27,31.03,0.7931,4,-1,-1
278,36,535.17,473.11,42.19,19.22,0.3311,4,-1,-1
278,77,595.30,548.54,73.97,46.49,0.8933,5,-1,-1
278,91,414.91,516.21,54.88,27.88,0.7439,4,-1,-1
278,93,1445.92,1023.38,39.57,56.38,0.6758,1,-1,-1
278,96,1217.41,545.37,79.99,31.91,0.8032,4,-1,-1
279,36,534.83,473.03,39.54,17.96,0.4273,4,-1,-1
279,77,599.95,549.60,74.33,46.67,0.8741,5,-1,-1
279,91,418.30,517.34,52.28,26.95,0.7571,4,-1,-1
279,93,1444.52,1023.07,39.33,56.54,0.6723,1,-1,-1
279,96,1208.95,544.95,79.41,31.87,0.8205,4,-1,-1
280,36,532.89,473.08,40.30,18.24,0.4054,4,-1,-1
280,77,604.75,550.65,74.40,46.84,0.8344,5,-1,-1
280,91,421.29,518.22,52.19,27.37,0.7684,4,-1,-1
280,93,1443.13,1022.81,39.10,56.68,0.5927,1,-1,-1
280,96,1201.21,544.60,77.66,31.28,0.8176,4,-1,-1
281,36,530.41,473.55,40.96,18.39,0.3905,4,-1,-1
281,77,608.18,551.01,75.48,47.57,0.8355,5,-1,-1
281,91,424.12,518.54,53.22,28.20,0.7585,4,-1,-1
281,93,1442.07,1022.47,39.06,57.17,0.6114,1,-1,-1
281,96,1195.07,544.13,77.75,31.49,0.8267,4,-1,-1
282,36,531.15,474.27,40.62,18.12,0.3407,4,-1,-1
282,77,612.97,551.31,77.17,48.77,0.8387,5,-1,-1
282,91,428.98,519.59,53.59,28.47,0.7114,4,-1,-1
282,93,1441.81,1022.24,38.85,57.56,0.6280,1,-1,-1
282,96,1186.86,543.39,77.79,31.71,0.8129,4,-1,-1
283,36,530.89,474.75,40.12,17.80,0.4064,4,-1,-1
283,77,616.43,551.83,77.62,49.23,0.8397,5,-1,-1
283,91,432.20,520.39,54.03,28.84,0.7194,4,-1,-1
283,93,1441.54,1022.12,38.55,57.80,0.6370,1,-1,-1
283,96,1180.84,542.96,78.62,32.33,0.8069,4,-1,-1
283,99,1162.92,650.21,110.27,60.99,0.7122,4,-1,-1
284,36,532.10,475.32,38.56,17.03,0.3998,4,-1,-1
284,77,622.86,554.54,76.00,48.04,0.8439,5,-1,-1
284,91,436.61,522.28,52.69,28.22,0.6334,4,-1,-1
284,93,1441.23,1021.55,38.33,58.42,0.6352,1,-1,-1
284,96,1173.93,542.16,76.53,31.61,0.8210,4,-1,-1
284,99,1169.03,651.28,105.94,58.49,0.5794,4,-1,-1
285,36,533.08,475.36,38.47,17.10,0.3831,4,-1,-1
285,77,629.09,556.50,75.24,47.51,0.8808,5,-1,-1
285,91,441.49,522.93,51.88,27.73,0.5964,4,-1,-1
285,93,1440.69,1021.11,37.95,58.83,0.6352,1,-1,-1
285,96,1165.22,541.05,76.29,31.67,0.8093,4,-1,-1
285,99,1190.80,657.97,83.58,45.83,0.4873,4,-1,-1
286,36,532.55,475.74,38.37,17.12,0.4083,4,-1,-1
286,77,632.82,557.39,75.04,47.24,0.8775,5,-1,-1
286,91,443.97,523.29,51.60,27.55,0.6584,4,-1,-1
286,93,1439.60,1020.52,37.84,59.25,0.6460,1,-1,-1
286,96,1158.68,539.13,77.28,32.33,0.8123,4,-1,-1
286,99,1213.74,660.57,64.51,34.98,0.4562,4,-1,-1
287,36,531.44,475.24,39.86,17.90,0.4273,4,-1,-1
287,77,638.63,558.59,74.56,46.65,0.8355,5,-1,-1
287,91,447.86,523.57,51.75,27.62,0.7670,4,-1,-1
287,93,1438.80,1019.62,38.01,60.25,0.6860,1,-1,-1
287,96,1151.34,538.88,75.74,31.87,0.8170,4,-1,-1
288,36,531.12,474.89,40.69,18.44,0.4273,4,-1,-1
288,77,642.74,559.09,75.05,46.87,0.8480,5,-1,-1
288,91,450.67,524.58,51.62,27.49,0.7556,4,-1,-1
288,93,1438.03,1018.85,38.12,60.99,0.7009,1,-1,-1
288,96,1146.52,538.26,75.75,32.09,0.8611,4,-1,-1
288,102,1549.65,507.60,110.88,43.99,0.5088,4,-1,-1
289,36,530.21,474.67,41.77,19.09,0.3868,4,-1,-1
289,77,647.79,559.64,75.68,47.16,0.8558,5,-1,-1
289,91,454.23,524.70,52.60,28.05,0.7833,4,-1,-1
289,93,1436.35,1017.17,38.92,62.73,0.7402,1,-1,-1
289,96,1138.08,537.77,75.70,32.29,0.8001,4,-1,-1
289,92,1360.87,479.33,87.08,33.38,0.6654,4,-1,-1
290,36,530.04,474.76,41.46,19.14,0.3260,4,-1,-1
290,77,653.33,560.28,76.91,47.98,0.8245,5,-1,-1
290,91,458.79,525.45,51.87,27.51,0.7656,4,-1,-1
290,93,1435.52,1016.06,39.08,63.59,0.7698,1,-1,-1
290,96,1130.86,537.17,74.66,31.97,0.7017,4,-1,-1
291,36,530.43,474.79,41.76,19.43,0.3398,4,-1,-1
291,77,657.10,560.61,77.84,48.53,0.8278,5,-1,-1
291,91,461.76,525.96,51.28,27.18,0.7498,4,-1,-1
291,93,1434.69,1015.04,39.41,64.69,0.7556,1,-1,-1
291,96,1124.72,536.23,75.72,32.74,0.6697,4,-1,-1
292,36,530.22,475.15,41.27,19.18,0.3433,4,-1,-1
292,77,662.55,562.27,77.83,48.44,0.8019,5,-1,-1
292,91,466.77,526.84,50.79,27.05,0.7585,4,-1,-1
292,93,1433.42,1013.92,39.70,65.98,0.7461,1,-1,-1
292,96,1116.97,535.46,75.09,32.58,0.7082,4,-1,-1
293,36,529.31,475.03,42.15,19.59,0.4571,4,-1,-1
293,77,666.34,563.30,78.08,48.55,0.8300,5,-1,-1
293,91,468.09,526.81,51.95,27.77,0.7599,4,-1,-1
293,93,1432.68,1013.49,39.60,66.48,0.7506,1,-1,-1
293,96,1112.46,534.82,74.52,32.51,0.6415,4,-1,-1
293,106,1245.26,670.56,146.42,83.60,0.6809,4,-1,-1
293,107,1302.91,548.23,68.41,31.70,0.4727,4,-1,-1
294,36,529.00,475.31,42.50,19.72,0.4932,4,-1,-1
294,77,672.20,564.44,78.51,48.82,0.8117,5,-1,-1
294,91,469.94,527.07,54.20,28.90,0.7439,4,-1,-1
294,93,1431.93,1013.23,39.50,66.77,0.7549,1,-1,-1
294,96,1105.49,534.21,73.02,31.95,0.4746,6,-1,-1
294,106,1266.06,675.16,139.72,79.84,0.4834,4,-1,-1
294,107,1296.79,552.96,56.21,25.89,0.5068,4,-1,-1
295,36,530.14,475.45,42.03,19.61,0.5166,4,-1,-1
295,77,677.48,565.13,79.84,49.63,0.7982,5,-1,-1
295,91,474.34,528.57,53.42,28.33,0.7394,4,-1,-1
295,93,1430.92,1012.97,39.28,67.03,0.7506,1,-1,-1
295,96,1099.07,533.83,70.75,30.98,0.6415,4,-1,-1
295,106,1281.09,677.93,139.56,79.67,0.6843,4,-1,-1
295,107,1285.72,553.00,53.63,24.52,0.4912,4,-1,-1
296,36,530.86,475.33,41.80,19.66,0.5380,4,-1,-1
296,77,681.34,566.07,81.01,50.48,0.8117,5,-1,-1
296,91,478.53,529.96,52.88,28.03,0.7712,4,-1,-1
296,93,1430.07,1012.55,39.11,67.46,0.7592,1,-1,-1
296,96,1093.85,533.23,70.64,31.07,0.6749,4,-1,-1
296,106,1289.22,680.21,139.75,79.65,0.6352,4,-1,-1
296,107,1279.40,553.15,52.29,23.67,0.6575,4,-1,-1
296,92,1442.60,489.33,94.63,35.37,0.4649,4,-1,-1
297,36,531.53,475.55,40.85,19.35,0.5361,4,-1,-1
297,77,686.99,566.82,80.68,50.31,0.8044,5,-1,-1
297,91,481.84,530.87,54.00,28.74,0.7670,4,-1,-1
297,93,1428.55,1012.47,38.76,67.49,0.7705,1,-1,-1
297,96,1086.25,532.15,70.84,31.33,0.6935,4,-1,-1
297,106,1306.28,682.86,139.23,79.28,0.5860,4,-1,-1
297,107,1269.99,552.20,52.04,23.32,0.6067,4,-1,-1
297,92,1452.70,490.21,101.09,37.79,0.6142,4,-1,-1
298,36,531.91,475.80,40.28,19.19,0.5535,4,-1,-1
298,77,691.23,567.95,80.92,50.49,0.8032,5,-1,-1
298,91,485.32,532.00,52.76,28.07,0.7066,4,-1,-1
298,93,1427.14,1011.89,38.72,68.03,0.7800,1,-1,-1
298,96,1080.56,531.66,70.54,31.30,0.5545,4,-1,-1
298,106,1317.83,684.38,141.00,80.51,0.6406,6,-1,-1
298,107,1262.16,550.74,54.55,24.26,0.7017,4,-1,-1
298,92,1461.28,491.24,105.32,39.34,0.4883,4,-1,-1
299,36,531.69,475.59,40.92,19.58,0.5341,4,-1,-1
299,77,696.95,569.65,81.95,51.15,0.7705,5,-1,-1
299,91,488.31,532.16,53.35,28.32,0.7498,4,-1,-1
299,93,1426.16,1011.67,38.44,68.23,0.7813,1,-1,-1
299,96,1076.25,532.04,68.19,30.53,0.6451,4,-1,-1
299,106,1328.05,687.00,141.06,80.95,0.3460,4,-1,-1
299,107,1253.61,549.35,54.72,24.01,0.7394,4,-1,-1
299,92,1475.03,492.44,107.85,40.50,0.7326,4,-1,-1
300,36,531.17,475.13,41.71,20.06,0.5438,4,-1,-1
300,77,704.28,571.19,81.10,50.56,0.6826,5,-1,-1
300,91,492.66,533.15,54.22,28.81,0.7766,4,-1,-1
300,93,1425.28,1011.48,38.24,68.39,0.8013,1,-1,-1
300,96,1069.86,529.61,70.46,32.27,0.4571,5,-1,-1
300,106,1341.40,690.73,137.24,78.94,0.7074,5,-1,-1
300,107,1244.85,549.20,53.29,23.05,0.7556,4,-1,-1
300,92,1489.61,493.39,110.11,41.24,0.7491,4,-1,-1
300,110,1600.36,520.60,116.90,58.71,0.5146,4,-1,-1
300,111,1765.12,537.17,127.45,51.33,0.6792,4,-1,-1
301,36,532.77,475.79,40.47,19.52,0.5535,4,-1,-1
301,77,707.63,571.65,82.10,51.32,0.7476,5,-1,-1
301,91,495.86,534.14,53.70,28.56,0.7860,4,-1,-1
301,93,1424.71,1010.93,38.30,69.01,0.7937,1,-1,-1
301,96,1067.87,530.88,66.31,30.79,0.5689,4,-1,-1
301,106,1346.00,691.65,138.27,79.72,0.6058,5,-1,-1
301,107,1237.88,548.66,53.71,22.94,0.7628,4,-1,-1
301,92,1500.76,495.39,108.25,40.33,0.7009,4,-1,-1
301,111,1777.88,538.63,126.86,51.07,0.3217,4,-1,-1
301,112,1608.37,610.33,101.70,46.63,0.5927,4,-1,-1
301,113,540.83,478.47,56.27,19.97,0.5708,4,-1,-1
302,36,533.25,476.17,40.10,19.33,0.5784,4,-1,-1
302,77,712.88,573.22,83.89,52.51,0.7233,5,-1,-1
302,91,499.35,534.46,55.08,29.28,0.7886,4,-1,-1
302,93,1424.33,1010.21,38.37,69.77,0.8111,1,-1,-1
302,96,1059.98,528.01,69.15,32.76,0.5205,4,-1,-1
302,106,1354.95,694.67,134.85,77.62,0.7106,5,-1,-1
302,107,1228.38,547.32,55.07,23.24,0.7476,4,-1,-1
302,92,1515.97,498.15,109.45,40.77,0.6809,4,-1,-1
302,111,1800.40,542.24,122.14,49.31,0.1556,4,-1,-1
302,112,1595.74,608.34,99.30,45.52,0.4824,4,-1,-1
302,113,540.42,478.40,57.03,20.26,0.5784,4,-1,-1
303,36,534.05,476.45,39.78,19.16,0.5804,4,-1,-1
303,77,717.52,574.26,83.88,52.46,0.7138,5,-1,-1
303,91,503.13,534.92,55.09,29.33,0.7925,4,-1,-1
303,93,1423.67,1009.71,38.28,70.28,0.7912,1,-1,-1
303,96,1054.07,527.22,68.81,33.09,0.4552,4,-1,-1
303,106,1373.01,697.81,129.33,74.27,0.6976,5,-1,-1
303,107,1221.53,546.16,57.13,23.87,0.7677,4,-1,-1
303,92,1529.18,500.25,107.32,39.55,0.6067,4,-1,-1
303,111,1807.75,544.82,122.78,49.88,0.1700,4,-1,-1
303,112,1584.35,606.66,94.03,43.12,0.5651,4,-1,-1
303,113,540.32,478.46,57.18,20.33,0.5765,4,-1,-1
304,36,534.32,476.49,39.80,19.16,0.5612,4,-1,-1
304,77,723.71,575.34,83.10,51.89,0.7535,5,-1,-1
304,91,506.20,535.10,56.26,30.05,0.7807,4,-1,-1
304,93,1422.65,1008.94,38.24,71.06,0.7718,1,-1,-1
304,96,1044.33,525.22,71.02,34.60,0.1168,6,-1,-1
304,106,1390.29,700.53,123.33,70.70,0.6926,5,-1,-1
304,107,1212.17,544.99,58.79,24.45,0.7684,4,-1,-1
304,92,1542.87,502.39,109.52,40.23,0.7170,4,-1,-1
304,112,1576.54,602.90,84.54,38.50,0.6706,4,-1,-1
304,113,541.06,478.62,56.91,20.26,0.5651,4,-1,-1
305,36,535.33,476.34,40.90,19.51,0.5670,4,-1,-1
305,77,731.65,576.26,81.63,50.74,0.7326,5,-1,-1
305,91,507.91,535.07,58.59,31.25,0.7409,4,-1,-1
305,93,1421.45,1007.40,38.61,72.61,0.7786,1,-1,-1
305,96,1034.44,523.31,72.76,35.88,0.1889,4,-1,-1
305,106,1396.74,702.78,113.91,66.89,0.3149,5,-1,-1
305,107,1202.75,543.51,60.18,24.97,0.7614,4,-1,-1
305,92,1561.28,504.77,106.72,38.88,0.6496,4,-1,-1
305,112,1564.43,601.11,79.48,35.78,0.7506,4,-1,-1
305,113,539.99,478.35,58.03,20.67,0.5842,4,-1,-1
305,116,633.46,493.93,56.46,28.53,0.6011,4,-1,-1
306,36,535.20,476.38,41.05,19.54,0.5535,4,-1,-1
306,77,736.58,576.73,81.07,50.21,0.8044,5,-1,-1
306,91,512.85,536.47,56.80,30.26,0.7725,4,-1,-1
306,93,1420.69,1006.70,38.61,73.30,0.7827,1,-1,-1
306,96,1028.96,521.71,72.78,36.25,0.3074,5,-1,-1
306,106,1401.50,705.56,104.68,63.63,0.4017,4,-1,-1
306,107,1196.34,542.58,61.27,25.34,0.7753,4,-1,-1
306,92,1572.09,505.82,111.08,40.37,0.7025,4,-1,-1
306,112,1553.16,600.18,77.88,34.72,0.7506,4,-1,-1
306,113,539.60,478.38,58.19,20.75,0.6030,4,-1,-1
306,116,633.35,492.46,56.49,28.55,0.5955,4,-1,-1
306,117,405.86,471.87,38.81,23.15,0.4649,4,-1,-1
307,36,537.90,476.98,42.39,19.85,0.5448,4,-1,-1
307,77,743.39,578.34,79.65,48.82,0.7621,5,-1,-1
307,91,517.50,537.79,56.61,30.11,0.7780,4,-1,-1
307,93,1418.92,1005.51,38.87,74.49,0.7621,1,-1,-1
307,96,1021.43,521.22,71.66,35.86,0.2309,4,-1,-1
307,106,1404.50,707.73,118.16,75.18,0.1234,4,-1,-1
307,107,1188.05,541.72,62.05,25.61,0.7793,4,-1,-1
307,92,1588.04,508.06,107.55,38.87,0.5765,4,-1,-1
307,112,1537.77,598.58,77.37,34.21,0.7879,4,-1,-1
307,113,539.12,478.41,58.16,20.77,0.6030,4,-1,-1
307,116,629.77,496.06,53.18,26.80,0.2214,4,-1,-1
307,117,398.41,469.20,41.16,24.52,0.2316,4,-1,-1
308,36,538.70,477.10,43.65,20.16,0.5429,4,-1,-1
308,77,748.78,579.42,78.44,47.70,0.6077,5,-1,-1
308,91,521.17,538.79,56.17,29.91,0.7846,4,-1,-1
308,93,1417.41,1003.92,39.33,76.08,0.7564,1,-1,-1
308,96,1017.81,521.30,69.37,34.69,0.1105,6,-1,-1
308,107,1182.52,541.07,62.43,25.76,0.7820,4,-1,-1
308,92,1596.75,510.60,114.07,41.41,0.5127,4,-1,-1
308,112,1528.81,597.36,76.62,33.51,0.7982,4,-1,-1
308,113,538.58,478.26,58.90,21.08,0.5651,4,-1,-1
308,116,629.46,498.80,52.05,26.07,0.3775,4,-1,-1
308,117,395.03,467.34,42.78,25.49,0.1919,4,-1,-1
308,118,767.22,416.57,45.93,20.53,0.5487,4,-1,-1
309,36,538.89,477.07,44.70,20.34,0.5535,4,-1,-1
309,77,755.95,580.87,78.15,46.95,0.5927,5,-1,-1
309,91,524.69,538.65,57.65,30.81,0.7793,4,-1,-1
309,93,1415.73,1002.48,39.85,77.52,0.7372,1,-1,-1
309,107,1174.91,540.67,61.17,25.09,0.7800,4,-1,-1
309,92,1614.74,513.37,115.74,41.85,0.5351,4,-1,-1
309,112,1513.50,595.78,79.75,34.61,0.7853,4,-1,-1
309,113,538.19,478.13,59.37,21.27,0.5380,4,-1,-1
309,116,628.31,501.60,50.68,25.04,0.3504,4,-1,-1
309,117,390.30,465.72,44.41,26.56,0.4562,4,-1,-1
309,118,771.06,417.36,45.97,20.54,0.5964,4,-1,-1
310,36,537.24,476.80,43.54,19.90,0.5205,4,-1,-1
310,77,760.86,581.47,80.59,48.22,0.7506,5,-1,-1
310,91,529.02,539.86,57.16,30.60,0.7950,4,-1,-1
310,93,1414.11,1001.95,39.98,78.05,0.7387,1,-1,-1
310,107,1165.68,538.89,62.38,25.59,0.8170,4,-1,-1
310,92,1632.78,514.72,118.54,42.74,0.7042,4,-1,-1
310,112,1498.68,594.44,82.64,35.63,0.7649,4,-1,-1
310,113,538.11,478.22,59.25,21.26,0.5898,4,-1,-1
310,116,631.12,501.22,48.34,23.65,0.1784,4,-1,-1
310,117,385.88,466.50,42.97,25.64,0.5263,4,-1,-1
310,118,775.97,418.50,48.01,21.48,0.5380,4,-1,-1
311,36,537.72,476.63,44.35,20.17,0.5263,4,-1,-1
311,77,764.81,582.22,82.99,49.47,0.7786,5,-1,-1
311,91,532.49,540.19,58.15,31.26,0.7886,4,-1,-1
311,93,1413.10,1001.63,40.05,78.37,0.7311,1,-1,-1
311,107,1160.32,538.64,61.28,25.04,0.7963,4,-1,-1
311,92,1644.29,515.86,121.19,43.77,0.7432,4,-1,-1
311,112,1487.72,593.02,85.67,36.86,0.7746,4,-1,-1
311,113,537.45,478.07,60.17,21.65,0.6610,4,-1,-1
311,116,622.71,499.83,50.02,24.05,0.1913,4,-1,-1
311,117,382.96,466.60,42.79,25.45,0.4844,4,-1,-1
311,118,779.37,418.67,47.71,21.36,0.5467,4,-1,-1
312,36,537.73,476.62,45.52,20.61,0.5302,4,-1,-1
312,77,771.13,583.62,84.08,49.94,0.6549,5,-1,-1
312,91,536.43,540.89,58.85,31.78,0.7988,4,-1,-1
312,93,1413.29,1002.52,39.55,77.49,0.7287,1,-1,-1
312,107,1152.71,537.87,60.98,24.87,0.7833,4,-1,-1
312,92,1663.38,518.65,120.34,43.29,0.7009,4,-1,-1
312,112,1477.55,591.32,85.82,37.22,0.7827,4,-1,-1
312,113,536.82,477.99,60.87,22.00,0.6817,4,-1,-1
312,117,380.49,463.27,45.28,27.44,0.1938,4,-1,-1
312,118,784.68,419.45,47.15,21.09,0.5409,4,-1,-1
313,36,536.29,476.56,45.48,20.69,0.5156,4,-1,-1
313,77,776.41,585.06,83.46,49.32,0.7691,5,-1,-1
313,91,539.72,541.54,58.08,31.43,0.7820,4,-1,-1
313,93,1412.94,1002.47,39.60,77.53,0.7241,1,-1,-1
313,107,1146.97,537.63,60.76,24.75,0.7628,4,-1,-1
313,92,1676.98,521.56,113.84,40.66,0.6514,4,-1,-1
313,112,1472.16,590.44,82.93,36.22,0.7746,4,-1,-1
313,113,536.76,478.17,60.68,22.01,0.6663,4,-1,-1
313,117,380.16,462.40,43.93,27.14,0.2429,4,-1,-1
313,118,788.21,420.21,45.29,20.18,0.5049,4,-1,-1
314,36,536.98,476.58,46.17,20.89,0.4951,4,-1,-1
314,77,783.82,587.10,82.39,48.51,0.7786,5,-1,-1
314,91,544.88,543.36,56.69,30.69,0.8013,4,-1,-1
314,93,1411.46,1002.39,39.37,76.65,0.7409,1,-1,-1
314,107,1139.46,536.88,60.56,24.66,0.7976,4,-1,-1
314,92,1694.08,524.28,109.17,38.94,0.6654,4,-1,-1
314,112,1458.75,588.03,83.49,36.77,0.5622,4,-1,-1
314,113,536.91,478.27,60.29,21.94,0.6680,4,-1,-1
314,117,380.07,459.80,45.47,28.85,0.1132,4,-1,-1
314,118,793.58,421.92,45.93,20.40,0.5879,4,-1,-1
315,36,536.26,476.57,46.82,21.09,0.4756,4,-1,-1
315,77,790.27,589.08,83.11,48.75,0.7944,5,-1,-1
315,91,550.27,544.65,55.86,30.12,0.8026,4,-1,-1
315,93,1410.67,1002.00,39.44,76.67,0.7571,1,-1,-1
315,107,1131.49,535.77,60.98,24.76,0.7892,4,-1,-1
315,92,1712.69,524.64,121.50,43.24,0.7649,4,-1,-1
315,112,1439.86,585.09,87.42,38.82,0.5477,4,-1,-1
315,113,536.73,478.58,60.62,22.14,0.6270,4,-1,-1
315,117,379.75,458.51,45.06,29.26,0.1067,4,-1,-1
315,118,798.29,422.38,47.76,21.17,0.5477,4,-1,-1
316,36,535.74,477.35,48.56,21.90,0.2167,4,-1,-1
316,77,793.95,590.00,85.03,49.74,0.7786,5,-1,-1
316,91,552.69,544.83,56.81,30.55,0.8093,4,-1,-1
316,93,1409.48,1001.71,39.32,76.72,0.7585,1,-1,-1
316,107,1125.78,535.32,61.77,25.04,0.7712,4,-1,-1
316,92,1724.23,525.00,130.19,46.36,0.7461,4,-1,-1
316,112,1431.45,582.41,89.54,40.40,0.1848,6,-1,-1
316,113,538.81,478.97,57.90,21.21,0.4007,4,-1,-1
316,118,800.95,422.26,51.23,22.77,0.5746,4,-1,-1
316,123,713.18,411.48,41.72,17.52,0.5380,4,-1,-1
317,36,536.79,477.82,47.69,21.37,0.4359,4,-1,-1
317,77,800.59,591.73,86.13,50.24,0.7840,5,-1,-1
317,91,556.71,545.36,57.40,30.88,0.8056,4,-1,-1
317,93,1407.31,1000.87,40.11,78.30,0.7705,1,-1,-1
317,107,1118.15,534.52,61.83,25.04,0.7925,4,-1,-1
317,92,1742.18,528.57,129.85,46.29,0.7280,4,-1,-1
317,112,1424.30,581.45,87.36,40.61,0.2372,6,-1,-1
317,113,540.90,479.42,64.25,23.68,0.1380,4,-1,-1
317,118,805.40,423.16,52.70,23.44,0.6343,4,-1,-1
317,123,715.17,411.52,42.93,18.07,0.5516,4,-1,-1
318,36,536.82,478.11,46.40,20.70,0.4854,4,-1,-1
318,77,805.78,592.88,86.37,50.22,0.7879,5,-1,-1
318,91,559.84,545.95,58.39,31.40,0.8050,4,-1,-1
318,93,1406.33,1000.17,40.58,79.25,0.7773,1,-1,-1
318,107,1113.32,534.45,61.16,24.72,0.8170,4,-1,-1
318,92,1752.95,530.90,127.01,45.80,0.7154,4,-1,-1
318,118,808.63,423.59,53.74,24.06,0.6307,4,-1,-1
318,123,714.87,411.32,45.31,19.10,0.5784,4,-1,-1
319,36,538.22,478.51,46.39,20.48,0.4552,4,-1,-1
319,77,812.19,594.94,85.32,49.38,0.7827,5,-1,-1
319,91,564.47,547.29,58.54,31.53,0.7886,4,-1,-1
319,93,1405.84,999.30,41.03,80.01,0.7853,1,-1,-1
319,107,1106.33,533.72,60.85,24.54,0.7846,4,-1,-1
319,92,1772.41,533.91,134.13,48.63,0.4111,4,-1,-1
319,118,813.39,425.26,53.26,23.99,0.6593,4,-1,-1
319,123,713.28,410.64,49.66,20.93,0.6086,4,-1,-1
319,96,955.44,524.04,51.61,25.78,0.6379,4,-1,-1
320,36,534.01,477.71,45.04,20.12,0.4668,4,-1,-1
320,77,819.11,596.03,85.61,49.48,0.7138,5,-1,-1
320,91,568.63,547.88,59.37,32.12,0.7513,4,-1,-1
320,93,1405.35,998.88,41.06,80.29,0.7786,1,-1,-1
320,107,1098.07,532.78,61.16,24.69,0.7712,4,-1,-1
320,92,1790.82,537.20,133.37,48.78,0.2999,4,-1,-1
320,118,820.37,425.76,50.98,22.90,0.4407,4,-1,-1
320,123,714.17,410.67,50.61,21.19,0.3803,4,-1,-1
320,96,949.35,522.89,53.66,26.66,0.4168,4,-1,-1
321,36,535.88,478.67,43.34,19.38,0.3522,4,-1,-1
321,77,823.12,596.44,85.68,49.64,0.7341,5,-1,-1
321,91,572.54,548.96,59.16,31.99,0.7833,4,-1,-1
321,93,1404.77,997.88,41.33,81.30,0.7691,1,-1,-1
321,107,1091.98,531.67,61.81,25.00,0.7950,4,-1,-1
321,92,1805.45,538.89,126.90,47.05,0.4581,4,-1,-1
321,123,711.94,411.42,51.34,21.21,0.1582,4,-1,-1
321,96,944.83,522.51,54.59,26.92,0.6522,4,-1,-1
322,36,537.20,478.64,42.33,18.96,0.3766,4,-1,-1
322,77,830.22,598.25,84.21,48.79,0.7578,5,-1,-1
322,91,577.43,550.63,58.12,31.36,0.8099,4,-1,-1
322,93,1403.74,996.37,41.59,82.89,0.7892,1,-1,-1
322,107,1084.77,530.59,62.45,25.37,0.7542,4,-1,-1
322,92,1819.05,540.76,119.44,45.44,0.5448,4,-1,-1
322,123,711.00,411.63,53.99,21.94,0.1272,4,-1,-1
322,96,938.97,521.98,55.11,27.05,0.7194,4,-1,-1
322,125,349.34,468.30,39.93,17.99,0.5574,4,-1,-1
323,36,536.40,478.59,42.79,19.34,0.3812,4,-1,-1
323,77,835.02,599.65,83.42,48.42,0.6993,5,-1,-1
323,91,581.02,551.20,57.97,31.33,0.8123,4,-1,-1
323,93,1403.20,995.47,41.45,83.80,0.7773,1,-1,-1
323,107,1079.96,529.98,62.16,25.47,0.7513,4,-1,-1
323,92,1827.00,542.40,115.73,45.50,0.2598,4,-1,-1
323,123,712.94,411.82,55.63,22.28,0.2309,4,-1,-1
323,96,935.09,521.51,55.81,27.06,0.7813,4,-1,-1
323,125,347.67,468.12,39.81,17.96,0.5078,4,-1,-1
323,112,1362.72,582.96,60.22,27.79,0.6105,4,-1,-1
324,36,535.49,478.74,43.00,19.69,0.3766,4,-1,-1
324,77,841.36,601.57,78.81,45.97,0.7122,5,-1,-1
324,91,584.76,551.51,58.84,31.88,0.8062,4,-1,-1
324,93,1402.84,993.86,41.76,85.89,0.7905,1,-1,-1
324,107,1074.13,529.37,61.00,25.14,0.6935,4,-1,-1
324,123,719.44,412.50,54.95,21.74,0.3433,4,-1,-1
324,96,929.64,521.03,56.37,27.07,0.7739,4,-1,-1
324,125,345.40,467.65,38.63,17.45,0.5477,4,-1,-1
324,112,1351.03,582.00,58.22,26.57,0.7326,4,-1,-1
325,36,534.75,479.01,41.90,19.38,0.3065,4,-1,-1
325,77,850.48,603.79,75.54,43.89,0.4746,5,-1,-1
325,91,589.86,552.33,59.81,32.43,0.7807,4,-1,-1
325,93,1402.47,992.77,41.65,87.07,0.7879,1,-1,-1
325,107,1065.13,527.95,62.70,26.07,0.6270,4,-1,-1
325,123,726.94,413.31,54.20,21.35,0.3032,4,-1,-1
325,96,922.71,520.78,56.29,26.75,0.7793,4,-1,-1
325,125,342.25,467.10,38.83,17.59,0.4273,4,-1,-1
325,112,1339.85,579.20,65.24,29.42,0.7833,4,-1,-1
325,128,532.52,494.49,44.17,18.43,0.4639,4,-1,-1
326,36,533.96,478.73,43.14,20.35,0.2121,4,-1,-1
326,77,857.25,605.42,72.87,41.95,0.2967,4,-1,-1
326,91,592.81,552.32,60.92,33.13,0.7780,4,-1,-1
326,93,1402.13,992.58,41.07,87.26,0.7879,1,-1,-1
326,107,1057.48,526.59,64.18,26.80,0.6325,4,-1,-1
326,123,728.07,413.27,55.73,21.72,0.3157,4,-1,-1
326,96,918.14,520.05,56.89,26.83,0.7535,4,-1,-1
326,125,340.17,466.61,38.82,17.66,0.2705,4,-1,-1
326,112,1332.36,577.35,70.42,31.47,0.8062,4,-1,-1
326,128,526.16,492.53,46.94,19.53,0.4244,4,-1,-1
327,36,534.37,478.84,41.95,19.98,0.3730,4,-1,-1
327,77,864.03,606.93,69.71,40.02,0.2759,5,-1,-1
327,91,598.45,553.69,59.56,32.36,0.7833,4,-1,-1
327,93,1400.95,992.08,40.61,87.08,0.7937,1,-1,-1
327,107,1050.37,524.28,66.82,28.51,0.5458,4,-1,-1
327,123,730.09,413.23,59.06,23.13,0.2775,4,-1,-1
327,96,912.17,519.83,57.29,26.94,0.6968,4,-1,-1
327,125,336.99,466.01,38.19,17.49,0.2546,4,-1,-1
327,112,1320.61,576.26,73.12,32.43,0.7918,4,-1,-1
327,128,521.68,492.43,46.88,19.41,0.5936,4,-1,-1
328,36,535.74,479.11,42.04,19.99,0.3877,4,-1,-1
328,91,601.82,554.66,58.93,31.88,0.7698,4,-1,-1
328,93,1400.39,992.32,39.90,86.06,0.8050,1,-1,-1
328,107,1045.81,523.83,66.18,28.76,0.4571,4,-1,-1
328,123,733.05,412.88,59.49,23.30,0.2121,4,-1,-1
328,96,907.38,519.14,58.12,27.41,0.5137,6,-1,-1
328,125,335.60,465.79,37.28,17.17,0.3416,4,-1,-1
328,112,1312.86,575.06,74.78,33.03,0.7892,4,-1,-1
328,128,518.23,492.06,47.35,19.50,0.5936,4,-1,-1
328,130,1649.16,623.86,114.88,36.90,0.6549,4,-1,-1
328,113,539.13,480.99,58.49,21.68,0.4883,4,-1,-1
329,36,537.15,479.28,43.24,20.54,0.4359,4,-1,-1
329,91,606.91,556.22,58.84,31.73,0.7820,4,-1,-1
329,93,1399.05,992.43,39.79,85.86,0.8001,1,-1,-1
329,107,1039.03,523.70,64.97,28.54,0.6151,4,-1,-1
329,123,737.60,413.95,57.41,22.34,0.1629,4,-1,-1
329,96,902.06,518.80,58.18,27.61,0.4805,6,-1,-1
329,112,1301.70,573.43,76.67,33.87,0.7879,4,-1,-1
329,128,511.02,492.30,45.44,18.62,0.6179,4,-1,-1
329,130,1641.27,621.74,112.68,36.30,0.6885,4,-1,-1
329,113,540.62,481.17,56.36,20.95,0.5993,4,-1,-1
330,36,537.78,479.48,44.35,21.00,0.4494,4,-1,-1
330,91,612.40,556.81,61.02,32.83,0.7556,4,-1,-1
330,93,1397.88,992.07,40.11,86.92,0.7739,1,-1,-1
330,107,1033.70,524.53,59.93,26.45,0.5765,4,-1,-1
330,96,898.06,517.97,58.00,27.98,0.4330,6,-1,-1
330,112,1290.18,572.29,77.63,34.34,0.8044,4,-1,-1
330,128,503.67,492.12,45.45,18.53,0.4620,4,-1,-1
330,130,1620.42,620.29,110.99,35.76,0.7356,4,-1,-1
330,113,540.75,481.24,55.64,20.65,0.5727,4,-1,-1
331,36,537.20,479.21,42.56,20.07,0.4036,4,-1,-1
331,91,615.10,556.17,63.56,34.31,0.7684,4,-1,-1
331,93,1397.38,992.09,39.94,86.77,0.7846,1,-1,-1
331,107,1029.82,525.13,56.51,24.76,0.6451,4,-1,-1
331,96,893.72,516.59,58.86,28.83,0.4301,5,-1,-1
331,112,1283.77,572.02,76.09,33.50,0.7925,4,-1,-1
331,128,497.61,491.36,46.86,19.11,0.4902,4,-1,-1
331,130,1608.54,618.85,109.43,35.24,0.7677,4,-1,-1
331,113,539.37,481.14,56.45,20.89,0.6325,4,-1,-1
332,36,537.97,479.73,41.79,19.61,0.4902,4,-1,-1
332,91,617.88,557.30,63.91,34.80,0.7571,4,-1,-1
332,93,1396.28,992.16,38.65,84.20,0.8250,1,-1,-1
332,107,1025.05,525.27,56.25,24.25,0.6086,4,-1,-1
332,96,885.01,515.37,60.10,29.58,0.3407,5,-1,-1
332,112,1273.46,571.01,75.52,33.16,0.8152,4,-1,-1
332,128,492.13,491.24,46.29,18.91,0.6522,4,-1,-1
332,130,1592.70,616.87,109.92,35.42,0.7461,4,-1,-1
332,113,538.65,480.70,57.27,21.18,0.6361,4,-1,-1
332,131,1042.90,457.05,68.60,28.51,0.5574,4,-1,-1
332,77,901.30,613.24,67.46,37.94,0.5049,4,-1,-1
333,36,538.93,479.90,41.37,19.35,0.5224,4,-1,-1
333,91,620.70,557.33,64.76,35.67,0.7725,4,-1,-1
333,93,1395.30,991.94,38.11,83.50,0.8062,1,-1,-1
333,107,1019.04,525.30,54.80,23.65,0.6270,4,-1,-1
333,96,878.74,513.91,62.06,30.92,0.2531,5,-1,-1
333,112,1266.86,570.39,74.72,32.77,0.8199,4,-1,-1
333,128,488.59,490.63,46.94,19.21,0.5974,4,-1,-1
333,130,1581.95,615.57,108.31,34.89,0.7944,4,-1,-1
333,113,538.66,480.46,57.75,21.41,0.6469,4,-1,-1
333,131,1049.10,457.89,67.35,27.99,0.1700,4,-1,-1
333,77,904.51,613.93,67.14,37.30,0.2613,4,-1,-1
334,36,540.11,479.70,41.80,19.36,0.5224,4,-1,-1
334,91,625.85,557.77,65.70,36.47,0.7599,4,-1,-1
334,93,1393.98,990.62,39.36,87.39,0.8050,1,-1,-1
334,107,1010.42,523.98,56.70,25.03,0.5000,4,-1,-1
334,96,872.74,511.20,65.40,33.39,0.2207,5,-1,-1
334,112,1257.38,569.54,73.38,32.14,0.7969,4,-1,-1
334,128,483.31,490.90,46.99,19.15,0.5078,4,-1,-1
334,130,1565.87,613.61,111.58,36.05,0.8007,4,-1,-1
334,113,538.54,480.30,58.19,21.63,0.6680,4,-1,-1
334,131,1056.92,458.80,69.79,29.07,0.6715,4,-1,-1
335,36,538.77,479.29,40.72,18.95,0.4591,4,-1,-1
335,91,631.28,558.99,65.57,36.53,0.6067,4,-1,-1
335,93,1392.91,989.71,39.60,89.18,0.8158,1,-1,-1
335,107,1001.77,521.93,59.69,26.68,0.6575,4,-1,-1
335,96,870.30,511.66,62.22,32.67,0.2967,5,-1,-1
335,112,1247.21,568.08,72.63,31.84,0.7931,4,-1,-1
335,128,477.59,489.20,48.29,19.69,0.4513,4,-1,-1
335,130,1552.53,611.66,106.46,34.34,0.7905,4,-1,-1
335,113,540.11,481.01,56.22,20.88,0.5898,4,-1,-1
335,131,1067.89,458.93,69.51,28.97,0.6689,4,-1,-1
336,36,539.50,479.43,41.10,19.02,0.5361,4,-1,-1
336,91,635.54,560.63,64.27,35.83,0.7461,4,-1,-1
336,93,1392.29,988.94,39.19,89.35,0.8075,1,-1,-1
336,107,996.50,520.31,61.40,27.70,0.5879,4,-1,-1
336,96,862.18,509.07,64.52,34.46,0.1089,5,-1,-1
336,112,1241.75,567.79,70.85,30.88,0.7905,4,-1,-1
336,128,472.24,489.99,47.11,19.25,0.4475,4,-1,-1
336,130,1543.63,610.96,102.76,33.07,0.8019,4,-1,-1
336,113,540.34,481.26,55.72,20.66,0.6307,4,-1,-1
336,131,1074.44,458.86,69.47,28.94,0.7311,4,-1,-1
337,36,538.98,479.73,40.00,18.52,0.5322,4,-1,-1
337,91,642.11,563.57,60.88,33.71,0.7827,4,-1,-1
337,93,1391.82,988.30,37.40,85.65,0.7950,1,-1,-1
337,107,994.26,518.61,61.38,28.63,0.5166,4,-1,-1
337,112,1230.79,566.11,71.87,31.29,0.8062,4,-1,-1
337,128,468.64,489.23,46.55,18.95,0.4330,4,-1,-1
337,130,1529.26,608.84,103.94,33.52,0.8019,4,-1,-1
337,113,539.11,480.79,55.01,20.43,0.5860,4,-1,-1
337,131,1084.21,461.47,68.77,28.60,0.5467,4,-1,-1
338,36,539.12,479.96,39.96,18.44,0.5535,4,-1,-1
338,91,647.85,567.11,56.87,31.02,0.7780,4,-1,-1
338,93,1391.27,987.68,36.61,84.20,0.8050,1,-1,-1
338,107,989.23,517.13,61.68,29.45,0.4824,4,-1,-1
338,112,1222.61,565.15,72.89,31.87,0.7994,4,-1,-1
338,128,464.76,487.39,48.87,20.10,0.5137,4,-1,-1
338,130,1519.28,607.70,103.51,33.45,0.8182,4,-1,-1
338,113,538.60,480.65,54.98,20.44,0.5917,4,-1,-1
338,131,1093.24,462.86,66.10,27.39,0.6234,4,-1,-1
338,132,349.51,516.96,45.81,21.12,0.5612,4,-1,-1
339,36,539.21,480.06,40.78,18.73,0.5708,4,-1,-1
339,91,650.38,564.07,62.94,34.50,0.7491,4,-1,-1
339,93,1390.49,987.13,36.21,83.85,0.7912,1,-1,-1
339,107,981.04,516.48,60.36,28.92,0.3711,4,-1,-1
339,112,1214.28,564.14,71.75,31.37,0.8050,4,-1,-1
339,128,459.09,489.11,48.51,19.87,0.6086,4,-1,-1
339,130,1505.64,605.85,105.31,34.28,0.8013,4,-1,-1
339,113,538.14,480.55,55.20,20.55,0.5955,4,-1,-1
339,131,1100.84,463.50,70.34,29.17,0.7424,4,-1,-1
339,132,347.54,516.24,49.12,22.64,0.4610,4,-1,-1
339,77,953.20,622.38,67.88,36.84,0.5974,4,-1,-1
340,91,654.46,564.55,64.81,35.74,0.7513,4,-1,-1
340,93,1388.55,985.57,36.29,84.54,0.7937,1,-1,-1
340,107,975.90,518.01,55.58,26.47,0.3242,4,-1,-1
340,112,1204.17,562.77,71.85,31.59,0.8062,4,-1,-1
340,128,454.11,487.32,47.01,19.17,0.5708,4,-1,-1
340,130,1490.46,604.65,104.77,34.29,0.8158,4,-1,-1
340,113,536.86,480.72,53.40,20.09,0.5631,4,-1,-1
340,131,1112.12,465.42,70.31,29.21,0.4805,4,-1,-1
340,132,353.05,517.24,49.12,22.65,0.6343,4,-1,-1
340,77,959.05,624.81,75.00,40.04,0.3951,4,-1,-1
341,91,658.96,565.89,64.09,35.29,0.7379,4,-1,-1
341,93,1387.12,984.67,36.40,85.32,0.8013,1,-1,-1
341,107,966.86,521.34,45.59,22.03,0.4610,4,-1,-1
341,112,1197.46,561.95,72.20,31.85,0.8295,4,-1,-1
341,128,449.20,486.09,47.22,19.30,0.5727,4,-1,-1
341,130,1481.04,603.73,104.69,34.48,0.8032,4,-1,-1
341,113,536.55,481.67,50.52,19.18,0.4484,4,-1,-1
341,131,1119.76,466.63,69.10,28.64,0.1136,4,-1,-1
341,132,354.97,517.59,49.67,22.85,0.6289,4,-1,-1
341,77,962.12,625.93,78.42,41.12,0.3757,4,-1,-1
341,36,537.82,480.73,39.46,18.22,0.5438,4,-1,-1
342,91,665.67,569.88,60.79,33.15,0.6610,4,-1,-1
342,93,1385.43,984.22,36.46,85.89,0.8170,1,-1,-1
342,107,960.80,522.40,42.86,20.69,0.5263,4,-1,-1
342,112,1188.34,560.86,72.32,32.05,0.8038,4,-1,-1
342,128,444.29,485.04,48.35,19.83,0.4340,4,-1,-1
342,130,1471.01,601.62,103.50,34.62,0.8261,4,-1,-1
342,113,535.28,481.99,47.87,18.46,0.1944,4,-1,-1
342,131,1127.34,467.85,74.13,30.88,0.3107,4,-1,-1
342,132,360.39,518.73,49.11,22.54,0.7082,4,-1,-1
342,77,973.56,626.69,75.86,39.31,0.2942,4,-1,-1
342,36,536.87,480.71,37.83,17.59,0.5224,4,-1,-1
343,91,670.27,571.81,59.63,32.06,0.6968,4,-1,-1
343,93,1384.25,983.78,36.62,86.65,0.8170,1,-1,-1
343,107,956.11,522.22,42.90,20.71,0.6179,4,-1,-1
343,112,1182.51,560.45,71.99,32.01,0.8239,4,-1,-1
343,128,442.16,485.81,46.06,18.74,0.4235,4,-1,-1
343,130,1465.00,600.18,102.72,35.07,0.8044,4,-1,-1
343,113,543.94,482.94,43.60,16.51,0.1217,4,-1,-1
343,131,1134.37,469.39,73.90,30.88,0.6215,4,-1,-1
343,132,362.64,519.49,49.38,22.55,0.7082,4,-1,-1
343,77,981.19,627.32,73.18,37.23,0.6197,4,-1,-1
343,36,536.21,480.81,37.29,17.43,0.5438,4,-1,-1
344,91,672.43,571.62,62.51,33.45,0.6206,4,-1,-1
344,93,1382.47,983.67,36.87,86.88,0.8193,1,-1,-1
344,107,950.43,520.92,44.81,21.51,0.7106,4,-1,-1
344,112,1173.69,559.66,71.88,32.16,0.7988,4,-1,-1
344,130,1452.96,598.22,102.43,35.70,0.7356,4,-1,-1
344,113,550.21,483.79,40.65,15.25,0.1422,4,-1,-1
344,131,1144.57,470.57,74.54,31.15,0.6749,4,-1,-1
344,132,364.60,520.14,50.30,22.86,0.7349,4,-1,-1
344,77,987.14,629.39,70.41,35.16,0.4756,4,-1,-1
344,36,535.71,480.67,36.64,17.20,0.5185,4,-1,-1
345,91,677.49,573.72,62.39,32.99,0.7106,4,-1,-1
345,93,1380.74,982.93,37.58,88.02,0.8001,1,-1,-1
345,107,945.82,519.65,46.23,21.83,0.7739,4,-1,-1
345,112,1165.05,559.39,68.60,30.71,0.7963,4,-1,-1
345,130,1438.69,595.72,103.02,36.69,0.7186,4,-1,-1
345,113,547.84,483.71,43.37,16.03,0.1041,4,-1,-1
345,131,1157.20,472.44,72.19,30.03,0.5955,4,-1,-1
345,132,368.84,520.38,51.92,23.66,0.7130,4,-1,-1
345,77,1001.30,632.04,68.51,33.29,0.4301,4,-1,-1
345,36,535.06,480.73,36.50,17.25,0.4990,4,-1,-1
345,133,803.72,426.61,54.34,22.24,0.4834,4,-1,-1
346,91,681.59,573.72,64.26,33.96,0.7807,4,-1,-1
346,93,1379.57,981.91,38.49,89.63,0.7860,1,-1,-1
346,107,941.87,519.31,47.85,22.22,0.7732,4,-1,-1
346,112,1159.60,559.11,67.67,30.30,0.7988,4,-1,-1
346,130,1435.17,594.27,100.17,36.81,0.6860,4,-1,-1
346,113,543.55,483.01,44.96,16.48,0.2561,4,-1,-1
346,131,1166.27,473.63,72.98,30.19,0.1784,6,-1,-1
346,132,370.04,520.09,54.20,24.83,0.7082,4,-1,-1
346,77,999.66,634.61,94.20,46.05,0.5823,4,-1,-1
346,36,534.73,480.45,36.01,17.03,0.4941,4,-1,-1
346,133,806.11,426.97,54.86,22.48,0.5039,4,-1,-1
346,128,427.19,485.69,44.34,18.15,0.5477,4,-1,-1
347,91,687.67,574.80,64.33,34.08,0.8038,4,-1,-1
347,93,1378.17,981.36,38.99,90.78,0.7746,1,-1,-1
347,107,935.70,518.84,48.24,21.96,0.7585,4,-1,-1
347,112,1152.42,558.83,65.88,29.41,0.7963,4,-1,-1
347,130,1425.96,592.67,98.45,37.45,0.3711,4,-1,-1
347,113,539.72,482.69,44.73,16.42,0.2069,4,-1,-1
347,131,1177.17,474.83,73.39,30.09,0.4359,4,-1,-1
347,132,371.27,520.34,55.27,25.16,0.6234,4,-1,-1
347,77,1005.64,636.51,100.77,49.64,0.5224,4,-1,-1
347,36,534.47,480.06,35.36,16.68,0.4465,4,-1,-1
347,133,813.49,429.40,48.96,20.02,0.3346,4,-1,-1
347,128,423.02,485.30,42.54,17.32,0.4455,4,-1,-1
348,91,691.58,575.11,65.33,34.55,0.8158,4,-1,-1
348,93,1377.04,981.48,39.09,90.94,0.7705,1,-1,-1
348,107,930.86,518.83,48.84,21.96,0.7599,4,-1,-1
348,112,1146.12,558.26,65.37,29.14,0.7670,4,-1,-1
348,130,1418.89,590.02,98.75,38.97,0.2180,4,-1,-1
348,113,538.02,482.55,44.78,16.48,0.2546,4,-1,-1
348,131,1183.32,475.69,75.69,31.04,0.4036,4,-1,-1
348,132,376.77,521.28,53.95,24.59,0.6706,4,-1,-1
348,77,1012.42,638.14,98.04,48.35,0.2991,4,-1,-1
348,36,534.11,480.01,35.61,16.75,0.4746,4,-1,-1
348,133,815.61,428.63,52.16,21.39,0.3251,4,-1,-1
348,128,420.50,485.38,42.14,17.02,0.4834,4,-1,-1
349,91,697.11,575.89,66.17,35.08,0.8038,4,-1,-1
349,93,1376.68,981.19,39.21,90.91,0.7773,1,-1,-1
349,107,923.58,518.01,50.23,22.34,0.7712,4,-1,-1
349,112,1138.02,557.43,65.21,29.05,0.7912,4,-1,-1
349,113,536.87,482.37,47.93,17.66,0.2942,4,-1,-1
349,131,1192.95,477.68,78.07,32.07,0.3549,4,-1,-1
349,132,383.76,523.28,52.23,24.02,0.6901,4,-1,-1
349,77,1016.88,639.46,115.58,58.04,0.1772,4,-1,-1
349,36,534.73,480.39,35.99,16.87,0.4026,4,-1,-1
349,133,819.95,429.50,51.00,20.89,0.3531,4,-1,-1
349,128,416.09,485.42,40.65,16.29,0.3961,4,-1,-1
349,134,1492.37,512.03,88.57,33.86,0.5804,4,-1,-1
349,135,531.80,500.05,45.05,20.19,0.5059,4,-1,-1
350,91,702.41,576.27,68.17,36.34,0.7725,4,-1,-1
350,93,1376.84,979.92,39.05,90.64,0.7925,1,-1,-1
350,107,916.62,516.96,50.28,22.18,0.7739,4,-1,-1
350,112,1130.35,557.32,63.08,27.88,0.7684,4,-1,-1
350,113,537.34,482.19,50.56,18.68,0.2894,4,-1,-1
350,131,1204.26,479.29,79.11,32.44,0.4130,4,-1,-1
350,132,388.98,524.34,51.80,24.00,0.7146,4,-1,-1
350,77,1023.77,640.33,123.02,63.04,0.2006,4,-1,-1
350,36,533.53,479.99,37.29,17.52,0.4235,4,-1,-1
350,133,824.37,429.65,53.24,21.86,0.2783,4,-1,-1
350,128,413.02,484.01,41.50,16.63,0.1016,4,-1,-1
350,134,1506.64,513.67,92.00,35.19,0.6487,4,-1,-1
350,135,527.97,498.86,47.19,21.18,0.5127,4,-1,-1
351,91,706.13,577.41,67.71,36.22,0.7963,4,-1,-1
351,93,1377.16,979.05,38.68,90.20,0.8228,1,-1,-1
351,107,912.32,516.52,51.33,22.57,0.7642,4,-1,-1
351,112,1123.72,556.69,63.14,27.78,0.7860,4,-1,-1
351,113,535.62,482.11,50.77,19.03,0.2736,4,-1,-1
351,131,1212.71,479.81,79.23,32.47,0.5708,4,-1,-1
351,132,392.59,524.86,51.08,23.87,0.7454,4,-1,-1
351,77,1029.00,641.77,122.38,64.18,0.1836,4,-1,-1
351,36,533.70,480.05,37.20,17.49,0.4263,4,-1,-1
351,128,406.90,483.06,42.82,16.92,0.2516,4,-1,-1
351,134,1519.31,515.46,89.86,34.35,0.3522,4,-1,-1
351,135,526.23,498.24,47.63,21.47,0.4149,4,-1,-1
352,91,712.57,579.49,66.56,35.62,0.7963,4,-1,-1
352,93,1377.81,978.46,37.53,87.91,0.7988,1,-1,-1
352,107,905.52,516.01,51.20,22.42,0.7513,4,-1,-1
352,112,1115.54,555.78,63.35,27.89,0.7950,4,-1,-1
352,113,538.49,482.58,51.69,19.24,0.2516,4,-1,-1
352,131,1224.74,481.86,79.30,32.45,0.4922,4,-1,-1
352,132,397.56,526.41,49.76,23.40,0.7656,4,-1,-1
352,36,533.64,480.64,37.41,17.66,0.3693,4,-1,-1
352,128,401.52,482.36,43.83,17.30,0.2108,4,-1,-1
352,134,1535.64,518.07,91.46,35.03,0.2576,4,-1,-1
352,135,526.47,497.37,48.09,21.76,0.1059,4,-1,-1
352,130,1363.57,591.96,72.27,28.43,0.6343,4,-1,-1
353,91,717.58,581.68,64.95,34.55,0.7886,4,-1,-1
353,93,1377.98,978.00,36.94,86.91,0.8062,1,-1,-1
353,107,901.77,515.86,51.13,22.32,0.7542,4,-1,-1
353,112,1109.49,554.98,64.33,28.36,0.7963,4,-1,-1
353,113,540.08,482.78,51.71,19.08,0.3840,4,-1,-1
353,131,1232.51,483.08,80.16,32.73,0.5107,4,-1,-1
353,132,401.11,527.58,48.58,22.96,0.7873,4,-1,-1
353,36,534.16,481.11,37.49,17.74,0.4292,4,-1,-1
353,128,398.74,482.77,43.59,17.07,0.1733,4,-1,-1
353,134,1547.53,519.70,92.95,35.60,0.6740,4,-1,-1
353,135,517.45,497.03,46.71,21.15,0.2705,4,-1,-1
353,130,1353.90,590.99,74.00,29.21,0.6968,4,-1,-1
354,91,721.72,582.20,66.19,35.38,0.8026,4,-1,-1
354,93,1378.14,977.20,36.06,84.95,0.7950,1,-1,-1
354,107,896.46,515.58,51.10,22.30,0.7146,4,-1,-1
354,112,1101.79,554.22,64.62,28.57,0.8026,4,-1,-1
354,113,543.25,482.78,50.84,18.82,0.2282,4,-1,-1
354,131,1245.73,484.41,80.31,32.72,0.6843,4,-1,-1
354,132,405.80,528.76,47.06,22.33,0.7739,4,-1,-1
354,36,534.26,481.42,37.65,17.93,0.4883,4,-1,-1
354,128,397.68,482.44,41.22,16.07,0.3355,4,-1,-1
354,134,1560.90,521.92,96.48,37.08,0.3868,4,-1,-1
354,135,509.86,496.49,47.85,21.72,0.3191,4,-1,-1
354,130,1341.58,590.16,72.35,28.78,0.7556,4,-1,-1
355,91,727.19,583.12,66.52,35.57,0.7766,4,-1,-1
355,93,1377.74,976.40,35.34,83.52,0.7899,1,-1,-1
355,107,886.45,514.13,54.79,23.96,0.7210,4,-1,-1
355,112,1093.01,553.08,65.28,28.86,0.7912,4,-1,-1
355,113,545.80,482.96,50.16,18.63,0.2268,4,-1,-1
355,131,1257.64,485.76,82.35,33.49,0.7578,4,-1,-1
355,132,410.27,529.55,47.56,22.63,0.7739,4,-1,-1
355,36,535.74,481.52,37.09,17.84,0.4017,4,-1,-1
355,128,390.26,480.27,44.38,17.53,0.1919,4,-1,-1
355,134,1580.37,524.49,95.42,36.68,0.6792,4,-1,-1
355,135,507.05,496.11,44.34,20.22,0.3381,4,-1,-1
355,130,1330.56,588.30,76.68,30.45,0.8146,4,-1,-1
355,77,1072.16,650.54,89.91,46.62,0.4941,4,-1,-1
356,91,732.03,583.64,67.09,35.81,0.7249,4,-1,-1
356,93,1376.85,975.64,35.43,84.23,0.7925,1,-1,-1
356,107,878.79,512.97,57.62,25.18,0.6834,4,-1,-1
356,112,1087.23,552.00,65.93,29.23,0.7988,4,-1,-1
356,113,550.29,483.17,47.97,18.08,0.2546,4,-1,-1
356,131,1264.37,486.70,86.27,35.29,0.7725,4,-1,-1
356,132,413.45,530.23,47.11,22.50,0.7725,4,-1,-1
356,36,536.21,481.36,35.79,17.41,0.3711,4,-1,-1
356,134,1592.83,525.48,96.00,36.88,0.6496,4,-1,-1
356,135,505.24,496.35,40.97,18.89,0.2666,4,-1,-1
356,130,1324.05,586.71,79.40,31.34,0.8099,4,-1,-1
356,77,1079.78,651.81,85.01,44.25,0.4465,4,-1,-1
357,91,737.28,584.92,68.45,36.60,0.7287,4,-1,-1
357,93,1375.56,975.10,35.17,84.27,0.8087,1,-1,-1
357,107,872.76,512.05,58.61,25.81,0.7017,4,-1,-1
357,112,1081.45,551.27,64.45,28.73,0.7599,4,-1,-1
357,113,549.92,483.81,45.79,17.35,0.1716,4,-1,-1
357,131,1277.32,488.78,84.75,34.65,0.7326,4,-1,-1
357,132,417.31,530.88,47.22,22.69,0.7698,4,-1,-1
357,36,536.66,481.34,34.35,16.80,0.4446,4,-1,-1
357,134,1609.51,528.22,96.68,37.18,0.3603,4,-1,-1
357,135,501.37,497.32,37.83,17.64,0.4311,4,-1,-1
357,130,1315.05,585.49,80.06,31.37,0.8360,4,-1,-1
357,77,1088.27,654.14,83.04,42.77,0.3803,4,-1,-1
358,91,741.40,585.64,69.17,37.03,0.7556,4,-1,-1
358,93,1374.57,974.35,35.13,84.92,0.8205,1,-1,-1
358,107,870.53,511.34,57.84,25.83,0.6697,4,-1,-1
358,112,1077.62,550.78,62.68,28.15,0.7114,4,-1,-1
358,113,552.94,483.78,45.32,17.45,0.2227,4,-1,-1
358,131,1287.24,489.59,82.94,33.78,0.6826,4,-1,-1
358,132,420.17,531.09,46.90,22.59,0.7424,4,-1,-1
358,36,536.05,481.13,35.17,17.32,0.4698,4,-1,-1
358,134,1621.20,529.22,96.50,37.17,0.7138,4,-1,-1
358,135,498.74,497.83,38.00,17.88,0.3630,4,-1,-1
358,130,1308.62,584.60,80.67,31.45,0.8001,4,-1,-1
358,77,1097.07,655.74,78.14,40.08,0.2422,4,-1,-1
359,91,748.33,588.10,67.30,35.90,0.7513,4,-1,-1
359,93,1373.29,974.41,34.88,84.56,0.7976,1,-1,-1
359,107,870.35,511.70,53.22,24.25,0.5205,4,-1,-1
359,112,1072.11,550.47,60.16,27.23,0.5593,4,-1,-1
359,113,555.51,483.32,43.91,17.20,0.2465,4,-1,-1
359,131,1301.13,491.42,81.85,33.19,0.6843,4,-1,-1
359,132,422.82,531.78,45.67,22.26,0.7469,4,-1,-1
359,36,536.40,481.86,35.27,17.52,0.4359,4,-1,-1
359,134,1639.32,531.36,100.41,38.58,0.6514,4,-1,-1
359,135,492.14,497.28,40.88,19.18,0.4311,4,-1,-1
359,130,1297.58,583.47,80.75,31.25,0.8182,4,-1,-1
359,77,1112.54,658.30,79.26,39.95,0.1854,4,-1,-1
360,91,754.66,589.13,68.00,36.24,0.7585,4,-1,-1
360,93,1371.62,974.64,34.83,84.38,0.7886,1,-1,-1
360,112,1063.79,548.97,60.67,27.69,0.5746,4,-1,-1
360,113,558.61,483.44,45.15,18.21,0.1056,4,-1,-1
360,131,1313.59,493.09,85.64,34.76,0.5341,4,-1,-1
360,132,425.93,532.60,46.28,22.95,0.7349,4,-1,-1
360,36,536.36,482.41,34.72,17.32,0.4225,4,-1,-1
360,134,1659.38,534.83,100.55,38.51,0.7506,4,-1,-1
360,135,488.66,497.21,41.24,19.10,0.2082,4,-1,-1
360,130,1287.23,582.70,80.10,30.85,0.8261,4,-1,-1
360,77,1122.97,660.62,80.79,40.67,0.1124,4,-1,-1
361,91,758.04,589.16,70.16,37.58,0.7937,4,-1,-1
361,93,1370.15,974.22,35.22,85.29,0.7950,1,-1,-1
361,112,1055.62,547.34,62.85,28.84,0.6215,4,-1,-1
361,113,556.96,484.29,45.20,18.62,0.1213,4,-1,-1
361,131,1322.24,494.04,87.70,35.57,0.7718,4,-1,-1
361,132,430.06,533.24,46.39,23.27,0.7194,4,-1,-1
361,36,536.21,482.46,33.69,16.84,0.4017,4,-1,-1
361,134,1670.87,537.05,103.79,39.86,0.7154,4,-1,-1
361,135,486.33,496.77,41.62,19.00,0.2241,4,-1,-1
361,130,1279.17,581.64,80.44,30.83,0.8146,4,-1,-1
362,91,763.63,589.71,70.96,38.05,0.7154,4,-1,-1
362,93,1369.60,974.51,35.25,85.42,0.7698,1,-1,-1
362,112,1047.56,545.71,64.17,29.68,0.5361,4,-1,-1
362,113,557.32,485.04,44.45,18.68,0.1413,4,-1,-1
362,131,1336.05,496.47,86.57,35.06,0.2444,4,-1,-1
362,132,433.89,533.78,47.96,24.29,0.7225,4,-1,-1
362,36,535.50,482.53,33.48,16.83,0.4397,4,-1,-1
362,134,1686.60,539.50,109.99,42.50,0.6433,4,-1,-1
362,135,478.12,498.41,41.01,18.52,0.2069,4,-1,-1
362,130,1268.69,580.82,79.67,30.34,0.8256,4,-1,-1
363,91,768.66,591.27,69.75,37.35,0.7564,4,-1,-1
363,93,1369.21,973.89,35.39,86.19,0.7599,1,-1,-1
363,112,1041.74,544.75,64.58,30.15,0.4990,4,-1,-1
363,113,557.61,485.06,43.93,18.83,0.1321,4,-1,-1
363,131,1344.59,498.16,89.93,36.40,0.4785,4,-1,-1
363,132,437.19,533.78,49.64,25.28,0.7527,4,-1,-1
363,36,535.01,482.64,34.12,17.22,0.4083,4,-1,-1
363,134,1700.02,541.67,112.36,43.59,0.4273,4,-1,-1
363,130,1261.42,580.11,80.59,30.67,0.8099,4,-1,-1
364,91,774.43,592.82,70.03,37.45,0.7705,4,-1,-1
364,93,1368.82,974.42,35.26,86.11,0.7780,1,-1,-1
364,112,1032.92,544.06,67.37,31.87,0.5322,4,-1,-1
364,113,557.20,484.90,44.25,19.36,0.1394,4,-1,-1
364,131,1357.42,499.73,91.02,36.83,0.7691,4,-1,-1
364,132,440.53,534.60,50.56,25.84,0.6505,4,-1,-1
364,36,534.82,482.60,34.41,17.33,0.4922,4,-1,-1
364,134,1717.09,543.74,112.21,43.72,0.6531,4,-1,-1
364,130,1250.87,578.86,82.03,31.21,0.8087,4,-1,-1
365,91,781.48,593.56,71.84,38.70,0.7527,4,-1,-1
365,93,1367.90,974.01,35.20,86.21,0.7793,1,-1,-1
365,112,1025.06,545.94,63.52,30.35,0.6215,4,-1,-1
365,113,557.99,485.39,43.04,19.21,0.1030,4,-1,-1
365,131,1373.54,501.58,88.56,35.59,0.7249,4,-1,-1
365,132,445.39,535.51,49.74,25.50,0.7628,4,-1,-1
365,36,534.47,482.58,34.76,17.47,0.4737,4,-1,-1
365,134,1737.40,546.93,118.88,46.54,0.4446,4,-1,-1
365,130,1240.69,577.76,80.89,30.72,0.8013,4,-1,-1
365,138,1076.88,462.10,74.42,31.29,0.5322,4,-1,-1
366,91,785.45,594.55,72.57,39.22,0.7599,4,-1,-1
366,93,1367.06,973.69,35.34,86.99,0.7807,1,-1,-1
366,112,1020.45,545.35,61.07,29.18,0.6593,4,-1,-1
366,131,1383.51,502.11,89.95,35.96,0.7461,4,-1,-1
366,132,449.11,535.92,49.77,25.56,0.7439,4,-1,-1
366,36,534.23,482.94,34.63,17.34,0.4902,4,-1,-1
366,134,1751.98,548.53,120.18,47.23,0.7853,4,-1,-1
366,130,1233.40,576.76,80.94,30.68,0.8193,4,-1,-1
366,138,1080.70,463.03,74.18,31.21,0.3730,4,-1,-1
366,139,1164.40,673.01,122.68,65.86,0.4824,4,-1,-1
367,91,791.12,595.84,72.08,38.95,0.7976,4,-1,-1
367,93,1366.58,973.30,34.86,86.10,0.7698,1,-1,-1
367,112,1015.65,544.62,55.54,26.86,0.4795,4,-1,-1
367,131,1397.19,504.24,91.47,36.47,0.7746,4,-1,-1
367,132,453.23,537.12,50.48,26.03,0.7670,4,-1,-1
367,36,534.52,482.92,35.26,17.56,0.4795,4,-1,-1
367,134,1771.57,551.39,120.45,47.43,0.7122,4,-1,-1
367,130,1223.48,575.74,80.38,30.53,0.8273,4,-1,-1
367,138,1091.02,464.51,73.20,30.82,0.4581,4,-1,-1
367,139,1178.23,674.36,116.90,62.77,0.4436,4,-1,-1
368,91,795.85,597.52,71.34,38.49,0.7950,4,-1,-1
368,93,1365.97,972.79,34.51,85.66,0.7712,1,-1,-1
368,112,1013.88,544.19,53.48,26.14,0.4698,4,-1,-1
368,131,1406.67,505.20,92.25,36.73,0.7356,4,-1,-1
368,132,456.24,537.97,50.15,25.92,0.7556,4,-1,-1
368,36,534.85,483.05,35.50,17.62,0.3989,4,-1,-1
368,134,1785.50,552.33,116.87,46.28,0.4475,4,-1,-1
368,130,1216.05,575.12,80.23,30.47,0.8216,4,-1,-1
368,138,1097.03,466.11,73.43,30.96,0.6011,4,-1,-1
368,139,1185.60,675.75,111.68,59.96,0.1987,4,-1,-1
368,107,811.94,506.78,57.58,26.13,0.4834,4,-1,-1
368,77,1193.51,675.00,91.67,45.30,0.6179,4,-1,-1
369,91,801.95,598.78,71.82,38.78,0.7950,4,-1,-1
369,93,1364.92,971.20,33.85,83.73,0.8087,1,-1,-1
369,112,1004.07,542.45,56.75,27.76,0.3166,4,-1,-1
369,131,1418.35,506.94,98.37,39.40,0.7578,4,-1,-1
369,132,459.61,538.05,51.93,27.00,0.7454,4,-1,-1
369,36,534.35,483.37,35.17,17.38,0.3775,4,-1,-1
369,134,1802.61,556.55,120.64,48.31,0.5593,4,-1,-1
369,130,1206.25,574.29,79.96,30.34,0.8123,4,-1,-1
369,138,1106.61,466.95,76.46,32.32,0.6514,4,-1,-1
369,107,808.43,506.38,56.41,26.11,0.5574,4,-1,-1
369,77,1204.30,677.79,88.85,43.51,0.1661,4,-1,-1
370,91,808.44,600.24,72.27,39.16,0.7912,4,-1,-1
370,93,1363.38,969.08,33.49,82.68,0.8444,1,-1,-1
370,112,996.01,539.63,61.98,30.89,0.2967,4,-1,-1
370,131,1434.18,508.45,100.17,40.19,0.7892,4,-1,-1
370,132,463.94,538.63,51.36,27.09,0.7066,4,-1,-1
370,36,533.77,483.41,35.08,17.34,0.3886,4,-1,-1
370,134,1820.06,560.85,113.74,46.46,0.3739,4,-1,-1
370,130,1197.87,573.92,77.45,29.26,0.8146,4,-1,-1
370,138,1116.14,468.57,76.97,32.62,0.5263,4,-1,-1
370,107,803.44,507.04,53.37,24.96,0.3693,4,-1,-1
371,91,813.72,602.04,71.70,38.76,0.8239,4,-1,-1
371,93,1362.39,968.07,33.36,82.28,0.8413,1,-1,-1
371,112,993.41,535.26,67.25,34.91,0.1432,4,-1,-1
371,131,1444.62,510.87,101.39,40.78,0.7592,4,-1,-1
371,132,467.60,539.56,50.71,26.77,0.7066,4,-1,-1
371,36,533.18,483.49,35.24,17.38,0.4054,4,-1,-1
371,134,1828.15,562.92,114.97,48.64,0.5409,4,-1,-1
371,130,1191.73,573.01,77.88,29.45,0.8216,4,-1,-1
371,138,1123.85,470.51,75.90,32.10,0.1727,4,-1,-1
371,107,802.33,507.79,50.44,24.06,0.3785,4,-1,-1
372,91,821.53,605.08,68.95,37.10,0.8050,4,-1,-1
372,93,1361.39,966.89,33.61,82.93,0.8216,1,-1,-1
372,112,990.06,538.45,58.58,30.87,0.1325,4,-1,-1
372,131,1458.63,512.24,104.91,42.59,0.7170,4,-1,-1
372,132,472.57,541.43,50.55,26.74,0.7287,4,-1,-1
372,36,532.94,483.61,35.07,17.25,0.4254,4,-1,-1
372,130,1181.88,571.78,78.30,29.68,0.8228,4,-1,-1
372,138,1131.04,471.74,77.07,32.74,0.2591,4,-1,-1
372,128,332.35,471.14,41.53,16.68,0.5361,4,-1,-1
372,139,1219.83,686.48,123.53,66.24,0.6132,4,-1,-1
373,91,825.85,605.80,69.06,36.96,0.8210,4,-1,-1
373,93,1360.53,966.54,33.74,83.05,0.8515,1,-1,-1
373,131,1468.86,513.56,106.03,43.31,0.8056,4,-1,-1
373,132,476.67,542.82,49.65,26.29,0.7614,4,-1,-1
373,36,533.90,483.67,34.08,16.64,0.3840,4,-1,-1
373,130,1175.35,571.26,77.56,29.40,0.8205,4,-1,-1
373,138,1138.16,472.47,77.68,33.09,0.5813,4,-1,-1
373,128,329.59,471.04,40.56,16.28,0.5078,4,-1,-1
373,139,1234.14,687.91,119.94,64.64,0.5205,4,-1,-1
374,91,831.31,607.09,69.69,37.38,0.7976,4,-1,-1
374,93,1359.07,965.99,34.18,83.85,0.8454,1,-1,-1
374,131,1483.79,515.67,107.17,43.96,0.6943,4,-1,-1
374,132,481.40,544.57,48.56,25.60,0.7780,4,-1,-1
374,36,534.63,483.79,33.49,16.26,0.3433,4,-1,-1
374,130,1167.07,570.13,76.68,29.12,0.8273,4,-1,-1
374,138,1148.73,474.67,75.32,32.00,0.2241,4,-1,-1
374,128,326.06,470.22,41.32,16.67,0.5438,4,-1,-1
374,139,1249.65,690.30,119.38,64.36,0.5205,4,-1,-1
374,112,976.92,540.12,52.43,27.32,0.4932,4,-1,-1
375,91,837.73,608.39,69.82,37.57,0.7739,4,-1,-1
375,93,1357.43,965.69,34.56,84.32,0.8611,1,-1,-1
375,131,1500.36,517.96,106.67,43.88,0.7827,4,-1,-1
375,132,486.53,546.59,47.69,25.02,0.7705,4,-1,-1
375,36,535.19,483.89,33.63,16.29,0.3821,4,-1,-1
375,130,1156.90,568.71,76.32,29.06,0.8182,4,-1,-1
375,138,1159.59,476.58,75.11,31.83,0.2309,4,-1,-1
375,128,323.68,470.16,39.60,16.00,0.3877,4,-1,-1
375,139,1255.00,691.99,141.33,76.69,0.7786,4,-1,-1
375,112,969.86,539.99,49.73,25.61,0.4571,4,-1,-1
376,91,842.85,609.15,69.77,37.62,0.7739,4,-1,-1
376,93,1356.46,965.90,34.75,84.34,0.8454,1,-1,-1
376,131,1512.67,519.15,107.27,44.25,0.7866,4,-1,-1
376,132,488.83,546.66,49.40,26.00,0.7773,4,-1,-1
376,36,535.37,483.78,32.17,15.48,0.4130,4,-1,-1
376,130,1151.54,568.17,75.39,28.71,0.8205,4,-1,-1
376,138,1167.19,477.68,76.40,32.36,0.2583,6,-1,-1
376,128,319.67,469.34,41.14,16.76,0.3951,4,-1,-1
376,139,1261.97,692.85,150.61,82.52,0.7994,4,-1,-1
376,112,965.79,540.77,47.41,23.79,0.5380,4,-1,-1
377,91,848.92,610.31,68.75,37.22,0.6142,4,-1,-1
377,93,1355.48,966.30,34.91,84.30,0.8465,1,-1,-1
377,131,1530.44,521.35,106.73,44.05,0.7918,4,-1,-1
377,132,493.10,547.63,49.12,25.80,0.7698,4,-1,-1
377,36,535.44,483.28,32.63,15.61,0.4225,4,-1,-1
377,130,1143.93,567.64,73.46,27.90,0.8123,4,-1,-1
377,138,1177.02,478.93,75.74,31.80,0.4873,4,-1,-1
377,128,314.66,468.04,43.31,17.92,0.2509,4,-1,-1
377,139,1265.41,696.66,154.90,84.39,0.7746,4,-1,-1
377,112,959.34,541.21,45.50,22.32,0.6487,4,-1,-1
378,91,855.08,610.04,71.01,38.30,0.6663,4,-1,-1
378,93,1354.71,965.95,35.19,84.68,0.8423,1,-1,-1
378,131,1541.71,522.76,107.67,44.46,0.8093,4,-1,-1
378,132,496.53,548.02,50.25,26.42,0.7988,4,-1,-1
378,36,535.30,482.93,34.75,16.54,0.3914,4,-1,-1
378,130,1138.27,566.99,73.23,27.79,0.8158,4,-1,-1
378,138,1183.53,480.76,73.71,30.74,0.5670,4,-1,-1
378,128,312.08,467.30,43.72,18.33,0.3495,4,-1,-1
378,139,1276.17,699.58,154.18,83.99,0.6151,4,-1,-1
378,112,954.19,541.65,45.57,21.99,0.6558,4,-1,-1
378,142,526.42,464.12,22.51,15.46,0.5146,4,-1,-1
379,91,861.41,610.93,70.48,37.92,0.3951,4,-1,-1
379,93,1353.90,966.02,35.33,84.84,0.8228,1,-1,-1
379,131,1556.90,524.58,109.52,45.31,0.7892,4,-1,-1
379,132,500.58,548.41,51.48,27.05,0.7628,4,-1,-1
379,36,535.51,482.83,36.46,17.24,0.4678,4,-1,-1
379,130,1129.27,566.23,74.15,28.19,0.8111,4,-1,-1
379,138,1193.73,481.57,73.83,30.65,0.2415,4,-1,-1
379,128,309.20,466.67,43.51,18.48,0.3478,4,-1,-1
379,139,1293.53,703.85,151.60,82.76,0.5641,4,-1,-1
379,112,946.15,540.76,48.35,23.21,0.7256,4,-1,-1
379,142,524.02,464.11,23.30,16.00,0.1184,4,-1,-1
380,93,1353.18,966.00,35.34,84.83,0.8239,1,-1,-1
380,131,1575.74,527.55,109.13,45.13,0.8152,4,-1,-1
380,132,505.47,549.03,52.52,27.68,0.7571,4,-1,-1
380,36,534.55,483.18,37.25,17.59,0.2674,4,-1,-1
380,130,1120.16,565.34,73.77,28.13,0.8170,4,-1,-1
380,138,1202.30,482.94,78.64,32.70,0.6496,4,-1,-1
380,128,304.53,464.92,44.59,19.26,0.1944,4,-1,-1
380,139,1312.98,706.72,152.31,83.51,0.7506,5,-1,-1
380,112,939.67,539.24,50.85,24.11,0.7642,4,-1,-1
381,93,1352.71,965.82,35.31,85.02,0.8123,1,-1,-1
381,131,1589.00,529.32,108.56,44.78,0.8199,4,-1,-1
381,132,509.17,549.62,52.92,28.08,0.7599,4,-1,-1
381,36,534.48,482.93,36.75,17.32,0.2261,4,-1,-1
381,130,1114.22,564.81,73.35,28.00,0.8205,4,-1,-1
381,138,1208.88,483.54,79.14,32.62,0.5535,4,-1,-1
381,128,302.55,464.26,43.89,19.19,0.1968,4,-1,-1
381,139,1323.76,708.52,153.16,84.46,0.5078,4,-1,-1
381,112,934.96,538.76,52.53,24.63,0.7585,4,-1,-1
382,93,1351.70,965.75,35.39,85.62,0.8413,1,-1,-1
382,131,1604.23,531.88,112.43,46.52,0.8081,4,-1,-1
382,132,513.52,550.97,52.29,27.72,0.7712,4,-1,-1
382,36,534.86,483.01,36.14,16.93,0.2934,4,-1,-1
382,130,1106.40,563.92,73.18,28.06,0.8170,4,-1,-1
382,138,1217.77,484.82,82.72,34.14,0.6132,4,-1,-1
382,128,299.69,463.59,42.99,19.08,0.3082,4,-1,-1
382,139,1336.55,711.60,150.20,83.17,0.5832,5,-1,-1
382,112,928.27,538.07,53.17,24.75,0.7899,4,-1,-1
383,93,1351.26,965.66,35.07,85.39,0.8182,1,-1,-1
383,131,1615.55,533.33,115.54,48.04,0.7840,4,-1,-1
383,132,516.53,551.92,52.34,27.71,0.7628,4,-1,-1
383,36,535.04,483.30,35.73,16.60,0.2713,4,-1,-1
383,130,1101.28,563.49,72.08,27.69,0.8205,4,-1,-1
383,138,1225.22,485.71,82.77,34.28,0.6809,4,-1,-1
383,128,297.97,463.38,42.34,19.01,0.2101,4,-1,-1
383,139,1344.68,713.25,149.06,83.34,0.7295,5,-1,-1
383,112,923.19,537.72,54.10,25.10,0.7860,4,-1,-1
384,93,1351.13,964.83,34.34,83.90,0.8146,1,-1,-1
384,131,1633.15,536.20,116.91,48.69,0.7691,4,-1,-1
384,132,521.59,553.23,52.65,27.97,0.7585,4,-1,-1
384,36,534.63,483.66,35.27,16.21,0.2295,4,-1,-1
384,130,1093.44,562.61,71.89,27.69,0.8158,4,-1,-1
384,138,1235.46,486.84,83.86,34.82,0.4971,4,-1,-1
384,128,296.95,463.65,39.03,17.57,0.2451,4,-1,-1
384,139,1358.22,715.67,144.98,81.46,0.6225,5,-1,-1
384,112,916.91,537.10,54.96,25.48,0.7225,4,-1,-1
385,93,1350.90,963.72,33.16,81.33,0.8075,1,-1,-1
385,131,1652.39,538.83,119.29,49.84,0.8233,4,-1,-1
385,132,527.65,555.75,50.76,26.82,0.7698,4,-1,-1
385,36,535.17,483.87,34.33,15.56,0.2358,4,-1,-1
385,130,1085.47,562.19,69.98,26.93,0.8050,4,-1,-1
385,138,1247.24,488.79,82.80,34.26,0.6960,4,-1,-1
385,128,294.52,462.91,38.42,17.30,0.2613,4,-1,-1
385,139,1373.72,719.37,140.22,79.10,0.7372,5,-1,-1
385,112,909.24,536.57,54.26,25.05,0.7058,4,-1,-1
386,93,1350.88,963.16,32.55,80.14,0.8123,1,-1,-1
386,131,1667.47,541.00,116.75,48.65,0.8408,4,-1,-1
386,132,531.83,557.23,49.71,26.10,0.7846,4,-1,-1
386,36,535.83,483.91,33.10,14.76,0.2365,4,-1,-1
386,130,1081.04,561.43,69.23,26.76,0.8050,4,-1,-1
386,138,1254.36,488.93,85.25,35.32,0.7606,4,-1,-1
386,139,1388.30,723.05,132.06,74.31,0.6478,5,-1,-1
386,112,901.97,535.62,55.59,25.48,0.7356,4,-1,-1
387,93,1349.99,962.44,32.29,79.59,0.8123,1,-1,-1
387,131,1685.96,543.09,119.91,49.94,0.7957,4,-1,-1
387,132,536.64,558.77,49.60,25.86,0.7925,4,-1,-1
387,36,536.43,483.74,32.83,14.43,0.2838,4,-1,-1
387,130,1075.28,561.15,68.21,26.58,0.7527,4,-1,-1
387,138,1265.62,491.98,83.45,34.39,0.7786,4,-1,-1
387,139,1402.29,726.19,128.16,71.76,0.6775,5,-1,-1
387,112,894.28,534.71,57.31,26.15,0.6558,4,-1,-1
388,93,1349.55,962.15,31.96,78.76,0.8087,1,-1,-1
388,131,1697.36,544.99,119.94,50.15,0.8044,4,-1,-1
388,132,539.77,559.44,49.69,25.80,0.7912,4,-1,-1
388,36,536.52,483.60,33.13,14.35,0.2950,4,-1,-1
388,130,1070.47,560.81,66.87,26.24,0.7498,4,-1,-1
388,138,1275.42,493.50,81.17,33.28,0.7520,4,-1,-1
388,139,1410.76,727.97,125.36,70.10,0.4668,5,-1,-1
388,112,888.24,533.43,60.16,27.54,0.5322,4,-1,-1
388,144,983.34,454.77,61.16,24.66,0.5842,4,-1,-1
389,93,1348.25,961.07,32.38,80.04,0.7886,1,-1,-1
389,131,1715.89,547.45,122.19,51.17,0.8300,4,-1,-1
389,132,544.85,560.30,50.09,25.92,0.8239,4,-1,-1
389,36,536.32,483.58,34.22,14.65,0.2910,4,-1,-1
389,130,1061.86,559.98,66.42,26.10,0.7098,4,-1,-1
389,138,1283.96,494.94,85.25,35.03,0.7866,4,-1,-1
389,139,1420.60,730.19,126.38,71.08,0.3016,4,-1,-1
389,112,883.73,533.78,58.41,26.74,0.5593,4,-1,-1
389,144,988.45,455.13,61.44,24.78,0.5936,4,-1,-1
390,93,1346.74,960.31,32.58,80.74,0.7925,1,-1,-1
390,131,1735.78,550.65,125.63,52.82,0.7520,4,-1,-1
390,132,549.76,561.05,51.12,26.41,0.7963,4,-1,-1
390,36,536.34,483.52,34.75,14.68,0.2751,4,-1,-1
390,130,1052.10,557.55,69.05,27.40,0.6397,4,-1,-1
390,138,1292.35,493.90,93.15,38.73,0.5545,4,-1,-1
390,139,1433.80,732.99,123.92,70.39,0.1551,4,-1,-1
390,112,878.49,532.73,58.46,27.08,0.5660,4,-1,-1
390,144,995.49,456.08,63.45,25.62,0.6851,4,-1,-1
390,146,488.86,463.81,29.70,13.79,0.5185,4,-1,-1
391,93,1345.45,960.47,32.66,80.42,0.7800,1,-1,-1
391,131,1750.72,552.86,126.57,53.37,0.8510,4,-1,-1
391,132,552.82,561.47,52.33,26.93,0.8050,4,-1,-1
391,36,535.55,483.75,37.43,15.62,0.2636,4,-1,-1
391,130,1049.62,559.60,63.34,24.96,0.6030,4,-1,-1
391,138,1296.92,491.84,101.41,42.72,0.5784,4,-1,-1
391,139,1447.03,734.72,118.16,67.20,0.1156,4,-1,-1
391,112,877.18,533.71,55.05,25.68,0.5312,4,-1,-1
391,144,997.99,455.82,65.14,26.34,0.5660,4,-1,-1
391,146,487.38,462.82,31.29,14.53,0.5612,4,-1,-1
391,147,1074.83,467.11,72.55,31.65,0.4785,4,-1,-1
391,128,279.60,459.82,35.51,15.82,0.5059,4,-1,-1
392,93,1344.03,960.56,32.65,79.73,0.7963,1,-1,-1
392,131,1772.06,556.46,124.31,52.35,0.8289,4,-1,-1
392,132,557.39,562.47,53.44,27.54,0.7712,4,-1,-1
392,36,535.06,483.88,37.21,15.41,0.2553,4,-1,-1
392,130,1041.42,560.45,62.35,24.35,0.4610,4,-1,-1
392,138,1310.07,495.57,96.49,40.73,0.6584,4,-1,-1
392,112,869.98,532.64,56.23,26.49,0.4698,4,-1,-1
392,144,1002.65,457.13,66.47,27.02,0.5438,4,-1,-1
392,146,483.96,461.88,32.16,14.96,0.5185,4,-1,-1
392,147,1081.83,467.84,74.35,32.47,0.4659,4,-1,-1
392,148,361.40,482.75,43.08,21.36,0.4737,4,-1,-1
392,128,276.30,458.98,36.13,16.16,0.4659,4,-1,-1
393,93,1343.03,960.83,32.94,79.77,0.8170,1,-1,-1
393,131,1786.01,558.73,125.77,52.93,0.8007,4,-1,-1
393,132,560.53,563.33,54.02,27.87,0.7793,4,-1,-1
393,36,534.16,483.92,37.78,15.61,0.2846,4,-1,-1
393,130,1037.62,560.98,58.23,22.26,0.5322,4,-1,-1
393,138,1319.41,497.13,96.23,40.76,0.4533,4,-1,-1
393,112,862.47,534.52,54.89,25.47,0.1164,4,-1,-1
393,144,1007.06,458.23,64.71,26.41,0.2509,5,-1,-1
393,146,483.34,461.12,32.85,15.39,0.5137,4,-1,-1
393,148,360.38,482.18,42.49,21.01,0.4834,4,-1,-1
393,128,274.33,458.86,35.42,15.77,0.5574,4,-1,-1
394,93,1341.94,961.38,33.26,80.03,0.8205,1,-1,-1
394,131,1802.58,562.05,125.41,53.49,0.6809,4,-1,-1
394,132,566.11,564.99,53.48,27.49,0.7860,4,-1,-1
394,36,535.60,485.10,37.83,15.56,0.2744,4,-1,-1
394,130,1024.96,557.04,65.31,25.03,0.1987,4,-1,-1
394,138,1332.50,499.68,93.08,39.38,0.4263,4,-1,-1
394,144,1011.24,458.15,67.45,27.70,0.7090,4,-1,-1
394,146,480.81,460.69,33.06,15.64,0.4610,4,-1,-1
394,148,356.78,482.95,39.14,19.31,0.4455,4,-1,-1
394,128,271.13,458.22,35.95,16.03,0.5860,4,-1,-1
394,147,1099.52,471.17,71.56,31.22,0.6834,4,-1,-1
395,93,1341.24,961.22,33.61,81.03,0.7912,1,-1,-1
395,131,1817.12,565.48,121.28,53.16,0.7042,4,-1,-1
395,132,570.57,565.42,55.40,28.55,0.8001,4,-1,-1
395,36,533.77,485.83,39.45,16.24,0.3016,4,-1,-1
395,138,1341.43,500.43,101.83,43.50,0.5254,4,-1,-1
395,144,1017.24,459.02,70.00,28.97,0.7469,4,-1,-1
395,146,478.66,460.80,32.53,15.55,0.4620,4,-1,-1
395,148,353.98,483.05,39.75,19.51,0.4795,4,-1,-1
395,128,268.17,458.05,35.47,15.70,0.5804,4,-1,-1
395,147,1110.57,473.49,70.09,30.54,0.6960,4,-1,-1
396,93,1340.73,960.87,33.54,80.74,0.8050,1,-1,-1
396,131,1828.73,568.36,115.02,52.20,0.6514,4,-1,-1
396,132,574.44,566.10,55.75,28.74,0.7963,4,-1,-1
396,36,532.41,486.16,39.90,16.41,0.3057,4,-1,-1
396,138,1351.29,501.00,100.49,43.00,0.6976,4,-1,-1
396,144,1022.78,460.81,68.34,28.41,0.6918,4,-1,-1
396,146,476.99,460.88,32.03,15.49,0.3442,4,-1,-1
396,148,350.78,483.63,40.19,19.59,0.2063,4,-1,-1
396,128,266.25,457.79,34.92,15.39,0.4766,4,-1,-1
396,147,1118.15,474.51,69.72,30.41,0.7042,4,-1,-1
396,130,1011.88,554.15,62.24,24.48,0.5088,4,-1,-1
397,93,1339.83,960.24,33.48,80.55,0.7833,1,-1,-1
397,132,580.83,568.80,53.80,27.54,0.8007,4,-1,-1
397,36,532.85,486.34,38.75,15.95,0.3469,4,-1,-1
397,138,1364.36,503.19,99.36,42.61,0.5496,4,-1,-1
397,144,1030.61,462.23,66.95,27.86,0.6901,4,-1,-1
397,146,474.33,461.23,31.24,15.21,0.2870,4,-1,-1
397,148,348.47,482.50,38.24,18.55,0.1634,4,-1,-1
397,128,263.66,457.37,34.91,15.42,0.3549,4,-1,-1
397,147,1127.30,476.34,71.59,31.20,0.6800,4,-1,-1
397,130,1007.13,553.30,61.20,24.83,0.3074,4,-1,-1
398,93,1338.96,959.49,33.56,80.65,0.7725,1,-1,-1
398,132,584.18,569.76,53.98,27.52,0.7963,4,-1,-1
398,36,533.02,486.42,38.64,15.91,0.3504,4,-1,-1
398,138,1373.54,504.68,98.53,42.40,0.4717,4,-1,-1
398,144,1034.95,463.52,66.02,27.46,0.6732,4,-1,-1
398,146,474.71,461.54,29.80,14.75,0.1339,4,-1,-1
398,148,346.17,482.38,36.57,17.73,0.1505,4,-1,-1
398,128,262.50,457.30,34.02,15.04,0.2344,4,-1,-1
398,147,1131.76,476.88,73.06,31.95,0.5670,4,-1,-1
398,130,1006.27,552.90,59.89,25.07,0.3933,4,-1,-1
399,93,1338.10,958.94,32.76,78.58,0.7846,1,-1,-1
399,132,589.86,571.35,53.40,27.01,0.7963,4,-1,-1
399,36,532.06,486.32,38.68,15.92,0.3905,4,-1,-1
399,138,1386.74,506.41,97.53,41.99,0.2862,4,-1,-1
399,144,1044.56,466.36,61.89,25.48,0.5380,4,-1,-1
399,148,344.65,481.78,35.95,17.33,0.3294,4,-1,-1
399,128,259.00,456.99,33.76,14.81,0.4494,4,-1,-1
399,147,1143.14,478.09,72.84,31.75,0.7178,4,-1,-1
399,130,999.82,551.74,59.57,25.38,0.3024,4,-1,-1
400,93,1337.24,957.24,32.53,78.01,0.7833,1,-1,-1
400,132,595.56,572.42,54.09,27.23,0.8349,4,-1,-1
400,36,530.94,485.98,39.55,16.29,0.4805,4,-1,-1
400,138,1403.78,510.26,90.92,38.75,0.5660,4,-1,-1
400,144,1050.15,465.57,65.60,27.06,0.5263,4,-1,-1
400,128,254.80,455.37,35.30,15.49,0.2878,4,-1,-1
400,147,1154.42,479.92,73.58,31.92,0.6654,4,-1,-1
400,130,994.96,550.36,61.06,26.50,0.2790,4,-1,-1
401,93,1336.85,956.04,32.67,78.27,0.8038,1,-1,-1
401,132,599.81,573.23,54.26,27.21,0.8317,4,-1,-1
401,36,530.70,485.79,39.38,16.24,0.4149,4,-1,-1
401,138,1413.60,511.58,91.93,38.92,0.6723,4,-1,-1
401,144,1055.32,466.52,65.26,26.91,0.5593,4,-1,-1
401,128,251.52,453.72,36.81,16.25,0.2728,4,-1,-1
401,147,1161.59,480.52,74.12,32.06,0.7025,4,-1,-1
401,130,994.85,550.72,58.20,25.90,0.1105,4,-1,-1
402,93,1335.63,955.31,32.44,77.95,0.8328,1,-1,-1
402,132,603.88,573.87,56.78,28.63,0.8013,4,-1,-1
402,36,530.81,486.00,39.40,16.24,0.4513,4,-1,-1
402,138,1426.27,513.83,92.67,38.98,0.1307,4,-1,-1
402,144,1063.47,468.67,63.33,26.07,0.6160,4,-1,-1
402,128,249.40,453.27,36.31,16.07,0.3666,4,-1,-1
402,147,1171.91,482.45,74.23,31.88,0.6637,4,-1,-1
403,93,1334.47,954.75,32.41,78.22,0.8339,1,-1,-1
403,132,607.13,574.56,57.29,29.02,0.7860,4,-1,-1
403,36,529.63,485.77,39.97,16.48,0.4036,4,-1,-1
403,138,1433.38,514.85,97.13,40.90,0.3460,4,-1,-1
403,144,1065.78,468.70,65.29,26.80,0.6885,4,-1,-1
403,128,247.31,453.07,36.26,16.02,0.2415,4,-1,-1
403,147,1178.56,483.43,74.88,32.04,0.7154,4,-1,-1
404,93,1332.71,953.77,32.35,78.06,0.8038,1,-1,-1
404,132,613.51,574.93,58.77,29.73,0.7571,4,-1,-1
404,36,524.58,485.58,43.73,17.99,0.3612,4,-1,-1
404,138,1443.08,514.96,101.45,42.74,0.3757,4,-1,-1
404,144,1070.58,469.20,66.39,27.16,0.7225,4,-1,-1
404,128,244.63,452.58,36.35,16.11,0.3495,4,-1,-1
404,147,1188.42,485.02,76.64,32.80,0.7162,4,-1,-1
405,93,1331.50,953.43,32.25,77.84,0.8026,1,-1,-1
405,132,618.40,575.11,60.64,30.86,0.7670,4,-1,-1
405,36,526.94,485.62,41.99,17.31,0.2759,4,-1,-1
405,138,1457.49,516.60,103.77,43.90,0.5098,4,-1,-1
405,144,1076.45,468.90,70.15,28.83,0.7241,4,-1,-1
405,128,241.47,451.77,37.08,16.55,0.3294,4,-1,-1
405,147,1198.43,484.96,80.80,34.73,0.7628,4,-1,-1
405,130,960.83,549.32,50.85,22.50,0.6766,4,-1,-1
406,93,1330.73,953.04,32.35,78.19,0.7899,1,-1,-1
406,132,621.57,575.38,61.30,31.47,0.7912,4,-1,-1
406,36,527.81,485.88,42.93,17.84,0.3594,4,-1,-1
406,138,1467.55,516.68,104.46,44.28,0.5927,4,-1,-1
406,144,1080.17,469.05,71.54,29.44,0.7170,4,-1,-1
406,128,239.45,450.84,37.98,17.08,0.3107,4,-1,-1
406,147,1204.90,485.48,82.67,35.54,0.7498,4,-1,-1
406,130,955.07,549.21,50.81,22.28,0.6343,4,-1,-1
407,93,1329.47,952.77,32.33,78.28,0.7950,1,-1,-1
407,132,629.10,579.05,57.84,29.58,0.7349,4,-1,-1
407,36,528.94,486.22,43.77,18.44,0.4073,4,-1,-1
407,138,1481.97,518.64,103.23,43.75,0.7718,4,-1,-1
407,144,1086.98,470.05,71.52,29.49,0.7780,4,-1,-1
407,128,236.59,449.52,39.11,17.81,0.2187,4,-1,-1
407,147,1216.60,486.99,82.41,35.51,0.7513,4,-1,-1
407,130,946.48,547.85,52.70,23.19,0.7303,4,-1,-1
407,149,498.17,497.85,44.44,19.69,0.5117,4,-1,-1
408,93,1328.58,952.62,32.43,78.55,0.8099,1,-1,-1
408,132,633.85,581.01,56.76,28.83,0.7484,4,-1,-1
408,36,531.21,486.30,42.36,18.10,0.4436,4,-1,-1
408,138,1489.82,519.08,106.31,45.27,0.7853,4,-1,-1
408,144,1092.34,471.13,70.59,29.12,0.6951,4,-1,-1
408,128,234.76,448.74,38.60,17.69,0.4216,4,-1,-1
408,147,1225.06,488.02,82.01,35.33,0.7334,4,-1,-1
408,130,942.20,547.29,53.22,23.40,0.7642,4,-1,-1
408,149,496.86,497.66,42.58,18.86,0.5448,4,-1,-1
409,93,1327.52,951.94,32.71,79.31,0.8158,1,-1,-1
409,132,638.03,580.58,60.12,30.68,0.7712,4,-1,-1
409,36,532.19,486.31,42.10,18.23,0.2942,4,-1,-1
409,138,1503.11,521.04,108.73,46.58,0.7387,4,-1,-1
409,144,1099.16,472.05,70.77,29.13,0.7571,4,-1,-1
409,128,233.59,448.66,36.51,16.69,0.5804,4,-1,-1
409,147,1236.41,488.82,83.41,35.95,0.7621,4,-1,-1
409,130,937.02,546.47,54.92,23.96,0.7705,4,-1,-1
409,149,492.68,497.20,42.51,18.80,0.2697,4,-1,-1
410,93,1326.49,951.51,32.62,79.51,0.8026,1,-1,-1
410,132,644.40,582.06,59.41,30.37,0.7780,4,-1,-1
410,36,532.72,486.66,42.04,18.35,0.3337,4,-1,-1
410,138,1517.37,523.14,110.56,47.54,0.3024,4,-1,-1
410,144,1107.68,473.85,69.35,28.40,0.5708,4,-1,-1
410,128,231.25,448.33,35.24,16.10,0.4756,4,-1,-1
410,147,1249.51,490.54,83.42,35.96,0.7202,4,-1,-1
410,130,930.60,545.87,55.35,23.93,0.7527,4,-1,-1
410,149,489.26,495.93,45.92,20.32,0.3540,4,-1,-1
410,150,699.69,419.20,46.19,19.22,0.5506,4,-1,-1
411,93,1325.68,951.22,32.41,79.39,0.7780,1,-1,-1
411,132,649.33,583.59,58.05,29.56,0.7542,4,-1,-1
411,36,532.69,486.86,42.08,18.53,0.3294,4,-1,-1
411,138,1529.60,524.84,108.83,46.79,0.5879,4,-1,-1
411,144,1113.56,474.68,69.91,28.57,0.7491,4,-1,-1
411,128,228.48,446.83,36.30,16.62,0.3040,4,-1,-1
411,147,1259.95,491.83,82.85,35.73,0.7800,4,-1,-1
411,130,925.65,545.30,56.38,24.20,0.7556,4,-1,-1
411,149,488.79,494.60,46.98,20.77,0.2351,4,-1,-1
411,150,698.31,418.30,51.00,21.26,0.6179,4,-1,-1
412,93,1324.95,950.97,32.08,78.78,0.7621,1,-1,-1
412,132,652.43,581.14,64.76,33.43,0.7628,4,-1,-1
412,36,532.29,485.71,43.00,19.16,0.1385,4,-1,-1
412,138,1545.27,526.59,106.28,45.68,0.7879,4,-1,-1
412,144,1118.96,474.22,73.20,29.89,0.7759,4,-1,-1
412,128,226.57,446.50,35.03,16.04,0.5263,4,-1,-1
412,147,1271.13,493.39,83.88,36.21,0.7691,4,-1,-1
412,130,919.88,544.68,55.87,23.78,0.7461,4,-1,-1
412,150,704.29,419.14,48.62,20.30,0.5283,4,-1,-1
413,93,1324.58,950.75,31.82,78.17,0.7635,1,-1,-1
413,132,656.89,581.79,64.62,33.69,0.7670,4,-1,-1
413,36,536.57,487.00,41.90,18.64,0.3390,4,-1,-1
413,138,1554.94,527.43,108.78,46.92,0.7840,4,-1,-1
413,144,1122.83,474.40,74.40,30.37,0.7356,4,-1,-1
413,128,225.08,446.12,34.42,15.72,0.5419,4,-1,-1
413,147,1277.90,493.60,87.33,37.89,0.7840,4,-1,-1
413,130,914.71,543.98,56.38,23.85,0.7402,4,-1,-1
413,150,711.36,421.17,45.34,18.97,0.4600,4,-1,-1
414,93,1324.13,949.85,31.51,77.54,0.7718,1,-1,-1
414,132,664.94,586.48,58.87,30.42,0.7793,4,-1,-1
414,36,537.58,487.45,40.33,17.94,0.3794,4,-1,-1
414,138,1570.24,528.93,109.15,47.09,0.7677,4,-1,-1
414,144,1129.59,476.25,72.74,29.72,0.6926,4,-1,-1
414,128,223.03,445.99,33.00,14.96,0.4073,4,-1,-1
414,147,1288.26,494.65,88.95,38.61,0.7372,4,-1,-1
414,130,908.64,543.19,56.15,23.61,0.7461,4,-1,-1
414,150,713.44,420.86,48.80,20.51,0.5283,4,-1,-1
415,93,1323.50,947.56,31.72,78.46,0.7912,1,-1,-1
415,132,671.61,588.14,58.19,29.88,0.7417,4,-1,-1
415,36,537.70,487.40,40.59,18.08,0.3225,4,-1,-1
415,138,1586.56,532.49,109.46,47.18,0.8539,4,-1,-1
415,144,1138.81,477.30,73.47,29.94,0.6095,4,-1,-1
415,128,220.66,445.81,32.50,14.63,0.3442,4,-1,-1
415,147,1302.65,496.94,87.08,37.66,0.7491,4,-1,-1
415,130,902.20,542.53,55.99,23.35,0.7280,4,-1,-1
415,150,717.46,421.12,49.92,21.10,0.6433,4,-1,-1
416,93,1323.30,946.13,31.55,78.33,0.7820,1,-1,-1
416,132,673.76,588.49,60.34,30.83,0.7649,4,-1,-1
416,36,538.13,487.51,41.15,18.47,0.3576,4,-1,-1
416,138,1597.50,533.79,111.40,48.08,0.8105,4,-1,-1
416,144,1146.01,478.60,72.47,29.34,0.6792,4,-1,-1
416,128,219.50,446.09,31.64,14.04,0.1352,4,-1,-1
416,147,1312.73,498.18,87.30,37.62,0.7233,4,-1,-1
416,130,899.31,542.20,54.22,22.49,0.7326,4,-1,-1
416,150,720.29,421.35,50.77,21.60,0.4484,4,-1,-1
417,93,1323.12,943.85,30.96,77.01,0.7793,1,-1,-1
417,132,679.57,589.36,62.00,31.51,0.7498,4,-1,-1
417,36,538.96,487.80,39.94,17.87,0.3576,4,-1,-1
417,138,1612.56,535.84,112.51,48.48,0.8278,4,-1,-1
417,144,1154.14,480.01,71.89,28.81,0.6943,4,-1,-1
417,128,216.75,445.59,31.39,13.83,0.2682,4,-1,-1
417,147,1326.32,499.04,87.51,37.60,0.7217,4,-1,-1
417,130,888.70,540.15,58.36,24.01,0.7033,4,-1,-1
417,150,725.29,421.73,50.29,21.49,0.6671,4,-1,-1
418,93,1322.62,942.41,30.79,76.76,0.7725,1,-1,-1
418,132,685.40,591.07,60.58,30.63,0.7649,4,-1,-1
418,36,537.92,488.11,40.29,17.96,0.2697,4,-1,-1
418,138,1624.25,537.68,111.75,48.01,0.7800,4,-1,-1
418,144,1157.53,479.88,74.90,30.02,0.7649,4,-1,-1
418,128,215.67,445.59,30.62,13.37,0.3225,4,-1,-1
418,147,1335.00,499.95,88.32,37.92,0.6654,4,-1,-1
418,130,883.29,539.25,59.66,24.44,0.7194,4,-1,-1
418,150,728.62,422.25,49.18,21.09,0.6689,4,-1,-1
418,152,450.58,491.42,51.67,21.85,0.6067,4,-1,-1
419,93,1321.85,941.24,30.18,75.43,0.7670,1,-1,-1
419,132,692.32,592.54,60.08,30.28,0.8093,4,-1,-1
419,36,536.81,487.93,38.76,17.18,0.2282,4,-1,-1
419,138,1639.64,539.69,113.66,48.59,0.7621,4,-1,-1
419,144,1165.10,480.22,75.42,30.24,0.7520,4,-1,-1
419,128,212.37,443.75,32.26,14.05,0.1442,4,-1,-1
419,147,1345.16,501.50,94.92,40.89,0.6671,4,-1,-1
419,130,879.28,538.83,58.82,24.09,0.7318,4,-1,-1
419,150,732.17,422.45,51.05,22.10,0.2958,4,-1,-1
419,152,450.35,491.90,48.33,20.35,0.4455,4,-1,-1
420,93,1320.65,940.60,29.66,74.11,0.7753,1,-1,-1
420,132,699.60,594.24,60.11,30.16,0.8141,4,-1,-1
420,36,533.74,488.36,38.83,17.05,0.1089,4,-1,-1
420,138,1657.33,541.65,115.89,49.46,0.8044,4,-1,-1
420,144,1170.77,480.90,78.05,31.15,0.6860,4,-1,-1
420,128,208.95,443.30,32.36,14.05,0.1767,4,-1,-1
420,147,1359.76,502.89,93.88,40.38,0.7592,4,-1,-1
420,130,876.87,539.10,55.56,22.76,0.6766,4,-1,-1
420,150,737.81,423.06,50.03,21.66,0.6868,4,-1,-1
420,152,440.41,492.30,49.64,20.88,0.4311,4,-1,-1
421,93,1319.66,939.68,29.54,74.11,0.7599,1,-1,-1
421,132,703.46,594.92,61.80,31.04,0.8013,4,-1,-1
421,36,529.40,489.36,42.39,18.62,0.1188,4,-1,-1
421,138,1669.06,543.05,118.42,50.59,0.7773,4,-1,-1
421,144,1176.60,483.12,76.78,30.53,0.7210,4,-1,-1
421,128,207.08,442.59,33.19,14.43,0.1865,4,-1,-1
421,147,1370.54,503.44,96.06,41.40,0.6531,4,-1,-1
421,130,875.21,539.46,52.90,21.80,0.6011,4,-1,-1
421,150,741.12,423.63,49.71,21.48,0.5631,4,-1,-1
421,152,434.87,491.74,51.33,21.57,0.5879,4,-1,-1
422,93,1318.67,939.25,29.30,73.98,0.7725,1,-1,-1
422,132,710.48,596.76,61.47,30.83,0.7912,4,-1,-1
422,36,528.98,489.46,47.21,21.37,0.1160,4,-1,-1
422,138,1686.71,545.03,118.96,50.59,0.7663,4,-1,-1
422,144,1187.71,484.69,73.57,29.16,0.6442,4,-1,-1
422,128,206.43,441.57,32.66,14.44,0.3442,4,-1,-1
422,147,1383.90,505.33,95.85,41.46,0.3639,4,-1,-1
422,130,871.69,539.45,50.90,21.14,0.5263,4,-1,-1
422,150,746.11,423.93,49.56,21.56,0.4321,4,-1,-1
422,152,432.19,492.35,49.36,20.76,0.3191,4,-1,-1
423,93,1317.80,938.90,29.21,74.00,0.7873,1,-1,-1
423,132,714.15,597.15,63.32,31.88,0.8250,4,-1,-1
423,36,525.85,490.99,47.56,21.92,0.1413,5,-1,-1
423,138,1696.56,546.15,119.62,50.96,0.7635,4,-1,-1
423,144,1192.82,485.19,75.45,29.84,0.6800,4,-1,-1
423,128,204.31,441.53,30.59,13.43,0.1362,4,-1,-1
423,147,1395.65,507.61,93.15,40.05,0.7311,4,-1,-1
423,130,869.15,538.36,51.24,21.65,0.3766,4,-1,-1
423,150,749.95,424.26,49.28,21.45,0.5689,4,-1,-1
423,152,429.21,492.78,46.28,19.49,0.3268,4,-1,-1
424,93,1316.14,938.08,29.80,75.29,0.7886,1,-1,-1
424,132,721.10,598.64,63.21,31.79,0.7950,4,-1,-1
424,138,1713.32,547.62,119.92,51.00,0.7592,4,-1,-1
424,144,1201.21,485.77,77.74,30.82,0.7571,4,-1,-1
424,128,199.01,439.11,35.78,15.98,0.2958,4,-1,-1
424,147,1411.44,510.07,90.31,38.49,0.7773,4,-1,-1
424,150,754.28,424.64,49.02,21.42,0.6451,4,-1,-1
425,93,1314.51,937.21,30.47,76.30,0.7925,1,-1,-1
425,132,727.25,599.43,63.43,31.96,0.8146,4,-1,-1
425,138,1729.55,549.91,125.96,53.71,0.7326,4,-1,-1
425,144,1206.89,486.13,80.23,31.83,0.7303,4,-1,-1
425,128,197.07,438.09,36.45,16.61,0.1418,4,-1,-1
425,147,1425.70,511.80,92.63,39.25,0.5936,4,-1,-1
425,150,758.74,425.28,50.34,22.17,0.6984,4,-1,-1
426,93,1313.41,936.85,31.00,76.82,0.7807,1,-1,-1
426,132,732.37,600.47,64.62,32.62,0.7379,4,-1,-1
426,138,1742.20,550.69,128.51,55.06,0.7476,4,-1,-1
426,144,1211.71,486.72,82.42,32.87,0.7379,4,-1,-1
426,128,195.44,437.82,35.88,16.58,0.1551,4,-1,-1
426,147,1435.92,512.40,94.29,39.76,0.7202,4,-1,-1
426,150,761.97,425.61,50.82,22.53,0.7394,4,-1,-1
426,155,261.56,507.26,33.75,23.20,0.5263,4,-1,-1
427,93,1312.32,935.25,31.52,77.95,0.7739,1,-1,-1
427,132,739.18,601.88,64.99,32.83,0.7976,4,-1,-1
427,138,1759.51,553.89,127.93,54.93,0.7905,4,-1,-1
427,144,1220.17,487.72,81.80,32.66,0.7484,4,-1,-1
427,128,193.37,437.09,34.28,15.90,0.2487,4,-1,-1
427,147,1448.01,513.77,99.29,41.98,0.7326,4,-1,-1
427,150,767.08,425.94,51.17,22.79,0.7303,4,-1,-1
427,155,263.68,507.54,32.92,22.60,0.4854,4,-1,-1
428,93,1311.80,934.70,31.54,77.72,0.7670,1,-1,-1
428,132,744.38,603.56,64.29,32.50,0.7739,4,-1,-1
428,138,1770.46,555.69,133.02,57.57,0.7549,4,-1,-1
428,144,1227.28,488.58,81.84,32.67,0.7349,4,-1,-1
428,128,193.10,436.30,33.25,15.57,0.2942,4,-1,-1
428,147,1457.87,514.10,102.10,43.41,0.2674,4,-1,-1
428,150,770.84,426.89,50.63,22.62,0.6715,4,-1,-1
428,155,265.21,508.07,32.61,22.30,0.5380,4,-1,-1
429,93,1311.49,934.37,31.10,75.77,0.7556,1,-1,-1
429,132,750.75,604.28,65.10,32.85,0.7780,4,-1,-1
429,138,1787.99,558.06,133.74,58.20,0.6531,4,-1,-1
429,144,1237.03,489.45,82.12,32.73,0.7476,4,-1,-1
429,128,188.40,435.27,34.38,16.08,0.3849,4,-1,-1
429,147,1473.11,515.32,101.85,43.37,0.7592,4,-1,-1
429,150,776.02,427.45,50.39,22.62,0.7287,4,-1,-1
429,155,266.95,508.20,32.68,22.21,0.5727,4,-1,-1
430,93,1310.86,933.29,31.01,75.09,0.7712,1,-1,-1
430,132,757.71,604.95,66.62,33.80,0.7556,4,-1,-1
430,138,1802.52,560.65,130.16,57.66,0.5146,4,-1,-1
430,144,1245.06,490.22,83.51,33.33,0.7326,4,-1,-1
430,128,185.27,434.69,34.18,15.94,0.1672,5,-1,-1
430,147,1487.09,516.24,106.16,45.31,0.6758,4,-1,-1
430,150,780.86,427.85,50.81,22.85,0.7725,4,-1,-1
430,155,270.09,508.93,31.72,21.39,0.6234,4,-1,-1
431,93,1310.28,931.95,31.36,75.69,0.7725,1,-1,-1
431,132,763.14,606.26,65.67,33.39,0.7670,4,-1,-1
431,138,1813.58,562.14,124.25,56.29,0.5765,4,-1,-1
431,144,1251.46,491.09,83.52,33.28,0.6775,4,-1,-1
431,147,1498.50,517.77,106.35,45.26,0.7122,4,-1,-1
431,150,784.43,428.03,50.52,22.84,0.7439,4,-1,-1
431,155,271.25,509.31,31.18,20.78,0.6397,4,-1,-1
432,93,1309.58,931.70,30.95,74.49,0.7786,1,-1,-1
432,132,770.27,607.74,65.56,33.40,0.7860,4,-1,-1
432,144,1260.71,493.13,82.28,32.78,0.7549,4,-1,-1
432,147,1514.72,520.51,105.74,45.05,0.7578,4,-1,-1
432,150,790.09,428.44,50.17,22.71,0.6918,4,-1,-1
432,155,274.44,509.49,32.12,21.25,0.5974,4,-1,-1
432,157,472.80,493.91,42.65,16.75,0.4698,4,-1,-1
433,93,1308.75,931.17,30.65,73.44,0.7786,1,-1,-1
433,132,775.45,608.75,65.46,33.38,0.7670,4,-1,-1
433,144,1266.34,494.00,83.21,33.17,0.7656,4,-1,-1
433,147,1526.62,522.11,107.11,45.78,0.5029,4,-1,-1
433,150,794.11,429.36,50.83,23.01,0.5955,4,-1,-1
433,155,276.13,509.53,32.62,21.36,0.4417,4,-1,-1
433,157,471.95,492.52,44.32,17.45,0.5341,4,-1,-1
434,93,1307.42,930.08,30.42,73.01,0.7753,1,-1,-1
434,132,783.01,609.67,66.13,33.88,0.7739,4,-1,-1
434,144,1277.36,495.45,82.64,32.72,0.7606,4,-1,-1
434,147,1543.08,524.11,107.33,45.90,0.7264,4,-1,-1
434,150,797.95,429.60,51.86,23.60,0.5574,4,-1,-1
434,155,279.27,510.61,32.19,20.65,0.3549,4,-1,-1
434,157,467.25,491.40,47.01,18.54,0.3372,4,-1,-1
434,158,629.11,519.56,56.74,21.39,0.4678,4,-1,-1
435,93,1305.97,928.45,30.05,72.69,0.7807,1,-1,-1
435,132,790.97,611.61,65.56,33.55,0.7950,4,-1,-1
435,144,1286.85,496.51,85.82,33.85,0.7718,4,-1,-1
435,147,1560.30,525.77,108.73,46.54,0.7853,4,-1,-1
435,150,803.35,430.12,53.08,24.19,0.7886,4,-1,-1
435,155,284.55,512.13,30.68,19.04,0.4912,4,-1,-1
435,158,627.68,518.89,60.91,22.98,0.4533,4,-1,-1
436,93,1305.02,927.27,29.97,72.85,0.7820,1,-1,-1
436,132,795.51,612.70,65.62,33.48,0.7793,4,-1,-1
436,144,1294.02,497.50,85.40,33.56,0.7364,4,-1,-1
436,147,1573.37,526.88,110.14,47.23,0.7461,4,-1,-1
436,150,807.42,430.44,53.79,24.68,0.7513,4,-1,-1
436,155,287.35,511.86,30.59,18.48,0.4417,4,-1,-1
436,158,625.88,517.94,62.79,23.69,0.3831,4,-1,-1
436,161,1320.06,708.53,103.22,55.33,0.7417,4,-1,-1
437,93,1303.77,926.47,30.07,73.26,0.7807,1,-1,-1
437,132,803.33,614.53,65.11,33.03,0.7950,4,-1,-1
437,144,1302.77,498.60,86.50,33.84,0.7264,4,-1,-1
437,147,1589.77,529.25,110.59,47.43,0.8019,4,-1,-1
437,150,812.25,430.83,53.99,24.84,0.7542,4,-1,-1
437,155,289.75,511.52,32.41,19.27,0.3648,4,-1,-1
437,158,620.28,517.53,57.94,21.94,0.4533,4,-1,-1
437,161,1342.27,709.44,105.33,56.68,0.7957,4,-1,-1
438,93,1303.04,925.93,30.45,74.20,0.7976,1,-1,-1
438,132,807.70,615.42,66.32,33.65,0.8013,4,-1,-1
438,144,1309.87,499.45,86.01,33.51,0.7311,4,-1,-1
438,147,1601.36,531.08,111.83,48.04,0.7447,4,-1,-1
438,150,816.76,431.32,53.37,24.56,0.7599,4,-1,-1
438,155,291.14,511.68,32.14,18.77,0.4140,4,-1,-1
438,158,619.46,517.16,57.27,21.84,0.3775,4,-1,-1
438,161,1350.68,710.36,107.72,58.20,0.8129,4,-1,-1
439,93,1302.37,925.16,30.68,74.97,0.7988,1,-1,-1
439,132,816.10,617.47,65.95,33.30,0.8069,4,-1,-1
439,144,1320.37,501.24,85.69,33.19,0.6496,4,-1,-1
439,147,1617.06,532.43,115.15,49.70,0.7058,4,-1,-1
439,150,822.28,432.32,52.56,24.16,0.6307,4,-1,-1
439,155,292.76,512.18,31.08,17.82,0.4083,4,-1,-1
439,158,613.01,516.12,57.82,21.93,0.1592,4,-1,-1
439,161,1357.79,711.87,111.97,60.55,0.7892,4,-1,-1
440,93,1301.62,924.59,31.05,75.76,0.8158,1,-1,-1
440,132,823.85,619.63,65.86,33.18,0.8087,4,-1,-1
440,144,1331.75,502.80,84.44,32.48,0.7058,4,-1,-1
440,147,1636.93,535.28,115.18,49.60,0.7827,4,-1,-1
440,150,828.55,432.76,52.00,23.90,0.7130,4,-1,-1
440,155,295.05,512.99,30.69,17.32,0.4007,4,-1,-1
440,158,607.98,514.88,58.19,21.78,0.1012,4,-1,-1
440,161,1366.62,715.17,111.51,60.26,0.7549,4,-1,-1
440,163,735.40,429.44,47.77,20.61,0.5419,4,-1,-1
441,93,1300.84,924.03,31.40,76.44,0.8146,1,-1,-1
441,132,829.73,621.23,65.19,32.78,0.8062,4,-1,-1
441,144,1338.64,503.62,85.06,32.46,0.5651,4,-1,-1
441,147,1650.76,537.03,114.76,49.35,0.7535,4,-1,-1
441,150,832.42,433.18,51.20,23.43,0.7194,4,-1,-1
441,155,297.62,513.31,29.54,16.30,0.5400,4,-1,-1
441,161,1371.87,716.68,110.66,59.76,0.7402,4,-1,-1
441,163,740.74,429.03,49.22,21.27,0.6487,4,-1,-1
441,165,1214.11,563.84,58.36,22.31,0.6758,4,-1,-1
442,93,1299.67,923.45,31.62,76.63,0.8182,1,-1,-1
442,132,835.65,622.73,64.68,32.57,0.8170,4,-1,-1
442,144,1347.39,503.54,88.91,33.84,0.7387,4,-1,-1
442,147,1668.96,538.53,115.93,49.84,0.7705,4,-1,-1
442,150,837.60,434.28,50.99,23.25,0.6628,4,-1,-1
442,155,300.18,513.89,30.32,16.19,0.5000,4,-1,-1
442,161,1384.22,718.94,105.28,56.98,0.7564,4,-1,-1
442,163,746.75,429.50,48.68,21.08,0.6540,4,-1,-1
442,165,1205.91,563.23,57.77,22.06,0.7311,4,-1,-1
443,93,1299.15,922.82,31.92,77.18,0.8050,1,-1,-1
443,132,840.29,623.82,63.43,32.07,0.8062,4,-1,-1
443,144,1354.10,504.47,89.81,34.02,0.7387,4,-1,-1
443,147,1681.94,539.72,116.87,50.24,0.7994,4,-1,-1
443,150,842.18,434.67,52.11,23.80,0.6575,4,-1,-1
443,155,301.38,513.79,31.82,16.60,0.3812,4,-1,-1
443,161,1392.43,721.02,99.70,54.00,0.7691,4,-1,-1
443,163,748.67,429.60,48.68,21.13,0.6540,4,-1,-1
443,165,1199.12,562.43,57.57,21.96,0.7356,4,-1,-1
444,93,1298.22,922.69,31.75,76.53,0.7925,1,-1,-1
444,132,848.02,625.45,63.81,32.42,0.6984,4,-1,-1
444,144,1364.47,505.61,90.29,34.04,0.7461,4,-1,-1
444,147,1699.44,541.81,119.40,51.49,0.7461,4,-1,-1
444,150,845.80,433.88,56.25,25.89,0.7542,4,-1,-1
444,155,303.03,513.89,34.61,17.91,0.3407,4,-1,-1
444,161,1410.03,724.35,97.18,52.05,0.6602,4,-1,-1
444,163,751.43,429.07,51.20,22.25,0.5936,4,-1,-1
444,165,1191.06,562.06,54.71,20.77,0.7106,4,-1,-1
445,93,1297.44,921.86,31.80,76.86,0.7670,1,-1,-1
445,132,854.94,627.95,64.82,33.30,0.6817,4,-1,-1
445,144,1375.78,508.63,90.52,34.00,0.3914,4,-1,-1
445,147,1720.20,544.14,121.26,52.39,0.7461,4,-1,-1
445,150,851.84,435.03,55.50,25.57,0.7409,4,-1,-1
445,155,306.10,513.68,34.29,17.58,0.2344,4,-1,-1
445,161,1423.86,726.87,93.87,49.92,0.6496,4,-1,-1
445,163,756.57,429.88,51.88,22.65,0.6522,4,-1,-1
445,165,1179.79,560.40,56.36,21.37,0.7476,4,-1,-1
445,169,709.34,419.56,43.31,20.77,0.5651,4,-1,-1
446,93,1296.28,920.67,32.00,77.62,0.7793,1,-1,-1
446,132,858.81,629.24,64.90,33.83,0.4746,4,-1,-1
446,144,1383.36,509.92,91.37,34.19,0.3124,4,-1,-1
446,147,1735.84,546.29,120.70,52.08,0.6388,4,-1,-1
446,150,856.02,435.85,55.88,25.83,0.7439,4,-1,-1
446,155,307.47,513.70,35.65,18.15,0.2790,4,-1,-1
446,161,1433.97,729.01,83.94,44.26,0.6469,4,-1,-1
446,163,761.61,430.86,51.46,22.55,0.6361,4,-1,-1
446,165,1172.46,559.69,57.69,21.84,0.7417,4,-1,-1
446,169,714.03,420.87,40.83,19.55,0.5166,4,-1,-1
447,93,1295.78,920.08,31.71,77.20,0.7592,1,-1,-1
447,132,867.38,631.84,56.16,29.55,0.1023,4,-1,-1
447,144,1394.08,511.23,93.44,34.94,0.7154,4,-1,-1
447,147,1754.36,547.82,122.40,52.81,0.8019,4,-1,-1
447,150,862.45,437.20,54.93,25.40,0.7807,4,-1,-1
447,155,311.24,513.92,36.65,18.50,0.1993,4,-1,-1
447,161,1446.25,731.80,73.59,38.60,0.3693,4,-1,-1
447,163,765.86,431.44,53.76,23.80,0.6049,4,-1,-1
447,165,1163.02,558.17,58.86,22.29,0.6893,4,-1,-1
447,169,722.52,423.36,38.02,18.18,0.3979,4,-1,-1
448,93,1295.35,918.79,31.53,77.00,0.7766,1,-1,-1
448,144,1401.79,511.90,93.76,35.03,0.5889,4,-1,-1
448,147,1769.04,549.20,122.45,52.82,0.8333,4,-1,-1
448,150,867.21,437.83,54.68,25.32,0.7527,4,-1,-1
448,155,313.54,514.60,39.70,19.87,0.4158,4,-1,-1
448,163,769.05,432.44,51.45,23.07,0.5746,4,-1,-1
448,165,1156.74,556.84,60.23,22.83,0.6487,4,-1,-1
448,169,724.96,424.11,38.87,18.53,0.3849,4,-1,-1
448,170,405.59,481.47,46.06,18.92,0.5496,4,-1,-1
449,93,1295.72,917.28,30.05,73.57,0.7950,1,-1,-1
449,144,1412.11,512.70,95.44,35.67,0.7491,4,-1,-1
449,147,1789.35,552.22,121.98,52.41,0.7931,4,-1,-1
449,150,871.49,437.96,55.50,25.72,0.6593,4,-1,-1
449,155,314.14,515.04,42.22,21.26,0.4475,4,-1,-1
449,163,774.13,433.44,49.05,22.13,0.6049,4,-1,-1
449,165,1148.68,555.25,59.64,22.63,0.5917,4,-1,-1
449,169,728.16,424.33,39.97,18.98,0.4359,4,-1,-1
449,170,402.13,479.93,48.34,19.91,0.5651,4,-1,-1
450,93,1295.68,916.22,29.22,71.82,0.7739,1,-1,-1
450,144,1423.89,514.16,96.48,35.97,0.7090,4,-1,-1
450,147,1804.92,555.98,122.41,53.24,0.6792,4,-1,-1
450,150,878.72,439.02,54.77,25.41,0.7033,4,-1,-1
450,155,314.67,515.50,43.54,22.15,0.2147,4,-1,-1
450,163,781.99,434.68,46.52,21.06,0.6487,4,-1,-1
450,165,1139.43,553.17,60.09,22.88,0.6215,4,-1,-1
450,169,734.16,424.40,40.79,19.38,0.5641,4,-1,-1
450,170,400.75,480.16,46.14,19.06,0.6197,4,-1,-1
450,171,340.47,473.67,37.97,20.92,0.4678,4,-1,-1
451,93,1295.29,915.23,29.22,72.31,0.7642,1,-1,-1
451,144,1432.18,514.42,98.07,36.49,0.5927,4,-1,-1
451,147,1818.11,557.35,116.39,51.57,0.6926,4,-1,-1
451,150,882.51,439.62,55.69,25.84,0.6868,4,-1,-1
451,163,787.19,435.38,47.51,21.60,0.6469,4,-1,-1
451,165,1132.77,551.83,61.34,23.44,0.6834,4,-1,-1
451,169,738.10,424.79,39.20,18.58,0.5784,4,-1,-1
451,170,400.68,480.43,44.11,18.30,0.6610,4,-1,-1
451,171,338.21,473.45,37.45,20.63,0.4017,4,-1,-1
452,93,1294.26,913.74,29.46,73.54,0.7886,1,-1,-1
452,144,1441.88,515.52,101.54,37.83,0.6860,4,-1,-1
452,147,1832.25,560.00,109.23,50.10,0.5593,4,-1,-1
452,150,889.20,440.52,54.72,25.27,0.7225,4,-1,-1
452,163,792.73,436.70,47.98,21.75,0.6215,4,-1,-1
452,165,1125.33,550.95,60.08,23.01,0.7241,4,-1,-1
452,169,741.56,424.78,41.55,19.75,0.5496,4,-1,-1
452,170,399.92,479.34,44.06,18.58,0.6868,4,-1,-1
452,171,336.50,473.50,36.02,19.81,0.3594,4,-1,-1
452,172,542.89,506.72,44.29,20.71,0.5020,4,-1,-1
453,93,1293.61,913.36,29.44,74.03,0.7684,1,-1,-1
453,144,1449.25,516.98,101.88,37.97,0.5448,4,-1,-1
453,147,1843.33,562.37,102.47,49.10,0.3303,4,-1,-1
453,150,893.39,440.51,55.63,25.70,0.7146,4,-1,-1
453,163,797.56,437.16,46.53,21.10,0.6800,4,-1,-1
453,165,1118.41,549.87,61.20,23.60,0.7513,4,-1,-1
453,169,746.36,425.17,41.10,19.60,0.6123,4,-1,-1
453,170,399.03,478.90,43.02,18.46,0.6142,4,-1,-1
453,171,332.94,473.72,35.91,19.62,0.2918,4,-1,-1
453,172,539.11,506.62,45.27,21.13,0.4369,4,-1,-1
453,173,1200.75,465.54,31.62,16.16,0.4552,4,-1,-1
453,174,1097.69,484.50,58.35,28.97,0.6197,4,-1,-1
454,93,1292.65,911.81,29.23,73.86,0.7820,1,-1,-1
454,144,1461.58,518.35,101.60,37.92,0.6388,4,-1,-1
454,150,898.01,441.29,56.66,26.11,0.7082,4,-1,-1
454,163,801.87,436.99,49.23,22.36,0.6935,4,-1,-1
454,165,1110.07,549.30,61.46,23.81,0.7318,4,-1,-1
454,169,750.43,425.64,41.73,19.95,0.6951,4,-1,-1
454,170,394.44,478.09,42.80,18.62,0.2275,5,-1,-1
454,171,327.92,472.71,37.08,20.13,0.2628,4,-1,-1
454,172,533.97,506.23,45.88,21.42,0.2666,4,-1,-1
454,173,1201.14,465.72,31.22,15.96,0.4591,4,-1,-1
454,174,1106.88,486.02,61.61,30.56,0.4359,4,-1,-1
455,93,1291.03,911.42,29.09,73.20,0.7739,1,-1,-1
455,144,1475.27,519.74,102.07,38.12,0.7578,4,-1,-1
455,150,905.01,442.66,56.32,25.97,0.7001,4,-1,-1
455,163,807.12,437.30,52.01,23.66,0.6086,4,-1,-1
455,165,1101.62,548.08,61.54,24.09,0.7578,4,-1,-1
455,169,753.54,426.20,42.63,20.39,0.5936,4,-1,-1
455,171,323.28,472.22,36.97,19.87,0.3657,4,-1,-1
455,172,530.01,506.41,44.21,20.58,0.3149,4,-1,-1
455,173,1201.52,465.85,30.87,15.77,0.4610,4,-1,-1
455,174,1116.76,487.30,64.04,31.76,0.4562,4,-1,-1
456,93,1289.95,910.94,29.28,73.32,0.7753,1,-1,-1
456,144,1483.95,520.90,102.39,38.16,0.7691,4,-1,-1
456,150,909.65,443.01,57.54,26.55,0.7556,4,-1,-1
456,163,809.88,437.15,53.91,24.68,0.6918,4,-1,-1
456,165,1095.04,547.31,61.33,24.18,0.6826,4,-1,-1
456,169,756.96,426.05,43.30,20.80,0.5429,4,-1,-1
456,171,320.12,471.03,38.22,20.40,0.3989,4,-1,-1
456,172,528.56,507.53,42.70,19.90,0.3858,4,-1,-1
456,173,1201.41,465.90,31.30,15.99,0.3794,4,-1,-1
456,174,1123.66,488.45,66.63,33.00,0.5823,4,-1,-1
457,93,1287.96,910.52,30.05,74.22,0.7684,1,-1,-1
457,144,1494.44,521.68,105.99,39.49,0.7879,4,-1,-1
457,150,915.63,443.53,58.68,27.21,0.7033,4,-1,-1
457,163,815.55,437.31,53.05,24.52,0.6628,4,-1,-1
457,165,1086.53,545.42,62.20,24.68,0.7122,4,-1,-1
457,169,761.18,425.76,44.77,21.62,0.6215,4,-1,-1
457,171,317.67,470.04,38.47,20.38,0.3460,4,-1,-1
457,172,519.73,505.58,45.13,20.92,0.4922,4,-1,-1
457,173,1201.37,465.75,31.64,16.18,0.4359,4,-1,-1
457,174,1134.52,489.68,65.70,32.36,0.6086,4,-1,-1
458,93,1287.04,909.84,30.72,75.18,0.7642,1,-1,-1
458,144,1502.58,522.71,106.70,39.77,0.8141,4,-1,-1
458,150,920.54,444.08,59.00,27.34,0.7114,4,-1,-1
458,163,818.99,437.63,53.41,24.79,0.6645,4,-1,-1
458,165,1080.86,544.22,62.28,24.89,0.7154,4,-1,-1
458,169,764.61,425.63,45.77,22.30,0.5244,4,-1,-1
458,171,315.22,469.39,39.09,20.56,0.1761,4,-1,-1
458,172,518.74,505.06,44.22,20.29,0.1132,4,-1,-1
458,173,1201.49,465.74,31.50,16.11,0.4844,4,-1,-1
458,174,1141.17,490.39,66.77,33.03,0.6680,4,-1,-1
459,93,1287.06,910.00,30.80,74.51,0.7628,1,-1,-1
459,144,1514.43,524.50,107.78,40.28,0.7827,4,-1,-1
459,150,926.30,445.24,59.01,27.41,0.6433,4,-1,-1
459,163,825.72,437.98,52.59,24.47,0.6593,4,-1,-1
459,165,1072.94,542.57,63.65,25.85,0.7241,4,-1,-1
459,169,770.56,426.54,44.47,21.77,0.5039,4,-1,-1
459,172,510.91,502.89,44.13,20.24,0.4707,4,-1,-1
459,173,1201.71,465.82,31.01,15.86,0.4292,4,-1,-1
459,174,1148.79,491.40,62.19,30.77,0.5689,4,-1,-1
460,93,1285.97,908.61,31.10,74.73,0.7860,1,-1,-1
460,144,1528.97,526.90,107.62,40.28,0.7202,4,-1,-1
460,150,933.50,446.22,60.11,27.97,0.7033,4,-1,-1
460,163,831.23,438.81,52.99,24.72,0.6522,4,-1,-1
460,165,1063.79,540.71,64.43,26.57,0.5107,4,-1,-1
460,169,773.92,426.18,45.94,22.59,0.4971,4,-1,-1
460,172,502.42,502.82,42.13,19.40,0.4036,4,-1,-1
460,173,1201.80,465.78,30.95,15.83,0.3065,4,-1,-1
460,174,1159.65,492.49,61.96,30.61,0.4980,4,-1,-1
461,93,1285.46,908.00,31.33,74.88,0.7976,1,-1,-1
461,144,1537.94,528.02,107.73,40.46,0.5823,4,-1,-1
461,150,938.24,446.93,60.53,28.18,0.6397,4,-1,-1
461,163,834.78,439.53,51.30,23.92,0.5974,4,-1,-1
461,165,1053.46,537.88,69.61,29.17,0.3124,5,-1,-1
461,169,778.55,427.52,45.50,22.32,0.5651,4,-1,-1
461,172,498.87,503.32,40.45,18.72,0.2838,4,-1,-1
461,173,1202.41,466.04,30.25,15.45,0.2220,4,-1,-1
461,174,1168.73,493.33,68.30,33.72,0.5409,4,-1,-1
461,155,354.43,526.67,37.20,19.53,0.5860,4,-1,-1
462,93,1284.86,907.01,31.71,75.61,0.8038,1,-1,-1
462,144,1551.04,529.70,108.47,40.69,0.7705,4,-1,-1
462,150,945.78,448.15,59.17,27.47,0.5898,4,-1,-1
462,163,840.84,440.50,52.31,24.43,0.6086,4,-1,-1
462,165,1044.45,536.72,70.46,30.06,0.4932,4,-1,-1
462,169,785.47,429.09,44.05,21.61,0.5974,4,-1,-1
462,172,494.37,502.51,40.12,18.42,0.1362,4,-1,-1
462,173,1202.49,466.28,30.11,15.35,0.1733,4,-1,-1
462,174,1178.73,495.11,67.46,33.12,0.5651,4,-1,-1
462,155,356.95,526.39,37.96,20.44,0.6834,4,-1,-1
463,93,1284.30,906.73,31.66,75.28,0.8013,1,-1,-1
463,144,1561.04,531.89,108.17,40.52,0.6809,4,-1,-1
463,150,950.12,448.67,59.37,27.41,0.6179,4,-1,-1
463,163,845.60,440.95,52.47,24.49,0.6289,4,-1,-1
463,165,1040.02,535.92,70.08,30.46,0.4187,4,-1,-1
463,169,789.71,430.14,43.39,21.24,0.6160,4,-1,-1
463,172,493.75,501.90,37.09,16.72,0.1375,4,-1,-1
463,173,1202.47,466.25,30.30,15.43,0.2379,4,-1,-1
463,174,1186.64,496.18,65.67,32.16,0.4639,4,-1,-1
463,155,359.06,526.41,37.79,20.79,0.6834,4,-1,-1
464,93,1284.21,906.06,31.54,74.70,0.7846,1,-1,-1
464,144,1574.54,533.72,108.67,40.59,0.8044,4,-1,-1
464,150,957.51,449.61,60.71,28.12,0.5322,4,-1,-1
464,163,849.86,440.99,52.51,24.70,0.5380,4,-1,-1
464,165,1035.74,536.51,64.99,28.61,0.2358,4,-1,-1
464,169,795.57,431.84,42.28,20.72,0.6817,4,-1,-1
464,172,489.04,500.24,37.60,16.58,0.1074,4,-1,-1
464,173,1201.44,465.94,31.30,15.93,0.1694,4,-1,-1
464,174,1199.00,497.74,65.40,32.03,0.5689,4,-1,-1
464,155,359.18,526.36,39.45,21.71,0.7256,4,-1,-1
465,93,1283.00,905.33,30.88,73.13,0.7780,1,-1,-1
465,144,1587.13,534.59,113.28,42.49,0.8300,4,-1,-1
465,150,964.88,450.65,60.41,27.81,0.4542,4,-1,-1
465,163,854.38,441.24,53.20,25.35,0.4980,4,-1,-1
465,165,1031.66,537.04,57.51,25.38,0.2862,4,-1,-1
465,169,800.02,432.77,43.07,20.96,0.5127,4,-1,-1
465,172,480.40,497.88,37.66,16.49,0.4610,4,-1,-1
465,173,1200.76,465.91,31.82,16.16,0.1200,4,-1,-1
465,174,1209.15,499.72,71.01,34.47,0.7025,4,-1,-1
465,155,360.09,526.33,41.22,22.64,0.7364,4,-1,-1
465,178,355.67,469.93,32.99,18.09,0.6123,4,-1,-1
465,171,295.33,464.58,40.18,21.01,0.5215,4,-1,-1
466,93,1282.10,904.69,30.59,72.60,0.8075,1,-1,-1
466,144,1598.05,536.80,113.44,42.59,0.8256,4,-1,-1
466,150,969.75,451.29,61.95,28.50,0.6234,4,-1,-1
466,163,860.88,441.80,55.17,26.31,0.3549,4,-1,-1
466,165,1028.45,536.46,56.25,24.72,0.5273,4,-1,-1
466,169,803.41,432.63,44.21,21.51,0.6325,4,-1,-1
466,172,479.53,496.43,35.49,15.44,0.2444,4,-1,-1
466,173,1200.13,465.61,33.40,16.98,0.1510,4,-1,-1
466,174,1217.30,500.79,75.66,36.44,0.6876,4,-1,-1
466,155,360.75,526.13,42.91,23.42,0.7542,4,-1,-1
466,178,353.32,468.66,34.24,18.75,0.5765,4,-1,-1
466,171,293.58,464.40,40.31,21.04,0.5564,4,-1,-1
467,93,1281.06,903.73,30.57,72.97,0.8026,1,-1,-1
467,144,1611.59,539.07,113.53,42.64,0.8081,4,-1,-1
467,150,976.27,452.05,63.44,29.11,0.7379,4,-1,-1
467,163,867.50,441.98,55.73,26.54,0.6067,4,-1,-1
467,165,1024.50,536.26,57.44,24.96,0.3522,4,-1,-1
467,169,808.47,431.93,46.71,22.90,0.6197,4,-1,-1
467,172,475.57,495.38,36.82,15.81,0.2268,4,-1,-1
467,173,1199.84,465.55,34.48,17.55,0.2075,4,-1,-1
467,174,1227.35,501.91,79.40,38.41,0.7009,4,-1,-1
467,155,362.25,526.45,44.02,23.64,0.7599,4,-1,-1
467,178,348.53,466.40,36.42,19.94,0.4301,4,-1,-1
467,171,290.49,463.16,42.27,22.26,0.5438,4,-1,-1
467,179,755.01,432.56,43.26,20.25,0.6160,4,-1,-1
468,93,1280.30,902.97,30.51,73.18,0.7925,1,-1,-1
468,144,1622.29,540.48,113.04,42.39,0.7905,4,-1,-1
468,150,977.93,451.23,66.47,30.43,0.4542,4,-1,-1
468,163,871.21,443.51,55.57,26.52,0.6252,4,-1,-1
468,165,1019.61,534.93,60.51,26.22,0.1938,4,-1,-1
468,169,812.93,432.70,46.09,22.62,0.6049,4,-1,-1
468,172,474.16,495.27,37.91,16.17,0.2268,4,-1,-1
468,173,1200.12,465.55,34.63,17.63,0.2759,4,-1,-1
468,174,1234.99,502.88,81.26,39.27,0.6645,4,-1,-1
468,155,363.44,526.81,44.79,23.68,0.7739,4,-1,-1
468,178,346.07,466.13,36.41,19.94,0.5185,4,-1,-1
468,171,288.26,461.93,42.47,22.54,0.4844,4,-1,-1
468,179,756.97,432.77,44.11,20.62,0.5955,4,-1,-1
469,93,1278.97,901.54,30.38,73.62,0.7656,1,-1,-1
469,144,1637.84,541.97,113.57,42.29,0.7592,4,-1,-1
469,150,986.99,452.84,65.95,30.21,0.5574,4,-1,-1
469,163,876.42,444.31,57.46,27.46,0.6663,4,-1,-1
469,165,1011.98,534.36,59.48,26.23,0.1535,4,-1,-1
469,169,818.92,433.23,46.22,22.81,0.6610,4,-1,-1
469,173,1200.49,465.71,34.23,17.41,0.3277,4,-1,-1
469,174,1247.78,504.25,80.92,39.09,0.6800,4,-1,-1
469,155,366.86,527.61,44.48,23.21,0.7454,4,-1,-1
469,178,342.96,465.61,35.86,19.64,0.6086,4,-1,-1
469,171,285.62,460.85,42.38,22.54,0.3007,4,-1,-1
469,179,764.79,434.01,42.50,19.77,0.6197,4,-1,-1
470,93,1278.11,901.31,30.31,74.01,0.7793,1,-1,-1
470,144,1653.79,544.21,113.37,42.01,0.8081,4,-1,-1
470,150,995.97,454.46,65.80,30.14,0.3794,5,-1,-1
470,163,881.72,445.84,56.49,27.04,0.5727,4,-1,-1
470,165,991.70,529.98,67.82,30.31,0.3294,4,-1,-1
470,169,826.53,435.43,43.00,21.16,0.6469,4,-1,-1
470,173,1200.60,465.80,34.01,17.30,0.3303,4,-1,-1
470,174,1259.06,506.04,81.31,39.38,0.7349,4,-1,-1
470,155,372.99,528.17,43.88,22.94,0.7698,4,-1,-1
470,178,340.79,465.34,34.16,18.72,0.6379,4,-1,-1
470,171,282.93,460.52,41.28,21.96,0.5088,4,-1,-1
470,179,770.93,435.56,42.79,19.83,0.5341,4,-1,-1
471,93,1277.73,901.13,30.22,74.28,0.7886,1,-1,-1
471,144,1663.53,545.41,114.75,42.46,0.8081,4,-1,-1
471,150,1000.59,454.66,67.47,30.92,0.4863,5,-1,-1
471,163,886.59,446.97,55.75,26.75,0.5361,4,-1,-1
471,165,982.50,528.45,69.52,31.50,0.3895,4,-1,-1
471,169,829.41,435.31,44.08,21.80,0.5727,4,-1,-1
471,173,1200.94,465.95,33.42,16.98,0.3803,4,-1,-1
471,174,1266.90,507.36,81.56,39.52,0.6334,4,-1,-1
471,155,376.58,528.63,43.46,22.74,0.7793,4,-1,-1
471,178,338.61,464.59,34.22,18.81,0.4883,4,-1,-1
471,171,280.82,459.62,40.85,21.75,0.4542,4,-1,-1
471,179,773.56,436.28,42.96,19.86,0.4932,4,-1,-1
472,93,1276.90,900.86,30.15,74.30,0.8013,1,-1,-1
472,144,1677.68,546.81,116.57,43.00,0.8210,4,-1,-1
472,150,1008.71,456.10,66.10,30.23,0.3107,5,-1,-1
472,163,893.38,446.64,57.17,27.46,0.3942,4,-1,-1
472,165,977.27,527.99,68.34,31.56,0.1974,4,-1,-1
472,169,835.27,436.84,41.86,20.47,0.5039,4,-1,-1
472,173,1200.74,466.00,33.69,17.12,0.3099,4,-1,-1
472,174,1278.68,508.49,83.06,40.18,0.7387,4,-1,-1
472,155,380.16,528.78,44.08,23.21,0.7976,4,-1,-1
472,178,334.37,463.18,33.82,18.59,0.4688,4,-1,-1
472,171,279.49,459.37,39.21,20.93,0.4893,4,-1,-1
472,179,778.38,437.40,41.99,19.29,0.5516,4,-1,-1
473,93,1276.03,900.72,30.16,74.51,0.8062,1,-1,-1
473,144,1687.39,547.64,120.77,44.62,0.7918,4,-1,-1
473,150,1015.28,457.41,64.93,29.62,0.5516,4,-1,-1
473,163,897.05,447.27,55.22,26.75,0.3942,4,-1,-1
473,165,974.30,527.69,65.99,31.06,0.1023,4,-1,-1
473,169,839.76,438.06,41.07,19.99,0.6234,4,-1,-1
473,173,1200.74,466.01,33.68,17.12,0.3208,4,-1,-1
473,174,1286.71,510.06,82.63,39.98,0.7311,4,-1,-1
473,155,382.46,529.11,44.71,23.65,0.7950,4,-1,-1
473,178,332.71,463.26,32.91,18.03,0.4776,4,-1,-1
473,171,276.54,459.35,39.59,21.22,0.1408,4,-1,-1
473,179,781.96,437.84,43.64,19.91,0.3285,4,-1,-1
474,93,1275.18,900.45,30.04,74.25,0.8013,1,-1,-1
474,144,1701.80,550.21,121.80,45.05,0.7402,4,-1,-1
474,150,1022.10,458.44,64.70,29.53,0.3217,4,-1,-1
474,163,904.48,449.27,52.32,25.34,0.3132,4,-1,-1
474,169,843.05,437.92,43.64,21.35,0.4717,4,-1,-1
474,173,1201.25,466.14,32.80,16.64,0.3942,4,-1,-1
474,174,1298.14,512.20,83.43,40.10,0.6067,4,-1,-1
474,155,386.37,530.09,43.86,23.36,0.7820,4,-1,-1
474,178,330.09,462.77,32.68,17.92,0.5156,4,-1,-1
474,171,277.57,460.14,36.09,19.36,0.5746,4,-1,-1
474,179,785.47,437.88,45.35,20.66,0.6433,4,-1,-1
475,93,1274.74,900.37,29.79,73.71,0.7976,1,-1,-1
475,144,1717.10,551.76,123.83,45.91,0.7994,4,-1,-1
475,150,1030.51,459.86,66.40,30.28,0.7334,4,-1,-1
475,163,911.94,451.07,50.21,24.23,0.3803,4,-1,-1
475,169,849.07,438.25,45.71,22.33,0.5936,4,-1,-1
475,173,1201.41,466.19,32.57,16.49,0.4111,4,-1,-1
475,174,1312.40,513.98,85.43,41.11,0.6478,4,-1,-1
475,155,389.26,530.57,44.91,24.08,0.7899,4,-1,-1
475,178,326.36,461.67,33.52,18.31,0.5438,4,-1,-1
475,171,272.83,458.64,37.55,20.06,0.5631,4,-1,-1
475,179,791.90,438.80,45.77,20.70,0.5438,4,-1,-1
476,93,1274.16,900.23,29.80,73.67,0.7925,1,-1,-1
476,144,1729.94,554.74,121.98,45.28,0.7892,4,-1,-1
476,150,1035.87,460.56,67.64,30.80,0.6197,4,-1,-1
476,163,916.65,451.61,56.63,27.41,0.5341,4,-1,-1
476,169,852.78,437.47,48.61,23.88,0.5898,4,-1,-1
476,173,1201.32,466.07,32.87,16.63,0.3951,4,-1,-1
476,174,1322.42,515.21,85.12,40.89,0.6993,4,-1,-1
476,155,391.48,531.16,44.88,24.14,0.8013,4,-1,-1
476,178,323.63,461.07,33.87,18.48,0.6307,4,-1,-1
476,171,269.89,457.69,38.61,20.64,0.4649,4,-1,-1
476,179,795.42,438.84,47.90,21.57,0.4206,4,-1,-1
477,93,1273.52,899.67,29.82,73.70,0.7753,1,-1,-1
477,144,1746.68,557.50,123.38,45.85,0.8056,4,-1,-1
477,150,1044.27,461.62,68.24,30.94,0.5860,4,-1,-1
477,163,924.08,453.06,55.23,26.55,0.5708,4,-1,-1
477,169,857.85,437.88,49.08,24.21,0.6469,4,-1,-1
477,173,1200.91,466.01,33.48,16.93,0.3621,4,-1,-1
477,174,1336.69,516.99,84.67,40.49,0.6567,4,-1,-1
477,155,395.58,531.52,45.34,24.55,0.7527,4,-1,-1
477,178,319.63,459.88,35.01,19.09,0.6575,4,-1,-1
477,171,268.24,457.18,37.91,20.33,0.6469,4,-1,-1
477,179,799.66,438.91,50.01,22.55,0.6645,4,-1,-1
477,165,955.03,531.97,48.90,22.82,0.6179,4,-1,-1
478,93,1273.24,899.25,29.88,73.86,0.7833,1,-1,-1
478,144,1758.41,559.45,123.15,45.73,0.8490,4,-1,-1
478,150,1049.72,462.39,68.52,30.99,0.4776,4,-1,-1
478,163,928.73,452.92,55.21,26.55,0.5137,4,-1,-1
478,169,862.77,438.92,48.16,23.81,0.5765,4,-1,-1
478,173,1200.84,465.95,33.68,17.01,0.4177,4,-1,-1
478,174,1345.87,517.89,84.41,40.33,0.6549,4,-1,-1
478,155,398.28,532.23,44.74,24.28,0.7899,4,-1,-1
478,178,318.25,459.96,33.87,18.34,0.6663,4,-1,-1
478,171,267.66,457.03,37.01,19.95,0.6325,4,-1,-1
478,179,803.89,439.43,48.52,21.75,0.6011,4,-1,-1
478,165,950.58,532.47,46.97,21.76,0.7033,4,-1,-1
479,93,1273.08,897.68,29.94,74.42,0.7793,1,-1,-1
479,144,1775.71,561.70,122.05,45.17,0.8129,4,-1,-1
479,150,1058.74,464.03,67.27,30.22,0.3675,4,-1,-1
479,163,934.90,454.26,52.18,24.97,0.4980,4,-1,-1
479,169,869.62,441.05,46.53,22.91,0.6885,4,-1,-1
479,173,1200.70,465.89,34.21,17.27,0.4321,4,-1,-1
479,174,1359.46,519.68,84.04,39.81,0.5746,4,-1,-1
479,155,401.60,532.80,44.94,24.48,0.7793,4,-1,-1
479,178,315.05,458.96,33.79,18.23,0.5651,4,-1,-1
479,171,266.30,455.92,36.03,19.60,0.4834,4,-1,-1
479,179,809.00,439.12,48.81,21.93,0.6433,4,-1,-1
479,165,945.40,531.73,46.93,21.41,0.7225,4,-1,-1
480,93,1272.63,896.07,29.46,73.39,0.7793,1,-1,-1
480,144,1792.86,564.52,123.71,45.72,0.7549,4,-1,-1
480,150,1069.70,465.66,67.78,30.52,0.7379,4,-1,-1
480,163,941.39,454.69,55.50,26.43,0.2862,4,-1,-1
480,169,876.31,441.92,46.49,22.80,0.6558,4,-1,-1
480,173,1200.13,465.71,35.41,17.89,0.3630,4,-1,-1
480,174,1373.74,522.12,84.08,39.62,0.6460,4,-1,-1
480,155,405.37,533.51,44.99,24.60,0.7846,4,-1,-1
480,178,312.73,458.82,32.16,17.24,0.6011,4,-1,-1
480,171,264.21,455.75,34.87,18.96,0.5283,4,-1,-1
480,179,814.67,439.41,49.34,22.16,0.6593,4,-1,-1
480,165,937.23,531.13,47.38,21.46,0.7454,4,-1,-1
481,93,1271.98,895.07,29.45,73.81,0.7698,1,-1,-1
481,144,1802.55,566.00,122.80,45.58,0.6160,4,-1,-1
481,150,1074.95,466.30,68.90,31.02,0.7614,4,-1,-1
481,163,947.09,453.98,56.83,27.01,0.1276,5,-1,-1
481,169,879.79,441.24,48.11,23.55,0.5166,4,-1,-1
481,173,1199.74,465.95,36.24,18.38,0.2487,4,-1,-1
481,174,1383.56,524.25,87.82,41.43,0.5302,4,-1,-1
481,155,408.41,534.01,44.99,24.73,0.7937,4,-1,-1
481,178,310.79,458.90,31.51,16.75,0.5765,4,-1,-1
481,171,261.69,455.30,34.92,18.96,0.4282,4,-1,-1
481,179,818.29,440.22,49.80,22.36,0.5574,4,-1,-1
481,165,931.11,530.18,49.02,22.08,0.7484,4,-1,-1
482,93,1271.67,894.28,28.69,72.21,0.7780,1,-1,-1
482,144,1815.05,568.64,116.21,43.77,0.7549,4,-1,-1
482,150,1083.39,467.32,69.33,31.11,0.6860,4,-1,-1
482,163,951.17,456.28,59.20,28.13,0.3933,4,-1,-1
482,169,884.62,441.34,49.92,24.47,0.4359,4,-1,-1
482,173,1200.14,466.18,35.35,17.87,0.3363,4,-1,-1
482,174,1396.20,525.21,91.54,42.99,0.7202,4,-1,-1
482,155,412.59,534.81,44.63,24.58,0.8135,4,-1,-1
482,178,308.10,458.76,30.61,16.11,0.5631,4,-1,-1
482,171,257.45,454.24,36.11,19.57,0.4187,4,-1,-1
482,179,823.73,441.33,49.11,21.99,0.3621,4,-1,-1
482,165,924.00,529.87,48.82,21.89,0.7670,4,-1,-1
482,182,551.78,510.78,41.72,19.35,0.5516,4,-1,-1
483,93,1271.38,893.69,28.25,71.50,0.7670,1,-1,-1
483,144,1825.84,571.67,106.85,40.85,0.6689,4,-1,-1
483,150,1089.14,468.19,69.50,31.05,0.7873,4,-1,-1
483,163,957.37,456.92,59.80,28.44,0.4196,4,-1,-1
483,169,888.54,441.64,50.88,25.12,0.5765,4,-1,-1
483,173,1199.57,466.08,35.93,18.11,0.2736,4,-1,-1
483,174,1406.25,525.80,94.57,44.53,0.6706,4,-1,-1
483,155,414.90,535.41,44.23,24.38,0.8228,4,-1,-1
483,178,306.10,458.82,29.88,15.59,0.5651,4,-1,-1
483,171,255.48,453.90,35.70,19.26,0.3451,4,-1,-1
483,179,828.10,441.52,49.53,22.29,0.5068,4,-1,-1
483,165,918.84,529.12,49.73,22.25,0.7571,4,-1,-1
483,182,549.07,511.40,41.51,19.18,0.5205,4,-1,-1
484,93,1270.63,892.00,28.03,71.55,0.7656,1,-1,-1
484,144,1837.55,574.08,100.37,39.64,0.1366,4,-1,-1
484,150,1097.83,469.52,69.97,31.10,0.7712,4,-1,-1
484,163,962.50,457.03,62.34,29.95,0.3970,4,-1,-1
484,169,892.80,441.80,51.96,25.72,0.5185,4,-1,-1
484,173,1199.05,466.05,36.50,18.45,0.2934,4,-1,-1
484,174,1418.90,527.02,94.72,44.62,0.6011,4,-1,-1
484,155,418.08,535.74,44.95,24.84,0.8182,4,-1,-1
484,178,303.06,457.61,30.94,16.13,0.6234,4,-1,-1
484,171,253.77,453.79,34.62,18.61,0.5458,4,-1,-1
484,179,834.21,442.38,49.47,22.12,0.2127,4,-1,-1
484,165,911.70,528.67,49.78,22.30,0.7364,4,-1,-1
484,182,543.70,509.98,46.02,21.15,0.5098,4,-1,-1
485,93,1269.74,890.75,27.88,71.80,0.7712,1,-1,-1
485,150,1106.27,470.87,71.14,31.50,0.6142,4,-1,-1
485,163,972.25,459.39,56.87,27.14,0.5496,4,-1,-1
485,169,901.73,443.12,50.63,24.95,0.3132,4,-1,-1
485,173,1200.40,466.27,34.84,17.57,0.4961,4,-1,-1
485,174,1435.72,529.15,94.40,44.16,0.6334,4,-1,-1
485,155,421.55,536.35,44.72,24.73,0.7899,4,-1,-1
485,178,299.74,456.59,30.89,16.07,0.5361,4,-1,-1
485,171,249.16,451.82,37.36,20.16,0.4698,4,-1,-1
485,179,839.63,442.38,51.79,23.29,0.1471,4,-1,-1
485,165,904.73,528.08,48.90,21.82,0.6918,4,-1,-1
485,182,539.15,509.08,46.31,21.19,0.5078,4,-1,-1
486,93,1269.01,890.03,27.77,72.06,0.7642,1,-1,-1
486,150,1113.18,471.74,72.21,31.99,0.7807,4,-1,-1
486,163,977.82,459.86,58.40,27.78,0.6379,4,-1,-1
486,169,905.83,443.28,52.11,25.85,0.3234,5,-1,-1
486,173,1200.35,466.29,35.06,17.67,0.3998,4,-1,-1
486,174,1448.72,530.60,93.39,43.82,0.5554,4,-1,-1
486,155,424.93,537.18,44.34,24.54,0.7873,4,-1,-1
486,178,298.23,456.32,30.16,15.60,0.5107,4,-1,-1
486,171,246.64,450.66,38.97,21.19,0.3425,4,-1,-1
486,165,898.41,526.92,50.61,22.63,0.6984,4,-1,-1
486,182,536.63,508.61,47.80,21.80,0.5936,4,-1,-1
487,93,1267.93,889.96,27.70,71.50,0.7542,1,-1,-1
487,150,1121.88,472.80,73.40,32.42,0.7866,4,-1,-1
487,163,983.90,459.73,59.27,28.25,0.6325,4,-1,-1
487,169,912.48,444.60,52.46,26.22,0.5438,4,-1,-1
487,173,1200.71,466.37,34.84,17.55,0.3558,4,-1,-1
487,174,1459.08,532.34,95.64,44.71,0.7773,4,-1,-1
487,155,428.39,537.76,44.21,24.56,0.7988,4,-1,-1
487,178,294.72,454.75,31.00,16.05,0.4225,4,-1,-1
487,171,244.86,449.89,38.19,20.88,0.1987,4,-1,-1
487,165,889.80,525.39,52.87,23.67,0.6397,4,-1,-1
487,182,530.79,508.48,47.37,21.59,0.6086,4,-1,-1
488,93,1266.91,889.42,27.80,71.71,0.7513,1,-1,-1
488,150,1128.53,473.46,73.66,32.43,0.8026,4,-1,-1
488,163,988.21,460.30,60.12,28.74,0.6505,4,-1,-1
488,169,917.54,445.88,51.87,26.09,0.5458,4,-1,-1
488,173,1200.82,466.63,34.85,17.55,0.3757,4,-1,-1
488,174,1469.70,533.79,96.85,45.12,0.7264,4,-1,-1
488,155,431.05,538.14,44.00,24.50,0.7988,4,-1,-1
488,178,294.07,454.29,29.97,15.62,0.3812,4,-1,-1
488,171,244.51,450.34,36.33,19.99,0.1442,4,-1,-1
488,165,884.50,524.38,54.31,24.52,0.5993,4,-1,-1
488,182,526.28,507.88,47.67,21.60,0.5059,4,-1,-1
489,93,1265.27,888.54,28.27,72.54,0.7725,1,-1,-1
489,150,1136.40,474.22,76.41,33.56,0.8465,4,-1,-1
489,163,997.44,462.34,59.28,27.92,0.5419,4,-1,-1
489,169,923.97,446.91,52.06,26.27,0.5496,4,-1,-1
489,173,1200.27,466.01,36.03,18.12,0.3217,4,-1,-1
489,174,1483.98,536.39,97.93,45.70,0.6960,4,-1,-1
489,155,434.89,538.85,44.24,24.76,0.7454,4,-1,-1
489,178,291.70,454.03,29.57,15.46,0.2783,4,-1,-1
489,171,242.82,450.10,35.37,19.42,0.2043,4,-1,-1
489,165,879.61,523.52,53.96,24.72,0.6460,4,-1,-1
489,182,525.95,506.74,45.31,20.44,0.5127,4,-1,-1
490,93,1264.02,887.77,28.75,73.43,0.7766,1,-1,-1
490,150,1146.87,476.12,76.73,33.64,0.7409,4,-1,-1
490,163,1004.05,462.49,60.14,28.40,0.5746,4,-1,-1
490,169,928.84,446.85,53.47,27.07,0.5746,4,-1,-1
490,173,1201.65,466.59,33.36,16.65,0.2422,4,-1,-1
490,174,1500.43,539.08,97.93,45.27,0.7341,4,-1,-1
490,155,439.92,539.80,44.16,24.63,0.8013,4,-1,-1
490,178,285.11,451.22,33.43,17.64,0.1451,4,-1,-1
490,171,242.48,450.02,34.15,18.87,0.3794,4,-1,-1
490,165,873.34,521.36,54.26,25.44,0.3630,4,-1,-1
490,182,521.87,506.26,44.87,20.09,0.4795,4,-1,-1
491,93,1263.35,887.04,29.14,74.27,0.7684,1,-1,-1
491,150,1154.69,476.84,77.18,33.66,0.7957,4,-1,-1
491,163,1009.79,463.61,59.37,28.18,0.6575,4,-1,-1
491,169,933.68,446.90,53.91,27.43,0.5380,4,-1,-1
491,173,1201.16,466.61,34.35,17.16,0.2372,4,-1,-1
491,174,1513.63,540.65,98.43,45.13,0.6926,4,-1,-1
491,155,443.01,540.47,44.05,24.53,0.7963,4,-1,-1
491,178,283.64,452.06,30.93,16.17,0.5651,4,-1,-1
491,171,241.02,449.63,33.86,18.89,0.3803,4,-1,-1
491,182,518.65,505.62,44.92,20.20,0.4824,4,-1,-1
492,93,1263.19,887.07,29.25,74.52,0.7599,1,-1,-1
492,150,1164.24,477.74,78.01,33.88,0.7873,4,-1,-1
492,163,1016.32,463.72,59.99,28.63,0.7303,4,-1,-1
492,169,943.16,449.68,50.72,25.58,0.5593,4,-1,-1
492,173,1198.81,465.30,37.41,18.81,0.1362,4,-1,-1
492,174,1528.87,542.68,99.68,45.56,0.6442,4,-1,-1
492,155,447.08,541.00,43.41,24.12,0.7860,4,-1,-1
492,178,277.91,448.53,36.47,19.24,0.2082,6,-1,-1
492,171,237.42,448.29,35.14,19.81,0.1925,4,-1,-1
492,182,508.89,505.11,46.30,20.60,0.5263,4,-1,-1
492,179,874.87,447.52,55.40,24.97,0.6732,4,-1,-1
493,93,1262.97,886.59,29.08,74.08,0.7498,1,-1,-1
493,150,1171.30,478.97,78.16,33.78,0.7846,4,-1,-1
493,163,1022.90,465.94,57.24,27.10,0.6234,4,-1,-1
493,169,948.66,451.00,50.53,25.33,0.6086,4,-1,-1
493,173,1199.20,465.30,37.16,18.80,0.1380,4,-1,-1
493,174,1540.49,544.09,100.49,45.88,0.7476,4,-1,-1
493,155,449.59,541.19,43.82,24.42,0.8050,4,-1,-1
493,178,277.37,448.83,34.65,18.36,0.4102,4,-1,-1
493,171,239.27,448.86,32.82,18.98,0.1801,4,-1,-1
493,182,504.82,505.42,45.20,19.81,0.5651,4,-1,-1
493,179,879.23,447.81,54.89,25.02,0.6558,4,-1,-1
494,93,1262.84,886.63,28.50,72.42,0.7614,1,-1,-1
494,150,1180.15,479.62,80.24,34.69,0.7846,4,-1,-1
494,163,1030.30,465.44,63.72,30.18,0.6968,4,-1,-1
494,169,953.57,450.24,53.72,27.04,0.5746,4,-1,-1
494,174,1553.98,545.81,105.78,48.51,0.7009,4,-1,-1
494,155,453.69,542.33,42.89,23.74,0.7746,4,-1,-1
494,178,273.97,447.68,35.20,18.75,0.2591,4,-1,-1
494,171,234.01,447.46,33.74,19.48,0.2591,4,-1,-1
494,182,499.75,505.53,43.04,18.61,0.5302,4,-1,-1
494,179,884.14,448.62,55.87,25.57,0.3416,4,-1,-1
495,93,1261.90,885.63,28.08,70.85,0.7578,1,-1,-1
495,150,1190.94,480.71,82.31,35.57,0.7698,4,-1,-1
495,163,1037.77,465.70,67.23,32.11,0.5574,4,-1,-1
495,169,961.79,451.61,54.00,27.12,0.6901,4,-1,-1
495,174,1573.21,549.18,103.75,47.33,0.7417,4,-1,-1
495,155,457.27,543.02,43.72,24.18,0.7886,4,-1,-1
495,178,271.54,447.34,34.26,18.32,0.5020,4,-1,-1
495,171,230.53,446.24,33.96,19.62,0.5244,4,-1,-1
495,182,492.92,505.48,44.15,18.94,0.4971,4,-1,-1
495,179,891.25,449.76,55.02,25.22,0.5860,4,-1,-1
496,93,1260.97,885.28,27.74,69.44,0.7635,1,-1,-1
496,150,1200.05,482.15,81.20,35.00,0.7264,4,-1,-1
496,163,1046.09,466.13,67.27,32.25,0.5117,4,-1,-1
496,169,966.72,452.26,54.58,27.45,0.5784,4,-1,-1
496,174,1588.78,550.80,104.47,47.52,0.7264,4,-1,-1
496,155,459.18,542.67,45.68,25.36,0.7912,4,-1,-1
496,178,269.68,446.74,33.54,17.94,0.5185,4,-1,-1
496,171,228.30,445.83,33.24,19.07,0.5205,4,-1,-1
496,182,489.64,504.84,44.16,18.74,0.6575,4,-1,-1
496,179,896.54,451.09,54.72,25.03,0.6215,4,-1,-1
496,183,1358.27,731.05,73.55,46.84,0.7009,4,-1,-1
496,184,350.42,481.06,40.18,20.83,0.6325,4,-1,-1
497,93,1259.81,883.83,27.66,69.19,0.7571,1,-1,-1
497,150,1210.29,483.22,82.29,35.40,0.7963,4,-1,-1
497,163,1051.98,466.92,69.11,32.99,0.7318,4,-1,-1
497,169,974.42,452.89,55.54,27.95,0.7017,4,-1,-1
497,174,1604.59,553.05,104.57,47.44,0.6740,4,-1,-1
497,155,463.98,542.88,47.12,26.50,0.7753,4,-1,-1
497,178,267.65,446.62,31.48,16.81,0.5244,4,-1,-1
497,171,226.49,445.15,32.96,18.74,0.3923,4,-1,-1
497,182,484.10,503.50,47.42,19.93,0.6749,4,-1,-1
497,179,902.27,452.15,55.26,25.26,0.5842,4,-1,-1
497,183,1367.28,731.46,79.03,49.99,0.6602,4,-1,-1
497,184,347.06,481.02,39.31,20.35,0.5823,4,-1,-1
498,93,1258.85,883.51,27.56,68.94,0.7780,1,-1,-1
498,150,1218.10,484.70,81.73,35.05,0.7976,4,-1,-1
498,163,1056.69,467.68,69.23,32.98,0.6663,4,-1,-1
498,169,978.18,453.29,56.51,28.45,0.5593,4,-1,-1
498,174,1615.87,555.62,103.85,46.98,0.6243,4,-1,-1
498,155,466.75,542.86,48.07,27.46,0.7599,4,-1,-1
498,178,266.41,446.26,31.29,16.67,0.6030,4,-1,-1
498,171,225.30,444.53,32.50,18.31,0.5879,4,-1,-1
498,182,477.81,503.19,49.59,20.64,0.5898,4,-1,-1
498,179,906.25,452.76,55.43,25.30,0.5205,4,-1,-1
498,183,1372.30,732.43,83.61,52.27,0.6893,4,-1,-1
498,184,344.30,480.29,39.36,20.37,0.6325,4,-1,-1
498,185,1302.01,570.42,73.23,36.35,0.5574,4,-1,-1
499,93,1257.88,882.41,27.45,68.78,0.7656,1,-1,-1
499,150,1228.09,485.84,83.41,35.75,0.7853,4,-1,-1
499,163,1065.64,469.33,68.69,32.89,0.6984,4,-1,-1
499,169,986.89,454.39,56.23,28.44,0.6433,4,-1,-1
499,174,1632.36,557.35,106.30,47.91,0.6792,4,-1,-1
499,155,470.44,544.10,46.81,26.93,0.7976,4,-1,-1
499,178,264.21,445.23,31.72,16.94,0.4292,4,-1,-1
499,171,223.09,444.96,30.78,17.11,0.4036,4,-1,-1
499,182,472.29,503.21,48.32,20.11,0.2095,4,-1,-1
499,179,914.71,454.50,53.10,23.89,0.3242,4,-1,-1
499,183,1377.12,734.06,87.10,53.82,0.6926,4,-1,-1
499,184,338.71,478.64,39.44,20.37,0.4707,4,-1,-1
499,185,1293.92,573.86,63.28,31.23,0.5458,4,-1,-1
500,93,1256.73,881.58,27.37,68.55,0.7698,1,-1,-1
500,150,1239.92,486.86,85.33,36.54,0.7670,4,-1,-1
500,163,1074.74,470.74,68.27,32.83,0.7162,4,-1,-1
500,169,994.48,455.11,57.12,29.03,0.4707,4,-1,-1
500,174,1649.76,559.78,109.26,48.94,0.7233,4,-1,-1
500,155,474.69,545.24,45.85,26.37,0.7820,4,-1,-1
500,178,260.86,443.96,32.77,17.64,0.5156,4,-1,-1
500,171,220.86,443.86,31.90,17.78,0.5244,4,-1,-1
500,182,468.66,502.55,49.22,20.61,0.3225,4,-1,-1
500,179,921.21,454.83,53.66,23.87,0.4727,4,-1,-1
500,183,1387.88,736.87,83.94,51.13,0.6442,4,-1,-1
500,184,333.52,477.91,40.02,20.60,0.4263,4,-1,-1
500,185,1280.59,573.93,60.02,29.34,0.6361,4,-1,-1
501,93,1255.85,879.84,27.79,69.99,0.7454,1,-1,-1
501,150,1248.73,488.32,83.81,35.70,0.7976,4,-1,-1
501,163,1081.38,472.20,66.78,32.06,0.6935,4,-1,-1
501,169,1000.31,455.64,57.41,29.02,0.3720,4,-1,-1
501,174,1661.32,561.39,112.33,50.15,0.7341,4,-1,-1
501,155,477.67,545.93,45.83,26.27,0.7820,4,-1,-1
501,178,257.84,442.87,33.40,18.05,0.3877,4,-1,-1
501,171,220.66,443.59,31.42,17.69,0.5535,4,-1,-1
501,182,466.17,501.84,49.77,21.07,0.1461,4,-1,-1
501,179,925.99,455.17,54.18,23.97,0.5438,4,-1,-1
501,183,1403.97,738.75,82.78,49.50,0.6514,4,-1,-1
501,184,329.00,477.08,42.37,21.79,0.2744,4,-1,-1
501,185,1272.68,574.17,58.25,28.12,0.6197,4,-1,-1
502,93,1255.49,878.92,27.93,70.72,0.7439,1,-1,-1
502,150,1260.27,490.14,83.88,35.51,0.7840,4,-1,-1
502,163,1089.14,472.99,68.18,32.79,0.7138,4,-1,-1
502,169,1008.80,458.53,54.89,27.72,0.6388,4,-1,-1
502,174,1680.14,563.40,115.59,52.03,0.4407,4,-1,-1
502,155,482.11,547.00,45.19,25.72,0.7840,4,-1,-1
502,178,257.34,443.43,31.16,16.75,0.4311,4,-1,-1
502,171,221.71,443.55,30.21,17.39,0.4941,4,-1,-1
502,182,463.40,501.26,47.33,20.04,0.1082,4,-1,-1
502,179,931.25,455.85,54.93,24.13,0.4844,4,-1,-1
502,183,1416.13,742.19,76.05,44.65,0.6993,4,-1,-1
502,184,328.59,477.39,38.59,19.80,0.5224,4,-1,-1
502,185,1262.32,574.39,54.28,25.70,0.6663,4,-1,-1
503,93,1255.07,878.59,27.80,70.60,0.7349,1,-1,-1
503,150,1267.92,490.60,86.01,36.32,0.7827,4,-1,-1
503,163,1095.89,473.62,68.10,32.79,0.6252,4,-1,-1
503,169,1012.83,458.01,56.91,28.96,0.4533,4,-1,-1
503,174,1695.87,565.66,105.13,46.96,0.4941,4,-1,-1
503,155,485.11,547.57,45.33,25.66,0.8050,4,-1,-1
503,178,256.17,443.65,29.89,15.96,0.3639,4,-1,-1
503,171,222.59,444.06,28.14,16.46,0.4533,4,-1,-1
503,182,459.72,500.65,45.37,19.01,0.3183,4,-1,-1
503,179,934.56,456.39,58.16,25.60,0.2261,4,-1,-1
503,183,1425.93,742.95,74.98,43.26,0.6809,4,-1,-1
503,184,327.93,477.80,36.35,18.62,0.5361,4,-1,-1
503,185,1253.85,573.26,54.46,25.22,0.7001,4,-1,-1
503,188,913.50,513.57,47.50,20.87,0.6619,4,-1,-1
504,93,1254.29,878.64,27.92,70.63,0.7469,1,-1,-1
504,150,1277.87,490.96,90.07,38.12,0.7879,4,-1,-1
504,163,1105.97,475.41,66.60,31.89,0.6951,4,-1,-1
504,169,1020.72,459.31,57.04,29.09,0.6469,4,-1,-1
504,174,1714.13,568.10,102.28,45.51,0.5293,4,-1,-1
504,155,488.24,548.21,45.99,25.95,0.8295,4,-1,-1
504,178,253.67,443.23,29.05,15.48,0.3285,4,-1,-1
504,171,217.00,443.82,27.85,16.12,0.3684,4,-1,-1
504,182,454.66,499.16,45.92,19.13,0.4168,4,-1,-1
504,179,940.57,456.76,59.35,26.08,0.1268,5,-1,-1
504,183,1445.13,747.67,70.93,39.50,0.4359,4,-1,-1
504,184,323.67,476.33,37.10,18.99,0.4301,4,-1,-1
504,185,1240.83,571.13,57.50,26.16,0.6935,4,-1,-1
504,188,904.00,512.01,51.52,22.55,0.6049,4,-1,-1
505,93,1253.36,878.75,28.01,70.49,0.7599,1,-1,-1
505,150,1290.83,493.31,89.20,37.62,0.7853,4,-1,-1
505,163,1116.79,477.83,65.26,31.03,0.6307,4,-1,-1
505,169,1030.16,460.99,55.52,28.42,0.4282,4,-1,-1
505,174,1733.90,571.70,111.16,49.43,0.1196,5,-1,-1
505,155,493.01,549.57,45.46,25.51,0.8026,4,-1,-1
505,178,251.29,442.93,27.96,14.86,0.5612,4,-1,-1
505,171,214.36,442.47,28.24,16.35,0.3260,4,-1,-1
505,182,449.50,498.76,47.47,19.71,0.5146,4,-1,-1
505,179,948.36,458.97,58.78,25.71,0.4292,4,-1,-1
505,184,319.45,475.14,35.56,18.09,0.6252,4,-1,-1
505,185,1227.27,569.70,59.55,26.64,0.7800,4,-1,-1
505,188,898.29,511.25,51.12,22.27,0.5870,4,-1,-1
506,93,1252.69,878.31,28.02,70.25,0.7484,1,-1,-1
506,150,1300.52,494.98,89.26,37.53,0.8007,4,-1,-1
506,163,1124.09,478.78,65.39,30.77,0.6215,4,-1,-1
506,169,1036.20,462.71,54.14,27.72,0.5496,4,-1,-1
506,174,1745.97,573.01,115.18,50.81,0.5651,4,-1,-1
506,155,496.37,550.42,45.39,25.35,0.8261,4,-1,-1
506,178,249.79,442.61,27.46,14.62,0.5631,4,-1,-1
506,171,211.59,440.61,30.17,17.62,0.4130,4,-1,-1
506,182,445.34,498.27,48.57,20.14,0.5842,4,-1,-1
506,179,955.79,461.20,56.22,24.30,0.3057,4,-1,-1
506,184,315.41,474.24,36.91,18.71,0.6575,4,-1,-1
506,185,1217.76,568.56,60.11,26.44,0.7592,4,-1,-1
506,188,894.31,510.72,52.88,22.95,0.3469,4,-1,-1
507,93,1251.82,878.93,27.86,69.32,0.7491,1,-1,-1
507,150,1313.53,496.66,88.28,36.83,0.7931,4,-1,-1
507,163,1132.62,479.98,67.51,31.68,0.6030,4,-1,-1
507,169,1046.27,464.33,53.64,27.22,0.5574,4,-1,-1
507,174,1768.76,576.06,102.28,44.77,0.5400,4,-1,-1
507,155,500.38,550.63,46.77,26.17,0.8038,4,-1,-1
507,178,246.39,441.39,28.44,15.15,0.4980,4,-1,-1
507,171,208.11,438.64,32.28,19.10,0.4045,4,-1,-1
507,182,442.32,498.89,47.38,19.54,0.5860,4,-1,-1
507,179,961.39,460.52,58.97,25.45,0.4225,4,-1,-1
507,184,310.92,473.60,36.13,18.18,0.6234,4,-1,-1
507,185,1206.69,567.50,59.48,25.66,0.7840,4,-1,-1
507,188,887.50,508.72,56.87,24.76,0.5737,5,-1,-1
507,189,1668.28,641.16,96.70,36.22,0.5049,4,-1,-1
508,93,1251.47,879.10,27.88,68.96,0.7461,1,-1,-1
508,150,1322.45,497.62,88.66,36.72,0.8105,4,-1,-1
508,163,1138.59,480.77,68.92,32.37,0.7409,4,-1,-1
508,169,1051.36,464.07,56.90,28.64,0.5554,4,-1,-1
508,174,1778.58,577.02,116.84,51.48,0.4668,4,-1,-1
508,155,502.90,550.81,47.64,26.66,0.7860,4,-1,-1
508,178,244.99,441.38,27.98,14.81,0.5496,4,-1,-1
508,171,206.83,437.76,32.49,19.43,0.4102,4,-1,-1
508,182,438.15,497.97,49.29,20.33,0.6758,4,-1,-1
508,179,964.86,460.57,61.63,26.63,0.6558,4,-1,-1
508,184,306.89,473.36,36.67,18.29,0.6030,4,-1,-1
508,185,1198.40,566.10,61.31,26.06,0.7663,4,-1,-1
508,188,884.44,507.65,57.62,25.17,0.5699,5,-1,-1
508,189,1655.62,638.27,105.35,39.47,0.3794,4,-1,-1
509,93,1251.33,877.92,27.87,69.13,0.7334,1,-1,-1
509,150,1334.03,498.72,89.57,36.93,0.7879,4,-1,-1
509,163,1148.47,481.83,70.52,32.95,0.6834,4,-1,-1
509,169,1055.71,464.04,60.57,30.09,0.5419,4,-1,-1
509,174,1800.86,579.96,116.60,51.66,0.6002,4,-1,-1
509,155,506.64,550.99,48.80,27.45,0.7988,4,-1,-1
509,171,203.76,436.50,33.00,19.91,0.3951,4,-1,-1
509,182,433.70,497.91,50.22,20.67,0.5283,4,-1,-1
509,179,972.60,462.29,59.34,25.51,0.6968,4,-1,-1
509,184,302.96,472.64,38.13,18.99,0.5898,4,-1,-1
509,185,1186.67,564.07,64.09,27.00,0.7866,4,-1,-1
509,188,880.73,507.29,56.00,24.63,0.6188,5,-1,-1
509,189,1640.12,637.98,104.58,39.17,0.4844,4,-1,-1
510,93,1250.69,876.32,28.17,69.97,0.7439,1,-1,-1
510,150,1346.33,499.93,93.62,38.50,0.8007,4,-1,-1
510,163,1158.54,482.94,69.24,32.04,0.6039,4,-1,-1
510,169,1069.19,467.79,57.31,28.21,0.6234,4,-1,-1
510,174,1817.29,583.72,113.19,50.97,0.5312,4,-1,-1
510,155,511.77,552.01,48.31,27.21,0.7833,4,-1,-1
510,171,202.31,436.44,31.93,19.48,0.4990,4,-1,-1
510,182,426.55,496.32,50.22,20.97,0.4436,4,-1,-1
510,179,981.34,463.92,57.30,24.42,0.7074,4,-1,-1
510,184,299.68,472.17,39.04,19.49,0.6522,4,-1,-1
510,185,1174.50,562.61,65.20,27.20,0.8019,4,-1,-1
510,188,876.52,507.85,53.21,23.51,0.5010,4,-1,-1
510,189,1622.02,634.19,107.91,40.46,0.3149,4,-1,-1
510,178,237.40,437.79,31.04,16.51,0.6610,4,-1,-1
511,93,1250.33,874.73,28.42,70.85,0.7379,1,-1,-1
511,150,1355.11,501.04,95.25,39.03,0.8152,4,-1,-1
511,163,1169.31,482.88,69.92,31.95,0.7249,4,-1,-1
511,169,1075.39,466.87,60.67,29.81,0.7090,4,-1,-1
511,174,1822.69,584.20,117.08,54.27,0.5263,4,-1,-1
511,155,514.35,552.34,48.88,27.53,0.7873,4,-1,-1
511,171,202.13,436.62,30.44,18.74,0.5554,4,-1,-1
511,182,422.68,495.69,50.11,21.02,0.4581,4,-1,-1
511,179,985.18,464.17,60.57,25.74,0.7178,4,-1,-1
511,184,296.98,471.53,39.86,19.91,0.5283,4,-1,-1
511,185,1166.16,561.92,65.19,26.91,0.7663,4,-1,-1
511,188,871.99,506.59,54.46,24.29,0.4417,4,-1,-1
511,189,1614.93,634.19,102.16,38.24,0.5727,4,-1,-1
511,178,234.78,436.32,31.98,17.03,0.6732,4,-1,-1
512,93,1250.18,873.50,28.21,70.75,0.7318,1,-1,-1
512,150,1368.42,502.76,95.54,39.08,0.7773,4,-1,-1
512,163,1178.59,485.55,70.45,31.86,0.7162,4,-1,-1
512,169,1082.94,467.38,62.55,30.73,0.7114,4,-1,-1
512,155,519.29,553.49,48.21,27.06,0.7739,4,-1,-1
512,171,202.43,436.82,28.38,17.72,0.5400,4,-1,-1
512,182,418.47,494.79,50.47,21.22,0.5234,4,-1,-1
512,179,989.63,464.35,64.14,27.36,0.7033,4,-1,-1
512,184,294.51,470.39,38.01,18.81,0.5955,4,-1,-1
512,185,1156.29,561.31,64.17,26.14,0.7827,4,-1,-1
512,189,1603.23,633.07,98.78,36.86,0.5361,4,-1,-1
512,178,231.51,435.49,31.81,16.83,0.5535,4,-1,-1
512,190,534.37,488.53,41.33,18.96,0.4562,4,-1,-1
513,93,1250.02,872.26,28.08,70.84,0.7256,1,-1,-1
513,150,1378.07,503.98,96.14,39.17,0.7491,4,-1,-1
513,163,1183.86,486.14,74.09,33.59,0.7256,4,-1,-1
513,169,1088.02,468.41,63.21,30.77,0.7001,4,-1,-1
513,155,522.20,554.03,48.63,27.30,0.7766,4,-1,-1
513,171,201.75,436.34,27.82,17.58,0.6011,4,-1,-1
513,182,416.26,494.73,49.34,20.82,0.5765,4,-1,-1
513,179,995.52,464.44,64.24,27.36,0.7424,4,-1,-1
513,184,293.02,469.41,38.26,18.84,0.6575,4,-1,-1
513,185,1148.15,560.12,65.66,26.52,0.7677,4,-1,-1
513,189,1594.65,631.12,97.37,36.23,0.5670,4,-1,-1
513,178,229.69,434.41,32.17,17.00,0.5804,4,-1,-1
513,190,534.58,488.58,41.20,18.91,0.4707,4,-1,-1
513,173,1200.50,466.17,34.39,17.56,0.5020,4,-1,-1
514,93,1249.54,870.89,27.35,69.27,0.7058,1,-1,-1
514,150,1391.29,505.87,96.59,39.27,0.7950,4,-1,-1
514,163,1192.36,487.21,76.48,34.74,0.6901,4,-1,-1
514,169,1097.18,469.50,63.80,31.09,0.6723,4,-1,-1
514,155,527.09,555.46,47.99,26.86,0.7860,4,-1,-1
514,171,196.81,434.72,28.69,18.07,0.4235,4,-1,-1
514,182,413.69,494.50,48.28,20.36,0.5000,4,-1,-1
514,179,1002.48,466.25,62.24,26.55,0.6252,4,-1,-1
514,184,289.60,468.29,40.04,19.63,0.6160,4,-1,-1
514,185,1136.63,558.86,67.56,27.16,0.7918,4,-1,-1
514,189,1581.44,629.33,97.21,36.13,0.7564,4,-1,-1
514,178,228.18,434.68,31.15,16.45,0.5651,4,-1,-1
514,190,534.92,488.62,40.71,18.68,0.4446,4,-1,-1
514,173,1201.28,466.44,32.90,16.74,0.5361,4,-1,-1
515,93,1249.47,869.94,26.98,68.54,0.7349,1,-1,-1
515,150,1406.97,507.51,96.78,39.11,0.8007,4,-1,-1
515,163,1202.41,487.85,78.37,35.64,0.7498,4,-1,-1
515,169,1108.15,470.72,64.21,31.17,0.6460,4,-1,-1
515,155,531.46,556.01,48.92,27.31,0.8001,4,-1,-1
515,171,192.85,433.90,28.75,17.87,0.3576,4,-1,-1
515,182,409.02,494.05,47.11,19.74,0.5400,4,-1,-1
515,179,1009.24,466.82,61.50,26.35,0.6610,4,-1,-1
515,184,285.91,467.66,41.74,20.07,0.5477,4,-1,-1
515,185,1124.42,556.70,69.40,27.87,0.7746,4,-1,-1
515,189,1568.85,628.40,93.41,34.50,0.7944,4,-1,-1
515,178,221.16,431.34,36.91,19.65,0.3711,4,-1,-1
515,190,534.97,488.58,40.63,18.64,0.4659,4,-1,-1
515,173,1200.32,466.49,34.08,17.34,0.5419,4,-1,-1
516,93,1249.13,869.43,26.75,68.25,0.7334,1,-1,-1
516,150,1416.81,508.62,97.95,39.47,0.8170,4,-1,-1
516,163,1210.18,488.53,78.68,35.81,0.7759,4,-1,-1
516,169,1116.35,471.17,64.88,31.51,0.6706,4,-1,-1
516,155,534.29,556.38,49.64,27.72,0.7833,4,-1,-1
516,171,189.16,433.21,30.75,18.98,0.1842,4,-1,-1
516,182,405.32,492.89,48.26,20.20,0.5670,4,-1,-1
516,179,1014.80,467.32,64.21,27.51,0.6397,4,-1,-1
516,184,280.92,466.60,42.24,20.31,0.5059,4,-1,-1
516,185,1116.26,555.60,69.92,28.05,0.7585,4,-1,-1
516,189,1557.63,626.07,96.18,35.53,0.7628,4,-1,-1
516,178,215.31,428.20,41.81,22.46,0.1842,4,-1,-1
516,190,534.76,488.46,41.26,18.95,0.4824,4,-1,-1
516,173,1199.97,466.31,35.07,17.94,0.5554,4,-1,-1
517,93,1248.25,869.74,26.46,67.39,0.7106,1,-1,-1
517,150,1429.51,509.25,100.32,40.30,0.8129,4,-1,-1
517,163,1220.71,489.98,78.37,35.57,0.7873,4,-1,-1
517,169,1123.65,472.43,66.02,32.14,0.6783,4,-1,-1
517,155,539.09,557.44,49.41,27.46,0.7925,4,-1,-1
517,171,184.90,432.94,31.31,18.69,0.1112,4,-1,-1
517,182,403.60,491.12,45.26,18.78,0.5244,4,-1,-1
517,179,1025.81,468.51,64.73,28.02,0.2018,4,-1,-1
517,184,276.96,465.45,41.98,20.29,0.5302,4,-1,-1
517,185,1106.30,554.64,69.53,27.84,0.7899,4,-1,-1
517,189,1545.14,624.30,94.82,34.96,0.7994,4,-1,-1
517,178,209.72,425.71,44.31,24.01,0.2689,4,-1,-1
517,190,534.71,488.43,41.42,19.04,0.4971,4,-1,-1
517,173,1201.16,466.22,33.84,17.30,0.5322,4,-1,-1
518,93,1247.90,868.86,26.48,67.40,0.7114,1,-1,-1
518,150,1439.61,510.61,101.06,40.46,0.8069,4,-1,-1
518,163,1229.19,490.71,78.69,35.54,0.7635,4,-1,-1
518,169,1131.69,473.15,67.50,32.88,0.6397,4,-1,-1
518,155,541.82,557.84,49.41,27.35,0.7853,4,-1,-1
518,182,402.07,490.54,42.51,17.54,0.4815,4,-1,-1
518,179,1030.57,469.98,64.65,27.92,0.3549,4,-1,-1
518,184,275.75,465.34,40.13,19.49,0.5842,4,-1,-1
518,185,1099.98,553.92,68.63,27.40,0.7833,4,-1,-1
518,189,1534.81,622.32,96.87,35.80,0.7424,4,-1,-1
518,178,207.37,423.52,43.24,23.48,0.1156,9,-1,-1
518,190,534.66,488.36,41.60,19.15,0.5020,4,-1,-1
518,173,1201.44,466.18,33.42,17.09,0.5059,4,-1,-1
519,93,1247.41,868.47,26.53,67.31,0.7424,1,-1,-1
519,150,1451.87,511.73,104.34,41.80,0.8289,4,-1,-1
519,163,1240.51,491.92,79.92,36.00,0.7341,4,-1,-1
519,169,1141.80,475.33,65.14,31.79,0.6105,4,-1,-1
519,155,546.21,558.47,49.66,27.42,0.8111,4,-1,-1
519,182,398.27,491.52,43.45,17.97,0.4922,4,-1,-1
519,179,1037.58,469.98,64.73,27.84,0.6021,4,-1,-1
519,184,273.02,465.36,38.83,18.87,0.6234,4,-1,-1
519,185,1089.92,552.61,69.12,27.59,0.7614,4,-1,-1
519,189,1522.23,620.28,97.62,36.16,0.8129,4,-1,-1
519,178,207.02,422.82,39.53,21.33,0.1196,5,-1,-1
519,190,534.89,488.40,41.16,18.98,0.5049,4,-1,-1
519,173,1201.70,466.31,33.37,17.15,0.5708,4,-1,-1
520,93,1245.84,868.01,26.98,67.68,0.7379,1,-1,-1
520,150,1467.78,513.36,105.64,42.39,0.8210,4,-1,-1
520,163,1252.34,494.10,79.49,35.51,0.7718,4,-1,-1
520,169,1153.67,476.58,65.53,31.82,0.6215,4,-1,-1
520,155,551.46,559.59,49.23,27.02,0.8205,4,-1,-1
520,182,394.36,491.33,45.23,18.76,0.4455,4,-1,-1
520,179,1044.14,469.67,68.51,29.73,0.2838,6,-1,-1
520,184,268.74,464.29,38.96,18.94,0.6951,4,-1,-1
520,185,1079.01,551.32,69.45,27.77,0.7146,4,-1,-1
520,189,1510.19,619.00,94.83,35.08,0.7705,4,-1,-1
520,178,206.02,422.90,39.29,21.28,0.1109,4,-1,-1
520,190,534.68,488.31,41.88,19.34,0.5244,4,-1,-1
520,173,1199.63,466.11,35.85,18.79,0.5784,4,-1,-1
521,93,1244.72,867.08,27.62,68.68,0.7287,1,-1,-1
521,150,1478.54,514.12,107.31,43.10,0.8344,4,-1,-1
521,163,1259.79,494.87,81.94,36.62,0.7866,4,-1,-1
521,169,1161.43,477.17,65.95,31.89,0.6077,4,-1,-1
521,155,554.79,560.58,49.36,26.93,0.7937,4,-1,-1
521,182,392.62,492.01,44.68,18.48,0.1842,4,-1,-1
521,179,1055.27,472.87,63.12,27.27,0.4893,4,-1,-1
521,184,266.24,463.63,39.08,19.02,0.6834,4,-1,-1
521,185,1069.96,548.63,72.74,29.40,0.6697,4,-1,-1
521,189,1500.37,617.50,95.16,35.30,0.8056,4,-1,-1
521,178,202.53,422.60,42.10,22.98,0.2613,5,-1,-1
521,190,534.75,488.33,41.79,19.33,0.5107,4,-1,-1
521,173,1200.69,466.29,34.64,18.22,0.4620,4,-1,-1
522,93,1243.43,865.99,28.26,69.85,0.7439,1,-1,-1
522,150,1493.79,516.19,106.82,42.67,0.8152,4,-1,-1
522,163,1272.26,496.42,84.08,37.67,0.7318,4,-1,-1
522,169,1170.63,478.14,67.88,32.65,0.6689,4,-1,-1
522,155,559.52,561.28,49.80,27.10,0.8026,4,-1,-1
522,182,384.07,491.44,50.32,20.97,0.3840,4,-1,-1
522,179,1063.49,473.91,64.59,27.97,0.6343,4,-1,-1
522,184,262.17,462.99,39.31,19.06,0.6834,4,-1,-1
522,185,1059.29,546.60,73.44,30.01,0.6086,4,-1,-1
522,189,1487.61,615.29,96.90,36.07,0.7280,4,-1,-1
522,178,200.93,422.00,42.03,23.15,0.1907,5,-1,-1
522,190,534.72,488.31,42.10,19.50,0.5166,4,-1,-1
522,173,1201.60,466.24,33.17,17.50,0.4026,4,-1,-1
523,93,1242.70,865.17,28.64,70.52,0.7469,1,-1,-1
523,150,1504.89,518.30,104.92,41.50,0.8032,4,-1,-1
523,163,1279.88,497.17,84.38,37.93,0.7656,4,-1,-1
523,169,1176.68,479.29,68.75,32.90,0.6775,4,-1,-1
523,155,562.27,561.54,50.41,27.34,0.8075,4,-1,-1
523,182,379.84,490.82,51.82,21.74,0.4121,4,-1,-1
523,179,1068.03,473.49,66.80,28.80,0.6910,4,-1,-1
523,184,259.93,462.33,39.59,19.12,0.6951,4,-1,-1
523,185,1049.88,543.47,77.96,32.41,0.6697,4,-1,-1
523,189,1480.03,614.22,96.13,35.90,0.7417,4,-1,-1
523,178,200.35,422.16,40.69,22.62,0.1761,5,-1,-1
523,190,534.69,488.31,42.37,19.65,0.5185,4,-1,-1
523,173,1202.07,466.06,33.04,17.29,0.3877,4,-1,-1
524,93,1242.01,865.34,28.37,69.79,0.7364,1,-1,-1
524,150,1520.14,519.70,107.28,42.30,0.7994,4,-1,-1
524,163,1289.87,498.88,85.41,38.29,0.7417,4,-1,-1
524,169,1187.87,480.04,70.28,33.76,0.7233,4,-1,-1
524,155,566.46,561.76,51.76,28.14,0.8026,4,-1,-1
524,182,375.75,489.50,49.23,20.82,0.5244,4,-1,-1
524,179,1073.52,473.01,69.26,29.82,0.7773,4,-1,-1
524,184,257.39,461.83,38.22,18.37,0.6234,4,-1,-1
524,185,1037.16,540.06,82.91,35.25,0.5670,4,-1,-1
524,189,1471.19,611.76,96.10,36.39,0.7272,4,-1,-1
524,178,199.43,422.42,38.72,21.74,0.3739,5,-1,-1
524,190,534.68,488.14,41.08,19.00,0.5049,4,-1,-1
524,173,1202.82,465.92,31.66,16.39,0.2934,4,-1,-1
524,188,798.31,495.59,65.77,30.72,0.4727,5,-1,-1
525,93,1241.01,864.73,28.39,69.78,0.7484,1,-1,-1
525,150,1535.94,521.28,110.79,43.67,0.7535,4,-1,-1
525,163,1301.55,499.63,86.50,38.63,0.7663,4,-1,-1
525,169,1198.61,480.12,72.73,35.12,0.7295,4,-1,-1
525,155,571.54,562.50,52.26,28.39,0.7963,4,-1,-1
525,182,373.20,488.44,47.34,20.05,0.3666,4,-1,-1
525,179,1083.03,474.66,68.59,29.39,0.6926,4,-1,-1
525,184,255.36,461.30,36.90,17.66,0.5823,4,-1,-1
525,185,1028.76,539.37,79.88,34.47,0.4756,4,-1,-1
525,189,1449.86,606.31,105.17,40.19,0.6540,4,-1,-1
525,178,197.89,422.78,36.89,21.05,0.1582,9,-1,-1
525,190,534.44,488.09,40.71,18.77,0.4883,4,-1,-1
525,173,1201.30,465.92,34.19,17.76,0.2583,4,-1,-1
525,192,349.71,529.19,50.94,21.59,0.5341,4,-1,-1
525,188,797.12,495.37,60.76,29.51,0.5487,5,-1,-1
526,93,1240.94,864.71,28.28,69.10,0.7571,1,-1,-1
526,150,1548.35,522.85,110.86,43.58,0.7840,4,-1,-1
526,163,1311.62,501.01,88.03,39.14,0.7800,4,-1,-1
526,169,1205.08,481.41,73.83,35.51,0.7766,4,-1,-1
526,155,575.03,562.78,53.08,28.98,0.8146,4,-1,-1
526,182,371.35,486.93,44.87,18.98,0.4805,4,-1,-1
526,179,1086.42,475.23,72.99,31.24,0.6706,4,-1,-1
526,184,253.47,460.99,36.36,17.36,0.6142,4,-1,-1
526,185,1023.00,539.24,78.66,34.41,0.3603,4,-1,-1
526,189,1435.97,602.99,109.65,42.24,0.6379,4,-1,-1
526,178,197.79,423.05,35.38,20.35,0.1651,5,-1,-1
526,190,534.62,487.75,40.99,18.73,0.4795,4,-1,-1
526,173,1197.92,465.80,37.45,19.57,0.1608,4,-1,-1
526,192,351.24,528.56,52.99,22.49,0.5765,4,-1,-1
526,188,794.61,495.21,58.98,29.37,0.2546,4,-1,-1
526,193,742.52,483.35,43.07,24.20,0.4630,4,-1,-1
527,93,1240.50,864.31,28.23,68.83,0.7739,1,-1,-1
527,150,1564.00,524.66,112.68,44.18,0.8233,4,-1,-1
527,163,1320.53,502.11,95.42,42.62,0.7592,4,-1,-1
527,169,1215.16,482.60,75.15,36.08,0.7820,4,-1,-1
527,155,580.92,564.36,51.07,27.83,0.8164,4,-1,-1
527,182,369.50,485.79,44.03,18.60,0.3757,4,-1,-1
527,179,1095.49,475.72,74.31,31.75,0.6469,4,-1,-1
527,184,249.44,459.83,37.44,17.85,0.5283,4,-1,-1
527,189,1424.73,597.90,114.54,45.23,0.5765,4,-1,-1
527,178,199.09,425.41,31.13,17.93,0.3217,4,-1,-1
527,190,534.48,487.58,40.90,18.57,0.4668,4,-1,-1
527,173,1197.85,465.60,38.40,20.25,0.2372,4,-1,-1
527,192,356.05,529.37,51.28,21.73,0.6343,4,-1,-1
527,188,795.79,494.45,53.33,27.49,0.2682,5,-1,-1
527,193,741.57,482.79,42.64,23.98,0.3576,5,-1,-1
527,171,173.24,429.17,26.02,16.04,0.5804,4,-1,-1
528,93,1240.18,863.39,28.24,68.80,0.7873,1,-1,-1
528,150,1575.51,525.79,114.59,44.94,0.8289,4,-1,-1
528,163,1329.53,502.41,95.46,42.76,0.8075,4,-1,-1
528,169,1224.18,484.02,75.12,36.20,0.7820,4,-1,-1
528,155,584.31,565.19,51.25,27.87,0.8081,4,-1,-1
528,182,366.70,485.40,44.08,18.57,0.3558,4,-1,-1
528,179,1102.99,477.40,73.42,31.37,0.6910,4,-1,-1
528,184,246.78,459.29,37.71,17.98,0.5283,4,-1,-1
528,189,1416.45,593.13,119.90,49.00,0.5380,4,-1,-1
528,178,200.30,426.68,28.35,16.42,0.3234,4,-1,-1
528,190,534.34,487.54,40.81,18.43,0.4523,4,-1,-1
528,173,1198.57,465.40,37.76,20.03,0.2870,4,-1,-1
528,192,358.54,529.38,51.81,21.91,0.6680,4,-1,-1
528,188,798.37,493.76,46.32,24.51,0.1136,5,-1,-1
528,193,739.87,482.54,41.93,23.63,0.5254,5,-1,-1
528,171,173.48,429.18,24.31,15.21,0.5879,4,-1,-1
529,93,1239.42,863.17,27.22,66.45,0.7513,1,-1,-1
529,150,1591.41,527.79,115.39,45.16,0.8233,4,-1,-1
529,163,1340.09,502.79,98.71,44.45,0.7773,4,-1,-1
529,169,1237.34,485.32,75.08,36.35,0.7833,4,-1,-1
529,155,589.10,565.99,52.11,28.37,0.8205,4,-1,-1
529,182,364.24,483.68,44.30,18.56,0.1624,4,-1,-1
529,179,1112.45,478.58,73.45,31.46,0.7635,4,-1,-1
529,184,243.73,458.74,39.03,18.77,0.5917,4,-1,-1
529,189,1404.49,590.46,119.82,50.28,0.2561,5,-1,-1
529,178,199.32,426.72,27.11,16.00,0.3693,4,-1,-1
529,190,534.39,487.52,40.61,18.26,0.4455,4,-1,-1
529,173,1200.69,465.74,35.69,18.95,0.2878,4,-1,-1
529,192,363.73,530.00,51.26,21.68,0.7082,4,-1,-1
529,193,738.82,482.65,40.01,22.61,0.3522,5,-1,-1
529,171,173.11,429.13,23.28,14.73,0.5283,4,-1,-1
530,93,1238.08,862.58,26.69,65.31,0.7424,1,-1,-1
530,150,1609.16,529.81,116.27,45.43,0.8366,4,-1,-1
530,163,1354.38,504.37,97.65,44.04,0.7698,4,-1,-1
530,169,1251.04,487.27,73.84,35.78,0.7739,4,-1,-1
530,155,594.30,566.87,52.46,28.54,0.7925,4,-1,-1
530,182,358.86,482.75,43.38,18.42,0.5146,4,-1,-1
530,179,1123.25,480.14,71.08,30.19,0.7264,4,-1,-1
530,184,241.90,458.47,36.54,17.57,0.5898,4,-1,-1
530,189,1402.79,592.25,107.52,46.29,0.1238,5,-1,-1
530,178,199.74,428.28,23.76,14.17,0.5117,4,-1,-1
530,190,534.57,487.59,40.23,18.02,0.4235,4,-1,-1
530,173,1201.10,465.79,34.97,18.62,0.3363,4,-1,-1
530,192,368.82,530.36,52.16,22.20,0.7098,4,-1,-1
530,193,734.86,483.10,38.74,21.91,0.5020,5,-1,-1
530,171,172.61,428.97,22.18,14.21,0.4824,4,-1,-1
531,93,1237.17,861.01,26.64,65.66,0.7303,1,-1,-1
531,150,1622.07,531.52,118.42,46.24,0.8289,4,-1,-1
531,163,1365.46,504.76,97.85,44.19,0.7592,4,-1,-1
531,169,1260.80,488.32,73.92,35.99,0.7899,4,-1,-1
531,155,598.01,568.28,51.61,27.96,0.7879,4,-1,-1
531,182,355.84,482.42,43.56,18.77,0.6049,4,-1,-1
531,179,1130.29,481.79,71.86,30.32,0.7074,4,-1,-1
531,184,240.99,457.92,35.31,17.14,0.5651,4,-1,-1
531,178,198.46,426.91,24.61,14.99,0.4815,4,-1,-1
531,190,534.77,487.68,39.78,17.76,0.4216,4,-1,-1
531,173,1201.13,465.60,34.88,18.64,0.3065,4,-1,-1
531,192,373.62,530.69,52.30,22.49,0.7571,4,-1,-1
531,193,735.28,483.26,37.33,21.28,0.4844,5,-1,-1
531,171,172.57,428.65,21.33,14.00,0.5438,4,-1,-1
532,93,1236.17,860.03,26.39,65.47,0.7656,1,-1,-1
532,150,1636.86,532.69,122.87,48.01,0.8344,4,-1,-1
532,163,1380.32,507.83,93.86,42.08,0.7918,4,-1,-1
532,169,1271.38,489.49,75.15,36.75,0.7513,4,-1,-1
532,155,602.45,569.03,52.17,28.25,0.7969,4,-1,-1
532,182,351.86,482.35,43.32,18.71,0.6715,4,-1,-1
532,179,1137.91,482.55,73.18,30.84,0.7469,4,-1,-1
532,184,237.25,456.85,35.85,17.58,0.5496,4,-1,-1
532,178,198.94,427.79,20.83,12.88,0.4873,4,-1,-1
532,190,534.65,487.73,40.25,17.90,0.4407,4,-1,-1
532,173,1201.40,465.76,34.43,18.37,0.3398,4,-1,-1
532,192,378.21,531.52,50.93,22.07,0.7318,4,-1,-1
532,193,738.46,483.71,34.02,19.81,0.2697,5,-1,-1
532,171,172.61,429.46,19.07,12.59,0.2422,4,-1,-1
533,93,1235.35,858.63,26.62,66.60,0.7628,1,-1,-1
533,150,1648.93,533.53,125.94,49.38,0.8210,4,-1,-1
533,163,1390.07,509.81,93.51,41.68,0.7705,4,-1,-1
533,169,1280.85,490.02,75.50,37.20,0.7732,4,-1,-1
533,155,606.73,569.92,51.82,28.00,0.7912,4,-1,-1
533,182,350.35,481.92,42.64,18.44,0.6817,4,-1,-1
533,179,1144.18,482.80,75.00,31.54,0.7484,4,-1,-1
533,184,233.99,455.90,36.29,17.85,0.5823,4,-1,-1
533,178,199.11,428.25,18.54,11.59,0.5535,4,-1,-1
533,190,534.70,487.81,40.04,17.74,0.4273,4,-1,-1
533,173,1201.23,465.85,34.20,18.35,0.2531,4,-1,-1
533,192,381.16,532.20,50.08,21.90,0.7439,4,-1,-1
533,193,737.17,483.50,33.37,19.75,0.1999,5,-1,-1
533,171,172.90,429.77,17.60,11.98,0.1298,4,-1,-1
533,196,1284.60,577.92,80.09,30.48,0.5936,4,-1,-1
534,93,1234.69,857.79,26.70,67.23,0.7886,1,-1,-1
534,150,1667.72,536.85,124.17,48.50,0.8245,4,-1,-1
534,163,1404.40,511.76,92.08,40.67,0.7969,4,-1,-1
534,169,1292.72,491.48,76.74,37.99,0.7988,4,-1,-1
534,155,611.73,570.82,52.45,28.19,0.7846,4,-1,-1
534,182,347.41,480.74,43.38,18.93,0.6749,4,-1,-1
534,179,1153.78,484.26,74.89,31.31,0.7725,4,-1,-1
534,184,231.69,455.07,35.97,17.76,0.5438,4,-1,-1
534,178,197.11,427.65,18.14,11.39,0.5322,4,-1,-1
534,190,534.67,487.90,40.14,17.72,0.4359,4,-1,-1
534,173,1201.50,466.06,33.00,17.65,0.2095,4,-1,-1
534,192,383.96,532.72,50.34,22.25,0.7364,4,-1,-1
534,171,172.37,428.46,16.32,11.38,0.2295,4,-1,-1
534,196,1275.86,577.45,79.28,30.18,0.7677,4,-1,-1
535,93,1233.92,857.10,26.63,67.46,0.7988,1,-1,-1
535,150,1687.95,540.37,121.89,47.32,0.8019,4,-1,-1
535,163,1418.40,513.68,94.50,41.57,0.8032,4,-1,-1
535,169,1308.94,494.65,73.69,36.20,0.7879,4,-1,-1
535,155,617.20,570.95,54.84,29.36,0.8013,4,-1,-1
535,182,344.41,480.27,42.27,18.40,0.6715,4,-1,-1
535,179,1165.34,486.13,73.63,30.52,0.6352,4,-1,-1
535,184,228.24,454.28,36.71,18.23,0.1629,4,-1,-1
535,178,194.43,427.29,17.92,11.43,0.2069,4,-1,-1
535,190,534.61,487.84,41.02,18.03,0.4475,4,-1,-1
535,173,1202.71,466.54,31.15,16.68,0.2751,4,-1,-1
535,192,387.87,533.44,51.64,23.19,0.7394,4,-1,-1
535,196,1265.45,576.05,78.26,29.79,0.7846,4,-1,-1
535,185,956.36,542.01,46.88,20.32,0.6575,4,-1,-1
535,188,747.50,488.92,49.16,26.18,0.6280,5,-1,-1
536,93,1233.22,856.78,26.60,67.54,0.7925,1,-1,-1
536,150,1700.98,541.83,125.09,48.44,0.8141,4,-1,-1
536,163,1427.76,514.89,95.90,42.05,0.7944,4,-1,-1
536,169,1318.11,495.71,74.39,36.35,0.7402,4,-1,-1
536,155,620.89,571.41,55.84,29.72,0.8182,4,-1,-1
536,182,341.38,479.69,42.42,18.54,0.6935,4,-1,-1
536,179,1170.91,486.75,76.22,31.53,0.7394,4,-1,-1
536,184,225.54,453.66,36.83,18.36,0.1716,4,-1,-1
536,178,186.07,425.56,21.41,13.25,0.5166,4,-1,-1
536,190,534.40,487.79,41.68,18.25,0.4494,4,-1,-1
536,173,1203.03,466.60,30.54,16.34,0.2568,4,-1,-1
536,192,391.12,533.76,52.20,23.83,0.7178,4,-1,-1
536,196,1257.45,574.23,79.82,30.41,0.7912,4,-1,-1
536,185,952.56,542.41,46.45,19.82,0.6252,4,-1,-1
536,188,745.14,489.11,48.30,25.64,0.5487,5,-1,-1
537,93,1232.58,856.68,26.47,67.37,0.7912,1,-1,-1
537,150,1718.03,542.88,129.89,50.37,0.8355,4,-1,-1
537,163,1441.07,516.32,97.11,42.32,0.8044,4,-1,-1
537,169,1332.01,496.80,74.64,36.43,0.7969,4,-1,-1
537,155,625.46,572.56,55.38,29.49,0.8261,4,-1,-1
537,182,339.32,479.00,40.74,17.87,0.6361,4,-1,-1
537,179,1178.93,487.70,80.62,33.48,0.7513,4,-1,-1
537,178,182.93,424.72,21.40,12.94,0.2644,4,-1,-1
537,190,534.27,487.72,41.96,18.33,0.4581,4,-1,-1
537,173,1202.04,466.00,31.83,17.09,0.2241,4,-1,-1
537,192,394.76,534.36,51.60,23.86,0.7225,4,-1,-1
537,196,1248.92,573.51,78.57,29.96,0.7599,4,-1,-1
537,185,943.12,540.18,51.16,21.78,0.7614,4,-1,-1
537,188,741.54,488.18,50.34,26.56,0.6058,5,-1,-1
537,189,1342.54,596.80,72.52,31.20,0.6030,4,-1,-1
538,93,1232.12,856.58,26.40,67.33,0.7807,1,-1,-1
538,150,1731.74,544.62,129.31,50.00,0.8222,4,-1,-1
538,163,1450.56,517.68,98.62,42.84,0.7813,4,-1,-1
538,169,1339.55,497.81,76.75,37.36,0.7800,4,-1,-1
538,155,627.76,573.15,55.68,29.77,0.8087,4,-1,-1
538,182,337.59,478.55,40.14,17.67,0.6433,4,-1,-1
538,179,1185.52,488.54,81.24,33.77,0.7513,4,-1,-1
538,178,179.95,423.96,22.20,13.24,0.5068,4,-1,-1
538,190,534.24,487.69,41.85,18.27,0.4225,4,-1,-1
538,173,1201.98,465.83,31.64,17.02,0.2114,4,-1,-1
538,192,397.45,535.00,50.72,23.66,0.7670,4,-1,-1
538,196,1242.49,573.08,78.39,29.91,0.7950,4,-1,-1
538,185,938.49,539.74,51.33,21.59,0.7439,4,-1,-1
538,188,739.20,487.24,51.78,27.38,0.6388,5,-1,-1
538,189,1338.05,596.88,71.65,30.68,0.7556,4,-1,-1
539,93,1231.46,855.64,26.62,68.21,0.7542,1,-1,-1
539,150,1751.38,547.56,129.84,50.15,0.8322,4,-1,-1
539,163,1465.71,519.64,98.34,42.44,0.7138,4,-1,-1
539,169,1350.91,499.03,78.51,37.99,0.7506,4,-1,-1
539,155,633.25,573.93,56.13,30.04,0.8250,4,-1,-1
539,182,335.08,479.15,37.72,16.47,0.5438,4,-1,-1
539,179,1197.07,488.93,81.42,33.97,0.6783,4,-1,-1
539,178,178.04,423.50,21.93,13.08,0.6397,4,-1,-1
539,190,534.35,487.74,42.04,18.35,0.4330,4,-1,-1
539,173,1201.92,466.12,31.60,16.98,0.1330,4,-1,-1
539,192,402.41,536.74,47.93,22.49,0.7873,4,-1,-1
539,196,1232.86,571.91,78.12,29.84,0.7725,4,-1,-1
539,185,930.34,538.73,53.55,22.19,0.7656,4,-1,-1
539,188,737.97,486.59,51.31,27.29,0.6095,5,-1,-1
539,189,1329.72,594.58,74.01,31.30,0.7931,4,-1,-1
540,93,1230.82,855.43,26.59,68.19,0.7513,1,-1,-1
540,150,1772.39,549.66,131.85,50.92,0.8289,4,-1,-1
540,163,1479.97,520.98,100.40,43.09,0.7969,4,-1,-1
540,169,1367.25,501.19,78.02,37.57,0.8007,4,-1,-1
540,155,638.35,574.91,56.79,30.53,0.8135,4,-1,-1
540,182,328.18,477.31,40.31,17.45,0.4863,4,-1,-1
540,179,1207.10,490.11,82.16,34.25,0.5370,4,-1,-1
540,178,176.92,423.30,21.81,13.00,0.6160,4,-1,-1
540,190,534.03,487.77,42.07,18.39,0.4494,4,-1,-1
540,192,407.31,537.19,47.63,22.47,0.7409,4,-1,-1
540,196,1225.61,571.32,73.90,28.15,0.7918,4,-1,-1
540,185,921.58,537.75,54.11,22.16,0.7950,4,-1,-1
540,188,732.91,486.36,50.01,26.67,0.5312,5,-1,-1
540,189,1318.09,592.65,74.74,31.49,0.8007,4,-1,-1
540,198,694.39,478.58,40.17,24.27,0.5390,5,-1,-1
540,184,215.23,449.53,34.57,17.45,0.5127,4,-1,-1
541,93,1230.90,854.64,26.75,68.62,0.7469,1,-1,-1
541,150,1786.73,551.50,131.54,50.66,0.8176,4,-1,-1
541,163,1488.92,520.64,105.90,45.56,0.8267,4,-1,-1
541,169,1378.65,502.38,77.66,37.08,0.7746,4,-1,-1
541,155,641.88,575.39,57.42,30.97,0.8099,4,-1,-1
541,182,324.68,476.77,42.03,18.22,0.5804,4,-1,-1
541,179,1217.37,492.14,78.05,32.27,0.7402,4,-1,-1
541,178,176.69,423.06,21.79,13.13,0.4273,4,-1,-1
541,190,534.05,487.85,42.27,18.54,0.5127,4,-1,-1
541,192,409.84,537.41,48.66,23.12,0.7439,4,-1,-1
541,196,1218.68,570.12,74.48,28.36,0.8081,4,-1,-1
541,185,914.75,536.70,55.34,22.51,0.7739,4,-1,-1
541,188,728.77,486.29,49.70,26.53,0.5137,5,-1,-1
541,189,1310.33,591.65,75.88,31.77,0.8044,4,-1,-1
541,198,692.79,477.75,40.47,24.46,0.5506,5,-1,-1
541,184,212.38,448.24,35.75,18.16,0.5516,4,-1,-1
542,93,1230.63,854.34,26.61,68.51,0.7424,1,-1,-1
542,150,1801.05,554.18,131.06,51.38,0.7957,4,-1,-1
542,163,1502.70,523.24,108.76,46.93,0.7905,4,-1,-1
542,169,1392.19,504.29,80.10,38.12,0.8135,4,-1,-1
542,155,646.93,575.82,58.12,31.52,0.8339,4,-1,-1
542,182,322.40,475.84,42.24,18.44,0.5438,4,-1,-1
542,179,1228.53,494.27,75.98,31.16,0.5879,4,-1,-1
542,178,176.56,422.96,20.64,12.54,0.5477,4,-1,-1
542,190,533.81,487.85,42.51,18.61,0.5283,4,-1,-1
542,192,413.25,538.02,48.41,23.20,0.7725,4,-1,-1
542,196,1209.74,568.79,75.64,28.84,0.7931,4,-1,-1
542,185,904.24,534.50,58.31,23.64,0.7642,4,-1,-1
542,188,725.43,485.88,49.47,26.82,0.4707,5,-1,-1
542,189,1301.72,590.33,75.19,31.23,0.8069,4,-1,-1
542,198,692.76,477.73,41.22,24.93,0.5525,5,-1,-1
542,184,212.04,447.94,32.76,16.72,0.5039,4,-1,-1
543,93,1230.55,854.25,26.25,67.75,0.7364,1,-1,-1
543,150,1809.66,555.64,129.76,52.14,0.7058,4,-1,-1
543,163,1514.43,525.11,105.66,45.42,0.7691,4,-1,-1
543,169,1402.28,505.16,80.77,38.39,0.8050,4,-1,-1
543,155,650.81,575.90,58.97,32.16,0.7988,4,-1,-1
543,182,320.80,475.62,41.06,17.98,0.5078,4,-1,-1
543,179,1236.29,495.72,77.27,31.50,0.7520,4,-1,-1
543,178,176.35,423.05,19.09,11.67,0.5263,4,-1,-1
543,190,533.05,487.81,43.16,18.88,0.5263,4,-1,-1
543,192,416.31,538.79,47.76,23.01,0.7684,4,-1,-1
543,196,1203.72,568.11,75.00,28.66,0.7866,4,-1,-1
543,185,899.26,533.65,57.92,23.44,0.7272,4,-1,-1
543,188,721.74,484.96,47.91,25.89,0.3451,5,-1,-1
543,189,1294.80,588.84,74.76,30.89,0.8087,4,-1,-1
543,198,690.70,476.53,43.19,26.24,0.6424,5,-1,-1
543,184,212.82,448.27,28.37,14.57,0.3895,4,-1,-1
544,93,1230.20,852.91,26.14,67.55,0.7394,1,-1,-1
544,150,1823.34,558.62,121.67,50.69,0.6567,4,-1,-1
544,163,1530.64,526.95,104.67,44.92,0.7866,4,-1,-1
544,169,1417.41,508.54,78.29,36.70,0.7963,4,-1,-1
544,155,654.23,575.66,61.93,34.11,0.8062,4,-1,-1
544,182,317.14,474.68,41.55,18.20,0.5784,4,-1,-1
544,179,1247.60,497.21,76.43,30.90,0.7718,4,-1,-1
544,178,175.84,422.89,17.68,10.86,0.4359,4,-1,-1
544,190,534.24,487.77,41.10,18.00,0.5477,4,-1,-1
544,192,420.14,540.30,45.36,21.87,0.7476,4,-1,-1
544,196,1194.97,566.58,75.49,28.98,0.8193,4,-1,-1
544,185,892.88,532.97,57.65,23.56,0.7146,4,-1,-1
544,188,717.45,485.23,46.73,25.07,0.2674,5,-1,-1
544,189,1284.69,587.33,75.21,30.94,0.8135,4,-1,-1
544,198,688.56,475.74,44.07,27.02,0.6671,5,-1,-1
544,184,210.77,447.92,27.76,14.46,0.5137,4,-1,-1
545,93,1230.30,852.22,25.47,65.61,0.7642,1,-1,-1
545,150,1834.96,560.28,120.45,53.17,0.4776,4,-1,-1
545,163,1547.07,528.55,105.62,45.17,0.8152,4,-1,-1
545,169,1433.28,510.50,80.09,37.36,0.7800,4,-1,-1
545,155,659.13,575.33,63.33,35.17,0.7860,4,-1,-1
545,182,315.17,473.35,39.74,17.47,0.6325,4,-1,-1
545,179,1259.54,499.07,77.34,30.98,0.7635,4,-1,-1
545,178,172.82,422.48,17.14,10.45,0.3666,4,-1,-1
545,190,534.77,487.84,41.16,18.05,0.4844,4,-1,-1
545,192,424.39,540.70,45.56,22.20,0.7621,4,-1,-1
545,196,1185.50,565.15,76.39,29.46,0.8239,4,-1,-1
545,185,885.45,531.92,57.92,23.99,0.6800,4,-1,-1
545,188,715.99,484.99,44.37,23.86,0.3007,4,-1,-1
545,189,1273.69,585.63,76.29,31.40,0.8193,4,-1,-1
545,198,689.63,476.21,41.15,25.36,0.6077,5,-1,-1
545,184,208.49,447.70,28.13,14.93,0.5784,4,-1,-1
546,93,1229.93,850.78,25.58,65.93,0.7599,1,-1,-1
546,163,1558.84,529.81,106.74,45.52,0.8289,4,-1,-1
546,169,1443.20,511.85,81.06,37.58,0.7670,4,-1,-1
546,155,663.21,577.04,61.50,34.20,0.7820,4,-1,-1
546,182,313.18,472.52,39.05,17.12,0.6522,4,-1,-1
546,179,1266.00,499.72,79.93,31.87,0.7705,4,-1,-1
546,178,171.51,422.28,16.66,10.11,0.2516,4,-1,-1
546,190,533.95,487.80,41.51,18.06,0.4282,4,-1,-1
546,192,426.12,540.90,45.79,22.55,0.7592,4,-1,-1
546,196,1180.12,564.15,74.82,28.93,0.8032,4,-1,-1
546,185,877.73,530.53,59.25,24.80,0.6487,4,-1,-1
546,188,712.48,484.41,44.59,24.06,0.3630,5,-1,-1
546,189,1265.83,584.66,77.44,31.95,0.8087,4,-1,-1
546,198,689.48,475.86,41.26,25.63,0.5679,5,-1,-1
546,184,206.84,447.69,27.82,14.98,0.3522,4,-1,-1
547,93,1229.59,849.48,25.65,66.48,0.7033,1,-1,-1
547,163,1572.92,531.91,110.61,47.15,0.8449,4,-1,-1
547,169,1457.23,512.78,83.66,38.60,0.7705,4,-1,-1
547,155,672.27,580.49,57.53,31.92,0.7766,4,-1,-1
547,182,309.64,471.88,39.19,17.16,0.6680,4,-1,-1
547,179,1277.11,501.35,81.63,32.33,0.7417,4,-1,-1
547,178,171.23,422.43,15.87,9.67,0.1052,4,-1,-1
547,190,533.63,487.70,43.26,18.79,0.4407,4,-1,-1
547,192,429.42,541.64,45.06,22.58,0.7241,4,-1,-1
547,196,1171.65,563.15,75.80,29.49,0.8524,4,-1,-1
547,185,871.66,529.60,57.97,24.68,0.5574,4,-1,-1
547,188,707.93,484.01,43.61,23.02,0.1093,4,-1,-1
547,189,1256.54,583.68,76.38,31.48,0.7820,4,-1,-1
547,198,690.60,475.92,39.66,24.69,0.4282,5,-1,-1
547,184,204.09,445.79,27.72,15.11,0.1192,4,-1,-1
548,93,1229.38,848.60,25.48,66.42,0.6935,1,-1,-1
548,163,1583.92,533.58,111.93,47.65,0.8606,4,-1,-1
548,169,1466.50,513.18,86.69,40.16,0.7025,4,-1,-1
548,155,677.09,581.96,56.31,31.16,0.7886,4,-1,-1
548,182,306.16,471.55,39.76,17.45,0.6800,4,-1,-1
548,179,1285.42,502.30,81.21,31.93,0.7372,4,-1,-1
548,178,167.12,420.87,17.71,10.93,0.1999,4,-1,-1
548,190,532.98,487.76,43.81,18.99,0.4017,4,-1,-1
548,192,431.66,542.18,44.99,22.80,0.6885,4,-1,-1
548,196,1166.52,562.77,73.15,28.48,0.8187,4,-1,-1
548,185,869.46,529.41,55.84,24.30,0.4436,4,-1,-1
548,188,700.58,482.94,44.96,23.34,0.1422,5,-1,-1
548,189,1250.75,582.49,75.40,31.14,0.8099,4,-1,-1
548,198,694.06,476.36,33.80,20.70,0.2606,4,-1,-1
548,184,202.64,445.16,27.73,15.31,0.2553,4,-1,-1
548,201,1726.35,651.50,99.17,43.83,0.4971,4,-1,-1
549,93,1229.17,848.92,24.70,64.55,0.6433,1,-1,-1
549,163,1598.89,535.51,113.69,48.37,0.8245,4,-1,-1
549,169,1481.19,514.88,88.77,41.03,0.7892,4,-1,-1
549,155,682.34,583.61,55.80,30.74,0.7905,4,-1,-1
549,182,304.34,470.77,38.42,16.87,0.7050,4,-1,-1
549,179,1293.98,503.04,87.60,34.66,0.7606,4,-1,-1
549,178,163.54,419.93,18.05,11.03,0.1981,4,-1,-1
549,190,533.07,488.62,44.08,19.12,0.1824,4,-1,-1
549,192,436.75,541.74,47.89,24.37,0.7409,4,-1,-1
549,196,1159.13,562.29,72.70,28.36,0.8176,4,-1,-1
549,188,695.89,482.83,46.11,23.70,0.2351,5,-1,-1
549,189,1242.23,581.49,75.08,31.05,0.8062,4,-1,-1
549,198,697.16,476.29,28.56,16.85,0.2991,4,-1,-1
549,184,200.79,445.28,25.25,14.05,0.1144,4,-1,-1
549,201,1719.93,651.35,83.83,36.90,0.4073,4,-1,-1
550,93,1228.72,848.72,24.40,63.93,0.7114,1,-1,-1
550,163,1617.41,538.05,113.62,48.18,0.7635,4,-1,-1
550,169,1496.89,516.10,90.83,41.93,0.7663,4,-1,-1
550,155,687.45,584.87,57.14,31.40,0.8026,4,-1,-1
550,182,302.73,469.71,37.77,16.63,0.6951,4,-1,-1
550,179,1306.52,503.80,89.27,35.40,0.6993,4,-1,-1
550,190,533.08,489.26,45.58,19.81,0.2502,4,-1,-1
550,192,439.77,541.55,50.23,25.70,0.7334,4,-1,-1
550,196,1151.17,561.27,72.13,28.22,0.8087,4,-1,-1
550,188,692.33,481.30,48.34,25.01,0.3208,5,-1,-1
550,189,1232.99,580.95,73.31,30.26,0.7866,4,-1,-1
550,184,198.36,444.04,24.84,14.15,0.1251,4,-1,-1
550,201,1702.53,650.15,83.76,36.73,0.5020,4,-1,-1
551,93,1227.99,847.52,24.65,64.69,0.7066,1,-1,-1
551,163,1629.66,539.72,115.00,48.64,0.8007,4,-1,-1
551,169,1510.08,518.19,89.36,41.02,0.7969,4,-1,-1
551,155,690.95,585.19,58.39,32.05,0.8273,4,-1,-1
551,182,300.94,469.15,38.20,16.92,0.6558,4,-1,-1
551,179,1316.29,505.14,88.28,34.91,0.6826,4,-1,-1
551,190,532.67,488.23,43.05,18.69,0.4873,4,-1,-1
551,192,443.59,542.16,49.37,25.38,0.7454,4,-1,-1
551,196,1145.36,560.36,72.15,28.28,0.7732,4,-1,-1
551,188,689.32,479.97,49.54,25.92,0.3486,5,-1,-1
551,189,1226.28,580.10,73.54,30.35,0.8099,4,-1,-1
551,201,1688.36,646.37,93.13,40.83,0.5020,4,-1,-1
552,93,1227.32,846.96,24.75,64.92,0.7017,1,-1,-1
552,163,1645.39,541.96,118.41,50.04,0.7982,4,-1,-1
552,169,1524.70,519.01,92.03,42.26,0.7170,4,-1,-1
552,155,697.23,586.41,58.30,31.86,0.8146,4,-1,-1
552,182,297.46,468.95,38.54,17.01,0.6469,4,-1,-1
552,179,1328.92,507.04,88.03,34.74,0.7372,4,-1,-1
552,190,534.22,487.35,42.04,18.40,0.5166,4,-1,-1
552,192,448.49,542.95,47.40,24.47,0.6993,4,-1,-1
552,196,1136.68,559.17,73.38,28.92,0.7840,4,-1,-1
552,188,689.70,479.85,47.17,24.77,0.2207,5,-1,-1
552,189,1217.55,578.68,73.16,30.18,0.7988,4,-1,-1
552,201,1677.25,644.41,87.37,38.07,0.4591,4,-1,-1
553,93,1226.83,846.48,24.96,65.57,0.6951,1,-1,-1
553,163,1656.03,543.08,123.56,52.44,0.8256,4,-1,-1
553,169,1538.71,521.64,90.12,41.27,0.7944,4,-1,-1
553,155,701.47,587.40,58.22,31.76,0.8152,4,-1,-1
553,182,294.99,468.71,39.07,17.22,0.5554,4,-1,-1
553,179,1338.13,508.37,86.73,34.07,0.7154,4,-1,-1
553,190,535.78,487.58,40.39,17.73,0.5224,4,-1,-1
553,192,450.82,542.85,48.42,25.11,0.7326,4,-1,-1
553,196,1131.22,558.65,72.88,28.84,0.7705,4,-1,-1
553,188,683.85,479.16,46.40,24.49,0.1476,5,-1,-1
553,189,1211.98,578.50,71.42,29.32,0.8026,4,-1,-1
553,201,1670.70,642.81,81.85,35.30,0.5660,4,-1,-1
554,93,1226.46,847.63,24.50,63.95,0.7194,1,-1,-1
554,163,1673.75,545.40,121.73,51.46,0.7879,4,-1,-1
554,169,1554.20,523.21,92.30,42.26,0.7969,4,-1,-1
554,155,707.55,588.55,58.09,31.62,0.8306,4,-1,-1
554,182,291.86,467.13,39.67,17.62,0.2991,4,-1,-1
554,179,1347.76,510.27,92.27,36.38,0.7233,4,-1,-1
554,190,535.78,487.72,40.31,17.74,0.5020,4,-1,-1
554,192,454.83,544.00,48.54,25.32,0.7210,4,-1,-1
554,196,1124.36,557.83,71.61,28.42,0.7912,4,-1,-1
554,188,682.47,480.23,46.42,24.91,0.4707,5,-1,-1
554,189,1203.73,577.63,70.65,28.89,0.8135,4,-1,-1
554,201,1654.04,639.86,87.42,37.56,0.5593,4,-1,-1
555,93,1225.99,847.62,24.51,63.89,0.7082,1,-1,-1
555,163,1692.27,546.99,121.74,51.43,0.7800,4,-1,-1
555,169,1571.90,525.77,93.56,42.65,0.8193,4,-1,-1
555,155,713.25,589.77,58.86,31.98,0.8182,4,-1,-1
555,182,289.47,466.39,39.31,17.50,0.3585,4,-1,-1
555,179,1361.94,511.55,91.43,35.99,0.7753,4,-1,-1
555,190,536.60,487.78,39.15,17.26,0.4824,4,-1,-1
555,192,457.29,543.38,51.69,27.24,0.7341,4,-1,-1
555,196,1115.96,556.61,71.57,28.56,0.7663,4,-1,-1
555,188,677.26,479.92,47.18,25.77,0.4922,5,-1,-1
555,189,1194.31,576.27,71.15,29.08,0.8099,4,-1,-1
555,201,1638.04,635.85,89.70,38.47,0.5195,4,-1,-1
556,93,1225.42,846.19,25.15,65.65,0.6868,1,-1,-1
556,163,1703.50,547.09,130.18,55.41,0.8105,4,-1,-1
556,169,1584.99,527.21,95.05,43.04,0.8245,4,-1,-1
556,155,716.89,590.47,59.77,32.44,0.8228,4,-1,-1
556,182,286.64,466.12,39.70,17.64,0.5224,4,-1,-1
556,179,1373.02,512.71,90.53,35.51,0.7402,4,-1,-1
556,190,536.96,487.77,40.61,18.00,0.4591,4,-1,-1
556,192,460.53,544.12,51.68,27.40,0.7249,4,-1,-1
556,196,1110.37,555.83,71.52,28.67,0.7853,4,-1,-1
556,188,672.91,479.70,47.60,26.47,0.5448,5,-1,-1
556,189,1186.79,575.09,72.42,29.62,0.8001,4,-1,-1
556,201,1629.84,635.84,87.95,37.51,0.6442,4,-1,-1
556,205,728.62,425.64,28.83,16.80,0.5283,4,-1,-1
557,93,1225.21,845.37,25.26,66.16,0.6732,1,-1,-1
557,163,1719.90,549.05,134.09,57.47,0.8222,4,-1,-1
557,169,1601.17,528.65,97.26,43.95,0.8222,4,-1,-1
557,155,722.38,591.73,60.44,32.83,0.8239,4,-1,-1
557,182,283.04,465.31,39.13,17.33,0.5670,4,-1,-1
557,179,1385.77,514.05,92.12,36.07,0.6758,4,-1,-1
557,190,537.19,487.84,40.61,18.10,0.4834,4,-1,-1
557,192,464.29,543.55,53.49,28.82,0.6469,4,-1,-1
557,196,1103.15,554.45,71.53,28.78,0.8392,4,-1,-1
557,188,671.35,480.28,42.78,24.08,0.1694,5,-1,-1
557,189,1178.35,574.12,72.55,29.74,0.7937,4,-1,-1
557,201,1616.18,634.10,90.33,38.49,0.5574,4,-1,-1
557,205,728.55,424.70,31.64,18.37,0.3531,4,-1,-1
558,93,1224.88,844.01,25.60,67.57,0.6766,1,-1,-1
558,163,1733.62,551.68,133.78,57.59,0.8044,4,-1,-1
558,169,1612.74,529.52,99.30,44.89,0.8152,4,-1,-1
558,155,726.94,592.86,60.07,32.64,0.8261,4,-1,-1
558,182,281.36,465.46,37.74,16.65,0.6105,4,-1,-1
558,179,1395.38,514.67,92.54,36.16,0.7866,4,-1,-1
558,190,537.40,487.93,40.22,18.00,0.4756,4,-1,-1
558,192,466.93,544.47,52.28,28.56,0.6723,4,-1,-1
558,196,1098.09,553.36,72.03,29.13,0.8170,4,-1,-1
558,189,1173.23,573.71,71.25,29.19,0.8001,4,-1,-1
558,201,1605.94,633.34,92.09,39.27,0.3877,4,-1,-1
558,205,733.45,426.54,29.35,16.85,0.4922,4,-1,-1
559,93,1224.39,842.84,25.66,68.13,0.7001,1,-1,-1
559,163,1752.62,554.13,133.58,57.69,0.7827,4,-1,-1
559,169,1629.66,531.51,100.90,45.64,0.7447,4,-1,-1
559,155,732.50,593.56,60.03,32.71,0.8111,4,-1,-1
559,182,278.47,464.28,37.65,16.66,0.5917,4,-1,-1
559,179,1404.93,515.43,100.41,39.55,0.3558,4,-1,-1
559,190,537.61,488.08,40.22,18.05,0.4854,4,-1,-1
559,192,473.35,547.53,47.65,26.23,0.7082,4,-1,-1
559,196,1090.42,552.05,72.15,29.38,0.8111,4,-1,-1
559,189,1166.52,573.23,69.50,28.42,0.7833,4,-1,-1
559,201,1597.03,631.85,86.91,36.85,0.6011,4,-1,-1
559,205,736.29,425.40,31.47,17.89,0.5185,4,-1,-1
560,93,1223.77,841.37,25.72,68.49,0.7017,1,-1,-1
560,163,1773.94,557.75,133.17,57.52,0.8141,4,-1,-1
560,169,1647.42,532.07,106.27,47.89,0.7773,4,-1,-1
560,155,740.04,594.82,59.77,32.57,0.8026,4,-1,-1
560,182,275.12,462.96,37.99,16.86,0.6800,4,-1,-1
560,179,1417.79,515.96,103.96,41.25,0.7773,4,-1,-1
560,190,537.02,488.02,38.60,17.32,0.4168,4,-1,-1
560,192,480.22,548.93,45.92,25.05,0.7114,4,-1,-1
560,196,1082.68,550.89,71.50,29.31,0.7739,4,-1,-1
560,189,1157.63,571.51,69.26,28.34,0.7753,4,-1,-1
560,201,1582.49,629.13,87.67,37.21,0.5823,4,-1,-1
560,205,742.44,426.38,29.18,16.28,0.3132,4,-1,-1
561,93,1223.25,840.20,25.26,67.33,0.6984,1,-1,-1
561,163,1788.57,559.03,133.57,57.81,0.8152,4,-1,-1
561,169,1663.23,534.74,104.32,46.92,0.8117,4,-1,-1
561,155,744.59,595.35,60.72,33.09,0.8062,4,-1,-1
561,182,273.06,462.10,38.50,17.14,0.6522,4,-1,-1
561,179,1427.85,517.25,103.94,41.43,0.7506,4,-1,-1
561,190,538.13,487.96,38.88,17.44,0.4177,4,-1,-1
561,192,482.96,549.14,46.49,25.22,0.7194,4,-1,-1
561,196,1079.68,549.87,68.84,28.37,0.7424,4,-1,-1
561,189,1151.60,570.45,69.38,28.35,0.7950,4,-1,-1
561,201,1573.39,626.50,87.74,37.17,0.6885,4,-1,-1
561,205,748.01,427.67,27.74,15.07,0.1577,4,-1,-1
562,93,1222.53,838.35,24.87,66.05,0.7146,1,-1,-1
562,163,1799.89,560.10,136.16,60.32,0.7356,4,-1,-1
562,169,1683.01,537.39,102.24,45.65,0.7905,4,-1,-1
562,155,750.51,595.48,60.11,32.72,0.8205,4,-1,-1
562,182,271.31,460.74,36.16,15.99,0.6451,4,-1,-1
562,179,1441.40,517.66,104.99,42.09,0.7892,4,-1,-1
562,190,540.95,488.12,39.88,17.54,0.2200,4,-1,-1
562,192,486.69,549.14,46.96,25.33,0.8013,4,-1,-1
562,196,1074.78,547.75,67.67,28.27,0.7066,4,-1,-1
562,189,1144.31,569.00,67.10,27.31,0.7976,4,-1,-1
562,201,1562.11,623.44,87.34,37.00,0.7074,4,-1,-1
562,205,753.35,427.38,28.69,15.31,0.5068,4,-1,-1
563,93,1221.97,836.19,24.58,65.41,0.7066,1,-1,-1
563,163,1809.30,560.59,130.94,59.36,0.6316,4,-1,-1
563,169,1697.53,538.34,101.31,44.93,0.8032,4,-1,-1
563,155,755.29,594.54,60.61,32.89,0.8176,4,-1,-1
563,182,270.15,459.03,35.54,15.71,0.7130,4,-1,-1
563,179,1452.80,518.42,102.57,41.12,0.7635,4,-1,-1
563,190,542.94,487.03,43.58,18.72,0.3049,4,-1,-1
563,192,489.25,548.65,47.60,25.56,0.7912,4,-1,-1
563,196,1068.40,545.19,69.05,29.25,0.7130,4,-1,-1
563,189,1137.76,566.90,68.11,27.80,0.8273,4,-1,-1
563,201,1554.57,620.65,86.02,36.29,0.7866,4,-1,-1
563,205,752.74,425.40,33.29,17.52,0.5283,4,-1,-1
564,93,1221.51,833.19,24.50,65.36,0.7210,1,-1,-1
564,163,1822.68,560.71,122.74,57.72,0.2187,4,-1,-1
564,169,1714.89,537.21,105.24,46.68,0.7170,4,-1,-1
564,155,761.75,593.83,60.32,32.64,0.8158,4,-1,-1
564,182,267.10,455.82,36.26,16.03,0.4678,4,-1,-1
564,179,1467.46,518.33,102.38,41.14,0.8019,4,-1,-1
564,190,541.83,484.42,43.90,18.53,0.2365,4,-1,-1
564,192,492.78,546.83,48.13,25.77,0.7491,4,-1,-1
564,196,1058.69,540.03,72.11,31.00,0.6487,4,-1,-1
564,189,1129.25,562.80,69.87,28.62,0.8146,4,-1,-1
564,201,1543.94,616.83,85.13,35.73,0.6843,4,-1,-1
564,205,755.65,422.44,35.45,18.41,0.5974,4,-1,-1
565,93,1220.91,829.30,24.34,64.96,0.6951,1,-1,-1
565,163,1844.93,567.22,98.82,48.32,0.6123,4,-1,-1
565,169,1737.31,537.12,105.09,46.47,0.7520,4,-1,-1
565,155,768.12,591.81,61.15,33.04,0.8182,4,-1,-1
565,182,263.16,451.53,37.10,16.45,0.5088,4,-1,-1
565,179,1483.07,516.43,103.66,41.73,0.6893,4,-1,-1
565,190,541.66,481.92,45.85,19.22,0.2330,4,-1,-1
565,192,498.49,544.43,47.83,25.50,0.7585,4,-1,-1
565,196,1051.53,535.22,71.93,31.46,0.6593,4,-1,-1
565,189,1121.27,559.06,68.67,28.14,0.8239,4,-1,-1
565,201,1530.76,611.51,85.72,36.01,0.7677,4,-1,-1
565,205,760.38,420.34,35.66,18.09,0.1877,4,-1,-1
566,93,1220.30,826.21,24.30,64.91,0.6817,1,-1,-1
566,169,1750.10,535.49,108.26,47.83,0.8032,4,-1,-1
566,155,772.54,590.05,61.20,32.96,0.8170,4,-1,-1
566,182,261.48,448.68,36.65,16.28,0.4883,4,-1,-1
566,179,1493.47,515.20,105.49,42.64,0.7892,4,-1,-1
566,190,543.16,479.52,48.36,20.23,0.1045,4,-1,-1
566,192,502.00,542.81,47.68,25.27,0.7899,4,-1,-1
566,196,1047.78,531.25,71.54,31.90,0.6123,4,-1,-1
566,189,1116.05,556.28,67.27,27.59,0.8146,4,-1,-1
566,201,1522.78,607.76,86.31,36.20,0.7759,4,-1,-1
566,205,768.20,419.36,32.37,16.01,0.1500,4,-1,-1
566,210,1869.48,560.82,54.39,40.80,0.6567,4,-1,-1
567,93,1219.74,820.92,24.69,66.20,0.6307,1,-1,-1
567,169,1769.49,534.21,110.02,48.54,0.8176,4,-1,-1
567,155,778.31,586.97,62.64,33.68,0.8228,4,-1,-1
567,182,258.97,444.72,35.53,15.66,0.4321,4,-1,-1
567,179,1507.69,513.54,106.95,43.42,0.8210,4,-1,-1
567,192,506.59,539.31,48.91,25.87,0.7642,4,-1,-1
567,196,1039.83,527.13,69.95,31.47,0.5312,4,-1,-1
567,189,1109.59,551.71,65.82,26.98,0.8111,4,-1,-1
567,201,1513.06,602.89,83.60,34.89,0.7520,4,-1,-1
567,205,769.74,415.02,35.77,17.40,0.6270,4,-1,-1
568,93,1219.95,817.81,24.58,66.11,0.6749,1,-1,-1
568,169,1783.45,532.25,112.43,49.69,0.8117,4,-1,-1
568,155,783.02,585.11,62.87,33.84,0.8349,4,-1,-1
568,182,256.42,440.80,36.80,16.30,0.4971,4,-1,-1
568,179,1519.90,511.99,104.26,42.34,0.7691,4,-1,-1
568,192,508.66,536.39,51.00,27.00,0.7571,4,-1,-1
568,196,1035.41,525.00,69.16,31.45,0.5936,4,-1,-1
568,189,1104.51,547.97,65.27,26.74,0.8158,4,-1,-1
568,201,1505.07,599.02,84.25,35.12,0.8044,4,-1,-1
568,205,771.92,412.29,37.70,18.07,0.5974,4,-1,-1
568,212,856.02,425.06,49.74,20.86,0.5283,4,-1,-1
569,93,1218.98,813.65,24.06,65.19,0.6749,1,-1,-1
569,169,1804.77,531.04,111.00,48.99,0.8199,4,-1,-1
569,155,789.76,582.31,62.81,33.78,0.8062,4,-1,-1
569,182,253.67,435.84,37.02,16.41,0.7146,4,-1,-1
569,179,1537.14,510.17,101.81,41.15,0.7982,4,-1,-1
569,192,513.07,533.08,51.31,27.28,0.7130,4,-1,-1
569,196,1030.32,520.66,64.68,29.43,0.5088,4,-1,-1
569,189,1096.70,542.91,66.63,27.40,0.8123,4,-1,-1
569,201,1493.37,593.37,84.68,35.31,0.7461,4,-1,-1
569,205,776.24,409.71,37.45,17.54,0.5727,4,-1,-1
569,212,860.47,420.49,49.80,20.91,0.4873,4,-1,-1
570,93,1218.70,809.54,23.41,63.80,0.7210,1,-1,-1
570,169,1823.15,529.47,105.81,47.39,0.7892,4,-1,-1
570,155,796.20,579.02,64.09,34.45,0.8228,4,-1,-1
570,182,250.81,430.42,35.94,15.91,0.7272,4,-1,-1
570,179,1551.87,506.98,105.05,42.44,0.7535,4,-1,-1
570,192,518.14,529.64,50.97,27.02,0.7670,4,-1,-1
570,196,1024.67,518.28,59.33,26.71,0.2689,4,-1,-1
570,189,1088.76,537.02,66.57,27.45,0.7950,4,-1,-1
570,201,1482.10,586.36,84.12,35.17,0.6680,4,-1,-1
570,205,779.22,403.16,41.46,19.31,0.5039,4,-1,-1
570,212,867.24,416.60,45.09,18.94,0.4225,4,-1,-1
571,93,1218.69,805.15,23.98,65.32,0.7082,1,-1,-1
571,169,1829.92,526.73,108.62,50.09,0.7154,4,-1,-1
571,155,800.90,576.61,64.75,34.67,0.8062,4,-1,-1
571,182,247.02,425.62,39.06,17.40,0.3183,4,-1,-1
571,179,1563.23,505.47,106.73,43.11,0.7982,4,-1,-1
571,192,522.14,527.43,50.72,26.90,0.7739,4,-1,-1
571,196,1021.56,513.69,63.27,28.38,0.2487,4,-1,-1
571,189,1084.56,533.68,64.39,26.61,0.7912,4,-1,-1
571,201,1473.92,581.24,86.39,36.50,0.6918,4,-1,-1
571,205,782.07,399.80,42.37,19.61,0.4426,4,-1,-1
571,212,870.98,413.51,51.56,21.66,0.4007,4,-1,-1
572,93,1217.98,799.75,24.04,65.79,0.6142,1,-1,-1
572,169,1848.50,526.70,93.64,44.88,0.5419,4,-1,-1
572,155,807.99,573.71,65.01,34.79,0.8193,4,-1,-1
572,182,244.31,420.33,38.57,17.29,0.5166,4,-1,-1
572,179,1578.43,503.01,109.21,44.17,0.8210,4,-1,-1
572,192,527.42,524.58,49.81,26.32,0.7725,4,-1,-1
572,189,1079.27,528.18,63.74,26.62,0.7513,4,-1,-1
572,201,1458.11,574.37,89.39,37.79,0.6123,4,-1,-1
572,205,787.11,396.54,43.94,20.24,0.7017,4,-1,-1
572,212,877.48,409.38,48.63,20.46,0.6049,4,-1,-1
573,93,1217.44,795.66,23.98,65.64,0.5870,1,-1,-1
573,169,1859.12,525.01,86.22,43.46,0.5176,4,-1,-1
573,155,812.22,571.33,65.62,35.09,0.8158,4,-1,-1
573,182,242.99,416.88,37.85,17.07,0.6030,4,-1,-1
573,179,1589.15,500.76,110.79,44.85,0.8069,4,-1,-1
573,192,531.62,523.06,48.39,25.31,0.7677,4,-1,-1
573,189,1076.46,524.69,62.17,26.23,0.7677,4,-1,-1
573,201,1450.55,569.07,90.81,38.63,0.4121,4,-1,-1
573,205,788.73,392.68,46.07,21.27,0.6433,4,-1,-1
573,212,883.76,406.16,48.95,20.51,0.4111,4,-1,-1
574,93,1217.21,791.21,23.58,64.70,0.7017,1,-1,-1
574,155,819.24,568.58,65.02,34.70,0.8250,4,-1,-1
574,182,241.89,411.95,36.04,16.27,0.5205,4,-1,-1
574,179,1605.38,497.79,111.02,44.93,0.8245,4,-1,-1
574,192,535.28,518.43,49.79,26.00,0.7840,4,-1,-1
574,189,1067.97,518.94,63.22,26.90,0.7225,4,-1,-1
574,201,1436.95,561.74,93.27,40.05,0.4717,4,-1,-1
574,205,793.61,388.18,47.47,21.99,0.6610,4,-1,-1
574,212,890.67,401.17,50.22,20.93,0.1716,4,-1,-1
575,93,1216.93,785.34,23.61,64.61,0.6868,1,-1,-1
575,155,826.07,564.81,66.21,35.31,0.8193,4,-1,-1
575,182,239.14,406.06,36.29,16.57,0.3337,4,-1,-1
575,179,1621.94,495.19,115.37,46.83,0.8210,4,-1,-1
575,192,541.02,515.14,48.86,25.24,0.7950,4,-1,-1
575,189,1059.45,512.91,62.77,26.75,0.6663,4,-1,-1
575,201,1426.35,554.47,94.56,41.15,0.3621,4,-1,-1
575,205,799.89,384.67,46.29,21.31,0.4659,4,-1,-1
575,212,894.54,394.40,63.19,26.51,0.3469,6,-1,-1
576,93,1217.05,781.30,23.41,63.82,0.6918,1,-1,-1
576,155,831.32,562.84,65.99,35.13,0.8284,4,-1,-1
576,182,237.34,401.67,35.90,16.51,0.5049,4,-1,-1
576,179,1634.50,493.48,116.42,47.34,0.7931,4,-1,-1
576,192,544.31,511.80,50.74,26.09,0.7718,4,-1,-1
576,189,1052.62,508.52,63.87,27.19,0.6645,4,-1,-1
576,201,1425.83,551.25,90.18,40.10,0.2583,4,-1,-1
576,205,803.55,382.68,45.85,20.91,0.7082,4,-1,-1
576,212,899.27,393.71,57.04,24.02,0.3775,4,-1,-1
577,93,1216.40,775.32,23.27,63.37,0.6593,1,-1,-1
577,155,837.26,559.00,67.86,36.22,0.8170,4,-1,-1
577,182,234.66,396.36,35.53,16.46,0.5670,4,-1,-1
577,179,1650.80,490.85,117.89,47.98,0.8044,4,-1,-1
577,192,546.61,506.77,54.47,28.13,0.7677,4,-1,-1
577,189,1048.69,503.12,60.88,25.97,0.3540,4,-1,-1
577,205,807.47,377.34,50.35,23.20,0.6951,4,-1,-1
577,212,909.97,392.77,55.06,23.02,0.5496,4,-1,-1
578,93,1215.71,770.31,23.53,64.19,0.6783,1,-1,-1
578,155,843.53,557.32,67.35,35.67,0.8170,4,-1,-1
578,182,232.88,393.24,34.95,16.27,0.5879,4,-1,-1
578,179,1662.12,488.32,121.49,49.78,0.8418,4,-1,-1
578,192,550.50,504.02,54.76,28.29,0.7899,4,-1,-1
578,189,1041.14,499.69,64.10,27.48,0.3337,4,-1,-1
578,205,812.69,375.22,48.84,22.58,0.6901,4,-1,-1
578,212,913.49,390.40,49.64,20.75,0.4932,4,-1,-1
579,93,1215.59,765.93,22.90,62.22,0.7303,1,-1,-1
579,155,849.80,554.29,68.46,36.25,0.7925,4,-1,-1
579,182,230.62,388.40,33.33,15.45,0.6307,4,-1,-1
579,179,1680.15,486.96,121.60,49.99,0.7592,4,-1,-1
579,192,556.62,501.71,51.94,26.69,0.7698,4,-1,-1
579,189,1033.19,494.18,63.52,27.15,0.2429,4,-1,-1
579,205,817.46,371.68,48.47,22.39,0.7114,4,-1,-1
579,212,918.83,386.14,57.31,24.01,0.4922,4,-1,-1
580,93,1215.30,761.27,22.51,60.35,0.6610,1,-1,-1
580,155,857.01,551.31,67.29,35.62,0.7684,4,-1,-1
580,182,228.21,382.41,33.13,15.37,0.6935,4,-1,-1
580,179,1699.89,484.76,121.73,50.23,0.8044,4,-1,-1
580,192,561.23,498.78,51.92,26.65,0.7820,4,-1,-1
580,189,1027.27,490.15,59.21,24.94,0.3603,4,-1,-1
580,205,823.74,367.61,49.09,22.82,0.5419,4,-1,-1
580,212,928.46,383.50,55.89,23.07,0.3407,4,-1,-1
581,93,1214.49,757.39,22.74,60.38,0.6540,1,-1,-1
581,155,862.42,548.94,67.51,35.76,0.7439,4,-1,-1
581,182,226.10,377.62,33.52,15.58,0.6715,4,-1,-1
581,179,1713.58,482.42,122.71,50.74,0.7905,4,-1,-1
581,192,565.71,496.78,50.93,26.00,0.7899,4,-1,-1
581,189,1019.85,487.55,64.32,27.28,0.2200,4,-1,-1
581,205,828.65,364.60,48.12,22.31,0.5419,4,-1,-1
581,212,934.68,381.69,54.59,22.20,0.5322,4,-1,-1
582,93,1213.80,750.74,23.86,62.80,0.6540,1,-1,-1
582,155,869.96,546.54,65.46,34.66,0.7424,4,-1,-1
582,182,222.81,372.55,34.21,15.88,0.6361,4,-1,-1
582,179,1732.37,481.30,122.39,50.60,0.7249,4,-1,-1
582,192,570.46,493.21,52.26,26.66,0.7739,4,-1,-1
582,189,1016.87,481.70,57.53,24.62,0.2187,4,-1,-1
582,205,834.67,361.95,46.49,21.42,0.6783,4,-1,-1
582,212,938.79,378.10,49.69,20.19,0.3711,4,-1,-1
583,93,1213.31,748.66,23.59,61.07,0.5955,1,-1,-1
583,155,874.86,544.62,65.04,34.51,0.6984,4,-1,-1
583,182,219.95,369.68,34.92,16.18,0.6011,4,-1,-1
583,179,1746.66,479.52,120.84,49.74,0.7918,4,-1,-1
583,192,574.31,491.30,51.85,26.44,0.7739,4,-1,-1
583,189,1017.50,479.06,55.06,23.65,0.2902,4,-1,-1
583,205,838.70,359.79,46.68,21.24,0.6575,4,-1,-1
583,212,941.58,374.57,51.46,21.14,0.3585,4,-1,-1
583,220,951.39,463.46,50.25,24.04,0.5898,4,-1,-1
583,201,1364.69,525.74,61.81,28.01,0.5224,4,-1,-1
584,93,1212.42,744.55,23.98,61.40,0.6469,1,-1,-1
584,155,881.58,542.70,63.64,33.74,0.6610,4,-1,-1
584,182,217.10,365.72,34.68,16.01,0.5283,4,-1,-1
584,179,1763.50,478.24,125.26,51.68,0.8164,4,-1,-1
584,192,579.81,488.96,51.51,26.08,0.8019,4,-1,-1
584,189,1010.60,474.72,54.99,24.14,0.3785,4,-1,-1
584,205,843.87,357.54,46.87,21.24,0.5593,4,-1,-1
584,212,949.01,372.33,49.77,20.42,0.1790,4,-1,-1
584,220,947.16,458.17,53.29,25.45,0.7334,4,-1,-1
584,201,1361.10,520.26,65.73,29.17,0.4158,4,-1,-1
585,93,1212.04,741.34,24.47,62.02,0.6817,1,-1,-1
585,155,888.87,541.59,60.43,32.09,0.4092,4,-1,-1
585,182,214.48,361.37,34.98,16.19,0.6697,4,-1,-1
585,179,1786.21,478.35,122.57,50.25,0.7982,4,-1,-1
585,192,584.63,487.23,52.00,26.17,0.7873,4,-1,-1
585,189,1005.38,470.57,55.05,24.72,0.1325,4,-1,-1
585,205,848.71,353.89,49.98,22.74,0.5535,4,-1,-1
585,220,941.70,453.13,54.38,25.90,0.7469,4,-1,-1
585,201,1348.79,514.68,68.95,30.76,0.6289,4,-1,-1
586,93,1211.67,739.70,24.43,61.01,0.7001,1,-1,-1
586,182,213.25,359.31,33.92,15.59,0.4475,4,-1,-1
586,179,1799.81,478.42,121.15,49.61,0.8081,4,-1,-1
586,192,586.34,483.20,57.34,29.11,0.7498,4,-1,-1
586,205,849.99,349.13,55.92,25.82,0.5137,4,-1,-1
586,220,937.38,449.69,55.76,26.43,0.7925,4,-1,-1
586,201,1340.07,510.31,73.25,33.10,0.7379,4,-1,-1
586,221,537.03,402.98,34.99,19.02,0.4610,4,-1,-1
587,93,1211.04,738.47,24.07,59.61,0.6487,1,-1,-1
587,182,210.31,356.59,34.39,15.81,0.5302,4,-1,-1
587,179,1816.47,479.44,112.24,46.41,0.7318,4,-1,-1
587,192,591.42,481.83,58.01,29.58,0.7642,4,-1,-1
587,205,858.81,349.97,51.15,23.57,0.6575,4,-1,-1
587,220,931.19,447.27,55.07,25.94,0.7670,4,-1,-1
587,201,1333.34,506.01,74.41,33.46,0.7698,4,-1,-1
587,221,537.77,402.43,31.55,17.08,0.3381,4,-1,-1
588,93,1210.51,737.78,23.73,58.26,0.6645,1,-1,-1
588,182,207.74,354.11,34.74,15.95,0.2436,4,-1,-1
588,179,1824.59,479.44,109.64,46.21,0.7326,4,-1,-1
588,192,594.41,480.52,58.90,30.14,0.7712,4,-1,-1
588,205,862.20,349.01,52.81,24.55,0.2160,6,-1,-1
588,220,926.63,445.48,55.66,26.04,0.7793,4,-1,-1
588,201,1327.78,503.38,76.63,34.30,0.7535,4,-1,-1
588,221,540.32,401.39,33.65,18.13,0.2187,4,-1,-1
589,93,1209.59,736.15,23.94,58.14,0.7033,1,-1,-1
589,182,205.39,352.00,34.40,15.77,0.2934,4,-1,-1
589,179,1836.60,480.70,104.87,45.90,0.6843,4,-1,-1
589,192,600.17,480.33,58.41,29.91,0.7621,4,-1,-1
589,205,866.09,346.56,53.73,25.44,0.1608,4,-1,-1
589,220,920.84,443.25,55.98,26.02,0.7656,4,-1,-1
589,201,1318.74,500.77,75.69,33.91,0.7520,4,-1,-1
589,221,537.64,398.47,34.32,18.48,0.5010,4,-1,-1
589,189,975.52,457.87,60.29,27.04,0.5400,4,-1,-1
590,93,1208.92,734.34,24.14,58.40,0.6984,1,-1,-1
590,182,204.15,350.23,32.06,14.69,0.4698,4,-1,-1
590,192,605.89,480.12,59.37,30.40,0.7409,4,-1,-1
590,205,874.83,346.88,52.72,24.92,0.6593,4,-1,-1
590,220,912.12,441.47,55.40,25.45,0.7318,4,-1,-1
590,201,1307.92,497.38,76.72,34.51,0.7827,4,-1,-1
590,221,536.07,396.94,35.63,19.20,0.3794,4,-1,-1
590,189,968.53,456.25,59.82,26.57,0.4407,4,-1,-1
591,93,1208.73,733.59,24.14,58.15,0.7082,1,-1,-1
591,182,202.30,348.35,32.84,15.25,0.5010,4,-1,-1
591,192,610.25,480.17,59.27,30.44,0.7498,4,-1,-1
591,205,880.39,346.78,52.87,25.03,0.5842,4,-1,-1
591,220,907.49,440.65,55.33,25.21,0.7272,4,-1,-1
591,201,1301.52,495.61,77.14,34.84,0.7773,4,-1,-1
591,221,535.42,396.05,34.88,18.75,0.4378,4,-1,-1
591,189,964.30,455.56,58.16,25.64,0.5127,4,-1,-1
591,223,743.60,340.42,44.14,20.72,0.5380,4,-1,-1
592,93,1208.13,731.25,24.62,59.30,0.6783,1,-1,-1
592,182,202.41,347.65,30.62,14.39,0.3381,4,-1,-1
592,192,616.19,479.68,60.62,31.17,0.7628,4,-1,-1
592,205,885.48,345.85,54.89,26.23,0.5516,4,-1,-1
592,220,900.55,438.99,56.39,25.55,0.7287,4,-1,-1
592,201,1292.96,494.19,75.78,34.33,0.8056,4,-1,-1
592,221,539.07,396.46,32.24,17.08,0.3416,4,-1,-1
592,189,959.11,454.88,57.10,24.78,0.5917,4,-1,-1
592,223,747.85,340.52,43.93,20.63,0.3942,4,-1,-1
593,93,1207.83,729.64,24.86,59.91,0.6868,1,-1,-1
593,182,201.74,346.97,29.96,14.21,0.3933,4,-1,-1
593,192,619.45,480.08,60.87,31.33,0.7820,4,-1,-1
593,205,891.27,346.83,52.85,25.33,0.5224,4,-1,-1
593,220,897.24,437.91,56.00,25.31,0.6663,4,-1,-1
593,201,1287.45,493.40,74.42,33.78,0.7892,4,-1,-1
593,221,540.71,396.48,31.38,16.38,0.4102,4,-1,-1
593,189,955.13,455.23,55.65,23.93,0.6610,4,-1,-1
593,223,752.63,340.40,41.67,19.57,0.4834,4,-1,-1
594,93,1208.01,730.32,23.75,57.11,0.6558,1,-1,-1
594,182,201.29,346.83,28.20,13.43,0.4083,4,-1,-1
594,192,622.67,480.04,61.82,32.25,0.7225,4,-1,-1
594,205,898.68,347.55,52.15,24.95,0.2705,5,-1,-1
594,220,891.78,436.32,57.43,26.05,0.6379,4,-1,-1
594,201,1277.67,491.12,75.63,34.57,0.7931,4,-1,-1
594,221,537.81,395.72,31.45,16.33,0.4649,4,-1,-1
594,189,947.39,455.05,54.64,23.53,0.7439,4,-1,-1
594,223,758.49,340.80,41.29,19.35,0.5651,4,-1,-1
594,225,953.31,544.50,67.43,38.08,0.5458,4,-1,-1
595,93,1207.71,730.89,22.53,54.13,0.6215,1,-1,-1
595,182,196.74,344.56,30.30,14.66,0.3442,4,-1,-1
595,192,630.15,480.64,62.00,32.46,0.6984,4,-1,-1
595,205,905.02,347.91,53.50,25.75,0.2910,5,-1,-1
595,220,887.12,434.42,58.31,26.77,0.6851,4,-1,-1
595,201,1268.12,489.47,75.84,34.84,0.8170,4,-1,-1
595,221,537.52,395.38,31.30,16.13,0.4727,4,-1,-1
595,189,940.33,453.86,55.67,23.93,0.7670,4,-1,-1
595,223,764.07,341.30,42.66,19.96,0.5400,4,-1,-1
595,225,956.03,544.89,68.61,38.64,0.5525,4,-1,-1
595,226,533.70,372.44,37.70,25.30,0.4902,5,-1,-1
596,93,1206.81,729.38,22.60,54.69,0.5765,1,-1,-1
596,182,195.24,343.53,30.50,15.05,0.3549,4,-1,-1
596,192,635.20,481.47,61.21,32.17,0.7017,4,-1,-1
596,205,909.98,348.63,51.88,25.08,0.3495,4,-1,-1
596,220,884.06,433.83,56.67,26.32,0.6834,4,-1,-1
596,201,1262.42,488.84,75.43,34.82,0.7866,4,-1,-1
596,221,537.57,395.01,33.45,17.01,0.4971,4,-1,-1
596,189,936.27,453.27,56.03,23.96,0.7860,4,-1,-1
596,223,768.60,341.16,41.34,19.26,0.5593,4,-1,-1
596,225,958.74,545.35,70.16,39.35,0.2983,4,-1,-1
596,226,531.37,370.73,40.10,26.94,0.5098,5,-1,-1
597,93,1205.90,729.25,22.42,54.55,0.5107,1,-1,-1
597,182,192.70,342.71,30.14,15.04,0.3451,4,-1,-1
597,192,640.69,481.93,62.25,32.87,0.6918,4,-1,-1
597,205,915.95,349.57,50.88,24.57,0.5205,4,-1,-1
597,220,880.87,433.37,54.25,25.50,0.6697,4,-1,-1
597,201,1254.26,486.78,75.38,35.03,0.7873,4,-1,-1
597,221,535.43,393.12,35.88,17.92,0.1505,4,-1,-1
597,189,930.46,452.49,55.72,23.62,0.7725,4,-1,-1
597,223,772.05,341.39,43.85,20.49,0.5059,4,-1,-1
597,225,969.36,547.89,67.11,37.21,0.6442,4,-1,-1
597,226,528.93,370.64,40.21,27.03,0.4301,5,-1,-1
598,93,1204.70,726.77,23.10,56.65,0.4668,1,-1,-1
598,182,191.67,341.09,27.65,13.69,0.1413,4,-1,-1
598,192,644.48,482.93,62.25,33.04,0.7349,4,-1,-1
598,205,921.99,352.06,49.94,23.94,0.5516,4,-1,-1
598,220,879.13,432.64,52.39,25.02,0.6234,4,-1,-1
598,201,1248.09,485.63,75.48,35.23,0.8062,4,-1,-1
598,221,535.05,392.81,36.26,17.98,0.4254,4,-1,-1
598,189,926.04,452.04,55.71,23.46,0.7925,4,-1,-1
598,223,775.36,341.75,44.38,20.77,0.6123,4,-1,-1
598,225,980.14,549.36,64.92,35.77,0.6843,4,-1,-1
598,226,531.19,372.02,36.23,24.28,0.1217,5,-1,-1
599,93,1203.46,723.47,24.09,59.59,0.4863,1,-1,-1
599,192,648.04,482.28,65.02,35.02,0.4863,4,-1,-1
599,205,927.00,352.40,53.01,25.28,0.5438,4,-1,-1
599,220,872.48,431.20,53.22,25.79,0.4111,4,-1,-1
599,201,1240.78,485.00,74.25,34.75,0.7833,4,-1,-1
599,221,535.51,391.49,34.86,17.16,0.1389,4,-1,-1
599,189,919.77,451.11,56.09,23.54,0.7950,4,-1,-1
599,223,779.30,341.74,47.09,22.00,0.5917,4,-1,-1
599,225,988.64,550.10,66.33,36.26,0.6893,4,-1,-1
599,226,535.43,374.15,31.66,21.17,0.2268,4,-1,-1
600,93,1202.22,721.81,24.35,61.02,0.5351,1,-1,-1
600,192,654.29,482.25,66.59,36.26,0.7484,4,-1,-1
600,205,935.04,354.04,52.24,24.76,0.5554,4,-1,-1
600,201,1232.18,484.30,72.10,33.78,0.8087,4,-1,-1
600,221,537.62,391.57,33.42,16.42,0.1352,4,-1,-1
600,189,912.39,450.34,56.84,23.81,0.7394,4,-1,-1
600,223,785.31,342.14,47.59,22.29,0.6610,4,-1,-1
600,225,1000.75,551.76,68.73,37.53,0.6049,4,-1,-1
600,226,531.95,374.05,29.61,20.08,0.2173,5,-1,-1
601,93,1201.31,720.54,24.34,61.99,0.5467,1,-1,-1
601,192,657.88,482.32,67.99,37.55,0.7599,4,-1,-1
601,205,940.39,355.65,52.21,24.42,0.4330,4,-1,-1
601,201,1227.46,484.62,69.37,32.47,0.8038,4,-1,-1
601,221,536.63,392.89,33.89,16.61,0.4330,4,-1,-1
601,189,907.89,449.31,56.50,23.55,0.7280,4,-1,-1
601,223,788.90,342.41,47.34,22.22,0.6361,4,-1,-1
601,225,1005.60,553.79,70.82,38.42,0.6114,4,-1,-1
601,226,528.46,372.22,31.15,21.55,0.2854,5,-1,-1
602,93,1200.52,721.04,23.81,61.50,0.4102,1,-1,-1
602,192,663.11,484.26,66.93,37.28,0.7424,4,-1,-1
602,205,947.47,356.50,53.30,24.81,0.6397,4,-1,-1
602,201,1220.54,484.36,67.49,31.41,0.8001,4,-1,-1
602,221,537.01,391.45,34.70,17.04,0.1394,4,-1,-1
602,189,902.84,448.61,55.55,23.00,0.7042,4,-1,-1
602,223,795.54,342.63,47.00,22.08,0.6067,4,-1,-1
602,225,1015.88,555.61,65.03,34.71,0.3303,4,-1,-1
602,226,524.98,370.13,31.63,22.46,0.1784,5,-1,-1
603,93,1200.05,720.67,23.66,61.88,0.4504,1,-1,-1
603,192,667.65,485.38,66.35,37.07,0.7058,4,-1,-1
603,205,951.32,356.76,54.77,25.40,0.6105,4,-1,-1
603,201,1213.45,483.58,69.25,32.23,0.7873,4,-1,-1
603,221,537.04,390.81,35.72,17.47,0.1180,4,-1,-1
603,189,898.09,447.85,56.27,23.20,0.6775,4,-1,-1
603,223,799.97,343.38,46.28,21.68,0.6817,4,-1,-1
603,225,1021.04,557.22,61.67,32.27,0.1597,4,-1,-1
604,93,1199.77,721.68,22.73,60.28,0.4349,1,-1,-1
604,192,675.80,489.11,62.55,34.87,0.7542,4,-1,-1
604,205,960.55,357.78,53.36,24.61,0.6935,4,-1,-1
604,201,1206.38,482.36,69.03,32.23,0.7879,4,-1,-1
604,221,536.73,391.59,37.46,18.19,0.4513,4,-1,-1
604,189,888.42,445.95,60.79,25.09,0.6901,4,-1,-1
604,223,804.49,343.57,46.75,21.91,0.6851,4,-1,-1
604,225,1029.99,559.20,70.05,36.55,0.1148,4,-1,-1
605,93,1199.24,722.11,22.08,59.28,0.3648,1,-1,-1
605,192,683.43,491.35,61.00,33.84,0.7439,4,-1,-1
605,205,966.86,357.48,56.25,25.99,0.7303,4,-1,-1
605,201,1197.88,481.19,68.99,32.24,0.8123,4,-1,-1
605,221,534.54,391.39,38.58,18.47,0.1109,4,-1,-1
605,189,880.10,443.59,63.79,26.50,0.6325,4,-1,-1
605,223,811.10,344.61,46.35,21.68,0.6593,4,-1,-1
605,225,1036.50,560.27,75.45,39.42,0.3942,4,-1,-1
605,228,498.66,370.29,42.95,22.37,0.5737,5,-1,-1
606,93,1199.00,722.33,21.33,57.98,0.2502,1,-1,-1
606,192,689.31,493.17,59.34,32.71,0.7705,4,-1,-1
606,205,971.96,357.24,58.77,27.33,0.6968,4,-1,-1
606,201,1192.14,480.29,68.59,32.06,0.8038,4,-1,-1
606,221,533.83,391.17,38.48,18.14,0.1012,4,-1,-1
606,189,873.34,441.88,66.92,28.02,0.6067,4,-1,-1
606,223,814.08,344.55,47.49,22.24,0.6749,4,-1,-1
606,225,1040.32,561.72,79.41,41.12,0.5234,4,-1,-1
606,228,496.13,369.87,43.65,22.82,0.6002,5,-1,-1
606,229,1314.13,488.47,77.73,28.73,0.6826,4,-1,-1
606,230,537.54,395.37,56.38,21.47,0.5185,4,-1,-1
607,93,1198.74,721.84,20.83,56.70,0.5689,1,-1,-1
607,192,697.03,495.54,57.56,31.38,0.8141,4,-1,-1
607,205,977.65,357.86,59.55,27.70,0.6697,4,-1,-1
607,201,1185.86,479.81,66.44,31.00,0.7925,4,-1,-1
607,221,531.68,390.87,39.98,18.71,0.1041,4,-1,-1
607,189,869.95,441.13,66.01,28.09,0.5670,4,-1,-1
607,223,819.39,345.07,47.89,22.49,0.6289,4,-1,-1
607,225,1051.17,563.35,76.07,39.38,0.3513,4,-1,-1
607,228,492.45,368.40,44.69,23.46,0.5794,5,-1,-1
607,229,1305.54,487.04,79.03,29.19,0.7491,4,-1,-1
607,230,536.66,395.05,58.63,22.34,0.5593,4,-1,-1
608,93,1198.17,721.06,21.19,57.77,0.6197,1,-1,-1
608,192,701.69,496.53,57.94,31.35,0.8044,4,-1,-1
608,205,984.16,359.87,57.51,26.60,0.6160,4,-1,-1
608,201,1180.45,479.45,65.93,30.68,0.8050,4,-1,-1
608,221,532.47,392.47,42.91,20.07,0.1213,4,-1,-1
608,189,868.60,441.07,63.50,27.52,0.4932,4,-1,-1
608,223,823.61,345.35,49.34,23.28,0.6697,4,-1,-1
608,225,1060.15,564.78,73.52,38.19,0.3748,4,-1,-1
608,228,490.54,367.93,45.02,23.72,0.6298,5,-1,-1
608,229,1299.26,485.52,80.56,29.72,0.7732,4,-1,-1
608,230,535.97,394.68,59.98,22.88,0.5917,4,-1,-1
608,232,536.01,366.83,34.89,24.78,0.6002,5,-1,-1
609,93,1197.84,720.17,20.97,57.11,0.6749,1,-1,-1
609,192,707.10,497.85,59.53,32.16,0.7925,4,-1,-1
609,205,992.33,360.51,58.98,27.40,0.6918,4,-1,-1
609,201,1173.04,478.70,65.93,30.66,0.7556,4,-1,-1
609,221,538.51,393.04,42.22,19.15,0.4073,4,-1,-1
609,223,829.49,346.01,49.77,23.49,0.6680,4,-1,-1
609,225,1067.37,566.16,77.73,40.57,0.3858,4,-1,-1
609,228,488.29,367.59,45.39,23.98,0.6077,5,-1,-1
609,229,1289.32,483.91,79.56,29.34,0.7677,4,-1,-1
609,230,536.14,394.57,60.20,23.00,0.5593,4,-1,-1
609,232,535.30,366.65,33.57,23.78,0.6740,5,-1,-1
610,93,1196.82,718.85,21.18,57.72,0.6766,1,-1,-1
610,192,713.76,499.78,59.91,32.26,0.7937,4,-1,-1
610,205,1000.31,361.15,60.21,27.98,0.6783,4,-1,-1
610,201,1164.63,477.77,65.90,30.67,0.7820,4,-1,-1
610,221,540.20,393.34,41.14,18.20,0.4282,4,-1,-1
610,223,834.99,346.48,50.40,23.70,0.6179,4,-1,-1
610,225,1076.17,567.97,82.05,43.54,0.3720,4,-1,-1
610,228,484.25,367.30,44.06,23.50,0.5254,5,-1,-1
610,229,1276.41,481.74,82.29,30.41,0.7892,4,-1,-1
610,230,536.93,395.03,58.53,22.36,0.5380,4,-1,-1
610,232,535.72,366.60,32.37,22.83,0.7154,5,-1,-1
611,93,1196.32,718.22,21.23,57.89,0.6851,1,-1,-1
611,192,717.31,499.92,61.54,33.17,0.8158,4,-1,-1
611,205,1005.31,361.56,61.84,28.77,0.7542,4,-1,-1
611,201,1159.05,477.06,65.79,30.70,0.7793,4,-1,-1
611,221,541.23,393.77,43.13,18.63,0.4177,4,-1,-1
611,223,840.13,347.38,49.88,23.32,0.6397,4,-1,-1
611,228,482.26,367.40,43.24,23.33,0.4036,5,-1,-1
611,229,1269.63,481.00,81.96,30.33,0.7860,4,-1,-1
611,230,536.66,394.95,58.97,22.55,0.5612,4,-1,-1
611,232,535.04,366.37,32.38,22.70,0.5927,5,-1,-1
611,233,1157.49,382.19,108.87,41.05,0.4688,6,-1,-1
612,93,1196.00,717.12,21.25,57.96,0.6680,1,-1,-1
612,192,723.92,501.37,61.35,33.07,0.8099,4,-1,-1
612,205,1014.06,362.85,60.20,28.00,0.4620,4,-1,-1
612,201,1151.82,475.72,65.42,30.55,0.8062,4,-1,-1
612,223,845.34,348.10,51.48,24.01,0.5784,4,-1,-1
612,228,479.24,365.56,45.15,24.81,0.4863,5,-1,-1
612,229,1261.03,480.48,80.25,29.71,0.8050,4,-1,-1
612,230,536.32,394.79,59.34,22.71,0.6179,4,-1,-1
612,232,533.27,366.08,32.87,22.94,0.7202,5,-1,-1
612,233,1165.59,381.24,116.49,44.01,0.6723,4,-1,-1
613,93,1195.73,716.32,21.13,57.65,0.6628,1,-1,-1
613,192,728.37,501.91,61.39,33.03,0.8170,4,-1,-1
613,205,1020.33,364.23,59.49,27.57,0.6935,4,-1,-1
613,201,1147.22,475.81,63.42,29.51,0.7931,4,-1,-1
613,223,849.63,348.54,51.30,23.79,0.5974,4,-1,-1
613,228,479.47,365.55,43.54,24.34,0.5370,5,-1,-1
613,229,1254.78,479.97,79.04,29.26,0.7873,4,-1,-1
613,230,536.18,394.74,59.03,22.60,0.5708,4,-1,-1
613,232,532.13,365.69,33.91,23.60,0.6151,5,-1,-1
613,233,1176.32,383.46,110.85,41.85,0.6370,4,-1,-1
614,93,1195.13,715.87,21.07,57.63,0.6397,1,-1,-1
614,192,734.80,503.78,60.67,32.61,0.7439,4,-1,-1
614,205,1027.69,364.52,60.47,28.12,0.6086,4,-1,-1
614,201,1139.19,474.32,64.74,30.22,0.7976,4,-1,-1
614,223,853.81,349.29,53.81,24.96,0.6469,4,-1,-1
614,228,476.54,365.00,43.90,24.96,0.4805,5,-1,-1
614,229,1245.54,478.50,79.29,29.44,0.8123,4,-1,-1
614,230,535.91,394.70,59.37,22.73,0.5670,4,-1,-1
614,232,530.71,365.46,33.47,23.25,0.5718,5,-1,-1
615,93,1193.73,715.39,21.12,57.72,0.6469,1,-1,-1
615,192,743.12,506.31,60.35,32.27,0.7753,4,-1,-1
615,205,1036.61,365.53,60.94,28.25,0.5341,4,-1,-1
615,201,1130.61,473.01,66.04,30.91,0.8111,4,-1,-1
615,223,859.29,349.97,54.97,25.51,0.6800,4,-1,-1
615,228,473.10,361.40,47.41,27.94,0.1140,5,-1,-1
615,229,1235.55,477.45,78.89,29.38,0.7780,4,-1,-1
615,230,536.58,394.70,58.76,22.50,0.5708,4,-1,-1
615,232,529.02,365.62,32.12,22.40,0.5059,5,-1,-1
616,93,1192.59,714.20,21.45,58.75,0.5535,1,-1,-1
616,192,746.60,505.61,64.27,34.51,0.7698,4,-1,-1
616,205,1042.35,366.56,62.04,28.72,0.3849,5,-1,-1
616,201,1125.63,472.58,65.72,30.91,0.8001,4,-1,-1
616,223,862.83,350.14,57.44,26.80,0.6558,4,-1,-1
616,228,472.48,363.42,42.70,25.58,0.3576,4,-1,-1
616,229,1227.44,476.17,80.73,30.27,0.7886,4,-1,-1
616,230,537.07,394.88,58.14,22.20,0.5156,4,-1,-1
616,232,527.27,365.48,32.06,22.48,0.4961,5,-1,-1
617,93,1190.84,714.49,21.57,58.17,0.5708,1,-1,-1
617,192,752.39,505.93,65.84,35.39,0.7409,4,-1,-1
617,205,1050.77,368.25,61.54,28.23,0.5496,4,-1,-1
617,201,1118.66,471.31,65.18,30.72,0.8013,4,-1,-1
617,223,868.66,349.92,58.69,27.55,0.6179,4,-1,-1
617,228,471.79,363.94,40.48,24.82,0.4378,5,-1,-1
617,229,1219.76,475.23,77.67,29.20,0.8117,4,-1,-1
617,230,537.20,395.03,57.96,22.07,0.4630,4,-1,-1
617,232,525.19,365.21,32.17,22.73,0.5370,5,-1,-1
618,93,1189.44,716.92,20.87,54.97,0.6415,1,-1,-1
618,192,757.07,505.99,67.25,36.31,0.7498,4,-1,-1
618,205,1055.84,368.96,61.52,27.94,0.6379,4,-1,-1
618,201,1114.28,470.47,64.65,30.54,0.7937,4,-1,-1
618,223,873.23,350.45,59.40,28.01,0.7017,4,-1,-1
618,228,470.62,363.80,39.20,24.63,0.3191,4,-1,-1
618,229,1213.47,474.25,77.41,29.23,0.8019,4,-1,-1
618,230,537.31,395.16,57.85,21.96,0.3970,4,-1,-1
618,232,524.23,364.53,32.68,23.42,0.4417,5,-1,-1
619,93,1188.28,719.55,20.29,51.89,0.5898,1,-1,-1
619,192,764.57,507.74,65.52,35.33,0.7379,4,-1,-1
619,205,1062.71,369.76,65.02,29.56,0.3024,4,-1,-1
619,201,1107.84,469.97,63.12,29.82,0.7937,4,-1,-1
619,223,878.44,351.61,60.67,28.84,0.6361,4,-1,-1
619,228,467.89,363.02,38.55,24.84,0.1694,5,-1,-1
619,229,1203.72,472.22,78.96,30.05,0.8026,4,-1,-1
619,230,539.10,395.83,56.92,21.57,0.4026,4,-1,-1
619,232,519.56,364.39,33.35,23.86,0.5429,5,-1,-1
619,234,1762.70,655.30,42.36,22.84,0.4902,4,-1,-1
620,93,1187.13,719.50,20.48,50.74,0.4854,1,-1,-1
620,192,773.13,509.94,64.45,34.77,0.7614,4,-1,-1
620,205,1073.75,370.80,65.09,29.59,0.4873,4,-1,-1
620,201,1099.36,468.97,63.71,30.15,0.7925,4,-1,-1
620,223,886.95,353.35,57.17,27.19,0.5185,4,-1,-1
620,229,1194.75,470.57,78.49,30.04,0.8339,4,-1,-1
620,230,539.41,395.88,56.56,21.39,0.3933,4,-1,-1
620,232,515.83,363.86,34.09,24.21,0.4475,5,-1,-1
620,234,1763.13,655.35,42.33,22.83,0.4417,4,-1,-1
621,93,1186.39,718.89,21.22,51.14,0.5574,1,-1,-1
621,192,778.46,511.64,63.49,34.14,0.7860,4,-1,-1
621,205,1080.76,371.64,65.40,29.75,0.6123,4,-1,-1
621,201,1094.21,468.07,64.01,30.41,0.7873,4,-1,-1
621,223,894.16,354.68,53.71,25.31,0.5380,4,-1,-1
621,229,1188.64,469.74,78.13,30.01,0.8013,4,-1,-1
621,230,540.03,396.20,56.02,21.12,0.3831,4,-1,-1
621,232,514.13,363.60,33.51,23.53,0.5699,5,-1,-1
621,234,1763.76,655.34,42.03,22.69,0.3998,4,-1,-1
622,93,1185.39,718.38,21.52,51.16,0.5936,1,-1,-1
622,192,786.59,513.40,62.67,33.57,0.7753,4,-1,-1
622,205,1088.60,373.03,65.97,29.88,0.5322,4,-1,-1
622,201,1087.80,467.06,63.37,30.12,0.7905,4,-1,-1
622,223,900.97,356.19,52.86,24.78,0.6558,4,-1,-1
622,229,1180.47,468.95,77.51,29.96,0.8328,4,-1,-1
622,230,543.79,396.37,55.25,21.02,0.1217,4,-1,-1
622,232,509.93,364.05,33.66,23.29,0.3666,5,-1,-1
622,234,1764.16,655.43,41.85,22.62,0.3612,4,-1,-1
623,93,1184.92,718.80,21.59,50.70,0.5708,1,-1,-1
623,192,791.36,514.32,63.31,33.83,0.7773,4,-1,-1
623,205,1096.70,374.10,64.41,29.08,0.5068,4,-1,-1
623,201,1083.74,466.62,62.69,29.86,0.7879,4,-1,-1
623,223,905.90,357.29,49.74,23.12,0.5651,4,-1,-1
623,229,1175.16,468.35,77.02,29.92,0.8434,4,-1,-1
623,230,540.73,395.96,56.80,21.56,0.4523,4,-1,-1
623,232,507.84,363.79,34.11,23.17,0.4668,5,-1,-1
623,234,1764.29,655.52,42.07,22.76,0.3124,4,-1,-1
624,93,1183.63,718.50,21.53,50.29,0.5429,1,-1,-1
624,192,796.99,514.61,65.84,35.11,0.7642,4,-1,-1
624,205,1103.84,374.57,67.82,30.55,0.7424,4,-1,-1
624,201,1078.27,465.28,62.92,30.34,0.7210,4,-1,-1
624,223,911.53,357.59,54.41,25.19,0.6289,4,-1,-1
624,229,1167.65,467.60,76.02,29.64,0.8013,4,-1,-1
624,230,540.42,395.85,56.45,21.39,0.3115,4,-1,-1
624,232,505.14,363.79,33.99,22.75,0.3074,5,-1,-1
624,234,1764.53,655.58,42.20,22.86,0.2838,4,-1,-1
624,235,1291.15,400.27,126.83,43.94,0.6197,4,-1,-1
625,93,1182.84,716.35,22.21,51.82,0.6610,1,-1,-1
625,192,804.85,516.53,64.75,34.37,0.7963,4,-1,-1
625,205,1114.91,375.60,68.35,30.92,0.6732,4,-1,-1
625,201,1068.31,464.65,62.36,29.76,0.6252,4,-1,-1
625,223,919.03,358.30,56.00,25.81,0.2894,4,-1,-1
625,229,1157.43,466.16,77.56,30.51,0.8146,4,-1,-1
625,230,539.63,395.38,57.12,21.62,0.4407,4,-1,-1
625,232,502.54,363.84,34.40,22.75,0.4397,5,-1,-1
625,234,1764.67,655.40,42.11,22.82,0.2351,4,-1,-1
625,235,1308.44,401.89,116.35,40.23,0.4036,4,-1,-1
625,225,1205.65,593.67,87.93,44.87,0.5029,4,-1,-1
626,93,1182.61,715.74,22.25,51.81,0.6645,1,-1,-1
626,192,810.67,518.26,64.74,34.14,0.8044,4,-1,-1
626,205,1122.29,376.84,67.18,30.37,0.5506,4,-1,-1
626,201,1061.07,463.54,64.25,30.62,0.6316,4,-1,-1
626,223,923.06,358.16,57.77,26.60,0.6011,4,-1,-1
626,229,1152.08,465.46,75.44,29.87,0.8193,4,-1,-1
626,230,538.98,395.14,57.67,21.79,0.5098,4,-1,-1
626,232,499.80,363.83,34.00,22.40,0.3469,5,-1,-1
626,234,1764.58,655.33,42.33,22.95,0.1510,4,-1,-1
626,235,1321.23,406.46,111.35,38.44,0.4177,4,-1,-1
626,225,1221.99,596.01,90.77,46.11,0.4980,4,-1,-1
627,93,1182.19,715.71,21.89,50.96,0.6325,1,-1,-1
627,192,818.00,519.93,65.03,34.14,0.8081,4,-1,-1
627,205,1132.72,378.65,66.00,29.69,0.4484,4,-1,-1
627,201,1054.87,462.20,63.68,30.25,0.5708,4,-1,-1
627,223,929.89,359.28,56.56,25.91,0.5823,4,-1,-1
627,229,1144.68,464.65,75.12,29.85,0.7873,4,-1,-1
627,230,538.48,394.89,58.33,22.00,0.5727,4,-1,-1
627,232,497.05,363.31,33.60,22.09,0.3234,4,-1,-1
627,235,1335.77,409.34,115.02,39.58,0.3032,4,-1,-1
627,225,1231.45,598.40,95.11,47.82,0.7461,4,-1,-1
628,93,1181.56,715.43,21.77,50.87,0.6160,1,-1,-1
628,192,822.97,521.29,65.33,34.21,0.7846,4,-1,-1
628,205,1138.86,379.23,67.11,30.06,0.6215,4,-1,-1
628,201,1049.95,460.63,64.97,30.96,0.5302,4,-1,-1
628,223,934.99,359.92,54.53,24.73,0.5244,4,-1,-1
628,229,1139.22,464.09,74.42,29.75,0.7937,4,-1,-1
628,230,538.20,394.75,58.71,22.11,0.5955,4,-1,-1
628,232,496.45,363.60,33.37,21.88,0.4863,4,-1,-1
628,235,1352.11,411.30,102.77,34.93,0.2830,4,-1,-1
628,225,1245.04,600.15,95.61,48.62,0.7649,4,-1,-1
629,93,1180.41,714.16,22.06,51.73,0.6325,1,-1,-1
629,192,829.97,523.05,65.51,34.31,0.8123,4,-1,-1
629,205,1148.46,380.78,69.12,30.82,0.1251,6,-1,-1
629,201,1043.55,456.51,69.49,33.93,0.2728,4,-1,-1
629,223,943.02,359.70,53.74,23.95,0.3277,4,-1,-1
629,229,1131.31,462.68,75.19,30.26,0.7957,4,-1,-1
629,230,537.91,394.74,58.91,22.16,0.6067,4,-1,-1
629,232,494.79,362.94,34.80,22.77,0.3720,5,-1,-1
629,235,1357.27,408.85,122.19,41.57,0.3242,4,-1,-1
629,225,1255.88,602.52,95.53,48.22,0.6469,4,-1,-1
629,237,428.66,367.28,28.17,22.53,0.4591,4,-1,-1
630,93,1179.09,712.69,22.50,52.95,0.5068,1,-1,-1
630,192,837.06,525.02,64.24,33.77,0.8111,4,-1,-1
630,205,1159.02,381.82,69.93,31.02,0.3979,4,-1,-1
630,201,1040.00,457.99,63.87,31.24,0.5651,4,-1,-1
630,223,946.79,362.01,52.83,23.64,0.3372,4,-1,-1
630,229,1124.37,461.87,72.59,29.20,0.7813,4,-1,-1
630,230,537.77,394.76,58.91,22.12,0.6234,4,-1,-1
630,232,492.97,362.24,35.33,22.94,0.4321,5,-1,-1
630,235,1369.51,409.02,125.36,42.59,0.5775,4,-1,-1
630,225,1265.77,605.40,93.17,46.76,0.7017,4,-1,-1
630,237,429.30,366.37,28.80,23.07,0.4235,4,-1,-1
631,93,1178.04,712.44,22.53,53.24,0.5448,1,-1,-1
631,192,840.88,525.37,65.12,34.61,0.7925,4,-1,-1
631,205,1167.06,382.60,70.95,31.55,0.6549,4,-1,-1
631,201,1037.78,459.95,58.85,28.67,0.5993,4,-1,-1
631,223,951.55,363.63,54.54,24.59,0.5185,4,-1,-1
631,229,1118.16,460.75,73.26,29.67,0.7780,4,-1,-1
631,230,535.86,394.03,61.70,23.23,0.5302,4,-1,-1
631,232,491.42,361.76,35.95,23.27,0.4717,4,-1,-1
631,235,1377.17,408.83,129.31,44.02,0.6388,4,-1,-1
631,225,1273.26,606.88,92.97,46.64,0.6783,4,-1,-1
631,237,429.84,365.33,29.84,23.96,0.3531,4,-1,-1
632,93,1176.77,712.99,22.06,52.69,0.5708,1,-1,-1
632,192,849.91,526.80,65.69,35.06,0.7256,4,-1,-1
632,205,1176.72,383.96,71.39,31.61,0.6021,4,-1,-1
632,201,1032.16,460.44,56.32,27.41,0.5593,4,-1,-1
632,223,958.30,365.01,52.48,23.86,0.5107,4,-1,-1
632,229,1110.21,459.29,73.33,29.86,0.8099,4,-1,-1
632,230,535.10,393.65,62.80,23.72,0.5185,4,-1,-1
632,232,489.92,361.40,36.10,23.25,0.5127,4,-1,-1
632,235,1393.54,412.29,127.04,42.97,0.3693,4,-1,-1
632,225,1286.42,609.03,102.07,51.24,0.6460,4,-1,-1
632,237,433.45,361.76,31.16,24.82,0.4359,5,-1,-1
633,93,1175.83,713.13,21.77,52.65,0.5341,1,-1,-1
633,192,855.46,527.50,65.40,35.05,0.6984,4,-1,-1
633,205,1183.44,384.87,72.40,31.84,0.5302,4,-1,-1
633,201,1027.67,460.31,56.79,27.61,0.4961,4,-1,-1
633,223,965.86,364.39,57.39,26.02,0.5370,4,-1,-1
633,229,1104.93,458.48,73.71,30.19,0.8135,4,-1,-1
633,230,534.82,393.52,63.18,23.91,0.4922,4,-1,-1
633,232,488.78,360.67,36.51,23.44,0.4263,5,-1,-1
633,235,1404.32,413.95,128.13,43.16,0.4263,4,-1,-1
633,225,1296.61,610.61,104.36,52.87,0.7074,4,-1,-1
633,237,434.62,360.40,31.57,24.92,0.3961,5,-1,-1
634,93,1174.80,713.54,21.50,52.09,0.5631,1,-1,-1
634,192,864.24,527.99,67.08,35.86,0.6234,4,-1,-1
634,205,1194.25,385.31,75.05,33.11,0.5593,4,-1,-1
634,201,1022.48,458.65,59.19,28.64,0.5631,4,-1,-1
634,223,972.39,365.40,57.18,25.93,0.5612,4,-1,-1
634,229,1097.39,457.56,73.37,30.18,0.8038,4,-1,-1
634,230,536.05,394.02,61.81,23.38,0.5039,4,-1,-1
634,232,487.46,360.38,35.85,22.95,0.4244,4,-1,-1
634,235,1412.17,414.81,140.64,47.76,0.5088,4,-1,-1
634,225,1309.81,613.41,102.97,51.86,0.7982,4,-1,-1
634,237,434.55,359.79,31.27,24.48,0.3558,5,-1,-1
635,93,1173.48,714.43,21.06,50.93,0.5708,1,-1,-1
635,192,872.11,529.21,65.05,34.60,0.4581,4,-1,-1
635,205,1206.77,386.09,75.65,33.43,0.7513,4,-1,-1
635,201,1012.81,457.03,65.14,31.20,0.2509,4,-1,-1
635,223,981.42,368.42,52.01,23.40,0.5574,4,-1,-1
635,229,1089.88,456.40,73.13,30.29,0.8007,4,-1,-1
635,230,536.84,394.35,60.83,22.98,0.5000,4,-1,-1
635,232,487.16,360.56,34.89,22.48,0.3840,4,-1,-1
635,235,1427.87,416.32,142.83,48.56,0.6549,4,-1,-1
635,225,1324.81,616.26,102.47,51.36,0.8470,4,-1,-1
635,237,430.87,358.87,33.99,26.72,0.4017,5,-1,-1
635,238,341.74,382.80,44.31,20.22,0.4854,4,-1,-1
636,93,1172.96,715.78,20.70,49.70,0.5651,1,-1,-1
636,192,878.79,531.28,60.46,31.95,0.1678,4,-1,-1
636,205,1214.47,386.64,76.51,33.91,0.7899,4,-1,-1
636,201,1008.19,455.98,65.81,31.23,0.3355,4,-1,-1
636,223,987.38,368.34,55.09,24.60,0.5765,4,-1,-1
636,229,1084.42,455.24,73.40,30.73,0.7813,4,-1,-1
636,230,537.27,394.49,60.39,22.79,0.5361,4,-1,-1
636,232,486.04,360.14,34.53,22.34,0.2918,4,-1,-1
636,235,1438.50,417.12,145.70,49.78,0.7491,4,-1,-1
636,225,1335.09,618.06,103.10,51.49,0.8333,4,-1,-1
636,237,429.47,358.49,34.85,27.57,0.3702,5,-1,-1
636,238,340.18,382.01,42.82,19.52,0.4941,4,-1,-1
637,93,1171.88,715.79,20.95,49.77,0.5487,1,-1,-1
637,205,1224.49,387.95,76.33,33.72,0.7712,4,-1,-1
637,201,1007.22,454.75,64.23,31.16,0.2358,4,-1,-1
637,223,994.21,368.68,58.17,25.88,0.6951,4,-1,-1
637,229,1078.91,454.46,72.24,30.60,0.7225,4,-1,-1
637,230,537.66,394.52,60.01,22.63,0.5224,4,-1,-1
637,232,483.87,360.38,34.40,22.19,0.3460,4,-1,-1
637,235,1452.18,417.71,147.75,50.61,0.5879,4,-1,-1
637,225,1347.36,620.30,104.16,51.77,0.8558,4,-1,-1
637,237,427.08,357.82,35.96,28.99,0.2121,5,-1,-1
637,238,335.29,379.49,45.48,20.78,0.2465,4,-1,-1
638,93,1171.34,715.96,21.05,49.65,0.5185,1,-1,-1
638,205,1231.37,388.74,78.07,34.46,0.7860,4,-1,-1
638,201,1009.71,453.12,64.17,31.74,0.2261,4,-1,-1
638,223,997.10,368.52,60.15,26.82,0.7241,4,-1,-1
638,229,1071.61,452.76,73.30,31.33,0.6379,4,-1,-1
638,230,537.76,394.56,59.69,22.51,0.5156,4,-1,-1
638,232,481.96,360.64,34.06,21.87,0.3442,4,-1,-1
638,235,1463.26,417.57,146.48,50.03,0.7773,4,-1,-1
638,225,1358.37,622.38,104.12,51.95,0.8366,4,-1,-1
638,237,425.53,356.53,36.28,29.91,0.1608,5,-1,-1
638,238,333.04,379.20,43.91,20.11,0.1525,4,-1,-1
639,93,1170.33,714.88,21.48,50.40,0.5535,1,-1,-1
639,205,1243.77,390.50,77.15,33.98,0.8038,4,-1,-1
639,223,1004.58,368.76,62.07,27.70,0.7614,4,-1,-1
639,229,1061.67,449.69,77.49,33.51,0.5612,4,-1,-1
639,230,537.91,394.56,58.86,22.20,0.4292,4,-1,-1
639,232,479.64,359.75,34.54,22.27,0.4591,5,-1,-1
639,235,1478.23,418.82,149.26,51.15,0.7879,4,-1,-1
639,225,1368.63,624.36,107.46,53.53,0.8164,4,-1,-1
639,237,425.55,356.88,34.97,29.61,0.1348,5,-1,-1
640,93,1169.33,714.81,21.42,49.65,0.5390,1,-1,-1
640,205,1255.12,391.86,78.89,34.56,0.8001,4,-1,-1
640,223,1012.68,369.14,61.85,27.83,0.6680,4,-1,-1
640,229,1052.11,447.36,79.81,35.10,0.5651,4,-1,-1
640,230,537.71,394.40,59.21,22.38,0.4397,4,-1,-1
640,232,478.27,358.90,35.25,23.06,0.3124,5,-1,-1
640,235,1494.96,421.67,151.62,52.22,0.5765,4,-1,-1
640,225,1382.18,626.95,106.63,53.18,0.8129,4,-1,-1
641,93,1168.86,714.93,21.48,49.44,0.5708,1,-1,-1
641,205,1262.76,392.09,80.70,35.24,0.8075,4,-1,-1
641,223,1018.26,369.68,58.77,26.70,0.7130,4,-1,-1
641,229,1046.70,445.07,81.89,36.83,0.5612,4,-1,-1
641,230,537.97,394.42,59.18,22.38,0.4630,4,-1,-1
641,232,477.42,358.66,35.36,23.43,0.3905,5,-1,-1
641,235,1505.99,421.96,152.67,52.75,0.7387,4,-1,-1
641,225,1393.40,628.85,104.36,52.00,0.8105,4,-1,-1
642,93,1167.11,712.16,21.81,50.14,0.5974,1,-1,-1
642,205,1275.27,393.63,81.03,35.28,0.7879,4,-1,-1
642,223,1028.91,370.80,51.86,23.47,0.5185,4,-1,-1
642,229,1041.29,444.32,79.08,36.24,0.6151,4,-1,-1
642,230,537.72,394.28,58.96,22.30,0.4177,4,-1,-1
642,232,476.87,358.16,35.22,23.83,0.4455,5,-1,-1
642,235,1521.96,425.30,153.51,53.11,0.2295,4,-1,-1
642,225,1405.89,631.88,100.77,50.18,0.7840,4,-1,-1
643,93,1165.83,710.25,21.73,50.33,0.5254,1,-1,-1
643,205,1284.56,394.15,82.74,36.16,0.7677,4,-1,-1
643,223,1034.54,373.13,45.50,20.43,0.5974,4,-1,-1
643,229,1038.48,444.38,75.68,35.22,0.4369,4,-1,-1
643,230,537.59,394.16,58.41,22.09,0.3522,4,-1,-1
643,232,473.51,358.87,34.38,23.06,0.2846,5,-1,-1
643,235,1535.72,427.37,151.61,52.40,0.6030,4,-1,-1
643,225,1416.35,633.94,98.61,48.88,0.7800,4,-1,-1
643,201,974.39,451.80,53.64,26.57,0.4980,4,-1,-1
644,93,1165.08,710.38,21.24,49.50,0.5477,1,-1,-1
644,205,1294.46,394.90,85.80,37.51,0.8019,4,-1,-1
644,223,1045.19,374.01,42.96,18.97,0.3495,4,-1,-1
644,229,1033.84,444.91,71.39,33.48,0.6619,4,-1,-1
644,230,537.36,394.11,57.90,21.90,0.3260,4,-1,-1
644,232,472.91,362.19,30.51,19.93,0.3149,4,-1,-1
644,235,1552.13,428.66,151.67,52.39,0.7217,4,-1,-1
644,225,1433.19,636.43,98.36,48.19,0.7217,4,-1,-1
644,201,967.26,452.15,51.68,25.61,0.5166,4,-1,-1
645,93,1163.14,708.59,21.18,50.24,0.5746,1,-1,-1
645,205,1307.12,396.23,87.09,38.05,0.8056,4,-1,-1
645,223,1053.86,374.87,43.33,18.96,0.3242,4,-1,-1
645,229,1027.56,445.26,67.08,31.54,0.5689,4,-1,-1
645,230,534.55,393.48,56.05,21.38,0.3522,4,-1,-1
645,232,472.49,360.77,31.19,20.67,0.2720,4,-1,-1
645,235,1566.59,430.84,160.03,55.59,0.6086,4,-1,-1
645,225,1450.30,638.80,93.84,45.13,0.6002,4,-1,-1
645,201,960.43,452.67,49.95,24.79,0.6433,4,-1,-1
646,93,1162.14,707.88,20.78,50.01,0.6540,1,-1,-1
646,205,1315.75,397.78,88.02,38.44,0.8001,4,-1,-1
646,223,1057.52,374.77,63.48,27.82,0.6252,4,-1,-1
646,229,1023.44,445.31,63.77,29.96,0.5224,4,-1,-1
646,230,532.88,393.50,55.90,21.41,0.3748,4,-1,-1
646,232,471.89,359.45,32.20,21.80,0.2114,4,-1,-1
646,235,1578.50,431.41,162.49,56.86,0.5775,4,-1,-1
646,225,1462.34,640.06,93.34,43.91,0.1683,4,-1,-1
646,201,956.37,452.47,50.38,24.92,0.6951,4,-1,-1
646,241,1128.12,386.73,83.73,37.83,0.6011,4,-1,-1
647,93,1161.39,708.08,20.23,49.42,0.6522,1,-1,-1
647,205,1328.68,399.23,88.31,38.56,0.8129,4,-1,-1
647,223,1065.22,375.37,69.64,30.52,0.6876,4,-1,-1
647,229,1018.01,444.71,61.32,29.27,0.5000,4,-1,-1
647,230,533.21,393.54,54.31,20.98,0.2934,4,-1,-1
647,232,469.98,359.54,32.16,21.92,0.1485,4,-1,-1
647,235,1592.40,431.71,172.02,60.83,0.7186,4,-1,-1
647,201,949.92,451.50,51.42,25.38,0.7585,4,-1,-1
647,241,1135.19,388.04,81.44,36.80,0.5078,4,-1,-1
648,93,1161.14,708.84,19.66,48.49,0.6307,1,-1,-1
648,205,1337.85,400.06,88.80,38.72,0.8176,4,-1,-1
648,223,1073.21,377.04,69.05,30.15,0.7318,4,-1,-1
648,229,1016.38,444.45,60.99,29.35,0.5283,4,-1,-1
648,230,532.63,393.44,52.84,20.67,0.2713,4,-1,-1
648,232,469.95,360.03,30.96,21.20,0.1689,4,-1,-1
648,235,1605.73,433.64,172.26,61.32,0.7982,4,-1,-1
648,201,946.55,450.95,51.73,25.38,0.7739,4,-1,-1
648,241,1143.95,388.42,71.93,32.46,0.5955,4,-1,-1
649,93,1159.65,709.32,19.46,47.68,0.4912,1,-1,-1
649,205,1351.42,402.03,87.24,37.66,0.7918,4,-1,-1
649,223,1080.90,378.40,68.81,29.88,0.6715,4,-1,-1
649,229,1013.86,443.86,59.69,29.24,0.5263,4,-1,-1
649,230,532.25,393.29,51.83,20.57,0.2494,4,-1,-1
649,232,469.58,360.39,29.81,20.76,0.1027,4,-1,-1
649,235,1622.38,433.58,173.30,62.25,0.7372,4,-1,-1
649,201,940.96,450.38,51.78,25.21,0.7642,4,-1,-1
649,241,1154.66,389.56,71.90,32.35,0.1352,4,-1,-1
650,93,1157.15,706.75,20.33,49.36,0.6415,1,-1,-1
650,205,1365.88,402.93,88.96,38.25,0.7905,4,-1,-1
650,223,1090.04,379.53,69.82,30.09,0.6885,4,-1,-1
650,229,1001.85,441.35,63.62,31.54,0.5380,4,-1,-1
650,230,532.20,393.09,50.31,20.25,0.2207,4,-1,-1
650,235,1644.76,434.41,168.84,60.67,0.4961,4,-1,-1
650,201,935.06,449.71,51.60,24.94,0.7599,4,-1,-1
651,93,1156.16,705.42,20.71,49.89,0.5974,1,-1,-1
651,205,1376.03,404.52,88.63,37.98,0.7773,4,-1,-1
651,223,1095.70,378.98,73.53,31.63,0.7082,4,-1,-1
651,229,993.06,436.87,70.07,35.31,0.2056,4,-1,-1
651,230,532.60,392.94,50.02,20.37,0.2344,4,-1,-1
651,235,1657.50,438.54,168.52,60.72,0.6280,4,-1,-1
651,201,930.18,448.98,52.32,25.19,0.7725,4,-1,-1
651,241,1168.85,392.25,96.47,43.44,0.6058,4,-1,-1
652,93,1154.93,704.53,21.34,50.57,0.5409,1,-1,-1
652,205,1390.78,406.49,87.84,37.36,0.7746,4,-1,-1
652,223,1103.87,380.11,76.12,32.65,0.7469,4,-1,-1
652,229,985.80,434.14,71.95,37.03,0.2942,4,-1,-1
652,230,532.12,392.64,45.67,18.82,0.2999,4,-1,-1
652,235,1674.87,442.98,171.87,62.22,0.6261,4,-1,-1
652,201,923.70,447.72,53.76,25.90,0.7780,4,-1,-1
652,241,1177.60,392.80,101.60,45.80,0.6225,4,-1,-1
653,93,1153.44,705.78,21.33,49.17,0.4951,1,-1,-1
653,205,1401.49,408.16,87.09,36.84,0.7879,4,-1,-1
653,223,1111.96,381.20,77.44,33.23,0.7122,4,-1,-1
653,229,982.53,436.06,66.50,34.43,0.3648,4,-1,-1
653,230,531.73,392.47,44.03,18.34,0.3157,4,-1,-1
653,235,1690.51,445.35,168.73,61.18,0.6893,4,-1,-1
653,201,919.61,447.34,53.41,25.66,0.7356,4,-1,-1
653,241,1184.05,393.45,104.21,46.98,0.5927,4,-1,-1
654,93,1151.77,706.70,21.76,48.10,0.5574,1,-1,-1
654,205,1412.61,409.32,91.36,38.58,0.7853,4,-1,-1
654,223,1121.59,382.78,76.02,32.47,0.7364,4,-1,-1
654,229,978.97,437.98,61.52,31.53,0.5010,4,-1,-1
654,230,531.79,392.44,43.47,18.26,0.3132,4,-1,-1
654,235,1708.34,445.97,172.01,62.43,0.1790,9,-1,-1
654,201,913.96,446.87,53.17,25.51,0.7194,4,-1,-1
654,241,1197.16,395.16,101.05,45.35,0.5765,4,-1,-1
655,93,1150.04,707.22,21.87,47.34,0.4922,1,-1,-1
655,205,1426.95,410.55,93.69,39.51,0.7982,4,-1,-1
655,223,1131.87,384.05,76.72,32.60,0.7635,4,-1,-1
655,229,974.46,440.32,55.10,27.69,0.4455,4,-1,-1
655,230,531.96,392.44,43.15,18.26,0.2682,4,-1,-1
655,235,1731.03,447.23,168.54,60.86,0.2069,4,-1,-1
655,201,905.80,445.91,53.58,25.43,0.6885,4,-1,-1
655,241,1207.39,396.44,103.37,46.30,0.7264,4,-1,-1
656,93,1149.53,707.83,22.19,46.75,0.5078,1,-1,-1
656,205,1438.07,411.42,94.30,39.74,0.8007,4,-1,-1
656,223,1138.34,385.12,74.79,31.67,0.8111,4,-1,-1
656,229,971.90,444.05,48.51,23.73,0.5993,4,-1,-1
656,230,533.51,392.51,42.28,17.94,0.2591,4,-1,-1
656,235,1742.36,450.23,176.15,63.96,0.4206,4,-1,-1
656,201,901.40,444.93,54.06,25.60,0.6834,4,-1,-1
656,241,1212.56,397.33,105.66,47.14,0.7506,4,-1,-1
657,93,1148.74,706.34,23.10,47.56,0.5936,1,-1,-1
657,205,1452.85,413.47,93.81,39.40,0.8019,4,-1,-1
657,223,1147.72,386.10,75.66,31.97,0.7712,4,-1,-1
657,229,963.81,444.82,44.96,21.74,0.5879,4,-1,-1
657,230,533.48,392.48,42.32,18.02,0.3451,4,-1,-1
657,201,894.08,444.03,54.46,25.47,0.6289,4,-1,-1
657,241,1224.38,398.23,110.09,49.18,0.6758,4,-1,-1
658,93,1147.60,704.26,24.22,49.33,0.6197,1,-1,-1
658,205,1462.99,414.80,94.64,39.54,0.8081,4,-1,-1
658,223,1156.61,386.96,75.04,31.36,0.7334,4,-1,-1
658,229,957.47,442.87,47.56,23.09,0.6487,4,-1,-1
658,230,533.42,392.66,42.01,17.96,0.3858,4,-1,-1
658,201,889.47,443.65,54.80,25.34,0.6325,4,-1,-1
658,241,1231.70,398.79,110.82,49.67,0.7417,4,-1,-1
659,93,1146.30,703.95,24.24,49.42,0.5765,1,-1,-1
659,205,1477.93,416.05,95.12,39.64,0.8397,4,-1,-1
659,223,1165.48,387.70,78.83,32.75,0.7753,4,-1,-1
659,229,951.93,442.10,47.93,23.10,0.7670,4,-1,-1
659,230,533.84,392.58,41.35,17.68,0.3766,4,-1,-1
659,201,887.47,442.81,53.47,25.08,0.5851,4,-1,-1
659,241,1243.42,400.95,109.75,49.12,0.5708,4,-1,-1
660,93,1144.42,703.16,23.98,49.47,0.4815,1,-1,-1
660,205,1493.43,416.98,98.98,41.35,0.8408,4,-1,-1
660,223,1177.35,389.65,79.50,32.84,0.7409,4,-1,-1
660,229,945.80,440.46,51.69,24.68,0.7725,4,-1,-1
660,230,533.61,392.90,41.22,17.72,0.3433,4,-1,-1
660,201,882.78,442.16,53.47,25.33,0.6215,4,-1,-1
660,241,1257.19,402.79,109.17,48.81,0.5718,5,-1,-1
661,93,1142.12,700.28,24.73,51.98,0.3989,1,-1,-1
661,205,1505.48,418.65,99.38,41.47,0.7905,4,-1,-1
661,223,1183.82,390.33,81.82,33.72,0.7670,4,-1,-1
661,229,942.08,439.21,54.22,25.71,0.7846,4,-1,-1
661,230,532.19,392.29,43.96,19.05,0.3849,4,-1,-1
661,201,880.66,443.26,51.44,24.45,0.5059,4,-1,-1
661,241,1267.55,404.67,106.00,47.13,0.4922,5,-1,-1
661,244,1314.38,487.40,67.39,27.17,0.7186,4,-1,-1
662,93,1140.48,698.03,24.92,53.75,0.4235,1,-1,-1
662,205,1521.28,420.86,97.68,40.48,0.8256,4,-1,-1
662,223,1194.15,391.79,83.30,34.30,0.7542,4,-1,-1
662,229,936.99,438.73,54.33,25.38,0.7766,4,-1,-1
662,230,531.98,392.11,47.46,20.44,0.4254,4,-1,-1
662,201,880.49,444.64,46.52,22.36,0.4639,4,-1,-1
662,241,1277.33,405.92,107.32,47.47,0.5689,4,-1,-1
662,244,1302.95,485.35,71.32,28.78,0.7656,4,-1,-1
663,93,1139.54,696.31,25.15,55.57,0.5341,1,-1,-1
663,205,1531.92,422.02,99.18,41.02,0.8152,4,-1,-1
663,223,1204.02,393.03,81.75,33.81,0.7469,4,-1,-1
663,229,932.24,438.36,54.69,25.38,0.7807,4,-1,-1
663,230,531.24,391.70,48.70,20.78,0.4465,4,-1,-1
663,201,877.88,444.38,46.15,22.55,0.2659,4,-1,-1
663,241,1287.22,406.79,107.98,47.52,0.5088,4,-1,-1
663,244,1295.41,484.50,70.97,28.65,0.8026,4,-1,-1
664,93,1139.15,695.53,24.97,56.40,0.5804,1,-1,-1
664,205,1548.94,423.96,99.01,40.85,0.7786,4,-1,-1
664,223,1212.34,394.15,82.04,33.66,0.7585,4,-1,-1
664,229,925.55,437.76,55.57,25.53,0.7780,4,-1,-1
664,230,527.32,391.95,47.85,20.34,0.4630,4,-1,-1
664,241,1298.61,407.17,107.26,46.97,0.6740,4,-1,-1
664,244,1284.04,482.95,71.32,28.84,0.7656,4,-1,-1
665,93,1136.99,693.68,24.97,57.96,0.5525,1,-1,-1
665,205,1565.44,425.65,101.65,41.73,0.8105,4,-1,-1
665,223,1224.09,395.93,81.01,33.18,0.7899,4,-1,-1
665,229,918.36,436.56,57.42,26.33,0.7670,4,-1,-1
665,230,526.49,392.33,45.38,19.11,0.3794,4,-1,-1
665,241,1314.68,409.09,101.17,43.70,0.4523,4,-1,-1
665,244,1274.07,481.60,70.09,28.36,0.7860,4,-1,-1
666,93,1136.13,693.14,24.61,58.32,0.6697,1,-1,-1
666,205,1575.59,426.60,104.70,42.89,0.8233,4,-1,-1
666,223,1232.32,396.65,79.19,32.33,0.7937,4,-1,-1
666,229,913.25,436.10,58.16,26.61,0.6826,4,-1,-1
666,230,530.23,392.58,43.14,18.19,0.4017,4,-1,-1
666,241,1319.85,410.61,111.55,48.16,0.3840,4,-1,-1
666,244,1267.53,480.68,69.24,28.04,0.7976,4,-1,-1
667,93,1134.54,692.35,24.89,59.41,0.6749,1,-1,-1
667,205,1592.24,428.96,106.04,43.33,0.8007,4,-1,-1
667,223,1244.54,397.93,81.08,32.90,0.7873,4,-1,-1
667,229,906.43,434.51,60.11,27.51,0.7106,4,-1,-1
667,230,534.27,392.58,39.78,16.91,0.5283,4,-1,-1
667,241,1330.63,412.06,114.08,49.16,0.3390,4,-1,-1
667,244,1257.61,479.15,69.91,28.37,0.7670,4,-1,-1
668,93,1133.76,691.62,25.01,59.97,0.6732,1,-1,-1
668,205,1604.17,430.49,106.73,43.49,0.8176,4,-1,-1
668,223,1252.82,399.34,81.17,32.71,0.7739,4,-1,-1
668,229,903.15,434.15,59.26,27.18,0.7025,4,-1,-1
668,230,533.19,391.91,40.37,17.28,0.5166,4,-1,-1
668,241,1339.69,412.38,117.27,50.69,0.3040,4,-1,-1
668,244,1251.87,478.31,68.81,27.96,0.7725,4,-1,-1
669,93,1133.17,691.95,24.68,59.09,0.6558,1,-1,-1
669,205,1619.63,431.79,109.52,44.59,0.8408,4,-1,-1
669,223,1263.82,400.68,84.57,33.88,0.7585,4,-1,-1
669,229,899.26,433.36,58.71,27.24,0.6628,4,-1,-1
669,230,532.79,392.03,41.89,18.09,0.5098,4,-1,-1
669,241,1349.96,414.41,122.02,53.02,0.2568,9,-1,-1
669,244,1242.06,477.21,68.15,27.76,0.7439,4,-1,-1
670,93,1132.12,692.64,24.40,57.85,0.6325,1,-1,-1
670,205,1638.26,433.07,112.24,45.53,0.8081,4,-1,-1
670,223,1276.29,402.11,84.90,33.84,0.7454,4,-1,-1
670,229,895.73,432.37,58.16,27.59,0.5936,4,-1,-1
670,230,533.24,392.28,43.05,18.71,0.3757,4,-1,-1
670,241,1366.07,417.53,114.40,49.00,0.2386,5,-1,-1
670,244,1229.98,475.01,70.87,29.13,0.7642,4,-1,-1
671,93,1131.20,692.48,24.67,57.82,0.6505,1,-1,-1
671,205,1649.86,434.10,115.50,46.82,0.8032,4,-1,-1
671,223,1284.45,403.67,86.31,34.34,0.7066,4,-1,-1
671,229,888.81,430.76,59.55,28.64,0.5477,4,-1,-1
671,230,533.36,392.58,42.71,18.55,0.3840,4,-1,-1
671,241,1375.02,418.36,114.82,48.94,0.3115,5,-1,-1
671,244,1223.71,473.84,70.01,28.95,0.7833,4,-1,-1
672,93,1129.82,691.80,25.11,58.24,0.6663,1,-1,-1
672,205,1667.67,437.01,115.98,47.06,0.7372,4,-1,-1
672,223,1297.41,405.46,85.92,33.86,0.7691,4,-1,-1
672,229,886.55,430.31,56.85,27.97,0.5898,4,-1,-1
672,230,536.05,392.76,40.58,17.74,0.3166,4,-1,-1
672,241,1388.06,419.30,118.54,50.55,0.5641,5,-1,-1
672,244,1216.01,473.32,67.46,27.98,0.7866,4,-1,-1
673,93,1128.82,692.66,25.04,57.42,0.6179,1,-1,-1
673,205,1680.44,438.55,116.65,47.39,0.8093,4,-1,-1
673,223,1305.51,406.67,87.03,34.18,0.7599,4,-1,-1
673,229,882.40,429.66,56.09,28.03,0.6105,4,-1,-1
673,230,537.91,393.00,41.08,17.99,0.3183,4,-1,-1
673,241,1397.78,420.06,119.72,51.12,0.3961,5,-1,-1
673,244,1208.52,472.06,68.81,28.74,0.8075,4,-1,-1
674,93,1128.10,695.66,23.76,53.93,0.4688,1,-1,-1
674,205,1700.26,441.41,114.97,46.50,0.8141,4,-1,-1
674,223,1315.87,407.00,92.29,36.21,0.8032,4,-1,-1
674,229,876.61,428.69,55.93,28.37,0.5879,4,-1,-1
674,230,538.39,392.92,43.60,19.08,0.3372,4,-1,-1
674,241,1408.45,419.85,126.78,54.35,0.6352,4,-1,-1
674,244,1201.13,471.37,66.95,28.09,0.8001,4,-1,-1
674,248,746.89,333.28,46.66,21.21,0.6379,4,-1,-1
675,93,1126.61,696.00,22.97,52.07,0.2666,1,-1,-1
675,205,1718.13,442.27,121.10,49.11,0.7866,4,-1,-1
675,223,1329.78,408.19,92.83,36.18,0.8032,4,-1,-1
675,229,868.86,428.05,55.30,28.14,0.4854,4,-1,-1
675,230,539.48,393.23,44.92,19.48,0.2651,4,-1,-1
675,241,1425.42,421.06,125.80,54.04,0.5813,4,-1,-1
675,244,1191.79,470.18,66.74,28.20,0.8013,4,-1,-1
675,248,750.53,333.34,47.76,21.73,0.6252,4,-1,-1
676,93,1125.44,697.51,21.95,49.89,0.2154,1,-1,-1
676,205,1731.84,443.82,122.43,49.66,0.7520,4,-1,-1
676,223,1340.35,409.07,92.92,36.11,0.7827,4,-1,-1
676,230,538.08,393.34,43.18,18.83,0.2056,4,-1,-1
676,241,1436.28,422.31,126.31,54.33,0.7090,4,-1,-1
676,244,1185.18,469.66,66.55,28.30,0.8087,4,-1,-1
676,248,754.05,333.02,48.42,22.08,0.6307,4,-1,-1
677,93,1123.45,696.30,21.69,50.32,0.1380,1,-1,-1
677,205,1751.22,446.29,121.97,49.42,0.8176,4,-1,-1
677,223,1351.93,410.68,96.88,37.64,0.7592,4,-1,-1
677,230,537.47,393.50,43.11,18.99,0.2576,4,-1,-1
677,241,1451.40,424.70,123.71,53.05,0.4494,5,-1,-1
677,244,1176.73,468.29,66.15,28.29,0.8093,4,-1,-1
677,248,760.44,334.15,47.42,21.66,0.6868,4,-1,-1
678,93,1122.38,695.42,21.50,50.94,0.1689,1,-1,-1
678,205,1766.34,448.59,121.30,49.02,0.8578,4,-1,-1
678,223,1362.08,412.29,96.50,37.54,0.7912,4,-1,-1
678,230,538.45,393.48,44.01,19.43,0.2494,4,-1,-1
678,241,1461.44,426.41,123.24,52.66,0.4591,5,-1,-1
678,244,1170.98,467.46,65.78,28.35,0.8062,4,-1,-1
678,248,765.37,334.89,46.68,21.37,0.7033,4,-1,-1
679,93,1120.78,695.03,21.29,51.19,0.1778,1,-1,-1
679,205,1785.63,451.15,121.97,49.24,0.8322,4,-1,-1
679,223,1374.10,413.98,97.23,37.76,0.7766,4,-1,-1
679,230,537.00,393.24,42.43,18.89,0.3513,4,-1,-1
679,241,1475.21,428.23,123.88,52.65,0.4678,4,-1,-1
679,244,1163.43,466.93,63.81,27.57,0.8099,4,-1,-1
679,248,769.49,335.59,48.44,22.24,0.7739,4,-1,-1
680,205,1803.59,453.44,121.53,49.57,0.7957,4,-1,-1
680,223,1388.65,415.21,97.87,37.91,0.7372,4,-1,-1
680,230,536.45,393.09,40.62,18.17,0.3234,4,-1,-1
680,241,1486.82,429.64,134.37,57.47,0.4649,4,-1,-1
680,244,1155.61,466.40,62.30,26.92,0.7931,4,-1,-1
680,248,775.49,336.83,47.71,21.93,0.7303,4,-1,-1
681,205,1815.37,455.50,117.92,48.89,0.8019,4,-1,-1
681,223,1400.38,416.35,97.38,37.60,0.7718,4,-1,-1
681,230,536.78,393.38,41.36,18.56,0.2056,4,-1,-1
681,241,1496.64,430.30,137.50,59.17,0.4990,4,-1,-1
681,244,1150.20,465.79,61.17,26.51,0.7937,4,-1,-1
681,248,779.57,337.47,47.01,21.62,0.7017,4,-1,-1
682,205,1827.62,458.36,113.13,48.43,0.6926,4,-1,-1
682,223,1412.46,417.53,99.85,38.43,0.8176,4,-1,-1
682,230,534.93,392.75,39.89,17.93,0.3594,4,-1,-1
682,241,1515.76,432.78,131.04,56.26,0.7138,4,-1,-1
682,244,1141.45,464.43,61.86,26.94,0.8087,4,-1,-1
682,248,784.76,337.97,48.01,22.08,0.7256,4,-1,-1
683,205,1838.80,460.51,105.88,47.15,0.5612,4,-1,-1
683,223,1421.90,418.51,101.21,38.92,0.8152,4,-1,-1
683,230,535.65,392.79,39.20,17.71,0.3277,4,-1,-1
683,241,1525.82,433.84,133.16,57.23,0.4883,4,-1,-1
683,244,1134.93,463.08,63.18,27.68,0.8075,4,-1,-1
683,248,789.00,338.95,47.06,21.65,0.7114,4,-1,-1
683,249,1357.32,624.44,72.37,48.89,0.7154,4,-1,-1
684,223,1434.83,420.33,103.53,39.80,0.8176,4,-1,-1
684,230,536.20,392.85,38.78,17.61,0.2934,4,-1,-1
684,241,1540.14,435.90,135.02,58.06,0.5458,4,-1,-1
684,244,1127.74,462.64,61.90,27.18,0.8001,4,-1,-1
684,248,794.51,339.77,45.58,20.92,0.6469,4,-1,-1
684,249,1363.60,625.66,76.12,51.17,0.7535,4,-1,-1
685,223,1450.01,422.04,105.32,40.42,0.8081,4,-1,-1
685,230,536.51,392.92,38.89,17.72,0.2967,4,-1,-1
685,241,1559.14,438.37,130.47,55.79,0.6976,4,-1,-1
685,244,1118.97,461.99,61.84,27.28,0.8013,4,-1,-1
685,248,801.40,340.65,44.29,20.14,0.7162,4,-1,-1
685,249,1371.44,628.53,80.83,53.68,0.7402,4,-1,-1
686,223,1460.13,422.63,107.19,41.09,0.8222,4,-1,-1
686,230,536.69,392.97,39.13,17.88,0.3107,4,-1,-1
686,241,1567.23,439.39,140.25,60.23,0.6021,4,-1,-1
686,244,1112.86,461.02,62.70,27.86,0.8013,4,-1,-1
686,248,804.43,341.19,44.83,20.23,0.6918,4,-1,-1
686,249,1377.94,630.14,83.79,54.74,0.7564,4,-1,-1
686,93,1112.43,695.29,22.22,50.73,0.5477,1,-1,-1
687,223,1476.31,424.67,105.63,40.32,0.7773,4,-1,-1
687,230,536.88,393.00,39.99,18.29,0.3183,4,-1,-1
687,241,1586.73,442.21,135.24,57.78,0.6234,4,-1,-1
687,244,1106.07,461.15,60.13,26.71,0.8062,4,-1,-1
687,248,809.80,341.60,47.15,21.28,0.6487,4,-1,-1
687,249,1390.93,633.67,79.45,51.29,0.6496,4,-1,-1
687,93,1111.30,696.37,22.58,49.20,0.4301,1,-1,-1
688,223,1485.08,425.55,110.05,42.02,0.8032,4,-1,-1
688,230,536.88,392.99,40.26,18.41,0.3277,4,-1,-1
688,241,1599.52,443.79,134.85,57.51,0.4902,5,-1,-1
688,244,1101.58,460.69,59.10,26.35,0.8170,4,-1,-1
688,248,813.07,341.68,48.92,22.14,0.6783,4,-1,-1
688,249,1403.18,636.09,75.91,48.40,0.6442,4,-1,-1
688,93,1110.16,695.33,23.01,50.30,0.3433,1,-1,-1
689,223,1498.62,427.28,112.01,42.83,0.7944,4,-1,-1
689,230,536.85,393.09,39.66,18.15,0.3200,4,-1,-1
689,241,1609.70,445.48,144.88,62.17,0.5525,5,-1,-1
689,244,1093.58,459.86,59.16,26.37,0.7739,4,-1,-1
689,248,817.68,341.95,49.82,22.66,0.6415,4,-1,-1
689,249,1418.52,639.34,75.39,46.97,0.6514,4,-1,-1
689,93,1108.90,694.57,23.36,51.09,0.4092,1,-1,-1
690,223,1514.45,429.56,114.52,43.88,0.8105,4,-1,-1
690,230,536.85,393.05,39.51,18.09,0.3225,4,-1,-1
690,241,1633.71,447.67,136.89,58.44,0.6169,4,-1,-1
690,244,1083.30,458.04,60.14,26.80,0.7303,4,-1,-1
690,248,823.61,342.38,48.94,22.37,0.6433,4,-1,-1
690,249,1431.74,640.65,72.51,44.80,0.2444,4,-1,-1
690,93,1109.50,698.08,21.37,46.36,0.1634,1,-1,-1
691,223,1525.77,430.88,116.11,44.60,0.8093,4,-1,-1
691,230,535.84,392.88,39.53,18.10,0.3442,4,-1,-1
691,241,1645.20,450.38,139.49,59.51,0.4054,5,-1,-1
691,244,1078.50,456.88,60.27,27.04,0.7162,4,-1,-1
691,248,827.16,342.67,51.01,23.42,0.5708,4,-1,-1
691,249,1437.50,639.18,72.24,44.82,0.3074,10,-1,-1
691,93,1106.78,696.71,22.07,47.95,0.1160,1,-1,-1
692,223,1541.64,432.80,115.56,44.49,0.8245,4,-1,-1
692,230,535.47,392.80,39.64,18.17,0.3460,4,-1,-1
692,241,1660.58,451.87,144.68,61.94,0.4140,5,-1,-1
692,244,1070.57,455.41,60.76,27.35,0.5898,4,-1,-1
692,248,832.85,343.45,50.30,23.05,0.6123,4,-1,-1
692,93,1105.27,697.26,21.48,47.27,0.3032,1,-1,-1
693,223,1553.90,434.54,114.23,43.97,0.8032,4,-1,-1
693,230,535.29,392.74,39.66,18.19,0.3425,4,-1,-1
693,241,1673.37,453.22,147.78,63.56,0.4766,4,-1,-1
693,244,1063.71,453.01,63.71,29.03,0.6011,4,-1,-1
693,248,836.81,343.62,50.68,23.25,0.7017,4,-1,-1
693,93,1104.10,696.95,21.27,47.32,0.5039,1,-1,-1
693,251,927.89,419.93,39.12,18.46,0.6619,4,-1,-1
694,223,1568.53,436.69,117.69,45.32,0.8408,4,-1,-1
694,230,535.25,392.75,39.47,18.11,0.3442,4,-1,-1
694,241,1687.97,454.23,154.54,67.05,0.4717,4,-1,-1
694,244,1053.66,448.15,69.75,32.55,0.6123,4,-1,-1
694,248,843.49,343.91,51.46,23.62,0.5784,4,-1,-1
694,93,1102.14,696.43,21.40,48.58,0.6289,1,-1,-1
694,251,923.18,418.22,41.73,19.68,0.7394,4,-1,-1
695,223,1585.78,438.68,119.18,45.96,0.8278,4,-1,-1
695,230,534.79,392.66,39.90,18.28,0.3486,4,-1,-1
695,241,1708.22,457.33,152.34,66.35,0.5603,5,-1,-1
695,244,1038.32,443.62,78.19,37.23,0.1116,6,-1,-1
695,248,849.55,344.29,53.19,24.56,0.5631,4,-1,-1
695,93,1100.69,696.53,21.14,48.76,0.5516,1,-1,-1
695,251,917.63,417.60,40.75,19.15,0.6851,4,-1,-1
696,223,1597.73,440.02,120.77,46.54,0.8333,4,-1,-1
696,230,534.64,392.59,39.99,18.29,0.3513,4,-1,-1
696,241,1724.37,461.02,148.54,64.55,0.5756,5,-1,-1
696,244,1036.78,443.38,74.83,36.56,0.1651,5,-1,-1
696,248,854.12,345.20,52.83,24.48,0.6451,4,-1,-1
696,93,1099.74,696.50,20.82,48.43,0.4513,1,-1,-1
696,251,913.51,417.34,40.51,18.93,0.6469,4,-1,-1
697,223,1614.52,442.16,121.20,46.65,0.7994,4,-1,-1
697,230,534.31,392.54,40.36,18.41,0.3612,4,-1,-1
697,241,1742.97,463.46,149.58,64.90,0.7202,5,-1,-1
697,248,859.02,346.01,53.63,24.91,0.5879,4,-1,-1
697,93,1098.35,696.59,20.58,48.13,0.6575,1,-1,-1
697,251,905.31,417.08,41.10,18.97,0.6215,4,-1,-1
698,223,1626.99,443.92,121.79,46.70,0.7969,4,-1,-1
698,230,533.63,392.55,40.79,18.55,0.3567,4,-1,-1
698,241,1754.58,465.06,153.07,66.65,0.6671,5,-1,-1
698,248,862.60,347.26,52.79,24.36,0.3979,4,-1,-1
698,93,1096.39,696.05,21.05,48.78,0.6215,1,-1,-1
698,251,900.30,416.54,41.38,18.86,0.6451,4,-1,-1
699,223,1642.80,446.23,123.97,47.39,0.8044,4,-1,-1
699,230,533.07,392.52,41.00,18.58,0.3549,4,-1,-1
699,241,1767.07,467.52,159.28,70.14,0.4980,4,-1,-1
699,248,869.47,347.69,52.61,24.33,0.5708,4,-1,-1
699,93,1094.07,696.33,21.62,48.74,0.6179,1,-1,-1
699,251,894.27,414.90,44.24,20.02,0.6715,4,-1,-1
700,223,1660.48,448.52,127.92,49.00,0.8187,4,-1,-1
700,230,531.05,392.20,41.50,18.67,0.3748,4,-1,-1
700,241,1784.83,469.68,150.54,67.44,0.4542,4,-1,-1
700,248,876.57,348.54,53.62,24.87,0.5593,4,-1,-1
700,93,1092.30,697.04,22.13,48.26,0.6011,1,-1,-1
700,251,888.04,413.71,45.52,20.51,0.6215,4,-1,-1
701,223,1673.18,450.18,129.67,49.67,0.8439,4,-1,-1
701,230,530.02,392.03,42.19,18.86,0.3666,4,-1,-1
701,241,1793.41,470.75,145.76,66.61,0.3074,4,-1,-1
701,248,881.06,349.37,53.98,25.13,0.6783,4,-1,-1
701,93,1091.42,697.32,22.54,47.64,0.6289,1,-1,-1
701,251,881.63,412.81,47.75,21.34,0.6197,4,-1,-1
702,223,1690.11,451.81,131.21,50.35,0.8245,4,-1,-1
702,230,529.39,391.96,42.72,18.96,0.3886,4,-1,-1
702,241,1803.87,474.01,145.30,69.06,0.1592,5,-1,-1
702,248,886.10,350.03,55.88,26.10,0.7066,4,-1,-1
702,93,1089.76,697.47,23.45,48.07,0.5879,1,-1,-1
702,251,875.81,412.10,49.09,21.82,0.5010,4,-1,-1
703,223,1703.67,453.89,132.52,50.95,0.8176,4,-1,-1
703,230,529.36,391.95,42.83,18.91,0.3942,4,-1,-1
703,241,1812.53,475.43,142.88,71.15,0.2546,5,-1,-1
703,248,889.81,350.38,56.93,26.78,0.6610,4,-1,-1
703,93,1088.91,697.61,24.11,48.09,0.4854,1,-1,-1
703,251,873.02,411.07,48.73,21.58,0.5020,4,-1,-1
704,223,1721.87,456.34,134.30,51.71,0.8333,4,-1,-1
704,230,529.26,392.02,43.03,18.89,0.3739,4,-1,-1
704,248,897.07,352.23,55.14,26.04,0.6984,4,-1,-1
704,93,1087.82,696.35,24.57,48.24,0.5593,1,-1,-1
704,251,868.70,410.17,50.49,22.49,0.2991,4,-1,-1
705,223,1743.41,459.34,134.24,51.69,0.8093,4,-1,-1
705,230,529.15,392.06,43.27,18.89,0.3933,4,-1,-1
705,248,905.66,354.27,53.12,24.95,0.6469,4,-1,-1
705,93,1085.89,695.03,24.53,48.76,0.5535,1,-1,-1
705,251,861.36,409.58,55.29,25.01,0.1352,4,-1,-1
706,223,1759.38,461.68,132.89,51.00,0.8141,4,-1,-1
706,230,530.90,392.18,42.27,18.40,0.2934,4,-1,-1
706,248,911.42,355.30,52.85,24.76,0.5670,4,-1,-1
706,93,1084.85,694.51,24.24,48.58,0.6522,1,-1,-1
707,223,1777.99,464.73,136.00,52.12,0.7969,4,-1,-1
707,230,529.58,391.60,43.01,18.56,0.1097,4,-1,-1
707,248,918.33,356.33,52.74,24.58,0.5078,4,-1,-1
707,93,1083.56,693.92,24.04,48.75,0.6575,1,-1,-1
708,223,1789.80,466.79,135.08,51.91,0.8117,4,-1,-1
708,230,530.93,391.99,43.92,18.86,0.3016,4,-1,-1
708,248,922.72,356.84,53.63,25.02,0.6179,4,-1,-1
708,93,1083.15,693.95,23.56,48.33,0.6851,1,-1,-1
709,223,1804.04,469.21,131.16,51.46,0.8032,4,-1,-1
709,230,531.73,392.20,44.41,18.96,0.3157,4,-1,-1
709,248,928.83,357.48,54.54,25.52,0.7287,4,-1,-1
709,93,1081.86,694.46,22.90,47.86,0.6451,1,-1,-1
710,223,1813.35,470.64,131.90,53.66,0.7202,4,-1,-1
710,230,532.53,392.32,45.29,19.22,0.3407,4,-1,-1
710,248,935.80,358.69,55.33,25.84,0.6451,4,-1,-1
710,93,1080.02,694.85,22.20,47.30,0.6270,1,-1,-1
711,223,1825.30,474.15,121.59,51.29,0.6860,4,-1,-1
711,230,532.66,392.31,46.43,19.62,0.3294,4,-1,-1
711,248,940.35,358.98,56.92,26.64,0.4206,4,-1,-1
711,93,1078.60,695.23,21.86,47.53,0.6270,1,-1,-1
711,254,956.69,445.12,44.85,21.95,0.7394,4,-1,-1
712,223,1843.53,477.30,105.06,46.55,0.6442,4,-1,-1
712,230,532.30,392.16,47.48,20.01,0.3648,4,-1,-1
712,248,946.86,359.52,56.94,26.59,0.5574,4,-1,-1
712,93,1077.14,695.15,22.02,48.91,0.6522,1,-1,-1
712,254,951.95,445.00,45.64,22.29,0.7739,4,-1,-1
713,230,533.69,392.24,50.42,21.24,0.4064,4,-1,-1
713,248,952.88,360.55,56.18,26.16,0.1027,5,-1,-1
713,93,1076.28,694.86,21.84,49.41,0.7114,1,-1,-1
713,254,947.25,444.54,46.21,22.50,0.7571,4,-1,-1
714,230,534.34,392.14,52.14,21.90,0.4140,4,-1,-1
714,248,960.14,363.70,53.77,24.92,0.5554,4,-1,-1
714,93,1074.51,693.81,22.47,51.16,0.6918,1,-1,-1
714,254,942.23,444.80,44.61,21.57,0.7684,4,-1,-1
715,230,534.39,392.22,51.44,21.61,0.4121,4,-1,-1
715,248,967.58,363.61,55.97,25.97,0.4436,4,-1,-1
715,93,1072.00,694.11,22.94,51.19,0.6834,1,-1,-1
715,254,934.08,443.54,46.92,22.58,0.7950,4,-1,-1
716,230,536.25,392.84,52.11,21.75,0.3886,4,-1,-1
716,248,972.33,363.55,58.78,27.40,0.5516,4,-1,-1
716,93,1071.09,695.55,22.85,49.79,0.6851,1,-1,-1
716,254,928.85,442.96,47.60,22.80,0.7963,4,-1,-1
716,256,321.33,377.32,38.72,18.02,0.5804,4,-1,-1
717,230,536.88,393.08,53.81,22.32,0.4321,4,-1,-1
717,248,980.16,364.67,58.20,27.08,0.6575,4,-1,-1
717,93,1069.72,698.08,22.73,47.69,0.6783,1,-1,-1
717,254,922.07,442.90,48.07,22.88,0.7621,4,-1,-1
717,256,318.61,375.94,38.23,17.76,0.3208,4,-1,-1
718,230,537.52,393.28,53.98,22.22,0.4273,4,-1,-1
718,248,987.00,367.44,54.08,24.95,0.5400,4,-1,-1
718,93,1068.90,698.39,23.21,47.38,0.6593,1,-1,-1
718,254,916.59,441.84,48.97,23.19,0.7766,4,-1,-1
718,256,315.86,374.51,39.60,18.38,0.3407,4,-1,-1
719,230,538.55,393.68,53.61,21.88,0.4235,4,-1,-1
719,248,995.07,369.04,52.83,24.22,0.5283,4,-1,-1
719,93,1067.72,698.87,23.96,47.29,0.7066,1,-1,-1
719,254,906.08,440.48,51.54,24.11,0.7272,4,-1,-1
720,230,538.84,394.00,52.71,21.40,0.3277,4,-1,-1
720,248,1001.50,368.79,57.57,26.39,0.6868,4,-1,-1
720,93,1066.37,700.57,23.72,45.91,0.5823,1,-1,-1
720,254,897.97,438.80,53.95,25.15,0.7249,4,-1,-1
721,230,538.71,394.06,50.01,20.24,0.3425,4,-1,-1
721,248,1007.02,368.84,59.92,27.47,0.7146,4,-1,-1
721,93,1065.09,699.83,24.51,46.87,0.5390,1,-1,-1
721,254,890.86,436.80,56.75,26.37,0.6514,4,-1,-1
721,256,308.27,372.68,35.98,16.56,0.4504,4,-1,-1
722,230,537.63,394.12,48.37,19.63,0.3390,4,-1,-1
722,248,1014.59,369.31,59.94,27.50,0.7001,4,-1,-1
722,93,1061.85,697.62,25.72,49.23,0.6151,1,-1,-1
722,254,882.35,434.47,60.50,28.32,0.6715,4,-1,-1
722,256,303.00,371.55,39.85,18.42,0.4045,4,-1,-1
723,230,534.82,393.59,46.13,18.96,0.3558,4,-1,-1
723,248,1021.06,369.79,58.96,27.00,0.6901,4,-1,-1
723,93,1060.88,697.39,25.78,49.46,0.5936,1,-1,-1
723,254,879.58,434.36,59.08,27.85,0.6334,4,-1,-1
723,256,300.11,371.52,40.65,18.87,0.3099,4,-1,-1
724,230,534.33,393.51,44.68,18.61,0.3217,4,-1,-1
724,248,1028.56,371.47,61.58,28.19,0.6558,4,-1,-1
724,93,1059.79,697.47,25.39,49.19,0.4397,1,-1,-1
724,254,870.68,432.52,62.05,29.48,0.5879,4,-1,-1
724,256,296.53,370.54,41.55,19.31,0.1268,4,-1,-1
725,230,533.32,393.32,43.75,18.56,0.3140,4,-1,-1
725,248,1037.28,373.27,61.27,28.02,0.6783,4,-1,-1
725,93,1058.23,698.19,24.65,48.70,0.5574,1,-1,-1
725,254,863.96,430.11,64.27,31.04,0.5341,4,-1,-1
725,256,294.71,369.90,41.21,19.16,0.2082,4,-1,-1
726,230,531.91,393.27,45.14,19.50,0.3757,4,-1,-1
726,248,1043.41,374.57,61.43,28.04,0.6397,4,-1,-1
726,93,1057.41,698.63,23.93,48.39,0.5689,1,-1,-1
726,254,859.51,429.25,64.13,31.36,0.2187,4,-1,-1
726,256,291.87,370.64,40.59,18.85,0.2365,4,-1,-1
726,257,1311.66,488.22,75.96,28.53,0.7202,4,-1,-1
727,230,530.13,393.09,46.50,20.34,0.3933,4,-1,-1
727,248,1052.10,375.08,62.19,28.40,0.6469,4,-1,-1
727,93,1054.93,696.83,24.42,50.74,0.3242,1,-1,-1
727,256,287.72,367.87,42.46,19.86,0.1733,4,-1,-1
727,257,1304.73,486.88,75.75,28.43,0.7249,4,-1,-1
728,230,528.09,392.89,47.15,20.78,0.1755,5,-1,-1
728,248,1056.84,375.58,63.50,28.98,0.6522,4,-1,-1
728,93,1053.54,697.12,23.67,50.12,0.5784,1,-1,-1
728,256,286.26,366.70,41.57,19.60,0.1705,4,-1,-1
728,257,1298.50,486.20,74.70,27.99,0.7491,4,-1,-1
729,230,529.88,393.28,46.18,20.54,0.3666,4,-1,-1
729,248,1065.09,377.42,64.01,29.07,0.6984,4,-1,-1
729,93,1052.63,696.60,23.05,49.41,0.6715,1,-1,-1
729,257,1287.78,484.24,76.60,28.70,0.7506,4,-1,-1
730,230,532.47,393.16,44.13,19.91,0.3549,4,-1,-1
730,248,1075.64,379.26,62.94,28.47,0.7272,4,-1,-1
730,93,1051.99,696.39,22.89,49.56,0.6123,1,-1,-1
730,257,1277.72,482.62,77.29,29.00,0.7759,4,-1,-1
731,230,534.30,393.25,42.94,19.46,0.3531,4,-1,-1
731,248,1082.54,379.63,63.80,28.78,0.7739,4,-1,-1
731,93,1049.77,695.67,22.70,49.36,0.5400,1,-1,-1
731,257,1270.60,481.66,77.98,29.31,0.7773,4,-1,-1
732,230,531.74,392.98,42.83,19.43,0.3166,4,-1,-1
732,248,1089.55,380.09,66.17,29.80,0.7272,4,-1,-1
732,93,1046.43,695.57,23.19,49.01,0.6123,1,-1,-1
732,257,1260.46,479.34,81.59,30.84,0.7846,4,-1,-1
733,230,531.44,392.79,42.45,19.36,0.3251,4,-1,-1
733,248,1096.73,381.37,65.98,29.63,0.7194,4,-1,-1
733,93,1044.74,694.67,24.48,50.45,0.7017,1,-1,-1
733,257,1254.46,478.44,81.74,31.03,0.7549,4,-1,-1
733,259,503.51,410.46,49.67,21.79,0.6086,4,-1,-1
733,256,274.68,364.88,39.51,18.74,0.5068,4,-1,-1
734,230,533.10,392.84,41.46,19.05,0.4225,4,-1,-1
734,248,1104.50,381.94,69.48,31.29,0.7670,4,-1,-1
734,93,1043.77,694.79,25.62,51.23,0.7256,1,-1,-1
734,257,1246.51,477.41,81.81,31.22,0.7712,4,-1,-1
734,259,503.04,410.49,49.87,21.88,0.5496,4,-1,-1
734,256,271.50,363.88,39.24,18.62,0.5341,4,-1,-1
735,230,534.33,392.95,40.16,18.60,0.3648,4,-1,-1
735,248,1116.26,383.55,67.82,30.57,0.7578,4,-1,-1
735,93,1042.55,695.36,26.47,51.26,0.7194,1,-1,-1
735,257,1238.89,477.02,79.75,30.55,0.7628,4,-1,-1
735,259,495.58,410.41,48.13,21.17,0.3849,4,-1,-1
735,256,268.64,363.05,38.73,18.46,0.6049,4,-1,-1
736,230,533.55,392.95,40.00,18.54,0.4064,4,-1,-1
736,248,1124.11,384.55,67.11,30.15,0.7491,4,-1,-1
736,93,1041.61,694.74,27.51,51.92,0.6851,1,-1,-1
736,257,1232.55,475.73,79.90,30.77,0.7670,4,-1,-1
736,259,490.54,409.49,49.76,21.95,0.4834,4,-1,-1
736,256,267.05,362.27,38.49,18.37,0.5860,4,-1,-1
737,230,532.67,392.94,40.26,18.50,0.3513,4,-1,-1
737,248,1133.50,385.18,69.80,31.23,0.7773,4,-1,-1
737,93,1040.32,693.88,28.19,52.59,0.6817,1,-1,-1
737,257,1226.32,475.39,75.91,29.26,0.7879,4,-1,-1
737,259,486.12,408.25,52.69,23.39,0.3549,4,-1,-1
737,256,264.87,361.88,37.15,17.66,0.4951,4,-1,-1
737,260,542.41,407.68,52.19,21.17,0.5302,4,-1,-1
738,230,532.08,392.86,41.47,19.03,0.3730,4,-1,-1
738,248,1140.32,385.89,70.13,31.33,0.7649,4,-1,-1
738,93,1039.18,693.65,28.45,52.80,0.6663,1,-1,-1
738,257,1221.50,475.30,73.70,28.44,0.7827,4,-1,-1
738,259,480.78,407.67,53.44,23.97,0.3951,4,-1,-1
738,256,262.55,361.44,37.29,17.65,0.4359,4,-1,-1
738,260,539.86,408.20,51.67,20.97,0.5496,4,-1,-1
739,230,532.41,392.56,41.85,19.32,0.3979,4,-1,-1
739,248,1149.16,387.61,70.23,31.47,0.7614,4,-1,-1
739,93,1037.80,693.91,28.02,52.22,0.6123,1,-1,-1
739,257,1213.51,474.05,73.87,28.58,0.7866,4,-1,-1
739,259,472.77,407.25,55.11,24.92,0.3540,4,-1,-1
739,256,259.22,360.64,38.15,18.05,0.5651,4,-1,-1
739,260,534.89,407.39,53.02,21.59,0.5917,4,-1,-1
740,230,531.90,392.78,42.30,19.27,0.3933,4,-1,-1
740,248,1160.54,389.71,67.80,30.12,0.7469,4,-1,-1
740,93,1036.07,693.35,27.15,51.63,0.6628,1,-1,-1
740,257,1205.53,472.93,73.80,28.68,0.7827,4,-1,-1
740,259,468.94,406.07,55.38,25.21,0.4620,4,-1,-1
740,256,256.07,359.50,38.26,18.13,0.5516,4,-1,-1
740,260,529.17,407.19,52.55,21.38,0.5612,4,-1,-1
741,230,530.99,393.15,42.19,18.88,0.3311,4,-1,-1
741,248,1169.26,390.93,67.79,29.96,0.7225,4,-1,-1
741,93,1034.95,692.67,26.80,51.75,0.6478,1,-1,-1
741,257,1201.02,473.11,71.06,27.56,0.7931,4,-1,-1
741,259,466.31,405.06,51.49,23.61,0.2494,4,-1,-1
741,256,254.83,358.77,37.64,17.82,0.4571,4,-1,-1
741,260,525.05,406.60,51.75,20.98,0.5574,4,-1,-1
742,230,531.40,393.41,43.64,19.59,0.4785,4,-1,-1
742,248,1178.69,391.58,70.02,30.84,0.7725,4,-1,-1
742,93,1033.36,692.14,26.11,51.57,0.6280,1,-1,-1
742,257,1192.30,470.66,73.33,28.61,0.8032,4,-1,-1
742,259,461.78,404.51,49.03,22.51,0.1530,4,-1,-1
742,256,253.15,358.69,35.97,17.01,0.4168,4,-1,-1
742,260,521.73,407.21,49.84,20.09,0.5039,4,-1,-1
743,230,532.91,393.68,42.37,19.19,0.4737,4,-1,-1
743,248,1185.02,392.10,73.24,32.29,0.7194,4,-1,-1
743,93,1032.25,691.97,25.35,51.42,0.6478,1,-1,-1
743,257,1186.09,469.45,74.95,29.43,0.6715,4,-1,-1
743,259,458.73,404.81,48.21,22.15,0.1807,4,-1,-1
743,256,252.49,358.95,34.66,16.37,0.3720,4,-1,-1
743,260,515.35,407.86,45.89,18.58,0.3585,4,-1,-1
744,230,535.24,393.45,40.12,18.12,0.3666,4,-1,-1
744,248,1195.04,393.38,74.15,32.86,0.7712,4,-1,-1
744,93,1030.72,692.46,25.04,52.23,0.6379,1,-1,-1
744,257,1178.23,468.24,75.84,30.04,0.7860,4,-1,-1
744,259,454.36,405.02,45.64,21.00,0.1651,4,-1,-1
744,256,248.26,358.53,34.93,16.39,0.2018,4,-1,-1
744,260,508.13,407.74,44.83,18.33,0.3442,4,-1,-1
745,230,536.12,393.24,40.43,18.32,0.4407,4,-1,-1
745,248,1207.66,394.67,74.57,33.16,0.8001,4,-1,-1
745,93,1029.02,692.57,24.38,52.22,0.7033,1,-1,-1
745,257,1170.46,466.94,74.32,29.57,0.8117,4,-1,-1
745,259,448.56,404.62,46.05,21.29,0.2682,4,-1,-1
745,256,244.79,357.01,36.24,17.04,0.2934,4,-1,-1
745,260,504.58,406.02,48.32,19.73,0.4971,4,-1,-1
746,230,536.31,392.92,40.29,18.34,0.4600,4,-1,-1
746,248,1215.74,395.96,73.12,32.47,0.7963,4,-1,-1
746,93,1027.96,692.60,23.94,52.44,0.7162,1,-1,-1
746,257,1164.18,465.81,75.88,30.50,0.7210,4,-1,-1
746,259,445.16,404.91,46.30,21.43,0.3242,4,-1,-1
746,256,242.45,355.45,37.75,17.88,0.1744,4,-1,-1
746,260,500.70,404.79,48.41,19.87,0.4776,4,-1,-1
747,230,536.48,392.42,39.57,18.01,0.4581,4,-1,-1
747,248,1226.28,397.33,74.23,32.92,0.8026,4,-1,-1
747,93,1026.26,693.40,23.60,52.26,0.6800,1,-1,-1
747,257,1156.75,464.96,75.25,30.46,0.7311,4,-1,-1
747,259,440.98,403.73,47.74,22.28,0.4707,4,-1,-1
747,256,240.13,354.27,38.62,18.46,0.5936,4,-1,-1
747,260,496.10,404.17,45.68,18.89,0.6663,4,-1,-1
748,230,536.90,392.17,39.33,17.86,0.4941,4,-1,-1
748,248,1233.92,398.30,74.96,33.26,0.8062,4,-1,-1
748,93,1025.04,693.83,23.44,51.93,0.6505,1,-1,-1
748,257,1151.32,463.84,75.02,30.58,0.7372,4,-1,-1
748,259,439.07,402.87,45.53,21.25,0.5020,4,-1,-1
748,256,239.20,353.89,37.61,18.15,0.5117,4,-1,-1
748,260,492.71,403.69,46.12,19.11,0.6800,4,-1,-1
748,262,747.01,333.30,45.34,23.64,0.7033,4,-1,-1
749,230,537.59,392.10,39.27,17.75,0.5078,4,-1,-1
749,248,1245.34,399.22,75.01,33.20,0.7963,4,-1,-1
749,93,1023.82,694.65,23.31,51.01,0.6663,1,-1,-1
749,257,1144.74,462.88,74.22,30.44,0.7476,4,-1,-1
749,259,433.63,401.97,44.48,20.91,0.5400,4,-1,-1
749,256,237.07,353.40,35.80,17.35,0.5974,4,-1,-1
749,260,488.83,401.48,48.26,20.03,0.7170,4,-1,-1
749,262,752.46,333.17,46.74,24.41,0.7303,4,-1,-1
750,230,538.07,391.91,39.85,17.97,0.5068,4,-1,-1
750,248,1257.47,400.56,77.66,34.41,0.8050,4,-1,-1
750,93,1022.80,695.25,23.65,50.83,0.6397,1,-1,-1
750,257,1136.77,461.64,73.29,30.20,0.7670,4,-1,-1
750,259,428.21,401.01,45.11,21.45,0.5593,4,-1,-1
750,256,236.45,353.14,34.94,17.15,0.6451,4,-1,-1
750,260,484.79,400.50,49.75,20.58,0.7050,4,-1,-1
750,262,760.05,334.94,45.65,23.84,0.6851,4,-1,-1
751,230,537.77,392.00,39.38,17.69,0.4140,4,-1,-1
751,248,1265.29,401.44,78.79,34.90,0.7918,4,-1,-1
751,93,1021.54,694.76,24.76,51.95,0.6732,1,-1,-1
751,257,1131.91,461.38,72.85,30.23,0.7759,4,-1,-1
751,259,423.20,401.31,44.94,21.26,0.6243,4,-1,-1
751,256,232.17,351.62,37.41,18.50,0.6935,4,-1,-1
751,260,480.94,400.92,49.07,20.22,0.6215,4,-1,-1
751,262,765.74,335.61,44.25,23.10,0.7130,4,-1,-1
752,230,536.96,392.09,39.86,17.88,0.4149,4,-1,-1
752,248,1277.95,403.26,77.70,34.45,0.7649,4,-1,-1
752,93,1020.04,694.38,25.73,53.07,0.7098,1,-1,-1
752,257,1125.44,460.38,71.71,29.87,0.8007,4,-1,-1
752,259,419.21,401.03,44.20,20.81,0.5804,4,-1,-1
752,256,231.03,351.28,34.89,17.20,0.4990,4,-1,-1
752,260,477.62,401.05,47.25,19.39,0.6697,4,-1,-1
752,262,772.83,336.73,42.84,22.27,0.6901,4,-1,-1
752,264,253.56,370.48,43.95,18.15,0.4941,4,-1,-1
753,230,536.85,392.09,40.35,18.04,0.4349,4,-1,-1
753,248,1286.34,404.66,78.29,34.63,0.7773,4,-1,-1
753,93,1018.89,693.81,26.41,53.93,0.6749,1,-1,-1
753,257,1119.91,459.52,72.40,30.33,0.7846,4,-1,-1
753,259,417.27,400.38,44.70,20.98,0.6160,4,-1,-1
753,256,228.45,349.83,36.47,18.18,0.5477,4,-1,-1
753,260,474.02,400.81,45.75,18.86,0.6689,4,-1,-1
753,262,777.21,337.43,43.91,22.79,0.6766,4,-1,-1
753,264,251.02,370.11,47.39,19.63,0.3612,4,-1,-1
754,230,537.34,392.56,42.10,18.83,0.4254,4,-1,-1
754,248,1297.00,405.28,81.09,35.94,0.7892,4,-1,-1
754,93,1017.14,693.59,26.67,54.13,0.6487,1,-1,-1
754,257,1112.74,458.56,72.31,30.47,0.7813,4,-1,-1
754,259,411.26,400.29,44.17,20.85,0.5049,4,-1,-1
754,256,225.68,349.68,35.84,17.91,0.2934,4,-1,-1
754,260,470.80,399.77,45.19,18.63,0.5964,4,-1,-1
754,262,782.75,338.44,42.38,21.82,0.5842,4,-1,-1
754,264,250.21,369.21,44.35,18.45,0.1716,4,-1,-1
755,230,536.53,392.37,41.28,18.38,0.4244,4,-1,-1
755,248,1310.58,406.86,81.17,35.87,0.7879,4,-1,-1
755,93,1014.86,693.79,26.32,54.03,0.6197,1,-1,-1
755,257,1104.55,456.62,73.66,31.31,0.8093,4,-1,-1
755,259,406.60,400.04,43.86,20.66,0.3803,4,-1,-1
755,256,222.47,348.86,36.17,18.11,0.4746,4,-1,-1
755,260,465.28,398.95,48.10,19.90,0.5127,4,-1,-1
755,262,789.71,339.23,42.54,21.75,0.7114,4,-1,-1
755,264,248.17,369.08,43.46,18.18,0.2429,4,-1,-1
756,230,537.44,393.13,41.09,18.11,0.4149,4,-1,-1
756,248,1319.34,407.71,82.14,36.23,0.8129,4,-1,-1
756,93,1013.68,693.80,25.23,52.87,0.6307,1,-1,-1
756,257,1099.76,456.05,73.11,31.31,0.8075,4,-1,-1
756,259,403.55,399.53,44.45,20.90,0.4054,4,-1,-1
756,256,220.92,348.47,34.97,17.37,0.2043,4,-1,-1
756,260,459.89,397.90,49.46,20.40,0.5823,4,-1,-1
756,262,793.25,340.22,42.89,21.85,0.6105,4,-1,-1
756,264,247.46,368.55,41.46,17.44,0.2031,4,-1,-1
757,230,536.75,392.99,42.77,18.86,0.4273,4,-1,-1
757,248,1332.03,409.67,82.08,36.12,0.7925,4,-1,-1
757,93,1011.46,692.59,25.54,54.21,0.6487,1,-1,-1
757,257,1091.00,454.69,74.19,31.98,0.4591,4,-1,-1
757,259,398.50,398.88,44.24,20.85,0.1238,5,-1,-1
757,256,218.64,348.13,34.43,16.99,0.2473,4,-1,-1
757,260,454.67,397.70,51.15,21.23,0.5765,4,-1,-1
757,262,800.45,340.99,45.07,22.90,0.6289,4,-1,-1
757,264,247.70,368.27,38.43,16.29,0.1093,4,-1,-1
758,230,536.28,393.10,43.61,19.25,0.4273,4,-1,-1
758,248,1341.30,410.80,83.29,36.61,0.7937,4,-1,-1
758,93,1010.19,693.07,25.02,53.87,0.6868,1,-1,-1
758,257,1085.34,453.55,75.19,32.72,0.4321,5,-1,-1
758,259,393.82,399.72,42.39,20.04,0.1071,4,-1,-1
758,256,216.66,347.62,34.73,17.12,0.3007,4,-1,-1
758,260,451.78,397.00,51.70,21.46,0.5955,4,-1,-1
758,262,804.24,341.57,45.99,23.31,0.6645,4,-1,-1
759,230,535.16,392.80,42.60,18.66,0.3858,4,-1,-1
759,248,1354.01,412.74,84.96,37.30,0.7873,4,-1,-1
759,93,1008.91,692.59,25.12,55.14,0.4980,1,-1,-1
759,257,1077.53,452.26,75.93,33.33,0.5195,5,-1,-1
759,259,392.52,399.38,42.73,20.34,0.1371,4,-1,-1
759,256,214.52,347.30,33.94,16.70,0.1877,4,-1,-1
759,260,447.29,396.45,52.56,21.82,0.5974,4,-1,-1
759,262,811.03,341.13,47.42,24.07,0.6663,4,-1,-1
760,230,537.72,393.59,45.68,19.83,0.4668,4,-1,-1
760,248,1367.20,414.32,86.54,38.04,0.7786,4,-1,-1
760,93,1007.58,693.38,24.27,53.89,0.6086,1,-1,-1
760,257,1067.86,450.45,77.92,34.44,0.5293,5,-1,-1
760,259,390.32,398.61,43.04,20.76,0.2282,4,-1,-1
760,256,213.70,347.63,32.48,16.09,0.4225,4,-1,-1
760,260,443.14,395.94,51.67,21.47,0.5898,4,-1,-1
760,262,817.57,341.75,47.82,24.26,0.6935,4,-1,-1
761,230,538.98,394.00,46.78,20.13,0.4533,4,-1,-1
761,248,1378.59,416.01,84.78,37.12,0.8044,4,-1,-1
761,93,1006.26,694.07,23.85,53.10,0.6663,1,-1,-1
761,257,1060.91,448.70,80.24,35.79,0.3558,4,-1,-1
761,259,386.78,396.97,44.65,21.89,0.1140,4,-1,-1
761,256,212.70,346.91,32.00,16.01,0.2358,4,-1,-1
761,260,440.08,395.50,50.49,21.00,0.5708,4,-1,-1
761,262,822.07,342.44,48.52,24.65,0.5068,4,-1,-1
762,230,539.31,394.16,47.40,20.23,0.4737,4,-1,-1
762,248,1391.68,417.73,85.84,37.63,0.7556,4,-1,-1
762,93,1004.89,694.20,24.03,53.37,0.6451,1,-1,-1
762,257,1054.01,445.72,82.84,37.65,0.2254,6,-1,-1
762,259,381.56,397.63,41.44,20.19,0.1877,4,-1,-1
762,256,212.39,346.76,30.20,15.34,0.4130,4,-1,-1
762,260,435.51,395.16,50.06,20.79,0.6142,4,-1,-1
762,262,829.34,342.97,48.17,24.49,0.5651,4,-1,-1
763,230,539.15,394.09,48.67,20.60,0.4727,4,-1,-1
763,248,1401.61,418.52,86.60,38.01,0.7879,4,-1,-1
763,93,1002.75,693.74,24.74,54.00,0.6628,1,-1,-1
763,257,1049.93,444.51,82.24,38.12,0.2798,6,-1,-1
763,259,377.27,394.97,43.26,21.26,0.2546,4,-1,-1
763,256,210.85,346.16,30.52,15.76,0.4054,4,-1,-1
763,260,432.62,395.56,48.53,20.11,0.5860,4,-1,-1
763,262,834.91,343.67,47.97,24.42,0.6325,4,-1,-1
764,230,538.76,394.11,48.29,20.35,0.4465,4,-1,-1
764,248,1414.84,420.56,86.94,38.09,0.8117,4,-1,-1
764,93,1000.96,693.85,25.40,53.97,0.6732,1,-1,-1
764,257,1045.47,443.34,81.85,38.88,0.2140,6,-1,-1
764,259,373.19,394.71,42.95,21.30,0.2967,4,-1,-1
764,256,209.88,345.44,29.88,15.71,0.2910,4,-1,-1
764,260,429.56,395.37,45.47,18.94,0.5860,4,-1,-1
764,262,839.99,343.89,50.30,25.72,0.6160,4,-1,-1
765,230,538.56,394.10,48.14,20.20,0.4330,4,-1,-1
765,248,1428.84,421.34,90.01,39.48,0.8164,4,-1,-1
765,93,999.41,694.41,26.14,53.73,0.6628,1,-1,-1
765,257,1028.74,439.30,88.63,42.59,0.1229,6,-1,-1
765,259,369.71,393.94,42.71,21.22,0.2950,4,-1,-1
765,256,205.86,343.35,31.27,16.75,0.4359,4,-1,-1
765,260,426.75,395.20,44.71,18.53,0.5166,4,-1,-1
765,262,847.12,344.38,51.16,26.23,0.6289,4,-1,-1
766,230,539.03,394.47,48.45,20.23,0.4542,4,-1,-1
766,248,1439.19,422.21,91.19,40.02,0.7866,4,-1,-1
766,93,998.53,694.46,27.21,54.34,0.7210,1,-1,-1
766,257,1030.29,441.94,81.27,39.63,0.2012,4,-1,-1
766,259,366.73,394.28,42.65,21.17,0.3840,4,-1,-1
766,256,202.51,341.22,33.04,17.97,0.4834,4,-1,-1
766,260,422.12,395.39,46.04,18.92,0.5244,4,-1,-1
766,262,852.16,344.80,52.05,26.80,0.5670,4,-1,-1
767,230,539.41,394.69,48.39,20.12,0.4475,4,-1,-1
767,248,1453.47,423.93,91.11,39.98,0.8164,4,-1,-1
767,93,997.56,695.44,27.65,53.68,0.6868,1,-1,-1
767,257,1031.25,443.49,72.23,35.53,0.2720,5,-1,-1
767,259,361.15,394.17,41.01,20.40,0.4591,4,-1,-1
767,256,201.06,340.90,31.70,17.53,0.4902,4,-1,-1
767,260,419.39,394.40,45.25,18.56,0.5107,4,-1,-1
767,262,859.03,345.30,52.29,27.05,0.5166,4,-1,-1
768,230,539.48,394.80,48.66,20.14,0.4523,4,-1,-1
768,248,1465.47,425.77,88.31,38.42,0.8117,4,-1,-1
768,93,996.61,695.45,28.31,53.72,0.7162,1,-1,-1
768,257,1029.89,444.20,67.09,33.20,0.1225,5,-1,-1
768,259,359.21,393.54,41.08,20.47,0.3460,4,-1,-1
768,256,200.64,340.51,30.43,17.13,0.5898,4,-1,-1
768,260,418.13,394.18,45.25,18.58,0.4571,4,-1,-1
768,262,863.31,345.77,53.51,27.71,0.5631,4,-1,-1
769,230,539.83,394.92,49.40,20.31,0.4824,4,-1,-1
769,248,1478.90,426.76,91.81,39.91,0.8439,4,-1,-1
769,93,995.40,694.98,28.74,53.95,0.6783,1,-1,-1
769,257,1025.10,443.23,65.51,32.35,0.1112,4,-1,-1
769,259,355.39,391.71,41.55,20.72,0.3648,4,-1,-1
769,256,199.59,339.80,29.50,16.94,0.4311,4,-1,-1
769,260,412.05,393.05,46.68,19.06,0.5010,4,-1,-1
769,262,870.79,347.48,53.68,27.89,0.5784,4,-1,-1
770,230,539.83,394.89,49.79,20.36,0.4873,4,-1,-1
770,248,1495.15,429.46,91.66,39.77,0.7886,4,-1,-1
770,93,993.69,694.17,28.70,54.10,0.6522,1,-1,-1
770,259,350.68,390.02,42.29,21.27,0.3425,4,-1,-1
770,256,198.14,338.99,27.83,16.14,0.1711,4,-1,-1
770,260,407.06,390.50,45.53,18.67,0.5380,4,-1,-1
770,262,878.32,348.64,54.14,28.25,0.6766,4,-1,-1
771,230,539.68,394.86,50.02,20.36,0.4941,4,-1,-1
771,248,1507.00,431.36,91.21,39.45,0.8038,4,-1,-1
771,93,992.86,694.37,28.35,53.68,0.6415,1,-1,-1
771,259,349.07,388.80,43.49,21.93,0.1403,4,-1,-1
771,256,198.22,338.91,25.68,15.08,0.2316,4,-1,-1
771,260,404.24,389.56,44.29,18.23,0.6197,4,-1,-1
771,262,883.31,349.26,54.52,28.57,0.7146,4,-1,-1
772,230,539.36,394.82,50.20,20.36,0.4688,4,-1,-1
772,248,1522.13,433.17,93.17,40.22,0.8032,4,-1,-1
772,93,990.92,694.05,27.87,53.69,0.6289,1,-1,-1
772,259,344.67,388.38,43.17,21.94,0.2487,4,-1,-1
772,260,398.25,388.24,45.90,19.03,0.4206,4,-1,-1
772,262,891.77,350.33,54.05,28.23,0.6885,4,-1,-1
773,230,539.01,394.75,50.59,20.44,0.4727,4,-1,-1
773,248,1533.53,434.34,94.32,40.63,0.7931,4,-1,-1
773,93,989.67,694.31,27.11,53.32,0.6433,1,-1,-1
773,259,340.87,387.96,44.08,22.55,0.1938,5,-1,-1
773,260,394.03,387.72,45.54,19.11,0.4756,4,-1,-1
773,262,897.82,351.22,52.86,27.54,0.5322,4,-1,-1
774,230,538.79,394.70,50.84,20.46,0.4824,4,-1,-1
774,248,1548.65,435.56,97.26,41.97,0.8081,4,-1,-1
774,93,988.66,695.40,25.67,51.73,0.6645,1,-1,-1
774,259,335.36,387.93,44.01,22.57,0.1385,5,-1,-1
774,260,392.53,387.84,45.49,19.13,0.5185,4,-1,-1
774,262,906.67,352.72,51.52,26.80,0.4225,4,-1,-1
775,230,539.16,394.62,51.66,20.69,0.5098,4,-1,-1
775,248,1565.92,438.03,98.74,42.63,0.8387,4,-1,-1
775,93,987.16,695.18,25.41,52.51,0.6885,1,-1,-1
775,259,335.33,387.18,41.00,21.26,0.3849,4,-1,-1
775,260,392.85,387.65,44.22,18.77,0.3877,4,-1,-1
775,262,914.54,354.40,51.88,27.03,0.2018,4,-1,-1
776,230,539.88,394.67,52.55,20.90,0.5146,4,-1,-1
776,248,1577.38,439.52,99.93,43.10,0.8289,4,-1,-1
776,93,986.22,695.66,25.04,52.95,0.5936,1,-1,-1
776,259,331.42,386.54,41.38,21.51,0.1188,5,-1,-1
776,260,387.17,387.67,44.43,18.81,0.3381,4,-1,-1
777,230,540.44,394.75,53.09,20.94,0.5078,4,-1,-1
777,248,1594.24,442.29,100.96,43.55,0.8490,4,-1,-1
777,93,984.65,695.77,25.01,53.63,0.6325,1,-1,-1
777,259,329.98,385.97,40.17,21.06,0.3174,4,-1,-1
777,260,381.75,386.79,44.46,18.84,0.5166,4,-1,-1
777,257,972.20,443.20,51.18,26.34,0.5185,4,-1,-1
777,262,929.22,357.00,52.00,26.98,0.5898,4,-1,-1
778,230,540.63,394.81,53.10,20.82,0.4581,4,-1,-1
778,248,1605.63,443.72,102.20,43.99,0.8333,4,-1,-1
778,93,983.72,695.81,24.82,53.51,0.6868,1,-1,-1
778,259,329.56,385.21,38.33,20.29,0.2458,4,-1,-1
778,260,379.05,387.55,43.25,18.30,0.5117,4,-1,-1
778,257,971.58,448.18,40.92,21.29,0.5554,4,-1,-1
778,262,934.54,357.59,51.91,26.81,0.5322,4,-1,-1
779,230,541.10,394.77,52.31,20.33,0.5010,4,-1,-1
779,248,1623.55,445.78,101.07,43.33,0.8093,4,-1,-1
779,93,981.81,695.64,25.39,54.12,0.7146,1,-1,-1
779,259,324.64,383.79,38.53,20.38,0.3132,4,-1,-1
779,260,374.98,386.97,43.30,18.34,0.6575,4,-1,-1
779,257,967.50,445.14,46.33,23.95,0.4854,4,-1,-1
779,262,944.31,358.44,46.64,23.60,0.1778,4,-1,-1
780,230,541.26,394.64,52.74,20.30,0.5244,4,-1,-1
780,248,1642.51,447.31,103.53,44.26,0.8267,4,-1,-1
780,93,980.65,695.56,25.74,54.30,0.6935,1,-1,-1
780,259,320.16,381.65,40.19,21.51,0.2644,4,-1,-1
780,260,370.92,386.01,45.06,19.09,0.7210,4,-1,-1
780,257,960.67,443.19,50.23,25.91,0.4504,4,-1,-1
780,262,953.66,361.57,49.38,24.84,0.1362,4,-1,-1
781,230,540.76,394.28,52.23,19.99,0.4727,4,-1,-1
781,248,1655.10,449.44,105.33,44.87,0.8056,4,-1,-1
781,93,978.88,696.50,26.00,53.52,0.6901,1,-1,-1
781,259,319.42,381.83,42.77,22.94,0.2282,5,-1,-1
781,260,368.21,384.57,47.72,20.32,0.6984,4,-1,-1
781,257,957.43,442.05,52.46,26.74,0.6749,4,-1,-1
781,262,958.07,362.18,52.34,26.23,0.3425,4,-1,-1
782,230,540.75,393.98,49.36,18.78,0.4639,4,-1,-1
782,248,1671.10,451.40,110.59,47.32,0.8278,4,-1,-1
782,93,976.71,697.08,26.89,54.47,0.7138,1,-1,-1
782,259,319.47,382.74,40.84,21.96,0.2187,4,-1,-1
782,260,366.64,384.08,47.45,20.03,0.6343,4,-1,-1
782,257,950.22,439.51,56.10,28.65,0.6918,4,-1,-1
782,262,966.41,363.40,50.99,25.38,0.3603,4,-1,-1
782,268,251.49,412.11,37.33,22.63,0.5156,4,-1,-1
783,230,540.00,393.93,47.49,18.05,0.4216,4,-1,-1
783,248,1683.69,452.47,111.61,47.90,0.8233,4,-1,-1
783,93,975.85,698.30,27.11,53.89,0.7170,1,-1,-1
783,259,314.62,381.99,39.72,21.57,0.2621,4,-1,-1
783,260,363.63,383.97,46.60,19.45,0.5554,4,-1,-1
783,257,945.54,438.45,57.13,29.04,0.6775,4,-1,-1
783,262,971.60,363.43,53.19,26.47,0.5438,4,-1,-1
783,268,251.90,411.83,37.21,22.57,0.5438,4,-1,-1
784,230,539.05,393.97,46.47,17.69,0.4017,4,-1,-1
784,248,1700.83,454.21,113.57,48.95,0.7746,4,-1,-1
784,93,974.51,698.73,27.47,54.13,0.7264,1,-1,-1
784,259,308.89,380.96,37.76,20.52,0.2846,4,-1,-1
784,260,361.36,384.06,44.80,18.57,0.4562,4,-1,-1
784,257,941.11,437.79,57.44,29.12,0.7506,4,-1,-1
784,262,979.56,363.93,55.63,27.76,0.6215,4,-1,-1
784,268,252.01,412.08,37.24,22.57,0.4932,4,-1,-1
785,230,538.87,394.03,46.72,17.79,0.3979,4,-1,-1
785,248,1719.60,456.58,116.61,50.65,0.7982,4,-1,-1
785,93,973.07,698.53,27.46,53.56,0.6885,1,-1,-1
785,259,304.56,379.87,36.79,20.10,0.2798,4,-1,-1
785,260,355.13,383.15,44.31,18.46,0.4196,4,-1,-1
785,257,934.12,437.41,57.40,28.91,0.7498,4,-1,-1
785,262,989.39,365.32,55.73,27.72,0.5400,4,-1,-1
785,268,253.23,412.56,36.58,22.12,0.4542,4,-1,-1
785,269,1280.26,482.35,88.75,29.10,0.7009,4,-1,-1
786,230,543.76,394.27,46.47,17.53,0.1678,4,-1,-1
786,248,1735.78,459.17,114.51,49.81,0.7892,4,-1,-1
786,93,972.23,698.29,27.42,53.19,0.6951,1,-1,-1
786,259,302.77,379.93,34.56,18.90,0.2568,4,-1,-1
786,260,353.03,382.28,44.15,18.56,0.3621,4,-1,-1
786,257,929.46,436.89,57.86,29.13,0.7498,4,-1,-1
786,262,995.73,365.98,55.99,27.75,0.6487,4,-1,-1
786,268,253.62,412.82,36.55,22.04,0.4698,4,-1,-1
786,269,1276.18,481.74,88.31,28.99,0.7090,4,-1,-1
787,230,546.50,394.34,47.21,17.75,0.1505,4,-1,-1
787,248,1756.82,462.73,112.88,49.03,0.7813,4,-1,-1
787,93,970.71,698.60,27.23,53.26,0.6663,1,-1,-1
787,259,298.00,379.23,34.57,19.12,0.2309,4,-1,-1
787,260,348.25,381.55,44.49,18.76,0.5010,4,-1,-1
787,257,922.63,436.64,57.61,28.86,0.7186,4,-1,-1
787,262,1004.83,368.04,55.16,27.20,0.6628,4,-1,-1
787,268,254.31,412.87,36.25,21.78,0.3090,4,-1,-1
787,269,1267.09,481.14,87.69,28.82,0.7705,4,-1,-1
788,230,546.73,394.27,47.58,17.78,0.2878,4,-1,-1
788,248,1770.88,464.66,114.04,49.49,0.8141,4,-1,-1
788,93,969.32,699.25,26.77,53.06,0.6851,1,-1,-1
788,259,296.30,378.67,34.53,19.35,0.2838,4,-1,-1
788,260,345.67,381.18,45.05,19.08,0.5593,4,-1,-1
788,257,917.91,436.00,58.05,28.96,0.7122,4,-1,-1
788,262,1011.19,368.62,56.06,27.45,0.6834,4,-1,-1
788,268,254.70,412.90,36.09,21.55,0.3115,4,-1,-1
788,269,1260.91,480.17,89.32,29.44,0.7272,4,-1,-1
789,230,545.42,394.38,50.37,18.77,0.3702,4,-1,-1
789,248,1790.51,467.68,114.59,49.58,0.8117,4,-1,-1
789,93,967.50,698.62,26.64,53.83,0.6715,1,-1,-1
789,259,291.61,377.80,37.37,21.00,0.4036,5,-1,-1
789,260,341.19,380.39,46.36,19.84,0.6505,4,-1,-1
789,257,909.55,434.84,59.71,29.65,0.5273,4,-1,-1
789,262,1019.33,368.65,55.11,27.09,0.5612,4,-1,-1
789,268,252.94,412.86,38.93,23.07,0.3277,4,-1,-1
789,269,1251.78,478.15,90.28,29.87,0.7642,4,-1,-1
790,230,543.72,394.10,51.46,19.07,0.3442,4,-1,-1
790,248,1808.98,470.07,115.70,50.64,0.7918,4,-1,-1
790,93,965.02,697.09,27.24,56.50,0.5612,1,-1,-1
790,259,285.84,376.59,40.93,22.85,0.3416,4,-1,-1
790,260,337.47,378.80,46.99,20.41,0.6951,4,-1,-1
790,257,900.87,433.87,61.02,30.09,0.5098,4,-1,-1
790,262,1029.71,369.29,55.47,27.28,0.5974,4,-1,-1
790,268,250.45,412.58,44.43,26.34,0.2108,4,-1,-1
790,269,1243.03,477.16,88.58,29.43,0.7712,4,-1,-1
791,230,542.42,394.03,52.92,19.53,0.3124,4,-1,-1
791,248,1822.03,472.38,110.82,49.32,0.7957,4,-1,-1
791,93,963.85,696.97,26.90,57.20,0.5574,1,-1,-1
791,259,283.58,376.14,42.37,23.52,0.5322,4,-1,-1
791,260,334.77,378.05,46.84,20.58,0.7066,4,-1,-1
791,257,895.80,432.95,62.81,31.05,0.4533,4,-1,-1
791,262,1039.24,370.11,52.87,25.71,0.4834,4,-1,-1
791,268,249.24,412.26,46.60,27.55,0.2234,4,-1,-1
791,269,1237.34,476.47,87.31,29.12,0.7753,4,-1,-1
791,270,900.18,433.47,61.61,30.15,0.4610,5,-1,-1
792,230,541.80,394.31,52.18,19.13,0.3285,4,-1,-1
792,248,1834.68,474.88,106.69,49.21,0.7476,4,-1,-1
792,93,962.96,698.04,25.78,56.05,0.4187,1,-1,-1
792,259,282.08,375.44,39.59,21.89,0.6215,4,-1,-1
792,260,331.73,377.88,45.79,20.28,0.6766,4,-1,-1
792,257,893.16,432.09,61.81,30.99,0.5603,5,-1,-1
792,262,1047.60,371.29,59.43,28.95,0.3363,4,-1,-1
792,268,249.42,412.33,46.84,27.51,0.2134,4,-1,-1
792,269,1230.41,475.50,85.45,28.60,0.7549,4,-1,-1
792,270,893.16,431.54,64.37,31.59,0.3355,4,-1,-1
793,230,534.21,393.36,49.07,18.14,0.4513,4,-1,-1
793,248,1846.58,477.65,96.69,46.33,0.6800,4,-1,-1
793,93,962.44,698.47,24.68,54.49,0.5651,1,-1,-1
793,259,280.51,374.92,38.21,21.06,0.5574,4,-1,-1
793,260,329.51,377.66,44.85,19.98,0.6645,4,-1,-1
793,257,890.44,431.63,60.11,30.39,0.5487,5,-1,-1
793,262,1053.50,371.70,62.83,30.64,0.3486,5,-1,-1
793,268,249.61,412.25,46.60,27.11,0.2983,4,-1,-1
793,269,1224.63,474.76,84.03,28.28,0.7840,4,-1,-1
793,270,889.05,430.50,64.25,31.65,0.4158,4,-1,-1
794,230,535.61,393.43,49.19,18.35,0.3603,4,-1,-1
794,93,960.82,698.77,24.31,53.80,0.6234,1,-1,-1
794,259,279.98,374.14,35.92,19.59,0.4054,4,-1,-1
794,260,326.39,377.05,44.13,19.73,0.5917,4,-1,-1
794,257,888.31,431.11,58.10,29.97,0.5756,5,-1,-1
794,262,1061.31,373.66,63.10,30.45,0.2783,5,-1,-1
794,268,253.05,412.64,44.78,25.72,0.3478,4,-1,-1
794,269,1214.96,473.11,85.56,29.08,0.7957,4,-1,-1
794,270,879.19,428.78,66.07,32.60,0.1634,5,-1,-1
794,272,510.39,407.66,52.39,20.10,0.5029,4,-1,-1
795,230,537.38,393.43,49.72,18.56,0.3495,4,-1,-1
795,93,958.93,699.53,24.57,53.54,0.6379,1,-1,-1
795,259,275.12,373.24,37.60,20.68,0.3933,4,-1,-1
795,260,323.57,376.54,43.90,19.69,0.6123,4,-1,-1
795,257,885.84,430.11,55.86,29.66,0.5176,5,-1,-1
795,262,1072.34,375.93,63.04,30.24,0.7527,4,-1,-1
795,268,255.13,412.77,45.26,25.74,0.4235,4,-1,-1
795,269,1204.92,471.15,86.18,29.63,0.7963,4,-1,-1
795,270,875.09,428.28,64.89,32.35,0.1608,5,-1,-1
795,272,506.16,407.10,53.09,20.40,0.2553,4,-1,-1
796,230,540.21,394.08,54.74,20.53,0.5010,4,-1,-1
796,93,957.59,700.63,24.73,52.79,0.5263,1,-1,-1
796,259,274.62,373.15,34.94,19.24,0.4273,4,-1,-1
796,260,319.77,375.38,45.05,20.33,0.6783,4,-1,-1
796,257,882.12,429.75,54.38,29.52,0.3849,5,-1,-1
796,262,1080.78,377.02,62.57,29.85,0.7628,4,-1,-1
796,268,256.67,412.76,45.97,26.02,0.3603,4,-1,-1
796,269,1199.46,470.21,85.89,29.93,0.8044,4,-1,-1
796,270,876.66,429.32,60.12,30.35,0.3757,4,-1,-1
796,272,503.05,407.61,51.83,19.94,0.1813,4,-1,-1
797,230,541.15,394.49,56.80,21.40,0.1842,4,-1,-1
797,93,956.10,702.94,24.78,50.95,0.4922,1,-1,-1
797,259,270.19,371.67,37.45,20.85,0.2531,4,-1,-1
797,260,316.98,373.68,44.08,19.96,0.6049,4,-1,-1
797,257,880.19,429.01,51.98,29.28,0.4717,4,-1,-1
797,262,1090.78,378.37,63.92,30.41,0.7846,4,-1,-1
797,268,260.41,413.35,43.55,24.36,0.4311,4,-1,-1
797,269,1192.51,469.39,84.80,29.80,0.8099,4,-1,-1
797,272,498.59,406.98,50.66,19.61,0.1556,4,-1,-1
798,230,543.26,394.38,56.91,21.58,0.2415,4,-1,-1
798,93,955.35,703.72,25.30,50.21,0.6215,1,-1,-1
798,259,267.37,371.26,39.08,22.04,0.2295,4,-1,-1
798,260,314.07,372.72,45.07,20.62,0.5765,4,-1,-1
798,257,875.51,427.99,50.45,29.05,0.2830,4,-1,-1
798,262,1096.69,379.18,66.08,31.42,0.7432,4,-1,-1
798,268,260.76,413.33,43.55,23.95,0.4504,4,-1,-1
798,269,1187.41,468.24,86.25,30.58,0.8117,4,-1,-1
798,272,495.95,406.65,49.29,19.26,0.1895,4,-1,-1
799,230,542.07,394.29,57.75,21.91,0.1716,4,-1,-1
799,93,953.91,703.79,26.26,50.54,0.6918,1,-1,-1
799,259,262.77,370.85,41.15,23.12,0.2674,4,-1,-1
799,260,311.60,371.38,44.94,20.79,0.7303,4,-1,-1
799,262,1107.14,380.59,68.08,32.56,0.8044,4,-1,-1
799,268,261.66,413.00,43.60,23.41,0.4824,4,-1,-1
799,269,1180.08,467.08,85.47,30.63,0.7969,4,-1,-1
799,272,499.70,406.20,50.19,19.66,0.1005,4,-1,-1
800,230,541.51,394.15,57.85,22.00,0.2598,4,-1,-1
800,93,952.74,704.20,26.85,50.30,0.5554,1,-1,-1
800,259,260.04,370.36,40.81,22.86,0.3398,4,-1,-1
800,260,308.96,371.31,43.28,20.08,0.6215,4,-1,-1
800,262,1118.51,381.29,69.24,33.20,0.7800,4,-1,-1
800,268,266.02,413.34,41.40,21.44,0.4698,4,-1,-1
800,269,1172.55,465.95,85.41,30.88,0.8069,4,-1,-1
801,230,541.98,394.84,56.99,21.77,0.1432,4,-1,-1
801,93,951.32,702.12,28.45,52.54,0.6697,1,-1,-1
801,259,259.60,370.22,41.79,23.30,0.1778,4,-1,-1
801,260,307.13,371.29,41.85,19.39,0.6011,4,-1,-1
801,262,1127.61,382.06,69.20,33.14,0.7866,4,-1,-1
801,268,269.12,413.50,40.67,20.41,0.3998,4,-1,-1
801,269,1166.48,465.11,86.26,31.53,0.8152,4,-1,-1
802,230,543.80,393.59,57.36,22.16,0.2012,4,-1,-1
802,93,948.66,698.92,29.76,55.27,0.5727,1,-1,-1
802,259,257.37,369.80,42.28,23.51,0.2351,4,-1,-1
802,260,304.67,370.67,39.95,18.44,0.6086,4,-1,-1
802,262,1138.97,383.54,70.34,33.63,0.7860,4,-1,-1
802,268,268.06,413.37,43.45,21.06,0.3702,4,-1,-1
802,269,1160.39,464.50,83.90,30.89,0.7892,4,-1,-1
803,230,544.60,395.21,55.25,21.40,0.1767,4,-1,-1
803,93,946.75,697.97,29.68,55.96,0.5765,1,-1,-1
803,259,256.94,370.15,41.00,22.75,0.1551,4,-1,-1
803,260,302.73,370.26,39.55,18.16,0.5341,4,-1,-1
803,262,1146.31,384.66,71.51,34.34,0.7937,4,-1,-1
803,268,267.77,413.38,45.25,21.20,0.3970,4,-1,-1
803,269,1155.51,463.79,83.09,30.87,0.7944,4,-1,-1
804,230,547.42,396.29,53.01,20.74,0.1830,4,-1,-1
804,93,945.97,697.53,29.24,55.90,0.5448,1,-1,-1
804,260,300.15,369.84,37.99,17.29,0.4465,4,-1,-1
804,262,1157.78,386.12,70.47,33.75,0.7146,4,-1,-1
804,268,258.86,413.62,52.14,24.71,0.5117,5,-1,-1
804,269,1148.68,462.76,81.90,30.73,0.7718,4,-1,-1
805,230,549.23,396.36,51.96,20.63,0.2487,4,-1,-1
805,93,943.94,697.43,28.97,56.86,0.6197,1,-1,-1
805,260,296.80,368.56,38.47,17.36,0.5000,4,-1,-1
805,262,1171.74,388.37,68.61,32.72,0.7860,4,-1,-1
805,268,255.16,413.55,55.41,26.33,0.4494,5,-1,-1
805,269,1142.01,462.03,80.14,30.24,0.7746,4,-1,-1
806,230,549.81,394.93,52.50,21.21,0.2316,4,-1,-1
806,93,942.86,697.52,28.66,57.88,0.5689,1,-1,-1
806,260,294.60,367.77,39.33,17.67,0.3065,4,-1,-1
806,262,1180.23,389.64,69.50,33.15,0.7642,4,-1,-1
806,268,255.05,413.52,57.03,27.06,0.3612,5,-1,-1
806,269,1137.81,461.71,78.44,29.74,0.7009,4,-1,-1
807,230,546.14,395.38,52.72,21.21,0.3049,4,-1,-1
807,93,941.85,698.11,28.13,58.30,0.3630,1,-1,-1
807,260,290.13,366.81,42.53,19.22,0.3970,4,-1,-1
807,262,1192.08,390.80,70.26,33.40,0.7409,4,-1,-1
807,268,253.61,413.48,58.66,27.73,0.3540,5,-1,-1
807,269,1130.06,460.16,79.75,30.51,0.7759,4,-1,-1
808,230,545.76,395.44,51.60,20.66,0.3234,4,-1,-1
808,93,941.79,698.30,28.18,59.50,0.1238,1,-1,-1
808,260,288.04,366.56,41.65,18.94,0.4455,4,-1,-1
808,262,1200.98,392.02,70.78,33.58,0.6984,4,-1,-1
808,268,252.18,413.38,58.37,27.89,0.3124,5,-1,-1
808,269,1124.91,459.69,79.51,30.64,0.8105,4,-1,-1
809,230,546.42,395.59,50.88,20.34,0.3666,4,-1,-1
809,93,940.37,699.24,27.35,59.26,0.5215,1,-1,-1
809,260,284.95,366.38,41.49,18.93,0.3522,4,-1,-1
809,262,1213.54,393.39,70.61,33.46,0.7833,4,-1,-1
809,268,251.77,413.22,60.49,28.96,0.1907,5,-1,-1
809,269,1118.04,458.39,79.55,30.88,0.7886,4,-1,-1
810,230,547.57,395.42,51.06,20.56,0.3016,4,-1,-1
810,93,938.66,700.02,26.59,58.38,0.6021,1,-1,-1
810,260,282.21,365.31,41.34,18.93,0.3032,4,-1,-1
810,262,1226.07,394.83,72.79,34.39,0.7766,4,-1,-1
810,269,1108.70,455.95,82.52,32.43,0.6151,4,-1,-1
811,230,545.67,395.54,51.69,20.69,0.1950,4,-1,-1
811,93,936.78,700.41,26.43,58.38,0.6478,1,-1,-1
811,260,280.19,364.53,40.96,18.87,0.4017,4,-1,-1
811,262,1235.33,396.00,73.63,34.68,0.8158,4,-1,-1
811,269,1104.00,455.11,82.12,32.68,0.7249,4,-1,-1
812,230,543.08,395.26,52.99,21.00,0.1950,4,-1,-1
812,93,935.14,702.83,25.90,56.57,0.6095,1,-1,-1
812,260,276.70,363.45,41.03,19.00,0.5283,4,-1,-1
812,262,1248.38,397.34,75.02,35.38,0.8273,4,-1,-1
812,269,1097.62,454.41,81.33,32.70,0.6280,4,-1,-1
813,230,542.39,395.18,53.54,21.07,0.2069,4,-1,-1
813,93,934.25,704.46,25.58,55.04,0.6095,1,-1,-1
813,260,274.84,362.97,40.33,18.76,0.5631,4,-1,-1
813,262,1257.00,398.32,76.20,35.94,0.8001,4,-1,-1
813,269,1092.88,454.16,79.63,32.20,0.6469,4,-1,-1
813,273,1639.05,544.93,110.35,36.15,0.7138,4,-1,-1
814,230,542.56,395.38,53.45,20.89,0.2241,4,-1,-1
814,93,933.13,705.86,25.38,53.70,0.6558,1,-1,-1
814,260,272.43,362.66,38.06,17.59,0.6234,4,-1,-1
814,262,1268.62,400.04,79.65,37.62,0.8170,4,-1,-1
814,269,1086.76,452.83,80.75,33.00,0.4235,4,-1,-1
814,273,1625.64,544.83,108.22,35.47,0.4263,4,-1,-1
815,230,542.70,395.35,53.45,20.79,0.2351,4,-1,-1
815,93,931.66,706.15,26.42,54.67,0.6169,1,-1,-1
815,260,268.23,361.21,40.18,18.81,0.6469,4,-1,-1
815,262,1284.58,401.88,79.00,37.34,0.7718,4,-1,-1
815,269,1078.42,451.23,81.67,33.79,0.5029,4,-1,-1
815,273,1607.26,541.37,106.82,35.05,0.6843,4,-1,-1
816,230,545.51,395.58,52.25,20.38,0.2337,4,-1,-1
816,93,930.65,706.42,27.06,54.87,0.6531,1,-1,-1
816,260,266.03,360.49,40.38,19.03,0.6951,4,-1,-1
816,262,1295.27,403.12,78.71,37.09,0.7918,4,-1,-1
816,269,1071.46,449.62,83.39,34.84,0.5195,5,-1,-1
816,273,1595.57,538.84,107.16,35.23,0.7122,4,-1,-1
816,259,220.22,360.78,35.62,19.68,0.5244,4,-1,-1
816,268,255.67,412.99,59.95,28.66,0.4533,5,-1,-1
817,230,549.40,395.96,50.11,19.75,0.2806,4,-1,-1
817,93,929.45,707.27,27.06,54.13,0.6918,1,-1,-1
817,260,263.57,360.31,39.80,18.85,0.6593,4,-1,-1
817,262,1307.87,404.58,80.49,37.76,0.8056,4,-1,-1
817,269,1059.46,446.57,87.49,36.87,0.6298,5,-1,-1
817,273,1582.33,537.00,103.93,34.19,0.7592,4,-1,-1
817,259,217.60,360.01,35.77,19.85,0.3234,4,-1,-1
817,268,255.61,413.23,59.67,28.38,0.2576,9,-1,-1
818,230,548.18,395.99,50.07,19.74,0.3329,4,-1,-1
818,93,928.61,707.37,27.22,53.88,0.6697,1,-1,-1
818,260,262.61,360.51,38.19,18.07,0.6049,4,-1,-1
818,262,1317.88,405.63,81.63,38.22,0.8199,4,-1,-1
818,269,1053.97,445.28,88.25,37.62,0.4571,5,-1,-1
818,273,1573.49,535.87,100.40,33.01,0.7170,4,-1,-1
818,259,214.91,359.17,36.00,20.01,0.2379,5,-1,-1
818,268,254.89,413.16,61.26,29.13,0.3803,9,-1,-1
819,230,545.40,395.79,51.22,20.06,0.3504,4,-1,-1
819,93,926.52,707.76,26.74,53.41,0.6834,1,-1,-1
819,260,259.82,360.20,38.06,17.95,0.6851,4,-1,-1
819,262,1332.48,408.13,81.20,37.90,0.7780,4,-1,-1
819,269,1050.44,444.22,86.97,37.78,0.2830,5,-1,-1
819,273,1557.01,533.17,103.16,34.05,0.7649,4,-1,-1
819,259,210.91,358.16,36.53,20.43,0.3558,5,-1,-1
819,268,253.85,413.43,61.60,28.67,0.2006,5,-1,-1
820,230,543.82,395.69,52.40,20.42,0.3821,4,-1,-1
820,93,924.60,707.85,26.40,53.67,0.6918,1,-1,-1
820,260,256.33,359.32,38.79,18.35,0.7225,4,-1,-1
820,262,1347.86,409.75,82.86,38.65,0.7766,4,-1,-1
820,269,1045.92,443.78,85.37,37.85,0.4494,5,-1,-1
820,273,1539.76,530.25,105.63,35.09,0.8087,4,-1,-1
820,259,208.05,357.45,35.13,20.13,0.2838,5,-1,-1
820,268,257.92,412.78,64.90,29.70,0.3024,9,-1,-1
820,277,1292.48,484.55,95.60,31.87,0.7341,4,-1,-1
821,230,543.96,395.67,52.92,20.61,0.3757,4,-1,-1
821,93,923.02,707.73,25.82,53.63,0.5409,1,-1,-1
821,260,254.19,358.55,39.11,18.53,0.7194,4,-1,-1
821,262,1358.34,411.29,83.59,38.96,0.8075,4,-1,-1
821,269,1044.29,444.12,81.29,36.70,0.4863,5,-1,-1
821,273,1528.77,528.81,106.55,35.65,0.7773,4,-1,-1
821,259,207.01,356.79,33.18,19.41,0.2846,5,-1,-1
821,268,256.62,412.63,70.55,32.25,0.2870,9,-1,-1
821,277,1285.91,483.26,97.41,32.52,0.7520,4,-1,-1
821,278,762.04,337.12,54.49,22.79,0.5146,4,-1,-1
822,230,545.65,395.68,52.66,20.64,0.3363,4,-1,-1
822,93,920.97,708.10,25.56,54.29,0.6901,1,-1,-1
822,260,251.69,358.46,37.90,17.94,0.4863,4,-1,-1
822,262,1374.71,413.21,83.45,38.84,0.7280,4,-1,-1
822,269,1039.92,444.68,78.09,35.75,0.4111,5,-1,-1
822,273,1515.98,527.13,103.85,34.91,0.8152,4,-1,-1
822,259,206.06,355.73,31.07,18.42,0.1678,5,-1,-1
822,268,254.30,414.10,69.13,31.65,0.2121,5,-1,-1
822,277,1277.44,482.43,94.86,31.72,0.7432,4,-1,-1
822,278,769.36,338.88,50.61,21.13,0.3416,4,-1,-1
823,230,546.48,395.73,52.33,20.63,0.3513,4,-1,-1
823,93,919.83,708.20,25.08,54.59,0.6105,1,-1,-1
823,260,249.99,358.20,37.14,17.55,0.6343,4,-1,-1
823,262,1387.04,415.48,81.69,37.82,0.7886,4,-1,-1
823,269,1037.37,445.24,73.28,33.69,0.4369,4,-1,-1
823,273,1506.84,525.85,102.58,34.66,0.8013,4,-1,-1
823,259,205.72,354.61,30.42,18.33,0.2674,4,-1,-1
823,268,252.17,414.66,69.37,31.79,0.2268,5,-1,-1
823,277,1272.65,482.17,92.75,31.05,0.7759,4,-1,-1
823,278,774.99,340.18,49.63,20.68,0.2487,4,-1,-1
824,230,544.72,395.84,52.51,20.62,0.3082,4,-1,-1
824,93,918.32,708.02,25.02,55.54,0.1582,1,-1,-1
824,260,246.55,357.23,37.83,17.90,0.6451,4,-1,-1
824,262,1401.20,416.95,84.89,39.26,0.7994,4,-1,-1
824,269,1032.85,446.67,68.31,31.28,0.6370,4,-1,-1
824,273,1493.49,523.79,102.49,34.85,0.7677,4,-1,-1
824,259,201.88,354.24,34.10,20.87,0.1089,5,-1,-1
824,268,256.19,414.84,69.54,32.30,0.1371,5,-1,-1
824,277,1262.12,479.86,97.69,32.86,0.7432,4,-1,-1
824,278,779.61,340.57,53.16,22.14,0.2282,4,-1,-1
824,280,264.03,395.76,99.44,46.13,0.5059,9,-1,-1
825,230,542.94,396.04,52.54,20.42,0.2926,4,-1,-1
825,93,916.62,708.01,24.92,55.99,0.6179,1,-1,-1
825,260,243.90,356.13,38.16,18.12,0.7287,4,-1,-1
825,262,1417.61,419.05,85.80,39.58,0.7944,4,-1,-1
825,269,1023.98,444.66,65.58,30.56,0.1330,5,-1,-1
825,273,1483.99,520.97,101.52,35.19,0.7506,4,-1,-1
825,259,198.40,353.85,36.92,22.93,0.1009,5,-1,-1
825,268,262.23,415.15,66.69,31.23,0.2261,5,-1,-1
825,277,1252.92,478.60,97.99,33.14,0.7621,4,-1,-1
825,278,784.62,341.33,53.20,22.20,0.2088,4,-1,-1
825,280,269.07,395.90,93.82,43.45,0.3174,9,-1,-1
826,230,542.43,395.50,53.87,20.90,0.3149,4,-1,-1
826,93,915.27,708.73,24.65,55.61,0.6505,1,-1,-1
826,260,241.56,355.28,38.70,18.46,0.7017,4,-1,-1
826,262,1428.21,420.55,87.92,40.45,0.8081,4,-1,-1
826,269,1021.60,444.28,62.90,29.71,0.2910,5,-1,-1
826,273,1476.94,519.34,100.61,35.61,0.7194,4,-1,-1
826,259,199.85,354.11,34.82,22.31,0.1515,4,-1,-1
826,268,266.54,415.41,67.76,31.78,0.1362,9,-1,-1
826,277,1247.43,478.18,96.48,32.82,0.8001,4,-1,-1
826,278,789.20,341.55,55.61,23.22,0.3961,4,-1,-1
826,280,270.26,395.06,90.43,41.79,0.4571,9,-1,-1
827,230,541.00,395.18,55.16,21.34,0.4378,4,-1,-1
827,93,912.87,709.03,25.22,56.24,0.6689,1,-1,-1
827,260,238.78,354.57,39.21,18.93,0.6067,4,-1,-1
827,262,1443.34,421.89,90.38,41.51,0.7773,4,-1,-1
827,269,1018.20,442.88,64.73,31.24,0.2451,4,-1,-1
827,273,1465.11,516.02,102.18,37.18,0.6397,4,-1,-1
827,268,271.13,414.86,70.50,32.79,0.1371,9,-1,-1
827,277,1239.61,477.28,95.24,32.58,0.7773,4,-1,-1
827,278,795.31,341.87,56.09,23.46,0.2358,4,-1,-1
827,280,272.03,395.50,93.87,43.28,0.2814,9,-1,-1
828,230,540.20,395.03,55.87,21.56,0.4932,4,-1,-1
828,93,910.71,708.46,26.16,57.41,0.6334,1,-1,-1
828,260,237.50,354.26,38.32,18.63,0.7178,4,-1,-1
828,262,1454.89,422.93,91.38,41.99,0.7813,4,-1,-1
828,269,1017.13,442.63,63.27,31.27,0.4168,5,-1,-1
828,273,1448.02,510.22,112.83,42.26,0.5936,4,-1,-1
828,268,272.70,415.07,69.19,32.02,0.1836,5,-1,-1
828,277,1234.68,476.92,94.56,32.55,0.7484,4,-1,-1
828,278,798.97,341.56,57.31,24.03,0.4206,4,-1,-1
828,280,274.48,396.05,94.42,43.43,0.1413,9,-1,-1
829,230,540.22,395.10,55.96,21.54,0.5000,4,-1,-1
829,93,908.47,709.40,26.66,56.78,0.6834,1,-1,-1
829,260,234.68,353.68,37.65,18.36,0.6984,4,-1,-1
829,262,1471.98,425.63,90.50,41.35,0.7840,4,-1,-1
829,269,1015.88,441.58,63.85,32.37,0.3757,5,-1,-1
829,273,1436.53,506.62,111.79,43.14,0.6049,4,-1,-1
829,268,283.59,414.40,69.58,30.33,0.1251,9,-1,-1
829,277,1228.10,476.95,91.51,31.64,0.7833,4,-1,-1
829,278,804.49,341.51,58.77,24.76,0.5322,4,-1,-1
829,280,276.32,396.68,97.30,44.65,0.1515,9,-1,-1
830,230,539.82,394.96,56.61,21.74,0.5263,4,-1,-1
830,93,907.37,710.60,27.18,56.38,0.7098,1,-1,-1
830,260,231.66,352.78,38.38,18.87,0.7334,4,-1,-1
830,262,1489.25,426.82,93.44,42.69,0.8044,4,-1,-1
830,269,1014.55,441.30,62.02,32.43,0.4600,4,-1,-1
830,273,1422.87,505.94,111.44,44.18,0.2451,4,-1,-1
830,277,1220.65,475.98,89.84,31.18,0.7759,4,-1,-1
830,278,810.68,341.92,61.12,25.98,0.4562,4,-1,-1
830,280,277.57,396.91,101.42,46.63,0.1755,9,-1,-1
831,230,539.52,394.92,56.89,21.80,0.5400,4,-1,-1
831,93,906.40,712.62,27.33,54.95,0.6951,1,-1,-1
831,260,229.44,352.00,38.96,19.36,0.7484,4,-1,-1
831,262,1501.98,428.28,95.34,43.61,0.8105,4,-1,-1
831,269,1012.70,440.60,60.13,32.69,0.4805,4,-1,-1
831,273,1406.90,500.69,123.96,51.12,0.1784,5,-1,-1
831,277,1214.34,474.58,90.93,31.77,0.7341,4,-1,-1
831,278,814.55,342.41,62.66,26.84,0.2806,4,-1,-1
831,280,281.01,396.67,98.01,44.98,0.1634,9,-1,-1
831,281,481.02,370.62,40.02,18.50,0.5380,4,-1,-1
832,230,539.08,394.82,57.38,21.95,0.5574,4,-1,-1
832,93,904.92,712.98,28.05,55.00,0.7318,1,-1,-1
832,260,227.15,351.34,38.63,19.29,0.7066,4,-1,-1
832,262,1519.04,430.77,96.79,44.17,0.8256,4,-1,-1
832,269,1011.75,440.74,54.59,31.01,0.4533,4,-1,-1
832,277,1207.66,473.68,90.41,31.76,0.7379,4,-1,-1
832,278,823.06,343.62,58.95,25.28,0.5244,4,-1,-1
832,280,284.13,396.29,96.90,44.41,0.1312,9,-1,-1
832,281,480.86,371.14,38.33,17.76,0.4912,4,-1,-1
833,230,538.62,394.63,58.10,22.23,0.5804,4,-1,-1
833,93,904.01,713.43,28.95,55.62,0.7424,1,-1,-1
833,260,225.39,350.67,38.50,19.30,0.7146,4,-1,-1
833,262,1532.10,432.28,97.08,44.24,0.8176,4,-1,-1
833,269,995.58,439.66,56.85,31.90,0.4149,4,-1,-1
833,277,1202.49,472.82,88.69,31.35,0.8044,4,-1,-1
833,278,829.10,344.24,58.93,25.49,0.4417,4,-1,-1
833,280,281.05,395.96,106.35,49.07,0.1144,9,-1,-1
833,281,476.65,369.66,40.01,18.56,0.4902,4,-1,-1
834,230,538.16,394.35,59.07,22.62,0.5955,4,-1,-1
834,93,902.97,713.90,29.28,55.52,0.7454,1,-1,-1
834,260,222.83,350.04,37.76,18.94,0.7082,4,-1,-1
834,262,1549.39,434.08,98.41,44.76,0.8245,4,-1,-1
834,269,982.98,438.25,58.42,32.26,0.4177,4,-1,-1
834,277,1195.35,471.92,87.54,31.13,0.8117,4,-1,-1
834,278,835.30,345.46,57.81,25.05,0.4834,4,-1,-1
834,281,476.49,369.87,38.41,17.90,0.3989,4,-1,-1
835,230,538.30,394.47,58.68,22.47,0.5974,4,-1,-1
835,93,901.50,714.93,29.07,55.02,0.6234,1,-1,-1
835,260,219.64,348.94,38.05,19.19,0.7066,4,-1,-1
835,262,1569.87,436.58,99.94,45.42,0.8210,4,-1,-1
835,269,974.63,439.85,55.34,29.93,0.5813,4,-1,-1
835,277,1187.24,471.03,87.48,31.26,0.7931,4,-1,-1
835,278,841.70,346.13,59.49,25.84,0.1656,6,-1,-1
835,281,476.46,370.07,36.69,17.28,0.3242,4,-1,-1
836,230,538.50,394.61,58.17,22.27,0.5955,4,-1,-1
836,93,899.85,713.86,29.32,56.02,0.6215,1,-1,-1
836,260,217.32,348.06,38.69,19.67,0.6918,4,-1,-1
836,262,1583.17,438.53,102.25,46.52,0.8311,4,-1,-1
836,269,969.55,440.66,53.74,28.62,0.5689,4,-1,-1
836,277,1180.56,469.58,89.38,32.25,0.7976,4,-1,-1
836,278,847.60,347.33,58.12,25.09,0.1059,6,-1,-1
836,281,477.59,370.98,33.95,16.18,0.2401,4,-1,-1
836,283,348.27,384.41,35.97,20.70,0.5458,4,-1,-1
837,230,537.31,394.31,59.26,22.73,0.6049,4,-1,-1
837,93,897.63,714.64,28.94,56.11,0.6575,1,-1,-1
837,260,216.03,348.26,36.62,18.53,0.6424,4,-1,-1
837,262,1601.83,440.76,103.86,47.21,0.8418,4,-1,-1
837,269,963.96,439.91,55.75,29.08,0.6325,4,-1,-1
837,277,1173.94,469.14,87.46,31.74,0.8105,4,-1,-1
837,278,855.56,350.65,54.49,23.22,0.1362,4,-1,-1
837,281,473.88,370.54,33.93,16.40,0.3460,4,-1,-1
837,283,343.25,383.51,36.47,20.97,0.6049,4,-1,-1
837,273,1352.84,505.17,81.46,33.72,0.7146,4,-1,-1
838,230,537.05,394.37,59.15,22.70,0.6289,4,-1,-1
838,93,896.18,714.92,28.43,56.13,0.6984,1,-1,-1
838,260,214.41,347.96,35.99,18.11,0.6379,4,-1,-1
838,262,1617.19,443.31,101.45,45.89,0.8267,4,-1,-1
838,269,959.56,439.69,57.15,29.25,0.6817,4,-1,-1
838,277,1168.56,467.96,87.95,32.14,0.8306,4,-1,-1
838,278,860.77,351.90,53.92,22.74,0.3157,4,-1,-1
838,281,471.82,370.38,34.24,16.82,0.2140,4,-1,-1
838,283,340.94,383.51,36.39,20.90,0.5156,4,-1,-1
838,273,1348.58,504.97,79.90,33.01,0.7295,4,-1,-1
838,280,285.53,396.37,117.77,55.43,0.5137,9,-1,-1
839,230,537.44,394.70,58.36,22.35,0.6067,4,-1,-1
839,93,893.82,714.15,27.94,56.68,0.6397,1,-1,-1
839,260,210.82,346.92,36.95,18.58,0.7033,4,-1,-1
839,262,1636.92,445.48,102.54,46.15,0.8117,4,-1,-1
839,269,951.76,440.36,55.26,28.01,0.7469,4,-1,-1
839,277,1161.86,467.21,87.79,32.33,0.8306,4,-1,-1
839,278,866.17,352.06,55.00,23.06,0.3390,4,-1,-1
839,283,337.81,382.63,34.92,20.04,0.4282,4,-1,-1
839,273,1339.02,503.53,79.71,32.81,0.8026,4,-1,-1
839,280,294.15,396.86,101.99,47.56,0.3522,9,-1,-1
840,230,537.36,394.95,58.33,22.28,0.5993,4,-1,-1
840,93,891.86,714.41,27.25,56.92,0.5554,1,-1,-1
840,260,207.61,345.72,38.11,19.22,0.7318,4,-1,-1
840,262,1657.80,447.29,105.42,47.25,0.8199,4,-1,-1
840,269,945.58,439.66,56.07,28.08,0.7432,4,-1,-1
840,277,1154.43,465.96,88.10,32.71,0.8339,4,-1,-1
840,278,872.54,351.67,59.22,24.95,0.4484,4,-1,-1
840,283,334.53,382.17,34.56,19.84,0.4359,4,-1,-1
840,273,1326.76,501.29,80.16,32.96,0.8129,4,-1,-1
840,280,297.59,397.69,100.56,46.89,0.2351,9,-1,-1
841,230,538.04,395.47,56.86,21.65,0.5593,4,-1,-1
841,93,890.89,714.66,26.96,57.79,0.6270,1,-1,-1
841,260,206.24,345.71,36.84,18.58,0.6766,4,-1,-1
841,262,1671.81,450.41,108.66,48.60,0.8032,4,-1,-1
841,269,941.90,439.18,57.05,28.12,0.7813,4,-1,-1
841,277,1148.96,465.38,87.77,32.84,0.8403,4,-1,-1
841,278,875.96,350.47,63.87,27.22,0.6663,4,-1,-1
841,283,333.77,381.80,33.29,19.07,0.3549,4,-1,-1
841,273,1318.41,500.37,80.77,33.18,0.8245,4,-1,-1
841,280,297.08,396.91,101.12,47.10,0.1530,9,-1,-1
841,284,361.15,432.45,41.48,20.97,0.5059,4,-1,-1
842,230,538.40,395.67,56.42,21.44,0.5477,4,-1,-1
842,93,889.64,715.12,26.32,57.51,0.6800,1,-1,-1
842,260,204.10,345.45,36.03,18.13,0.5708,4,-1,-1
842,262,1693.16,452.80,109.61,48.90,0.8117,4,-1,-1
842,269,935.16,438.42,58.79,28.65,0.6968,4,-1,-1
842,277,1142.86,464.98,86.27,32.46,0.8182,4,-1,-1
842,278,882.24,350.95,66.19,28.44,0.4111,4,-1,-1
842,283,329.01,380.75,34.50,19.82,0.1251,4,-1,-1
842,273,1308.42,499.44,79.55,32.63,0.7994,4,-1,-1
842,280,295.81,397.71,110.40,51.99,0.1251,9,-1,-1
842,284,362.22,432.48,41.39,20.90,0.4727,4,-1,-1
843,230,538.34,395.73,56.42,21.42,0.5631,4,-1,-1
843,93,888.28,716.11,26.23,57.77,0.6697,1,-1,-1
843,260,202.25,345.24,35.76,18.00,0.6307,4,-1,-1
843,262,1707.47,454.16,111.60,49.72,0.8490,4,-1,-1
843,269,931.12,437.88,59.29,28.69,0.6361,4,-1,-1
843,277,1138.83,464.77,84.78,32.08,0.8228,4,-1,-1
843,278,888.32,352.23,65.14,28.13,0.2689,4,-1,-1
843,283,330.35,381.86,31.09,17.86,0.1634,4,-1,-1
843,273,1300.92,498.77,78.82,32.29,0.8044,4,-1,-1
843,280,305.72,398.53,97.14,45.25,0.4235,9,-1,-1
843,284,361.32,432.41,42.36,21.31,0.5020,4,-1,-1
843,285,697.99,323.75,49.13,20.72,0.4649,4,-1,-1
844,230,538.57,395.85,56.28,21.40,0.5156,4,-1,-1
844,93,886.72,717.59,26.24,57.07,0.7194,1,-1,-1
844,260,198.62,342.88,38.31,19.46,0.7210,4,-1,-1
844,262,1725.23,455.58,119.54,53.65,0.7853,4,-1,-1
844,269,925.43,437.46,59.37,28.47,0.7138,4,-1,-1
844,277,1132.16,463.82,84.65,32.23,0.8228,4,-1,-1
844,283,331.92,381.89,27.69,16.19,0.1242,4,-1,-1
844,273,1290.24,497.46,79.00,32.37,0.8245,4,-1,-1
844,280,304.35,398.56,103.08,48.16,0.5137,9,-1,-1
844,284,361.63,432.48,43.87,21.94,0.5224,4,-1,-1
844,285,699.73,325.46,52.19,22.03,0.2806,4,-1,-1
845,230,538.91,395.83,55.96,21.33,0.4834,4,-1,-1
845,93,885.04,717.94,26.75,57.14,0.7272,1,-1,-1
845,260,196.07,342.92,37.29,19.01,0.7066,4,-1,-1
845,262,1748.54,460.14,120.01,53.94,0.8019,4,-1,-1
845,269,919.08,436.96,59.90,28.56,0.7217,4,-1,-1
845,277,1124.70,462.77,84.82,32.50,0.8205,4,-1,-1
845,273,1279.22,496.51,78.51,32.15,0.8056,4,-1,-1
845,280,302.51,397.06,116.04,55.28,0.7233,9,-1,-1
845,284,361.78,431.66,47.83,23.88,0.1041,4,-1,-1
845,285,704.90,326.92,51.78,21.88,0.2372,4,-1,-1
846,230,538.35,395.73,56.57,21.59,0.5244,4,-1,-1
846,93,883.89,718.01,27.38,57.48,0.7241,1,-1,-1
846,260,193.72,342.68,36.65,18.68,0.6885,4,-1,-1
846,262,1766.98,462.94,117.95,52.93,0.7827,4,-1,-1
846,269,913.71,436.56,60.54,28.68,0.5564,4,-1,-1
846,277,1119.22,461.86,85.38,32.96,0.7800,4,-1,-1
846,273,1271.81,495.40,77.73,31.82,0.8075,4,-1,-1
846,280,302.67,396.50,120.50,58.42,0.7356,9,-1,-1
846,285,701.57,325.70,55.97,23.59,0.2636,4,-1,-1
847,230,537.48,395.69,56.93,21.71,0.5117,4,-1,-1
847,93,880.67,716.91,29.14,59.83,0.7295,1,-1,-1
847,260,191.43,342.25,36.14,18.43,0.6749,4,-1,-1
847,262,1788.27,465.32,120.91,54.37,0.8141,4,-1,-1
847,269,908.39,435.50,62.02,29.50,0.5545,5,-1,-1
847,277,1113.45,461.31,83.32,32.29,0.7912,4,-1,-1
847,273,1262.16,494.82,75.80,30.92,0.7931,4,-1,-1
847,280,305.99,397.69,118.05,57.94,0.6206,9,-1,-1
847,285,706.60,325.34,53.45,22.46,0.2878,4,-1,-1
848,230,536.62,395.64,56.57,21.54,0.4756,4,-1,-1
848,93,879.00,716.57,30.16,60.74,0.7402,1,-1,-1
848,260,190.12,342.00,35.39,18.05,0.6732,4,-1,-1
848,262,1803.35,468.47,119.93,53.98,0.8152,4,-1,-1
848,269,903.21,435.55,61.37,28.96,0.4815,4,-1,-1
848,277,1108.90,460.75,83.13,32.41,0.7813,4,-1,-1
848,273,1255.61,494.06,75.05,30.50,0.8062,4,-1,-1
848,280,308.28,399.24,115.04,56.89,0.6567,9,-1,-1
848,285,707.58,325.91,55.59,23.30,0.2783,4,-1,-1
849,230,535.37,395.30,55.83,21.16,0.4727,4,-1,-1
849,93,878.86,719.63,29.22,57.86,0.7424,1,-1,-1
849,260,188.15,341.39,35.49,18.17,0.6800,4,-1,-1
849,262,1818.73,470.46,117.45,54.18,0.7994,4,-1,-1
849,269,895.51,434.19,63.46,29.92,0.5660,5,-1,-1
849,277,1102.53,459.84,82.46,32.33,0.8093,4,-1,-1
849,273,1245.24,492.19,77.05,31.39,0.8182,4,-1,-1
849,280,309.60,400.98,114.45,56.82,0.7773,9,-1,-1
849,285,713.77,328.85,53.73,22.45,0.2720,4,-1,-1
849,278,930.12,359.41,67.42,29.42,0.4600,4,-1,-1
850,230,535.12,395.46,54.51,20.59,0.5020,4,-1,-1
850,93,877.02,719.32,29.73,58.72,0.6976,1,-1,-1
850,260,186.01,340.58,35.64,18.47,0.7146,4,-1,-1
850,262,1835.14,474.63,110.63,53.25,0.6775,4,-1,-1
850,269,888.42,432.56,65.70,31.07,0.5946,5,-1,-1
850,277,1095.35,459.15,81.98,32.32,0.7813,4,-1,-1
850,273,1234.00,490.43,77.85,31.80,0.8013,4,-1,-1
850,280,312.33,403.15,112.41,55.73,0.7905,9,-1,-1
850,285,716.10,327.59,58.20,24.49,0.4102,4,-1,-1
850,278,940.65,360.33,66.08,28.88,0.5361,4,-1,-1
851,230,534.06,395.19,54.35,20.49,0.4542,4,-1,-1
851,93,876.61,720.05,29.52,58.60,0.6628,1,-1,-1
851,260,184.07,340.12,35.07,18.21,0.6951,4,-1,-1
851,262,1849.48,478.30,99.19,50.10,0.6645,4,-1,-1
851,269,885.58,432.05,65.43,31.18,0.5564,5,-1,-1
851,277,1089.70,457.49,83.53,33.17,0.7098,4,-1,-1
851,273,1227.58,489.57,76.81,31.47,0.8135,4,-1,-1
851,280,314.69,404.28,111.10,55.02,0.6775,9,-1,-1
851,285,719.51,327.69,59.30,25.12,0.3849,4,-1,-1
851,278,946.28,361.13,65.67,28.74,0.5302,4,-1,-1
851,286,1675.44,542.43,117.42,42.94,0.5631,4,-1,-1
852,230,534.37,394.97,54.20,20.21,0.4610,4,-1,-1
852,93,875.54,722.56,28.19,56.57,0.6558,1,-1,-1
852,260,180.01,339.13,35.87,18.57,0.6575,4,-1,-1
852,269,878.33,429.20,68.57,33.17,0.2838,4,-1,-1
852,277,1083.58,456.36,83.99,33.72,0.6637,4,-1,-1
852,273,1217.97,488.55,76.85,31.54,0.8182,4,-1,-1
852,280,317.19,404.66,111.06,54.98,0.7718,9,-1,-1
852,285,723.13,328.28,61.77,26.53,0.2200,4,-1,-1
852,278,953.48,362.05,67.77,29.76,0.1919,6,-1,-1
852,286,1672.61,550.86,93.58,34.02,0.2101,4,-1,-1
853,230,534.81,395.03,53.31,19.62,0.4883,4,-1,-1
853,93,874.60,724.52,27.25,55.47,0.6343,1,-1,-1
853,260,178.72,338.78,35.22,18.21,0.5496,4,-1,-1
853,269,875.91,428.90,67.26,32.95,0.4591,4,-1,-1
853,277,1076.11,455.37,85.68,34.51,0.7009,4,-1,-1
853,273,1211.37,488.05,76.53,31.41,0.7988,4,-1,-1
853,280,319.47,404.69,111.24,55.19,0.8044,9,-1,-1
853,285,727.89,329.53,59.53,25.91,0.3970,4,-1,-1
853,278,960.28,362.97,66.88,29.34,0.5224,4,-1,-1
853,286,1657.36,546.55,102.32,37.08,0.2309,6,-1,-1
854,230,531.77,395.08,50.01,18.51,0.4805,4,-1,-1
854,93,871.39,723.43,27.46,57.25,0.5351,1,-1,-1
854,260,176.51,338.35,34.71,17.86,0.4504,4,-1,-1
854,269,867.55,427.95,67.56,33.18,0.4426,4,-1,-1
854,277,1070.79,454.47,85.60,34.84,0.5946,4,-1,-1
854,273,1202.76,487.31,75.36,30.93,0.8062,4,-1,-1
854,280,321.34,405.62,110.78,54.96,0.8129,9,-1,-1
854,285,733.50,330.67,57.93,25.52,0.4951,4,-1,-1
854,278,967.86,362.53,69.36,30.68,0.5477,4,-1,-1
854,286,1645.33,546.80,96.36,34.65,0.4746,6,-1,-1
855,230,532.77,394.92,51.63,18.97,0.4533,4,-1,-1
855,93,868.30,719.87,29.06,62.45,0.5794,1,-1,-1
855,260,173.75,338.18,34.63,17.78,0.4378,4,-1,-1
855,269,862.48,428.02,65.98,32.53,0.4600,4,-1,-1
855,277,1060.76,452.53,88.73,36.49,0.3989,5,-1,-1
855,273,1193.49,486.39,74.05,30.36,0.8038,4,-1,-1
855,280,323.44,405.87,111.11,55.00,0.8129,9,-1,-1
855,285,738.64,331.12,58.58,26.19,0.4426,4,-1,-1
855,278,978.70,365.76,65.96,28.93,0.5917,4,-1,-1
855,286,1625.83,544.16,99.63,35.64,0.6388,4,-1,-1
855,287,548.96,409.84,50.26,23.84,0.6086,4,-1,-1
856,230,530.75,394.72,51.38,18.95,0.4349,4,-1,-1
856,93,866.97,719.07,28.84,63.65,0.5467,1,-1,-1
856,260,171.88,337.56,34.68,17.77,0.4902,4,-1,-1
856,269,857.42,428.07,65.66,32.44,0.3115,4,-1,-1
856,277,1056.80,450.78,89.52,37.38,0.4359,5,-1,-1
856,273,1186.51,485.71,73.73,30.26,0.7846,4,-1,-1
856,280,324.92,406.04,111.21,54.96,0.8267,9,-1,-1
856,285,742.32,331.72,58.90,26.79,0.5823,4,-1,-1
856,278,985.56,366.59,65.90,28.88,0.6197,4,-1,-1
856,286,1615.11,542.79,99.58,35.39,0.6910,4,-1,-1
856,287,544.68,408.84,52.48,24.86,0.4932,4,-1,-1
857,230,528.31,394.64,51.94,19.48,0.3923,4,-1,-1
857,93,865.71,720.17,27.61,62.05,0.5917,1,-1,-1
857,260,169.46,337.29,34.09,17.40,0.2082,4,-1,-1
857,277,1051.57,449.95,88.07,37.27,0.4591,5,-1,-1
857,273,1177.92,484.90,73.58,30.21,0.8135,4,-1,-1
857,280,323.02,406.25,113.24,55.51,0.8233,9,-1,-1
857,285,749.04,334.07,55.87,25.56,0.4873,4,-1,-1
857,278,994.47,368.17,65.51,28.52,0.1651,4,-1,-1
857,286,1597.44,539.73,104.70,37.18,0.7918,4,-1,-1
857,287,538.01,408.10,53.57,25.34,0.4111,4,-1,-1
857,288,281.19,371.32,40.27,18.56,0.5341,4,-1,-1
858,230,525.80,394.86,51.23,19.71,0.2415,4,-1,-1
858,93,865.14,723.38,26.07,59.09,0.6379,1,-1,-1
858,260,168.42,337.10,33.34,16.95,0.4776,4,-1,-1
858,277,1049.76,450.03,84.35,36.11,0.5351,5,-1,-1
858,273,1172.19,484.27,72.62,29.78,0.7886,4,-1,-1
858,280,324.81,406.38,114.68,56.06,0.8289,9,-1,-1
858,285,752.44,333.84,56.15,25.93,0.5993,4,-1,-1
858,278,1000.22,368.74,69.30,30.09,0.1204,4,-1,-1
858,286,1587.12,537.60,105.64,37.47,0.7663,4,-1,-1
858,287,531.76,406.55,55.01,25.99,0.2902,4,-1,-1
858,288,279.81,371.28,39.01,18.00,0.5670,4,-1,-1
859,230,514.02,394.69,69.97,28.23,0.1597,4,-1,-1
859,93,862.39,722.88,26.99,60.44,0.6575,1,-1,-1
859,260,166.42,336.92,32.48,16.37,0.4369,4,-1,-1
859,277,1044.43,449.59,83.31,36.03,0.5283,4,-1,-1
859,273,1164.06,483.18,72.18,29.56,0.8013,4,-1,-1
859,280,320.94,406.81,117.11,56.43,0.8245,9,-1,-1
859,285,757.03,333.44,55.94,25.82,0.4600,4,-1,-1
859,278,1005.94,368.27,72.69,31.89,0.3540,4,-1,-1
859,286,1573.60,535.75,105.04,37.15,0.7931,4,-1,-1
859,287,523.84,400.94,64.82,30.90,0.1272,4,-1,-1
859,288,275.22,369.78,41.04,19.03,0.3730,4,-1,-1
860,230,510.40,395.33,75.28,31.75,0.1962,4,-1,-1
860,93,858.77,723.84,28.21,61.52,0.7439,1,-1,-1
860,260,165.01,336.60,31.04,15.39,0.3933,4,-1,-1
860,277,1037.82,448.35,82.06,35.87,0.6567,5,-1,-1
860,273,1154.70,482.31,72.04,29.51,0.7988,4,-1,-1
860,280,330.20,406.86,117.43,57.09,0.8152,9,-1,-1
860,285,762.71,332.91,54.49,25.17,0.2241,4,-1,-1
860,278,1015.63,369.80,70.40,31.01,0.6575,4,-1,-1
860,286,1557.23,534.01,106.68,37.80,0.7786,4,-1,-1
860,287,523.47,399.99,65.52,31.34,0.1030,4,-1,-1
860,288,271.84,369.09,39.85,18.55,0.5283,4,-1,-1
860,289,1043.36,448.48,71.78,35.25,0.5088,4,-1,-1
861,93,856.91,724.72,28.54,60.41,0.7225,1,-1,-1
861,260,164.12,336.29,30.07,14.64,0.2682,4,-1,-1
861,277,1033.21,448.01,80.72,35.45,0.5185,4,-1,-1
861,273,1147.67,481.13,73.15,30.10,0.7753,4,-1,-1
861,280,335.18,407.01,116.93,57.29,0.8289,9,-1,-1
861,285,765.96,332.96,53.92,24.93,0.3234,4,-1,-1
861,278,1023.87,371.79,71.76,31.53,0.2494,4,-1,-1
861,286,1548.95,532.43,103.52,36.61,0.7746,4,-1,-1
861,287,522.50,399.74,61.82,30.02,0.1541,4,-1,-1
861,288,270.04,368.84,38.49,17.99,0.4494,4,-1,-1
861,289,1039.42,449.06,70.94,34.77,0.5409,5,-1,-1
862,93,855.83,726.31,28.82,58.79,0.7409,1,-1,-1
862,260,160.80,335.98,29.90,14.30,0.1842,4,-1,-1
862,277,1028.08,448.60,77.77,34.23,0.5670,4,-1,-1
862,273,1139.31,480.05,72.61,29.95,0.7807,4,-1,-1
862,280,338.67,407.26,117.05,57.85,0.8245,9,-1,-1
862,285,776.88,338.68,51.08,23.68,0.5458,4,-1,-1
862,278,1033.84,373.81,70.83,30.98,0.3217,6,-1,-1
862,286,1536.89,530.83,101.95,35.98,0.7800,4,-1,-1
862,287,515.30,396.65,65.43,32.63,0.1968,4,-1,-1
862,288,267.44,367.97,38.13,17.93,0.5419,4,-1,-1
863,93,854.91,727.36,29.15,57.77,0.7287,1,-1,-1
863,260,156.20,335.10,30.05,14.33,0.1172,4,-1,-1
863,277,1025.35,448.10,74.80,33.06,0.2480,5,-1,-1
863,273,1133.71,479.45,72.02,29.76,0.8038,4,-1,-1
863,280,341.51,407.55,116.06,57.81,0.8105,9,-1,-1
863,285,784.89,341.38,48.91,22.85,0.5224,4,-1,-1
863,278,1041.71,374.72,70.69,30.74,0.3242,6,-1,-1
863,286,1527.23,529.53,101.21,35.65,0.7931,4,-1,-1
863,287,517.35,398.53,60.85,30.23,0.1437,4,-1,-1
863,288,265.72,367.55,37.38,17.68,0.5098,4,-1,-1
864,93,853.39,727.32,30.19,58.42,0.7409,1,-1,-1
864,260,152.64,333.72,32.12,15.44,0.1877,4,-1,-1
864,277,1018.91,447.41,70.70,32.18,0.5020,4,-1,-1
864,273,1126.13,478.81,70.91,29.29,0.7860,4,-1,-1
864,280,345.09,408.28,115.32,57.68,0.8187,9,-1,-1
864,285,793.48,343.63,49.80,23.06,0.3933,4,-1,-1
864,278,1050.14,375.02,72.74,31.63,0.4533,4,-1,-1
864,286,1513.63,528.10,101.60,35.79,0.7773,4,-1,-1
864,287,523.22,396.21,51.60,25.27,0.1418,4,-1,-1
864,288,262.98,366.89,37.37,17.83,0.5993,4,-1,-1
864,230,499.76,403.22,61.23,26.13,0.5380,4,-1,-1
865,93,851.97,728.98,30.29,57.59,0.7739,1,-1,-1
865,260,149.87,331.78,34.39,16.75,0.5107,4,-1,-1
865,277,1014.61,447.25,68.56,32.13,0.3840,4,-1,-1
865,273,1117.85,478.24,69.59,28.72,0.8026,4,-1,-1
865,280,347.51,408.40,115.78,58.17,0.8164,9,-1,-1
865,285,799.32,343.23,50.91,23.51,0.4893,4,-1,-1
865,278,1073.76,384.15,57.81,24.39,0.5496,4,-1,-1
865,286,1502.51,525.16,103.18,36.81,0.7691,4,-1,-1
865,287,526.27,394.64,44.34,21.75,0.3849,4,-1,-1
865,288,259.51,366.47,37.25,17.86,0.6749,4,-1,-1
865,230,495.97,403.52,58.01,25.08,0.6142,4,-1,-1
866,93,851.00,730.27,30.24,56.51,0.7542,1,-1,-1
866,260,149.17,331.54,33.98,16.71,0.4659,4,-1,-1
866,277,1012.98,447.41,67.11,32.35,0.5254,4,-1,-1
866,273,1112.12,477.63,68.62,28.28,0.7820,4,-1,-1
866,280,348.94,408.73,115.59,58.41,0.8322,9,-1,-1
866,285,808.53,346.04,46.98,21.30,0.1694,4,-1,-1
866,278,1079.29,385.24,59.35,24.57,0.4436,4,-1,-1
866,286,1494.86,523.47,102.95,37.23,0.7447,4,-1,-1
866,287,526.86,394.64,41.70,20.50,0.4036,4,-1,-1
866,288,257.43,366.04,37.13,17.87,0.6680,4,-1,-1
866,230,492.84,403.63,56.97,24.86,0.7066,4,-1,-1
867,93,849.05,730.36,30.33,56.18,0.6901,1,-1,-1
867,260,147.96,331.21,33.98,16.96,0.6011,4,-1,-1
867,277,1009.55,445.81,68.70,34.02,0.5955,4,-1,-1
867,273,1104.64,476.94,67.01,27.50,0.7739,4,-1,-1
867,280,349.01,409.07,115.13,58.57,0.8376,9,-1,-1
867,285,814.19,345.98,48.85,22.14,0.4436,4,-1,-1
867,278,1082.06,382.92,70.52,29.05,0.6077,4,-1,-1
867,286,1479.04,519.29,109.07,40.17,0.6415,4,-1,-1
867,287,527.99,395.24,41.11,20.12,0.5117,4,-1,-1
867,288,254.63,365.53,36.75,17.71,0.6951,4,-1,-1
867,230,487.68,403.95,55.56,24.30,0.6105,4,-1,-1
868,93,847.68,730.58,30.52,56.44,0.6325,1,-1,-1
868,260,147.18,330.84,33.81,17.17,0.6487,4,-1,-1
868,277,1009.99,445.46,67.17,34.18,0.5380,4,-1,-1
868,273,1100.20,476.63,65.93,26.96,0.7833,4,-1,-1
868,280,349.21,409.86,113.77,58.04,0.8344,9,-1,-1
868,285,822.89,347.76,46.79,21.15,0.4980,4,-1,-1
868,278,1087.50,381.57,75.32,31.05,0.6169,4,-1,-1
868,286,1465.70,516.86,111.98,41.78,0.6496,4,-1,-1
868,287,529.45,395.72,40.27,19.61,0.4737,4,-1,-1
868,288,253.07,365.25,36.44,17.62,0.6715,4,-1,-1
868,230,482.05,404.09,54.51,24.11,0.6270,4,-1,-1
868,292,789.17,334.88,43.67,22.15,0.4542,4,-1,-1
869,93,845.10,730.89,30.67,57.37,0.6783,1,-1,-1
869,260,147.44,331.22,31.36,16.22,0.4235,4,-1,-1
869,277,1011.57,444.87,65.03,34.13,0.4873,4,-1,-1
869,273,1093.18,475.34,65.80,26.93,0.7759,4,-1,-1
869,280,349.09,410.42,114.26,58.43,0.8199,9,-1,-1
869,285,830.01,348.38,46.25,20.89,0.3630,4,-1,-1
869,278,1096.28,381.65,77.42,31.81,0.7535,4,-1,-1
869,286,1459.15,516.60,105.65,39.99,0.6960,4,-1,-1
869,287,529.68,396.36,39.05,19.10,0.4688,4,-1,-1
869,288,251.16,365.05,35.68,17.29,0.5746,4,-1,-1
869,230,479.18,403.09,54.78,24.64,0.4639,4,-1,-1
869,292,792.73,335.07,46.03,23.38,0.4961,4,-1,-1
870,93,842.54,731.56,29.94,57.17,0.6885,1,-1,-1
870,260,146.86,331.64,29.22,15.35,0.5068,4,-1,-1
870,277,1000.36,442.89,66.79,35.48,0.1551,4,-1,-1
870,273,1087.32,474.34,65.42,27.04,0.7635,4,-1,-1
870,280,351.33,410.91,114.74,58.63,0.8019,9,-1,-1
870,285,840.05,351.38,42.74,19.01,0.2942,4,-1,-1
870,278,1107.39,382.46,78.48,32.12,0.4216,4,-1,-1
870,286,1453.91,512.69,104.70,41.02,0.4017,4,-1,-1
870,287,530.06,396.55,38.44,18.80,0.4007,4,-1,-1
870,288,248.68,364.45,34.06,16.41,0.6885,4,-1,-1
870,230,473.51,402.31,55.74,25.11,0.4007,4,-1,-1
870,292,797.80,335.35,48.15,24.50,0.4785,5,-1,-1
871,93,840.91,731.54,29.32,57.36,0.6885,1,-1,-1
871,260,146.76,331.86,27.55,14.64,0.4465,4,-1,-1
871,277,989.70,442.88,66.42,34.94,0.6860,4,-1,-1
871,273,1082.67,472.80,66.38,27.92,0.7090,4,-1,-1
871,280,355.66,410.80,116.99,59.82,0.2878,9,-1,-1
871,285,843.06,350.93,45.94,20.36,0.5842,4,-1,-1
871,278,1115.58,383.62,79.43,32.45,0.7506,4,-1,-1
871,286,1433.12,501.66,126.45,51.79,0.3372,4,-1,-1
871,287,529.45,396.17,39.58,19.30,0.4649,4,-1,-1
871,288,246.14,363.83,34.16,16.42,0.6851,4,-1,-1
871,230,468.90,401.93,56.48,25.38,0.2422,5,-1,-1
871,292,800.68,335.75,48.15,24.53,0.4436,4,-1,-1
872,93,839.16,731.68,28.97,58.63,0.5927,1,-1,-1
872,260,146.67,332.13,24.66,13.33,0.4102,4,-1,-1
872,277,982.10,443.00,64.97,33.78,0.6826,4,-1,-1
872,273,1071.23,470.79,68.85,29.23,0.7178,4,-1,-1
872,280,362.16,411.90,115.40,59.23,0.4206,9,-1,-1
872,285,848.53,351.22,49.28,21.80,0.6868,4,-1,-1
872,278,1126.78,385.05,79.41,32.26,0.6843,4,-1,-1
872,287,529.19,396.12,40.16,19.52,0.4863,4,-1,-1
872,288,243.61,363.44,33.23,15.91,0.6800,4,-1,-1
872,230,462.29,402.19,53.77,24.09,0.2465,4,-1,-1
872,292,806.85,336.42,47.37,24.08,0.6715,4,-1,-1
872,293,213.16,402.11,34.86,27.17,0.4971,4,-1,-1
873,93,837.16,731.35,29.04,60.50,0.4854,1,-1,-1
873,260,144.59,330.93,25.26,14.00,0.3398,4,-1,-1
873,277,978.68,443.96,61.84,31.50,0.6388,4,-1,-1
873,273,1064.17,469.38,69.94,29.98,0.7287,4,-1,-1
873,280,365.43,412.46,115.77,59.69,0.6496,9,-1,-1
873,285,852.79,351.93,51.70,22.85,0.6680,4,-1,-1
873,278,1134.39,386.32,80.42,32.57,0.6976,4,-1,-1
873,287,529.20,396.07,41.11,19.88,0.4951,4,-1,-1
873,288,241.57,362.99,33.14,15.83,0.6697,4,-1,-1
873,230,456.87,401.29,55.72,25.08,0.2621,4,-1,-1
873,292,810.47,336.91,46.76,23.74,0.6086,4,-1,-1
873,293,213.02,401.84,36.04,28.17,0.5496,4,-1,-1
874,93,835.74,733.16,27.99,59.41,0.7050,1,-1,-1
874,260,143.77,330.01,24.65,14.05,0.2814,4,-1,-1
874,277,970.78,442.82,63.43,31.96,0.5879,4,-1,-1
874,273,1054.93,468.12,71.48,30.98,0.6968,4,-1,-1
874,280,371.45,413.80,113.73,59.14,0.7042,9,-1,-1
874,285,859.23,352.41,50.50,22.40,0.6732,4,-1,-1
874,278,1142.57,387.84,83.32,33.92,0.7439,4,-1,-1
874,287,530.06,396.07,42.50,20.26,0.5049,4,-1,-1
874,288,238.33,361.58,34.43,16.57,0.6558,4,-1,-1
874,230,453.20,400.14,55.17,24.90,0.4121,4,-1,-1
874,292,815.89,338.44,43.84,22.17,0.5039,4,-1,-1
874,293,213.15,402.54,36.56,28.59,0.5842,4,-1,-1
875,93,834.07,734.78,27.65,58.96,0.7409,1,-1,-1
875,260,142.24,330.07,23.71,13.85,0.2790,4,-1,-1
875,277,960.43,445.09,56.79,28.81,0.6817,4,-1,-1
875,273,1048.04,468.47,69.75,30.44,0.5898,4,-1,-1
875,280,374.90,414.41,111.89,58.34,0.6893,9,-1,-1
875,285,867.59,352.81,51.90,23.16,0.6361,4,-1,-1
875,278,1154.89,390.65,84.11,34.17,0.7280,4,-1,-1
875,287,529.74,396.12,42.53,20.11,0.5020,4,-1,-1
875,288,235.45,360.61,34.05,16.37,0.7628,4,-1,-1
875,230,451.32,399.48,53.78,24.74,0.3442,4,-1,-1
875,292,820.67,338.96,44.03,22.12,0.4417,4,-1,-1
875,293,215.12,403.56,36.02,28.10,0.5842,4,-1,-1
875,296,1402.88,518.49,41.26,24.28,0.6415,4,-1,-1
876,93,832.95,736.15,27.41,58.41,0.7379,1,-1,-1
876,260,142.20,330.79,21.89,13.11,0.3603,4,-1,-1
876,277,953.76,444.84,56.98,29.12,0.7210,4,-1,-1
876,273,1043.21,468.91,68.45,29.93,0.4465,4,-1,-1
876,280,377.47,414.94,110.28,57.44,0.6926,9,-1,-1
876,285,872.42,352.87,53.07,23.83,0.6105,4,-1,-1
876,278,1164.18,391.27,84.76,34.46,0.7820,4,-1,-1
876,287,529.35,396.25,42.73,20.08,0.4990,4,-1,-1
876,288,233.42,360.14,33.92,16.33,0.7585,4,-1,-1
876,230,450.68,399.25,52.23,24.51,0.4149,4,-1,-1
876,292,823.27,338.99,46.21,23.15,0.6645,4,-1,-1
876,293,215.86,403.61,36.57,28.47,0.5088,4,-1,-1
876,296,1401.31,516.22,46.01,26.78,0.5898,4,-1,-1
877,93,830.87,736.99,27.51,57.74,0.7454,1,-1,-1
877,260,141.84,331.52,18.48,11.23,0.3191,4,-1,-1
877,277,949.40,445.06,56.00,28.50,0.7394,4,-1,-1
877,273,1034.48,467.51,69.38,30.53,0.3285,4,-1,-1
877,280,379.05,415.50,113.51,59.42,0.8233,9,-1,-1
877,285,879.59,352.93,54.83,24.73,0.6215,4,-1,-1
877,278,1177.55,392.60,84.58,34.29,0.7739,4,-1,-1
877,287,529.40,396.26,44.17,20.54,0.5400,4,-1,-1
877,288,231.47,360.65,32.25,15.39,0.6968,4,-1,-1
877,230,447.42,399.01,51.30,24.38,0.3478,4,-1,-1
877,292,827.35,339.58,48.22,24.16,0.6011,4,-1,-1
877,293,216.99,403.94,36.51,28.33,0.4922,4,-1,-1
877,296,1388.38,513.44,51.74,29.85,0.7001,4,-1,-1
878,93,830.00,737.52,27.72,57.39,0.7225,1,-1,-1
878,260,141.13,331.69,17.25,10.63,0.2846,4,-1,-1
878,277,946.27,444.77,56.77,28.79,0.7912,4,-1,-1
878,273,1029.63,467.22,67.67,29.78,0.2767,4,-1,-1
878,280,379.72,415.75,115.00,60.47,0.8587,9,-1,-1
878,285,885.41,354.29,55.80,25.05,0.3074,4,-1,-1
878,278,1186.39,393.78,84.26,34.00,0.7356,4,-1,-1
878,287,531.89,396.67,46.00,20.83,0.4824,4,-1,-1
878,288,229.89,360.80,31.65,15.04,0.6252,4,-1,-1
878,230,446.84,399.13,50.10,24.23,0.1999,4,-1,-1
878,292,830.03,340.14,48.60,24.33,0.6783,4,-1,-1
878,293,216.42,403.73,37.51,28.94,0.4475,5,-1,-1
878,296,1379.88,511.16,56.47,32.22,0.7349,4,-1,-1
879,93,828.88,741.01,27.24,54.52,0.6984,1,-1,-1
879,260,140.36,331.21,16.96,10.85,0.1312,4,-1,-1
879,277,942.56,443.82,58.78,29.55,0.8250,4,-1,-1
879,273,1026.54,465.95,64.72,28.44,0.2697,4,-1,-1
879,280,380.86,415.66,115.97,61.10,0.8344,9,-1,-1
879,285,893.59,355.51,56.43,25.50,0.6049,4,-1,-1
879,278,1197.42,393.84,87.79,35.50,0.7718,4,-1,-1
879,287,532.58,396.79,47.15,20.85,0.5107,4,-1,-1
879,288,225.90,359.34,33.61,16.04,0.6197,4,-1,-1
879,230,435.43,398.25,52.69,25.51,0.3621,4,-1,-1
879,292,834.99,341.02,48.52,24.19,0.4746,4,-1,-1
879,293,216.14,403.64,38.62,29.55,0.4844,5,-1,-1
879,296,1373.02,509.72,57.81,32.18,0.7879,4,-1,-1
880,93,827.45,741.45,28.20,55.10,0.7287,1,-1,-1
880,277,937.90,442.39,61.23,30.35,0.8228,4,-1,-1
880,273,1023.15,464.89,64.92,28.87,0.2689,4,-1,-1
880,280,383.07,415.84,116.46,61.48,0.8032,9,-1,-1
880,285,903.29,357.22,53.83,24.36,0.6252,4,-1,-1
880,278,1210.34,396.01,90.65,36.77,0.7905,4,-1,-1
880,287,532.80,396.90,48.63,21.01,0.4707,4,-1,-1
880,288,222.69,358.62,33.88,16.25,0.6289,4,-1,-1
880,230,428.30,397.64,53.19,25.70,0.1268,5,-1,-1
880,292,839.41,340.93,50.12,25.00,0.7001,4,-1,-1
880,293,214.93,402.49,40.86,30.91,0.4610,5,-1,-1
880,296,1362.14,507.17,62.40,33.86,0.8032,4,-1,-1
880,298,320.64,427.12,60.59,39.59,0.6918,4,-1,-1
881,93,826.23,741.68,28.91,55.32,0.7066,1,-1,-1
881,277,934.63,441.59,62.74,30.61,0.7937,4,-1,-1
881,273,1020.44,463.17,66.71,30.24,0.1566,4,-1,-1
881,280,384.59,416.33,116.76,61.66,0.8355,9,-1,-1
881,285,908.72,358.00,55.24,25.12,0.5993,4,-1,-1
881,278,1219.13,397.98,91.08,36.99,0.7892,4,-1,-1
881,287,532.56,396.91,49.49,20.94,0.5127,4,-1,-1
881,288,220.55,357.81,34.19,16.51,0.6663,4,-1,-1
881,230,422.95,397.09,51.75,24.89,0.4455,4,-1,-1
881,292,842.02,340.93,51.52,25.74,0.7098,4,-1,-1
881,293,214.97,402.17,41.97,31.39,0.4455,5,-1,-1
881,296,1353.19,505.52,65.37,34.65,0.8170,4,-1,-1
881,298,321.62,428.66,60.11,39.30,0.6775,4,-1,-1
882,93,824.71,742.34,29.30,55.70,0.6558,1,-1,-1
882,277,928.08,440.94,64.12,30.95,0.8111,4,-1,-1
882,273,1017.75,460.92,67.49,31.40,0.3099,4,-1,-1
882,280,386.54,416.72,116.22,61.54,0.8439,9,-1,-1
882,285,917.28,358.97,55.34,25.18,0.5974,4,-1,-1
882,278,1232.60,400.61,90.55,36.68,0.8032,4,-1,-1
882,287,531.43,396.91,48.77,20.35,0.4922,4,-1,-1
882,288,217.53,356.58,35.05,17.10,0.6766,4,-1,-1
882,230,419.17,397.03,50.13,24.02,0.2220,5,-1,-1
882,292,847.24,341.92,51.08,25.49,0.7272,4,-1,-1
882,293,215.42,402.33,43.30,31.94,0.5215,5,-1,-1
882,296,1342.29,503.79,66.86,34.61,0.8233,4,-1,-1
882,298,329.35,431.77,54.95,36.02,0.6715,4,-1,-1
883,93,823.49,742.48,29.13,55.16,0.6505,1,-1,-1
883,277,924.13,440.66,64.65,30.88,0.8205,4,-1,-1
883,273,1011.18,453.20,79.50,38.53,0.2173,4,-1,-1
883,280,388.84,416.69,116.46,61.72,0.8470,9,-1,-1
883,285,923.33,359.35,56.13,25.60,0.6715,4,-1,-1
883,278,1241.25,401.45,91.58,37.06,0.7853,4,-1,-1
883,287,530.18,396.83,47.92,19.83,0.4951,4,-1,-1
883,288,215.83,355.88,35.04,17.26,0.6558,4,-1,-1
883,230,412.11,397.38,56.24,27.25,0.1168,4,-1,-1
883,292,850.43,342.50,51.22,25.58,0.7807,4,-1,-1
883,293,215.58,403.06,44.25,32.09,0.6132,5,-1,-1
883,296,1333.33,502.63,69.38,35.14,0.8233,4,-1,-1
883,298,333.11,433.55,52.11,34.29,0.6558,4,-1,-1
884,93,820.44,742.58,28.92,55.48,0.6123,1,-1,-1
884,277,916.19,439.80,65.42,30.78,0.7725,4,-1,-1
884,273,1009.05,446.79,89.81,44.97,0.1246,4,-1,-1
884,280,391.76,416.71,117.77,62.58,0.8643,9,-1,-1
884,285,931.49,360.17,57.71,26.45,0.6918,4,-1,-1
884,278,1256.22,404.01,89.98,36.24,0.7879,4,-1,-1
884,287,529.38,396.87,46.90,19.26,0.5029,4,-1,-1
884,288,213.19,354.91,34.67,17.22,0.6918,4,-1,-1
884,292,855.57,344.22,50.20,24.96,0.7225,4,-1,-1
884,293,217.12,403.47,44.55,31.83,0.5908,5,-1,-1
884,296,1323.37,501.73,69.39,34.34,0.8322,4,-1,-1
884,298,335.83,434.17,51.93,34.36,0.6496,4,-1,-1
885,93,818.28,743.34,28.31,55.56,0.6067,1,-1,-1
885,277,910.46,440.19,64.40,29.77,0.7454,4,-1,-1
885,280,395.42,417.70,117.14,62.28,0.8783,9,-1,-1
885,285,940.42,361.00,59.06,27.25,0.5283,4,-1,-1
885,278,1271.01,405.20,92.50,37.11,0.7663,4,-1,-1
885,287,528.92,396.87,46.89,19.11,0.5400,4,-1,-1
885,288,210.73,354.27,33.98,16.95,0.7146,4,-1,-1
885,292,861.71,345.89,49.21,24.28,0.6030,4,-1,-1
885,293,218.74,403.89,45.26,31.81,0.6567,5,-1,-1
885,296,1310.81,500.17,71.30,34.62,0.8289,4,-1,-1
885,298,335.09,434.51,52.14,34.45,0.5273,4,-1,-1
886,93,816.24,743.36,28.43,56.98,0.6067,1,-1,-1
886,277,906.04,439.34,65.32,29.91,0.7571,4,-1,-1
886,280,397.24,417.91,118.24,62.99,0.8688,9,-1,-1
886,285,948.14,362.65,57.99,26.70,0.6697,4,-1,-1
886,278,1281.79,406.48,92.58,36.90,0.7663,4,-1,-1
886,287,529.64,396.90,46.77,18.80,0.5244,4,-1,-1
886,288,208.68,353.65,34.26,17.18,0.6783,4,-1,-1
886,292,864.06,346.01,50.37,24.78,0.6197,4,-1,-1
886,293,219.48,404.07,46.24,32.01,0.5312,5,-1,-1
886,296,1302.14,499.25,73.03,34.84,0.8439,4,-1,-1
886,298,332.74,433.56,53.98,35.50,0.4349,4,-1,-1
886,289,984.66,459.30,62.59,30.68,0.5898,4,-1,-1
887,93,813.20,743.07,28.42,58.07,0.6105,1,-1,-1
887,277,898.67,438.95,66.72,30.21,0.7170,4,-1,-1
887,280,399.35,418.23,119.52,63.91,0.8688,9,-1,-1
887,285,957.33,365.54,57.15,26.42,0.4971,4,-1,-1
887,278,1292.93,408.11,98.86,39.56,0.7813,4,-1,-1
887,287,525.82,395.98,47.46,19.27,0.5583,4,-1,-1
887,288,205.97,353.53,33.31,16.69,0.6800,4,-1,-1
887,292,868.38,346.50,50.58,24.87,0.6593,4,-1,-1
887,293,221.11,404.79,46.86,32.12,0.6926,5,-1,-1
887,296,1291.24,497.62,74.66,35.14,0.8289,4,-1,-1
887,298,330.02,432.38,56.89,37.08,0.4756,4,-1,-1
887,289,981.02,461.34,58.40,27.92,0.4805,4,-1,-1
888,93,811.13,743.25,27.97,58.23,0.5898,1,-1,-1
888,277,894.30,438.94,66.97,29.98,0.7090,4,-1,-1
888,280,400.94,418.39,119.86,64.33,0.8800,9,-1,-1
888,285,964.13,366.38,57.52,26.67,0.5860,4,-1,-1
888,278,1302.94,408.70,100.76,40.45,0.7484,4,-1,-1
888,287,523.70,395.59,47.49,19.52,0.5842,4,-1,-1
888,288,204.74,353.25,32.42,16.17,0.6593,4,-1,-1
888,292,872.05,347.32,49.75,24.24,0.4187,4,-1,-1
888,293,222.03,405.03,47.32,32.16,0.6792,5,-1,-1
888,296,1283.72,496.79,75.38,35.06,0.8245,4,-1,-1
888,298,330.56,433.09,57.05,36.68,0.5312,4,-1,-1
888,289,976.48,461.76,57.73,27.09,0.5554,4,-1,-1
889,93,808.79,743.17,27.69,58.34,0.5813,1,-1,-1
889,277,889.97,438.67,67.10,29.89,0.7025,4,-1,-1
889,280,404.79,419.43,118.36,63.48,0.8578,9,-1,-1
889,285,972.54,366.64,59.41,27.66,0.6935,4,-1,-1
889,278,1317.10,411.11,100.44,40.37,0.7592,4,-1,-1
889,287,522.90,395.41,47.63,19.77,0.5917,4,-1,-1
889,288,202.90,352.85,31.47,15.59,0.6451,4,-1,-1
889,292,876.40,347.29,50.90,24.62,0.6715,4,-1,-1
889,293,222.68,405.22,48.42,32.54,0.6514,5,-1,-1
889,296,1274.51,495.91,74.78,34.39,0.8193,4,-1,-1
889,298,328.97,432.43,59.73,37.93,0.4388,4,-1,-1
889,289,969.25,461.17,58.11,27.19,0.5612,4,-1,-1
889,230,385.67,391.73,54.67,26.73,0.4668,4,-1,-1
890,93,807.23,744.17,27.63,58.36,0.6876,1,-1,-1
890,277,887.61,438.41,65.27,29.13,0.6843,4,-1,-1
890,280,408.11,420.87,117.98,63.23,0.8199,9,-1,-1
890,285,982.45,367.11,60.01,27.94,0.6834,4,-1,-1
890,278,1333.86,413.90,99.76,40.00,0.7606,4,-1,-1
890,287,523.13,395.26,47.71,19.81,0.5477,4,-1,-1
890,288,198.77,351.32,32.50,16.04,0.7272,4,-1,-1
890,292,881.93,347.88,52.26,25.14,0.6575,4,-1,-1
890,293,224.62,405.70,48.75,32.37,0.5312,5,-1,-1
890,296,1263.87,494.85,75.04,34.15,0.8099,4,-1,-1
890,298,328.55,432.61,61.64,38.68,0.4893,4,-1,-1
890,289,962.81,461.97,56.79,26.24,0.5804,4,-1,-1
890,300,527.67,397.45,53.80,18.56,0.4941,4,-1,-1
890,230,383.23,391.10,52.56,25.95,0.4893,4,-1,-1
891,93,805.89,745.91,27.54,57.80,0.7058,1,-1,-1
891,277,886.19,438.18,64.35,28.94,0.6316,4,-1,-1
891,280,409.58,421.15,119.16,63.90,0.8176,9,-1,-1
891,285,989.90,368.47,59.47,27.71,0.5708,4,-1,-1
891,278,1346.07,415.57,99.48,39.81,0.7759,4,-1,-1
891,287,521.93,395.47,47.83,20.03,0.5467,4,-1,-1
891,288,196.39,350.42,33.39,16.53,0.7642,4,-1,-1
891,292,884.89,348.02,53.26,25.65,0.5936,4,-1,-1
891,293,227.48,407.06,46.98,30.63,0.6575,4,-1,-1
891,296,1256.39,494.32,75.78,34.15,0.8164,4,-1,-1
891,298,328.88,433.17,62.94,39.04,0.5660,4,-1,-1
891,289,957.21,462.03,56.17,25.73,0.6984,4,-1,-1
891,300,527.67,397.90,53.41,18.39,0.4484,4,-1,-1
891,230,380.13,390.63,52.89,26.42,0.5622,4,-1,-1
892,93,803.72,748.00,27.75,56.81,0.7170,1,-1,-1
892,277,881.85,437.18,65.54,29.93,0.7066,4,-1,-1
892,280,412.04,422.11,119.79,64.33,0.7106,9,-1,-1
892,285,1000.15,369.77,59.83,27.89,0.5936,4,-1,-1
892,278,1360.50,417.23,101.52,40.61,0.5699,4,-1,-1
892,287,522.36,395.68,47.29,19.81,0.5670,4,-1,-1
892,288,193.74,349.71,33.78,16.78,0.7114,4,-1,-1
892,292,890.96,348.59,54.41,26.25,0.6901,4,-1,-1
892,293,229.27,407.56,47.64,30.70,0.7642,4,-1,-1
892,296,1246.96,493.75,74.82,33.31,0.8176,4,-1,-1
892,298,329.67,433.49,64.26,39.46,0.5974,4,-1,-1
892,289,950.67,461.62,56.61,25.77,0.7210,4,-1,-1
892,300,527.70,398.18,53.45,18.36,0.4795,4,-1,-1
892,230,375.34,389.97,53.05,26.95,0.5804,4,-1,-1
893,93,802.62,749.31,27.99,55.76,0.6478,1,-1,-1
893,277,880.68,437.46,63.32,29.41,0.6451,4,-1,-1
893,280,413.42,422.24,121.05,65.10,0.6926,9,-1,-1
893,285,1007.77,370.56,57.31,26.67,0.5205,4,-1,-1
893,278,1371.03,418.92,103.47,41.44,0.2598,4,-1,-1
893,287,521.98,395.75,47.69,20.08,0.5813,4,-1,-1
893,288,192.13,349.66,33.04,16.38,0.6645,4,-1,-1
893,292,894.94,349.83,53.71,25.87,0.6011,4,-1,-1
893,293,230.49,407.99,48.01,30.70,0.7146,4,-1,-1
893,296,1240.31,493.01,74.95,33.09,0.8129,4,-1,-1
893,298,329.91,433.45,65.32,39.69,0.5195,4,-1,-1
893,289,946.77,461.14,56.45,25.53,0.7656,4,-1,-1
893,300,527.02,397.89,54.68,18.74,0.4912,4,-1,-1
893,230,373.19,389.91,52.19,26.92,0.5351,4,-1,-1
894,93,800.57,748.97,29.57,57.52,0.7033,1,-1,-1
894,277,879.89,437.16,60.34,28.82,0.5554,4,-1,-1
894,280,417.30,424.05,119.19,63.99,0.7491,9,-1,-1
894,285,1015.34,371.34,60.03,28.17,0.5535,4,-1,-1
894,278,1384.36,421.16,105.95,42.51,0.5535,4,-1,-1
894,287,521.87,395.67,47.53,20.13,0.5593,4,-1,-1
894,288,189.33,348.88,33.32,16.53,0.7178,4,-1,-1
894,292,899.83,350.97,52.79,25.25,0.6522,4,-1,-1
894,293,232.09,408.55,48.22,30.52,0.7114,4,-1,-1
894,296,1230.45,491.36,75.83,33.27,0.8164,4,-1,-1
894,298,333.91,434.58,63.88,38.53,0.5612,4,-1,-1
894,289,941.17,460.86,55.45,24.76,0.7439,4,-1,-1
894,300,526.49,397.68,55.12,18.84,0.5039,4,-1,-1
894,230,370.97,389.60,50.30,26.42,0.5574,4,-1,-1
895,93,798.70,749.37,30.90,58.65,0.7074,1,-1,-1
895,277,875.88,437.04,58.00,28.30,0.5020,4,-1,-1
895,280,419.55,424.35,120.50,64.75,0.5000,5,-1,-1
895,285,1026.60,372.53,58.68,27.62,0.6030,4,-1,-1
895,278,1402.82,423.42,105.23,42.09,0.7138,4,-1,-1
895,287,520.90,395.58,47.43,20.23,0.5370,4,-1,-1
895,288,186.76,348.04,33.02,16.40,0.7498,4,-1,-1
895,292,905.90,351.93,52.48,25.16,0.4571,4,-1,-1
895,293,234.32,409.13,47.84,29.94,0.7439,4,-1,-1
895,296,1220.51,489.83,76.35,33.29,0.8284,4,-1,-1
895,298,336.28,435.28,64.21,38.53,0.6225,4,-1,-1
895,289,934.19,459.35,56.34,24.97,0.7614,4,-1,-1
895,300,525.98,397.72,56.10,19.12,0.4187,4,-1,-1
895,230,368.90,389.82,46.01,24.41,0.4649,4,-1,-1
896,93,797.13,749.98,31.81,59.05,0.7249,1,-1,-1
896,277,868.25,435.82,58.21,28.60,0.4698,4,-1,-1
896,280,421.06,423.64,122.59,66.10,0.5312,5,-1,-1
896,285,1034.90,373.81,57.75,27.17,0.4951,4,-1,-1
896,278,1415.27,424.51,106.37,42.40,0.6460,4,-1,-1
896,287,519.27,395.34,47.00,20.38,0.5293,4,-1,-1
896,288,185.30,347.88,32.25,15.97,0.7349,4,-1,-1
896,292,909.68,351.93,54.12,26.04,0.6505,4,-1,-1
896,293,235.42,409.50,47.88,29.64,0.6885,4,-1,-1
896,296,1214.12,489.27,75.78,32.89,0.8475,4,-1,-1
896,298,337.39,435.92,64.68,38.62,0.5525,5,-1,-1
896,289,928.90,458.61,57.35,25.30,0.7585,4,-1,-1
896,300,525.71,397.89,56.64,19.27,0.3303,4,-1,-1
896,230,365.17,389.57,45.45,24.32,0.3923,4,-1,-1
897,93,795.77,750.90,31.97,58.30,0.7684,1,-1,-1
897,277,857.50,435.58,58.42,28.38,0.2798,4,-1,-1
897,280,424.80,424.44,121.91,65.84,0.4746,9,-1,-1
897,285,1047.30,376.49,56.99,26.40,0.5020,4,-1,-1
897,278,1432.80,427.07,105.91,41.96,0.7635,4,-1,-1
897,287,518.73,395.18,46.64,20.56,0.5409,4,-1,-1
897,288,183.80,348.41,30.30,14.84,0.6593,4,-1,-1
897,292,922.55,357.28,46.04,21.71,0.5955,4,-1,-1
897,293,237.74,410.28,47.76,29.10,0.5244,4,-1,-1
897,296,1205.34,488.34,75.88,32.83,0.8648,4,-1,-1
897,298,338.16,436.33,65.17,38.72,0.5908,5,-1,-1
897,289,923.06,457.56,57.20,25.10,0.7976,4,-1,-1
897,300,524.98,397.85,57.33,19.50,0.3311,4,-1,-1
897,230,358.52,389.00,45.28,24.05,0.5974,4,-1,-1
898,93,794.55,751.19,32.23,58.09,0.7571,1,-1,-1
898,277,851.44,435.27,58.40,28.09,0.3372,4,-1,-1
898,280,428.46,425.93,120.09,64.85,0.5622,9,-1,-1
898,285,1055.45,375.10,55.81,25.79,0.4795,4,-1,-1
898,278,1444.27,427.89,108.96,43.13,0.7944,4,-1,-1
898,287,518.50,395.12,46.61,20.84,0.5583,4,-1,-1
898,288,182.57,348.40,29.90,14.51,0.6469,4,-1,-1
898,292,920.94,354.61,53.10,25.12,0.4932,4,-1,-1
898,293,239.03,410.40,48.01,28.79,0.7130,4,-1,-1
898,296,1198.97,487.90,75.83,32.65,0.8524,4,-1,-1
898,298,338.47,436.64,65.66,38.75,0.5117,5,-1,-1
898,289,919.29,456.97,56.82,24.77,0.7725,4,-1,-1
898,300,523.76,397.68,58.81,20.02,0.3425,4,-1,-1
898,230,354.66,388.34,45.64,24.14,0.5107,4,-1,-1
899,93,793.48,752.06,31.89,57.04,0.7138,1,-1,-1
899,280,430.92,425.95,120.77,65.28,0.6976,9,-1,-1
899,285,1067.87,379.18,49.46,22.15,0.3720,4,-1,-1
899,278,1458.64,429.53,113.40,45.05,0.8245,4,-1,-1
899,287,518.41,395.27,45.92,20.80,0.5244,4,-1,-1
899,288,179.12,347.19,31.19,15.17,0.6663,4,-1,-1
899,292,926.17,355.97,51.21,23.92,0.6049,4,-1,-1
899,293,240.93,410.67,48.72,28.94,0.6834,4,-1,-1
899,296,1190.18,487.08,75.74,32.48,0.8524,4,-1,-1
899,298,339.90,437.06,65.77,38.55,0.5059,5,-1,-1
899,289,913.02,456.62,56.71,24.51,0.7753,4,-1,-1
899,300,523.16,397.80,59.35,20.19,0.3007,4,-1,-1
899,230,351.89,387.57,45.18,23.70,0.6049,4,-1,-1
899,303,340.24,436.81,67.97,38.52,0.5127,4,-1,-1
900,93,790.56,751.15,32.34,58.51,0.7058,1,-1,-1
900,280,434.22,426.45,121.38,65.63,0.5293,9,-1,-1
900,285,1080.53,383.07,55.32,24.49,0.5860,4,-1,-1
900,278,1477.40,431.51,114.24,45.38,0.7944,4,-1,-1
900,287,518.93,395.46,45.68,20.86,0.5068,4,-1,-1
900,288,177.36,346.99,30.26,14.75,0.6935,4,-1,-1
900,292,930.37,356.23,53.42,24.99,0.5993,4,-1,-1
900,293,242.58,411.33,49.15,28.93,0.6593,4,-1,-1
900,296,1180.74,485.87,75.55,32.33,0.8475,4,-1,-1
900,298,343.24,437.28,65.66,38.45,0.4225,4,-1,-1
900,289,905.31,455.45,57.27,24.66,0.7225,4,-1,-1
900,300,521.99,397.68,61.24,20.87,0.3140,4,-1,-1
900,230,349.60,386.62,45.36,23.49,0.6142,4,-1,-1
900,303,342.35,437.28,67.48,38.24,0.5564,5,-1,-1
901,93,788.74,751.31,32.20,59.13,0.6876,1,-1,-1
901,280,437.60,427.08,120.82,65.39,0.6706,9,-1,-1
901,285,1085.01,382.61,63.50,28.01,0.6505,4,-1,-1
901,278,1489.59,433.23,116.85,46.58,0.8105,4,-1,-1
901,287,519.60,396.07,44.47,20.39,0.5516,4,-1,-1
901,288,175.07,345.78,31.50,15.52,0.6817,4,-1,-1
901,292,934.34,356.56,55.24,25.72,0.6697,4,-1,-1
901,293,243.77,411.28,50.15,29.39,0.6298,4,-1,-1
901,296,1175.24,485.56,74.86,31.91,0.8349,4,-1,-1
901,298,343.13,437.89,65.45,37.88,0.4359,5,-1,-1
901,289,897.39,454.52,59.60,25.40,0.7050,4,-1,-1
901,300,520.29,397.51,61.69,21.16,0.3785,4,-1,-1
901,230,348.00,386.20,45.68,23.21,0.7033,4,-1,-1
901,303,342.65,437.59,67.29,38.08,0.5889,4,-1,-1
902,93,786.24,751.89,31.50,59.10,0.6689,1,-1,-1
902,280,440.62,427.31,121.34,65.83,0.8007,9,-1,-1
902,285,1095.30,383.80,65.93,28.96,0.6424,4,-1,-1
902,278,1507.96,435.19,117.66,46.98,0.8164,4,-1,-1
902,287,519.67,396.38,43.25,19.90,0.5583,4,-1,-1
902,288,172.78,344.63,31.72,15.79,0.5765,4,-1,-1
902,292,939.58,357.89,55.69,25.79,0.6851,4,-1,-1
902,293,245.53,411.29,50.76,29.59,0.6602,4,-1,-1
902,296,1167.30,484.93,74.03,31.39,0.8250,4,-1,-1
902,289,889.94,453.77,60.90,25.75,0.6732,4,-1,-1
902,300,519.35,397.52,61.77,21.30,0.3513,4,-1,-1
902,230,344.79,385.72,46.84,23.26,0.6645,4,-1,-1
903,93,785.17,752.00,30.15,58.05,0.5195,1,-1,-1
903,280,442.77,427.44,122.01,66.40,0.8408,9,-1,-1
903,285,1102.69,383.96,69.08,30.49,0.6261,4,-1,-1
903,278,1520.48,436.61,120.57,48.24,0.8176,4,-1,-1
903,287,519.53,396.55,42.50,19.64,0.5832,4,-1,-1
903,288,171.20,343.95,31.75,16.02,0.5708,4,-1,-1
903,292,943.03,357.89,57.70,26.67,0.7379,4,-1,-1
903,293,246.17,410.99,51.42,29.92,0.6740,4,-1,-1
903,296,1161.17,484.22,74.36,31.46,0.8087,4,-1,-1
903,289,883.92,452.94,63.08,26.55,0.6540,4,-1,-1
903,300,518.72,397.55,61.68,21.39,0.3478,4,-1,-1
903,230,339.19,385.33,47.44,23.36,0.6252,4,-1,-1
903,298,346.55,438.21,65.97,38.15,0.5804,4,-1,-1
904,93,783.07,753.25,29.67,58.54,0.6406,1,-1,-1
904,280,445.25,428.01,121.89,66.35,0.8117,9,-1,-1
904,285,1113.65,385.08,69.11,30.46,0.7138,4,-1,-1
904,278,1537.14,438.31,123.90,49.76,0.8199,4,-1,-1
904,287,519.56,396.61,41.99,19.48,0.5670,4,-1,-1
904,288,170.30,343.91,29.93,15.35,0.5746,4,-1,-1
904,292,948.38,358.95,57.69,26.55,0.6270,4,-1,-1
904,293,246.57,411.23,51.90,30.32,0.5078,5,-1,-1
904,296,1152.51,482.96,75.25,31.80,0.8170,4,-1,-1
904,289,879.19,452.15,63.17,26.63,0.6252,4,-1,-1
904,300,518.73,397.58,61.57,21.43,0.3082,4,-1,-1
904,230,332.91,384.70,46.36,22.93,0.6307,4,-1,-1
904,298,349.27,438.34,67.02,39.00,0.6388,5,-1,-1
905,93,781.30,754.91,29.24,59.33,0.6252,1,-1,-1
905,280,447.11,428.10,122.90,66.79,0.8800,9,-1,-1
905,285,1125.44,386.10,72.01,31.94,0.6280,4,-1,-1
905,278,1558.50,442.71,122.69,49.23,0.8176,4,-1,-1
905,287,519.18,396.68,41.49,19.39,0.6123,4,-1,-1
905,288,169.06,343.48,28.23,14.60,0.6179,4,-1,-1
905,292,954.04,359.10,59.35,27.44,0.6397,4,-1,-1
905,293,247.63,411.37,51.83,30.38,0.6531,5,-1,-1
905,296,1144.12,482.31,73.44,30.93,0.8075,4,-1,-1
905,289,872.57,448.63,68.01,29.23,0.5409,4,-1,-1
905,300,518.65,397.69,61.03,21.33,0.2870,4,-1,-1
905,230,328.61,384.68,44.27,21.92,0.7050,4,-1,-1
905,298,351.83,439.04,66.82,39.23,0.7432,5,-1,-1
906,93,780.32,755.97,28.62,59.30,0.5993,1,-1,-1
906,280,448.13,428.38,124.58,67.59,0.8615,9,-1,-1
906,285,1134.69,388.73,70.97,31.42,0.6593,4,-1,-1
906,278,1575.02,444.95,120.68,48.16,0.8105,4,-1,-1
906,287,519.61,396.62,41.49,19.46,0.5964,4,-1,-1
906,288,167.81,343.35,27.54,14.38,0.6049,4,-1,-1
906,292,959.10,360.28,58.48,27.13,0.6215,4,-1,-1
906,293,249.19,411.36,52.26,30.58,0.6775,5,-1,-1
906,296,1138.24,481.78,73.22,30.70,0.8123,4,-1,-1
906,289,868.78,448.44,66.89,29.20,0.5341,4,-1,-1
906,300,518.95,397.61,60.75,21.31,0.3251,4,-1,-1
906,230,324.73,383.63,44.65,22.17,0.7033,4,-1,-1
906,298,353.58,439.26,67.03,39.69,0.7476,5,-1,-1
907,93,778.13,756.72,28.46,59.42,0.6505,1,-1,-1
907,280,450.18,429.41,125.66,68.06,0.8824,9,-1,-1
907,285,1147.01,389.59,72.22,32.07,0.7318,4,-1,-1
907,278,1595.01,447.49,122.45,48.70,0.8408,4,-1,-1
907,287,520.21,396.55,41.30,19.44,0.5603,4,-1,-1
907,288,166.45,342.77,27.08,14.36,0.5879,4,-1,-1
907,292,964.85,360.68,60.69,28.21,0.6307,4,-1,-1
907,293,252.56,412.32,52.07,30.29,0.7387,5,-1,-1
907,296,1129.94,481.11,72.89,30.48,0.8205,4,-1,-1
907,289,865.07,448.16,65.73,29.21,0.4776,4,-1,-1
907,300,521.00,398.29,61.04,21.39,0.2689,4,-1,-1
907,230,321.58,382.92,44.46,22.22,0.7469,4,-1,-1
907,298,355.37,439.67,66.72,39.71,0.8093,5,-1,-1
908,93,776.40,756.99,29.36,61.34,0.6610,1,-1,-1
908,280,452.23,429.88,126.93,68.80,0.8856,9,-1,-1
908,285,1156.73,391.70,71.44,31.70,0.7256,4,-1,-1
908,278,1609.33,449.47,123.47,48.85,0.8333,4,-1,-1
908,287,519.75,396.61,40.60,19.27,0.5708,4,-1,-1
908,288,165.52,342.21,26.11,13.99,0.5361,4,-1,-1
908,292,968.96,361.26,61.84,28.84,0.5784,4,-1,-1
908,293,254.72,412.86,52.05,30.17,0.7918,5,-1,-1
908,296,1124.38,480.54,72.73,30.33,0.8360,4,-1,-1
908,289,862.26,446.83,65.88,29.90,0.4688,4,-1,-1
908,300,521.02,398.09,59.27,20.78,0.2598,4,-1,-1
908,230,319.02,382.19,44.70,22.51,0.6851,4,-1,-1
908,298,356.79,439.91,67.08,40.16,0.8376,5,-1,-1
909,93,774.13,758.51,29.14,60.54,0.7349,1,-1,-1
909,280,455.56,430.16,127.67,69.22,0.8715,9,-1,-1
909,285,1167.92,392.80,72.58,32.36,0.7146,4,-1,-1
909,278,1627.40,451.31,128.36,50.73,0.8510,4,-1,-1
909,287,519.01,396.42,40.96,19.67,0.5467,4,-1,-1
909,288,162.61,341.81,25.71,13.78,0.3242,4,-1,-1
909,292,975.87,362.40,61.20,28.62,0.4912,4,-1,-1
909,293,255.52,412.69,53.14,30.68,0.7606,5,-1,-1
909,296,1116.37,479.68,73.09,30.45,0.8228,4,-1,-1
909,230,315.47,381.32,44.26,22.41,0.6575,4,-1,-1
909,298,358.27,440.59,66.65,40.12,0.8344,5,-1,-1
910,93,771.75,759.49,29.42,60.19,0.7698,1,-1,-1
910,280,459.24,431.27,127.16,69.00,0.8984,9,-1,-1
910,285,1185.28,395.85,69.98,31.17,0.3090,4,-1,-1
910,278,1650.39,454.55,129.32,50.93,0.8289,4,-1,-1
910,287,518.95,396.45,40.91,19.87,0.4446,4,-1,-1
910,288,158.13,341.72,26.18,13.80,0.4737,4,-1,-1
910,292,984.72,365.52,57.86,26.78,0.4961,4,-1,-1
910,293,257.06,413.00,54.49,31.40,0.7969,5,-1,-1
910,296,1108.36,478.83,72.84,30.39,0.8239,4,-1,-1
910,230,310.91,379.64,44.73,22.92,0.7050,4,-1,-1
910,298,361.32,441.33,65.17,39.29,0.8081,5,-1,-1
911,93,770.18,760.67,29.88,59.90,0.7739,1,-1,-1
911,280,462.30,432.22,126.35,68.54,0.8911,9,-1,-1
911,285,1193.90,395.78,73.25,32.64,0.5244,4,-1,-1
911,278,1662.74,455.95,139.18,55.12,0.8117,4,-1,-1
911,287,518.88,396.46,40.98,20.10,0.4158,4,-1,-1
911,288,155.30,341.64,26.81,13.88,0.4844,4,-1,-1
911,292,989.06,366.30,58.06,26.72,0.5823,4,-1,-1
911,293,257.95,412.59,55.45,31.99,0.7931,5,-1,-1
911,296,1102.35,477.93,73.44,30.67,0.8205,4,-1,-1
911,230,308.77,378.81,44.53,23.22,0.6160,4,-1,-1
911,298,363.16,442.05,64.33,38.81,0.8069,5,-1,-1
912,93,769.59,762.19,30.09,59.25,0.7318,1,-1,-1
912,280,465.43,432.52,127.79,69.33,0.8848,9,-1,-1
912,285,1206.14,397.45,76.00,33.91,0.4815,4,-1,-1
912,278,1685.18,459.22,137.76,54.52,0.8245,4,-1,-1
912,287,518.06,396.65,42.20,20.86,0.3594,4,-1,-1
912,288,152.88,340.93,24.97,12.73,0.4187,4,-1,-1
912,292,994.40,366.21,60.59,27.94,0.4388,4,-1,-1
912,293,261.33,413.87,53.58,30.88,0.7944,5,-1,-1
912,296,1095.44,477.13,72.70,30.42,0.8038,4,-1,-1
912,230,303.91,378.05,44.78,23.56,0.6086,4,-1,-1
912,298,365.33,442.86,63.52,38.33,0.8164,5,-1,-1
913,93,769.00,763.66,30.32,58.68,0.7318,1,-1,-1
913,280,468.66,434.03,126.89,68.68,0.8766,9,-1,-1
913,285,1214.06,398.00,79.91,35.93,0.5302,4,-1,-1
913,278,1701.49,462.43,136.81,54.03,0.8176,4,-1,-1
913,287,517.94,396.98,42.17,20.95,0.4054,4,-1,-1
913,288,151.29,340.61,25.20,12.59,0.4815,4,-1,-1
913,292,997.61,366.03,61.90,28.54,0.5000,4,-1,-1
913,293,264.06,415.03,51.21,29.32,0.7773,5,-1,-1
913,296,1091.31,476.90,71.84,30.13,0.7556,4,-1,-1
913,230,301.70,377.76,44.40,23.54,0.5380,4,-1,-1
913,298,366.92,443.34,63.06,38.01,0.8333,5,-1,-1
914,93,767.31,764.40,30.64,58.84,0.7098,1,-1,-1
914,280,471.71,435.05,126.87,68.54,0.8758,9,-1,-1
914,285,1226.83,399.71,78.57,35.47,0.3666,4,-1,-1
914,278,1723.15,464.50,139.32,54.99,0.8289,4,-1,-1
914,287,517.89,396.93,41.08,20.50,0.3868,4,-1,-1
914,288,148.80,339.86,25.80,12.74,0.4054,4,-1,-1
914,292,1004.07,366.55,61.40,28.46,0.3702,5,-1,-1
914,293,265.77,415.25,50.36,28.62,0.7326,5,-1,-1
914,296,1084.61,476.41,70.07,29.29,0.7556,4,-1,-1
914,230,296.50,377.24,43.84,23.15,0.6039,5,-1,-1
914,298,369.02,444.02,63.42,38.22,0.7982,5,-1,-1
915,93,765.18,765.16,31.17,60.03,0.6766,1,-1,-1
915,280,475.81,436.36,126.51,68.12,0.8606,9,-1,-1
915,285,1244.62,403.07,75.28,33.67,0.7786,4,-1,-1
915,278,1748.72,468.13,138.02,54.20,0.8129,4,-1,-1
915,287,518.70,397.59,38.88,19.38,0.3337,4,-1,-1
915,288,144.90,339.37,27.04,13.26,0.5955,4,-1,-1
915,292,1011.87,367.42,63.63,29.43,0.6307,4,-1,-1
915,293,268.11,415.58,49.96,28.37,0.6826,5,-1,-1
915,296,1076.61,475.28,70.20,29.39,0.7318,4,-1,-1
915,230,293.06,376.83,43.32,22.93,0.4378,5,-1,-1
915,298,370.85,444.63,63.82,38.49,0.8081,5,-1,-1
916,93,762.92,765.37,30.54,59.40,0.6740,1,-1,-1
916,280,480.10,437.94,124.86,66.88,0.8615,9,-1,-1
916,285,1254.57,403.49,78.01,34.83,0.7520,4,-1,-1
916,278,1765.40,470.22,143.63,56.42,0.8117,4,-1,-1
916,287,519.62,398.16,37.70,18.63,0.4668,4,-1,-1
916,288,142.80,339.37,26.16,12.68,0.5029,4,-1,-1
916,292,1015.76,368.24,64.79,29.95,0.5574,4,-1,-1
916,293,269.80,416.15,49.34,27.92,0.4941,5,-1,-1
916,296,1072.75,474.59,70.30,29.71,0.7162,4,-1,-1
916,230,290.29,376.01,43.61,23.20,0.4158,4,-1,-1
916,298,371.60,444.98,64.27,38.83,0.7535,5,-1,-1
917,93,759.96,765.75,30.40,60.48,0.6723,1,-1,-1
917,280,483.01,438.61,125.77,67.24,0.8520,9,-1,-1
917,285,1268.52,404.98,81.48,36.51,0.6960,4,-1,-1
917,278,1780.31,473.47,149.71,59.77,0.8210,4,-1,-1
917,287,519.74,397.91,36.09,17.67,0.4698,4,-1,-1
917,288,141.14,339.50,26.67,12.79,0.5879,4,-1,-1
917,292,1022.59,369.21,65.64,30.42,0.6918,4,-1,-1
917,293,272.50,416.82,47.63,26.88,0.5631,4,-1,-1
917,296,1065.06,472.58,71.81,30.75,0.6663,4,-1,-1
917,230,287.09,375.42,43.25,23.09,0.4610,5,-1,-1
917,298,372.79,445.14,65.38,39.61,0.6531,5,-1,-1
918,93,758.05,765.77,29.97,61.13,0.6370,1,-1,-1
918,280,484.80,438.87,126.88,67.71,0.8597,9,-1,-1
918,285,1277.93,405.44,81.96,36.67,0.7233,4,-1,-1
918,278,1792.24,475.58,147.93,60.37,0.7341,4,-1,-1
918,287,519.35,397.89,36.44,17.72,0.4475,4,-1,-1
918,288,140.07,338.91,27.28,13.11,0.4971,4,-1,-1
918,292,1028.16,370.08,65.01,30.12,0.7178,4,-1,-1
918,293,273.47,417.09,48.16,27.26,0.5380,4,-1,-1
918,296,1057.71,471.83,72.51,31.20,0.6993,4,-1,-1
918,230,285.63,375.04,42.21,22.53,0.3998,5,-1,-1
918,298,373.66,445.63,65.35,39.57,0.5832,5,-1,-1
919,93,756.35,766.71,29.03,60.77,0.6575,1,-1,-1
919,280,488.34,439.11,127.74,68.02,0.8333,9,-1,-1
919,285,1291.31,407.39,85.46,38.52,0.6086,4,-1,-1
919,278,1807.55,478.68,141.46,59.90,0.5506,4,-1,-1
919,287,519.62,398.26,37.51,18.04,0.3648,4,-1,-1
919,288,139.80,338.82,25.88,12.64,0.4990,4,-1,-1
919,292,1034.72,371.00,67.04,31.29,0.7303,4,-1,-1
919,293,280.06,418.41,45.19,25.69,0.3416,4,-1,-1
919,296,1049.87,470.39,72.84,31.46,0.7264,4,-1,-1
919,230,282.38,374.24,41.55,22.20,0.4036,5,-1,-1
919,298,375.56,446.05,65.30,39.57,0.7326,5,-1,-1
920,93,754.37,767.54,28.45,60.69,0.6715,1,-1,-1
920,280,491.24,439.67,129.88,69.05,0.8606,9,-1,-1
920,285,1308.74,409.39,84.80,38.29,0.6654,4,-1,-1
920,287,518.76,398.64,39.47,18.96,0.3208,4,-1,-1
920,288,138.51,338.91,24.08,11.99,0.1962,4,-1,-1
920,292,1042.91,372.42,67.91,31.72,0.6984,4,-1,-1
920,293,284.79,418.72,42.29,23.75,0.1290,4,-1,-1
920,296,1044.29,472.04,67.55,28.98,0.6976,4,-1,-1
920,230,278.71,373.76,41.34,22.11,0.3886,5,-1,-1
920,298,376.81,446.30,65.69,39.88,0.7691,5,-1,-1
921,93,752.63,767.57,28.28,61.28,0.6715,1,-1,-1
921,280,492.67,440.41,131.51,69.83,0.8808,9,-1,-1
921,285,1319.85,410.28,86.53,39.20,0.6671,4,-1,-1
921,287,518.22,398.89,40.05,19.22,0.2942,4,-1,-1
921,288,134.41,338.20,24.96,12.36,0.4017,4,-1,-1
921,292,1048.77,373.25,68.06,31.87,0.7256,4,-1,-1
921,293,284.81,419.38,45.62,25.30,0.1451,4,-1,-1
921,296,1037.07,470.33,69.94,30.03,0.6706,4,-1,-1
921,230,275.75,373.28,41.94,22.52,0.5898,4,-1,-1
921,298,378.38,446.99,64.93,39.48,0.7691,5,-1,-1
921,309,1220.87,476.11,81.63,31.75,0.5823,4,-1,-1
922,93,750.18,769.02,28.32,61.47,0.6558,1,-1,-1
922,280,496.34,441.81,131.75,69.85,0.8715,9,-1,-1
922,285,1337.37,413.70,85.76,38.83,0.5224,4,-1,-1
922,287,516.76,399.15,41.63,20.20,0.2524,4,-1,-1
922,288,132.91,337.85,24.91,12.36,0.4388,4,-1,-1
922,292,1055.62,373.96,69.42,32.58,0.7178,4,-1,-1
922,293,285.50,419.92,46.27,25.40,0.1041,4,-1,-1
922,296,1031.87,470.41,66.46,28.45,0.5166,4,-1,-1
922,230,273.11,373.09,40.65,21.86,0.4746,5,-1,-1
922,298,379.78,447.16,64.53,39.47,0.8322,5,-1,-1
922,309,1213.85,476.25,79.57,30.99,0.6142,4,-1,-1
923,93,747.92,770.92,28.17,60.27,0.6732,1,-1,-1
923,280,498.76,442.62,131.83,69.76,0.8775,9,-1,-1
923,285,1348.00,414.49,87.77,39.71,0.4102,4,-1,-1
923,287,515.62,399.06,41.40,20.30,0.2713,4,-1,-1
923,288,131.37,337.30,24.89,12.33,0.4552,4,-1,-1
923,292,1060.73,375.06,69.76,32.91,0.7542,4,-1,-1
923,293,280.45,419.39,59.19,33.05,0.2140,5,-1,-1
923,296,1026.24,469.61,64.56,27.90,0.5117,4,-1,-1
923,230,270.39,372.34,41.25,22.19,0.4961,5,-1,-1
923,298,380.93,447.62,63.91,39.30,0.8300,5,-1,-1
923,309,1209.38,476.96,76.03,29.65,0.6123,4,-1,-1
924,93,745.31,771.54,28.98,60.58,0.7571,1,-1,-1
924,280,503.07,443.48,131.25,69.27,0.8800,9,-1,-1
924,287,515.89,399.29,40.51,19.98,0.2524,4,-1,-1
924,288,129.73,336.96,24.76,12.27,0.4893,4,-1,-1
924,292,1067.88,376.29,69.64,32.80,0.7074,4,-1,-1
924,293,283.32,420.62,58.51,32.78,0.2697,4,-1,-1
924,296,1016.69,469.22,64.18,27.82,0.5283,4,-1,-1
924,230,266.66,371.41,41.75,22.60,0.6451,4,-1,-1
924,298,382.79,448.21,65.15,40.19,0.8366,5,-1,-1
924,309,1200.92,476.89,73.46,28.64,0.6766,4,-1,-1
925,93,742.69,772.28,29.95,60.79,0.7162,1,-1,-1
925,280,505.84,444.34,132.86,70.07,0.8715,9,-1,-1
925,287,518.93,399.51,38.17,18.46,0.3803,4,-1,-1
925,288,128.70,335.93,25.02,12.64,0.5438,4,-1,-1
925,292,1078.09,378.41,67.44,31.68,0.5936,4,-1,-1
925,293,284.50,421.17,61.34,34.69,0.5756,5,-1,-1
925,296,1007.93,468.56,65.66,28.64,0.6732,4,-1,-1
925,230,263.04,370.53,41.97,22.86,0.6851,4,-1,-1
925,298,384.47,448.89,65.10,40.32,0.8366,5,-1,-1
925,309,1192.31,476.80,70.64,27.53,0.6766,4,-1,-1
926,93,740.61,772.85,31.16,61.45,0.7178,1,-1,-1
926,280,509.07,444.88,133.23,70.12,0.8880,9,-1,-1
926,287,519.05,399.36,38.59,18.40,0.5127,4,-1,-1
926,288,127.44,335.15,25.11,12.95,0.5185,4,-1,-1
926,292,1083.52,378.87,67.95,31.84,0.5955,4,-1,-1
926,293,285.09,421.43,62.94,35.92,0.6406,5,-1,-1
926,296,1004.77,468.16,66.03,29.02,0.6397,4,-1,-1
926,230,261.17,370.02,41.94,23.02,0.6984,4,-1,-1
926,298,386.66,449.18,65.76,40.75,0.8376,5,-1,-1
926,309,1187.49,477.36,66.51,25.81,0.6901,4,-1,-1
927,93,738.14,773.91,32.78,62.64,0.7599,1,-1,-1
927,280,513.14,445.70,133.53,70.03,0.8895,9,-1,-1
927,287,517.39,398.74,38.88,18.46,0.5156,4,-1,-1
927,288,126.98,335.14,23.66,12.39,0.5156,4,-1,-1
927,292,1090.86,379.75,70.34,32.95,0.7233,4,-1,-1
927,293,285.97,421.91,64.09,36.79,0.5908,5,-1,-1
927,296,1000.99,465.06,69.58,31.13,0.4902,4,-1,-1
927,230,258.17,369.19,41.72,23.01,0.6834,4,-1,-1
927,298,389.54,449.55,66.36,41.08,0.8333,5,-1,-1
927,309,1178.87,476.10,66.26,25.65,0.7066,4,-1,-1
928,93,736.33,774.47,34.04,63.13,0.7556,1,-1,-1
928,280,515.88,446.17,134.63,70.38,0.8880,9,-1,-1
928,287,517.07,398.96,38.63,18.22,0.5554,4,-1,-1
928,288,126.78,335.40,22.27,11.85,0.5224,4,-1,-1
928,292,1097.73,381.29,68.97,32.11,0.6943,4,-1,-1
928,293,287.21,422.35,64.01,36.86,0.4571,5,-1,-1
928,296,997.05,464.47,68.60,30.90,0.5823,4,-1,-1
928,230,255.38,368.70,41.64,23.05,0.6885,4,-1,-1
928,298,391.35,450.00,66.52,41.10,0.7621,5,-1,-1
928,309,1174.05,476.02,64.13,24.66,0.7050,4,-1,-1
928,311,482.46,409.64,40.86,23.54,0.5419,4,-1,-1
928,312,1641.94,561.89,46.11,23.63,0.6270,10,-1,-1
928,313,363.76,374.83,34.52,18.34,0.4776,4,-1,-1
928,285,1426.26,428.17,81.64,36.34,0.6243,4,-1,-1
929,93,734.92,775.08,34.99,63.16,0.7439,1,-1,-1
929,280,518.63,446.17,137.97,72.09,0.8872,9,-1,-1
929,287,516.49,398.65,38.79,18.21,0.5205,4,-1,-1
929,288,126.21,336.13,20.15,10.84,0.4426,4,-1,-1
929,292,1106.00,382.31,69.30,32.27,0.7058,4,-1,-1
929,293,289.60,422.85,63.77,36.84,0.4282,5,-1,-1
929,296,988.00,460.69,73.85,33.83,0.4630,4,-1,-1
929,230,252.50,367.93,41.54,23.19,0.7642,4,-1,-1
929,298,393.38,450.50,66.72,41.23,0.8056,5,-1,-1
929,309,1164.34,474.19,66.26,25.48,0.7130,4,-1,-1
929,311,473.91,408.29,42.43,24.35,0.2444,5,-1,-1
929,313,363.50,374.68,34.76,18.46,0.4815,4,-1,-1
929,285,1443.05,429.44,88.22,39.10,0.6549,4,-1,-1
930,93,733.79,776.94,34.97,61.88,0.7860,1,-1,-1
930,280,520.57,446.60,139.86,73.26,0.8903,9,-1,-1
930,287,516.05,398.68,39.23,18.40,0.4854,4,-1,-1
930,288,126.24,336.68,18.42,10.13,0.3082,4,-1,-1
930,292,1114.09,383.58,70.16,32.57,0.6689,4,-1,-1
930,293,293.76,423.78,62.50,36.32,0.3124,4,-1,-1
930,296,983.70,463.51,66.91,30.38,0.5851,4,-1,-1
930,230,249.08,367.23,41.56,23.36,0.6105,4,-1,-1
930,298,395.75,451.04,65.98,40.68,0.8105,5,-1,-1
930,309,1155.94,473.98,64.82,24.75,0.7417,4,-1,-1
930,311,466.93,406.63,45.26,25.85,0.4727,4,-1,-1
930,313,363.77,375.07,33.99,18.03,0.3979,4,-1,-1
930,285,1460.50,430.27,94.88,42.27,0.5039,4,-1,-1
930,314,758.06,344.01,52.65,22.54,0.6086,4,-1,-1
931,93,732.97,777.00,35.49,62.09,0.7860,1,-1,-1
931,280,522.35,447.14,140.90,74.07,0.8903,9,-1,-1
931,287,515.34,398.62,39.52,18.54,0.4717,4,-1,-1
931,292,1120.46,384.38,70.62,32.69,0.5554,4,-1,-1
931,293,296.61,424.39,61.70,36.19,0.5458,4,-1,-1
931,296,979.77,464.88,63.30,28.45,0.6602,4,-1,-1
931,230,246.93,366.74,40.68,22.99,0.6160,4,-1,-1
931,298,397.12,451.18,66.42,40.88,0.7918,5,-1,-1
931,309,1150.02,473.82,63.67,24.20,0.7578,4,-1,-1
931,311,463.59,406.51,45.84,25.98,0.5993,4,-1,-1
931,313,361.86,374.40,35.88,19.02,0.3594,5,-1,-1
931,285,1474.76,431.80,95.15,42.44,0.3775,4,-1,-1
931,314,762.73,344.81,50.67,21.67,0.5593,4,-1,-1
931,315,1601.42,555.52,41.25,24.40,0.6868,10,-1,-1
932,93,731.01,776.02,35.85,62.88,0.7599,1,-1,-1
932,280,525.56,447.82,140.09,73.79,0.8824,9,-1,-1
932,287,515.09,398.63,39.36,18.46,0.4922,4,-1,-1
932,292,1128.53,384.94,72.38,33.46,0.7280,4,-1,-1
932,293,299.32,424.49,61.85,36.63,0.4321,4,-1,-1
932,296,971.88,464.06,63.16,28.31,0.6680,4,-1,-1
932,230,244.24,366.26,39.33,22.29,0.6558,4,-1,-1
932,298,398.73,451.69,66.82,41.14,0.8007,5,-1,-1
932,309,1140.12,471.72,66.91,25.54,0.7334,4,-1,-1
932,311,461.07,406.72,44.19,24.63,0.5127,4,-1,-1
932,313,361.39,374.34,36.10,19.11,0.3486,5,-1,-1
932,285,1494.07,434.68,92.56,41.00,0.2227,4,-1,-1
932,314,768.41,345.17,51.80,22.12,0.5351,4,-1,-1
933,93,729.56,775.38,35.96,63.44,0.7394,1,-1,-1
933,280,528.16,448.20,140.02,73.95,0.8775,9,-1,-1
933,287,515.47,398.25,39.52,18.49,0.5000,4,-1,-1
933,292,1135.38,385.96,71.75,33.08,0.7387,4,-1,-1
933,293,301.52,424.68,61.60,36.83,0.5361,4,-1,-1
933,296,966.77,463.86,62.08,27.74,0.6540,4,-1,-1
933,230,242.51,365.74,38.83,22.05,0.6433,4,-1,-1
933,298,399.61,451.68,68.49,42.35,0.7994,5,-1,-1
933,309,1133.90,470.80,67.52,25.81,0.7698,4,-1,-1
933,311,455.48,406.89,43.79,24.00,0.5823,4,-1,-1
933,313,361.42,374.43,35.87,18.94,0.3416,5,-1,-1
933,285,1508.20,437.28,90.88,39.83,0.2200,4,-1,-1
933,314,772.42,346.26,52.26,22.25,0.3821,4,-1,-1
934,93,727.49,775.77,35.35,63.06,0.7033,1,-1,-1
934,280,533.01,448.67,140.59,74.31,0.8824,9,-1,-1
934,287,515.39,398.84,39.30,18.38,0.4932,4,-1,-1
934,292,1143.89,387.33,71.83,33.10,0.7287,4,-1,-1
934,293,304.54,425.46,61.06,36.73,0.5784,4,-1,-1
934,296,960.41,463.92,59.67,26.60,0.7241,4,-1,-1
934,230,240.11,365.20,38.59,21.94,0.6049,4,-1,-1
934,298,401.89,452.27,68.67,42.55,0.6531,5,-1,-1
934,309,1126.91,470.09,66.30,25.31,0.7840,4,-1,-1
934,311,449.88,406.00,45.86,24.79,0.4727,4,-1,-1
934,313,361.60,374.59,35.49,18.67,0.3124,5,-1,-1
934,285,1525.54,437.26,97.22,42.70,0.5273,4,-1,-1
934,314,778.33,347.68,51.34,21.87,0.3739,4,-1,-1
935,93,724.94,775.64,34.92,63.52,0.6307,1,-1,-1
935,280,537.34,449.01,142.25,75.39,0.8880,9,-1,-1
935,287,515.19,398.96,39.25,18.36,0.4961,4,-1,-1
935,292,1154.04,388.94,71.57,32.96,0.7334,4,-1,-1
935,293,307.28,425.78,61.61,37.48,0.4668,4,-1,-1
935,296,952.14,463.11,60.26,26.92,0.7409,4,-1,-1
935,230,237.57,364.31,37.66,21.37,0.5689,4,-1,-1
935,298,404.79,452.75,68.12,42.21,0.6706,5,-1,-1
935,309,1117.70,468.19,66.55,25.47,0.7379,4,-1,-1
935,311,445.17,404.53,47.09,25.25,0.4092,4,-1,-1
935,313,361.79,374.72,35.21,18.43,0.2783,5,-1,-1
935,285,1545.08,439.65,98.98,43.40,0.6514,4,-1,-1
935,314,785.61,349.39,49.43,20.97,0.3294,4,-1,-1
936,93,723.13,776.19,34.41,64.03,0.6343,1,-1,-1
936,280,541.26,449.76,141.74,75.24,0.8984,9,-1,-1
936,287,514.92,399.05,39.13,18.30,0.4824,4,-1,-1
936,292,1159.84,389.68,73.30,33.76,0.7217,4,-1,-1
936,293,308.92,425.89,61.01,37.29,0.5794,5,-1,-1
936,296,947.00,462.48,60.39,27.03,0.7807,4,-1,-1
936,230,235.94,364.05,36.79,20.78,0.6522,4,-1,-1
936,298,406.98,452.92,67.78,42.04,0.7138,5,-1,-1
936,309,1110.83,466.75,68.26,26.21,0.7334,4,-1,-1
936,311,441.26,403.40,46.99,25.09,0.3785,4,-1,-1
936,313,362.29,374.88,34.89,18.17,0.3090,5,-1,-1
936,285,1561.34,442.43,98.37,43.03,0.5574,4,-1,-1
936,314,790.13,349.79,49.45,20.83,0.4282,4,-1,-1
936,317,1533.61,544.64,45.52,26.27,0.5870,10,-1,-1
937,93,720.94,776.30,34.37,65.18,0.6645,1,-1,-1
937,280,545.56,450.36,142.57,75.74,0.9073,9,-1,-1
937,287,514.49,398.86,39.92,18.77,0.4707,4,-1,-1
937,292,1168.39,390.98,74.59,34.29,0.6602,4,-1,-1
937,293,310.76,426.09,61.21,37.54,0.5603,5,-1,-1
937,296,942.37,461.82,60.28,26.84,0.7886,4,-1,-1
937,230,232.28,363.07,37.82,21.38,0.6663,4,-1,-1
937,298,408.84,453.06,67.93,42.13,0.6298,5,-1,-1
937,309,1103.94,465.33,68.00,26.17,0.7535,4,-1,-1
937,311,442.13,402.75,46.69,25.20,0.3923,4,-1,-1
937,313,363.13,375.03,34.09,17.66,0.3124,4,-1,-1
937,285,1580.53,444.08,100.27,43.90,0.5554,4,-1,-1
937,314,793.58,350.35,54.27,22.91,0.3785,4,-1,-1
938,93,719.74,775.43,34.41,67.04,0.6984,1,-1,-1
938,280,548.13,450.23,144.07,76.66,0.8991,9,-1,-1
938,287,514.67,398.88,39.38,18.58,0.4766,4,-1,-1
938,292,1173.83,391.56,76.69,35.23,0.6011,4,-1,-1
938,293,311.89,426.57,61.10,37.45,0.6689,5,-1,-1
938,296,939.03,461.40,60.26,26.60,0.7860,4,-1,-1
938,230,230.64,362.57,37.97,21.51,0.6522,4,-1,-1
938,298,410.06,453.24,67.86,42.09,0.7233,5,-1,-1
938,309,1097.97,464.46,68.18,26.29,0.7387,4,-1,-1
938,311,437.42,402.78,47.07,25.15,0.4465,4,-1,-1
938,313,363.08,375.33,33.93,17.40,0.2975,5,-1,-1
938,285,1595.22,446.10,100.86,43.99,0.6843,4,-1,-1
938,314,798.44,350.25,53.20,22.39,0.2983,4,-1,-1
939,93,719.07,775.87,33.58,67.01,0.6663,1,-1,-1
939,280,551.68,450.69,144.78,77.11,0.8758,9,-1,-1
939,287,514.37,398.91,40.46,19.21,0.4698,4,-1,-1
939,292,1183.15,392.61,77.91,35.82,0.2539,4,-1,-1
939,293,313.79,426.91,61.43,37.52,0.5293,5,-1,-1
939,296,933.15,460.85,60.05,26.28,0.7698,4,-1,-1
939,230,227.75,361.63,37.65,21.35,0.4340,5,-1,-1
939,298,412.77,453.75,67.83,42.10,0.7447,5,-1,-1
939,309,1091.69,463.84,67.52,26.18,0.7202,4,-1,-1
939,311,433.83,402.29,46.66,25.09,0.2193,4,-1,-1
939,313,363.26,375.41,34.02,17.36,0.3115,4,-1,-1
939,285,1618.33,450.59,98.23,42.39,0.7341,4,-1,-1
939,314,804.42,350.36,54.58,22.98,0.4941,4,-1,-1
940,93,717.78,775.58,33.33,67.82,0.6680,1,-1,-1
940,280,555.68,451.32,145.65,77.58,0.8895,9,-1,-1
940,287,514.39,398.96,40.98,19.58,0.4591,4,-1,-1
940,292,1193.13,393.36,79.26,36.59,0.5322,4,-1,-1
940,293,315.07,427.81,62.16,37.60,0.4600,4,-1,-1
940,296,925.74,459.75,61.57,26.81,0.8026,4,-1,-1
940,230,224.82,360.79,37.63,21.45,0.6030,4,-1,-1
940,298,415.41,454.52,67.85,42.07,0.7549,5,-1,-1
940,309,1077.31,461.55,72.02,27.96,0.6460,4,-1,-1
940,311,431.84,402.81,45.12,24.55,0.3107,4,-1,-1
940,313,363.30,375.50,34.18,17.36,0.2991,4,-1,-1
940,285,1639.11,452.09,103.54,44.64,0.7918,4,-1,-1
940,314,810.43,350.33,56.97,24.07,0.5708,4,-1,-1
940,319,312.70,427.83,64.87,37.72,0.4707,5,-1,-1
941,93,717.28,776.56,32.34,66.72,0.6645,1,-1,-1
941,280,559.77,452.35,144.46,76.94,0.8926,9,-1,-1
941,287,514.76,399.10,40.67,19.55,0.4446,4,-1,-1
941,292,1200.20,393.82,80.37,37.18,0.7241,4,-1,-1
941,296,920.15,459.00,63.03,27.38,0.8013,4,-1,-1
941,230,222.98,360.53,36.79,20.94,0.6918,4,-1,-1
941,298,417.23,454.85,68.48,42.47,0.7491,5,-1,-1
941,309,1067.49,458.88,76.67,30.04,0.6531,4,-1,-1
941,311,430.00,402.24,44.59,24.76,0.2886,4,-1,-1
941,313,362.75,375.62,34.95,17.74,0.2854,5,-1,-1
941,285,1654.63,453.22,107.45,46.45,0.8007,4,-1,-1
941,314,815.45,351.17,58.11,24.65,0.6049,4,-1,-1
942,93,714.99,777.44,32.57,67.20,0.7484,1,-1,-1
942,280,564.62,453.99,144.17,76.78,0.8824,9,-1,-1
942,287,515.19,399.15,40.42,19.56,0.4244,4,-1,-1
942,292,1211.52,395.59,77.97,35.92,0.7571,4,-1,-1
942,296,913.72,458.29,63.02,27.28,0.7725,4,-1,-1
942,230,220.40,359.75,37.14,21.12,0.7066,4,-1,-1
942,298,418.85,455.14,69.34,43.17,0.6514,5,-1,-1
942,309,1059.97,456.50,79.93,31.92,0.6671,4,-1,-1
942,311,425.40,401.56,43.79,24.64,0.4111,4,-1,-1
942,313,363.12,375.73,34.83,17.63,0.3007,5,-1,-1
942,285,1672.46,454.11,113.40,49.35,0.8044,4,-1,-1
942,314,820.62,352.53,59.43,25.32,0.3294,4,-1,-1
942,293,319.38,428.47,63.63,38.24,0.6567,5,-1,-1
943,93,714.03,778.47,32.46,66.71,0.7556,1,-1,-1
943,280,567.43,454.48,144.39,76.83,0.8741,9,-1,-1
943,287,515.39,399.02,39.71,19.31,0.4407,4,-1,-1
943,292,1218.05,396.49,78.77,36.25,0.6234,4,-1,-1
943,296,909.24,457.59,63.52,27.52,0.7556,4,-1,-1
943,230,218.33,358.85,37.66,21.46,0.7114,4,-1,-1
943,298,419.94,455.45,69.28,43.23,0.6893,5,-1,-1
943,309,1057.31,456.02,78.28,31.88,0.6584,4,-1,-1
943,311,424.21,401.50,42.81,24.49,0.2018,4,-1,-1
943,313,363.20,375.83,35.00,17.67,0.3363,5,-1,-1
943,285,1689.86,456.24,111.57,48.76,0.7840,4,-1,-1
943,314,825.31,353.57,58.50,24.93,0.3398,4,-1,-1
943,293,322.39,428.93,63.74,38.33,0.7295,5,-1,-1
944,93,712.80,779.89,32.47,66.28,0.7272,1,-1,-1
944,280,572.47,455.63,144.37,76.72,0.8652,9,-1,-1
944,287,514.96,398.96,40.64,19.90,0.4591,4,-1,-1
944,292,1227.88,397.36,79.98,36.81,0.5879,4,-1,-1
944,296,902.69,457.01,63.16,27.25,0.7210,4,-1,-1
944,230,216.19,358.19,37.70,21.58,0.6697,4,-1,-1
944,298,421.87,455.83,68.66,42.94,0.6758,5,-1,-1
944,309,1052.97,456.43,73.44,30.22,0.7272,4,-1,-1
944,311,411.57,401.33,44.91,25.22,0.3998,4,-1,-1
944,313,362.41,375.76,35.99,18.16,0.3576,5,-1,-1
944,285,1712.21,459.99,113.15,49.53,0.7982,4,-1,-1
944,314,832.22,355.19,56.50,24.02,0.1442,4,-1,-1
944,293,326.24,429.41,63.34,38.05,0.7025,5,-1,-1
945,93,711.32,780.50,32.62,65.96,0.7042,1,-1,-1
945,280,577.24,456.92,145.25,77.08,0.8679,9,-1,-1
945,287,515.67,398.97,40.05,19.70,0.4026,4,-1,-1
945,292,1239.42,399.02,79.57,36.57,0.7944,4,-1,-1
945,296,895.49,455.75,63.56,27.28,0.7098,4,-1,-1
945,230,213.62,357.45,37.24,21.44,0.7033,4,-1,-1
945,298,424.98,455.96,68.96,43.27,0.7280,5,-1,-1
945,309,1048.22,457.35,67.39,27.71,0.7364,4,-1,-1
945,313,362.27,375.89,36.15,18.21,0.3594,5,-1,-1
945,285,1738.68,463.34,112.32,49.08,0.7944,4,-1,-1
945,314,838.54,355.97,56.85,24.09,0.3416,4,-1,-1
945,293,330.75,429.95,62.81,37.77,0.5564,5,-1,-1
945,320,713.49,336.01,48.66,21.13,0.4630,4,-1,-1
946,93,710.74,782.04,32.48,65.07,0.7025,1,-1,-1
946,280,580.53,457.84,144.86,76.69,0.8800,9,-1,-1
946,287,516.06,398.81,41.03,20.21,0.3961,4,-1,-1
946,292,1247.04,400.06,79.90,36.54,0.7326,4,-1,-1
946,296,890.37,454.95,63.60,27.15,0.6680,4,-1,-1
946,230,210.91,356.34,37.87,21.95,0.7454,4,-1,-1
946,298,426.63,456.08,69.08,43.44,0.6478,5,-1,-1
946,309,1044.19,457.66,63.68,26.07,0.7454,4,-1,-1
946,313,362.05,375.68,36.92,18.58,0.3504,5,-1,-1
946,285,1755.92,464.82,113.69,49.57,0.7705,4,-1,-1
946,314,844.14,356.69,57.05,24.14,0.1974,4,-1,-1
946,293,332.91,430.34,62.80,37.84,0.4054,5,-1,-1
946,320,716.83,336.40,49.21,21.34,0.4630,4,-1,-1
947,93,709.40,783.26,32.00,64.02,0.6935,1,-1,-1
947,280,584.70,458.95,145.32,76.82,0.8808,9,-1,-1
947,287,515.59,398.81,42.23,20.91,0.3766,4,-1,-1
947,292,1256.70,401.49,81.61,37.21,0.8075,4,-1,-1
947,296,881.26,452.59,67.29,28.73,0.6415,4,-1,-1
947,230,208.04,355.28,37.83,21.97,0.7424,4,-1,-1
947,298,428.86,456.59,69.12,43.53,0.7186,5,-1,-1
947,309,1035.39,456.44,64.38,26.25,0.4902,4,-1,-1
947,313,362.20,375.46,36.88,18.56,0.2606,4,-1,-1
947,285,1777.23,467.23,120.28,52.71,0.7866,4,-1,-1
947,314,850.08,356.38,60.85,25.95,0.2854,4,-1,-1
947,293,336.79,430.87,62.79,38.01,0.4746,5,-1,-1
947,320,722.04,336.91,50.71,21.96,0.3337,4,-1,-1
948,93,708.28,783.37,31.78,63.65,0.7050,1,-1,-1
948,280,588.45,459.42,145.97,76.97,0.8903,9,-1,-1
948,287,515.36,398.79,42.50,21.14,0.3684,4,-1,-1
948,292,1264.30,402.53,82.77,37.64,0.7976,4,-1,-1
948,296,876.17,451.38,68.83,29.48,0.6593,4,-1,-1
948,230,206.55,354.63,37.78,22.03,0.7394,4,-1,-1
948,298,430.95,456.64,69.91,44.21,0.7074,5,-1,-1
948,309,1028.47,453.55,70.28,28.80,0.5185,4,-1,-1
948,313,361.64,375.01,37.74,18.99,0.3090,5,-1,-1
948,285,1796.59,470.46,117.20,51.15,0.7264,4,-1,-1
948,314,853.21,356.36,63.58,27.36,0.5156,4,-1,-1
948,293,339.19,430.85,63.52,38.66,0.5756,5,-1,-1
948,320,724.24,336.39,53.34,23.09,0.3998,4,-1,-1
949,93,706.55,782.79,31.65,63.99,0.6935,1,-1,-1
949,280,591.97,459.95,147.07,77.47,0.8848,9,-1,-1
949,287,516.11,398.91,42.51,21.09,0.3390,4,-1,-1
949,292,1274.84,403.70,83.26,37.75,0.7937,4,-1,-1
949,296,873.13,451.11,67.50,29.16,0.6732,4,-1,-1
949,230,204.36,354.16,37.36,21.89,0.7409,4,-1,-1
949,298,434.58,457.17,69.68,44.45,0.7592,5,-1,-1
949,309,1025.52,453.14,69.99,28.75,0.5554,4,-1,-1
949,313,362.05,375.50,36.68,18.39,0.3720,5,-1,-1
949,285,1815.18,473.66,115.23,51.14,0.6496,4,-1,-1
949,314,861.05,356.75,61.38,26.47,0.2241,4,-1,-1
949,293,341.72,431.47,63.43,38.81,0.6549,5,-1,-1
949,320,730.02,337.57,56.37,24.43,0.3372,4,-1,-1
950,93,704.12,782.51,31.13,64.07,0.7050,1,-1,-1
950,280,596.12,460.16,149.04,78.52,0.8880,9,-1,-1
950,287,515.77,398.75,42.44,21.11,0.3460,4,-1,-1
950,292,1285.91,404.73,84.63,38.26,0.7454,4,-1,-1
950,296,868.15,448.96,69.56,30.73,0.5860,4,-1,-1
950,230,201.11,353.48,37.34,21.91,0.6851,4,-1,-1
950,298,437.57,457.81,69.57,44.61,0.7461,5,-1,-1
950,309,1017.56,452.83,67.33,28.33,0.5974,4,-1,-1
950,313,361.89,375.70,36.74,18.32,0.3346,5,-1,-1
950,285,1829.30,475.39,115.99,53.68,0.2200,4,-1,-1
950,314,867.74,356.90,62.60,27.16,0.2516,4,-1,-1
950,293,345.34,431.87,62.94,38.67,0.5964,5,-1,-1
950,320,735.97,337.83,56.46,24.50,0.6522,4,-1,-1
951,93,702.28,782.85,30.35,63.71,0.7050,1,-1,-1
951,280,599.26,460.52,150.14,79.06,0.8984,9,-1,-1
951,287,515.67,398.75,41.91,20.90,0.3612,4,-1,-1
951,292,1293.96,405.53,85.56,38.57,0.7162,4,-1,-1
951,296,865.17,447.54,68.32,30.86,0.5068,4,-1,-1
951,230,199.20,352.97,36.53,21.32,0.7210,4,-1,-1
951,298,439.66,458.18,69.35,44.68,0.7759,5,-1,-1
951,309,1013.75,452.46,65.22,28.09,0.6361,4,-1,-1
951,313,361.85,375.90,36.69,18.18,0.3363,5,-1,-1
951,314,874.31,358.39,61.25,26.57,0.2886,4,-1,-1
951,293,347.41,432.30,62.96,38.88,0.6095,5,-1,-1
951,320,740.04,338.06,56.64,24.63,0.6469,4,-1,-1
951,324,1367.08,523.18,36.95,24.52,0.6706,10,-1,-1
952,93,699.53,782.93,30.16,64.35,0.6943,1,-1,-1
952,280,604.78,461.80,149.19,78.54,0.8587,9,-1,-1
952,287,515.53,398.61,40.88,20.42,0.3812,4,-1,-1
952,292,1305.54,407.30,85.41,38.47,0.7656,4,-1,-1
952,296,856.52,446.71,70.75,32.56,0.2268,4,-1,-1
952,230,197.44,351.99,36.07,21.04,0.7753,4,-1,-1
952,298,441.46,458.82,68.64,44.23,0.8490,5,-1,-1
952,309,1003.40,450.38,68.35,29.81,0.5477,4,-1,-1
952,313,361.07,375.50,37.55,18.56,0.3242,5,-1,-1
952,314,880.85,360.44,61.80,26.81,0.4426,4,-1,-1
952,293,350.63,432.62,62.95,39.05,0.7491,5,-1,-1
952,320,745.57,338.54,57.81,25.20,0.6783,4,-1,-1
953,93,698.05,782.89,29.71,64.43,0.6758,1,-1,-1
953,280,608.81,462.53,148.94,78.25,0.8758,9,-1,-1
953,287,515.41,398.52,40.13,20.09,0.4140,4,-1,-1
953,292,1313.78,408.49,85.56,38.38,0.6860,4,-1,-1
953,296,855.78,446.97,67.00,31.38,0.1285,4,-1,-1
953,230,195.88,351.52,35.99,20.97,0.7585,4,-1,-1
953,298,442.19,458.98,68.93,44.38,0.8578,5,-1,-1
953,309,996.63,449.18,68.54,30.16,0.5823,4,-1,-1
953,313,361.40,375.37,37.22,18.35,0.3057,5,-1,-1
953,314,885.90,361.89,61.66,26.78,0.4359,4,-1,-1
953,293,352.76,433.02,62.66,38.93,0.7202,5,-1,-1
953,320,750.10,339.53,57.17,24.97,0.6663,4,-1,-1
953,326,1348.90,521.03,35.28,24.75,0.5205,10,-1,-1
954,93,696.93,782.68,29.02,63.76,0.6951,1,-1,-1
954,280,611.78,463.11,150.69,79.01,0.9040,9,-1,-1
954,287,515.92,398.55,38.50,19.20,0.4349,4,-1,-1
954,292,1324.78,409.85,86.55,38.76,0.6993,4,-1,-1
954,230,193.15,350.90,36.36,21.19,0.7066,4,-1,-1
954,298,443.69,459.52,69.05,44.38,0.8152,5,-1,-1
954,309,988.90,447.14,69.93,31.24,0.6415,4,-1,-1
954,313,361.26,375.40,37.37,18.40,0.2854,5,-1,-1
954,314,892.06,361.82,63.40,27.72,0.5651,4,-1,-1
954,293,355.42,433.06,62.47,38.95,0.5870,5,-1,-1
954,320,756.23,340.56,55.62,24.25,0.5612,4,-1,-1
954,326,1339.56,520.18,33.61,23.54,0.5699,10,-1,-1
955,93,694.96,782.52,29.22,63.87,0.7287,1,-1,-1
955,280,615.12,464.20,151.72,79.19,0.8926,9,-1,-1
955,287,516.04,398.49,37.90,18.84,0.4216,4,-1,-1
955,292,1336.85,411.27,87.73,39.19,0.7698,4,-1,-1
955,230,190.60,350.33,35.86,20.90,0.6680,4,-1,-1
955,298,446.25,460.19,69.00,44.24,0.7746,5,-1,-1
955,309,983.84,447.69,65.56,29.46,0.6689,4,-1,-1
955,313,361.19,375.31,37.42,18.51,0.2351,4,-1,-1
955,314,901.34,363.61,59.86,26.05,0.2180,4,-1,-1
955,293,358.68,434.41,62.34,38.97,0.6775,5,-1,-1
955,320,764.22,341.28,54.05,23.46,0.5185,4,-1,-1
955,326,1326.35,518.89,33.98,23.78,0.5020,10,-1,-1
956,93,693.62,781.51,30.05,65.16,0.7217,1,-1,-1
956,280,619.81,465.29,152.17,78.82,0.8895,9,-1,-1
956,287,516.30,398.40,38.23,18.91,0.4407,4,-1,-1
956,292,1344.40,411.67,89.76,40.02,0.7957,4,-1,-1
956,230,189.45,349.81,34.98,20.37,0.6558,4,-1,-1
956,298,448.67,461.06,68.56,43.86,0.8117,5,-1,-1
956,309,980.05,448.16,62.21,27.85,0.6123,4,-1,-1
956,313,361.35,375.51,37.06,18.37,0.2193,4,-1,-1
956,314,908.95,364.65,55.80,23.95,0.1629,4,-1,-1
956,293,361.25,434.72,62.82,39.49,0.6843,5,-1,-1
956,320,768.26,341.28,55.52,24.04,0.4941,4,-1,-1
956,326,1317.68,516.53,34.43,24.12,0.6860,10,-1,-1
957,93,691.53,780.64,31.11,66.46,0.7476,1,-1,-1
957,280,624.39,465.96,154.00,79.57,0.8991,9,-1,-1
957,287,516.41,398.30,38.81,19.11,0.4883,4,-1,-1
957,292,1354.39,411.95,92.98,41.58,0.7009,4,-1,-1
957,230,187.10,349.28,35.05,20.43,0.6918,4,-1,-1
957,298,451.74,461.89,68.07,43.45,0.7957,5,-1,-1
957,309,972.49,446.81,61.93,27.72,0.5784,4,-1,-1
957,313,361.69,375.57,38.37,19.11,0.2458,5,-1,-1
957,314,913.95,364.86,61.88,26.73,0.5176,4,-1,-1
957,293,364.34,435.27,62.70,39.55,0.8397,5,-1,-1
957,320,773.37,341.97,54.86,23.75,0.4785,4,-1,-1
957,326,1305.47,513.53,35.62,24.98,0.6261,10,-1,-1
958,93,690.15,780.46,31.82,66.84,0.7578,1,-1,-1
958,280,627.39,466.37,154.22,79.56,0.8911,9,-1,-1
958,287,516.05,398.60,38.75,18.98,0.5146,4,-1,-1
958,292,1362.81,412.74,93.60,41.94,0.7718,4,-1,-1
958,230,185.06,348.33,35.10,20.46,0.7194,4,-1,-1
958,298,453.55,462.41,68.04,43.30,0.7649,5,-1,-1
958,309,967.12,448.33,56.19,25.19,0.6151,4,-1,-1
958,313,361.66,376.10,39.51,19.84,0.3007,5,-1,-1
958,314,918.95,366.61,61.75,26.63,0.4766,4,-1,-1
958,293,366.67,436.09,61.70,38.93,0.7476,5,-1,-1
958,320,776.44,342.29,56.81,24.81,0.6142,4,-1,-1
958,326,1299.15,513.18,34.53,24.21,0.4678,10,-1,-1
958,311,356.88,391.71,41.46,22.89,0.4571,4,-1,-1
959,93,688.81,780.88,32.28,66.55,0.7691,1,-1,-1
959,280,632.56,466.77,155.37,80.25,0.9019,9,-1,-1
959,287,515.90,398.83,38.60,18.79,0.5156,4,-1,-1
959,292,1376.67,415.34,90.83,40.50,0.3877,4,-1,-1
959,230,182.52,347.56,34.88,20.31,0.6885,4,-1,-1
959,298,455.27,462.29,68.53,43.59,0.8300,5,-1,-1
959,309,958.69,449.42,53.41,24.20,0.7106,4,-1,-1
959,313,360.66,375.74,40.60,20.60,0.1956,5,-1,-1
959,314,927.86,368.85,59.29,25.28,0.5185,4,-1,-1
959,293,370.39,436.74,60.68,38.24,0.7217,5,-1,-1
959,320,783.91,343.68,54.84,23.80,0.5224,4,-1,-1
959,326,1288.60,511.17,34.81,24.49,0.6289,10,-1,-1
959,311,352.22,391.35,42.29,23.14,0.1380,4,-1,-1
960,93,687.29,782.02,32.29,64.86,0.7793,1,-1,-1
960,280,636.56,466.52,157.55,81.53,0.8963,9,-1,-1
960,287,515.94,398.85,38.73,18.73,0.5283,4,-1,-1
960,292,1389.70,417.10,92.28,41.02,0.6215,4,-1,-1
960,230,179.62,346.72,35.28,20.58,0.6610,4,-1,-1
960,298,457.35,462.44,70.12,44.55,0.8724,5,-1,-1
960,309,952.43,449.02,53.31,24.15,0.7879,4,-1,-1
960,313,362.28,375.66,37.27,18.86,0.2288,5,-1,-1
960,314,936.91,369.34,58.04,24.54,0.5974,4,-1,-1
960,293,373.54,437.42,61.31,38.57,0.8278,5,-1,-1
960,320,790.51,344.04,56.33,24.43,0.5794,4,-1,-1
960,326,1277.02,509.69,35.56,25.13,0.6132,10,-1,-1
960,311,347.75,390.78,42.47,22.77,0.2918,4,-1,-1
961,93,686.39,782.75,32.61,64.22,0.8038,1,-1,-1
961,280,639.96,467.79,157.87,81.65,0.9105,9,-1,-1
961,287,515.20,397.80,39.85,19.31,0.5107,4,-1,-1
961,292,1399.52,418.44,92.70,41.20,0.4630,4,-1,-1
961,230,177.60,346.39,35.19,20.49,0.7050,4,-1,-1
961,298,458.93,462.15,71.61,45.59,0.8688,5,-1,-1
961,309,948.34,448.63,53.17,23.85,0.7759,4,-1,-1
961,313,361.79,375.15,37.81,19.14,0.2516,5,-1,-1
961,314,943.37,370.44,60.60,25.52,0.4225,4,-1,-1
961,293,375.66,437.71,61.13,38.45,0.7918,5,-1,-1
961,320,793.20,343.99,59.71,26.02,0.6697,4,-1,-1
961,326,1270.22,510.11,33.00,23.18,0.6415,10,-1,-1
961,311,344.98,390.17,43.61,22.94,0.4961,4,-1,-1
962,93,685.01,782.48,33.32,64.89,0.7820,1,-1,-1
962,280,643.33,469.50,159.13,82.18,0.8597,9,-1,-1
962,287,514.70,397.59,40.21,19.50,0.5205,4,-1,-1
962,292,1413.36,420.62,91.50,40.38,0.5946,4,-1,-1
962,230,174.39,344.86,36.60,21.41,0.7424,4,-1,-1
962,298,461.72,462.55,72.03,45.95,0.8984,5,-1,-1
962,309,942.65,447.01,56.27,25.12,0.7656,4,-1,-1
962,313,362.08,375.31,37.04,18.68,0.2429,4,-1,-1
962,314,950.86,371.40,63.89,27.08,0.1012,5,-1,-1
962,293,377.52,437.27,63.20,40.05,0.7606,5,-1,-1
962,320,799.30,344.10,60.26,26.44,0.6645,4,-1,-1
962,326,1261.10,510.05,31.41,21.96,0.6817,10,-1,-1
962,311,341.75,389.70,44.50,22.72,0.5205,4,-1,-1
962,329,536.32,416.18,55.08,21.79,0.5708,4,-1,-1
963,93,683.84,782.15,33.65,65.07,0.7780,1,-1,-1
963,280,646.89,470.26,159.47,82.13,0.8911,9,-1,-1
963,287,514.65,397.38,40.11,19.45,0.5361,4,-1,-1
963,292,1422.09,421.61,92.05,40.52,0.5195,4,-1,-1
963,230,172.63,343.75,36.74,21.58,0.6766,4,-1,-1
963,298,463.74,462.87,72.01,46.05,0.8991,5,-1,-1
963,309,937.96,446.67,56.59,24.96,0.7454,4,-1,-1
963,313,362.25,375.48,36.11,18.04,0.2167,5,-1,-1
963,314,957.60,370.94,65.32,28.16,0.1366,5,-1,-1
963,293,379.51,437.77,62.95,40.08,0.7732,5,-1,-1
963,320,804.14,345.25,59.13,26.01,0.6593,4,-1,-1
963,326,1254.17,509.08,31.34,21.88,0.5955,10,-1,-1
963,311,340.02,389.22,45.27,22.42,0.5185,4,-1,-1
963,329,530.60,416.23,56.55,22.41,0.6142,4,-1,-1
964,93,682.20,781.81,33.76,65.15,0.7725,1,-1,-1
964,280,651.29,470.55,161.01,82.82,0.8970,9,-1,-1
964,287,515.04,397.17,40.27,19.53,0.4990,4,-1,-1
964,292,1434.56,423.74,91.51,39.99,0.5506,4,-1,-1
964,230,170.91,342.91,36.30,21.46,0.6067,4,-1,-1
964,298,466.54,463.37,71.57,45.82,0.8141,5,-1,-1
964,309,931.62,445.70,57.27,25.14,0.7793,4,-1,-1
964,313,361.84,375.37,37.22,18.64,0.2309,4,-1,-1
964,314,962.91,371.68,67.46,29.08,0.2024,5,-1,-1
964,293,382.19,438.29,62.61,40.13,0.7549,5,-1,-1
964,320,809.13,345.14,62.20,27.65,0.6289,4,-1,-1
964,326,1246.22,509.02,28.96,19.91,0.6343,10,-1,-1
964,311,337.08,388.84,47.93,23.03,0.4668,4,-1,-1
964,329,526.40,415.94,56.70,22.47,0.5784,4,-1,-1
965,93,680.36,781.54,33.53,65.22,0.7194,1,-1,-1
965,280,655.11,471.43,162.41,83.27,0.8903,9,-1,-1
965,287,515.52,397.33,39.35,19.00,0.4873,4,-1,-1
965,292,1449.07,425.35,92.92,40.49,0.6086,4,-1,-1
965,230,167.79,341.75,36.84,21.96,0.6783,4,-1,-1
965,298,469.20,464.01,71.61,45.76,0.8697,5,-1,-1
965,309,924.86,445.37,55.94,24.36,0.7860,4,-1,-1
965,313,362.33,375.29,36.93,18.54,0.1901,4,-1,-1
965,314,971.94,373.96,63.22,27.16,0.5000,4,-1,-1
965,293,386.34,438.61,62.44,40.20,0.8289,5,-1,-1
965,320,816.56,346.93,60.05,26.84,0.4707,4,-1,-1
965,326,1235.73,508.74,28.26,19.06,0.6654,10,-1,-1
965,311,332.23,388.21,47.99,22.79,0.3407,4,-1,-1
965,329,519.88,414.81,57.06,22.65,0.6142,4,-1,-1
966,93,678.73,781.72,33.02,65.21,0.6575,1,-1,-1
966,280,659.75,472.23,162.13,82.98,0.9093,9,-1,-1
966,287,515.48,397.72,39.98,19.25,0.5263,4,-1,-1
966,292,1458.51,425.86,94.99,41.31,0.7621,4,-1,-1
966,230,166.56,341.47,36.28,21.78,0.6540,4,-1,-1
966,298,471.23,464.42,71.76,45.80,0.8749,5,-1,-1
966,309,920.51,444.70,56.22,24.35,0.7807,4,-1,-1
966,313,363.31,375.45,36.42,18.37,0.1041,5,-1,-1
966,314,977.71,374.81,62.27,26.63,0.4668,4,-1,-1
966,293,388.80,438.98,63.29,40.90,0.7905,5,-1,-1
966,320,822.92,348.21,58.86,26.34,0.4045,4,-1,-1
966,326,1228.94,508.81,27.32,18.17,0.5813,10,-1,-1
966,311,328.15,387.65,48.07,22.85,0.1645,4,-1,-1
966,329,516.12,414.05,61.09,24.35,0.6522,4,-1,-1
967,93,676.62,782.25,31.63,63.77,0.5889,1,-1,-1
967,280,666.06,473.50,161.84,82.86,0.9019,9,-1,-1
967,287,515.35,397.27,40.60,19.46,0.4523,4,-1,-1
967,292,1470.72,427.59,97.36,42.22,0.6671,4,-1,-1
967,230,166.07,341.44,34.14,20.56,0.6558,4,-1,-1
967,298,474.35,465.07,71.59,45.72,0.8366,5,-1,-1
967,309,914.01,444.28,56.18,24.26,0.7599,4,-1,-1
967,313,363.17,375.36,35.84,18.09,0.1234,4,-1,-1
967,314,985.89,375.48,63.68,27.07,0.1818,4,-1,-1
967,293,393.17,440.17,62.62,40.37,0.5506,5,-1,-1
967,320,830.49,350.67,55.66,24.78,0.4349,4,-1,-1
967,326,1219.74,508.06,26.89,17.49,0.5860,10,-1,-1
967,311,322.57,386.60,46.11,22.11,0.1217,4,-1,-1
967,329,514.72,414.54,60.56,24.23,0.6067,4,-1,-1
968,93,675.02,782.68,31.05,63.97,0.5870,1,-1,-1
968,280,670.51,474.26,162.63,83.26,0.9012,9,-1,-1
968,287,515.51,397.30,40.11,19.08,0.3720,4,-1,-1
968,292,1481.94,429.64,95.91,41.39,0.7506,4,-1,-1
968,230,165.73,341.28,33.01,20.05,0.7066,4,-1,-1
968,298,476.78,465.80,71.42,45.59,0.8105,5,-1,-1
968,309,907.68,443.45,57.77,24.87,0.7484,4,-1,-1
968,313,362.37,375.06,36.47,18.45,0.1399,4,-1,-1
968,293,395.87,440.98,62.16,39.99,0.4980,5,-1,-1
968,320,834.26,351.02,57.11,25.44,0.4397,4,-1,-1
968,326,1212.73,506.69,27.92,17.96,0.6280,10,-1,-1
968,311,319.04,385.26,47.10,22.89,0.2451,5,-1,-1
968,329,511.83,414.06,58.76,23.74,0.4990,4,-1,-1
969,93,672.88,783.12,30.45,64.38,0.6451,1,-1,-1
969,280,675.44,475.16,163.05,83.45,0.8991,9,-1,-1
969,287,515.88,398.32,40.34,19.02,0.4111,4,-1,-1
969,292,1495.16,431.17,97.92,42.10,0.7311,4,-1,-1
969,230,163.88,340.78,32.51,19.82,0.7454,4,-1,-1
969,298,479.09,466.24,71.41,45.58,0.8152,5,-1,-1
969,309,897.84,441.99,60.52,25.90,0.7409,4,-1,-1
969,313,361.89,375.08,36.36,18.35,0.1530,5,-1,-1
969,293,399.10,441.53,62.14,39.88,0.5322,4,-1,-1
969,320,841.22,352.63,56.49,25.11,0.4417,4,-1,-1
969,326,1201.49,503.64,30.73,19.73,0.5127,10,-1,-1
969,311,315.96,384.40,45.53,22.11,0.2444,4,-1,-1
969,329,506.32,413.39,58.06,23.33,0.5117,4,-1,-1
970,93,670.45,782.80,30.85,66.30,0.5351,1,-1,-1
970,280,680.72,476.73,163.94,84.04,0.9019,9,-1,-1
970,287,516.67,398.75,42.18,19.68,0.3355,4,-1,-1
970,292,1509.95,433.19,99.18,42.46,0.8081,4,-1,-1
970,230,162.69,340.06,32.16,19.94,0.7272,4,-1,-1
970,298,482.08,466.71,71.39,45.45,0.8418,5,-1,-1
970,309,890.55,440.88,61.79,26.56,0.7130,4,-1,-1
970,313,362.44,375.07,36.10,18.19,0.1316,4,-1,-1
970,293,402.86,442.60,61.81,39.50,0.6943,4,-1,-1
970,320,847.55,352.57,60.07,26.75,0.6215,4,-1,-1
970,326,1191.00,501.62,32.35,20.89,0.6619,10,-1,-1
970,311,312.43,383.70,46.15,22.50,0.6067,4,-1,-1
970,329,500.93,413.19,57.69,23.07,0.6215,4,-1,-1
970,332,1319.30,501.34,79.40,30.16,0.5746,4,-1,-1
970,314,1008.43,377.79,67.37,28.81,0.5631,4,-1,-1
971,93,669.88,782.87,30.18,65.78,0.6645,1,-1,-1
971,280,685.28,477.12,164.70,84.45,0.8918,9,-1,-1
971,287,516.57,398.86,43.65,20.20,0.3260,4,-1,-1
971,292,1519.16,433.42,102.14,43.77,0.8311,4,-1,-1
971,230,160.74,339.58,32.00,20.11,0.6451,4,-1,-1
971,298,484.09,467.12,71.81,45.78,0.8289,5,-1,-1
971,309,886.30,440.47,61.37,26.52,0.7210,4,-1,-1
971,313,362.82,374.96,36.04,18.16,0.1739,4,-1,-1
971,293,404.92,442.96,62.71,40.10,0.7454,4,-1,-1
971,320,852.15,353.09,61.11,27.21,0.5341,4,-1,-1
971,326,1183.99,501.33,31.84,20.59,0.5622,10,-1,-1
971,311,310.65,383.17,45.97,22.47,0.6397,4,-1,-1
971,329,497.75,412.96,59.27,23.65,0.5670,4,-1,-1
971,332,1315.67,502.25,74.57,28.30,0.5224,4,-1,-1
971,314,1013.76,379.34,68.35,29.37,0.4321,4,-1,-1
972,93,667.94,783.18,30.77,66.95,0.6800,1,-1,-1
972,280,690.06,477.82,167.05,85.71,0.8872,9,-1,-1
972,287,514.63,398.09,43.65,20.31,0.3675,4,-1,-1
972,292,1533.00,434.74,103.97,44.47,0.8449,4,-1,-1
972,230,157.58,339.13,32.19,20.29,0.3285,4,-1,-1
972,298,486.65,467.76,72.58,46.36,0.8105,5,-1,-1
972,309,881.09,439.85,61.19,26.64,0.7178,4,-1,-1
972,313,362.95,375.20,35.65,17.97,0.1456,4,-1,-1
972,293,408.30,443.82,62.82,40.07,0.6885,4,-1,-1
972,320,857.60,353.26,61.78,27.55,0.5535,4,-1,-1
972,326,1175.39,500.09,31.93,20.77,0.4883,10,-1,-1
972,311,309.56,382.73,44.26,21.74,0.5535,4,-1,-1
972,329,491.05,412.19,58.46,23.52,0.5804,4,-1,-1
972,332,1305.74,502.33,70.89,26.86,0.7349,4,-1,-1
972,314,1022.24,380.28,69.16,29.81,0.5068,4,-1,-1
973,93,666.50,784.06,30.72,66.05,0.6817,1,-1,-1
973,280,694.26,478.27,167.71,86.11,0.8963,9,-1,-1
973,287,513.66,397.87,42.96,20.12,0.4196,4,-1,-1
973,292,1543.37,434.96,105.96,45.41,0.8418,4,-1,-1
973,230,155.06,338.60,32.77,20.68,0.4407,4,-1,-1
973,298,488.23,468.11,73.03,46.72,0.8007,5,-1,-1
973,309,878.07,439.42,60.44,26.59,0.6951,4,-1,-1
973,313,362.40,374.84,36.39,18.37,0.1442,4,-1,-1
973,293,410.20,443.83,63.88,40.69,0.6086,4,-1,-1
973,320,862.84,353.98,60.65,27.09,0.3961,4,-1,-1
973,326,1169.51,499.65,31.28,20.33,0.5756,10,-1,-1
973,311,308.26,382.67,42.91,21.09,0.4571,4,-1,-1
973,329,486.46,411.29,57.27,23.17,0.6234,4,-1,-1
973,332,1298.03,501.28,71.34,26.99,0.7739,4,-1,-1
973,314,1029.64,381.92,68.76,29.51,0.3639,4,-1,-1
974,93,664.60,784.88,31.16,65.55,0.7090,1,-1,-1
974,280,699.17,479.00,167.71,86.10,0.9080,9,-1,-1
974,287,515.44,398.07,41.33,19.24,0.4140,4,-1,-1
974,292,1558.53,437.90,104.83,44.82,0.8289,4,-1,-1
974,230,151.96,337.77,32.70,20.54,0.5438,4,-1,-1
974,298,490.89,468.55,73.16,46.81,0.8069,5,-1,-1
974,309,870.88,437.63,62.87,28.15,0.6732,4,-1,-1
974,313,362.13,374.47,36.89,18.63,0.2436,4,-1,-1
974,293,413.63,444.82,63.94,40.71,0.5946,5,-1,-1
974,320,869.07,353.97,63.08,28.20,0.6252,4,-1,-1
974,326,1160.73,498.30,31.40,20.47,0.5322,10,-1,-1
974,311,308.19,382.58,40.78,20.17,0.4639,4,-1,-1
974,329,483.78,410.76,58.87,23.69,0.5302,4,-1,-1
974,332,1286.58,499.83,72.71,27.48,0.7513,4,-1,-1
974,314,1038.21,383.90,67.23,28.98,0.5804,4,-1,-1
975,93,662.53,785.42,31.71,64.95,0.7349,1,-1,-1
975,280,705.47,480.22,167.43,85.91,0.8697,9,-1,-1
975,287,515.93,398.54,39.90,18.60,0.3621,4,-1,-1
975,292,1575.31,440.27,104.76,44.64,0.8210,4,-1,-1
975,230,149.51,337.12,33.15,20.84,0.4054,4,-1,-1
975,298,493.93,469.08,73.19,46.84,0.8187,5,-1,-1
975,309,866.70,435.78,61.63,28.25,0.5574,4,-1,-1
975,313,362.08,374.56,36.68,18.49,0.3390,4,-1,-1
975,293,417.38,444.76,65.01,41.46,0.5641,5,-1,-1
975,320,876.08,354.27,64.73,29.16,0.5670,4,-1,-1
975,326,1152.64,498.26,28.95,18.68,0.4795,10,-1,-1
975,311,302.63,381.25,42.41,21.00,0.4254,4,-1,-1
975,329,480.83,410.28,60.20,24.09,0.4785,4,-1,-1
975,332,1275.48,498.09,71.92,27.14,0.7873,4,-1,-1
975,314,1046.64,386.64,60.30,26.27,0.6123,4,-1,-1
976,93,661.62,785.75,32.24,64.48,0.7571,1,-1,-1
976,280,708.60,480.70,168.67,86.54,0.8903,9,-1,-1
976,287,516.73,398.50,41.71,19.40,0.2288,4,-1,-1
976,292,1586.72,441.29,106.41,45.25,0.8199,4,-1,-1
976,230,148.71,336.96,31.83,19.88,0.6697,4,-1,-1
976,298,496.31,469.48,73.07,46.77,0.8222,5,-1,-1
976,309,864.47,435.25,60.07,28.22,0.4045,4,-1,-1
976,313,362.29,374.61,36.62,18.43,0.4321,4,-1,-1
976,293,419.95,445.33,65.02,41.48,0.5689,4,-1,-1
976,320,880.53,353.70,67.16,30.44,0.5224,4,-1,-1
976,326,1146.25,497.44,28.70,18.40,0.5506,10,-1,-1
976,311,298.52,380.92,42.99,21.16,0.5784,4,-1,-1
976,329,474.45,409.56,60.79,24.50,0.4766,4,-1,-1
976,332,1266.52,496.46,73.93,27.93,0.7886,4,-1,-1
976,314,1058.64,387.86,58.77,25.09,0.2651,4,-1,-1
977,93,660.38,786.42,32.68,63.97,0.7663,1,-1,-1
977,280,714.55,481.77,169.14,86.61,0.8941,9,-1,-1
977,287,517.37,398.56,42.38,19.65,0.3251,4,-1,-1
977,292,1601.88,443.50,107.62,45.48,0.8333,4,-1,-1
977,230,147.16,336.97,30.02,18.57,0.3567,4,-1,-1
977,298,498.94,470.30,73.15,46.81,0.8568,5,-1,-1
977,313,362.14,374.86,36.49,18.30,0.4206,4,-1,-1
977,293,423.17,445.96,64.87,41.49,0.8007,5,-1,-1
977,320,888.37,354.72,67.58,30.75,0.5496,4,-1,-1
977,326,1138.26,496.59,27.80,17.65,0.6114,10,-1,-1
977,311,293.83,380.44,43.01,20.84,0.4254,4,-1,-1
977,329,467.66,409.32,58.82,23.97,0.6270,4,-1,-1
977,332,1254.96,494.25,76.56,29.06,0.7912,4,-1,-1
977,314,1075.29,392.23,57.42,23.92,0.4600,4,-1,-1
978,93,659.40,786.97,32.95,63.27,0.7691,1,-1,-1
978,280,718.16,482.40,169.80,86.90,0.8933,9,-1,-1
978,287,518.04,398.61,43.78,20.20,0.3868,4,-1,-1
978,292,1612.64,444.65,108.71,45.77,0.8376,4,-1,-1
978,230,146.38,337.30,28.84,17.55,0.3183,4,-1,-1
978,298,501.02,470.76,73.20,46.91,0.8470,5,-1,-1
978,313,362.32,375.16,36.23,18.11,0.3914,4,-1,-1
978,293,424.89,445.98,65.40,42.02,0.8397,5,-1,-1
978,320,893.52,355.17,67.29,30.73,0.5127,4,-1,-1
978,326,1132.32,495.64,27.84,17.61,0.4225,10,-1,-1
978,311,291.14,380.12,43.00,20.72,0.2154,5,-1,-1
978,329,467.36,408.94,56.45,22.89,0.6011,4,-1,-1
978,332,1248.61,493.61,75.15,28.56,0.7585,4,-1,-1
978,314,1085.85,394.46,56.00,22.88,0.6234,4,-1,-1
979,93,657.61,787.32,33.47,63.30,0.7513,1,-1,-1
979,280,723.54,483.56,170.21,86.95,0.8832,9,-1,-1
979,287,519.70,398.54,46.14,21.04,0.4177,4,-1,-1
979,292,1628.07,446.63,110.17,46.22,0.8256,4,-1,-1
979,230,144.22,336.90,29.16,17.48,0.6575,4,-1,-1
979,298,504.07,471.80,73.10,46.69,0.8470,5,-1,-1
979,313,362.04,375.20,36.37,18.09,0.3720,4,-1,-1
979,293,428.08,446.27,65.73,42.44,0.8816,5,-1,-1
979,320,901.53,357.00,67.29,30.82,0.5775,4,-1,-1
979,326,1121.97,492.55,30.97,19.79,0.3442,10,-1,-1
979,311,287.42,378.78,44.24,21.43,0.1987,4,-1,-1
979,329,462.93,408.46,57.07,23.19,0.6834,4,-1,-1
979,332,1238.10,491.76,76.35,29.12,0.7498,4,-1,-1
979,314,1087.69,392.51,67.88,27.60,0.5341,4,-1,-1
980,93,655.03,786.91,34.32,64.09,0.6885,1,-1,-1
980,280,728.70,484.20,172.24,88.07,0.8706,9,-1,-1
980,287,520.49,398.46,48.24,21.70,0.4177,4,-1,-1
980,292,1645.18,448.50,114.07,47.87,0.7918,4,-1,-1
980,230,141.06,335.73,29.92,17.94,0.3234,4,-1,-1
980,298,506.91,472.31,73.88,47.19,0.8539,5,-1,-1
980,313,361.08,375.03,37.37,18.51,0.3549,4,-1,-1
980,293,431.65,446.65,66.91,43.30,0.8816,5,-1,-1
980,320,908.99,357.80,68.00,31.28,0.1818,6,-1,-1
980,326,1112.26,489.39,32.32,21.20,0.2674,10,-1,-1
980,311,285.16,378.09,43.92,21.20,0.3346,5,-1,-1
980,329,459.40,407.44,55.66,22.53,0.6968,4,-1,-1
980,332,1227.88,489.99,76.13,29.12,0.8032,4,-1,-1
980,314,1094.39,392.27,74.43,30.18,0.4475,4,-1,-1
981,93,653.15,786.87,34.49,64.21,0.7249,1,-1,-1
981,280,733.12,484.94,172.46,88.13,0.8840,9,-1,-1
981,287,520.15,398.57,48.40,21.63,0.4026,4,-1,-1
981,292,1656.76,449.68,115.88,48.71,0.7326,4,-1,-1
981,230,139.26,335.02,29.79,17.86,0.3989,4,-1,-1
981,298,508.98,472.62,74.41,47.52,0.8490,5,-1,-1
981,313,360.79,375.13,37.65,18.54,0.2854,4,-1,-1
981,293,434.99,447.35,66.60,43.32,0.8749,5,-1,-1
981,320,914.88,359.24,67.34,31.09,0.1784,6,-1,-1
981,326,1106.16,487.46,32.40,21.75,0.2790,10,-1,-1
981,311,282.37,377.15,44.99,21.76,0.2621,5,-1,-1
981,329,456.47,407.32,54.93,22.15,0.7066,4,-1,-1
981,332,1220.93,488.95,75.93,29.17,0.8056,4,-1,-1
981,314,1100.21,392.05,77.78,31.69,0.4893,4,-1,-1
982,93,650.45,785.04,35.31,66.49,0.6792,1,-1,-1
982,280,739.36,486.31,172.52,88.12,0.8984,9,-1,-1
982,287,521.05,398.55,48.87,21.48,0.4426,4,-1,-1
982,292,1672.96,452.29,116.47,48.93,0.8187,4,-1,-1
982,230,137.84,334.60,29.07,17.35,0.3099,4,-1,-1
982,298,512.08,473.52,74.19,47.38,0.8278,5,-1,-1
982,313,361.18,375.33,37.66,18.50,0.3585,4,-1,-1
982,293,438.69,448.19,66.62,43.42,0.8093,5,-1,-1
982,320,922.26,360.53,64.71,29.88,0.5535,4,-1,-1
982,326,1099.15,485.50,33.41,23.22,0.2886,10,-1,-1
982,311,279.12,375.61,45.60,22.24,0.2806,5,-1,-1
982,329,450.35,406.79,58.54,23.56,0.6361,4,-1,-1
982,332,1211.80,488.35,74.50,28.69,0.7739,4,-1,-1
982,314,1110.08,393.29,78.96,32.24,0.5535,4,-1,-1
983,93,648.70,784.08,35.22,67.29,0.6496,1,-1,-1
983,280,743.71,487.45,172.75,88.24,0.9033,9,-1,-1
983,287,521.44,398.45,49.95,21.51,0.4571,4,-1,-1
983,292,1683.40,453.60,117.89,49.31,0.8176,4,-1,-1
983,230,136.64,334.19,29.22,17.45,0.2975,4,-1,-1
983,298,514.28,474.14,73.68,47.04,0.7931,5,-1,-1
983,313,361.54,375.67,37.37,18.31,0.3748,4,-1,-1
983,293,440.17,448.63,66.99,43.72,0.7186,5,-1,-1
983,320,928.46,360.82,65.77,30.43,0.5974,4,-1,-1
983,326,1092.58,485.80,31.36,21.70,0.2524,10,-1,-1
983,311,278.00,375.24,44.31,21.61,0.2140,4,-1,-1
983,329,446.86,405.96,59.10,23.64,0.6680,4,-1,-1
983,332,1204.78,486.91,74.49,28.82,0.8062,4,-1,-1
983,314,1117.90,394.50,78.53,32.10,0.3803,4,-1,-1
984,93,643.92,780.71,36.48,70.85,0.4149,1,-1,-1
984,280,747.92,487.73,175.40,89.59,0.8903,9,-1,-1
984,287,521.14,398.51,51.16,21.65,0.4854,4,-1,-1
984,292,1700.98,455.45,118.08,49.20,0.8333,4,-1,-1
984,230,133.81,332.23,31.45,19.01,0.3531,4,-1,-1
984,298,517.09,474.88,73.81,47.07,0.7621,5,-1,-1
984,313,361.19,375.36,38.16,18.75,0.4844,4,-1,-1
984,293,443.68,449.70,66.78,43.40,0.6637,5,-1,-1
984,320,935.97,362.50,67.17,31.11,0.6766,4,-1,-1
984,311,274.62,374.41,43.68,21.51,0.3886,4,-1,-1
984,329,444.34,405.49,59.27,23.61,0.6715,4,-1,-1
984,332,1195.03,485.42,75.10,29.22,0.8050,4,-1,-1
984,314,1128.71,396.66,76.64,31.07,0.7146,4,-1,-1
984,309,820.25,433.37,54.24,25.50,0.4610,4,-1,-1
985,93,642.22,780.26,36.04,71.68,0.4971,1,-1,-1
985,280,754.19,488.85,176.70,90.22,0.8888,9,-1,-1
985,287,520.20,398.51,50.48,21.09,0.4815,4,-1,-1
985,292,1719.65,458.40,119.87,49.83,0.8387,4,-1,-1
985,230,130.38,331.09,32.23,19.59,0.4951,4,-1,-1
985,298,520.49,475.49,74.03,47.15,0.7994,5,-1,-1
985,313,362.02,375.63,37.17,18.29,0.4600,4,-1,-1
985,293,447.39,450.63,66.74,43.25,0.5195,5,-1,-1
985,320,944.84,363.58,67.98,31.47,0.6522,4,-1,-1
985,311,272.33,373.92,43.18,21.45,0.3504,4,-1,-1
985,329,441.13,405.39,57.46,23.00,0.6575,4,-1,-1
985,332,1184.71,483.87,75.19,29.43,0.8182,4,-1,-1
985,314,1141.40,397.74,77.22,31.25,0.6584,4,-1,-1
985,309,815.51,432.69,53.16,25.23,0.4158,4,-1,-1
986,93,641.64,779.70,34.91,71.47,0.3486,1,-1,-1
986,280,758.39,489.40,176.79,90.21,0.8955,9,-1,-1
986,287,520.14,398.64,51.95,21.44,0.4971,4,-1,-1
986,292,1734.10,460.72,119.71,49.57,0.8376,4,-1,-1
986,230,128.77,330.46,32.27,19.71,0.5156,4,-1,-1
986,298,522.39,475.94,74.24,47.20,0.7535,5,-1,-1
986,313,362.18,375.82,36.68,18.02,0.4639,4,-1,-1
986,293,451.14,451.40,66.62,43.16,0.6123,4,-1,-1
986,320,950.73,365.08,67.27,31.02,0.6800,4,-1,-1
986,311,270.81,374.02,41.80,20.70,0.4340,4,-1,-1
986,329,440.03,404.94,56.81,22.84,0.6397,4,-1,-1
986,332,1177.98,482.91,75.67,29.89,0.8038,4,-1,-1
986,314,1149.74,398.39,78.83,31.82,0.6478,4,-1,-1
986,309,812.67,432.73,51.30,24.53,0.3657,4,-1,-1
987,93,641.10,781.43,33.21,69.41,0.5927,1,-1,-1
987,280,763.70,490.25,178.17,90.99,0.9005,9,-1,-1
987,287,520.89,398.84,54.29,22.07,0.3558,4,-1,-1
987,292,1750.70,462.21,122.00,50.44,0.8397,4,-1,-1
987,230,128.09,330.23,31.36,19.35,0.6049,4,-1,-1
987,298,525.43,476.44,74.16,47.15,0.8056,5,-1,-1
987,313,362.06,375.92,36.83,18.08,0.4854,4,-1,-1
987,293,455.19,452.22,66.19,42.75,0.5670,4,-1,-1
987,320,958.67,365.56,70.05,32.50,0.6951,4,-1,-1
987,311,268.22,372.61,42.65,21.19,0.5660,4,-1,-1
987,329,437.60,403.18,53.36,21.48,0.6316,4,-1,-1
987,332,1169.98,482.10,74.67,29.69,0.8038,4,-1,-1
987,314,1160.03,399.78,79.86,32.15,0.7233,4,-1,-1
987,309,809.41,432.05,50.21,24.85,0.4698,4,-1,-1
988,93,640.03,782.24,32.51,68.79,0.6496,1,-1,-1
988,280,768.82,491.81,176.86,90.11,0.9040,9,-1,-1
988,287,523.09,399.35,55.81,22.43,0.2705,4,-1,-1
988,292,1763.27,463.64,123.30,50.77,0.8490,4,-1,-1
988,230,127.32,329.73,31.34,19.63,0.6215,4,-1,-1
988,298,527.79,476.91,73.97,46.81,0.8199,5,-1,-1
988,313,362.30,376.08,36.34,17.82,0.4746,4,-1,-1
988,293,457.76,452.66,66.32,42.67,0.5000,5,-1,-1
988,320,964.05,366.38,69.98,32.51,0.7194,4,-1,-1
988,311,265.71,372.35,42.88,21.36,0.5400,4,-1,-1
988,329,435.57,402.62,52.64,21.20,0.6370,4,-1,-1
988,332,1163.54,481.39,74.38,29.78,0.8062,4,-1,-1
988,314,1167.62,400.66,81.21,32.70,0.7387,4,-1,-1
988,309,803.62,430.79,50.56,25.58,0.4922,4,-1,-1
988,338,813.51,412.15,46.18,20.60,0.4571,4,-1,-1
989,93,638.45,784.31,31.66,66.66,0.7447,1,-1,-1
989,280,775.67,493.30,176.26,89.52,0.8783,9,-1,-1
989,287,524.62,399.57,56.48,22.53,0.1667,4,-1,-1
989,292,1779.19,465.25,127.76,52.65,0.8267,4,-1,-1
989,230,126.46,328.98,30.56,19.56,0.4639,4,-1,-1
989,298,530.87,477.36,74.21,46.82,0.7982,5,-1,-1
989,313,361.77,376.32,37.23,18.24,0.4639,4,-1,-1
989,293,460.53,452.60,67.40,43.38,0.5964,5,-1,-1
989,320,972.08,367.88,69.57,32.33,0.6868,4,-1,-1
989,311,262.93,371.06,43.18,21.60,0.6215,4,-1,-1
989,329,427.45,402.99,61.28,25.22,0.4455,4,-1,-1
989,332,1154.63,480.00,74.26,29.96,0.8026,4,-1,-1
989,314,1178.18,401.84,81.99,32.97,0.4446,4,-1,-1
989,309,800.50,428.53,49.80,25.82,0.1871,4,-1,-1
989,338,809.08,411.45,47.66,21.27,0.2598,4,-1,-1
990,93,637.00,786.01,31.43,65.26,0.7677,1,-1,-1
990,280,780.29,494.81,178.70,90.70,0.8895,9,-1,-1
990,287,523.29,399.35,58.17,23.07,0.2682,4,-1,-1
990,292,1795.58,467.99,128.63,53.46,0.8129,4,-1,-1
990,230,125.86,328.65,29.44,19.30,0.5039,4,-1,-1
990,298,533.68,477.91,75.37,47.56,0.8366,5,-1,-1
990,313,361.55,376.51,37.11,18.10,0.4766,4,-1,-1
990,293,465.14,453.56,67.63,43.50,0.7341,5,-1,-1
990,320,981.93,369.48,69.73,32.22,0.7424,4,-1,-1
990,311,260.26,370.61,42.50,21.27,0.5020,4,-1,-1
990,329,422.77,403.31,58.75,24.11,0.5622,4,-1,-1
990,332,1145.23,478.36,73.78,29.99,0.7963,4,-1,-1
990,314,1192.72,404.60,78.46,31.16,0.5127,4,-1,-1
991,93,635.39,787.04,31.51,64.27,0.7606,1,-1,-1
991,280,784.59,496.03,178.22,90.22,0.8955,9,-1,-1
991,287,520.05,398.83,60.75,23.92,0.1944,4,-1,-1
991,292,1804.90,469.68,128.74,54.44,0.7447,4,-1,-1
991,230,126.06,329.28,27.34,18.31,0.4824,4,-1,-1
991,298,535.64,478.35,76.03,48.05,0.8366,5,-1,-1
991,313,360.85,376.34,39.04,19.12,0.4727,4,-1,-1
991,293,467.77,454.03,68.11,43.79,0.7186,5,-1,-1
991,320,986.52,368.91,71.96,33.27,0.4678,4,-1,-1
991,311,258.06,370.14,41.97,20.99,0.5860,4,-1,-1
991,329,415.77,403.24,64.30,26.73,0.6132,4,-1,-1
991,332,1138.85,477.39,72.41,29.59,0.7963,4,-1,-1
991,314,1201.26,405.85,80.84,31.95,0.7535,4,-1,-1
992,93,633.87,788.54,31.75,63.02,0.7677,1,-1,-1
992,280,791.92,497.47,177.72,89.62,0.8903,9,-1,-1
992,287,520.21,398.80,61.07,23.89,0.1427,4,-1,-1
992,292,1816.64,472.03,125.37,54.74,0.7326,4,-1,-1
992,230,123.64,328.04,27.42,18.74,0.3090,4,-1,-1
992,298,538.86,479.09,75.96,47.98,0.8044,5,-1,-1
992,313,360.59,376.08,40.35,19.86,0.5078,4,-1,-1
992,293,471.05,454.89,68.58,44.06,0.7506,5,-1,-1
992,320,995.52,369.63,71.38,33.04,0.5215,6,-1,-1
992,311,254.72,369.31,42.49,21.28,0.5917,4,-1,-1
992,329,412.31,402.65,62.75,26.08,0.6261,4,-1,-1
992,332,1131.80,477.04,69.90,28.67,0.7976,4,-1,-1
992,314,1213.82,407.84,80.32,31.55,0.6225,4,-1,-1
993,93,632.93,789.30,32.28,62.46,0.7732,1,-1,-1
993,280,796.21,498.35,179.38,90.05,0.8783,9,-1,-1
993,287,521.55,399.35,59.15,23.08,0.1711,4,-1,-1
993,292,1824.75,473.49,121.75,55.20,0.6740,4,-1,-1
993,298,540.91,479.42,76.19,48.07,0.8019,5,-1,-1
993,313,361.12,376.10,39.92,19.73,0.4785,4,-1,-1
993,293,473.67,455.37,68.67,44.12,0.7417,5,-1,-1
993,320,1002.04,370.84,70.70,32.78,0.5983,6,-1,-1
993,311,253.23,369.66,41.36,20.72,0.6628,4,-1,-1
993,329,408.54,403.05,62.41,26.10,0.5293,4,-1,-1
993,332,1126.57,476.99,68.11,27.97,0.8050,4,-1,-1
993,314,1222.69,408.62,80.79,31.59,0.5794,4,-1,-1
994,93,630.90,789.58,33.19,62.41,0.7628,1,-1,-1
994,280,801.33,499.16,181.13,90.91,0.8652,9,-1,-1
994,287,515.26,399.24,52.79,21.12,0.4727,4,-1,-1
994,298,543.55,479.73,77.13,48.72,0.8141,5,-1,-1
994,313,361.15,376.12,40.08,19.90,0.4863,4,-1,-1
994,293,478.10,456.50,67.68,43.37,0.6910,5,-1,-1
994,320,1011.43,372.27,72.27,33.52,0.3849,6,-1,-1
994,311,251.25,369.01,40.49,20.32,0.6610,4,-1,-1
994,329,408.05,402.85,55.84,23.11,0.5448,4,-1,-1
994,332,1118.85,476.35,66.34,27.27,0.8099,4,-1,-1
994,314,1233.21,409.18,84.85,33.20,0.6654,4,-1,-1
995,93,629.79,789.33,33.51,62.19,0.7649,1,-1,-1
995,280,806.42,500.08,183.25,91.92,0.8791,9,-1,-1
995,287,518.84,399.50,52.82,21.17,0.2386,4,-1,-1
995,298,546.66,480.25,77.66,49.09,0.7866,5,-1,-1
995,313,362.06,376.37,38.86,19.32,0.3775,4,-1,-1
995,293,482.42,457.12,68.46,43.89,0.8164,5,-1,-1
995,320,1019.37,373.87,71.47,33.34,0.2798,6,-1,-1
995,311,249.10,369.62,38.22,19.07,0.4149,4,-1,-1
995,329,405.38,402.96,50.15,20.41,0.5117,4,-1,-1
995,332,1108.45,474.25,68.75,28.49,0.8026,4,-1,-1
995,314,1243.81,411.01,88.30,34.67,0.7614,4,-1,-1
996,93,628.99,788.94,33.86,62.23,0.7773,1,-1,-1
996,280,809.11,500.76,185.58,93.26,0.8758,9,-1,-1
996,287,521.42,399.87,52.10,20.91,0.2031,4,-1,-1
996,298,549.05,480.83,77.74,49.19,0.8081,5,-1,-1
996,313,362.40,376.58,38.05,18.87,0.2814,5,-1,-1
996,293,485.09,457.24,69.42,44.65,0.7879,5,-1,-1
996,320,1025.65,375.65,73.68,34.54,0.3666,6,-1,-1
996,311,247.80,369.77,36.35,17.92,0.3766,4,-1,-1
996,329,402.92,402.71,47.14,18.90,0.5727,4,-1,-1
996,332,1103.19,473.57,67.86,28.29,0.8111,4,-1,-1
996,314,1253.37,413.01,84.31,32.95,0.7287,4,-1,-1
997,93,627.23,788.31,34.22,62.69,0.7649,1,-1,-1
997,280,813.43,501.78,193.08,97.38,0.8715,9,-1,-1
997,287,521.69,400.08,52.22,20.92,0.2288,4,-1,-1
997,298,551.97,481.69,78.04,49.43,0.8470,5,-1,-1
997,313,363.20,377.10,37.15,18.35,0.2814,4,-1,-1
997,293,488.93,458.17,69.43,44.59,0.8376,5,-1,-1
997,320,1035.12,376.15,74.94,35.13,0.4668,6,-1,-1
997,311,243.77,368.78,37.55,18.42,0.5029,4,-1,-1
997,329,397.93,403.20,43.85,17.29,0.4659,4,-1,-1
997,332,1095.77,472.66,67.06,28.25,0.8001,4,-1,-1
997,314,1264.47,413.97,86.20,33.71,0.7241,4,-1,-1
998,93,625.61,787.84,34.31,63.14,0.7372,1,-1,-1
998,280,818.56,502.35,194.47,98.35,0.8679,9,-1,-1
998,287,521.55,400.24,52.40,20.92,0.2524,4,-1,-1
998,298,554.56,482.40,78.01,49.47,0.8578,5,-1,-1
998,313,363.43,377.31,36.82,18.10,0.3090,4,-1,-1
998,293,491.23,458.76,69.62,44.65,0.8344,5,-1,-1
998,320,1042.50,377.59,74.21,34.74,0.6142,4,-1,-1
998,311,241.82,368.20,37.49,18.27,0.4805,4,-1,-1
998,329,395.29,403.87,42.46,16.53,0.4064,4,-1,-1
998,332,1086.69,470.32,70.60,30.01,0.7599,4,-1,-1
998,314,1273.50,415.09,89.78,35.18,0.7106,4,-1,-1
999,93,623.38,787.51,33.68,62.97,0.7303,1,-1,-1
999,280,823.67,503.33,198.15,100.73,0.8848,9,-1,-1
999,287,522.26,400.24,51.83,20.53,0.2524,4,-1,-1
999,298,558.30,483.30,78.07,49.41,0.8311,5,-1,-1
999,313,362.69,377.35,36.89,18.03,0.3225,4,-1,-1
999,293,495.00,459.12,70.08,45.03,0.8470,5,-1,-1
999,320,1052.89,377.98,74.76,34.89,0.4523,6,-1,-1
999,311,238.99,366.42,38.74,18.85,0.6234,4,-1,-1
999,329,390.40,404.89,45.74,17.87,0.3303,4,-1,-1
999,332,1078.53,468.60,71.59,30.81,0.6951,4,-1,-1
999,314,1285.75,416.53,91.80,35.92,0.5429,4,-1,-1
1000,93,620.79,787.52,33.04,62.80,0.7194,1,-1,-1
1000,280,834.33,505.22,191.68,97.25,0.8800,9,-1,-1
1000,287,521.52,400.05,52.51,20.71,0.2436,4,-1,-1
1000,298,562.12,484.76,77.10,48.66,0.8558,5,-1,-1
1000,313,363.05,377.31,37.97,18.37,0.3451,4,-1,-1
1000,293,498.87,459.97,69.73,44.81,0.8105,5,-1,-1
1000,320,1063.14,379.26,75.79,35.30,0.1727,6,-1,-1
1000,311,235.46,364.93,40.12,19.55,0.5000,4,-1,-1
1000,329,383.88,408.46,49.57,19.54,0.4698,4,-1,-1
1000,332,1064.72,464.36,78.06,34.25,0.6522,4,-1,-1
1000,314,1301.01,418.08,93.51,36.58,0.7535,4,-1,-1
1001,93,618.97,787.69,32.34,62.63,0.7098,1,-1,-1
1001,280,840.48,506.29,190.76,96.59,0.8558,9,-1,-1
1001,287,522.26,400.30,51.90,20.42,0.2372,4,-1,-1
1001,298,564.78,485.83,76.66,48.16,0.8661,5,-1,-1
1001,313,363.24,377.26,38.54,18.50,0.3513,4,-1,-1
1001,293,501.96,460.97,69.19,44.43,0.8093,5,-1,-1
1001,320,1069.86,380.03,76.97,35.73,0.7341,4,-1,-1
1001,311,233.12,363.95,41.15,20.17,0.5516,4,-1,-1
1001,329,380.56,409.66,50.96,20.19,0.5361,4,-1,-1
1001,332,1058.01,462.29,79.14,35.40,0.6234,4,-1,-1
1001,314,1312.27,419.14,91.53,35.59,0.7879,4,-1,-1
1001,344,604.80,432.28,50.74,21.93,0.5205,4,-1,-1
1002,93,616.52,787.68,31.81,63.38,0.6610,1,-1,-1
1002,280,846.32,507.05,196.69,99.50,0.8715,9,-1,-1
1002,287,522.55,400.61,51.17,20.15,0.1795,4,-1,-1
1002,298,568.38,486.16,77.59,48.73,0.8344,5,-1,-1
1002,313,362.57,377.32,38.89,18.49,0.2295,5,-1,-1
1002,293,505.64,461.65,69.19,44.47,0.8187,5,-1,-1
1002,320,1079.86,381.18,78.19,36.32,0.6567,4,-1,-1
1002,311,229.59,362.57,42.07,20.70,0.2854,4,-1,-1
1002,329,376.30,410.31,52.49,20.97,0.5708,4,-1,-1
1002,332,1052.88,461.52,76.80,35.06,0.6114,4,-1,-1
1002,314,1323.82,420.94,95.82,37.21,0.6826,4,-1,-1
1002,344,605.90,431.18,52.13,22.52,0.4475,4,-1,-1
1002,345,751.81,343.03,51.00,22.87,0.5708,4,-1,-1
1002,346,376.81,394.60,57.25,20.40,0.4863,4,-1,-1
1003,93,614.56,787.13,31.75,64.93,0.6496,1,-1,-1
1003,280,851.90,508.62,194.42,98.10,0.8766,9,-1,-1
1003,287,522.23,400.79,50.82,20.08,0.1480,4,-1,-1
1003,298,571.12,486.62,77.77,48.84,0.7957,5,-1,-1
1003,313,361.56,377.42,39.48,18.63,0.2379,5,-1,-1
1003,293,508.72,461.86,70.05,45.10,0.8439,5,-1,-1
1003,320,1087.34,382.55,77.66,35.87,0.6261,4,-1,-1
1003,311,227.93,362.07,41.57,20.55,0.3766,4,-1,-1
1003,329,374.04,410.00,53.74,21.69,0.5302,4,-1,-1
1003,332,1049.76,462.89,71.73,33.15,0.5898,4,-1,-1
1003,314,1332.09,422.97,99.73,38.88,0.3621,4,-1,-1
1003,344,605.43,430.69,53.11,22.85,0.1700,4,-1,-1
1003,345,756.11,343.41,48.31,21.60,0.5361,4,-1,-1
1003,346,375.10,394.54,58.84,21.01,0.4359,4,-1,-1
1004,93,613.16,786.94,31.49,65.53,0.7025,1,-1,-1
1004,280,857.88,509.81,195.96,98.75,0.8832,9,-1,-1
1004,287,522.58,400.78,50.33,19.85,0.2309,4,-1,-1
1004,298,574.36,487.50,77.32,48.32,0.8093,5,-1,-1
1004,313,361.23,377.12,38.99,18.33,0.3294,4,-1,-1
1004,293,513.07,463.13,69.40,44.57,0.7944,5,-1,-1
1004,320,1096.81,384.02,78.18,36.08,0.4523,4,-1,-1
1004,311,226.09,361.91,40.23,19.93,0.4494,4,-1,-1
1004,329,370.28,409.09,53.40,21.74,0.2814,4,-1,-1
1004,332,1042.64,462.85,69.57,32.37,0.4698,4,-1,-1
1004,314,1346.67,425.03,98.45,38.24,0.6388,4,-1,-1
1004,344,612.61,430.51,51.43,22.23,0.1461,4,-1,-1
1004,345,761.95,344.16,51.71,23.17,0.4980,4,-1,-1
1004,346,372.09,394.20,57.01,20.38,0.4149,4,-1,-1
1005,93,611.60,788.53,30.89,64.29,0.7233,1,-1,-1
1005,280,862.61,510.34,199.51,100.73,0.7982,9,-1,-1
1005,287,523.35,400.79,50.27,19.78,0.2344,4,-1,-1
1005,298,577.70,487.89,78.17,48.79,0.8245,5,-1,-1
1005,313,361.17,376.86,38.74,18.18,0.3585,4,-1,-1
1005,293,516.88,463.82,69.79,44.76,0.7957,5,-1,-1
1005,320,1107.56,384.56,80.90,37.46,0.7154,4,-1,-1
1005,311,222.86,360.98,40.32,20.01,0.7033,4,-1,-1
1005,329,364.43,409.32,51.85,21.34,0.2576,4,-1,-1
1005,332,1035.03,461.20,67.93,31.72,0.2854,4,-1,-1
1005,314,1363.05,427.16,97.63,37.73,0.6234,4,-1,-1
1005,344,614.12,431.11,49.38,21.35,0.1303,4,-1,-1
1005,345,772.58,344.91,49.47,22.24,0.2713,4,-1,-1
1005,346,366.15,394.80,64.24,23.23,0.3657,4,-1,-1
1006,93,609.14,790.08,31.28,64.34,0.7793,1,-1,-1
1006,280,866.77,510.78,201.62,101.89,0.7918,9,-1,-1
1006,287,523.28,400.94,50.85,19.99,0.2862,4,-1,-1
1006,298,579.73,488.12,79.35,49.61,0.8439,5,-1,-1
1006,313,360.77,377.13,39.13,18.37,0.3648,4,-1,-1
1006,293,520.74,464.05,70.97,45.47,0.8210,5,-1,-1
1006,320,1115.40,385.63,82.30,38.01,0.7976,4,-1,-1
1006,311,220.69,360.00,41.10,20.54,0.7394,4,-1,-1
1006,329,364.35,409.95,49.49,20.38,0.1901,4,-1,-1
1006,332,1030.29,460.13,68.15,31.68,0.1264,4,-1,-1
1006,314,1373.35,427.94,99.67,38.38,0.6370,4,-1,-1
1006,345,776.94,345.66,49.08,22.09,0.3460,4,-1,-1
1006,346,362.38,394.32,66.07,24.18,0.3961,4,-1,-1
1007,93,606.80,789.47,32.31,65.63,0.7635,1,-1,-1
1007,280,871.81,511.65,205.40,104.20,0.6843,9,-1,-1
1007,287,524.92,401.08,50.35,19.84,0.2606,4,-1,-1
1007,298,582.04,488.91,79.68,50.01,0.8397,5,-1,-1
1007,313,360.48,376.84,39.76,18.76,0.3149,4,-1,-1
1007,293,524.84,464.80,70.91,45.45,0.8355,5,-1,-1
1007,320,1125.11,386.94,82.41,38.13,0.7925,4,-1,-1
1007,311,218.47,359.01,40.98,20.55,0.6575,4,-1,-1
1007,329,358.11,407.91,51.64,21.62,0.1859,4,-1,-1
1007,332,1027.82,459.48,68.52,31.68,0.1037,4,-1,-1
1007,314,1384.06,430.19,109.31,42.45,0.6077,4,-1,-1
1007,345,779.81,345.95,49.28,22.25,0.4054,4,-1,-1
1007,346,357.33,393.69,67.08,24.85,0.2934,4,-1,-1
1008,93,604.90,789.48,33.05,65.98,0.7786,1,-1,-1
1008,280,876.60,512.71,203.46,103.38,0.7476,9,-1,-1
1008,287,526.56,401.31,50.14,19.86,0.2180,4,-1,-1
1008,298,584.65,489.75,79.26,49.84,0.8117,5,-1,-1
1008,313,360.45,376.88,39.69,18.84,0.3478,4,-1,-1
1008,293,528.27,465.63,71.26,45.48,0.8032,5,-1,-1
1008,320,1131.97,387.55,83.49,38.67,0.7432,4,-1,-1
1008,311,217.41,358.76,40.12,20.13,0.6610,4,-1,-1
1008,329,354.02,406.57,52.56,22.41,0.1801,4,-1,-1
1008,332,1026.21,458.99,69.07,31.84,0.1246,4,-1,-1
1008,314,1394.06,431.37,109.77,42.92,0.5765,4,-1,-1
1008,345,784.82,346.88,47.34,21.37,0.5689,4,-1,-1
1008,346,353.21,393.55,66.64,24.95,0.3858,4,-1,-1
1009,93,603.17,790.83,33.59,65.64,0.7866,1,-1,-1
1009,280,881.60,513.69,201.94,103.11,0.7879,9,-1,-1
1009,287,528.13,401.63,51.02,20.35,0.1956,4,-1,-1
1009,298,587.88,490.79,78.43,49.39,0.8044,5,-1,-1
1009,313,360.17,376.94,40.18,19.17,0.3648,4,-1,-1
1009,293,531.92,466.11,71.25,45.45,0.8222,5,-1,-1
1009,320,1143.67,389.78,83.70,38.73,0.6637,4,-1,-1
1009,311,214.60,357.44,41.13,20.80,0.5166,4,-1,-1
1009,329,347.89,404.83,54.85,23.88,0.1883,4,-1,-1
1009,332,1012.75,455.06,73.48,35.02,0.3951,4,-1,-1
1009,314,1409.15,433.49,109.57,42.89,0.5689,4,-1,-1
1009,345,790.56,347.68,47.92,21.58,0.4513,4,-1,-1
1009,346,349.42,393.24,65.80,24.90,0.5516,4,-1,-1
1009,350,728.20,401.68,44.82,20.89,0.5263,4,-1,-1
1010,93,601.80,792.02,33.85,64.63,0.7886,1,-1,-1
1010,280,893.91,515.42,197.11,100.26,0.7170,9,-1,-1
1010,287,528.22,401.86,50.14,20.12,0.1651,4,-1,-1
1010,298,592.03,491.33,79.88,50.34,0.8069,5,-1,-1
1010,313,359.98,376.99,40.57,19.48,0.3766,4,-1,-1
1010,293,535.87,467.08,71.19,45.42,0.8117,5,-1,-1
1010,320,1155.84,391.15,85.00,39.21,0.3320,4,-1,-1
1010,311,212.45,358.05,39.02,19.62,0.6558,4,-1,-1
1010,329,346.04,404.69,53.21,23.42,0.1048,4,-1,-1
1010,332,997.59,451.97,77.00,37.48,0.4083,4,-1,-1
1010,314,1427.09,435.83,106.63,41.63,0.4922,4,-1,-1
1010,345,796.90,348.60,48.05,21.54,0.3065,4,-1,-1
1010,346,346.43,393.27,63.35,24.25,0.5322,4,-1,-1
1010,350,724.65,401.31,43.63,20.31,0.5823,4,-1,-1
1011,93,600.86,792.53,33.97,64.04,0.7746,1,-1,-1
1011,280,901.34,516.44,196.26,99.41,0.7025,9,-1,-1
1011,287,525.71,401.56,49.84,20.00,0.2247,4,-1,-1
1011,298,594.64,491.60,80.91,51.06,0.8366,5,-1,-1
1011,313,359.35,376.23,43.31,21.02,0.3648,5,-1,-1
1011,293,538.37,467.63,71.37,45.71,0.7621,5,-1,-1
1011,320,1164.11,392.05,86.29,39.85,0.5525,6,-1,-1
1011,311,211.83,358.90,36.74,18.31,0.6379,4,-1,-1
1011,332,993.20,452.82,73.45,36.43,0.4591,4,-1,-1
1011,314,1439.98,437.32,105.57,41.08,0.5898,4,-1,-1
1011,345,798.78,349.22,50.73,22.69,0.2337,4,-1,-1
1011,346,345.47,393.02,59.64,22.95,0.6030,4,-1,-1
1011,350,722.22,400.90,43.07,20.01,0.6379,4,-1,-1
1012,93,599.26,792.60,33.44,62.64,0.7542,1,-1,-1
1012,280,910.79,518.38,193.20,97.14,0.6876,9,-1,-1
1012,287,527.24,401.63,48.16,19.37,0.1640,4,-1,-1
1012,298,598.56,492.42,80.74,51.05,0.8245,5,-1,-1
1012,313,359.00,375.99,43.46,21.27,0.3242,5,-1,-1
1012,293,542.65,468.20,71.58,46.00,0.8129,5,-1,-1
1012,320,1176.00,393.24,86.17,39.71,0.7233,6,-1,-1
1012,311,209.47,358.60,35.81,17.64,0.6307,4,-1,-1
1012,332,988.04,453.80,66.81,33.34,0.6406,4,-1,-1
1012,314,1456.06,439.73,103.12,39.84,0.6442,4,-1,-1
1012,345,806.36,350.27,47.47,20.99,0.3858,4,-1,-1
1012,346,342.85,391.98,56.86,22.00,0.5842,4,-1,-1
1012,350,721.45,399.95,42.47,19.80,0.5438,4,-1,-1
1013,93,597.87,792.42,33.41,62.22,0.7670,1,-1,-1
1013,280,916.68,520.74,193.47,96.58,0.6984,9,-1,-1
1013,287,529.37,401.68,46.65,18.73,0.2444,4,-1,-1
1013,298,601.21,493.15,80.34,50.86,0.8459,5,-1,-1
1013,313,359.20,375.84,42.22,20.71,0.2862,5,-1,-1
1013,293,546.37,468.68,72.30,46.40,0.8081,5,-1,-1
1013,320,1184.53,394.30,87.36,40.18,0.5775,6,-1,-1
1013,311,207.07,357.56,36.92,18.09,0.6234,4,-1,-1
1013,332,985.79,457.06,59.06,29.21,0.6215,4,-1,-1
1013,314,1468.27,441.62,104.41,40.22,0.4054,4,-1,-1
1013,345,810.11,350.48,46.58,20.44,0.2854,4,-1,-1
1013,346,339.60,391.39,57.90,22.59,0.6160,4,-1,-1
1013,350,721.03,399.31,42.37,19.88,0.5477,4,-1,-1
1014,93,596.39,792.17,33.24,62.19,0.6505,1,-1,-1
1014,280,922.60,521.24,197.90,98.36,0.8578,9,-1,-1
1014,287,528.18,401.56,47.03,18.72,0.3558,4,-1,-1
1014,298,604.46,493.39,81.82,52.01,0.8549,5,-1,-1
1014,313,359.53,375.67,41.14,20.15,0.2591,5,-1,-1
1014,293,551.57,469.62,71.92,45.95,0.7944,5,-1,-1
1014,320,1196.87,396.32,87.36,40.02,0.5983,6,-1,-1
1014,311,204.55,356.25,37.87,18.58,0.5670,4,-1,-1
1014,332,980.90,458.27,54.09,26.30,0.1761,4,-1,-1
1014,314,1480.65,442.37,110.27,42.48,0.4330,4,-1,-1
1014,345,813.20,351.14,52.12,22.91,0.2967,4,-1,-1
1014,346,337.10,390.61,57.41,22.57,0.6289,4,-1,-1
1014,350,720.11,398.78,41.75,19.89,0.5477,4,-1,-1
1015,93,592.66,791.39,33.02,62.97,0.6689,1,-1,-1
1015,280,933.11,523.94,193.61,95.35,0.7860,9,-1,-1
1015,287,526.59,401.27,47.61,18.75,0.4121,4,-1,-1
1015,298,608.69,494.52,81.71,51.98,0.8233,5,-1,-1
1015,313,358.96,375.69,41.14,20.05,0.2553,5,-1,-1
1015,293,557.04,470.36,72.26,45.87,0.7994,5,-1,-1
1015,320,1210.26,398.47,86.06,39.40,0.6243,6,-1,-1
1015,311,200.44,354.95,39.15,19.20,0.6270,4,-1,-1
1015,332,970.81,458.97,52.69,25.57,0.3702,4,-1,-1
1015,314,1497.84,443.90,113.54,43.75,0.5898,4,-1,-1
1015,345,818.91,351.51,55.36,24.50,0.3208,4,-1,-1
1015,346,333.42,389.66,59.30,23.41,0.6142,4,-1,-1
1015,350,713.97,398.13,44.56,21.35,0.1551,5,-1,-1
1015,351,517.82,423.62,60.29,23.80,0.5419,4,-1,-1
1015,352,482.70,376.87,34.19,17.08,0.5117,4,-1,-1
1016,93,590.63,791.06,32.40,62.95,0.6549,1,-1,-1
1016,280,935.83,522.97,200.05,98.08,0.8222,9,-1,-1
1016,287,525.41,401.31,49.13,19.19,0.3407,4,-1,-1
1016,298,613.09,496.94,78.52,49.77,0.8044,5,-1,-1
1016,313,359.54,375.88,40.07,19.43,0.2247,5,-1,-1
1016,293,560.43,471.29,72.85,45.99,0.7982,5,-1,-1
1016,320,1218.79,398.34,88.76,40.62,0.7476,6,-1,-1
1016,311,198.95,354.87,38.21,18.61,0.6234,4,-1,-1
1016,332,965.35,458.81,52.54,25.48,0.5458,4,-1,-1
1016,314,1507.65,444.67,118.33,45.69,0.4359,4,-1,-1
1016,345,824.01,351.91,53.94,23.95,0.5185,4,-1,-1
1016,346,332.09,389.56,58.72,23.16,0.5917,4,-1,-1
1016,350,712.54,397.94,43.62,21.05,0.2546,4,-1,-1
1016,351,515.76,423.02,61.03,24.14,0.5612,4,-1,-1
1016,352,481.51,377.12,33.36,16.66,0.5651,4,-1,-1
1017,93,588.45,790.59,31.85,63.43,0.5784,1,-1,-1
1017,280,938.58,523.69,210.27,103.29,0.8355,9,-1,-1
1017,287,520.07,400.34,47.53,18.79,0.4523,4,-1,-1
1017,298,615.89,496.96,79.85,50.57,0.7918,5,-1,-1
1017,313,359.88,375.95,40.39,19.60,0.2095,5,-1,-1
1017,293,564.14,472.03,74.18,46.77,0.7957,5,-1,-1
1017,320,1232.67,400.60,86.76,39.51,0.5641,6,-1,-1
1017,311,195.53,352.64,40.31,19.78,0.5574,4,-1,-1
1017,332,958.66,458.63,51.30,24.74,0.7585,4,-1,-1
1017,314,1524.08,446.94,121.43,47.09,0.7295,4,-1,-1
1017,345,830.12,352.66,54.81,24.48,0.4158,4,-1,-1
1017,346,329.07,389.12,62.05,24.51,0.5804,4,-1,-1
1017,351,513.89,423.25,60.03,23.81,0.5244,4,-1,-1
1017,352,481.12,377.14,31.93,15.89,0.5244,4,-1,-1
1018,93,586.99,790.21,31.51,64.18,0.5137,1,-1,-1
1018,280,943.48,524.21,213.25,104.80,0.8376,9,-1,-1
1018,287,518.77,399.95,46.20,18.45,0.4263,4,-1,-1
1018,298,618.27,497.09,80.64,51.09,0.8081,5,-1,-1
1018,313,360.40,376.82,39.53,19.02,0.3124,4,-1,-1
1018,293,566.56,471.91,76.03,48.06,0.7982,5,-1,-1
1018,320,1241.16,401.96,86.80,39.12,0.6280,6,-1,-1
1018,311,194.26,352.21,39.80,19.62,0.6123,4,-1,-1
1018,332,953.29,457.66,51.82,24.93,0.7571,4,-1,-1
1018,314,1536.05,448.62,123.06,47.94,0.7944,4,-1,-1
1018,345,835.43,353.15,53.06,23.67,0.5400,4,-1,-1
1018,346,329.29,389.10,59.11,23.15,0.5535,4,-1,-1
1018,351,513.48,421.93,63.83,25.45,0.2415,4,-1,-1
1018,352,476.66,377.06,30.93,15.40,0.4513,4,-1,-1
1019,93,585.41,791.64,30.45,63.13,0.5936,1,-1,-1
1019,280,947.44,525.65,219.81,108.42,0.8652,9,-1,-1
1019,287,519.97,400.14,48.27,19.25,0.4121,4,-1,-1
1019,298,621.25,497.48,80.80,51.08,0.7853,5,-1,-1
1019,313,361.04,376.57,40.16,19.41,0.2031,5,-1,-1
1019,293,571.96,473.12,76.31,48.07,0.7677,5,-1,-1
1019,320,1252.14,403.45,89.54,40.19,0.7402,4,-1,-1
1019,311,191.65,351.30,40.78,20.27,0.5651,4,-1,-1
1019,332,948.21,456.52,52.66,24.97,0.7963,4,-1,-1
1019,314,1553.49,450.96,121.41,47.24,0.7759,4,-1,-1
1019,345,840.92,354.27,52.84,23.43,0.3285,5,-1,-1
1019,346,322.26,388.13,59.60,23.55,0.5612,4,-1,-1
1019,351,504.80,421.15,60.64,24.28,0.5689,4,-1,-1
1019,352,472.76,376.46,30.22,14.97,0.4863,4,-1,-1
1020,93,583.90,791.25,30.39,63.38,0.6645,1,-1,-1
1020,280,956.61,527.08,220.93,109.09,0.8715,9,-1,-1
1020,287,522.66,400.62,49.94,19.66,0.4873,4,-1,-1
1020,298,624.10,497.75,82.09,51.82,0.7677,5,-1,-1
1020,313,362.66,377.07,39.14,18.88,0.2546,5,-1,-1
1020,293,575.89,474.27,75.97,47.87,0.7549,5,-1,-1
1020,320,1266.96,406.17,88.83,39.57,0.5351,6,-1,-1
1020,311,190.26,350.87,38.47,19.08,0.4785,4,-1,-1
1020,332,940.89,456.04,51.62,24.14,0.8050,4,-1,-1
1020,314,1572.76,453.41,121.02,47.03,0.7969,4,-1,-1
1020,345,849.86,355.91,50.29,22.03,0.2043,5,-1,-1
1020,346,318.83,387.48,55.07,21.97,0.5244,4,-1,-1
1020,351,498.57,420.01,59.17,23.91,0.4922,4,-1,-1
1020,352,470.57,376.08,30.42,14.93,0.5612,4,-1,-1
1021,93,582.38,791.52,30.47,63.45,0.7114,1,-1,-1
1021,280,962.20,528.58,221.67,109.62,0.8872,9,-1,-1
1021,287,521.13,400.99,49.67,19.34,0.3693,4,-1,-1
1021,298,628.05,498.63,81.50,51.49,0.7564,5,-1,-1
1021,313,362.64,377.15,38.32,18.41,0.3951,4,-1,-1
1021,293,579.77,474.84,75.52,47.41,0.7773,5,-1,-1
1021,320,1276.27,406.88,91.69,40.67,0.7718,4,-1,-1
1021,311,187.88,350.25,39.09,19.43,0.5137,4,-1,-1
1021,332,935.71,455.55,51.86,23.98,0.7950,4,-1,-1
1021,314,1587.42,455.23,119.79,46.40,0.8019,4,-1,-1
1021,345,853.74,356.29,52.52,22.88,0.4639,4,-1,-1
1021,346,315.52,386.29,55.83,22.48,0.6325,4,-1,-1
1021,351,496.83,420.55,57.22,23.10,0.2546,4,-1,-1
1021,352,470.14,375.75,30.38,14.74,0.5010,4,-1,-1
1022,93,579.26,792.20,31.03,63.31,0.7303,1,-1,-1
1022,280,970.75,530.67,222.38,110.04,0.8783,9,-1,-1
1022,287,518.67,400.81,47.72,18.75,0.4216,4,-1,-1
1022,298,634.11,501.20,78.50,49.32,0.7944,5,-1,-1
1022,313,362.67,376.95,38.06,18.25,0.3594,4,-1,-1
1022,293,584.73,476.26,74.22,46.39,0.7691,5,-1,-1
1022,320,1288.77,408.27,94.04,41.54,0.8007,4,-1,-1
1022,311,184.94,349.00,40.40,20.26,0.5263,4,-1,-1
1022,332,928.29,454.73,52.58,24.00,0.8038,4,-1,-1
1022,314,1606.26,457.73,119.62,46.23,0.8490,4,-1,-1
1022,345,858.94,357.38,53.39,23.11,0.4698,4,-1,-1
1022,346,313.55,385.36,53.83,21.79,0.6415,4,-1,-1
1022,351,486.06,421.18,54.82,22.00,0.5438,4,-1,-1
1022,352,470.76,375.40,33.77,16.03,0.3065,4,-1,-1
1023,93,577.05,790.76,32.50,65.16,0.7202,1,-1,-1
1023,280,973.31,531.95,230.22,114.53,0.8273,9,-1,-1
1023,287,517.25,400.60,47.24,18.76,0.4282,4,-1,-1
1023,298,637.66,503.02,76.88,48.09,0.7372,5,-1,-1
1023,313,362.51,376.92,37.86,18.07,0.3849,4,-1,-1
1023,293,587.25,476.63,74.93,46.89,0.7249,5,-1,-1
1023,320,1298.03,409.15,96.28,42.42,0.7786,4,-1,-1
1023,311,182.96,348.26,40.87,20.68,0.5438,4,-1,-1
1023,332,922.83,454.17,53.46,24.20,0.8050,4,-1,-1
1023,314,1618.48,460.49,121.92,47.04,0.8152,4,-1,-1
1023,345,868.69,361.59,46.41,19.64,0.4824,4,-1,-1
1023,346,310.22,384.68,56.00,22.84,0.6540,4,-1,-1
1023,351,482.45,421.75,52.85,21.04,0.5746,4,-1,-1
1023,352,469.83,374.60,35.20,16.40,0.3183,4,-1,-1
1024,93,574.92,790.49,33.46,65.57,0.7439,1,-1,-1
1024,280,979.24,533.62,232.44,115.99,0.8592,9,-1,-1
1024,287,517.89,400.47,47.47,18.99,0.3840,4,-1,-1
1024,298,640.32,502.31,79.79,49.87,0.6478,5,-1,-1
1024,313,362.44,376.81,37.67,17.87,0.4196,4,-1,-1
1024,293,589.67,476.97,75.15,47.38,0.7635,5,-1,-1
1024,320,1311.64,411.13,96.29,42.25,0.7892,4,-1,-1
1024,311,181.95,348.81,37.93,19.15,0.5166,4,-1,-1
1024,332,915.84,453.65,53.87,24.21,0.7886,4,-1,-1
1024,314,1635.64,462.75,124.99,48.14,0.8397,4,-1,-1
1024,345,874.20,363.22,46.82,19.53,0.1466,4,-1,-1
1024,346,306.83,383.82,56.76,23.51,0.6179,4,-1,-1
1024,351,475.02,420.30,54.30,21.89,0.5823,4,-1,-1
1024,352,464.24,373.78,34.24,16.04,0.4235,4,-1,-1
1024,350,683.55,395.52,39.22,18.86,0.5380,4,-1,-1
1025,93,572.50,788.24,35.61,68.79,0.7447,1,-1,-1
1025,280,990.33,535.07,227.02,113.10,0.8239,9,-1,-1
1025,287,515.79,400.23,46.12,18.78,0.3812,4,-1,-1
1025,298,643.80,503.67,80.50,50.08,0.7718,5,-1,-1
1025,313,362.56,376.71,37.81,17.87,0.4073,4,-1,-1
1025,293,594.52,477.20,75.13,47.64,0.7506,5,-1,-1
1025,320,1327.39,413.06,96.59,42.21,0.7090,4,-1,-1
1025,311,180.27,348.64,36.77,18.51,0.5010,4,-1,-1
1025,332,904.65,451.70,56.35,25.08,0.7432,4,-1,-1
1025,314,1655.35,465.60,128.07,49.36,0.7944,4,-1,-1
1025,345,882.42,365.48,47.36,19.39,0.2075,4,-1,-1
1025,346,302.79,382.99,56.78,23.74,0.6397,4,-1,-1
1025,351,470.87,419.48,52.62,21.42,0.6067,4,-1,-1
1025,352,461.78,373.14,33.77,16.02,0.2666,4,-1,-1
1025,350,681.86,396.13,37.55,17.87,0.5263,4,-1,-1
1026,93,570.84,787.66,36.79,70.05,0.7280,1,-1,-1
1026,280,994.40,535.45,230.58,115.04,0.8736,9,-1,-1
1026,287,514.53,399.80,44.68,18.35,0.3684,4,-1,-1
1026,298,646.99,504.09,80.91,50.30,0.8093,5,-1,-1
1026,313,362.73,376.60,37.89,17.86,0.4026,4,-1,-1
1026,293,597.26,477.27,75.48,48.20,0.7461,5,-1,-1
1026,320,1337.87,414.62,96.54,41.96,0.7663,4,-1,-1
1026,311,178.52,348.21,36.59,18.35,0.5612,4,-1,-1
1026,332,898.89,450.86,57.67,25.46,0.7417,4,-1,-1
1026,314,1668.92,466.77,132.73,51.27,0.8069,4,-1,-1
1026,345,887.30,365.52,47.95,19.45,0.2999,4,-1,-1
1026,346,300.13,382.89,57.28,24.20,0.6343,4,-1,-1
1026,351,470.83,418.53,52.10,21.61,0.5224,4,-1,-1
1026,352,460.42,373.02,32.16,15.44,0.2628,4,-1,-1
1026,350,679.24,395.62,38.69,18.43,0.4971,4,-1,-1
1027,93,569.99,789.97,35.91,67.15,0.6610,1,-1,-1
1027,280,1004.43,536.11,230.04,114.76,0.8652,9,-1,-1
1027,287,514.21,400.13,43.86,18.26,0.3594,4,-1,-1
1027,298,650.39,504.59,82.06,51.08,0.8387,5,-1,-1
1027,313,362.47,376.50,38.66,18.22,0.3989,4,-1,-1
1027,293,602.68,477.42,75.51,48.44,0.7905,5,-1,-1
1027,320,1350.79,416.17,99.55,43.20,0.2422,6,-1,-1
1027,311,175.84,347.36,36.85,18.46,0.5727,4,-1,-1
1027,332,892.81,449.50,59.29,26.43,0.7394,4,-1,-1
1027,314,1689.44,468.79,131.43,50.61,0.8056,4,-1,-1
1027,345,891.56,366.87,52.03,20.88,0.1705,4,-1,-1
1027,346,294.82,382.54,57.87,24.65,0.5974,4,-1,-1
1027,351,464.42,417.62,53.17,22.10,0.5535,4,-1,-1
1027,352,459.51,372.69,31.41,15.37,0.3558,4,-1,-1
1027,350,677.32,396.14,36.94,17.51,0.4504,4,-1,-1
1028,93,569.12,790.62,35.76,66.18,0.5974,1,-1,-1
1028,280,1014.42,536.75,223.89,111.03,0.7786,9,-1,-1
1028,287,514.94,400.33,42.50,17.94,0.3372,4,-1,-1
1028,298,652.97,505.09,82.22,51.16,0.8880,5,-1,-1
1028,313,362.36,376.47,39.10,18.43,0.4311,4,-1,-1
1028,293,607.05,477.48,76.22,48.89,0.7356,5,-1,-1
1028,320,1360.92,416.90,102.05,44.24,0.7592,4,-1,-1
1028,311,173.41,345.93,38.28,19.24,0.5477,4,-1,-1
1028,332,886.96,447.71,61.78,27.87,0.6951,4,-1,-1
1028,314,1702.28,470.49,133.64,51.42,0.8019,4,-1,-1
1028,345,892.69,363.70,57.11,23.08,0.3693,4,-1,-1
1028,346,291.73,382.28,57.60,24.62,0.6030,4,-1,-1
1028,351,462.65,417.99,52.30,21.79,0.5049,4,-1,-1
1028,352,455.12,371.34,33.29,16.43,0.1813,4,-1,-1
1028,350,677.01,395.47,36.72,17.51,0.4369,4,-1,-1
1029,93,568.17,791.96,35.08,64.66,0.5574,1,-1,-1
1029,280,1019.49,538.59,232.15,115.34,0.7988,9,-1,-1
1029,287,514.25,400.22,43.16,18.46,0.3711,4,-1,-1
1029,298,656.74,505.69,83.17,51.86,0.8500,5,-1,-1
1029,313,362.14,376.44,39.28,18.50,0.4446,4,-1,-1
1029,293,613.03,478.95,75.12,47.95,0.6758,5,-1,-1
1029,320,1375.66,418.37,102.38,44.24,0.3757,4,-1,-1
1029,311,171.24,345.31,37.67,18.91,0.3951,4,-1,-1
1029,332,879.58,445.23,64.18,29.52,0.6645,4,-1,-1
1029,314,1722.69,473.66,132.95,50.99,0.7813,4,-1,-1
1029,345,898.21,363.31,55.80,22.65,0.5419,4,-1,-1
1029,346,290.30,382.14,55.39,23.74,0.5974,4,-1,-1
1029,351,455.21,417.99,52.75,21.79,0.5574,4,-1,-1
1029,350,676.01,395.06,36.52,17.58,0.2744,4,-1,-1
1030,93,565.20,792.26,35.00,64.54,0.2983,1,-1,-1
1030,280,1024.58,540.77,243.99,121.82,0.8397,9,-1,-1
1030,287,514.88,400.32,41.95,18.15,0.3407,4,-1,-1
1030,298,660.22,506.47,83.72,51.99,0.8256,5,-1,-1
1030,313,362.39,376.65,38.82,18.25,0.3877,4,-1,-1
1030,293,617.94,480.65,73.86,47.03,0.6860,5,-1,-1
1030,320,1391.30,420.42,103.71,44.59,0.2674,4,-1,-1
1030,311,170.41,346.38,34.60,17.18,0.3711,4,-1,-1
1030,332,871.37,442.17,66.79,31.45,0.6030,4,-1,-1
1030,314,1742.10,476.52,140.46,54.16,0.8117,4,-1,-1
1030,345,902.92,363.58,54.96,22.68,0.5593,4,-1,-1
1030,346,288.76,381.40,53.52,22.91,0.5535,4,-1,-1
1030,351,448.97,417.19,53.19,21.97,0.5380,4,-1,-1
1030,350,674.88,394.39,36.29,17.89,0.3942,4,-1,-1
1031,93,562.83,790.72,35.49,65.99,0.4017,1,-1,-1
1031,280,1027.68,542.31,247.51,123.94,0.8371,9,-1,-1
1031,287,515.02,400.41,41.33,18.07,0.3549,4,-1,-1
1031,298,661.79,506.77,84.60,52.29,0.8615,5,-1,-1
1031,313,362.21,376.72,39.16,18.41,0.3730,4,-1,-1
1031,293,622.01,482.13,72.90,46.30,0.7417,5,-1,-1
1031,320,1403.24,421.36,106.05,45.48,0.7853,4,-1,-1
1031,311,169.16,346.48,33.99,16.82,0.4951,4,-1,-1
1031,332,867.05,441.04,66.30,31.92,0.5955,4,-1,-1
1031,314,1756.42,477.84,143.11,55.50,0.8056,4,-1,-1
1031,345,909.12,363.25,57.23,23.70,0.5516,4,-1,-1
1031,346,287.58,380.56,52.74,22.73,0.5554,4,-1,-1
1031,351,444.15,416.22,53.85,22.36,0.5842,4,-1,-1
1031,350,677.48,393.05,38.40,18.90,0.4111,4,-1,-1
1032,93,560.02,789.65,34.94,66.57,0.1352,1,-1,-1
1032,280,1026.07,543.81,266.34,134.92,0.8592,9,-1,-1
1032,287,516.04,400.44,39.96,17.61,0.3478,4,-1,-1
1032,298,666.64,508.24,84.49,52.11,0.8539,5,-1,-1
1032,313,361.76,376.93,39.72,18.69,0.4321,4,-1,-1
1032,293,628.55,484.72,70.13,44.19,0.7535,5,-1,-1
1032,320,1418.63,423.96,106.09,45.43,0.7649,4,-1,-1
1032,311,169.47,346.42,31.87,15.86,0.5322,4,-1,-1
1032,332,856.21,438.92,69.68,34.25,0.1176,4,-1,-1
1032,314,1775.22,480.57,146.68,57.27,0.7058,4,-1,-1
1032,345,915.05,363.78,57.50,24.02,0.1276,4,-1,-1
1032,346,283.98,379.53,55.13,24.13,0.6049,4,-1,-1
1032,351,441.12,415.65,51.54,21.53,0.6011,4,-1,-1
1032,350,674.89,389.44,46.52,23.26,0.1476,5,-1,-1
1033,93,558.25,789.76,33.88,66.17,0.2975,1,-1,-1
1033,280,1028.14,544.94,274.24,140.56,0.8573,9,-1,-1
1033,287,516.47,400.59,40.08,17.78,0.3933,4,-1,-1
1033,298,670.44,508.99,84.64,52.26,0.8597,5,-1,-1
1033,313,361.56,377.00,39.86,18.77,0.4893,4,-1,-1
1033,293,631.89,485.81,69.87,43.90,0.7840,5,-1,-1
1033,320,1429.88,426.06,106.32,45.43,0.7074,4,-1,-1
1033,311,170.15,346.07,30.42,15.34,0.5651,4,-1,-1
1033,314,1785.86,483.27,148.80,59.09,0.7879,4,-1,-1
1033,345,918.49,364.76,54.78,23.37,0.3989,4,-1,-1
1033,346,281.68,378.54,55.99,24.92,0.5936,4,-1,-1
1033,351,439.01,415.00,51.03,21.53,0.6901,4,-1,-1
1034,93,553.97,787.70,34.67,68.97,0.5039,1,-1,-1
1034,280,1044.91,546.61,259.62,133.40,0.8392,9,-1,-1
1034,287,516.00,400.49,40.00,17.85,0.3886,4,-1,-1
1034,298,674.01,509.60,84.92,52.45,0.8510,5,-1,-1
1034,313,361.46,377.13,39.97,18.83,0.4426,4,-1,-1
1034,293,636.26,486.68,70.15,44.00,0.7944,5,-1,-1
1034,320,1445.33,427.61,108.04,46.09,0.5842,4,-1,-1
1034,311,169.47,345.50,29.97,15.38,0.6252,4,-1,-1
1034,314,1797.85,486.30,147.12,60.26,0.5823,4,-1,-1
1034,345,925.35,366.54,54.67,23.80,0.2798,4,-1,-1
1034,346,279.94,377.63,52.85,23.62,0.6160,4,-1,-1
1034,351,436.30,414.35,50.81,21.65,0.5955,4,-1,-1
1035,93,552.11,788.37,34.31,69.27,0.6169,1,-1,-1
1035,280,1059.62,548.59,254.54,131.15,0.8454,9,-1,-1
1035,287,515.97,400.45,38.79,17.39,0.3989,4,-1,-1
1035,298,678.46,510.38,85.27,52.69,0.8397,5,-1,-1
1035,313,361.08,377.17,40.61,19.14,0.2751,5,-1,-1
1035,293,641.29,487.61,71.08,44.31,0.8044,5,-1,-1
1035,320,1463.03,430.37,107.67,45.74,0.7827,4,-1,-1
1035,311,166.91,344.77,30.10,15.64,0.5380,4,-1,-1
1035,314,1814.30,489.30,137.47,58.77,0.5127,4,-1,-1
1035,345,931.31,367.53,56.27,24.98,0.2394,4,-1,-1
1035,346,276.55,377.02,52.03,23.34,0.5708,4,-1,-1
1035,351,431.52,413.69,49.78,21.33,0.5898,4,-1,-1
1036,93,551.76,791.58,33.07,67.28,0.5370,1,-1,-1
1036,280,1075.40,549.31,237.98,121.64,0.7860,9,-1,-1
1036,287,516.26,400.59,39.01,17.66,0.3757,4,-1,-1
1036,298,681.26,511.68,85.21,52.57,0.8366,5,-1,-1
1036,313,361.02,377.31,40.43,19.03,0.2910,5,-1,-1
1036,293,643.84,487.99,73.38,45.30,0.7786,5,-1,-1
1036,320,1475.07,431.56,108.93,46.07,0.7106,4,-1,-1
1036,311,161.53,343.25,32.45,16.79,0.3831,4,-1,-1
1036,314,1827.66,490.77,126.19,56.52,0.6706,4,-1,-1
1036,345,938.31,367.93,58.33,26.12,0.1683,4,-1,-1
1036,346,273.77,377.12,51.32,23.02,0.4873,4,-1,-1
1036,351,426.66,413.32,50.75,21.77,0.6645,4,-1,-1
1037,93,550.63,794.68,32.14,65.21,0.6619,1,-1,-1
1037,280,1085.81,550.07,237.79,120.43,0.8261,9,-1,-1
1037,287,516.57,400.51,39.09,17.84,0.4436,4,-1,-1
1037,298,685.24,512.41,85.82,52.93,0.8597,5,-1,-1
1037,313,361.29,377.53,39.69,18.63,0.2975,5,-1,-1
1037,293,645.71,488.77,75.60,46.06,0.7853,5,-1,-1
1037,320,1490.26,432.81,111.74,47.04,0.7635,4,-1,-1
1037,311,157.87,341.98,32.95,16.96,0.1144,4,-1,-1
1037,345,947.33,369.20,58.14,26.17,0.2644,4,-1,-1
1037,346,273.47,377.00,48.24,21.59,0.5380,4,-1,-1
1037,351,427.91,412.48,48.77,21.50,0.6379,4,-1,-1
1038,93,549.24,795.94,32.31,65.02,0.6809,1,-1,-1
1038,280,1091.46,551.18,241.58,121.86,0.8371,9,-1,-1
1038,287,517.26,400.32,38.91,17.87,0.4426,4,-1,-1
1038,298,689.33,513.86,85.16,52.42,0.8490,5,-1,-1
1038,313,361.41,377.44,39.48,18.48,0.3183,5,-1,-1
1038,293,647.68,489.29,76.57,46.07,0.7905,5,-1,-1
1038,320,1502.00,433.79,114.90,48.36,0.7746,4,-1,-1
1038,311,155.54,340.77,34.45,17.85,0.1380,4,-1,-1
1038,345,953.10,370.08,59.36,26.83,0.2583,5,-1,-1
1038,346,273.21,376.21,46.54,20.77,0.5496,4,-1,-1
1038,351,427.12,412.64,47.17,21.27,0.5302,4,-1,-1
1038,358,531.95,416.27,43.11,19.03,0.5166,4,-1,-1
1039,93,547.79,798.55,31.63,61.73,0.6851,1,-1,-1
1039,280,1096.97,553.06,247.67,124.63,0.8284,9,-1,-1
1039,287,517.50,400.57,38.28,17.65,0.3840,4,-1,-1
1039,298,693.58,514.76,85.35,52.44,0.8199,5,-1,-1
1039,313,361.31,377.25,39.30,18.37,0.2814,5,-1,-1
1039,293,650.39,489.73,78.97,46.90,0.7705,5,-1,-1
1039,320,1518.37,435.00,118.12,49.77,0.8222,4,-1,-1
1039,311,153.60,339.82,33.91,17.60,0.3558,5,-1,-1
1039,345,961.22,370.00,59.97,27.37,0.1561,4,-1,-1
1039,346,270.77,375.43,46.51,20.91,0.6628,4,-1,-1
1039,351,416.30,413.20,47.87,21.28,0.6645,4,-1,-1
1039,358,527.40,415.37,46.49,20.51,0.4407,4,-1,-1
1040,93,545.74,799.35,32.11,60.72,0.6800,1,-1,-1
1040,280,1105.46,555.37,253.39,127.37,0.8250,9,-1,-1
1040,287,518.57,400.45,38.12,17.52,0.3183,4,-1,-1
1040,298,698.03,515.19,86.29,53.09,0.8775,5,-1,-1
1040,313,361.36,377.01,39.14,18.25,0.4397,4,-1,-1
1040,293,656.50,490.70,79.12,46.62,0.7773,5,-1,-1
1040,320,1536.00,436.08,121.14,51.18,0.8267,4,-1,-1
1040,311,150.83,339.68,33.72,17.37,0.2275,5,-1,-1
1040,345,968.95,371.58,59.83,27.42,0.4639,4,-1,-1
1040,346,266.44,374.18,47.98,21.63,0.6645,4,-1,-1
1040,351,409.63,413.44,47.97,21.16,0.5936,4,-1,-1
1040,358,522.31,415.50,47.22,20.77,0.4980,4,-1,-1
1041,93,544.68,801.36,32.16,58.84,0.6415,1,-1,-1
1041,280,1113.67,556.76,251.83,126.34,0.8444,9,-1,-1
1041,287,518.01,400.29,38.35,17.62,0.2894,4,-1,-1
1041,298,701.51,516.16,86.31,53.18,0.8732,5,-1,-1
1041,313,361.52,377.01,38.87,18.09,0.4225,4,-1,-1
1041,293,663.40,491.49,78.40,46.22,0.7606,5,-1,-1
1041,320,1549.24,437.96,120.92,51.03,0.7892,4,-1,-1
1041,311,149.40,340.23,31.97,16.22,0.3285,4,-1,-1
1041,345,972.74,372.28,61.92,28.84,0.3612,5,-1,-1
1041,346,261.70,373.43,49.40,22.13,0.6270,4,-1,-1
1041,351,405.27,412.54,48.50,21.29,0.5804,4,-1,-1
1041,358,519.88,416.00,44.67,19.57,0.5727,4,-1,-1
1042,93,543.30,804.86,31.77,56.06,0.6935,1,-1,-1
1042,280,1123.40,558.82,250.76,125.30,0.8495,9,-1,-1
1042,287,518.25,399.58,37.53,17.04,0.3166,4,-1,-1
1042,298,705.31,517.50,87.13,53.52,0.7994,5,-1,-1
1042,313,361.39,377.04,39.20,18.25,0.4426,4,-1,-1
1042,293,669.05,492.01,78.66,46.47,0.7202,5,-1,-1
1042,320,1566.27,439.34,123.37,52.00,0.8117,4,-1,-1
1042,311,146.41,339.21,33.71,17.12,0.2958,4,-1,-1
1042,345,984.35,374.29,58.18,27.01,0.4727,4,-1,-1
1042,346,258.81,372.16,50.92,22.94,0.6415,4,-1,-1
1042,351,396.76,411.68,49.61,21.60,0.5670,4,-1,-1
1042,358,514.21,414.50,43.47,19.02,0.5049,4,-1,-1
1043,93,542.47,805.44,31.97,55.01,0.6123,1,-1,-1
1043,280,1130.54,559.76,251.53,125.13,0.8812,9,-1,-1
1043,287,518.10,399.42,36.91,16.58,0.3115,4,-1,-1
1043,298,708.07,518.51,87.74,53.88,0.8081,5,-1,-1
1043,313,361.82,377.19,38.56,17.92,0.4263,4,-1,-1
1043,293,674.27,492.49,79.26,46.96,0.7732,5,-1,-1
1043,320,1580.16,441.60,123.58,52.02,0.8449,4,-1,-1
1043,311,146.70,340.43,30.37,15.14,0.1801,4,-1,-1
1043,345,989.00,374.81,57.65,26.79,0.4961,4,-1,-1
1043,346,258.73,372.17,49.67,22.53,0.5898,4,-1,-1
1043,351,391.89,410.80,48.94,21.38,0.6086,4,-1,-1
1043,358,512.07,414.50,41.56,18.05,0.4922,4,-1,-1
1044,93,540.79,804.61,32.97,56.14,0.6215,1,-1,-1
1044,280,1140.90,561.90,251.74,124.63,0.8702,9,-1,-1
1044,287,519.22,399.37,37.94,16.88,0.3469,4,-1,-1
1044,298,713.27,519.51,87.75,53.90,0.8152,5,-1,-1
1044,313,361.92,377.18,38.47,17.86,0.4007,4,-1,-1
1044,293,679.43,494.14,77.17,45.87,0.7786,5,-1,-1
1044,320,1599.14,445.28,122.80,51.52,0.8311,4,-1,-1
1044,311,143.56,338.88,32.06,15.88,0.4990,4,-1,-1
1044,345,996.88,376.67,57.12,26.53,0.6558,4,-1,-1
1044,346,255.52,371.92,49.68,22.56,0.6397,4,-1,-1
1044,351,389.28,410.11,48.63,21.25,0.5898,4,-1,-1
1044,358,506.82,413.35,42.77,18.38,0.5283,4,-1,-1
1045,93,539.64,803.55,32.43,55.33,0.1238,1,-1,-1
1045,280,1154.20,564.73,248.55,122.01,0.8554,9,-1,-1
1045,287,520.23,399.74,37.18,16.39,0.3821,4,-1,-1
1045,298,717.07,520.21,88.72,54.45,0.8019,5,-1,-1
1045,313,362.14,377.55,38.60,17.93,0.3730,4,-1,-1
1045,293,686.86,495.56,77.49,45.91,0.8081,5,-1,-1
1045,320,1619.27,447.59,125.02,52.49,0.8429,4,-1,-1
1045,311,139.55,337.11,34.24,17.00,0.4426,4,-1,-1
1045,345,1004.77,377.82,57.30,26.85,0.5765,4,-1,-1
1045,346,252.00,371.27,50.81,23.20,0.5535,4,-1,-1
1045,351,385.68,409.40,47.23,20.71,0.5341,4,-1,-1
1045,358,500.84,412.70,42.54,18.10,0.5380,4,-1,-1
1045,359,1322.52,505.76,74.54,29.76,0.7556,4,-1,-1
1046,280,1161.52,565.80,249.95,121.88,0.8423,9,-1,-1
1046,287,520.80,399.65,37.58,16.41,0.3757,4,-1,-1
1046,298,720.00,520.85,89.63,55.05,0.7853,5,-1,-1
1046,313,361.98,377.77,39.39,18.31,0.4121,4,-1,-1
1046,293,691.38,496.43,77.87,46.01,0.7905,5,-1,-1
1046,320,1632.70,449.23,127.22,53.44,0.8176,4,-1,-1
1046,311,137.11,336.02,35.57,17.70,0.3840,4,-1,-1
1046,345,1010.63,378.18,54.77,25.85,0.5341,4,-1,-1
1046,346,249.91,370.81,51.37,23.57,0.6270,4,-1,-1
1046,351,381.55,408.27,48.20,21.21,0.5244,4,-1,-1
1046,358,495.75,412.14,44.33,18.80,0.5554,4,-1,-1
1046,359,1316.48,506.14,72.26,28.81,0.7409,4,-1,-1
1047,280,1172.35,568.09,250.24,120.81,0.8403,9,-1,-1
1047,287,519.89,399.49,37.52,16.26,0.4455,4,-1,-1
1047,298,725.58,522.87,88.23,54.14,0.7461,5,-1,-1
1047,313,362.26,377.98,39.18,18.24,0.4523,4,-1,-1
1047,293,695.14,498.23,79.91,47.30,0.6460,5,-1,-1
1047,320,1653.81,452.27,126.17,52.91,0.8081,4,-1,-1
1047,311,135.11,336.13,34.01,16.73,0.2012,4,-1,-1
1047,345,1020.33,379.41,59.30,27.97,0.5496,4,-1,-1
1047,346,248.88,370.12,49.76,22.99,0.6487,4,-1,-1
1047,351,379.70,408.41,47.82,21.11,0.5554,4,-1,-1
1047,358,491.60,411.22,44.83,18.92,0.5746,4,-1,-1
1047,359,1305.42,504.74,71.06,28.28,0.7628,4,-1,-1
1048,280,1182.99,569.55,243.46,115.75,0.8339,9,-1,-1
1048,287,518.11,399.58,38.59,16.69,0.4273,4,-1,-1
1048,298,729.22,523.59,88.33,54.07,0.7264,5,-1,-1
1048,313,362.39,378.07,38.49,17.92,0.4484,4,-1,-1
1048,293,697.99,498.77,80.08,47.66,0.7432,5,-1,-1
1048,320,1667.58,454.26,127.23,53.31,0.8333,4,-1,-1
1048,345,1026.07,380.68,60.58,28.57,0.6289,4,-1,-1
1048,346,248.60,369.55,48.01,22.28,0.6505,4,-1,-1
1048,351,378.25,409.14,47.42,20.93,0.5689,4,-1,-1
1048,358,487.95,411.63,45.21,18.91,0.5746,4,-1,-1
1048,359,1298.25,503.51,71.01,28.22,0.7439,4,-1,-1
1049,280,1188.32,571.15,256.48,121.26,0.8710,9,-1,-1
1049,287,517.65,399.87,39.06,17.02,0.2918,4,-1,-1
1049,298,733.58,523.98,89.14,54.57,0.8300,5,-1,-1
1049,313,362.25,377.93,37.85,17.60,0.4484,4,-1,-1
1049,293,703.57,499.21,79.28,47.41,0.6993,5,-1,-1
1049,320,1687.80,457.32,128.70,53.71,0.8344,4,-1,-1
1049,345,1034.58,381.77,61.85,29.27,0.7001,4,-1,-1
1049,346,244.67,368.90,49.08,22.93,0.6715,4,-1,-1
1049,351,374.17,408.45,47.09,20.68,0.4007,4,-1,-1
1049,358,481.26,410.70,45.22,19.04,0.4562,4,-1,-1
1049,359,1287.30,501.37,72.28,28.68,0.7614,4,-1,-1
1050,280,1194.08,573.14,267.92,126.58,0.8828,9,-1,-1
1050,287,517.29,399.56,37.74,16.35,0.1128,4,-1,-1
1050,298,737.39,524.17,90.35,55.29,0.8558,5,-1,-1
1050,313,362.60,377.82,36.65,16.96,0.4426,4,-1,-1
1050,293,710.32,500.17,78.57,47.14,0.7827,5,-1,-1
1050,320,1709.15,459.92,131.08,54.62,0.8187,4,-1,-1
1050,345,1043.87,383.94,59.71,28.32,0.5746,4,-1,-1
1050,346,242.86,368.12,48.21,22.73,0.6188,4,-1,-1
1050,351,370.86,407.41,46.12,20.33,0.3381,4,-1,-1
1050,358,476.26,410.58,42.42,17.79,0.4737,4,-1,-1
1050,359,1276.82,500.82,69.71,27.53,0.7753,4,-1,-1
1051,280,1199.35,574.34,274.98,129.98,0.8719,9,-1,-1
1051,287,516.92,399.89,37.71,16.36,0.1285,4,-1,-1
1051,298,740.97,524.64,90.30,55.24,0.8480,5,-1,-1
1051,313,361.46,377.69,38.99,18.21,0.4844,4,-1,-1
1051,293,714.34,500.58,80.26,48.23,0.7786,5,-1,-1
1051,320,1726.25,462.23,129.67,53.72,0.8176,4,-1,-1
1051,345,1048.93,384.95,58.55,28.14,0.3294,5,-1,-1
1051,346,240.99,367.29,48.09,22.91,0.6732,4,-1,-1
1051,351,366.87,406.68,48.56,21.71,0.4036,4,-1,-1
1051,358,472.05,410.35,42.69,17.81,0.5974,4,-1,-1
1051,359,1269.01,499.40,69.81,27.45,0.7899,4,-1,-1
1052,280,1206.36,575.59,283.14,134.21,0.8620,9,-1,-1
1052,287,517.46,400.15,37.00,16.05,0.1343,4,-1,-1
1052,298,745.41,525.61,90.95,55.76,0.8459,5,-1,-1
1052,313,361.71,377.65,38.91,18.23,0.4805,4,-1,-1
1052,293,720.48,501.01,79.64,47.87,0.7461,5,-1,-1
1052,320,1744.64,464.13,135.54,56.22,0.8256,4,-1,-1
1052,345,1057.15,385.66,57.53,28.10,0.4552,5,-1,-1
1052,346,237.98,366.54,46.86,22.32,0.6817,4,-1,-1
1052,351,366.14,407.09,45.63,20.58,0.2705,4,-1,-1
1052,358,468.75,410.17,42.04,17.42,0.6558,4,-1,-1
1052,359,1258.07,497.78,70.92,27.84,0.7840,4,-1,-1
1052,93,521.87,799.52,36.06,63.39,0.4863,1,-1,-1
1053,280,1212.37,577.24,287.24,136.35,0.8666,9,-1,-1
1053,287,517.19,401.47,38.98,17.06,0.4746,4,-1,-1
1053,298,748.44,526.35,91.80,56.29,0.8449,5,-1,-1
1053,313,361.46,377.58,39.45,18.56,0.5010,4,-1,-1
1053,293,724.09,502.41,79.78,48.11,0.7853,5,-1,-1
1053,320,1758.66,464.99,137.81,57.08,0.8480,4,-1,-1
1053,345,1065.71,386.44,58.37,28.52,0.5351,5,-1,-1
1053,346,235.86,366.04,46.72,22.22,0.6901,4,-1,-1
1053,351,358.84,406.44,47.87,21.43,0.3294,4,-1,-1
1053,358,466.52,409.34,42.04,17.30,0.6343,4,-1,-1
1053,359,1249.56,496.19,73.51,28.90,0.8013,4,-1,-1
1053,360,414.46,378.11,25.31,16.31,0.4562,4,-1,-1
1053,93,519.02,796.12,37.43,67.35,0.5107,1,-1,-1
1053,311,129.27,333.98,31.68,15.94,0.4785,4,-1,-1
1054,280,1224.95,580.77,284.81,135.06,0.8762,9,-1,-1
1054,287,516.02,401.60,40.50,17.90,0.5176,4,-1,-1
1054,298,753.29,527.67,91.78,56.24,0.8758,5,-1,-1
1054,313,361.47,377.61,39.42,18.55,0.5020,4,-1,-1
1054,293,730.88,503.48,79.27,47.76,0.7233,5,-1,-1
1054,320,1775.80,467.28,145.15,60.52,0.8210,4,-1,-1
1054,345,1076.43,387.70,61.77,30.10,0.6628,4,-1,-1
1054,346,234.16,365.55,46.70,22.30,0.6851,4,-1,-1
1054,351,353.94,404.95,46.69,20.80,0.4121,4,-1,-1
1054,358,461.70,408.64,44.31,18.05,0.6766,4,-1,-1
1054,359,1239.68,494.66,73.42,28.89,0.7886,4,-1,-1
1054,360,414.20,378.40,25.13,16.18,0.3739,4,-1,-1
1054,93,516.51,796.05,37.33,67.16,0.5390,1,-1,-1
1054,311,128.77,333.93,29.87,15.32,0.4649,4,-1,-1
1055,280,1237.27,582.84,287.37,136.20,0.8929,9,-1,-1
1055,287,515.60,401.56,40.47,18.01,0.4893,4,-1,-1
1055,298,758.22,527.98,93.21,57.20,0.8948,5,-1,-1
1055,313,362.76,377.78,37.73,17.70,0.4737,4,-1,-1
1055,293,736.63,504.65,78.55,47.30,0.6893,5,-1,-1
1055,320,1791.81,469.71,143.98,61.30,0.7746,4,-1,-1
1055,345,1087.25,388.91,64.32,30.93,0.7210,4,-1,-1
1055,346,231.91,365.21,46.10,22.01,0.6234,4,-1,-1
1055,351,349.70,403.29,47.62,21.14,0.4922,4,-1,-1
1055,358,455.84,407.48,45.21,18.40,0.5804,4,-1,-1
1055,359,1228.96,493.05,73.69,29.09,0.7860,4,-1,-1
1055,360,413.90,378.04,25.23,16.25,0.2918,4,-1,-1
1055,93,514.24,793.17,39.22,70.66,0.6817,1,-1,-1
1055,311,128.12,333.25,28.54,15.06,0.5039,4,-1,-1
1056,280,1245.99,584.05,289.30,137.14,0.9009,9,-1,-1
1056,287,515.72,401.55,40.23,18.02,0.4873,4,-1,-1
1056,298,762.20,528.74,93.34,57.43,0.8732,5,-1,-1
1056,313,363.85,378.10,36.70,17.19,0.4475,4,-1,-1
1056,293,741.16,506.15,78.45,47.15,0.7387,5,-1,-1
1056,320,1802.44,471.77,141.50,62.00,0.6142,4,-1,-1
1056,345,1096.22,390.18,64.85,30.84,0.6123,4,-1,-1
1056,346,231.11,364.90,44.96,21.48,0.6558,4,-1,-1
1056,351,345.15,403.43,46.77,20.59,0.3337,4,-1,-1
1056,358,453.67,407.35,45.06,18.27,0.5746,4,-1,-1
1056,359,1221.46,492.16,74.20,29.43,0.8087,4,-1,-1
1056,360,414.30,378.39,24.71,15.88,0.2910,4,-1,-1
1056,93,512.72,791.69,40.34,72.56,0.6610,1,-1,-1
1056,311,127.40,332.23,28.81,15.70,0.5224,4,-1,-1
1057,280,1256.97,585.03,291.79,138.32,0.8766,9,-1,-1
1057,287,515.61,401.50,40.40,18.19,0.5205,4,-1,-1
1057,298,766.27,528.93,94.70,58.45,0.8643,5,-1,-1
1057,313,364.18,378.44,36.98,17.26,0.4523,4,-1,-1
1057,293,745.42,507.06,80.23,48.44,0.7295,5,-1,-1
1057,320,1814.20,473.47,139.74,64.10,0.6095,4,-1,-1
1057,345,1105.80,391.74,66.51,31.36,0.7256,4,-1,-1
1057,346,229.74,364.02,43.93,21.01,0.6817,4,-1,-1
1057,351,343.59,401.15,46.55,20.44,0.4426,4,-1,-1
1057,358,446.36,406.11,47.54,19.33,0.6234,4,-1,-1
1057,359,1211.34,490.29,75.12,29.98,0.7753,4,-1,-1
1057,360,414.10,378.42,24.78,15.88,0.2127,4,-1,-1
1057,93,511.37,791.00,41.05,73.59,0.6160,1,-1,-1
1057,311,127.62,333.37,25.68,14.16,0.4737,4,-1,-1
1058,280,1263.70,586.60,294.06,139.32,0.8844,9,-1,-1
1058,287,515.53,401.42,40.37,18.27,0.4893,4,-1,-1
1058,298,769.68,529.90,94.64,58.51,0.8322,5,-1,-1
1058,313,364.48,378.72,37.01,17.19,0.4455,4,-1,-1
1058,293,750.05,507.84,79.09,47.87,0.6021,5,-1,-1
1058,320,1827.31,475.65,130.65,63.14,0.6775,4,-1,-1
1058,345,1112.48,392.45,67.40,31.51,0.6834,4,-1,-1
1058,346,228.01,363.41,43.96,21.02,0.6715,4,-1,-1
1058,351,342.44,399.70,46.79,20.60,0.3549,4,-1,-1
1058,358,442.45,405.28,47.89,19.63,0.5593,4,-1,-1
1058,359,1204.52,488.88,74.96,30.11,0.8001,4,-1,-1
1058,360,414.09,378.42,24.90,15.90,0.2444,4,-1,-1
1058,93,509.54,789.50,42.14,75.35,0.6680,1,-1,-1
1058,311,124.80,331.08,27.87,15.77,0.3757,4,-1,-1
1059,280,1273.08,588.92,298.69,141.62,0.8745,9,-1,-1
1059,287,515.46,401.27,40.94,18.64,0.4873,4,-1,-1
1059,298,775.11,531.06,94.47,58.46,0.8397,5,-1,-1
1059,313,363.95,378.62,37.63,17.46,0.4844,4,-1,-1
1059,293,756.53,509.61,77.70,47.04,0.7564,5,-1,-1
1059,345,1120.76,394.36,65.09,30.43,0.7001,4,-1,-1
1059,346,224.76,362.55,44.93,21.54,0.6766,4,-1,-1
1059,351,340.48,399.01,48.19,21.18,0.3702,4,-1,-1
1059,358,440.64,404.04,48.29,20.03,0.5545,4,-1,-1
1059,359,1197.66,488.47,72.41,29.10,0.7963,4,-1,-1
1059,360,413.70,378.39,25.27,16.08,0.2689,4,-1,-1
1059,93,508.55,790.82,41.60,73.95,0.6868,1,-1,-1
1059,311,123.68,330.37,27.43,15.90,0.2394,4,-1,-1
1060,280,1285.72,590.71,302.27,143.58,0.8524,9,-1,-1
1060,287,515.46,401.13,40.96,18.73,0.4523,4,-1,-1
1060,298,779.04,532.95,94.32,58.03,0.8322,5,-1,-1
1060,313,363.60,378.27,38.08,17.75,0.5068,4,-1,-1
1060,293,764.83,511.20,76.57,46.01,0.6334,5,-1,-1
1060,345,1133.23,396.00,66.00,30.51,0.6715,4,-1,-1
1060,346,221.92,361.72,44.97,21.63,0.5458,4,-1,-1
1060,351,336.15,399.18,46.66,20.58,0.4630,4,-1,-1
1060,358,433.15,404.07,47.96,19.78,0.4795,4,-1,-1
1060,359,1186.40,486.31,73.53,29.77,0.7925,4,-1,-1
1060,360,413.26,377.93,25.80,16.45,0.2926,4,-1,-1
1060,93,508.24,792.29,40.38,71.82,0.6086,1,-1,-1
1060,311,124.05,331.11,24.25,14.32,0.4912,4,-1,-1
1061,280,1294.72,592.18,301.12,142.89,0.8573,9,-1,-1
1061,287,515.69,401.12,40.73,18.71,0.4552,4,-1,-1
1061,298,782.94,534.14,94.19,57.79,0.8539,5,-1,-1
1061,313,363.24,377.96,38.10,17.83,0.5224,4,-1,-1
1061,293,770.23,511.91,75.66,45.02,0.6316,5,-1,-1
1061,345,1140.31,396.19,69.27,31.78,0.7186,4,-1,-1
1061,346,220.20,361.32,44.48,21.37,0.6234,4,-1,-1
1061,351,333.34,398.92,46.96,20.83,0.4007,4,-1,-1
1061,358,429.82,403.91,46.98,19.26,0.4698,4,-1,-1
1061,359,1179.90,485.46,73.86,30.10,0.8038,4,-1,-1
1061,360,413.17,377.82,25.80,16.46,0.4130,4,-1,-1
1061,93,507.57,793.70,39.80,70.36,0.3174,1,-1,-1
1061,311,121.17,330.25,24.19,14.28,0.4092,4,-1,-1
1062,280,1308.89,594.16,297.78,140.66,0.8657,9,-1,-1
1062,287,516.10,401.12,39.90,18.42,0.4349,4,-1,-1
1062,298,786.88,534.88,95.82,58.72,0.8439,5,-1,-1
1062,313,363.39,378.11,37.44,17.59,0.5302,4,-1,-1
1062,293,777.04,512.19,80.39,47.71,0.3124,5,-1,-1
1062,345,1150.29,397.19,71.67,32.75,0.6817,4,-1,-1
1062,346,218.43,360.66,44.97,21.78,0.4961,4,-1,-1
1062,351,325.75,398.77,47.03,21.05,0.4417,4,-1,-1
1062,358,427.11,403.20,46.51,19.06,0.5244,4,-1,-1
1062,359,1172.19,484.83,72.78,29.79,0.8001,4,-1,-1
1062,360,412.73,377.16,26.62,17.05,0.4426,4,-1,-1
1062,93,505.53,793.11,40.42,70.93,0.1339,1,-1,-1
1062,311,122.96,331.58,20.06,11.97,0.4513,4,-1,-1
1063,280,1317.69,594.92,298.07,140.17,0.8328,9,-1,-1
1063,287,516.55,401.17,38.85,17.98,0.4465,4,-1,-1
1063,298,789.84,535.23,96.84,59.40,0.8439,5,-1,-1
1063,313,363.27,378.08,37.09,17.48,0.5059,4,-1,-1
1063,293,781.39,513.51,80.34,47.49,0.5660,5,-1,-1
1063,345,1157.45,398.30,72.83,33.19,0.6469,4,-1,-1
1063,346,216.92,359.99,44.76,21.83,0.5185,4,-1,-1
1063,351,321.25,398.30,46.73,20.94,0.4688,4,-1,-1
1063,358,424.56,402.44,46.58,19.03,0.5263,4,-1,-1
1063,359,1166.48,483.97,71.51,29.37,0.7846,4,-1,-1
1063,360,412.80,377.19,26.44,17.00,0.4140,4,-1,-1
1063,93,503.65,794.44,39.10,69.42,0.2950,1,-1,-1
1063,311,119.90,331.09,20.66,12.22,0.3416,4,-1,-1
1064,280,1331.37,598.36,296.55,138.58,0.8371,9,-1,-1
1064,287,516.72,401.19,38.17,17.71,0.4484,4,-1,-1
1064,298,795.95,536.03,96.89,59.50,0.8606,5,-1,-1
1064,313,363.43,378.14,36.86,17.42,0.5068,4,-1,-1
1064,293,786.19,514.70,77.36,45.34,0.7217,5,-1,-1
1064,345,1168.63,400.09,72.97,32.98,0.6584,4,-1,-1
1064,346,215.28,359.02,44.58,21.93,0.5974,4,-1,-1
1064,351,316.91,397.37,47.07,21.03,0.6123,4,-1,-1
1064,358,420.49,401.67,46.74,19.10,0.5651,4,-1,-1
1064,359,1159.39,483.65,69.30,28.45,0.7813,4,-1,-1
1064,360,413.12,378.00,25.81,16.56,0.3398,4,-1,-1
1064,93,500.25,794.03,38.36,69.44,0.1919,1,-1,-1
1064,311,120.08,331.25,19.36,11.59,0.1188,4,-1,-1
1065,280,1352.91,602.35,285.98,131.76,0.7753,9,-1,-1
1065,287,517.01,401.19,37.36,17.38,0.4630,4,-1,-1
1065,298,802.65,538.73,95.15,58.23,0.8439,5,-1,-1
1065,313,363.84,378.46,35.93,16.98,0.5322,4,-1,-1
1065,293,794.35,515.98,78.81,45.73,0.6549,5,-1,-1
1065,345,1179.80,402.11,73.85,33.15,0.6910,4,-1,-1
1065,346,213.48,358.85,43.35,21.44,0.5302,4,-1,-1
1065,351,313.98,396.66,46.38,20.70,0.6123,4,-1,-1
1065,358,415.84,400.79,47.66,19.67,0.6758,4,-1,-1
1065,359,1150.63,482.50,69.05,28.40,0.7925,4,-1,-1
1065,360,411.96,377.64,26.94,17.38,0.1002,6,-1,-1
1066,280,1347.80,604.00,317.30,146.83,0.8158,9,-1,-1
1066,287,517.53,401.49,36.46,17.01,0.4388,4,-1,-1
1066,298,807.09,539.49,95.71,58.62,0.8311,5,-1,-1
1066,313,364.36,378.41,35.80,16.96,0.5823,4,-1,-1
1066,293,799.38,517.24,79.67,45.83,0.6334,5,-1,-1
1066,345,1189.10,403.46,72.69,32.34,0.5205,4,-1,-1
1066,346,211.36,358.35,42.59,21.10,0.5612,4,-1,-1
1066,351,313.17,396.16,44.56,19.87,0.6968,4,-1,-1
1066,358,413.79,400.35,47.55,19.68,0.5993,4,-1,-1
1066,359,1144.34,481.73,68.22,28.09,0.7807,4,-1,-1
1066,360,412.07,377.52,26.80,17.47,0.3442,4,-1,-1
1067,280,1357.19,605.74,320.42,148.43,0.8620,9,-1,-1
1067,287,517.20,401.60,36.67,17.18,0.4311,4,-1,-1
1067,298,811.88,540.14,97.22,59.75,0.8245,5,-1,-1
1067,313,365.20,378.51,35.23,16.72,0.5879,4,-1,-1
1067,293,803.97,518.59,79.46,45.54,0.6280,5,-1,-1
1067,345,1197.85,404.62,72.58,32.36,0.4436,5,-1,-1
1067,346,209.19,357.81,42.15,20.88,0.6505,4,-1,-1
1067,351,312.04,395.58,43.16,19.28,0.7210,4,-1,-1
1067,358,407.02,400.32,45.58,19.20,0.4893,4,-1,-1
1067,359,1135.79,480.35,68.33,28.22,0.7732,4,-1,-1
1067,360,412.26,377.15,27.13,17.88,0.3407,4,-1,-1
1068,280,1372.82,606.88,308.58,141.59,0.8745,9,-1,-1
1068,287,516.77,401.69,37.23,17.53,0.4244,4,-1,-1
1068,298,815.29,540.72,97.90,60.12,0.8187,5,-1,-1
1068,313,365.57,378.80,34.70,16.43,0.5039,4,-1,-1
1068,293,806.95,519.31,80.19,45.82,0.5756,5,-1,-1
1068,345,1205.96,406.36,61.46,27.49,0.4552,4,-1,-1
1068,346,207.94,357.68,41.56,20.61,0.6628,4,-1,-1
1068,351,311.31,395.38,42.98,19.29,0.6540,4,-1,-1
1068,358,406.49,399.23,47.04,19.89,0.1109,4,-1,-1
1068,359,1130.61,479.70,67.21,27.76,0.7725,4,-1,-1
1068,360,412.44,376.80,27.46,18.28,0.2598,4,-1,-1
1068,93,493.98,796.67,36.80,68.89,0.6039,1,-1,-1
1069,280,1386.28,608.80,311.82,142.23,0.8495,9,-1,-1
1069,287,516.43,401.83,37.85,17.89,0.3803,4,-1,-1
1069,298,820.53,541.49,98.13,60.58,0.7969,5,-1,-1
1069,313,365.83,379.33,34.02,16.01,0.4941,4,-1,-1
1069,293,811.35,520.07,86.57,49.73,0.6206,5,-1,-1
1069,345,1218.28,407.52,72.43,32.27,0.4961,5,-1,-1
1069,346,206.39,356.84,42.01,21.03,0.6289,4,-1,-1
1069,351,307.26,394.79,43.70,19.67,0.5429,4,-1,-1
1069,358,401.36,399.47,45.47,19.44,0.6179,4,-1,-1
1069,359,1122.68,479.02,66.38,27.47,0.7912,4,-1,-1
1069,360,413.39,377.25,26.84,17.91,0.2302,4,-1,-1
1069,93,492.37,796.63,36.67,69.67,0.4388,1,-1,-1
1070,280,1398.96,610.82,317.87,144.37,0.8787,9,-1,-1
1070,287,516.66,401.74,37.82,17.89,0.4045,4,-1,-1
1070,298,825.17,543.32,95.80,59.45,0.7957,5,-1,-1
1070,313,365.68,379.47,34.30,16.07,0.4397,4,-1,-1
1070,293,818.27,520.89,91.76,52.91,0.6442,5,-1,-1
1070,345,1232.22,409.48,74.98,33.26,0.7556,4,-1,-1
1070,346,201.96,355.62,43.70,21.93,0.7194,4,-1,-1
1070,351,305.22,393.97,43.23,19.78,0.5244,4,-1,-1
1070,358,396.93,399.10,44.56,19.23,0.5898,4,-1,-1
1070,359,1114.33,477.84,65.64,27.18,0.7833,4,-1,-1
1070,360,413.14,377.00,27.16,18.22,0.3285,4,-1,-1
1070,93,489.71,798.02,35.89,67.94,0.7334,1,-1,-1
1071,280,1408.62,612.50,317.83,143.46,0.8876,9,-1,-1
1071,287,516.78,401.59,38.06,17.98,0.4571,4,-1,-1
1071,298,828.68,544.71,93.44,58.32,0.7621,5,-1,-1
1071,313,365.39,379.53,35.79,16.77,0.4292,4,-1,-1
1071,293,825.11,521.96,89.43,51.58,0.6261,5,-1,-1
1071,345,1239.80,410.60,77.67,34.14,0.7820,4,-1,-1
1071,346,200.48,354.86,43.68,22.05,0.6663,4,-1,-1
1071,351,300.88,393.34,43.21,19.85,0.5477,4,-1,-1
1071,358,393.47,398.01,44.86,19.59,0.6433,4,-1,-1
1071,359,1108.08,476.65,66.80,27.82,0.7912,4,-1,-1
1071,360,412.87,377.45,27.35,18.39,0.3217,4,-1,-1
1071,93,488.08,798.50,35.97,67.52,0.7287,1,-1,-1
1072,280,1421.03,615.16,323.12,145.09,0.8544,9,-1,-1
1072,287,517.93,402.08,36.88,17.43,0.4130,4,-1,-1
1072,298,833.72,545.53,91.75,57.80,0.7705,5,-1,-1
1072,313,364.53,379.20,36.89,17.32,0.4282,4,-1,-1
1072,293,831.03,523.35,90.03,52.09,0.6261,5,-1,-1
1072,345,1250.18,411.76,81.22,35.66,0.8026,4,-1,-1
1072,346,197.81,353.95,43.76,22.15,0.6628,4,-1,-1
1072,351,292.46,391.46,45.94,20.96,0.6433,4,-1,-1
1072,358,391.06,397.23,43.87,19.36,0.5583,4,-1,-1
1072,359,1101.41,475.63,65.71,27.51,0.7773,4,-1,-1
1072,360,413.09,377.59,27.04,18.16,0.3390,4,-1,-1
1072,93,486.33,798.04,37.09,68.64,0.7364,1,-1,-1
1073,280,1431.81,617.67,333.84,148.80,0.8423,9,-1,-1
1073,287,518.41,402.54,36.10,17.07,0.3757,4,-1,-1
1073,298,839.70,546.70,90.84,57.22,0.7718,5,-1,-1
1073,313,364.80,379.60,36.05,16.88,0.4426,4,-1,-1
1073,293,835.73,524.61,88.96,51.47,0.5983,5,-1,-1
1073,345,1259.11,412.80,82.00,35.85,0.7886,4,-1,-1
1073,346,195.00,353.00,44.66,22.67,0.6901,4,-1,-1
1073,351,289.02,390.72,46.75,21.27,0.6540,4,-1,-1
1073,358,389.16,396.13,43.63,19.44,0.5612,4,-1,-1
1073,359,1095.14,474.44,66.14,27.90,0.7264,4,-1,-1
1073,360,413.55,378.18,26.51,17.69,0.3099,4,-1,-1
1073,93,485.81,799.06,36.93,67.38,0.6885,1,-1,-1
1074,280,1443.35,619.82,333.99,148.19,0.8239,9,-1,-1
1074,287,519.32,402.63,35.46,16.73,0.3942,4,-1,-1
1074,298,844.73,547.71,90.76,57.49,0.7170,5,-1,-1
1074,313,364.66,379.96,36.18,16.82,0.4475,4,-1,-1
1074,293,843.84,525.91,88.27,50.81,0.5927,5,-1,-1
1074,345,1271.13,414.58,82.93,36.15,0.7899,4,-1,-1
1074,346,194.12,352.75,42.76,21.76,0.7066,4,-1,-1
1074,351,286.72,390.23,46.09,21.00,0.6663,4,-1,-1
1074,358,387.99,396.60,41.70,18.57,0.5078,4,-1,-1
1074,359,1086.80,472.97,67.05,28.47,0.7186,4,-1,-1
1074,360,414.21,378.26,25.99,17.24,0.3730,4,-1,-1
1074,93,484.07,800.38,37.09,66.73,0.7272,1,-1,-1
1075,280,1456.49,621.57,337.58,149.14,0.8062,9,-1,-1
1075,287,519.55,402.42,35.27,16.63,0.4054,4,-1,-1
1075,298,850.35,547.73,92.54,58.71,0.6893,5,-1,-1
1075,313,364.18,380.18,36.37,16.84,0.4980,4,-1,-1
1075,293,852.51,527.67,87.08,50.11,0.4235,5,-1,-1
1075,345,1285.87,416.57,82.85,35.90,0.7677,4,-1,-1
1075,346,191.93,352.48,41.20,20.76,0.7210,4,-1,-1
1075,351,284.82,389.90,45.18,20.70,0.5842,4,-1,-1
1075,358,384.10,395.97,42.08,18.65,0.5554,4,-1,-1
1075,359,1074.72,469.28,73.17,31.60,0.6918,4,-1,-1
1075,360,414.31,378.32,26.06,17.25,0.3766,4,-1,-1
1075,93,483.16,800.74,37.00,66.44,0.6885,1,-1,-1
1076,280,1460.21,623.12,349.33,154.55,0.8193,9,-1,-1
1076,287,519.91,402.20,34.86,16.33,0.4158,4,-1,-1
1076,298,855.10,547.99,93.52,59.35,0.5156,5,-1,-1
1076,313,364.65,380.47,36.08,16.60,0.4727,4,-1,-1
1076,293,859.56,529.10,84.97,48.40,0.5215,5,-1,-1
1076,345,1295.77,417.74,83.02,35.78,0.7705,4,-1,-1
1076,346,191.02,352.11,40.48,20.31,0.7318,4,-1,-1
1076,351,283.83,389.88,43.52,20.03,0.6325,4,-1,-1
1076,358,381.23,395.68,42.78,18.90,0.5438,4,-1,-1
1076,359,1068.10,466.76,75.26,33.17,0.6584,4,-1,-1
1076,360,414.76,378.96,25.61,16.86,0.3531,4,-1,-1
1076,93,482.22,800.71,37.12,66.80,0.7318,1,-1,-1
1077,280,1473.84,626.45,351.46,155.29,0.7860,9,-1,-1
1077,287,519.50,402.09,34.93,16.34,0.4045,4,-1,-1
1077,298,862.44,548.81,93.05,58.93,0.4359,5,-1,-1
1077,313,365.19,381.03,35.25,16.13,0.4263,4,-1,-1
1077,293,865.64,530.54,87.55,49.65,0.3840,5,-1,-1
1077,345,1308.72,419.81,84.07,36.16,0.7520,4,-1,-1
1077,346,188.51,351.92,40.29,20.07,0.7114,4,-1,-1
1077,351,281.10,388.67,43.66,20.36,0.6325,4,-1,-1
1077,358,379.15,395.38,42.39,18.77,0.5185,4,-1,-1
1077,359,1059.03,463.86,77.26,34.68,0.7058,4,-1,-1
1077,360,415.04,379.17,25.37,16.58,0.2583,4,-1,-1
1077,93,479.84,801.41,36.53,65.86,0.7130,1,-1,-1
1078,280,1490.60,629.13,337.69,147.80,0.7628,9,-1,-1
1078,287,519.68,401.93,35.41,16.50,0.3961,4,-1,-1
1078,298,866.81,550.76,93.02,58.73,0.4707,5,-1,-1
1078,313,365.55,381.41,35.31,16.11,0.3785,4,-1,-1
1078,293,868.92,531.26,90.57,51.31,0.4902,5,-1,-1
1078,345,1317.63,420.77,86.36,37.07,0.7800,4,-1,-1
1078,346,185.38,351.34,41.23,20.30,0.6749,4,-1,-1
1078,351,279.26,388.06,43.02,20.37,0.6469,4,-1,-1
1078,358,378.58,394.94,42.31,18.79,0.5078,4,-1,-1
1078,359,1055.25,463.10,75.11,34.28,0.6514,4,-1,-1
1078,360,414.81,378.93,25.83,16.80,0.2487,4,-1,-1
1078,93,477.47,801.56,36.29,65.83,0.7066,1,-1,-1
1079,280,1506.33,631.15,351.39,152.37,0.7146,9,-1,-1
1079,287,520.54,402.15,34.66,16.01,0.4026,4,-1,-1
1079,298,871.11,550.68,104.45,66.14,0.1330,5,-1,-1
1079,313,364.50,381.31,35.42,16.10,0.3251,4,-1,-1
1079,293,873.83,532.33,95.78,54.48,0.1634,5,-1,-1
1079,345,1329.86,422.55,88.66,38.03,0.7311,4,-1,-1
1079,346,183.00,350.74,42.13,20.71,0.6645,4,-1,-1
1079,351,275.03,387.63,40.97,19.31,0.6123,4,-1,-1
1079,358,377.86,395.04,39.42,17.78,0.4756,4,-1,-1
1079,359,1050.88,463.71,71.17,32.94,0.5458,4,-1,-1
1079,360,414.54,379.16,25.59,16.53,0.2031,4,-1,-1
1079,93,474.46,801.54,35.64,65.65,0.6800,1,-1,-1
1079,370,1485.84,455.36,94.80,45.29,0.4737,4,-1,-1
1080,280,1528.82,634.79,347.60,148.45,0.6968,9,-1,-1
1080,287,520.76,402.14,35.73,16.39,0.3531,4,-1,-1
1080,298,880.12,553.02,98.66,61.82,0.4083,5,-1,-1
1080,313,362.98,380.39,37.80,17.08,0.2415,4,-1,-1
1080,293,881.45,534.21,95.95,54.48,0.1956,4,-1,-1
1080,345,1345.04,424.68,87.41,37.25,0.7918,4,-1,-1
1080,346,180.46,349.72,42.57,20.80,0.6593,4,-1,-1
1080,351,269.12,386.90,43.13,20.37,0.4961,4,-1,-1
1080,358,368.51,394.29,41.12,18.55,0.2910,4,-1,-1
1080,359,1044.31,464.23,68.06,31.67,0.3748,4,-1,-1
1080,360,413.78,378.67,26.18,16.87,0.1290,4,-1,-1
1080,93,471.46,801.52,34.52,65.65,0.6424,1,-1,-1
1080,370,1510.03,458.23,78.13,37.25,0.6697,4,-1,-1
1081,280,1533.06,635.99,360.51,153.01,0.6783,9,-1,-1
1081,287,520.88,402.47,34.55,15.75,0.4130,4,-1,-1
1081,298,881.02,551.08,104.60,65.99,0.1156,6,-1,-1
1081,313,364.19,381.17,36.64,16.40,0.3074,4,-1,-1
1081,293,878.81,536.80,110.36,63.64,0.1371,4,-1,-1
1081,345,1356.37,426.34,87.14,36.87,0.7957,4,-1,-1
1081,346,179.20,348.94,43.34,21.29,0.6817,4,-1,-1
1081,351,265.59,386.47,45.37,21.51,0.6011,4,-1,-1
1081,358,364.49,394.03,41.97,19.00,0.3942,4,-1,-1
1081,359,1039.21,464.63,65.02,30.40,0.4263,4,-1,-1
1081,360,414.77,379.11,25.22,16.13,0.3390,4,-1,-1
1081,93,469.50,801.05,33.83,65.89,0.6169,1,-1,-1
1081,370,1522.70,460.11,85.86,40.86,0.3576,4,-1,-1
1082,280,1537.80,637.32,369.93,156.75,0.6334,9,-1,-1
1082,287,520.15,402.61,35.51,16.25,0.4130,4,-1,-1
1082,298,888.62,554.29,99.43,62.63,0.2114,4,-1,-1
1082,313,362.83,382.35,39.03,17.47,0.2480,4,-1,-1
1082,293,892.20,537.48,94.72,54.38,0.4130,5,-1,-1
1082,345,1370.15,428.06,87.83,36.87,0.7746,4,-1,-1
1082,346,177.00,348.50,43.33,21.32,0.6030,4,-1,-1
1082,351,262.02,385.48,45.49,21.55,0.6663,4,-1,-1
1082,358,358.12,391.80,43.67,20.17,0.3594,4,-1,-1
1082,359,1033.35,465.07,64.97,30.26,0.2247,4,-1,-1
1082,360,414.62,378.84,25.54,16.31,0.3149,4,-1,-1
1082,93,467.75,800.80,33.14,65.90,0.5351,1,-1,-1
1082,370,1542.31,463.15,102.91,49.01,0.6758,4,-1,-1
1082,372,1314.62,508.00,82.31,28.44,0.7356,4,-1,-1
1083,280,1540.08,639.01,379.53,161.06,0.5593,9,-1,-1
1083,287,521.15,402.68,35.97,16.38,0.4121,4,-1,-1
1083,313,362.29,383.34,39.06,17.30,0.3174,4,-1,-1
1083,293,897.85,538.92,87.37,50.08,0.1974,4,-1,-1
1083,345,1381.19,429.47,87.39,36.36,0.7249,4,-1,-1
1083,346,175.22,348.18,43.47,21.46,0.5955,4,-1,-1
1083,351,260.69,384.92,44.01,20.76,0.6522,4,-1,-1
1083,358,356.97,391.92,42.28,19.65,0.2720,5,-1,-1
1083,359,1031.32,464.14,64.11,29.67,0.1551,4,-1,-1
1083,360,414.25,378.23,26.08,16.68,0.2942,4,-1,-1
1083,93,466.57,800.72,33.06,66.87,0.4552,1,-1,-1
1083,370,1556.71,465.50,108.43,51.63,0.6671,4,-1,-1
1083,372,1307.54,506.90,83.44,28.83,0.7394,4,-1,-1
1084,280,1549.50,641.61,379.36,161.93,0.4571,9,-1,-1
1084,287,519.91,402.12,36.75,16.75,0.4824,4,-1,-1
1084,313,361.73,382.60,39.81,17.50,0.2862,4,-1,-1
1084,293,904.40,538.98,96.17,55.18,0.2018,5,-1,-1
1084,345,1394.41,431.71,90.04,37.26,0.7417,4,-1,-1
1084,346,172.63,347.28,43.98,21.74,0.7194,4,-1,-1
1084,351,256.52,383.91,45.34,21.52,0.7146,4,-1,-1
1084,358,352.47,390.29,44.13,20.76,0.5400,4,-1,-1
1084,359,1030.43,463.90,63.30,29.08,0.3007,4,-1,-1
1084,360,413.89,377.56,26.88,17.23,0.3381,4,-1,-1
1084,93,465.18,801.46,32.33,65.63,0.6800,1,-1,-1
1084,370,1578.38,468.19,107.03,50.94,0.2422,4,-1,-1
1084,372,1294.70,504.80,84.21,29.09,0.7649,4,-1,-1
1085,280,1560.91,644.46,374.75,161.39,0.4244,9,-1,-1
1085,287,519.78,402.01,36.44,16.66,0.4688,4,-1,-1
1085,313,362.92,381.96,39.36,17.08,0.3460,4,-1,-1
1085,293,911.43,539.67,102.07,59.11,0.7122,5,-1,-1
1085,345,1409.30,433.54,93.19,38.53,0.7454,4,-1,-1
1085,346,171.52,346.91,42.37,20.96,0.7571,4,-1,-1
1085,351,254.24,382.96,44.21,21.10,0.6935,4,-1,-1
1085,358,350.03,389.40,43.07,20.33,0.5341,4,-1,-1
1085,359,1008.33,460.37,69.63,32.26,0.4961,4,-1,-1
1085,360,414.00,377.63,26.77,17.17,0.3858,4,-1,-1
1085,93,463.48,802.05,32.41,65.45,0.7130,1,-1,-1
1085,370,1598.52,471.95,113.08,53.67,0.7549,4,-1,-1
1085,372,1282.44,503.48,83.68,28.90,0.7820,4,-1,-1
1086,280,1568.60,646.67,368.63,160.11,0.5341,9,-1,-1
1086,287,519.73,401.94,36.86,16.93,0.4795,4,-1,-1
1086,313,363.58,382.26,42.22,18.29,0.2247,4,-1,-1
1086,293,917.61,541.17,101.51,58.94,0.7122,5,-1,-1
1086,345,1419.82,434.77,93.55,38.61,0.7705,4,-1,-1
1086,346,170.91,346.23,42.05,20.92,0.7725,4,-1,-1
1086,351,252.74,382.35,43.56,20.90,0.7130,4,-1,-1
1086,358,347.86,388.79,44.01,20.79,0.6105,4,-1,-1
1086,359,998.56,456.69,75.40,35.59,0.3200,4,-1,-1
1086,360,414.04,377.61,26.85,17.23,0.4263,4,-1,-1
1086,93,461.91,802.39,32.84,65.61,0.6968,1,-1,-1
1086,370,1615.19,474.15,114.91,54.50,0.7461,4,-1,-1
1086,372,1275.51,502.71,82.69,28.55,0.7656,4,-1,-1
1087,280,1588.72,649.54,340.44,148.82,0.3504,9,-1,-1
1087,287,519.35,401.67,36.37,16.77,0.4484,4,-1,-1
1087,313,365.52,381.95,43.28,18.87,0.1645,4,-1,-1
1087,293,928.45,543.60,95.77,55.17,0.4883,5,-1,-1
1087,345,1434.28,436.82,93.39,38.43,0.7454,4,-1,-1
1087,346,169.01,345.15,42.58,21.37,0.7585,4,-1,-1
1087,351,249.46,381.48,43.96,21.15,0.5860,4,-1,-1
1087,358,344.84,387.34,43.36,20.57,0.6397,4,-1,-1
1087,359,986.67,452.02,82.37,39.70,0.1733,4,-1,-1
1087,360,414.10,377.74,26.71,17.15,0.4263,4,-1,-1
1087,93,459.48,802.53,33.57,65.76,0.7424,1,-1,-1
1087,370,1637.50,477.58,118.62,56.21,0.5593,4,-1,-1
1087,372,1266.11,501.73,80.51,27.74,0.7899,4,-1,-1
1088,280,1599.95,651.80,329.17,145.09,0.3355,9,-1,-1
1088,287,518.99,401.43,37.30,17.21,0.3914,4,-1,-1
1088,313,361.18,380.48,44.72,19.35,0.3217,4,-1,-1
1088,293,933.70,544.87,96.75,55.66,0.3451,5,-1,-1
1088,345,1444.18,438.60,94.65,38.89,0.7454,4,-1,-1
1088,346,167.95,344.70,42.54,21.53,0.7571,4,-1,-1
1088,351,246.96,380.61,45.58,22.03,0.5574,4,-1,-1
1088,358,343.35,386.71,43.57,20.65,0.6067,4,-1,-1
1088,359,984.07,450.92,81.84,40.45,0.1629,5,-1,-1
1088,360,413.59,377.00,27.65,17.85,0.3711,4,-1,-1
1088,93,458.15,802.89,34.64,66.48,0.7303,1,-1,-1
1088,370,1649.28,479.32,113.35,53.93,0.5842,4,-1,-1
1088,372,1257.24,500.49,81.93,28.23,0.7833,4,-1,-1
1089,280,1611.76,655.53,322.31,143.49,0.2822,9,-1,-1
1089,287,518.51,401.32,37.48,17.28,0.4349,4,-1,-1
1089,313,361.04,379.92,44.47,19.15,0.3693,4,-1,-1
1089,293,937.28,546.09,104.93,60.74,0.4187,4,-1,-1
1089,345,1459.56,440.31,96.47,39.51,0.7786,4,-1,-1
1089,346,166.57,344.64,41.30,21.05,0.7033,4,-1,-1
1089,351,242.66,380.45,47.73,23.23,0.5993,4,-1,-1
1089,358,341.91,386.74,41.84,19.72,0.6379,4,-1,-1
1089,359,982.77,451.67,75.56,37.94,0.5039,4,-1,-1
1089,360,413.47,376.81,27.79,18.02,0.3923,4,-1,-1
1089,93,456.61,803.25,34.84,65.63,0.7739,1,-1,-1
1089,370,1671.53,482.93,122.15,58.32,0.7341,4,-1,-1
1089,372,1246.02,498.50,83.85,29.02,0.7963,4,-1,-1
1089,376,506.45,378.64,28.39,15.84,0.6067,4,-1,-1
1090,280,1626.97,660.11,309.59,139.50,0.2720,9,-1,-1
1090,287,518.02,401.42,37.47,17.31,0.4244,4,-1,-1
1090,313,361.85,379.50,42.91,18.44,0.4273,4,-1,-1
1090,293,943.61,548.29,105.19,61.38,0.1551,5,-1,-1
1090,345,1476.49,442.80,99.74,40.83,0.8056,4,-1,-1
1090,346,164.24,344.17,40.65,20.76,0.6433,4,-1,-1
1090,351,239.64,379.90,44.68,21.62,0.5842,4,-1,-1
1090,358,337.89,386.07,39.12,18.38,0.6901,4,-1,-1
1090,359,980.63,453.81,67.27,33.90,0.4330,4,-1,-1
1090,360,413.62,376.90,27.48,17.91,0.4263,4,-1,-1
1090,93,455.09,803.06,35.43,66.02,0.7628,1,-1,-1
1090,370,1695.60,487.20,124.69,59.34,0.6496,4,-1,-1
1090,372,1233.47,496.38,85.47,29.72,0.7918,4,-1,-1
1090,376,504.30,378.09,28.24,15.76,0.5936,4,-1,-1
1091,287,517.53,401.50,37.94,17.60,0.3979,4,-1,-1
1091,313,361.99,379.64,42.22,18.08,0.4149,4,-1,-1
1091,293,944.39,548.96,113.64,67.55,0.1225,9,-1,-1
1091,345,1488.50,444.67,100.29,40.98,0.8187,4,-1,-1
1091,346,162.94,343.82,39.74,20.39,0.6343,4,-1,-1
1091,351,238.03,379.46,43.23,20.86,0.6234,4,-1,-1
1091,358,335.19,385.45,38.14,18.01,0.6935,4,-1,-1
1091,359,981.76,458.17,56.38,27.86,0.2918,4,-1,-1
1091,360,413.61,376.85,27.34,17.91,0.4465,4,-1,-1
1091,93,454.17,803.31,35.36,65.30,0.7394,1,-1,-1
1091,370,1717.00,490.10,126.33,59.93,0.5651,4,-1,-1
1091,372,1226.99,495.83,83.42,29.07,0.8056,4,-1,-1
1091,376,501.93,378.18,27.89,15.52,0.5088,4,-1,-1
1092,287,517.87,401.43,37.31,17.20,0.3495,4,-1,-1
1092,313,361.68,379.26,42.50,18.28,0.3886,4,-1,-1
1092,293,960.14,551.09,103.90,61.43,0.3099,5,-1,-1
1092,345,1504.46,446.35,100.91,41.09,0.7969,4,-1,-1
1092,346,160.94,342.97,39.71,20.47,0.6766,4,-1,-1
1092,351,234.90,378.87,43.47,20.97,0.5535,4,-1,-1
1092,358,330.88,384.52,39.91,19.03,0.7001,4,-1,-1
1092,359,973.62,455.80,60.65,29.96,0.1321,4,-1,-1
1092,360,412.95,376.18,28.04,18.54,0.3757,4,-1,-1
1092,93,452.90,803.16,35.35,65.09,0.7098,1,-1,-1
1092,370,1737.88,492.56,127.63,60.50,0.5794,4,-1,-1
1092,372,1217.28,494.28,83.47,29.19,0.8164,4,-1,-1
1092,376,497.25,377.84,29.19,16.17,0.3451,4,-1,-1
1092,298,945.25,568.10,102.47,64.43,0.4834,4,-1,-1
1093,287,516.71,400.48,38.37,17.72,0.1824,4,-1,-1
1093,313,362.13,379.50,42.07,18.15,0.4225,4,-1,-1
1093,293,972.19,552.76,97.80,57.47,0.4494,5,-1,-1
1093,345,1515.73,447.43,102.17,41.49,0.8105,4,-1,-1
1093,346,159.65,342.59,39.31,20.34,0.6935,4,-1,-1
1093,351,233.25,378.37,43.84,21.21,0.6105,4,-1,-1
1093,358,328.33,383.92,41.19,19.83,0.7287,4,-1,-1
1093,359,968.26,458.40,55.56,27.50,0.5708,4,-1,-1
1093,360,411.95,375.16,29.17,19.56,0.3594,4,-1,-1
1093,93,451.68,802.84,35.47,65.43,0.6645,1,-1,-1
1093,370,1757.51,495.48,126.22,59.76,0.7578,4,-1,-1
1093,372,1209.12,492.53,85.35,30.05,0.8038,4,-1,-1
1093,376,494.29,377.10,31.15,17.22,0.2598,4,-1,-1
1093,298,948.79,569.99,100.16,62.87,0.4340,4,-1,-1
1094,287,518.43,400.97,38.16,17.44,0.2814,4,-1,-1
1094,313,361.87,379.06,42.80,18.61,0.3877,4,-1,-1
1094,293,981.06,553.14,97.10,57.36,0.5983,5,-1,-1
1094,345,1531.85,449.03,104.17,42.25,0.8245,4,-1,-1
1094,346,158.31,342.00,38.59,20.04,0.6951,4,-1,-1
1094,351,232.06,377.75,42.27,20.49,0.6307,4,-1,-1
1094,358,325.76,383.19,41.16,19.96,0.7033,4,-1,-1
1094,359,962.83,459.44,54.41,26.80,0.5224,4,-1,-1
1094,360,411.71,374.89,29.29,19.91,0.3702,4,-1,-1
1094,93,448.84,801.84,35.30,66.02,0.6478,1,-1,-1
1094,370,1780.17,499.36,135.49,64.34,0.4235,4,-1,-1
1094,372,1199.67,491.08,85.08,30.18,0.8216,4,-1,-1
1094,376,490.70,376.78,32.42,17.91,0.3693,4,-1,-1
1094,298,957.73,570.39,99.82,61.48,0.4378,5,-1,-1
1095,287,519.65,401.30,38.14,17.32,0.2814,4,-1,-1
1095,313,361.14,378.82,43.39,19.03,0.3486,4,-1,-1
1095,293,990.54,555.48,86.37,50.34,0.2180,5,-1,-1
1095,345,1548.48,451.41,107.73,43.73,0.8032,4,-1,-1
1095,346,157.23,341.66,37.74,19.63,0.6030,4,-1,-1
1095,351,229.32,377.14,42.68,20.86,0.5010,4,-1,-1
1095,358,323.37,382.72,40.58,19.77,0.6901,4,-1,-1
1095,359,957.32,459.10,52.65,25.71,0.7585,4,-1,-1
1095,360,411.61,374.76,29.25,20.12,0.3451,4,-1,-1
1095,93,445.95,801.52,34.20,65.40,0.6826,1,-1,-1
1095,370,1802.48,503.32,129.67,62.49,0.7356,4,-1,-1
1095,372,1190.37,489.90,83.62,29.85,0.8152,4,-1,-1
1095,376,487.06,376.79,31.76,17.65,0.3124,4,-1,-1
1095,298,966.21,570.67,103.27,62.79,0.2187,6,-1,-1
1096,287,518.38,401.22,39.92,18.13,0.4494,4,-1,-1
1096,313,361.59,378.53,42.44,18.74,0.3303,4,-1,-1
1096,293,995.20,558.05,87.95,50.69,0.3905,4,-1,-1
1096,345,1560.52,453.01,110.26,44.86,0.8069,4,-1,-1
1096,346,156.98,341.49,37.21,19.47,0.6086,4,-1,-1
1096,351,226.13,376.30,44.62,22.03,0.5974,4,-1,-1
1096,358,321.13,382.24,40.66,19.88,0.6663,4,-1,-1
1096,359,953.71,459.41,51.57,24.85,0.7394,4,-1,-1
1096,360,411.39,373.58,29.69,20.78,0.1172,5,-1,-1
1096,93,444.20,801.16,33.42,65.34,0.5622,1,-1,-1
1096,370,1818.34,506.62,120.70,59.35,0.5775,4,-1,-1
1096,372,1184.75,489.52,80.71,28.88,0.7944,4,-1,-1
1096,376,485.23,377.24,31.32,17.46,0.2682,4,-1,-1
1096,298,971.36,572.03,103.38,62.23,0.4397,6,-1,-1
1096,377,696.30,324.36,59.47,35.03,0.5660,5,-1,-1
1097,287,517.47,401.27,42.00,19.13,0.5400,4,-1,-1
1097,313,361.28,378.73,42.30,18.72,0.2910,4,-1,-1
1097,293,1003.61,559.57,93.72,53.68,0.3886,5,-1,-1
1097,345,1579.65,455.79,109.65,44.58,0.8129,4,-1,-1
1097,346,154.03,341.37,36.85,19.18,0.6067,4,-1,-1
1097,351,224.41,376.04,41.90,20.77,0.5496,4,-1,-1
1097,358,319.41,382.16,38.93,18.88,0.6011,4,-1,-1
1097,359,948.20,457.96,53.52,25.47,0.7820,4,-1,-1
1097,360,412.71,375.71,27.13,19.01,0.1913,4,-1,-1
1097,93,442.43,801.51,32.65,65.24,0.6558,1,-1,-1
1097,372,1175.95,488.45,80.29,28.87,0.8032,4,-1,-1
1097,376,482.70,377.24,31.95,17.83,0.2934,4,-1,-1
1097,298,978.94,574.08,100.45,60.05,0.1848,6,-1,-1
1097,377,699.18,324.60,59.68,35.10,0.4893,4,-1,-1
1098,287,516.89,401.32,42.59,19.46,0.5400,4,-1,-1
1098,313,361.64,379.05,41.87,18.57,0.2736,4,-1,-1
1098,293,1008.57,559.84,97.44,55.67,0.5000,5,-1,-1
1098,345,1592.70,457.51,108.47,44.04,0.8105,4,-1,-1
1098,346,151.58,341.33,36.98,19.12,0.6343,4,-1,-1
1098,351,221.18,375.65,44.01,22.06,0.3961,4,-1,-1
1098,358,316.29,380.33,40.70,19.81,0.6179,4,-1,-1
1098,359,943.03,457.85,53.36,25.19,0.7599,4,-1,-1
1098,360,413.12,376.54,26.17,18.36,0.1587,4,-1,-1
1098,93,441.07,801.83,32.24,65.50,0.3877,1,-1,-1
1098,372,1169.12,487.80,79.76,28.77,0.7950,4,-1,-1
1098,376,481.52,377.10,31.96,17.84,0.3251,4,-1,-1
1098,298,982.49,576.21,99.13,59.14,0.5467,5,-1,-1
1098,377,703.04,325.54,58.57,34.41,0.3363,4,-1,-1
1099,287,516.83,401.42,42.56,19.53,0.5322,4,-1,-1
1099,313,361.37,378.92,42.49,18.93,0.2444,4,-1,-1
1099,293,1015.73,561.11,102.20,58.54,0.4054,5,-1,-1
1099,345,1610.38,459.65,109.62,44.35,0.8366,4,-1,-1
1099,346,149.49,339.93,38.29,19.95,0.6123,4,-1,-1
1099,351,219.84,375.04,40.86,20.42,0.6270,4,-1,-1
1099,358,311.60,377.17,42.66,21.03,0.6067,4,-1,-1
1099,359,936.77,457.23,53.17,24.92,0.7780,4,-1,-1
1099,360,413.15,376.54,26.28,18.48,0.1778,4,-1,-1
1099,93,439.49,802.17,31.82,65.70,0.3337,1,-1,-1
1099,372,1160.21,486.28,79.59,28.82,0.7963,4,-1,-1
1099,376,479.72,377.17,31.92,17.65,0.3294,4,-1,-1
1099,298,987.36,578.11,102.38,60.81,0.6243,5,-1,-1
1099,377,707.66,325.46,59.98,35.22,0.2666,6,-1,-1
1100,287,516.89,401.50,43.16,19.94,0.5341,4,-1,-1
1100,313,360.73,378.88,42.75,19.09,0.2713,4,-1,-1
1100,293,1024.97,563.24,104.45,59.99,0.5448,5,-1,-1
1100,345,1628.57,462.50,113.94,46.12,0.8256,4,-1,-1
1100,346,146.87,339.09,38.61,20.10,0.5689,4,-1,-1
1100,351,218.27,374.46,39.29,19.56,0.6783,4,-1,-1
1100,358,309.96,376.45,41.24,20.59,0.5860,4,-1,-1
1100,359,930.19,456.65,52.61,24.36,0.7820,4,-1,-1
1100,360,413.46,376.83,25.89,18.20,0.1830,4,-1,-1
1100,93,437.38,802.27,31.76,66.03,0.5670,1,-1,-1
1100,372,1150.56,485.20,79.83,29.06,0.8135,4,-1,-1
1100,376,477.17,376.65,32.86,17.94,0.1048,4,-1,-1
1100,298,991.98,579.50,107.63,64.03,0.6792,5,-1,-1
1100,377,711.41,326.42,59.88,35.09,0.3346,5,-1,-1
1100,379,1689.56,564.13,120.70,44.65,0.4951,4,-1,-1
1101,287,516.61,401.55,43.13,20.05,0.5612,4,-1,-1
1101,313,360.74,378.96,42.72,19.11,0.2854,4,-1,-1
1101,293,1030.47,565.41,106.14,61.03,0.6132,5,-1,-1
1101,345,1643.40,464.29,113.58,45.90,0.8322,4,-1,-1
1101,346,145.07,338.80,38.67,20.12,0.5496,4,-1,-1
1101,351,216.78,373.92,38.61,19.21,0.7146,4,-1,-1
1101,358,308.72,376.26,39.97,20.11,0.6628,4,-1,-1
1101,359,925.86,456.35,52.80,24.17,0.7937,4,-1,-1
1101,360,413.48,376.47,26.18,18.42,0.1913,4,-1,-1
1101,93,435.33,802.25,32.43,67.03,0.5955,1,-1,-1
1101,372,1143.49,484.01,80.01,29.33,0.8038,4,-1,-1
1101,376,474.09,376.79,35.05,18.75,0.2282,5,-1,-1
1101,298,993.01,581.03,109.77,64.95,0.6740,5,-1,-1
1101,377,715.41,327.04,59.91,35.12,0.4092,5,-1,-1
1101,379,1679.88,564.14,116.28,43.02,0.4244,4,-1,-1
1102,287,516.59,401.50,43.23,20.12,0.5879,4,-1,-1
1102,313,362.36,379.14,41.95,18.93,0.3217,4,-1,-1
1102,293,1038.80,566.82,105.81,60.82,0.4130,4,-1,-1
1102,345,1662.77,466.76,113.92,45.93,0.8105,4,-1,-1
1102,346,143.29,338.44,37.47,19.23,0.5516,4,-1,-1
1102,351,214.68,373.03,38.46,19.25,0.7066,4,-1,-1
1102,358,305.72,375.70,40.04,20.33,0.7146,4,-1,-1
1102,359,918.96,455.42,53.94,24.58,0.7684,4,-1,-1
1102,360,413.14,375.91,26.95,19.05,0.1931,4,-1,-1
1102,93,433.43,802.65,33.04,66.81,0.6885,1,-1,-1
1102,372,1134.70,482.75,79.85,29.50,0.8001,4,-1,-1
1102,376,473.32,376.83,34.85,18.11,0.3442,4,-1,-1
1102,298,1001.60,582.84,109.65,64.54,0.6671,5,-1,-1
1102,377,719.59,327.02,60.46,35.39,0.4678,4,-1,-1
1102,379,1665.27,564.12,110.19,40.69,0.3478,4,-1,-1
1103,287,516.53,401.50,42.98,20.04,0.5746,4,-1,-1
1103,313,362.16,378.79,41.91,18.98,0.1755,5,-1,-1
1103,293,1043.40,567.75,108.83,62.56,0.4922,4,-1,-1
1103,345,1675.74,468.24,116.75,46.96,0.7957,4,-1,-1
1103,346,142.04,338.33,36.32,18.45,0.5341,4,-1,-1
1103,351,213.14,372.64,38.03,19.09,0.7130,4,-1,-1
1103,358,304.38,375.54,39.18,20.05,0.6868,4,-1,-1
1103,359,913.83,454.90,54.74,24.77,0.7424,4,-1,-1
1103,360,413.45,376.33,26.39,18.67,0.2154,4,-1,-1
1103,93,431.47,802.05,33.92,67.23,0.6851,1,-1,-1
1103,372,1128.74,482.27,79.18,29.48,0.8135,4,-1,-1
1103,376,471.85,376.30,33.95,17.24,0.3858,4,-1,-1
1103,298,1007.46,583.65,111.79,65.96,0.5813,5,-1,-1
1103,377,721.86,327.21,60.97,35.66,0.6160,4,-1,-1
1103,379,1652.66,562.87,110.30,40.66,0.2870,4,-1,-1
1104,287,516.89,401.47,42.35,19.73,0.5746,4,-1,-1
1104,313,363.38,379.16,41.00,18.72,0.3381,4,-1,-1
1104,293,1049.69,568.34,112.97,65.46,0.4922,5,-1,-1
1104,345,1694.77,470.90,118.95,47.76,0.8081,4,-1,-1
1104,346,140.49,337.88,35.97,18.15,0.5593,4,-1,-1
1104,351,210.46,372.05,37.82,18.98,0.7114,4,-1,-1
1104,358,302.17,375.27,38.64,19.85,0.6935,4,-1,-1
1104,359,906.14,454.06,55.77,24.97,0.6951,4,-1,-1
1104,360,413.65,376.46,26.27,18.58,0.2075,4,-1,-1
1104,93,430.08,802.44,34.36,66.58,0.6505,1,-1,-1
1104,372,1120.39,481.18,78.24,29.29,0.8182,4,-1,-1
1104,376,466.94,375.64,33.87,17.01,0.5302,4,-1,-1
1104,298,1012.54,584.87,114.53,68.19,0.7879,5,-1,-1
1104,377,724.66,327.03,62.80,36.74,0.5117,5,-1,-1
1104,379,1633.87,561.80,111.18,40.97,0.3337,4,-1,-1
1105,287,517.15,401.45,41.58,19.37,0.5458,4,-1,-1
1105,313,363.88,379.38,40.46,18.61,0.3090,4,-1,-1
1105,293,1060.98,569.67,112.00,64.93,0.2275,4,-1,-1
1105,345,1714.97,473.69,122.60,49.26,0.8117,4,-1,-1
1105,346,136.75,336.71,38.12,19.20,0.6968,4,-1,-1
1105,351,206.26,370.95,40.10,20.23,0.6968,4,-1,-1
1105,358,299.55,374.65,37.28,19.12,0.7050,4,-1,-1
1105,359,898.24,452.66,57.79,25.82,0.7033,4,-1,-1
1105,360,413.55,376.36,26.59,18.84,0.2344,4,-1,-1
1105,93,429.20,804.36,34.43,64.96,0.7033,1,-1,-1
1105,372,1110.81,479.59,77.91,29.35,0.8129,4,-1,-1
1105,376,463.62,374.94,33.50,16.81,0.4311,4,-1,-1
1105,298,1021.43,586.93,118.40,70.66,0.7813,5,-1,-1
1105,377,730.27,327.14,62.51,36.73,0.5506,5,-1,-1
1105,379,1618.12,561.30,105.99,38.93,0.2902,4,-1,-1
1106,287,517.09,401.43,41.50,19.34,0.5574,4,-1,-1
1106,313,364.01,379.43,40.46,18.77,0.2870,4,-1,-1
1106,293,1071.04,571.72,108.28,62.61,0.2309,5,-1,-1
1106,345,1729.65,475.37,124.17,49.86,0.8256,4,-1,-1
1106,346,134.47,336.21,38.62,19.44,0.7364,4,-1,-1
1106,351,204.15,370.46,40.48,20.51,0.6645,4,-1,-1
1106,358,297.26,374.14,37.07,18.98,0.7050,4,-1,-1
1106,359,894.17,452.35,57.10,25.37,0.7178,4,-1,-1
1106,360,413.31,376.17,26.90,19.13,0.1944,4,-1,-1
1106,93,428.25,805.49,34.67,64.02,0.6800,1,-1,-1
1106,372,1105.13,478.92,77.47,29.33,0.8038,4,-1,-1
1106,376,462.36,374.22,33.09,16.86,0.4610,4,-1,-1
1106,298,1027.23,587.70,122.52,73.29,0.5603,5,-1,-1
1106,377,733.46,327.77,62.61,36.88,0.5176,5,-1,-1
1106,379,1606.78,560.66,103.87,38.04,0.6011,4,-1,-1
1107,287,517.01,401.44,40.98,19.12,0.5554,4,-1,-1
1107,313,364.26,379.43,40.36,18.92,0.2713,4,-1,-1
1107,293,1081.34,573.75,108.11,62.28,0.3451,5,-1,-1
1107,345,1749.99,477.73,125.28,50.37,0.8300,4,-1,-1
1107,346,132.55,335.68,38.33,19.28,0.6522,4,-1,-1
1107,351,200.81,369.73,40.45,20.47,0.5380,4,-1,-1
1107,358,294.31,373.97,36.83,18.91,0.7082,4,-1,-1
1107,359,884.28,449.58,62.77,28.06,0.5775,4,-1,-1
1107,360,413.37,376.28,26.66,19.01,0.2012,4,-1,-1
1107,93,427.48,806.93,34.70,62.77,0.6505,1,-1,-1
1107,372,1099.31,478.18,74.99,28.63,0.7684,4,-1,-1
1107,376,461.78,373.52,32.35,16.93,0.5380,4,-1,-1
1107,298,1035.32,588.18,129.70,77.81,0.5448,5,-1,-1
1107,377,736.70,327.75,63.96,37.82,0.5545,5,-1,-1
1107,379,1592.85,559.63,99.09,36.05,0.5467,4,-1,-1
1108,287,517.03,401.48,40.65,18.97,0.5438,4,-1,-1
1108,313,363.76,379.27,40.75,19.26,0.1944,4,-1,-1
1108,293,1088.11,575.20,108.70,62.50,0.5583,5,-1,-1
1108,345,1764.29,479.66,128.17,51.66,0.8397,4,-1,-1
1108,346,131.65,335.52,37.96,19.05,0.6505,4,-1,-1
1108,351,197.37,369.43,42.74,21.75,0.4273,4,-1,-1
1108,358,292.22,373.57,36.62,18.76,0.6680,4,-1,-1
1108,359,879.92,446.93,66.19,30.19,0.6406,4,-1,-1
1108,360,413.75,376.71,26.37,18.76,0.1624,4,-1,-1
1108,93,425.63,807.04,35.13,62.95,0.5273,1,-1,-1
1108,372,1095.38,477.60,72.57,27.90,0.7599,4,-1,-1
1108,376,460.38,373.12,31.69,16.88,0.4600,4,-1,-1
1108,298,1038.50,588.85,132.86,80.09,0.4785,5,-1,-1
1108,377,738.89,328.23,64.24,38.10,0.6021,5,-1,-1
1108,379,1582.49,557.37,97.95,35.37,0.6086,4,-1,-1
1109,287,517.15,401.68,40.58,18.97,0.5535,4,-1,-1
1109,313,362.26,379.05,41.22,19.50,0.1700,4,-1,-1
1109,293,1095.22,576.94,111.70,64.32,0.6460,5,-1,-1
1109,345,1785.01,483.63,127.68,51.48,0.8278,4,-1,-1
1109,346,130.11,335.62,36.91,18.36,0.6851,4,-1,-1
1109,351,195.41,369.06,40.51,20.53,0.5708,4,-1,-1
1109,358,290.15,373.59,35.37,17.90,0.6901,4,-1,-1
1109,359,874.87,445.52,66.62,30.97,0.6758,4,-1,-1
1109,360,413.68,376.76,26.65,18.94,0.1375,4,-1,-1
1109,93,423.38,807.07,35.43,63.34,0.6540,1,-1,-1
1109,372,1088.44,476.40,72.03,28.00,0.7513,4,-1,-1
1109,376,459.02,373.54,30.06,16.22,0.3720,4,-1,-1
1109,298,1046.05,590.24,130.92,79.33,0.5641,5,-1,-1
1109,377,742.80,328.45,64.39,38.28,0.5756,5,-1,-1
1109,379,1565.54,553.82,99.38,35.74,0.5823,4,-1,-1
1110,287,517.73,402.01,40.24,18.81,0.5746,4,-1,-1
1110,313,361.23,379.05,41.15,19.44,0.1848,4,-1,-1
1110,293,1101.53,579.30,114.04,66.12,0.6460,5,-1,-1
1110,345,1801.59,487.09,128.55,52.71,0.7649,4,-1,-1
1110,346,129.38,335.54,35.75,17.71,0.6749,4,-1,-1
1110,351,192.65,368.55,39.95,20.11,0.5098,4,-1,-1
1110,358,288.05,373.78,34.29,17.25,0.7424,4,-1,-1
1110,359,864.53,443.04,69.59,32.74,0.6270,4,-1,-1
1110,360,414.42,378.04,25.54,17.99,0.1931,4,-1,-1
1110,93,420.24,807.00,35.17,63.37,0.6505,1,-1,-1
1110,372,1075.02,472.78,77.16,30.41,0.7194,4,-1,-1
1110,376,457.53,373.91,28.65,15.71,0.4121,4,-1,-1
1110,298,1051.71,592.91,132.41,81.02,0.3260,9,-1,-1
1110,377,747.27,329.05,64.50,38.35,0.2282,6,-1,-1
1110,379,1548.96,551.17,99.89,35.76,0.6442,4,-1,-1
1111,287,517.17,402.35,38.86,18.29,0.5029,4,-1,-1
1111,313,363.16,379.62,39.61,18.69,0.3540,4,-1,-1
1111,293,1107.77,580.95,113.91,66.69,0.5564,5,-1,-1
1111,345,1811.12,489.13,128.77,54.20,0.7417,4,-1,-1
1111,346,129.04,335.70,34.53,17.00,0.6800,4,-1,-1
1111,351,190.82,368.09,39.44,19.76,0.6270,4,-1,-1
1111,358,285.20,372.87,35.72,17.94,0.7287,4,-1,-1
1111,359,862.74,442.35,66.78,31.98,0.5879,4,-1,-1
1111,360,414.66,378.52,24.95,17.47,0.1634,4,-1,-1
1111,93,417.12,807.27,34.54,63.13,0.6800,1,-1,-1
1111,372,1068.41,470.84,78.76,31.60,0.6522,4,-1,-1
1111,376,456.57,373.68,28.72,16.11,0.3831,4,-1,-1
1111,298,1056.95,594.56,137.36,84.65,0.3191,9,-1,-1
1111,377,750.94,330.35,64.04,37.97,0.4054,5,-1,-1
1111,379,1537.36,549.61,98.92,35.25,0.6926,4,-1,-1
1111,381,420.80,407.03,44.37,20.20,0.5974,4,-1,-1
1112,287,516.97,402.43,38.79,18.34,0.4912,4,-1,-1
1112,313,363.23,379.56,40.28,19.07,0.2999,4,-1,-1
1112,293,1119.06,583.12,118.17,69.33,0.3630,5,-1,-1
1112,345,1823.42,491.90,127.32,56.11,0.6496,4,-1,-1
1112,346,128.13,335.08,34.58,17.12,0.6732,4,-1,-1
1112,351,187.31,367.15,41.01,20.59,0.6522,4,-1,-1
1112,358,281.31,371.97,35.37,17.89,0.7656,4,-1,-1
1112,360,414.40,378.40,25.17,17.54,0.1124,4,-1,-1
1112,93,414.15,807.12,34.11,63.53,0.7017,1,-1,-1
1112,372,1060.48,468.58,80.74,33.19,0.6252,4,-1,-1
1112,376,455.92,374.09,26.81,15.23,0.1476,4,-1,-1
1112,298,1065.27,596.12,132.43,82.69,0.1505,9,-1,-1
1112,377,754.69,331.52,64.44,38.19,0.3739,5,-1,-1
1112,379,1525.73,546.34,100.26,36.12,0.4092,4,-1,-1
1112,381,416.33,407.15,44.24,20.19,0.1956,4,-1,-1
1113,287,517.52,402.36,40.25,18.98,0.4961,4,-1,-1
1113,313,363.27,379.60,40.40,19.18,0.3024,4,-1,-1
1113,293,1126.93,584.40,118.18,69.40,0.5273,5,-1,-1
1113,345,1838.51,494.31,113.39,52.39,0.6943,4,-1,-1
1113,346,127.35,334.36,35.18,17.64,0.6487,4,-1,-1
1113,351,185.41,366.46,41.60,20.95,0.6628,4,-1,-1
1113,358,279.15,371.31,35.44,17.97,0.7469,4,-1,-1
1113,360,414.33,378.61,25.14,17.41,0.1234,4,-1,-1
1113,93,412.46,807.06,33.28,63.60,0.5993,1,-1,-1
1113,372,1053.32,467.93,79.88,33.33,0.5993,4,-1,-1
1113,298,1072.91,595.84,135.55,84.75,0.1950,9,-1,-1
1113,377,758.35,332.81,64.18,37.93,0.2975,5,-1,-1
1113,379,1521.68,545.81,95.47,34.78,0.3522,4,-1,-1
1113,381,412.08,407.41,44.03,20.12,0.2613,4,-1,-1
1114,287,517.25,402.43,38.91,18.44,0.4815,4,-1,-1
1114,313,363.45,379.65,40.21,19.12,0.2379,4,-1,-1
1114,293,1139.05,586.71,117.05,68.49,0.6478,5,-1,-1
1114,346,126.81,333.81,34.78,17.73,0.5898,4,-1,-1
1114,351,184.58,364.98,39.00,19.58,0.5993,4,-1,-1
1114,358,276.98,371.04,34.84,17.56,0.7082,4,-1,-1
1114,93,410.41,806.42,33.35,65.23,0.5860,1,-1,-1
1114,372,1042.65,466.08,82.68,35.06,0.4980,4,-1,-1
1114,298,1077.25,598.64,128.16,80.91,0.5176,5,-1,-1
1114,377,762.93,332.84,64.53,38.16,0.3469,5,-1,-1
1114,379,1510.18,543.51,94.30,34.92,0.3260,4,-1,-1
1115,287,517.21,402.38,37.98,18.08,0.4785,4,-1,-1
1115,313,363.03,379.66,40.42,19.22,0.2241,4,-1,-1
1115,293,1146.58,589.05,123.81,72.62,0.4273,5,-1,-1
1115,346,126.55,334.14,32.78,16.99,0.4455,4,-1,-1
1115,351,183.77,363.92,36.26,18.07,0.6697,4,-1,-1
1115,358,273.83,369.59,36.61,18.48,0.7178,4,-1,-1
1115,93,409.49,806.72,32.54,64.82,0.6758,1,-1,-1
1115,372,1038.07,467.00,74.24,31.56,0.5146,4,-1,-1
1115,298,1084.98,600.08,129.05,81.68,0.1056,6,-1,-1
1115,377,767.08,333.30,63.90,37.79,0.1285,9,-1,-1
1115,379,1501.60,542.46,89.02,33.71,0.3381,4,-1,-1
1116,287,517.17,402.31,37.76,18.04,0.4766,4,-1,-1
1116,313,363.07,379.74,40.18,19.09,0.2344,4,-1,-1
1116,293,1155.33,590.67,122.66,72.38,0.3933,5,-1,-1
1116,346,125.96,333.28,32.99,17.53,0.3821,4,-1,-1
1116,351,182.73,363.36,34.49,17.00,0.6361,4,-1,-1
1116,358,272.15,368.86,36.61,18.49,0.6968,4,-1,-1
1116,93,408.45,806.70,32.00,64.44,0.6876,1,-1,-1
1116,372,1031.12,467.03,73.43,31.42,0.4235,4,-1,-1
1116,298,1090.83,601.82,132.06,83.96,0.2408,6,-1,-1
1116,377,769.71,333.90,64.05,37.86,0.2822,5,-1,-1
1116,379,1489.54,540.19,88.81,34.29,0.4073,4,-1,-1
1117,287,517.06,402.29,37.78,18.10,0.4795,4,-1,-1
1117,313,363.07,379.98,39.85,18.88,0.3057,4,-1,-1
1117,293,1165.78,593.42,123.83,73.16,0.2429,4,-1,-1
1117,346,126.71,334.59,29.19,15.75,0.4678,4,-1,-1
1117,351,181.17,362.95,33.52,16.37,0.6325,4,-1,-1
1117,358,270.25,368.45,35.68,18.02,0.7178,4,-1,-1
1117,93,405.84,806.91,32.44,65.21,0.7194,1,-1,-1
1117,372,1028.29,466.27,71.36,30.54,0.3065,4,-1,-1
1117,298,1095.60,602.18,139.32,89.81,0.1366,6,-1,-1
1117,377,774.35,333.84,65.31,38.54,0.3363,5,-1,-1
1117,379,1480.95,540.65,84.19,33.26,0.1048,4,-1,-1
1118,287,517.23,402.32,37.45,17.99,0.4863,4,-1,-1
1118,313,363.30,380.19,39.34,18.58,0.3549,4,-1,-1
1118,293,1175.35,595.18,119.95,70.37,0.3594,4,-1,-1
1118,346,127.28,334.90,27.14,14.88,0.4263,4,-1,-1
1118,351,179.30,362.34,33.37,16.13,0.6289,4,-1,-1
1118,358,268.44,367.96,35.61,17.99,0.6968,4,-1,-1
1118,93,403.68,807.07,32.88,65.25,0.7409,1,-1,-1
1118,372,1026.08,465.34,71.07,30.57,0.1357,4,-1,-1
1118,298,1103.74,601.87,140.42,90.79,0.1063,4,-1,-1
1118,377,778.00,334.11,65.66,38.82,0.1871,6,-1,-1
1119,287,517.13,402.33,37.58,18.09,0.4883,4,-1,-1
1119,313,363.29,380.02,39.48,18.62,0.3007,4,-1,-1
1119,293,1186.43,597.21,121.88,71.41,0.5215,5,-1,-1
1119,346,127.23,334.75,25.77,14.35,0.2451,4,-1,-1
1119,351,177.20,361.87,34.41,16.64,0.6817,4,-1,-1
1119,358,264.82,366.05,37.53,19.04,0.7066,4,-1,-1
1119,93,401.25,807.18,33.75,65.49,0.7349,1,-1,-1
1119,298,1113.60,604.47,136.03,88.15,0.2247,5,-1,-1
1119,377,782.53,334.80,65.22,38.52,0.2502,5,-1,-1
1120,287,516.82,402.24,38.12,18.38,0.4922,4,-1,-1
1120,313,364.89,380.16,37.79,17.85,0.3183,4,-1,-1
1120,293,1196.37,599.82,126.80,74.63,0.4045,5,-1,-1
1120,346,123.93,331.72,27.56,15.70,0.3115,4,-1,-1
1120,351,175.93,361.29,33.88,16.42,0.7017,4,-1,-1
1120,358,262.34,365.13,37.15,19.01,0.7241,4,-1,-1
1120,93,399.05,807.51,34.42,64.99,0.7542,1,-1,-1
1120,377,787.20,335.82,65.63,38.68,0.6243,5,-1,-1
1121,287,516.88,402.26,38.11,18.39,0.4863,4,-1,-1
1121,313,366.05,380.49,36.40,17.18,0.3024,4,-1,-1
1121,293,1203.39,601.38,130.74,77.25,0.4475,4,-1,-1
1121,346,123.39,330.73,27.36,16.03,0.3381,4,-1,-1
1121,351,175.12,360.98,33.70,16.41,0.6817,4,-1,-1
1121,358,260.96,364.72,36.65,18.87,0.7050,4,-1,-1
1121,93,397.82,808.02,34.99,64.65,0.7739,1,-1,-1
1121,377,788.79,335.95,67.02,39.37,0.3648,5,-1,-1
1122,287,517.00,402.30,37.97,18.34,0.4873,4,-1,-1
1122,313,366.31,380.52,36.04,17.00,0.2950,4,-1,-1
1122,293,1213.43,603.83,131.20,77.87,0.6406,4,-1,-1
1122,346,120.94,330.25,27.35,16.34,0.1520,4,-1,-1
1122,351,173.64,360.44,32.49,15.93,0.5574,4,-1,-1
1122,358,258.78,364.40,35.89,18.49,0.7162,4,-1,-1
1122,93,396.38,807.66,35.99,65.29,0.7793,1,-1,-1
1122,377,792.02,336.27,67.76,39.66,0.1739,5,-1,-1
1122,372,983.81,454.79,85.82,38.13,0.5020,4,-1,-1
1123,287,516.95,402.30,38.23,18.46,0.4805,4,-1,-1
1123,313,365.15,380.23,36.69,17.04,0.2958,4,-1,-1
1123,293,1220.52,605.88,131.68,78.46,0.7074,4,-1,-1
1123,346,115.93,329.25,30.04,18.00,0.1316,9,-1,-1
1123,351,171.88,360.06,33.09,16.38,0.5185,4,-1,-1
1123,358,257.04,364.07,35.92,18.59,0.7114,4,-1,-1
1123,93,395.30,807.63,36.80,65.78,0.7698,1,-1,-1
1123,377,794.35,336.29,69.51,40.42,0.5312,6,-1,-1
1123,372,979.28,453.58,84.98,38.87,0.5390,4,-1,-1
1123,379,1390.07,530.14,77.18,30.69,0.4776,4,-1,-1
1124,287,516.94,402.27,38.34,18.50,0.4785,4,-1,-1
1124,313,365.57,380.39,37.39,17.35,0.2140,4,-1,-1
1124,293,1228.76,608.01,129.04,77.40,0.4961,5,-1,-1
1124,346,118.37,330.79,25.49,15.50,0.1041,4,-1,-1
1124,351,170.97,359.52,31.51,15.79,0.4552,4,-1,-1
1124,358,254.50,363.72,35.34,18.27,0.6522,4,-1,-1
1124,93,394.02,807.90,36.81,65.44,0.7287,1,-1,-1
1124,377,800.57,337.16,68.90,40.07,0.3877,4,-1,-1
1124,372,975.36,455.54,78.00,36.15,0.4912,4,-1,-1
1124,379,1376.63,527.35,80.31,31.75,0.7578,4,-1,-1
1125,287,517.24,402.36,37.74,18.21,0.4824,4,-1,-1
1125,313,366.33,380.41,37.06,17.22,0.2114,4,-1,-1
1125,293,1245.57,610.48,128.97,77.12,0.6619,5,-1,-1
1125,346,113.83,329.29,27.66,16.95,0.1334,9,-1,-1
1125,351,168.33,358.66,31.97,16.37,0.3803,4,-1,-1
1125,358,252.46,363.03,33.78,17.41,0.6749,4,-1,-1
1125,93,390.26,807.29,36.11,65.38,0.6732,1,-1,-1
1125,377,805.73,338.05,68.63,39.68,0.1546,5,-1,-1
1125,372,973.17,459.05,66.39,30.28,0.4854,4,-1,-1
1125,379,1362.17,524.85,81.99,32.42,0.7649,4,-1,-1
1126,287,517.18,402.47,39.03,18.78,0.5351,4,-1,-1
1126,293,1255.05,611.45,131.69,78.72,0.6602,5,-1,-1
1126,351,166.51,357.95,32.89,17.22,0.2247,4,-1,-1
1126,358,250.82,362.41,34.00,17.49,0.6645,4,-1,-1
1126,93,388.88,806.89,35.64,65.51,0.6575,1,-1,-1
1126,377,809.32,337.13,71.36,41.61,0.2598,6,-1,-1
1126,372,967.76,462.43,57.38,26.09,0.6575,4,-1,-1
1126,379,1352.51,521.91,86.13,34.13,0.7461,4,-1,-1
1127,287,517.22,402.60,39.45,18.93,0.5400,4,-1,-1
1127,293,1267.78,613.37,131.31,78.38,0.6549,4,-1,-1
1127,351,165.59,357.37,31.42,16.85,0.4378,4,-1,-1
1127,358,248.56,362.04,33.40,17.10,0.6851,4,-1,-1
1127,93,387.39,806.64,35.17,66.04,0.6531,1,-1,-1
1127,377,813.85,337.09,71.05,41.58,0.5756,6,-1,-1
1127,372,960.93,462.64,56.37,25.53,0.7178,4,-1,-1
1127,379,1341.17,519.66,87.42,34.58,0.8093,4,-1,-1
1127,298,1185.93,619.76,80.39,50.29,0.6206,4,-1,-1
1128,287,517.22,402.69,39.86,19.06,0.5448,4,-1,-1
1128,293,1275.35,614.33,133.92,79.94,0.6943,5,-1,-1
1128,351,164.24,356.55,30.82,16.81,0.3998,4,-1,-1
1128,358,246.89,361.79,32.67,16.69,0.7194,4,-1,-1
1128,93,386.44,806.61,34.17,65.57,0.6388,1,-1,-1
1128,377,816.76,337.64,71.04,41.69,0.6758,6,-1,-1
1128,372,956.23,462.37,56.45,25.45,0.7513,4,-1,-1
1128,379,1333.83,519.13,86.31,33.93,0.8289,4,-1,-1
1128,298,1193.12,621.03,71.50,43.13,0.1778,4,-1,-1
1129,287,517.47,402.99,38.98,18.61,0.5370,4,-1,-1
1129,293,1286.28,616.26,136.57,81.66,0.4805,5,-1,-1
1129,351,162.68,355.79,29.64,16.38,0.3711,4,-1,-1
1129,358,244.39,361.47,31.90,16.19,0.6049,4,-1,-1
1129,93,383.86,806.39,33.68,66.41,0.5870,1,-1,-1
1129,377,822.59,338.44,70.92,41.86,0.6876,6,-1,-1
1129,372,949.61,461.91,56.91,25.49,0.7886,4,-1,-1
1129,379,1321.96,517.48,87.01,34.13,0.8199,4,-1,-1
1130,287,517.76,402.71,40.43,19.23,0.5322,4,-1,-1
1130,293,1300.00,618.76,138.08,82.68,0.7840,5,-1,-1
1130,351,158.48,354.50,29.63,16.37,0.4054,4,-1,-1
1130,358,242.40,361.33,30.65,15.32,0.6680,4,-1,-1
1130,93,380.64,805.81,33.96,68.45,0.1667,1,-1,-1
1130,377,826.62,338.37,72.08,42.61,0.3775,6,-1,-1
1130,372,943.56,461.63,56.67,25.06,0.8062,4,-1,-1
1130,379,1308.78,515.32,88.14,34.58,0.8300,4,-1,-1
1131,287,517.68,402.59,41.39,19.63,0.5400,4,-1,-1
1131,293,1310.48,620.70,136.57,81.73,0.7800,5,-1,-1
1131,351,155.97,353.93,30.40,16.84,0.3460,4,-1,-1
1131,358,240.50,360.85,30.80,15.29,0.6142,4,-1,-1
1131,93,379.44,806.07,33.35,68.54,0.4873,1,-1,-1
1131,377,829.61,338.37,72.86,43.15,0.5254,6,-1,-1
1131,372,938.90,461.19,56.89,24.84,0.7833,4,-1,-1
1131,379,1300.19,514.17,87.56,34.38,0.8339,4,-1,-1
1132,287,517.31,402.93,39.69,18.83,0.5312,4,-1,-1
1132,293,1324.43,623.29,136.91,82.11,0.8210,5,-1,-1
1132,351,152.96,353.23,30.00,16.51,0.1744,4,-1,-1
1132,358,238.06,360.21,31.36,15.46,0.3979,4,-1,-1
1132,93,378.42,806.75,32.84,68.58,0.6505,1,-1,-1
1132,377,834.45,338.88,73.94,43.97,0.7372,6,-1,-1
1132,372,930.56,459.81,58.06,25.12,0.7656,4,-1,-1
1132,379,1288.59,512.68,87.42,34.41,0.8093,4,-1,-1
1133,287,517.11,403.13,38.82,18.43,0.5224,4,-1,-1
1133,293,1330.32,625.26,141.52,85.10,0.8510,5,-1,-1
1133,358,235.91,359.34,32.16,15.74,0.3346,4,-1,-1
1133,93,377.37,806.97,32.96,69.43,0.6984,1,-1,-1
1133,377,836.91,338.71,75.29,44.86,0.7280,6,-1,-1
1133,372,925.50,459.01,58.52,25.13,0.7698,4,-1,-1
1133,379,1280.87,511.88,86.31,33.96,0.8328,4,-1,-1
1134,287,517.02,403.29,38.28,18.19,0.5185,4,-1,-1
1134,293,1341.23,627.93,145.50,87.73,0.7476,5,-1,-1
1134,358,233.94,358.96,30.64,14.85,0.5458,4,-1,-1
1134,93,375.43,808.17,32.87,68.72,0.7050,1,-1,-1
1134,377,843.37,342.55,71.07,42.04,0.2822,6,-1,-1
1134,372,919.04,457.84,59.30,25.35,0.7725,4,-1,-1
1134,379,1270.56,510.28,85.56,33.70,0.8261,4,-1,-1
1135,287,517.10,403.01,40.06,19.05,0.5322,4,-1,-1
1135,293,1355.93,632.47,144.66,87.31,0.8245,5,-1,-1
1135,358,230.61,357.62,32.30,15.63,0.4378,4,-1,-1
1135,93,373.63,809.23,32.65,67.17,0.7241,1,-1,-1
1135,377,847.72,343.09,72.27,42.67,0.2516,6,-1,-1
1135,372,910.09,457.08,59.68,25.16,0.7241,4,-1,-1
1135,379,1258.73,508.98,84.41,33.26,0.8228,4,-1,-1
1135,383,321.58,391.63,38.67,18.63,0.5400,4,-1,-1
1136,287,517.09,402.89,40.72,19.37,0.5438,4,-1,-1
1136,293,1366.23,633.99,144.86,87.47,0.8758,5,-1,-1
1136,358,228.42,356.78,33.04,16.07,0.6011,4,-1,-1
1136,93,372.02,809.73,33.10,66.78,0.7225,1,-1,-1
1136,377,850.62,341.93,74.46,44.20,0.3157,6,-1,-1
1136,372,903.44,456.24,60.83,25.38,0.7303,4,-1,-1
1136,379,1249.78,507.31,84.84,33.47,0.8093,4,-1,-1
1136,383,318.92,391.26,38.61,18.60,0.6800,4,-1,-1
1136,384,1246.25,637.99,134.72,77.78,0.6039,5,-1,-1
1137,287,516.96,402.87,40.81,19.44,0.5477,4,-1,-1
1137,293,1379.46,636.59,146.72,88.71,0.7773,5,-1,-1
1137,358,225.93,356.37,32.84,15.99,0.5496,4,-1,-1
1137,93,370.69,811.09,33.42,65.64,0.7334,1,-1,-1
1137,377,857.74,342.87,74.32,44.25,0.3416,6,-1,-1
1137,372,896.60,455.22,61.59,25.49,0.7066,4,-1,-1
1137,379,1238.61,505.27,85.32,33.71,0.8123,4,-1,-1
1137,383,315.52,390.16,38.27,18.44,0.7114,4,-1,-1
1137,384,1250.14,638.63,147.14,85.07,0.6298,5,-1,-1
1138,287,516.98,402.85,40.47,19.31,0.5341,4,-1,-1
1138,293,1389.25,638.53,147.14,88.99,0.6261,9,-1,-1
1138,358,223.46,355.20,34.23,16.73,0.4932,4,-1,-1
1138,93,369.79,811.76,33.94,65.06,0.7287,1,-1,-1
1138,377,861.27,343.12,75.02,44.71,0.6225,6,-1,-1
1138,372,890.46,454.02,63.62,26.29,0.6885,4,-1,-1
1138,379,1231.02,504.33,84.67,33.51,0.8392,4,-1,-1
1138,383,312.65,389.47,39.14,18.92,0.5689,4,-1,-1
1138,384,1253.69,639.28,149.93,86.81,0.4649,5,-1,-1
1139,287,516.98,402.82,40.42,19.31,0.5244,4,-1,-1
1139,293,1402.58,641.05,146.76,88.49,0.8289,5,-1,-1
1139,358,221.50,354.60,34.13,16.79,0.5185,4,-1,-1
1139,93,367.61,812.12,34.97,65.51,0.6715,1,-1,-1
1139,377,863.93,344.02,76.35,45.17,0.6654,6,-1,-1
1139,372,885.28,452.90,64.13,26.64,0.6487,4,-1,-1
1139,379,1220.72,503.22,84.13,33.38,0.8465,4,-1,-1
1139,383,309.17,388.94,37.74,18.24,0.5263,4,-1,-1
1139,384,1262.05,641.18,151.40,87.74,0.5390,5,-1,-1
1140,287,516.80,402.82,40.47,19.38,0.5302,4,-1,-1
1140,293,1417.24,644.83,147.33,88.68,0.8418,5,-1,-1
1140,358,218.43,353.66,35.13,17.39,0.4990,4,-1,-1
1140,93,365.67,812.44,35.49,65.50,0.7225,1,-1,-1
1140,377,869.85,344.80,77.57,45.85,0.7202,6,-1,-1
1140,372,875.77,449.12,69.84,29.55,0.6234,4,-1,-1
1140,379,1209.55,501.96,83.38,33.17,0.8158,4,-1,-1
1140,383,304.69,387.31,38.17,18.47,0.6522,4,-1,-1
1140,384,1270.64,644.08,150.58,87.07,0.2576,5,-1,-1
1141,287,516.61,402.88,40.48,19.50,0.4922,4,-1,-1
1141,293,1424.94,646.62,150.59,90.40,0.8634,5,-1,-1
1141,358,216.60,353.06,35.52,17.74,0.3242,4,-1,-1
1141,93,363.75,812.11,36.19,66.33,0.6723,1,-1,-1
1141,377,872.82,345.96,77.27,45.14,0.6058,6,-1,-1
1141,372,869.56,446.86,72.46,31.27,0.6442,4,-1,-1
1141,379,1201.65,500.63,83.81,33.51,0.8044,4,-1,-1
1141,383,301.02,386.14,38.87,18.79,0.6766,4,-1,-1
1141,384,1281.20,646.40,147.36,84.99,0.4533,5,-1,-1
1142,287,516.93,402.83,39.83,19.26,0.4717,4,-1,-1
1142,293,1438.55,649.19,152.72,91.47,0.8848,5,-1,-1
1142,358,213.72,350.93,37.22,18.87,0.4795,4,-1,-1
1142,93,360.65,812.25,36.26,66.47,0.7527,1,-1,-1
1142,377,877.98,345.18,79.33,46.19,0.1461,6,-1,-1
1142,372,865.05,445.68,70.32,30.94,0.5689,4,-1,-1
1142,379,1192.12,499.22,82.88,33.19,0.8322,4,-1,-1
1142,383,295.79,385.12,39.80,19.14,0.6505,4,-1,-1
1142,384,1291.96,648.66,142.59,82.87,0.6843,5,-1,-1
1143,287,516.91,402.82,39.67,19.26,0.4727,4,-1,-1
1143,293,1449.21,651.10,153.10,91.70,0.8741,5,-1,-1
1143,358,212.04,350.11,37.49,19.25,0.3049,4,-1,-1
1143,93,357.58,812.02,36.65,67.28,0.7256,1,-1,-1
1143,377,883.31,346.27,79.36,46.23,0.1656,6,-1,-1
1143,372,860.72,443.88,70.81,31.87,0.5068,4,-1,-1
1143,379,1185.78,498.59,81.71,32.73,0.8199,4,-1,-1
1143,383,292.47,384.37,40.80,19.63,0.6628,4,-1,-1
1143,384,1304.89,650.54,144.41,83.78,0.7042,5,-1,-1
1144,287,516.78,402.84,39.36,19.19,0.4504,4,-1,-1
1144,293,1464.74,654.42,151.72,90.61,0.8758,5,-1,-1
1144,358,210.54,350.19,35.40,18.22,0.5974,4,-1,-1
1144,93,354.16,812.05,36.20,67.15,0.7050,1,-1,-1
1144,377,891.77,347.89,77.65,45.28,0.5506,6,-1,-1
1144,379,1176.49,497.53,80.45,32.25,0.8289,4,-1,-1
1144,383,289.68,384.08,40.28,19.38,0.6918,4,-1,-1
1144,384,1315.91,652.51,149.17,86.68,0.7356,5,-1,-1
1145,287,516.77,402.87,38.81,18.97,0.4504,4,-1,-1
1145,293,1481.32,656.42,154.90,92.00,0.8355,5,-1,-1
1145,358,207.13,348.52,36.97,19.22,0.5804,4,-1,-1
1145,93,350.13,812.07,35.32,67.07,0.2838,1,-1,-1
1145,377,896.42,348.39,78.17,45.53,0.3390,6,-1,-1
1145,379,1164.58,495.28,81.70,32.95,0.8062,4,-1,-1
1145,383,287.27,383.62,38.27,18.34,0.6343,4,-1,-1
1145,384,1323.70,655.24,156.65,91.23,0.7918,5,-1,-1
1146,287,516.74,402.92,38.62,18.94,0.4581,4,-1,-1
1146,293,1489.46,658.93,165.23,98.13,0.8069,5,-1,-1
1146,358,205.41,348.02,36.21,18.96,0.5936,4,-1,-1
1146,93,348.73,811.95,34.79,67.44,0.4026,1,-1,-1
1146,377,901.82,349.25,78.23,45.71,0.4397,6,-1,-1
1146,379,1157.94,495.10,79.95,32.28,0.8019,4,-1,-1
1146,383,284.60,383.22,37.62,17.92,0.6270,4,-1,-1
1146,384,1325.16,656.95,163.63,95.23,0.6584,5,-1,-1
1147,287,516.79,402.91,38.69,19.04,0.4649,4,-1,-1
1147,293,1505.16,662.37,162.20,95.91,0.7732,5,-1,-1
1147,358,203.32,347.86,35.36,18.64,0.6011,4,-1,-1
1147,93,346.46,812.08,34.19,67.33,0.2436,1,-1,-1
1147,377,907.77,350.47,77.78,45.48,0.5832,6,-1,-1
1147,379,1148.77,493.87,79.07,31.99,0.8135,4,-1,-1
1147,383,281.52,382.82,36.37,17.23,0.5631,4,-1,-1
1147,384,1335.41,659.72,163.25,94.61,0.6671,5,-1,-1
1148,287,516.84,402.97,38.50,19.01,0.4727,4,-1,-1
1148,293,1515.67,664.53,158.37,93.37,0.7564,5,-1,-1
1148,358,202.53,347.84,34.47,18.25,0.5842,4,-1,-1
1148,93,345.07,811.78,34.03,67.75,0.4140,1,-1,-1
1148,377,912.77,351.11,76.86,44.98,0.3495,6,-1,-1
1148,379,1142.57,493.20,77.57,31.40,0.7937,4,-1,-1
1148,383,280.33,382.71,35.02,16.47,0.4426,4,-1,-1
1148,384,1348.01,661.66,162.09,94.30,0.6943,5,-1,-1
1149,287,516.79,402.98,38.48,19.07,0.4581,4,-1,-1
1149,293,1530.19,667.31,153.22,90.27,0.7356,5,-1,-1
1149,358,201.54,347.52,33.42,17.74,0.6105,4,-1,-1
1149,93,344.29,812.75,33.43,66.70,0.6584,1,-1,-1
1149,377,918.88,353.26,75.69,44.11,0.3416,6,-1,-1
1149,379,1134.42,492.69,75.73,30.63,0.8205,4,-1,-1
1149,383,275.71,381.33,36.24,17.00,0.6049,4,-1,-1
1149,384,1358.78,662.87,164.67,96.20,0.7982,5,-1,-1
1150,287,517.82,403.13,37.34,18.57,0.4630,4,-1,-1
1150,293,1546.50,670.52,151.43,89.17,0.7058,5,-1,-1
1150,358,200.44,347.37,31.85,16.88,0.6105,4,-1,-1
1150,93,342.90,814.07,33.29,65.56,0.7409,1,-1,-1
1150,377,929.60,356.48,72.65,42.23,0.2878,6,-1,-1
1150,379,1124.02,491.67,75.90,30.78,0.8273,4,-1,-1
1150,383,271.50,380.49,36.82,17.30,0.5879,4,-1,-1
1150,384,1372.26,665.59,164.37,96.38,0.8775,5,-1,-1
1151,287,518.04,403.07,37.19,18.56,0.4121,4,-1,-1
1151,293,1557.70,672.73,150.00,87.95,0.6723,5,-1,-1
1151,358,198.76,346.86,32.00,16.95,0.6123,4,-1,-1
1151,93,341.12,814.40,33.95,65.72,0.7318,1,-1,-1
1151,377,931.35,355.69,77.03,44.87,0.5098,6,-1,-1
1151,379,1117.48,491.08,74.73,30.29,0.7950,4,-1,-1
1151,383,268.31,379.66,37.98,17.94,0.6142,4,-1,-1
1151,384,1381.52,667.26,164.28,96.70,0.8706,5,-1,-1
1152,287,517.48,402.81,38.05,19.03,0.4484,4,-1,-1
1152,293,1576.80,675.90,143.37,83.55,0.7042,5,-1,-1
1152,358,196.82,346.38,31.51,16.65,0.4883,4,-1,-1
1152,93,339.73,815.42,34.27,64.99,0.7447,1,-1,-1
1152,377,936.29,355.83,77.98,45.56,0.6132,6,-1,-1
1152,379,1108.87,490.09,73.43,29.73,0.7925,4,-1,-1
1152,383,264.43,378.65,38.83,18.47,0.5898,4,-1,-1
1152,384,1394.96,669.88,163.50,96.50,0.8643,5,-1,-1
1153,287,517.20,402.73,38.31,19.19,0.4630,4,-1,-1
1153,293,1591.16,678.31,140.91,81.35,0.5794,5,-1,-1
1153,358,195.76,347.24,29.01,15.12,0.4407,4,-1,-1
1153,93,338.20,815.54,35.30,65.78,0.7542,1,-1,-1
1153,377,940.74,355.91,77.95,45.67,0.6442,6,-1,-1
1153,379,1102.45,488.99,73.43,29.72,0.8158,4,-1,-1
1153,383,262.11,377.73,39.23,18.78,0.5993,4,-1,-1
1153,384,1403.71,672.26,161.61,95.67,0.8615,5,-1,-1
1154,287,517.10,402.72,38.26,19.20,0.4600,4,-1,-1
1154,293,1611.42,682.09,131.18,74.33,0.3346,5,-1,-1
1154,358,193.53,346.97,29.23,15.07,0.3951,4,-1,-1
1154,93,336.85,815.41,36.02,66.20,0.7210,1,-1,-1
1154,377,944.95,355.45,81.14,47.59,0.5641,9,-1,-1
1154,379,1095.83,488.03,72.03,29.36,0.7879,4,-1,-1
1154,383,257.72,376.50,41.23,19.98,0.2247,4,-1,-1
1154,384,1416.96,674.71,160.12,95.11,0.8670,5,-1,-1
1155,287,516.81,402.67,38.39,19.30,0.4610,4,-1,-1
1155,358,190.67,345.77,30.15,15.47,0.5166,4,-1,-1
1155,93,335.44,816.82,35.62,64.07,0.6935,1,-1,-1
1155,377,949.79,357.34,80.91,47.07,0.2451,6,-1,-1
1155,379,1085.18,486.53,72.72,29.79,0.7513,4,-1,-1
1155,383,255.75,375.78,38.39,18.61,0.5936,4,-1,-1
1155,384,1427.21,677.47,167.88,99.65,0.7718,5,-1,-1
1156,287,518.02,402.91,37.46,18.88,0.5400,4,-1,-1
1156,358,188.45,344.57,31.20,16.03,0.5917,4,-1,-1
1156,93,333.82,816.71,36.35,64.19,0.6885,1,-1,-1
1156,377,952.67,358.40,81.62,46.94,0.5756,6,-1,-1
1156,379,1076.62,484.93,75.20,31.00,0.7058,4,-1,-1
1156,383,253.95,375.46,36.45,17.56,0.5477,4,-1,-1
1156,384,1436.06,679.36,168.27,99.99,0.7311,5,-1,-1
1157,287,518.76,403.01,36.77,18.54,0.5477,4,-1,-1
1157,358,186.35,343.90,31.77,16.37,0.5689,4,-1,-1
1157,93,331.63,816.49,36.75,64.30,0.6105,1,-1,-1
1157,377,959.32,359.94,81.32,46.39,0.5351,6,-1,-1
1157,379,1067.89,481.55,79.07,33.20,0.4815,4,-1,-1
1157,383,251.60,374.96,34.91,16.67,0.6270,4,-1,-1
1157,384,1445.79,681.14,166.81,99.40,0.8093,5,-1,-1
1158,287,518.97,403.03,36.49,18.40,0.5765,4,-1,-1
1158,358,184.47,342.77,33.18,17.24,0.6160,4,-1,-1
1158,93,329.81,815.91,37.36,65.17,0.5564,1,-1,-1
1158,377,964.54,359.56,83.73,47.86,0.6114,6,-1,-1
1158,379,1063.82,480.60,77.02,32.93,0.4815,4,-1,-1
1158,383,248.88,374.20,35.81,17.08,0.7225,4,-1,-1
1158,384,1454.64,683.18,163.77,97.69,0.7746,5,-1,-1
1159,287,519.07,402.94,35.90,17.99,0.5765,4,-1,-1
1159,358,182.89,342.26,32.85,17.12,0.5936,4,-1,-1
1159,93,326.91,815.14,37.37,65.59,0.5312,1,-1,-1
1159,377,968.40,360.87,86.18,48.74,0.4017,6,-1,-1
1159,379,1055.64,480.91,74.14,31.91,0.3877,4,-1,-1
1159,383,245.44,372.80,36.87,17.70,0.7614,4,-1,-1
1159,384,1469.76,685.55,163.77,96.99,0.5293,5,-1,-1
1160,287,519.08,402.94,35.98,17.93,0.5898,4,-1,-1
1160,358,181.62,342.32,31.05,16.11,0.5400,4,-1,-1
1160,93,323.28,814.26,37.06,66.18,0.5660,1,-1,-1
1160,377,980.48,366.38,79.64,44.33,0.3775,6,-1,-1
1160,379,1047.63,478.68,74.26,32.49,0.2358,4,-1,-1
1160,383,241.70,371.83,37.56,18.10,0.7498,4,-1,-1
1160,384,1483.23,688.16,163.62,96.22,0.5927,5,-1,-1
1160,387,1480.63,689.19,165.89,95.01,0.4922,9,-1,-1
1161,287,518.89,402.94,36.32,18.00,0.5860,4,-1,-1
1161,358,180.58,342.15,29.35,15.12,0.5302,4,-1,-1
1161,93,321.05,814.48,36.09,65.99,0.1352,1,-1,-1
1161,377,979.81,367.50,82.85,45.18,0.4111,6,-1,-1
1161,379,1039.67,477.88,74.63,32.93,0.2372,5,-1,-1
1161,383,239.96,371.49,36.67,17.71,0.7050,4,-1,-1
1161,384,1493.46,690.86,161.45,94.31,0.4111,9,-1,-1
1161,387,1490.03,690.29,162.76,93.11,0.4417,5,-1,-1
1162,287,518.68,402.90,36.69,18.10,0.5898,4,-1,-1
1162,358,177.80,341.40,29.60,15.21,0.5361,4,-1,-1
1162,93,318.14,814.68,35.39,66.59,0.1510,1,-1,-1
1162,377,982.05,365.77,90.21,48.83,0.6549,6,-1,-1
1162,383,235.90,370.69,37.60,18.25,0.7349,4,-1,-1
1162,384,1505.50,694.00,155.62,90.27,0.6370,5,-1,-1
1163,287,518.64,402.94,36.76,18.05,0.5804,4,-1,-1
1163,358,175.34,340.39,31.33,16.17,0.4465,4,-1,-1
1163,93,316.29,814.85,35.13,67.73,0.2838,1,-1,-1
1163,377,984.64,364.80,93.05,49.85,0.5137,6,-1,-1
1163,383,233.81,370.28,36.66,17.76,0.7556,4,-1,-1
1163,384,1513.33,696.43,151.84,87.57,0.4533,9,-1,-1
1164,287,518.42,403.04,36.62,17.90,0.5765,4,-1,-1
1164,358,170.01,335.85,38.13,20.24,0.3495,4,-1,-1
1164,93,314.61,814.58,34.97,68.88,0.6567,1,-1,-1
1164,377,991.04,367.08,93.53,49.31,0.3294,6,-1,-1
1164,383,229.97,369.01,38.36,18.78,0.7287,4,-1,-1
1164,384,1524.22,699.20,147.65,84.75,0.3684,9,-1,-1
1165,287,518.58,403.07,36.88,18.00,0.6030,4,-1,-1
1165,358,165.72,332.50,41.51,22.63,0.1027,5,-1,-1
1165,93,313.87,815.71,34.06,68.12,0.3140,1,-1,-1
1165,377,1000.25,367.02,96.06,50.61,0.4552,6,-1,-1
1165,383,227.21,368.13,38.20,18.83,0.7712,4,-1,-1
1165,384,1538.40,701.97,140.50,80.80,0.1217,5,-1,-1
1166,287,518.50,403.07,37.00,18.05,0.5974,4,-1,-1
1166,93,313.13,816.91,33.24,66.97,0.4610,1,-1,-1
1166,377,1004.60,367.38,97.12,51.10,0.3594,6,-1,-1
1166,383,224.91,367.50,37.01,18.28,0.7820,4,-1,-1
1166,384,1545.12,703.51,138.27,79.68,0.1234,5,-1,-1
1167,287,518.06,403.03,37.13,18.05,0.5898,4,-1,-1
1167,93,311.53,818.03,32.73,65.92,0.3989,1,-1,-1
1167,377,1011.35,368.32,97.92,51.27,0.4727,6,-1,-1
1167,383,222.83,367.58,35.37,17.41,0.7513,4,-1,-1
1168,287,517.77,403.01,37.32,18.09,0.5823,4,-1,-1
1168,93,311.20,818.53,32.54,65.21,0.4263,1,-1,-1
1168,377,1016.82,368.41,97.76,51.01,0.5351,6,-1,-1
1168,383,221.04,367.15,35.19,17.31,0.7542,4,-1,-1
1169,287,517.56,402.99,37.42,18.09,0.5765,4,-1,-1
1169,93,310.91,820.38,31.88,63.04,0.1168,1,-1,-1
1169,377,1026.46,369.56,96.09,49.86,0.5215,6,-1,-1
1169,383,218.49,366.81,34.92,17.17,0.7739,4,-1,-1
1170,287,517.43,402.97,37.60,18.12,0.5708,4,-1,-1
1170,93,308.29,820.31,28.41,56.00,0.4668,1,-1,-1
1170,377,1038.07,370.15,97.64,51.18,0.5409,6,-1,-1
1170,383,215.67,366.27,33.69,16.48,0.7082,4,-1,-1
1170,379,978.05,472.68,63.95,27.89,0.6424,4,-1,-1
1171,287,517.45,402.84,38.42,18.50,0.6325,4,-1,-1
1171,93,307.35,821.24,30.55,59.13,0.6723,1,-1,-1
1171,377,1043.24,370.93,100.17,52.96,0.4824,6,-1,-1
1171,383,213.37,365.63,33.50,16.27,0.7130,4,-1,-1
1171,379,971.00,472.59,62.45,27.37,0.5593,4,-1,-1
1172,287,517.65,402.84,38.39,18.47,0.6270,4,-1,-1
1172,93,305.40,822.35,30.89,58.51,0.6049,1,-1,-1
1172,377,1050.68,370.84,101.01,53.96,0.5583,6,-1,-1
1172,383,210.12,364.83,33.97,16.41,0.7256,4,-1,-1
1172,379,963.14,471.60,63.99,28.15,0.6379,4,-1,-1
1172,389,163.04,337.32,27.76,14.54,0.5400,4,-1,-1
1173,287,517.70,402.87,38.47,18.49,0.6197,4,-1,-1
1173,93,303.76,822.50,31.54,58.69,0.4254,1,-1,-1
1173,377,1056.80,372.62,99.29,53.30,0.5117,6,-1,-1
1173,383,207.67,363.90,34.56,16.70,0.7409,4,-1,-1
1173,379,958.13,470.95,64.96,28.59,0.6522,4,-1,-1
1173,389,160.24,336.73,28.27,14.80,0.5322,4,-1,-1
1174,287,517.66,402.84,38.55,18.51,0.6325,4,-1,-1
1174,377,1062.48,373.18,99.36,53.27,0.6549,6,-1,-1
1174,383,204.68,362.64,35.65,17.29,0.7364,4,-1,-1
1174,379,951.93,471.35,63.94,27.96,0.7001,4,-1,-1
1174,389,156.75,335.73,28.67,14.98,0.5341,4,-1,-1
1175,287,517.77,402.89,38.50,18.46,0.6142,4,-1,-1
1175,377,1073.16,374.42,97.25,52.45,0.5332,6,-1,-1
1175,383,201.08,361.54,36.01,17.55,0.7780,4,-1,-1
1175,379,944.30,470.43,62.90,27.41,0.7656,4,-1,-1
1175,389,154.83,335.27,28.00,14.61,0.4571,4,-1,-1
1176,287,517.60,402.91,38.77,18.58,0.6105,4,-1,-1
1176,377,1080.00,375.05,97.96,52.87,0.4610,6,-1,-1
1176,383,199.21,361.00,35.72,17.49,0.7833,4,-1,-1
1176,379,940.17,469.82,62.67,27.19,0.7585,4,-1,-1
1176,389,154.52,334.37,28.58,15.00,0.4301,4,-1,-1
1177,287,517.01,402.91,39.34,18.78,0.5917,4,-1,-1
1177,377,1084.70,376.26,101.30,54.69,0.2480,6,-1,-1
1177,383,196.93,360.39,34.53,16.89,0.7571,4,-1,-1
1177,379,932.89,468.39,62.83,27.19,0.7793,4,-1,-1
1177,389,152.78,333.66,29.54,15.59,0.3711,4,-1,-1
1178,287,516.70,402.93,39.80,18.94,0.5955,4,-1,-1
1178,377,1089.41,377.41,102.00,54.82,0.3540,6,-1,-1
1178,383,195.48,359.97,33.77,16.46,0.7484,4,-1,-1
1178,379,927.63,467.10,63.32,27.32,0.7746,4,-1,-1
1178,389,151.39,333.40,29.93,15.82,0.3821,4,-1,-1
1179,287,516.67,402.84,40.13,19.10,0.6049,4,-1,-1
1179,377,1098.87,378.16,102.76,55.36,0.4688,6,-1,-1
1179,383,192.75,359.16,34.25,16.72,0.7241,4,-1,-1
1179,379,920.92,465.75,63.55,27.45,0.8062,4,-1,-1
1179,389,148.16,332.57,30.40,16.09,0.4523,4,-1,-1
1180,287,516.59,402.82,39.77,18.89,0.6234,4,-1,-1
1180,377,1102.57,380.05,98.62,53.71,0.1128,6,-1,-1
1180,383,188.26,357.40,36.67,18.14,0.7766,4,-1,-1
1180,379,913.41,465.07,63.25,27.38,0.7447,4,-1,-1
1180,389,146.13,331.63,31.00,16.39,0.5784,4,-1,-1
1181,287,516.40,402.79,39.64,18.80,0.6361,4,-1,-1
1181,377,1114.17,382.15,98.99,53.76,0.2524,6,-1,-1
1181,383,185.86,356.27,37.46,18.69,0.7409,4,-1,-1
1181,379,906.72,465.25,62.93,26.89,0.6951,4,-1,-1
1181,389,144.64,331.13,30.97,16.33,0.5670,4,-1,-1
1181,390,519.60,424.26,50.15,18.66,0.4610,4,-1,-1
1182,287,516.64,402.77,38.96,18.45,0.6160,4,-1,-1
1182,377,1118.34,382.16,105.00,56.94,0.2553,6,-1,-1
1182,383,183.64,355.57,36.93,18.58,0.6645,4,-1,-1
1182,379,895.61,464.18,64.67,27.20,0.6935,4,-1,-1
1182,389,141.39,330.18,31.66,16.84,0.5088,4,-1,-1
1182,390,517.65,424.89,51.28,19.08,0.2147,4,-1,-1
1183,287,516.68,402.62,38.68,18.31,0.6160,4,-1,-1
1183,377,1123.13,382.15,108.54,59.04,0.3024,6,-1,-1
1183,383,181.82,354.85,36.56,18.46,0.6105,4,-1,-1
1183,379,889.48,463.30,67.10,27.98,0.6817,4,-1,-1
1183,389,138.06,328.56,33.66,18.10,0.3049,4,-1,-1
1183,390,515.54,425.22,50.90,18.98,0.3208,4,-1,-1
1183,391,1151.97,472.74,70.62,31.46,0.5244,4,-1,-1
1184,287,517.58,402.79,37.52,17.72,0.6179,4,-1,-1
1184,377,1130.49,382.68,107.57,57.97,0.3157,6,-1,-1
1184,383,178.84,354.36,37.39,19.12,0.6817,4,-1,-1
1184,379,884.65,461.97,67.60,28.30,0.6575,4,-1,-1
1184,389,138.00,328.49,30.79,16.66,0.5983,4,-1,-1
1184,390,512.85,422.44,51.41,19.29,0.4407,4,-1,-1
1184,391,1149.82,477.13,58.76,26.04,0.6851,4,-1,-1
1185,287,518.35,402.90,36.63,17.24,0.6105,4,-1,-1
1185,377,1142.64,383.94,108.28,58.38,0.6758,6,-1,-1
1185,383,177.15,353.71,34.88,17.79,0.6325,4,-1,-1
1185,379,881.02,461.33,65.53,27.66,0.5974,4,-1,-1
1185,389,136.76,328.13,29.93,16.30,0.4922,4,-1,-1
1185,390,509.66,422.29,51.43,19.44,0.3868,4,-1,-1
1185,391,1142.86,478.41,51.50,22.60,0.6252,4,-1,-1
1186,287,517.62,402.50,36.99,17.41,0.5263,4,-1,-1
1186,377,1151.46,385.32,105.87,56.77,0.5718,6,-1,-1
1186,383,174.99,352.99,34.51,17.61,0.5496,4,-1,-1
1186,379,876.87,459.80,66.17,28.25,0.6039,4,-1,-1
1186,389,133.84,327.07,31.50,17.12,0.2705,4,-1,-1
1186,390,508.42,421.38,50.38,19.14,0.4795,4,-1,-1
1186,391,1136.91,477.86,50.83,22.05,0.6697,4,-1,-1
1187,287,517.02,402.48,37.90,17.88,0.5496,4,-1,-1
1187,377,1156.76,385.97,108.85,57.89,0.7476,6,-1,-1
1187,383,173.36,352.55,32.41,16.46,0.5689,4,-1,-1
1187,379,868.95,456.83,69.18,30.09,0.5127,4,-1,-1
1187,389,133.11,326.44,30.96,16.96,0.3486,4,-1,-1
1187,390,504.53,421.54,49.17,18.61,0.3594,4,-1,-1
1187,391,1126.69,476.84,51.92,22.23,0.6951,4,-1,-1
1188,287,516.71,402.46,38.39,18.19,0.5419,4,-1,-1
1188,377,1159.47,386.29,112.45,59.40,0.6567,6,-1,-1
1188,383,172.16,352.13,32.32,16.36,0.5842,4,-1,-1
1188,379,866.34,455.65,68.36,30.37,0.4941,4,-1,-1
1188,389,133.32,327.27,28.93,15.95,0.4092,4,-1,-1
1188,390,499.22,420.77,49.73,18.89,0.2728,4,-1,-1
1188,391,1118.97,474.82,55.63,23.64,0.6800,4,-1,-1
1188,392,743.86,347.02,49.24,22.94,0.5010,4,-1,-1
1189,287,516.92,402.53,36.83,17.41,0.4776,4,-1,-1
1189,377,1173.04,386.75,111.86,59.15,0.7402,6,-1,-1
1189,383,169.93,351.52,31.74,16.04,0.5670,4,-1,-1
1189,379,859.29,454.27,67.91,30.57,0.1608,4,-1,-1
1189,389,132.08,328.04,27.88,15.41,0.4311,4,-1,-1
1189,390,494.97,421.43,46.87,17.88,0.3639,4,-1,-1
1189,391,1108.61,472.48,59.84,25.32,0.6522,4,-1,-1
1189,392,751.88,348.75,47.33,22.03,0.2337,4,-1,-1
1190,287,516.68,402.78,36.51,17.22,0.5156,4,-1,-1
1190,377,1183.23,388.42,111.44,58.53,0.7042,6,-1,-1
1190,383,168.34,350.84,31.01,15.74,0.6179,4,-1,-1
1190,389,132.25,328.53,26.39,14.64,0.4746,4,-1,-1
1190,390,490.66,422.24,45.24,17.29,0.2751,4,-1,-1
1190,391,1096.45,469.39,64.08,27.06,0.6893,4,-1,-1
1190,392,761.96,349.17,46.31,21.50,0.5974,4,-1,-1
1191,287,517.87,402.88,36.17,17.06,0.5224,4,-1,-1
1191,377,1188.68,387.09,117.16,61.91,0.6442,6,-1,-1
1191,383,168.18,350.93,28.76,14.59,0.5380,4,-1,-1
1191,389,132.92,328.76,24.95,14.03,0.4513,4,-1,-1
1191,390,485.63,423.99,44.38,16.81,0.2394,4,-1,-1
1191,391,1083.37,465.82,71.62,30.27,0.5535,4,-1,-1
1191,392,766.94,349.61,47.78,22.17,0.4523,4,-1,-1
1192,287,518.17,402.86,36.13,17.03,0.5244,4,-1,-1
1192,377,1199.91,389.52,117.75,62.48,0.7677,6,-1,-1
1192,383,166.90,350.55,27.40,13.92,0.4854,4,-1,-1
1192,389,131.96,328.80,23.76,13.58,0.3183,4,-1,-1
1192,390,480.24,424.48,42.40,16.15,0.2193,4,-1,-1
1192,391,1077.09,465.17,70.56,29.80,0.5631,4,-1,-1
1192,392,771.99,350.58,46.35,21.53,0.5176,4,-1,-1
1193,287,517.50,402.92,35.64,16.74,0.4883,4,-1,-1
1193,377,1210.19,391.92,115.41,61.41,0.6531,6,-1,-1
1193,383,166.66,350.35,26.05,13.31,0.3433,4,-1,-1
1193,389,130.64,329.08,23.11,13.20,0.1981,4,-1,-1
1193,390,477.89,425.27,40.52,15.49,0.2180,4,-1,-1
1193,391,1073.03,464.74,69.46,29.39,0.5974,4,-1,-1
1193,392,776.84,351.12,47.82,22.23,0.2408,4,-1,-1
1194,287,517.30,402.94,35.33,16.54,0.4649,4,-1,-1
1194,377,1220.99,392.55,113.09,60.19,0.2598,6,-1,-1
1194,383,164.44,349.46,25.49,13.09,0.3049,4,-1,-1
1194,389,131.11,329.93,20.99,12.12,0.1196,4,-1,-1
1194,390,475.45,425.75,41.45,15.87,0.1938,4,-1,-1
1194,391,1067.04,464.21,67.32,28.65,0.6343,4,-1,-1
1194,392,783.77,352.53,48.83,22.60,0.2720,4,-1,-1
1195,287,517.26,402.75,36.43,17.08,0.5166,4,-1,-1
1195,377,1228.56,397.16,111.43,58.37,0.4649,6,-1,-1
1195,390,473.64,425.56,41.44,15.67,0.1357,4,-1,-1
1195,391,1059.75,464.63,65.13,27.64,0.6496,4,-1,-1
1195,392,790.99,352.87,50.63,23.44,0.5879,4,-1,-1
1196,287,516.86,402.89,36.07,16.86,0.4980,4,-1,-1
1196,377,1232.72,397.68,114.80,59.46,0.8278,6,-1,-1
1196,390,465.73,423.19,43.50,16.41,0.1801,4,-1,-1
1196,391,1054.68,464.45,62.45,26.37,0.7447,4,-1,-1
1196,392,795.66,353.77,51.18,23.71,0.3657,4,-1,-1
1197,287,516.97,402.79,36.77,17.21,0.4980,4,-1,-1
1197,377,1242.98,398.73,115.51,59.23,0.8256,6,-1,-1
1197,391,1048.18,464.46,59.33,24.77,0.7578,4,-1,-1
1197,392,802.66,354.37,53.02,24.52,0.5107,4,-1,-1
1198,287,516.74,402.71,37.18,17.41,0.4941,4,-1,-1
1198,377,1246.56,399.23,119.55,60.67,0.7387,6,-1,-1
1198,391,1041.42,463.45,60.58,25.26,0.6926,4,-1,-1
1198,392,808.70,355.77,52.12,24.02,0.3372,4,-1,-1
1198,393,710.87,339.30,41.29,19.54,0.5612,4,-1,-1
1199,287,516.10,402.61,38.00,17.81,0.5068,4,-1,-1
1199,377,1254.98,400.88,121.25,60.54,0.6706,6,-1,-1
1199,391,1033.30,461.09,64.07,26.55,0.3251,4,-1,-1
1199,392,816.87,356.37,52.33,24.14,0.5593,4,-1,-1
1199,393,713.12,338.55,43.68,20.65,0.5458,4,-1,-1
1200,287,515.67,402.53,38.66,18.14,0.5039,4,-1,-1
1200,377,1260.80,401.94,131.30,65.25,0.5775,6,-1,-1
1200,392,825.15,356.98,53.68,24.83,0.5224,4,-1,-1
1200,393,716.18,336.31,48.04,22.77,0.6197,4,-1,-1
1201,287,515.33,402.73,39.40,18.51,0.4717,4,-1,-1
1201,377,1270.35,402.76,130.64,64.42,0.6095,6,-1,-1
1201,392,831.10,357.50,54.57,25.22,0.6715,4,-1,-1
1201,393,718.72,335.94,49.76,23.62,0.6325,4,-1,-1
1202,287,515.49,403.16,37.86,17.69,0.3711,4,-1,-1
1202,377,1280.52,403.06,135.63,67.04,0.5737,6,-1,-1
1202,392,839.90,358.62,53.31,24.46,0.6123,4,-1,-1
1202,393,723.81,337.44,48.98,23.27,0.1678,5,-1,-1
1203,287,515.40,403.34,37.64,17.54,0.3337,4,-1,-1
1203,377,1286.34,404.48,133.99,65.28,0.6514,6,-1,-1
1203,392,844.98,358.71,54.05,24.79,0.4668,4,-1,-1
1203,393,727.07,339.15,47.63,22.58,0.4417,4,-1,-1
1204,287,514.98,403.14,39.56,18.47,0.3821,4,-1,-1
1204,377,1296.74,405.63,133.09,63.82,0.6619,6,-1,-1
1204,392,851.70,359.27,56.95,26.18,0.4130,4,-1,-1
1204,393,731.67,339.39,47.91,22.74,0.5535,4,-1,-1
1205,287,515.07,403.39,38.58,17.95,0.4196,4,-1,-1
1205,377,1311.20,407.15,137.91,66.26,0.5215,6,-1,-1
1205,392,860.14,360.07,57.45,26.43,0.4649,4,-1,-1
1205,393,736.76,339.95,49.00,23.26,0.5341,4,-1,-1
1205,391,984.94,453.32,69.34,29.10,0.6086,4,-1,-1
1206,287,515.79,403.31,39.36,18.38,0.3895,4,-1,-1
1206,377,1320.79,408.20,139.60,67.15,0.6549,6,-1,-1
1206,392,866.55,361.96,55.77,25.73,0.5631,4,-1,-1
1206,393,739.48,340.30,49.62,23.53,0.5593,4,-1,-1
1206,391,980.33,453.33,67.78,28.73,0.5660,4,-1,-1
1207,287,515.91,403.19,39.19,18.37,0.4235,4,-1,-1
1207,377,1336.41,409.58,136.19,65.55,0.5889,6,-1,-1
1207,392,876.23,363.51,55.10,25.35,0.6197,4,-1,-1
1207,393,743.53,340.64,49.41,23.42,0.4017,4,-1,-1
1207,391,972.60,454.13,60.49,25.87,0.3049,4,-1,-1
1208,287,516.18,403.07,38.81,18.26,0.4465,4,-1,-1
1208,377,1342.14,410.43,137.54,65.63,0.4630,6,-1,-1
1208,392,882.95,364.75,55.74,25.61,0.2902,4,-1,-1
1208,393,747.41,341.21,49.50,23.47,0.5651,4,-1,-1
1208,391,967.81,457.98,48.24,20.87,0.4990,4,-1,-1
1209,287,516.15,402.92,38.55,18.17,0.4513,4,-1,-1
1209,377,1357.94,412.43,137.09,65.52,0.6002,6,-1,-1
1209,392,892.57,367.21,53.61,24.36,0.4513,4,-1,-1
1209,393,753.14,342.04,48.42,22.92,0.5670,4,-1,-1
1209,391,959.67,455.99,50.73,22.33,0.6487,4,-1,-1
1210,287,515.56,402.68,39.26,18.58,0.3840,4,-1,-1
1210,377,1370.91,413.59,138.22,66.00,0.7957,6,-1,-1
1210,392,900.61,367.02,54.71,25.04,0.4054,4,-1,-1
1210,393,758.87,343.47,47.69,22.52,0.6487,4,-1,-1
1210,391,953.35,454.79,52.82,23.33,0.7556,4,-1,-1
1211,287,515.56,402.66,39.14,18.56,0.4187,4,-1,-1
1211,377,1375.17,414.20,145.29,69.59,0.7649,6,-1,-1
1211,392,910.26,369.86,51.64,23.20,0.3478,4,-1,-1
1211,393,761.68,342.91,49.74,23.56,0.6142,4,-1,-1
1211,391,949.79,454.34,53.36,23.42,0.7379,4,-1,-1
1212,287,515.84,402.51,38.89,18.47,0.5302,4,-1,-1
1212,377,1388.84,415.73,145.23,69.65,0.5215,6,-1,-1
1212,392,918.94,370.35,53.59,24.13,0.3858,4,-1,-1
1212,393,766.96,343.70,48.98,23.17,0.5029,4,-1,-1
1212,391,944.84,453.61,53.11,22.97,0.7684,4,-1,-1
1213,287,516.33,402.52,38.24,18.18,0.4639,4,-1,-1
1213,377,1401.64,417.63,141.43,67.84,0.6809,6,-1,-1
1213,392,924.06,369.95,55.67,25.17,0.5205,4,-1,-1
1213,393,769.32,344.53,49.15,23.24,0.5993,4,-1,-1
1213,391,940.74,452.78,54.15,23.11,0.7527,4,-1,-1
1214,287,517.86,402.95,37.08,17.68,0.4407,4,-1,-1
1214,377,1411.16,419.69,144.44,69.02,0.7341,6,-1,-1
1214,392,932.31,370.98,57.15,25.97,0.5496,4,-1,-1
1214,393,774.96,345.68,47.07,22.04,0.5718,4,-1,-1
1214,391,932.37,451.15,56.65,24.12,0.7498,4,-1,-1
1215,287,516.38,402.63,37.94,18.08,0.4149,4,-1,-1
1215,377,1426.31,420.94,145.56,69.62,0.7813,6,-1,-1
1215,392,942.10,371.63,62.01,28.41,0.3886,5,-1,-1
1215,393,779.63,346.82,47.52,22.29,0.5380,4,-1,-1
1215,391,922.14,449.16,59.81,25.58,0.7912,4,-1,-1
1216,287,515.83,402.48,39.15,18.69,0.4397,4,-1,-1
1216,377,1436.21,422.07,144.76,68.98,0.5851,6,-1,-1
1216,392,948.39,372.27,62.97,29.00,0.4359,5,-1,-1
1216,393,783.55,347.16,49.05,22.89,0.6397,4,-1,-1
1216,391,916.66,448.05,60.78,26.12,0.8123,4,-1,-1
1217,287,516.32,402.66,38.97,18.67,0.4263,4,-1,-1
1217,377,1444.65,422.91,149.45,70.72,0.4263,6,-1,-1
1217,392,958.60,373.36,62.85,29.01,0.2323,4,-1,-1
1217,393,788.54,347.05,50.53,23.49,0.7318,4,-1,-1
1217,391,909.22,446.52,61.78,26.78,0.7739,4,-1,-1
1218,287,516.56,402.91,37.92,18.22,0.2902,4,-1,-1
1218,377,1450.57,423.90,151.86,71.14,0.6132,6,-1,-1
1218,392,963.22,371.91,68.19,31.87,0.5312,5,-1,-1
1218,393,791.78,347.48,50.59,23.43,0.5823,4,-1,-1
1218,391,904.27,445.73,60.21,26.11,0.7356,4,-1,-1
1219,287,517.58,402.93,37.56,18.11,0.3166,4,-1,-1
1219,377,1465.99,425.28,152.20,71.06,0.2160,6,-1,-1
1219,392,971.76,371.15,71.80,34.08,0.3460,5,-1,-1
1219,393,796.46,347.65,51.43,23.87,0.5670,4,-1,-1
1219,391,894.60,444.94,62.45,27.12,0.7379,4,-1,-1
1220,287,516.82,402.85,38.23,18.48,0.3558,5,-1,-1
1220,377,1477.02,427.21,158.90,74.28,0.2606,6,-1,-1
1220,392,985.17,375.79,65.91,31.23,0.2689,4,-1,-1
1220,393,801.63,347.31,53.93,25.10,0.5137,4,-1,-1
1220,391,885.68,443.49,63.43,27.51,0.6851,4,-1,-1
1221,287,516.37,402.74,38.66,18.75,0.3812,5,-1,-1
1221,377,1486.16,428.45,158.68,73.36,0.3739,6,-1,-1
1221,392,994.32,378.64,63.00,29.80,0.3612,4,-1,-1
1221,393,804.97,347.34,54.68,25.52,0.3739,4,-1,-1
1221,391,883.29,443.25,61.46,26.82,0.6663,4,-1,-1
1222,287,515.68,402.66,39.12,19.01,0.3666,5,-1,-1
1222,377,1506.42,430.80,156.31,72.33,0.7549,6,-1,-1
1222,392,1004.42,378.24,67.08,31.91,0.3831,4,-1,-1
1222,393,809.60,347.88,54.84,25.58,0.3469,4,-1,-1
1222,391,876.48,442.09,61.87,27.21,0.6834,4,-1,-1
1223,287,515.64,402.70,39.10,19.07,0.3886,5,-1,-1
1223,377,1518.53,431.55,156.54,72.25,0.6478,6,-1,-1
1223,392,1011.13,377.98,69.47,33.31,0.3998,4,-1,-1
1223,393,812.17,347.85,56.27,26.42,0.2736,4,-1,-1
1223,391,874.83,441.45,60.78,27.29,0.7017,4,-1,-1
1224,287,515.29,402.71,39.32,19.21,0.3757,5,-1,-1
1224,377,1529.97,432.89,162.76,75.26,0.7009,6,-1,-1
1224,392,1022.93,380.08,67.53,32.36,0.1889,4,-1,-1
1224,393,818.05,349.48,55.19,25.91,0.2830,4,-1,-1
1224,391,869.95,440.74,58.82,26.88,0.5263,4,-1,-1
1225,287,514.63,402.61,39.86,19.49,0.3775,5,-1,-1
1225,377,1542.69,437.11,161.77,74.03,0.5020,6,-1,-1
1225,392,1032.52,381.55,70.34,33.96,0.2121,5,-1,-1
1225,393,824.48,350.25,54.68,25.73,0.3702,4,-1,-1
1226,287,514.07,402.52,40.43,19.79,0.3739,5,-1,-1
1226,377,1553.56,436.59,165.96,75.77,0.4054,6,-1,-1
1226,392,1043.10,383.56,67.52,32.56,0.4426,4,-1,-1
1226,393,828.90,351.78,53.05,24.83,0.5699,4,-1,-1
1227,287,513.87,402.45,40.72,19.97,0.3794,5,-1,-1
1227,377,1569.39,439.73,166.04,75.36,0.6002,6,-1,-1
1227,392,1053.48,383.52,71.12,34.61,0.4883,4,-1,-1
1227,393,835.05,352.08,53.71,25.16,0.1913,4,-1,-1
1228,287,513.92,402.47,40.48,19.87,0.3486,5,-1,-1
1228,377,1587.25,443.00,161.90,73.40,0.5039,6,-1,-1
1228,392,1062.58,386.31,68.00,33.03,0.5146,4,-1,-1
1228,393,839.63,353.15,53.40,24.99,0.3621,4,-1,-1
1229,287,513.76,402.38,40.68,19.98,0.3363,5,-1,-1
1229,377,1605.67,446.16,162.03,73.32,0.3074,6,-1,-1
1229,392,1073.49,386.72,70.13,34.24,0.6451,4,-1,-1
1229,393,844.63,353.00,55.66,26.13,0.4311,4,-1,-1
1230,287,513.78,402.37,40.58,19.94,0.3363,5,-1,-1
1230,392,1085.25,387.91,71.34,34.80,0.7241,4,-1,-1
1230,393,850.29,354.25,55.41,26.01,0.6160,4,-1,-1
1231,287,514.65,402.98,38.35,18.79,0.3032,4,-1,-1
1231,392,1095.41,389.25,71.01,34.66,0.7409,4,-1,-1
1231,393,854.27,355.56,54.77,25.59,0.6663,4,-1,-1
1232,287,514.52,402.78,39.48,19.40,0.2942,4,-1,-1
1232,392,1106.80,389.86,72.70,35.60,0.6926,4,-1,-1
1232,393,861.20,357.20,53.79,25.06,0.5974,4,-1,-1
1232,394,179.83,827.22,34.84,65.67,0.5756,1,-1,-1
1233,287,514.35,402.63,40.13,19.78,0.3242,4,-1,-1
1233,392,1116.90,391.64,71.43,34.88,0.7840,4,-1,-1
1233,393,865.27,357.66,54.05,25.19,0.6505,4,-1,-1
1233,394,179.18,827.35,34.96,65.74,0.6460,1,-1,-1
1233,377,1653.51,450.43,177.76,80.43,0.5870,6,-1,-1
1234,287,514.36,402.57,40.21,19.86,0.3277,4,-1,-1
1234,392,1129.05,393.62,71.53,34.83,0.7295,4,-1,-1
1234,393,871.38,358.57,53.88,25.03,0.6558,4,-1,-1
1234,394,177.96,828.56,34.25,64.11,0.5718,1,-1,-1
1234,377,1666.48,451.23,185.47,84.25,0.1848,6,-1,-1
1235,287,514.43,402.52,40.20,19.89,0.3558,4,-1,-1
1235,392,1142.75,394.54,74.51,36.44,0.7491,4,-1,-1
1235,393,877.52,358.28,56.30,26.19,0.6179,4,-1,-1
1235,394,175.75,828.90,32.98,61.43,0.2018,1,-1,-1
1235,377,1675.81,457.09,189.24,85.03,0.3886,6,-1,-1
1236,287,514.24,402.44,40.52,20.11,0.3886,4,-1,-1
1236,392,1151.58,395.52,75.35,37.02,0.6179,4,-1,-1
1236,393,881.34,358.26,57.32,26.72,0.3540,4,-1,-1
1236,394,174.48,829.52,33.76,62.26,0.2886,1,-1,-1
1236,377,1691.64,459.34,186.95,83.32,0.5775,6,-1,-1
1237,287,514.26,402.44,40.43,20.10,0.4177,4,-1,-1
1237,392,1163.26,396.96,76.81,38.08,0.3594,5,-1,-1
1237,393,887.29,359.18,57.47,26.86,0.3868,4,-1,-1
1237,394,171.93,828.80,34.64,63.35,0.6169,1,-1,-1
1237,377,1709.93,463.26,190.62,84.89,0.5137,6,-1,-1
1238,287,514.26,402.40,40.33,20.08,0.4378,4,-1,-1
1238,392,1173.21,397.53,78.24,38.94,0.4902,4,-1,-1
1238,393,890.98,358.76,59.67,28.13,0.1394,5,-1,-1
1238,394,169.62,828.50,35.02,63.70,0.6132,1,-1,-1
1238,377,1725.09,464.42,193.92,86.67,0.4321,6,-1,-1
1239,287,514.29,402.32,40.18,20.00,0.4475,4,-1,-1
1239,392,1188.79,399.53,77.04,38.25,0.3648,4,-1,-1
1239,393,896.77,360.24,58.16,27.39,0.2775,4,-1,-1
1239,394,166.29,827.86,35.26,64.37,0.6095,1,-1,-1
1239,395,319.46,395.03,39.50,16.42,0.5020,4,-1,-1
1240,287,514.30,402.27,40.00,19.90,0.4446,4,-1,-1
1240,392,1204.95,402.60,76.86,37.93,0.7341,4,-1,-1
1240,393,904.05,361.23,58.74,27.71,0.6584,4,-1,-1
1240,394,162.67,827.78,35.00,64.56,0.5756,1,-1,-1
1240,395,315.70,394.49,39.96,16.62,0.5020,4,-1,-1
1241,287,514.40,402.32,39.76,19.76,0.4121,4,-1,-1
1241,392,1216.84,404.84,75.70,37.11,0.7402,4,-1,-1
1241,393,910.05,363.42,56.38,26.50,0.6234,4,-1,-1
1241,394,160.19,827.64,34.97,65.31,0.3065,1,-1,-1
1241,395,312.91,393.61,40.13,16.71,0.5010,4,-1,-1
1242,287,514.64,402.36,39.52,19.61,0.3115,4,-1,-1
1242,392,1229.53,405.00,79.01,38.93,0.5583,4,-1,-1
1242,393,914.76,362.71,61.31,29.02,0.4282,4,-1,-1
1242,394,156.57,827.40,35.19,66.67,0.2728,1,-1,-1
1242,395,310.77,392.70,40.05,16.75,0.3639,4,-1,-1
1243,287,514.62,402.37,39.58,19.62,0.3149,4,-1,-1
1243,392,1238.57,405.90,80.36,39.43,0.7621,4,-1,-1
1243,393,918.79,362.86,62.60,29.86,0.4591,4,-1,-1
1243,394,155.14,827.52,34.90,67.04,0.3549,1,-1,-1
1243,395,310.20,391.70,40.99,17.36,0.1571,4,-1,-1
1244,287,514.59,402.40,39.46,19.53,0.3132,4,-1,-1
1244,392,1252.75,407.64,82.17,40.31,0.7402,4,-1,-1
1244,393,925.82,364.55,61.18,29.28,0.5955,4,-1,-1
1244,394,154.16,827.52,34.56,66.87,0.3217,1,-1,-1
1244,395,306.93,391.25,40.47,17.28,0.3132,4,-1,-1
1245,287,514.51,402.41,39.47,19.50,0.3208,4,-1,-1
1245,392,1267.40,408.74,86.47,42.65,0.7535,4,-1,-1
1245,393,934.29,366.32,59.45,28.38,0.7210,4,-1,-1
1245,394,154.29,827.77,30.83,59.59,0.1362,1,-1,-1
1245,395,301.77,389.56,42.61,18.42,0.5419,4,-1,-1
1246,287,514.96,403.14,37.22,18.21,0.3217,4,-1,-1
1246,392,1279.57,410.90,84.89,41.71,0.6671,4,-1,-1
1246,393,938.92,367.02,59.11,28.09,0.7556,4,-1,-1
1246,395,301.38,389.17,41.62,18.34,0.6593,4,-1,-1
1247,287,515.02,403.35,36.50,17.70,0.3016,4,-1,-1
1247,392,1296.67,413.86,82.89,40.64,0.4407,4,-1,-1
1247,393,946.53,367.47,60.39,28.65,0.6011,4,-1,-1
1247,395,298.61,389.16,40.80,18.20,0.5727,4,-1,-1
1247,396,1328.54,511.76,68.68,27.74,0.7233,4,-1,-1
1248,287,515.05,403.44,36.29,17.45,0.3200,4,-1,-1
1248,392,1310.69,415.64,81.57,40.12,0.5332,4,-1,-1
1248,393,951.04,368.53,59.62,28.13,0.6715,4,-1,-1
1248,395,297.38,388.65,39.19,17.67,0.6179,4,-1,-1
1248,396,1321.60,511.18,68.18,27.51,0.7417,4,-1,-1
1249,287,515.14,403.55,36.31,17.32,0.3329,4,-1,-1
1249,392,1324.46,416.55,83.91,41.17,0.3277,4,-1,-1
1249,393,958.46,369.35,59.57,27.98,0.3720,4,-1,-1
1249,395,294.66,387.66,38.02,17.25,0.5879,4,-1,-1
1249,396,1307.89,508.42,71.68,28.94,0.7326,4,-1,-1
1250,287,514.63,403.41,37.20,17.67,0.3433,4,-1,-1
1250,392,1341.17,418.14,86.09,42.28,0.4407,4,-1,-1
1250,393,964.07,369.78,62.46,29.40,0.4273,5,-1,-1
1250,395,290.89,387.01,38.12,17.37,0.6252,4,-1,-1
1250,396,1296.68,507.08,71.20,28.75,0.7498,4,-1,-1
1251,287,514.49,403.38,37.35,17.65,0.3107,4,-1,-1
1251,392,1354.52,421.42,83.40,40.73,0.4388,4,-1,-1
1251,393,968.58,370.34,63.67,30.06,0.3923,5,-1,-1
1251,395,288.97,386.56,38.10,17.45,0.5205,4,-1,-1
1251,396,1288.74,506.30,70.78,28.55,0.7186,4,-1,-1
1252,287,514.41,403.50,37.55,17.66,0.3329,4,-1,-1
1252,392,1370.64,422.34,85.56,41.67,0.2666,4,-1,-1
1252,393,976.39,371.33,64.16,30.36,0.4369,4,-1,-1
1252,395,285.32,385.87,37.74,17.29,0.4737,4,-1,-1
1252,396,1277.28,503.96,72.57,29.35,0.7341,4,-1,-1
1253,287,514.07,403.12,39.63,18.69,0.3576,4,-1,-1
1253,392,1385.26,426.64,80.45,38.54,0.5823,4,-1,-1
1253,393,981.50,371.93,64.73,30.72,0.3082,4,-1,-1
1253,395,282.21,385.08,38.43,17.63,0.5137,4,-1,-1
1253,396,1270.17,502.60,73.21,29.70,0.7409,4,-1,-1
1254,287,514.23,402.85,39.76,18.76,0.3433,4,-1,-1
1254,392,1402.59,427.77,82.83,39.54,0.1801,5,-1,-1
1254,393,989.19,372.71,65.58,31.11,0.2636,5,-1,-1
1254,395,279.17,383.58,38.85,17.95,0.5185,4,-1,-1
1254,396,1260.97,502.06,71.27,28.91,0.7642,4,-1,-1
1255,287,514.16,402.78,40.01,18.90,0.3398,4,-1,-1
1255,392,1421.38,429.97,85.26,40.49,0.3849,5,-1,-1
1255,393,997.80,374.41,65.11,30.90,0.4017,6,-1,-1
1255,395,276.70,382.64,38.44,17.85,0.2644,4,-1,-1
1255,396,1250.86,500.96,69.60,28.20,0.7698,4,-1,-1
1256,287,514.21,402.80,39.77,18.79,0.3268,4,-1,-1
1256,392,1433.23,431.37,87.64,41.52,0.4282,5,-1,-1
1256,393,1003.12,375.24,65.76,31.35,0.3469,6,-1,-1
1256,395,275.09,382.07,38.21,17.89,0.1556,4,-1,-1
1256,396,1243.98,499.95,68.31,27.65,0.7718,4,-1,-1
1257,287,513.96,402.84,39.70,18.80,0.2744,4,-1,-1
1257,392,1451.98,434.13,87.00,40.95,0.1071,5,-1,-1
1257,393,1012.08,376.19,64.20,30.41,0.4523,4,-1,-1
1257,395,275.14,382.94,34.93,16.31,0.4523,4,-1,-1
1257,396,1232.72,497.43,71.67,29.21,0.7780,4,-1,-1
1258,287,513.86,402.81,39.66,18.80,0.2606,4,-1,-1
1258,392,1464.37,435.78,89.34,41.81,0.5273,4,-1,-1
1258,393,1018.62,378.22,63.09,29.64,0.4863,4,-1,-1
1258,395,275.77,382.91,33.96,16.02,0.2214,4,-1,-1
1258,396,1225.95,495.98,71.92,29.43,0.8093,4,-1,-1
1259,287,514.57,402.85,37.65,17.75,0.2846,4,-1,-1
1259,392,1482.18,437.50,91.57,42.66,0.7564,4,-1,-1
1259,393,1023.36,379.12,66.49,31.43,0.3877,4,-1,-1
1259,395,271.68,382.59,33.68,15.85,0.3174,4,-1,-1
1259,396,1216.31,494.35,71.75,29.50,0.8032,4,-1,-1
1260,287,514.55,402.84,37.44,17.59,0.3329,4,-1,-1
1260,392,1502.37,440.65,93.19,43.14,0.7892,4,-1,-1
1260,393,1033.62,380.90,63.95,30.00,0.4571,4,-1,-1
1260,395,267.55,381.76,34.00,16.00,0.2316,4,-1,-1
1260,396,1205.65,492.58,71.94,29.71,0.8026,4,-1,-1
1261,287,515.35,402.99,36.51,17.15,0.2598,4,-1,-1
1261,392,1516.53,442.02,95.46,44.09,0.7786,4,-1,-1
1261,393,1040.81,381.86,63.42,29.45,0.6663,4,-1,-1
1261,395,266.28,381.82,33.19,15.57,0.2422,4,-1,-1
1261,396,1198.45,491.40,71.85,29.89,0.8087,4,-1,-1
1262,287,516.18,403.49,35.18,16.47,0.2674,4,-1,-1
1262,392,1534.61,442.48,99.38,46.00,0.7217,4,-1,-1
1262,393,1048.19,382.17,65.71,30.48,0.6496,4,-1,-1
1262,395,262.27,380.44,34.75,16.32,0.1348,4,-1,-1
1262,396,1189.81,490.20,70.46,29.45,0.7969,4,-1,-1
1262,394,118.20,828.54,34.35,67.75,0.5545,1,-1,-1
1263,287,515.91,403.52,35.57,16.63,0.3390,4,-1,-1
1263,392,1548.38,443.79,100.42,46.44,0.7931,4,-1,-1
1263,393,1054.14,382.62,67.30,31.25,0.2568,4,-1,-1
1263,395,258.97,378.65,37.11,17.56,0.2372,4,-1,-1
1263,396,1182.83,489.08,70.86,29.87,0.8158,4,-1,-1
1263,394,117.53,828.72,32.86,64.93,0.4912,1,-1,-1
1264,287,515.27,403.53,36.42,17.00,0.3905,4,-1,-1
1264,392,1567.97,445.66,101.64,46.95,0.7827,4,-1,-1
1264,393,1061.53,382.74,69.84,32.36,0.1871,6,-1,-1
1264,395,255.75,377.20,38.94,18.66,0.2674,4,-1,-1
1264,396,1176.14,488.70,68.02,28.79,0.7925,4,-1,-1
1264,394,116.24,829.73,33.69,65.38,0.5545,1,-1,-1
1265,287,515.06,403.46,36.65,17.10,0.2991,4,-1,-1
1265,392,1591.52,450.06,99.70,45.71,0.5361,4,-1,-1
1265,393,1070.02,383.99,72.43,33.60,0.1667,6,-1,-1
1265,395,253.22,376.74,38.55,18.65,0.3460,4,-1,-1
1265,396,1166.20,487.27,66.71,28.26,0.7899,4,-1,-1
1265,394,113.63,831.19,34.89,65.13,0.2814,1,-1,-1
1266,287,514.75,403.31,37.14,17.33,0.3090,4,-1,-1
1266,392,1608.33,452.73,100.85,46.11,0.7461,4,-1,-1
1266,393,1076.86,385.11,72.65,33.67,0.3923,6,-1,-1
1266,395,252.12,376.56,37.28,18.16,0.5458,4,-1,-1
1266,396,1159.97,486.42,66.74,28.32,0.7827,4,-1,-1
1266,394,113.18,831.88,33.27,60.99,0.1034,1,-1,-1
1267,287,514.26,403.27,37.64,17.56,0.3390,4,-1,-1
1267,392,1628.47,454.24,105.42,48.21,0.7866,4,-1,-1
1267,393,1085.57,386.32,72.70,33.60,0.2967,4,-1,-1
1267,395,250.20,375.35,36.98,18.10,0.1251,4,-1,-1
1267,396,1150.93,485.15,66.67,28.41,0.7833,4,-1,-1
1268,287,514.01,403.22,37.88,17.66,0.3040,4,-1,-1
1268,392,1644.01,456.06,106.86,48.75,0.8019,4,-1,-1
1268,393,1091.50,386.61,74.02,34.19,0.4504,6,-1,-1
1268,396,1144.87,484.40,66.09,28.27,0.7712,4,-1,-1
1269,287,514.23,403.30,37.66,17.55,0.2910,4,-1,-1
1269,392,1665.92,459.25,107.67,49.00,0.8081,4,-1,-1
1269,393,1102.47,389.26,71.58,32.82,0.7272,4,-1,-1
1269,396,1135.84,482.70,67.48,28.97,0.7820,4,-1,-1
1269,395,247.32,375.35,33.86,16.46,0.4785,4,-1,-1
1270,287,513.99,403.36,38.04,17.71,0.2798,4,-1,-1
1270,392,1692.37,462.26,108.11,48.67,0.8187,4,-1,-1
1270,393,1111.22,390.74,73.17,33.51,0.7498,4,-1,-1
1270,396,1126.41,481.12,68.15,29.51,0.8001,4,-1,-1
1270,395,244.39,374.01,35.15,17.15,0.3766,4,-1,-1
1271,287,513.74,403.39,38.46,17.89,0.2705,4,-1,-1
1271,392,1709.35,465.76,108.13,48.42,0.8069,4,-1,-1
1271,393,1118.63,391.68,73.33,33.50,0.7656,4,-1,-1
1271,396,1119.32,480.13,68.46,29.89,0.7860,4,-1,-1
1271,395,243.09,373.77,34.49,16.80,0.3460,4,-1,-1
1271,399,310.69,389.74,37.61,18.48,0.4883,4,-1,-1
1272,287,513.74,403.50,38.38,17.84,0.2606,4,-1,-1
1272,392,1732.03,468.00,111.25,49.67,0.8117,4,-1,-1
1272,393,1126.92,392.34,76.59,35.19,0.6225,4,-1,-1
1272,396,1110.85,478.98,67.90,29.90,0.7820,4,-1,-1
1272,395,240.90,373.41,33.91,16.58,0.3657,4,-1,-1
1272,399,308.40,388.75,37.67,18.51,0.5000,4,-1,-1
1273,287,514.17,403.73,37.92,17.61,0.2674,4,-1,-1
1273,392,1747.81,469.62,114.25,50.91,0.8300,4,-1,-1
1273,393,1132.83,393.21,77.20,35.47,0.2870,4,-1,-1
1273,396,1105.66,478.58,66.30,29.37,0.7899,4,-1,-1
1273,395,239.08,373.02,33.68,16.51,0.4902,4,-1,-1
1273,399,306.35,388.59,36.49,17.90,0.6697,4,-1,-1
1274,287,513.91,403.52,38.32,17.79,0.2894,4,-1,-1
1274,392,1769.55,471.76,119.22,53.26,0.8245,4,-1,-1
1274,393,1142.22,394.59,78.42,36.11,0.5137,6,-1,-1
1274,396,1099.58,478.21,63.81,28.46,0.7225,4,-1,-1
1274,395,236.68,372.54,33.45,16.41,0.6558,4,-1,-1
1274,399,302.81,387.59,38.06,18.70,0.6558,4,-1,-1
1275,287,513.14,403.26,40.19,18.67,0.2365,4,-1,-1
1275,392,1795.49,474.54,121.49,54.41,0.7746,4,-1,-1
1275,393,1154.39,397.04,75.97,34.88,0.7287,4,-1,-1
1275,396,1085.28,474.68,68.20,30.51,0.6826,4,-1,-1
1275,395,234.05,371.98,33.04,16.14,0.6918,4,-1,-1
1275,399,300.00,386.81,36.76,17.97,0.6415,4,-1,-1
1276,287,513.67,403.33,39.61,18.42,0.4216,4,-1,-1
1276,392,1809.46,476.40,120.88,54.75,0.7606,4,-1,-1
1276,393,1160.92,397.73,76.58,35.33,0.6558,4,-1,-1
1276,396,1074.63,471.62,72.87,32.78,0.6531,4,-1,-1
1276,395,232.10,371.45,32.91,16.02,0.7098,4,-1,-1
1276,399,297.05,386.35,37.09,17.97,0.6851,4,-1,-1
1277,287,514.22,403.47,38.80,18.04,0.4446,4,-1,-1
1277,392,1815.67,478.16,137.20,65.27,0.2302,4,-1,-1
1277,393,1170.89,397.99,79.94,36.97,0.5879,4,-1,-1
1277,396,1062.75,466.73,80.48,37.04,0.2444,5,-1,-1
1277,395,229.20,370.71,33.13,16.10,0.6645,4,-1,-1
1277,399,293.91,385.50,37.59,18.03,0.6379,4,-1,-1
1278,287,514.21,403.37,38.35,17.85,0.4026,4,-1,-1
1278,393,1177.26,398.94,83.13,38.65,0.3040,4,-1,-1
1278,396,1060.15,465.42,79.29,37.43,0.4873,4,-1,-1
1278,395,227.74,370.46,32.76,15.88,0.6645,4,-1,-1
1278,399,292.25,385.20,37.17,17.66,0.6011,4,-1,-1
1279,287,513.54,403.67,38.48,18.04,0.4225,4,-1,-1
1279,393,1188.29,400.12,81.87,38.06,0.8007,4,-1,-1
1279,396,1044.26,462.94,84.51,40.18,0.1002,4,-1,-1
1279,395,224.97,369.88,32.93,15.95,0.7334,4,-1,-1
1279,399,289.95,384.43,38.10,18.03,0.5185,4,-1,-1
1280,287,512.53,403.65,39.02,18.50,0.3329,4,-1,-1
1280,393,1200.54,401.96,81.47,37.65,0.7957,4,-1,-1
1280,396,1041.49,464.22,79.29,38.45,0.2902,4,-1,-1
1280,395,222.56,368.80,32.98,16.00,0.7439,4,-1,-1
1280,399,286.77,383.94,38.44,18.10,0.4196,4,-1,-1
1280,400,529.31,421.59,40.30,18.66,0.4523,4,-1,-1
1281,287,512.79,403.07,38.82,18.53,0.3268,4,-1,-1
1281,393,1209.98,403.33,81.36,37.33,0.7918,4,-1,-1
1281,396,1041.32,465.73,71.63,35.02,0.3433,4,-1,-1
1281,395,220.41,368.18,33.61,16.33,0.6968,4,-1,-1
1281,399,284.62,383.48,38.51,18.08,0.3433,4,-1,-1
1281,400,526.51,420.48,42.90,19.78,0.4311,4,-1,-1
1282,287,512.95,402.38,39.80,19.07,0.1357,5,-1,-1
1282,393,1220.09,404.40,83.95,38.51,0.4282,4,-1,-1
1282,396,1040.01,468.83,60.33,29.28,0.2415,4,-1,-1
1282,395,218.00,367.35,33.90,16.51,0.7178,4,-1,-1
1282,399,283.04,384.09,36.23,16.83,0.6610,4,-1,-1
1282,400,519.95,419.43,44.74,20.49,0.3684,4,-1,-1
1283,287,513.64,402.39,38.25,18.33,0.2516,4,-1,-1
1283,393,1229.79,405.40,83.74,38.48,0.7264,4,-1,-1
1283,396,1036.79,468.25,59.88,28.93,0.3016,4,-1,-1
1283,395,216.08,366.41,34.79,17.08,0.6749,4,-1,-1
1283,399,280.90,383.43,36.47,16.87,0.4854,4,-1,-1
1283,400,518.58,419.38,42.64,19.38,0.3693,4,-1,-1
1284,287,514.06,402.68,38.19,18.24,0.1234,4,-1,-1
1284,393,1241.05,407.25,82.98,37.79,0.7635,4,-1,-1
1284,395,213.15,365.23,36.08,17.90,0.4834,4,-1,-1
1284,399,279.10,383.38,35.10,16.06,0.4235,4,-1,-1
1284,400,510.67,418.33,44.05,19.89,0.2697,4,-1,-1
1285,287,514.04,402.29,37.18,17.81,0.4121,4,-1,-1
1285,393,1253.39,408.52,85.79,38.97,0.7670,4,-1,-1
1285,395,211.85,364.98,34.07,16.84,0.6766,4,-1,-1
1285,399,275.99,382.96,34.25,15.52,0.6270,4,-1,-1
1285,400,503.71,417.64,44.74,19.96,0.4484,4,-1,-1
1286,287,514.81,402.23,36.88,17.67,0.2075,5,-1,-1
1286,393,1261.67,409.91,87.37,39.68,0.7820,4,-1,-1
1286,395,211.04,364.88,32.82,16.11,0.6783,4,-1,-1
1286,399,274.11,382.51,34.09,15.30,0.6142,4,-1,-1
1286,400,498.54,417.17,43.97,19.42,0.4562,4,-1,-1
1287,287,515.49,402.90,35.47,16.86,0.2991,4,-1,-1
1287,393,1273.97,412.02,86.76,39.32,0.7879,4,-1,-1
1287,395,209.52,364.52,32.07,15.67,0.6252,4,-1,-1
1287,399,271.68,381.57,34.76,15.49,0.6433,4,-1,-1
1287,400,491.54,415.97,44.22,19.41,0.4766,4,-1,-1
1288,287,515.47,403.19,35.30,16.67,0.3016,4,-1,-1
1288,393,1282.17,412.24,87.73,39.68,0.8081,4,-1,-1
1288,395,208.67,364.59,31.20,15.15,0.6270,4,-1,-1
1288,399,270.23,381.15,34.91,15.50,0.6575,4,-1,-1
1288,400,487.97,413.92,46.92,20.53,0.4922,4,-1,-1
1289,287,515.63,403.63,36.19,17.08,0.2546,4,-1,-1
1289,393,1295.16,414.54,86.52,38.95,0.7461,4,-1,-1
1289,395,205.31,363.17,31.96,15.45,0.6451,4,-1,-1
1289,399,267.13,379.75,36.96,16.45,0.6628,4,-1,-1
1289,400,483.63,412.75,47.61,20.77,0.4455,4,-1,-1
1290,287,515.62,403.50,37.09,17.64,0.1895,5,-1,-1
1290,393,1309.18,416.01,88.40,39.67,0.8278,4,-1,-1
1290,395,202.53,362.44,31.87,15.33,0.6593,4,-1,-1
1290,399,264.90,378.85,37.65,16.82,0.6610,4,-1,-1
1290,400,476.65,413.19,45.86,19.98,0.1530,4,-1,-1
1291,287,514.56,403.44,38.57,18.53,0.1950,4,-1,-1
1291,393,1319.02,417.21,88.85,39.71,0.8081,4,-1,-1
1291,395,200.35,361.54,32.41,15.51,0.6851,4,-1,-1
1291,399,262.32,378.26,38.30,17.17,0.6397,4,-1,-1
1291,400,471.03,412.25,46.81,20.46,0.1772,5,-1,-1
1292,287,515.03,403.54,38.44,18.61,0.1466,5,-1,-1
1292,393,1331.48,418.88,90.59,40.52,0.8152,4,-1,-1
1292,395,197.71,360.37,33.65,16.16,0.6215,4,-1,-1
1292,399,260.09,377.60,38.41,17.28,0.7146,4,-1,-1
1292,400,467.51,412.35,44.07,19.09,0.4639,4,-1,-1
1292,396,974.09,464.26,51.31,24.49,0.6086,4,-1,-1
1293,287,515.11,403.49,38.75,18.91,0.1403,5,-1,-1
1293,393,1339.95,419.70,92.67,41.30,0.7447,4,-1,-1
1293,395,196.54,360.18,33.05,15.86,0.5554,4,-1,-1
1293,399,259.50,377.36,37.32,16.81,0.5993,4,-1,-1
1293,400,463.45,410.75,46.05,19.87,0.4893,4,-1,-1
1293,396,967.69,465.20,48.62,23.33,0.6433,4,-1,-1
1294,287,514.68,403.39,39.38,19.39,0.1413,5,-1,-1
1294,393,1354.02,421.48,92.76,41.20,0.7905,4,-1,-1
1294,395,194.82,360.48,31.56,15.09,0.5205,4,-1,-1
1294,399,257.15,377.19,35.94,16.11,0.6179,4,-1,-1
1294,400,458.49,410.60,46.18,19.79,0.4795,4,-1,-1
1294,396,960.92,464.50,50.21,24.02,0.6252,4,-1,-1
1295,287,513.69,403.26,40.24,20.00,0.1242,5,-1,-1
1295,393,1369.25,423.48,91.73,40.56,0.6706,4,-1,-1
1295,395,191.70,359.34,32.88,15.85,0.3942,4,-1,-1
1295,399,254.31,376.04,36.83,16.56,0.4378,4,-1,-1
1295,400,452.42,409.73,48.33,20.61,0.2351,4,-1,-1
1295,396,952.65,462.37,52.62,25.25,0.6817,4,-1,-1
1296,287,513.78,403.75,38.66,19.21,0.3107,4,-1,-1
1296,393,1378.66,423.92,94.91,41.88,0.6049,4,-1,-1
1296,395,189.42,358.44,33.92,16.42,0.3191,4,-1,-1
1296,399,253.14,375.99,35.98,16.14,0.5263,4,-1,-1
1296,400,447.89,409.24,49.14,20.86,0.4523,4,-1,-1
1296,396,947.25,460.63,54.40,26.10,0.7513,4,-1,-1
1297,287,513.99,403.86,37.79,18.79,0.3895,4,-1,-1
1297,393,1392.97,426.10,94.70,41.56,0.5059,4,-1,-1
1297,395,187.09,357.89,33.59,16.22,0.6379,4,-1,-1
1297,399,251.57,375.46,34.86,15.50,0.6030,4,-1,-1
1297,400,444.06,408.29,48.21,20.26,0.5127,4,-1,-1
1297,396,940.01,460.22,54.50,26.19,0.7725,4,-1,-1
1298,287,514.20,403.84,37.34,18.58,0.3720,4,-1,-1
1298,393,1403.69,427.49,94.83,41.47,0.7491,4,-1,-1
1298,395,185.99,357.64,32.83,15.81,0.7178,4,-1,-1
1298,399,249.90,374.92,35.15,15.59,0.6593,4,-1,-1
1298,400,439.65,408.42,47.81,19.94,0.4591,4,-1,-1
1298,396,935.60,460.36,53.40,25.58,0.7739,4,-1,-1
1299,287,514.37,403.80,36.97,18.41,0.4102,4,-1,-1
1299,393,1418.13,429.66,96.56,42.04,0.4388,4,-1,-1
1299,395,183.61,356.88,32.93,15.86,0.6307,4,-1,-1
1299,399,248.19,374.41,34.53,15.19,0.6593,4,-1,-1
1299,400,435.56,407.76,45.71,19.00,0.4863,4,-1,-1
1299,396,927.98,458.62,54.46,26.17,0.7066,4,-1,-1
1300,287,513.89,403.55,37.85,18.91,0.4216,4,-1,-1
1300,393,1433.80,431.67,97.32,42.13,0.7606,4,-1,-1
1300,395,181.50,355.76,32.98,15.94,0.6289,4,-1,-1
1300,399,245.34,373.09,35.52,15.61,0.6379,4,-1,-1
1300,400,433.17,406.96,45.28,18.95,0.4177,4,-1,-1
1300,396,919.84,457.08,55.16,26.56,0.7439,4,-1,-1
1301,287,513.54,403.26,38.30,19.21,0.4158,4,-1,-1
1301,393,1444.68,433.59,98.08,42.30,0.5593,4,-1,-1
1301,395,180.05,354.91,33.31,16.24,0.5936,4,-1,-1
1301,399,243.29,372.61,36.31,15.99,0.7001,4,-1,-1
1301,400,432.04,406.91,43.35,18.35,0.5974,4,-1,-1
1301,396,914.95,456.16,55.55,26.88,0.7194,4,-1,-1
1301,402,828.41,357.13,56.89,24.38,0.5419,4,-1,-1
1302,287,513.47,403.14,38.13,19.17,0.3951,4,-1,-1
1302,393,1458.89,434.96,99.82,42.96,0.7840,4,-1,-1
1302,395,178.19,354.25,32.78,16.06,0.6522,4,-1,-1
1302,399,241.68,372.19,35.52,15.68,0.6817,4,-1,-1
1302,400,430.14,406.18,41.94,18.27,0.5205,4,-1,-1
1302,396,907.15,455.45,55.17,26.63,0.6628,4,-1,-1
1302,402,835.53,357.07,61.83,26.53,0.4397,4,-1,-1
1303,287,513.68,403.16,37.60,18.91,0.3923,4,-1,-1
1303,393,1468.55,436.16,102.31,43.97,0.7621,4,-1,-1
1303,395,177.19,354.14,32.06,15.80,0.6575,4,-1,-1
1303,399,240.18,371.90,35.67,15.82,0.6575,4,-1,-1
1303,400,429.14,405.56,40.79,18.33,0.4436,4,-1,-1
1303,396,901.94,454.65,55.44,26.76,0.7114,4,-1,-1
1303,402,842.20,356.94,64.00,27.50,0.5098,4,-1,-1
1304,287,513.83,403.10,37.08,18.63,0.3886,4,-1,-1
1304,393,1481.68,436.93,105.83,45.48,0.7957,4,-1,-1
1304,395,175.44,353.58,31.54,15.57,0.6851,4,-1,-1
1304,399,237.71,371.20,36.37,16.17,0.6800,4,-1,-1
1304,400,429.24,406.11,35.81,16.62,0.5078,4,-1,-1
1304,396,888.51,452.28,59.38,28.34,0.6379,4,-1,-1
1304,402,850.03,357.74,67.63,29.14,0.4542,4,-1,-1
1304,403,412.34,405.36,24.06,16.58,0.5804,4,-1,-1
1305,287,514.23,403.19,35.90,17.94,0.4054,4,-1,-1
1305,393,1498.45,439.24,108.21,46.59,0.8129,4,-1,-1
1305,395,173.06,353.47,30.44,14.99,0.6469,4,-1,-1
1305,399,235.59,371.32,34.72,15.31,0.7241,4,-1,-1
1305,400,428.26,406.66,32.38,15.56,0.5127,4,-1,-1
1305,396,875.20,447.19,68.13,32.84,0.5860,4,-1,-1
1305,402,861.41,360.78,64.43,27.77,0.3961,4,-1,-1
1305,403,408.06,403.54,25.42,17.49,0.5708,4,-1,-1
1306,287,513.71,403.24,35.76,17.75,0.4494,4,-1,-1
1306,393,1512.53,440.94,106.36,45.67,0.7621,4,-1,-1
1306,395,171.00,352.03,31.57,15.62,0.5708,4,-1,-1
1306,399,232.21,368.68,39.21,17.49,0.6558,4,-1,-1
1306,396,865.91,443.03,74.61,36.49,0.5535,4,-1,-1
1306,402,866.35,359.15,70.13,30.41,0.4196,4,-1,-1
1306,403,410.74,403.11,27.13,18.32,0.5078,4,-1,-1
1307,287,513.09,403.36,35.88,17.66,0.4007,4,-1,-1
1307,393,1528.55,444.19,104.85,44.64,0.7635,4,-1,-1
1307,395,168.30,351.75,30.71,15.10,0.5689,4,-1,-1
1307,399,229.32,367.77,39.94,17.97,0.5670,4,-1,-1
1307,396,861.48,441.51,74.21,37.15,0.5974,4,-1,-1
1307,402,875.72,360.21,70.03,30.42,0.3495,4,-1,-1
1307,403,407.22,401.99,30.30,20.05,0.1624,4,-1,-1
1308,287,512.78,403.49,35.88,17.50,0.3998,4,-1,-1
1308,393,1538.93,444.48,108.34,46.05,0.8129,4,-1,-1
1308,395,166.39,351.11,31.05,15.22,0.6575,4,-1,-1
1308,399,227.57,367.42,40.05,18.19,0.6851,4,-1,-1
1308,396,857.83,441.90,71.79,36.53,0.5224,4,-1,-1
1308,403,401.86,401.38,30.36,19.81,0.3372,4,-1,-1
1309,287,512.03,403.47,36.53,17.72,0.3504,4,-1,-1
1309,393,1554.16,446.07,110.08,46.71,0.6424,4,-1,-1
1309,395,163.94,350.30,31.88,15.72,0.6800,4,-1,-1
1309,399,225.75,366.74,39.74,18.16,0.7033,4,-1,-1
1309,396,851.37,441.64,69.84,35.98,0.2598,4,-1,-1
1309,403,395.80,398.68,34.40,22.11,0.1919,4,-1,-1
1310,287,511.48,403.40,36.82,17.81,0.3390,4,-1,-1
1310,393,1571.07,447.93,113.59,48.17,0.6496,4,-1,-1
1310,395,162.21,350.49,29.75,14.59,0.6935,4,-1,-1
1310,399,223.17,365.84,40.30,18.53,0.7469,4,-1,-1
1310,403,391.15,397.29,35.23,22.19,0.1116,4,-1,-1
1311,287,511.33,403.57,36.69,17.71,0.3469,4,-1,-1
1311,393,1584.98,449.88,113.09,47.86,0.6424,4,-1,-1
1311,395,161.40,350.43,29.06,14.29,0.6505,4,-1,-1
1311,399,221.29,365.47,40.04,18.53,0.7241,4,-1,-1
1311,403,386.58,396.35,36.51,22.57,0.3933,4,-1,-1
1312,287,511.59,403.89,36.06,17.36,0.3666,4,-1,-1
1312,393,1600.34,451.23,116.53,49.31,0.8256,4,-1,-1
1312,395,159.20,348.97,30.68,15.38,0.4659,4,-1,-1
1312,399,219.24,365.58,38.96,18.12,0.7318,4,-1,-1
1312,403,381.91,396.15,37.15,22.48,0.5516,4,-1,-1
1313,287,511.65,404.05,35.80,17.21,0.3567,4,-1,-1
1313,393,1613.06,453.26,116.99,49.49,0.6160,4,-1,-1
1313,395,157.42,348.47,30.77,15.57,0.4863,4,-1,-1
1313,399,218.08,365.78,38.14,17.80,0.7272,4,-1,-1
1313,403,380.99,396.17,35.68,21.21,0.4932,4,-1,-1
1314,287,511.41,403.86,36.11,17.33,0.4282,4,-1,-1
1314,393,1630.37,455.85,116.50,49.20,0.8355,4,-1,-1
1314,395,154.35,347.79,30.68,15.51,0.5361,4,-1,-1
1314,399,216.98,365.70,37.40,17.48,0.7256,4,-1,-1
1314,403,375.87,396.17,35.66,20.89,0.3372,4,-1,-1
1315,287,511.28,403.77,36.16,17.32,0.4746,4,-1,-1
1315,393,1650.11,458.49,117.32,49.35,0.8044,4,-1,-1
1315,395,152.69,348.15,29.13,14.67,0.5039,4,-1,-1
1315,399,215.12,365.46,36.11,16.82,0.7098,4,-1,-1
1315,403,371.55,395.19,35.45,20.50,0.4552,4,-1,-1
1316,287,511.09,403.71,36.12,17.26,0.4668,4,-1,-1
1316,393,1663.42,460.04,118.03,49.49,0.8278,4,-1,-1
1316,395,152.76,347.99,27.35,13.82,0.3849,4,-1,-1
1316,399,214.00,365.26,35.28,16.41,0.6851,4,-1,-1
1316,403,366.65,395.32,35.62,20.05,0.5322,4,-1,-1
1317,287,510.82,403.73,36.55,17.46,0.4407,4,-1,-1
1317,393,1681.37,462.37,120.08,50.04,0.7969,4,-1,-1
1317,395,149.13,346.96,27.84,14.15,0.1389,4,-1,-1
1317,399,212.60,365.16,34.07,15.74,0.6697,4,-1,-1
1317,403,360.59,394.44,37.57,20.90,0.1352,4,-1,-1
1318,287,510.26,403.65,37.44,17.92,0.3877,4,-1,-1
1318,393,1695.26,464.41,119.95,49.67,0.8044,4,-1,-1
1318,395,147.31,346.29,28.70,14.61,0.1294,4,-1,-1
1318,399,211.14,364.90,34.05,15.63,0.6715,4,-1,-1
1318,403,357.00,394.30,38.24,21.10,0.2056,4,-1,-1
1318,408,1538.44,552.87,109.61,37.69,0.5823,4,-1,-1
1319,287,510.21,403.84,37.61,18.03,0.3576,4,-1,-1
1319,393,1714.03,466.95,121.45,50.05,0.8007,4,-1,-1
1319,395,145.23,345.91,27.76,14.18,0.1225,4,-1,-1
1319,399,208.34,364.25,35.16,16.13,0.3914,4,-1,-1
1319,403,351.84,393.73,38.18,20.82,0.1535,4,-1,-1
1319,408,1520.01,548.85,114.94,39.68,0.2344,4,-1,-1
1320,287,510.09,404.15,37.45,17.97,0.3082,4,-1,-1
1320,393,1734.46,469.39,123.83,50.92,0.8245,4,-1,-1
1320,395,142.29,347.09,25.68,12.90,0.1520,4,-1,-1
1320,399,206.06,363.81,34.73,15.90,0.3407,4,-1,-1
1320,403,345.93,392.99,39.29,21.26,0.1711,4,-1,-1
1320,408,1506.62,546.04,112.86,39.30,0.4756,4,-1,-1
1321,287,510.47,404.25,36.48,17.46,0.1640,4,-1,-1
1321,393,1748.24,470.92,125.81,51.59,0.8490,4,-1,-1
1321,395,140.69,346.99,25.80,12.74,0.2494,4,-1,-1
1321,399,203.26,362.38,36.21,16.61,0.2220,4,-1,-1
1321,403,344.17,392.37,37.89,20.16,0.1871,4,-1,-1
1321,408,1499.10,545.05,106.71,37.61,0.5205,4,-1,-1
1322,287,510.63,404.46,36.03,17.18,0.2415,4,-1,-1
1322,393,1766.66,472.67,128.66,52.75,0.8480,4,-1,-1
1322,403,339.08,391.19,37.43,19.58,0.2261,4,-1,-1
1322,408,1482.21,542.25,104.83,37.49,0.3785,4,-1,-1
1323,287,511.06,404.88,35.53,16.86,0.2621,4,-1,-1
1323,393,1778.64,473.74,132.07,54.05,0.8322,4,-1,-1
1323,403,335.98,390.03,38.21,19.76,0.4121,4,-1,-1
1324,287,511.21,405.34,34.75,16.40,0.2429,4,-1,-1
1324,393,1794.99,476.20,131.16,54.26,0.7746,4,-1,-1
1324,403,331.10,388.55,39.51,20.39,0.3149,4,-1,-1
1324,395,132.26,344.48,27.31,13.48,0.4902,4,-1,-1
1325,287,509.44,404.96,35.55,16.75,0.3191,4,-1,-1
1325,393,1808.18,478.12,131.60,56.10,0.6893,4,-1,-1
1325,403,325.67,387.26,39.23,20.21,0.3775,4,-1,-1
1325,395,129.47,343.35,28.02,13.83,0.2950,4,-1,-1
1326,287,508.59,404.72,35.99,16.96,0.3294,4,-1,-1
1326,393,1818.25,479.40,128.98,57.08,0.6298,4,-1,-1
1326,403,322.26,386.53,40.20,20.83,0.4824,4,-1,-1
1326,395,128.35,342.78,27.82,13.69,0.3702,4,-1,-1
1327,287,507.87,404.53,36.51,17.25,0.3200,4,-1,-1
1327,393,1838.32,484.96,108.77,50.15,0.6943,4,-1,-1
1327,403,318.12,385.20,40.04,20.75,0.5842,4,-1,-1
1327,395,125.99,342.11,27.71,13.64,0.4649,4,-1,-1
1328,287,507.35,404.63,37.01,17.56,0.3242,4,-1,-1
1328,403,316.16,385.27,37.95,19.60,0.6522,4,-1,-1
1328,395,124.28,341.71,27.51,13.57,0.5059,4,-1,-1
1329,287,506.87,404.80,37.26,17.75,0.2870,4,-1,-1
1329,403,314.12,385.58,35.46,18.00,0.6379,4,-1,-1
1329,395,120.44,340.64,29.33,14.50,0.4571,4,-1,-1
1329,399,188.11,359.43,33.77,15.42,0.6234,4,-1,-1
1330,287,506.08,404.78,37.63,18.05,0.2583,4,-1,-1
1330,403,309.10,384.39,36.99,18.62,0.6575,4,-1,-1
1330,395,116.64,338.75,31.89,15.93,0.4417,4,-1,-1
1330,399,183.50,356.62,37.68,17.51,0.5955,4,-1,-1
1331,287,505.76,404.80,37.26,17.95,0.2465,4,-1,-1
1331,403,305.78,383.71,37.71,18.82,0.6715,4,-1,-1
1331,395,115.38,338.31,31.48,15.87,0.5458,4,-1,-1
1331,399,181.91,356.13,37.73,17.71,0.6307,4,-1,-1
1331,408,1346.49,526.60,90.95,32.79,0.7564,4,-1,-1
1332,287,505.16,404.68,36.88,17.80,0.2830,4,-1,-1
1332,403,301.13,382.62,38.56,19.14,0.5631,4,-1,-1
1332,395,113.03,337.95,31.14,15.87,0.3648,4,-1,-1
1332,399,180.18,355.84,37.15,17.58,0.6834,4,-1,-1
1332,408,1331.12,523.92,89.09,32.29,0.7759,4,-1,-1
1333,287,505.49,404.61,37.14,18.00,0.2069,4,-1,-1
1333,403,298.06,382.00,38.81,19.20,0.5010,4,-1,-1
1333,395,112.09,337.72,30.24,15.57,0.3979,4,-1,-1
1333,399,179.55,355.90,35.53,16.79,0.6834,4,-1,-1
1333,408,1320.34,522.12,89.25,32.48,0.8069,4,-1,-1
1334,287,504.68,404.24,38.99,19.05,0.1592,4,-1,-1
1334,403,294.86,380.50,39.06,19.46,0.4591,4,-1,-1
1334,395,111.02,337.21,29.53,15.55,0.5068,4,-1,-1
1334,399,176.62,354.53,37.03,17.55,0.6749,4,-1,-1
1334,408,1305.42,520.26,89.76,32.91,0.8233,4,-1,-1
1335,287,503.79,404.38,38.07,18.65,0.2705,4,-1,-1
1335,403,291.32,380.47,37.03,18.31,0.3666,4,-1,-1
1335,395,110.85,337.38,27.47,14.67,0.4854,4,-1,-1
1335,399,174.06,354.77,36.04,17.11,0.5496,4,-1,-1
1335,408,1289.69,517.54,89.88,33.28,0.8228,4,-1,-1
1336,287,503.79,404.83,37.26,18.31,0.1238,4,-1,-1
1336,403,287.85,379.60,35.92,17.59,0.3124,4,-1,-1
1336,395,110.29,337.64,25.57,13.89,0.4311,4,-1,-1
1336,399,171.94,354.57,36.05,17.15,0.4064,4,-1,-1
1336,408,1279.71,515.92,88.93,33.17,0.8193,4,-1,-1
1336,412,1189.32,406.43,95.18,38.63,0.5832,4,-1,-1
1337,287,504.17,404.87,36.05,17.71,0.2621,4,-1,-1
1337,403,282.93,378.46,37.65,18.43,0.5936,4,-1,-1
1337,395,108.78,338.47,23.43,12.93,0.3115,4,-1,-1
1337,399,170.18,354.01,35.84,17.13,0.4149,4,-1,-1
1337,408,1266.64,513.81,86.98,32.67,0.8273,4,-1,-1
1337,412,1203.39,408.36,99.20,40.31,0.1678,4,-1,-1
1337,413,682.37,330.54,51.49,26.59,0.5765,4,-1,-1
1338,287,503.65,404.99,35.57,17.39,0.3381,4,-1,-1
1338,403,279.46,377.02,39.58,19.51,0.6851,4,-1,-1
1338,395,109.42,339.29,21.00,11.70,0.2651,4,-1,-1
1338,399,168.50,353.83,35.93,17.26,0.6049,4,-1,-1
1338,408,1258.29,513.14,85.03,32.00,0.8141,4,-1,-1
1338,413,684.33,331.51,50.80,26.24,0.5185,4,-1,-1
1339,287,502.38,405.22,35.35,17.22,0.2451,4,-1,-1
1339,403,275.28,375.43,40.41,20.10,0.5341,4,-1,-1
1339,395,105.49,338.98,20.58,11.51,0.1931,4,-1,-1
1339,399,165.85,353.20,36.16,17.43,0.3886,4,-1,-1
1339,408,1245.23,510.73,83.85,31.78,0.8062,4,-1,-1
1339,413,689.36,332.59,49.18,25.40,0.5554,4,-1,-1
1340,287,501.25,405.27,34.60,16.87,0.3166,4,-1,-1
1340,403,271.87,376.80,36.89,18.06,0.2386,4,-1,-1
1340,395,104.30,339.01,18.80,10.72,0.2140,4,-1,-1
1340,399,163.78,353.81,33.96,16.38,0.3082,4,-1,-1
1340,408,1229.53,508.60,85.95,32.89,0.7670,4,-1,-1
1340,413,693.67,333.80,48.17,24.85,0.6179,4,-1,-1
1341,287,500.84,405.33,33.83,16.52,0.3425,4,-1,-1
1341,403,268.41,376.13,37.48,18.34,0.3933,4,-1,-1
1341,399,161.76,353.68,33.83,16.36,0.1446,4,-1,-1
1341,408,1219.35,507.14,85.45,32.93,0.8176,4,-1,-1
1341,413,697.30,335.29,45.99,23.62,0.5078,4,-1,-1
1342,287,499.94,405.23,34.74,16.95,0.1950,4,-1,-1
1342,403,264.11,375.46,38.32,18.79,0.1530,4,-1,-1
1342,399,159.66,353.65,33.04,15.87,0.2659,4,-1,-1
1342,408,1206.67,505.78,84.04,32.60,0.7912,4,-1,-1
1342,413,699.74,334.75,48.00,24.69,0.5283,4,-1,-1
1343,287,499.10,405.32,34.99,17.07,0.2621,4,-1,-1
1343,403,262.79,375.84,36.35,17.77,0.3666,4,-1,-1
1343,399,157.47,352.92,33.36,15.96,0.1546,4,-1,-1
1343,408,1196.89,504.35,84.36,33.02,0.8228,4,-1,-1
1343,413,701.48,334.56,48.96,25.20,0.5842,4,-1,-1
1344,287,498.22,405.47,34.67,16.83,0.3576,4,-1,-1
1344,403,259.23,376.29,34.26,16.50,0.5059,4,-1,-1
1344,399,154.53,352.69,33.13,15.79,0.2862,4,-1,-1
1344,408,1186.10,502.96,81.78,32.18,0.8087,4,-1,-1
1344,413,703.46,335.03,49.61,25.47,0.4707,4,-1,-1
1345,287,497.04,405.66,34.74,16.74,0.2862,4,-1,-1
1345,403,253.64,374.84,34.58,16.64,0.2713,4,-1,-1
1345,408,1172.43,501.45,80.57,31.90,0.8038,4,-1,-1
1345,413,705.60,334.89,50.41,25.87,0.5689,4,-1,-1
1345,414,1110.38,475.30,69.51,24.40,0.6325,4,-1,-1
1346,287,496.25,405.03,35.41,17.11,0.3311,4,-1,-1
1346,403,249.45,373.46,35.66,17.15,0.4932,4,-1,-1
1346,408,1164.16,500.90,77.97,30.85,0.7698,4,-1,-1
1346,413,707.07,335.01,50.68,25.89,0.4206,4,-1,-1
1346,414,1106.12,475.47,67.10,23.55,0.6593,4,-1,-1
1347,287,495.64,405.13,34.99,17.00,0.3831,4,-1,-1
1347,403,244.72,371.69,36.80,17.71,0.4417,4,-1,-1
1347,408,1152.13,499.48,76.49,30.31,0.7931,4,-1,-1
1347,413,712.00,335.91,49.90,25.47,0.4844,5,-1,-1
1347,414,1094.07,474.76,66.91,23.51,0.6433,4,-1,-1
1348,287,494.16,405.35,33.61,16.24,0.3812,4,-1,-1
1348,403,242.14,371.68,36.29,17.36,0.5823,4,-1,-1
1348,408,1142.60,497.93,77.14,30.71,0.7827,4,-1,-1
1348,413,714.34,336.50,49.26,24.98,0.5746,4,-1,-1
1348,414,1085.39,473.68,69.41,24.47,0.6817,4,-1,-1
1349,287,492.68,405.69,33.49,16.04,0.3478,4,-1,-1
1349,403,237.26,370.70,37.53,17.90,0.3381,4,-1,-1
1349,408,1130.11,496.90,76.59,30.53,0.7827,4,-1,-1
1349,413,716.39,336.92,50.76,25.65,0.5088,4,-1,-1
1349,414,1077.28,472.61,66.14,23.37,0.6451,4,-1,-1
1350,287,491.47,406.11,34.46,16.53,0.2736,4,-1,-1
1350,403,232.13,369.90,36.93,17.48,0.4187,4,-1,-1
1350,408,1116.16,495.52,76.43,30.59,0.7663,4,-1,-1
1350,413,719.89,337.55,51.00,25.69,0.2942,5,-1,-1
1350,414,1067.56,470.48,68.06,24.18,0.5361,4,-1,-1
1350,399,134.97,349.76,32.70,15.56,0.4542,4,-1,-1
1351,287,490.67,406.44,33.21,15.87,0.1999,4,-1,-1
1351,403,227.10,367.72,39.95,19.04,0.5917,4,-1,-1
1351,408,1108.66,494.66,73.75,29.60,0.7780,4,-1,-1
1351,413,722.50,338.10,50.93,25.59,0.3346,5,-1,-1
1351,414,1061.04,468.54,68.46,24.53,0.6067,4,-1,-1
1351,399,132.99,349.82,31.93,15.10,0.5574,4,-1,-1
1352,403,223.86,368.28,36.88,17.51,0.6086,4,-1,-1
1352,408,1096.95,492.87,74.56,30.12,0.7899,4,-1,-1
1352,413,725.26,338.40,52.70,26.64,0.6123,4,-1,-1
1352,414,1049.79,466.70,69.99,25.38,0.6289,4,-1,-1
1352,399,130.41,349.60,31.19,14.60,0.4130,4,-1,-1
1352,416,167.45,374.47,35.54,16.37,0.4883,4,-1,-1
1353,403,221.58,368.63,35.97,17.03,0.6289,4,-1,-1
1353,408,1088.24,491.64,74.66,30.30,0.8099,4,-1,-1
1353,413,726.69,338.49,53.72,27.32,0.4912,4,-1,-1
1353,414,1041.59,465.73,71.54,26.20,0.6160,4,-1,-1
1353,399,128.66,349.61,30.88,14.38,0.5496,4,-1,-1
1353,416,165.47,374.28,35.66,16.42,0.4542,4,-1,-1
1354,403,216.51,367.14,37.47,17.79,0.6415,4,-1,-1
1354,408,1077.52,490.63,72.51,29.41,0.8193,4,-1,-1
1354,413,730.42,339.84,52.22,26.55,0.4465,4,-1,-1
1354,414,1033.69,465.62,68.54,25.22,0.6215,4,-1,-1
1354,399,126.44,349.93,29.99,13.97,0.6558,4,-1,-1
1354,416,161.19,372.69,36.25,16.72,0.2487,4,-1,-1
1354,417,1474.53,444.71,131.41,51.07,0.5983,4,-1,-1
1355,403,212.14,365.79,38.27,18.28,0.6783,4,-1,-1
1355,408,1065.82,489.11,70.88,28.81,0.7549,4,-1,-1
1355,413,733.29,339.51,54.10,27.73,0.6697,4,-1,-1
1355,414,1024.18,464.91,67.17,24.79,0.7058,4,-1,-1
1355,399,122.58,350.16,29.92,13.78,0.5361,4,-1,-1
1355,416,154.84,372.65,38.46,17.77,0.2254,4,-1,-1
1355,417,1498.92,448.52,126.36,49.12,0.3381,4,-1,-1
1356,403,207.38,364.04,40.73,19.73,0.6984,4,-1,-1
1356,408,1059.13,488.53,70.21,28.78,0.7556,4,-1,-1
1356,413,735.92,339.44,54.84,28.29,0.5322,4,-1,-1
1356,414,1017.60,464.63,65.56,24.24,0.7154,4,-1,-1
1356,399,119.40,349.02,31.66,14.47,0.4168,4,-1,-1
1356,416,150.53,372.41,40.33,18.66,0.1722,4,-1,-1
1356,417,1516.64,451.09,127.47,49.59,0.1700,4,-1,-1
1357,403,202.94,363.10,41.29,20.24,0.6105,4,-1,-1
1357,408,1052.52,486.91,69.69,29.26,0.7379,4,-1,-1
1357,413,740.22,340.83,53.35,27.56,0.6558,4,-1,-1
1357,414,1007.81,464.19,67.15,25.06,0.6740,4,-1,-1
1357,399,116.93,348.44,31.67,14.43,0.5244,4,-1,-1
1357,416,147.46,371.44,37.09,17.03,0.3285,4,-1,-1
1357,417,1543.88,454.96,125.14,48.66,0.4007,4,-1,-1
1357,418,1292.03,512.50,74.60,25.51,0.6584,4,-1,-1
1358,403,200.50,362.97,40.11,19.84,0.5823,4,-1,-1
1358,408,1045.65,485.69,69.28,29.68,0.6918,4,-1,-1
1358,413,742.10,341.18,53.07,27.58,0.6197,4,-1,-1
1358,414,1001.57,463.95,67.07,25.21,0.5341,4,-1,-1
1358,399,114.85,348.78,30.69,13.91,0.4766,4,-1,-1
1358,416,145.65,371.42,34.62,15.78,0.2436,4,-1,-1
1358,417,1555.05,456.63,137.91,53.89,0.2516,4,-1,-1
1358,418,1283.03,511.69,74.31,25.39,0.7372,4,-1,-1
1359,403,199.35,363.68,36.06,17.79,0.5516,4,-1,-1
1359,408,1031.90,483.35,69.09,29.82,0.4746,4,-1,-1
1359,413,746.09,342.10,52.99,27.60,0.6234,4,-1,-1
1359,414,994.64,461.45,69.92,26.33,0.3099,4,-1,-1
1359,399,112.66,348.61,30.21,13.64,0.3585,4,-1,-1
1359,416,142.94,371.59,33.96,15.38,0.3812,4,-1,-1
1359,417,1580.81,461.51,134.83,52.75,0.7202,4,-1,-1
1359,418,1265.88,508.49,78.96,27.01,0.6951,4,-1,-1
1360,403,201.48,365.88,29.34,14.41,0.4513,4,-1,-1
1360,408,1019.01,482.61,67.29,29.08,0.6334,4,-1,-1
1360,413,750.96,342.99,52.88,27.59,0.2415,5,-1,-1
1360,399,108.90,348.49,30.31,13.60,0.2268,4,-1,-1
1360,416,137.47,371.78,33.04,14.75,0.2247,4,-1,-1
1360,417,1606.55,463.82,138.91,54.48,0.3639,4,-1,-1
1360,418,1248.95,505.77,81.49,27.97,0.7592,4,-1,-1
1361,403,196.73,365.02,30.33,14.70,0.4273,4,-1,-1
1361,408,1010.98,482.92,65.69,28.31,0.5746,4,-1,-1
1361,413,753.74,343.56,52.65,27.47,0.5651,4,-1,-1
1361,399,107.19,348.46,29.97,13.34,0.1790,4,-1,-1
1361,416,135.59,371.44,31.66,13.87,0.2591,4,-1,-1
1361,417,1622.80,465.47,145.35,57.31,0.1362,4,-1,-1
1361,418,1238.28,504.90,81.59,28.13,0.7178,4,-1,-1
1362,403,190.33,362.76,33.12,15.97,0.3803,4,-1,-1
1362,413,757.68,344.78,52.03,27.02,0.5983,4,-1,-1
1362,399,107.91,349.11,27.05,12.02,0.1030,4,-1,-1
1362,416,133.66,371.63,30.00,12.89,0.1546,4,-1,-1
1362,417,1651.99,470.70,138.95,54.64,0.5964,4,-1,-1
1362,418,1225.63,503.25,80.62,27.93,0.7585,4,-1,-1
1363,403,186.65,361.95,34.00,16.24,0.2598,4,-1,-1
1363,413,759.71,344.68,53.11,27.54,0.6406,4,-1,-1
1363,399,106.86,348.64,27.24,12.17,0.1490,4,-1,-1
1363,416,130.71,370.77,32.54,13.86,0.2659,4,-1,-1
1363,417,1669.29,473.80,141.69,55.76,0.4591,4,-1,-1
1363,418,1216.06,502.02,80.79,28.08,0.7642,4,-1,-1
1364,403,182.37,360.92,33.85,16.08,0.3979,4,-1,-1
1364,413,763.32,344.87,53.94,28.00,0.7394,4,-1,-1
1364,399,100.36,346.82,31.12,13.88,0.1086,6,-1,-1
1364,416,127.15,369.60,33.79,14.32,0.1678,4,-1,-1
1364,417,1692.89,476.31,146.66,57.92,0.8300,4,-1,-1
1364,418,1203.67,500.73,78.08,27.28,0.7334,4,-1,-1
1365,403,178.66,360.59,33.15,15.57,0.1877,4,-1,-1
1365,413,767.48,345.62,53.59,27.74,0.6549,4,-1,-1
1365,417,1720.35,479.97,151.93,60.39,0.6132,4,-1,-1
1365,418,1190.11,498.66,77.95,27.37,0.7944,4,-1,-1
1365,414,942.03,453.35,68.13,26.19,0.4766,4,-1,-1
1366,403,175.69,359.82,33.47,15.68,0.4854,4,-1,-1
1366,413,771.47,346.62,52.61,27.02,0.6697,4,-1,-1
1366,417,1740.32,480.44,156.30,62.52,0.4340,4,-1,-1
1366,418,1180.53,496.66,77.29,27.32,0.7976,4,-1,-1
1366,414,937.83,453.51,65.62,25.45,0.4417,4,-1,-1
1367,403,172.11,359.77,32.37,14.88,0.2539,4,-1,-1
1367,413,774.62,347.20,53.37,27.35,0.6826,4,-1,-1
1367,417,1763.96,484.35,162.93,65.98,0.3132,4,-1,-1
1367,418,1168.43,494.93,77.06,27.41,0.7976,4,-1,-1
1367,414,932.05,454.79,62.12,24.00,0.5380,4,-1,-1
1368,403,168.64,358.99,33.53,15.31,0.1097,6,-1,-1
1368,413,777.17,347.55,54.30,27.73,0.5927,4,-1,-1
1368,417,1774.62,486.05,170.68,70.85,0.1830,4,-1,-1
1368,418,1158.44,493.54,78.37,28.12,0.8062,4,-1,-1
1368,414,928.10,456.00,55.10,21.04,0.5535,4,-1,-1
1369,403,165.91,358.71,32.40,14.65,0.1371,4,-1,-1
1369,413,779.65,347.85,56.61,28.98,0.6800,4,-1,-1
1369,418,1146.13,492.11,79.16,28.67,0.8284,4,-1,-1
1369,414,917.48,455.43,54.58,21.08,0.5651,4,-1,-1
1370,403,157.62,354.90,39.66,18.26,0.2031,6,-1,-1
1370,413,782.95,348.53,57.50,29.43,0.7114,4,-1,-1
1370,418,1134.41,490.62,77.33,28.17,0.8056,4,-1,-1
1370,414,906.49,454.55,58.56,22.83,0.7334,4,-1,-1
1370,408,924.79,475.31,58.54,25.20,0.4951,4,-1,-1
1371,403,154.37,353.86,40.23,18.77,0.1877,6,-1,-1
1371,413,787.33,349.60,56.74,29.00,0.7739,4,-1,-1
1371,418,1126.52,489.79,75.75,27.71,0.7931,4,-1,-1
1371,414,901.86,454.37,57.61,22.40,0.7394,4,-1,-1
1371,408,917.91,474.04,60.30,26.09,0.6540,4,-1,-1
1372,403,150.37,352.99,40.58,19.21,0.1722,4,-1,-1
1372,413,790.48,350.14,57.22,29.26,0.7241,4,-1,-1
1372,418,1115.22,488.44,74.34,27.30,0.8123,4,-1,-1
1372,414,895.93,453.16,58.78,22.59,0.7272,4,-1,-1
1372,408,908.19,473.03,61.27,26.75,0.6628,4,-1,-1
1373,413,794.64,351.77,55.33,28.17,0.6885,4,-1,-1
1373,418,1106.10,486.94,76.56,28.43,0.8062,4,-1,-1
1373,414,889.60,452.58,58.46,22.35,0.7082,4,-1,-1
1373,408,901.54,472.98,61.00,26.69,0.7349,4,-1,-1
1374,413,798.59,352.02,55.85,28.36,0.7272,4,-1,-1
1374,418,1095.06,485.41,76.17,28.55,0.7833,4,-1,-1
1374,414,880.23,451.35,57.04,21.85,0.7628,4,-1,-1
1374,408,893.08,471.50,61.73,27.00,0.7642,4,-1,-1
1375,413,803.09,352.33,56.62,28.65,0.6352,4,-1,-1
1375,418,1083.65,484.36,74.03,27.89,0.8205,4,-1,-1
1375,414,869.58,449.45,60.93,23.51,0.7439,4,-1,-1
1375,408,883.90,469.97,61.64,26.91,0.7454,4,-1,-1
1376,413,807.40,353.48,56.13,28.37,0.6433,4,-1,-1
1376,418,1075.61,483.16,73.37,27.84,0.8239,4,-1,-1
1376,414,862.85,448.15,62.89,24.44,0.7114,4,-1,-1
1376,408,877.05,469.39,60.97,26.52,0.7364,4,-1,-1
1376,403,138.58,350.94,37.68,18.01,0.5631,4,-1,-1
1377,413,810.82,354.02,57.10,28.94,0.3998,5,-1,-1
1377,418,1064.33,481.78,73.63,28.14,0.8193,4,-1,-1
1377,414,854.20,447.12,62.79,24.40,0.7098,4,-1,-1
1377,408,865.47,468.55,61.79,26.53,0.7241,4,-1,-1
1377,403,135.02,350.79,36.80,17.77,0.2576,4,-1,-1
1378,413,817.25,356.98,52.64,26.31,0.5107,4,-1,-1
1378,418,1056.52,480.96,73.22,28.26,0.7899,4,-1,-1
1378,414,849.40,447.76,60.53,23.43,0.6433,4,-1,-1
1378,408,859.14,467.60,62.39,26.58,0.7114,4,-1,-1
1378,403,133.48,350.98,34.82,16.81,0.3277,4,-1,-1
1379,413,819.76,356.82,55.60,27.76,0.5955,4,-1,-1
1379,418,1047.09,479.88,71.25,27.77,0.7614,4,-1,-1
1379,414,839.46,446.53,62.73,24.32,0.6343,4,-1,-1
1379,408,849.95,466.34,62.50,26.50,0.7194,4,-1,-1
1379,403,129.26,349.86,35.99,17.49,0.4484,4,-1,-1
1380,413,823.23,356.54,57.78,28.92,0.5879,4,-1,-1
1380,418,1037.39,478.66,69.77,27.56,0.7225,4,-1,-1
1380,414,831.84,445.88,62.53,24.38,0.6800,4,-1,-1
1380,408,839.89,464.90,63.91,27.23,0.7082,4,-1,-1
1380,403,125.41,348.87,35.16,17.13,0.1330,4,-1,-1
1381,413,826.67,356.83,58.66,29.30,0.5651,4,-1,-1
1381,418,1025.19,475.54,73.87,29.51,0.7241,4,-1,-1
1381,414,824.51,444.51,66.42,26.06,0.4263,4,-1,-1
1381,408,833.29,463.70,64.69,27.71,0.6361,4,-1,-1
1381,403,123.42,348.96,34.06,16.52,0.2854,4,-1,-1
1382,413,830.31,357.04,60.24,30.27,0.3469,5,-1,-1
1382,418,1011.77,471.90,79.40,32.44,0.6451,4,-1,-1
1382,414,818.88,443.42,65.63,26.20,0.4844,4,-1,-1
1382,408,827.50,463.06,62.49,27.07,0.5679,4,-1,-1
1382,403,120.44,348.88,33.80,16.39,0.3225,4,-1,-1
1383,413,833.42,357.89,60.58,30.54,0.4922,4,-1,-1
1383,418,1002.52,469.49,81.74,34.16,0.6593,4,-1,-1
1383,414,811.35,442.57,67.23,27.10,0.4844,4,-1,-1
1383,408,821.33,462.87,61.66,26.77,0.5400,4,-1,-1
1384,413,837.98,358.97,61.22,31.02,0.6549,4,-1,-1
1384,418,994.89,469.43,77.67,33.11,0.5804,4,-1,-1
1384,414,805.50,443.13,66.30,27.03,0.1546,4,-1,-1
1384,408,813.45,461.73,61.44,26.96,0.2918,4,-1,-1
1385,413,842.49,358.98,62.60,31.89,0.6352,4,-1,-1
1385,418,985.50,470.27,74.07,32.01,0.5917,4,-1,-1
1385,408,801.92,454.55,70.59,32.18,0.1577,4,-1,-1
1386,413,845.96,359.61,62.11,31.71,0.7001,4,-1,-1
1386,418,981.46,472.28,65.52,28.26,0.4668,4,-1,-1
1387,413,850.41,360.09,63.40,32.55,0.7001,4,-1,-1
1387,418,971.05,471.22,64.41,28.03,0.5380,4,-1,-1
1388,413,854.28,361.15,62.56,32.22,0.6361,4,-1,-1
1388,418,964.99,469.04,64.65,28.41,0.1750,4,-1,-1
1389,413,860.05,362.58,61.75,31.84,0.6935,4,-1,-1
1389,418,950.82,466.52,68.33,30.67,0.3720,4,-1,-1
1390,413,865.57,363.87,61.35,31.66,0.3877,4,-1,-1
1390,418,943.91,465.18,67.98,31.34,0.1366,4,-1,-1
1391,413,870.09,365.88,59.47,30.50,0.5804,4,-1,-1
1391,418,931.00,458.86,78.59,37.41,0.2958,4,-1,-1
1392,413,873.33,366.45,61.34,31.27,0.5593,4,-1,-1
1392,418,922.85,457.02,76.46,37.11,0.3355,4,-1,-1
1393,413,877.45,367.49,60.33,30.58,0.5804,4,-1,-1
1393,418,919.65,460.98,65.77,31.88,0.3970,4,-1,-1
1394,413,882.60,369.07,60.84,30.77,0.3251,4,-1,-1
1394,418,914.50,467.28,50.63,24.07,0.4513,4,-1,-1
1395,413,887.22,370.06,60.84,30.47,0.3057,5,-1,-1
1395,418,905.25,467.08,49.08,22.90,0.6680,4,-1,-1
1396,413,892.12,370.29,62.09,31.13,0.5641,5,-1,-1
1396,418,896.31,467.20,48.60,22.71,0.6766,4,-1,-1
1397,413,892.11,371.24,56.82,29.33,0.1938,4,-1,-1
1397,418,886.70,465.66,51.68,24.00,0.7684,4,-1,-1
1398,413,894.01,371.63,56.97,29.91,0.2207,5,-1,-1
1398,418,881.27,464.76,52.84,24.31,0.7793,4,-1,-1
1399,413,904.79,371.84,61.43,32.11,0.2429,4,-1,-1
1399,418,873.79,464.05,52.98,24.08,0.8075,4,-1,-1
1400,413,910.02,371.13,65.86,34.40,0.4824,5,-1,-1
1400,418,863.15,463.03,54.20,24.43,0.8026,4,-1,-1
1401,413,914.77,371.91,65.67,34.10,0.4805,5,-1,-1
1401,418,856.17,462.94,53.90,23.97,0.7937,4,-1,-1
1401,403,62.90,342.80,26.56,12.70,0.4980,4,-1,-1
1402,413,923.37,374.54,63.37,32.57,0.4805,5,-1,-1
1402,418,846.97,462.29,54.45,24.11,0.7656,4,-1,-1
1402,403,59.51,342.88,24.92,11.62,0.1836,4,-1,-1
1403,413,929.33,377.37,60.91,30.97,0.4854,4,-1,-1
1403,418,839.39,461.03,55.86,24.61,0.7017,4,-1,-1
1404,413,933.72,376.87,64.35,32.72,0.5361,4,-1,-1
1404,418,829.89,459.69,57.07,25.08,0.6901,4,-1,-1
1405,413,939.60,377.39,66.23,33.62,0.6593,4,-1,-1
1405,418,815.84,457.39,61.02,26.75,0.6234,4,-1,-1
1405,421,1222.20,510.82,91.47,26.03,0.6197,4,-1,-1
1406,413,943.39,378.16,65.12,32.98,0.4388,4,-1,-1
1406,418,807.47,456.04,62.71,27.46,0.6252,4,-1,-1
1406,421,1216.16,509.84,90.36,25.74,0.6809,4,-1,-1
1407,413,949.95,379.00,67.87,34.25,0.5765,4,-1,-1
1407,418,798.15,454.11,65.52,28.86,0.6325,4,-1,-1
1407,421,1201.50,506.89,96.91,27.72,0.6893,4,-1,-1
1407,422,429.59,408.44,40.09,19.96,0.4533,4,-1,-1
1408,413,952.86,378.99,70.77,35.73,0.6379,4,-1,-1
1408,418,790.94,451.73,68.32,30.52,0.5936,4,-1,-1
1408,421,1191.60,505.04,100.76,29.03,0.7520,4,-1,-1
1408,422,429.51,408.46,38.31,19.07,0.4932,4,-1,-1
1409,413,959.50,380.60,72.18,36.51,0.5224,4,-1,-1
1409,418,787.32,452.02,65.11,29.58,0.5020,4,-1,-1
1409,421,1181.04,503.68,100.11,29.06,0.6334,4,-1,-1
1409,422,427.69,408.43,38.91,19.39,0.4727,4,-1,-1
1410,413,965.26,382.14,72.58,36.59,0.6469,4,-1,-1
1410,421,1167.93,501.78,102.83,30.13,0.7162,4,-1,-1
1410,422,424.41,408.10,40.44,20.17,0.4922,4,-1,-1
1411,413,969.58,383.02,73.72,37.14,0.6951,4,-1,-1
1411,421,1161.23,500.68,102.08,30.23,0.7684,4,-1,-1
1411,422,423.14,408.37,40.44,20.20,0.1200,5,-1,-1
1412,413,975.93,383.98,73.89,37.21,0.5784,4,-1,-1
1412,421,1154.04,500.58,96.13,28.70,0.7833,4,-1,-1
1412,422,421.92,408.77,40.07,19.98,0.1023,5,-1,-1
1413,413,980.58,384.63,74.98,37.78,0.4951,4,-1,-1
1413,421,1148.41,500.35,93.23,28.06,0.7614,4,-1,-1
1413,422,421.74,409.15,39.84,19.82,0.1172,5,-1,-1
1414,413,986.73,385.26,76.22,38.47,0.5010,4,-1,-1
1414,421,1139.02,499.33,90.84,27.56,0.7732,4,-1,-1
1414,422,420.26,409.17,40.21,19.98,0.3576,4,-1,-1
1415,413,995.52,387.37,74.79,37.68,0.7106,4,-1,-1
1415,421,1128.32,498.25,89.30,27.37,0.7840,4,-1,-1
1415,422,419.79,409.26,40.69,20.19,0.4168,4,-1,-1
1416,413,1000.44,388.42,72.72,36.43,0.6049,4,-1,-1
1416,421,1120.77,496.87,90.07,27.93,0.7746,4,-1,-1
1416,422,420.36,409.68,38.64,19.14,0.3416,4,-1,-1
1417,413,1008.88,389.86,73.14,36.62,0.5974,4,-1,-1
1417,421,1109.85,494.38,92.32,29.07,0.7780,4,-1,-1
1417,422,419.98,410.14,35.72,17.57,0.3242,4,-1,-1
1418,413,1012.57,390.58,74.96,37.49,0.7074,4,-1,-1
1418,421,1103.83,493.81,89.51,28.53,0.7813,4,-1,-1
1418,422,419.34,410.01,34.47,16.85,0.3268,4,-1,-1
1419,413,1020.49,392.03,75.12,37.63,0.6619,4,-1,-1
1419,421,1094.43,492.78,88.49,28.50,0.8117,4,-1,-1
1419,422,417.99,409.15,33.49,16.23,0.4111,4,-1,-1
1420,413,1027.70,393.28,76.60,38.28,0.7409,4,-1,-1
1420,421,1084.72,491.85,87.84,28.62,0.7820,4,-1,-1
1420,422,415.86,409.21,35.77,17.36,0.3711,4,-1,-1
1421,413,1033.65,394.31,76.86,38.33,0.6215,4,-1,-1
1421,421,1077.61,491.54,86.57,28.56,0.7846,4,-1,-1
1421,422,414.96,409.92,35.47,17.21,0.3132,4,-1,-1
1422,413,1041.36,395.30,77.85,38.89,0.4961,4,-1,-1
1422,421,1069.93,490.26,85.18,28.34,0.7918,4,-1,-1
1422,422,413.85,409.83,35.97,17.47,0.2451,4,-1,-1
1423,413,1047.43,396.33,78.10,39.07,0.5137,4,-1,-1
1423,421,1064.04,489.71,83.21,27.84,0.7899,4,-1,-1
1423,422,412.92,410.43,35.93,17.40,0.1667,4,-1,-1
1423,424,514.03,444.71,48.67,20.92,0.5137,4,-1,-1
1424,413,1055.49,397.78,78.12,39.08,0.6433,4,-1,-1
1424,421,1054.78,488.59,83.55,28.21,0.7905,4,-1,-1
1424,422,411.82,409.44,34.86,16.78,0.1772,4,-1,-1
1424,424,515.94,446.07,45.77,19.68,0.3057,4,-1,-1
1425,413,1063.97,399.13,76.10,38.07,0.7017,4,-1,-1
1425,421,1045.40,487.52,82.44,28.09,0.7899,4,-1,-1
1425,422,410.01,409.44,36.43,17.48,0.2697,4,-1,-1
1426,413,1071.59,400.45,76.38,37.96,0.6680,4,-1,-1
1426,421,1039.28,486.99,80.68,27.62,0.7988,4,-1,-1
1426,422,409.06,409.91,39.07,18.71,0.3200,4,-1,-1
1427,413,1081.69,405.40,72.23,35.39,0.5166,4,-1,-1
1427,421,1030.22,485.82,81.16,28.07,0.8001,4,-1,-1
1427,422,408.08,410.44,39.00,18.63,0.2910,4,-1,-1
1428,413,1083.11,403.40,80.47,39.58,0.5137,4,-1,-1
1428,421,1023.86,484.97,80.67,28.17,0.7976,4,-1,-1
1428,422,407.40,410.89,41.37,19.72,0.2870,4,-1,-1
1429,413,1092.61,404.49,79.51,38.99,0.4092,4,-1,-1
1429,421,1014.96,483.45,81.28,28.63,0.7925,4,-1,-1
1429,422,405.89,410.93,41.02,19.66,0.2705,4,-1,-1
1430,413,1102.07,405.75,80.53,39.40,0.4494,5,-1,-1
1430,421,1005.46,482.22,81.06,28.82,0.8135,4,-1,-1
1430,422,405.98,410.92,39.08,18.71,0.1871,4,-1,-1
1431,413,1107.61,406.50,81.90,40.09,0.6261,5,-1,-1
1431,421,999.17,481.56,79.75,28.58,0.7846,4,-1,-1
1431,422,406.28,410.86,37.21,17.76,0.2330,4,-1,-1
1432,413,1115.78,407.24,83.82,41.13,0.5351,5,-1,-1
1432,421,992.88,480.50,78.67,28.58,0.7698,4,-1,-1
1432,422,404.65,410.64,37.36,17.87,0.1871,4,-1,-1
1433,413,1122.51,408.08,84.57,41.46,0.5467,5,-1,-1
1433,421,986.74,479.36,78.65,28.94,0.7356,4,-1,-1
1433,422,403.09,410.70,37.77,18.12,0.1689,4,-1,-1
1434,413,1130.76,409.10,84.37,41.32,0.5166,4,-1,-1
1434,421,975.58,476.78,82.30,30.78,0.7001,4,-1,-1
1434,422,401.88,410.87,37.34,17.95,0.1375,4,-1,-1
1435,413,1141.45,410.68,83.90,41.11,0.7454,4,-1,-1
1435,421,965.09,474.04,85.27,32.54,0.6379,4,-1,-1
1435,422,400.42,411.21,37.90,18.27,0.1767,4,-1,-1
1436,413,1149.47,411.81,84.02,41.02,0.7988,4,-1,-1
1436,421,958.91,471.95,86.01,33.59,0.6307,4,-1,-1
1436,422,399.60,411.44,37.92,18.34,0.1525,4,-1,-1
1437,413,1159.11,412.77,85.55,41.75,0.8164,4,-1,-1
1437,421,950.17,471.39,85.46,34.00,0.7154,4,-1,-1
1437,422,398.33,411.76,38.17,18.42,0.1437,4,-1,-1
1438,413,1165.53,413.74,85.75,41.75,0.8081,4,-1,-1
1438,421,946.91,470.81,83.04,33.73,0.7542,4,-1,-1
1438,422,398.18,411.89,38.47,18.49,0.2561,4,-1,-1
1439,413,1175.72,415.74,86.36,41.93,0.8062,4,-1,-1
1439,421,940.09,471.04,79.72,32.78,0.7356,4,-1,-1
1439,422,397.69,412.36,37.60,17.95,0.2705,4,-1,-1
1440,413,1185.91,417.65,86.70,42.03,0.7186,4,-1,-1
1440,421,934.03,472.49,73.63,30.36,0.7058,4,-1,-1
1440,422,395.31,411.55,38.98,18.62,0.1362,4,-1,-1
1441,413,1194.16,418.82,87.02,42.07,0.7879,4,-1,-1
1441,421,929.27,472.24,70.33,28.96,0.6910,4,-1,-1
1441,422,397.32,411.72,39.67,18.46,0.2975,4,-1,-1
1442,413,1203.83,419.22,88.83,42.85,0.5756,4,-1,-1
1442,421,921.44,471.75,67.34,27.91,0.4961,4,-1,-1
1442,422,394.41,411.71,38.83,18.00,0.3057,5,-1,-1
1443,413,1211.85,419.85,89.49,43.05,0.7527,4,-1,-1
1443,421,917.37,471.04,66.61,27.90,0.3311,4,-1,-1
1443,422,392.94,411.56,39.03,18.09,0.3074,4,-1,-1
1443,426,96.94,381.12,37.89,19.13,0.5651,4,-1,-1
1444,413,1222.27,421.36,90.52,43.29,0.7879,4,-1,-1
1444,421,907.97,470.11,66.50,28.59,0.5477,4,-1,-1
1444,422,392.95,411.99,37.60,17.31,0.1213,5,-1,-1
1444,426,92.93,380.37,38.15,19.28,0.5029,4,-1,-1
1445,413,1233.14,421.82,93.53,44.65,0.8069,4,-1,-1
1445,421,893.63,466.82,73.00,31.62,0.6252,4,-1,-1
1445,422,394.54,411.76,35.80,16.44,0.4446,4,-1,-1
1445,426,89.67,379.58,38.07,19.26,0.4815,4,-1,-1
1446,413,1242.56,423.33,93.21,44.24,0.7957,4,-1,-1
1446,421,890.32,466.26,72.94,31.88,0.5804,4,-1,-1
1446,422,395.35,411.60,34.80,15.90,0.4893,4,-1,-1
1446,426,87.71,379.48,37.35,18.92,0.4552,4,-1,-1
1447,413,1254.76,425.47,94.39,44.61,0.7506,4,-1,-1
1447,421,889.67,465.45,70.29,31.23,0.4206,4,-1,-1
1447,422,395.60,411.48,34.31,15.53,0.5496,4,-1,-1
1447,426,84.25,378.44,37.39,18.99,0.3558,5,-1,-1
1448,413,1263.46,427.50,95.29,44.83,0.7969,4,-1,-1
1448,421,887.46,465.13,67.35,30.32,0.3803,4,-1,-1
1448,422,395.65,411.54,33.99,15.23,0.5302,4,-1,-1
1448,426,81.32,377.08,38.00,19.37,0.4225,4,-1,-1
1449,413,1275.80,428.75,96.65,45.38,0.7387,4,-1,-1
1449,421,879.04,464.09,67.31,30.33,0.4834,4,-1,-1
1449,422,395.44,411.43,34.58,15.39,0.4756,4,-1,-1
1449,426,78.53,376.25,37.83,19.30,0.4111,5,-1,-1
1450,413,1289.45,430.46,97.49,45.61,0.7853,4,-1,-1
1450,421,871.84,467.72,56.93,25.45,0.5689,4,-1,-1
1450,422,395.85,411.32,33.67,14.84,0.3711,4,-1,-1
1450,426,75.20,375.55,37.92,19.38,0.5039,4,-1,-1
1451,413,1298.40,431.64,97.45,45.43,0.8245,4,-1,-1
1451,421,864.92,468.60,54.06,24.24,0.6289,4,-1,-1
1451,422,395.33,411.45,34.93,15.32,0.4254,4,-1,-1
1451,426,73.42,375.31,37.05,18.99,0.4494,4,-1,-1
1452,413,1311.53,433.39,96.83,44.88,0.8322,4,-1,-1
1452,421,858.17,466.86,56.58,25.40,0.7066,4,-1,-1
1452,422,394.36,411.70,37.50,16.49,0.4465,4,-1,-1
1452,426,69.81,374.48,38.19,19.68,0.6868,4,-1,-1
1453,413,1320.54,434.71,96.97,44.76,0.7621,4,-1,-1
1453,421,851.79,466.57,55.43,25.06,0.7454,4,-1,-1
1453,422,393.30,411.71,40.05,17.75,0.4834,4,-1,-1
1453,426,67.71,373.79,38.31,19.88,0.6968,4,-1,-1
1454,413,1333.46,436.54,99.12,45.57,0.8322,4,-1,-1
1454,421,845.74,466.51,53.82,24.32,0.7950,4,-1,-1
1454,422,392.19,411.78,41.85,18.69,0.4873,4,-1,-1
1454,426,64.78,372.67,38.74,20.25,0.7527,4,-1,-1
1455,413,1348.19,438.44,100.95,46.28,0.8311,4,-1,-1
1455,421,840.05,465.46,55.73,24.98,0.8038,4,-1,-1
1455,422,390.60,411.83,43.34,19.52,0.4301,4,-1,-1
1455,426,61.48,371.36,38.77,20.42,0.7409,4,-1,-1
1455,429,21.23,404.54,39.97,42.85,0.6243,5,-1,-1
1456,413,1358.16,439.66,101.92,46.46,0.8199,4,-1,-1
1456,421,835.97,464.60,57.68,25.61,0.7937,4,-1,-1
1456,422,391.65,411.99,40.61,18.26,0.3469,4,-1,-1
1456,426,59.75,371.24,37.29,19.68,0.7318,4,-1,-1
1456,429,21.75,404.71,40.39,43.27,0.5946,5,-1,-1
1457,413,1371.89,440.71,103.39,47.01,0.8366,4,-1,-1
1457,421,830.50,463.78,59.41,25.95,0.8170,4,-1,-1
1457,422,391.83,411.95,40.61,18.33,0.3803,4,-1,-1
1457,426,56.29,370.18,37.39,19.88,0.7469,4,-1,-1
1457,429,23.56,405.17,40.64,43.49,0.5078,5,-1,-1
1458,413,1381.97,441.71,104.10,47.16,0.8311,4,-1,-1
1458,421,825.94,463.19,61.19,26.45,0.7950,4,-1,-1
1458,422,392.87,411.68,38.91,17.55,0.4017,4,-1,-1
1458,426,54.06,369.58,37.11,19.84,0.7670,4,-1,-1
1458,429,24.78,405.90,40.70,43.47,0.2744,9,-1,-1
1459,413,1394.52,442.87,107.11,48.49,0.8418,4,-1,-1
1459,421,819.15,462.72,61.74,26.43,0.7988,4,-1,-1
1459,422,392.29,411.59,40.01,18.15,0.3612,4,-1,-1
1459,426,51.45,369.19,36.40,19.50,0.7162,4,-1,-1
1459,429,24.50,405.76,42.16,44.80,0.3849,5,-1,-1
1459,430,311.41,418.95,43.79,17.69,0.5263,4,-1,-1
1460,413,1410.10,445.28,107.70,48.66,0.8164,4,-1,-1
1460,421,811.99,461.96,62.27,26.56,0.8001,4,-1,-1
1460,422,391.95,411.60,40.46,18.44,0.3549,4,-1,-1
1460,426,48.39,368.58,36.43,19.62,0.7241,4,-1,-1
1460,429,25.40,405.99,42.71,45.08,0.4707,5,-1,-1
1460,430,306.88,418.44,44.57,18.08,0.4776,4,-1,-1
1461,413,1419.87,446.48,109.55,49.46,0.8199,4,-1,-1
1461,421,807.60,461.77,61.72,26.18,0.8038,4,-1,-1
1461,422,392.17,411.68,40.23,18.39,0.3416,4,-1,-1
1461,426,46.30,368.16,35.88,19.47,0.7424,4,-1,-1
1461,429,26.51,405.76,43.46,45.70,0.3032,6,-1,-1
1461,430,302.79,417.85,44.81,18.31,0.4225,4,-1,-1
1461,431,390.39,432.88,48.44,18.81,0.5000,4,-1,-1
1462,413,1435.21,448.07,109.68,49.47,0.8199,4,-1,-1
1462,421,801.47,461.15,61.93,26.26,0.7705,4,-1,-1
1462,422,392.99,411.65,39.79,18.25,0.2886,4,-1,-1
1462,426,43.09,367.38,35.48,19.27,0.7287,4,-1,-1
1462,429,27.64,406.44,43.27,44.91,0.4111,5,-1,-1
1462,430,298.21,415.94,46.00,19.09,0.3099,4,-1,-1
1462,431,388.10,432.60,47.86,18.61,0.4639,4,-1,-1
1463,413,1445.13,449.48,110.57,49.92,0.8117,4,-1,-1
1463,421,796.73,461.08,61.21,25.87,0.7628,4,-1,-1
1463,422,393.08,411.64,40.39,18.62,0.3032,4,-1,-1
1463,426,41.53,367.10,35.54,19.27,0.7130,4,-1,-1
1463,429,28.09,407.39,43.38,44.41,0.2878,6,-1,-1
1463,430,287.43,414.66,48.17,20.06,0.4177,4,-1,-1
1463,431,386.84,432.95,46.00,17.93,0.3886,4,-1,-1
1464,413,1460.22,452.09,111.32,50.24,0.7994,4,-1,-1
1464,421,789.76,460.33,62.00,26.17,0.7225,4,-1,-1
1464,422,393.51,411.69,39.45,18.23,0.3049,4,-1,-1
1464,426,38.79,366.21,35.53,19.29,0.7272,4,-1,-1
1464,429,27.76,405.53,45.60,46.19,0.4620,6,-1,-1
1464,430,277.79,414.01,49.07,20.48,0.1242,4,-1,-1
1465,413,1475.32,453.70,113.26,51.12,0.8300,4,-1,-1
1465,421,783.96,459.45,61.76,26.20,0.6876,4,-1,-1
1465,422,393.66,411.61,39.46,18.28,0.3381,4,-1,-1
1465,426,36.13,365.44,34.69,18.88,0.7424,4,-1,-1
1465,429,29.14,406.77,45.63,45.55,0.4980,6,-1,-1
1465,430,270.84,413.28,50.35,20.99,0.1067,4,-1,-1
1465,432,426.93,379.57,22.48,17.72,0.4552,4,-1,-1
1466,413,1487.39,455.16,114.04,51.48,0.8289,4,-1,-1
1466,421,779.66,458.89,61.50,26.22,0.6749,4,-1,-1
1466,422,393.86,411.67,38.63,17.89,0.3460,4,-1,-1
1466,426,34.16,364.78,34.35,18.65,0.7334,4,-1,-1
1466,429,28.83,406.12,47.23,46.45,0.5545,6,-1,-1
1466,432,427.41,379.97,21.79,17.17,0.5137,4,-1,-1
1467,413,1502.67,457.24,116.07,52.38,0.7786,4,-1,-1
1467,421,770.25,457.40,63.79,27.24,0.6558,4,-1,-1
1467,422,392.83,412.08,40.13,18.70,0.3831,4,-1,-1
1467,426,31.39,363.82,34.19,18.54,0.7130,4,-1,-1
1467,429,30.61,408.52,46.21,44.48,0.2705,5,-1,-1
1467,432,427.42,379.94,21.90,17.18,0.4388,4,-1,-1
1468,413,1513.54,458.50,117.78,53.16,0.8187,4,-1,-1
1468,421,764.25,456.19,65.12,27.95,0.6215,4,-1,-1
1468,422,392.60,412.24,40.26,18.85,0.3803,4,-1,-1
1468,426,29.72,363.30,34.11,18.49,0.7066,4,-1,-1
1468,429,31.76,409.11,46.82,44.30,0.3886,5,-1,-1
1468,432,427.64,380.04,21.81,16.99,0.4026,4,-1,-1
1469,413,1528.80,460.75,119.33,53.94,0.8056,4,-1,-1
1469,421,758.74,453.72,67.05,29.26,0.6049,4,-1,-1
1469,422,391.72,412.19,41.50,19.56,0.4111,4,-1,-1
1469,426,26.79,362.47,34.39,18.64,0.6901,4,-1,-1
1469,429,31.13,409.03,48.43,44.74,0.3486,5,-1,-1
1469,432,430.50,380.93,21.13,16.18,0.3989,4,-1,-1
1469,430,251.73,409.06,53.28,22.46,0.5593,4,-1,-1
1470,413,1546.85,462.59,119.05,53.59,0.7746,4,-1,-1
1470,421,755.47,453.15,65.08,29.02,0.4863,4,-1,-1
1470,422,391.53,412.15,41.50,19.64,0.4455,4,-1,-1
1470,426,23.96,362.01,33.80,18.25,0.6935,4,-1,-1
1470,429,29.61,408.77,50.99,45.88,0.5448,6,-1,-1
1470,432,431.12,381.35,21.07,15.86,0.4007,4,-1,-1
1470,430,251.97,408.38,51.54,22.06,0.4707,4,-1,-1
1471,413,1558.81,464.84,119.22,53.48,0.7918,4,-1,-1
1471,421,747.24,450.56,69.57,31.53,0.1451,4,-1,-1
1471,422,391.80,412.20,41.46,19.64,0.5283,4,-1,-1
1471,426,21.88,361.57,33.91,18.29,0.7114,4,-1,-1
1471,429,30.37,409.11,51.98,45.72,0.4980,6,-1,-1
1471,432,428.27,381.32,21.89,16.14,0.2309,4,-1,-1
1471,430,248.91,406.19,53.05,23.04,0.5727,4,-1,-1
1472,413,1575.34,466.21,121.20,54.21,0.8256,4,-1,-1
1472,422,392.13,412.25,41.18,19.52,0.5263,4,-1,-1
1472,426,19.34,360.86,33.95,18.30,0.7599,4,-1,-1
1472,429,30.43,409.01,53.80,46.09,0.6002,6,-1,-1
1472,432,429.30,381.65,21.44,15.48,0.2268,4,-1,-1
1472,430,242.88,404.72,53.40,23.53,0.2302,4,-1,-1
1472,433,313.51,427.97,53.87,20.16,0.4961,4,-1,-1
1473,413,1587.61,467.89,121.83,54.19,0.8256,4,-1,-1
1473,422,392.23,412.31,41.09,19.48,0.5156,4,-1,-1
1473,426,16.99,360.00,34.63,18.71,0.7739,4,-1,-1
1473,429,30.30,409.29,55.06,45.89,0.6261,6,-1,-1
1473,432,429.60,381.62,21.30,15.02,0.2365,4,-1,-1
1473,430,238.22,404.05,52.97,23.66,0.1375,6,-1,-1
1473,433,309.47,425.91,55.32,20.75,0.5689,4,-1,-1
1473,434,393.70,382.68,31.97,16.26,0.5088,4,-1,-1
1474,413,1603.58,470.05,124.18,55.17,0.8322,4,-1,-1
1474,422,393.30,412.03,38.94,18.40,0.4620,4,-1,-1
1474,426,14.68,358.80,35.01,19.07,0.6935,4,-1,-1
1474,429,30.13,409.37,57.13,46.18,0.6567,6,-1,-1
1474,432,428.50,381.70,21.03,14.68,0.2531,4,-1,-1
1474,433,309.12,425.36,52.70,19.84,0.3748,4,-1,-1
1474,434,393.03,382.90,31.67,16.09,0.5516,4,-1,-1
1475,413,1621.60,471.95,127.62,56.71,0.8278,4,-1,-1
1475,422,393.54,411.92,38.43,18.13,0.4746,4,-1,-1
1475,426,11.85,357.61,34.19,18.88,0.4873,4,-1,-1
1475,429,28.95,408.76,60.06,47.11,0.7520,6,-1,-1
1475,432,428.71,381.98,21.56,14.82,0.2666,4,-1,-1
1475,433,308.46,425.94,48.45,18.32,0.3303,4,-1,-1
1475,434,391.12,382.30,32.89,16.70,0.4707,4,-1,-1
1476,413,1633.39,473.47,130.96,58.40,0.7944,4,-1,-1
1476,422,393.30,411.86,38.76,18.26,0.4990,4,-1,-1
1476,426,9.87,356.87,34.05,19.03,0.4737,4,-1,-1
1476,429,27.83,408.52,62.48,47.69,0.7705,6,-1,-1
1476,432,428.41,381.74,22.06,14.96,0.2621,4,-1,-1
1476,433,305.19,425.20,47.84,18.23,0.2744,4,-1,-1
1476,434,390.33,381.88,33.85,17.14,0.4727,4,-1,-1
1477,413,1650.88,475.50,131.93,58.94,0.7592,4,-1,-1
1477,422,392.42,412.45,39.84,18.79,0.4815,4,-1,-1
1477,426,8.03,356.61,33.86,19.11,0.6289,4,-1,-1
1477,429,27.21,408.38,64.86,48.24,0.7549,6,-1,-1
1477,432,426.35,380.73,22.12,15.11,0.2983,4,-1,-1
1477,433,298.45,422.88,48.23,18.57,0.1624,4,-1,-1
1477,434,390.16,381.40,34.64,17.48,0.3849,4,-1,-1
1478,413,1664.60,477.90,132.51,59.20,0.7840,4,-1,-1
1478,422,392.20,412.69,40.01,18.87,0.4562,4,-1,-1
1478,426,6.81,356.74,32.75,18.60,0.7210,4,-1,-1
1478,429,26.79,408.44,66.74,48.43,0.7759,6,-1,-1
1478,432,425.86,380.58,22.13,15.26,0.3149,4,-1,-1
1478,433,287.58,419.59,51.99,20.21,0.1848,4,-1,-1
1478,434,389.91,381.34,34.92,17.54,0.2870,4,-1,-1
1478,435,174.15,411.68,41.52,18.63,0.5302,4,-1,-1
1479,413,1680.81,478.89,136.84,61.34,0.7476,4,-1,-1
1479,422,391.96,412.78,40.33,19.02,0.4922,4,-1,-1
1479,426,7.58,356.59,30.92,18.00,0.5341,4,-1,-1
1479,429,26.93,408.64,68.19,48.23,0.7535,6,-1,-1
1479,432,424.45,379.50,23.28,16.22,0.2524,4,-1,-1
1479,433,278.98,419.32,52.94,20.61,0.3183,4,-1,-1
1479,434,388.92,380.79,36.30,18.19,0.3217,4,-1,-1
1480,413,1703.50,482.78,132.73,59.21,0.5832,4,-1,-1
1480,422,391.50,412.78,40.85,19.29,0.5156,4,-1,-1
1480,426,8.66,357.53,27.53,16.37,0.5917,4,-1,-1
1480,429,27.62,408.80,69.91,48.34,0.7732,6,-1,-1
1480,432,424.16,379.76,23.40,16.41,0.2006,4,-1,-1
1480,433,271.13,417.42,54.84,21.45,0.1807,4,-1,-1
1480,434,388.60,380.57,37.03,18.47,0.4292,4,-1,-1
1481,413,1719.00,485.36,130.38,57.83,0.8129,4,-1,-1
1481,422,391.12,412.78,41.25,19.49,0.5224,4,-1,-1
1481,426,8.22,356.91,26.87,16.43,0.5078,4,-1,-1
1481,429,28.17,408.70,71.42,48.44,0.7718,6,-1,-1
1481,432,423.98,379.88,23.77,16.68,0.1801,4,-1,-1
1481,433,264.44,418.41,50.81,19.91,0.1343,4,-1,-1
1481,434,388.04,380.40,37.54,18.67,0.4581,4,-1,-1
1482,413,1738.53,488.27,131.08,57.87,0.8222,4,-1,-1
1482,422,390.84,412.78,41.62,19.67,0.5156,4,-1,-1
1482,426,2.67,355.51,27.41,16.75,0.5127,4,-1,-1
1482,429,27.97,408.17,73.99,49.30,0.7170,6,-1,-1
1482,432,423.75,380.22,24.64,17.11,0.1164,4,-1,-1
1482,433,258.00,416.27,51.41,20.27,0.2268,4,-1,-1
1482,434,387.17,379.84,39.16,19.50,0.3684,5,-1,-1
1483,413,1752.42,490.32,132.20,58.07,0.7840,4,-1,-1
1483,422,390.61,412.76,41.77,19.72,0.4941,4,-1,-1
1483,426,0.01,354.21,28.29,17.36,0.6343,4,-1,-1
1483,429,28.05,408.21,75.45,49.34,0.7461,6,-1,-1
1483,432,423.86,380.74,25.05,17.12,0.1209,4,-1,-1
1483,433,254.72,416.36,50.61,20.03,0.1999,4,-1,-1
1483,434,386.82,379.58,39.85,19.87,0.3684,5,-1,-1
1484,413,1771.10,492.21,135.51,59.46,0.6976,4,-1,-1
1484,422,390.48,412.76,41.79,19.74,0.5039,4,-1,-1
1484,426,-1.42,354.00,27.48,17.02,0.3858,4,-1,-1
1484,429,27.37,408.18,78.20,50.16,0.6334,6,-1,-1
1484,433,243.34,412.39,58.50,23.32,0.2651,4,-1,-1
1484,434,387.25,379.85,39.08,19.46,0.3311,5,-1,-1
1485,413,1789.25,495.53,133.06,58.57,0.7994,4,-1,-1
1485,422,390.40,412.78,41.77,19.71,0.4854,4,-1,-1
1485,426,-4.07,352.24,27.47,17.60,0.4922,4,-1,-1
1485,429,27.15,407.73,80.83,50.98,0.6406,6,-1,-1
1485,433,242.27,412.83,55.26,21.98,0.1427,4,-1,-1
1485,434,387.19,380.24,38.34,19.00,0.2838,4,-1,-1
1486,413,1800.80,498.53,127.98,56.68,0.7635,4,-1,-1
1486,422,390.70,412.83,42.13,19.90,0.3914,4,-1,-1
1486,426,-5.17,351.30,26.93,17.90,0.4187,4,-1,-1
1486,429,28.39,407.81,81.77,50.86,0.6843,6,-1,-1
1486,433,239.70,411.58,53.26,21.31,0.4513,4,-1,-1
1486,434,387.52,380.85,37.76,18.60,0.3381,4,-1,-1
1486,430,186.54,395.99,42.97,19.46,0.5804,4,-1,-1
1487,413,1812.46,500.24,124.85,56.67,0.6993,4,-1,-1
1487,422,390.85,412.79,42.45,20.06,0.3895,4,-1,-1
1487,426,-5.65,350.17,26.81,18.53,0.3303,4,-1,-1
1487,429,28.04,407.94,84.59,51.82,0.6021,6,-1,-1
1487,433,235.21,411.40,51.49,20.81,0.4815,4,-1,-1
1487,434,387.21,381.04,37.66,18.48,0.3390,4,-1,-1
1487,430,182.82,395.53,42.08,18.90,0.4941,4,-1,-1
1488,413,1820.69,501.14,123.01,57.78,0.5273,4,-1,-1
1488,422,391.33,412.27,42.33,20.03,0.3905,4,-1,-1
1488,426,-5.31,350.17,24.33,17.47,0.4854,4,-1,-1
1488,429,27.04,407.94,86.50,52.09,0.5946,6,-1,-1
1488,433,233.71,411.95,48.68,19.94,0.5574,4,-1,-1
1488,434,386.82,380.87,37.87,18.49,0.2783,5,-1,-1
1488,430,180.23,394.72,42.07,18.95,0.4902,4,-1,-1
1489,422,391.38,411.95,41.95,19.89,0.3794,4,-1,-1
1489,429,28.18,408.39,87.37,51.78,0.6058,6,-1,-1
1489,433,227.84,410.78,48.06,19.87,0.5574,4,-1,-1
1489,434,385.05,380.72,38.52,18.62,0.3794,5,-1,-1
1489,430,176.23,393.81,42.59,19.31,0.6307,4,-1,-1
1490,422,390.82,412.36,42.00,19.92,0.3895,4,-1,-1
1490,429,43.05,411.95,81.45,48.88,0.5794,6,-1,-1
1490,433,221.25,410.26,47.47,19.68,0.5380,4,-1,-1
1490,434,385.73,381.67,36.99,17.62,0.3576,4,-1,-1
1490,430,172.70,392.68,41.51,18.70,0.5458,4,-1,-1
1491,422,390.79,411.90,42.25,20.09,0.4168,4,-1,-1
1491,429,50.19,413.78,78.14,47.41,0.6280,6,-1,-1
1491,433,215.18,409.40,48.36,20.09,0.5727,4,-1,-1
1491,434,384.98,381.26,37.97,17.93,0.3486,4,-1,-1
1491,430,170.37,391.41,41.47,18.71,0.6011,4,-1,-1
1492,422,390.76,411.63,42.31,20.16,0.3803,4,-1,-1
1492,429,51.89,413.10,79.15,48.45,0.6758,6,-1,-1
1492,433,209.75,407.60,49.56,20.76,0.6783,4,-1,-1
1492,434,384.53,381.65,37.46,17.56,0.3933,4,-1,-1
1492,430,166.06,388.92,43.80,20.10,0.7334,4,-1,-1
1492,438,109.38,399.52,50.97,21.21,0.5029,4,-1,-1
1493,422,390.80,411.64,42.34,20.22,0.3693,4,-1,-1
1493,429,53.95,413.74,77.99,48.05,0.6740,6,-1,-1
1493,433,206.09,407.39,49.75,20.93,0.6307,4,-1,-1
1493,434,385.46,382.10,36.67,17.13,0.3486,4,-1,-1
1493,430,164.12,388.39,43.23,20.07,0.6935,4,-1,-1
1493,438,109.96,399.15,45.51,18.92,0.4815,4,-1,-1
1494,422,390.90,411.57,42.44,20.32,0.4083,4,-1,-1
1494,429,57.60,416.45,73.99,45.42,0.5622,6,-1,-1
1494,433,202.19,406.18,50.92,21.36,0.6252,4,-1,-1
1494,434,384.97,381.23,37.94,17.74,0.2659,4,-1,-1
1494,430,159.56,386.14,45.69,21.69,0.5765,4,-1,-1
1494,438,104.77,397.17,47.54,19.83,0.3460,4,-1,-1
1495,422,390.78,411.53,42.34,20.31,0.4484,4,-1,-1
1495,429,65.10,423.55,64.46,38.91,0.6039,6,-1,-1
1495,433,196.22,405.89,49.19,20.65,0.6868,4,-1,-1
1495,434,384.31,380.90,38.24,17.86,0.3234,4,-1,-1
1495,430,155.57,385.68,44.68,21.32,0.6918,4,-1,-1
1495,438,102.63,395.87,46.28,19.33,0.2451,4,-1,-1
1495,439,49.58,418.00,91.19,43.63,0.4961,6,-1,-1
1496,422,390.60,411.57,42.42,20.38,0.4475,4,-1,-1
1496,429,68.86,428.10,59.04,34.77,0.5564,6,-1,-1
1496,433,191.51,405.19,48.68,20.52,0.7162,4,-1,-1
1496,434,384.53,381.04,37.74,17.66,0.3558,4,-1,-1
1496,430,152.48,385.64,42.74,20.45,0.7017,4,-1,-1
1496,438,97.65,394.45,50.93,21.35,0.2069,4,-1,-1
1496,439,50.66,418.12,90.57,43.46,0.2926,6,-1,-1
1497,422,389.76,411.97,43.02,20.69,0.4620,4,-1,-1
1497,429,73.03,430.65,56.01,32.18,0.3567,6,-1,-1
1497,433,184.86,403.39,48.69,20.88,0.7424,4,-1,-1
1497,434,384.68,380.50,38.49,18.07,0.2798,4,-1,-1
1497,430,150.63,386.14,39.09,18.58,0.7114,4,-1,-1
1497,438,91.74,393.02,50.84,21.50,0.3905,4,-1,-1
1497,439,51.95,418.84,89.58,43.13,0.1056,6,-1,-1
1497,440,1498.93,564.55,99.26,34.18,0.6280,4,-1,-1
1498,422,390.07,411.96,42.60,20.55,0.4397,4,-1,-1
1498,429,74.32,431.16,56.72,31.79,0.3442,6,-1,-1
1498,433,181.74,402.46,47.36,20.57,0.7424,4,-1,-1
1498,434,384.11,380.44,37.87,17.93,0.3242,4,-1,-1
1498,430,147.36,385.47,39.62,18.71,0.7287,4,-1,-1
1498,438,87.85,391.86,51.42,21.96,0.4158,4,-1,-1
1498,439,63.47,426.08,74.95,36.05,0.2783,5,-1,-1
1498,440,1490.35,564.28,97.73,33.65,0.5438,4,-1,-1
1499,422,389.90,411.96,42.93,20.79,0.4455,4,-1,-1
1499,429,76.14,431.12,58.44,32.05,0.3549,6,-1,-1
1499,433,178.41,401.70,45.91,20.10,0.7513,4,-1,-1
1499,434,384.41,381.15,35.78,17.02,0.3486,4,-1,-1
1499,430,144.16,385.57,38.33,17.99,0.6505,4,-1,-1
1499,438,86.20,392.17,48.00,20.58,0.5107,4,-1,-1
1499,439,69.34,428.55,71.29,34.29,0.2480,9,-1,-1
1499,440,1472.67,560.28,97.94,33.72,0.7705,4,-1,-1
1500,422,389.85,411.91,43.33,21.09,0.4158,4,-1,-1
1500,429,77.62,430.78,61.07,32.91,0.3702,9,-1,-1
1500,433,173.70,400.67,45.92,20.23,0.7272,4,-1,-1
1500,434,383.72,381.95,34.00,16.34,0.3140,4,-1,-1
1500,430,141.13,384.39,38.13,17.84,0.6663,4,-1,-1
1500,438,83.05,390.99,47.98,20.76,0.2394,4,-1,-1
1500,439,72.97,430.58,69.26,33.24,0.3183,6,-1,-1
1500,440,1452.82,556.42,100.34,34.63,0.7879,4,-1,-1
1501,422,389.58,411.79,43.72,21.33,0.3840,4,-1,-1
1501,429,80.88,430.90,61.34,32.75,0.2444,5,-1,-1
1501,433,170.08,399.79,46.31,20.59,0.7379,4,-1,-1
1501,434,381.51,382.09,34.35,16.47,0.3040,4,-1,-1
1501,430,137.67,383.19,37.71,17.59,0.5670,4,-1,-1
1501,438,80.38,390.10,48.18,21.04,0.2644,4,-1,-1
1501,439,74.66,430.95,68.99,33.05,0.3585,6,-1,-1
1501,440,1440.34,554.33,100.91,34.89,0.8032,4,-1,-1
1502,422,389.67,411.77,43.59,21.31,0.3657,4,-1,-1
1502,429,82.53,431.04,61.34,32.39,0.2583,5,-1,-1
1502,433,166.54,398.90,45.55,20.53,0.7454,4,-1,-1
1502,434,381.67,382.28,33.20,16.14,0.3398,4,-1,-1
1502,430,133.03,382.26,38.14,17.93,0.6067,4,-1,-1
1502,438,78.33,389.17,43.76,19.10,0.5049,4,-1,-1
1502,439,73.15,426.98,76.55,36.93,0.4017,6,-1,-1
1502,440,1424.57,552.14,100.47,34.86,0.7918,4,-1,-1
1503,422,389.46,411.72,43.80,21.46,0.3961,4,-1,-1
1503,429,92.40,431.15,59.21,32.16,0.1700,5,-1,-1
1503,433,164.06,398.69,43.97,19.93,0.7066,4,-1,-1
1503,434,381.05,382.34,32.77,16.09,0.3886,4,-1,-1
1503,430,129.82,381.61,38.80,18.39,0.6011,4,-1,-1
1503,438,77.10,388.54,40.29,17.47,0.3585,4,-1,-1
1503,439,76.50,429.42,71.37,34.41,0.4523,6,-1,-1
1503,440,1411.81,549.79,102.90,35.86,0.7853,4,-1,-1
1504,422,389.56,411.70,43.30,21.26,0.4244,4,-1,-1
1504,433,159.54,397.23,43.05,19.56,0.6775,4,-1,-1
1504,434,377.61,382.49,33.00,16.15,0.2958,4,-1,-1
1504,430,127.27,380.41,39.20,18.52,0.5974,4,-1,-1
1504,438,72.28,388.94,42.10,18.17,0.4659,4,-1,-1
1504,439,65.48,419.55,91.10,44.86,0.4036,6,-1,-1
1504,440,1401.86,547.90,100.55,35.40,0.7969,4,-1,-1
1505,422,389.86,411.76,42.33,20.77,0.4591,4,-1,-1
1505,433,154.94,396.38,43.17,19.79,0.6584,4,-1,-1
1505,434,378.15,382.30,31.92,15.77,0.3868,4,-1,-1
1505,430,123.53,378.90,40.49,19.16,0.2451,6,-1,-1
1505,438,69.15,388.44,41.44,17.82,0.3675,4,-1,-1
1505,439,61.52,415.22,97.63,49.10,0.2309,6,-1,-1
1505,440,1381.27,542.93,108.82,38.95,0.6225,4,-1,-1
1506,422,390.02,411.75,41.82,20.50,0.4455,4,-1,-1
1506,433,151.73,395.75,41.76,19.11,0.6252,4,-1,-1
1506,434,375.20,381.88,32.74,16.08,0.4036,4,-1,-1
1506,430,121.10,377.35,41.21,19.57,0.5224,4,-1,-1
1506,438,67.65,388.17,40.39,17.29,0.3381,4,-1,-1
1506,439,70.19,421.20,86.04,43.39,0.2031,6,-1,-1
1506,440,1376.98,542.41,102.36,37.31,0.6289,4,-1,-1
1507,422,389.77,411.74,42.29,20.74,0.4282,4,-1,-1
1507,433,145.95,394.24,43.00,19.73,0.7130,4,-1,-1
1507,434,369.26,381.31,34.63,16.57,0.4263,4,-1,-1
1507,430,117.06,376.00,41.95,20.06,0.5917,4,-1,-1
1507,438,63.86,387.40,40.88,17.52,0.3868,4,-1,-1
1507,439,66.44,415.25,97.01,49.89,0.5737,6,-1,-1
1507,440,1355.29,537.64,109.30,40.57,0.5146,4,-1,-1
1508,422,389.29,411.92,42.54,20.81,0.4388,4,-1,-1
1508,433,143.98,393.94,41.88,19.21,0.6732,4,-1,-1
1508,434,365.36,380.85,36.25,16.80,0.4610,4,-1,-1
1508,430,114.80,375.64,41.58,19.94,0.5185,4,-1,-1
1508,438,63.36,386.62,38.99,16.70,0.3794,4,-1,-1
1508,439,67.74,413.80,97.57,50.94,0.4359,6,-1,-1
1508,440,1356.12,538.06,100.13,38.13,0.3460,4,-1,-1
1509,422,389.73,411.84,42.36,20.72,0.4311,4,-1,-1
1509,433,140.92,393.65,39.62,18.01,0.6433,4,-1,-1
1509,434,363.62,381.15,36.79,16.56,0.4330,4,-1,-1
1509,430,113.18,376.15,38.00,18.05,0.4941,4,-1,-1
1509,438,61.54,385.54,37.42,16.03,0.2365,4,-1,-1
1509,439,72.25,416.01,93.36,49.11,0.1380,6,-1,-1
1510,422,390.23,411.61,41.80,20.40,0.4235,4,-1,-1
1510,433,135.88,392.85,39.56,17.96,0.6011,4,-1,-1
1510,434,362.58,381.13,37.81,16.72,0.3433,4,-1,-1
1510,430,110.53,376.36,34.93,16.42,0.5525,4,-1,-1
1510,438,58.14,384.38,37.29,16.10,0.1437,4,-1,-1
1510,439,75.05,416.78,91.91,48.74,0.1895,6,-1,-1
1511,422,389.74,411.73,42.87,20.95,0.4121,4,-1,-1
1511,433,131.89,390.95,40.90,18.69,0.6234,4,-1,-1
1511,434,360.69,381.03,39.23,17.02,0.3363,4,-1,-1
1511,430,108.19,375.57,34.43,16.07,0.5107,4,-1,-1
1511,439,77.23,417.84,90.03,48.02,0.3174,6,-1,-1
1512,422,389.33,411.73,43.67,21.38,0.4340,4,-1,-1
1512,433,128.07,389.84,41.04,18.68,0.5516,4,-1,-1
1512,434,364.07,381.91,38.04,16.74,0.2546,4,-1,-1
1512,430,104.67,374.47,36.37,17.00,0.3675,4,-1,-1
1512,439,78.46,417.61,90.67,48.60,0.1490,6,-1,-1
1513,422,389.17,411.58,43.96,21.52,0.4130,4,-1,-1
1513,433,125.78,389.44,40.33,18.29,0.5993,4,-1,-1
1513,430,102.10,373.69,36.34,16.97,0.5612,4,-1,-1
1513,439,81.31,420.27,87.80,47.18,0.1689,6,-1,-1
1513,443,500.22,440.26,54.11,23.77,0.4504,4,-1,-1
1514,422,389.42,411.49,43.89,21.49,0.3905,4,-1,-1
1514,433,122.36,388.82,38.96,17.63,0.6593,4,-1,-1
1514,430,99.47,372.96,34.86,16.14,0.4407,4,-1,-1
1514,439,87.88,423.75,82.04,43.91,0.1196,6,-1,-1
1514,443,502.09,439.37,54.86,24.05,0.5078,4,-1,-1
1514,440,1273.02,534.03,74.82,29.03,0.7506,4,-1,-1
1515,422,389.43,411.48,44.46,21.77,0.3594,4,-1,-1
1515,433,118.82,388.55,37.84,17.05,0.6049,4,-1,-1
1515,430,95.74,372.57,34.19,15.75,0.2705,4,-1,-1
1515,443,498.62,441.79,48.75,21.35,0.4542,4,-1,-1
1515,444,339.93,380.22,42.92,19.59,0.5224,4,-1,-1
1515,440,1260.69,530.87,80.35,31.50,0.7656,4,-1,-1
1516,422,391.46,411.85,43.61,21.32,0.4036,4,-1,-1
1516,433,116.66,388.60,36.06,16.15,0.6415,4,-1,-1
1516,430,93.18,371.64,35.16,16.21,0.3540,4,-1,-1
1516,443,497.42,443.68,44.20,19.30,0.5059,4,-1,-1
1516,444,340.35,381.00,41.38,18.89,0.5554,4,-1,-1
1516,440,1252.56,529.53,81.27,31.93,0.8044,4,-1,-1
1517,422,392.83,411.93,44.07,21.39,0.4111,4,-1,-1
1517,433,112.05,387.08,36.19,16.09,0.6885,4,-1,-1
1517,430,90.49,370.67,35.06,15.97,0.3277,4,-1,-1
1517,443,498.57,443.10,45.69,19.93,0.4235,4,-1,-1
1517,444,340.36,381.19,40.74,18.61,0.5205,4,-1,-1
1517,440,1240.57,527.32,82.04,32.31,0.8129,4,-1,-1
1518,422,393.95,411.87,45.41,21.74,0.4340,4,-1,-1
1518,433,109.05,386.37,36.39,16.16,0.7241,4,-1,-1
1518,430,88.65,369.62,35.95,16.28,0.1877,6,-1,-1
1518,443,496.82,443.28,46.34,20.20,0.4130,4,-1,-1
1518,444,340.29,380.75,41.52,18.98,0.5419,4,-1,-1
1518,440,1232.06,526.02,82.09,32.43,0.8038,4,-1,-1
1519,422,394.61,411.82,46.40,21.88,0.4301,4,-1,-1
1519,433,105.04,384.58,37.20,16.60,0.6968,4,-1,-1
1519,430,84.66,368.45,37.58,17.09,0.2705,6,-1,-1
1519,443,497.83,443.32,47.44,20.60,0.3132,4,-1,-1
1519,444,340.40,380.81,41.10,18.76,0.4990,4,-1,-1
1519,440,1220.06,524.03,83.54,33.09,0.8459,4,-1,-1
1520,422,395.13,411.81,47.70,22.10,0.4102,4,-1,-1
1520,433,99.67,383.00,38.72,17.33,0.7793,4,-1,-1
1520,430,80.22,366.56,39.39,18.09,0.5860,4,-1,-1
1520,443,497.80,443.48,48.37,20.86,0.2606,4,-1,-1
1520,444,340.42,381.02,41.05,18.71,0.5477,4,-1,-1
1520,440,1207.69,521.96,82.86,32.90,0.8413,4,-1,-1
1521,422,393.02,411.53,47.08,21.75,0.4007,4,-1,-1
1521,433,96.49,382.31,39.25,17.65,0.7698,4,-1,-1
1521,430,77.79,365.44,40.30,18.67,0.6610,4,-1,-1
1521,443,498.42,443.42,49.29,21.09,0.2524,4,-1,-1
1521,444,340.67,381.22,41.02,18.63,0.5438,4,-1,-1
1521,440,1199.02,520.89,81.52,32.45,0.8205,4,-1,-1
1522,422,393.69,411.70,48.91,22.27,0.4177,4,-1,-1
1522,433,93.94,382.11,37.11,16.67,0.6984,4,-1,-1
1522,430,75.07,365.20,39.05,18.13,0.5993,4,-1,-1
1522,443,498.55,438.51,58.55,25.03,0.1294,4,-1,-1
1522,444,338.43,380.32,42.93,19.53,0.4436,4,-1,-1
1522,440,1186.69,518.78,82.48,33.06,0.8239,4,-1,-1
1522,439,101.39,424.02,81.10,43.07,0.4668,6,-1,-1
1523,422,393.59,411.76,49.33,22.20,0.4177,4,-1,-1
1523,433,92.13,382.32,35.17,15.71,0.6935,4,-1,-1
1523,430,73.88,365.17,35.30,16.40,0.5117,4,-1,-1
1523,443,497.56,435.52,64.09,27.48,0.1307,4,-1,-1
1523,444,337.82,379.99,43.60,19.81,0.5000,4,-1,-1
1523,440,1177.56,517.56,83.16,33.54,0.8075,4,-1,-1
1523,439,102.99,423.87,81.75,43.02,0.3132,6,-1,-1
1524,422,394.53,412.13,49.64,21.98,0.2975,4,-1,-1
1524,433,89.11,381.90,34.20,15.18,0.6749,4,-1,-1
1524,430,72.08,364.78,33.19,15.31,0.4873,4,-1,-1
1524,443,497.96,435.09,65.16,27.97,0.1255,4,-1,-1
1524,444,336.85,380.11,43.90,19.84,0.1907,5,-1,-1
1524,440,1166.50,516.03,82.37,33.40,0.8434,4,-1,-1
1524,439,99.97,421.62,90.53,48.02,0.2323,6,-1,-1
1525,422,395.62,412.37,49.82,21.62,0.2751,4,-1,-1
1525,433,84.67,380.40,35.16,15.57,0.6715,4,-1,-1
1525,430,69.59,364.46,32.49,14.90,0.4292,4,-1,-1
1525,443,498.69,435.71,64.58,27.70,0.1294,4,-1,-1
1525,444,336.65,380.38,43.07,19.39,0.4397,4,-1,-1
1525,440,1154.36,514.62,80.16,32.62,0.8339,4,-1,-1
1525,439,99.67,420.31,95.01,50.70,0.3107,6,-1,-1
1526,422,399.42,413.09,50.28,21.42,0.3961,4,-1,-1
1526,433,81.56,379.03,36.47,16.23,0.6817,4,-1,-1
1526,430,66.23,364.03,32.86,15.12,0.3285,4,-1,-1
1526,443,500.89,437.61,61.15,26.10,0.1380,4,-1,-1
1526,444,335.91,379.14,44.75,20.16,0.3666,4,-1,-1
1526,440,1145.89,513.14,80.73,33.11,0.8371,4,-1,-1
1526,439,100.53,420.04,97.03,52.05,0.3381,6,-1,-1
1527,422,402.52,413.55,50.27,21.13,0.1530,5,-1,-1
1527,433,77.67,377.81,36.23,16.12,0.6984,4,-1,-1
1527,430,64.21,363.10,31.07,14.42,0.2275,4,-1,-1
1527,444,335.35,380.51,41.58,18.71,0.4292,4,-1,-1
1527,440,1133.40,511.04,82.34,34.11,0.8050,4,-1,-1
1527,439,101.75,419.94,96.89,51.98,0.2069,6,-1,-1
1528,422,405.65,413.79,50.20,21.21,0.2967,4,-1,-1
1528,433,74.28,376.72,37.26,16.59,0.7001,4,-1,-1
1528,430,61.91,362.35,30.61,14.31,0.3191,4,-1,-1
1528,444,335.26,381.35,39.87,17.91,0.4475,4,-1,-1
1528,440,1125.50,510.31,81.23,33.86,0.8182,4,-1,-1
1528,439,103.01,419.70,96.47,51.57,0.1944,6,-1,-1
1529,422,407.31,413.73,48.96,20.57,0.1801,5,-1,-1
1529,433,71.28,376.23,36.03,16.04,0.6540,4,-1,-1
1529,430,58.96,361.32,31.23,14.69,0.2886,4,-1,-1
1529,444,336.50,381.61,39.16,17.45,0.4766,4,-1,-1
1529,440,1115.71,509.33,79.17,33.08,0.8146,4,-1,-1
1529,439,108.78,422.15,94.97,50.95,0.1744,6,-1,-1
1529,446,414.56,433.61,50.06,20.43,0.4746,4,-1,-1
1529,438,12.83,370.74,29.25,13.62,0.5535,4,-1,-1
1530,422,407.14,413.21,50.17,21.23,0.3390,4,-1,-1
1530,433,65.49,373.45,39.37,17.71,0.5936,4,-1,-1
1530,430,55.39,360.48,32.29,15.19,0.2101,4,-1,-1
1530,444,337.02,381.87,38.96,17.15,0.3540,4,-1,-1
1530,440,1104.13,507.65,78.51,32.98,0.8099,4,-1,-1
1530,439,104.14,419.28,102.90,55.40,0.4263,6,-1,-1
1530,446,408.93,431.78,53.86,21.97,0.5010,4,-1,-1
1530,438,10.39,370.07,28.12,13.77,0.4263,4,-1,-1
1531,422,408.91,413.06,49.35,20.85,0.3107,4,-1,-1
1531,433,62.51,372.58,39.36,17.81,0.7287,4,-1,-1
1531,430,53.62,359.75,31.12,14.45,0.1925,4,-1,-1
1531,444,336.99,381.97,39.34,17.12,0.4073,4,-1,-1
1531,440,1097.41,506.86,76.18,32.06,0.8026,4,-1,-1
1531,439,106.60,416.87,106.66,58.43,0.2422,6,-1,-1
1531,446,404.28,432.10,50.77,20.66,0.5224,4,-1,-1
1531,438,10.39,369.03,26.05,13.46,0.4961,4,-1,-1
1532,422,409.52,413.52,47.94,19.91,0.2918,4,-1,-1
1532,433,59.36,371.69,39.28,17.97,0.7469,4,-1,-1
1532,430,50.14,358.19,33.20,15.40,0.1667,4,-1,-1
1532,444,336.22,381.95,40.12,17.27,0.3831,4,-1,-1
1532,440,1086.78,505.73,75.25,31.74,0.8371,4,-1,-1
1532,439,112.30,415.40,107.79,60.64,0.2628,6,-1,-1
1532,446,398.73,431.38,52.39,21.23,0.5244,4,-1,-1
1532,438,7.73,367.45,26.85,14.70,0.3711,4,-1,-1
1533,422,410.14,413.65,46.04,18.62,0.2902,4,-1,-1
1533,433,57.36,371.43,38.49,17.74,0.7033,4,-1,-1
1533,430,46.57,357.11,35.62,16.85,0.1019,5,-1,-1
1533,444,335.28,381.63,41.11,17.60,0.3140,4,-1,-1
1533,440,1079.15,504.64,75.68,32.05,0.8295,4,-1,-1
1533,439,113.56,413.09,109.60,63.32,0.1551,6,-1,-1
1533,446,395.32,430.87,52.80,21.34,0.5708,4,-1,-1
1533,438,6.68,366.66,26.57,15.37,0.3242,4,-1,-1
1534,422,408.77,413.69,47.11,18.65,0.3612,4,-1,-1
1534,433,54.48,370.58,37.40,17.33,0.7066,4,-1,-1
1534,430,43.09,356.19,36.31,17.21,0.3217,4,-1,-1
1534,444,336.13,382.44,39.76,16.89,0.4805,4,-1,-1
1534,440,1069.34,503.79,74.08,31.36,0.8284,4,-1,-1
1534,439,101.60,408.25,119.91,70.20,0.1172,6,-1,-1
1534,446,390.19,430.04,54.17,21.88,0.6487,4,-1,-1
1535,422,407.19,413.55,49.37,19.33,0.4893,4,-1,-1
1535,433,50.88,369.91,35.95,16.65,0.6732,4,-1,-1
1535,430,39.91,354.83,38.90,18.55,0.1148,6,-1,-1
1535,444,337.71,382.54,38.38,16.50,0.2160,4,-1,-1
1535,440,1058.22,502.32,73.52,31.21,0.8261,4,-1,-1
1535,446,383.57,429.36,55.68,22.52,0.6343,4,-1,-1
1536,422,407.04,413.61,50.92,19.89,0.4263,4,-1,-1
1536,433,48.70,369.58,35.34,16.31,0.6918,4,-1,-1
1536,430,36.82,353.92,35.87,17.39,0.4340,4,-1,-1
1536,444,335.56,383.07,36.90,16.04,0.1525,4,-1,-1
1536,440,1051.12,501.55,73.62,31.33,0.8360,4,-1,-1
1536,446,376.94,428.64,57.58,23.27,0.6215,4,-1,-1
1536,448,168.68,430.90,49.69,46.00,0.4883,5,-1,-1
1537,422,409.41,413.28,50.49,19.85,0.5098,4,-1,-1
1537,433,45.53,368.52,35.02,16.17,0.6715,4,-1,-1
1537,430,34.80,352.77,38.71,18.93,0.1371,6,-1,-1
1537,444,332.78,382.59,36.80,16.26,0.4292,4,-1,-1
1537,440,1041.90,500.33,72.95,31.06,0.8038,4,-1,-1
1537,446,372.99,428.16,58.06,23.46,0.6388,4,-1,-1
1537,448,168.44,427.48,53.94,50.04,0.5156,5,-1,-1
1538,422,409.24,413.30,50.23,19.80,0.4630,4,-1,-1
1538,433,43.50,367.78,34.94,16.16,0.6951,4,-1,-1
1538,430,32.07,352.67,35.76,17.91,0.5029,4,-1,-1
1538,444,332.12,382.29,36.16,16.26,0.4036,4,-1,-1
1538,440,1034.83,498.77,73.22,31.29,0.8222,4,-1,-1
1538,446,374.66,428.10,56.34,23.05,0.6243,4,-1,-1
1538,448,168.56,426.17,55.78,51.90,0.3858,5,-1,-1
1538,449,628.15,347.90,70.77,26.10,0.4688,4,-1,-1
1539,422,409.47,413.79,50.83,20.08,0.2621,4,-1,-1
1539,433,37.60,365.28,37.82,17.68,0.6663,4,-1,-1
1539,430,32.32,352.97,36.50,18.17,0.3531,4,-1,-1
1539,444,331.16,382.07,36.12,16.50,0.2958,4,-1,-1
1539,440,1024.75,497.47,72.21,30.89,0.8105,4,-1,-1
1539,446,364.38,427.67,56.80,23.02,0.5631,4,-1,-1
1539,448,171.29,426.79,55.42,51.67,0.3693,5,-1,-1
1539,449,637.78,348.95,68.91,25.44,0.3277,4,-1,-1
1540,422,408.12,413.53,51.99,20.54,0.4620,4,-1,-1
1540,433,30.54,361.12,44.09,21.12,0.7178,4,-1,-1
1540,430,30.56,352.05,35.77,17.75,0.2531,4,-1,-1
1540,444,330.08,381.75,35.95,16.68,0.3277,4,-1,-1
1540,440,1014.81,496.35,70.99,30.39,0.8062,4,-1,-1
1540,446,357.23,426.05,58.11,23.53,0.6663,4,-1,-1
1540,448,177.52,430.19,51.92,48.37,0.5234,5,-1,-1
1540,449,639.12,348.37,73.86,27.38,0.2241,4,-1,-1
1541,422,406.25,413.29,53.62,21.18,0.4737,4,-1,-1
1541,433,27.45,359.18,45.34,22.18,0.6575,4,-1,-1
1541,430,28.96,351.18,33.32,16.39,0.1196,4,-1,-1
1541,444,328.74,381.47,36.28,17.08,0.2967,4,-1,-1
1541,440,1007.69,495.91,70.77,30.31,0.7976,4,-1,-1
1541,446,351.88,425.10,59.77,24.26,0.6758,4,-1,-1
1541,448,180.00,430.77,51.85,48.29,0.4980,5,-1,-1
1541,449,643.13,348.58,73.74,27.42,0.4359,4,-1,-1
1542,422,406.58,413.46,53.46,21.13,0.4292,4,-1,-1
1542,433,26.98,360.48,40.29,19.81,0.7303,4,-1,-1
1542,430,28.36,351.63,31.19,15.12,0.1656,4,-1,-1
1542,444,327.81,382.15,34.98,16.59,0.2254,4,-1,-1
1542,440,998.15,494.73,70.81,30.44,0.7963,4,-1,-1
1542,446,345.11,424.47,60.23,24.46,0.6370,4,-1,-1
1542,448,180.65,429.22,53.47,49.92,0.1456,5,-1,-1
1542,449,650.04,351.12,72.17,26.86,0.1877,4,-1,-1
1543,422,406.67,413.58,53.58,21.13,0.4542,4,-1,-1
1543,433,26.21,361.33,36.87,18.11,0.6558,4,-1,-1
1543,430,23.01,349.88,31.95,15.60,0.1176,4,-1,-1
1543,444,327.18,382.51,33.99,16.27,0.1561,4,-1,-1
1543,440,992.13,494.06,69.41,29.92,0.8111,4,-1,-1
1543,446,341.93,424.33,58.68,23.74,0.6460,4,-1,-1
1543,448,177.91,426.66,56.16,52.41,0.1120,6,-1,-1
1543,451,626.85,414.76,46.68,20.56,0.4659,4,-1,-1
1543,439,140.06,419.70,99.91,60.04,0.6352,6,-1,-1
1544,422,405.71,413.31,54.53,21.49,0.5166,4,-1,-1
1544,433,22.61,359.89,37.53,18.64,0.6030,4,-1,-1
1544,444,326.82,382.41,33.55,16.20,0.1634,4,-1,-1
1544,440,983.36,492.88,69.09,29.95,0.7725,4,-1,-1
1544,446,337.03,423.60,56.98,23.19,0.6514,4,-1,-1
1544,448,180.64,426.89,56.19,52.78,0.4130,6,-1,-1
1544,451,621.71,414.14,49.05,21.58,0.4883,4,-1,-1
1544,439,150.81,423.76,91.41,56.47,0.3174,6,-1,-1
1545,422,405.37,413.24,54.91,21.63,0.5137,4,-1,-1
1545,433,17.21,357.49,39.77,20.10,0.7194,4,-1,-1
1545,444,326.81,382.44,33.30,16.30,0.1418,4,-1,-1
1545,440,974.78,491.08,69.04,30.35,0.7409,4,-1,-1
1545,446,330.90,423.35,58.45,23.79,0.6901,4,-1,-1
1545,448,184.90,429.00,54.92,51.51,0.4533,5,-1,-1
1545,451,610.35,410.73,56.27,24.65,0.5670,4,-1,-1
1545,439,151.36,424.25,91.83,57.03,0.1711,6,-1,-1
1546,422,406.92,413.78,53.26,21.06,0.3989,4,-1,-1
1546,433,15.82,357.46,38.10,19.40,0.7484,4,-1,-1
1546,440,969.83,490.15,67.52,30.05,0.7178,4,-1,-1
1546,446,326.65,423.25,58.32,23.74,0.6522,4,-1,-1
1546,448,187.09,429.90,54.61,51.07,0.4591,6,-1,-1
1546,451,608.64,409.94,56.47,24.60,0.6142,4,-1,-1
1546,439,150.96,425.24,91.49,56.59,0.3923,6,-1,-1
1547,422,406.60,413.55,52.66,20.81,0.3905,4,-1,-1
1547,433,13.55,357.12,36.41,18.64,0.7130,4,-1,-1
1547,440,958.87,488.27,68.60,30.80,0.6469,4,-1,-1
1547,446,321.82,422.45,58.60,23.78,0.6289,4,-1,-1
1547,448,188.93,432.05,53.94,49.97,0.1525,5,-1,-1
1547,451,603.33,409.64,55.61,24.02,0.6067,4,-1,-1
1547,439,148.22,424.42,94.47,57.89,0.5699,6,-1,-1
1547,452,390.81,410.40,39.35,18.44,0.4844,4,-1,-1
1548,422,406.48,413.75,52.76,20.87,0.4349,4,-1,-1
1548,433,12.18,357.18,35.11,18.06,0.6558,4,-1,-1
1548,440,954.83,487.80,66.01,29.89,0.6766,4,-1,-1
1548,446,317.93,422.24,59.34,23.94,0.5974,4,-1,-1
1548,448,183.40,428.18,59.23,54.03,0.2207,6,-1,-1
1548,451,601.30,409.13,55.33,23.73,0.5917,4,-1,-1
1548,439,147.84,422.97,97.66,59.78,0.5889,6,-1,-1
1548,452,390.54,410.40,40.34,18.91,0.4971,4,-1,-1
1548,449,680.91,353.67,75.66,28.41,0.5516,4,-1,-1
1549,422,407.38,414.01,52.14,20.68,0.4130,4,-1,-1
1549,433,10.18,357.11,33.56,17.32,0.7130,4,-1,-1
1549,440,946.93,488.72,61.23,27.58,0.5612,4,-1,-1
1549,446,311.84,421.93,57.46,23.22,0.6215,4,-1,-1
1549,448,184.61,427.60,60.75,54.97,0.1865,6,-1,-1
1549,451,598.87,409.01,54.81,23.49,0.5263,4,-1,-1
1549,439,148.78,422.56,99.22,60.71,0.5195,6,-1,-1
1549,452,389.86,410.36,40.40,18.95,0.4922,4,-1,-1
1549,449,686.66,353.19,76.60,29.02,0.4756,4,-1,-1
1550,422,406.01,413.86,52.94,20.95,0.4746,4,-1,-1
1550,433,5.26,354.75,36.18,18.87,0.6800,4,-1,-1
1550,440,936.64,488.06,59.24,26.45,0.4834,4,-1,-1
1550,446,306.97,420.63,57.40,23.42,0.6766,4,-1,-1
1550,448,190.06,431.58,58.33,52.16,0.2975,5,-1,-1
1550,451,596.15,409.04,54.53,23.44,0.4688,4,-1,-1
1550,439,154.33,424.86,97.09,59.29,0.3504,6,-1,-1
1550,452,389.79,410.31,40.92,19.18,0.4727,4,-1,-1
1550,449,690.05,352.17,81.42,31.29,0.3208,4,-1,-1
1551,422,407.10,414.00,52.46,20.79,0.4311,4,-1,-1
1551,433,4.73,354.66,34.36,18.08,0.6645,4,-1,-1
1551,440,927.26,487.11,59.31,26.39,0.5535,4,-1,-1
1551,446,305.79,419.90,56.13,23.18,0.7033,4,-1,-1
1551,448,192.11,432.54,58.66,51.92,0.2759,6,-1,-1
1551,451,596.21,409.32,52.83,22.85,0.5000,4,-1,-1
1551,439,159.66,428.48,92.85,56.38,0.5059,6,-1,-1
1551,452,389.68,410.24,40.45,18.97,0.4990,4,-1,-1
1552,422,407.24,414.07,52.34,20.75,0.4330,4,-1,-1
1552,433,1.13,354.21,33.75,17.72,0.1251,4,-1,-1
1552,440,916.84,484.28,63.71,28.82,0.4149,4,-1,-1
1552,446,304.14,419.76,54.59,22.94,0.6415,4,-1,-1
1552,448,194.57,431.96,60.01,52.85,0.1530,6,-1,-1
1552,451,588.52,408.73,55.67,24.07,0.1148,4,-1,-1
1552,439,162.83,428.34,93.89,57.21,0.5794,6,-1,-1
1552,452,389.81,410.27,40.03,18.76,0.4815,4,-1,-1
1553,422,406.35,413.96,52.65,20.83,0.4698,4,-1,-1
1553,433,2.51,353.37,32.63,17.58,0.4961,4,-1,-1
1553,440,912.89,482.80,65.26,30.00,0.2502,4,-1,-1
1553,446,302.71,419.08,54.07,23.19,0.6984,4,-1,-1
1553,448,194.31,434.14,59.29,51.04,0.2744,5,-1,-1
1553,451,593.41,408.12,50.32,22.10,0.3381,4,-1,-1
1553,439,165.16,427.83,94.60,57.97,0.5699,6,-1,-1
1553,452,389.96,410.27,40.00,18.73,0.4707,4,-1,-1
1554,422,404.24,413.69,53.75,21.11,0.5000,4,-1,-1
1554,433,-0.14,353.09,30.92,16.68,0.5205,4,-1,-1
1554,440,904.93,482.95,62.70,29.10,0.6298,4,-1,-1
1554,446,292.66,418.20,54.44,23.21,0.6343,4,-1,-1
1554,448,193.35,432.56,62.77,53.33,0.2822,5,-1,-1
1554,451,588.96,409.29,49.17,21.61,0.2689,4,-1,-1
1554,439,166.47,426.81,96.20,59.30,0.6002,6,-1,-1
1554,452,389.71,410.29,41.03,19.18,0.4630,4,-1,-1
1555,422,404.24,413.46,53.00,20.76,0.4054,4,-1,-1
1555,433,-1.28,353.51,28.58,15.55,0.5860,4,-1,-1
1555,440,902.88,482.35,59.34,28.33,0.6160,4,-1,-1
1555,446,290.00,417.76,52.14,22.42,0.6680,4,-1,-1
1555,448,193.35,431.04,66.23,55.64,0.3639,6,-1,-1
1555,451,583.70,410.06,51.04,22.64,0.2261,4,-1,-1
1555,439,166.46,425.57,98.87,61.12,0.6298,6,-1,-1
1555,452,389.70,410.31,40.10,18.74,0.4854,4,-1,-1
1556,422,406.69,413.89,52.19,20.53,0.3905,4,-1,-1
1556,433,-1.39,353.77,26.61,14.57,0.6086,4,-1,-1
1556,440,895.00,481.38,60.00,29.03,0.3895,4,-1,-1
1556,446,284.40,417.36,51.56,22.11,0.4912,4,-1,-1
1556,439,167.91,425.00,99.90,61.99,0.6893,6,-1,-1
1556,452,389.65,410.29,39.57,18.50,0.4815,4,-1,-1
1557,422,408.24,414.14,51.49,20.36,0.3657,4,-1,-1
1557,433,-3.04,353.48,26.37,14.78,0.5727,4,-1,-1
1557,440,893.53,479.35,58.73,29.62,0.2598,4,-1,-1
1557,446,278.09,417.27,51.07,21.70,0.7628,4,-1,-1
1557,439,172.88,425.78,98.41,61.37,0.4727,6,-1,-1
1557,452,389.65,410.28,39.05,18.25,0.4893,4,-1,-1
1558,422,407.71,414.06,51.82,20.54,0.3840,4,-1,-1
1558,433,-3.85,353.23,25.98,14.96,0.4533,4,-1,-1
1558,446,273.28,416.80,52.58,22.17,0.6817,4,-1,-1
1558,439,175.58,426.25,97.51,61.05,0.7217,6,-1,-1
1558,452,389.47,410.16,39.42,18.42,0.4815,4,-1,-1
1559,422,406.51,413.73,53.09,21.11,0.4542,4,-1,-1
1559,446,266.93,416.16,54.91,23.06,0.4571,4,-1,-1
1559,439,177.69,426.02,98.26,61.82,0.6926,6,-1,-1
1559,452,389.45,409.94,40.10,18.73,0.4455,4,-1,-1
1560,422,407.68,413.93,52.20,20.88,0.4446,4,-1,-1
1560,446,261.08,415.60,50.07,20.91,0.6289,4,-1,-1
1560,439,181.34,426.33,97.61,61.66,0.7372,6,-1,-1
1560,452,389.66,409.78,39.56,18.47,0.4893,4,-1,-1
1560,440,860.97,477.59,50.94,25.64,0.6540,4,-1,-1
1561,422,406.85,413.48,52.48,21.11,0.4727,4,-1,-1
1561,446,257.10,415.27,49.49,20.69,0.6397,4,-1,-1
1561,439,182.82,426.68,96.88,61.28,0.7879,6,-1,-1
1561,452,389.89,409.84,39.53,18.43,0.3684,4,-1,-1
1561,440,854.22,477.80,49.93,24.90,0.6766,4,-1,-1
1562,422,406.61,413.26,52.45,21.20,0.4893,4,-1,-1
1562,446,251.70,413.49,52.20,21.97,0.5898,4,-1,-1
1562,439,184.72,427.18,96.38,60.91,0.7718,6,-1,-1
1562,452,390.00,409.85,39.73,18.51,0.3868,4,-1,-1
1562,440,845.79,476.71,51.34,25.47,0.7725,4,-1,-1
1562,451,560.18,405.58,44.00,19.64,0.4737,4,-1,-1
1563,422,406.47,413.14,52.45,21.29,0.5039,4,-1,-1
1563,446,248.34,411.87,54.27,23.00,0.5438,4,-1,-1
1563,439,186.20,427.61,96.22,60.75,0.7564,6,-1,-1
1563,452,390.03,409.87,39.97,18.61,0.3711,4,-1,-1
1563,440,840.45,476.04,52.72,25.85,0.7642,4,-1,-1
1563,451,557.89,404.77,43.45,19.51,0.4941,4,-1,-1
1564,422,406.16,413.02,52.59,21.40,0.5156,4,-1,-1
1564,446,246.25,411.55,54.78,23.44,0.6783,4,-1,-1
1564,439,188.27,427.69,97.10,61.20,0.7520,6,-1,-1
1564,452,389.91,409.83,40.76,18.99,0.3877,4,-1,-1
1564,440,832.38,474.87,55.27,26.66,0.7635,4,-1,-1
1564,451,554.71,403.25,45.91,20.90,0.4844,4,-1,-1
1565,422,406.10,412.98,52.56,21.43,0.5078,4,-1,-1
1565,446,243.22,411.22,54.17,23.27,0.5612,4,-1,-1
1565,439,190.90,428.06,97.88,61.64,0.7621,6,-1,-1
1565,452,389.83,409.82,41.08,19.14,0.3666,4,-1,-1
1565,440,824.40,473.83,55.87,26.67,0.7860,4,-1,-1
1565,451,551.33,402.48,46.62,21.37,0.4436,4,-1,-1
1566,422,405.91,412.96,52.49,21.40,0.5380,4,-1,-1
1566,446,237.99,409.98,55.38,23.82,0.6451,4,-1,-1
1566,439,193.22,428.40,98.21,61.90,0.7461,6,-1,-1
1566,452,389.83,409.86,41.54,19.36,0.3821,4,-1,-1
1566,440,818.20,473.16,56.60,26.76,0.7813,4,-1,-1
1566,451,551.26,403.73,44.18,20.51,0.3225,4,-1,-1
1567,422,405.64,412.97,52.59,21.43,0.5574,4,-1,-1
1567,446,231.94,409.36,54.93,23.64,0.6361,4,-1,-1
1567,439,196.66,429.91,97.26,61.28,0.6758,6,-1,-1
1567,452,389.83,409.92,41.94,19.53,0.3730,4,-1,-1
1567,440,810.93,472.68,55.81,26.12,0.7976,4,-1,-1
1567,451,546.48,402.53,45.22,21.18,0.3923,4,-1,-1
1568,422,405.95,412.77,52.21,21.33,0.5205,4,-1,-1
1568,446,228.58,408.91,54.41,23.48,0.6179,4,-1,-1
1568,439,198.64,430.22,97.30,61.37,0.7280,6,-1,-1
1568,452,389.90,409.94,41.49,19.31,0.3998,4,-1,-1
1568,440,804.94,472.02,55.82,25.83,0.7621,4,-1,-1
1568,451,545.80,402.36,43.96,20.85,0.2958,4,-1,-1
1569,422,405.54,412.62,52.34,21.41,0.5029,4,-1,-1
1569,446,222.20,408.13,55.93,24.23,0.5804,4,-1,-1
1569,439,200.95,429.61,98.49,62.17,0.4455,6,-1,-1
1569,452,389.82,409.95,41.51,19.32,0.3757,4,-1,-1
1569,440,795.52,471.26,57.16,26.09,0.7571,4,-1,-1
1569,451,543.29,401.71,43.48,20.99,0.2728,4,-1,-1
1570,422,405.54,412.79,52.15,21.37,0.4912,4,-1,-1
1570,446,216.70,407.55,55.67,24.08,0.5098,4,-1,-1
1570,439,206.13,431.22,96.32,60.63,0.3979,6,-1,-1
1570,452,390.92,409.96,40.46,18.88,0.3702,4,-1,-1
1570,440,785.45,469.48,59.20,26.79,0.7098,4,-1,-1
1570,451,541.05,401.08,42.95,21.21,0.2187,4,-1,-1
1571,422,403.66,412.32,52.87,21.60,0.5458,4,-1,-1
1571,446,211.85,406.43,57.10,24.77,0.5651,4,-1,-1
1571,439,207.69,431.57,96.47,60.63,0.4263,9,-1,-1
1571,452,396.57,410.50,44.24,20.10,0.4523,4,-1,-1
1571,440,779.18,468.27,60.67,27.39,0.6885,4,-1,-1
1571,451,539.97,402.40,40.56,20.14,0.1196,4,-1,-1
1572,422,400.59,411.81,53.96,21.69,0.5380,4,-1,-1
1572,446,208.73,405.45,56.13,24.43,0.6142,4,-1,-1
1572,439,209.12,430.97,97.98,61.58,0.6549,6,-1,-1
1572,452,393.72,410.20,42.77,19.57,0.4235,4,-1,-1
1572,440,772.09,466.57,60.77,27.42,0.6800,4,-1,-1
1573,422,399.00,411.53,54.87,21.73,0.5612,4,-1,-1
1573,446,205.06,404.84,56.43,24.64,0.6697,4,-1,-1
1573,439,210.66,431.77,97.50,61.26,0.5351,6,-1,-1
1573,452,392.76,410.09,42.23,19.44,0.4417,4,-1,-1
1573,440,768.72,465.61,60.62,27.60,0.6540,4,-1,-1
1574,422,398.24,411.41,55.52,21.69,0.5380,4,-1,-1
1574,446,201.72,404.13,55.48,24.34,0.5993,4,-1,-1
1574,439,212.58,431.89,97.64,61.39,0.5215,6,-1,-1
1574,452,392.15,409.97,41.73,19.32,0.4301,4,-1,-1
1574,440,762.46,464.04,60.99,28.15,0.5746,4,-1,-1
1575,422,397.25,411.26,56.95,21.99,0.5689,4,-1,-1
1575,446,198.32,403.33,55.17,24.10,0.5574,4,-1,-1
1575,439,215.33,433.16,96.83,60.91,0.6442,6,-1,-1
1575,452,391.74,409.92,42.32,19.68,0.4369,4,-1,-1
1575,440,755.15,461.57,62.79,29.68,0.3372,4,-1,-1
1576,422,397.10,411.10,56.79,21.67,0.5516,4,-1,-1
1576,446,195.05,403.37,52.75,23.10,0.6487,4,-1,-1
1576,439,218.40,433.15,97.39,61.48,0.6316,6,-1,-1
1576,452,392.84,410.22,41.76,19.50,0.4990,4,-1,-1
1577,422,397.02,411.15,56.38,21.30,0.5224,4,-1,-1
1577,446,190.68,402.78,52.98,23.29,0.7162,4,-1,-1
1577,439,221.40,432.52,98.79,62.70,0.5679,6,-1,-1
1577,452,395.16,410.50,42.90,19.84,0.5107,4,-1,-1
1577,455,1090.94,490.91,86.28,34.14,0.7621,9,-1,-1
1578,422,396.76,411.15,57.00,21.33,0.5361,4,-1,-1
1578,446,188.30,402.04,52.78,23.26,0.7303,4,-1,-1
1578,439,224.80,433.12,98.32,62.52,0.5117,6,-1,-1
1578,452,393.80,410.42,41.96,19.53,0.5049,4,-1,-1
1578,455,1083.38,489.23,87.92,34.80,0.7341,9,-1,-1
1579,422,396.33,411.09,57.92,21.51,0.5361,4,-1,-1
1579,446,185.63,401.75,51.20,22.45,0.6663,4,-1,-1
1579,439,228.00,433.47,98.57,62.68,0.6549,6,-1,-1
1579,452,393.22,410.34,41.57,19.46,0.4883,4,-1,-1
1579,455,1073.03,488.85,86.27,34.12,0.7800,9,-1,-1
1580,422,396.15,411.18,57.84,21.35,0.5098,4,-1,-1
1580,446,180.47,400.89,49.60,21.83,0.7082,4,-1,-1
1580,439,229.37,433.18,100.15,63.75,0.7705,6,-1,-1
1580,452,394.92,410.58,42.75,19.87,0.5039,4,-1,-1
1580,455,1062.46,487.42,85.94,33.97,0.6584,9,-1,-1
1581,422,395.98,411.29,57.63,21.17,0.4883,4,-1,-1
1581,446,178.12,400.27,48.58,21.39,0.7287,4,-1,-1
1581,439,230.98,434.15,99.92,63.52,0.7705,6,-1,-1
1581,452,393.57,410.39,40.73,19.08,0.4951,4,-1,-1
1581,455,1055.97,486.34,86.12,34.02,0.5737,9,-1,-1
1582,422,395.89,411.29,57.74,21.09,0.5166,4,-1,-1
1582,446,175.20,399.53,47.71,20.96,0.7050,4,-1,-1
1582,439,233.21,435.98,99.39,62.80,0.7520,6,-1,-1
1582,452,394.93,410.56,42.30,19.69,0.5068,4,-1,-1
1582,455,1047.96,485.47,84.37,33.21,0.3074,4,-1,-1
1583,422,395.61,411.19,58.97,21.42,0.5496,4,-1,-1
1583,446,172.18,398.98,48.04,21.08,0.7082,4,-1,-1
1583,439,236.05,438.01,97.90,61.47,0.6976,6,-1,-1
1583,452,393.66,410.38,41.76,19.52,0.4844,4,-1,-1
1583,455,1040.29,484.04,85.35,33.51,0.5842,4,-1,-1
1584,422,395.26,411.12,59.99,21.68,0.5651,4,-1,-1
1584,446,168.44,398.29,48.16,21.11,0.7599,4,-1,-1
1584,439,243.96,444.15,89.97,55.67,0.6960,6,-1,-1
1584,452,393.27,410.28,41.94,19.66,0.4717,4,-1,-1
1584,455,1031.01,483.57,83.71,32.74,0.7379,4,-1,-1
1584,451,491.18,399.60,41.16,19.67,0.4600,4,-1,-1
1585,422,395.44,411.20,59.77,21.48,0.5516,4,-1,-1
1585,446,165.34,397.63,47.15,20.67,0.7527,4,-1,-1
1585,439,246.72,444.39,91.01,55.88,0.6976,6,-1,-1
1585,452,393.37,410.30,40.79,19.15,0.4893,4,-1,-1
1585,455,1022.06,483.65,81.51,31.71,0.7853,4,-1,-1
1585,451,485.60,399.43,43.97,20.47,0.2180,4,-1,-1
1586,422,395.21,411.11,59.96,21.46,0.5516,4,-1,-1
1586,446,162.80,396.96,46.79,20.52,0.7454,4,-1,-1
1586,439,246.54,441.97,95.34,58.51,0.7564,6,-1,-1
1586,452,393.12,410.19,40.81,19.24,0.5029,4,-1,-1
1586,455,1014.03,481.62,84.91,33.04,0.5039,4,-1,-1
1586,451,481.78,399.07,46.14,20.99,0.1375,4,-1,-1
1587,422,395.15,411.08,59.67,21.25,0.5651,4,-1,-1
1587,446,158.89,396.30,47.00,20.58,0.7334,4,-1,-1
1587,439,248.15,440.71,97.38,59.73,0.7372,6,-1,-1
1587,452,393.44,410.16,40.36,19.06,0.5283,4,-1,-1
1587,455,1004.79,481.11,83.26,32.29,0.7090,4,-1,-1
1588,422,394.68,411.00,59.90,21.23,0.5612,4,-1,-1
1588,446,155.82,395.60,47.60,20.94,0.7017,4,-1,-1
1588,439,248.75,438.92,100.77,61.91,0.6993,6,-1,-1
1588,452,393.12,410.09,40.74,19.25,0.5283,4,-1,-1
1588,455,999.10,480.21,83.25,32.17,0.5458,4,-1,-1
1589,422,394.70,411.07,59.35,20.87,0.5380,4,-1,-1
1589,446,150.87,394.47,47.69,20.86,0.7082,4,-1,-1
1589,439,251.26,438.73,101.50,62.47,0.6352,6,-1,-1
1589,452,392.83,410.13,40.24,19.01,0.5574,4,-1,-1
1589,455,988.10,477.75,87.03,33.65,0.2666,5,-1,-1
1590,422,394.71,411.11,58.30,20.38,0.5302,4,-1,-1
1590,446,146.28,393.53,48.43,21.20,0.7739,4,-1,-1
1590,439,254.13,438.92,101.98,62.86,0.7009,6,-1,-1
1590,452,392.54,410.07,39.58,18.70,0.5804,4,-1,-1
1590,455,979.62,474.98,90.38,35.27,0.2108,4,-1,-1
1591,422,395.34,411.41,59.23,20.58,0.5477,4,-1,-1
1591,446,143.59,392.85,48.54,21.28,0.7780,4,-1,-1
1591,439,255.76,438.45,104.27,64.45,0.6243,6,-1,-1
1591,452,391.92,409.63,39.81,18.66,0.5955,4,-1,-1
1591,455,972.81,472.08,93.69,37.17,0.1608,4,-1,-1
1592,422,395.52,411.07,58.51,20.09,0.5224,4,-1,-1
1592,446,139.78,391.62,48.49,21.25,0.7484,4,-1,-1
1592,439,259.23,439.83,102.72,63.53,0.7506,6,-1,-1
1592,452,391.30,409.48,39.17,18.32,0.6086,4,-1,-1
1592,455,964.07,468.28,98.30,40.05,0.1045,4,-1,-1
1593,422,395.72,411.46,59.43,20.32,0.5380,4,-1,-1
1593,446,137.24,390.75,48.38,21.22,0.7033,4,-1,-1
1593,439,261.87,441.27,101.29,62.58,0.7461,6,-1,-1
1593,452,391.11,409.45,39.27,18.30,0.6030,4,-1,-1
1593,455,961.85,468.63,93.28,38.89,0.2193,4,-1,-1
1593,458,273.47,454.95,89.85,48.64,0.5117,6,-1,-1
1594,422,396.43,411.71,59.18,20.16,0.5010,4,-1,-1
1594,446,134.22,389.76,48.63,21.40,0.6505,4,-1,-1
1594,439,266.03,442.26,100.53,62.21,0.7447,6,-1,-1
1594,452,390.89,409.44,38.73,18.04,0.6030,4,-1,-1
1594,455,939.87,455.71,116.15,50.42,0.1432,4,-1,-1
1594,458,279.88,454.67,90.81,49.31,0.1156,6,-1,-1
1594,459,1011.80,401.00,83.97,37.95,0.5283,4,-1,-1
1595,422,396.92,411.88,58.84,19.99,0.4912,4,-1,-1
1595,446,131.49,389.12,46.80,20.55,0.7146,4,-1,-1
1595,439,267.05,440.81,103.27,64.13,0.8210,6,-1,-1
1595,452,390.86,409.45,38.12,17.77,0.6086,4,-1,-1
1595,455,933.89,460.61,102.14,44.69,0.3933,4,-1,-1
1595,459,1021.23,401.10,90.38,40.79,0.6976,4,-1,-1
1596,422,396.63,411.88,59.21,20.05,0.5088,4,-1,-1
1596,446,129.22,388.57,45.89,20.19,0.7303,4,-1,-1
1596,439,269.27,440.61,104.13,64.81,0.8164,6,-1,-1
1596,452,390.84,409.46,38.27,17.83,0.6105,4,-1,-1
1596,455,929.45,462.19,95.78,42.33,0.1192,5,-1,-1
1596,459,1029.27,401.90,90.02,40.51,0.4533,4,-1,-1
1597,422,396.55,411.86,59.27,20.01,0.4961,4,-1,-1
1597,446,124.85,387.70,46.92,20.78,0.7318,4,-1,-1
1597,439,271.83,440.74,104.81,65.38,0.7905,6,-1,-1
1597,452,390.84,409.45,38.30,17.85,0.6123,4,-1,-1
1597,455,924.08,465.85,87.27,38.51,0.4244,4,-1,-1
1597,459,1040.00,403.89,84.10,37.72,0.5813,4,-1,-1
1598,422,396.26,411.80,59.69,20.10,0.4980,4,-1,-1
1598,446,122.73,387.30,46.36,20.61,0.7469,4,-1,-1
1598,439,274.38,441.12,104.88,65.59,0.7827,6,-1,-1
1598,452,390.78,409.46,38.66,18.01,0.6067,4,-1,-1
1598,455,921.71,467.33,82.50,36.50,0.3016,4,-1,-1
1598,459,1049.71,405.01,86.60,38.62,0.1859,4,-1,-1
1599,422,395.67,411.66,59.99,20.14,0.5098,4,-1,-1
1599,446,120.05,386.73,45.03,20.06,0.7628,4,-1,-1
1599,439,277.10,441.46,105.24,66.13,0.7982,6,-1,-1
1599,452,390.68,409.48,39.21,18.27,0.6011,4,-1,-1
1599,459,1060.74,406.33,90.51,40.12,0.3260,4,-1,-1
1600,422,395.47,411.56,60.51,20.26,0.5078,4,-1,-1
1600,446,116.49,385.82,45.14,20.12,0.7766,4,-1,-1
1600,439,280.87,442.46,104.62,65.93,0.7994,6,-1,-1
1600,452,390.48,409.48,39.65,18.51,0.5974,4,-1,-1
1600,459,1078.35,410.16,85.88,37.58,0.2108,4,-1,-1
1601,422,394.84,411.38,61.21,20.42,0.4805,4,-1,-1
1601,446,114.47,384.86,44.42,19.72,0.8087,4,-1,-1
1601,439,284.29,443.82,102.97,64.98,0.8032,6,-1,-1
1601,452,389.89,409.35,40.18,18.82,0.6105,4,-1,-1
1601,459,1084.82,410.09,92.64,40.44,0.6086,4,-1,-1
1602,422,394.67,411.33,62.56,20.82,0.4571,4,-1,-1
1602,446,111.04,384.04,44.55,19.85,0.7556,4,-1,-1
1602,439,286.99,444.20,103.27,65.26,0.7892,6,-1,-1
1602,452,389.02,409.16,40.64,19.05,0.5804,4,-1,-1
1602,459,1094.65,412.50,93.07,40.13,0.1962,4,-1,-1
1603,422,395.22,411.29,62.45,20.74,0.4282,4,-1,-1
1603,446,109.13,383.67,43.72,19.50,0.7424,4,-1,-1
1603,439,289.33,444.88,102.77,64.93,0.7827,6,-1,-1
1603,452,388.73,409.11,40.36,18.94,0.5955,4,-1,-1
1603,459,1104.54,415.48,91.27,38.81,0.1471,4,-1,-1
1604,422,393.91,411.06,64.29,21.28,0.4292,4,-1,-1
1604,446,106.59,383.23,43.48,19.43,0.7439,4,-1,-1
1604,439,290.42,443.42,105.82,67.22,0.6225,6,-1,-1
1604,452,388.21,409.09,40.93,19.24,0.6011,4,-1,-1
1604,459,1115.45,415.85,95.45,40.27,0.3217,4,-1,-1
1605,422,393.53,410.84,65.48,21.61,0.4111,4,-1,-1
1605,446,102.72,382.48,44.04,19.71,0.7394,4,-1,-1
1605,439,293.79,443.85,105.93,67.41,0.5059,6,-1,-1
1605,452,387.76,409.04,41.39,19.50,0.5955,4,-1,-1
1606,422,391.82,409.87,65.77,21.61,0.3504,4,-1,-1
1606,446,100.94,381.99,43.05,19.26,0.7725,4,-1,-1
1606,439,297.06,444.92,104.71,66.59,0.7372,6,-1,-1
1606,452,387.44,408.95,41.15,19.47,0.5107,4,-1,-1
1606,455,863.47,461.53,72.54,31.44,0.6343,4,-1,-1
1607,422,392.53,409.66,64.12,20.89,0.3639,4,-1,-1
1607,446,97.21,380.96,43.17,19.35,0.7712,4,-1,-1
1607,439,301.21,445.17,104.47,66.64,0.8093,6,-1,-1
1607,452,388.09,409.05,40.07,19.01,0.5765,4,-1,-1
1607,455,850.04,461.37,70.28,30.55,0.6289,4,-1,-1
1608,422,392.10,409.58,63.66,20.63,0.3242,4,-1,-1
1608,446,94.86,380.04,43.62,19.68,0.7976,4,-1,-1
1608,439,303.70,445.16,104.54,66.81,0.8322,6,-1,-1
1608,452,388.21,409.03,39.92,19.00,0.5631,4,-1,-1
1608,455,844.20,461.12,68.71,29.96,0.6049,4,-1,-1
1609,422,390.76,409.71,61.01,19.80,0.2942,4,-1,-1
1609,446,91.67,379.22,44.12,19.97,0.7556,4,-1,-1
1609,439,306.52,445.91,104.22,66.59,0.8187,6,-1,-1
1609,452,388.60,409.05,39.23,18.72,0.5689,4,-1,-1
1609,455,834.95,460.98,67.63,29.74,0.6487,4,-1,-1
1610,422,390.44,409.65,59.55,19.32,0.3675,4,-1,-1
1610,446,88.69,378.12,43.80,19.93,0.7527,4,-1,-1
1610,439,308.49,446.37,104.68,66.71,0.8333,6,-1,-1
1610,452,389.41,409.03,38.51,18.36,0.5727,4,-1,-1
1610,455,827.40,459.92,68.99,30.22,0.5860,4,-1,-1
1611,422,389.20,409.74,58.99,19.20,0.3363,4,-1,-1
1611,446,86.83,377.67,43.13,19.67,0.7409,4,-1,-1
1611,439,309.01,446.16,106.00,67.35,0.8439,6,-1,-1
1611,452,389.90,409.18,38.12,18.16,0.5535,4,-1,-1
1611,455,822.70,459.06,70.70,30.78,0.4659,4,-1,-1
1611,460,495.13,448.18,49.45,18.42,0.4639,4,-1,-1
1612,422,395.02,410.42,62.32,20.29,0.2031,4,-1,-1
1612,446,84.12,376.81,42.88,19.62,0.7820,4,-1,-1
1612,439,311.18,446.26,107.17,67.83,0.8267,6,-1,-1
1612,452,389.91,409.17,37.97,18.01,0.5516,4,-1,-1
1612,455,815.95,457.74,72.67,31.38,0.5955,4,-1,-1
1612,460,492.73,447.88,50.78,18.93,0.4776,4,-1,-1
1613,422,393.68,410.35,63.84,20.84,0.1105,4,-1,-1
1613,446,82.63,376.58,41.95,19.23,0.7739,4,-1,-1
1613,439,312.75,445.91,108.71,68.67,0.8408,6,-1,-1
1613,452,390.64,409.08,37.61,17.77,0.5224,4,-1,-1
1613,455,810.47,456.59,74.13,31.83,0.5215,6,-1,-1
1613,460,493.35,447.49,50.95,19.02,0.5244,4,-1,-1
1614,422,396.05,410.60,62.84,20.56,0.2282,4,-1,-1
1614,446,80.30,375.83,41.42,19.07,0.7334,4,-1,-1
1614,439,317.10,447.25,107.68,67.96,0.7931,6,-1,-1
1614,452,390.77,409.27,37.55,17.70,0.5283,4,-1,-1
1614,455,801.70,454.92,76.02,32.61,0.4036,6,-1,-1
1614,460,489.23,446.41,51.19,19.11,0.5612,4,-1,-1
1615,422,397.54,410.58,61.72,20.35,0.2200,4,-1,-1
1615,446,76.79,374.89,41.23,19.03,0.7585,4,-1,-1
1615,439,320.77,447.78,107.76,68.00,0.7677,6,-1,-1
1615,452,390.30,409.13,37.68,17.79,0.5554,4,-1,-1
1615,455,795.37,454.76,74.68,32.11,0.2394,4,-1,-1
1615,460,484.27,444.95,53.28,19.84,0.5400,4,-1,-1
1616,422,397.08,410.59,61.97,20.55,0.2241,4,-1,-1
1616,446,74.11,374.30,41.10,18.95,0.7698,4,-1,-1
1616,439,323.90,448.16,107.52,67.86,0.7957,6,-1,-1
1616,452,389.55,409.02,37.86,17.86,0.5458,4,-1,-1
1616,455,789.40,454.22,74.53,32.13,0.3612,6,-1,-1
1616,460,488.26,445.94,50.56,18.88,0.4523,4,-1,-1
1617,422,399.51,411.21,61.32,20.34,0.2422,4,-1,-1
1617,446,71.07,372.99,41.96,19.45,0.7963,4,-1,-1
1617,439,328.06,449.49,106.80,67.35,0.6243,5,-1,-1
1617,452,389.12,408.99,37.37,17.53,0.5936,4,-1,-1
1617,455,783.40,453.75,73.57,31.97,0.2372,6,-1,-1
1617,460,484.34,444.67,52.88,19.64,0.4620,4,-1,-1
1618,422,402.64,411.47,61.37,20.51,0.2358,4,-1,-1
1618,446,69.73,372.56,41.39,19.17,0.7846,4,-1,-1
1618,439,330.42,450.35,106.45,67.06,0.5390,5,-1,-1
1618,452,389.05,409.06,36.54,17.00,0.6142,4,-1,-1
1618,455,772.80,451.39,78.32,34.03,0.1451,6,-1,-1
1618,460,480.93,443.38,55.99,20.65,0.4620,4,-1,-1
1618,462,402.27,391.35,31.86,15.75,0.4971,4,-1,-1
1619,422,403.92,411.54,61.85,20.83,0.2069,4,-1,-1
1619,446,66.95,371.83,41.65,19.28,0.7833,4,-1,-1
1619,439,333.48,450.44,107.36,67.75,0.1974,5,-1,-1
1619,452,389.32,409.05,36.63,17.00,0.6105,4,-1,-1
1619,455,766.48,450.22,78.80,34.59,0.1074,4,-1,-1
1619,460,479.32,442.85,57.89,21.17,0.3951,4,-1,-1
1619,462,398.45,391.35,30.97,15.31,0.4083,4,-1,-1
1620,422,404.33,412.40,62.04,20.97,0.2473,4,-1,-1
1620,446,63.42,370.49,42.42,19.77,0.7976,4,-1,-1
1620,439,336.09,450.40,108.94,68.93,0.6496,6,-1,-1
1620,452,390.16,408.51,37.11,17.27,0.5651,4,-1,-1
1620,455,760.88,450.52,75.55,33.50,0.1059,4,-1,-1
1620,460,482.63,443.16,58.13,21.25,0.1667,4,-1,-1
1620,462,394.47,390.98,32.32,15.97,0.5708,4,-1,-1
1621,422,405.47,412.48,62.32,21.12,0.3603,4,-1,-1
1621,446,61.00,369.66,42.38,19.90,0.7820,4,-1,-1
1621,439,338.41,450.71,108.79,68.92,0.2798,6,-1,-1
1621,452,389.64,408.04,38.56,17.98,0.5516,4,-1,-1
1621,455,754.44,448.31,78.39,35.23,0.2302,4,-1,-1
1621,460,477.06,439.97,65.75,24.05,0.1298,4,-1,-1
1621,462,391.52,390.49,34.49,17.00,0.4961,4,-1,-1
1621,463,222.51,388.76,41.12,17.87,0.4562,4,-1,-1
1622,422,405.73,412.36,64.02,21.71,0.2583,4,-1,-1
1622,446,58.94,369.21,41.34,19.48,0.7454,4,-1,-1
1622,439,348.66,457.32,99.50,62.49,0.3217,5,-1,-1
1622,452,390.34,408.13,38.93,18.18,0.5879,4,-1,-1
1622,455,733.85,439.73,94.78,43.55,0.1385,6,-1,-1
1622,462,388.79,389.75,35.07,17.18,0.6067,4,-1,-1
1622,463,222.83,388.94,40.63,17.66,0.4244,4,-1,-1
1623,422,407.07,412.26,64.24,21.97,0.2365,4,-1,-1
1623,446,57.38,368.83,40.92,19.36,0.7379,4,-1,-1
1623,439,352.45,457.74,99.75,62.69,0.3140,6,-1,-1
1623,452,390.36,408.25,39.36,18.44,0.5842,4,-1,-1
1623,455,730.19,437.81,94.21,44.42,0.1661,5,-1,-1
1623,462,388.40,389.31,34.53,16.77,0.5784,4,-1,-1
1623,463,222.97,389.23,39.94,17.35,0.3914,4,-1,-1
1624,422,406.86,411.65,63.45,21.74,0.1480,4,-1,-1
1624,446,54.86,368.26,40.23,18.99,0.7614,4,-1,-1
1624,439,353.91,456.18,103.18,64.99,0.7402,6,-1,-1
1624,452,390.11,408.30,39.02,18.32,0.6011,4,-1,-1
1624,462,386.39,388.88,34.88,16.88,0.5341,4,-1,-1
1624,463,223.08,389.28,39.58,17.20,0.3390,4,-1,-1
1624,465,1242.70,527.05,84.84,32.10,0.8117,4,-1,-1
1625,422,408.03,410.77,61.75,21.25,0.2220,4,-1,-1
1625,446,52.21,367.34,40.01,18.84,0.7409,4,-1,-1
1625,439,356.96,455.92,104.52,66.00,0.7025,6,-1,-1
1625,452,389.32,408.34,39.43,18.57,0.5917,4,-1,-1
1625,462,384.76,388.57,34.66,16.70,0.4873,4,-1,-1
1625,463,222.52,389.18,39.69,17.24,0.2531,4,-1,-1
1625,465,1231.10,524.54,87.84,33.22,0.7853,4,-1,-1
1626,422,409.28,410.65,59.22,20.55,0.1196,4,-1,-1
1626,446,50.07,366.59,39.87,18.76,0.7628,4,-1,-1
1626,439,358.05,455.18,106.43,67.27,0.7982,6,-1,-1
1626,452,388.74,408.25,39.85,18.83,0.5860,4,-1,-1
1626,462,384.43,388.40,34.39,16.52,0.5020,4,-1,-1
1626,463,221.81,389.10,40.24,17.47,0.1366,4,-1,-1
1626,465,1220.86,522.41,90.83,34.36,0.7925,4,-1,-1
1627,422,409.10,411.44,58.57,20.39,0.3933,4,-1,-1
1627,446,48.00,365.88,39.87,18.76,0.7469,4,-1,-1
1627,439,359.27,454.79,107.79,68.09,0.7982,6,-1,-1
1627,452,388.57,407.86,40.83,19.41,0.6142,4,-1,-1
1627,462,383.78,388.02,34.33,16.57,0.5059,4,-1,-1
1627,463,221.18,388.72,41.02,17.81,0.1546,4,-1,-1
1627,465,1213.22,522.45,85.99,32.45,0.8081,4,-1,-1
1628,422,409.76,412.11,58.30,20.38,0.3242,4,-1,-1
1628,446,45.93,365.18,40.42,19.11,0.7684,4,-1,-1
1628,439,361.14,455.02,108.32,68.30,0.7677,6,-1,-1
1628,452,388.58,407.72,41.23,19.74,0.6343,4,-1,-1
1628,462,383.11,387.75,33.79,16.46,0.5185,4,-1,-1
1628,463,221.04,388.58,41.62,18.08,0.2697,4,-1,-1
1628,465,1205.13,521.16,87.06,32.83,0.8199,4,-1,-1
1629,422,408.20,411.73,59.28,20.77,0.2037,4,-1,-1
1629,446,43.93,364.73,39.49,18.69,0.7599,4,-1,-1
1629,439,363.69,455.10,109.44,68.96,0.8007,6,-1,-1
1629,452,387.80,407.66,42.85,20.82,0.6142,4,-1,-1
1629,462,382.63,386.94,33.16,16.47,0.4600,4,-1,-1
1629,463,221.71,388.63,41.05,17.83,0.2682,4,-1,-1
1629,465,1195.77,520.36,85.35,32.10,0.8187,4,-1,-1
1630,422,407.53,411.66,59.74,21.09,0.1877,4,-1,-1
1630,446,40.97,363.92,39.31,18.62,0.7766,4,-1,-1
1630,439,366.95,455.42,109.93,69.24,0.8007,6,-1,-1
1630,452,387.38,407.49,43.04,21.24,0.6505,4,-1,-1
1630,462,382.16,386.73,32.11,16.33,0.4717,4,-1,-1
1630,463,221.47,388.85,41.10,17.84,0.2140,4,-1,-1
1630,465,1184.21,518.47,86.43,32.52,0.8019,4,-1,-1
1630,468,616.69,347.89,67.17,27.52,0.6343,4,-1,-1
1631,422,403.89,411.66,58.95,20.84,0.1694,4,-1,-1
1631,446,38.58,363.12,39.83,18.90,0.7670,4,-1,-1
1631,439,369.13,455.84,110.87,69.76,0.7982,6,-1,-1
1631,452,387.37,407.39,42.54,21.33,0.6697,4,-1,-1
1631,462,380.93,386.76,31.50,16.43,0.5068,4,-1,-1
1631,463,221.40,388.86,41.18,17.86,0.2227,4,-1,-1
1631,465,1176.61,517.54,86.43,32.53,0.8019,4,-1,-1
1631,468,620.80,347.94,67.86,27.88,0.6783,4,-1,-1
1631,469,386.50,430.01,47.65,22.95,0.6487,4,-1,-1
1632,422,407.39,411.52,57.78,20.71,0.3311,4,-1,-1
1632,446,36.42,362.34,39.15,18.54,0.7670,4,-1,-1
1632,439,371.64,455.41,111.77,70.37,0.7677,6,-1,-1
1632,452,387.28,407.50,42.08,21.22,0.5917,4,-1,-1
1632,462,379.79,386.39,30.10,16.03,0.4140,4,-1,-1
1632,463,221.88,388.86,40.39,17.45,0.2344,4,-1,-1
1632,465,1167.29,515.67,85.24,32.05,0.8013,4,-1,-1
1632,468,630.03,348.65,68.01,28.01,0.6397,4,-1,-1
1632,469,384.61,429.96,46.33,22.32,0.5380,4,-1,-1
