seq,HOTA(0),LocA(0),HOTALocA(0),HOTA___5,HOTA___10,HOTA___15,HOTA___20,HOTA___25,HOTA___30,HOTA___35,HOTA___40,HOTA___45,HOTA___50,HOTA___55,HOTA___60,HOTA___65,HOTA___70,HOTA___75,HOTA___80,HOTA___85,HOTA___90,HOTA___95,HOTA___AUC,DetA___5,DetA___10,DetA___15,DetA___20,DetA___25,DetA___30,DetA___35,DetA___40,DetA___45,DetA___50,DetA___55,DetA___60,DetA___65,DetA___70,DetA___75,DetA___80,DetA___85,DetA___90,DetA___95,DetA___AUC,AssA___5,AssA___10,AssA___15,AssA___20,AssA___25,AssA___30,AssA___35,AssA___40,AssA___45,AssA___50,AssA___55,AssA___60,AssA___65,AssA___70,AssA___75,AssA___80,AssA___85,AssA___90,AssA___95,AssA___AUC,DetRe___5,DetRe___10,DetRe___15,DetRe___20,DetRe___25,DetRe___30,DetRe___35,DetRe___40,DetRe___45,DetRe___50,DetRe___55,DetRe___60,DetRe___65,DetRe___70,DetRe___75,DetRe___80,DetRe___85,DetRe___90,DetRe___95,DetRe___AUC,DetPr___5,DetPr___10,DetPr___15,DetPr___20,DetPr___25,DetPr___30,DetPr___35,DetPr___40,DetPr___45,DetPr___50,DetPr___55,DetPr___60,DetPr___65,DetPr___70,DetPr___75,DetPr___80,DetPr___85,DetPr___90,DetPr___95,DetPr___AUC,AssRe___5,AssRe___10,AssRe___15,AssRe___20,AssRe___25,AssRe___30,AssRe___35,AssRe___40,AssRe___45,AssRe___50,AssRe___55,AssRe___60,AssRe___65,AssRe___70,AssRe___75,AssRe___80,AssRe___85,AssRe___90,AssRe___95,AssRe___AUC,AssPr___5,AssPr___10,AssPr___15,AssPr___20,AssPr___25,AssPr___30,AssPr___35,AssPr___40,AssPr___45,AssPr___50,AssPr___55,AssPr___60,AssPr___65,AssPr___70,AssPr___75,AssPr___80,AssPr___85,AssPr___90,AssPr___95,AssPr___AUC,LocA___5,LocA___10,LocA___15,LocA___20,LocA___25,LocA___30,LocA___35,LocA___40,LocA___45,LocA___50,LocA___55,LocA___60,LocA___65,LocA___70,LocA___75,LocA___80,LocA___85,LocA___90,LocA___95,LocA___AUC,OWTA___5,OWTA___10,OWTA___15,OWTA___20,OWTA___25,OWTA___30,OWTA___35,OWTA___40,OWTA___45,OWTA___50,OWTA___55,OWTA___60,OWTA___65,OWTA___70,OWTA___75,OWTA___80,OWTA___85,OWTA___90,OWTA___95,OWTA___AUC,HOTA_TP___5,HOTA_TP___10,HOTA_TP___15,HOTA_TP___20,HOTA_TP___25,HOTA_TP___30,HOTA_TP___35,HOTA_TP___40,HOTA_TP___45,HOTA_TP___50,HOTA_TP___55,HOTA_TP___60,HOTA_TP___65,HOTA_TP___70,HOTA_TP___75,HOTA_TP___80,HOTA_TP___85,HOTA_TP___90,HOTA_TP___95,HOTA_TP___AUC,HOTA_FN___5,HOTA_FN___10,HOTA_FN___15,HOTA_FN___20,HOTA_FN___25,HOTA_FN___30,HOTA_FN___35,HOTA_FN___40,HOTA_FN___45,HOTA_FN___50,HOTA_FN___55,HOTA_FN___60,HOTA_FN___65,HOTA_FN___70,HOTA_FN___75,HOTA_FN___80,HOTA_FN___85,HOTA_FN___90,HOTA_FN___95,HOTA_FN___AUC,HOTA_FP___5,HOTA_FP___10,HOTA_FP___15,HOTA_FP___20,HOTA_FP___25,HOTA_FP___30,HOTA_FP___35,HOTA_FP___40,HOTA_FP___45,HOTA_FP___50,HOTA_FP___55,HOTA_FP___60,HOTA_FP___65,HOTA_FP___70,HOTA_FP___75,HOTA_FP___80,HOTA_FP___85,HOTA_FP___90,HOTA_FP___95,HOTA_FP___AUC,MOTA,MOTP,MODA,CLR_Re,CLR_Pr,MTR,PTR,MLR,sMOTA,CLR_F1,FP_per_frame,MOTAL,MOTP_sum,CLR_TP,CLR_FN,CLR_FP,IDSW,MT,PT,ML,Frag,CLR_Frames,IDF1,IDR,IDP,IDTP,IDFN,IDFP,Dets,GT_Dets,IDs,GT_IDs
M0101,0.6632126837069593,0.7269389085552046,0.4821151044339051,0.6632126837069593,0.6632126837069593,0.6632126837069593,0.6632126837069593,0.6632126837069593,0.6632126837069593,0.6632126837069593,0.6632126837069593,0.6632126837069593,0.6632126837069593,0.6632126837069593,0.6632126837069593,0.6501815320672838,0.3816838878103754,0.12453099823030314,0.023543166947603573,0.006946417461944194,0.0,0.0,0.48133885300005375,0.49714285714285716,0.49714285714285716,0.49714285714285716,0.49714285714285716,0.49714285714285716,0.49714285714285716,0.49714285714285716,0.49714285714285716,0.49714285714285716,0.49714285714285716,0.49714285714285716,0.49714285714285716,0.48863636363636365,0.3034825870646766,0.1031578947368421,0.019455252918287938,0.005758157389635317,0.0,0.0,0.3624318179715838,0.8847578870139399,0.8847578870139399,0.8847578870139399,0.8847578870139399,0.8847578870139399,0.8847578870139399,0.8847578870139399,0.8847578870139399,0.8847578870139399,0.8847578870139399,0.8847578870139399,0.8847578870139399,0.8651341899637144,0.4800360759511916,0.15033235759412222,0.02849002849002849,0.008379888268156424,0.0,0.0,0.6394456412860258,0.925531914893617,0.925531914893617,0.925531914893617,0.925531914893617,0.925531914893617,0.925531914893617,0.925531914893617,0.925531914893617,0.925531914893617,0.925531914893617,0.925531914893617,0.925531914893617,0.9148936170212766,0.648936170212766,0.26063829787234044,0.05319148936170213,0.015957446808510637,0.0,0.0,0.6842105263157895,0.5178571428571429,0.5178571428571429,0.5178571428571429,0.5178571428571429,0.5178571428571429,0.5178571428571429,0.5178571428571429,0.5178571428571429,0.5178571428571429,0.5178571428571429,0.5178571428571429,0.5178571428571429,0.5119047619047619,0.3630952380952381,0.14583333333333334,0.02976190476190476,0.008928571428571428,0.0,0.0,0.38283208020050125,0.8941672780630961,0.8941672780630961,0.8941672780630961,0.8941672780630961,0.8941672780630961,0.8941672780630961,0.8941672780630961,0.8941672780630961,0.8941672780630961,0.8941672780630961,0.8941672780630961,0.8941672780630961,0.8835353785254824,0.6178060690617371,0.25021710811984366,0.05319148936170213,0.015957446808510637,0.0,0.0,0.6605639383491805,0.9886386286625473,0.9886386286625473,0.9886386286625473,0.9886386286625473,0.9886386286625473,0.9886386286625473,0.9886386286625473,0.9886386286625473,0.9886386286625473,0.9886386286625473,0.9886386286625473,0.9886386286625473,0.9772818927275172,0.6955368141760637,0.2785969879281192,0.05780346820809248,0.017341040462427744,0.0,0.0,0.731064407760673,0.7269389085552046,0.7269389085552046,0.7269389085552046,0.7269389085552046,0.7269389085552046,0.7269389085552046,0.7269389085552046,0.7269389085552046,0.7269389085552046,0.7269389085552046,0.7269389085552046,0.7269389085552046,0.7278652078849955,0.7485776860869806,0.7843256011179678,0.833716204478152,0.8624765853264792,1.0,1.0,0.7726435888187911,0.9049152785676912,0.9049152785676912,0.9049152785676912,0.9049152785676912,0.9049152785676912,0.9049152785676912,0.9049152785676912,0.9049152785676912,0.9049152785676912,0.9049152785676912,0.9049152785676912,0.9049152785676912,0.8896660880716286,0.5581332929432993,0.19794537074270777,0.03892848632225431,0.011563806522956377,0.0,0.0,0.6608010730218494,174.0,174.0,174.0,174.0,174.0,174.0,174.0,174.0,174.0,174.0,174.0,174.0,172.0,122.0,49.0,10.0,3.0,0.0,0.0,128.6315789473684,14.0,14.0,14.0,14.0,14.0,14.0,14.0,14.0,14.0,14.0,14.0,14.0,16.0,66.0,139.0,178.0,185.0,188.0,188.0,59.36842105263158,162.0,162.0,162.0,162.0,162.0,162.0,162.0,162.0,162.0,162.0,162.0,162.0,164.0,214.0,287.0,326.0,333.0,336.0,336.0,207.3684210526316,0.05319148936170213,0.7269389085552046,0.06382978723404255,0.925531914893617,0.5178571428571429,1.0,0.0,0.0,-0.19953526548614042,0.6641221374045801,0.39803439803439805,0.062228563852851165,126.4873700886056,174,14,162,2,1,0,0,0.0,407,0.6526717557251909,0.9095744680851063,0.5089285714285714,171,17,165,336,188,22,1
M0201,0.8635823857884852,0.6191821904687933,0.5347148332827808,0.8635823857884852,0.8635823857884852,0.8635823857884852,0.8635823857884852,0.8635823857884852,0.8635823857884852,0.8577162513288323,0.8291374247735102,0.7334550877570317,0.5925231360806206,0.49877896439055663,0.4003430884323935,0.3288251004457974,0.2673587253094845,0.146157762109913,0.05974161310217951,0.023070724273516807,0.003459027484472744,0.0,0.5222137484325905,0.7579092159559835,0.7579092159559835,0.7579092159559835,0.7579092159559835,0.7579092159559835,0.7579092159559835,0.7530864197530864,0.7293640054127198,0.6469072164948454,0.514218009478673,0.4184239733629301,0.30808597748208805,0.22179732313575526,0.15135135135135136,0.0876595744680851,0.028985507246376812,0.010276679841897233,0.001567398119122257,0.0,0.44311467009909644,0.9839892711997895,0.9839892711997895,0.9839892711997895,0.9839892711997895,0.9839892711997895,0.9839892711997895,0.9768827965783665,0.9425593586442961,0.8315819518469719,0.6827525685978032,0.5945654913580453,0.5202268203359094,0.48749888030437677,0.47228311713699267,0.2436937614014471,0.12313258159374246,0.05179282868525897,0.007633587786259542,0.0,0.6230810195509582,1.0,1.0,1.0,1.0,1.0,1.0,0.9963702359346642,0.9782214156079855,0.911070780399274,0.7876588021778584,0.6842105263157895,0.5462794918330308,0.42105263157894735,0.30490018148820325,0.1869328493647913,0.06533575317604355,0.023593466424682397,0.003629764065335753,0.0,0.626802942019295,0.7579092159559835,0.7579092159559835,0.7579092159559835,0.7579092159559835,0.7579092159559835,0.7579092159559835,0.7551581843191196,0.7414030261348006,0.6905089408528198,0.5969738651994498,0.5185694635488308,0.4140302613480055,0.31911966987620355,0.2310866574965612,0.14167812929848694,0.04951856946354883,0.017881705639614855,0.002751031636863824,0.0,0.4750597263447477,1.0,1.0,1.0,1.0,1.0,1.0,0.9963743191031847,0.9783711368373738,0.9137511710876209,0.805335113893845,0.7249378065749342,0.6401747509519702,0.5947286680065778,0.5849651536112345,0.37358222802495566,0.21985910631991393,0.1,0.015384615384615385,0.0,0.6814454773576961,0.9839892711997895,0.9839892711997895,0.9839892711997895,0.9839892711997895,0.9839892711997895,0.9839892711997895,0.9803905764285118,0.9625191219683548,0.8983356043976292,0.7904570740120389,0.7103737672083412,0.625543263049313,0.5793857328220481,0.5684254782425898,0.36294222855366276,0.213315270283948,0.09701492537313433,0.014925373134328358,0.0,0.6688191601406651,0.6191821904687933,0.6191821904687933,0.6191821904687933,0.6191821904687933,0.6191821904687933,0.6191821904687933,0.62019010980262,0.6246460021350139,0.639519595193348,0.6649985598648502,0.6861786171928487,0.7136760607773854,0.7401839056744628,0.7652329557286205,0.7935063801726852,0.8368100465055642,0.8726590502693229,0.9055016986709612,1.0,0.7146419013052864,0.9919623335589862,0.9919623335589862,0.9919623335589862,0.9919623335589862,0.9919623335589862,0.9919623335589862,0.9865784016018705,0.9602248435171724,0.8704194493663227,0.7333321691877439,0.6378149949407698,0.5330940283392921,0.4530592526855048,0.3794722758369621,0.21343469537822596,0.0896937007762407,0.034956721308283256,0.005263850552224178,0.0,0.6236378097286593,551.0,551.0,551.0,551.0,551.0,551.0,549.0,539.0,502.0,434.0,377.0,301.0,232.0,168.0,103.0,36.0,13.0,2.0,0.0,345.36842105263156,0.0,0.0,0.0,0.0,0.0,0.0,2.0,12.0,49.0,117.0,174.0,250.0,319.0,383.0,448.0,515.0,538.0,549.0,551.0,205.6315789473684,176.0,176.0,176.0,176.0,176.0,176.0,178.0,188.0,225.0,293.0,350.0,426.0,495.0,559.0,624.0,691.0,714.0,725.0,727.0,381.63157894736844,0.2558983666061706,0.6649985598648502,0.2558983666061706,0.7876588021778584,0.5969738651994498,0.5,0.5,0.0,-0.007968466458538995,0.6791862284820032,0.27230483271375466,0.2558983666061706,288.609374981345,434,117,293,0,1,1,0,20.0,1076,0.6791862284820032,0.7876588021778584,0.5969738651994498,434,117,293,727,551,15,2
M0202,0,1.0,0,0.0,0.0,0.0,0.0,0.0,0.0,0.0,0.0,0.0,0.0,0.0,0.0,0.0,0.0,0.0,0.0,0.0,0.0,0.0,0.0,0.0,0.0,0.0,0.0,0.0,0.0,0.0,0.0,0.0,0.0,0.0,0.0,0.0,0.0,0.0,0.0,0.0,0.0,0.0,0.0,0.0,0.0,0.0,0.0,0.0,0.0,0.0,0.0,0.0,0.0,0.0,0.0,0.0,0.0,0.0,0.0,0.0,0.0,0.0,0.0,0.0,0.0,0.0,0.0,0.0,0.0,0.0,0.0,0.0,0.0,0.0,0.0,0.0,0.0,0.0,0.0,0.0,0.0,0.0,0.0,0.0,0.0,0.0,0.0,0.0,0.0,0.0,0.0,0.0,0.0,0.0,0.0,0.0,0.0,0.0,0.0,0.0,0.0,0.0,0.0,0.0,0.0,0.0,0.0,0.0,0.0,0.0,0.0,0.0,0.0,0.0,0.0,0.0,0.0,0.0,0.0,0.0,0.0,0.0,0.0,0.0,0.0,0.0,0.0,0.0,0.0,0.0,0.0,0.0,0.0,0.0,0.0,0.0,0.0,0.0,0.0,0.0,0.0,0.0,0.0,1.0,1.0,1.0,1.0,1.0,1.0,1.0,1.0,1.0,1.0,1.0,1.0,1.0,1.0,1.0,1.0,1.0,1.0,1.0,1.0,0.0,0.0,0.0,0.0,0.0,0.0,0.0,0.0,0.0,0.0,0.0,0.0,0.0,0.0,0.0,0.0,0.0,0.0,0.0,0.0,0.0,0.0,0.0,0.0,0.0,0.0,0.0,0.0,0.0,0.0,0.0,0.0,0.0,0.0,0.0,0.0,0.0,0.0,0.0,0.0,0.0,0.0,0.0,0.0,0.0,0.0,0.0,0.0,0.0,0.0,0.0,0.0,0.0,0.0,0.0,0.0,0.0,0.0,0.0,0.0,18.0,18.0,18.0,18.0,18.0,18.0,18.0,18.0,18.0,18.0,18.0,18.0,18.0,18.0,18.0,18.0,18.0,18.0,18.0,18.0,0,0,0,0,0,0,0,1.0,0,0,0,0,0,0,0,18,0,0,0,0,0,0,0,0,0,0,0,18,18,0,1,0
M0203,0.5028885945449647,0.7870249172590027,0.395785854512247,0.5028885945449647,0.5028885945449647,0.5028885945449647,0.5028885945449647,0.5028885945449647,0.5028885945449647,0.4979059068621331,0.4758227160589573,0.4570822338894305,0.44762801627992604,0.4360742779297472,0.4241482115330631,0.4152355599777464,0.39797097448969876,0.3631253409930254,0.30240256450593594,0.26255364869485925,0.1410135473968449,0.01211560125538388,0.40265316669139684,0.43653250773993807,0.43653250773993807,0.43653250773993807,0.43653250773993807,0.43653250773993807,0.43653250773993807,0.43209876543209874,0.40606060606060607,0.3768545994065282,0.36470588235294116,0.35276967930029157,0.3371757925072046,0.32193732193732194,0.30704225352112674,0.281767955801105,0.24064171122994651,0.20207253886010362,0.10476190476190476,0.006507592190889371,0.3343995605158787,0.5793312847025632,0.5793312847025632,0.5793312847025632,0.5793312847025632,0.5793312847025632,0.5793312847025632,0.5737352474041273,0.5575701108123032,0.5543893291109262,0.5494039187577305,0.5390507944138759,0.5335546303872096,0.5355718598653226,0.515827690553941,0.4679737725903034,0.3800143813488085,0.3411369938332264,0.18980965069922123,0.022556390977443608,0.4861359199457799,0.834319526627219,0.834319526627219,0.834319526627219,0.834319526627219,0.834319526627219,0.834319526627219,0.8284023668639053,0.7928994082840237,0.7514792899408284,0.7337278106508875,0.7159763313609467,0.6923076923076923,0.6686390532544378,0.6449704142011834,0.6035502958579881,0.5325443786982249,0.46153846153846156,0.2603550295857988,0.01775147928994083,0.668950482715665,0.47796610169491527,0.47796610169491527,0.47796610169491527,0.47796610169491527,0.47796610169491527,0.47796610169491527,0.4745762711864407,0.4542372881355932,0.43050847457627117,0.42033898305084744,0.4101694915254237,0.39661016949152544,0.38305084745762713,0.3694915254237288,0.34576271186440677,0.3050847457627119,0.26440677966101694,0.14915254237288136,0.010169491525423728,0.3832292595896521,0.6920696324951644,0.6920696324951644,0.6920696324951644,0.6920696324951644,0.6920696324951644,0.6920696324951644,0.6890259740259741,0.6827001356852104,0.6873299928418038,0.6864369501466276,0.6806912096168294,0.6798756798756799,0.6859211584875302,0.6716317270041419,0.6328529562826671,0.5479883581578496,0.5156512978546877,0.33877994116823085,0.05084745762711865,0.6159026649339652,0.7852691044180407,0.7852691044180407,0.7852691044180407,0.7852691044180407,0.7852691044180407,0.7852691044180407,0.7775664811379097,0.7487012987012988,0.7319153287657225,0.7197598100823906,0.6996636971843584,0.6827912827912829,0.6757460828257289,0.6511577107907384,0.6203548085901027,0.5557094757094757,0.4982628482628482,0.29331955922865016,0.03896103896103896,0.652922318396831,0.7870249172590027,0.7870249172590027,0.7870249172590027,0.7870249172590027,0.7870249172590027,0.7870249172590027,0.790197870626989,0.8084253957845533,0.8290994398152344,0.837644415591774,0.84557138879854,0.8546145018699747,0.8628134435037225,0.8697622669846532,0.879084864458354,0.8933205903031953,0.9029032474704953,0.9193662265935902,0.9588762549782825,0.8407278637017566,0.6952319060668758,0.6952319060668758,0.6952319060668758,0.6952319060668758,0.6952319060668758,0.6952319060668758,0.6894081787321843,0.6649037606600919,0.6454549553540131,0.634911753295785,0.6212468190676318,0.6077696725598052,0.5984181325211225,0.5767959771297084,0.5314562154125743,0.4498605590755779,0.39679697996285573,0.22230136577058154,0.02001023006594123,0.570038212421533,141.0,141.0,141.0,141.0,141.0,141.0,140.0,134.0,127.0,124.0,121.0,117.0,113.0,109.0,102.0,90.0,78.0,44.0,3.0,113.05263157894737,28.0,28.0,28.0,28.0,28.0,28.0,29.0,35.0,42.0,45.0,48.0,52.0,56.0,60.0,67.0,79.0,91.0,125.0,166.0,55.94736842105263,154.0,154.0,154.0,154.0,154.0,154.0,155.0,161.0,168.0,171.0,174.0,178.0,182.0,186.0,193.0,205.0,217.0,251.0,292.0,181.94736842105263,-0.3254437869822485,0.8416865709952064,-0.26627218934911245,0.7396449704142012,0.423728813559322,0.5,0.5,0.0,-0.4425395184946699,0.5387931034482759,0.16881827209533268,-0.27218934911242604,105.2108213744008,125,44,170,10,1,1,0,5.0,1007,0.47844827586206895,0.6568047337278107,0.376271186440678,111,58,184,295,169,10,2
M0204,0.0,1.0,0.0,0.0,0.0,0.0,0.0,0.0,0.0,0.0,0.0,0.0,0.0,0.0,0.0,0.0,0.0,0.0,0.0,0.0,0.0,0.0,0.0,0.0,0.0,0.0,0.0,0.0,0.0,0.0,0.0,0.0,0.0,0.0,0.0,0.0,0.0,0.0,0.0,0.0,0.0,0.0,0.0,0.0,0.0,0.0,0.0,0.0,0.0,0.0,0.0,0.0,0.0,0.0,0.0,0.0,0.0,0.0,0.0,0.0,0.0,0.0,0.0,0.0,0.0,0.0,0.0,0.0,0.0,0.0,0.0,0.0,0.0,0.0,0.0,0.0,0.0,0.0,0.0,0.0,0.0,0.0,0.0,0.0,0.0,0.0,0.0,0.0,0.0,0.0,0.0,0.0,0.0,0.0,0.0,0.0,0.0,0.0,0.0,0.0,0.0,0.0,0.0,0.0,0.0,0.0,0.0,0.0,0.0,0.0,0.0,0.0,0.0,0.0,0.0,0.0,0.0,0.0,0.0,0.0,0.0,0.0,0.0,0.0,0.0,0.0,0.0,0.0,0.0,0.0,0.0,0.0,0.0,0.0,0.0,0.0,0.0,0.0,0.0,0.0,0.0,0.0,0.0,1.0,1.0,1.0,1.0,1.0,1.0,1.0,1.0,1.0,1.0,1.0,1.0,1.0,1.0,1.0,1.0,1.0,1.0,1.0,1.0,0.0,0.0,0.0,0.0,0.0,0.0,0.0,0.0,0.0,0.0,0.0,0.0,0.0,0.0,0.0,0.0,0.0,0.0,0.0,0.0,0.0,0.0,0.0,0.0,0.0,0.0,0.0,0.0,0.0,0.0,0.0,0.0,0.0,0.0,0.0,0.0,0.0,0.0,0.0,0.0,114.0,114.0,114.0,114.0,114.0,114.0,114.0,114.0,114.0,114.0,114.0,114.0,114.0,114.0,114.0,114.0,114.0,114.0,114.0,114.0,43.0,43.0,43.0,43.0,43.0,43.0,43.0,43.0,43.0,43.0,43.0,43.0,43.0,43.0,43.0,43.0,43.0,43.0,43.0,43.0,-0.37719298245614036,0.0,-0.37719298245614036,0.0,0.0,0.0,0.0,1.0,-0.37719298245614036,0.0,0.12285714285714286,-0.37719298245614036,0,0,114,43,0,0,0,1,0.0,350,0.0,0.0,0.0,0,114,43,43,114,2,1
M0205,0.04173360882981167,0.48101455252726655,0.02007447317661984,0.04173360882981167,0.04173360882981167,0.04173360882981167,0.04173360882981167,0.04173360882981167,0.04173360882981167,0.04173360882981167,0.004855799472985448,0.004855799472985448,0.004855799472985448,0.004855799472985448,0.004855799472985448,0.004855799472985448,0.004855799472985448,0.004855799472985448,0.004855799472985448,0.004855799472985448,0.004855799472985448,0.0,0.01818679242165903,0.024154589371980676,0.024154589371980676,0.024154589371980676,0.024154589371980676,0.024154589371980676,0.024154589371980676,0.024154589371980676,0.004739336492890996,0.004739336492890996,0.004739336492890996,0.004739336492890996,0.004739336492890996,0.004739336492890996,0.004739336492890996,0.004739336492890996,0.004739336492890996,0.004739336492890996,0.004739336492890996,0.0,0.011642885632929773,0.072106135986733,0.072106135986733,0.072106135986733,0.072106135986733,0.072106135986733,0.072106135986733,0.072106135986733,0.004975124378109453,0.004975124378109453,0.004975124378109453,0.004975124378109453,0.004975124378109453,0.004975124378109453,0.004975124378109453,0.004975124378109453,0.004975124378109453,0.004975124378109453,0.004975124378109453,0.0,0.02944575368770184,0.1111111111111111,0.1111111111111111,0.1111111111111111,0.1111111111111111,0.1111111111111111,0.1111111111111111,0.1111111111111111,0.022222222222222223,0.022222222222222223,0.022222222222222223,0.022222222222222223,0.022222222222222223,0.022222222222222223,0.022222222222222223,0.022222222222222223,0.022222222222222223,0.022222222222222223,0.022222222222222223,0.0,0.05380116959064327,0.029940119760479042,0.029940119760479042,0.029940119760479042,0.029940119760479042,0.029940119760479042,0.029940119760479042,0.029940119760479042,0.005988023952095809,0.005988023952095809,0.005988023952095809,0.005988023952095809,0.005988023952095809,0.005988023952095809,0.005988023952095809,0.005988023952095809,0.005988023952095809,0.005988023952095809,0.005988023952095809,0.0,0.014497321147179323,0.07555555555555556,0.07555555555555556,0.07555555555555556,0.07555555555555556,0.07555555555555556,0.07555555555555556,0.07555555555555556,0.022222222222222223,0.022222222222222223,0.022222222222222223,0.022222222222222223,0.022222222222222223,0.022222222222222223,0.022222222222222223,0.022222222222222223,0.022222222222222223,0.022222222222222223,0.022222222222222223,0.0,0.04070175438596492,0.8012738853503185,0.8012738853503185,0.8012738853503185,0.8012738853503185,0.8012738853503185,0.8012738853503185,0.8012738853503185,0.006369426751592357,0.006369426751592357,0.006369426751592357,0.006369426751592357,0.006369426751592357,0.006369426751592357,0.006369426751592357,0.006369426751592357,0.006369426751592357,0.006369426751592357,0.006369426751592357,0.0,0.29889373114314455,0.48101455252726655,0.48101455252726655,0.48101455252726655,0.48101455252726655,0.48101455252726655,0.48101455252726655,0.48101455252726655,0.9117226875882437,0.9117226875882437,0.9117226875882437,0.9117226875882437,0.9117226875882437,0.9117226875882437,0.9117226875882437,0.9117226875882437,0.9117226875882437,0.9117226875882437,0.9117226875882437,1.0,0.7576869174295551,0.08950861906774553,0.08950861906774553,0.08950861906774553,0.08950861906774553,0.08950861906774553,0.08950861906774553,0.08950861906774553,0.010514671631275197,0.010514671631275197,0.010514671631275197,0.010514671631275197,0.010514671631275197,0.010514671631275197,0.010514671631275197,0.010514671631275197,0.010514671631275197,0.010514671631275197,0.010514671631275197,0.0,0.039064301127276095,5.0,5.0,5.0,5.0,5.0,5.0,5.0,1.0,1.0,1.0,1.0,1.0,1.0,1.0,1.0,1.0,1.0,1.0,0.0,2.4210526315789473,40.0,40.0,40.0,40.0,40.0,40.0,40.0,44.0,44.0,44.0,44.0,44.0,44.0,44.0,44.0,44.0,44.0,44.0,45.0,42.578947368421055,162.0,162.0,162.0,162.0,162.0,162.0,162.0,166.0,166.0,166.0,166.0,166.0,166.0,166.0,166.0,166.0,166.0,166.0,167.0,164.57894736842104,-3.6666666666666665,0.9117226875882437,-3.6666666666666665,0.022222222222222223,0.005988023952095809,0.0,0.0,1.0,-3.668628384720261,0.009433962264150943,0.25696594427244585,-3.6666666666666665,0.9117226875882437,1,44,166,0,0,0,1,0.0,646,0.009433962264150943,0.022222222222222223,0.005988023952095809,1,44,166,167,45,7,1
M0206,0,1.0,0,0.0,0.0,0.0,0.0,0.0,0.0,0.0,0.0,0.0,0.0,0.0,0.0,0.0,0.0,0.0,0.0,0.0,0.0,0.0,0.0,0.0,0.0,0.0,0.0,0.0,0.0,0.0,0.0,0.0,0.0,0.0,0.0,0.0,0.0,0.0,0.0,0.0,0.0,0.0,0.0,0.0,0.0,0.0,0.0,0.0,0.0,0.0,0.0,0.0,0.0,0.0,0.0,0.0,0.0,0.0,0.0,0.0,0.0,0.0,0.0,0.0,0.0,0.0,0.0,0.0,0.0,0.0,0.0,0.0,0.0,0.0,0.0,0.0,0.0,0.0,0.0,0.0,0.0,0.0,0.0,0.0,0.0,0.0,0.0,0.0,0.0,0.0,0.0,0.0,0.0,0.0,0.0,0.0,0.0,0.0,0.0,0.0,0.0,0.0,0.0,0.0,0.0,0.0,0.0,0.0,0.0,0.0,0.0,0.0,0.0,0.0,0.0,0.0,0.0,0.0,0.0,0.0,0.0,0.0,0.0,0.0,0.0,0.0,0.0,0.0,0.0,0.0,0.0,0.0,0.0,0.0,0.0,0.0,0.0,0.0,0.0,0.0,0.0,0.0,0.0,1.0,1.0,1.0,1.0,1.0,1.0,1.0,1.0,1.0,1.0,1.0,1.0,1.0,1.0,1.0,1.0,1.0,1.0,1.0,1.0,0.0,0.0,0.0,0.0,0.0,0.0,0.0,0.0,0.0,0.0,0.0,0.0,0.0,0.0,0.0,0.0,0.0,0.0,0.0,0.0,0.0,0.0,0.0,0.0,0.0,0.0,0.0,0.0,0.0,0.0,0.0,0.0,0.0,0.0,0.0,0.0,0.0,0.0,0.0,0.0,0.0,0.0,0.0,0.0,0.0,0.0,0.0,0.0,0.0,0.0,0.0,0.0,0.0,0.0,0.0,0.0,0.0,0.0,0.0,0.0,2.0,2.0,2.0,2.0,2.0,2.0,2.0,2.0,2.0,2.0,2.0,2.0,2.0,2.0,2.0,2.0,2.0,2.0,2.0,2.0,0,0,0,0,0,0,0,1.0,0,0,0,0,0,0,0,2,0,0,0,0,0,0,0,0,0,0,0,2,2,0,2,0
M0207,0,1.0,0,0.0,0.0,0.0,0.0,0.0,0.0,0.0,0.0,0.0,0.0,0.0,0.0,0.0,0.0,0.0,0.0,0.0,0.0,0.0,0.0,0.0,0.0,0.0,0.0,0.0,0.0,0.0,0.0,0.0,0.0,0.0,0.0,0.0,0.0,0.0,0.0,0.0,0.0,0.0,0.0,0.0,0.0,0.0,0.0,0.0,0.0,0.0,0.0,0.0,0.0,0.0,0.0,0.0,0.0,0.0,0.0,0.0,0.0,0.0,0.0,0.0,0.0,0.0,0.0,0.0,0.0,0.0,0.0,0.0,0.0,0.0,0.0,0.0,0.0,0.0,0.0,0.0,0.0,0.0,0.0,0.0,0.0,0.0,0.0,0.0,0.0,0.0,0.0,0.0,0.0,0.0,0.0,0.0,0.0,0.0,0.0,0.0,0.0,0.0,0.0,0.0,0.0,0.0,0.0,0.0,0.0,0.0,0.0,0.0,0.0,0.0,0.0,0.0,0.0,0.0,0.0,0.0,0.0,0.0,0.0,0.0,0.0,0.0,0.0,0.0,0.0,0.0,0.0,0.0,0.0,0.0,0.0,0.0,0.0,0.0,0.0,0.0,0.0,0.0,0.0,1.0,1.0,1.0,1.0,1.0,1.0,1.0,1.0,1.0,1.0,1.0,1.0,1.0,1.0,1.0,1.0,1.0,1.0,1.0,1.0,0.0,0.0,0.0,0.0,0.0,0.0,0.0,0.0,0.0,0.0,0.0,0.0,0.0,0.0,0.0,0.0,0.0,0.0,0.0,0.0,0.0,0.0,0.0,0.0,0.0,0.0,0.0,0.0,0.0,0.0,0.0,0.0,0.0,0.0,0.0,0.0,0.0,0.0,0.0,0.0,0.0,0.0,0.0,0.0,0.0,0.0,0.0,0.0,0.0,0.0,0.0,0.0,0.0,0.0,0.0,0.0,0.0,0.0,0.0,0.0,762.0,762.0,762.0,762.0,762.0,762.0,762.0,762.0,762.0,762.0,762.0,762.0,762.0,762.0,762.0,762.0,762.0,762.0,762.0,762.0,0,0,0,0,0,0,0,1.0,0,0,0,0,0,0,0,762,0,0,0,0,0,0,0,0,0,0,0,762,762,0,23,0
M0208,0,1.0,0,0.0,0.0,0.0,0.0,0.0,0.0,0.0,0.0,0.0,0.0,0.0,0.0,0.0,0.0,0.0,0.0,0.0,0.0,0.0,0.0,0.0,0.0,0.0,0.0,0.0,0.0,0.0,0.0,0.0,0.0,0.0,0.0,0.0,0.0,0.0,0.0,0.0,0.0,0.0,0.0,0.0,0.0,0.0,0.0,0.0,0.0,0.0,0.0,0.0,0.0,0.0,0.0,0.0,0.0,0.0,0.0,0.0,0.0,0.0,0.0,0.0,0.0,0.0,0.0,0.0,0.0,0.0,0.0,0.0,0.0,0.0,0.0,0.0,0.0,0.0,0.0,0.0,0.0,0.0,0.0,0.0,0.0,0.0,0.0,0.0,0.0,0.0,0.0,0.0,0.0,0.0,0.0,0.0,0.0,0.0,0.0,0.0,0.0,0.0,0.0,0.0,0.0,0.0,0.0,0.0,0.0,0.0,0.0,0.0,0.0,0.0,0.0,0.0,0.0,0.0,0.0,0.0,0.0,0.0,0.0,0.0,0.0,0.0,0.0,0.0,0.0,0.0,0.0,0.0,0.0,0.0,0.0,0.0,0.0,0.0,0.0,0.0,0.0,0.0,0.0,1.0,1.0,1.0,1.0,1.0,1.0,1.0,1.0,1.0,1.0,1.0,1.0,1.0,1.0,1.0,1.0,1.0,1.0,1.0,1.0,0.0,0.0,0.0,0.0,0.0,0.0,0.0,0.0,0.0,0.0,0.0,0.0,0.0,0.0,0.0,0.0,0.0,0.0,0.0,0.0,0.0,0.0,0.0,0.0,0.0,0.0,0.0,0.0,0.0,0.0,0.0,0.0,0.0,0.0,0.0,0.0,0.0,0.0,0.0,0.0,0.0,0.0,0.0,0.0,0.0,0.0,0.0,0.0,0.0,0.0,0.0,0.0,0.0,0.0,0.0,0.0,0.0,0.0,0.0,0.0,237.0,237.0,237.0,237.0,237.0,237.0,237.0,237.0,237.0,237.0,237.0,237.0,237.0,237.0,237.0,237.0,237.0,237.0,237.0,237.0,0,0,0,0,0,0,0,1.0,0,0,0,0,0,0,0,237,0,0,0,0,0,0,0,0,0,0,0,237,237,0,4,0
M0209,0,1.0,0,0.0,0.0,0.0,0.0,0.0,0.0,0.0,0.0,0.0,0.0,0.0,0.0,0.0,0.0,0.0,0.0,0.0,0.0,0.0,0.0,0.0,0.0,0.0,0.0,0.0,0.0,0.0,0.0,0.0,0.0,0.0,0.0,0.0,0.0,0.0,0.0,0.0,0.0,0.0,0.0,0.0,0.0,0.0,0.0,0.0,0.0,0.0,0.0,0.0,0.0,0.0,0.0,0.0,0.0,0.0,0.0,0.0,0.0,0.0,0.0,0.0,0.0,0.0,0.0,0.0,0.0,0.0,0.0,0.0,0.0,0.0,0.0,0.0,0.0,0.0,0.0,0.0,0.0,0.0,0.0,0.0,0.0,0.0,0.0,0.0,0.0,0.0,0.0,0.0,0.0,0.0,0.0,0.0,0.0,0.0,0.0,0.0,0.0,0.0,0.0,0.0,0.0,0.0,0.0,0.0,0.0,0.0,0.0,0.0,0.0,0.0,0.0,0.0,0.0,0.0,0.0,0.0,0.0,0.0,0.0,0.0,0.0,0.0,0.0,0.0,0.0,0.0,0.0,0.0,0.0,0.0,0.0,0.0,0.0,0.0,0.0,0.0,0.0,0.0,0.0,1.0,1.0,1.0,1.0,1.0,1.0,1.0,1.0,1.0,1.0,1.0,1.0,1.0,1.0,1.0,1.0,1.0,1.0,1.0,1.0,0.0,0.0,0.0,0.0,0.0,0.0,0.0,0.0,0.0,0.0,0.0,0.0,0.0,0.0,0.0,0.0,0.0,0.0,0.0,0.0,0.0,0.0,0.0,0.0,0.0,0.0,0.0,0.0,0.0,0.0,0.0,0.0,0.0,0.0,0.0,0.0,0.0,0.0,0.0,0.0,0.0,0.0,0.0,0.0,0.0,0.0,0.0,0.0,0.0,0.0,0.0,0.0,0.0,0.0,0.0,0.0,0.0,0.0,0.0,0.0,4236.0,4236.0,4236.0,4236.0,4236.0,4236.0,4236.0,4236.0,4236.0,4236.0,4236.0,4236.0,4236.0,4236.0,4236.0,4236.0,4236.0,4236.0,4236.0,4236.0,0,0,0,0,0,0,0,1.0,0,0,0,0,0,0,0,4236,0,0,0,0,0,0,0,0,0,0,0,4236,4236,0,70,0
M0210,0.4291952516088913,0.6749424895585928,0.28968211162763174,0.4291952516088913,0.4225383857095954,0.41869500823190825,0.4183001325294109,0.4183001325294109,0.4183001325294109,0.4183001325294109,0.4183001325294109,0.41813155549957476,0.4162837271343915,0.40481045399579824,0.35074094754159496,0.240508323209067,0.16951389364451633,0.12840564420631984,0.09718813077306704,0.060740469572991874,0.03130200732301608,0.00866689530028686,0.29938007138937234,0.5604693140794224,0.5416852429781542,0.5233480176211454,0.5206684256816183,0.5206684256816183,0.5206684256816183,0.5206684256816183,0.5206684256816183,0.52,0.5153374233128835,0.49696969696969695,0.4271564176640528,0.2680601393472681,0.17980211531900375,0.11764705882352941,0.07025688641287527,0.03657074340527578,0.01616220981486923,0.002318840579710145,0.3620592755124199,0.3286684201546062,0.32959858093322864,0.33496928241968116,0.33605840539506343,0.33605840539506343,0.33605840539506343,0.33605840539506343,0.33605840539506343,0.33621922635479606,0.33626927453255695,0.32974144030008423,0.28799570179729156,0.2157883438906246,0.15981436084632825,0.14014808044433996,0.13444280333823322,0.10088404829679534,0.06062386726032488,0.03239337572552049,0.2530446754352489,0.6915367483296214,0.6765033407572383,0.6614699331848553,0.6592427616926503,0.6592427616926503,0.6592427616926503,0.6592427616926503,0.6592427616926503,0.6586859688195991,0.6547884187082406,0.6391982182628062,0.5762806236080178,0.4070155902004454,0.29342984409799555,0.2026726057906459,0.12639198218262807,0.06792873051224944,0.030623608017817373,0.004454342984409799,0.4730101981010432,0.7472924187725631,0.7310469314079422,0.7148014440433214,0.7123947051744886,0.7123947051744886,0.7123947051744886,0.7123947051744886,0.7123947051744886,0.7117930204572804,0.7075812274368231,0.690734055354994,0.6227436823104693,0.4398315282791817,0.31708784596871237,0.2190132370637786,0.1365824308062575,0.07340553549939831,0.03309265944645006,0.0048134777376654635,0.5111470010766989,0.337082170880717,0.3383491362664588,0.3436828547908944,0.3448004097126942,0.3448004097126942,0.3448004097126942,0.3448004097126942,0.3448004097126942,0.34497187596269463,0.3452038889693075,0.34088358074803055,0.30794481004917,0.24161931180367857,0.18248035255247758,0.15357927252186082,0.1427356307683601,0.10961136206750002,0.06808665935143796,0.03547301754848925,0.26398452488655516,0.956613147640574,0.9509328790689546,0.9602715098988526,0.9615965637986609,0.9615965637986609,0.9615965637986609,0.9615965637986609,0.9615965637986609,0.9608878542160731,0.9553693088408535,0.9370154515638491,0.8580763882657625,0.7157929315374368,0.6524216780907747,0.6127123274858595,0.6252234639355588,0.5195649821734877,0.35920501275945577,0.25384615384615383,0.7961008372798396,0.6749424895585928,0.6881708213613945,0.7010867406122229,0.7029327098679121,0.7029327098679121,0.7029327098679121,0.7029327098679121,0.7029327098679121,0.7031556830370486,0.7044888970625038,0.7087684947089041,0.7228833861704915,0.7629444129295055,0.7972710882945528,0.8295776014658975,0.8636382122008204,0.8981699258603291,0.9291313683189631,0.9656204762105169,0.7612901656384896,0.47674551969824547,0.47220180125680816,0.4707144663818241,0.4706846834800022,0.4706846834800022,0.4706846834800022,0.4706846834800022,0.4706846834800022,0.470598434811767,0.4692389865850239,0.45909709335523496,0.40738966927030923,0.29635995030877443,0.21655092469846188,0.16853538696728187,0.1303552546087366,0.08278239746309458,0.0430873710906616,0.012012127451218742,0.3436364632288133,1242.0,1215.0,1188.0,1184.0,1184.0,1184.0,1184.0,1184.0,1183.0,1176.0,1148.0,1035.0,731.0,527.0,364.0,227.0,122.0,55.0,8.0,849.5263157894736,554.0,581.0,608.0,612.0,612.0,612.0,612.0,612.0,613.0,620.0,648.0,761.0,1065.0,1269.0,1432.0,1569.0,1674.0,1741.0,1788.0,946.4736842105264,420.0,447.0,474.0,478.0,478.0,478.0,478.0,478.0,479.0,486.0,514.0,627.0,931.0,1135.0,1298.0,1435.0,1540.0,1607.0,1654.0,812.4736842105264,0.3680400890868597,0.7037843034762002,0.388641425389755,0.6570155902004454,0.7099879663056559,0.42857142857142855,0.42857142857142855,0.14285714285714285,0.17342175840863938,0.6824754193175245,0.8267581475128645,0.3877682618462879,830.4654781019163,1180,616,482,37,3,3,1,45.0,583,0.34875650665124347,0.3357461024498886,0.3628158844765343,603,1193,1059,1662,1796,35,7
M0301,0.8390522435396672,0.7974174661157727,0.6690749139821557,0.8390522435396672,0.8390522435396672,0.8390522435396672,0.8390522435396672,0.8390522435396672,0.8390522435396672,0.8390522435396672,0.8390522435396672,0.8390522435396672,0.8390522435396672,0.8390522435396672,0.8123623944599232,0.7864368555876692,0.7129310462392063,0.48840682142610653,0.27563938650227343,0.12617221643503754,0.04167969360669628,0.0,0.6564843733259607,0.8028169014084507,0.8028169014084507,0.8028169014084507,0.8028169014084507,0.8028169014084507,0.8028169014084507,0.8028169014084507,0.8028169014084507,0.8028169014084507,0.8028169014084507,0.8028169014084507,0.7777777777777778,0.7534246575342466,0.6842105263157895,0.47126436781609193,0.26732673267326734,0.12280701754385964,0.04065040650406504,0.0,0.6288656527188451,0.8769230769230769,0.8769230769230769,0.8769230769230769,0.8769230769230769,0.8769230769230769,0.8769230769230769,0.8769230769230769,0.8769230769230769,0.8769230769230769,0.8769230769230769,0.8769230769230769,0.8484848484848485,0.8208955223880597,0.742857142857143,0.5061728395061729,0.28421052631578947,0.12962962962962962,0.042735042735042736,0.0,0.6853231262142385,0.9344262295081968,0.9344262295081968,0.9344262295081968,0.9344262295081968,0.9344262295081968,0.9344262295081968,0.9344262295081968,0.9344262295081968,0.9344262295081968,0.9344262295081968,0.9344262295081968,0.9180327868852459,0.9016393442622951,0.8524590163934426,0.6721311475409836,0.4426229508196721,0.22950819672131148,0.08196721311475409,0.0,0.7566867989646248,0.8507462686567164,0.8507462686567164,0.8507462686567164,0.8507462686567164,0.8507462686567164,0.8507462686567164,0.8507462686567164,0.8507462686567164,0.8507462686567164,0.8507462686567164,0.8507462686567164,0.835820895522388,0.8208955223880597,0.7761194029850746,0.6119402985074627,0.40298507462686567,0.208955223880597,0.07462686567164178,0.0,0.6889238020424194,0.9344262295081968,0.9344262295081968,0.9344262295081968,0.9344262295081968,0.9344262295081968,0.9344262295081968,0.9344262295081968,0.9344262295081968,0.9344262295081968,0.9344262295081968,0.9344262295081968,0.9180327868852459,0.9016393442622951,0.8524590163934426,0.6721311475409836,0.4426229508196722,0.22950819672131148,0.08196721311475409,0.0,0.7566867989646248,0.9344262295081968,0.9344262295081968,0.9344262295081968,0.9344262295081968,0.9344262295081968,0.9344262295081968,0.9344262295081968,0.9344262295081968,0.9344262295081968,0.9344262295081968,0.9344262295081968,0.9180327868852459,0.9016393442622951,0.8524590163934426,0.6721311475409836,0.4426229508196722,0.22950819672131148,0.08196721311475409,0.0,0.7566867989646248,0.7974174661157727,0.7974174661157727,0.7974174661157727,0.7974174661157727,0.7974174661157727,0.7974174661157727,0.7974174661157727,0.7974174661157727,0.7974174661157727,0.7974174661157727,0.7974174661157727,0.8011305312691821,0.8039238136558945,0.8120183176743675,0.8329227321733886,0.8603908183588952,0.8892596826763989,0.9198189183766046,1.0,0.8258451021820121,0.9052181639461049,0.9052181639461049,0.9052181639461049,0.9052181639461049,0.9052181639461049,0.9052181639461049,0.9052181639461049,0.9052181639461049,0.9052181639461049,0.9052181639461049,0.9052181639461049,0.8825740252717905,0.8603206963184278,0.795773378117692,0.5832791196943039,0.35468028111512884,0.17248496322273366,0.05918506868570291,0.0,0.7192472282017334,57.0,57.0,57.0,57.0,57.0,57.0,57.0,57.0,57.0,57.0,57.0,56.0,55.0,52.0,41.0,27.0,14.0,5.0,0.0,46.1578947368421,4.0,4.0,4.0,4.0,4.0,4.0,4.0,4.0,4.0,4.0,4.0,5.0,6.0,9.0,20.0,34.0,47.0,56.0,61.0,14.842105263157896,10.0,10.0,10.0,10.0,10.0,10.0,10.0,10.0,10.0,10.0,10.0,11.0,12.0,15.0,26.0,40.0,53.0,62.0,67.0,20.842105263157894,0.7704918032786885,0.7974174661157727,0.7704918032786885,0.9344262295081968,0.8507462686567164,1.0,0.0,0.0,0.5811933699770335,0.890625,0.03076923076923077,0.7704918032786885,45.45279556859904,57,4,10,0,1,0,0,0.0,325,0.890625,0.9344262295081968,0.8507462686567164,57,4,10,67,61,4,1
M0401,0.6809510046135556,0.7155098843852108,0.4872271745830383,0.6809510046135556,0.6809510046135556,0.6809510046135556,0.6809510046135556,0.6809510046135556,0.6809510046135556,0.6809510046135556,0.6809510046135556,0.6809510046135556,0.6661465330108344,0.6099116196869168,0.5126916887454582,0.42691759479047064,0.3345786449675133,0.22099416940267044,0.1073804094789077,0.026115455189489184,0.005324784778212771,0.0,0.47571683903013023,0.572744014732965,0.572744014732965,0.572744014732965,0.572744014732965,0.572744014732965,0.572744014732965,0.572744014732965,0.572744014732965,0.572744014732965,0.5612431444241316,0.5141843971631206,0.43288590604026844,0.36421725239616615,0.28808446455505277,0.18776077885952713,0.08928571428571429,0.02031063321385902,0.0035252643948296123,0.0,0.4008522993647029,0.8096012507444578,0.8096012507444578,0.8096012507444578,0.8096012507444578,0.8096012507444578,0.8096012507444578,0.8096012507444578,0.8096012507444578,0.8096012507444578,0.7906576817034789,0.7234606609642161,0.6072102695905706,0.5004118600714561,0.38857655806325186,0.26010982275757694,0.12914218620640835,0.03357930757613412,0.00804289544235925,0.0,0.5646106578460828,0.6973094170403588,0.6973094170403588,0.6973094170403588,0.6973094170403588,0.6973094170403588,0.6973094170403588,0.6973094170403588,0.6973094170403588,0.6973094170403588,0.6883408071748879,0.6502242152466368,0.57847533632287,0.5112107623318386,0.4282511210762332,0.30269058295964124,0.15695067264573992,0.03811659192825112,0.006726457399103139,0.0,0.5071984894972857,0.7622549019607843,0.7622549019607843,0.7622549019607843,0.7622549019607843,0.7622549019607843,0.7622549019607843,0.7622549019607843,0.7622549019607843,0.7622549019607843,0.7524509803921569,0.7107843137254902,0.6323529411764706,0.5588235294117647,0.4681372549019608,0.33088235294117646,0.1715686274509804,0.041666666666666664,0.007352941176470588,0.0,0.554437564499484,0.87091937007485,0.87091937007485,0.87091937007485,0.87091937007485,0.87091937007485,0.87091937007485,0.87091937007485,0.87091937007485,0.87091937007485,0.8593516157579343,0.8225998558942076,0.7431457877769083,0.65566063049631,0.5511144890187442,0.41162930452729624,0.23147455018714497,0.05959412625270882,0.014563106796116505,0.0,0.6414425156516327,0.9319432663286844,0.9319432663286844,0.9319432663286844,0.9319432663286844,0.9319432663286844,0.9319432663286844,0.9319432663286844,0.9319432663286844,0.9319432663286844,0.9201821565140114,0.865551089485932,0.7756313311456698,0.6858017246291478,0.5739644523212555,0.41098760976783344,0.2233113368046605,0.07106799414099814,0.01764705882352941,0.0,0.6806123237153262,0.7155098843852108,0.7155098843852108,0.7155098843852108,0.7155098843852108,0.7155098843852108,0.7155098843852108,0.7155098843852108,0.7155098843852108,0.7155098843852108,0.7184210636330721,0.7297791919332706,0.7492650657299399,0.765685398565146,0.7832161940683707,0.8077677741782158,0.8382102410656661,0.8728590899053077,0.907476724436619,1.0,0.7690668264727634,0.7513604835175743,0.7513604835175743,0.7513604835175743,0.7513604835175743,0.7513604835175743,0.7513604835175743,0.7513604835175743,0.7513604835175743,0.7513604835175743,0.7377275559600565,0.6858656140507925,0.5926686805628469,0.5057824912618293,0.4079317916202801,0.28059364548047044,0.14236907315859434,0.03577609207435512,0.007355283377169794,0.0,0.5346481357476086,311.0,311.0,311.0,311.0,311.0,311.0,311.0,311.0,311.0,307.0,290.0,258.0,228.0,191.0,135.0,70.0,17.0,3.0,0.0,226.21052631578948,135.0,135.0,135.0,135.0,135.0,135.0,135.0,135.0,135.0,139.0,156.0,188.0,218.0,255.0,311.0,376.0,429.0,443.0,446.0,219.78947368421052,97.0,97.0,97.0,97.0,97.0,97.0,97.0,97.0,97.0,101.0,118.0,150.0,180.0,217.0,273.0,338.0,391.0,405.0,408.0,181.78947368421052,0.4618834080717489,0.7184210636330721,0.4618834080717489,0.6883408071748879,0.7524509803921569,0.5,0.0,0.5,0.2680611357294913,0.7189695550351288,0.16476345840130505,0.4618834080717489,220.55526653535313,307,139,101,0,2,0,2,4.0,613,0.7189695550351288,0.6883408071748879,0.7524509803921569,307,139,101,408,446,19,4
M0402,0,1.0,0,0.0,0.0,0.0,0.0,0.0,0.0,0.0,0.0,0.0,0.0,0.0,0.0,0.0,0.0,0.0,0.0,0.0,0.0,0.0,0.0,0.0,0.0,0.0,0.0,0.0,0.0,0.0,0.0,0.0,0.0,0.0,0.0,0.0,0.0,0.0,0.0,0.0,0.0,0.0,0.0,0.0,0.0,0.0,0.0,0.0,0.0,0.0,0.0,0.0,0.0,0.0,0.0,0.0,0.0,0.0,0.0,0.0,0.0,0.0,0.0,0.0,0.0,0.0,0.0,0.0,0.0,0.0,0.0,0.0,0.0,0.0,0.0,0.0,0.0,0.0,0.0,0.0,0.0,0.0,0.0,0.0,0.0,0.0,0.0,0.0,0.0,0.0,0.0,0.0,0.0,0.0,0.0,0.0,0.0,0.0,0.0,0.0,0.0,0.0,0.0,0.0,0.0,0.0,0.0,0.0,0.0,0.0,0.0,0.0,0.0,0.0,0.0,0.0,0.0,0.0,0.0,0.0,0.0,0.0,0.0,0.0,0.0,0.0,0.0,0.0,0.0,0.0,0.0,0.0,0.0,0.0,0.0,0.0,0.0,0.0,0.0,0.0,0.0,0.0,0.0,1.0,1.0,1.0,1.0,1.0,1.0,1.0,1.0,1.0,1.0,1.0,1.0,1.0,1.0,1.0,1.0,1.0,1.0,1.0,1.0,0.0,0.0,0.0,0.0,0.0,0.0,0.0,0.0,0.0,0.0,0.0,0.0,0.0,0.0,0.0,0.0,0.0,0.0,0.0,0.0,0.0,0.0,0.0,0.0,0.0,0.0,0.0,0.0,0.0,0.0,0.0,0.0,0.0,0.0,0.0,0.0,0.0,0.0,0.0,0.0,0.0,0.0,0.0,0.0,0.0,0.0,0.0,0.0,0.0,0.0,0.0,0.0,0.0,0.0,0.0,0.0,0.0,0.0,0.0,0.0,356.0,356.0,356.0,356.0,356.0,356.0,356.0,356.0,356.0,356.0,356.0,356.0,356.0,356.0,356.0,356.0,356.0,356.0,356.0,356.0,0,0,0,0,0,0,0,1.0,0,0,0,0,0,0,0,356,0,0,0,0,0,0,0,0,0,0,0,356,356,0,5,0
M0403,0,1.0,0,0.0,0.0,0.0,0.0,0.0,0.0,0.0,0.0,0.0,0.0,0.0,0.0,0.0,0.0,0.0,0.0,0.0,0.0,0.0,0.0,0.0,0.0,0.0,0.0,0.0,0.0,0.0,0.0,0.0,0.0,0.0,0.0,0.0,0.0,0.0,0.0,0.0,0.0,0.0,0.0,0.0,0.0,0.0,0.0,0.0,0.0,0.0,0.0,0.0,0.0,0.0,0.0,0.0,0.0,0.0,0.0,0.0,0.0,0.0,0.0,0.0,0.0,0.0,0.0,0.0,0.0,0.0,0.0,0.0,0.0,0.0,0.0,0.0,0.0,0.0,0.0,0.0,0.0,0.0,0.0,0.0,0.0,0.0,0.0,0.0,0.0,0.0,0.0,0.0,0.0,0.0,0.0,0.0,0.0,0.0,0.0,0.0,0.0,0.0,0.0,0.0,0.0,0.0,0.0,0.0,0.0,0.0,0.0,0.0,0.0,0.0,0.0,0.0,0.0,0.0,0.0,0.0,0.0,0.0,0.0,0.0,0.0,0.0,0.0,0.0,0.0,0.0,0.0,0.0,0.0,0.0,0.0,0.0,0.0,0.0,0.0,0.0,0.0,0.0,0.0,1.0,1.0,1.0,1.0,1.0,1.0,1.0,1.0,1.0,1.0,1.0,1.0,1.0,1.0,1.0,1.0,1.0,1.0,1.0,1.0,0.0,0.0,0.0,0.0,0.0,0.0,0.0,0.0,0.0,0.0,0.0,0.0,0.0,0.0,0.0,0.0,0.0,0.0,0.0,0.0,0.0,0.0,0.0,0.0,0.0,0.0,0.0,0.0,0.0,0.0,0.0,0.0,0.0,0.0,0.0,0.0,0.0,0.0,0.0,0.0,0.0,0.0,0.0,0.0,0.0,0.0,0.0,0.0,0.0,0.0,0.0,0.0,0.0,0.0,0.0,0.0,0.0,0.0,0.0,0.0,897.0,897.0,897.0,897.0,897.0,897.0,897.0,897.0,897.0,897.0,897.0,897.0,897.0,897.0,897.0,897.0,897.0,897.0,897.0,897.0,0,0,0,0,0,0,0,1.0,0,0,0,0,0,0,0,897,0,0,0,0,0,0,0,0,0,0,0,897,897,0,10,0
M0501,0,1.0,0,0.0,0.0,0.0,0.0,0.0,0.0,0.0,0.0,0.0,0.0,0.0,0.0,0.0,0.0,0.0,0.0,0.0,0.0,0.0,0.0,0.0,0.0,0.0,0.0,0.0,0.0,0.0,0.0,0.0,0.0,0.0,0.0,0.0,0.0,0.0,0.0,0.0,0.0,0.0,0.0,0.0,0.0,0.0,0.0,0.0,0.0,0.0,0.0,0.0,0.0,0.0,0.0,0.0,0.0,0.0,0.0,0.0,0.0,0.0,0.0,0.0,0.0,0.0,0.0,0.0,0.0,0.0,0.0,0.0,0.0,0.0,0.0,0.0,0.0,0.0,0.0,0.0,0.0,0.0,0.0,0.0,0.0,0.0,0.0,0.0,0.0,0.0,0.0,0.0,0.0,0.0,0.0,0.0,0.0,0.0,0.0,0.0,0.0,0.0,0.0,0.0,0.0,0.0,0.0,0.0,0.0,0.0,0.0,0.0,0.0,0.0,0.0,0.0,0.0,0.0,0.0,0.0,0.0,0.0,0.0,0.0,0.0,0.0,0.0,0.0,0.0,0.0,0.0,0.0,0.0,0.0,0.0,0.0,0.0,0.0,0.0,0.0,0.0,0.0,0.0,1.0,1.0,1.0,1.0,1.0,1.0,1.0,1.0,1.0,1.0,1.0,1.0,1.0,1.0,1.0,1.0,1.0,1.0,1.0,1.0,0.0,0.0,0.0,0.0,0.0,0.0,0.0,0.0,0.0,0.0,0.0,0.0,0.0,0.0,0.0,0.0,0.0,0.0,0.0,0.0,0.0,0.0,0.0,0.0,0.0,0.0,0.0,0.0,0.0,0.0,0.0,0.0,0.0,0.0,0.0,0.0,0.0,0.0,0.0,0.0,0.0,0.0,0.0,0.0,0.0,0.0,0.0,0.0,0.0,0.0,0.0,0.0,0.0,0.0,0.0,0.0,0.0,0.0,0.0,0.0,258.0,258.0,258.0,258.0,258.0,258.0,258.0,258.0,258.0,258.0,258.0,258.0,258.0,258.0,258.0,258.0,258.0,258.0,258.0,258.0,0,0,0,0,0,0,0,1.0,0,0,0,0,0,0,0,258,0,0,0,0,0,0,0,0,0,0,0,258,258,0,15,0
M0601,0.19438547874512685,0.6826112428545243,0.13268971323908277,0.19438547874512685,0.19438547874512685,0.19438547874512685,0.19438547874512685,0.19438547874512685,0.19438547874512685,0.19438547874512685,0.19438547874512685,0.19438547874512685,0.19438547874512685,0.1861974104834292,0.17819509391583163,0.12613003814843285,0.0789637033845299,0.02765503490747539,0.004852711087438796,0.0,0.0,0.0,0.1339920410199161,0.11304347826086956,0.11304347826086956,0.11304347826086956,0.11304347826086956,0.11304347826086956,0.11304347826086956,0.11304347826086956,0.11304347826086956,0.11304347826086956,0.11304347826086956,0.10891089108910891,0.10480887792848335,0.07692307692307693,0.04428904428904429,0.013574660633484163,0.0022371364653243847,0.0,0.0,0.0,0.07795676157564305,0.3342582423001383,0.3342582423001383,0.3342582423001383,0.3342582423001383,0.3342582423001383,0.3342582423001383,0.3342582423001383,0.3342582423001383,0.3342582423001383,0.3342582423001383,0.31832882206765434,0.3029656659175298,0.2068142248032266,0.14078575305230573,0.056340337072381265,0.010526315789473684,0.0,0.0,0.0,0.2304391337738923,0.7222222222222222,0.7222222222222222,0.7222222222222222,0.7222222222222222,0.7222222222222222,0.7222222222222222,0.7222222222222222,0.7222222222222222,0.7222222222222222,0.7222222222222222,0.6984126984126984,0.6746031746031746,0.5079365079365079,0.30158730158730157,0.09523809523809523,0.015873015873015872,0.0,0.0,0.0,0.5008354218880534,0.11818181818181818,0.11818181818181818,0.11818181818181818,0.11818181818181818,0.11818181818181818,0.11818181818181818,0.11818181818181818,0.11818181818181818,0.11818181818181818,0.11818181818181818,0.11428571428571428,0.11038961038961038,0.08311688311688312,0.04935064935064935,0.015584415584415584,0.0025974025974025974,0.0,0.0,0.0,0.08195488721804511,0.3466771323914181,0.3466771323914181,0.3466771323914181,0.3466771323914181,0.3466771323914181,0.3466771323914181,0.3466771323914181,0.3466771323914181,0.3466771323914181,0.3466771323914181,0.33495670995670995,0.32334267040149395,0.2425595238095238,0.1808688387635756,0.08068783068783068,0.015873015873015872,0.0,0.0,0.0,0.24447683754770164,0.9303791446648588,0.9303791446648588,0.9303791446648588,0.9303791446648588,0.9303791446648588,0.9303791446648588,0.9303791446648588,0.9303791446648588,0.9303791446648588,0.9303791446648588,0.8990800865800866,0.8691367456073338,0.6602408008658008,0.42117794486215543,0.16468253968253968,0.030303030303030304,0.0,0.0,0.0,0.6499164523447124,0.6826112428545243,0.6826112428545243,0.6826112428545243,0.6826112428545243,0.6826112428545243,0.6826112428545243,0.6826112428545243,0.6826112428545243,0.6826112428545243,0.6826112428545243,0.6881870799278142,0.6917806637638519,0.7126032715095216,0.7413172701598649,0.7776675300532728,0.8100803197630555,1.0,1.0,1.0,0.7498815033538223,0.4913336244855423,0.4913336244855423,0.4913336244855423,0.4913336244855423,0.4913336244855423,0.4913336244855423,0.4913336244855423,0.4913336244855423,0.4913336244855423,0.4913336244855423,0.4715134055388099,0.45208583258462154,0.32411185590494346,0.20605629173840118,0.07325125519638441,0.012926112238824687,0.0,0.0,0.0,0.33964636831881095,91.0,91.0,91.0,91.0,91.0,91.0,91.0,91.0,91.0,91.0,88.0,85.0,64.0,38.0,12.0,2.0,0.0,0.0,0.0,63.10526315789474,35.0,35.0,35.0,35.0,35.0,35.0,35.0,35.0,35.0,35.0,38.0,41.0,62.0,88.0,114.0,124.0,126.0,126.0,126.0,62.89473684210526,679.0,679.0,679.0,679.0,679.0,679.0,679.0,679.0,679.0,679.0,682.0,685.0,706.0,732.0,758.0,768.0,770.0,770.0,770.0,706.8947368421053,-4.865079365079365,0.6826112428545243,-4.666666666666667,0.7222222222222222,0.11818181818181818,0.0,1.0,0.0,-5.09430457857332,0.203125,1.825268817204301,-4.677761428640255,62.117623099761715,91,35,679,25,0,1,0,13.0,372,0.13616071428571427,0.48412698412698413,0.07922077922077922,61,65,709,770,126,49,1
M0602,0.03507902716565248,0.5762872962337059,0.020215597719802584,0.03507902716565248,0.03507902716565248,0.03507902716565248,0.03507902716565248,0.03507902716565248,0.03507902716565248,0.03507902716565248,0.03507902716565248,0.03242935110456473,0.027603405779099806,0.01949785295556753,0.013880259569081696,0.005806585560217016,0.0,0.0,0.0,0.0,0.0,0.0,0.019992088015460558,0.02664576802507837,0.02664576802507837,0.02664576802507837,0.02664576802507837,0.02664576802507837,0.02664576802507837,0.02664576802507837,0.02664576802507837,0.025039123630672927,0.0218408736349454,0.015503875968992248,0.010802469135802469,0.004601226993865031,0.0,0.0,0.0,0.0,0.0,0.0,0.01531335334552132,0.0461813728067598,0.0461813728067598,0.0461813728067598,0.0461813728067598,0.0461813728067598,0.0461813728067598,0.0461813728067598,0.0461813728067598,0.04200078359670889,0.034886333914158255,0.024520724407062214,0.017834960070984916,0.007327705395338245,0.0,0.0,0.0,0.0,0.0,0.0,0.02610639420201742,0.05573770491803279,0.05573770491803279,0.05573770491803279,0.05573770491803279,0.05573770491803279,0.05573770491803279,0.05573770491803279,0.05573770491803279,0.05245901639344262,0.04590163934426229,0.03278688524590164,0.022950819672131147,0.009836065573770493,0.0,0.0,0.0,0.0,0.0,0.0,0.032096635030198446,0.04857142857142857,0.04857142857142857,0.04857142857142857,0.04857142857142857,0.04857142857142857,0.04857142857142857,0.04857142857142857,0.04857142857142857,0.045714285714285714,0.04,0.02857142857142857,0.02,0.008571428571428572,0.0,0.0,0.0,0.0,0.0,0.0,0.027969924812030072,0.05538579067990833,0.05538579067990833,0.05538579067990833,0.05538579067990833,0.05538579067990833,0.05538579067990833,0.05538579067990833,0.05538579067990833,0.05194805194805195,0.04638218923933209,0.033766233766233764,0.026901669758812616,0.010822510822510824,0.0,0.0,0.0,0.0,0.0,0.0,0.03225826215653725,0.5666860803727432,0.5666860803727432,0.5666860803727432,0.5666860803727432,0.5666860803727432,0.5666860803727432,0.5666860803727432,0.5666860803727432,0.484048404840484,0.33097595473833097,0.2134213421342134,0.09885274241709885,0.050238357169050236,0.0,0.0,0.0,0.0,0.0,0.0,0.3005802865411117,0.5762872962337059,0.5762872962337059,0.5762872962337059,0.5762872962337059,0.5762872962337059,0.5762872962337059,0.5762872962337059,0.5762872962337059,0.5859626860430608,0.5989407797164008,0.6327779731183042,0.6510664480667951,0.6770119219366989,1.0,1.0,1.0,1.0,1.0,1.0,0.7240030620395214,0.05073503454431505,0.05073503454431505,0.05073503454431505,0.05073503454431505,0.05073503454431505,0.05073503454431505,0.05073503454431505,0.05073503454431505,0.04693953339390143,0.04001674546200876,0.02835415626113266,0.02023183018040716,0.008489746213746251,0.0,0.0,0.0,0.0,0.0,0.0,0.028942751992932458,17.0,17.0,17.0,17.0,17.0,17.0,17.0,17.0,16.0,14.0,10.0,7.0,3.0,0.0,0.0,0.0,0.0,0.0,0.0,9.789473684210526,288.0,288.0,288.0,288.0,288.0,288.0,288.0,288.0,289.0,291.0,295.0,298.0,302.0,305.0,305.0,305.0,305.0,305.0,305.0,295.2105263157895,333.0,333.0,333.0,333.0,333.0,333.0,333.0,333.0,334.0,336.0,340.0,343.0,347.0,350.0,350.0,350.0,350.0,350.0,350.0,340.2105263157895,-1.0590163934426229,0.5989407797164008,-1.0557377049180328,0.04590163934426229,0.04,0.0,0.0,1.0,-1.0774256691277717,0.042748091603053436,0.7,-1.0557377049180328,8.385170916029612,14,291,336,1,0,0,2,2.0,480,0.024427480916030534,0.02622950819672131,0.022857142857142857,8,297,342,350,305,12,2
M0603,0.7316064077696194,0.8094448601151532,0.5921950463964293,0.7316064077696194,0.7316064077696194,0.7316064077696194,0.7316064077696194,0.7316064077696194,0.7316064077696194,0.7316064077696194,0.7316064077696194,0.7316064077696194,0.7316064077696194,0.7306100757279246,0.7287062461669007,0.6932908881539815,0.6220530107413046,0.5393347356756026,0.4163556544466463,0.2241927848916034,0.060457750053828044,0.011679229475102035,0.5969865501594257,0.708173076923077,0.708173076923077,0.708173076923077,0.708173076923077,0.708173076923077,0.708173076923077,0.708173076923077,0.708173076923077,0.708173076923077,0.708173076923077,0.7057129140662506,0.7024436990896022,0.6587301587301587,0.5840392331698618,0.481651376146789,0.3154387263976305,0.16491803278688524,0.04592287312334413,0.007657402155416903,0.5656971149945635,0.7558151436865569,0.7558151436865569,0.7558151436865569,0.7558151436865569,0.7558151436865569,0.7558151436865569,0.7558151436865569,0.7558151436865569,0.7558151436865569,0.7558151436865569,0.7563855954959224,0.7559506817284738,0.7296648699429447,0.6625410181301659,0.6039263490396889,0.5495584926093504,0.30477203704220857,0.07959300655587935,0.017813404384879886,0.6325450995681623,0.8426773455377574,0.8426773455377574,0.8426773455377574,0.8426773455377574,0.8426773455377574,0.8426773455377574,0.8426773455377574,0.8426773455377574,0.8426773455377574,0.8426773455377574,0.8409610983981693,0.8386727688787186,0.8072082379862701,0.7494279176201373,0.6607551487414187,0.4874141876430206,0.2877574370709382,0.08924485125858124,0.015446224256292907,0.69492954353848,0.8160664819944599,0.8160664819944599,0.8160664819944599,0.8160664819944599,0.8160664819944599,0.8160664819944599,0.8160664819944599,0.8160664819944599,0.8160664819944599,0.8160664819944599,0.814404432132964,0.8121883656509695,0.7817174515235457,0.7257617728531855,0.6398891966759003,0.47202216066481995,0.2786703601108033,0.08642659279778393,0.014958448753462604,0.6729844000583176,0.8101875299044285,0.8101875299044285,0.8101875299044285,0.8101875299044285,0.8101875299044285,0.8101875299044285,0.8101875299044285,0.8101875299044285,0.8101875299044285,0.8101875299044285,0.8109591871660742,0.8112652809070809,0.8004831666697141,0.7558221171228106,0.7141892882285643,0.6842122817769148,0.4610358258611596,0.1469473323920763,0.03691010995593206,0.7012473625855059,0.9354720200346053,0.9354720200346053,0.9354720200346053,0.9354720200346053,0.9354720200346053,0.9354720200346053,0.9354720200346053,0.9354720200346053,0.9354720200346053,0.9354720200346053,0.933386728325972,0.9306370592714601,0.896252797874064,0.8398101708776532,0.7740529399072279,0.7026194818341791,0.4817073953696765,0.15102265106728197,0.033263546831341174,0.7946038406160478,0.8094448601151532,0.8094448601151532,0.8094448601151532,0.8094448601151532,0.8094448601151532,0.8094448601151532,0.8094448601151532,0.8094448601151532,0.8094448601151532,0.8094448601151532,0.8100078734202361,0.8106060473536437,0.8175987572888882,0.8289864391788649,0.842371771757098,0.8656933215653828,0.8934347548987399,0.9281822227897788,0.966270343903367,0.8346105333319754,0.7980653475743866,0.7980653475743866,0.7980653475743866,0.7980653475743866,0.7980653475743866,0.7980653475743866,0.7980653475743866,0.7980653475743866,0.7980653475743866,0.7980653475743866,0.7975530460106114,0.7962381875927417,0.7674578125129259,0.7046465323516578,0.631702021991842,0.517554447606732,0.2961425674741053,0.08428087583374258,0.016587641149267914,0.6627798214877628,1473.0,1473.0,1473.0,1473.0,1473.0,1473.0,1473.0,1473.0,1473.0,1473.0,1470.0,1466.0,1411.0,1310.0,1155.0,852.0,503.0,156.0,27.0,1214.7368421052631,275.0,275.0,275.0,275.0,275.0,275.0,275.0,275.0,275.0,275.0,278.0,282.0,337.0,438.0,593.0,896.0,1245.0,1592.0,1721.0,533.2631578947369,332.0,332.0,332.0,332.0,332.0,332.0,332.0,332.0,332.0,332.0,335.0,339.0,394.0,495.0,650.0,953.0,1302.0,1649.0,1778.0,590.2631578947369,0.647025171624714,0.8094448601151532,0.652745995423341,0.8426773455377574,0.8160664819944599,0.75,0.0,0.25,0.48644867216797516,0.8291584576414298,0.16314496314496316,0.6521739130434783,1192.3122789496206,1473,275,332,10,3,0,1,13.0,2035,0.7430340557275542,0.7551487414187643,0.7313019390581718,1320,428,485,1805,1748,22,4
M0604,0.7222469463465957,0.7917832818202784,0.571863057462982,0.7222469463465957,0.7222469463465957,0.7190389856658601,0.7081673352162539,0.7070746842331276,0.7067180705614386,0.7067180705614386,0.7042598691459641,0.6964887602441268,0.6861021010306989,0.672697327020799,0.6537081301949649,0.6364381896916312,0.6063747140813798,0.5166670729596222,0.4332172621743882,0.3232342398191869,0.11992849629071421,0.0073930247970910145,0.581511590862204,0.6975218658892128,0.6975218658892128,0.6889050036258159,0.6564722617354196,0.6529453513129879,0.6517730496453901,0.6517730496453901,0.6482661004953999,0.6378340365682138,0.6207376478775226,0.5995879120879121,0.5704652730950776,0.5505992010652463,0.5172638436482084,0.446583850931677,0.37485242030696575,0.2775644541963796,0.10222432560340748,0.004745470232959448,0.5288229991501263,0.7478484575418807,0.7478484575418807,0.7504910839466203,0.7639332290164786,0.7656913523896505,0.7662950033448276,0.7662950033448276,0.7650900809258188,0.760537326851358,0.758349513112857,0.7547211754238612,0.7490978673679488,0.7356595660042772,0.7108370290952358,0.5977485834379254,0.5006695597488319,0.3764184217823754,0.14069884186227807,0.011517681697966664,0.6405130649703632,0.8943925233644859,0.8943925233644859,0.8878504672897196,0.8626168224299066,0.8598130841121495,0.8588785046728972,0.8588785046728972,0.8560747663551402,0.8476635514018691,0.8336448598130841,0.8158878504672897,0.7906542056074767,0.7728971962616823,0.7420560747663552,0.6719626168224299,0.5934579439252337,0.47289719626168225,0.20186915887850468,0.010280373831775701,0.7224299065420562,0.7601270849880858,0.7601270849880858,0.7545671167593329,0.7331215250198571,0.7307386814932486,0.7299444003177125,0.7299444003177125,0.727561556791104,0.7204130262112788,0.7084988085782367,0.69340746624305,0.6719618745035743,0.6568705321683876,0.630659253375695,0.5710881652104846,0.5043685464654488,0.4019062748212867,0.1715647339158062,0.008737092930897538,0.613979348689436,0.7719210477831169,0.7719210477831169,0.7746051276840751,0.7877571736726666,0.7894524998601086,0.7900356131041659,0.7900356131041659,0.7895234090921864,0.7873212281426174,0.7873428401175039,0.7870224790327884,0.7864644279537896,0.7793152281664978,0.7660955801069151,0.6930239697277248,0.6218939693349141,0.5124364129798914,0.23337608441775107,0.02189072189072189,0.6863912881028799,0.9259163324329354,0.9259163324329354,0.924958815886787,0.9275096914522243,0.9282904619857791,0.9285917833298452,0.9285917833298452,0.9254337090082493,0.9164928865218288,0.9069870132338682,0.8969443183980279,0.884880392465692,0.8729335013862317,0.8510137225285797,0.7707272921098548,0.6907108217709208,0.561036082877022,0.25485242074838577,0.023686260015576114,0.7918670327323468,0.7917832818202784,0.7917832818202784,0.7966280188497019,0.8148322362817887,0.8167391254719768,0.8173263433468093,0.8173263433468093,0.818785419615307,0.8227713638397779,0.8286595946490163,0.8351480351574717,0.8435899618963326,0.8487144158194567,0.855814810655027,0.8691883564629249,0.8820010745409469,0.8960458565708516,0.9219458235881381,0.9620909036628859,0.8437460130208306,0.8178447707451099,0.8178447707451099,0.8162866283229041,0.8117768502259798,0.811388589503296,0.8112670994260265,0.8112670994260265,0.8093048327232487,0.8029195298736395,0.7951063913391014,0.7847087596801252,0.7695955946119107,0.7540485501397054,0.7262788277300861,0.6337702283389848,0.5450929530956108,0.42190901422241817,0.16853117474793147,0.010881455487686306,0.6799906905465738,957.0,957.0,950.0,923.0,920.0,919.0,919.0,916.0,907.0,892.0,873.0,846.0,827.0,794.0,719.0,635.0,506.0,216.0,11.0,773.0,113.0,113.0,120.0,147.0,150.0,151.0,151.0,154.0,163.0,178.0,197.0,224.0,243.0,276.0,351.0,435.0,564.0,854.0,1059.0,297.0,302.0,302.0,309.0,336.0,339.0,340.0,340.0,343.0,352.0,367.0,386.0,413.0,432.0,465.0,540.0,624.0,753.0,1043.0,1248.0,486.0,0.4794392523364486,0.828101546341896,0.4981308411214953,0.8373831775700935,0.7116759332803813,0.6666666666666666,0.3333333333333333,0.0,0.33549437899284,0.7694289394589953,0.33642261353104724,0.49691492523769726,741.9789855223388,896,174,363,20,2,1,0,24.0,1079,0.7170459424645771,0.780373831775701,0.6632247815726767,835,235,424,1259,1070,25,3
M0605,0.6467578146977673,0.7468800808115698,0.4830505289069827,0.6467578146977673,0.6454837819516311,0.6451692413261495,0.6445500203414959,0.6445500203414959,0.6445500203414959,0.6445500203414959,0.6423280867005005,0.6291975650570502,0.624896247716545,0.620632108014066,0.5949641193588187,0.5350922491363761,0.4605281282706493,0.30015845296021165,0.14730606522511064,0.07641443935846524,0.017510576235126002,0.0,0.4823494188091817,0.5244019138755981,0.5185891325071497,0.5171428571428571,0.5142585551330798,0.5142585551330798,0.5142585551330798,0.5142585551330798,0.5128205128205128,0.5042492917847026,0.5014137606032045,0.49858889934148637,0.4763670064874884,0.42105263157894735,0.35344095157179267,0.23106646058732613,0.12104152005629838,0.05706702057067021,0.01207115628970775,0.0,0.38454459661842433,0.7976623650764596,0.8034285461175502,0.804890455710916,0.8078518569607733,0.8078518569607733,0.8078518569607733,0.8078518569607733,0.8045414733804349,0.785106855524851,0.7787885995399264,0.7725487149968985,0.7430873643716798,0.6800188233288357,0.6000610738096308,0.3899098841712611,0.17926969887698005,0.1023212090639549,0.02540106951871658,0.0,0.6051812400700626,0.8838709677419355,0.8774193548387097,0.8758064516129033,0.8725806451612903,0.8725806451612903,0.8725806451612903,0.8725806451612903,0.8709677419354839,0.8612903225806452,0.8580645161290322,0.8548387096774194,0.8290322580645161,0.7612903225806451,0.6709677419354839,0.482258064516129,0.27741935483870966,0.13870967741935483,0.03064516129032258,0.0,0.6717317487266554,0.5632065775950668,0.5590955806783144,0.5580678314491264,0.5560123329907503,0.5560123329907503,0.5560123329907503,0.5560123329907503,0.5549845837615622,0.5488180883864338,0.5467625899280576,0.5447070914696814,0.5282631038026722,0.4850976361767729,0.42754367934224047,0.30729701952723537,0.17677286742034942,0.08838643371017471,0.019527235354573486,0.0,0.42803050792448755,0.8580186855133387,0.8641979975993662,0.8657663282423884,0.8689483191661115,0.8689483191661115,0.8689483191661115,0.8689483191661115,0.8671756373987308,0.8565982374623341,0.8530951740759641,0.8496036934819634,0.8271537890566601,0.7749181039502323,0.7097333553247405,0.5326685424177175,0.29416715963678897,0.1792099167162387,0.04785894206549118,0.0,0.6766294126108633,0.8952777688789815,0.9014615321065067,0.9030491775086545,0.9063294035567603,0.9063294035567603,0.9063294035567603,0.9063294035567603,0.904379162712496,0.8927369000402708,0.8888790729016293,0.8850329255989633,0.8641617146480959,0.8153755381509618,0.7518728878103877,0.5659836833749877,0.3090614549916876,0.18516254853464156,0.051351351351351354,0.0,0.7073212280440346,0.7468800808115698,0.7519781449092783,0.7531077939102705,0.7552293145072199,0.7552293145072199,0.7552293145072199,0.7552293145072199,0.75589521032986,0.7596803706113088,0.7607443115573116,0.7616240646265743,0.7671835986588311,0.7795337903503566,0.7934314451867366,0.819948562069492,0.854940670694194,0.882825156381845,0.9184094338954614,1.0,0.7961631522116827,0.8396610069256828,0.8396092880581202,0.839600055951207,0.839592695621858,0.839592695621858,0.839592695621858,0.839592695621858,0.8370959744041329,0.8223168105148252,0.8174661233537655,0.8126527835988118,0.7848843198996037,0.7195079911807235,0.6345247226999352,0.4336325472979864,0.22300870880883006,0.1191341340775999,0.027900176923234127,0.0,0.6373350224306257,548.0,544.0,543.0,541.0,541.0,541.0,541.0,540.0,534.0,532.0,530.0,514.0,472.0,416.0,299.0,172.0,86.0,19.0,0.0,416.4736842105263,72.0,76.0,77.0,79.0,79.0,79.0,79.0,80.0,86.0,88.0,90.0,106.0,148.0,204.0,321.0,448.0,534.0,601.0,620.0,203.52631578947367,425.0,429.0,430.0,432.0,432.0,432.0,432.0,433.0,439.0,441.0,443.0,459.0,501.0,557.0,674.0,801.0,887.0,954.0,973.0,556.5263157894736,0.14516129032258066,0.7607443115573116,0.14677419354838708,0.8580645161290322,0.5467625899280576,0.6666666666666666,0.3333333333333333,0.0,-0.060135526212113266,0.6679221594475832,0.5603557814485387,0.14677419354838708,404.7159737484898,532,88,441,1,2,1,0,40.0,787,0.6629001883239172,0.8516129032258064,0.5426515930113053,528,92,445,973,620,28,3
M0606,0.4498347227088006,0.8045591046009909,0.3619186217210276,0.4498347227088006,0.4498347227088006,0.4498347227088006,0.4498347227088006,0.4498347227088006,0.4498347227088006,0.4498347227088006,0.4498347227088006,0.4498347227088006,0.4498347227088006,0.4498347227088006,0.4498347227088006,0.44403988911231446,0.41588694431866835,0.34850749833293115,0.17856890589641078,0.05735155549468049,0.023195053550867574,0.0,0.3613456062742884,0.25806451612903225,0.25806451612903225,0.25806451612903225,0.25806451612903225,0.25806451612903225,0.25806451612903225,0.25806451612903225,0.25806451612903225,0.25806451612903225,0.25806451612903225,0.25806451612903225,0.25806451612903225,0.25553319919517103,0.24302788844621515,0.21165048543689322,0.1223021582733813,0.043478260869565216,0.012987012987012988,0.0,0.2097764841450856,0.7841112012987013,0.7841112012987013,0.7841112012987013,0.7841112012987013,0.7841112012987013,0.7841112012987013,0.7841112012987013,0.7841112012987013,0.7841112012987013,0.7841112012987013,0.7841112012987013,0.7841112012987013,0.7716078526934617,0.7116958944940082,0.573858718743607,0.26072192513368986,0.07565162110616656,0.041426809210526314,0.0,0.623384065103467,0.6009389671361502,0.6009389671361502,0.6009389671361502,0.6009389671361502,0.6009389671361502,0.6009389671361502,0.6009389671361502,0.6009389671361502,0.6009389671361502,0.6009389671361502,0.6009389671361502,0.6009389671361502,0.596244131455399,0.5727699530516432,0.5117370892018779,0.3192488262910798,0.12206572769953052,0.03755868544600939,0.0,0.4932048430936497,0.31143552311435524,0.31143552311435524,0.31143552311435524,0.31143552311435524,0.31143552311435524,0.31143552311435524,0.31143552311435524,0.31143552311435524,0.31143552311435524,0.31143552311435524,0.31143552311435524,0.31143552311435524,0.30900243309002434,0.29683698296836986,0.26520681265206814,0.1654501216545012,0.06326034063260341,0.019464720194647202,0.0,0.25560250992444616,0.9846354166666667,0.9846354166666667,0.9846354166666667,0.9846354166666667,0.9846354166666667,0.9846354166666667,0.9846354166666667,0.9846354166666667,0.9846354166666667,0.9846354166666667,0.9846354166666667,0.9846354166666667,0.9769685039370078,0.9387978142076503,0.8410550458715597,0.5593137254901961,0.4666666666666667,0.4541666666666666,0.0,0.8448733380441973,0.7953722002635046,0.7953722002635046,0.7953722002635046,0.7953722002635046,0.7953722002635046,0.7953722002635046,0.7953722002635046,0.7953722002635046,0.7953722002635046,0.7953722002635046,0.7953722002635046,0.7953722002635046,0.7882263234882201,0.7525216527354803,0.659915871922254,0.3718515074013795,0.10631397587919328,0.04453227931488801,0.0,0.6456751586264984,0.8045591046009909,0.8045591046009909,0.8045591046009909,0.8045591046009909,0.8045591046009909,0.8045591046009909,0.8045591046009909,0.8045591046009909,0.8045591046009909,0.8045591046009909,0.8045591046009909,0.8045591046009909,0.8058707826250165,0.8112252895732113,0.8209712181364004,0.8466816442066644,0.8852101037030966,0.9138548559045039,1.0,0.8283433236505675,0.6864422593549493,0.6864422593549493,0.6864422593549493,0.6864422593549493,0.6864422593549493,0.6864422593549493,0.6864422593549493,0.6864422593549493,0.6864422593549493,0.6864422593549493,0.6864422593549493,0.6864422593549493,0.6782821344789928,0.6384653663875436,0.5419084704477063,0.2885050581658513,0.09609615071361279,0.039445360895420924,0.0,0.5536847185972905,128.0,128.0,128.0,128.0,128.0,128.0,128.0,128.0,128.0,128.0,128.0,128.0,127.0,122.0,109.0,68.0,26.0,8.0,0.0,105.05263157894737,85.0,85.0,85.0,85.0,85.0,85.0,85.0,85.0,85.0,85.0,85.0,85.0,86.0,91.0,104.0,145.0,187.0,205.0,213.0,107.94736842105263,283.0,283.0,283.0,283.0,283.0,283.0,283.0,283.0,283.0,283.0,283.0,283.0,284.0,289.0,302.0,343.0,385.0,403.0,411.0,305.94736842105266,-0.7276995305164319,0.8045591046009909,-0.7276995305164319,0.6009389671361502,0.31143552311435524,0.6666666666666666,0.0,0.3333333333333333,-0.8451475803336769,0.41025641025641024,0.2059679767103348,-0.7276995305164319,102.98356538892683,128,85,283,0,2,0,1,0.0,1374,0.41025641025641024,0.6009389671361502,0.31143552311435524,128,85,283,411,213,38,3
M0701,0.2550977794300913,0.6137081051648354,0.15655557484579846,0.2550977794300913,0.2550977794300913,0.2550977794300913,0.2550977794300913,0.2550977794300913,0.2550977794300913,0.2550977794300913,0.25273234722335153,0.23660658215458608,0.2032827471086096,0.12011579319474937,0.07019889740507947,0.05183679414910655,0.04288224806564665,0.03481634859061792,0.020588077064906563,0.007326362451579054,0.0025316415131557686,0.0,0.1488738049964225,0.1394448030987734,0.1394448030987734,0.1394448030987734,0.1394448030987734,0.1394448030987734,0.1394448030987734,0.1394448030987734,0.13870967741935483,0.13359023763648042,0.12170320940578329,0.08615384615384615,0.05815347721822542,0.04160519327235172,0.02616279069767442,0.019641825534373193,0.0117512181140728,0.004267425320056899,0.0011344299489506524,0.0,0.08520983960066231,0.4666712249152005,0.4666712249152005,0.4666712249152005,0.4666712249152005,0.4666712249152005,0.4666712249152005,0.4666712249152005,0.46048437658692243,0.4190626179677317,0.33954630673905,0.16746557952897265,0.08473930421041896,0.06458456303921316,0.07028635516803307,0.06171412769460307,0.036070211029690845,0.012577979166883642,0.005649717514124294,0.0,0.2625726164764236,0.183206106870229,0.183206106870229,0.183206106870229,0.183206106870229,0.183206106870229,0.183206106870229,0.183206106870229,0.1823579304495335,0.17642069550466496,0.16242578456318915,0.11874469889737066,0.08227311280746395,0.05979643765903308,0.03816793893129771,0.02883799830364716,0.017387616624257845,0.006361323155216285,0.0016963528413910093,0.0,0.11352171778045625,0.36860068259385664,0.36860068259385664,0.36860068259385664,0.36860068259385664,0.36860068259385664,0.36860068259385664,0.36860068259385664,0.36689419795221845,0.35494880546075086,0.3267918088737201,0.23890784982935154,0.16552901023890784,0.12030716723549488,0.07679180887372014,0.05802047781569966,0.03498293515358362,0.012798634812286689,0.0034129692832764505,0.0,0.2283994970361056,0.4666712249152005,0.4666712249152005,0.4666712249152005,0.4666712249152005,0.4666712249152005,0.4666712249152005,0.4666712249152005,0.462571838911614,0.4340922147120897,0.3742154834764112,0.21064753182566856,0.10420404791845453,0.07136244759061652,0.07351059016796684,0.06560424573055028,0.03945712037765539,0.014086021505376346,0.0064516129032258064,0.0,0.2696264068171596,1.0,1.0,1.0,1.0,1.0,1.0,1.0,0.9953825412874958,0.963768115942029,0.8932793754850743,0.706458396675788,0.6366428655760794,0.664507093276751,0.7315290587029719,0.6279135666124157,0.46208907741251326,0.2543478260869565,0.043478260869565216,0.0,0.7357576935751389,0.6137081051648354,0.6137081051648354,0.6137081051648354,0.6137081051648354,0.6137081051648354,0.6137081051648354,0.6137081051648354,0.6147168618941202,0.6211688441412669,0.6333685673639711,0.6730318382042887,0.7160730100919557,0.7527410482088825,0.7959303120271184,0.8174429719799846,0.8480598061534705,0.8870189070950382,0.9302405887579996,1.0,0.7150394469511551,0.29239873170907377,0.29239873170907377,0.29239873170907377,0.29239873170907377,0.29239873170907377,0.29239873170907377,0.29239873170907377,0.2897809136550142,0.2719031418021368,0.23484266066373774,0.14101648774821168,0.08349710374935052,0.062144402785047355,0.051794645589645534,0.04218663188461515,0.02504346223948161,0.00894497569142169,0.0030957897793844617,0.0,0.171633754607977,432.0,432.0,432.0,432.0,432.0,432.0,432.0,430.0,416.0,383.0,280.0,194.0,141.0,90.0,68.0,41.0,15.0,4.0,0.0,267.6842105263158,1926.0,1926.0,1926.0,1926.0,1926.0,1926.0,1926.0,1928.0,1942.0,1975.0,2078.0,2164.0,2217.0,2268.0,2290.0,2317.0,2343.0,2354.0,2358.0,2090.315789473684,740.0,740.0,740.0,740.0,740.0,740.0,740.0,742.0,756.0,789.0,892.0,978.0,1031.0,1082.0,1104.0,1131.0,1157.0,1168.0,1172.0,904.3157894736842,-0.1806615776081425,0.6333685673639711,-0.17217981340118746,0.16242578456318915,0.3267918088737201,0.0,0.25,0.75,-0.2402119756995755,0.2169971671388102,0.6032110091743119,-0.17273156488365732,242.58016130040093,383,1975,789,20,0,1,3,48.0,1308,0.20056657223796034,0.15012722646310434,0.30204778156996587,354,2004,818,1172,2358,79,4
M0702,0.23277092943316863,0.7723372198934444,0.17977765251042657,0.23277092943316863,0.23277092943316863,0.23277092943316863,0.23277092943316863,0.23277092943316863,0.23277092943316863,0.23277092943316863,0.23277092943316863,0.23277092943316863,0.23277092943316863,0.23277092943316863,0.22945812688099096,0.19048959762717882,0.16019253714137383,0.13407937287753652,0.11674267971676106,0.0797508028346501,0.04057717506885275,0.0015214515486254615,0.1849101035505697,0.07290425109257052,0.07290425109257052,0.07290425109257052,0.07290425109257052,0.07290425109257052,0.07290425109257052,0.07290425109257052,0.07290425109257052,0.07290425109257052,0.07290425109257052,0.07290425109257052,0.0722652372443915,0.0633983067532979,0.053031780074088514,0.042060582674126955,0.029742612011439466,0.01598946576373213,0.005585552038726494,0.00018518518518518518,0.057063446513855996,0.7431981644031008,0.7431981644031008,0.7431981644031008,0.7431981644031008,0.7431981644031008,0.7431981644031008,0.7431981644031008,0.7431981644031008,0.7431981644031008,0.7431981644031008,0.7431981644031008,0.7285803520394474,0.5723541946532653,0.48389190255238645,0.42741391317652794,0.4582265088960037,0.3977737997474339,0.29477966101694913,0.0125,0.6079315863429539,0.9507772020725389,0.9507772020725389,0.9507772020725389,0.9507772020725389,0.9507772020725389,0.9507772020725389,0.9507772020725389,0.9507772020725389,0.9507772020725389,0.9507772020725389,0.9507772020725389,0.9430051813471503,0.8341968911917098,0.7046632124352331,0.5647668393782384,0.40414507772020725,0.22020725388601037,0.07772020725388601,0.0025906735751295338,0.7478865557676576,0.07318045862412761,0.07318045862412761,0.07318045862412761,0.07318045862412761,0.07318045862412761,0.07318045862412761,0.07318045862412761,0.07318045862412761,0.07318045862412761,0.07318045862412761,0.07318045862412761,0.07258225324027916,0.0642073778664008,0.05423728813559322,0.04346959122632104,0.03110667996011964,0.01694915254237288,0.005982053838484547,0.00019940179461615153,0.057564149656294264,0.8749690222845649,0.8749690222845649,0.8749690222845649,0.8749690222845649,0.8749690222845649,0.8749690222845649,0.8749690222845649,0.8749690222845649,0.8749690222845649,0.8749690222845649,0.8749690222845649,0.8676555924800555,0.7772796110741591,0.7150049418489691,0.6739479955334767,0.6125332831684613,0.5172470011026704,0.4407602339181287,0.025,0.750215152855586,0.8311653423974035,0.8311653423974035,0.8311653423974035,0.8311653423974035,0.8311653423974035,0.8311653423974035,0.8311653423974035,0.8311653423974035,0.8311653423974035,0.8311653423974035,0.8311653423974035,0.8216569648497297,0.6995806005811175,0.5950821911195677,0.519930675132194,0.5370403375783577,0.505240923028922,0.4353260003188267,0.024390243902439025,0.6990035106780311,0.7723372198934444,0.7723372198934444,0.7723372198934444,0.7723372198934444,0.7723372198934444,0.7723372198934444,0.7723372198934444,0.7723372198934444,0.7723372198934444,0.7723372198934444,0.7723372198934444,0.7738025424184187,0.7933317368150952,0.8139356534134731,0.8355428062780453,0.8606448329919285,0.8891528879351956,0.9198110416643037,0.9524260602219758,0.8070714200298065,0.8406044678305171,0.8406044678305171,0.8406044678305171,0.8406044678305171,0.8406044678305171,0.8406044678305171,0.8406044678305171,0.8406044678305171,0.8406044678305171,0.8406044678305171,0.8406044678305171,0.8288878374068048,0.6909819750473153,0.583935632175295,0.49131375398109145,0.43033706330182003,0.29596059891510257,0.1513616079079089,0.005690643170074818,0.6697430662126896,367.0,367.0,367.0,367.0,367.0,367.0,367.0,367.0,367.0,367.0,367.0,364.0,322.0,272.0,218.0,156.0,85.0,30.0,1.0,288.6842105263158,19.0,19.0,19.0,19.0,19.0,19.0,19.0,19.0,19.0,19.0,19.0,22.0,64.0,114.0,168.0,230.0,301.0,356.0,385.0,97.3157894736842,4648.0,4648.0,4648.0,4648.0,4648.0,4648.0,4648.0,4648.0,4648.0,4648.0,4648.0,4651.0,4693.0,4743.0,4797.0,4859.0,4930.0,4985.0,5014.0,4726.315789473684,-11.093264248704664,0.7723372198934444,-11.090673575129534,0.9507772020725389,0.07318045862412761,1.0,0.0,0.0,-11.309720829790429,0.1359007591186817,5.981981981981982,-11.090673575129534,283.4477597008941,367,19,4648,1,4,0,0,10.0,777,0.12997593038326236,0.9093264248704663,0.06999002991026919,351,35,4664,5015,386,246,4
M0703,0.5690408206218651,0.8476987507056345,0.4823751927416641,0.5690408206218651,0.5690408206218651,0.5690408206218651,0.5690408206218651,0.5690408206218651,0.5690408206218651,0.5690408206218651,0.5589260018361948,0.5496919754169078,0.5427887682610127,0.5387748062040865,0.5353229407345107,0.5260576612648127,0.5172564047007598,0.49498933922729094,0.4158271881941194,0.29761252501716284,0.11804068978360718,0.01464698526268886,0.4785905805398005,0.5178127589063795,0.5178127589063795,0.5178127589063795,0.5178127589063795,0.5178127589063795,0.5178127589063795,0.5178127589063795,0.5115511551155115,0.5041050903119869,0.49795584627964024,0.49429037520391517,0.49185667752442996,0.4846029173419773,0.4774193548387097,0.46209098164405427,0.39209726443769,0.26170798898071623,0.1022864019253911,0.011595803423522915,0.4376973247038,0.6253369581272717,0.6253369581272717,0.6253369581272717,0.6253369581272717,0.6253369581272717,0.6253369581272717,0.6253369581272717,0.6106882418397677,0.5994013423882251,0.5916581744174481,0.5872626827510026,0.5826303961531777,0.5710585988489115,0.5604175563731516,0.530229880438141,0.4409932588777494,0.3384429164430966,0.1362214740406366,0.01850101881256686,0.5234139078039356,0.9720062208398134,0.9720062208398134,0.9720062208398134,0.9720062208398134,0.9720062208398134,0.9720062208398134,0.9720062208398134,0.9642301710730948,0.9548989113530326,0.9471228615863142,0.942457231726283,0.9393468118195957,0.9300155520995335,0.9206842923794712,0.9004665629860031,0.80248833592535,0.5909797822706065,0.2643856920684292,0.03265940902021773,0.8417778505361383,0.5256518082422204,0.5256518082422204,0.5256518082422204,0.5256518082422204,0.5256518082422204,0.5256518082422204,0.5256518082422204,0.5214465937762826,0.5164003364171573,0.5121951219512195,0.5096719932716569,0.5079899074852817,0.5029436501261564,0.4978973927670311,0.48696383515559294,0.4339781328847771,0.31959629941127,0.14297729184188393,0.017661900756938603,0.45522553229162044,0.974521618929016,0.974521618929016,0.974521618929016,0.974521618929016,0.974521618929016,0.974521618929016,0.974521618929016,0.9671893664185037,0.9607328425390996,0.956232523821358,0.9537047693256461,0.9509760507546123,0.9445730668916015,0.9389637635242327,0.9222707280715795,0.8302738569254269,0.6814133936741705,0.4321261964856543,0.09547848566113405,0.8660834935050593,0.6309326777617745,0.6309326777617745,0.6309326777617745,0.6309326777617745,0.6309326777617745,0.6309326777617745,0.6309326777617745,0.6215047154856598,0.6123771828465403,0.6057464536416679,0.6019795218940195,0.598674818324132,0.5899863725822311,0.5816831823150281,0.5608236874662701,0.49426536191576614,0.4067839334916707,0.19270311546253482,0.025196973033357863,0.5425396875153317,0.8476987507056345,0.8476987507056345,0.8476987507056345,0.8476987507056345,0.8476987507056345,0.8476987507056345,0.8476987507056345,0.8514265184122749,0.8556595888795442,0.8587259181397567,0.8604042776468854,0.8613737343633702,0.8636997986960766,0.8655720984817298,0.8687592465794609,0.8799440253942463,0.8979346057427348,0.9272914377128487,0.9615310308012801,0.867695449252087,0.7796354362269291,0.7796354362269291,0.7796354362269291,0.7796354362269291,0.7796354362269291,0.7796354362269291,0.7796354362269291,0.7673617321064993,0.7565498591038547,0.7485806457791893,0.7439556184892081,0.7397918660648246,0.7287615371914578,0.7183088759902996,0.6909806640063181,0.5948881798044925,0.4472280414627087,0.189776206856432,0.024581137904709862,0.6635901272814998,625.0,625.0,625.0,625.0,625.0,625.0,625.0,620.0,614.0,609.0,606.0,604.0,598.0,592.0,579.0,516.0,380.0,170.0,21.0,541.2631578947369,18.0,18.0,18.0,18.0,18.0,18.0,18.0,23.0,29.0,34.0,37.0,39.0,45.0,51.0,64.0,127.0,263.0,473.0,622.0,101.73684210526316,564.0,564.0,564.0,564.0,564.0,564.0,564.0,569.0,575.0,580.0,583.0,585.0,591.0,597.0,610.0,673.0,809.0,1019.0,1168.0,647.7368421052631,0.04510108864696734,0.8587259181397567,0.04510108864696734,0.9471228615863142,0.5121951219512195,0.875,0.125,0.0,-0.08870282403248544,0.6648471615720524,0.849194729136164,0.04510108864696734,522.9640841471119,609,34,580,0,7,1,0,2.0,683,0.5120087336244541,0.7293934681181959,0.39444911690496215,469,174,720,1189,643,56,8
M0704,0.6041165694186683,0.7208464241648705,0.43547526884419585,0.6041165694186683,0.6041165694186683,0.6041165694186683,0.6041165694186683,0.6041165694186683,0.6041165694186683,0.6041165694186683,0.6041165694186683,0.6033081842382048,0.5968856453358462,0.5851697094300471,0.5562763865347728,0.4612767151432891,0.30823515992151557,0.2034058574813257,0.1410012223634857,0.05916118110734196,0.010863976751614497,0.0,0.43992192598193636,0.5125920185974429,0.5125920185974429,0.5125920185974429,0.5125920185974429,0.5125920185974429,0.5125920185974429,0.5125920185974429,0.5125920185974429,0.512006196746708,0.5067541489772289,0.49750671269658614,0.46987951807228917,0.3893238434163701,0.250080051232789,0.1352137249200349,0.06318082788671024,0.021454735740450027,0.003341043433564636,0.0,0.36576194483696184,0.7119830512476133,0.7119830512476133,0.7119830512476133,0.7119830512476133,0.7119830512476133,0.7119830512476133,0.7119830512476133,0.7119830512476133,0.7108913280377008,0.7030479658174417,0.6882793339178104,0.658559069537007,0.5465275541981778,0.3799140049095819,0.30598922470468026,0.3146736972748512,0.16313626009463494,0.035326086956521736,0.0,0.5369583650225954,0.6988906497622821,0.6988906497622821,0.6988906497622821,0.6988906497622821,0.6988906497622821,0.6988906497622821,0.6988906497622821,0.6988906497622821,0.6983623877443211,0.693608029582673,0.6851558372952985,0.659270998415214,0.5779186476492341,0.41257263602746963,0.24564183835182252,0.1225567881669308,0.04331748547279451,0.006867406233491812,0.0,0.5124419606861845,0.6578816509199403,0.6578816509199403,0.6578816509199403,0.6578816509199403,0.6578816509199403,0.6578816509199403,0.6578816509199403,0.6578816509199403,0.6573843858776728,0.6529090004972651,0.6449527598209845,0.6205867727498757,0.5440079562406763,0.38836399801093985,0.23122824465440078,0.11536548980606663,0.040775733465937346,0.006464445549477871,0.0,0.4823732628438326,0.7533000591492826,0.7533000591492826,0.7533000591492826,0.7533000591492826,0.7533000591492826,0.7533000591492826,0.7533000591492826,0.7533000591492826,0.7526843978467666,0.7484074554510197,0.7398754501053175,0.7239255042343228,0.652138268058639,0.5176838800931703,0.44970429598034406,0.49600245456070524,0.32162257131045885,0.08125000000000002,0.0,0.6057734079386844,0.9439680395582234,0.9439680395582234,0.9439680395582234,0.9439680395582234,0.9439680395582234,0.9439680395582234,0.9439680395582234,0.9439680395582234,0.9431871748480248,0.9365021656162784,0.924154108026912,0.8913665014769142,0.7834892138001734,0.5709955408001519,0.4112765685142956,0.38560471791476547,0.24124748120848108,0.058823529411764705,0.0,0.7209679641096605,0.7208464241648705,0.7208464241648705,0.7208464241648705,0.7208464241648705,0.7208464241648705,0.7208464241648705,0.7208464241648705,0.7208464241648705,0.7210754442450148,0.7226928152403613,0.7250804547666346,0.730732934499271,0.7448796230465229,0.7723825271186592,0.8061234730706793,0.841073592007477,0.8764176330227382,0.9114932227105462,1.0,0.7694064796340458,0.7054064766545433,0.7054064766545433,0.7054064766545433,0.7054064766545433,0.7054064766545433,0.7054064766545433,0.7054064766545433,0.7054064766545433,0.7045990102711898,0.6983120464897782,0.6867158097229943,0.6589149378251011,0.5620039724283579,0.39590670930068766,0.27416009131948177,0.19638074665969385,0.08406338428076385,0.015575576707463875,0.0,0.522099163065361,1323.0,1323.0,1323.0,1323.0,1323.0,1323.0,1323.0,1323.0,1322.0,1313.0,1297.0,1248.0,1094.0,781.0,465.0,232.0,82.0,13.0,0.0,970.0526315789474,570.0,570.0,570.0,570.0,570.0,570.0,570.0,570.0,571.0,580.0,596.0,645.0,799.0,1112.0,1428.0,1661.0,1811.0,1880.0,1893.0,922.9473684210526,688.0,688.0,688.0,688.0,688.0,688.0,688.0,688.0,689.0,698.0,714.0,763.0,917.0,1230.0,1546.0,1779.0,1929.0,1998.0,2011.0,1040.9473684210527,0.3153724247226624,0.7226928152403613,0.3248811410459588,0.693608029582673,0.6529090004972651,0.2857142857142857,0.5714285714285714,0.14285714285714285,0.12302993471241123,0.6726434426229508,0.8389423076923077,0.32421802825932206,948.8956664105945,1313,580,698,18,2,4,1,128.0,832,0.6629098360655737,0.6835710512414157,0.643460964694182,1294,599,717,2011,1893,65,7
M0801,0.7268155677785235,0.8566286598738387,0.6226110458015598,0.7268155677785235,0.7268155677785235,0.7268155677785235,0.7268155677785235,0.7268155677785235,0.7268155677785235,0.7268155677785235,0.7268155677785235,0.7268155677785235,0.7268155677785235,0.7268155677785235,0.7268155677785235,0.7268155677785235,0.7268155677785235,0.7268155677785235,0.7152591784732212,0.2540244987629046,0.044760217928783645,0.011822115035531811,0.6277947119409629,0.675,0.675,0.675,0.675,0.675,0.675,0.675,0.675,0.675,0.675,0.675,0.675,0.675,0.675,0.675,0.6645962732919255,0.24074074074074073,0.042801556420233464,0.011320754716981131,0.5833925960615728,0.782608695652174,0.782608695652174,0.782608695652174,0.782608695652174,0.782608695652174,0.782608695652174,0.782608695652174,0.782608695652174,0.782608695652174,0.782608695652174,0.782608695652174,0.782608695652174,0.782608695652174,0.782608695652174,0.782608695652174,0.7697841726618705,0.26804123711340205,0.04680851063829787,0.012345679012345678,0.6755847386425541,1.0,1.0,1.0,1.0,1.0,1.0,1.0,1.0,1.0,1.0,1.0,1.0,1.0,1.0,1.0,0.9907407407407407,0.48148148148148145,0.10185185185185185,0.027777777777777776,0.8737816764132553,0.675,0.675,0.675,0.675,0.675,0.675,0.675,0.675,0.675,0.675,0.675,0.675,0.675,0.675,0.675,0.66875,0.325,0.06875,0.01875,0.5898026315789474,1.0,1.0,1.0,1.0,1.0,1.0,1.0,1.0,1.0,1.0,1.0,1.0,1.0,1.0,1.0,0.9907407407407407,0.48148148148148145,0.10185185185185185,0.027777777777777776,0.8737816764132553,0.782608695652174,0.782608695652174,0.782608695652174,0.782608695652174,0.782608695652174,0.782608695652174,0.782608695652174,0.782608695652174,0.782608695652174,0.782608695652174,0.782608695652174,0.782608695652174,0.782608695652174,0.782608695652174,0.782608695652174,0.7753623188405797,0.37681159420289856,0.07971014492753623,0.021739130434782608,0.6838291380625477,0.8566286598738387,0.8566286598738387,0.8566286598738387,0.8566286598738387,0.8566286598738387,0.8566286598738387,0.8566286598738387,0.8566286598738387,0.8566286598738387,0.8566286598738387,0.8566286598738387,0.8566286598738387,0.8566286598738387,0.8566286598738387,0.8566286598738387,0.8571711290337191,0.8832035008426343,0.9347217703431935,0.954804401150899,0.8673331947093699,0.8846517369293828,0.8846517369293828,0.8846517369293828,0.8846517369293828,0.8846517369293828,0.8846517369293828,0.8846517369293828,0.8846517369293828,0.8846517369293828,0.8846517369293828,0.8846517369293828,0.8846517369293828,0.8846517369293828,0.8846517369293828,0.8846517369293828,0.8733020905926653,0.3592448913255272,0.06904732790584836,0.018518518518518517,0.7678888885412265,108.0,108.0,108.0,108.0,108.0,108.0,108.0,108.0,108.0,108.0,108.0,108.0,108.0,108.0,108.0,107.0,52.0,11.0,3.0,94.36842105263158,0.0,0.0,0.0,0.0,0.0,0.0,0.0,0.0,0.0,0.0,0.0,0.0,0.0,0.0,0.0,1.0,56.0,97.0,105.0,13.631578947368421,52.0,52.0,52.0,52.0,52.0,52.0,52.0,52.0,52.0,52.0,52.0,52.0,52.0,52.0,52.0,53.0,108.0,149.0,157.0,65.63157894736842,0.5185185185185185,0.8566286598738387,0.5185185185185185,1.0,0.675,1.0,0.0,0.0,0.3751471783923573,0.8059701492537313,0.174496644295302,0.5185185185185185,92.51589526637459,108,0,52,0,1,0,0,0.0,298,0.8059701492537313,1.0,0.675,108,0,52,160,108,5,1
M0802,0.5902564291899924,0.7810215150963598,0.4610029706213351,0.5902564291899924,0.5902564291899924,0.5902564291899924,0.5902564291899924,0.5902564291899924,0.5902564291899924,0.5902564291899924,0.5902564291899924,0.5902564291899924,0.5902564291899924,0.5902564291899924,0.5797831216645952,0.5295115130158558,0.39421098266102983,0.34530412923871795,0.21573586937322894,0.1111532191618771,0.0027051441645921256,0.0,0.45638024738788496,0.43037974683544306,0.43037974683544306,0.43037974683544306,0.43037974683544306,0.43037974683544306,0.43037974683544306,0.43037974683544306,0.43037974683544306,0.43037974683544306,0.43037974683544306,0.43037974683544306,0.42362204724409447,0.39076923076923076,0.2988505747126437,0.26433566433566436,0.16946959896507116,0.0891566265060241,0.0022172949002217295,0.0,0.3353999080327802,0.8095238095238095,0.8095238095238095,0.8095238095238095,0.8095238095238095,0.8095238095238095,0.8095238095238095,0.8095238095238095,0.8095238095238095,0.8095238095238095,0.8095238095238095,0.8095238095238095,0.7935103244837758,0.7175141242937854,0.52,0.4510739856801909,0.2746331236897275,0.13857677902621723,0.0033003300330033004,0.0,0.6212300301036107,0.9963369963369964,0.9963369963369964,0.9963369963369964,0.9963369963369964,0.9963369963369964,0.9963369963369964,0.9963369963369964,0.9963369963369964,0.9963369963369964,0.9963369963369964,0.9963369963369964,0.9853479853479854,0.9304029304029304,0.7619047619047619,0.6923076923076923,0.47985347985347987,0.27106227106227104,0.007326007326007326,0.0,0.7941006362058994,0.43106180665610144,0.43106180665610144,0.43106180665610144,0.43106180665610144,0.43106180665610144,0.43106180665610144,0.43106180665610144,0.43106180665610144,0.43106180665610144,0.43106180665610144,0.43106180665610144,0.42630744849445323,0.40253565768621236,0.329635499207607,0.29952456418383516,0.2076069730586371,0.11727416798732171,0.003169572107765452,0.0,0.34356493452331305,0.9963369963369964,0.9963369963369964,0.9963369963369964,0.9963369963369964,0.9963369963369964,0.9963369963369964,0.9963369963369964,0.9963369963369964,0.9963369963369964,0.9963369963369964,0.9963369963369964,0.9853479853479854,0.9304029304029304,0.761904761904762,0.6923076923076923,0.47985347985347987,0.27106227106227104,0.007326007326007326,0.0,0.7941006362058994,0.8119402985074626,0.8119402985074626,0.8119402985074626,0.8119402985074626,0.8119402985074626,0.8119402985074626,0.8119402985074626,0.8119402985074626,0.8119402985074626,0.8119402985074626,0.8119402985074626,0.8029850746268656,0.7582089552238805,0.6208955223880597,0.564179104477612,0.39104477611940297,0.2208955223880597,0.005970149253731343,0.0,0.6471327572663,0.7810215150963598,0.7810215150963598,0.7810215150963598,0.7810215150963598,0.7810215150963598,0.7810215150963598,0.7810215150963598,0.7810215150963598,0.7810215150963598,0.7810215150963598,0.7810215150963598,0.7832915639734269,0.7924869149533385,0.8188901827949118,0.8279676366645077,0.8511378786387962,0.8734977220992703,0.9091106017793724,1.0,0.8130325877349254,0.8980860319837043,0.8980860319837043,0.8980860319837043,0.8980860319837043,0.8980860319837043,0.8980860319837043,0.8980860319837043,0.8980860319837043,0.8980860319837043,0.8980860319837043,0.8980860319837043,0.8842419349832458,0.8170540030184237,0.6294366339755545,0.558821966359847,0.3630201923936834,0.19381160037350945,0.004917137581970244,0.0,0.7015920958161569,272.0,272.0,272.0,272.0,272.0,272.0,272.0,272.0,272.0,272.0,272.0,269.0,254.0,208.0,189.0,131.0,74.0,2.0,0.0,216.78947368421052,1.0,1.0,1.0,1.0,1.0,1.0,1.0,1.0,1.0,1.0,1.0,4.0,19.0,65.0,84.0,142.0,199.0,271.0,273.0,56.21052631578947,359.0,359.0,359.0,359.0,359.0,359.0,359.0,359.0,359.0,359.0,359.0,362.0,377.0,423.0,442.0,500.0,557.0,629.0,631.0,414.2105263157895,-0.31868131868131866,0.7810215150963598,-0.31868131868131866,0.9963369963369964,0.43106180665610144,1.0,0.0,0.0,-0.5368576845926379,0.6017699115044248,0.3260672116257947,-0.31868131868131866,212.43785210620985,272,1,359,0,1,0,0,1.0,1101,0.6017699115044248,0.9963369963369964,0.43106180665610144,272,1,359,631,273,12,1
M0901,0,1.0,0,0.0,0.0,0.0,0.0,0.0,0.0,0.0,0.0,0.0,0.0,0.0,0.0,0.0,0.0,0.0,0.0,0.0,0.0,0.0,0.0,0.0,0.0,0.0,0.0,0.0,0.0,0.0,0.0,0.0,0.0,0.0,0.0,0.0,0.0,0.0,0.0,0.0,0.0,0.0,0.0,0.0,0.0,0.0,0.0,0.0,0.0,0.0,0.0,0.0,0.0,0.0,0.0,0.0,0.0,0.0,0.0,0.0,0.0,0.0,0.0,0.0,0.0,0.0,0.0,0.0,0.0,0.0,0.0,0.0,0.0,0.0,0.0,0.0,0.0,0.0,0.0,0.0,0.0,0.0,0.0,0.0,0.0,0.0,0.0,0.0,0.0,0.0,0.0,0.0,0.0,0.0,0.0,0.0,0.0,0.0,0.0,0.0,0.0,0.0,0.0,0.0,0.0,0.0,0.0,0.0,0.0,0.0,0.0,0.0,0.0,0.0,0.0,0.0,0.0,0.0,0.0,0.0,0.0,0.0,0.0,0.0,0.0,0.0,0.0,0.0,0.0,0.0,0.0,0.0,0.0,0.0,0.0,0.0,0.0,0.0,0.0,0.0,0.0,0.0,0.0,1.0,1.0,1.0,1.0,1.0,1.0,1.0,1.0,1.0,1.0,1.0,1.0,1.0,1.0,1.0,1.0,1.0,1.0,1.0,1.0,0.0,0.0,0.0,0.0,0.0,0.0,0.0,0.0,0.0,0.0,0.0,0.0,0.0,0.0,0.0,0.0,0.0,0.0,0.0,0.0,0.0,0.0,0.0,0.0,0.0,0.0,0.0,0.0,0.0,0.0,0.0,0.0,0.0,0.0,0.0,0.0,0.0,0.0,0.0,0.0,0.0,0.0,0.0,0.0,0.0,0.0,0.0,0.0,0.0,0.0,0.0,0.0,0.0,0.0,0.0,0.0,0.0,0.0,0.0,0.0,335.0,335.0,335.0,335.0,335.0,335.0,335.0,335.0,335.0,335.0,335.0,335.0,335.0,335.0,335.0,335.0,335.0,335.0,335.0,335.0,0,0,0,0,0,0,0,1.0,0,0,0,0,0,0,0,335,0,0,0,0,0,0,0,0,0,0,0,335,335,0,25,0
M0902,0,1.0,0,0.0,0.0,0.0,0.0,0.0,0.0,0.0,0.0,0.0,0.0,0.0,0.0,0.0,0.0,0.0,0.0,0.0,0.0,0.0,0.0,0.0,0.0,0.0,0.0,0.0,0.0,0.0,0.0,0.0,0.0,0.0,0.0,0.0,0.0,0.0,0.0,0.0,0.0,0.0,0.0,0.0,0.0,0.0,0.0,0.0,0.0,0.0,0.0,0.0,0.0,0.0,0.0,0.0,0.0,0.0,0.0,0.0,0.0,0.0,0.0,0.0,0.0,0.0,0.0,0.0,0.0,0.0,0.0,0.0,0.0,0.0,0.0,0.0,0.0,0.0,0.0,0.0,0.0,0.0,0.0,0.0,0.0,0.0,0.0,0.0,0.0,0.0,0.0,0.0,0.0,0.0,0.0,0.0,0.0,0.0,0.0,0.0,0.0,0.0,0.0,0.0,0.0,0.0,0.0,0.0,0.0,0.0,0.0,0.0,0.0,0.0,0.0,0.0,0.0,0.0,0.0,0.0,0.0,0.0,0.0,0.0,0.0,0.0,0.0,0.0,0.0,0.0,0.0,0.0,0.0,0.0,0.0,0.0,0.0,0.0,0.0,0.0,0.0,0.0,0.0,1.0,1.0,1.0,1.0,1.0,1.0,1.0,1.0,1.0,1.0,1.0,1.0,1.0,1.0,1.0,1.0,1.0,1.0,1.0,1.0,0.0,0.0,0.0,0.0,0.0,0.0,0.0,0.0,0.0,0.0,0.0,0.0,0.0,0.0,0.0,0.0,0.0,0.0,0.0,0.0,0.0,0.0,0.0,0.0,0.0,0.0,0.0,0.0,0.0,0.0,0.0,0.0,0.0,0.0,0.0,0.0,0.0,0.0,0.0,0.0,0.0,0.0,0.0,0.0,0.0,0.0,0.0,0.0,0.0,0.0,0.0,0.0,0.0,0.0,0.0,0.0,0.0,0.0,0.0,0.0,1.0,1.0,1.0,1.0,1.0,1.0,1.0,1.0,1.0,1.0,1.0,1.0,1.0,1.0,1.0,1.0,1.0,1.0,1.0,1.0,0,0,0,0,0,0,0,1.0,0,0,0,0,0,0,0,1,0,0,0,0,0,0,0,0,0,0,0,1,1,0,1,0
M1001,0.23276138059595952,0.7532867999769511,0.17533607554734756,0.23276138059595952,0.23276138059595952,0.23276138059595952,0.23276138059595952,0.23276138059595952,0.23276138059595952,0.23276138059595952,0.23276138059595952,0.23276138059595952,0.23141721022454365,0.23007662434310996,0.2234272836898058,0.18782273294678023,0.14721737372112603,0.10917327205890466,0.0746883798457121,0.05759482386242529,0.023252874245536476,0.0,0.17786963159482,0.22146341463414634,0.22146341463414634,0.22146341463414634,0.22146341463414634,0.22146341463414634,0.22146341463414634,0.22146341463414634,0.22146341463414634,0.22146341463414634,0.2202729044834308,0.21908471275559882,0.2131782945736434,0.1811320754716981,0.14337899543378996,0.10308370044052863,0.0637213254035684,0.03556658395368073,0.008863819500402902,0.0,0.1674449023012452,0.24463571279453986,0.24463571279453986,0.24463571279453986,0.24463571279453986,0.24463571279453986,0.24463571279453986,0.24463571279453986,0.24463571279453986,0.24463571279453986,0.24312534178319253,0.241620021786608,0.23416901423685962,0.19476052995986134,0.15115850867677405,0.11562257933225675,0.08754297009121824,0.09326630131428479,0.06100035776384621,0.0,0.19073616000504004,0.2661195779601407,0.2661195779601407,0.2661195779601407,0.2661195779601407,0.2661195779601407,0.2661195779601407,0.2661195779601407,0.2661195779601407,0.2661195779601407,0.264947245017585,0.2637749120750293,0.25791324736225085,0.2250879249706917,0.18405627198124266,0.13716295427901523,0.08792497069167643,0.05041031652989449,0.012895662368112544,0.0,0.20417103720614552,0.568922305764411,0.568922305764411,0.568922305764411,0.568922305764411,0.568922305764411,0.568922305764411,0.568922305764411,0.568922305764411,0.568922305764411,0.5664160401002506,0.5639097744360902,0.5513784461152882,0.48120300751879697,0.39348370927318294,0.2932330827067669,0.18796992481203006,0.10776942355889724,0.02756892230576441,0.0,0.43648595172140886,0.25076107330338726,0.25076107330338726,0.25076107330338726,0.25076107330338726,0.25076107330338726,0.25076107330338726,0.25076107330338726,0.25076107330338726,0.25076107330338726,0.2495119478410117,0.24826371484266221,0.24203636276004697,0.2076639666072232,0.16641109756262287,0.12959811593414833,0.09686925647451963,0.09664843010926243,0.06737012987012989,0.0,0.19795908851221644,0.9199773673362163,0.9199773673362163,0.9199773673362163,0.9199773673362163,0.9199773673362163,0.9199773673362163,0.9199773673362163,0.9199773673362163,0.9199773673362163,0.9160306892912236,0.9120897043832824,0.8924728940783987,0.7858132645259938,0.6634137789984222,0.5366345173684623,0.45935051696519585,0.5554065449520965,0.48701298701298695,0.0,0.7625274317685268,0.7532867999769511,0.7532867999769511,0.7532867999769511,0.7532867999769511,0.7532867999769511,0.7532867999769511,0.7532867999769511,0.7532867999769511,0.7532867999769511,0.7544348924533673,0.7554657901838564,0.7595113188748036,0.7787410754057822,0.8026170854071208,0.8274369149861931,0.8578039341672039,0.8810733737781861,0.9178010318975286,1.0,0.7954982429971896,0.2551516267689884,0.2551516267689884,0.2551516267689884,0.2551516267689884,0.2551516267689884,0.2551516267689884,0.2551516267689884,0.2551516267689884,0.2551516267689884,0.2538018705593314,0.25245455036962433,0.24575453382073265,0.20937584281587363,0.1667982961102761,0.1259330558772086,0.0877337624836224,0.06856809586699641,0.02804710355913126,0.0,0.19657009223072067,227.0,227.0,227.0,227.0,227.0,227.0,227.0,227.0,227.0,226.0,225.0,220.0,192.0,157.0,117.0,75.0,43.0,11.0,0.0,174.1578947368421,626.0,626.0,626.0,626.0,626.0,626.0,626.0,626.0,626.0,627.0,628.0,633.0,661.0,696.0,736.0,778.0,810.0,842.0,853.0,678.8421052631579,172.0,172.0,172.0,172.0,172.0,172.0,172.0,172.0,172.0,173.0,174.0,179.0,207.0,242.0,282.0,324.0,356.0,388.0,399.0,224.8421052631579,0.05158264947245018,0.7544348924533673,0.06213364595545135,0.264947245017585,0.5664160401002506,0.0,1.0,0.0,-0.013479149244477146,0.3610223642172524,0.09306078536847767,0.06101495602644862,170.502285694461,226,627,173,9,0,2,0,19.0,1859,0.34824281150159747,0.2555685814771395,0.5463659147869674,218,635,181,399,853,21,2
M1002,0,1.0,0,0.0,0.0,0.0,0.0,0.0,0.0,0.0,0.0,0.0,0.0,0.0,0.0,0.0,0.0,0.0,0.0,0.0,0.0,0.0,0.0,0.0,0.0,0.0,0.0,0.0,0.0,0.0,0.0,0.0,0.0,0.0,0.0,0.0,0.0,0.0,0.0,0.0,0.0,0.0,0.0,0.0,0.0,0.0,0.0,0.0,0.0,0.0,0.0,0.0,0.0,0.0,0.0,0.0,0.0,0.0,0.0,0.0,0.0,0.0,0.0,0.0,0.0,0.0,0.0,0.0,0.0,0.0,0.0,0.0,0.0,0.0,0.0,0.0,0.0,0.0,0.0,0.0,0.0,0.0,0.0,0.0,0.0,0.0,0.0,0.0,0.0,0.0,0.0,0.0,0.0,0.0,0.0,0.0,0.0,0.0,0.0,0.0,0.0,0.0,0.0,0.0,0.0,0.0,0.0,0.0,0.0,0.0,0.0,0.0,0.0,0.0,0.0,0.0,0.0,0.0,0.0,0.0,0.0,0.0,0.0,0.0,0.0,0.0,0.0,0.0,0.0,0.0,0.0,0.0,0.0,0.0,0.0,0.0,0.0,0.0,0.0,0.0,0.0,0.0,0.0,1.0,1.0,1.0,1.0,1.0,1.0,1.0,1.0,1.0,1.0,1.0,1.0,1.0,1.0,1.0,1.0,1.0,1.0,1.0,1.0,0.0,0.0,0.0,0.0,0.0,0.0,0.0,0.0,0.0,0.0,0.0,0.0,0.0,0.0,0.0,0.0,0.0,0.0,0.0,0.0,0.0,0.0,0.0,0.0,0.0,0.0,0.0,0.0,0.0,0.0,0.0,0.0,0.0,0.0,0.0,0.0,0.0,0.0,0.0,0.0,0.0,0.0,0.0,0.0,0.0,0.0,0.0,0.0,0.0,0.0,0.0,0.0,0.0,0.0,0.0,0.0,0.0,0.0,0.0,0.0,35.0,35.0,35.0,35.0,35.0,35.0,35.0,35.0,35.0,35.0,35.0,35.0,35.0,35.0,35.0,35.0,35.0,35.0,35.0,35.0,0,0,0,0,0,0,0,1.0,0,0,0,0,0,0,0,35,0,0,0,0,0,0,0,0,0,0,0,35,35,0,6,0
M1003,0.43833794883408694,0.8195804998213301,0.3592532351960976,0.43833794883408694,0.43833794883408694,0.43833794883408694,0.43833794883408694,0.43833794883408694,0.43833794883408694,0.43833794883408694,0.43833794883408694,0.43833794883408694,0.43833794883408694,0.43833794883408694,0.43833794883408694,0.43833794883408694,0.41357354977738814,0.33736052082388746,0.26195543768900376,0.10477001619021345,0.0,0.0,0.35873962417492755,0.38524590163934425,0.38524590163934425,0.38524590163934425,0.38524590163934425,0.38524590163934425,0.38524590163934425,0.38524590163934425,0.38524590163934425,0.38524590163934425,0.38524590163934425,0.38524590163934425,0.38524590163934425,0.38524590163934425,0.3684210526315789,0.3151750972762646,0.25650557620817843,0.11551155115511551,0.0,0.0,0.3191478946622428,0.4987467915179809,0.4987467915179809,0.4987467915179809,0.4987467915179809,0.4987467915179809,0.4987467915179809,0.4987467915179809,0.4987467915179809,0.4987467915179809,0.4987467915179809,0.4987467915179809,0.4987467915179809,0.4987467915179809,0.4642597914905607,0.3611075938236432,0.26752108998654056,0.09502734733219342,0.0,0.0,0.4037696901245626,0.39662447257383965,0.39662447257383965,0.39662447257383965,0.39662447257383965,0.39662447257383965,0.39662447257383965,0.39662447257383965,0.39662447257383965,0.39662447257383965,0.39662447257383965,0.39662447257383965,0.39662447257383965,0.39662447257383965,0.38396624472573837,0.34177215189873417,0.2911392405063291,0.14767932489451477,0.0,0.0,0.33266711081501227,0.9306930693069307,0.9306930693069307,0.9306930693069307,0.9306930693069307,0.9306930693069307,0.9306930693069307,0.9306930693069307,0.9306930693069307,0.9306930693069307,0.9306930693069307,0.9306930693069307,0.9306930693069307,0.9306930693069307,0.900990099009901,0.801980198019802,0.6831683168316832,0.3465346534653465,0.0,0.0,0.7806149035956227,0.5069217130387343,0.5069217130387343,0.5069217130387343,0.5069217130387343,0.5069217130387343,0.5069217130387343,0.5069217130387343,0.5069217130387343,0.5069217130387343,0.5069217130387343,0.5069217130387343,0.5069217130387343,0.5069217130387343,0.4832488024795717,0.4050490661601774,0.323513563730955,0.13424908424908424,0.0,0.0,0.417686462427544,0.9792760431058303,0.9792760431058303,0.9792760431058303,0.9792760431058303,0.9792760431058303,0.9792760431058303,0.9792760431058303,0.9792760431058303,0.9792760431058303,0.9792760431058303,0.9792760431058303,0.9792760431058303,0.9792760431058303,0.9486228057656629,0.850889850889851,0.7377423301336344,0.46295609152752004,0.0,0.0,0.8279368230890769,0.8195804998213301,0.8195804998213301,0.8195804998213301,0.8195804998213301,0.8195804998213301,0.8195804998213301,0.8195804998213301,0.8195804998213301,0.8195804998213301,0.8195804998213301,0.8195804998213301,0.8195804998213301,0.8195804998213301,0.8239018227473286,0.8363507584190755,0.8468998611440934,0.869434896595059,1.0,1.0,0.8437438861359393,0.4447641882320495,0.4447641882320495,0.4447641882320495,0.4447641882320495,0.4447641882320495,0.4447641882320495,0.4447641882320495,0.4447641882320495,0.4447641882320495,0.4447641882320495,0.4447641882320495,0.4447641882320495,0.4447641882320495,0.4222085843700775,0.35130687355655393,0.2790804309838057,0.11846338886143218,0.0,0.0,0.3659470381467638,94.0,94.0,94.0,94.0,94.0,94.0,94.0,94.0,94.0,94.0,94.0,94.0,94.0,91.0,81.0,69.0,35.0,0.0,0.0,78.84210526315789,143.0,143.0,143.0,143.0,143.0,143.0,143.0,143.0,143.0,143.0,143.0,143.0,143.0,146.0,156.0,168.0,202.0,237.0,237.0,158.1578947368421,7.0,7.0,7.0,7.0,7.0,7.0,7.0,7.0,7.0,7.0,7.0,7.0,7.0,10.0,20.0,32.0,66.0,101.0,101.0,22.157894736842106,0.29957805907172996,0.8195804998213301,0.3670886075949367,0.39662447257383965,0.9306930693069307,0.0,0.5,0.5,0.2280192699713292,0.5562130177514792,0.005200594353640416,0.36200793256263325,77.04056698320503,94,143,7,16,0,1,1,1.0,1346,0.4911242603550296,0.350210970464135,0.8217821782178217,83,154,18,101,237,9,2
M1004,0.6762205409722782,0.8191103052134195,0.5538992137073865,0.6762205409722782,0.6762205409722782,0.6762205409722782,0.6762205409722782,0.6762205409722782,0.6762205409722782,0.6762205409722782,0.6762205409722782,0.6762205409722782,0.6762205409722782,0.6762205409722782,0.6762205409722782,0.6762205409722782,0.6762205409722782,0.4810141996954668,0.3265314517404566,0.1630221909543772,0.03174608111958077,0.0,0.5510211314274619,0.6742857142857143,0.6742857142857143,0.6742857142857143,0.6742857142857143,0.6742857142857143,0.6742857142857143,0.6742857142857143,0.6742857142857143,0.6742857142857143,0.6742857142857143,0.6742857142857143,0.6742857142857143,0.6742857142857143,0.6742857142857143,0.4797979797979798,0.3257918552036199,0.1626984126984127,0.03169014084507042,0.0,0.5494725467655307,0.6781609195402298,0.6781609195402298,0.6781609195402298,0.6781609195402298,0.6781609195402298,0.6781609195402298,0.6781609195402298,0.6781609195402298,0.6781609195402298,0.6781609195402298,0.6781609195402298,0.6781609195402298,0.6781609195402298,0.6781609195402298,0.48223350253807107,0.32727272727272727,0.16334661354581673,0.03180212014134275,0.0,0.5525740966874304,0.6982248520710059,0.6982248520710059,0.6982248520710059,0.6982248520710059,0.6982248520710059,0.6982248520710059,0.6982248520710059,0.6982248520710059,0.6982248520710059,0.6982248520710059,0.6982248520710059,0.6982248520710059,0.6982248520710059,0.6982248520710059,0.5621301775147929,0.4260355029585799,0.24260355029585798,0.05325443786982249,0.0,0.582061663033323,0.9516129032258065,0.9516129032258065,0.9516129032258065,0.9516129032258065,0.9516129032258065,0.9516129032258065,0.9516129032258065,0.9516129032258065,0.9516129032258065,0.9516129032258065,0.9516129032258065,0.9516129032258065,0.9516129032258065,0.9516129032258065,0.7661290322580645,0.5806451612903226,0.33064516129032256,0.07258064516129033,0.0,0.7932937181663837,0.6982248520710059,0.6982248520710059,0.6982248520710059,0.6982248520710059,0.6982248520710059,0.6982248520710059,0.6982248520710059,0.6982248520710059,0.6982248520710059,0.6982248520710059,0.6982248520710059,0.6982248520710059,0.6982248520710059,0.6982248520710059,0.5621301775147929,0.4260355029585799,0.24260355029585798,0.05325443786982249,0.0,0.582061663033323,0.959349593495935,0.959349593495935,0.959349593495935,0.959349593495935,0.959349593495935,0.959349593495935,0.959349593495935,0.959349593495935,0.959349593495935,0.959349593495935,0.959349593495935,0.959349593495935,0.959349593495935,0.959349593495935,0.7723577235772358,0.5853658536585366,0.3333333333333333,0.07317073170731707,0.0,0.7997432605905006,0.8191103052134195,0.8191103052134195,0.8191103052134195,0.8191103052134195,0.8191103052134195,0.8191103052134195,0.8191103052134195,0.8191103052134195,0.8191103052134195,0.8191103052134195,0.8191103052134195,0.8191103052134195,0.8191103052134195,0.8191103052134195,0.8394765793768728,0.8598532434607215,0.8824468465263486,0.9089968454596702,1.0,0.839911462516394,0.6881197626331584,0.6881197626331584,0.6881197626331584,0.6881197626331584,0.6881197626331584,0.6881197626331584,0.6881197626331584,0.6881197626331584,0.6881197626331584,0.6881197626331584,0.6881197626331584,0.6881197626331584,0.6881197626331584,0.6881197626331584,0.5206515191424166,0.37340300074887256,0.19906900405392253,0.04115342064999905,0.0,0.5667344011294437,118.0,118.0,118.0,118.0,118.0,118.0,118.0,118.0,118.0,118.0,118.0,118.0,118.0,118.0,95.0,72.0,41.0,9.0,0.0,98.36842105263158,51.0,51.0,51.0,51.0,51.0,51.0,51.0,51.0,51.0,51.0,51.0,51.0,51.0,51.0,74.0,97.0,128.0,160.0,169.0,70.63157894736842,6.0,6.0,6.0,6.0,6.0,6.0,6.0,6.0,6.0,6.0,6.0,6.0,6.0,6.0,29.0,52.0,83.0,115.0,124.0,25.63157894736842,0.6627218934911243,0.8191103052134195,0.6627218934911243,0.6982248520710059,0.9516129032258065,0.0,1.0,0.0,0.5364202131075947,0.8054607508532423,0.022304832713754646,0.6627218934911243,96.6550160151835,118,51,6,0,0,1,0,0.0,269,0.8054607508532423,0.6982248520710059,0.9516129032258065,118,51,6,124,169,2,1
M1005,0.021978532386175798,0.8203809942990877,0.0180307702522056,0.021978532386175798,0.021978532386175798,0.021978532386175798,0.021978532386175798,0.021978532386175798,0.021978532386175798,0.021978532386175798,0.021978532386175798,0.021978532386175798,0.021978532386175798,0.021978532386175798,0.021978532386175798,0.021978532386175798,0.021978532386175798,0.021978532386175798,0.021505426073421062,0.00422833925942543,0.0,0.0,0.018705881638183344,0.02586206896551724,0.02586206896551724,0.02586206896551724,0.02586206896551724,0.02586206896551724,0.02586206896551724,0.02586206896551724,0.02586206896551724,0.02586206896551724,0.02586206896551724,0.02586206896551724,0.02586206896551724,0.02586206896551724,0.02586206896551724,0.02586206896551724,0.02145922746781116,0.004219409282700422,0.0,0.0,0.02176893006490896,0.01867816091954023,0.01867816091954023,0.01867816091954023,0.01867816091954023,0.01867816091954023,0.01867816091954023,0.01867816091954023,0.01867816091954023,0.01867816091954023,0.01867816091954023,0.01867816091954023,0.01867816091954023,0.01867816091954023,0.01867816091954023,0.01867816091954023,0.021551724137931036,0.00423728813559322,0.0,0.0,0.01610323295087514,0.02586206896551724,0.02586206896551724,0.02586206896551724,0.02586206896551724,0.02586206896551724,0.02586206896551724,0.02586206896551724,0.02586206896551724,0.02586206896551724,0.02586206896551724,0.02586206896551724,0.02586206896551724,0.02586206896551724,0.02586206896551724,0.02586206896551724,0.021551724137931036,0.004310344827586207,0.0,0.0,0.021778584392014515,1.0,1.0,1.0,1.0,1.0,1.0,1.0,1.0,1.0,1.0,1.0,1.0,1.0,1.0,1.0,0.8333333333333334,0.16666666666666666,0.0,0.0,0.8421052631578947,0.01867816091954023,0.01867816091954023,0.01867816091954023,0.01867816091954023,0.01867816091954023,0.01867816091954023,0.01867816091954023,0.01867816091954023,0.01867816091954023,0.01867816091954023,0.01867816091954023,0.01867816091954023,0.01867816091954023,0.01867816091954023,0.01867816091954023,0.021551724137931036,0.004310344827586207,0.0,0.0,0.016107078039927402,1.0,1.0,1.0,1.0,1.0,1.0,1.0,1.0,1.0,1.0,1.0,1.0,1.0,1.0,1.0,1.0,0.2,0.0,0.0,0.8526315789473684,0.8203809942990877,0.8203809942990877,0.8203809942990877,0.8203809942990877,0.8203809942990877,0.8203809942990877,0.8203809942990877,0.8203809942990877,0.8203809942990877,0.8203809942990877,0.8203809942990877,0.8203809942990877,0.8203809942990877,0.8203809942990877,0.8203809942990877,0.8322715791117659,0.8776370384709269,1.0,1.0,0.8429275543194215,0.021978532386175798,0.021978532386175798,0.021978532386175798,0.021978532386175798,0.021978532386175798,0.021978532386175798,0.021978532386175798,0.021978532386175798,0.021978532386175798,0.021978532386175798,0.021978532386175798,0.021978532386175798,0.021978532386175798,0.021978532386175798,0.021978532386175798,0.021551724137931036,0.004273660374695986,0.0,0.0,0.018710703700277054,6.0,6.0,6.0,6.0,6.0,6.0,6.0,6.0,6.0,6.0,6.0,6.0,6.0,6.0,6.0,5.0,1.0,0.0,0.0,5.052631578947368,226.0,226.0,226.0,226.0,226.0,226.0,226.0,226.0,226.0,226.0,226.0,226.0,226.0,226.0,226.0,227.0,231.0,232.0,232.0,226.94736842105263,0.0,0.0,0.0,0.0,0.0,0.0,0.0,0.0,0.0,0.0,0.0,0.0,0.0,0.0,0.0,1.0,5.0,6.0,6.0,0.9473684210526315,0.021551724137931036,0.8203809942990877,0.02586206896551724,0.02586206896551724,1.0,0.0,0.0,1.0,0.01690640502497641,0.05042016806722689,0.0,0.02586206896551724,4.922285965794527,6,226,0,1,0,0,1,0.0,537,0.04201680672268908,0.021551724137931036,0.8333333333333334,5,227,1,6,232,2,1
M1006,0.4573577420463129,0.8818829729350322,0.403336005250656,0.4573577420463129,0.4573577420463129,0.4573577420463129,0.4573577420463129,0.4573577420463129,0.4573577420463129,0.4573577420463129,0.4573577420463129,0.4573577420463129,0.4573577420463129,0.4573577420463129,0.4573577420463129,0.4573577420463129,0.4402181866829943,0.416689490544869,0.3908512192734897,0.3150738201626,0.14674462909851588,0.025701752231028257,0.4042594602418718,0.36231884057971014,0.36231884057971014,0.36231884057971014,0.36231884057971014,0.36231884057971014,0.36231884057971014,0.36231884057971014,0.36231884057971014,0.36231884057971014,0.36231884057971014,0.36231884057971014,0.36231884057971014,0.36231884057971014,0.3553038105046344,0.3442288049029622,0.32795156407669024,0.2690453230472517,0.13448275862068965,0.020155038759689922,0.32427959091832365,0.5773260476187766,0.5773260476187766,0.5773260476187766,0.5773260476187766,0.5773260476187766,0.5773260476187766,0.5773260476187766,0.5773260476187766,0.5773260476187766,0.5773260476187766,0.5773260476187766,0.5773260476187766,0.5773260476187766,0.5454263257442208,0.5044032604403592,0.4658147493141704,0.36897691075796774,0.16012451254065868,0.03277493413043323,0.5043557532616793,0.39325842696629215,0.39325842696629215,0.39325842696629215,0.39325842696629215,0.39325842696629215,0.39325842696629215,0.39325842696629215,0.39325842696629215,0.39325842696629215,0.39325842696629215,0.39325842696629215,0.39325842696629215,0.39325842696629215,0.38764044943820225,0.37865168539325844,0.3651685393258427,0.31348314606741573,0.1752808988764045,0.029213483146067417,0.3558840922531047,0.8215962441314554,0.8215962441314554,0.8215962441314554,0.8215962441314554,0.8215962441314554,0.8215962441314554,0.8215962441314554,0.8215962441314554,0.8215962441314554,0.8215962441314554,0.8215962441314554,0.8215962441314554,0.8215962441314554,0.8098591549295775,0.7910798122065728,0.7629107981220657,0.6549295774647887,0.36619718309859156,0.06103286384976526,0.7435137138621201,0.5773260476187766,0.5773260476187766,0.5773260476187766,0.5773260476187766,0.5773260476187766,0.5773260476187766,0.5773260476187766,0.5773260476187766,0.5773260476187766,0.5773260476187766,0.5773260476187766,0.5773260476187766,0.5773260476187766,0.5579076214650008,0.5313013150208338,0.5050535877776362,0.43348298599020985,0.20893522264581926,0.040246557136637565,0.5148508373200122,1.0,1.0,1.0,1.0,1.0,1.0,1.0,1.0,1.0,1.0,1.0,1.0,1.0,0.9859808657762622,0.9642462326176762,0.9309490619459659,0.7991612138787478,0.5090453635345277,0.14808287687544655,0.9124981902436119,0.8818829729350322,0.8818829729350322,0.8818829729350322,0.8818829729350322,0.8818829729350322,0.8818829729350322,0.8818829729350322,0.8818829729350322,0.8818829729350322,0.8818829729350322,0.8818829729350322,0.8818829729350322,0.8818829729350322,0.884878662160447,0.888506103518193,0.8925211500248381,0.9027863734215411,0.9251260685174387,0.9662137928793094,0.8907637262461677,0.4764853967680717,0.4764853967680717,0.4764853967680717,0.4764853967680717,0.4764853967680717,0.4764853967680717,0.4764853967680717,0.4764853967680717,0.4764853967680717,0.4764853967680717,0.4764853967680717,0.4764853967680717,0.4764853967680717,0.4598144256620458,0.4370276246229713,0.4124328934547888,0.3401000482367561,0.16753139553609872,0.030943011906291232,0.42327155565283603,350.0,350.0,350.0,350.0,350.0,350.0,350.0,350.0,350.0,350.0,350.0,350.0,350.0,345.0,337.0,325.0,279.0,156.0,26.0,316.7368421052632,540.0,540.0,540.0,540.0,540.0,540.0,540.0,540.0,540.0,540.0,540.0,540.0,540.0,545.0,553.0,565.0,611.0,734.0,864.0,573.2631578947369,76.0,76.0,76.0,76.0,76.0,76.0,76.0,76.0,76.0,76.0,76.0,76.0,76.0,81.0,89.0,101.0,147.0,270.0,400.0,109.26315789473684,0.30786516853932583,0.8818829729350322,0.30786516853932583,0.39325842696629215,0.8215962441314554,0.3333333333333333,0.6666666666666666,0.0,0.2614146522778216,0.5319148936170213,0.10734463276836158,0.30786516853932583,308.65904052726125,350,540,76,0,1,2,0,21.0,708,0.5319148936170213,0.39325842696629215,0.8215962441314554,350,540,76,426,890,9,3
M1007,0,1.0,0,0.0,0.0,0.0,0.0,0.0,0.0,0.0,0.0,0.0,0.0,0.0,0.0,0.0,0.0,0.0,0.0,0.0,0.0,0.0,0.0,0.0,0.0,0.0,0.0,0.0,0.0,0.0,0.0,0.0,0.0,0.0,0.0,0.0,0.0,0.0,0.0,0.0,0.0,0.0,0.0,0.0,0.0,0.0,0.0,0.0,0.0,0.0,0.0,0.0,0.0,0.0,0.0,0.0,0.0,0.0,0.0,0.0,0.0,0.0,0.0,0.0,0.0,0.0,0.0,0.0,0.0,0.0,0.0,0.0,0.0,0.0,0.0,0.0,0.0,0.0,0.0,0.0,0.0,0.0,0.0,0.0,0.0,0.0,0.0,0.0,0.0,0.0,0.0,0.0,0.0,0.0,0.0,0.0,0.0,0.0,0.0,0.0,0.0,0.0,0.0,0.0,0.0,0.0,0.0,0.0,0.0,0.0,0.0,0.0,0.0,0.0,0.0,0.0,0.0,0.0,0.0,0.0,0.0,0.0,0.0,0.0,0.0,0.0,0.0,0.0,0.0,0.0,0.0,0.0,0.0,0.0,0.0,0.0,0.0,0.0,0.0,0.0,0.0,0.0,0.0,1.0,1.0,1.0,1.0,1.0,1.0,1.0,1.0,1.0,1.0,1.0,1.0,1.0,1.0,1.0,1.0,1.0,1.0,1.0,1.0,0.0,0.0,0.0,0.0,0.0,0.0,0.0,0.0,0.0,0.0,0.0,0.0,0.0,0.0,0.0,0.0,0.0,0.0,0.0,0.0,0.0,0.0,0.0,0.0,0.0,0.0,0.0,0.0,0.0,0.0,0.0,0.0,0.0,0.0,0.0,0.0,0.0,0.0,0.0,0.0,0.0,0.0,0.0,0.0,0.0,0.0,0.0,0.0,0.0,0.0,0.0,0.0,0.0,0.0,0.0,0.0,0.0,0.0,0.0,0.0,342.0,342.0,342.0,342.0,342.0,342.0,342.0,342.0,342.0,342.0,342.0,342.0,342.0,342.0,342.0,342.0,342.0,342.0,342.0,342.0,0,0,0,0,0,0,0,1.0,0,0,0,0,0,0,0,342,0,0,0,0,0,0,0,0,0,0,0,342,342,0,20,0
M1008,0,1.0,0,0.0,0.0,0.0,0.0,0.0,0.0,0.0,0.0,0.0,0.0,0.0,0.0,0.0,0.0,0.0,0.0,0.0,0.0,0.0,0.0,0.0,0.0,0.0,0.0,0.0,0.0,0.0,0.0,0.0,0.0,0.0,0.0,0.0,0.0,0.0,0.0,0.0,0.0,0.0,0.0,0.0,0.0,0.0,0.0,0.0,0.0,0.0,0.0,0.0,0.0,0.0,0.0,0.0,0.0,0.0,0.0,0.0,0.0,0.0,0.0,0.0,0.0,0.0,0.0,0.0,0.0,0.0,0.0,0.0,0.0,0.0,0.0,0.0,0.0,0.0,0.0,0.0,0.0,0.0,0.0,0.0,0.0,0.0,0.0,0.0,0.0,0.0,0.0,0.0,0.0,0.0,0.0,0.0,0.0,0.0,0.0,0.0,0.0,0.0,0.0,0.0,0.0,0.0,0.0,0.0,0.0,0.0,0.0,0.0,0.0,0.0,0.0,0.0,0.0,0.0,0.0,0.0,0.0,0.0,0.0,0.0,0.0,0.0,0.0,0.0,0.0,0.0,0.0,0.0,0.0,0.0,0.0,0.0,0.0,0.0,0.0,0.0,0.0,0.0,0.0,1.0,1.0,1.0,1.0,1.0,1.0,1.0,1.0,1.0,1.0,1.0,1.0,1.0,1.0,1.0,1.0,1.0,1.0,1.0,1.0,0.0,0.0,0.0,0.0,0.0,0.0,0.0,0.0,0.0,0.0,0.0,0.0,0.0,0.0,0.0,0.0,0.0,0.0,0.0,0.0,0.0,0.0,0.0,0.0,0.0,0.0,0.0,0.0,0.0,0.0,0.0,0.0,0.0,0.0,0.0,0.0,0.0,0.0,0.0,0.0,0.0,0.0,0.0,0.0,0.0,0.0,0.0,0.0,0.0,0.0,0.0,0.0,0.0,0.0,0.0,0.0,0.0,0.0,0.0,0.0,0.0,0.0,0.0,0.0,0.0,0.0,0.0,0.0,0.0,0.0,0.0,0.0,0.0,0.0,0.0,0.0,0.0,0.0,0.0,0.0,0,0,0,0,0,0,0,1.0,0,0,0,0,0,0,0,0,0,0,0,0,0,0,0,0,0,0,0,0,0,0,0,0
M1009,0.31793111844140376,0.7783132522863838,0.24745000279717647,0.31793111844140376,0.31793111844140376,0.31793111844140376,0.31793111844140376,0.31793111844140376,0.31793111844140376,0.31793111844140376,0.31793111844140376,0.3172987246527775,0.3172987246527775,0.3159923640967092,0.3158300268725436,0.31284521138451565,0.30454884141739774,0.23777765594823239,0.11029129863829781,0.027616450282136593,0.001915649055493132,0.0,0.252887573396427,0.3793103448275862,0.3793103448275862,0.3793103448275862,0.3793103448275862,0.3793103448275862,0.3793103448275862,0.3793103448275862,0.3793103448275862,0.3753581661891118,0.3753581661891118,0.36622390891840606,0.36492890995260663,0.3610586011342155,0.3445378151260504,0.26537785588752194,0.11455108359133127,0.026372059871703494,0.0013908205841446453,0.0,0.2962968497928891,0.26648415328442326,0.26648415328442326,0.26648415328442326,0.26648415328442326,0.26648415328442326,0.26648415328442326,0.26648415328442326,0.26648415328442326,0.26821976910329315,0.26821976910329315,0.27265061547271585,0.2733370888244123,0.27106992044718103,0.2692012102495814,0.21304797071010778,0.10618992133429914,0.02891955842266401,0.002638522427440633,0.0,0.2160719774931776,0.3826086956521739,0.3826086956521739,0.3826086956521739,0.3826086956521739,0.3826086956521739,0.3826086956521739,0.3826086956521739,0.3826086956521739,0.37971014492753624,0.37971014492753624,0.37294685990338167,0.3719806763285024,0.3690821256038647,0.3565217391304348,0.29178743961352654,0.14299516908212562,0.035748792270531404,0.001932367149758454,0.0,0.30333079074497843,0.9777777777777777,0.9777777777777777,0.9777777777777777,0.9777777777777777,0.9777777777777777,0.9777777777777777,0.9777777777777777,0.9777777777777777,0.9703703703703703,0.9703703703703703,0.9530864197530864,0.9506172839506173,0.9432098765432099,0.9111111111111111,0.745679012345679,0.3654320987654321,0.09135802469135802,0.0049382716049382715,0.0,0.7751786874593891,0.2664846175658595,0.2664846175658595,0.2664846175658595,0.2664846175658595,0.2664846175658595,0.2664846175658595,0.2664846175658595,0.2664846175658595,0.2682227762133957,0.2682227762133957,0.2726544127679388,0.2733407055200528,0.27173101662278604,0.2714109211323241,0.22611917336108345,0.1248596348784822,0.03658608514277594,0.003372681281618887,0.0,0.2183366907189858,0.9978354978354977,0.9978354978354977,0.9978354978354977,0.9978354978354977,0.9978354978354977,0.9978354978354977,0.9978354978354977,0.9978354978354977,0.9911951209661133,0.9911951209661133,0.9851961509992596,0.9863121005978147,0.9827800592396068,0.9731541744887352,0.8285411148749073,0.44251419349324955,0.12194580751805924,0.011976047904191617,0.0,0.8051312565122123,0.7783132522863838,0.7783132522863838,0.7783132522863838,0.7783132522863838,0.7783132522863838,0.7783132522863838,0.7783132522863838,0.7783132522863838,0.7811304111950724,0.7811304111950724,0.7858080731225879,0.7863350603897918,0.787569985205779,0.7913459157732748,0.8053684008151489,0.8348943785743856,0.8712169332075945,0.9049450439101292,1.0,0.8082237174568373,0.3193104356267223,0.3193104356267223,0.3193104356267223,0.3193104356267223,0.3193104356267223,0.3193104356267223,0.3193104356267223,0.3193104356267223,0.31913283660357133,0.31913283660357133,0.31887958682122275,0.3188669239143013,0.31630216949290135,0.30980007045544483,0.2493285420652035,0.12322599464405115,0.03215337131013345,0.002258006656918268,0.0,0.25597704334637356,396.0,396.0,396.0,396.0,396.0,396.0,396.0,396.0,393.0,393.0,386.0,385.0,382.0,369.0,302.0,148.0,37.0,2.0,0.0,313.94736842105266,639.0,639.0,639.0,639.0,639.0,639.0,639.0,639.0,642.0,642.0,649.0,650.0,653.0,666.0,733.0,887.0,998.0,1033.0,1035.0,721.0526315789474,9.0,9.0,9.0,9.0,9.0,9.0,9.0,9.0,12.0,12.0,19.0,20.0,23.0,36.0,103.0,257.0,368.0,403.0,405.0,91.05263157894737,0.3294685990338164,0.7809512901853496,0.3681159420289855,0.37971014492753624,0.9703703703703703,0.0,1.0,0.0,0.2462935816839057,0.5458333333333333,0.019867549668874173,0.3665680579793933,306.9138570428424,393,642,12,40,0,2,0,42.0,604,0.4527777777777778,0.314975845410628,0.8049382716049382,326,709,79,405,1035,22,2
M1101,0,1.0,0,0.0,0.0,0.0,0.0,0.0,0.0,0.0,0.0,0.0,0.0,0.0,0.0,0.0,0.0,0.0,0.0,0.0,0.0,0.0,0.0,0.0,0.0,0.0,0.0,0.0,0.0,0.0,0.0,0.0,0.0,0.0,0.0,0.0,0.0,0.0,0.0,0.0,0.0,0.0,0.0,0.0,0.0,0.0,0.0,0.0,0.0,0.0,0.0,0.0,0.0,0.0,0.0,0.0,0.0,0.0,0.0,0.0,0.0,0.0,0.0,0.0,0.0,0.0,0.0,0.0,0.0,0.0,0.0,0.0,0.0,0.0,0.0,0.0,0.0,0.0,0.0,0.0,0.0,0.0,0.0,0.0,0.0,0.0,0.0,0.0,0.0,0.0,0.0,0.0,0.0,0.0,0.0,0.0,0.0,0.0,0.0,0.0,0.0,0.0,0.0,0.0,0.0,0.0,0.0,0.0,0.0,0.0,0.0,0.0,0.0,0.0,0.0,0.0,0.0,0.0,0.0,0.0,0.0,0.0,0.0,0.0,0.0,0.0,0.0,0.0,0.0,0.0,0.0,0.0,0.0,0.0,0.0,0.0,0.0,0.0,0.0,0.0,0.0,0.0,0.0,1.0,1.0,1.0,1.0,1.0,1.0,1.0,1.0,1.0,1.0,1.0,1.0,1.0,1.0,1.0,1.0,1.0,1.0,1.0,1.0,0.0,0.0,0.0,0.0,0.0,0.0,0.0,0.0,0.0,0.0,0.0,0.0,0.0,0.0,0.0,0.0,0.0,0.0,0.0,0.0,0.0,0.0,0.0,0.0,0.0,0.0,0.0,0.0,0.0,0.0,0.0,0.0,0.0,0.0,0.0,0.0,0.0,0.0,0.0,0.0,0.0,0.0,0.0,0.0,0.0,0.0,0.0,0.0,0.0,0.0,0.0,0.0,0.0,0.0,0.0,0.0,0.0,0.0,0.0,0.0,346.0,346.0,346.0,346.0,346.0,346.0,346.0,346.0,346.0,346.0,346.0,346.0,346.0,346.0,346.0,346.0,346.0,346.0,346.0,346.0,0,0,0,0,0,0,0,1.0,0,0,0,0,0,0,0,346,0,0,0,0,0,0,0,0,0,0,0,346,346,0,4,0
M1102,0,1.0,0,0.0,0.0,0.0,0.0,0.0,0.0,0.0,0.0,0.0,0.0,0.0,0.0,0.0,0.0,0.0,0.0,0.0,0.0,0.0,0.0,0.0,0.0,0.0,0.0,0.0,0.0,0.0,0.0,0.0,0.0,0.0,0.0,0.0,0.0,0.0,0.0,0.0,0.0,0.0,0.0,0.0,0.0,0.0,0.0,0.0,0.0,0.0,0.0,0.0,0.0,0.0,0.0,0.0,0.0,0.0,0.0,0.0,0.0,0.0,0.0,0.0,0.0,0.0,0.0,0.0,0.0,0.0,0.0,0.0,0.0,0.0,0.0,0.0,0.0,0.0,0.0,0.0,0.0,0.0,0.0,0.0,0.0,0.0,0.0,0.0,0.0,0.0,0.0,0.0,0.0,0.0,0.0,0.0,0.0,0.0,0.0,0.0,0.0,0.0,0.0,0.0,0.0,0.0,0.0,0.0,0.0,0.0,0.0,0.0,0.0,0.0,0.0,0.0,0.0,0.0,0.0,0.0,0.0,0.0,0.0,0.0,0.0,0.0,0.0,0.0,0.0,0.0,0.0,0.0,0.0,0.0,0.0,0.0,0.0,0.0,0.0,0.0,0.0,0.0,0.0,1.0,1.0,1.0,1.0,1.0,1.0,1.0,1.0,1.0,1.0,1.0,1.0,1.0,1.0,1.0,1.0,1.0,1.0,1.0,1.0,0.0,0.0,0.0,0.0,0.0,0.0,0.0,0.0,0.0,0.0,0.0,0.0,0.0,0.0,0.0,0.0,0.0,0.0,0.0,0.0,0.0,0.0,0.0,0.0,0.0,0.0,0.0,0.0,0.0,0.0,0.0,0.0,0.0,0.0,0.0,0.0,0.0,0.0,0.0,0.0,0.0,0.0,0.0,0.0,0.0,0.0,0.0,0.0,0.0,0.0,0.0,0.0,0.0,0.0,0.0,0.0,0.0,0.0,0.0,0.0,85.0,85.0,85.0,85.0,85.0,85.0,85.0,85.0,85.0,85.0,85.0,85.0,85.0,85.0,85.0,85.0,85.0,85.0,85.0,85.0,0,0,0,0,0,0,0,1.0,0,0,0,0,0,0,0,85,0,0,0,0,0,0,0,0,0,0,0,85,85,0,10,0
M1201,0.9039972899381563,0.8143105571168868,0.7361345368016959,0.9039972899381563,0.9039972899381563,0.9039972899381563,0.9039972899381563,0.9039972899381563,0.9039972899381563,0.9039972899381563,0.9039972899381563,0.9039972899381563,0.9039972899381563,0.9039972899381563,0.901526408062432,0.8826871285355044,0.831844745263055,0.6940932615214062,0.45019801315885666,0.1735089208749563,0.038389759138767625,0.0014112197674234347,0.7325068234548485,0.8765632237146828,0.8765632237146828,0.8765632237146828,0.8765632237146828,0.8765632237146828,0.8765632237146828,0.8765632237146828,0.8765632237146828,0.8765632237146828,0.8765632237146828,0.8765632237146828,0.873959296947271,0.8550824175824175,0.8030707610146862,0.667627083762091,0.4205820476858345,0.15757142857142858,0.030129672006102212,0.0008646245059288538,0.7079517259440669,0.9322899684889465,0.9322899684889465,0.9322899684889465,0.9322899684889465,0.9322899684889465,0.9322899684889465,0.9322899684889465,0.9322899684889465,0.9322899684889465,0.9322899684889465,0.9322899684889465,0.9299630626653618,0.9111830051249493,0.8616496998937588,0.7216086156581094,0.48189943476517155,0.19105840377365635,0.04891435945383364,0.002303359687714575,0.7580931365474193,0.9037726838586437,0.9037726838586437,0.9037726838586437,0.9037726838586437,0.9037726838586437,0.9037726838586437,0.9037726838586437,0.9037726838586437,0.9037726838586437,0.9037726838586437,0.9037726838586437,0.9023400191021967,0.8918338108882522,0.8617478510028653,0.7745940783190067,0.5728271251193887,0.2633715377268386,0.05659025787965616,0.0016714422158548234,0.7508671391946916,0.966794380587484,0.966794380587484,0.966794380587484,0.966794380587484,0.966794380587484,0.966794380587484,0.966794380587484,0.966794380587484,0.966794380587484,0.966794380587484,0.966794380587484,0.9652618135376756,0.9540229885057471,0.9218390804597701,0.8286079182630907,0.6127713920817369,0.28173690932311624,0.06053639846743295,0.0017879948914431673,0.803226456946965,0.9449639309512532,0.9449639309512532,0.9449639309512532,0.9449639309512532,0.9449639309512532,0.9449639309512532,0.9449639309512532,0.9449639309512532,0.9449639309512532,0.9449639309512532,0.9449639309512532,0.9437854457364299,0.9339603396700693,0.9071908543488104,0.8195396761055935,0.6276913690745888,0.3102725617981118,0.090164848350585,0.004550294369817624,0.7911451910483048,0.9824080665349322,0.9824080665349322,0.9824080665349322,0.9824080665349322,0.9824080665349322,0.9824080665349322,0.9824080665349322,0.9824080665349322,0.9824080665349322,0.9824080665349322,0.9824080665349322,0.9809486671110845,0.9700882467646497,0.9394538851971385,0.8496892279104028,0.6517851634958115,0.3274125179072646,0.10363811442266481,0.004636011027713625,0.8228495034589992,0.8143105571168868,0.8143105571168868,0.8143105571168868,0.8143105571168868,0.8143105571168868,0.8143105571168868,0.8143105571168868,0.8143105571168868,0.8143105571168868,0.8143105571168868,0.8143105571168868,0.8146717783433414,0.8168515424528365,0.8216575166265274,0.8318897003474125,0.8510623437478116,0.8810800452664302,0.9179432715480923,0.9613995436819479,0.8344195721210607,0.9179205885890923,0.9179205885890923,0.9179205885890923,0.9179205885890923,0.9179205885890923,0.9179205885890923,0.9179205885890923,0.9179205885890923,0.9179205885890923,0.9179205885890923,0.9179205885890923,0.9160474265723364,0.9014564947223983,0.8616987740508342,0.7476321024091646,0.5253999122698743,0.22431973965191537,0.0526125100666243,0.0019621245170335965,0.7541187136179051,3785.0,3785.0,3785.0,3785.0,3785.0,3785.0,3785.0,3785.0,3785.0,3785.0,3785.0,3779.0,3735.0,3609.0,3244.0,2399.0,1103.0,237.0,7.0,3144.6315789473683,403.0,403.0,403.0,403.0,403.0,403.0,403.0,403.0,403.0,403.0,403.0,409.0,453.0,579.0,944.0,1789.0,3085.0,3951.0,4181.0,1043.3684210526317,130.0,130.0,130.0,130.0,130.0,130.0,130.0,130.0,130.0,130.0,130.0,136.0,180.0,306.0,671.0,1516.0,2812.0,3678.0,3908.0,770.3684210526316,0.8627029608404967,0.8143105571168868,0.8727316141356256,0.9037726838586437,0.966794380587484,0.625,0.25,0.125,0.694881914681809,0.9342218931260027,0.1086048454469507,0.8723440187940789,3082.1654586874165,3785,403,130,42,5,2,1,72.0,1197,0.9238553622115266,0.8937440305635148,0.9560664112388251,3743,445,172,3915,4188,32,8
M1202,0.7541930212001997,0.8100547030771724,0.6109376038512033,0.7541930212001997,0.7541930212001997,0.7541930212001997,0.7541930212001997,0.7541930212001997,0.7541930212001997,0.7541930212001997,0.7541930212001997,0.7541930212001997,0.7541930212001997,0.7431164625362651,0.7156239397290571,0.684577136189662,0.6317669619638213,0.5580529856949189,0.43431466142627695,0.21933998939184732,0.03693208518754349,0.0036708818090631103,0.6089118587331818,0.770197486535009,0.770197486535009,0.770197486535009,0.770197486535009,0.770197486535009,0.770197486535009,0.770197486535009,0.770197486535009,0.770197486535009,0.770197486535009,0.7575757575757576,0.7192676547515258,0.6782978723404255,0.613747954173486,0.5346303501945525,0.4166666666666667,0.21204671173939765,0.03462749213011543,0.003051881993896236,0.6143098529955743,0.7385211237004342,0.7385211237004342,0.7385211237004342,0.7385211237004342,0.7385211237004342,0.7385211237004342,0.7385211237004342,0.7385211237004342,0.7385211237004342,0.7385211237004342,0.7289331414979842,0.7119986832860579,0.69091452959539,0.6503149892637784,0.582501787879581,0.45271014031157175,0.22688411695599517,0.03939005779496578,0.0044154306369188585,0.6038565323277151,0.7857142857142857,0.7857142857142857,0.7857142857142857,0.7857142857142857,0.7857142857142857,0.7857142857142857,0.7857142857142857,0.7857142857142857,0.7857142857142857,0.7857142857142857,0.7783882783882784,0.7554945054945055,0.7298534798534798,0.6868131868131868,0.6291208791208791,0.5311355311355311,0.3159340659340659,0.06043956043956044,0.005494505494505495,0.6499903605166764,0.975,0.975,0.975,0.975,0.975,0.975,0.975,0.975,0.975,0.975,0.9659090909090909,0.9375,0.9056818181818181,0.8522727272727273,0.7806818181818181,0.6590909090909091,0.39204545454545453,0.075,0.006818181818181818,0.8065789473684211,0.7438295753475143,0.7438295753475143,0.7438295753475143,0.7438295753475143,0.7438295753475143,0.7438295753475143,0.7438295753475143,0.7438295753475143,0.7438295753475143,0.7438295753475143,0.7388578450818156,0.7319472094891185,0.7224380757756835,0.7005248442195869,0.6564637727945096,0.5567168507718072,0.32799309130561854,0.06574489174053846,0.0073562390821963084,0.6287546617755798,0.9931847813203746,0.9931847813203746,0.9931847813203746,0.9931847813203746,0.9931847813203746,0.9931847813203746,0.9931847813203746,0.9931847813203746,0.9931847813203746,0.9931847813203746,0.9839930745779908,0.9587910926162414,0.9363438021739401,0.8949884085284452,0.8299080034359286,0.7038916137171223,0.4244283342723082,0.09046648370918244,0.011093482578984848,0.8297764267796784,0.8100547030771724,0.8100547030771724,0.8100547030771724,0.8100547030771724,0.8100547030771724,0.8100547030771724,0.8100547030771724,0.8100547030771724,0.8100547030771724,0.8100547030771724,0.8126009991285225,0.8198568400771655,0.8267534553673942,0.8361757019759749,0.8460750392737285,0.8589305603811893,0.8812983232442948,0.9218240150962428,0.9561150326460289,0.8347461577874876,0.7617523201101513,0.7617523201101513,0.7617523201101513,0.7617523201101513,0.7617523201101513,0.7617523201101513,0.7617523201101513,0.7617523201101513,0.7617523201101513,0.7617523201101513,0.7532549455999444,0.7334242245398902,0.710117154916374,0.6683149782914034,0.6053627316578762,0.49035746229136506,0.26773199578266266,0.04879259963167174,0.004925505851702804,0.6263055157718106,858.0,858.0,858.0,858.0,858.0,858.0,858.0,858.0,858.0,858.0,850.0,825.0,797.0,750.0,687.0,580.0,345.0,66.0,6.0,709.7894736842105,234.0,234.0,234.0,234.0,234.0,234.0,234.0,234.0,234.0,234.0,242.0,267.0,295.0,342.0,405.0,512.0,747.0,1026.0,1086.0,382.2105263157895,22.0,22.0,22.0,22.0,22.0,22.0,22.0,22.0,22.0,22.0,30.0,55.0,83.0,130.0,193.0,300.0,535.0,814.0,874.0,170.21052631578948,0.7628205128205128,0.8100547030771724,0.7655677655677655,0.7857142857142857,0.975,0.6666666666666666,0.3333333333333333,0.0,0.6135777795240054,0.8701825557809331,0.046610169491525424,0.7651308413418317,695.0269352402139,858,234,22,3,2,1,0,4.0,472,0.8336713995943205,0.7527472527472527,0.9340909090909091,822,270,58,880,1092,8,3
M1301,0.05561412702727578,0.7097648914605172,0.03947295483318581,0.05561412702727578,0.05561412702727578,0.05561412702727578,0.05561412702727578,0.05561412702727578,0.05561412702727578,0.05561412702727578,0.05561412702727578,0.05561412702727578,0.05561412702727578,0.053977071268119285,0.049099393481431775,0.04587520648986637,0.03633245521149069,0.017810271463975458,0.001458083853999552,0.001458083853999552,0.0,0.0,0.040113254520823184,0.03522504892367906,0.03522504892367906,0.03522504892367906,0.03522504892367906,0.03522504892367906,0.03522504892367906,0.03522504892367906,0.03522504892367906,0.03522504892367906,0.03522504892367906,0.03421309872922776,0.031189083820662766,0.029182879377431907,0.02321083172147002,0.011472275334608031,0.000946073793755913,0.000946073793755913,0.0,0.0,0.025442673989879098,0.08780487804878048,0.08780487804878048,0.08780487804878048,0.08780487804878048,0.08780487804878048,0.08780487804878048,0.08780487804878048,0.08780487804878048,0.08780487804878048,0.08780487804878048,0.0851581508515815,0.07729468599033816,0.07211538461538461,0.05687203791469194,0.027649769585253458,0.0022471910112359553,0.0022471910112359553,0.0,0.0,0.06324385218250139,0.08780487804878048,0.08780487804878048,0.08780487804878048,0.08780487804878048,0.08780487804878048,0.08780487804878048,0.08780487804878048,0.08780487804878048,0.08780487804878048,0.08780487804878048,0.08536585365853659,0.07804878048780488,0.07317073170731707,0.05853658536585366,0.02926829268292683,0.0024390243902439024,0.0024390243902439024,0.0,0.0,0.06354300385109113,0.05555555555555555,0.05555555555555555,0.05555555555555555,0.05555555555555555,0.05555555555555555,0.05555555555555555,0.05555555555555555,0.05555555555555555,0.05555555555555555,0.05555555555555555,0.05401234567901234,0.04938271604938271,0.046296296296296294,0.037037037037037035,0.018518518518518517,0.0015432098765432098,0.0015432098765432098,0.0,0.0,0.0402046783625731,0.08780487804878048,0.08780487804878048,0.08780487804878048,0.08780487804878048,0.08780487804878048,0.08780487804878048,0.08780487804878048,0.08780487804878048,0.08780487804878048,0.08780487804878048,0.08536585365853659,0.07804878048780488,0.07317073170731707,0.05853658536585366,0.02926829268292683,0.0024390243902439024,0.0024390243902439024,0.0,0.0,0.06354300385109113,1.0,1.0,1.0,1.0,1.0,1.0,1.0,1.0,1.0,1.0,0.9722222222222222,0.8888888888888888,0.8333333333333334,0.6666666666666666,0.3333333333333333,0.027777777777777776,0.027777777777777776,0.0,0.0,0.7236842105263158,0.7097648914605172,0.7097648914605172,0.7097648914605172,0.7097648914605172,0.7097648914605172,0.7097648914605172,0.7097648914605172,0.7097648914605172,0.7097648914605172,0.7097648914605172,0.7150180380192531,0.7299307416222847,0.7367982582039854,0.75244375386675,0.7847266052717153,0.879343063656405,0.879343063656405,1.0,1.0,0.7671185494158932,0.08780487804878048,0.08780487804878048,0.08780487804878048,0.08780487804878048,0.08780487804878048,0.08780487804878048,0.08780487804878048,0.08780487804878048,0.08780487804878048,0.08780487804878048,0.08526193900813944,0.07767081807045494,0.07264114164619309,0.05769830935411739,0.028447522718800782,0.002341143670504088,0.002341143670504088,0.0,0.0,0.06339214729613256,36.0,36.0,36.0,36.0,36.0,36.0,36.0,36.0,36.0,36.0,35.0,32.0,30.0,24.0,12.0,1.0,1.0,0.0,0.0,26.05263157894737,374.0,374.0,374.0,374.0,374.0,374.0,374.0,374.0,374.0,374.0,375.0,378.0,380.0,386.0,398.0,409.0,409.0,410.0,410.0,383.94736842105266,612.0,612.0,612.0,612.0,612.0,612.0,612.0,612.0,612.0,612.0,613.0,616.0,618.0,624.0,636.0,647.0,647.0,648.0,648.0,621.9473684210526,-1.4048780487804877,0.7097648914605172,-1.4048780487804877,0.08780487804878048,0.05555555555555555,0.0,0.0,1.0,-1.4303621070912715,0.06805293005671077,0.5177664974619289,-1.4048780487804877,25.55153609257862,36,374,612,0,0,0,1,4.0,1182,0.06805293005671077,0.08780487804878048,0.05555555555555555,36,374,612,648,410,9,1
M1302,0.25774984735737033,0.8163876805402835,0.2104238000436957,0.25774984735737033,0.25774984735737033,0.25774984735737033,0.25774984735737033,0.25774984735737033,0.25774984735737033,0.25774984735737033,0.25774984735737033,0.25774984735737033,0.24999698073684787,0.24253800253664262,0.22576416341680983,0.20771013957465187,0.18300902269587374,0.16408937852077818,0.1279388702452418,0.08764460967133898,0.04220624258224624,0.010430143114122834,0.20321453575320456,0.2318840579710145,0.2318840579710145,0.2318840579710145,0.2318840579710145,0.2318840579710145,0.2318840579710145,0.2318840579710145,0.2318840579710145,0.2318840579710145,0.22933884297520662,0.2268041237113402,0.218014329580348,0.20934959349593496,0.19718309859154928,0.18055555555555555,0.13984674329501914,0.08477666362807658,0.038394415357766144,0.00847457627118644,0.19051023495795336,0.2865008676924745,0.2865008676924745,0.2865008676924745,0.2865008676924745,0.2865008676924745,0.2865008676924745,0.2865008676924745,0.2865008676924745,0.2865008676924745,0.2725159400245883,0.2593633736101388,0.2337894833858042,0.20608352450877387,0.16985381925392978,0.14912487217847198,0.11704494601707183,0.09060957668894816,0.04639651095901096,0.012836970474967907,0.21769088559652508,0.2994652406417112,0.2994652406417112,0.2994652406417112,0.2994652406417112,0.2994652406417112,0.2994652406417112,0.2994652406417112,0.2994652406417112,0.2994652406417112,0.2967914438502674,0.29411764705882354,0.28475935828877,0.27540106951871657,0.2620320855614973,0.24331550802139038,0.19518716577540107,0.12433155080213903,0.058823529411764705,0.013368983957219251,0.24964818463270474,0.5067873303167421,0.5067873303167421,0.5067873303167421,0.5067873303167421,0.5067873303167421,0.5067873303167421,0.5067873303167421,0.5067873303167421,0.5067873303167421,0.502262443438914,0.497737556561086,0.4819004524886878,0.4660633484162896,0.4434389140271493,0.4117647058823529,0.33031674208144796,0.21040723981900453,0.09954751131221719,0.02262443438914027,0.42248154322457726,0.31001722541356685,0.31001722541356685,0.31001722541356685,0.31001722541356685,0.31001722541356685,0.31001722541356685,0.31001722541356685,0.31001722541356685,0.31001722541356685,0.2989670619861787,0.2881594454765186,0.266432182783952,0.24069428177881885,0.20296765157392332,0.17981758225660663,0.13374951964995396,0.0973408498978916,0.05221130221130221,0.015015015015015015,0.2402899958606454,0.9164300033411293,0.9164300033411293,0.9164300033411293,0.9164300033411293,0.9164300033411293,0.9164300033411293,0.9164300033411293,0.9164300033411293,0.9164300033411293,0.9091363331256415,0.902208182729399,0.876939776536488,0.8542705363215357,0.8278761554738835,0.7795541769099117,0.7075671266222621,0.5976868068503928,0.3411070636680393,0.08130081300813008,0.7960798421745183,0.8163876805402835,0.8163876805402835,0.8163876805402835,0.8163876805402835,0.8163876805402835,0.8163876805402835,0.8163876805402835,0.8163876805402835,0.8163876805402835,0.8193356489385184,0.8221256335362491,0.8302219526231704,0.8372041993179495,0.8453188078998882,0.8542871469966862,0.8735908230885411,0.901230014727893,0.928746461021231,0.9576270559694183,0.8430093088937947,0.2929113369051904,0.2929113369051904,0.2929113369051904,0.2929113369051904,0.2929113369051904,0.2929113369051904,0.2929113369051904,0.2929113369051904,0.2929113369051904,0.2843947948048811,0.276194397443997,0.25801888160288705,0.2382343868124477,0.210967178726201,0.19048462938707106,0.15114784577163867,0.10613966830201738,0.05224180822866534,0.013100276803913081,0.2324803105279175,224.0,224.0,224.0,224.0,224.0,224.0,224.0,224.0,224.0,222.0,220.0,213.0,206.0,196.0,182.0,146.0,93.0,44.0,10.0,186.73684210526315,524.0,524.0,524.0,524.0,524.0,524.0,524.0,524.0,524.0,526.0,528.0,535.0,542.0,552.0,566.0,602.0,655.0,704.0,738.0,561.2631578947369,218.0,218.0,218.0,218.0,218.0,218.0,218.0,218.0,218.0,220.0,222.0,229.0,236.0,246.0,260.0,296.0,349.0,398.0,432.0,255.26315789473685,-0.03208556149732621,0.8193356489385184,0.00267379679144385,0.2967914438502674,0.502262443438914,0.0,1.0,0.0,-0.08570519510113493,0.373109243697479,0.30598052851182195,0.0007821211925523823,181.89251406435108,222,526,220,26,0,2,0,14.0,719,0.2907563025210084,0.23128342245989306,0.3914027149321267,173,575,269,442,748,22,2
M1303,0,1.0,0,0.0,0.0,0.0,0.0,0.0,0.0,0.0,0.0,0.0,0.0,0.0,0.0,0.0,0.0,0.0,0.0,0.0,0.0,0.0,0.0,0.0,0.0,0.0,0.0,0.0,0.0,0.0,0.0,0.0,0.0,0.0,0.0,0.0,0.0,0.0,0.0,0.0,0.0,0.0,0.0,0.0,0.0,0.0,0.0,0.0,0.0,0.0,0.0,0.0,0.0,0.0,0.0,0.0,0.0,0.0,0.0,0.0,0.0,0.0,0.0,0.0,0.0,0.0,0.0,0.0,0.0,0.0,0.0,0.0,0.0,0.0,0.0,0.0,0.0,0.0,0.0,0.0,0.0,0.0,0.0,0.0,0.0,0.0,0.0,0.0,0.0,0.0,0.0,0.0,0.0,0.0,0.0,0.0,0.0,0.0,0.0,0.0,0.0,0.0,0.0,0.0,0.0,0.0,0.0,0.0,0.0,0.0,0.0,0.0,0.0,0.0,0.0,0.0,0.0,0.0,0.0,0.0,0.0,0.0,0.0,0.0,0.0,0.0,0.0,0.0,0.0,0.0,0.0,0.0,0.0,0.0,0.0,0.0,0.0,0.0,0.0,0.0,0.0,0.0,0.0,1.0,1.0,1.0,1.0,1.0,1.0,1.0,1.0,1.0,1.0,1.0,1.0,1.0,1.0,1.0,1.0,1.0,1.0,1.0,1.0,0.0,0.0,0.0,0.0,0.0,0.0,0.0,0.0,0.0,0.0,0.0,0.0,0.0,0.0,0.0,0.0,0.0,0.0,0.0,0.0,0.0,0.0,0.0,0.0,0.0,0.0,0.0,0.0,0.0,0.0,0.0,0.0,0.0,0.0,0.0,0.0,0.0,0.0,0.0,0.0,0.0,0.0,0.0,0.0,0.0,0.0,0.0,0.0,0.0,0.0,0.0,0.0,0.0,0.0,0.0,0.0,0.0,0.0,0.0,0.0,213.0,213.0,213.0,213.0,213.0,213.0,213.0,213.0,213.0,213.0,213.0,213.0,213.0,213.0,213.0,213.0,213.0,213.0,213.0,213.0,0,0,0,0,0,0,0,1.0,0,0,0,0,0,0,0,213,0,0,0,0,0,0,0,0,0,0,0,213,213,0,2,0
M1304,0.5618318508351574,0.8309509152298507,0.466854690656755,0.5618318508351574,0.5618318508351574,0.5618318508351574,0.5618318508351574,0.5618318508351574,0.5618318508351574,0.5618318508351574,0.5618318508351574,0.5618318508351574,0.5618318508351574,0.5588261707903136,0.5471577242260316,0.5401937907389732,0.5166153402230279,0.46715646155827706,0.3809379958235306,0.22756282609068662,0.07350590059321332,0.007943780285915861,0.47043255256218647,0.40582726326742974,0.40582726326742974,0.40582726326742974,0.40582726326742974,0.40582726326742974,0.40582726326742974,0.40582726326742974,0.40582726326742974,0.40582726326742974,0.40582726326742974,0.40436590436590436,0.39855072463768115,0.3942208462332301,0.3757637474541752,0.3363006923837784,0.26026119402985076,0.14783347493627869,0.04809930178432894,0.0044609665427509295,0.3383226044759093,0.777806365376813,0.777806365376813,0.777806365376813,0.777806365376813,0.777806365376813,0.777806365376813,0.777806365376813,0.777806365376813,0.777806365376813,0.777806365376813,0.7722873906737235,0.7511755886339817,0.7402179117141373,0.7102638601034885,0.6489286656793593,0.5575697030169021,0.35029170382892727,0.11233255414488634,0.01414573380592798,0.6544882508089191,0.5124835742444153,0.5124835742444153,0.5124835742444153,0.5124835742444153,0.5124835742444153,0.5124835742444153,0.5124835742444153,0.5124835742444153,0.5124835742444153,0.5124835742444153,0.5111695137976346,0.5059132720105125,0.5019710906701709,0.48488830486202367,0.4467805519053876,0.36662286465177396,0.22864651773981604,0.08147174770039421,0.00788436268068331,0.4347465246559236,0.6610169491525424,0.6610169491525424,0.6610169491525424,0.6610169491525424,0.6610169491525424,0.6610169491525424,0.6610169491525424,0.6610169491525424,0.6610169491525424,0.6610169491525424,0.6593220338983051,0.652542372881356,0.6474576271186441,0.6254237288135593,0.576271186440678,0.4728813559322034,0.29491525423728815,0.10508474576271186,0.010169491525423728,0.560749330954505,0.8432430732192503,0.8432430732192503,0.8432430732192503,0.8432430732192503,0.8432430732192503,0.8432430732192503,0.8432430732192503,0.8432430732192503,0.8432430732192503,0.8432430732192503,0.8402858838352644,0.8286365064045818,0.8226538414391901,0.8071726260379303,0.746293466946741,0.6725005271897619,0.49288784884718,0.2001704021767185,0.028053487730907083,0.7300571222526726,0.9245916359765903,0.9245916359765903,0.9245916359765903,0.9245916359765903,0.9245916359765903,0.9245916359765903,0.9245916359765903,0.9245916359765903,0.9245916359765903,0.9245916359765903,0.9219084411323663,0.9113650601492272,0.9036046620469195,0.8712391506385003,0.8312931594959241,0.7238876815938293,0.5199437821267985,0.233943496968701,0.02766329768096033,0.7995139521894279,0.8309509152298507,0.8309509152298507,0.8309509152298507,0.8309509152298507,0.8309509152298507,0.8309509152298507,0.8309509152298507,0.8309509152298507,0.8309509152298507,0.8309509152298507,0.8317873628728981,0.8344620589470412,0.8360642129897958,0.8417518536734333,0.8509781953247252,0.8667921920828174,0.891913306395176,0.923633122751259,0.9554067756356913,0.8495946438405971,0.631358049127725,0.631358049127725,0.631358049127725,0.631358049127725,0.631358049127725,0.631358049127725,0.631358049127725,0.631358049127725,0.631358049127725,0.631358049127725,0.6283070666503212,0.6164654896263378,0.6095637722804249,0.5868548705858528,0.5384502831269112,0.45212586938052496,0.2830070286647157,0.09566571752635869,0.010560781018008983,0.5333990194808793,390.0,390.0,390.0,390.0,390.0,390.0,390.0,390.0,390.0,390.0,389.0,385.0,382.0,369.0,340.0,279.0,174.0,62.0,6.0,330.8421052631579,371.0,371.0,371.0,371.0,371.0,371.0,371.0,371.0,371.0,371.0,372.0,376.0,379.0,392.0,421.0,482.0,587.0,699.0,755.0,430.1578947368421,200.0,200.0,200.0,200.0,200.0,200.0,200.0,200.0,200.0,200.0,201.0,205.0,208.0,221.0,250.0,311.0,416.0,528.0,584.0,259.1578947368421,0.24441524310118265,0.8309509152298507,0.24967148488830487,0.5124835742444153,0.6610169491525424,0.6,0.2,0.2,0.1577803639154294,0.5773501110288675,0.12903225806451613,0.24888034166711173,324.07085693964177,390,371,200,4,3,1,1,32.0,1550,0.5699481865284974,0.5059132720105125,0.652542372881356,385,376,205,590,761,18,5
M1305,0.5102520385624567,0.7013340674703324,0.3578571376400367,0.5102520385624567,0.5102520385624567,0.5102520385624567,0.5102520385624567,0.5102520385624567,0.5102520385624567,0.5102520385624567,0.5007830858361344,0.482198587825963,0.43769896663083835,0.41226429059528635,0.3718233690894739,0.2905494247328856,0.20613688797109184,0.15948171381183093,0.1060166777953566,0.05263765474293814,0.0,0.0,0.3469134173141577,0.46285714285714286,0.46285714285714286,0.46285714285714286,0.46285714285714286,0.46285714285714286,0.46285714285714286,0.46285714285714286,0.45454545454545453,0.43820224719101125,0.3989071038251366,0.3763440860215054,0.3403141361256545,0.26732673267326734,0.19069767441860466,0.14798206278026907,0.09871244635193133,0.04918032786885246,0.0,0.0,0.31590590904219407,0.5625,0.5625,0.5625,0.5625,0.5625,0.5625,0.5625,0.5517241379310345,0.5306122448979592,0.48026315789473684,0.45161290322580644,0.40625,0.3157894736842105,0.22282608695652173,0.171875,0.11386138613861387,0.056338028169014086,0.0,0.0,0.38098170625778405,0.8350515463917526,0.8350515463917526,0.8350515463917526,0.8350515463917526,0.8350515463917526,0.8350515463917526,0.8350515463917526,0.8247422680412371,0.8041237113402062,0.7525773195876289,0.7216494845360825,0.6701030927835051,0.5567010309278351,0.422680412371134,0.3402061855670103,0.23711340206185566,0.12371134020618557,0.0,0.0,0.5946825827455235,0.5094339622641509,0.5094339622641509,0.5094339622641509,0.5094339622641509,0.5094339622641509,0.5094339622641509,0.5094339622641509,0.5031446540880503,0.49056603773584906,0.4591194968553459,0.44025157232704404,0.4088050314465409,0.33962264150943394,0.2578616352201258,0.20754716981132076,0.14465408805031446,0.07547169811320754,0.0,0.0,0.3627937768950678,0.8350515463917526,0.8350515463917526,0.8350515463917526,0.8350515463917526,0.8350515463917526,0.8350515463917526,0.8350515463917526,0.8247422680412371,0.8041237113402062,0.7525773195876289,0.7216494845360825,0.6701030927835051,0.5567010309278351,0.422680412371134,0.3402061855670103,0.2371134020618557,0.12371134020618557,0.0,0.0,0.5946825827455235,0.6328125,0.6328125,0.6328125,0.6328125,0.6328125,0.6328125,0.6328125,0.625,0.609375,0.5703125,0.546875,0.5078125,0.421875,0.3203125,0.2578125,0.1796875,0.09375,0.0,0.0,0.4506578947368421,0.7013340674703324,0.7013340674703324,0.7013340674703324,0.7013340674703324,0.7013340674703324,0.7013340674703324,0.7013340674703324,0.7052185947980723,0.7120970010075767,0.7281729901491886,0.7370496197988737,0.7479237087669153,0.773485347955846,0.8057986389145962,0.8249284048499674,0.848337783892086,0.8685185268706789,1.0,1.0,0.7716246889103225,0.6853586614651929,0.6853586614651929,0.6853586614651929,0.6853586614651929,0.6853586614651929,0.6853586614651929,0.6853586614651929,0.6745592760094087,0.6532058539617548,0.6011947771439063,0.5708819657536459,0.5217560554926977,0.41928549409222166,0.3068944807614317,0.24181178247622653,0.16431086583304633,0.08348444746994836,0.0,0.0,0.47552082259213874,81.0,81.0,81.0,81.0,81.0,81.0,81.0,80.0,78.0,73.0,70.0,65.0,54.0,41.0,33.0,23.0,12.0,0.0,0.0,57.68421052631579,16.0,16.0,16.0,16.0,16.0,16.0,16.0,17.0,19.0,24.0,27.0,32.0,43.0,56.0,64.0,74.0,85.0,97.0,97.0,39.31578947368421,78.0,78.0,78.0,78.0,78.0,78.0,78.0,79.0,81.0,86.0,89.0,94.0,105.0,118.0,126.0,136.0,147.0,159.0,159.0,101.3157894736842,-0.13402061855670103,0.7281729901491886,-0.13402061855670103,0.7525773195876289,0.4591194968553459,0.0,1.0,0.0,-0.3385914610217447,0.5703125,0.14333333333333334,-0.13402061855670103,53.156628280890764,73,24,86,0,0,1,0,1.0,600,0.5703125,0.7525773195876289,0.4591194968553459,73,24,86,159,97,12,1
M1306,0.7691315974593842,0.852622919413196,0.6557792280387552,0.7691315974593842,0.7691315974593842,0.7691315974593842,0.7691315974593842,0.7691315974593842,0.7691315974593842,0.7691315974593842,0.7612407293244913,0.7586757856907129,0.7487314982453298,0.7392728036319349,0.7314979618433552,0.7292604174406987,0.7005946146827948,0.6469336467320833,0.5925460336082072,0.40012007223579116,0.15898972593941743,0.015516145390742309,0.6509105587884868,0.6270718232044199,0.6270718232044199,0.6270718232044199,0.6270718232044199,0.6270718232044199,0.6270718232044199,0.6270718232044199,0.6203576341127923,0.6181318681318682,0.6092896174863388,0.6005434782608695,0.5940460081190798,0.5918918918918918,0.5706666666666667,0.5278858625162127,0.4836272040302267,0.34015927189988626,0.13926499032882012,0.012027491408934709,0.5314418288044488,0.9433742552606763,0.9433742552606763,0.9433742552606763,0.9433742552606763,0.9433742552606763,0.9433742552606763,0.9433742552606763,0.9341183474130054,0.9311750088746894,0.9200860155429545,0.9100494768047707,0.9007539161406521,0.8985099538125086,0.8601042303549072,0.7928288537206623,0.7259947311046512,0.4706503259834508,0.18150816579678442,0.02001670669311893,0.7973376588982574,0.9497907949790795,0.9497907949790795,0.9497907949790795,0.9497907949790795,0.9497907949790795,0.9497907949790795,0.9497907949790795,0.9435146443514645,0.9414225941422594,0.9330543933054394,0.9246861924686193,0.9184100418410042,0.9163179916317992,0.895397489539749,0.8514644351464435,0.803347280334728,0.6255230125523012,0.301255230125523,0.029288702928870293,0.8280114512221978,0.6485714285714286,0.6485714285714286,0.6485714285714286,0.6485714285714286,0.6485714285714286,0.6485714285714286,0.6485714285714286,0.6442857142857142,0.6428571428571429,0.6371428571428571,0.6314285714285715,0.6271428571428571,0.6257142857142857,0.6114285714285714,0.5814285714285714,0.5485714285714286,0.42714285714285716,0.2057142857142857,0.02,0.5654135338345865,0.9546884833228446,0.9546884833228446,0.9546884833228446,0.9546884833228446,0.9546884833228446,0.9546884833228446,0.9546884833228446,0.9497545137789041,0.9481481481481482,0.9419175742045697,0.936005171299289,0.9307482093432566,0.9293534183448015,0.9081926439553815,0.8679600840891163,0.8248046875,0.6300082456113312,0.30127901519030553,0.03936526223392583,0.8363345451031021,0.986982331461247,0.986982331461247,0.986982331461247,0.986982331461247,0.986982331461247,0.986982331461247,0.986982331461247,0.9806511129773701,0.9785824162820967,0.9705199175903831,0.9628039960147243,0.9567587804223701,0.9549205475879354,0.9331462183870293,0.8896406408957755,0.8429512779552716,0.6502174229239497,0.31414468520812655,0.039052773094632655,0.8622245320825469,0.852622919413196,0.852622919413196,0.852622919413196,0.852622919413196,0.852622919413196,0.852622919413196,0.852622919413196,0.8557804475195315,0.856700170987462,0.860104361425074,0.8632494650915641,0.8651104819881131,0.8656488595310313,0.8701757849731945,0.8776402301439548,0.8833690193990921,0.8994946304258089,0.9231614539378081,0.9608158458479473,0.8710321677454187,0.9465770881797397,0.9465770881797397,0.9465770881797397,0.9465770881797397,0.9465770881797397,0.9465770881797397,0.9465770881797397,0.938804740263682,0.9362847817065337,0.9265475157924986,0.9173386428493364,0.9095391370420433,0.9073702862330564,0.8775734548186277,0.8216237411985282,0.7636922762279738,0.54258880357771,0.2338381582564571,0.02421287624279879,0.8118660016561803,454.0,454.0,454.0,454.0,454.0,454.0,454.0,451.0,450.0,446.0,442.0,439.0,438.0,428.0,407.0,384.0,299.0,144.0,14.0,395.7894736842105,24.0,24.0,24.0,24.0,24.0,24.0,24.0,27.0,28.0,32.0,36.0,39.0,40.0,50.0,71.0,94.0,179.0,334.0,464.0,82.21052631578948,246.0,246.0,246.0,246.0,246.0,246.0,246.0,249.0,250.0,254.0,258.0,261.0,262.0,272.0,293.0,316.0,401.0,556.0,686.0,304.2105263157895,0.401673640167364,0.860104361425074,0.401673640167364,0.9330543933054394,0.6371428571428571,1.0,0.0,0.0,0.2711433999907594,0.7572156196943973,0.21166666666666667,0.401673640167364,383.606545195583,446,32,254,0,2,0,0,1.0,1200,0.7572156196943973,0.9330543933054394,0.6371428571428571,446,32,254,700,478,11,2
M1401,0,1.0,0,0.0,0.0,0.0,0.0,0.0,0.0,0.0,0.0,0.0,0.0,0.0,0.0,0.0,0.0,0.0,0.0,0.0,0.0,0.0,0.0,0.0,0.0,0.0,0.0,0.0,0.0,0.0,0.0,0.0,0.0,0.0,0.0,0.0,0.0,0.0,0.0,0.0,0.0,0.0,0.0,0.0,0.0,0.0,0.0,0.0,0.0,0.0,0.0,0.0,0.0,0.0,0.0,0.0,0.0,0.0,0.0,0.0,0.0,0.0,0.0,0.0,0.0,0.0,0.0,0.0,0.0,0.0,0.0,0.0,0.0,0.0,0.0,0.0,0.0,0.0,0.0,0.0,0.0,0.0,0.0,0.0,0.0,0.0,0.0,0.0,0.0,0.0,0.0,0.0,0.0,0.0,0.0,0.0,0.0,0.0,0.0,0.0,0.0,0.0,0.0,0.0,0.0,0.0,0.0,0.0,0.0,0.0,0.0,0.0,0.0,0.0,0.0,0.0,0.0,0.0,0.0,0.0,0.0,0.0,0.0,0.0,0.0,0.0,0.0,0.0,0.0,0.0,0.0,0.0,0.0,0.0,0.0,0.0,0.0,0.0,0.0,0.0,0.0,0.0,0.0,1.0,1.0,1.0,1.0,1.0,1.0,1.0,1.0,1.0,1.0,1.0,1.0,1.0,1.0,1.0,1.0,1.0,1.0,1.0,1.0,0.0,0.0,0.0,0.0,0.0,0.0,0.0,0.0,0.0,0.0,0.0,0.0,0.0,0.0,0.0,0.0,0.0,0.0,0.0,0.0,0.0,0.0,0.0,0.0,0.0,0.0,0.0,0.0,0.0,0.0,0.0,0.0,0.0,0.0,0.0,0.0,0.0,0.0,0.0,0.0,0.0,0.0,0.0,0.0,0.0,0.0,0.0,0.0,0.0,0.0,0.0,0.0,0.0,0.0,0.0,0.0,0.0,0.0,0.0,0.0,438.0,438.0,438.0,438.0,438.0,438.0,438.0,438.0,438.0,438.0,438.0,438.0,438.0,438.0,438.0,438.0,438.0,438.0,438.0,438.0,0,0,0,0,0,0,0,1.0,0,0,0,0,0,0,0,438,0,0,0,0,0,0,0,0,0,0,0,438,438,0,18,0
COMBINED,0.5039056776278676,0.7751157768685867,0.3905852407830162,0.5039056776278676,0.5035623410567317,0.503252816015997,0.5028963439870832,0.5028649399729966,0.5028547757416966,0.5026796392699181,0.5010713352613055,0.4969969128535421,0.4907724493814304,0.48247580123180256,0.46941733652782536,0.4423843390594531,0.40093679321703574,0.34021862347742027,0.25646591914480626,0.14650086515395455,0.052414451013752215,0.006729270244942393,0.4004421384336611,0.34993041595794033,0.3490066225165563,0.34796514834013453,0.3469846587903368,0.3468955941019594,0.3468659084898175,0.34677685950413223,0.3457388240475666,0.3431359620203086,0.33842919094134655,0.3301264610495614,0.3163449939686369,0.2899753023874359,0.25467088243748204,0.20887816264762318,0.1480152542691289,0.07987276904046652,0.02464788732394366,0.0023455311890038873,0.26929507521175694,0.7256326411366321,0.7265622339831302,0.7278412738636314,0.7288643067888217,0.7289603908307961,0.7289933063388815,0.7286726689256608,0.7261911754116606,0.7198485694464523,0.7116927366752825,0.7051325059923703,0.6965579984955408,0.6748985235424955,0.6312080541623045,0.5541446281109739,0.4443783041658345,0.2687086443689397,0.11146085824582011,0.019306107819737885,0.597844996226577,0.6518125334320866,0.6505369707443526,0.6490968193227173,0.6477389622680327,0.6476155207176069,0.6475743735341316,0.6474509319837057,0.6460107805620705,0.6423898284162449,0.6358062790601984,0.6240793317697404,0.6042875365181253,0.565238859400074,0.510389663827511,0.4344731103155989,0.3241986586018187,0.18598526930831585,0.06048635970867794,0.005884047236966629,0.5147924124593672,0.43038009074360856,0.42953785964626295,0.42858695356861465,0.4276903849811177,0.4276088787458907,0.4275817100008151,0.42750020376558806,0.4265492976879398,0.4241584481212813,0.4198114489091749,0.41206835656261037,0.3990001901812155,0.3732170511044095,0.3370011139185481,0.2868747792539463,0.21406254245116418,0.1228027277420056,0.039938055261227484,0.0038851305458200884,0.3399081696416443,0.7719008472308997,0.7729316215273451,0.7742874042084407,0.7753492046391595,0.7754459373531406,0.7754790975074664,0.775302278737971,0.773939317132051,0.7701195049506252,0.7644231215672802,0.7603300477232147,0.7559401297157454,0.7460637060352808,0.7195417961858831,0.6698046013846515,0.5832527436062406,0.40568052464838555,0.20650060196580539,0.04041303275202487,0.66403713257219,0.9364017175627343,0.9361538509001085,0.9368355666115475,0.9372162314273855,0.9372637203727313,0.9372818858050341,0.9370915170298163,0.935380088550796,0.9307014423432299,0.9233064642011773,0.9125004360132648,0.8964269489564719,0.8642555499777832,0.8191048407588088,0.7469231576501683,0.6384700444147636,0.45144736923759465,0.23910297694835306,0.06573395490978065,0.7885051454563975,0.7751157768685867,0.7764860103632834,0.7779352622633645,0.7792049997507856,0.7793096732589742,0.7793415847963204,0.7794248511860238,0.7803121894623861,0.7823277557391125,0.7854722813284983,0.7903497017088456,0.7973095672425765,0.8090875726023665,0.8234412126935085,0.8403068672041222,0.8623398471649008,0.889607141880856,0.9231734494968372,0.9624549747041583,0.8154210905113424,0.6877328334173702,0.6874995234562967,0.687342313433909,0.6871053847217328,0.6870851934734121,0.687078877322667,0.6868622850375273,0.6849287029063494,0.6800172049385117,0.6726802440533548,0.6633691454603846,0.6487844919176677,0.6176397588060164,0.567593222800551,0.4906739652152493,0.3795613917699145,0.2235527892655999,0.08210883975123895,0.010658238614954562,0.5543302319138268,15841.0,15810.0,15775.0,15742.0,15739.0,15738.0,15735.0,15700.0,15612.0,15452.0,15167.0,14686.0,13737.0,12404.0,10559.0,7879.0,4520.0,1470.0,143.0,12511.0,8462.0,8493.0,8528.0,8561.0,8564.0,8565.0,8568.0,8603.0,8691.0,8851.0,9136.0,9617.0,10566.0,11899.0,13744.0,16424.0,19783.0,22833.0,24160.0,11792.0,20966.0,20997.0,21032.0,21065.0,21068.0,21069.0,21072.0,21107.0,21195.0,21355.0,21640.0,22121.0,23070.0,24403.0,26248.0,28928.0,32287.0,35337.0,36664.0,24296.0,-0.2539192692260215,0.7854078890514188,-0.24215117475208822,0.636176603711476,0.42005596761485586,0.4946236559139785,0.3118279569892473,0.1935483870967742,-0.3904377495525661,0.5060055637375225,0.7522554271215112,-0.24225224729593584,12143.191372623985,15461,8842,21346,286,46,29,18,566.0,28376,0.4644084437898871,0.5838785335143809,0.3855244926236857,14190,10113,22617,36807,24303,1144,93
