seq,HOTA(0),LocA(0),HOTALocA(0),HOTA___5,HOTA___10,HOTA___15,HOTA___20,HOTA___25,HOTA___30,HOTA___35,HOTA___40,HOTA___45,HOTA___50,HOTA___55,HOTA___60,HOTA___65,HOTA___70,HOTA___75,HOTA___80,HOTA___85,HOTA___90,HOTA___95,HOTA___AUC,DetA___5,DetA___10,DetA___15,DetA___20,DetA___25,DetA___30,DetA___35,DetA___40,DetA___45,DetA___50,DetA___55,DetA___60,DetA___65,DetA___70,DetA___75,DetA___80,DetA___85,DetA___90,DetA___95,DetA___AUC,AssA___5,AssA___10,AssA___15,AssA___20,AssA___25,AssA___30,AssA___35,AssA___40,AssA___45,AssA___50,AssA___55,AssA___60,AssA___65,AssA___70,AssA___75,AssA___80,AssA___85,AssA___90,AssA___95,AssA___AUC,DetRe___5,DetRe___10,DetRe___15,DetRe___20,DetRe___25,DetRe___30,DetRe___35,DetRe___40,DetRe___45,DetRe___50,DetRe___55,DetRe___60,DetRe___65,DetRe___70,DetRe___75,DetRe___80,DetRe___85,DetRe___90,DetRe___95,DetRe___AUC,DetPr___5,DetPr___10,DetPr___15,DetPr___20,DetPr___25,DetPr___30,DetPr___35,DetPr___40,DetPr___45,DetPr___50,DetPr___55,DetPr___60,DetPr___65,DetPr___70,DetPr___75,DetPr___80,DetPr___85,DetPr___90,DetPr___95,DetPr___AUC,AssRe___5,AssRe___10,AssRe___15,AssRe___20,AssRe___25,AssRe___30,AssRe___35,AssRe___40,AssRe___45,AssRe___50,AssRe___55,AssRe___60,AssRe___65,AssRe___70,AssRe___75,AssRe___80,AssRe___85,AssRe___90,AssRe___95,AssRe___AUC,AssPr___5,AssPr___10,AssPr___15,AssPr___20,AssPr___25,AssPr___30,AssPr___35,AssPr___40,AssPr___45,AssPr___50,AssPr___55,AssPr___60,AssPr___65,AssPr___70,AssPr___75,AssPr___80,AssPr___85,AssPr___90,AssPr___95,AssPr___AUC,LocA___5,LocA___10,LocA___15,LocA___20,LocA___25,LocA___30,LocA___35,LocA___40,LocA___45,LocA___50,LocA___55,LocA___60,LocA___65,LocA___70,LocA___75,LocA___80,LocA___85,LocA___90,LocA___95,LocA___AUC,OWTA___5,OWTA___10,OWTA___15,OWTA___20,OWTA___25,OWTA___30,OWTA___35,OWTA___40,OWTA___45,OWTA___50,OWTA___55,OWTA___60,OWTA___65,OWTA___70,OWTA___75,OWTA___80,OWTA___85,OWTA___90,OWTA___95,OWTA___AUC,HOTA_TP___5,HOTA_TP___10,HOTA_TP___15,HOTA_TP___20,HOTA_TP___25,HOTA_TP___30,HOTA_TP___35,HOTA_TP___40,HOTA_TP___45,HOTA_TP___50,HOTA_TP___55,HOTA_TP___60,HOTA_TP___65,HOTA_TP___70,HOTA_TP___75,HOTA_TP___80,HOTA_TP___85,HOTA_TP___90,HOTA_TP___95,HOTA_TP___AUC,HOTA_FN___5,HOTA_FN___10,HOTA_FN___15,HOTA_FN___20,HOTA_FN___25,HOTA_FN___30,HOTA_FN___35,HOTA_FN___40,HOTA_FN___45,HOTA_FN___50,HOTA_FN___55,HOTA_FN___60,HOTA_FN___65,HOTA_FN___70,HOTA_FN___75,HOTA_FN___80,HOTA_FN___85,HOTA_FN___90,HOTA_FN___95,HOTA_FN___AUC,HOTA_FP___5,HOTA_FP___10,HOTA_FP___15,HOTA_FP___20,HOTA_FP___25,HOTA_FP___30,HOTA_FP___35,HOTA_FP___40,HOTA_FP___45,HOTA_FP___50,HOTA_FP___55,HOTA_FP___60,HOTA_FP___65,HOTA_FP___70,HOTA_FP___75,HOTA_FP___80,HOTA_FP___85,HOTA_FP___90,HOTA_FP___95,HOTA_FP___AUC,MOTA,MOTP,MODA,CLR_Re,CLR_Pr,MTR,PTR,MLR,sMOTA,CLR_F1,FP_per_frame,MOTAL,MOTP_sum,CLR_TP,CLR_FN,CLR_FP,IDSW,MT,PT,ML,Frag,CLR_Frames,IDF1,IDR,IDP,IDTP,IDFN,IDFP,Dets,GT_Dets,IDs,GT_IDs
M0101,0.8536585365853658,0.8025206162013453,0.6850785748060264,0.8536585365853658,0.8536585365853658,0.8536585365853658,0.8536585365853658,0.8536585365853658,0.8536585365853658,0.8536585365853658,0.8536585365853658,0.8536585365853658,0.8536585365853658,0.8536585365853658,0.8536585365853658,0.8536585365853658,0.8536585365853658,0.7674418604651163,0.29914529914529914,0.05555555555555555,0.0,0.0,0.6880716961768997,0.8536585365853658,0.8536585365853658,0.8536585365853658,0.8536585365853658,0.8536585365853658,0.8536585365853658,0.8536585365853658,0.8536585365853658,0.8536585365853658,0.8536585365853658,0.8536585365853658,0.8536585365853658,0.8536585365853658,0.8536585365853658,0.7674418604651163,0.29914529914529914,0.05555555555555555,0.0,0.0,0.6880716961768997,0.8536585365853658,0.8536585365853658,0.8536585365853658,0.8536585365853658,0.8536585365853658,0.8536585365853658,0.8536585365853658,0.8536585365853658,0.8536585365853658,0.8536585365853658,0.8536585365853658,0.8536585365853658,0.8536585365853658,0.8536585365853658,0.7674418604651163,0.29914529914529914,0.05555555555555555,0.0,0.0,0.6880716961768997,1.0,1.0,1.0,1.0,1.0,1.0,1.0,1.0,1.0,1.0,1.0,1.0,1.0,1.0,0.9428571428571428,0.5,0.11428571428571428,0.0,0.0,0.818796992481203,0.8536585365853658,0.8536585365853658,0.8536585365853658,0.8536585365853658,0.8536585365853658,0.8536585365853658,0.8536585365853658,0.8536585365853658,0.8536585365853658,0.8536585365853658,0.8536585365853658,0.8536585365853658,0.8536585365853658,0.8536585365853658,0.8048780487804879,0.4268292682926829,0.0975609756097561,0.0,0.0,0.6989730423620026,1.0,1.0,1.0,1.0,1.0,1.0,1.0,1.0,1.0,1.0,1.0,1.0,1.0,1.0,0.9428571428571428,0.5,0.11428571428571428,0.0,0.0,0.818796992481203,0.8536585365853658,0.8536585365853658,0.8536585365853658,0.8536585365853658,0.8536585365853658,0.8536585365853658,0.8536585365853658,0.8536585365853658,0.8536585365853658,0.8536585365853658,0.8536585365853658,0.8536585365853658,0.8536585365853658,0.8536585365853658,0.8048780487804879,0.4268292682926829,0.0975609756097561,0.0,0.0,0.6989730423620026,0.8025206162013453,0.8025206162013453,0.8025206162013453,0.8025206162013453,0.8025206162013453,0.8025206162013453,0.8025206162013453,0.8025206162013453,0.8025206162013453,0.8025206162013453,0.8025206162013453,0.8025206162013453,0.8025206162013453,0.8025206162013453,0.8063059685894959,0.8302965945888191,0.8638644492710581,1.0,1.0,0.8281976652246426,0.9239364353597956,0.9239364353597956,0.9239364353597956,0.9239364353597956,0.9239364353597956,0.9239364353597956,0.9239364353597956,0.9239364353597956,0.9239364353597956,0.9239364353597956,0.9239364353597956,0.9239364353597956,0.9239364353597956,0.9239364353597956,0.8506397826736707,0.3867462340768809,0.07968190728895957,0.0,0.0,0.7501146325829816,70.0,70.0,70.0,70.0,70.0,70.0,70.0,70.0,70.0,70.0,70.0,70.0,70.0,70.0,66.0,35.0,8.0,0.0,0.0,57.31578947368421,0.0,0.0,0.0,0.0,0.0,0.0,0.0,0.0,0.0,0.0,0.0,0.0,0.0,0.0,4.0,35.0,62.0,70.0,70.0,12.68421052631579,12.0,12.0,12.0,12.0,12.0,12.0,12.0,12.0,12.0,12.0,12.0,12.0,12.0,12.0,16.0,47.0,74.0,82.0,82.0,24.68421052631579,0.8285714285714286,0.8025206162013453,0.8285714285714286,1.0,0.8536585365853658,1.0,0.0,0.0,0.6310920447727739,0.9210526315789473,0.029484029484029485,0.8285714285714286,56.17644313409417,70,0,12,0,1,0,0,0.0,407,0.9210526315789473,1.0,0.8536585365853658,70,0,12,82,70,1,1
M0201,0.4029888032182076,0.8288630846232379,0.3340225425040706,0.4029888032182076,0.4029888032182076,0.4029888032182076,0.4029888032182076,0.4029888032182076,0.4029888032182076,0.4029888032182076,0.4029888032182076,0.4029888032182076,0.4029888032182076,0.3935121092521927,0.3841890419565463,0.3750173451994835,0.35497783692491963,0.31587854530294335,0.29825303408352904,0.27259449796041296,0.1168127740084104,0.0,0.344269642993185,0.5107913669064749,0.5107913669064749,0.5107913669064749,0.5107913669064749,0.5107913669064749,0.5107913669064749,0.5107913669064749,0.5107913669064749,0.5107913669064749,0.5107913669064749,0.5,0.48936170212765956,0.4788732394366197,0.4383561643835616,0.34615384615384615,0.2883435582822086,0.25748502994011974,0.1111111111111111,0.0,0.42197885897367765,0.3179379802418988,0.3179379802418988,0.3179379802418988,0.3179379802418988,0.3179379802418988,0.3179379802418988,0.3179379802418988,0.3179379802418988,0.3179379802418988,0.3179379802418988,0.3097035602562193,0.3016198842650425,0.29368525450686084,0.2874586351148851,0.28825118221669943,0.3085030679026598,0.28859060402684567,0.12280701754385966,0.0,0.2831578425395821,0.5182481751824818,0.5182481751824818,0.5182481751824818,0.5182481751824818,0.5182481751824818,0.5182481751824818,0.5182481751824818,0.5182481751824818,0.5182481751824818,0.5182481751824818,0.5109489051094891,0.5036496350364964,0.49635036496350365,0.46715328467153283,0.39416058394160586,0.34306569343065696,0.31386861313868614,0.15328467153284672,0.0,0.44026123703419134,0.9726027397260274,0.9726027397260274,0.9726027397260274,0.9726027397260274,0.9726027397260274,0.9726027397260274,0.9726027397260274,0.9726027397260274,0.9726027397260274,0.9726027397260274,0.958904109589041,0.9452054794520548,0.9315068493150684,0.8767123287671232,0.7397260273972602,0.6438356164383562,0.589041095890411,0.2876712328767123,0.0,0.8262436914203316,0.3220931427983963,0.3220931427983963,0.3220931427983963,0.3220931427983963,0.3220931427983963,0.3220931427983963,0.3220931427983963,0.3220931427983963,0.3220931427983963,0.3220931427983963,0.31574556830031286,0.30942557918121233,0.30313439244310864,0.2994981751824818,0.3052176263855096,0.3287777605218201,0.31386861313868614,0.15328467153284672,0.0,0.2920991481405232,0.972855313700384,0.972855313700384,0.972855313700384,0.972855313700384,0.972855313700384,0.972855313700384,0.972855313700384,0.972855313700384,0.972855313700384,0.972855313700384,0.9594805194805194,0.9462450592885374,0.9331550802139037,0.8774147727272728,0.7941825664047886,0.8197506984741026,0.7818181818181817,0.3818181818181819,0.0,0.8538114840647014,0.8288630846232379,0.8288630846232379,0.8288630846232379,0.8288630846232379,0.8288630846232379,0.8288630846232379,0.8288630846232379,0.8288630846232379,0.8288630846232379,0.8288630846232379,0.8331114464473217,0.8365423554229365,0.8396493954091028,0.850518208358872,0.8741670960613591,0.8893504681629054,0.8963750982348039,0.9193457402745495,1.0,0.8540889818212754,0.4059196694933223,0.4059196694933223,0.4059196694933223,0.4059196694933223,0.4059196694933223,0.4059196694933223,0.4059196694933223,0.4059196694933223,0.4059196694933223,0.4059196694933223,0.39779730393936297,0.3897572893864064,0.38179940185767686,0.3664522419103398,0.33707158632016504,0.32532571204181054,0.300964337838824,0.13720216232311747,0.0,0.35239824897636457,71.0,71.0,71.0,71.0,71.0,71.0,71.0,71.0,71.0,71.0,70.0,69.0,68.0,64.0,54.0,47.0,43.0,21.0,0.0,60.31578947368421,66.0,66.0,66.0,66.0,66.0,66.0,66.0,66.0,66.0,66.0,67.0,68.0,69.0,73.0,83.0,90.0,94.0,116.0,137.0,76.6842105263158,2.0,2.0,2.0,2.0,2.0,2.0,2.0,2.0,2.0,2.0,3.0,4.0,5.0,9.0,19.0,26.0,30.0,52.0,73.0,12.68421052631579,0.48175182481751827,0.8288630846232379,0.5036496350364964,0.5182481751824818,0.9726027397260274,0.0,1.0,0.0,0.39306043071715246,0.6761904761904762,0.0018587360594795538,0.5001669981407324,58.84927900824989,71,66,2,3,0,1,0,0.0,1076,0.5047619047619047,0.38686131386861317,0.726027397260274,53,84,20,73,137,2,1
M0202,0,1.0,0,0.0,0.0,0.0,0.0,0.0,0.0,0.0,0.0,0.0,0.0,0.0,0.0,0.0,0.0,0.0,0.0,0.0,0.0,0.0,0.0,0.0,0.0,0.0,0.0,0.0,0.0,0.0,0.0,0.0,0.0,0.0,0.0,0.0,0.0,0.0,0.0,0.0,0.0,0.0,0.0,0.0,0.0,0.0,0.0,0.0,0.0,0.0,0.0,0.0,0.0,0.0,0.0,0.0,0.0,0.0,0.0,0.0,0.0,0.0,0.0,0.0,0.0,0.0,0.0,0.0,0.0,0.0,0.0,0.0,0.0,0.0,0.0,0.0,0.0,0.0,0.0,0.0,0.0,0.0,0.0,0.0,0.0,0.0,0.0,0.0,0.0,0.0,0.0,0.0,0.0,0.0,0.0,0.0,0.0,0.0,0.0,0.0,0.0,0.0,0.0,0.0,0.0,0.0,0.0,0.0,0.0,0.0,0.0,0.0,0.0,0.0,0.0,0.0,0.0,0.0,0.0,0.0,0.0,0.0,0.0,0.0,0.0,0.0,0.0,0.0,0.0,0.0,0.0,0.0,0.0,0.0,0.0,0.0,0.0,0.0,0.0,0.0,0.0,0.0,0.0,1.0,1.0,1.0,1.0,1.0,1.0,1.0,1.0,1.0,1.0,1.0,1.0,1.0,1.0,1.0,1.0,1.0,1.0,1.0,1.0,0.0,0.0,0.0,0.0,0.0,0.0,0.0,0.0,0.0,0.0,0.0,0.0,0.0,0.0,0.0,0.0,0.0,0.0,0.0,0.0,0.0,0.0,0.0,0.0,0.0,0.0,0.0,0.0,0.0,0.0,0.0,0.0,0.0,0.0,0.0,0.0,0.0,0.0,0.0,0.0,0.0,0.0,0.0,0.0,0.0,0.0,0.0,0.0,0.0,0.0,0.0,0.0,0.0,0.0,0.0,0.0,0.0,0.0,0.0,0.0,0.0,0.0,0.0,0.0,0.0,0.0,0.0,0.0,0.0,0.0,0.0,0.0,0.0,0.0,0.0,0.0,0.0,0.0,0.0,0.0,0,0,0,0,0,0,0,1.0,0,0,0,0,0,0,0,0,0,0,0,0,0,0,0,0,0,0,0,0,0,0,0,0
M0203,0,1.0,0,0.0,0.0,0.0,0.0,0.0,0.0,0.0,0.0,0.0,0.0,0.0,0.0,0.0,0.0,0.0,0.0,0.0,0.0,0.0,0.0,0.0,0.0,0.0,0.0,0.0,0.0,0.0,0.0,0.0,0.0,0.0,0.0,0.0,0.0,0.0,0.0,0.0,0.0,0.0,0.0,0.0,0.0,0.0,0.0,0.0,0.0,0.0,0.0,0.0,0.0,0.0,0.0,0.0,0.0,0.0,0.0,0.0,0.0,0.0,0.0,0.0,0.0,0.0,0.0,0.0,0.0,0.0,0.0,0.0,0.0,0.0,0.0,0.0,0.0,0.0,0.0,0.0,0.0,0.0,0.0,0.0,0.0,0.0,0.0,0.0,0.0,0.0,0.0,0.0,0.0,0.0,0.0,0.0,0.0,0.0,0.0,0.0,0.0,0.0,0.0,0.0,0.0,0.0,0.0,0.0,0.0,0.0,0.0,0.0,0.0,0.0,0.0,0.0,0.0,0.0,0.0,0.0,0.0,0.0,0.0,0.0,0.0,0.0,0.0,0.0,0.0,0.0,0.0,0.0,0.0,0.0,0.0,0.0,0.0,0.0,0.0,0.0,0.0,0.0,0.0,1.0,1.0,1.0,1.0,1.0,1.0,1.0,1.0,1.0,1.0,1.0,1.0,1.0,1.0,1.0,1.0,1.0,1.0,1.0,1.0,0.0,0.0,0.0,0.0,0.0,0.0,0.0,0.0,0.0,0.0,0.0,0.0,0.0,0.0,0.0,0.0,0.0,0.0,0.0,0.0,0.0,0.0,0.0,0.0,0.0,0.0,0.0,0.0,0.0,0.0,0.0,0.0,0.0,0.0,0.0,0.0,0.0,0.0,0.0,0.0,0.0,0.0,0.0,0.0,0.0,0.0,0.0,0.0,0.0,0.0,0.0,0.0,0.0,0.0,0.0,0.0,0.0,0.0,0.0,0.0,60.0,60.0,60.0,60.0,60.0,60.0,60.0,60.0,60.0,60.0,60.0,60.0,60.0,60.0,60.0,60.0,60.0,60.0,60.0,60.0,0,0,0,0,0,0,0,1.0,0,0,0,0,0,0,0,60,0,0,0,0,0,0,0,0,0,0,0,60,60,0,4,0
M0204,0,1.0,0,0.0,0.0,0.0,0.0,0.0,0.0,0.0,0.0,0.0,0.0,0.0,0.0,0.0,0.0,0.0,0.0,0.0,0.0,0.0,0.0,0.0,0.0,0.0,0.0,0.0,0.0,0.0,0.0,0.0,0.0,0.0,0.0,0.0,0.0,0.0,0.0,0.0,0.0,0.0,0.0,0.0,0.0,0.0,0.0,0.0,0.0,0.0,0.0,0.0,0.0,0.0,0.0,0.0,0.0,0.0,0.0,0.0,0.0,0.0,0.0,0.0,0.0,0.0,0.0,0.0,0.0,0.0,0.0,0.0,0.0,0.0,0.0,0.0,0.0,0.0,0.0,0.0,0.0,0.0,0.0,0.0,0.0,0.0,0.0,0.0,0.0,0.0,0.0,0.0,0.0,0.0,0.0,0.0,0.0,0.0,0.0,0.0,0.0,0.0,0.0,0.0,0.0,0.0,0.0,0.0,0.0,0.0,0.0,0.0,0.0,0.0,0.0,0.0,0.0,0.0,0.0,0.0,0.0,0.0,0.0,0.0,0.0,0.0,0.0,0.0,0.0,0.0,0.0,0.0,0.0,0.0,0.0,0.0,0.0,0.0,0.0,0.0,0.0,0.0,0.0,1.0,1.0,1.0,1.0,1.0,1.0,1.0,1.0,1.0,1.0,1.0,1.0,1.0,1.0,1.0,1.0,1.0,1.0,1.0,1.0,0.0,0.0,0.0,0.0,0.0,0.0,0.0,0.0,0.0,0.0,0.0,0.0,0.0,0.0,0.0,0.0,0.0,0.0,0.0,0.0,0.0,0.0,0.0,0.0,0.0,0.0,0.0,0.0,0.0,0.0,0.0,0.0,0.0,0.0,0.0,0.0,0.0,0.0,0.0,0.0,0.0,0.0,0.0,0.0,0.0,0.0,0.0,0.0,0.0,0.0,0.0,0.0,0.0,0.0,0.0,0.0,0.0,0.0,0.0,0.0,15.0,15.0,15.0,15.0,15.0,15.0,15.0,15.0,15.0,15.0,15.0,15.0,15.0,15.0,15.0,15.0,15.0,15.0,15.0,15.0,0,0,0,0,0,0,0,1.0,0,0,0,0,0,0,0,15,0,0,0,0,0,0,0,0,0,0,0,15,15,0,2,0
M0205,0,1.0,0,0.0,0.0,0.0,0.0,0.0,0.0,0.0,0.0,0.0,0.0,0.0,0.0,0.0,0.0,0.0,0.0,0.0,0.0,0.0,0.0,0.0,0.0,0.0,0.0,0.0,0.0,0.0,0.0,0.0,0.0,0.0,0.0,0.0,0.0,0.0,0.0,0.0,0.0,0.0,0.0,0.0,0.0,0.0,0.0,0.0,0.0,0.0,0.0,0.0,0.0,0.0,0.0,0.0,0.0,0.0,0.0,0.0,0.0,0.0,0.0,0.0,0.0,0.0,0.0,0.0,0.0,0.0,0.0,0.0,0.0,0.0,0.0,0.0,0.0,0.0,0.0,0.0,0.0,0.0,0.0,0.0,0.0,0.0,0.0,0.0,0.0,0.0,0.0,0.0,0.0,0.0,0.0,0.0,0.0,0.0,0.0,0.0,0.0,0.0,0.0,0.0,0.0,0.0,0.0,0.0,0.0,0.0,0.0,0.0,0.0,0.0,0.0,0.0,0.0,0.0,0.0,0.0,0.0,0.0,0.0,0.0,0.0,0.0,0.0,0.0,0.0,0.0,0.0,0.0,0.0,0.0,0.0,0.0,0.0,0.0,0.0,0.0,0.0,0.0,0.0,1.0,1.0,1.0,1.0,1.0,1.0,1.0,1.0,1.0,1.0,1.0,1.0,1.0,1.0,1.0,1.0,1.0,1.0,1.0,1.0,0.0,0.0,0.0,0.0,0.0,0.0,0.0,0.0,0.0,0.0,0.0,0.0,0.0,0.0,0.0,0.0,0.0,0.0,0.0,0.0,0.0,0.0,0.0,0.0,0.0,0.0,0.0,0.0,0.0,0.0,0.0,0.0,0.0,0.0,0.0,0.0,0.0,0.0,0.0,0.0,0.0,0.0,0.0,0.0,0.0,0.0,0.0,0.0,0.0,0.0,0.0,0.0,0.0,0.0,0.0,0.0,0.0,0.0,0.0,0.0,39.0,39.0,39.0,39.0,39.0,39.0,39.0,39.0,39.0,39.0,39.0,39.0,39.0,39.0,39.0,39.0,39.0,39.0,39.0,39.0,0,0,0,0,0,0,0,1.0,0,0,0,0,0,0,0,39,0,0,0,0,0,0,0,0,0,0,0,39,39,0,4,0
M0206,0.8452380952380952,0.7885913565245525,0.6665474561100384,0.8452380952380952,0.8452380952380952,0.8452380952380952,0.8452380952380952,0.8452380952380952,0.8452380952380952,0.8452380952380952,0.8452380952380952,0.8452380952380952,0.8452380952380952,0.8452380952380952,0.8452380952380952,0.8452380952380952,0.834319526627219,0.5816326530612245,0.22529644268774704,0.03678929765886288,0.003236245954692557,0.0,0.6668089160044729,0.8452380952380952,0.8452380952380952,0.8452380952380952,0.8452380952380952,0.8452380952380952,0.8452380952380952,0.8452380952380952,0.8452380952380952,0.8452380952380952,0.8452380952380952,0.8452380952380952,0.8452380952380952,0.8452380952380952,0.834319526627219,0.5816326530612245,0.22529644268774704,0.03678929765886288,0.003236245954692557,0.0,0.6668089160044729,0.8452380952380952,0.8452380952380952,0.8452380952380952,0.8452380952380952,0.8452380952380952,0.8452380952380952,0.8452380952380952,0.8452380952380952,0.8452380952380952,0.8452380952380952,0.8452380952380952,0.8452380952380952,0.8452380952380952,0.834319526627219,0.5816326530612245,0.22529644268774704,0.03678929765886288,0.003236245954692557,0.0,0.6668089160044729,1.0,1.0,1.0,1.0,1.0,1.0,1.0,1.0,1.0,1.0,1.0,1.0,1.0,0.9929577464788732,0.8028169014084507,0.4014084507042254,0.07746478873239436,0.007042253521126761,0.0,0.8042994810971088,0.8452380952380952,0.8452380952380952,0.8452380952380952,0.8452380952380952,0.8452380952380952,0.8452380952380952,0.8452380952380952,0.8452380952380952,0.8452380952380952,0.8452380952380952,0.8452380952380952,0.8452380952380952,0.8452380952380952,0.8392857142857143,0.6785714285714286,0.3392857142857143,0.06547619047619048,0.005952380952380952,0.0,0.6798245614035088,1.0,1.0,1.0,1.0,1.0,1.0,1.0,1.0,1.0,1.0,1.0,1.0,1.0,0.9929577464788732,0.8028169014084507,0.4014084507042254,0.07746478873239436,0.007042253521126761,0.0,0.8042994810971088,0.8452380952380952,0.8452380952380952,0.8452380952380952,0.8452380952380952,0.8452380952380952,0.8452380952380952,0.8452380952380952,0.8452380952380952,0.8452380952380952,0.8452380952380952,0.8452380952380952,0.8452380952380952,0.8452380952380952,0.8392857142857143,0.6785714285714286,0.3392857142857143,0.06547619047619048,0.005952380952380952,0.0,0.6798245614035088,0.7885913565245525,0.7885913565245525,0.7885913565245525,0.7885913565245525,0.7885913565245525,0.7885913565245525,0.7885913565245525,0.7885913565245525,0.7885913565245525,0.7885913565245525,0.7885913565245525,0.7885913565245525,0.7885913565245525,0.7892349823872081,0.8049127835873015,0.8304904620156184,0.8745459420468513,0.9219292177826658,1.0,0.8143579485599383,0.9193683131575153,0.9193683131575153,0.9193683131575153,0.9193683131575153,0.9193683131575153,0.9193683131575153,0.9193683131575153,0.9193683131575153,0.9193683131575153,0.9193683131575153,0.9193683131575153,0.9193683131575153,0.9193683131575153,0.9101890116910244,0.6833333917558754,0.3007256158169135,0.05338422211437555,0.004773935951567207,0.0,0.731799697283024,142.0,142.0,142.0,142.0,142.0,142.0,142.0,142.0,142.0,142.0,142.0,142.0,142.0,141.0,114.0,57.0,11.0,1.0,0.0,114.21052631578948,0.0,0.0,0.0,0.0,0.0,0.0,0.0,0.0,0.0,0.0,0.0,0.0,0.0,1.0,28.0,85.0,131.0,141.0,142.0,27.789473684210527,26.0,26.0,26.0,26.0,26.0,26.0,26.0,26.0,26.0,26.0,26.0,26.0,26.0,27.0,54.0,111.0,157.0,167.0,168.0,53.78947368421053,0.8169014084507042,0.7885913565245525,0.8169014084507042,1.0,0.8452380952380952,1.0,0.0,0.0,0.6054927649752567,0.9161290322580645,0.046263345195729534,0.8169014084507042,111.97997262648646,142,0,26,0,1,0,0,0.0,562,0.9161290322580645,1.0,0.8452380952380952,142,0,26,168,142,1,1
M0207,0.6041016865841755,0.9071550587074798,0.5480139009585553,0.6041016865841755,0.6041016865841755,0.6041016865841755,0.6041016865841755,0.6041016865841755,0.6041016865841755,0.6041016865841755,0.6041016865841755,0.6041016865841755,0.6041016865841755,0.6041016865841755,0.6041016865841755,0.6041016865841755,0.6041016865841755,0.6041016865841755,0.5872877050953468,0.5495009829625245,0.3231691442657129,0.023532476141297956,0.5550008214330271,0.39730134932533734,0.39730134932533734,0.39730134932533734,0.39730134932533734,0.39730134932533734,0.39730134932533734,0.39730134932533734,0.39730134932533734,0.39730134932533734,0.39730134932533734,0.39730134932533734,0.39730134932533734,0.39730134932533734,0.39730134932533734,0.39730134932533734,0.3879374534623976,0.36656891495601174,0.22874093605800924,0.018022938285090113,0.3663573938232404,0.9185441941074524,0.9185441941074524,0.9185441941074524,0.9185441941074524,0.9185441941074524,0.9185441941074524,0.9185441941074524,0.9185441941074524,0.9185441941074524,0.9185441941074524,0.9185441941074524,0.9185441941074524,0.9185441941074524,0.9185441941074524,0.9185441941074524,0.8890784982935154,0.8237232289950577,0.456578947368421,0.03072625698324022,0.8409615706974747,0.9281961471103327,0.9281961471103327,0.9281961471103327,0.9281961471103327,0.9281961471103327,0.9281961471103327,0.9281961471103327,0.9281961471103327,0.9281961471103327,0.9281961471103327,0.9281961471103327,0.9281961471103327,0.9281961471103327,0.9281961471103327,0.9281961471103327,0.9124343257443083,0.8756567425569177,0.6077057793345009,0.05779334500875657,0.8619227578578671,0.4098994586233565,0.4098994586233565,0.4098994586233565,0.4098994586233565,0.4098994586233565,0.4098994586233565,0.4098994586233565,0.4098994586233565,0.4098994586233565,0.4098994586233565,0.4098994586233565,0.4098994586233565,0.4098994586233565,0.4098994586233565,0.4098994586233565,0.402938901778809,0.3866976024748647,0.26836813611755606,0.025522041763341066,0.3806325558676273,0.9281961471103327,0.9281961471103327,0.9281961471103327,0.9281961471103327,0.9281961471103327,0.9281961471103327,0.9281961471103327,0.9281961471103327,0.9281961471103327,0.9281961471103327,0.9281961471103327,0.9281961471103327,0.9281961471103327,0.9281961471103327,0.9281961471103327,0.9124343257443083,0.8756567425569177,0.6077057793345009,0.05779334500875657,0.8619227578578671,0.9888059701492536,0.9888059701492536,0.9888059701492536,0.9888059701492536,0.9888059701492536,0.9888059701492536,0.9888059701492536,0.9888059701492536,0.9888059701492536,0.9888059701492536,0.9888059701492536,0.9888059701492536,0.9888059701492536,0.9888059701492536,0.9888059701492536,0.9720149253731343,0.9328358208955224,0.6473880597014925,0.06156716417910448,0.9182050274941084,0.9071550587074798,0.9071550587074798,0.9071550587074798,0.9071550587074798,0.9071550587074798,0.9071550587074798,0.9071550587074798,0.9071550587074798,0.9071550587074798,0.9071550587074798,0.9071550587074798,0.9071550587074798,0.9071550587074798,0.9071550587074798,0.9071550587074798,0.9092423409706055,0.9123728374967722,0.9253443720352386,0.9596803692552528,0.9112613579142138,0.9233575590859171,0.9233575590859171,0.9233575590859171,0.9233575590859171,0.9233575590859171,0.9233575590859171,0.9233575590859171,0.9233575590859171,0.9233575590859171,0.9233575590859171,0.9233575590859171,0.9233575590859171,0.9233575590859171,0.9233575590859171,0.9233575590859171,0.900680709310578,0.8492931175220239,0.5267500973310326,0.042139923714455366,0.8510119596929919,530.0,530.0,530.0,530.0,530.0,530.0,530.0,530.0,530.0,530.0,530.0,530.0,530.0,530.0,530.0,521.0,500.0,347.0,33.0,492.1578947368421,41.0,41.0,41.0,41.0,41.0,41.0,41.0,41.0,41.0,41.0,41.0,41.0,41.0,41.0,41.0,50.0,71.0,224.0,538.0,78.84210526315789,763.0,763.0,763.0,763.0,763.0,763.0,763.0,763.0,763.0,763.0,763.0,763.0,763.0,763.0,763.0,772.0,793.0,946.0,1260.0,800.8421052631579,-0.4080560420315236,0.9071550587074798,-0.4080560420315236,0.9281961471103327,0.4098994586233565,1.0,0.0,0.0,-0.4942343588179259,0.5686695278969958,0.8621468926553673,-0.4080560420315236,480.7921811149643,530,41,763,0,1,0,0,6.0,885,0.5686695278969958,0.9281961471103327,0.4098994586233565,530,41,763,1293,571,6,1
M0208,0,1.0,0,0.0,0.0,0.0,0.0,0.0,0.0,0.0,0.0,0.0,0.0,0.0,0.0,0.0,0.0,0.0,0.0,0.0,0.0,0.0,0.0,0.0,0.0,0.0,0.0,0.0,0.0,0.0,0.0,0.0,0.0,0.0,0.0,0.0,0.0,0.0,0.0,0.0,0.0,0.0,0.0,0.0,0.0,0.0,0.0,0.0,0.0,0.0,0.0,0.0,0.0,0.0,0.0,0.0,0.0,0.0,0.0,0.0,0.0,0.0,0.0,0.0,0.0,0.0,0.0,0.0,0.0,0.0,0.0,0.0,0.0,0.0,0.0,0.0,0.0,0.0,0.0,0.0,0.0,0.0,0.0,0.0,0.0,0.0,0.0,0.0,0.0,0.0,0.0,0.0,0.0,0.0,0.0,0.0,0.0,0.0,0.0,0.0,0.0,0.0,0.0,0.0,0.0,0.0,0.0,0.0,0.0,0.0,0.0,0.0,0.0,0.0,0.0,0.0,0.0,0.0,0.0,0.0,0.0,0.0,0.0,0.0,0.0,0.0,0.0,0.0,0.0,0.0,0.0,0.0,0.0,0.0,0.0,0.0,0.0,0.0,0.0,0.0,0.0,0.0,0.0,1.0,1.0,1.0,1.0,1.0,1.0,1.0,1.0,1.0,1.0,1.0,1.0,1.0,1.0,1.0,1.0,1.0,1.0,1.0,1.0,0.0,0.0,0.0,0.0,0.0,0.0,0.0,0.0,0.0,0.0,0.0,0.0,0.0,0.0,0.0,0.0,0.0,0.0,0.0,0.0,0.0,0.0,0.0,0.0,0.0,0.0,0.0,0.0,0.0,0.0,0.0,0.0,0.0,0.0,0.0,0.0,0.0,0.0,0.0,0.0,0.0,0.0,0.0,0.0,0.0,0.0,0.0,0.0,0.0,0.0,0.0,0.0,0.0,0.0,0.0,0.0,0.0,0.0,0.0,0.0,0.0,0.0,0.0,0.0,0.0,0.0,0.0,0.0,0.0,0.0,0.0,0.0,0.0,0.0,0.0,0.0,0.0,0.0,0.0,0.0,0,0,0,0,0,0,0,1.0,0,0,0,0,0,0,0,0,0,0,0,0,0,0,0,0,0,0,0,0,0,0,0,0
M0209,0,1.0,0,0.0,0.0,0.0,0.0,0.0,0.0,0.0,0.0,0.0,0.0,0.0,0.0,0.0,0.0,0.0,0.0,0.0,0.0,0.0,0.0,0.0,0.0,0.0,0.0,0.0,0.0,0.0,0.0,0.0,0.0,0.0,0.0,0.0,0.0,0.0,0.0,0.0,0.0,0.0,0.0,0.0,0.0,0.0,0.0,0.0,0.0,0.0,0.0,0.0,0.0,0.0,0.0,0.0,0.0,0.0,0.0,0.0,0.0,0.0,0.0,0.0,0.0,0.0,0.0,0.0,0.0,0.0,0.0,0.0,0.0,0.0,0.0,0.0,0.0,0.0,0.0,0.0,0.0,0.0,0.0,0.0,0.0,0.0,0.0,0.0,0.0,0.0,0.0,0.0,0.0,0.0,0.0,0.0,0.0,0.0,0.0,0.0,0.0,0.0,0.0,0.0,0.0,0.0,0.0,0.0,0.0,0.0,0.0,0.0,0.0,0.0,0.0,0.0,0.0,0.0,0.0,0.0,0.0,0.0,0.0,0.0,0.0,0.0,0.0,0.0,0.0,0.0,0.0,0.0,0.0,0.0,0.0,0.0,0.0,0.0,0.0,0.0,0.0,0.0,0.0,1.0,1.0,1.0,1.0,1.0,1.0,1.0,1.0,1.0,1.0,1.0,1.0,1.0,1.0,1.0,1.0,1.0,1.0,1.0,1.0,0.0,0.0,0.0,0.0,0.0,0.0,0.0,0.0,0.0,0.0,0.0,0.0,0.0,0.0,0.0,0.0,0.0,0.0,0.0,0.0,0.0,0.0,0.0,0.0,0.0,0.0,0.0,0.0,0.0,0.0,0.0,0.0,0.0,0.0,0.0,0.0,0.0,0.0,0.0,0.0,0.0,0.0,0.0,0.0,0.0,0.0,0.0,0.0,0.0,0.0,0.0,0.0,0.0,0.0,0.0,0.0,0.0,0.0,0.0,0.0,270.0,270.0,270.0,270.0,270.0,270.0,270.0,270.0,270.0,270.0,270.0,270.0,270.0,270.0,270.0,270.0,270.0,270.0,270.0,270.0,0,0,0,0,0,0,0,1.0,0,0,0,0,0,0,0,270,0,0,0,0,0,0,0,0,0,0,0,270,270,0,2,0
M0210,0,1.0,0,0.0,0.0,0.0,0.0,0.0,0.0,0.0,0.0,0.0,0.0,0.0,0.0,0.0,0.0,0.0,0.0,0.0,0.0,0.0,0.0,0.0,0.0,0.0,0.0,0.0,0.0,0.0,0.0,0.0,0.0,0.0,0.0,0.0,0.0,0.0,0.0,0.0,0.0,0.0,0.0,0.0,0.0,0.0,0.0,0.0,0.0,0.0,0.0,0.0,0.0,0.0,0.0,0.0,0.0,0.0,0.0,0.0,0.0,0.0,0.0,0.0,0.0,0.0,0.0,0.0,0.0,0.0,0.0,0.0,0.0,0.0,0.0,0.0,0.0,0.0,0.0,0.0,0.0,0.0,0.0,0.0,0.0,0.0,0.0,0.0,0.0,0.0,0.0,0.0,0.0,0.0,0.0,0.0,0.0,0.0,0.0,0.0,0.0,0.0,0.0,0.0,0.0,0.0,0.0,0.0,0.0,0.0,0.0,0.0,0.0,0.0,0.0,0.0,0.0,0.0,0.0,0.0,0.0,0.0,0.0,0.0,0.0,0.0,0.0,0.0,0.0,0.0,0.0,0.0,0.0,0.0,0.0,0.0,0.0,0.0,0.0,0.0,0.0,0.0,0.0,1.0,1.0,1.0,1.0,1.0,1.0,1.0,1.0,1.0,1.0,1.0,1.0,1.0,1.0,1.0,1.0,1.0,1.0,1.0,1.0,0.0,0.0,0.0,0.0,0.0,0.0,0.0,0.0,0.0,0.0,0.0,0.0,0.0,0.0,0.0,0.0,0.0,0.0,0.0,0.0,0.0,0.0,0.0,0.0,0.0,0.0,0.0,0.0,0.0,0.0,0.0,0.0,0.0,0.0,0.0,0.0,0.0,0.0,0.0,0.0,0.0,0.0,0.0,0.0,0.0,0.0,0.0,0.0,0.0,0.0,0.0,0.0,0.0,0.0,0.0,0.0,0.0,0.0,0.0,0.0,12.0,12.0,12.0,12.0,12.0,12.0,12.0,12.0,12.0,12.0,12.0,12.0,12.0,12.0,12.0,12.0,12.0,12.0,12.0,12.0,0,0,0,0,0,0,0,1.0,0,0,0,0,0,0,0,12,0,0,0,0,0,0,0,0,0,0,0,12,12,0,2,0
M0301,0,1.0,0,0.0,0.0,0.0,0.0,0.0,0.0,0.0,0.0,0.0,0.0,0.0,0.0,0.0,0.0,0.0,0.0,0.0,0.0,0.0,0.0,0.0,0.0,0.0,0.0,0.0,0.0,0.0,0.0,0.0,0.0,0.0,0.0,0.0,0.0,0.0,0.0,0.0,0.0,0.0,0.0,0.0,0.0,0.0,0.0,0.0,0.0,0.0,0.0,0.0,0.0,0.0,0.0,0.0,0.0,0.0,0.0,0.0,0.0,0.0,0.0,0.0,0.0,0.0,0.0,0.0,0.0,0.0,0.0,0.0,0.0,0.0,0.0,0.0,0.0,0.0,0.0,0.0,0.0,0.0,0.0,0.0,0.0,0.0,0.0,0.0,0.0,0.0,0.0,0.0,0.0,0.0,0.0,0.0,0.0,0.0,0.0,0.0,0.0,0.0,0.0,0.0,0.0,0.0,0.0,0.0,0.0,0.0,0.0,0.0,0.0,0.0,0.0,0.0,0.0,0.0,0.0,0.0,0.0,0.0,0.0,0.0,0.0,0.0,0.0,0.0,0.0,0.0,0.0,0.0,0.0,0.0,0.0,0.0,0.0,0.0,0.0,0.0,0.0,0.0,0.0,1.0,1.0,1.0,1.0,1.0,1.0,1.0,1.0,1.0,1.0,1.0,1.0,1.0,1.0,1.0,1.0,1.0,1.0,1.0,1.0,0.0,0.0,0.0,0.0,0.0,0.0,0.0,0.0,0.0,0.0,0.0,0.0,0.0,0.0,0.0,0.0,0.0,0.0,0.0,0.0,0.0,0.0,0.0,0.0,0.0,0.0,0.0,0.0,0.0,0.0,0.0,0.0,0.0,0.0,0.0,0.0,0.0,0.0,0.0,0.0,0.0,0.0,0.0,0.0,0.0,0.0,0.0,0.0,0.0,0.0,0.0,0.0,0.0,0.0,0.0,0.0,0.0,0.0,0.0,0.0,0.0,0.0,0.0,0.0,0.0,0.0,0.0,0.0,0.0,0.0,0.0,0.0,0.0,0.0,0.0,0.0,0.0,0.0,0.0,0.0,0,0,0,0,0,0,0,1.0,0,0,0,0,0,0,0,0,0,0,0,0,0,0,0,0,0,0,0,0,0,0,0,0
M0401,0,1.0,0,0.0,0.0,0.0,0.0,0.0,0.0,0.0,0.0,0.0,0.0,0.0,0.0,0.0,0.0,0.0,0.0,0.0,0.0,0.0,0.0,0.0,0.0,0.0,0.0,0.0,0.0,0.0,0.0,0.0,0.0,0.0,0.0,0.0,0.0,0.0,0.0,0.0,0.0,0.0,0.0,0.0,0.0,0.0,0.0,0.0,0.0,0.0,0.0,0.0,0.0,0.0,0.0,0.0,0.0,0.0,0.0,0.0,0.0,0.0,0.0,0.0,0.0,0.0,0.0,0.0,0.0,0.0,0.0,0.0,0.0,0.0,0.0,0.0,0.0,0.0,0.0,0.0,0.0,0.0,0.0,0.0,0.0,0.0,0.0,0.0,0.0,0.0,0.0,0.0,0.0,0.0,0.0,0.0,0.0,0.0,0.0,0.0,0.0,0.0,0.0,0.0,0.0,0.0,0.0,0.0,0.0,0.0,0.0,0.0,0.0,0.0,0.0,0.0,0.0,0.0,0.0,0.0,0.0,0.0,0.0,0.0,0.0,0.0,0.0,0.0,0.0,0.0,0.0,0.0,0.0,0.0,0.0,0.0,0.0,0.0,0.0,0.0,0.0,0.0,0.0,1.0,1.0,1.0,1.0,1.0,1.0,1.0,1.0,1.0,1.0,1.0,1.0,1.0,1.0,1.0,1.0,1.0,1.0,1.0,1.0,0.0,0.0,0.0,0.0,0.0,0.0,0.0,0.0,0.0,0.0,0.0,0.0,0.0,0.0,0.0,0.0,0.0,0.0,0.0,0.0,0.0,0.0,0.0,0.0,0.0,0.0,0.0,0.0,0.0,0.0,0.0,0.0,0.0,0.0,0.0,0.0,0.0,0.0,0.0,0.0,0.0,0.0,0.0,0.0,0.0,0.0,0.0,0.0,0.0,0.0,0.0,0.0,0.0,0.0,0.0,0.0,0.0,0.0,0.0,0.0,64.0,64.0,64.0,64.0,64.0,64.0,64.0,64.0,64.0,64.0,64.0,64.0,64.0,64.0,64.0,64.0,64.0,64.0,64.0,64.0,0,0,0,0,0,0,0,1.0,0,0,0,0,0,0,0,64,0,0,0,0,0,0,0,0,0,0,0,64,64,0,5,0
M0402,0,1.0,0,0.0,0.0,0.0,0.0,0.0,0.0,0.0,0.0,0.0,0.0,0.0,0.0,0.0,0.0,0.0,0.0,0.0,0.0,0.0,0.0,0.0,0.0,0.0,0.0,0.0,0.0,0.0,0.0,0.0,0.0,0.0,0.0,0.0,0.0,0.0,0.0,0.0,0.0,0.0,0.0,0.0,0.0,0.0,0.0,0.0,0.0,0.0,0.0,0.0,0.0,0.0,0.0,0.0,0.0,0.0,0.0,0.0,0.0,0.0,0.0,0.0,0.0,0.0,0.0,0.0,0.0,0.0,0.0,0.0,0.0,0.0,0.0,0.0,0.0,0.0,0.0,0.0,0.0,0.0,0.0,0.0,0.0,0.0,0.0,0.0,0.0,0.0,0.0,0.0,0.0,0.0,0.0,0.0,0.0,0.0,0.0,0.0,0.0,0.0,0.0,0.0,0.0,0.0,0.0,0.0,0.0,0.0,0.0,0.0,0.0,0.0,0.0,0.0,0.0,0.0,0.0,0.0,0.0,0.0,0.0,0.0,0.0,0.0,0.0,0.0,0.0,0.0,0.0,0.0,0.0,0.0,0.0,0.0,0.0,0.0,0.0,0.0,0.0,0.0,0.0,1.0,1.0,1.0,1.0,1.0,1.0,1.0,1.0,1.0,1.0,1.0,1.0,1.0,1.0,1.0,1.0,1.0,1.0,1.0,1.0,0.0,0.0,0.0,0.0,0.0,0.0,0.0,0.0,0.0,0.0,0.0,0.0,0.0,0.0,0.0,0.0,0.0,0.0,0.0,0.0,0.0,0.0,0.0,0.0,0.0,0.0,0.0,0.0,0.0,0.0,0.0,0.0,0.0,0.0,0.0,0.0,0.0,0.0,0.0,0.0,0.0,0.0,0.0,0.0,0.0,0.0,0.0,0.0,0.0,0.0,0.0,0.0,0.0,0.0,0.0,0.0,0.0,0.0,0.0,0.0,410.0,410.0,410.0,410.0,410.0,410.0,410.0,410.0,410.0,410.0,410.0,410.0,410.0,410.0,410.0,410.0,410.0,410.0,410.0,410.0,0,0,0,0,0,0,0,1.0,0,0,0,0,0,0,0,410,0,0,0,0,0,0,0,0,0,0,0,410,410,0,1,0
M0403,0,1.0,0,0.0,0.0,0.0,0.0,0.0,0.0,0.0,0.0,0.0,0.0,0.0,0.0,0.0,0.0,0.0,0.0,0.0,0.0,0.0,0.0,0.0,0.0,0.0,0.0,0.0,0.0,0.0,0.0,0.0,0.0,0.0,0.0,0.0,0.0,0.0,0.0,0.0,0.0,0.0,0.0,0.0,0.0,0.0,0.0,0.0,0.0,0.0,0.0,0.0,0.0,0.0,0.0,0.0,0.0,0.0,0.0,0.0,0.0,0.0,0.0,0.0,0.0,0.0,0.0,0.0,0.0,0.0,0.0,0.0,0.0,0.0,0.0,0.0,0.0,0.0,0.0,0.0,0.0,0.0,0.0,0.0,0.0,0.0,0.0,0.0,0.0,0.0,0.0,0.0,0.0,0.0,0.0,0.0,0.0,0.0,0.0,0.0,0.0,0.0,0.0,0.0,0.0,0.0,0.0,0.0,0.0,0.0,0.0,0.0,0.0,0.0,0.0,0.0,0.0,0.0,0.0,0.0,0.0,0.0,0.0,0.0,0.0,0.0,0.0,0.0,0.0,0.0,0.0,0.0,0.0,0.0,0.0,0.0,0.0,0.0,0.0,0.0,0.0,0.0,0.0,1.0,1.0,1.0,1.0,1.0,1.0,1.0,1.0,1.0,1.0,1.0,1.0,1.0,1.0,1.0,1.0,1.0,1.0,1.0,1.0,0.0,0.0,0.0,0.0,0.0,0.0,0.0,0.0,0.0,0.0,0.0,0.0,0.0,0.0,0.0,0.0,0.0,0.0,0.0,0.0,0.0,0.0,0.0,0.0,0.0,0.0,0.0,0.0,0.0,0.0,0.0,0.0,0.0,0.0,0.0,0.0,0.0,0.0,0.0,0.0,0.0,0.0,0.0,0.0,0.0,0.0,0.0,0.0,0.0,0.0,0.0,0.0,0.0,0.0,0.0,0.0,0.0,0.0,0.0,0.0,801.0,801.0,801.0,801.0,801.0,801.0,801.0,801.0,801.0,801.0,801.0,801.0,801.0,801.0,801.0,801.0,801.0,801.0,801.0,801.0,0,0,0,0,0,0,0,1.0,0,0,0,0,0,0,0,801,0,0,0,0,0,0,0,0,0,0,0,801,801,0,4,0
M0501,0.4688682100270648,0.7318480082001996,0.3431402656167002,0.4688682100270648,0.4688682100270648,0.4688682100270648,0.4688682100270648,0.4688682100270648,0.4688682100270648,0.4688682100270648,0.4688682100270648,0.4688682100270648,0.4688682100270648,0.4688682100270648,0.4688682100270648,0.43012253340560735,0.2937062989520456,0.17263060129453078,0.025143809546823808,0.0,0.0,0.0,0.3446327243959887,0.42276422764227645,0.42276422764227645,0.42276422764227645,0.42276422764227645,0.42276422764227645,0.42276422764227645,0.42276422764227645,0.42276422764227645,0.42276422764227645,0.42276422764227645,0.42276422764227645,0.42276422764227645,0.3888888888888889,0.26811594202898553,0.15894039735099338,0.023391812865497075,0.0,0.0,0.0,0.3111846196232464,0.52,0.52,0.52,0.52,0.52,0.52,0.52,0.52,0.52,0.52,0.52,0.52,0.47572815533980584,0.3217391304347826,0.1875,0.02702702702702703,0.0,0.0,0.0,0.38168391120008505,1.0,1.0,1.0,1.0,1.0,1.0,1.0,1.0,1.0,1.0,1.0,1.0,0.9423076923076923,0.7115384615384616,0.46153846153846156,0.07692307692307693,0.0,0.0,0.0,0.7469635627530365,0.42276422764227645,0.42276422764227645,0.42276422764227645,0.42276422764227645,0.42276422764227645,0.42276422764227645,0.42276422764227645,0.42276422764227645,0.42276422764227645,0.42276422764227645,0.42276422764227645,0.42276422764227645,0.3983739837398374,0.3008130081300813,0.1951219512195122,0.032520325203252036,0.0,0.0,0.0,0.3157894736842105,1.0,1.0,1.0,1.0,1.0,1.0,1.0,1.0,1.0,1.0,1.0,1.0,0.9423076923076923,0.7115384615384616,0.4615384615384615,0.07692307692307693,0.0,0.0,0.0,0.7469635627530365,0.52,0.52,0.52,0.52,0.52,0.52,0.52,0.52,0.52,0.52,0.52,0.52,0.48999999999999994,0.37,0.24,0.04,0.0,0.0,0.0,0.38842105263157894,0.7318480082001996,0.7318480082001996,0.7318480082001996,0.7318480082001996,0.7318480082001996,0.7318480082001996,0.7318480082001996,0.7318480082001996,0.7318480082001996,0.7318480082001996,0.7318480082001996,0.7318480082001996,0.7377227214202888,0.7575684301991128,0.7763636774675388,0.8074679972141676,1.0,1.0,1.0,0.7821736276159739,0.7211102550927979,0.7211102550927979,0.7211102550927979,0.7211102550927979,0.7211102550927979,0.7211102550927979,0.7211102550927979,0.7211102550927979,0.7211102550927979,0.7211102550927979,0.7211102550927979,0.7211102550927979,0.669538871331641,0.4784660551034813,0.29417420270727607,0.04559607525875532,0.0,0.0,0.0,0.5337420139744594,52.0,52.0,52.0,52.0,52.0,52.0,52.0,52.0,52.0,52.0,52.0,52.0,49.0,37.0,24.0,4.0,0.0,0.0,0.0,38.8421052631579,0.0,0.0,0.0,0.0,0.0,0.0,0.0,0.0,0.0,0.0,0.0,0.0,3.0,15.0,28.0,48.0,52.0,52.0,52.0,13.157894736842104,71.0,71.0,71.0,71.0,71.0,71.0,71.0,71.0,71.0,71.0,71.0,71.0,74.0,86.0,99.0,119.0,123.0,123.0,123.0,84.15789473684211,-0.36538461538461536,0.7318480082001996,-0.36538461538461536,1.0,0.42276422764227645,1.0,0.0,0.0,-0.6335366071844158,0.5942857142857143,0.20170454545454544,-0.36538461538461536,38.05609642641038,52,0,71,0,1,0,0,0.0,352,0.5942857142857143,1.0,0.42276422764227645,52,0,71,123,52,2,1
M0601,0.5920288960714113,0.8405826356641602,0.4976492098490501,0.5920288960714113,0.5920288960714113,0.5920288960714113,0.5920288960714113,0.588774916233667,0.5823109575559821,0.575904952510576,0.5695560593101775,0.5695560593101775,0.5681225714239089,0.5587317004113013,0.5587317004113013,0.5587317004113013,0.5464020788369627,0.5194311176062888,0.49915791701411866,0.35825970116639205,0.04532675129750593,0.0012035916770685045,0.4983324926032829,0.3751537515375154,0.3751537515375154,0.3751537515375154,0.3751537515375154,0.37346437346437344,0.3700980392156863,0.36674816625916873,0.36341463414634145,0.36341463414634145,0.3567961165048544,0.3518742442563482,0.3518742442563482,0.3518742442563482,0.345367027677497,0.33095238095238094,0.31995277449822906,0.2394678492239468,0.033271719038817,0.0008952551477170994,0.31684635311549786,0.9342788452656164,0.9342788452656164,0.9342788452656164,0.9342788452656164,0.9282167901860944,0.9162060193789671,0.9043440290627963,0.8926280733271461,0.8926280733271461,0.9046153846153847,0.8871951219512195,0.8871951219512195,0.8871951219512195,0.8644578313253012,0.8152492668621701,0.7787356321839081,0.5359801488833746,0.06174957118353345,0.0016181229773462784,0.7839541942225944,0.9807073954983923,0.9807073954983923,0.9807073954983923,0.9807073954983923,0.977491961414791,0.9710610932475884,0.9646302250803859,0.9581993569131833,0.9581993569131833,0.9453376205787781,0.9356913183279743,0.9356913183279743,0.9356913183279743,0.9228295819935691,0.8938906752411575,0.8713826366559485,0.6945337620578779,0.1157556270096463,0.003215434083601286,0.8424437299035369,0.37794299876084264,0.37794299876084264,0.37794299876084264,0.37794299876084264,0.37670384138785623,0.3742255266418835,0.37174721189591076,0.36926889714993805,0.36926889714993805,0.3643122676579926,0.36059479553903345,0.36059479553903345,0.36059479553903345,0.355638166047088,0.3444857496902107,0.3358116480793061,0.26765799256505574,0.04460966542750929,0.0012391573729863693,0.3246592317224288,0.9553212798481893,0.9553212798481893,0.9553212798481893,0.9553212798481893,0.9521069554916229,0.9456783288260472,0.9392497320471597,0.9328211657567059,0.9328211657567059,0.9453376205787781,0.9356913183279743,0.9356913183279743,0.9356913183279743,0.9228295819935692,0.8938906752411575,0.8713826366559485,0.6945337620578779,0.11575562700964631,0.003215434083601286,0.8304200926250264,0.9658011387519585,0.9658011387519585,0.9658011387519585,0.9658011387519585,0.9625593704541072,0.956075932897125,0.9495926295926296,0.9431094632436914,0.9431094632436914,0.9545454545454545,0.9448051948051948,0.9448051948051948,0.9448051948051948,0.9318181818181819,0.9025974025974026,0.8798701298701299,0.7012987012987013,0.11688311688311688,0.003246753246753247,0.8390698283744422,0.8405826356641602,0.8405826356641602,0.8405826356641602,0.8405826356641602,0.842614202825928,0.84627650296921,0.8498039397033926,0.8529665891148093,0.8529665891148093,0.8581554618705314,0.8617280660582685,0.8617280660582685,0.8617280660582685,0.8641646123896491,0.8686774199700483,0.8709002105070105,0.8798527303338579,0.9108285079182834,0.9634826969004514,0.8635896949710226,0.9572116657300453,0.9572116657300453,0.9572116657300453,0.9572116657300453,0.9525358003020921,0.9432348693820437,0.9340008481286022,0.9248327664095413,0.9248327664095413,0.9247523750881984,0.9111206140093003,0.9111206140093003,0.9111206140093003,0.8931669827826121,0.8536648743185372,0.8237576757944964,0.6101281088364243,0.08454501954536826,0.0022810014846153903,0.8123127154436923,305.0,305.0,305.0,305.0,304.0,302.0,300.0,298.0,298.0,294.0,291.0,291.0,291.0,287.0,278.0,271.0,216.0,36.0,1.0,262.0,6.0,6.0,6.0,6.0,7.0,9.0,11.0,13.0,13.0,17.0,20.0,20.0,20.0,24.0,33.0,40.0,95.0,275.0,310.0,49.0,502.0,502.0,502.0,502.0,503.0,505.0,507.0,509.0,509.0,513.0,516.0,516.0,516.0,520.0,529.0,536.0,591.0,771.0,806.0,545.0,-0.7041800643086816,0.8581554618705314,-0.7041800643086816,0.9453376205787781,0.3643122676579926,1.0,0.0,0.0,-0.8382710424760893,0.5259391771019678,1.3790322580645162,-0.7041800643086816,252.29770578993623,294,17,513,0,1,0,0,3.0,372,0.5259391771019678,0.9453376205787781,0.3643122676579926,294,17,513,807,311,34,1
M0602,0.011912784124685646,0.6821541005552585,0.008126354539683899,0.011912784124685646,0.011912784124685646,0.011912784124685646,0.011912784124685646,0.011912784124685646,0.010705686384284912,0.010705686384284912,0.010705686384284912,0.010705686384284912,0.010705686384284912,0.010705686384284912,0.010705686384284912,0.010705686384284912,0.009502152704140785,0.0011756751408681318,0.0,0.0,0.0,0.0,0.008204591554879813,0.006031363088057901,0.006031363088057901,0.006031363088057901,0.006031363088057901,0.006031363088057901,0.0054249547920434,0.0054249547920434,0.0054249547920434,0.0054249547920434,0.0054249547920434,0.0054249547920434,0.0054249547920434,0.0054249547920434,0.004819277108433735,0.0005998800239952009,0.0,0.0,0.0,0.0,0.004156611100477139,0.023529411764705882,0.023529411764705882,0.023529411764705882,0.023529411764705882,0.023529411764705882,0.02112676056338028,0.02112676056338028,0.02112676056338028,0.02112676056338028,0.02112676056338028,0.02112676056338028,0.02112676056338028,0.02112676056338028,0.01873536299765808,0.002304147465437788,0.0,0.0,0.0,0.0,0.01619477125229829,0.006031363088057901,0.006031363088057901,0.006031363088057901,0.006031363088057901,0.006031363088057901,0.005428226779252111,0.005428226779252111,0.005428226779252111,0.005428226779252111,0.005428226779252111,0.005428226779252111,0.005428226779252111,0.005428226779252111,0.0048250904704463205,0.0006031363088057901,0.0,0.0,0.0,0.0,0.004158466129134658,1.0,1.0,1.0,1.0,1.0,0.9,0.9,0.9,0.9,0.9,0.9,0.9,0.9,0.8,0.1,0.0,0.0,0.0,0.0,0.6894736842105263,0.023529411764705882,0.023529411764705882,0.023529411764705882,0.023529411764705882,0.023529411764705882,0.021176470588235293,0.021176470588235293,0.021176470588235293,0.021176470588235293,0.021176470588235293,0.021176470588235293,0.021176470588235293,0.021176470588235293,0.018823529411764704,0.002352941176470588,0.0,0.0,0.0,0.0,0.016222910216718265,1.0,1.0,1.0,1.0,1.0,0.8999999999999999,0.8999999999999999,0.8999999999999999,0.8999999999999999,0.8999999999999999,0.8999999999999999,0.8999999999999999,0.8999999999999999,0.8,0.1,0.0,0.0,0.0,0.0,0.6894736842105263,0.6821541005552585,0.6821541005552585,0.6821541005552585,0.6821541005552585,0.6821541005552585,0.7275746376811578,0.7275746376811578,0.7275746376811578,0.7275746376811578,0.7275746376811578,0.7275746376811578,0.7275746376811578,0.7275746376811578,0.7315417572463753,0.7802532608695649,1.0,1.0,1.0,1.0,0.7759559274916576,0.011912784124685646,0.011912784124685646,0.011912784124685646,0.011912784124685646,0.011912784124685646,0.010708914391710686,0.010708914391710686,0.010708914391710686,0.010708914391710686,0.010708914391710686,0.010708914391710686,0.010708914391710686,0.010708914391710686,0.009507882070174861,0.001178861737969455,0.0,0.0,0.0,0.0,0.008206419977118844,10.0,10.0,10.0,10.0,10.0,9.0,9.0,9.0,9.0,9.0,9.0,9.0,9.0,8.0,1.0,0.0,0.0,0.0,0.0,6.894736842105263,1648.0,1648.0,1648.0,1648.0,1648.0,1649.0,1649.0,1649.0,1649.0,1649.0,1649.0,1649.0,1649.0,1650.0,1657.0,1658.0,1658.0,1658.0,1658.0,1651.1052631578948,0.0,0.0,0.0,0.0,0.0,1.0,1.0,1.0,1.0,1.0,1.0,1.0,1.0,2.0,9.0,10.0,10.0,10.0,10.0,3.1052631578947367,0.0048250904704463205,0.7275746376811578,0.0048250904704463205,0.005428226779252111,0.9,0.0,0.0,1.0,0.0033463038233597225,0.01079136690647482,0.0020833333333333333,0.0048250904704463205,6.54817173913042,9,1649,1,0,0,0,4,0.0,480,0.01079136690647482,0.005428226779252111,0.9,9,1649,1,10,1658,1,4
M0603,0.8329418487246245,0.8695781401377121,0.7243080236568264,0.8329418487246245,0.8329418487246245,0.8329418487246245,0.8329418487246245,0.8329418487246245,0.8329418487246245,0.8329418487246245,0.8324894674590417,0.8298121793503352,0.8298121793503352,0.8293720719999828,0.8293720719999828,0.8289336928270254,0.8275621891996012,0.80469249874818,0.7177069733677413,0.5080800619337688,0.1723173211035657,0.023416026423690738,0.7296926144650328,0.9071428571428571,0.9071428571428571,0.9071428571428571,0.9071428571428571,0.9071428571428571,0.9071428571428571,0.9071428571428571,0.9059052563270603,0.898513251454428,0.898513251454428,0.8972868217054264,0.8972868217054264,0.8960619754680439,0.8936170212765957,0.8612167300380228,0.7461355529131986,0.5241307732226258,0.1701195219123506,0.02050034746351633,0.7873309118390065,0.7648102147240262,0.7648102147240262,0.7648102147240262,0.7648102147240262,0.7648102147240262,0.7648102147240262,0.7648102147240262,0.765023393550142,0.7663640484806782,0.7663640484806782,0.7665977223494361,0.7665977223494361,0.7668343104782873,0.7663900313967458,0.751878121913634,0.6903615537545738,0.4925208793740763,0.1745435139866429,0.026746390247813567,0.6765206968121225,0.9313333333333333,0.9313333333333333,0.9313333333333333,0.9313333333333333,0.9313333333333333,0.9313333333333333,0.9313333333333333,0.9306666666666666,0.9266666666666666,0.9266666666666666,0.926,0.926,0.9253333333333333,0.924,0.906,0.8366666666666667,0.6733333333333333,0.2846666666666667,0.03933333333333333,0.8286666666666667,0.9721642310368824,0.9721642310368824,0.9721642310368824,0.9721642310368824,0.9721642310368824,0.9721642310368824,0.9721642310368824,0.9714683368128044,0.9672929714683368,0.9672929714683368,0.9665970772442589,0.9665970772442589,0.9659011830201809,0.964509394572025,0.9457202505219207,0.8733472512178149,0.7028531663187195,0.2971468336812804,0.04105775922059847,0.8649965205288798,0.7765734265734264,0.7765734265734264,0.7765734265734264,0.7765734265734264,0.7765734265734264,0.7765734265734264,0.7765734265734264,0.7768202189405627,0.7783471684191108,0.7783471684191108,0.7786094035554079,0.7786094035554079,0.778873863888273,0.7787675287675286,0.771024131620158,0.7338520277862908,0.6009682025894898,0.2798995176044356,0.049089164131537015,0.7010116729100683,0.9777391478366619,0.9777391478366619,0.9777391478366619,0.9777391478366619,0.9777391478366619,0.9777391478366619,0.9777391478366619,0.9771416630163521,0.9737011512809387,0.9737011512809387,0.9731519374663211,0.9731519374663211,0.9726096791708263,0.9713341682613645,0.9524810254819635,0.8856046245127019,0.7163820260883031,0.32669389849568264,0.06590800587950968,0.8740018580662031,0.8695781401377121,0.8695781401377121,0.8695781401377121,0.8695781401377121,0.8695781401377121,0.8695781401377121,0.8695781401377121,0.8699156457574071,0.8718007512581547,0.8718007512581547,0.8720601767901808,0.8720601767901808,0.8722366866727022,0.8725044750877752,0.8752868127255021,0.8836054408747703,0.8965853122653724,0.9236552341972679,0.9632034408356202,0.8806190466040565,0.8439746718037868,0.8439746718037868,0.8439746718037868,0.8439746718037868,0.8439746718037868,0.8439746718037868,0.8439746718037868,0.8437901229555441,0.8427122986279254,0.8427122986279254,0.8425375308528267,0.8425375308528267,0.8423641425353063,0.8415131543895159,0.8253493675127839,0.7600016447183914,0.5758738798080804,0.22290518234187456,0.03243492998421096,0.74855551504388,1397.0,1397.0,1397.0,1397.0,1397.0,1397.0,1397.0,1396.0,1390.0,1390.0,1389.0,1389.0,1388.0,1386.0,1359.0,1255.0,1010.0,427.0,59.0,1243.0,103.0,103.0,103.0,103.0,103.0,103.0,103.0,104.0,110.0,110.0,111.0,111.0,112.0,114.0,141.0,245.0,490.0,1073.0,1441.0,257.0,40.0,40.0,40.0,40.0,40.0,40.0,40.0,41.0,47.0,47.0,48.0,48.0,49.0,51.0,78.0,182.0,427.0,1010.0,1378.0,194.0,0.8933333333333333,0.8718007512581547,0.8953333333333333,0.9266666666666666,0.9672929714683368,1.0,0.0,0.0,0.7745353628325566,0.9465440926115083,0.023095823095823097,0.8950152524968537,1211.803044248835,1390,110,47,3,2,0,0,8.0,2035,0.8348655090228124,0.8173333333333334,0.8531663187195546,1226,274,211,1437,1500,7,2
M0604,0.5983005676158141,0.8527163873509734,0.5101806985673938,0.5983005676158141,0.5983005676158141,0.5983005676158141,0.5983005676158141,0.5983005676158141,0.5983005676158141,0.5983005676158141,0.5983005676158141,0.5983005676158141,0.5983005676158141,0.5961624890581052,0.5956483908157766,0.5931967533453775,0.590084330582227,0.5474557530147764,0.37889301039547507,0.3005290770597779,0.20112514555727404,0.030994406660009806,0.5166892122445759,0.4386459802538787,0.4386459802538787,0.4386459802538787,0.4386459802538787,0.4386459802538787,0.4386459802538787,0.4386459802538787,0.4386459802538787,0.4386459802538787,0.4386459802538787,0.4305750350631136,0.42857142857142855,0.41863699582753827,0.4049586776859504,0.3765182186234818,0.2718204488778055,0.21863799283154123,0.14994363021420518,0.024096385542168676,0.37422203240926427,0.8160648571365544,0.8160648571365544,0.8160648571365544,0.8160648571365544,0.8160648571365544,0.8160648571365544,0.8160648571365544,0.8160648571365544,0.8160648571365544,0.8160648571365544,0.8254303766307758,0.8278596794566563,0.8405429804021861,0.8598396241028503,0.7959981394915814,0.528142433430686,0.41309255079006774,0.2697768762677485,0.03986710963455149,0.7137472811354025,0.4762633996937213,0.4762633996937213,0.4762633996937213,0.4762633996937213,0.4762633996937213,0.4762633996937213,0.4762633996937213,0.4762633996937213,0.4762633996937213,0.4762633996937213,0.47013782542113325,0.4686064318529862,0.4609494640122512,0.450229709035222,0.42725880551301687,0.333843797856049,0.28024502297090353,0.20367534456355282,0.036753445635528334,0.4154912549367292,0.8474114441416893,0.8474114441416893,0.8474114441416893,0.8474114441416893,0.8474114441416893,0.8474114441416893,0.8474114441416893,0.8474114441416893,0.8474114441416893,0.8474114441416893,0.8365122615803815,0.8337874659400545,0.8201634877384196,0.8010899182561307,0.7602179836512262,0.5940054495912807,0.4986376021798365,0.36239782016348776,0.0653950953678474,0.7392800803097662,0.8261334162287135,0.8261334162287135,0.8261334162287135,0.8261334162287135,0.8261334162287135,0.8261334162287135,0.8261334162287135,0.8261334162287135,0.8261334162287135,0.8261334162287135,0.8355590107954377,0.838003277846889,0.8507693388603947,0.8702344986332902,0.8368796630174664,0.6525956927852767,0.552870090634441,0.40181268882175225,0.07250755287009064,0.7459245250816934,0.9526005875970451,0.9526005875970451,0.9526005875970451,0.9526005875970451,0.9526005875970451,0.9526005875970451,0.9526005875970451,0.9526005875970451,0.9526005875970451,0.9526005875970451,0.9549442138494201,0.9559110547146439,0.9631067986014773,0.9800855319015125,0.9425794301682765,0.7368060954750427,0.6203389830508474,0.45084745762711864,0.08135593220338982,0.8532621775559043,0.8527163873509734,0.8527163873509734,0.8527163873509734,0.8527163873509734,0.8527163873509734,0.8527163873509734,0.8527163873509734,0.8527163873509734,0.8527163873509734,0.8527163873509734,0.8569599975862916,0.8578102272951483,0.8616635990914824,0.8659808479637484,0.8730491417888501,0.9009492940941111,0.9156389689073192,0.9286450001865493,0.9599184866499343,0.8709357598459562,0.6234274803298507,0.6234274803298507,0.6234274803298507,0.6234274803298507,0.6234274803298507,0.6234274803298507,0.6234274803298507,0.6234274803298507,0.6234274803298507,0.6234274803298507,0.6229494701063161,0.6228485935322811,0.6224530795936734,0.6221939760048959,0.5831785440752745,0.4199012690924329,0.3402456926770296,0.23440754729554386,0.03827863172318384,0.5442490319683757,311.0,311.0,311.0,311.0,311.0,311.0,311.0,311.0,311.0,311.0,307.0,306.0,301.0,294.0,279.0,218.0,183.0,133.0,24.0,271.3157894736842,342.0,342.0,342.0,342.0,342.0,342.0,342.0,342.0,342.0,342.0,346.0,347.0,352.0,359.0,374.0,435.0,470.0,520.0,629.0,381.6842105263158,56.0,56.0,56.0,56.0,56.0,56.0,56.0,56.0,56.0,56.0,60.0,61.0,66.0,73.0,88.0,149.0,184.0,234.0,343.0,95.6842105263158,0.38591117917304746,0.8372815283281339,0.3905053598774885,0.4762633996937213,0.8474114441416893,0.5,0.0,0.5,0.308414326661638,0.6098039215686275,0.051899907321594066,0.3897746994567846,260.3945553100496,311,342,56,3,1,0,1,0.0,1079,0.5705882352941176,0.445635528330781,0.7929155313351499,291,362,76,367,653,5,2
M0605,0,1.0,0,0.0,0.0,0.0,0.0,0.0,0.0,0.0,0.0,0.0,0.0,0.0,0.0,0.0,0.0,0.0,0.0,0.0,0.0,0.0,0.0,0.0,0.0,0.0,0.0,0.0,0.0,0.0,0.0,0.0,0.0,0.0,0.0,0.0,0.0,0.0,0.0,0.0,0.0,0.0,0.0,0.0,0.0,0.0,0.0,0.0,0.0,0.0,0.0,0.0,0.0,0.0,0.0,0.0,0.0,0.0,0.0,0.0,0.0,0.0,0.0,0.0,0.0,0.0,0.0,0.0,0.0,0.0,0.0,0.0,0.0,0.0,0.0,0.0,0.0,0.0,0.0,0.0,0.0,0.0,0.0,0.0,0.0,0.0,0.0,0.0,0.0,0.0,0.0,0.0,0.0,0.0,0.0,0.0,0.0,0.0,0.0,0.0,0.0,0.0,0.0,0.0,0.0,0.0,0.0,0.0,0.0,0.0,0.0,0.0,0.0,0.0,0.0,0.0,0.0,0.0,0.0,0.0,0.0,0.0,0.0,0.0,0.0,0.0,0.0,0.0,0.0,0.0,0.0,0.0,0.0,0.0,0.0,0.0,0.0,0.0,0.0,0.0,0.0,0.0,0.0,1.0,1.0,1.0,1.0,1.0,1.0,1.0,1.0,1.0,1.0,1.0,1.0,1.0,1.0,1.0,1.0,1.0,1.0,1.0,1.0,0.0,0.0,0.0,0.0,0.0,0.0,0.0,0.0,0.0,0.0,0.0,0.0,0.0,0.0,0.0,0.0,0.0,0.0,0.0,0.0,0.0,0.0,0.0,0.0,0.0,0.0,0.0,0.0,0.0,0.0,0.0,0.0,0.0,0.0,0.0,0.0,0.0,0.0,0.0,0.0,0.0,0.0,0.0,0.0,0.0,0.0,0.0,0.0,0.0,0.0,0.0,0.0,0.0,0.0,0.0,0.0,0.0,0.0,0.0,0.0,8.0,8.0,8.0,8.0,8.0,8.0,8.0,8.0,8.0,8.0,8.0,8.0,8.0,8.0,8.0,8.0,8.0,8.0,8.0,8.0,0,0,0,0,0,0,0,1.0,0,0,0,0,0,0,0,8,0,0,0,0,0,0,0,0,0,0,0,8,8,0,2,0
M0606,0.7905503387738737,0.847076254813907,0.6696564202104384,0.7905503387738737,0.7905503387738737,0.7905503387738737,0.7905503387738737,0.7905503387738737,0.7905503387738737,0.7905503387738737,0.7905503387738737,0.7905503387738737,0.7905503387738737,0.7905503387738737,0.7905503387738737,0.7905503387738737,0.7687251542424091,0.7056517302736179,0.5737396986412355,0.26260887655216597,0.09541189267726281,0.008287305465815742,0.667977845363835,0.7110187110187111,0.7110187110187111,0.7110187110187111,0.7110187110187111,0.7110187110187111,0.7110187110187111,0.7110187110187111,0.7110187110187111,0.7110187110187111,0.7110187110187111,0.7110187110187111,0.7110187110187111,0.7110187110187111,0.6934156378600823,0.6394422310756972,0.518450184501845,0.24132730015082957,0.08718626155878467,0.006112469437652812,0.6015356488330598,0.8789780472022484,0.8789780472022484,0.8789780472022484,0.8789780472022484,0.8789780472022484,0.8789780472022484,0.8789780472022484,0.8789780472022484,0.8789780472022484,0.8789780472022484,0.8789780472022484,0.8789780472022484,0.8789780472022484,0.8522137813169066,0.7787167319250833,0.6349254984125949,0.2857671800947867,0.10441357504610516,0.011235955056179775,0.7417888071305729,0.7720090293453724,0.7720090293453724,0.7720090293453724,0.7720090293453724,0.7720090293453724,0.7720090293453724,0.7720090293453724,0.7720090293453724,0.7720090293453724,0.7720090293453724,0.7720090293453724,0.7720090293453724,0.7720090293453724,0.7607223476297968,0.7246049661399548,0.6343115124153499,0.3611738148984199,0.1489841986455982,0.011286681715575621,0.6672211001544494,0.9,0.9,0.9,0.9,0.9,0.9,0.9,0.9,0.9,0.9,0.9,0.9,0.9,0.8868421052631579,0.8447368421052631,0.7394736842105263,0.42105263157894735,0.1736842105263158,0.013157894736842105,0.7778393351800554,0.9425451199838677,0.9425451199838677,0.9425451199838677,0.9425451199838677,0.9425451199838677,0.9425451199838677,0.9425451199838677,0.9425451199838677,0.9425451199838677,0.9425451199838677,0.9425451199838677,0.9425451199838677,0.9425451199838677,0.9271961719096895,0.8822878446526544,0.7836028735444547,0.44343166719392607,0.18734577665295793,0.022935779816513763,0.8157835091347618,0.9271563586112002,0.9271563586112002,0.9271563586112002,0.9271563586112002,0.9271563586112002,0.9271563586112002,0.9271563586112002,0.9271563586112002,0.9271563586112002,0.9271563586112002,0.9271563586112002,0.9271563586112002,0.9271563586112002,0.913349203387484,0.8699740289283616,0.7655333025344142,0.44339503042596345,0.18957833917265965,0.021551724137931036,0.8029691731859167,0.847076254813907,0.847076254813907,0.847076254813907,0.847076254813907,0.847076254813907,0.847076254813907,0.847076254813907,0.847076254813907,0.847076254813907,0.847076254813907,0.847076254813907,0.847076254813907,0.847076254813907,0.8493588983825757,0.8553039167796291,0.865585490280468,0.8946768401192985,0.9197040082518579,0.9607427113417379,0.8609138514598085,0.8237590600633772,0.8237590600633772,0.8237590600633772,0.8237590600633772,0.8237590600633772,0.8237590600633772,0.8237590600633772,0.8237590600633772,0.8237590600633772,0.8237590600633772,0.8237590600633772,0.8237590600633772,0.8237590600633772,0.8051695898417075,0.7511737556445854,0.6346184311609323,0.3212656573734546,0.12472358560419118,0.011261289823533258,0.7030042152774898,342.0,342.0,342.0,342.0,342.0,342.0,342.0,342.0,342.0,342.0,342.0,342.0,342.0,337.0,321.0,281.0,160.0,66.0,5.0,295.57894736842104,101.0,101.0,101.0,101.0,101.0,101.0,101.0,101.0,101.0,101.0,101.0,101.0,101.0,106.0,122.0,162.0,283.0,377.0,438.0,147.42105263157896,38.0,38.0,38.0,38.0,38.0,38.0,38.0,38.0,38.0,38.0,38.0,38.0,38.0,43.0,59.0,99.0,220.0,314.0,375.0,84.42105263157895,0.6862302483069977,0.847076254813907,0.6862302483069977,0.7720090293453724,0.9,0.6666666666666666,0.0,0.3333333333333333,0.568171736222023,0.8311057108140948,0.027656477438136828,0.6862302483069977,289.7000791463562,342,101,38,0,2,0,1,0.0,1374,0.8311057108140948,0.7720090293453724,0.9,342,101,38,380,443,8,3
M0701,0.0,1.0,0.0,0.0,0.0,0.0,0.0,0.0,0.0,0.0,0.0,0.0,0.0,0.0,0.0,0.0,0.0,0.0,0.0,0.0,0.0,0.0,0.0,0.0,0.0,0.0,0.0,0.0,0.0,0.0,0.0,0.0,0.0,0.0,0.0,0.0,0.0,0.0,0.0,0.0,0.0,0.0,0.0,0.0,0.0,0.0,0.0,0.0,0.0,0.0,0.0,0.0,0.0,0.0,0.0,0.0,0.0,0.0,0.0,0.0,0.0,0.0,0.0,0.0,0.0,0.0,0.0,0.0,0.0,0.0,0.0,0.0,0.0,0.0,0.0,0.0,0.0,0.0,0.0,0.0,0.0,0.0,0.0,0.0,0.0,0.0,0.0,0.0,0.0,0.0,0.0,0.0,0.0,0.0,0.0,0.0,0.0,0.0,0.0,0.0,0.0,0.0,0.0,0.0,0.0,0.0,0.0,0.0,0.0,0.0,0.0,0.0,0.0,0.0,0.0,0.0,0.0,0.0,0.0,0.0,0.0,0.0,0.0,0.0,0.0,0.0,0.0,0.0,0.0,0.0,0.0,0.0,0.0,0.0,0.0,0.0,0.0,0.0,0.0,0.0,0.0,0.0,0.0,1.0,1.0,1.0,1.0,1.0,1.0,1.0,1.0,1.0,1.0,1.0,1.0,1.0,1.0,1.0,1.0,1.0,1.0,1.0,1.0,0.0,0.0,0.0,0.0,0.0,0.0,0.0,0.0,0.0,0.0,0.0,0.0,0.0,0.0,0.0,0.0,0.0,0.0,0.0,0.0,0.0,0.0,0.0,0.0,0.0,0.0,0.0,0.0,0.0,0.0,0.0,0.0,0.0,0.0,0.0,0.0,0.0,0.0,0.0,0.0,408.0,408.0,408.0,408.0,408.0,408.0,408.0,408.0,408.0,408.0,408.0,408.0,408.0,408.0,408.0,408.0,408.0,408.0,408.0,408.0,659.0,659.0,659.0,659.0,659.0,659.0,659.0,659.0,659.0,659.0,659.0,659.0,659.0,659.0,659.0,659.0,659.0,659.0,659.0,659.0,-1.6151960784313726,0.0,-1.6151960784313726,0.0,0.0,0.0,0.0,1.0,-1.6151960784313726,0.0,0.503822629969419,-1.6151960784313726,0,0,408,659,0,0,0,1,0.0,1308,0.0,0.0,0.0,0,408,659,659,408,17,1
M0702,0.5913316087739223,0.8560932619668282,0.5062350058593594,0.5913316087739223,0.5913316087739223,0.5913316087739223,0.5913316087739223,0.5913316087739223,0.5913316087739223,0.5908288739599923,0.5903279687741196,0.5868723154304811,0.5844574631996845,0.5835037938374793,0.5828705216188118,0.5806068722125237,0.5667439983195215,0.5312571519317202,0.4545496917547513,0.30877557749858914,0.17072007127284647,0.03451740790849348,0.5112642821243446,0.6126558005752637,0.6126558005752637,0.6126558005752637,0.6126558005752637,0.6126558005752637,0.6126558005752637,0.6122693505871076,0.6118830857690465,0.6091844056445826,0.6072623029144768,0.606494746895893,0.6053447864471486,0.6003805899143673,0.5789720722835016,0.5318761384335154,0.4351535836177474,0.2800608828006088,0.14733969986357434,0.02514094164254152,0.5224893363297733,0.5707496300644237,0.5707496300644237,0.5707496300644237,0.5707496300644237,0.5707496300644237,0.5707496300644237,0.5701392009417087,0.5695321848600885,0.5653774315747653,0.562509025589751,0.5613843799395275,0.5612306450447105,0.5614844079294624,0.554774185159519,0.5306388857936745,0.4748103429520114,0.34043439521493923,0.19781052060233736,0.04739088398762471,0.5011586457882453,0.6909975669099757,0.6909975669099757,0.6909975669099757,0.6909975669099757,0.6909975669099757,0.6909975669099757,0.6907272235739389,0.6904568802379021,0.6885644768856448,0.687212760205461,0.6866720735333874,0.6858610435252771,0.6823465801567992,0.6669370100027034,0.631522032981887,0.551500405515004,0.39794539064612056,0.23357664233576642,0.04460665044606651,0.6044165563950428,0.8438428524265434,0.8438428524265434,0.8438428524265434,0.8438428524265434,0.8438428524265434,0.8438428524265434,0.8435127104655001,0.8431825685044569,0.8408715747771541,0.8392208649719379,0.8385605810498514,0.8375701551667217,0.8332783096731594,0.8144602178936943,0.7712116209970287,0.6734896005282272,0.4859689666556619,0.2852426543413668,0.05447342357213602,0.7381105454292713,0.6333893671034133,0.6333893671034133,0.6333893671034133,0.6333893671034133,0.6333893671034133,0.6333893671034133,0.6330336428820091,0.6326788890381385,0.630222878711068,0.6284979492170047,0.6278148666894822,0.6279315084843566,0.6291000357191985,0.6276266126110965,0.6172327150698214,0.5858262725650887,0.4711977346508289,0.3200334571359187,0.08678009427268293,0.5746480452456408,0.9005073433652812,0.9005073433652812,0.9005073433652812,0.9005073433652812,0.9005073433652812,0.9005073433652812,0.900079434523941,0.8996528052024352,0.8967023531028657,0.8946336055514404,0.8938151905805702,0.8926481920807317,0.8884927656586644,0.8683121490404904,0.8243283709433985,0.7307414607722805,0.579275129288226,0.3987289188922085,0.11643283836891223,0.799309856536729,0.8560932619668282,0.8560932619668282,0.8560932619668282,0.8560932619668282,0.8560932619668282,0.8560932619668282,0.8562935882528979,0.856482460243013,0.857692691081628,0.858441725350759,0.8587006157452324,0.8590304474702206,0.8602018635832868,0.8644187684715685,0.872021234906306,0.8854654081314032,0.9078215420467963,0.9312003169183835,0.9627283452991695,0.8719504515421914,0.6280020745899535,0.6280020745899535,0.6280020745899535,0.6280020745899535,0.6280020745899535,0.6280020745899535,0.6275433589140519,0.627086449824562,0.6239381503123749,0.6217422135547956,0.6208759749115199,0.6204242386212273,0.6189725079210173,0.608275789652174,0.5788869906429619,0.5117207213712891,0.36806833386367915,0.2149509646895866,0.045977696727501106,0.5503408336077085,2556.0,2556.0,2556.0,2556.0,2556.0,2556.0,2555.0,2554.0,2547.0,2542.0,2540.0,2537.0,2524.0,2467.0,2336.0,2040.0,1472.0,864.0,165.0,2235.7368421052633,1143.0,1143.0,1143.0,1143.0,1143.0,1143.0,1144.0,1145.0,1152.0,1157.0,1159.0,1162.0,1175.0,1232.0,1363.0,1659.0,2227.0,2835.0,3534.0,1463.2631578947369,473.0,473.0,473.0,473.0,473.0,473.0,474.0,475.0,482.0,487.0,489.0,492.0,505.0,562.0,693.0,989.0,1557.0,2165.0,2864.0,793.2631578947369,0.5258177885915112,0.8579581889456698,0.563125168964585,0.6909975669099757,0.8438428524265434,0.5,0.375,0.125,0.42766724275348256,0.7598097502972652,0.6087516087516087,0.562546666913652,2192.941130945132,2556,1143,473,138,4,3,1,207.0,777,0.6572532699167658,0.5977291159772912,0.7299438758666227,2211,1488,818,3029,3699,66,8
M0703,0.6876790051589888,0.8471446350562817,0.5825635798612785,0.6876790051589888,0.6876790051589888,0.6876790051589888,0.6876790051589888,0.6876790051589888,0.6876790051589888,0.6876790051589888,0.6876790051589888,0.6876790051589888,0.6876790051589888,0.6876790051589888,0.6876790051589888,0.6876790051589888,0.6876790051589888,0.6473658688710275,0.48795041575273157,0.24494478694267963,0.08074381302718962,0.00874526290204348,0.5840661168274484,0.6479076479076479,0.6479076479076479,0.6479076479076479,0.6479076479076479,0.6479076479076479,0.6479076479076479,0.6479076479076479,0.6479076479076479,0.6479076479076479,0.6479076479076479,0.6479076479076479,0.6479076479076479,0.6479076479076479,0.6479076479076479,0.6084507042253521,0.4697554697554698,0.2319309600862999,0.06529850746268656,0.007054673721340388,0.5501682834714853,0.729891699324197,0.729891699324197,0.729891699324197,0.729891699324197,0.729891699324197,0.729891699324197,0.729891699324197,0.729891699324197,0.729891699324197,0.729891699324197,0.729891699324197,0.729891699324197,0.729891699324197,0.729891699324197,0.6887699615907168,0.5068501030061529,0.25868882976239954,0.09984245575437115,0.010840986592265364,0.6201829540655086,0.714968152866242,0.714968152866242,0.714968152866242,0.714968152866242,0.714968152866242,0.714968152866242,0.714968152866242,0.714968152866242,0.714968152866242,0.714968152866242,0.714968152866242,0.714968152866242,0.714968152866242,0.714968152866242,0.6878980891719745,0.5812101910828026,0.34235668789808915,0.11146496815286625,0.012738853503184714,0.6181696278913845,0.8735408560311284,0.8735408560311284,0.8735408560311284,0.8735408560311284,0.8735408560311284,0.8735408560311284,0.8735408560311284,0.8735408560311284,0.8735408560311284,0.8735408560311284,0.8735408560311284,0.8735408560311284,0.8735408560311284,0.8735408560311284,0.8404669260700389,0.7101167315175098,0.4182879377431907,0.13618677042801555,0.01556420233463035,0.755273397501536,0.7490909358835378,0.7490909358835378,0.7490909358835378,0.7490909358835378,0.7490909358835378,0.7490909358835378,0.7490909358835378,0.7490909358835378,0.7490909358835378,0.7490909358835378,0.7490909358835378,0.7490909358835378,0.7490909358835378,0.7490909358835378,0.7255548899723597,0.6016845130288127,0.372904097412093,0.17090295679400289,0.02051035931614025,0.6515173641522599,0.9705091235884812,0.9705091235884812,0.9705091235884812,0.9705091235884812,0.9705091235884812,0.9705091235884812,0.9705091235884812,0.9705091235884812,0.9705091235884812,0.9705091235884812,0.9705091235884812,0.9705091235884812,0.9705091235884812,0.9705091235884812,0.9367944165970482,0.7921174602786666,0.4806229514134831,0.20614802947643524,0.02787176274018379,0.8437201237233974,0.8471446350562817,0.8471446350562817,0.8471446350562817,0.8471446350562817,0.8471446350562817,0.8471446350562817,0.8471446350562817,0.8471446350562817,0.8471446350562817,0.8471446350562817,0.8471446350562817,0.8471446350562817,0.8471446350562817,0.8471446350562817,0.8516090292265076,0.8643440932820641,0.890301150598509,0.9247056346784273,0.9625220902255601,0.8607108888841585,0.7223913898007254,0.7223913898007254,0.7223913898007254,0.7223913898007254,0.7223913898007254,0.7223913898007254,0.7223913898007254,0.7223913898007254,0.7223913898007254,0.7223913898007254,0.7223913898007254,0.7223913898007254,0.7223913898007254,0.7223913898007254,0.688333887337612,0.5427581830046824,0.29759679257963745,0.10549377304355427,0.011751669669832375,0.6189165138339723,449.0,449.0,449.0,449.0,449.0,449.0,449.0,449.0,449.0,449.0,449.0,449.0,449.0,449.0,432.0,365.0,215.0,70.0,8.0,388.2105263157895,179.0,179.0,179.0,179.0,179.0,179.0,179.0,179.0,179.0,179.0,179.0,179.0,179.0,179.0,196.0,263.0,413.0,558.0,620.0,239.78947368421052,65.0,65.0,65.0,65.0,65.0,65.0,65.0,65.0,65.0,65.0,65.0,65.0,65.0,65.0,82.0,149.0,299.0,444.0,506.0,125.78947368421052,0.6003184713375797,0.8471446350562817,0.6114649681528662,0.714968152866242,0.8735408560311284,0.5,0.5,0.0,0.49103175340807403,0.7863397548161121,0.0951683748169839,0.61011927063692,380.3679411402705,449,179,65,7,2,2,0,16.0,683,0.7495621716287215,0.6815286624203821,0.8326848249027238,428,200,86,514,628,13,4
M0704,0,1.0,0,0.0,0.0,0.0,0.0,0.0,0.0,0.0,0.0,0.0,0.0,0.0,0.0,0.0,0.0,0.0,0.0,0.0,0.0,0.0,0.0,0.0,0.0,0.0,0.0,0.0,0.0,0.0,0.0,0.0,0.0,0.0,0.0,0.0,0.0,0.0,0.0,0.0,0.0,0.0,0.0,0.0,0.0,0.0,0.0,0.0,0.0,0.0,0.0,0.0,0.0,0.0,0.0,0.0,0.0,0.0,0.0,0.0,0.0,0.0,0.0,0.0,0.0,0.0,0.0,0.0,0.0,0.0,0.0,0.0,0.0,0.0,0.0,0.0,0.0,0.0,0.0,0.0,0.0,0.0,0.0,0.0,0.0,0.0,0.0,0.0,0.0,0.0,0.0,0.0,0.0,0.0,0.0,0.0,0.0,0.0,0.0,0.0,0.0,0.0,0.0,0.0,0.0,0.0,0.0,0.0,0.0,0.0,0.0,0.0,0.0,0.0,0.0,0.0,0.0,0.0,0.0,0.0,0.0,0.0,0.0,0.0,0.0,0.0,0.0,0.0,0.0,0.0,0.0,0.0,0.0,0.0,0.0,0.0,0.0,0.0,0.0,0.0,0.0,0.0,0.0,1.0,1.0,1.0,1.0,1.0,1.0,1.0,1.0,1.0,1.0,1.0,1.0,1.0,1.0,1.0,1.0,1.0,1.0,1.0,1.0,0.0,0.0,0.0,0.0,0.0,0.0,0.0,0.0,0.0,0.0,0.0,0.0,0.0,0.0,0.0,0.0,0.0,0.0,0.0,0.0,0.0,0.0,0.0,0.0,0.0,0.0,0.0,0.0,0.0,0.0,0.0,0.0,0.0,0.0,0.0,0.0,0.0,0.0,0.0,0.0,0.0,0.0,0.0,0.0,0.0,0.0,0.0,0.0,0.0,0.0,0.0,0.0,0.0,0.0,0.0,0.0,0.0,0.0,0.0,0.0,94.0,94.0,94.0,94.0,94.0,94.0,94.0,94.0,94.0,94.0,94.0,94.0,94.0,94.0,94.0,94.0,94.0,94.0,94.0,94.0,0,0,0,0,0,0,0,1.0,0,0,0,0,0,0,0,94,0,0,0,0,0,0,0,0,0,0,0,94,94,0,6,0
M0801,0.5640988334331362,0.9178485360939338,0.5177572884788998,0.5640988334331362,0.5640988334331362,0.5640988334331362,0.5640988334331362,0.5640988334331362,0.5640988334331362,0.5640988334331362,0.5640988334331362,0.5640988334331362,0.5640988334331362,0.5640988334331362,0.5640988334331362,0.5640988334331362,0.5640988334331362,0.5640988334331362,0.5640988334331362,0.5640988334331362,0.3527707452021213,0.04644808472277724,0.5257315262256954,0.5531914893617021,0.5531914893617021,0.5531914893617021,0.5531914893617021,0.5531914893617021,0.5531914893617021,0.5531914893617021,0.5531914893617021,0.5531914893617021,0.5531914893617021,0.5531914893617021,0.5531914893617021,0.5531914893617021,0.5531914893617021,0.5531914893617021,0.5531914893617021,0.5531914893617021,0.34686346863468637,0.045845272206303724,0.5156296873678908,0.5752212389380531,0.5752212389380531,0.5752212389380531,0.5752212389380531,0.5752212389380531,0.5752212389380531,0.5752212389380531,0.5752212389380531,0.5752212389380531,0.5752212389380531,0.5752212389380531,0.5752212389380531,0.5752212389380531,0.5752212389380531,0.5752212389380531,0.5752212389380531,0.5752212389380531,0.35877862595419846,0.047058823529411764,0.5360315006016059,1.0,1.0,1.0,1.0,1.0,1.0,1.0,1.0,1.0,1.0,1.0,1.0,1.0,1.0,1.0,1.0,1.0,0.7230769230769231,0.12307692307692308,0.9392712550607287,0.5531914893617021,0.5531914893617021,0.5531914893617021,0.5531914893617021,0.5531914893617021,0.5531914893617021,0.5531914893617021,0.5531914893617021,0.5531914893617021,0.5531914893617021,0.5531914893617021,0.5531914893617021,0.5531914893617021,0.5531914893617021,0.5531914893617021,0.5531914893617021,0.5531914893617021,0.4,0.06808510638297872,0.5195968645016797,1.0,1.0,1.0,1.0,1.0,1.0,1.0,1.0,1.0,1.0,1.0,1.0,1.0,1.0,1.0,1.0,1.0,0.723076923076923,0.12307692307692308,0.9392712550607287,0.5752212389380531,0.5752212389380531,0.5752212389380531,0.5752212389380531,0.5752212389380531,0.5752212389380531,0.5752212389380531,0.5752212389380531,0.5752212389380531,0.5752212389380531,0.5752212389380531,0.5752212389380531,0.5752212389380531,0.5752212389380531,0.5752212389380531,0.5752212389380531,0.5752212389380531,0.41592920353982304,0.07079646017699115,0.5402887750349324,0.9178485360939338,0.9178485360939338,0.9178485360939338,0.9178485360939338,0.9178485360939338,0.9178485360939338,0.9178485360939338,0.9178485360939338,0.9178485360939338,0.9178485360939338,0.9178485360939338,0.9178485360939338,0.9178485360939338,0.9178485360939338,0.9178485360939338,0.9178485360939338,0.9178485360939338,0.9329304534785335,0.9579192009978295,0.9207513035828019,0.7584334110111798,0.7584334110111798,0.7584334110111798,0.7584334110111798,0.7584334110111798,0.7584334110111798,0.7584334110111798,0.7584334110111798,0.7584334110111798,0.7584334110111798,0.7584334110111798,0.7584334110111798,0.7584334110111798,0.7584334110111798,0.7584334110111798,0.7584334110111798,0.7584334110111798,0.509337358654093,0.07610423906471905,0.7094110307846773,130.0,130.0,130.0,130.0,130.0,130.0,130.0,130.0,130.0,130.0,130.0,130.0,130.0,130.0,130.0,130.0,130.0,94.0,16.0,122.10526315789474,0.0,0.0,0.0,0.0,0.0,0.0,0.0,0.0,0.0,0.0,0.0,0.0,0.0,0.0,0.0,0.0,0.0,36.0,114.0,7.894736842105263,105.0,105.0,105.0,105.0,105.0,105.0,105.0,105.0,105.0,105.0,105.0,105.0,105.0,105.0,105.0,105.0,105.0,141.0,219.0,112.89473684210526,0.19230769230769232,0.9178485360939338,0.19230769230769232,1.0,0.5531914893617021,1.0,0.0,0.0,0.11015622840162612,0.7123287671232876,0.3523489932885906,0.19230769230769232,119.3203096922114,130,0,105,0,1,0,0,0.0,298,0.7123287671232876,1.0,0.5531914893617021,130,0,105,235,130,4,1
M0802,0,1.0,0,0.0,0.0,0.0,0.0,0.0,0.0,0.0,0.0,0.0,0.0,0.0,0.0,0.0,0.0,0.0,0.0,0.0,0.0,0.0,0.0,0.0,0.0,0.0,0.0,0.0,0.0,0.0,0.0,0.0,0.0,0.0,0.0,0.0,0.0,0.0,0.0,0.0,0.0,0.0,0.0,0.0,0.0,0.0,0.0,0.0,0.0,0.0,0.0,0.0,0.0,0.0,0.0,0.0,0.0,0.0,0.0,0.0,0.0,0.0,0.0,0.0,0.0,0.0,0.0,0.0,0.0,0.0,0.0,0.0,0.0,0.0,0.0,0.0,0.0,0.0,0.0,0.0,0.0,0.0,0.0,0.0,0.0,0.0,0.0,0.0,0.0,0.0,0.0,0.0,0.0,0.0,0.0,0.0,0.0,0.0,0.0,0.0,0.0,0.0,0.0,0.0,0.0,0.0,0.0,0.0,0.0,0.0,0.0,0.0,0.0,0.0,0.0,0.0,0.0,0.0,0.0,0.0,0.0,0.0,0.0,0.0,0.0,0.0,0.0,0.0,0.0,0.0,0.0,0.0,0.0,0.0,0.0,0.0,0.0,0.0,0.0,0.0,0.0,0.0,0.0,1.0,1.0,1.0,1.0,1.0,1.0,1.0,1.0,1.0,1.0,1.0,1.0,1.0,1.0,1.0,1.0,1.0,1.0,1.0,1.0,0.0,0.0,0.0,0.0,0.0,0.0,0.0,0.0,0.0,0.0,0.0,0.0,0.0,0.0,0.0,0.0,0.0,0.0,0.0,0.0,0.0,0.0,0.0,0.0,0.0,0.0,0.0,0.0,0.0,0.0,0.0,0.0,0.0,0.0,0.0,0.0,0.0,0.0,0.0,0.0,0.0,0.0,0.0,0.0,0.0,0.0,0.0,0.0,0.0,0.0,0.0,0.0,0.0,0.0,0.0,0.0,0.0,0.0,0.0,0.0,1.0,1.0,1.0,1.0,1.0,1.0,1.0,1.0,1.0,1.0,1.0,1.0,1.0,1.0,1.0,1.0,1.0,1.0,1.0,1.0,0,0,0,0,0,0,0,1.0,0,0,0,0,0,0,0,1,0,0,0,0,0,0,0,0,0,0,0,1,1,0,1,0
M0901,0,1.0,0,0.0,0.0,0.0,0.0,0.0,0.0,0.0,0.0,0.0,0.0,0.0,0.0,0.0,0.0,0.0,0.0,0.0,0.0,0.0,0.0,0.0,0.0,0.0,0.0,0.0,0.0,0.0,0.0,0.0,0.0,0.0,0.0,0.0,0.0,0.0,0.0,0.0,0.0,0.0,0.0,0.0,0.0,0.0,0.0,0.0,0.0,0.0,0.0,0.0,0.0,0.0,0.0,0.0,0.0,0.0,0.0,0.0,0.0,0.0,0.0,0.0,0.0,0.0,0.0,0.0,0.0,0.0,0.0,0.0,0.0,0.0,0.0,0.0,0.0,0.0,0.0,0.0,0.0,0.0,0.0,0.0,0.0,0.0,0.0,0.0,0.0,0.0,0.0,0.0,0.0,0.0,0.0,0.0,0.0,0.0,0.0,0.0,0.0,0.0,0.0,0.0,0.0,0.0,0.0,0.0,0.0,0.0,0.0,0.0,0.0,0.0,0.0,0.0,0.0,0.0,0.0,0.0,0.0,0.0,0.0,0.0,0.0,0.0,0.0,0.0,0.0,0.0,0.0,0.0,0.0,0.0,0.0,0.0,0.0,0.0,0.0,0.0,0.0,0.0,0.0,1.0,1.0,1.0,1.0,1.0,1.0,1.0,1.0,1.0,1.0,1.0,1.0,1.0,1.0,1.0,1.0,1.0,1.0,1.0,1.0,0.0,0.0,0.0,0.0,0.0,0.0,0.0,0.0,0.0,0.0,0.0,0.0,0.0,0.0,0.0,0.0,0.0,0.0,0.0,0.0,0.0,0.0,0.0,0.0,0.0,0.0,0.0,0.0,0.0,0.0,0.0,0.0,0.0,0.0,0.0,0.0,0.0,0.0,0.0,0.0,0.0,0.0,0.0,0.0,0.0,0.0,0.0,0.0,0.0,0.0,0.0,0.0,0.0,0.0,0.0,0.0,0.0,0.0,0.0,0.0,630.0,630.0,630.0,630.0,630.0,630.0,630.0,630.0,630.0,630.0,630.0,630.0,630.0,630.0,630.0,630.0,630.0,630.0,630.0,630.0,0,0,0,0,0,0,0,1.0,0,0,0,0,0,0,0,630,0,0,0,0,0,0,0,0,0,0,0,630,630,0,5,0
M0902,0,1.0,0,0.0,0.0,0.0,0.0,0.0,0.0,0.0,0.0,0.0,0.0,0.0,0.0,0.0,0.0,0.0,0.0,0.0,0.0,0.0,0.0,0.0,0.0,0.0,0.0,0.0,0.0,0.0,0.0,0.0,0.0,0.0,0.0,0.0,0.0,0.0,0.0,0.0,0.0,0.0,0.0,0.0,0.0,0.0,0.0,0.0,0.0,0.0,0.0,0.0,0.0,0.0,0.0,0.0,0.0,0.0,0.0,0.0,0.0,0.0,0.0,0.0,0.0,0.0,0.0,0.0,0.0,0.0,0.0,0.0,0.0,0.0,0.0,0.0,0.0,0.0,0.0,0.0,0.0,0.0,0.0,0.0,0.0,0.0,0.0,0.0,0.0,0.0,0.0,0.0,0.0,0.0,0.0,0.0,0.0,0.0,0.0,0.0,0.0,0.0,0.0,0.0,0.0,0.0,0.0,0.0,0.0,0.0,0.0,0.0,0.0,0.0,0.0,0.0,0.0,0.0,0.0,0.0,0.0,0.0,0.0,0.0,0.0,0.0,0.0,0.0,0.0,0.0,0.0,0.0,0.0,0.0,0.0,0.0,0.0,0.0,0.0,0.0,0.0,0.0,0.0,1.0,1.0,1.0,1.0,1.0,1.0,1.0,1.0,1.0,1.0,1.0,1.0,1.0,1.0,1.0,1.0,1.0,1.0,1.0,1.0,0.0,0.0,0.0,0.0,0.0,0.0,0.0,0.0,0.0,0.0,0.0,0.0,0.0,0.0,0.0,0.0,0.0,0.0,0.0,0.0,0.0,0.0,0.0,0.0,0.0,0.0,0.0,0.0,0.0,0.0,0.0,0.0,0.0,0.0,0.0,0.0,0.0,0.0,0.0,0.0,0.0,0.0,0.0,0.0,0.0,0.0,0.0,0.0,0.0,0.0,0.0,0.0,0.0,0.0,0.0,0.0,0.0,0.0,0.0,0.0,0.0,0.0,0.0,0.0,0.0,0.0,0.0,0.0,0.0,0.0,0.0,0.0,0.0,0.0,0.0,0.0,0.0,0.0,0.0,0.0,0,0,0,0,0,0,0,1.0,0,0,0,0,0,0,0,0,0,0,0,0,0,0,0,0,0,0,0,0,0,0,0,0
M1001,0.8364504697160297,0.8211808954574621,0.686877145727224,0.8364504697160297,0.8364504697160297,0.8364504697160297,0.8364504697160297,0.8364504697160297,0.8364504697160297,0.8364504697160297,0.8364504697160297,0.8364504697160297,0.8364504697160297,0.8359873993192573,0.8353777465259423,0.8271254474648423,0.791878344168792,0.6678440058534336,0.42633079113026834,0.19663427096862865,0.10819943679226006,0.039536927110569685,0.6891273192891731,0.7661585365853658,0.7661585365853658,0.7661585365853658,0.7661585365853658,0.7661585365853658,0.7661585365853658,0.7661585365853658,0.7661585365853658,0.7661585365853658,0.7661585365853658,0.7656202377323986,0.7650822669104205,0.7565191024863553,0.723081499107674,0.6114047287899861,0.3809296781883194,0.15698022768124625,0.05499908941904935,0.011524358302776323,0.6256698186564149,0.9131914021429314,0.9131914021429314,0.9131914021429314,0.9131914021429314,0.9131914021429314,0.9131914021429314,0.9131914021429314,0.9131914021429314,0.9131914021429314,0.9131914021429314,0.9128219153277498,0.9121319491678532,0.9043215215523983,0.8672207942498203,0.7294932393425514,0.4771430368203162,0.2463051372168651,0.21286021724765922,0.1356404030730213,0.7647290650225026,0.9870384917517675,0.9870384917517675,0.9870384917517675,0.9870384917517675,0.9870384917517675,0.9870384917517675,0.9870384917517675,0.9870384917517675,0.9870384917517675,0.9870384917517675,0.9866457187745483,0.9862529457973291,0.9799685781618225,0.9548311076197957,0.8633150039277298,0.6276512175962293,0.3087195600942655,0.11861743912018853,0.025923016496465043,0.8274899739529499,0.7739451801663073,0.7739451801663073,0.7739451801663073,0.7739451801663073,0.7739451801663073,0.7739451801663073,0.7739451801663073,0.7739451801663073,0.7739451801663073,0.7739451801663073,0.7736372035725285,0.7733292269787496,0.7684016014782876,0.7486910994764397,0.6769325531259625,0.49214659685863876,0.24206960271019404,0.09300893132121958,0.020326455189405606,0.6488418459144473,0.9889522195565572,0.9889522195565572,0.9889522195565572,0.9889522195565572,0.9889522195565572,0.9889522195565572,0.9889522195565572,0.9889522195565572,0.9889522195565572,0.9889522195565572,0.9887368937099362,0.9883393102484439,0.9837078061652661,0.9619224076442005,0.8766793894969431,0.6735342809741376,0.43067912006059367,0.4294628453255063,0.3460805659103084,0.8720349902684689,0.9217744343028544,0.9217744343028544,0.9217744343028544,0.9217744343028544,0.9217744343028544,0.9217744343028544,0.9217744343028544,0.9217744343028544,0.9217744343028544,0.9217744343028544,0.9214497871287739,0.9210882119426981,0.9158419772538341,0.8938370416341399,0.8093880238354537,0.6141837731972315,0.33928110257238586,0.24504717424372835,0.1745516204764675,0.7922322660691188,0.8211808954574621,0.8211808954574621,0.8211808954574621,0.8211808954574621,0.8211808954574621,0.8211808954574621,0.8211808954574621,0.8211808954574621,0.8211808954574621,0.8211808954574621,0.8212911524028386,0.8213820471373294,0.8225792693577706,0.826378089090036,0.836469456291189,0.8586569441600499,0.8944010747479957,0.9304068443323112,0.9600881547416218,0.8412348414124086,0.9493972109985581,0.9493972109985581,0.9493972109985581,0.9493972109985581,0.9493972109985581,0.9493972109985581,0.9493972109985581,0.9493972109985581,0.9493972109985581,0.9493972109985581,0.9490162457838683,0.9484686720301598,0.9413855085334805,0.9099721927204562,0.7935883434049842,0.5472471178798788,0.2757520872279089,0.1588991310878833,0.05929762563922015,0.79355784391018,2513.0,2513.0,2513.0,2513.0,2513.0,2513.0,2513.0,2513.0,2513.0,2513.0,2512.0,2511.0,2495.0,2431.0,2198.0,1598.0,786.0,302.0,66.0,2106.7894736842104,33.0,33.0,33.0,33.0,33.0,33.0,33.0,33.0,33.0,33.0,34.0,35.0,51.0,115.0,348.0,948.0,1760.0,2244.0,2480.0,439.2105263157895,734.0,734.0,734.0,734.0,734.0,734.0,734.0,734.0,734.0,734.0,735.0,736.0,752.0,816.0,1049.0,1649.0,2461.0,2945.0,3181.0,1140.2105263157894,0.6979575805184604,0.8211808954574621,0.6987431264728987,0.9870384917517675,0.7739451801663073,0.875,0.125,0.0,0.5214562412743922,0.8675988261695149,0.39483593329747174,0.6986248900252694,2063.6275902846023,2513,33,734,2,7,1,0,3.0,1859,0.8672535819092008,0.9866457187745483,0.7736372035725285,2512,34,735,3247,2546,21,8
M1002,0.8372822203751712,0.7897998226953385,0.6612853491982695,0.8372822203751712,0.8372822203751712,0.8372822203751712,0.8372822203751712,0.8372822203751712,0.8369554918424925,0.835993461976698,0.8293699833945765,0.8229578773754538,0.8116975983703869,0.8079020995358955,0.805628056089051,0.7821204015504487,0.69537578017246,0.551329162802599,0.36625697801856155,0.15981444600366249,0.03796662844582935,0.0024425385968222376,0.6595906108447787,0.8657439446366783,0.8657439446366783,0.8657439446366783,0.8657439446366783,0.8657439446366783,0.8644536652835408,0.8605935127674258,0.8491083676268861,0.8377641445126107,0.8253215978334462,0.816711590296496,0.8106111484217595,0.7807133421400264,0.6913425345043914,0.5335608646188851,0.3366385721368369,0.13039832285115305,0.029793735676088617,0.0014858841010401188,0.6682745792607357,0.8097561881886206,0.8097561881886206,0.8097561881886206,0.8097561881886206,0.8097561881886206,0.8103320321923169,0.8120966032155735,0.8100904379005908,0.8084132895521859,0.7982984971310707,0.7991876326838365,0.8006755964576624,0.7835299968675573,0.6994325555234384,0.5696891693391565,0.39848129433237417,0.19586645436085615,0.048381474925298686,0.00401511449835835,0.6519616363117567,0.9178283198826119,0.9178283198826119,0.9178283198826119,0.9178283198826119,0.9178283198826119,0.917094644167278,0.9148936170212766,0.9082905355832722,0.9016874541452677,0.8943506969919296,0.8892149669845928,0.8855465884079237,0.8672046955245781,0.8085106382978723,0.6881878209831255,0.49816581071166544,0.22817314746881878,0.05722670579603815,0.00293470286133529,0.7395065065451597,0.9384846211552889,0.9384846211552889,0.9384846211552889,0.9384846211552889,0.9384846211552889,0.9377344336084021,0.9354838709677419,0.9287321830457614,0.921980495123781,0.9144786196549137,0.9092273068267067,0.905476369092273,0.886721680420105,0.8267066766691673,0.7036759189797449,0.5093773443360841,0.23330832708177043,0.058514628657164294,0.003000750187546887,0.7561495637067162,0.85212082805794,0.85212082805794,0.85212082805794,0.85212082805794,0.85212082805794,0.8527304750309453,0.8545951680304918,0.8551360544455481,0.8559032994806134,0.8508396177361383,0.8529718743129489,0.8551383302337537,0.8458099286638817,0.7915898417356001,0.6826385566239598,0.5204841003694339,0.2942123565102213,0.08441346743349308,0.007389506900201714,0.7086556167261543,0.9501886274475749,0.9501886274475749,0.9501886274475749,0.9501886274475749,0.9501886274475749,0.9498942328949875,0.9494456296789444,0.9468121631717215,0.9460414514394213,0.9392285103562363,0.9379099048948223,0.9393300571182852,0.9222863822368252,0.8640210710822991,0.7659751559108334,0.6035318429541396,0.348309942007452,0.10086672883050476,0.008700915622723442,0.7880682697598459,0.7897998226953385,0.7897998226953385,0.7897998226953385,0.7897998226953385,0.7897998226953385,0.7901965134429071,0.7913409501077294,0.7943936818797693,0.7971845655822848,0.7998026265358343,0.8014098662584038,0.8024195027770218,0.8060263827059517,0.8151056087653298,0.8307426559723426,0.8512584727625275,0.8851377284357406,0.9180750863537404,0.9632563292046539,0.8208078465400489,0.8621004359816261,0.8621004359816261,0.8621004359816261,0.8621004359816261,0.8621004359816261,0.8620621594297943,0.8619640356108766,0.8577863823304815,0.853777559410829,0.8449608377414796,0.8430003584883298,0.8420424828145919,0.8243063097950323,0.7519964507313629,0.6261414760940222,0.44554433791096587,0.21140356045978576,0.05261855596202222,0.0034326619418348,0.6942915446647127,1251.0,1251.0,1251.0,1251.0,1251.0,1250.0,1247.0,1238.0,1229.0,1219.0,1212.0,1207.0,1182.0,1102.0,938.0,679.0,311.0,78.0,4.0,1007.9473684210526,112.0,112.0,112.0,112.0,112.0,113.0,116.0,125.0,134.0,144.0,151.0,156.0,181.0,261.0,425.0,684.0,1052.0,1285.0,1359.0,355.05263157894734,82.0,82.0,82.0,82.0,82.0,83.0,86.0,95.0,104.0,114.0,121.0,126.0,151.0,231.0,395.0,654.0,1022.0,1255.0,1329.0,325.05263157894734,0.8063096111518708,0.7985545642674914,0.8107116654438739,0.8943506969919296,0.9144786196549137,1.0,0.0,0.0,0.6261467452986589,0.9043026706231454,0.17272727272727273,0.8101407547686107,973.438013842072,1219,144,114,6,3,0,0,2.0,660,0.8775964391691394,0.8679383712399119,0.8874718679669917,1183,180,150,1333,1363,8,3
M1003,0.11761685724738377,0.826113914781474,0.09716492238492999,0.11761685724738377,0.11761685724738377,0.11761685724738377,0.11761685724738377,0.11761685724738377,0.11761685724738377,0.11761685724738377,0.11761685724738377,0.11761685724738377,0.11761685724738377,0.11761685724738377,0.11761685724738377,0.11344129362096686,0.11344129362096686,0.10930285498656614,0.08522112573974255,0.040571577518150964,0.003240576132322154,0.0,0.09876952676775372,0.0631163708086785,0.0631163708086785,0.0631163708086785,0.0631163708086785,0.0631163708086785,0.0631163708086785,0.0631163708086785,0.0631163708086785,0.0631163708086785,0.0631163708086785,0.0631163708086785,0.0631163708086785,0.0610236220472441,0.0610236220472441,0.05893909626719057,0.04660194174757282,0.022770398481973434,0.0018587360594795538,0.0,0.05313757191341298,0.2191780821917808,0.2191780821917808,0.2191780821917808,0.2191780821917808,0.2191780821917808,0.2191780821917808,0.2191780821917808,0.2191780821917808,0.2191780821917808,0.2191780821917808,0.2191780821917808,0.2191780821917808,0.2108843537414966,0.2108843537414966,0.20270270270270271,0.15584415584415584,0.07228915662650602,0.005649717514124294,0.0,0.1835995487616764,0.2191780821917808,0.2191780821917808,0.2191780821917808,0.2191780821917808,0.2191780821917808,0.2191780821917808,0.2191780821917808,0.2191780821917808,0.2191780821917808,0.2191780821917808,0.2191780821917808,0.2191780821917808,0.21232876712328766,0.21232876712328766,0.2054794520547945,0.1643835616438356,0.0821917808219178,0.00684931506849315,0.0,0.18493150684931503,0.08142493638676845,0.08142493638676845,0.08142493638676845,0.08142493638676845,0.08142493638676845,0.08142493638676845,0.08142493638676845,0.08142493638676845,0.08142493638676845,0.08142493638676845,0.08142493638676845,0.08142493638676845,0.07888040712468193,0.07888040712468193,0.07633587786259542,0.061068702290076333,0.030534351145038167,0.002544529262086514,0.0,0.06870229007633588,0.2191780821917808,0.2191780821917808,0.2191780821917808,0.2191780821917808,0.2191780821917808,0.2191780821917808,0.2191780821917808,0.2191780821917808,0.2191780821917808,0.2191780821917808,0.2191780821917808,0.2191780821917808,0.21232876712328766,0.21232876712328766,0.2054794520547945,0.1643835616438356,0.0821917808219178,0.00684931506849315,0.0,0.18493150684931503,1.0,1.0,1.0,1.0,1.0,1.0,1.0,1.0,1.0,1.0,1.0,1.0,0.96875,0.96875,0.9375,0.75,0.375,0.03125,0.0,0.84375,0.826113914781474,0.826113914781474,0.826113914781474,0.826113914781474,0.826113914781474,0.826113914781474,0.826113914781474,0.826113914781474,0.826113914781474,0.826113914781474,0.826113914781474,0.826113914781474,0.8332620367096554,0.8332620367096554,0.8368472943926407,0.8501787104188749,0.8753825922381107,0.9251782201405153,1.0,0.84565672989406,0.2191780821917808,0.2191780821917808,0.2191780821917808,0.2191780821917808,0.2191780821917808,0.2191780821917808,0.2191780821917808,0.2191780821917808,0.2191780821917808,0.2191780821917808,0.2191780821917808,0.2191780821917808,0.21160532799417706,0.21160532799417706,0.20408635496126945,0.16005691924762053,0.07708160946196616,0.006220666789197215,0.0,0.18425227330261984,32.0,32.0,32.0,32.0,32.0,32.0,32.0,32.0,32.0,32.0,32.0,32.0,31.0,31.0,30.0,24.0,12.0,1.0,0.0,27.0,114.0,114.0,114.0,114.0,114.0,114.0,114.0,114.0,114.0,114.0,114.0,114.0,115.0,115.0,116.0,122.0,134.0,145.0,146.0,119.0,361.0,361.0,361.0,361.0,361.0,361.0,361.0,361.0,361.0,361.0,361.0,361.0,362.0,362.0,363.0,369.0,381.0,392.0,393.0,366.0,-2.2534246575342465,0.826113914781474,-2.2534246575342465,0.2191780821917808,0.08142493638676845,0.0,1.0,0.0,-2.2915366762122797,0.11873840445269017,0.26820208023774145,-2.2534246575342465,26.435645273007168,32,114,361,0,0,1,0,0.0,1346,0.11873840445269017,0.2191780821917808,0.08142493638676845,32,114,361,393,146,14,1
M1004,0.15555555555555556,0.7101109223739189,0.11046169903594294,0.15555555555555556,0.15555555555555556,0.15555555555555556,0.15555555555555556,0.15555555555555556,0.15555555555555556,0.15555555555555556,0.15555555555555556,0.15555555555555556,0.15555555555555556,0.15555555555555556,0.15555555555555556,0.10638297872340426,0.10638297872340426,0.061224489795918366,0.0,0.0,0.0,0.0,0.11266616388996809,0.15555555555555556,0.15555555555555556,0.15555555555555556,0.15555555555555556,0.15555555555555556,0.15555555555555556,0.15555555555555556,0.15555555555555556,0.15555555555555556,0.15555555555555556,0.15555555555555556,0.15555555555555556,0.10638297872340426,0.10638297872340426,0.061224489795918366,0.0,0.0,0.0,0.0,0.11266616388996809,0.15555555555555559,0.15555555555555559,0.15555555555555559,0.15555555555555559,0.15555555555555559,0.15555555555555559,0.15555555555555559,0.15555555555555559,0.15555555555555559,0.15555555555555559,0.15555555555555559,0.15555555555555559,0.10638297872340426,0.10638297872340426,0.06122448979591836,0.0,0.0,0.0,0.0,0.1126661638899681,0.15555555555555556,0.15555555555555556,0.15555555555555556,0.15555555555555556,0.15555555555555556,0.15555555555555556,0.15555555555555556,0.15555555555555556,0.15555555555555556,0.15555555555555556,0.15555555555555556,0.15555555555555556,0.1111111111111111,0.1111111111111111,0.06666666666666667,0.0,0.0,0.0,0.0,0.11345029239766082,1.0,1.0,1.0,1.0,1.0,1.0,1.0,1.0,1.0,1.0,1.0,1.0,0.7142857142857143,0.7142857142857143,0.42857142857142855,0.0,0.0,0.0,0.0,0.7293233082706767,0.15555555555555559,0.15555555555555559,0.15555555555555559,0.15555555555555559,0.15555555555555559,0.15555555555555559,0.15555555555555559,0.15555555555555559,0.15555555555555559,0.15555555555555559,0.15555555555555559,0.15555555555555559,0.11111111111111112,0.11111111111111112,0.06666666666666667,0.0,0.0,0.0,0.0,0.11345029239766084,1.0,1.0,1.0,1.0,1.0,1.0,1.0,1.0,1.0,1.0,1.0,1.0,0.7142857142857143,0.7142857142857143,0.42857142857142855,0.0,0.0,0.0,0.0,0.7293233082706767,0.7101109223739189,0.7101109223739189,0.7101109223739189,0.7101109223739189,0.7101109223739189,0.7101109223739189,0.7101109223739189,0.7101109223739189,0.7101109223739189,0.7101109223739189,0.7101109223739189,0.7101109223739189,0.7477560102291624,0.7477560102291624,0.7653525113446878,1.0,1.0,1.0,1.0,0.7780102947521074,0.15555555555555556,0.15555555555555556,0.15555555555555556,0.15555555555555556,0.15555555555555556,0.15555555555555556,0.15555555555555556,0.15555555555555556,0.15555555555555556,0.15555555555555556,0.15555555555555556,0.15555555555555556,0.10872134550890704,0.10872134550890704,0.06388765649999399,0.0,0.0,0.0,0.0,0.11305247443076184,7.0,7.0,7.0,7.0,7.0,7.0,7.0,7.0,7.0,7.0,7.0,7.0,5.0,5.0,3.0,0.0,0.0,0.0,0.0,5.105263157894737,38.0,38.0,38.0,38.0,38.0,38.0,38.0,38.0,38.0,38.0,38.0,38.0,40.0,40.0,42.0,45.0,45.0,45.0,45.0,39.89473684210526,0.0,0.0,0.0,0.0,0.0,0.0,0.0,0.0,0.0,0.0,0.0,0.0,2.0,2.0,4.0,7.0,7.0,7.0,7.0,1.894736842105263,0.15555555555555556,0.7101109223739189,0.15555555555555556,0.15555555555555556,1.0,0.0,0.0,1.0,0.11046169903594295,0.2692307692307692,0.0,0.15555555555555556,4.970776456617433,7,38,0,0,0,0,1,0.0,269,0.2692307692307692,0.15555555555555556,1.0,7,38,0,7,45,1,1
M1005,0,1.0,0,0.0,0.0,0.0,0.0,0.0,0.0,0.0,0.0,0.0,0.0,0.0,0.0,0.0,0.0,0.0,0.0,0.0,0.0,0.0,0.0,0.0,0.0,0.0,0.0,0.0,0.0,0.0,0.0,0.0,0.0,0.0,0.0,0.0,0.0,0.0,0.0,0.0,0.0,0.0,0.0,0.0,0.0,0.0,0.0,0.0,0.0,0.0,0.0,0.0,0.0,0.0,0.0,0.0,0.0,0.0,0.0,0.0,0.0,0.0,0.0,0.0,0.0,0.0,0.0,0.0,0.0,0.0,0.0,0.0,0.0,0.0,0.0,0.0,0.0,0.0,0.0,0.0,0.0,0.0,0.0,0.0,0.0,0.0,0.0,0.0,0.0,0.0,0.0,0.0,0.0,0.0,0.0,0.0,0.0,0.0,0.0,0.0,0.0,0.0,0.0,0.0,0.0,0.0,0.0,0.0,0.0,0.0,0.0,0.0,0.0,0.0,0.0,0.0,0.0,0.0,0.0,0.0,0.0,0.0,0.0,0.0,0.0,0.0,0.0,0.0,0.0,0.0,0.0,0.0,0.0,0.0,0.0,0.0,0.0,0.0,0.0,0.0,0.0,0.0,0.0,1.0,1.0,1.0,1.0,1.0,1.0,1.0,1.0,1.0,1.0,1.0,1.0,1.0,1.0,1.0,1.0,1.0,1.0,1.0,1.0,0.0,0.0,0.0,0.0,0.0,0.0,0.0,0.0,0.0,0.0,0.0,0.0,0.0,0.0,0.0,0.0,0.0,0.0,0.0,0.0,0.0,0.0,0.0,0.0,0.0,0.0,0.0,0.0,0.0,0.0,0.0,0.0,0.0,0.0,0.0,0.0,0.0,0.0,0.0,0.0,0.0,0.0,0.0,0.0,0.0,0.0,0.0,0.0,0.0,0.0,0.0,0.0,0.0,0.0,0.0,0.0,0.0,0.0,0.0,0.0,0.0,0.0,0.0,0.0,0.0,0.0,0.0,0.0,0.0,0.0,0.0,0.0,0.0,0.0,0.0,0.0,0.0,0.0,0.0,0.0,0,0,0,0,0,0,0,1.0,0,0,0,0,0,0,0,0,0,0,0,0,0,0,0,0,0,0,0,0,0,0,0,0
M1006,0.6926351116430226,0.8904927159063006,0.6167865216990589,0.6926351116430226,0.6926351116430226,0.6926351116430226,0.6926351116430226,0.6926351116430226,0.6926351116430226,0.6926351116430226,0.6926351116430226,0.6920990479031773,0.6910437141858984,0.6885013217795359,0.6851639935537643,0.6851639935537643,0.6827956251350563,0.6776104828713102,0.6623604400968989,0.5610540684001077,0.33998743284627964,0.06746635500958482,0.6302277562357661,0.71,0.71,0.71,0.71,0.71,0.71,0.71,0.71,0.7081021087680355,0.7043189368770764,0.6949339207048458,0.6819672131147541,0.6819672131147541,0.6728260869565217,0.6601941747572816,0.6337579617834395,0.5283018867924528,0.3142613151152861,0.048365122615803814,0.632052417926329,0.675694926592595,0.675694926592595,0.675694926592595,0.675694926592595,0.675694926592595,0.675694926592595,0.675694926592595,0.675694926592595,0.6764576551563395,0.6780187070267375,0.6821282656793798,0.6883757591782479,0.6883757591782479,0.6929128860214647,0.6954862433705924,0.6922537925531772,0.595836728086449,0.3678195467711291,0.0941113929232966,0.6293334815097801,0.8753424657534247,0.8753424657534247,0.8753424657534247,0.8753424657534247,0.8753424657534247,0.8753424657534247,0.8753424657534247,0.8753424657534247,0.873972602739726,0.8712328767123287,0.8643835616438356,0.8547945205479452,0.8547945205479452,0.8479452054794521,0.8383561643835616,0.8178082191780822,0.7287671232876712,0.5041095890410959,0.09726027397260274,0.7976928622927182,0.7898640296662547,0.7898640296662547,0.7898640296662547,0.7898640296662547,0.7898640296662547,0.7898640296662547,0.7898640296662547,0.7898640296662547,0.788627935723115,0.7861557478368356,0.7799752781211372,0.7713226205191595,0.7713226205191595,0.765142150803461,0.7564894932014833,0.7379480840543882,0.657601977750309,0.45488257107540175,0.08776266996291718,0.7197970203630213,0.6823178531890044,0.6823178531890044,0.6823178531890044,0.6823178531890044,0.6823178531890044,0.6823178531890044,0.6823178531890044,0.6823178531890044,0.6831012365322384,0.6846996454586183,0.6888825876624772,0.6951973793959033,0.6951973793959033,0.6997953872239577,0.703560903789681,0.7057054376815134,0.6465097809998539,0.46397582603582455,0.1453371754473497,0.645816082375545,0.9848497328136103,0.9848497328136103,0.9848497328136103,0.9848497328136103,0.9848497328136103,0.9848497328136103,0.9848497328136103,0.9848497328136103,0.9835399160617305,0.9811498222644727,0.9765305453877842,0.9733908691423397,0.9733908691423397,0.9717604895688673,0.9664794419333264,0.9592593482822005,0.8803224469713619,0.6301323733792448,0.20697289178705888,0.9148277303384006,0.8904927159063006,0.8904927159063006,0.8904927159063006,0.8904927159063006,0.8904927159063006,0.8904927159063006,0.8904927159063006,0.8904927159063006,0.8912573840542407,0.8925788732544708,0.8954652088424795,0.8989476764912513,0.8989476764912513,0.9008055540494421,0.9027536940554013,0.9057134381693381,0.9153756131284133,0.9306354069849219,0.9610398375744217,0.9009190573866336,0.7690672682806371,0.7690672682806371,0.7690672682806371,0.7690672682806371,0.7690672682806371,0.7690672682806371,0.7690672682806371,0.7690672682806371,0.7688988603972554,0.7685780302530629,0.7678674754056685,0.7670852801505177,0.7670852801505177,0.7665195101997281,0.7635870476728257,0.7524166673507355,0.6589584344074366,0.4306058064681386,0.09567287943645834,0.7084112325335495,639.0,639.0,639.0,639.0,639.0,639.0,639.0,639.0,638.0,636.0,631.0,624.0,624.0,619.0,612.0,597.0,532.0,368.0,71.0,582.3157894736842,91.0,91.0,91.0,91.0,91.0,91.0,91.0,91.0,92.0,94.0,99.0,106.0,106.0,111.0,118.0,133.0,198.0,362.0,659.0,147.68421052631578,170.0,170.0,170.0,170.0,170.0,170.0,170.0,170.0,171.0,173.0,178.0,185.0,185.0,190.0,197.0,212.0,277.0,441.0,738.0,226.68421052631578,0.6315068493150685,0.8915607580412862,0.6342465753424658,0.8712328767123287,0.7861557478368356,1.0,0.0,0.0,0.537031016594874,0.8265107212475633,0.2443502824858757,0.6338342054853918,567.032642114258,636,94,173,2,2,0,0,19.0,708,0.7225471085120208,0.7616438356164383,0.6872682323856613,556,174,253,809,730,5,2
M1007,0.0,1.0,0.0,0.0,0.0,0.0,0.0,0.0,0.0,0.0,0.0,0.0,0.0,0.0,0.0,0.0,0.0,0.0,0.0,0.0,0.0,0.0,0.0,0.0,0.0,0.0,0.0,0.0,0.0,0.0,0.0,0.0,0.0,0.0,0.0,0.0,0.0,0.0,0.0,0.0,0.0,0.0,0.0,0.0,0.0,0.0,0.0,0.0,0.0,0.0,0.0,0.0,0.0,0.0,0.0,0.0,0.0,0.0,0.0,0.0,0.0,0.0,0.0,0.0,0.0,0.0,0.0,0.0,0.0,0.0,0.0,0.0,0.0,0.0,0.0,0.0,0.0,0.0,0.0,0.0,0.0,0.0,0.0,0.0,0.0,0.0,0.0,0.0,0.0,0.0,0.0,0.0,0.0,0.0,0.0,0.0,0.0,0.0,0.0,0.0,0.0,0.0,0.0,0.0,0.0,0.0,0.0,0.0,0.0,0.0,0.0,0.0,0.0,0.0,0.0,0.0,0.0,0.0,0.0,0.0,0.0,0.0,0.0,0.0,0.0,0.0,0.0,0.0,0.0,0.0,0.0,0.0,0.0,0.0,0.0,0.0,0.0,0.0,0.0,0.0,0.0,0.0,0.0,1.0,1.0,1.0,1.0,1.0,1.0,1.0,1.0,1.0,1.0,1.0,1.0,1.0,1.0,1.0,1.0,1.0,1.0,1.0,1.0,0.0,0.0,0.0,0.0,0.0,0.0,0.0,0.0,0.0,0.0,0.0,0.0,0.0,0.0,0.0,0.0,0.0,0.0,0.0,0.0,0.0,0.0,0.0,0.0,0.0,0.0,0.0,0.0,0.0,0.0,0.0,0.0,0.0,0.0,0.0,0.0,0.0,0.0,0.0,0.0,2.0,2.0,2.0,2.0,2.0,2.0,2.0,2.0,2.0,2.0,2.0,2.0,2.0,2.0,2.0,2.0,2.0,2.0,2.0,2.0,79.0,79.0,79.0,79.0,79.0,79.0,79.0,79.0,79.0,79.0,79.0,79.0,79.0,79.0,79.0,79.0,79.0,79.0,79.0,79.0,-39.5,0.0,-39.5,0.0,0.0,0.0,0.0,1.0,-39.5,0.0,0.11987860394537178,-39.5,0,0,2,79,0,0,0,1,0.0,659,0.0,0.0,0.0,0,2,79,79,2,6,1
M1008,0,1.0,0,0.0,0.0,0.0,0.0,0.0,0.0,0.0,0.0,0.0,0.0,0.0,0.0,0.0,0.0,0.0,0.0,0.0,0.0,0.0,0.0,0.0,0.0,0.0,0.0,0.0,0.0,0.0,0.0,0.0,0.0,0.0,0.0,0.0,0.0,0.0,0.0,0.0,0.0,0.0,0.0,0.0,0.0,0.0,0.0,0.0,0.0,0.0,0.0,0.0,0.0,0.0,0.0,0.0,0.0,0.0,0.0,0.0,0.0,0.0,0.0,0.0,0.0,0.0,0.0,0.0,0.0,0.0,0.0,0.0,0.0,0.0,0.0,0.0,0.0,0.0,0.0,0.0,0.0,0.0,0.0,0.0,0.0,0.0,0.0,0.0,0.0,0.0,0.0,0.0,0.0,0.0,0.0,0.0,0.0,0.0,0.0,0.0,0.0,0.0,0.0,0.0,0.0,0.0,0.0,0.0,0.0,0.0,0.0,0.0,0.0,0.0,0.0,0.0,0.0,0.0,0.0,0.0,0.0,0.0,0.0,0.0,0.0,0.0,0.0,0.0,0.0,0.0,0.0,0.0,0.0,0.0,0.0,0.0,0.0,0.0,0.0,0.0,0.0,0.0,0.0,1.0,1.0,1.0,1.0,1.0,1.0,1.0,1.0,1.0,1.0,1.0,1.0,1.0,1.0,1.0,1.0,1.0,1.0,1.0,1.0,0.0,0.0,0.0,0.0,0.0,0.0,0.0,0.0,0.0,0.0,0.0,0.0,0.0,0.0,0.0,0.0,0.0,0.0,0.0,0.0,0.0,0.0,0.0,0.0,0.0,0.0,0.0,0.0,0.0,0.0,0.0,0.0,0.0,0.0,0.0,0.0,0.0,0.0,0.0,0.0,0.0,0.0,0.0,0.0,0.0,0.0,0.0,0.0,0.0,0.0,0.0,0.0,0.0,0.0,0.0,0.0,0.0,0.0,0.0,0.0,0.0,0.0,0.0,0.0,0.0,0.0,0.0,0.0,0.0,0.0,0.0,0.0,0.0,0.0,0.0,0.0,0.0,0.0,0.0,0.0,0,0,0,0,0,0,0,1.0,0,0,0,0,0,0,0,0,0,0,0,0,0,0,0,0,0,0,0,0,0,0,0,0
M1009,0,1.0,0,0.0,0.0,0.0,0.0,0.0,0.0,0.0,0.0,0.0,0.0,0.0,0.0,0.0,0.0,0.0,0.0,0.0,0.0,0.0,0.0,0.0,0.0,0.0,0.0,0.0,0.0,0.0,0.0,0.0,0.0,0.0,0.0,0.0,0.0,0.0,0.0,0.0,0.0,0.0,0.0,0.0,0.0,0.0,0.0,0.0,0.0,0.0,0.0,0.0,0.0,0.0,0.0,0.0,0.0,0.0,0.0,0.0,0.0,0.0,0.0,0.0,0.0,0.0,0.0,0.0,0.0,0.0,0.0,0.0,0.0,0.0,0.0,0.0,0.0,0.0,0.0,0.0,0.0,0.0,0.0,0.0,0.0,0.0,0.0,0.0,0.0,0.0,0.0,0.0,0.0,0.0,0.0,0.0,0.0,0.0,0.0,0.0,0.0,0.0,0.0,0.0,0.0,0.0,0.0,0.0,0.0,0.0,0.0,0.0,0.0,0.0,0.0,0.0,0.0,0.0,0.0,0.0,0.0,0.0,0.0,0.0,0.0,0.0,0.0,0.0,0.0,0.0,0.0,0.0,0.0,0.0,0.0,0.0,0.0,0.0,0.0,0.0,0.0,0.0,0.0,1.0,1.0,1.0,1.0,1.0,1.0,1.0,1.0,1.0,1.0,1.0,1.0,1.0,1.0,1.0,1.0,1.0,1.0,1.0,1.0,0.0,0.0,0.0,0.0,0.0,0.0,0.0,0.0,0.0,0.0,0.0,0.0,0.0,0.0,0.0,0.0,0.0,0.0,0.0,0.0,0.0,0.0,0.0,0.0,0.0,0.0,0.0,0.0,0.0,0.0,0.0,0.0,0.0,0.0,0.0,0.0,0.0,0.0,0.0,0.0,0.0,0.0,0.0,0.0,0.0,0.0,0.0,0.0,0.0,0.0,0.0,0.0,0.0,0.0,0.0,0.0,0.0,0.0,0.0,0.0,299.0,299.0,299.0,299.0,299.0,299.0,299.0,299.0,299.0,299.0,299.0,299.0,299.0,299.0,299.0,299.0,299.0,299.0,299.0,299.0,0,0,0,0,0,0,0,1.0,0,0,0,0,0,0,0,299,0,0,0,0,0,0,0,0,0,0,0,299,299,0,13,0
M1101,0.3220946547024017,0.8951037901332566,0.28830814620578227,0.3220946547024017,0.3220946547024017,0.3220946547024017,0.3207140949030669,0.3207140949030669,0.3207140949030669,0.3207140949030669,0.3207140949030669,0.3193364866628059,0.3193364866628059,0.3193364866628059,0.3193364866628059,0.3193364866628059,0.3179618203030459,0.31249238160406323,0.30169182589040183,0.269082646477916,0.16540423179202873,0.025685723769530672,0.29257134219860814,0.257689110556941,0.257689110556941,0.257689110556941,0.25664451827242524,0.25664451827242524,0.25664451827242524,0.25664451827242524,0.25664451827242524,0.2556016597510373,0.2556016597510373,0.2556016597510373,0.2556016597510373,0.2556016597510373,0.25456053067993367,0.25041322314049586,0.24220032840722497,0.2172164119066774,0.13588588588588588,0.02160702228224173,0.23453587495213654,0.4025974025974026,0.4025974025974026,0.4025974025974026,0.40077821011673154,0.40077821011673154,0.40077821011673154,0.40077821011673154,0.40077821011673154,0.39896373056994816,0.39896373056994816,0.39896373056994816,0.39896373056994816,0.39896373056994816,0.39715394566623546,0.38996138996138996,0.37579617834394907,0.3333333333333333,0.20133481646273635,0.030534351145038167,0.3649797855862257,0.9627329192546584,0.9627329192546584,0.9627329192546584,0.9596273291925466,0.9596273291925466,0.9596273291925466,0.9596273291925466,0.9596273291925466,0.9565217391304348,0.9565217391304348,0.9565217391304348,0.9565217391304348,0.9565217391304348,0.953416149068323,0.9409937888198758,0.9161490683229814,0.8385093167701864,0.562111801242236,0.09937888198757763,0.8831317423994768,0.26028547439126787,0.26028547439126787,0.26028547439126787,0.2594458438287154,0.2594458438287154,0.2594458438287154,0.2594458438287154,0.2594458438287154,0.2586062132661629,0.2586062132661629,0.2586062132661629,0.2586062132661629,0.2586062132661629,0.2577665827036104,0.25440806045340053,0.24769101595298068,0.22670025188916876,0.15197313182199831,0.02686817800167926,0.23876441734058074,0.9627329192546584,0.9627329192546584,0.9627329192546584,0.9596273291925466,0.9596273291925466,0.9596273291925466,0.9596273291925466,0.9596273291925466,0.9565217391304348,0.9565217391304348,0.9565217391304348,0.9565217391304348,0.9565217391304348,0.953416149068323,0.9409937888198757,0.9161490683229815,0.8385093167701864,0.562111801242236,0.09937888198757763,0.8831317423994768,0.40897097625329815,0.40897097625329815,0.40897097625329815,0.4076517150395778,0.4076517150395778,0.4076517150395778,0.4076517150395778,0.4076517150395778,0.40633245382585753,0.40633245382585753,0.40633245382585753,0.40633245382585753,0.40633245382585753,0.4050131926121372,0.3997361477572559,0.3891820580474934,0.3562005277044855,0.23878627968337732,0.04221635883905013,0.37515622830162476,0.8951037901332566,0.8951037901332566,0.8951037901332566,0.8974490180415426,0.8974490180415426,0.8974490180415426,0.8974490180415426,0.8974490180415426,0.8989671021671973,0.8989671021671973,0.8989671021671973,0.8989671021671973,0.8989671021671973,0.8996323512563867,0.9017695750711199,0.9052436419437627,0.9120011590546929,0.9271789376726507,0.9600152361295047,0.9038543617142941,0.6225702953779119,0.6225702953779119,0.6225702953779119,0.6201594338336621,0.6201594338336621,0.6201594338336621,0.6201594338336621,0.6201594338336621,0.61775195783966,0.61775195783966,0.61775195783966,0.61775195783966,0.61775195783966,0.6153478572843105,0.6057650087560633,0.586758313677059,0.528680532637681,0.3364114687917814,0.05508602072223046,0.5676482655983933,310.0,310.0,310.0,309.0,309.0,309.0,309.0,309.0,308.0,308.0,308.0,308.0,308.0,307.0,303.0,295.0,270.0,181.0,32.0,284.36842105263156,12.0,12.0,12.0,13.0,13.0,13.0,13.0,13.0,14.0,14.0,14.0,14.0,14.0,15.0,19.0,27.0,52.0,141.0,290.0,37.63157894736842,881.0,881.0,881.0,882.0,882.0,882.0,882.0,882.0,883.0,883.0,883.0,883.0,883.0,884.0,888.0,896.0,921.0,1010.0,1159.0,906.6315789473684,-1.7857142857142858,0.8989671021671973,-1.7857142857142858,0.9565217391304348,0.2586062132661629,1.0,0.0,0.0,-1.8823544488587058,0.4071381361533377,1.0219907407407407,-1.7857142857142858,276.88186746749676,308,14,883,0,1,0,0,0.0,864,0.4071381361533377,0.9565217391304348,0.2586062132661629,308,14,883,1191,322,4,1
M1102,0.619650727024432,0.8435904331757496,0.5227314252282087,0.619650727024432,0.619650727024432,0.619650727024432,0.619650727024432,0.619650727024432,0.619650727024432,0.619650727024432,0.619650727024432,0.619650727024432,0.619650727024432,0.619650727024432,0.619650727024432,0.619650727024432,0.619650727024432,0.5939265031125286,0.5103917458031083,0.2295945597873947,0.009604955899006265,0.0,0.5272962075233728,0.41798941798941797,0.41798941798941797,0.41798941798941797,0.41798941798941797,0.41798941798941797,0.41798941798941797,0.41798941798941797,0.41798941798941797,0.41798941798941797,0.41798941798941797,0.41798941798941797,0.41798941798941797,0.41798941798941797,0.41798941798941797,0.4031413612565445,0.35353535353535354,0.1703056768558952,0.007518796992481203,0.0,0.35717647581537504,0.9186046511627907,0.9186046511627907,0.9186046511627907,0.9186046511627907,0.9186046511627907,0.9186046511627907,0.9186046511627907,0.9186046511627907,0.9186046511627907,0.9186046511627907,0.9186046511627907,0.9186046511627907,0.9186046511627907,0.9186046511627907,0.875,0.7368421052631579,0.30952380952380953,0.012269938650306749,0.0,0.7786368931429655,0.9186046511627907,0.9186046511627907,0.9186046511627907,0.9186046511627907,0.9186046511627907,0.9186046511627907,0.9186046511627907,0.9186046511627907,0.9186046511627907,0.9186046511627907,0.9186046511627907,0.9186046511627907,0.9186046511627907,0.9186046511627907,0.8953488372093024,0.813953488372093,0.45348837209302323,0.023255813953488372,0.0,0.7919216646266829,0.4340659340659341,0.4340659340659341,0.4340659340659341,0.4340659340659341,0.4340659340659341,0.4340659340659341,0.4340659340659341,0.4340659340659341,0.4340659340659341,0.4340659340659341,0.4340659340659341,0.4340659340659341,0.4340659340659341,0.4340659340659341,0.4230769230769231,0.38461538461538464,0.21428571428571427,0.01098901098901099,0.0,0.3742047426257953,0.9186046511627907,0.9186046511627907,0.9186046511627907,0.9186046511627907,0.9186046511627907,0.9186046511627907,0.9186046511627907,0.9186046511627907,0.9186046511627907,0.9186046511627907,0.9186046511627907,0.9186046511627907,0.9186046511627907,0.9186046511627907,0.8953488372093024,0.813953488372093,0.4534883720930233,0.023255813953488372,0.0,0.7919216646266829,1.0,1.0,1.0,1.0,1.0,1.0,1.0,1.0,1.0,1.0,1.0,1.0,1.0,1.0,0.9746835443037973,0.8860759493670886,0.4936708860759494,0.02531645569620253,0.0,0.8620919387075282,0.8435904331757496,0.8435904331757496,0.8435904331757496,0.8435904331757496,0.8435904331757496,0.8435904331757496,0.8435904331757496,0.8435904331757496,0.8435904331757496,0.8435904331757496,0.8435904331757496,0.8435904331757496,0.8435904331757496,0.8435904331757496,0.8468183306281899,0.8539306991123612,0.875215452636156,0.905067472234766,1.0,0.857436737845893,0.9186046511627907,0.9186046511627907,0.9186046511627907,0.9186046511627907,0.9186046511627907,0.9186046511627907,0.9186046511627907,0.9186046511627907,0.9186046511627907,0.9186046511627907,0.9186046511627907,0.9186046511627907,0.9186046511627907,0.9186046511627907,0.8851159430030281,0.7744386366642513,0.37465377150775275,0.016892229292554906,0.0,0.7848192471971924,79.0,79.0,79.0,79.0,79.0,79.0,79.0,79.0,79.0,79.0,79.0,79.0,79.0,79.0,77.0,70.0,39.0,2.0,0.0,68.10526315789474,7.0,7.0,7.0,7.0,7.0,7.0,7.0,7.0,7.0,7.0,7.0,7.0,7.0,7.0,9.0,16.0,47.0,84.0,86.0,17.894736842105264,103.0,103.0,103.0,103.0,103.0,103.0,103.0,103.0,103.0,103.0,103.0,103.0,103.0,103.0,105.0,112.0,143.0,180.0,182.0,113.89473684210526,-0.27906976744186046,0.8435904331757496,-0.27906976744186046,0.9186046511627907,0.4340659340659341,1.0,0.0,0.0,-0.42274832301297427,0.5895522388059702,0.10651499482936919,-0.27906976744186046,66.64364422088421,79,7,103,0,1,0,0,1.0,967,0.5895522388059702,0.9186046511627907,0.4340659340659341,79,7,103,182,86,10,1
M1201,0,1.0,0,0.0,0.0,0.0,0.0,0.0,0.0,0.0,0.0,0.0,0.0,0.0,0.0,0.0,0.0,0.0,0.0,0.0,0.0,0.0,0.0,0.0,0.0,0.0,0.0,0.0,0.0,0.0,0.0,0.0,0.0,0.0,0.0,0.0,0.0,0.0,0.0,0.0,0.0,0.0,0.0,0.0,0.0,0.0,0.0,0.0,0.0,0.0,0.0,0.0,0.0,0.0,0.0,0.0,0.0,0.0,0.0,0.0,0.0,0.0,0.0,0.0,0.0,0.0,0.0,0.0,0.0,0.0,0.0,0.0,0.0,0.0,0.0,0.0,0.0,0.0,0.0,0.0,0.0,0.0,0.0,0.0,0.0,0.0,0.0,0.0,0.0,0.0,0.0,0.0,0.0,0.0,0.0,0.0,0.0,0.0,0.0,0.0,0.0,0.0,0.0,0.0,0.0,0.0,0.0,0.0,0.0,0.0,0.0,0.0,0.0,0.0,0.0,0.0,0.0,0.0,0.0,0.0,0.0,0.0,0.0,0.0,0.0,0.0,0.0,0.0,0.0,0.0,0.0,0.0,0.0,0.0,0.0,0.0,0.0,0.0,0.0,0.0,0.0,0.0,0.0,1.0,1.0,1.0,1.0,1.0,1.0,1.0,1.0,1.0,1.0,1.0,1.0,1.0,1.0,1.0,1.0,1.0,1.0,1.0,1.0,0.0,0.0,0.0,0.0,0.0,0.0,0.0,0.0,0.0,0.0,0.0,0.0,0.0,0.0,0.0,0.0,0.0,0.0,0.0,0.0,0.0,0.0,0.0,0.0,0.0,0.0,0.0,0.0,0.0,0.0,0.0,0.0,0.0,0.0,0.0,0.0,0.0,0.0,0.0,0.0,0.0,0.0,0.0,0.0,0.0,0.0,0.0,0.0,0.0,0.0,0.0,0.0,0.0,0.0,0.0,0.0,0.0,0.0,0.0,0.0,25.0,25.0,25.0,25.0,25.0,25.0,25.0,25.0,25.0,25.0,25.0,25.0,25.0,25.0,25.0,25.0,25.0,25.0,25.0,25.0,0,0,0,0,0,0,0,1.0,0,0,0,0,0,0,0,25,0,0,0,0,0,0,0,0,0,0,0,25,25,0,4,0
M1202,0,1.0,0,0.0,0.0,0.0,0.0,0.0,0.0,0.0,0.0,0.0,0.0,0.0,0.0,0.0,0.0,0.0,0.0,0.0,0.0,0.0,0.0,0.0,0.0,0.0,0.0,0.0,0.0,0.0,0.0,0.0,0.0,0.0,0.0,0.0,0.0,0.0,0.0,0.0,0.0,0.0,0.0,0.0,0.0,0.0,0.0,0.0,0.0,0.0,0.0,0.0,0.0,0.0,0.0,0.0,0.0,0.0,0.0,0.0,0.0,0.0,0.0,0.0,0.0,0.0,0.0,0.0,0.0,0.0,0.0,0.0,0.0,0.0,0.0,0.0,0.0,0.0,0.0,0.0,0.0,0.0,0.0,0.0,0.0,0.0,0.0,0.0,0.0,0.0,0.0,0.0,0.0,0.0,0.0,0.0,0.0,0.0,0.0,0.0,0.0,0.0,0.0,0.0,0.0,0.0,0.0,0.0,0.0,0.0,0.0,0.0,0.0,0.0,0.0,0.0,0.0,0.0,0.0,0.0,0.0,0.0,0.0,0.0,0.0,0.0,0.0,0.0,0.0,0.0,0.0,0.0,0.0,0.0,0.0,0.0,0.0,0.0,0.0,0.0,0.0,0.0,0.0,1.0,1.0,1.0,1.0,1.0,1.0,1.0,1.0,1.0,1.0,1.0,1.0,1.0,1.0,1.0,1.0,1.0,1.0,1.0,1.0,0.0,0.0,0.0,0.0,0.0,0.0,0.0,0.0,0.0,0.0,0.0,0.0,0.0,0.0,0.0,0.0,0.0,0.0,0.0,0.0,0.0,0.0,0.0,0.0,0.0,0.0,0.0,0.0,0.0,0.0,0.0,0.0,0.0,0.0,0.0,0.0,0.0,0.0,0.0,0.0,0.0,0.0,0.0,0.0,0.0,0.0,0.0,0.0,0.0,0.0,0.0,0.0,0.0,0.0,0.0,0.0,0.0,0.0,0.0,0.0,0.0,0.0,0.0,0.0,0.0,0.0,0.0,0.0,0.0,0.0,0.0,0.0,0.0,0.0,0.0,0.0,0.0,0.0,0.0,0.0,0,0,0,0,0,0,0,1.0,0,0,0,0,0,0,0,0,0,0,0,0,0,0,0,0,0,0,0,0,0,0,0,0
M1301,0.8877349097639275,0.7752732277294089,0.6882371088607556,0.8877349097639275,0.8877349097639275,0.8877349097639275,0.8877349097639275,0.8877349097639275,0.8877349097639275,0.8877349097639275,0.8877349097639275,0.8877349097639275,0.8877349097639275,0.8671014523809942,0.8535946093990905,0.7642551270145523,0.6506049417137629,0.49201971908326403,0.26077227379668455,0.0710572822885675,0.001955079983469439,0.0,0.6757215570157716,0.8763636363636363,0.8763636363636363,0.8763636363636363,0.8763636363636363,0.8763636363636363,0.8763636363636363,0.8763636363636363,0.8763636363636363,0.8763636363636363,0.8763636363636363,0.8561151079136691,0.8428571428571429,0.7551020408163265,0.643312101910828,0.48703170028818443,0.25853658536585367,0.07053941908713693,0.001941747572815534,0.0,0.6673195899709641,0.8992537313432836,0.8992537313432836,0.8992537313432836,0.8992537313432836,0.8992537313432836,0.8992537313432836,0.8992537313432836,0.8992537313432836,0.8992537313432836,0.8992537313432836,0.8782287822878229,0.8644688644688645,0.7735191637630662,0.6579804560260586,0.4970588235294118,0.2630272952853598,0.07157894736842105,0.001968503937007874,0.0,0.6842299026367814,1.0,1.0,1.0,1.0,1.0,1.0,1.0,1.0,1.0,1.0,0.9875518672199171,0.979253112033195,0.921161825726141,0.8381742738589212,0.7012448132780082,0.43983402489626555,0.14107883817427386,0.004149377593360996,0.0,0.7901288490936885,0.8763636363636363,0.8763636363636363,0.8763636363636363,0.8763636363636363,0.8763636363636363,0.8763636363636363,0.8763636363636363,0.8763636363636363,0.8763636363636363,0.8763636363636363,0.8654545454545455,0.8581818181818182,0.8072727272727273,0.7345454545454545,0.6145454545454545,0.38545454545454544,0.12363636363636364,0.0036363636363636364,0.0,0.6924401913875597,1.0,1.0,1.0,1.0,1.0,1.0,1.0,1.0,1.0,1.0,0.9875518672199171,0.979253112033195,0.921161825726141,0.8381742738589212,0.7012448132780082,0.43983402489626555,0.14107883817427386,0.004149377593360996,0.0,0.7901288490936885,0.8992537313432836,0.8992537313432836,0.8992537313432836,0.8992537313432836,0.8992537313432836,0.8992537313432836,0.8992537313432836,0.8992537313432836,0.8992537313432836,0.8992537313432836,0.8880597014925373,0.8805970149253732,0.8283582089552239,0.7537313432835819,0.6305970149253731,0.39552238805970147,0.12686567164179105,0.0037313432835820895,0.0,0.7105263157894736,0.7752732277294089,0.7752732277294089,0.7752732277294089,0.7752732277294089,0.7752732277294089,0.7752732277294089,0.7752732277294089,0.7752732277294089,0.7752732277294089,0.7752732277294089,0.7784418992628083,0.780062947880615,0.7898556126938945,0.8009553706215046,0.8155078885816457,0.8405067426916368,0.8684352589320463,0.9048045548121456,1.0,0.8069106606721256,0.9482898983661503,0.9482898983661503,0.9482898983661503,0.9482898983661503,0.9482898983661503,0.9482898983661503,0.9482898983661503,0.9482898983661503,0.9482898983661503,0.9482898983661503,0.9312875355091002,0.9200727285312492,0.8441186676801692,0.7426320023692782,0.5903896356594251,0.3401299074514594,0.10049017231786568,0.0028579828776015047,0.0,0.7344672429504028,241.0,241.0,241.0,241.0,241.0,241.0,241.0,241.0,241.0,241.0,238.0,236.0,222.0,202.0,169.0,106.0,34.0,1.0,0.0,190.42105263157896,0.0,0.0,0.0,0.0,0.0,0.0,0.0,0.0,0.0,0.0,3.0,5.0,19.0,39.0,72.0,135.0,207.0,240.0,241.0,50.578947368421055,34.0,34.0,34.0,34.0,34.0,34.0,34.0,34.0,34.0,34.0,37.0,39.0,53.0,73.0,106.0,169.0,241.0,274.0,275.0,84.57894736842105,0.8589211618257261,0.7752732277294089,0.8589211618257261,1.0,0.8763636363636363,1.0,0.0,0.0,0.634194389555135,0.9341085271317829,0.028764805414551606,0.8589211618257261,186.84084788278753,241,0,34,0,1,0,0,0.0,1182,0.9341085271317829,1.0,0.8763636363636363,241,0,34,275,241,3,1
M1302,0,1.0,0,0.0,0.0,0.0,0.0,0.0,0.0,0.0,0.0,0.0,0.0,0.0,0.0,0.0,0.0,0.0,0.0,0.0,0.0,0.0,0.0,0.0,0.0,0.0,0.0,0.0,0.0,0.0,0.0,0.0,0.0,0.0,0.0,0.0,0.0,0.0,0.0,0.0,0.0,0.0,0.0,0.0,0.0,0.0,0.0,0.0,0.0,0.0,0.0,0.0,0.0,0.0,0.0,0.0,0.0,0.0,0.0,0.0,0.0,0.0,0.0,0.0,0.0,0.0,0.0,0.0,0.0,0.0,0.0,0.0,0.0,0.0,0.0,0.0,0.0,0.0,0.0,0.0,0.0,0.0,0.0,0.0,0.0,0.0,0.0,0.0,0.0,0.0,0.0,0.0,0.0,0.0,0.0,0.0,0.0,0.0,0.0,0.0,0.0,0.0,0.0,0.0,0.0,0.0,0.0,0.0,0.0,0.0,0.0,0.0,0.0,0.0,0.0,0.0,0.0,0.0,0.0,0.0,0.0,0.0,0.0,0.0,0.0,0.0,0.0,0.0,0.0,0.0,0.0,0.0,0.0,0.0,0.0,0.0,0.0,0.0,0.0,0.0,0.0,0.0,0.0,1.0,1.0,1.0,1.0,1.0,1.0,1.0,1.0,1.0,1.0,1.0,1.0,1.0,1.0,1.0,1.0,1.0,1.0,1.0,1.0,0.0,0.0,0.0,0.0,0.0,0.0,0.0,0.0,0.0,0.0,0.0,0.0,0.0,0.0,0.0,0.0,0.0,0.0,0.0,0.0,0.0,0.0,0.0,0.0,0.0,0.0,0.0,0.0,0.0,0.0,0.0,0.0,0.0,0.0,0.0,0.0,0.0,0.0,0.0,0.0,0.0,0.0,0.0,0.0,0.0,0.0,0.0,0.0,0.0,0.0,0.0,0.0,0.0,0.0,0.0,0.0,0.0,0.0,0.0,0.0,1046.0,1046.0,1046.0,1046.0,1046.0,1046.0,1046.0,1046.0,1046.0,1046.0,1046.0,1046.0,1046.0,1046.0,1046.0,1046.0,1046.0,1046.0,1046.0,1046.0,0,0,0,0,0,0,0,1.0,0,0,0,0,0,0,0,1046,0,0,0,0,0,0,0,0,0,0,0,1046,1046,0,9,0
M1303,0,1.0,0,0.0,0.0,0.0,0.0,0.0,0.0,0.0,0.0,0.0,0.0,0.0,0.0,0.0,0.0,0.0,0.0,0.0,0.0,0.0,0.0,0.0,0.0,0.0,0.0,0.0,0.0,0.0,0.0,0.0,0.0,0.0,0.0,0.0,0.0,0.0,0.0,0.0,0.0,0.0,0.0,0.0,0.0,0.0,0.0,0.0,0.0,0.0,0.0,0.0,0.0,0.0,0.0,0.0,0.0,0.0,0.0,0.0,0.0,0.0,0.0,0.0,0.0,0.0,0.0,0.0,0.0,0.0,0.0,0.0,0.0,0.0,0.0,0.0,0.0,0.0,0.0,0.0,0.0,0.0,0.0,0.0,0.0,0.0,0.0,0.0,0.0,0.0,0.0,0.0,0.0,0.0,0.0,0.0,0.0,0.0,0.0,0.0,0.0,0.0,0.0,0.0,0.0,0.0,0.0,0.0,0.0,0.0,0.0,0.0,0.0,0.0,0.0,0.0,0.0,0.0,0.0,0.0,0.0,0.0,0.0,0.0,0.0,0.0,0.0,0.0,0.0,0.0,0.0,0.0,0.0,0.0,0.0,0.0,0.0,0.0,0.0,0.0,0.0,0.0,0.0,1.0,1.0,1.0,1.0,1.0,1.0,1.0,1.0,1.0,1.0,1.0,1.0,1.0,1.0,1.0,1.0,1.0,1.0,1.0,1.0,0.0,0.0,0.0,0.0,0.0,0.0,0.0,0.0,0.0,0.0,0.0,0.0,0.0,0.0,0.0,0.0,0.0,0.0,0.0,0.0,0.0,0.0,0.0,0.0,0.0,0.0,0.0,0.0,0.0,0.0,0.0,0.0,0.0,0.0,0.0,0.0,0.0,0.0,0.0,0.0,0.0,0.0,0.0,0.0,0.0,0.0,0.0,0.0,0.0,0.0,0.0,0.0,0.0,0.0,0.0,0.0,0.0,0.0,0.0,0.0,0.0,0.0,0.0,0.0,0.0,0.0,0.0,0.0,0.0,0.0,0.0,0.0,0.0,0.0,0.0,0.0,0.0,0.0,0.0,0.0,0,0,0,0,0,0,0,1.0,0,0,0,0,0,0,0,0,0,0,0,0,0,0,0,0,0,0,0,0,0,0,0,0
M1304,0,1.0,0,0.0,0.0,0.0,0.0,0.0,0.0,0.0,0.0,0.0,0.0,0.0,0.0,0.0,0.0,0.0,0.0,0.0,0.0,0.0,0.0,0.0,0.0,0.0,0.0,0.0,0.0,0.0,0.0,0.0,0.0,0.0,0.0,0.0,0.0,0.0,0.0,0.0,0.0,0.0,0.0,0.0,0.0,0.0,0.0,0.0,0.0,0.0,0.0,0.0,0.0,0.0,0.0,0.0,0.0,0.0,0.0,0.0,0.0,0.0,0.0,0.0,0.0,0.0,0.0,0.0,0.0,0.0,0.0,0.0,0.0,0.0,0.0,0.0,0.0,0.0,0.0,0.0,0.0,0.0,0.0,0.0,0.0,0.0,0.0,0.0,0.0,0.0,0.0,0.0,0.0,0.0,0.0,0.0,0.0,0.0,0.0,0.0,0.0,0.0,0.0,0.0,0.0,0.0,0.0,0.0,0.0,0.0,0.0,0.0,0.0,0.0,0.0,0.0,0.0,0.0,0.0,0.0,0.0,0.0,0.0,0.0,0.0,0.0,0.0,0.0,0.0,0.0,0.0,0.0,0.0,0.0,0.0,0.0,0.0,0.0,0.0,0.0,0.0,0.0,0.0,1.0,1.0,1.0,1.0,1.0,1.0,1.0,1.0,1.0,1.0,1.0,1.0,1.0,1.0,1.0,1.0,1.0,1.0,1.0,1.0,0.0,0.0,0.0,0.0,0.0,0.0,0.0,0.0,0.0,0.0,0.0,0.0,0.0,0.0,0.0,0.0,0.0,0.0,0.0,0.0,0.0,0.0,0.0,0.0,0.0,0.0,0.0,0.0,0.0,0.0,0.0,0.0,0.0,0.0,0.0,0.0,0.0,0.0,0.0,0.0,0.0,0.0,0.0,0.0,0.0,0.0,0.0,0.0,0.0,0.0,0.0,0.0,0.0,0.0,0.0,0.0,0.0,0.0,0.0,0.0,6.0,6.0,6.0,6.0,6.0,6.0,6.0,6.0,6.0,6.0,6.0,6.0,6.0,6.0,6.0,6.0,6.0,6.0,6.0,6.0,0,0,0,0,0,0,0,1.0,0,0,0,0,0,0,0,6,0,0,0,0,0,0,0,0,0,0,0,6,6,0,1,0
M1305,0.22914456659750235,0.7930414603753146,0.1817211417315518,0.22914456659750235,0.22914456659750235,0.22914456659750235,0.22914456659750235,0.22914456659750235,0.22914456659750235,0.22914456659750235,0.22914456659750235,0.22914456659750235,0.22914456659750235,0.22914456659750235,0.22914456659750235,0.22914456659750235,0.22914456659750235,0.20348455090889342,0.07159873947551047,0.011197850219117086,0.0,0.0,0.18391079331413443,0.13524590163934427,0.13524590163934427,0.13524590163934427,0.13524590163934427,0.13524590163934427,0.13524590163934427,0.13524590163934427,0.13524590163934427,0.13524590163934427,0.13524590163934427,0.13524590163934427,0.13524590163934427,0.13524590163934427,0.13524590163934427,0.1214574898785425,0.045283018867924525,0.007272727272727273,0.0,0.0,0.10881346626157969,0.38823529411764707,0.38823529411764707,0.38823529411764707,0.38823529411764707,0.38823529411764707,0.38823529411764707,0.38823529411764707,0.38823529411764707,0.38823529411764707,0.38823529411764707,0.38823529411764707,0.38823529411764707,0.38823529411764707,0.38823529411764707,0.3409090909090909,0.11320754716981134,0.017241379310344827,0.0,0.0,0.3108764281598056,1.0,1.0,1.0,1.0,1.0,1.0,1.0,1.0,1.0,1.0,1.0,1.0,1.0,1.0,0.9090909090909091,0.36363636363636365,0.06060606060606061,0.0,0.0,0.8070175438596492,0.13524590163934427,0.13524590163934427,0.13524590163934427,0.13524590163934427,0.13524590163934427,0.13524590163934427,0.13524590163934427,0.13524590163934427,0.13524590163934427,0.13524590163934427,0.13524590163934427,0.13524590163934427,0.13524590163934427,0.13524590163934427,0.12295081967213115,0.04918032786885246,0.00819672131147541,0.0,0.0,0.10914581535806729,1.0,1.0,1.0,1.0,1.0,1.0,1.0,1.0,1.0,1.0,1.0,1.0,1.0,1.0,0.9090909090909091,0.3636363636363636,0.06060606060606061,0.0,0.0,0.8070175438596492,0.38823529411764707,0.38823529411764707,0.38823529411764707,0.38823529411764707,0.38823529411764707,0.38823529411764707,0.38823529411764707,0.38823529411764707,0.38823529411764707,0.38823529411764707,0.38823529411764707,0.38823529411764707,0.38823529411764707,0.38823529411764707,0.35294117647058826,0.1411764705882353,0.023529411764705882,0.0,0.0,0.31331269349845203,0.7930414603753146,0.7930414603753146,0.7930414603753146,0.7930414603753146,0.7930414603753146,0.7930414603753146,0.7930414603753146,0.7930414603753146,0.7930414603753146,0.7930414603753146,0.7930414603753146,0.7930414603753146,0.7930414603753146,0.7930414603753146,0.798612490818925,0.8246331054770158,0.8531345543524572,1.0,1.0,0.8199452945212001,0.6230853024407228,0.6230853024407228,0.6230853024407228,0.6230853024407228,0.6230853024407228,0.6230853024407228,0.6230853024407228,0.6230853024407228,0.6230853024407228,0.6230853024407228,0.6230853024407228,0.6230853024407228,0.6230853024407228,0.6230853024407228,0.5567022142689041,0.20289499941847336,0.0323254091917618,0.0,0.0,0.5007956240552242,33.0,33.0,33.0,33.0,33.0,33.0,33.0,33.0,33.0,33.0,33.0,33.0,33.0,33.0,30.0,12.0,2.0,0.0,0.0,26.63157894736842,0.0,0.0,0.0,0.0,0.0,0.0,0.0,0.0,0.0,0.0,0.0,0.0,0.0,0.0,3.0,21.0,31.0,33.0,33.0,6.368421052631579,211.0,211.0,211.0,211.0,211.0,211.0,211.0,211.0,211.0,211.0,211.0,211.0,211.0,211.0,214.0,232.0,242.0,244.0,244.0,217.3684210526316,-5.393939393939394,0.7930414603753146,-5.393939393939394,1.0,0.13524590163934427,1.0,0.0,0.0,-5.600897933564079,0.23826714801444043,0.3516666666666667,-5.393939393939394,26.170368192385382,33,0,211,0,1,0,0,0.0,600,0.23826714801444043,1.0,0.13524590163934427,33,0,211,244,33,5,1
M1306,0.7988360662196127,0.8662052149249271,0.6919559664295428,0.7988360662196127,0.7988360662196127,0.7988360662196127,0.7988360662196127,0.7988360662196127,0.7988360662196127,0.7988360662196127,0.7988360662196127,0.7988360662196127,0.7988360662196127,0.7988360662196127,0.7988360662196127,0.7988360662196127,0.7856548318374289,0.693425488842757,0.6263567477211974,0.37331507716710294,0.20189203258175054,0.03296065300636499,0.689393352211135,0.7950248756218905,0.7950248756218905,0.7950248756218905,0.7950248756218905,0.7950248756218905,0.7950248756218905,0.7950248756218905,0.7950248756218905,0.7950248756218905,0.7950248756218905,0.7950248756218905,0.7950248756218905,0.7950248756218905,0.782608695652174,0.6891385767790262,0.6208445642407907,0.3697798025816249,0.19233311302048908,0.02968036529680365,0.6852478158239729,0.802665526904495,0.802665526904495,0.802665526904495,0.802665526904495,0.802665526904495,0.802665526904495,0.802665526904495,0.802665526904495,0.802665526904495,0.802665526904495,0.802665526904495,0.802665526904495,0.802665526904495,0.7887128244532484,0.6977390684239674,0.631917871255962,0.3768841506953774,0.21192602864826743,0.03660347963180207,0.6936018564666874,0.8178096212896623,0.8178096212896623,0.8178096212896623,0.8178096212896623,0.8178096212896623,0.8178096212896623,0.8178096212896623,0.8178096212896623,0.8178096212896623,0.8178096212896623,0.8178096212896623,0.8178096212896623,0.8178096212896623,0.8106448311156602,0.7533265097236438,0.7072671443193449,0.4984646878198567,0.2978505629477994,0.05322415557830092,0.723805419382643,0.966142684401451,0.966142684401451,0.966142684401451,0.966142684401451,0.966142684401451,0.966142684401451,0.966142684401451,0.966142684401451,0.966142684401451,0.966142684401451,0.966142684401451,0.966142684401451,0.966142684401451,0.9576783555018138,0.8899637243047158,0.8355501813784765,0.5888754534461911,0.3518742442563482,0.06287787182587666,0.8550881435753833,0.8304233353141471,0.8304233353141471,0.8304233353141471,0.8304233353141471,0.8304233353141471,0.8304233353141471,0.8304233353141471,0.8304233353141471,0.8304233353141471,0.8304233353141471,0.8304233353141471,0.8304233353141471,0.8304233353141471,0.822111304244925,0.7673852616960751,0.7239579870534509,0.5134307921067108,0.33306747366470085,0.06935217302591308,0.7381478079408257,0.9696511831499218,0.9696511831499218,0.9696511831499218,0.9696511831499218,0.9696511831499218,0.9696511831499218,0.9696511831499218,0.9696511831499218,0.9696511831499218,0.9696511831499218,0.9696511831499218,0.9696511831499218,0.9696511831499218,0.9614883456133723,0.8925941395075406,0.8376489998098711,0.5910269316079958,0.3633585038720873,0.07181816692782694,0.8591263404361935,0.8662052149249271,0.8662052149249271,0.8662052149249271,0.8662052149249271,0.8662052149249271,0.8662052149249271,0.8662052149249271,0.8662052149249271,0.8662052149249271,0.8662052149249271,0.8662052149249271,0.8662052149249271,0.8662052149249271,0.8677602851638255,0.8784189626727111,0.8849997089872429,0.9093262078302272,0.9329193417928655,0.9598082219323412,0.8786263432843824,0.8102021911720755,0.8102021911720755,0.8102021911720755,0.8102021911720755,0.8102021911720755,0.8102021911720755,0.8102021911720755,0.8102021911720755,0.8102021911720755,0.8102021911720755,0.8102021911720755,0.8102021911720755,0.8102021911720755,0.7996036357956728,0.7250002324921379,0.6685317855177596,0.43343216368957105,0.2512414912712029,0.044138297368953895,0.7081355837564359,799.0,799.0,799.0,799.0,799.0,799.0,799.0,799.0,799.0,799.0,799.0,799.0,799.0,792.0,736.0,691.0,487.0,291.0,52.0,707.1578947368421,178.0,178.0,178.0,178.0,178.0,178.0,178.0,178.0,178.0,178.0,178.0,178.0,178.0,185.0,241.0,286.0,490.0,686.0,925.0,269.8421052631579,28.0,28.0,28.0,28.0,28.0,28.0,28.0,28.0,28.0,28.0,28.0,28.0,28.0,35.0,91.0,136.0,340.0,536.0,775.0,119.84210526315789,0.7871033776867963,0.8662052149249271,0.789150460593654,0.8178096212896623,0.966142684401451,0.5,0.5,0.0,0.6776847151740192,0.885809312638581,0.023333333333333334,0.7888423439143665,692.0979667250167,799,178,28,2,1,1,0,14.0,1200,0.88470066518847,0.8167860798362334,0.9649334945586457,798,179,29,827,977,4,2
M1401,0,1.0,0,0.0,0.0,0.0,0.0,0.0,0.0,0.0,0.0,0.0,0.0,0.0,0.0,0.0,0.0,0.0,0.0,0.0,0.0,0.0,0.0,0.0,0.0,0.0,0.0,0.0,0.0,0.0,0.0,0.0,0.0,0.0,0.0,0.0,0.0,0.0,0.0,0.0,0.0,0.0,0.0,0.0,0.0,0.0,0.0,0.0,0.0,0.0,0.0,0.0,0.0,0.0,0.0,0.0,0.0,0.0,0.0,0.0,0.0,0.0,0.0,0.0,0.0,0.0,0.0,0.0,0.0,0.0,0.0,0.0,0.0,0.0,0.0,0.0,0.0,0.0,0.0,0.0,0.0,0.0,0.0,0.0,0.0,0.0,0.0,0.0,0.0,0.0,0.0,0.0,0.0,0.0,0.0,0.0,0.0,0.0,0.0,0.0,0.0,0.0,0.0,0.0,0.0,0.0,0.0,0.0,0.0,0.0,0.0,0.0,0.0,0.0,0.0,0.0,0.0,0.0,0.0,0.0,0.0,0.0,0.0,0.0,0.0,0.0,0.0,0.0,0.0,0.0,0.0,0.0,0.0,0.0,0.0,0.0,0.0,0.0,0.0,0.0,0.0,0.0,0.0,1.0,1.0,1.0,1.0,1.0,1.0,1.0,1.0,1.0,1.0,1.0,1.0,1.0,1.0,1.0,1.0,1.0,1.0,1.0,1.0,0.0,0.0,0.0,0.0,0.0,0.0,0.0,0.0,0.0,0.0,0.0,0.0,0.0,0.0,0.0,0.0,0.0,0.0,0.0,0.0,0.0,0.0,0.0,0.0,0.0,0.0,0.0,0.0,0.0,0.0,0.0,0.0,0.0,0.0,0.0,0.0,0.0,0.0,0.0,0.0,0.0,0.0,0.0,0.0,0.0,0.0,0.0,0.0,0.0,0.0,0.0,0.0,0.0,0.0,0.0,0.0,0.0,0.0,0.0,0.0,411.0,411.0,411.0,411.0,411.0,411.0,411.0,411.0,411.0,411.0,411.0,411.0,411.0,411.0,411.0,411.0,411.0,411.0,411.0,411.0,0,0,0,0,0,0,0,1.0,0,0,0,0,0,0,0,411,0,0,0,0,0,0,0,0,0,0,0,411,411,0,13,0
COMBINED,0.5915732621007511,0.8450521493708143,0.4999102566485438,0.5915732621007511,0.5915732621007511,0.5915732621007511,0.5915314555689319,0.5914320083591815,0.5912087944528998,0.5908954599474687,0.5901883254986104,0.5890368759168118,0.5878180437582622,0.5866156599187189,0.5859565652991153,0.5812375609678021,0.5637513893263064,0.5128520379756922,0.41862534311272126,0.28595789650863696,0.14939039955949376,0.02835196867283456,0.50629313532346,0.4616050265246999,0.4616050265246999,0.4616050265246999,0.46155003762227237,0.4614950528573041,0.46127515516268575,0.46094543266518745,0.46023154412870243,0.45891542736968605,0.4577657698225074,0.45629029839556157,0.45519928079112976,0.4507973260634126,0.4363145635375458,0.39600402472330026,0.31456415809420685,0.19801400067844696,0.09230985519471391,0.013990394654416372,0.3905514421755358,0.7581349949052127,0.7581349949052127,0.7581349949052127,0.758118154924432,0.7579535649322158,0.757742607045847,0.7574810809333797,0.7568413421428725,0.7560531211131746,0.7548184581423922,0.7541644730819055,0.7542742506543675,0.7494212648286132,0.7284093989220967,0.6641781306126845,0.557111080162413,0.41296028712854976,0.24176715945951566,0.057456143838776175,0.657534500138888,0.726277156218552,0.726277156218552,0.726277156218552,0.7262179601018173,0.7261587639850826,0.7259219795181436,0.7255668028177351,0.7247972533001835,0.7233765464985497,0.7221334280471201,0.720535132895282,0.7193512105605873,0.714556325105073,0.6985733735866927,0.652341206416859,0.5502871011661635,0.3800982655537797,0.19434085124015865,0.03172911856982182,0.6270956204220371,0.5588248690503302,0.5588248690503302,0.5588248690503302,0.5587793213391027,0.5587337736278752,0.5585515827829651,0.5582782965156001,0.5576861762696425,0.5565930312001822,0.5556365292644044,0.5544067410612616,0.5534957868367114,0.549806422227283,0.5375085401958551,0.5019357777271692,0.4234115235709406,0.29246185379184697,0.14953313595991802,0.024413573217945798,0.48251087751261557,0.8251467850021152,0.8251467850021152,0.8251467850021152,0.8250573479737939,0.8249670717419303,0.8249115748104149,0.824858898768161,0.8246903336009546,0.8245035862401691,0.824064695163936,0.8240955103119826,0.8245565515939149,0.821815097206982,0.8087958111851445,0.7659182212601584,0.6808580122593495,0.5544269776450985,0.3855555866183361,0.11770484687545435,0.7385379199085329,0.919349534396376,0.919349534396376,0.919349534396376,0.9193579079571114,0.9192737846349183,0.9189945541397085,0.9186889262638509,0.9180767918574944,0.9168880274878806,0.9158920077275537,0.9146871064161303,0.914109656373573,0.909301936738726,0.8923659123400053,0.842529679202521,0.7466467700047902,0.5991719207997094,0.3989284415253906,0.11172896716634079,0.8165626838855174,0.8450521493708143,0.8450521493708143,0.8450521493708143,0.8451071398976236,0.8451578548989614,0.8453400380517428,0.8455970325546616,0.8460969101788592,0.8469350565559994,0.8475738304791008,0.848291147895852,0.8487340667785026,0.8502013763164553,0.8541068330276123,0.8629948994295022,0.8788159613771139,0.9024808533051105,0.9283311197023312,0.9613133267429865,0.8627491523844663,0.7420351259404937,0.7420351259404937,0.7420351259404937,0.7419966441874077,0.7418858563615193,0.7416616568705436,0.7413522280857827,0.7406460193433692,0.739534377646028,0.7382950905509309,0.7371580555328492,0.7366057936935462,0.7317811865247217,0.7133354128019049,0.65823306130851,0.5536885779299807,0.39618870362511927,0.21676077959648846,0.04269698818915998,0.6419960952668076,12269.0,12269.0,12269.0,12268.0,12267.0,12263.0,12257.0,12244.0,12220.0,12199.0,12172.0,12152.0,12071.0,11801.0,11020.0,9296.0,6421.0,3283.0,536.0,10593.526315789473,4624.0,4624.0,4624.0,4625.0,4626.0,4630.0,4636.0,4649.0,4673.0,4694.0,4721.0,4741.0,4822.0,5092.0,5873.0,7597.0,10472.0,13610.0,16357.0,6299.473684210527,9686.0,9686.0,9686.0,9687.0,9688.0,9692.0,9698.0,9711.0,9735.0,9756.0,9783.0,9803.0,9884.0,10154.0,10935.0,12659.0,15534.0,18672.0,21419.0,11361.473684210527,0.13644704907358077,0.8469144577729678,0.14627360445154797,0.7229621736814065,0.5562741972215897,0.6415094339622641,0.16981132075471697,0.18867924528301888,0.025771992705928802,0.62875823723229,0.44277792927915643,0.1461421826740046,10343.366272781255,12213,4680,9742,166,34,9,10,279.0,22002,0.5934411037891268,0.6823536376013734,0.5250284673195172,11527,5366,10428,21955,16893,326,53
