image,width,height,resolution
0000002_00005_d_0000014,960,540,960x540
0000002_00448_d_0000015,960,540,960x540
0000003_00231_d_0000016,960,540,960x540
0000007_04999_d_0000036,1360,765,1360x765
0000007_05499_d_0000037,1360,765,1360x765
0000007_05999_d_0000038,1360,765,1360x765
0000008_00889_d_0000039,1360,765,1360x765
0000008_01999_d_0000040,1360,765,1360x765
0000008_02499_d_0000041,1360,765,1360x765
0000008_02999_d_0000042,1360,765,1360x765
0000008_03499_d_0000043,1360,765,1360x765
0000008_03999_d_0000044,1360,765,1360x765
0000008_04499_d_0000045,1360,765,1360x765
0000010_00569_d_0000056,1360,765,1360x765
0000010_05149_d_0000057,1360,765,1360x765
0000010_05291_d_0000058,1360,765,1360x765
0000013_00465_d_0000067,960,540,960x540
0000016_00420_d_0000068,960,540,960x540
0000016_01352_d_0000069,960,540,960x540
0000030_00754_d_0000036,960,540,960x540
0000031_00000_d_0000037,960,540,960x540
0000031_02000_d_0000041,960,540,960x540
0000031_03527_d_0000043,960,540,960x540
0000036_00500_d_0000046,960,540,960x540
0000036_03591_d_0000048,960,540,960x540
0000037_01494_d_0000052,960,540,960x540
0000039_00000_d_0000055,960,540,960x540
0000039_05300_d_0000061,960,540,960x540
0000039_05625_d_0000062,960,540,960x540
0000040_01000_d_0000066,960,540,960x540
0000040_01500_d_0000067,960,540,960x540
0000040_02454_d_0000068,960,540,960x540
0000040_03288_d_0000069,960,540,960x540
0000040_03752_d_0000070,960,540,960x540
0000040_04284_d_0000071,960,540,960x540
0000042_01000_d_0000074,960,540,960x540
0000042_02231_d_0000075,960,540,960x540
0000042_02421_d_0000076,960,540,960x540
0000043_00500_d_0000077,960,540,960x540
0000045_00000_d_0000083,960,540,960x540
0000045_00500_d_0000084,960,540,960x540
0000045_01032_d_0000085,960,540,960x540
0000045_01500_d_0000086,960,540,960x540
0000046_00000_d_0000087,960,540,960x540
0000046_00720_d_0000088,960,540,960x540
0000047_01000_d_0000090,960,540,960x540
0000047_02500_d_0000093,960,540,960x540
0000047_03500_d_0000095,960,540,960x540
0000048_01989_d_0000098,960,540,960x540
0000050_00500_d_0000104,960,540,960x540
0000056_00727_d_0000111,960,540,960x540
0000059_01886_d_0000114,960,540,960x540
0000068_00001_d_0000001,1360,765,1360x765
0000068_00460_d_0000002,1360,765,1360x765
0000068_00571_d_0000003,1360,765,1360x765
0000068_01001_d_0000004,1360,765,1360x765
0000068_01500_d_0000005,1360,765,1360x765
0000068_02104_d_0000006,1360,765,1360x765
0000068_02648_d_0000007,1360,765,1360x765
0000068_02805_d_0000008,1360,765,1360x765
0000068_03174_d_0000009,1360,765,1360x765
0000068_03388_d_0000010,1360,765,1360x765
0000068_03581_d_0000011,1360,765,1360x765
0000068_03714_d_0000012,1360,765,1360x765
0000068_03918_d_0000013,1360,765,1360x765
0000068_04169_d_0000014,1360,765,1360x765
0000070_04722_d_0000001,1360,765,1360x765
0000070_05163_d_0000002,1360,765,1360x765
0000070_05312_d_0000003,1360,765,1360x765
0000070_05776_d_0000004,1360,765,1360x765
0000070_05880_d_0000005,1360,765,1360x765
0000070_06990_d_0000007,1360,765,1360x765
0000071_00007_d_0000001,1360,765,1360x765
0000071_02729_d_0000002,1360,765,1360x765
0000071_03136_d_0000003,1360,765,1360x765
0000071_03281_d_0000004,1360,765,1360x765
0000071_03470_d_0000005,1360,765,1360x765
0000071_03522_d_0000006,1360,765,1360x765
0000071_04085_d_0000007,1360,765,1360x765
0000071_05298_d_0000008,1360,765,1360x765
0000071_06447_d_0000009,1360,765,1360x765
0000071_06896_d_0000010,1360,765,1360x765
0000071_06967_d_0000011,1360,765,1360x765
0000071_07349_d_0000012,1360,765,1360x765
0000071_07913_d_0000013,1360,765,1360x765
0000072_00000_d_0000001,1360,765,1360x765
0000072_00137_d_0000002,1360,765,1360x765
0000072_03425_d_0000004,1360,765,1360x765
0000072_04493_d_0000005,1360,765,1360x765
0000072_05285_d_0000006,1360,765,1360x765
0000072_05564_d_0000007,1360,765,1360x765
0000072_05654_d_0000008,1360,765,1360x765
0000072_05827_d_0000009,1360,765,1360x765
0000072_06173_d_0000010,1360,765,1360x765
0000072_07242_d_0000011,1360,765,1360x765
0000072_07660_d_0000012,1360,765,1360x765
0000072_08702_d_0000013,1360,765,1360x765
0000072_09163_d_0000014,1360,765,1360x765
0000076_00004_d_0000001,1360,765,1360x765
0000076_00352_d_0000002,1360,765,1360x765
0000076_00616_d_0000003,1360,765,1360x765
0000076_01012_d_0000004,1360,765,1360x765
0000076_01444_d_0000005,1360,765,1360x765
0000076_01601_d_0000006,1360,765,1360x765
0000076_01792_d_0000007,1360,765,1360x765
0000076_01975_d_0000008,1360,765,1360x765
0000076_02667_d_0000010,1360,765,1360x765
0000076_03315_d_0000011,1360,765,1360x765
0000076_03689_d_0000012,1360,765,1360x765
0000076_03930_d_0000013,1360,765,1360x765
0000076_04200_d_0000014,1360,765,1360x765
0000076_04382_d_0000015,1360,765,1360x765
0000076_04674_d_0000016,1360,765,1360x765
0000076_04925_d_0000017,1360,765,1360x765
0000076_04999_d_0000018,1360,765,1360x765
0000076_05079_d_0000019,1360,765,1360x765
0000079_00507_d_0000001,1360,765,1360x765
0000079_00761_d_0000002,1360,765,1360x765
0000079_01062_d_0000003,1360,765,1360x765
0000079_01316_d_0000004,1360,765,1360x765
0000079_01515_d_0000005,1360,765,1360x765
0000079_01673_d_0000006,1360,765,1360x765
0000079_01783_d_0000007,1360,765,1360x765
0000079_02443_d_0000008,1360,765,1360x765
0000080_00002_d_0000001,1360,765,1360x765
0000084_00000_d_0000001,960,540,960x540
0000084_00281_d_0000002,960,540,960x540
0000084_01436_d_0000004,960,540,960x540
0000084_01781_d_0000005,960,540,960x540
0000084_01959_d_0000006,960,540,960x540
0000084_02139_d_0000007,960,540,960x540
0000085_00001_d_0000008,960,540,960x540
0000085_00399_d_0000009,960,540,960x540
0000098_00016_d_0000001,960,540,960x540
0000099_00149_d_0000001,960,540,960x540
0000099_00508_d_0000002,960,540,960x540
0000099_00997_d_0000003,960,540,960x540
0000099_02362_d_0000005,960,540,960x540
0000099_02798_d_0000006,960,540,960x540
0000099_03156_d_0000007,960,540,960x540
0000099_03508_d_0000008,960,540,960x540
0000099_03930_d_0000009,960,540,960x540
0000099_04272_d_0000010,960,540,960x540
0000099_04587_d_0000011,960,540,960x540
0000100_02616_d_0000012,960,540,960x540
0000100_03057_d_0000013,960,540,960x540
0000100_03906_d_0000014,960,540,960x540
0000100_04584_d_0000015,960,540,960x540
0000101_00228_d_0000016,960,540,960x540
0000101_01189_d_0000017,960,540,960x540
0000101_01577_d_0000018,960,540,960x540
0000101_02927_d_0000019,960,540,960x540
0000101_03804_d_0000020,960,540,960x540
0000101_04436_d_0000021,960,540,960x540
0000102_00192_d_0000022,960,540,960x540
0000102_00919_d_0000023,960,540,960x540
0000102_02749_d_0000024,960,540,960x540
0000102_03540_d_0000025,960,540,960x540
0000106_00294_d_0000048,960,540,960x540
0000106_00458_d_0000049,960,540,960x540
0000106_00673_d_0000050,960,540,960x540
0000107_00001_d_0000051,960,540,960x540
0000107_00891_d_0000052,960,540,960x540
0000107_01673_d_0000053,960,540,960x540
0000107_01998_d_0000054,960,540,960x540
0000107_02196_d_0000055,960,540,960x540
0000107_02574_d_0000056,960,540,960x540
0000109_00228_d_0000061,1920,1080,1920x1080
0000109_00606_d_0000062,1920,1080,1920x1080
0000109_01140_d_0000063,1920,1080,1920x1080
0000109_03179_d_0000064,1920,1080,1920x1080
0000110_01428_d_0000066,1920,1080,1920x1080
0000110_02718_d_0000067,1920,1080,1920x1080
0000110_03192_d_0000068,1920,1080,1920x1080
0000110_03450_d_0000069,1920,1080,1920x1080
0000111_00018_d_0000070,1920,1080,1920x1080
0000111_01459_d_0000071,1920,1080,1920x1080
0000111_03678_d_0000072,1920,1080,1920x1080
0000111_04511_d_0000073,1920,1080,1920x1080
0000112_01120_d_0000074,1920,1080,1920x1080
0000113_00064_d_0000075,1920,1080,1920x1080
0000113_00814_d_0000076,1920,1080,1920x1080
0000113_01528_d_0000077,1920,1080,1920x1080
0000113_02012_d_0000078,1920,1080,1920x1080
0000114_00461_d_0000079,1920,1080,1920x1080
0000122_01200_d_0000119,1920,1080,1920x1080
0000123_01819_d_0000120,1920,1080,1920x1080
0000124_02088_d_0000121,1920,1080,1920x1080
0000125_00084_d_0000122,1920,1080,1920x1080
0000125_00574_d_0000123,1920,1080,1920x1080
0000126_00054_d_0000124,1920,1080,1920x1080
0000126_02076_d_0000125,1920,1080,1920x1080
0000126_02406_d_0000126,1920,1080,1920x1080
0000126_02904_d_0000127,1920,1080,1920x1080
0000126_03402_d_0000128,1920,1080,1920x1080
0000126_03828_d_0000129,1920,1080,1920x1080
0000126_11844_d_0000130,1920,1080,1920x1080
0000130_01308_d_0000139,1920,1080,1920x1080
0000132_01903_d_0000140,1920,1080,1920x1080
0000133_00078_d_0000141,1920,1080,1920x1080
0000133_00480_d_0000142,1920,1080,1920x1080
0000133_00846_d_0000143,1920,1080,1920x1080
0000133_01764_d_0000144,1920,1080,1920x1080
0000134_00858_d_0000145,1920,1080,1920x1080
0000134_01332_d_0000146,1920,1080,1920x1080
0000134_01791_d_0000147,1920,1080,1920x1080
0000134_02166_d_0000148,1920,1080,1920x1080
0000135_00118_d_0000149,1920,1080,1920x1080
0000135_00828_d_0000150,1920,1080,1920x1080
0000135_01327_d_0000151,1920,1080,1920x1080
0000135_01638_d_0000152,1920,1080,1920x1080
0000135_01896_d_0000153,1920,1080,1920x1080
0000136_00162_d_0000154,1920,1080,1920x1080
0000136_00456_d_0000155,1920,1080,1920x1080
0000136_00900_d_0000156,1920,1080,1920x1080
0000136_01783_d_0000157,1920,1080,1920x1080
0000136_02529_d_0000158,1920,1080,1920x1080
0000137_00509_d_0000159,1920,1080,1920x1080
0000137_00960_d_0000160,1920,1080,1920x1080
0000137_01372_d_0000161,1920,1080,1920x1080
0000137_01824_d_0000162,1920,1080,1920x1080
0000137_02220_d_0000163,1920,1080,1920x1080
0000137_02372_d_0000164,1920,1080,1920x1080
0000139_00012_d_0000001,1920,1080,1920x1080
0000140_00118_d_0000002,1920,1080,1920x1080
0000140_01877_d_0000003,1920,1080,1920x1080
0000140_02077_d_0000004,1920,1080,1920x1080
0000140_02277_d_0000005,1920,1080,1920x1080
0000140_02477_d_0000006,1920,1080,1920x1080
0000140_02677_d_0000007,1920,1080,1920x1080
0000141_00251_d_0000009,1920,1080,1920x1080
0000141_00651_d_0000011,1920,1080,1920x1080
0000141_00851_d_0000012,1920,1080,1920x1080
0000141_01851_d_0000017,1920,1080,1920x1080
0000141_02051_d_0000018,1920,1080,1920x1080
0000141_02251_d_0000019,1920,1080,1920x1080
0000141_02651_d_0000021,1920,1080,1920x1080
0000142_00058_d_0000023,1920,1080,1920x1080
0000142_00258_d_0000024,1920,1080,1920x1080
0000142_00458_d_0000025,1920,1080,1920x1080
0000142_00858_d_0000027,1920,1080,1920x1080
0000142_01058_d_0000028,1920,1080,1920x1080
0000142_01258_d_0000029,1920,1080,1920x1080
0000142_01458_d_0000030,1920,1080,1920x1080
0000142_01658_d_0000031,1920,1080,1920x1080
0000142_02058_d_0000033,1920,1080,1920x1080
0000142_02258_d_0000034,1920,1080,1920x1080
0000142_02458_d_0000035,1920,1080,1920x1080
0000142_02658_d_0000036,1920,1080,1920x1080
0000142_02858_d_0000037,1920,1080,1920x1080
0000142_03058_d_0000038,1920,1080,1920x1080
0000142_03458_d_0000040,1920,1080,1920x1080
0000142_03658_d_0000041,1920,1080,1920x1080
0000142_04058_d_0000043,1920,1080,1920x1080
0000142_04458_d_0000045,1920,1080,1920x1080
0000142_04658_d_0000046,1920,1080,1920x1080
0000142_04858_d_0000047,1920,1080,1920x1080
0000143_00081_d_0000048,1920,1080,1920x1080
0000143_00281_d_0000049,1920,1080,1920x1080
0000143_00481_d_0000050,1920,1080,1920x1080
0000143_00681_d_0000051,1920,1080,1920x1080
0000143_00881_d_0000052,1920,1080,1920x1080
0000143_01281_d_0000054,1920,1080,1920x1080
0000143_01481_d_0000055,1920,1080,1920x1080
0000143_01681_d_0000056,1920,1080,1920x1080
0000144_00001_d_0000001,1920,1080,1920x1080
0000144_00401_d_0000001,1920,1080,1920x1080
0000144_00848_d_0000001,1920,1080,1920x1080
0000144_01201_d_0000001,1920,1080,1920x1080
0000144_01601_d_0000001,1920,1080,1920x1080
0000144_02001_d_0000001,1920,1080,1920x1080
0000144_02401_d_0000001,1920,1080,1920x1080
0000144_02801_d_0000001,1920,1080,1920x1080
0000144_03201_d_0000001,1920,1080,1920x1080
0000144_03776_d_0000001,1920,1080,1920x1080
0000144_04192_d_0000001,1920,1080,1920x1080
0000144_04401_d_0000001,1920,1080,1920x1080
0000145_00001_d_0000001,1920,1080,1920x1080
0000145_00401_d_0000001,1920,1080,1920x1080
0000146_00001_d_0000057,1920,1080,1920x1080
0000146_00601_d_0000060,1920,1080,1920x1080
0000146_00801_d_0000061,1920,1080,1920x1080
0000146_01601_d_0000065,1920,1080,1920x1080
0000146_01678_d_0000066,1920,1080,1920x1080
0000150_00030_d_0000067,1920,1080,1920x1080
0000150_00230_d_0000068,1920,1080,1920x1080
0000150_00430_d_0000069,1920,1080,1920x1080
0000150_00630_d_0000070,1920,1080,1920x1080
0000150_00830_d_0000071,1920,1080,1920x1080
0000150_01030_d_0000072,1920,1080,1920x1080
0000150_01230_d_0000073,1920,1080,1920x1080
0000150_01630_d_0000075,1920,1080,1920x1080
0000150_01830_d_0000076,1920,1080,1920x1080
0000156_00154_d_0000077,960,540,960x540
0000156_00354_d_0000078,960,540,960x540
0000156_00554_d_0000079,960,540,960x540
0000157_00251_d_0000081,960,540,960x540
0000157_00451_d_0000082,960,540,960x540
0000157_00651_d_0000083,960,540,960x540
0000165_00125_d_0000084,1920,1080,1920x1080
0000165_00525_d_0000086,1920,1080,1920x1080
0000165_00725_d_0000087,1920,1080,1920x1080
0000165_00925_d_0000088,1920,1080,1920x1080
0000165_01325_d_0000090,1920,1080,1920x1080
0000165_01525_d_0000091,1920,1080,1920x1080
0000165_01725_d_0000092,1920,1080,1920x1080
0000165_02125_d_0000094,1920,1080,1920x1080
0000165_02725_d_0000097,1920,1080,1920x1080
0000165_02925_d_0000098,1920,1080,1920x1080
0000165_03325_d_0000100,1920,1080,1920x1080
0000165_03725_d_0000102,1920,1080,1920x1080
0000165_03926_d_0000103,1920,1080,1920x1080
0000165_04125_d_0000104,1920,1080,1920x1080
0000165_04525_d_0000106,1920,1080,1920x1080
0000165_04925_d_0000108,1920,1080,1920x1080
0000165_05125_d_0000109,1920,1080,1920x1080
0000165_05325_d_0000110,1920,1080,1920x1080
0000165_05525_d_0000111,1920,1080,1920x1080
0000165_05725_d_0000112,1920,1080,1920x1080
0000165_05925_d_0000113,1920,1080,1920x1080
0000165_06125_d_0000114,1920,1080,1920x1080
0000165_06325_d_0000115,1920,1080,1920x1080
0000166_00158_d_0000116,1920,1080,1920x1080
0000166_00358_d_0000117,1920,1080,1920x1080
0000166_01158_d_0000121,1920,1080,1920x1080
0000166_01558_d_0000123,1920,1080,1920x1080
0000166_01758_d_0000124,1920,1080,1920x1080
0000167_00184_d_0000125,1920,1080,1920x1080
0000167_00384_d_0000126,1920,1080,1920x1080
0000167_00584_d_0000127,1920,1080,1920x1080
0000167_00784_d_0000128,1920,1080,1920x1080
0000167_00984_d_0000129,1920,1080,1920x1080
0000167_01184_d_0000130,1920,1080,1920x1080
0000167_01384_d_0000131,1920,1080,1920x1080
0000167_01784_d_0000133,1920,1080,1920x1080
0000167_02184_d_0000135,1920,1080,1920x1080
0000169_00001_d_0000001,960,540,960x540
0000169_00401_d_0000001,960,540,960x540
0000169_00654_d_0000001,960,540,960x540
0000169_01098_d_0000001,960,540,960x540
0000170_00001_d_0000001,960,540,960x540
0000170_00401_d_0000001,960,540,960x540
0000170_00801_d_0000001,960,540,960x540
0000170_01201_d_0000001,960,540,960x540
0000171_00001_d_0000001,960,540,960x540
0000171_00293_d_0000001,960,540,960x540
0000172_00001_d_0000001,960,540,960x540
0000172_00401_d_0000001,960,540,960x540
0000172_00801_d_0000001,960,540,960x540
0000172_01201_d_0000001,960,540,960x540
0000172_01484_d_0000001,960,540,960x540
0000173_00001_d_0000001,960,540,960x540
0000173_00401_d_0000001,960,540,960x540
0000173_00801_d_0000001,960,540,960x540
0000173_01180_d_0000001,960,540,960x540
0000173_01368_d_0000001,960,540,960x540
0000173_01601_d_0000001,960,540,960x540
0000173_02001_d_0000001,960,540,960x540
0000173_02401_d_0000001,960,540,960x540
0000174_00001_d_0000001,960,540,960x540
0000174_00401_d_0000001,960,540,960x540
0000174_00801_d_0000001,960,540,960x540
0000174_01201_d_0000001,960,540,960x540
0000174_01601_d_0000001,960,540,960x540
0000174_02175_d_0000001,960,540,960x540
0000175_00001_d_0000001,1920,1080,1920x1080
0000175_00432_d_0000001,1920,1080,1920x1080
0000175_00801_d_0000001,1920,1080,1920x1080
0000176_00001_d_0000001,1920,1080,1920x1080
0000176_00401_d_0000001,1920,1080,1920x1080
0000176_00633_d_0000001,1920,1080,1920x1080
0000176_00950_d_0000001,1920,1080,1920x1080
0000177_00000_d_0000001,1920,1080,1920x1080
0000177_00374_d_0000003,1920,1080,1920x1080
0000177_00570_d_0000004,1920,1080,1920x1080
0000178_00000_d_0000006,1920,1080,1920x1080
0000178_00201_d_0000007,1920,1080,1920x1080
0000178_00393_d_0000008,1920,1080,1920x1080
0000178_00621_d_0000009,1920,1080,1920x1080
0000178_01102_d_0000012,1920,1080,1920x1080
0000179_00000_d_0000013,1920,1080,1920x1080
0000179_00149_d_0000014,1920,1080,1920x1080
0000179_00301_d_0000015,1920,1080,1920x1080
0000179_00445_d_0000016,1920,1080,1920x1080
0000179_00605_d_0000017,1920,1080,1920x1080
0000179_00743_d_0000018,1920,1080,1920x1080
0000180_00000_d_0000019,1920,1080,1920x1080
0000180_00213_d_0000020,1920,1080,1920x1080
0000180_00400_d_0000021,1920,1080,1920x1080
0000180_00601_d_0000022,1920,1080,1920x1080
0000180_00806_d_0000023,1920,1080,1920x1080
0000180_01002_d_0000024,1920,1080,1920x1080
0000180_01213_d_0000025,1920,1080,1920x1080
0000180_01400_d_0000026,1920,1080,1920x1080
0000180_01581_d_0000027,1920,1080,1920x1080
0000181_00000_d_0000028,960,540,960x540
0000181_00387_d_0000029,960,540,960x540
0000181_00889_d_0000030,960,540,960x540
0000181_01211_d_0000031,960,540,960x540
0000181_01627_d_0000032,960,540,960x540
0000181_02065_d_0000033,960,540,960x540
0000181_02410_d_0000034,960,540,960x540
0000181_02615_d_0000035,960,540,960x540
0000182_00000_d_0000036,960,540,960x540
0000182_00411_d_0000037,960,540,960x540
0000182_00819_d_0000038,960,540,960x540
0000182_01220_d_0000039,960,540,960x540
0000182_01653_d_0000040,960,540,960x540
0000182_02053_d_0000041,960,540,960x540
0000182_02425_d_0000042,960,540,960x540
0000195_00000_d_0000126,1920,1080,1920x1080
0000195_00201_d_0000127,1920,1080,1920x1080
0000195_00409_d_0000128,1920,1080,1920x1080
0000195_00634_d_0000129,1920,1080,1920x1080
0000195_00815_d_0000130,1920,1080,1920x1080
0000195_01040_d_0000131,1920,1080,1920x1080
0000195_01256_d_0000132,1920,1080,1920x1080
0000195_01418_d_0000133,1920,1080,1920x1080
0000195_01518_d_0000134,1920,1080,1920x1080
0000196_00000_d_0000135,1920,1080,1920x1080
0000196_00553_d_0000136,1920,1080,1920x1080
0000196_01030_d_0000137,1920,1080,1920x1080
0000196_01508_d_0000138,1920,1080,1920x1080
0000196_02020_d_0000139,1920,1080,1920x1080
0000196_02559_d_0000140,1920,1080,1920x1080
0000196_03072_d_0000141,1920,1080,1920x1080
0000196_03560_d_0000142,1920,1080,1920x1080
0000196_04071_d_0000143,1920,1080,1920x1080
0000196_05025_d_0000145,1920,1080,1920x1080
0000197_00000_d_0000146,1920,1080,1920x1080
0000197_00401_d_0000147,1920,1080,1920x1080
0000197_00851_d_0000148,1920,1080,1920x1080
0000197_01211_d_0000149,1920,1080,1920x1080
0000197_01661_d_0000150,1920,1080,1920x1080
0000197_01958_d_0000151,1920,1080,1920x1080
0000197_02416_d_0000152,1920,1080,1920x1080
0000197_02821_d_0000153,1920,1080,1920x1080
0000197_03351_d_0000154,1920,1080,1920x1080
0000198_00000_d_0000155,960,540,960x540
0000198_00336_d_0000156,960,540,960x540
0000198_00709_d_0000157,960,540,960x540
0000198_01022_d_0000158,960,540,960x540
0000198_01318_d_0000159,960,540,960x540
0000198_01629_d_0000160,960,540,960x540
0000198_01949_d_0000161,960,540,960x540
0000199_00000_d_0000162,960,540,960x540
0000199_00303_d_0000163,960,540,960x540
0000199_00603_d_0000164,960,540,960x540
0000199_00933_d_0000165,960,540,960x540
0000199_01607_d_0000167,960,540,960x540
0000200_00000_d_0000168,960,540,960x540
0000200_00297_d_0000169,960,540,960x540
0000200_00566_d_0000170,960,540,960x540
0000201_00000_d_0000171,960,540,960x540
0000201_00182_d_0000172,960,540,960x540
0000201_00446_d_0000173,960,540,960x540
0000201_00626_d_0000174,960,540,960x540
0000201_00818_d_0000175,960,540,960x540
0000201_01023_d_0000176,960,540,960x540
0000201_01292_d_0000177,960,540,960x540
0000201_01484_d_0000178,960,540,960x540
0000201_01634_d_0000179,960,540,960x540
0000204_00000_d_0000191,960,540,960x540
0000204_00332_d_0000192,960,540,960x540
0000204_00698_d_0000193,960,540,960x540
0000204_01028_d_0000194,960,540,960x540
0000204_01236_d_0000195,960,540,960x540
0000205_00000_d_0000196,960,540,960x540
0000205_00405_d_0000197,960,540,960x540
0000205_00831_d_0000198,960,540,960x540
0000205_01275_d_0000199,960,540,960x540
0000205_01665_d_0000200,960,540,960x540
0000205_02019_d_0000201,960,540,960x540
0000205_02315_d_0000202,960,540,960x540
0000206_00000_d_0000203,960,540,960x540
0000206_00308_d_0000204,960,540,960x540
0000206_00668_d_0000205,960,540,960x540
0000206_01108_d_0000206,960,540,960x540
0000209_00000_d_0000219,1920,1080,1920x1080
0000209_00296_d_0000220,1920,1080,1920x1080
0000209_00609_d_0000221,1920,1080,1920x1080
0000209_00922_d_0000222,1920,1080,1920x1080
0000210_00000_d_0000223,1920,1080,1920x1080
0000210_00261_d_0000224,1920,1080,1920x1080
0000210_00525_d_0000225,1920,1080,1920x1080
0000210_01037_d_0000226,1920,1080,1920x1080
0000210_01251_d_0000227,1920,1080,1920x1080
0000210_01551_d_0000228,1920,1080,1920x1080
0000214_00000_d_0000248,1360,765,1360x765
0000214_00410_d_0000249,1360,765,1360x765
0000214_00840_d_0000250,1360,765,1360x765
0000214_01218_d_0000251,1360,765,1360x765
0000214_01652_d_0000252,1360,765,1360x765
0000214_01968_d_0000253,1360,765,1360x765
0000214_02445_d_0000254,1360,765,1360x765
0000214_02750_d_0000255,1360,765,1360x765
0000217_00001_d_0000001,1920,1080,1920x1080
0000217_00202_d_0000002,1920,1080,1920x1080
0000218_00001_d_0000001,1920,1080,1920x1080
0000218_00355_d_0000002,1920,1080,1920x1080
0000218_00730_d_0000003,1920,1080,1920x1080
0000219_03118_d_0000007,1920,1080,1920x1080
0000220_00001_d_0000001,1920,1080,1920x1080
0000220_00500_d_0000002,1920,1080,1920x1080
0000220_01000_d_0000003,1920,1080,1920x1080
0000220_01546_d_0000005,1920,1080,1920x1080
0000220_02000_d_0000006,1920,1080,1920x1080
0000220_02500_d_0000007,1920,1080,1920x1080
0000220_02658_d_0000008,1920,1080,1920x1080
0000220_02800_d_0000009,1920,1080,1920x1080
0000220_02978_d_0000010,1920,1080,1920x1080
0000220_03347_d_0000011,1920,1080,1920x1080
0000220_03847_d_0000012,1920,1080,1920x1080
0000220_04005_d_0000013,1920,1080,1920x1080
0000220_04258_d_0000014,1920,1080,1920x1080
0000220_04467_d_0000015,1920,1080,1920x1080
0000221_00001_d_0000001,1920,1080,1920x1080
0000221_00500_d_0000002,1920,1080,1920x1080
0000221_00999_d_0000003,1920,1080,1920x1080
0000221_01292_d_0000004,1920,1080,1920x1080
0000221_01411_d_0000005,1920,1080,1920x1080
0000221_01770_d_0000006,1920,1080,1920x1080
0000221_10550_d_0000007,1920,1080,1920x1080
0000221_10787_d_0000008,1920,1080,1920x1080
0000221_11139_d_0000009,1920,1080,1920x1080
0000222_00001_d_0000001,1920,1080,1920x1080
0000222_00339_d_0000002,1920,1080,1920x1080
0000222_00735_d_0000003,1920,1080,1920x1080
0000222_01135_d_0000004,1920,1080,1920x1080
0000222_01350_d_0000005,1920,1080,1920x1080
0000222_01650_d_0000006,1920,1080,1920x1080
0000222_02000_d_0000007,1920,1080,1920x1080
0000222_02467_d_0000008,1920,1080,1920x1080
0000222_02900_d_0000009,1920,1080,1920x1080
0000222_03100_d_0000010,1920,1080,1920x1080
0000222_03900_d_0000012,1920,1080,1920x1080
0000222_04015_d_0000013,1920,1080,1920x1080
0000222_04115_d_0000014,1920,1080,1920x1080
0000222_04900_d_0000016,1920,1080,1920x1080
0000222_05666_d_0000018,1920,1080,1920x1080
0000222_06100_d_0000019,1920,1080,1920x1080
0000223_00001_d_0000001,1920,1080,1920x1080
0000223_00501_d_0000002,1920,1080,1920x1080
0000223_00836_d_0000003,1920,1080,1920x1080
0000223_01300_d_0000004,1920,1080,1920x1080
0000223_01986_d_0000006,1920,1080,1920x1080
0000223_02203_d_0000007,1920,1080,1920x1080
0000224_00001_d_0000001,1920,1080,1920x1080
0000224_00251_d_0000002,1920,1080,1920x1080
0000224_00387_d_0000003,1920,1080,1920x1080
0000224_00636_d_0000004,1920,1080,1920x1080
0000224_01059_d_0000005,1920,1080,1920x1080
0000224_01513_d_0000006,1920,1080,1920x1080
0000225_00001_d_0000001,1920,1080,1920x1080
0000225_00460_d_0000002,1920,1080,1920x1080
0000225_00939_d_0000003,1920,1080,1920x1080
0000225_01376_d_0000004,1920,1080,1920x1080
0000225_01555_d_0000005,1920,1080,1920x1080
0000225_01730_d_0000006,1920,1080,1920x1080
0000225_01978_d_0000007,1920,1080,1920x1080
0000225_02083_d_0000008,1920,1080,1920x1080
0000225_02427_d_0000009,1920,1080,1920x1080
0000225_02567_d_0000010,1920,1080,1920x1080
0000225_03052_d_0000011,1920,1080,1920x1080
0000225_03550_d_0000012,1920,1080,1920x1080
0000225_04002_d_0000013,1920,1080,1920x1080
0000225_04167_d_0000014,1920,1080,1920x1080
0000225_04522_d_0000015,1920,1080,1920x1080
0000225_05003_d_0000016,1920,1080,1920x1080
0000226_00001_d_0000001,1920,1080,1920x1080
0000226_00500_d_0000002,1920,1080,1920x1080
0000226_00867_d_0000003,1920,1080,1920x1080
0000226_01146_d_0000004,1920,1080,1920x1080
0000226_01500_d_0000005,1920,1080,1920x1080
0000226_01700_d_0000006,1920,1080,1920x1080
0000226_02123_d_0000007,1920,1080,1920x1080
0000226_02469_d_0000008,1920,1080,1920x1080
0000226_02644_d_0000009,1920,1080,1920x1080
0000226_02755_d_0000010,1920,1080,1920x1080
0000226_02906_d_0000011,1920,1080,1920x1080
0000226_03490_d_0000012,1920,1080,1920x1080
0000226_03627_d_0000013,1920,1080,1920x1080
0000226_03899_d_0000014,1920,1080,1920x1080
0000226_04059_d_0000015,1920,1080,1920x1080
0000226_04291_d_0000016,1920,1080,1920x1080
0000226_04475_d_0000017,1920,1080,1920x1080
0000226_04986_d_0000018,1920,1080,1920x1080
0000227_00001_d_0000001,1920,1080,1920x1080
0000227_00235_d_0000002,1920,1080,1920x1080
0000228_00001_d_0000001,1920,1080,1920x1080
0000228_00500_d_0000002,1920,1080,1920x1080
0000228_01000_d_0000003,1920,1080,1920x1080
0000228_01419_d_0000004,1920,1080,1920x1080
0000228_01900_d_0000005,1920,1080,1920x1080
0000228_02416_d_0000006,1920,1080,1920x1080
0000229_00001_d_0000001,1920,1080,1920x1080
0000229_00500_d_0000002,1920,1080,1920x1080
0000229_00827_d_0000003,1920,1080,1920x1080
0000229_01203_d_0000004,1920,1080,1920x1080
0000235_00001_d_0000001,960,540,960x540
0000235_00467_d_0000002,960,540,960x540
0000235_00932_d_0000003,960,540,960x540
0000235_01411_d_0000004,960,540,960x540
0000235_01900_d_0000005,960,540,960x540
0000236_00001_d_0000001,960,540,960x540
0000236_00427_d_0000002,960,540,960x540
0000236_00811_d_0000003,960,540,960x540
0000237_00442_d_0000002,960,540,960x540
0000238_00018_d_0000001,960,540,960x540
0000239_00001_d_0000001,960,540,960x540
0000239_00500_d_0000002,960,540,960x540
0000239_00708_d_0000003,960,540,960x540
0000239_01172_d_0000004,960,540,960x540
0000239_01588_d_0000005,960,540,960x540
0000239_02003_d_0000006,960,540,960x540
0000239_02139_d_0000007,960,540,960x540
0000239_02531_d_0000008,960,540,960x540
0000239_02899_d_0000009,960,540,960x540
0000239_03333_d_0000010,960,540,960x540
0000239_03837_d_0000011,960,540,960x540
0000239_04052_d_0000012,960,540,960x540
0000239_04503_d_0000013,960,540,960x540
0000239_04995_d_0000014,960,540,960x540
0000239_05475_d_0000015,960,540,960x540
0000239_05950_d_0000016,960,540,960x540
0000239_06450_d_0000017,960,540,960x540
0000239_06950_d_0000018,960,540,960x540
0000239_07259_d_0000019,960,540,960x540
0000239_07435_d_0000020,960,540,960x540
0000239_07930_d_0000021,960,540,960x540
0000239_08430_d_0000022,960,540,960x540
0000239_08900_d_0000023,960,540,960x540
0000239_09400_d_0000024,960,540,960x540
0000239_09866_d_0000025,960,540,960x540
0000239_11139_d_0000028,960,540,960x540
0000239_11620_d_0000029,960,540,960x540
0000239_11827_d_0000030,960,540,960x540
0000239_12115_d_0000031,960,540,960x540
0000239_12601_d_0000032,960,540,960x540
0000239_13100_d_0000033,960,540,960x540
0000240_00001_d_0000001,960,540,960x540
0000240_00500_d_0000002,960,540,960x540
0000240_00978_d_0000003,960,540,960x540
0000240_01205_d_0000004,960,540,960x540
0000240_01690_d_0000005,960,540,960x540
0000240_02075_d_0000006,960,540,960x540
0000240_02531_d_0000007,960,540,960x540
0000240_03011_d_0000008,960,540,960x540
0000243_00001_d_0000001,960,540,960x540
0000243_00500_d_0000002,960,540,960x540
0000243_01000_d_0000003,960,540,960x540
0000243_01500_d_0000004,960,540,960x540
0000243_01787_d_0000005,960,540,960x540
0000243_01995_d_0000006,960,540,960x540
0000247_00002_d_0000001,960,540,960x540
0000248_01500_d_0000004,960,540,960x540
0000251_00001_d_0000001,960,540,960x540
0000251_00155_d_0000002,960,540,960x540
0000251_00450_d_0000003,960,540,960x540
0000251_00850_d_0000004,960,540,960x540
0000252_00001_d_0000001,960,540,960x540
0000252_00499_d_0000002,960,540,960x540
0000252_00800_d_0000003,960,540,960x540
0000252_00987_d_0000004,960,540,960x540
0000252_01210_d_0000005,960,540,960x540
0000254_01500_d_0000004,960,540,960x540
0000256_00001_d_0000014,1360,765,1360x765
0000256_00403_d_0000017,1360,765,1360x765
0000256_00594_d_0000018,1360,765,1360x765
0000256_00932_d_0000020,1360,765,1360x765
0000256_01110_d_0000021,1360,765,1360x765
0000256_01210_d_0000022,1360,765,1360x765
0000256_01350_d_0000023,1360,765,1360x765
0000256_01516_d_0000024,1360,765,1360x765
0000256_01740_d_0000025,1360,765,1360x765
0000256_01834_d_0000026,1360,765,1360x765
0000256_01924_d_0000027,1360,765,1360x765
0000256_01973_d_0000028,1360,765,1360x765
0000256_02073_d_0000029,1360,765,1360x765
0000256_02273_d_0000031,1360,765,1360x765
0000256_02373_d_0000032,1360,765,1360x765
0000256_03204_d_0000033,1360,765,1360x765
0000256_03304_d_0000034,1360,765,1360x765
0000256_03644_d_0000035,1360,765,1360x765
0000256_04356_d_0000036,1360,765,1360x765
0000256_04693_d_0000038,1360,765,1360x765
0000256_04719_d_0000039,1360,765,1360x765
0000256_04759_d_0000040,1360,765,1360x765
0000256_04812_d_0000041,1360,765,1360x765
0000257_00001_d_0000042,1360,765,1360x765
0000257_00249_d_0000043,1360,765,1360x765
0000257_00359_d_0000044,1360,765,1360x765
0000257_00621_d_0000045,1360,765,1360x765
0000257_00871_d_0000046,1360,765,1360x765
0000257_01295_d_0000047,1360,765,1360x765
0000257_01551_d_0000049,1360,765,1360x765
0000257_01607_d_0000050,1360,765,1360x765
0000257_01656_d_0000051,1360,765,1360x765
0000257_01698_d_0000052,1360,765,1360x765
0000257_01725_d_0000053,1360,765,1360x765
0000257_02072_d_0000054,1360,765,1360x765
0000257_02550_d_0000055,1360,765,1360x765
0000257_02841_d_0000056,1360,765,1360x765
0000257_03254_d_0000057,1360,765,1360x765
0000257_03360_d_0000058,1360,765,1360x765
0000257_03482_d_0000059,1360,765,1360x765
0000257_03639_d_0000060,1360,765,1360x765
0000257_03739_d_0000061,1360,765,1360x765
0000257_03864_d_0000062,1360,765,1360x765
0000257_03964_d_0000063,1360,765,1360x765
0000257_04069_d_0000064,1360,765,1360x765
0000257_04249_d_0000066,1360,765,1360x765
0000257_04349_d_0000067,1360,765,1360x765
0000257_04451_d_0000068,1360,765,1360x765
0000258_00001_d_0000069,1360,765,1360x765
0000258_00301_d_0000070,1360,765,1360x765
0000258_00657_d_0000071,1360,765,1360x765
0000258_01168_d_0000072,1360,765,1360x765
0000258_01368_d_0000073,1360,765,1360x765
0000258_01628_d_0000074,1360,765,1360x765
0000258_01938_d_0000075,1360,765,1360x765
0000258_02119_d_0000076,1360,765,1360x765
0000258_02366_d_0000077,1360,765,1360x765
0000258_02669_d_0000078,1360,765,1360x765
0000258_02910_d_0000079,1360,765,1360x765
0000258_03072_d_0000080,1360,765,1360x765
0000260_00001_d_0000103,1360,765,1360x765
0000260_00441_d_0000104,1360,765,1360x765
0000260_01281_d_0000106,1360,765,1360x765
0000260_01408_d_0000107,1360,765,1360x765
0000260_01609_d_0000109,1360,765,1360x765
0000260_02109_d_0000110,1360,765,1360x765
0000260_02609_d_0000111,1360,765,1360x765
0000260_03079_d_0000112,1360,765,1360x765
0000260_03359_d_0000115,1360,765,1360x765
0000260_03859_d_0000116,1360,765,1360x765
0000260_04059_d_0000117,1360,765,1360x765
0000260_04159_d_0000118,1360,765,1360x765
0000260_04458_d_0000119,1360,765,1360x765
0000261_00001_d_0000120,1360,765,1360x765
0000261_00401_d_0000121,1360,765,1360x765
0000261_00601_d_0000122,1360,765,1360x765
0000261_01101_d_0000123,1360,765,1360x765
0000261_01601_d_0000124,1360,765,1360x765
0000261_01801_d_0000125,1360,765,1360x765
0000261_02001_d_0000126,1360,765,1360x765
0000261_02301_d_0000127,1360,765,1360x765
0000261_02501_d_0000128,1360,765,1360x765
0000261_02801_d_0000129,1360,765,1360x765
0000261_03301_d_0000130,1360,765,1360x765
0000261_03401_d_0000131,1360,765,1360x765
0000261_03501_d_0000132,1360,765,1360x765
0000261_03701_d_0000133,1360,765,1360x765
0000261_04201_d_0000134,1360,765,1360x765
0000261_04501_d_0000135,1360,765,1360x765
0000261_04801_d_0000136,1360,765,1360x765
0000261_04901_d_0000137,1360,765,1360x765
0000261_05301_d_0000138,1360,765,1360x765
0000261_05501_d_0000139,1360,765,1360x765
0000261_05775_d_0000140,1360,765,1360x765
0000263_00001_d_0000173,1360,765,1360x765
0000263_00601_d_0000176,1360,765,1360x765
0000263_02001_d_0000177,1360,765,1360x765
0000263_02201_d_0000178,1360,765,1360x765
0000263_02601_d_0000180,1360,765,1360x765
0000263_03201_d_0000183,1360,765,1360x765
0000263_04001_d_0000187,1360,765,1360x765
0000263_04401_d_0000189,1360,765,1360x765
0000263_04801_d_0000191,1360,765,1360x765
0000263_05001_d_0000192,1360,765,1360x765
0000263_05201_d_0000193,1360,765,1360x765
0000264_00001_d_0000194,1360,765,1360x765
0000264_00201_d_0000195,1360,765,1360x765
0000264_00401_d_0000196,1360,765,1360x765
0000264_00601_d_0000197,1360,765,1360x765
0000264_00801_d_0000198,1360,765,1360x765
0000264_01001_d_0000199,1360,765,1360x765
0000264_01201_d_0000200,1360,765,1360x765
0000264_01401_d_0000201,1360,765,1360x765
0000264_01601_d_0000202,1360,765,1360x765
0000264_01801_d_0000203,1360,765,1360x765
0000264_02001_d_0000204,1360,765,1360x765
0000264_02201_d_0000205,1360,765,1360x765
0000264_02401_d_0000206,1360,765,1360x765
0000264_02601_d_0000207,1360,765,1360x765
0000264_02801_d_0000208,1360,765,1360x765
0000264_03001_d_0000209,1360,765,1360x765
0000264_03201_d_0000210,1360,765,1360x765
0000264_03401_d_0000211,1360,765,1360x765
0000264_03801_d_0000213,1360,765,1360x765
0000264_04001_d_0000214,1360,765,1360x765
0000264_04201_d_0000215,1360,765,1360x765
0000264_04401_d_0000216,1360,765,1360x765
0000264_04601_d_0000217,1360,765,1360x765
0000266_08201_d_0000276,1920,1080,1920x1080
0000267_00401_d_0000281,1920,1080,1920x1080
0000270_00201_d_0000354,1360,765,1360x765
0000270_00401_d_0000355,1360,765,1360x765
0000270_00801_d_0000357,1360,765,1360x765
0000270_02601_d_0000366,1360,765,1360x765
0000270_03401_d_0000370,1360,765,1360x765
0000270_03801_d_0000372,1360,765,1360x765
0000270_04001_d_0000373,1360,765,1360x765
0000273_00001_d_0000439,1360,765,1360x765
0000273_01001_d_0000444,1360,765,1360x765
0000273_02001_d_0000449,1360,765,1360x765
0000273_02201_d_0000450,1360,765,1360x765
0000273_03001_d_0000454,1360,765,1360x765
0000273_04601_d_0000461,1360,765,1360x765
0000275_00001_d_0000497,1360,765,1360x765
0000275_00201_d_0000498,1360,765,1360x765
0000275_00401_d_0000499,1360,765,1360x765
0000275_00601_d_0000500,1360,765,1360x765
0000275_00801_d_0000501,1360,765,1360x765
0000275_01001_d_0000502,1360,765,1360x765
0000275_01201_d_0000503,1360,765,1360x765
0000275_01401_d_0000504,1360,765,1360x765
0000275_01801_d_0000506,1360,765,1360x765
0000279_00001_d_0000584,1360,765,1360x765
0000279_00601_d_0000587,1360,765,1360x765
0000279_01401_d_0000591,1360,765,1360x765
0000279_01601_d_0000592,1360,765,1360x765
0000279_01801_d_0000593,1360,765,1360x765
0000279_02001_d_0000594,1360,765,1360x765
0000279_02201_d_0000595,1360,765,1360x765
0000279_02401_d_0000596,1360,765,1360x765
0000279_02601_d_0000597,1360,765,1360x765
0000279_03001_d_0000598,1360,765,1360x765
0000279_03601_d_0000600,1360,765,1360x765
0000279_04601_d_0000604,1360,765,1360x765
0000279_05001_d_0000606,1360,765,1360x765
0000279_05201_d_0000607,1360,765,1360x765
0000279_05401_d_0000608,1360,765,1360x765
0000279_05801_d_0000610,1360,765,1360x765
0000281_00201_d_0000630,1360,765,1360x765
0000281_00601_d_0000631,1360,765,1360x765
0000281_01201_d_0000634,1360,765,1360x765
0000281_01401_d_0000635,1360,765,1360x765
0000281_02001_d_0000637,1360,765,1360x765
0000281_02201_d_0000638,1360,765,1360x765
0000281_02601_d_0000639,1360,765,1360x765
0000281_02801_d_0000640,1360,765,1360x765
0000281_03001_d_0000641,1360,765,1360x765
0000281_03201_d_0000642,1360,765,1360x765
0000281_03401_d_0000643,1360,765,1360x765
0000281_03601_d_0000644,1360,765,1360x765
0000281_03801_d_0000645,1360,765,1360x765
0000284_00801_d_0000683,1920,1080,1920x1080
0000284_03801_d_0000691,1920,1080,1920x1080
0000284_04001_d_0000692,1920,1080,1920x1080
0000288_00001_d_0000785,1360,765,1360x765
0000288_00201_d_0000786,1360,765,1360x765
0000288_00601_d_0000788,1360,765,1360x765
0000288_01201_d_0000791,1360,765,1360x765
0000288_01601_d_0000792,1360,765,1360x765
0000288_02001_d_0000794,1360,765,1360x765
0000288_02401_d_0000796,1360,765,1360x765
0000288_02601_d_0000797,1360,765,1360x765
0000288_02801_d_0000798,1360,765,1360x765
0000288_03001_d_0000799,1360,765,1360x765
0000288_03601_d_0000802,1360,765,1360x765
0000288_03801_d_0000803,1360,765,1360x765
0000288_04201_d_0000804,1360,765,1360x765
0000288_04401_d_0000805,1360,765,1360x765
0000288_04601_d_0000806,1360,765,1360x765
0000288_04801_d_0000807,1360,765,1360x765
0000288_05201_d_0000808,1360,765,1360x765
0000288_05401_d_0000809,1360,765,1360x765
0000288_05601_d_0000810,1360,765,1360x765
0000290_00001_d_0000848,1360,765,1360x765
0000290_00201_d_0000849,1360,765,1360x765
0000290_00401_d_0000850,1360,765,1360x765
0000290_00601_d_0000851,1360,765,1360x765
0000290_00801_d_0000852,1360,765,1360x765
0000290_01001_d_0000853,1360,765,1360x765
0000290_01201_d_0000854,1360,765,1360x765
0000290_01401_d_0000855,1360,765,1360x765
0000290_02201_d_0000858,1360,765,1360x765
0000290_02401_d_0000859,1360,765,1360x765
0000290_02601_d_0000860,1360,765,1360x765
0000290_02801_d_0000861,1360,765,1360x765
0000290_03001_d_0000862,1360,765,1360x765
0000290_03201_d_0000863,1360,765,1360x765
0000290_03401_d_0000864,1360,765,1360x765
0000290_03601_d_0000865,1360,765,1360x765
0000293_00201_d_0000924,1360,765,1360x765
0000293_01001_d_0000927,1360,765,1360x765
0000293_01401_d_0000929,1360,765,1360x765
0000293_02001_d_0000932,1360,765,1360x765
0000293_02401_d_0000934,1360,765,1360x765
0000293_02601_d_0000935,1360,765,1360x765
0000293_02801_d_0000936,1360,765,1360x765
0000293_03401_d_0000939,1360,765,1360x765
0000293_04001_d_0000942,1360,765,1360x765
0000297_00001_d_0000057,1360,765,1360x765
0000297_00201_d_0000058,1360,765,1360x765
0000297_01401_d_0000064,1360,765,1360x765
0000300_00001_d_0000138,1360,765,1360x765
0000300_00601_d_0000141,1360,765,1360x765
0000300_00801_d_0000142,1360,765,1360x765
0000300_01001_d_0000143,1360,765,1360x765
0000300_01201_d_0000144,1360,765,1360x765
0000300_01401_d_0000145,1360,765,1360x765
0000300_01801_d_0000147,1360,765,1360x765
0000300_02001_d_0000148,1360,765,1360x765
0000300_02401_d_0000150,1360,765,1360x765
0000300_02601_d_0000151,1360,765,1360x765
0000300_02801_d_0000152,1360,765,1360x765
0000300_03401_d_0000155,1360,765,1360x765
0000303_00001_d_0000183,1360,765,1360x765
0000303_00401_d_0000185,1360,765,1360x765
0000303_00601_d_0000186,1360,765,1360x765
0000303_00801_d_0000187,1360,765,1360x765
0000303_01001_d_0000188,1360,765,1360x765
0000303_01601_d_0000191,1360,765,1360x765
0000303_02201_d_0000194,1360,765,1360x765
0000303_02601_d_0000196,1360,765,1360x765
0000303_02801_d_0000197,1360,765,1360x765
0000303_03001_d_0000198,1360,765,1360x765
0000303_03201_d_0000199,1360,765,1360x765
0000303_03601_d_0000201,1360,765,1360x765
0000304_00001_d_0000202,1360,765,1360x765
0000304_00201_d_0000203,1360,765,1360x765
0000305_00001_d_0000213,1360,765,1360x765
0000305_00401_d_0000215,1360,765,1360x765
0000305_00601_d_0000216,1360,765,1360x765
0000305_00801_d_0000217,1360,765,1360x765
0000305_01001_d_0000218,1360,765,1360x765
0000305_01201_d_0000219,1360,765,1360x765
0000305_01401_d_0000220,1360,765,1360x765
0000305_01601_d_0000221,1360,765,1360x765
0000305_01801_d_0000222,1360,765,1360x765
0000305_02401_d_0000225,1360,765,1360x765
0000305_02601_d_0000226,1360,765,1360x765
0000305_02801_d_0000227,1360,765,1360x765
0000305_03601_d_0000231,1360,765,1360x765
0000305_04601_d_0000236,1360,765,1360x765
0000307_00001_d_0000268,1360,765,1360x765
0000307_02401_d_0000280,1360,765,1360x765
0000307_05601_d_0000296,1360,765,1360x765
0000307_05801_d_0000297,1360,765,1360x765
0000307_06001_d_0000298,1360,765,1360x765
0000307_06201_d_0000299,1360,765,1360x765
0000307_06401_d_0000300,1360,765,1360x765
0000307_06601_d_0000301,1360,765,1360x765
0000307_06801_d_0000302,1360,765,1360x765
0000307_07001_d_0000303,1360,765,1360x765
0000307_07201_d_0000304,1360,765,1360x765
0000308_00001_d_0000305,1360,765,1360x765
0000308_00401_d_0000307,1360,765,1360x765
0000308_00601_d_0000308,1360,765,1360x765
0000308_00801_d_0000309,1360,765,1360x765
0000308_01201_d_0000311,1360,765,1360x765
0000308_01401_d_0000312,1360,765,1360x765
0000308_01801_d_0000314,1360,765,1360x765
0000308_02001_d_0000315,1360,765,1360x765
0000308_02201_d_0000316,1360,765,1360x765
0000308_05201_d_0000331,1360,765,1360x765
0000308_05401_d_0000332,1360,765,1360x765
0000309_00001_d_0000333,1360,765,1360x765
0000309_00201_d_0000334,1360,765,1360x765
0000309_00401_d_0000335,1360,765,1360x765
0000309_00601_d_0000336,1360,765,1360x765
0000309_00801_d_0000337,1360,765,1360x765
0000309_01001_d_0000338,1360,765,1360x765
0000309_01201_d_0000339,1360,765,1360x765
0000309_01401_d_0000340,1360,765,1360x765
0000309_01601_d_0000341,1360,765,1360x765
0000309_01801_d_0000342,1360,765,1360x765
0000309_02201_d_0000344,1360,765,1360x765
0000309_02401_d_0000345,1360,765,1360x765
0000309_02601_d_0000346,1360,765,1360x765
0000309_02801_d_0000347,1360,765,1360x765
0000309_03001_d_0000348,1360,765,1360x765
0000309_03201_d_0000349,1360,765,1360x765
0000309_03401_d_0000350,1360,765,1360x765
0000309_03601_d_0000351,1360,765,1360x765
0000309_03801_d_0000352,1360,765,1360x765
0000309_04001_d_0000353,1360,765,1360x765
0000309_04201_d_0000354,1360,765,1360x765
0000309_04401_d_0000355,1360,765,1360x765
0000309_04601_d_0000356,1360,765,1360x765
0000313_00001_d_0000436,1360,765,1360x765
0000313_00201_d_0000437,1360,765,1360x765
0000313_00801_d_0000440,1360,765,1360x765
0000313_01001_d_0000441,1360,765,1360x765
0000313_01401_d_0000443,1360,765,1360x765
0000313_01601_d_0000444,1360,765,1360x765
0000313_01801_d_0000445,1360,765,1360x765
0000313_02001_d_0000446,1360,765,1360x765
0000313_02401_d_0000448,1360,765,1360x765
0000313_03401_d_0000453,1360,765,1360x765
0000313_03601_d_0000454,1360,765,1360x765
0000313_04401_d_0000458,1360,765,1360x765
0000313_04601_d_0000459,1360,765,1360x765
0000313_04801_d_0000460,1360,765,1360x765
0000313_05001_d_0000461,1360,765,1360x765
0000313_05401_d_0000463,1360,765,1360x765
0000313_05601_d_0000464,1360,765,1360x765
0000313_05801_d_0000465,1360,765,1360x765
0000313_06001_d_0000466,1360,765,1360x765
0000313_06201_d_0000467,1360,765,1360x765
0000313_06801_d_0000470,1360,765,1360x765
0000315_00001_d_0000501,1360,765,1360x765
0000315_00201_d_0000502,1360,765,1360x765
0000315_00401_d_0000503,1360,765,1360x765
0000315_01001_d_0000506,1360,765,1360x765
0000315_02201_d_0000512,1360,765,1360x765
0000315_02801_d_0000515,1360,765,1360x765
0000315_03001_d_0000516,1360,765,1360x765
0000315_03401_d_0000518,1360,765,1360x765
0000318_03201_d_0000570,1360,765,1360x765
0000318_03401_d_0000571,1360,765,1360x765
0000322_00001_d_0000629,1360,765,1360x765
0000323_00401_d_0000634,1360,765,1360x765
0000323_01801_d_0000641,1360,765,1360x765
0000323_02001_d_0000642,1360,765,1360x765
0000323_02201_d_0000643,1360,765,1360x765
0000323_02401_d_0000644,1360,765,1360x765
0000323_02801_d_0000646,1360,765,1360x765
0000323_03001_d_0000647,1360,765,1360x765
0000325_00001_d_0000662,1360,765,1360x765
0000325_00201_d_0000663,1360,765,1360x765
0000325_00801_d_0000666,1360,765,1360x765
0000325_01001_d_0000667,1360,765,1360x765
0000325_01201_d_0000668,1360,765,1360x765
0000325_01401_d_0000669,1360,765,1360x765
0000325_01601_d_0000670,1360,765,1360x765
0000325_01801_d_0000671,1360,765,1360x765
0000325_02001_d_0000672,1360,765,1360x765
0000325_02201_d_0000673,1360,765,1360x765
0000325_02601_d_0000675,1360,765,1360x765
0000325_02801_d_0000676,1360,765,1360x765
0000325_03001_d_0000677,1360,765,1360x765
0000325_03201_d_0000678,1360,765,1360x765
0000325_03401_d_0000679,1360,765,1360x765
0000325_03601_d_0000680,1360,765,1360x765
0000325_03801_d_0000681,1360,765,1360x765
0000325_04001_d_0000682,1360,765,1360x765
0000325_04201_d_0000683,1360,765,1360x765
0000325_04401_d_0000684,1360,765,1360x765
0000325_04601_d_0000685,1360,765,1360x765
0000325_04801_d_0000686,1360,765,1360x765
0000325_05601_d_0000690,1360,765,1360x765
0000325_05801_d_0000691,1360,765,1360x765
0000325_06001_d_0000692,1360,765,1360x765
0000325_06201_d_0000693,1360,765,1360x765
0000325_06401_d_0000694,1360,765,1360x765
0000325_06601_d_0000695,1360,765,1360x765
0000326_00001_d_0000696,1360,765,1360x765
0000326_00201_d_0000697,1360,765,1360x765
0000326_02801_d_0000710,1360,765,1360x765
0000329_00601_d_0000768,1360,765,1360x765
0000329_02001_d_0000775,1360,765,1360x765
0000329_02401_d_0000777,1360,765,1360x765
0000329_02601_d_0000778,1360,765,1360x765
0000329_03201_d_0000781,1360,765,1360x765
0000329_03601_d_0000783,1360,765,1360x765
0000329_04401_d_0000787,1360,765,1360x765
0000329_05401_d_0000792,1360,765,1360x765
0000329_05601_d_0000793,1360,765,1360x765
0000329_06001_d_0000795,1360,765,1360x765
0000329_06201_d_0000796,1360,765,1360x765
0000329_06401_d_0000797,1360,765,1360x765
0000329_06601_d_0000798,1360,765,1360x765
0000329_06801_d_0000799,1360,765,1360x765
0000331_00001_d_0000824,1360,765,1360x765
0000331_00001_d_0000841,1360,765,1360x765
0000331_00201_d_0000825,1360,765,1360x765
0000331_00201_d_0000842,1360,765,1360x765
0000331_00401_d_0000826,1360,765,1360x765
0000331_00401_d_0000843,1360,765,1360x765
0000331_00601_d_0000827,1360,765,1360x765
0000331_00601_d_0000844,1360,765,1360x765
0000331_00801_d_0000828,1360,765,1360x765
0000331_00801_d_0000845,1360,765,1360x765
0000331_01001_d_0000829,1360,765,1360x765
0000331_01001_d_0000846,1360,765,1360x765
0000331_01201_d_0000847,1360,765,1360x765
0000331_01401_d_0000831,1360,765,1360x765
0000331_01401_d_0000848,1360,765,1360x765
0000331_01601_d_0000832,1360,765,1360x765
0000331_01601_d_0000849,1360,765,1360x765
0000331_01801_d_0000850,1360,765,1360x765
0000331_02201_d_0000852,1360,765,1360x765
0000331_02401_d_0000853,1360,765,1360x765
0000331_02801_d_0000855,1360,765,1360x765
0000331_03001_d_0000839,1360,765,1360x765
0000331_03001_d_0000856,1360,765,1360x765
0000331_03201_d_0000840,1360,765,1360x765
0000331_03201_d_0000857,1360,765,1360x765
0000331_03601_d_0000859,1360,765,1360x765
0000331_04601_d_0000864,1360,765,1360x765
0000334_00001_d_0000021,1360,765,1360x765
0000334_00197_d_0000022,1360,765,1360x765
0000334_00393_d_0000023,1360,765,1360x765
0000334_00589_d_0000024,1360,765,1360x765
0000334_00785_d_0000025,1360,765,1360x765
0000334_00981_d_0000026,1360,765,1360x765
0000334_01177_d_0000027,1360,765,1360x765
0000334_01373_d_0000028,1360,765,1360x765
0000334_01569_d_0000029,1360,765,1360x765
0000334_01765_d_0000030,1360,765,1360x765
0000334_01961_d_0000031,1360,765,1360x765
0000334_02157_d_0000032,1360,765,1360x765
0000334_02353_d_0000033,1360,765,1360x765
0000334_02549_d_0000034,1360,765,1360x765
0000334_02745_d_0000035,1360,765,1360x765
0000334_02941_d_0000036,1360,765,1360x765
0000334_03137_d_0000037,1360,765,1360x765
0000334_03333_d_0000038,1360,765,1360x765
0000334_03529_d_0000039,1360,765,1360x765
0000334_03725_d_0000040,1360,765,1360x765
0000334_03921_d_0000041,1360,765,1360x765
0000334_04117_d_0000042,1360,765,1360x765
0000338_00001_d_0000138,1360,765,1360x765
0000338_00785_d_0000142,1360,765,1360x765
0000338_01177_d_0000144,1360,765,1360x765
0000338_01373_d_0000145,1360,765,1360x765
0000338_01569_d_0000146,1360,765,1360x765
0000338_01765_d_0000147,1360,765,1360x765
0000338_01961_d_0000148,1360,765,1360x765
0000338_02353_d_0000150,1360,765,1360x765
0000338_02745_d_0000152,1360,765,1360x765
0000338_03725_d_0000157,1360,765,1360x765
0000338_04313_d_0000160,1360,765,1360x765
0000339_00001_d_0000161,1360,765,1360x765
0000339_00197_d_0000162,1360,765,1360x765
0000339_00393_d_0000163,1360,765,1360x765
0000339_00589_d_0000164,1360,765,1360x765
0000339_00785_d_0000165,1360,765,1360x765
0000339_00981_d_0000166,1360,765,1360x765
0000339_01177_d_0000167,1360,765,1360x765
0000339_01569_d_0000169,1360,765,1360x765
0000339_01765_d_0000170,1360,765,1360x765
0000339_01961_d_0000171,1360,765,1360x765
0000339_02157_d_0000172,1360,765,1360x765
0000339_02353_d_0000173,1360,765,1360x765
0000339_02549_d_0000174,1360,765,1360x765
0000339_02745_d_0000175,1360,765,1360x765
0000339_02941_d_0000176,1360,765,1360x765
0000339_03137_d_0000177,1360,765,1360x765
0000339_03529_d_0000179,1360,765,1360x765
0000339_03725_d_0000180,1360,765,1360x765
0000342_00197_d_0000243,1360,765,1360x765
0000342_00589_d_0000245,1360,765,1360x765
0000342_00785_d_0000246,1360,765,1360x765
0000342_00981_d_0000247,1360,765,1360x765
0000342_01177_d_0000248,1360,765,1360x765
0000342_01569_d_0000250,1360,765,1360x765
0000342_01765_d_0000251,1360,765,1360x765
0000342_01961_d_0000252,1360,765,1360x765
0000342_02353_d_0000254,1360,765,1360x765
0000342_02549_d_0000255,1360,765,1360x765
0000342_02745_d_0000256,1360,765,1360x765
0000342_02941_d_0000257,1360,765,1360x765
0000342_03137_d_0000258,1360,765,1360x765
0000342_03333_d_0000259,1360,765,1360x765
0000342_03529_d_0000260,1360,765,1360x765
0000342_03725_d_0000261,1360,765,1360x765
0000342_03921_d_0000262,1360,765,1360x765
0000342_04117_d_0000263,1360,765,1360x765
0000342_04313_d_0000264,1360,765,1360x765
0000342_04509_d_0000265,1360,765,1360x765
0000342_04705_d_0000266,1360,765,1360x765
0000342_04901_d_0000267,1360,765,1360x765
0000342_05293_d_0000269,1360,765,1360x765
0000342_05489_d_0000270,1360,765,1360x765
0000342_05685_d_0000271,1360,765,1360x765
0000342_06273_d_0000274,1360,765,1360x765
0000343_00197_d_0000276,1360,765,1360x765
0000343_01373_d_0000282,1360,765,1360x765
0000343_01569_d_0000283,1360,765,1360x765
0000343_03137_d_0000291,1360,765,1360x765
0000344_00001_d_0000293,1360,765,1360x765
0000344_01177_d_0000299,1360,765,1360x765
0000344_01569_d_0000301,1360,765,1360x765
0000344_01765_d_0000302,1360,765,1360x765
0000344_01961_d_0000303,1360,765,1360x765
0000344_02157_d_0000304,1360,765,1360x765
0000344_02353_d_0000305,1360,765,1360x765
0000344_02549_d_0000306,1360,765,1360x765
0000344_02745_d_0000307,1360,765,1360x765
0000344_02941_d_0000308,1360,765,1360x765
0000345_00001_d_0000309,1360,765,1360x765
0000345_00197_d_0000310,1360,765,1360x765
0000345_00393_d_0000311,1360,765,1360x765
0000345_00589_d_0000312,1360,765,1360x765
0000345_00785_d_0000313,1360,765,1360x765
0000345_00981_d_0000314,1360,765,1360x765
0000345_01177_d_0000315,1360,765,1360x765
0000345_01373_d_0000316,1360,765,1360x765
0000345_01765_d_0000318,1360,765,1360x765
0000345_02549_d_0000322,1360,765,1360x765
0000345_02745_d_0000323,1360,765,1360x765
0000345_03137_d_0000325,1360,765,1360x765
0000348_00001_d_0000406,1360,765,1360x765
0000348_00197_d_0000407,1360,765,1360x765
0000348_00393_d_0000408,1360,765,1360x765
0000348_01373_d_0000413,1360,765,1360x765
0000348_01569_d_0000414,1360,765,1360x765
0000348_01765_d_0000415,1360,765,1360x765
0000348_01961_d_0000416,1360,765,1360x765
0000348_02157_d_0000417,1360,765,1360x765
0000348_02353_d_0000418,1360,765,1360x765
0000348_02745_d_0000420,1360,765,1360x765
0000348_02941_d_0000421,1360,765,1360x765
0000348_03137_d_0000422,1360,765,1360x765
0000348_03529_d_0000424,1360,765,1360x765
0000348_03725_d_0000425,1360,765,1360x765
0000348_03921_d_0000426,1360,765,1360x765
0000348_04117_d_0000427,1360,765,1360x765
0000348_04901_d_0000431,1360,765,1360x765
0000348_05097_d_0000432,1360,765,1360x765
0000348_05293_d_0000433,1360,765,1360x765
0000348_05489_d_0000434,1360,765,1360x765
0000348_06077_d_0000437,1360,765,1360x765
0000348_06469_d_0000439,1360,765,1360x765
0000349_00001_d_0000440,1360,765,1360x765
0000349_01961_d_0000450,1360,765,1360x765
0000349_02157_d_0000451,1360,765,1360x765
0000349_04313_d_0000462,1360,765,1360x765
0000349_04509_d_0000463,1360,765,1360x765
0000349_04705_d_0000464,1360,765,1360x765
0000349_04901_d_0000465,1360,765,1360x765
0000349_05097_d_0000466,1360,765,1360x765
0000349_05489_d_0000468,1360,765,1360x765
0000349_05685_d_0000469,1360,765,1360x765
0000349_05881_d_0000470,1360,765,1360x765
0000349_06077_d_0000471,1360,765,1360x765
0000351_00001_d_0000519,1360,765,1360x765
0000351_00197_d_0000520,1360,765,1360x765
0000351_00393_d_0000521,1360,765,1360x765
0000351_00589_d_0000522,1360,765,1360x765
0000351_00785_d_0000523,1360,765,1360x765
0000351_00981_d_0000524,1360,765,1360x765
0000351_01569_d_0000527,1360,765,1360x765
0000351_01765_d_0000528,1360,765,1360x765
0000351_01961_d_0000529,1360,765,1360x765
0000351_02157_d_0000530,1360,765,1360x765
0000351_02353_d_0000531,1360,765,1360x765
0000351_02549_d_0000532,1360,765,1360x765
0000351_02745_d_0000533,1360,765,1360x765
0000351_02941_d_0000534,1360,765,1360x765
0000351_03137_d_0000535,1360,765,1360x765
0000351_03333_d_0000536,1360,765,1360x765
0000351_03529_d_0000537,1360,765,1360x765
0000351_03725_d_0000538,1360,765,1360x765
0000352_00001_d_0000539,1360,765,1360x765
0000352_00197_d_0000540,1360,765,1360x765
0000352_00393_d_0000541,1360,765,1360x765
0000352_00785_d_0000543,1360,765,1360x765
0000352_00981_d_0000544,1360,765,1360x765
0000352_01177_d_0000545,1360,765,1360x765
0000352_01373_d_0000546,1360,765,1360x765
0000352_01569_d_0000547,1360,765,1360x765
0000352_01765_d_0000548,1360,765,1360x765
0000352_01961_d_0000549,1360,765,1360x765
0000352_02157_d_0000550,1360,765,1360x765
0000352_02353_d_0000551,1360,765,1360x765
0000352_02549_d_0000552,1360,765,1360x765
0000352_02745_d_0000553,1360,765,1360x765
0000352_02941_d_0000554,1360,765,1360x765
0000352_03137_d_0000555,1360,765,1360x765
0000352_03333_d_0000556,1360,765,1360x765
0000352_03529_d_0000557,1360,765,1360x765
0000352_04117_d_0000560,1360,765,1360x765
0000352_04313_d_0000561,1360,765,1360x765
0000352_04509_d_0000562,1360,765,1360x765
0000352_04705_d_0000563,1360,765,1360x765
0000352_04901_d_0000564,1360,765,1360x765
0000352_05097_d_0000565,1360,765,1360x765
0000352_05293_d_0000566,1360,765,1360x765
0000352_05489_d_0000567,1360,765,1360x765
0000352_05685_d_0000568,1360,765,1360x765
0000352_05881_d_0000569,1360,765,1360x765
0000352_06077_d_0000570,1360,765,1360x765
0000352_06273_d_0000571,1360,765,1360x765
0000352_06469_d_0000572,1360,765,1360x765
0000352_06665_d_0000573,1360,765,1360x765
0000357_00981_d_0000661,1360,765,1360x765
0000357_02549_d_0000669,1360,765,1360x765
0000357_04509_d_0000679,1360,765,1360x765
0000358_00393_d_0000682,1360,765,1360x765
0000358_01177_d_0000686,1360,765,1360x765
0000358_01765_d_0000689,1360,765,1360x765
0000358_02157_d_0000691,1360,765,1360x765
0000358_02353_d_0000692,1360,765,1360x765
0000358_02549_d_0000693,1360,765,1360x765
0000361_00001_d_0000753,1360,765,1360x765
0000361_00197_d_0000754,1360,765,1360x765
0000361_00589_d_0000756,1360,765,1360x765
0000361_00785_d_0000757,1360,765,1360x765
0000361_00981_d_0000758,1360,765,1360x765
0000361_04509_d_0000776,1360,765,1360x765
0000363_00589_d_0000786,960,540,960x540
0000363_00785_d_0000787,960,540,960x540
0000363_00981_d_0000788,960,540,960x540
0000363_01177_d_0000789,960,540,960x540
0000363_01373_d_0000790,960,540,960x540
0000363_01569_d_0000791,960,540,960x540
0000363_01961_d_0000792,960,540,960x540
0000363_02157_d_0000793,960,540,960x540
0000363_02353_d_0000794,960,540,960x540
0000363_02549_d_0000795,960,540,960x540
0000363_02745_d_0000796,960,540,960x540
0000363_03529_d_0000797,960,540,960x540
0000366_00197_d_0000787,1360,765,1360x765
0000366_00589_d_0000788,1360,765,1360x765
0000366_01569_d_0000790,1360,765,1360x765
0000366_01765_d_0000791,1360,765,1360x765
0000366_02745_d_0000793,1360,765,1360x765
0000366_03137_d_0000794,1360,765,1360x765
0000366_03333_d_0000795,1360,765,1360x765
0000366_03529_d_0000796,1360,765,1360x765
0000366_03921_d_0000797,1360,765,1360x765
0000366_04117_d_0000798,1360,765,1360x765
0000366_04313_d_0000799,1360,765,1360x765
0000366_04901_d_0000801,1360,765,1360x765
0000366_05097_d_0000802,1360,765,1360x765
0000366_05293_d_0000803,1360,765,1360x765
0000366_05489_d_0000804,1360,765,1360x765
0000366_05881_d_0000806,1360,765,1360x765
0000366_06077_d_0000807,1360,765,1360x765
0000366_06273_d_0000808,1360,765,1360x765
0000366_06469_d_0000809,1360,765,1360x765
0000366_07057_d_0000812,1360,765,1360x765
0000366_08233_d_0000814,1360,765,1360x765
0000366_08429_d_0000815,1360,765,1360x765
0000366_09605_d_0000817,1360,765,1360x765
0000366_09801_d_0000818,1360,765,1360x765
0000366_09997_d_0000819,1360,765,1360x765
9999937_00000_d_0000001,1916,1078,1916x1078
9999937_00000_d_0000002,1916,1078,1916x1078
9999937_00000_d_0000003,1916,1078,1916x1078
9999937_00000_d_0000004,1916,1078,1916x1078
9999937_00000_d_0000005,1344,756,1344x756
9999937_00000_d_0000006,1916,1078,1916x1078
9999937_00000_d_0000007,1916,1078,1916x1078
9999937_00000_d_0000008,1916,1078,1916x1078
9999937_00000_d_0000009,1916,1078,1916x1078
9999937_00000_d_0000010,1916,1078,1916x1078
9999937_00000_d_0000011,1916,1078,1916x1078
9999937_00000_d_0000012,1916,1078,1916x1078
9999937_00000_d_0000013,1916,1078,1916x1078
9999937_00000_d_0000014,1916,1078,1916x1078
9999937_00000_d_0000015,1916,1078,1916x1078
9999937_00000_d_0000016,1389,1042,1389x1042
9999937_00000_d_0000017,1916,1078,1916x1078
9999937_00000_d_0000018,1400,1050,1400x1050
9999937_00000_d_0000019,1400,1050,1400x1050
9999937_00000_d_0000020,1400,1050,1400x1050
9999937_00000_d_0000021,1400,1050,1400x1050
9999937_00000_d_0000022,1400,1050,1400x1050
9999937_00000_d_0000023,1400,1050,1400x1050
9999937_00000_d_0000024,1400,1050,1400x1050
9999937_00000_d_0000025,1400,1050,1400x1050
9999937_00000_d_0000026,1400,1050,1400x1050
9999937_00000_d_0000027,1916,1078,1916x1078
9999937_00000_d_0000028,1916,1078,1916x1078
9999937_00000_d_0000029,1916,1078,1916x1078
9999937_00000_d_0000030,1916,1078,1916x1078
9999937_00000_d_0000031,1916,1078,1916x1078
9999937_00000_d_0000032,1916,1078,1916x1078
9999937_00000_d_0000033,1916,1078,1916x1078
9999937_00000_d_0000034,1916,1078,1916x1078
9999937_00000_d_0000035,1916,1078,1916x1078
9999937_00000_d_0000036,1916,1078,1916x1078
9999937_00000_d_0000037,1916,1078,1916x1078
9999937_00000_d_0000038,1916,1078,1916x1078
9999937_00000_d_0000039,1916,1078,1916x1078
9999937_00000_d_0000040,1916,1078,1916x1078
9999937_00000_d_0000041,1916,1078,1916x1078
9999937_00000_d_0000042,1916,1078,1916x1078
9999937_00000_d_0000043,1916,1078,1916x1078
9999937_00000_d_0000044,1916,1078,1916x1078
9999937_00000_d_0000045,1916,1078,1916x1078
9999937_00000_d_0000046,1916,1078,1916x1078
9999937_00000_d_0000047,1916,1078,1916x1078
9999937_00000_d_0000048,1916,1078,1916x1078
9999937_00000_d_0000049,1916,1078,1916x1078
9999937_00000_d_0000050,1916,1078,1916x1078
9999937_00000_d_0000051,1916,1078,1916x1078
9999937_00000_d_0000052,1916,1078,1916x1078
9999937_00000_d_0000053,1916,1078,1916x1078
9999937_00000_d_0000054,1916,1078,1916x1078
9999937_00000_d_0000055,1916,1078,1916x1078
9999937_00000_d_0000056,1916,1078,1916x1078
9999937_00000_d_0000057,1916,1078,1916x1078
9999937_00000_d_0000058,1916,1078,1916x1078
9999937_00000_d_0000059,1916,1078,1916x1078
9999937_00000_d_0000060,1916,1078,1916x1078
9999937_00000_d_0000061,1916,1078,1916x1078
9999937_00000_d_0000062,1916,1078,1916x1078
9999937_00000_d_0000063,1916,1078,1916x1078
9999937_00000_d_0000064,1916,1078,1916x1078
9999937_00000_d_0000065,1916,1078,1916x1078
9999937_00000_d_0000066,1916,1078,1916x1078
9999937_00000_d_0000067,1916,1078,1916x1078
9999937_00000_d_0000068,1916,1078,1916x1078
9999937_00000_d_0000069,1916,1078,1916x1078
9999937_00000_d_0000070,1916,1078,1916x1078
9999937_00000_d_0000071,1916,1078,1916x1078
9999937_00000_d_0000072,1916,1078,1916x1078
9999937_00000_d_0000073,1916,1078,1916x1078
9999937_00000_d_0000074,1916,1078,1916x1078
9999937_00000_d_0000075,1916,1078,1916x1078
9999937_00000_d_0000076,1916,1078,1916x1078
9999937_00000_d_0000077,1916,1078,1916x1078
9999937_00000_d_0000078,1916,1078,1916x1078
9999937_00000_d_0000079,1916,1078,1916x1078
9999937_00000_d_0000080,1916,1078,1916x1078
9999937_00000_d_0000081,1916,1078,1916x1078
9999937_00000_d_0000082,1916,1078,1916x1078
9999937_00000_d_0000083,1916,1078,1916x1078
9999937_00000_d_0000084,1916,1078,1916x1078
9999937_00000_d_0000085,1916,1078,1916x1078
9999937_00000_d_0000086,1916,1078,1916x1078
9999937_00000_d_0000087,1916,1078,1916x1078
9999937_00000_d_0000088,1916,1078,1916x1078
9999937_00000_d_0000089,1916,1078,1916x1078
9999937_00000_d_0000090,1916,1078,1916x1078
9999937_00000_d_0000091,1916,1078,1916x1078
9999937_00000_d_0000092,1916,1078,1916x1078
9999937_00000_d_0000093,1916,1078,1916x1078
9999937_00000_d_0000094,1916,1078,1916x1078
9999937_00000_d_0000095,1916,1078,1916x1078
9999937_00000_d_0000096,1916,1078,1916x1078
9999937_00000_d_0000097,1916,1078,1916x1078
9999937_00000_d_0000098,1916,1078,1916x1078
9999937_00000_d_0000099,1916,1078,1916x1078
9999937_00000_d_0000100,1916,1078,1916x1078
9999937_00000_d_0000101,1916,1078,1916x1078
9999937_00000_d_0000102,1916,1078,1916x1078
9999937_00000_d_0000103,1916,1078,1916x1078
9999937_00000_d_0000104,1916,1078,1916x1078
9999937_00000_d_0000105,1400,1050,1400x1050
9999937_00000_d_0000106,1916,1078,1916x1078
9999937_00000_d_0000107,1916,1078,1916x1078
9999937_00000_d_0000108,1916,1078,1916x1078
9999937_00000_d_0000109,1916,1078,1916x1078
9999937_00000_d_0000110,1916,1078,1916x1078
9999937_00000_d_0000111,1916,1078,1916x1078
9999937_00000_d_0000112,1916,1078,1916x1078
9999937_00000_d_0000113,1916,1078,1916x1078
9999937_00000_d_0000114,1916,1078,1916x1078
9999937_00000_d_0000115,1916,1078,1916x1078
9999937_00000_d_0000116,1400,1050,1400x1050
9999937_00000_d_0000117,1916,1078,1916x1078
9999937_00000_d_0000118,1916,1078,1916x1078
9999937_00000_d_0000119,1916,1078,1916x1078
9999937_00000_d_0000120,1916,1078,1916x1078
9999937_00000_d_0000121,1916,1078,1916x1078
9999937_00000_d_0000122,1916,1078,1916x1078
9999937_00000_d_0000123,1916,1078,1916x1078
9999937_00000_d_0000124,1916,1078,1916x1078
9999937_00000_d_0000125,1916,1078,1916x1078
9999937_00000_d_0000126,1916,1078,1916x1078
9999937_00000_d_0000127,1916,1078,1916x1078
9999937_00000_d_0000128,1916,1078,1916x1078
9999937_00000_d_0000129,1916,1078,1916x1078
9999937_00000_d_0000130,1916,1078,1916x1078
9999937_00000_d_0000131,1916,1078,1916x1078
9999937_00000_d_0000132,1916,1078,1916x1078
9999937_00000_d_0000133,1916,1078,1916x1078
9999937_00000_d_0000134,1916,1078,1916x1078
9999937_00000_d_0000135,1916,1078,1916x1078
9999937_00000_d_0000136,1916,1078,1916x1078
9999937_00000_d_0000137,1916,1078,1916x1078
9999937_00000_d_0000138,1916,1078,1916x1078
9999937_00000_d_0000139,1916,1078,1916x1078
9999937_00000_d_0000140,1916,1078,1916x1078
9999937_00000_d_0000141,1916,1078,1916x1078
9999937_00000_d_0000142,1916,1078,1916x1078
9999937_00000_d_0000143,1916,1078,1916x1078
9999937_00000_d_0000144,1916,1078,1916x1078
9999937_00000_d_0000145,1916,1078,1916x1078
9999937_00000_d_0000146,1916,1078,1916x1078
9999937_00000_d_0000147,1916,1078,1916x1078
9999937_00000_d_0000148,1916,1078,1916x1078
9999937_00000_d_0000149,1916,1078,1916x1078
9999937_00000_d_0000150,1916,1078,1916x1078
9999937_00000_d_0000151,1916,1078,1916x1078
9999937_00000_d_0000152,1916,1078,1916x1078
9999937_00000_d_0000153,1916,1078,1916x1078
9999937_00000_d_0000154,1916,1078,1916x1078
9999937_00000_d_0000155,1916,1078,1916x1078
9999937_00000_d_0000156,1916,1078,1916x1078
9999937_00000_d_0000157,1916,1078,1916x1078
9999937_00000_d_0000158,1916,1078,1916x1078
9999937_00000_d_0000159,1916,1078,1916x1078
9999937_00000_d_0000160,1916,1078,1916x1078
9999937_00000_d_0000161,1916,1078,1916x1078
9999937_00000_d_0000162,1916,1078,1916x1078
9999937_00000_d_0000163,1916,1078,1916x1078
9999937_00000_d_0000164,1916,1078,1916x1078
9999937_00000_d_0000165,1916,1078,1916x1078
9999937_00000_d_0000166,1916,1078,1916x1078
9999937_00000_d_0000167,1916,1078,1916x1078
9999937_00000_d_0000168,1916,1078,1916x1078
9999937_00000_d_0000169,1916,1078,1916x1078
9999937_00000_d_0000170,1916,1078,1916x1078
9999937_00000_d_0000171,1916,1078,1916x1078
9999937_00000_d_0000172,1916,1078,1916x1078
9999937_00000_d_0000173,1916,1078,1916x1078
9999937_00000_d_0000174,1916,1078,1916x1078
9999937_00000_d_0000175,1916,1078,1916x1078
9999937_00000_d_0000176,1916,1078,1916x1078
9999937_00000_d_0000177,1916,1078,1916x1078
9999937_00000_d_0000178,1916,1078,1916x1078
9999937_00000_d_0000179,1916,1078,1916x1078
9999937_00000_d_0000180,1916,1078,1916x1078
9999937_00000_d_0000181,1916,1078,1916x1078
9999937_00000_d_0000182,1916,1078,1916x1078
9999937_00000_d_0000183,1916,1078,1916x1078
9999937_00000_d_0000184,1916,1078,1916x1078
9999937_00000_d_0000185,1916,1078,1916x1078
9999937_00000_d_0000186,1916,1078,1916x1078
9999937_00000_d_0000187,1916,1078,1916x1078
9999937_00000_d_0000188,1916,1078,1916x1078
9999937_00000_d_0000189,1916,1078,1916x1078
9999937_00000_d_0000190,1916,1078,1916x1078
9999937_00000_d_0000191,1916,1078,1916x1078
9999937_00000_d_0000192,1916,1078,1916x1078
9999937_00000_d_0000193,1916,1078,1916x1078
9999937_00000_d_0000194,1916,1078,1916x1078
9999937_00000_d_0000195,1916,1078,1916x1078
9999937_00000_d_0000196,1916,1078,1916x1078
9999937_00000_d_0000197,1916,1078,1916x1078
9999937_00000_d_0000198,1916,1078,1916x1078
9999937_00000_d_0000199,1916,1078,1916x1078
9999937_00000_d_0000200,1916,1078,1916x1078
9999937_00000_d_0000201,1916,1078,1916x1078
9999937_00000_d_0000202,1916,1078,1916x1078
9999937_00000_d_0000203,1916,1078,1916x1078
9999937_00000_d_0000204,1916,1078,1916x1078
9999937_00000_d_0000205,1916,1078,1916x1078
9999937_00000_d_0000206,1916,1078,1916x1078
9999937_00000_d_0000207,1916,1078,1916x1078
9999937_00000_d_0000208,1916,1078,1916x1078
9999937_00000_d_0000209,1916,1078,1916x1078
9999937_00000_d_0000210,1916,1078,1916x1078
9999937_00000_d_0000211,1916,1078,1916x1078
9999937_00000_d_0000212,1916,1078,1916x1078
9999937_00000_d_0000213,1916,1078,1916x1078
9999937_00000_d_0000214,1916,1078,1916x1078
9999937_00000_d_0000215,1916,1078,1916x1078
9999937_00000_d_0000216,1916,1078,1916x1078
9999937_00000_d_0000217,1916,1078,1916x1078
9999937_00000_d_0000218,1916,1078,1916x1078
9999937_00000_d_0000219,1916,1078,1916x1078
9999937_00000_d_0000220,1916,1078,1916x1078
9999937_00000_d_0000221,1916,1078,1916x1078
9999937_00000_d_0000222,1916,1078,1916x1078
9999937_00000_d_0000223,1916,1078,1916x1078
9999937_00000_d_0000224,1916,1078,1916x1078
9999937_00000_d_0000225,1916,1078,1916x1078
9999937_00000_d_0000226,1916,1078,1916x1078
9999937_00000_d_0000227,1916,1078,1916x1078
9999937_00000_d_0000228,1916,1078,1916x1078
9999940_00000_d_0000001,1400,788,1400x788
9999940_00000_d_0000002,1400,788,1400x788
9999940_00000_d_0000003,1400,788,1400x788
9999940_00000_d_0000004,1400,788,1400x788
9999940_00000_d_0000005,1400,788,1400x788
9999940_00000_d_0000006,1400,788,1400x788
9999940_00000_d_0000007,1400,788,1400x788
9999940_00000_d_0000008,1400,788,1400x788
9999940_00000_d_0000009,1400,788,1400x788
9999940_00000_d_0000010,1400,788,1400x788
9999940_00000_d_0000011,1400,788,1400x788
9999940_00000_d_0000012,1400,788,1400x788
9999940_00000_d_0000013,1400,788,1400x788
9999940_00000_d_0000014,1400,788,1400x788
9999940_00000_d_0000015,1400,788,1400x788
9999940_00000_d_0000016,1400,788,1400x788
9999940_00000_d_0000017,1400,788,1400x788
9999940_00000_d_0000018,1400,788,1400x788
9999940_00000_d_0000019,1400,788,1400x788
9999940_00000_d_0000020,1400,788,1400x788
9999940_00000_d_0000021,1400,788,1400x788
9999940_00000_d_0000022,1400,788,1400x788
9999940_00000_d_0000023,1400,788,1400x788
9999940_00000_d_0000024,1400,788,1400x788
9999940_00000_d_0000025,1400,788,1400x788
9999940_00000_d_0000026,1400,788,1400x788
9999940_00000_d_0000027,1400,788,1400x788
9999940_00000_d_0000028,1400,788,1400x788
9999940_00000_d_0000029,1400,788,1400x788
9999940_00000_d_0000030,1400,788,1400x788
9999940_00000_d_0000031,1400,788,1400x788
9999940_00000_d_0000032,1400,788,1400x788
9999940_00000_d_0000033,1400,788,1400x788
9999940_00000_d_0000034,1400,788,1400x788
9999940_00000_d_0000035,1400,788,1400x788
9999940_00000_d_0000036,1400,788,1400x788
9999940_00000_d_0000037,1400,788,1400x788
9999940_00000_d_0000038,1400,788,1400x788
9999940_00000_d_0000039,1400,788,1400x788
9999940_00000_d_0000040,1400,788,1400x788
9999940_00000_d_0000041,1400,788,1400x788
9999940_00000_d_0000042,1400,788,1400x788
9999940_00000_d_0000043,1400,788,1400x788
9999940_00000_d_0000044,1400,788,1400x788
9999940_00000_d_0000045,1400,788,1400x788
9999940_00000_d_0000046,1400,788,1400x788
9999940_00000_d_0000047,1400,788,1400x788
9999940_00000_d_0000048,1400,788,1400x788
9999940_00000_d_0000049,1400,788,1400x788
9999940_00000_d_0000050,1400,788,1400x788
9999940_00000_d_0000051,1400,788,1400x788
9999940_00000_d_0000052,1400,788,1400x788
9999940_00000_d_0000053,1400,788,1400x788
9999940_00000_d_0000054,1400,788,1400x788
9999940_00000_d_0000055,1400,788,1400x788
9999940_00000_d_0000056,1400,788,1400x788
9999940_00000_d_0000057,1400,788,1400x788
9999940_00000_d_0000058,1400,788,1400x788
9999940_00000_d_0000059,1400,788,1400x788
9999940_00000_d_0000060,1400,788,1400x788
9999940_00000_d_0000061,1400,788,1400x788
9999940_00000_d_0000062,1400,788,1400x788
9999940_00000_d_0000063,1400,788,1400x788
9999940_00000_d_0000064,1400,788,1400x788
9999940_00000_d_0000065,1400,788,1400x788
9999940_00000_d_0000066,1400,788,1400x788
9999940_00000_d_0000067,1400,788,1400x788
9999940_00000_d_0000068,1400,788,1400x788
9999940_00000_d_0000069,1400,788,1400x788
9999940_00000_d_0000070,1400,788,1400x788
9999940_00000_d_0000071,1400,788,1400x788
9999940_00000_d_0000072,1400,788,1400x788
9999940_00000_d_0000073,1400,788,1400x788
9999940_00000_d_0000074,1400,788,1400x788
9999940_00000_d_0000075,1400,788,1400x788
9999940_00000_d_0000076,1400,788,1400x788
9999940_00000_d_0000077,1400,788,1400x788
9999940_00000_d_0000078,1400,788,1400x788
9999940_00000_d_0000079,1400,788,1400x788
9999940_00000_d_0000080,1400,788,1400x788
9999940_00000_d_0000081,1400,788,1400x788
9999940_00000_d_0000082,1400,788,1400x788
9999940_00000_d_0000083,1400,788,1400x788
9999940_00000_d_0000084,1400,788,1400x788
9999940_00000_d_0000085,1400,788,1400x788
9999940_00000_d_0000086,1400,788,1400x788
9999940_00000_d_0000087,1400,788,1400x788
9999940_00000_d_0000088,1400,788,1400x788
9999940_00000_d_0000089,1400,788,1400x788
9999940_00000_d_0000090,1400,788,1400x788
9999940_00000_d_0000091,1400,788,1400x788
9999940_00000_d_0000092,1400,788,1400x788
9999940_00000_d_0000093,1400,788,1400x788
9999940_00000_d_0000094,1400,788,1400x788
9999940_00000_d_0000095,1400,788,1400x788
9999940_00000_d_0000096,1400,788,1400x788
9999940_00000_d_0000097,1400,788,1400x788
9999940_00000_d_0000098,1400,788,1400x788
9999940_00000_d_0000099,1400,788,1400x788
9999940_00000_d_0000100,1400,788,1400x788
9999940_00000_d_0000101,1400,788,1400x788
9999942_00000_d_0000001,1400,1050,1400x1050
9999942_00000_d_0000002,1400,1050,1400x1050
9999942_00000_d_0000003,1400,1050,1400x1050
9999942_00000_d_0000004,1400,1050,1400x1050
9999942_00000_d_0000005,1400,1050,1400x1050
9999942_00000_d_0000006,1400,1050,1400x1050
9999942_00000_d_0000007,1400,1050,1400x1050
9999942_00000_d_0000008,1400,1050,1400x1050
9999942_00000_d_0000009,1400,1050,1400x1050
9999942_00000_d_0000010,1400,1050,1400x1050
9999942_00000_d_0000011,1400,1050,1400x1050
9999942_00000_d_0000012,1400,1050,1400x1050
9999942_00000_d_0000013,1400,1050,1400x1050
9999942_00000_d_0000014,1400,1050,1400x1050
9999942_00000_d_0000015,1400,1050,1400x1050
9999942_00000_d_0000016,1400,1050,1400x1050
9999942_00000_d_0000017,1400,1050,1400x1050
9999942_00000_d_0000018,1400,1050,1400x1050
9999942_00000_d_0000019,1400,1050,1400x1050
9999942_00000_d_0000020,1400,1050,1400x1050
9999942_00000_d_0000021,1400,1050,1400x1050
9999942_00000_d_0000022,1400,1050,1400x1050
9999942_00000_d_0000023,1400,1050,1400x1050
9999942_00000_d_0000024,1400,1050,1400x1050
9999942_00000_d_0000025,1400,1050,1400x1050
9999942_00000_d_0000026,1400,1050,1400x1050
9999942_00000_d_0000027,1400,1050,1400x1050
9999942_00000_d_0000028,1400,1050,1400x1050
9999942_00000_d_0000029,1400,1050,1400x1050
9999942_00000_d_0000030,1400,1050,1400x1050
9999942_00000_d_0000031,1400,1050,1400x1050
9999942_00000_d_0000032,1400,1050,1400x1050
9999942_00000_d_0000033,1400,1050,1400x1050
9999942_00000_d_0000034,1400,1050,1400x1050
9999942_00000_d_0000035,1400,1050,1400x1050
9999942_00000_d_0000036,1400,1050,1400x1050
9999942_00000_d_0000037,1400,1050,1400x1050
9999942_00000_d_0000038,1400,1050,1400x1050
9999942_00000_d_0000039,1400,1050,1400x1050
9999942_00000_d_0000040,1400,1050,1400x1050
9999942_00000_d_0000041,1400,1050,1400x1050
9999942_00000_d_0000042,1400,1050,1400x1050
9999942_00000_d_0000043,1400,1050,1400x1050
9999942_00000_d_0000044,1400,1050,1400x1050
9999942_00000_d_0000045,1400,1050,1400x1050
9999942_00000_d_0000046,1400,1050,1400x1050
9999942_00000_d_0000047,1400,1050,1400x1050
9999942_00000_d_0000048,1400,1050,1400x1050
9999942_00000_d_0000049,1400,1050,1400x1050
9999942_00000_d_0000050,1400,1050,1400x1050
9999942_00000_d_0000051,1400,1050,1400x1050
9999942_00000_d_0000052,1400,1050,1400x1050
9999942_00000_d_0000053,1400,1050,1400x1050
9999942_00000_d_0000054,1400,1050,1400x1050
9999942_00000_d_0000055,1400,1050,1400x1050
9999942_00000_d_0000056,1400,1050,1400x1050
9999942_00000_d_0000057,1400,1050,1400x1050
9999942_00000_d_0000058,1400,1050,1400x1050
9999942_00000_d_0000059,1400,1050,1400x1050
9999942_00000_d_0000060,1400,1050,1400x1050
9999942_00000_d_0000061,1400,1050,1400x1050
9999942_00000_d_0000062,1400,1050,1400x1050
9999942_00000_d_0000063,1400,1050,1400x1050
9999942_00000_d_0000064,1400,1050,1400x1050
9999942_00000_d_0000065,1400,1050,1400x1050
9999942_00000_d_0000066,1400,1050,1400x1050
9999942_00000_d_0000067,1400,1050,1400x1050
9999942_00000_d_0000068,1400,1050,1400x1050
9999942_00000_d_0000069,1400,1050,1400x1050
9999942_00000_d_0000070,1400,1050,1400x1050
9999942_00000_d_0000071,1400,1050,1400x1050
9999942_00000_d_0000072,1400,1050,1400x1050
9999942_00000_d_0000073,1400,1050,1400x1050
9999942_00000_d_0000074,1400,1050,1400x1050
9999942_00000_d_0000075,1400,1050,1400x1050
9999942_00000_d_0000076,1400,1050,1400x1050
9999942_00000_d_0000077,1400,1050,1400x1050
9999942_00000_d_0000078,1400,1050,1400x1050
9999942_00000_d_0000079,1400,1050,1400x1050
9999942_00000_d_0000080,1400,1050,1400x1050
9999942_00000_d_0000081,1400,1050,1400x1050
9999942_00000_d_0000082,1400,1050,1400x1050
9999942_00000_d_0000083,1400,1050,1400x1050
9999942_00000_d_0000084,1400,1050,1400x1050
9999942_00000_d_0000085,1400,1050,1400x1050
9999942_00000_d_0000086,1400,1050,1400x1050
9999942_00000_d_0000087,1400,1050,1400x1050
9999942_00000_d_0000088,1400,1050,1400x1050
9999942_00000_d_0000089,1400,1050,1400x1050
9999942_00000_d_0000090,1400,1050,1400x1050
9999942_00000_d_0000091,1400,1050,1400x1050
9999942_00000_d_0000092,1400,1050,1400x1050
9999942_00000_d_0000093,1400,1050,1400x1050
9999942_00000_d_0000094,1400,1050,1400x1050
9999942_00000_d_0000095,1400,1050,1400x1050
9999942_00000_d_0000096,1400,1050,1400x1050
9999942_00000_d_0000097,1400,1050,1400x1050
9999942_00000_d_0000098,1400,1050,1400x1050
9999942_00000_d_0000099,1400,1050,1400x1050
9999942_00000_d_0000100,1400,1050,1400x1050
9999942_00000_d_0000101,1400,1050,1400x1050
9999942_00000_d_0000102,1400,1050,1400x1050
9999942_00000_d_0000103,1400,1050,1400x1050
9999942_00000_d_0000104,1400,1050,1400x1050
9999942_00000_d_0000105,1400,1050,1400x1050
9999942_00000_d_0000106,1400,1050,1400x1050
9999942_00000_d_0000107,1400,1050,1400x1050
9999942_00000_d_0000108,1400,1050,1400x1050
9999942_00000_d_0000109,1400,1050,1400x1050
9999942_00000_d_0000110,1400,1050,1400x1050
9999942_00000_d_0000111,1400,1050,1400x1050
9999942_00000_d_0000112,1400,1050,1400x1050
9999942_00000_d_0000113,1400,1050,1400x1050
9999942_00000_d_0000114,1400,1050,1400x1050
9999942_00000_d_0000115,1400,1050,1400x1050
9999942_00000_d_0000116,1400,1050,1400x1050
9999942_00000_d_0000117,1400,1050,1400x1050
9999942_00000_d_0000118,1400,1050,1400x1050
9999942_00000_d_0000119,1400,1050,1400x1050
9999942_00000_d_0000120,1400,1050,1400x1050
9999942_00000_d_0000121,1400,1050,1400x1050
9999942_00000_d_0000122,1400,1050,1400x1050
9999942_00000_d_0000123,1400,1050,1400x1050
9999942_00000_d_0000124,1400,1050,1400x1050
9999942_00000_d_0000125,1400,1050,1400x1050
9999942_00000_d_0000126,1400,1050,1400x1050
9999942_00000_d_0000127,1400,1050,1400x1050
9999942_00000_d_0000128,1400,1050,1400x1050
9999942_00000_d_0000129,1400,1050,1400x1050
9999942_00000_d_0000130,1400,1050,1400x1050
9999942_00000_d_0000131,1400,1050,1400x1050
9999942_00000_d_0000132,1400,1050,1400x1050
9999942_00000_d_0000133,1400,1050,1400x1050
9999942_00000_d_0000134,1400,1050,1400x1050
9999942_00000_d_0000135,1400,1050,1400x1050
9999942_00000_d_0000136,1400,1050,1400x1050
9999942_00000_d_0000137,1400,1050,1400x1050
9999942_00000_d_0000138,1400,1050,1400x1050
9999942_00000_d_0000139,1400,1050,1400x1050
9999942_00000_d_0000140,1400,1050,1400x1050
9999942_00000_d_0000141,1400,1050,1400x1050
9999942_00000_d_0000142,1400,1050,1400x1050
9999942_00000_d_0000143,1400,1050,1400x1050
9999942_00000_d_0000144,1400,1050,1400x1050
9999942_00000_d_0000145,1400,1050,1400x1050
9999942_00000_d_0000146,1400,1050,1400x1050
9999942_00000_d_0000147,1400,1050,1400x1050
9999942_00000_d_0000148,1400,1050,1400x1050
9999942_00000_d_0000149,1400,1050,1400x1050
9999942_00000_d_0000150,1400,1050,1400x1050
9999942_00000_d_0000151,1400,1050,1400x1050
9999942_00000_d_0000152,1400,1050,1400x1050
9999942_00000_d_0000153,1400,1050,1400x1050
9999942_00000_d_0000154,1400,1050,1400x1050
9999942_00000_d_0000155,1400,1050,1400x1050
9999942_00000_d_0000156,1400,1050,1400x1050
9999942_00000_d_0000157,1400,1050,1400x1050
9999942_00000_d_0000158,1400,1050,1400x1050
9999942_00000_d_0000159,1400,1050,1400x1050
9999942_00000_d_0000160,1400,1050,1400x1050
9999942_00000_d_0000161,1400,1050,1400x1050
9999942_00000_d_0000162,1400,1050,1400x1050
9999942_00000_d_0000163,1400,1050,1400x1050
9999942_00000_d_0000164,1400,1050,1400x1050
9999942_00000_d_0000165,1400,1050,1400x1050
9999942_00000_d_0000166,1400,1050,1400x1050
9999942_00000_d_0000167,1400,1050,1400x1050
9999942_00000_d_0000168,1400,1050,1400x1050
9999942_00000_d_0000169,1400,1050,1400x1050
9999942_00000_d_0000170,1400,1050,1400x1050
9999942_00000_d_0000171,1400,1050,1400x1050
9999942_00000_d_0000172,1400,1050,1400x1050
9999942_00000_d_0000173,1400,1050,1400x1050
9999942_00000_d_0000174,1400,1050,1400x1050
9999942_00000_d_0000175,1400,1050,1400x1050
9999942_00000_d_0000176,1400,1050,1400x1050
9999942_00000_d_0000177,1400,1050,1400x1050
9999942_00000_d_0000178,1400,1050,1400x1050
9999942_00000_d_0000179,1400,1050,1400x1050
9999942_00000_d_0000180,1400,1050,1400x1050
9999942_00000_d_0000181,1400,1050,1400x1050
9999942_00000_d_0000182,1400,1050,1400x1050
9999942_00000_d_0000183,1400,1050,1400x1050
9999942_00000_d_0000184,1400,1050,1400x1050
9999942_00000_d_0000185,1400,1050,1400x1050
9999942_00000_d_0000186,1400,1050,1400x1050
9999942_00000_d_0000187,1400,1050,1400x1050
9999942_00000_d_0000188,1400,1050,1400x1050
9999942_00000_d_0000189,1400,1050,1400x1050
9999942_00000_d_0000190,1400,1050,1400x1050
9999942_00000_d_0000191,1400,1050,1400x1050
9999942_00000_d_0000192,1400,1050,1400x1050
9999942_00000_d_0000193,1400,1050,1400x1050
9999942_00000_d_0000194,1400,1050,1400x1050
9999942_00000_d_0000195,1400,1050,1400x1050
9999942_00000_d_0000196,1400,1050,1400x1050
9999942_00000_d_0000197,1400,1050,1400x1050
9999942_00000_d_0000198,1400,1050,1400x1050
9999942_00000_d_0000199,1400,1050,1400x1050
9999942_00000_d_0000200,1400,1050,1400x1050
9999942_00000_d_0000201,1400,1050,1400x1050
9999942_00000_d_0000202,1400,1050,1400x1050
9999942_00000_d_0000203,1400,1050,1400x1050
9999942_00000_d_0000204,1400,1050,1400x1050
9999942_00000_d_0000205,1400,1050,1400x1050
9999942_00000_d_0000206,1400,1050,1400x1050
9999942_00000_d_0000207,1400,1050,1400x1050
9999942_00000_d_0000208,1400,1050,1400x1050
9999942_00000_d_0000209,1400,1050,1400x1050
9999942_00000_d_0000210,1400,1050,1400x1050
9999942_00000_d_0000211,1400,1050,1400x1050
9999942_00000_d_0000212,1400,1050,1400x1050
9999942_00000_d_0000213,1400,1050,1400x1050
9999942_00000_d_0000214,1400,1050,1400x1050
9999942_00000_d_0000215,1400,1050,1400x1050
9999942_00000_d_0000216,1400,1050,1400x1050
9999942_00000_d_0000217,1400,1050,1400x1050
9999942_00000_d_0000218,1400,1050,1400x1050
9999942_00000_d_0000219,1400,1050,1400x1050
9999942_00000_d_0000220,1400,1050,1400x1050
9999942_00000_d_0000221,1400,1050,1400x1050
9999942_00000_d_0000222,1400,1050,1400x1050
9999942_00000_d_0000223,1400,1050,1400x1050
9999942_00000_d_0000224,1400,1050,1400x1050
9999942_00000_d_0000225,1400,1050,1400x1050
9999942_00000_d_0000226,1400,1050,1400x1050
9999942_00000_d_0000227,1400,1050,1400x1050
9999942_00000_d_0000228,1400,1050,1400x1050
9999942_00000_d_0000229,1400,1050,1400x1050
9999942_00000_d_0000230,1400,1050,1400x1050
9999942_00000_d_0000231,1400,1050,1400x1050
9999942_00000_d_0000232,1400,1050,1400x1050
9999942_00000_d_0000233,1400,1050,1400x1050
9999942_00000_d_0000234,1400,1050,1400x1050
9999942_00000_d_0000235,1400,1050,1400x1050
9999942_00000_d_0000236,1400,1050,1400x1050
9999942_00000_d_0000237,1400,1050,1400x1050
9999942_00000_d_0000238,1400,1050,1400x1050
9999942_00000_d_0000239,1400,1050,1400x1050
9999942_00000_d_0000240,1400,1050,1400x1050
9999942_00000_d_0000241,1400,1050,1400x1050
9999942_00000_d_0000242,1400,1050,1400x1050
9999942_00000_d_0000243,1400,1050,1400x1050
9999942_00000_d_0000244,1400,1050,1400x1050
9999942_00000_d_0000245,1400,1050,1400x1050
9999942_00000_d_0000246,1400,1050,1400x1050
9999942_00000_d_0000247,1400,1050,1400x1050
9999942_00000_d_0000248,1400,1050,1400x1050
9999942_00000_d_0000249,1400,1050,1400x1050
9999942_00000_d_0000250,1400,1050,1400x1050
9999942_00000_d_0000251,1400,1050,1400x1050
9999942_00000_d_0000252,1400,1050,1400x1050
9999942_00000_d_0000253,1400,1050,1400x1050
9999942_00000_d_0000254,1400,1050,1400x1050
9999942_00000_d_0000255,1400,1050,1400x1050
9999942_00000_d_0000256,1400,1050,1400x1050
9999942_00000_d_0000257,1400,1050,1400x1050
9999942_00000_d_0000258,1400,1050,1400x1050
9999942_00000_d_0000259,1400,1050,1400x1050
9999942_00000_d_0000260,1400,1050,1400x1050
9999942_00000_d_0000261,1400,1050,1400x1050
9999942_00000_d_0000262,1400,1050,1400x1050
9999942_00000_d_0000263,1400,1050,1400x1050
9999942_00000_d_0000264,1400,1050,1400x1050
9999942_00000_d_0000265,1400,1050,1400x1050
9999942_00000_d_0000266,1400,1050,1400x1050
9999942_00000_d_0000267,1400,1050,1400x1050
9999942_00000_d_0000268,1400,1050,1400x1050
9999942_00000_d_0000269,1400,1050,1400x1050
9999942_00000_d_0000270,1400,1050,1400x1050
9999943_00000_d_0000001,1400,1050,1400x1050
9999943_00000_d_0000002,1400,1050,1400x1050
9999943_00000_d_0000003,1400,1050,1400x1050
9999943_00000_d_0000004,1400,1050,1400x1050
9999943_00000_d_0000005,1400,1050,1400x1050
9999943_00000_d_0000006,1400,1050,1400x1050
9999943_00000_d_0000007,1400,1050,1400x1050
9999943_00000_d_0000008,1400,1050,1400x1050
9999943_00000_d_0000009,1400,1050,1400x1050
9999943_00000_d_0000010,1400,1050,1400x1050
9999943_00000_d_0000011,1400,1050,1400x1050
9999943_00000_d_0000012,1400,1050,1400x1050
9999943_00000_d_0000013,1400,1050,1400x1050
9999943_00000_d_0000014,1400,1050,1400x1050
9999943_00000_d_0000015,1400,1050,1400x1050
9999943_00000_d_0000016,1400,1050,1400x1050
9999943_00000_d_0000017,1400,1050,1400x1050
9999943_00000_d_0000018,1400,1050,1400x1050
9999943_00000_d_0000019,1400,1050,1400x1050
9999943_00000_d_0000020,1400,1050,1400x1050
9999943_00000_d_0000021,1400,1050,1400x1050
9999943_00000_d_0000022,1400,1050,1400x1050
9999943_00000_d_0000023,1400,1050,1400x1050
9999943_00000_d_0000024,1400,1050,1400x1050
9999943_00000_d_0000025,1400,1050,1400x1050
9999943_00000_d_0000026,1400,1050,1400x1050
9999943_00000_d_0000027,1400,1050,1400x1050
9999943_00000_d_0000028,1400,1050,1400x1050
9999943_00000_d_0000029,1400,1050,1400x1050
9999943_00000_d_0000030,1400,1050,1400x1050
9999943_00000_d_0000031,1400,1050,1400x1050
9999943_00000_d_0000032,1400,1050,1400x1050
9999943_00000_d_0000033,1400,1050,1400x1050
9999943_00000_d_0000034,1400,1050,1400x1050
9999943_00000_d_0000035,1400,1050,1400x1050
9999943_00000_d_0000036,1400,1050,1400x1050
9999943_00000_d_0000037,1400,1050,1400x1050
9999943_00000_d_0000038,1400,1050,1400x1050
9999943_00000_d_0000039,1400,1050,1400x1050
9999943_00000_d_0000040,1400,1050,1400x1050
9999943_00000_d_0000041,1400,1050,1400x1050
9999943_00000_d_0000042,1400,1050,1400x1050
9999943_00000_d_0000043,1400,1050,1400x1050
9999943_00000_d_0000044,1400,1050,1400x1050
9999943_00000_d_0000045,1400,1050,1400x1050
9999943_00000_d_0000046,1400,1050,1400x1050
9999943_00000_d_0000047,1400,1050,1400x1050
9999943_00000_d_0000048,1400,1050,1400x1050
9999943_00000_d_0000049,1400,1050,1400x1050
9999943_00000_d_0000050,1400,1050,1400x1050
9999943_00000_d_0000051,1400,1050,1400x1050
9999943_00000_d_0000052,1400,1050,1400x1050
9999943_00000_d_0000053,1400,1050,1400x1050
9999943_00000_d_0000054,1400,1050,1400x1050
9999943_00000_d_0000055,1400,1050,1400x1050
9999943_00000_d_0000056,1400,1050,1400x1050
9999943_00000_d_0000057,1400,1050,1400x1050
9999943_00000_d_0000058,1400,1050,1400x1050
9999943_00000_d_0000059,1400,1050,1400x1050
9999943_00000_d_0000060,1400,1050,1400x1050
9999943_00000_d_0000061,1400,1050,1400x1050
9999943_00000_d_0000062,1400,1050,1400x1050
9999943_00000_d_0000063,1400,1050,1400x1050
9999943_00000_d_0000064,1400,1050,1400x1050
9999943_00000_d_0000065,1400,1050,1400x1050
9999943_00000_d_0000066,1400,1050,1400x1050
9999943_00000_d_0000067,1400,1050,1400x1050
9999943_00000_d_0000068,1400,1050,1400x1050
9999943_00000_d_0000069,1400,1050,1400x1050
9999943_00000_d_0000070,1400,1050,1400x1050
9999943_00000_d_0000071,1400,1050,1400x1050
9999943_00000_d_0000072,1400,1050,1400x1050
9999943_00000_d_0000073,1400,1050,1400x1050
9999943_00000_d_0000074,1400,1050,1400x1050
9999943_00000_d_0000075,1400,1050,1400x1050
9999943_00000_d_0000076,1400,1050,1400x1050
9999943_00000_d_0000077,1400,1050,1400x1050
9999943_00000_d_0000078,1400,1050,1400x1050
9999943_00000_d_0000079,1400,1050,1400x1050
9999943_00000_d_0000080,1400,1050,1400x1050
9999943_00000_d_0000081,1400,1050,1400x1050
9999943_00000_d_0000082,1400,1050,1400x1050
9999943_00000_d_0000083,1400,1050,1400x1050
9999943_00000_d_0000084,1400,1050,1400x1050
9999943_00000_d_0000085,1400,1050,1400x1050
9999943_00000_d_0000086,1400,1050,1400x1050
9999943_00000_d_0000087,1400,1050,1400x1050
9999943_00000_d_0000088,1400,1050,1400x1050
9999943_00000_d_0000089,1400,1050,1400x1050
9999943_00000_d_0000090,1400,1050,1400x1050
9999943_00000_d_0000091,1400,1050,1400x1050
9999943_00000_d_0000092,1400,1050,1400x1050
9999945_00000_d_0000001,1400,1050,1400x1050
9999945_00000_d_0000002,1400,1050,1400x1050
9999945_00000_d_0000003,1400,1050,1400x1050
9999945_00000_d_0000004,1400,1050,1400x1050
9999945_00000_d_0000005,1400,1050,1400x1050
9999945_00000_d_0000006,1400,1050,1400x1050
9999945_00000_d_0000007,1400,1050,1400x1050
9999945_00000_d_0000008,1400,1050,1400x1050
9999945_00000_d_0000009,1400,1050,1400x1050
9999945_00000_d_0000010,1400,1050,1400x1050
9999945_00000_d_0000011,1400,1050,1400x1050
9999945_00000_d_0000012,1400,1050,1400x1050
9999945_00000_d_0000013,1400,1050,1400x1050
9999945_00000_d_0000014,1400,1050,1400x1050
9999945_00000_d_0000015,1400,1050,1400x1050
9999945_00000_d_0000016,1400,1050,1400x1050
9999945_00000_d_0000017,1400,1050,1400x1050
9999945_00000_d_0000018,1400,1050,1400x1050
9999945_00000_d_0000019,1400,1050,1400x1050
9999945_00000_d_0000020,1400,1050,1400x1050
9999945_00000_d_0000021,1400,1050,1400x1050
9999945_00000_d_0000022,1400,1050,1400x1050
9999945_00000_d_0000023,1400,1050,1400x1050
9999945_00000_d_0000024,1400,1050,1400x1050
9999945_00000_d_0000025,1400,1050,1400x1050
9999945_00000_d_0000026,1400,1050,1400x1050
9999945_00000_d_0000027,1400,1050,1400x1050
9999945_00000_d_0000028,1400,1050,1400x1050
9999945_00000_d_0000029,1400,1050,1400x1050
9999945_00000_d_0000030,1400,1050,1400x1050
9999945_00000_d_0000031,1400,1050,1400x1050
9999945_00000_d_0000032,1400,1050,1400x1050
9999945_00000_d_0000033,1400,1050,1400x1050
9999945_00000_d_0000034,1400,1050,1400x1050
9999945_00000_d_0000035,1400,1050,1400x1050
9999945_00000_d_0000036,1400,1050,1400x1050
9999945_00000_d_0000037,1400,1050,1400x1050
9999945_00000_d_0000038,1400,1050,1400x1050
9999945_00000_d_0000039,1400,1050,1400x1050
9999945_00000_d_0000040,1400,1050,1400x1050
9999945_00000_d_0000041,1400,1050,1400x1050
9999945_00000_d_0000042,1400,1050,1400x1050
9999945_00000_d_0000043,1400,1050,1400x1050
9999945_00000_d_0000044,1400,1050,1400x1050
9999945_00000_d_0000045,1400,1050,1400x1050
9999945_00000_d_0000046,1400,1050,1400x1050
9999945_00000_d_0000047,1400,1050,1400x1050
9999945_00000_d_0000048,1400,1050,1400x1050
9999945_00000_d_0000049,1400,1050,1400x1050
9999945_00000_d_0000050,1400,1050,1400x1050
9999945_00000_d_0000051,1400,1050,1400x1050
9999945_00000_d_0000052,1400,1050,1400x1050
9999945_00000_d_0000053,1400,1050,1400x1050
9999945_00000_d_0000054,1400,1050,1400x1050
9999945_00000_d_0000055,1400,1050,1400x1050
9999945_00000_d_0000056,1400,1050,1400x1050
9999945_00000_d_0000057,1400,1050,1400x1050
9999945_00000_d_0000058,1400,1050,1400x1050
9999945_00000_d_0000059,1400,1050,1400x1050
9999945_00000_d_0000060,1400,1050,1400x1050
9999945_00000_d_0000061,1400,1050,1400x1050
9999945_00000_d_0000062,1400,1050,1400x1050
9999945_00000_d_0000063,1400,1050,1400x1050
9999945_00000_d_0000064,1400,1050,1400x1050
9999945_00000_d_0000065,1400,1050,1400x1050
9999945_00000_d_0000066,1400,1050,1400x1050
9999945_00000_d_0000067,1400,1050,1400x1050
9999945_00000_d_0000068,1400,1050,1400x1050
9999945_00000_d_0000069,1400,1050,1400x1050
9999945_00000_d_0000070,1400,1050,1400x1050
9999945_00000_d_0000071,1400,1050,1400x1050
9999945_00000_d_0000072,1400,1050,1400x1050
9999945_00000_d_0000073,1400,1050,1400x1050
9999945_00000_d_0000074,1400,1050,1400x1050
9999945_00000_d_0000075,1400,1050,1400x1050
9999945_00000_d_0000076,1400,1050,1400x1050
9999945_00000_d_0000077,1400,1050,1400x1050
9999945_00000_d_0000078,1400,1050,1400x1050
9999945_00000_d_0000079,1400,1050,1400x1050
9999945_00000_d_0000080,1400,1050,1400x1050
9999945_00000_d_0000081,1400,1050,1400x1050
9999945_00000_d_0000082,1400,1050,1400x1050
9999945_00000_d_0000083,1400,1050,1400x1050
9999945_00000_d_0000084,1400,1050,1400x1050
9999945_00000_d_0000085,1400,1050,1400x1050
9999945_00000_d_0000086,1400,1050,1400x1050
9999945_00000_d_0000087,1400,1050,1400x1050
9999945_00000_d_0000088,1400,1050,1400x1050
9999945_00000_d_0000089,1400,1050,1400x1050
9999945_00000_d_0000090,1400,1050,1400x1050
9999945_00000_d_0000091,1400,1050,1400x1050
9999945_00000_d_0000092,1400,1050,1400x1050
9999945_00000_d_0000093,1400,1050,1400x1050
9999945_00000_d_0000094,1400,1050,1400x1050
9999945_00000_d_0000095,1400,1050,1400x1050
9999945_00000_d_0000096,1400,1050,1400x1050
9999945_00000_d_0000097,1400,1050,1400x1050
9999945_00000_d_0000098,1400,1050,1400x1050
9999945_00000_d_0000099,1400,1050,1400x1050
9999945_00000_d_0000100,1400,1050,1400x1050
9999945_00000_d_0000101,1400,1050,1400x1050
9999945_00000_d_0000102,1400,1050,1400x1050
9999945_00000_d_0000103,1400,1050,1400x1050
9999945_00000_d_0000104,1400,1050,1400x1050
9999945_00000_d_0000105,1400,1050,1400x1050
9999945_00000_d_0000106,1400,1050,1400x1050
9999945_00000_d_0000107,1400,1050,1400x1050
9999945_00000_d_0000108,1400,1050,1400x1050
9999945_00000_d_0000109,1400,1050,1400x1050
9999945_00000_d_0000110,1400,1050,1400x1050
9999945_00000_d_0000111,1400,1050,1400x1050
9999945_00000_d_0000112,1400,1050,1400x1050
9999945_00000_d_0000113,1400,1050,1400x1050
9999945_00000_d_0000114,1400,1050,1400x1050
9999945_00000_d_0000115,1400,1050,1400x1050
9999945_00000_d_0000116,1400,1050,1400x1050
9999945_00000_d_0000117,1400,1050,1400x1050
9999945_00000_d_0000118,1400,1050,1400x1050
9999945_00000_d_0000119,1400,1050,1400x1050
9999945_00000_d_0000120,1400,1050,1400x1050
9999945_00000_d_0000121,1400,1050,1400x1050
9999945_00000_d_0000122,1400,1050,1400x1050
9999945_00000_d_0000123,1400,1050,1400x1050
9999945_00000_d_0000124,1400,1050,1400x1050
9999945_00000_d_0000125,1400,1050,1400x1050
9999945_00000_d_0000126,1400,1050,1400x1050
9999945_00000_d_0000127,1400,1050,1400x1050
9999945_00000_d_0000128,1400,1050,1400x1050
9999945_00000_d_0000129,1400,1050,1400x1050
9999945_00000_d_0000130,1400,1050,1400x1050
9999945_00000_d_0000131,1400,1050,1400x1050
9999945_00000_d_0000132,1400,1050,1400x1050
9999945_00000_d_0000133,1400,1050,1400x1050
9999945_00000_d_0000134,1400,1050,1400x1050
9999945_00000_d_0000135,1400,1050,1400x1050
9999945_00000_d_0000136,1400,1050,1400x1050
9999945_00000_d_0000137,1400,1050,1400x1050
9999945_00000_d_0000138,1400,1050,1400x1050
9999945_00000_d_0000139,1400,1050,1400x1050
9999945_00000_d_0000140,1400,1050,1400x1050
9999945_00000_d_0000141,1400,1050,1400x1050
9999945_00000_d_0000142,1400,1050,1400x1050
9999945_00000_d_0000143,1400,1050,1400x1050
9999945_00000_d_0000144,1400,1050,1400x1050
9999945_00000_d_0000145,1400,1050,1400x1050
9999945_00000_d_0000146,1400,1050,1400x1050
9999945_00000_d_0000147,1400,1050,1400x1050
9999945_00000_d_0000148,1400,1050,1400x1050
9999945_00000_d_0000149,1400,1050,1400x1050
9999945_00000_d_0000150,1400,1050,1400x1050
9999945_00000_d_0000151,1400,1050,1400x1050
9999945_00000_d_0000152,1400,1050,1400x1050
9999945_00000_d_0000153,1400,1050,1400x1050
9999945_00000_d_0000154,1400,1050,1400x1050
9999945_00000_d_0000155,1400,1050,1400x1050
9999945_00000_d_0000156,1400,1050,1400x1050
9999945_00000_d_0000157,1400,1050,1400x1050
9999945_00000_d_0000158,1400,1050,1400x1050
9999945_00000_d_0000159,1400,1050,1400x1050
9999945_00000_d_0000160,1400,1050,1400x1050
9999945_00000_d_0000161,1400,1050,1400x1050
9999945_00000_d_0000162,1400,1050,1400x1050
9999945_00000_d_0000163,1400,1050,1400x1050
9999945_00000_d_0000164,1400,1050,1400x1050
9999945_00000_d_0000165,1400,1050,1400x1050
9999945_00000_d_0000166,1400,1050,1400x1050
9999945_00000_d_0000167,1400,1050,1400x1050
9999945_00000_d_0000168,1400,1050,1400x1050
9999945_00000_d_0000169,1400,1050,1400x1050
9999945_00000_d_0000170,1400,1050,1400x1050
9999945_00000_d_0000171,1400,1050,1400x1050
9999945_00000_d_0000172,1400,1050,1400x1050
9999945_00000_d_0000173,1400,1050,1400x1050
9999945_00000_d_0000174,1400,1050,1400x1050
9999945_00000_d_0000175,1400,1050,1400x1050
9999945_00000_d_0000176,1400,1050,1400x1050
9999945_00000_d_0000177,1400,1050,1400x1050
9999945_00000_d_0000178,1400,1050,1400x1050
9999945_00000_d_0000179,1400,1050,1400x1050
9999948_00000_d_0000001,1400,1050,1400x1050
9999948_00000_d_0000002,1400,1050,1400x1050
9999948_00000_d_0000003,1400,1050,1400x1050
9999948_00000_d_0000004,1400,1050,1400x1050
9999948_00000_d_0000005,1400,1050,1400x1050
9999948_00000_d_0000006,1400,1050,1400x1050
9999948_00000_d_0000007,1400,1050,1400x1050
9999948_00000_d_0000008,1400,1050,1400x1050
9999948_00000_d_0000009,1400,1050,1400x1050
9999948_00000_d_0000010,1400,1050,1400x1050
9999948_00000_d_0000011,1400,1050,1400x1050
9999948_00000_d_0000012,1400,1050,1400x1050
9999948_00000_d_0000013,1400,1050,1400x1050
9999948_00000_d_0000014,1400,1050,1400x1050
9999948_00000_d_0000015,1400,1050,1400x1050
9999948_00000_d_0000016,1400,1050,1400x1050
9999948_00000_d_0000017,1400,1050,1400x1050
9999948_00000_d_0000018,1400,1050,1400x1050
9999948_00000_d_0000019,1400,1050,1400x1050
9999948_00000_d_0000020,1400,1050,1400x1050
9999948_00000_d_0000021,1400,1050,1400x1050
9999948_00000_d_0000022,1400,1050,1400x1050
9999948_00000_d_0000023,1400,1050,1400x1050
9999948_00000_d_0000024,1400,1050,1400x1050
9999948_00000_d_0000025,1400,1050,1400x1050
9999948_00000_d_0000026,1400,1050,1400x1050
9999948_00000_d_0000027,1400,1050,1400x1050
9999948_00000_d_0000028,1400,1050,1400x1050
9999948_00000_d_0000029,1400,1050,1400x1050
9999948_00000_d_0000030,1400,1050,1400x1050
9999948_00000_d_0000031,1400,1050,1400x1050
9999948_00000_d_0000032,1400,1050,1400x1050
9999948_00000_d_0000033,1400,1050,1400x1050
9999948_00000_d_0000034,1400,1050,1400x1050
9999948_00000_d_0000035,1400,1050,1400x1050
9999948_00000_d_0000036,1400,1050,1400x1050
9999948_00000_d_0000037,1400,1050,1400x1050
9999948_00000_d_0000038,1400,1050,1400x1050
9999948_00000_d_0000039,1400,1050,1400x1050
9999948_00000_d_0000040,1400,1050,1400x1050
9999948_00000_d_0000041,1400,1050,1400x1050
9999950_00000_d_0000001,1400,1050,1400x1050
9999950_00000_d_0000002,1400,1050,1400x1050
9999950_00000_d_0000003,1400,1050,1400x1050
9999950_00000_d_0000004,1400,1050,1400x1050
9999950_00000_d_0000005,1400,1050,1400x1050
9999950_00000_d_0000006,1400,1050,1400x1050
9999950_00000_d_0000007,1400,1050,1400x1050
9999950_00000_d_0000008,1400,1050,1400x1050
9999950_00000_d_0000009,1400,1050,1400x1050
9999950_00000_d_0000010,1400,1050,1400x1050
9999950_00000_d_0000011,1400,1050,1400x1050
9999950_00000_d_0000012,1400,1050,1400x1050
9999950_00000_d_0000013,1400,1050,1400x1050
9999950_00000_d_0000014,1400,1050,1400x1050
9999950_00000_d_0000015,1400,1050,1400x1050
9999950_00000_d_0000016,1400,1050,1400x1050
9999950_00000_d_0000017,1400,1050,1400x1050
9999950_00000_d_0000018,1400,1050,1400x1050
9999950_00000_d_0000019,1400,1050,1400x1050
9999950_00000_d_0000020,1400,1050,1400x1050
9999950_00000_d_0000021,1400,1050,1400x1050
9999950_00000_d_0000022,1400,1050,1400x1050
9999950_00000_d_0000023,1400,1050,1400x1050
9999950_00000_d_0000024,1400,1050,1400x1050
9999950_00000_d_0000025,1400,1050,1400x1050
9999950_00000_d_0000026,1400,1050,1400x1050
9999950_00000_d_0000027,1400,1050,1400x1050
9999950_00000_d_0000028,1400,1050,1400x1050
9999950_00000_d_0000029,1400,1050,1400x1050
9999950_00000_d_0000030,1400,1050,1400x1050
9999950_00000_d_0000031,1400,1050,1400x1050
9999950_00000_d_0000032,1400,1050,1400x1050
9999950_00000_d_0000033,1400,1050,1400x1050
9999950_00000_d_0000034,1400,1050,1400x1050
9999950_00000_d_0000035,1400,1050,1400x1050
9999950_00000_d_0000036,1400,1050,1400x1050
9999950_00000_d_0000037,1400,1050,1400x1050
9999950_00000_d_0000038,1400,1050,1400x1050
9999950_00000_d_0000039,1400,1050,1400x1050
9999950_00000_d_0000040,1400,1050,1400x1050
9999950_00000_d_0000041,1400,1050,1400x1050
9999950_00000_d_0000042,1400,1050,1400x1050
9999950_00000_d_0000043,1400,1050,1400x1050
9999950_00000_d_0000044,1400,1050,1400x1050
9999950_00000_d_0000045,1400,1050,1400x1050
9999950_00000_d_0000046,1400,1050,1400x1050
9999950_00000_d_0000047,1400,1050,1400x1050
9999950_00000_d_0000048,1400,1050,1400x1050
9999950_00000_d_0000049,1400,1050,1400x1050
9999950_00000_d_0000050,1400,1050,1400x1050
9999950_00000_d_0000051,1400,1050,1400x1050
9999950_00000_d_0000052,1400,1050,1400x1050
9999950_00000_d_0000053,1400,1050,1400x1050
9999950_00000_d_0000054,1400,1050,1400x1050
9999950_00000_d_0000055,1400,1050,1400x1050
9999950_00000_d_0000056,1400,1050,1400x1050
9999950_00000_d_0000057,1400,1050,1400x1050
9999950_00000_d_0000058,1400,1050,1400x1050
9999950_00000_d_0000059,1400,1050,1400x1050
9999950_00000_d_0000060,1400,1050,1400x1050
9999950_00000_d_0000061,1400,1050,1400x1050
9999950_00000_d_0000062,1400,1050,1400x1050
9999950_00000_d_0000063,1400,1050,1400x1050
9999950_00000_d_0000064,1400,1050,1400x1050
9999950_00000_d_0000065,1400,1050,1400x1050
9999950_00000_d_0000066,1400,1050,1400x1050
9999950_00000_d_0000067,1400,1050,1400x1050
9999950_00000_d_0000068,1400,1050,1400x1050
9999950_00000_d_0000069,1400,1050,1400x1050
9999950_00000_d_0000070,1400,1050,1400x1050
9999950_00000_d_0000071,1400,1050,1400x1050
9999950_00000_d_0000072,1400,1050,1400x1050
9999950_00000_d_0000073,1400,1050,1400x1050
9999950_00000_d_0000074,1400,1050,1400x1050
9999950_00000_d_0000075,1400,1050,1400x1050
9999950_00000_d_0000076,1400,1050,1400x1050
9999950_00000_d_0000077,1400,1050,1400x1050
9999950_00000_d_0000078,1400,1050,1400x1050
9999950_00000_d_0000079,1400,1050,1400x1050
9999950_00000_d_0000081,1400,1050,1400x1050
9999950_00000_d_0000082,1400,1050,1400x1050
9999950_00000_d_0000083,1400,1050,1400x1050
9999950_00000_d_0000088,1400,1050,1400x1050
9999950_00000_d_0000089,1400,1050,1400x1050
9999950_00000_d_0000090,1400,1050,1400x1050
9999950_00000_d_10000080,1400,1050,1400x1050
9999950_00000_d_1007082,1916,1078,1916x1078
9999950_00000_d_1007083,1400,1050,1400x1050
9999950_00000_d_1007084,1400,1050,1400x1050
9999950_00000_d_1007223,1916,1078,1916x1078
9999951_00000_d_0000001,1400,788,1400x788
9999951_00000_d_0000002,1400,788,1400x788
9999951_00000_d_0000003,1400,788,1400x788
9999951_00000_d_0000004,1400,788,1400x788
9999951_00000_d_0000005,1400,788,1400x788
9999951_00000_d_0000006,1400,788,1400x788
9999951_00000_d_0000007,1400,788,1400x788
9999951_00000_d_0000008,1400,788,1400x788
9999951_00000_d_0000009,1400,788,1400x788
9999951_00000_d_0000010,1400,788,1400x788
9999951_00000_d_0000011,1400,788,1400x788
9999951_00000_d_0000012,1400,788,1400x788
9999951_00000_d_0000013,1400,788,1400x788
9999951_00000_d_0000014,1400,788,1400x788
9999951_00000_d_0000015,1400,788,1400x788
9999951_00000_d_0000016,1400,788,1400x788
9999951_00000_d_0000017,1400,788,1400x788
9999951_00000_d_0000018,1400,788,1400x788
9999951_00000_d_0000019,1400,788,1400x788
9999951_00000_d_0000020,1400,788,1400x788
9999951_00000_d_0000021,1400,788,1400x788
9999951_00000_d_0000022,1400,788,1400x788
9999951_00000_d_0000023,1400,788,1400x788
9999951_00000_d_0000024,1400,788,1400x788
9999951_00000_d_0000025,1400,788,1400x788
9999951_00000_d_0000026,1400,788,1400x788
9999951_00000_d_0000027,1400,788,1400x788
9999951_00000_d_0000028,1400,788,1400x788
9999951_00000_d_0000029,1400,788,1400x788
9999951_00000_d_0000030,1400,788,1400x788
9999951_00000_d_0000031,1400,788,1400x788
9999951_00000_d_0000032,1400,788,1400x788
9999951_00000_d_0000033,1400,788,1400x788
9999951_00000_d_0000034,1400,788,1400x788
9999951_00000_d_0000035,1400,788,1400x788
9999951_00000_d_0000036,1400,788,1400x788
9999951_00000_d_0000037,1400,788,1400x788
9999951_00000_d_0000038,1400,788,1400x788
9999951_00000_d_0000039,1400,788,1400x788
9999951_00000_d_0000040,1400,788,1400x788
9999951_00000_d_0000041,1400,788,1400x788
9999951_00000_d_0000042,1400,788,1400x788
9999951_00000_d_0000043,1400,788,1400x788
9999951_00000_d_0000044,1400,788,1400x788
9999951_00000_d_0000045,1400,788,1400x788
9999951_00000_d_0000046,1400,788,1400x788
9999951_00000_d_0000047,1400,788,1400x788
9999951_00000_d_0000048,1400,788,1400x788
9999951_00000_d_0000049,1400,788,1400x788
9999951_00000_d_0000050,1400,788,1400x788
9999951_00000_d_0000051,1400,788,1400x788
9999951_00000_d_0000052,1400,788,1400x788
9999951_00000_d_0000053,1400,788,1400x788
9999951_00000_d_0000054,1400,788,1400x788
9999951_00000_d_0000055,1400,788,1400x788
9999951_00000_d_0000056,1400,788,1400x788
9999951_00000_d_0000057,1400,788,1400x788
9999951_00000_d_0000058,1400,788,1400x788
9999951_00000_d_0000059,1400,788,1400x788
9999951_00000_d_0000060,1400,788,1400x788
9999951_00000_d_0000061,1400,788,1400x788
9999951_00000_d_0000062,1400,788,1400x788
9999951_00000_d_0000063,1400,788,1400x788
9999951_00000_d_0000064,1400,788,1400x788
9999951_00000_d_0000065,1400,788,1400x788
9999951_00000_d_0000066,1400,788,1400x788
9999951_00000_d_0000067,1400,788,1400x788
9999951_00000_d_0000068,1400,788,1400x788
9999951_00000_d_0000069,1400,788,1400x788
9999951_00000_d_0000070,1400,788,1400x788
9999951_00000_d_0000071,1400,788,1400x788
9999951_00000_d_0000072,1400,788,1400x788
9999951_00000_d_0000073,1400,788,1400x788
9999951_00000_d_0000074,1400,788,1400x788
9999951_00000_d_0000075,1400,788,1400x788
9999951_00000_d_0000076,1400,788,1400x788
9999951_00000_d_0000077,1400,788,1400x788
9999951_00000_d_0000078,1400,788,1400x788
9999951_00000_d_0000079,1400,788,1400x788
9999951_00000_d_0000080,1400,788,1400x788
9999951_00000_d_0000081,1400,788,1400x788
9999951_00000_d_0000082,1400,788,1400x788
9999951_00000_d_0000083,1400,788,1400x788
9999951_00000_d_0000084,1400,788,1400x788
9999951_00000_d_0000085,1400,788,1400x788
9999951_00000_d_0000086,1400,788,1400x788
9999951_00000_d_0000087,1400,788,1400x788
9999951_00000_d_0000088,1400,788,1400x788
9999951_00000_d_0000089,1400,788,1400x788
9999951_00000_d_0000090,1400,788,1400x788
9999951_00000_d_0000091,1400,788,1400x788
9999951_00000_d_0000092,1400,788,1400x788
9999951_00000_d_0000093,1400,788,1400x788
9999951_00000_d_0000094,1400,788,1400x788
9999951_00000_d_0000095,1400,788,1400x788
9999951_00000_d_0000096,1400,788,1400x788
9999951_00000_d_0000097,1400,788,1400x788
9999951_00000_d_0000098,1400,788,1400x788
9999951_00000_d_0000099,1400,788,1400x788
9999951_00000_d_0000100,1400,788,1400x788
9999951_00000_d_0000101,1400,788,1400x788
9999951_00000_d_0000102,1400,788,1400x788
9999951_00000_d_0000103,1400,788,1400x788
9999951_00000_d_0000104,1400,788,1400x788
9999951_00000_d_0000105,1400,788,1400x788
9999951_00000_d_0000106,1400,788,1400x788
9999951_00000_d_0000107,1400,788,1400x788
9999951_00000_d_0000108,1400,788,1400x788
9999951_00000_d_0000109,1400,788,1400x788
9999951_00000_d_0000110,1400,788,1400x788
9999951_00000_d_0000111,1400,788,1400x788
9999951_00000_d_0000112,1400,788,1400x788
9999951_00000_d_0000113,1400,788,1400x788
9999951_00000_d_0000114,1400,788,1400x788
9999951_00000_d_0000115,1400,788,1400x788
9999951_00000_d_0000116,1400,788,1400x788
9999951_00000_d_0000117,1400,788,1400x788
9999951_00000_d_0000118,1400,788,1400x788
9999951_00000_d_0000119,1400,788,1400x788
9999951_00000_d_0000120,1400,788,1400x788
9999951_00000_d_0000121,1400,788,1400x788
9999951_00000_d_0000122,1400,788,1400x788
9999951_00000_d_0000123,1400,788,1400x788
9999951_00000_d_0000124,1400,788,1400x788
9999951_00000_d_0000125,1400,788,1400x788
9999951_00000_d_0000126,1400,788,1400x788
9999951_00000_d_0000127,1400,788,1400x788
9999951_00000_d_0000128,1400,788,1400x788
9999951_00000_d_0000129,1400,788,1400x788
9999951_00000_d_0000130,1400,788,1400x788
9999951_00000_d_0000131,1400,788,1400x788
9999951_00000_d_0000132,1400,788,1400x788
9999951_00000_d_0000133,1400,788,1400x788
9999951_00000_d_0000134,1400,788,1400x788
9999951_00000_d_0000135,1400,788,1400x788
9999951_00000_d_0000136,1400,788,1400x788
9999951_00000_d_0000137,1400,788,1400x788
9999951_00000_d_0000138,1400,788,1400x788
9999951_00000_d_0000139,1400,788,1400x788
9999951_00000_d_0000140,1400,788,1400x788
9999951_00000_d_0000141,1400,788,1400x788
9999951_00000_d_0000142,1400,788,1400x788
9999951_00000_d_0000143,1400,788,1400x788
9999951_00000_d_0000144,1400,788,1400x788
9999951_00000_d_0000145,1400,788,1400x788
9999951_00000_d_0000146,1400,788,1400x788
9999951_00000_d_0000147,1400,788,1400x788
9999951_00000_d_0000148,1400,788,1400x788
9999951_00000_d_0000149,1400,788,1400x788
9999951_00000_d_0000150,1400,788,1400x788
9999951_00000_d_0000151,1400,788,1400x788
9999951_00000_d_0000152,1400,788,1400x788
9999951_00000_d_0000153,1400,788,1400x788
9999951_00000_d_0000154,1400,788,1400x788
9999951_00000_d_0000155,1400,788,1400x788
9999951_00000_d_0000156,1400,788,1400x788
9999951_00000_d_0000157,1400,788,1400x788
9999951_00000_d_0000158,1400,788,1400x788
9999951_00000_d_0000159,1400,788,1400x788
9999951_00000_d_0000160,1400,788,1400x788
9999951_00000_d_0000161,1400,788,1400x788
9999951_00000_d_0000162,1400,788,1400x788
9999951_00000_d_0000163,1400,788,1400x788
9999951_00000_d_0000164,1400,788,1400x788
9999951_00000_d_0000165,1400,788,1400x788
9999951_00000_d_0000166,1400,788,1400x788
9999951_00000_d_0000167,1400,788,1400x788
9999951_00000_d_0000168,1400,788,1400x788
9999951_00000_d_0000169,1400,788,1400x788
9999951_00000_d_0000170,1400,788,1400x788
9999951_00000_d_0000171,1400,788,1400x788
9999951_00000_d_0000172,1400,788,1400x788
9999951_00000_d_0000173,1400,788,1400x788
9999951_00000_d_0000174,1400,788,1400x788
9999951_00000_d_0000175,1400,788,1400x788
9999951_00000_d_0000176,1400,788,1400x788
9999951_00000_d_0000177,1400,788,1400x788
9999951_00000_d_0000178,1400,788,1400x788
9999951_00000_d_0000179,1400,788,1400x788
9999951_00000_d_0000180,1400,788,1400x788
9999951_00000_d_0000181,1400,788,1400x788
9999951_00000_d_0000182,1400,788,1400x788
9999951_00000_d_0000183,1400,788,1400x788
9999951_00000_d_0000184,1400,788,1400x788
9999951_00000_d_0000185,1400,788,1400x788
9999951_00000_d_0000186,1400,788,1400x788
9999951_00000_d_0000187,1400,788,1400x788
9999951_00000_d_0000188,1400,788,1400x788
9999951_00000_d_0000189,1400,788,1400x788
9999951_00000_d_0000190,1400,788,1400x788
9999951_00000_d_0000191,1400,788,1400x788
9999951_00000_d_0000192,1400,788,1400x788
9999951_00000_d_0000193,1400,788,1400x788
9999951_00000_d_0000194,1400,788,1400x788
9999951_00000_d_0000195,1400,788,1400x788
9999951_00000_d_0000196,1400,788,1400x788
9999951_00000_d_0000197,1400,788,1400x788
9999951_00000_d_0000198,1400,788,1400x788
9999951_00000_d_0000199,1400,788,1400x788
9999951_00000_d_0000200,1400,788,1400x788
9999951_00000_d_0000201,1400,788,1400x788
9999951_00000_d_0000202,1400,788,1400x788
9999951_00000_d_0000203,1400,788,1400x788
9999951_00000_d_0000204,1400,788,1400x788
9999951_00000_d_0000205,1400,788,1400x788
9999951_00000_d_0000206,1400,788,1400x788
9999951_00000_d_0000207,1400,788,1400x788
9999951_00000_d_0000208,1400,788,1400x788
9999951_00000_d_0000209,1400,788,1400x788
9999951_00000_d_0000210,1400,788,1400x788
9999951_00000_d_0000211,1400,788,1400x788
9999951_00000_d_0000212,1400,788,1400x788
9999951_00000_d_0000213,1400,788,1400x788
9999951_00000_d_0000214,1400,788,1400x788
9999951_00000_d_0000215,1400,788,1400x788
9999951_00000_d_0000216,1400,788,1400x788
9999951_00000_d_0000217,1400,788,1400x788
9999951_00000_d_0000218,1400,788,1400x788
9999951_00000_d_0000219,1400,788,1400x788
9999951_00000_d_0000220,1400,788,1400x788
9999951_00000_d_0000221,1400,788,1400x788
9999951_00000_d_0000222,1400,788,1400x788
9999951_00000_d_0000223,1400,788,1400x788
9999951_00000_d_0000224,1400,788,1400x788
9999951_00000_d_0000225,1400,788,1400x788
9999951_00000_d_0000226,1400,788,1400x788
9999951_00000_d_0000227,1400,788,1400x788
9999951_00000_d_0000228,1400,788,1400x788
9999951_00000_d_0000229,1400,788,1400x788
9999951_00000_d_0000230,1400,788,1400x788
9999951_00000_d_0000231,1400,788,1400x788
9999951_00000_d_0000232,1400,788,1400x788
9999951_00000_d_0000233,1400,788,1400x788
9999951_00000_d_0000234,1400,788,1400x788
9999951_00000_d_0000235,1400,788,1400x788
9999951_00000_d_0000236,1400,788,1400x788
9999951_00000_d_0000237,1400,788,1400x788
9999951_00000_d_0000238,1400,788,1400x788
9999951_00000_d_0000239,1400,788,1400x788
9999951_00000_d_0000240,1400,788,1400x788
9999951_00000_d_0000241,1400,788,1400x788
9999951_00000_d_0000242,1400,788,1400x788
9999951_00000_d_0000243,1400,788,1400x788
9999951_00000_d_0000244,1400,788,1400x788
9999951_00000_d_0000245,1400,788,1400x788
9999951_00000_d_0000246,1400,788,1400x788
9999951_00000_d_0000247,1400,788,1400x788
9999951_00000_d_0000248,1400,788,1400x788
9999951_00000_d_0000249,1400,788,1400x788
9999951_00000_d_0000250,1400,788,1400x788
9999951_00000_d_0000251,1400,788,1400x788
9999951_00000_d_0000252,1400,788,1400x788
9999951_00000_d_0000253,1400,788,1400x788
9999951_00000_d_0000254,1400,788,1400x788
9999951_00000_d_0000255,1400,788,1400x788
9999951_00000_d_0000256,1400,788,1400x788
9999951_00000_d_0000257,1400,788,1400x788
9999951_00000_d_0000258,1400,788,1400x788
9999951_00000_d_0000259,1400,788,1400x788
9999951_00000_d_0000260,1400,788,1400x788
9999951_00000_d_0000261,1400,788,1400x788
9999951_00000_d_0000262,1400,788,1400x788
9999951_00000_d_0000263,1400,788,1400x788
9999951_00000_d_0000264,1400,788,1400x788
9999951_00000_d_0000265,1400,788,1400x788
9999951_00000_d_0000266,1400,788,1400x788
9999951_00000_d_0000267,1400,788,1400x788
9999951_00000_d_0000268,1400,788,1400x788
9999951_00000_d_0000269,1400,788,1400x788
9999951_00000_d_0000270,1400,788,1400x788
9999951_00000_d_0000271,1400,788,1400x788
9999951_00000_d_0000272,1400,788,1400x788
9999951_00000_d_0000273,1400,788,1400x788
9999951_00000_d_0000274,1400,788,1400x788
9999951_00000_d_0000275,1400,788,1400x788
9999951_00000_d_0000276,1400,788,1400x788
9999951_00000_d_0000277,1400,788,1400x788
9999951_00000_d_0000278,1400,788,1400x788
9999951_00000_d_0000279,1400,788,1400x788
9999951_00000_d_0000280,1400,788,1400x788
9999951_00000_d_0000281,1400,788,1400x788
9999951_00000_d_0000282,1400,788,1400x788
9999951_00000_d_0000283,1400,788,1400x788
9999951_00000_d_0000284,1400,788,1400x788
9999951_00000_d_0000285,1400,788,1400x788
9999951_00000_d_0000286,1400,788,1400x788
9999951_00000_d_0000287,1400,788,1400x788
9999951_00000_d_0000288,1400,788,1400x788
9999951_00000_d_0000289,1400,788,1400x788
9999951_00000_d_0000290,1400,788,1400x788
9999951_00000_d_0000291,1400,788,1400x788
9999951_00000_d_0000292,1400,788,1400x788
9999951_00000_d_0000293,1400,788,1400x788
9999951_00000_d_0000294,1400,788,1400x788
9999951_00000_d_0000295,1400,788,1400x788
9999951_00000_d_0000296,1400,788,1400x788
9999951_00000_d_0000297,1400,788,1400x788
9999951_00000_d_0000298,1400,788,1400x788
9999951_00000_d_0000299,1400,788,1400x788
9999951_00000_d_0000300,1400,788,1400x788
9999951_00000_d_0000301,1400,788,1400x788
9999951_00000_d_0000302,1400,788,1400x788
9999951_00000_d_0000303,1400,788,1400x788
9999951_00000_d_0000304,1400,788,1400x788
9999951_00000_d_0000305,1400,788,1400x788
9999951_00000_d_0000306,1400,788,1400x788
9999951_00000_d_0000307,1400,788,1400x788
9999951_00000_d_0000308,1400,788,1400x788
9999951_00000_d_0000309,1400,788,1400x788
9999951_00000_d_0000310,1400,788,1400x788
9999951_00000_d_0000311,1400,788,1400x788
9999951_00000_d_0000312,1400,788,1400x788
9999951_00000_d_0000313,1400,788,1400x788
9999951_00000_d_0000314,1400,788,1400x788
9999951_00000_d_0000315,1400,788,1400x788
9999951_00000_d_0000316,1400,788,1400x788
9999951_00000_d_0000317,1400,788,1400x788
9999951_00000_d_0000318,1400,788,1400x788
9999951_00000_d_0000319,1400,788,1400x788
9999951_00000_d_0000320,1400,788,1400x788
9999951_00000_d_0000321,1400,788,1400x788
9999951_00000_d_0000322,1400,788,1400x788
9999951_00000_d_0000323,1400,788,1400x788
9999951_00000_d_0000324,1400,788,1400x788
9999951_00000_d_0000325,1400,788,1400x788
9999951_00000_d_0000326,1400,788,1400x788
9999951_00000_d_0000327,1400,788,1400x788
9999951_00000_d_0000328,1400,788,1400x788
9999951_00000_d_0000329,1400,788,1400x788
9999951_00000_d_0000330,1400,788,1400x788
9999951_00000_d_0000331,1400,788,1400x788
9999951_00000_d_0000332,1400,788,1400x788
9999951_00000_d_0000333,1400,788,1400x788
9999951_00000_d_0000334,1400,788,1400x788
9999953_00000_d_0000001,1400,788,1400x788
9999953_00000_d_0000002,1400,788,1400x788
9999953_00000_d_0000003,1400,788,1400x788
9999953_00000_d_0000004,1400,788,1400x788
9999953_00000_d_0000005,1400,788,1400x788
9999953_00000_d_0000006,1400,788,1400x788
9999953_00000_d_0000007,1400,788,1400x788
9999953_00000_d_0000008,1400,788,1400x788
9999953_00000_d_0000009,1400,788,1400x788
9999953_00000_d_0000010,1400,788,1400x788
9999953_00000_d_0000011,1400,788,1400x788
9999953_00000_d_0000012,1400,788,1400x788
9999953_00000_d_0000013,1400,788,1400x788
9999953_00000_d_0000014,1400,788,1400x788
9999953_00000_d_0000015,1400,788,1400x788
9999953_00000_d_0000016,1400,788,1400x788
9999953_00000_d_0000017,1400,788,1400x788
9999953_00000_d_0000018,1400,788,1400x788
9999953_00000_d_0000019,1400,788,1400x788
9999953_00000_d_0000020,1400,788,1400x788
9999953_00000_d_0000021,1400,788,1400x788
9999953_00000_d_0000022,1400,788,1400x788
9999953_00000_d_0000023,1400,788,1400x788
9999953_00000_d_0000024,1400,788,1400x788
9999953_00000_d_0000025,1400,788,1400x788
9999953_00000_d_0000026,1400,788,1400x788
9999953_00000_d_0000027,1400,788,1400x788
9999953_00000_d_0000028,1400,788,1400x788
9999953_00000_d_0000029,1400,788,1400x788
9999953_00000_d_0000030,1400,788,1400x788
9999953_00000_d_0000031,1400,788,1400x788
9999953_00000_d_0000032,1400,788,1400x788
9999953_00000_d_0000033,1400,788,1400x788
9999953_00000_d_0000034,1400,788,1400x788
9999953_00000_d_0000035,1400,788,1400x788
9999953_00000_d_0000036,1400,788,1400x788
9999953_00000_d_0000037,1400,788,1400x788
9999953_00000_d_0000038,1400,788,1400x788
9999953_00000_d_0000039,1400,788,1400x788
9999953_00000_d_0000040,1400,788,1400x788
9999953_00000_d_0000041,1400,788,1400x788
9999953_00000_d_0000042,1400,788,1400x788
9999953_00000_d_0000043,1400,788,1400x788
9999953_00000_d_0000044,1400,788,1400x788
9999953_00000_d_0000045,1400,788,1400x788
9999953_00000_d_0000046,1400,788,1400x788
9999953_00000_d_0000047,1400,788,1400x788
9999953_00000_d_0000048,1400,788,1400x788
9999953_00000_d_0000049,1400,788,1400x788
9999953_00000_d_0000050,1400,788,1400x788
9999953_00000_d_0000051,1400,788,1400x788
9999953_00000_d_0000052,1400,788,1400x788
9999953_00000_d_0000053,1400,788,1400x788
9999953_00000_d_0000054,1400,788,1400x788
9999953_00000_d_0000055,1400,788,1400x788
9999953_00000_d_0000056,1400,788,1400x788
9999953_00000_d_0000057,1400,788,1400x788
9999953_00000_d_0000058,1400,788,1400x788
9999953_00000_d_0000059,1400,788,1400x788
9999953_00000_d_0000060,1400,788,1400x788
9999953_00000_d_0000061,1400,788,1400x788
9999953_00000_d_0000062,1400,788,1400x788
9999953_00000_d_0000063,1400,788,1400x788
9999953_00000_d_0000064,1400,788,1400x788
9999953_00000_d_0000065,1400,788,1400x788
9999953_00000_d_0000066,1400,788,1400x788
9999953_00000_d_0000067,1400,788,1400x788
9999953_00000_d_0000068,1400,788,1400x788
9999953_00000_d_0000069,1400,788,1400x788
9999953_00000_d_0000070,1400,788,1400x788
9999953_00000_d_0000071,1400,788,1400x788
9999953_00000_d_0000072,1400,788,1400x788
9999953_00000_d_0000073,1400,788,1400x788
9999953_00000_d_0000074,1400,788,1400x788
9999953_00000_d_0000075,1400,788,1400x788
9999953_00000_d_0000076,1400,788,1400x788
9999953_00000_d_0000077,1400,788,1400x788
9999953_00000_d_0000078,1400,788,1400x788
9999953_00000_d_0000079,1400,788,1400x788
9999953_00000_d_0000080,1400,788,1400x788
9999953_00000_d_0000081,1400,788,1400x788
9999953_00000_d_0000082,1400,788,1400x788
9999953_00000_d_0000083,1400,788,1400x788
9999953_00000_d_0000084,1400,788,1400x788
9999953_00000_d_0000085,1400,788,1400x788
9999953_00000_d_0000086,1400,788,1400x788
9999953_00000_d_0000087,1400,788,1400x788
9999953_00000_d_0000088,1400,788,1400x788
9999953_00000_d_0000089,1400,788,1400x788
9999953_00000_d_0000090,1400,788,1400x788
9999953_00000_d_0000091,1400,788,1400x788
9999953_00000_d_0000092,1400,788,1400x788
9999953_00000_d_0000093,1400,788,1400x788
9999953_00000_d_0000094,1400,788,1400x788
9999953_00000_d_0000095,1400,788,1400x788
9999953_00000_d_0000096,1400,788,1400x788
9999953_00000_d_0000097,1400,788,1400x788
9999953_00000_d_0000098,1400,788,1400x788
9999953_00000_d_0000099,1400,788,1400x788
9999953_00000_d_0000100,1400,788,1400x788
9999953_00000_d_0000101,1400,788,1400x788
9999953_00000_d_0000102,1400,788,1400x788
9999953_00000_d_0000103,1400,788,1400x788
9999953_00000_d_0000104,1400,788,1400x788
9999953_00000_d_0000105,1400,788,1400x788
9999953_00000_d_0000106,1400,788,1400x788
9999953_00000_d_0000107,1400,788,1400x788
9999953_00000_d_0000108,1400,788,1400x788
9999953_00000_d_0000109,1400,788,1400x788
9999953_00000_d_0000110,1400,788,1400x788
9999953_00000_d_0000111,1400,788,1400x788
9999953_00000_d_0000112,1400,788,1400x788
9999953_00000_d_0000113,1400,788,1400x788
9999953_00000_d_0000114,1400,788,1400x788
9999953_00000_d_0000115,1400,788,1400x788
9999953_00000_d_0000116,1400,788,1400x788
9999953_00000_d_0000117,1400,788,1400x788
9999953_00000_d_0000118,1400,788,1400x788
9999953_00000_d_0000119,1400,788,1400x788
9999953_00000_d_0000120,1400,788,1400x788
9999953_00000_d_0000121,1400,788,1400x788
9999953_00000_d_0000122,1400,788,1400x788
9999953_00000_d_0000123,1400,788,1400x788
9999953_00000_d_0000124,1400,788,1400x788
9999953_00000_d_0000125,1400,788,1400x788
9999953_00000_d_0000126,1400,788,1400x788
9999953_00000_d_0000127,1400,788,1400x788
9999953_00000_d_0000128,1400,788,1400x788
9999953_00000_d_0000129,1400,788,1400x788
9999953_00000_d_0000130,1400,788,1400x788
9999953_00000_d_0000131,1400,788,1400x788
9999953_00000_d_0000132,1400,788,1400x788
9999953_00000_d_0000133,1400,788,1400x788
9999953_00000_d_0000134,1400,788,1400x788
9999953_00000_d_0000135,1400,788,1400x788
9999953_00000_d_0000136,1400,788,1400x788
9999953_00000_d_0000137,1400,788,1400x788
9999953_00000_d_0000138,1400,788,1400x788
9999953_00000_d_0000139,1400,788,1400x788
9999953_00000_d_0000140,1400,788,1400x788
9999953_00000_d_0000141,1400,788,1400x788
9999953_00000_d_0000142,1400,788,1400x788
9999953_00000_d_0000143,1400,788,1400x788
9999953_00000_d_0000144,1400,788,1400x788
9999953_00000_d_0000145,1400,788,1400x788
9999953_00000_d_0000146,1400,788,1400x788
9999953_00000_d_0000147,1400,788,1400x788
9999953_00000_d_0000148,1400,788,1400x788
9999953_00000_d_0000149,1400,788,1400x788
9999953_00000_d_0000150,1400,788,1400x788
9999953_00000_d_0000151,1400,788,1400x788
9999953_00000_d_0000152,1400,788,1400x788
9999953_00000_d_0000153,1400,788,1400x788
9999953_00000_d_0000154,1400,788,1400x788
9999953_00000_d_0000155,1400,788,1400x788
9999953_00000_d_0000156,1400,788,1400x788
9999953_00000_d_0000157,1400,788,1400x788
9999953_00000_d_0000158,1400,788,1400x788
9999953_00000_d_0000159,1400,788,1400x788
9999953_00000_d_0000160,1400,788,1400x788
9999953_00000_d_0000161,1400,788,1400x788
9999953_00000_d_0000162,1400,788,1400x788
9999953_00000_d_0000163,1400,788,1400x788
9999953_00000_d_0000164,1400,788,1400x788
9999953_00000_d_0000165,1400,788,1400x788
9999953_00000_d_0000166,1400,788,1400x788
9999953_00000_d_0000167,1400,788,1400x788
9999953_00000_d_0000168,1400,788,1400x788
9999953_00000_d_0000169,1400,788,1400x788
9999953_00000_d_0000170,1400,788,1400x788
9999953_00000_d_0000171,1400,788,1400x788
9999953_00000_d_0000172,1400,788,1400x788
9999953_00000_d_0000173,1400,788,1400x788
9999953_00000_d_0000174,1400,788,1400x788
9999953_00000_d_0000175,1400,788,1400x788
9999953_00000_d_0000176,1400,788,1400x788
9999953_00000_d_0000177,1400,788,1400x788
9999953_00000_d_0000178,1400,788,1400x788
9999953_00000_d_0000179,1400,788,1400x788
9999953_00000_d_0000180,1400,788,1400x788
9999953_00000_d_0000181,1400,788,1400x788
9999953_00000_d_0000182,1400,788,1400x788
9999953_00000_d_0000183,1400,788,1400x788
9999953_00000_d_0000184,1400,788,1400x788
9999953_00000_d_0000185,1400,788,1400x788
9999953_00000_d_0000186,1400,788,1400x788
9999953_00000_d_0000187,1400,788,1400x788
9999953_00000_d_0000188,1400,788,1400x788
9999953_00000_d_0000189,1400,788,1400x788
9999953_00000_d_0000190,1400,788,1400x788
9999953_00000_d_0000191,1400,788,1400x788
9999953_00000_d_0000192,1400,788,1400x788
9999953_00000_d_0000193,1400,788,1400x788
9999953_00000_d_0000194,1400,788,1400x788
9999953_00000_d_0000195,1400,788,1400x788
9999953_00000_d_0000196,1400,788,1400x788
9999953_00000_d_0000197,1400,788,1400x788
9999953_00000_d_0000198,1400,788,1400x788
9999953_00000_d_0000199,1400,788,1400x788
9999953_00000_d_0000200,1400,788,1400x788
9999953_00000_d_0000201,1400,788,1400x788
9999953_00000_d_0000202,1400,788,1400x788
9999953_00000_d_0000203,1400,788,1400x788
9999953_00000_d_0000204,1400,788,1400x788
9999953_00000_d_0000205,1400,788,1400x788
9999953_00000_d_0000206,1400,788,1400x788
9999953_00000_d_0000207,1400,788,1400x788
9999953_00000_d_0000208,1400,788,1400x788
9999953_00000_d_0000209,1400,788,1400x788
9999953_00000_d_0000210,1400,788,1400x788
9999953_00000_d_0000211,1400,788,1400x788
9999953_00000_d_0000212,1400,788,1400x788
9999953_00000_d_0000213,1400,788,1400x788
9999953_00000_d_0000214,1400,788,1400x788
9999953_00000_d_0000215,1400,788,1400x788
9999953_00000_d_0000216,1400,788,1400x788
9999953_00000_d_0000217,1400,788,1400x788
9999953_00000_d_0000218,1400,788,1400x788
9999953_00000_d_0000219,1400,788,1400x788
9999953_00000_d_0000220,1400,788,1400x788
9999953_00000_d_0000221,1400,788,1400x788
9999953_00000_d_0000222,1400,788,1400x788
9999953_00000_d_0000223,1400,788,1400x788
9999953_00000_d_0000224,1400,788,1400x788
9999953_00000_d_0000225,1400,788,1400x788
9999953_00000_d_0000226,1400,788,1400x788
9999953_00000_d_0000227,1400,788,1400x788
9999953_00000_d_0000228,1400,788,1400x788
9999953_00000_d_0000229,1400,788,1400x788
9999953_00000_d_0000230,1400,788,1400x788
9999953_00000_d_0000231,1400,788,1400x788
9999953_00000_d_0000232,1400,788,1400x788
9999953_00000_d_0000233,1400,788,1400x788
9999955_00000_d_0000001,1400,788,1400x788
9999955_00000_d_0000002,1400,788,1400x788
9999955_00000_d_0000003,1400,788,1400x788
9999955_00000_d_0000004,1400,788,1400x788
9999955_00000_d_0000005,1400,788,1400x788
9999955_00000_d_0000006,1400,788,1400x788
9999955_00000_d_0000007,1400,788,1400x788
9999955_00000_d_0000008,1400,788,1400x788
9999955_00000_d_0000009,1400,788,1400x788
9999955_00000_d_0000010,1400,788,1400x788
9999955_00000_d_0000011,1400,788,1400x788
9999955_00000_d_0000012,1400,788,1400x788
9999955_00000_d_0000013,1400,788,1400x788
9999955_00000_d_0000014,1400,788,1400x788
9999955_00000_d_0000015,1400,788,1400x788
9999955_00000_d_0000016,1400,788,1400x788
9999955_00000_d_0000017,1400,788,1400x788
9999955_00000_d_0000018,1400,788,1400x788
9999955_00000_d_0000019,1400,788,1400x788
9999955_00000_d_0000020,1400,788,1400x788
9999955_00000_d_0000021,1400,788,1400x788
9999955_00000_d_0000022,1400,788,1400x788
9999955_00000_d_0000023,1400,788,1400x788
9999955_00000_d_0000024,1400,788,1400x788
9999955_00000_d_0000025,1400,788,1400x788
9999955_00000_d_0000026,1400,788,1400x788
9999955_00000_d_0000027,1400,788,1400x788
9999955_00000_d_0000028,1400,788,1400x788
9999955_00000_d_0000029,1400,788,1400x788
9999955_00000_d_0000030,1400,788,1400x788
9999955_00000_d_0000031,1400,788,1400x788
9999955_00000_d_0000032,1400,788,1400x788
9999955_00000_d_0000033,1400,788,1400x788
9999955_00000_d_0000034,1400,788,1400x788
9999955_00000_d_0000035,1400,788,1400x788
9999955_00000_d_0000036,1400,788,1400x788
9999955_00000_d_0000037,1400,788,1400x788
9999955_00000_d_0000038,1400,788,1400x788
9999955_00000_d_0000039,1400,788,1400x788
9999955_00000_d_0000040,1400,788,1400x788
9999955_00000_d_0000041,1400,788,1400x788
9999955_00000_d_0000042,1400,788,1400x788
9999955_00000_d_0000043,1400,788,1400x788
9999955_00000_d_0000044,1400,788,1400x788
9999955_00000_d_0000045,1400,788,1400x788
9999955_00000_d_0000046,1400,788,1400x788
9999955_00000_d_0000047,1400,788,1400x788
9999955_00000_d_0000048,1400,788,1400x788
9999955_00000_d_0000049,1400,788,1400x788
9999955_00000_d_0000050,1400,788,1400x788
9999955_00000_d_0000051,1400,788,1400x788
9999955_00000_d_0000052,1400,788,1400x788
9999955_00000_d_0000053,1400,788,1400x788
9999955_00000_d_0000054,1400,788,1400x788
9999955_00000_d_0000055,1400,788,1400x788
9999955_00000_d_0000056,1400,788,1400x788
9999955_00000_d_0000057,1400,788,1400x788
9999955_00000_d_0000058,1400,788,1400x788
9999955_00000_d_0000059,1400,788,1400x788
9999955_00000_d_0000060,1400,788,1400x788
9999955_00000_d_0000061,1400,788,1400x788
9999955_00000_d_0000062,1400,788,1400x788
9999955_00000_d_0000063,1400,788,1400x788
9999955_00000_d_0000064,1400,788,1400x788
9999955_00000_d_0000065,1400,788,1400x788
9999955_00000_d_0000066,1400,788,1400x788
9999955_00000_d_0000067,1400,788,1400x788
9999955_00000_d_0000068,1400,788,1400x788
9999955_00000_d_0000069,1400,788,1400x788
9999955_00000_d_0000070,1400,788,1400x788
9999955_00000_d_0000071,1400,788,1400x788
9999955_00000_d_0000072,1400,788,1400x788
9999955_00000_d_0000073,1400,788,1400x788
9999955_00000_d_0000074,1400,788,1400x788
9999955_00000_d_0000075,1400,788,1400x788
9999955_00000_d_0000076,1400,788,1400x788
9999955_00000_d_0000077,1400,788,1400x788
9999955_00000_d_0000078,1400,788,1400x788
9999955_00000_d_0000079,1400,788,1400x788
9999955_00000_d_0000080,1400,788,1400x788
9999955_00000_d_0000081,1400,788,1400x788
9999955_00000_d_0000082,1400,788,1400x788
9999955_00000_d_0000083,1400,788,1400x788
9999955_00000_d_0000084,1400,788,1400x788
9999955_00000_d_0000085,1400,788,1400x788
9999955_00000_d_0000086,1400,788,1400x788
9999955_00000_d_0000087,1400,788,1400x788
9999955_00000_d_0000088,1400,788,1400x788
9999955_00000_d_0000089,1400,788,1400x788
9999955_00000_d_0000090,1400,788,1400x788
9999955_00000_d_0000091,1400,788,1400x788
9999955_00000_d_0000092,1400,788,1400x788
9999955_00000_d_0000093,1400,788,1400x788
9999955_00000_d_0000094,1400,788,1400x788
9999955_00000_d_0000095,1400,788,1400x788
9999955_00000_d_0000096,1400,788,1400x788
9999955_00000_d_0000097,1400,788,1400x788
9999955_00000_d_0000098,1400,788,1400x788
9999955_00000_d_0000099,1400,788,1400x788
9999955_00000_d_0000100,1400,788,1400x788
9999955_00000_d_0000101,1400,788,1400x788
9999955_00000_d_0000102,1400,788,1400x788
9999955_00000_d_0000103,1400,788,1400x788
9999955_00000_d_0000104,1400,788,1400x788
9999955_00000_d_0000105,1400,788,1400x788
9999955_00000_d_0000106,1400,788,1400x788
9999955_00000_d_0000107,1400,788,1400x788
9999955_00000_d_0000108,1400,788,1400x788
9999955_00000_d_0000109,1400,788,1400x788
9999955_00000_d_0000110,1400,788,1400x788
9999955_00000_d_0000111,1400,788,1400x788
9999955_00000_d_0000112,1400,788,1400x788
9999955_00000_d_0000113,1400,788,1400x788
9999955_00000_d_0000114,1400,788,1400x788
9999955_00000_d_0000115,1400,788,1400x788
9999955_00000_d_0000116,1400,788,1400x788
9999955_00000_d_0000117,1400,788,1400x788
9999955_00000_d_0000118,1400,788,1400x788
9999955_00000_d_0000119,1400,788,1400x788
9999955_00000_d_0000120,1400,788,1400x788
9999955_00000_d_0000121,1400,788,1400x788
9999955_00000_d_0000122,1400,788,1400x788
9999955_00000_d_0000123,1400,788,1400x788
9999955_00000_d_0000124,1400,788,1400x788
9999955_00000_d_0000125,1400,788,1400x788
9999955_00000_d_0000126,1400,788,1400x788
9999955_00000_d_0000127,1400,788,1400x788
9999955_00000_d_0000128,1400,788,1400x788
9999955_00000_d_0000129,1400,788,1400x788
9999955_00000_d_0000130,1400,788,1400x788
9999955_00000_d_0000131,1400,788,1400x788
9999955_00000_d_0000132,1400,788,1400x788
9999955_00000_d_0000133,1400,788,1400x788
9999955_00000_d_0000134,1400,788,1400x788
9999955_00000_d_0000135,1400,788,1400x788
9999955_00000_d_0000136,1400,788,1400x788
9999955_00000_d_0000137,1400,788,1400x788
9999955_00000_d_0000138,1400,788,1400x788
9999955_00000_d_0000139,1400,788,1400x788
9999955_00000_d_0000140,1400,788,1400x788
9999955_00000_d_0000141,1400,788,1400x788
9999955_00000_d_0000142,1400,788,1400x788
9999955_00000_d_0000143,1400,788,1400x788
9999955_00000_d_0000144,1400,788,1400x788
9999955_00000_d_0000145,1400,788,1400x788
9999955_00000_d_0000146,1400,788,1400x788
9999955_00000_d_0000147,1400,788,1400x788
9999955_00000_d_0000148,1400,788,1400x788
9999955_00000_d_0000149,1400,788,1400x788
9999955_00000_d_0000150,1400,788,1400x788
9999955_00000_d_0000151,1400,788,1400x788
9999955_00000_d_0000152,1400,788,1400x788
9999955_00000_d_0000153,1400,788,1400x788
9999955_00000_d_0000154,1400,788,1400x788
9999955_00000_d_0000155,1400,788,1400x788
9999955_00000_d_0000156,1400,788,1400x788
9999955_00000_d_0000157,1400,788,1400x788
9999955_00000_d_0000158,1400,788,1400x788
9999955_00000_d_0000159,1400,788,1400x788
9999955_00000_d_0000160,1400,788,1400x788
9999955_00000_d_0000161,1400,788,1400x788
9999955_00000_d_0000162,1400,788,1400x788
9999955_00000_d_0000163,1400,788,1400x788
9999955_00000_d_0000164,1400,788,1400x788
9999955_00000_d_0000165,1400,788,1400x788
9999955_00000_d_0000166,1400,788,1400x788
9999955_00000_d_0000167,1400,788,1400x788
9999955_00000_d_0000168,1400,788,1400x788
9999955_00000_d_0000169,1400,788,1400x788
9999955_00000_d_0000170,1400,788,1400x788
9999955_00000_d_0000171,1400,788,1400x788
9999955_00000_d_0000172,1400,788,1400x788
9999955_00000_d_0000173,1400,788,1400x788
9999955_00000_d_0000174,1400,788,1400x788
9999955_00000_d_0000175,1400,788,1400x788
9999955_00000_d_0000176,1400,788,1400x788
9999955_00000_d_0000177,1400,788,1400x788
9999955_00000_d_0000178,1400,788,1400x788
9999955_00000_d_0000179,1400,788,1400x788
9999955_00000_d_0000180,1400,788,1400x788
9999955_00000_d_0000181,1400,788,1400x788
9999955_00000_d_0000182,1400,788,1400x788
9999955_00000_d_0000183,1400,788,1400x788
9999955_00000_d_0000184,1400,788,1400x788
9999955_00000_d_0000185,1400,788,1400x788
9999955_00000_d_0000186,1400,788,1400x788
9999955_00000_d_0000187,1400,788,1400x788
9999955_00000_d_0000188,1400,788,1400x788
9999955_00000_d_0000189,1400,788,1400x788
9999955_00000_d_0000190,1400,788,1400x788
9999955_00000_d_0000191,1400,788,1400x788
9999955_00000_d_0000192,1400,788,1400x788
9999955_00000_d_0000193,1400,788,1400x788
9999955_00000_d_0000194,1400,788,1400x788
9999955_00000_d_0000195,1400,788,1400x788
9999955_00000_d_0000196,1400,788,1400x788
9999955_00000_d_0000197,1400,788,1400x788
9999955_00000_d_0000198,1400,788,1400x788
9999955_00000_d_0000199,1400,788,1400x788
9999955_00000_d_0000200,1400,788,1400x788
9999955_00000_d_0000201,1400,788,1400x788
9999955_00000_d_0000202,1400,788,1400x788
9999955_00000_d_0000203,1400,788,1400x788
9999955_00000_d_0000204,1400,788,1400x788
9999955_00000_d_0000205,1400,788,1400x788
9999955_00000_d_0000206,1400,788,1400x788
9999955_00000_d_0000207,1400,788,1400x788
9999955_00000_d_0000208,1400,788,1400x788
9999955_00000_d_0000209,1400,788,1400x788
9999955_00000_d_0000210,1400,788,1400x788
9999955_00000_d_0000211,1400,788,1400x788
9999955_00000_d_0000212,1400,788,1400x788
9999955_00000_d_0000213,1400,788,1400x788
9999955_00000_d_0000214,1400,788,1400x788
9999955_00000_d_0000215,1400,788,1400x788
9999955_00000_d_0000216,1400,788,1400x788
9999955_00000_d_0000217,1400,788,1400x788
9999955_00000_d_0000218,1400,788,1400x788
9999955_00000_d_0000219,1400,788,1400x788
9999955_00000_d_0000220,1400,788,1400x788
9999955_00000_d_0000221,1400,788,1400x788
9999955_00000_d_0000222,1400,788,1400x788
9999955_00000_d_0000223,1400,788,1400x788
9999955_00000_d_0000224,1400,788,1400x788
9999955_00000_d_0000225,1400,788,1400x788
9999955_00000_d_0000226,1400,788,1400x788
9999955_00000_d_0000227,1400,788,1400x788
9999955_00000_d_0000228,1400,788,1400x788
9999955_00000_d_0000229,1400,788,1400x788
9999955_00000_d_0000230,1400,788,1400x788
9999955_00000_d_0000231,1400,788,1400x788
9999955_00000_d_0000232,1400,788,1400x788
9999955_00000_d_0000233,1400,788,1400x788
9999955_00000_d_0000234,1400,788,1400x788
9999955_00000_d_0000235,1400,788,1400x788
9999955_00000_d_0000236,1400,788,1400x788
9999955_00000_d_0000237,1400,788,1400x788
9999955_00000_d_0000238,1400,788,1400x788
9999955_00000_d_0000239,1400,788,1400x788
9999955_00000_d_0000240,1400,788,1400x788
9999955_00000_d_0000241,1400,788,1400x788
9999955_00000_d_0000242,1400,788,1400x788
9999955_00000_d_0000243,1400,788,1400x788
9999955_00000_d_0000244,1400,788,1400x788
9999955_00000_d_0000245,1400,788,1400x788
9999955_00000_d_0000246,1400,788,1400x788
9999955_00000_d_0000247,1400,788,1400x788
9999955_00000_d_0000248,1400,788,1400x788
9999955_00000_d_0000249,1400,788,1400x788
9999955_00000_d_0000250,1400,788,1400x788
9999955_00000_d_0000251,1400,788,1400x788
9999955_00000_d_0000252,1400,788,1400x788
9999955_00000_d_0000253,1400,788,1400x788
9999955_00000_d_0000254,1400,788,1400x788
9999955_00000_d_0000255,1400,788,1400x788
9999955_00000_d_0000256,1400,788,1400x788
9999955_00000_d_0000257,1400,788,1400x788
9999955_00000_d_0000258,1400,788,1400x788
9999955_00000_d_0000259,1400,788,1400x788
9999955_00000_d_0000260,1400,788,1400x788
9999955_00000_d_0000261,1400,788,1400x788
9999955_00000_d_0000262,1400,788,1400x788
9999955_00000_d_0000263,1400,788,1400x788
9999955_00000_d_0000264,1400,788,1400x788
9999955_00000_d_0000265,1400,788,1400x788
9999955_00000_d_0000266,1400,788,1400x788
9999955_00000_d_0000267,1400,788,1400x788
9999955_00000_d_0000268,1400,788,1400x788
9999955_00000_d_0000269,1400,788,1400x788
9999955_00000_d_0000270,1400,788,1400x788
9999955_00000_d_0000271,1400,788,1400x788
9999955_00000_d_0000272,1400,788,1400x788
9999955_00000_d_0000273,1400,788,1400x788
9999955_00000_d_0000274,1400,788,1400x788
9999955_00000_d_0000275,1400,788,1400x788
9999955_00000_d_0000276,1400,788,1400x788
9999955_00000_d_0000277,1400,788,1400x788
9999955_00000_d_0000278,1400,788,1400x788
9999955_00000_d_0000279,1400,788,1400x788
9999955_00000_d_0000280,1400,788,1400x788
9999955_00000_d_0000281,1400,788,1400x788
9999955_00000_d_0000282,1400,788,1400x788
9999955_00000_d_0000283,1400,788,1400x788
9999955_00000_d_0000284,1400,788,1400x788
9999955_00000_d_0000285,1400,788,1400x788
9999955_00000_d_0000286,1400,788,1400x788
9999955_00000_d_0000287,1400,788,1400x788
9999955_00000_d_0000288,1400,788,1400x788
9999955_00000_d_0000289,1400,788,1400x788
9999955_00000_d_0000290,1400,788,1400x788
9999955_00000_d_0000291,1400,788,1400x788
9999955_00000_d_0000292,1400,788,1400x788
9999955_00000_d_0000293,1400,788,1400x788
9999955_00000_d_0000294,1400,788,1400x788
9999955_00000_d_0000295,1400,788,1400x788
9999955_00000_d_0000296,1400,788,1400x788
9999955_00000_d_0000297,1400,788,1400x788
9999955_00000_d_0000298,1400,788,1400x788
9999955_00000_d_0000299,1400,788,1400x788
9999955_00000_d_0000300,1400,788,1400x788
9999955_00000_d_0000301,1400,788,1400x788
9999955_00000_d_0000302,1400,788,1400x788
9999955_00000_d_0000303,1400,788,1400x788
9999955_00000_d_0000304,1400,788,1400x788
9999955_00000_d_0000305,1400,788,1400x788
9999955_00000_d_0000306,1400,788,1400x788
9999955_00000_d_0000307,1400,788,1400x788
9999955_00000_d_0000308,1400,788,1400x788
9999955_00000_d_0000309,1400,788,1400x788
9999955_00000_d_0000310,1400,788,1400x788
9999955_00000_d_0000311,1400,788,1400x788
9999955_00000_d_0000312,1400,788,1400x788
9999955_00000_d_0000313,1400,788,1400x788
9999955_00000_d_0000314,1400,788,1400x788
9999955_00000_d_0000315,1400,788,1400x788
9999955_00000_d_0000316,1400,788,1400x788
9999955_00000_d_0000317,1400,788,1400x788
9999955_00000_d_0000318,1400,788,1400x788
9999955_00000_d_0000319,1400,788,1400x788
9999955_00000_d_0000320,1400,788,1400x788
9999955_00000_d_0000321,1400,788,1400x788
9999955_00000_d_0000322,1400,788,1400x788
9999955_00000_d_0000323,1400,788,1400x788
9999955_00000_d_0000324,1400,788,1400x788
9999955_00000_d_0000325,1400,788,1400x788
9999955_00000_d_0000326,1400,788,1400x788
9999955_00000_d_0000327,1400,788,1400x788
9999955_00000_d_0000328,1400,788,1400x788
9999955_00000_d_0000329,1400,788,1400x788
9999955_00000_d_0000330,1400,788,1400x788
9999955_00000_d_0000331,1400,788,1400x788
9999955_00000_d_0000332,1400,788,1400x788
9999955_00000_d_0000333,1400,788,1400x788
9999955_00000_d_0000334,1400,788,1400x788
9999955_00000_d_0000335,1400,788,1400x788
9999955_00000_d_0000336,1400,788,1400x788
9999955_00000_d_0000337,1400,788,1400x788
9999955_00000_d_0000338,1400,788,1400x788
9999955_00000_d_0000339,1400,788,1400x788
9999955_00000_d_0000340,1400,788,1400x788
9999955_00000_d_0000341,1400,788,1400x788
9999955_00000_d_0000342,1400,788,1400x788
9999955_00000_d_0000343,1400,788,1400x788
9999955_00000_d_0000344,1400,788,1400x788
9999955_00000_d_0000345,1400,788,1400x788
9999955_00000_d_0000346,1400,788,1400x788
9999955_00000_d_0000347,1400,788,1400x788
9999955_00000_d_0000348,1400,788,1400x788
9999955_00000_d_0000349,1400,788,1400x788
9999955_00000_d_0000350,1400,788,1400x788
9999955_00000_d_0000351,1400,788,1400x788
9999955_00000_d_0000352,1400,788,1400x788
9999955_00000_d_0000353,1400,788,1400x788
9999955_00000_d_0000354,1400,788,1400x788
9999955_00000_d_0000355,1400,788,1400x788
9999955_00000_d_0000356,1400,788,1400x788
9999955_00000_d_0000357,1400,788,1400x788
9999955_00000_d_0000358,1400,788,1400x788
9999955_00000_d_0000359,1400,788,1400x788
9999955_00000_d_0000360,1400,788,1400x788
9999955_00000_d_0000361,1400,788,1400x788
9999955_00000_d_0000362,1400,788,1400x788
9999955_00000_d_0000363,1400,788,1400x788
9999955_00000_d_0000364,1400,788,1400x788
9999955_00000_d_0000365,1400,788,1400x788
9999955_00000_d_0000366,1400,788,1400x788
9999955_00000_d_0000367,1400,788,1400x788
9999955_00000_d_0000368,1400,788,1400x788
9999955_00000_d_0000369,1400,788,1400x788
9999955_00000_d_0000370,1400,788,1400x788
9999955_00000_d_0000371,1400,788,1400x788
9999955_00000_d_0000372,1400,788,1400x788
9999955_00000_d_0000373,1400,788,1400x788
9999955_00000_d_0000374,1400,788,1400x788
9999955_00000_d_0000375,1400,788,1400x788
9999955_00000_d_0000376,1400,788,1400x788
9999955_00000_d_0000377,1400,788,1400x788
9999955_00000_d_0000378,1400,788,1400x788
9999955_00000_d_0000379,1400,788,1400x788
9999955_00000_d_0000380,1400,788,1400x788
9999955_00000_d_0000381,1400,788,1400x788
9999955_00000_d_0000382,1400,788,1400x788
9999955_00000_d_0000383,1400,788,1400x788
9999955_00000_d_0000384,1400,788,1400x788
9999955_00000_d_0000385,1400,788,1400x788
9999955_00000_d_0000386,1400,788,1400x788
9999955_00000_d_0000387,1400,788,1400x788
9999955_00000_d_0000388,1400,788,1400x788
9999955_00000_d_0000389,1400,788,1400x788
9999955_00000_d_0000390,1400,788,1400x788
9999955_00000_d_0000391,1400,788,1400x788
9999955_00000_d_0000392,1400,788,1400x788
9999955_00000_d_0000393,1400,788,1400x788
9999955_00000_d_0000394,1400,788,1400x788
9999955_00000_d_0000395,1400,788,1400x788
9999955_00000_d_0000396,1400,788,1400x788
9999955_00000_d_0000397,1400,788,1400x788
9999955_00000_d_0000398,1400,788,1400x788
9999955_00000_d_0000399,1400,788,1400x788
9999955_00000_d_0000400,1400,788,1400x788
9999955_00000_d_0000401,1400,788,1400x788
9999955_00000_d_0000402,1400,788,1400x788
9999955_00000_d_0000403,1400,788,1400x788
9999955_00000_d_0000404,1400,788,1400x788
9999955_00000_d_0000405,1400,788,1400x788
9999955_00000_d_0000406,1400,788,1400x788
9999955_00000_d_0000407,1400,788,1400x788
9999955_00000_d_0000408,1400,788,1400x788
9999955_00000_d_0000409,1400,788,1400x788
9999955_00000_d_0000410,1400,788,1400x788
9999955_00000_d_0000411,1400,788,1400x788
9999955_00000_d_0000412,1400,788,1400x788
9999955_00000_d_0000413,1400,788,1400x788
9999955_00000_d_0000414,1400,788,1400x788
9999955_00000_d_0000415,1400,788,1400x788
9999955_00000_d_0000416,1400,788,1400x788
9999955_00000_d_0000417,1400,788,1400x788
9999955_00000_d_0000418,1400,788,1400x788
9999955_00000_d_0000419,1400,788,1400x788
9999955_00000_d_0000420,1400,788,1400x788
9999955_00000_d_0000421,1400,788,1400x788
9999955_00000_d_0000422,1400,788,1400x788
9999955_00000_d_0000423,1400,788,1400x788
9999955_00000_d_0000424,1400,788,1400x788
9999955_00000_d_0000425,1400,788,1400x788
9999955_00000_d_0000426,1400,788,1400x788
9999955_00000_d_0000427,1400,788,1400x788
9999955_00000_d_0000428,1400,788,1400x788
9999955_00000_d_0000429,1400,788,1400x788
9999955_00000_d_0000430,1400,788,1400x788
9999955_00000_d_0000431,1400,788,1400x788
9999955_00000_d_0000432,1400,788,1400x788
9999955_00000_d_0000433,1400,788,1400x788
9999955_00000_d_0000434,1400,788,1400x788
9999956_00000_d_0000001,1400,788,1400x788
9999956_00000_d_0000002,1400,788,1400x788
9999956_00000_d_0000003,1400,788,1400x788
9999956_00000_d_0000004,1400,788,1400x788
9999956_00000_d_0000005,1400,788,1400x788
9999956_00000_d_0000006,1400,788,1400x788
9999956_00000_d_0000007,1400,788,1400x788
9999956_00000_d_0000008,1400,788,1400x788
9999956_00000_d_0000009,1400,788,1400x788
9999956_00000_d_0000010,1400,788,1400x788
9999956_00000_d_0000011,1400,788,1400x788
9999956_00000_d_0000012,1400,788,1400x788
9999956_00000_d_0000013,1400,788,1400x788
9999956_00000_d_0000014,1400,788,1400x788
9999956_00000_d_0000015,1400,788,1400x788
9999956_00000_d_0000016,1400,788,1400x788
9999956_00000_d_0000017,1400,788,1400x788
9999956_00000_d_0000018,1400,788,1400x788
9999956_00000_d_0000019,1400,788,1400x788
9999956_00000_d_0000020,1400,788,1400x788
9999956_00000_d_0000021,1400,788,1400x788
9999956_00000_d_0000022,1400,788,1400x788
9999956_00000_d_0000023,1400,788,1400x788
9999956_00000_d_0000024,1400,788,1400x788
9999956_00000_d_0000025,1400,788,1400x788
9999956_00000_d_0000026,1400,788,1400x788
9999956_00000_d_0000027,1400,788,1400x788
9999956_00000_d_0000028,1400,788,1400x788
9999956_00000_d_0000029,1400,788,1400x788
9999956_00000_d_0000030,1400,788,1400x788
9999956_00000_d_0000031,1400,788,1400x788
9999956_00000_d_0000032,1400,788,1400x788
9999956_00000_d_0000033,1400,788,1400x788
9999956_00000_d_0000034,1400,788,1400x788
9999956_00000_d_0000035,1400,788,1400x788
9999956_00000_d_0000036,1400,788,1400x788
9999956_00000_d_0000037,1400,788,1400x788
9999956_00000_d_0000038,1400,788,1400x788
9999956_00000_d_0000039,1400,788,1400x788
9999956_00000_d_0000040,1400,788,1400x788
9999956_00000_d_0000041,1400,788,1400x788
9999956_00000_d_0000042,1400,788,1400x788
9999956_00000_d_0000043,1400,788,1400x788
9999956_00000_d_0000044,1400,788,1400x788
9999956_00000_d_0000045,1400,788,1400x788
9999956_00000_d_0000046,1400,788,1400x788
9999956_00000_d_0000047,1400,788,1400x788
9999956_00000_d_0000048,1400,788,1400x788
9999956_00000_d_0000049,1400,788,1400x788
9999956_00000_d_0000050,1400,788,1400x788
9999956_00000_d_0000051,1400,788,1400x788
9999956_00000_d_0000052,1400,788,1400x788
9999956_00000_d_0000053,1400,788,1400x788
9999956_00000_d_0000054,1400,788,1400x788
9999956_00000_d_0000055,1400,788,1400x788
9999956_00000_d_0000056,1400,788,1400x788
9999956_00000_d_0000057,1400,788,1400x788
9999956_00000_d_0000058,1400,788,1400x788
9999956_00000_d_0000059,1400,788,1400x788
9999956_00000_d_0000060,1400,788,1400x788
9999956_00000_d_0000061,1400,788,1400x788
9999956_00000_d_0000062,1400,788,1400x788
9999956_00000_d_0000063,1400,788,1400x788
9999956_00000_d_0000064,1400,788,1400x788
9999956_00000_d_0000065,1400,788,1400x788
9999956_00000_d_0000066,1400,788,1400x788
9999956_00000_d_0000067,1400,788,1400x788
9999956_00000_d_0000068,1400,788,1400x788
9999956_00000_d_0000069,1400,788,1400x788
9999956_00000_d_0000070,1400,788,1400x788
9999956_00000_d_0000071,1400,788,1400x788
9999956_00000_d_0000072,1400,788,1400x788
9999956_00000_d_0000073,1400,788,1400x788
9999956_00000_d_0000074,1400,788,1400x788
9999956_00000_d_0000075,1400,788,1400x788
9999956_00000_d_0000076,1400,788,1400x788
9999956_00000_d_0000077,1400,788,1400x788
9999956_00000_d_0000078,1400,788,1400x788
9999956_00000_d_0000079,1400,788,1400x788
9999956_00000_d_0000080,1400,788,1400x788
9999956_00000_d_0000081,1400,788,1400x788
9999956_00000_d_0000082,1400,788,1400x788
9999956_00000_d_0000083,1400,788,1400x788
9999956_00000_d_0000084,1400,788,1400x788
9999956_00000_d_0000085,1400,788,1400x788
9999956_00000_d_0000086,1400,788,1400x788
9999956_00000_d_0000087,1400,788,1400x788
9999956_00000_d_0000088,1400,788,1400x788
9999956_00000_d_0000089,1400,788,1400x788
9999956_00000_d_0000090,1400,788,1400x788
9999956_00000_d_0000091,1400,788,1400x788
9999956_00000_d_0000092,1400,788,1400x788
9999956_00000_d_0000093,1400,788,1400x788
9999956_00000_d_0000094,1400,788,1400x788
9999956_00000_d_0000095,1400,788,1400x788
9999956_00000_d_0000096,1400,788,1400x788
9999956_00000_d_0000097,1400,788,1400x788
9999956_00000_d_0000098,1400,788,1400x788
9999956_00000_d_0000099,1400,788,1400x788
9999956_00000_d_0000100,1400,788,1400x788
9999956_00000_d_0000101,1400,788,1400x788
9999956_00000_d_0000102,1400,788,1400x788
9999956_00000_d_0000103,1400,788,1400x788
9999956_00000_d_0000104,1400,788,1400x788
9999956_00000_d_0000105,1400,788,1400x788
9999956_00000_d_0000106,1400,788,1400x788
9999956_00000_d_0000107,1400,788,1400x788
9999956_00000_d_0000108,1400,788,1400x788
9999956_00000_d_0000109,1400,788,1400x788
9999956_00000_d_0000110,1400,788,1400x788
9999956_00000_d_0000111,1400,788,1400x788
9999956_00000_d_0000112,1400,788,1400x788
9999956_00000_d_0000113,1400,788,1400x788
9999956_00000_d_0000114,1400,788,1400x788
9999956_00000_d_0000115,1400,788,1400x788
9999956_00000_d_0000116,1400,788,1400x788
9999956_00000_d_0000117,1400,788,1400x788
9999956_00000_d_0000118,1400,788,1400x788
9999960_00000_d_0000001,1400,1050,1400x1050
9999960_00000_d_0000002,1400,1050,1400x1050
9999960_00000_d_0000003,1400,1050,1400x1050
9999960_00000_d_0000004,1400,1050,1400x1050
9999960_00000_d_0000005,1400,1050,1400x1050
9999960_00000_d_0000006,1400,1050,1400x1050
9999960_00000_d_0000007,1400,1050,1400x1050
9999960_00000_d_0000008,1400,1050,1400x1050
9999960_00000_d_0000009,1400,1050,1400x1050
9999960_00000_d_0000010,1400,1050,1400x1050
9999960_00000_d_0000011,1400,1050,1400x1050
9999960_00000_d_0000012,1400,1050,1400x1050
9999960_00000_d_0000013,1400,1050,1400x1050
9999960_00000_d_0000014,1400,1050,1400x1050
9999960_00000_d_0000015,1400,1050,1400x1050
9999960_00000_d_0000016,1400,1050,1400x1050
9999960_00000_d_0000017,1400,1050,1400x1050
9999960_00000_d_0000018,1400,1050,1400x1050
9999960_00000_d_0000019,1400,1050,1400x1050
9999960_00000_d_0000020,1400,1050,1400x1050
9999960_00000_d_0000021,1400,1050,1400x1050
9999960_00000_d_0000022,1400,1050,1400x1050
9999960_00000_d_0000023,1400,1050,1400x1050
9999960_00000_d_0000024,1400,1050,1400x1050
9999960_00000_d_0000025,1400,1050,1400x1050
9999960_00000_d_0000026,1400,1050,1400x1050
9999960_00000_d_0000027,1400,1050,1400x1050
9999960_00000_d_0000028,1400,1050,1400x1050
9999960_00000_d_0000029,1400,1050,1400x1050
9999960_00000_d_0000030,1400,1050,1400x1050
9999960_00000_d_0000031,1400,1050,1400x1050
9999960_00000_d_0000032,1400,1050,1400x1050
9999960_00000_d_0000033,1400,1050,1400x1050
9999960_00000_d_0000034,1400,1050,1400x1050
9999960_00000_d_0000035,1400,1050,1400x1050
9999960_00000_d_0000036,1400,1050,1400x1050
9999960_00000_d_0000037,1400,1050,1400x1050
9999960_00000_d_0000038,1400,1050,1400x1050
9999960_00000_d_0000039,1400,1050,1400x1050
9999960_00000_d_0000040,1400,1050,1400x1050
9999960_00000_d_0000041,1400,1050,1400x1050
9999960_00000_d_0000042,1400,1050,1400x1050
9999960_00000_d_0000043,1400,1050,1400x1050
9999960_00000_d_0000044,1400,1050,1400x1050
9999960_00000_d_0000045,1400,1050,1400x1050
9999960_00000_d_0000046,1400,1050,1400x1050
9999960_00000_d_0000047,1400,1050,1400x1050
9999960_00000_d_0000048,1400,1050,1400x1050
9999960_00000_d_0000049,1400,1050,1400x1050
9999960_00000_d_0000050,1400,1050,1400x1050
9999960_00000_d_0000051,1400,1050,1400x1050
9999960_00000_d_0000052,1400,1050,1400x1050
9999960_00000_d_0000053,1400,1050,1400x1050
9999960_00000_d_0000054,1400,1050,1400x1050
9999960_00000_d_0000055,1400,1050,1400x1050
9999960_00000_d_0000056,1400,1050,1400x1050
9999960_00000_d_0000057,1400,1050,1400x1050
9999960_00000_d_0000058,1400,1050,1400x1050
9999960_00000_d_0000059,1400,1050,1400x1050
9999960_00000_d_0000060,1400,1050,1400x1050
9999960_00000_d_0000061,1400,1050,1400x1050
9999960_00000_d_0000062,1400,1050,1400x1050
9999960_00000_d_0000063,1400,1050,1400x1050
9999960_00000_d_0000064,1400,1050,1400x1050
9999960_00000_d_0000065,1400,1050,1400x1050
9999960_00000_d_0000066,1400,1050,1400x1050
9999960_00000_d_0000067,1400,1050,1400x1050
9999960_00000_d_0000068,1400,1050,1400x1050
9999960_00000_d_0000069,1400,1050,1400x1050
9999960_00000_d_0000070,1400,1050,1400x1050
9999960_00000_d_0000071,1400,1050,1400x1050
9999960_00000_d_0000072,1400,1050,1400x1050
9999960_00000_d_0000073,1400,1050,1400x1050
9999960_00000_d_0000074,1400,1050,1400x1050
9999960_00000_d_0000075,1400,1050,1400x1050
9999960_00000_d_0000076,1400,1050,1400x1050
9999960_00000_d_0000077,1400,1050,1400x1050
9999960_00000_d_0000078,1400,1050,1400x1050
9999960_00000_d_0000079,1400,1050,1400x1050
9999960_00000_d_0000080,1400,1050,1400x1050
9999960_00000_d_0000081,1400,1050,1400x1050
9999960_00000_d_0000082,1400,1050,1400x1050
9999960_00000_d_0000083,1400,1050,1400x1050
9999960_00000_d_0000084,1400,1050,1400x1050
9999960_00000_d_0000085,1400,1050,1400x1050
9999960_00000_d_0000086,1400,1050,1400x1050
9999960_00000_d_0000087,1400,1050,1400x1050
9999960_00000_d_0000088,1400,1050,1400x1050
9999960_00000_d_0000089,1400,1050,1400x1050
9999960_00000_d_0000090,1400,1050,1400x1050
9999960_00000_d_0000091,1400,1050,1400x1050
9999960_00000_d_0000092,1400,1050,1400x1050
9999960_00000_d_0000093,1400,1050,1400x1050
9999960_00000_d_0000094,1400,1050,1400x1050
9999960_00000_d_0000095,1400,1050,1400x1050
9999960_00000_d_0000096,1400,1050,1400x1050
9999960_00000_d_0000097,1400,1050,1400x1050
9999960_00000_d_0000098,1400,1050,1400x1050
9999960_00000_d_0000099,1400,1050,1400x1050
9999960_00000_d_0000100,1400,1050,1400x1050
9999960_00000_d_0000101,1400,1050,1400x1050
9999960_00000_d_0000102,1400,1050,1400x1050
9999960_00000_d_0000103,1400,1050,1400x1050
9999960_00000_d_0000104,1400,1050,1400x1050
9999960_00000_d_0000105,1400,1050,1400x1050
9999960_00000_d_0000106,1400,1050,1400x1050
9999960_00000_d_0000107,1400,1050,1400x1050
9999960_00000_d_0000108,1400,1050,1400x1050
9999960_00000_d_0000109,1400,1050,1400x1050
9999960_00000_d_0000110,1400,1050,1400x1050
9999960_00000_d_0000111,1400,1050,1400x1050
9999960_00000_d_0000112,1400,1050,1400x1050
9999960_00000_d_0000113,1400,1050,1400x1050
9999960_00000_d_0000114,1400,1050,1400x1050
9999960_00000_d_0000115,1400,1050,1400x1050
9999960_00000_d_0000116,1400,1050,1400x1050
9999960_00000_d_0000117,1400,1050,1400x1050
9999960_00000_d_0000118,1400,1050,1400x1050
9999960_00000_d_0000119,1400,1050,1400x1050
9999960_00000_d_0000120,1400,1050,1400x1050
9999960_00000_d_0000121,1400,1050,1400x1050
9999960_00000_d_0000122,1400,1050,1400x1050
9999960_00000_d_0000123,1400,1050,1400x1050
9999960_00000_d_0000124,1400,1050,1400x1050
9999960_00000_d_0000125,1400,1050,1400x1050
9999960_00000_d_0000126,1400,1050,1400x1050
9999960_00000_d_0000127,1400,1050,1400x1050
9999960_00000_d_0000128,1400,1050,1400x1050
9999960_00000_d_0000129,1400,1050,1400x1050
9999960_00000_d_0000130,1400,1050,1400x1050
9999960_00000_d_0000131,1400,1050,1400x1050
9999960_00000_d_0000132,1400,1050,1400x1050
9999960_00000_d_0000133,1400,1050,1400x1050
9999960_00000_d_0000134,1400,1050,1400x1050
9999960_00000_d_0000135,1400,1050,1400x1050
9999960_00000_d_0000136,1400,1050,1400x1050
9999960_00000_d_0000137,1400,1050,1400x1050
9999960_00000_d_0000138,1400,1050,1400x1050
9999960_00000_d_0000139,1400,1050,1400x1050
9999960_00000_d_0000140,1400,1050,1400x1050
9999960_00000_d_0000141,1400,1050,1400x1050
9999960_00000_d_0000142,1400,1050,1400x1050
9999960_00000_d_0000143,1400,1050,1400x1050
9999960_00000_d_0000144,1400,1050,1400x1050
9999960_00000_d_0000145,1400,1050,1400x1050
9999960_00000_d_0000146,1400,1050,1400x1050
9999960_00000_d_0000147,1400,1050,1400x1050
9999960_00000_d_0000148,1400,1050,1400x1050
9999960_00000_d_0000149,1400,1050,1400x1050
9999960_00000_d_0000150,1400,1050,1400x1050
9999960_00000_d_0000151,1400,1050,1400x1050
9999960_00000_d_0000152,1400,1050,1400x1050
9999960_00000_d_0000153,1400,1050,1400x1050
9999960_00000_d_0000154,1400,1050,1400x1050
9999960_00000_d_0000155,1400,1050,1400x1050
9999960_00000_d_0000156,1400,1050,1400x1050
9999960_00000_d_0000157,1400,1050,1400x1050
9999960_00000_d_0000158,1400,1050,1400x1050
9999960_00000_d_0000159,1400,1050,1400x1050
9999960_00000_d_0000160,1400,1050,1400x1050
9999960_00000_d_0000161,1400,1050,1400x1050
9999960_00000_d_0000162,1400,1050,1400x1050
9999960_00000_d_0000163,1400,1050,1400x1050
9999960_00000_d_0000164,1400,1050,1400x1050
9999960_00000_d_0000165,1400,1050,1400x1050
9999960_00000_d_0000166,1400,1050,1400x1050
9999960_00000_d_0000167,1400,1050,1400x1050
9999960_00000_d_0000168,1400,1050,1400x1050
9999960_00000_d_0000169,1400,1050,1400x1050
9999960_00000_d_0000170,1400,1050,1400x1050
9999960_00000_d_0000171,1400,1050,1400x1050
9999960_00000_d_0000172,1400,1050,1400x1050
9999960_00000_d_0000173,1400,1050,1400x1050
9999960_00000_d_0000174,1400,1050,1400x1050
9999960_00000_d_0000175,1400,1050,1400x1050
9999960_00000_d_0000176,1400,1050,1400x1050
9999960_00000_d_0000177,1400,1050,1400x1050
9999960_00000_d_0000178,1400,1050,1400x1050
9999960_00000_d_0000179,1400,1050,1400x1050
9999960_00000_d_0000180,1400,1050,1400x1050
9999960_00000_d_0000181,1400,1050,1400x1050
9999960_00000_d_0000182,1400,1050,1400x1050
9999960_00000_d_0000183,1400,1050,1400x1050
9999960_00000_d_0000184,1400,1050,1400x1050
9999960_00000_d_0000185,1400,1050,1400x1050
9999962_00000_d_0000001,1400,1050,1400x1050
9999962_00000_d_0000002,1400,1050,1400x1050
9999962_00000_d_0000003,1400,1050,1400x1050
9999962_00000_d_0000004,1400,1050,1400x1050
9999962_00000_d_0000005,1400,1050,1400x1050
9999962_00000_d_0000006,1400,1050,1400x1050
9999962_00000_d_0000007,1400,1050,1400x1050
9999962_00000_d_0000008,1400,1050,1400x1050
9999962_00000_d_0000009,1400,1050,1400x1050
9999962_00000_d_0000010,1400,1050,1400x1050
9999962_00000_d_0000011,1400,1050,1400x1050
9999962_00000_d_0000012,1400,1050,1400x1050
9999962_00000_d_0000013,1400,1050,1400x1050
9999962_00000_d_0000014,1400,1050,1400x1050
9999962_00000_d_0000015,1400,1050,1400x1050
9999962_00000_d_0000016,1400,1050,1400x1050
9999962_00000_d_0000017,1400,1050,1400x1050
9999962_00000_d_0000018,1400,1050,1400x1050
9999962_00000_d_0000019,1400,1050,1400x1050
9999962_00000_d_0000020,1400,1050,1400x1050
9999962_00000_d_0000021,1400,1050,1400x1050
9999962_00000_d_0000022,1400,1050,1400x1050
9999962_00000_d_0000023,1400,1050,1400x1050
9999962_00000_d_0000024,1400,1050,1400x1050
9999962_00000_d_0000025,1400,1050,1400x1050
9999962_00000_d_0000026,1400,1050,1400x1050
9999962_00000_d_0000027,1400,1050,1400x1050
9999962_00000_d_0000028,1400,1050,1400x1050
9999962_00000_d_0000029,1400,1050,1400x1050
9999962_00000_d_0000030,1400,1050,1400x1050
9999962_00000_d_0000031,1400,1050,1400x1050
9999962_00000_d_0000032,1400,1050,1400x1050
9999962_00000_d_0000033,1400,1050,1400x1050
9999962_00000_d_0000034,1400,1050,1400x1050
9999962_00000_d_0000035,1400,1050,1400x1050
9999962_00000_d_0000036,1400,1050,1400x1050
9999962_00000_d_0000037,1400,1050,1400x1050
9999962_00000_d_0000038,1400,1050,1400x1050
9999962_00000_d_0000039,1400,1050,1400x1050
9999962_00000_d_0000040,1400,1050,1400x1050
9999962_00000_d_0000041,1400,1050,1400x1050
9999962_00000_d_0000042,1400,1050,1400x1050
9999962_00000_d_0000043,1400,1050,1400x1050
9999962_00000_d_0000044,1400,1050,1400x1050
9999962_00000_d_0000045,1400,1050,1400x1050
9999962_00000_d_0000046,1400,1050,1400x1050
9999962_00000_d_0000047,1400,1050,1400x1050
9999962_00000_d_0000048,1400,1050,1400x1050
9999962_00000_d_0000049,1400,1050,1400x1050
9999962_00000_d_0000050,1400,1050,1400x1050
9999962_00000_d_0000051,1400,1050,1400x1050
9999962_00000_d_0000052,1400,1050,1400x1050
9999962_00000_d_0000053,1400,1050,1400x1050
9999962_00000_d_0000054,1400,1050,1400x1050
9999962_00000_d_0000055,1400,1050,1400x1050
9999962_00000_d_0000056,1400,1050,1400x1050
9999962_00000_d_0000057,1400,1050,1400x1050
9999962_00000_d_0000058,1400,1050,1400x1050
9999962_00000_d_0000059,1400,1050,1400x1050
9999962_00000_d_0000060,1400,1050,1400x1050
9999962_00000_d_0000061,1400,1050,1400x1050
9999962_00000_d_0000062,1400,1050,1400x1050
9999962_00000_d_0000063,1400,1050,1400x1050
9999962_00000_d_0000064,1400,1050,1400x1050
9999962_00000_d_0000065,1400,1050,1400x1050
9999962_00000_d_0000066,1400,1050,1400x1050
9999962_00000_d_0000067,1400,1050,1400x1050
9999962_00000_d_0000068,1400,1050,1400x1050
9999962_00000_d_0000069,1400,1050,1400x1050
9999962_00000_d_0000070,1400,1050,1400x1050
9999962_00000_d_0000071,1400,1050,1400x1050
9999962_00000_d_0000072,1400,1050,1400x1050
9999962_00000_d_0000073,1400,1050,1400x1050
9999962_00000_d_0000074,1400,1050,1400x1050
9999962_00000_d_0000075,1400,1050,1400x1050
9999962_00000_d_0000076,1400,1050,1400x1050
9999962_00000_d_0000077,1400,1050,1400x1050
9999962_00000_d_0000078,1400,1050,1400x1050
9999962_00000_d_0000079,1400,1050,1400x1050
9999962_00000_d_0000080,1400,1050,1400x1050
9999962_00000_d_0000081,1400,1050,1400x1050
9999962_00000_d_0000082,1400,1050,1400x1050
9999962_00000_d_0000083,1400,1050,1400x1050
9999962_00000_d_0000084,1400,1050,1400x1050
9999962_00000_d_0000085,1400,1050,1400x1050
9999962_00000_d_0000086,1400,1050,1400x1050
9999962_00000_d_0000087,1400,1050,1400x1050
9999962_00000_d_0000088,1400,1050,1400x1050
9999962_00000_d_0000089,1400,1050,1400x1050
9999962_00000_d_0000090,1400,1050,1400x1050
9999962_00000_d_0000091,1400,1050,1400x1050
9999962_00000_d_0000092,1400,1050,1400x1050
9999962_00000_d_0000093,1400,1050,1400x1050
9999962_00000_d_0000094,1400,1050,1400x1050
9999962_00000_d_0000095,1400,1050,1400x1050
9999962_00000_d_0000096,1400,1050,1400x1050
9999962_00000_d_0000097,1400,1050,1400x1050
9999962_00000_d_0000098,1400,1050,1400x1050
9999962_00000_d_0000099,1400,1050,1400x1050
9999962_00000_d_0000100,1400,1050,1400x1050
9999962_00000_d_0000101,1400,1050,1400x1050
9999962_00000_d_0000102,1400,1050,1400x1050
9999962_00000_d_0000103,1400,1050,1400x1050
9999962_00000_d_0000104,1400,1050,1400x1050
9999962_00000_d_0000105,1400,1050,1400x1050
9999962_00000_d_0000106,1400,1050,1400x1050
9999962_00000_d_0000107,1400,1050,1400x1050
9999962_00000_d_0000108,1400,1050,1400x1050
9999962_00000_d_0000109,1400,1050,1400x1050
9999962_00000_d_0000110,1400,1050,1400x1050
9999962_00000_d_0000111,1400,1050,1400x1050
9999962_00000_d_0000112,1400,1050,1400x1050
9999962_00000_d_0000113,1400,1050,1400x1050
9999962_00000_d_0000114,1400,1050,1400x1050
9999962_00000_d_0000115,1400,1050,1400x1050
9999962_00000_d_0000116,1400,1050,1400x1050
9999962_00000_d_0000117,1400,1050,1400x1050
9999962_00000_d_0000118,1400,1050,1400x1050
9999962_00000_d_0000119,1400,1050,1400x1050
9999962_00000_d_0000120,1400,1050,1400x1050
9999962_00000_d_0000121,1400,1050,1400x1050
9999962_00000_d_0000122,1400,1050,1400x1050
9999962_00000_d_0000123,1400,1050,1400x1050
9999962_00000_d_0000124,1400,1050,1400x1050
9999962_00000_d_0000125,1400,1050,1400x1050
9999962_00000_d_0000126,1400,1050,1400x1050
9999962_00000_d_0000127,1400,1050,1400x1050
9999962_00000_d_0000128,1400,1050,1400x1050
9999962_00000_d_0000129,1400,1050,1400x1050
9999962_00000_d_0000130,1400,1050,1400x1050
9999962_00000_d_0000131,1400,1050,1400x1050
9999962_00000_d_0000132,1400,1050,1400x1050
9999962_00000_d_0000133,1400,1050,1400x1050
9999962_00000_d_0000134,1400,1050,1400x1050
9999962_00000_d_0000135,1400,1050,1400x1050
9999962_00000_d_0000136,1400,1050,1400x1050
9999962_00000_d_0000137,1400,1050,1400x1050
9999962_00000_d_0000138,1400,1050,1400x1050
9999962_00000_d_0000139,1400,1050,1400x1050
9999962_00000_d_0000140,1400,1050,1400x1050
9999962_00000_d_0000141,1400,1050,1400x1050
9999962_00000_d_0000142,1400,1050,1400x1050
9999962_00000_d_0000143,1400,1050,1400x1050
9999962_00000_d_0000144,1400,1050,1400x1050
9999962_00000_d_0000145,1400,1050,1400x1050
9999962_00000_d_0000146,1400,1050,1400x1050
9999962_00000_d_0000147,1400,1050,1400x1050
9999962_00000_d_0000148,1400,1050,1400x1050
9999962_00000_d_0000149,1400,1050,1400x1050
9999962_00000_d_0000150,1400,1050,1400x1050
9999962_00000_d_0000151,1400,1050,1400x1050
9999962_00000_d_0000152,1400,1050,1400x1050
9999962_00000_d_0000153,1400,1050,1400x1050
9999962_00000_d_0000154,1400,1050,1400x1050
9999962_00000_d_0000155,1400,1050,1400x1050
9999962_00000_d_0000156,1400,1050,1400x1050
9999962_00000_d_0000157,1400,1050,1400x1050
9999962_00000_d_0000158,1400,1050,1400x1050
9999962_00000_d_0000159,1400,1050,1400x1050
9999962_00000_d_0000160,1400,1050,1400x1050
9999962_00000_d_0000161,1400,1050,1400x1050
9999962_00000_d_0000162,1400,1050,1400x1050
9999962_00000_d_0000163,1400,1050,1400x1050
9999962_00000_d_0000164,1400,1050,1400x1050
9999962_00000_d_0000165,1400,1050,1400x1050
9999962_00000_d_0000166,1400,1050,1400x1050
9999964_00000_d_0000001,1400,1050,1400x1050
9999964_00000_d_0000002,1400,1050,1400x1050
9999964_00000_d_0000003,1400,1050,1400x1050
9999964_00000_d_0000004,1400,1050,1400x1050
9999964_00000_d_0000005,1400,1050,1400x1050
9999964_00000_d_0000006,1400,1050,1400x1050
9999964_00000_d_0000007,1400,1050,1400x1050
9999964_00000_d_0000008,1400,1050,1400x1050
9999964_00000_d_0000009,1400,1050,1400x1050
9999964_00000_d_0000010,1400,1050,1400x1050
9999964_00000_d_0000011,1400,1050,1400x1050
9999964_00000_d_0000012,1400,1050,1400x1050
9999964_00000_d_0000013,1400,1050,1400x1050
9999964_00000_d_0000014,1400,1050,1400x1050
9999964_00000_d_0000015,1400,1050,1400x1050
9999964_00000_d_0000016,1400,1050,1400x1050
9999964_00000_d_0000017,1400,1050,1400x1050
9999964_00000_d_0000018,1400,1050,1400x1050
9999964_00000_d_0000019,1400,1050,1400x1050
9999964_00000_d_0000020,1400,1050,1400x1050
9999964_00000_d_0000021,1400,1050,1400x1050
9999964_00000_d_0000022,1400,1050,1400x1050
9999964_00000_d_0000023,1400,1050,1400x1050
9999964_00000_d_0000024,1400,1050,1400x1050
9999964_00000_d_0000025,1400,1050,1400x1050
9999964_00000_d_0000026,1400,1050,1400x1050
9999964_00000_d_0000027,1400,1050,1400x1050
9999964_00000_d_0000028,1400,1050,1400x1050
9999964_00000_d_0000029,1400,1050,1400x1050
9999964_00000_d_0000030,1400,1050,1400x1050
9999964_00000_d_0000031,1400,1050,1400x1050
9999964_00000_d_0000032,1400,1050,1400x1050
9999964_00000_d_0000033,1400,1050,1400x1050
9999964_00000_d_0000034,1400,1050,1400x1050
9999964_00000_d_0000035,1400,1050,1400x1050
9999964_00000_d_0000036,1400,1050,1400x1050
9999964_00000_d_0000037,1400,1050,1400x1050
9999964_00000_d_0000038,1400,1050,1400x1050
9999964_00000_d_0000039,1400,1050,1400x1050
9999964_00000_d_0000040,1400,1050,1400x1050
9999964_00000_d_0000041,1400,1050,1400x1050
9999964_00000_d_0000042,1400,1050,1400x1050
9999964_00000_d_0000043,1400,1050,1400x1050
9999964_00000_d_0000044,1400,1050,1400x1050
9999964_00000_d_0000045,1400,1050,1400x1050
9999964_00000_d_0000046,1400,1050,1400x1050
9999964_00000_d_0000047,1400,1050,1400x1050
9999964_00000_d_0000048,1400,1050,1400x1050
9999964_00000_d_0000049,1400,1050,1400x1050
9999964_00000_d_0000050,1400,1050,1400x1050
9999964_00000_d_0000051,1400,1050,1400x1050
9999964_00000_d_0000052,1400,1050,1400x1050
9999964_00000_d_0000053,1400,1050,1400x1050
9999964_00000_d_0000054,1400,1050,1400x1050
9999964_00000_d_0000055,1400,1050,1400x1050
9999964_00000_d_0000056,1400,1050,1400x1050
9999964_00000_d_0000057,1400,1050,1400x1050
9999964_00000_d_0000058,1400,1050,1400x1050
9999964_00000_d_0000059,1400,1050,1400x1050
9999964_00000_d_0000060,1400,1050,1400x1050
9999964_00000_d_0000061,1400,1050,1400x1050
9999964_00000_d_0000062,1400,1050,1400x1050
9999964_00000_d_0000063,1400,1050,1400x1050
9999964_00000_d_0000064,1400,1050,1400x1050
9999964_00000_d_0000065,1400,1050,1400x1050
9999964_00000_d_0000066,1400,1050,1400x1050
9999964_00000_d_0000067,1400,1050,1400x1050
9999964_00000_d_0000068,1400,1050,1400x1050
9999964_00000_d_0000069,1400,1050,1400x1050
9999964_00000_d_0000070,1400,1050,1400x1050
9999964_00000_d_0000071,1400,1050,1400x1050
9999964_00000_d_0000072,1400,1050,1400x1050
9999964_00000_d_0000073,1400,1050,1400x1050
9999964_00000_d_0000074,1400,1050,1400x1050
9999964_00000_d_0000075,1400,1050,1400x1050
9999964_00000_d_0000076,1400,1050,1400x1050
9999964_00000_d_0000077,1400,1050,1400x1050
9999964_00000_d_0000078,1400,1050,1400x1050
9999964_00000_d_0000079,1400,1050,1400x1050
9999964_00000_d_0000080,1400,1050,1400x1050
9999964_00000_d_0000081,1400,1050,1400x1050
9999964_00000_d_0000082,1400,1050,1400x1050
9999964_00000_d_0000083,1400,1050,1400x1050
9999964_00000_d_0000084,1400,1050,1400x1050
9999965_00000_d_0000001,1400,788,1400x788
9999965_00000_d_0000002,1400,788,1400x788
9999965_00000_d_0000003,1400,788,1400x788
9999965_00000_d_0000004,1400,788,1400x788
9999965_00000_d_0000005,1400,788,1400x788
9999965_00000_d_0000006,1400,788,1400x788
9999965_00000_d_0000007,1400,788,1400x788
9999965_00000_d_0000008,1400,788,1400x788
9999965_00000_d_0000009,1400,788,1400x788
9999965_00000_d_0000010,1400,788,1400x788
9999965_00000_d_0000011,1400,788,1400x788
9999965_00000_d_0000012,1400,788,1400x788
9999965_00000_d_0000013,1400,788,1400x788
9999965_00000_d_0000014,1400,788,1400x788
9999965_00000_d_0000015,1400,788,1400x788
9999965_00000_d_0000016,1400,788,1400x788
9999965_00000_d_0000017,1400,788,1400x788
9999965_00000_d_0000018,1400,788,1400x788
9999965_00000_d_0000019,1400,788,1400x788
9999965_00000_d_0000020,1400,788,1400x788
9999965_00000_d_0000021,1400,788,1400x788
9999965_00000_d_0000022,1400,788,1400x788
9999965_00000_d_0000023,1400,788,1400x788
9999965_00000_d_0000024,1400,788,1400x788
9999965_00000_d_0000025,1400,788,1400x788
9999965_00000_d_0000026,1400,788,1400x788
9999965_00000_d_0000027,1400,788,1400x788
9999965_00000_d_0000028,1400,788,1400x788
9999965_00000_d_0000029,1400,788,1400x788
9999965_00000_d_0000030,1400,788,1400x788
9999965_00000_d_0000031,1400,788,1400x788
9999965_00000_d_0000032,1400,788,1400x788
9999965_00000_d_0000033,1400,788,1400x788
9999965_00000_d_0000034,1400,788,1400x788
9999965_00000_d_0000035,1400,788,1400x788
9999965_00000_d_0000036,1400,788,1400x788
9999965_00000_d_0000037,1400,788,1400x788
9999965_00000_d_0000038,1400,788,1400x788
9999965_00000_d_0000039,1400,788,1400x788
9999965_00000_d_0000040,1400,788,1400x788
9999965_00000_d_0000041,1400,788,1400x788
9999965_00000_d_0000042,1400,788,1400x788
9999965_00000_d_0000043,1400,788,1400x788
9999965_00000_d_0000044,1400,788,1400x788
9999965_00000_d_0000045,1400,788,1400x788
9999965_00000_d_0000046,1400,788,1400x788
9999965_00000_d_0000047,1400,788,1400x788
9999965_00000_d_0000048,1400,788,1400x788
9999965_00000_d_0000049,1400,788,1400x788
9999965_00000_d_0000050,1400,788,1400x788
9999965_00000_d_0000051,1400,788,1400x788
9999965_00000_d_0000052,1400,788,1400x788
9999965_00000_d_0000053,1400,788,1400x788
9999965_00000_d_0000054,1400,788,1400x788
9999965_00000_d_0000055,1400,788,1400x788
9999965_00000_d_0000056,1400,788,1400x788
9999965_00000_d_0000057,1400,788,1400x788
9999965_00000_d_0000058,1400,788,1400x788
9999965_00000_d_0000059,1400,788,1400x788
9999965_00000_d_0000060,1400,788,1400x788
9999965_00000_d_0000061,1400,788,1400x788
9999965_00000_d_0000062,1400,788,1400x788
9999965_00000_d_0000063,1400,788,1400x788
9999965_00000_d_0000064,1400,788,1400x788
9999965_00000_d_0000065,1400,788,1400x788
9999965_00000_d_0000066,1400,788,1400x788
9999965_00000_d_0000067,1400,788,1400x788
9999965_00000_d_0000068,1400,788,1400x788
9999965_00000_d_0000069,1400,788,1400x788
9999965_00000_d_0000070,1400,788,1400x788
9999965_00000_d_0000071,1400,788,1400x788
9999965_00000_d_0000072,1400,788,1400x788
9999965_00000_d_0000073,1400,788,1400x788
9999965_00000_d_0000074,1400,788,1400x788
9999965_00000_d_0000075,1400,788,1400x788
9999965_00000_d_0000076,1400,788,1400x788
9999965_00000_d_0000077,1400,788,1400x788
9999965_00000_d_0000078,1400,788,1400x788
9999965_00000_d_0000079,1400,788,1400x788
9999966_00000_d_0000001,1400,1050,1400x1050
9999966_00000_d_0000002,1400,1050,1400x1050
9999966_00000_d_0000003,1400,1050,1400x1050
9999966_00000_d_0000004,1400,1050,1400x1050
9999966_00000_d_0000005,1400,1050,1400x1050
9999966_00000_d_0000006,1400,1050,1400x1050
9999966_00000_d_0000007,1400,1050,1400x1050
9999966_00000_d_0000008,1400,1050,1400x1050
9999966_00000_d_0000009,1400,1050,1400x1050
9999966_00000_d_0000010,1400,1050,1400x1050
9999966_00000_d_0000011,1400,1050,1400x1050
9999966_00000_d_0000012,1400,1050,1400x1050
9999966_00000_d_0000013,1400,1050,1400x1050
9999966_00000_d_0000014,1400,1050,1400x1050
9999966_00000_d_0000015,1400,1050,1400x1050
9999966_00000_d_0000016,1400,1050,1400x1050
9999966_00000_d_0000017,1400,1050,1400x1050
9999966_00000_d_0000018,1400,1050,1400x1050
9999966_00000_d_0000019,1400,1050,1400x1050
9999966_00000_d_0000020,1400,1050,1400x1050
9999966_00000_d_0000021,1400,1050,1400x1050
9999966_00000_d_0000022,1400,1050,1400x1050
9999966_00000_d_0000023,1400,1050,1400x1050
9999966_00000_d_0000024,1400,1050,1400x1050
9999966_00000_d_0000025,1400,1050,1400x1050
9999966_00000_d_0000026,1400,1050,1400x1050
9999966_00000_d_0000027,1400,1050,1400x1050
9999966_00000_d_0000028,1400,1050,1400x1050
9999966_00000_d_0000029,1400,1050,1400x1050
9999966_00000_d_0000030,1400,1050,1400x1050
9999966_00000_d_0000031,1400,1050,1400x1050
9999966_00000_d_0000032,1400,1050,1400x1050
9999966_00000_d_0000033,1400,1050,1400x1050
9999966_00000_d_0000034,1400,1050,1400x1050
9999966_00000_d_0000035,1400,1050,1400x1050
9999966_00000_d_0000036,1400,1050,1400x1050
9999966_00000_d_0000037,1400,1050,1400x1050
9999966_00000_d_0000038,1400,1050,1400x1050
9999966_00000_d_0000039,1400,1050,1400x1050
9999966_00000_d_0000040,1400,1050,1400x1050
9999966_00000_d_0000041,1400,1050,1400x1050
9999966_00000_d_0000042,1400,1050,1400x1050
9999966_00000_d_0000043,1400,1050,1400x1050
9999966_00000_d_0000044,1400,1050,1400x1050
9999966_00000_d_0000045,1400,1050,1400x1050
9999966_00000_d_0000046,1400,1050,1400x1050
9999966_00000_d_0000047,1400,1050,1400x1050
9999966_00000_d_0000048,1400,1050,1400x1050
9999966_00000_d_0000049,1400,1050,1400x1050
9999966_00000_d_0000050,1400,1050,1400x1050
9999966_00000_d_0000051,1400,1050,1400x1050
9999966_00000_d_0000052,1400,1050,1400x1050
9999966_00000_d_0000053,1400,1050,1400x1050
9999966_00000_d_0000054,1400,1050,1400x1050
9999966_00000_d_0000055,1400,1050,1400x1050
9999966_00000_d_0000056,1400,1050,1400x1050
9999966_00000_d_0000057,1400,1050,1400x1050
9999966_00000_d_0000058,1400,1050,1400x1050
9999966_00000_d_0000059,1400,1050,1400x1050
9999966_00000_d_0000060,1400,1050,1400x1050
9999966_00000_d_0000061,1400,1050,1400x1050
9999966_00000_d_0000062,1400,1050,1400x1050
9999966_00000_d_0000063,1400,1050,1400x1050
9999966_00000_d_0000064,1400,1050,1400x1050
9999966_00000_d_0000065,1400,1050,1400x1050
9999966_00000_d_0000066,1400,1050,1400x1050
9999966_00000_d_0000067,1400,1050,1400x1050
9999966_00000_d_0000068,1400,1050,1400x1050
9999966_00000_d_0000069,1400,1050,1400x1050
9999966_00000_d_0000070,1400,1050,1400x1050
9999966_00000_d_0000071,1400,1050,1400x1050
9999966_00000_d_0000072,1400,1050,1400x1050
9999966_00000_d_0000073,1400,1050,1400x1050
9999966_00000_d_0000074,1400,1050,1400x1050
9999966_00000_d_0000075,1400,1050,1400x1050
9999966_00000_d_0000076,1400,1050,1400x1050
9999966_00000_d_0000077,1400,1050,1400x1050
9999966_00000_d_0000078,1400,1050,1400x1050
9999966_00000_d_0000079,1400,1050,1400x1050
9999966_00000_d_0000080,1400,1050,1400x1050
9999966_00000_d_0000081,1400,1050,1400x1050
9999966_00000_d_0000082,1400,1050,1400x1050
9999966_00000_d_0000083,1400,1050,1400x1050
9999966_00000_d_0000084,1400,1050,1400x1050
9999966_00000_d_0000085,1400,1050,1400x1050
9999966_00000_d_0000086,1400,1050,1400x1050
9999966_00000_d_0000087,1400,1050,1400x1050
9999966_00000_d_0000088,1400,1050,1400x1050
9999966_00000_d_0000089,1400,1050,1400x1050
9999966_00000_d_0000090,1400,1050,1400x1050
9999966_00000_d_0000091,1400,1050,1400x1050
9999966_00000_d_0000092,1400,1050,1400x1050
9999966_00000_d_0000093,1400,1050,1400x1050
9999966_00000_d_0000094,1400,1050,1400x1050
9999966_00000_d_0000095,1400,1050,1400x1050
9999966_00000_d_0000096,1400,1050,1400x1050
9999966_00000_d_0000097,1400,1050,1400x1050
9999966_00000_d_0000098,1400,1050,1400x1050
9999966_00000_d_0000099,1400,1050,1400x1050
9999966_00000_d_0000100,1400,1050,1400x1050
9999966_00000_d_0000101,1400,1050,1400x1050
9999966_00000_d_0000102,1400,1050,1400x1050
9999966_00000_d_0000103,1400,1050,1400x1050
9999966_00000_d_0000104,1400,1050,1400x1050
9999966_00000_d_0000105,1400,1050,1400x1050
9999966_00000_d_0000106,1400,1050,1400x1050
9999966_00000_d_0000107,1400,1050,1400x1050
9999966_00000_d_0000108,1400,1050,1400x1050
9999966_00000_d_0000109,1400,1050,1400x1050
9999966_00000_d_0000110,1400,1050,1400x1050
9999966_00000_d_0000111,1400,1050,1400x1050
9999966_00000_d_0000112,1400,1050,1400x1050
9999966_00000_d_0000113,1400,1050,1400x1050
9999966_00000_d_0000114,1400,1050,1400x1050
9999966_00000_d_0000115,1400,1050,1400x1050
9999966_00000_d_0000116,1400,1050,1400x1050
9999966_00000_d_0000117,1400,1050,1400x1050
9999966_00000_d_0000118,1400,1050,1400x1050
9999966_00000_d_0000119,1400,1050,1400x1050
9999966_00000_d_0000120,1400,1050,1400x1050
9999966_00000_d_0000121,1400,1050,1400x1050
9999966_00000_d_0000122,1400,1050,1400x1050
9999966_00000_d_0000123,1400,1050,1400x1050
9999966_00000_d_0000124,1400,1050,1400x1050
9999966_00000_d_0000125,1400,1050,1400x1050
9999966_00000_d_0000126,1400,1050,1400x1050
9999966_00000_d_0000127,1400,1050,1400x1050
9999966_00000_d_0000128,1400,1050,1400x1050
9999966_00000_d_0000129,1400,1050,1400x1050
9999966_00000_d_0000130,1400,1050,1400x1050
9999966_00000_d_0000131,1400,1050,1400x1050
9999966_00000_d_0000132,1400,1050,1400x1050
9999966_00000_d_0000133,1400,1050,1400x1050
9999966_00000_d_0000134,1400,1050,1400x1050
9999966_00000_d_0000135,1400,1050,1400x1050
9999966_00000_d_0000136,1400,1050,1400x1050
9999966_00000_d_0000137,1400,1050,1400x1050
9999966_00000_d_0000138,1400,1050,1400x1050
9999966_00000_d_0000139,1400,1050,1400x1050
9999966_00000_d_0000140,1400,1050,1400x1050
9999967_00000_d_0000001,1400,1050,1400x1050
9999967_00000_d_0000002,1400,1050,1400x1050
9999967_00000_d_0000003,1400,1050,1400x1050
9999967_00000_d_0000004,1400,1050,1400x1050
9999967_00000_d_0000005,1400,1050,1400x1050
9999967_00000_d_0000006,1400,1050,1400x1050
9999967_00000_d_0000007,1400,1050,1400x1050
9999967_00000_d_0000008,1400,1050,1400x1050
9999967_00000_d_0000009,1400,1050,1400x1050
9999967_00000_d_0000010,1400,1050,1400x1050
9999967_00000_d_0000011,1400,1050,1400x1050
9999967_00000_d_0000012,1400,1050,1400x1050
9999967_00000_d_0000013,1400,1050,1400x1050
9999967_00000_d_0000014,1400,1050,1400x1050
9999967_00000_d_0000015,1400,1050,1400x1050
9999967_00000_d_0000016,1400,1050,1400x1050
9999967_00000_d_0000017,1400,1050,1400x1050
9999967_00000_d_0000018,1400,1050,1400x1050
9999967_00000_d_0000019,1400,1050,1400x1050
9999967_00000_d_0000020,1400,1050,1400x1050
9999967_00000_d_0000021,1400,1050,1400x1050
9999967_00000_d_0000022,1400,1050,1400x1050
9999967_00000_d_0000023,1400,1050,1400x1050
9999967_00000_d_0000024,1400,1050,1400x1050
9999967_00000_d_0000025,1400,1050,1400x1050
9999967_00000_d_0000026,1400,1050,1400x1050
9999967_00000_d_0000027,1400,1050,1400x1050
9999967_00000_d_0000028,1400,1050,1400x1050
9999967_00000_d_0000029,1400,1050,1400x1050
9999967_00000_d_0000030,1400,1050,1400x1050
9999967_00000_d_0000031,1400,1050,1400x1050
9999967_00000_d_0000032,1400,1050,1400x1050
9999967_00000_d_0000033,1400,1050,1400x1050
9999967_00000_d_0000034,1400,1050,1400x1050
9999967_00000_d_0000035,1400,1050,1400x1050
9999967_00000_d_0000036,1400,1050,1400x1050
9999967_00000_d_0000037,1400,1050,1400x1050
9999967_00000_d_0000038,1400,1050,1400x1050
9999967_00000_d_0000039,1400,1050,1400x1050
9999967_00000_d_0000040,1400,1050,1400x1050
9999967_00000_d_0000041,1400,1050,1400x1050
9999967_00000_d_0000042,1400,1050,1400x1050
9999967_00000_d_0000043,1400,1050,1400x1050
9999967_00000_d_0000044,1400,1050,1400x1050
9999967_00000_d_0000045,1400,1050,1400x1050
9999967_00000_d_0000046,1400,1050,1400x1050
9999967_00000_d_0000047,1400,1050,1400x1050
9999967_00000_d_0000048,1400,1050,1400x1050
9999967_00000_d_0000049,1400,1050,1400x1050
9999967_00000_d_0000050,1400,1050,1400x1050
9999967_00000_d_0000051,1400,1050,1400x1050
9999967_00000_d_0000052,1400,1050,1400x1050
9999967_00000_d_0000053,1400,1050,1400x1050
9999967_00000_d_0000054,1400,1050,1400x1050
9999967_00000_d_0000055,1400,1050,1400x1050
9999967_00000_d_0000056,1400,1050,1400x1050
9999967_00000_d_0000057,1400,1050,1400x1050
9999967_00000_d_0000058,1400,1050,1400x1050
9999967_00000_d_0000059,1400,1050,1400x1050
9999967_00000_d_0000060,1400,1050,1400x1050
9999967_00000_d_0000061,1400,1050,1400x1050
9999967_00000_d_0000062,1400,1050,1400x1050
9999967_00000_d_0000063,1400,1050,1400x1050
9999967_00000_d_0000064,1400,1050,1400x1050
9999967_00000_d_0000065,1400,1050,1400x1050
9999967_00000_d_0000066,1400,1050,1400x1050
9999967_00000_d_0000067,1400,1050,1400x1050
9999969_00000_d_0000001,1400,1050,1400x1050
9999969_00000_d_0000002,1400,1050,1400x1050
9999969_00000_d_0000003,1400,1050,1400x1050
9999969_00000_d_0000004,1400,1050,1400x1050
9999969_00000_d_0000005,1400,1050,1400x1050
9999969_00000_d_0000006,1400,1050,1400x1050
9999969_00000_d_0000007,1400,1050,1400x1050
9999969_00000_d_0000008,1400,1050,1400x1050
9999969_00000_d_0000009,1400,1050,1400x1050
9999969_00000_d_0000010,1400,1050,1400x1050
9999969_00000_d_0000011,1400,1050,1400x1050
9999969_00000_d_0000012,1400,1050,1400x1050
9999969_00000_d_0000013,1400,1050,1400x1050
9999969_00000_d_0000014,1400,1050,1400x1050
9999969_00000_d_0000015,1400,1050,1400x1050
9999969_00000_d_0000016,1400,1050,1400x1050
9999969_00000_d_0000017,1400,1050,1400x1050
9999969_00000_d_0000018,1400,1050,1400x1050
9999969_00000_d_0000019,1400,1050,1400x1050
9999969_00000_d_0000020,1400,1050,1400x1050
9999969_00000_d_0000021,1400,1050,1400x1050
9999969_00000_d_0000022,1400,1050,1400x1050
9999969_00000_d_0000023,1400,1050,1400x1050
9999969_00000_d_0000024,1400,1050,1400x1050
9999969_00000_d_0000025,1400,1050,1400x1050
9999969_00000_d_0000026,1400,1050,1400x1050
9999969_00000_d_0000027,1400,1050,1400x1050
9999969_00000_d_0000028,1400,1050,1400x1050
9999969_00000_d_0000029,1400,1050,1400x1050
9999969_00000_d_0000030,1400,1050,1400x1050
9999969_00000_d_0000031,1400,1050,1400x1050
9999969_00000_d_0000032,1400,1050,1400x1050
9999969_00000_d_0000033,1400,1050,1400x1050
9999969_00000_d_0000034,1400,1050,1400x1050
9999969_00000_d_0000035,1400,1050,1400x1050
9999969_00000_d_0000036,1400,1050,1400x1050
9999969_00000_d_0000037,1400,1050,1400x1050
9999969_00000_d_0000038,1400,1050,1400x1050
9999969_00000_d_0000039,1400,1050,1400x1050
9999969_00000_d_0000040,1400,1050,1400x1050
9999969_00000_d_0000041,1400,1050,1400x1050
9999969_00000_d_0000042,1400,1050,1400x1050
9999969_00000_d_0000043,1400,1050,1400x1050
9999969_00000_d_0000044,1400,1050,1400x1050
9999969_00000_d_0000045,1400,1050,1400x1050
9999969_00000_d_0000046,1400,1050,1400x1050
9999969_00000_d_0000047,1400,1050,1400x1050
9999969_00000_d_0000048,1400,1050,1400x1050
9999969_00000_d_0000049,1400,1050,1400x1050
9999969_00000_d_0000050,1400,1050,1400x1050
9999969_00000_d_0000051,1400,1050,1400x1050
9999969_00000_d_0000052,1400,1050,1400x1050
9999969_00000_d_0000053,1400,1050,1400x1050
9999969_00000_d_0000054,1400,1050,1400x1050
9999969_00000_d_0000055,1400,1050,1400x1050
9999969_00000_d_0000056,1400,1050,1400x1050
9999969_00000_d_0000057,1400,1050,1400x1050
9999969_00000_d_0000058,1400,1050,1400x1050
9999969_00000_d_0000059,1400,1050,1400x1050
9999969_00000_d_0000060,1400,1050,1400x1050
9999969_00000_d_0000061,1400,1050,1400x1050
9999969_00000_d_0000062,1400,1050,1400x1050
9999969_00000_d_0000063,1400,1050,1400x1050
9999969_00000_d_0000064,1400,1050,1400x1050
9999969_00000_d_0000065,1400,1050,1400x1050
9999969_00000_d_0000066,1400,1050,1400x1050
9999969_00000_d_0000067,1400,1050,1400x1050
9999969_00000_d_0000068,1400,1050,1400x1050
9999969_00000_d_0000069,1400,1050,1400x1050
9999969_00000_d_0000070,1400,1050,1400x1050
9999970_00000_d_0000001,1400,1050,1400x1050
9999970_00000_d_0000002,1400,1050,1400x1050
9999970_00000_d_0000003,1400,1050,1400x1050
9999970_00000_d_0000004,1400,1050,1400x1050
9999970_00000_d_0000005,1400,1050,1400x1050
9999970_00000_d_0000006,1400,1050,1400x1050
9999970_00000_d_0000007,1400,1050,1400x1050
9999970_00000_d_0000008,1400,1050,1400x1050
9999970_00000_d_0000009,1400,1050,1400x1050
9999970_00000_d_0000010,1400,1050,1400x1050
9999970_00000_d_0000011,1400,1050,1400x1050
9999970_00000_d_0000012,1400,1050,1400x1050
9999970_00000_d_0000013,1400,1050,1400x1050
9999970_00000_d_0000014,1400,1050,1400x1050
9999970_00000_d_0000015,1398,1048,1398x1048
9999970_00000_d_0000016,1398,1048,1398x1048
9999970_00000_d_0000017,1398,1048,1398x1048
9999970_00000_d_0000018,1398,1048,1398x1048
9999970_00000_d_0000019,1398,1048,1398x1048
9999970_00000_d_0000020,1398,1048,1398x1048
9999970_00000_d_0000021,1398,1048,1398x1048
9999970_00000_d_0000022,1398,1048,1398x1048
9999970_00000_d_0000023,1398,1048,1398x1048
9999970_00000_d_0000024,1398,1048,1398x1048
9999970_00000_d_0000025,1398,1048,1398x1048
9999970_00000_d_0000026,1398,1048,1398x1048
9999970_00000_d_0000027,1398,1048,1398x1048
9999970_00000_d_0000028,1398,1048,1398x1048
9999970_00000_d_0000029,1398,1048,1398x1048
9999970_00000_d_0000030,1398,1048,1398x1048
9999970_00000_d_0000031,1398,1048,1398x1048
9999970_00000_d_0000032,1398,1048,1398x1048
9999970_00000_d_0000033,1398,1048,1398x1048
9999970_00000_d_0000034,1398,1048,1398x1048
9999970_00000_d_0000035,1398,1048,1398x1048
9999970_00000_d_0000036,1398,1048,1398x1048
9999970_00000_d_0000037,1398,1048,1398x1048
9999970_00000_d_0000038,1398,1048,1398x1048
9999970_00000_d_0000039,1398,1048,1398x1048
9999970_00000_d_0000040,1398,1048,1398x1048
9999970_00000_d_0000041,1398,1048,1398x1048
9999970_00000_d_0000042,1398,1048,1398x1048
9999970_00000_d_0000043,1398,1048,1398x1048
9999970_00000_d_0000044,1398,1048,1398x1048
9999970_00000_d_0000045,1400,1050,1400x1050
9999970_00000_d_0000046,1400,1050,1400x1050
9999970_00000_d_0000047,1400,1050,1400x1050
9999972_00000_d_0000001,1916,1078,1916x1078
9999972_00000_d_0000002,1916,1078,1916x1078
9999972_00000_d_0000003,1916,1078,1916x1078
9999972_00000_d_0000004,1916,1078,1916x1078
9999972_00000_d_0000005,1916,1078,1916x1078
9999972_00000_d_0000006,1916,1078,1916x1078
9999972_00000_d_0000007,1916,1078,1916x1078
9999972_00000_d_0000008,1916,1078,1916x1078
9999972_00000_d_0000009,1916,1078,1916x1078
9999972_00000_d_0000010,1916,1078,1916x1078
9999972_00000_d_0000011,1916,1078,1916x1078
9999972_00000_d_0000012,1916,1078,1916x1078
9999972_00000_d_0000013,1916,1078,1916x1078
9999972_00000_d_0000014,1916,1078,1916x1078
9999972_00000_d_0000015,1916,1078,1916x1078
9999972_00000_d_0000016,1916,1078,1916x1078
9999972_00000_d_0000017,1916,1078,1916x1078
9999972_00000_d_0000018,1916,1078,1916x1078
9999972_00000_d_0000019,1916,1078,1916x1078
9999972_00000_d_0000020,1916,1078,1916x1078
9999972_00000_d_0000021,1916,1078,1916x1078
9999972_00000_d_0000022,1916,1078,1916x1078
9999972_00000_d_0000023,1916,1078,1916x1078
9999972_00000_d_0000024,1916,1078,1916x1078
9999972_00000_d_0000025,1916,1078,1916x1078
9999972_00000_d_0000026,1916,1078,1916x1078
9999972_00000_d_0000027,1916,1078,1916x1078
9999972_00000_d_0000028,1916,1078,1916x1078
9999972_00000_d_0000029,1916,1078,1916x1078
9999972_00000_d_0000030,1916,1078,1916x1078
9999972_00000_d_0000031,1916,1078,1916x1078
9999972_00000_d_0000032,1916,1078,1916x1078
9999972_00000_d_0000033,1916,1078,1916x1078
9999972_00000_d_0000034,1916,1078,1916x1078
9999972_00000_d_0000035,1916,1078,1916x1078
9999972_00000_d_0000036,1916,1078,1916x1078
9999972_00000_d_0000037,1916,1078,1916x1078
9999972_00000_d_0000038,1916,1078,1916x1078
9999972_00000_d_0000039,1916,1078,1916x1078
9999972_00000_d_0000040,1916,1078,1916x1078
9999972_00000_d_0000041,1916,1078,1916x1078
9999972_00000_d_0000042,1916,1078,1916x1078
9999972_00000_d_0000043,1916,1078,1916x1078
9999972_00000_d_0000044,1916,1078,1916x1078
9999972_00000_d_0000045,1916,1078,1916x1078
9999972_00000_d_0000046,1916,1078,1916x1078
9999972_00000_d_0000047,1916,1078,1916x1078
9999972_00000_d_0000048,1916,1078,1916x1078
9999972_00000_d_0000049,1916,1078,1916x1078
9999972_00000_d_0000050,1916,1078,1916x1078
9999972_00000_d_0000051,1916,1078,1916x1078
9999972_00000_d_0000052,1916,1078,1916x1078
9999972_00000_d_0000053,1916,1078,1916x1078
9999972_00000_d_0000054,1916,1078,1916x1078
9999972_00000_d_0000055,1916,1078,1916x1078
9999972_00000_d_0000056,1916,1078,1916x1078
9999972_00000_d_0000057,1916,1078,1916x1078
9999972_00000_d_0000058,1916,1078,1916x1078
9999972_00000_d_0000059,1916,1078,1916x1078
9999972_00000_d_0000060,1916,1078,1916x1078
9999972_00000_d_0000061,1916,1078,1916x1078
9999972_00000_d_0000062,1916,1078,1916x1078
9999972_00000_d_0000063,1916,1078,1916x1078
9999972_00000_d_0000064,1916,1078,1916x1078
9999972_00000_d_0000065,1916,1078,1916x1078
9999972_00000_d_0000066,1916,1078,1916x1078
9999972_00000_d_0000067,1916,1078,1916x1078
9999972_00000_d_0000068,1916,1078,1916x1078
9999972_00000_d_0000069,1916,1078,1916x1078
9999972_00000_d_0000070,1916,1078,1916x1078
9999972_00000_d_0000071,1916,1078,1916x1078
9999972_00000_d_0000072,1916,1078,1916x1078
9999972_00000_d_0000073,1916,1078,1916x1078
9999972_00000_d_0000074,1916,1078,1916x1078
9999972_00000_d_0000075,1916,1078,1916x1078
9999972_00000_d_0000076,1916,1078,1916x1078
9999972_00000_d_0000077,1916,1078,1916x1078
9999972_00000_d_0000078,1916,1078,1916x1078
9999972_00000_d_0000079,1916,1078,1916x1078
9999972_00000_d_0000080,1916,1078,1916x1078
9999972_00000_d_0000081,1916,1078,1916x1078
9999972_00000_d_0000082,1916,1078,1916x1078
9999972_00000_d_0000083,1916,1078,1916x1078
9999972_00000_d_0000084,1916,1078,1916x1078
9999972_00000_d_0000085,1916,1078,1916x1078
9999972_00000_d_0000086,1916,1078,1916x1078
9999972_00000_d_0000087,1916,1078,1916x1078
9999972_00000_d_0000088,1916,1078,1916x1078
9999972_00000_d_0000089,1916,1078,1916x1078
9999972_00000_d_0000090,1916,1078,1916x1078
9999972_00000_d_0000091,1916,1078,1916x1078
9999972_00000_d_0000092,1916,1078,1916x1078
9999972_00000_d_0000093,1916,1078,1916x1078
9999972_00000_d_0000094,1916,1078,1916x1078
9999972_00000_d_0000095,1916,1078,1916x1078
9999972_00000_d_0000096,1916,1078,1916x1078
9999972_00000_d_0000097,1916,1078,1916x1078
9999972_00000_d_0000098,1916,1078,1916x1078
9999972_00000_d_0000099,1916,1078,1916x1078
9999972_00000_d_0000100,1916,1078,1916x1078
9999972_00000_d_0000101,1916,1078,1916x1078
9999972_00000_d_0000102,1916,1078,1916x1078
9999972_00000_d_0000103,1916,1078,1916x1078
9999972_00000_d_0000104,1916,1078,1916x1078
9999972_00000_d_0000105,1916,1078,1916x1078
9999972_00000_d_0000106,1916,1078,1916x1078
9999972_00000_d_0000107,1916,1078,1916x1078
9999972_00000_d_0000108,1916,1078,1916x1078
9999972_00000_d_0000109,1916,1078,1916x1078
9999972_00000_d_0000110,1916,1078,1916x1078
9999972_00000_d_0000111,1916,1078,1916x1078
9999972_00000_d_0000112,1916,1078,1916x1078
9999972_00000_d_0000113,1916,1078,1916x1078
9999972_00000_d_0000114,1916,1078,1916x1078
9999972_00000_d_0000115,1916,1078,1916x1078
9999972_00000_d_0000116,1916,1078,1916x1078
9999972_00000_d_0000117,1916,1078,1916x1078
9999972_00000_d_0000118,1916,1078,1916x1078
9999972_00000_d_0000119,1916,1078,1916x1078
9999972_00000_d_0000120,1916,1078,1916x1078
9999972_00000_d_0000121,1916,1078,1916x1078
9999972_00000_d_0000122,1916,1078,1916x1078
9999972_00000_d_0000123,1916,1078,1916x1078
9999972_00000_d_0000124,1916,1078,1916x1078
9999972_00000_d_0000125,1916,1078,1916x1078
9999972_00000_d_0000126,1916,1078,1916x1078
9999972_00000_d_0000127,1916,1078,1916x1078
9999972_00000_d_0000128,1916,1078,1916x1078
9999972_00000_d_0000129,1916,1078,1916x1078
9999972_00000_d_0000130,1916,1078,1916x1078
9999972_00000_d_0000131,1916,1078,1916x1078
9999972_00000_d_0000132,1916,1078,1916x1078
9999972_00000_d_0000133,1916,1078,1916x1078
9999972_00000_d_0000134,1916,1078,1916x1078
9999972_00000_d_0000135,1916,1078,1916x1078
9999972_00000_d_0000136,1916,1078,1916x1078
9999972_00000_d_0000137,1916,1078,1916x1078
9999972_00000_d_0000138,1916,1078,1916x1078
9999972_00000_d_0000139,1916,1078,1916x1078
9999972_00000_d_0000140,1916,1078,1916x1078
9999972_00000_d_0000141,1916,1078,1916x1078
9999972_00000_d_0000142,1916,1078,1916x1078
9999972_00000_d_0000143,1916,1078,1916x1078
9999972_00000_d_0000144,1916,1078,1916x1078
9999972_00000_d_0000145,1916,1078,1916x1078
9999972_00000_d_0000146,1916,1078,1916x1078
9999972_00000_d_0000147,1916,1078,1916x1078
9999972_00000_d_0000148,1916,1078,1916x1078
9999972_00000_d_0000149,1916,1078,1916x1078
9999972_00000_d_0000150,1916,1078,1916x1078
9999972_00000_d_0000151,1916,1078,1916x1078
9999972_00000_d_0000152,1916,1078,1916x1078
9999972_00000_d_0000153,1916,1078,1916x1078
9999972_00000_d_0000154,1916,1078,1916x1078
9999972_00000_d_0000155,1916,1078,1916x1078
9999972_00000_d_0000156,1916,1078,1916x1078
9999972_00000_d_0000157,1916,1078,1916x1078
9999972_00000_d_0000158,1916,1078,1916x1078
9999972_00000_d_0000159,1916,1078,1916x1078
9999972_00000_d_0000160,1916,1078,1916x1078
9999972_00000_d_0000161,1916,1078,1916x1078
9999972_00000_d_0000162,1916,1078,1916x1078
9999974_00000_d_0000001,1916,1078,1916x1078
9999974_00000_d_0000002,1916,1078,1916x1078
9999974_00000_d_0000003,1916,1078,1916x1078
9999974_00000_d_0000004,1916,1078,1916x1078
9999974_00000_d_0000005,1916,1078,1916x1078
9999974_00000_d_0000006,1916,1078,1916x1078
9999974_00000_d_0000007,1916,1078,1916x1078
9999974_00000_d_0000008,1916,1078,1916x1078
9999974_00000_d_0000009,1916,1078,1916x1078
9999974_00000_d_0000010,1916,1078,1916x1078
9999974_00000_d_0000011,1916,1078,1916x1078
9999974_00000_d_0000012,1916,1078,1916x1078
9999974_00000_d_0000013,1916,1078,1916x1078
9999974_00000_d_0000014,1916,1078,1916x1078
9999974_00000_d_0000015,1916,1078,1916x1078
9999974_00000_d_0000016,1916,1078,1916x1078
9999974_00000_d_0000017,1916,1078,1916x1078
9999974_00000_d_0000018,1916,1078,1916x1078
9999974_00000_d_0000019,1916,1078,1916x1078
9999974_00000_d_0000020,1916,1078,1916x1078
9999974_00000_d_0000021,1916,1078,1916x1078
9999974_00000_d_0000022,1916,1078,1916x1078
9999974_00000_d_0000023,1916,1078,1916x1078
9999974_00000_d_0000024,1916,1078,1916x1078
9999974_00000_d_0000025,1916,1078,1916x1078
9999974_00000_d_0000026,1916,1078,1916x1078
9999974_00000_d_0000027,1916,1078,1916x1078
9999974_00000_d_0000028,1916,1078,1916x1078
9999974_00000_d_0000029,1916,1078,1916x1078
9999974_00000_d_0000030,1916,1078,1916x1078
9999974_00000_d_0000031,1916,1078,1916x1078
9999974_00000_d_0000032,1916,1078,1916x1078
9999974_00000_d_0000033,1916,1078,1916x1078
9999974_00000_d_0000034,1916,1078,1916x1078
9999974_00000_d_0000035,1916,1078,1916x1078
9999974_00000_d_0000036,1916,1078,1916x1078
9999974_00000_d_0000037,1916,1078,1916x1078
9999974_00000_d_0000038,1916,1078,1916x1078
9999974_00000_d_0000039,1916,1078,1916x1078
9999974_00000_d_0000040,1916,1078,1916x1078
9999974_00000_d_0000041,1916,1078,1916x1078
9999974_00000_d_0000042,1916,1078,1916x1078
9999974_00000_d_0000043,1916,1078,1916x1078
9999974_00000_d_0000044,1916,1078,1916x1078
9999974_00000_d_0000045,1916,1078,1916x1078
9999974_00000_d_0000046,1916,1078,1916x1078
9999974_00000_d_0000047,1916,1078,1916x1078
9999974_00000_d_0000048,1916,1078,1916x1078
9999974_00000_d_0000049,1916,1078,1916x1078
9999974_00000_d_0000050,1916,1078,1916x1078
9999974_00000_d_0000051,1916,1078,1916x1078
9999974_00000_d_0000052,1916,1078,1916x1078
9999974_00000_d_0000053,1916,1078,1916x1078
9999974_00000_d_0000054,1916,1078,1916x1078
9999974_00000_d_0000055,1916,1078,1916x1078
9999974_00000_d_0000056,1916,1078,1916x1078
9999974_00000_d_0000057,1916,1078,1916x1078
9999975_00000_d_0000001,1400,1050,1400x1050
9999975_00000_d_0000002,1400,1050,1400x1050
9999975_00000_d_0000003,1400,1050,1400x1050
9999975_00000_d_0000004,1400,1050,1400x1050
9999975_00000_d_0000005,1400,1050,1400x1050
9999975_00000_d_0000006,1400,1050,1400x1050
9999975_00000_d_0000007,1400,1050,1400x1050
9999975_00000_d_0000008,1400,1050,1400x1050
9999975_00000_d_0000009,1400,1050,1400x1050
9999975_00000_d_0000010,1400,1050,1400x1050
9999975_00000_d_0000011,1400,1050,1400x1050
9999975_00000_d_0000012,1400,1050,1400x1050
9999975_00000_d_0000013,1400,1050,1400x1050
9999975_00000_d_0000014,1400,1050,1400x1050
9999975_00000_d_0000015,1400,1050,1400x1050
9999975_00000_d_0000016,1400,1050,1400x1050
9999975_00000_d_0000017,1400,1050,1400x1050
9999975_00000_d_0000018,1400,1050,1400x1050
9999975_00000_d_0000019,1400,1050,1400x1050
9999975_00000_d_0000020,1400,1050,1400x1050
9999975_00000_d_0000021,1400,1050,1400x1050
9999975_00000_d_0000022,1400,1050,1400x1050
9999975_00000_d_0000023,1400,1050,1400x1050
9999975_00000_d_0000024,1400,1050,1400x1050
9999975_00000_d_0000025,1400,1050,1400x1050
9999975_00000_d_0000026,1400,1050,1400x1050
9999975_00000_d_0000027,1400,1050,1400x1050
9999975_00000_d_0000028,1400,1050,1400x1050
9999975_00000_d_0000029,1400,1050,1400x1050
9999975_00000_d_0000030,1400,1050,1400x1050
9999975_00000_d_0000031,1400,1050,1400x1050
9999975_00000_d_0000032,1400,1050,1400x1050
9999975_00000_d_0000033,1400,1050,1400x1050
9999975_00000_d_0000034,1400,1050,1400x1050
9999977_00000_d_0000001,1916,1078,1916x1078
9999977_00000_d_0000002,1916,1078,1916x1078
9999977_00000_d_0000003,1916,1078,1916x1078
9999977_00000_d_0000004,1916,1078,1916x1078
9999977_00000_d_0000005,1916,1078,1916x1078
9999977_00000_d_0000006,1916,1078,1916x1078
9999977_00000_d_0000007,1916,1078,1916x1078
9999977_00000_d_0000008,1916,1078,1916x1078
9999977_00000_d_0000009,1916,1078,1916x1078
9999977_00000_d_0000010,1916,1078,1916x1078
9999977_00000_d_0000011,1916,1078,1916x1078
9999977_00000_d_0000012,1916,1078,1916x1078
9999977_00000_d_0000013,1916,1078,1916x1078
9999977_00000_d_0000014,1916,1078,1916x1078
9999977_00000_d_0000015,1916,1078,1916x1078
9999977_00000_d_0000016,1916,1078,1916x1078
9999977_00000_d_0000017,1916,1078,1916x1078
9999977_00000_d_0000018,1916,1078,1916x1078
9999977_00000_d_0000019,1916,1078,1916x1078
9999977_00000_d_0000020,1916,1078,1916x1078
9999977_00000_d_0000021,1916,1078,1916x1078
9999977_00000_d_0000022,1916,1078,1916x1078
9999977_00000_d_0000023,1916,1078,1916x1078
9999977_00000_d_0000024,1916,1078,1916x1078
9999977_00000_d_0000025,1916,1078,1916x1078
9999977_00000_d_0000026,1916,1078,1916x1078
9999977_00000_d_0000027,1916,1078,1916x1078
9999977_00000_d_0000028,1916,1078,1916x1078
9999977_00000_d_0000029,1916,1078,1916x1078
9999977_00000_d_0000030,1916,1078,1916x1078
9999977_00000_d_0000031,1916,1078,1916x1078
9999977_00000_d_0000032,1916,1078,1916x1078
9999977_00000_d_0000033,1916,1078,1916x1078
9999977_00000_d_0000034,1916,1078,1916x1078
9999977_00000_d_0000035,1916,1078,1916x1078
9999977_00000_d_0000036,1916,1078,1916x1078
9999977_00000_d_0000037,1916,1078,1916x1078
9999977_00000_d_0000038,1916,1078,1916x1078
9999977_00000_d_0000039,1916,1078,1916x1078
9999977_00000_d_0000040,1916,1078,1916x1078
9999977_00000_d_0000041,1916,1078,1916x1078
9999977_00000_d_0000042,1916,1078,1916x1078
9999977_00000_d_0000043,1916,1078,1916x1078
9999977_00000_d_0000044,1916,1078,1916x1078
9999977_00000_d_0000045,1916,1078,1916x1078
9999977_00000_d_0000046,1916,1078,1916x1078
9999977_00000_d_0000047,1916,1078,1916x1078
9999977_00000_d_0000048,1916,1078,1916x1078
9999977_00000_d_0000049,1916,1078,1916x1078
9999977_00000_d_0000050,1916,1078,1916x1078
9999977_00000_d_0000051,1916,1078,1916x1078
9999977_00000_d_0000052,1916,1078,1916x1078
9999977_00000_d_0000053,1916,1078,1916x1078
9999977_00000_d_0000054,1916,1078,1916x1078
9999977_00000_d_0000055,1916,1078,1916x1078
9999977_00000_d_0000056,1916,1078,1916x1078
9999977_00000_d_0000057,1916,1078,1916x1078
9999977_00000_d_0000058,1916,1078,1916x1078
9999977_00000_d_0000059,1916,1078,1916x1078
9999977_00000_d_0000060,1916,1078,1916x1078
9999977_00000_d_0000061,1916,1078,1916x1078
9999977_00000_d_0000062,1916,1078,1916x1078
9999977_00000_d_0000063,1916,1078,1916x1078
9999977_00000_d_0000064,1916,1078,1916x1078
9999977_00000_d_0000065,1916,1078,1916x1078
9999977_00000_d_0000066,1916,1078,1916x1078
9999977_00000_d_0000067,1916,1078,1916x1078
9999977_00000_d_0000068,1916,1078,1916x1078
9999977_00000_d_0000069,1916,1078,1916x1078
9999977_00000_d_0000070,1916,1078,1916x1078
9999977_00000_d_0000071,1916,1078,1916x1078
9999977_00000_d_0000072,1916,1078,1916x1078
9999977_00000_d_0000073,1916,1078,1916x1078
9999977_00000_d_0000074,1916,1078,1916x1078
9999977_00000_d_0000075,1916,1078,1916x1078
9999977_00000_d_0000076,1916,1078,1916x1078
9999977_00000_d_0000077,1916,1078,1916x1078
9999977_00000_d_0000078,1916,1078,1916x1078
9999977_00000_d_0000079,1916,1078,1916x1078
9999977_00000_d_0000080,1916,1078,1916x1078
9999977_00000_d_0000081,1916,1078,1916x1078
9999977_00000_d_0000082,1916,1078,1916x1078
9999977_00000_d_0000083,1916,1078,1916x1078
9999977_00000_d_0000084,1916,1078,1916x1078
9999977_00000_d_0000085,1916,1078,1916x1078
9999977_00000_d_0000086,1916,1078,1916x1078
9999977_00000_d_0000087,1916,1078,1916x1078
9999977_00000_d_0000088,1916,1078,1916x1078
9999977_00000_d_0000089,1916,1078,1916x1078
9999977_00000_d_0000090,1916,1078,1916x1078
9999977_00000_d_0000091,1916,1078,1916x1078
9999977_00000_d_0000092,1916,1078,1916x1078
9999977_00000_d_0000093,1916,1078,1916x1078
9999977_00000_d_0000094,1916,1078,1916x1078
9999977_00000_d_0000095,1916,1078,1916x1078
9999977_00000_d_0000096,1916,1078,1916x1078
9999977_00000_d_0000097,1916,1078,1916x1078
9999977_00000_d_0000098,1916,1078,1916x1078
9999977_00000_d_0000099,1916,1078,1916x1078
9999977_00000_d_0000100,1916,1078,1916x1078
9999977_00000_d_0000101,1916,1078,1916x1078
9999981_00000_d_0000001,1400,1050,1400x1050
9999981_00000_d_0000002,1400,1050,1400x1050
9999981_00000_d_0000003,1400,1050,1400x1050
9999981_00000_d_0000004,1400,1050,1400x1050
9999981_00000_d_0000005,1400,1050,1400x1050
9999981_00000_d_0000006,1400,1050,1400x1050
9999981_00000_d_0000007,1400,1050,1400x1050
9999981_00000_d_0000008,1400,1050,1400x1050
9999981_00000_d_0000009,1400,1050,1400x1050
9999981_00000_d_0000010,1400,1050,1400x1050
9999981_00000_d_0000011,1400,1050,1400x1050
9999981_00000_d_0000012,1400,1050,1400x1050
9999981_00000_d_0000013,1400,1050,1400x1050
9999981_00000_d_0000014,1400,1050,1400x1050
9999981_00000_d_0000015,1400,1050,1400x1050
9999981_00000_d_0000016,1400,1050,1400x1050
9999981_00000_d_0000017,1400,1050,1400x1050
9999981_00000_d_0000018,1400,1050,1400x1050
9999981_00000_d_0000019,1400,1050,1400x1050
9999981_00000_d_0000020,1400,1050,1400x1050
9999981_00000_d_0000021,1400,1050,1400x1050
9999981_00000_d_0000022,1400,1050,1400x1050
9999981_00000_d_0000023,1400,1050,1400x1050
9999981_00000_d_0000024,1400,1050,1400x1050
9999981_00000_d_0000025,1400,1050,1400x1050
9999981_00000_d_0000026,1400,1050,1400x1050
9999981_00000_d_0000027,1400,1050,1400x1050
9999981_00000_d_0000028,1400,1050,1400x1050
9999981_00000_d_0000029,1400,1050,1400x1050
9999981_00000_d_0000030,1400,1050,1400x1050
9999981_00000_d_0000031,1400,1050,1400x1050
9999981_00000_d_0000032,1400,1050,1400x1050
9999981_00000_d_0000033,1400,1050,1400x1050
9999981_00000_d_0000034,1400,1050,1400x1050
9999981_00000_d_0000035,1400,1050,1400x1050
9999981_00000_d_0000036,1400,1050,1400x1050
9999981_00000_d_0000037,1400,1050,1400x1050
9999981_00000_d_0000038,1400,1050,1400x1050
9999981_00000_d_0000039,1400,1050,1400x1050
9999981_00000_d_0000040,1400,1050,1400x1050
9999981_00000_d_0000041,1400,1050,1400x1050
9999981_00000_d_0000042,1400,1050,1400x1050
9999981_00000_d_0000043,1400,1050,1400x1050
9999981_00000_d_0000044,1400,1050,1400x1050
9999981_00000_d_0000045,1400,1050,1400x1050
9999981_00000_d_0000046,1400,1050,1400x1050
9999981_00000_d_0000047,1400,1050,1400x1050
9999981_00000_d_0000048,1400,1050,1400x1050
9999981_00000_d_0000049,1400,1050,1400x1050
9999981_00000_d_0000050,1400,1050,1400x1050
9999981_00000_d_0000051,1400,1050,1400x1050
9999981_00000_d_0000052,1400,1050,1400x1050
9999981_00000_d_0000053,1400,1050,1400x1050
9999981_00000_d_0000054,1400,1050,1400x1050
9999981_00000_d_0000055,1400,1050,1400x1050
9999981_00000_d_0000056,1400,1050,1400x1050
9999981_00000_d_0000057,1400,1050,1400x1050
9999981_00000_d_0000058,1400,1050,1400x1050
9999981_00000_d_0000059,1400,1050,1400x1050
9999981_00000_d_0000060,1400,1050,1400x1050
9999981_00000_d_0000061,1400,1050,1400x1050
9999981_00000_d_0000062,1400,1050,1400x1050
9999981_00000_d_0000063,1400,1050,1400x1050
9999981_00000_d_0000064,1400,1050,1400x1050
9999981_00000_d_0000065,1400,1050,1400x1050
9999981_00000_d_0000066,1400,1050,1400x1050
9999981_00000_d_0000067,1400,1050,1400x1050
9999981_00000_d_0000068,1400,1050,1400x1050
9999981_00000_d_0000069,1400,1050,1400x1050
9999981_00000_d_0000070,1400,1050,1400x1050
9999981_00000_d_0000071,1400,1050,1400x1050
9999981_00000_d_0000072,1400,1050,1400x1050
9999981_00000_d_0000073,1400,1050,1400x1050
9999981_00000_d_0000074,1400,1050,1400x1050
9999981_00000_d_0000075,1400,1050,1400x1050
9999981_00000_d_0000076,1400,1050,1400x1050
9999981_00000_d_0000077,1400,1050,1400x1050
9999981_00000_d_0000078,1400,1050,1400x1050
9999981_00000_d_0000079,1400,1050,1400x1050
9999981_00000_d_0000080,1400,1050,1400x1050
9999981_00000_d_0000081,1400,1050,1400x1050
9999981_00000_d_0000082,1400,1050,1400x1050
9999981_00000_d_0000083,1400,1050,1400x1050
9999981_00000_d_0000084,1400,1050,1400x1050
9999981_00000_d_0000085,1400,1050,1400x1050
9999981_00000_d_0000086,1400,1050,1400x1050
9999981_00000_d_0000087,1400,1050,1400x1050
9999981_00000_d_0000088,1400,1050,1400x1050
9999981_00000_d_0000089,1400,1050,1400x1050
9999981_00000_d_0000090,1400,1050,1400x1050
9999981_00000_d_0000091,1400,1050,1400x1050
9999981_00000_d_0000092,1400,1050,1400x1050
9999981_00000_d_0000093,1400,1050,1400x1050
9999981_00000_d_0000094,1400,1050,1400x1050
9999981_00000_d_0000095,1400,1050,1400x1050
9999981_00000_d_0000096,1400,1050,1400x1050
9999981_00000_d_0000097,1400,1050,1400x1050
9999981_00000_d_0000098,1400,1050,1400x1050
9999981_00000_d_0000099,1400,1050,1400x1050
9999981_00000_d_0000100,1400,1050,1400x1050
9999981_00000_d_0000101,1400,1050,1400x1050
9999981_00000_d_0000102,1400,1050,1400x1050
9999981_00000_d_0000103,1400,1050,1400x1050
9999981_00000_d_0000104,1400,1050,1400x1050
9999981_00000_d_0000105,1400,1050,1400x1050
9999981_00000_d_0000106,1400,1050,1400x1050
9999981_00000_d_0000107,1400,1050,1400x1050
9999981_00000_d_0000108,1400,1050,1400x1050
9999981_00000_d_0000109,1400,1050,1400x1050
9999981_00000_d_0000110,1400,1050,1400x1050
9999981_00000_d_0000111,1400,1050,1400x1050
9999981_00000_d_0000112,1400,1050,1400x1050
9999981_00000_d_0000113,1400,1050,1400x1050
9999981_00000_d_0000114,1400,1050,1400x1050
9999981_00000_d_0000115,1400,1050,1400x1050
9999981_00000_d_0000116,1400,1050,1400x1050
9999981_00000_d_0000117,1400,1050,1400x1050
9999981_00000_d_0000118,1400,1050,1400x1050
9999981_00000_d_0000119,1400,1050,1400x1050
9999981_00000_d_0000120,1400,1050,1400x1050
9999981_00000_d_0000121,1400,1050,1400x1050
9999981_00000_d_0000122,1400,1050,1400x1050
9999981_00000_d_0000123,1400,1050,1400x1050
9999981_00000_d_0000124,1400,1050,1400x1050
9999981_00000_d_0000125,1400,1050,1400x1050
9999981_00000_d_0000126,1400,1050,1400x1050
9999981_00000_d_0000127,1400,1050,1400x1050
9999981_00000_d_0000128,1400,1050,1400x1050
9999981_00000_d_0000129,1400,1050,1400x1050
9999981_00000_d_0000130,1400,1050,1400x1050
9999981_00000_d_0000131,1400,1050,1400x1050
9999981_00000_d_0000132,1400,1050,1400x1050
9999981_00000_d_0000133,1400,1050,1400x1050
9999981_00000_d_0000134,1400,1050,1400x1050
9999981_00000_d_0000135,1400,1050,1400x1050
9999981_00000_d_0000136,1400,1050,1400x1050
9999981_00000_d_0000137,1400,1050,1400x1050
9999981_00000_d_0000138,1400,1050,1400x1050
9999981_00000_d_0000139,1400,1050,1400x1050
9999981_00000_d_0000140,1400,1050,1400x1050
9999981_00000_d_0000141,1400,1050,1400x1050
9999981_00000_d_0000142,1400,1050,1400x1050
9999981_00000_d_0000143,1400,1050,1400x1050
9999981_00000_d_0000144,1400,1050,1400x1050
9999981_00000_d_0000145,1400,1050,1400x1050
9999981_00000_d_0000146,1400,1050,1400x1050
9999981_00000_d_0000147,1400,1050,1400x1050
9999981_00000_d_0000148,1400,1050,1400x1050
9999981_00000_d_0000149,1400,1050,1400x1050
9999981_00000_d_0000150,1400,1050,1400x1050
9999981_00000_d_0000151,1400,1050,1400x1050
9999981_00000_d_0000152,1400,1050,1400x1050
9999981_00000_d_0000153,1400,1050,1400x1050
9999981_00000_d_0000154,1400,1050,1400x1050
9999981_00000_d_0000155,1400,1050,1400x1050
9999981_00000_d_0000156,1400,1050,1400x1050
9999981_00000_d_0000157,1400,1050,1400x1050
9999982_00000_d_0000001,1400,1050,1400x1050
9999982_00000_d_0000002,1400,1050,1400x1050
9999982_00000_d_0000003,1400,1050,1400x1050
9999982_00000_d_0000004,1400,1050,1400x1050
9999982_00000_d_0000005,1400,1050,1400x1050
9999982_00000_d_0000006,1400,1050,1400x1050
9999982_00000_d_0000007,1400,1050,1400x1050
9999982_00000_d_0000008,1400,1050,1400x1050
9999982_00000_d_0000009,1400,1050,1400x1050
9999982_00000_d_0000010,1400,1050,1400x1050
9999982_00000_d_0000011,1400,1050,1400x1050
9999982_00000_d_0000012,1400,1050,1400x1050
9999982_00000_d_0000013,1400,1050,1400x1050
9999982_00000_d_0000014,1400,1050,1400x1050
9999982_00000_d_0000015,1400,1050,1400x1050
9999982_00000_d_0000016,1400,1050,1400x1050
9999982_00000_d_0000017,1400,1050,1400x1050
9999982_00000_d_0000018,1400,1050,1400x1050
9999982_00000_d_0000019,1400,1050,1400x1050
9999982_00000_d_0000020,1400,1050,1400x1050
9999982_00000_d_0000021,1400,1050,1400x1050
9999982_00000_d_0000022,1400,1050,1400x1050
9999982_00000_d_0000023,1400,1050,1400x1050
9999982_00000_d_0000024,1400,1050,1400x1050
9999982_00000_d_0000025,1400,1050,1400x1050
9999982_00000_d_0000026,1400,1050,1400x1050
9999982_00000_d_0000027,1400,1050,1400x1050
9999982_00000_d_0000028,1400,1050,1400x1050
9999982_00000_d_0000029,1400,1050,1400x1050
9999982_00000_d_0000030,1400,1050,1400x1050
9999982_00000_d_0000031,1400,1050,1400x1050
9999982_00000_d_0000032,1400,1050,1400x1050
9999982_00000_d_0000033,1400,1050,1400x1050
9999982_00000_d_0000034,1400,1050,1400x1050
9999982_00000_d_0000035,1400,1050,1400x1050
9999982_00000_d_0000036,1400,1050,1400x1050
9999982_00000_d_0000037,1400,1050,1400x1050
9999982_00000_d_0000038,1400,1050,1400x1050
9999982_00000_d_0000039,1400,1050,1400x1050
9999982_00000_d_0000040,1400,1050,1400x1050
9999982_00000_d_0000041,1400,1050,1400x1050
9999982_00000_d_0000042,1400,1050,1400x1050
9999982_00000_d_0000043,1400,1050,1400x1050
9999982_00000_d_0000044,1400,1050,1400x1050
9999982_00000_d_0000045,1400,1050,1400x1050
9999982_00000_d_0000046,1400,1050,1400x1050
9999982_00000_d_0000047,1400,1050,1400x1050
9999982_00000_d_0000048,1400,1050,1400x1050
9999982_00000_d_0000049,1400,1050,1400x1050
9999982_00000_d_0000050,1400,1050,1400x1050
9999982_00000_d_0000051,1400,1050,1400x1050
9999982_00000_d_0000052,1400,1050,1400x1050
9999982_00000_d_0000053,1400,1050,1400x1050
9999982_00000_d_0000054,1400,1050,1400x1050
9999982_00000_d_0000055,1400,1050,1400x1050
9999982_00000_d_0000056,1400,1050,1400x1050
9999982_00000_d_0000057,1400,1050,1400x1050
9999982_00000_d_0000058,1400,1050,1400x1050
9999982_00000_d_0000059,1400,1050,1400x1050
9999982_00000_d_0000060,1400,1050,1400x1050
9999982_00000_d_0000061,1400,1050,1400x1050
9999982_00000_d_0000062,1400,1050,1400x1050
9999982_00000_d_0000063,1400,1050,1400x1050
9999982_00000_d_0000064,1400,1050,1400x1050
9999982_00000_d_0000065,1400,1050,1400x1050
9999982_00000_d_0000066,1400,1050,1400x1050
9999982_00000_d_0000067,1400,1050,1400x1050
9999982_00000_d_0000068,1400,1050,1400x1050
9999982_00000_d_0000069,1400,1050,1400x1050
9999982_00000_d_0000070,1400,1050,1400x1050
9999982_00000_d_0000071,1400,1050,1400x1050
9999982_00000_d_0000072,1400,1050,1400x1050
9999982_00000_d_0000073,1400,1050,1400x1050
9999982_00000_d_0000074,1400,1050,1400x1050
9999982_00000_d_0000075,1400,1050,1400x1050
9999982_00000_d_0000076,1400,1050,1400x1050
9999982_00000_d_0000077,1400,1050,1400x1050
9999982_00000_d_0000078,1400,1050,1400x1050
9999982_00000_d_0000079,1400,1050,1400x1050
9999982_00000_d_0000080,1400,1050,1400x1050
9999982_00000_d_0000081,1400,1050,1400x1050
9999982_00000_d_0000082,1400,1050,1400x1050
9999982_00000_d_0000083,1400,1050,1400x1050
9999982_00000_d_0000084,1400,1050,1400x1050
9999982_00000_d_0000085,1400,1050,1400x1050
9999982_00000_d_0000086,1400,1050,1400x1050
9999982_00000_d_0000087,1400,1050,1400x1050
9999982_00000_d_0000088,1400,1050,1400x1050
9999982_00000_d_0000089,1400,1050,1400x1050
9999982_00000_d_0000090,1400,1050,1400x1050
9999982_00000_d_0000091,1400,1050,1400x1050
9999982_00000_d_0000092,1400,1050,1400x1050
9999982_00000_d_0000093,1400,1050,1400x1050
9999982_00000_d_0000094,1400,1050,1400x1050
9999982_00000_d_0000095,1400,1050,1400x1050
9999982_00000_d_0000096,1400,1050,1400x1050
9999982_00000_d_0000097,1400,1050,1400x1050
9999982_00000_d_0000098,1400,1050,1400x1050
9999982_00000_d_0000099,1400,1050,1400x1050
9999982_00000_d_0000100,1400,1050,1400x1050
9999982_00000_d_0000101,1400,1050,1400x1050
9999982_00000_d_0000102,1400,1050,1400x1050
9999982_00000_d_0000103,1400,1050,1400x1050
9999982_00000_d_0000104,1400,1050,1400x1050
9999982_00000_d_0000105,1400,1050,1400x1050
9999982_00000_d_0000106,1400,1050,1400x1050
9999982_00000_d_0000107,1400,1050,1400x1050
9999982_00000_d_0000108,1400,1050,1400x1050
9999982_00000_d_0000109,1400,1050,1400x1050
9999982_00000_d_0000110,1400,1050,1400x1050
9999982_00000_d_0000111,1400,1050,1400x1050
9999982_00000_d_0000112,1400,1050,1400x1050
9999982_00000_d_0000113,1400,1050,1400x1050
9999982_00000_d_0000114,1400,1050,1400x1050
9999982_00000_d_0000115,1400,1050,1400x1050
9999982_00000_d_0000116,1400,1050,1400x1050
9999982_00000_d_0000117,1400,1050,1400x1050
9999982_00000_d_0000118,1400,1050,1400x1050
9999982_00000_d_0000119,1400,1050,1400x1050
9999982_00000_d_0000120,1400,1050,1400x1050
9999982_00000_d_0000121,1400,1050,1400x1050
9999982_00000_d_0000122,1400,1050,1400x1050
9999982_00000_d_0000123,1400,1050,1400x1050
9999982_00000_d_0000124,1400,1050,1400x1050
9999982_00000_d_0000125,1400,1050,1400x1050
9999982_00000_d_0000126,1400,1050,1400x1050
9999982_00000_d_0000127,1400,1050,1400x1050
9999982_00000_d_0000128,1400,1050,1400x1050
9999982_00000_d_0000129,1400,1050,1400x1050
9999982_00000_d_0000130,1400,1050,1400x1050
9999982_00000_d_0000131,1400,1050,1400x1050
9999982_00000_d_0000132,1400,1050,1400x1050
9999982_00000_d_0000133,1400,1050,1400x1050
9999982_00000_d_0000134,1400,1050,1400x1050
9999982_00000_d_0000135,1400,1050,1400x1050
9999982_00000_d_0000136,1400,1050,1400x1050
9999982_00000_d_0000137,1400,1050,1400x1050
9999982_00000_d_0000138,1400,1050,1400x1050
9999982_00000_d_0000139,1400,1050,1400x1050
9999982_00000_d_0000140,1400,1050,1400x1050
9999982_00000_d_0000141,1400,1050,1400x1050
9999982_00000_d_0000142,1400,1050,1400x1050
9999982_00000_d_0000143,1400,1050,1400x1050
9999982_00000_d_0000144,1400,1050,1400x1050
9999982_00000_d_0000145,1400,1050,1400x1050
9999982_00000_d_0000146,1400,1050,1400x1050
9999982_00000_d_0000147,1400,1050,1400x1050
9999982_00000_d_0000148,1400,1050,1400x1050
9999982_00000_d_0000149,1400,1050,1400x1050
9999982_00000_d_0000150,1400,1050,1400x1050
9999982_00000_d_0000151,1400,1050,1400x1050
9999982_00000_d_0000152,1400,1050,1400x1050
9999982_00000_d_0000153,1400,1050,1400x1050
9999982_00000_d_0000154,1400,1050,1400x1050
9999982_00000_d_0000155,1400,1050,1400x1050
9999982_00000_d_0000156,1400,1050,1400x1050
9999982_00000_d_0000157,1400,1050,1400x1050
9999982_00000_d_0000158,1400,1050,1400x1050
9999982_00000_d_0000159,1400,1050,1400x1050
9999982_00000_d_0000160,1400,1050,1400x1050
9999982_00000_d_0000161,1400,1050,1400x1050
9999982_00000_d_0000162,1400,1050,1400x1050
9999982_00000_d_0000163,1400,1050,1400x1050
9999982_00000_d_0000164,1400,1050,1400x1050
9999982_00000_d_0000165,1400,1050,1400x1050
9999982_00000_d_0000166,1400,1050,1400x1050
9999982_00000_d_0000167,1400,1050,1400x1050
9999982_00000_d_0000168,1400,1050,1400x1050
9999982_00000_d_0000169,1400,1050,1400x1050
9999982_00000_d_0000170,1400,1050,1400x1050
9999982_00000_d_0000171,1400,1050,1400x1050
9999982_00000_d_0000172,1400,1050,1400x1050
9999982_00000_d_0000173,1400,1050,1400x1050
9999982_00000_d_0000174,1400,1050,1400x1050
9999982_00000_d_0000175,1400,1050,1400x1050
9999982_00000_d_0000176,1400,1050,1400x1050
9999982_00000_d_0000177,1400,1050,1400x1050
9999982_00000_d_0000178,1400,1050,1400x1050
9999982_00000_d_0000179,1400,1050,1400x1050
9999982_00000_d_0000180,1400,1050,1400x1050
9999982_00000_d_0000181,1400,1050,1400x1050
9999982_00000_d_0000182,1400,1050,1400x1050
9999982_00000_d_0000183,1400,1050,1400x1050
9999982_00000_d_0000184,1400,1050,1400x1050
9999982_00000_d_0000185,1400,1050,1400x1050
9999982_00000_d_0000186,1400,1050,1400x1050
9999982_00000_d_0000187,1400,1050,1400x1050
9999982_00000_d_0000188,1400,1050,1400x1050
9999982_00000_d_0000189,1400,1050,1400x1050
9999982_00000_d_0000190,1400,1050,1400x1050
9999982_00000_d_0000191,1400,1050,1400x1050
9999982_00000_d_0000192,1400,1050,1400x1050
9999982_00000_d_0000193,1400,1050,1400x1050
9999982_00000_d_0000194,1400,1050,1400x1050
9999982_00000_d_0000195,1400,1050,1400x1050
9999982_00000_d_0000196,1400,1050,1400x1050
9999982_00000_d_0000197,1400,1050,1400x1050
9999982_00000_d_0000198,1400,1050,1400x1050
9999982_00000_d_0000199,1400,1050,1400x1050
9999982_00000_d_0000200,1400,1050,1400x1050
9999982_00000_d_0000201,1400,1050,1400x1050
9999982_00000_d_0000202,1400,1050,1400x1050
9999982_00000_d_0000203,1400,1050,1400x1050
9999982_00000_d_0000204,1400,1050,1400x1050
9999982_00000_d_0000205,1400,1050,1400x1050
9999982_00000_d_0000206,1400,1050,1400x1050
9999982_00000_d_0000207,1400,1050,1400x1050
9999982_00000_d_0000208,1400,1050,1400x1050
9999982_00000_d_0000209,1400,1050,1400x1050
9999982_00000_d_0000210,1400,1050,1400x1050
9999982_00000_d_0000211,1400,1050,1400x1050
9999982_00000_d_0000212,1400,1050,1400x1050
9999982_00000_d_0000213,1400,1050,1400x1050
9999982_00000_d_0000214,1400,1050,1400x1050
9999982_00000_d_0000215,1400,1050,1400x1050
9999982_00000_d_0000216,1400,1050,1400x1050
9999982_00000_d_0000217,1400,1050,1400x1050
9999982_00000_d_0000218,1400,1050,1400x1050
9999982_00000_d_0000219,1400,1050,1400x1050
9999982_00000_d_0000220,1400,1050,1400x1050
9999982_00000_d_0000221,1400,1050,1400x1050
9999982_00000_d_0000222,1400,1050,1400x1050
9999982_00000_d_0000223,1400,1050,1400x1050
9999982_00000_d_0000224,1400,1050,1400x1050
9999982_00000_d_0000225,1400,1050,1400x1050
9999982_00000_d_0000226,1400,1050,1400x1050
9999982_00000_d_0000227,1400,1050,1400x1050
9999982_00000_d_0000228,1400,1050,1400x1050
9999982_00000_d_0000229,1400,1050,1400x1050
9999982_00000_d_0000230,1400,1050,1400x1050
9999982_00000_d_0000231,1400,1050,1400x1050
9999982_00000_d_0000232,1400,1050,1400x1050
9999982_00000_d_0000233,1400,1050,1400x1050
9999982_00000_d_0000234,1400,1050,1400x1050
9999982_00000_d_0000235,1400,1050,1400x1050
9999982_00000_d_0000236,1400,1050,1400x1050
9999982_00000_d_0000237,1400,1050,1400x1050
9999982_00000_d_0000238,1400,1050,1400x1050
9999982_00000_d_0000239,1400,1050,1400x1050
9999982_00000_d_0000240,1400,1050,1400x1050
9999982_00000_d_0000241,1400,1050,1400x1050
9999982_00000_d_0000242,1400,1050,1400x1050
9999982_00000_d_0000243,1400,1050,1400x1050
9999982_00000_d_0000244,1400,1050,1400x1050
9999982_00000_d_0000245,1400,1050,1400x1050
9999982_00000_d_0000246,1400,1050,1400x1050
9999982_00000_d_0000247,1400,1050,1400x1050
9999982_00000_d_0000248,1400,1050,1400x1050
9999982_00000_d_0000249,1400,1050,1400x1050
9999982_00000_d_0000250,1400,1050,1400x1050
9999982_00000_d_0000251,1400,1050,1400x1050
9999982_00000_d_0000252,1400,1050,1400x1050
9999982_00000_d_0000253,1400,1050,1400x1050
9999982_00000_d_0000254,1400,1050,1400x1050
9999982_00000_d_0000255,1400,1050,1400x1050
9999982_00000_d_0000256,1400,1050,1400x1050
9999982_00000_d_0000257,1400,1050,1400x1050
9999984_00000_d_0000001,1400,1050,1400x1050
9999984_00000_d_0000002,1400,1050,1400x1050
9999984_00000_d_0000003,1400,1050,1400x1050
9999984_00000_d_0000004,1400,1050,1400x1050
9999984_00000_d_0000005,1400,1050,1400x1050
9999984_00000_d_0000006,1400,1050,1400x1050
9999984_00000_d_0000007,1400,1050,1400x1050
9999984_00000_d_0000008,1400,1050,1400x1050
9999984_00000_d_0000009,1400,1050,1400x1050
9999984_00000_d_0000010,1400,1050,1400x1050
9999984_00000_d_0000011,1400,1050,1400x1050
9999984_00000_d_0000012,1400,1050,1400x1050
9999984_00000_d_0000013,1400,1050,1400x1050
9999984_00000_d_0000014,1400,1050,1400x1050
9999984_00000_d_0000015,1400,1050,1400x1050
9999984_00000_d_0000016,1400,1050,1400x1050
9999984_00000_d_0000017,1400,1050,1400x1050
9999984_00000_d_0000018,1400,1050,1400x1050
9999984_00000_d_0000019,1400,1050,1400x1050
9999984_00000_d_0000020,1400,1050,1400x1050
9999984_00000_d_0000021,1400,1050,1400x1050
9999984_00000_d_0000022,1400,1050,1400x1050
9999984_00000_d_0000023,1400,1050,1400x1050
9999984_00000_d_0000024,1400,1050,1400x1050
9999984_00000_d_0000025,1400,1050,1400x1050
9999984_00000_d_0000026,1400,1050,1400x1050
9999984_00000_d_0000027,1400,1050,1400x1050
9999984_00000_d_0000028,1400,1050,1400x1050
9999984_00000_d_0000029,1400,1050,1400x1050
9999984_00000_d_0000030,1400,1050,1400x1050
9999984_00000_d_0000031,1400,1050,1400x1050
9999984_00000_d_0000032,1400,1050,1400x1050
9999984_00000_d_0000033,1400,1050,1400x1050
9999984_00000_d_0000034,1400,1050,1400x1050
9999984_00000_d_0000035,1400,1050,1400x1050
9999984_00000_d_0000036,1400,1050,1400x1050
9999984_00000_d_0000037,1400,1050,1400x1050
9999984_00000_d_0000038,1400,1050,1400x1050
9999984_00000_d_0000039,1400,1050,1400x1050
9999984_00000_d_0000040,1400,1050,1400x1050
9999984_00000_d_0000041,1400,1050,1400x1050
9999984_00000_d_0000042,1400,1050,1400x1050
9999984_00000_d_0000043,1400,1050,1400x1050
9999984_00000_d_0000044,1400,1050,1400x1050
9999984_00000_d_0000045,1400,1050,1400x1050
9999984_00000_d_0000046,1400,1050,1400x1050
9999984_00000_d_0000047,1400,1050,1400x1050
9999984_00000_d_0000048,1400,1050,1400x1050
9999984_00000_d_0000049,1400,1050,1400x1050
9999984_00000_d_0000050,1400,1050,1400x1050
9999984_00000_d_0000051,1400,1050,1400x1050
9999984_00000_d_0000052,1400,1050,1400x1050
9999984_00000_d_0000053,1400,1050,1400x1050
9999984_00000_d_0000054,1400,1050,1400x1050
9999984_00000_d_0000055,1400,1050,1400x1050
9999984_00000_d_0000056,1400,1050,1400x1050
9999984_00000_d_0000057,1400,1050,1400x1050
9999984_00000_d_0000058,1400,1050,1400x1050
9999984_00000_d_0000059,1400,1050,1400x1050
9999984_00000_d_0000060,1400,1050,1400x1050
9999984_00000_d_0000061,1400,1050,1400x1050
9999984_00000_d_0000062,1400,1050,1400x1050
9999984_00000_d_0000063,1400,1050,1400x1050
9999984_00000_d_0000064,1400,1050,1400x1050
9999984_00000_d_0000065,1400,1050,1400x1050
9999984_00000_d_0000066,1400,1050,1400x1050
9999984_00000_d_0000067,1400,1050,1400x1050
9999984_00000_d_0000068,1400,1050,1400x1050
9999984_00000_d_0000069,1400,1050,1400x1050
9999984_00000_d_0000070,1400,1050,1400x1050
9999984_00000_d_0000071,1400,1050,1400x1050
9999984_00000_d_0000072,1400,1050,1400x1050
9999984_00000_d_0000073,1400,1050,1400x1050
9999984_00000_d_0000074,1400,1050,1400x1050
9999984_00000_d_0000075,1400,1050,1400x1050
9999984_00000_d_0000076,1400,1050,1400x1050
9999984_00000_d_0000077,1400,1050,1400x1050
9999984_00000_d_0000078,1400,1050,1400x1050
9999984_00000_d_0000079,1400,1050,1400x1050
9999984_00000_d_0000080,1400,1050,1400x1050
9999984_00000_d_0000081,1400,1050,1400x1050
9999984_00000_d_0000082,1400,1050,1400x1050
9999984_00000_d_0000083,1400,1050,1400x1050
9999984_00000_d_0000084,1400,1050,1400x1050
9999984_00000_d_0000085,1400,1050,1400x1050
9999984_00000_d_0000086,1400,1050,1400x1050
9999984_00000_d_0000087,1400,1050,1400x1050
9999984_00000_d_0000088,1400,1050,1400x1050
9999984_00000_d_0000089,1400,1050,1400x1050
9999984_00000_d_0000090,1400,1050,1400x1050
9999984_00000_d_0000091,1400,1050,1400x1050
9999984_00000_d_0000092,1400,1050,1400x1050
9999984_00000_d_0000093,1400,1050,1400x1050
9999984_00000_d_0000094,1400,1050,1400x1050
9999984_00000_d_0000095,1400,1050,1400x1050
9999984_00000_d_0000096,1400,1050,1400x1050
9999984_00000_d_0000097,1400,1050,1400x1050
9999984_00000_d_0000098,1400,1050,1400x1050
9999984_00000_d_0000099,1400,1050,1400x1050
9999984_00000_d_0000100,1400,1050,1400x1050
9999984_00000_d_0000101,1400,1050,1400x1050
9999984_00000_d_0000102,1400,1050,1400x1050
9999984_00000_d_0000103,1400,1050,1400x1050
9999984_00000_d_0000104,1400,1050,1400x1050
9999984_00000_d_0000105,1400,1050,1400x1050
9999984_00000_d_0000106,1400,1050,1400x1050
9999984_00000_d_0000107,1400,1050,1400x1050
9999984_00000_d_0000108,1400,1050,1400x1050
9999984_00000_d_0000109,1400,1050,1400x1050
9999984_00000_d_0000110,1400,1050,1400x1050
9999984_00000_d_0000111,1400,1050,1400x1050
9999984_00000_d_0000112,1400,1050,1400x1050
9999984_00000_d_0000113,1400,1050,1400x1050
9999984_00000_d_0000114,1400,1050,1400x1050
9999984_00000_d_0000115,1400,1050,1400x1050
9999984_00000_d_0000116,1400,1050,1400x1050
9999984_00000_d_0000117,1400,1050,1400x1050
9999984_00000_d_0000118,1400,1050,1400x1050
9999984_00000_d_0000119,1400,1050,1400x1050
9999984_00000_d_0000120,1400,1050,1400x1050
9999984_00000_d_0000121,1400,1050,1400x1050
9999984_00000_d_0000122,1400,1050,1400x1050
9999984_00000_d_0000123,1400,1050,1400x1050
9999984_00000_d_0000124,1400,1050,1400x1050
9999984_00000_d_0000125,1400,1050,1400x1050
9999984_00000_d_0000126,1400,1050,1400x1050
9999984_00000_d_0000127,1400,1050,1400x1050
9999984_00000_d_0000128,1400,1050,1400x1050
9999984_00000_d_0000129,1400,1050,1400x1050
9999984_00000_d_0000130,1400,1050,1400x1050
9999984_00000_d_0000131,1400,1050,1400x1050
9999984_00000_d_0000132,1400,1050,1400x1050
9999984_00000_d_0000133,1400,1050,1400x1050
9999984_00000_d_0000134,1400,1050,1400x1050
9999984_00000_d_0000135,1400,1050,1400x1050
9999984_00000_d_0000136,1400,1050,1400x1050
9999984_00000_d_0000137,1400,1050,1400x1050
9999984_00000_d_0000138,1400,1050,1400x1050
9999984_00000_d_0000139,1400,1050,1400x1050
9999984_00000_d_0000140,1400,1050,1400x1050
9999984_00000_d_0000141,1400,1050,1400x1050
9999984_00000_d_0000142,1400,1050,1400x1050
9999984_00000_d_0000143,1400,1050,1400x1050
9999984_00000_d_0000144,1400,1050,1400x1050
9999984_00000_d_0000145,1400,1050,1400x1050
9999984_00000_d_0000146,1400,1050,1400x1050
9999984_00000_d_0000147,1400,1050,1400x1050
9999984_00000_d_0000148,1400,1050,1400x1050
9999984_00000_d_0000149,1400,1050,1400x1050
9999984_00000_d_0000150,1400,1050,1400x1050
9999984_00000_d_0000151,1400,1050,1400x1050
9999984_00000_d_0000152,1400,1050,1400x1050
9999984_00000_d_0000153,1400,1050,1400x1050
9999984_00000_d_0000154,1400,1050,1400x1050
9999984_00000_d_0000155,1400,1050,1400x1050
9999984_00000_d_0000156,1400,1050,1400x1050
9999984_00000_d_0000157,1400,1050,1400x1050
9999984_00000_d_0000158,1400,1050,1400x1050
9999984_00000_d_0000159,1400,1050,1400x1050
9999984_00000_d_0000160,1400,1050,1400x1050
9999984_00000_d_0000161,1400,1050,1400x1050
9999984_00000_d_0000162,1400,1050,1400x1050
9999984_00000_d_0000163,1400,1050,1400x1050
9999984_00000_d_0000164,1400,1050,1400x1050
9999984_00000_d_0000165,1400,1050,1400x1050
9999984_00000_d_0000166,1400,1050,1400x1050
9999984_00000_d_0000167,1400,1050,1400x1050
9999984_00000_d_0000168,1400,1050,1400x1050
9999984_00000_d_0000169,1400,1050,1400x1050
9999984_00000_d_0000170,1400,1050,1400x1050
9999984_00000_d_0000171,1400,1050,1400x1050
9999984_00000_d_0000172,1400,1050,1400x1050
9999984_00000_d_0000173,1400,1050,1400x1050
9999984_00000_d_0000174,1400,1050,1400x1050
9999984_00000_d_0000175,1400,1050,1400x1050
9999985_00000_d_0000001,1400,1050,1400x1050
9999985_00000_d_0000002,1400,1050,1400x1050
9999985_00000_d_0000003,1400,1050,1400x1050
9999985_00000_d_0000004,1400,1050,1400x1050
9999985_00000_d_0000005,1400,1050,1400x1050
9999985_00000_d_0000006,1400,1050,1400x1050
9999985_00000_d_0000007,1400,1050,1400x1050
9999985_00000_d_0000008,1400,1050,1400x1050
9999985_00000_d_0000009,1400,1050,1400x1050
9999985_00000_d_0000010,1400,1050,1400x1050
9999985_00000_d_0000011,1400,1050,1400x1050
9999985_00000_d_0000012,1400,1050,1400x1050
9999985_00000_d_0000013,1400,1050,1400x1050
9999985_00000_d_0000014,1400,1050,1400x1050
9999985_00000_d_0000015,1400,1050,1400x1050
9999985_00000_d_0000016,1400,1050,1400x1050
9999985_00000_d_0000017,1400,1050,1400x1050
9999985_00000_d_0000018,1400,1050,1400x1050
9999985_00000_d_0000019,1400,1050,1400x1050
9999985_00000_d_0000020,1400,1050,1400x1050
9999985_00000_d_0000021,1400,1050,1400x1050
9999985_00000_d_0000022,1400,1050,1400x1050
9999985_00000_d_0000023,1400,1050,1400x1050
9999985_00000_d_0000024,1400,1050,1400x1050
9999985_00000_d_0000025,1400,1050,1400x1050
9999985_00000_d_0000026,1400,1050,1400x1050
9999985_00000_d_0000027,1400,1050,1400x1050
9999985_00000_d_0000028,1400,1050,1400x1050
9999985_00000_d_0000029,1400,1050,1400x1050
9999985_00000_d_0000030,1400,1050,1400x1050
9999985_00000_d_0000031,1400,1050,1400x1050
9999985_00000_d_0000032,1400,1050,1400x1050
9999985_00000_d_0000033,1400,1050,1400x1050
9999985_00000_d_0000034,1400,1050,1400x1050
9999985_00000_d_0000035,1400,1050,1400x1050
9999985_00000_d_0000036,1400,1050,1400x1050
9999985_00000_d_0000037,1400,1050,1400x1050
9999985_00000_d_0000038,1400,1050,1400x1050
9999985_00000_d_0000039,1400,1050,1400x1050
9999985_00000_d_0000040,1400,1050,1400x1050
9999985_00000_d_0000041,1400,1050,1400x1050
9999985_00000_d_0000042,1400,1050,1400x1050
9999985_00000_d_0000043,1400,1050,1400x1050
9999985_00000_d_0000044,1400,1050,1400x1050
9999985_00000_d_0000045,1400,1050,1400x1050
9999985_00000_d_0000046,1400,1050,1400x1050
9999985_00000_d_0000047,1400,1050,1400x1050
9999985_00000_d_0000048,1400,1050,1400x1050
9999985_00000_d_0000049,1400,1050,1400x1050
9999985_00000_d_0000050,1400,1050,1400x1050
9999985_00000_d_0000051,1400,1050,1400x1050
9999985_00000_d_0000052,1400,1050,1400x1050
9999985_00000_d_0000053,1400,1050,1400x1050
9999985_00000_d_0000054,1400,1050,1400x1050
9999985_00000_d_0000055,1400,1050,1400x1050
9999985_00000_d_0000056,1400,1050,1400x1050
9999985_00000_d_0000057,1400,1050,1400x1050
9999985_00000_d_0000058,1400,1050,1400x1050
9999985_00000_d_0000059,1400,1050,1400x1050
9999985_00000_d_0000060,1400,1050,1400x1050
9999985_00000_d_0000061,1400,1050,1400x1050
9999985_00000_d_0000062,1400,1050,1400x1050
9999985_00000_d_0000063,1400,1050,1400x1050
9999985_00000_d_0000064,1400,1050,1400x1050
9999985_00000_d_0000065,1400,1050,1400x1050
9999985_00000_d_0000066,1400,1050,1400x1050
9999985_00000_d_0000067,1400,1050,1400x1050
9999985_00000_d_0000068,1400,1050,1400x1050
9999985_00000_d_0000069,1400,1050,1400x1050
9999985_00000_d_0000070,1400,1050,1400x1050
9999985_00000_d_0000071,1400,1050,1400x1050
9999985_00000_d_0000072,1400,1050,1400x1050
9999985_00000_d_0000073,1400,1050,1400x1050
9999985_00000_d_0000074,1400,1050,1400x1050
9999985_00000_d_0000075,1400,1050,1400x1050
9999985_00000_d_0000076,1400,1050,1400x1050
9999985_00000_d_0000077,1400,1050,1400x1050
9999985_00000_d_0000078,1400,1050,1400x1050
9999985_00000_d_0000079,1400,1050,1400x1050
9999987_00000_d_0000001,1400,1050,1400x1050
9999987_00000_d_0000002,1400,1050,1400x1050
9999987_00000_d_0000003,1400,1050,1400x1050
9999987_00000_d_0000004,1400,1050,1400x1050
9999987_00000_d_0000005,1400,1050,1400x1050
9999987_00000_d_0000006,1400,1050,1400x1050
9999987_00000_d_0000007,1400,1050,1400x1050
9999987_00000_d_0000008,1400,1050,1400x1050
9999987_00000_d_0000009,1400,1050,1400x1050
9999987_00000_d_0000010,1400,1050,1400x1050
9999987_00000_d_0000011,1400,1050,1400x1050
9999987_00000_d_0000012,1400,1050,1400x1050
9999987_00000_d_0000013,1400,1050,1400x1050
9999987_00000_d_0000014,1400,1050,1400x1050
9999987_00000_d_0000015,1400,1050,1400x1050
9999987_00000_d_0000016,1400,1050,1400x1050
9999987_00000_d_0000017,1400,1050,1400x1050
9999987_00000_d_0000018,1400,1050,1400x1050
9999987_00000_d_0000019,1400,1050,1400x1050
9999987_00000_d_0000020,1400,1050,1400x1050
9999987_00000_d_0000021,1400,1050,1400x1050
9999987_00000_d_0000022,1400,1050,1400x1050
9999987_00000_d_0000023,1400,1050,1400x1050
9999987_00000_d_0000024,1400,1050,1400x1050
9999987_00000_d_0000025,1400,1050,1400x1050
9999987_00000_d_0000026,1400,1050,1400x1050
9999987_00000_d_0000027,1400,1050,1400x1050
9999987_00000_d_0000028,1400,1050,1400x1050
9999987_00000_d_0000029,1400,1050,1400x1050
9999987_00000_d_0000030,1400,1050,1400x1050
9999987_00000_d_0000031,1400,1050,1400x1050
9999987_00000_d_0000032,1400,1050,1400x1050
9999987_00000_d_0000033,1400,1050,1400x1050
9999987_00000_d_0000034,1400,1050,1400x1050
9999987_00000_d_0000035,1400,1050,1400x1050
9999987_00000_d_0000036,1400,1050,1400x1050
9999987_00000_d_0000037,1400,1050,1400x1050
9999987_00000_d_0000038,1400,1050,1400x1050
9999987_00000_d_0000039,1400,1050,1400x1050
9999987_00000_d_0000040,1400,1050,1400x1050
9999987_00000_d_0000041,1400,1050,1400x1050
9999987_00000_d_0000042,1400,1050,1400x1050
9999987_00000_d_0000043,1400,1050,1400x1050
9999987_00000_d_0000044,1400,1050,1400x1050
9999987_00000_d_0000045,1400,1050,1400x1050
9999987_00000_d_0000046,1400,1050,1400x1050
9999987_00000_d_0000047,1400,1050,1400x1050
9999987_00000_d_0000048,1400,1050,1400x1050
9999987_00000_d_0000049,1400,1050,1400x1050
9999987_00000_d_0000050,1400,1050,1400x1050
9999987_00000_d_0000051,1400,1050,1400x1050
9999987_00000_d_0000052,1400,1050,1400x1050
9999987_00000_d_0000053,1400,1050,1400x1050
9999987_00000_d_0000054,1400,1050,1400x1050
9999987_00000_d_0000055,1400,1050,1400x1050
9999987_00000_d_0000056,1400,1050,1400x1050
9999987_00000_d_0000057,1400,1050,1400x1050
9999987_00000_d_0000058,1400,1050,1400x1050
9999987_00000_d_0000059,1400,1050,1400x1050
9999987_00000_d_0000060,1400,1050,1400x1050
9999987_00000_d_0000061,1400,1050,1400x1050
9999987_00000_d_0000062,1400,1050,1400x1050
9999987_00000_d_0000063,1400,1050,1400x1050
9999987_00000_d_0000064,1400,1050,1400x1050
9999987_00000_d_0000065,1400,1050,1400x1050
9999987_00000_d_0000066,1400,1050,1400x1050
9999987_00000_d_0000069,1400,1050,1400x1050
9999987_00000_d_0000070,1400,1050,1400x1050
9999987_00000_d_1008235,1400,1050,1400x1050
9999987_00000_d_1008236,1400,1050,1400x1050
9999989_00000_d_0000001,1400,1050,1400x1050
9999989_00000_d_0000002,1400,1050,1400x1050
9999989_00000_d_0000003,1400,1050,1400x1050
9999989_00000_d_0000004,1400,1050,1400x1050
9999989_00000_d_0000005,1400,1050,1400x1050
9999989_00000_d_0000006,1400,1050,1400x1050
9999989_00000_d_0000007,1400,1050,1400x1050
9999989_00000_d_0000008,1400,1050,1400x1050
9999989_00000_d_0000009,1400,1050,1400x1050
9999989_00000_d_0000010,1400,1050,1400x1050
9999989_00000_d_0000011,1400,1050,1400x1050
9999989_00000_d_0000012,1400,1050,1400x1050
9999989_00000_d_0000013,1400,1050,1400x1050
9999990_00000_d_0000001,1400,1050,1400x1050
9999990_00000_d_0000002,1400,1050,1400x1050
9999990_00000_d_0000003,1400,1050,1400x1050
9999990_00000_d_0000004,1400,1050,1400x1050
9999990_00000_d_0000005,1400,1050,1400x1050
9999990_00000_d_0000006,1400,1050,1400x1050
9999990_00000_d_0000007,1400,1050,1400x1050
9999990_00000_d_0000008,1400,1050,1400x1050
9999990_00000_d_0000009,1400,1050,1400x1050
9999990_00000_d_0000010,1400,1050,1400x1050
9999990_00000_d_0000011,1400,1050,1400x1050
9999990_00000_d_0000012,1400,1050,1400x1050
9999990_00000_d_0000013,1400,1050,1400x1050
9999990_00000_d_0000014,1400,1050,1400x1050
9999990_00000_d_0000015,1400,1050,1400x1050
9999990_00000_d_0000016,1400,1050,1400x1050
9999990_00000_d_0000017,1400,1050,1400x1050
9999990_00000_d_0000018,1400,1050,1400x1050
9999990_00000_d_0000019,1400,1050,1400x1050
9999990_00000_d_0000020,1400,1050,1400x1050
9999990_00000_d_0000021,1400,1050,1400x1050
9999990_00000_d_0000022,1400,1050,1400x1050
9999990_00000_d_0000023,1400,1050,1400x1050
9999990_00000_d_0000024,1400,1050,1400x1050
9999990_00000_d_0000025,1400,1050,1400x1050
9999990_00000_d_0000026,1400,1050,1400x1050
9999990_00000_d_0000027,1400,1050,1400x1050
9999990_00000_d_0000028,1400,1050,1400x1050
9999990_00000_d_0000029,1400,1050,1400x1050
9999990_00000_d_0000030,1400,1050,1400x1050
9999990_00000_d_0000031,1400,1050,1400x1050
9999990_00000_d_0000032,1400,1050,1400x1050
9999990_00000_d_0000033,1400,1050,1400x1050
9999990_00000_d_0000034,1400,1050,1400x1050
9999990_00000_d_0000035,1400,1050,1400x1050
9999990_00000_d_0000036,1400,1050,1400x1050
9999990_00000_d_0000037,1400,1050,1400x1050
9999990_00000_d_0000038,1400,1050,1400x1050
9999990_00000_d_0000039,1400,1050,1400x1050
9999990_00000_d_0000040,1400,1050,1400x1050
9999990_00000_d_0000041,1400,1050,1400x1050
9999990_00000_d_0000042,1400,1050,1400x1050
9999990_00000_d_0000043,1400,1050,1400x1050
9999990_00000_d_0000044,1400,1050,1400x1050
9999990_00000_d_0000045,1400,1050,1400x1050
9999990_00000_d_0000046,1400,1050,1400x1050
9999990_00000_d_0000047,1400,1050,1400x1050
9999990_00000_d_0000048,1400,1050,1400x1050
9999990_00000_d_0000049,1400,1050,1400x1050
9999990_00000_d_0000050,1400,1050,1400x1050
9999990_00000_d_0000051,1400,1050,1400x1050
9999990_00000_d_0000052,1400,1050,1400x1050
9999990_00000_d_0000053,1400,1050,1400x1050
9999990_00000_d_0000054,1400,1050,1400x1050
9999990_00000_d_0000055,1400,1050,1400x1050
9999990_00000_d_0000056,1400,1050,1400x1050
9999990_00000_d_0000057,1400,1050,1400x1050
9999990_00000_d_0000058,1400,1050,1400x1050
9999990_00000_d_0000059,1400,1050,1400x1050
9999990_00000_d_0000060,1400,1050,1400x1050
9999990_00000_d_0000061,1400,1050,1400x1050
9999990_00000_d_0000062,1400,1050,1400x1050
9999990_00000_d_0000063,1400,1050,1400x1050
9999990_00000_d_0000064,1400,1050,1400x1050
9999990_00000_d_0000065,1400,1050,1400x1050
9999990_00000_d_0000066,1400,1050,1400x1050
9999990_00000_d_0000067,1400,1050,1400x1050
9999990_00000_d_0000068,1400,1050,1400x1050
9999990_00000_d_0000069,1400,1050,1400x1050
9999990_00000_d_0000070,1400,1050,1400x1050
9999990_00000_d_0000071,1400,1050,1400x1050
9999990_00000_d_0000072,1400,1050,1400x1050
9999990_00000_d_0000073,1400,1050,1400x1050
9999990_00000_d_0000074,1400,1050,1400x1050
9999990_00000_d_0000075,1400,1050,1400x1050
9999990_00000_d_0000076,1400,1050,1400x1050
9999990_00000_d_0000077,1400,1050,1400x1050
9999990_00000_d_0000078,1400,1050,1400x1050
9999990_00000_d_0000079,1400,1050,1400x1050
9999990_00000_d_0000080,1400,1050,1400x1050
9999990_00000_d_0000081,1400,1050,1400x1050
9999991_00000_d_0000001,1400,1050,1400x1050
9999991_00000_d_0000002,1400,1050,1400x1050
9999991_00000_d_0000003,1400,1050,1400x1050
9999991_00000_d_0000004,1400,1050,1400x1050
9999991_00000_d_0000005,1400,1050,1400x1050
9999991_00000_d_0000006,1400,1050,1400x1050
9999991_00000_d_0000007,1400,1050,1400x1050
9999991_00000_d_0000008,1400,1050,1400x1050
9999991_00000_d_0000009,1400,1050,1400x1050
9999991_00000_d_0000010,1400,1050,1400x1050
9999991_00000_d_0000011,1400,1050,1400x1050
9999991_00000_d_0000012,1400,1050,1400x1050
9999991_00000_d_0000013,1400,1050,1400x1050
9999991_00000_d_0000014,1400,1050,1400x1050
9999991_00000_d_0000015,1400,1050,1400x1050
9999991_00000_d_0000016,1400,1050,1400x1050
9999991_00000_d_0000017,1400,1050,1400x1050
9999991_00000_d_0000018,1400,1050,1400x1050
9999991_00000_d_0000019,1400,1050,1400x1050
9999991_00000_d_0000020,1400,1050,1400x1050
9999991_00000_d_0000021,1400,1050,1400x1050
9999991_00000_d_0000022,1400,1050,1400x1050
9999991_00000_d_0000023,1400,1050,1400x1050
9999991_00000_d_0000024,1400,1050,1400x1050
9999991_00000_d_0000025,1400,1050,1400x1050
9999991_00000_d_0000026,1400,1050,1400x1050
9999991_00000_d_0000027,1400,1050,1400x1050
9999991_00000_d_0000030,1400,1050,1400x1050
9999991_00000_d_0000031,1400,1050,1400x1050
9999991_00000_d_0000032,1400,1050,1400x1050
9999991_00000_d_0000033,1400,1050,1400x1050
9999991_00000_d_0000034,1400,1050,1400x1050
9999991_00000_d_0000035,1400,1050,1400x1050
9999994_00000_d_0000001,1400,1050,1400x1050
9999994_00000_d_0000002,1400,1050,1400x1050
9999994_00000_d_0000003,1400,1050,1400x1050
9999994_00000_d_0000004,1400,1050,1400x1050
9999994_00000_d_0000005,1400,1050,1400x1050
9999994_00000_d_0000006,1400,1050,1400x1050
9999994_00000_d_0000007,1400,1050,1400x1050
9999994_00000_d_0000008,1400,1050,1400x1050
9999994_00000_d_0000009,1400,1050,1400x1050
9999994_00000_d_0000010,1400,1050,1400x1050
9999994_00000_d_0000011,1400,1050,1400x1050
9999994_00000_d_0000012,1400,1050,1400x1050
9999994_00000_d_0000013,1400,1050,1400x1050
9999994_00000_d_0000014,1400,1050,1400x1050
9999994_00000_d_0000015,1400,1050,1400x1050
9999994_00000_d_0000016,1400,1050,1400x1050
9999994_00000_d_0000017,1400,1050,1400x1050
9999994_00000_d_0000018,1400,1050,1400x1050
9999994_00000_d_0000019,1400,1050,1400x1050
9999994_00000_d_0000020,1400,1050,1400x1050
9999994_00000_d_0000021,1400,1050,1400x1050
9999994_00000_d_0000022,1400,1050,1400x1050
9999994_00000_d_0000023,1400,1050,1400x1050
9999994_00000_d_0000024,1400,1050,1400x1050
9999994_00000_d_0000025,1400,1050,1400x1050
9999994_00000_d_0000026,1400,1050,1400x1050
9999994_00000_d_0000027,1400,1050,1400x1050
9999994_00000_d_0000028,1400,1050,1400x1050
9999994_00000_d_0000029,1400,1050,1400x1050
9999994_00000_d_0000030,1400,1050,1400x1050
9999994_00000_d_0000031,1400,1050,1400x1050
9999994_00000_d_0000032,1400,1050,1400x1050
9999994_00000_d_0000033,1400,1050,1400x1050
9999994_00000_d_0000034,1400,1050,1400x1050
9999994_00000_d_0000035,1400,1050,1400x1050
9999994_00000_d_0000036,1400,1050,1400x1050
9999994_00000_d_0000037,1400,1050,1400x1050
9999994_00000_d_0000038,1400,1050,1400x1050
9999994_00000_d_0000039,1400,1050,1400x1050
9999994_00000_d_0000040,1400,1050,1400x1050
9999994_00000_d_0000041,1400,1050,1400x1050
9999994_00000_d_0000042,1400,1050,1400x1050
9999994_00000_d_0000043,1400,1050,1400x1050
9999994_00000_d_0000044,1400,1050,1400x1050
9999994_00000_d_0000045,1400,1050,1400x1050
9999994_00000_d_0000046,1400,1050,1400x1050
9999994_00000_d_0000047,1400,1050,1400x1050
9999994_00000_d_0000048,1400,1050,1400x1050
9999994_00000_d_0000049,1400,1050,1400x1050
9999994_00000_d_0000050,1400,1050,1400x1050
9999994_00000_d_0000051,1400,1050,1400x1050
9999994_00000_d_0000052,1400,1050,1400x1050
9999994_00000_d_0000053,1400,1050,1400x1050
9999994_00000_d_0000054,1400,1050,1400x1050
9999994_00000_d_0000055,1400,1050,1400x1050
9999994_00000_d_0000056,1400,1050,1400x1050
9999994_00000_d_0000057,1400,1050,1400x1050
9999994_00000_d_0000058,1400,1050,1400x1050
9999994_00000_d_0000059,1400,1050,1400x1050
9999994_00000_d_0000060,1400,1050,1400x1050
9999994_00000_d_0000061,1400,1050,1400x1050
9999994_00000_d_0000062,1400,1050,1400x1050
9999994_00000_d_0000063,1400,1050,1400x1050
9999994_00000_d_0000064,1400,1050,1400x1050
9999994_00000_d_0000065,1400,1050,1400x1050
9999994_00000_d_0000066,1400,1050,1400x1050
9999994_00000_d_0000067,1400,1050,1400x1050
9999994_00000_d_0000068,1400,1050,1400x1050
9999994_00000_d_0000069,1400,1050,1400x1050
9999994_00000_d_0000070,1400,1050,1400x1050
9999994_00000_d_0000071,1400,1050,1400x1050
9999994_00000_d_0000072,1400,1050,1400x1050
9999994_00000_d_0000073,1400,1050,1400x1050
9999994_00000_d_0000074,1400,1050,1400x1050
9999994_00000_d_0000075,1400,1050,1400x1050
9999994_00000_d_0000076,1400,1050,1400x1050
9999994_00000_d_0000077,1400,1050,1400x1050
9999994_00000_d_0000078,1400,1050,1400x1050
9999994_00000_d_0000079,1400,1050,1400x1050
9999994_00000_d_0000080,1400,1050,1400x1050
9999994_00000_d_0000081,1400,1050,1400x1050
9999994_00000_d_0000082,1400,1050,1400x1050
9999994_00000_d_0000083,1400,1050,1400x1050
9999994_00000_d_0000084,1400,1050,1400x1050
9999994_00000_d_0000085,1400,1050,1400x1050
9999994_00000_d_0000086,1400,1050,1400x1050
9999994_00000_d_0000087,1400,1050,1400x1050
9999994_00000_d_0000088,1400,1050,1400x1050
9999994_00000_d_0000089,1400,1050,1400x1050
9999994_00000_d_0000090,1400,1050,1400x1050
9999994_00000_d_0000091,1400,1050,1400x1050
9999994_00000_d_0000092,1400,1050,1400x1050
9999994_00000_d_0000093,1400,1050,1400x1050
9999994_00000_d_0000094,1400,1050,1400x1050
9999994_00000_d_0000095,1400,1050,1400x1050
9999994_00000_d_0000096,1400,1050,1400x1050
9999994_00000_d_0000097,1400,1050,1400x1050
9999994_00000_d_0000098,1400,1050,1400x1050
9999994_00000_d_0000099,1400,1050,1400x1050
9999994_00000_d_0000100,1400,1050,1400x1050
9999994_00000_d_0000101,1400,1050,1400x1050
9999994_00000_d_0000102,1400,1050,1400x1050
9999994_00000_d_0000103,1400,1050,1400x1050
9999994_00000_d_0000104,1400,1050,1400x1050
9999994_00000_d_0000105,1400,1050,1400x1050
9999994_00000_d_0000106,1400,1050,1400x1050
9999994_00000_d_0000107,1400,1050,1400x1050
9999994_00000_d_0000108,1400,1050,1400x1050
9999994_00000_d_0000109,1400,1050,1400x1050
9999994_00000_d_0000110,1400,1050,1400x1050
9999994_00000_d_0000111,1400,1050,1400x1050
9999994_00000_d_0000112,1400,1050,1400x1050
9999994_00000_d_0000113,1400,1050,1400x1050
9999994_00000_d_0000114,1400,1050,1400x1050
9999994_00000_d_0000115,1400,1050,1400x1050
9999994_00000_d_0000116,1400,1050,1400x1050
9999994_00000_d_0000117,1400,1050,1400x1050
9999994_00000_d_0000118,1400,1050,1400x1050
9999994_00000_d_0000119,1400,1050,1400x1050
9999997_00000_d_0000001,1400,1050,1400x1050
9999997_00000_d_0000002,1400,1050,1400x1050
9999997_00000_d_0000003,1400,1050,1400x1050
9999997_00000_d_0000004,1400,1050,1400x1050
9999997_00000_d_0000005,1400,1050,1400x1050
9999997_00000_d_0000006,1400,1050,1400x1050
9999997_00000_d_0000007,1400,1050,1400x1050
9999997_00000_d_0000008,1400,1050,1400x1050
9999997_00000_d_0000009,1400,1050,1400x1050
9999997_00000_d_0000010,1400,1050,1400x1050
9999997_00000_d_0000011,1400,1050,1400x1050
9999997_00000_d_0000012,1400,1050,1400x1050
9999997_00000_d_0000013,1400,1050,1400x1050
9999997_00000_d_0000014,1400,1050,1400x1050
9999997_00000_d_0000015,1400,1050,1400x1050
9999997_00000_d_0000016,1400,1050,1400x1050
9999997_00000_d_0000017,1400,1050,1400x1050
9999997_00000_d_0000018,1400,1050,1400x1050
9999997_00000_d_0000019,1400,1050,1400x1050
9999997_00000_d_0000020,1400,1050,1400x1050
9999997_00000_d_0000021,1400,1050,1400x1050
9999997_00000_d_0000022,1400,1050,1400x1050
9999997_00000_d_0000023,1400,1050,1400x1050
9999997_00000_d_0000024,1400,1050,1400x1050
9999997_00000_d_0000025,1400,1050,1400x1050
9999997_00000_d_0000026,1400,1050,1400x1050
9999997_00000_d_0000027,1400,1050,1400x1050
9999997_00000_d_0000028,1400,1050,1400x1050
9999997_00000_d_0000029,1400,1050,1400x1050
9999997_00000_d_0000030,1400,1050,1400x1050
9999997_00000_d_0000031,1400,1050,1400x1050
9999997_00000_d_0000032,1400,1050,1400x1050
9999997_00000_d_0000033,1400,1050,1400x1050
9999997_00000_d_0000034,1400,1050,1400x1050
9999997_00000_d_0000035,1400,1050,1400x1050
9999997_00000_d_0000036,1400,1050,1400x1050
9999997_00000_d_0000037,1400,1050,1400x1050
9999997_00000_d_0000038,1400,1050,1400x1050
9999997_00000_d_0000039,1400,1050,1400x1050
9999997_00000_d_0000040,1400,1050,1400x1050
9999997_00000_d_0000041,1400,1050,1400x1050
9999997_00000_d_0000042,1400,1050,1400x1050
9999997_00000_d_0000043,1400,1050,1400x1050
9999997_00000_d_0000044,1400,1050,1400x1050
9999997_00000_d_0000045,1400,1050,1400x1050
9999997_00000_d_0000046,1400,1050,1400x1050
9999997_00000_d_0000047,1400,1050,1400x1050
9999997_00000_d_0000048,1400,1050,1400x1050
9999997_00000_d_0000049,1400,1050,1400x1050
9999997_00000_d_0000050,1400,1050,1400x1050
9999997_00000_d_0000051,1400,1050,1400x1050
9999997_00000_d_0000052,1400,1050,1400x1050
9999997_00000_d_0000053,1400,1050,1400x1050
9999997_00000_d_0000054,1400,1050,1400x1050
9999997_00000_d_0000055,1400,1050,1400x1050
9999997_00000_d_0000056,1400,1050,1400x1050
9999997_00000_d_0000057,1400,1050,1400x1050
9999997_00000_d_0000058,1400,1050,1400x1050
9999997_00000_d_0000059,1400,1050,1400x1050
9999997_00000_d_0000060,1400,1050,1400x1050
9999997_00000_d_0000061,1400,1050,1400x1050
9999997_00000_d_0000062,1400,1050,1400x1050
9999997_00000_d_0000063,1400,1050,1400x1050
9999997_00000_d_0000064,1400,1050,1400x1050
9999997_00000_d_0000065,1400,1050,1400x1050
9999997_00000_d_0000066,1400,1050,1400x1050
9999997_00000_d_0000067,1400,1050,1400x1050
9999997_00000_d_0000068,1400,1050,1400x1050
9999997_00000_d_0000069,1400,1050,1400x1050
9999997_00000_d_0000070,1400,1050,1400x1050
9999998_00002_d_0000001,2000,1500,2000x1500
9999998_00003_d_0000002,2000,1500,2000x1500
9999998_00004_d_0000003,2000,1500,2000x1500
9999998_00005_d_0000004,2000,1500,2000x1500
9999998_00006_d_0000005,2000,1500,2000x1500
9999998_00009_d_0000006,2000,1500,2000x1500
9999998_00010_d_0000007,2000,1500,2000x1500
9999998_00011_d_0000008,2000,1500,2000x1500
9999998_00012_d_0000009,2000,1500,2000x1500
9999998_00014_d_0000010,2000,1500,2000x1500
9999998_00015_d_0000011,2000,1500,2000x1500
9999998_00016_d_0000012,2000,1500,2000x1500
9999998_00017_d_0000013,2000,1500,2000x1500
9999998_00022_d_0000016,2000,1500,2000x1500
9999998_00023_d_0000017,2000,1500,2000x1500
9999998_00025_d_0000018,2000,1500,2000x1500
9999998_00026_d_0000019,2000,1500,2000x1500
9999998_00027_d_0000020,2000,1500,2000x1500
9999998_00028_d_0000021,2000,1500,2000x1500
9999998_00029_d_0000022,2000,1500,2000x1500
9999998_00030_d_0000023,2000,1500,2000x1500
9999998_00031_d_0000024,2000,1500,2000x1500
9999998_00032_d_0000025,2000,1500,2000x1500
9999998_00033_d_0000026,2000,1500,2000x1500
9999998_00036_d_0000029,2000,1500,2000x1500
9999998_00038_d_0000030,2000,1500,2000x1500
9999998_00039_d_0000031,2000,1500,2000x1500
9999998_00040_d_0000032,2000,1500,2000x1500
9999998_00041_d_0000033,2000,1500,2000x1500
9999998_00043_d_0000034,2000,1500,2000x1500
9999998_00045_d_0000035,2000,1500,2000x1500
9999998_00046_d_0000036,2000,1500,2000x1500
9999998_00047_d_0000037,2000,1500,2000x1500
9999998_00048_d_0000038,2000,1500,2000x1500
9999998_00049_d_0000039,2000,1500,2000x1500
9999998_00050_d_0000040,2000,1500,2000x1500
9999998_00058_d_0000044,2000,1500,2000x1500
9999998_00059_d_0000045,2000,1500,2000x1500
9999998_00060_d_0000046,2000,1500,2000x1500
9999998_00061_d_0000047,2000,1500,2000x1500
9999998_00062_d_0000048,2000,1500,2000x1500
9999998_00064_d_0000049,2000,1500,2000x1500
9999998_00065_d_0000050,2000,1500,2000x1500
9999998_00066_d_0000051,2000,1500,2000x1500
9999998_00067_d_0000052,2000,1500,2000x1500
9999998_00068_d_0000053,2000,1500,2000x1500
9999998_00069_d_0000054,2000,1500,2000x1500
9999998_00070_d_0000055,2000,1500,2000x1500
9999998_00071_d_0000056,2000,1500,2000x1500
9999998_00072_d_0000057,2000,1500,2000x1500
9999998_00073_d_0000058,2000,1500,2000x1500
9999998_00074_d_0000059,2000,1500,2000x1500
9999998_00075_d_0000060,2000,1500,2000x1500
9999998_00076_d_0000061,2000,1500,2000x1500
9999998_00077_d_0000062,2000,1500,2000x1500
9999998_00078_d_0000063,2000,1500,2000x1500
9999998_00079_d_0000064,2000,1500,2000x1500
9999998_00080_d_0000065,2000,1500,2000x1500
9999998_00081_d_0000066,2000,1500,2000x1500
9999998_00083_d_0000067,2000,1500,2000x1500
9999998_00084_d_0000068,2000,1500,2000x1500
9999998_00085_d_0000069,2000,1500,2000x1500
9999998_00086_d_0000070,2000,1500,2000x1500
9999998_00087_d_0000071,2000,1500,2000x1500
9999998_00088_d_0000072,2000,1500,2000x1500
9999998_00090_d_0000073,2000,1500,2000x1500
9999998_00093_d_0000074,2000,1500,2000x1500
9999998_00095_d_0000075,2000,1500,2000x1500
9999998_00096_d_0000076,2000,1500,2000x1500
9999998_00097_d_0000077,2000,1500,2000x1500
9999998_00100_d_0000080,2000,1500,2000x1500
9999998_00102_d_0000081,2000,1500,2000x1500
9999998_00104_d_0000082,2000,1500,2000x1500
9999998_00105_d_0000083,2000,1500,2000x1500
9999998_00106_d_0000084,2000,1500,2000x1500
9999998_00107_d_0000085,2000,1500,2000x1500
9999998_00108_d_0000086,2000,1500,2000x1500
9999998_00109_d_0000087,2000,1500,2000x1500
9999998_00110_d_0000088,2000,1500,2000x1500
9999998_00111_d_0000089,2000,1500,2000x1500
9999998_00112_d_0000090,2000,1500,2000x1500
9999998_00113_d_0000091,2000,1500,2000x1500
9999998_00114_d_0000092,2000,1500,2000x1500
9999998_00115_d_0000093,2000,1500,2000x1500
9999998_00116_d_0000094,2000,1500,2000x1500
9999998_00117_d_0000095,2000,1500,2000x1500
9999998_00118_d_0000096,2000,1500,2000x1500
9999998_00119_d_0000097,2000,1500,2000x1500
9999998_00120_d_0000098,2000,1500,2000x1500
9999998_00122_d_0000100,2000,1500,2000x1500
9999998_00125_d_0000103,2000,1500,2000x1500
9999998_00126_d_0000104,2000,1500,2000x1500
9999998_00127_d_0000105,2000,1500,2000x1500
9999998_00128_d_0000106,2000,1500,2000x1500
9999998_00129_d_0000107,2000,1500,2000x1500
9999998_00130_d_0000108,2000,1500,2000x1500
9999998_00131_d_0000109,2000,1500,2000x1500
9999998_00132_d_0000110,2000,1500,2000x1500
9999998_00133_d_0000111,2000,1500,2000x1500
9999998_00135_d_0000113,2000,1500,2000x1500
9999998_00136_d_0000114,2000,1500,2000x1500
9999998_00137_d_0000115,2000,1500,2000x1500
9999998_00138_d_0000116,2000,1500,2000x1500
9999998_00139_d_0000117,2000,1500,2000x1500
9999998_00141_d_0000118,2000,1500,2000x1500
9999998_00142_d_0000119,2000,1500,2000x1500
9999998_00143_d_0000120,2000,1500,2000x1500
9999998_00145_d_0000121,2000,1500,2000x1500
9999998_00146_d_0000122,2000,1500,2000x1500
9999998_00147_d_0000123,2000,1500,2000x1500
9999998_00148_d_0000124,2000,1500,2000x1500
9999998_00151_d_0000127,2000,1500,2000x1500
9999998_00152_d_0000128,2000,1500,2000x1500
9999998_00153_d_0000129,2000,1500,2000x1500
9999998_00154_d_0000130,2000,1500,2000x1500
9999998_00155_d_0000131,2000,1500,2000x1500
9999998_00156_d_0000132,2000,1500,2000x1500
9999998_00157_d_0000133,2000,1500,2000x1500
9999998_00159_d_0000134,2000,1500,2000x1500
9999998_00160_d_0000135,2000,1500,2000x1500
9999998_00161_d_0000136,2000,1500,2000x1500
9999998_00164_d_0000138,2000,1500,2000x1500
9999998_00171_d_0000140,2000,1500,2000x1500
9999998_00177_d_0000142,2000,1500,2000x1500
9999998_00178_d_0000143,2000,1500,2000x1500
9999998_00179_d_0000144,2000,1500,2000x1500
9999998_00180_d_0000145,2000,1500,2000x1500
9999998_00182_d_0000146,2000,1500,2000x1500
9999998_00183_d_0000147,2000,1500,2000x1500
9999998_00184_d_0000148,2000,1500,2000x1500
9999998_00185_d_0000149,2000,1500,2000x1500
9999998_00187_d_0000150,2000,1500,2000x1500
9999998_00188_d_0000151,2000,1500,2000x1500
9999998_00189_d_0000152,2000,1500,2000x1500
9999998_00190_d_0000153,2000,1500,2000x1500
9999998_00191_d_0000154,2000,1500,2000x1500
9999998_00194_d_0000155,2000,1500,2000x1500
9999998_00195_d_0000156,2000,1500,2000x1500
9999998_00196_d_0000157,2000,1500,2000x1500
9999998_00198_d_0000158,2000,1500,2000x1500
9999998_00202_d_0000159,2000,1500,2000x1500
9999998_00203_d_0000160,2000,1500,2000x1500
9999998_00204_d_0000161,2000,1500,2000x1500
9999998_00205_d_0000162,2000,1500,2000x1500
9999998_00206_d_0000163,2000,1500,2000x1500
9999998_00207_d_0000164,2000,1500,2000x1500
9999998_00208_d_0000165,2000,1500,2000x1500
9999998_00209_d_0000166,2000,1500,2000x1500
9999998_00210_d_0000167,2000,1500,2000x1500
9999998_00211_d_0000168,2000,1500,2000x1500
9999998_00212_d_0000169,2000,1500,2000x1500
9999998_00214_d_0000170,2000,1500,2000x1500
9999998_00215_d_0000171,2000,1500,2000x1500
9999998_00216_d_0000172,2000,1500,2000x1500
9999998_00217_d_0000173,2000,1500,2000x1500
9999998_00218_d_0000174,2000,1500,2000x1500
9999998_00219_d_0000175,2000,1500,2000x1500
9999998_00220_d_0000176,2000,1500,2000x1500
9999998_00221_d_0000177,2000,1500,2000x1500
9999998_00222_d_0000178,2000,1500,2000x1500
9999998_00223_d_0000179,2000,1500,2000x1500
9999998_00224_d_0000180,2000,1500,2000x1500
9999998_00225_d_0000181,2000,1500,2000x1500
9999998_00226_d_0000182,2000,1500,2000x1500
9999998_00227_d_0000183,2000,1500,2000x1500
9999998_00228_d_0000184,2000,1500,2000x1500
9999998_00229_d_0000185,2000,1500,2000x1500
9999998_00230_d_0000186,2000,1500,2000x1500
9999998_00232_d_0000188,2000,1500,2000x1500
9999998_00233_d_0000189,2000,1500,2000x1500
9999998_00234_d_0000190,2000,1500,2000x1500
9999998_00237_d_0000191,2000,1500,2000x1500
9999998_00238_d_0000192,2000,1500,2000x1500
9999998_00239_d_0000193,2000,1500,2000x1500
9999998_00240_d_0000194,2000,1500,2000x1500
9999998_00241_d_0000195,2000,1500,2000x1500
9999998_00242_d_0000196,2000,1500,2000x1500
9999998_00244_d_0000198,2000,1500,2000x1500
9999998_00245_d_0000199,2000,1500,2000x1500
9999998_00246_d_0000200,2000,1500,2000x1500
9999998_00247_d_0000201,2000,1500,2000x1500
9999998_00248_d_0000202,2000,1500,2000x1500
9999998_00249_d_0000203,2000,1500,2000x1500
9999998_00250_d_0000204,2000,1500,2000x1500
9999998_00251_d_0000205,2000,1500,2000x1500
9999998_00252_d_0000206,2000,1500,2000x1500
9999998_00254_d_0000208,2000,1500,2000x1500
9999998_00255_d_0000209,2000,1500,2000x1500
9999998_00256_d_0000210,2000,1500,2000x1500
9999998_00257_d_0000211,2000,1500,2000x1500
9999998_00258_d_0000212,2000,1500,2000x1500
9999998_00259_d_0000213,2000,1500,2000x1500
9999998_00260_d_0000214,2000,1500,2000x1500
9999998_00261_d_0000215,2000,1500,2000x1500
9999998_00262_d_0000216,2000,1500,2000x1500
9999998_00263_d_0000217,2000,1500,2000x1500
9999998_00264_d_0000218,2000,1500,2000x1500
9999998_00266_d_0000220,2000,1500,2000x1500
9999998_00267_d_0000221,2000,1500,2000x1500
9999998_00269_d_0000222,2000,1500,2000x1500
9999998_00270_d_0000223,2000,1500,2000x1500
9999998_00271_d_0000224,2000,1500,2000x1500
9999998_00272_d_0000225,2000,1500,2000x1500
9999998_00273_d_0000226,2000,1500,2000x1500
9999998_00274_d_0000227,2000,1500,2000x1500
9999998_00275_d_0000228,2000,1500,2000x1500
9999998_00276_d_0000229,2000,1500,2000x1500
9999998_00277_d_0000230,2000,1500,2000x1500
9999998_00278_d_0000231,2000,1500,2000x1500
9999998_00279_d_0000232,2000,1500,2000x1500
9999998_00281_d_0000234,2000,1500,2000x1500
9999998_00282_d_0000235,2000,1500,2000x1500
9999998_00283_d_0000236,2000,1500,2000x1500
9999998_00284_d_0000237,2000,1500,2000x1500
9999998_00285_d_0000238,2000,1500,2000x1500
9999998_00286_d_0000239,2000,1500,2000x1500
9999998_00287_d_0000240,2000,1500,2000x1500
9999998_00288_d_0000241,2000,1500,2000x1500
9999998_00289_d_0000242,2000,1500,2000x1500
9999998_00290_d_0000243,2000,1500,2000x1500
9999998_00292_d_0000245,2000,1500,2000x1500
9999998_00293_d_0000246,2000,1500,2000x1500
9999998_00294_d_0000247,2000,1500,2000x1500
9999998_00295_d_0000248,2000,1500,2000x1500
9999998_00296_d_0000249,2000,1500,2000x1500
9999998_00297_d_0000250,2000,1500,2000x1500
9999998_00298_d_0000251,2000,1500,2000x1500
9999998_00299_d_0000252,2000,1500,2000x1500
9999998_00300_d_0000253,2000,1500,2000x1500
9999998_00301_d_0000254,2000,1500,2000x1500
9999998_00302_d_0000255,2000,1500,2000x1500
9999998_00303_d_0000256,2000,1500,2000x1500
9999998_00304_d_0000257,2000,1500,2000x1500
9999998_00305_d_0000258,2000,1500,2000x1500
9999998_00306_d_0000259,2000,1500,2000x1500
9999998_00307_d_0000260,2000,1500,2000x1500
9999998_00308_d_0000261,2000,1500,2000x1500
9999998_00309_d_0000262,2000,1500,2000x1500
9999998_00310_d_0000263,2000,1500,2000x1500
9999998_00311_d_0000264,2000,1500,2000x1500
9999998_00312_d_0000265,2000,1500,2000x1500
9999998_00313_d_0000266,2000,1500,2000x1500
9999998_00314_d_0000267,2000,1500,2000x1500
9999998_00315_d_0000268,2000,1500,2000x1500
9999998_00316_d_0000269,2000,1500,2000x1500
9999998_00317_d_0000270,2000,1500,2000x1500
9999998_00318_d_0000271,2000,1500,2000x1500
9999998_00319_d_0000272,2000,1500,2000x1500
9999998_00320_d_0000273,2000,1500,2000x1500
9999998_00321_d_0000274,2000,1500,2000x1500
9999998_00323_d_0000275,2000,1500,2000x1500
9999998_00324_d_0000276,2000,1500,2000x1500
9999998_00325_d_0000277,2000,1500,2000x1500
9999998_00326_d_0000278,2000,1500,2000x1500
9999998_00327_d_0000279,2000,1500,2000x1500
9999998_00328_d_0000280,2000,1500,2000x1500
9999998_00329_d_0000281,2000,1500,2000x1500
9999998_00330_d_0000282,2000,1500,2000x1500
9999998_00331_d_0000283,2000,1500,2000x1500
9999998_00332_d_0000284,2000,1500,2000x1500
9999998_00333_d_0000285,2000,1500,2000x1500
9999998_00334_d_0000286,2000,1500,2000x1500
9999998_00335_d_0000287,2000,1500,2000x1500
9999998_00336_d_0000288,2000,1500,2000x1500
9999998_00337_d_0000289,2000,1500,2000x1500
9999998_00338_d_0000290,2000,1500,2000x1500
9999998_00339_d_0000291,2000,1500,2000x1500
9999998_00340_d_0000292,2000,1500,2000x1500
9999998_00341_d_0000293,2000,1500,2000x1500
9999998_00342_d_0000294,2000,1500,2000x1500
9999998_00343_d_0000295,2000,1500,2000x1500
9999998_00344_d_0000296,2000,1500,2000x1500
9999998_00345_d_0000297,2000,1500,2000x1500
9999998_00346_d_0000298,2000,1500,2000x1500
9999998_00347_d_0000299,2000,1500,2000x1500
9999998_00348_d_0000300,2000,1500,2000x1500
9999998_00349_d_0000301,2000,1500,2000x1500
9999998_00350_d_0000302,2000,1500,2000x1500
9999998_00351_d_0000303,2000,1500,2000x1500
9999998_00352_d_0000304,2000,1500,2000x1500
9999998_00353_d_0000305,2000,1500,2000x1500
9999998_00354_d_0000306,2000,1500,2000x1500
9999998_00355_d_0000307,2000,1500,2000x1500
9999998_00356_d_0000308,2000,1500,2000x1500
9999998_00357_d_0000309,2000,1500,2000x1500
9999998_00358_d_0000310,2000,1500,2000x1500
9999998_00359_d_0000311,2000,1500,2000x1500
9999998_00360_d_0000312,2000,1500,2000x1500
9999998_00361_d_0000313,2000,1500,2000x1500
9999998_00362_d_0000314,2000,1500,2000x1500
9999998_00363_d_0000315,2000,1500,2000x1500
9999998_00364_d_0000316,2000,1500,2000x1500
9999998_00365_d_0000317,2000,1500,2000x1500
9999998_00366_d_0000318,2000,1500,2000x1500
9999998_00367_d_0000319,2000,1500,2000x1500
9999998_00368_d_0000320,2000,1500,2000x1500
9999998_00369_d_0000321,2000,1500,2000x1500
9999998_00370_d_0000322,2000,1500,2000x1500
9999998_00371_d_0000323,2000,1500,2000x1500
9999998_00372_d_0000324,2000,1500,2000x1500
9999998_00373_d_0000325,2000,1500,2000x1500
9999998_00374_d_0000326,2000,1500,2000x1500
9999998_00375_d_0000327,2000,1500,2000x1500
9999998_00376_d_0000328,2000,1500,2000x1500
9999998_00377_d_0000329,2000,1500,2000x1500
9999998_00378_d_0000330,2000,1500,2000x1500
9999998_00379_d_0000331,2000,1500,2000x1500
9999998_00380_d_0000332,2000,1500,2000x1500
9999998_00381_d_0000333,2000,1500,2000x1500
9999998_00382_d_0000334,2000,1500,2000x1500
9999998_00383_d_0000335,2000,1500,2000x1500
9999998_00384_d_0000336,2000,1500,2000x1500
9999998_00385_d_0000337,2000,1500,2000x1500
9999998_00386_d_0000338,2000,1500,2000x1500
9999998_00387_d_0000339,2000,1500,2000x1500
9999998_00388_d_0000340,2000,1500,2000x1500
9999998_00389_d_0000341,2000,1500,2000x1500
9999998_00390_d_0000342,2000,1500,2000x1500
9999998_00391_d_0000343,2000,1500,2000x1500
9999998_00392_d_0000344,2000,1500,2000x1500
9999998_00393_d_0000345,2000,1500,2000x1500
9999998_00394_d_0000346,2000,1500,2000x1500
9999998_00395_d_0000347,2000,1500,2000x1500
9999998_00396_d_0000348,2000,1500,2000x1500
9999998_00397_d_0000349,2000,1500,2000x1500
9999998_00398_d_0000350,2000,1500,2000x1500
9999998_00399_d_0000351,2000,1500,2000x1500
9999998_00400_d_0000352,2000,1500,2000x1500
9999998_00401_d_0000353,2000,1500,2000x1500
9999998_00402_d_0000354,2000,1500,2000x1500
9999998_00403_d_0000355,2000,1500,2000x1500
9999998_00404_d_0000356,2000,1500,2000x1500
9999998_00405_d_0000357,2000,1500,2000x1500
9999998_00406_d_0000358,2000,1500,2000x1500
9999998_00407_d_0000359,2000,1500,2000x1500
9999998_00408_d_0000360,2000,1500,2000x1500
9999998_00409_d_0000361,2000,1500,2000x1500
9999998_00410_d_0000362,2000,1500,2000x1500
9999998_00411_d_0000363,2000,1500,2000x1500
9999998_00412_d_0000364,2000,1500,2000x1500
9999998_00413_d_0000365,2000,1500,2000x1500
9999998_00414_d_0000366,2000,1500,2000x1500
9999998_00415_d_0000367,2000,1500,2000x1500
9999998_00416_d_0000368,2000,1500,2000x1500
9999998_00417_d_0000369,2000,1500,2000x1500
9999998_00418_d_0000370,2000,1500,2000x1500
9999998_00419_d_0000371,2000,1500,2000x1500
9999998_00420_d_0000372,2000,1500,2000x1500
9999998_00421_d_0000373,2000,1500,2000x1500
9999998_00422_d_0000374,2000,1500,2000x1500
9999998_00423_d_0000375,2000,1500,2000x1500
9999998_00424_d_0000376,2000,1500,2000x1500
9999998_00425_d_0000377,2000,1500,2000x1500
9999998_00426_d_0000378,2000,1500,2000x1500
9999998_00427_d_0000379,2000,1500,2000x1500
9999998_00428_d_0000380,2000,1500,2000x1500
9999998_00429_d_0000381,2000,1500,2000x1500
9999998_00430_d_0000382,2000,1500,2000x1500
9999998_00431_d_0000383,2000,1500,2000x1500
9999998_00432_d_0000384,2000,1500,2000x1500
9999998_00433_d_0000385,2000,1500,2000x1500
9999998_00434_d_0000386,2000,1500,2000x1500
9999998_00435_d_0000387,2000,1500,2000x1500
9999998_00436_d_0000388,2000,1500,2000x1500
9999998_00437_d_0000389,2000,1500,2000x1500
9999998_00438_d_0000390,2000,1500,2000x1500
9999999_00023_d_0000001,2000,1500,2000x1500
9999999_00027_d_0000002,2000,1500,2000x1500
9999999_00029_d_0000003,2000,1500,2000x1500
9999999_00031_d_0000004,2000,1500,2000x1500
9999999_00033_d_0000005,2000,1500,2000x1500
9999999_00035_d_0000006,2000,1500,2000x1500
9999999_00037_d_0000007,2000,1500,2000x1500
9999999_00039_d_0000008,2000,1500,2000x1500
9999999_00043_d_0000009,2000,1500,2000x1500
9999999_00047_d_0000010,2000,1500,2000x1500
9999999_00049_d_0000011,2000,1500,2000x1500
9999999_00051_d_0000012,2000,1500,2000x1500
9999999_00053_d_0000013,2000,1500,2000x1500
9999999_00055_d_0000014,2000,1500,2000x1500
9999999_00057_d_0000015,2000,1500,2000x1500
9999999_00059_d_0000016,2000,1500,2000x1500
9999999_00061_d_0000017,2000,1500,2000x1500
9999999_00063_d_0000018,2000,1500,2000x1500
9999999_00065_d_0000019,2000,1500,2000x1500
9999999_00067_d_0000020,2000,1500,2000x1500
9999999_00069_d_0000021,2000,1500,2000x1500
9999999_00071_d_0000022,2000,1500,2000x1500
9999999_00073_d_0000023,2000,1500,2000x1500
9999999_00075_d_0000024,2000,1500,2000x1500
9999999_00077_d_0000025,2000,1500,2000x1500
9999999_00079_d_0000026,2000,1500,2000x1500
9999999_00081_d_0000027,2000,1500,2000x1500
9999999_00083_d_0000028,2000,1500,2000x1500
9999999_00085_d_0000029,2000,1500,2000x1500
9999999_00087_d_0000030,2000,1500,2000x1500
9999999_00089_d_0000031,2000,1500,2000x1500
9999999_00091_d_0000032,2000,1500,2000x1500
9999999_00095_d_0000033,2000,1500,2000x1500
9999999_00099_d_0000034,2000,1500,2000x1500
9999999_00101_d_0000035,2000,1500,2000x1500
9999999_00103_d_0000036,2000,1500,2000x1500
9999999_00105_d_0000037,2000,1500,2000x1500
9999999_00107_d_0000038,2000,1500,2000x1500
9999999_00109_d_0000039,2000,1500,2000x1500
9999999_00111_d_0000040,2000,1500,2000x1500
9999999_00113_d_0000041,2000,1500,2000x1500
9999999_00115_d_0000042,2000,1500,2000x1500
9999999_00117_d_0000043,2000,1500,2000x1500
9999999_00119_d_0000044,2000,1500,2000x1500
9999999_00121_d_0000045,2000,1500,2000x1500
9999999_00123_d_0000046,2000,1500,2000x1500
9999999_00125_d_0000047,2000,1500,2000x1500
9999999_00127_d_0000048,2000,1500,2000x1500
9999999_00129_d_0000049,2000,1500,2000x1500
9999999_00131_d_0000050,2000,1500,2000x1500
9999999_00133_d_0000051,2000,1500,2000x1500
9999999_00135_d_0000052,2000,1500,2000x1500
9999999_00137_d_0000053,2000,1500,2000x1500
9999999_00139_d_0000054,2000,1500,2000x1500
9999999_00141_d_0000055,2000,1500,2000x1500
9999999_00143_d_0000056,2000,1500,2000x1500
9999999_00145_d_0000057,2000,1500,2000x1500
9999999_00147_d_0000058,2000,1500,2000x1500
9999999_00149_d_0000059,2000,1500,2000x1500
9999999_00151_d_0000060,2000,1500,2000x1500
9999999_00153_d_0000061,2000,1500,2000x1500
9999999_00155_d_0000062,2000,1500,2000x1500
9999999_00157_d_0000063,2000,1500,2000x1500
9999999_00159_d_0000064,2000,1500,2000x1500
9999999_00161_d_0000065,2000,1500,2000x1500
9999999_00163_d_0000066,2000,1500,2000x1500
9999999_00165_d_0000067,2000,1500,2000x1500
9999999_00167_d_0000068,2000,1500,2000x1500
9999999_00169_d_0000069,2000,1500,2000x1500
9999999_00171_d_0000070,2000,1500,2000x1500
9999999_00173_d_0000071,2000,1500,2000x1500
9999999_00175_d_0000072,2000,1500,2000x1500
9999999_00177_d_0000073,2000,1500,2000x1500
9999999_00181_d_0000074,2000,1500,2000x1500
9999999_00183_d_0000075,2000,1500,2000x1500
9999999_00185_d_0000076,2000,1500,2000x1500
9999999_00187_d_0000077,2000,1500,2000x1500
9999999_00189_d_0000078,2000,1500,2000x1500
9999999_00191_d_0000079,2000,1500,2000x1500
9999999_00193_d_0000080,2000,1500,2000x1500
9999999_00195_d_0000081,2000,1500,2000x1500
9999999_00199_d_0000082,2000,1500,2000x1500
9999999_00201_d_0000083,2000,1500,2000x1500
9999999_00203_d_0000084,2000,1500,2000x1500
9999999_00205_d_0000085,2000,1500,2000x1500
9999999_00207_d_0000086,2000,1500,2000x1500
9999999_00209_d_0000087,2000,1500,2000x1500
9999999_00211_d_0000088,2000,1500,2000x1500
9999999_00213_d_0000089,2000,1500,2000x1500
9999999_00215_d_0000090,2000,1500,2000x1500
9999999_00217_d_0000091,2000,1500,2000x1500
9999999_00219_d_0000092,2000,1500,2000x1500
9999999_00221_d_0000093,2000,1500,2000x1500
9999999_00223_d_0000094,2000,1500,2000x1500
9999999_00225_d_0000095,2000,1500,2000x1500
9999999_00227_d_0000096,2000,1500,2000x1500
9999999_00229_d_0000097,2000,1500,2000x1500
9999999_00231_d_0000098,2000,1500,2000x1500
9999999_00233_d_0000099,2000,1500,2000x1500
9999999_00235_d_0000100,2000,1500,2000x1500
9999999_00237_d_0000101,2000,1500,2000x1500
9999999_00239_d_0000102,2000,1500,2000x1500
9999999_00241_d_0000103,2000,1500,2000x1500
9999999_00243_d_0000104,2000,1500,2000x1500
9999999_00245_d_0000105,2000,1500,2000x1500
9999999_00247_d_0000106,2000,1500,2000x1500
9999999_00249_d_0000107,2000,1500,2000x1500
9999999_00251_d_0000108,2000,1500,2000x1500
9999999_00253_d_0000109,2000,1500,2000x1500
9999999_00255_d_0000110,2000,1500,2000x1500
9999999_00257_d_0000111,2000,1500,2000x1500
9999999_00259_d_0000112,2000,1500,2000x1500
9999999_00261_d_0000113,2000,1500,2000x1500
9999999_00263_d_0000114,2000,1500,2000x1500
9999999_00265_d_0000115,2000,1500,2000x1500
9999999_00267_d_0000116,2000,1500,2000x1500
9999999_00269_d_0000117,2000,1500,2000x1500
9999999_00271_d_0000118,2000,1500,2000x1500
9999999_00273_d_0000119,2000,1500,2000x1500
9999999_00275_d_0000120,2000,1500,2000x1500
9999999_00277_d_0000121,2000,1500,2000x1500
9999999_00279_d_0000122,2000,1500,2000x1500
9999999_00281_d_0000123,2000,1500,2000x1500
9999999_00283_d_0000124,2000,1500,2000x1500
9999999_00285_d_0000125,2000,1500,2000x1500
9999999_00287_d_0000126,2000,1500,2000x1500
9999999_00289_d_0000127,2000,1500,2000x1500
9999999_00291_d_0000128,2000,1500,2000x1500
9999999_00293_d_0000129,2000,1500,2000x1500
9999999_00295_d_0000130,2000,1500,2000x1500
9999999_00297_d_0000131,2000,1500,2000x1500
9999999_00299_d_0000132,2000,1500,2000x1500
9999999_00301_d_0000133,2000,1500,2000x1500
9999999_00303_d_0000134,2000,1500,2000x1500
9999999_00305_d_0000135,2000,1500,2000x1500
9999999_00307_d_0000136,2000,1500,2000x1500
9999999_00309_d_0000137,2000,1500,2000x1500
9999999_00313_d_0000138,2000,1500,2000x1500
9999999_00318_d_0000139,2000,1500,2000x1500
9999999_00320_d_0000140,2000,1500,2000x1500
9999999_00322_d_0000141,2000,1500,2000x1500
9999999_00326_d_0000142,2000,1500,2000x1500
9999999_00328_d_0000143,2000,1500,2000x1500
9999999_00330_d_0000144,2000,1500,2000x1500
9999999_00332_d_0000145,2000,1500,2000x1500
9999999_00334_d_0000146,2000,1500,2000x1500
9999999_00336_d_0000147,2000,1500,2000x1500
9999999_00338_d_0000148,2000,1500,2000x1500
9999999_00340_d_0000149,2000,1500,2000x1500
9999999_00342_d_0000150,2000,1500,2000x1500
9999999_00344_d_0000151,2000,1500,2000x1500
9999999_00346_d_0000152,2000,1500,2000x1500
9999999_00348_d_0000153,2000,1500,2000x1500
9999999_00354_d_0000154,2000,1500,2000x1500
9999999_00356_d_0000155,2000,1500,2000x1500
9999999_00360_d_0000156,2000,1500,2000x1500
9999999_00362_d_0000157,2000,1500,2000x1500
9999999_00364_d_0000158,2000,1500,2000x1500
9999999_00366_d_0000159,2000,1500,2000x1500
9999999_00368_d_0000160,2000,1500,2000x1500
9999999_00370_d_0000161,2000,1500,2000x1500
9999999_00374_d_0000162,2000,1500,2000x1500
9999999_00376_d_0000163,2000,1500,2000x1500
9999999_00378_d_0000164,2000,1500,2000x1500
9999999_00380_d_0000165,2000,1500,2000x1500
9999999_00382_d_0000166,2000,1500,2000x1500
9999999_00384_d_0000167,2000,1500,2000x1500
9999999_00386_d_0000168,2000,1500,2000x1500
9999999_00388_d_0000169,2000,1500,2000x1500
9999999_00390_d_0000170,2000,1500,2000x1500
9999999_00392_d_0000171,2000,1500,2000x1500
9999999_00394_d_0000172,2000,1500,2000x1500
9999999_00396_d_0000173,2000,1500,2000x1500
9999999_00398_d_0000174,2000,1500,2000x1500
9999999_00400_d_0000175,2000,1500,2000x1500
9999999_00402_d_0000176,2000,1500,2000x1500
9999999_00404_d_0000177,2000,1500,2000x1500
9999999_00406_d_0000178,2000,1500,2000x1500
9999999_00408_d_0000179,2000,1500,2000x1500
9999999_00410_d_0000180,2000,1500,2000x1500
9999999_00412_d_0000181,2000,1500,2000x1500
9999999_00414_d_0000182,2000,1500,2000x1500
9999999_00416_d_0000183,2000,1500,2000x1500
9999999_00418_d_0000184,2000,1500,2000x1500
9999999_00420_d_0000185,2000,1500,2000x1500
9999999_00422_d_0000186,2000,1500,2000x1500
9999999_00424_d_0000187,2000,1500,2000x1500
9999999_00426_d_0000188,2000,1500,2000x1500
9999999_00428_d_0000189,2000,1500,2000x1500
9999999_00430_d_0000190,2000,1500,2000x1500
9999999_00432_d_0000191,2000,1500,2000x1500
9999999_00434_d_0000192,2000,1500,2000x1500
9999999_00436_d_0000193,2000,1500,2000x1500
9999999_00438_d_0000194,2000,1500,2000x1500
9999999_00440_d_0000195,2000,1500,2000x1500
9999999_00442_d_0000196,2000,1500,2000x1500
9999999_00444_d_0000197,2000,1500,2000x1500
9999999_00446_d_0000198,2000,1500,2000x1500
9999999_00448_d_0000199,2000,1500,2000x1500
9999999_00450_d_0000200,2000,1500,2000x1500
9999999_00452_d_0000201,2000,1500,2000x1500
9999999_00454_d_0000202,2000,1500,2000x1500
9999999_00456_d_0000203,2000,1500,2000x1500
9999999_00458_d_0000204,2000,1500,2000x1500
9999999_00460_d_0000205,2000,1500,2000x1500
9999999_00462_d_0000206,2000,1500,2000x1500
9999999_00464_d_0000207,2000,1500,2000x1500
9999999_00466_d_0000208,2000,1500,2000x1500
9999999_00468_d_0000209,2000,1500,2000x1500
9999999_00470_d_0000210,2000,1500,2000x1500
9999999_00472_d_0000211,2000,1500,2000x1500
9999999_00474_d_0000212,2000,1500,2000x1500
9999999_00478_d_0000213,2000,1500,2000x1500
9999999_00482_d_0000214,2000,1500,2000x1500
9999999_00484_d_0000215,2000,1500,2000x1500
9999999_00486_d_0000216,2000,1500,2000x1500
9999999_00488_d_0000217,2000,1500,2000x1500
9999999_00490_d_0000218,2000,1500,2000x1500
9999999_00492_d_0000219,2000,1500,2000x1500
9999999_00494_d_0000220,2000,1500,2000x1500
9999999_00496_d_0000221,2000,1500,2000x1500
9999999_00498_d_0000222,2000,1500,2000x1500
9999999_00500_d_0000223,2000,1500,2000x1500
9999999_00502_d_0000224,2000,1500,2000x1500
9999999_00504_d_0000225,2000,1500,2000x1500
9999999_00506_d_0000226,2000,1500,2000x1500
9999999_00508_d_0000227,2000,1500,2000x1500
9999999_00510_d_0000228,2000,1500,2000x1500
9999999_00512_d_0000229,2000,1500,2000x1500
9999999_00514_d_0000230,2000,1500,2000x1500
9999999_00516_d_0000231,2000,1500,2000x1500
9999999_00518_d_0000232,2000,1500,2000x1500
9999999_00520_d_0000233,2000,1500,2000x1500
9999999_00522_d_0000234,2000,1500,2000x1500
9999999_00526_d_0000235,2000,1500,2000x1500
9999999_00528_d_0000236,2000,1500,2000x1500
9999999_00530_d_0000237,2000,1500,2000x1500
9999999_00532_d_0000238,2000,1500,2000x1500
9999999_00534_d_0000239,2000,1500,2000x1500
9999999_00536_d_0000240,2000,1500,2000x1500
9999999_00538_d_0000241,2000,1500,2000x1500
9999999_00540_d_0000242,2000,1500,2000x1500
9999999_00542_d_0000243,2000,1500,2000x1500
9999999_00544_d_0000244,2000,1500,2000x1500
9999999_00546_d_0000245,2000,1500,2000x1500
9999999_00548_d_0000246,2000,1500,2000x1500
9999999_00550_d_0000247,2000,1500,2000x1500
9999999_00552_d_0000248,2000,1500,2000x1500
9999999_00554_d_0000249,2000,1500,2000x1500
9999999_00556_d_0000250,2000,1500,2000x1500
9999999_00558_d_0000251,2000,1500,2000x1500
9999999_00560_d_0000252,2000,1500,2000x1500
9999999_00562_d_0000253,2000,1500,2000x1500
9999999_00564_d_0000254,2000,1500,2000x1500
9999999_00566_d_0000255,2000,1500,2000x1500
9999999_00568_d_0000256,2000,1500,2000x1500
9999999_00570_d_0000257,2000,1500,2000x1500
9999999_00572_d_0000258,2000,1500,2000x1500
9999999_00574_d_0000259,2000,1500,2000x1500
9999999_00576_d_0000260,2000,1500,2000x1500
9999999_00578_d_0000261,2000,1500,2000x1500
9999999_00580_d_0000262,2000,1500,2000x1500
9999999_00582_d_0000263,2000,1500,2000x1500
9999999_00584_d_0000264,2000,1500,2000x1500
9999999_00586_d_0000265,2000,1500,2000x1500
9999999_00588_d_0000266,2000,1500,2000x1500
9999999_00590_d_0000267,2000,1500,2000x1500
9999999_00592_d_0000268,2000,1500,2000x1500
9999999_00594_d_0000269,2000,1500,2000x1500
9999999_00596_d_0000270,2000,1500,2000x1500
9999999_00598_d_0000271,2000,1500,2000x1500
9999999_00600_d_0000272,2000,1500,2000x1500
9999999_00602_d_0000273,2000,1500,2000x1500
9999999_00604_d_0000274,2000,1500,2000x1500
9999999_00606_d_0000275,2000,1500,2000x1500
9999999_00608_d_0000276,2000,1500,2000x1500
9999999_00610_d_0000277,2000,1500,2000x1500
9999999_00612_d_0000278,2000,1500,2000x1500
9999999_00614_d_0000279,2000,1500,2000x1500
9999999_00616_d_0000280,2000,1500,2000x1500
9999999_00618_d_0000281,2000,1500,2000x1500
9999999_00622_d_0000282,2000,1500,2000x1500
9999999_00624_d_0000283,2000,1500,2000x1500
9999999_00626_d_0000284,2000,1500,2000x1500
9999999_00628_d_0000285,2000,1500,2000x1500
9999999_00630_d_0000286,2000,1500,2000x1500
9999999_00632_d_0000287,2000,1500,2000x1500
9999999_00634_d_0000288,2000,1500,2000x1500
9999999_00636_d_0000289,2000,1500,2000x1500
9999999_00638_d_0000290,2000,1500,2000x1500
9999999_00640_d_0000291,2000,1500,2000x1500
9999999_00642_d_0000292,2000,1500,2000x1500
9999999_00644_d_0000293,2000,1500,2000x1500
9999999_00646_d_0000294,2000,1500,2000x1500
9999999_00650_d_0000295,480,360,480x360
9999999_00651_d_0000296,2000,1500,2000x1500
9999999_00653_d_0000297,2000,1500,2000x1500
9999999_00655_d_0000298,2000,1500,2000x1500
9999999_00657_d_0000299,2000,1500,2000x1500
9999999_00661_d_0000300,2000,1500,2000x1500
9999999_00663_d_0000301,2000,1500,2000x1500
9999999_00665_d_0000302,2000,1500,2000x1500
9999999_00667_d_0000303,2000,1500,2000x1500
9999999_00669_d_0000304,2000,1500,2000x1500
9999999_00671_d_0000305,2000,1500,2000x1500
9999999_00675_d_0000306,2000,1500,2000x1500
9999999_00677_d_0000307,2000,1500,2000x1500
9999999_00679_d_0000308,2000,1500,2000x1500
9999999_00681_d_0000309,2000,1500,2000x1500
9999999_00685_d_0000310,2000,1500,2000x1500
9999999_00687_d_0000311,2000,1500,2000x1500
9999999_00689_d_0000312,2000,1500,2000x1500
9999999_00691_d_0000313,2000,1500,2000x1500
9999999_00693_d_0000314,2000,1500,2000x1500
9999999_00695_d_0000315,2000,1500,2000x1500
9999999_00697_d_0000316,2000,1500,2000x1500
9999999_00699_d_0000317,2000,1500,2000x1500
9999999_00701_d_0000318,2000,1500,2000x1500
9999999_00703_d_0000319,2000,1500,2000x1500
9999999_00705_d_0000320,2000,1500,2000x1500
9999999_00707_d_0000321,2000,1500,2000x1500
9999999_00709_d_0000322,2000,1500,2000x1500
9999999_00711_d_0000323,2000,1500,2000x1500
9999999_00713_d_0000324,2000,1500,2000x1500
9999999_00715_d_0000325,2000,1500,2000x1500
9999999_00717_d_0000326,2000,1500,2000x1500
9999999_00719_d_0000327,2000,1500,2000x1500
9999999_00721_d_0000328,2000,1500,2000x1500
9999999_00723_d_0000329,2000,1500,2000x1500
9999999_00725_d_0000330,2000,1500,2000x1500
9999999_00727_d_0000331,2000,1500,2000x1500
9999999_00729_d_0000332,2000,1500,2000x1500
9999999_00731_d_0000333,2000,1500,2000x1500
9999999_00733_d_0000334,2000,1500,2000x1500
9999999_00735_d_0000335,2000,1500,2000x1500
9999999_00737_d_0000336,2000,1500,2000x1500
9999999_00739_d_0000337,2000,1500,2000x1500
9999999_00741_d_0000338,2000,1500,2000x1500
9999999_00743_d_0000339,2000,1500,2000x1500
9999999_00745_d_0000340,2000,1500,2000x1500
9999999_00747_d_0000341,2000,1500,2000x1500
9999999_00749_d_0000342,2000,1500,2000x1500
9999999_00751_d_0000343,2000,1500,2000x1500
9999999_00753_d_0000344,2000,1500,2000x1500
9999999_00755_d_0000345,2000,1500,2000x1500
9999999_00757_d_0000346,2000,1500,2000x1500
9999999_00759_d_0000347,2000,1500,2000x1500
9999999_00761_d_0000348,2000,1500,2000x1500
9999999_00763_d_0000349,2000,1500,2000x1500
9999999_00765_d_0000350,2000,1500,2000x1500
9999999_00767_d_0000351,2000,1500,2000x1500
9999999_00769_d_0000352,2000,1500,2000x1500
9999999_00773_d_0000353,2000,1500,2000x1500
9999999_00775_d_0000354,2000,1500,2000x1500
9999999_00777_d_0000355,2000,1500,2000x1500
9999999_00779_d_0000356,2000,1500,2000x1500
9999999_00781_d_0000357,2000,1500,2000x1500
9999999_00783_d_0000358,2000,1500,2000x1500
9999999_00785_d_0000359,2000,1500,2000x1500
9999999_00787_d_0000360,2000,1500,2000x1500
9999999_00789_d_0000361,2000,1500,2000x1500
9999999_00791_d_0000362,2000,1500,2000x1500
9999999_00793_d_0000363,2000,1500,2000x1500
9999999_00795_d_0000364,2000,1500,2000x1500
9999999_00797_d_0000365,2000,1500,2000x1500
9999999_00801_d_0000366,2000,1500,2000x1500
9999999_00803_d_0000367,2000,1500,2000x1500
9999999_00805_d_0000368,2000,1500,2000x1500
9999999_00807_d_0000369,2000,1500,2000x1500
9999999_00809_d_0000370,2000,1500,2000x1500
9999999_00811_d_0000371,2000,1500,2000x1500
9999999_00813_d_0000372,2000,1500,2000x1500
9999999_00815_d_0000373,2000,1500,2000x1500
9999999_00819_d_0000374,2000,1500,2000x1500
9999999_00823_d_0000375,2000,1500,2000x1500
9999999_00825_d_0000376,2000,1500,2000x1500
9999999_00827_d_0000377,2000,1500,2000x1500
9999999_00829_d_0000378,2000,1500,2000x1500
9999999_00831_d_0000379,2000,1500,2000x1500
9999999_00833_d_0000380,2000,1500,2000x1500
9999999_00835_d_0000381,2000,1500,2000x1500
9999999_00837_d_0000382,2000,1500,2000x1500
9999999_00839_d_0000383,2000,1500,2000x1500
9999999_00841_d_0000384,2000,1500,2000x1500
9999999_00843_d_0000385,2000,1500,2000x1500
9999999_00845_d_0000386,2000,1500,2000x1500
9999999_00847_d_0000387,2000,1500,2000x1500
9999999_00849_d_0000388,2000,1500,2000x1500
9999999_00851_d_0000389,2000,1500,2000x1500
9999999_00853_d_0000390,2000,1500,2000x1500
9999999_00855_d_0000391,2000,1500,2000x1500
9999999_00857_d_0000392,2000,1500,2000x1500
9999999_00859_d_0000393,2000,1500,2000x1500
9999999_00861_d_0000394,2000,1500,2000x1500
9999999_00863_d_0000395,2000,1500,2000x1500
9999999_00865_d_0000396,2000,1500,2000x1500
9999999_00867_d_0000397,2000,1500,2000x1500
9999999_00869_d_0000398,2000,1500,2000x1500
9999999_00871_d_0000399,2000,1500,2000x1500
9999999_00873_d_0000400,2000,1500,2000x1500
9999999_00875_d_0000401,2000,1500,2000x1500
9999999_00877_d_0000402,2000,1500,2000x1500
9999999_00879_d_0000403,2000,1500,2000x1500
9999999_00881_d_0000404,2000,1500,2000x1500
9999999_00883_d_0000405,2000,1500,2000x1500
9999999_00885_d_0000406,2000,1500,2000x1500
9999999_00887_d_0000407,2000,1500,2000x1500
