4,0,765.19,353.67,22.83,56.48,0.6280,1,-1,-1
5,0,764.69,354.67,23.23,57.55,0.6132,1,-1,-1
6,0,764.78,355.36,22.81,56.60,0.6334,1,-1,-1
6,1,1103.04,430.85,32.28,79.95,0.6645,1,-1,-1
7,0,764.78,355.76,22.95,57.10,0.6514,1,-1,-1
7,1,1103.23,430.60,31.89,78.86,0.7082,1,-1,-1
8,0,764.67,355.86,23.02,57.46,0.6334,1,-1,-1
8,1,1103.23,430.48,31.65,78.00,0.7130,1,-1,-1
9,0,764.72,355.88,22.73,57.02,0.6095,1,-1,-1
9,1,1103.32,430.36,31.58,77.54,0.7287,1,-1,-1
9,2,1077.36,422.99,26.53,51.64,0.4533,2,-1,-1
10,0,764.58,355.89,22.73,57.31,0.6077,1,-1,-1
10,1,1103.26,429.92,31.69,77.44,0.7424,1,-1,-1
10,2,1077.39,422.90,26.39,51.39,0.4863,2,-1,-1
10,4,1807.07,531.98,41.06,80.09,0.4678,2,-1,-1
11,0,765.27,356.42,21.87,55.46,0.5842,1,-1,-1
11,1,1103.21,429.57,31.77,77.22,0.7394,1,-1,-1
11,2,1078.11,423.15,25.32,49.35,0.5244,2,-1,-1
11,4,1806.82,532.84,41.15,80.25,0.4659,2,-1,-1
12,0,765.43,356.44,21.69,55.30,0.5784,1,-1,-1
12,1,1103.35,429.17,31.74,76.69,0.7256,1,-1,-1
12,2,1078.33,423.30,24.79,48.36,0.5516,2,-1,-1
12,4,1807.14,533.75,40.55,79.02,0.4494,2,-1,-1
13,0,765.13,356.27,21.96,56.34,0.5804,1,-1,-1
13,1,1103.60,428.21,31.98,76.91,0.7349,1,-1,-1
13,2,1078.42,423.38,24.55,47.94,0.5477,2,-1,-1
13,4,1807.23,534.35,40.28,78.43,0.4513,2,-1,-1
14,0,764.94,356.09,22.24,57.46,0.5593,1,-1,-1
14,1,1103.71,427.96,32.21,77.20,0.7162,1,-1,-1
14,2,1078.53,423.43,24.38,47.64,0.5708,2,-1,-1
14,4,1807.45,534.65,39.87,77.51,0.4630,2,-1,-1
15,0,764.76,355.50,22.70,59.04,0.5215,1,-1,-1
15,1,1103.93,427.71,32.33,77.25,0.7241,1,-1,-1
15,2,1078.52,423.34,24.25,47.37,0.5842,2,-1,-1
15,4,1807.52,534.60,39.82,77.17,0.4893,2,-1,-1
16,0,764.51,354.54,23.11,60.59,0.4776,1,-1,-1
16,1,1103.95,427.28,32.53,77.50,0.7287,1,-1,-1
16,2,1078.53,423.35,24.22,47.31,0.5917,2,-1,-1
16,4,1807.54,534.35,39.94,77.13,0.4932,2,-1,-1
17,0,764.54,354.27,22.54,59.83,0.4785,1,-1,-1
17,1,1104.02,426.90,32.58,77.43,0.7162,1,-1,-1
17,2,1078.68,423.44,24.20,47.24,0.6105,2,-1,-1
17,4,1807.43,534.38,40.23,77.41,0.4961,2,-1,-1
18,0,765.42,354.05,22.23,58.92,0.3451,1,-1,-1
18,1,1104.12,426.40,32.87,78.21,0.6918,1,-1,-1
18,2,1078.44,424.05,24.14,47.07,0.6067,2,-1,-1
18,4,1808.48,532.97,41.01,78.54,0.4815,2,-1,-1
18,5,347.95,326.00,19.24,29.89,0.5341,1,-1,-1
18,6,427.63,313.68,13.30,28.34,0.6179,1,-1,-1
19,0,765.97,353.55,22.77,60.32,0.2651,1,-1,-1
19,1,1104.87,426.78,31.77,75.49,0.6984,1,-1,-1
19,2,1078.45,424.32,24.00,46.73,0.6142,2,-1,-1
19,4,1808.54,531.83,41.81,79.78,0.4785,2,-1,-1
19,5,347.60,326.34,18.84,29.29,0.5898,1,-1,-1
19,6,427.61,313.69,13.22,28.22,0.6234,1,-1,-1
19,7,1473.21,283.82,35.81,17.83,0.4610,4,-1,-1
20,0,766.44,353.10,23.02,60.83,0.3183,1,-1,-1
20,1,1105.56,427.03,31.24,74.25,0.7050,1,-1,-1
20,2,1078.50,424.29,23.94,46.50,0.6123,2,-1,-1
20,4,1808.67,531.55,42.16,80.15,0.4610,2,-1,-1
20,5,347.26,326.53,18.52,28.81,0.5312,1,-1,-1
20,6,427.62,313.63,13.18,28.19,0.6234,1,-1,-1
20,7,1473.46,283.83,35.65,17.75,0.4951,4,-1,-1
21,0,766.90,352.25,23.97,62.95,0.2870,1,-1,-1
21,1,1106.06,427.15,31.02,73.81,0.7066,1,-1,-1
21,2,1078.52,424.33,23.87,46.21,0.6011,2,-1,-1
21,4,1808.89,532.22,42.01,79.54,0.4369,2,-1,-1
21,5,346.62,326.38,18.60,28.98,0.5020,1,-1,-1
21,6,427.68,313.85,13.08,28.09,0.6123,1,-1,-1
21,7,1473.63,283.90,35.48,17.67,0.5088,4,-1,-1
22,0,766.30,351.34,25.44,66.67,0.3337,2,-1,-1
22,1,1106.49,427.08,30.74,73.35,0.7082,1,-1,-1
22,2,1078.57,424.34,23.88,46.08,0.6142,2,-1,-1
22,4,1808.94,532.57,42.22,79.57,0.4187,2,-1,-1
22,5,345.19,325.39,19.39,30.40,0.6593,1,-1,-1
22,6,427.74,313.90,13.04,28.11,0.6142,1,-1,-1
22,7,1473.22,284.15,35.04,17.45,0.5263,4,-1,-1
23,0,765.65,351.38,25.93,67.99,0.3979,2,-1,-1
23,1,1106.88,427.08,30.36,72.53,0.7272,1,-1,-1
23,2,1078.49,424.26,24.00,46.16,0.6049,2,-1,-1
23,4,1809.03,532.59,42.45,79.70,0.3942,2,-1,-1
23,5,344.09,325.14,19.49,30.76,0.6451,1,-1,-1
23,6,427.72,313.79,13.05,28.28,0.6307,1,-1,-1
23,7,1472.96,284.14,35.17,17.51,0.5263,4,-1,-1
24,0,765.11,352.26,25.77,67.50,0.4766,2,-1,-1
24,1,1107.33,427.09,30.07,71.95,0.7334,1,-1,-1
24,2,1078.51,424.36,24.05,46.11,0.6030,2,-1,-1
24,4,1809.04,532.93,42.33,79.21,0.4054,2,-1,-1
24,5,342.77,324.53,19.65,31.29,0.6732,1,-1,-1
24,6,427.70,313.42,13.16,28.69,0.6325,1,-1,-1
24,7,1473.09,284.25,34.95,17.42,0.5477,4,-1,-1
25,0,764.40,353.48,25.78,67.38,0.4785,1,-1,-1
25,1,1107.82,427.15,29.79,71.43,0.7287,1,-1,-1
25,2,1078.67,424.58,23.83,45.51,0.6105,2,-1,-1
25,4,1808.85,532.84,42.53,79.35,0.3730,2,-1,-1
25,5,341.65,324.28,19.35,31.23,0.6697,1,-1,-1
25,6,427.75,313.52,13.11,28.77,0.6252,1,-1,-1
25,7,1473.12,284.24,34.84,17.38,0.5516,4,-1,-1
26,0,763.93,355.09,25.63,66.72,0.4951,1,-1,-1
26,1,1108.27,427.13,29.55,70.98,0.7130,1,-1,-1
26,2,1078.78,424.63,23.80,45.30,0.6142,2,-1,-1
26,4,1808.99,533.70,42.20,78.47,0.3303,2,-1,-1
26,5,340.59,323.80,19.22,31.47,0.6628,1,-1,-1
26,6,427.80,313.61,13.03,28.79,0.6123,1,-1,-1
26,7,1473.15,284.29,34.67,17.32,0.5477,4,-1,-1
27,0,763.03,356.40,25.43,66.35,0.5380,1,-1,-1
27,1,1108.82,427.16,29.34,70.50,0.7098,1,-1,-1
27,2,1078.84,424.58,23.73,44.95,0.6197,2,-1,-1
27,4,1808.67,533.45,42.60,78.95,0.3657,2,-1,-1
27,5,340.05,324.29,18.60,30.97,0.4766,1,-1,-1
27,6,427.91,313.88,12.83,28.54,0.6049,1,-1,-1
27,7,1473.05,284.34,34.56,17.29,0.5419,4,-1,-1
28,0,762.27,356.41,25.11,65.95,0.5185,1,-1,-1
28,1,1108.96,426.67,29.55,71.05,0.7241,1,-1,-1
28,2,1078.73,424.55,23.88,45.01,0.6142,2,-1,-1
28,4,1808.61,533.45,42.91,79.29,0.3531,2,-1,-1
28,5,340.84,329.23,15.72,26.22,0.3346,1,-1,-1
28,6,427.97,313.92,12.73,28.50,0.6123,1,-1,-1
28,7,1473.11,284.36,34.35,17.22,0.5438,4,-1,-1
29,0,762.07,356.35,24.81,65.43,0.5146,1,-1,-1
29,1,1109.97,426.32,28.74,69.22,0.7162,1,-1,-1
29,2,1078.78,424.54,23.81,44.61,0.6325,2,-1,-1
29,4,1808.49,533.17,43.26,79.79,0.3684,2,-1,-1
29,5,339.74,329.70,15.74,26.56,0.2207,1,-1,-1
29,6,428.05,314.24,12.59,28.34,0.5879,1,-1,-1
29,7,1473.01,284.40,34.19,17.19,0.5361,4,-1,-1
30,0,761.90,356.43,24.63,64.98,0.5361,1,-1,-1
30,1,1110.92,425.87,28.17,68.13,0.7210,1,-1,-1
30,2,1078.79,424.62,23.77,44.26,0.6379,2,-1,-1
30,4,1808.64,533.48,43.29,79.59,0.3757,2,-1,-1
30,5,338.62,328.70,16.43,28.06,0.3407,1,-1,-1
30,6,428.09,314.26,12.57,28.45,0.6086,1,-1,-1
30,7,1472.77,284.32,34.25,17.30,0.5380,4,-1,-1
31,0,760.83,357.14,24.09,63.90,0.4980,1,-1,-1
31,1,1111.37,425.78,28.08,68.12,0.7130,1,-1,-1
31,2,1078.54,424.53,24.10,44.68,0.6397,2,-1,-1
31,4,1808.86,534.09,43.14,78.91,0.3693,2,-1,-1
31,5,337.44,329.53,16.08,27.67,0.5078,1,-1,-1
31,6,428.07,314.01,12.67,28.87,0.6289,1,-1,-1
31,7,1472.98,284.48,34.03,17.22,0.5380,4,-1,-1
32,0,759.84,357.04,24.09,63.84,0.4349,1,-1,-1
32,1,1111.70,425.40,28.36,69.28,0.7364,1,-1,-1
32,2,1078.46,424.53,24.31,44.88,0.6325,2,-1,-1
32,4,1808.83,534.15,43.30,78.90,0.3840,2,-1,-1
32,5,336.43,331.17,15.29,26.17,0.5117,1,-1,-1
32,6,428.09,313.87,12.66,29.08,0.6325,1,-1,-1
32,7,1473.11,284.56,33.87,17.14,0.5380,4,-1,-1
33,0,759.12,357.87,23.42,62.16,0.3849,1,-1,-1
33,1,1112.43,424.98,28.42,70.10,0.7542,1,-1,-1
33,2,1078.47,424.48,24.23,44.51,0.6234,2,-1,-1
33,4,1809.06,534.55,43.10,78.18,0.3868,2,-1,-1
33,5,334.84,328.87,16.60,28.56,0.5341,1,-1,-1
33,6,428.06,313.85,12.48,28.82,0.6160,1,-1,-1
33,7,1473.64,284.39,33.76,17.12,0.5166,4,-1,-1
34,0,757.67,357.98,23.33,61.71,0.3355,1,-1,-1
34,1,1113.35,424.96,28.09,69.95,0.7364,1,-1,-1
34,2,1078.52,424.50,24.36,44.56,0.6197,2,-1,-1
34,4,1808.76,533.21,44.07,79.69,0.4073,2,-1,-1
34,5,334.42,328.92,16.53,28.50,0.4980,1,-1,-1
34,6,428.09,313.78,12.39,28.77,0.6086,1,-1,-1
34,7,1473.64,284.27,33.76,17.15,0.5000,4,-1,-1
34,8,1650.66,282.27,38.01,19.07,0.5068,4,-1,-1
35,0,756.54,356.82,23.04,60.68,0.3065,2,-1,-1
35,1,1114.27,424.56,27.64,69.55,0.7484,1,-1,-1
35,2,1078.51,424.53,24.47,44.56,0.6215,2,-1,-1
35,4,1808.67,532.29,44.71,80.65,0.4111,2,-1,-1
35,5,333.23,325.55,18.54,32.17,0.5727,1,-1,-1
35,6,428.07,313.46,12.41,28.99,0.6215,1,-1,-1
35,7,1473.86,284.19,33.71,17.17,0.5224,4,-1,-1
35,8,1650.85,282.27,37.89,19.00,0.5137,4,-1,-1
36,0,755.67,356.53,22.04,57.26,0.3979,2,-1,-1
36,1,1115.05,424.04,27.24,69.22,0.7364,1,-1,-1
36,2,1078.46,424.51,24.63,44.69,0.6197,2,-1,-1
36,4,1808.59,532.14,44.80,80.63,0.4273,2,-1,-1
36,5,332.66,324.99,18.50,32.25,0.4610,1,-1,-1
36,6,428.06,313.43,12.38,29.07,0.6160,1,-1,-1
36,7,1474.12,284.20,33.57,17.14,0.5244,4,-1,-1
36,8,1650.66,282.33,37.58,18.85,0.5107,4,-1,-1
37,0,754.94,356.45,21.41,54.56,0.4225,2,-1,-1
37,1,1115.96,423.06,27.08,69.56,0.7256,1,-1,-1
37,2,1078.40,424.48,24.76,44.75,0.6197,2,-1,-1
37,4,1808.70,532.30,44.79,80.40,0.4301,2,-1,-1
37,5,332.26,324.78,18.40,32.13,0.4902,1,-1,-1
37,6,428.10,313.49,12.30,28.99,0.6123,1,-1,-1
37,7,1474.19,284.28,33.29,17.03,0.5185,4,-1,-1
37,8,1650.60,282.29,37.64,18.89,0.5039,4,-1,-1
38,0,754.31,356.50,20.96,52.07,0.4073,2,-1,-1
38,1,1116.73,422.10,27.12,70.49,0.7066,1,-1,-1
38,2,1078.39,424.30,24.91,44.89,0.6086,2,-1,-1
38,4,1808.81,531.84,45.09,80.69,0.4571,2,-1,-1
38,5,332.57,327.79,16.97,29.15,0.3603,1,-1,-1
38,6,428.12,313.69,12.20,28.85,0.6067,1,-1,-1
38,7,1474.59,284.32,33.11,16.97,0.5039,4,-1,-1
38,8,1651.38,282.49,36.24,18.18,0.4893,4,-1,-1
39,0,756.06,357.05,20.22,49.23,0.4922,1,-1,-1
39,1,1117.43,421.63,27.43,71.68,0.6723,1,-1,-1
39,2,1078.42,424.22,24.83,44.66,0.6215,2,-1,-1
39,4,1809.15,532.11,44.93,80.07,0.4610,2,-1,-1
39,5,330.85,325.54,18.11,30.91,0.4054,1,-1,-1
39,6,428.14,313.92,12.08,28.64,0.6030,1,-1,-1
39,7,1474.85,284.24,33.14,17.04,0.5098,4,-1,-1
39,8,1652.02,282.54,35.45,17.77,0.4766,4,-1,-1
40,0,758.60,358.50,19.20,46.70,0.5651,1,-1,-1
40,1,1118.22,421.65,27.34,71.66,0.7106,1,-1,-1
40,2,1078.45,424.25,24.84,44.67,0.6234,2,-1,-1
40,4,1809.13,531.85,45.29,80.45,0.4562,2,-1,-1
40,5,329.17,324.99,18.32,31.28,0.3630,1,-1,-1
40,6,428.13,314.01,12.04,28.65,0.5917,1,-1,-1
40,7,1474.89,284.16,33.28,17.17,0.5029,4,-1,-1
40,8,1651.98,282.57,35.47,17.77,0.4766,4,-1,-1
40,11,129.42,399.20,17.73,44.65,0.4717,1,-1,-1
41,0,759.48,359.36,18.85,45.89,0.5765,1,-1,-1
41,1,1119.09,421.98,26.98,70.87,0.7009,1,-1,-1
41,2,1078.55,424.27,24.76,44.55,0.6289,2,-1,-1
41,4,1809.09,531.76,45.50,80.64,0.4378,2,-1,-1
41,5,326.11,324.61,18.91,32.00,0.4620,1,-1,-1
41,6,428.06,313.73,12.13,29.01,0.5917,1,-1,-1
41,7,1474.93,284.07,33.39,17.27,0.5137,4,-1,-1
41,8,1652.02,282.58,35.18,17.61,0.4756,4,-1,-1
41,11,129.34,399.17,18.02,45.39,0.4854,1,-1,-1
42,0,759.89,359.55,18.71,45.46,0.6142,1,-1,-1
42,1,1119.78,421.94,26.81,70.63,0.6334,1,-1,-1
42,2,1078.52,424.25,24.77,44.56,0.6234,2,-1,-1
42,4,1809.15,531.80,45.44,80.35,0.4369,2,-1,-1
42,5,324.71,324.03,19.04,32.24,0.5746,1,-1,-1
42,6,427.98,313.38,12.18,29.21,0.5898,1,-1,-1
42,7,1474.71,283.98,33.17,17.27,0.5283,4,-1,-1
42,8,1651.66,282.52,35.05,17.56,0.4698,4,-1,-1
42,11,129.35,399.24,17.91,45.13,0.5302,1,-1,-1
43,0,760.03,359.72,18.74,45.42,0.6142,1,-1,-1
43,1,1120.95,420.46,27.25,71.72,0.5156,1,-1,-1
43,2,1078.53,424.30,24.78,44.60,0.6307,2,-1,-1
43,4,1809.35,532.46,45.15,79.57,0.4340,2,-1,-1
43,5,323.10,324.08,18.95,32.27,0.5765,1,-1,-1
43,6,428.05,313.47,12.12,29.08,0.5765,1,-1,-1
43,7,1474.72,283.99,33.04,17.28,0.5341,4,-1,-1
43,8,1651.12,282.38,35.17,17.67,0.4785,4,-1,-1
43,11,129.33,399.24,17.94,45.23,0.5107,1,-1,-1
43,12,743.51,355.64,16.61,52.85,0.6030,1,-1,-1
44,0,759.70,359.41,18.98,45.78,0.5860,1,-1,-1
44,1,1121.91,418.90,27.59,72.81,0.5380,1,-1,-1
44,2,1078.60,424.30,24.82,44.68,0.6252,2,-1,-1
44,4,1809.23,531.89,45.54,80.18,0.4513,2,-1,-1
44,5,321.85,323.80,18.96,32.69,0.5804,1,-1,-1
44,6,428.09,313.74,12.01,28.84,0.5784,1,-1,-1
44,7,1474.53,284.01,32.97,17.31,0.5205,4,-1,-1
44,8,1650.12,282.21,35.99,18.15,0.4951,4,-1,-1
44,11,129.32,399.15,18.06,45.56,0.5078,1,-1,-1
44,12,742.12,356.09,17.06,54.18,0.6105,1,-1,-1
45,0,758.91,357.87,19.65,47.46,0.5917,1,-1,-1
45,1,1122.98,418.19,27.44,72.65,0.6160,1,-1,-1
45,2,1078.66,424.29,24.86,44.76,0.6234,2,-1,-1
45,4,1809.24,532.41,45.42,79.85,0.4562,2,-1,-1
45,5,320.92,323.20,19.11,33.69,0.6142,1,-1,-1
45,6,428.12,313.97,11.90,28.63,0.5823,1,-1,-1
45,7,1474.35,284.01,32.82,17.29,0.5283,4,-1,-1
45,8,1649.58,282.10,36.57,18.51,0.4990,4,-1,-1
45,11,129.31,399.16,18.10,45.72,0.5020,1,-1,-1
45,12,741.44,356.06,17.51,55.49,0.6030,1,-1,-1
45,14,298.62,386.42,22.24,50.25,0.4562,1,-1,-1
45,15,187.04,377.16,16.60,41.32,0.4698,1,-1,-1
46,0,758.10,356.14,20.52,49.40,0.6325,1,-1,-1
46,1,1124.47,418.97,26.87,71.60,0.6123,1,-1,-1
46,2,1078.71,424.26,24.85,44.74,0.6289,2,-1,-1
46,4,1809.82,534.65,44.12,77.10,0.4235,2,-1,-1
46,5,320.51,322.75,19.09,34.38,0.6030,1,-1,-1
46,6,428.08,314.00,11.90,28.66,0.5804,1,-1,-1
46,7,1474.01,283.92,33.01,17.45,0.5059,4,-1,-1
46,8,1649.46,282.06,36.49,18.55,0.4883,4,-1,-1
46,11,129.34,399.18,17.95,45.37,0.5029,1,-1,-1
46,12,740.59,357.01,17.26,54.52,0.6379,1,-1,-1
46,14,298.56,386.41,22.29,50.37,0.4426,1,-1,-1
46,15,187.26,377.17,15.93,39.62,0.4542,1,-1,-1
46,16,160.02,398.03,20.42,41.18,0.4630,1,-1,-1
47,0,757.37,355.56,21.18,50.82,0.6749,1,-1,-1
47,1,1125.66,420.11,26.25,70.38,0.6197,1,-1,-1
47,2,1078.79,424.32,24.76,44.56,0.6234,2,-1,-1
47,4,1810.08,534.41,44.52,77.44,0.4064,2,-1,-1
47,5,320.10,322.34,18.92,34.71,0.6593,1,-1,-1
47,6,428.05,313.77,11.92,28.77,0.5842,1,-1,-1
47,7,1473.70,283.77,32.95,17.55,0.5302,4,-1,-1
47,8,1649.35,281.95,35.85,18.32,0.4737,4,-1,-1
47,11,129.25,399.13,18.15,45.95,0.4873,1,-1,-1
47,12,738.41,357.03,17.46,55.07,0.6197,1,-1,-1
47,14,298.65,386.47,22.26,50.32,0.4017,1,-1,-1
47,15,187.31,377.28,16.28,40.45,0.4668,1,-1,-1
47,16,160.01,397.93,20.17,40.63,0.4659,1,-1,-1
47,18,1425.39,280.71,36.17,18.23,0.5137,4,-1,-1
48,0,756.89,355.09,21.20,50.56,0.6885,1,-1,-1
48,1,1126.78,421.30,25.63,69.00,0.5224,1,-1,-1
48,2,1078.84,424.31,24.75,44.55,0.6325,2,-1,-1
48,4,1809.40,532.21,46.55,80.67,0.4766,2,-1,-1
48,5,319.51,321.83,18.99,35.34,0.6522,1,-1,-1
48,6,428.06,313.08,12.19,29.44,0.5993,1,-1,-1
48,7,1472.72,284.09,32.42,17.22,0.3766,4,-1,-1
48,8,1650.79,282.04,34.06,17.54,0.3923,4,-1,-1
48,11,129.46,399.42,18.27,46.31,0.4244,1,-1,-1
48,12,736.96,357.49,17.42,54.72,0.5784,1,-1,-1
48,14,298.13,386.38,21.85,49.50,0.2365,1,-1,-1
48,15,187.57,376.14,16.81,41.75,0.1290,1,-1,-1
48,16,160.22,397.98,20.46,41.20,0.4776,1,-1,-1
48,18,1423.93,281.09,35.72,18.05,0.3285,4,-1,-1
49,0,756.63,355.01,21.32,50.52,0.6663,1,-1,-1
49,1,1127.34,417.49,26.93,72.30,0.5535,1,-1,-1
49,2,1079.03,424.37,24.59,44.19,0.6397,2,-1,-1
49,4,1808.97,530.12,48.20,83.24,0.5263,2,-1,-1
49,5,319.29,321.70,18.77,35.30,0.6593,1,-1,-1
49,6,428.34,313.15,12.17,29.40,0.5993,1,-1,-1
49,7,1472.69,284.17,32.42,17.22,0.3951,4,-1,-1
49,8,1651.74,282.11,33.36,17.31,0.3961,4,-1,-1
49,11,129.64,399.50,18.25,46.33,0.4407,1,-1,-1
49,12,736.20,358.24,17.09,53.12,0.6011,1,-1,-1
49,14,298.16,386.26,21.45,48.70,0.2337,1,-1,-1
49,15,187.15,376.53,19.27,48.03,0.4397,1,-1,-1
49,16,160.89,397.86,20.55,41.48,0.4873,1,-1,-1
49,18,1423.81,281.27,35.35,17.91,0.3585,4,-1,-1
50,0,756.50,354.85,21.52,50.68,0.6325,1,-1,-1
50,1,1128.72,415.84,27.43,73.49,0.5955,1,-1,-1
50,2,1079.16,424.43,24.77,44.46,0.6397,2,-1,-1
50,4,1809.66,530.69,48.21,82.81,0.5400,2,-1,-1
50,5,319.02,321.93,18.49,34.89,0.6361,1,-1,-1
50,6,428.61,313.21,12.10,29.21,0.6011,1,-1,-1
50,7,1473.18,284.11,32.52,17.25,0.3775,4,-1,-1
50,8,1652.07,281.96,33.42,17.47,0.3486,4,-1,-1
50,11,129.92,399.65,18.32,46.68,0.4581,1,-1,-1
50,12,735.36,358.56,17.21,52.86,0.6325,1,-1,-1
50,14,298.55,386.50,21.15,48.17,0.2069,1,-1,-1
50,15,188.53,376.67,20.56,50.76,0.4562,1,-1,-1
50,16,161.72,397.99,20.42,41.35,0.4678,1,-1,-1
50,18,1424.59,281.18,35.23,17.90,0.3115,4,-1,-1
51,0,756.59,354.75,21.64,50.77,0.6234,1,-1,-1
51,1,1130.89,415.74,27.54,73.77,0.5993,1,-1,-1
51,2,1079.53,424.47,25.15,45.14,0.6433,2,-1,-1
51,4,1811.19,533.27,47.25,80.55,0.4282,2,-1,-1
51,5,319.46,322.51,18.16,34.05,0.6307,1,-1,-1
51,6,429.58,313.64,11.86,28.42,0.5593,1,-1,-1
51,7,1474.00,283.76,31.68,17.02,0.4369,4,-1,-1
51,8,1653.75,281.42,34.59,18.08,0.4168,4,-1,-1
51,11,130.77,399.24,19.44,49.91,0.4235,1,-1,-1
51,12,734.11,358.73,17.22,52.31,0.6645,1,-1,-1
51,14,299.43,386.68,22.01,50.00,0.3785,1,-1,-1
51,15,190.47,376.22,23.95,58.28,0.4273,1,-1,-1
51,16,162.45,397.87,21.38,43.56,0.4225,1,-1,-1
51,18,1424.14,281.12,35.10,17.93,0.3567,4,-1,-1
52,0,757.98,356.25,21.70,50.93,0.5068,1,-1,-1
52,1,1132.81,416.85,27.46,73.36,0.4639,1,-1,-1
52,2,1080.94,424.58,24.83,44.44,0.6575,2,-1,-1
52,4,1813.09,536.54,45.74,77.47,0.2934,2,-1,-1
52,5,320.59,322.46,18.36,34.06,0.6451,1,-1,-1
52,6,430.72,313.03,11.88,28.10,0.4610,1,-1,-1
52,7,1477.12,283.30,31.95,17.17,0.4455,4,-1,-1
52,8,1655.27,282.19,35.21,18.46,0.4187,4,-1,-1
52,11,132.53,398.89,19.23,49.50,0.4225,1,-1,-1
52,12,733.56,358.21,17.53,53.13,0.6252,1,-1,-1
52,14,300.84,386.10,22.67,51.56,0.4795,1,-1,-1
52,15,192.02,375.86,24.55,58.85,0.3277,1,-1,-1
52,16,165.05,397.71,20.95,43.03,0.4815,1,-1,-1
52,18,1426.06,280.83,35.21,18.05,0.3558,4,-1,-1
53,0,759.36,355.45,21.14,49.67,0.4600,1,-1,-1
53,1,1136.45,416.53,27.27,72.55,0.6885,1,-1,-1
53,2,1083.07,424.45,24.36,43.41,0.6379,2,-1,-1
53,4,1817.80,534.96,45.44,77.50,0.3183,2,-1,-1
53,5,322.75,323.71,18.05,33.06,0.5254,1,-1,-1
53,6,433.01,313.17,11.81,27.66,0.4834,1,-1,-1
53,7,1480.36,284.34,31.65,16.68,0.3260,4,-1,-1
53,8,1656.47,282.03,35.93,18.89,0.3942,4,-1,-1
53,11,134.93,398.19,19.88,51.58,0.5029,1,-1,-1
53,12,734.16,358.40,17.56,52.54,0.6160,1,-1,-1
53,14,304.19,386.21,22.29,50.48,0.2926,1,-1,-1
53,15,195.04,375.91,24.73,58.21,0.3486,1,-1,-1
53,16,164.64,397.82,22.99,47.28,0.1078,1,-1,-1
53,18,1429.32,281.15,34.01,17.45,0.2822,4,-1,-1
54,0,761.55,356.13,20.04,46.97,0.5351,1,-1,-1
54,1,1140.24,424.31,24.81,64.85,0.5020,1,-1,-1
54,2,1085.90,424.42,24.00,42.69,0.6540,2,-1,-1
54,4,1819.85,536.60,45.36,77.11,0.2894,2,-1,-1
54,5,325.16,324.99,17.73,31.90,0.5419,1,-1,-1
54,6,435.75,313.56,12.01,27.59,0.5185,1,-1,-1
54,7,1483.34,284.15,31.45,16.76,0.4649,4,-1,-1
54,8,1655.23,281.75,37.98,19.93,0.1651,4,-1,-1
54,11,139.52,398.17,19.55,50.68,0.3877,1,-1,-1
54,12,734.83,358.25,17.39,51.98,0.6270,1,-1,-1
54,14,307.56,386.12,22.03,49.66,0.2531,1,-1,-1
54,15,199.77,376.41,24.66,56.43,0.4407,1,-1,-1
54,18,1432.46,280.95,33.15,17.14,0.2576,4,-1,-1
55,0,763.74,355.33,20.58,47.86,0.6188,1,-1,-1
55,1,1145.55,432.86,22.09,55.93,0.5137,1,-1,-1
55,2,1089.18,424.29,24.70,43.91,0.6469,2,-1,-1
55,4,1824.17,538.48,44.93,75.54,0.2012,2,-1,-1
55,5,328.79,325.80,17.76,31.06,0.4301,1,-1,-1
55,7,1487.29,284.34,30.21,16.21,0.3951,4,-1,-1
55,11,143.95,397.68,19.40,50.41,0.3460,1,-1,-1
55,12,736.55,358.45,17.32,51.48,0.6885,1,-1,-1
55,14,311.78,386.33,22.28,50.21,0.4562,1,-1,-1
55,15,202.88,375.66,23.94,53.51,0.1063,2,-1,-1
55,18,1433.45,282.20,32.49,16.51,0.1176,4,-1,-1
56,0,767.20,355.57,20.56,47.72,0.5804,1,-1,-1
56,1,1149.44,422.24,26.33,66.53,0.6800,1,-1,-1
56,2,1092.24,424.56,24.95,44.29,0.6451,2,-1,-1
56,4,1828.99,538.62,43.17,72.78,0.4187,2,-1,-1
56,5,332.33,325.09,18.39,31.43,0.4426,1,-1,-1
56,7,1492.13,284.58,31.35,16.56,0.3766,4,-1,-1
56,11,149.17,397.56,19.14,50.02,0.3242,1,-1,-1
56,12,738.78,357.56,17.41,51.74,0.6968,1,-1,-1
56,14,315.60,386.27,22.45,50.53,0.5273,1,-1,-1
56,15,206.36,376.35,23.30,51.74,0.1188,2,-1,-1
56,18,1439.52,280.85,34.93,17.76,0.3320,4,-1,-1
57,0,770.67,355.85,20.23,46.80,0.5467,1,-1,-1
57,1,1153.71,420.15,27.42,68.82,0.6926,1,-1,-1
57,2,1095.98,424.65,24.52,43.35,0.6307,2,-1,-1
57,4,1832.73,538.79,44.01,74.27,0.4244,2,-1,-1
57,5,334.50,323.88,19.39,32.92,0.4017,1,-1,-1
57,7,1496.14,285.13,30.33,16.03,0.3886,4,-1,-1
57,11,153.55,397.42,20.00,52.60,0.2798,1,-1,-1
57,12,740.56,357.67,17.78,52.54,0.6951,1,-1,-1
57,14,319.21,386.17,22.48,50.48,0.1859,1,-1,-1
57,15,211.44,375.76,24.64,53.36,0.3522,1,-1,-1
57,18,1443.43,280.64,34.82,17.77,0.2591,4,-1,-1
58,0,773.75,356.07,20.70,47.77,0.5458,1,-1,-1
58,1,1158.17,419.30,27.65,68.92,0.6868,1,-1,-1
58,2,1099.69,424.61,24.32,43.04,0.6575,2,-1,-1
58,4,1837.35,538.01,45.44,76.88,0.4766,2,-1,-1
58,5,339.04,322.86,19.68,33.44,0.4581,1,-1,-1
58,7,1501.82,284.30,31.60,16.63,0.2967,4,-1,-1
58,11,157.66,396.92,19.97,52.43,0.2910,1,-1,-1
58,12,743.18,358.17,18.10,53.17,0.6766,1,-1,-1
58,14,324.13,385.36,23.07,52.01,0.2056,1,-1,-1
58,15,214.65,375.39,25.13,54.05,0.2644,1,-1,-1
58,18,1447.59,281.30,34.01,17.35,0.2926,4,-1,-1
59,0,777.67,356.40,20.36,46.33,0.5842,1,-1,-1
59,1,1163.03,420.41,27.43,67.75,0.7491,1,-1,-1
59,2,1103.57,425.13,24.84,43.86,0.6610,2,-1,-1
59,4,1841.26,543.67,42.95,72.65,0.1078,2,-1,-1
59,5,342.30,322.29,20.04,33.93,0.3886,1,-1,-1
59,7,1505.13,285.06,32.07,16.57,0.2689,4,-1,-1
59,11,164.03,396.43,20.52,53.58,0.2509,1,-1,-1
59,12,745.51,357.94,18.28,53.59,0.6715,1,-1,-1
59,14,328.66,385.40,23.26,52.28,0.2999,1,-1,-1
59,15,221.70,376.18,26.05,54.86,0.4785,1,-1,-1
59,18,1451.13,280.58,36.10,18.36,0.3191,4,-1,-1
60,0,781.26,356.20,20.59,46.21,0.5631,1,-1,-1
60,1,1168.61,422.48,26.94,65.89,0.6243,1,-1,-1
60,2,1107.65,425.20,24.54,43.02,0.6433,2,-1,-1
60,4,1848.75,544.59,43.26,72.58,0.1446,10,-1,-1
60,5,346.86,323.94,18.48,31.42,0.2736,1,-1,-1
60,7,1509.70,285.60,31.35,16.12,0.3567,4,-1,-1
60,11,168.93,396.11,19.78,52.18,0.2415,1,-1,-1
60,12,747.94,358.05,18.13,52.94,0.6951,1,-1,-1
60,14,333.46,384.95,23.28,52.42,0.3549,1,-1,-1
60,15,225.03,375.22,26.32,54.53,0.1132,2,-1,-1
60,18,1456.38,280.87,35.27,17.89,0.1667,4,-1,-1
61,0,784.17,356.29,20.76,46.23,0.5993,1,-1,-1
61,1,1174.30,421.06,27.34,66.26,0.6783,1,-1,-1
61,2,1111.30,425.09,24.38,42.73,0.6540,2,-1,-1
61,4,1853.64,540.59,44.18,74.52,0.4552,2,-1,-1
61,5,349.90,322.72,18.45,31.81,0.3905,1,-1,-1
61,7,1513.54,284.83,32.70,16.76,0.3486,4,-1,-1
61,11,174.00,397.01,18.14,48.45,0.2999,1,-1,-1
61,12,750.78,358.28,17.50,51.03,0.7394,1,-1,-1
61,14,338.57,385.63,22.59,50.93,0.5195,1,-1,-1
61,15,233.89,376.15,25.30,51.75,0.2173,1,-1,-1
61,18,1461.48,281.14,35.11,17.83,0.2480,4,-1,-1
62,0,787.30,356.83,20.77,45.80,0.6002,1,-1,-1
62,1,1180.02,421.63,27.42,66.14,0.7138,1,-1,-1
62,2,1114.75,425.27,25.55,44.62,0.6270,2,-1,-1
62,4,1858.88,541.15,45.17,75.83,0.1700,10,-1,-1
62,5,353.01,322.20,18.70,32.57,0.3433,1,-1,-1
62,7,1517.75,285.39,33.16,16.78,0.2316,4,-1,-1
62,11,179.32,397.07,18.07,48.10,0.2436,1,-1,-1
62,12,753.36,358.27,17.41,50.65,0.6951,1,-1,-1
62,14,343.08,385.09,22.26,50.22,0.2894,1,-1,-1
62,15,236.71,375.53,25.07,50.27,0.1082,2,-1,-1
62,18,1465.08,280.78,37.21,18.82,0.4630,4,-1,-1
63,0,790.33,355.87,21.42,46.87,0.6496,1,-1,-1
63,1,1184.95,419.86,28.12,67.88,0.7513,1,-1,-1
63,2,1118.27,425.06,25.39,43.87,0.6142,2,-1,-1
63,5,357.01,318.62,20.76,36.45,0.2114,1,-1,-1
63,7,1523.70,285.28,33.51,16.76,0.5029,4,-1,-1
63,11,182.59,395.94,19.21,51.26,0.3451,1,-1,-1
63,12,756.18,358.10,17.64,51.03,0.7349,1,-1,-1
63,14,347.10,385.81,21.82,49.41,0.1907,1,-1,-1
63,15,239.70,375.14,23.66,46.58,0.1101,2,-1,-1
63,18,1469.21,280.37,37.73,19.09,0.4902,4,-1,-1
64,0,793.84,355.71,21.70,47.29,0.6095,1,-1,-1
64,1,1190.62,421.28,27.87,67.05,0.6993,1,-1,-1
64,2,1122.47,424.66,25.08,43.23,0.6610,2,-1,-1
64,5,360.99,319.64,20.52,36.15,0.2214,1,-1,-1
64,7,1528.38,284.00,35.39,17.65,0.4815,4,-1,-1
64,11,188.47,395.55,18.92,50.39,0.1772,1,-1,-1
64,12,759.00,357.63,18.05,52.16,0.6800,1,-1,-1
64,14,352.23,385.15,21.97,49.78,0.3868,1,-1,-1
64,15,242.47,375.05,25.32,48.97,0.1132,1,-1,-1
64,18,1474.25,280.35,37.65,19.09,0.4168,4,-1,-1
65,0,797.06,355.49,21.62,47.13,0.6095,1,-1,-1
65,1,1196.11,421.74,27.98,67.47,0.7082,1,-1,-1
65,2,1126.62,424.95,25.56,43.86,0.6234,2,-1,-1
65,5,365.55,320.80,19.81,35.13,0.2942,1,-1,-1
65,7,1532.51,284.32,34.70,17.46,0.3268,4,-1,-1
65,11,193.47,395.49,18.46,48.83,0.1357,2,-1,-1
65,12,761.60,357.90,18.00,52.03,0.7334,1,-1,-1
65,14,356.98,384.02,22.03,49.43,0.1510,1,-1,-1
65,15,247.46,375.05,27.88,53.80,0.2509,2,-1,-1
65,18,1478.65,281.00,34.97,17.92,0.2140,4,-1,-1
66,0,801.00,355.54,21.19,45.88,0.6030,1,-1,-1
66,1,1202.50,422.87,27.93,67.01,0.6843,1,-1,-1
66,2,1130.68,425.09,25.64,43.64,0.6289,2,-1,-1
66,5,369.39,321.05,19.57,34.61,0.2744,1,-1,-1
66,7,1537.65,283.08,36.71,18.48,0.4073,4,-1,-1
66,12,764.67,358.04,18.05,52.24,0.7571,1,-1,-1
66,14,361.52,384.20,23.05,51.59,0.4465,1,-1,-1
66,15,253.58,374.66,29.78,56.83,0.2539,2,-1,-1
66,18,1483.13,281.66,35.62,18.01,0.2598,4,-1,-1
67,0,805.04,355.73,20.74,44.72,0.5974,1,-1,-1
67,1,1208.39,424.10,26.83,64.67,0.6749,1,-1,-1
67,2,1135.16,424.94,25.51,43.49,0.6628,2,-1,-1
67,5,372.98,319.68,20.35,36.08,0.5535,1,-1,-1
67,7,1542.28,284.43,35.45,17.85,0.2910,4,-1,-1
67,12,767.82,358.14,17.95,51.58,0.7050,1,-1,-1
67,14,367.19,384.09,22.61,50.23,0.5574,1,-1,-1
67,15,257.95,374.15,30.60,58.50,0.2337,2,-1,-1
67,18,1488.62,280.70,37.63,19.00,0.4206,4,-1,-1
67,26,299.68,382.29,21.54,50.86,0.5496,1,-1,-1
68,0,808.36,355.86,21.21,45.79,0.6289,1,-1,-1
68,1,1214.13,423.36,27.80,66.74,0.6478,1,-1,-1
68,2,1139.39,424.82,26.05,44.34,0.6215,2,-1,-1
68,5,377.23,319.92,19.61,34.92,0.3739,1,-1,-1
68,7,1548.10,283.47,36.84,18.51,0.3831,4,-1,-1
68,12,770.76,358.02,18.13,52.19,0.6901,1,-1,-1
68,14,372.21,383.67,23.20,51.57,0.4301,1,-1,-1
68,15,263.28,374.50,29.80,57.03,0.1597,2,-1,-1
68,18,1493.51,280.60,37.51,18.94,0.3831,4,-1,-1
68,26,305.05,382.25,21.02,49.67,0.5409,1,-1,-1
69,0,812.48,356.48,20.51,44.04,0.6584,1,-1,-1
69,1,1220.81,423.89,27.43,65.65,0.6732,1,-1,-1
69,2,1143.34,424.23,26.19,44.29,0.6179,2,-1,-1
69,5,381.70,319.80,19.67,34.88,0.4863,1,-1,-1
69,7,1552.60,283.61,36.67,18.48,0.3666,4,-1,-1
69,12,773.89,357.98,17.79,51.29,0.7130,1,-1,-1
69,14,377.09,383.84,23.21,51.44,0.5351,1,-1,-1
69,15,269.41,374.16,30.31,58.00,0.1999,2,-1,-1
69,18,1498.35,280.81,37.08,18.76,0.3355,4,-1,-1
69,26,310.99,382.24,21.19,50.24,0.5458,1,-1,-1
70,0,816.33,356.25,20.06,43.10,0.6370,1,-1,-1
70,1,1226.90,423.67,28.40,67.55,0.6496,1,-1,-1
70,2,1148.43,424.49,25.83,43.69,0.6575,2,-1,-1
70,5,385.07,319.58,19.68,35.03,0.3766,1,-1,-1
70,7,1559.03,284.85,34.58,17.31,0.3766,4,-1,-1
70,12,776.93,357.95,17.98,51.83,0.7318,1,-1,-1
70,14,381.86,383.20,22.88,50.49,0.3355,1,-1,-1
70,15,274.67,374.54,29.68,56.96,0.1582,2,-1,-1
70,18,1504.26,280.60,37.21,19.04,0.1711,4,-1,-1
70,26,317.82,382.55,20.52,48.70,0.5670,1,-1,-1
71,0,820.33,355.75,20.73,44.77,0.6316,1,-1,-1
71,1,1232.95,423.83,28.69,67.99,0.6575,1,-1,-1
71,2,1152.69,424.61,26.10,44.12,0.6522,2,-1,-1
71,5,390.32,319.87,19.47,34.81,0.4688,1,-1,-1
71,7,1563.54,285.06,34.23,17.04,0.4064,4,-1,-1
71,12,780.13,358.21,18.00,51.66,0.7098,1,-1,-1
71,14,387.30,383.68,22.75,50.15,0.5784,1,-1,-1
71,15,280.92,373.84,29.24,55.59,0.2516,1,-1,-1
71,18,1509.63,280.72,36.72,18.84,0.2934,4,-1,-1
71,26,322.97,382.87,20.30,48.36,0.5898,1,-1,-1
72,0,824.27,355.88,20.79,45.27,0.6215,1,-1,-1
72,1,1239.18,424.81,28.10,66.26,0.6575,1,-1,-1
72,2,1156.88,424.21,25.67,43.17,0.6522,2,-1,-1
72,5,395.07,320.91,18.88,33.73,0.2783,1,-1,-1
72,7,1568.73,285.42,33.67,16.82,0.3486,4,-1,-1
72,12,782.96,357.78,17.97,51.68,0.6766,1,-1,-1
72,14,392.28,383.61,22.20,48.58,0.4026,1,-1,-1
72,15,287.56,374.03,29.32,55.38,0.1968,1,-1,-1
72,18,1513.83,280.77,37.55,19.24,0.4187,4,-1,-1
72,26,328.98,382.52,20.07,47.88,0.5784,1,-1,-1
72,31,1705.43,283.53,41.02,19.91,0.4727,4,-1,-1
73,0,828.13,355.14,20.77,45.26,0.6732,1,-1,-1
73,1,1244.74,424.76,29.38,68.29,0.7009,1,-1,-1
73,2,1161.06,424.43,26.60,44.74,0.6105,2,-1,-1
73,5,398.66,319.66,19.13,34.19,0.2436,1,-1,-1
73,7,1574.78,283.88,36.21,18.05,0.4149,4,-1,-1
73,12,786.02,357.81,17.90,51.52,0.7318,1,-1,-1
73,14,397.63,383.94,22.17,48.39,0.5593,1,-1,-1
73,15,293.26,373.83,29.58,55.64,0.3495,1,-1,-1
73,18,1518.44,281.32,37.51,19.06,0.3730,4,-1,-1
73,26,333.62,381.70,20.30,48.55,0.5908,1,-1,-1
73,31,1708.27,282.97,42.14,20.42,0.4571,4,-1,-1
74,0,831.23,355.13,21.21,46.40,0.6361,1,-1,-1
74,1,1250.36,425.51,29.72,68.44,0.7025,1,-1,-1
74,2,1165.02,424.93,26.30,43.98,0.6325,2,-1,-1
74,5,402.13,320.76,19.12,34.24,0.4054,1,-1,-1
74,7,1578.69,284.18,36.59,18.36,0.2682,4,-1,-1
74,12,788.59,357.88,18.06,52.00,0.7318,1,-1,-1
74,14,402.38,383.76,22.14,48.26,0.5955,1,-1,-1
74,15,297.95,373.38,29.42,55.23,0.3914,2,-1,-1
74,18,1523.72,281.34,37.59,18.95,0.3140,4,-1,-1
74,26,338.88,381.28,20.60,49.57,0.6021,1,-1,-1
74,31,1715.30,282.56,42.67,20.70,0.5244,4,-1,-1
75,0,834.52,355.06,20.72,45.87,0.6307,1,-1,-1
75,1,1254.55,426.02,29.50,67.93,0.7138,1,-1,-1
75,2,1168.67,424.37,26.47,44.19,0.6215,2,-1,-1
75,5,406.41,322.23,18.34,32.74,0.2351,1,-1,-1
75,7,1583.66,284.85,35.43,17.74,0.2942,4,-1,-1
75,12,790.92,357.52,18.40,52.95,0.6697,1,-1,-1
75,14,406.49,382.82,22.48,49.17,0.3666,1,-1,-1
75,15,301.88,372.83,30.00,56.02,0.2999,2,-1,-1
75,18,1529.45,281.71,37.05,18.78,0.2088,4,-1,-1
75,26,343.12,380.80,21.11,50.86,0.5718,1,-1,-1
75,31,1720.57,281.80,43.20,21.00,0.4149,4,-1,-1
76,0,838.36,355.85,20.12,44.85,0.6243,1,-1,-1
76,1,1258.53,425.88,28.51,66.16,0.7130,1,-1,-1
76,2,1173.29,425.16,26.18,43.66,0.6325,2,-1,-1
76,5,409.54,321.64,18.32,32.84,0.1030,1,-1,-1
76,7,1586.71,285.23,34.97,17.47,0.2713,4,-1,-1
76,12,793.81,357.56,18.08,51.91,0.6540,1,-1,-1
76,14,410.56,383.43,22.45,49.36,0.5448,1,-1,-1
76,15,306.96,373.07,29.59,55.30,0.2323,1,-1,-1
76,18,1532.93,281.76,36.79,18.70,0.1551,4,-1,-1
76,26,347.88,381.09,20.71,50.02,0.6234,1,-1,-1
76,31,1727.50,282.89,41.44,20.16,0.4688,4,-1,-1
77,0,841.14,355.65,20.27,45.51,0.6039,1,-1,-1
77,1,1262.54,425.52,28.35,66.62,0.6766,1,-1,-1
77,2,1177.42,425.89,25.52,42.40,0.6433,2,-1,-1
77,5,413.93,321.58,18.14,32.74,0.1790,1,-1,-1
77,7,1591.84,284.68,36.53,18.33,0.2288,4,-1,-1
77,12,795.97,357.06,17.97,51.50,0.6918,1,-1,-1
77,14,414.89,383.71,22.25,48.90,0.5860,1,-1,-1
77,15,310.30,372.71,30.86,57.98,0.3082,1,-1,-1
77,18,1537.26,281.08,38.22,19.39,0.3621,4,-1,-1
77,26,352.87,381.60,20.21,48.89,0.6270,1,-1,-1
77,31,1732.97,282.94,40.99,19.98,0.4017,4,-1,-1
78,0,844.33,355.85,20.13,45.45,0.6188,1,-1,-1
78,1,1266.51,425.70,28.16,66.85,0.6732,1,-1,-1
78,2,1179.88,425.48,25.80,42.42,0.6926,2,-1,-1
78,5,416.68,319.86,19.05,35.10,0.2379,1,-1,-1
78,7,1598.51,283.54,37.68,18.90,0.3372,4,-1,-1
78,12,798.14,357.12,18.48,53.17,0.6628,1,-1,-1
78,14,419.36,382.38,21.99,48.43,0.1093,1,-1,-1
78,15,316.03,372.85,29.94,56.54,0.4359,1,-1,-1
78,18,1541.47,280.24,40.00,20.27,0.4436,4,-1,-1
78,26,357.87,381.39,20.24,49.06,0.6011,1,-1,-1
78,31,1737.93,284.04,39.35,19.03,0.3442,4,-1,-1
79,0,847.47,355.82,19.72,44.71,0.6234,1,-1,-1
79,1,1270.28,425.32,28.19,67.51,0.6800,1,-1,-1
79,2,1183.92,425.69,25.94,42.87,0.6593,2,-1,-1
79,12,800.42,356.91,18.35,52.68,0.7178,1,-1,-1
79,14,423.82,382.68,21.63,47.75,0.4494,1,-1,-1
79,15,321.85,373.14,27.96,52.43,0.4475,1,-1,-1
79,18,1546.37,281.04,38.72,19.54,0.1613,4,-1,-1
79,26,362.61,381.41,20.02,48.74,0.5756,1,-1,-1
79,31,1742.43,283.86,39.56,19.14,0.3877,4,-1,-1
80,0,850.92,355.08,20.23,45.76,0.6697,1,-1,-1
80,1,1274.12,424.94,28.63,69.43,0.6671,1,-1,-1
80,2,1187.23,425.65,26.78,44.27,0.5879,2,-1,-1
80,12,802.38,356.39,18.86,53.93,0.6918,1,-1,-1
80,14,427.93,381.86,22.19,49.24,0.5651,1,-1,-1
80,15,327.10,373.13,26.97,50.47,0.3513,1,-1,-1
80,18,1547.83,281.46,37.52,19.04,0.1813,4,-1,-1
80,26,366.95,381.52,19.93,48.50,0.5660,1,-1,-1
80,31,1746.50,282.71,42.09,20.40,0.3630,4,-1,-1
80,36,1803.71,409.95,47.34,23.20,0.4922,4,-1,-1
81,0,853.83,354.89,20.33,46.16,0.5898,1,-1,-1
81,1,1277.98,424.15,28.74,70.24,0.6926,1,-1,-1
81,2,1190.03,425.27,27.42,44.83,0.7280,2,-1,-1
81,12,804.95,356.57,18.37,52.36,0.6749,1,-1,-1
81,14,431.89,380.98,22.16,49.61,0.3346,1,-1,-1
81,15,329.31,372.48,28.38,53.98,0.3329,1,-1,-1
81,18,1553.82,280.75,38.97,19.85,0.1801,4,-1,-1
81,26,371.49,381.23,19.96,48.75,0.5593,1,-1,-1
81,31,1752.66,283.53,40.38,19.55,0.2539,4,-1,-1
81,36,1809.45,410.32,47.39,23.22,0.3684,4,-1,-1
82,0,856.47,354.52,20.90,47.88,0.6540,1,-1,-1
82,1,1282.25,423.50,28.56,70.28,0.7712,1,-1,-1
82,2,1194.32,424.90,26.48,43.28,0.6680,2,-1,-1
82,12,807.35,356.23,18.42,52.42,0.6680,1,-1,-1
82,14,435.59,380.40,22.45,50.69,0.5312,1,-1,-1
82,15,334.03,372.36,27.61,52.40,0.3594,1,-1,-1
82,18,1560.54,280.82,39.52,20.17,0.3166,4,-1,-1
82,26,375.74,381.29,19.98,48.79,0.6361,1,-1,-1
82,31,1757.05,283.47,40.11,19.43,0.3594,4,-1,-1
82,36,1814.51,410.21,48.75,23.92,0.1148,4,-1,-1
83,0,859.59,354.92,20.23,46.64,0.6142,1,-1,-1
83,1,1287.05,424.32,27.88,68.77,0.7178,1,-1,-1
83,2,1198.66,426.07,26.20,42.89,0.6433,2,-1,-1
83,12,810.23,356.19,18.36,52.19,0.6697,1,-1,-1
83,14,439.81,380.08,22.27,50.63,0.5651,1,-1,-1
83,15,338.41,372.19,28.44,53.89,0.3115,1,-1,-1
83,18,1562.89,280.97,39.45,20.01,0.3200,4,-1,-1
83,26,379.75,381.07,19.87,48.38,0.6361,1,-1,-1
83,31,1761.30,283.98,39.61,19.01,0.4111,4,-1,-1
83,5,432.66,320.41,18.45,33.42,0.5273,1,-1,-1
84,0,862.56,354.24,20.56,47.34,0.6800,1,-1,-1
84,1,1291.28,423.83,28.10,69.35,0.6558,1,-1,-1
84,2,1202.12,426.52,25.89,42.18,0.6451,2,-1,-1
84,12,812.33,356.14,18.25,51.70,0.7210,1,-1,-1
84,14,443.83,379.74,21.76,49.73,0.2465,1,-1,-1
84,15,341.95,372.07,29.62,57.02,0.4620,1,-1,-1
84,18,1566.32,281.32,39.62,20.08,0.2408,4,-1,-1
84,26,383.59,380.39,20.04,48.98,0.5641,1,-1,-1
84,31,1766.15,283.90,40.20,19.33,0.3785,4,-1,-1
84,5,437.74,321.16,18.61,33.09,0.3785,1,-1,-1
85,0,865.58,354.83,20.20,46.60,0.6151,1,-1,-1
85,1,1295.07,427.37,26.91,66.83,0.5429,1,-1,-1
85,2,1205.26,425.93,25.92,42.17,0.6252,2,-1,-1
85,12,814.58,356.18,18.13,50.95,0.6918,1,-1,-1
85,14,447.27,379.52,22.48,51.73,0.4932,1,-1,-1
85,15,345.70,371.96,28.67,55.04,0.3766,1,-1,-1
85,18,1572.11,281.11,39.85,20.22,0.3576,4,-1,-1
85,26,387.94,379.80,20.44,50.02,0.6021,1,-1,-1
85,31,1770.36,283.32,41.73,20.08,0.4397,4,-1,-1
85,5,440.20,321.03,19.13,33.44,0.4746,1,-1,-1
86,0,868.19,355.14,20.49,47.60,0.5974,1,-1,-1
86,1,1298.73,423.27,28.12,70.11,0.7082,1,-1,-1
86,2,1209.14,425.89,26.34,42.79,0.6067,2,-1,-1
86,12,816.52,355.96,18.17,50.53,0.7017,1,-1,-1
86,14,451.41,379.79,22.18,51.33,0.5263,1,-1,-1
86,15,350.29,371.34,28.13,53.99,0.3877,1,-1,-1
86,18,1575.31,281.25,39.49,19.92,0.1242,4,-1,-1
86,26,391.91,380.04,20.19,49.21,0.5603,1,-1,-1
86,31,1776.45,284.05,40.36,19.38,0.3268,4,-1,-1
86,5,443.64,322.72,18.39,32.01,0.3140,1,-1,-1
87,0,870.67,355.53,20.70,48.43,0.6123,1,-1,-1
87,1,1302.30,422.61,28.88,71.69,0.7217,1,-1,-1
87,2,1211.86,425.94,27.23,44.10,0.6637,2,-1,-1
87,12,818.57,355.61,18.14,50.34,0.6918,1,-1,-1
87,14,454.83,379.38,21.86,50.99,0.3099,1,-1,-1
87,15,353.59,371.57,29.29,57.00,0.4668,1,-1,-1
87,18,1579.43,281.41,39.81,20.21,0.1375,4,-1,-1
87,26,395.48,379.81,20.33,49.51,0.5477,1,-1,-1
87,31,1778.69,283.31,42.21,20.35,0.3124,4,-1,-1
87,5,446.15,322.94,19.22,32.41,0.2200,1,-1,-1
88,0,873.84,355.78,20.65,48.49,0.6049,1,-1,-1
88,1,1305.52,420.36,29.55,73.57,0.7066,1,-1,-1
88,2,1214.51,425.65,27.53,44.11,0.5908,2,-1,-1
88,12,820.75,355.67,18.39,50.89,0.6715,1,-1,-1
88,14,458.49,379.48,21.98,51.59,0.4727,1,-1,-1
88,15,357.35,371.12,28.90,56.23,0.4397,1,-1,-1
88,18,1584.98,281.20,40.16,20.46,0.5010,4,-1,-1
88,26,399.26,380.23,20.58,50.00,0.6067,1,-1,-1
88,31,1783.38,284.00,41.22,19.72,0.5010,4,-1,-1
88,5,448.82,321.80,19.92,32.79,0.3433,1,-1,-1
89,0,876.87,355.49,19.96,46.84,0.6215,1,-1,-1
89,1,1309.00,419.54,30.01,74.30,0.7628,1,-1,-1
89,2,1218.44,425.38,27.00,43.24,0.6433,2,-1,-1
89,12,823.34,355.86,18.40,50.54,0.7001,1,-1,-1
89,14,462.73,379.76,21.47,50.31,0.5127,1,-1,-1
89,15,362.37,370.86,28.04,54.40,0.3355,1,-1,-1
89,18,1588.63,280.96,40.56,20.73,0.3730,4,-1,-1
89,26,403.54,380.89,20.23,49.07,0.5699,1,-1,-1
89,31,1788.87,285.12,39.59,18.81,0.4254,4,-1,-1
89,5,451.38,321.37,20.36,32.83,0.3200,1,-1,-1
90,0,879.69,355.86,20.18,47.70,0.5727,1,-1,-1
90,1,1311.85,421.57,29.00,71.93,0.7154,1,-1,-1
90,2,1222.36,426.50,26.58,42.54,0.6361,2,-1,-1
90,12,825.44,355.87,18.49,50.22,0.6885,1,-1,-1
90,14,466.19,379.41,21.27,50.05,0.2088,1,-1,-1
90,15,365.63,370.82,29.39,57.72,0.4922,1,-1,-1
90,18,1592.94,281.07,40.43,20.59,0.2830,4,-1,-1
90,26,406.91,380.19,20.76,50.30,0.5429,1,-1,-1
90,31,1792.40,283.86,41.97,20.03,0.3905,4,-1,-1
90,5,454.33,321.05,20.96,33.28,0.4873,1,-1,-1
91,0,881.80,355.93,20.31,48.38,0.6270,1,-1,-1
91,1,1315.69,420.19,29.33,72.44,0.6885,1,-1,-1
91,2,1225.81,426.88,26.68,42.51,0.6415,2,-1,-1
91,12,827.46,355.61,18.60,50.20,0.6663,1,-1,-1
91,14,470.18,379.35,21.19,49.98,0.3346,1,-1,-1
91,15,369.64,370.41,28.43,55.53,0.4407,1,-1,-1
91,18,1599.21,282.12,37.46,18.98,0.3840,4,-1,-1
91,26,411.09,379.89,21.11,51.38,0.5429,1,-1,-1
91,31,1797.01,284.26,41.02,19.43,0.4168,4,-1,-1
91,5,457.22,321.65,21.12,32.73,0.3877,1,-1,-1
92,0,884.20,356.76,20.73,49.91,0.6522,1,-1,-1
92,1,1319.87,423.68,28.32,69.52,0.6584,1,-1,-1
92,2,1229.28,426.34,26.55,42.43,0.6575,2,-1,-1
92,12,829.79,355.57,18.33,49.33,0.6783,1,-1,-1
92,14,473.69,379.18,21.41,50.40,0.4883,1,-1,-1
92,15,374.84,370.44,27.02,52.77,0.3794,1,-1,-1
92,18,1602.90,282.03,38.28,19.64,0.1761,4,-1,-1
92,26,415.28,380.32,21.09,51.18,0.5564,1,-1,-1
92,31,1801.53,284.59,40.56,19.20,0.2429,4,-1,-1
92,5,460.57,321.31,21.50,33.09,0.4659,1,-1,-1
93,0,886.67,356.19,21.03,50.71,0.6325,1,-1,-1
93,1,1323.90,422.99,29.58,72.24,0.6993,1,-1,-1
93,2,1233.03,426.32,26.88,42.97,0.6451,2,-1,-1
93,12,832.20,355.14,18.25,48.85,0.6901,1,-1,-1
93,14,477.54,379.58,21.34,50.15,0.1761,1,-1,-1
93,15,377.46,369.71,28.56,55.82,0.2659,1,-1,-1
93,18,1606.01,282.27,37.59,19.26,0.1727,4,-1,-1
93,26,419.18,379.78,20.47,49.35,0.3739,1,-1,-1
93,31,1806.16,284.00,41.41,19.68,0.3531,4,-1,-1
93,5,462.99,320.81,21.73,33.34,0.4225,1,-1,-1
94,0,889.81,356.86,20.45,49.49,0.5000,1,-1,-1
94,1,1326.85,421.46,30.39,74.11,0.7372,1,-1,-1
94,2,1236.76,426.75,26.58,42.51,0.6179,2,-1,-1
94,12,834.82,355.35,18.15,48.38,0.7287,1,-1,-1
94,14,481.22,379.23,20.80,48.83,0.1380,1,-1,-1
94,15,381.59,369.69,27.62,53.79,0.3648,1,-1,-1
94,18,1611.48,282.23,36.98,18.93,0.3065,4,-1,-1
94,26,422.79,379.76,20.53,49.23,0.4805,1,-1,-1
94,31,1812.42,284.68,39.96,18.97,0.3540,4,-1,-1
94,5,466.43,322.00,20.92,31.79,0.1030,1,-1,-1
95,0,892.15,357.17,20.04,48.94,0.6261,1,-1,-1
95,1,1330.88,419.83,30.87,74.71,0.7807,1,-1,-1
95,2,1240.04,426.37,26.96,42.93,0.5765,2,-1,-1
95,12,836.95,354.88,18.27,48.59,0.6918,1,-1,-1
95,14,484.72,379.26,20.95,49.21,0.4216,1,-1,-1
95,15,384.47,369.62,27.28,53.25,0.2591,1,-1,-1
95,18,1614.22,281.70,37.59,19.51,0.1089,4,-1,-1
95,26,426.57,379.88,21.11,50.24,0.3979,1,-1,-1
95,31,1815.60,284.15,41.77,19.92,0.3766,4,-1,-1
95,5,468.98,321.99,20.92,31.82,0.2114,1,-1,-1
96,0,894.23,357.79,20.11,49.40,0.5917,1,-1,-1
96,1,1334.17,419.66,31.22,75.13,0.7394,1,-1,-1
96,2,1243.10,425.74,26.85,42.83,0.6469,2,-1,-1
96,12,839.08,355.11,18.41,48.82,0.6851,1,-1,-1
96,14,488.85,380.02,20.75,48.62,0.3657,1,-1,-1
96,15,387.42,369.21,26.85,51.97,0.2075,2,-1,-1
96,18,1616.44,281.35,38.86,19.95,0.2767,4,-1,-1
96,26,430.60,379.11,20.97,49.50,0.3251,1,-1,-1
96,31,1817.84,283.15,43.78,20.88,0.3766,4,-1,-1
96,5,471.05,321.39,21.65,32.99,0.1993,1,-1,-1
97,0,896.80,357.68,19.93,49.34,0.6645,1,-1,-1
97,1,1337.01,419.90,31.22,75.16,0.7154,1,-1,-1
97,2,1246.82,426.81,26.73,42.86,0.6415,2,-1,-1
97,12,841.41,355.19,18.17,48.07,0.6918,1,-1,-1
97,14,491.99,379.22,20.97,48.93,0.1750,1,-1,-1
97,15,392.67,369.57,27.17,52.34,0.4301,1,-1,-1
97,18,1622.46,282.04,35.75,18.41,0.1767,4,-1,-1
97,26,435.16,379.09,21.17,50.22,0.4649,1,-1,-1
97,31,1824.64,284.34,40.23,19.28,0.2918,4,-1,-1
97,5,473.61,320.74,22.00,33.68,0.2902,1,-1,-1
98,0,899.40,356.89,19.79,48.93,0.6663,1,-1,-1
98,1,1341.27,419.51,31.24,74.57,0.7162,1,-1,-1
98,2,1250.84,427.19,26.21,41.94,0.6343,2,-1,-1
98,12,843.55,355.51,18.12,47.80,0.6766,1,-1,-1
98,14,495.39,378.85,21.23,49.62,0.5525,1,-1,-1
98,15,395.58,369.46,27.74,53.37,0.3303,1,-1,-1
98,26,439.27,379.20,21.61,51.02,0.4206,1,-1,-1
98,31,1828.98,285.13,40.29,19.16,0.3337,4,-1,-1
98,5,476.09,321.22,21.73,33.24,0.4340,1,-1,-1
99,0,901.93,357.40,19.91,49.69,0.6415,1,-1,-1
99,1,1345.13,420.17,32.19,76.20,0.7311,1,-1,-1
99,2,1253.87,426.81,26.18,41.97,0.6697,2,-1,-1
99,12,846.03,355.89,18.09,47.22,0.6885,1,-1,-1
99,14,498.56,378.89,21.74,50.75,0.3567,1,-1,-1
99,15,398.94,368.79,27.62,52.84,0.3425,2,-1,-1
99,26,442.64,378.67,21.39,50.14,0.2302,1,-1,-1
99,31,1834.95,285.75,38.64,18.26,0.4225,4,-1,-1
99,5,478.62,323.01,21.45,32.96,0.3416,1,-1,-1
100,0,904.19,357.09,19.89,49.99,0.6697,1,-1,-1
100,1,1348.60,420.06,32.57,76.71,0.7549,1,-1,-1
100,2,1256.53,426.67,26.99,43.30,0.6397,2,-1,-1
100,12,848.05,355.97,18.45,47.58,0.6645,1,-1,-1
100,14,502.50,379.00,21.15,49.39,0.3337,1,-1,-1
100,15,403.45,369.44,26.11,49.64,0.2902,2,-1,-1
100,26,446.97,379.59,20.94,48.92,0.3998,1,-1,-1
100,31,1838.13,284.91,40.53,19.22,0.2991,4,-1,-1
100,5,480.48,321.86,21.12,32.88,0.3757,1,-1,-1
101,0,906.50,356.75,19.84,50.17,0.6451,1,-1,-1
101,1,1351.66,419.23,33.34,78.43,0.7194,1,-1,-1
101,2,1260.12,427.20,26.93,43.24,0.6160,2,-1,-1
101,12,850.15,355.79,18.70,47.83,0.7098,1,-1,-1
101,14,505.91,378.62,21.37,49.79,0.5429,1,-1,-1
101,15,406.76,369.42,27.26,51.81,0.4292,1,-1,-1
101,26,450.54,379.61,21.93,51.22,0.4562,1,-1,-1
101,31,1840.67,283.94,43.90,20.82,0.2870,4,-1,-1
101,5,483.11,321.47,20.80,32.98,0.5332,1,-1,-1
102,0,909.15,356.20,19.42,49.53,0.5917,1,-1,-1
102,1,1354.09,419.10,33.86,79.37,0.7491,1,-1,-1
102,2,1263.90,427.32,26.55,42.54,0.5419,2,-1,-1
102,12,852.38,356.61,18.43,46.66,0.6918,1,-1,-1
102,14,509.50,378.30,21.53,49.92,0.5419,1,-1,-1
102,15,409.56,368.38,28.13,53.38,0.2200,2,-1,-1
102,26,454.41,379.01,22.04,51.43,0.3486,1,-1,-1
102,31,1845.53,284.66,42.20,19.93,0.3107,4,-1,-1
102,5,485.91,321.07,20.71,33.29,0.4951,1,-1,-1
103,0,911.41,355.79,19.46,49.45,0.6361,1,-1,-1
103,1,1356.25,418.87,34.17,80.01,0.6826,1,-1,-1
103,2,1267.02,427.06,26.37,42.45,0.6307,2,-1,-1
103,12,854.69,357.26,18.42,45.57,0.6732,1,-1,-1
103,14,512.88,378.65,21.74,50.18,0.3149,1,-1,-1
103,15,413.44,368.84,28.86,54.64,0.3675,1,-1,-1
103,26,459.04,379.10,21.92,51.35,0.4455,1,-1,-1
103,31,1849.39,284.39,43.35,20.60,0.1480,4,-1,-1
103,5,489.33,323.90,19.03,30.66,0.2736,1,-1,-1
104,0,913.97,355.77,19.44,49.58,0.5370,1,-1,-1
104,1,1359.86,418.88,33.66,79.07,0.6723,1,-1,-1
104,2,1269.82,427.27,26.96,43.56,0.6379,2,-1,-1
104,12,856.54,357.71,18.78,45.28,0.6885,1,-1,-1
104,14,516.06,378.12,21.11,48.80,0.4922,1,-1,-1
104,15,418.14,368.16,27.49,51.95,0.3914,1,-1,-1
104,26,463.23,378.85,21.89,51.42,0.3803,1,-1,-1
104,31,1853.27,284.48,43.45,20.65,0.2553,4,-1,-1
104,5,492.70,323.59,18.70,30.05,0.3242,1,-1,-1
105,0,915.55,356.41,19.54,50.11,0.6415,1,-1,-1
105,1,1363.60,419.24,32.54,76.41,0.3868,1,-1,-1
105,2,1273.80,427.72,25.98,42.11,0.6487,2,-1,-1
105,12,857.75,357.63,19.56,46.05,0.6433,1,-1,-1
105,14,519.25,378.25,20.90,48.40,0.5477,1,-1,-1
105,15,420.95,368.26,27.31,51.71,0.3140,1,-1,-1
105,26,466.77,378.80,21.17,49.72,0.3594,1,-1,-1
105,31,1857.22,285.30,43.22,20.55,0.2451,4,-1,-1
105,5,494.23,321.18,19.82,32.24,0.4378,1,-1,-1
106,0,917.41,356.16,19.31,49.70,0.6540,1,-1,-1
106,1,1365.90,421.54,32.62,75.99,0.5059,1,-1,-1
106,2,1276.58,427.65,26.01,42.15,0.6289,2,-1,-1
106,12,859.10,358.03,20.35,46.48,0.6105,1,-1,-1
106,14,521.91,377.94,21.36,49.51,0.5234,1,-1,-1
106,15,423.72,367.67,28.10,53.27,0.2666,1,-1,-1
106,26,469.95,378.57,21.13,49.67,0.3603,1,-1,-1
106,31,1861.45,285.27,44.15,21.08,0.2751,4,-1,-1
106,5,497.22,320.79,19.77,32.23,0.4054,1,-1,-1
107,0,919.62,356.87,18.98,48.88,0.6732,1,-1,-1
107,1,1368.20,420.50,34.08,78.49,0.6826,1,-1,-1
107,2,1278.71,426.95,26.31,42.68,0.6593,2,-1,-1
107,12,860.44,358.23,20.83,46.11,0.7241,1,-1,-1
107,14,525.07,378.18,21.10,48.78,0.2539,1,-1,-1
107,15,426.95,368.15,27.04,50.57,0.2918,1,-1,-1
107,26,473.18,379.77,21.37,50.24,0.3576,1,-1,-1
107,31,1865.35,283.65,45.60,21.64,0.2154,4,-1,-1
107,5,499.07,319.73,20.44,33.27,0.4045,1,-1,-1
108,0,921.14,356.07,19.26,49.53,0.6160,1,-1,-1
108,1,1370.98,419.86,34.53,79.20,0.7535,1,-1,-1
108,2,1280.71,426.60,27.63,44.78,0.6451,2,-1,-1
108,12,861.15,358.84,21.00,44.94,0.5419,1,-1,-1
108,14,527.82,378.29,20.98,48.74,0.4649,1,-1,-1
108,15,429.87,367.39,28.48,53.32,0.5137,1,-1,-1
108,26,475.87,379.42,22.64,53.66,0.4388,1,-1,-1
108,31,1869.99,286.55,41.93,19.62,0.2790,4,-1,-1
108,5,500.66,318.00,21.43,35.03,0.4562,1,-1,-1
109,0,923.25,356.34,19.01,48.65,0.6343,1,-1,-1
109,1,1374.73,419.28,34.15,78.67,0.7146,1,-1,-1
109,2,1283.11,427.14,27.77,45.10,0.6397,2,-1,-1
109,12,861.37,359.02,21.53,44.45,0.5351,1,-1,-1
109,14,530.44,378.35,21.33,49.70,0.6049,1,-1,-1
109,15,430.79,367.61,30.37,57.13,0.3979,1,-1,-1
109,26,478.96,378.33,22.56,53.53,0.2991,1,-1,-1
109,31,1871.48,286.16,44.13,20.81,0.1476,4,-1,-1
109,5,502.07,318.30,21.43,35.00,0.3840,1,-1,-1
110,0,924.77,356.37,19.05,48.57,0.6234,1,-1,-1
110,1,1377.08,419.54,34.00,78.20,0.6697,1,-1,-1
110,2,1285.70,426.98,27.32,44.12,0.6234,2,-1,-1
110,12,862.50,360.66,21.23,41.81,0.5936,1,-1,-1
110,14,532.81,377.86,21.56,50.32,0.5993,1,-1,-1
110,15,434.64,366.95,30.71,58.05,0.4426,1,-1,-1
110,26,483.02,377.48,21.38,50.56,0.6039,1,-1,-1
110,5,503.27,317.91,21.64,35.58,0.3311,1,-1,-1
111,0,926.90,357.49,18.45,47.17,0.5651,1,-1,-1
111,1,1378.46,419.23,34.59,79.86,0.7387,1,-1,-1
111,2,1288.39,426.64,27.33,44.00,0.6270,2,-1,-1
111,12,863.40,362.17,21.16,39.76,0.5429,1,-1,-1
111,14,535.46,377.72,21.58,50.50,0.4824,1,-1,-1
111,15,437.60,366.35,30.62,58.26,0.4158,1,-1,-1
111,26,487.15,377.53,20.80,49.14,0.4932,1,-1,-1
111,5,504.35,318.52,21.49,35.44,0.2451,1,-1,-1
112,0,928.21,357.41,18.61,47.66,0.6610,1,-1,-1
112,1,1382.15,419.46,34.05,79.09,0.6067,1,-1,-1
112,2,1290.91,426.56,27.15,43.76,0.6415,2,-1,-1
112,12,864.65,364.69,21.37,38.47,0.5390,1,-1,-1
112,14,538.13,377.82,20.99,49.28,0.3684,1,-1,-1
112,15,440.51,366.09,30.16,57.62,0.5448,1,-1,-1
112,26,489.97,377.89,20.63,48.84,0.4417,1,-1,-1
112,5,505.44,318.11,21.38,35.83,0.4854,1,-1,-1
113,0,929.44,356.29,18.97,48.70,0.6766,1,-1,-1
113,1,1384.33,419.71,33.67,78.48,0.7186,1,-1,-1
113,2,1293.10,426.73,27.59,44.33,0.6487,2,-1,-1
113,12,865.60,367.14,21.02,36.07,0.4311,1,-1,-1
113,14,540.92,377.79,21.12,49.60,0.5117,1,-1,-1
113,15,443.54,366.44,28.69,54.83,0.4465,1,-1,-1
113,26,491.82,377.99,21.46,51.05,0.3739,1,-1,-1
113,5,506.64,318.52,20.61,34.91,0.5727,1,-1,-1
114,0,930.92,356.27,18.97,48.75,0.6663,1,-1,-1
114,1,1386.83,420.24,33.15,77.27,0.6602,1,-1,-1
114,2,1295.81,427.52,27.06,43.71,0.6766,2,-1,-1
114,12,866.56,369.86,20.24,32.97,0.4523,1,-1,-1
114,14,543.22,377.90,21.37,50.40,0.5879,1,-1,-1
114,15,446.82,366.63,27.63,52.93,0.4064,1,-1,-1
114,26,495.28,377.18,20.96,49.85,0.5554,1,-1,-1
114,5,508.14,319.00,19.83,34.02,0.4639,1,-1,-1
115,0,933.02,357.23,18.30,47.08,0.6415,1,-1,-1
115,1,1389.01,419.99,34.05,79.33,0.6289,1,-1,-1
115,2,1298.22,427.62,27.28,43.98,0.6379,2,-1,-1
115,12,867.18,371.91,19.40,30.22,0.3200,1,-1,-1
115,14,545.22,377.52,21.68,51.22,0.5554,1,-1,-1
115,15,450.74,365.92,27.19,52.18,0.5332,1,-1,-1
115,26,498.50,377.15,20.37,48.37,0.5612,1,-1,-1
115,5,510.52,319.59,19.50,33.78,0.5506,1,-1,-1
116,0,934.08,356.13,18.82,48.64,0.5651,1,-1,-1
116,1,1390.78,420.27,34.66,80.01,0.7311,1,-1,-1
116,2,1300.71,427.41,27.45,44.39,0.6783,2,-1,-1
116,12,867.63,372.52,20.31,30.97,0.2227,1,-1,-1
116,14,547.19,377.25,21.83,52.12,0.3433,1,-1,-1
116,15,452.92,365.97,27.49,52.67,0.5010,1,-1,-1
116,26,501.08,377.31,20.52,49.00,0.4863,1,-1,-1
116,5,512.20,319.69,19.63,34.14,0.5467,1,-1,-1
117,0,935.81,356.53,18.97,49.00,0.6732,1,-1,-1
117,1,1393.21,420.35,34.88,80.01,0.7372,1,-1,-1
117,2,1303.13,427.00,27.16,43.97,0.6610,2,-1,-1
117,12,867.72,374.79,19.32,28.10,0.2114,1,-1,-1
117,14,550.29,377.44,20.65,49.39,0.3040,1,-1,-1
117,15,454.76,365.45,27.82,53.27,0.5380,1,-1,-1
117,26,503.32,377.33,20.38,48.13,0.4980,1,-1,-1
117,5,513.78,320.29,19.35,33.76,0.5419,1,-1,-1
118,0,936.97,356.12,19.01,49.00,0.6593,1,-1,-1
118,1,1395.40,420.28,35.03,80.15,0.7491,1,-1,-1
118,2,1304.82,427.00,27.76,44.77,0.5746,2,-1,-1
118,12,867.72,376.75,19.10,26.44,0.2926,1,-1,-1
118,14,552.76,377.97,20.29,48.46,0.4177,1,-1,-1
118,15,456.51,366.15,27.85,53.57,0.5059,1,-1,-1
118,26,506.83,377.34,20.31,47.68,0.5166,1,-1,-1
118,5,515.52,320.11,19.32,33.79,0.5107,1,-1,-1
119,0,938.34,356.02,18.99,49.29,0.6030,1,-1,-1
119,1,1397.63,419.41,35.50,81.02,0.7106,1,-1,-1
119,2,1306.94,427.52,27.41,44.17,0.6487,2,-1,-1
119,12,867.56,378.44,20.54,27.80,0.1541,1,-1,-1
119,14,555.31,378.04,20.25,48.25,0.4805,1,-1,-1
119,15,459.88,366.52,27.10,52.56,0.4263,1,-1,-1
119,26,509.71,377.17,20.31,47.80,0.6160,1,-1,-1
119,5,516.52,319.36,19.67,34.58,0.3886,1,-1,-1
119,49,412.20,332.80,17.82,31.25,0.5078,1,-1,-1
120,0,939.58,355.71,19.22,50.23,0.5651,1,-1,-1
120,1,1399.66,419.19,35.69,81.69,0.7138,1,-1,-1
120,2,1309.08,427.43,27.64,44.31,0.6343,2,-1,-1
120,14,557.54,377.37,20.30,48.30,0.5273,1,-1,-1
120,15,462.40,365.49,27.19,52.88,0.4581,1,-1,-1
120,26,512.75,377.40,20.11,47.34,0.5689,1,-1,-1
120,5,518.57,318.47,19.95,35.10,0.5088,1,-1,-1
120,49,415.10,332.65,17.70,30.99,0.4591,1,-1,-1
121,0,940.74,355.79,19.39,50.86,0.6234,1,-1,-1
121,1,1401.29,419.38,35.63,81.67,0.7520,1,-1,-1
121,2,1311.43,427.27,27.45,43.80,0.6433,2,-1,-1
121,14,560.26,377.55,19.81,47.07,0.3621,1,-1,-1
121,15,465.63,365.57,26.57,51.83,0.4639,1,-1,-1
121,26,515.34,377.72,20.15,47.63,0.6049,1,-1,-1
121,5,520.92,318.37,20.23,35.28,0.5955,1,-1,-1
121,49,417.75,332.38,18.20,31.80,0.4225,1,-1,-1
122,0,942.23,355.92,19.15,50.19,0.5842,1,-1,-1
122,1,1403.34,419.21,35.56,81.40,0.7233,1,-1,-1
122,2,1313.92,427.35,26.94,42.99,0.6851,2,-1,-1
122,14,562.87,377.45,19.12,45.57,0.1716,1,-1,-1
122,15,468.72,365.71,26.82,52.74,0.4717,1,-1,-1
122,26,516.57,377.46,19.90,47.07,0.5166,1,-1,-1
122,5,522.54,318.43,20.42,35.49,0.6030,1,-1,-1
122,49,418.58,332.61,18.33,32.11,0.2561,1,-1,-1
123,0,944.08,355.14,19.18,50.33,0.6307,1,-1,-1
123,1,1406.34,421.34,34.96,79.99,0.6715,1,-1,-1
123,2,1315.96,427.43,27.52,43.72,0.6540,2,-1,-1
123,14,565.36,377.58,19.01,45.32,0.4216,1,-1,-1
123,15,472.99,367.05,25.02,50.01,0.3877,1,-1,-1
123,26,519.30,377.55,20.61,49.24,0.5127,1,-1,-1
123,5,524.75,317.58,20.67,35.79,0.5332,1,-1,-1
123,49,421.26,332.01,17.70,31.24,0.4600,1,-1,-1
123,50,681.97,310.41,12.74,25.69,0.4756,1,-1,-1
124,0,945.34,355.09,19.10,50.24,0.5727,1,-1,-1
124,1,1409.68,421.14,34.11,78.08,0.6575,1,-1,-1
124,2,1318.47,427.87,27.21,43.36,0.6540,2,-1,-1
124,14,567.27,377.42,19.88,47.34,0.5098,1,-1,-1
124,15,475.17,366.78,24.92,50.44,0.4254,1,-1,-1
124,26,521.46,377.09,20.97,50.48,0.6197,1,-1,-1
124,5,526.45,318.31,20.37,34.98,0.5879,1,-1,-1
124,49,422.99,331.67,17.73,31.58,0.3603,1,-1,-1
124,50,683.42,310.32,12.84,25.87,0.3821,1,-1,-1
125,0,946.95,355.78,18.93,49.52,0.6558,1,-1,-1
125,1,1412.91,432.05,29.13,66.04,0.4649,1,-1,-1
125,2,1321.34,428.43,26.58,42.50,0.6749,2,-1,-1
125,14,568.76,377.15,20.26,48.28,0.6011,1,-1,-1
125,15,476.85,365.58,26.04,53.20,0.4301,1,-1,-1
125,26,524.14,377.28,20.94,50.60,0.6307,1,-1,-1
125,5,527.65,317.41,20.62,35.44,0.4092,1,-1,-1
125,49,425.03,331.56,17.61,31.34,0.1067,1,-1,-1
125,50,686.07,310.46,12.70,25.57,0.3398,1,-1,-1
126,0,948.25,355.39,19.09,49.73,0.6593,1,-1,-1
126,1,1413.50,427.10,32.62,73.74,0.6151,1,-1,-1
126,2,1322.85,427.98,27.54,43.93,0.6715,2,-1,-1
126,14,570.77,377.23,20.30,48.42,0.4805,1,-1,-1
126,15,479.33,365.40,25.78,53.45,0.3748,1,-1,-1
126,26,526.40,377.84,20.80,50.74,0.5832,1,-1,-1
126,5,529.17,317.25,20.40,35.41,0.4196,1,-1,-1
126,49,428.78,330.58,18.87,33.41,0.4092,1,-1,-1
126,50,687.78,309.69,12.55,25.14,0.2606,1,-1,-1
127,0,949.84,355.32,18.74,49.05,0.5574,1,-1,-1
127,1,1414.89,424.40,34.46,77.34,0.7264,1,-1,-1
127,2,1325.08,427.69,27.54,44.02,0.7033,2,-1,-1
127,14,572.69,377.13,20.50,49.24,0.2546,1,-1,-1
127,15,482.23,365.32,25.21,53.14,0.3998,1,-1,-1
127,26,528.07,377.94,20.84,51.14,0.6252,1,-1,-1
127,5,530.27,316.55,20.44,36.12,0.5254,1,-1,-1
127,49,431.50,330.91,19.04,33.60,0.3831,1,-1,-1
127,50,690.89,310.49,12.18,24.34,0.3381,1,-1,-1
128,0,951.02,355.75,18.49,48.65,0.5955,1,-1,-1
128,1,1416.86,423.28,34.98,78.22,0.6926,1,-1,-1
128,2,1327.17,427.49,27.17,43.50,0.7146,2,-1,-1
128,14,575.08,377.06,19.52,46.95,0.3065,1,-1,-1
128,15,483.50,365.24,24.47,51.61,0.3970,1,-1,-1
128,26,529.89,377.82,20.24,50.08,0.5603,1,-1,-1
128,5,531.97,316.24,20.23,36.19,0.5059,1,-1,-1
128,49,433.68,331.17,18.74,32.98,0.3831,1,-1,-1
128,50,693.16,310.36,12.35,24.65,0.3549,1,-1,-1
129,0,951.71,355.25,19.08,50.36,0.6067,1,-1,-1
129,1,1418.73,421.95,35.82,80.23,0.7387,1,-1,-1
129,2,1328.67,427.55,27.85,44.41,0.6732,2,-1,-1
129,14,577.41,377.07,19.79,47.57,0.4092,1,-1,-1
129,15,484.69,366.09,24.57,52.11,0.4465,1,-1,-1
129,26,532.20,377.76,20.22,50.23,0.5955,1,-1,-1
129,5,533.38,316.88,19.61,35.76,0.4980,1,-1,-1
129,49,436.46,331.04,18.29,32.08,0.3757,1,-1,-1
129,50,694.63,310.02,12.30,24.33,0.2651,1,-1,-1
130,0,953.01,355.11,19.00,50.24,0.6610,1,-1,-1
130,1,1422.03,420.36,35.16,79.29,0.7256,1,-1,-1
130,2,1330.70,427.94,27.58,43.94,0.6610,2,-1,-1
130,14,579.41,376.70,20.42,48.96,0.4756,1,-1,-1
130,15,486.90,364.66,25.21,54.03,0.4045,1,-1,-1
130,26,534.54,377.35,20.23,50.08,0.6151,1,-1,-1
130,5,535.27,318.31,18.71,34.42,0.4863,1,-1,-1
130,49,439.09,330.91,18.31,32.01,0.5039,1,-1,-1
130,50,696.56,309.77,12.46,24.56,0.2234,1,-1,-1
131,0,954.61,354.78,18.96,50.23,0.6197,1,-1,-1
131,1,1424.66,419.33,34.92,79.20,0.7241,1,-1,-1
131,2,1332.91,428.06,27.72,44.15,0.6469,2,-1,-1
131,14,581.63,376.49,20.37,48.81,0.4591,1,-1,-1
131,15,488.86,364.64,25.53,54.64,0.4206,1,-1,-1
131,26,537.28,377.83,19.73,49.03,0.5670,1,-1,-1
131,5,536.23,317.89,18.41,34.34,0.4158,1,-1,-1
131,49,441.40,330.87,18.49,32.30,0.4659,1,-1,-1
131,50,698.96,308.98,12.45,24.59,0.3433,1,-1,-1
132,0,956.28,354.79,18.64,49.41,0.5842,1,-1,-1
132,1,1426.37,419.11,35.60,81.53,0.7424,1,-1,-1
132,2,1335.39,428.01,27.87,44.22,0.6307,2,-1,-1
132,14,584.15,376.38,19.80,47.49,0.4244,1,-1,-1
132,15,490.94,364.26,25.62,54.70,0.3766,1,-1,-1
132,26,539.52,378.20,19.68,48.94,0.5746,1,-1,-1
132,5,538.29,318.74,17.91,34.00,0.4177,1,-1,-1
132,49,443.24,330.40,19.63,34.57,0.3346,1,-1,-1
132,50,700.72,308.85,12.36,24.22,0.2854,1,-1,-1
133,0,958.40,355.75,18.38,48.39,0.4436,1,-1,-1
133,1,1427.16,420.08,35.45,81.52,0.6352,1,-1,-1
133,2,1337.96,428.04,27.02,42.90,0.6697,2,-1,-1
133,14,586.53,376.52,19.25,46.21,0.3775,1,-1,-1
133,15,492.57,364.49,25.39,53.64,0.3576,1,-1,-1
133,26,541.99,378.05,19.62,48.91,0.4446,1,-1,-1
133,5,541.32,319.23,17.19,33.25,0.4620,1,-1,-1
133,49,445.63,330.62,19.57,34.64,0.2783,1,-1,-1
133,50,704.02,310.26,12.28,24.07,0.4244,1,-1,-1
134,0,960.73,355.24,18.55,48.72,0.5068,1,-1,-1
134,1,1429.75,421.58,35.01,80.47,0.6619,1,-1,-1
134,2,1341.08,428.14,26.99,42.89,0.6415,2,-1,-1
134,14,589.34,376.80,19.52,46.90,0.3951,1,-1,-1
134,15,496.38,365.25,25.02,53.31,0.3730,1,-1,-1
134,26,544.95,377.72,19.99,49.75,0.4834,1,-1,-1
134,5,543.52,318.38,16.98,33.36,0.5390,1,-1,-1
134,49,448.79,330.92,18.98,33.46,0.2436,1,-1,-1
134,50,706.24,310.23,12.38,24.11,0.3225,1,-1,-1
135,0,962.62,354.95,18.43,48.70,0.5842,1,-1,-1
135,1,1433.31,424.43,33.34,76.74,0.6011,1,-1,-1
135,2,1344.12,428.63,26.78,42.76,0.6715,2,-1,-1
135,14,591.72,376.51,20.06,48.37,0.5458,1,-1,-1
135,15,500.03,364.91,25.53,54.69,0.3979,1,-1,-1
135,26,547.93,377.50,19.95,49.79,0.5429,1,-1,-1
135,5,545.50,318.16,16.86,33.47,0.5039,1,-1,-1
135,49,452.04,330.59,19.16,33.78,0.3998,1,-1,-1
135,50,709.07,310.65,12.45,24.30,0.4177,1,-1,-1
136,0,964.50,354.55,19.06,50.41,0.6011,1,-1,-1
136,1,1437.54,437.62,28.91,65.21,0.6325,1,-1,-1
136,2,1346.97,428.34,27.11,43.32,0.6817,2,-1,-1
136,14,594.60,376.11,19.89,48.04,0.4436,1,-1,-1
136,15,505.07,365.28,24.49,53.67,0.3675,1,-1,-1
136,26,550.88,377.37,19.73,49.05,0.3840,1,-1,-1
136,5,548.14,319.34,16.76,33.20,0.4932,1,-1,-1
136,49,454.98,330.22,18.59,32.61,0.1778,2,-1,-1
136,50,711.33,309.73,12.63,24.64,0.3739,1,-1,-1
137,0,966.56,354.35,19.11,50.60,0.4805,1,-1,-1
137,1,1439.22,430.86,32.71,73.35,0.6910,1,-1,-1
137,2,1349.90,428.14,26.80,42.93,0.7001,2,-1,-1
137,14,597.21,375.91,19.69,47.66,0.3923,1,-1,-1
137,15,505.80,364.90,24.24,52.56,0.4177,1,-1,-1
137,26,553.47,377.45,19.92,49.33,0.4649,1,-1,-1
137,5,550.30,320.05,16.73,32.76,0.5370,1,-1,-1
137,49,457.60,330.41,18.79,32.90,0.3495,1,-1,-1
137,50,714.58,310.04,12.70,24.68,0.3684,1,-1,-1
138,0,968.95,355.21,18.95,49.99,0.5117,1,-1,-1
138,1,1441.67,428.19,34.28,77.12,0.6976,1,-1,-1
138,2,1352.16,428.35,27.56,43.99,0.6680,2,-1,-1
138,14,600.09,375.92,19.88,48.18,0.3407,1,-1,-1
138,15,506.57,365.33,24.56,52.65,0.3260,1,-1,-1
138,26,556.55,378.14,20.20,49.55,0.1645,1,-1,-1
138,5,552.07,320.30,17.36,33.15,0.3877,1,-1,-1
138,49,461.50,330.65,18.25,31.60,0.2254,2,-1,-1
138,50,717.19,310.61,12.86,24.98,0.3877,1,-1,-1
139,0,971.25,354.86,19.19,50.37,0.5689,1,-1,-1
139,1,1444.11,425.92,35.21,79.69,0.6993,1,-1,-1
139,2,1354.68,428.65,27.72,44.27,0.6343,2,-1,-1
139,14,602.65,375.68,20.51,49.57,0.4990,1,-1,-1
139,15,507.16,364.74,25.36,53.47,0.2422,2,-1,-1
139,26,559.52,377.76,21.30,51.79,0.4504,1,-1,-1
139,5,554.99,319.62,17.91,34.10,0.5312,1,-1,-1
139,49,464.54,329.91,19.68,33.83,0.4659,1,-1,-1
139,50,719.53,310.02,12.96,25.06,0.2180,1,-1,-1
140,0,973.99,355.27,18.43,48.57,0.6030,1,-1,-1
140,1,1448.05,423.99,34.02,77.40,0.7162,1,-1,-1
140,2,1356.87,428.42,28.19,44.86,0.6451,2,-1,-1
140,14,605.74,375.34,20.14,48.67,0.3914,1,-1,-1
140,15,510.48,364.71,25.73,53.77,0.2975,2,-1,-1
140,26,561.89,376.74,21.13,51.01,0.2814,1,-1,-1
140,5,557.35,319.01,18.24,34.60,0.4523,1,-1,-1
140,49,467.26,329.57,19.81,33.81,0.2576,2,-1,-1
140,50,722.69,309.68,12.98,25.13,0.2950,1,-1,-1
141,0,975.95,356.03,18.28,48.10,0.5593,1,-1,-1
141,1,1449.94,424.54,34.03,77.71,0.6575,1,-1,-1
141,2,1360.73,428.52,27.21,43.32,0.6451,2,-1,-1
141,14,608.72,375.10,20.00,48.17,0.4707,1,-1,-1
141,15,513.82,364.65,26.13,53.94,0.3989,1,-1,-1
141,26,565.20,377.23,21.84,52.45,0.4321,1,-1,-1
141,5,559.16,318.60,18.75,35.28,0.3603,1,-1,-1
141,49,469.75,330.09,20.23,34.55,0.2295,1,-1,-1
141,50,725.33,309.64,12.55,24.10,0.2344,1,-1,-1
142,0,977.73,355.54,18.60,49.07,0.5746,1,-1,-1
142,1,1452.35,426.38,33.95,78.27,0.5746,1,-1,-1
142,2,1363.53,428.53,27.37,43.64,0.6610,2,-1,-1
142,14,611.84,375.15,19.35,46.38,0.2975,1,-1,-1
142,15,516.44,365.20,26.15,53.46,0.3558,1,-1,-1
142,26,568.33,376.79,21.30,50.89,0.3868,1,-1,-1
142,5,562.10,319.97,18.02,33.60,0.2006,1,-1,-1
142,49,473.58,330.84,20.29,34.04,0.1761,1,-1,-1
142,50,728.53,310.44,12.72,24.57,0.4990,1,-1,-1
143,0,980.07,355.88,18.11,48.11,0.4513,1,-1,-1
143,1,1455.65,427.51,32.97,76.23,0.6325,1,-1,-1
143,2,1366.90,429.23,27.05,43.26,0.6215,2,-1,-1
143,14,614.08,374.99,20.62,49.53,0.4893,1,-1,-1
143,15,518.03,364.44,26.67,53.89,0.2056,2,-1,-1
143,26,571.48,377.15,21.87,52.24,0.5234,1,-1,-1
143,5,565.29,324.56,16.24,29.40,0.1221,2,-1,-1
143,49,475.58,329.94,21.54,36.30,0.3166,1,-1,-1
143,50,730.70,311.24,12.79,24.57,0.2606,1,-1,-1
144,0,982.37,354.84,18.60,49.52,0.3630,1,-1,-1
144,1,1459.56,429.05,31.04,71.78,0.5974,1,-1,-1
144,2,1370.26,429.27,27.24,43.78,0.6593,2,-1,-1
144,14,616.70,375.00,20.29,48.63,0.5146,1,-1,-1
144,15,519.55,364.33,26.98,55.27,0.2950,1,-1,-1
144,26,574.19,377.20,21.95,52.47,0.4707,1,-1,-1
144,5,567.56,321.58,17.60,31.71,0.2878,1,-1,-1
144,49,479.27,331.00,20.31,34.09,0.1577,1,-1,-1
144,50,733.64,310.72,12.82,24.75,0.3115,1,-1,-1
145,0,985.68,354.82,17.96,47.87,0.4244,1,-1,-1
145,1,1462.60,430.22,29.97,69.12,0.6123,1,-1,-1
145,2,1372.75,428.73,27.63,44.65,0.6984,2,-1,-1
145,14,619.50,374.65,20.21,48.30,0.4824,1,-1,-1
145,15,524.20,364.24,26.56,54.02,0.4591,1,-1,-1
145,26,576.83,377.27,22.02,52.59,0.4542,1,-1,-1
145,5,568.55,319.86,18.56,33.19,0.3082,1,-1,-1
145,49,482.75,331.23,19.88,32.90,0.2114,1,-1,-1
145,50,736.12,310.28,12.85,24.63,0.2108,1,-1,-1
146,0,987.52,354.93,18.36,49.22,0.5554,1,-1,-1
146,1,1464.41,429.90,31.72,73.26,0.7058,1,-1,-1
146,2,1375.19,428.54,28.09,45.40,0.6783,2,-1,-1
146,14,622.39,374.30,19.90,47.56,0.4552,1,-1,-1
146,15,527.57,364.90,26.21,52.94,0.4311,1,-1,-1
146,26,580.30,376.59,21.32,50.90,0.5117,1,-1,-1
146,5,568.25,322.38,18.77,31.50,0.1059,1,-1,-1
146,49,486.12,331.14,19.15,31.22,0.2282,2,-1,-1
146,50,739.54,310.09,12.89,24.87,0.3390,1,-1,-1
147,0,989.27,354.62,18.87,50.84,0.5842,1,-1,-1
147,1,1466.92,428.41,32.90,76.45,0.7122,1,-1,-1
147,2,1377.72,428.97,28.08,45.23,0.6645,2,-1,-1
147,14,625.33,373.99,20.70,49.49,0.4610,1,-1,-1
147,15,529.69,364.15,26.22,52.48,0.3585,2,-1,-1
147,26,583.44,375.52,21.93,52.28,0.5400,1,-1,-1
147,5,568.72,321.10,20.25,32.34,0.1613,1,-1,-1
147,49,488.12,330.09,20.39,33.17,0.4111,1,-1,-1
147,50,741.50,309.88,13.37,25.82,0.2870,1,-1,-1
148,0,991.65,354.18,18.85,50.95,0.5156,1,-1,-1
148,1,1469.65,427.67,33.04,77.22,0.6740,1,-1,-1
148,2,1380.51,428.94,27.84,44.69,0.6522,2,-1,-1
148,14,628.14,373.98,20.60,49.15,0.5263,1,-1,-1
148,15,533.12,364.55,27.16,53.92,0.4026,1,-1,-1
148,26,585.90,375.46,21.54,51.61,0.5487,1,-1,-1
148,5,571.01,320.63,21.02,32.88,0.1490,1,-1,-1
148,49,490.32,329.75,20.73,33.73,0.3251,1,-1,-1
148,50,744.09,309.09,13.40,26.03,0.2134,1,-1,-1
149,0,993.82,353.86,18.97,51.45,0.5993,1,-1,-1
149,1,1473.22,429.29,30.97,72.32,0.6645,1,-1,-1
149,2,1383.57,428.88,27.70,44.32,0.6851,2,-1,-1
149,14,631.22,374.09,20.15,47.88,0.4990,1,-1,-1
149,15,535.94,363.72,27.67,54.62,0.3355,1,-1,-1
149,26,588.85,375.73,21.26,51.08,0.4766,1,-1,-1
149,5,574.58,321.26,20.23,31.28,0.2983,1,-1,-1
149,49,493.08,329.89,20.50,33.37,0.2902,1,-1,-1
149,50,747.12,309.23,13.25,25.75,0.2644,1,-1,-1
150,0,997.04,354.22,18.13,49.17,0.5224,1,-1,-1
150,1,1476.53,430.76,29.46,68.29,0.6558,1,-1,-1
150,2,1386.61,428.94,27.11,43.58,0.6732,2,-1,-1
150,14,634.06,373.89,19.89,47.10,0.4980,1,-1,-1
150,15,538.35,363.58,28.23,55.61,0.4263,1,-1,-1
150,26,592.51,375.41,21.56,51.91,0.5370,1,-1,-1
150,5,576.32,320.39,20.73,31.87,0.3648,1,-1,-1
150,49,496.23,330.41,21.09,34.37,0.3107,1,-1,-1
150,50,750.79,309.93,12.73,24.81,0.4017,1,-1,-1
151,0,998.98,354.36,18.23,49.64,0.4610,1,-1,-1
151,1,1478.07,428.95,31.77,74.49,0.6289,1,-1,-1
151,2,1390.02,429.47,27.30,43.90,0.6558,2,-1,-1
151,14,637.02,373.61,20.16,47.64,0.3831,1,-1,-1
151,15,540.92,362.30,28.54,56.08,0.2942,1,-1,-1
151,26,595.76,375.20,21.85,52.84,0.6433,1,-1,-1
151,5,577.40,319.36,21.01,32.28,0.2451,1,-1,-1
151,49,498.96,329.88,20.94,34.01,0.3166,1,-1,-1
151,50,753.30,310.70,12.66,24.74,0.5098,1,-1,-1
152,0,1000.70,354.48,18.59,50.69,0.6234,1,-1,-1
152,1,1481.35,429.81,31.09,73.01,0.5879,1,-1,-1
152,2,1393.66,429.66,26.80,43.27,0.6505,2,-1,-1
152,14,639.26,373.62,20.65,48.85,0.5554,1,-1,-1
152,15,543.87,362.51,28.67,56.10,0.4349,1,-1,-1
152,26,598.60,375.26,21.58,52.25,0.5467,1,-1,-1
152,5,579.49,318.81,21.45,32.98,0.3612,1,-1,-1
152,49,501.76,329.14,20.87,33.87,0.3495,1,-1,-1
152,50,755.22,310.70,12.77,24.95,0.3657,1,-1,-1
152,58,0.15,554.47,20.21,26.84,0.5254,4,-1,-1
153,0,1003.01,353.45,18.74,51.26,0.5409,1,-1,-1
153,1,1483.67,430.29,31.17,73.33,0.6663,1,-1,-1
153,2,1395.79,429.49,27.59,44.42,0.6540,2,-1,-1
153,14,642.25,374.01,20.47,48.24,0.2910,1,-1,-1
153,15,546.45,362.67,29.23,57.32,0.3576,1,-1,-1
153,26,601.54,375.44,21.54,52.21,0.4571,1,-1,-1
153,5,581.17,317.28,23.10,35.80,0.4407,1,-1,-1
153,49,504.32,328.97,21.35,34.71,0.2697,2,-1,-1
153,50,758.41,310.71,12.74,25.05,0.3251,1,-1,-1
153,58,1.94,553.22,20.81,27.50,0.1744,4,-1,-1
154,0,1005.04,352.84,18.91,51.69,0.4591,1,-1,-1
154,1,1486.23,430.21,31.13,73.21,0.6575,1,-1,-1
154,2,1398.12,429.49,27.74,44.71,0.6575,2,-1,-1
154,14,644.79,374.39,19.93,46.56,0.2502,1,-1,-1
154,15,547.96,362.52,29.89,59.15,0.4045,1,-1,-1
154,26,605.04,375.45,21.54,51.99,0.5860,1,-1,-1
154,5,583.17,317.45,22.66,35.42,0.3486,1,-1,-1
154,49,508.15,329.62,20.67,33.17,0.2127,2,-1,-1
154,50,760.68,310.44,12.63,24.68,0.3217,1,-1,-1
154,58,6.07,557.86,15.41,19.72,0.1956,4,-1,-1
155,0,1007.56,352.71,18.71,50.87,0.2606,1,-1,-1
155,1,1488.99,431.36,31.86,74.96,0.7154,1,-1,-1
155,2,1401.23,429.86,27.65,44.27,0.6732,2,-1,-1
155,14,647.59,373.30,20.25,47.24,0.3821,1,-1,-1
155,15,550.85,362.53,29.86,59.16,0.2606,1,-1,-1
155,26,607.73,374.89,21.84,52.73,0.7001,1,-1,-1
155,5,585.75,317.99,22.24,35.01,0.4036,1,-1,-1
155,49,510.44,329.30,22.39,36.06,0.3675,1,-1,-1
155,50,763.99,310.35,12.72,24.79,0.4776,1,-1,-1
156,0,1009.95,352.59,18.92,51.50,0.5332,1,-1,-1
156,1,1492.25,431.95,31.47,74.21,0.7506,1,-1,-1
156,2,1403.62,429.83,27.86,44.55,0.6397,2,-1,-1
156,14,650.32,373.23,20.66,48.09,0.4397,1,-1,-1
156,15,554.00,363.02,29.69,58.97,0.4017,1,-1,-1
156,26,610.18,374.67,22.00,53.09,0.6783,1,-1,-1
156,5,588.24,317.72,21.90,34.81,0.3540,1,-1,-1
156,49,512.91,328.62,22.35,36.00,0.1168,2,-1,-1
156,50,765.84,310.00,13.78,26.90,0.4083,1,-1,-1
157,0,1012.48,353.41,18.52,50.39,0.6234,1,-1,-1
157,1,1495.18,432.46,30.80,72.46,0.7162,1,-1,-1
157,2,1406.44,429.48,27.54,43.71,0.6575,2,-1,-1
157,14,653.43,373.49,20.26,47.19,0.4805,1,-1,-1
157,15,558.10,363.39,28.47,56.48,0.3603,1,-1,-1
157,26,612.97,374.97,21.49,52.09,0.5651,1,-1,-1
157,5,591.09,319.16,20.65,33.25,0.2926,1,-1,-1
157,49,515.87,328.53,21.50,34.56,0.1950,1,-1,-1
157,50,768.86,309.25,13.27,26.10,0.4504,1,-1,-1
158,0,1014.87,353.27,18.77,50.95,0.6030,1,-1,-1
158,1,1497.86,433.29,30.26,71.01,0.6935,1,-1,-1
158,2,1409.01,429.71,27.84,44.17,0.6160,2,-1,-1
158,14,656.06,373.61,20.21,46.89,0.4235,1,-1,-1
158,15,560.44,362.71,29.40,58.23,0.3877,1,-1,-1
158,26,615.89,375.11,21.56,52.28,0.6645,1,-1,-1
158,49,517.57,329.28,24.13,39.45,0.1316,2,-1,-1
158,50,771.37,309.17,13.17,25.95,0.3504,1,-1,-1
158,59,805.30,382.31,16.43,31.79,0.7178,1,-1,-1
159,0,1017.27,354.16,18.19,48.92,0.5263,1,-1,-1
159,1,1501.64,434.70,29.56,69.23,0.6697,1,-1,-1
159,2,1412.36,430.20,27.99,44.34,0.6415,2,-1,-1
159,14,658.47,373.42,20.21,46.62,0.4254,1,-1,-1
159,15,562.65,362.41,29.85,59.26,0.3961,1,-1,-1
159,26,619.15,374.97,21.49,52.02,0.6732,1,-1,-1
159,49,521.51,329.33,22.51,36.43,0.2154,1,-1,-1
159,50,774.76,309.76,12.79,25.17,0.4698,1,-1,-1
159,59,803.61,382.00,16.79,32.47,0.6766,1,-1,-1
160,0,1019.75,354.35,18.24,48.60,0.5390,1,-1,-1
160,1,1504.88,436.09,29.79,69.50,0.6834,1,-1,-1
160,2,1415.60,430.73,27.37,43.33,0.6289,2,-1,-1
160,14,661.56,372.99,20.37,46.82,0.4225,1,-1,-1
160,15,565.87,361.60,29.93,59.33,0.3495,1,-1,-1
160,26,621.88,374.53,21.70,52.47,0.6868,1,-1,-1
160,49,525.43,330.08,21.97,35.37,0.1471,1,-1,-1
160,50,777.14,310.38,13.31,26.23,0.5224,1,-1,-1
160,59,801.36,381.20,17.50,33.85,0.5974,1,-1,-1
161,0,1021.54,353.27,18.80,49.98,0.5400,1,-1,-1
161,1,1507.18,437.03,29.78,69.02,0.6522,1,-1,-1
161,2,1419.21,430.71,27.41,43.40,0.6558,2,-1,-1
161,14,664.09,373.29,20.32,46.70,0.5727,1,-1,-1
161,15,569.52,362.64,28.77,56.86,0.4504,1,-1,-1
161,26,624.09,375.01,21.34,51.60,0.7001,1,-1,-1
161,49,527.91,328.57,23.15,37.55,0.2674,1,-1,-1
161,50,778.46,310.68,14.05,27.85,0.4990,1,-1,-1
161,59,799.28,380.76,17.86,34.59,0.6261,1,-1,-1
162,0,1023.94,353.32,18.85,49.74,0.5842,1,-1,-1
162,1,1509.28,438.41,30.32,70.12,0.6334,1,-1,-1
162,2,1420.88,430.37,28.18,44.77,0.6851,2,-1,-1
162,14,666.87,373.46,20.24,46.61,0.4630,1,-1,-1
162,15,572.17,362.87,28.58,56.48,0.4130,1,-1,-1
162,26,626.94,375.31,21.00,51.13,0.6706,1,-1,-1
162,49,531.06,328.81,21.67,35.01,0.2487,2,-1,-1
162,50,780.96,310.42,14.32,28.72,0.3684,1,-1,-1
162,59,797.83,380.44,17.15,33.27,0.5775,1,-1,-1
163,0,1026.76,352.78,19.11,50.52,0.5000,1,-1,-1
163,1,1512.55,439.76,30.80,70.70,0.7090,1,-1,-1
163,2,1424.09,430.68,28.53,45.40,0.6817,2,-1,-1
163,14,669.11,373.31,20.22,46.42,0.3294,1,-1,-1
163,15,573.67,363.44,28.14,56.43,0.5254,1,-1,-1
163,26,629.94,375.66,20.73,50.60,0.6637,1,-1,-1
163,49,533.95,328.58,20.98,33.57,0.2275,1,-1,-1
163,50,783.51,309.85,13.74,27.55,0.3065,1,-1,-1
163,59,796.09,380.04,16.94,32.96,0.5487,1,-1,-1
164,0,1028.86,353.08,19.19,50.74,0.4177,1,-1,-1
164,1,1515.90,440.14,30.99,70.76,0.7621,1,-1,-1
164,2,1426.07,430.75,29.01,46.16,0.6834,2,-1,-1
164,14,672.12,372.75,20.24,46.33,0.3657,1,-1,-1
164,15,576.89,363.19,26.89,53.97,0.2401,2,-1,-1
164,26,632.74,375.04,20.94,51.12,0.6505,1,-1,-1
164,49,536.10,328.20,21.19,33.96,0.1999,1,-1,-1
164,50,787.20,309.72,13.28,26.64,0.5156,1,-1,-1
164,59,794.59,380.30,16.76,32.68,0.6114,1,-1,-1
165,0,1031.85,353.37,18.96,49.98,0.5322,1,-1,-1
165,1,1518.32,439.21,32.11,73.10,0.7614,1,-1,-1
165,2,1429.00,430.62,29.13,46.22,0.6505,2,-1,-1
165,14,674.59,372.76,20.42,46.47,0.5400,1,-1,-1
165,15,581.89,363.87,26.85,53.89,0.4465,1,-1,-1
165,26,635.30,375.21,20.87,51.07,0.6901,1,-1,-1
165,49,539.18,327.88,20.64,33.12,0.2531,2,-1,-1
165,50,789.15,309.41,14.11,28.55,0.4092,1,-1,-1
165,59,792.77,380.13,16.96,33.01,0.6619,1,-1,-1
166,0,1034.05,352.81,19.28,51.02,0.5794,1,-1,-1
166,1,1521.63,439.23,31.59,71.40,0.7454,1,-1,-1
166,2,1431.68,430.60,29.06,46.26,0.6935,2,-1,-1
166,14,677.47,373.17,20.29,46.19,0.4990,1,-1,-1
166,15,585.67,363.29,26.57,53.34,0.4254,1,-1,-1
166,26,637.75,375.24,20.73,50.91,0.6732,1,-1,-1
166,49,542.62,327.89,19.82,31.69,0.1148,2,-1,-1
166,50,792.18,308.77,13.44,27.32,0.3914,1,-1,-1
166,59,791.08,379.40,17.25,33.47,0.6206,1,-1,-1
167,0,1036.44,352.94,19.33,50.78,0.6105,1,-1,-1
167,1,1524.45,440.06,32.51,73.01,0.6868,1,-1,-1
167,2,1435.32,430.94,28.85,45.93,0.6433,2,-1,-1
167,14,680.36,373.25,20.15,45.67,0.3858,1,-1,-1
167,15,590.41,363.70,25.13,50.88,0.4475,1,-1,-1
167,26,641.17,375.35,20.50,50.70,0.6160,1,-1,-1
167,49,545.38,328.59,19.57,31.27,0.2031,2,-1,-1
167,50,794.76,308.43,13.26,27.10,0.3329,1,-1,-1
167,59,789.24,378.64,17.58,34.04,0.5390,1,-1,-1
168,0,1038.98,352.97,19.59,51.49,0.5166,1,-1,-1
168,1,1528.79,441.82,30.78,68.60,0.5823,1,-1,-1
168,2,1438.90,431.49,27.92,44.52,0.6343,2,-1,-1
168,14,683.03,372.84,20.05,45.36,0.3390,1,-1,-1
168,15,594.93,363.03,23.46,47.68,0.3268,1,-1,-1
168,26,644.25,375.21,20.48,50.87,0.6628,1,-1,-1
168,49,547.64,328.87,19.27,30.91,0.2910,2,-1,-1
168,50,797.98,308.74,13.09,26.77,0.3303,1,-1,-1
168,59,788.43,378.56,17.59,33.75,0.4951,1,-1,-1
168,64,1430.93,440.87,45.80,50.64,0.5215,10,-1,-1
169,0,1041.07,352.95,19.73,51.76,0.5823,1,-1,-1
169,1,1531.66,441.17,30.55,67.63,0.7318,1,-1,-1
169,2,1442.08,431.33,27.84,44.41,0.6540,2,-1,-1
169,14,685.62,372.43,20.48,46.14,0.4863,1,-1,-1
169,15,597.51,362.00,24.76,50.70,0.4902,1,-1,-1
169,26,647.13,375.14,20.49,50.90,0.6868,1,-1,-1
169,49,550.46,328.07,19.40,31.33,0.3090,2,-1,-1
169,50,800.36,309.45,13.56,27.92,0.5107,1,-1,-1
169,59,786.89,378.76,17.86,34.36,0.5341,1,-1,-1
169,64,1434.67,444.01,40.74,45.23,0.5010,10,-1,-1
170,0,1043.55,352.02,19.74,51.65,0.6067,1,-1,-1
170,1,1534.66,441.59,30.67,67.25,0.7098,1,-1,-1
170,2,1444.99,431.05,27.47,44.06,0.7098,2,-1,-1
170,14,687.85,372.62,20.86,47.02,0.6030,1,-1,-1
170,15,596.11,361.00,26.68,54.06,0.4436,1,-1,-1
170,26,649.67,375.64,20.18,50.37,0.6993,1,-1,-1
170,49,553.08,328.16,19.10,30.95,0.3868,2,-1,-1
170,50,802.15,309.81,13.98,28.88,0.3504,1,-1,-1
170,59,784.78,378.60,18.13,35.04,0.4026,1,-1,-1
170,64,1438.85,444.37,37.40,41.76,0.4455,10,-1,-1
171,0,1045.36,352.32,20.10,52.61,0.5917,1,-1,-1
171,1,1537.60,442.77,31.54,68.41,0.7311,1,-1,-1
171,2,1447.54,430.93,28.07,45.23,0.6783,2,-1,-1
171,14,690.45,372.94,20.62,46.69,0.5137,1,-1,-1
171,15,598.09,360.97,27.11,55.14,0.4455,1,-1,-1
171,26,652.36,375.46,20.07,50.28,0.5370,1,-1,-1
171,49,555.90,328.19,19.30,31.23,0.1901,1,-1,-1
171,50,805.09,309.42,13.43,27.92,0.3979,1,-1,-1
171,59,782.83,378.16,18.28,35.70,0.4824,1,-1,-1
171,64,1441.90,443.49,40.73,45.74,0.3558,10,-1,-1
172,0,1047.67,352.52,20.21,52.90,0.6142,1,-1,-1
172,1,1540.17,443.51,32.23,69.38,0.7341,1,-1,-1
172,2,1450.18,431.26,28.12,45.25,0.6817,2,-1,-1
172,14,692.76,373.04,20.55,46.62,0.3486,1,-1,-1
172,15,599.66,360.46,27.53,56.55,0.4727,1,-1,-1
172,26,654.98,375.49,19.99,50.22,0.6252,1,-1,-1
172,49,559.04,328.49,19.33,31.15,0.2991,1,-1,-1
172,50,807.57,308.28,13.11,27.32,0.3639,1,-1,-1
172,59,781.18,377.85,18.14,35.89,0.4426,1,-1,-1
172,64,1443.84,442.80,40.74,46.14,0.4073,10,-1,-1
173,0,1050.29,352.44,20.26,53.21,0.5746,1,-1,-1
173,1,1543.57,442.51,31.87,68.01,0.7130,1,-1,-1
173,2,1452.95,430.82,28.94,46.65,0.6766,2,-1,-1
173,14,695.47,372.44,20.47,46.26,0.4130,1,-1,-1
173,15,602.75,360.66,27.75,57.00,0.4111,1,-1,-1
173,26,657.94,375.20,20.19,50.72,0.6680,1,-1,-1
173,49,561.77,328.66,19.81,31.99,0.3115,1,-1,-1
173,50,810.66,308.55,12.89,26.71,0.4932,1,-1,-1
173,59,779.45,377.95,18.13,36.19,0.5993,1,-1,-1
173,64,1448.67,446.14,38.05,43.25,0.4678,10,-1,-1
174,0,1051.99,352.67,20.56,54.23,0.5775,1,-1,-1
174,1,1546.42,443.58,32.11,68.16,0.6715,1,-1,-1
174,2,1455.78,430.61,28.34,45.78,0.6680,2,-1,-1
174,14,698.41,372.62,20.49,46.11,0.4668,1,-1,-1
174,15,605.72,361.12,27.73,56.95,0.5098,1,-1,-1
174,26,660.31,375.66,20.04,50.38,0.6469,1,-1,-1
174,49,563.88,328.81,19.63,31.61,0.1394,1,-1,-1
174,50,813.06,308.85,13.10,27.00,0.4244,1,-1,-1
174,59,777.71,378.03,18.25,36.88,0.4321,1,-1,-1
174,64,1451.92,445.48,40.43,46.11,0.3024,10,-1,-1
175,0,1054.29,352.10,20.78,54.91,0.5804,1,-1,-1
175,1,1549.07,443.50,32.10,67.65,0.6918,1,-1,-1
175,2,1459.05,431.00,27.96,45.40,0.6451,2,-1,-1
175,14,701.35,372.93,20.21,45.36,0.4854,1,-1,-1
175,15,608.65,361.13,26.68,54.62,0.2108,2,-1,-1
175,26,662.86,376.18,19.86,50.03,0.4620,1,-1,-1
175,49,567.19,329.31,18.54,29.95,0.1476,1,-1,-1
175,50,815.71,309.11,12.60,25.78,0.3923,1,-1,-1
175,59,776.20,377.28,18.06,36.69,0.5708,1,-1,-1
175,64,1455.46,443.47,42.72,48.87,0.4746,10,-1,-1
176,0,1056.39,352.87,20.49,54.07,0.6261,1,-1,-1
176,1,1552.13,444.85,32.09,67.01,0.6123,1,-1,-1
176,2,1461.71,431.70,28.03,45.51,0.6123,2,-1,-1
176,14,704.12,373.04,20.06,44.93,0.3337,1,-1,-1
176,15,611.75,361.06,26.57,54.07,0.4542,1,-1,-1
176,26,665.22,375.74,19.88,49.97,0.5176,1,-1,-1
176,49,570.29,328.94,18.51,29.75,0.2636,2,-1,-1
176,50,818.70,308.64,12.30,25.26,0.3549,1,-1,-1
176,59,775.01,377.20,17.85,36.52,0.5448,1,-1,-1
176,64,1456.86,443.60,43.55,50.38,0.4961,10,-1,-1
177,0,1058.70,353.19,20.63,54.26,0.5765,1,-1,-1
177,1,1554.86,444.68,32.53,67.70,0.6968,1,-1,-1
177,2,1464.94,431.52,28.50,46.42,0.6361,2,-1,-1
177,14,706.54,372.64,20.12,44.95,0.2275,1,-1,-1
177,15,614.16,360.86,26.52,53.29,0.3558,1,-1,-1
177,26,667.87,375.29,20.12,50.40,0.6307,1,-1,-1
177,49,573.32,328.49,18.18,29.07,0.4292,2,-1,-1
177,50,820.68,308.88,12.58,25.54,0.3057,1,-1,-1
177,59,774.03,377.41,17.33,35.56,0.5273,1,-1,-1
177,64,1460.39,444.02,42.49,49.41,0.5429,10,-1,-1
178,0,1061.40,353.80,19.77,51.93,0.5860,1,-1,-1
178,1,1557.64,446.28,31.98,65.90,0.6234,1,-1,-1
178,2,1467.58,431.08,28.33,46.32,0.7050,2,-1,-1
178,14,709.38,372.33,20.35,45.28,0.3090,1,-1,-1
178,15,617.05,361.04,27.06,54.08,0.4225,1,-1,-1
178,26,670.65,375.51,20.08,50.04,0.5429,1,-1,-1
178,49,575.95,327.78,18.37,29.38,0.4244,2,-1,-1
178,50,823.94,309.15,12.75,25.85,0.5088,1,-1,-1
178,59,772.54,377.50,17.02,35.27,0.5351,1,-1,-1
178,64,1463.38,445.10,37.19,43.66,0.5506,10,-1,-1
179,0,1063.64,353.96,19.54,51.17,0.5860,1,-1,-1
179,1,1560.22,446.92,32.54,66.81,0.5917,1,-1,-1
179,2,1470.73,430.89,28.45,46.90,0.6851,2,-1,-1
179,14,712.12,372.49,20.30,44.96,0.5263,1,-1,-1
179,15,619.69,361.01,26.75,53.40,0.5195,1,-1,-1
179,26,673.16,376.77,19.30,47.88,0.3849,1,-1,-1
179,49,578.08,328.17,18.33,29.60,0.2275,1,-1,-1
179,50,826.01,309.49,12.75,25.64,0.4581,1,-1,-1
179,59,771.21,377.35,16.61,34.48,0.5156,1,-1,-1
179,64,1466.22,444.40,37.28,44.22,0.4426,10,-1,-1
180,0,1065.75,353.47,20.01,52.14,0.6397,1,-1,-1
180,1,1562.08,447.79,33.66,68.89,0.6433,1,-1,-1
180,2,1473.22,431.63,28.60,47.04,0.7082,2,-1,-1
180,14,714.56,372.69,20.19,44.65,0.5448,1,-1,-1
180,15,621.51,360.75,27.35,54.80,0.5244,1,-1,-1
180,26,675.72,376.49,19.35,47.83,0.3157,1,-1,-1
180,49,580.72,327.90,18.85,30.44,0.2767,1,-1,-1
180,50,828.53,309.09,12.61,25.44,0.4407,1,-1,-1
180,59,769.69,377.06,17.30,35.84,0.6179,1,-1,-1
180,64,1468.76,444.16,37.92,45.28,0.4668,10,-1,-1
181,0,1067.56,353.94,20.11,52.01,0.6732,1,-1,-1
181,1,1565.34,448.63,32.70,66.41,0.6558,1,-1,-1
181,2,1475.31,431.54,29.50,48.51,0.6951,2,-1,-1
181,14,716.79,372.49,20.28,44.80,0.3803,1,-1,-1
181,15,622.17,362.08,27.21,55.50,0.4766,1,-1,-1
181,26,678.00,376.12,19.51,47.89,0.3251,1,-1,-1
181,49,583.93,328.03,18.74,30.10,0.2790,2,-1,-1
181,50,830.79,308.26,12.84,26.03,0.3277,1,-1,-1
181,59,768.08,376.94,16.64,34.02,0.5137,1,-1,-1
181,64,1472.68,446.14,39.33,46.54,0.5380,10,-1,-1
182,0,1069.25,354.44,20.01,51.14,0.6868,1,-1,-1
182,1,1568.56,449.66,32.44,65.04,0.5879,1,-1,-1
182,2,1478.17,431.24,29.10,47.77,0.6868,2,-1,-1
182,14,719.22,372.06,20.40,45.01,0.4216,1,-1,-1
182,15,625.47,361.55,27.46,55.84,0.4026,1,-1,-1
182,26,680.85,375.50,19.94,48.53,0.4523,1,-1,-1
182,49,586.58,327.60,19.14,30.65,0.1613,1,-1,-1
182,50,832.84,308.22,12.91,25.89,0.3513,1,-1,-1
182,59,765.71,376.76,17.57,35.89,0.5448,1,-1,-1
182,64,1476.11,444.99,39.36,45.93,0.1097,10,-1,-1
183,0,1071.87,354.05,19.98,50.77,0.6179,1,-1,-1
183,1,1570.34,450.07,33.43,66.18,0.7394,1,-1,-1
183,2,1481.29,431.31,28.67,47.19,0.6663,2,-1,-1
183,14,722.10,372.10,20.54,45.31,0.5088,1,-1,-1
183,15,629.56,360.62,27.34,55.60,0.4941,1,-1,-1
183,26,683.66,375.84,19.75,47.84,0.4111,1,-1,-1
183,49,589.31,327.59,19.17,31.06,0.2147,1,-1,-1
183,50,836.24,308.85,12.96,26.20,0.5185,1,-1,-1
183,59,764.70,377.08,16.36,33.09,0.5955,1,-1,-1
183,64,1480.75,443.68,42.90,49.41,0.3648,10,-1,-1
184,0,1074.10,353.57,19.93,50.39,0.6469,1,-1,-1
184,1,1572.83,450.23,33.98,66.65,0.6766,1,-1,-1
184,2,1484.79,432.15,28.26,46.48,0.6715,2,-1,-1
184,14,724.52,372.22,20.60,45.72,0.5860,1,-1,-1
184,15,632.86,361.04,26.86,54.94,0.3998,1,-1,-1
184,26,686.16,375.62,19.76,47.76,0.4523,1,-1,-1
184,49,591.80,328.03,18.40,30.08,0.2069,2,-1,-1
184,50,838.58,308.96,12.89,25.98,0.3630,1,-1,-1
184,59,762.14,376.99,16.25,32.33,0.6179,1,-1,-1
184,64,1480.88,443.38,41.13,48.15,0.5000,10,-1,-1
185,0,1075.80,352.86,20.62,51.72,0.6951,1,-1,-1
185,1,1575.22,450.58,33.77,66.22,0.4102,1,-1,-1
185,2,1487.32,432.57,28.31,46.60,0.6397,2,-1,-1
185,14,727.55,372.13,20.83,46.09,0.6105,1,-1,-1
185,15,634.10,360.73,27.71,56.97,0.5860,1,-1,-1
185,26,687.81,374.66,20.70,49.76,0.4805,1,-1,-1
185,49,594.36,327.83,18.85,30.44,0.1442,2,-1,-1
185,50,841.30,307.72,12.81,25.84,0.2991,1,-1,-1
185,59,760.03,376.57,16.70,32.61,0.5234,1,-1,-1
185,64,1482.77,443.78,40.33,47.99,0.5195,10,-1,-1
186,0,1077.98,352.89,20.70,51.40,0.6540,1,-1,-1
186,1,1577.64,450.36,33.96,66.90,0.3442,1,-1,-1
186,2,1490.33,432.13,28.42,46.75,0.6834,2,-1,-1
186,14,729.61,371.74,21.07,46.82,0.5593,1,-1,-1
186,15,635.55,361.42,27.20,56.19,0.4045,1,-1,-1
186,26,690.26,375.44,20.57,49.13,0.4971,1,-1,-1
186,49,596.82,327.29,18.59,29.98,0.3115,2,-1,-1
186,50,843.28,306.61,13.04,26.41,0.3549,1,-1,-1
186,59,759.14,376.49,16.72,32.48,0.4340,1,-1,-1
186,64,1487.05,445.15,35.29,42.30,0.5564,10,-1,-1
187,0,1079.55,353.25,21.00,51.56,0.7225,1,-1,-1
187,1,1579.59,450.52,34.20,67.11,0.4883,1,-1,-1
187,2,1492.58,432.13,28.39,46.89,0.7066,2,-1,-1
187,14,732.02,371.31,21.36,47.70,0.5429,1,-1,-1
187,15,638.93,360.80,26.56,54.69,0.1956,2,-1,-1
187,26,693.38,375.79,20.54,49.23,0.3320,1,-1,-1
187,49,599.65,327.13,18.68,30.04,0.3513,2,-1,-1
187,50,846.52,307.79,13.23,26.92,0.2999,1,-1,-1
187,59,757.20,376.56,19.00,37.12,0.5127,1,-1,-1
187,64,1489.34,444.76,34.02,41.13,0.4321,10,-1,-1
188,0,1081.62,353.21,21.45,52.18,0.6951,1,-1,-1
188,1,1581.75,451.09,34.46,67.16,0.5554,1,-1,-1
188,2,1495.94,432.63,28.18,46.52,0.7033,2,-1,-1
188,14,734.26,371.56,20.84,46.50,0.6179,1,-1,-1
188,15,641.34,360.27,27.48,56.65,0.5708,1,-1,-1
188,26,693.06,371.34,22.36,53.06,0.2674,1,-1,-1
188,49,602.17,327.59,18.73,30.23,0.2759,2,-1,-1
188,50,848.93,308.64,13.44,27.55,0.4426,1,-1,-1
188,59,755.44,376.44,19.13,37.48,0.5593,1,-1,-1
188,64,1492.69,444.03,33.65,41.01,0.4349,10,-1,-1
188,67,1487.66,352.34,19.69,47.80,0.5651,1,-1,-1
189,0,1083.93,353.03,21.64,52.49,0.6549,1,-1,-1
189,1,1584.70,451.56,34.80,67.63,0.6851,1,-1,-1
189,2,1498.37,433.35,28.15,46.27,0.6901,2,-1,-1
189,14,736.11,371.98,20.78,46.33,0.5765,1,-1,-1
189,15,643.33,359.91,28.16,58.05,0.5525,1,-1,-1
189,26,696.22,371.55,22.47,52.94,0.3522,1,-1,-1
189,49,605.44,327.51,19.47,30.99,0.3007,1,-1,-1
189,50,850.32,308.51,13.95,28.67,0.2846,1,-1,-1
189,59,752.26,376.01,22.65,45.29,0.3684,1,-1,-1
189,64,1495.20,443.93,33.66,41.16,0.3433,10,-1,-1
189,67,1491.75,351.34,19.01,46.11,0.5156,1,-1,-1
190,0,1086.03,353.03,21.95,53.37,0.6758,1,-1,-1
190,1,1586.57,450.85,36.24,70.55,0.7241,1,-1,-1
190,2,1500.33,432.97,29.34,48.23,0.6505,2,-1,-1
190,14,738.20,372.57,21.72,48.72,0.3693,1,-1,-1
190,15,645.76,359.79,28.46,59.07,0.5860,1,-1,-1
190,26,698.33,372.71,22.64,53.24,0.2950,1,-1,-1
190,49,607.95,327.33,19.95,31.38,0.3157,1,-1,-1
190,50,853.28,307.63,13.48,27.95,0.2379,1,-1,-1
190,59,750.06,375.37,24.87,50.92,0.4235,1,-1,-1
190,64,1501.23,445.17,35.68,42.61,0.1907,10,-1,-1
191,0,1088.22,352.70,21.84,52.74,0.6834,1,-1,-1
191,1,1588.99,451.19,36.42,71.40,0.5166,1,-1,-1
191,2,1503.04,432.94,28.97,47.61,0.6179,2,-1,-1
191,14,742.12,371.88,21.99,48.43,0.3567,1,-1,-1
191,15,648.55,360.45,26.70,55.21,0.3630,2,-1,-1
191,26,701.44,373.94,21.76,51.04,0.3886,1,-1,-1
191,49,610.07,326.65,20.11,31.79,0.2268,1,-1,-1
191,50,855.26,306.53,13.66,28.28,0.3124,1,-1,-1
191,59,744.62,373.31,26.98,55.22,0.2056,1,-1,-1
191,64,1505.13,444.53,39.75,46.30,0.2576,10,-1,-1
191,67,1501.55,351.02,16.15,38.90,0.4746,1,-1,-1
192,0,1090.22,352.56,21.95,52.81,0.6800,1,-1,-1
192,1,1590.44,451.51,36.95,72.70,0.7698,1,-1,-1
192,2,1506.16,433.18,29.32,48.14,0.6433,2,-1,-1
192,14,744.25,371.41,22.16,48.24,0.2838,1,-1,-1
192,15,651.32,360.48,26.93,55.89,0.1795,2,-1,-1
192,26,704.12,374.52,21.69,50.76,0.4407,1,-1,-1
192,49,612.46,326.93,19.45,30.79,0.3540,2,-1,-1
192,50,858.61,307.92,13.15,27.03,0.3200,1,-1,-1
192,64,1504.38,442.55,40.65,48.01,0.2200,10,-1,-1
192,67,1506.44,351.13,15.49,37.11,0.3895,1,-1,-1
193,0,1092.54,353.22,21.45,51.20,0.6951,1,-1,-1
193,1,1592.66,451.44,37.19,73.41,0.7527,1,-1,-1
193,2,1509.06,433.95,28.67,46.76,0.6487,2,-1,-1
193,14,746.43,371.35,22.21,48.44,0.2926,1,-1,-1
193,15,653.87,360.61,26.96,56.11,0.3303,2,-1,-1
193,26,706.80,374.46,21.53,50.13,0.4562,1,-1,-1
193,49,615.60,327.56,18.89,29.87,0.1399,1,-1,-1
193,50,861.01,308.15,13.15,27.02,0.4036,1,-1,-1
193,64,1505.61,443.07,38.35,45.77,0.3840,10,-1,-1
193,67,1510.23,350.68,15.47,36.94,0.3311,1,-1,-1
194,0,1094.83,353.34,21.48,50.95,0.6680,1,-1,-1
194,1,1595.09,450.77,37.78,74.98,0.7725,1,-1,-1
194,2,1511.31,433.94,29.78,48.64,0.5842,2,-1,-1
194,14,749.24,371.48,21.85,47.65,0.4932,1,-1,-1
194,15,656.54,362.60,26.50,55.00,0.2894,1,-1,-1
194,26,708.70,374.67,21.26,49.30,0.5059,1,-1,-1
194,49,617.96,327.20,19.13,30.12,0.3337,2,-1,-1
194,50,862.52,308.04,13.32,27.20,0.2918,1,-1,-1
194,64,1507.80,443.17,37.08,44.97,0.4036,10,-1,-1
194,67,1513.89,350.63,15.32,36.31,0.4359,1,-1,-1
195,0,1097.40,353.38,21.55,50.98,0.6451,1,-1,-1
195,1,1597.93,450.99,37.75,75.30,0.7766,1,-1,-1
195,2,1513.96,433.87,29.58,48.16,0.6105,2,-1,-1
195,14,751.80,371.67,21.83,47.62,0.4388,1,-1,-1
195,15,659.13,360.65,27.06,56.09,0.4273,1,-1,-1
195,26,710.85,375.07,21.55,50.18,0.4591,1,-1,-1
195,49,620.62,326.83,19.24,30.32,0.3090,2,-1,-1
195,50,865.88,307.90,12.65,25.95,0.2744,1,-1,-1
195,64,1510.30,444.67,35.55,43.55,0.3513,10,-1,-1
195,67,1516.55,349.50,16.07,37.82,0.5332,1,-1,-1
196,0,1099.50,352.82,22.18,52.33,0.7017,1,-1,-1
196,1,1600.44,451.91,37.47,74.91,0.7614,1,-1,-1
196,2,1517.19,433.73,29.66,48.34,0.6415,2,-1,-1
196,14,753.47,371.34,21.59,47.25,0.1551,1,-1,-1
196,15,662.46,360.21,25.41,51.97,0.4340,2,-1,-1
196,26,713.38,375.38,21.18,49.01,0.3576,1,-1,-1
196,49,623.43,326.44,19.36,30.40,0.4844,2,-1,-1
196,50,867.50,306.85,13.10,26.72,0.3024,1,-1,-1
196,64,1513.28,443.25,35.97,44.46,0.3433,10,-1,-1
196,67,1520.66,349.71,15.83,37.04,0.4571,1,-1,-1
197,0,1101.06,351.66,22.98,54.18,0.6706,1,-1,-1
197,1,1603.20,452.77,36.74,73.56,0.7364,1,-1,-1
197,2,1520.56,434.10,29.11,47.31,0.6935,2,-1,-1
197,14,755.41,371.40,21.50,47.32,0.2247,1,-1,-1
197,15,664.46,359.69,27.43,56.32,0.5039,1,-1,-1
197,26,716.10,374.67,21.45,49.77,0.4282,1,-1,-1
197,49,625.75,326.65,19.14,30.25,0.3531,2,-1,-1
197,50,871.19,308.10,12.74,25.96,0.3200,1,-1,-1
197,64,1517.11,443.33,35.06,43.54,0.3320,10,-1,-1
197,67,1524.36,349.49,16.33,38.17,0.4854,1,-1,-1
198,0,1103.27,352.22,22.96,53.97,0.6671,1,-1,-1
198,1,1605.28,452.15,37.41,75.17,0.7409,1,-1,-1
198,2,1522.45,434.13,29.78,48.37,0.6663,2,-1,-1
198,15,665.98,359.68,28.39,58.54,0.4678,1,-1,-1
198,26,718.81,374.29,21.56,50.02,0.4717,1,-1,-1
198,49,627.81,326.69,19.03,30.02,0.2651,1,-1,-1
198,50,873.11,308.39,13.48,27.61,0.3886,1,-1,-1
198,64,1519.38,442.71,35.32,44.03,0.1950,2,-1,-1
198,67,1527.48,348.84,16.92,39.30,0.6105,1,-1,-1
199,0,1105.21,352.68,23.00,54.01,0.6671,1,-1,-1
199,1,1607.33,451.96,37.76,76.35,0.7899,1,-1,-1
199,2,1525.16,434.24,29.97,48.57,0.6628,2,-1,-1
199,15,670.14,359.92,27.83,57.97,0.5107,1,-1,-1
199,26,720.67,374.46,21.52,49.85,0.5477,1,-1,-1
199,49,629.72,326.65,19.53,30.92,0.3831,1,-1,-1
199,50,875.11,308.94,12.99,26.56,0.2822,1,-1,-1
199,64,1522.27,443.01,35.40,44.38,0.1739,2,-1,-1
199,67,1531.61,348.90,16.93,39.13,0.6067,1,-1,-1
200,0,1107.37,352.74,23.00,54.12,0.6298,1,-1,-1
200,1,1609.76,452.86,37.66,76.72,0.7691,1,-1,-1
200,2,1528.39,434.42,29.66,48.14,0.6179,2,-1,-1
200,15,671.83,360.85,27.78,57.88,0.4542,1,-1,-1
200,26,723.36,374.65,22.01,51.02,0.3821,1,-1,-1
200,49,632.65,325.89,19.91,31.59,0.3260,1,-1,-1
200,50,877.63,308.17,13.08,26.95,0.2798,1,-1,-1
200,64,1524.72,440.48,40.53,51.36,0.1587,2,-1,-1
200,67,1535.18,349.26,16.92,38.95,0.6179,1,-1,-1
201,0,1110.14,352.89,22.89,53.83,0.6766,1,-1,-1
201,1,1612.22,453.29,37.27,76.46,0.7074,1,-1,-1
201,2,1532.24,434.98,29.23,47.34,0.6984,2,-1,-1
201,15,675.05,360.67,27.60,57.28,0.3558,1,-1,-1
201,26,726.40,374.09,21.94,50.25,0.4064,1,-1,-1
201,49,635.75,326.37,19.16,30.42,0.3576,2,-1,-1
201,50,879.93,308.08,13.02,26.51,0.2358,1,-1,-1
201,64,1529.68,442.60,40.66,51.04,0.4795,10,-1,-1
201,67,1538.17,349.89,17.06,38.94,0.5908,1,-1,-1
202,0,1112.26,352.30,23.36,54.89,0.6343,1,-1,-1
202,1,1614.60,452.64,38.12,78.80,0.7349,1,-1,-1
202,2,1534.23,435.07,29.64,47.99,0.6558,2,-1,-1
202,15,677.97,360.26,28.10,58.70,0.4941,1,-1,-1
202,26,728.92,374.13,22.13,50.39,0.4805,1,-1,-1
202,49,639.45,326.41,18.97,30.25,0.3594,1,-1,-1
202,50,883.52,308.77,12.71,25.77,0.3407,1,-1,-1
202,64,1531.91,444.31,36.21,45.68,0.4130,10,-1,-1
202,67,1541.25,349.40,17.46,39.48,0.6645,1,-1,-1
203,0,1114.83,352.28,22.61,53.18,0.6749,1,-1,-1
203,1,1616.86,453.39,37.51,77.95,0.7578,1,-1,-1
203,2,1537.09,435.27,29.59,47.77,0.6680,2,-1,-1
203,15,680.89,360.12,27.93,58.61,0.3311,1,-1,-1
203,26,731.42,373.64,22.35,50.91,0.6030,1,-1,-1
203,49,641.91,326.60,19.20,30.66,0.3329,1,-1,-1
203,50,885.49,308.25,13.03,26.36,0.3132,1,-1,-1
203,64,1534.82,445.42,33.49,42.56,0.4244,10,-1,-1
203,67,1544.75,350.08,17.46,38.94,0.5603,1,-1,-1
203,14,770.73,371.53,21.18,46.38,0.4591,1,-1,-1
204,0,1117.76,353.29,22.10,51.64,0.6783,1,-1,-1
204,1,1619.84,453.90,37.31,77.95,0.7233,1,-1,-1
204,2,1539.62,435.35,29.27,46.99,0.6800,2,-1,-1
204,15,683.64,359.70,28.00,59.33,0.5215,1,-1,-1
204,26,733.50,372.85,22.18,50.54,0.5784,1,-1,-1
204,49,643.47,326.16,20.11,32.56,0.3979,1,-1,-1
204,50,887.91,307.87,12.51,25.12,0.2043,1,-1,-1
204,64,1537.04,445.33,36.01,45.69,0.3803,10,-1,-1
204,67,1548.77,351.01,17.35,38.21,0.5400,1,-1,-1
204,14,773.22,371.82,20.79,45.79,0.5860,1,-1,-1
205,0,1120.10,352.94,22.32,52.18,0.6558,1,-1,-1
205,1,1622.09,454.11,37.37,78.71,0.7217,1,-1,-1
205,2,1543.68,435.50,29.17,46.78,0.6697,2,-1,-1
205,15,684.94,359.76,27.84,58.72,0.3460,1,-1,-1
205,26,734.80,372.09,22.74,51.42,0.2854,1,-1,-1
205,49,646.56,325.95,19.88,32.12,0.3989,2,-1,-1
205,50,890.14,307.16,12.60,25.32,0.3174,1,-1,-1
205,64,1540.03,443.93,35.94,45.81,0.4359,10,-1,-1
205,67,1552.03,351.30,17.36,37.90,0.6030,1,-1,-1
205,14,775.58,371.87,21.28,46.87,0.3757,1,-1,-1
206,0,1122.83,352.70,22.45,52.49,0.7082,1,-1,-1
206,1,1624.60,454.42,37.12,78.99,0.7154,1,-1,-1
206,2,1545.55,435.59,29.52,47.32,0.6834,2,-1,-1
206,15,687.08,359.71,28.47,59.89,0.4397,1,-1,-1
206,26,734.20,368.00,24.64,54.87,0.3720,2,-1,-1
206,49,648.71,326.25,19.66,31.74,0.4083,2,-1,-1
206,50,892.19,307.11,12.98,25.72,0.2561,1,-1,-1
206,64,1543.74,446.04,34.31,43.56,0.3016,10,-1,-1
206,67,1556.03,351.30,17.82,38.61,0.4776,1,-1,-1
206,14,778.25,371.52,21.81,48.14,0.2295,1,-1,-1
206,72,661.21,361.49,17.97,50.62,0.5689,1,-1,-1
207,0,1124.92,352.59,22.87,53.50,0.6663,1,-1,-1
207,1,1627.15,454.78,36.95,79.52,0.7341,1,-1,-1
207,2,1548.08,436.02,29.73,47.57,0.6628,2,-1,-1
207,15,689.88,359.69,28.61,60.19,0.4639,1,-1,-1
207,26,735.15,365.45,25.94,57.00,0.4932,1,-1,-1
207,49,651.39,326.05,19.65,31.51,0.2509,1,-1,-1
207,50,894.98,307.73,13.02,25.46,0.3166,1,-1,-1
207,64,1547.61,446.45,34.87,43.89,0.2180,10,-1,-1
207,67,1560.06,352.62,17.47,37.28,0.4504,1,-1,-1
207,14,780.52,371.18,22.11,48.58,0.3886,1,-1,-1
207,72,660.62,360.01,20.52,57.76,0.2050,1,-1,-1
208,0,1127.51,352.97,22.64,52.69,0.7098,1,-1,-1
208,1,1629.80,454.63,36.94,80.22,0.7341,1,-1,-1
208,2,1550.86,435.97,29.06,46.08,0.6732,2,-1,-1
208,15,694.36,360.24,26.76,56.44,0.3486,1,-1,-1
208,26,736.98,364.21,26.33,57.71,0.5107,1,-1,-1
208,49,654.21,326.56,19.12,30.59,0.2568,2,-1,-1
208,50,897.13,308.19,13.67,26.92,0.2697,1,-1,-1
208,64,1549.70,445.52,37.06,46.71,0.1063,10,-1,-1
208,67,1563.67,352.18,17.53,37.48,0.6261,1,-1,-1
208,14,783.47,371.35,21.17,46.29,0.4600,1,-1,-1
208,72,665.35,359.78,17.52,49.33,0.4630,1,-1,-1
209,0,1129.79,352.52,22.72,52.72,0.6926,1,-1,-1
209,1,1632.39,453.53,37.51,82.15,0.7318,1,-1,-1
209,2,1554.59,436.68,28.97,45.74,0.6522,2,-1,-1
209,15,697.43,360.20,26.56,56.64,0.5448,1,-1,-1
209,26,742.87,370.07,24.00,52.60,0.4854,1,-1,-1
209,49,656.48,326.12,20.05,32.31,0.3766,1,-1,-1
209,50,899.48,308.29,13.39,26.51,0.2227,1,-1,-1
209,64,1550.84,441.58,40.46,51.56,0.1901,2,-1,-1
209,67,1567.89,352.08,17.98,38.35,0.5851,1,-1,-1
209,14,785.70,371.71,20.93,46.01,0.5651,1,-1,-1
209,72,668.91,360.12,17.20,48.61,0.5244,1,-1,-1
210,0,1132.85,353.05,22.52,52.11,0.6783,1,-1,-1
210,1,1634.99,453.83,37.24,82.20,0.7491,1,-1,-1
210,2,1557.24,436.40,29.62,46.60,0.6575,2,-1,-1
210,15,700.19,359.75,26.63,57.16,0.4785,1,-1,-1
210,26,746.47,372.94,22.92,50.43,0.4893,1,-1,-1
210,49,658.70,325.88,21.00,33.87,0.4455,1,-1,-1
210,50,901.92,307.74,13.63,27.33,0.2539,1,-1,-1
210,64,1553.23,440.73,40.03,51.61,0.1188,2,-1,-1
210,67,1572.16,352.88,17.79,37.87,0.5351,1,-1,-1
210,14,787.75,371.54,21.14,46.75,0.4824,1,-1,-1
210,72,672.53,359.41,15.89,44.93,0.5361,1,-1,-1
210,73,702.13,312.61,16.65,36.70,0.5185,1,-1,-1
211,0,1135.50,352.93,22.94,53.00,0.6834,1,-1,-1
211,1,1637.06,453.95,36.90,82.18,0.6800,1,-1,-1
211,2,1560.05,436.95,29.45,46.21,0.6487,2,-1,-1
211,15,701.65,359.79,27.32,58.61,0.5244,1,-1,-1
211,26,749.59,373.31,22.74,50.00,0.3998,1,-1,-1
211,49,660.79,326.30,20.71,33.80,0.3337,1,-1,-1
211,50,903.84,308.35,13.97,27.79,0.2173,1,-1,-1
211,64,1557.26,444.05,34.77,45.07,0.4436,10,-1,-1
211,67,1575.85,352.66,17.78,38.07,0.6868,1,-1,-1
211,14,790.62,371.31,21.63,48.05,0.2975,1,-1,-1
211,72,673.25,358.57,18.35,51.93,0.4378,1,-1,-1
211,73,703.73,312.64,17.10,37.56,0.4922,1,-1,-1
211,74,694.78,373.25,21.85,48.90,0.4961,1,-1,-1
212,0,1137.87,352.94,22.94,53.06,0.6885,1,-1,-1
212,1,1639.67,454.71,36.40,81.41,0.6206,1,-1,-1
212,2,1562.52,436.64,29.59,46.32,0.6834,2,-1,-1
212,15,702.72,359.33,27.68,59.11,0.5234,1,-1,-1
212,26,751.91,373.56,22.93,50.50,0.5993,1,-1,-1
212,49,664.60,326.21,19.55,31.68,0.3303,2,-1,-1
212,50,907.29,308.70,13.57,27.03,0.3675,1,-1,-1
212,64,1559.63,444.50,33.69,44.04,0.4196,10,-1,-1
212,67,1579.88,352.62,17.94,38.51,0.5506,1,-1,-1
212,14,793.19,371.30,21.40,47.30,0.4216,1,-1,-1
212,72,676.10,358.39,16.30,45.55,0.1059,1,-1,-1
212,73,705.13,311.89,17.02,37.17,0.4017,1,-1,-1
212,74,696.96,372.46,22.24,49.78,0.2950,1,-1,-1
213,0,1140.41,353.25,22.26,51.31,0.6935,1,-1,-1
213,1,1642.03,454.55,37.12,82.92,0.7628,1,-1,-1
213,2,1565.71,436.91,29.60,46.21,0.6086,2,-1,-1
213,15,707.47,359.44,27.07,58.39,0.4620,1,-1,-1
213,26,754.49,374.31,22.08,48.84,0.5917,1,-1,-1
213,49,667.13,326.41,19.38,31.47,0.2926,2,-1,-1
213,50,908.35,308.53,15.21,30.79,0.3849,1,-1,-1
213,64,1562.17,443.41,33.70,44.29,0.2854,10,-1,-1
213,67,1583.77,352.40,18.28,39.08,0.5332,1,-1,-1
213,14,795.30,371.36,21.00,46.63,0.5234,1,-1,-1
213,72,678.80,358.67,17.24,48.44,0.4961,1,-1,-1
213,73,706.92,313.70,16.28,35.51,0.2193,1,-1,-1
213,74,698.05,374.12,20.82,46.68,0.2591,1,-1,-1
214,0,1142.71,352.65,22.27,51.22,0.6697,1,-1,-1
214,1,1644.21,454.95,37.41,83.11,0.7663,1,-1,-1
214,2,1568.23,437.21,29.89,46.62,0.6252,2,-1,-1
214,15,710.04,359.34,27.09,59.12,0.5765,1,-1,-1
214,26,756.84,374.24,22.08,49.12,0.6030,1,-1,-1
214,49,669.26,325.68,21.33,34.75,0.3612,1,-1,-1
214,50,911.22,308.22,14.33,29.29,0.2975,1,-1,-1
214,64,1567.71,445.29,34.70,44.78,0.1339,10,-1,-1
214,67,1587.66,352.64,18.16,38.89,0.6234,1,-1,-1
214,14,797.86,371.36,20.98,46.60,0.5448,1,-1,-1
214,72,682.21,358.11,16.52,46.38,0.4330,1,-1,-1
214,73,708.71,312.88,16.79,36.60,0.2480,1,-1,-1
214,74,700.53,376.47,20.17,45.35,0.2436,1,-1,-1
215,0,1145.70,352.95,22.47,51.71,0.6851,1,-1,-1
215,1,1646.47,455.65,37.38,82.45,0.7476,1,-1,-1
215,2,1571.08,437.38,29.86,46.47,0.6289,2,-1,-1
215,15,711.61,358.82,27.68,60.08,0.5804,1,-1,-1
215,26,758.86,373.96,21.99,49.12,0.5860,1,-1,-1
215,49,671.22,325.95,22.75,37.17,0.3621,1,-1,-1
215,50,913.65,307.86,13.54,27.48,0.2167,1,-1,-1
215,64,1570.37,446.30,33.08,42.68,0.2227,10,-1,-1
215,67,1591.75,351.57,18.93,40.74,0.4766,1,-1,-1
215,14,800.24,371.31,21.39,47.65,0.3979,1,-1,-1
215,72,683.89,357.72,19.00,53.33,0.5117,1,-1,-1
215,73,711.09,311.90,16.56,36.05,0.3748,1,-1,-1
216,0,1148.27,352.59,22.64,52.02,0.6749,1,-1,-1
216,1,1649.01,456.82,37.33,81.71,0.7264,1,-1,-1
216,2,1573.96,437.12,29.76,46.15,0.6307,2,-1,-1
216,15,714.26,359.17,27.76,60.39,0.5670,1,-1,-1
216,26,761.58,373.56,22.16,49.65,0.5993,1,-1,-1
216,49,673.25,326.13,23.37,38.82,0.2568,1,-1,-1
216,50,915.24,308.64,14.36,29.12,0.2247,1,-1,-1
216,64,1571.99,443.66,38.61,50.24,0.2394,2,-1,-1
216,67,1595.94,352.97,18.63,39.96,0.4494,1,-1,-1
216,14,802.95,371.18,21.62,48.32,0.3040,1,-1,-1
216,72,686.85,357.85,18.70,52.26,0.3567,1,-1,-1
216,73,713.31,312.18,16.86,36.42,0.4737,1,-1,-1
217,0,1150.36,352.92,22.46,51.60,0.6663,1,-1,-1
217,1,1651.92,456.88,37.92,82.64,0.7303,1,-1,-1
217,2,1577.50,437.12,29.94,46.18,0.6433,2,-1,-1
217,15,716.62,359.74,27.15,59.02,0.5765,1,-1,-1
217,26,764.28,372.80,22.68,51.18,0.6732,1,-1,-1
217,49,677.35,326.75,22.36,37.02,0.3040,1,-1,-1
217,50,918.77,309.04,14.53,29.98,0.4571,1,-1,-1
217,64,1573.26,440.25,43.17,57.09,0.2744,2,-1,-1
217,67,1599.30,353.18,18.61,39.84,0.6593,1,-1,-1
217,14,805.87,371.61,21.18,47.30,0.4785,1,-1,-1
217,72,689.51,358.65,18.43,51.74,0.5029,1,-1,-1
217,73,714.71,311.68,16.74,36.42,0.5458,1,-1,-1
218,0,1152.78,352.89,22.26,50.83,0.7146,1,-1,-1
218,1,1654.12,457.10,38.12,82.96,0.7698,1,-1,-1
218,2,1580.05,437.51,30.91,47.66,0.6215,2,-1,-1
218,15,721.57,359.94,26.18,57.79,0.5302,1,-1,-1
218,26,766.85,373.25,21.99,49.83,0.6749,1,-1,-1
218,49,679.09,326.66,23.02,38.60,0.5010,1,-1,-1
218,50,920.31,308.84,15.35,32.12,0.4121,1,-1,-1
218,64,1577.41,441.61,44.69,58.97,0.1895,10,-1,-1
218,67,1603.00,353.69,18.64,39.66,0.5842,1,-1,-1
218,14,807.75,371.76,20.66,46.03,0.5525,1,-1,-1
218,72,692.49,358.71,17.34,48.72,0.4649,1,-1,-1
218,73,716.82,312.17,16.99,37.04,0.4591,1,-1,-1
218,75,1235.14,324.11,16.64,33.88,0.5554,1,-1,-1
219,0,1154.64,352.79,22.49,51.28,0.6637,1,-1,-1
219,1,1656.26,457.55,38.17,82.78,0.7614,1,-1,-1
219,2,1582.87,437.45,30.91,47.69,0.6160,2,-1,-1
219,15,723.39,359.25,26.22,58.13,0.5612,1,-1,-1
219,26,769.36,373.62,21.82,49.56,0.6575,1,-1,-1
219,49,681.67,325.44,22.31,37.54,0.4776,1,-1,-1
219,50,922.44,308.65,15.20,32.29,0.3675,1,-1,-1
219,67,1606.70,353.19,19.29,40.75,0.6628,1,-1,-1
219,14,810.10,371.62,20.71,46.22,0.5631,1,-1,-1
219,72,696.43,357.59,17.74,49.07,0.2227,1,-1,-1
219,73,718.45,313.06,16.99,37.04,0.4795,1,-1,-1
219,75,1237.78,327.21,15.30,31.12,0.5400,1,-1,-1
220,0,1157.95,352.79,22.69,51.85,0.6593,1,-1,-1
220,1,1657.77,458.57,38.43,82.91,0.7718,1,-1,-1
220,2,1585.40,437.21,31.33,48.41,0.6142,2,-1,-1
220,15,724.76,358.80,26.90,59.08,0.4533,1,-1,-1
220,26,771.34,373.41,22.09,50.33,0.6522,1,-1,-1
220,49,684.46,325.75,21.24,35.75,0.4206,1,-1,-1
220,50,924.73,307.77,15.79,34.07,0.2814,1,-1,-1
220,67,1609.98,354.86,19.37,40.37,0.5898,1,-1,-1
220,14,812.25,371.47,21.17,47.46,0.4562,1,-1,-1
220,72,698.66,357.35,17.89,49.41,0.4776,1,-1,-1
220,73,720.70,312.81,16.47,35.91,0.4649,1,-1,-1
220,75,1238.88,325.52,16.09,32.70,0.4971,1,-1,-1
221,0,1160.38,352.67,22.97,52.48,0.6505,1,-1,-1
221,1,1659.58,459.25,38.88,83.23,0.7432,1,-1,-1
221,2,1588.53,437.40,31.77,49.03,0.5670,2,-1,-1
221,15,726.92,358.74,27.42,60.30,0.4504,1,-1,-1
221,26,773.95,373.08,22.14,50.46,0.6086,1,-1,-1
221,49,688.26,325.78,19.46,32.48,0.3346,2,-1,-1
221,50,927.14,308.54,15.14,32.42,0.2465,1,-1,-1
221,67,1613.82,354.85,20.41,42.30,0.5487,1,-1,-1
221,14,814.63,371.31,21.58,47.98,0.3748,1,-1,-1
221,72,701.06,358.10,18.80,52.15,0.5273,1,-1,-1
221,73,723.02,312.77,15.98,34.85,0.3905,1,-1,-1
221,75,1240.80,324.04,16.52,33.60,0.4776,1,-1,-1
222,0,1162.42,353.09,22.87,52.39,0.6783,1,-1,-1
222,1,1662.30,458.24,39.92,85.40,0.7409,1,-1,-1
222,2,1591.54,438.17,30.83,47.57,0.5651,2,-1,-1
222,15,729.77,358.76,26.85,59.18,0.4581,1,-1,-1
222,26,776.68,372.90,22.04,50.44,0.6901,1,-1,-1
222,49,689.97,324.86,20.37,34.08,0.4073,1,-1,-1
222,50,931.13,309.02,14.29,30.85,0.4064,1,-1,-1
222,67,1618.08,355.08,20.55,41.89,0.4805,1,-1,-1
222,14,818.32,371.74,21.15,46.91,0.5351,1,-1,-1
222,72,703.20,357.86,18.48,51.31,0.5574,1,-1,-1
222,73,724.74,312.35,15.53,33.94,0.3886,1,-1,-1
222,75,1242.58,322.35,17.21,35.17,0.5496,1,-1,-1
223,0,1164.87,352.91,22.48,51.27,0.7130,1,-1,-1
223,1,1664.66,458.93,39.74,84.77,0.8001,1,-1,-1
223,2,1593.76,438.99,31.59,48.60,0.5983,2,-1,-1
223,15,733.37,357.98,26.63,59.39,0.5098,1,-1,-1
223,26,779.01,373.41,21.50,49.27,0.7001,1,-1,-1
223,49,692.23,325.31,20.42,34.45,0.4776,1,-1,-1
223,50,933.03,308.78,14.23,30.83,0.3460,1,-1,-1
223,67,1621.42,355.67,20.38,40.94,0.6593,1,-1,-1
223,14,819.96,371.64,20.77,46.11,0.5955,1,-1,-1
223,72,706.75,357.55,17.95,50.30,0.4824,1,-1,-1
223,73,725.81,312.67,15.84,35.14,0.4863,1,-1,-1
223,75,1244.99,323.33,16.62,34.15,0.5312,1,-1,-1
224,0,1167.32,353.43,22.37,50.89,0.6749,1,-1,-1
224,1,1666.40,460.41,39.67,83.85,0.7642,1,-1,-1
224,2,1595.57,438.60,32.58,50.22,0.5851,2,-1,-1
224,15,734.29,357.21,27.12,60.59,0.5670,1,-1,-1
224,26,781.58,373.90,21.21,48.52,0.6732,1,-1,-1
224,49,694.51,324.66,20.96,35.28,0.4388,1,-1,-1
224,50,935.42,308.40,13.38,28.95,0.2180,1,-1,-1
224,67,1625.39,356.18,20.76,41.13,0.5254,1,-1,-1
224,14,822.37,371.61,20.77,46.09,0.5689,1,-1,-1
224,72,709.66,357.46,18.41,51.26,0.5127,1,-1,-1
224,73,727.46,312.06,16.25,36.46,0.3730,1,-1,-1
224,75,1248.46,326.29,15.03,30.84,0.3739,1,-1,-1
225,0,1170.30,352.69,22.63,51.56,0.6851,1,-1,-1
225,1,1667.78,459.59,40.58,85.37,0.7498,1,-1,-1
225,2,1597.85,438.52,34.77,53.69,0.5964,2,-1,-1
225,15,736.32,357.15,27.60,61.35,0.4795,1,-1,-1
225,26,783.25,373.46,21.89,50.15,0.6397,1,-1,-1
225,49,695.66,324.64,20.94,35.60,0.2926,1,-1,-1
225,50,938.14,308.07,12.51,26.73,0.1711,1,-1,-1
225,67,1629.06,356.62,21.34,42.08,0.6095,1,-1,-1
225,14,824.42,371.64,21.50,47.78,0.4912,1,-1,-1
225,72,711.81,357.79,19.49,53.58,0.5302,1,-1,-1
225,73,729.25,312.35,16.73,37.74,0.4130,1,-1,-1
225,75,1250.35,326.08,15.40,31.57,0.4484,1,-1,-1
226,0,1172.45,352.62,23.01,52.43,0.6766,1,-1,-1
226,1,1669.43,459.37,41.07,85.91,0.7807,1,-1,-1
226,2,1602.16,438.59,32.72,50.38,0.6397,2,-1,-1
226,15,738.72,357.47,27.58,61.23,0.4102,1,-1,-1
226,26,785.76,373.42,21.59,49.20,0.5670,1,-1,-1
226,49,699.53,325.12,19.45,33.00,0.2509,1,-1,-1
226,50,939.83,309.07,13.74,29.10,0.1733,1,-1,-1
226,67,1633.26,357.65,20.82,40.72,0.5467,1,-1,-1
226,14,827.25,371.29,21.70,48.16,0.3451,1,-1,-1
226,72,713.39,357.92,19.66,53.94,0.5535,1,-1,-1
226,73,731.30,313.02,16.47,37.33,0.4737,1,-1,-1
226,75,1251.79,321.53,17.24,35.60,0.2509,1,-1,-1
227,0,1174.75,352.98,22.83,52.10,0.6885,1,-1,-1
227,1,1672.30,460.01,41.04,85.59,0.7698,1,-1,-1
227,2,1604.33,439.16,33.02,50.99,0.5964,2,-1,-1
227,15,742.73,356.95,25.44,56.22,0.3877,1,-1,-1
227,26,788.31,372.74,21.96,50.37,0.6325,1,-1,-1
227,49,702.16,325.56,19.63,33.43,0.3576,1,-1,-1
227,50,943.25,309.20,13.78,29.53,0.4092,1,-1,-1
227,67,1637.78,357.63,21.72,42.15,0.5000,1,-1,-1
227,14,830.29,371.65,21.22,47.10,0.5370,1,-1,-1
227,72,716.18,358.07,19.39,53.27,0.5166,1,-1,-1
227,73,733.81,312.90,16.17,37.02,0.5000,1,-1,-1
227,75,1254.46,320.95,17.32,36.18,0.4600,1,-1,-1
228,0,1177.22,352.68,22.84,51.94,0.6951,1,-1,-1
228,1,1675.03,460.95,41.00,85.29,0.7950,1,-1,-1
228,2,1606.96,439.01,32.80,50.54,0.6531,2,-1,-1
228,15,744.62,356.28,26.56,59.11,0.4951,1,-1,-1
228,26,790.33,373.16,21.54,49.16,0.6352,1,-1,-1
228,49,704.70,325.33,19.61,33.48,0.4630,1,-1,-1
228,50,945.10,309.78,14.28,30.95,0.3567,1,-1,-1
228,67,1642.48,357.49,21.70,42.07,0.5283,1,-1,-1
228,14,831.89,371.46,21.08,46.74,0.4630,1,-1,-1
228,72,719.17,358.09,19.22,52.36,0.5400,1,-1,-1
228,73,735.30,313.60,16.30,37.73,0.5117,1,-1,-1
228,75,1257.49,322.93,16.33,34.23,0.3217,1,-1,-1
229,0,1179.51,352.68,22.99,52.27,0.6628,1,-1,-1
229,1,1676.31,462.05,41.19,85.25,0.8152,1,-1,-1
229,2,1610.73,438.88,33.24,51.29,0.5477,2,-1,-1
229,15,746.08,356.70,26.68,59.67,0.5477,1,-1,-1
229,26,792.92,373.16,21.39,48.81,0.6388,1,-1,-1
229,49,706.97,325.17,20.11,34.36,0.4446,1,-1,-1
229,50,948.52,309.05,12.78,27.77,0.3766,1,-1,-1
229,67,1645.98,357.81,22.66,43.95,0.6397,1,-1,-1
229,14,834.11,371.51,21.07,46.75,0.4785,1,-1,-1
229,72,720.99,357.65,20.41,55.17,0.5419,1,-1,-1
229,73,736.78,313.76,16.13,37.48,0.6067,1,-1,-1
229,75,1259.70,324.08,15.90,33.41,0.3531,1,-1,-1
230,0,1182.23,352.60,23.68,54.17,0.6876,1,-1,-1
230,1,1677.92,462.79,41.44,85.60,0.8081,1,-1,-1
230,2,1614.54,439.05,32.39,50.00,0.5708,2,-1,-1
230,15,748.19,357.26,27.01,60.27,0.4397,1,-1,-1
230,26,794.93,373.17,21.93,49.95,0.4980,1,-1,-1
230,49,710.17,325.81,19.45,33.09,0.2613,1,-1,-1
230,50,951.14,307.43,12.53,27.37,0.2674,1,-1,-1
230,67,1650.42,357.99,22.83,44.47,0.5409,1,-1,-1
230,14,836.17,371.53,21.72,48.40,0.1027,1,-1,-1
230,72,723.26,357.82,20.72,55.34,0.5593,1,-1,-1
230,73,738.51,313.75,15.86,36.48,0.5010,1,-1,-1
230,75,1259.93,321.20,17.19,36.18,0.3478,1,-1,-1
231,0,1184.37,352.91,23.80,54.61,0.6851,1,-1,-1
231,1,1680.00,462.73,42.31,87.19,0.7918,1,-1,-1
231,2,1617.18,439.43,32.27,49.95,0.5380,2,-1,-1
231,15,749.97,357.27,27.54,61.35,0.4805,1,-1,-1
231,26,797.26,373.23,21.44,48.52,0.4649,1,-1,-1
231,49,713.24,325.78,18.32,30.99,0.3200,1,-1,-1
231,50,952.83,308.53,12.69,27.25,0.2275,1,-1,-1
231,67,1654.17,357.84,22.94,44.92,0.5234,1,-1,-1
231,72,725.36,357.64,21.28,56.97,0.5670,1,-1,-1
231,73,740.00,313.72,15.58,35.46,0.4484,1,-1,-1
231,75,1262.28,318.31,18.22,38.57,0.1824,1,-1,-1
232,0,1186.92,353.20,23.09,53.09,0.6851,1,-1,-1
232,1,1682.34,463.61,42.91,88.04,0.7402,1,-1,-1
232,2,1619.69,439.53,32.58,50.28,0.5496,2,-1,-1
232,15,753.41,355.92,27.00,60.45,0.4102,1,-1,-1
232,26,800.17,372.89,21.54,48.91,0.6361,1,-1,-1
232,49,715.23,325.71,18.36,31.16,0.5263,1,-1,-1
232,50,956.13,308.76,12.53,26.81,0.4465,1,-1,-1
232,67,1658.18,358.14,22.92,45.27,0.6179,1,-1,-1
232,72,728.83,357.83,20.85,55.90,0.5554,1,-1,-1
232,73,741.81,313.59,15.74,35.48,0.5448,1,-1,-1
232,75,1265.03,319.77,17.48,37.26,0.5166,1,-1,-1
232,14,842.23,371.69,20.81,46.19,0.5049,1,-1,-1
233,0,1189.63,353.10,22.63,51.73,0.6951,1,-1,-1
233,1,1684.28,462.79,43.80,89.67,0.7484,1,-1,-1
233,2,1621.05,439.35,36.71,56.82,0.5832,2,-1,-1
233,15,757.08,355.54,26.51,60.01,0.4542,1,-1,-1
233,26,802.61,373.45,21.19,48.11,0.6469,1,-1,-1
233,49,717.59,325.13,18.12,31.00,0.4756,1,-1,-1
233,50,957.79,308.71,13.19,28.27,0.3757,1,-1,-1
233,67,1663.08,358.63,21.46,42.90,0.3621,1,-1,-1
233,72,731.66,358.31,20.34,54.65,0.5955,1,-1,-1
233,73,744.60,313.96,15.55,35.04,0.5351,1,-1,-1
233,75,1268.00,321.84,16.15,34.64,0.4455,1,-1,-1
233,14,843.86,371.71,20.45,45.43,0.5195,1,-1,-1
234,0,1192.13,352.61,22.57,51.70,0.6783,1,-1,-1
234,1,1686.15,462.95,44.19,90.21,0.7820,1,-1,-1
234,2,1625.51,439.57,34.82,53.49,0.5554,2,-1,-1
234,15,760.34,355.90,25.46,58.44,0.4707,1,-1,-1
234,26,805.14,373.51,20.73,47.17,0.6628,1,-1,-1
234,49,719.68,324.90,18.88,32.60,0.4912,1,-1,-1
234,50,960.55,308.31,12.33,26.42,0.3242,1,-1,-1
234,67,1666.99,357.57,22.30,44.71,0.6086,1,-1,-1
234,72,735.31,358.64,19.97,53.48,0.5612,1,-1,-1
234,73,746.51,314.31,15.82,35.44,0.6307,1,-1,-1
234,75,1270.66,322.22,15.90,34.26,0.5322,1,-1,-1
234,14,846.00,371.68,20.35,45.35,0.5516,1,-1,-1
234,64,1622.92,440.21,46.21,62.35,0.5020,2,-1,-1
235,0,1194.75,352.14,23.23,53.31,0.6935,1,-1,-1
235,1,1688.08,462.93,44.69,91.00,0.7725,1,-1,-1
235,2,1626.23,439.82,37.98,59.09,0.5564,2,-1,-1
235,15,762.21,357.12,25.27,58.00,0.4523,1,-1,-1
235,26,807.07,373.50,20.79,47.23,0.4854,1,-1,-1
235,49,722.42,325.13,18.55,32.11,0.5020,1,-1,-1
235,50,962.89,307.39,11.97,25.61,0.2894,1,-1,-1
235,67,1671.09,357.78,22.21,45.02,0.5176,1,-1,-1
235,72,736.32,357.92,20.45,54.51,0.6361,1,-1,-1
235,73,747.32,314.07,16.55,36.65,0.5603,1,-1,-1
235,75,1272.96,323.62,15.55,33.33,0.3775,1,-1,-1
235,14,848.39,371.42,20.67,46.12,0.4533,1,-1,-1
235,64,1625.49,438.86,49.02,66.70,0.1213,2,-1,-1
236,0,1196.98,352.68,23.37,53.85,0.7066,1,-1,-1
236,1,1690.27,464.82,44.59,90.47,0.7957,1,-1,-1
236,2,1628.84,440.32,36.98,58.07,0.5429,2,-1,-1
236,15,764.07,357.30,25.27,57.91,0.5215,1,-1,-1
236,26,809.55,373.06,20.93,47.32,0.5380,1,-1,-1
236,49,725.21,325.47,17.28,30.11,0.4883,1,-1,-1
236,50,965.04,307.87,12.25,25.99,0.2902,1,-1,-1
236,67,1675.66,357.44,22.19,45.43,0.5917,1,-1,-1
236,72,738.47,357.84,19.99,53.46,0.6030,1,-1,-1
236,73,749.33,313.99,16.21,35.69,0.5049,1,-1,-1
236,75,1274.64,319.82,17.36,37.06,0.3905,1,-1,-1
237,0,1199.34,353.22,22.85,52.65,0.6851,1,-1,-1
237,1,1692.30,466.26,44.81,90.44,0.7892,1,-1,-1
237,2,1633.39,440.12,34.22,53.41,0.5823,2,-1,-1
237,15,768.44,356.73,23.13,53.13,0.4581,1,-1,-1
237,26,812.23,373.11,20.71,47.10,0.5946,1,-1,-1
237,49,727.37,325.80,16.82,29.60,0.5068,1,-1,-1
237,50,968.10,308.60,12.47,26.43,0.4244,1,-1,-1
237,67,1679.58,357.65,22.40,45.79,0.5670,1,-1,-1
237,72,741.43,357.88,19.38,52.10,0.5322,1,-1,-1
237,73,751.03,314.29,16.17,35.24,0.5784,1,-1,-1
237,75,1277.51,320.35,17.04,36.66,0.4591,1,-1,-1
238,0,1201.92,352.93,22.62,52.01,0.6663,1,-1,-1
238,1,1694.57,467.41,44.47,89.55,0.8081,1,-1,-1
238,2,1638.02,440.99,32.51,50.20,0.5784,2,-1,-1
238,15,771.75,357.41,22.98,53.45,0.3942,1,-1,-1
238,26,814.37,373.63,20.65,47.05,0.5545,1,-1,-1
238,49,730.00,324.99,16.76,29.68,0.4980,1,-1,-1
238,50,969.55,308.52,13.60,29.07,0.3621,1,-1,-1
238,67,1682.50,358.46,22.61,46.30,0.6160,1,-1,-1
238,72,744.74,358.11,18.17,48.85,0.4824,1,-1,-1
238,73,753.81,314.70,16.25,35.34,0.6289,1,-1,-1
238,75,1280.32,322.44,16.26,34.88,0.3372,1,-1,-1
238,14,855.56,371.24,20.27,45.34,0.4834,1,-1,-1
239,0,1204.15,352.56,22.89,52.81,0.6460,1,-1,-1
239,1,1696.81,468.01,44.51,89.74,0.8256,1,-1,-1
239,2,1640.97,441.08,32.59,50.00,0.5535,2,-1,-1
239,15,773.14,356.72,23.60,55.39,0.4688,1,-1,-1
239,26,817.05,373.37,20.56,47.01,0.6531,1,-1,-1
239,49,732.39,324.86,18.06,31.84,0.4484,1,-1,-1
239,50,972.20,307.82,12.96,27.77,0.3024,1,-1,-1
239,67,1686.43,358.77,21.97,45.24,0.5020,1,-1,-1
239,72,747.66,358.29,18.96,50.77,0.5467,1,-1,-1
239,73,756.19,313.96,17.07,36.88,0.5955,1,-1,-1
239,75,1282.37,323.29,16.14,34.33,0.2783,1,-1,-1
239,14,857.93,371.45,20.05,45.06,0.5535,1,-1,-1
240,0,1207.02,352.57,23.05,53.10,0.6680,1,-1,-1
240,1,1699.13,468.32,44.65,89.96,0.7994,1,-1,-1
240,2,1643.19,441.03,32.30,49.29,0.5708,2,-1,-1
240,15,775.16,357.09,23.17,54.75,0.3639,1,-1,-1
240,26,819.15,373.48,20.39,46.75,0.5020,1,-1,-1
240,49,734.87,324.94,17.20,30.38,0.4854,1,-1,-1
240,50,974.87,306.83,12.60,27.19,0.2838,1,-1,-1
240,67,1690.54,358.16,22.59,46.30,0.6160,1,-1,-1
240,72,749.53,358.62,19.07,51.11,0.6030,1,-1,-1
240,73,758.20,314.28,16.92,36.34,0.6415,1,-1,-1
240,75,1284.90,324.28,15.53,32.78,0.3124,1,-1,-1
240,14,860.57,371.26,19.63,44.12,0.2546,1,-1,-1
241,0,1209.34,352.79,23.11,53.32,0.6868,1,-1,-1
241,1,1701.03,468.43,45.07,90.55,0.7827,1,-1,-1
241,2,1645.03,440.81,34.13,52.03,0.5993,2,-1,-1
241,15,776.33,356.83,23.84,56.07,0.4678,1,-1,-1
241,26,821.44,373.36,20.44,46.75,0.5370,1,-1,-1
241,49,737.20,324.77,16.61,29.45,0.5612,1,-1,-1
241,50,976.82,307.56,12.68,26.99,0.2822,1,-1,-1
241,67,1695.23,358.47,21.99,44.65,0.5215,1,-1,-1
241,72,751.00,358.07,19.28,51.88,0.6379,1,-1,-1
241,73,759.33,313.29,16.99,36.46,0.5554,1,-1,-1
241,75,1286.51,319.81,17.76,37.04,0.3831,1,-1,-1
242,0,1211.73,353.59,22.58,51.85,0.6766,1,-1,-1
242,1,1703.36,469.16,45.12,90.61,0.7677,1,-1,-1
242,2,1648.78,441.47,33.64,50.82,0.5727,2,-1,-1
242,15,779.85,363.21,21.20,48.94,0.1767,1,-1,-1
242,26,824.29,372.85,20.45,46.92,0.6179,1,-1,-1
242,49,739.39,325.18,16.35,29.24,0.5224,1,-1,-1
242,50,979.88,308.19,12.73,27.08,0.3794,1,-1,-1
242,67,1699.57,358.33,21.74,43.91,0.3951,1,-1,-1
242,72,753.43,358.34,19.00,51.24,0.5409,1,-1,-1
242,73,761.54,313.25,15.98,34.46,0.5263,1,-1,-1
242,75,1287.92,320.05,17.85,37.02,0.4196,1,-1,-1
243,0,1214.21,353.37,22.53,51.45,0.6749,1,-1,-1
243,1,1705.73,470.06,45.54,90.98,0.7800,1,-1,-1
243,2,1649.79,441.98,36.63,55.97,0.6370,2,-1,-1
243,15,783.74,359.27,22.71,53.21,0.4941,1,-1,-1
243,26,826.83,373.18,20.87,47.93,0.6197,1,-1,-1
243,49,741.32,324.29,17.27,31.33,0.5823,1,-1,-1
243,50,980.31,308.21,15.12,32.62,0.3540,1,-1,-1
243,67,1703.93,359.24,22.34,44.48,0.5010,1,-1,-1
243,72,755.81,358.38,19.79,53.02,0.6105,1,-1,-1
243,73,763.15,312.86,15.93,34.20,0.6049,1,-1,-1
243,75,1290.29,322.61,16.77,34.80,0.2846,1,-1,-1
243,14,867.20,370.81,20.17,45.65,0.6197,1,-1,-1
244,0,1216.66,353.26,22.43,51.17,0.6522,1,-1,-1
244,1,1707.73,470.39,46.26,91.76,0.8019,1,-1,-1
244,2,1652.97,442.00,34.89,53.37,0.6442,2,-1,-1
244,15,787.01,359.03,22.84,54.46,0.4455,1,-1,-1
244,26,829.04,373.10,21.05,48.49,0.6397,1,-1,-1
244,49,743.53,323.68,18.31,33.39,0.5078,1,-1,-1
244,50,983.92,307.70,13.36,28.62,0.2429,1,-1,-1
244,67,1707.91,359.54,23.38,45.76,0.2999,1,-1,-1
244,72,757.88,358.18,20.10,53.67,0.5746,1,-1,-1
244,73,764.81,312.95,16.72,36.25,0.5746,1,-1,-1
244,75,1292.71,325.08,16.05,32.99,0.2234,1,-1,-1
244,14,869.68,370.93,19.79,44.98,0.6049,1,-1,-1
245,0,1219.09,353.09,22.84,52.12,0.6851,1,-1,-1
245,1,1709.28,470.64,47.19,92.69,0.8069,1,-1,-1
245,2,1656.81,441.56,33.44,50.80,0.6105,2,-1,-1
245,15,789.34,359.23,22.75,54.87,0.4766,1,-1,-1
245,26,831.21,373.35,20.68,47.75,0.4388,1,-1,-1
245,49,746.29,324.10,17.09,31.23,0.4446,1,-1,-1
245,50,986.79,307.44,12.28,26.45,0.2043,1,-1,-1
245,67,1711.45,358.64,23.35,45.17,0.3675,1,-1,-1
245,72,759.67,358.19,20.23,53.73,0.5651,1,-1,-1
245,73,767.28,313.53,16.38,35.70,0.6469,1,-1,-1
245,75,1294.02,324.30,16.17,32.91,0.2101,1,-1,-1
245,14,872.21,370.97,19.82,45.24,0.5361,1,-1,-1
246,0,1220.96,353.12,23.37,53.60,0.6851,1,-1,-1
246,1,1712.00,471.29,47.24,92.52,0.8164,1,-1,-1
246,2,1661.05,442.45,32.65,49.66,0.6505,2,-1,-1
246,15,791.77,359.52,22.30,54.00,0.3303,1,-1,-1
246,26,833.35,373.18,20.94,48.41,0.4766,1,-1,-1
246,49,748.88,324.51,16.66,30.63,0.5176,1,-1,-1
246,50,987.47,307.86,13.96,30.10,0.2379,1,-1,-1
246,67,1717.05,360.32,23.11,43.71,0.1505,1,-1,-1
246,72,761.78,358.22,20.07,53.38,0.6252,1,-1,-1
246,73,769.17,312.76,16.49,36.11,0.6086,1,-1,-1
246,75,1295.41,320.21,18.30,36.84,0.2351,1,-1,-1
246,14,875.10,370.60,20.08,46.18,0.4216,1,-1,-1
247,0,1223.19,353.53,23.00,52.72,0.6901,1,-1,-1
247,1,1714.19,471.84,47.60,92.58,0.8093,1,-1,-1
247,2,1664.33,443.09,32.51,49.13,0.5804,2,-1,-1
247,15,795.68,360.11,20.61,50.50,0.3895,1,-1,-1
247,26,836.25,373.23,20.94,48.80,0.5908,1,-1,-1
247,49,751.34,325.01,16.47,30.64,0.5088,1,-1,-1
247,50,990.99,308.05,13.33,28.96,0.4007,1,-1,-1
247,67,1721.54,360.35,23.90,44.60,0.1294,1,-1,-1
247,72,764.18,358.27,19.54,52.00,0.5746,1,-1,-1
247,73,771.01,312.80,16.13,35.56,0.6151,1,-1,-1
247,75,1297.38,319.03,19.66,38.57,0.1750,1,-1,-1
247,14,877.73,370.52,19.69,45.24,0.5506,1,-1,-1
248,0,1225.66,353.57,23.03,52.26,0.6610,1,-1,-1
248,1,1716.44,472.36,47.91,92.48,0.8210,1,-1,-1
248,2,1666.70,442.58,32.99,49.70,0.5612,2,-1,-1
248,15,797.58,359.89,20.65,50.82,0.4187,1,-1,-1
248,26,838.29,373.47,20.76,48.56,0.5195,1,-1,-1
248,49,753.67,324.33,16.83,31.57,0.5506,1,-1,-1
248,50,992.24,308.28,14.67,32.36,0.4064,1,-1,-1
248,72,766.46,358.46,19.59,52.11,0.5612,1,-1,-1
248,73,773.28,313.16,15.62,34.79,0.6361,1,-1,-1
248,75,1298.08,318.29,20.29,39.59,0.1889,1,-1,-1
248,14,879.46,370.67,19.84,45.75,0.5936,1,-1,-1
249,0,1227.78,352.85,23.31,52.85,0.6370,1,-1,-1
249,1,1719.28,472.23,48.03,92.73,0.8093,1,-1,-1
249,2,1668.66,442.00,33.89,50.91,0.6215,2,-1,-1
249,15,798.06,359.34,21.48,52.63,0.4533,1,-1,-1
249,26,840.39,373.37,20.87,49.00,0.5983,1,-1,-1
249,49,755.71,324.53,17.82,33.65,0.5185,1,-1,-1
249,50,993.68,308.67,15.15,33.85,0.3372,1,-1,-1
249,72,768.94,358.35,19.88,52.91,0.5332,1,-1,-1
249,73,775.43,313.14,15.19,34.03,0.5823,1,-1,-1
249,75,1299.05,319.88,19.48,38.05,0.1919,1,-1,-1
249,14,881.44,370.97,19.71,45.58,0.5244,1,-1,-1
250,0,1230.37,352.98,23.73,53.82,0.6654,1,-1,-1
250,1,1722.03,472.72,48.06,92.99,0.8187,1,-1,-1
250,2,1671.08,442.88,35.46,53.49,0.6316,2,-1,-1
250,15,801.00,358.57,21.76,54.09,0.3914,1,-1,-1
250,26,842.75,373.86,20.19,47.35,0.4330,1,-1,-1
250,49,758.74,324.82,16.44,31.11,0.4349,1,-1,-1
250,50,994.95,308.51,16.13,35.93,0.1112,1,-1,-1
250,72,771.15,358.35,20.35,53.80,0.4795,1,-1,-1
250,73,777.69,314.11,15.05,34.00,0.5879,1,-1,-1
250,75,1301.68,321.57,18.31,35.85,0.1485,1,-1,-1
250,14,883.78,371.01,19.76,45.86,0.4533,1,-1,-1
251,0,1232.58,352.89,23.84,54.13,0.6593,1,-1,-1
251,1,1725.04,473.26,48.30,93.51,0.8032,1,-1,-1
251,2,1674.97,443.24,34.25,51.80,0.6379,2,-1,-1
251,15,804.66,359.60,21.23,53.11,0.2509,1,-1,-1
251,26,845.00,373.80,20.30,47.70,0.4504,1,-1,-1
251,49,761.01,324.48,16.11,30.33,0.4397,1,-1,-1
251,50,995.64,308.88,16.78,36.78,0.1251,1,-1,-1
251,72,773.64,358.09,20.31,54.11,0.5936,1,-1,-1
251,73,779.39,313.82,16.05,36.46,0.5974,1,-1,-1
251,75,1303.01,320.47,18.54,36.44,0.1767,1,-1,-1
251,14,886.42,370.71,19.31,44.97,0.2444,1,-1,-1
252,0,1235.01,353.77,23.23,52.59,0.7001,1,-1,-1
252,1,1727.99,473.94,48.49,93.50,0.7969,1,-1,-1
252,2,1677.34,442.94,34.82,52.77,0.6723,2,-1,-1
252,15,808.37,360.45,19.54,49.44,0.3200,1,-1,-1
252,26,847.68,372.92,20.86,49.06,0.6030,1,-1,-1
252,49,763.14,324.53,16.46,31.09,0.4552,1,-1,-1
252,72,775.77,358.08,19.76,52.83,0.5804,1,-1,-1
252,73,781.54,312.62,16.08,36.72,0.5917,1,-1,-1
252,75,1305.29,321.76,17.68,34.92,0.1956,1,-1,-1
252,14,888.98,370.44,19.19,44.55,0.3849,1,-1,-1
253,0,1237.70,353.97,22.92,51.61,0.6800,1,-1,-1
253,1,1730.87,474.52,48.47,93.42,0.7746,1,-1,-1
253,2,1680.45,442.52,33.90,51.21,0.6540,2,-1,-1
253,15,811.23,360.55,19.05,48.63,0.3621,1,-1,-1
253,26,850.24,372.97,20.72,48.75,0.5593,1,-1,-1
253,49,765.53,324.33,16.72,31.84,0.4941,1,-1,-1
253,72,777.63,358.08,19.76,52.91,0.6086,1,-1,-1
253,73,783.48,312.47,16.04,36.80,0.5670,1,-1,-1
253,75,1307.95,322.67,17.39,33.90,0.1160,1,-1,-1
253,14,891.24,370.45,19.41,45.18,0.6049,1,-1,-1
254,0,1240.04,353.29,22.88,51.62,0.6123,1,-1,-1
254,1,1733.24,475.09,49.00,94.32,0.7931,1,-1,-1
254,2,1682.61,442.95,34.94,52.78,0.6169,2,-1,-1
254,15,813.15,359.88,19.64,50.44,0.4951,1,-1,-1
254,26,852.31,372.97,20.67,48.64,0.6179,1,-1,-1
254,49,767.43,324.16,17.11,32.81,0.5039,1,-1,-1
254,72,780.30,357.80,19.74,52.87,0.5842,1,-1,-1
254,73,785.47,312.98,15.61,36.28,0.6325,1,-1,-1
254,75,1310.46,325.18,16.46,31.55,0.1437,1,-1,-1
254,14,893.06,370.60,19.10,44.60,0.5974,1,-1,-1
255,0,1242.32,353.03,23.33,52.79,0.6680,1,-1,-1
255,1,1735.38,475.81,49.10,94.46,0.8019,1,-1,-1
255,2,1686.65,443.85,33.88,51.14,0.6270,2,-1,-1
255,15,815.11,359.00,19.21,49.56,0.4102,1,-1,-1
255,26,854.55,373.15,20.28,47.78,0.5860,1,-1,-1
255,49,770.30,324.24,16.05,30.86,0.4990,1,-1,-1
255,72,782.27,357.58,19.87,53.26,0.4698,1,-1,-1
255,73,787.87,313.29,15.21,35.67,0.6049,1,-1,-1
255,75,1311.78,326.83,16.51,31.10,0.2309,1,-1,-1
255,14,895.33,370.70,19.16,44.77,0.5195,1,-1,-1
256,0,1244.47,352.79,23.50,53.35,0.6749,1,-1,-1
256,1,1737.53,476.87,48.94,93.81,0.8069,1,-1,-1
256,2,1688.99,443.42,34.46,52.16,0.6758,2,-1,-1
256,15,817.95,360.80,19.48,50.61,0.3174,1,-1,-1
256,26,856.57,373.24,20.21,47.54,0.4504,1,-1,-1
256,49,772.62,324.50,15.25,29.46,0.4727,1,-1,-1
256,72,784.81,357.79,19.86,53.27,0.5390,1,-1,-1
256,73,789.39,312.94,14.91,35.16,0.5689,1,-1,-1
256,75,1312.33,323.24,17.62,33.22,0.2295,1,-1,-1
256,14,897.64,370.58,19.30,45.23,0.4912,1,-1,-1
257,0,1246.36,353.08,23.18,52.81,0.6800,1,-1,-1
257,1,1740.90,478.43,48.70,93.05,0.7866,1,-1,-1
257,2,1691.33,443.44,34.37,51.99,0.6584,2,-1,-1
257,15,820.51,361.37,18.67,48.68,0.3970,1,-1,-1
257,26,859.10,372.62,20.86,49.03,0.5804,1,-1,-1
257,49,774.58,324.92,16.12,31.22,0.4776,1,-1,-1
257,72,787.09,357.73,19.28,51.89,0.5955,1,-1,-1
257,73,791.18,313.59,15.26,36.12,0.6142,1,-1,-1
257,75,1313.33,323.29,17.61,33.44,0.2751,1,-1,-1
257,14,900.20,370.45,19.48,45.87,0.3803,1,-1,-1
258,0,1248.76,353.56,23.02,52.35,0.6654,1,-1,-1
258,1,1744.38,478.80,48.95,93.46,0.7800,1,-1,-1
258,2,1695.02,443.93,34.02,51.45,0.6567,2,-1,-1
258,15,821.78,360.76,18.70,48.45,0.3766,1,-1,-1
258,26,861.32,372.57,20.68,48.57,0.5889,1,-1,-1
258,49,777.24,324.42,15.62,30.37,0.4805,1,-1,-1
258,72,789.13,357.91,18.73,50.19,0.4630,1,-1,-1
258,73,793.30,312.46,14.74,34.74,0.5746,1,-1,-1
258,75,1315.70,325.95,16.36,31.01,0.2365,1,-1,-1
258,14,902.62,370.65,19.54,45.90,0.4225,1,-1,-1
259,0,1251.18,353.20,23.14,52.71,0.6095,1,-1,-1
259,1,1747.47,478.86,49.66,94.36,0.7827,1,-1,-1
259,2,1698.36,444.53,33.23,50.36,0.6663,2,-1,-1
259,15,824.43,360.79,19.06,49.70,0.4196,1,-1,-1
259,26,863.38,372.42,20.68,48.31,0.6361,1,-1,-1
259,49,779.26,324.38,15.95,31.24,0.5049,1,-1,-1
259,72,791.74,357.24,18.83,50.58,0.5670,1,-1,-1
259,73,795.33,311.94,14.41,33.70,0.5898,1,-1,-1
259,75,1317.27,326.73,16.34,31.06,0.3522,1,-1,-1
259,14,904.84,370.66,18.89,44.02,0.4961,1,-1,-1
260,0,1254.36,353.99,22.52,51.19,0.6415,1,-1,-1
260,1,1751.25,479.66,50.30,94.64,0.7786,1,-1,-1
260,2,1701.08,444.82,32.89,49.73,0.7042,2,-1,-1
260,15,826.54,359.81,19.57,51.65,0.4649,1,-1,-1
260,26,865.36,372.50,20.70,48.36,0.6234,1,-1,-1
260,49,781.78,324.40,15.75,30.92,0.5137,1,-1,-1
260,72,793.76,357.06,19.18,51.67,0.5195,1,-1,-1
260,73,797.31,312.33,14.63,34.44,0.6030,1,-1,-1
260,75,1319.10,326.45,16.23,31.10,0.3989,1,-1,-1
260,14,906.97,370.70,18.78,43.58,0.4815,1,-1,-1
260,80,813.41,341.89,17.17,41.36,0.4834,1,-1,-1
260,81,774.17,374.06,18.48,45.03,0.4513,1,-1,-1
261,0,1256.11,353.48,23.46,53.48,0.6215,1,-1,-1
261,1,1754.21,479.69,50.99,95.52,0.7372,1,-1,-1
261,2,1704.04,444.80,32.74,49.26,0.6926,2,-1,-1
261,15,828.24,358.84,19.89,52.74,0.3531,1,-1,-1
261,26,867.47,372.60,20.43,47.90,0.5078,1,-1,-1
261,49,784.08,324.58,14.79,29.12,0.5765,1,-1,-1
261,72,796.56,357.46,18.72,51.21,0.4426,1,-1,-1
261,73,798.91,312.06,14.44,34.39,0.6142,1,-1,-1
261,75,1320.78,325.38,16.99,32.45,0.1490,1,-1,-1
261,14,908.82,370.89,18.66,43.17,0.2705,1,-1,-1
261,80,814.46,341.56,17.13,41.27,0.5312,1,-1,-1
261,81,775.53,374.55,18.69,45.44,0.4785,1,-1,-1
262,0,1258.39,353.67,22.85,52.12,0.6234,1,-1,-1
262,1,1756.97,480.49,51.12,95.56,0.7957,1,-1,-1
262,2,1707.78,445.02,32.60,48.93,0.6984,2,-1,-1
262,15,831.34,360.03,18.78,50.00,0.4168,1,-1,-1
262,26,870.05,372.31,20.38,48.02,0.5137,1,-1,-1
262,49,785.83,324.64,15.16,29.80,0.4369,1,-1,-1
262,72,798.63,357.11,18.47,51.07,0.5137,1,-1,-1
262,73,800.72,312.34,13.95,33.48,0.5823,1,-1,-1
262,75,1322.27,326.22,16.72,31.84,0.3082,1,-1,-1
262,80,815.94,342.20,17.06,41.13,0.4678,1,-1,-1
262,81,778.66,374.15,18.64,45.17,0.3821,1,-1,-1
263,0,1260.98,354.42,22.48,51.08,0.6575,1,-1,-1
263,1,1758.86,481.92,51.64,96.17,0.7718,1,-1,-1
263,2,1711.34,445.61,32.17,48.22,0.7001,2,-1,-1
263,15,834.30,360.03,17.67,46.82,0.4045,1,-1,-1
263,26,872.52,371.66,20.70,48.75,0.6105,1,-1,-1
263,49,787.69,323.83,15.58,30.91,0.4824,1,-1,-1
263,72,800.37,357.05,18.39,50.63,0.4883,1,-1,-1
263,73,802.27,312.25,14.12,34.23,0.6049,1,-1,-1
263,75,1324.41,325.84,16.89,32.12,0.2591,1,-1,-1
263,80,818.59,341.04,16.95,40.94,0.4282,1,-1,-1
263,81,780.39,372.85,18.06,43.75,0.2465,1,-1,-1
264,0,1263.61,354.68,22.02,49.99,0.6142,1,-1,-1
264,1,1761.93,483.34,51.75,95.96,0.7866,1,-1,-1
264,2,1713.72,445.36,32.70,49.09,0.7058,2,-1,-1
264,15,837.55,359.29,17.05,44.84,0.4083,1,-1,-1
264,26,874.80,372.16,20.52,48.19,0.5955,1,-1,-1
264,49,789.72,323.35,15.98,32.03,0.5215,1,-1,-1
264,72,802.23,357.07,18.17,50.03,0.4513,1,-1,-1
264,73,804.50,311.46,14.49,35.03,0.6270,1,-1,-1
264,75,1326.31,326.31,16.48,31.26,0.1865,1,-1,-1
264,80,821.34,341.24,17.01,41.36,0.4455,1,-1,-1
264,81,784.17,373.38,18.26,44.20,0.3065,1,-1,-1
264,14,915.58,370.66,18.96,44.07,0.5195,1,-1,-1
265,0,1266.59,355.23,21.80,49.42,0.6697,1,-1,-1
265,1,1765.42,483.92,51.86,96.20,0.7564,1,-1,-1
265,2,1716.64,445.32,32.40,48.59,0.6628,2,-1,-1
265,15,839.18,359.34,17.01,44.41,0.4340,1,-1,-1
265,26,876.61,372.25,20.70,48.65,0.6123,1,-1,-1
265,49,791.80,323.43,16.21,33.03,0.5059,1,-1,-1
265,72,805.30,356.77,18.18,50.11,0.5166,1,-1,-1
265,73,806.86,312.11,14.58,35.41,0.5554,1,-1,-1
265,75,1328.08,325.60,15.95,29.80,0.2127,2,-1,-1
265,80,823.23,341.82,17.37,42.47,0.4795,1,-1,-1
265,81,785.98,373.86,18.65,44.77,0.4216,1,-1,-1
265,14,917.65,370.92,18.75,43.64,0.5107,1,-1,-1
266,0,1268.61,354.34,22.93,52.37,0.6505,1,-1,-1
266,1,1769.22,484.49,51.97,96.33,0.7918,1,-1,-1
266,2,1720.05,445.80,32.32,48.28,0.7256,2,-1,-1
266,15,839.88,359.04,18.76,48.84,0.4177,1,-1,-1
266,26,878.77,372.47,20.51,48.18,0.5467,1,-1,-1
266,49,794.53,323.63,15.87,32.64,0.4737,1,-1,-1
266,72,807.34,356.77,19.33,52.73,0.3630,1,-1,-1
266,73,809.05,312.63,14.59,35.73,0.5341,1,-1,-1
266,75,1329.65,325.87,16.47,30.79,0.2127,1,-1,-1
266,80,824.66,341.72,17.81,43.65,0.4244,1,-1,-1
266,81,787.65,374.10,19.09,45.40,0.4893,1,-1,-1
266,14,919.58,370.81,19.28,44.78,0.4111,1,-1,-1
267,0,1270.56,354.15,23.24,53.12,0.6123,1,-1,-1
267,1,1772.30,485.26,52.35,96.79,0.7994,1,-1,-1
267,2,1723.72,446.24,32.05,47.71,0.6868,2,-1,-1
267,15,840.92,358.87,19.68,50.73,0.4533,1,-1,-1
267,26,881.02,372.25,20.50,48.07,0.4971,1,-1,-1
267,49,796.68,323.94,15.14,31.16,0.2713,1,-1,-1
267,72,810.26,356.60,19.22,52.63,0.4504,1,-1,-1
267,73,810.75,312.23,13.95,34.28,0.5361,1,-1,-1
267,75,1331.83,323.51,17.89,33.33,0.1944,1,-1,-1
267,80,825.95,341.64,17.85,43.78,0.5049,1,-1,-1
267,81,790.93,373.36,19.25,45.50,0.3217,1,-1,-1
267,14,922.15,370.69,19.60,45.54,0.2075,1,-1,-1
268,0,1273.37,354.69,23.45,53.68,0.6270,1,-1,-1
268,1,1775.77,486.02,52.45,96.45,0.7840,1,-1,-1
268,2,1726.06,446.45,32.28,47.96,0.6893,2,-1,-1
268,15,843.66,358.78,19.16,49.03,0.3785,1,-1,-1
268,26,883.76,372.04,20.81,48.67,0.5117,1,-1,-1
268,49,799.75,323.52,14.73,30.46,0.4273,1,-1,-1
268,72,811.91,356.84,19.02,51.98,0.4073,1,-1,-1
268,73,812.75,313.22,13.82,34.23,0.4922,1,-1,-1
268,75,1333.50,322.75,18.51,34.20,0.3024,1,-1,-1
268,80,827.76,341.32,17.24,42.35,0.4311,1,-1,-1
268,81,793.14,372.90,19.43,45.89,0.3720,1,-1,-1
268,14,924.86,370.34,19.69,45.51,0.2154,1,-1,-1
269,0,1275.54,354.82,23.92,55.30,0.5993,1,-1,-1
269,1,1779.39,486.32,53.01,97.33,0.7892,1,-1,-1
269,2,1728.89,446.56,33.12,49.10,0.6289,2,-1,-1
269,15,845.62,359.18,19.55,50.19,0.4737,1,-1,-1
269,26,885.30,372.18,20.94,48.89,0.5020,1,-1,-1
269,49,801.86,322.91,15.77,32.80,0.3979,1,-1,-1
269,72,813.83,357.14,19.26,52.29,0.3720,1,-1,-1
269,73,814.21,312.85,13.68,33.88,0.5195,1,-1,-1
269,75,1334.56,322.22,18.68,34.49,0.2127,1,-1,-1
269,80,829.69,341.29,16.64,40.97,0.4571,1,-1,-1
269,81,795.87,372.76,19.40,46.00,0.3886,1,-1,-1
269,14,926.86,370.49,19.93,46.05,0.4717,1,-1,-1
269,67,1807.62,350.26,31.18,61.08,0.5390,1,-1,-1
270,0,1277.88,355.67,24.31,56.42,0.6325,1,-1,-1
270,1,1782.04,488.37,53.20,97.26,0.8164,1,-1,-1
270,2,1732.15,446.72,33.43,49.35,0.7256,2,-1,-1
270,15,847.80,359.41,19.55,49.90,0.5370,1,-1,-1
270,26,887.57,371.89,21.13,49.18,0.6086,1,-1,-1
270,49,803.75,323.13,16.17,33.80,0.3748,1,-1,-1
270,72,816.24,357.02,19.66,52.91,0.3522,1,-1,-1
270,73,816.30,312.69,14.35,35.21,0.5842,1,-1,-1
270,75,1337.25,322.44,18.53,34.07,0.1217,1,-1,-1
270,80,831.55,341.50,17.24,42.74,0.4668,1,-1,-1
270,81,797.45,372.66,19.59,46.40,0.3567,1,-1,-1
270,14,928.83,370.95,19.63,45.43,0.4542,1,-1,-1
270,67,1813.15,353.66,28.29,57.30,0.5727,1,-1,-1
271,0,1279.45,354.76,24.41,56.42,0.5467,1,-1,-1
271,1,1785.87,489.47,53.14,96.69,0.7691,1,-1,-1
271,2,1735.59,446.99,32.97,48.54,0.6868,2,-1,-1
271,15,849.82,359.60,20.25,51.53,0.4834,1,-1,-1
271,26,889.16,372.20,21.09,48.86,0.5390,1,-1,-1
271,49,806.53,323.09,15.57,32.62,0.3504,1,-1,-1
271,72,818.38,356.99,19.87,53.18,0.3234,1,-1,-1
271,73,818.67,313.00,15.55,37.78,0.4130,1,-1,-1
271,75,1338.90,322.55,18.36,33.67,0.2302,1,-1,-1
271,80,833.67,341.36,17.40,43.41,0.4206,1,-1,-1
271,81,799.59,372.78,19.86,46.93,0.4523,1,-1,-1
271,14,930.18,369.53,19.96,46.30,0.2814,1,-1,-1
271,67,1818.07,357.72,26.37,54.40,0.4311,1,-1,-1
272,0,1282.63,354.57,23.68,54.94,0.6433,1,-1,-1
272,1,1789.56,489.76,53.28,97.06,0.7535,1,-1,-1
272,2,1738.10,446.79,33.21,48.88,0.6868,2,-1,-1
272,15,852.05,359.68,20.86,52.40,0.3390,1,-1,-1
272,26,891.33,372.25,21.01,48.56,0.4244,1,-1,-1
272,49,808.82,322.91,15.10,31.55,0.2220,1,-1,-1
272,72,820.33,356.75,20.29,53.89,0.4941,1,-1,-1
272,73,821.00,312.85,15.29,37.23,0.3460,1,-1,-1
272,75,1340.29,323.56,18.26,33.32,0.2247,1,-1,-1
272,80,835.28,341.34,16.81,42.25,0.3877,1,-1,-1
272,81,800.99,372.35,20.15,47.61,0.3329,1,-1,-1
272,67,1822.04,358.36,25.31,52.43,0.5078,1,-1,-1
273,0,1285.55,354.73,23.12,53.60,0.5302,1,-1,-1
273,1,1793.37,490.73,53.51,96.73,0.3407,1,-1,-1
273,2,1739.53,447.25,34.46,50.47,0.5851,2,-1,-1
273,15,854.08,358.78,21.05,52.50,0.4756,1,-1,-1
273,26,894.74,372.19,20.99,48.11,0.4235,1,-1,-1
273,49,812.13,321.87,16.03,33.07,0.1603,1,-1,-1
273,72,821.83,357.48,20.59,54.12,0.2598,1,-1,-1
273,73,822.16,314.60,14.81,35.78,0.2942,1,-1,-1
273,75,1342.18,323.97,17.52,31.88,0.1330,1,-1,-1
273,80,837.00,341.79,17.13,43.11,0.3612,1,-1,-1
273,81,801.71,372.01,20.23,47.38,0.1566,1,-1,-1
273,67,1827.20,358.43,24.43,51.32,0.4912,1,-1,-1
274,0,1287.67,354.76,23.18,53.58,0.6086,1,-1,-1
274,1,1796.82,491.44,53.90,96.93,0.8069,1,-1,-1
274,2,1743.16,447.68,34.36,50.15,0.6179,2,-1,-1
274,15,855.47,358.34,21.78,53.90,0.4073,1,-1,-1
274,26,897.00,372.04,21.23,48.49,0.4941,1,-1,-1
274,49,815.50,321.07,17.43,34.98,0.3442,1,-1,-1
274,72,824.04,357.67,20.63,54.19,0.3329,1,-1,-1
274,73,822.46,315.96,14.74,34.62,0.2666,1,-1,-1
274,80,838.91,341.12,16.68,41.94,0.3693,1,-1,-1
274,81,802.32,371.45,20.40,46.89,0.1303,1,-1,-1
274,67,1831.27,356.55,24.86,52.64,0.1790,1,-1,-1
275,0,1288.79,355.10,24.64,56.67,0.6105,1,-1,-1
275,1,1800.79,492.67,53.85,96.42,0.7773,1,-1,-1
275,2,1746.10,448.22,33.51,48.79,0.7606,2,-1,-1
275,15,857.97,357.53,22.34,55.50,0.5593,1,-1,-1
275,26,899.15,372.88,20.77,47.36,0.6415,1,-1,-1
275,49,817.39,321.39,17.66,35.07,0.3260,1,-1,-1
275,72,826.60,357.58,20.66,54.15,0.4542,1,-1,-1
275,73,824.80,314.47,14.39,33.43,0.2950,1,-1,-1
275,80,840.45,341.54,16.23,40.47,0.4254,1,-1,-1
275,81,804.78,372.64,19.91,44.36,0.2436,2,-1,-1
275,67,1835.28,358.53,24.19,51.12,0.4140,1,-1,-1
275,14,939.76,370.31,19.31,44.95,0.4688,1,-1,-1
276,0,1288.37,354.36,24.97,55.20,0.4795,1,-1,-1
276,1,1803.86,493.63,54.26,96.70,0.1225,1,-1,-1
276,2,1749.56,448.82,33.64,49.23,0.6252,2,-1,-1
276,15,860.30,357.91,22.39,55.13,0.5670,1,-1,-1
276,26,901.07,372.97,20.83,47.38,0.6215,1,-1,-1
276,49,821.12,318.42,18.64,36.27,0.2539,1,-1,-1
276,72,829.27,355.81,21.04,54.92,0.4158,1,-1,-1
276,73,825.88,314.18,15.20,34.65,0.1608,1,-1,-1
276,80,842.38,341.30,16.66,41.63,0.3363,1,-1,-1
276,81,806.99,372.99,20.25,44.24,0.1352,2,-1,-1
276,67,1838.84,359.04,24.35,51.17,0.3208,1,-1,-1
276,14,942.08,370.54,19.46,45.50,0.3346,1,-1,-1
277,0,1293.01,354.14,25.81,57.36,0.4562,1,-1,-1
277,1,1807.14,494.31,54.64,96.85,0.7491,1,-1,-1
277,2,1752.34,448.69,34.29,50.28,0.6067,2,-1,-1
277,15,862.89,358.14,22.53,55.47,0.5010,1,-1,-1
277,26,902.84,373.17,20.74,47.07,0.4630,1,-1,-1
277,49,823.15,319.02,18.85,36.05,0.1938,1,-1,-1
277,72,831.68,356.65,20.89,54.67,0.4301,1,-1,-1
277,73,825.97,317.38,16.14,35.20,0.2187,2,-1,-1
277,80,844.25,340.99,16.30,40.80,0.3821,1,-1,-1
277,81,811.01,373.25,20.38,44.54,0.4196,1,-1,-1
277,14,944.39,370.58,19.75,46.24,0.3522,1,-1,-1
277,84,1891.84,401.62,28.56,41.47,0.4668,2,-1,-1
278,0,1295.39,353.98,26.10,57.75,0.4417,1,-1,-1
278,1,1809.94,495.02,54.89,96.66,0.8199,1,-1,-1
278,2,1755.76,449.04,34.65,50.91,0.6105,2,-1,-1
278,15,864.37,358.22,22.51,55.30,0.5506,1,-1,-1
278,26,905.22,372.69,20.95,47.37,0.4140,1,-1,-1
278,49,825.57,319.47,19.39,36.35,0.2561,1,-1,-1
278,72,833.19,356.91,21.12,55.15,0.4951,1,-1,-1
278,80,846.29,341.69,15.92,39.70,0.3132,1,-1,-1
278,81,813.11,372.79,21.11,46.01,0.3294,1,-1,-1
278,84,1892.84,400.47,30.05,43.87,0.3074,2,-1,-1
279,0,1296.33,354.22,25.39,54.25,0.4562,1,-1,-1
279,1,1813.65,496.31,54.89,96.33,0.8245,1,-1,-1
279,2,1759.67,449.16,33.94,49.95,0.6817,2,-1,-1
279,15,866.31,358.15,22.32,54.40,0.4552,1,-1,-1
279,26,908.05,372.45,21.13,47.97,0.6039,1,-1,-1
279,49,827.31,318.53,20.39,37.96,0.3049,1,-1,-1
279,72,835.00,357.75,20.93,54.66,0.3794,1,-1,-1
279,80,848.71,341.47,15.19,37.67,0.2386,1,-1,-1
279,81,816.35,372.47,21.00,46.11,0.2783,1,-1,-1
280,0,1298.60,354.38,26.51,56.19,0.5487,1,-1,-1
280,1,1817.50,496.52,56.01,98.34,0.8152,1,-1,-1
280,2,1762.19,448.99,33.96,50.21,0.6289,2,-1,-1
280,15,868.14,357.57,23.09,56.20,0.5689,1,-1,-1
280,26,909.34,372.88,21.22,47.67,0.4815,1,-1,-1
280,49,828.28,318.00,22.02,41.18,0.3693,1,-1,-1
280,72,837.02,357.96,20.76,54.57,0.4263,1,-1,-1
280,80,849.94,340.67,15.54,38.28,0.4149,1,-1,-1
280,81,818.71,372.25,21.18,46.99,0.4083,1,-1,-1
280,14,951.24,370.52,19.54,45.83,0.4893,1,-1,-1
281,0,1301.01,353.74,28.52,61.11,0.6505,1,-1,-1
281,1,1821.77,496.98,56.35,98.96,0.7635,1,-1,-1
281,2,1765.01,448.83,33.77,50.06,0.7082,2,-1,-1
281,15,870.69,357.18,23.02,55.96,0.5612,1,-1,-1
281,26,911.80,372.76,21.29,47.75,0.6067,1,-1,-1
281,49,830.86,315.52,21.71,40.99,0.4397,1,-1,-1
281,72,840.36,357.63,20.95,54.97,0.4523,1,-1,-1
281,80,851.79,340.16,15.94,38.92,0.3933,1,-1,-1
281,81,821.30,372.56,20.90,46.58,0.3979,1,-1,-1
281,14,953.47,370.80,19.30,45.16,0.4873,1,-1,-1
281,67,1858.69,357.44,27.31,56.73,0.5409,1,-1,-1
282,0,1304.84,354.42,27.76,59.83,0.6935,1,-1,-1
282,1,1825.63,497.82,56.68,99.23,0.7982,1,-1,-1
282,2,1768.16,449.11,34.28,50.82,0.5574,2,-1,-1
282,15,873.22,357.46,23.69,57.25,0.4369,1,-1,-1
282,26,913.98,373.12,21.36,47.81,0.4533,1,-1,-1
282,49,832.88,315.09,21.52,40.69,0.4196,1,-1,-1
282,72,843.52,357.97,20.55,53.66,0.2337,1,-1,-1
282,80,852.82,340.78,16.91,40.88,0.4196,1,-1,-1
282,81,823.62,372.78,21.15,47.24,0.3329,1,-1,-1
282,14,955.56,371.16,19.87,46.50,0.1974,1,-1,-1
282,67,1862.66,358.33,27.48,56.50,0.4542,1,-1,-1
283,0,1308.26,354.36,26.96,58.62,0.6783,1,-1,-1
283,1,1829.59,499.11,56.90,99.34,0.8278,1,-1,-1
283,2,1771.39,449.06,34.55,51.33,0.5823,2,-1,-1
283,15,875.34,357.55,23.71,57.26,0.5322,1,-1,-1
283,26,915.80,373.37,21.20,47.09,0.3486,1,-1,-1
283,49,834.32,314.90,21.30,40.33,0.2846,1,-1,-1
283,72,845.32,356.12,21.23,55.04,0.2767,1,-1,-1
283,80,854.03,340.52,17.35,41.51,0.2465,1,-1,-1
283,81,825.16,372.77,21.48,47.75,0.2018,1,-1,-1
283,67,1866.29,352.61,30.52,63.40,0.4893,1,-1,-1
284,0,1311.49,355.32,25.66,55.66,0.6505,1,-1,-1
284,1,1833.71,500.05,57.01,98.80,0.8470,1,-1,-1
284,2,1773.90,449.22,34.85,52.11,0.5955,2,-1,-1
284,15,877.29,357.62,23.01,54.88,0.4795,1,-1,-1
284,26,918.96,372.66,21.53,47.50,0.4581,1,-1,-1
284,49,836.66,315.46,21.24,40.37,0.3495,1,-1,-1
284,72,847.76,358.42,20.47,52.98,0.2539,1,-1,-1
284,80,855.67,340.97,17.31,40.89,0.1944,1,-1,-1
284,81,829.66,373.32,20.44,44.85,0.2894,2,-1,-1
284,67,1869.78,353.56,30.09,62.38,0.3868,1,-1,-1
285,0,1314.29,355.65,25.00,53.71,0.5322,1,-1,-1
285,1,1837.74,500.81,57.24,98.45,0.8245,1,-1,-1
285,2,1776.47,449.32,36.09,54.13,0.5670,2,-1,-1
285,15,879.31,357.65,23.33,55.46,0.4932,1,-1,-1
285,26,920.80,372.59,21.80,47.92,0.4620,1,-1,-1
285,49,838.71,315.02,21.02,40.42,0.3407,1,-1,-1
285,72,849.95,362.05,19.35,49.86,0.2798,1,-1,-1
285,80,858.64,340.71,17.12,40.47,0.3416,1,-1,-1
285,81,831.51,373.92,20.35,44.34,0.2613,2,-1,-1
285,67,1874.54,355.46,29.01,60.45,0.1510,1,-1,-1
285,14,962.81,370.80,19.64,45.79,0.4951,1,-1,-1
286,0,1317.72,356.29,24.59,52.15,0.6415,1,-1,-1
286,1,1842.16,501.40,57.97,99.19,0.8300,1,-1,-1
286,2,1780.24,449.43,34.90,52.45,0.6697,2,-1,-1
286,15,881.57,356.97,23.36,55.45,0.5898,1,-1,-1
286,26,923.21,372.92,21.65,47.65,0.6343,1,-1,-1
286,49,841.30,314.83,20.19,39.03,0.3868,1,-1,-1
286,72,852.58,357.24,20.74,53.64,0.3603,1,-1,-1
286,80,860.48,340.35,16.72,39.13,0.3268,1,-1,-1
286,81,832.99,373.75,20.36,43.83,0.2295,2,-1,-1
286,67,1880.92,360.63,26.49,56.14,0.3675,1,-1,-1
286,14,964.50,370.69,19.13,44.73,0.5283,1,-1,-1
287,0,1320.68,355.41,25.47,52.95,0.5622,1,-1,-1
287,1,1846.04,501.78,58.47,99.56,0.8081,1,-1,-1
287,2,1783.59,449.36,34.74,52.26,0.5936,2,-1,-1
287,15,883.22,356.99,24.03,56.60,0.3666,2,-1,-1
287,26,925.09,373.00,21.61,47.61,0.4990,1,-1,-1
287,49,843.52,314.69,20.44,39.75,0.3886,1,-1,-1
287,72,854.66,357.66,20.71,53.70,0.1330,1,-1,-1
287,80,861.36,340.11,16.86,38.99,0.1343,1,-1,-1
287,81,834.09,373.73,20.38,43.70,0.2539,1,-1,-1
287,67,1885.33,352.29,30.47,64.35,0.1795,1,-1,-1
287,14,966.80,370.60,19.91,46.48,0.3775,1,-1,-1
288,0,1322.71,354.68,25.75,52.53,0.5823,1,-1,-1
288,1,1850.84,503.04,57.77,98.00,0.8222,1,-1,-1
288,2,1786.34,448.99,34.41,51.64,0.5516,2,-1,-1
288,15,885.48,357.37,24.27,57.35,0.5516,1,-1,-1
288,26,927.16,373.22,21.18,46.59,0.4863,1,-1,-1
288,49,845.68,315.30,19.50,37.96,0.3478,1,-1,-1
288,72,856.82,357.92,19.90,51.28,0.2408,1,-1,-1
288,80,863.53,340.35,16.97,38.76,0.3381,1,-1,-1
288,81,836.90,373.19,20.27,43.70,0.2583,1,-1,-1
288,67,1888.25,351.00,31.39,66.01,0.6077,1,-1,-1
288,14,968.72,370.73,19.66,45.72,0.3886,1,-1,-1
289,0,1323.63,355.07,25.21,51.49,0.5622,1,-1,-1
289,1,1854.46,504.84,57.93,98.03,0.7944,1,-1,-1
289,2,1787.33,449.21,38.69,58.38,0.4707,2,-1,-1
289,15,887.48,357.83,23.65,55.90,0.5127,1,-1,-1
289,26,930.34,372.69,21.29,46.72,0.5765,1,-1,-1
289,49,847.95,315.49,18.76,36.70,0.4659,1,-1,-1
289,72,859.80,356.76,19.88,51.16,0.1865,1,-1,-1
289,80,864.67,340.33,17.55,39.75,0.4639,1,-1,-1
289,81,839.41,373.11,20.47,43.59,0.1871,2,-1,-1
289,67,1892.10,350.47,31.10,66.77,0.6671,1,-1,-1
289,14,971.59,370.69,19.65,45.70,0.1778,1,-1,-1
290,0,1324.57,355.06,26.72,54.93,0.6558,1,-1,-1
290,1,1858.58,505.77,58.33,98.40,0.7705,1,-1,-1
290,2,1790.83,449.52,38.44,57.65,0.4912,2,-1,-1
290,15,889.04,357.35,24.51,57.70,0.4912,1,-1,-1
290,26,932.00,372.63,21.81,47.96,0.5641,1,-1,-1
290,49,849.79,315.18,20.09,39.98,0.5535,1,-1,-1
290,72,861.86,363.43,18.41,46.78,0.1744,1,-1,-1
290,80,865.54,340.13,18.27,41.28,0.2006,1,-1,-1
290,81,842.12,373.31,21.14,44.80,0.2728,2,-1,-1
290,67,1895.06,348.32,30.90,68.89,0.1772,1,-1,-1
290,14,973.33,370.46,20.41,47.46,0.3794,1,-1,-1
290,86,1345.50,358.71,19.43,51.94,0.5254,1,-1,-1
291,0,1327.13,355.62,26.16,53.75,0.6968,1,-1,-1
291,1,1861.66,505.57,58.98,99.93,0.8578,1,-1,-1
291,2,1794.30,450.02,38.12,57.64,0.5708,2,-1,-1
291,15,891.62,357.07,24.43,57.49,0.5842,1,-1,-1
291,26,934.42,372.75,21.43,47.18,0.6160,1,-1,-1
291,49,851.81,315.10,19.92,40.12,0.5205,1,-1,-1
291,72,863.62,364.09,18.64,46.83,0.1037,2,-1,-1
291,80,868.82,339.19,17.15,38.79,0.3739,1,-1,-1
291,81,844.39,373.14,21.00,44.15,0.1925,2,-1,-1
291,14,975.57,370.72,19.73,45.91,0.5670,1,-1,-1
291,86,1349.92,358.91,19.36,51.69,0.6142,1,-1,-1
292,0,1329.16,355.15,26.25,54.11,0.7318,1,-1,-1
292,1,1864.43,506.17,58.94,100.93,0.8267,1,-1,-1
292,2,1798.06,450.62,35.66,54.01,0.7001,2,-1,-1
292,15,894.49,356.98,24.34,57.04,0.5917,1,-1,-1
292,26,936.77,373.00,21.49,47.50,0.6243,1,-1,-1
292,49,854.02,314.10,19.19,39.09,0.5612,1,-1,-1
292,72,867.06,369.23,17.56,43.58,0.1999,1,-1,-1
292,80,871.03,339.34,16.99,38.56,0.3657,1,-1,-1
292,81,846.86,372.85,21.05,43.94,0.2101,2,-1,-1
292,14,977.63,370.96,19.42,45.10,0.5254,1,-1,-1
292,86,1355.62,357.40,19.86,53.08,0.7527,1,-1,-1
293,0,1332.01,355.08,25.85,53.06,0.7114,1,-1,-1
293,1,1866.94,505.26,59.36,103.83,0.6316,1,-1,-1
293,2,1801.76,450.74,35.20,53.39,0.6851,2,-1,-1
293,15,896.38,357.45,24.74,57.56,0.4717,1,-1,-1
293,26,938.53,373.00,21.15,46.92,0.5631,1,-1,-1
293,49,856.39,314.24,18.73,38.42,0.5088,1,-1,-1
293,72,868.13,366.82,18.45,45.15,0.1101,2,-1,-1
293,80,873.54,339.07,16.77,37.72,0.2918,1,-1,-1
293,81,848.31,372.91,21.05,43.56,0.2918,2,-1,-1
293,14,979.07,369.73,19.81,46.11,0.3576,1,-1,-1
293,86,1361.60,359.12,19.19,51.32,0.7017,1,-1,-1
294,0,1334.80,354.56,25.31,51.68,0.6885,1,-1,-1
294,1,1871.09,509.01,56.63,101.60,0.6876,1,-1,-1
294,2,1805.58,450.88,34.54,52.61,0.7001,2,-1,-1
294,15,898.68,357.26,24.24,56.41,0.5651,1,-1,-1
294,26,941.02,372.62,21.01,46.78,0.6142,1,-1,-1
294,49,858.60,313.90,19.15,39.57,0.5955,1,-1,-1
294,72,871.09,362.25,19.43,47.70,0.2227,1,-1,-1
294,80,876.06,339.26,16.16,35.98,0.3895,1,-1,-1
294,81,849.30,373.24,21.42,44.41,0.2436,1,-1,-1
294,86,1366.60,356.50,20.46,54.74,0.6628,1,-1,-1
295,0,1336.41,354.94,27.21,55.68,0.7066,1,-1,-1
295,1,1874.30,509.45,54.44,100.63,0.6637,1,-1,-1
295,2,1808.74,450.70,34.39,52.57,0.6628,2,-1,-1
295,15,900.54,356.64,24.65,56.90,0.5409,1,-1,-1
295,26,943.46,371.97,21.74,48.42,0.6105,1,-1,-1
295,49,860.74,313.87,19.71,41.33,0.6160,1,-1,-1
295,72,872.34,360.21,20.27,50.01,0.2480,1,-1,-1
295,80,876.79,337.58,16.63,36.44,0.1755,1,-1,-1
295,81,852.68,373.32,21.78,44.86,0.3174,2,-1,-1
295,86,1372.18,358.81,19.52,52.17,0.6851,1,-1,-1
295,88,1805.80,464.14,41.26,51.54,0.5068,10,-1,-1
296,0,1339.39,355.21,26.77,54.90,0.7114,1,-1,-1
296,1,1878.86,511.20,50.90,97.66,0.6775,1,-1,-1
296,2,1811.89,451.32,33.17,50.65,0.6968,2,-1,-1
296,15,902.53,356.82,24.99,57.48,0.5898,1,-1,-1
296,26,945.50,372.35,21.55,47.85,0.6415,1,-1,-1
296,49,863.11,314.40,19.36,40.84,0.5516,1,-1,-1
296,72,873.39,359.01,21.39,53.22,0.4121,1,-1,-1
296,80,878.08,336.76,16.43,35.47,0.1895,1,-1,-1
296,81,853.29,372.56,23.50,48.65,0.2886,1,-1,-1
296,86,1377.23,359.41,19.27,51.29,0.7082,1,-1,-1
296,88,1807.97,463.83,40.35,50.34,0.3803,10,-1,-1
296,14,986.63,370.55,19.76,45.86,0.5419,1,-1,-1
297,0,1342.28,355.52,26.67,54.66,0.7098,1,-1,-1
297,1,1882.48,511.12,49.24,99.14,0.5254,1,-1,-1
297,2,1814.90,451.51,33.21,50.60,0.6817,2,-1,-1
297,15,905.14,356.71,24.80,57.08,0.5917,1,-1,-1
297,26,947.79,372.55,21.37,47.58,0.6451,1,-1,-1
297,49,865.41,313.76,18.71,40.00,0.5974,1,-1,-1
297,72,876.59,357.81,21.50,54.03,0.4340,1,-1,-1
297,80,881.88,338.44,15.99,34.62,0.2878,1,-1,-1
297,81,855.80,372.94,22.99,47.38,0.3132,1,-1,-1
297,86,1381.92,358.22,19.87,52.75,0.6766,1,-1,-1
297,88,1810.19,463.12,40.51,50.59,0.5205,10,-1,-1
297,14,988.74,370.74,19.27,44.72,0.5898,1,-1,-1
298,0,1344.14,355.35,26.64,54.36,0.6968,1,-1,-1
298,2,1818.19,451.58,33.68,51.32,0.6307,2,-1,-1
298,15,907.20,357.06,24.90,57.19,0.6049,1,-1,-1
298,26,949.85,372.85,21.13,47.16,0.6343,1,-1,-1
298,49,867.40,313.06,18.50,39.99,0.5964,1,-1,-1
298,72,879.03,357.02,20.90,53.17,0.3381,1,-1,-1
298,80,883.66,339.05,16.68,36.28,0.1999,1,-1,-1
298,81,858.32,372.59,22.68,46.79,0.2063,2,-1,-1
298,86,1387.54,359.64,19.17,50.63,0.6783,1,-1,-1
298,88,1812.96,463.10,40.41,50.52,0.4610,10,-1,-1
298,14,990.99,370.79,19.47,45.06,0.4922,1,-1,-1
299,0,1346.60,355.65,26.35,53.44,0.6415,1,-1,-1
299,2,1821.31,451.99,34.11,52.11,0.6628,2,-1,-1
299,15,909.61,357.75,24.37,56.10,0.5746,1,-1,-1
299,26,951.65,372.91,20.84,46.41,0.5593,1,-1,-1
299,49,869.38,313.39,17.55,38.20,0.4407,1,-1,-1
299,72,881.83,356.58,19.94,51.14,0.2705,1,-1,-1
299,80,886.42,338.97,15.88,34.51,0.1634,1,-1,-1
299,81,861.18,372.61,21.87,45.30,0.2422,1,-1,-1
299,86,1391.75,359.29,19.40,50.97,0.6575,1,-1,-1
299,88,1815.47,463.40,40.39,50.66,0.4436,10,-1,-1
299,14,992.95,370.74,19.64,45.33,0.2902,1,-1,-1
300,0,1348.66,355.46,27.59,56.14,0.7017,1,-1,-1
300,2,1824.27,452.36,33.40,50.87,0.7066,2,-1,-1
300,15,911.72,357.53,23.96,55.18,0.5496,1,-1,-1
300,26,954.90,372.64,21.01,46.78,0.6179,1,-1,-1
300,49,871.51,313.21,17.72,38.84,0.6160,1,-1,-1
300,72,884.04,359.38,19.12,49.20,0.2878,1,-1,-1
300,80,888.60,338.31,15.09,32.42,0.3785,1,-1,-1
300,81,863.71,372.75,20.80,42.57,0.2147,2,-1,-1
300,86,1396.91,360.48,19.01,49.64,0.5955,1,-1,-1
300,88,1820.14,464.42,36.40,45.45,0.3200,10,-1,-1
300,14,996.01,370.66,19.73,45.62,0.2323,1,-1,-1
301,0,1351.11,355.74,27.52,56.16,0.7318,1,-1,-1
301,2,1827.44,453.04,33.47,50.81,0.6918,2,-1,-1
301,15,913.77,357.31,24.36,55.97,0.5651,1,-1,-1
301,26,956.78,372.55,21.36,47.47,0.6151,1,-1,-1
301,49,873.81,313.24,18.63,40.93,0.6252,1,-1,-1
301,72,884.90,358.13,19.88,51.50,0.4620,1,-1,-1
301,80,890.01,338.69,15.99,34.37,0.1836,1,-1,-1
301,81,865.40,372.15,21.64,45.04,0.4073,1,-1,-1
301,86,1402.31,360.11,19.55,50.18,0.5332,1,-1,-1
301,88,1823.93,465.34,35.92,44.75,0.4659,10,-1,-1
301,14,998.59,370.61,19.77,45.63,0.5293,1,-1,-1
302,0,1354.28,355.97,26.23,53.35,0.7098,1,-1,-1
302,2,1830.67,452.66,34.12,51.84,0.6505,2,-1,-1
302,15,916.27,357.01,24.39,56.15,0.6289,1,-1,-1
302,26,958.88,372.46,21.14,47.11,0.6663,1,-1,-1
302,49,875.71,313.71,18.61,40.98,0.6160,1,-1,-1
302,72,887.93,357.95,20.42,53.04,0.4054,1,-1,-1
302,80,891.97,338.95,16.19,34.96,0.3702,1,-1,-1
302,81,867.87,372.69,21.94,45.72,0.2173,2,-1,-1
302,86,1408.09,361.18,19.09,48.51,0.5263,1,-1,-1
302,88,1831.88,465.89,40.99,49.58,0.4533,10,-1,-1
302,14,1000.46,370.48,19.39,44.80,0.5898,1,-1,-1
303,0,1356.37,355.77,26.67,53.94,0.7287,1,-1,-1
303,2,1833.20,452.52,34.12,51.82,0.6179,2,-1,-1
303,15,918.74,357.13,24.42,55.81,0.4815,1,-1,-1
303,26,960.16,372.24,21.65,48.00,0.5302,1,-1,-1
303,49,877.61,313.34,17.93,39.50,0.5496,1,-1,-1
303,72,890.33,357.42,20.75,54.37,0.4196,1,-1,-1
303,80,894.21,339.26,16.55,35.84,0.2697,1,-1,-1
303,81,869.65,372.40,22.01,46.40,0.4571,1,-1,-1
303,86,1413.36,362.41,19.59,48.91,0.5775,1,-1,-1
303,88,1832.33,467.18,39.90,47.92,0.3285,10,-1,-1
303,14,1002.39,370.75,19.89,45.99,0.3998,1,-1,-1
304,0,1358.68,356.24,26.46,53.41,0.6645,1,-1,-1
304,2,1836.16,452.85,33.77,51.12,0.7146,2,-1,-1
304,15,920.59,357.44,24.56,55.75,0.4273,1,-1,-1
304,26,961.75,372.37,21.47,47.30,0.4301,1,-1,-1
304,49,879.42,312.74,17.75,39.14,0.3868,1,-1,-1
304,72,892.15,356.69,20.73,54.83,0.4244,1,-1,-1
304,80,895.97,340.27,16.36,35.55,0.1981,1,-1,-1
304,81,871.84,372.52,21.26,44.47,0.2918,2,-1,-1
304,86,1418.81,363.74,19.40,47.40,0.4659,1,-1,-1
304,88,1833.62,467.18,39.38,47.12,0.1294,10,-1,-1
304,14,1004.60,371.12,20.13,46.64,0.2386,1,-1,-1
305,0,1360.09,355.79,28.57,57.94,0.7349,1,-1,-1
305,2,1838.55,453.67,34.24,51.33,0.6307,2,-1,-1
305,15,922.88,356.81,24.44,55.58,0.5879,1,-1,-1
305,26,964.86,372.13,21.26,47.04,0.5574,1,-1,-1
305,49,881.79,312.78,17.74,39.17,0.4630,1,-1,-1
305,72,894.98,356.90,19.94,53.22,0.4600,1,-1,-1
305,80,898.09,339.80,16.01,34.63,0.1889,1,-1,-1
305,81,874.64,372.80,20.78,43.28,0.2983,2,-1,-1
305,86,1423.63,361.38,20.43,49.23,0.3398,1,-1,-1
305,88,1837.45,464.29,40.00,47.66,0.1234,10,-1,-1
306,0,1362.90,356.61,27.73,56.48,0.7241,1,-1,-1
306,2,1841.94,453.89,34.72,52.00,0.6307,2,-1,-1
306,15,924.74,356.20,25.00,56.80,0.5049,1,-1,-1
306,26,967.34,371.72,21.77,48.05,0.5955,1,-1,-1
306,49,883.84,312.24,18.96,41.86,0.5955,1,-1,-1
306,72,896.55,357.31,19.90,53.57,0.5078,1,-1,-1
306,80,899.86,339.31,16.27,35.16,0.1667,1,-1,-1
306,81,876.12,372.77,21.60,45.01,0.2365,2,-1,-1
306,86,1429.45,362.47,20.35,48.13,0.3831,1,-1,-1
306,88,1838.48,464.41,41.35,49.55,0.5029,10,-1,-1
307,0,1366.21,357.34,26.54,53.87,0.7303,1,-1,-1
307,2,1845.00,453.77,34.53,51.70,0.6984,2,-1,-1
307,15,926.90,356.52,25.33,57.61,0.6030,1,-1,-1
307,26,969.65,372.30,21.57,47.46,0.6179,1,-1,-1
307,49,886.31,312.67,19.11,41.74,0.5458,1,-1,-1
307,72,898.01,355.43,20.99,56.55,0.5955,1,-1,-1
307,80,901.57,339.89,16.75,36.18,0.1471,1,-1,-1
307,81,878.07,372.71,21.96,45.95,0.4054,1,-1,-1
307,86,1435.03,361.86,19.96,46.49,0.3603,1,-1,-1
307,88,1841.38,465.11,39.52,47.33,0.5312,10,-1,-1
307,14,1011.39,370.63,19.74,45.65,0.5651,1,-1,-1
308,0,1368.15,356.42,27.24,55.29,0.6715,1,-1,-1
308,2,1848.17,453.88,34.73,52.00,0.7066,2,-1,-1
308,15,929.62,356.72,24.97,56.78,0.5224,1,-1,-1
308,26,971.44,372.27,21.66,47.55,0.5651,1,-1,-1
308,49,888.61,312.89,18.60,40.24,0.5370,1,-1,-1
308,72,900.77,354.71,21.03,56.70,0.5727,1,-1,-1
308,81,879.87,372.43,22.09,46.14,0.3711,1,-1,-1
308,86,1439.71,362.11,22.56,51.04,0.3998,1,-1,-1
308,88,1844.13,464.53,39.71,47.64,0.5215,10,-1,-1
308,14,1012.78,370.65,19.77,45.75,0.4863,1,-1,-1
309,0,1370.71,356.10,27.09,55.15,0.6325,1,-1,-1
309,2,1851.13,454.56,34.91,51.97,0.6593,2,-1,-1
309,15,931.88,356.72,24.82,56.09,0.4073,2,-1,-1
309,26,973.46,372.42,21.60,47.15,0.3794,1,-1,-1
309,49,890.81,312.72,18.65,39.92,0.3407,1,-1,-1
309,72,902.77,354.78,21.10,56.75,0.1027,2,-1,-1
309,81,882.95,372.84,21.08,43.36,0.3032,2,-1,-1
309,86,1446.57,362.03,21.60,48.03,0.2950,2,-1,-1
309,88,1848.78,467.17,38.15,45.27,0.3558,10,-1,-1
309,14,1015.23,370.63,20.08,46.19,0.2316,1,-1,-1
310,0,1372.95,355.28,28.12,57.77,0.6935,1,-1,-1
310,2,1854.82,454.53,34.90,52.03,0.6307,2,-1,-1
310,15,933.88,356.95,24.70,55.98,0.5651,1,-1,-1
310,26,975.42,372.17,21.50,46.78,0.3329,1,-1,-1
310,49,892.78,312.13,18.20,38.90,0.3294,1,-1,-1
310,72,905.63,354.17,20.32,55.29,0.5302,1,-1,-1
310,81,885.28,372.55,21.15,43.65,0.2583,1,-1,-1
310,86,1453.73,362.90,20.93,45.38,0.2651,1,-1,-1
310,88,1851.99,468.10,38.23,45.26,0.4932,10,-1,-1
311,0,1375.82,356.12,26.84,55.53,0.7114,1,-1,-1
311,2,1857.70,454.32,34.58,51.46,0.6935,2,-1,-1
311,15,935.63,356.47,25.19,57.20,0.5936,1,-1,-1
311,26,978.51,371.66,21.97,47.79,0.5078,1,-1,-1
311,49,895.24,312.12,19.34,41.01,0.4552,1,-1,-1
311,72,907.95,355.21,19.73,53.88,0.5898,1,-1,-1
311,81,887.01,371.96,21.85,45.37,0.4311,1,-1,-1
311,86,1459.22,362.29,20.65,44.20,0.2682,2,-1,-1
311,88,1855.21,468.96,36.37,42.64,0.4523,10,-1,-1
312,0,1378.80,356.59,26.12,53.86,0.7318,1,-1,-1
312,2,1860.82,454.48,34.82,51.73,0.6663,2,-1,-1
312,15,937.81,356.43,25.72,58.54,0.5993,1,-1,-1
312,26,979.93,372.10,22.50,48.74,0.4688,1,-1,-1
312,49,897.53,312.05,20.62,43.34,0.5898,1,-1,-1
312,72,909.37,355.02,20.50,55.88,0.6049,1,-1,-1
312,81,888.35,371.43,22.84,48.16,0.4932,1,-1,-1
312,86,1465.35,362.15,20.85,44.12,0.3803,1,-1,-1
312,88,1858.31,467.22,41.08,48.29,0.3840,10,-1,-1
312,14,1022.30,370.20,20.81,47.91,0.4737,1,-1,-1
313,0,1380.84,356.34,26.30,54.23,0.6783,1,-1,-1
313,2,1864.51,455.03,34.77,51.62,0.6289,2,-1,-1
313,15,940.45,356.60,25.45,58.09,0.5631,1,-1,-1
313,26,981.27,371.60,22.64,48.60,0.5215,1,-1,-1
313,49,899.27,311.98,20.39,42.62,0.5936,1,-1,-1
313,72,911.20,354.31,21.21,57.65,0.5283,1,-1,-1
313,81,891.06,371.42,23.00,48.95,0.3766,1,-1,-1
313,86,1470.00,361.02,22.77,48.36,0.2926,1,-1,-1
313,88,1861.71,466.56,40.15,47.41,0.5020,10,-1,-1
313,14,1023.03,368.64,21.18,48.82,0.3260,1,-1,-1
314,0,1383.00,355.84,26.54,54.79,0.6522,1,-1,-1
314,2,1867.90,455.34,34.55,51.31,0.5784,2,-1,-1
314,15,942.83,356.76,25.39,57.74,0.4484,1,-1,-1
314,26,983.35,371.87,22.83,48.60,0.4397,1,-1,-1
314,49,901.56,312.43,19.55,40.64,0.4417,1,-1,-1
314,72,914.28,354.82,20.88,56.64,0.4630,1,-1,-1
314,81,893.46,371.85,22.26,46.79,0.3416,2,-1,-1
314,86,1474.77,361.43,24.16,51.77,0.5429,1,-1,-1
314,88,1863.83,465.74,41.06,49.00,0.5098,10,-1,-1
314,14,1024.78,367.85,21.53,49.85,0.2705,1,-1,-1
315,0,1384.92,355.11,27.93,58.13,0.7066,1,-1,-1
315,2,1870.61,454.73,34.92,52.20,0.6593,2,-1,-1
315,15,944.97,356.95,25.34,57.65,0.5039,1,-1,-1
315,26,985.39,372.04,22.61,47.80,0.3398,2,-1,-1
315,49,904.20,312.22,19.18,39.62,0.2798,1,-1,-1
315,72,916.61,354.14,20.53,56.17,0.5477,1,-1,-1
315,81,895.55,371.82,22.44,47.61,0.3877,1,-1,-1
315,86,1480.62,361.95,24.00,52.08,0.5059,1,-1,-1
315,88,1867.12,465.46,39.64,47.48,0.4951,10,-1,-1
315,14,1026.68,367.92,22.09,51.89,0.1733,1,-1,-1
316,0,1387.73,355.94,27.00,56.68,0.6834,1,-1,-1
316,2,1873.92,455.01,35.23,52.71,0.5974,2,-1,-1
316,15,947.20,356.29,25.03,56.99,0.5955,1,-1,-1
316,26,988.60,371.84,22.42,47.72,0.4912,1,-1,-1
316,49,906.54,312.60,18.96,39.08,0.4206,1,-1,-1
316,72,918.86,354.07,20.11,55.43,0.5458,1,-1,-1
316,81,898.38,372.20,21.99,46.22,0.3346,2,-1,-1
316,86,1485.94,361.58,24.14,53.26,0.4446,1,-1,-1
316,88,1869.52,465.24,45.18,54.34,0.3877,10,-1,-1
317,0,1390.71,356.78,25.92,54.25,0.6951,1,-1,-1
317,2,1877.94,455.26,34.69,52.25,0.6270,2,-1,-1
317,15,949.07,355.96,25.49,57.90,0.5419,1,-1,-1
317,26,991.16,371.90,22.67,48.19,0.5293,1,-1,-1
317,49,908.51,312.75,19.81,40.77,0.4727,1,-1,-1
317,72,920.57,354.44,20.39,56.31,0.5804,1,-1,-1
317,81,899.86,372.30,22.14,46.06,0.2254,2,-1,-1
317,86,1491.45,361.34,24.68,55.33,0.5448,1,-1,-1
317,88,1873.52,466.72,43.08,52.21,0.4417,10,-1,-1
318,0,1392.32,355.88,26.76,56.07,0.6783,1,-1,-1
318,2,1880.51,455.80,34.57,52.29,0.6451,2,-1,-1
318,15,951.47,356.66,25.29,57.64,0.6361,1,-1,-1
318,26,992.85,372.07,22.60,47.87,0.6397,1,-1,-1
318,49,910.94,313.31,19.96,40.78,0.5127,1,-1,-1
318,72,922.48,354.50,20.82,57.29,0.5631,1,-1,-1
318,81,901.77,372.07,22.85,47.63,0.3951,1,-1,-1
318,86,1496.88,361.47,25.39,57.97,0.5708,1,-1,-1
318,88,1876.83,467.42,42.57,52.11,0.3320,10,-1,-1
318,14,1035.47,369.13,20.04,47.13,0.6105,1,-1,-1
319,0,1394.86,356.41,26.13,54.66,0.6379,1,-1,-1
319,2,1883.46,456.22,34.37,51.86,0.6540,2,-1,-1
319,15,953.71,356.76,25.21,57.44,0.5574,1,-1,-1
319,26,994.97,372.24,22.51,47.72,0.6307,1,-1,-1
319,49,913.03,313.28,19.55,40.07,0.5448,1,-1,-1
319,72,925.04,354.47,20.85,57.47,0.4766,1,-1,-1
319,81,904.33,371.74,22.51,47.15,0.5010,1,-1,-1
319,86,1504.14,361.54,23.27,53.93,0.5804,1,-1,-1
319,88,1881.17,466.45,40.08,49.29,0.3090,10,-1,-1
319,14,1038.08,369.65,19.91,46.85,0.6325,1,-1,-1
320,0,1397.15,355.57,27.02,56.85,0.6628,1,-1,-1
320,2,1885.99,456.90,33.74,50.88,0.6505,2,-1,-1
320,15,955.98,357.19,24.95,56.74,0.5185,1,-1,-1
320,26,997.18,372.43,22.32,47.53,0.4815,1,-1,-1
320,49,915.11,312.60,19.52,40.17,0.4649,1,-1,-1
320,72,927.84,354.70,19.92,54.83,0.4717,1,-1,-1
320,81,906.88,371.97,21.55,44.97,0.2674,2,-1,-1
320,86,1509.57,361.29,23.04,54.04,0.5010,1,-1,-1
320,88,1882.72,465.11,40.29,50.23,0.2720,10,-1,-1
320,14,1040.62,369.73,19.99,47.11,0.5429,1,-1,-1
321,0,1399.35,355.85,26.71,56.58,0.6868,1,-1,-1
321,2,1889.57,457.16,32.59,49.78,0.6885,2,-1,-1
321,15,958.48,357.17,24.27,55.40,0.6142,1,-1,-1
321,26,998.96,371.97,22.36,47.74,0.5293,1,-1,-1
321,49,917.07,313.02,18.77,39.04,0.4026,1,-1,-1
321,72,930.20,355.03,19.04,52.59,0.4600,1,-1,-1
321,81,909.27,372.11,20.98,43.79,0.2870,1,-1,-1
321,86,1516.32,362.91,21.37,50.53,0.1399,1,-1,-1
321,88,1886.42,466.92,35.96,45.02,0.3998,10,-1,-1
321,14,1043.37,369.79,19.89,47.11,0.2227,1,-1,-1
322,0,1401.71,356.07,26.66,56.61,0.7424,1,-1,-1
322,2,1892.15,457.30,31.54,49.20,0.6715,2,-1,-1
322,15,960.31,356.49,24.63,56.17,0.5651,1,-1,-1
322,26,1001.96,371.94,22.45,47.94,0.5964,1,-1,-1
322,49,919.06,312.63,19.33,40.43,0.5302,1,-1,-1
322,72,932.19,355.56,18.59,51.15,0.5244,1,-1,-1
322,81,911.04,371.56,21.46,45.21,0.3757,1,-1,-1
322,86,1522.50,361.97,21.47,51.30,0.1672,1,-1,-1
322,88,1889.02,463.94,35.50,45.59,0.3225,10,-1,-1
322,14,1045.55,369.47,20.04,47.69,0.5458,1,-1,-1
323,0,1403.75,355.32,26.96,57.45,0.7256,1,-1,-1
323,2,1893.96,457.88,30.40,48.56,0.5765,2,-1,-1
323,15,961.97,356.55,24.99,56.85,0.6049,1,-1,-1
323,26,1003.82,371.99,22.66,48.29,0.5641,1,-1,-1
323,49,921.71,312.81,20.26,42.27,0.5651,1,-1,-1
323,72,933.64,355.49,19.34,53.03,0.5879,1,-1,-1
323,81,912.12,371.08,22.20,47.34,0.4301,1,-1,-1
323,88,1891.02,467.36,32.43,42.25,0.1871,10,-1,-1
323,14,1047.38,369.71,19.99,47.47,0.5955,1,-1,-1
324,0,1406.41,355.80,26.11,55.99,0.6645,1,-1,-1
324,2,1895.71,458.65,29.39,48.43,0.3886,2,-1,-1
324,15,964.36,356.65,24.94,56.84,0.6289,1,-1,-1
324,26,1005.27,372.02,22.59,48.00,0.6645,1,-1,-1
324,49,923.56,313.13,20.25,42.55,0.4776,1,-1,-1
324,72,935.45,355.06,20.03,54.90,0.5098,1,-1,-1
324,81,915.06,371.35,21.97,47.53,0.4378,1,-1,-1
324,88,1891.40,464.96,33.59,45.06,0.1128,10,-1,-1
324,14,1049.11,370.14,19.34,46.06,0.6197,1,-1,-1
325,0,1408.13,355.65,26.86,57.91,0.6901,1,-1,-1
325,2,1895.37,459.50,30.03,51.02,0.1500,1,-1,-1
325,15,966.34,356.90,25.10,57.11,0.5361,1,-1,-1
325,26,1006.34,371.88,23.02,48.35,0.5784,1,-1,-1
325,49,925.37,313.14,19.30,40.62,0.4873,1,-1,-1
325,72,937.64,354.73,20.47,56.31,0.5332,1,-1,-1
325,81,917.72,371.87,21.59,47.19,0.5293,1,-1,-1
325,14,1050.61,370.33,19.67,46.85,0.5689,1,-1,-1
326,0,1409.82,355.16,27.25,59.11,0.6783,1,-1,-1
326,2,1897.19,459.26,29.22,51.79,0.2075,1,-1,-1
326,15,968.14,357.23,24.97,56.69,0.4932,1,-1,-1
326,26,1008.38,372.31,23.16,48.62,0.5273,1,-1,-1
326,49,927.21,312.08,19.06,40.14,0.3720,1,-1,-1
326,72,939.62,354.85,19.94,54.82,0.5195,1,-1,-1
326,81,919.62,372.11,20.97,46.20,0.4766,1,-1,-1
326,14,1052.38,370.43,19.85,47.37,0.4883,1,-1,-1
327,0,1411.64,355.81,26.50,57.93,0.6885,1,-1,-1
327,15,970.26,357.48,24.36,55.30,0.5612,1,-1,-1
327,26,1009.80,372.13,23.00,48.28,0.4542,1,-1,-1
327,49,928.48,312.21,18.96,40.17,0.3398,1,-1,-1
327,72,940.76,354.69,19.93,54.81,0.5487,1,-1,-1
327,81,921.05,372.23,20.53,45.44,0.3234,1,-1,-1
327,14,1053.69,370.44,19.92,47.68,0.2344,1,-1,-1
328,0,1413.47,356.75,25.74,56.63,0.7241,1,-1,-1
328,15,971.59,357.04,24.08,54.88,0.5651,1,-1,-1
328,26,1012.04,372.03,22.71,47.84,0.3886,1,-1,-1
328,49,930.31,312.50,18.11,38.39,0.2999,1,-1,-1
328,72,942.95,354.87,18.99,52.53,0.4707,1,-1,-1
328,81,923.07,372.50,19.10,42.31,0.2121,1,-1,-1
328,14,1056.01,370.40,19.73,47.21,0.1471,1,-1,-1
329,0,1415.04,357.15,25.61,56.51,0.7017,1,-1,-1
329,15,973.06,356.24,24.25,55.18,0.5409,1,-1,-1
329,26,1014.55,371.59,22.73,48.13,0.6234,1,-1,-1
329,49,931.64,312.61,18.50,39.36,0.4912,1,-1,-1
329,72,944.50,355.49,18.59,51.39,0.5784,1,-1,-1
329,81,923.98,372.16,18.95,41.99,0.2598,1,-1,-1
329,14,1057.76,369.96,19.38,46.26,0.4785,1,-1,-1
330,0,1416.63,357.16,25.24,55.60,0.6868,1,-1,-1
330,15,974.14,356.17,24.84,56.59,0.5419,1,-1,-1
330,26,1015.68,371.69,22.75,48.18,0.5727,1,-1,-1
330,49,933.17,313.04,19.21,40.86,0.4873,1,-1,-1
330,72,945.58,355.38,18.95,52.08,0.6252,1,-1,-1
330,81,925.25,372.06,19.99,43.85,0.2295,2,-1,-1
330,14,1059.39,369.96,19.64,46.95,0.5917,1,-1,-1
330,91,1422.96,323.99,14.40,31.29,0.5039,1,-1,-1
331,0,1418.12,356.31,25.31,56.15,0.6379,1,-1,-1
331,15,975.54,356.47,24.91,56.81,0.6415,1,-1,-1
331,26,1017.09,372.11,22.54,47.80,0.6289,1,-1,-1
331,49,934.95,313.24,19.80,41.75,0.4844,1,-1,-1
331,72,946.72,354.59,20.14,55.31,0.5879,1,-1,-1
331,81,926.69,372.13,20.96,45.82,0.4017,1,-1,-1
331,14,1060.43,369.68,19.45,46.53,0.6252,1,-1,-1
331,91,1423.92,323.85,14.06,30.56,0.4873,1,-1,-1
332,0,1419.60,355.75,25.34,56.46,0.6487,1,-1,-1
332,15,977.08,356.34,24.88,56.89,0.6234,1,-1,-1
332,26,1018.57,372.49,22.22,47.26,0.6575,1,-1,-1
332,49,936.53,313.52,19.50,40.64,0.4785,1,-1,-1
332,72,948.83,354.30,20.38,55.83,0.5525,1,-1,-1
332,81,928.31,371.90,21.06,45.81,0.3074,1,-1,-1
332,14,1061.54,369.71,19.21,46.01,0.6307,1,-1,-1
332,91,1424.68,323.99,13.90,30.21,0.4513,1,-1,-1
333,0,1421.46,356.49,24.65,54.92,0.6325,1,-1,-1
333,15,978.98,356.27,24.85,56.85,0.6451,1,-1,-1
333,26,1020.11,372.40,22.41,47.68,0.6379,1,-1,-1
333,49,937.85,313.54,19.47,40.31,0.5176,1,-1,-1
333,72,950.14,354.24,20.17,54.92,0.6142,1,-1,-1
333,81,930.22,371.49,20.65,44.82,0.3166,1,-1,-1
333,14,1062.74,370.04,19.38,46.15,0.5205,1,-1,-1
333,91,1425.25,323.39,13.77,29.95,0.4737,1,-1,-1
334,0,1422.94,356.14,24.63,54.98,0.6270,1,-1,-1
334,15,980.32,356.38,25.04,57.18,0.6049,1,-1,-1
334,26,1021.15,372.15,22.76,48.48,0.5746,1,-1,-1
334,49,939.61,313.39,20.02,40.88,0.3495,1,-1,-1
334,72,951.22,354.53,20.25,54.85,0.6307,1,-1,-1
334,81,931.74,371.47,20.90,45.23,0.4102,1,-1,-1
334,14,1063.82,370.02,20.08,47.52,0.2798,1,-1,-1
334,91,1425.92,323.45,13.75,29.96,0.4417,1,-1,-1
334,92,1581.18,367.62,19.98,54.08,0.5699,1,-1,-1
335,0,1424.61,357.14,24.03,53.82,0.7033,1,-1,-1
335,15,981.57,356.64,25.05,57.30,0.6179,1,-1,-1
335,26,1021.99,372.02,22.84,48.63,0.4513,1,-1,-1
335,49,940.16,312.81,21.11,43.12,0.3757,1,-1,-1
335,72,952.27,354.84,20.04,54.14,0.6067,1,-1,-1
335,81,932.77,371.73,21.11,45.80,0.3766,1,-1,-1
335,14,1065.17,369.94,20.52,48.44,0.1136,1,-1,-1
335,91,1426.46,323.38,13.91,30.33,0.4873,1,-1,-1
335,92,1585.53,366.75,20.47,55.46,0.6067,1,-1,-1
336,0,1426.19,357.79,23.32,52.36,0.6901,1,-1,-1
336,15,982.58,356.46,24.91,57.44,0.6270,1,-1,-1
336,26,1023.17,371.85,22.74,48.62,0.4552,1,-1,-1
336,49,941.46,312.63,21.17,43.10,0.3812,1,-1,-1
336,72,953.90,355.62,19.47,52.67,0.5273,1,-1,-1
336,81,933.62,371.50,20.97,45.70,0.3877,1,-1,-1
336,91,1427.31,323.17,13.82,30.12,0.5400,1,-1,-1
336,92,1590.05,366.19,21.07,57.13,0.5429,1,-1,-1
337,0,1427.47,358.12,23.32,52.41,0.7162,1,-1,-1
337,15,983.71,356.14,24.76,57.37,0.6105,1,-1,-1
337,26,1025.58,371.58,22.93,49.31,0.5176,1,-1,-1
337,49,942.42,312.81,21.22,42.97,0.3933,1,-1,-1
337,72,955.14,355.48,19.29,52.28,0.5765,1,-1,-1
337,81,934.37,371.27,21.08,46.00,0.2705,1,-1,-1
337,91,1427.81,323.24,14.52,31.83,0.4359,1,-1,-1
337,92,1595.57,366.17,21.25,57.67,0.6086,1,-1,-1
338,0,1428.51,358.00,23.59,53.02,0.6645,1,-1,-1
338,15,985.18,356.13,24.66,57.03,0.6215,1,-1,-1
338,26,1027.28,371.52,22.96,49.63,0.6316,1,-1,-1
338,49,943.52,312.97,21.53,43.43,0.4727,1,-1,-1
338,72,956.30,355.07,19.51,52.85,0.6575,1,-1,-1
338,81,935.34,370.79,21.38,46.92,0.3961,1,-1,-1
338,91,1428.85,323.24,14.07,30.99,0.3495,1,-1,-1
338,92,1600.55,366.74,21.20,57.49,0.6067,1,-1,-1
339,0,1429.77,357.67,23.75,53.47,0.6663,1,-1,-1
339,15,986.00,356.18,24.90,57.36,0.6343,1,-1,-1
339,26,1028.12,371.55,23.07,50.05,0.6095,1,-1,-1
339,49,944.98,313.12,22.53,44.91,0.5224,1,-1,-1
339,72,957.10,354.88,19.95,53.96,0.6361,1,-1,-1
339,81,936.71,370.87,21.41,47.42,0.4436,1,-1,-1
339,91,1430.20,323.34,13.85,30.69,0.2101,1,-1,-1
339,92,1604.92,366.02,21.94,59.51,0.6645,1,-1,-1
339,14,1070.92,369.33,20.51,48.40,0.4571,1,-1,-1
340,0,1431.46,357.75,23.38,52.74,0.6505,1,-1,-1
340,15,987.29,356.28,25.11,58.07,0.6593,1,-1,-1
340,26,1028.78,371.91,22.87,49.55,0.6243,1,-1,-1
340,49,945.91,313.03,23.07,45.65,0.5593,1,-1,-1
340,72,957.80,354.55,20.79,56.13,0.6307,1,-1,-1
340,81,937.49,371.27,22.58,50.19,0.5727,1,-1,-1
340,91,1431.29,322.97,13.57,30.20,0.1678,1,-1,-1
340,92,1609.27,366.41,21.67,58.87,0.6671,1,-1,-1
340,14,1071.79,369.36,20.25,47.87,0.4659,1,-1,-1
341,0,1433.01,358.25,23.08,52.29,0.6160,1,-1,-1
341,15,988.48,356.17,24.83,57.66,0.6783,1,-1,-1
341,26,1029.68,371.86,22.62,49.24,0.6514,1,-1,-1
341,49,946.84,313.08,23.19,45.75,0.5879,1,-1,-1
341,72,958.89,354.55,21.11,57.02,0.5765,1,-1,-1
341,81,938.64,371.35,22.23,49.49,0.5146,1,-1,-1
341,91,1431.81,322.78,13.78,30.92,0.1476,1,-1,-1
341,92,1613.60,366.95,21.96,59.88,0.6206,1,-1,-1
341,14,1072.44,368.26,19.92,47.01,0.4513,1,-1,-1
342,0,1433.65,357.87,23.71,53.60,0.6049,1,-1,-1
342,15,989.87,356.29,24.51,57.08,0.6628,1,-1,-1
342,26,1030.65,371.73,22.39,48.91,0.6234,1,-1,-1
342,49,947.60,312.83,22.43,43.96,0.5448,1,-1,-1
342,72,959.93,354.29,21.02,56.89,0.6160,1,-1,-1
342,81,939.94,371.34,21.79,48.27,0.4873,1,-1,-1
342,91,1432.27,322.51,13.57,30.64,0.1968,1,-1,-1
342,92,1618.16,367.98,21.86,59.66,0.6749,1,-1,-1
342,14,1072.88,367.73,19.99,47.16,0.4340,1,-1,-1
343,0,1434.27,357.74,23.98,53.99,0.5746,1,-1,-1
343,15,991.00,356.30,24.43,57.04,0.6817,1,-1,-1
343,26,1030.89,371.96,22.73,49.47,0.6514,1,-1,-1
343,49,947.88,312.75,21.53,42.08,0.5467,1,-1,-1
343,72,960.66,354.20,20.90,56.16,0.6325,1,-1,-1
343,81,940.64,371.24,21.67,47.78,0.4844,1,-1,-1
343,91,1432.36,322.34,13.33,30.17,0.2494,1,-1,-1
343,92,1622.19,368.51,21.72,59.41,0.6800,1,-1,-1
343,14,1073.47,367.43,20.12,47.52,0.4475,1,-1,-1
344,0,1434.42,357.41,24.27,54.44,0.5631,1,-1,-1
344,15,991.12,356.13,24.86,58.12,0.6817,1,-1,-1
344,26,1031.23,372.07,22.85,49.56,0.6442,1,-1,-1
344,49,948.01,312.78,21.08,41.11,0.5467,1,-1,-1
344,72,960.76,353.99,21.11,56.36,0.6325,1,-1,-1
344,81,941.07,371.11,21.64,47.40,0.4282,1,-1,-1
344,91,1432.22,322.46,13.12,29.57,0.3191,1,-1,-1
344,92,1625.73,368.47,22.03,60.02,0.4678,1,-1,-1
344,14,1074.53,369.23,19.96,47.16,0.4591,1,-1,-1
345,0,1434.48,356.96,24.46,54.70,0.5467,1,-1,-1
345,15,991.27,356.03,25.01,58.56,0.6851,1,-1,-1
345,26,1031.55,372.12,22.95,49.64,0.6334,1,-1,-1
345,49,948.18,312.78,20.91,40.59,0.5380,1,-1,-1
345,72,960.75,353.78,21.42,56.86,0.6379,1,-1,-1
345,81,942.12,370.97,21.82,48.06,0.4301,1,-1,-1
345,91,1431.81,322.49,13.08,29.31,0.2999,1,-1,-1
345,92,1629.00,368.24,22.48,61.13,0.5370,1,-1,-1
345,14,1074.39,367.82,20.27,48.10,0.4187,1,-1,-1
346,0,1434.65,357.10,24.36,54.31,0.5361,1,-1,-1
346,15,991.22,355.93,25.07,58.77,0.6800,1,-1,-1
346,26,1031.70,372.20,23.08,49.89,0.6584,1,-1,-1
346,49,948.09,312.67,20.89,40.43,0.5554,1,-1,-1
346,72,960.88,353.61,21.56,56.97,0.6415,1,-1,-1
346,81,942.26,371.29,21.41,47.12,0.4273,1,-1,-1
346,91,1431.11,322.69,13.02,29.14,0.4130,1,-1,-1
346,92,1631.88,369.62,22.17,60.10,0.7098,1,-1,-1
346,14,1074.40,367.48,20.27,48.26,0.4054,1,-1,-1
347,0,1434.76,357.41,24.12,53.57,0.4873,1,-1,-1
347,15,991.24,355.91,25.04,58.74,0.6868,1,-1,-1
347,26,1031.71,372.25,23.11,49.85,0.6619,1,-1,-1
347,49,948.13,312.62,20.81,40.09,0.5477,1,-1,-1
347,72,960.89,353.63,21.60,56.78,0.6451,1,-1,-1
347,81,942.27,371.35,21.10,46.39,0.3895,1,-1,-1
347,91,1431.81,322.48,13.43,29.73,0.1027,1,-1,-1
347,92,1635.21,371.08,21.50,58.02,0.6270,1,-1,-1
347,14,1074.44,367.17,20.19,48.22,0.3757,1,-1,-1
348,0,1435.05,358.11,24.03,53.17,0.4504,1,-1,-1
348,15,991.58,356.20,24.38,57.29,0.6749,1,-1,-1
348,26,1032.06,372.37,22.76,48.95,0.6619,1,-1,-1
348,49,947.88,312.29,20.20,38.80,0.5195,1,-1,-1
348,72,960.78,353.64,21.54,56.41,0.6593,1,-1,-1
348,81,941.99,370.95,20.65,45.38,0.4149,1,-1,-1
348,92,1638.29,370.08,22.26,59.94,0.5098,1,-1,-1
348,14,1074.91,368.53,19.83,47.44,0.5631,1,-1,-1
349,0,1435.03,358.48,24.01,52.81,0.4805,1,-1,-1
349,15,991.68,356.29,24.12,56.74,0.6749,1,-1,-1
349,26,1032.17,372.45,22.64,48.53,0.6584,1,-1,-1
349,49,947.73,312.14,20.14,38.56,0.5234,1,-1,-1
349,72,960.66,353.60,21.58,56.31,0.6593,1,-1,-1
349,81,941.80,370.84,20.52,45.05,0.4083,1,-1,-1
349,92,1640.89,368.74,22.92,61.33,0.6540,1,-1,-1
349,14,1075.07,369.08,19.67,47.14,0.5574,1,-1,-1
350,0,1434.93,358.78,23.95,52.39,0.4717,1,-1,-1
350,15,991.15,356.23,24.38,57.42,0.6766,1,-1,-1
350,26,1032.15,372.38,22.69,48.51,0.6549,1,-1,-1
350,49,947.59,312.07,20.19,38.53,0.5117,1,-1,-1
350,72,960.54,353.56,21.64,56.31,0.6593,1,-1,-1
350,81,941.67,370.75,20.52,44.99,0.4225,1,-1,-1
350,92,1644.39,369.88,22.82,60.23,0.7287,1,-1,-1
350,14,1075.09,369.28,19.59,47.04,0.5651,1,-1,-1
351,0,1434.84,358.88,24.09,52.42,0.4484,1,-1,-1
351,15,990.91,356.19,24.50,57.77,0.6800,1,-1,-1
351,26,1032.03,372.36,22.78,48.51,0.6478,1,-1,-1
351,49,947.26,311.76,21.03,40.16,0.5088,1,-1,-1
351,72,960.46,353.50,21.73,56.34,0.6628,1,-1,-1
351,81,941.79,370.77,20.53,44.92,0.3895,1,-1,-1
351,92,1647.80,369.72,22.62,58.53,0.5156,1,-1,-1
351,14,1075.06,369.16,19.60,47.17,0.5842,1,-1,-1
351,93,1425.20,322.33,14.53,28.49,0.4552,1,-1,-1
352,0,1434.61,358.92,24.23,52.49,0.4378,1,-1,-1
352,15,990.80,356.21,24.49,57.81,0.6800,1,-1,-1
352,26,1032.03,372.38,22.84,48.50,0.6442,1,-1,-1
352,49,947.45,311.98,20.56,39.13,0.5107,1,-1,-1
352,72,960.37,353.56,21.77,56.26,0.6628,1,-1,-1
352,81,941.84,370.79,20.57,44.93,0.3693,1,-1,-1
352,92,1651.29,370.25,22.63,57.73,0.6049,1,-1,-1
352,14,1075.06,369.14,19.54,47.15,0.5860,1,-1,-1
352,93,1424.43,321.94,14.68,28.80,0.4036,1,-1,-1
353,0,1434.17,359.49,25.09,54.33,0.4484,1,-1,-1
353,15,990.77,356.26,24.48,57.79,0.6783,1,-1,-1
353,26,1032.02,372.45,22.84,48.37,0.6370,1,-1,-1
353,49,947.40,312.02,20.27,38.45,0.5078,1,-1,-1
353,72,960.31,353.47,21.85,56.34,0.6575,1,-1,-1
353,81,941.85,370.78,20.59,44.92,0.3730,1,-1,-1
353,92,1654.54,371.87,22.51,56.77,0.7527,1,-1,-1
353,14,1075.04,369.13,19.51,47.17,0.5804,1,-1,-1
353,93,1423.81,321.45,14.87,29.21,0.4292,1,-1,-1
354,0,1434.27,360.06,25.13,54.50,0.4562,1,-1,-1
354,15,990.77,356.25,24.44,57.73,0.6749,1,-1,-1
354,26,1032.01,372.49,22.88,48.32,0.6406,1,-1,-1
354,49,947.27,311.99,20.07,38.00,0.4932,1,-1,-1
354,72,960.22,353.32,21.95,56.48,0.6575,1,-1,-1
354,81,941.89,370.80,20.57,44.82,0.3785,1,-1,-1
354,92,1657.76,372.31,22.86,56.89,0.7098,1,-1,-1
354,14,1075.04,369.12,19.47,47.16,0.5784,1,-1,-1
354,93,1423.43,321.34,14.83,29.20,0.4766,1,-1,-1
355,0,1434.35,360.17,25.14,54.60,0.4824,1,-1,-1
355,15,990.74,356.31,24.37,57.57,0.6715,1,-1,-1
355,26,1032.01,372.19,22.90,48.42,0.6343,1,-1,-1
355,49,947.23,312.03,20.20,38.19,0.4873,1,-1,-1
355,72,960.22,353.30,21.98,56.48,0.6558,1,-1,-1
355,81,941.83,370.73,20.66,44.94,0.3702,1,-1,-1
355,92,1661.26,371.68,23.51,58.11,0.6379,1,-1,-1
355,14,1074.60,367.49,19.53,47.34,0.5660,1,-1,-1
355,93,1422.96,321.63,14.69,29.06,0.4795,1,-1,-1
356,0,1434.46,360.38,25.02,54.39,0.5137,1,-1,-1
356,15,991.25,356.43,23.93,56.57,0.6732,1,-1,-1
356,26,1031.80,372.31,22.95,48.39,0.6298,1,-1,-1
356,49,947.15,312.09,20.26,38.27,0.4795,1,-1,-1
356,72,960.22,353.34,21.99,56.44,0.6522,1,-1,-1
356,81,941.74,370.72,20.73,45.06,0.3794,1,-1,-1
356,92,1664.90,372.14,23.61,58.19,0.6918,1,-1,-1
356,14,1074.40,366.81,19.58,47.51,0.5487,1,-1,-1
356,93,1422.47,322.03,14.43,28.69,0.4639,1,-1,-1
357,0,1434.41,360.41,24.99,54.38,0.5059,1,-1,-1
357,15,990.94,356.39,24.10,56.94,0.6715,1,-1,-1
357,26,1031.73,372.36,22.99,48.37,0.6334,1,-1,-1
357,49,946.95,312.08,20.42,38.66,0.4873,1,-1,-1
357,72,960.25,353.29,22.00,56.46,0.6469,1,-1,-1
357,81,941.77,370.78,20.74,45.01,0.3567,1,-1,-1
357,92,1668.78,371.73,23.72,58.02,0.7454,1,-1,-1
357,14,1074.32,366.56,19.57,47.54,0.5312,1,-1,-1
357,93,1421.88,322.29,14.24,28.41,0.4893,1,-1,-1
358,0,1434.37,359.80,24.36,52.64,0.5370,1,-1,-1
358,15,991.35,356.49,23.75,56.15,0.6732,1,-1,-1
358,26,1032.02,372.12,22.83,48.25,0.6379,1,-1,-1
358,49,946.75,312.09,20.46,38.89,0.4922,1,-1,-1
358,72,960.33,353.37,21.95,56.30,0.6469,1,-1,-1
358,81,941.88,370.83,20.71,44.88,0.3639,1,-1,-1
358,92,1672.29,371.73,23.87,58.36,0.5718,1,-1,-1
358,14,1074.30,366.47,19.50,47.40,0.5312,1,-1,-1
358,93,1421.07,322.45,14.56,29.26,0.4698,1,-1,-1
359,0,1434.30,359.80,24.18,51.92,0.5670,1,-1,-1
359,15,991.44,356.46,23.68,56.01,0.6766,1,-1,-1
359,26,1031.96,372.25,22.89,48.39,0.6352,1,-1,-1
359,49,946.47,311.84,21.61,41.40,0.4980,1,-1,-1
359,72,960.37,353.28,21.98,56.43,0.6505,1,-1,-1
359,81,941.85,370.84,20.77,44.94,0.3693,1,-1,-1
359,92,1676.15,371.36,24.09,59.13,0.6540,1,-1,-1
359,14,1074.24,366.45,19.50,47.45,0.5390,1,-1,-1
359,93,1420.52,322.50,14.63,29.66,0.4273,1,-1,-1
360,0,1434.25,360.28,23.93,51.01,0.5842,1,-1,-1
360,15,990.92,356.17,24.12,57.05,0.6901,1,-1,-1
360,26,1031.84,372.40,22.90,48.38,0.6370,1,-1,-1
360,49,946.46,311.74,21.94,42.34,0.5000,1,-1,-1
360,72,960.45,353.24,22.00,56.48,0.6505,1,-1,-1
360,81,941.74,370.74,20.95,45.25,0.3702,1,-1,-1
360,92,1679.71,370.76,24.46,59.92,0.7066,1,-1,-1
360,14,1074.22,366.45,19.52,47.52,0.5273,1,-1,-1
360,93,1419.93,322.72,14.65,29.99,0.4017,1,-1,-1
361,0,1434.11,360.76,23.79,50.36,0.5993,1,-1,-1
361,15,990.71,356.08,24.29,57.43,0.6868,1,-1,-1
361,26,1031.80,372.47,22.88,48.31,0.6370,1,-1,-1
361,49,946.40,311.68,21.95,42.65,0.4941,1,-1,-1
361,72,960.50,353.25,22.01,56.47,0.6522,1,-1,-1
361,81,941.67,370.71,20.98,45.24,0.3812,1,-1,-1
361,92,1683.05,371.02,24.64,60.17,0.6758,1,-1,-1
361,14,1074.25,366.64,19.45,47.39,0.5448,1,-1,-1
361,93,1418.97,322.56,14.57,30.05,0.3268,1,-1,-1
362,0,1433.84,361.10,23.82,50.09,0.6086,1,-1,-1
362,15,990.61,356.05,24.36,57.55,0.6851,1,-1,-1
362,26,1031.70,372.44,22.90,48.28,0.6334,1,-1,-1
362,49,946.31,311.59,21.89,42.82,0.4756,1,-1,-1
362,72,960.51,353.19,22.10,56.66,0.6522,1,-1,-1
362,81,941.66,370.64,21.02,45.28,0.4026,1,-1,-1
362,92,1686.72,371.65,24.73,60.19,0.6531,1,-1,-1
362,14,1074.28,366.66,19.43,47.35,0.5603,1,-1,-1
362,93,1418.35,322.72,14.39,29.83,0.2790,1,-1,-1
363,0,1433.82,361.76,23.79,49.61,0.6289,1,-1,-1
363,15,990.59,355.66,24.58,57.93,0.6834,1,-1,-1
363,26,1031.94,372.40,23.16,48.74,0.6151,1,-1,-1
363,49,946.63,311.74,20.64,40.27,0.4659,1,-1,-1
363,72,960.25,353.31,22.01,56.28,0.6610,1,-1,-1
363,81,941.70,370.71,20.86,44.81,0.4359,1,-1,-1
363,92,1690.49,371.71,24.72,60.01,0.7178,1,-1,-1
363,14,1075.08,368.58,19.15,46.60,0.4504,1,-1,-1
363,93,1417.51,322.73,14.02,29.34,0.3191,1,-1,-1
364,0,1433.72,362.22,23.76,49.13,0.6142,1,-1,-1
364,15,990.55,355.51,24.72,58.11,0.6800,1,-1,-1
364,26,1031.99,372.34,23.29,48.95,0.6169,1,-1,-1
364,49,946.75,311.77,20.22,39.33,0.4776,1,-1,-1
364,72,960.04,353.31,22.06,56.25,0.6540,1,-1,-1
364,81,941.69,370.72,20.83,44.65,0.4349,1,-1,-1
364,92,1693.57,372.32,24.74,59.56,0.6968,1,-1,-1
364,14,1075.38,369.31,19.04,46.26,0.4523,1,-1,-1
364,93,1417.04,323.19,13.23,27.84,0.5059,1,-1,-1
365,0,1433.70,362.89,23.59,48.30,0.6160,1,-1,-1
365,15,990.50,355.46,24.80,58.15,0.6783,1,-1,-1
365,26,1031.95,372.37,23.31,48.96,0.6151,1,-1,-1
365,49,946.81,311.78,19.96,38.72,0.4620,1,-1,-1
365,72,960.09,353.26,22.07,56.25,0.6558,1,-1,-1
365,81,941.65,370.77,20.83,44.63,0.4513,1,-1,-1
365,92,1697.19,372.07,24.98,59.91,0.6478,1,-1,-1
365,14,1075.47,369.58,19.02,46.18,0.4533,1,-1,-1
365,93,1416.13,323.57,13.18,27.94,0.5955,1,-1,-1
366,0,1433.43,363.32,23.76,48.13,0.6067,1,-1,-1
366,15,990.35,355.43,24.98,58.54,0.6885,1,-1,-1
366,26,1031.58,372.31,23.46,49.22,0.6095,1,-1,-1
366,49,946.75,311.75,20.05,38.81,0.4854,1,-1,-1
366,72,960.06,353.22,22.15,56.42,0.6593,1,-1,-1
366,81,941.59,370.79,20.93,44.77,0.4465,1,-1,-1
366,92,1700.52,372.45,25.20,59.88,0.6935,1,-1,-1
366,14,1075.40,369.78,19.04,46.18,0.4873,1,-1,-1
366,93,1415.39,322.96,13.14,27.97,0.5458,1,-1,-1
367,0,1432.46,363.66,23.94,47.97,0.5804,1,-1,-1
367,15,990.27,355.38,25.01,58.57,0.6817,1,-1,-1
367,26,1031.15,372.25,23.51,49.26,0.6021,1,-1,-1
367,49,946.52,311.86,20.23,39.05,0.5000,1,-1,-1
367,72,960.09,353.18,22.14,56.40,0.6487,1,-1,-1
367,81,941.70,370.89,20.88,44.60,0.4225,1,-1,-1
367,92,1703.62,372.78,25.57,60.24,0.7178,1,-1,-1
367,14,1075.08,369.82,19.03,46.07,0.5332,1,-1,-1
367,93,1414.51,322.71,13.29,28.46,0.5631,1,-1,-1
368,0,1431.02,363.65,24.20,48.03,0.5689,1,-1,-1
368,15,989.61,355.06,25.20,59.14,0.6715,1,-1,-1
368,26,1029.81,371.99,23.89,49.89,0.5889,1,-1,-1
368,49,946.39,311.75,21.94,42.23,0.5448,1,-1,-1
368,72,959.20,352.71,22.48,57.22,0.6361,1,-1,-1
368,81,940.45,371.15,21.60,45.99,0.5107,1,-1,-1
368,92,1706.71,373.79,25.76,59.52,0.7186,1,-1,-1
368,14,1074.30,369.66,19.08,46.07,0.5020,1,-1,-1
368,93,1412.80,321.42,14.07,30.17,0.4321,1,-1,-1
369,0,1428.46,363.02,24.87,48.90,0.6325,1,-1,-1
369,15,988.08,355.36,24.90,58.54,0.6732,1,-1,-1
369,26,1028.42,371.97,23.73,49.52,0.6261,1,-1,-1
369,49,945.47,312.28,22.63,43.08,0.5419,1,-1,-1
369,72,957.21,351.42,23.56,60.47,0.6433,1,-1,-1
369,81,938.02,371.06,22.82,48.98,0.5487,1,-1,-1
369,92,1707.76,373.56,26.39,59.98,0.7326,1,-1,-1
369,14,1072.61,367.83,19.15,45.95,0.4436,1,-1,-1
369,93,1410.17,319.39,14.29,30.35,0.2822,1,-1,-1
370,0,1424.32,363.30,25.50,49.72,0.5879,1,-1,-1
370,15,985.68,354.77,23.66,55.30,0.5137,1,-1,-1
370,26,1026.25,371.40,23.22,48.68,0.3675,1,-1,-1
370,49,942.48,314.36,21.26,40.40,0.3016,1,-1,-1
370,72,955.18,352.28,22.27,57.67,0.5224,1,-1,-1
370,81,936.51,371.61,21.66,46.12,0.1813,2,-1,-1
370,92,1707.26,373.99,26.77,59.54,0.7387,1,-1,-1
371,15,980.29,355.01,23.46,54.25,0.4600,1,-1,-1
371,26,1020.30,371.04,23.55,49.24,0.4552,1,-1,-1
371,92,1703.34,373.91,26.61,58.88,0.7287,1,-1,-1
372,92,1696.20,374.11,26.66,58.39,0.6935,1,-1,-1
379,99,1030.43,266.13,117.59,39.08,0.5458,4,-1,-1
380,99,1014.49,267.40,122.36,40.71,0.5775,4,-1,-1
381,99,994.39,266.72,124.74,41.59,0.5516,4,-1,-1
382,99,976.66,265.55,128.05,42.81,0.5679,4,-1,-1
383,99,967.31,267.03,121.48,40.71,0.5946,4,-1,-1
384,99,946.14,266.81,123.16,41.35,0.4932,4,-1,-1
385,99,929.92,265.95,125.45,42.29,0.6114,4,-1,-1
386,99,920.02,266.47,119.35,40.25,0.4054,4,-1,-1
387,99,903.90,266.27,121.13,41.14,0.5660,4,-1,-1
388,99,888.60,265.70,120.10,41.16,0.4149,4,-1,-1
389,99,873.44,266.49,119.03,40.84,0.6860,4,-1,-1
390,99,860.57,266.10,115.45,39.81,0.4426,4,-1,-1
391,99,844.48,266.47,119.11,41.24,0.5631,4,-1,-1
392,99,831.23,267.31,115.15,39.85,0.4815,4,-1,-1
393,99,816.99,267.60,115.33,40.06,0.4064,4,-1,-1
394,99,800.69,267.07,118.04,41.02,0.5127,4,-1,-1
395,99,787.31,267.00,116.43,40.54,0.5756,4,-1,-1
396,99,774.57,266.79,117.50,41.02,0.5756,4,-1,-1
397,99,765.53,266.24,111.55,39.13,0.3166,4,-1,-1
398,99,752.46,266.57,115.58,40.87,0.5244,4,-1,-1
398,106,1343.98,370.12,24.29,51.68,0.5879,1,-1,-1
399,99,753.47,265.52,110.82,39.90,0.5283,4,-1,-1
399,106,1339.87,369.63,24.91,53.06,0.6325,1,-1,-1
399,107,1443.32,427.79,29.28,43.10,0.6593,2,-1,-1
400,99,743.74,265.85,112.11,40.64,0.1019,4,-1,-1
400,106,1336.24,370.25,24.78,52.84,0.6697,1,-1,-1
400,107,1438.66,428.22,29.75,43.84,0.6049,2,-1,-1
400,108,1559.33,498.38,46.34,96.55,0.6910,1,-1,-1
401,106,1334.55,369.41,25.22,53.93,0.7130,1,-1,-1
401,107,1433.89,428.13,30.72,45.35,0.6901,2,-1,-1
401,108,1556.39,497.92,45.83,95.53,0.7491,1,-1,-1
401,109,633.29,372.88,22.98,49.57,0.5746,1,-1,-1
401,110,569.56,341.92,17.85,48.15,0.5273,1,-1,-1
402,106,1334.25,369.10,25.33,54.30,0.7066,1,-1,-1
402,107,1431.25,427.81,30.02,44.44,0.6749,2,-1,-1
402,108,1548.89,497.21,45.95,95.47,0.6549,1,-1,-1
402,109,631.65,372.83,22.91,49.43,0.4073,1,-1,-1
402,110,569.15,341.79,17.80,48.12,0.5254,1,-1,-1
402,112,1469.53,351.11,20.44,41.36,0.5936,1,-1,-1
402,114,974.13,316.36,12.36,29.29,0.4746,1,-1,-1
403,106,1334.90,369.05,25.40,54.66,0.7033,1,-1,-1
403,107,1429.12,427.82,29.76,44.09,0.6558,2,-1,-1
403,108,1544.72,497.49,46.14,95.51,0.6602,1,-1,-1
403,109,630.15,373.20,22.63,48.86,0.5708,1,-1,-1
403,110,568.45,341.97,17.70,47.97,0.5351,1,-1,-1
403,112,1467.64,350.44,20.84,42.11,0.6415,1,-1,-1
403,114,972.36,315.91,13.21,31.24,0.5263,1,-1,-1
403,115,584.99,360.13,25.88,57.69,0.5273,1,-1,-1
404,106,1335.96,369.71,25.06,54.06,0.6732,1,-1,-1
404,107,1428.07,427.74,29.97,44.47,0.6415,2,-1,-1
404,108,1542.72,497.41,45.93,94.84,0.7233,1,-1,-1
404,109,628.65,373.35,22.53,48.69,0.5448,1,-1,-1
404,110,568.03,342.06,17.50,47.48,0.5332,1,-1,-1
404,112,1466.02,350.26,21.04,42.32,0.6243,1,-1,-1
404,114,971.92,316.44,12.92,30.49,0.5631,1,-1,-1
404,115,584.53,359.95,25.73,57.49,0.4980,1,-1,-1
405,106,1337.64,368.62,25.38,54.86,0.6680,1,-1,-1
405,107,1427.41,427.61,30.50,45.37,0.6307,2,-1,-1
405,108,1541.89,497.55,45.37,93.34,0.7491,1,-1,-1
405,109,627.69,373.33,23.03,49.89,0.6105,1,-1,-1
405,110,568.18,342.35,17.27,47.01,0.5185,1,-1,-1
405,112,1464.74,350.20,21.46,43.01,0.5983,1,-1,-1
405,114,971.26,317.05,12.65,29.81,0.5224,1,-1,-1
405,115,584.07,360.24,24.96,56.00,0.5020,1,-1,-1
406,106,1339.33,368.20,25.84,56.08,0.7017,1,-1,-1
406,107,1426.73,427.44,30.64,45.66,0.6307,2,-1,-1
406,108,1540.62,497.70,45.54,93.52,0.7341,1,-1,-1
406,109,626.71,373.15,23.10,50.11,0.6234,1,-1,-1
406,110,568.12,342.50,17.16,46.77,0.5293,1,-1,-1
406,112,1462.89,349.66,21.51,43.14,0.5898,1,-1,-1
406,114,970.60,317.82,12.79,30.09,0.5215,1,-1,-1
406,115,583.01,360.18,24.92,56.18,0.5244,1,-1,-1
407,106,1340.59,368.12,26.08,56.83,0.7130,1,-1,-1
407,107,1425.91,427.44,30.56,45.62,0.6252,2,-1,-1
407,108,1539.61,497.86,45.78,94.01,0.7564,1,-1,-1
407,109,625.92,372.94,23.56,51.25,0.6505,1,-1,-1
407,110,568.02,342.55,16.98,46.35,0.4902,1,-1,-1
407,112,1461.28,349.53,21.12,42.71,0.6469,1,-1,-1
407,114,970.09,317.44,12.97,30.44,0.5059,1,-1,-1
407,115,581.69,360.06,24.99,56.69,0.5419,1,-1,-1
407,117,549.03,359.37,21.37,56.63,0.5234,1,-1,-1
408,106,1341.39,368.74,26.64,58.28,0.6885,1,-1,-1
408,107,1425.48,427.68,30.06,44.95,0.5936,2,-1,-1
408,108,1538.65,497.69,45.66,93.79,0.7800,1,-1,-1
408,109,625.45,373.25,23.82,52.10,0.6671,1,-1,-1
408,110,568.25,342.15,16.78,45.94,0.4321,1,-1,-1
408,112,1459.99,348.29,21.07,43.19,0.6834,1,-1,-1
408,114,969.44,317.38,13.04,30.39,0.5176,1,-1,-1
408,115,580.82,361.00,24.77,56.55,0.5631,1,-1,-1
408,117,548.33,359.69,20.92,55.45,0.5804,1,-1,-1
409,106,1342.07,369.83,27.40,60.20,0.6783,1,-1,-1
409,107,1424.97,427.81,30.00,44.93,0.5784,2,-1,-1
409,108,1537.74,497.22,45.57,93.85,0.7122,1,-1,-1
409,109,624.86,373.43,23.64,52.01,0.6775,1,-1,-1
409,110,568.53,341.91,16.67,45.76,0.4263,1,-1,-1
409,112,1459.30,348.03,21.06,43.62,0.6433,1,-1,-1
409,114,968.11,317.05,12.91,30.07,0.4854,1,-1,-1
409,115,580.17,361.63,24.68,56.70,0.5689,1,-1,-1
409,117,547.53,359.74,20.94,55.51,0.5612,1,-1,-1
410,106,1343.96,370.34,27.59,60.44,0.6343,1,-1,-1
410,107,1424.00,427.77,30.09,45.02,0.5593,2,-1,-1
410,108,1536.53,496.73,46.04,95.08,0.7090,1,-1,-1
410,109,624.45,373.44,23.45,51.89,0.6758,1,-1,-1
410,110,568.84,341.98,16.70,45.93,0.4111,1,-1,-1
410,112,1458.06,347.50,21.17,44.23,0.5993,1,-1,-1
410,114,967.61,317.75,12.39,28.80,0.4292,1,-1,-1
410,115,579.65,362.14,24.57,56.84,0.5574,1,-1,-1
410,117,546.74,359.78,21.03,55.79,0.6179,1,-1,-1
411,106,1346.86,371.61,27.92,60.62,0.6280,1,-1,-1
411,107,1422.86,427.42,30.22,45.29,0.6352,2,-1,-1
411,108,1535.27,496.31,45.80,95.17,0.6654,1,-1,-1
411,109,624.21,373.37,23.45,52.19,0.6740,1,-1,-1
411,110,569.07,341.98,16.64,45.91,0.3657,1,-1,-1
411,112,1457.31,347.82,20.78,43.79,0.6215,1,-1,-1
411,114,967.33,318.35,12.12,28.05,0.4026,1,-1,-1
411,115,579.80,363.09,24.04,56.04,0.5593,1,-1,-1
411,117,546.38,359.79,21.12,56.05,0.6361,1,-1,-1
411,120,525.83,377.39,23.48,49.51,0.5117,1,-1,-1
412,106,1350.07,373.04,28.14,60.54,0.5039,1,-1,-1
412,107,1422.35,427.18,30.28,45.47,0.6478,2,-1,-1
412,108,1534.21,496.31,45.87,96.14,0.6943,1,-1,-1
412,109,623.94,373.28,23.56,52.82,0.6758,1,-1,-1
412,110,569.19,341.96,16.95,46.88,0.3495,1,-1,-1
412,112,1456.52,347.98,20.30,42.99,0.5254,1,-1,-1
412,114,965.07,317.72,12.98,30.13,0.4513,1,-1,-1
412,115,580.36,364.76,23.18,54.41,0.5784,1,-1,-1
412,117,545.98,359.81,21.21,56.35,0.6487,1,-1,-1
412,120,525.25,377.59,23.88,50.41,0.5341,1,-1,-1
413,106,1351.56,371.41,28.04,60.43,0.5554,1,-1,-1
413,107,1422.11,427.09,30.20,45.51,0.6478,2,-1,-1
413,108,1533.65,495.98,45.18,95.54,0.7154,1,-1,-1
413,109,623.79,373.19,23.70,53.38,0.6843,1,-1,-1
413,110,569.63,342.03,16.54,45.91,0.2910,1,-1,-1
413,112,1455.03,347.45,20.42,43.19,0.5631,1,-1,-1
413,114,964.29,317.65,13.35,31.05,0.4552,1,-1,-1
413,115,579.79,364.75,23.24,54.73,0.5302,1,-1,-1
413,117,545.57,359.72,21.42,56.91,0.6433,1,-1,-1
413,120,525.02,377.58,23.91,50.54,0.5400,1,-1,-1
414,106,1352.06,368.07,28.80,62.62,0.5898,1,-1,-1
414,107,1421.91,427.01,30.22,45.76,0.6188,2,-1,-1
414,108,1533.31,495.48,45.47,97.19,0.7564,1,-1,-1
414,109,623.51,373.09,23.84,53.88,0.6910,1,-1,-1
414,110,570.75,341.76,16.37,45.45,0.2553,1,-1,-1
414,112,1454.30,347.25,20.32,43.18,0.5332,1,-1,-1
414,114,964.05,317.66,13.50,31.45,0.4688,1,-1,-1
414,115,579.65,365.31,22.97,54.20,0.5361,1,-1,-1
414,117,544.97,359.56,21.63,57.44,0.6610,1,-1,-1
414,120,524.56,377.49,23.85,50.58,0.5438,1,-1,-1
415,106,1352.12,366.52,29.36,64.57,0.6379,1,-1,-1
415,107,1422.55,427.15,30.38,46.01,0.6680,2,-1,-1
415,108,1532.42,495.49,44.72,96.46,0.7592,1,-1,-1
415,109,623.05,373.34,23.31,52.57,0.6671,1,-1,-1
415,110,571.68,342.05,16.92,46.45,0.2075,1,-1,-1
415,112,1453.27,348.11,19.83,42.17,0.5302,1,-1,-1
415,114,964.37,318.16,12.65,29.51,0.4971,1,-1,-1
415,115,578.20,364.05,23.23,54.73,0.4292,1,-1,-1
415,117,544.11,359.45,21.75,57.66,0.5917,1,-1,-1
415,120,524.04,377.20,23.40,49.71,0.5477,1,-1,-1
416,106,1352.58,366.07,26.44,58.31,0.5917,1,-1,-1
416,107,1420.07,427.14,31.10,47.40,0.6715,2,-1,-1
416,108,1529.14,494.98,43.62,94.76,0.7520,1,-1,-1
416,109,620.41,373.78,22.52,50.89,0.6151,1,-1,-1
416,112,1449.81,347.08,20.08,43.05,0.5898,1,-1,-1
416,114,963.24,317.75,11.44,25.96,0.1334,1,-1,-1
416,115,573.68,361.84,24.49,57.17,0.5127,1,-1,-1
416,117,542.63,358.95,21.17,55.88,0.5078,1,-1,-1
416,120,520.47,377.23,23.03,48.72,0.1968,1,-1,-1
416,122,665.13,371.22,19.22,46.27,0.5059,1,-1,-1
417,107,1415.79,427.15,30.28,46.53,0.5361,2,-1,-1
417,108,1522.98,493.20,42.40,92.46,0.7447,1,-1,-1
417,109,614.39,373.67,22.52,50.92,0.4990,1,-1,-1
417,115,571.99,365.37,21.59,50.66,0.2894,1,-1,-1
417,120,515.49,377.15,22.26,46.68,0.1034,1,-1,-1
418,107,1406.40,426.43,31.75,48.76,0.4678,2,-1,-1
418,108,1514.43,491.66,41.56,90.57,0.6689,1,-1,-1
419,107,1396.67,426.39,31.56,48.51,0.4951,2,-1,-1
419,108,1502.42,489.61,40.79,89.64,0.5603,1,-1,-1
420,107,1386.02,425.52,30.93,47.62,0.5516,2,-1,-1
420,108,1490.87,487.68,40.44,89.49,0.5964,1,-1,-1
421,107,1375.83,425.23,30.79,47.70,0.5993,2,-1,-1
421,108,1480.42,485.50,41.02,90.71,0.6809,1,-1,-1
422,107,1367.52,424.88,29.77,46.46,0.5974,2,-1,-1
422,108,1470.46,485.08,40.89,89.86,0.6860,1,-1,-1
423,107,1361.35,424.42,29.30,46.20,0.6252,2,-1,-1
423,108,1462.34,484.84,41.17,89.80,0.7009,1,-1,-1
423,115,559.71,374.06,21.75,50.14,0.4912,1,-1,-1
424,107,1357.03,424.58,28.67,45.34,0.5898,2,-1,-1
424,108,1454.95,483.79,41.71,90.11,0.7130,1,-1,-1
424,130,1379.17,348.11,17.36,37.46,0.5535,1,-1,-1
424,115,557.01,374.86,22.29,50.15,0.4805,1,-1,-1
424,120,504.41,357.09,26.55,55.47,0.5127,1,-1,-1
425,107,1354.02,424.53,28.62,45.43,0.5993,2,-1,-1
425,108,1450.55,483.40,42.42,90.55,0.7303,1,-1,-1
425,130,1376.29,348.16,17.46,37.71,0.6343,1,-1,-1
425,115,553.68,374.86,22.87,50.88,0.4795,1,-1,-1
425,131,474.30,360.23,22.54,56.85,0.6610,1,-1,-1
425,120,500.70,349.32,31.45,67.09,0.5860,1,-1,-1
426,107,1352.70,424.46,28.37,45.14,0.5784,2,-1,-1
426,108,1447.48,483.47,43.29,91.55,0.7621,1,-1,-1
426,130,1373.83,348.05,17.12,36.99,0.6918,1,-1,-1
426,115,551.85,374.78,23.10,51.06,0.5955,1,-1,-1
426,131,472.97,360.27,22.46,56.71,0.6433,1,-1,-1
426,120,500.33,352.04,30.78,66.16,0.5400,1,-1,-1
426,132,451.60,379.56,23.05,46.28,0.5195,1,-1,-1
427,107,1352.14,424.27,28.41,45.23,0.5804,2,-1,-1
427,108,1446.03,483.62,43.93,92.12,0.8032,1,-1,-1
427,130,1372.08,347.66,17.02,36.83,0.6628,1,-1,-1
427,115,551.01,374.77,23.22,51.12,0.5612,1,-1,-1
427,131,471.90,360.21,22.65,57.29,0.6487,1,-1,-1
427,120,500.34,354.56,30.24,65.51,0.5516,1,-1,-1
427,132,450.98,379.46,22.79,45.76,0.4863,1,-1,-1
427,133,451.84,317.74,24.79,41.76,0.4980,1,-1,-1
428,107,1351.84,424.13,28.59,45.55,0.5955,2,-1,-1
428,108,1445.22,483.67,44.57,92.86,0.8129,1,-1,-1
428,130,1371.24,347.21,17.02,36.92,0.6397,1,-1,-1
428,115,550.70,374.74,23.30,51.12,0.5361,1,-1,-1
428,131,471.24,360.21,22.66,57.38,0.6433,1,-1,-1
428,120,501.00,356.96,29.68,64.89,0.5746,1,-1,-1
428,132,450.54,379.31,22.62,45.47,0.5068,1,-1,-1
428,133,451.81,317.61,24.75,41.73,0.5156,1,-1,-1
429,107,1351.29,423.94,28.93,46.13,0.6142,2,-1,-1
429,108,1444.39,483.35,45.19,93.45,0.7982,1,-1,-1
429,130,1370.49,347.13,16.88,36.64,0.5660,1,-1,-1
429,115,550.45,374.74,23.26,50.87,0.6397,1,-1,-1
429,131,470.48,360.70,22.50,57.03,0.6451,1,-1,-1
429,120,500.77,356.72,29.72,65.45,0.6179,1,-1,-1
429,132,449.81,379.31,22.95,46.01,0.4873,1,-1,-1
429,133,451.99,317.67,24.24,40.86,0.5010,1,-1,-1
429,135,899.34,319.04,12.24,29.05,0.4542,1,-1,-1
430,107,1350.44,423.84,29.22,47.01,0.5823,2,-1,-1
430,108,1441.73,483.06,45.53,93.59,0.7773,1,-1,-1
430,130,1367.91,347.14,17.36,37.51,0.5974,1,-1,-1
430,115,549.72,374.39,23.61,51.30,0.6834,1,-1,-1
430,131,469.73,361.22,22.32,56.65,0.5955,1,-1,-1
430,120,499.93,356.87,29.27,64.61,0.6325,1,-1,-1
430,132,448.21,379.57,23.28,46.37,0.3576,1,-1,-1
430,133,449.71,317.30,25.06,42.38,0.3684,1,-1,-1
430,135,899.34,319.58,10.82,25.62,0.1294,1,-1,-1
430,136,1303.31,371.75,25.53,59.24,0.6067,1,-1,-1
431,107,1348.06,423.39,28.74,46.44,0.6142,2,-1,-1
431,108,1437.49,482.69,45.67,93.27,0.7892,1,-1,-1
431,130,1364.51,347.11,16.85,36.40,0.5689,1,-1,-1
431,115,547.00,375.20,23.47,50.59,0.6522,1,-1,-1
431,131,466.94,360.75,22.36,56.75,0.6011,1,-1,-1
431,120,498.01,357.00,28.52,63.05,0.5823,1,-1,-1
431,132,443.76,380.17,24.30,48.02,0.3040,1,-1,-1
431,133,446.70,316.64,25.62,43.57,0.3090,1,-1,-1
431,136,1303.28,372.66,23.32,54.04,0.4941,2,-1,-1
431,109,591.85,371.81,21.47,48.76,0.5088,1,-1,-1
432,107,1343.04,423.72,28.08,45.48,0.5651,2,-1,-1
432,108,1433.87,482.29,44.61,92.20,0.6575,1,-1,-1
432,115,541.24,375.61,23.41,50.27,0.5651,1,-1,-1
432,131,460.09,360.62,22.84,57.77,0.4562,1,-1,-1
432,120,491.87,357.27,28.56,63.19,0.5302,1,-1,-1
432,132,437.80,380.16,25.52,49.97,0.2316,1,-1,-1
432,133,441.77,317.28,25.29,42.87,0.4007,1,-1,-1
432,136,1299.75,377.41,22.47,52.00,0.1276,2,-1,-1
432,109,586.43,372.16,21.09,47.69,0.3576,1,-1,-1
433,107,1336.15,422.98,28.32,45.91,0.5993,2,-1,-1
433,108,1425.13,481.57,44.84,92.60,0.7356,1,-1,-1
433,131,452.06,360.64,22.98,58.13,0.4902,1,-1,-1
433,132,430.57,379.81,24.75,47.37,0.1716,2,-1,-1
433,133,434.14,317.71,25.29,42.57,0.1093,2,-1,-1
433,136,1292.54,378.76,22.75,52.70,0.6067,1,-1,-1
433,109,579.92,372.03,21.47,48.52,0.3585,1,-1,-1
434,107,1328.29,422.36,28.86,46.94,0.5554,2,-1,-1
434,108,1416.62,481.23,44.24,90.95,0.7476,1,-1,-1
434,131,444.90,360.88,22.84,57.84,0.5176,1,-1,-1
434,133,426.43,318.35,25.33,42.49,0.2659,1,-1,-1
434,136,1285.37,377.65,23.72,55.14,0.7033,1,-1,-1
435,107,1321.94,422.18,29.29,47.82,0.6415,2,-1,-1
435,108,1410.24,480.18,44.35,91.81,0.8182,1,-1,-1
435,131,437.56,361.16,23.12,58.74,0.5765,1,-1,-1
435,133,419.72,318.46,25.48,42.56,0.5078,1,-1,-1
435,136,1279.94,375.22,24.95,58.29,0.7066,1,-1,-1
436,107,1317.96,422.18,29.17,47.92,0.6234,2,-1,-1
436,108,1406.23,480.71,43.26,90.38,0.7628,1,-1,-1
436,131,433.32,361.36,23.66,60.46,0.5293,1,-1,-1
436,133,414.36,319.28,26.23,43.83,0.5332,1,-1,-1
436,136,1277.52,376.31,24.82,58.26,0.7194,1,-1,-1
436,140,1328.92,347.01,19.23,36.21,0.6379,1,-1,-1
436,141,464.92,358.20,28.66,63.96,0.6179,1,-1,-1
436,142,514.41,376.39,24.93,51.48,0.5332,1,-1,-1
437,107,1315.18,422.08,29.36,48.55,0.6234,2,-1,-1
437,108,1403.36,480.03,43.17,91.18,0.7950,1,-1,-1
437,131,431.31,361.51,23.09,59.01,0.5889,1,-1,-1
437,133,411.71,319.33,25.04,41.85,0.5832,1,-1,-1
437,136,1276.04,376.50,24.81,58.60,0.7256,1,-1,-1
437,140,1326.62,347.18,19.30,36.43,0.6325,1,-1,-1
437,141,463.37,357.01,29.10,65.00,0.6123,1,-1,-1
437,142,513.05,375.92,24.62,50.81,0.5341,1,-1,-1
437,143,408.13,381.17,25.94,50.67,0.4639,1,-1,-1
438,107,1313.27,421.96,29.04,47.99,0.6197,2,-1,-1
438,108,1402.73,479.85,41.70,88.36,0.7899,1,-1,-1
438,131,430.08,361.47,23.33,59.91,0.6334,1,-1,-1
438,133,410.23,318.87,24.89,41.86,0.5964,1,-1,-1
438,136,1275.72,376.49,24.89,59.26,0.7241,1,-1,-1
438,140,1324.99,346.57,19.50,36.99,0.6697,1,-1,-1
438,141,461.01,352.14,31.77,71.21,0.6049,1,-1,-1
438,142,511.87,375.45,25.36,52.26,0.6215,1,-1,-1
438,143,405.47,381.39,29.04,56.82,0.5361,1,-1,-1
439,107,1312.75,421.95,29.00,47.88,0.6289,2,-1,-1
439,108,1402.78,480.05,40.30,85.73,0.7520,1,-1,-1
439,131,429.49,361.41,23.55,60.73,0.6424,1,-1,-1
439,133,409.61,318.64,24.72,41.93,0.6077,1,-1,-1
439,136,1276.43,376.87,24.62,59.21,0.7256,1,-1,-1
439,140,1324.11,346.85,19.15,36.61,0.6800,1,-1,-1
439,141,461.08,353.95,31.26,70.30,0.6030,1,-1,-1
439,142,511.67,375.43,25.57,52.57,0.6325,1,-1,-1
439,143,404.80,381.56,29.72,58.30,0.5215,1,-1,-1
440,107,1312.32,421.92,29.07,47.82,0.6197,2,-1,-1
440,108,1402.80,479.95,39.59,84.87,0.7402,1,-1,-1
440,131,429.46,361.39,23.49,60.82,0.6424,1,-1,-1
440,133,409.52,318.48,24.40,41.77,0.5927,1,-1,-1
440,136,1277.24,376.97,24.40,59.22,0.7424,1,-1,-1
440,140,1323.37,346.96,19.12,36.80,0.6610,1,-1,-1
440,141,461.58,354.73,30.42,68.59,0.6011,1,-1,-1
440,142,511.55,375.45,25.64,52.60,0.6487,1,-1,-1
440,143,404.63,381.61,29.31,57.70,0.4961,1,-1,-1
441,107,1312.36,421.87,29.23,47.97,0.6086,2,-1,-1
441,108,1402.59,479.81,38.72,83.80,0.7549,1,-1,-1
441,131,429.65,361.36,23.44,60.87,0.6531,1,-1,-1
441,133,409.82,318.31,24.20,41.72,0.5983,1,-1,-1
441,136,1278.02,377.06,24.29,59.44,0.7571,1,-1,-1
441,140,1322.86,347.12,18.78,36.42,0.6540,1,-1,-1
441,141,462.14,356.56,29.46,66.50,0.6160,1,-1,-1
441,142,511.52,375.43,25.70,52.63,0.6469,1,-1,-1
441,143,404.70,381.62,28.95,57.23,0.4971,1,-1,-1
442,107,1312.66,421.85,29.27,47.94,0.6215,2,-1,-1
442,108,1401.49,479.32,38.23,83.30,0.7663,1,-1,-1
442,131,429.67,361.45,23.22,60.48,0.6654,1,-1,-1
442,133,410.09,318.46,24.00,41.65,0.5641,1,-1,-1
442,136,1278.48,377.10,24.23,59.77,0.7379,1,-1,-1
442,140,1322.60,347.36,17.97,35.06,0.6105,1,-1,-1
442,141,462.58,358.22,28.54,64.43,0.6049,1,-1,-1
442,142,511.41,375.57,25.56,52.30,0.5955,1,-1,-1
442,143,405.18,381.79,27.97,55.46,0.4932,1,-1,-1
442,147,1764.62,283.67,31.16,19.14,0.4698,4,-1,-1
443,107,1312.30,421.90,28.53,47.05,0.5917,2,-1,-1
443,108,1399.36,478.69,38.24,83.51,0.7649,1,-1,-1
443,131,427.93,361.40,22.82,59.68,0.6549,1,-1,-1
443,133,408.95,318.56,24.28,42.13,0.5234,1,-1,-1
443,136,1278.43,377.20,24.08,59.74,0.7454,1,-1,-1
443,140,1320.47,348.06,17.31,33.89,0.5390,1,-1,-1
443,141,461.67,357.41,28.28,63.90,0.5612,1,-1,-1
443,142,509.74,376.30,25.23,51.53,0.6160,1,-1,-1
443,143,405.30,381.84,26.06,51.65,0.4494,1,-1,-1
443,147,1763.37,285.13,29.74,18.18,0.3451,4,-1,-1
443,109,556.60,372.16,21.13,47.61,0.4980,1,-1,-1
444,107,1310.95,421.45,28.12,46.50,0.5993,2,-1,-1
444,108,1394.65,477.29,38.05,83.90,0.7606,1,-1,-1
444,131,424.15,361.69,22.21,58.05,0.5974,1,-1,-1
444,133,405.58,319.33,23.97,41.63,0.4688,1,-1,-1
444,136,1275.74,377.74,23.62,58.59,0.7001,1,-1,-1
444,140,1316.20,348.10,16.40,32.05,0.3702,1,-1,-1
444,141,457.01,359.31,27.06,60.87,0.2531,1,-1,-1
444,142,505.76,376.56,24.99,50.92,0.3849,1,-1,-1
444,143,402.93,381.74,24.41,47.66,0.2114,1,-1,-1
444,147,1759.62,285.89,28.88,17.53,0.1919,4,-1,-1
444,109,552.78,372.43,21.33,47.80,0.3242,1,-1,-1
445,107,1304.52,421.30,28.17,46.59,0.6397,2,-1,-1
445,108,1386.99,475.19,38.12,84.56,0.6370,1,-1,-1
445,131,417.80,361.54,22.19,58.44,0.3268,1,-1,-1
445,133,399.56,320.36,23.65,41.11,0.1312,1,-1,-1
445,136,1270.54,378.81,23.01,56.86,0.5176,1,-1,-1
445,142,499.14,377.16,24.75,50.16,0.2751,1,-1,-1
446,107,1296.22,421.40,27.49,45.45,0.5205,2,-1,-1
446,108,1376.54,473.62,36.64,81.99,0.5477,1,-1,-1
447,107,1285.55,421.00,28.72,47.27,0.5554,2,-1,-1
447,108,1366.07,472.74,37.46,83.84,0.6298,1,-1,-1
447,151,1251.75,377.70,22.81,58.70,0.6645,1,-1,-1
448,107,1278.40,420.56,28.87,47.63,0.6270,2,-1,-1
448,108,1357.30,472.02,38.70,86.36,0.7106,1,-1,-1
448,151,1245.60,377.93,23.07,59.33,0.6935,1,-1,-1
449,107,1273.31,420.78,28.82,47.19,0.6030,2,-1,-1
449,108,1350.70,471.08,39.51,87.70,0.7491,1,-1,-1
449,151,1240.12,377.75,23.67,60.80,0.7439,1,-1,-1
449,132,377.42,362.15,31.26,62.77,0.5078,1,-1,-1
450,107,1270.00,421.16,28.81,47.11,0.5974,2,-1,-1
450,108,1345.37,469.16,40.73,90.03,0.7606,1,-1,-1
450,151,1237.29,377.22,24.03,61.62,0.7349,1,-1,-1
450,152,1269.07,346.12,18.64,34.78,0.5293,1,-1,-1
450,153,358.54,320.53,28.10,42.82,0.5351,1,-1,-1
450,154,1269.58,429.16,46.61,54.88,0.6058,10,-1,-1
450,132,375.12,362.51,29.77,62.44,0.6584,1,-1,-1
451,107,1268.10,421.12,28.32,46.38,0.5879,2,-1,-1
451,108,1341.65,467.69,40.95,89.81,0.7691,1,-1,-1
451,151,1235.89,378.03,24.14,61.70,0.7439,1,-1,-1
451,152,1268.07,346.21,18.61,34.77,0.3840,1,-1,-1
451,153,356.40,319.69,28.54,43.53,0.6352,1,-1,-1
451,154,1268.33,429.14,46.63,54.87,0.6496,10,-1,-1
451,132,373.93,363.06,28.11,60.76,0.6424,1,-1,-1
451,155,1767.22,286.73,31.43,17.54,0.5117,4,-1,-1
451,156,412.35,363.36,25.49,60.49,0.6843,1,-1,-1
451,120,460.67,376.76,24.01,52.03,0.6442,1,-1,-1
452,107,1267.42,420.97,28.36,46.52,0.6086,2,-1,-1
452,108,1339.47,466.54,41.03,89.35,0.7677,1,-1,-1
452,151,1235.79,379.49,23.97,60.89,0.7585,1,-1,-1
452,152,1266.80,344.80,18.94,35.46,0.5059,1,-1,-1
452,153,355.66,319.48,28.58,43.67,0.6243,1,-1,-1
452,154,1267.55,428.96,47.15,55.44,0.6575,10,-1,-1
452,132,373.65,363.24,27.35,60.70,0.6077,1,-1,-1
452,155,1766.55,287.15,30.22,16.89,0.5224,4,-1,-1
452,156,411.81,363.28,25.56,60.69,0.6758,1,-1,-1
452,159,1784.17,278.49,27.36,16.10,0.5166,4,-1,-1
452,120,460.26,377.10,24.75,52.59,0.6460,1,-1,-1
453,107,1266.63,420.72,28.49,46.95,0.6215,2,-1,-1
453,108,1337.81,465.77,41.31,89.56,0.7982,1,-1,-1
453,151,1235.95,380.20,24.12,60.78,0.7571,1,-1,-1
453,152,1265.76,344.45,18.82,35.40,0.6123,1,-1,-1
453,153,354.47,319.46,28.29,43.53,0.6442,1,-1,-1
453,154,1266.86,427.92,48.06,56.49,0.5400,10,-1,-1
453,132,373.14,363.32,26.94,60.85,0.6298,1,-1,-1
453,155,1767.23,288.30,27.96,15.64,0.4902,4,-1,-1
453,156,411.24,363.00,25.79,61.25,0.6943,1,-1,-1
453,159,1786.47,278.91,25.03,14.74,0.4111,4,-1,-1
453,120,459.28,377.24,25.64,54.48,0.6645,1,-1,-1
454,107,1266.31,420.69,28.14,46.69,0.6160,2,-1,-1
454,108,1336.12,465.05,41.02,88.30,0.7705,1,-1,-1
454,151,1236.17,381.29,24.11,60.15,0.7698,1,-1,-1
454,152,1264.45,344.00,18.60,35.14,0.6123,1,-1,-1
454,153,353.83,319.83,28.18,43.65,0.6334,1,-1,-1
454,154,1266.46,427.11,48.85,57.44,0.5273,10,-1,-1
454,132,372.86,363.59,25.79,58.76,0.6123,1,-1,-1
454,155,1767.21,288.60,27.26,15.27,0.4873,4,-1,-1
454,156,410.96,363.02,25.83,61.32,0.6860,1,-1,-1
454,159,1787.53,279.23,24.33,14.35,0.4017,4,-1,-1
454,120,458.91,377.62,25.66,54.22,0.6697,1,-1,-1
454,160,351.12,382.33,26.72,52.62,0.4610,1,-1,-1
455,107,1265.26,420.29,27.43,45.69,0.6289,2,-1,-1
455,108,1332.96,463.86,40.39,86.11,0.7712,1,-1,-1
455,151,1235.74,382.01,24.08,59.60,0.7454,1,-1,-1
455,152,1262.31,343.76,18.69,35.47,0.5593,1,-1,-1
455,153,352.81,321.06,27.87,43.32,0.4484,1,-1,-1
455,154,1265.35,426.32,48.91,57.56,0.2234,10,-1,-1
455,132,371.28,363.35,26.12,59.88,0.6252,1,-1,-1
455,155,1765.18,287.57,29.97,16.76,0.4378,4,-1,-1
455,156,408.89,362.51,26.36,62.31,0.6800,1,-1,-1
455,159,1788.26,278.84,24.96,14.88,0.3612,4,-1,-1
455,120,457.82,378.07,26.00,54.58,0.6645,1,-1,-1
455,160,348.78,382.42,28.52,56.21,0.6049,1,-1,-1
456,107,1263.44,420.38,27.73,46.05,0.5068,2,-1,-1
456,108,1327.95,462.59,40.43,86.38,0.7535,1,-1,-1
456,151,1233.86,382.87,23.92,58.53,0.6951,1,-1,-1
456,152,1259.97,344.69,18.35,34.97,0.4263,1,-1,-1
456,153,350.30,320.52,27.68,43.20,0.4552,1,-1,-1
456,154,1259.47,422.08,48.81,58.46,0.3979,2,-1,-1
456,132,368.49,363.64,26.29,60.77,0.6179,1,-1,-1
456,155,1762.88,287.83,29.01,16.15,0.4064,4,-1,-1
456,156,405.67,362.60,26.37,61.88,0.6610,1,-1,-1
456,120,454.59,377.73,25.74,54.05,0.6817,1,-1,-1
456,160,346.30,383.16,26.02,51.21,0.1865,2,-1,-1
457,107,1258.95,420.33,27.59,46.04,0.5438,2,-1,-1
457,108,1321.08,462.19,38.93,83.66,0.7417,1,-1,-1
457,151,1229.30,383.03,24.73,59.72,0.7394,1,-1,-1
457,152,1255.12,344.82,17.87,34.29,0.5612,1,-1,-1
457,153,345.49,321.39,27.44,42.87,0.3346,1,-1,-1
457,154,1257.07,425.55,48.16,57.64,0.1871,10,-1,-1
457,132,362.41,363.61,26.22,60.64,0.5059,1,-1,-1
457,155,1758.52,285.72,33.63,18.54,0.4064,4,-1,-1
457,156,400.28,363.47,25.27,58.79,0.5993,1,-1,-1
457,120,449.93,378.40,25.51,53.13,0.6123,1,-1,-1
457,160,339.88,382.77,25.93,51.08,0.4168,1,-1,-1
457,115,495.76,375.26,22.71,49.18,0.5049,1,-1,-1
458,107,1253.16,420.45,26.60,44.43,0.5361,2,-1,-1
458,108,1313.01,461.54,37.53,81.36,0.7058,1,-1,-1
458,151,1223.33,383.65,24.07,57.59,0.6783,1,-1,-1
458,153,338.14,321.27,27.49,42.77,0.3923,1,-1,-1
458,132,355.70,363.81,26.13,60.77,0.5448,1,-1,-1
458,155,1753.05,283.05,35.70,19.48,0.2674,4,-1,-1
458,156,393.63,363.42,25.46,58.55,0.4873,1,-1,-1
458,120,442.96,378.42,25.73,53.47,0.6732,1,-1,-1
458,160,332.98,383.39,25.41,49.88,0.2337,2,-1,-1
458,115,489.89,375.26,22.89,49.70,0.3914,1,-1,-1
459,107,1245.18,419.86,27.13,45.58,0.5689,2,-1,-1
459,108,1303.55,459.77,38.59,84.46,0.7535,1,-1,-1
459,151,1216.45,383.71,24.96,58.89,0.7287,1,-1,-1
459,153,330.22,319.83,28.73,44.65,0.2736,1,-1,-1
459,132,348.02,363.93,25.89,60.10,0.4591,1,-1,-1
459,155,1743.11,281.70,38.82,21.02,0.4707,4,-1,-1
459,120,434.00,378.28,26.37,55.04,0.5860,1,-1,-1
459,160,325.03,383.82,24.92,48.56,0.2838,2,-1,-1
459,115,482.81,375.11,23.19,50.40,0.4552,1,-1,-1
459,131,383.01,361.88,25.32,63.44,0.5361,1,-1,-1
460,107,1240.10,419.75,27.50,46.08,0.4552,2,-1,-1
460,108,1295.74,458.87,38.16,84.40,0.7879,1,-1,-1
460,151,1211.05,383.86,25.18,58.86,0.6749,1,-1,-1
460,153,322.91,320.21,28.60,44.30,0.3868,1,-1,-1
460,132,341.69,364.34,26.08,60.57,0.5234,1,-1,-1
460,155,1734.10,282.45,39.68,21.30,0.4746,4,-1,-1
460,120,428.52,378.81,26.14,54.62,0.6697,1,-1,-1
460,160,317.11,384.50,26.19,51.07,0.4668,1,-1,-1
460,131,378.94,362.50,26.03,62.92,0.5651,1,-1,-1
460,142,474.80,375.99,23.84,49.18,0.5078,1,-1,-1
461,107,1235.86,420.26,26.98,45.20,0.5263,2,-1,-1
461,108,1290.16,457.73,38.07,84.71,0.7931,1,-1,-1
461,151,1208.14,385.01,25.33,58.25,0.7469,1,-1,-1
461,153,317.17,320.73,28.54,44.36,0.5059,1,-1,-1
461,132,336.79,364.52,26.20,60.72,0.5554,1,-1,-1
461,155,1730.18,281.61,37.82,20.01,0.4776,4,-1,-1
461,120,424.39,379.01,26.01,54.10,0.6415,1,-1,-1
461,160,312.62,383.77,26.27,51.28,0.5727,1,-1,-1
461,131,374.24,362.76,26.53,62.92,0.6307,1,-1,-1
461,142,472.02,375.55,23.95,50.17,0.6030,1,-1,-1
462,107,1232.48,420.24,26.92,45.04,0.2775,1,-1,-1
462,108,1285.89,456.23,38.23,85.74,0.7773,1,-1,-1
462,151,1206.22,385.18,25.94,58.58,0.7571,1,-1,-1
462,153,314.55,320.91,28.20,43.63,0.5098,1,-1,-1
462,132,333.97,364.30,26.12,60.12,0.6270,1,-1,-1
462,155,1724.77,283.17,35.25,18.63,0.3040,4,-1,-1
462,120,422.23,378.99,26.10,53.81,0.6433,1,-1,-1
462,160,309.65,383.95,26.00,50.53,0.5535,1,-1,-1
462,131,370.95,362.70,27.34,64.08,0.6783,1,-1,-1
462,142,470.05,375.03,23.96,50.83,0.6067,1,-1,-1
463,107,1230.49,420.06,26.86,45.04,0.4756,2,-1,-1
463,108,1283.16,456.06,38.28,86.44,0.7759,1,-1,-1
463,151,1205.26,385.34,26.63,59.05,0.7225,1,-1,-1
463,153,312.34,321.07,27.80,42.88,0.5351,1,-1,-1
463,132,333.08,364.48,26.03,59.47,0.6215,1,-1,-1
463,155,1720.88,285.63,32.75,17.28,0.5166,4,-1,-1
463,120,421.01,379.09,26.33,54.14,0.6505,1,-1,-1
463,160,308.55,384.40,24.32,47.05,0.3961,1,-1,-1
463,131,369.68,363.08,27.35,63.07,0.6749,1,-1,-1
463,142,469.12,375.04,23.83,51.01,0.5651,1,-1,-1
464,107,1230.06,420.14,26.54,44.68,0.4273,2,-1,-1
464,108,1281.04,455.43,38.67,87.66,0.7800,1,-1,-1
464,151,1205.19,386.14,26.82,58.30,0.7066,1,-1,-1
464,153,311.01,321.19,27.48,42.32,0.5908,1,-1,-1
464,132,332.93,364.79,25.86,58.75,0.6325,1,-1,-1
464,155,1719.43,286.39,31.27,16.52,0.4349,4,-1,-1
464,120,420.32,379.13,26.58,54.43,0.6415,1,-1,-1
464,160,308.03,384.89,24.46,47.45,0.4311,1,-1,-1
464,131,368.76,362.92,27.99,63.86,0.6800,1,-1,-1
464,167,1657.00,284.34,39.41,17.51,0.4649,4,-1,-1
464,115,469.82,375.49,22.93,49.96,0.5993,1,-1,-1
465,107,1230.11,420.17,26.36,44.54,0.4196,2,-1,-1
465,108,1279.21,454.47,38.77,87.96,0.7827,1,-1,-1
465,151,1205.12,386.34,27.67,58.92,0.6885,1,-1,-1
465,153,310.63,321.28,27.34,42.03,0.5927,1,-1,-1
465,132,333.02,364.78,25.76,58.74,0.6188,1,-1,-1
465,155,1719.21,286.34,30.98,16.41,0.4216,4,-1,-1
465,120,420.01,379.21,26.77,54.68,0.6179,1,-1,-1
465,160,307.51,385.08,24.95,48.63,0.4216,1,-1,-1
465,131,368.45,362.88,28.17,63.72,0.6732,1,-1,-1
465,167,1656.72,284.50,39.36,17.50,0.4756,4,-1,-1
465,115,468.99,375.50,22.77,49.83,0.6123,1,-1,-1
466,107,1230.28,420.38,26.14,44.17,0.4766,2,-1,-1
466,108,1277.77,454.40,38.64,87.30,0.7786,1,-1,-1
466,151,1204.91,386.78,28.41,59.15,0.6800,1,-1,-1
466,153,310.54,321.28,27.12,41.68,0.5622,1,-1,-1
466,132,332.90,364.82,25.97,59.01,0.6289,1,-1,-1
466,155,1719.48,286.44,30.75,16.27,0.4426,4,-1,-1
466,120,419.73,379.09,26.87,54.95,0.6289,1,-1,-1
466,160,307.34,385.08,24.96,48.89,0.3961,1,-1,-1
466,131,368.32,362.33,28.52,64.10,0.6800,1,-1,-1
466,167,1655.85,284.14,37.92,16.87,0.4610,4,-1,-1
466,115,468.74,375.51,22.71,49.83,0.5955,1,-1,-1
466,169,1858.01,282.26,33.23,18.29,0.4756,4,-1,-1
467,107,1230.14,420.42,26.26,44.25,0.4971,2,-1,-1
467,108,1276.60,453.56,39.11,87.61,0.7879,1,-1,-1
467,151,1203.87,386.58,29.44,60.33,0.6901,1,-1,-1
467,153,310.57,321.37,26.90,41.28,0.5622,1,-1,-1
467,132,333.12,364.81,26.17,59.31,0.6379,1,-1,-1
467,155,1719.61,286.76,29.97,15.87,0.3989,4,-1,-1
467,120,419.69,378.93,26.89,55.08,0.6270,1,-1,-1
467,160,307.32,385.03,25.02,49.28,0.3933,1,-1,-1
467,131,368.32,362.23,28.69,64.16,0.6732,1,-1,-1
467,167,1656.04,284.26,38.84,17.31,0.4369,4,-1,-1
467,115,468.78,375.74,22.64,49.80,0.5765,1,-1,-1
467,169,1857.70,282.32,32.09,17.67,0.4932,4,-1,-1
467,170,794.08,323.98,11.64,28.72,0.4659,1,-1,-1
468,107,1229.99,420.51,26.58,44.63,0.4533,2,-1,-1
468,108,1275.29,453.41,38.93,86.78,0.7578,1,-1,-1
468,151,1202.91,386.86,30.35,61.07,0.6749,1,-1,-1
468,153,310.60,321.74,26.61,40.97,0.5487,1,-1,-1
468,132,333.96,365.02,25.54,58.14,0.5879,1,-1,-1
468,155,1719.47,286.66,30.14,15.97,0.2950,4,-1,-1
468,120,419.98,378.98,26.86,54.93,0.6397,1,-1,-1
468,160,307.81,385.00,24.98,49.34,0.3346,1,-1,-1
468,131,368.75,362.63,28.33,63.14,0.6593,1,-1,-1
468,167,1656.15,283.79,37.97,16.95,0.4533,4,-1,-1
468,115,468.68,375.97,22.80,50.31,0.6011,1,-1,-1
468,169,1856.43,281.97,34.02,18.76,0.4359,4,-1,-1
468,170,794.30,322.31,12.21,30.14,0.4465,1,-1,-1
468,171,1222.51,342.08,14.78,40.04,0.4591,1,-1,-1
469,107,1230.06,420.44,26.82,44.94,0.3951,2,-1,-1
469,108,1272.87,452.18,39.22,87.31,0.7527,1,-1,-1
469,151,1201.86,386.87,31.22,61.84,0.6817,1,-1,-1
469,153,310.71,321.79,26.39,40.74,0.5487,1,-1,-1
469,132,334.63,365.28,25.01,57.12,0.5860,1,-1,-1
469,155,1719.60,286.70,29.82,15.77,0.3007,4,-1,-1
469,120,420.14,379.03,26.77,54.70,0.6270,1,-1,-1
469,160,308.17,384.99,24.82,49.17,0.3416,1,-1,-1
469,131,369.02,362.84,28.16,62.60,0.6433,1,-1,-1
469,167,1656.32,283.65,37.35,16.70,0.4854,4,-1,-1
469,115,468.83,375.92,22.70,50.11,0.5993,1,-1,-1
469,169,1855.25,281.90,34.73,19.19,0.4330,4,-1,-1
469,170,794.24,320.51,12.87,31.83,0.4746,1,-1,-1
469,171,1220.88,341.43,16.30,44.11,0.2759,1,-1,-1
469,172,333.69,381.44,24.79,43.78,0.4824,1,-1,-1
470,107,1230.23,420.19,27.09,45.58,0.3657,1,-1,-1
470,108,1270.91,451.15,39.22,87.15,0.7807,1,-1,-1
470,151,1201.34,387.65,31.53,61.21,0.6901,1,-1,-1
470,153,310.78,321.80,26.16,40.52,0.5448,1,-1,-1
470,132,335.04,365.37,24.64,56.46,0.5860,1,-1,-1
470,155,1719.78,286.77,29.77,15.72,0.3024,4,-1,-1
470,120,420.24,379.08,26.65,54.46,0.6197,1,-1,-1
470,160,308.37,384.99,24.70,49.06,0.3504,1,-1,-1
470,131,369.21,362.95,28.08,62.28,0.6343,1,-1,-1
470,167,1656.53,283.58,37.09,16.62,0.4902,4,-1,-1
470,115,468.92,376.09,22.60,49.95,0.5936,1,-1,-1
470,169,1855.19,282.01,34.41,19.00,0.4292,4,-1,-1
470,170,794.36,319.38,13.03,32.32,0.4698,1,-1,-1
470,171,1219.48,341.43,16.99,45.99,0.4610,1,-1,-1
470,172,333.94,382.14,24.31,42.90,0.4707,1,-1,-1
471,107,1230.54,420.04,27.16,45.94,0.3425,1,-1,-1
471,108,1269.31,450.07,39.41,87.34,0.7899,1,-1,-1
471,151,1200.64,388.54,32.09,60.77,0.7162,1,-1,-1
471,153,310.77,321.57,26.10,40.55,0.4902,1,-1,-1
471,132,335.12,365.18,24.69,56.81,0.5708,1,-1,-1
471,155,1719.99,287.01,29.36,15.46,0.3425,4,-1,-1
471,120,420.32,379.08,26.64,54.44,0.6179,1,-1,-1
471,160,308.46,384.99,24.92,49.71,0.3794,1,-1,-1
471,131,369.24,363.11,28.13,62.23,0.6397,1,-1,-1
471,167,1656.85,283.77,36.49,16.36,0.4776,4,-1,-1
471,115,469.01,376.15,22.72,50.19,0.6123,1,-1,-1
471,169,1855.47,281.90,33.49,18.51,0.4216,4,-1,-1
471,170,794.61,318.62,12.87,32.04,0.4121,1,-1,-1
471,171,1219.36,341.13,16.98,46.14,0.4504,1,-1,-1
471,172,333.55,381.03,25.06,44.26,0.4805,1,-1,-1
472,107,1230.86,420.05,26.97,45.77,0.3425,1,-1,-1
472,108,1268.78,450.10,39.24,86.93,0.7853,1,-1,-1
472,151,1200.00,389.50,32.75,60.38,0.7114,1,-1,-1
472,153,310.83,321.48,26.04,40.62,0.5020,1,-1,-1
472,132,335.22,365.05,24.62,56.89,0.5631,1,-1,-1
472,155,1720.05,287.17,29.15,15.30,0.3320,4,-1,-1
472,120,420.19,379.11,26.52,54.28,0.6397,1,-1,-1
472,160,308.64,384.95,24.94,49.94,0.4017,1,-1,-1
472,131,369.24,363.20,28.16,62.13,0.6451,1,-1,-1
472,167,1657.00,283.83,36.28,16.28,0.4854,4,-1,-1
472,115,469.09,376.30,22.78,50.29,0.6179,1,-1,-1
472,169,1855.45,281.72,33.06,18.31,0.4168,4,-1,-1
472,170,794.73,318.46,12.68,31.71,0.3766,1,-1,-1
472,171,1218.69,340.66,17.26,47.10,0.3775,1,-1,-1
472,172,333.70,381.80,24.61,43.44,0.4620,1,-1,-1
473,107,1230.72,420.10,27.09,45.73,0.3007,2,-1,-1
473,108,1268.14,449.84,38.61,85.44,0.7766,1,-1,-1
473,151,1198.76,389.53,33.96,61.00,0.6749,1,-1,-1
473,153,310.84,321.42,25.99,40.74,0.4883,1,-1,-1
473,132,335.19,364.95,24.72,57.29,0.5746,1,-1,-1
473,155,1719.89,287.03,29.35,15.39,0.2991,4,-1,-1
473,120,420.15,379.08,26.39,54.08,0.6270,1,-1,-1
473,160,308.68,384.77,25.11,50.40,0.4036,1,-1,-1
473,131,369.18,363.26,28.20,62.05,0.6343,1,-1,-1
473,167,1656.87,283.70,36.31,16.33,0.5010,4,-1,-1
473,115,469.00,376.30,22.96,50.64,0.5955,1,-1,-1
473,169,1855.47,281.52,33.61,18.66,0.4359,4,-1,-1
473,170,794.94,318.47,12.61,31.69,0.3942,1,-1,-1
473,171,1217.34,340.15,17.90,49.02,0.2628,1,-1,-1
473,172,333.00,378.29,26.54,47.05,0.4678,1,-1,-1
473,173,1740.27,277.28,24.82,15.79,0.4504,4,-1,-1
474,107,1230.81,419.95,27.05,45.43,0.3242,2,-1,-1
474,108,1266.32,449.89,38.63,85.76,0.7918,1,-1,-1
474,151,1197.56,389.63,34.91,61.39,0.6179,1,-1,-1
474,153,310.97,321.30,25.73,40.48,0.4571,1,-1,-1
474,132,335.25,364.91,24.61,57.21,0.5631,1,-1,-1
474,155,1719.80,286.98,29.43,15.44,0.2854,4,-1,-1
474,120,420.12,379.05,26.32,54.05,0.6234,1,-1,-1
474,160,308.91,384.78,25.08,50.49,0.3858,1,-1,-1
474,131,369.20,363.28,28.18,61.87,0.6325,1,-1,-1
474,167,1656.87,283.68,36.29,16.34,0.4990,4,-1,-1
474,115,469.27,376.49,22.93,50.39,0.5746,1,-1,-1
474,169,1855.08,281.48,33.75,18.83,0.4130,4,-1,-1
474,170,795.10,318.42,12.71,32.05,0.4177,1,-1,-1
474,171,1216.05,340.18,18.44,50.60,0.3657,1,-1,-1
474,172,332.92,377.09,26.95,48.02,0.4610,1,-1,-1
474,173,1740.07,277.38,24.94,15.87,0.4844,4,-1,-1
475,107,1230.95,419.84,27.20,45.54,0.3242,2,-1,-1
475,108,1264.45,449.50,38.51,86.05,0.7549,1,-1,-1
475,151,1196.49,390.55,35.80,61.53,0.6095,1,-1,-1
475,153,311.05,321.23,25.67,40.46,0.4795,1,-1,-1
475,132,335.33,365.08,24.80,58.07,0.5737,1,-1,-1
475,155,1719.85,287.00,29.40,15.42,0.2942,4,-1,-1
475,120,420.20,379.08,26.26,54.02,0.6215,1,-1,-1
475,160,309.11,384.81,25.10,50.65,0.3657,1,-1,-1
475,131,369.27,363.41,28.13,61.62,0.6379,1,-1,-1
475,167,1656.89,283.69,36.18,16.32,0.5068,4,-1,-1
475,115,470.31,376.68,22.41,48.40,0.4149,1,-1,-1
475,169,1855.06,281.52,33.46,18.74,0.4045,4,-1,-1
475,170,795.43,318.51,12.60,32.06,0.2344,1,-1,-1
475,171,1215.29,340.45,18.66,51.27,0.4475,1,-1,-1
475,173,1739.73,277.45,24.92,15.84,0.5049,4,-1,-1
476,107,1231.00,419.84,27.64,46.10,0.3320,2,-1,-1
476,108,1262.22,448.67,38.25,85.95,0.7698,1,-1,-1
476,151,1195.20,391.97,36.43,61.11,0.6206,1,-1,-1
476,153,311.13,321.27,25.57,40.34,0.4834,1,-1,-1
476,132,335.46,365.21,24.73,58.30,0.5756,1,-1,-1
476,155,1719.96,287.17,29.17,15.29,0.3057,4,-1,-1
476,120,420.25,379.06,26.15,53.87,0.6160,1,-1,-1
476,160,309.29,384.91,24.95,50.43,0.3522,1,-1,-1
476,131,369.34,363.60,28.07,61.34,0.6415,1,-1,-1
476,167,1656.96,283.75,36.01,16.26,0.5059,4,-1,-1
476,115,473.05,376.73,23.40,48.07,0.3702,1,-1,-1
476,169,1855.23,281.54,32.94,18.51,0.4092,4,-1,-1
476,170,796.07,318.81,12.39,31.84,0.1854,1,-1,-1
476,171,1214.65,340.90,18.86,51.80,0.5176,1,-1,-1
476,173,1739.63,277.57,24.82,15.76,0.5137,4,-1,-1
477,107,1230.78,419.84,27.56,45.72,0.3486,2,-1,-1
477,108,1260.49,447.79,37.82,85.59,0.7527,1,-1,-1
477,151,1193.55,393.38,37.02,60.34,0.6058,1,-1,-1
477,153,311.22,321.35,25.54,40.27,0.5078,1,-1,-1
477,132,335.58,365.21,24.67,58.51,0.5813,1,-1,-1
477,155,1719.95,287.28,29.16,15.27,0.3040,4,-1,-1
477,120,420.33,379.00,26.11,53.88,0.6179,1,-1,-1
477,160,309.47,384.99,24.78,50.10,0.3260,1,-1,-1
477,131,369.38,363.76,28.08,61.21,0.6487,1,-1,-1
477,167,1657.02,283.80,35.91,16.22,0.5029,4,-1,-1
477,115,471.63,376.73,23.77,48.05,0.3478,1,-1,-1
477,169,1855.19,281.52,32.88,18.55,0.4007,4,-1,-1
477,170,796.70,319.12,12.17,31.51,0.2180,1,-1,-1
477,171,1214.47,341.80,18.71,51.43,0.4083,1,-1,-1
477,173,1739.20,277.56,25.01,15.84,0.5224,4,-1,-1
478,107,1230.42,419.79,27.49,45.43,0.3785,2,-1,-1
478,108,1259.14,446.83,37.80,86.21,0.7535,1,-1,-1
478,151,1192.37,394.21,37.80,60.15,0.5813,1,-1,-1
478,153,311.33,321.46,25.53,40.20,0.5215,1,-1,-1
478,132,335.69,365.25,24.49,58.35,0.5813,1,-1,-1
478,155,1719.99,287.47,28.90,15.12,0.3217,4,-1,-1
478,120,420.45,378.89,26.09,53.89,0.6123,1,-1,-1
478,160,309.70,385.12,24.54,49.59,0.3140,1,-1,-1
478,131,369.44,363.94,28.03,60.94,0.6487,1,-1,-1
478,167,1657.06,283.80,35.83,16.20,0.5059,4,-1,-1
478,115,470.69,376.37,24.59,49.11,0.2275,1,-1,-1
478,169,1855.29,281.59,32.42,18.36,0.4045,4,-1,-1
478,170,796.95,318.90,12.24,31.90,0.3639,1,-1,-1
478,171,1214.06,340.85,19.12,52.83,0.3208,1,-1,-1
478,173,1739.07,277.63,25.03,15.80,0.5263,4,-1,-1
479,107,1229.88,419.88,28.03,46.22,0.4397,2,-1,-1
479,108,1257.09,446.00,37.88,86.67,0.7341,1,-1,-1
479,151,1191.23,395.34,37.67,58.63,0.5879,1,-1,-1
479,153,311.39,321.54,25.67,40.33,0.5390,1,-1,-1
479,132,335.67,365.15,24.51,58.64,0.5927,1,-1,-1
479,155,1720.07,287.57,28.85,15.07,0.3469,4,-1,-1
479,120,420.56,378.89,26.15,54.02,0.6123,1,-1,-1
479,160,309.79,385.11,24.57,49.62,0.3277,1,-1,-1
479,131,369.44,364.00,28.30,61.45,0.6575,1,-1,-1
479,167,1657.08,283.78,35.95,16.27,0.5156,4,-1,-1
479,115,469.78,376.42,24.52,48.80,0.2358,1,-1,-1
479,169,1855.38,281.73,31.79,18.06,0.4111,4,-1,-1
479,170,797.59,321.06,11.68,30.48,0.2480,1,-1,-1
479,171,1214.36,343.06,18.31,50.70,0.2591,1,-1,-1
479,173,1739.10,277.56,25.12,15.82,0.5224,4,-1,-1
480,107,1229.97,419.92,28.34,46.77,0.5224,2,-1,-1
480,108,1256.01,445.09,37.48,86.11,0.7527,1,-1,-1
480,151,1189.84,397.07,37.25,57.12,0.6343,1,-1,-1
480,153,311.40,321.61,25.81,40.46,0.5332,1,-1,-1
480,132,335.62,365.26,24.73,59.06,0.6011,1,-1,-1
480,155,1720.11,287.68,28.82,15.03,0.3486,4,-1,-1
480,120,420.69,378.96,26.15,53.99,0.6270,1,-1,-1
480,160,309.94,385.05,24.73,49.94,0.3603,1,-1,-1
480,131,369.44,364.07,28.51,61.91,0.6522,1,-1,-1
480,167,1657.02,283.76,36.07,16.35,0.5234,4,-1,-1
480,169,1855.45,281.77,31.35,17.86,0.4206,4,-1,-1
480,170,798.51,322.99,11.59,29.68,0.1901,1,-1,-1
480,171,1214.47,343.83,17.96,49.90,0.3040,1,-1,-1
480,173,1739.05,277.53,25.16,15.81,0.5283,4,-1,-1
481,107,1229.81,419.97,28.66,47.33,0.5689,2,-1,-1
481,108,1254.46,444.40,37.28,85.82,0.7527,1,-1,-1
481,151,1188.69,398.55,37.35,56.77,0.5832,1,-1,-1
481,153,311.37,321.62,25.94,40.59,0.5176,1,-1,-1
481,132,335.66,365.32,24.84,59.25,0.6049,1,-1,-1
481,155,1720.08,287.72,28.89,15.03,0.3612,4,-1,-1
481,120,420.86,378.99,26.34,54.34,0.6433,1,-1,-1
481,160,310.02,384.97,24.94,50.41,0.3877,1,-1,-1
481,131,369.45,364.05,28.61,62.17,0.6487,1,-1,-1
481,167,1656.91,283.66,36.41,16.54,0.5283,4,-1,-1
481,169,1855.44,281.86,31.26,17.84,0.4321,4,-1,-1
481,170,799.50,325.17,11.13,27.84,0.2037,1,-1,-1
481,171,1213.70,343.53,17.93,49.88,0.2822,1,-1,-1
481,173,1738.78,277.39,25.42,15.93,0.5263,4,-1,-1
482,107,1229.52,420.05,29.08,48.02,0.5263,2,-1,-1
482,108,1253.15,444.17,36.81,85.10,0.7656,1,-1,-1
482,151,1187.97,398.97,37.52,56.48,0.5554,1,-1,-1
482,153,311.33,321.72,26.09,40.77,0.5059,1,-1,-1
482,132,335.67,365.34,24.95,59.44,0.6179,1,-1,-1
482,155,1720.04,287.67,29.09,15.09,0.3460,4,-1,-1
482,120,420.99,379.01,26.48,54.58,0.6451,1,-1,-1
482,160,310.07,384.95,25.14,50.94,0.4235,1,-1,-1
482,131,369.26,363.94,28.97,63.19,0.6540,1,-1,-1
482,167,1656.75,283.53,36.71,16.70,0.5283,4,-1,-1
482,169,1855.38,281.83,31.33,17.92,0.4436,4,-1,-1
482,170,800.44,328.14,10.22,25.15,0.3621,1,-1,-1
482,171,1213.09,342.54,18.25,50.87,0.2220,1,-1,-1
482,173,1738.43,277.26,25.77,16.12,0.5146,4,-1,-1
483,107,1229.22,420.06,29.44,48.56,0.5195,2,-1,-1
483,108,1252.21,443.85,35.65,82.23,0.7656,1,-1,-1
483,151,1187.94,399.65,37.73,56.10,0.5917,1,-1,-1
483,153,312.02,321.82,26.56,41.28,0.4235,1,-1,-1
483,132,335.61,365.32,25.17,60.45,0.6002,1,-1,-1
483,155,1719.68,288.11,29.22,15.14,0.3495,4,-1,-1
483,120,421.50,378.91,26.37,54.50,0.6469,1,-1,-1
483,160,309.97,385.04,25.41,51.39,0.3933,1,-1,-1
483,131,369.41,364.08,28.84,63.21,0.6179,1,-1,-1
483,167,1656.45,283.58,38.37,17.54,0.4140,4,-1,-1
483,169,1855.75,282.08,31.04,17.73,0.4111,4,-1,-1
483,170,801.72,330.84,9.14,21.94,0.3090,1,-1,-1
483,171,1213.13,343.66,17.84,49.62,0.2082,1,-1,-1
483,173,1738.42,276.77,26.49,16.61,0.4727,4,-1,-1
484,107,1228.78,420.00,29.63,48.72,0.4951,2,-1,-1
484,108,1251.23,443.60,35.18,81.15,0.7614,1,-1,-1
484,151,1188.05,400.37,38.28,55.77,0.5370,1,-1,-1
484,153,312.35,321.85,26.98,41.74,0.4455,1,-1,-1
484,132,335.65,365.20,25.08,60.61,0.6039,1,-1,-1
484,155,1719.49,288.18,29.32,15.17,0.3294,4,-1,-1
484,120,421.79,378.92,26.25,54.39,0.6433,1,-1,-1
484,160,310.05,384.97,25.39,51.36,0.4026,1,-1,-1
484,131,369.71,364.06,28.66,63.07,0.6197,1,-1,-1
484,167,1656.28,283.67,38.83,17.79,0.3877,4,-1,-1
484,169,1855.77,282.14,31.14,17.79,0.4263,4,-1,-1
484,170,802.26,330.84,9.22,21.68,0.3469,1,-1,-1
484,171,1213.02,344.13,17.75,49.14,0.1744,1,-1,-1
484,173,1737.91,276.49,26.94,16.89,0.4912,4,-1,-1
485,107,1228.23,419.87,29.74,48.59,0.4484,2,-1,-1
485,108,1250.08,443.08,35.06,80.91,0.7556,1,-1,-1
485,151,1187.46,400.79,38.51,55.40,0.5535,1,-1,-1
485,153,312.56,321.91,27.25,42.03,0.4407,1,-1,-1
485,132,335.66,365.05,25.05,60.93,0.5927,1,-1,-1
485,155,1719.33,288.03,29.74,15.38,0.2751,4,-1,-1
485,120,422.03,378.89,26.19,54.38,0.6160,1,-1,-1
485,160,309.85,384.45,26.18,53.28,0.4455,1,-1,-1
485,131,369.92,363.92,28.75,63.55,0.6252,1,-1,-1
485,167,1656.02,283.63,39.15,17.97,0.3585,4,-1,-1
485,169,1855.72,282.19,31.79,18.08,0.4417,4,-1,-1
485,170,803.34,331.79,9.20,20.94,0.2790,1,-1,-1
485,171,1212.73,344.44,17.70,48.75,0.1830,1,-1,-1
485,173,1737.36,276.30,27.38,17.13,0.4912,4,-1,-1
485,115,468.94,375.51,25.33,51.33,0.4873,1,-1,-1
486,107,1228.29,419.75,29.85,48.63,0.4083,2,-1,-1
486,108,1247.99,442.75,36.03,83.26,0.7280,1,-1,-1
486,151,1187.01,400.65,39.07,55.45,0.5448,1,-1,-1
486,153,312.61,321.98,27.39,42.19,0.4187,1,-1,-1
486,132,335.73,364.99,25.03,61.24,0.5927,1,-1,-1
486,155,1719.26,288.10,29.56,15.28,0.2767,4,-1,-1
486,120,422.42,378.83,26.43,54.95,0.5823,1,-1,-1
486,160,309.89,384.55,26.66,54.56,0.5039,1,-1,-1
486,131,370.07,363.75,29.08,64.62,0.6234,1,-1,-1
486,167,1653.65,283.49,38.92,17.91,0.3442,4,-1,-1
486,169,1855.85,282.36,31.67,17.93,0.4388,4,-1,-1
486,170,804.43,331.35,9.75,21.43,0.2666,1,-1,-1
486,171,1212.34,344.16,17.78,48.83,0.2063,1,-1,-1
486,173,1737.08,276.31,27.30,17.01,0.4941,4,-1,-1
486,115,469.17,375.33,24.95,51.23,0.5708,1,-1,-1
487,107,1228.14,419.56,29.95,48.61,0.3251,2,-1,-1
487,108,1246.63,441.83,36.46,84.42,0.7498,1,-1,-1
487,151,1186.72,400.79,39.64,55.45,0.6067,1,-1,-1
487,153,312.60,322.15,27.32,42.17,0.3849,1,-1,-1
487,132,336.05,364.99,24.80,61.11,0.5946,1,-1,-1
487,155,1719.19,288.20,29.35,15.17,0.2473,4,-1,-1
487,120,423.09,379.00,26.42,54.73,0.6197,1,-1,-1
487,160,310.04,384.12,26.66,54.96,0.5234,1,-1,-1
487,131,370.36,363.77,28.88,64.40,0.6179,1,-1,-1
487,167,1652.64,283.38,38.59,17.84,0.3748,4,-1,-1
487,169,1855.48,282.43,32.03,18.09,0.4484,4,-1,-1
487,170,804.69,329.15,10.93,23.52,0.2759,1,-1,-1
487,173,1736.84,276.24,27.41,16.99,0.4717,4,-1,-1
487,115,469.55,375.06,24.49,50.80,0.5765,1,-1,-1
488,107,1228.69,419.48,29.85,48.35,0.3970,1,-1,-1
488,108,1245.32,440.82,36.83,85.01,0.7439,1,-1,-1
488,151,1186.78,401.32,40.28,55.56,0.6379,1,-1,-1
488,153,312.86,322.08,27.78,43.12,0.3739,1,-1,-1
488,132,336.33,364.78,24.79,61.41,0.5946,1,-1,-1
488,155,1719.14,288.24,29.38,15.19,0.2870,4,-1,-1
488,120,423.43,379.01,26.49,54.59,0.6415,1,-1,-1
488,160,310.35,383.87,26.63,55.18,0.5254,1,-1,-1
488,131,370.72,363.79,28.79,64.27,0.6030,1,-1,-1
488,167,1652.31,283.44,38.06,17.64,0.4359,4,-1,-1
488,169,1854.57,282.51,32.51,18.34,0.4727,4,-1,-1
488,170,804.82,324.68,12.78,27.20,0.3329,1,-1,-1
488,173,1736.60,276.16,27.46,16.92,0.4912,4,-1,-1
488,115,469.85,374.95,24.14,50.58,0.5765,1,-1,-1
489,107,1228.41,419.60,29.95,48.54,0.3639,1,-1,-1
489,108,1244.34,439.98,36.99,85.00,0.7656,1,-1,-1
489,151,1186.27,401.60,40.96,55.90,0.6766,1,-1,-1
489,153,312.99,321.29,28.22,44.01,0.1925,2,-1,-1
489,132,336.71,364.65,24.79,61.61,0.6280,1,-1,-1
489,155,1719.40,288.14,29.58,15.29,0.2902,4,-1,-1
489,120,423.60,379.05,26.52,54.22,0.5823,1,-1,-1
489,160,310.72,383.62,26.47,55.00,0.5554,1,-1,-1
489,131,371.37,363.71,28.39,63.22,0.6123,1,-1,-1
489,167,1652.47,283.03,37.32,17.33,0.4766,4,-1,-1
489,169,1853.71,282.48,32.90,18.51,0.4610,4,-1,-1
489,170,805.25,322.31,14.03,29.66,0.3803,1,-1,-1
489,173,1736.17,276.07,27.66,16.94,0.4873,4,-1,-1
489,115,470.11,374.81,23.87,50.42,0.5574,1,-1,-1
490,107,1228.25,419.19,30.13,48.86,0.4378,1,-1,-1
490,108,1243.44,439.19,37.15,84.89,0.7614,1,-1,-1
490,151,1185.53,401.74,41.66,56.37,0.6901,1,-1,-1
490,153,313.24,321.06,28.19,44.24,0.1950,2,-1,-1
490,132,337.08,364.50,24.70,61.50,0.6188,1,-1,-1
490,155,1719.82,287.78,30.31,15.62,0.2798,4,-1,-1
490,120,423.07,378.95,26.63,53.84,0.4707,1,-1,-1
490,160,311.13,383.39,26.41,54.95,0.5370,1,-1,-1
490,131,371.83,363.58,28.30,62.79,0.6142,1,-1,-1
490,167,1651.65,282.71,37.03,17.31,0.4659,4,-1,-1
490,169,1853.06,282.52,32.92,18.48,0.4446,4,-1,-1
490,170,807.02,322.81,13.78,29.24,0.3124,1,-1,-1
490,173,1736.06,275.95,27.88,16.97,0.4321,4,-1,-1
490,115,470.30,374.67,23.75,50.54,0.5574,1,-1,-1
491,107,1228.16,419.04,29.91,48.46,0.4523,1,-1,-1
491,108,1242.57,438.44,37.26,85.01,0.7628,1,-1,-1
491,151,1183.87,401.30,42.62,57.24,0.7050,1,-1,-1
491,153,313.70,321.08,27.95,44.10,0.1962,2,-1,-1
491,132,337.44,364.24,24.62,61.41,0.6298,1,-1,-1
491,155,1719.92,287.68,30.51,15.67,0.2705,4,-1,-1
491,120,422.49,378.47,26.58,53.28,0.5322,1,-1,-1
491,160,311.53,383.54,26.29,54.56,0.4912,1,-1,-1
491,131,372.07,363.26,28.54,62.95,0.6142,1,-1,-1
491,167,1650.72,282.55,36.56,17.26,0.4649,4,-1,-1
491,169,1852.42,282.51,33.26,18.60,0.4263,4,-1,-1
491,170,809.75,326.73,12.46,26.38,0.4863,1,-1,-1
491,173,1736.21,275.84,27.88,16.84,0.4045,4,-1,-1
491,115,470.62,374.45,23.53,50.38,0.5554,1,-1,-1
492,107,1228.28,418.63,29.76,48.23,0.4854,1,-1,-1
492,108,1241.68,437.73,37.43,85.37,0.7614,1,-1,-1
492,151,1183.43,401.56,43.11,57.71,0.7409,1,-1,-1
492,153,313.74,321.03,27.54,43.83,0.1865,2,-1,-1
492,132,337.87,364.13,24.43,61.12,0.6316,1,-1,-1
492,155,1719.55,287.75,30.33,15.61,0.2934,4,-1,-1
492,120,422.30,377.13,27.05,54.04,0.5983,1,-1,-1
492,160,312.24,383.24,25.74,53.29,0.4756,1,-1,-1
492,131,372.25,363.05,28.76,63.01,0.5993,1,-1,-1
492,167,1651.15,282.69,36.04,17.19,0.5224,4,-1,-1
492,169,1852.09,282.55,33.55,18.71,0.4455,4,-1,-1
492,170,810.68,328.67,11.99,25.12,0.4746,1,-1,-1
492,173,1736.63,276.08,27.38,16.45,0.4426,4,-1,-1
492,115,470.87,374.39,23.39,50.33,0.5535,1,-1,-1
493,107,1228.38,418.13,29.83,48.43,0.5088,1,-1,-1
493,108,1241.33,437.06,37.13,84.42,0.7739,1,-1,-1
493,151,1183.32,401.65,43.56,58.28,0.7542,1,-1,-1
493,153,313.94,320.72,26.98,43.28,0.1739,2,-1,-1
493,132,338.29,364.08,24.14,60.54,0.6058,1,-1,-1
493,155,1719.84,287.59,30.66,15.73,0.2822,4,-1,-1
493,120,422.98,375.71,27.30,55.02,0.6298,1,-1,-1
493,160,312.95,383.13,25.42,52.41,0.4533,1,-1,-1
493,131,372.77,362.83,28.69,62.52,0.5574,1,-1,-1
493,167,1651.54,282.59,35.90,17.34,0.5554,4,-1,-1
493,169,1851.61,282.47,34.32,19.11,0.4707,4,-1,-1
493,170,810.88,327.62,12.43,25.81,0.4330,1,-1,-1
493,173,1736.45,276.26,27.51,16.44,0.4263,4,-1,-1
493,115,471.15,374.26,23.25,50.24,0.5574,1,-1,-1
494,107,1228.15,417.58,29.42,47.69,0.5068,1,-1,-1
494,108,1240.65,436.30,37.18,84.29,0.7684,1,-1,-1
494,151,1183.38,401.74,43.56,58.40,0.7656,1,-1,-1
494,153,314.03,320.27,26.73,43.28,0.1656,2,-1,-1
494,132,338.33,364.08,24.07,60.31,0.5765,1,-1,-1
494,155,1720.19,287.77,30.96,15.73,0.2744,4,-1,-1
494,120,424.08,376.96,26.51,53.81,0.6460,1,-1,-1
494,160,313.65,383.39,24.79,50.82,0.4349,1,-1,-1
494,131,374.08,362.34,29.16,63.11,0.5554,1,-1,-1
494,167,1651.82,282.58,35.56,17.37,0.5641,4,-1,-1
494,169,1851.09,282.39,34.65,19.29,0.4630,4,-1,-1
494,170,811.33,327.14,12.79,26.40,0.5088,1,-1,-1
494,173,1736.49,276.67,27.15,16.11,0.4130,4,-1,-1
494,115,471.36,374.06,23.11,49.87,0.4902,1,-1,-1
495,107,1228.05,417.11,29.53,47.94,0.4776,1,-1,-1
495,108,1240.06,435.77,36.90,83.51,0.7793,1,-1,-1
495,151,1183.46,401.87,43.32,58.41,0.7334,1,-1,-1
495,153,314.47,320.88,25.85,42.11,0.3942,1,-1,-1
495,132,338.87,364.17,23.43,58.51,0.5535,1,-1,-1
495,155,1720.68,287.81,31.42,15.69,0.2422,4,-1,-1
495,120,424.64,377.93,26.06,53.14,0.6619,1,-1,-1
495,160,313.97,383.34,24.62,50.22,0.4484,1,-1,-1
495,131,374.74,362.07,29.43,63.33,0.5727,1,-1,-1
495,167,1652.05,282.71,35.15,17.35,0.5438,4,-1,-1
495,169,1850.97,282.38,34.29,19.06,0.4446,4,-1,-1
495,170,812.23,326.00,13.18,27.10,0.5860,1,-1,-1
495,173,1736.63,277.09,26.66,15.69,0.3748,4,-1,-1
495,115,471.62,374.00,22.91,49.37,0.4388,1,-1,-1
496,107,1228.13,416.87,29.41,47.81,0.4121,1,-1,-1
496,108,1239.38,435.31,37.23,83.89,0.7670,1,-1,-1
496,151,1184.51,401.86,42.88,58.43,0.7454,1,-1,-1
496,153,314.62,320.76,26.11,42.78,0.4263,1,-1,-1
496,132,339.32,364.13,23.30,57.97,0.5612,1,-1,-1
496,155,1720.76,287.61,32.20,15.83,0.2546,4,-1,-1
496,120,424.76,378.26,26.03,53.04,0.6671,1,-1,-1
496,160,314.07,383.40,24.63,50.02,0.4446,1,-1,-1
496,131,375.09,361.69,29.74,63.71,0.5727,1,-1,-1
496,167,1652.45,282.90,34.63,17.23,0.5679,4,-1,-1
496,169,1850.37,282.38,34.65,19.20,0.4494,4,-1,-1
496,170,813.85,325.92,12.85,26.52,0.6252,1,-1,-1
496,173,1736.87,277.54,26.24,15.34,0.3812,4,-1,-1
496,115,471.68,373.88,23.10,49.76,0.4562,1,-1,-1
497,107,1228.14,416.77,29.30,47.73,0.4330,1,-1,-1
497,108,1238.73,435.23,37.29,83.58,0.7712,1,-1,-1
497,151,1185.29,401.88,42.52,58.54,0.7379,1,-1,-1
497,153,314.81,320.52,26.42,43.47,0.4311,1,-1,-1
497,132,339.48,364.06,23.32,57.74,0.5670,1,-1,-1
497,155,1721.66,286.50,34.27,16.59,0.2644,4,-1,-1
497,120,424.22,378.04,26.25,53.10,0.6370,1,-1,-1
497,160,314.03,383.42,24.76,50.14,0.4397,1,-1,-1
497,131,375.37,361.52,29.85,63.69,0.5746,1,-1,-1
497,167,1652.83,283.10,34.28,17.15,0.5583,4,-1,-1
497,169,1850.09,282.37,35.11,19.36,0.4562,4,-1,-1
497,170,815.03,326.40,12.69,26.27,0.5612,1,-1,-1
497,173,1736.88,277.91,26.13,15.20,0.3478,4,-1,-1
497,115,471.90,373.79,23.11,50.10,0.4446,1,-1,-1
498,107,1228.05,416.73,29.64,48.52,0.3989,1,-1,-1
498,108,1238.33,434.66,37.34,83.24,0.7780,1,-1,-1
498,151,1187.06,402.14,41.69,58.36,0.6968,1,-1,-1
498,153,314.97,320.63,26.40,43.56,0.4678,1,-1,-1
498,132,339.32,363.63,24.02,59.76,0.6270,1,-1,-1
498,155,1722.60,286.65,32.98,15.80,0.2344,4,-1,-1
498,120,425.09,377.70,26.18,53.37,0.7017,1,-1,-1
498,160,313.79,382.91,25.68,51.88,0.5049,1,-1,-1
498,131,375.43,361.08,29.88,63.54,0.5974,1,-1,-1
498,167,1654.17,283.94,32.76,16.46,0.6179,4,-1,-1
498,169,1851.33,282.71,33.42,18.22,0.4301,4,-1,-1
498,170,816.04,325.14,13.06,27.12,0.4971,1,-1,-1
498,173,1737.29,278.21,25.42,14.76,0.3849,4,-1,-1
498,115,472.18,373.80,22.97,49.95,0.5107,1,-1,-1
499,107,1227.52,416.94,30.80,50.92,0.3277,1,-1,-1
499,108,1238.04,433.54,37.56,83.21,0.7513,1,-1,-1
499,151,1188.77,401.70,40.85,58.37,0.6697,1,-1,-1
499,153,315.26,320.75,26.52,43.83,0.4717,1,-1,-1
499,132,339.42,363.48,24.17,60.37,0.6197,1,-1,-1
499,155,1722.91,286.22,33.64,15.92,0.2516,4,-1,-1
499,120,425.58,377.45,26.07,53.47,0.7098,1,-1,-1
499,160,313.75,382.61,26.21,52.97,0.4863,1,-1,-1
499,131,375.58,360.93,30.03,63.58,0.5936,1,-1,-1
499,167,1654.50,284.18,32.28,16.30,0.6105,4,-1,-1
499,169,1851.88,282.97,32.78,17.68,0.4196,4,-1,-1
499,170,816.89,324.74,13.07,27.24,0.5593,1,-1,-1
499,173,1737.02,278.45,25.27,14.62,0.4017,4,-1,-1
499,115,472.40,373.74,22.84,49.81,0.5049,1,-1,-1
499,174,1333.35,373.41,22.22,32.89,0.4893,2,-1,-1
499,175,1600.59,279.07,40.00,18.82,0.4805,4,-1,-1
500,107,1227.68,417.00,31.07,51.91,0.2775,1,-1,-1
500,108,1237.67,432.61,37.55,82.38,0.7241,1,-1,-1
500,151,1189.88,401.29,40.18,58.80,0.6697,1,-1,-1
500,153,315.51,321.00,26.40,43.75,0.4397,1,-1,-1
500,132,339.88,363.67,23.82,59.63,0.6123,1,-1,-1
500,155,1723.02,285.03,35.71,16.78,0.2806,4,-1,-1
500,120,425.92,377.37,25.94,53.42,0.7033,1,-1,-1
500,160,313.91,382.40,26.39,53.37,0.5195,1,-1,-1
500,131,375.89,360.92,30.17,63.57,0.5727,1,-1,-1
500,167,1654.42,284.12,32.33,16.40,0.6030,4,-1,-1
500,169,1851.43,282.88,33.42,17.86,0.4216,4,-1,-1
500,170,817.56,324.16,13.56,28.26,0.4533,1,-1,-1
500,173,1736.06,278.63,25.65,14.72,0.4102,4,-1,-1
500,115,472.59,373.71,22.79,49.76,0.5039,1,-1,-1
500,174,1333.08,373.34,22.29,32.98,0.5000,2,-1,-1
500,175,1600.75,279.06,39.88,18.76,0.4971,4,-1,-1
501,107,1228.49,416.89,29.77,49.96,0.2790,2,-1,-1
501,108,1237.19,431.61,37.94,82.44,0.6935,1,-1,-1
501,151,1190.42,400.84,39.71,59.64,0.6901,1,-1,-1
501,153,315.85,321.21,26.28,43.70,0.4542,1,-1,-1
501,132,340.44,363.57,23.65,59.42,0.6234,1,-1,-1
501,155,1723.18,284.68,36.56,17.08,0.2351,4,-1,-1
501,120,426.08,377.19,25.91,53.60,0.7098,1,-1,-1
501,160,314.28,382.28,26.18,52.93,0.5293,1,-1,-1
501,131,376.12,361.03,30.23,63.41,0.5651,1,-1,-1
501,167,1654.43,284.22,32.10,16.33,0.5955,4,-1,-1
501,169,1851.41,282.86,33.60,17.79,0.4168,4,-1,-1
501,170,817.90,324.56,13.82,28.78,0.2926,1,-1,-1
501,173,1735.34,278.76,25.96,14.79,0.4026,4,-1,-1
501,115,472.85,373.59,22.84,49.97,0.5224,1,-1,-1
501,174,1332.78,373.29,22.34,33.06,0.5029,2,-1,-1
501,175,1600.83,279.08,39.66,18.65,0.4912,4,-1,-1
502,107,1228.78,416.92,29.22,49.33,0.2870,2,-1,-1
502,108,1236.28,430.74,38.37,82.49,0.6610,1,-1,-1
502,151,1191.16,400.65,38.82,59.86,0.6935,1,-1,-1
502,153,316.24,321.48,26.04,43.52,0.4533,1,-1,-1
502,132,340.98,363.34,23.61,59.49,0.6343,1,-1,-1
502,155,1723.20,284.99,36.49,16.90,0.1865,4,-1,-1
502,120,426.24,377.12,25.81,53.64,0.7066,1,-1,-1
502,160,314.50,382.31,26.07,52.87,0.5651,1,-1,-1
502,131,376.43,361.21,30.31,63.25,0.5727,1,-1,-1
502,167,1654.41,284.43,31.73,16.14,0.5917,4,-1,-1
502,169,1851.02,282.74,33.99,17.88,0.4102,4,-1,-1
502,170,818.49,324.86,13.84,28.78,0.3251,1,-1,-1
502,173,1734.72,278.75,26.45,14.99,0.3942,4,-1,-1
502,115,473.14,373.47,22.77,49.92,0.5195,1,-1,-1
502,174,1332.54,373.10,22.42,33.16,0.4863,2,-1,-1
502,175,1601.04,279.25,39.39,18.53,0.4873,4,-1,-1
503,107,1228.67,416.90,29.11,49.44,0.2806,2,-1,-1
503,108,1235.70,429.71,38.99,82.99,0.6851,1,-1,-1
503,151,1191.89,400.39,37.90,59.94,0.7066,1,-1,-1
503,153,316.54,321.64,25.91,43.49,0.4465,1,-1,-1
503,132,341.27,363.19,23.72,59.88,0.6307,1,-1,-1
503,155,1723.14,284.56,37.17,17.13,0.2095,4,-1,-1
503,120,426.65,377.12,25.77,53.78,0.7017,1,-1,-1
503,160,315.12,382.37,25.78,52.31,0.5029,1,-1,-1
503,131,376.82,361.37,30.46,63.19,0.5670,1,-1,-1
503,167,1654.28,284.62,31.82,16.14,0.5842,4,-1,-1
503,169,1849.95,282.41,35.12,18.47,0.4216,4,-1,-1
503,170,819.18,325.61,13.56,28.11,0.3329,1,-1,-1
503,173,1733.62,278.60,27.46,15.50,0.4484,4,-1,-1
503,115,473.39,373.43,22.71,49.91,0.5244,1,-1,-1
503,174,1332.36,373.09,22.41,33.13,0.4834,2,-1,-1
503,175,1600.39,279.25,39.71,18.69,0.4785,4,-1,-1
504,107,1228.56,416.92,28.77,49.11,0.3200,2,-1,-1
504,108,1236.14,430.33,38.23,80.45,0.6968,1,-1,-1
504,151,1192.35,400.15,37.13,60.19,0.7210,1,-1,-1
504,153,316.75,321.80,25.51,43.04,0.4562,1,-1,-1
504,132,341.62,363.19,23.72,59.98,0.6270,1,-1,-1
504,155,1722.98,284.23,37.35,17.11,0.2902,4,-1,-1
504,120,427.45,376.96,25.72,53.71,0.7098,1,-1,-1
504,160,315.78,382.62,25.31,51.40,0.4834,1,-1,-1
504,131,377.14,361.21,30.66,63.24,0.5098,1,-1,-1
504,167,1654.29,284.81,31.58,15.95,0.5955,4,-1,-1
504,169,1849.73,282.17,35.19,18.54,0.4273,4,-1,-1
504,170,819.99,325.91,13.69,27.95,0.2942,1,-1,-1
504,173,1732.89,278.58,27.85,15.65,0.4668,4,-1,-1
504,115,473.65,373.46,22.52,49.61,0.5361,1,-1,-1
504,174,1332.16,373.23,22.35,33.05,0.4766,2,-1,-1
504,175,1600.02,279.35,39.80,18.75,0.4854,4,-1,-1
505,107,1228.21,416.98,28.54,48.87,0.3594,2,-1,-1
505,108,1236.87,430.85,37.88,78.99,0.7082,1,-1,-1
505,151,1192.60,399.49,36.71,60.95,0.7379,1,-1,-1
505,153,316.87,321.75,25.56,43.33,0.4707,1,-1,-1
505,132,341.87,362.87,24.01,60.73,0.6325,1,-1,-1
505,155,1722.16,284.58,37.25,16.88,0.2193,4,-1,-1
505,120,428.06,376.94,25.71,53.61,0.7194,1,-1,-1
505,160,316.40,383.38,24.76,50.06,0.4359,1,-1,-1
505,131,377.65,361.25,30.78,63.21,0.5176,1,-1,-1
505,167,1653.80,284.77,31.71,16.03,0.5860,4,-1,-1
505,169,1849.98,282.06,34.74,18.33,0.4311,4,-1,-1
505,170,821.99,325.84,13.57,27.90,0.3895,1,-1,-1
505,173,1732.27,278.31,28.58,16.06,0.4446,4,-1,-1
505,115,473.84,373.55,22.46,49.54,0.5166,1,-1,-1
505,174,1331.99,373.44,22.28,32.94,0.4990,2,-1,-1
505,175,1600.05,279.55,39.55,18.65,0.4562,4,-1,-1
506,107,1227.86,416.97,28.61,49.22,0.3775,2,-1,-1
506,108,1237.48,431.07,37.80,78.30,0.7225,1,-1,-1
506,151,1192.87,398.87,36.27,61.61,0.7527,1,-1,-1
506,153,316.87,321.81,25.21,42.99,0.4330,1,-1,-1
506,132,342.22,362.45,24.15,61.13,0.6270,1,-1,-1
506,155,1720.36,285.59,36.99,16.46,0.1761,4,-1,-1
506,120,428.41,376.75,25.81,53.68,0.7114,1,-1,-1
506,160,317.17,383.79,24.28,48.88,0.4455,1,-1,-1
506,131,378.36,360.93,30.95,63.49,0.4581,1,-1,-1
506,167,1653.48,284.62,31.78,16.12,0.5765,4,-1,-1
506,169,1850.71,282.21,33.72,17.79,0.4216,4,-1,-1
506,170,823.41,325.94,13.59,28.09,0.3923,1,-1,-1
506,173,1732.04,278.10,28.87,16.26,0.3831,4,-1,-1
506,115,474.16,373.54,22.29,49.08,0.4951,1,-1,-1
506,174,1331.69,373.61,22.26,32.96,0.5107,2,-1,-1
506,175,1599.99,279.69,39.42,18.62,0.4649,4,-1,-1
507,107,1227.74,416.93,28.32,48.84,0.4216,2,-1,-1
507,108,1238.08,430.82,37.74,77.73,0.7194,1,-1,-1
507,151,1192.90,397.98,35.98,62.40,0.7527,1,-1,-1
507,153,317.15,321.87,25.70,44.00,0.4446,1,-1,-1
507,132,342.36,362.41,24.28,61.30,0.6252,1,-1,-1
507,155,1718.71,286.17,36.99,16.24,0.2101,4,-1,-1
507,120,428.46,376.43,25.95,53.66,0.6575,1,-1,-1
507,160,317.57,383.49,24.71,49.43,0.4054,1,-1,-1
507,131,378.63,360.78,31.08,63.62,0.4504,1,-1,-1
507,167,1652.62,284.03,31.63,16.23,0.5699,4,-1,-1
507,169,1850.66,282.18,33.87,17.88,0.4340,4,-1,-1
507,170,824.73,325.89,13.41,27.88,0.3998,1,-1,-1
507,173,1731.95,278.01,28.90,16.32,0.3951,4,-1,-1
507,115,474.30,373.51,22.53,49.41,0.4766,1,-1,-1
507,174,1331.48,373.70,22.33,33.09,0.5322,2,-1,-1
507,175,1599.41,279.75,39.56,18.75,0.4484,4,-1,-1
508,107,1227.81,417.95,27.99,48.17,0.3132,1,-1,-1
508,108,1238.55,430.06,37.99,77.96,0.7334,1,-1,-1
508,151,1192.91,397.20,35.61,62.96,0.7542,1,-1,-1
508,153,317.68,321.96,26.05,44.74,0.4282,1,-1,-1
508,132,342.83,362.47,24.43,61.59,0.6415,1,-1,-1
508,155,1717.57,286.42,37.38,16.25,0.2241,4,-1,-1
508,120,428.18,376.36,26.27,53.90,0.6505,1,-1,-1
508,160,317.88,383.03,25.48,50.59,0.3513,1,-1,-1
508,131,378.91,360.65,31.13,63.57,0.4552,1,-1,-1
508,167,1652.13,283.56,31.37,16.32,0.5718,4,-1,-1
508,169,1850.11,281.99,34.65,18.35,0.4542,4,-1,-1
508,170,826.39,326.77,12.77,26.74,0.4494,1,-1,-1
508,173,1731.73,278.14,28.56,16.17,0.4235,4,-1,-1
508,115,474.61,373.57,22.72,49.73,0.4562,1,-1,-1
508,174,1331.27,373.80,22.44,33.31,0.5263,2,-1,-1
508,175,1599.04,279.87,38.95,18.56,0.4168,4,-1,-1
509,107,1227.57,417.30,27.94,48.17,0.3363,2,-1,-1
509,108,1239.57,429.09,38.16,78.46,0.7349,1,-1,-1
509,151,1192.68,396.16,35.51,64.03,0.7527,1,-1,-1
509,153,318.33,321.63,27.06,46.60,0.4407,1,-1,-1
509,132,343.32,362.46,24.62,62.11,0.6325,1,-1,-1
509,155,1715.30,287.06,37.24,16.22,0.2436,4,-1,-1
509,120,428.43,376.55,26.33,53.76,0.6343,1,-1,-1
509,160,317.22,382.75,27.00,53.22,0.2975,1,-1,-1
509,131,378.92,360.15,31.45,64.07,0.4542,1,-1,-1
509,167,1651.74,283.42,31.27,16.49,0.5756,4,-1,-1
509,169,1849.59,281.73,35.28,18.75,0.4494,4,-1,-1
509,170,827.71,327.17,12.50,26.50,0.5166,1,-1,-1
509,173,1731.84,278.25,28.11,15.97,0.4388,4,-1,-1
509,115,474.89,373.59,22.77,49.78,0.4542,1,-1,-1
509,174,1331.31,373.82,22.57,33.48,0.5419,2,-1,-1
509,175,1599.23,279.96,38.48,18.44,0.4340,4,-1,-1
510,107,1227.53,416.97,27.81,48.05,0.3200,2,-1,-1
510,108,1240.73,428.93,37.68,77.63,0.7318,1,-1,-1
510,151,1192.39,395.47,35.20,64.73,0.7656,1,-1,-1
510,153,319.03,321.46,27.02,46.50,0.4254,1,-1,-1
510,132,343.84,362.52,24.72,62.47,0.6123,1,-1,-1
510,155,1715.59,287.07,37.20,16.16,0.2288,4,-1,-1
510,120,428.86,376.77,26.35,53.73,0.6397,1,-1,-1
510,160,316.36,382.80,28.37,55.62,0.3115,1,-1,-1
510,131,379.02,359.75,31.63,64.16,0.4504,1,-1,-1
510,167,1652.03,283.51,31.07,16.56,0.5823,4,-1,-1
510,169,1849.16,281.57,35.70,19.06,0.4301,4,-1,-1
510,170,828.58,327.34,12.46,26.78,0.4311,1,-1,-1
510,173,1731.93,278.62,27.14,15.47,0.3720,4,-1,-1
510,115,475.23,373.64,22.68,49.51,0.4766,1,-1,-1
510,174,1331.28,373.83,22.67,33.63,0.5477,2,-1,-1
510,175,1599.81,280.01,37.93,18.29,0.3720,4,-1,-1
511,107,1227.14,417.20,28.08,48.55,0.4407,1,-1,-1
511,108,1241.76,428.25,37.30,77.03,0.7194,1,-1,-1
511,151,1192.36,394.96,34.70,64.90,0.7807,1,-1,-1
511,153,319.72,321.40,26.47,45.48,0.3585,1,-1,-1
511,132,344.75,362.54,24.11,60.95,0.5993,1,-1,-1
511,155,1715.36,287.30,37.17,16.12,0.2247,4,-1,-1
511,120,429.24,376.65,26.41,53.82,0.6160,1,-1,-1
511,160,317.12,382.80,28.76,56.33,0.2918,1,-1,-1
511,131,379.17,359.10,31.95,64.65,0.4017,1,-1,-1
511,167,1652.22,283.73,30.54,16.43,0.6011,4,-1,-1
511,169,1849.04,281.58,35.86,19.22,0.4273,4,-1,-1
511,170,829.82,326.18,12.64,27.37,0.3794,1,-1,-1
511,173,1731.77,278.62,26.89,15.38,0.3702,4,-1,-1
511,115,475.51,373.65,22.62,49.34,0.4785,1,-1,-1
511,174,1331.16,373.91,22.60,33.53,0.5535,2,-1,-1
511,175,1600.14,280.16,37.13,18.04,0.3451,4,-1,-1
512,107,1227.17,417.29,27.69,47.93,0.4225,1,-1,-1
512,108,1242.59,426.82,37.24,77.19,0.7210,1,-1,-1
512,151,1192.25,394.06,34.33,65.28,0.7712,1,-1,-1
512,153,320.17,320.75,25.74,44.05,0.3914,1,-1,-1
512,132,346.23,362.62,23.44,59.62,0.5974,1,-1,-1
512,155,1715.18,287.66,36.41,15.75,0.1772,4,-1,-1
512,120,429.52,376.55,26.49,53.97,0.6361,1,-1,-1
512,160,319.12,383.32,28.13,55.12,0.3355,1,-1,-1
512,131,379.89,360.14,31.29,62.93,0.3639,1,-1,-1
512,167,1652.30,283.82,30.14,16.38,0.5765,4,-1,-1
512,169,1849.21,281.71,35.38,19.01,0.4045,4,-1,-1
512,170,830.97,325.54,12.68,27.37,0.4007,1,-1,-1
512,173,1731.88,278.74,26.52,15.18,0.3320,4,-1,-1
512,115,476.11,373.54,22.39,48.87,0.5244,1,-1,-1
512,174,1331.14,373.76,22.69,33.60,0.5137,2,-1,-1
512,175,1600.79,280.38,36.63,17.93,0.2983,4,-1,-1
513,107,1226.81,417.19,27.64,47.76,0.4893,1,-1,-1
513,108,1243.72,426.31,36.59,75.76,0.7225,1,-1,-1
513,151,1192.03,393.90,33.89,65.42,0.7976,1,-1,-1
513,153,320.12,320.24,25.18,43.01,0.3225,1,-1,-1
513,132,346.82,361.95,23.71,60.39,0.6142,1,-1,-1
513,155,1712.15,288.62,36.44,15.85,0.2775,4,-1,-1
513,120,429.41,376.34,27.00,55.19,0.6451,1,-1,-1
513,160,320.06,383.27,27.73,54.52,0.3225,1,-1,-1
513,131,383.06,360.00,31.78,64.72,0.4504,1,-1,-1
513,167,1651.70,283.48,30.66,16.77,0.6123,4,-1,-1
513,169,1849.18,282.10,35.67,19.19,0.4292,4,-1,-1
513,170,831.89,326.04,12.71,27.51,0.4883,1,-1,-1
513,173,1731.39,278.62,26.70,15.19,0.3260,4,-1,-1
513,115,476.59,372.85,22.11,48.16,0.5409,1,-1,-1
513,174,1330.39,373.63,22.83,33.87,0.5746,2,-1,-1
513,175,1600.76,280.21,36.39,17.92,0.3311,4,-1,-1
514,107,1226.41,416.78,27.48,47.32,0.4785,1,-1,-1
514,108,1244.31,426.12,36.18,74.85,0.7642,1,-1,-1
514,151,1191.51,393.45,33.57,65.94,0.8062,1,-1,-1
514,153,320.71,320.00,25.18,42.67,0.2309,1,-1,-1
514,132,348.16,362.58,22.91,58.43,0.6289,1,-1,-1
514,155,1711.14,288.31,37.31,16.26,0.3225,4,-1,-1
514,120,429.29,376.51,26.96,55.48,0.5983,1,-1,-1
514,160,320.10,382.90,27.95,54.25,0.3355,1,-1,-1
514,131,383.56,358.49,32.78,67.02,0.4717,1,-1,-1
514,167,1651.21,283.46,30.29,16.68,0.5823,4,-1,-1
514,169,1848.26,281.85,37.00,19.99,0.4149,4,-1,-1
514,170,832.84,325.94,12.84,27.97,0.5506,1,-1,-1
514,173,1730.80,278.61,26.89,15.19,0.2666,4,-1,-1
514,115,477.06,372.45,21.94,47.59,0.4834,1,-1,-1
514,174,1330.07,373.60,22.71,33.56,0.5842,2,-1,-1
514,175,1601.21,280.23,35.84,17.74,0.4196,4,-1,-1
515,107,1225.86,416.76,27.51,47.64,0.4795,1,-1,-1
515,108,1244.83,425.36,36.35,75.53,0.7712,1,-1,-1
515,151,1190.83,392.85,33.25,66.52,0.8099,1,-1,-1
515,153,321.40,319.90,25.26,42.37,0.3803,2,-1,-1
515,132,349.22,362.51,22.52,57.53,0.6469,1,-1,-1
515,155,1710.54,287.73,37.39,16.34,0.2934,4,-1,-1
515,120,429.87,375.99,26.59,54.86,0.6030,1,-1,-1
515,160,320.67,382.83,28.15,54.02,0.3895,1,-1,-1
515,131,384.30,357.74,33.05,67.74,0.4494,1,-1,-1
515,167,1650.81,283.03,29.91,16.61,0.5879,4,-1,-1
515,169,1847.67,281.62,37.88,20.56,0.4263,4,-1,-1
515,170,833.37,325.56,13.22,28.94,0.4378,1,-1,-1
515,173,1729.87,278.54,27.36,15.33,0.2422,4,-1,-1
515,115,477.69,372.29,21.93,47.37,0.4330,1,-1,-1
515,174,1329.89,373.56,22.65,33.35,0.5823,2,-1,-1
515,175,1601.70,280.05,35.37,17.57,0.4369,4,-1,-1
516,107,1224.58,415.61,27.80,48.04,0.4980,1,-1,-1
516,108,1245.07,424.60,36.64,76.51,0.7833,1,-1,-1
516,151,1190.53,392.30,32.76,66.91,0.7976,1,-1,-1
516,153,321.80,319.71,25.45,42.38,0.2783,1,-1,-1
516,132,349.84,362.51,22.29,57.07,0.6522,1,-1,-1
516,155,1709.69,287.05,37.69,16.56,0.3032,4,-1,-1
516,120,430.54,376.14,26.33,54.51,0.5983,1,-1,-1
516,160,321.95,382.35,28.38,54.38,0.4533,1,-1,-1
516,131,385.28,359.74,32.12,65.56,0.4036,1,-1,-1
516,167,1650.46,282.66,29.72,16.64,0.6105,4,-1,-1
516,169,1847.35,281.63,38.20,20.82,0.4158,4,-1,-1
516,170,834.76,324.29,13.23,29.15,0.4254,1,-1,-1
516,173,1728.90,277.92,28.22,15.77,0.2173,4,-1,-1
516,115,478.18,372.16,21.98,47.34,0.5176,1,-1,-1
516,174,1329.51,373.42,22.79,33.54,0.5283,2,-1,-1
516,175,1601.37,280.00,35.13,17.54,0.4533,4,-1,-1
517,107,1223.93,414.98,27.78,47.95,0.4893,1,-1,-1
517,108,1245.67,423.02,36.93,77.87,0.7698,1,-1,-1
517,151,1190.54,391.77,32.25,67.11,0.7833,1,-1,-1
517,153,322.37,319.67,25.55,42.26,0.2487,1,-1,-1
517,132,350.30,362.46,22.20,57.05,0.6415,1,-1,-1
517,155,1709.02,286.55,38.34,16.90,0.2759,4,-1,-1
517,120,431.25,375.92,26.33,54.74,0.6095,1,-1,-1
517,160,322.77,381.90,28.38,54.29,0.4727,1,-1,-1
517,131,385.80,358.72,32.40,66.11,0.4007,1,-1,-1
517,167,1650.42,282.70,29.08,16.35,0.5964,4,-1,-1
517,169,1847.32,281.90,37.87,20.72,0.4130,4,-1,-1
517,170,835.94,323.45,13.41,29.76,0.4941,1,-1,-1
517,173,1727.30,277.60,29.53,16.55,0.2114,4,-1,-1
517,115,478.83,372.10,21.93,47.00,0.5039,1,-1,-1
517,174,1329.07,373.37,22.99,33.90,0.4863,2,-1,-1
517,175,1601.34,280.02,35.19,17.63,0.4834,4,-1,-1
518,107,1223.23,415.00,27.80,47.82,0.4149,1,-1,-1
518,108,1246.62,421.44,37.23,79.53,0.7542,1,-1,-1
518,151,1190.52,391.36,31.55,66.83,0.7656,1,-1,-1
518,153,323.00,319.73,25.80,42.41,0.3007,1,-1,-1
518,132,350.59,362.37,22.18,56.98,0.6522,1,-1,-1
518,155,1707.98,286.33,38.90,17.23,0.2846,4,-1,-1
518,120,432.25,376.10,25.85,53.65,0.5612,1,-1,-1
518,160,322.52,381.40,29.94,57.53,0.5312,1,-1,-1
518,131,387.28,359.51,31.99,65.34,0.3979,1,-1,-1
518,167,1650.22,282.68,28.70,16.16,0.5917,4,-1,-1
518,169,1846.32,281.66,38.73,21.26,0.3942,4,-1,-1
518,170,837.18,323.17,13.40,29.91,0.3372,1,-1,-1
518,173,1725.67,276.94,31.05,17.51,0.1761,4,-1,-1
518,115,479.34,371.90,22.14,47.17,0.4844,1,-1,-1
518,174,1328.94,373.18,23.29,34.27,0.4083,2,-1,-1
518,175,1600.64,279.57,35.71,18.04,0.5039,4,-1,-1
519,107,1222.83,415.59,27.07,46.39,0.3803,2,-1,-1
519,108,1247.88,420.75,36.86,79.91,0.7098,1,-1,-1
519,151,1190.36,391.19,30.57,65.93,0.7684,1,-1,-1
519,153,323.83,319.92,26.01,42.50,0.3495,1,-1,-1
519,132,351.04,362.17,22.34,57.52,0.6487,1,-1,-1
519,155,1707.39,286.07,39.57,17.67,0.2487,4,-1,-1
519,120,433.19,376.10,25.52,53.00,0.5689,1,-1,-1
519,160,323.02,381.17,29.50,56.65,0.4971,1,-1,-1
519,131,390.25,365.54,30.07,60.62,0.4688,1,-1,-1
519,167,1650.21,282.65,28.32,15.96,0.6011,4,-1,-1
519,169,1844.93,281.19,39.60,21.86,0.3849,4,-1,-1
519,170,839.22,325.66,12.53,27.93,0.3840,1,-1,-1
519,173,1724.29,276.25,32.09,18.25,0.1944,4,-1,-1
519,115,479.99,371.90,22.64,48.31,0.4990,1,-1,-1
519,174,1328.10,373.25,23.00,33.98,0.3970,2,-1,-1
519,175,1600.21,279.39,35.68,18.16,0.5166,4,-1,-1
519,179,1897.77,282.74,22.63,19.97,0.5107,4,-1,-1
520,107,1222.44,415.60,26.60,45.24,0.4282,2,-1,-1
520,108,1249.37,420.48,35.89,78.96,0.7098,1,-1,-1
520,151,1189.84,390.92,29.90,65.73,0.7409,1,-1,-1
520,153,324.87,320.95,25.84,41.64,0.3007,2,-1,-1
520,132,351.89,362.19,22.27,57.53,0.6325,1,-1,-1
520,155,1707.27,285.41,41.31,18.54,0.2394,4,-1,-1
520,120,434.37,375.82,25.54,52.89,0.5554,1,-1,-1
520,160,320.76,381.85,29.77,56.32,0.3285,1,-1,-1
520,131,392.42,367.18,29.10,58.56,0.4130,1,-1,-1
520,167,1649.19,281.98,29.36,16.67,0.5983,4,-1,-1
520,169,1843.99,281.00,39.60,21.94,0.3831,4,-1,-1
520,170,841.24,327.16,11.99,26.57,0.2783,1,-1,-1
520,173,1723.78,276.39,31.92,18.23,0.1394,4,-1,-1
520,115,480.72,371.79,22.63,48.34,0.4902,1,-1,-1
520,174,1327.34,372.86,22.91,33.95,0.3612,2,-1,-1
520,175,1599.60,279.33,35.85,18.32,0.4475,4,-1,-1
520,179,1897.43,282.83,22.98,20.29,0.5166,4,-1,-1
520,180,399.52,342.33,20.73,48.17,0.4513,1,-1,-1
520,181,1761.79,269.91,43.40,17.40,0.5244,4,-1,-1
521,107,1222.44,415.62,26.17,44.26,0.4902,2,-1,-1
521,108,1250.52,419.89,35.21,78.58,0.7287,1,-1,-1
521,151,1189.46,390.90,29.19,65.41,0.7349,1,-1,-1
521,153,325.47,320.36,26.19,41.84,0.3057,1,-1,-1
521,132,352.65,362.33,22.01,57.10,0.6361,1,-1,-1
521,155,1706.90,284.66,43.12,19.52,0.2480,4,-1,-1
521,120,435.61,375.28,25.43,52.81,0.5765,1,-1,-1
521,160,321.56,381.86,27.11,49.93,0.2254,2,-1,-1
521,131,394.09,369.47,27.90,56.01,0.3951,1,-1,-1
521,167,1648.65,281.73,29.85,17.07,0.6142,4,-1,-1
521,169,1842.96,280.70,40.39,22.44,0.3877,4,-1,-1
521,170,842.53,326.83,12.29,27.28,0.3407,1,-1,-1
521,173,1723.18,276.56,31.98,18.32,0.1566,4,-1,-1
521,115,481.51,371.67,22.47,48.04,0.5390,1,-1,-1
521,174,1326.96,372.52,22.72,33.70,0.3711,2,-1,-1
521,175,1598.31,279.20,36.51,18.63,0.4292,4,-1,-1
521,179,1897.34,283.03,23.19,20.51,0.5185,4,-1,-1
521,180,400.75,342.07,21.15,49.20,0.5127,1,-1,-1
521,181,1761.01,269.82,44.41,17.81,0.5631,4,-1,-1
521,182,1787.39,281.26,47.41,21.22,0.4668,4,-1,-1
522,107,1221.85,415.52,26.74,45.08,0.4359,2,-1,-1
522,108,1252.14,419.81,33.99,76.83,0.7146,1,-1,-1
522,151,1189.19,390.33,28.92,66.11,0.7082,1,-1,-1
522,153,325.97,320.71,26.07,41.42,0.2886,2,-1,-1
522,132,353.41,362.22,21.87,56.79,0.6307,1,-1,-1
522,155,1706.43,283.55,44.84,20.42,0.2713,4,-1,-1
522,120,436.73,375.17,25.05,52.28,0.5898,1,-1,-1
522,160,323.69,381.63,25.43,45.61,0.2621,2,-1,-1
522,131,395.02,368.24,28.24,56.82,0.4111,1,-1,-1
522,167,1647.92,281.36,30.13,17.39,0.6049,4,-1,-1
522,169,1842.82,280.42,40.63,22.68,0.4225,4,-1,-1
522,170,844.07,328.35,11.60,25.55,0.3124,1,-1,-1
522,173,1721.05,277.10,32.16,18.31,0.1801,4,-1,-1
522,115,482.47,371.67,22.21,47.48,0.5302,1,-1,-1
522,174,1326.55,372.34,22.64,33.59,0.3337,2,-1,-1
522,175,1597.02,279.13,37.18,18.94,0.4045,4,-1,-1
522,179,1895.95,283.32,22.72,19.95,0.5477,4,-1,-1
522,180,401.00,341.99,23.07,53.88,0.5419,1,-1,-1
522,181,1760.61,269.88,45.03,18.08,0.5574,4,-1,-1
522,182,1785.78,281.28,48.74,21.81,0.4533,4,-1,-1
522,184,381.99,349.85,22.26,52.76,0.5419,1,-1,-1
523,107,1221.28,415.69,27.19,45.68,0.3016,2,-1,-1
523,108,1252.92,419.55,33.29,76.18,0.7349,1,-1,-1
523,151,1188.97,389.86,28.60,66.65,0.7098,1,-1,-1
523,153,327.50,321.23,25.94,40.83,0.2220,2,-1,-1
523,132,354.18,361.79,21.93,56.97,0.6505,1,-1,-1
523,155,1706.26,283.48,44.45,20.25,0.1993,4,-1,-1
523,120,437.64,375.05,24.85,52.18,0.6343,1,-1,-1
523,160,325.79,380.90,24.54,43.55,0.1303,2,-1,-1
523,131,394.52,364.82,29.72,59.90,0.4600,1,-1,-1
523,167,1647.40,281.13,30.15,17.60,0.5860,4,-1,-1
523,169,1843.30,280.38,40.39,22.63,0.4111,4,-1,-1
523,170,845.23,328.97,11.76,25.46,0.3381,1,-1,-1
523,173,1717.02,277.51,35.68,20.17,0.1303,4,-1,-1
523,115,483.44,371.56,22.01,47.19,0.5746,1,-1,-1
523,174,1325.69,372.13,22.53,33.49,0.3585,2,-1,-1
523,175,1596.26,279.15,37.36,18.83,0.3831,4,-1,-1
523,179,1894.77,283.45,22.65,19.64,0.5419,4,-1,-1
523,180,401.72,341.66,23.98,56.31,0.5390,1,-1,-1
523,181,1759.35,270.02,45.22,18.18,0.4922,4,-1,-1
523,182,1784.70,281.62,48.80,21.84,0.3603,4,-1,-1
523,184,382.02,351.27,20.70,49.11,0.5974,1,-1,-1
524,107,1220.22,415.54,27.62,46.54,0.3979,1,-1,-1
524,108,1254.18,419.18,32.41,75.03,0.7424,1,-1,-1
524,151,1188.77,389.04,28.26,67.00,0.7146,1,-1,-1
524,153,328.06,322.48,24.98,39.62,0.2983,2,-1,-1
524,132,354.38,361.38,22.21,57.56,0.6379,1,-1,-1
524,155,1705.46,282.15,45.56,20.76,0.2012,4,-1,-1
524,120,438.19,374.77,24.71,52.31,0.5936,1,-1,-1
524,160,326.64,380.28,23.72,41.31,0.1525,2,-1,-1
524,131,396.38,367.69,28.38,56.74,0.4092,1,-1,-1
524,167,1646.72,280.66,30.51,18.03,0.5813,4,-1,-1
524,169,1843.30,280.93,38.05,21.33,0.4465,4,-1,-1
524,170,846.20,328.48,12.03,25.63,0.3294,1,-1,-1
524,173,1715.37,277.09,36.20,20.26,0.1446,4,-1,-1
524,115,484.09,371.49,21.73,46.69,0.5487,1,-1,-1
524,174,1325.24,371.89,22.49,33.46,0.3858,2,-1,-1
524,175,1594.15,279.06,37.93,18.95,0.4475,4,-1,-1
524,179,1893.27,283.20,23.22,19.79,0.5670,4,-1,-1
524,180,402.80,341.42,24.29,57.43,0.5458,1,-1,-1
524,181,1758.63,270.07,46.05,18.51,0.5078,4,-1,-1
524,182,1783.08,281.53,49.65,22.22,0.4484,4,-1,-1
524,184,382.14,351.46,20.19,47.95,0.5860,1,-1,-1
525,107,1219.53,415.38,27.63,46.57,0.2429,1,-1,-1
525,108,1255.46,418.22,32.38,75.93,0.7725,1,-1,-1
525,151,1188.74,387.95,27.84,67.16,0.7349,1,-1,-1
525,153,327.24,320.67,26.14,42.00,0.2798,1,-1,-1
525,132,355.66,361.00,22.22,57.78,0.6469,1,-1,-1
525,155,1704.55,281.39,46.41,21.17,0.1755,4,-1,-1
525,120,438.91,374.21,24.74,52.84,0.6307,1,-1,-1
525,131,397.78,368.99,27.86,55.32,0.4426,1,-1,-1
525,167,1646.30,280.41,30.68,18.32,0.5574,4,-1,-1
525,169,1841.62,280.77,39.01,21.74,0.5244,4,-1,-1
525,170,848.73,328.40,11.64,24.56,0.2095,1,-1,-1
525,173,1714.50,276.40,36.39,20.21,0.1495,4,-1,-1
525,115,484.92,371.44,21.64,46.51,0.5438,1,-1,-1
525,174,1324.58,371.49,22.74,33.94,0.2822,2,-1,-1
525,175,1593.13,279.21,38.22,18.92,0.4717,4,-1,-1
525,179,1892.57,282.94,23.16,19.28,0.5380,4,-1,-1
525,180,404.40,340.96,23.23,55.25,0.5361,1,-1,-1
525,181,1758.85,270.06,45.90,18.43,0.4785,4,-1,-1
525,182,1781.60,281.61,49.92,22.31,0.4168,4,-1,-1
525,184,382.39,351.22,20.26,48.13,0.5784,1,-1,-1
526,107,1219.18,415.73,27.87,47.06,0.2415,1,-1,-1
526,108,1256.35,417.24,32.31,76.77,0.7599,1,-1,-1
526,151,1188.73,386.82,27.58,67.77,0.7513,1,-1,-1
526,153,327.31,319.43,27.25,44.19,0.3251,1,-1,-1
526,132,356.64,360.25,22.63,59.02,0.6361,1,-1,-1
526,155,1702.88,282.29,45.57,20.92,0.2539,4,-1,-1
526,120,440.32,373.64,24.86,53.47,0.6361,1,-1,-1
526,131,398.07,369.13,28.04,55.30,0.4083,1,-1,-1
526,167,1645.82,280.00,31.05,18.68,0.5205,4,-1,-1
526,169,1840.44,280.68,39.68,21.98,0.5574,4,-1,-1
526,170,850.47,327.77,11.42,24.00,0.3558,1,-1,-1
526,173,1713.61,276.08,35.54,19.66,0.2031,4,-1,-1
526,115,485.85,371.48,21.71,46.62,0.5361,1,-1,-1
526,174,1325.24,371.58,22.41,33.08,0.2598,2,-1,-1
526,175,1591.11,278.94,38.62,19.02,0.5263,4,-1,-1
526,179,1892.20,282.69,23.83,19.45,0.4971,4,-1,-1
526,180,404.72,341.24,23.58,56.45,0.5823,1,-1,-1
526,181,1758.36,269.95,47.06,18.92,0.5727,4,-1,-1
526,182,1784.66,280.90,48.82,21.84,0.4776,4,-1,-1
526,184,382.49,349.79,20.93,49.69,0.5631,1,-1,-1
527,107,1218.58,415.10,27.70,46.89,0.2365,1,-1,-1
527,108,1257.15,416.59,31.67,76.27,0.7409,1,-1,-1
527,151,1188.60,386.17,27.21,68.13,0.7454,1,-1,-1
527,153,328.16,319.21,26.86,43.66,0.3666,1,-1,-1
527,132,357.85,360.03,22.61,59.25,0.6234,1,-1,-1
527,155,1700.76,281.42,46.38,21.51,0.2539,4,-1,-1
527,120,441.94,373.37,25.38,54.57,0.6575,1,-1,-1
527,131,398.22,369.02,28.12,55.41,0.4140,1,-1,-1
527,167,1645.70,279.87,30.74,18.61,0.5273,4,-1,-1
527,169,1841.34,280.28,39.71,22.01,0.4912,4,-1,-1
527,170,851.61,328.22,11.57,24.29,0.4513,1,-1,-1
527,173,1714.41,276.74,32.67,18.09,0.1640,4,-1,-1
527,115,486.69,371.48,21.89,47.00,0.5574,1,-1,-1
527,174,1324.66,371.49,22.23,32.58,0.2767,2,-1,-1
527,175,1590.12,278.86,38.60,18.87,0.4717,4,-1,-1
527,179,1893.26,282.56,23.92,19.33,0.4571,4,-1,-1
527,180,406.83,341.28,22.46,53.88,0.6397,1,-1,-1
527,181,1758.31,269.83,47.51,19.14,0.5689,4,-1,-1
527,182,1785.16,280.81,48.48,21.73,0.4340,4,-1,-1
527,184,382.44,349.15,20.85,49.47,0.5670,1,-1,-1
528,107,1218.38,415.07,28.27,47.60,0.1128,1,-1,-1
528,108,1257.89,415.96,31.25,76.24,0.7256,1,-1,-1
528,151,1188.86,385.28,26.54,67.45,0.7364,1,-1,-1
528,153,329.45,319.00,27.26,44.35,0.1144,1,-1,-1
528,132,358.46,360.48,22.39,58.75,0.5448,1,-1,-1
528,155,1700.49,278.43,48.01,22.63,0.1281,4,-1,-1
528,120,442.69,373.57,24.97,54.08,0.5860,1,-1,-1
528,131,399.03,367.27,28.30,56.25,0.3675,1,-1,-1
528,167,1645.02,278.87,31.47,19.34,0.4610,4,-1,-1
528,169,1842.58,279.41,42.64,23.47,0.2444,4,-1,-1
528,170,852.35,329.19,11.60,24.32,0.4168,1,-1,-1
528,173,1712.20,277.25,32.55,17.83,0.1321,4,-1,-1
528,115,487.51,371.41,21.66,46.65,0.3702,1,-1,-1
528,174,1323.98,371.08,21.54,31.51,0.3702,2,-1,-1
528,175,1588.75,279.70,37.89,18.53,0.4591,4,-1,-1
528,179,1893.68,282.50,24.20,19.35,0.3748,4,-1,-1
528,180,408.00,340.86,21.23,50.99,0.5244,1,-1,-1
528,181,1758.65,270.24,46.13,18.64,0.5029,4,-1,-1
528,182,1784.76,280.55,49.42,22.35,0.4369,4,-1,-1
528,184,381.87,348.98,20.58,48.95,0.6105,1,-1,-1
529,107,1218.27,415.11,29.99,50.04,0.1097,1,-1,-1
529,108,1259.15,415.57,30.58,75.30,0.6935,1,-1,-1
529,151,1189.09,384.41,26.23,67.40,0.7256,1,-1,-1
529,153,329.14,318.91,26.99,44.01,0.1871,1,-1,-1
529,132,359.79,360.02,22.35,58.46,0.5689,1,-1,-1
529,155,1698.77,282.03,47.39,22.54,0.2862,4,-1,-1
529,120,443.69,373.50,24.51,53.43,0.5117,1,-1,-1
529,131,400.85,367.11,28.29,55.75,0.2950,1,-1,-1
529,167,1644.52,279.04,31.00,19.18,0.3016,4,-1,-1
529,169,1841.96,280.12,42.12,23.08,0.3225,4,-1,-1
529,170,853.64,330.04,11.34,23.61,0.2516,1,-1,-1
529,115,488.65,371.46,21.31,46.29,0.3567,1,-1,-1
529,174,1323.59,370.73,21.37,31.11,0.2983,2,-1,-1
529,175,1588.04,279.91,36.60,17.87,0.3166,4,-1,-1
529,179,1895.15,281.85,23.03,18.25,0.2502,4,-1,-1
529,180,409.18,340.98,20.67,49.57,0.4292,1,-1,-1
529,181,1758.99,270.41,45.69,18.55,0.4776,4,-1,-1
529,182,1785.79,281.31,47.21,21.50,0.4130,4,-1,-1
529,184,381.72,348.56,20.54,48.89,0.5535,1,-1,-1
530,107,1219.44,415.94,31.04,50.54,0.1587,2,-1,-1
530,108,1259.93,415.30,30.26,74.88,0.7001,1,-1,-1
530,151,1189.07,384.49,25.69,66.46,0.7210,1,-1,-1
530,153,331.01,318.87,27.82,45.15,0.2193,1,-1,-1
530,132,360.78,360.13,22.19,57.83,0.6011,1,-1,-1
530,155,1697.56,283.34,47.33,22.60,0.2598,4,-1,-1
530,120,444.81,373.50,23.95,53.00,0.4932,1,-1,-1
530,131,403.50,366.55,28.39,56.25,0.3877,1,-1,-1
530,167,1644.15,281.13,28.18,17.54,0.3576,4,-1,-1
530,169,1841.71,280.27,42.11,22.86,0.2705,4,-1,-1
530,170,854.81,330.17,11.51,23.63,0.1530,1,-1,-1
530,115,490.25,370.95,21.41,46.91,0.4235,1,-1,-1
530,174,1322.98,370.42,20.98,30.43,0.2751,2,-1,-1
530,175,1588.53,280.20,35.41,17.39,0.3285,4,-1,-1
530,179,1894.38,281.31,25.15,20.01,0.2207,4,-1,-1
530,180,409.75,341.05,18.99,45.46,0.4321,1,-1,-1
530,181,1758.45,270.53,45.35,18.55,0.4149,4,-1,-1
530,182,1785.54,280.78,46.86,21.49,0.2814,4,-1,-1
530,184,381.71,348.07,20.30,48.48,0.5955,1,-1,-1
531,107,1217.82,416.22,30.01,48.48,0.2531,2,-1,-1
531,108,1260.91,414.35,30.00,74.88,0.6868,1,-1,-1
531,151,1188.86,384.97,25.09,65.47,0.7146,1,-1,-1
531,153,333.54,319.21,27.65,44.71,0.2207,1,-1,-1
531,132,361.68,360.03,22.44,58.32,0.6215,1,-1,-1
531,155,1697.62,283.42,47.79,22.80,0.2783,4,-1,-1
531,120,446.22,373.20,23.29,52.23,0.4659,1,-1,-1
531,131,402.36,363.52,28.99,58.31,0.3621,1,-1,-1
531,167,1642.72,279.30,30.38,19.10,0.1613,4,-1,-1
531,169,1839.17,278.58,44.80,24.28,0.2705,4,-1,-1
531,170,856.09,331.67,11.07,22.28,0.1919,1,-1,-1
531,115,491.54,370.57,21.13,46.48,0.3812,1,-1,-1
531,174,1321.91,370.25,20.64,30.08,0.2401,2,-1,-1
531,175,1587.83,279.88,35.33,17.30,0.3124,4,-1,-1
531,179,1892.37,280.87,26.64,21.08,0.2268,4,-1,-1
531,180,409.65,341.26,20.00,47.99,0.4083,1,-1,-1
531,181,1758.58,270.26,45.75,18.79,0.4912,4,-1,-1
531,182,1785.10,280.80,47.08,21.69,0.4562,4,-1,-1
531,184,381.84,347.38,20.33,48.72,0.5765,1,-1,-1
531,186,335.79,378.69,26.29,57.29,0.5477,1,-1,-1
532,107,1216.53,417.20,30.27,48.58,0.1352,2,-1,-1
532,108,1261.64,413.27,29.94,75.43,0.7017,1,-1,-1
532,151,1188.11,384.91,24.59,64.67,0.7098,1,-1,-1
532,153,334.68,319.16,27.18,43.71,0.2187,1,-1,-1
532,132,362.46,359.85,22.79,58.93,0.6766,1,-1,-1
532,155,1697.37,285.59,43.77,20.77,0.2147,4,-1,-1
532,120,447.21,372.94,23.10,52.23,0.5612,1,-1,-1
532,131,402.24,359.76,29.53,60.63,0.3612,1,-1,-1
532,167,1642.10,281.62,27.32,17.11,0.2918,4,-1,-1
532,169,1842.04,278.46,44.18,23.36,0.1172,4,-1,-1
532,170,858.71,331.95,10.72,21.38,0.3024,1,-1,-1
532,115,492.86,370.17,21.34,46.77,0.4149,1,-1,-1
532,174,1321.15,370.13,20.99,30.75,0.2822,2,-1,-1
532,175,1586.62,279.38,34.87,17.05,0.3748,4,-1,-1
532,179,1892.48,280.90,27.91,22.35,0.1255,4,-1,-1
532,180,409.12,340.73,23.27,56.73,0.4961,1,-1,-1
532,181,1760.07,269.70,46.00,18.86,0.4455,4,-1,-1
532,182,1785.51,280.67,45.65,21.11,0.3603,4,-1,-1
532,184,382.41,347.16,20.51,49.21,0.5689,1,-1,-1
532,186,337.24,378.46,25.74,56.07,0.5234,1,-1,-1
533,107,1214.82,417.30,31.08,50.17,0.3905,2,-1,-1
533,108,1262.84,411.85,30.05,76.16,0.6984,1,-1,-1
533,151,1187.45,384.28,24.63,65.20,0.6715,1,-1,-1
533,153,335.13,319.10,26.48,42.37,0.1312,1,-1,-1
533,132,363.47,359.38,22.89,58.83,0.6575,1,-1,-1
533,155,1696.38,286.44,45.03,21.31,0.1901,4,-1,-1
533,120,448.22,372.28,22.92,52.45,0.4187,1,-1,-1
533,131,404.26,361.53,28.18,58.44,0.4225,1,-1,-1
533,167,1637.16,282.30,27.58,16.77,0.1192,4,-1,-1
533,169,1838.20,277.76,47.18,24.67,0.1784,4,-1,-1
533,170,860.50,333.36,9.93,19.62,0.2480,1,-1,-1
533,115,493.77,369.58,21.61,47.07,0.3794,1,-1,-1
533,174,1320.50,369.94,20.91,30.77,0.2621,2,-1,-1
533,175,1586.64,278.48,36.66,17.90,0.2173,4,-1,-1
533,179,1892.88,282.63,28.22,22.97,0.1480,4,-1,-1
533,180,409.04,340.29,22.54,55.45,0.5205,1,-1,-1
533,181,1759.38,269.46,47.54,19.42,0.4292,4,-1,-1
533,182,1785.37,280.68,45.36,20.94,0.2983,4,-1,-1
533,184,383.84,346.72,20.72,49.32,0.5273,1,-1,-1
533,186,338.44,378.37,25.93,56.42,0.3933,1,-1,-1
534,107,1213.88,417.23,31.39,50.58,0.4746,2,-1,-1
534,108,1263.49,410.01,30.42,77.66,0.7001,1,-1,-1
534,151,1186.70,383.67,24.69,65.72,0.6766,1,-1,-1
534,153,338.19,323.32,23.28,36.71,0.1836,2,-1,-1
534,132,364.31,358.71,22.74,58.21,0.6325,1,-1,-1
534,155,1696.38,285.60,45.18,21.15,0.1790,4,-1,-1
534,120,450.24,372.71,22.21,51.71,0.3895,1,-1,-1
534,131,405.89,363.36,26.75,55.84,0.4581,1,-1,-1
534,167,1637.85,281.77,28.25,17.36,0.1016,4,-1,-1
534,169,1839.99,278.13,47.39,24.21,0.1389,4,-1,-1
534,170,861.24,333.03,10.13,20.00,0.1422,1,-1,-1
534,115,493.80,368.15,21.62,47.38,0.3942,1,-1,-1
534,174,1320.20,369.54,20.46,30.01,0.2502,2,-1,-1
534,175,1586.06,276.99,36.82,17.88,0.1281,4,-1,-1
534,179,1891.55,282.37,29.87,24.66,0.1551,4,-1,-1
534,180,409.28,339.80,21.71,53.67,0.5215,1,-1,-1
534,181,1758.08,269.25,47.61,19.35,0.4388,4,-1,-1
534,182,1785.47,280.28,45.89,21.29,0.2751,4,-1,-1
534,184,385.12,346.51,20.45,48.35,0.6179,1,-1,-1
534,186,340.50,378.24,25.16,54.74,0.5176,1,-1,-1
535,107,1213.69,416.32,32.55,51.55,0.3849,2,-1,-1
535,108,1263.71,408.65,30.44,78.75,0.6697,1,-1,-1
535,151,1186.02,383.81,24.51,65.62,0.6834,1,-1,-1
535,153,339.41,323.87,23.05,35.79,0.1234,1,-1,-1
535,132,365.43,358.41,22.85,58.18,0.5746,1,-1,-1
535,155,1696.41,284.09,46.50,21.48,0.1629,4,-1,-1
535,120,451.58,371.01,22.16,52.03,0.3469,1,-1,-1
535,131,407.03,364.59,26.05,54.30,0.4378,1,-1,-1
535,169,1833.43,279.26,45.73,23.23,0.4083,4,-1,-1
535,170,862.17,331.45,10.94,21.51,0.2160,1,-1,-1
535,115,494.27,366.63,21.90,48.34,0.4805,1,-1,-1
535,174,1319.99,369.51,20.81,30.31,0.2134,2,-1,-1
535,175,1583.10,272.84,40.76,20.00,0.1566,4,-1,-1
535,179,1890.13,281.65,30.67,25.45,0.1678,4,-1,-1
535,180,410.61,339.26,20.53,50.87,0.5302,1,-1,-1
535,181,1757.59,268.71,48.70,19.72,0.3858,4,-1,-1
535,182,1785.14,279.38,45.02,21.14,0.2227,4,-1,-1
535,184,385.87,346.50,20.45,47.87,0.6433,1,-1,-1
535,186,342.18,378.21,25.26,54.98,0.4795,1,-1,-1
536,107,1212.10,414.38,33.28,51.90,0.3311,2,-1,-1
536,108,1263.87,407.11,30.59,80.01,0.6645,1,-1,-1
536,151,1185.40,383.26,24.50,66.05,0.6522,1,-1,-1
536,153,340.99,324.01,22.71,35.02,0.1339,1,-1,-1
536,132,366.86,358.40,22.48,57.11,0.5215,1,-1,-1
536,155,1695.36,284.89,44.40,20.39,0.1217,4,-1,-1
536,120,452.72,370.54,21.83,51.73,0.4359,1,-1,-1
536,131,408.08,363.39,26.31,55.36,0.3495,1,-1,-1
536,169,1831.73,279.80,44.12,22.57,0.2736,4,-1,-1
536,170,863.18,330.70,11.38,22.36,0.1767,1,-1,-1
536,115,495.20,365.72,21.87,48.53,0.5467,1,-1,-1
536,174,1318.71,369.41,21.36,31.05,0.2553,2,-1,-1
536,175,1581.28,271.12,41.68,20.64,0.1294,4,-1,-1
536,179,1889.07,281.69,30.44,25.08,0.1755,4,-1,-1
536,180,412.72,339.08,19.36,48.10,0.4854,1,-1,-1
536,181,1755.41,268.51,49.51,19.99,0.2846,4,-1,-1
536,182,1783.64,277.65,46.48,22.14,0.1755,4,-1,-1
536,184,386.57,346.70,20.36,47.21,0.6766,1,-1,-1
536,186,342.83,378.18,25.51,55.81,0.4766,1,-1,-1
536,188,426.18,368.69,19.75,51.25,0.5487,1,-1,-1
537,107,1211.04,413.88,32.24,49.41,0.2531,2,-1,-1
537,108,1263.49,404.59,30.71,81.56,0.6809,1,-1,-1
537,151,1184.76,382.61,24.45,66.41,0.6935,1,-1,-1
537,153,342.56,324.95,21.85,33.49,0.1613,1,-1,-1
537,132,368.72,358.50,22.34,56.80,0.4562,1,-1,-1
537,120,456.36,375.47,19.58,46.71,0.1476,1,-1,-1
537,131,407.61,360.57,26.64,56.77,0.1437,1,-1,-1
537,169,1828.88,279.25,44.37,22.87,0.2689,4,-1,-1
537,170,864.90,330.33,11.48,22.69,0.1124,1,-1,-1
537,115,496.02,365.09,22.05,49.27,0.5293,1,-1,-1
537,174,1317.93,369.04,21.10,30.48,0.1357,2,-1,-1
537,175,1581.67,267.68,44.94,22.31,0.1722,4,-1,-1
537,179,1887.03,281.16,31.94,26.11,0.1366,4,-1,-1
537,180,414.18,339.12,18.86,46.93,0.5458,1,-1,-1
537,181,1752.69,268.36,53.62,21.60,0.2606,4,-1,-1
537,182,1781.26,278.71,46.47,22.41,0.2561,4,-1,-1
537,184,387.25,346.72,20.42,46.94,0.6610,1,-1,-1
537,186,344.44,377.51,24.72,54.23,0.4844,1,-1,-1
537,188,427.19,367.65,20.16,52.28,0.4776,1,-1,-1
537,189,1875.82,555.42,40.20,126.00,0.5603,1,-1,-1
538,107,1210.11,412.37,33.17,49.99,0.1744,2,-1,-1
538,108,1263.83,403.45,30.38,81.64,0.6792,1,-1,-1
538,151,1184.30,381.85,24.45,67.00,0.7256,1,-1,-1
538,153,344.16,325.72,21.58,32.99,0.1919,1,-1,-1
538,132,370.97,357.92,22.08,56.22,0.4187,1,-1,-1
538,120,459.43,379.77,17.52,41.83,0.1974,1,-1,-1
538,131,408.80,358.89,26.95,57.78,0.1889,1,-1,-1
538,169,1828.15,278.45,45.18,23.56,0.4083,4,-1,-1
538,170,866.20,329.40,11.80,23.43,0.1597,1,-1,-1
538,115,496.89,364.70,22.17,49.84,0.5176,1,-1,-1
538,174,1317.03,368.81,21.44,30.91,0.3594,2,-1,-1
538,175,1583.21,266.20,43.96,21.71,0.1357,4,-1,-1
538,179,1884.76,281.07,32.70,26.22,0.1859,4,-1,-1
538,180,414.25,338.84,20.41,51.14,0.5612,1,-1,-1
538,181,1752.15,268.37,55.35,22.36,0.3486,4,-1,-1
538,182,1780.33,279.13,46.31,22.45,0.3303,4,-1,-1
538,184,387.69,346.24,21.15,48.43,0.6343,1,-1,-1
538,186,347.72,377.11,23.22,50.57,0.2814,1,-1,-1
538,188,428.86,366.11,20.72,53.67,0.4854,1,-1,-1
538,189,1861.86,552.57,40.32,123.62,0.7074,1,-1,-1
539,107,1209.81,411.77,31.18,46.01,0.1807,1,-1,-1
539,108,1264.98,403.71,29.75,80.57,0.6918,1,-1,-1
539,151,1184.06,381.79,24.27,66.95,0.7454,1,-1,-1
539,153,345.39,326.04,20.97,32.33,0.2056,1,-1,-1
539,132,372.46,357.63,22.06,55.82,0.4776,1,-1,-1
539,120,460.98,379.73,16.97,40.57,0.2583,1,-1,-1
539,131,409.59,357.77,27.13,58.37,0.1164,1,-1,-1
539,169,1828.82,277.98,47.33,24.44,0.2854,4,-1,-1
539,170,867.00,327.53,12.00,24.01,0.1485,1,-1,-1
539,115,497.35,364.36,21.96,49.67,0.5195,1,-1,-1
539,174,1316.06,368.44,21.68,31.35,0.3739,2,-1,-1
539,179,1880.26,280.39,36.64,28.87,0.2674,4,-1,-1
539,180,415.07,338.55,20.04,50.33,0.5898,1,-1,-1
539,181,1754.27,267.97,56.80,23.30,0.2261,4,-1,-1
539,182,1771.69,276.04,52.64,25.56,0.2576,4,-1,-1
539,184,388.32,345.94,21.44,49.09,0.6030,1,-1,-1
539,186,349.64,376.63,21.67,47.05,0.2372,1,-1,-1
539,188,430.25,365.93,20.72,53.55,0.4893,1,-1,-1
539,189,1855.20,552.32,40.74,122.09,0.6077,1,-1,-1
540,107,1207.46,409.03,29.77,44.81,0.1366,1,-1,-1
540,108,1265.39,404.03,28.79,78.64,0.6834,1,-1,-1
540,151,1183.59,380.52,24.31,67.26,0.7454,1,-1,-1
540,153,346.58,324.98,20.95,32.63,0.2018,1,-1,-1
540,132,372.96,357.64,22.42,56.33,0.5127,1,-1,-1
540,120,462.79,377.81,17.03,40.73,0.1330,1,-1,-1
540,131,408.66,345.36,31.80,70.25,0.4436,1,-1,-1
540,169,1830.84,278.44,46.30,23.81,0.2606,4,-1,-1
540,170,867.19,324.41,12.81,25.95,0.1272,1,-1,-1
540,115,498.37,364.08,21.79,49.74,0.4922,1,-1,-1
540,174,1315.21,368.11,21.76,31.47,0.3225,2,-1,-1
540,179,1876.65,280.99,38.49,29.38,0.2751,4,-1,-1
540,180,414.72,338.18,21.58,54.61,0.5185,1,-1,-1
540,181,1752.61,268.23,52.10,21.39,0.4064,4,-1,-1
540,182,1776.60,278.57,47.16,22.75,0.4158,4,-1,-1
540,184,389.17,345.48,21.37,48.86,0.5784,1,-1,-1
540,186,350.99,375.76,21.74,47.14,0.2814,1,-1,-1
540,188,431.72,365.47,20.30,52.44,0.5020,1,-1,-1
540,189,1850.78,551.26,41.41,121.37,0.6002,1,-1,-1
541,107,1206.42,407.56,28.74,44.01,0.1813,1,-1,-1
541,108,1265.81,402.91,28.79,79.21,0.6984,1,-1,-1
541,151,1183.06,380.83,23.90,66.13,0.7318,1,-1,-1
541,153,347.52,324.72,21.31,33.74,0.3407,1,-1,-1
541,132,373.43,356.09,23.06,57.92,0.4196,1,-1,-1
541,120,463.30,376.76,17.34,41.60,0.1505,1,-1,-1
541,131,409.08,346.77,30.85,68.97,0.4581,1,-1,-1
541,169,1829.11,278.94,45.18,22.95,0.2613,4,-1,-1
541,170,867.92,324.49,13.94,28.76,0.1101,1,-1,-1
541,115,500.29,365.99,20.60,46.86,0.4591,1,-1,-1
541,174,1314.34,367.70,22.05,31.82,0.2775,2,-1,-1
541,179,1872.52,280.85,43.23,32.44,0.2736,4,-1,-1
541,180,416.34,337.19,19.92,50.01,0.4571,1,-1,-1
541,181,1753.71,267.92,50.30,20.74,0.2379,4,-1,-1
541,182,1774.10,278.23,47.19,22.82,0.2775,4,-1,-1
541,184,389.65,345.21,20.92,47.85,0.5670,1,-1,-1
541,186,352.64,376.09,22.54,48.97,0.3914,1,-1,-1
541,188,432.67,365.90,20.13,52.00,0.5293,1,-1,-1
541,189,1843.53,550.01,42.26,119.98,0.6169,1,-1,-1
542,107,1206.32,407.84,26.43,40.40,0.3007,2,-1,-1
542,108,1266.19,401.69,28.30,78.36,0.7066,1,-1,-1
542,151,1182.26,380.97,23.58,65.15,0.7272,1,-1,-1
542,153,350.18,325.97,20.67,32.80,0.4455,1,-1,-1
542,132,374.73,356.72,22.75,57.08,0.5525,1,-1,-1
542,131,410.09,349.72,29.33,65.74,0.4446,1,-1,-1
542,169,1826.81,279.38,44.60,22.35,0.3549,4,-1,-1
542,170,868.35,323.72,14.81,31.15,0.1276,1,-1,-1
542,115,501.76,366.41,20.73,47.09,0.4513,1,-1,-1
542,174,1313.19,367.60,22.09,32.04,0.2999,2,-1,-1
542,179,1874.12,280.92,39.08,27.82,0.2379,4,-1,-1
542,180,417.06,338.77,19.50,47.68,0.2814,1,-1,-1
542,181,1752.23,269.29,48.40,19.94,0.3260,4,-1,-1
542,182,1770.31,276.37,49.65,24.20,0.1603,4,-1,-1
542,184,391.17,345.08,20.81,47.76,0.6086,1,-1,-1
542,186,354.91,375.65,22.98,50.01,0.4610,1,-1,-1
542,188,433.97,366.02,20.25,52.08,0.5332,1,-1,-1
542,189,1839.80,548.26,41.98,116.95,0.5137,1,-1,-1
543,107,1204.46,406.54,27.03,41.16,0.2408,2,-1,-1
543,108,1266.65,401.35,27.19,75.84,0.7050,1,-1,-1
543,151,1181.03,381.63,22.92,63.38,0.7303,1,-1,-1
543,153,351.24,326.56,22.18,35.76,0.3630,1,-1,-1
543,132,376.22,356.16,23.22,57.84,0.4951,1,-1,-1
543,131,410.32,347.41,29.84,67.44,0.4436,1,-1,-1
543,169,1820.27,278.04,47.07,23.54,0.5302,4,-1,-1
543,170,869.32,324.08,15.64,33.34,0.1045,1,-1,-1
543,115,502.90,365.87,20.96,47.58,0.4854,1,-1,-1
543,174,1312.13,366.99,21.79,31.65,0.3486,2,-1,-1
543,179,1876.08,281.17,36.77,25.08,0.4007,4,-1,-1
543,180,416.88,337.49,21.68,53.01,0.3522,1,-1,-1
543,181,1751.01,269.53,48.89,20.20,0.2598,4,-1,-1
543,182,1772.46,276.77,48.20,23.76,0.2422,4,-1,-1
543,184,390.80,345.19,22.27,51.78,0.5631,1,-1,-1
543,186,356.96,375.39,23.85,52.37,0.5332,1,-1,-1
543,188,435.01,363.99,21.35,54.86,0.4707,1,-1,-1
543,189,1833.20,547.68,42.51,115.87,0.5832,1,-1,-1
544,107,1203.36,405.81,26.92,40.98,0.2918,2,-1,-1
544,108,1266.40,399.71,27.66,77.73,0.7130,1,-1,-1
544,151,1179.90,381.39,22.79,63.15,0.7272,1,-1,-1
544,153,352.48,326.44,22.68,37.29,0.3540,1,-1,-1
544,132,377.85,356.94,22.02,54.81,0.4523,1,-1,-1
544,131,412.78,350.51,28.08,63.32,0.4092,1,-1,-1
544,169,1817.48,277.33,48.27,24.09,0.4417,4,-1,-1
544,170,870.36,323.05,14.83,31.55,0.2316,1,-1,-1
544,115,503.99,365.86,20.45,46.04,0.4244,1,-1,-1
544,174,1311.15,366.41,22.08,32.18,0.3416,2,-1,-1
544,179,1874.66,281.13,37.49,24.42,0.3585,4,-1,-1
544,180,419.70,336.57,20.29,48.80,0.3149,1,-1,-1
544,181,1749.43,269.56,50.57,20.98,0.2487,4,-1,-1
544,182,1773.16,277.27,47.07,23.36,0.2088,4,-1,-1
544,184,391.91,345.55,21.19,49.44,0.5322,1,-1,-1
544,186,359.44,374.64,21.35,46.97,0.4785,1,-1,-1
544,188,436.17,363.24,21.56,55.30,0.3886,1,-1,-1
544,189,1823.67,544.21,43.60,117.05,0.7217,1,-1,-1
545,107,1203.12,406.24,26.32,40.57,0.3329,1,-1,-1
545,108,1266.05,399.32,27.43,77.42,0.7074,1,-1,-1
545,151,1179.33,381.19,22.75,63.01,0.7556,1,-1,-1
545,153,353.33,326.36,23.91,40.38,0.2674,1,-1,-1
545,132,379.13,356.55,21.77,54.03,0.4407,1,-1,-1
545,131,414.01,346.98,29.27,66.22,0.4292,1,-1,-1
545,169,1814.35,276.65,50.56,25.19,0.2830,4,-1,-1
545,170,871.40,321.75,15.00,32.00,0.4301,1,-1,-1
545,115,505.00,365.57,20.92,46.71,0.4533,1,-1,-1
545,174,1309.64,364.90,23.49,34.74,0.2108,1,-1,-1
545,179,1876.86,281.13,36.65,23.14,0.4216,4,-1,-1
545,180,421.83,336.40,19.68,47.04,0.3099,1,-1,-1
545,181,1748.53,269.42,50.65,21.07,0.2854,4,-1,-1
545,182,1773.23,278.20,45.33,22.59,0.2154,4,-1,-1
545,184,392.87,345.63,20.97,49.11,0.4206,1,-1,-1
545,186,362.28,374.04,20.70,45.86,0.4407,1,-1,-1
545,188,438.13,362.59,21.52,55.28,0.3961,1,-1,-1
545,189,1814.74,540.81,44.60,117.97,0.7106,1,-1,-1
546,107,1202.20,405.66,26.87,42.00,0.3576,1,-1,-1
546,108,1265.97,397.87,27.30,77.29,0.7170,1,-1,-1
546,151,1178.23,381.20,22.78,62.99,0.7454,1,-1,-1
546,153,356.15,326.64,21.58,36.59,0.1505,1,-1,-1
546,132,379.75,354.67,23.05,57.05,0.4349,1,-1,-1
546,131,416.03,350.45,27.92,62.63,0.3849,1,-1,-1
546,169,1812.42,276.07,51.38,25.58,0.2854,4,-1,-1
546,170,872.48,321.66,15.05,32.22,0.3576,1,-1,-1
546,115,505.73,365.30,21.36,47.51,0.4102,1,-1,-1
546,174,1308.50,362.97,24.18,36.23,0.1357,1,-1,-1
546,179,1876.21,280.53,37.68,23.04,0.3603,4,-1,-1
546,180,421.31,336.42,22.44,53.71,0.4235,1,-1,-1
546,181,1743.13,269.64,57.46,23.98,0.2790,4,-1,-1
546,182,1770.09,278.23,46.44,23.01,0.1592,4,-1,-1
546,184,392.87,345.06,21.33,50.37,0.3311,1,-1,-1
546,186,363.93,373.33,21.19,47.54,0.5059,1,-1,-1
546,188,439.51,362.48,21.40,55.02,0.3416,1,-1,-1
546,189,1807.29,539.47,45.07,117.94,0.6654,1,-1,-1
547,107,1201.40,404.07,27.63,43.62,0.3775,1,-1,-1
547,108,1266.09,397.18,27.09,76.95,0.7009,1,-1,-1
547,151,1176.87,381.00,22.90,63.16,0.7527,1,-1,-1
547,132,381.38,355.17,23.60,58.18,0.3905,1,-1,-1
547,131,417.85,352.14,26.96,60.32,0.3849,1,-1,-1
547,169,1810.86,276.26,51.33,25.44,0.4455,4,-1,-1
547,170,873.59,320.75,15.07,32.29,0.4206,1,-1,-1
547,115,507.10,364.84,21.38,47.36,0.4961,1,-1,-1
547,174,1309.58,363.67,21.88,32.54,0.2429,2,-1,-1
547,179,1875.46,280.74,37.59,22.12,0.4292,4,-1,-1
547,180,421.25,336.76,23.86,57.44,0.4378,1,-1,-1
547,181,1742.52,269.87,59.04,24.75,0.2372,4,-1,-1
547,182,1762.99,277.46,48.30,23.76,0.1784,4,-1,-1
547,184,392.58,343.68,20.82,49.30,0.3748,1,-1,-1
547,186,365.90,372.74,21.53,48.84,0.4639,1,-1,-1
547,188,440.29,363.12,20.40,52.14,0.3363,1,-1,-1
547,189,1786.10,536.21,48.62,119.31,0.7432,1,-1,-1
548,107,1200.06,402.25,27.98,44.32,0.2846,1,-1,-1
548,108,1266.15,396.65,26.68,75.75,0.7138,1,-1,-1
548,151,1176.16,379.39,23.12,63.59,0.7318,1,-1,-1
548,132,382.94,351.99,24.34,59.94,0.4455,1,-1,-1
548,131,420.41,356.62,25.19,56.08,0.4668,1,-1,-1
548,169,1808.46,275.54,53.91,26.88,0.5322,4,-1,-1
548,170,874.30,320.68,14.96,31.93,0.3390,1,-1,-1
548,115,508.04,364.17,21.28,47.14,0.5813,1,-1,-1
548,174,1309.54,363.30,21.37,31.63,0.1931,10,-1,-1
548,179,1873.19,279.73,39.02,22.11,0.4235,4,-1,-1
548,180,422.97,336.80,22.84,54.67,0.3711,1,-1,-1
548,181,1738.44,269.52,66.59,28.15,0.2666,4,-1,-1
548,182,1764.87,275.45,48.66,24.62,0.1196,4,-1,-1
548,184,392.54,342.54,20.52,48.31,0.3757,1,-1,-1
548,186,368.47,372.78,19.98,45.50,0.3739,1,-1,-1
548,188,440.82,362.53,20.48,52.64,0.4407,1,-1,-1
548,189,1785.83,534.85,48.66,119.18,0.6826,1,-1,-1
549,107,1198.62,399.86,28.79,45.74,0.3585,1,-1,-1
549,108,1266.85,397.42,25.96,73.88,0.7334,1,-1,-1
549,151,1175.48,378.58,23.24,63.50,0.7379,1,-1,-1
549,132,383.86,349.47,25.15,62.40,0.5390,1,-1,-1
549,131,421.22,356.28,25.51,56.57,0.4378,1,-1,-1
549,169,1803.30,273.96,56.32,28.29,0.3693,4,-1,-1
549,170,875.22,320.07,14.64,30.99,0.1530,1,-1,-1
549,115,509.58,363.70,20.49,45.26,0.4282,1,-1,-1
549,174,1308.95,362.81,21.42,31.81,0.2386,10,-1,-1
549,179,1872.70,279.35,40.60,22.35,0.4092,4,-1,-1
549,180,425.51,336.77,22.56,54.53,0.3260,1,-1,-1
549,181,1731.38,269.60,71.64,30.68,0.1944,4,-1,-1
549,184,393.05,341.40,20.93,49.47,0.2344,1,-1,-1
549,186,370.52,372.24,19.29,43.77,0.2268,1,-1,-1
549,188,441.97,361.74,20.48,52.42,0.4436,1,-1,-1
549,189,1781.72,534.11,47.28,115.24,0.6188,1,-1,-1
550,107,1196.86,397.67,29.92,47.73,0.4776,1,-1,-1
550,108,1266.91,396.68,26.02,74.34,0.7098,1,-1,-1
550,151,1174.54,379.33,23.01,62.55,0.6968,1,-1,-1
550,132,384.91,347.60,25.63,64.04,0.4844,1,-1,-1
550,131,420.45,349.93,28.52,63.59,0.4073,1,-1,-1
550,169,1798.51,271.60,58.91,30.04,0.3451,4,-1,-1
550,170,875.48,319.21,14.38,29.94,0.1251,1,-1,-1
550,115,510.84,363.06,20.08,43.84,0.2854,1,-1,-1
550,174,1308.59,362.84,21.07,31.20,0.1772,10,-1,-1
550,179,1870.41,278.46,42.16,22.55,0.3812,4,-1,-1
550,180,425.52,336.80,24.49,60.02,0.2822,1,-1,-1
550,181,1733.21,268.54,75.37,32.50,0.1290,4,-1,-1
550,184,391.34,341.30,24.91,59.71,0.1818,1,-1,-1
550,188,442.91,361.39,20.88,52.97,0.3785,1,-1,-1
550,189,1774.03,533.25,47.37,113.75,0.6602,1,-1,-1
551,107,1196.00,396.51,30.00,48.24,0.3630,1,-1,-1
551,108,1266.21,396.09,26.51,75.33,0.7009,1,-1,-1
551,151,1173.54,379.33,23.00,62.40,0.6935,1,-1,-1
551,132,386.20,346.47,25.82,64.82,0.4446,1,-1,-1
551,131,422.90,352.88,27.58,60.65,0.1865,1,-1,-1
551,169,1793.50,270.09,60.33,31.12,0.1974,4,-1,-1
551,115,511.68,362.38,21.28,46.24,0.3251,1,-1,-1
551,174,1307.50,363.32,20.65,30.44,0.2101,2,-1,-1
551,179,1860.18,272.34,52.65,28.15,0.2798,4,-1,-1
551,180,425.91,337.50,23.76,58.48,0.1750,1,-1,-1
551,184,390.41,341.22,27.05,65.66,0.1901,1,-1,-1
551,188,443.27,361.48,21.39,53.61,0.2674,1,-1,-1
551,189,1764.10,534.27,47.83,111.53,0.5429,1,-1,-1
551,192,1876.86,474.76,40.54,103.89,0.6910,1,-1,-1
552,107,1195.84,396.08,29.20,47.11,0.4912,1,-1,-1
552,108,1265.79,394.96,26.87,76.11,0.7106,1,-1,-1
552,151,1172.65,378.97,22.86,61.72,0.6951,1,-1,-1
552,132,387.22,348.72,24.67,62.08,0.1352,1,-1,-1
552,131,421.05,344.94,30.79,68.38,0.4542,1,-1,-1
552,169,1789.82,270.22,59.63,30.80,0.1176,4,-1,-1
552,115,512.69,362.08,22.26,48.76,0.3355,1,-1,-1
552,174,1306.69,363.22,20.58,30.24,0.2666,2,-1,-1
552,179,1856.03,270.39,54.71,29.24,0.1807,4,-1,-1
552,180,427.32,338.51,22.44,54.82,0.1078,1,-1,-1
552,184,390.43,342.80,26.91,65.63,0.3540,1,-1,-1
552,188,444.57,361.64,21.24,52.84,0.3730,1,-1,-1
552,189,1755.94,529.45,48.92,112.24,0.5851,1,-1,-1
552,192,1874.83,476.46,39.89,101.70,0.6261,1,-1,-1
553,107,1195.30,395.64,28.95,47.04,0.5670,1,-1,-1
553,108,1265.47,393.91,27.04,76.32,0.7074,1,-1,-1
553,151,1171.62,377.95,23.34,62.77,0.7050,1,-1,-1
553,132,387.66,349.62,24.29,60.58,0.1456,1,-1,-1
553,131,421.51,342.53,31.08,69.71,0.3630,1,-1,-1
553,115,514.20,361.57,21.27,46.44,0.3337,1,-1,-1
553,174,1305.82,363.24,20.05,29.42,0.1962,2,-1,-1
553,179,1854.34,269.29,50.41,27.08,0.1112,4,-1,-1
553,180,429.37,339.98,23.47,57.56,0.1259,1,-1,-1
553,184,390.43,345.01,26.18,64.26,0.2728,1,-1,-1
553,188,445.35,361.32,21.23,52.22,0.4698,1,-1,-1
553,189,1744.30,528.26,50.42,111.46,0.6388,1,-1,-1
553,192,1871.16,475.95,39.27,99.26,0.6206,1,-1,-1
554,107,1194.69,394.08,28.51,46.72,0.6049,1,-1,-1
554,108,1265.55,393.47,26.73,75.26,0.6706,1,-1,-1
554,151,1171.17,377.06,23.20,62.40,0.7454,1,-1,-1
554,132,391.17,350.97,23.60,58.58,0.1389,1,-1,-1
554,131,424.42,343.40,29.89,67.06,0.4349,1,-1,-1
554,115,515.61,361.27,20.66,44.85,0.4007,1,-1,-1
554,174,1305.22,363.41,19.49,28.48,0.1515,2,-1,-1
554,179,1846.26,269.21,48.60,26.75,0.1813,4,-1,-1
554,180,430.64,341.10,24.48,60.82,0.1451,1,-1,-1
554,184,391.94,341.67,26.82,66.76,0.3478,1,-1,-1
554,188,446.92,361.19,21.09,51.93,0.4168,1,-1,-1
554,189,1734.92,533.82,49.61,104.79,0.5293,1,-1,-1
554,192,1868.07,476.39,38.28,95.86,0.5737,1,-1,-1
555,107,1194.12,392.89,28.06,46.41,0.6105,1,-1,-1
555,108,1265.45,393.41,26.70,74.95,0.6843,1,-1,-1
555,151,1170.72,376.32,23.12,62.08,0.7556,1,-1,-1
555,132,392.03,346.85,25.25,62.63,0.1634,1,-1,-1
555,131,426.45,344.52,28.95,64.57,0.4610,1,-1,-1
555,115,516.44,360.89,20.69,44.55,0.3657,1,-1,-1
555,174,1304.13,363.33,19.97,29.20,0.1366,2,-1,-1
555,179,1848.88,268.41,48.51,26.55,0.1067,4,-1,-1
555,180,433.13,342.86,22.83,56.81,0.1645,1,-1,-1
555,184,395.18,339.90,26.49,67.17,0.4756,1,-1,-1
555,188,448.79,361.37,20.84,51.40,0.3469,1,-1,-1
555,189,1728.86,533.24,49.67,101.32,0.5302,2,-1,-1
555,192,1864.09,474.31,38.56,95.51,0.6514,1,-1,-1
556,107,1193.45,391.26,27.74,46.55,0.6325,1,-1,-1
556,108,1265.70,392.42,26.29,73.74,0.6637,1,-1,-1
556,151,1170.12,376.33,22.93,61.32,0.7656,1,-1,-1
556,132,394.18,356.64,22.00,53.67,0.1944,1,-1,-1
556,131,427.39,343.78,29.35,65.31,0.4980,1,-1,-1
556,115,517.57,360.38,20.88,44.65,0.3337,1,-1,-1
556,179,1848.48,267.99,47.76,25.77,0.1380,4,-1,-1
556,184,395.25,340.49,26.56,67.91,0.3549,1,-1,-1
556,188,450.94,361.93,20.88,51.65,0.4455,1,-1,-1
556,189,1716.17,531.54,53.13,102.29,0.2814,2,-1,-1
556,192,1858.36,472.05,39.58,97.05,0.6876,1,-1,-1
557,107,1192.74,389.74,27.93,47.58,0.6451,1,-1,-1
557,108,1265.74,391.54,26.31,73.71,0.6671,1,-1,-1
557,151,1169.13,376.12,22.89,60.77,0.7542,1,-1,-1
557,132,395.13,355.84,22.45,54.96,0.2436,1,-1,-1
557,131,427.31,344.58,28.39,63.45,0.4301,1,-1,-1
557,115,518.50,360.14,21.02,44.76,0.3407,1,-1,-1
557,179,1844.78,267.18,51.49,27.31,0.1221,4,-1,-1
557,184,395.44,341.09,26.67,68.35,0.4149,1,-1,-1
557,188,452.45,361.92,20.78,51.68,0.4397,1,-1,-1
557,189,1710.37,528.90,55.98,104.22,0.5832,1,-1,-1
557,192,1853.75,471.00,40.09,97.54,0.6910,1,-1,-1
558,107,1191.97,388.62,27.59,47.87,0.6433,1,-1,-1
558,108,1265.11,389.81,26.66,74.51,0.6610,1,-1,-1
558,151,1167.83,375.84,22.99,61.15,0.7484,1,-1,-1
558,132,396.69,358.16,22.00,53.45,0.2147,1,-1,-1
558,131,429.50,345.09,28.44,63.28,0.5458,1,-1,-1
558,115,519.17,359.80,21.05,44.73,0.4017,1,-1,-1
558,179,1844.32,267.29,53.23,28.11,0.2254,4,-1,-1
558,184,396.65,342.99,26.08,66.83,0.3748,1,-1,-1
558,188,453.51,360.77,21.23,52.48,0.4330,1,-1,-1
558,189,1701.88,521.82,60.90,110.30,0.5059,1,-1,-1
558,192,1848.69,469.40,40.94,98.26,0.6943,1,-1,-1
559,107,1191.32,386.96,27.54,48.76,0.5936,1,-1,-1
559,108,1264.91,389.22,26.54,73.75,0.6885,1,-1,-1
559,151,1166.72,374.79,23.11,61.42,0.7194,1,-1,-1
559,132,398.14,357.02,21.66,52.60,0.2018,1,-1,-1
559,131,430.80,345.51,28.56,63.35,0.5332,1,-1,-1
559,115,520.60,359.29,20.96,44.29,0.3576,1,-1,-1
559,179,1832.88,267.66,57.02,29.65,0.5574,4,-1,-1
559,184,396.85,343.29,25.51,65.36,0.3923,1,-1,-1
559,188,455.31,360.13,20.96,51.64,0.4321,1,-1,-1
559,189,1695.32,517.73,63.51,112.30,0.5293,1,-1,-1
559,192,1842.89,468.32,41.58,98.19,0.7461,1,-1,-1
560,107,1190.78,385.58,27.50,49.59,0.6067,1,-1,-1
560,108,1264.68,388.63,26.44,72.91,0.7178,1,-1,-1
560,151,1165.33,373.72,23.41,61.97,0.7379,1,-1,-1
560,131,432.07,346.28,28.21,62.49,0.5263,1,-1,-1
560,115,522.08,358.82,21.02,44.20,0.3748,1,-1,-1
560,179,1829.27,268.22,56.49,29.02,0.1836,4,-1,-1
560,184,397.63,341.77,25.52,65.71,0.4073,1,-1,-1
560,188,456.45,359.84,21.14,51.91,0.3840,1,-1,-1
560,189,1684.49,514.51,65.52,111.94,0.5525,1,-1,-1
560,192,1837.75,465.93,42.27,99.18,0.7025,1,-1,-1
561,107,1189.71,384.42,27.79,51.20,0.6142,1,-1,-1
561,108,1264.41,387.50,26.62,72.86,0.7162,1,-1,-1
561,151,1163.99,373.14,23.44,61.42,0.7599,1,-1,-1
561,131,433.25,346.55,27.94,62.01,0.6030,1,-1,-1
561,115,523.41,358.72,21.13,44.24,0.4187,1,-1,-1
561,179,1830.47,267.88,54.67,28.24,0.2429,4,-1,-1
561,184,399.55,340.58,25.71,67.00,0.4562,1,-1,-1
561,188,458.87,359.67,21.40,52.61,0.4455,1,-1,-1
561,189,1680.22,512.70,65.07,110.72,0.5215,1,-1,-1
561,192,1832.89,464.80,42.06,98.11,0.6584,1,-1,-1
561,195,1663.64,292.80,59.62,26.95,0.4639,4,-1,-1
561,120,481.59,361.25,19.85,47.18,0.5631,1,-1,-1
561,181,1727.78,268.52,68.04,29.85,0.4951,4,-1,-1
562,107,1189.08,383.44,28.00,52.36,0.6067,1,-1,-1
562,108,1264.08,386.41,27.04,73.61,0.7033,1,-1,-1
562,151,1162.92,372.13,23.58,61.27,0.7334,1,-1,-1
562,131,435.12,346.36,28.15,62.12,0.5000,1,-1,-1
562,115,524.22,358.81,21.02,44.17,0.5564,1,-1,-1
562,179,1835.57,267.10,48.01,25.00,0.1012,4,-1,-1
562,184,401.12,342.61,24.56,64.77,0.5185,1,-1,-1
562,188,460.60,359.22,21.20,52.61,0.4330,1,-1,-1
562,189,1673.65,509.92,65.00,112.23,0.6740,1,-1,-1
562,192,1828.26,464.52,41.50,96.37,0.6030,1,-1,-1
562,195,1661.20,292.03,57.76,26.09,0.1451,4,-1,-1
562,120,482.50,360.87,20.06,47.36,0.5823,1,-1,-1
562,181,1728.14,268.42,64.97,29.68,0.1176,4,-1,-1
563,107,1188.33,382.86,27.88,53.08,0.6142,1,-1,-1
563,108,1263.92,386.49,27.14,73.37,0.6783,1,-1,-1
563,151,1161.48,371.32,23.63,60.96,0.7241,1,-1,-1
563,131,437.71,346.64,27.89,60.70,0.5000,1,-1,-1
563,115,525.49,358.89,20.66,43.54,0.5195,1,-1,-1
563,179,1832.89,267.64,45.82,24.56,0.1790,4,-1,-1
563,184,402.84,343.08,23.95,63.38,0.5380,1,-1,-1
563,188,462.70,359.21,20.50,51.19,0.5593,1,-1,-1
563,189,1666.48,507.63,63.26,110.48,0.7074,1,-1,-1
563,192,1824.15,462.71,41.92,97.00,0.6901,1,-1,-1
563,195,1658.06,292.05,58.23,26.33,0.1105,4,-1,-1
563,120,483.93,360.64,20.24,47.48,0.5746,1,-1,-1
563,181,1728.23,271.99,57.38,26.25,0.2583,4,-1,-1
563,180,444.99,353.02,22.56,54.96,0.4756,1,-1,-1
564,107,1187.73,382.57,27.36,53.18,0.6252,1,-1,-1
564,108,1263.80,386.64,26.92,72.16,0.6680,1,-1,-1
564,151,1160.35,371.43,23.52,60.24,0.7210,1,-1,-1
564,131,439.43,346.30,27.90,60.12,0.4873,1,-1,-1
564,115,526.15,358.63,20.78,43.88,0.5078,1,-1,-1
564,179,1825.87,267.58,47.40,26.04,0.2494,4,-1,-1
564,184,404.80,340.03,24.29,64.86,0.4756,1,-1,-1
564,188,463.47,359.13,20.03,49.94,0.5689,1,-1,-1
564,189,1660.51,505.22,60.58,108.15,0.6514,1,-1,-1
564,192,1820.06,461.64,41.69,95.84,0.7432,1,-1,-1
564,195,1658.87,291.06,50.57,22.76,0.3242,4,-1,-1
564,120,484.97,360.39,20.69,48.11,0.5574,1,-1,-1
564,181,1725.13,272.59,56.42,26.11,0.4513,4,-1,-1
564,180,444.46,352.77,22.76,56.19,0.2524,1,-1,-1
565,107,1186.86,380.93,26.77,53.00,0.6697,1,-1,-1
565,108,1263.87,387.26,26.69,71.25,0.6758,1,-1,-1
565,151,1159.41,370.37,23.98,61.27,0.6918,1,-1,-1
565,131,440.79,345.99,27.65,59.20,0.4484,1,-1,-1
565,115,526.39,358.10,21.13,44.67,0.5000,1,-1,-1
565,179,1826.78,266.80,42.24,23.48,0.1112,4,-1,-1
565,184,407.53,337.44,24.63,66.11,0.5612,1,-1,-1
565,188,463.71,358.42,20.50,50.97,0.5651,1,-1,-1
565,189,1656.93,503.31,58.76,108.59,0.7432,1,-1,-1
565,192,1815.12,459.78,42.34,96.80,0.7186,1,-1,-1
565,195,1658.79,291.53,45.95,20.56,0.3390,4,-1,-1
565,120,485.82,359.89,21.34,49.48,0.5804,1,-1,-1
565,181,1724.68,272.81,54.58,25.97,0.1651,4,-1,-1
565,180,443.10,354.14,23.56,59.02,0.2069,1,-1,-1
565,199,1729.15,381.01,66.98,26.74,0.6593,4,-1,-1
566,107,1186.58,380.01,25.58,51.24,0.7256,1,-1,-1
566,108,1263.83,387.51,26.48,70.28,0.6758,1,-1,-1
566,151,1158.55,370.11,24.06,61.16,0.7194,1,-1,-1
566,131,441.36,344.93,27.93,59.64,0.5029,1,-1,-1
566,115,526.81,357.32,22.16,47.07,0.5000,1,-1,-1
566,179,1830.97,266.63,38.20,21.74,0.1209,4,-1,-1
566,184,409.72,336.63,24.57,66.35,0.6086,1,-1,-1
566,188,464.43,357.79,20.82,51.73,0.5467,1,-1,-1
566,189,1652.54,501.72,55.81,106.69,0.6723,1,-1,-1
566,192,1810.55,458.39,42.88,98.07,0.7202,1,-1,-1
566,195,1656.16,289.45,45.77,20.44,0.2628,4,-1,-1
566,120,486.57,359.24,22.29,51.66,0.5166,1,-1,-1
566,181,1721.43,273.55,53.74,26.00,0.3905,4,-1,-1
566,180,442.80,354.08,24.09,61.31,0.2480,1,-1,-1
566,199,1720.82,380.52,66.66,26.68,0.4776,4,-1,-1
566,201,1579.89,277.08,24.01,16.38,0.4824,4,-1,-1
567,107,1186.27,379.02,24.90,50.35,0.7098,1,-1,-1
567,108,1263.61,387.00,26.29,69.19,0.6834,1,-1,-1
567,151,1157.99,369.97,23.78,60.21,0.7241,1,-1,-1
567,131,442.45,345.23,28.16,60.08,0.5708,1,-1,-1
567,115,528.15,356.76,22.45,47.96,0.4659,1,-1,-1
567,184,412.06,335.53,24.39,66.06,0.5400,1,-1,-1
567,188,465.91,357.29,21.10,52.36,0.5842,1,-1,-1
567,189,1646.76,500.18,53.79,106.01,0.6775,1,-1,-1
567,192,1807.22,457.07,42.49,96.59,0.7461,1,-1,-1
567,195,1651.16,287.77,47.30,21.32,0.2621,4,-1,-1
567,120,487.79,358.82,22.62,52.42,0.4776,1,-1,-1
567,181,1719.76,272.17,55.69,27.30,0.3549,4,-1,-1
567,180,444.09,354.10,23.46,60.17,0.2568,1,-1,-1
567,199,1719.93,380.17,67.75,27.13,0.3648,4,-1,-1
567,201,1577.92,276.59,23.90,16.32,0.5302,4,-1,-1
567,202,1787.36,268.76,62.86,29.72,0.6540,4,-1,-1
567,203,1188.05,379.64,29.74,55.70,0.4746,1,-1,-1
568,107,1185.36,377.80,25.10,51.13,0.7050,1,-1,-1
568,108,1263.78,387.02,26.01,68.01,0.6960,1,-1,-1
568,151,1156.98,369.42,23.81,59.98,0.7178,1,-1,-1
568,131,443.66,345.46,27.63,58.86,0.5860,1,-1,-1
568,115,530.63,356.16,21.80,46.86,0.5312,1,-1,-1
568,184,414.25,335.15,23.48,63.87,0.5670,1,-1,-1
568,188,466.76,356.08,20.89,51.83,0.5842,1,-1,-1
568,189,1640.33,498.75,53.15,107.26,0.6619,1,-1,-1
568,192,1802.51,455.69,42.72,96.98,0.7202,1,-1,-1
568,195,1650.53,288.60,45.95,20.79,0.3016,4,-1,-1
568,120,489.73,358.61,21.92,50.16,0.4980,1,-1,-1
568,181,1721.51,275.03,49.72,24.31,0.2012,4,-1,-1
568,199,1718.78,378.02,72.34,28.96,0.5765,4,-1,-1
568,201,1576.68,276.03,23.99,16.40,0.5879,4,-1,-1
568,202,1786.96,268.52,62.49,29.65,0.6628,4,-1,-1
568,203,1189.04,378.40,32.90,61.35,0.3942,1,-1,-1
569,107,1184.41,377.45,24.73,50.94,0.7210,1,-1,-1
569,108,1263.94,387.37,25.74,66.89,0.6860,1,-1,-1
569,151,1156.10,368.89,23.81,59.74,0.7241,1,-1,-1
569,131,445.09,345.72,26.68,56.92,0.5302,1,-1,-1
569,115,532.49,355.82,20.78,44.75,0.5487,1,-1,-1
569,184,416.26,335.03,22.53,61.77,0.5098,1,-1,-1
569,188,467.52,355.37,20.80,51.41,0.4922,1,-1,-1
569,189,1633.27,498.07,51.51,105.49,0.6602,1,-1,-1
569,192,1797.86,455.07,41.67,94.97,0.7170,1,-1,-1
569,195,1648.66,288.93,44.96,20.51,0.2910,4,-1,-1
569,120,491.46,358.59,21.34,48.17,0.5244,1,-1,-1
569,181,1716.57,277.26,45.17,22.43,0.3099,4,-1,-1
569,199,1717.58,377.50,73.09,29.22,0.4045,4,-1,-1
569,201,1576.34,276.63,22.62,15.48,0.5117,4,-1,-1
569,202,1785.01,268.03,62.78,29.92,0.6901,4,-1,-1
569,203,1187.29,378.20,30.95,57.65,0.1733,1,-1,-1
570,107,1183.11,377.05,23.90,50.06,0.7318,1,-1,-1
570,108,1263.48,388.03,25.34,65.19,0.7001,1,-1,-1
570,151,1155.39,368.73,23.59,58.87,0.7154,1,-1,-1
570,131,445.78,344.98,26.45,56.45,0.5823,1,-1,-1
570,115,533.86,355.43,20.47,43.98,0.4639,1,-1,-1
570,184,417.98,334.85,22.48,62.12,0.5000,1,-1,-1
570,188,469.34,354.64,20.50,50.40,0.4854,1,-1,-1
570,189,1621.48,497.22,51.54,104.02,0.6843,1,-1,-1
570,192,1794.19,453.48,41.90,95.18,0.7432,1,-1,-1
570,195,1644.00,287.75,46.56,21.73,0.2759,4,-1,-1
570,120,493.13,357.48,22.23,50.11,0.4111,1,-1,-1
570,181,1713.86,277.98,43.50,21.91,0.2910,4,-1,-1
570,199,1716.04,376.55,73.20,29.22,0.1944,4,-1,-1
570,201,1575.90,277.37,21.14,14.43,0.4436,4,-1,-1
570,202,1781.94,267.85,63.10,30.26,0.5651,4,-1,-1
571,107,1182.09,376.19,23.25,49.60,0.7364,1,-1,-1
571,108,1263.63,387.96,25.18,64.23,0.6893,1,-1,-1
571,151,1154.26,368.43,23.48,58.65,0.7303,1,-1,-1
571,131,446.93,344.90,26.56,56.70,0.5302,1,-1,-1
571,115,535.34,354.85,19.51,41.91,0.5098,1,-1,-1
571,184,420.59,334.75,21.10,58.47,0.3513,1,-1,-1
571,188,469.50,354.19,20.53,50.10,0.4149,1,-1,-1
571,189,1614.67,496.31,51.67,103.40,0.6826,1,-1,-1
571,192,1789.52,452.03,41.88,95.27,0.7241,1,-1,-1
571,195,1645.88,288.91,45.13,21.09,0.3191,4,-1,-1
571,120,494.48,358.44,21.21,47.50,0.4990,1,-1,-1
571,181,1712.66,278.50,41.55,21.23,0.2910,4,-1,-1
571,199,1716.28,377.10,67.27,26.54,0.1859,4,-1,-1
571,201,1574.01,277.22,21.10,14.31,0.3603,4,-1,-1
571,202,1780.48,268.53,60.80,29.19,0.4542,4,-1,-1
572,107,1181.47,375.83,22.80,49.44,0.7469,1,-1,-1
572,108,1262.50,386.12,25.67,64.74,0.7114,1,-1,-1
572,151,1153.28,368.85,22.94,57.12,0.7394,1,-1,-1
572,131,448.77,344.52,26.92,57.00,0.5088,1,-1,-1
572,115,536.51,354.62,19.32,41.49,0.5974,1,-1,-1
572,184,422.64,335.25,20.79,57.96,0.2838,1,-1,-1
572,188,471.23,354.75,20.40,49.54,0.3666,1,-1,-1
572,189,1605.66,493.67,53.70,105.54,0.6011,1,-1,-1
572,192,1785.61,451.63,41.30,94.19,0.7578,1,-1,-1
572,195,1645.23,288.58,44.85,21.10,0.2316,4,-1,-1
572,120,495.77,359.04,20.62,45.92,0.4893,1,-1,-1
572,199,1713.94,376.52,66.42,25.99,0.2134,4,-1,-1
572,201,1573.12,276.41,22.25,15.12,0.2854,4,-1,-1
572,202,1782.20,269.64,57.58,27.81,0.3531,4,-1,-1
573,107,1180.53,374.92,22.66,50.05,0.7498,1,-1,-1
573,108,1261.41,384.69,26.57,66.06,0.7642,1,-1,-1
573,151,1152.32,368.15,23.29,57.73,0.7162,1,-1,-1
573,131,449.81,343.20,26.63,56.03,0.4417,1,-1,-1
573,115,536.75,354.31,19.69,42.40,0.4737,1,-1,-1
573,184,424.66,335.58,20.55,57.21,0.3639,1,-1,-1
573,188,472.68,355.31,20.08,48.07,0.4776,1,-1,-1
573,189,1601.32,496.14,52.81,102.06,0.4465,1,-1,-1
573,192,1781.58,451.15,41.55,94.65,0.7356,1,-1,-1
573,195,1645.26,289.49,43.00,20.21,0.1209,4,-1,-1
573,120,496.56,358.34,20.47,45.67,0.5419,1,-1,-1
573,199,1710.81,375.84,69.50,27.10,0.3794,4,-1,-1
573,201,1571.39,276.33,22.50,15.25,0.1471,4,-1,-1
573,202,1785.11,271.18,53.26,25.67,0.1571,4,-1,-1
574,107,1179.57,374.37,22.51,50.60,0.7303,1,-1,-1
574,108,1261.27,383.77,26.86,65.87,0.7439,1,-1,-1
574,151,1151.16,367.73,23.20,57.49,0.7050,1,-1,-1
574,131,452.24,342.25,26.98,56.98,0.3831,1,-1,-1
574,115,538.21,353.92,19.28,41.52,0.5448,1,-1,-1
574,184,427.21,335.88,17.91,49.27,0.2862,1,-1,-1
574,188,474.27,355.65,19.77,46.96,0.4196,1,-1,-1
574,189,1592.92,493.85,54.52,103.03,0.6280,1,-1,-1
574,192,1778.03,449.87,41.77,94.52,0.7372,1,-1,-1
574,195,1641.41,288.99,41.69,20.08,0.1037,4,-1,-1
574,120,497.50,357.55,20.38,45.53,0.5631,1,-1,-1
574,199,1707.54,374.42,71.83,27.98,0.1807,4,-1,-1
574,201,1571.50,277.41,21.33,14.45,0.1981,4,-1,-1
575,107,1178.96,373.70,22.27,51.02,0.6851,1,-1,-1
575,108,1260.17,382.62,27.34,66.09,0.7725,1,-1,-1
575,151,1150.21,367.23,23.14,57.52,0.7050,1,-1,-1
575,131,453.35,341.80,26.84,57.25,0.4513,1,-1,-1
575,115,539.81,353.71,18.83,40.72,0.5525,1,-1,-1
575,184,427.95,336.69,19.74,55.31,0.1086,1,-1,-1
575,188,475.68,355.30,19.56,46.26,0.5651,1,-1,-1
575,189,1589.53,490.10,55.64,105.34,0.7058,1,-1,-1
575,192,1773.86,448.81,42.21,95.52,0.7217,1,-1,-1
575,195,1641.50,289.14,40.96,19.82,0.1525,4,-1,-1
575,120,498.73,356.91,20.42,45.67,0.5879,1,-1,-1
575,199,1704.58,372.99,73.31,28.57,0.1480,4,-1,-1
575,201,1570.62,277.50,21.27,14.36,0.2644,4,-1,-1
576,107,1178.11,373.86,21.53,50.14,0.6809,1,-1,-1
576,108,1260.00,382.32,26.95,64.70,0.7424,1,-1,-1
576,151,1149.24,366.10,23.32,58.40,0.7241,1,-1,-1
576,131,453.44,341.12,27.15,58.31,0.5784,1,-1,-1
576,115,540.78,353.52,18.74,40.28,0.3684,1,-1,-1
576,184,430.88,335.14,16.16,44.57,0.1795,1,-1,-1
576,188,477.08,354.17,19.83,47.02,0.6270,1,-1,-1
576,189,1584.76,487.94,54.03,102.95,0.6307,1,-1,-1
576,192,1770.26,447.49,41.60,93.51,0.7106,1,-1,-1
576,195,1637.93,288.03,40.78,19.98,0.1204,4,-1,-1
576,120,499.69,356.25,20.75,46.48,0.5593,1,-1,-1
576,201,1569.04,276.72,22.13,14.87,0.1865,4,-1,-1
577,107,1177.14,371.90,21.69,51.26,0.6680,1,-1,-1
577,108,1258.90,382.14,27.07,64.25,0.7409,1,-1,-1
577,151,1148.66,365.39,23.36,58.83,0.7287,1,-1,-1
577,131,454.59,340.68,26.83,57.98,0.5804,1,-1,-1
577,115,541.81,353.31,18.75,40.12,0.3174,1,-1,-1
577,188,478.29,353.18,20.03,47.70,0.6540,1,-1,-1
577,189,1579.32,486.82,52.22,100.29,0.7009,1,-1,-1
577,192,1766.65,446.98,41.65,93.14,0.7138,1,-1,-1
577,195,1636.95,288.03,42.23,20.79,0.1865,4,-1,-1
577,120,501.17,356.11,20.51,45.83,0.5166,1,-1,-1
577,201,1567.53,276.47,22.66,15.14,0.2075,4,-1,-1
577,206,715.11,292.73,13.24,22.77,0.4805,1,-1,-1
578,107,1176.28,370.61,21.88,52.40,0.6680,1,-1,-1
578,108,1257.91,381.17,28.06,65.55,0.7642,1,-1,-1
578,151,1148.20,364.67,23.36,59.10,0.7394,1,-1,-1
578,131,455.39,338.85,27.36,59.74,0.5651,1,-1,-1
578,115,542.94,353.16,18.77,40.04,0.3757,1,-1,-1
578,188,479.23,352.93,20.17,48.09,0.6105,1,-1,-1
578,189,1571.40,484.16,52.13,100.51,0.6671,1,-1,-1
578,192,1761.76,446.14,40.95,91.89,0.7217,1,-1,-1
578,195,1637.12,287.59,42.47,20.60,0.2050,4,-1,-1
578,120,502.54,355.84,20.66,45.95,0.5127,1,-1,-1
578,201,1566.26,276.05,22.79,15.17,0.2323,4,-1,-1
578,206,715.35,292.79,13.39,23.04,0.4102,1,-1,-1
579,107,1175.01,369.41,22.23,53.42,0.6433,1,-1,-1
579,108,1257.34,379.52,28.85,66.72,0.7712,1,-1,-1
579,151,1147.74,364.47,22.87,58.10,0.7210,1,-1,-1
579,131,456.86,337.60,27.41,60.43,0.6030,1,-1,-1
579,115,543.86,352.93,18.66,39.76,0.3657,1,-1,-1
579,188,480.76,352.53,20.33,48.56,0.5898,1,-1,-1
579,189,1567.22,483.23,49.64,97.57,0.6619,1,-1,-1
579,192,1757.83,446.24,40.34,90.50,0.7326,1,-1,-1
579,195,1637.97,289.57,40.25,19.15,0.1907,4,-1,-1
579,120,503.52,355.31,21.06,46.78,0.6123,1,-1,-1
579,201,1566.33,276.28,21.67,14.35,0.2870,4,-1,-1
579,206,715.63,292.84,13.58,23.38,0.3711,1,-1,-1
580,107,1173.34,369.81,22.16,53.79,0.6307,1,-1,-1
580,108,1256.77,378.12,29.30,67.26,0.7484,1,-1,-1
580,151,1147.47,364.40,22.19,56.73,0.7146,1,-1,-1
580,131,457.91,336.28,27.59,61.36,0.5651,1,-1,-1
580,115,544.83,352.72,18.90,40.17,0.3460,1,-1,-1
580,188,481.12,352.36,20.61,49.29,0.5699,1,-1,-1
580,189,1560.45,480.76,49.68,99.29,0.6960,1,-1,-1
580,192,1753.39,445.20,39.95,89.83,0.7635,1,-1,-1
580,195,1635.40,286.68,44.48,20.94,0.1541,4,-1,-1
580,120,505.00,354.58,21.37,47.50,0.4932,1,-1,-1
580,201,1562.46,275.52,23.02,14.98,0.1515,4,-1,-1
580,206,715.66,292.66,13.79,23.75,0.3234,1,-1,-1
581,107,1172.34,369.64,21.46,52.53,0.6179,1,-1,-1
581,108,1255.32,376.73,29.38,67.13,0.7542,1,-1,-1
581,151,1147.03,364.29,21.60,55.63,0.7050,1,-1,-1
581,131,459.29,335.00,27.03,60.71,0.5708,1,-1,-1
581,115,546.22,352.10,18.54,39.27,0.3989,1,-1,-1
581,188,482.80,351.93,21.28,51.06,0.5234,1,-1,-1
581,189,1554.42,480.96,48.12,97.68,0.6610,1,-1,-1
581,192,1749.91,443.69,40.12,90.85,0.7202,1,-1,-1
581,195,1635.48,288.28,43.90,20.19,0.2031,4,-1,-1
581,120,506.11,353.97,21.32,47.58,0.4639,1,-1,-1
581,201,1561.43,275.18,23.51,15.10,0.1727,4,-1,-1
581,206,715.87,292.55,13.74,23.71,0.2926,1,-1,-1
582,107,1171.53,369.82,20.57,50.96,0.6469,1,-1,-1
582,108,1253.92,376.63,29.03,66.08,0.7364,1,-1,-1
582,151,1146.28,363.73,21.33,55.49,0.6885,1,-1,-1
582,131,460.82,333.98,26.10,59.08,0.4922,1,-1,-1
582,115,548.18,351.15,18.46,39.20,0.4484,1,-1,-1
582,188,484.59,352.52,20.84,50.32,0.5516,1,-1,-1
582,189,1550.42,480.28,46.07,95.13,0.6715,1,-1,-1
582,192,1746.40,443.56,39.65,90.30,0.6993,1,-1,-1
582,195,1632.29,286.94,47.35,21.73,0.1461,4,-1,-1
582,120,507.54,354.04,20.80,46.61,0.4873,1,-1,-1
582,201,1560.24,275.08,23.56,14.94,0.1082,4,-1,-1
582,206,716.67,292.92,13.34,23.08,0.3355,1,-1,-1
583,107,1170.79,369.76,19.87,49.94,0.6234,1,-1,-1
583,108,1252.55,376.29,28.94,65.39,0.7349,1,-1,-1
583,151,1145.50,363.04,21.20,55.47,0.7303,1,-1,-1
583,131,462.37,333.11,24.56,56.26,0.3657,1,-1,-1
583,115,549.15,350.29,19.02,40.69,0.4216,1,-1,-1
583,188,487.38,353.03,20.37,49.60,0.5823,1,-1,-1
583,189,1545.37,479.81,44.75,94.31,0.6680,1,-1,-1
583,192,1742.07,442.31,39.76,90.84,0.7217,1,-1,-1
583,195,1630.09,286.79,47.83,21.93,0.1352,4,-1,-1
583,120,508.77,354.34,20.29,45.77,0.5506,1,-1,-1
583,206,717.27,293.01,13.34,23.20,0.2502,1,-1,-1
584,107,1168.44,366.89,20.97,53.44,0.6095,1,-1,-1
584,108,1251.98,376.37,28.77,64.20,0.6868,1,-1,-1
584,151,1144.47,362.03,21.58,56.66,0.7194,1,-1,-1
584,131,463.93,332.75,25.25,58.78,0.3684,1,-1,-1
584,115,549.56,349.81,20.24,43.91,0.2934,1,-1,-1
584,188,488.88,352.79,20.31,49.74,0.6105,1,-1,-1
584,189,1539.29,476.42,44.74,95.11,0.5622,1,-1,-1
584,192,1738.41,441.35,39.62,90.89,0.7170,1,-1,-1
584,195,1625.71,285.04,48.33,22.69,0.1132,4,-1,-1
584,120,509.76,354.22,19.88,45.15,0.5784,1,-1,-1
584,206,717.96,293.03,13.25,23.16,0.1727,1,-1,-1
585,107,1167.37,366.41,20.80,53.62,0.6243,1,-1,-1
585,108,1251.00,375.00,29.23,64.63,0.6645,1,-1,-1
585,151,1143.92,361.38,21.36,56.26,0.7379,1,-1,-1
585,131,465.52,332.45,25.42,59.69,0.3775,1,-1,-1
585,115,550.90,349.79,19.65,42.82,0.3208,1,-1,-1
585,188,489.72,351.60,20.06,49.21,0.6123,1,-1,-1
585,189,1527.79,473.85,45.44,94.44,0.6002,1,-1,-1
585,192,1735.21,441.02,39.31,89.97,0.7402,1,-1,-1
585,120,510.58,353.31,19.71,44.98,0.5917,1,-1,-1
586,107,1167.07,366.94,19.95,52.03,0.5936,1,-1,-1
586,108,1249.22,373.50,29.70,65.52,0.6514,1,-1,-1
586,151,1143.07,360.98,21.42,56.58,0.7614,1,-1,-1
586,131,466.23,331.30,26.37,62.53,0.3531,1,-1,-1
586,115,551.85,349.26,19.78,43.61,0.2227,1,-1,-1
586,188,490.16,350.52,19.77,48.80,0.6105,1,-1,-1
586,189,1520.44,473.08,46.45,95.12,0.6252,1,-1,-1
586,192,1730.79,440.87,39.08,89.83,0.7417,1,-1,-1
586,120,511.97,352.85,19.64,44.94,0.6086,1,-1,-1
587,107,1166.20,366.91,19.09,50.32,0.6030,1,-1,-1
587,108,1247.97,372.38,29.92,66.01,0.6487,1,-1,-1
587,151,1142.41,360.56,21.31,56.44,0.7753,1,-1,-1
587,131,467.96,330.03,25.90,62.18,0.3612,1,-1,-1
587,115,554.11,348.78,18.45,40.72,0.2193,1,-1,-1
587,188,490.89,349.99,19.55,48.46,0.5823,1,-1,-1
587,189,1514.33,470.89,48.95,98.24,0.5708,1,-1,-1
587,192,1726.58,438.98,38.95,89.84,0.6910,1,-1,-1
587,120,513.11,352.46,19.21,44.13,0.6851,1,-1,-1
588,107,1165.51,365.56,18.92,50.45,0.6540,1,-1,-1
588,108,1246.39,371.36,30.08,66.47,0.6352,1,-1,-1
588,151,1141.90,360.36,20.99,55.64,0.7571,1,-1,-1
588,131,468.70,329.77,25.28,61.15,0.4168,1,-1,-1
588,115,555.42,348.26,17.84,39.65,0.1281,1,-1,-1
588,188,492.15,349.71,19.24,47.79,0.5535,1,-1,-1
588,189,1505.11,469.44,56.41,110.35,0.6095,1,-1,-1
588,192,1722.46,437.75,38.75,89.72,0.7058,1,-1,-1
588,120,513.99,352.23,18.93,43.80,0.6252,1,-1,-1
589,107,1164.10,364.38,19.11,51.05,0.6766,1,-1,-1
589,108,1246.07,371.54,28.78,63.57,0.6715,1,-1,-1
589,151,1140.78,359.82,21.11,55.80,0.7272,1,-1,-1
589,131,469.57,328.94,25.09,60.95,0.4036,1,-1,-1
589,188,492.87,349.59,19.19,47.66,0.5166,1,-1,-1
589,189,1502.16,468.79,55.07,104.71,0.6993,1,-1,-1
589,192,1717.71,436.04,38.77,90.02,0.7372,1,-1,-1
589,120,514.65,352.32,18.33,42.27,0.4282,1,-1,-1
590,107,1162.45,364.63,19.01,50.54,0.6628,1,-1,-1
590,108,1245.50,371.39,27.95,61.67,0.7162,1,-1,-1
590,151,1139.51,359.34,21.16,55.51,0.6918,1,-1,-1
590,131,470.81,328.76,24.09,58.56,0.3831,1,-1,-1
590,188,493.82,349.56,19.23,47.48,0.5020,1,-1,-1
590,189,1496.74,467.53,52.82,99.44,0.6817,1,-1,-1
590,192,1714.12,435.44,37.98,88.36,0.7138,1,-1,-1
590,120,514.95,351.83,18.65,42.45,0.4766,1,-1,-1
591,107,1160.95,364.74,18.77,49.72,0.6522,1,-1,-1
591,108,1244.31,370.88,27.98,61.81,0.6918,1,-1,-1
591,151,1138.61,359.06,21.08,55.10,0.7033,1,-1,-1
591,131,471.86,329.53,23.44,57.05,0.4235,1,-1,-1
591,188,494.41,349.39,19.36,47.53,0.4844,1,-1,-1
591,189,1492.70,467.03,51.89,96.02,0.6851,1,-1,-1
591,192,1710.01,435.31,37.19,86.84,0.6792,1,-1,-1
591,120,515.02,351.48,18.90,42.62,0.3803,1,-1,-1
592,107,1159.29,363.73,18.82,49.77,0.5312,1,-1,-1
592,108,1241.29,369.27,29.21,64.56,0.7114,1,-1,-1
592,151,1137.45,357.32,21.60,56.31,0.7303,1,-1,-1
592,131,471.44,330.57,24.61,60.19,0.4756,1,-1,-1
592,188,494.81,348.67,19.84,48.47,0.5215,1,-1,-1
592,189,1487.19,466.84,51.18,94.52,0.6783,1,-1,-1
592,192,1705.53,434.84,36.82,86.63,0.7009,1,-1,-1
592,120,515.75,350.95,19.48,43.53,0.5955,1,-1,-1
593,107,1156.91,363.24,19.05,50.54,0.5679,1,-1,-1
593,108,1241.00,369.45,28.91,64.19,0.6951,1,-1,-1
593,151,1136.30,356.64,21.75,56.66,0.7424,1,-1,-1
593,131,471.40,331.38,24.59,60.18,0.3831,1,-1,-1
593,188,495.11,348.29,20.22,49.14,0.4912,1,-1,-1
593,189,1481.67,463.94,51.07,94.11,0.6352,1,-1,-1
593,192,1701.53,433.79,36.53,85.94,0.6602,1,-1,-1
593,120,516.28,350.49,19.66,43.84,0.5477,1,-1,-1
594,107,1155.91,363.59,18.77,49.91,0.6487,1,-1,-1
594,108,1239.58,369.46,28.37,63.59,0.6851,1,-1,-1
594,151,1135.55,357.24,21.38,55.46,0.6984,1,-1,-1
594,131,472.05,331.51,23.89,58.46,0.4630,1,-1,-1
594,188,496.37,349.27,19.90,48.34,0.5224,1,-1,-1
594,189,1478.09,463.63,48.41,89.60,0.6179,1,-1,-1
594,192,1696.26,432.39,36.37,85.75,0.6817,1,-1,-1
594,120,516.54,350.41,19.63,43.82,0.5708,1,-1,-1
595,107,1154.41,361.59,19.42,51.28,0.6901,1,-1,-1
595,108,1238.03,369.17,27.66,62.48,0.7241,1,-1,-1
595,151,1134.62,358.32,20.74,53.66,0.6951,1,-1,-1
595,131,472.52,331.88,23.36,57.00,0.4504,1,-1,-1
595,188,497.11,349.20,19.62,47.68,0.5127,1,-1,-1
595,189,1472.32,461.46,47.31,89.02,0.6307,1,-1,-1
595,192,1691.07,431.60,36.10,85.38,0.6058,1,-1,-1
595,120,516.81,350.35,19.12,42.63,0.4678,1,-1,-1
596,107,1153.11,361.11,19.39,51.15,0.7542,1,-1,-1
596,108,1235.75,368.68,27.73,62.72,0.7017,1,-1,-1
596,151,1132.96,359.03,20.33,52.17,0.7698,1,-1,-1
596,131,472.55,332.13,23.43,57.21,0.4863,1,-1,-1
596,188,498.05,348.35,20.02,48.86,0.5419,1,-1,-1
596,189,1465.92,459.69,46.21,89.11,0.6834,1,-1,-1
596,192,1686.90,431.16,36.04,85.34,0.6397,1,-1,-1
596,120,517.30,349.87,19.36,43.10,0.4756,1,-1,-1
597,107,1151.50,360.98,19.58,51.18,0.7656,1,-1,-1
597,108,1234.62,368.21,27.28,62.11,0.7287,1,-1,-1
597,151,1131.24,358.52,20.54,52.51,0.7712,1,-1,-1
597,131,472.63,332.75,23.39,57.29,0.4620,1,-1,-1
597,188,496.66,347.22,19.88,48.30,0.5409,1,-1,-1
597,189,1461.19,456.49,45.49,90.86,0.7001,1,-1,-1
597,192,1680.69,429.90,36.49,85.83,0.6976,1,-1,-1
597,120,517.51,349.46,19.61,43.64,0.4206,1,-1,-1
598,107,1149.42,361.34,19.42,50.33,0.7394,1,-1,-1
598,108,1232.86,368.24,26.87,61.62,0.7017,1,-1,-1
598,151,1129.79,357.84,20.61,52.85,0.6575,1,-1,-1
598,131,473.97,333.06,22.53,55.22,0.4571,1,-1,-1
598,188,496.68,346.56,19.72,47.69,0.5273,1,-1,-1
598,189,1455.15,454.45,44.27,91.14,0.6558,1,-1,-1
598,192,1676.14,428.38,36.58,84.83,0.7074,1,-1,-1
598,120,517.78,348.89,19.67,43.78,0.4235,1,-1,-1
599,107,1147.74,361.58,19.33,49.70,0.7017,1,-1,-1
599,108,1231.94,368.23,26.32,60.91,0.6800,1,-1,-1
599,151,1127.69,358.12,20.25,51.91,0.7225,1,-1,-1
599,131,474.84,333.35,22.10,54.18,0.4844,1,-1,-1
599,188,497.91,346.96,19.97,48.48,0.5166,1,-1,-1
599,189,1449.90,453.90,42.89,91.04,0.6325,1,-1,-1
599,192,1670.50,426.88,37.11,84.75,0.7138,1,-1,-1
599,120,517.92,348.37,19.57,43.70,0.4102,1,-1,-1
600,107,1146.10,361.85,18.89,48.78,0.6540,1,-1,-1
600,108,1229.35,367.73,26.03,60.19,0.6645,1,-1,-1
600,151,1125.76,358.40,19.67,50.17,0.7394,1,-1,-1
600,131,475.71,333.97,21.51,52.83,0.4639,1,-1,-1
600,188,498.18,346.73,19.27,46.48,0.5496,1,-1,-1
600,189,1443.79,454.48,41.40,89.55,0.6575,1,-1,-1
600,192,1664.96,426.01,37.79,84.82,0.7202,1,-1,-1
600,120,518.81,348.07,19.39,43.39,0.4581,1,-1,-1
601,107,1144.59,361.51,18.93,48.55,0.6540,1,-1,-1
601,108,1226.46,366.65,26.60,60.77,0.6505,1,-1,-1
601,151,1124.25,356.88,20.33,51.81,0.7527,1,-1,-1
601,131,476.53,334.46,20.89,51.50,0.4717,1,-1,-1
601,188,498.27,346.25,18.93,45.21,0.5205,1,-1,-1
601,189,1439.21,455.96,38.70,84.32,0.6049,1,-1,-1
601,192,1659.33,424.76,38.15,84.38,0.7649,1,-1,-1
601,120,518.79,347.68,19.19,43.06,0.3684,1,-1,-1
602,107,1142.73,361.05,19.22,48.83,0.6783,1,-1,-1
602,108,1224.94,365.49,26.97,61.07,0.6415,1,-1,-1
602,151,1123.18,355.99,20.33,51.74,0.7349,1,-1,-1
602,131,478.22,334.62,21.48,52.77,0.4756,1,-1,-1
602,188,498.68,345.89,18.87,44.68,0.4941,1,-1,-1
602,189,1429.57,452.05,40.42,85.99,0.6442,1,-1,-1
602,192,1654.11,424.33,38.33,83.18,0.7621,1,-1,-1
602,120,519.82,347.52,18.80,42.14,0.3766,1,-1,-1
603,107,1141.11,359.70,19.46,49.53,0.6834,1,-1,-1
603,108,1223.85,365.57,26.93,61.32,0.6215,1,-1,-1
603,151,1121.60,356.06,19.95,50.57,0.7130,1,-1,-1
603,131,478.94,333.95,22.11,54.05,0.5332,1,-1,-1
603,188,498.44,345.27,19.18,44.97,0.5068,1,-1,-1
603,189,1425.26,452.02,40.69,85.73,0.6397,1,-1,-1
603,192,1648.50,423.48,39.25,83.58,0.7341,1,-1,-1
603,120,520.14,347.00,19.04,42.75,0.5612,1,-1,-1
604,107,1139.87,358.97,19.49,49.56,0.6901,1,-1,-1
604,108,1221.89,364.83,27.09,61.80,0.6252,1,-1,-1
604,151,1119.43,355.14,20.27,51.04,0.7162,1,-1,-1
604,131,479.70,333.38,22.80,55.64,0.5254,1,-1,-1
604,188,498.66,344.86,19.35,45.08,0.4951,1,-1,-1
604,189,1418.03,449.99,41.94,85.75,0.6549,1,-1,-1
604,192,1643.22,422.84,39.26,82.34,0.7106,1,-1,-1
604,120,520.58,346.86,19.11,42.95,0.5487,1,-1,-1
605,107,1138.58,358.53,19.53,49.42,0.6918,1,-1,-1
605,108,1220.06,364.48,26.73,61.37,0.6179,1,-1,-1
605,151,1117.71,354.43,20.54,51.33,0.7146,1,-1,-1
605,131,480.29,332.66,23.38,57.05,0.5273,1,-1,-1
605,188,499.19,344.35,19.50,45.35,0.5088,1,-1,-1
605,189,1413.37,448.47,42.46,85.46,0.6976,1,-1,-1
605,192,1639.03,422.67,39.16,81.29,0.7506,1,-1,-1
605,120,520.96,346.53,19.21,43.22,0.5804,1,-1,-1
606,107,1136.76,358.00,19.92,50.30,0.7033,1,-1,-1
606,108,1219.94,364.84,26.16,60.48,0.5535,1,-1,-1
606,151,1116.13,354.19,20.85,51.71,0.6935,1,-1,-1
606,131,480.43,330.93,24.09,59.38,0.4591,1,-1,-1
606,188,499.91,343.77,19.68,45.75,0.5020,1,-1,-1
606,189,1408.46,449.49,42.77,84.31,0.6680,1,-1,-1
606,192,1635.24,422.39,39.45,80.95,0.7264,1,-1,-1
606,120,521.64,345.78,19.27,43.62,0.4932,1,-1,-1
607,107,1135.39,357.82,19.73,49.67,0.6851,1,-1,-1
607,108,1218.85,365.10,25.58,59.63,0.6451,1,-1,-1
607,151,1114.36,353.51,20.77,51.32,0.7178,1,-1,-1
607,131,481.37,330.44,23.77,59.59,0.5215,1,-1,-1
607,188,500.42,343.71,19.63,45.89,0.5554,1,-1,-1
607,189,1404.16,447.60,43.48,84.21,0.7114,1,-1,-1
607,192,1630.29,420.17,40.03,81.71,0.7122,1,-1,-1
607,120,522.34,345.49,19.25,43.88,0.5670,1,-1,-1
608,107,1134.44,357.79,19.61,49.07,0.6645,1,-1,-1
608,108,1217.61,365.11,24.20,57.14,0.6868,1,-1,-1
608,151,1112.91,353.21,20.58,50.69,0.7498,1,-1,-1
608,131,482.51,330.04,22.86,57.99,0.5234,1,-1,-1
608,188,501.01,343.57,19.62,46.04,0.5708,1,-1,-1
608,189,1400.28,445.16,44.04,84.62,0.6645,1,-1,-1
608,192,1625.73,419.65,39.56,80.31,0.6976,1,-1,-1
608,120,522.74,345.01,19.15,43.90,0.4776,1,-1,-1
609,107,1133.27,357.94,19.44,48.48,0.7001,1,-1,-1
609,108,1216.79,364.44,23.46,56.07,0.6868,1,-1,-1
609,151,1111.65,352.70,20.45,50.42,0.7162,1,-1,-1
609,131,483.26,329.70,21.80,56.06,0.5409,1,-1,-1
609,188,501.69,343.28,19.61,46.19,0.5974,1,-1,-1
609,189,1397.26,444.33,43.12,82.66,0.6918,1,-1,-1
609,192,1621.23,419.29,39.33,79.51,0.6834,1,-1,-1
609,120,523.19,344.99,18.87,43.47,0.4922,1,-1,-1
610,107,1132.09,357.83,19.57,48.42,0.7001,1,-1,-1
610,108,1215.52,363.78,23.43,56.52,0.5823,1,-1,-1
610,151,1109.95,352.41,20.61,50.72,0.7454,1,-1,-1
610,131,483.69,328.87,21.31,55.74,0.5078,1,-1,-1
610,188,502.15,342.29,19.86,46.93,0.5879,1,-1,-1
610,189,1392.21,443.51,41.12,80.30,0.6234,1,-1,-1
610,192,1616.62,420.29,38.03,76.98,0.6086,1,-1,-1
610,120,523.72,345.02,18.47,42.93,0.4717,1,-1,-1
611,107,1131.21,357.00,19.65,47.96,0.7241,1,-1,-1
611,108,1213.46,362.99,23.57,57.21,0.6067,1,-1,-1
611,151,1108.14,351.61,20.79,50.94,0.7698,1,-1,-1
611,131,484.05,327.19,20.71,55.22,0.4746,1,-1,-1
611,188,502.60,342.18,19.44,45.95,0.5612,1,-1,-1
611,189,1386.82,445.12,39.33,77.57,0.6397,1,-1,-1
611,192,1613.95,419.51,38.39,77.52,0.6800,1,-1,-1
611,120,524.40,345.15,18.02,42.20,0.5185,1,-1,-1
612,107,1130.34,356.55,19.64,47.56,0.7394,1,-1,-1
612,108,1211.54,362.07,23.94,58.09,0.5535,1,-1,-1
612,151,1106.77,350.51,21.05,51.61,0.7670,1,-1,-1
612,131,484.61,326.07,19.78,53.72,0.4893,1,-1,-1
612,188,502.55,341.72,19.53,46.02,0.5419,1,-1,-1
612,189,1381.82,442.69,39.13,78.65,0.6215,1,-1,-1
612,192,1610.08,419.28,38.63,77.49,0.6011,1,-1,-1
612,120,524.47,344.71,17.95,42.35,0.5263,1,-1,-1
613,107,1129.37,356.33,19.58,46.86,0.7241,1,-1,-1
613,108,1210.50,360.80,24.21,58.84,0.4815,1,-1,-1
613,151,1105.13,350.34,21.08,51.74,0.7498,1,-1,-1
613,131,485.29,325.00,18.95,52.37,0.4349,1,-1,-1
613,188,502.64,341.12,19.77,46.54,0.4932,1,-1,-1
613,189,1376.18,442.05,37.47,77.08,0.6680,1,-1,-1
613,192,1604.99,417.66,38.07,77.10,0.6451,1,-1,-1
613,120,524.62,344.13,17.98,42.71,0.5370,1,-1,-1
614,107,1128.45,355.29,19.84,47.30,0.7066,1,-1,-1
614,108,1209.30,359.70,24.17,59.15,0.4883,1,-1,-1
614,151,1102.92,348.36,21.34,52.88,0.6487,1,-1,-1
614,131,486.94,323.87,16.30,45.23,0.2975,1,-1,-1
614,188,502.69,340.94,19.78,46.57,0.5107,1,-1,-1
614,189,1371.00,440.29,36.82,77.54,0.6575,1,-1,-1
614,192,1601.28,416.01,38.73,77.95,0.6424,1,-1,-1
614,120,524.90,343.52,17.88,42.77,0.5496,1,-1,-1
615,107,1126.97,355.53,19.66,46.77,0.7066,1,-1,-1
615,108,1207.73,359.64,23.53,58.05,0.6715,1,-1,-1
615,151,1101.32,347.36,21.26,53.16,0.6697,1,-1,-1
615,131,489.13,323.40,12.73,34.70,0.2075,1,-1,-1
615,188,503.04,340.94,19.67,46.30,0.4746,1,-1,-1
615,189,1365.25,437.46,37.39,80.22,0.6289,1,-1,-1
615,192,1597.34,416.68,37.76,75.99,0.5467,1,-1,-1
615,120,525.40,343.36,17.88,42.82,0.5784,1,-1,-1
616,107,1125.79,355.33,19.56,46.44,0.7394,1,-1,-1
616,108,1206.14,359.37,23.11,57.22,0.6885,1,-1,-1
616,151,1099.92,346.30,21.22,53.64,0.6851,1,-1,-1
616,131,489.71,322.86,14.80,40.87,0.1172,1,-1,-1
616,188,503.49,340.55,19.59,46.12,0.4824,1,-1,-1
616,189,1360.99,435.64,36.03,78.96,0.6834,1,-1,-1
616,192,1592.52,417.98,36.18,73.29,0.5936,1,-1,-1
616,120,525.18,342.40,18.16,43.66,0.5651,1,-1,-1
617,107,1124.82,354.87,19.66,46.62,0.7364,1,-1,-1
617,108,1204.32,358.60,23.22,57.57,0.6749,1,-1,-1
617,151,1098.52,345.04,21.31,54.30,0.7001,1,-1,-1
617,131,490.79,323.88,15.01,41.85,0.1172,1,-1,-1
617,188,503.79,340.51,19.05,44.92,0.4552,1,-1,-1
617,189,1355.32,433.98,35.70,78.88,0.6343,1,-1,-1
617,192,1590.25,415.73,37.84,76.34,0.6487,1,-1,-1
617,120,525.68,342.03,18.12,43.36,0.5409,1,-1,-1
618,107,1123.07,354.16,19.84,47.13,0.7409,1,-1,-1
618,108,1201.22,357.58,24.33,59.31,0.7210,1,-1,-1
618,151,1097.80,345.56,20.09,51.86,0.6885,1,-1,-1
618,188,503.44,340.12,18.72,44.05,0.3495,1,-1,-1
618,189,1350.19,432.82,35.78,79.97,0.6951,1,-1,-1
618,192,1585.69,415.99,36.06,73.33,0.6206,1,-1,-1
618,120,526.37,342.68,17.52,42.00,0.4273,1,-1,-1
618,215,1247.19,329.94,13.59,35.74,0.4533,1,-1,-1
619,107,1121.98,353.45,19.92,47.23,0.7454,1,-1,-1
619,108,1199.30,357.65,24.50,59.24,0.7130,1,-1,-1
619,151,1096.14,345.64,19.98,51.65,0.6851,1,-1,-1
619,188,502.69,339.46,19.35,45.19,0.3831,1,-1,-1
619,189,1345.97,432.55,34.99,77.76,0.6901,1,-1,-1
619,192,1580.73,415.04,35.10,71.95,0.6575,1,-1,-1
619,120,526.59,342.63,17.35,41.49,0.3451,1,-1,-1
620,107,1121.08,352.81,19.98,47.23,0.7484,1,-1,-1
620,108,1197.55,357.58,24.72,59.12,0.6834,1,-1,-1
620,151,1094.88,345.63,19.78,51.33,0.7334,1,-1,-1
620,188,501.70,339.02,19.37,44.93,0.3065,1,-1,-1
620,189,1342.59,433.35,34.43,76.26,0.6645,1,-1,-1
620,192,1577.20,413.65,34.31,71.18,0.6540,1,-1,-1
620,120,527.00,342.98,16.96,40.39,0.2628,1,-1,-1
621,107,1120.10,352.70,19.76,46.79,0.7642,1,-1,-1
621,108,1195.82,357.52,24.48,58.05,0.6885,1,-1,-1
621,151,1093.98,345.34,19.37,50.64,0.6885,1,-1,-1
621,188,501.18,338.69,19.92,45.73,0.3757,1,-1,-1
621,189,1339.16,433.90,34.11,74.65,0.6885,1,-1,-1
621,192,1573.15,414.48,32.89,69.22,0.6885,1,-1,-1
621,120,527.19,343.13,17.11,40.58,0.4026,1,-1,-1
622,107,1118.82,352.47,19.53,46.20,0.7017,1,-1,-1
622,108,1195.48,357.60,24.35,57.41,0.6697,1,-1,-1
622,151,1093.04,344.84,19.00,49.82,0.6851,1,-1,-1
622,188,499.83,337.77,20.47,46.88,0.4591,1,-1,-1
622,189,1333.59,434.27,34.35,73.40,0.5784,1,-1,-1
622,192,1569.22,413.08,33.01,70.66,0.6918,1,-1,-1
622,120,527.44,342.98,17.31,40.91,0.4805,1,-1,-1
623,107,1117.15,352.76,19.13,45.27,0.7050,1,-1,-1
623,108,1192.88,355.81,25.24,58.54,0.6663,1,-1,-1
623,151,1091.09,344.46,19.30,50.45,0.6697,1,-1,-1
623,188,499.48,337.21,20.88,47.59,0.4533,1,-1,-1
623,189,1326.62,432.19,36.09,74.13,0.6935,1,-1,-1
623,192,1566.17,412.89,32.04,69.37,0.6834,1,-1,-1
623,120,527.63,342.85,17.34,40.91,0.5137,1,-1,-1
624,107,1115.60,352.42,19.34,45.61,0.7287,1,-1,-1
624,108,1191.54,355.00,25.44,58.20,0.6918,1,-1,-1
624,151,1089.87,344.50,19.11,49.88,0.6951,1,-1,-1
624,188,499.61,336.93,21.07,47.92,0.4581,1,-1,-1
624,189,1321.39,427.82,38.16,76.62,0.7311,1,-1,-1
624,192,1562.23,412.62,31.16,68.38,0.6766,1,-1,-1
624,120,528.04,342.74,17.20,40.54,0.4922,1,-1,-1
625,107,1114.64,351.52,19.47,45.45,0.7349,1,-1,-1
625,108,1189.93,354.80,25.32,57.51,0.6522,1,-1,-1
625,151,1088.70,343.74,18.99,49.81,0.7146,1,-1,-1
625,188,499.94,336.57,21.21,48.15,0.4893,1,-1,-1
625,189,1316.46,426.68,38.29,75.27,0.6918,1,-1,-1
625,192,1559.13,411.78,31.12,68.58,0.6654,1,-1,-1
625,120,528.35,342.79,17.12,40.22,0.5020,1,-1,-1
626,107,1112.95,350.52,19.75,45.93,0.7256,1,-1,-1
626,108,1188.93,354.93,24.80,56.09,0.7050,1,-1,-1
626,151,1087.72,343.41,18.68,49.19,0.6918,1,-1,-1
626,188,500.74,336.04,21.51,48.62,0.4961,1,-1,-1
626,189,1309.45,425.04,38.11,75.35,0.6270,1,-1,-1
626,192,1555.39,410.54,30.91,68.82,0.5974,1,-1,-1
626,120,528.68,342.84,17.06,39.94,0.5059,1,-1,-1
626,218,505.86,337.87,20.64,46.82,0.5215,1,-1,-1
627,107,1111.59,350.42,19.64,45.55,0.7571,1,-1,-1
627,108,1187.92,355.46,24.14,54.43,0.6935,1,-1,-1
627,151,1086.87,342.46,18.71,49.50,0.6766,1,-1,-1
627,188,501.35,335.85,21.72,48.95,0.4951,1,-1,-1
627,189,1306.30,424.83,37.26,73.29,0.6984,1,-1,-1
627,192,1551.31,410.72,30.07,67.67,0.6654,1,-1,-1
627,120,529.01,342.33,17.29,40.39,0.5059,1,-1,-1
627,218,505.72,337.60,20.78,47.11,0.5273,1,-1,-1
628,107,1109.55,350.02,19.46,45.43,0.7937,1,-1,-1
628,108,1186.31,356.02,23.99,53.78,0.7178,1,-1,-1
628,151,1085.57,342.45,18.83,49.73,0.7225,1,-1,-1
628,189,1301.65,422.86,36.32,72.42,0.6783,1,-1,-1
628,192,1548.35,409.02,30.19,68.52,0.6809,1,-1,-1
628,120,529.25,340.54,18.40,43.06,0.5117,1,-1,-1
628,218,505.66,337.17,20.84,47.20,0.5254,1,-1,-1
629,107,1108.14,350.45,19.24,44.78,0.8050,1,-1,-1
629,108,1183.95,357.29,23.79,52.52,0.7225,1,-1,-1
629,151,1084.05,341.90,18.96,49.92,0.7409,1,-1,-1
629,189,1298.21,421.65,36.16,73.30,0.6179,1,-1,-1
629,192,1544.75,408.69,29.41,67.29,0.5917,1,-1,-1
629,120,529.72,340.21,18.20,42.64,0.5708,1,-1,-1
629,218,505.19,336.61,21.04,47.64,0.5889,1,-1,-1
630,107,1106.68,349.63,19.07,44.52,0.7439,1,-1,-1
630,108,1182.49,356.68,23.86,52.28,0.7114,1,-1,-1
630,151,1082.47,339.80,19.61,51.47,0.7439,1,-1,-1
630,189,1294.38,420.05,35.19,73.30,0.6976,1,-1,-1
630,192,1541.37,408.88,28.94,66.60,0.5964,1,-1,-1
630,120,529.70,340.17,17.96,42.28,0.5612,1,-1,-1
630,218,506.00,336.39,20.46,46.28,0.6289,1,-1,-1
631,107,1105.34,349.17,19.13,44.74,0.7256,1,-1,-1
631,108,1180.33,355.39,24.57,53.15,0.7178,1,-1,-1
631,151,1081.04,339.67,19.84,51.76,0.6732,1,-1,-1
631,189,1290.20,418.70,34.96,74.48,0.6280,1,-1,-1
631,192,1538.17,407.36,29.14,67.66,0.6792,1,-1,-1
631,120,529.74,340.02,17.80,41.94,0.5955,1,-1,-1
631,218,506.56,336.03,20.27,45.88,0.6540,1,-1,-1
632,107,1103.27,348.88,19.21,44.60,0.7272,1,-1,-1
632,108,1177.76,353.74,25.73,55.29,0.7409,1,-1,-1
632,151,1079.03,337.46,20.47,53.43,0.6918,1,-1,-1
632,189,1285.47,418.14,33.94,73.70,0.6826,1,-1,-1
632,192,1534.45,406.60,28.81,66.97,0.6142,1,-1,-1
632,120,529.84,339.88,17.66,41.64,0.5842,1,-1,-1
632,218,506.95,335.74,19.85,45.03,0.6505,1,-1,-1
633,107,1101.06,348.11,19.43,44.91,0.7050,1,-1,-1
633,108,1175.46,352.20,26.58,56.73,0.7585,1,-1,-1
633,151,1077.62,335.32,20.87,54.51,0.6951,1,-1,-1
633,189,1281.15,417.83,33.03,72.79,0.6179,1,-1,-1
633,192,1530.23,405.56,28.82,67.71,0.6901,1,-1,-1
633,120,530.26,339.21,17.34,40.62,0.5506,1,-1,-1
633,218,507.54,335.41,19.43,44.00,0.6469,1,-1,-1
634,107,1098.90,348.23,18.96,44.08,0.6834,1,-1,-1
634,108,1172.71,351.71,26.47,56.43,0.7178,1,-1,-1
634,151,1076.23,334.94,20.60,53.78,0.7394,1,-1,-1
634,189,1276.15,416.94,32.73,72.75,0.6206,1,-1,-1
634,192,1526.26,405.10,28.55,67.44,0.6487,1,-1,-1
634,120,529.45,338.53,17.60,40.80,0.5516,1,-1,-1
634,218,507.16,335.35,19.42,43.86,0.6049,1,-1,-1
635,107,1096.47,348.37,18.60,43.56,0.7439,1,-1,-1
635,108,1170.14,352.91,25.59,54.82,0.6968,1,-1,-1
635,151,1073.77,335.83,20.43,53.00,0.7556,1,-1,-1
635,189,1270.97,417.31,31.84,71.40,0.6740,1,-1,-1
635,192,1521.06,403.84,28.94,68.61,0.6697,1,-1,-1
635,120,528.31,338.25,17.40,40.04,0.4177,1,-1,-1
635,218,506.15,335.18,19.12,43.25,0.5166,1,-1,-1
636,107,1093.75,348.27,18.27,42.69,0.7409,1,-1,-1
636,108,1166.65,352.66,25.34,54.49,0.6715,1,-1,-1
636,151,1071.38,335.93,20.60,53.00,0.7599,1,-1,-1
636,189,1264.72,418.20,31.37,68.79,0.6379,1,-1,-1
636,192,1517.09,403.30,28.03,66.47,0.6775,1,-1,-1
636,120,526.72,338.30,17.00,38.55,0.3346,1,-1,-1
636,188,503.50,334.88,19.86,44.82,0.4961,1,-1,-1
637,107,1090.49,347.02,18.56,43.40,0.7146,1,-1,-1
637,108,1163.24,351.92,25.04,54.24,0.6851,1,-1,-1
637,151,1068.03,336.70,20.39,52.00,0.6885,1,-1,-1
637,189,1257.99,416.77,31.84,69.20,0.5718,1,-1,-1
637,192,1511.69,403.11,27.38,65.10,0.6049,1,-1,-1
637,120,525.09,338.80,16.73,37.63,0.3183,1,-1,-1
637,221,1581.89,271.00,37.80,17.60,0.5516,4,-1,-1
637,188,502.58,335.17,19.14,43.09,0.5068,1,-1,-1
638,107,1087.41,347.33,18.08,42.51,0.6834,1,-1,-1
638,108,1160.21,352.62,24.05,52.46,0.6680,1,-1,-1
638,151,1064.84,336.60,20.36,51.48,0.7364,1,-1,-1
638,189,1252.43,415.03,32.55,69.91,0.5746,1,-1,-1
638,192,1506.31,403.26,26.50,63.17,0.3666,1,-1,-1
638,120,522.99,338.73,16.78,37.53,0.2583,1,-1,-1
638,221,1577.36,270.69,38.16,17.78,0.4815,4,-1,-1
638,188,501.14,335.53,19.13,42.98,0.4017,1,-1,-1
639,107,1084.04,346.65,18.02,42.18,0.6637,1,-1,-1
639,108,1156.31,352.31,24.06,52.73,0.6496,1,-1,-1
639,151,1061.76,335.88,20.92,52.24,0.7225,1,-1,-1
639,189,1248.40,414.13,32.40,69.34,0.4727,1,-1,-1
639,192,1500.06,402.34,26.82,63.95,0.5936,1,-1,-1
639,120,519.85,338.11,17.22,38.46,0.3711,1,-1,-1
639,221,1573.32,270.64,37.36,17.43,0.4746,4,-1,-1
639,188,499.09,335.05,19.20,43.21,0.5341,1,-1,-1
640,107,1079.79,346.76,17.99,41.81,0.6901,1,-1,-1
640,108,1152.59,352.15,23.71,52.02,0.6834,1,-1,-1
640,151,1059.20,336.81,20.15,50.02,0.7585,1,-1,-1
640,189,1242.06,413.05,32.39,69.04,0.4668,1,-1,-1
640,192,1494.36,400.51,27.15,64.68,0.5234,1,-1,-1
640,120,518.08,338.40,16.92,37.91,0.5234,1,-1,-1
640,221,1567.26,270.17,38.93,18.22,0.4707,4,-1,-1
640,188,497.58,334.74,18.89,42.43,0.5784,1,-1,-1
641,107,1076.24,346.45,17.87,41.63,0.6540,1,-1,-1
641,108,1148.22,353.14,22.96,50.70,0.6715,1,-1,-1
641,151,1055.86,337.81,20.01,49.15,0.7001,1,-1,-1
641,189,1234.76,415.05,30.97,65.16,0.4102,1,-1,-1
641,192,1488.98,401.82,26.16,61.47,0.4244,1,-1,-1
641,120,515.40,337.90,17.15,38.05,0.2429,1,-1,-1
641,221,1561.35,269.69,40.03,18.82,0.3730,4,-1,-1
641,188,495.80,334.93,19.31,43.16,0.3858,1,-1,-1
642,107,1072.55,346.16,17.96,41.61,0.6663,1,-1,-1
642,108,1143.65,352.00,23.37,51.90,0.6397,1,-1,-1
642,151,1052.30,336.36,20.14,49.57,0.7303,1,-1,-1
642,189,1228.08,415.82,29.37,61.11,0.1520,1,-1,-1
642,120,512.71,337.30,16.90,37.59,0.4158,1,-1,-1
642,188,493.69,334.54,18.65,42.12,0.4446,1,-1,-1
643,107,1068.83,344.60,18.50,43.03,0.7225,1,-1,-1
643,108,1139.77,351.88,22.98,51.49,0.6451,1,-1,-1
643,151,1049.77,336.74,19.46,47.95,0.7379,1,-1,-1
643,189,1220.90,415.46,28.44,59.53,0.3621,1,-1,-1
643,120,509.98,337.50,16.98,37.66,0.2598,1,-1,-1
643,188,490.82,335.30,18.59,42.02,0.4600,1,-1,-1
644,107,1065.70,345.34,18.23,42.34,0.6901,1,-1,-1
644,108,1135.59,351.84,22.65,50.97,0.6868,1,-1,-1
644,151,1046.38,336.66,19.38,47.73,0.7066,1,-1,-1
644,189,1215.80,415.32,28.22,59.33,0.1842,1,-1,-1
644,120,507.13,336.83,17.21,37.96,0.3260,1,-1,-1
644,188,488.70,334.25,18.15,41.28,0.4378,1,-1,-1
645,107,1062.38,344.86,18.28,42.56,0.6487,1,-1,-1
645,108,1131.61,350.07,22.96,51.60,0.6766,1,-1,-1
645,151,1042.77,336.03,19.37,47.67,0.7287,1,-1,-1
645,189,1208.05,412.55,29.93,63.53,0.1645,1,-1,-1
645,120,505.18,337.75,16.79,36.77,0.3372,1,-1,-1
645,188,486.68,333.90,17.47,39.72,0.4707,1,-1,-1
645,192,1463.64,396.01,27.09,62.99,0.5535,1,-1,-1
646,107,1058.42,342.95,18.95,44.06,0.6834,1,-1,-1
646,108,1127.26,349.95,22.92,51.65,0.6715,1,-1,-1
646,151,1039.43,334.93,19.63,48.32,0.7349,1,-1,-1
646,189,1200.62,412.24,29.46,63.29,0.1156,1,-1,-1
646,120,502.45,337.02,17.12,37.29,0.2689,1,-1,-1
646,188,483.93,334.90,18.96,43.43,0.4727,1,-1,-1
646,192,1457.25,395.58,26.87,61.62,0.3149,1,-1,-1
647,107,1054.81,343.64,18.80,43.44,0.6851,1,-1,-1
647,108,1122.96,350.03,22.59,51.05,0.6834,1,-1,-1
647,151,1035.87,335.07,19.45,47.76,0.7628,1,-1,-1
647,189,1193.33,409.91,30.14,65.26,0.1546,1,-1,-1
647,120,500.07,337.35,16.97,37.08,0.4854,1,-1,-1
647,188,481.85,335.00,18.16,42.15,0.4446,1,-1,-1
647,192,1450.68,394.25,27.36,62.38,0.5341,1,-1,-1
648,107,1051.04,342.32,18.94,43.92,0.6505,1,-1,-1
648,108,1117.73,348.84,23.00,52.01,0.6160,1,-1,-1
648,151,1032.02,335.69,19.08,46.97,0.6715,1,-1,-1
648,189,1189.00,408.78,29.42,64.23,0.2539,1,-1,-1
648,120,496.10,337.80,16.30,35.52,0.1385,1,-1,-1
648,188,478.67,334.58,17.76,41.42,0.1901,1,-1,-1
648,192,1443.86,392.70,27.82,63.33,0.5974,1,-1,-1
649,107,1047.20,341.36,19.07,44.02,0.6307,1,-1,-1
649,108,1112.91,349.34,22.85,51.75,0.6361,1,-1,-1
649,151,1028.03,334.49,19.39,47.91,0.7178,1,-1,-1
649,189,1182.36,411.02,28.28,60.75,0.1217,1,-1,-1
649,120,493.92,337.85,15.98,34.27,0.1002,1,-1,-1
649,188,476.08,333.71,17.10,40.04,0.1931,1,-1,-1
649,192,1436.63,392.10,28.13,63.70,0.5400,1,-1,-1
650,107,1043.94,342.30,18.36,42.28,0.6325,1,-1,-1
650,108,1108.29,350.77,21.69,49.17,0.6602,1,-1,-1
650,151,1023.96,334.86,19.21,47.41,0.7424,1,-1,-1
650,189,1174.73,409.18,28.12,60.72,0.4620,1,-1,-1
650,192,1430.42,393.99,26.77,60.59,0.3425,1,-1,-1
651,107,1039.54,341.96,18.19,41.83,0.6469,1,-1,-1
651,108,1102.11,349.16,22.34,50.96,0.4941,1,-1,-1
651,151,1019.38,334.46,19.06,47.07,0.7318,1,-1,-1
651,189,1168.08,407.50,26.46,58.20,0.4824,1,-1,-1
651,192,1423.70,392.92,27.01,60.97,0.5746,1,-1,-1
652,107,1035.18,342.75,17.76,40.58,0.5917,1,-1,-1
652,108,1096.68,350.02,21.38,49.00,0.5936,1,-1,-1
652,151,1014.86,335.23,18.48,45.68,0.7454,1,-1,-1
652,189,1160.59,408.22,26.28,57.85,0.3355,1,-1,-1
652,192,1415.87,392.64,26.42,59.48,0.4581,1,-1,-1
653,107,1029.14,342.33,17.85,40.53,0.5974,1,-1,-1
653,108,1089.62,347.92,22.24,51.39,0.6030,1,-1,-1
653,151,1009.03,334.57,18.50,45.81,0.6885,1,-1,-1
653,189,1151.39,404.80,27.94,60.95,0.5224,1,-1,-1
653,192,1407.60,392.97,25.99,58.39,0.3074,1,-1,-1
654,107,1024.21,342.60,17.35,38.99,0.5029,1,-1,-1
654,108,1083.35,347.86,21.86,50.82,0.6460,1,-1,-1
654,151,1003.77,335.07,17.91,44.35,0.7484,1,-1,-1
654,189,1141.23,401.75,29.79,64.07,0.4600,1,-1,-1
654,192,1398.98,391.99,26.44,59.14,0.5010,1,-1,-1
655,107,1017.86,341.85,17.44,38.84,0.5974,1,-1,-1
655,108,1076.59,348.42,21.10,49.57,0.6645,1,-1,-1
655,151,997.57,334.62,17.85,43.95,0.6749,1,-1,-1
655,189,1133.49,405.36,28.54,59.10,0.2798,1,-1,-1
655,192,1390.40,392.91,25.39,55.78,0.2878,1,-1,-1
656,107,1012.01,340.35,17.57,38.76,0.4149,1,-1,-1
656,108,1069.56,347.71,20.91,49.61,0.4902,1,-1,-1
656,151,991.70,334.91,17.38,42.53,0.7439,1,-1,-1
656,189,1123.71,401.22,30.64,62.27,0.3720,1,-1,-1
656,192,1382.13,392.01,25.53,55.52,0.2075,1,-1,-1
657,107,1005.81,341.10,17.19,37.70,0.5370,1,-1,-1
657,108,1063.32,348.20,20.22,48.21,0.6039,1,-1,-1
657,151,984.95,334.62,17.26,42.19,0.6749,1,-1,-1
657,189,1114.42,399.69,30.05,60.96,0.2031,1,-1,-1
657,192,1373.09,391.87,25.15,54.05,0.1466,1,-1,-1
658,107,999.43,338.33,17.89,39.13,0.4177,1,-1,-1
658,108,1055.81,346.69,20.42,49.18,0.4600,1,-1,-1
658,151,978.94,334.51,17.12,41.46,0.7210,1,-1,-1
658,189,1105.53,400.18,29.39,59.09,0.3785,1,-1,-1
658,226,460.26,262.10,110.57,39.11,0.5263,4,-1,-1
659,107,993.73,339.31,17.30,37.67,0.5784,1,-1,-1
659,108,1049.41,346.96,19.96,47.98,0.5244,1,-1,-1
659,151,972.22,334.24,17.27,41.46,0.6680,1,-1,-1
659,189,1098.47,399.33,29.49,59.12,0.5156,1,-1,-1
659,226,457.11,264.10,106.44,37.62,0.3016,4,-1,-1
660,107,985.61,329.66,21.17,46.72,0.4649,1,-1,-1
660,108,1041.67,344.24,20.80,50.25,0.6783,1,-1,-1
660,151,965.86,333.98,17.72,41.93,0.7424,1,-1,-1
660,189,1089.01,396.68,29.63,60.37,0.5185,1,-1,-1
660,226,443.72,261.00,112.99,39.89,0.5631,4,-1,-1
660,192,1347.03,385.42,26.79,57.32,0.5622,1,-1,-1
661,107,980.47,334.14,18.81,41.39,0.5215,1,-1,-1
661,108,1035.12,344.73,20.27,48.99,0.6610,1,-1,-1
661,151,958.95,333.98,17.70,41.79,0.7017,1,-1,-1
661,189,1080.93,397.88,28.01,58.33,0.4149,1,-1,-1
661,226,438.37,261.80,112.74,39.78,0.5603,4,-1,-1
661,192,1338.82,385.41,26.64,56.80,0.2967,1,-1,-1
662,107,973.41,327.74,21.15,47.06,0.5448,1,-1,-1
662,108,1027.99,344.24,20.32,49.36,0.7001,1,-1,-1
662,151,952.58,333.28,18.11,42.52,0.6851,1,-1,-1
662,189,1072.72,395.55,28.12,59.70,0.5660,1,-1,-1
662,226,434.81,261.18,110.86,39.12,0.1974,4,-1,-1
662,192,1329.29,384.14,27.29,58.24,0.5273,1,-1,-1
663,107,968.03,332.57,18.87,42.00,0.5898,1,-1,-1
663,108,1021.57,345.41,19.44,47.16,0.6487,1,-1,-1
663,151,945.88,333.40,17.76,41.72,0.6817,1,-1,-1
663,189,1064.95,394.21,27.70,59.79,0.5068,1,-1,-1
663,226,427.08,261.51,114.20,40.45,0.1290,4,-1,-1
664,107,961.22,328.50,20.61,46.45,0.5727,1,-1,-1
664,108,1014.69,343.43,19.88,48.17,0.6593,1,-1,-1
664,151,939.13,333.62,17.87,41.80,0.6680,1,-1,-1
664,189,1056.78,393.57,27.09,59.23,0.3425,1,-1,-1
664,226,420.22,261.49,112.65,39.86,0.4688,4,-1,-1
665,107,955.17,330.47,19.53,44.19,0.6160,1,-1,-1
665,108,1007.59,343.20,19.59,47.52,0.6680,1,-1,-1
665,151,932.41,332.89,17.57,41.37,0.7033,1,-1,-1
665,189,1050.04,393.52,26.32,58.10,0.4951,1,-1,-1
665,226,413.29,261.68,113.94,40.47,0.3469,4,-1,-1
666,107,948.89,327.33,20.41,46.64,0.5727,1,-1,-1
666,108,1000.53,340.44,20.61,49.89,0.6433,1,-1,-1
666,151,926.00,332.87,17.56,41.00,0.6487,1,-1,-1
666,189,1042.22,396.03,25.03,55.38,0.4196,1,-1,-1
666,226,403.59,260.80,116.77,41.43,0.6243,4,-1,-1
667,107,942.86,328.55,20.02,45.71,0.6361,1,-1,-1
667,108,993.36,339.51,20.91,50.57,0.6851,1,-1,-1
667,151,919.19,332.16,17.63,41.10,0.7017,1,-1,-1
667,189,1033.52,394.93,25.22,56.01,0.6514,1,-1,-1
667,226,397.50,260.05,116.05,41.35,0.2160,4,-1,-1
668,107,937.05,328.20,19.53,45.15,0.6049,1,-1,-1
668,108,987.20,340.29,20.31,48.53,0.5727,1,-1,-1
668,151,912.76,332.67,17.52,40.59,0.6593,1,-1,-1
668,189,1025.73,394.10,24.76,54.79,0.5889,1,-1,-1
668,226,392.17,261.63,113.24,40.12,0.5955,4,-1,-1
669,107,931.24,330.30,18.74,43.20,0.6215,1,-1,-1
669,108,980.41,338.95,20.72,49.33,0.5708,1,-1,-1
669,151,906.19,332.43,17.64,40.45,0.6800,1,-1,-1
669,189,1016.72,392.37,25.71,55.75,0.5756,1,-1,-1
669,226,385.73,261.46,114.13,40.32,0.3398,4,-1,-1
670,107,925.11,329.01,18.87,43.71,0.6086,1,-1,-1
670,108,973.74,337.94,21.20,50.24,0.5860,1,-1,-1
670,151,899.90,331.93,18.00,40.45,0.6030,1,-1,-1
670,189,1007.48,393.20,26.34,55.20,0.5312,1,-1,-1
670,226,376.32,261.86,116.26,40.82,0.4746,4,-1,-1
671,107,919.13,330.62,18.25,41.95,0.6197,1,-1,-1
671,108,967.28,337.49,21.57,50.76,0.6151,1,-1,-1
671,151,893.55,332.06,17.84,39.54,0.6469,1,-1,-1
671,189,999.27,391.39,25.43,54.09,0.1750,1,-1,-1
671,226,365.68,260.58,121.11,42.47,0.2775,4,-1,-1
672,107,913.26,330.16,18.10,41.80,0.6049,1,-1,-1
672,108,960.41,336.45,21.77,51.33,0.6123,1,-1,-1
672,151,887.10,330.08,18.45,40.79,0.6234,1,-1,-1
672,189,990.70,389.80,26.77,55.68,0.3961,1,-1,-1
672,226,365.27,262.10,116.87,40.96,0.5409,4,-1,-1
673,107,907.59,331.67,17.37,40.01,0.6610,1,-1,-1
673,108,954.76,336.03,21.73,51.44,0.6540,1,-1,-1
673,151,881.04,328.84,18.44,40.86,0.6451,1,-1,-1
673,189,982.17,388.40,27.45,57.05,0.3630,1,-1,-1
673,226,354.36,260.64,121.01,42.38,0.3303,4,-1,-1
673,192,1242.85,377.79,24.02,51.53,0.4941,1,-1,-1
674,107,902.81,332.12,16.95,39.16,0.5917,1,-1,-1
674,108,949.59,337.46,21.13,49.90,0.6179,1,-1,-1
674,151,875.90,326.68,18.94,42.24,0.6307,1,-1,-1
674,189,974.83,387.85,27.00,56.40,0.5068,1,-1,-1
674,226,353.93,261.29,118.59,41.57,0.4321,4,-1,-1
674,192,1236.60,377.18,24.09,52.10,0.4659,1,-1,-1
675,107,899.22,332.15,16.93,38.90,0.6270,1,-1,-1
675,108,943.90,336.36,21.51,51.08,0.6697,1,-1,-1
675,151,871.62,326.45,18.97,42.30,0.6610,1,-1,-1
675,189,968.90,386.55,26.89,57.15,0.5516,1,-1,-1
675,226,349.43,261.08,119.08,41.77,0.2628,4,-1,-1
675,192,1229.94,372.07,25.75,56.40,0.4620,1,-1,-1
676,107,895.76,330.89,17.24,39.65,0.6379,1,-1,-1
676,108,940.51,335.94,21.16,50.66,0.6645,1,-1,-1
676,151,868.11,325.25,19.25,43.23,0.6766,1,-1,-1
676,189,964.55,385.41,26.07,56.61,0.6234,1,-1,-1
676,192,1226.65,373.09,24.68,54.67,0.5699,1,-1,-1
677,107,893.87,329.76,17.51,40.15,0.6415,1,-1,-1
677,108,937.94,335.48,20.92,50.77,0.6540,1,-1,-1
677,151,865.60,324.95,19.20,43.06,0.6885,1,-1,-1
677,189,960.99,383.97,25.43,56.59,0.6397,1,-1,-1
677,192,1223.45,373.71,24.03,53.89,0.5429,1,-1,-1
678,107,892.43,327.33,18.40,42.01,0.6680,1,-1,-1
678,108,936.58,335.43,20.78,50.72,0.7225,1,-1,-1
678,151,863.95,324.45,19.47,43.71,0.6868,1,-1,-1
678,189,957.91,382.12,25.14,57.35,0.6002,1,-1,-1
678,192,1220.93,371.92,24.00,54.51,0.4863,1,-1,-1
678,227,810.67,309.08,16.70,28.06,0.5283,1,-1,-1
679,107,891.58,326.40,18.81,42.88,0.6984,1,-1,-1
679,108,935.59,335.33,20.76,50.52,0.7114,1,-1,-1
679,151,862.85,323.83,19.80,44.50,0.6851,1,-1,-1
679,189,955.50,379.83,25.38,59.24,0.5708,1,-1,-1
679,192,1218.10,369.83,24.27,56.05,0.5964,1,-1,-1
679,227,810.70,308.01,17.02,28.66,0.4045,1,-1,-1
679,228,202.86,299.87,12.46,27.19,0.4756,1,-1,-1
680,107,890.88,326.29,18.99,43.38,0.7082,1,-1,-1
680,108,934.93,335.92,20.26,48.92,0.7364,1,-1,-1
680,151,861.83,323.54,20.01,45.03,0.6680,1,-1,-1
680,189,953.35,377.47,25.58,61.05,0.6834,1,-1,-1
680,192,1216.46,369.62,23.56,55.11,0.6723,1,-1,-1
680,227,811.14,307.35,16.71,28.29,0.3693,1,-1,-1
680,228,202.98,299.88,12.54,27.34,0.4610,1,-1,-1
681,107,890.42,324.84,19.70,45.15,0.6593,1,-1,-1
681,108,933.01,334.90,20.99,50.76,0.7114,1,-1,-1
681,151,860.50,323.26,20.53,46.38,0.6361,1,-1,-1
681,189,951.65,377.43,24.99,60.76,0.6984,1,-1,-1
681,192,1215.14,369.64,22.92,54.11,0.5718,1,-1,-1
681,227,812.32,307.29,15.11,25.71,0.2429,1,-1,-1
681,228,203.39,299.96,12.88,28.06,0.4436,1,-1,-1
682,107,890.34,323.96,20.25,46.62,0.6469,1,-1,-1
682,108,932.13,334.79,20.65,50.37,0.7146,1,-1,-1
682,151,860.06,322.74,20.42,46.57,0.6575,1,-1,-1
682,189,949.98,377.79,24.13,59.61,0.6487,1,-1,-1
682,192,1214.08,369.24,22.92,54.24,0.5554,1,-1,-1
682,227,812.90,307.56,14.21,24.30,0.2337,1,-1,-1
682,228,204.23,299.96,12.85,27.95,0.4206,1,-1,-1
683,107,890.98,323.93,19.83,46.14,0.6610,1,-1,-1
683,108,931.58,335.53,19.78,48.55,0.6885,1,-1,-1
683,151,859.72,321.98,20.19,46.16,0.6834,1,-1,-1
683,189,948.11,376.49,24.05,60.11,0.5670,1,-1,-1
683,192,1212.56,369.00,22.69,53.73,0.6289,1,-1,-1
683,227,813.15,307.42,13.76,23.62,0.1767,1,-1,-1
683,228,205.00,299.64,12.74,27.70,0.3522,1,-1,-1
684,107,891.42,324.19,19.29,44.74,0.6379,1,-1,-1
684,108,930.90,335.12,19.25,48.13,0.6628,1,-1,-1
684,151,859.54,321.84,19.78,45.41,0.6851,1,-1,-1
684,189,945.37,376.09,24.04,60.57,0.6049,1,-1,-1
684,192,1211.31,369.46,22.23,52.88,0.5185,1,-1,-1
684,227,813.56,307.78,13.46,23.12,0.1403,1,-1,-1
684,228,205.72,299.81,12.41,26.96,0.2790,1,-1,-1
685,107,891.95,324.46,18.88,43.60,0.6487,1,-1,-1
685,108,930.38,335.59,18.38,46.22,0.6766,1,-1,-1
685,151,859.41,322.01,19.26,44.48,0.6935,1,-1,-1
685,189,942.79,375.75,23.52,59.29,0.5429,1,-1,-1
685,192,1208.84,367.40,23.04,55.29,0.6197,1,-1,-1
685,228,206.90,299.70,12.00,26.08,0.2451,1,-1,-1
685,229,677.12,330.56,39.70,36.17,0.4668,3,-1,-1
686,107,892.34,324.30,18.59,42.69,0.6451,1,-1,-1
686,108,929.37,334.51,18.82,47.80,0.6817,1,-1,-1
686,151,859.58,322.39,18.73,43.56,0.6968,1,-1,-1
686,189,940.74,376.36,23.02,57.75,0.4707,1,-1,-1
686,192,1207.33,366.78,22.88,55.46,0.6610,1,-1,-1
686,228,208.24,298.83,11.41,24.86,0.3522,1,-1,-1
686,229,677.72,330.33,38.94,35.46,0.5370,3,-1,-1
687,107,892.46,323.96,18.67,42.69,0.6697,1,-1,-1
687,108,928.80,334.01,18.84,48.22,0.6968,1,-1,-1
687,151,859.86,322.28,18.52,43.26,0.6610,1,-1,-1
687,189,938.27,376.22,23.01,56.39,0.5448,1,-1,-1
687,192,1206.53,366.51,22.37,54.64,0.6715,1,-1,-1
687,228,209.26,298.22,11.21,24.39,0.2546,1,-1,-1
687,229,677.72,329.27,39.66,36.11,0.4746,3,-1,-1
688,107,892.72,323.85,18.50,42.55,0.6800,1,-1,-1
688,108,928.69,333.63,18.64,47.79,0.7050,1,-1,-1
688,151,859.74,321.82,18.47,43.34,0.6697,1,-1,-1
688,189,935.62,375.71,24.14,57.06,0.6225,1,-1,-1
688,192,1205.59,366.50,21.62,52.91,0.6160,1,-1,-1
688,228,209.77,297.90,11.17,24.26,0.2934,1,-1,-1
688,229,677.64,328.10,40.49,36.88,0.4844,3,-1,-1
689,107,893.13,323.95,18.23,42.17,0.6935,1,-1,-1
689,108,928.49,333.17,18.54,47.35,0.6732,1,-1,-1
689,151,860.04,321.01,18.59,43.63,0.6800,1,-1,-1
689,189,933.30,374.04,25.13,57.83,0.5823,1,-1,-1
689,192,1204.56,366.15,21.30,52.08,0.5737,1,-1,-1
689,228,211.45,298.27,11.15,23.87,0.3460,1,-1,-1
689,229,677.74,327.52,40.69,37.11,0.4649,3,-1,-1
689,230,390.32,324.69,16.82,30.39,0.4513,1,-1,-1
690,107,893.61,323.94,18.14,42.16,0.6817,1,-1,-1
690,108,928.42,332.76,18.46,46.87,0.6522,1,-1,-1
690,151,859.98,320.66,18.61,43.66,0.6783,1,-1,-1
690,189,931.33,373.18,25.41,57.06,0.5804,1,-1,-1
690,192,1203.03,365.26,21.36,52.32,0.5351,1,-1,-1
690,228,212.31,298.39,11.33,24.08,0.4130,1,-1,-1
690,229,678.04,327.00,40.64,37.12,0.5699,3,-1,-1
690,230,391.27,324.34,16.73,30.23,0.4776,1,-1,-1
691,107,894.08,323.50,18.13,42.47,0.6817,1,-1,-1
691,108,928.42,332.94,18.01,45.73,0.6361,1,-1,-1
691,151,860.12,320.33,18.60,43.64,0.6984,1,-1,-1
691,189,930.82,375.67,24.35,53.55,0.5823,1,-1,-1
691,192,1201.43,363.80,21.42,53.20,0.5351,1,-1,-1
691,228,212.70,298.50,11.67,24.65,0.4542,1,-1,-1
691,229,678.47,327.51,39.79,36.35,0.5098,3,-1,-1
691,230,392.38,323.92,16.44,29.71,0.4610,1,-1,-1
691,231,225.75,309.07,16.42,25.10,0.5205,1,-1,-1
692,107,894.35,322.73,18.37,43.26,0.6834,1,-1,-1
692,108,928.25,332.94,17.66,44.94,0.5823,1,-1,-1
692,151,860.18,319.85,18.77,43.99,0.7001,1,-1,-1
692,189,927.82,375.22,24.56,54.64,0.5117,1,-1,-1
692,192,1200.53,363.52,21.12,53.16,0.4746,1,-1,-1
692,228,213.43,298.13,11.68,24.62,0.4321,1,-1,-1
692,229,678.12,325.93,40.91,37.53,0.5117,3,-1,-1
692,230,393.82,323.93,16.40,29.56,0.4766,1,-1,-1
692,231,225.91,308.45,16.37,25.07,0.3208,1,-1,-1
693,107,894.61,322.00,18.96,44.88,0.6749,1,-1,-1
693,108,927.76,333.16,17.59,45.21,0.5535,1,-1,-1
693,151,860.36,318.63,19.01,44.52,0.6968,1,-1,-1
693,189,926.21,370.69,24.92,56.25,0.5612,1,-1,-1
693,192,1200.02,363.09,20.68,52.87,0.3998,1,-1,-1
693,228,213.95,297.79,11.70,24.63,0.3132,1,-1,-1
693,229,677.84,324.92,41.67,38.45,0.5059,3,-1,-1
693,230,394.83,323.81,16.40,29.59,0.5185,1,-1,-1
693,231,226.14,306.76,16.16,24.79,0.1525,1,-1,-1
694,107,895.19,321.82,19.13,45.32,0.6628,1,-1,-1
694,108,927.59,332.79,17.41,44.92,0.5860,1,-1,-1
694,151,860.42,317.60,19.23,45.00,0.6984,1,-1,-1
694,189,925.50,371.60,23.08,53.01,0.5746,1,-1,-1
694,192,1199.29,362.28,20.39,52.29,0.5283,1,-1,-1
694,228,214.66,297.91,11.82,24.64,0.2154,1,-1,-1
694,229,677.93,324.45,41.77,38.81,0.5583,3,-1,-1
694,230,395.42,323.24,16.59,29.91,0.5631,1,-1,-1
694,231,226.47,306.07,17.10,26.25,0.1192,1,-1,-1
695,107,895.50,321.93,19.35,45.78,0.6397,1,-1,-1
695,108,927.46,332.74,17.52,45.34,0.6142,1,-1,-1
695,151,860.40,316.17,19.73,46.10,0.6951,1,-1,-1
695,189,925.36,373.41,21.76,50.53,0.4649,1,-1,-1
695,192,1197.80,360.14,20.97,54.09,0.6628,1,-1,-1
695,228,215.24,297.95,12.06,24.91,0.2031,1,-1,-1
695,229,678.40,324.00,41.52,38.85,0.5370,3,-1,-1
695,230,396.21,322.46,16.67,30.00,0.5205,1,-1,-1
695,231,227.38,306.49,18.39,28.24,0.1204,1,-1,-1
696,107,895.58,321.99,19.17,45.11,0.6234,1,-1,-1
696,108,927.24,332.45,17.36,44.96,0.6379,1,-1,-1
696,151,860.44,315.78,19.89,46.28,0.6951,1,-1,-1
696,189,923.55,369.14,22.94,54.24,0.3433,1,-1,-1
696,192,1196.59,359.03,21.02,54.62,0.6783,1,-1,-1
696,228,216.05,297.81,12.13,24.76,0.2886,1,-1,-1
696,229,678.96,323.63,41.04,38.64,0.5775,3,-1,-1
696,230,396.98,322.07,16.56,29.72,0.4206,1,-1,-1
696,231,228.87,306.70,18.45,28.46,0.2934,1,-1,-1
697,107,895.70,321.88,18.59,43.26,0.6030,1,-1,-1
697,108,926.97,332.39,17.02,43.90,0.6067,1,-1,-1
697,151,860.87,316.27,19.50,45.04,0.6868,1,-1,-1
697,189,921.49,369.70,22.61,54.28,0.4737,1,-1,-1
697,192,1195.87,358.05,20.91,54.73,0.7017,1,-1,-1
697,228,216.90,297.40,12.16,24.84,0.1968,1,-1,-1
697,229,679.59,323.44,40.23,38.00,0.6021,3,-1,-1
697,230,397.56,321.84,16.44,29.44,0.3739,1,-1,-1
697,231,229.60,305.64,18.08,28.10,0.2207,1,-1,-1
698,107,895.65,321.42,18.92,43.45,0.6325,1,-1,-1
698,108,926.22,331.50,17.40,44.87,0.6558,1,-1,-1
698,151,861.15,314.84,19.92,45.74,0.6885,1,-1,-1
698,189,920.10,370.57,21.71,52.96,0.5784,1,-1,-1
698,192,1195.29,357.80,20.59,54.14,0.6593,1,-1,-1
698,229,679.77,322.80,40.26,38.21,0.5927,3,-1,-1
698,230,398.42,322.48,16.23,29.20,0.2394,1,-1,-1
699,107,895.54,321.20,19.20,43.63,0.6361,1,-1,-1
699,108,925.67,330.85,17.35,44.84,0.7033,1,-1,-1
699,151,861.66,313.80,20.23,46.35,0.6800,1,-1,-1
699,189,918.84,369.53,21.37,52.57,0.6487,1,-1,-1
699,192,1194.63,358.23,20.10,53.05,0.6307,1,-1,-1
699,229,679.92,322.27,40.15,38.29,0.5889,3,-1,-1
699,230,399.01,322.73,15.93,28.77,0.2644,1,-1,-1
700,107,895.44,320.90,19.43,43.82,0.6343,1,-1,-1
700,108,925.28,330.35,17.24,44.60,0.7162,1,-1,-1
700,151,861.98,313.01,20.39,46.67,0.6783,1,-1,-1
700,189,917.18,368.70,21.37,52.82,0.6817,1,-1,-1
700,192,1193.83,358.78,19.78,52.25,0.5765,1,-1,-1
700,229,680.13,322.05,39.90,38.20,0.5832,3,-1,-1
700,230,399.32,322.96,15.86,28.69,0.2365,1,-1,-1
701,107,895.15,320.28,19.84,44.53,0.6307,1,-1,-1
701,108,924.84,329.98,17.38,44.93,0.7194,1,-1,-1
701,151,862.18,312.35,20.55,47.05,0.6697,1,-1,-1
701,189,915.73,366.89,22.43,55.56,0.6663,1,-1,-1
701,192,1192.85,358.97,19.64,51.86,0.6197,1,-1,-1
701,229,680.33,321.94,39.58,38.01,0.5851,3,-1,-1
701,230,399.67,323.05,15.85,28.70,0.2524,1,-1,-1
702,107,894.89,319.70,20.16,45.09,0.6252,1,-1,-1
702,108,924.71,330.00,17.33,44.74,0.7194,1,-1,-1
702,151,862.37,311.72,20.58,47.13,0.6522,1,-1,-1
702,189,914.37,368.01,22.49,55.38,0.6379,1,-1,-1
702,192,1192.14,359.19,19.73,51.97,0.5879,1,-1,-1
702,229,680.37,321.90,39.44,38.01,0.6021,3,-1,-1
702,230,400.01,322.89,15.84,28.61,0.2422,1,-1,-1
703,107,894.70,319.39,20.33,45.28,0.6197,1,-1,-1
703,108,924.62,330.03,17.26,44.39,0.7210,1,-1,-1
703,151,863.23,312.66,20.13,45.99,0.6270,1,-1,-1
703,189,911.46,368.44,23.07,55.26,0.6252,1,-1,-1
703,192,1191.47,359.18,19.65,51.76,0.5974,1,-1,-1
703,229,680.35,321.68,39.55,38.26,0.5927,3,-1,-1
703,230,400.38,321.89,16.21,29.31,0.3311,1,-1,-1
704,107,894.52,319.45,20.49,45.59,0.6397,1,-1,-1
704,108,924.33,329.94,17.51,44.85,0.7349,1,-1,-1
704,151,863.90,313.49,19.79,45.15,0.6361,1,-1,-1
704,189,909.00,368.05,23.86,55.77,0.6123,1,-1,-1
704,192,1191.19,359.41,19.52,51.47,0.5804,1,-1,-1
704,229,680.51,321.71,39.35,38.19,0.6002,3,-1,-1
704,230,400.72,321.40,16.37,29.62,0.4369,1,-1,-1
705,107,894.42,320.12,20.14,44.77,0.6270,1,-1,-1
705,108,924.15,330.15,17.59,44.95,0.7303,1,-1,-1
705,151,864.75,315.15,19.03,43.35,0.6270,1,-1,-1
705,189,907.75,369.95,23.90,53.53,0.5917,1,-1,-1
705,192,1190.55,360.09,19.14,50.76,0.4922,1,-1,-1
705,229,680.84,322.07,38.84,37.76,0.5870,3,-1,-1
705,230,400.94,321.21,16.44,29.79,0.4727,1,-1,-1
706,107,894.34,320.22,19.83,44.16,0.6215,1,-1,-1
706,108,924.13,329.99,17.36,44.19,0.7272,1,-1,-1
706,151,865.33,315.26,18.80,42.93,0.6160,1,-1,-1
706,189,905.23,370.88,23.70,51.94,0.6160,1,-1,-1
706,192,1189.76,359.97,19.07,50.89,0.3840,1,-1,-1
706,229,681.08,321.95,38.59,37.63,0.5756,3,-1,-1
706,230,401.40,321.13,16.27,29.45,0.4600,1,-1,-1
707,107,894.72,320.71,18.68,41.73,0.6270,1,-1,-1
707,108,923.92,329.40,17.44,44.23,0.7241,1,-1,-1
707,151,865.79,315.46,18.51,42.44,0.6197,1,-1,-1
707,189,903.42,371.26,23.45,50.76,0.6252,1,-1,-1
707,192,1189.17,358.85,19.50,52.59,0.4455,1,-1,-1
707,229,681.31,321.62,38.49,37.65,0.5794,3,-1,-1
707,230,402.12,320.90,16.49,29.81,0.5293,1,-1,-1
708,107,895.22,320.43,18.24,41.02,0.6522,1,-1,-1
708,108,923.82,329.19,17.50,44.22,0.7334,1,-1,-1
708,151,865.27,310.98,20.24,46.85,0.6030,1,-1,-1
708,189,901.14,363.31,27.00,58.26,0.6325,1,-1,-1
708,192,1188.27,357.70,20.03,54.36,0.3775,1,-1,-1
708,229,681.85,321.57,38.09,37.27,0.5641,3,-1,-1
708,230,402.83,320.82,16.76,30.50,0.5302,1,-1,-1
709,107,895.48,320.09,18.09,41.02,0.6415,1,-1,-1
709,108,923.77,328.93,17.60,44.29,0.7364,1,-1,-1
709,151,865.29,308.88,20.97,48.93,0.5708,1,-1,-1
709,189,898.80,359.95,28.15,61.41,0.6030,1,-1,-1
709,192,1187.71,358.06,19.82,53.91,0.4746,1,-1,-1
709,229,681.93,320.96,38.33,37.57,0.5215,3,-1,-1
709,230,404.01,321.00,16.13,29.33,0.3099,1,-1,-1
710,107,896.28,319.87,17.74,40.57,0.5651,1,-1,-1
710,108,923.79,328.70,17.56,44.00,0.7379,1,-1,-1
710,151,865.54,307.08,21.43,50.37,0.5708,1,-1,-1
710,189,896.38,355.80,29.09,64.93,0.5631,1,-1,-1
710,192,1186.92,357.45,19.97,54.30,0.4844,1,-1,-1
710,229,681.87,320.24,38.83,38.15,0.4844,3,-1,-1
710,230,404.98,320.50,16.07,29.29,0.4235,1,-1,-1
711,107,896.95,319.03,17.46,40.32,0.5516,1,-1,-1
711,108,923.93,328.55,17.55,43.79,0.7272,1,-1,-1
711,151,866.35,306.18,21.06,49.73,0.5823,1,-1,-1
711,189,894.87,354.93,28.57,65.32,0.5689,1,-1,-1
711,192,1186.31,357.15,20.02,54.40,0.6067,1,-1,-1
711,229,681.81,319.32,39.65,39.13,0.4844,3,-1,-1
711,230,405.70,320.25,15.94,29.01,0.2666,1,-1,-1
712,107,897.49,318.88,17.18,40.00,0.5860,1,-1,-1
712,108,924.09,328.51,17.51,43.58,0.7194,1,-1,-1
712,151,867.20,306.12,20.72,49.24,0.5879,1,-1,-1
712,189,894.76,355.64,27.18,63.45,0.5898,1,-1,-1
712,192,1185.60,356.71,19.93,54.15,0.6179,1,-1,-1
712,229,682.30,319.19,39.61,39.21,0.5059,3,-1,-1
712,230,406.28,319.89,16.30,29.77,0.4140,1,-1,-1
713,107,898.31,319.40,16.68,39.23,0.6049,1,-1,-1
713,108,924.18,328.49,17.44,43.40,0.7066,1,-1,-1
713,151,868.24,306.71,20.18,48.37,0.5727,1,-1,-1
713,189,894.41,357.08,25.82,61.53,0.5804,1,-1,-1
713,192,1185.22,355.51,19.87,53.97,0.6680,1,-1,-1
713,229,683.02,319.84,38.82,38.49,0.5020,3,-1,-1
713,230,406.83,319.45,16.33,29.81,0.1813,1,-1,-1
714,107,898.63,319.04,16.57,39.32,0.5860,1,-1,-1
714,108,924.30,328.25,17.50,43.51,0.7066,1,-1,-1
714,151,869.00,306.23,20.07,48.72,0.5727,1,-1,-1
714,189,894.04,357.60,25.03,60.74,0.6049,1,-1,-1
714,192,1184.85,354.43,19.89,53.88,0.7225,1,-1,-1
714,229,683.39,320.04,38.72,38.45,0.5117,3,-1,-1
714,230,407.34,318.91,16.46,30.00,0.1343,1,-1,-1
715,107,899.10,318.18,16.41,39.23,0.5936,1,-1,-1
715,108,924.57,327.88,17.43,43.40,0.7001,1,-1,-1
715,151,869.76,306.08,19.82,48.76,0.5879,1,-1,-1
715,189,894.03,359.06,23.74,58.24,0.6105,1,-1,-1
715,192,1184.30,353.03,20.12,54.44,0.7241,1,-1,-1
715,229,683.75,320.88,38.00,37.73,0.5098,3,-1,-1
715,230,407.74,318.11,16.65,30.33,0.1500,1,-1,-1
716,107,899.57,317.56,16.49,39.45,0.5936,1,-1,-1
716,108,924.67,327.40,17.36,43.28,0.7050,1,-1,-1
716,151,870.33,306.93,19.22,47.68,0.5708,1,-1,-1
716,189,892.76,357.71,23.69,58.91,0.5823,1,-1,-1
716,192,1184.01,352.35,20.02,54.13,0.7130,1,-1,-1
716,229,684.01,321.40,37.49,37.17,0.4844,3,-1,-1
716,230,408.28,317.68,16.87,30.82,0.2309,1,-1,-1
717,107,899.49,316.45,16.99,40.74,0.5993,1,-1,-1
717,108,924.42,327.28,17.20,42.82,0.7162,1,-1,-1
717,151,870.17,306.04,19.30,48.27,0.5727,1,-1,-1
717,189,891.20,359.73,22.36,56.24,0.6011,1,-1,-1
717,192,1183.26,353.86,19.27,51.79,0.6334,1,-1,-1
717,229,684.09,321.84,37.03,36.63,0.4378,3,-1,-1
717,230,408.16,317.28,17.08,31.13,0.2056,1,-1,-1
718,107,898.56,316.30,17.11,41.41,0.6628,1,-1,-1
718,108,923.46,327.78,16.91,41.95,0.6968,1,-1,-1
718,151,869.83,306.66,18.79,47.20,0.6123,1,-1,-1
718,189,888.52,361.06,21.91,55.30,0.6343,1,-1,-1
718,192,1181.13,353.69,19.31,51.89,0.5765,1,-1,-1
718,229,683.16,322.17,36.41,35.96,0.3942,3,-1,-1
718,230,407.40,317.20,17.15,31.30,0.2783,1,-1,-1
719,107,897.27,317.63,16.76,40.84,0.6379,1,-1,-1
719,108,921.60,325.49,17.44,43.74,0.6540,1,-1,-1
719,151,868.29,309.42,17.56,44.15,0.5927,1,-1,-1
719,189,886.10,363.25,20.99,52.35,0.6851,1,-1,-1
719,192,1178.89,354.73,18.90,50.73,0.5917,1,-1,-1
719,229,683.52,323.66,33.49,32.43,0.3576,3,-1,-1
719,230,405.39,316.66,17.35,31.71,0.5029,1,-1,-1
720,107,895.32,318.09,16.53,40.71,0.6215,1,-1,-1
720,108,919.10,326.20,17.13,43.19,0.7146,1,-1,-1
720,151,865.80,308.76,17.49,44.29,0.5689,1,-1,-1
720,189,881.65,363.37,21.07,51.69,0.6575,1,-1,-1
720,192,1175.31,354.55,19.09,51.01,0.6487,1,-1,-1
720,229,679.91,324.38,33.29,32.02,0.3183,3,-1,-1
720,230,402.38,316.45,17.61,32.21,0.4206,1,-1,-1
721,107,892.44,319.12,16.50,40.70,0.5603,1,-1,-1
721,108,916.27,326.12,16.98,42.73,0.6610,1,-1,-1
721,151,862.88,310.04,16.93,43.02,0.6142,1,-1,-1
721,189,876.46,362.51,22.07,52.94,0.6645,1,-1,-1
721,192,1171.90,354.57,19.17,51.14,0.6252,1,-1,-1
721,229,677.86,325.65,31.95,30.13,0.3702,3,-1,-1
722,107,888.74,317.98,17.01,42.37,0.6307,1,-1,-1
722,108,912.23,326.84,16.64,41.91,0.6749,1,-1,-1
722,151,860.29,310.82,16.53,42.06,0.5879,1,-1,-1
722,189,871.92,361.63,23.19,53.50,0.6876,1,-1,-1
722,192,1167.85,353.91,19.35,51.60,0.6325,1,-1,-1
722,229,672.81,324.28,33.63,31.85,0.2351,3,-1,-1
723,107,884.96,318.06,17.55,43.91,0.6505,1,-1,-1
723,108,908.30,325.19,17.25,43.48,0.7082,1,-1,-1
723,151,855.79,309.49,16.76,42.66,0.5842,1,-1,-1
723,189,866.83,362.27,23.99,53.17,0.6893,1,-1,-1
723,192,1163.21,352.85,19.50,51.97,0.5341,1,-1,-1
723,229,667.61,322.99,35.59,33.52,0.1944,3,-1,-1
724,107,880.96,318.54,17.66,44.19,0.5974,1,-1,-1
724,108,904.54,325.19,17.27,43.37,0.6379,1,-1,-1
724,151,852.00,308.27,17.15,43.88,0.6234,1,-1,-1
724,189,859.68,362.48,24.06,52.52,0.6343,1,-1,-1
724,192,1159.21,354.58,18.75,49.85,0.4388,1,-1,-1
724,229,663.65,323.76,34.58,32.11,0.1603,3,-1,-1
725,107,876.67,317.98,18.31,45.73,0.6451,1,-1,-1
725,108,900.21,325.82,17.16,42.85,0.6834,1,-1,-1
725,151,848.81,309.11,16.91,43.21,0.5496,1,-1,-1
725,189,854.42,362.39,24.69,52.49,0.6834,1,-1,-1
725,192,1155.46,356.75,18.06,47.81,0.3585,1,-1,-1
725,229,659.52,323.16,34.77,32.19,0.1848,3,-1,-1
726,107,872.97,318.92,17.24,42.73,0.6160,1,-1,-1
726,108,896.42,325.11,17.65,43.68,0.6968,1,-1,-1
726,151,844.84,310.00,16.46,41.84,0.5525,1,-1,-1
726,189,847.54,362.33,24.51,52.47,0.6067,1,-1,-1
726,192,1150.48,355.26,18.62,49.20,0.2854,1,-1,-1
726,229,654.79,324.10,34.74,31.78,0.1919,3,-1,-1
727,107,869.14,319.05,16.91,41.76,0.5746,1,-1,-1
727,108,891.94,325.92,17.37,42.91,0.6316,1,-1,-1
727,151,841.37,310.28,16.09,41.09,0.5254,1,-1,-1
727,189,842.10,362.35,24.28,52.40,0.6783,1,-1,-1
727,192,1145.86,355.69,18.55,48.80,0.5185,1,-1,-1
727,229,650.33,324.00,34.85,31.62,0.1225,3,-1,-1
728,107,864.55,318.88,18.03,44.65,0.6067,1,-1,-1
728,108,887.82,326.23,17.16,42.47,0.6984,1,-1,-1
728,151,837.56,310.00,16.23,41.51,0.5689,1,-1,-1
728,189,836.65,361.77,23.79,52.48,0.6197,1,-1,-1
728,192,1141.83,355.12,18.90,49.77,0.3748,1,-1,-1
728,229,646.14,324.80,33.94,30.64,0.1877,3,-1,-1
729,107,860.56,319.51,17.61,43.62,0.6234,1,-1,-1
729,108,883.76,325.71,17.71,43.57,0.7033,1,-1,-1
729,151,834.20,310.72,15.79,40.52,0.5842,1,-1,-1
729,189,832.07,361.84,23.45,52.24,0.6834,1,-1,-1
729,192,1137.26,353.78,19.19,50.58,0.2063,1,-1,-1
730,107,857.05,319.27,17.42,43.16,0.5419,1,-1,-1
730,108,880.00,325.28,17.75,43.45,0.6361,1,-1,-1
730,151,829.27,305.75,17.52,45.19,0.5746,1,-1,-1
730,189,825.89,360.51,23.73,54.00,0.6415,1,-1,-1
730,192,1133.02,354.97,18.59,48.86,0.3858,1,-1,-1
731,107,854.50,318.49,16.12,40.02,0.6160,1,-1,-1
731,108,875.38,325.94,17.28,42.40,0.7098,1,-1,-1
731,151,825.79,307.03,17.29,44.68,0.5727,1,-1,-1
731,189,820.40,360.83,23.14,53.45,0.6918,1,-1,-1
731,192,1128.69,355.66,18.35,48.16,0.1485,1,-1,-1
732,107,848.98,319.09,16.83,41.60,0.6160,1,-1,-1
732,108,871.53,325.84,17.62,42.90,0.6935,1,-1,-1
732,151,822.92,309.44,16.13,41.70,0.6011,1,-1,-1
732,189,815.13,359.93,22.86,53.97,0.6379,1,-1,-1
732,192,1124.07,354.52,18.53,48.53,0.2576,1,-1,-1
733,107,846.46,319.18,15.48,38.18,0.5651,1,-1,-1
733,108,867.27,326.64,17.29,42.00,0.6243,1,-1,-1
733,151,818.24,306.82,16.91,43.86,0.5535,1,-1,-1
733,189,809.93,360.14,22.38,53.90,0.5955,1,-1,-1
733,192,1120.17,355.91,18.11,47.18,0.3895,1,-1,-1
734,107,842.09,318.35,15.89,39.43,0.6505,1,-1,-1
734,108,862.67,325.60,17.43,42.61,0.6834,1,-1,-1
734,151,814.49,307.43,17.07,44.40,0.6610,1,-1,-1
734,189,805.19,359.85,22.13,54.07,0.6800,1,-1,-1
734,192,1115.31,353.22,19.55,50.71,0.4912,1,-1,-1
735,107,837.15,318.93,16.35,40.61,0.6160,1,-1,-1
735,108,858.69,325.63,17.70,43.18,0.7162,1,-1,-1
735,151,811.80,309.26,16.26,42.34,0.6433,1,-1,-1
735,189,800.18,360.56,22.21,54.13,0.6800,1,-1,-1
735,192,1111.04,352.32,19.85,51.70,0.4620,1,-1,-1
736,107,834.48,318.91,15.04,37.35,0.5593,1,-1,-1
736,108,855.20,325.84,17.45,42.54,0.6397,1,-1,-1
736,151,807.24,308.95,16.48,42.97,0.5612,1,-1,-1
736,189,794.49,361.01,22.25,53.79,0.7210,1,-1,-1
736,192,1107.41,354.85,18.81,48.89,0.4465,1,-1,-1
737,107,830.09,318.14,15.90,39.52,0.6575,1,-1,-1
737,108,850.63,324.85,17.69,43.22,0.6901,1,-1,-1
737,151,803.49,309.07,16.81,43.76,0.6680,1,-1,-1
737,189,788.28,360.97,23.00,54.48,0.7311,1,-1,-1
737,192,1103.10,354.24,19.06,49.43,0.2728,1,-1,-1
738,107,824.85,318.60,17.39,43.04,0.5477,1,-1,-1
738,108,847.18,324.76,18.10,43.82,0.6487,1,-1,-1
738,151,800.89,310.23,16.26,41.94,0.6142,1,-1,-1
738,189,783.27,361.35,23.88,54.60,0.7439,1,-1,-1
738,192,1098.99,353.71,18.90,48.98,0.2187,1,-1,-1
739,107,822.24,317.76,16.27,40.25,0.6049,1,-1,-1
739,108,843.58,325.66,17.72,42.61,0.6593,1,-1,-1
739,151,796.91,310.06,16.17,41.74,0.5195,1,-1,-1
739,189,778.11,361.71,24.41,54.23,0.6697,1,-1,-1
739,192,1095.00,354.81,18.44,47.58,0.3469,1,-1,-1
740,107,818.22,317.76,16.57,40.98,0.6379,1,-1,-1
740,108,838.79,325.42,17.83,42.94,0.6935,1,-1,-1
740,151,792.59,310.04,16.46,42.53,0.6593,1,-1,-1
740,189,773.02,362.05,25.09,54.27,0.7178,1,-1,-1
740,192,1090.66,353.53,19.40,49.84,0.3416,1,-1,-1
741,107,812.87,318.04,17.72,43.71,0.5293,1,-1,-1
741,108,834.76,324.97,18.37,44.01,0.6361,1,-1,-1
741,151,789.32,310.35,16.31,41.84,0.6307,1,-1,-1
741,189,768.45,361.73,25.78,54.37,0.7050,1,-1,-1
741,192,1086.66,353.01,19.41,49.85,0.3024,1,-1,-1
742,107,810.44,317.89,16.22,39.80,0.6142,1,-1,-1
742,108,831.23,325.94,17.79,42.60,0.6415,1,-1,-1
742,151,786.48,311.47,15.70,40.36,0.6160,1,-1,-1
742,189,762.87,362.27,25.82,53.78,0.6610,1,-1,-1
742,192,1083.05,353.29,19.39,49.78,0.4552,1,-1,-1
743,107,806.47,318.06,16.69,41.02,0.6361,1,-1,-1
743,108,826.75,325.80,17.67,42.53,0.7194,1,-1,-1
743,151,781.86,311.09,15.97,40.90,0.6610,1,-1,-1
743,189,757.32,361.88,25.91,53.20,0.7017,1,-1,-1
744,107,800.83,318.15,18.24,44.49,0.5458,1,-1,-1
744,108,822.87,325.15,18.14,43.51,0.6469,1,-1,-1
744,151,778.08,310.86,16.14,41.11,0.6610,1,-1,-1
744,189,751.32,361.72,25.74,53.30,0.5670,1,-1,-1
745,107,798.74,317.86,16.49,39.97,0.5993,1,-1,-1
745,108,819.35,326.55,17.36,41.73,0.6540,1,-1,-1
745,151,775.12,311.68,15.72,40.04,0.6234,1,-1,-1
745,189,745.73,361.41,25.50,53.36,0.6817,1,-1,-1
745,192,1071.48,353.50,19.27,49.43,0.4698,1,-1,-1
746,107,793.97,317.88,17.65,42.75,0.6067,1,-1,-1
746,108,814.55,325.72,17.62,42.60,0.7194,1,-1,-1
746,151,770.51,311.40,15.97,40.47,0.6575,1,-1,-1
746,189,740.09,361.80,24.85,53.01,0.6451,1,-1,-1
746,192,1066.42,352.15,20.35,52.16,0.4571,1,-1,-1
747,107,789.61,317.39,17.79,42.72,0.4121,1,-1,-1
747,108,809.72,326.39,17.55,42.45,0.6697,1,-1,-1
747,151,765.95,311.14,16.02,40.40,0.6749,1,-1,-1
747,189,733.99,361.47,24.50,53.13,0.7130,1,-1,-1
747,192,1062.14,352.77,19.77,50.57,0.3407,1,-1,-1
748,107,786.14,317.81,16.35,38.80,0.4026,1,-1,-1
748,108,804.42,326.04,17.65,42.63,0.6663,1,-1,-1
748,151,760.75,311.38,15.93,40.00,0.5974,1,-1,-1
748,189,726.99,361.24,24.73,54.34,0.5583,1,-1,-1
748,192,1056.78,351.04,20.69,53.31,0.1290,1,-1,-1
749,107,780.30,317.56,16.60,39.09,0.3065,1,-1,-1
749,108,798.29,322.21,19.22,46.64,0.5000,1,-1,-1
749,151,754.67,310.95,16.15,40.28,0.5993,1,-1,-1
749,189,719.33,360.52,24.60,55.05,0.5898,1,-1,-1
750,107,775.08,318.65,14.28,32.99,0.2037,1,-1,-1
750,108,791.36,323.22,18.64,45.28,0.5176,1,-1,-1
750,151,748.02,311.75,15.73,39.04,0.4951,1,-1,-1
750,189,711.39,360.88,24.33,54.73,0.5974,1,-1,-1
751,108,784.54,311.75,21.51,52.36,0.1140,1,-1,-1
751,151,740.10,311.06,15.96,39.57,0.3451,1,-1,-1
751,189,702.28,361.12,23.80,53.93,0.5946,1,-1,-1
752,189,691.28,361.81,23.23,53.01,0.5117,1,-1,-1
776,244,1032.53,284.16,147.79,65.06,0.5775,4,-1,-1
777,244,1013.83,283.98,148.94,65.58,0.4216,4,-1,-1
778,244,993.17,284.06,147.99,65.19,0.3720,4,-1,-1
779,244,973.66,283.74,147.72,65.23,0.1784,4,-1,-1
780,244,955.72,284.01,145.14,64.11,0.4727,4,-1,-1
781,244,935.17,284.24,145.95,64.52,0.6334,4,-1,-1
782,244,914.62,284.10,147.01,65.06,0.2999,4,-1,-1
783,244,897.50,284.55,144.05,63.74,0.2234,4,-1,-1
784,244,878.81,283.28,145.08,64.52,0.2082,4,-1,-1
785,244,862.06,284.52,141.16,62.65,0.6316,4,-1,-1
786,244,841.93,285.41,141.84,62.83,0.3594,4,-1,-1
787,244,820.17,284.59,144.26,63.81,0.1176,4,-1,-1
788,244,803.64,284.94,144.09,63.82,0.2991,4,-1,-1
789,244,786.08,284.85,144.86,64.28,0.3621,4,-1,-1
790,244,768.63,286.09,140.75,62.18,0.4805,4,-1,-1
791,244,741.95,285.71,145.06,63.38,0.1634,4,-1,-1
792,244,727.72,285.47,145.75,63.85,0.2516,4,-1,-1
793,244,712.97,285.72,144.99,63.57,0.3416,4,-1,-1
794,244,693.39,285.87,147.08,64.56,0.4766,4,-1,-1
847,247,845.06,327.90,18.13,40.34,0.6123,1,-1,-1
847,248,1692.97,334.67,36.10,60.84,0.6011,1,-1,-1
847,249,822.31,326.04,18.96,40.79,0.5823,1,-1,-1
847,250,831.51,296.63,18.40,33.26,0.5370,1,-1,-1
848,247,842.65,327.78,18.50,41.24,0.6123,1,-1,-1
848,248,1687.97,332.68,36.81,62.39,0.6415,1,-1,-1
848,249,819.79,325.59,19.45,41.94,0.5341,1,-1,-1
848,250,830.13,296.31,17.63,31.94,0.5974,1,-1,-1
849,247,841.04,328.12,18.32,41.00,0.6397,1,-1,-1
849,248,1685.00,332.49,36.22,61.92,0.6343,1,-1,-1
849,249,817.78,326.66,19.07,41.19,0.5804,1,-1,-1
849,250,828.60,296.45,17.23,31.30,0.5708,1,-1,-1
849,251,858.18,329.57,14.45,36.10,0.4854,1,-1,-1
850,247,838.78,328.17,18.00,40.37,0.6343,1,-1,-1
850,248,1682.72,332.55,36.34,62.71,0.6715,1,-1,-1
850,249,815.99,326.28,19.07,41.23,0.5525,1,-1,-1
850,250,827.00,297.26,17.07,31.02,0.4717,1,-1,-1
850,251,856.11,328.87,14.76,36.76,0.3115,1,-1,-1
851,247,836.40,327.90,18.21,40.98,0.6361,1,-1,-1
851,248,1679.54,332.44,35.25,61.50,0.5974,1,-1,-1
851,249,812.76,326.94,18.79,40.80,0.5823,1,-1,-1
851,250,824.29,297.47,17.28,31.61,0.5574,1,-1,-1
851,251,852.90,329.76,14.70,36.51,0.4951,1,-1,-1
852,247,833.28,327.66,18.30,41.44,0.6361,1,-1,-1
852,248,1676.64,331.59,35.37,62.20,0.6142,1,-1,-1
852,249,810.54,326.75,18.87,41.20,0.6307,1,-1,-1
852,250,819.85,296.92,18.25,33.53,0.5273,1,-1,-1
852,251,849.92,330.20,14.63,36.32,0.5554,1,-1,-1
853,247,830.81,328.32,17.91,40.92,0.5429,1,-1,-1
853,248,1672.99,331.53,35.19,62.30,0.6478,1,-1,-1
853,249,806.62,325.68,19.01,41.70,0.5195,1,-1,-1
853,250,817.83,297.02,17.66,32.55,0.5813,1,-1,-1
853,251,847.34,330.73,14.58,36.28,0.5574,1,-1,-1
854,247,828.84,329.03,17.19,39.60,0.5936,1,-1,-1
854,248,1670.61,331.77,35.18,62.43,0.6496,1,-1,-1
854,249,805.09,325.10,18.47,40.42,0.4951,1,-1,-1
854,250,816.71,296.77,16.46,30.44,0.5746,1,-1,-1
854,251,845.54,331.27,14.17,35.24,0.3766,1,-1,-1
855,247,826.70,329.03,17.00,39.31,0.6030,1,-1,-1
855,248,1667.70,331.38,34.77,62.44,0.6160,1,-1,-1
855,249,803.28,324.48,19.22,42.17,0.5477,1,-1,-1
855,250,815.32,296.81,16.48,30.57,0.5917,1,-1,-1
855,251,843.13,328.52,14.64,36.48,0.4036,1,-1,-1
856,247,825.46,329.05,17.00,39.41,0.6397,1,-1,-1
856,248,1665.83,331.00,34.08,61.99,0.6252,1,-1,-1
856,249,802.08,325.11,19.19,42.30,0.5593,1,-1,-1
856,250,814.61,296.62,16.44,30.62,0.5784,1,-1,-1
856,251,841.65,327.90,14.82,37.05,0.3886,1,-1,-1
857,247,824.69,328.99,16.86,39.15,0.6487,1,-1,-1
857,248,1664.36,331.05,33.66,62.20,0.6522,1,-1,-1
857,249,801.45,326.16,18.80,41.79,0.5631,1,-1,-1
857,250,814.07,296.36,16.20,30.49,0.5993,1,-1,-1
857,251,840.12,329.09,14.41,35.72,0.4620,1,-1,-1
858,247,823.77,327.81,17.20,40.11,0.6663,1,-1,-1
858,248,1663.50,330.98,33.34,62.35,0.6379,1,-1,-1
858,249,800.94,326.45,18.37,41.20,0.6067,1,-1,-1
858,250,813.70,296.16,16.06,30.52,0.6252,1,-1,-1
858,251,839.79,328.66,14.48,35.57,0.5554,1,-1,-1
859,247,823.55,327.78,16.94,39.68,0.6715,1,-1,-1
859,248,1662.95,331.06,32.74,62.06,0.6030,1,-1,-1
859,249,800.69,326.62,18.09,40.96,0.5993,1,-1,-1
859,250,813.12,295.44,16.17,30.91,0.6379,1,-1,-1
859,251,839.70,328.55,14.39,35.16,0.5458,1,-1,-1
860,247,823.46,327.41,16.93,39.82,0.6645,1,-1,-1
860,248,1662.39,331.21,31.93,61.53,0.6086,1,-1,-1
860,249,800.31,326.09,18.20,41.66,0.6030,1,-1,-1
860,250,812.52,294.87,16.52,31.79,0.6307,1,-1,-1
860,251,839.66,328.19,14.52,35.40,0.5409,1,-1,-1
861,247,823.55,327.17,17.07,40.31,0.6663,1,-1,-1
861,248,1661.88,331.46,30.99,60.86,0.6307,1,-1,-1
861,249,800.27,326.01,18.22,42.10,0.5974,1,-1,-1
861,250,812.37,294.69,16.72,32.36,0.6215,1,-1,-1
861,251,839.54,327.92,14.86,36.10,0.5448,1,-1,-1
861,253,1437.65,241.32,9.40,18.76,0.4513,1,-1,-1
862,247,823.74,327.00,17.00,40.36,0.6575,1,-1,-1
862,248,1661.85,331.73,29.94,59.89,0.6160,1,-1,-1
862,249,800.39,326.38,17.91,41.74,0.5860,1,-1,-1
862,250,812.60,294.95,16.53,32.29,0.6049,1,-1,-1
862,251,839.69,327.84,14.83,36.00,0.5429,1,-1,-1
862,253,1437.63,241.55,9.37,18.69,0.4630,1,-1,-1
863,247,823.83,326.70,17.15,40.86,0.6522,1,-1,-1
863,248,1661.77,331.88,29.43,59.93,0.6067,1,-1,-1
863,249,800.66,326.54,17.73,41.62,0.5784,1,-1,-1
863,250,812.60,294.62,16.74,32.94,0.5993,1,-1,-1
863,251,839.65,327.76,14.81,35.95,0.5215,1,-1,-1
863,253,1437.67,241.73,9.19,18.33,0.4523,1,-1,-1
864,247,823.74,326.48,17.27,41.31,0.6451,1,-1,-1
864,248,1661.72,331.94,29.03,60.10,0.6252,1,-1,-1
864,249,800.72,326.71,17.72,41.99,0.5842,1,-1,-1
864,250,812.69,294.42,17.02,33.67,0.5993,1,-1,-1
864,251,839.62,328.11,14.64,35.45,0.5224,1,-1,-1
864,253,1437.81,241.84,9.02,17.98,0.4455,1,-1,-1
865,247,823.70,326.60,17.21,41.29,0.6558,1,-1,-1
865,248,1661.62,331.98,28.63,60.27,0.6086,1,-1,-1
865,249,801.00,326.98,17.61,41.98,0.6086,1,-1,-1
865,250,812.87,294.29,17.09,33.97,0.5993,1,-1,-1
865,251,839.63,328.68,14.57,35.16,0.5312,1,-1,-1
865,253,1437.94,241.88,8.93,17.80,0.4417,1,-1,-1
866,247,823.72,327.04,17.00,40.86,0.6558,1,-1,-1
866,248,1661.56,332.01,28.11,60.20,0.6105,1,-1,-1
866,249,801.55,327.37,17.36,41.59,0.6160,1,-1,-1
866,250,813.24,294.33,16.90,33.78,0.5727,1,-1,-1
866,251,839.71,329.57,14.53,34.93,0.5535,1,-1,-1
866,253,1437.95,241.88,8.96,17.85,0.4465,1,-1,-1
867,247,823.67,327.19,16.99,40.86,0.6645,1,-1,-1
867,248,1661.57,332.03,27.74,60.33,0.6234,1,-1,-1
867,249,802.22,327.43,17.35,41.58,0.6361,1,-1,-1
867,250,813.55,294.44,16.83,33.74,0.6049,1,-1,-1
867,251,839.63,329.90,14.67,35.21,0.5689,1,-1,-1
867,253,1437.88,241.65,9.07,18.10,0.4815,1,-1,-1
868,247,823.53,327.46,16.95,40.79,0.6680,1,-1,-1
868,248,1661.51,332.09,27.40,60.46,0.6325,1,-1,-1
868,249,802.74,328.19,17.10,40.97,0.6558,1,-1,-1
868,250,813.89,294.39,16.83,33.86,0.6123,1,-1,-1
868,251,839.58,330.18,14.88,35.74,0.5765,1,-1,-1
868,253,1437.80,241.35,9.21,18.41,0.4951,1,-1,-1
869,247,823.52,327.74,16.82,40.53,0.6540,1,-1,-1
869,248,1661.56,332.06,27.17,60.68,0.6433,1,-1,-1
869,249,803.00,328.27,17.15,41.14,0.6540,1,-1,-1
869,250,814.07,293.96,17.02,34.37,0.5860,1,-1,-1
869,251,839.52,330.09,15.07,36.19,0.5651,1,-1,-1
869,253,1437.70,241.06,9.36,18.78,0.5078,1,-1,-1
870,247,823.73,328.32,16.58,40.01,0.6397,1,-1,-1
870,248,1661.66,331.97,26.99,60.97,0.6522,1,-1,-1
870,249,803.38,328.42,17.07,40.91,0.6343,1,-1,-1
870,250,814.39,293.89,16.69,33.88,0.5670,1,-1,-1
870,251,839.79,330.01,15.04,36.06,0.5506,1,-1,-1
870,253,1437.69,240.87,9.45,19.05,0.5176,1,-1,-1
871,247,824.06,328.75,16.27,39.33,0.6540,1,-1,-1
871,248,1661.76,331.84,26.73,61.03,0.6540,1,-1,-1
871,249,803.65,329.06,16.93,40.47,0.6307,1,-1,-1
871,250,814.85,294.29,16.29,33.34,0.5554,1,-1,-1
871,251,840.12,329.97,14.90,35.63,0.5361,1,-1,-1
871,253,1437.60,240.81,9.52,19.29,0.5234,1,-1,-1
872,247,824.20,328.84,16.22,39.28,0.6645,1,-1,-1
872,248,1661.88,331.78,26.45,60.99,0.6628,1,-1,-1
872,249,803.74,328.95,17.12,40.84,0.6307,1,-1,-1
872,250,815.22,294.26,16.05,33.11,0.5631,1,-1,-1
872,251,840.45,329.83,14.77,35.17,0.5448,1,-1,-1
872,253,1437.59,240.87,9.54,19.42,0.5244,1,-1,-1
873,247,824.60,329.20,16.12,39.25,0.6663,1,-1,-1
873,248,1662.45,332.34,26.51,61.24,0.6800,1,-1,-1
873,249,804.12,328.95,17.23,41.16,0.5765,1,-1,-1
873,250,816.19,294.85,14.83,31.05,0.5332,1,-1,-1
873,251,840.98,330.74,14.36,34.14,0.5477,1,-1,-1
873,253,1438.00,240.47,9.43,19.29,0.5332,1,-1,-1
874,247,825.10,329.72,15.78,38.69,0.6540,1,-1,-1
874,248,1662.60,332.59,26.53,61.47,0.6715,1,-1,-1
874,249,804.56,329.34,16.96,40.72,0.5351,1,-1,-1
874,250,816.91,295.16,14.02,29.74,0.5127,1,-1,-1
874,251,841.41,331.00,14.02,33.20,0.5078,1,-1,-1
874,253,1438.24,240.40,9.36,19.24,0.5332,1,-1,-1
875,247,825.36,330.05,15.55,38.40,0.6487,1,-1,-1
875,248,1662.65,332.68,26.47,61.53,0.6628,1,-1,-1
875,249,804.85,329.77,16.60,40.13,0.5689,1,-1,-1
875,250,817.64,295.14,13.37,28.61,0.4902,1,-1,-1
875,251,841.66,331.03,13.85,32.65,0.4824,1,-1,-1
875,253,1438.41,240.50,9.36,19.22,0.5370,1,-1,-1
876,247,825.23,329.81,15.69,38.86,0.6628,1,-1,-1
876,248,1662.66,332.85,26.39,61.62,0.6307,1,-1,-1
876,249,805.38,329.87,16.50,40.21,0.5727,1,-1,-1
876,250,817.94,294.73,13.76,29.52,0.5029,1,-1,-1
876,251,841.56,330.80,14.21,33.40,0.4727,1,-1,-1
876,253,1438.61,240.57,9.40,19.26,0.5467,1,-1,-1
877,247,825.04,329.35,15.93,39.59,0.6628,1,-1,-1
877,248,1662.46,332.85,26.39,61.92,0.5993,1,-1,-1
877,249,806.01,329.59,16.57,40.69,0.5612,1,-1,-1
877,250,818.57,294.59,14.20,30.45,0.5448,1,-1,-1
877,251,841.39,330.47,14.62,34.34,0.4369,1,-1,-1
877,253,1438.73,240.57,9.51,19.38,0.5487,1,-1,-1
877,254,1427.84,238.40,9.04,20.39,0.4766,1,-1,-1
878,247,824.83,328.39,16.31,40.64,0.7001,1,-1,-1
878,248,1662.31,332.85,26.28,61.95,0.6160,1,-1,-1
878,249,807.04,328.95,16.90,41.60,0.5400,1,-1,-1
878,250,818.66,294.30,14.84,31.88,0.5955,1,-1,-1
878,251,841.35,330.15,15.05,35.43,0.4649,1,-1,-1
878,253,1438.80,240.68,9.55,19.35,0.5477,1,-1,-1
878,254,1427.84,238.42,9.03,20.36,0.4854,1,-1,-1
879,247,824.87,327.89,16.63,41.37,0.7162,1,-1,-1
879,248,1662.19,332.80,26.20,62.02,0.6160,1,-1,-1
879,249,807.42,326.94,17.91,44.02,0.5842,1,-1,-1
879,250,818.90,294.00,15.40,33.14,0.5936,1,-1,-1
879,251,840.88,330.07,15.78,37.34,0.5020,1,-1,-1
879,253,1438.88,240.74,9.60,19.34,0.5554,1,-1,-1
879,254,1427.83,238.53,8.95,20.18,0.4961,1,-1,-1
880,247,824.80,327.45,16.91,41.98,0.7210,1,-1,-1
880,248,1662.09,332.76,26.18,62.14,0.6379,1,-1,-1
880,249,807.65,326.25,18.27,44.82,0.6011,1,-1,-1
880,250,819.09,293.89,15.70,33.83,0.5993,1,-1,-1
880,251,840.67,330.14,16.11,38.33,0.5448,1,-1,-1
880,253,1438.88,240.62,9.73,19.50,0.5593,1,-1,-1
880,254,1427.79,238.49,8.97,20.23,0.5068,1,-1,-1
881,247,824.78,327.42,16.97,41.99,0.7210,1,-1,-1
881,248,1661.96,332.70,26.14,62.12,0.6289,1,-1,-1
881,249,807.98,326.20,18.30,44.77,0.5955,1,-1,-1
881,250,819.22,293.84,15.84,34.05,0.6049,1,-1,-1
881,251,840.63,330.32,16.10,38.46,0.5651,1,-1,-1
881,253,1438.96,240.64,9.76,19.43,0.5574,1,-1,-1
881,254,1427.80,238.48,8.92,20.14,0.5020,1,-1,-1
882,247,824.85,327.40,17.07,42.07,0.7256,1,-1,-1
882,248,1661.95,332.72,25.89,61.52,0.6343,1,-1,-1
882,249,808.53,327.12,17.92,43.61,0.6049,1,-1,-1
882,250,819.84,294.10,15.71,33.77,0.6011,1,-1,-1
882,251,840.52,330.49,16.17,38.81,0.5419,1,-1,-1
882,253,1439.01,240.68,9.79,19.35,0.5593,1,-1,-1
882,254,1427.82,238.59,8.85,19.99,0.4990,1,-1,-1
883,247,825.01,327.73,17.01,41.77,0.7256,1,-1,-1
883,248,1662.00,332.73,25.53,60.57,0.6628,1,-1,-1
883,249,808.88,327.66,17.68,42.84,0.6049,1,-1,-1
883,250,820.23,294.38,15.53,33.47,0.5955,1,-1,-1
883,251,840.50,330.86,16.10,38.74,0.5312,1,-1,-1
883,253,1439.05,240.79,9.85,19.36,0.5612,1,-1,-1
883,254,1427.74,238.55,8.86,20.05,0.5049,1,-1,-1
884,247,824.96,327.82,17.10,41.84,0.7241,1,-1,-1
884,248,1661.90,332.61,25.52,60.31,0.6415,1,-1,-1
884,249,809.11,328.05,17.58,42.43,0.5955,1,-1,-1
884,250,820.43,294.39,15.44,33.37,0.6030,1,-1,-1
884,251,840.53,331.11,16.03,38.62,0.5341,1,-1,-1
884,253,1439.04,240.91,9.92,19.37,0.5516,1,-1,-1
884,254,1427.67,238.50,8.84,20.02,0.5049,1,-1,-1
885,247,824.96,328.27,17.03,41.52,0.7146,1,-1,-1
885,248,1661.68,332.57,25.54,60.14,0.6558,1,-1,-1
885,249,809.24,328.36,17.50,42.12,0.5860,1,-1,-1
885,250,820.74,294.41,15.26,33.08,0.6030,1,-1,-1
885,251,840.67,331.70,15.82,38.11,0.5361,1,-1,-1
885,253,1439.08,241.04,9.97,19.35,0.5477,1,-1,-1
885,254,1427.67,238.43,8.83,20.02,0.5039,1,-1,-1
886,247,824.95,328.47,17.04,41.46,0.7017,1,-1,-1
886,248,1661.28,332.59,25.71,60.25,0.6575,1,-1,-1
886,249,809.49,328.35,17.53,42.17,0.5651,1,-1,-1
886,250,821.29,294.69,14.81,32.39,0.6030,1,-1,-1
886,251,840.75,331.90,15.72,37.82,0.5254,1,-1,-1
886,253,1439.09,241.14,9.96,19.21,0.5438,1,-1,-1
886,254,1427.69,238.41,8.81,20.02,0.5010,1,-1,-1
887,247,824.92,328.52,17.07,41.42,0.6732,1,-1,-1
887,248,1660.81,332.62,26.03,60.49,0.6766,1,-1,-1
887,249,809.76,328.04,17.64,42.51,0.5312,1,-1,-1
887,250,821.50,294.78,14.43,31.59,0.5993,1,-1,-1
887,251,840.72,331.82,15.76,37.79,0.5137,1,-1,-1
887,253,1439.05,241.11,10.01,19.19,0.5448,1,-1,-1
887,254,1427.69,238.34,8.84,20.10,0.5010,1,-1,-1
888,247,825.01,328.63,17.03,41.25,0.6558,1,-1,-1
888,248,1659.91,333.46,26.47,60.78,0.6593,1,-1,-1
888,249,810.42,327.93,17.71,42.74,0.4795,1,-1,-1
888,250,821.47,294.72,14.67,32.10,0.5651,1,-1,-1
888,251,841.19,332.38,15.66,37.58,0.5380,1,-1,-1
888,253,1438.77,240.86,10.25,19.61,0.5380,1,-1,-1
888,254,1428.19,239.28,8.67,19.55,0.4941,1,-1,-1
889,247,825.08,328.77,17.07,41.26,0.6593,1,-1,-1
889,248,1659.60,334.00,26.80,60.49,0.6951,1,-1,-1
889,249,810.45,327.75,17.87,43.11,0.5029,1,-1,-1
889,250,821.50,294.78,15.02,32.88,0.5593,1,-1,-1
889,251,841.32,332.51,15.69,37.64,0.5496,1,-1,-1
889,253,1438.69,240.66,10.37,19.80,0.5341,1,-1,-1
889,254,1428.35,239.66,8.64,19.31,0.4883,1,-1,-1
890,247,825.10,329.00,17.05,41.08,0.6522,1,-1,-1
890,248,1659.11,334.41,27.16,60.27,0.7001,1,-1,-1
890,249,810.31,327.35,18.02,43.42,0.5127,1,-1,-1
890,250,821.47,294.72,15.54,34.08,0.5574,1,-1,-1
890,251,841.33,332.50,15.78,37.87,0.5506,1,-1,-1
890,253,1438.67,240.54,10.43,19.88,0.5400,1,-1,-1
890,254,1428.43,239.77,8.68,19.24,0.4922,1,-1,-1
891,247,825.09,329.10,17.08,41.01,0.6558,1,-1,-1
891,248,1658.48,334.67,27.34,59.93,0.6766,1,-1,-1
891,249,810.15,327.25,18.06,43.40,0.5322,1,-1,-1
891,250,821.57,294.31,16.17,35.66,0.5670,1,-1,-1
891,251,841.27,332.51,15.87,38.10,0.5370,1,-1,-1
891,253,1438.68,240.51,10.43,19.82,0.5419,1,-1,-1
891,254,1428.47,239.87,8.69,19.11,0.4902,1,-1,-1
892,247,825.10,329.24,17.08,40.86,0.6505,1,-1,-1
892,248,1657.82,334.98,27.51,59.57,0.6645,1,-1,-1
892,249,809.94,327.11,18.09,43.53,0.5506,1,-1,-1
892,250,821.70,293.94,16.53,36.65,0.5746,1,-1,-1
892,251,841.21,332.49,15.91,38.19,0.5039,1,-1,-1
892,253,1438.70,240.47,10.39,19.68,0.5419,1,-1,-1
892,254,1428.50,239.97,8.68,18.97,0.4922,1,-1,-1
893,247,825.10,328.90,17.19,41.09,0.6749,1,-1,-1
893,248,1657.73,334.53,28.27,59.80,0.6749,1,-1,-1
893,249,809.86,327.33,17.90,43.19,0.5898,1,-1,-1
893,250,822.33,293.83,15.55,34.44,0.5765,1,-1,-1
893,251,841.47,332.51,15.78,37.91,0.5341,1,-1,-1
893,253,1438.64,240.44,10.29,19.46,0.5332,1,-1,-1
893,254,1428.66,240.14,8.67,18.75,0.4893,1,-1,-1
894,247,824.73,328.43,17.38,41.61,0.6749,1,-1,-1
894,248,1657.40,334.38,29.07,59.95,0.6868,1,-1,-1
894,249,809.96,327.60,17.74,42.83,0.6123,1,-1,-1
894,250,822.89,293.66,14.80,32.64,0.5765,1,-1,-1
894,251,841.75,332.48,15.68,37.69,0.5631,1,-1,-1
894,253,1438.62,240.43,10.15,19.17,0.5293,1,-1,-1
894,254,1428.78,240.39,8.63,18.47,0.4863,1,-1,-1
895,247,824.77,328.33,17.41,41.66,0.6663,1,-1,-1
895,248,1657.21,334.37,29.89,60.01,0.7114,1,-1,-1
895,249,809.96,327.77,17.61,42.57,0.6215,1,-1,-1
895,250,823.35,293.90,14.36,31.51,0.5765,1,-1,-1
895,251,841.89,332.49,15.68,37.77,0.5670,1,-1,-1
895,253,1438.56,240.40,10.04,18.96,0.5234,1,-1,-1
895,254,1428.89,240.58,8.62,18.24,0.4844,1,-1,-1
896,247,824.85,328.40,17.36,41.57,0.6433,1,-1,-1
896,248,1656.47,334.52,30.44,59.90,0.7066,1,-1,-1
896,249,810.10,327.88,17.51,42.36,0.6234,1,-1,-1
896,250,823.73,294.22,14.31,31.30,0.5804,1,-1,-1
896,251,841.99,332.54,15.71,37.96,0.5631,1,-1,-1
896,253,1438.55,240.32,9.92,18.74,0.5156,1,-1,-1
896,254,1429.01,240.77,8.58,17.95,0.4776,1,-1,-1
897,247,825.19,328.51,17.32,41.44,0.6558,1,-1,-1
897,248,1655.97,334.99,30.63,59.45,0.6951,1,-1,-1
897,249,810.48,328.51,17.20,41.64,0.6325,1,-1,-1
897,250,823.96,294.06,14.24,31.12,0.6067,1,-1,-1
897,251,842.11,332.48,15.59,37.65,0.5312,1,-1,-1
897,253,1438.46,240.04,9.96,18.86,0.5088,1,-1,-1
897,254,1429.04,240.65,8.69,17.99,0.4620,1,-1,-1
898,247,825.40,328.78,17.29,41.36,0.6593,1,-1,-1
898,248,1654.85,335.72,30.36,58.99,0.6834,1,-1,-1
898,249,810.77,328.77,17.08,41.43,0.6234,1,-1,-1
898,250,823.95,293.39,14.52,31.81,0.6215,1,-1,-1
898,251,842.43,332.51,15.51,37.62,0.5137,1,-1,-1
898,253,1438.39,239.94,10.02,19.05,0.5117,1,-1,-1
898,254,1429.06,240.55,8.80,18.03,0.4688,1,-1,-1
899,247,825.66,329.25,17.13,40.93,0.6505,1,-1,-1
899,248,1654.28,335.96,30.22,58.96,0.6817,1,-1,-1
899,249,810.80,328.26,17.11,41.78,0.6469,1,-1,-1
899,250,823.87,292.54,14.82,32.62,0.6270,1,-1,-1
899,251,842.93,332.48,15.34,37.10,0.4941,1,-1,-1
899,253,1438.43,240.03,10.01,19.05,0.5098,1,-1,-1
899,254,1429.05,240.56,8.83,17.93,0.4707,1,-1,-1
900,247,825.89,329.63,17.10,40.77,0.6325,1,-1,-1
900,248,1653.89,335.90,30.05,59.03,0.6628,1,-1,-1
900,249,810.98,328.04,17.18,42.14,0.6252,1,-1,-1
900,250,824.48,291.96,15.08,33.29,0.6307,1,-1,-1
900,251,843.43,332.59,15.30,36.95,0.5098,1,-1,-1
900,253,1438.54,240.18,9.84,18.80,0.5000,1,-1,-1
900,254,1429.07,240.72,8.75,17.61,0.4639,1,-1,-1
901,247,826.21,329.73,17.07,40.63,0.6361,1,-1,-1
901,248,1653.96,336.18,29.66,58.68,0.6469,1,-1,-1
901,249,810.99,327.85,17.05,42.00,0.6142,1,-1,-1
901,250,824.91,291.96,14.95,33.25,0.6289,1,-1,-1
901,251,843.85,332.66,15.26,36.64,0.5370,1,-1,-1
901,253,1438.59,240.25,9.77,18.72,0.4922,1,-1,-1
901,254,1429.38,240.80,8.76,17.49,0.4581,1,-1,-1
901,257,1674.63,339.60,22.19,55.57,0.4883,1,-1,-1
902,247,826.43,329.93,16.96,40.25,0.6361,1,-1,-1
902,248,1653.81,335.63,29.84,59.85,0.6030,1,-1,-1
902,249,810.99,327.48,17.04,42.22,0.6123,1,-1,-1
902,250,825.40,292.06,14.79,33.01,0.6289,1,-1,-1
902,251,844.05,332.89,15.27,36.50,0.5574,1,-1,-1
902,253,1438.61,240.26,9.78,18.76,0.4932,1,-1,-1
902,254,1429.49,240.72,8.90,17.62,0.4562,1,-1,-1
902,257,1674.32,339.37,22.24,55.68,0.4893,1,-1,-1
903,247,826.68,329.97,17.10,40.48,0.6142,1,-1,-1
903,248,1653.70,335.15,29.55,59.48,0.6011,1,-1,-1
903,249,811.26,327.35,17.07,42.60,0.6142,1,-1,-1
903,250,825.52,291.66,15.10,33.68,0.6469,1,-1,-1
903,251,843.91,333.10,15.52,36.91,0.6105,1,-1,-1
903,253,1439.02,240.61,9.60,18.33,0.4961,1,-1,-1
903,254,1429.09,240.65,8.92,17.53,0.4369,1,-1,-1
903,257,1674.04,339.10,22.25,55.75,0.4455,1,-1,-1
904,247,826.80,330.40,17.01,40.12,0.6197,1,-1,-1
904,248,1653.59,334.89,29.34,59.39,0.6142,1,-1,-1
904,249,811.55,327.45,17.03,42.68,0.6011,1,-1,-1
904,250,825.95,291.63,14.95,33.31,0.6307,1,-1,-1
904,251,844.09,333.11,15.46,36.62,0.6361,1,-1,-1
904,253,1439.08,240.47,9.67,18.44,0.4912,1,-1,-1
904,254,1428.96,240.82,8.90,17.38,0.4369,1,-1,-1
904,257,1673.87,339.10,22.18,55.67,0.4321,1,-1,-1
905,247,826.90,330.59,16.90,39.80,0.5955,1,-1,-1
905,248,1653.42,334.54,29.21,59.56,0.6123,1,-1,-1
905,249,812.03,327.54,16.92,42.49,0.5974,1,-1,-1
905,250,826.26,291.59,14.72,32.67,0.6049,1,-1,-1
905,251,844.51,333.09,15.26,36.13,0.6593,1,-1,-1
905,253,1439.09,240.27,9.72,18.54,0.4785,1,-1,-1
905,254,1428.95,240.99,8.89,17.26,0.4225,1,-1,-1
905,257,1673.79,339.10,22.13,55.60,0.4282,1,-1,-1
906,247,826.98,330.47,16.86,39.71,0.5955,1,-1,-1
906,248,1653.24,334.33,29.02,59.74,0.6215,1,-1,-1
906,249,812.22,327.13,16.98,42.78,0.5936,1,-1,-1
906,250,826.42,291.56,14.74,32.54,0.6270,1,-1,-1
906,251,844.88,333.19,15.16,36.02,0.6663,1,-1,-1
906,253,1439.08,240.02,9.71,18.55,0.4630,1,-1,-1
906,254,1429.17,241.16,8.84,17.02,0.4149,1,-1,-1
906,257,1673.26,337.91,22.48,56.61,0.4321,1,-1,-1
907,247,827.25,330.64,16.68,39.33,0.5804,1,-1,-1
907,248,1653.08,334.07,28.83,60.02,0.6252,1,-1,-1
907,249,812.43,326.83,17.06,43.12,0.5917,1,-1,-1
907,250,826.65,291.27,14.70,32.45,0.6105,1,-1,-1
907,251,845.46,333.41,14.86,35.51,0.6610,1,-1,-1
907,253,1439.08,239.74,9.75,18.71,0.4494,1,-1,-1
907,254,1429.38,241.29,8.83,16.91,0.3961,1,-1,-1
907,257,1672.95,337.29,22.62,57.08,0.4397,1,-1,-1
908,247,827.40,330.65,16.70,39.52,0.6030,1,-1,-1
908,248,1653.07,334.05,28.58,60.12,0.6234,1,-1,-1
908,249,812.74,327.17,17.07,43.20,0.6105,1,-1,-1
908,250,827.10,291.00,14.71,32.48,0.6123,1,-1,-1
908,251,845.72,333.39,14.75,35.41,0.6715,1,-1,-1
908,253,1439.02,239.54,9.75,18.80,0.4244,1,-1,-1
908,254,1429.68,241.47,8.74,16.64,0.3576,1,-1,-1
908,257,1673.16,336.99,22.61,57.28,0.4513,1,-1,-1
909,247,827.57,330.99,16.52,39.30,0.6197,1,-1,-1
909,248,1653.21,334.20,28.30,60.13,0.6086,1,-1,-1
909,249,812.93,328.01,16.87,42.78,0.6142,1,-1,-1
909,250,827.58,290.72,14.79,32.60,0.6270,1,-1,-1
909,251,846.04,333.39,14.48,34.91,0.6697,1,-1,-1
909,253,1439.00,239.41,9.80,18.99,0.4177,1,-1,-1
909,254,1429.97,241.49,8.76,16.55,0.3603,1,-1,-1
909,257,1673.28,336.85,22.62,57.57,0.4591,1,-1,-1
910,247,827.67,331.15,16.36,39.22,0.6361,1,-1,-1
910,248,1653.34,334.48,27.96,59.96,0.5974,1,-1,-1
910,249,813.05,328.46,16.79,42.67,0.6179,1,-1,-1
910,250,827.99,290.52,14.78,32.61,0.6343,1,-1,-1
910,251,846.41,333.47,14.16,34.26,0.6663,1,-1,-1
910,253,1438.93,239.31,9.93,19.35,0.4196,1,-1,-1
910,254,1430.21,241.54,8.81,16.53,0.3531,1,-1,-1
910,257,1673.32,336.82,22.60,57.81,0.4834,1,-1,-1
911,247,827.74,331.24,16.25,39.32,0.6361,1,-1,-1
911,248,1653.38,334.74,27.60,59.75,0.5879,1,-1,-1
911,249,813.21,328.92,16.61,42.37,0.6123,1,-1,-1
911,250,828.37,290.20,14.80,32.72,0.6505,1,-1,-1
911,251,846.54,333.48,14.17,34.48,0.6451,1,-1,-1
911,253,1438.93,239.21,10.10,19.79,0.4359,1,-1,-1
911,254,1430.15,241.52,8.94,16.71,0.3711,1,-1,-1
911,257,1672.67,336.88,22.71,58.18,0.4980,1,-1,-1
912,247,827.56,331.09,16.25,39.74,0.6397,1,-1,-1
912,248,1653.38,334.18,27.55,60.49,0.5804,1,-1,-1
912,249,813.27,329.04,16.52,42.39,0.5993,1,-1,-1
912,250,828.71,289.75,15.08,33.40,0.6697,1,-1,-1
912,251,846.69,333.81,13.84,33.69,0.6325,1,-1,-1
912,253,1439.14,239.08,10.29,20.28,0.4465,1,-1,-1
912,254,1429.99,241.14,9.25,17.24,0.4149,1,-1,-1
912,257,1672.76,337.07,22.60,57.95,0.4990,1,-1,-1
913,247,827.24,330.95,16.23,40.08,0.6307,1,-1,-1
913,248,1653.61,334.01,27.33,60.75,0.5860,1,-1,-1
913,249,813.35,329.22,16.34,42.21,0.5670,1,-1,-1
913,250,828.98,289.51,15.25,33.92,0.6593,1,-1,-1
913,251,846.60,334.38,13.80,33.58,0.6160,1,-1,-1
913,253,1439.41,239.09,10.41,20.62,0.4668,1,-1,-1
913,254,1429.72,240.57,9.63,17.93,0.4562,1,-1,-1
913,257,1673.42,337.35,22.05,56.63,0.4902,1,-1,-1
914,247,826.99,330.74,16.25,40.49,0.6252,1,-1,-1
914,248,1653.92,334.40,26.84,60.41,0.6030,1,-1,-1
914,249,813.26,328.98,16.32,42.45,0.5419,1,-1,-1
914,250,829.18,289.30,15.37,34.24,0.6397,1,-1,-1
914,251,846.13,334.88,14.29,34.82,0.6325,1,-1,-1
914,253,1439.95,239.13,10.46,20.87,0.4737,1,-1,-1
914,254,1429.36,239.83,10.03,18.71,0.4834,1,-1,-1
914,257,1674.52,338.13,21.30,55.06,0.5020,1,-1,-1
915,247,827.01,330.77,16.16,40.66,0.6123,1,-1,-1
915,248,1654.44,334.64,26.37,60.12,0.6361,1,-1,-1
915,249,813.41,328.91,16.29,42.58,0.5400,1,-1,-1
915,250,829.43,289.03,15.47,34.56,0.6123,1,-1,-1
915,251,845.63,335.23,14.85,36.27,0.6361,1,-1,-1
915,253,1440.55,239.16,10.50,21.15,0.4912,1,-1,-1
915,254,1429.03,239.07,10.41,19.49,0.5137,1,-1,-1
915,257,1675.10,338.39,20.86,54.28,0.5107,1,-1,-1
915,258,825.36,288.76,16.50,34.50,0.5879,1,-1,-1
916,247,826.53,330.38,16.32,41.29,0.5860,1,-1,-1
916,248,1654.67,334.75,26.12,60.28,0.6361,1,-1,-1
916,249,814.07,328.76,16.34,42.82,0.4854,1,-1,-1
916,250,829.74,289.10,15.48,34.69,0.5993,1,-1,-1
916,251,845.49,335.43,15.06,36.83,0.6123,1,-1,-1
916,253,1440.83,239.30,10.40,21.05,0.4707,1,-1,-1
916,254,1429.09,238.98,10.39,19.49,0.4941,1,-1,-1
916,257,1675.59,338.73,20.58,53.79,0.4971,1,-1,-1
916,258,825.58,288.78,16.59,34.74,0.5708,1,-1,-1
917,247,826.42,330.38,16.33,41.57,0.5993,1,-1,-1
917,248,1654.76,334.67,26.03,60.74,0.6451,1,-1,-1
917,249,814.33,328.99,16.20,42.67,0.4766,1,-1,-1
917,250,830.19,289.39,15.28,34.38,0.6123,1,-1,-1
917,251,845.68,335.62,15.03,36.95,0.6160,1,-1,-1
917,253,1441.15,239.54,10.21,20.75,0.4600,1,-1,-1
917,254,1429.31,238.99,10.33,19.40,0.4795,1,-1,-1
917,257,1675.65,339.07,20.67,54.28,0.4494,1,-1,-1
917,258,826.63,289.19,16.45,34.44,0.5593,1,-1,-1
918,247,826.51,330.04,16.47,42.10,0.5651,1,-1,-1
918,248,1654.94,334.72,25.94,61.14,0.6593,1,-1,-1
918,249,813.60,328.37,16.33,43.34,0.4465,1,-1,-1
918,250,830.23,289.57,15.33,34.47,0.6105,1,-1,-1
918,251,846.06,335.50,15.03,37.19,0.5708,1,-1,-1
918,253,1441.22,239.94,9.92,20.12,0.4177,1,-1,-1
918,254,1430.04,239.13,10.25,19.28,0.4292,1,-1,-1
918,257,1676.19,338.90,20.85,54.83,0.4990,1,-1,-1
918,258,826.54,288.32,16.41,34.47,0.2451,1,-1,-1
919,247,826.59,330.17,16.51,42.22,0.5689,1,-1,-1
919,248,1655.48,334.57,25.95,61.71,0.6901,1,-1,-1
919,249,813.36,328.21,16.31,43.61,0.4292,1,-1,-1
919,250,830.33,289.94,15.22,34.26,0.5993,1,-1,-1
919,251,846.28,335.53,14.84,36.98,0.5842,1,-1,-1
919,253,1441.19,239.96,9.81,19.87,0.4045,1,-1,-1
919,254,1430.56,239.12,10.22,19.26,0.4111,1,-1,-1
919,257,1676.51,339.64,20.78,54.89,0.5029,1,-1,-1
919,258,826.94,289.36,16.24,34.17,0.5215,1,-1,-1
920,247,827.04,330.77,16.34,41.85,0.5879,1,-1,-1
920,248,1656.15,334.74,25.92,61.98,0.7001,1,-1,-1
920,249,813.00,328.18,16.29,43.78,0.4668,1,-1,-1
920,250,830.54,290.30,14.88,33.57,0.5860,1,-1,-1
920,251,846.37,335.58,14.63,36.71,0.5917,1,-1,-1
920,253,1441.34,240.02,9.67,19.54,0.4102,1,-1,-1
920,254,1431.00,239.09,10.17,19.22,0.3961,1,-1,-1
920,257,1676.48,340.12,21.02,55.58,0.4688,1,-1,-1
920,258,826.81,289.79,15.99,33.83,0.4756,1,-1,-1
921,247,827.29,331.13,16.29,41.71,0.5842,1,-1,-1
921,248,1657.12,334.79,25.99,62.37,0.7114,1,-1,-1
921,249,812.98,327.93,16.39,44.16,0.4698,1,-1,-1
921,250,830.70,290.41,14.82,33.44,0.5593,1,-1,-1
921,251,846.30,335.67,14.54,36.66,0.6030,1,-1,-1
921,253,1441.58,240.00,9.62,19.43,0.4111,1,-1,-1
921,254,1431.38,239.04,10.17,19.35,0.4036,1,-1,-1
921,257,1677.36,339.71,21.23,56.09,0.4083,1,-1,-1
921,258,826.48,289.79,15.92,33.91,0.4397,1,-1,-1
922,247,827.38,331.35,16.30,41.72,0.6049,1,-1,-1
922,248,1657.98,334.73,25.81,62.28,0.7130,1,-1,-1
922,249,813.00,327.63,16.50,44.54,0.4902,1,-1,-1
922,250,831.98,292.44,14.29,31.99,0.5438,1,-1,-1
922,251,846.07,335.69,14.60,36.98,0.6179,1,-1,-1
922,253,1441.75,239.99,9.55,19.30,0.4045,1,-1,-1
922,254,1432.02,239.14,10.06,19.30,0.4073,1,-1,-1
922,257,1677.83,339.32,21.18,56.04,0.4073,1,-1,-1
922,258,826.67,289.71,15.85,33.94,0.3970,1,-1,-1
923,247,827.07,331.19,16.50,41.96,0.6030,1,-1,-1
923,248,1658.71,334.80,25.90,62.76,0.6984,1,-1,-1
923,249,813.31,327.64,16.50,44.74,0.4187,1,-1,-1
923,250,832.59,293.24,14.11,31.36,0.5804,1,-1,-1
923,251,846.09,335.73,14.45,36.69,0.6343,1,-1,-1
923,253,1441.61,239.91,9.53,19.30,0.3923,1,-1,-1
923,254,1432.70,239.44,9.93,19.17,0.3933,1,-1,-1
923,257,1677.39,339.03,21.98,58.12,0.4388,1,-1,-1
923,258,827.50,290.09,15.68,33.63,0.3739,1,-1,-1
924,247,826.79,331.02,16.57,41.84,0.5917,1,-1,-1
924,248,1659.71,335.10,25.86,62.96,0.6361,1,-1,-1
924,249,813.27,327.33,16.22,44.15,0.4045,1,-1,-1
924,250,832.68,293.36,14.28,31.50,0.6086,1,-1,-1
924,251,846.16,335.83,14.32,36.42,0.6379,1,-1,-1
924,253,1441.23,239.83,9.65,19.52,0.3785,1,-1,-1
924,254,1433.23,239.61,9.97,19.31,0.3831,1,-1,-1
924,257,1677.41,338.51,22.65,60.00,0.3831,1,-1,-1
924,258,827.37,289.77,15.46,33.10,0.1176,1,-1,-1
925,247,826.86,331.03,16.43,41.27,0.5898,1,-1,-1
925,248,1660.73,335.40,25.85,63.13,0.6522,1,-1,-1
925,249,813.29,327.28,15.82,43.06,0.4581,1,-1,-1
925,250,832.91,293.46,14.26,31.33,0.6086,1,-1,-1
925,251,846.26,336.10,14.18,36.18,0.6469,1,-1,-1
925,253,1440.80,239.68,9.77,19.75,0.3720,1,-1,-1
925,254,1433.58,239.69,10.04,19.47,0.3766,1,-1,-1
925,257,1678.60,338.86,22.78,60.54,0.3522,1,-1,-1
925,258,827.12,289.57,15.21,32.58,0.1238,1,-1,-1
926,247,826.84,331.03,16.36,40.91,0.5804,1,-1,-1
926,248,1661.55,335.04,25.90,63.53,0.6868,1,-1,-1
926,249,813.40,327.27,15.51,42.12,0.4639,1,-1,-1
926,250,833.12,293.60,14.20,31.15,0.5936,1,-1,-1
926,251,846.41,336.40,14.07,36.00,0.6379,1,-1,-1
926,253,1440.83,239.60,9.80,19.81,0.3675,1,-1,-1
926,254,1433.67,239.61,10.06,19.56,0.3693,1,-1,-1
926,257,1680.26,339.87,22.34,59.49,0.4140,1,-1,-1
926,258,826.81,289.58,14.90,32.04,0.1624,1,-1,-1
927,247,826.58,330.94,16.59,41.41,0.5974,1,-1,-1
927,248,1662.34,334.71,26.10,64.26,0.6918,1,-1,-1
927,249,813.57,327.41,15.65,42.43,0.4436,1,-1,-1
927,250,833.55,293.76,13.89,30.49,0.5898,1,-1,-1
927,251,846.51,336.74,13.99,35.90,0.6593,1,-1,-1
927,253,1441.10,239.50,9.69,19.61,0.3433,1,-1,-1
927,254,1433.75,239.55,9.87,19.22,0.3425,1,-1,-1
927,257,1681.17,340.76,22.40,59.86,0.4678,1,-1,-1
927,258,827.66,290.03,14.93,32.27,0.3346,1,-1,-1
928,247,826.26,331.00,16.79,41.73,0.5917,1,-1,-1
928,248,1663.40,334.77,26.22,64.80,0.6505,1,-1,-1
928,249,813.51,328.10,15.80,42.87,0.4102,1,-1,-1
928,250,834.25,293.84,13.41,29.55,0.6030,1,-1,-1
928,251,846.74,337.18,13.69,35.14,0.6505,1,-1,-1
928,253,1441.60,239.12,9.72,19.74,0.3381,1,-1,-1
928,254,1433.73,239.35,9.78,19.09,0.3320,1,-1,-1
928,257,1681.65,341.09,22.59,60.53,0.3720,1,-1,-1
928,258,827.86,290.32,14.49,31.58,0.3090,1,-1,-1
929,247,826.18,331.15,17.10,42.55,0.5898,1,-1,-1
929,248,1664.54,335.41,25.97,64.40,0.6325,1,-1,-1
929,249,814.04,328.19,15.31,41.48,0.3675,1,-1,-1
929,250,834.71,293.83,13.14,29.12,0.5993,1,-1,-1
929,251,846.70,337.51,13.68,35.21,0.6361,1,-1,-1
929,253,1442.05,239.14,9.68,19.73,0.3425,1,-1,-1
929,254,1433.59,239.18,9.78,19.21,0.3702,1,-1,-1
929,257,1682.38,342.01,21.98,58.42,0.2958,1,-1,-1
929,258,829.59,290.96,13.92,30.72,0.4168,1,-1,-1
929,259,271.93,207.65,44.18,23.39,0.5631,4,-1,-1
930,247,827.52,332.28,16.69,41.89,0.5727,1,-1,-1
930,248,1665.99,336.08,25.75,63.69,0.6086,1,-1,-1
930,249,814.56,328.40,14.40,38.76,0.4036,1,-1,-1
930,250,834.84,293.80,13.22,29.48,0.5936,1,-1,-1
930,251,846.74,338.19,13.44,34.67,0.5974,1,-1,-1
930,253,1442.61,239.45,9.69,19.84,0.3630,1,-1,-1
930,254,1433.35,239.12,9.83,19.47,0.3961,1,-1,-1
930,257,1680.90,342.13,22.44,58.13,0.2160,1,-1,-1
930,258,829.57,290.82,13.79,30.80,0.2621,1,-1,-1
930,259,271.50,207.70,44.23,23.40,0.5631,4,-1,-1
931,247,828.24,333.62,16.17,40.76,0.5631,1,-1,-1
931,248,1667.01,336.32,25.76,63.83,0.6049,1,-1,-1
931,249,814.80,328.68,13.55,35.97,0.4158,1,-1,-1
931,250,835.00,293.94,13.21,29.63,0.5631,1,-1,-1
931,251,846.60,338.52,13.35,34.57,0.5860,1,-1,-1
931,253,1442.52,239.39,9.99,20.46,0.3739,1,-1,-1
931,254,1433.38,239.24,10.02,19.98,0.3868,1,-1,-1
931,257,1683.47,342.75,22.41,58.35,0.1767,1,-1,-1
931,258,829.64,290.71,13.46,30.46,0.2576,1,-1,-1
931,259,270.94,207.63,44.64,23.59,0.5917,4,-1,-1
932,247,828.39,333.04,16.04,40.52,0.5185,1,-1,-1
932,248,1668.46,336.59,25.89,63.98,0.6628,1,-1,-1
932,249,814.94,329.06,12.82,33.46,0.4017,1,-1,-1
932,250,835.16,294.19,13.36,30.15,0.5409,1,-1,-1
932,251,846.52,338.69,13.23,34.32,0.5765,1,-1,-1
932,253,1442.44,239.32,10.14,20.76,0.3730,1,-1,-1
932,254,1433.55,239.57,9.98,19.95,0.3979,1,-1,-1
932,257,1683.70,342.80,22.69,58.98,0.1451,1,-1,-1
932,258,829.58,290.68,13.30,30.58,0.2247,1,-1,-1
932,259,270.60,207.88,44.44,23.44,0.5727,4,-1,-1
933,247,829.11,332.35,15.73,40.14,0.4620,1,-1,-1
933,248,1670.08,337.40,26.08,63.97,0.5631,1,-1,-1
933,249,815.32,329.17,12.25,31.48,0.3016,1,-1,-1
933,250,835.30,294.23,13.48,30.48,0.5708,1,-1,-1
933,251,846.80,339.10,12.64,32.68,0.5293,1,-1,-1
933,253,1442.74,239.84,9.95,20.37,0.2728,1,-1,-1
933,254,1433.69,239.76,9.95,19.88,0.3016,1,-1,-1
933,257,1678.59,340.72,25.31,62.01,0.4168,1,-1,-1
933,258,831.59,291.75,13.19,30.65,0.3390,1,-1,-1
933,259,270.97,208.42,43.43,22.88,0.5185,4,-1,-1
934,247,829.47,332.14,15.67,40.16,0.4883,1,-1,-1
934,248,1670.96,338.15,26.47,65.13,0.6142,1,-1,-1
934,249,815.21,329.09,12.51,31.75,0.3024,1,-1,-1
934,250,835.52,294.62,13.42,30.31,0.5689,1,-1,-1
934,251,846.89,339.15,12.41,31.90,0.5506,1,-1,-1
934,253,1441.73,239.66,10.13,20.63,0.2767,1,-1,-1
934,254,1433.92,239.79,10.01,19.95,0.3040,1,-1,-1
934,257,1676.46,340.10,27.16,63.73,0.4980,1,-1,-1
934,258,832.28,291.98,13.36,31.36,0.3504,1,-1,-1
934,259,270.12,207.99,44.47,23.39,0.4863,4,-1,-1
935,247,829.79,332.12,15.31,39.37,0.4688,1,-1,-1
935,248,1674.44,339.30,26.76,64.44,0.5804,1,-1,-1
935,249,815.61,329.32,12.08,30.25,0.3074,1,-1,-1
935,250,835.68,294.79,13.39,30.23,0.5631,1,-1,-1
935,251,847.02,339.21,12.12,30.93,0.5574,1,-1,-1
935,253,1441.12,239.61,10.22,20.75,0.3049,1,-1,-1
935,254,1434.13,239.97,10.03,19.88,0.2682,1,-1,-1
935,257,1681.09,342.41,26.75,62.31,0.4620,1,-1,-1
935,258,832.61,291.92,13.28,31.52,0.3372,1,-1,-1
935,259,269.55,207.67,45.02,23.63,0.3460,4,-1,-1
936,247,829.51,332.21,15.38,39.54,0.5166,1,-1,-1
936,248,1674.98,339.60,27.08,65.13,0.6179,1,-1,-1
936,249,815.42,329.27,12.65,31.38,0.3268,1,-1,-1
936,250,835.54,294.25,13.90,31.37,0.5670,1,-1,-1
936,251,847.02,339.26,12.12,30.61,0.5727,1,-1,-1
936,253,1440.60,239.60,10.31,20.91,0.3208,1,-1,-1
936,254,1434.19,239.98,10.19,20.10,0.2553,1,-1,-1
936,257,1682.60,343.14,27.06,62.22,0.4863,1,-1,-1
936,258,832.75,291.36,13.55,32.40,0.3849,1,-1,-1
936,259,269.19,207.43,45.52,23.84,0.2101,4,-1,-1
937,247,829.32,333.04,15.38,39.48,0.5283,1,-1,-1
937,248,1674.98,339.86,26.87,65.07,0.6105,1,-1,-1
937,249,815.36,329.53,13.32,32.86,0.3442,1,-1,-1
937,250,835.73,294.15,14.05,31.74,0.5631,1,-1,-1
937,251,846.96,339.56,12.26,30.67,0.5784,1,-1,-1
937,253,1440.26,239.83,10.18,20.70,0.3132,1,-1,-1
937,254,1434.22,240.24,10.15,19.91,0.2651,1,-1,-1
937,257,1682.17,343.19,27.71,62.28,0.2942,1,-1,-1
937,258,832.82,291.18,13.35,32.31,0.3442,1,-1,-1
937,259,269.01,207.49,44.73,23.38,0.1500,4,-1,-1
938,247,829.24,334.25,15.16,38.81,0.5283,1,-1,-1
938,248,1676.09,339.92,27.01,65.22,0.6086,1,-1,-1
938,249,815.45,330.16,13.33,32.74,0.3585,1,-1,-1
938,250,836.34,294.75,13.61,30.84,0.5496,1,-1,-1
938,251,847.12,339.75,12.15,30.10,0.5860,1,-1,-1
938,253,1440.01,239.87,10.04,20.46,0.2967,1,-1,-1
938,254,1434.32,240.55,10.03,19.50,0.2365,1,-1,-1
938,257,1681.92,342.71,28.64,62.58,0.3390,1,-1,-1
938,258,832.92,291.55,12.57,30.83,0.3007,1,-1,-1
938,259,268.67,207.18,45.01,23.48,0.2767,4,-1,-1
939,247,829.06,334.90,15.24,38.90,0.5516,1,-1,-1
939,248,1677.73,339.53,27.45,65.90,0.5917,1,-1,-1
939,249,814.87,331.12,14.34,35.30,0.3407,1,-1,-1
939,250,836.94,294.99,13.32,30.29,0.5467,1,-1,-1
939,251,847.13,339.75,12.22,30.02,0.5974,1,-1,-1
939,253,1439.52,239.76,10.01,20.47,0.3208,1,-1,-1
939,254,1434.40,240.54,10.07,19.39,0.1711,1,-1,-1
939,258,833.45,291.89,12.82,31.35,0.1307,1,-1,-1
939,259,268.15,206.98,45.56,23.69,0.3225,4,-1,-1
940,247,828.88,335.14,15.51,39.51,0.5860,1,-1,-1
940,248,1678.83,339.42,27.64,66.18,0.6197,1,-1,-1
940,249,813.00,335.97,15.83,39.37,0.5117,1,-1,-1
940,250,837.29,294.71,13.43,30.71,0.5535,1,-1,-1
940,251,846.94,339.69,12.57,30.65,0.5974,1,-1,-1
940,253,1439.41,239.69,9.98,20.47,0.3478,1,-1,-1
940,254,1434.44,240.38,10.13,19.34,0.1078,1,-1,-1
940,258,833.20,290.98,13.22,32.33,0.1109,1,-1,-1
940,259,267.79,207.14,45.80,23.68,0.2886,4,-1,-1
941,247,828.72,335.21,15.69,39.91,0.6011,1,-1,-1
941,248,1679.70,339.83,26.99,64.70,0.5765,1,-1,-1
941,249,812.21,337.08,16.54,41.62,0.5448,1,-1,-1
941,250,837.79,294.69,13.38,30.65,0.5784,1,-1,-1
941,251,846.83,339.76,12.85,31.18,0.5936,1,-1,-1
941,253,1439.45,239.78,9.97,20.56,0.3720,1,-1,-1
941,259,267.09,207.57,45.26,23.24,0.1418,4,-1,-1
942,247,828.22,335.41,15.78,39.97,0.5860,1,-1,-1
942,248,1680.79,339.75,27.07,64.96,0.6415,1,-1,-1
942,249,811.96,337.81,16.49,41.97,0.4591,1,-1,-1
942,250,838.11,294.63,13.32,30.53,0.5765,1,-1,-1
942,251,846.77,339.77,13.03,31.50,0.5784,1,-1,-1
942,253,1439.35,239.43,10.07,20.87,0.4158,1,-1,-1
942,259,265.94,207.48,45.96,23.55,0.3585,4,-1,-1
943,247,827.87,335.69,15.83,39.95,0.5651,1,-1,-1
943,248,1682.35,340.73,27.12,64.96,0.5146,1,-1,-1
943,249,812.31,340.79,15.39,39.35,0.4649,1,-1,-1
943,250,838.24,294.65,13.25,30.37,0.5955,1,-1,-1
943,251,846.77,339.92,13.07,31.59,0.5727,1,-1,-1
943,253,1439.31,239.24,9.89,20.60,0.3989,1,-1,-1
943,259,265.00,207.51,46.36,23.68,0.4216,4,-1,-1
944,247,827.53,336.43,15.88,39.87,0.5993,1,-1,-1
944,248,1684.08,341.37,27.06,64.29,0.5660,1,-1,-1
944,249,812.37,342.60,14.90,38.16,0.4951,1,-1,-1
944,250,838.40,294.63,13.25,30.37,0.6011,1,-1,-1
944,251,846.75,340.08,13.15,31.76,0.5487,1,-1,-1
944,253,1439.14,239.11,9.83,20.64,0.4064,1,-1,-1
944,259,262.39,207.36,46.03,23.70,0.3234,4,-1,-1
944,261,813.04,333.78,14.84,39.52,0.4893,1,-1,-1
945,247,827.34,336.69,16.04,40.12,0.6234,1,-1,-1
945,248,1685.80,342.07,26.90,63.68,0.6469,1,-1,-1
945,249,812.15,341.54,15.40,39.72,0.5438,1,-1,-1
945,250,838.43,294.43,13.48,30.78,0.6086,1,-1,-1
945,251,846.70,340.27,13.29,32.03,0.5283,1,-1,-1
945,253,1439.17,238.84,9.85,20.83,0.4273,1,-1,-1
945,259,260.20,207.30,45.12,23.54,0.4064,4,-1,-1
945,261,813.03,334.28,15.10,40.25,0.4902,1,-1,-1
946,247,827.15,336.87,16.11,40.12,0.6234,1,-1,-1
946,248,1687.12,341.49,27.28,64.40,0.6697,1,-1,-1
946,249,812.15,341.98,15.28,39.56,0.5708,1,-1,-1
946,250,838.52,294.36,13.59,30.97,0.6105,1,-1,-1
946,251,846.84,340.75,12.97,31.06,0.5127,1,-1,-1
946,253,1439.30,238.55,9.80,20.86,0.4388,1,-1,-1
946,259,260.92,207.42,44.71,23.34,0.4446,4,-1,-1
946,261,813.13,334.84,14.99,40.01,0.4815,1,-1,-1
947,247,826.86,337.12,16.23,40.39,0.6179,1,-1,-1
947,248,1688.88,341.08,27.55,64.82,0.6575,1,-1,-1
947,249,812.67,345.47,14.16,36.30,0.5804,1,-1,-1
947,250,838.69,294.30,13.58,30.94,0.6086,1,-1,-1
947,251,847.03,341.40,12.71,30.16,0.4571,1,-1,-1
947,253,1439.21,238.44,9.73,21.00,0.4533,1,-1,-1
947,259,261.81,207.89,44.15,22.98,0.4111,4,-1,-1
947,261,813.50,335.00,14.55,38.89,0.4620,1,-1,-1
947,262,1451.03,240.42,9.25,18.94,0.5000,1,-1,-1
948,247,826.89,337.53,16.61,41.38,0.6307,1,-1,-1
948,248,1690.26,340.99,28.06,65.45,0.6522,1,-1,-1
948,249,812.05,342.18,15.54,40.00,0.5746,1,-1,-1
948,250,839.24,294.86,13.49,30.87,0.6197,1,-1,-1
948,251,845.53,341.45,14.94,35.58,0.4455,1,-1,-1
948,253,1439.12,239.12,9.45,20.65,0.4168,1,-1,-1
948,262,1451.37,240.41,9.40,19.22,0.4678,1,-1,-1
949,247,826.60,337.76,17.05,42.51,0.6469,1,-1,-1
949,248,1691.58,341.94,28.30,65.50,0.6610,1,-1,-1
949,249,811.27,339.22,16.63,43.14,0.5746,1,-1,-1
949,250,839.50,295.10,13.49,31.02,0.6361,1,-1,-1
949,251,845.41,342.00,15.68,37.75,0.4980,1,-1,-1
949,253,1439.40,239.79,9.01,19.84,0.3621,1,-1,-1
949,262,1451.61,240.47,9.27,18.91,0.4045,1,-1,-1
950,247,826.55,338.27,17.16,42.92,0.6469,1,-1,-1
950,248,1693.25,342.25,29.24,66.32,0.7498,1,-1,-1
950,249,810.85,338.12,16.99,44.30,0.5842,1,-1,-1
950,250,839.81,295.29,13.52,31.14,0.6343,1,-1,-1
950,251,845.66,342.60,15.76,38.36,0.5341,1,-1,-1
950,253,1439.79,239.95,8.87,19.58,0.3612,1,-1,-1
950,262,1452.41,240.22,9.34,19.02,0.4036,1,-1,-1
951,247,826.58,338.67,17.27,43.24,0.6663,1,-1,-1
951,248,1694.53,342.91,30.26,67.11,0.6935,1,-1,-1
951,249,810.64,337.69,17.08,44.77,0.5554,1,-1,-1
951,250,840.00,295.32,13.48,31.06,0.6505,1,-1,-1
951,251,845.85,343.11,15.72,38.71,0.5525,1,-1,-1
951,253,1440.11,240.29,8.76,19.35,0.3612,1,-1,-1
951,262,1453.03,240.39,9.46,19.20,0.3748,1,-1,-1
952,247,826.55,338.88,17.48,43.87,0.6749,1,-1,-1
952,248,1696.65,343.20,31.36,67.84,0.7146,1,-1,-1
952,249,810.35,337.64,17.10,45.01,0.5708,1,-1,-1
952,250,840.04,295.18,13.55,31.20,0.6540,1,-1,-1
952,251,846.24,343.61,14.89,36.74,0.5746,1,-1,-1
952,253,1440.51,240.08,9.00,19.73,0.4102,1,-1,-1
952,262,1453.79,240.36,9.72,19.73,0.3989,1,-1,-1
953,247,826.37,339.01,17.58,44.26,0.6680,1,-1,-1
953,248,1697.51,344.04,32.24,68.53,0.7106,1,-1,-1
953,249,810.12,337.71,17.10,45.25,0.5955,1,-1,-1
953,250,840.10,295.10,13.59,31.27,0.6558,1,-1,-1
953,251,846.57,343.63,14.47,35.87,0.5784,1,-1,-1
953,253,1440.94,240.26,8.95,19.47,0.3720,1,-1,-1
953,262,1454.85,240.62,9.62,19.62,0.3495,1,-1,-1
954,247,826.52,339.41,17.36,43.74,0.6715,1,-1,-1
954,248,1698.95,344.85,32.09,67.50,0.6885,1,-1,-1
954,249,810.20,337.96,17.02,45.20,0.5823,1,-1,-1
954,250,840.34,295.14,13.55,31.10,0.6469,1,-1,-1
954,251,846.17,344.10,14.76,36.82,0.5804,1,-1,-1
954,253,1441.55,240.30,9.08,19.58,0.3970,1,-1,-1
954,262,1455.65,241.19,9.51,19.48,0.3567,1,-1,-1
955,247,826.43,340.14,17.06,43.16,0.6732,1,-1,-1
955,248,1700.43,345.18,32.43,67.42,0.7146,1,-1,-1
955,249,809.99,338.49,17.12,45.66,0.5322,1,-1,-1
955,250,840.66,295.14,13.62,31.13,0.6234,1,-1,-1
955,251,846.04,344.26,14.76,37.07,0.6011,1,-1,-1
955,253,1442.67,240.37,9.22,19.83,0.3504,1,-1,-1
955,262,1455.86,241.08,9.61,19.77,0.3140,1,-1,-1
956,247,826.33,341.55,16.53,41.99,0.6732,1,-1,-1
956,248,1702.13,345.83,32.43,66.70,0.7114,1,-1,-1
956,249,809.73,339.56,17.12,45.60,0.4980,1,-1,-1
956,250,840.92,295.11,13.84,31.41,0.6030,1,-1,-1
956,251,846.02,344.37,14.48,36.54,0.6086,1,-1,-1
956,253,1443.44,240.53,9.36,20.06,0.3576,1,-1,-1
956,262,1456.14,240.82,9.66,19.98,0.3132,1,-1,-1
957,247,826.27,342.17,16.48,42.07,0.6697,1,-1,-1
957,248,1704.74,346.26,32.94,66.82,0.7287,1,-1,-1
957,249,809.31,339.41,17.36,46.21,0.4340,1,-1,-1
957,250,840.92,295.18,13.93,31.38,0.6067,1,-1,-1
957,251,845.97,344.46,14.28,36.18,0.6197,1,-1,-1
957,253,1443.93,241.00,9.24,19.78,0.3024,1,-1,-1
957,262,1456.60,240.66,9.54,19.86,0.2295,1,-1,-1
958,247,825.98,342.08,16.76,42.98,0.6680,1,-1,-1
958,248,1707.23,346.96,33.07,66.63,0.7098,1,-1,-1
958,249,808.97,340.24,17.59,46.66,0.3739,1,-1,-1
958,250,840.95,294.94,14.04,31.31,0.6030,1,-1,-1
958,251,846.13,344.57,14.14,35.96,0.6234,1,-1,-1
958,253,1444.34,241.06,9.24,19.78,0.2854,1,-1,-1
958,262,1456.81,240.86,9.25,19.37,0.2069,1,-1,-1
959,247,825.84,342.03,17.05,44.00,0.6397,1,-1,-1
959,248,1709.65,347.43,33.55,67.28,0.7210,1,-1,-1
959,249,809.03,343.03,16.81,44.72,0.3381,1,-1,-1
959,250,840.98,295.21,14.14,31.31,0.5993,1,-1,-1
959,251,846.26,344.75,14.07,36.04,0.6067,1,-1,-1
959,253,1444.54,240.75,9.40,20.14,0.3478,1,-1,-1
959,262,1456.92,240.78,9.38,19.76,0.2697,1,-1,-1
960,247,825.45,341.94,17.36,44.90,0.6522,1,-1,-1
960,248,1712.38,348.22,33.93,67.79,0.6766,1,-1,-1
960,249,807.65,341.79,16.78,44.57,0.3486,1,-1,-1
960,250,841.03,295.07,14.19,31.20,0.5974,1,-1,-1
960,251,846.30,345.22,14.14,36.46,0.6252,1,-1,-1
960,253,1445.13,240.58,9.32,20.00,0.3666,1,-1,-1
960,262,1456.97,241.08,9.30,19.64,0.2838,1,-1,-1
961,247,825.03,341.52,17.72,46.06,0.6522,1,-1,-1
961,248,1714.29,348.34,34.52,68.86,0.6834,1,-1,-1
961,249,806.79,341.49,16.63,44.14,0.3630,1,-1,-1
961,250,840.92,295.02,14.28,31.26,0.5936,1,-1,-1
961,251,846.16,345.95,14.58,37.96,0.6011,1,-1,-1
961,253,1445.76,241.09,8.99,19.16,0.3675,1,-1,-1
961,262,1457.53,241.04,9.16,19.34,0.2751,1,-1,-1
962,247,824.70,341.42,17.83,46.63,0.6505,1,-1,-1
962,248,1717.26,349.01,34.32,68.95,0.7210,1,-1,-1
962,249,806.27,341.95,16.63,44.07,0.4600,1,-1,-1
962,250,840.90,294.99,14.47,31.58,0.6011,1,-1,-1
962,251,846.32,346.55,14.42,37.92,0.6197,1,-1,-1
962,253,1446.03,241.09,8.97,18.97,0.3840,1,-1,-1
962,262,1457.21,241.15,9.05,19.24,0.2846,1,-1,-1
963,247,824.46,340.97,18.40,48.06,0.6593,1,-1,-1
963,248,1720.73,350.34,33.41,67.95,0.6935,1,-1,-1
963,249,805.57,341.29,17.12,45.20,0.4436,1,-1,-1
963,250,840.18,294.14,15.31,33.16,0.6049,1,-1,-1
963,251,846.27,346.54,15.15,40.11,0.5993,1,-1,-1
963,253,1446.04,241.34,8.68,18.19,0.3115,1,-1,-1
963,262,1457.71,241.83,8.51,18.06,0.2934,1,-1,-1
963,264,1746.83,356.71,21.91,63.81,0.6252,1,-1,-1
964,247,824.55,341.82,18.39,48.11,0.6379,1,-1,-1
964,248,1723.59,351.59,33.02,67.86,0.7469,1,-1,-1
964,249,804.70,341.50,17.45,45.76,0.4282,1,-1,-1
964,250,840.10,293.99,15.56,33.51,0.6160,1,-1,-1
964,251,846.19,347.29,15.32,40.83,0.6105,1,-1,-1
964,253,1446.27,241.44,8.78,18.18,0.2309,1,-1,-1
964,262,1456.70,241.92,8.47,18.21,0.2444,1,-1,-1
964,264,1749.05,356.25,22.58,65.72,0.6424,1,-1,-1
965,247,824.50,342.87,18.39,48.43,0.6030,1,-1,-1
965,248,1726.14,351.93,33.25,69.03,0.7349,1,-1,-1
965,249,803.97,341.51,17.78,46.72,0.3594,1,-1,-1
965,250,840.29,294.15,15.46,33.15,0.6325,1,-1,-1
965,251,846.57,347.77,14.92,40.01,0.5746,1,-1,-1
965,253,1446.40,241.33,8.89,18.17,0.1761,1,-1,-1
965,262,1455.72,241.72,8.59,18.60,0.2553,1,-1,-1
965,264,1752.03,356.13,23.14,67.32,0.5964,1,-1,-1
966,247,824.67,344.87,17.75,47.11,0.5477,1,-1,-1
966,248,1728.97,351.99,33.33,69.96,0.7899,1,-1,-1
966,249,804.58,341.91,16.30,42.89,0.3594,1,-1,-1
966,250,840.79,294.63,14.88,31.79,0.6252,1,-1,-1
966,251,847.03,348.61,14.09,37.99,0.5263,1,-1,-1
966,253,1446.72,241.35,9.00,18.05,0.1466,1,-1,-1
966,264,1756.14,357.29,23.22,67.59,0.5516,1,-1,-1
967,247,824.42,345.87,17.44,46.56,0.5361,1,-1,-1
967,248,1732.32,353.22,33.23,70.58,0.7272,1,-1,-1
967,249,802.73,342.94,17.15,45.11,0.4017,1,-1,-1
967,250,840.80,294.68,14.97,31.92,0.6433,1,-1,-1
967,251,847.31,348.93,13.79,37.30,0.4990,1,-1,-1
967,264,1759.04,358.47,23.38,67.83,0.6697,1,-1,-1
968,247,824.37,346.48,17.34,46.52,0.5390,1,-1,-1
968,248,1735.26,353.78,33.14,71.08,0.7454,1,-1,-1
968,249,802.68,344.17,17.45,45.60,0.3812,1,-1,-1
968,250,840.64,294.91,15.29,32.64,0.6307,1,-1,-1
968,251,847.36,349.66,13.61,36.83,0.4844,1,-1,-1
968,264,1761.64,358.59,23.86,69.26,0.6142,1,-1,-1
969,247,823.82,348.00,17.48,46.45,0.5525,1,-1,-1
969,248,1738.64,354.09,33.14,71.74,0.7712,1,-1,-1
969,249,802.00,345.80,17.51,45.57,0.3666,1,-1,-1
969,250,840.40,294.89,15.65,33.36,0.6215,1,-1,-1
969,251,847.49,350.06,13.52,36.50,0.4727,1,-1,-1
969,264,1764.96,358.04,24.32,70.05,0.4244,1,-1,-1
970,247,823.51,349.19,17.45,45.81,0.5670,1,-1,-1
970,248,1741.92,353.66,33.45,73.44,0.7556,1,-1,-1
970,249,800.91,347.05,17.27,45.17,0.4263,1,-1,-1
970,250,840.48,294.91,15.88,33.90,0.6270,1,-1,-1
970,251,847.59,351.10,13.57,36.57,0.5312,1,-1,-1
970,264,1768.36,359.20,24.06,68.85,0.6775,1,-1,-1
971,247,823.32,349.52,17.70,45.81,0.5535,1,-1,-1
971,248,1745.20,354.48,33.15,73.26,0.6968,1,-1,-1
971,249,800.16,347.96,17.03,44.74,0.5010,1,-1,-1
971,250,840.40,294.98,16.15,34.53,0.6086,1,-1,-1
971,251,847.54,352.26,13.81,37.16,0.6325,1,-1,-1
971,264,1771.60,360.48,24.17,68.80,0.6334,1,-1,-1
972,247,823.88,350.13,17.53,45.17,0.5506,1,-1,-1
972,248,1749.26,354.72,33.15,73.83,0.7513,1,-1,-1
972,249,799.74,349.70,16.53,43.65,0.5477,1,-1,-1
972,250,840.31,295.37,16.23,34.54,0.6086,1,-1,-1
972,251,847.40,352.95,13.95,37.59,0.6049,1,-1,-1
972,264,1775.25,360.86,24.63,70.03,0.5429,1,-1,-1
973,247,822.96,350.51,17.73,45.32,0.5631,1,-1,-1
973,248,1752.79,355.41,32.96,74.03,0.7334,1,-1,-1
973,249,799.63,350.43,16.54,43.69,0.5554,1,-1,-1
973,250,840.25,295.78,16.29,34.48,0.6179,1,-1,-1
973,251,847.24,353.63,14.08,38.03,0.6343,1,-1,-1
973,264,1778.84,360.90,25.22,71.51,0.5254,1,-1,-1
974,247,822.13,350.81,18.04,46.06,0.4893,1,-1,-1
974,248,1756.17,355.69,33.19,75.14,0.7241,1,-1,-1
974,249,799.35,350.98,16.84,44.44,0.5593,1,-1,-1
974,250,839.78,295.64,16.67,35.01,0.6142,1,-1,-1
974,251,847.31,353.96,14.02,37.94,0.6307,1,-1,-1
974,264,1782.37,362.72,24.76,70.06,0.6361,1,-1,-1
975,247,819.34,350.27,18.36,46.92,0.5612,1,-1,-1
975,248,1760.07,356.99,32.80,74.70,0.7017,1,-1,-1
975,249,798.40,350.67,17.46,45.81,0.6105,1,-1,-1
975,250,839.27,295.20,17.21,35.81,0.6179,1,-1,-1
975,251,847.03,354.10,14.18,38.38,0.6522,1,-1,-1
975,264,1786.10,364.04,24.32,68.84,0.3775,1,-1,-1
976,247,818.38,350.23,18.92,48.16,0.5955,1,-1,-1
976,248,1764.84,358.01,32.23,73.91,0.6540,1,-1,-1
976,249,797.22,350.56,18.18,47.23,0.5974,1,-1,-1
976,250,839.19,295.27,17.39,35.97,0.6197,1,-1,-1
976,251,846.78,354.43,14.16,38.33,0.6540,1,-1,-1
976,264,1790.53,364.78,24.71,69.98,0.5351,1,-1,-1
977,247,817.48,350.23,19.48,49.37,0.5765,1,-1,-1
977,248,1768.68,358.22,32.47,75.09,0.6800,1,-1,-1
977,249,795.48,351.51,18.25,47.07,0.5955,1,-1,-1
977,250,839.27,295.41,17.47,35.96,0.6252,1,-1,-1
977,251,846.36,355.04,14.23,38.52,0.6397,1,-1,-1
977,264,1793.75,365.04,24.96,70.85,0.6316,1,-1,-1
978,247,816.59,350.10,19.95,50.56,0.6160,1,-1,-1
978,248,1772.88,358.69,33.08,77.33,0.6935,1,-1,-1
978,249,794.29,352.27,18.55,47.67,0.5879,1,-1,-1
978,250,840.19,296.28,17.20,35.68,0.5993,1,-1,-1
978,251,845.82,356.15,14.58,39.23,0.6151,1,-1,-1
978,264,1798.17,365.18,25.22,71.71,0.5927,1,-1,-1
979,247,816.24,350.58,20.09,50.95,0.6049,1,-1,-1
979,248,1776.83,360.18,32.74,76.55,0.7058,1,-1,-1
979,249,793.50,353.18,18.65,47.67,0.5860,1,-1,-1
979,250,840.62,296.26,17.07,35.73,0.6123,1,-1,-1
979,251,845.45,356.69,15.13,40.60,0.6451,1,-1,-1
979,264,1801.68,366.22,25.64,72.24,0.5332,1,-1,-1
979,265,1495.20,193.03,19.72,12.38,0.5574,4,-1,-1
980,247,815.45,350.80,20.78,52.96,0.5784,1,-1,-1
980,248,1781.39,361.60,32.40,76.12,0.7114,1,-1,-1
980,249,792.91,353.87,19.38,49.27,0.5974,1,-1,-1
980,250,840.87,295.99,17.00,35.89,0.6067,1,-1,-1
980,251,845.00,358.17,15.39,41.40,0.6406,1,-1,-1
980,264,1806.34,368.23,25.11,70.16,0.6160,1,-1,-1
980,265,1495.68,193.15,19.51,12.24,0.5670,4,-1,-1
981,247,814.68,351.84,21.12,53.95,0.5689,1,-1,-1
981,248,1785.75,363.48,32.03,75.82,0.7334,1,-1,-1
981,249,792.02,354.50,19.99,50.56,0.6252,1,-1,-1
981,250,841.27,295.73,16.90,36.05,0.6049,1,-1,-1
981,251,844.68,359.32,15.64,42.21,0.6334,1,-1,-1
981,264,1810.56,369.08,25.33,70.54,0.3320,1,-1,-1
981,265,1496.13,193.37,19.39,12.15,0.5554,4,-1,-1
982,247,814.37,353.13,21.03,53.81,0.5708,1,-1,-1
982,248,1790.29,364.51,31.91,75.74,0.7114,1,-1,-1
982,249,791.67,355.16,19.84,49.87,0.6011,1,-1,-1
982,250,842.73,297.31,15.98,34.53,0.5603,1,-1,-1
982,251,844.69,359.74,15.34,41.54,0.6114,1,-1,-1
982,264,1815.39,369.32,25.91,72.51,0.6442,1,-1,-1
982,265,1496.32,193.41,19.40,12.12,0.5535,4,-1,-1
983,247,814.11,355.03,20.38,52.36,0.5784,1,-1,-1
983,248,1794.38,365.42,32.36,76.97,0.7241,1,-1,-1
983,249,791.40,355.71,19.97,49.87,0.5860,1,-1,-1
983,250,844.22,299.23,15.08,32.89,0.5784,1,-1,-1
983,251,844.59,360.38,15.27,41.54,0.6151,1,-1,-1
983,264,1820.03,370.23,26.28,73.60,0.5908,1,-1,-1
983,265,1496.44,193.25,19.74,12.32,0.6011,4,-1,-1
983,266,1424.76,182.92,48.53,21.34,0.5156,6,-1,-1
984,247,813.09,355.72,20.43,52.26,0.6252,1,-1,-1
984,248,1799.42,365.67,32.47,77.49,0.7349,1,-1,-1
984,249,790.87,356.37,20.31,50.38,0.6234,1,-1,-1
984,250,844.68,299.60,14.84,32.63,0.5784,1,-1,-1
984,251,843.19,360.61,16.38,44.76,0.6505,1,-1,-1
984,264,1823.69,370.60,26.88,74.36,0.4756,1,-1,-1
984,265,1496.89,193.41,19.52,12.16,0.6142,4,-1,-1
984,266,1425.26,183.16,48.17,21.19,0.5429,6,-1,-1
985,247,812.80,355.41,21.76,55.19,0.7066,1,-1,-1
985,248,1803.59,365.86,32.45,78.04,0.7225,1,-1,-1
985,249,790.17,357.03,20.98,51.67,0.6270,1,-1,-1
985,250,844.80,299.78,14.64,32.34,0.4932,1,-1,-1
985,251,842.34,361.24,16.84,46.06,0.6868,1,-1,-1
985,264,1827.31,371.52,27.23,74.56,0.4698,1,-1,-1
985,265,1496.87,193.16,19.89,12.38,0.5516,4,-1,-1
985,266,1425.81,183.00,48.02,21.14,0.4513,6,-1,-1
986,247,812.52,356.18,22.07,55.59,0.7033,1,-1,-1
986,248,1808.64,365.75,32.94,79.68,0.7469,1,-1,-1
986,249,789.76,357.34,21.46,52.79,0.6487,1,-1,-1
986,250,844.17,299.14,15.09,33.56,0.5908,1,-1,-1
986,251,842.15,362.34,16.31,44.74,0.6984,1,-1,-1
986,264,1832.05,373.08,27.21,74.23,0.2220,1,-1,-1
986,265,1497.58,193.37,19.34,12.07,0.5535,4,-1,-1
986,266,1426.23,183.38,47.29,20.79,0.4620,6,-1,-1
987,247,811.99,357.07,22.28,56.02,0.6800,1,-1,-1
987,248,1813.24,367.15,33.15,80.55,0.7194,1,-1,-1
987,249,789.32,360.43,21.31,52.46,0.6234,1,-1,-1
987,250,844.40,299.55,15.13,33.89,0.5955,1,-1,-1
987,251,841.85,363.25,15.80,43.36,0.6783,1,-1,-1
987,264,1836.36,375.12,27.43,74.08,0.6225,1,-1,-1
987,265,1497.87,193.36,19.16,11.95,0.4961,4,-1,-1
987,266,1425.86,183.07,48.09,21.10,0.2894,6,-1,-1
988,247,811.39,359.06,21.66,54.50,0.6783,1,-1,-1
988,248,1818.59,368.87,33.39,81.08,0.7454,1,-1,-1
988,249,789.12,360.35,21.42,52.70,0.6451,1,-1,-1
988,250,844.73,300.31,15.03,33.88,0.6415,1,-1,-1
988,251,841.67,364.18,15.58,42.64,0.6935,1,-1,-1
988,264,1842.19,375.22,27.83,75.20,0.3372,1,-1,-1
988,265,1498.13,193.49,18.85,11.74,0.5107,4,-1,-1
988,266,1426.12,183.06,48.57,21.25,0.2524,9,-1,-1
989,247,811.11,360.41,21.27,53.52,0.7033,1,-1,-1
989,248,1823.66,370.43,33.39,81.00,0.7542,1,-1,-1
989,249,788.74,360.37,21.25,52.14,0.6343,1,-1,-1
989,250,844.92,300.64,14.92,33.89,0.6451,1,-1,-1
989,251,841.35,364.99,15.24,41.44,0.6984,1,-1,-1
989,264,1847.96,375.22,29.13,77.96,0.2069,1,-1,-1
989,265,1497.65,192.92,19.59,12.19,0.4168,4,-1,-1
989,266,1426.18,182.87,49.33,21.52,0.2006,9,-1,-1
990,247,810.98,361.27,20.97,52.90,0.6951,1,-1,-1
990,248,1828.80,371.11,33.62,81.92,0.7256,1,-1,-1
990,249,788.38,361.30,21.18,52.02,0.6252,1,-1,-1
990,250,845.20,301.18,14.79,33.78,0.6540,1,-1,-1
990,251,840.87,365.55,15.22,41.13,0.6968,1,-1,-1
990,264,1851.58,377.59,29.17,77.07,0.3390,1,-1,-1
990,265,1497.54,192.68,19.94,12.35,0.3895,4,-1,-1
990,266,1425.54,182.30,50.25,21.84,0.1871,9,-1,-1
991,247,810.98,362.22,20.84,52.78,0.6783,1,-1,-1
991,248,1834.49,372.73,33.58,81.78,0.7272,1,-1,-1
991,249,787.31,361.80,21.02,52.17,0.6610,1,-1,-1
991,250,845.44,301.80,14.62,33.53,0.6522,1,-1,-1
991,251,840.67,366.09,15.56,41.99,0.6951,1,-1,-1
991,264,1856.68,378.43,29.51,77.01,0.2720,1,-1,-1
991,265,1498.00,192.59,19.85,12.33,0.3433,4,-1,-1
991,266,1426.55,182.06,48.95,21.15,0.1112,6,-1,-1
992,247,810.86,361.79,21.25,54.01,0.6505,1,-1,-1
992,248,1839.81,373.71,33.73,82.12,0.6984,1,-1,-1
992,249,786.60,362.08,20.95,52.72,0.6487,1,-1,-1
992,250,845.60,302.15,14.54,33.45,0.6628,1,-1,-1
992,251,840.24,366.81,16.04,43.24,0.6885,1,-1,-1
992,264,1860.10,380.59,29.87,76.29,0.5176,1,-1,-1
992,265,1497.47,192.35,19.82,12.35,0.3346,4,-1,-1
993,247,810.40,361.83,21.92,56.08,0.6289,1,-1,-1
993,248,1845.50,374.86,33.90,82.28,0.7130,1,-1,-1
993,249,786.17,365.39,19.83,50.82,0.5936,1,-1,-1
993,250,845.46,301.66,14.56,33.61,0.6522,1,-1,-1
993,251,839.60,368.02,16.49,44.35,0.6935,1,-1,-1
993,264,1867.42,380.41,30.37,78.66,0.3621,1,-1,-1
993,265,1496.49,191.76,20.22,12.67,0.2822,4,-1,-1
994,247,809.98,362.42,21.83,56.23,0.6142,1,-1,-1
994,248,1850.16,375.70,34.25,83.52,0.7050,1,-1,-1
994,249,786.07,368.27,18.81,48.75,0.5293,1,-1,-1
994,250,845.45,301.63,14.66,33.94,0.6558,1,-1,-1
994,251,839.17,368.77,16.71,44.71,0.6817,1,-1,-1
994,264,1873.14,382.81,29.82,76.88,0.5039,1,-1,-1
994,265,1496.70,191.65,20.07,12.58,0.2344,4,-1,-1
994,269,841.63,299.14,17.50,36.43,0.4659,1,-1,-1
995,247,809.58,363.39,21.42,55.68,0.6049,1,-1,-1
995,248,1855.66,378.03,33.94,82.78,0.6918,1,-1,-1
995,249,785.67,368.57,19.04,49.97,0.5860,1,-1,-1
995,250,845.40,301.42,15.00,34.91,0.6628,1,-1,-1
995,251,838.29,369.82,16.81,44.59,0.6766,1,-1,-1
995,264,1879.28,383.71,29.72,77.01,0.2934,1,-1,-1
995,265,1496.16,191.18,20.76,12.90,0.2018,4,-1,-1
995,269,841.35,299.00,17.94,37.39,0.4562,1,-1,-1
996,247,809.84,364.02,21.46,55.71,0.5936,1,-1,-1
996,248,1860.88,377.63,34.25,83.90,0.6628,1,-1,-1
996,249,785.20,368.50,19.43,51.76,0.6067,1,-1,-1
996,250,845.35,301.43,15.18,35.60,0.6558,1,-1,-1
996,251,837.56,371.10,17.01,44.95,0.6834,1,-1,-1
996,264,1885.41,385.96,28.74,73.51,0.1993,1,-1,-1
996,265,1495.86,190.70,21.31,13.25,0.1755,4,-1,-1
996,269,841.05,299.28,18.13,37.86,0.4727,1,-1,-1
997,247,809.15,366.08,21.41,55.39,0.6142,1,-1,-1
997,248,1866.69,377.77,34.83,85.38,0.7334,1,-1,-1
997,249,784.72,373.24,18.41,49.60,0.5496,1,-1,-1
997,250,845.31,301.19,15.29,36.11,0.6610,1,-1,-1
997,251,837.35,371.96,17.48,46.38,0.6663,1,-1,-1
997,264,1892.58,386.48,29.24,76.61,0.4263,1,-1,-1
997,265,1495.70,190.44,22.00,13.60,0.1767,4,-1,-1
997,269,840.75,299.23,18.27,38.19,0.4707,1,-1,-1
998,247,808.91,367.20,21.49,55.79,0.5879,1,-1,-1
998,248,1872.68,378.89,35.32,86.60,0.7318,1,-1,-1
998,249,785.06,379.92,16.51,44.43,0.4854,1,-1,-1
998,250,845.27,300.95,15.48,36.78,0.6593,1,-1,-1
998,251,837.76,373.15,17.01,45.10,0.6800,1,-1,-1
998,265,1496.61,190.39,22.12,13.77,0.1510,4,-1,-1
998,269,840.74,299.42,18.57,38.75,0.4378,1,-1,-1
999,247,808.65,367.55,21.84,56.75,0.6160,1,-1,-1
999,248,1879.23,380.00,35.74,86.53,0.7718,1,-1,-1
999,249,783.33,373.79,19.20,52.20,0.5554,1,-1,-1
999,250,845.18,300.83,15.63,37.36,0.6610,1,-1,-1
999,251,837.62,374.78,16.46,43.52,0.6935,1,-1,-1
999,265,1496.85,190.13,22.45,14.06,0.1727,4,-1,-1
999,269,840.57,299.42,18.87,39.26,0.4407,1,-1,-1
1000,247,808.86,368.09,22.05,57.08,0.5955,1,-1,-1
1000,248,1883.66,380.54,36.47,88.60,0.7564,1,-1,-1
1000,249,782.99,371.14,20.02,54.65,0.5341,1,-1,-1
1000,250,845.23,301.32,15.40,37.06,0.6343,1,-1,-1
1000,251,837.30,376.03,16.36,43.26,0.6901,1,-1,-1
1000,265,1497.11,190.19,22.31,14.10,0.1480,4,-1,-1
1000,269,840.19,299.85,18.83,39.12,0.3951,1,-1,-1
1001,247,808.46,370.18,21.23,54.57,0.5651,1,-1,-1
1001,248,1887.71,381.05,36.46,90.45,0.6851,1,-1,-1
1001,249,783.60,370.81,19.61,53.85,0.5039,1,-1,-1
1001,250,845.53,301.88,14.96,36.21,0.6343,1,-1,-1
1001,251,837.41,376.89,16.17,42.84,0.6766,1,-1,-1
1001,265,1496.73,189.82,22.70,14.48,0.1059,4,-1,-1
1001,269,840.62,300.08,18.32,38.42,0.4273,1,-1,-1
1002,247,808.21,369.79,20.48,52.38,0.5506,1,-1,-1
1002,248,1890.67,380.55,36.52,93.94,0.4912,1,-1,-1
1002,249,783.87,371.15,18.73,51.70,0.4941,1,-1,-1
1002,250,845.76,302.34,14.68,35.72,0.6451,1,-1,-1
1002,251,836.81,378.30,16.35,43.29,0.6868,1,-1,-1
1002,269,839.86,299.92,18.21,38.40,0.4824,1,-1,-1
1003,247,808.35,370.98,21.17,54.68,0.5029,1,-1,-1
1003,249,783.33,372.28,18.50,51.08,0.4426,1,-1,-1
1003,250,845.42,302.45,15.04,36.86,0.6289,1,-1,-1
1003,251,836.20,379.13,17.01,45.04,0.7146,1,-1,-1
1003,269,840.44,299.79,18.64,39.65,0.5283,1,-1,-1
1003,271,804.15,374.27,20.58,54.01,0.4971,1,-1,-1
1004,247,807.03,373.46,21.76,55.17,0.1180,1,-1,-1
1004,249,780.50,374.12,19.88,54.52,0.3905,1,-1,-1
1004,250,845.55,302.61,15.01,36.92,0.6325,1,-1,-1
1004,251,835.48,379.56,17.62,46.79,0.7033,1,-1,-1
1004,269,840.82,299.74,18.56,39.84,0.4990,1,-1,-1
1004,271,802.81,374.65,21.31,55.89,0.5293,1,-1,-1
1004,272,837.46,299.37,14.57,39.92,0.4504,1,-1,-1
1005,249,778.53,375.70,20.87,56.81,0.5487,1,-1,-1
1005,250,845.69,302.46,15.18,37.31,0.6451,1,-1,-1
1005,251,834.82,380.17,18.14,48.23,0.6984,1,-1,-1
1005,269,840.54,299.38,18.78,40.50,0.5195,1,-1,-1
1005,271,802.87,373.82,22.36,58.47,0.5670,1,-1,-1
1005,272,837.20,299.11,14.81,40.61,0.4902,1,-1,-1
1006,249,777.75,376.15,21.22,57.18,0.5293,1,-1,-1
1006,250,845.72,302.53,15.20,37.29,0.6610,1,-1,-1
1006,251,834.38,381.06,18.08,48.06,0.6868,1,-1,-1
1006,269,840.75,299.29,18.72,40.68,0.5195,1,-1,-1
1006,271,801.96,376.28,22.24,58.01,0.6067,1,-1,-1
1006,272,837.02,299.10,14.88,40.84,0.4824,1,-1,-1
1007,249,777.55,377.04,20.97,56.55,0.5146,1,-1,-1
1007,250,846.01,303.13,14.98,36.74,0.6379,1,-1,-1
1007,251,833.62,382.10,18.49,49.40,0.6645,1,-1,-1
1007,269,840.34,299.33,18.47,40.63,0.4873,1,-1,-1
1007,271,801.01,377.69,22.55,58.67,0.5842,1,-1,-1
1007,272,836.43,299.06,14.73,40.54,0.4717,1,-1,-1
1008,249,775.37,378.45,21.95,58.93,0.5936,1,-1,-1
1008,250,846.43,304.14,14.65,35.70,0.6142,1,-1,-1
1008,251,833.11,383.03,18.53,49.47,0.6834,1,-1,-1
1008,271,799.62,377.87,23.51,61.02,0.6215,1,-1,-1
1008,272,838.03,299.54,14.76,40.43,0.5263,1,-1,-1
1009,249,773.80,379.88,22.24,59.57,0.4844,1,-1,-1
1009,250,846.76,305.07,14.45,34.97,0.5936,1,-1,-1
1009,251,832.64,384.03,18.45,49.16,0.6715,1,-1,-1
1009,271,798.35,378.47,23.82,61.86,0.5936,1,-1,-1
1009,272,838.08,299.87,14.76,40.36,0.5107,1,-1,-1
1009,269,839.71,299.94,17.97,40.08,0.4600,1,-1,-1
1010,249,771.61,381.66,22.06,58.49,0.5254,1,-1,-1
1010,250,847.65,306.80,13.84,33.41,0.5936,1,-1,-1
1010,251,832.14,384.41,18.44,49.11,0.6215,1,-1,-1
1010,271,797.71,378.88,23.62,61.31,0.5898,1,-1,-1
1010,272,837.99,300.78,14.47,39.52,0.4951,1,-1,-1
1010,269,842.98,302.77,16.79,37.61,0.3886,1,-1,-1
1011,249,769.85,383.23,22.56,59.68,0.5993,1,-1,-1
1011,250,847.73,307.99,13.47,32.49,0.5917,1,-1,-1
1011,251,831.34,385.96,18.15,48.23,0.6067,1,-1,-1
1011,271,796.89,379.60,23.77,61.74,0.6215,1,-1,-1
1011,272,837.87,302.14,14.02,38.28,0.4407,1,-1,-1
1012,249,768.69,383.87,23.12,60.95,0.6252,1,-1,-1
1012,250,847.57,308.74,13.30,32.06,0.5917,1,-1,-1
1012,251,830.38,387.91,18.22,48.44,0.6397,1,-1,-1
1012,271,796.24,380.82,23.89,61.98,0.6343,1,-1,-1
1012,272,837.96,304.62,13.25,36.11,0.4254,1,-1,-1
1013,249,767.27,384.41,23.23,60.72,0.6179,1,-1,-1
1013,250,847.50,309.12,13.45,32.40,0.6030,1,-1,-1
1013,251,829.52,389.09,19.20,51.24,0.6451,1,-1,-1
1013,271,796.07,382.34,23.80,61.35,0.6487,1,-1,-1
1013,272,838.00,305.85,13.02,35.46,0.4149,1,-1,-1
1014,249,766.56,385.15,23.35,61.28,0.5176,1,-1,-1
1014,250,847.65,309.32,13.68,33.00,0.6123,1,-1,-1
1014,251,828.74,390.25,19.58,52.42,0.6645,1,-1,-1
1014,271,795.15,384.18,23.76,60.77,0.6531,1,-1,-1
1014,272,837.77,306.13,12.93,35.22,0.4292,1,-1,-1
1015,249,765.37,388.70,23.33,61.03,0.5603,1,-1,-1
1015,250,847.57,309.49,13.83,33.34,0.6179,1,-1,-1
1015,251,827.63,391.74,19.72,52.75,0.6610,1,-1,-1
1015,271,793.52,384.21,24.63,62.76,0.6522,1,-1,-1
1015,272,837.40,303.92,13.64,37.02,0.3914,1,-1,-1
1016,249,764.20,388.82,24.26,63.71,0.4980,1,-1,-1
1016,250,847.33,309.50,14.01,33.63,0.6289,1,-1,-1
1016,251,826.66,393.55,19.78,52.78,0.6749,1,-1,-1
1016,271,792.65,384.86,25.10,63.74,0.6575,1,-1,-1
1016,272,837.35,302.93,13.89,37.45,0.3711,1,-1,-1
1016,274,1489.15,242.83,10.32,19.72,0.4698,1,-1,-1
1017,249,764.13,392.13,24.17,63.91,0.4494,1,-1,-1
1017,250,847.31,309.37,14.07,33.60,0.6343,1,-1,-1
1017,251,826.13,395.03,19.34,51.17,0.6817,1,-1,-1
1017,271,791.84,386.77,25.08,63.53,0.6697,1,-1,-1
1017,272,837.45,302.37,13.82,37.01,0.3933,1,-1,-1
1017,274,1490.49,244.42,9.75,18.64,0.4707,1,-1,-1
1018,249,763.72,395.10,23.31,61.92,0.4854,1,-1,-1
1018,250,847.51,309.50,14.08,33.50,0.6325,1,-1,-1
1018,251,825.14,396.75,19.34,50.80,0.7017,1,-1,-1
1018,271,790.67,388.90,24.96,62.99,0.6800,1,-1,-1
1018,272,834.30,300.03,13.95,37.23,0.4620,1,-1,-1
1018,274,1491.68,244.92,9.66,18.46,0.3821,1,-1,-1
1019,249,763.11,400.53,22.15,58.53,0.4727,1,-1,-1
1019,250,847.44,309.93,14.23,33.78,0.6628,1,-1,-1
1019,251,824.46,398.14,19.65,51.29,0.7162,1,-1,-1
1019,271,789.65,391.64,24.94,62.42,0.6505,1,-1,-1
1019,272,833.06,299.27,14.45,38.62,0.4678,1,-1,-1
1019,274,1492.57,245.00,9.63,18.47,0.3961,1,-1,-1
1020,249,764.78,403.90,20.25,53.74,0.4600,1,-1,-1
1020,250,847.51,310.38,14.10,33.52,0.6487,1,-1,-1
1020,251,824.09,399.45,19.52,50.71,0.6918,1,-1,-1
1020,271,788.28,393.89,24.69,61.77,0.6011,1,-1,-1
1020,272,832.78,299.41,13.76,36.88,0.4321,1,-1,-1
1020,274,1492.73,244.46,9.86,18.98,0.4465,1,-1,-1
1021,249,762.36,402.35,21.47,56.70,0.5670,1,-1,-1
1021,250,847.53,310.90,13.97,33.27,0.6522,1,-1,-1
1021,251,822.69,399.96,20.15,52.47,0.7178,1,-1,-1
1021,271,786.87,395.92,24.72,62.10,0.5936,1,-1,-1
1021,272,832.18,300.00,14.24,38.52,0.4678,1,-1,-1
1021,274,1493.27,244.71,9.82,19.00,0.4007,1,-1,-1
1022,249,759.00,401.97,22.61,58.92,0.6179,1,-1,-1
1022,250,847.59,311.32,13.93,33.18,0.6628,1,-1,-1
1022,251,821.37,401.17,20.44,53.30,0.7050,1,-1,-1
1022,271,786.24,396.60,25.18,63.20,0.5974,1,-1,-1
1022,272,832.01,300.29,14.30,38.96,0.4737,1,-1,-1
1022,274,1493.84,245.15,9.93,19.23,0.2553,1,-1,-1
1023,249,756.95,400.69,24.00,62.21,0.6343,1,-1,-1
1023,250,847.32,311.03,14.19,33.57,0.6817,1,-1,-1
1023,251,820.62,402.27,20.39,53.22,0.6732,1,-1,-1
1023,271,785.84,396.70,25.73,64.30,0.6361,1,-1,-1
1023,272,831.52,301.36,14.64,40.00,0.4951,1,-1,-1
1023,274,1494.53,245.61,9.80,18.81,0.1667,1,-1,-1
1024,249,755.57,400.14,24.98,64.56,0.6610,1,-1,-1
1024,250,847.17,310.92,14.44,33.97,0.6680,1,-1,-1
1024,251,819.73,403.45,20.33,53.13,0.6540,1,-1,-1
1024,271,784.79,398.56,26.28,65.82,0.5964,1,-1,-1
1024,272,831.51,302.09,14.92,40.89,0.4873,1,-1,-1
1025,249,754.05,400.48,25.68,66.52,0.6361,1,-1,-1
1025,250,846.97,311.40,14.65,34.34,0.6628,1,-1,-1
1025,251,818.95,405.31,20.63,53.93,0.6834,1,-1,-1
1025,271,784.17,399.74,26.76,67.19,0.6522,1,-1,-1
1025,272,831.50,302.98,14.86,40.72,0.5166,1,-1,-1
1026,249,753.28,401.35,25.99,67.89,0.5708,1,-1,-1
1026,250,846.97,312.64,14.48,33.95,0.6697,1,-1,-1
1026,251,817.25,407.06,20.75,54.05,0.6086,1,-1,-1
1026,271,783.17,400.95,26.39,66.75,0.6487,1,-1,-1
1026,272,831.56,303.88,14.73,40.39,0.5127,1,-1,-1
1026,274,1498.63,244.92,10.12,19.61,0.4893,1,-1,-1
1027,249,751.87,402.35,26.26,68.88,0.6067,1,-1,-1
1027,250,847.10,313.60,14.36,33.67,0.6663,1,-1,-1
1027,251,816.73,408.87,21.30,55.67,0.6602,1,-1,-1
1027,271,782.00,402.37,26.84,68.36,0.6415,1,-1,-1
1027,272,831.52,304.39,14.63,40.13,0.5322,1,-1,-1
1027,274,1499.74,244.63,10.54,20.40,0.4873,1,-1,-1
1028,249,751.02,404.41,26.42,69.61,0.6469,1,-1,-1
1028,250,846.50,313.64,14.84,34.79,0.6715,1,-1,-1
1028,251,816.01,411.11,21.14,55.08,0.7017,1,-1,-1
1028,271,780.99,403.44,27.05,68.94,0.6645,1,-1,-1
1028,272,831.19,305.16,15.09,41.52,0.5727,1,-1,-1
1028,274,1501.39,244.74,10.31,19.91,0.4766,1,-1,-1
1029,249,749.49,406.21,26.98,71.21,0.6487,1,-1,-1
1029,250,846.38,313.72,15.22,35.65,0.6680,1,-1,-1
1029,251,814.98,413.29,20.99,54.41,0.7130,1,-1,-1
1029,271,780.38,404.88,27.49,70.05,0.6540,1,-1,-1
1029,272,831.18,305.70,15.27,42.03,0.6252,1,-1,-1
1029,274,1502.66,245.04,10.26,19.86,0.4785,1,-1,-1
1030,249,748.04,407.41,27.02,71.10,0.5964,1,-1,-1
1030,250,846.26,313.48,15.78,37.02,0.6540,1,-1,-1
1030,251,813.58,414.76,21.67,55.88,0.7082,1,-1,-1
1030,271,779.18,406.81,27.98,71.29,0.7001,1,-1,-1
1030,272,831.25,305.84,15.73,43.29,0.6234,1,-1,-1
1030,274,1503.43,245.17,10.58,20.66,0.4083,1,-1,-1
1031,249,746.35,408.71,26.85,70.82,0.6206,1,-1,-1
1031,250,846.09,313.79,16.19,38.08,0.6505,1,-1,-1
1031,251,812.67,417.01,21.71,55.49,0.6851,1,-1,-1
1031,271,777.97,408.27,28.56,72.82,0.6558,1,-1,-1
1031,272,831.16,305.91,15.94,43.99,0.6325,1,-1,-1
1031,274,1504.02,245.20,10.65,21.04,0.3407,1,-1,-1
1032,249,745.42,409.89,27.38,72.42,0.6039,1,-1,-1
1032,250,845.82,313.59,16.56,39.22,0.6487,1,-1,-1
1032,251,812.00,419.26,21.96,55.90,0.6984,1,-1,-1
1032,271,776.19,409.36,29.17,74.24,0.7334,1,-1,-1
1032,272,831.13,306.11,15.84,43.84,0.6252,1,-1,-1
1032,274,1504.66,245.55,10.56,21.11,0.3895,1,-1,-1
1033,249,744.40,411.82,27.85,73.67,0.6433,1,-1,-1
1033,250,845.64,313.79,16.51,39.23,0.6663,1,-1,-1
1033,251,811.05,421.26,22.29,56.53,0.7303,1,-1,-1
1033,271,775.27,411.07,29.25,73.92,0.7082,1,-1,-1
1033,272,831.07,306.35,15.72,43.66,0.6252,1,-1,-1
1033,274,1505.37,245.86,10.48,21.12,0.3372,1,-1,-1
1034,249,742.77,413.71,27.93,73.96,0.6433,1,-1,-1
1034,250,845.56,313.94,16.45,39.25,0.6697,1,-1,-1
1034,251,810.47,422.70,22.45,56.99,0.7379,1,-1,-1
1034,271,774.38,413.77,28.95,72.79,0.6732,1,-1,-1
1034,272,830.76,306.61,15.68,43.81,0.6197,1,-1,-1
1034,274,1506.10,245.86,10.48,21.08,0.1907,1,-1,-1
1035,249,741.31,416.15,27.78,73.59,0.6766,1,-1,-1
1035,250,845.52,314.11,16.48,39.46,0.6834,1,-1,-1
1035,251,809.31,424.12,23.03,58.42,0.7364,1,-1,-1
1035,271,773.30,417.02,29.25,73.54,0.6671,1,-1,-1
1035,272,830.85,306.59,15.10,42.01,0.6433,1,-1,-1
1035,274,1506.47,246.46,10.49,20.99,0.1854,1,-1,-1
1036,249,740.98,418.66,27.52,73.13,0.6487,1,-1,-1
1036,250,845.51,314.50,16.27,39.04,0.6935,1,-1,-1
1036,251,808.03,425.40,23.41,59.46,0.7364,1,-1,-1
1036,271,772.75,419.86,28.45,71.28,0.6169,1,-1,-1
1036,272,830.61,306.78,15.08,41.86,0.6469,1,-1,-1
1036,274,1509.03,246.23,10.71,21.78,0.4026,1,-1,-1
1037,249,740.51,421.02,27.11,72.24,0.5784,1,-1,-1
1037,250,845.31,314.80,16.38,39.39,0.6851,1,-1,-1
1037,251,806.93,426.43,23.46,59.68,0.7210,1,-1,-1
1037,271,770.04,420.14,28.91,72.62,0.5784,1,-1,-1
1037,272,830.44,307.05,14.92,41.29,0.6505,1,-1,-1
1037,274,1510.63,245.98,10.69,22.00,0.4446,1,-1,-1
1038,249,738.33,421.39,28.63,76.05,0.6215,1,-1,-1
1038,250,845.19,314.53,16.37,39.47,0.6834,1,-1,-1
1038,251,805.67,428.05,23.96,61.07,0.6951,1,-1,-1
1038,271,769.39,420.67,29.84,75.02,0.7033,1,-1,-1
1038,272,830.61,306.77,14.88,40.99,0.5955,1,-1,-1
1038,274,1511.20,246.28,10.22,21.39,0.4639,1,-1,-1
1039,249,736.53,423.79,29.89,79.87,0.6002,1,-1,-1
1039,250,844.94,314.03,16.52,39.83,0.6935,1,-1,-1
1039,251,804.58,430.24,24.01,61.03,0.7033,1,-1,-1
1039,271,767.68,421.71,30.87,77.67,0.6851,1,-1,-1
1039,272,830.26,306.70,15.25,41.78,0.6160,1,-1,-1
1039,274,1511.63,246.45,9.83,20.87,0.4737,1,-1,-1
1040,249,734.67,425.04,30.76,82.36,0.6002,1,-1,-1
1040,250,844.64,313.73,16.81,40.43,0.6935,1,-1,-1
1040,251,803.46,431.85,24.26,61.55,0.6984,1,-1,-1
1040,271,766.17,423.85,31.36,78.86,0.6800,1,-1,-1
1040,272,829.77,306.78,15.66,42.77,0.6123,1,-1,-1
1040,274,1512.59,246.84,9.50,20.10,0.4756,1,-1,-1
1041,249,731.27,427.18,31.55,83.81,0.6215,1,-1,-1
1041,250,844.31,314.16,16.88,40.45,0.6834,1,-1,-1
1041,251,802.50,433.83,24.90,63.03,0.7225,1,-1,-1
1041,271,765.39,425.72,31.39,78.73,0.6976,1,-1,-1
1041,272,829.43,306.98,15.72,42.72,0.6289,1,-1,-1
1041,274,1513.32,246.94,9.58,20.13,0.4562,1,-1,-1
1042,249,729.11,429.79,31.02,82.14,0.7225,1,-1,-1
1042,250,844.45,315.67,16.37,38.99,0.6715,1,-1,-1
1042,251,801.84,435.67,24.77,62.31,0.6834,1,-1,-1
1042,271,763.17,428.50,31.71,79.44,0.6817,1,-1,-1
1042,272,829.11,307.14,15.77,42.61,0.6415,1,-1,-1
1042,274,1514.80,246.98,9.34,19.60,0.4064,1,-1,-1
1043,249,727.37,431.91,30.76,81.65,0.7082,1,-1,-1
1043,250,844.38,316.66,16.11,38.06,0.6715,1,-1,-1
1043,251,800.03,437.82,25.65,64.10,0.7178,1,-1,-1
1043,271,761.48,429.66,32.36,80.59,0.7256,1,-1,-1
1043,272,828.58,307.44,16.11,43.41,0.6522,1,-1,-1
1043,274,1516.48,246.77,9.24,19.42,0.3016,1,-1,-1
1044,249,726.27,434.25,30.42,81.74,0.6766,1,-1,-1
1044,250,844.59,317.57,16.02,37.63,0.6680,1,-1,-1
1044,251,798.93,441.43,25.56,63.69,0.7272,1,-1,-1
1044,271,759.49,431.14,32.76,81.56,0.7146,1,-1,-1
1044,272,828.40,308.03,16.23,43.46,0.6851,1,-1,-1
1044,274,1516.81,246.71,9.30,19.60,0.4102,1,-1,-1
1045,249,724.91,435.54,30.47,83.50,0.5936,1,-1,-1
1045,250,844.84,318.38,16.11,37.76,0.6834,1,-1,-1
1045,251,797.54,443.87,25.90,64.34,0.7394,1,-1,-1
1045,271,757.48,432.85,33.28,82.55,0.6522,1,-1,-1
1045,272,828.45,308.91,16.28,43.34,0.7033,1,-1,-1
1045,274,1517.19,246.56,9.52,20.17,0.4017,1,-1,-1
1046,249,721.19,436.71,31.24,85.35,0.6469,1,-1,-1
1046,250,844.43,318.51,16.57,38.85,0.6817,1,-1,-1
1046,251,795.73,446.78,26.28,65.22,0.7439,1,-1,-1
1046,271,755.34,434.97,34.72,86.00,0.7178,1,-1,-1
1046,272,828.06,309.49,16.59,43.97,0.7178,1,-1,-1
1046,274,1517.88,247.17,9.42,19.97,0.2193,1,-1,-1
1047,249,719.01,440.26,31.30,84.93,0.7599,1,-1,-1
1047,250,844.06,318.57,16.84,39.41,0.6749,1,-1,-1
1047,251,794.60,448.33,26.59,66.35,0.7424,1,-1,-1
1047,271,753.45,437.43,35.00,86.76,0.7454,1,-1,-1
1047,272,827.74,309.68,16.81,44.39,0.6951,1,-1,-1
1047,274,1518.45,247.85,9.44,19.83,0.2037,1,-1,-1
1048,249,717.64,442.75,30.68,83.64,0.6749,1,-1,-1
1048,250,843.74,318.91,16.92,39.61,0.6593,1,-1,-1
1048,251,793.38,450.29,26.76,66.61,0.7017,1,-1,-1
1048,271,751.56,440.30,34.52,85.30,0.7542,1,-1,-1
1048,272,827.28,309.88,16.94,44.57,0.6885,1,-1,-1
1048,274,1518.75,248.09,9.60,19.92,0.1164,1,-1,-1
1049,249,714.81,444.42,31.08,84.55,0.6540,1,-1,-1
1049,250,843.55,319.17,16.99,39.73,0.6663,1,-1,-1
1049,251,791.36,453.25,26.93,66.98,0.6984,1,-1,-1
1049,271,750.63,443.68,34.12,83.89,0.7334,1,-1,-1
1049,272,826.88,310.13,17.19,45.05,0.6885,1,-1,-1
1050,249,713.55,447.47,30.65,83.58,0.5612,1,-1,-1
1050,250,843.40,319.57,17.10,40.03,0.6610,1,-1,-1
1050,251,790.13,455.56,27.08,66.98,0.7379,1,-1,-1
1050,271,749.09,446.43,34.16,83.78,0.6935,1,-1,-1
1050,272,826.24,310.54,17.48,45.78,0.6817,1,-1,-1
1051,249,711.76,448.71,31.04,85.27,0.5098,1,-1,-1
1051,250,843.23,319.77,17.39,40.83,0.6593,1,-1,-1
1051,251,788.91,458.06,27.55,68.03,0.6834,1,-1,-1
1051,271,747.38,449.10,34.55,84.24,0.7249,1,-1,-1
1051,272,825.60,310.95,17.37,45.44,0.6918,1,-1,-1
1052,249,707.71,451.11,31.52,85.87,0.6792,1,-1,-1
1052,250,843.08,319.96,17.46,41.01,0.6540,1,-1,-1
1052,251,787.57,460.25,27.94,68.40,0.7542,1,-1,-1
1052,271,745.47,450.94,35.20,85.88,0.7684,1,-1,-1
1052,272,825.07,311.10,17.41,45.46,0.7162,1,-1,-1
1053,249,705.87,453.50,32.36,88.69,0.6926,1,-1,-1
1053,250,842.40,320.03,17.89,41.93,0.6935,1,-1,-1
1053,251,786.12,462.88,27.87,68.12,0.7424,1,-1,-1
1053,271,744.80,453.60,35.27,86.55,0.7892,1,-1,-1
1053,272,823.92,311.27,16.74,43.90,0.7001,1,-1,-1
1054,249,704.43,455.62,32.98,90.14,0.5535,1,-1,-1
1054,250,842.00,320.40,18.20,42.73,0.6984,1,-1,-1
1054,251,784.39,465.00,28.57,70.29,0.7614,1,-1,-1
1054,271,743.42,455.71,35.69,88.27,0.7491,1,-1,-1
1054,272,823.38,311.67,17.08,45.07,0.6951,1,-1,-1
1055,249,703.78,458.16,32.45,88.70,0.6522,1,-1,-1
1055,250,841.88,321.53,18.12,42.58,0.6749,1,-1,-1
1055,251,783.03,468.09,28.80,71.18,0.7513,1,-1,-1
1055,271,740.89,459.04,35.98,88.97,0.7739,1,-1,-1
1055,272,823.28,311.68,17.91,47.26,0.7194,1,-1,-1
1056,249,700.79,461.37,33.60,91.17,0.6610,1,-1,-1
1056,250,841.90,322.32,17.73,41.98,0.7058,1,-1,-1
1056,251,781.60,470.80,28.74,71.53,0.7739,1,-1,-1
1056,271,739.13,461.37,36.49,90.36,0.7793,1,-1,-1
1056,272,823.11,311.95,18.30,48.20,0.7303,1,-1,-1
1057,249,697.74,463.91,35.16,94.65,0.6775,1,-1,-1
1057,250,841.82,322.85,17.50,41.54,0.6993,1,-1,-1
1057,251,779.64,472.75,29.78,74.54,0.7439,1,-1,-1
1057,271,737.89,465.54,36.10,89.31,0.7564,1,-1,-1
1057,272,822.79,312.58,18.57,48.84,0.7194,1,-1,-1
1058,249,694.78,466.98,36.01,96.37,0.7009,1,-1,-1
1058,250,841.89,323.59,17.24,40.92,0.7264,1,-1,-1
1058,251,777.95,475.33,30.16,75.63,0.7498,1,-1,-1
1058,271,737.00,468.57,36.18,89.53,0.7417,1,-1,-1
1058,272,822.59,313.45,18.64,48.97,0.7334,1,-1,-1
1059,249,693.11,469.55,36.66,97.21,0.6876,1,-1,-1
1059,250,841.81,324.32,17.07,40.45,0.7170,1,-1,-1
1059,251,776.77,478.66,30.11,75.41,0.7178,1,-1,-1
1059,271,734.88,472.88,35.85,88.87,0.7194,1,-1,-1
1059,272,822.42,313.97,18.73,49.01,0.7178,1,-1,-1
1060,249,691.24,472.11,36.78,96.98,0.6261,1,-1,-1
1060,250,841.47,324.79,17.09,40.46,0.7106,1,-1,-1
1060,251,775.26,482.27,29.85,74.26,0.7484,1,-1,-1
1060,271,732.38,474.18,37.48,93.01,0.7303,1,-1,-1
1060,272,822.06,314.61,18.73,48.75,0.7210,1,-1,-1
1061,249,688.65,475.91,36.90,97.15,0.6234,1,-1,-1
1061,250,841.08,325.01,17.43,41.30,0.7106,1,-1,-1
1061,251,773.40,485.44,30.46,75.38,0.7542,1,-1,-1
1061,271,730.36,476.82,38.12,94.90,0.7585,1,-1,-1
1061,272,821.58,315.28,19.22,49.93,0.7210,1,-1,-1
1062,249,686.16,479.76,38.13,100.17,0.6575,1,-1,-1
1062,250,840.70,325.23,17.94,42.19,0.6968,1,-1,-1
1062,251,771.71,488.85,30.74,75.91,0.7484,1,-1,-1
1062,271,728.82,478.67,38.38,95.37,0.7793,1,-1,-1
1062,272,820.95,315.81,19.85,51.56,0.7162,1,-1,-1
1063,249,683.98,483.70,37.16,98.13,0.6343,1,-1,-1
1063,250,840.26,325.80,18.15,42.29,0.6697,1,-1,-1
1063,251,770.11,492.72,30.97,76.99,0.7379,1,-1,-1
1063,271,726.50,480.35,39.89,98.86,0.7424,1,-1,-1
1063,272,820.60,316.22,20.14,52.31,0.6984,1,-1,-1
1064,249,680.41,486.35,37.54,99.63,0.6433,1,-1,-1
1064,250,839.81,326.07,18.63,43.05,0.6415,1,-1,-1
1064,251,768.43,495.70,32.17,80.42,0.6817,1,-1,-1
1064,271,724.95,485.10,39.70,98.28,0.7249,1,-1,-1
1064,272,820.06,316.34,20.55,53.43,0.7066,1,-1,-1
1065,249,677.92,490.45,36.75,98.00,0.5458,1,-1,-1
1065,250,839.49,326.89,18.57,42.57,0.6415,1,-1,-1
1065,251,767.18,498.66,32.36,81.37,0.6697,1,-1,-1
1065,271,723.28,489.49,38.86,96.69,0.6758,1,-1,-1
1065,272,819.94,316.84,20.54,53.36,0.6749,1,-1,-1
1066,249,676.65,493.96,37.24,99.60,0.6095,1,-1,-1
1066,250,838.96,325.83,19.25,44.19,0.6451,1,-1,-1
1066,251,765.84,502.50,31.68,79.82,0.7050,1,-1,-1
1066,271,721.36,493.16,39.07,97.97,0.7520,1,-1,-1
1066,272,819.59,317.21,20.58,53.46,0.6505,1,-1,-1
1067,249,674.56,497.35,37.61,100.60,0.6352,1,-1,-1
1067,250,838.59,326.93,19.16,43.92,0.6593,1,-1,-1
1067,251,764.08,506.10,32.17,81.12,0.7050,1,-1,-1
1067,271,719.49,496.66,39.32,98.86,0.7295,1,-1,-1
1067,272,819.10,317.50,20.64,53.66,0.6469,1,-1,-1
1068,249,672.30,500.90,39.03,103.63,0.6151,1,-1,-1
1068,250,837.82,327.32,19.19,43.75,0.6766,1,-1,-1
1068,251,762.96,509.20,32.08,81.13,0.7178,1,-1,-1
1068,271,716.41,499.36,40.46,101.45,0.7341,1,-1,-1
1068,272,818.14,318.35,20.30,52.68,0.5765,1,-1,-1
1069,249,669.09,504.48,39.88,104.92,0.6775,1,-1,-1
1069,250,837.30,327.14,19.54,44.45,0.6783,1,-1,-1
1069,251,761.42,512.28,32.80,82.97,0.7447,1,-1,-1
1069,271,713.97,501.79,41.59,103.89,0.7732,1,-1,-1
1069,272,817.42,318.60,20.62,53.47,0.5917,1,-1,-1
1069,281,43.33,222.49,36.63,20.10,0.4737,4,-1,-1
1070,249,664.50,507.49,40.86,107.87,0.6188,1,-1,-1
1070,250,836.89,327.15,19.44,44.02,0.6522,1,-1,-1
1070,251,759.77,515.39,32.50,82.22,0.7326,1,-1,-1
1070,271,711.45,505.58,42.28,105.78,0.7506,1,-1,-1
1070,272,816.89,319.15,20.38,52.92,0.5955,1,-1,-1
1070,281,40.35,220.87,39.38,21.66,0.4737,4,-1,-1
1071,249,661.27,509.15,42.62,112.35,0.5832,1,-1,-1
1071,250,836.41,327.14,19.41,43.82,0.6868,1,-1,-1
1071,251,756.93,518.68,34.26,87.22,0.6522,1,-1,-1
1071,271,708.55,510.07,43.09,107.77,0.7387,1,-1,-1
1071,272,816.66,319.36,20.19,52.66,0.6215,1,-1,-1
1071,281,38.93,223.02,35.80,19.68,0.4659,4,-1,-1
1072,249,657.50,512.95,44.24,116.16,0.6077,1,-1,-1
1072,250,835.68,327.28,19.67,44.41,0.6715,1,-1,-1
1072,251,754.28,522.37,35.41,90.17,0.7469,1,-1,-1
1072,271,705.39,513.56,43.85,109.14,0.7840,1,-1,-1
1072,272,816.51,319.45,20.13,52.55,0.6234,1,-1,-1
1072,281,35.93,223.13,35.64,19.60,0.4417,4,-1,-1
1073,249,656.81,520.15,41.86,109.97,0.6049,1,-1,-1
1073,250,835.20,327.63,19.93,45.13,0.6558,1,-1,-1
1073,251,752.52,526.14,36.10,91.72,0.7527,1,-1,-1
1073,271,701.64,518.02,44.66,110.86,0.7732,1,-1,-1
1073,272,816.51,319.83,20.19,53.00,0.6067,1,-1,-1
1073,281,31.80,222.65,37.30,20.58,0.3140,4,-1,-1
1074,249,649.84,522.55,42.83,111.11,0.5908,1,-1,-1
1074,250,834.65,328.37,20.40,46.47,0.6680,1,-1,-1
1074,251,749.82,529.95,37.19,94.53,0.7484,1,-1,-1
1074,271,698.54,521.55,45.51,112.70,0.7759,1,-1,-1
1074,272,815.97,320.71,20.15,52.96,0.6067,1,-1,-1
1074,281,26.86,220.50,39.38,22.07,0.3433,4,-1,-1
1075,249,647.69,526.35,43.31,113.20,0.5370,1,-1,-1
1075,250,834.32,328.39,20.92,47.95,0.6680,1,-1,-1
1075,251,747.86,534.42,36.72,93.99,0.7146,1,-1,-1
1075,271,695.04,525.13,46.08,114.58,0.7264,1,-1,-1
1075,272,815.73,320.92,20.22,53.02,0.6160,1,-1,-1
1075,281,27.12,219.08,42.15,23.60,0.2666,4,-1,-1
1076,249,642.84,530.89,43.40,111.98,0.6280,1,-1,-1
1076,250,833.99,328.80,20.98,48.38,0.6558,1,-1,-1
1076,251,745.07,539.29,36.55,93.12,0.7295,1,-1,-1
1076,271,692.58,531.57,45.65,113.51,0.7058,1,-1,-1
1076,272,815.10,321.30,20.34,53.12,0.6067,1,-1,-1
1076,281,23.23,214.53,50.70,28.66,0.3989,4,-1,-1
1077,249,635.81,535.33,45.19,114.67,0.5429,1,-1,-1
1077,250,833.76,329.34,20.49,47.51,0.6558,1,-1,-1
1077,251,742.89,543.42,37.72,96.41,0.7356,1,-1,-1
1077,271,688.46,535.46,46.22,114.95,0.7564,1,-1,-1
1077,272,814.83,321.50,20.28,53.02,0.6067,1,-1,-1
1077,281,19.94,212.72,54.14,30.73,0.2838,4,-1,-1
1078,249,632.09,540.39,47.13,118.79,0.6039,1,-1,-1
1078,250,833.27,329.88,20.22,47.08,0.6558,1,-1,-1
1078,251,740.56,547.44,38.52,98.81,0.7341,1,-1,-1
1078,271,684.28,539.15,47.04,116.97,0.7621,1,-1,-1
1078,272,814.25,321.63,20.37,53.33,0.6197,1,-1,-1
1078,281,17.74,215.61,51.11,29.02,0.1238,4,-1,-1
1079,249,628.92,545.79,48.53,123.02,0.5756,1,-1,-1
1079,250,833.00,330.29,20.05,46.97,0.6397,1,-1,-1
1079,251,738.85,552.45,38.98,99.87,0.6901,1,-1,-1
1079,271,679.98,543.39,48.26,119.29,0.7520,1,-1,-1
1079,272,814.14,322.42,20.15,52.88,0.6645,1,-1,-1
1080,249,621.88,551.67,46.78,117.48,0.5718,1,-1,-1
1080,250,832.76,330.30,19.95,47.14,0.5851,1,-1,-1
1080,251,735.48,557.37,40.03,102.06,0.7202,1,-1,-1
1080,271,676.72,549.38,48.16,118.60,0.7649,1,-1,-1
1080,272,814.18,322.82,20.16,52.89,0.6817,1,-1,-1
1081,249,617.56,556.10,46.63,115.71,0.5851,1,-1,-1
1081,250,832.20,330.16,20.14,47.92,0.5525,1,-1,-1
1081,251,733.43,562.99,41.10,103.99,0.6792,1,-1,-1
1081,271,672.84,553.63,48.55,119.77,0.7813,1,-1,-1
1081,272,813.76,323.49,20.35,53.45,0.6215,1,-1,-1
1082,249,612.50,560.59,49.05,120.61,0.5870,1,-1,-1
1082,250,831.52,330.10,20.42,48.96,0.5390,1,-1,-1
1082,251,731.59,568.34,41.02,102.77,0.7372,1,-1,-1
1082,271,668.66,557.41,49.53,122.66,0.8093,1,-1,-1
1082,272,813.51,324.61,20.64,54.32,0.6415,1,-1,-1
1083,249,607.26,566.70,51.79,126.15,0.5525,1,-1,-1
1083,250,831.74,333.84,19.53,46.80,0.6800,1,-1,-1
1083,251,728.72,573.53,41.65,103.96,0.6706,1,-1,-1
1083,271,665.46,562.04,49.44,122.52,0.7705,1,-1,-1
1083,272,813.13,324.78,20.49,53.83,0.6361,1,-1,-1
1084,249,603.92,572.37,53.83,131.56,0.6758,1,-1,-1
1084,250,831.72,335.35,19.21,46.14,0.6783,1,-1,-1
1084,251,725.95,578.49,42.39,105.37,0.7186,1,-1,-1
1084,271,661.13,567.48,50.10,123.91,0.7905,1,-1,-1
1084,272,812.51,324.99,20.86,54.77,0.6522,1,-1,-1
1085,249,598.01,576.80,55.42,135.98,0.6225,1,-1,-1
1085,250,831.38,335.72,19.38,46.76,0.6783,1,-1,-1
1085,251,722.83,582.93,43.32,107.65,0.6910,1,-1,-1
1085,271,654.75,572.47,51.89,127.45,0.7705,1,-1,-1
1085,272,812.03,325.21,21.23,55.66,0.6415,1,-1,-1
1086,249,591.39,581.87,58.18,143.69,0.6206,1,-1,-1
1086,250,831.02,335.90,19.52,47.38,0.6817,1,-1,-1
1086,251,720.02,588.12,44.20,110.19,0.6775,1,-1,-1
1086,271,650.95,578.26,52.68,128.91,0.7892,1,-1,-1
1086,272,811.69,325.87,21.31,55.99,0.6433,1,-1,-1
1087,249,586.58,587.72,57.27,142.26,0.5870,1,-1,-1
1087,250,831.11,336.39,19.42,47.36,0.6487,1,-1,-1
1087,251,717.25,593.06,43.97,111.00,0.6723,1,-1,-1
1087,271,647.19,582.75,53.73,131.96,0.7746,1,-1,-1
1087,272,811.39,326.86,20.85,55.04,0.6160,1,-1,-1
1088,249,583.20,594.53,59.59,147.99,0.3460,1,-1,-1
1088,250,831.02,336.74,19.28,47.19,0.6628,1,-1,-1
1088,251,715.22,598.47,43.67,110.85,0.6775,1,-1,-1
1088,271,643.59,589.47,53.91,132.59,0.7746,1,-1,-1
1088,272,810.97,327.97,20.53,54.53,0.6505,1,-1,-1
1089,249,577.18,600.35,58.68,145.70,0.3951,1,-1,-1
1089,250,830.20,336.15,19.62,48.12,0.6697,1,-1,-1
1089,251,711.49,605.07,43.98,111.69,0.6758,1,-1,-1
1089,271,639.94,595.99,54.78,135.49,0.7295,1,-1,-1
1089,272,810.62,329.12,20.33,54.24,0.6663,1,-1,-1
1090,249,572.85,605.54,59.83,149.03,0.4263,1,-1,-1
1090,250,829.48,335.31,20.25,49.85,0.6505,1,-1,-1
1090,251,708.30,612.14,44.68,113.55,0.6706,1,-1,-1
1090,271,635.76,601.05,55.15,136.48,0.6960,1,-1,-1
1090,272,810.30,329.33,20.40,54.71,0.6680,1,-1,-1
1091,249,567.51,611.41,60.73,152.33,0.5946,1,-1,-1
1091,250,829.49,336.19,20.28,50.26,0.6610,1,-1,-1
1091,251,706.22,619.07,44.76,114.35,0.6225,1,-1,-1
1091,271,629.99,606.76,57.74,142.82,0.6654,1,-1,-1
1091,272,810.14,329.79,20.31,54.62,0.6800,1,-1,-1
1092,249,564.76,616.88,60.44,152.74,0.4844,1,-1,-1
1092,250,829.37,337.16,20.29,50.57,0.6487,1,-1,-1
1092,251,702.55,625.26,45.09,115.77,0.7074,1,-1,-1
1092,271,625.90,613.46,58.94,146.53,0.7326,1,-1,-1
1092,272,810.01,330.26,20.26,54.63,0.6715,1,-1,-1
1093,249,558.49,624.48,59.89,151.92,0.5332,1,-1,-1
1093,250,829.42,338.38,20.10,50.27,0.6800,1,-1,-1
1093,251,700.54,632.91,46.90,120.17,0.6424,1,-1,-1
1093,271,622.60,622.19,57.96,144.17,0.7186,1,-1,-1
1093,272,809.55,331.10,20.67,55.84,0.6834,1,-1,-1
1094,249,553.14,634.04,60.55,155.19,0.6188,1,-1,-1
1094,250,829.38,338.86,20.18,50.75,0.6593,1,-1,-1
1094,251,697.22,640.38,46.67,120.16,0.6993,1,-1,-1
1094,271,617.94,629.06,58.52,146.16,0.7295,1,-1,-1
1094,272,809.46,331.58,20.81,56.26,0.6901,1,-1,-1
1094,293,1571.15,249.01,12.01,25.10,0.5127,1,-1,-1
1095,249,547.08,642.26,61.01,158.17,0.6843,1,-1,-1
1095,250,829.50,339.69,20.01,50.60,0.6593,1,-1,-1
1095,251,694.25,647.34,47.00,121.83,0.6334,1,-1,-1
1095,271,613.44,637.36,58.72,147.08,0.7387,1,-1,-1
1095,272,809.57,331.88,20.81,56.23,0.6935,1,-1,-1
1095,293,1572.05,249.30,11.84,24.72,0.5156,1,-1,-1
1096,249,541.30,648.82,62.92,164.47,0.6370,1,-1,-1
1096,250,828.62,338.88,20.43,51.84,0.6732,1,-1,-1
1096,251,690.34,655.18,46.68,121.23,0.6960,1,-1,-1
1096,271,605.87,642.61,61.38,153.10,0.5908,1,-1,-1
1096,272,809.24,332.00,20.90,56.41,0.7114,1,-1,-1
1096,293,1572.53,251.43,11.01,22.87,0.1456,1,-1,-1
1097,249,534.95,659.86,62.41,163.92,0.4902,1,-1,-1
1097,250,828.27,340.34,20.28,51.44,0.6918,1,-1,-1
1097,251,686.10,663.43,47.43,123.22,0.6740,1,-1,-1
1097,271,601.12,650.07,62.60,155.42,0.7564,1,-1,-1
1097,272,808.79,332.26,20.94,56.29,0.7050,1,-1,-1
1098,249,526.91,670.11,61.45,161.08,0.4893,1,-1,-1
1098,250,827.33,340.65,20.78,52.51,0.6540,1,-1,-1
1098,251,683.36,672.07,48.93,127.52,0.7138,1,-1,-1
1098,271,594.96,657.63,63.01,154.62,0.7635,1,-1,-1
1098,272,808.41,334.17,20.44,54.92,0.5842,1,-1,-1
1099,249,520.57,679.32,62.56,164.91,0.7746,1,-1,-1
1099,250,826.93,341.81,20.81,52.45,0.6834,1,-1,-1
1099,251,680.26,680.27,49.43,129.38,0.7170,1,-1,-1
1099,271,589.60,666.69,64.47,157.27,0.7866,1,-1,-1
1099,272,807.59,333.90,20.67,55.55,0.6234,1,-1,-1
1100,249,514.59,687.18,60.18,158.05,0.3174,1,-1,-1
1100,250,826.46,342.51,20.82,52.42,0.6307,1,-1,-1
1100,251,675.93,688.04,50.79,132.93,0.6943,1,-1,-1
1100,271,584.30,675.79,64.77,157.00,0.7773,1,-1,-1
1100,272,807.11,333.86,21.17,56.70,0.5765,1,-1,-1
1101,249,508.13,697.53,58.50,153.23,0.4542,1,-1,-1
1101,250,826.31,343.86,20.45,51.37,0.6123,1,-1,-1
1101,251,671.76,696.98,51.68,135.46,0.7154,1,-1,-1
1101,271,577.01,682.73,66.79,161.51,0.7786,1,-1,-1
1101,272,806.43,334.07,21.58,57.53,0.6325,1,-1,-1
1102,249,498.39,706.22,63.76,167.28,0.6261,1,-1,-1
1102,250,825.97,345.01,20.32,50.89,0.6030,1,-1,-1
1102,251,666.55,705.79,53.75,140.97,0.7186,1,-1,-1
1102,271,569.89,691.01,68.74,165.92,0.7759,1,-1,-1
1102,272,805.78,334.30,22.11,58.65,0.6105,1,-1,-1
1102,294,1580.86,251.99,12.91,25.79,0.4659,1,-1,-1
1103,249,489.82,714.92,63.99,165.31,0.5234,1,-1,-1
1103,250,825.45,345.38,20.69,51.92,0.6307,1,-1,-1
1103,251,661.78,714.65,55.00,143.72,0.7432,1,-1,-1
1103,271,562.20,699.45,72.59,175.45,0.7042,1,-1,-1
1103,272,804.92,335.20,22.56,59.28,0.5860,1,-1,-1
1103,294,1581.70,251.95,12.75,25.53,0.5458,1,-1,-1
1104,249,483.04,725.60,63.79,162.33,0.4455,1,-1,-1
1104,250,824.61,345.98,21.05,52.79,0.6343,1,-1,-1
1104,251,657.06,724.21,55.21,143.47,0.7341,1,-1,-1
1104,271,551.62,710.07,74.78,179.43,0.6960,1,-1,-1
1104,272,804.19,335.84,23.39,60.95,0.5409,1,-1,-1
1104,294,1582.58,251.43,13.14,26.41,0.5506,1,-1,-1
1105,249,472.38,735.67,66.30,166.67,0.5660,1,-1,-1
1105,250,823.68,346.67,21.13,52.90,0.6575,1,-1,-1
1105,251,649.15,732.95,57.04,146.96,0.6567,1,-1,-1
1105,271,543.75,721.07,76.46,183.18,0.6654,1,-1,-1
1105,272,803.23,336.75,23.71,61.33,0.5651,1,-1,-1
1105,294,1583.59,251.75,12.92,26.01,0.5670,1,-1,-1
1106,249,463.85,741.85,72.11,179.71,0.5622,1,-1,-1
1106,250,823.42,347.06,21.11,52.83,0.6610,1,-1,-1
1106,251,639.56,744.37,60.17,152.03,0.6132,1,-1,-1
1106,271,537.97,729.09,77.57,186.29,0.6531,1,-1,-1
1106,272,802.91,337.61,24.05,61.79,0.5429,1,-1,-1
1106,294,1585.43,253.10,12.19,24.60,0.4883,1,-1,-1
1107,249,454.05,755.94,72.63,179.31,0.5964,1,-1,-1
1107,250,823.21,347.77,20.66,51.89,0.6487,1,-1,-1
1107,251,636.89,752.96,60.99,154.27,0.7186,1,-1,-1
1107,271,530.56,741.02,79.43,190.20,0.6261,1,-1,-1
1107,272,802.70,338.93,23.21,59.75,0.5506,1,-1,-1
1107,294,1587.06,254.15,11.64,23.62,0.2759,1,-1,-1
1108,249,442.42,768.03,76.77,188.05,0.5059,1,-1,-1
1108,250,822.72,348.12,20.74,52.29,0.6433,1,-1,-1
1108,251,635.32,767.26,58.44,147.53,0.6619,1,-1,-1
1108,271,520.67,749.33,83.43,200.47,0.5234,1,-1,-1
1108,272,801.95,339.46,22.67,58.82,0.5823,1,-1,-1
1108,294,1588.15,254.30,11.69,23.77,0.4292,1,-1,-1
1109,249,430.96,776.35,80.14,192.07,0.3260,1,-1,-1
1109,250,822.30,349.05,20.29,51.19,0.6451,1,-1,-1
1109,251,631.11,779.33,55.17,136.33,0.5737,1,-1,-1
1109,271,510.85,759.87,86.50,208.03,0.2337,1,-1,-1
1109,272,801.42,339.76,22.43,58.52,0.5860,1,-1,-1
1109,294,1588.77,254.48,11.49,23.48,0.3951,1,-1,-1
1110,249,420.39,786.04,85.24,205.92,0.4292,1,-1,-1
1110,250,822.02,349.33,20.17,50.95,0.6343,1,-1,-1
1110,251,617.42,793.36,66.41,164.52,0.6169,1,-1,-1
1110,271,504.40,771.54,90.42,218.93,0.4591,1,-1,-1
1110,272,801.29,340.79,22.29,58.30,0.5765,1,-1,-1
1110,294,1589.45,254.64,11.53,23.63,0.4073,1,-1,-1
1111,249,409.59,804.15,86.62,209.94,0.4533,1,-1,-1
1111,250,821.78,349.43,20.43,51.75,0.6361,1,-1,-1
1111,251,610.99,806.54,68.05,167.84,0.6496,1,-1,-1
1111,271,494.19,787.19,89.01,215.73,0.5448,1,-1,-1
1111,272,801.21,341.30,22.39,58.63,0.5631,1,-1,-1
1111,294,1591.72,253.87,12.34,25.36,0.5380,1,-1,-1
1111,295,1604.72,254.33,12.73,25.01,0.5448,1,-1,-1
1112,249,402.15,820.24,85.45,208.32,0.4824,1,-1,-1
1112,250,821.53,350.27,20.64,52.38,0.6522,1,-1,-1
1112,251,606.33,820.18,69.28,171.46,0.5254,1,-1,-1
1112,271,483.81,801.39,93.30,228.34,0.1603,1,-1,-1
1112,272,801.34,341.15,22.63,59.33,0.6067,1,-1,-1
1112,294,1593.03,253.94,12.55,25.95,0.4504,1,-1,-1
1112,295,1605.62,254.58,12.87,25.31,0.3082,1,-1,-1
1113,249,382.74,833.84,90.86,215.07,0.3630,1,-1,-1
1113,250,821.55,351.03,20.55,52.27,0.6558,1,-1,-1
1113,251,596.45,831.34,77.51,192.61,0.3849,1,-1,-1
1113,271,472.09,808.90,98.67,241.56,0.3346,1,-1,-1
1113,272,801.27,341.46,23.02,60.37,0.6105,1,-1,-1
1113,294,1593.79,253.67,12.48,26.01,0.4971,1,-1,-1
1113,295,1607.78,255.02,12.63,24.79,0.3576,1,-1,-1
1114,249,374.92,850.06,89.12,211.13,0.1144,1,-1,-1
1114,250,821.72,351.94,20.32,51.73,0.6558,1,-1,-1
1114,251,586.71,845.86,78.91,196.53,0.1587,1,-1,-1
1114,271,464.64,821.50,101.16,246.54,0.2975,1,-1,-1
1114,272,801.26,341.53,23.07,60.67,0.6197,1,-1,-1
1114,294,1594.71,254.04,12.17,25.45,0.5458,1,-1,-1
1114,295,1609.74,255.15,12.58,24.61,0.4187,1,-1,-1
1115,249,370.85,868.30,86.25,207.38,0.2822,1,-1,-1
1115,250,821.79,352.59,20.01,51.01,0.6610,1,-1,-1
1115,251,582.37,864.90,76.25,189.51,0.3730,1,-1,-1
1115,271,451.84,834.98,99.89,243.77,0.5117,1,-1,-1
1115,272,801.37,342.21,22.69,59.79,0.6086,1,-1,-1
1115,294,1596.01,254.62,11.95,24.97,0.5332,1,-1,-1
1115,295,1610.93,254.45,12.70,24.89,0.3460,1,-1,-1
1116,250,821.93,353.27,19.63,50.24,0.6663,1,-1,-1
1116,251,577.41,879.17,73.26,182.18,0.1505,1,-1,-1
1116,272,801.38,343.01,22.17,58.59,0.5993,1,-1,-1
1116,294,1597.29,254.29,12.05,25.20,0.4149,1,-1,-1
1116,295,1612.32,254.28,12.56,24.53,0.2967,1,-1,-1
1117,250,821.77,353.38,19.65,50.58,0.6558,1,-1,-1
1117,251,569.39,894.56,74.81,183.77,0.1418,1,-1,-1
1117,272,801.86,344.07,21.47,56.77,0.5784,1,-1,-1
1117,294,1598.63,254.93,11.56,24.28,0.3442,1,-1,-1
1117,295,1612.94,254.30,12.53,24.46,0.2651,1,-1,-1
1118,250,821.70,353.78,19.88,51.58,0.6575,1,-1,-1
1118,251,563.47,913.76,70.90,170.83,0.4863,1,-1,-1
1118,272,801.70,345.10,21.43,56.73,0.5631,1,-1,-1
1118,294,1599.67,255.57,11.14,23.50,0.4273,1,-1,-1
1118,295,1614.87,255.19,12.62,24.46,0.4407,1,-1,-1
1119,250,821.40,354.26,20.00,52.42,0.6415,1,-1,-1
1119,251,558.11,933.38,65.17,152.69,0.4369,1,-1,-1
1119,272,801.66,345.75,21.28,56.28,0.5409,1,-1,-1
1119,294,1600.46,254.83,11.43,24.19,0.4465,1,-1,-1
1119,295,1616.11,255.11,12.75,24.60,0.4727,1,-1,-1
1120,250,820.44,354.54,20.66,54.40,0.6379,1,-1,-1
1120,251,551.61,949.20,60.50,135.32,0.3115,1,-1,-1
1120,272,801.27,346.24,22.44,59.57,0.5078,1,-1,-1
1120,294,1600.87,254.27,11.71,24.97,0.3531,1,-1,-1
1120,295,1616.86,255.36,12.84,24.67,0.4359,1,-1,-1
1121,250,820.19,355.18,20.76,54.95,0.6487,1,-1,-1
1121,272,801.59,346.98,22.81,60.98,0.5234,1,-1,-1
1121,294,1601.64,254.26,11.78,25.22,0.1733,1,-1,-1
1121,295,1617.45,255.77,12.80,24.62,0.2846,1,-1,-1
1122,250,820.18,356.20,20.51,54.52,0.6610,1,-1,-1
1122,272,801.94,347.53,22.92,61.63,0.5088,1,-1,-1
1122,294,1602.19,254.23,11.76,25.17,0.1500,1,-1,-1
1122,295,1617.70,256.08,12.57,24.35,0.3998,1,-1,-1
1123,250,820.27,356.39,20.46,54.60,0.6628,1,-1,-1
1123,272,801.82,347.52,23.21,62.62,0.5302,1,-1,-1
1123,294,1604.15,253.84,12.12,26.08,0.5146,1,-1,-1
1123,295,1618.70,256.28,12.80,24.70,0.4036,1,-1,-1
1124,250,820.30,357.35,20.24,54.19,0.6783,1,-1,-1
1124,272,801.44,347.63,23.07,62.32,0.5574,1,-1,-1
1124,294,1605.46,254.45,12.17,26.40,0.5254,1,-1,-1
1124,295,1619.52,256.29,12.96,24.94,0.3951,1,-1,-1
1125,250,820.33,357.72,20.15,54.17,0.6715,1,-1,-1
1125,272,800.99,347.83,23.52,63.57,0.5535,1,-1,-1
1125,294,1606.90,254.72,11.93,26.06,0.5107,1,-1,-1
1125,295,1621.06,256.20,13.02,24.94,0.3303,1,-1,-1
1126,250,820.24,357.78,20.22,54.57,0.6715,1,-1,-1
1126,272,800.62,348.21,23.56,63.69,0.5574,1,-1,-1
1126,294,1608.17,255.04,11.86,25.91,0.3858,1,-1,-1
1126,295,1622.53,256.21,12.99,24.83,0.2458,1,-1,-1
1127,250,820.07,358.06,20.34,55.04,0.6732,1,-1,-1
1127,272,800.41,348.97,23.17,62.79,0.5842,1,-1,-1
1127,294,1609.78,256.04,11.38,24.86,0.4873,1,-1,-1
1127,295,1623.31,256.34,12.81,24.67,0.3433,1,-1,-1
1128,250,819.93,359.14,20.15,54.58,0.6766,1,-1,-1
1128,272,800.56,350.67,22.06,59.68,0.5936,1,-1,-1
1128,294,1610.96,257.14,10.81,23.74,0.4542,1,-1,-1
1128,295,1624.07,256.21,12.67,24.69,0.3522,1,-1,-1
1129,250,819.70,359.69,20.49,55.59,0.6469,1,-1,-1
1129,272,800.41,351.15,22.26,60.24,0.5955,1,-1,-1
1129,294,1611.56,257.33,10.79,23.99,0.4591,1,-1,-1
1129,295,1624.21,256.63,12.27,24.37,0.3442,1,-1,-1
1130,250,819.52,359.61,20.73,56.36,0.6215,1,-1,-1
1130,272,800.56,352.14,21.91,59.27,0.6289,1,-1,-1
1130,294,1612.31,256.88,10.55,23.66,0.3416,1,-1,-1
1130,295,1623.26,256.65,12.04,24.30,0.1901,1,-1,-1
1131,250,819.68,360.43,20.68,56.17,0.6307,1,-1,-1
1131,272,800.54,352.69,22.27,60.18,0.6397,1,-1,-1
1131,294,1613.39,256.05,11.00,24.64,0.3124,1,-1,-1
1132,250,819.66,361.14,20.77,56.32,0.6270,1,-1,-1
1132,272,800.24,352.85,23.01,62.26,0.6469,1,-1,-1
1132,294,1615.02,256.40,10.96,24.42,0.3157,1,-1,-1
1133,250,819.30,360.94,21.41,58.10,0.6433,1,-1,-1
1133,272,799.81,353.24,23.59,64.18,0.6487,1,-1,-1
1133,294,1615.80,255.85,11.58,25.64,0.4795,1,-1,-1
1133,295,1628.07,256.64,13.05,26.32,0.4504,1,-1,-1
1134,250,819.29,362.47,21.33,57.83,0.6469,1,-1,-1
1134,272,799.81,353.79,23.77,64.92,0.6487,1,-1,-1
1134,294,1616.65,255.58,11.82,26.27,0.5332,1,-1,-1
1134,295,1628.95,256.55,13.03,26.44,0.4746,1,-1,-1
1135,250,819.29,362.98,21.42,58.01,0.6343,1,-1,-1
1135,272,799.55,354.33,24.07,66.31,0.6325,1,-1,-1
1135,294,1617.79,255.84,12.00,26.65,0.5088,1,-1,-1
1135,295,1630.69,257.02,13.36,26.79,0.3923,1,-1,-1
1136,250,819.52,365.00,21.16,57.17,0.6215,1,-1,-1
1136,272,800.02,355.52,23.67,65.43,0.6252,1,-1,-1
1136,294,1619.23,256.43,12.01,26.42,0.4504,1,-1,-1
1136,295,1633.39,257.26,13.42,26.50,0.2822,1,-1,-1
1137,250,819.02,364.60,21.68,58.47,0.6011,1,-1,-1
1137,272,800.39,356.63,23.31,64.59,0.6325,1,-1,-1
1137,294,1620.83,257.03,11.99,26.15,0.5078,1,-1,-1
1137,295,1635.51,257.20,13.65,26.69,0.3469,1,-1,-1
1138,250,818.85,365.14,21.70,58.32,0.6197,1,-1,-1
1138,272,800.65,357.61,23.07,63.91,0.6361,1,-1,-1
1138,294,1622.22,257.55,11.82,25.79,0.4678,1,-1,-1
1138,295,1637.61,257.03,14.08,26.95,0.3877,1,-1,-1
1139,250,818.69,365.23,22.01,58.92,0.6215,1,-1,-1
1139,272,800.42,358.02,22.78,63.39,0.6522,1,-1,-1
1139,294,1623.44,257.67,11.46,25.14,0.3372,1,-1,-1
1139,295,1639.39,257.56,14.10,26.68,0.3049,1,-1,-1
1140,250,818.70,365.64,22.08,58.74,0.6105,1,-1,-1
1140,272,800.51,358.42,22.16,61.66,0.6487,1,-1,-1
1140,294,1624.35,257.42,11.59,25.49,0.3702,1,-1,-1
1140,295,1640.40,257.75,15.11,28.33,0.3858,1,-1,-1
1141,250,818.52,366.47,21.96,57.91,0.6343,1,-1,-1
1141,272,800.62,358.74,22.60,62.67,0.6325,1,-1,-1
1141,294,1625.31,257.59,11.59,25.65,0.3748,1,-1,-1
1141,295,1641.12,258.04,14.65,27.60,0.3612,1,-1,-1
1142,250,818.44,366.41,22.08,57.84,0.6325,1,-1,-1
1142,272,800.62,359.01,23.05,63.67,0.6343,1,-1,-1
1142,294,1626.56,256.47,12.39,27.42,0.4017,1,-1,-1
1142,295,1640.91,257.79,14.91,28.38,0.4941,1,-1,-1
1143,250,817.44,367.47,21.89,57.09,0.6361,1,-1,-1
1143,272,800.18,359.84,22.66,62.46,0.5651,1,-1,-1
1143,294,1627.99,254.88,13.24,29.18,0.4902,1,-1,-1
1143,295,1642.61,257.20,15.51,29.16,0.5254,1,-1,-1
1144,250,816.87,367.71,22.06,57.23,0.6379,1,-1,-1
1144,272,800.26,360.11,21.21,57.55,0.5670,1,-1,-1
1144,294,1629.18,255.99,13.06,28.81,0.4717,1,-1,-1
1144,295,1643.96,257.00,15.81,29.33,0.5574,1,-1,-1
1145,250,816.56,367.84,22.48,58.14,0.6215,1,-1,-1
1145,272,799.70,360.02,22.64,61.15,0.5205,1,-1,-1
1145,294,1630.44,256.95,12.76,27.94,0.4378,1,-1,-1
1145,295,1644.91,257.61,15.74,28.68,0.5205,1,-1,-1
1146,250,816.49,368.16,22.82,59.00,0.6610,1,-1,-1
1146,272,798.95,359.94,23.68,63.80,0.5166,1,-1,-1
1146,294,1631.44,258.73,12.11,26.23,0.3775,1,-1,-1
1146,295,1646.12,259.18,14.98,26.96,0.4620,1,-1,-1
1147,250,816.61,368.47,23.10,59.70,0.6680,1,-1,-1
1147,272,798.21,359.97,24.90,66.67,0.5370,1,-1,-1
1147,294,1633.14,259.36,12.03,25.64,0.4111,1,-1,-1
1147,295,1646.85,259.66,14.89,26.67,0.4349,1,-1,-1
1148,250,816.79,369.08,23.09,59.74,0.6800,1,-1,-1
1148,272,797.65,360.50,25.47,68.08,0.5860,1,-1,-1
1148,294,1634.37,259.00,12.29,26.01,0.2894,1,-1,-1
1148,295,1647.19,259.80,14.62,26.40,0.3416,1,-1,-1
1149,250,816.88,370.49,22.95,59.47,0.7017,1,-1,-1
1149,272,797.20,361.36,25.80,69.29,0.5612,1,-1,-1
1149,294,1635.87,259.11,12.15,25.99,0.3285,1,-1,-1
1149,295,1649.52,259.35,15.12,27.01,0.5059,1,-1,-1
1150,250,817.07,371.18,23.06,59.67,0.6918,1,-1,-1
1150,272,797.04,363.25,25.60,69.01,0.5689,1,-1,-1
1150,294,1636.91,259.43,11.99,25.83,0.2288,1,-1,-1
1150,295,1651.05,259.07,15.28,27.18,0.4149,1,-1,-1
1151,250,817.61,371.71,23.21,59.74,0.6817,1,-1,-1
1151,272,797.46,364.15,24.18,65.31,0.5670,1,-1,-1
1151,294,1637.41,259.94,12.08,25.78,0.1925,1,-1,-1
1151,295,1652.79,259.27,15.20,26.95,0.4036,1,-1,-1
1152,250,818.51,372.06,23.51,60.28,0.6749,1,-1,-1
1152,272,797.68,365.28,25.19,68.21,0.5842,1,-1,-1
1152,294,1639.34,259.98,11.95,25.41,0.4177,1,-1,-1
1152,295,1654.10,259.81,14.87,26.26,0.4815,1,-1,-1
1153,250,819.06,372.42,23.86,60.91,0.7146,1,-1,-1
1153,272,797.48,365.84,25.98,70.38,0.6575,1,-1,-1
1153,294,1640.74,260.88,11.52,24.38,0.3460,1,-1,-1
1153,295,1655.24,260.75,14.60,25.45,0.4177,1,-1,-1
1154,250,819.93,373.71,23.80,60.59,0.7050,1,-1,-1
1154,272,797.67,366.75,26.06,70.61,0.6680,1,-1,-1
1154,294,1642.10,261.60,11.26,23.75,0.5351,1,-1,-1
1154,295,1656.16,260.72,14.89,25.62,0.4951,1,-1,-1
1155,250,820.22,375.05,23.83,60.58,0.7017,1,-1,-1
1155,272,797.72,367.26,26.10,70.58,0.6575,1,-1,-1
1155,294,1643.53,262.03,11.16,23.32,0.5185,1,-1,-1
1155,295,1657.27,261.13,14.67,25.05,0.3794,1,-1,-1
1156,250,820.69,376.36,23.71,60.32,0.7066,1,-1,-1
1156,272,797.99,368.07,25.90,69.89,0.6697,1,-1,-1
1156,294,1645.12,261.75,11.32,23.52,0.2934,1,-1,-1
1156,295,1658.18,261.27,14.33,24.75,0.1640,1,-1,-1
1157,250,820.72,377.53,23.44,59.75,0.6834,1,-1,-1
1157,272,798.27,368.97,25.66,69.26,0.6834,1,-1,-1
1157,294,1646.02,261.08,11.66,24.40,0.4130,1,-1,-1
1157,295,1658.25,260.94,14.15,25.03,0.2422,1,-1,-1
1158,250,820.75,377.89,23.54,60.29,0.6540,1,-1,-1
1158,272,798.80,369.60,25.10,68.08,0.7001,1,-1,-1
1158,294,1647.01,261.68,11.58,24.55,0.1667,1,-1,-1
1158,295,1659.02,261.84,13.46,24.48,0.1461,1,-1,-1
1159,250,820.69,378.32,23.74,61.16,0.6610,1,-1,-1
1159,272,799.17,369.98,24.82,67.63,0.7241,1,-1,-1
1159,294,1647.95,261.62,11.71,25.17,0.2140,1,-1,-1
1159,295,1658.64,261.98,13.18,24.60,0.2006,1,-1,-1
1160,250,820.63,378.83,23.84,61.89,0.6610,1,-1,-1
1160,272,799.51,370.37,24.62,67.36,0.7050,1,-1,-1
1160,294,1649.14,261.32,11.86,25.69,0.1974,1,-1,-1
1161,250,820.74,379.40,23.97,62.47,0.6783,1,-1,-1
1161,272,799.73,370.40,24.70,67.69,0.7241,1,-1,-1
1161,294,1651.31,261.46,11.75,24.98,0.1348,1,-1,-1
1162,250,821.14,380.23,23.86,62.51,0.6868,1,-1,-1
1162,272,799.42,371.07,24.66,67.57,0.7210,1,-1,-1
1162,294,1652.01,261.48,12.12,25.38,0.3585,1,-1,-1
1163,250,821.24,381.36,23.67,62.23,0.6817,1,-1,-1
1163,272,799.28,371.66,24.80,68.01,0.7050,1,-1,-1
1163,294,1652.52,262.05,12.17,25.31,0.3970,1,-1,-1
1164,250,821.63,382.13,23.45,61.85,0.7114,1,-1,-1
1164,272,798.94,372.00,25.27,69.40,0.6935,1,-1,-1
1164,294,1653.30,261.60,12.41,25.55,0.5438,1,-1,-1
1165,250,822.06,382.14,23.33,61.67,0.6680,1,-1,-1
1165,272,799.20,371.96,25.20,69.21,0.6749,1,-1,-1
1165,294,1654.48,261.87,12.44,25.59,0.5525,1,-1,-1
1166,250,822.21,382.98,23.95,63.75,0.7017,1,-1,-1
1166,272,798.97,374.05,25.35,70.08,0.6316,1,-1,-1
1166,294,1655.92,262.83,11.99,24.49,0.5612,1,-1,-1
1167,250,822.18,383.29,24.79,66.33,0.6575,1,-1,-1
1167,272,798.50,375.06,25.66,71.14,0.6549,1,-1,-1
1167,294,1656.87,263.65,11.71,23.74,0.4026,1,-1,-1
1168,250,822.08,383.93,25.07,67.50,0.6645,1,-1,-1
1168,272,798.61,376.18,25.50,70.83,0.6628,1,-1,-1
1168,294,1657.55,264.31,11.80,23.98,0.3794,1,-1,-1
1169,250,821.83,384.16,25.67,69.41,0.6270,1,-1,-1
1169,272,798.25,376.32,25.79,71.59,0.6619,1,-1,-1
1169,294,1658.03,264.60,11.84,24.23,0.4426,1,-1,-1
1170,250,821.73,384.93,25.77,69.80,0.6011,1,-1,-1
1170,272,798.55,376.82,25.95,71.88,0.6593,1,-1,-1
1170,294,1658.63,264.78,11.77,24.36,0.3868,1,-1,-1
1171,250,822.15,386.56,25.55,69.48,0.6505,1,-1,-1
1171,272,798.31,376.82,26.39,73.29,0.6680,1,-1,-1
1171,294,1659.40,264.45,12.26,25.39,0.4397,1,-1,-1
1172,250,822.25,387.92,25.31,69.12,0.6487,1,-1,-1
1172,272,798.40,377.66,26.09,72.46,0.6715,1,-1,-1
1172,294,1659.99,263.95,12.76,26.31,0.4436,1,-1,-1
1172,300,1674.41,264.78,18.35,27.21,0.5049,1,-1,-1
1173,250,822.71,387.89,25.19,68.80,0.6715,1,-1,-1
1173,272,798.71,378.87,25.83,71.44,0.6697,1,-1,-1
1173,294,1662.22,264.09,13.01,26.69,0.4902,1,-1,-1
1173,300,1676.48,264.68,18.00,26.74,0.5263,1,-1,-1
1173,295,1665.61,265.09,13.85,26.02,0.4649,1,-1,-1
1174,250,822.62,388.12,25.23,69.17,0.6783,1,-1,-1
1174,272,798.70,379.61,25.82,71.28,0.6851,1,-1,-1
1174,294,1663.84,264.63,12.88,26.40,0.4941,1,-1,-1
1174,300,1676.56,264.73,17.93,26.74,0.4369,1,-1,-1
1175,250,821.98,388.34,25.40,69.90,0.6918,1,-1,-1
1175,272,797.83,380.23,26.09,71.89,0.6968,1,-1,-1
1175,294,1665.32,264.17,13.30,27.20,0.5746,1,-1,-1
1175,300,1675.69,265.07,17.52,26.35,0.4092,1,-1,-1
1176,250,821.69,389.08,25.32,69.89,0.6800,1,-1,-1
1176,272,797.49,380.65,26.23,72.16,0.6766,1,-1,-1
1176,300,1677.60,265.17,17.37,26.34,0.3886,1,-1,-1
1176,295,1667.24,264.27,14.13,26.70,0.6142,1,-1,-1
1177,250,821.76,390.14,24.61,68.27,0.6800,1,-1,-1
1177,272,797.45,381.45,26.20,71.99,0.6505,1,-1,-1
1177,300,1679.33,265.99,16.62,25.53,0.2344,1,-1,-1
1178,250,821.88,391.06,24.49,68.10,0.6834,1,-1,-1
1178,272,797.21,382.51,26.78,73.67,0.6584,1,-1,-1
1178,300,1680.75,266.02,16.47,25.77,0.1321,1,-1,-1
1179,250,822.02,392.06,24.55,68.35,0.6610,1,-1,-1
1179,272,796.79,383.24,26.93,74.25,0.6723,1,-1,-1
1179,300,1680.30,265.81,16.26,26.12,0.1577,1,-1,-1
1180,250,822.00,393.00,24.35,67.74,0.6522,1,-1,-1
1180,272,795.74,383.51,27.18,75.15,0.6749,1,-1,-1
1180,300,1680.12,265.69,15.98,26.38,0.2524,1,-1,-1
1181,250,821.49,393.55,24.36,67.78,0.6289,1,-1,-1
1181,272,796.02,384.37,26.65,73.96,0.6775,1,-1,-1
1182,250,821.41,394.39,23.96,66.84,0.6352,1,-1,-1
1182,272,795.63,384.84,26.68,74.09,0.6637,1,-1,-1
1183,250,821.19,395.40,23.69,66.32,0.6442,1,-1,-1
1183,272,795.36,385.41,26.86,74.57,0.6715,1,-1,-1
1184,250,820.99,395.40,24.28,67.83,0.6749,1,-1,-1
1184,272,795.57,385.77,27.14,75.03,0.6817,1,-1,-1
1185,250,820.95,395.72,24.51,68.43,0.6968,1,-1,-1
1185,272,795.60,386.34,27.22,75.00,0.6610,1,-1,-1
1185,294,1677.78,265.02,13.36,27.56,0.5784,1,-1,-1
1186,250,820.44,395.83,24.89,69.98,0.6976,1,-1,-1
1186,272,795.41,387.39,26.96,74.30,0.6697,1,-1,-1
1186,294,1678.73,265.01,13.43,27.80,0.5823,1,-1,-1
1187,250,819.76,397.43,24.71,69.66,0.7090,1,-1,-1
1187,272,794.83,388.69,27.07,74.67,0.6628,1,-1,-1
1187,294,1679.48,264.95,13.40,27.75,0.6086,1,-1,-1
1188,250,818.70,398.89,24.64,69.46,0.7025,1,-1,-1
1188,272,793.20,391.04,27.21,75.16,0.6243,1,-1,-1
1188,294,1679.34,264.54,13.58,28.27,0.5631,1,-1,-1
1189,250,816.33,400.57,25.29,70.75,0.7162,1,-1,-1
1189,272,790.98,390.84,27.92,77.33,0.6602,1,-1,-1
1189,294,1678.19,264.62,13.29,28.04,0.4971,1,-1,-1
1190,250,813.64,401.70,25.28,70.58,0.6851,1,-1,-1
1190,272,788.47,390.27,28.85,79.55,0.7202,1,-1,-1
1190,294,1676.82,265.84,13.01,27.41,0.2806,1,-1,-1
1191,250,809.53,402.11,26.20,73.11,0.7491,1,-1,-1
1191,272,784.80,390.72,29.32,80.55,0.7025,1,-1,-1
1191,294,1675.86,266.99,13.45,27.10,0.1525,1,-1,-1
1192,250,804.25,403.14,26.88,74.21,0.7556,1,-1,-1
1192,272,779.52,391.26,29.34,80.38,0.7082,1,-1,-1
1193,250,799.00,404.21,26.74,73.79,0.6800,1,-1,-1
1193,272,773.95,392.29,29.44,80.67,0.6885,1,-1,-1
1194,250,792.59,405.77,26.76,72.99,0.7303,1,-1,-1
1194,272,767.28,392.60,30.02,81.93,0.7303,1,-1,-1
1195,250,786.46,406.02,27.21,74.50,0.7491,1,-1,-1
1195,272,761.15,393.47,29.94,81.75,0.7233,1,-1,-1
1196,250,781.07,406.65,27.01,73.62,0.7256,1,-1,-1
1196,272,755.76,394.75,29.67,80.79,0.6935,1,-1,-1
1197,250,776.55,407.37,26.53,72.15,0.7001,1,-1,-1
1197,272,751.53,395.31,29.69,80.59,0.6663,1,-1,-1
1198,250,773.24,407.29,26.69,72.93,0.6984,1,-1,-1
1198,272,747.86,396.70,29.73,80.49,0.7194,1,-1,-1
1199,250,770.55,408.20,26.69,73.34,0.6851,1,-1,-1
1199,272,744.91,398.87,29.47,79.53,0.7394,1,-1,-1
1200,250,767.71,407.91,27.10,74.89,0.7424,1,-1,-1
1200,272,742.26,400.26,28.80,77.88,0.7154,1,-1,-1
1201,250,765.01,408.48,27.38,76.12,0.7194,1,-1,-1
1201,272,740.51,400.23,28.79,78.05,0.7170,1,-1,-1
1202,250,762.75,410.39,27.10,76.11,0.6901,1,-1,-1
1202,272,738.91,401.20,28.52,77.34,0.7154,1,-1,-1
1203,250,760.85,411.58,27.26,76.71,0.7506,1,-1,-1
1203,272,736.32,400.79,29.16,79.34,0.6976,1,-1,-1
1204,250,758.55,412.19,27.50,77.58,0.7233,1,-1,-1
1204,272,733.16,400.67,30.00,81.44,0.7098,1,-1,-1
1205,250,755.47,412.39,27.05,75.96,0.7725,1,-1,-1
1205,272,729.71,401.79,30.04,81.64,0.7469,1,-1,-1
1206,250,751.40,412.93,27.15,76.02,0.6834,1,-1,-1
1206,272,725.46,403.67,29.50,80.20,0.7001,1,-1,-1
1207,250,746.15,413.24,27.46,76.42,0.7642,1,-1,-1
1207,272,719.89,404.78,29.82,80.92,0.7162,1,-1,-1
1208,250,740.00,416.59,27.40,75.88,0.7280,1,-1,-1
1208,272,714.00,404.52,29.93,81.69,0.6851,1,-1,-1
1209,250,732.70,418.32,27.79,76.18,0.7925,1,-1,-1
1209,272,707.38,404.78,30.02,82.21,0.6868,1,-1,-1
1210,250,726.11,419.32,28.50,78.15,0.6215,1,-1,-1
1210,272,700.22,405.22,31.06,85.18,0.6160,1,-1,-1
1211,250,718.51,420.03,29.60,80.51,0.7513,1,-1,-1
1211,272,693.30,405.53,31.84,87.65,0.6918,1,-1,-1
1212,250,711.08,420.99,30.25,81.86,0.6531,1,-1,-1
1212,272,686.46,408.21,32.40,88.97,0.6352,1,-1,-1
1213,250,704.49,422.85,29.28,78.93,0.6851,1,-1,-1
1213,272,679.89,408.91,31.56,87.14,0.5955,1,-1,-1
1214,250,694.80,421.58,30.46,80.28,0.7614,1,-1,-1
1214,272,672.25,410.21,31.43,87.57,0.6671,1,-1,-1
1215,250,688.91,423.33,30.21,79.19,0.6549,1,-1,-1
1215,272,664.07,410.00,32.40,89.91,0.6758,1,-1,-1
1216,250,679.99,424.33,30.85,80.57,0.6800,1,-1,-1
1216,272,655.20,410.73,32.09,89.25,0.5535,1,-1,-1
1217,250,669.32,424.95,31.82,81.89,0.6800,1,-1,-1
1217,272,646.28,413.60,31.50,87.47,0.6011,1,-1,-1
1218,250,660.25,425.77,30.28,77.76,0.6868,1,-1,-1
1218,272,635.84,415.38,28.84,79.55,0.5823,1,-1,-1
1219,250,647.84,427.51,30.15,77.35,0.6663,1,-1,-1
1219,272,623.14,415.94,29.93,82.54,0.5670,1,-1,-1
1220,250,635.76,429.59,29.85,75.59,0.6433,1,-1,-1
1220,272,610.15,416.38,30.45,84.14,0.5525,1,-1,-1
1221,250,622.18,430.44,30.50,77.15,0.6406,1,-1,-1
1221,272,596.44,419.28,29.26,80.84,0.4873,1,-1,-1
