1,0,857.87,394.24,22.46,52.89,0.6851,1,-1,-1
1,1,1860.31,339.70,20.36,43.99,0.6628,1,-1,-1
1,2,386.11,431.95,72.88,26.58,0.6030,4,-1,-1
1,3,1828.34,340.83,21.59,41.68,0.5765,1,-1,-1
2,0,858.86,394.00,22.76,53.50,0.7066,1,-1,-1
2,1,1861.11,340.18,19.91,43.01,0.6628,1,-1,-1
2,2,385.20,432.46,73.68,26.89,0.6968,4,-1,-1
2,3,1829.26,341.39,21.45,41.44,0.5746,1,-1,-1
3,0,860.57,394.47,22.91,53.88,0.6723,1,-1,-1
3,1,1862.05,340.61,19.54,42.17,0.6749,1,-1,-1
3,2,384.68,433.17,72.07,26.28,0.7424,4,-1,-1
3,3,1830.34,341.68,21.16,40.88,0.5400,1,-1,-1
4,0,863.36,395.86,22.44,52.91,0.7334,1,-1,-1
4,1,1863.06,340.16,19.90,42.88,0.6918,1,-1,-1
4,2,384.39,433.92,69.88,25.43,0.6732,4,-1,-1
4,3,1831.21,342.09,21.15,40.81,0.5516,1,-1,-1
5,0,865.45,396.50,21.29,50.24,0.7349,1,-1,-1
5,1,1863.47,339.90,20.48,44.04,0.6918,1,-1,-1
5,2,379.53,434.01,74.34,27.09,0.7050,4,-1,-1
5,3,1831.44,342.60,21.31,41.17,0.5059,1,-1,-1
6,0,867.81,397.62,20.81,49.43,0.7106,1,-1,-1
6,1,1864.19,340.40,20.52,44.07,0.6800,1,-1,-1
6,2,376.93,434.91,75.02,27.34,0.6689,4,-1,-1
6,3,1832.30,342.65,21.53,41.47,0.4717,1,-1,-1
7,0,869.88,398.28,21.33,50.99,0.6960,1,-1,-1
7,1,1864.84,340.36,20.68,44.42,0.7098,1,-1,-1
7,2,374.36,435.93,76.18,27.80,0.5098,4,-1,-1
7,3,1833.50,343.56,21.11,40.55,0.5506,1,-1,-1
8,0,871.70,398.26,21.86,52.84,0.7130,1,-1,-1
8,1,1865.56,340.27,20.50,44.18,0.6901,1,-1,-1
8,2,372.44,436.75,76.80,28.07,0.4121,4,-1,-1
8,3,1834.77,343.59,21.43,41.12,0.5612,1,-1,-1
9,0,873.68,397.59,21.94,53.68,0.6558,1,-1,-1
9,1,1866.57,339.99,20.67,44.48,0.6783,1,-1,-1
9,3,1836.09,343.49,21.38,40.89,0.5322,1,-1,-1
10,0,875.20,396.94,22.55,55.23,0.6593,1,-1,-1
10,1,1867.66,340.47,20.50,44.17,0.6697,1,-1,-1
10,3,1837.24,342.72,21.95,41.71,0.5244,1,-1,-1
10,5,32.01,376.49,25.35,39.91,0.4766,1,-1,-1
11,0,876.37,396.52,23.04,56.34,0.6918,1,-1,-1
11,1,1868.67,341.21,20.21,43.33,0.6575,1,-1,-1
11,3,1838.70,343.08,21.76,41.06,0.6361,1,-1,-1
11,5,30.54,377.65,22.55,35.34,0.2689,1,-1,-1
12,0,877.55,396.62,23.16,56.33,0.6160,1,-1,-1
12,1,1869.18,341.28,20.38,43.41,0.6325,1,-1,-1
12,3,1839.56,343.23,21.68,40.76,0.6179,1,-1,-1
12,5,26.52,377.78,23.31,36.52,0.2806,1,-1,-1
13,0,877.93,397.22,22.64,55.13,0.5917,1,-1,-1
13,1,1868.86,340.30,20.90,44.44,0.6451,1,-1,-1
13,3,1840.01,343.08,21.86,40.92,0.5955,1,-1,-1
13,5,20.03,376.98,26.49,41.57,0.4407,1,-1,-1
14,0,879.33,398.57,20.85,50.82,0.5651,1,-1,-1
14,1,1867.77,340.20,20.82,44.47,0.6800,1,-1,-1
14,3,1839.07,342.10,22.38,41.88,0.6234,1,-1,-1
15,0,879.28,399.80,21.20,51.20,0.6487,1,-1,-1
15,1,1866.02,340.62,20.69,43.98,0.7033,1,-1,-1
15,3,1837.32,341.78,22.58,42.21,0.5917,1,-1,-1
16,0,878.89,401.58,21.09,50.74,0.6593,1,-1,-1
16,1,1864.13,342.11,19.96,42.44,0.6067,1,-1,-1
16,3,1834.42,342.44,22.84,42.86,0.5506,1,-1,-1
17,0,877.74,401.99,21.00,50.82,0.6197,1,-1,-1
17,1,1860.47,342.99,18.27,38.72,0.6325,1,-1,-1
17,3,1831.17,343.37,22.19,41.55,0.6021,1,-1,-1
17,2,339.76,441.68,75.70,27.77,0.5302,4,-1,-1
18,0,875.61,402.08,21.18,51.44,0.6505,1,-1,-1
18,1,1856.18,342.10,18.47,39.03,0.5554,1,-1,-1
18,3,1826.97,343.30,21.78,40.67,0.6280,1,-1,-1
18,2,334.59,442.58,74.69,27.35,0.5146,4,-1,-1
19,0,872.96,401.38,21.56,52.45,0.6723,1,-1,-1
19,1,1850.97,340.39,19.62,40.65,0.2613,1,-1,-1
19,2,326.14,443.49,77.28,28.41,0.5322,4,-1,-1
19,6,1888.49,448.10,31.34,76.74,0.6487,1,-1,-1
20,0,870.15,401.36,21.48,52.34,0.6325,1,-1,-1
20,1,1845.86,339.12,19.76,40.58,0.2516,1,-1,-1
20,2,319.95,444.84,74.41,27.21,0.6943,4,-1,-1
20,6,1885.73,447.17,31.29,76.22,0.7233,1,-1,-1
21,0,866.59,400.94,21.80,52.78,0.6749,1,-1,-1
21,2,312.04,445.85,75.16,27.45,0.6619,4,-1,-1
21,6,1883.87,446.95,31.85,76.97,0.7130,1,-1,-1
22,0,862.25,399.65,22.41,53.45,0.6610,1,-1,-1
22,2,302.27,447.30,78.10,28.64,0.5525,4,-1,-1
22,6,1881.47,447.52,32.34,76.95,0.7606,1,-1,-1
23,0,859.97,399.73,22.90,54.07,0.6637,1,-1,-1
23,2,294.99,448.27,76.23,27.69,0.7217,4,-1,-1
23,6,1877.82,447.49,33.65,78.27,0.7387,1,-1,-1
23,9,1803.12,343.60,20.16,37.69,0.5137,1,-1,-1
23,3,1827.76,337.73,25.33,47.56,0.5583,1,-1,-1
24,0,857.51,400.60,22.93,53.66,0.6067,1,-1,-1
24,2,286.45,449.22,77.21,27.99,0.7295,4,-1,-1
24,6,1873.05,448.30,34.32,77.82,0.7017,1,-1,-1
24,9,1799.13,343.78,19.61,36.51,0.5506,1,-1,-1
24,10,30.55,459.61,89.76,32.64,0.5506,4,-1,-1
24,3,1826.29,337.64,25.87,48.64,0.5467,1,-1,-1
25,0,854.55,401.66,23.42,54.52,0.6343,1,-1,-1
25,2,278.23,450.29,77.30,27.91,0.7217,4,-1,-1
25,6,1867.82,448.92,35.28,78.38,0.6918,1,-1,-1
25,9,1793.95,343.74,19.69,36.45,0.3303,1,-1,-1
25,10,21.89,461.32,89.74,32.62,0.2247,4,-1,-1
25,3,1821.79,337.22,25.74,48.85,0.4140,1,-1,-1
26,0,853.12,402.46,23.12,54.07,0.6968,1,-1,-1
26,2,269.54,451.31,78.85,28.42,0.7520,4,-1,-1
26,6,1863.56,449.33,36.24,79.42,0.7349,1,-1,-1
26,9,1789.02,342.58,21.40,39.52,0.4446,1,-1,-1
26,10,9.51,462.58,90.43,32.79,0.2999,4,-1,-1
26,3,1818.20,336.44,26.06,50.25,0.5823,1,-1,-1
26,12,512.24,426.81,68.51,24.93,0.5898,4,-1,-1
27,0,851.46,403.37,22.14,51.94,0.6487,1,-1,-1
27,2,260.23,452.19,80.86,29.18,0.5718,4,-1,-1
27,6,1858.96,449.16,36.65,79.32,0.7454,1,-1,-1
27,9,1784.33,343.14,21.30,39.28,0.4785,1,-1,-1
27,10,0.61,465.30,91.18,33.08,0.4064,4,-1,-1
27,3,1813.98,337.02,25.70,49.80,0.5010,1,-1,-1
27,12,506.59,428.65,65.56,23.83,0.5955,4,-1,-1
28,0,848.72,403.58,23.04,54.30,0.6951,1,-1,-1
28,2,251.25,453.55,82.31,29.83,0.5496,4,-1,-1
28,6,1854.07,448.71,36.95,79.84,0.6415,1,-1,-1
28,9,1779.59,342.91,21.51,39.61,0.6442,1,-1,-1
28,10,-3.40,466.34,87.80,31.95,0.2524,4,-1,-1
28,3,1808.27,337.01,25.49,49.92,0.7090,1,-1,-1
28,12,496.19,426.39,72.59,26.44,0.7356,4,-1,-1
29,0,846.06,403.79,23.41,55.47,0.6775,1,-1,-1
29,2,242.33,454.51,83.01,30.15,0.6645,4,-1,-1
29,6,1849.66,449.00,37.77,81.04,0.6843,1,-1,-1
29,9,1775.82,343.55,21.35,39.10,0.6002,1,-1,-1
29,3,1803.59,336.94,25.15,49.63,0.6671,1,-1,-1
29,12,490.79,428.42,69.77,25.38,0.6433,4,-1,-1
30,0,843.08,404.03,23.32,55.26,0.6619,1,-1,-1
30,2,235.00,456.04,80.45,29.04,0.7264,4,-1,-1
30,6,1846.32,450.09,37.89,81.17,0.7066,1,-1,-1
30,9,1771.73,344.32,20.94,38.12,0.5679,1,-1,-1
30,3,1799.32,337.58,25.15,50.05,0.5689,1,-1,-1
30,12,481.70,428.19,74.80,27.30,0.3381,4,-1,-1
31,0,840.34,402.70,23.92,57.31,0.5908,1,-1,-1
31,2,226.28,457.34,81.85,29.55,0.6885,4,-1,-1
31,6,1843.28,450.82,37.53,80.19,0.7469,1,-1,-1
31,9,1766.52,343.86,22.20,40.46,0.5400,1,-1,-1
31,3,1794.72,336.22,25.74,52.10,0.4980,1,-1,-1
31,12,474.17,428.39,76.59,28.07,0.5689,4,-1,-1
32,0,838.42,402.80,23.54,56.71,0.5813,1,-1,-1
32,2,216.92,458.23,83.47,30.03,0.6067,4,-1,-1
32,6,1840.16,452.37,37.20,79.02,0.7082,1,-1,-1
32,9,1763.17,343.18,22.52,40.84,0.4378,1,-1,-1
32,3,1791.10,335.47,26.24,53.57,0.4639,1,-1,-1
32,12,467.88,429.55,78.06,28.71,0.3363,4,-1,-1
33,0,836.07,403.28,23.15,55.91,0.5622,1,-1,-1
33,2,208.12,460.42,82.90,29.66,0.5029,4,-1,-1
33,6,1836.72,453.46,38.04,79.93,0.7194,1,-1,-1
33,9,1759.17,343.17,22.94,42.01,0.5525,1,-1,-1
33,3,1787.54,335.37,25.98,52.76,0.4017,1,-1,-1
33,12,459.94,428.29,82.88,30.64,0.3730,4,-1,-1
34,0,833.99,404.11,22.95,55.47,0.5039,1,-1,-1
34,2,198.91,461.17,84.70,30.35,0.4756,4,-1,-1
34,6,1833.53,453.81,37.98,79.40,0.7469,1,-1,-1
34,9,1755.71,343.52,23.22,42.63,0.6584,1,-1,-1
34,3,1785.20,336.35,24.65,49.69,0.5049,1,-1,-1
34,12,454.74,430.05,80.32,29.77,0.5078,4,-1,-1
35,0,830.00,404.44,24.53,57.46,0.6197,1,-1,-1
35,2,189.66,462.09,87.62,31.46,0.7058,4,-1,-1
35,6,1829.64,454.46,37.84,78.71,0.6993,1,-1,-1
35,9,1752.75,344.28,22.91,42.00,0.6740,1,-1,-1
35,3,1781.09,337.48,24.12,48.18,0.5525,1,-1,-1
35,12,443.16,428.71,86.71,32.61,0.4121,4,-1,-1
36,0,828.46,406.35,23.95,55.90,0.5879,1,-1,-1
36,2,181.87,463.58,86.47,31.00,0.5964,4,-1,-1
36,6,1822.83,455.28,39.39,79.75,0.7114,1,-1,-1
36,9,1748.84,344.68,22.30,40.72,0.3821,1,-1,-1
36,3,1778.62,339.12,23.18,46.10,0.4455,1,-1,-1
36,12,439.70,431.85,79.16,29.84,0.5727,4,-1,-1
37,0,827.26,408.07,23.71,55.29,0.6558,1,-1,-1
37,2,173.65,465.52,84.26,30.07,0.5205,4,-1,-1
37,6,1817.27,455.69,41.37,81.05,0.7520,1,-1,-1
37,9,1745.43,345.11,22.48,40.92,0.6021,1,-1,-1
37,3,1776.48,338.89,23.10,46.22,0.4746,1,-1,-1
37,12,433.61,434.05,78.64,29.67,0.4863,4,-1,-1
38,0,825.01,409.20,23.73,55.60,0.6715,1,-1,-1
38,2,162.59,465.90,87.93,31.46,0.6809,4,-1,-1
38,6,1813.36,456.51,42.70,81.53,0.7264,1,-1,-1
38,9,1742.35,344.86,23.04,41.67,0.4484,1,-1,-1
38,3,1771.67,336.91,24.52,49.02,0.5612,1,-1,-1
38,12,426.21,435.73,79.40,30.08,0.5679,4,-1,-1
39,0,823.53,409.82,23.68,55.75,0.6817,1,-1,-1
39,2,152.04,466.78,90.69,32.55,0.6809,4,-1,-1
39,6,1809.88,458.05,43.54,81.17,0.6993,1,-1,-1
39,9,1739.30,344.64,23.48,41.87,0.1196,1,-1,-1
39,3,1768.79,334.90,25.17,50.72,0.5400,1,-1,-1
39,12,419.17,436.38,80.80,30.76,0.5794,4,-1,-1
40,0,821.20,409.99,23.91,56.39,0.6910,1,-1,-1
40,2,140.04,467.41,95.17,34.43,0.7311,4,-1,-1
40,6,1806.41,458.81,44.78,81.97,0.7476,1,-1,-1
40,9,1735.47,344.38,23.40,41.84,0.2160,1,-1,-1
40,3,1765.23,335.04,24.89,50.21,0.4980,1,-1,-1
40,12,410.93,436.27,85.10,32.49,0.4436,4,-1,-1
41,0,818.46,409.96,24.01,56.87,0.7001,1,-1,-1
41,2,130.54,469.97,94.17,34.19,0.7202,4,-1,-1
41,6,1802.80,459.76,45.63,81.88,0.7746,1,-1,-1
41,9,1732.63,344.86,23.50,41.76,0.6334,1,-1,-1
41,3,1761.91,334.84,25.19,50.84,0.4581,1,-1,-1
41,12,402.38,437.13,85.20,32.86,0.3585,4,-1,-1
42,0,815.72,408.79,24.23,57.80,0.7146,1,-1,-1
42,2,120.83,471.89,95.22,34.80,0.7249,4,-1,-1
42,6,1798.48,460.24,47.47,83.91,0.7549,1,-1,-1
42,9,1728.47,344.08,23.95,42.48,0.6002,1,-1,-1
42,3,1757.16,335.15,24.99,50.70,0.5718,1,-1,-1
42,12,394.80,437.39,86.80,33.80,0.5622,4,-1,-1
43,0,811.56,407.59,25.33,59.93,0.7098,1,-1,-1
43,2,109.67,473.00,96.94,35.70,0.6876,4,-1,-1
43,6,1794.46,460.52,48.71,85.73,0.7635,1,-1,-1
43,9,1723.40,340.95,25.14,44.93,0.3040,1,-1,-1
43,3,1752.92,334.56,26.58,54.88,0.3208,1,-1,-1
43,12,389.25,440.16,81.05,31.59,0.4177,4,-1,-1
44,0,808.40,407.19,26.01,60.91,0.7050,1,-1,-1
44,2,99.05,474.35,96.16,35.55,0.6910,4,-1,-1
44,6,1791.33,461.01,48.80,85.86,0.7592,1,-1,-1
44,9,1718.99,341.88,24.71,44.28,0.4340,1,-1,-1
44,3,1748.96,338.46,25.36,52.65,0.3099,1,-1,-1
44,12,379.33,440.67,81.26,31.92,0.5708,4,-1,-1
45,0,804.90,408.62,25.63,59.74,0.7098,1,-1,-1
45,2,87.56,476.93,95.55,35.32,0.6505,4,-1,-1
45,6,1787.28,461.00,49.00,86.19,0.7520,1,-1,-1
45,9,1715.32,343.74,23.90,42.59,0.2822,1,-1,-1
45,3,1741.86,340.79,30.95,66.47,0.2173,1,-1,-1
45,12,369.75,441.29,83.26,33.03,0.5765,4,-1,-1
46,0,800.36,409.24,25.69,59.07,0.6918,1,-1,-1
46,2,75.71,479.66,94.71,34.95,0.5419,4,-1,-1
46,6,1784.42,460.89,49.10,87.05,0.7535,1,-1,-1
46,9,1710.49,344.79,23.71,42.66,0.4216,1,-1,-1
46,3,1737.14,340.43,29.63,64.49,0.3478,1,-1,-1
46,12,360.76,441.49,85.37,34.07,0.5631,4,-1,-1
47,0,797.04,410.42,25.21,57.63,0.7225,1,-1,-1
47,2,59.65,479.79,101.55,37.78,0.3074,4,-1,-1
47,6,1780.93,461.74,49.31,88.39,0.7549,1,-1,-1
47,9,1704.66,342.89,24.73,44.88,0.3132,1,-1,-1
47,3,1729.53,343.56,29.44,64.52,0.2234,1,-1,-1
47,12,345.82,439.44,94.40,38.48,0.2241,4,-1,-1
48,0,793.73,412.45,24.42,55.73,0.7202,1,-1,-1
48,2,45.07,480.86,104.62,39.27,0.4591,4,-1,-1
48,6,1777.30,463.07,48.52,88.17,0.7491,1,-1,-1
48,9,1698.18,340.87,25.32,46.24,0.1285,1,-1,-1
48,12,334.51,440.33,97.00,40.13,0.4600,4,-1,-1
49,0,790.26,414.75,23.71,54.39,0.7058,1,-1,-1
49,2,32.11,484.15,101.93,38.42,0.5670,4,-1,-1
49,6,1772.35,463.56,48.30,88.65,0.7635,1,-1,-1
49,12,326.02,443.11,92.23,38.58,0.5775,4,-1,-1
50,0,785.22,415.38,24.75,57.38,0.7256,1,-1,-1
50,2,15.38,485.41,104.11,39.44,0.5185,4,-1,-1
50,6,1766.23,464.76,47.99,88.91,0.7170,1,-1,-1
50,12,316.17,446.10,89.90,37.75,0.5205,4,-1,-1
51,0,778.84,414.95,25.49,59.05,0.3775,1,-1,-1
51,2,-5.30,487.25,113.26,43.73,0.1225,4,-1,-1
51,6,1758.97,465.24,47.63,89.17,0.7476,1,-1,-1
51,12,301.83,447.40,91.29,38.62,0.5088,4,-1,-1
52,0,771.78,415.87,24.35,56.50,0.4455,1,-1,-1
52,2,-15.82,487.29,110.52,43.99,0.1204,4,-1,-1
52,6,1749.56,465.82,47.81,89.68,0.6993,1,-1,-1
52,12,286.67,449.77,91.23,38.79,0.5622,4,-1,-1
53,6,1739.09,466.49,48.06,90.01,0.6531,1,-1,-1
53,12,269.48,452.29,92.61,39.47,0.1180,4,-1,-1
54,6,1723.27,467.45,48.14,88.78,0.4668,1,-1,-1
54,12,252.96,456.10,88.26,37.19,0.1784,4,-1,-1
55,6,1706.73,467.48,48.52,87.27,0.6058,1,-1,-1
55,12,231.86,457.61,90.28,37.91,0.2516,4,-1,-1
56,6,1691.30,467.33,47.91,84.99,0.2372,2,-1,-1
56,12,208.20,459.39,90.71,37.93,0.4436,4,-1,-1
57,6,1674.89,469.23,47.65,83.24,0.1694,2,-1,-1
57,12,183.88,461.75,93.44,38.80,0.2759,4,-1,-1
58,6,1655.19,469.54,49.26,84.39,0.3775,1,-1,-1
58,12,155.13,466.37,94.46,38.94,0.3989,4,-1,-1
59,6,1637.68,470.13,51.38,85.99,0.4737,1,-1,-1
59,12,125.94,467.98,100.99,41.65,0.3124,4,-1,-1
60,6,1621.74,470.29,51.39,85.60,0.2546,2,-1,-1
60,12,95.29,467.93,111.03,46.14,0.3208,4,-1,-1
61,6,1603.13,470.49,51.61,85.50,0.3849,1,-1,-1
61,12,64.56,467.94,117.05,49.02,0.1613,4,-1,-1
62,6,1587.41,471.16,52.52,86.51,0.5946,1,-1,-1
62,12,40.81,473.93,110.62,46.43,0.2814,4,-1,-1
63,6,1569.88,471.06,52.19,86.37,0.5603,1,-1,-1
63,12,-7.02,461.92,145.63,62.87,0.1854,4,-1,-1
64,6,1554.43,470.81,51.47,85.62,0.5775,1,-1,-1
64,12,-33.17,459.25,156.67,70.89,0.3049,4,-1,-1
65,6,1539.20,471.07,51.89,87.07,0.6095,1,-1,-1
66,6,1524.12,471.28,51.30,87.49,0.6039,1,-1,-1
67,6,1510.46,472.30,50.00,86.53,0.6460,1,-1,-1
68,6,1496.39,472.73,49.71,87.29,0.6406,1,-1,-1
69,6,1483.17,473.96,49.22,87.48,0.6114,1,-1,-1
70,6,1470.05,476.20,47.55,85.43,0.6261,1,-1,-1
71,6,1455.20,477.38,46.46,83.80,0.5775,1,-1,-1
72,6,1439.15,478.82,46.96,83.62,0.6910,1,-1,-1
73,6,1424.72,479.95,47.27,82.77,0.7090,1,-1,-1
74,6,1411.73,480.80,48.91,84.79,0.6843,1,-1,-1
75,6,1400.05,482.21,49.26,84.45,0.6225,1,-1,-1
76,6,1387.88,483.11,51.24,87.32,0.5794,1,-1,-1
77,6,1377.72,483.82,51.80,87.70,0.5927,1,-1,-1
78,6,1366.51,484.53,53.29,90.02,0.6960,1,-1,-1
79,6,1355.77,485.22,53.56,90.78,0.6910,1,-1,-1
80,6,1345.53,486.69,54.18,92.39,0.6893,1,-1,-1
81,6,1335.79,488.88,54.34,93.78,0.6792,1,-1,-1
82,6,1327.17,488.87,53.64,93.15,0.5870,1,-1,-1
83,6,1317.85,490.02,53.52,93.95,0.6602,1,-1,-1
84,6,1309.11,491.04,52.98,94.65,0.6910,1,-1,-1
85,6,1299.48,492.74,52.31,94.82,0.7122,1,-1,-1
86,6,1289.59,494.89,51.31,93.89,0.3702,1,-1,-1
87,6,1280.35,497.17,51.00,94.23,0.6706,1,-1,-1
88,6,1270.82,499.51,51.27,95.47,0.4417,1,-1,-1
89,6,1261.93,505.02,48.96,90.65,0.4064,1,-1,-1
90,6,1251.07,504.91,49.68,91.57,0.4484,1,-1,-1
91,6,1239.90,506.50,50.57,91.78,0.6558,1,-1,-1
92,6,1229.94,509.76,50.93,91.27,0.6575,1,-1,-1
93,6,1221.45,509.34,54.66,97.07,0.6132,1,-1,-1
94,6,1213.85,512.04,55.02,96.78,0.6567,1,-1,-1
94,25,152.36,490.91,36.64,81.23,0.6680,1,-1,-1
95,6,1210.00,515.24,55.43,97.18,0.7233,1,-1,-1
95,25,142.30,493.04,37.84,83.66,0.6352,1,-1,-1
96,6,1209.01,516.86,55.58,97.83,0.7506,1,-1,-1
96,25,138.87,497.51,36.97,81.19,0.7341,1,-1,-1
97,6,1210.78,519.62,54.94,97.72,0.7170,1,-1,-1
97,25,131.27,499.01,38.60,83.54,0.6792,1,-1,-1
97,26,1077.89,346.63,22.56,44.77,0.6270,1,-1,-1
98,6,1213.58,521.56,54.36,97.77,0.6943,1,-1,-1
98,25,128.99,500.67,38.53,82.97,0.6993,1,-1,-1
98,26,1077.26,346.93,22.62,45.02,0.6379,1,-1,-1
99,6,1216.69,524.23,53.61,97.72,0.6918,1,-1,-1
99,25,122.14,502.49,38.68,82.42,0.7364,1,-1,-1
99,26,1075.56,346.99,23.13,46.21,0.5993,1,-1,-1
100,6,1218.10,528.87,52.59,96.66,0.6918,1,-1,-1
100,25,115.40,504.00,39.41,83.24,0.7106,1,-1,-1
100,26,1071.92,347.89,23.15,46.40,0.5400,1,-1,-1
101,6,1218.35,533.10,51.69,95.52,0.7146,1,-1,-1
101,25,109.58,506.42,41.20,87.21,0.7058,1,-1,-1
101,26,1066.92,348.45,23.42,47.16,0.5670,1,-1,-1
102,6,1216.55,537.18,51.29,95.45,0.5993,1,-1,-1
102,25,100.62,508.05,42.11,89.60,0.6361,1,-1,-1
102,26,1061.28,350.19,22.38,45.23,0.5020,1,-1,-1
103,6,1209.42,536.29,52.35,98.76,0.5955,1,-1,-1
103,25,89.41,510.59,43.14,92.18,0.7090,1,-1,-1
104,6,1204.04,539.92,51.89,98.65,0.6567,1,-1,-1
104,25,75.13,513.53,42.19,90.17,0.6723,1,-1,-1
105,6,1195.11,542.80,51.74,100.18,0.5166,1,-1,-1
105,25,59.71,514.07,42.84,91.92,0.7387,1,-1,-1
106,6,1189.67,549.49,50.87,97.37,0.6433,1,-1,-1
106,25,45.97,517.90,42.48,90.07,0.6860,1,-1,-1
107,6,1180.39,552.32,51.63,97.11,0.6215,1,-1,-1
107,25,30.99,522.24,41.76,87.47,0.4932,1,-1,-1
107,33,1171.99,545.03,44.84,98.99,0.6132,1,-1,-1
108,6,1169.09,552.84,54.80,101.16,0.6593,1,-1,-1
108,33,1164.68,548.19,44.21,97.40,0.1027,1,-1,-1
109,6,1161.57,558.11,55.17,100.20,0.5823,1,-1,-1
110,6,1152.65,560.14,57.54,103.41,0.5322,1,-1,-1
111,6,1143.17,561.55,60.00,106.19,0.6549,1,-1,-1
111,37,1070.43,201.91,63.33,30.51,0.4504,4,-1,-1
112,6,1140.08,567.24,58.49,103.98,0.5195,1,-1,-1
112,37,1067.98,202.07,53.06,25.49,0.3303,4,-1,-1
113,6,1130.49,572.61,59.46,104.53,0.5195,1,-1,-1
113,37,1058.83,204.75,51.55,24.81,0.1500,4,-1,-1
114,6,1119.06,570.04,62.25,109.25,0.6049,1,-1,-1
115,6,1114.06,579.06,59.91,105.02,0.5156,1,-1,-1
116,6,1105.30,581.17,60.17,105.43,0.4727,1,-1,-1
117,6,1095.69,584.86,62.89,110.79,0.6910,1,-1,-1
118,6,1089.51,592.05,60.52,106.56,0.6325,1,-1,-1
119,6,1082.03,598.48,60.08,105.93,0.5244,1,-1,-1
120,6,1075.08,603.79,60.22,107.29,0.5400,1,-1,-1
121,6,1067.62,607.96,60.60,108.59,0.5429,1,-1,-1
122,6,1058.17,613.18,61.77,111.00,0.6792,1,-1,-1
123,6,1050.30,619.37,59.63,106.58,0.6766,1,-1,-1
124,6,1041.29,621.49,60.81,107.91,0.4158,1,-1,-1
125,6,1026.28,624.87,63.52,109.84,0.3812,2,-1,-1
126,6,1016.24,630.43,65.21,110.41,0.4698,1,-1,-1
127,6,1007.55,635.20,67.62,112.86,0.5775,1,-1,-1
128,6,1000.37,642.14,67.28,111.26,0.6514,1,-1,-1
129,6,989.39,645.80,68.96,112.36,0.6225,1,-1,-1
130,6,980.64,649.73,71.44,116.32,0.3621,1,-1,-1
131,6,965.47,653.47,73.43,118.27,0.5195,1,-1,-1
132,6,952.70,656.86,72.56,116.94,0.3149,2,-1,-1
133,6,940.60,662.38,72.31,116.55,0.5293,1,-1,-1
134,6,925.99,665.58,72.05,116.50,0.5946,1,-1,-1
135,6,909.40,669.41,74.35,120.56,0.6619,1,-1,-1
136,6,899.95,675.95,70.78,115.68,0.5117,1,-1,-1
137,6,885.07,683.51,70.26,115.43,0.6021,1,-1,-1
138,6,875.08,688.56,67.92,113.88,0.6460,1,-1,-1
139,6,862.23,694.00,66.80,113.93,0.6637,1,-1,-1
140,6,848.50,699.21,66.52,115.24,0.5283,1,-1,-1
141,6,836.24,706.59,64.26,112.40,0.6188,1,-1,-1
142,6,821.40,711.60,66.65,118.15,0.4746,1,-1,-1
143,6,803.31,713.88,74.40,133.78,0.7773,1,-1,-1
144,6,792.62,717.47,77.63,141.82,0.8044,1,-1,-1
144,41,766.27,696.31,63.71,134.43,0.6132,1,-1,-1
145,6,789.84,722.00,77.75,144.17,0.7592,1,-1,-1
145,41,763.62,699.99,65.77,138.86,0.6584,1,-1,-1
146,6,793.07,725.48,78.12,148.03,0.5851,1,-1,-1
146,41,763.29,706.33,66.09,139.80,0.4756,1,-1,-1
146,42,348.64,387.27,21.44,49.68,0.6800,1,-1,-1
146,43,371.97,383.48,25.34,52.83,0.7542,1,-1,-1
147,6,799.06,729.79,77.26,148.64,0.5775,1,-1,-1
147,41,766.77,710.48,67.62,143.02,0.6261,1,-1,-1
147,42,347.02,387.48,21.94,50.80,0.7394,1,-1,-1
147,43,370.60,383.58,25.57,53.34,0.8001,1,-1,-1
148,6,807.15,734.48,75.66,148.53,0.6151,1,-1,-1
148,41,772.99,714.68,66.70,141.32,0.7233,1,-1,-1
148,42,347.47,388.01,21.94,50.74,0.7394,1,-1,-1
148,43,370.73,383.90,25.33,52.88,0.7670,1,-1,-1
148,45,1167.87,266.93,11.18,21.92,0.5234,1,-1,-1
149,41,782.61,718.95,67.52,142.64,0.6993,1,-1,-1
149,42,349.76,388.21,21.78,50.34,0.7469,1,-1,-1
149,43,372.28,384.37,25.40,53.10,0.7178,1,-1,-1
149,45,1168.83,266.91,11.45,22.47,0.5380,1,-1,-1
150,41,791.76,722.82,68.06,144.63,0.5813,1,-1,-1
150,42,351.47,388.34,21.83,50.44,0.7628,1,-1,-1
150,43,374.75,384.32,25.90,54.29,0.7424,1,-1,-1
150,45,1169.62,267.03,11.23,22.01,0.5078,1,-1,-1
151,41,801.06,726.99,67.65,145.41,0.7170,1,-1,-1
151,42,354.05,389.00,21.96,50.85,0.7334,1,-1,-1
151,43,376.68,383.66,27.21,57.41,0.7249,1,-1,-1
151,45,1171.38,266.41,11.65,22.81,0.5361,1,-1,-1
151,46,845.41,753.32,66.17,148.46,0.6478,1,-1,-1
152,41,810.54,731.02,69.15,149.89,0.7476,1,-1,-1
152,42,356.16,389.29,22.25,51.58,0.7318,1,-1,-1
152,43,378.21,383.84,28.80,61.47,0.7042,1,-1,-1
152,45,1172.82,265.88,12.10,23.74,0.4552,1,-1,-1
152,46,855.31,765.28,63.18,141.85,0.6910,1,-1,-1
153,41,820.27,737.09,68.04,150.17,0.6188,1,-1,-1
153,42,358.68,389.92,22.25,51.30,0.7364,1,-1,-1
153,43,381.03,384.37,27.93,60.08,0.7194,1,-1,-1
153,45,1174.44,265.66,12.38,24.45,0.5631,1,-1,-1
153,46,863.43,768.87,63.81,143.20,0.6893,1,-1,-1
154,41,828.52,743.87,66.07,148.77,0.7879,1,-1,-1
154,42,360.36,390.28,22.49,51.55,0.7146,1,-1,-1
154,43,383.63,384.41,27.54,59.63,0.7186,1,-1,-1
154,45,1176.16,265.94,12.05,23.82,0.4922,1,-1,-1
154,46,875.92,777.44,59.51,133.43,0.6114,1,-1,-1
155,41,837.29,749.37,66.64,150.61,0.5756,1,-1,-1
155,42,362.14,390.52,22.72,52.17,0.7334,1,-1,-1
155,43,385.93,384.90,27.10,59.17,0.7326,1,-1,-1
155,45,1178.33,265.78,12.25,24.24,0.5098,1,-1,-1
155,46,882.07,778.79,65.95,148.37,0.6809,1,-1,-1
156,41,843.45,755.76,65.18,148.22,0.6809,1,-1,-1
156,42,364.76,391.19,22.52,51.74,0.6918,1,-1,-1
156,43,388.19,385.40,26.34,57.61,0.7106,1,-1,-1
156,45,1180.53,266.11,11.79,23.41,0.5593,1,-1,-1
156,46,889.04,783.23,68.53,154.28,0.6758,1,-1,-1
157,41,851.41,763.00,64.26,146.53,0.5756,1,-1,-1
157,42,367.36,392.12,21.96,50.39,0.6951,1,-1,-1
157,43,389.86,385.52,26.89,59.15,0.6951,1,-1,-1
157,45,1181.76,266.59,11.37,22.58,0.4912,1,-1,-1
157,46,902.85,791.27,63.14,142.01,0.6775,1,-1,-1
158,41,854.91,770.49,70.96,164.22,0.6706,1,-1,-1
158,42,369.25,392.32,22.26,50.65,0.6885,1,-1,-1
158,43,392.07,385.74,26.88,59.54,0.7394,1,-1,-1
158,45,1183.50,266.35,11.29,22.26,0.4883,1,-1,-1
158,46,915.89,803.76,59.70,133.77,0.6809,1,-1,-1
158,47,880.17,850.17,46.96,108.82,0.4902,1,-1,-1
159,41,871.63,785.32,64.48,151.97,0.4083,1,-1,-1
159,42,370.78,393.06,22.26,50.02,0.6749,1,-1,-1
159,43,394.10,386.15,26.60,58.95,0.7599,1,-1,-1
159,45,1185.03,266.24,11.61,22.85,0.4321,1,-1,-1
159,46,924.97,814.48,58.88,131.17,0.7372,1,-1,-1
159,47,884.07,853.87,48.19,111.32,0.4513,1,-1,-1
160,41,873.08,788.57,72.68,172.52,0.6334,1,-1,-1
160,42,371.95,393.74,22.23,49.38,0.6749,1,-1,-1
160,43,395.07,386.91,27.42,60.78,0.7527,1,-1,-1
160,45,1186.60,265.94,11.95,23.73,0.5224,1,-1,-1
160,46,933.67,823.10,61.63,137.30,0.5908,1,-1,-1
161,41,878.94,795.21,76.54,182.16,0.6860,1,-1,-1
161,42,372.85,393.80,22.92,50.81,0.6935,1,-1,-1
161,43,397.53,387.33,27.09,60.20,0.6584,1,-1,-1
161,45,1188.29,266.48,11.52,22.80,0.4766,1,-1,-1
161,46,941.30,828.81,65.08,144.50,0.7649,1,-1,-1
162,41,888.71,807.05,77.14,185.20,0.6740,1,-1,-1
162,42,374.69,394.21,23.19,51.20,0.7178,1,-1,-1
162,43,399.60,387.89,26.29,58.49,0.7074,1,-1,-1
162,45,1190.26,266.57,11.25,22.21,0.4196,1,-1,-1
162,46,952.72,840.50,64.45,143.53,0.6442,1,-1,-1
163,41,898.24,815.37,74.86,180.18,0.6809,1,-1,-1
163,42,376.74,394.69,23.48,51.58,0.7364,1,-1,-1
163,43,401.26,388.69,25.77,57.43,0.7217,1,-1,-1
163,45,1191.95,266.60,11.10,21.86,0.5224,1,-1,-1
163,46,957.73,847.35,69.95,155.67,0.6567,1,-1,-1
164,41,905.62,823.21,76.29,184.97,0.6843,1,-1,-1
164,42,378.86,396.07,23.50,51.56,0.7178,1,-1,-1
164,43,402.82,389.27,25.43,56.88,0.7042,1,-1,-1
164,45,1193.50,266.88,10.96,21.63,0.5059,1,-1,-1
164,46,963.47,854.01,73.43,164.06,0.6993,1,-1,-1
165,41,913.29,834.48,75.97,185.89,0.7138,1,-1,-1
165,42,379.93,396.53,23.73,51.92,0.7194,1,-1,-1
165,43,404.91,389.75,24.96,55.74,0.7379,1,-1,-1
165,45,1194.29,267.48,10.78,21.18,0.4504,1,-1,-1
165,46,972.38,858.60,78.06,174.37,0.6960,1,-1,-1
166,41,922.32,845.31,76.58,188.41,0.6860,1,-1,-1
166,42,380.37,396.58,25.56,56.11,0.7409,1,-1,-1
166,43,405.78,390.11,25.23,56.42,0.7326,1,-1,-1
166,45,1196.06,267.36,11.01,21.60,0.5283,1,-1,-1
166,46,980.81,866.26,79.21,177.31,0.5832,1,-1,-1
167,41,934.96,859.02,73.86,183.20,0.6943,1,-1,-1
167,42,381.81,396.76,26.01,56.73,0.6976,1,-1,-1
167,43,406.81,390.39,25.92,57.81,0.7334,1,-1,-1
167,45,1197.69,266.95,11.36,22.36,0.4854,1,-1,-1
167,46,989.74,878.24,75.33,168.74,0.7009,1,-1,-1
168,41,947.19,865.63,76.50,189.18,0.7170,1,-1,-1
168,42,383.71,397.39,25.92,56.18,0.6893,1,-1,-1
168,43,407.80,390.78,26.09,58.20,0.7484,1,-1,-1
168,45,1199.27,266.08,11.91,23.69,0.5535,1,-1,-1
168,46,1001.85,892.00,72.68,162.51,0.6723,1,-1,-1
169,41,955.60,874.76,77.16,192.64,0.6843,1,-1,-1
169,42,384.89,396.92,26.09,56.49,0.7334,1,-1,-1
169,43,408.77,391.62,25.90,57.59,0.7712,1,-1,-1
169,45,1200.92,266.59,11.55,23.09,0.4620,1,-1,-1
169,46,1014.20,908.28,70.45,157.20,0.7233,1,-1,-1
170,41,969.74,885.85,77.05,191.82,0.5622,1,-1,-1
170,42,386.05,397.75,25.73,55.37,0.7349,1,-1,-1
170,43,410.42,392.73,25.38,56.48,0.7249,1,-1,-1
170,45,1202.55,266.37,11.62,23.26,0.4417,1,-1,-1
170,46,1027.14,916.23,68.74,152.54,0.6316,1,-1,-1
171,41,977.04,895.28,74.02,184.00,0.5448,1,-1,-1
171,42,387.01,398.83,25.91,55.74,0.7256,1,-1,-1
171,43,411.56,392.78,25.50,56.73,0.7202,1,-1,-1
171,45,1204.51,266.33,11.31,22.75,0.5341,1,-1,-1
171,46,1037.44,928.48,68.51,149.83,0.6706,1,-1,-1
172,41,992.53,909.40,69.81,172.59,0.5293,1,-1,-1
172,42,389.10,399.86,25.75,55.58,0.6893,1,-1,-1
172,43,413.16,393.52,25.41,56.43,0.7379,1,-1,-1
172,45,1205.61,266.46,11.02,22.13,0.4971,1,-1,-1
172,46,1060.64,959.44,57.49,123.00,0.5832,1,-1,-1
173,41,1006.66,920.59,66.26,162.22,0.5775,1,-1,-1
173,42,390.76,401.21,24.61,53.10,0.6984,1,-1,-1
173,43,414.42,394.30,25.25,56.12,0.7194,1,-1,-1
173,45,1206.29,266.42,11.18,22.29,0.3905,1,-1,-1
173,46,1070.10,959.87,59.20,123.15,0.4036,1,-1,-1
174,42,391.46,401.86,24.84,53.67,0.7033,1,-1,-1
174,43,415.18,394.86,25.22,56.30,0.7146,1,-1,-1
174,45,1208.34,266.46,11.17,22.20,0.3905,1,-1,-1
175,42,392.61,402.54,24.22,52.35,0.7001,1,-1,-1
175,43,416.35,395.71,25.05,56.16,0.7527,1,-1,-1
175,45,1209.77,264.92,12.02,24.16,0.4397,1,-1,-1
176,42,393.66,403.24,24.19,52.14,0.6749,1,-1,-1
176,43,417.53,396.26,25.34,57.01,0.7937,1,-1,-1
176,45,1211.04,264.27,12.44,25.24,0.5215,1,-1,-1
177,42,393.24,403.88,25.59,55.30,0.7001,1,-1,-1
177,43,418.30,396.73,25.87,58.29,0.7780,1,-1,-1
177,45,1212.63,265.07,12.01,24.35,0.4688,1,-1,-1
178,42,392.95,404.26,27.26,59.11,0.7210,1,-1,-1
178,43,419.21,397.03,26.18,58.93,0.7712,1,-1,-1
178,45,1214.60,265.83,11.83,23.87,0.3372,1,-1,-1
179,42,393.42,404.45,28.18,61.18,0.7349,1,-1,-1
179,43,419.76,397.94,26.33,59.08,0.7793,1,-1,-1
179,45,1216.49,265.76,11.83,23.97,0.5244,1,-1,-1
180,42,393.84,405.24,29.02,63.21,0.7272,1,-1,-1
180,43,420.40,399.06,26.36,58.87,0.7873,1,-1,-1
180,45,1217.52,266.09,11.81,23.96,0.5341,1,-1,-1
181,42,394.19,405.31,29.88,65.13,0.7409,1,-1,-1
181,43,421.96,399.85,26.71,59.13,0.7899,1,-1,-1
181,45,1219.11,266.95,12.00,24.23,0.2088,1,-1,-1
181,51,548.57,268.65,15.51,40.37,0.5254,1,-1,-1
182,42,394.55,405.91,29.97,65.43,0.7527,1,-1,-1
182,43,422.48,400.62,27.06,59.71,0.7807,1,-1,-1
182,45,1220.63,267.16,11.46,23.02,0.2127,1,-1,-1
182,51,548.73,268.52,15.69,40.71,0.5224,1,-1,-1
183,42,395.29,406.59,30.10,65.67,0.7334,1,-1,-1
183,43,423.03,402.14,26.92,59.24,0.7424,1,-1,-1
183,45,1222.24,267.92,10.81,21.61,0.1551,1,-1,-1
183,51,548.68,268.46,15.56,40.23,0.4961,1,-1,-1
184,42,395.75,407.25,31.23,67.92,0.7178,1,-1,-1
184,43,423.14,403.00,26.71,58.85,0.7341,1,-1,-1
184,45,1223.24,267.36,11.77,23.66,0.2838,1,-1,-1
184,51,548.52,268.37,15.36,39.57,0.4746,1,-1,-1
185,42,396.51,408.72,31.72,68.88,0.7033,1,-1,-1
185,43,424.22,403.32,26.91,59.45,0.7225,1,-1,-1
185,45,1224.22,267.70,11.85,23.74,0.1375,1,-1,-1
185,51,548.67,268.05,15.35,39.35,0.4737,1,-1,-1
186,42,396.77,409.76,32.20,69.73,0.7162,1,-1,-1
186,43,424.89,404.02,27.08,60.03,0.7364,1,-1,-1
186,45,1226.24,267.08,12.33,24.64,0.2207,1,-1,-1
186,51,548.90,268.05,15.41,39.31,0.4407,1,-1,-1
187,42,396.92,410.97,31.21,67.39,0.7210,1,-1,-1
187,43,425.39,404.89,27.23,60.57,0.7542,1,-1,-1
187,45,1227.69,265.97,12.55,24.91,0.3469,1,-1,-1
187,51,549.18,268.09,15.40,39.08,0.4225,1,-1,-1
188,42,396.82,412.73,30.96,66.71,0.7614,1,-1,-1
188,43,425.64,405.31,27.73,62.04,0.7725,1,-1,-1
188,45,1229.24,266.34,12.63,25.19,0.3998,1,-1,-1
188,51,549.16,267.91,15.72,39.76,0.4785,1,-1,-1
189,42,396.78,413.86,30.07,64.28,0.6885,1,-1,-1
189,43,426.02,406.13,27.65,62.16,0.7571,1,-1,-1
189,45,1230.85,266.45,12.97,26.01,0.4815,1,-1,-1
189,51,548.81,268.04,15.55,39.31,0.4717,1,-1,-1
190,42,396.05,414.87,30.25,64.29,0.6800,1,-1,-1
190,43,425.95,406.29,27.89,62.70,0.7432,1,-1,-1
190,45,1232.06,266.57,12.50,25.06,0.3702,1,-1,-1
190,51,548.49,267.65,16.02,40.51,0.4756,1,-1,-1
191,42,394.43,416.16,30.22,63.97,0.7033,1,-1,-1
191,43,425.46,407.11,28.05,63.08,0.7520,1,-1,-1
191,45,1232.61,266.34,12.40,24.93,0.4102,1,-1,-1
191,51,547.91,267.25,16.71,42.26,0.4980,1,-1,-1
192,42,392.31,416.67,31.22,66.22,0.7178,1,-1,-1
192,43,424.25,408.21,28.37,63.82,0.7549,1,-1,-1
192,45,1233.10,266.16,12.24,24.59,0.4092,1,-1,-1
192,51,547.32,268.02,15.89,39.88,0.3425,1,-1,-1
193,42,391.04,417.90,31.27,66.35,0.7379,1,-1,-1
193,43,423.58,409.41,28.38,63.82,0.7498,1,-1,-1
193,45,1233.31,266.37,12.63,25.38,0.5107,1,-1,-1
193,51,546.83,268.91,13.73,33.87,0.2487,1,-1,-1
194,42,390.25,418.83,31.38,66.50,0.7178,1,-1,-1
194,43,423.13,410.45,28.38,63.73,0.7484,1,-1,-1
194,45,1233.59,265.99,12.72,25.60,0.5283,1,-1,-1
194,51,546.30,269.63,12.90,31.24,0.2576,1,-1,-1
195,42,389.22,419.41,31.87,67.67,0.7287,1,-1,-1
195,43,422.45,411.39,28.50,63.97,0.7585,1,-1,-1
195,45,1234.18,265.34,13.52,27.69,0.5419,1,-1,-1
195,51,545.74,269.68,13.10,31.27,0.2854,1,-1,-1
196,42,388.10,419.89,31.98,67.95,0.7272,1,-1,-1
196,43,421.94,412.43,28.60,64.36,0.7712,1,-1,-1
196,45,1235.68,266.18,12.88,26.49,0.4746,1,-1,-1
196,51,544.15,269.70,13.63,32.60,0.3183,1,-1,-1
197,42,387.30,419.78,33.21,70.59,0.7194,1,-1,-1
197,43,421.55,413.48,28.57,64.38,0.7820,1,-1,-1
197,45,1237.10,267.00,12.25,25.16,0.2790,1,-1,-1
197,51,543.95,268.37,13.02,30.64,0.1109,1,-1,-1
198,42,386.35,420.97,34.11,73.58,0.6740,1,-1,-1
198,43,421.40,414.61,28.76,64.62,0.7753,1,-1,-1
198,45,1238.64,267.46,11.95,24.46,0.3149,1,-1,-1
198,51,545.16,269.09,13.12,30.39,0.2806,1,-1,-1
199,42,385.02,422.48,34.05,73.99,0.6885,1,-1,-1
199,43,421.13,416.53,28.75,64.25,0.7807,1,-1,-1
199,45,1239.96,267.22,12.53,25.63,0.5419,1,-1,-1
199,51,545.36,269.24,13.48,30.85,0.2967,1,-1,-1
200,42,384.13,424.28,33.49,73.32,0.7017,1,-1,-1
200,43,420.63,417.63,29.04,64.62,0.7698,1,-1,-1
200,45,1240.68,267.43,13.12,26.90,0.6067,1,-1,-1
200,51,544.31,269.25,14.05,32.11,0.3074,1,-1,-1
201,42,382.86,425.78,32.30,71.23,0.7287,1,-1,-1
201,43,420.13,419.33,29.09,64.28,0.7484,1,-1,-1
201,45,1241.98,267.08,13.23,27.14,0.5351,1,-1,-1
201,51,543.90,269.28,14.29,32.66,0.3285,1,-1,-1
202,42,381.84,426.96,32.01,70.96,0.7303,1,-1,-1
202,43,419.54,419.99,29.21,64.20,0.7527,1,-1,-1
202,45,1243.16,267.29,12.83,26.40,0.4883,1,-1,-1
202,51,543.65,269.21,14.69,33.64,0.3657,1,-1,-1
203,42,381.31,428.08,31.16,68.88,0.7033,1,-1,-1
203,43,418.66,421.29,28.85,63.22,0.7527,1,-1,-1
203,45,1244.06,265.97,13.74,28.41,0.5506,1,-1,-1
203,51,543.52,269.21,14.66,33.58,0.4282,1,-1,-1
204,42,381.34,428.87,29.67,65.02,0.7178,1,-1,-1
204,43,417.51,422.32,29.37,64.48,0.7439,1,-1,-1
204,45,1245.41,266.13,14.08,29.19,0.5176,1,-1,-1
204,51,543.56,269.35,14.52,33.24,0.4484,1,-1,-1
205,42,380.53,430.33,29.30,63.85,0.7098,1,-1,-1
205,43,416.83,423.71,29.45,64.70,0.7256,1,-1,-1
205,45,1246.71,266.83,14.07,29.12,0.4795,1,-1,-1
205,51,543.57,269.54,14.21,32.53,0.4659,1,-1,-1
206,42,380.19,431.25,28.44,61.82,0.7122,1,-1,-1
206,43,415.80,424.51,29.71,65.27,0.7454,1,-1,-1
206,45,1248.66,267.84,13.63,27.81,0.4378,1,-1,-1
206,51,543.79,269.73,14.05,32.00,0.3785,1,-1,-1
207,42,379.70,432.28,29.00,62.99,0.7122,1,-1,-1
207,43,414.84,425.39,29.66,65.00,0.7599,1,-1,-1
207,45,1250.31,268.67,13.68,27.67,0.4717,1,-1,-1
207,51,543.75,269.74,14.35,32.63,0.3711,1,-1,-1
207,55,1873.02,323.68,17.78,33.96,0.4912,1,-1,-1
208,42,378.40,433.91,29.99,65.22,0.6943,1,-1,-1
208,43,413.84,425.84,29.88,65.49,0.7725,1,-1,-1
208,45,1252.58,269.08,13.41,26.85,0.4668,1,-1,-1
208,51,543.66,269.73,14.44,32.83,0.3567,1,-1,-1
208,55,1875.73,323.33,18.47,35.31,0.5176,1,-1,-1
209,42,377.25,435.50,30.55,66.82,0.7241,1,-1,-1
209,43,413.19,427.24,30.18,66.24,0.7705,1,-1,-1
209,45,1253.45,269.48,13.54,26.76,0.5583,1,-1,-1
209,51,543.77,269.98,14.13,31.95,0.3433,1,-1,-1
209,55,1879.63,324.22,17.74,33.89,0.2783,1,-1,-1
210,42,375.36,436.97,32.22,70.76,0.7287,1,-1,-1
210,43,412.30,428.85,30.34,66.65,0.7520,1,-1,-1
210,45,1254.92,270.00,13.08,25.43,0.5293,1,-1,-1
210,51,543.70,270.30,13.92,31.34,0.3451,1,-1,-1
210,55,1881.85,324.42,19.21,36.89,0.3294,1,-1,-1
211,42,375.01,437.91,30.45,66.22,0.6522,1,-1,-1
211,43,411.30,430.59,30.17,66.51,0.6843,1,-1,-1
211,45,1256.48,270.84,12.50,23.92,0.4465,1,-1,-1
211,51,544.41,270.18,14.50,32.22,0.1744,1,-1,-1
211,55,1885.48,323.89,19.54,37.45,0.2487,1,-1,-1
211,57,1540.52,288.12,13.14,27.83,0.4717,1,-1,-1
212,42,373.67,439.31,29.54,63.75,0.7178,1,-1,-1
212,43,410.57,431.97,29.72,65.62,0.7106,1,-1,-1
212,45,1258.25,271.25,11.97,22.96,0.4571,1,-1,-1
212,51,544.92,270.15,14.37,31.40,0.1613,1,-1,-1
212,55,1888.72,323.36,19.25,36.87,0.3558,1,-1,-1
212,57,1541.41,288.33,13.75,29.12,0.5215,1,-1,-1
212,58,1515.89,291.43,16.36,27.54,0.5467,1,-1,-1
213,42,371.86,440.35,29.62,63.68,0.7469,1,-1,-1
213,43,409.61,433.01,29.83,65.95,0.7476,1,-1,-1
213,45,1259.24,270.97,12.18,23.39,0.4378,1,-1,-1
213,51,543.93,270.44,14.40,31.49,0.1520,1,-1,-1
213,55,1892.51,323.27,18.68,35.88,0.2689,1,-1,-1
213,57,1542.86,288.18,13.74,29.14,0.5273,1,-1,-1
213,58,1518.56,292.84,16.39,27.60,0.5448,1,-1,-1
214,42,370.38,441.19,29.50,63.19,0.7272,1,-1,-1
214,43,408.00,434.66,30.38,67.36,0.7520,1,-1,-1
214,45,1260.20,270.36,12.40,23.80,0.4187,1,-1,-1
214,51,543.01,270.73,15.18,33.53,0.2682,1,-1,-1
214,55,1897.30,322.71,18.61,35.78,0.2524,1,-1,-1
214,57,1544.88,288.57,13.95,29.64,0.5137,1,-1,-1
214,58,1520.67,293.51,16.27,27.45,0.3657,1,-1,-1
215,42,368.79,442.29,29.66,63.42,0.6800,1,-1,-1
215,43,406.97,435.72,30.60,67.90,0.7364,1,-1,-1
215,45,1262.00,270.03,12.60,24.21,0.4659,1,-1,-1
215,51,542.68,270.94,15.31,34.10,0.3242,1,-1,-1
215,57,1546.18,288.63,13.83,29.38,0.4523,1,-1,-1
215,58,1525.62,293.28,15.72,26.59,0.3268,1,-1,-1
216,42,366.39,443.65,30.27,64.39,0.7287,1,-1,-1
216,43,405.90,437.09,30.79,68.46,0.7820,1,-1,-1
216,45,1263.78,269.60,13.10,25.14,0.5860,1,-1,-1
216,51,542.33,271.07,15.66,35.30,0.4922,1,-1,-1
216,57,1547.22,288.37,13.61,28.79,0.4844,1,-1,-1
216,58,1529.32,294.50,15.34,25.92,0.4455,1,-1,-1
217,42,364.84,445.24,30.31,64.22,0.7439,1,-1,-1
217,43,404.84,438.31,31.36,69.83,0.7899,1,-1,-1
217,45,1265.07,269.67,13.17,25.13,0.5302,1,-1,-1
217,51,542.13,271.19,15.62,35.59,0.5409,1,-1,-1
217,57,1549.20,287.38,13.95,29.39,0.4678,1,-1,-1
217,58,1532.02,292.41,16.53,28.08,0.3684,1,-1,-1
218,42,363.36,447.25,30.00,63.60,0.7527,1,-1,-1
218,43,403.45,440.12,31.22,69.26,0.7725,1,-1,-1
218,45,1266.48,269.95,12.93,24.68,0.5244,1,-1,-1
218,51,542.06,271.22,15.31,35.22,0.5487,1,-1,-1
218,57,1550.93,287.95,14.00,29.30,0.4785,1,-1,-1
218,58,1534.09,291.66,17.05,29.08,0.3942,1,-1,-1
219,42,361.51,449.54,30.03,63.46,0.7670,1,-1,-1
219,43,402.22,442.26,31.02,68.52,0.7556,1,-1,-1
219,45,1267.90,269.96,12.62,23.99,0.5059,1,-1,-1
219,51,541.99,271.21,15.17,35.08,0.4292,1,-1,-1
219,57,1552.71,288.35,14.06,29.44,0.2697,1,-1,-1
219,58,1536.99,291.95,16.59,28.40,0.2043,1,-1,-1
220,42,358.36,450.74,30.93,64.74,0.7725,1,-1,-1
220,43,400.41,443.38,31.57,69.84,0.7498,1,-1,-1
220,45,1269.26,270.98,12.80,24.34,0.5146,1,-1,-1
220,51,542.31,270.93,14.11,32.65,0.4311,1,-1,-1
220,57,1553.82,288.64,13.98,29.50,0.1801,1,-1,-1
221,42,355.90,452.73,31.54,65.39,0.7712,1,-1,-1
221,43,399.06,445.12,31.60,70.16,0.7642,1,-1,-1
221,45,1270.68,271.50,12.99,24.82,0.5254,1,-1,-1
221,51,542.29,270.83,13.86,32.16,0.4140,1,-1,-1
221,57,1552.07,289.19,14.63,29.64,0.2012,1,-1,-1
222,42,352.71,454.79,31.97,66.11,0.7807,1,-1,-1
222,43,397.38,446.45,32.14,71.41,0.7725,1,-1,-1
222,45,1271.57,271.56,13.16,25.31,0.5039,1,-1,-1
222,51,542.39,270.76,13.16,30.59,0.3730,1,-1,-1
222,57,1551.63,288.48,16.31,32.22,0.3933,1,-1,-1
223,42,350.09,456.52,32.09,66.17,0.8075,1,-1,-1
223,43,395.62,447.70,32.90,73.26,0.7739,1,-1,-1
223,45,1272.82,271.49,14.03,26.99,0.5708,1,-1,-1
223,51,541.75,271.19,14.59,34.17,0.3433,1,-1,-1
223,57,1553.39,288.34,16.84,32.51,0.3234,1,-1,-1
224,42,347.98,458.23,32.02,65.78,0.7780,1,-1,-1
224,43,394.26,449.32,33.02,73.59,0.7698,1,-1,-1
224,45,1274.69,270.35,14.60,28.23,0.5525,1,-1,-1
224,51,541.31,271.17,14.99,35.48,0.2950,1,-1,-1
224,57,1555.16,288.84,17.25,32.98,0.3140,1,-1,-1
224,59,922.25,254.34,10.15,22.82,0.5244,1,-1,-1
225,42,345.44,460.17,32.32,65.72,0.7820,1,-1,-1
225,43,392.54,450.48,33.40,74.63,0.7556,1,-1,-1
225,45,1276.58,268.66,15.07,29.46,0.6225,1,-1,-1
225,51,541.11,271.29,14.89,35.51,0.3540,1,-1,-1
225,57,1557.86,289.22,17.41,32.98,0.3558,1,-1,-1
225,59,922.61,254.43,10.19,22.87,0.5127,1,-1,-1
226,42,342.53,461.64,32.79,66.14,0.7937,1,-1,-1
226,43,390.57,452.38,33.56,74.81,0.7454,1,-1,-1
226,45,1277.86,267.91,14.97,29.31,0.6021,1,-1,-1
226,51,541.10,271.87,14.26,34.13,0.2140,1,-1,-1
226,57,1560.26,289.98,17.41,32.85,0.4863,1,-1,-1
226,59,923.28,254.79,10.54,23.66,0.5176,1,-1,-1
227,42,340.08,462.85,32.81,65.98,0.8050,1,-1,-1
227,43,388.62,454.21,33.53,74.54,0.7513,1,-1,-1
227,45,1279.56,269.58,14.18,27.40,0.5756,1,-1,-1
227,51,540.92,272.15,14.00,33.57,0.2934,1,-1,-1
227,57,1562.68,290.03,17.85,33.39,0.4225,1,-1,-1
227,59,923.74,255.19,10.52,23.60,0.5361,1,-1,-1
228,42,336.59,464.64,33.00,66.03,0.7976,1,-1,-1
228,43,386.35,455.84,33.56,74.24,0.7846,1,-1,-1
228,45,1280.58,270.23,14.13,27.19,0.5409,1,-1,-1
228,51,540.25,271.83,14.36,34.37,0.2408,1,-1,-1
228,57,1565.41,290.79,17.73,32.87,0.3242,1,-1,-1
228,59,923.98,255.58,10.46,23.41,0.5234,1,-1,-1
229,42,331.76,466.20,34.33,68.74,0.7963,1,-1,-1
229,43,383.60,457.36,34.31,75.89,0.7287,1,-1,-1
229,45,1281.15,270.85,14.08,27.06,0.5409,1,-1,-1
229,51,539.34,271.01,14.42,34.00,0.2095,1,-1,-1
229,57,1567.61,293.19,16.89,31.02,0.3684,1,-1,-1
229,59,924.35,256.06,9.94,22.14,0.5263,1,-1,-1
230,42,326.22,467.07,35.65,71.03,0.6628,1,-1,-1
230,43,379.83,458.89,33.93,75.02,0.6809,1,-1,-1
230,45,1281.15,270.22,14.40,27.72,0.5224,1,-1,-1
230,51,538.16,270.53,12.97,29.80,0.2487,1,-1,-1
230,57,1568.84,294.43,16.61,30.52,0.3320,1,-1,-1
230,59,924.08,256.01,8.49,18.70,0.1629,1,-1,-1
231,42,318.48,469.35,37.91,75.87,0.5908,1,-1,-1
231,43,372.99,460.60,34.83,76.91,0.7025,1,-1,-1
231,45,1279.19,268.65,14.87,28.83,0.5718,1,-1,-1
231,51,536.67,271.46,12.44,26.10,0.1485,1,-1,-1
231,57,1569.84,295.96,15.92,29.24,0.2846,1,-1,-1
232,42,310.90,471.48,37.12,73.90,0.6654,1,-1,-1
232,43,365.38,462.47,35.57,78.74,0.7162,1,-1,-1
232,45,1276.01,269.21,14.72,28.68,0.5400,1,-1,-1
232,57,1569.96,298.10,14.81,27.35,0.1931,1,-1,-1
233,42,302.26,473.54,39.42,78.68,0.7424,1,-1,-1
233,43,358.43,465.30,35.07,77.03,0.5195,1,-1,-1
233,45,1272.88,269.89,14.44,28.16,0.5341,1,-1,-1
233,57,1568.79,298.72,14.76,27.36,0.3576,1,-1,-1
234,42,294.56,475.50,41.03,82.70,0.7417,1,-1,-1
234,43,350.02,467.73,39.59,87.30,0.7202,1,-1,-1
234,45,1271.41,270.29,14.17,27.80,0.5380,1,-1,-1
234,57,1568.84,298.52,15.05,28.32,0.5205,1,-1,-1
235,42,288.25,478.44,42.42,86.60,0.6926,1,-1,-1
235,43,346.75,470.20,37.82,82.99,0.7050,1,-1,-1
235,45,1270.88,269.41,14.66,28.87,0.5234,1,-1,-1
235,57,1569.56,297.93,15.48,29.65,0.5535,1,-1,-1
236,42,283.42,481.37,43.58,90.01,0.6943,1,-1,-1
236,43,342.18,473.11,39.35,86.64,0.7372,1,-1,-1
236,45,1271.02,269.55,14.76,29.03,0.5322,1,-1,-1
236,57,1571.84,298.12,15.45,29.55,0.2659,1,-1,-1
236,60,1553.55,289.09,16.54,33.33,0.4698,1,-1,-1
236,61,1139.27,216.92,29.39,22.46,0.4698,4,-1,-1
237,42,279.78,484.02,43.21,90.05,0.7820,1,-1,-1
237,43,338.80,475.58,38.87,85.43,0.7491,1,-1,-1
237,45,1272.02,269.00,15.10,29.84,0.5898,1,-1,-1
237,57,1574.48,297.34,16.20,30.98,0.4263,1,-1,-1
237,60,1554.46,289.04,16.74,33.62,0.5332,1,-1,-1
237,61,1139.25,217.11,29.10,22.24,0.4990,4,-1,-1
238,42,276.59,486.84,43.07,90.06,0.8050,1,-1,-1
238,43,335.69,477.84,39.09,85.72,0.6549,1,-1,-1
238,45,1273.13,268.59,15.34,30.38,0.6030,1,-1,-1
238,57,1577.31,293.08,17.96,34.75,0.1334,1,-1,-1
238,60,1555.75,289.84,16.18,32.48,0.4600,1,-1,-1
238,61,1139.41,216.76,29.26,22.37,0.4727,4,-1,-1
239,42,273.80,489.23,42.73,89.51,0.7873,1,-1,-1
239,43,332.58,479.70,40.15,88.06,0.7326,1,-1,-1
239,45,1274.68,265.69,16.70,33.29,0.6388,1,-1,-1
239,57,1581.04,292.01,18.35,35.76,0.1871,1,-1,-1
239,60,1557.45,292.20,15.39,30.77,0.4017,1,-1,-1
239,61,1140.12,216.46,29.35,22.45,0.3914,4,-1,-1
240,42,271.26,490.57,44.12,92.20,0.7649,1,-1,-1
240,43,329.13,482.85,41.03,90.21,0.7394,1,-1,-1
240,45,1275.73,265.79,16.89,33.90,0.5964,1,-1,-1
240,57,1584.30,291.37,18.74,36.93,0.1541,1,-1,-1
240,60,1558.55,292.54,15.38,30.58,0.3576,1,-1,-1
240,61,1141.15,216.85,28.96,22.18,0.3277,4,-1,-1
240,63,518.06,272.00,14.21,26.39,0.5127,1,-1,-1
240,64,909.71,257.25,10.55,23.17,0.4883,1,-1,-1
241,42,267.74,494.17,44.36,92.69,0.7739,1,-1,-1
241,43,326.76,484.93,40.51,89.41,0.8001,1,-1,-1
241,45,1277.04,266.47,16.43,32.98,0.6086,1,-1,-1
241,57,1587.31,291.21,19.08,37.54,0.2018,1,-1,-1
241,60,1559.49,291.96,16.13,32.09,0.5020,1,-1,-1
241,61,1141.62,217.11,29.27,22.38,0.1362,4,-1,-1
241,63,517.99,272.09,13.65,25.39,0.4941,1,-1,-1
241,64,910.24,257.23,10.52,23.10,0.3711,1,-1,-1
242,42,263.64,496.50,46.00,96.59,0.7202,1,-1,-1
242,43,323.48,486.51,40.42,89.42,0.7937,1,-1,-1
242,45,1278.54,267.33,16.21,32.81,0.5784,1,-1,-1
242,57,1590.66,290.36,19.79,39.14,0.1830,1,-1,-1
242,60,1560.64,291.90,16.73,33.12,0.5448,1,-1,-1
242,61,1142.21,217.60,28.92,22.04,0.1480,4,-1,-1
242,63,517.39,271.72,13.73,25.59,0.4698,1,-1,-1
242,64,910.52,257.24,10.53,23.12,0.3099,1,-1,-1
243,42,259.97,498.15,45.37,94.96,0.7394,1,-1,-1
243,43,319.80,488.33,40.50,89.85,0.7635,1,-1,-1
243,45,1280.14,264.97,16.95,34.75,0.5860,1,-1,-1
243,57,1595.07,293.21,18.17,35.78,0.2316,1,-1,-1
243,60,1561.48,292.21,16.64,32.51,0.5670,1,-1,-1
243,61,1142.55,217.87,28.74,21.79,0.1027,4,-1,-1
243,63,516.30,271.58,14.86,27.86,0.5049,1,-1,-1
243,64,910.81,257.40,10.32,22.63,0.3442,1,-1,-1
244,42,256.10,499.58,45.84,95.79,0.7513,1,-1,-1
244,43,317.10,490.45,38.74,85.92,0.4177,1,-1,-1
244,45,1281.53,264.23,17.24,35.76,0.5746,1,-1,-1
244,57,1599.22,296.68,16.87,32.82,0.2200,1,-1,-1
244,60,1562.45,292.00,16.92,32.68,0.5273,1,-1,-1
244,63,515.32,271.64,15.31,28.89,0.5078,1,-1,-1
244,64,911.01,257.47,10.31,22.59,0.4504,1,-1,-1
245,42,252.49,501.47,45.07,93.50,0.7556,1,-1,-1
245,43,313.48,493.10,39.25,86.53,0.6910,1,-1,-1
245,45,1282.46,263.53,17.55,36.62,0.6067,1,-1,-1
245,57,1601.10,294.29,19.17,37.73,0.2200,1,-1,-1
245,60,1563.15,292.26,17.30,33.05,0.4206,1,-1,-1
245,63,514.75,271.97,15.07,28.55,0.3183,1,-1,-1
245,64,911.23,257.53,10.44,22.91,0.4426,1,-1,-1
246,42,247.09,503.68,44.74,92.67,0.7364,1,-1,-1
246,43,309.28,494.89,40.22,88.28,0.7387,1,-1,-1
246,45,1283.73,263.72,17.39,36.69,0.6049,1,-1,-1
246,57,1606.16,294.86,18.42,36.20,0.4455,1,-1,-1
246,60,1565.18,290.73,17.71,33.57,0.2302,1,-1,-1
246,63,514.28,272.55,15.07,28.68,0.4168,1,-1,-1
246,64,911.31,257.69,10.41,22.81,0.4263,1,-1,-1
247,42,242.04,507.40,44.55,91.92,0.7585,1,-1,-1
247,43,305.69,496.84,40.60,88.54,0.7527,1,-1,-1
247,45,1285.06,262.75,17.45,37.27,0.5917,1,-1,-1
247,57,1609.70,298.55,17.11,33.15,0.3730,1,-1,-1
247,60,1566.61,292.04,17.68,33.45,0.3425,1,-1,-1
247,63,513.78,272.81,15.08,28.88,0.4883,1,-1,-1
247,64,911.41,257.65,10.35,22.65,0.4083,1,-1,-1
248,42,236.12,508.86,44.55,91.57,0.7614,1,-1,-1
248,43,301.75,499.29,41.01,89.14,0.7925,1,-1,-1
248,45,1286.55,262.86,17.65,37.98,0.5823,1,-1,-1
248,57,1614.16,299.19,16.68,32.37,0.3657,1,-1,-1
248,60,1568.38,292.90,17.52,33.11,0.4630,1,-1,-1
248,63,513.19,272.41,14.97,28.74,0.3693,1,-1,-1
248,64,911.66,257.63,10.38,22.65,0.3612,1,-1,-1
249,42,231.80,511.53,43.07,87.99,0.8349,1,-1,-1
249,43,297.58,501.63,41.42,89.75,0.8056,1,-1,-1
249,45,1287.40,262.57,17.77,38.47,0.5361,1,-1,-1
249,57,1616.20,301.25,16.51,31.35,0.2043,1,-1,-1
249,60,1570.48,292.98,17.22,32.29,0.4121,1,-1,-1
249,63,513.22,272.53,14.30,27.45,0.3757,1,-1,-1
249,64,912.06,257.72,10.27,22.37,0.3630,1,-1,-1
250,42,226.51,515.01,42.41,85.97,0.7827,1,-1,-1
250,43,294.00,504.15,41.62,89.69,0.7718,1,-1,-1
250,45,1290.90,270.14,14.77,31.46,0.5302,1,-1,-1
250,60,1572.16,293.83,17.27,32.27,0.4523,1,-1,-1
250,63,512.78,272.91,14.05,26.95,0.4436,1,-1,-1
250,64,912.48,257.70,10.28,22.34,0.3460,1,-1,-1
251,42,221.95,518.90,41.57,83.66,0.7800,1,-1,-1
251,43,289.44,507.57,42.00,90.39,0.7712,1,-1,-1
251,45,1293.52,275.53,12.87,26.95,0.5448,1,-1,-1
251,60,1573.08,295.95,15.97,29.48,0.5283,1,-1,-1
251,63,512.25,272.99,14.20,27.12,0.2870,1,-1,-1
251,64,913.40,256.45,10.57,22.89,0.3107,1,-1,-1
252,42,215.60,521.66,42.46,85.01,0.8075,1,-1,-1
252,43,284.99,509.94,42.94,92.19,0.7264,1,-1,-1
252,45,1295.37,276.53,12.62,25.98,0.5293,1,-1,-1
252,60,1573.74,296.28,15.90,29.12,0.4504,1,-1,-1
252,63,512.15,272.98,14.46,27.43,0.2268,1,-1,-1
252,64,913.91,255.99,10.76,23.31,0.3495,1,-1,-1
253,42,209.97,525.55,42.47,84.43,0.7840,1,-1,-1
253,43,280.54,513.26,42.96,92.27,0.7585,1,-1,-1
253,45,1296.76,275.51,13.24,26.87,0.5438,1,-1,-1
253,60,1577.55,294.09,17.54,32.59,0.5936,1,-1,-1
253,63,511.90,273.07,14.60,27.52,0.2967,1,-1,-1
253,64,914.07,255.97,11.14,24.13,0.4092,1,-1,-1
254,42,203.52,528.43,43.46,85.83,0.7957,1,-1,-1
254,43,276.31,515.80,43.92,93.84,0.7592,1,-1,-1
254,45,1297.43,272.85,14.84,30.18,0.6123,1,-1,-1
254,60,1579.07,293.48,17.93,33.42,0.5400,1,-1,-1
254,63,511.26,273.14,14.57,27.21,0.2487,1,-1,-1
254,64,914.56,255.82,11.17,24.23,0.3381,1,-1,-1
255,42,197.82,532.95,43.38,85.11,0.7944,1,-1,-1
255,43,272.15,518.98,43.92,93.81,0.7833,1,-1,-1
255,45,1297.97,270.76,16.00,32.66,0.6289,1,-1,-1
255,60,1581.11,293.24,17.81,33.06,0.4111,1,-1,-1
255,63,511.11,273.34,14.54,27.04,0.2365,1,-1,-1
255,64,915.18,255.67,11.23,24.41,0.2838,1,-1,-1
255,57,1638.48,305.79,16.42,30.62,0.5293,1,-1,-1
256,42,190.99,535.20,44.88,87.59,0.7592,1,-1,-1
256,43,267.81,522.59,43.71,93.61,0.7905,1,-1,-1
256,45,1298.50,267.09,17.46,36.05,0.5898,1,-1,-1
256,60,1582.52,290.76,19.11,35.47,0.4805,1,-1,-1
256,64,915.15,255.77,11.75,25.69,0.4494,1,-1,-1
256,57,1643.11,306.05,16.37,30.06,0.4388,1,-1,-1
257,42,184.76,538.95,45.25,87.42,0.7957,1,-1,-1
257,43,262.47,525.66,43.88,93.81,0.7621,1,-1,-1
257,45,1299.41,267.77,16.98,35.14,0.5477,1,-1,-1
257,60,1583.76,291.63,18.51,34.37,0.4717,1,-1,-1
257,64,915.37,255.85,12.02,26.41,0.4737,1,-1,-1
257,57,1647.93,306.02,16.42,30.11,0.3416,1,-1,-1
258,42,178.22,542.05,45.82,87.57,0.7578,1,-1,-1
258,43,256.89,529.16,44.50,95.05,0.7535,1,-1,-1
258,45,1303.59,275.01,13.68,28.02,0.5765,1,-1,-1
258,60,1585.21,292.91,18.01,33.45,0.4610,1,-1,-1
258,64,915.95,256.67,11.54,25.30,0.4873,1,-1,-1
258,57,1652.74,308.28,15.60,28.35,0.3998,1,-1,-1
259,42,171.31,546.32,46.46,87.80,0.7202,1,-1,-1
259,43,252.41,532.24,44.65,95.30,0.7712,1,-1,-1
259,45,1306.30,277.91,12.41,25.33,0.5746,1,-1,-1
259,60,1589.46,294.77,16.62,31.55,0.5727,1,-1,-1
259,64,916.49,257.09,11.17,24.51,0.5224,1,-1,-1
259,57,1657.80,309.47,15.21,27.50,0.3132,1,-1,-1
259,68,1580.34,295.94,16.33,30.73,0.5506,1,-1,-1
260,42,163.95,548.69,47.58,88.74,0.7356,1,-1,-1
260,43,247.01,536.11,45.31,96.68,0.7793,1,-1,-1
260,45,1308.30,278.50,12.22,24.69,0.5263,1,-1,-1
260,60,1591.85,294.82,16.37,31.66,0.5804,1,-1,-1
260,64,916.85,257.19,10.93,24.03,0.4668,1,-1,-1
260,57,1662.06,308.57,15.83,28.80,0.4417,1,-1,-1
260,68,1580.69,296.35,16.21,30.62,0.5409,1,-1,-1
261,42,156.96,551.66,48.38,88.99,0.7280,1,-1,-1
261,43,240.46,538.00,46.23,98.79,0.7866,1,-1,-1
261,45,1309.50,278.78,12.21,24.35,0.4912,1,-1,-1
261,60,1593.43,295.77,15.78,31.02,0.5612,1,-1,-1
261,64,917.18,257.30,10.62,23.36,0.4630,1,-1,-1
261,57,1665.83,308.40,15.78,28.93,0.4727,1,-1,-1
261,68,1581.20,297.21,16.27,30.88,0.5458,1,-1,-1
262,42,147.08,555.26,52.18,95.60,0.7122,1,-1,-1
262,43,234.79,541.32,46.58,99.08,0.7853,1,-1,-1
262,45,1310.21,278.34,12.76,25.28,0.5535,1,-1,-1
262,60,1595.29,296.66,15.30,30.48,0.4591,1,-1,-1
262,64,917.40,257.46,10.62,23.39,0.4688,1,-1,-1
262,57,1668.22,308.79,16.26,29.44,0.5098,1,-1,-1
262,68,1582.99,298.83,15.62,29.77,0.5146,1,-1,-1
263,42,141.76,558.97,51.62,93.60,0.7813,1,-1,-1
263,43,229.62,544.05,47.51,100.90,0.7800,1,-1,-1
263,45,1311.52,279.20,12.57,24.61,0.5039,1,-1,-1
263,60,1596.94,297.98,14.76,29.72,0.5078,1,-1,-1
263,64,917.60,257.62,10.69,23.56,0.5000,1,-1,-1
263,57,1672.10,309.48,16.36,29.43,0.4746,1,-1,-1
263,68,1584.53,301.09,14.67,27.96,0.5727,1,-1,-1
264,42,132.46,561.41,53.89,97.70,0.6960,1,-1,-1
264,43,222.89,547.38,48.98,104.17,0.7326,1,-1,-1
264,45,1313.06,280.17,12.31,23.64,0.4707,1,-1,-1
264,60,1598.16,298.26,14.71,29.92,0.5380,1,-1,-1
264,64,917.76,257.54,10.65,23.44,0.4494,1,-1,-1
264,57,1675.84,309.68,16.31,29.36,0.5448,1,-1,-1
264,68,1585.98,301.97,14.44,27.70,0.4756,1,-1,-1
265,42,125.34,565.34,54.92,99.77,0.6826,1,-1,-1
265,43,216.55,550.39,49.71,105.79,0.8164,1,-1,-1
265,45,1314.73,280.15,12.29,23.28,0.4235,1,-1,-1
265,60,1599.99,297.52,14.70,30.46,0.4311,1,-1,-1
265,64,917.88,257.35,10.68,23.43,0.4359,1,-1,-1
265,57,1679.58,309.40,16.92,30.46,0.5438,1,-1,-1
265,68,1587.54,302.00,14.30,27.71,0.4571,1,-1,-1
266,42,114.80,568.90,60.48,110.79,0.6689,1,-1,-1
266,43,210.37,553.85,49.93,106.15,0.8199,1,-1,-1
266,45,1315.80,280.30,12.47,23.45,0.4659,1,-1,-1
266,60,1601.82,297.45,14.35,30.15,0.6123,1,-1,-1
266,64,917.97,257.22,10.65,23.30,0.4417,1,-1,-1
266,57,1683.14,310.73,16.82,29.94,0.2401,1,-1,-1
266,68,1589.42,301.74,14.71,28.80,0.4494,1,-1,-1
267,42,103.99,573.37,65.22,121.43,0.5293,1,-1,-1
267,43,204.34,557.86,49.71,105.39,0.7677,1,-1,-1
267,45,1317.54,280.72,12.47,23.50,0.4225,1,-1,-1
267,60,1603.22,297.41,14.50,30.99,0.5506,1,-1,-1
267,64,918.09,257.15,10.64,23.20,0.4301,1,-1,-1
267,57,1688.58,310.04,16.68,29.87,0.3594,1,-1,-1
267,68,1591.18,301.27,15.01,29.75,0.5137,1,-1,-1
268,42,97.25,577.76,64.26,120.94,0.7506,1,-1,-1
268,43,197.59,561.47,51.65,109.43,0.7944,1,-1,-1
268,45,1319.08,280.95,12.48,23.49,0.4446,1,-1,-1
268,60,1605.18,296.83,14.72,31.45,0.5429,1,-1,-1
268,64,918.36,256.55,10.97,24.02,0.4017,1,-1,-1
268,57,1691.46,310.81,17.16,30.46,0.4494,1,-1,-1
268,68,1593.15,301.16,14.83,29.72,0.5176,1,-1,-1
269,42,89.68,582.03,63.02,119.14,0.7994,1,-1,-1
269,43,190.51,565.15,52.01,109.84,0.7295,1,-1,-1
269,45,1320.30,280.53,13.18,24.86,0.4756,1,-1,-1
269,60,1606.29,297.11,14.76,31.60,0.5458,1,-1,-1
269,64,919.28,256.96,10.73,23.43,0.3693,1,-1,-1
269,57,1695.58,310.39,17.37,30.74,0.3115,1,-1,-1
269,68,1594.59,301.47,14.90,30.03,0.4893,1,-1,-1
270,42,82.50,586.18,62.57,118.88,0.8056,1,-1,-1
270,43,183.66,569.51,52.32,110.21,0.8129,1,-1,-1
270,45,1320.95,279.98,13.78,26.15,0.5390,1,-1,-1
270,60,1607.09,298.08,15.18,32.60,0.4542,1,-1,-1
270,64,919.87,256.73,10.78,23.57,0.4678,1,-1,-1
270,57,1698.18,310.07,18.44,31.87,0.4026,1,-1,-1
270,68,1595.98,301.65,14.88,30.15,0.3877,1,-1,-1
270,70,827.40,246.54,11.39,18.02,0.4746,1,-1,-1
271,42,74.82,590.73,63.17,120.72,0.7387,1,-1,-1
271,43,176.34,574.37,52.33,110.09,0.8081,1,-1,-1
271,45,1321.67,280.72,13.74,26.30,0.5583,1,-1,-1
271,60,1609.14,298.57,14.41,31.26,0.5946,1,-1,-1
271,64,920.47,257.80,9.82,21.32,0.4766,1,-1,-1
271,57,1702.96,312.12,18.42,31.43,0.4932,1,-1,-1
271,68,1597.47,301.49,14.35,29.31,0.5224,1,-1,-1
271,70,828.40,246.95,11.14,17.65,0.4196,1,-1,-1
272,42,66.22,595.37,63.67,122.16,0.7840,1,-1,-1
272,43,170.06,578.35,52.77,111.01,0.8152,1,-1,-1
272,45,1323.67,281.12,13.39,25.72,0.5908,1,-1,-1
272,60,1611.38,298.92,14.05,30.53,0.6496,1,-1,-1
272,64,920.82,258.30,9.46,20.49,0.5117,1,-1,-1
272,57,1708.61,313.49,17.73,30.51,0.3923,1,-1,-1
272,68,1598.69,301.80,13.73,28.27,0.4854,1,-1,-1
272,70,828.59,247.18,11.01,17.46,0.4301,1,-1,-1
273,42,57.80,600.53,63.86,122.98,0.7202,1,-1,-1
273,43,162.25,584.03,53.34,111.32,0.7759,1,-1,-1
273,45,1325.59,281.64,12.96,25.11,0.5964,1,-1,-1
273,60,1612.87,299.17,13.83,30.01,0.6298,1,-1,-1
273,64,920.95,258.72,9.49,20.50,0.5746,1,-1,-1
273,57,1711.75,313.28,18.84,31.89,0.4776,1,-1,-1
273,68,1599.62,302.50,13.79,28.61,0.4533,1,-1,-1
273,70,828.47,247.28,11.06,17.56,0.4426,1,-1,-1
274,42,50.47,604.79,64.32,123.90,0.6619,1,-1,-1
274,43,154.20,589.52,54.18,112.85,0.7578,1,-1,-1
274,45,1327.13,282.08,12.70,24.67,0.5832,1,-1,-1
274,60,1614.34,299.56,13.71,29.79,0.5670,1,-1,-1
274,64,920.98,259.01,9.59,20.61,0.5993,1,-1,-1
274,57,1715.52,314.24,18.76,31.39,0.5088,1,-1,-1
274,68,1600.79,303.10,13.89,29.10,0.1913,1,-1,-1
274,70,828.35,247.33,11.07,17.61,0.4678,1,-1,-1
274,71,71.96,305.96,21.60,45.35,0.5506,1,-1,-1
275,42,42.28,609.32,66.92,128.09,0.7476,1,-1,-1
275,43,147.53,593.34,56.11,116.39,0.7957,1,-1,-1
275,45,1328.58,282.69,12.51,24.33,0.5429,1,-1,-1
275,60,1615.92,299.49,13.60,29.35,0.6123,1,-1,-1
275,64,921.13,259.12,9.59,20.58,0.5708,1,-1,-1
275,57,1720.05,314.45,18.92,31.57,0.4321,1,-1,-1
275,68,1602.44,300.99,14.33,30.21,0.4815,1,-1,-1
275,70,828.23,247.44,11.07,17.66,0.4581,1,-1,-1
275,71,69.95,307.65,21.05,44.14,0.4737,1,-1,-1
276,42,33.61,613.63,66.00,125.54,0.6792,1,-1,-1
276,43,138.96,598.67,56.58,117.18,0.8105,1,-1,-1
276,45,1330.89,283.49,11.93,23.40,0.5127,1,-1,-1
276,60,1617.91,299.84,13.23,28.46,0.6197,1,-1,-1
276,64,921.63,259.06,9.19,19.63,0.5651,1,-1,-1
276,57,1726.00,314.81,18.43,31.12,0.4177,1,-1,-1
276,68,1604.26,300.50,14.09,30.07,0.5195,1,-1,-1
276,70,827.87,247.62,11.10,17.78,0.4359,1,-1,-1
276,71,67.17,309.79,19.87,41.74,0.2854,1,-1,-1
277,42,25.86,617.41,63.14,118.00,0.7506,1,-1,-1
277,43,129.37,603.80,57.50,118.74,0.7106,1,-1,-1
277,45,1332.03,283.16,12.23,24.03,0.4805,1,-1,-1
277,60,1619.44,299.41,13.57,28.78,0.4698,1,-1,-1
277,64,922.24,259.24,9.04,19.24,0.5898,1,-1,-1
277,57,1729.36,315.98,18.55,31.31,0.4359,1,-1,-1
277,68,1605.51,300.37,14.28,30.72,0.4815,1,-1,-1
277,70,827.47,247.79,11.05,17.81,0.4196,1,-1,-1
277,71,64.91,310.36,19.49,40.97,0.2666,1,-1,-1
278,42,16.80,622.53,64.07,116.38,0.6740,1,-1,-1
278,43,120.13,607.14,59.54,122.51,0.7677,1,-1,-1
278,45,1333.34,283.53,12.37,24.32,0.5156,1,-1,-1
278,60,1620.67,298.89,13.95,29.27,0.4863,1,-1,-1
278,64,922.70,259.54,9.16,19.49,0.5784,1,-1,-1
278,57,1734.32,315.73,18.80,31.99,0.2444,1,-1,-1
278,68,1606.79,300.76,14.03,29.99,0.5185,1,-1,-1
278,70,827.25,247.86,11.05,17.91,0.4064,1,-1,-1
278,71,60.32,306.65,21.77,46.05,0.4397,1,-1,-1
279,42,8.16,628.45,66.08,117.05,0.6188,1,-1,-1
279,43,111.52,612.33,60.10,123.40,0.7840,1,-1,-1
279,45,1334.55,282.81,13.33,26.02,0.5784,1,-1,-1
279,60,1622.20,298.56,14.38,29.96,0.5039,1,-1,-1
279,64,923.04,259.90,9.34,19.92,0.5631,1,-1,-1
279,57,1738.87,316.26,18.46,31.50,0.4600,1,-1,-1
279,68,1608.91,303.14,13.05,27.61,0.5487,1,-1,-1
279,70,827.19,247.94,11.00,17.96,0.4054,1,-1,-1
279,71,58.36,308.58,21.15,44.83,0.5244,1,-1,-1
280,42,2.09,633.20,66.03,115.79,0.5137,1,-1,-1
280,43,104.70,617.30,62.06,125.11,0.6740,1,-1,-1
280,45,1336.25,283.48,13.00,25.21,0.5351,1,-1,-1
280,60,1623.54,298.65,14.67,30.33,0.5361,1,-1,-1
280,64,923.37,260.05,9.51,20.30,0.5215,1,-1,-1
280,57,1742.84,316.58,18.64,31.92,0.4630,1,-1,-1
280,68,1609.49,304.02,12.75,26.46,0.5936,1,-1,-1
280,70,827.01,247.89,11.00,18.13,0.4426,1,-1,-1
280,71,56.68,309.79,20.06,42.65,0.4649,1,-1,-1
281,42,-6.19,639.39,63.94,114.73,0.6584,1,-1,-1
281,43,92.22,622.02,62.49,126.31,0.7663,1,-1,-1
281,45,1337.29,283.71,12.86,24.90,0.5283,1,-1,-1
281,60,1625.37,298.97,14.39,29.74,0.5746,1,-1,-1
281,64,923.67,260.18,9.53,20.28,0.5059,1,-1,-1
281,57,1747.44,318.20,17.96,30.96,0.4795,1,-1,-1
281,68,1610.42,305.26,12.87,26.53,0.5993,1,-1,-1
281,70,826.91,247.81,10.97,18.24,0.4746,1,-1,-1
281,71,55.35,311.95,19.39,41.38,0.4659,1,-1,-1
282,42,-10.99,645.15,65.77,121.72,0.1471,1,-1,-1
282,43,81.75,627.41,62.21,125.47,0.6567,1,-1,-1
282,45,1339.50,284.80,12.84,24.61,0.5127,1,-1,-1
282,60,1626.91,299.59,14.16,29.23,0.6215,1,-1,-1
282,64,923.94,260.51,9.53,20.21,0.5059,1,-1,-1
282,57,1752.47,319.60,17.68,30.54,0.4766,1,-1,-1
282,68,1611.21,304.96,13.15,26.81,0.3594,1,-1,-1
282,70,826.80,247.86,10.91,18.32,0.4902,1,-1,-1
282,71,53.23,315.45,18.07,38.64,0.2689,1,-1,-1
283,42,-8.38,648.17,64.31,120.24,0.2429,1,-1,-1
283,43,73.19,632.09,63.66,127.60,0.5293,1,-1,-1
283,45,1341.11,283.95,13.74,26.28,0.5496,1,-1,-1
283,60,1628.10,300.14,14.56,30.14,0.6628,1,-1,-1
283,64,924.38,260.52,8.98,18.75,0.4912,1,-1,-1
283,57,1756.85,320.75,17.82,30.66,0.5390,1,-1,-1
283,68,1612.79,302.42,14.20,28.96,0.4235,1,-1,-1
283,70,826.75,248.04,10.70,18.15,0.5107,1,-1,-1
283,71,50.08,315.16,18.42,39.54,0.3794,1,-1,-1
283,74,836.42,248.04,9.65,17.95,0.4902,1,-1,-1
284,43,61.46,637.10,64.85,130.15,0.5641,1,-1,-1
284,45,1342.57,284.46,13.72,26.21,0.5477,1,-1,-1
284,60,1628.52,300.22,15.71,32.91,0.6505,1,-1,-1
284,64,924.73,260.54,8.50,17.39,0.4776,1,-1,-1
284,57,1759.97,320.14,18.93,32.25,0.4273,1,-1,-1
284,68,1613.22,301.47,15.25,31.26,0.4542,1,-1,-1
284,70,826.69,248.15,10.51,18.04,0.4980,1,-1,-1
284,71,47.78,316.58,18.12,38.87,0.4436,1,-1,-1
284,74,836.50,248.26,9.60,17.85,0.4883,1,-1,-1
284,75,507.94,272.33,13.39,33.23,0.4649,1,-1,-1
285,43,53.70,642.41,66.02,131.12,0.7746,1,-1,-1
285,45,1343.79,284.13,14.00,26.70,0.5400,1,-1,-1
285,60,1629.72,300.36,16.02,34.08,0.6522,1,-1,-1
285,64,924.97,260.31,8.28,16.56,0.4727,1,-1,-1
285,57,1764.75,320.63,18.99,32.32,0.4340,1,-1,-1
285,68,1614.91,301.62,15.45,31.79,0.5000,1,-1,-1
285,70,826.68,248.16,10.34,17.97,0.5059,1,-1,-1
285,71,44.49,317.33,17.98,38.84,0.4397,1,-1,-1
285,74,836.57,248.36,9.59,17.84,0.4893,1,-1,-1
285,75,507.80,272.56,13.39,33.26,0.4282,1,-1,-1
286,43,42.93,647.86,66.99,132.05,0.7090,1,-1,-1
286,45,1345.15,283.58,14.56,27.86,0.5631,1,-1,-1
286,60,1631.82,299.59,15.96,34.39,0.6280,1,-1,-1
286,64,924.86,260.43,8.80,17.47,0.4990,1,-1,-1
286,57,1770.46,321.13,19.04,32.55,0.3621,1,-1,-1
286,68,1617.51,304.11,14.59,29.72,0.5727,1,-1,-1
286,70,826.70,248.18,10.28,18.19,0.5254,1,-1,-1
286,71,40.95,317.40,18.29,39.47,0.2983,1,-1,-1
286,74,837.05,248.36,9.54,17.80,0.4932,1,-1,-1
286,75,507.23,272.63,13.41,33.31,0.2798,1,-1,-1
287,43,35.68,654.50,67.92,130.75,0.7994,1,-1,-1
287,45,1346.88,284.24,14.09,26.93,0.5746,1,-1,-1
287,60,1634.38,299.70,15.45,33.45,0.6531,1,-1,-1
287,64,924.74,260.56,9.28,18.34,0.4951,1,-1,-1
287,57,1775.52,322.34,18.83,32.10,0.3208,1,-1,-1
287,68,1619.40,303.70,14.65,29.87,0.5458,1,-1,-1
287,70,826.76,248.20,10.17,18.31,0.5341,1,-1,-1
287,71,37.51,315.48,19.46,42.05,0.4971,1,-1,-1
287,74,837.21,248.49,9.46,17.69,0.4980,1,-1,-1
287,75,506.95,272.76,13.08,32.48,0.3363,1,-1,-1
287,76,585.78,202.96,55.72,26.78,0.5583,9,-1,-1
288,43,25.42,659.60,71.96,135.97,0.8222,1,-1,-1
288,45,1348.37,285.14,13.68,26.20,0.5176,1,-1,-1
288,60,1635.78,299.59,15.49,33.58,0.6496,1,-1,-1
288,64,924.74,260.72,9.50,18.75,0.4922,1,-1,-1
288,57,1780.56,322.18,19.35,32.85,0.2487,1,-1,-1
288,68,1620.96,303.07,14.74,30.15,0.5293,1,-1,-1
288,70,826.87,248.27,9.97,18.24,0.5341,1,-1,-1
288,71,34.76,315.50,19.79,42.40,0.3433,1,-1,-1
288,74,837.30,248.72,9.33,17.50,0.5059,1,-1,-1
288,75,506.75,272.64,12.80,31.73,0.3585,1,-1,-1
288,76,585.49,202.90,55.78,26.81,0.6077,9,-1,-1
289,43,10.06,666.50,72.98,138.22,0.8587,1,-1,-1
289,45,1350.26,284.99,13.80,26.41,0.5448,1,-1,-1
289,60,1637.95,300.24,14.92,32.42,0.6252,1,-1,-1
289,64,924.80,260.85,9.59,18.90,0.4912,1,-1,-1
289,57,1786.44,323.66,18.44,31.75,0.3191,1,-1,-1
289,68,1622.80,304.58,13.97,28.43,0.5000,1,-1,-1
289,70,826.90,248.28,9.85,18.30,0.5254,1,-1,-1
289,71,29.79,316.16,21.39,45.73,0.3812,1,-1,-1
289,74,837.36,248.90,9.24,17.38,0.5049,1,-1,-1
289,75,506.39,272.87,12.87,31.94,0.1733,1,-1,-1
289,76,585.34,202.89,55.61,26.73,0.5487,9,-1,-1
290,43,2.87,674.14,74.57,139.69,0.8311,1,-1,-1
290,45,1352.24,285.69,13.96,26.82,0.5593,1,-1,-1
290,60,1639.77,300.71,14.99,32.67,0.6800,1,-1,-1
290,64,924.67,261.28,10.20,20.28,0.4834,1,-1,-1
290,57,1791.72,323.64,18.41,32.27,0.4282,1,-1,-1
290,68,1624.03,304.31,13.98,28.53,0.4600,1,-1,-1
290,70,826.83,248.21,9.83,18.52,0.5224,1,-1,-1
290,71,27.25,315.05,21.59,46.10,0.4054,1,-1,-1
290,74,837.33,248.96,9.29,17.52,0.5049,1,-1,-1
290,76,584.66,202.30,56.48,27.17,0.5020,9,-1,-1
291,45,1354.24,286.21,13.86,26.51,0.5341,1,-1,-1
291,60,1641.34,301.95,14.83,32.51,0.6732,1,-1,-1
291,64,924.76,261.81,10.55,21.23,0.4912,1,-1,-1
291,57,1798.03,323.89,17.88,31.98,0.4591,1,-1,-1
291,68,1624.82,305.11,14.01,28.69,0.5438,1,-1,-1
291,70,826.80,248.11,9.79,18.70,0.5283,1,-1,-1
291,71,25.90,316.34,20.61,43.89,0.4620,1,-1,-1
291,74,837.41,249.13,9.25,17.49,0.5107,1,-1,-1
291,76,584.20,202.01,57.00,27.44,0.4902,9,-1,-1
292,45,1355.70,286.27,14.00,26.71,0.5879,1,-1,-1
292,60,1642.04,301.82,15.19,33.55,0.6558,1,-1,-1
292,64,925.04,262.45,10.32,20.97,0.4542,1,-1,-1
292,57,1803.54,324.70,17.92,32.47,0.3657,1,-1,-1
292,68,1626.75,305.38,14.27,29.07,0.4756,1,-1,-1
292,70,826.84,248.16,9.69,18.73,0.5146,1,-1,-1
292,71,22.79,319.25,19.73,41.46,0.3775,1,-1,-1
292,74,837.45,249.22,9.25,17.57,0.5078,1,-1,-1
292,76,583.63,201.83,57.73,27.84,0.4397,9,-1,-1
293,45,1356.87,285.70,14.39,27.89,0.6179,1,-1,-1
293,60,1643.33,302.29,15.13,33.56,0.6325,1,-1,-1
293,64,925.33,262.88,10.06,20.58,0.4273,1,-1,-1
293,57,1806.67,326.25,17.48,31.77,0.4746,1,-1,-1
293,68,1629.12,305.63,14.74,30.29,0.5554,1,-1,-1
293,70,826.82,248.20,9.58,18.77,0.5137,1,-1,-1
293,71,19.31,320.43,19.42,41.09,0.5689,1,-1,-1
293,74,837.39,249.20,9.29,17.71,0.5107,1,-1,-1
293,76,583.10,201.52,58.42,28.24,0.4073,9,-1,-1
294,45,1358.60,286.71,13.93,26.96,0.5955,1,-1,-1
294,60,1645.23,302.41,15.00,33.28,0.6558,1,-1,-1
294,64,925.44,263.15,10.24,21.16,0.4542,1,-1,-1
294,57,1810.74,327.18,17.32,31.45,0.4292,1,-1,-1
294,68,1630.60,305.34,14.28,29.46,0.5390,1,-1,-1
294,70,826.85,248.39,9.38,18.61,0.5107,1,-1,-1
294,71,16.26,320.97,19.21,40.81,0.5429,1,-1,-1
294,74,837.42,249.24,9.24,17.67,0.5059,1,-1,-1
294,76,582.92,201.78,58.28,28.24,0.3381,9,-1,-1
295,45,1359.90,286.79,14.25,27.46,0.5917,1,-1,-1
295,60,1647.10,302.46,14.89,32.86,0.6105,1,-1,-1
295,64,925.45,263.35,10.58,22.07,0.5302,1,-1,-1
295,57,1814.26,326.76,17.91,32.62,0.3381,1,-1,-1
295,68,1632.31,305.20,14.52,29.66,0.5860,1,-1,-1
295,70,826.86,248.61,9.17,18.40,0.4990,1,-1,-1
295,71,13.90,322.52,18.65,39.46,0.3858,1,-1,-1
295,74,837.48,249.36,9.11,17.46,0.5039,1,-1,-1
295,76,582.39,202.09,58.72,28.52,0.2147,9,-1,-1
296,45,1360.56,286.63,14.68,28.14,0.5651,1,-1,-1
296,60,1648.99,302.71,14.59,32.08,0.6379,1,-1,-1
296,64,925.58,263.30,10.56,22.22,0.5215,1,-1,-1
296,57,1818.89,327.81,17.91,32.36,0.3107,1,-1,-1
296,68,1633.51,304.17,14.67,29.89,0.5322,1,-1,-1
296,70,826.96,248.82,8.93,18.13,0.5059,1,-1,-1
296,71,11.00,323.05,18.54,39.14,0.1541,1,-1,-1
296,74,837.57,249.54,8.96,17.16,0.5156,1,-1,-1
296,76,582.62,202.99,57.72,28.04,0.1634,9,-1,-1
297,45,1362.82,286.38,15.00,28.79,0.5993,1,-1,-1
297,60,1650.85,302.87,14.68,32.11,0.6397,1,-1,-1
297,64,925.88,262.96,10.37,21.96,0.5088,1,-1,-1
297,57,1824.68,326.32,18.96,34.43,0.2351,1,-1,-1
297,68,1635.22,305.27,14.23,29.12,0.5107,1,-1,-1
297,70,826.90,248.95,8.81,18.06,0.5078,1,-1,-1
297,71,7.40,323.76,18.63,39.59,0.3648,1,-1,-1
297,74,837.59,249.63,8.95,17.18,0.5185,1,-1,-1
297,76,582.68,203.33,57.45,27.92,0.2598,9,-1,-1
298,45,1364.96,286.95,14.86,28.59,0.5917,1,-1,-1
298,60,1652.01,302.94,15.03,32.73,0.6197,1,-1,-1
298,64,926.19,262.95,10.10,21.46,0.4639,1,-1,-1
298,57,1830.55,326.84,19.26,34.74,0.1432,1,-1,-1
298,68,1636.21,305.55,13.86,28.55,0.4688,1,-1,-1
298,70,826.91,249.06,8.71,18.02,0.5088,1,-1,-1
298,71,2.63,325.38,18.07,37.76,0.2024,1,-1,-1
298,74,837.55,249.63,8.93,17.16,0.5127,1,-1,-1
298,76,582.68,203.29,57.13,27.78,0.3757,9,-1,-1
299,45,1366.64,286.84,14.85,28.72,0.5879,1,-1,-1
299,60,1653.37,302.95,15.41,33.30,0.6433,1,-1,-1
299,64,926.30,263.17,10.22,21.85,0.4805,1,-1,-1
299,57,1835.05,327.96,19.09,34.36,0.2926,1,-1,-1
299,68,1636.97,306.51,13.57,27.78,0.5039,1,-1,-1
299,70,826.86,249.25,8.64,18.00,0.5039,1,-1,-1
299,71,-0.06,324.83,18.41,38.41,0.2790,1,-1,-1
299,74,837.55,249.71,8.88,17.07,0.5020,1,-1,-1
299,76,582.73,203.25,56.58,27.50,0.3522,9,-1,-1
300,45,1367.78,286.67,14.76,28.90,0.5898,1,-1,-1
300,60,1654.76,303.12,15.36,33.03,0.6487,1,-1,-1
300,64,926.44,263.23,10.09,21.66,0.4707,1,-1,-1
300,57,1840.52,331.79,17.68,31.77,0.3794,1,-1,-1
300,68,1638.43,305.37,14.56,29.71,0.5088,1,-1,-1
300,70,826.88,249.33,8.55,17.93,0.5098,1,-1,-1
300,71,-2.09,324.45,18.16,38.63,0.2408,1,-1,-1
300,74,837.56,249.74,8.84,16.99,0.5078,1,-1,-1
300,76,582.74,203.08,56.29,27.34,0.4610,9,-1,-1
301,45,1369.86,286.83,14.38,28.66,0.6179,1,-1,-1
301,60,1656.55,303.80,15.14,32.40,0.6280,1,-1,-1
301,64,926.84,263.62,9.80,21.05,0.3251,1,-1,-1
301,57,1844.25,334.25,16.79,29.70,0.4824,1,-1,-1
301,68,1639.76,306.76,14.47,29.24,0.5156,1,-1,-1
301,70,826.80,249.53,8.54,18.00,0.4513,1,-1,-1
301,74,837.51,249.71,8.91,17.21,0.4562,1,-1,-1
301,76,583.10,202.84,55.05,26.70,0.3594,9,-1,-1
302,45,1371.61,287.52,13.61,27.62,0.5823,1,-1,-1
302,60,1658.31,304.26,15.07,32.09,0.6868,1,-1,-1
302,64,926.99,263.79,9.88,21.26,0.3208,1,-1,-1
302,57,1849.44,335.60,17.34,30.34,0.3540,1,-1,-1
302,68,1641.01,307.59,14.77,29.73,0.6252,1,-1,-1
302,70,826.75,249.65,8.54,18.06,0.4301,1,-1,-1
302,74,837.49,249.83,8.94,17.31,0.4321,1,-1,-1
302,76,582.00,202.40,56.08,27.16,0.2814,9,-1,-1
303,45,1373.48,288.37,13.37,27.39,0.5813,1,-1,-1
303,60,1660.20,304.73,15.13,31.98,0.6298,1,-1,-1
303,64,927.15,263.85,9.96,21.45,0.2902,1,-1,-1
303,57,1854.07,335.45,18.06,31.34,0.3886,1,-1,-1
303,68,1641.82,309.07,14.94,30.06,0.6433,1,-1,-1
303,70,826.67,249.92,8.42,17.81,0.3942,1,-1,-1
303,74,837.49,249.99,9.00,17.50,0.4017,1,-1,-1
303,76,580.98,201.97,57.20,27.70,0.2628,9,-1,-1
304,45,1375.68,288.76,13.14,27.13,0.5429,1,-1,-1
304,60,1661.82,305.56,15.25,32.30,0.6225,1,-1,-1
304,64,927.16,263.99,10.34,22.42,0.3877,1,-1,-1
304,57,1858.17,335.78,18.46,32.05,0.3794,1,-1,-1
304,68,1642.91,309.80,15.02,30.20,0.5554,1,-1,-1
304,70,826.55,249.99,8.47,17.94,0.4196,1,-1,-1
304,74,837.38,250.20,9.13,17.82,0.4455,1,-1,-1
304,76,580.92,202.21,57.06,27.61,0.3016,9,-1,-1
305,45,1377.72,289.59,12.91,26.90,0.5784,1,-1,-1
305,60,1663.34,305.91,15.13,32.18,0.6628,1,-1,-1
305,64,927.36,264.05,10.52,22.92,0.3868,1,-1,-1
305,57,1862.98,336.22,19.15,32.37,0.3451,1,-1,-1
305,68,1644.72,310.15,15.06,30.12,0.6628,1,-1,-1
305,70,826.52,250.01,8.60,18.17,0.4282,1,-1,-1
305,74,837.30,250.22,9.27,18.16,0.4102,1,-1,-1
305,76,580.82,202.19,57.10,27.61,0.2862,9,-1,-1
306,45,1379.31,289.85,12.91,26.94,0.5860,1,-1,-1
306,60,1665.13,306.06,14.94,32.07,0.6851,1,-1,-1
306,64,927.60,264.11,10.58,23.15,0.4688,1,-1,-1
306,57,1868.52,337.78,18.45,31.12,0.2783,1,-1,-1
306,68,1646.29,310.53,15.40,30.95,0.6575,1,-1,-1
306,70,826.54,250.08,8.72,18.34,0.4216,1,-1,-1
306,74,837.23,250.19,9.35,18.38,0.3812,1,-1,-1
306,76,580.91,202.40,56.71,27.41,0.3016,9,-1,-1
307,45,1380.35,289.96,13.07,27.22,0.6105,1,-1,-1
307,60,1666.70,305.83,14.89,32.22,0.6935,1,-1,-1
307,64,927.86,264.09,10.38,22.77,0.3914,1,-1,-1
307,57,1874.26,338.48,18.63,30.61,0.2075,1,-1,-1
307,68,1646.75,310.12,16.01,32.37,0.6505,1,-1,-1
307,70,826.56,250.15,8.81,18.42,0.4007,1,-1,-1
307,74,837.27,250.25,9.34,18.41,0.3794,1,-1,-1
307,76,580.49,202.17,57.35,27.77,0.2806,9,-1,-1
308,45,1381.65,289.69,13.53,28.01,0.6197,1,-1,-1
308,60,1668.44,305.34,15.05,32.66,0.6593,1,-1,-1
308,64,927.94,264.06,10.34,22.73,0.3329,1,-1,-1
308,57,1881.92,338.62,19.03,31.35,0.2846,1,-1,-1
308,68,1647.27,310.40,16.43,33.30,0.5574,1,-1,-1
308,70,826.67,250.26,8.83,18.36,0.3812,1,-1,-1
308,74,837.35,250.37,9.27,18.30,0.3549,1,-1,-1
308,76,579.88,201.77,58.29,28.34,0.3032,9,-1,-1
309,45,1383.24,289.99,13.87,28.63,0.6469,1,-1,-1
309,60,1670.34,305.24,15.25,33.21,0.6901,1,-1,-1
309,64,927.99,264.19,10.29,22.65,0.3007,1,-1,-1
309,57,1887.55,339.33,18.40,30.42,0.3933,1,-1,-1
309,68,1649.10,309.92,16.39,33.24,0.5593,1,-1,-1
309,70,826.59,250.23,8.95,18.59,0.3821,1,-1,-1
309,74,837.35,250.45,9.28,18.37,0.3840,1,-1,-1
309,76,580.33,202.29,57.13,27.77,0.3183,9,-1,-1
310,45,1384.63,290.59,13.71,28.41,0.5670,1,-1,-1
310,60,1672.02,305.50,15.02,32.69,0.6289,1,-1,-1
310,64,928.13,264.39,10.05,22.10,0.1877,1,-1,-1
310,57,1893.14,341.14,17.13,28.27,0.2247,2,-1,-1
310,68,1650.32,309.83,16.32,33.35,0.5804,1,-1,-1
310,70,826.59,250.21,9.04,18.78,0.3478,1,-1,-1
310,74,837.32,250.66,9.31,18.44,0.3648,1,-1,-1
310,76,579.66,201.90,57.88,28.24,0.3425,9,-1,-1
311,45,1385.21,290.79,13.80,28.83,0.4834,1,-1,-1
311,60,1673.67,305.90,15.08,32.94,0.5974,1,-1,-1
311,64,928.32,264.50,9.73,21.35,0.1889,1,-1,-1
311,57,1898.72,342.51,17.18,28.20,0.1005,1,-1,-1
311,68,1652.10,310.19,15.93,32.51,0.5351,1,-1,-1
311,70,826.49,250.36,9.04,18.81,0.2958,1,-1,-1
311,74,837.31,250.86,9.34,18.58,0.3381,1,-1,-1
311,76,579.26,201.80,58.00,28.40,0.3558,9,-1,-1
312,45,1387.75,290.98,14.12,29.43,0.5166,1,-1,-1
312,60,1675.37,306.58,14.92,32.62,0.5955,1,-1,-1
312,64,928.42,264.45,9.73,21.38,0.2220,1,-1,-1
312,57,1901.99,341.60,19.17,31.92,0.2830,1,-1,-1
312,68,1652.80,310.42,16.07,32.82,0.5137,1,-1,-1
312,70,826.43,250.40,9.22,19.21,0.2902,1,-1,-1
312,74,837.18,251.08,9.43,18.82,0.3242,1,-1,-1
312,76,579.27,201.99,57.42,28.17,0.3739,9,-1,-1
313,45,1390.05,290.81,14.39,29.84,0.5593,1,-1,-1
313,60,1676.77,306.73,15.07,32.98,0.6505,1,-1,-1
313,64,928.53,264.23,9.90,21.82,0.3040,1,-1,-1
313,68,1653.84,310.38,17.08,35.01,0.4659,1,-1,-1
313,70,826.26,250.41,9.46,19.80,0.3140,1,-1,-1
313,74,837.00,251.30,9.54,19.09,0.3594,1,-1,-1
313,76,579.28,202.20,56.89,27.93,0.3748,9,-1,-1
314,45,1391.77,291.15,14.52,29.88,0.5842,1,-1,-1
314,60,1677.94,307.13,15.12,32.99,0.6505,1,-1,-1
314,64,928.60,264.34,10.07,22.31,0.2902,1,-1,-1
314,68,1655.86,310.64,17.05,34.84,0.4397,1,-1,-1
314,70,826.04,250.43,9.80,20.55,0.2621,1,-1,-1
314,74,836.76,251.41,9.70,19.49,0.3115,1,-1,-1
314,76,578.71,202.01,57.12,28.10,0.3576,9,-1,-1
315,45,1393.29,291.72,14.40,29.35,0.5351,1,-1,-1
315,60,1679.07,307.15,15.52,33.84,0.6215,1,-1,-1
315,64,928.70,264.40,10.27,22.94,0.3849,1,-1,-1
315,68,1657.28,310.98,17.35,35.39,0.4102,1,-1,-1
315,70,825.91,250.63,9.62,20.23,0.3320,1,-1,-1
315,74,836.78,251.43,9.52,19.11,0.3942,1,-1,-1
315,76,578.62,202.17,56.56,27.83,0.4177,9,-1,-1
316,45,1395.05,292.37,14.34,28.97,0.5487,1,-1,-1
316,60,1680.60,307.04,15.57,33.96,0.4581,1,-1,-1
316,64,929.32,264.65,9.53,21.04,0.2444,1,-1,-1
316,68,1658.51,311.56,16.97,35.06,0.2910,1,-1,-1
316,70,826.21,251.53,9.26,19.42,0.2024,1,-1,-1
316,74,836.89,251.90,9.34,18.72,0.3433,1,-1,-1
316,76,577.45,201.69,57.71,28.47,0.4102,9,-1,-1
317,45,1396.33,292.70,14.30,28.90,0.5332,1,-1,-1
317,60,1682.30,307.04,15.83,34.51,0.5708,1,-1,-1
317,64,929.77,265.00,9.01,19.64,0.2200,1,-1,-1
317,68,1658.55,311.38,17.98,37.05,0.3442,1,-1,-1
317,70,826.29,251.95,9.15,19.13,0.2056,1,-1,-1
317,74,836.85,252.12,9.32,18.62,0.3594,1,-1,-1
317,76,576.46,201.49,58.34,28.83,0.3840,9,-1,-1
318,45,1398.17,293.68,14.13,28.45,0.4990,1,-1,-1
318,60,1684.21,309.26,14.79,31.95,0.5400,1,-1,-1
318,64,929.94,265.36,8.99,19.37,0.1919,1,-1,-1
318,68,1661.00,311.78,16.47,33.74,0.2372,1,-1,-1
318,70,826.24,252.05,9.21,19.21,0.2473,1,-1,-1
318,74,836.72,252.16,9.47,18.92,0.3905,1,-1,-1
318,76,575.72,201.35,58.67,29.03,0.3831,9,-1,-1
319,45,1400.80,293.87,14.20,28.71,0.4951,1,-1,-1
319,60,1685.97,309.71,14.79,31.59,0.5574,1,-1,-1
319,64,930.16,265.84,8.75,18.59,0.1683,1,-1,-1
319,68,1664.33,311.98,15.41,31.44,0.4542,1,-1,-1
319,70,826.34,252.14,9.16,19.00,0.2082,1,-1,-1
319,74,836.61,252.35,9.58,19.14,0.3558,1,-1,-1
319,76,575.60,200.56,60.11,29.91,0.1818,9,-1,-1
320,45,1403.19,293.66,14.25,28.83,0.5438,1,-1,-1
320,60,1688.06,309.65,15.09,31.89,0.5631,1,-1,-1
320,64,930.27,266.07,8.71,18.24,0.1711,1,-1,-1
320,68,1667.92,311.92,13.49,27.19,0.5107,1,-1,-1
320,70,826.44,252.29,9.11,18.76,0.1727,1,-1,-1
320,74,836.55,252.66,9.66,19.34,0.3090,1,-1,-1
320,76,575.32,201.37,58.51,29.06,0.2531,9,-1,-1
321,45,1404.93,293.54,14.36,28.98,0.5727,1,-1,-1
321,60,1690.16,310.27,14.87,31.19,0.4017,1,-1,-1
321,64,930.05,266.35,9.41,19.63,0.1871,1,-1,-1
321,68,1670.82,312.01,12.13,24.46,0.4168,1,-1,-1
321,70,826.51,252.58,8.95,18.33,0.1264,1,-1,-1
321,74,836.51,252.89,9.67,19.37,0.2767,1,-1,-1
321,76,575.39,201.66,58.22,28.91,0.2539,6,-1,-1
322,45,1406.29,293.77,14.74,29.68,0.5689,1,-1,-1
322,60,1691.54,311.16,14.99,30.95,0.4571,1,-1,-1
322,64,930.10,266.54,9.54,19.71,0.2167,1,-1,-1
322,68,1672.64,311.92,11.65,23.29,0.3398,1,-1,-1
322,70,826.43,252.72,8.95,18.22,0.1217,1,-1,-1
322,74,836.56,253.02,9.62,19.28,0.2775,1,-1,-1
322,76,574.70,201.52,58.23,28.90,0.2846,9,-1,-1
323,45,1407.25,294.05,15.08,30.54,0.5477,1,-1,-1
323,60,1692.56,311.74,15.30,31.23,0.5263,1,-1,-1
323,64,930.13,266.61,9.74,19.92,0.2344,1,-1,-1
323,68,1674.19,311.15,12.37,24.49,0.3242,1,-1,-1
323,70,826.55,253.63,9.19,18.66,0.1330,1,-1,-1
323,74,836.57,253.06,9.58,19.22,0.2751,1,-1,-1
323,76,574.68,201.99,57.46,28.41,0.3775,9,-1,-1
324,45,1410.17,295.90,14.36,28.98,0.4533,1,-1,-1
324,60,1694.62,313.57,14.60,29.46,0.4961,1,-1,-1
324,64,930.30,266.63,9.58,19.28,0.2234,1,-1,-1
324,68,1675.88,311.67,12.45,24.81,0.4417,1,-1,-1
324,70,825.95,253.23,9.26,18.74,0.1176,1,-1,-1
324,74,836.57,253.13,9.59,19.26,0.2644,1,-1,-1
324,76,575.39,202.71,56.79,27.96,0.4111,9,-1,-1
325,45,1411.86,295.59,15.24,30.88,0.5361,1,-1,-1
325,60,1696.20,311.93,15.19,30.72,0.5224,1,-1,-1
325,64,930.39,266.66,9.53,18.88,0.2114,1,-1,-1
325,68,1677.93,312.70,12.98,25.82,0.5380,1,-1,-1
325,70,825.48,253.16,9.28,18.81,0.1603,1,-1,-1
325,74,836.59,253.22,9.58,19.28,0.2934,1,-1,-1
325,76,576.45,204.16,54.07,26.34,0.1105,6,-1,-1
326,45,1413.10,295.63,16.20,33.08,0.5823,1,-1,-1
326,60,1697.77,314.56,14.67,29.73,0.5593,1,-1,-1
326,64,930.51,266.86,9.35,18.18,0.2379,1,-1,-1
326,68,1679.89,313.86,13.25,26.36,0.3914,1,-1,-1
326,70,825.46,253.19,9.30,18.80,0.1913,1,-1,-1
326,74,836.52,253.21,9.66,19.45,0.3337,1,-1,-1
326,76,574.49,201.99,58.44,28.62,0.2282,6,-1,-1
327,45,1414.85,295.84,16.07,33.01,0.6289,1,-1,-1
327,60,1699.79,314.43,14.97,30.57,0.5631,1,-1,-1
327,64,930.57,267.09,9.29,17.73,0.2247,1,-1,-1
327,68,1681.70,314.53,12.94,25.73,0.4168,1,-1,-1
327,70,825.35,253.19,9.33,18.74,0.1790,1,-1,-1
327,74,836.53,253.21,9.63,19.39,0.3140,1,-1,-1
327,76,574.31,201.74,58.57,28.73,0.2134,9,-1,-1
328,45,1416.42,295.82,16.02,32.93,0.6487,1,-1,-1
328,60,1701.38,314.92,15.46,31.90,0.5746,1,-1,-1
328,64,930.60,267.42,9.23,17.28,0.2323,1,-1,-1
328,68,1683.02,315.44,12.96,25.73,0.4446,1,-1,-1
328,70,825.05,253.22,9.38,18.80,0.2012,1,-1,-1
328,74,836.60,253.23,9.60,19.38,0.3416,1,-1,-1
328,76,574.12,201.59,58.41,28.61,0.1678,9,-1,-1
329,45,1418.32,295.89,16.00,32.98,0.6415,1,-1,-1
329,60,1702.36,313.93,16.17,33.46,0.5593,1,-1,-1
329,64,930.58,267.35,9.44,17.39,0.2261,1,-1,-1
329,68,1684.38,315.40,13.67,26.79,0.3785,1,-1,-1
329,70,824.88,253.22,9.61,19.12,0.1950,1,-1,-1
329,74,836.44,253.13,9.77,19.72,0.3217,1,-1,-1
329,76,573.60,201.30,58.65,28.72,0.2814,9,-1,-1
330,45,1421.50,296.59,15.87,32.95,0.5936,1,-1,-1
330,60,1703.86,313.88,16.22,33.60,0.5727,1,-1,-1
330,64,930.43,267.16,9.90,18.05,0.2553,1,-1,-1
330,68,1685.78,315.94,13.94,27.00,0.3914,1,-1,-1
330,70,824.79,253.46,9.65,19.09,0.2069,1,-1,-1
330,74,836.33,253.10,9.87,19.96,0.3363,1,-1,-1
330,76,573.16,201.27,58.63,28.71,0.3702,9,-1,-1
331,45,1424.14,297.13,15.27,31.76,0.5842,1,-1,-1
331,60,1705.70,315.10,15.39,31.66,0.3594,1,-1,-1
331,64,929.64,267.57,11.40,20.80,0.2991,1,-1,-1
331,68,1687.72,315.81,14.22,27.27,0.2870,1,-1,-1
331,70,825.34,254.10,9.26,18.18,0.1045,1,-1,-1
331,74,836.39,253.46,9.77,19.76,0.2689,1,-1,-1
331,76,572.63,201.71,59.18,29.03,0.3074,9,-1,-1
332,45,1425.98,297.75,14.90,30.97,0.5993,1,-1,-1
332,60,1708.39,317.19,14.63,29.89,0.2846,1,-1,-1
332,64,929.60,267.91,11.54,21.02,0.2720,1,-1,-1
332,68,1688.94,316.88,14.77,28.58,0.5098,1,-1,-1
332,70,823.24,254.43,9.52,18.52,0.1034,1,-1,-1
332,74,836.45,253.66,9.69,19.63,0.2200,1,-1,-1
332,76,572.70,201.98,58.50,28.69,0.2830,9,-1,-1
333,45,1427.96,298.09,15.04,31.14,0.6325,1,-1,-1
333,60,1710.20,317.36,14.77,30.19,0.4776,1,-1,-1
333,64,929.43,268.25,12.03,21.97,0.2480,1,-1,-1
333,68,1690.83,316.29,15.27,29.57,0.4330,1,-1,-1
333,70,822.40,254.62,9.68,18.73,0.1140,1,-1,-1
333,74,836.12,253.95,9.74,19.54,0.2207,1,-1,-1
333,76,571.72,201.64,59.33,29.16,0.3803,9,-1,-1
334,45,1429.09,297.16,15.98,32.82,0.6011,1,-1,-1
334,60,1711.72,317.24,14.71,30.18,0.4727,1,-1,-1
334,64,929.78,268.22,11.48,20.83,0.1755,1,-1,-1
334,68,1692.69,316.47,15.12,29.59,0.5137,1,-1,-1
334,70,821.96,254.54,9.85,19.00,0.1316,1,-1,-1
334,74,836.02,254.19,9.71,19.30,0.2323,1,-1,-1
334,76,571.61,201.99,58.45,28.67,0.4130,9,-1,-1
335,45,1430.10,297.76,16.19,33.10,0.5746,1,-1,-1
335,60,1713.52,316.00,15.63,32.05,0.5448,1,-1,-1
335,64,930.53,268.48,11.83,21.39,0.2234,1,-1,-1
335,68,1694.83,317.07,15.22,30.11,0.5107,1,-1,-1
335,70,821.80,254.53,9.86,18.97,0.1727,1,-1,-1
335,74,836.25,254.10,9.72,19.35,0.2302,1,-1,-1
335,76,571.87,202.79,56.94,27.76,0.5351,9,-1,-1
336,45,1433.69,298.03,15.73,32.35,0.5708,1,-1,-1
336,60,1715.32,316.86,15.59,32.11,0.4873,1,-1,-1
336,64,931.15,268.41,11.41,20.33,0.1999,1,-1,-1
336,68,1696.42,318.22,14.46,29.09,0.5823,1,-1,-1
336,70,821.69,254.37,9.95,19.13,0.2140,1,-1,-1
336,74,836.24,253.95,9.82,19.58,0.2561,1,-1,-1
336,76,571.75,203.45,56.08,27.19,0.4727,9,-1,-1
337,45,1436.37,298.36,15.46,31.93,0.5400,1,-1,-1
337,60,1717.44,318.17,14.91,30.87,0.5765,1,-1,-1
337,64,931.55,268.57,11.00,19.26,0.1895,1,-1,-1
337,68,1697.23,319.29,14.24,29.05,0.5010,1,-1,-1
337,70,821.55,254.28,9.97,19.21,0.2127,1,-1,-1
337,74,836.18,253.96,9.90,19.76,0.2606,1,-1,-1
337,76,572.34,204.43,54.24,26.04,0.4017,9,-1,-1
338,45,1438.09,299.07,15.30,31.66,0.5784,1,-1,-1
338,60,1718.99,318.85,15.04,31.28,0.5525,1,-1,-1
338,64,931.49,268.71,11.26,19.56,0.2444,1,-1,-1
338,68,1698.85,320.68,13.91,28.62,0.5351,1,-1,-1
338,70,821.28,253.95,10.09,19.60,0.2991,1,-1,-1
338,74,836.09,254.01,9.97,19.90,0.3540,1,-1,-1
338,76,573.29,205.51,52.18,24.74,0.2878,9,-1,-1
339,45,1440.10,299.57,15.24,31.32,0.6123,1,-1,-1
339,60,1719.53,318.97,15.63,32.50,0.5302,1,-1,-1
339,64,931.60,268.98,11.18,19.14,0.2043,1,-1,-1
339,68,1700.46,320.96,13.86,28.78,0.5879,1,-1,-1
339,70,821.11,253.78,10.12,19.80,0.2775,1,-1,-1
339,74,836.03,254.15,9.94,19.80,0.3268,1,-1,-1
339,76,573.24,205.63,52.01,24.42,0.3099,9,-1,-1
340,45,1441.43,300.04,15.51,31.85,0.5955,1,-1,-1
340,60,1721.57,318.41,15.73,32.68,0.5974,1,-1,-1
340,64,932.08,268.87,10.36,17.41,0.1330,1,-1,-1
340,68,1701.90,320.43,14.27,29.69,0.6397,1,-1,-1
340,70,820.91,253.60,10.06,19.87,0.3407,1,-1,-1
340,74,835.94,254.34,9.90,19.62,0.3355,1,-1,-1
340,76,573.45,206.01,51.30,23.87,0.2682,9,-1,-1
341,45,1443.62,300.24,15.61,32.07,0.5718,1,-1,-1
341,60,1723.53,318.57,15.51,32.04,0.5689,1,-1,-1
341,64,932.43,268.99,9.65,15.89,0.1385,1,-1,-1
341,68,1703.38,320.47,14.53,30.24,0.6197,1,-1,-1
341,70,820.75,253.41,10.02,19.98,0.3648,1,-1,-1
341,74,835.92,254.44,9.91,19.56,0.3442,1,-1,-1
341,76,573.05,206.11,52.05,24.07,0.2886,9,-1,-1
342,45,1446.15,299.83,15.83,32.87,0.5487,1,-1,-1
342,60,1725.35,318.50,15.76,32.28,0.6179,1,-1,-1
342,64,932.17,270.20,10.11,16.23,0.1515,1,-1,-1
342,68,1704.70,320.91,14.55,30.00,0.6469,1,-1,-1
342,70,820.75,253.59,9.89,19.87,0.3739,1,-1,-1
342,74,835.80,254.44,9.98,19.57,0.2878,1,-1,-1
342,76,572.98,206.27,52.27,23.99,0.2775,9,-1,-1
343,45,1447.99,299.97,15.97,33.33,0.6379,1,-1,-1
343,60,1726.98,318.42,16.16,33.24,0.6451,1,-1,-1
343,64,932.00,270.78,10.56,16.71,0.1285,1,-1,-1
343,68,1706.80,320.92,14.48,30.10,0.6379,1,-1,-1
343,70,820.85,253.83,9.73,19.68,0.4140,1,-1,-1
343,74,835.73,254.29,10.08,19.71,0.3024,1,-1,-1
343,76,572.42,206.40,52.32,23.77,0.1919,9,-1,-1
344,45,1449.68,299.92,16.31,34.08,0.7082,1,-1,-1
344,60,1728.83,319.32,15.91,32.76,0.5651,1,-1,-1
344,64,932.75,270.97,9.26,14.05,0.1120,1,-1,-1
344,68,1709.02,321.51,14.54,30.40,0.6424,1,-1,-1
344,70,821.24,254.10,9.43,19.13,0.4311,1,-1,-1
344,74,835.74,254.43,10.09,19.65,0.3049,1,-1,-1
345,45,1451.25,300.11,16.54,34.29,0.7194,1,-1,-1
345,60,1731.71,320.93,15.29,31.39,0.6243,1,-1,-1
345,64,933.00,271.08,8.87,13.03,0.1490,1,-1,-1
345,68,1711.14,322.05,14.47,30.61,0.6361,1,-1,-1
345,70,821.40,254.26,9.25,18.82,0.4102,1,-1,-1
345,74,835.65,254.48,10.14,19.66,0.2682,1,-1,-1
346,45,1452.44,300.02,16.68,34.32,0.6851,1,-1,-1
346,60,1733.85,321.73,14.87,30.60,0.6496,1,-1,-1
346,68,1713.48,322.81,13.84,29.40,0.6451,1,-1,-1
346,70,821.13,254.38,9.44,19.27,0.3905,1,-1,-1
346,74,835.29,254.39,10.28,19.68,0.1634,1,-1,-1
347,45,1454.70,301.39,16.18,33.33,0.5917,1,-1,-1
347,60,1735.91,321.51,15.24,31.77,0.6307,1,-1,-1
347,68,1715.80,323.00,13.70,29.10,0.6361,1,-1,-1
347,70,820.97,254.18,9.61,19.68,0.3739,1,-1,-1
347,74,835.04,254.38,10.43,19.74,0.1312,1,-1,-1
348,45,1457.84,301.99,15.97,32.78,0.5554,1,-1,-1
348,60,1737.89,320.90,15.25,32.11,0.5612,1,-1,-1
348,68,1717.70,322.21,14.08,30.23,0.6343,1,-1,-1
348,70,820.82,253.91,9.76,20.09,0.4073,1,-1,-1
348,74,834.82,254.45,10.58,19.77,0.1120,1,-1,-1
349,45,1460.43,302.04,15.82,32.67,0.5098,1,-1,-1
349,60,1739.87,320.51,15.44,32.85,0.5612,1,-1,-1
349,68,1719.14,321.66,14.43,31.29,0.6558,1,-1,-1
349,70,820.76,253.75,9.84,20.35,0.4158,1,-1,-1
349,74,834.64,254.50,10.78,19.92,0.1112,1,-1,-1
350,45,1462.59,302.44,15.71,32.47,0.5341,1,-1,-1
350,60,1741.94,320.40,15.65,33.62,0.5804,1,-1,-1
350,68,1720.14,321.77,14.63,31.77,0.6325,1,-1,-1
350,70,820.66,253.64,9.91,20.57,0.4187,1,-1,-1
350,74,834.53,254.69,10.93,19.98,0.1093,1,-1,-1
351,45,1463.19,303.39,15.83,32.89,0.6067,1,-1,-1
351,60,1743.47,320.86,15.62,33.55,0.5974,1,-1,-1
351,68,1722.47,321.60,14.46,31.32,0.5955,1,-1,-1
351,70,820.56,253.80,9.84,20.52,0.4054,1,-1,-1
351,74,834.51,254.83,10.97,19.86,0.1105,1,-1,-1
352,45,1465.15,304.25,15.72,32.71,0.6179,1,-1,-1
352,60,1745.76,320.20,15.25,32.90,0.5631,1,-1,-1
352,68,1724.67,322.22,14.24,31.10,0.5842,1,-1,-1
352,70,820.35,253.99,9.75,20.39,0.3914,1,-1,-1
352,74,834.52,254.92,11.01,19.74,0.1048,1,-1,-1
353,45,1466.44,305.53,15.14,32.01,0.5010,1,-1,-1
353,60,1747.47,320.59,15.36,33.36,0.6105,1,-1,-1
353,68,1726.76,322.08,14.37,31.65,0.5955,1,-1,-1
353,70,820.24,254.10,9.88,20.71,0.3961,1,-1,-1
353,74,834.41,254.92,11.24,20.05,0.1045,1,-1,-1
354,45,1471.10,306.07,15.30,32.58,0.5477,1,-1,-1
354,60,1749.61,320.95,15.61,33.85,0.5898,1,-1,-1
354,68,1729.21,323.42,13.93,30.57,0.6289,1,-1,-1
354,70,820.25,254.26,9.76,20.47,0.3757,1,-1,-1
354,74,833.29,255.45,10.84,19.59,0.3311,1,-1,-1
355,45,1473.18,306.47,15.35,32.92,0.5746,1,-1,-1
355,60,1751.22,321.31,15.81,34.31,0.6270,1,-1,-1
355,68,1731.28,323.88,14.32,31.45,0.6379,1,-1,-1
355,70,820.19,254.29,9.70,20.35,0.4216,1,-1,-1
355,74,832.92,255.89,10.45,19.12,0.3923,1,-1,-1
356,45,1474.83,306.39,15.60,33.77,0.6343,1,-1,-1
356,60,1752.88,323.13,15.12,33.02,0.6058,1,-1,-1
356,68,1732.94,323.34,14.55,32.11,0.6114,1,-1,-1
356,70,820.13,254.31,9.75,20.47,0.4407,1,-1,-1
356,74,832.75,256.17,10.20,18.85,0.4292,1,-1,-1
357,45,1476.78,306.60,15.51,33.89,0.6540,1,-1,-1
357,60,1755.45,323.66,14.83,32.42,0.6002,1,-1,-1
357,68,1734.97,323.70,13.89,30.53,0.5870,1,-1,-1
357,70,820.00,254.43,9.86,20.76,0.4149,1,-1,-1
357,74,832.59,256.19,10.15,18.95,0.4349,1,-1,-1
358,45,1478.69,307.39,15.18,33.70,0.5689,1,-1,-1
358,60,1757.51,323.72,14.85,32.71,0.6558,1,-1,-1
358,68,1736.32,325.32,13.42,29.55,0.5898,1,-1,-1
358,70,819.77,254.47,10.05,21.20,0.4196,1,-1,-1
358,74,832.22,256.03,10.41,19.68,0.4407,1,-1,-1
359,45,1483.46,307.59,15.37,34.09,0.5409,1,-1,-1
359,60,1759.18,323.82,15.39,33.96,0.6469,1,-1,-1
359,68,1738.45,325.78,13.41,29.23,0.6067,1,-1,-1
359,70,819.50,254.42,10.19,21.53,0.3603,1,-1,-1
359,74,831.95,255.62,10.70,20.48,0.3951,1,-1,-1
360,45,1485.70,308.06,15.42,34.19,0.5361,1,-1,-1
360,60,1761.13,324.19,15.42,33.77,0.6030,1,-1,-1
360,68,1740.13,326.74,13.65,29.83,0.6011,1,-1,-1
360,70,819.36,254.57,10.13,21.42,0.2744,1,-1,-1
360,74,831.87,255.73,10.73,20.82,0.3124,1,-1,-1
361,45,1487.13,308.43,15.26,33.93,0.5283,1,-1,-1
361,60,1763.61,324.45,15.65,33.97,0.6901,1,-1,-1
361,68,1741.50,326.65,14.05,30.48,0.6067,1,-1,-1
361,70,819.40,254.55,9.96,20.95,0.3346,1,-1,-1
361,74,831.89,256.27,10.51,20.60,0.3748,1,-1,-1
362,45,1489.07,308.56,15.38,34.37,0.5593,1,-1,-1
362,60,1765.21,324.54,15.98,34.33,0.6680,1,-1,-1
362,68,1743.20,326.73,14.40,31.26,0.5860,1,-1,-1
362,70,819.33,254.54,9.97,20.92,0.3372,1,-1,-1
362,74,831.88,256.32,10.46,20.72,0.3730,1,-1,-1
362,87,1491.36,309.52,15.40,33.55,0.5273,1,-1,-1
363,45,1493.05,309.94,14.98,33.35,0.5098,1,-1,-1
363,60,1766.58,324.09,16.49,34.98,0.6522,1,-1,-1
363,68,1744.23,326.59,15.36,33.43,0.5860,1,-1,-1
363,70,819.17,254.63,10.04,21.04,0.4064,1,-1,-1
363,74,831.95,256.37,10.44,20.89,0.4311,1,-1,-1
363,87,1491.09,310.25,14.97,32.73,0.5438,1,-1,-1
364,45,1496.40,310.50,15.25,33.88,0.5088,1,-1,-1
364,60,1768.92,324.61,17.04,35.61,0.5993,1,-1,-1
364,68,1746.68,327.73,14.96,32.79,0.6289,1,-1,-1
364,70,818.98,254.73,10.11,21.19,0.4698,1,-1,-1
364,74,831.88,256.36,10.53,21.30,0.4494,1,-1,-1
364,87,1491.38,310.79,15.37,33.71,0.3024,1,-1,-1
364,76,559.68,203.43,61.23,28.15,0.4668,9,-1,-1
365,45,1498.38,310.38,15.92,34.92,0.5823,1,-1,-1
365,60,1770.40,323.98,17.69,37.04,0.6361,1,-1,-1
365,68,1749.68,328.37,15.28,33.38,0.6415,1,-1,-1
365,70,818.83,254.87,10.09,21.18,0.4562,1,-1,-1
365,74,831.91,256.39,10.44,21.35,0.4292,1,-1,-1
365,76,559.66,203.22,60.72,28.11,0.5870,9,-1,-1
366,45,1499.33,310.69,16.00,34.89,0.5993,1,-1,-1
366,60,1772.99,324.73,17.52,36.86,0.6645,1,-1,-1
366,68,1752.61,328.52,15.08,32.62,0.6424,1,-1,-1
366,70,818.63,255.18,10.06,21.07,0.3989,1,-1,-1
366,74,831.97,256.52,10.19,20.97,0.3989,1,-1,-1
366,76,560.02,203.49,59.74,27.71,0.5718,9,-1,-1
367,45,1500.79,311.00,15.90,34.75,0.5917,1,-1,-1
367,60,1774.80,324.12,18.18,38.41,0.6809,1,-1,-1
367,68,1755.27,328.74,14.67,31.75,0.6469,1,-1,-1
367,70,818.53,255.19,10.12,21.12,0.4073,1,-1,-1
367,74,831.88,256.39,10.14,20.97,0.4196,1,-1,-1
367,76,559.90,203.56,59.64,27.74,0.4961,9,-1,-1
368,45,1505.88,311.37,15.82,34.40,0.4746,1,-1,-1
368,60,1777.83,324.21,17.89,38.13,0.6860,1,-1,-1
368,68,1758.64,328.94,15.93,34.55,0.6984,1,-1,-1
368,70,818.59,255.00,10.26,21.43,0.4504,1,-1,-1
368,74,831.75,256.17,10.30,21.37,0.4397,1,-1,-1
368,76,559.11,202.98,60.25,28.00,0.3989,9,-1,-1
369,45,1510.20,311.72,15.48,33.49,0.4073,1,-1,-1
369,60,1782.62,325.16,16.84,36.27,0.6663,1,-1,-1
369,68,1763.65,329.58,14.66,31.22,0.6105,1,-1,-1
369,70,819.63,255.89,9.95,20.79,0.2751,1,-1,-1
369,74,832.60,256.73,10.06,20.95,0.3174,1,-1,-1
369,76,560.28,204.02,57.86,26.54,0.4225,9,-1,-1
370,60,1789.99,324.31,17.39,37.65,0.6270,1,-1,-1
370,76,563.22,202.41,60.78,28.00,0.3251,9,-1,-1
370,90,150.28,359.71,24.17,37.39,0.5380,1,-1,-1
371,76,570.97,203.44,58.99,27.04,0.1451,9,-1,-1
372,76,577.00,202.30,62.23,28.26,0.2220,9,-1,-1
373,76,588.78,202.50,61.98,28.00,0.2606,9,-1,-1
374,76,601.45,203.93,59.05,26.67,0.5870,9,-1,-1
375,76,608.19,204.09,58.93,26.61,0.5156,9,-1,-1
375,93,182.37,361.29,25.20,45.45,0.6451,1,-1,-1
376,76,612.58,204.41,58.66,26.51,0.3174,4,-1,-1
376,93,181.14,362.29,24.36,44.05,0.5955,1,-1,-1
377,76,612.01,202.28,62.81,28.68,0.3007,6,-1,-1
377,93,178.91,364.20,24.04,43.47,0.5525,1,-1,-1
377,95,1870.48,332.29,18.05,37.75,0.6030,1,-1,-1
378,76,612.05,201.38,64.25,29.60,0.2330,9,-1,-1
378,93,176.01,365.25,22.36,40.59,0.4542,1,-1,-1
378,95,1873.00,332.48,18.00,37.70,0.5955,1,-1,-1
379,76,612.40,201.45,63.31,29.33,0.2783,9,-1,-1
379,93,171.08,367.33,20.71,37.64,0.2806,1,-1,-1
379,95,1875.12,334.12,18.84,39.53,0.5917,1,-1,-1
379,97,1853.65,335.27,16.71,36.39,0.5583,1,-1,-1
379,98,1595.31,318.41,17.60,36.56,0.5390,1,-1,-1
380,76,611.02,200.89,64.67,30.23,0.2082,6,-1,-1
380,93,165.95,367.76,23.01,42.01,0.5554,1,-1,-1
380,95,1878.18,333.78,18.80,39.46,0.6593,1,-1,-1
380,97,1856.61,335.27,17.02,37.02,0.5438,1,-1,-1
380,98,1597.76,318.68,18.19,37.83,0.4216,1,-1,-1
380,99,1604.95,318.28,14.91,37.41,0.4795,1,-1,-1
381,76,610.19,201.07,64.40,30.29,0.1993,6,-1,-1
381,93,160.64,368.29,23.30,42.40,0.5804,1,-1,-1
381,95,1880.76,333.08,19.83,41.72,0.7050,1,-1,-1
381,97,1858.85,335.65,17.16,37.22,0.5917,1,-1,-1
381,98,1599.69,319.08,18.73,39.14,0.1778,1,-1,-1
381,99,1605.03,318.16,15.55,38.95,0.4698,1,-1,-1
382,76,609.79,200.96,65.04,30.91,0.1437,6,-1,-1
382,93,155.60,368.85,22.88,42.07,0.3923,1,-1,-1
382,95,1883.13,333.42,19.66,41.21,0.6749,1,-1,-1
382,97,1860.39,335.88,18.17,39.36,0.5746,1,-1,-1
382,99,1606.61,318.40,15.83,39.45,0.5254,1,-1,-1
383,76,609.90,200.64,64.05,30.63,0.1005,9,-1,-1
383,93,151.70,369.55,21.66,40.07,0.5341,1,-1,-1
383,95,1885.13,334.17,18.75,38.98,0.6030,1,-1,-1
383,97,1863.54,336.04,18.09,39.40,0.5195,1,-1,-1
383,99,1608.40,318.51,16.01,40.02,0.5380,1,-1,-1
383,100,1617.00,319.31,15.29,38.49,0.6067,1,-1,-1
384,76,609.16,200.61,64.83,31.29,0.1744,6,-1,-1
384,93,146.97,370.88,20.18,37.46,0.2227,1,-1,-1
384,95,1887.47,335.17,18.45,37.92,0.5496,1,-1,-1
384,97,1866.84,337.33,18.23,39.92,0.5409,1,-1,-1
384,99,1613.56,318.52,16.31,40.43,0.4591,1,-1,-1
384,100,1618.63,319.44,15.42,38.82,0.5419,1,-1,-1
385,76,608.98,200.46,64.11,31.13,0.1285,9,-1,-1
385,93,140.98,371.58,21.47,40.07,0.2806,1,-1,-1
385,95,1891.57,335.98,17.88,36.71,0.5477,1,-1,-1
385,97,1871.05,337.77,17.45,38.32,0.5670,1,-1,-1
385,99,1613.97,319.33,16.54,40.83,0.1755,1,-1,-1
385,100,1618.73,319.34,15.80,39.63,0.5467,1,-1,-1
386,76,606.24,198.80,67.46,33.19,0.1919,6,-1,-1
386,93,135.04,372.49,22.48,42.20,0.5651,1,-1,-1
386,95,1893.81,337.21,17.92,36.95,0.5842,1,-1,-1
386,97,1874.62,338.67,16.58,36.66,0.5889,1,-1,-1
386,100,1618.31,319.63,16.16,40.50,0.6086,1,-1,-1
387,76,603.94,196.79,70.55,35.30,0.1418,6,-1,-1
387,93,130.30,373.42,22.55,42.52,0.3933,1,-1,-1
387,95,1896.32,338.10,17.92,37.42,0.5727,1,-1,-1
387,97,1877.25,339.21,17.31,38.67,0.5660,1,-1,-1
387,100,1620.42,320.95,15.91,39.77,0.5332,1,-1,-1
387,103,1629.93,322.12,14.11,38.36,0.5974,1,-1,-1
388,76,604.57,197.30,68.53,34.62,0.2134,6,-1,-1
388,93,125.84,374.10,22.62,42.93,0.3603,1,-1,-1
388,95,1900.45,338.78,18.42,39.00,0.5332,1,-1,-1
388,97,1880.38,338.88,17.51,39.12,0.6067,1,-1,-1
388,100,1624.69,321.81,16.32,40.49,0.1200,1,-1,-1
388,103,1630.21,321.60,14.75,39.91,0.5448,1,-1,-1
389,76,608.42,199.95,62.66,31.60,0.3107,6,-1,-1
389,93,121.62,374.89,23.02,43.85,0.4571,1,-1,-1
389,95,1904.36,338.25,17.61,38.16,0.2644,1,-1,-1
389,97,1885.66,339.14,16.77,37.27,0.3200,1,-1,-1
389,103,1633.85,322.58,15.03,40.28,0.5029,1,-1,-1
390,76,614.54,203.29,57.10,28.38,0.5370,9,-1,-1
390,93,121.02,375.45,23.91,45.66,0.3702,1,-1,-1
391,76,621.03,204.96,54.44,26.52,0.1525,6,-1,-1
392,76,628.21,204.97,55.68,26.67,0.2337,9,-1,-1
393,76,638.56,206.95,52.80,24.90,0.1848,6,-1,-1
394,76,644.32,207.70,52.13,24.04,0.2043,6,-1,-1
395,76,650.40,208.40,50.25,22.84,0.3905,9,-1,-1
395,109,136.61,379.11,23.77,49.91,0.6049,1,-1,-1
396,76,651.71,208.32,50.81,22.80,0.4036,9,-1,-1
396,109,134.19,380.73,24.01,50.48,0.5612,1,-1,-1
397,76,650.42,207.37,53.58,23.87,0.3858,9,-1,-1
397,109,129.36,381.51,23.18,48.76,0.4552,1,-1,-1
397,110,1715.89,330.57,15.15,39.71,0.5429,1,-1,-1
397,111,1704.22,331.56,16.11,38.99,0.5185,1,-1,-1
398,76,649.73,206.77,55.41,24.59,0.2854,9,-1,-1
398,109,123.38,383.50,22.98,48.45,0.4932,1,-1,-1
398,110,1712.52,330.44,16.30,42.52,0.5098,1,-1,-1
399,76,647.27,205.21,58.96,26.20,0.3630,9,-1,-1
399,109,116.46,384.15,22.87,48.12,0.2759,1,-1,-1
399,110,1713.03,330.04,17.12,44.45,0.6307,1,-1,-1
400,76,643.13,201.35,66.89,30.20,0.3157,6,-1,-1
400,109,110.39,384.92,24.24,51.05,0.4795,1,-1,-1
400,110,1715.89,331.03,17.14,44.47,0.6067,1,-1,-1
400,113,1727.24,331.16,15.96,44.09,0.5293,1,-1,-1
401,76,642.18,200.44,68.06,31.10,0.3504,6,-1,-1
401,113,1725.36,331.16,16.51,45.28,0.5224,1,-1,-1
401,114,637.04,809.49,215.40,100.68,0.5059,4,-1,-1
402,76,641.75,200.17,67.80,31.29,0.3416,6,-1,-1
402,113,1724.72,332.34,16.45,44.96,0.5898,1,-1,-1
402,114,625.51,817.10,226.69,105.94,0.4321,4,-1,-1
403,76,641.73,201.07,65.76,30.47,0.3320,9,-1,-1
403,113,1728.71,333.09,16.38,44.24,0.5438,1,-1,-1
403,114,610.74,829.13,231.73,108.36,0.3149,4,-1,-1
403,116,1738.60,333.04,17.59,44.59,0.5010,1,-1,-1
404,76,642.68,202.25,63.63,29.54,0.3451,6,-1,-1
404,114,597.83,840.32,247.56,115.89,0.2031,4,-1,-1
404,116,1736.12,334.09,17.51,44.20,0.5117,1,-1,-1
405,76,643.41,203.09,61.87,28.71,0.4017,6,-1,-1
405,114,587.90,858.42,254.44,119.15,0.4359,4,-1,-1
405,116,1736.54,335.21,17.62,44.46,0.5936,1,-1,-1
406,76,643.62,204.03,59.22,27.24,0.1871,9,-1,-1
406,114,568.27,870.50,275.51,129.76,0.1842,4,-1,-1
406,116,1739.94,336.01,17.78,44.76,0.4863,1,-1,-1
407,76,635.66,196.97,73.32,34.43,0.3868,6,-1,-1
407,116,1745.48,336.32,18.35,46.15,0.4815,1,-1,-1
407,118,904.02,263.56,9.87,22.30,0.4668,1,-1,-1
408,76,635.42,196.61,73.20,34.84,0.4455,6,-1,-1
408,116,1748.66,336.13,18.63,47.06,0.6179,1,-1,-1
408,118,903.92,263.97,9.91,22.38,0.4581,1,-1,-1
409,76,635.55,196.56,72.35,34.89,0.4513,6,-1,-1
409,116,1752.60,337.47,18.04,45.76,0.5429,1,-1,-1
409,118,903.70,263.92,9.97,22.50,0.5283,1,-1,-1
410,76,637.23,198.15,68.61,33.28,0.3720,6,-1,-1
410,116,1757.95,337.69,18.13,46.04,0.5974,1,-1,-1
410,118,903.65,264.53,9.82,22.12,0.4737,1,-1,-1
411,76,637.52,198.83,67.16,32.72,0.3191,6,-1,-1
411,116,1761.65,339.47,18.67,47.22,0.6067,1,-1,-1
411,118,903.44,264.57,9.86,22.17,0.4785,1,-1,-1
411,120,1775.89,340.53,16.50,46.11,0.5302,1,-1,-1
412,76,635.80,197.25,69.71,34.35,0.2480,6,-1,-1
412,116,1767.11,339.95,19.05,47.67,0.5049,1,-1,-1
412,118,903.15,264.57,9.95,22.33,0.5351,1,-1,-1
412,120,1780.18,340.80,17.17,48.02,0.4717,1,-1,-1
412,121,917.02,263.89,10.32,22.41,0.4932,1,-1,-1
413,76,633.64,195.51,72.55,36.26,0.2394,6,-1,-1
413,116,1771.29,341.45,19.05,47.80,0.5955,1,-1,-1
413,118,902.76,264.59,9.99,22.29,0.6215,1,-1,-1
413,120,1784.44,341.65,17.16,48.00,0.6487,1,-1,-1
413,121,916.75,263.75,10.50,22.80,0.5283,1,-1,-1
413,93,24.83,408.38,25.10,49.70,0.4922,1,-1,-1
414,76,635.02,197.00,69.10,34.73,0.2720,6,-1,-1
414,116,1776.15,342.72,18.79,46.92,0.5993,1,-1,-1
414,118,902.25,264.48,10.14,22.47,0.5506,1,-1,-1
414,120,1789.44,342.24,17.39,48.45,0.4552,1,-1,-1
414,121,916.37,264.18,10.52,22.85,0.5127,1,-1,-1
414,93,18.82,410.13,25.05,50.55,0.4513,1,-1,-1
415,76,635.90,198.71,66.00,33.18,0.3225,6,-1,-1
415,116,1781.91,343.85,18.69,46.58,0.5784,1,-1,-1
415,118,901.72,264.53,10.38,22.84,0.5804,1,-1,-1
415,120,1795.46,343.31,16.79,46.74,0.6307,1,-1,-1
415,121,916.01,264.73,10.61,23.01,0.5400,1,-1,-1
415,93,12.05,412.32,24.34,49.34,0.4446,1,-1,-1
416,76,636.79,199.14,65.43,33.00,0.1981,9,-1,-1
416,116,1786.06,344.28,19.03,47.36,0.6123,1,-1,-1
416,118,901.34,264.67,10.74,23.43,0.5823,1,-1,-1
416,120,1799.39,344.15,17.37,48.10,0.5409,1,-1,-1
416,121,915.63,265.01,10.90,23.60,0.5651,1,-1,-1
416,93,3.74,413.95,25.04,50.87,0.2436,1,-1,-1
417,76,635.65,197.78,67.52,34.34,0.1944,9,-1,-1
417,116,1790.16,344.98,19.38,48.22,0.5000,1,-1,-1
417,118,901.13,264.75,11.01,23.88,0.5917,1,-1,-1
417,120,1804.26,344.82,17.49,48.61,0.4533,1,-1,-1
417,121,915.38,265.39,11.03,23.86,0.5746,1,-1,-1
418,76,631.11,194.13,73.44,37.95,0.2926,6,-1,-1
418,116,1794.97,345.91,19.31,48.15,0.6270,1,-1,-1
418,118,900.95,264.61,11.37,24.53,0.6379,1,-1,-1
418,120,1809.42,345.98,17.47,48.42,0.6397,1,-1,-1
418,121,915.17,265.71,11.09,23.94,0.5898,1,-1,-1
419,76,631.41,195.16,71.22,37.04,0.2720,6,-1,-1
419,116,1800.05,346.80,19.57,48.74,0.6030,1,-1,-1
419,118,900.77,264.60,11.60,24.89,0.6575,1,-1,-1
419,120,1814.81,346.66,17.61,48.71,0.4321,1,-1,-1
419,121,914.94,266.10,11.09,23.87,0.5708,1,-1,-1
420,76,632.14,196.48,68.83,35.89,0.2069,6,-1,-1
420,116,1805.02,347.60,20.36,50.64,0.6067,1,-1,-1
420,118,900.51,264.95,11.73,25.03,0.6415,1,-1,-1
420,120,1820.13,347.36,17.83,49.41,0.5842,1,-1,-1
420,121,914.66,266.23,11.20,24.05,0.5574,1,-1,-1
421,76,633.15,198.50,65.67,34.17,0.2018,6,-1,-1
421,116,1811.00,348.36,20.97,51.57,0.6011,1,-1,-1
421,118,900.26,266.06,11.56,24.51,0.6307,1,-1,-1
421,120,1825.47,348.09,18.03,49.71,0.3621,1,-1,-1
421,121,914.38,266.84,11.09,23.71,0.5351,1,-1,-1
422,76,634.24,199.92,63.49,32.84,0.1790,6,-1,-1
422,116,1816.07,348.38,21.45,52.57,0.5823,1,-1,-1
422,118,900.25,266.50,11.64,24.50,0.6307,1,-1,-1
422,120,1831.48,348.49,18.65,51.43,0.5458,1,-1,-1
422,121,914.50,267.12,11.15,23.75,0.5370,1,-1,-1
422,123,1335.58,269.31,12.58,30.03,0.5020,1,-1,-1
423,76,634.34,199.52,63.99,33.12,0.3460,9,-1,-1
423,116,1822.33,350.46,21.61,52.92,0.3099,1,-1,-1
423,118,901.92,267.15,10.99,23.10,0.5312,1,-1,-1
423,120,1837.45,351.03,18.81,51.21,0.5146,1,-1,-1
423,121,915.76,267.73,10.84,23.19,0.4073,1,-1,-1
423,123,1338.81,271.80,11.53,27.40,0.2950,1,-1,-1
424,76,640.75,202.29,58.02,29.52,0.2659,6,-1,-1
424,121,917.59,268.51,10.46,22.17,0.1037,1,-1,-1
425,76,647.19,203.83,55.30,27.71,0.3007,6,-1,-1
426,76,653.29,203.98,56.62,27.96,0.1700,6,-1,-1
427,76,660.89,204.99,56.02,27.22,0.3942,9,-1,-1
428,76,669.20,206.73,53.46,25.41,0.3914,9,-1,-1
429,76,672.32,204.47,58.49,27.71,0.2926,6,-1,-1
430,76,676.54,204.67,58.75,27.59,0.1541,9,-1,-1
431,76,675.67,202.37,63.82,30.01,0.1938,9,-1,-1
431,127,955.65,270.22,11.33,22.62,0.5117,1,-1,-1
432,76,675.49,201.13,65.72,30.88,0.4282,6,-1,-1
432,127,956.35,270.31,11.43,22.84,0.4815,1,-1,-1
433,76,677.40,201.95,63.87,29.89,0.4980,6,-1,-1
433,127,956.81,270.21,11.69,23.42,0.4620,1,-1,-1
434,76,677.33,201.81,64.38,30.10,0.4727,6,-1,-1
434,127,956.64,270.18,11.81,23.74,0.4562,1,-1,-1
435,76,677.35,201.84,64.34,30.03,0.5098,6,-1,-1
435,127,956.41,270.17,11.92,24.08,0.4630,1,-1,-1
436,76,674.90,200.14,68.86,32.54,0.6132,9,-1,-1
436,127,956.13,270.08,12.09,24.51,0.5107,1,-1,-1
437,76,676.15,201.64,65.65,31.07,0.6077,9,-1,-1
437,127,956.05,270.29,12.06,24.59,0.5146,1,-1,-1
438,76,677.35,202.83,63.08,29.81,0.6316,9,-1,-1
438,127,956.51,271.09,11.88,24.25,0.5612,1,-1,-1
439,76,678.73,203.00,63.42,29.93,0.5737,9,-1,-1
439,127,958.98,272.20,11.40,23.28,0.5341,1,-1,-1
440,76,681.71,203.04,64.10,30.29,0.2598,9,-1,-1
441,76,689.29,205.09,59.25,27.49,0.1859,6,-1,-1
442,76,696.23,205.59,58.52,26.91,0.3757,9,-1,-1
443,76,701.86,204.93,60.42,27.65,0.3979,9,-1,-1
444,76,704.15,204.16,63.89,29.30,0.1597,9,-1,-1
445,76,707.14,204.42,63.56,29.09,0.2713,9,-1,-1
445,132,974.89,274.25,11.23,23.58,0.6011,1,-1,-1
446,76,708.65,204.81,63.20,28.86,0.3251,9,-1,-1
446,132,975.67,274.76,11.13,23.42,0.4854,1,-1,-1
447,76,708.22,204.33,64.70,29.59,0.3905,9,-1,-1
447,132,975.98,274.83,11.21,23.66,0.4426,1,-1,-1
447,133,1443.14,286.73,12.75,24.77,0.4688,1,-1,-1
448,76,707.31,203.71,66.32,30.41,0.4340,9,-1,-1
448,132,976.17,274.67,11.25,23.84,0.4795,1,-1,-1
448,133,1443.82,285.75,13.03,25.32,0.4805,1,-1,-1
449,76,706.25,203.19,67.52,31.06,0.4168,9,-1,-1
449,132,976.09,274.68,11.25,23.96,0.4883,1,-1,-1
449,133,1444.12,282.62,14.35,28.01,0.4571,1,-1,-1
449,135,991.12,273.50,12.21,25.28,0.4659,1,-1,-1
450,76,705.85,203.16,67.63,31.20,0.3303,9,-1,-1
450,132,976.04,274.92,11.12,23.82,0.5351,1,-1,-1
450,133,1443.43,276.20,17.44,34.32,0.1672,1,-1,-1
450,135,990.99,273.79,12.34,25.57,0.4746,1,-1,-1
451,76,703.53,201.68,70.55,32.80,0.2606,9,-1,-1
451,132,975.87,274.52,11.35,24.46,0.5477,1,-1,-1
451,133,1444.06,273.17,18.46,36.85,0.1678,1,-1,-1
451,135,989.67,274.09,12.58,26.11,0.4932,1,-1,-1
452,76,703.14,201.99,69.80,32.56,0.2682,9,-1,-1
452,132,975.64,274.97,11.52,24.97,0.5727,1,-1,-1
452,135,989.06,274.31,12.82,26.64,0.4932,1,-1,-1
452,137,1447.95,287.78,11.36,24.07,0.4805,1,-1,-1
453,76,702.71,202.23,69.12,32.29,0.3007,9,-1,-1
453,132,975.54,275.46,11.42,24.82,0.5917,1,-1,-1
453,135,988.73,274.15,13.07,27.21,0.4727,1,-1,-1
453,137,1448.78,289.20,11.23,23.76,0.3285,1,-1,-1
454,76,702.80,202.58,68.35,31.93,0.2147,9,-1,-1
454,132,975.60,275.79,11.21,24.37,0.6011,1,-1,-1
454,135,988.45,274.14,13.29,27.77,0.4562,1,-1,-1
454,137,1449.87,289.24,11.32,23.93,0.3979,1,-1,-1
455,76,701.77,202.44,68.77,32.17,0.1925,9,-1,-1
455,132,975.54,276.07,11.14,24.28,0.6142,1,-1,-1
455,135,988.36,274.39,13.15,27.57,0.4893,1,-1,-1
455,137,1450.40,287.93,12.17,25.74,0.5263,1,-1,-1
456,76,699.46,200.66,72.06,33.95,0.1399,9,-1,-1
456,132,975.54,276.46,10.98,24.00,0.6379,1,-1,-1
456,135,988.40,274.73,12.92,27.18,0.5370,1,-1,-1
456,137,1451.18,287.57,12.66,26.73,0.6086,1,-1,-1
457,76,696.48,197.95,76.78,36.71,0.2234,9,-1,-1
457,132,975.50,276.67,10.91,23.86,0.6397,1,-1,-1
457,135,988.47,275.16,12.91,27.26,0.5525,1,-1,-1
457,137,1451.87,288.07,12.85,26.97,0.6361,1,-1,-1
458,76,696.84,198.29,75.32,36.37,0.1925,9,-1,-1
458,132,975.40,276.97,10.89,23.82,0.6415,1,-1,-1
458,135,988.60,275.60,12.90,27.36,0.5813,1,-1,-1
458,137,1452.40,288.36,13.11,27.29,0.6628,1,-1,-1
459,76,697.06,198.18,74.80,36.57,0.2838,9,-1,-1
459,132,975.01,277.04,11.14,24.40,0.6505,1,-1,-1
459,135,988.43,275.78,12.95,27.53,0.6298,1,-1,-1
459,137,1452.99,289.18,12.95,26.53,0.6086,1,-1,-1
460,76,696.09,197.60,75.60,37.45,0.2323,9,-1,-1
460,132,974.64,277.15,11.40,25.03,0.6522,1,-1,-1
460,135,988.39,275.97,12.87,27.40,0.6370,1,-1,-1
460,137,1453.80,289.51,13.13,26.45,0.5936,1,-1,-1
461,76,697.00,198.84,73.18,36.55,0.2207,9,-1,-1
461,132,974.43,277.49,11.48,25.22,0.6451,1,-1,-1
461,135,988.41,276.25,12.73,27.18,0.6388,1,-1,-1
461,137,1454.66,289.70,13.46,26.77,0.5496,1,-1,-1
462,76,695.71,198.08,74.21,37.38,0.3849,6,-1,-1
462,132,974.31,277.80,11.57,25.49,0.6469,1,-1,-1
462,135,988.40,276.53,12.68,27.20,0.6298,1,-1,-1
462,137,1455.47,289.16,14.07,27.82,0.3914,1,-1,-1
463,76,696.92,199.84,70.73,35.60,0.3612,6,-1,-1
463,132,974.21,278.06,11.63,25.65,0.6379,1,-1,-1
463,135,988.33,276.88,12.62,27.22,0.6206,1,-1,-1
463,137,1455.92,287.47,15.29,30.44,0.3775,1,-1,-1
464,76,698.36,201.59,67.45,33.82,0.3612,6,-1,-1
464,132,973.95,278.22,11.71,25.83,0.6343,1,-1,-1
464,135,988.19,277.15,12.58,27.26,0.6114,1,-1,-1
464,137,1457.65,288.39,14.78,29.52,0.4854,1,-1,-1
465,76,697.30,200.72,69.32,34.91,0.2751,6,-1,-1
465,132,973.73,278.44,11.73,25.84,0.6325,1,-1,-1
465,135,987.92,277.40,12.52,27.27,0.5927,1,-1,-1
465,137,1459.30,289.63,14.15,28.25,0.5708,1,-1,-1
466,76,699.18,202.16,65.88,33.11,0.1437,9,-1,-1
466,132,973.61,278.83,11.67,25.74,0.5936,1,-1,-1
466,135,987.79,277.97,12.61,27.64,0.5775,1,-1,-1
466,137,1460.61,291.89,13.59,27.13,0.6252,1,-1,-1
467,76,699.58,203.10,63.68,31.78,0.2736,6,-1,-1
467,132,973.43,279.08,11.82,26.05,0.5898,1,-1,-1
467,135,987.57,278.35,12.76,28.10,0.5718,1,-1,-1
467,137,1461.60,292.19,13.79,27.66,0.5842,1,-1,-1
468,76,698.22,202.64,64.83,32.26,0.1582,6,-1,-1
468,132,973.24,279.23,12.02,26.39,0.5400,1,-1,-1
468,135,987.30,278.60,13.02,28.73,0.5117,1,-1,-1
468,137,1462.25,291.26,14.21,28.71,0.6011,1,-1,-1
469,76,695.27,198.97,71.66,36.09,0.1059,9,-1,-1
469,132,973.04,279.76,11.97,26.15,0.5215,1,-1,-1
469,135,987.23,278.98,13.03,28.82,0.4805,1,-1,-1
469,137,1463.12,290.68,14.43,29.44,0.6215,1,-1,-1
470,76,691.85,196.28,76.15,38.90,0.1164,6,-1,-1
470,132,972.64,280.29,12.24,26.70,0.5322,1,-1,-1
470,135,987.27,279.34,13.06,28.99,0.4717,1,-1,-1
470,137,1464.57,291.57,13.97,28.63,0.5651,1,-1,-1
471,132,972.29,280.79,12.46,27.22,0.5312,1,-1,-1
471,135,987.31,279.63,13.06,29.14,0.4659,1,-1,-1
471,137,1466.03,292.75,13.61,27.91,0.4698,1,-1,-1
472,132,972.12,281.16,12.47,27.31,0.4893,1,-1,-1
472,135,987.81,280.01,12.64,28.41,0.4045,1,-1,-1
472,137,1467.23,293.50,13.54,27.76,0.5670,1,-1,-1
473,132,972.03,281.48,12.41,27.28,0.4465,1,-1,-1
473,135,987.41,280.17,12.67,28.65,0.3630,1,-1,-1
473,137,1468.05,294.04,13.56,27.66,0.6086,1,-1,-1
474,132,971.95,281.96,12.14,26.79,0.4216,1,-1,-1
474,135,987.40,280.67,12.37,28.15,0.3495,1,-1,-1
474,137,1469.49,295.88,13.03,26.50,0.4883,1,-1,-1
475,132,972.01,282.26,12.12,26.75,0.4941,1,-1,-1
475,135,987.29,280.77,12.29,28.11,0.4330,1,-1,-1
475,137,1470.69,297.16,12.77,25.60,0.5974,1,-1,-1
476,132,972.02,282.47,12.13,26.81,0.5039,1,-1,-1
476,135,987.10,281.01,12.28,28.20,0.4064,1,-1,-1
476,137,1471.89,298.11,13.01,25.70,0.5727,1,-1,-1
477,132,971.98,282.79,12.09,26.76,0.5098,1,-1,-1
477,135,987.02,281.22,12.28,28.31,0.4026,1,-1,-1
477,137,1472.97,298.14,13.12,25.73,0.6086,1,-1,-1
478,132,971.96,283.04,12.20,27.05,0.5254,1,-1,-1
478,135,986.84,281.26,12.49,28.96,0.4216,1,-1,-1
478,137,1473.78,297.23,14.08,27.60,0.6234,1,-1,-1
479,132,971.94,283.35,12.24,27.15,0.5651,1,-1,-1
479,135,986.72,281.58,12.54,29.20,0.4698,1,-1,-1
479,137,1474.91,297.04,14.47,28.46,0.6469,1,-1,-1
480,132,971.97,283.77,12.14,26.89,0.6086,1,-1,-1
480,135,986.82,282.37,12.38,28.86,0.5020,1,-1,-1
480,137,1475.76,296.31,15.10,29.70,0.6289,1,-1,-1
481,132,971.91,284.00,12.25,27.03,0.6289,1,-1,-1
481,135,986.94,282.49,12.52,29.21,0.5525,1,-1,-1
481,137,1477.90,297.72,14.69,29.06,0.6179,1,-1,-1
482,132,971.86,283.95,12.53,27.56,0.6289,1,-1,-1
482,135,986.86,282.48,12.76,29.74,0.5370,1,-1,-1
482,137,1479.10,297.77,14.71,29.34,0.6160,1,-1,-1
483,132,971.80,283.84,12.79,28.01,0.6343,1,-1,-1
483,135,986.98,283.39,12.59,28.90,0.5516,1,-1,-1
483,137,1480.17,298.18,14.67,29.43,0.5612,1,-1,-1
484,132,971.43,283.54,13.01,28.42,0.6215,1,-1,-1
484,135,986.89,284.22,12.50,28.22,0.5574,1,-1,-1
484,137,1481.84,299.21,14.13,28.46,0.5746,1,-1,-1
485,132,971.21,283.42,13.06,28.47,0.6252,1,-1,-1
485,135,986.81,284.97,12.42,27.64,0.5525,1,-1,-1
485,137,1483.27,299.90,14.03,28.39,0.6575,1,-1,-1
486,132,971.11,283.55,13.12,28.57,0.6234,1,-1,-1
486,135,986.84,285.47,12.43,27.39,0.5429,1,-1,-1
486,137,1484.86,300.86,13.75,27.90,0.6575,1,-1,-1
487,132,971.14,283.91,13.20,28.62,0.6433,1,-1,-1
487,135,986.71,285.68,12.65,27.59,0.5765,1,-1,-1
487,137,1486.18,301.11,14.04,28.50,0.6307,1,-1,-1
488,132,971.25,284.24,13.26,28.65,0.6522,1,-1,-1
488,135,986.60,285.94,12.84,27.77,0.5936,1,-1,-1
488,137,1487.64,300.85,14.19,28.66,0.6783,1,-1,-1
489,132,971.27,284.50,13.31,28.62,0.6469,1,-1,-1
489,135,986.54,286.26,13.00,27.84,0.6011,1,-1,-1
489,137,1488.59,300.13,14.90,30.06,0.7001,1,-1,-1
490,132,971.18,284.81,13.33,28.53,0.6361,1,-1,-1
490,135,986.37,286.48,13.21,28.11,0.5860,1,-1,-1
490,137,1489.34,301.47,14.89,29.49,0.7098,1,-1,-1
491,132,970.97,285.64,13.30,28.37,0.6030,1,-1,-1
491,135,986.07,286.91,13.40,28.31,0.5898,1,-1,-1
491,137,1490.18,301.23,15.57,30.59,0.6968,1,-1,-1
492,132,970.81,286.46,13.25,28.29,0.5804,1,-1,-1
492,135,986.11,287.30,13.52,28.46,0.5651,1,-1,-1
492,137,1491.13,301.79,15.92,31.06,0.6505,1,-1,-1
493,132,970.71,286.96,13.29,28.48,0.6030,1,-1,-1
493,135,986.20,287.58,13.65,28.70,0.5689,1,-1,-1
493,137,1493.09,301.56,16.00,31.30,0.6800,1,-1,-1
494,132,970.74,287.70,13.13,28.26,0.5860,1,-1,-1
494,135,986.22,287.65,13.72,28.88,0.5477,1,-1,-1
494,137,1494.87,302.86,15.80,30.68,0.6234,1,-1,-1
495,132,970.87,288.09,13.14,28.32,0.5842,1,-1,-1
495,135,986.24,287.79,13.77,29.06,0.5302,1,-1,-1
495,137,1496.56,302.59,16.16,31.35,0.6415,1,-1,-1
496,132,971.15,288.95,13.16,28.44,0.5525,1,-1,-1
496,135,986.51,288.08,13.95,29.66,0.5166,1,-1,-1
496,137,1498.66,303.74,15.85,30.74,0.6697,1,-1,-1
497,132,971.57,290.05,13.05,28.24,0.5506,1,-1,-1
497,135,986.87,289.26,13.89,29.64,0.4902,1,-1,-1
497,137,1501.54,304.89,15.42,29.99,0.6451,1,-1,-1
497,76,682.20,199.33,72.85,37.88,0.4630,9,-1,-1
498,132,973.63,291.31,12.72,27.81,0.3251,1,-1,-1
498,135,988.11,289.98,13.76,29.65,0.3486,1,-1,-1
498,76,687.19,203.21,66.60,34.09,0.3007,9,-1,-1
499,135,985.79,290.72,14.21,28.71,0.1192,1,-1,-1
499,76,687.61,200.48,70.93,36.46,0.3775,9,-1,-1
500,135,986.87,292.45,12.03,24.72,0.2101,1,-1,-1
500,76,694.77,201.27,69.38,35.46,0.2790,9,-1,-1
501,76,701.86,201.52,68.73,34.94,0.3183,9,-1,-1
502,76,704.88,199.94,71.60,36.59,0.1634,6,-1,-1
503,76,699.32,192.19,85.19,44.75,0.4036,9,-1,-1
503,141,1543.24,309.07,15.15,30.66,0.6749,1,-1,-1
504,76,699.95,189.75,87.71,47.22,0.2854,9,-1,-1
504,141,1545.67,309.00,15.49,31.35,0.6715,1,-1,-1
504,142,1016.57,293.15,12.94,28.69,0.4824,1,-1,-1
505,76,698.83,187.29,90.62,50.03,0.1556,6,-1,-1
505,141,1548.00,309.31,15.55,31.43,0.5765,1,-1,-1
505,142,1017.04,293.07,13.03,28.82,0.5448,1,-1,-1
506,76,698.60,186.19,91.12,51.41,0.2147,6,-1,-1
506,141,1549.87,309.07,16.05,32.40,0.6487,1,-1,-1
506,142,1017.16,293.22,13.20,29.10,0.6105,1,-1,-1
507,76,699.04,185.89,90.08,51.82,0.2147,6,-1,-1
507,141,1551.54,310.15,15.80,31.82,0.6105,1,-1,-1
507,142,1017.06,293.55,13.51,29.69,0.6343,1,-1,-1
507,143,1000.90,292.77,12.48,31.24,0.4746,1,-1,-1
508,76,702.66,189.04,83.87,48.83,0.2830,9,-1,-1
508,141,1553.53,311.57,15.45,30.77,0.6697,1,-1,-1
508,142,1017.07,293.79,13.68,30.01,0.6361,1,-1,-1
508,143,1000.99,293.40,12.23,30.62,0.4912,1,-1,-1
509,76,703.85,190.18,81.16,47.78,0.2480,9,-1,-1
509,141,1555.47,312.32,15.56,30.91,0.7001,1,-1,-1
509,142,1016.96,294.11,14.00,30.68,0.6522,1,-1,-1
509,143,1001.08,294.12,11.99,30.02,0.5448,1,-1,-1
510,76,705.54,192.44,77.08,45.57,0.2775,9,-1,-1
510,141,1557.84,313.21,15.27,30.19,0.6663,1,-1,-1
510,142,1016.93,294.55,14.02,30.76,0.6522,1,-1,-1
510,143,1001.10,294.98,11.77,29.47,0.5631,1,-1,-1
510,145,1005.23,295.80,13.63,29.45,0.5059,1,-1,-1
511,141,1560.00,313.42,15.65,30.91,0.6645,1,-1,-1
511,142,1016.77,295.05,13.91,30.58,0.6307,1,-1,-1
511,143,1000.66,296.07,11.69,29.25,0.6361,1,-1,-1
511,145,1007.69,296.32,13.67,29.63,0.5117,1,-1,-1
511,146,1014.37,295.76,13.69,29.78,0.5078,1,-1,-1
512,141,1562.29,313.91,15.78,31.27,0.6749,1,-1,-1
512,142,1016.55,295.49,13.93,30.69,0.6307,1,-1,-1
512,143,1000.49,296.87,11.68,29.23,0.6252,1,-1,-1
512,145,1008.74,296.57,13.81,30.12,0.5263,1,-1,-1
512,146,1014.19,296.00,13.87,30.16,0.5098,1,-1,-1
513,141,1564.51,313.97,16.09,31.96,0.6540,1,-1,-1
513,142,1017.05,296.04,13.81,30.56,0.6307,1,-1,-1
513,143,1000.52,296.74,11.89,29.84,0.5955,1,-1,-1
513,145,1008.44,296.42,14.00,30.71,0.5823,1,-1,-1
513,146,1014.33,296.47,13.91,30.25,0.5176,1,-1,-1
514,141,1568.47,314.47,16.07,32.07,0.5936,1,-1,-1
514,142,1018.58,296.92,13.58,30.05,0.5224,1,-1,-1
514,143,1001.15,296.55,12.12,30.43,0.3346,1,-1,-1
514,145,1006.02,296.35,14.17,31.04,0.5448,1,-1,-1
514,146,1014.78,297.37,13.68,29.87,0.2553,1,-1,-1
515,141,1573.42,315.30,15.81,31.48,0.6234,1,-1,-1
515,142,1018.11,298.34,13.40,29.65,0.4941,1,-1,-1
515,145,1005.45,296.13,14.49,31.70,0.6049,1,-1,-1
515,146,1011.98,297.55,13.64,29.95,0.2822,1,-1,-1
516,141,1579.69,316.08,15.63,31.04,0.4961,1,-1,-1
516,146,1009.59,297.82,13.93,30.49,0.3225,1,-1,-1
517,141,1586.33,316.22,15.78,31.61,0.5583,1,-1,-1
517,146,1010.70,298.53,13.72,30.27,0.4707,1,-1,-1
517,149,719.00,206.93,69.20,31.67,0.4961,6,-1,-1
517,142,1018.93,299.54,13.63,30.24,0.4688,1,-1,-1
518,141,1593.14,317.02,16.22,32.61,0.5651,1,-1,-1
518,149,722.70,206.88,68.64,31.42,0.4417,6,-1,-1
518,142,1017.41,299.51,14.18,31.47,0.5727,1,-1,-1
519,141,1600.86,317.88,16.26,32.78,0.5400,1,-1,-1
519,149,727.61,206.69,68.29,31.27,0.5775,6,-1,-1
519,142,1019.93,299.62,14.18,31.40,0.5496,1,-1,-1
519,151,1036.37,300.18,14.35,30.66,0.5390,1,-1,-1
520,141,1608.12,318.65,16.45,33.04,0.3311,1,-1,-1
520,149,732.15,206.57,69.02,31.64,0.4465,6,-1,-1
520,142,1022.99,300.09,14.10,31.33,0.3831,1,-1,-1
521,141,1615.32,319.62,16.72,33.28,0.2316,1,-1,-1
521,149,736.41,206.56,68.96,31.64,0.4902,6,-1,-1
521,142,1027.01,300.53,14.25,31.67,0.5078,1,-1,-1
522,141,1622.40,320.91,16.72,32.75,0.4426,1,-1,-1
522,149,741.22,207.74,66.39,30.41,0.3794,6,-1,-1
523,149,743.90,207.23,68.47,31.38,0.3720,6,-1,-1
524,149,748.23,207.29,67.20,30.73,0.5737,6,-1,-1
524,151,1040.21,301.76,14.77,31.55,0.5631,1,-1,-1
524,141,1635.60,323.89,17.62,33.86,0.4961,1,-1,-1
525,149,750.24,206.28,69.47,31.86,0.2902,6,-1,-1
525,151,1043.14,302.34,14.65,31.21,0.5670,1,-1,-1
525,141,1641.32,323.48,18.53,35.08,0.5224,1,-1,-1
526,149,753.33,207.33,67.51,30.96,0.1645,9,-1,-1
526,151,1045.75,302.36,14.73,31.35,0.5823,1,-1,-1
526,141,1647.23,322.99,19.08,35.84,0.6469,1,-1,-1
526,155,1063.45,301.29,14.94,33.65,0.5593,1,-1,-1
527,149,749.56,202.96,75.72,35.08,0.4941,6,-1,-1
527,151,1047.57,302.55,14.74,31.33,0.5263,1,-1,-1
527,141,1651.61,322.87,19.70,36.83,0.7130,1,-1,-1
527,155,1065.43,301.34,15.03,33.77,0.5898,1,-1,-1
528,149,746.27,199.01,82.90,39.03,0.5467,6,-1,-1
528,151,1048.14,301.34,15.76,33.66,0.5234,1,-1,-1
528,141,1655.62,322.38,20.20,38.00,0.7130,1,-1,-1
528,155,1066.88,302.30,14.86,33.26,0.6505,1,-1,-1
528,157,1049.40,300.95,18.31,33.94,0.5860,1,-1,-1
529,149,743.93,195.90,87.95,42.24,0.5098,6,-1,-1
529,141,1658.46,323.05,20.67,38.94,0.6935,1,-1,-1
529,155,1067.24,303.15,15.00,33.40,0.6540,1,-1,-1
529,157,1048.90,300.89,18.52,34.38,0.5917,1,-1,-1
530,149,743.90,194.98,88.55,43.35,0.5234,6,-1,-1
530,141,1661.51,322.70,21.03,40.14,0.6968,1,-1,-1
530,155,1067.65,303.76,15.15,33.58,0.6433,1,-1,-1
530,157,1047.35,301.60,18.11,33.81,0.5746,1,-1,-1
530,151,1050.70,301.47,16.16,34.53,0.5842,1,-1,-1
531,149,743.66,194.48,88.16,43.94,0.4263,6,-1,-1
531,141,1664.40,323.28,21.00,40.48,0.6783,1,-1,-1
531,155,1067.59,303.99,15.44,34.02,0.6575,1,-1,-1
531,157,1046.45,301.89,18.41,34.70,0.5176,1,-1,-1
531,151,1050.78,301.98,16.37,34.93,0.5936,1,-1,-1
532,149,744.67,195.62,85.03,42.95,0.3277,6,-1,-1
532,141,1667.02,322.87,21.10,41.28,0.7194,1,-1,-1
532,155,1067.49,304.15,15.67,34.21,0.6575,1,-1,-1
532,151,1050.43,303.01,16.31,34.62,0.5651,1,-1,-1
533,149,749.27,200.56,75.17,37.90,0.4513,6,-1,-1
533,141,1669.01,323.71,20.82,41.15,0.6834,1,-1,-1
533,155,1067.62,304.68,15.65,33.94,0.6469,1,-1,-1
533,151,1050.00,303.85,16.27,34.45,0.5651,1,-1,-1
534,149,749.32,201.94,72.68,36.62,0.3558,6,-1,-1
534,141,1671.63,324.57,20.31,40.36,0.7130,1,-1,-1
534,155,1068.01,305.24,15.58,33.59,0.6307,1,-1,-1
534,151,1049.79,304.55,16.23,34.30,0.5273,1,-1,-1
535,149,749.30,202.44,71.60,36.02,0.4206,6,-1,-1
535,141,1674.83,326.30,19.68,39.54,0.6289,1,-1,-1
535,155,1068.22,305.55,16.10,34.51,0.6215,1,-1,-1
535,151,1048.81,305.94,15.88,33.56,0.4951,1,-1,-1
536,149,750.44,203.97,69.01,34.51,0.4340,6,-1,-1
536,141,1677.70,327.65,19.36,39.06,0.6433,1,-1,-1
536,155,1068.15,306.18,16.39,34.77,0.5936,1,-1,-1
536,151,1048.05,307.00,15.58,33.32,0.5049,1,-1,-1
537,149,749.56,204.47,69.42,34.58,0.2862,6,-1,-1
537,141,1680.30,328.13,19.84,40.50,0.6715,1,-1,-1
537,155,1067.04,306.86,16.72,35.10,0.5917,1,-1,-1
537,151,1047.87,307.81,15.43,33.38,0.5879,1,-1,-1
538,149,749.34,204.95,69.31,34.37,0.2628,6,-1,-1
538,141,1683.53,329.42,19.68,40.33,0.6697,1,-1,-1
538,155,1065.69,307.43,16.87,35.28,0.5689,1,-1,-1
538,151,1047.97,308.12,15.64,34.10,0.6086,1,-1,-1
539,149,746.44,202.35,74.35,37.09,0.2160,6,-1,-1
539,141,1686.78,330.11,19.53,40.24,0.6325,1,-1,-1
539,155,1065.22,307.67,16.94,35.38,0.6067,1,-1,-1
539,151,1048.83,307.90,16.21,35.60,0.5670,1,-1,-1
540,149,747.02,203.05,73.21,36.53,0.1931,6,-1,-1
540,141,1689.99,330.34,19.59,40.39,0.6663,1,-1,-1
540,155,1066.67,308.30,16.99,35.03,0.5879,1,-1,-1
540,151,1049.86,307.99,16.70,36.60,0.6030,1,-1,-1
541,149,749.77,205.87,68.71,34.02,0.1221,6,-1,-1
541,141,1693.00,331.23,19.69,40.44,0.7033,1,-1,-1
541,155,1067.02,309.57,16.64,34.17,0.5727,1,-1,-1
541,151,1050.85,308.33,16.50,36.39,0.6234,1,-1,-1
541,158,1072.40,309.31,16.75,34.99,0.5708,1,-1,-1
542,149,751.33,206.92,66.64,32.74,0.2069,6,-1,-1
542,141,1696.66,332.29,19.89,40.59,0.7210,1,-1,-1
542,155,1068.39,310.16,16.85,34.63,0.5574,1,-1,-1
542,151,1051.35,308.88,16.50,36.71,0.6749,1,-1,-1
542,158,1073.37,310.20,16.87,35.30,0.6011,1,-1,-1
543,149,751.71,207.12,66.60,32.52,0.1824,6,-1,-1
543,141,1700.31,334.91,19.57,39.34,0.7146,1,-1,-1
543,155,1069.05,310.66,16.79,34.76,0.5593,1,-1,-1
543,151,1052.10,309.84,16.13,36.21,0.6697,1,-1,-1
543,158,1074.75,311.00,16.74,35.11,0.5823,1,-1,-1
544,141,1703.77,336.02,19.88,39.79,0.6817,1,-1,-1
544,155,1068.94,311.44,16.23,34.13,0.5823,1,-1,-1
544,151,1052.91,310.52,15.80,35.94,0.6800,1,-1,-1
544,158,1076.66,311.78,16.24,34.31,0.5727,1,-1,-1
545,141,1708.30,335.77,19.96,40.26,0.7082,1,-1,-1
545,155,1068.96,312.09,16.27,34.76,0.5784,1,-1,-1
545,151,1053.71,310.82,15.61,36.02,0.6951,1,-1,-1
545,158,1077.60,312.45,16.19,34.54,0.5689,1,-1,-1
546,141,1712.64,336.45,20.01,40.47,0.6593,1,-1,-1
546,155,1068.95,312.63,15.92,34.53,0.6215,1,-1,-1
546,151,1054.27,311.84,15.42,36.00,0.6935,1,-1,-1
546,158,1078.76,313.12,15.87,34.27,0.5593,1,-1,-1
547,141,1716.21,336.59,20.08,40.69,0.6697,1,-1,-1
547,155,1069.40,313.62,15.52,34.25,0.5936,1,-1,-1
547,151,1054.70,312.53,15.32,36.03,0.6984,1,-1,-1
547,158,1079.86,313.64,15.59,34.18,0.5263,1,-1,-1
548,141,1720.98,336.42,19.73,40.42,0.6749,1,-1,-1
548,155,1069.88,314.13,15.61,34.93,0.5670,1,-1,-1
548,151,1055.21,313.17,15.18,35.82,0.6663,1,-1,-1
548,158,1079.56,314.13,15.86,34.91,0.5496,1,-1,-1
549,141,1725.31,336.70,19.94,41.12,0.6307,1,-1,-1
549,155,1069.04,314.07,15.77,35.34,0.2187,1,-1,-1
549,151,1055.90,313.71,15.22,36.17,0.6123,1,-1,-1
549,158,1078.72,314.51,15.97,35.10,0.5020,1,-1,-1
550,141,1729.48,337.74,19.69,40.82,0.6030,1,-1,-1
550,155,1067.89,314.44,15.78,35.39,0.2024,1,-1,-1
550,151,1057.07,314.37,14.91,35.83,0.5487,1,-1,-1
550,158,1076.25,315.44,15.74,34.78,0.4922,1,-1,-1
551,141,1733.81,338.77,19.71,41.15,0.6086,1,-1,-1
551,155,1070.31,315.21,15.21,35.14,0.3831,1,-1,-1
551,151,1058.03,314.78,14.78,35.93,0.4932,1,-1,-1
551,158,1074.92,316.44,15.32,34.22,0.3821,1,-1,-1
551,160,1086.51,316.50,12.52,33.15,0.5234,1,-1,-1
552,141,1738.03,339.84,20.05,41.95,0.6522,1,-1,-1
552,151,1059.06,315.09,14.70,36.14,0.5390,1,-1,-1
552,158,1074.88,317.52,14.98,33.97,0.4455,1,-1,-1
552,160,1087.04,317.44,12.45,33.00,0.4990,1,-1,-1
553,141,1742.59,341.56,19.86,41.45,0.6379,1,-1,-1
553,151,1059.92,315.14,15.01,36.96,0.6197,1,-1,-1
553,158,1075.73,317.61,15.21,34.94,0.4932,1,-1,-1
553,160,1087.02,317.56,13.28,35.25,0.5283,1,-1,-1
554,141,1746.52,341.59,20.44,42.50,0.6868,1,-1,-1
554,151,1061.21,315.85,15.27,37.34,0.6132,1,-1,-1
554,158,1077.12,317.81,15.19,35.29,0.5195,1,-1,-1
554,160,1087.87,317.65,13.57,36.07,0.5351,1,-1,-1
555,141,1750.50,341.70,20.97,43.58,0.7194,1,-1,-1
555,151,1062.15,316.74,15.28,37.76,0.6049,1,-1,-1
555,158,1078.39,318.33,15.09,35.52,0.5746,1,-1,-1
555,160,1088.95,318.03,13.79,36.74,0.5429,1,-1,-1
556,141,1754.94,342.44,21.44,44.31,0.6234,1,-1,-1
556,151,1063.29,317.59,15.35,38.01,0.6558,1,-1,-1
556,158,1079.71,318.35,15.35,36.44,0.6105,1,-1,-1
556,160,1089.43,318.18,14.01,37.46,0.5689,1,-1,-1
556,161,1084.33,317.96,15.49,37.31,0.4941,1,-1,-1
557,141,1758.32,342.97,22.25,45.32,0.6885,1,-1,-1
557,151,1064.15,318.67,15.32,38.06,0.6663,1,-1,-1
557,158,1080.59,319.21,15.31,36.63,0.5936,1,-1,-1
557,160,1090.57,318.89,13.95,37.44,0.5244,1,-1,-1
557,161,1083.75,318.90,15.55,37.43,0.4678,1,-1,-1
558,141,1762.03,344.78,22.50,44.68,0.6270,1,-1,-1
558,151,1064.79,318.64,15.43,38.56,0.6469,1,-1,-1
558,158,1080.77,319.40,15.42,37.13,0.5746,1,-1,-1
558,160,1091.81,319.19,14.17,38.21,0.5098,1,-1,-1
558,161,1083.22,319.09,16.09,38.67,0.4244,1,-1,-1
559,141,1765.87,346.87,22.66,43.91,0.6935,1,-1,-1
559,151,1065.60,319.16,15.44,39.07,0.6540,1,-1,-1
559,158,1081.22,320.04,15.15,36.68,0.6011,1,-1,-1
559,160,1093.16,319.73,14.13,38.07,0.4639,1,-1,-1
559,161,1082.97,319.40,16.27,39.12,0.4717,1,-1,-1
560,141,1769.55,346.62,23.56,45.00,0.6433,1,-1,-1
560,151,1066.32,319.10,16.14,41.32,0.6289,1,-1,-1
560,158,1081.48,320.73,15.41,37.46,0.5689,1,-1,-1
560,160,1094.44,320.88,14.21,38.28,0.5254,1,-1,-1
560,161,1083.53,320.11,16.55,39.79,0.4961,1,-1,-1
561,141,1774.87,346.98,24.30,46.17,0.6645,1,-1,-1
561,151,1067.34,319.80,16.05,41.31,0.6487,1,-1,-1
561,158,1081.93,320.88,15.98,39.03,0.4620,1,-1,-1
561,160,1094.08,321.59,14.77,39.08,0.5860,1,-1,-1
561,161,1086.05,321.20,16.74,39.71,0.4922,1,-1,-1
562,141,1779.77,347.89,24.90,46.81,0.7210,1,-1,-1
562,151,1068.10,320.79,15.92,41.34,0.6451,1,-1,-1
562,158,1082.89,322.03,15.55,38.63,0.4756,1,-1,-1
562,160,1096.23,322.66,14.56,38.38,0.4513,1,-1,-1
562,161,1087.95,322.42,16.45,38.88,0.4630,1,-1,-1
563,141,1784.86,348.90,25.00,46.73,0.7225,1,-1,-1
563,151,1069.12,321.40,15.79,41.31,0.6160,1,-1,-1
563,158,1083.79,322.27,15.34,38.85,0.3914,1,-1,-1
563,160,1097.52,323.22,14.51,38.26,0.4893,1,-1,-1
563,161,1087.12,323.08,16.10,38.25,0.4369,1,-1,-1
564,141,1789.98,350.13,25.02,46.70,0.6732,1,-1,-1
564,151,1070.32,322.29,15.43,40.44,0.5898,1,-1,-1
564,158,1083.44,322.65,15.23,39.14,0.3840,1,-1,-1
564,160,1098.83,323.62,14.53,38.61,0.5593,1,-1,-1
564,161,1086.64,323.42,16.25,38.71,0.5332,1,-1,-1
565,141,1795.57,352.13,24.38,45.62,0.5974,1,-1,-1
565,151,1071.23,323.32,15.08,39.63,0.6086,1,-1,-1
565,160,1099.64,324.43,14.55,38.95,0.5898,1,-1,-1
565,161,1086.80,324.18,16.15,38.68,0.6197,1,-1,-1
566,141,1800.90,352.17,24.77,46.72,0.6505,1,-1,-1
566,151,1072.54,324.66,14.62,38.01,0.5974,1,-1,-1
566,160,1100.57,324.88,14.73,39.69,0.5670,1,-1,-1
566,161,1087.86,324.96,16.06,38.68,0.6379,1,-1,-1
567,141,1806.59,353.92,24.59,47.00,0.6179,1,-1,-1
567,151,1073.09,324.58,15.55,40.48,0.6234,1,-1,-1
567,160,1101.03,325.29,14.95,40.06,0.5234,1,-1,-1
567,161,1089.71,325.17,16.26,39.53,0.5917,1,-1,-1
568,141,1811.13,354.41,24.74,47.82,0.6142,1,-1,-1
568,151,1073.91,324.97,15.88,41.40,0.6379,1,-1,-1
568,160,1101.79,325.85,15.16,40.80,0.4854,1,-1,-1
568,161,1091.61,326.02,16.15,39.63,0.5936,1,-1,-1
569,141,1816.88,355.72,24.25,47.24,0.5195,1,-1,-1
569,151,1074.73,324.76,16.42,42.70,0.7017,1,-1,-1
569,160,1102.06,326.74,15.51,41.46,0.5039,1,-1,-1
569,161,1093.36,326.40,16.52,40.41,0.5955,1,-1,-1
570,141,1821.96,355.16,24.42,47.88,0.6067,1,-1,-1
570,151,1075.58,324.83,16.75,43.66,0.6575,1,-1,-1
570,160,1103.31,327.45,15.84,42.16,0.5234,1,-1,-1
570,161,1093.73,327.72,16.32,40.14,0.5361,1,-1,-1
571,141,1826.86,357.37,24.18,47.83,0.5098,1,-1,-1
571,151,1076.26,325.29,16.91,44.13,0.6697,1,-1,-1
571,160,1104.50,328.98,15.68,41.42,0.5419,1,-1,-1
571,161,1093.94,328.73,16.33,40.50,0.5224,1,-1,-1
572,141,1831.99,358.24,23.93,47.71,0.4140,1,-1,-1
572,151,1076.82,326.77,16.82,43.85,0.6379,1,-1,-1
572,160,1105.71,329.79,15.83,41.49,0.5195,1,-1,-1
572,161,1094.05,329.90,16.11,40.21,0.5842,1,-1,-1
572,165,1368.97,422.33,33.26,78.64,0.6637,1,-1,-1
573,141,1836.72,359.15,24.07,48.05,0.6433,1,-1,-1
573,151,1077.27,328.50,16.62,43.42,0.6343,1,-1,-1
573,160,1106.27,329.89,16.46,42.89,0.5603,1,-1,-1
573,161,1094.10,331.14,16.22,40.75,0.4484,1,-1,-1
573,165,1373.06,425.50,33.38,78.93,0.5525,1,-1,-1
574,141,1842.21,359.84,23.85,47.66,0.4600,1,-1,-1
574,151,1078.41,329.64,16.61,43.26,0.6343,1,-1,-1
574,160,1106.44,330.70,16.86,43.37,0.5842,1,-1,-1
574,161,1094.40,331.49,16.36,41.52,0.3648,1,-1,-1
574,165,1377.58,427.72,34.09,80.55,0.6766,1,-1,-1
575,141,1847.76,361.68,23.77,47.44,0.5263,1,-1,-1
575,151,1079.08,330.82,16.56,43.33,0.6397,1,-1,-1
575,160,1108.40,332.03,16.63,42.77,0.5784,1,-1,-1
575,161,1095.23,332.38,16.22,41.41,0.4455,1,-1,-1
575,165,1380.54,429.44,35.02,82.62,0.5917,1,-1,-1
576,141,1853.09,364.15,24.12,48.06,0.3486,1,-1,-1
576,151,1080.09,331.64,16.51,43.29,0.5784,1,-1,-1
576,160,1109.87,333.26,16.55,42.52,0.5670,1,-1,-1
576,161,1096.99,333.07,16.43,41.90,0.4883,1,-1,-1
576,165,1385.12,430.50,35.63,84.08,0.6132,1,-1,-1
577,141,1858.59,364.64,24.24,48.46,0.5224,1,-1,-1
577,151,1081.01,332.40,16.37,43.11,0.6487,1,-1,-1
577,160,1111.45,334.80,15.90,41.14,0.6067,1,-1,-1
577,161,1098.32,334.27,16.28,41.45,0.5993,1,-1,-1
577,165,1389.67,431.90,36.02,85.13,0.6206,1,-1,-1
578,141,1864.42,365.45,24.31,48.64,0.4649,1,-1,-1
578,151,1081.91,333.11,16.83,44.32,0.5955,1,-1,-1
578,160,1112.21,335.42,16.28,42.45,0.5746,1,-1,-1
578,161,1099.58,334.95,16.50,41.96,0.5612,1,-1,-1
578,165,1393.61,435.57,35.88,84.70,0.7138,1,-1,-1
579,141,1870.87,365.73,23.95,47.99,0.4083,1,-1,-1
579,151,1083.21,334.14,16.68,43.55,0.6289,1,-1,-1
579,160,1113.29,336.12,16.37,42.91,0.5823,1,-1,-1
579,161,1101.05,335.96,16.39,41.80,0.6086,1,-1,-1
579,165,1398.44,437.98,36.84,86.98,0.6901,1,-1,-1
580,141,1876.94,367.70,24.00,48.16,0.5879,1,-1,-1
580,151,1083.94,334.98,16.78,43.37,0.6049,1,-1,-1
580,160,1115.33,336.22,16.52,43.56,0.5651,1,-1,-1
580,161,1102.55,336.62,16.35,41.74,0.6749,1,-1,-1
580,165,1402.90,440.36,37.08,87.18,0.6558,1,-1,-1
581,141,1882.59,369.46,24.05,48.52,0.5117,1,-1,-1
581,151,1084.56,336.10,16.92,43.39,0.6215,1,-1,-1
581,160,1116.59,336.42,16.88,44.60,0.5535,1,-1,-1
581,161,1103.49,336.86,16.55,42.18,0.6732,1,-1,-1
581,165,1406.93,441.30,38.10,89.76,0.2050,1,-1,-1
582,141,1888.95,370.88,23.63,48.18,0.4815,1,-1,-1
582,151,1085.29,335.85,17.41,44.83,0.6379,1,-1,-1
582,160,1117.11,336.53,17.46,46.13,0.5332,1,-1,-1
582,161,1103.47,337.02,17.13,43.61,0.6505,1,-1,-1
582,165,1412.31,444.23,38.57,90.65,0.7025,1,-1,-1
583,141,1894.53,371.80,23.47,48.13,0.5137,1,-1,-1
583,151,1086.28,336.09,17.69,45.83,0.7001,1,-1,-1
583,160,1118.49,337.72,17.42,45.82,0.5535,1,-1,-1
583,161,1103.86,337.07,17.15,43.74,0.6783,1,-1,-1
583,165,1417.48,447.64,38.60,90.47,0.5351,1,-1,-1
584,141,1898.46,372.90,24.39,51.30,0.4036,1,-1,-1
584,151,1087.00,336.57,17.81,46.54,0.7066,1,-1,-1
584,160,1120.20,339.61,17.00,44.89,0.5917,1,-1,-1
584,161,1104.90,337.45,17.00,43.64,0.6397,1,-1,-1
584,165,1422.32,449.94,39.32,92.54,0.6406,1,-1,-1
585,141,1902.38,374.16,23.67,52.06,0.4776,1,-1,-1
585,151,1087.58,337.82,18.10,47.38,0.7364,1,-1,-1
585,160,1121.09,340.73,16.92,44.93,0.6197,1,-1,-1
585,161,1105.73,338.61,17.68,45.93,0.5804,1,-1,-1
585,165,1426.67,453.58,39.96,94.20,0.6215,1,-1,-1
586,151,1088.24,339.91,17.87,46.74,0.7082,1,-1,-1
586,160,1121.75,341.68,16.60,44.02,0.6397,1,-1,-1
586,161,1106.43,339.49,17.77,46.59,0.5689,1,-1,-1
586,165,1432.01,458.51,39.44,92.38,0.5974,1,-1,-1
587,151,1088.78,340.84,17.93,46.91,0.7001,1,-1,-1
587,160,1122.27,342.50,16.68,44.23,0.6469,1,-1,-1
587,161,1107.00,340.72,17.71,46.69,0.5574,1,-1,-1
587,165,1437.18,460.32,40.02,93.89,0.6654,1,-1,-1
588,151,1089.21,342.37,17.87,46.69,0.6918,1,-1,-1
588,160,1123.29,344.24,16.64,44.08,0.6575,1,-1,-1
588,161,1107.52,342.44,17.42,45.89,0.5993,1,-1,-1
588,165,1442.14,463.82,40.45,94.63,0.7447,1,-1,-1
589,151,1089.40,342.55,18.40,47.99,0.7050,1,-1,-1
589,160,1123.94,346.08,16.82,44.48,0.6817,1,-1,-1
589,161,1107.90,343.36,17.37,45.84,0.6593,1,-1,-1
589,165,1446.83,466.86,41.16,96.21,0.7432,1,-1,-1
590,151,1089.96,342.55,18.54,48.43,0.6918,1,-1,-1
590,160,1124.49,347.54,16.79,44.40,0.6415,1,-1,-1
590,161,1108.64,344.48,17.51,46.42,0.6160,1,-1,-1
590,165,1452.59,471.27,41.19,95.88,0.7549,1,-1,-1
591,151,1090.58,343.43,18.55,48.49,0.6697,1,-1,-1
591,160,1124.56,347.72,17.10,45.36,0.5860,1,-1,-1
591,161,1109.52,345.59,17.72,47.17,0.6030,1,-1,-1
591,165,1457.62,473.96,42.05,97.66,0.7058,1,-1,-1
592,151,1091.34,344.79,18.69,48.90,0.6049,1,-1,-1
592,160,1124.92,348.28,17.39,46.18,0.5234,1,-1,-1
592,161,1110.22,346.81,17.79,47.50,0.5215,1,-1,-1
592,165,1462.66,477.36,43.42,100.71,0.7372,1,-1,-1
593,151,1092.03,346.41,18.63,48.87,0.6011,1,-1,-1
593,160,1125.64,348.88,17.66,46.95,0.5419,1,-1,-1
593,161,1111.37,347.57,17.74,47.28,0.5525,1,-1,-1
593,165,1467.65,480.05,43.50,99.94,0.6876,1,-1,-1
594,151,1092.79,346.72,18.98,49.92,0.6179,1,-1,-1
594,160,1125.98,349.71,18.07,48.03,0.4990,1,-1,-1
594,161,1112.53,349.00,17.70,47.20,0.5708,1,-1,-1
594,165,1473.40,483.87,44.39,101.65,0.7009,1,-1,-1
595,151,1093.95,348.52,18.61,48.77,0.6289,1,-1,-1
595,160,1126.89,351.32,18.08,47.82,0.5000,1,-1,-1
595,161,1114.03,350.46,17.71,47.21,0.6067,1,-1,-1
595,165,1478.70,486.91,45.28,103.30,0.4244,1,-1,-1
596,151,1094.61,350.45,18.48,48.27,0.5993,1,-1,-1
596,160,1128.34,351.21,18.34,48.58,0.5273,1,-1,-1
596,161,1114.40,351.80,17.82,47.54,0.6663,1,-1,-1
596,165,1485.20,489.31,46.42,105.91,0.6002,1,-1,-1
597,151,1095.20,351.58,18.76,49.03,0.5917,1,-1,-1
597,160,1129.41,351.47,18.48,49.14,0.5429,1,-1,-1
597,161,1114.60,352.37,18.11,48.67,0.6270,1,-1,-1
597,165,1491.76,492.39,47.31,107.45,0.6460,1,-1,-1
598,151,1095.52,352.70,19.04,50.03,0.6105,1,-1,-1
598,160,1130.68,352.73,17.91,47.69,0.5516,1,-1,-1
598,161,1114.88,353.03,18.32,49.70,0.6160,1,-1,-1
598,165,1497.85,495.94,48.29,109.78,0.6567,1,-1,-1
599,151,1095.90,353.20,19.57,51.86,0.6610,1,-1,-1
599,160,1131.10,353.31,18.14,48.31,0.5993,1,-1,-1
599,161,1115.73,353.37,18.16,49.68,0.6663,1,-1,-1
599,165,1504.03,499.67,49.00,111.83,0.6654,1,-1,-1
600,151,1096.38,355.18,19.29,51.16,0.7210,1,-1,-1
600,160,1131.71,354.56,18.49,49.27,0.6086,1,-1,-1
600,161,1117.23,354.21,18.43,50.62,0.6575,1,-1,-1
600,165,1512.02,504.56,48.78,110.50,0.2429,1,-1,-1
601,151,1096.74,355.38,19.82,52.87,0.7241,1,-1,-1
601,160,1132.89,356.89,18.20,48.50,0.6645,1,-1,-1
601,161,1118.73,355.62,18.59,50.69,0.6715,1,-1,-1
601,165,1517.49,506.20,51.32,116.29,0.7009,1,-1,-1
602,151,1097.75,357.34,19.50,52.15,0.7469,1,-1,-1
602,160,1134.28,359.06,17.76,47.24,0.6766,1,-1,-1
602,161,1119.21,357.63,18.39,50.01,0.6049,1,-1,-1
602,165,1523.56,511.61,52.07,117.67,0.6689,1,-1,-1
603,151,1098.95,359.19,19.12,51.13,0.7684,1,-1,-1
603,160,1135.21,360.21,18.14,48.13,0.6522,1,-1,-1
603,161,1119.81,359.32,18.57,50.23,0.6030,1,-1,-1
603,165,1531.50,516.41,53.01,119.63,0.7621,1,-1,-1
604,151,1099.72,359.77,19.19,51.31,0.7439,1,-1,-1
604,160,1135.48,360.31,18.85,50.52,0.6451,1,-1,-1
604,161,1120.29,359.80,18.94,51.06,0.6800,1,-1,-1
604,165,1537.55,520.49,55.15,123.97,0.7663,1,-1,-1
605,151,1100.47,360.67,19.34,51.64,0.6984,1,-1,-1
605,160,1136.32,361.20,18.94,51.09,0.6697,1,-1,-1
605,161,1121.62,360.46,19.03,51.50,0.6715,1,-1,-1
605,165,1545.22,524.95,55.00,123.76,0.6960,1,-1,-1
606,151,1100.80,361.35,19.81,52.93,0.6951,1,-1,-1
606,160,1137.50,362.24,19.47,52.56,0.6433,1,-1,-1
606,161,1122.64,361.41,19.29,52.39,0.6415,1,-1,-1
606,165,1553.87,531.08,55.90,124.51,0.7705,1,-1,-1
607,151,1101.61,362.16,19.98,53.31,0.6935,1,-1,-1
607,160,1138.79,363.95,19.63,53.16,0.6215,1,-1,-1
607,161,1123.58,362.98,19.40,52.86,0.6343,1,-1,-1
607,165,1561.75,535.27,56.81,126.15,0.7649,1,-1,-1
608,151,1102.49,362.76,20.15,53.64,0.6951,1,-1,-1
608,160,1140.22,365.34,19.45,52.90,0.5823,1,-1,-1
608,161,1124.84,365.09,19.03,52.03,0.6610,1,-1,-1
608,165,1569.80,541.41,57.73,127.29,0.7578,1,-1,-1
609,151,1103.36,364.43,20.09,53.47,0.6575,1,-1,-1
609,160,1141.92,367.08,19.12,52.18,0.6397,1,-1,-1
609,161,1125.80,367.19,18.57,50.67,0.6663,1,-1,-1
609,165,1579.57,546.38,58.35,127.76,0.7535,1,-1,-1
610,151,1103.96,365.96,20.56,54.86,0.7098,1,-1,-1
610,160,1143.06,368.70,19.20,52.62,0.6680,1,-1,-1
610,161,1126.85,369.43,18.47,50.68,0.7318,1,-1,-1
610,165,1587.43,551.78,60.58,131.50,0.6860,1,-1,-1
611,151,1104.60,367.67,20.71,55.30,0.7114,1,-1,-1
611,160,1144.84,370.76,18.93,51.93,0.6105,1,-1,-1
611,161,1128.24,371.39,18.28,50.50,0.7753,1,-1,-1
611,165,1596.51,557.25,62.33,133.83,0.7677,1,-1,-1
612,151,1105.59,369.79,20.92,56.02,0.7886,1,-1,-1
612,160,1146.19,372.12,19.11,52.69,0.6680,1,-1,-1
612,161,1129.90,372.27,18.60,51.41,0.7807,1,-1,-1
612,165,1606.50,563.46,62.58,133.81,0.7520,1,-1,-1
613,151,1106.52,371.21,21.33,57.29,0.7912,1,-1,-1
613,160,1147.65,373.05,19.53,54.08,0.7162,1,-1,-1
613,161,1130.86,372.95,18.75,52.06,0.6800,1,-1,-1
613,165,1617.27,569.51,64.22,135.96,0.7718,1,-1,-1
614,151,1107.64,371.87,21.66,58.26,0.7886,1,-1,-1
614,160,1148.57,374.17,20.01,55.53,0.6968,1,-1,-1
614,161,1131.50,373.39,19.34,53.79,0.6901,1,-1,-1
614,165,1626.23,574.84,66.13,138.93,0.7994,1,-1,-1
615,151,1108.64,372.90,21.62,57.96,0.7527,1,-1,-1
615,160,1149.91,376.28,19.83,54.72,0.6749,1,-1,-1
615,161,1132.82,376.06,19.24,53.53,0.7225,1,-1,-1
615,165,1636.48,581.67,65.72,137.54,0.5564,1,-1,-1
616,151,1109.85,374.78,21.43,57.64,0.6935,1,-1,-1
616,160,1151.60,378.11,20.30,55.88,0.6593,1,-1,-1
616,161,1134.12,377.42,19.56,54.50,0.7001,1,-1,-1
616,165,1647.77,588.47,67.47,140.92,0.6370,1,-1,-1
617,151,1110.78,376.99,21.50,57.90,0.7017,1,-1,-1
617,160,1152.87,379.50,20.52,56.48,0.6433,1,-1,-1
617,161,1135.09,379.39,19.45,54.31,0.6901,1,-1,-1
617,165,1659.83,595.22,69.22,143.26,0.6602,1,-1,-1
618,151,1111.03,378.99,21.77,58.56,0.7256,1,-1,-1
618,160,1153.57,380.61,20.73,57.05,0.6885,1,-1,-1
618,161,1135.48,380.70,19.69,55.00,0.7082,1,-1,-1
618,165,1671.33,601.73,73.19,149.99,0.7058,1,-1,-1
619,151,1110.55,380.12,22.20,59.65,0.7162,1,-1,-1
619,160,1153.65,381.69,21.19,58.50,0.6851,1,-1,-1
619,161,1135.61,381.68,20.05,56.17,0.6868,1,-1,-1
619,165,1679.64,607.63,74.30,152.99,0.6671,1,-1,-1
620,151,1109.25,381.14,22.20,59.68,0.7334,1,-1,-1
620,160,1152.84,383.60,21.24,58.39,0.6575,1,-1,-1
620,161,1135.06,383.34,20.11,56.37,0.7287,1,-1,-1
620,165,1690.80,614.94,75.52,154.05,0.7341,1,-1,-1
621,151,1107.43,381.65,22.75,61.16,0.7439,1,-1,-1
621,160,1151.27,385.14,21.35,58.46,0.6766,1,-1,-1
621,161,1133.08,384.12,20.65,57.83,0.6968,1,-1,-1
621,165,1699.53,621.66,78.78,159.40,0.7341,1,-1,-1
622,151,1104.82,383.35,22.80,61.35,0.7498,1,-1,-1
622,160,1149.95,386.47,21.13,57.64,0.6851,1,-1,-1
622,161,1131.31,385.66,20.66,57.72,0.6715,1,-1,-1
622,165,1710.26,628.75,80.69,160.99,0.5545,1,-1,-1
623,151,1103.28,384.18,23.19,62.34,0.7098,1,-1,-1
623,160,1148.78,387.90,21.13,57.66,0.7033,1,-1,-1
623,161,1129.51,387.18,21.14,59.01,0.6715,1,-1,-1
623,165,1721.97,637.44,83.92,164.71,0.7432,1,-1,-1
624,151,1102.52,385.93,23.31,62.81,0.7033,1,-1,-1
624,160,1148.27,389.49,21.67,58.82,0.6783,1,-1,-1
624,161,1128.79,389.85,21.19,59.05,0.6628,1,-1,-1
624,165,1734.50,646.80,85.74,165.94,0.5641,1,-1,-1
625,151,1102.55,388.10,23.11,62.09,0.7114,1,-1,-1
625,160,1148.39,391.01,22.10,59.49,0.6817,1,-1,-1
625,161,1128.47,389.80,21.86,61.00,0.6567,1,-1,-1
625,165,1746.47,654.54,88.44,169.28,0.5467,1,-1,-1
626,151,1103.51,389.88,23.99,64.33,0.7484,1,-1,-1
626,160,1149.46,393.25,22.34,59.97,0.7303,1,-1,-1
626,161,1130.16,392.47,21.28,59.48,0.7146,1,-1,-1
626,165,1761.45,661.19,91.66,174.82,0.5448,1,-1,-1
627,151,1105.05,390.60,24.29,65.20,0.7241,1,-1,-1
627,160,1150.96,395.44,22.32,59.59,0.7287,1,-1,-1
627,161,1131.33,394.71,21.16,59.03,0.7409,1,-1,-1
627,165,1774.54,672.88,92.67,176.79,0.4824,1,-1,-1
628,151,1106.23,392.81,24.48,65.74,0.6951,1,-1,-1
628,160,1152.67,397.06,22.65,60.05,0.7599,1,-1,-1
628,161,1132.16,396.11,21.43,59.65,0.7424,1,-1,-1
628,165,1795.61,684.76,92.89,173.45,0.5737,1,-1,-1
629,151,1107.17,393.99,25.39,68.10,0.7098,1,-1,-1
629,160,1153.72,398.45,23.18,61.13,0.7082,1,-1,-1
629,161,1133.44,397.01,21.97,60.72,0.6984,1,-1,-1
629,165,1812.94,696.35,98.39,182.26,0.1128,1,-1,-1
630,151,1109.00,395.91,25.28,67.75,0.6968,1,-1,-1
630,160,1155.20,400.09,23.71,62.22,0.7001,1,-1,-1
630,161,1134.76,399.46,21.94,60.40,0.6766,1,-1,-1
630,165,1825.96,704.09,99.72,187.11,0.2043,1,-1,-1
631,151,1110.25,397.37,25.53,68.47,0.6951,1,-1,-1
631,160,1157.12,402.24,24.00,62.68,0.6415,1,-1,-1
631,161,1135.78,401.59,22.27,61.39,0.6558,1,-1,-1
632,151,1110.53,399.16,25.62,68.74,0.6984,1,-1,-1
632,160,1158.06,404.42,24.07,62.21,0.6197,1,-1,-1
632,161,1136.44,404.54,22.22,61.20,0.6715,1,-1,-1
633,151,1110.20,401.08,25.85,69.36,0.7379,1,-1,-1
633,160,1157.04,405.81,24.81,64.00,0.6619,1,-1,-1
633,161,1135.88,406.57,22.26,61.37,0.7017,1,-1,-1
634,151,1107.66,402.46,26.06,70.42,0.7272,1,-1,-1
634,160,1155.58,408.62,25.02,64.53,0.7098,1,-1,-1
634,161,1133.39,407.17,23.08,64.01,0.7225,1,-1,-1
635,151,1103.10,403.82,26.56,72.27,0.6715,1,-1,-1
635,160,1150.91,409.74,26.16,67.04,0.7287,1,-1,-1
635,161,1129.22,409.20,23.44,65.48,0.6197,1,-1,-1
636,151,1097.95,406.46,26.18,71.13,0.6179,1,-1,-1
636,160,1145.76,412.13,26.31,67.10,0.7210,1,-1,-1
636,161,1123.24,412.53,23.21,64.41,0.5689,1,-1,-1
637,151,1090.88,408.58,26.48,72.21,0.6197,1,-1,-1
637,160,1139.56,414.38,26.56,67.20,0.7303,1,-1,-1
637,161,1116.06,415.06,23.37,64.49,0.5651,1,-1,-1
638,151,1084.14,411.42,26.64,72.18,0.6732,1,-1,-1
638,160,1132.08,416.60,27.26,68.45,0.7349,1,-1,-1
638,161,1109.89,417.62,23.16,63.95,0.7066,1,-1,-1
639,151,1077.78,413.19,27.22,73.77,0.6531,1,-1,-1
639,160,1125.94,418.43,27.36,68.50,0.7303,1,-1,-1
639,161,1102.31,419.81,24.25,66.69,0.6433,1,-1,-1
640,151,1071.38,414.84,27.17,73.98,0.6935,1,-1,-1
640,160,1120.26,420.59,28.06,70.14,0.7249,1,-1,-1
640,161,1094.27,417.72,26.24,71.03,0.6558,1,-1,-1
641,151,1065.66,416.74,27.47,75.07,0.6469,1,-1,-1
641,160,1114.76,421.31,28.28,70.73,0.7820,1,-1,-1
641,161,1089.83,418.75,25.95,70.08,0.6885,1,-1,-1
642,151,1061.29,418.93,27.32,74.99,0.7146,1,-1,-1
642,160,1110.97,424.27,28.10,70.55,0.7379,1,-1,-1
642,161,1085.99,420.91,25.70,69.94,0.7318,1,-1,-1
643,151,1058.00,423.26,26.75,73.70,0.7303,1,-1,-1
643,160,1108.15,426.52,27.42,69.04,0.6715,1,-1,-1
643,161,1082.86,423.40,25.25,69.25,0.7513,1,-1,-1
644,151,1055.94,425.14,26.52,73.54,0.6935,1,-1,-1
644,160,1106.02,428.71,28.32,71.71,0.6469,1,-1,-1
644,161,1081.03,427.31,25.15,69.70,0.7469,1,-1,-1
645,151,1055.18,426.78,27.29,76.21,0.6984,1,-1,-1
645,160,1106.38,431.30,27.75,70.30,0.7287,1,-1,-1
645,161,1080.46,427.90,25.87,72.55,0.7098,1,-1,-1
646,151,1055.90,428.98,27.54,77.25,0.6663,1,-1,-1
646,160,1107.26,433.52,27.86,70.95,0.7454,1,-1,-1
646,161,1081.32,430.28,25.95,73.01,0.7162,1,-1,-1
647,151,1057.12,431.60,27.65,78.10,0.6325,1,-1,-1
647,160,1108.45,435.59,28.60,73.19,0.6968,1,-1,-1
647,161,1082.77,431.82,26.78,75.87,0.6197,1,-1,-1
648,151,1059.31,433.38,27.20,77.41,0.6783,1,-1,-1
648,160,1110.51,437.97,29.09,74.47,0.7780,1,-1,-1
648,161,1084.53,434.53,26.79,76.19,0.6783,1,-1,-1
649,151,1061.59,436.53,26.91,76.55,0.6968,1,-1,-1
649,160,1113.38,440.86,29.30,74.63,0.8026,1,-1,-1
649,161,1087.35,439.26,26.42,74.80,0.6885,1,-1,-1
650,151,1063.74,440.93,26.90,76.23,0.7318,1,-1,-1
650,160,1116.76,444.22,29.18,74.45,0.7549,1,-1,-1
650,161,1090.43,443.53,26.05,73.32,0.6766,1,-1,-1
651,151,1066.23,443.53,27.52,77.61,0.6951,1,-1,-1
651,160,1119.13,447.54,29.51,75.12,0.7549,1,-1,-1
651,161,1093.67,448.93,25.28,70.79,0.7050,1,-1,-1
652,151,1068.10,445.74,28.18,79.38,0.7082,1,-1,-1
652,160,1121.23,449.89,30.50,77.16,0.7585,1,-1,-1
652,161,1094.93,450.00,26.95,75.19,0.6951,1,-1,-1
653,151,1070.41,448.59,28.82,81.03,0.7272,1,-1,-1
653,160,1124.33,453.64,31.10,78.33,0.7860,1,-1,-1
653,161,1096.91,453.51,27.43,75.95,0.6234,1,-1,-1
654,151,1072.85,452.08,28.66,80.75,0.7241,1,-1,-1
654,160,1128.20,456.96,31.00,77.76,0.7513,1,-1,-1
654,161,1099.91,455.25,28.11,77.77,0.6817,1,-1,-1
655,151,1074.83,454.86,29.39,82.41,0.7846,1,-1,-1
655,160,1131.15,459.47,31.72,79.11,0.7585,1,-1,-1
655,161,1103.32,457.60,28.37,78.10,0.7379,1,-1,-1
656,151,1077.71,458.18,30.02,83.90,0.7950,1,-1,-1
656,160,1133.54,461.60,33.09,82.51,0.7585,1,-1,-1
656,161,1106.43,460.78,29.21,80.10,0.6935,1,-1,-1
657,151,1080.04,462.37,30.24,84.22,0.7379,1,-1,-1
657,160,1137.68,465.74,32.65,81.24,0.7698,1,-1,-1
657,161,1109.86,464.76,29.33,79.81,0.7033,1,-1,-1
658,151,1082.94,464.90,30.55,84.99,0.7178,1,-1,-1
658,160,1141.36,468.78,32.82,81.80,0.7840,1,-1,-1
658,161,1112.93,464.46,30.98,84.25,0.7585,1,-1,-1
659,151,1085.05,468.78,31.08,86.54,0.7424,1,-1,-1
659,160,1145.26,471.76,33.23,82.67,0.7491,1,-1,-1
659,161,1115.25,466.49,31.69,86.35,0.7628,1,-1,-1
660,151,1087.85,471.57,31.29,86.93,0.7162,1,-1,-1
660,160,1148.30,474.27,34.35,85.18,0.7585,1,-1,-1
660,161,1118.60,471.07,31.58,86.55,0.7170,1,-1,-1
661,151,1090.10,474.10,31.97,89.13,0.7033,1,-1,-1
661,160,1153.24,478.26,33.29,82.91,0.7394,1,-1,-1
661,161,1122.58,474.46,31.66,86.73,0.7066,1,-1,-1
662,151,1093.68,477.91,31.69,88.42,0.7210,1,-1,-1
662,160,1155.70,481.22,34.17,84.97,0.7506,1,-1,-1
662,161,1124.89,476.42,32.84,90.16,0.7394,1,-1,-1
663,151,1097.09,483.61,31.37,87.49,0.7349,1,-1,-1
663,160,1159.72,484.36,34.74,86.42,0.7599,1,-1,-1
663,161,1128.82,480.68,32.52,89.57,0.6993,1,-1,-1
664,151,1099.75,487.48,32.00,89.20,0.7571,1,-1,-1
664,160,1164.42,488.58,34.79,87.27,0.7649,1,-1,-1
664,161,1132.85,484.60,32.17,88.90,0.7241,1,-1,-1
665,151,1102.95,492.55,32.66,90.75,0.7194,1,-1,-1
665,160,1167.70,492.95,35.25,88.65,0.7759,1,-1,-1
665,161,1135.32,487.31,33.71,93.37,0.7225,1,-1,-1
666,151,1106.09,498.69,32.98,91.39,0.7264,1,-1,-1
666,160,1171.26,497.22,35.77,90.41,0.7635,1,-1,-1
666,161,1137.60,491.95,34.03,94.20,0.7256,1,-1,-1
667,151,1108.78,501.81,33.35,92.22,0.7476,1,-1,-1
667,160,1174.41,500.98,36.83,92.92,0.7256,1,-1,-1
667,161,1141.22,496.70,34.14,95.15,0.6086,1,-1,-1
668,151,1111.15,503.94,34.42,94.50,0.7476,1,-1,-1
668,160,1178.27,505.53,37.22,94.01,0.7241,1,-1,-1
668,161,1144.98,502.44,34.43,95.50,0.6885,1,-1,-1
669,151,1113.65,506.95,35.40,97.04,0.7130,1,-1,-1
669,160,1183.16,509.37,37.97,95.62,0.7542,1,-1,-1
669,161,1148.06,505.85,35.35,98.14,0.7050,1,-1,-1
670,151,1116.34,511.58,36.12,98.69,0.6628,1,-1,-1
670,160,1187.05,514.49,38.22,95.81,0.7691,1,-1,-1
670,161,1151.22,510.69,35.33,97.79,0.6792,1,-1,-1
671,151,1120.02,515.65,37.00,100.81,0.7326,1,-1,-1
671,160,1191.46,519.42,38.62,96.81,0.7879,1,-1,-1
671,161,1156.84,518.34,34.56,95.40,0.7241,1,-1,-1
672,151,1123.16,517.24,38.55,105.25,0.7170,1,-1,-1
672,160,1195.38,524.64,38.72,97.08,0.7402,1,-1,-1
672,161,1159.86,520.97,35.48,98.11,0.7170,1,-1,-1
673,151,1125.67,521.34,39.57,108.79,0.6943,1,-1,-1
673,160,1200.21,529.72,38.57,96.48,0.7549,1,-1,-1
673,161,1163.59,525.39,36.40,100.00,0.6460,1,-1,-1
674,151,1129.25,526.75,40.00,110.62,0.7202,1,-1,-1
674,160,1204.95,533.58,39.46,98.25,0.7264,1,-1,-1
674,161,1168.22,532.26,37.12,101.99,0.6697,1,-1,-1
675,151,1133.12,531.34,40.14,111.55,0.6388,1,-1,-1
675,160,1207.51,538.06,41.48,102.64,0.7311,1,-1,-1
675,161,1171.34,535.60,38.53,106.05,0.6451,1,-1,-1
676,151,1137.79,536.06,40.70,113.39,0.6876,1,-1,-1
676,160,1213.13,543.29,42.30,104.80,0.7447,1,-1,-1
676,161,1176.08,540.50,38.81,106.81,0.7074,1,-1,-1
677,151,1142.61,541.49,41.64,114.96,0.6206,1,-1,-1
677,160,1217.88,548.61,42.39,105.23,0.7186,1,-1,-1
677,161,1180.38,544.94,39.10,108.04,0.7001,1,-1,-1
678,151,1146.82,548.67,41.45,113.78,0.6723,1,-1,-1
678,160,1223.87,554.43,42.29,104.39,0.7280,1,-1,-1
678,161,1183.65,550.29,40.73,111.98,0.6740,1,-1,-1
679,151,1148.75,553.49,42.61,117.21,0.7372,1,-1,-1
679,160,1229.02,561.46,41.60,102.26,0.7326,1,-1,-1
679,161,1189.01,554.93,41.07,113.43,0.7001,1,-1,-1
680,151,1153.70,560.81,41.86,115.60,0.6723,1,-1,-1
680,160,1233.36,566.51,43.75,107.81,0.7295,1,-1,-1
680,161,1194.10,560.72,41.53,115.92,0.6993,1,-1,-1
681,151,1158.09,566.22,42.30,117.24,0.6514,1,-1,-1
681,160,1239.20,574.07,44.22,109.59,0.7549,1,-1,-1
681,161,1199.30,567.28,41.58,116.85,0.6637,1,-1,-1
682,151,1163.26,573.02,42.40,116.90,0.7210,1,-1,-1
682,160,1244.81,579.57,44.69,110.98,0.7356,1,-1,-1
682,161,1204.33,571.59,42.48,120.21,0.6843,1,-1,-1
683,151,1169.27,577.66,43.55,119.70,0.7280,1,-1,-1
683,160,1250.92,586.91,44.93,111.94,0.7592,1,-1,-1
683,161,1210.25,577.84,42.73,120.80,0.7114,1,-1,-1
684,151,1172.16,583.57,45.09,124.62,0.7387,1,-1,-1
684,160,1257.03,593.04,46.59,116.35,0.7372,1,-1,-1
684,161,1215.07,584.75,44.07,125.10,0.7202,1,-1,-1
685,151,1177.25,590.56,45.20,125.54,0.7122,1,-1,-1
685,160,1263.43,599.91,47.05,117.62,0.7732,1,-1,-1
685,161,1221.30,592.37,43.65,124.65,0.6654,1,-1,-1
686,151,1181.61,597.78,46.46,129.21,0.7506,1,-1,-1
686,160,1269.84,605.85,48.47,120.88,0.7280,1,-1,-1
686,161,1226.73,598.01,45.03,129.11,0.6943,1,-1,-1
687,151,1187.26,604.58,47.19,131.72,0.7074,1,-1,-1
687,160,1275.99,613.00,50.57,126.25,0.7649,1,-1,-1
687,161,1231.19,605.62,46.06,132.09,0.7280,1,-1,-1
688,151,1192.07,612.94,48.60,137.29,0.7635,1,-1,-1
688,160,1282.50,621.35,52.11,130.32,0.7718,1,-1,-1
688,161,1238.29,614.87,46.75,134.13,0.7356,1,-1,-1
689,151,1199.57,621.35,47.37,134.39,0.7677,1,-1,-1
689,160,1289.47,629.15,53.50,134.14,0.7311,1,-1,-1
689,161,1247.00,624.15,45.92,132.81,0.6671,1,-1,-1
690,151,1204.54,628.30,49.70,142.21,0.7535,1,-1,-1
690,160,1297.62,637.55,54.69,137.45,0.7402,1,-1,-1
690,161,1254.10,634.04,46.09,133.19,0.6531,1,-1,-1
691,151,1210.41,636.49,50.75,145.34,0.7549,1,-1,-1
691,160,1304.60,646.78,55.00,137.47,0.6619,1,-1,-1
691,161,1262.29,641.33,46.77,135.11,0.6496,1,-1,-1
692,151,1216.01,643.68,52.96,152.94,0.7491,1,-1,-1
692,160,1313.42,658.06,55.01,136.64,0.6316,1,-1,-1
692,161,1270.40,650.73,46.97,136.74,0.6960,1,-1,-1
693,151,1222.64,652.91,53.38,155.79,0.7447,1,-1,-1
693,160,1321.33,668.43,57.28,141.57,0.6843,1,-1,-1
693,161,1278.88,660.06,47.59,139.66,0.5946,1,-1,-1
694,151,1229.88,664.21,54.20,158.74,0.7372,1,-1,-1
694,160,1330.53,677.63,60.25,148.59,0.6740,1,-1,-1
694,161,1285.66,670.26,50.27,146.68,0.6943,1,-1,-1
695,151,1237.71,676.54,55.19,162.51,0.7356,1,-1,-1
695,160,1339.86,685.80,61.93,152.45,0.6775,1,-1,-1
695,161,1293.23,680.48,51.70,149.57,0.6206,1,-1,-1
696,151,1245.25,685.99,56.24,166.65,0.7356,1,-1,-1
696,160,1347.40,699.45,63.64,153.96,0.6151,1,-1,-1
696,161,1303.81,690.72,52.81,153.43,0.6531,1,-1,-1
697,151,1253.89,697.05,57.08,170.49,0.6910,1,-1,-1
697,160,1359.35,710.70,66.44,159.87,0.6496,1,-1,-1
697,161,1314.85,703.14,53.75,156.27,0.6206,1,-1,-1
698,151,1261.95,709.76,57.50,172.16,0.7311,1,-1,-1
698,160,1369.03,722.09,69.38,164.20,0.6549,1,-1,-1
698,161,1324.28,713.58,57.25,167.61,0.6151,1,-1,-1
699,151,1272.33,723.37,58.69,175.90,0.7280,1,-1,-1
699,160,1385.63,733.94,69.91,165.92,0.6893,1,-1,-1
699,161,1335.79,726.81,58.16,171.43,0.6910,1,-1,-1
700,151,1281.68,739.24,60.51,182.18,0.6893,1,-1,-1
700,160,1398.59,746.28,71.98,171.17,0.6926,1,-1,-1
700,161,1347.86,742.43,59.06,174.87,0.6496,1,-1,-1
701,151,1292.34,753.00,59.90,178.69,0.6926,1,-1,-1
701,160,1410.98,757.65,72.87,172.93,0.5679,1,-1,-1
701,161,1359.62,754.14,61.02,181.54,0.5832,1,-1,-1
702,151,1303.04,765.71,64.27,192.56,0.6243,1,-1,-1
702,160,1429.76,771.45,70.35,168.17,0.6002,1,-1,-1
702,161,1375.13,772.74,60.38,179.98,0.5832,1,-1,-1
703,151,1315.18,776.55,61.42,183.03,0.5545,1,-1,-1
703,160,1440.09,785.81,75.92,181.30,0.4980,1,-1,-1
703,161,1380.04,781.46,64.82,189.70,0.2173,1,-1,-1
704,151,1324.60,793.12,67.64,202.41,0.5889,1,-1,-1
704,160,1458.14,801.70,78.95,189.78,0.6316,1,-1,-1
704,161,1397.04,795.34,67.44,198.91,0.6496,1,-1,-1
705,151,1336.40,808.43,72.66,217.90,0.6151,1,-1,-1
705,160,1474.51,817.13,80.82,195.56,0.6637,1,-1,-1
705,161,1413.49,810.87,70.47,209.07,0.4766,1,-1,-1
706,151,1350.23,826.45,74.86,226.20,0.3748,1,-1,-1
706,160,1472.61,831.80,89.36,205.05,0.3540,1,-1,-1
707,151,1365.90,844.70,71.56,214.91,0.4581,1,-1,-1
707,160,1490.05,846.28,92.19,205.71,0.2365,1,-1,-1
708,151,1386.40,865.31,70.35,208.81,0.3407,1,-1,-1
709,151,1408.99,888.18,68.58,195.40,0.4552,1,-1,-1
710,151,1430.99,911.83,64.70,174.50,0.3675,1,-1,-1
711,151,1451.16,937.70,58.13,148.62,0.6567,1,-1,-1
711,160,1536.99,934.23,68.19,149.53,0.4552,1,-1,-1
712,151,1482.23,962.15,50.81,123.11,0.5737,1,-1,-1
729,172,0.84,325.42,12.11,37.96,0.4795,1,-1,-1
730,172,1.24,327.33,11.77,36.72,0.5708,1,-1,-1
731,172,1.48,327.40,11.72,36.29,0.4854,1,-1,-1
732,172,2.05,328.95,11.27,34.39,0.4659,1,-1,-1
733,172,2.14,329.39,11.31,33.95,0.4717,1,-1,-1
734,172,2.29,328.33,11.79,34.65,0.4668,1,-1,-1
735,172,2.16,329.34,12.25,35.55,0.4426,1,-1,-1
736,172,2.26,329.46,12.91,36.92,0.2958,1,-1,-1
737,172,2.98,331.82,12.67,35.69,0.3460,1,-1,-1
738,172,4.40,334.68,11.87,32.92,0.3504,1,-1,-1
739,172,5.21,337.14,11.34,30.82,0.3648,1,-1,-1
740,172,4.82,337.70,11.54,30.36,0.3540,1,-1,-1
741,172,5.64,338.49,11.97,30.77,0.4017,1,-1,-1
742,172,5.84,338.36,12.79,31.95,0.3082,1,-1,-1
743,172,5.66,338.30,13.62,32.98,0.4187,1,-1,-1
744,172,5.68,338.08,14.08,33.33,0.4961,1,-1,-1
745,172,5.34,337.88,14.63,34.01,0.5195,1,-1,-1
746,172,5.26,337.79,15.30,35.09,0.5224,1,-1,-1
747,172,4.87,337.82,16.04,36.27,0.3895,1,-1,-1
748,172,4.51,337.93,16.59,37.05,0.4494,1,-1,-1
749,172,4.18,337.60,17.05,37.69,0.5516,1,-1,-1
750,172,4.55,337.65,17.27,38.12,0.5380,1,-1,-1
751,172,7.59,336.94,17.64,38.83,0.4494,1,-1,-1
765,175,483.50,189.37,88.49,41.03,0.5176,4,-1,-1
766,175,490.20,189.32,89.58,41.57,0.2127,4,-1,-1
766,176,92.77,339.30,21.66,38.63,0.6086,1,-1,-1
767,175,498.49,189.48,89.44,41.55,0.4990,4,-1,-1
767,176,94.63,339.00,21.92,39.13,0.5804,1,-1,-1
768,176,95.77,339.91,21.33,38.07,0.5496,1,-1,-1
769,176,96.85,341.90,20.01,35.88,0.3294,1,-1,-1
770,176,95.54,341.17,20.35,36.52,0.1818,1,-1,-1
786,183,832.56,283.52,12.59,23.56,0.4562,1,-1,-1
787,183,831.44,283.37,13.17,24.65,0.5088,1,-1,-1
788,183,830.62,283.54,13.13,24.55,0.4475,1,-1,-1
789,183,828.83,282.77,14.14,26.34,0.4446,1,-1,-1
790,183,827.82,283.58,13.82,25.56,0.1784,1,-1,-1
791,183,826.72,284.00,13.44,24.70,0.1651,1,-1,-1
792,183,826.18,284.23,13.21,24.19,0.2095,1,-1,-1
793,183,825.55,284.46,13.46,24.65,0.3803,1,-1,-1
794,183,825.17,284.57,13.25,24.24,0.2344,1,-1,-1
795,183,825.02,284.76,13.14,24.09,0.2509,1,-1,-1
796,183,825.05,285.90,12.35,22.62,0.2775,1,-1,-1
797,183,824.30,286.23,12.34,22.51,0.2415,1,-1,-1
798,183,823.66,286.30,12.25,22.29,0.1889,1,-1,-1
799,183,823.34,287.08,12.01,21.86,0.2193,1,-1,-1
800,183,823.18,287.73,11.77,21.45,0.2006,1,-1,-1
821,189,105.50,315.04,10.94,30.81,0.5059,1,-1,-1
821,190,81.74,312.88,11.43,29.25,0.4542,1,-1,-1
822,189,105.22,314.65,11.13,31.35,0.4216,1,-1,-1
822,190,81.73,313.55,11.39,29.18,0.3425,1,-1,-1
823,189,104.91,314.63,11.11,31.29,0.3433,1,-1,-1
823,190,81.95,315.78,10.79,27.64,0.2674,1,-1,-1
824,189,104.33,314.04,11.57,32.59,0.2465,1,-1,-1
824,190,81.94,316.88,10.74,27.48,0.1480,1,-1,-1
825,189,104.22,314.48,11.07,31.10,0.2546,1,-1,-1
825,190,82.41,318.21,10.51,26.87,0.1913,1,-1,-1
826,189,104.40,315.75,10.33,28.93,0.1993,1,-1,-1
826,190,82.85,319.32,10.14,25.90,0.1962,1,-1,-1
827,189,104.52,315.99,10.27,28.52,0.1784,1,-1,-1
827,190,82.94,319.79,9.94,25.30,0.2261,1,-1,-1
828,190,82.84,320.45,9.76,24.71,0.1672,1,-1,-1
829,190,82.75,320.35,9.90,24.94,0.1225,1,-1,-1
830,190,82.61,320.75,9.61,24.14,0.1128,1,-1,-1
843,191,623.84,301.91,13.59,34.54,0.4737,1,-1,-1
844,191,624.18,301.37,14.15,35.96,0.4301,1,-1,-1
845,191,625.26,302.08,13.80,35.08,0.4883,1,-1,-1
846,191,626.76,304.67,12.79,32.48,0.4340,1,-1,-1
846,193,612.33,306.67,13.09,30.73,0.4824,1,-1,-1
847,191,627.36,305.90,12.52,31.68,0.2902,1,-1,-1
847,193,612.07,306.49,12.82,30.13,0.3268,1,-1,-1
848,191,628.11,306.39,12.47,31.57,0.2451,1,-1,-1
849,191,630.06,305.66,12.99,32.67,0.2942,1,-1,-1
850,191,631.03,305.68,13.17,33.05,0.3057,1,-1,-1
851,191,632.31,305.78,13.12,32.75,0.3451,1,-1,-1
852,191,633.64,306.66,12.79,31.75,0.4254,1,-1,-1
853,191,634.54,307.12,12.49,30.84,0.3961,1,-1,-1
853,194,901.48,303.29,13.41,26.62,0.5234,1,-1,-1
854,191,635.16,307.63,12.67,31.15,0.3794,1,-1,-1
854,194,903.48,303.63,13.53,26.85,0.5842,1,-1,-1
855,191,635.45,306.78,12.80,31.58,0.2458,1,-1,-1
855,194,905.05,303.75,13.94,27.66,0.6011,1,-1,-1
855,195,619.89,306.08,15.45,37.02,0.4659,1,-1,-1
856,191,635.77,306.62,13.52,33.30,0.2288,1,-1,-1
856,194,907.09,303.18,14.75,29.29,0.5477,1,-1,-1
856,195,621.11,306.86,15.64,37.46,0.2814,1,-1,-1
857,191,636.49,307.61,13.64,33.51,0.1999,1,-1,-1
857,194,909.08,304.18,14.52,28.89,0.4932,1,-1,-1
857,195,621.83,307.95,15.36,36.78,0.2415,1,-1,-1
858,191,636.94,309.28,13.26,32.86,0.1052,1,-1,-1
858,194,909.87,303.59,15.15,30.13,0.4533,1,-1,-1
858,195,623.16,309.67,14.77,35.26,0.1705,1,-1,-1
859,191,637.55,311.21,12.92,32.33,0.4017,1,-1,-1
859,194,911.83,304.28,14.88,29.60,0.4321,1,-1,-1
859,195,623.03,310.93,14.12,33.82,0.4196,1,-1,-1
860,191,638.27,312.14,12.73,32.04,0.3775,1,-1,-1
860,194,914.51,305.51,13.95,27.94,0.4863,1,-1,-1
860,195,623.47,311.67,13.70,32.94,0.3923,1,-1,-1
861,191,638.83,312.58,12.75,32.22,0.3702,1,-1,-1
861,194,916.24,306.06,13.30,26.85,0.5098,1,-1,-1
861,195,623.74,311.83,13.55,32.69,0.4795,1,-1,-1
862,191,638.99,312.72,12.72,32.28,0.3486,1,-1,-1
862,194,916.71,305.93,13.19,26.83,0.4737,1,-1,-1
862,195,623.93,312.01,13.36,32.26,0.5059,1,-1,-1
863,191,639.09,312.92,12.66,32.31,0.3451,1,-1,-1
863,194,918.54,306.34,13.20,27.00,0.4513,1,-1,-1
863,195,623.94,312.34,13.44,32.58,0.5322,1,-1,-1
864,191,638.35,313.58,12.73,32.62,0.3886,1,-1,-1
864,194,919.63,306.78,13.41,27.55,0.3531,1,-1,-1
864,195,623.84,312.24,13.69,33.24,0.5263,1,-1,-1
865,191,638.16,312.78,12.78,32.96,0.4017,1,-1,-1
865,194,920.97,307.63,13.24,27.41,0.3082,1,-1,-1
865,195,623.27,311.73,14.16,34.42,0.5351,1,-1,-1
866,191,638.18,312.93,12.57,32.47,0.4426,1,-1,-1
866,194,921.95,307.73,13.43,27.99,0.2444,1,-1,-1
866,195,623.69,312.07,14.59,35.43,0.5370,1,-1,-1
867,191,638.59,313.47,12.57,32.52,0.4235,1,-1,-1
867,194,922.97,308.17,13.65,28.53,0.3337,1,-1,-1
867,195,624.14,312.74,14.57,35.45,0.5842,1,-1,-1
868,191,638.27,313.28,13.19,34.48,0.2436,1,-1,-1
868,194,925.35,308.60,13.70,28.63,0.4407,1,-1,-1
868,195,625.34,310.73,15.34,37.52,0.3251,1,-1,-1
869,194,924.41,308.81,13.86,28.85,0.4785,1,-1,-1
869,195,628.19,314.52,14.62,35.66,0.4140,1,-1,-1
870,194,923.63,308.11,15.15,31.63,0.4187,1,-1,-1
870,195,629.04,310.91,16.34,40.43,0.3242,1,-1,-1
871,195,632.22,313.38,15.21,37.59,0.3149,1,-1,-1
872,195,635.29,312.63,15.30,37.56,0.2682,1,-1,-1
873,195,639.19,314.77,14.79,36.66,0.2502,1,-1,-1
874,195,642.34,314.60,15.22,37.56,0.2830,1,-1,-1
874,199,947.49,310.95,14.75,27.87,0.4844,1,-1,-1
875,195,645.18,313.23,15.81,39.14,0.5166,1,-1,-1
875,199,947.56,310.75,15.52,29.17,0.1242,1,-1,-1
876,195,649.15,314.29,15.70,38.46,0.1500,1,-1,-1
876,199,950.26,310.30,15.04,28.39,0.1427,1,-1,-1
877,195,652.33,314.99,15.63,38.43,0.3294,1,-1,-1
900,205,1095.08,322.58,17.59,33.63,0.5400,1,-1,-1
901,205,1099.88,323.04,17.23,32.93,0.5804,1,-1,-1
902,205,1104.32,322.85,17.07,32.52,0.1608,1,-1,-1
902,207,765.24,326.91,18.92,42.51,0.4844,1,-1,-1
903,205,1107.74,323.85,17.24,32.81,0.5088,1,-1,-1
903,207,765.96,325.92,19.42,43.66,0.5098,1,-1,-1
904,205,1111.03,324.18,16.69,31.89,0.5746,1,-1,-1
904,207,765.60,326.90,19.21,43.34,0.3739,1,-1,-1
905,205,1112.55,325.06,16.00,30.83,0.6049,1,-1,-1
905,207,766.96,326.75,18.91,42.69,0.1485,1,-1,-1
906,205,1112.88,325.25,16.17,31.43,0.6307,1,-1,-1
906,207,766.83,326.57,19.28,43.63,0.2415,1,-1,-1
906,208,1099.91,322.05,14.69,34.78,0.5234,1,-1,-1
907,205,1112.92,325.49,16.33,32.09,0.6732,1,-1,-1
907,207,765.18,326.91,20.11,45.65,0.5823,1,-1,-1
907,208,1099.76,322.02,15.12,35.84,0.5860,1,-1,-1
908,205,1112.53,325.78,16.47,32.76,0.6800,1,-1,-1
908,207,763.75,326.85,20.49,46.81,0.5273,1,-1,-1
908,208,1099.64,321.89,15.41,36.53,0.6160,1,-1,-1
909,205,1112.36,325.82,16.62,33.44,0.6433,1,-1,-1
909,207,763.64,326.74,20.62,47.51,0.4026,1,-1,-1
909,208,1099.73,321.91,15.72,37.28,0.6142,1,-1,-1
910,205,1112.18,326.01,16.74,34.15,0.6123,1,-1,-1
910,207,764.13,327.31,19.67,45.62,0.4092,1,-1,-1
910,208,1099.63,321.79,16.09,38.19,0.5993,1,-1,-1
911,205,1112.11,326.61,17.11,35.49,0.6011,1,-1,-1
911,207,763.72,326.75,19.64,45.50,0.3549,1,-1,-1
911,208,1099.63,321.70,16.57,39.37,0.6197,1,-1,-1
912,205,1112.89,326.56,17.04,35.67,0.6325,1,-1,-1
912,207,763.28,326.56,19.52,45.08,0.3666,1,-1,-1
912,208,1100.12,321.59,16.34,38.85,0.6234,1,-1,-1
913,205,1116.60,328.26,16.03,33.45,0.4417,1,-1,-1
913,207,764.04,327.16,19.92,46.31,0.2546,1,-1,-1
921,212,67.07,450.00,25.45,38.67,0.5098,1,-1,-1
922,212,73.08,451.64,24.73,37.49,0.5467,1,-1,-1
923,212,78.81,452.45,24.79,37.49,0.5176,1,-1,-1
924,212,83.86,453.39,25.00,37.68,0.5525,1,-1,-1
925,212,88.18,454.02,25.66,38.64,0.6307,1,-1,-1
926,212,92.11,454.98,25.85,38.89,0.6663,1,-1,-1
927,212,95.90,455.79,26.71,40.05,0.5955,1,-1,-1
928,212,100.27,457.13,26.38,39.49,0.6732,1,-1,-1
929,212,103.49,458.50,25.97,38.96,0.6343,1,-1,-1
930,212,105.45,458.85,26.18,39.80,0.5974,1,-1,-1
931,212,105.97,459.77,26.24,40.63,0.5612,1,-1,-1
932,212,105.55,462.21,25.90,40.78,0.5127,1,-1,-1
933,212,102.97,464.93,25.01,39.77,0.4951,1,-1,-1
935,217,1320.92,346.64,20.46,37.43,0.5612,1,-1,-1
936,217,1323.75,343.77,22.91,41.96,0.4854,1,-1,-1
936,218,88.11,469.75,21.65,40.45,0.5651,1,-1,-1
937,217,1330.04,346.88,21.13,38.72,0.5727,1,-1,-1
937,218,85.18,471.24,21.87,40.92,0.4951,1,-1,-1
938,217,1338.32,348.45,20.32,37.13,0.3460,1,-1,-1
938,218,84.19,473.36,22.02,41.00,0.5917,1,-1,-1
939,217,1345.51,347.75,20.79,37.76,0.1871,1,-1,-1
939,218,82.73,474.79,21.86,40.71,0.5088,1,-1,-1
940,218,84.32,475.67,23.05,42.42,0.6379,1,-1,-1
941,218,87.83,477.92,23.65,42.77,0.7210,1,-1,-1
942,218,91.26,478.71,24.08,42.86,0.6637,1,-1,-1
943,218,95.61,478.96,25.18,44.25,0.6654,1,-1,-1
944,218,99.98,479.99,25.01,43.59,0.6352,1,-1,-1
945,218,105.79,480.49,25.38,43.62,0.6215,1,-1,-1
946,218,110.51,481.29,26.18,44.71,0.5860,1,-1,-1
947,218,114.72,482.10,26.18,44.16,0.6775,1,-1,-1
948,218,119.22,483.25,26.34,43.84,0.5302,1,-1,-1
949,218,122.96,484.37,26.58,43.87,0.5917,1,-1,-1
950,218,125.72,485.53,26.97,44.30,0.5756,1,-1,-1
951,218,128.16,486.75,27.58,45.13,0.4932,1,-1,-1
952,218,131.08,487.96,28.28,45.63,0.5059,1,-1,-1
953,218,133.75,489.32,28.09,44.91,0.6834,1,-1,-1
954,218,135.69,490.54,28.49,45.41,0.6433,1,-1,-1
954,220,528.05,420.57,64.90,30.32,0.5146,4,-1,-1
955,218,137.09,491.63,28.51,45.40,0.5870,1,-1,-1
955,220,531.59,421.02,66.31,30.96,0.6442,4,-1,-1
956,218,139.19,492.55,29.14,46.17,0.5908,1,-1,-1
956,220,538.45,421.68,65.88,30.74,0.4815,4,-1,-1
957,218,140.77,493.96,29.04,46.28,0.5458,1,-1,-1
957,220,543.72,422.51,66.57,31.01,0.5438,4,-1,-1
958,218,143.24,495.65,28.55,45.75,0.5631,1,-1,-1
958,220,549.12,423.28,66.83,31.13,0.2950,4,-1,-1
959,218,146.71,497.02,28.91,46.25,0.5765,1,-1,-1
960,218,147.88,497.65,29.90,47.82,0.6325,1,-1,-1
961,218,149.08,498.86,30.37,48.81,0.6011,1,-1,-1
962,218,149.24,500.49,29.66,48.25,0.5516,1,-1,-1
963,218,149.66,501.82,29.91,48.84,0.6160,1,-1,-1
964,218,150.05,502.51,29.91,49.26,0.5670,1,-1,-1
965,218,152.31,503.62,30.63,50.48,0.6433,1,-1,-1
965,220,579.57,430.54,67.60,31.54,0.5361,4,-1,-1
966,218,156.16,506.48,29.59,48.44,0.6415,1,-1,-1
966,220,585.89,431.46,69.04,32.43,0.1259,7,-1,-1
967,218,161.16,507.77,29.50,48.19,0.5564,1,-1,-1
967,220,593.72,433.22,67.28,31.51,0.1592,4,-1,-1
968,218,166.90,508.95,29.90,48.66,0.5813,1,-1,-1
969,218,173.03,509.95,30.11,48.73,0.5390,1,-1,-1
969,220,611.26,434.99,65.91,30.85,0.4883,4,-1,-1
970,218,179.12,510.94,30.37,48.68,0.4922,1,-1,-1
970,220,618.53,435.56,68.09,31.94,0.3540,4,-1,-1
971,218,184.88,512.14,30.53,48.66,0.5429,1,-1,-1
971,220,627.01,437.75,67.68,31.89,0.4187,10,-1,-1
972,218,189.43,513.35,30.92,48.97,0.5908,1,-1,-1
972,220,635.43,437.59,69.05,32.84,0.1242,10,-1,-1
973,218,195.93,513.79,31.66,50.13,0.5156,1,-1,-1
973,220,643.12,438.68,69.44,33.17,0.1859,7,-1,-1
974,218,202.78,514.82,31.18,49.40,0.5936,1,-1,-1
974,220,650.49,439.15,69.56,33.35,0.2682,4,-1,-1
975,218,207.40,515.85,31.00,49.19,0.5370,1,-1,-1
975,220,658.94,440.04,68.83,33.05,0.1466,10,-1,-1
976,218,210.15,516.92,31.10,49.15,0.3416,1,-1,-1
976,220,664.94,440.85,69.17,33.17,0.5516,4,-1,-1
977,218,211.45,518.39,30.67,48.67,0.4746,1,-1,-1
977,220,667.83,441.10,71.95,34.61,0.4785,4,-1,-1
978,218,210.11,521.14,30.37,48.92,0.4359,1,-1,-1
978,220,670.73,442.06,71.98,34.68,0.5746,4,-1,-1
979,218,206.99,523.34,31.35,50.63,0.4951,1,-1,-1
979,220,671.34,443.78,71.01,34.12,0.5631,4,-1,-1
980,218,201.95,526.03,30.78,49.62,0.6077,1,-1,-1
980,220,670.09,444.60,71.79,34.40,0.5879,4,-1,-1
981,220,666.80,445.97,71.75,34.36,0.4971,4,-1,-1
982,220,662.35,447.39,73.16,35.08,0.3766,4,-1,-1
982,226,1877.00,393.57,24.71,65.82,0.6067,1,-1,-1
982,227,1893.98,404.84,27.55,54.17,0.5254,1,-1,-1
983,220,658.37,449.42,72.67,34.70,0.5898,4,-1,-1
983,226,1879.88,394.63,24.08,63.97,0.4727,1,-1,-1
983,227,1897.02,408.76,25.60,50.58,0.5746,1,-1,-1
984,220,652.28,449.63,75.18,35.97,0.6067,4,-1,-1
984,226,1883.23,396.28,24.35,64.65,0.4292,1,-1,-1
984,227,1897.82,410.85,25.36,50.49,0.5708,1,-1,-1
985,220,646.29,451.84,76.07,36.55,0.4863,4,-1,-1
985,226,1884.24,397.76,24.01,63.62,0.6522,1,-1,-1
985,227,1899.23,412.92,25.15,50.77,0.6361,1,-1,-1
986,220,642.51,454.68,73.27,34.96,0.6478,4,-1,-1
986,226,1885.30,398.83,24.52,64.75,0.6289,1,-1,-1
986,227,1899.41,412.99,25.55,52.51,0.6289,1,-1,-1
987,220,636.78,455.58,75.17,35.77,0.5927,4,-1,-1
987,226,1889.47,400.32,24.90,64.85,0.3849,1,-1,-1
987,227,1898.79,409.62,26.90,56.62,0.4717,1,-1,-1
988,220,630.50,456.48,76.98,36.61,0.4330,4,-1,-1
988,226,1891.13,401.57,25.46,65.68,0.6067,1,-1,-1
988,227,1896.44,404.86,28.99,62.33,0.4600,1,-1,-1
989,220,625.75,457.94,77.36,36.83,0.5860,4,-1,-1
989,226,1894.31,403.33,25.54,66.04,0.4465,1,-1,-1
989,227,1896.51,403.82,29.97,66.43,0.3849,1,-1,-1
990,220,622.80,459.11,77.56,37.05,0.4766,4,-1,-1
990,226,1895.92,405.56,25.13,65.27,0.6388,1,-1,-1
991,220,620.77,459.86,79.03,37.74,0.1082,8,-1,-1
992,220,618.72,461.04,79.59,38.10,0.3540,7,-1,-1
992,232,85.12,555.12,34.30,55.00,0.5078,1,-1,-1
992,233,573.62,419.28,16.37,36.81,0.4630,1,-1,-1
993,220,618.05,462.26,80.57,38.72,0.6809,4,-1,-1
993,232,83.01,556.63,33.97,54.41,0.5059,1,-1,-1
993,233,575.51,419.70,13.92,31.26,0.2114,1,-1,-1
994,220,621.53,464.53,77.45,37.18,0.7718,4,-1,-1
994,232,83.15,557.49,34.27,54.88,0.5458,1,-1,-1
995,220,625.07,465.39,78.42,37.70,0.6567,4,-1,-1
995,232,83.74,558.50,34.26,54.85,0.3757,1,-1,-1
996,220,629.82,465.96,79.04,38.03,0.5955,4,-1,-1
996,232,86.65,560.05,34.25,54.84,0.5879,1,-1,-1
997,220,635.43,466.78,78.59,37.77,0.6792,4,-1,-1
997,232,89.28,561.10,34.26,54.68,0.3513,1,-1,-1
998,220,639.62,466.94,81.63,39.41,0.1132,4,-1,-1
998,232,92.58,562.56,34.78,55.37,0.4369,1,-1,-1
999,220,646.60,468.96,78.24,37.54,0.7170,4,-1,-1
999,232,95.75,563.37,35.70,56.36,0.1394,2,-1,-1
1000,220,652.30,469.62,78.60,37.76,0.3225,4,-1,-1
1000,232,100.36,563.20,36.49,57.40,0.4552,1,-1,-1
1001,220,659.78,471.98,76.10,36.40,0.5117,4,-1,-1
1001,232,104.43,564.38,35.96,56.24,0.2401,2,-1,-1
1002,220,665.36,472.23,77.55,37.07,0.1592,7,-1,-1
1002,232,109.34,564.52,36.88,57.66,0.4292,1,-1,-1
1003,220,669.93,470.57,81.11,38.95,0.4562,4,-1,-1
1003,232,113.53,564.42,37.50,58.45,0.3989,1,-1,-1
1004,220,675.60,471.01,82.48,39.81,0.1525,7,-1,-1
1004,232,118.65,564.91,36.80,57.20,0.3630,2,-1,-1
1005,220,683.92,473.59,78.32,37.68,0.7090,4,-1,-1
1005,232,124.37,565.47,36.71,57.22,0.1204,2,-1,-1
1006,220,689.29,474.30,79.27,38.12,0.7578,4,-1,-1
1006,232,131.67,565.90,37.77,58.56,0.5098,1,-1,-1
1007,220,696.93,475.48,77.38,37.03,0.8032,4,-1,-1
1007,232,136.58,566.45,37.01,57.44,0.5107,1,-1,-1
1008,220,702.42,475.47,79.14,37.88,0.7341,4,-1,-1
1008,232,142.34,566.31,38.66,59.71,0.4149,1,-1,-1
1009,220,708.50,476.53,77.76,37.13,0.7506,4,-1,-1
1009,232,146.30,566.68,38.28,58.72,0.5117,1,-1,-1
1010,220,709.57,475.64,81.31,39.02,0.7074,4,-1,-1
1010,232,147.12,567.02,38.51,58.83,0.4369,1,-1,-1
1011,220,711.24,476.13,81.35,39.17,0.5273,4,-1,-1
1011,232,146.91,567.33,37.98,58.04,0.5273,1,-1,-1
1012,220,711.42,476.54,82.36,39.83,0.2006,4,-1,-1
1012,232,145.96,568.12,38.06,58.10,0.4834,1,-1,-1
1013,220,713.25,477.61,80.75,39.04,0.2697,4,-1,-1
1013,232,145.87,568.76,38.54,58.68,0.5351,1,-1,-1
1014,220,716.03,477.45,80.28,38.74,0.4330,4,-1,-1
1014,232,147.59,569.20,38.16,58.20,0.5718,1,-1,-1
1015,220,720.94,477.81,81.02,39.09,0.6160,4,-1,-1
1015,232,152.29,568.94,37.51,57.21,0.5689,1,-1,-1
1016,220,729.36,479.18,78.19,37.49,0.7746,4,-1,-1
1016,232,159.94,568.48,38.05,57.95,0.4206,1,-1,-1
1017,220,736.04,478.89,80.34,38.51,0.1950,4,-1,-1
1017,232,167.68,568.01,38.38,58.41,0.4990,1,-1,-1
1018,220,743.31,479.00,80.54,38.62,0.5993,4,-1,-1
1018,232,176.04,568.34,37.23,56.68,0.5804,1,-1,-1
1019,220,749.16,478.34,82.35,39.59,0.1577,7,-1,-1
1019,232,182.30,568.14,36.90,56.81,0.5224,1,-1,-1
1020,220,755.28,479.31,79.72,38.28,0.7866,4,-1,-1
1020,232,187.45,568.12,36.32,56.32,0.6270,1,-1,-1
1020,240,656.80,404.03,17.37,36.21,0.5936,1,-1,-1
1021,220,758.52,479.57,80.15,38.49,0.1656,7,-1,-1
1021,232,190.89,568.39,36.07,56.11,0.6715,1,-1,-1
1021,240,659.81,402.61,18.31,38.27,0.6343,1,-1,-1
1021,241,758.16,424.95,18.66,42.04,0.5263,1,-1,-1
1022,220,758.91,478.57,82.61,39.89,0.1700,7,-1,-1
1022,232,192.52,568.70,36.25,56.53,0.6160,1,-1,-1
1022,240,661.22,399.25,19.98,42.05,0.4737,1,-1,-1
1022,241,759.18,425.39,19.40,43.70,0.4552,1,-1,-1
1023,220,759.60,478.64,82.81,40.13,0.2674,7,-1,-1
1023,232,192.59,568.71,36.54,57.22,0.5842,1,-1,-1
1023,240,661.19,396.79,21.11,44.78,0.4844,1,-1,-1
1023,241,759.88,425.94,19.43,43.73,0.5039,1,-1,-1
1024,220,759.95,478.72,82.37,40.07,0.1485,4,-1,-1
1024,232,191.30,568.54,36.42,57.37,0.5879,1,-1,-1
1024,240,661.09,395.43,21.53,46.11,0.5195,1,-1,-1
1024,241,760.08,426.26,19.49,43.83,0.5293,1,-1,-1
1025,220,759.88,479.45,81.55,39.72,0.3191,7,-1,-1
1025,232,190.28,568.69,37.05,58.66,0.6123,1,-1,-1
1025,240,661.31,395.13,21.30,46.16,0.4883,1,-1,-1
1025,241,760.09,426.79,19.38,43.51,0.5370,1,-1,-1
1026,220,759.73,480.27,80.99,39.46,0.3294,7,-1,-1
1026,232,189.39,568.92,37.58,59.68,0.5993,1,-1,-1
1026,240,661.62,395.49,20.79,45.69,0.5293,1,-1,-1
1026,241,759.85,426.73,19.63,44.07,0.5804,1,-1,-1
1027,220,759.27,480.65,81.10,39.52,0.3329,7,-1,-1
1027,232,188.00,569.04,37.85,60.43,0.6215,1,-1,-1
1027,240,661.93,396.02,20.17,44.95,0.5467,1,-1,-1
1027,241,759.44,426.35,19.86,44.58,0.5631,1,-1,-1
1028,220,758.92,480.99,80.97,39.46,0.3433,7,-1,-1
1028,232,186.56,569.44,38.00,61.35,0.5974,1,-1,-1
1028,240,662.24,396.56,19.66,44.48,0.5283,1,-1,-1
1028,241,759.13,425.88,19.73,44.31,0.5477,1,-1,-1
1028,244,730.24,428.48,16.61,38.78,0.5205,1,-1,-1
1029,220,758.43,481.25,81.21,39.67,0.1683,4,-1,-1
1029,232,185.90,569.76,37.84,61.68,0.5670,1,-1,-1
1029,240,662.50,397.10,19.20,44.12,0.5078,1,-1,-1
1029,241,758.78,425.57,19.70,44.27,0.5273,1,-1,-1
1029,244,730.12,428.56,16.62,38.83,0.5039,1,-1,-1
1030,220,758.42,481.29,80.28,39.20,0.1784,7,-1,-1
1030,232,185.33,570.11,37.26,61.24,0.5612,1,-1,-1
1030,240,662.77,397.57,18.76,43.79,0.5205,1,-1,-1
1030,241,758.73,425.53,19.65,44.19,0.5341,1,-1,-1
1030,244,730.03,428.78,16.52,38.59,0.5156,1,-1,-1
1031,220,758.86,481.50,79.16,38.58,0.4639,4,-1,-1
1031,232,185.58,570.76,35.63,58.54,0.5870,1,-1,-1
1031,240,663.12,398.10,18.29,43.35,0.5293,1,-1,-1
1031,241,758.92,425.71,19.49,43.87,0.5215,1,-1,-1
1031,244,730.14,428.96,16.41,38.39,0.5068,1,-1,-1
1032,220,758.91,481.63,78.70,38.29,0.5746,4,-1,-1
1032,232,184.88,571.04,35.83,59.20,0.5746,1,-1,-1
1032,240,663.70,398.51,17.78,42.91,0.5068,1,-1,-1
1032,241,759.19,426.21,19.14,43.21,0.4932,1,-1,-1
1032,244,730.39,429.13,16.20,37.97,0.4844,1,-1,-1
1033,220,758.86,481.80,78.49,38.12,0.6415,4,-1,-1
1033,232,184.98,571.70,34.64,57.28,0.5429,1,-1,-1
1033,240,664.30,399.00,17.31,42.61,0.4216,1,-1,-1
1033,241,759.42,426.84,18.62,42.17,0.4446,1,-1,-1
1033,244,730.14,429.24,15.33,36.18,0.4600,1,-1,-1
1034,220,758.69,481.81,78.80,38.25,0.5784,4,-1,-1
1034,232,184.69,572.11,34.10,56.59,0.5737,1,-1,-1
1034,240,665.06,399.48,16.90,42.31,0.5205,1,-1,-1
1034,241,759.09,427.51,18.86,42.60,0.4951,1,-1,-1
1034,244,730.03,429.24,15.12,35.89,0.4717,1,-1,-1
1035,220,758.54,481.84,79.06,38.35,0.5516,4,-1,-1
1035,232,184.37,572.54,33.53,55.93,0.6095,1,-1,-1
1035,240,665.80,399.70,16.67,42.28,0.5322,1,-1,-1
1035,241,758.91,427.89,18.96,42.73,0.5020,1,-1,-1
1035,244,729.98,429.29,15.07,35.97,0.4610,1,-1,-1
1036,220,758.27,481.84,79.37,38.49,0.5842,4,-1,-1
1036,232,183.71,572.57,33.66,56.64,0.6851,1,-1,-1
1036,240,666.55,400.39,16.19,41.67,0.4922,1,-1,-1
1036,241,759.13,428.79,18.76,42.22,0.4235,1,-1,-1
1036,244,730.11,429.25,14.14,33.88,0.4311,1,-1,-1
1037,220,758.00,482.13,79.47,38.47,0.5631,4,-1,-1
1037,232,183.45,572.86,33.55,56.98,0.6749,1,-1,-1
1037,240,667.10,400.62,16.17,41.93,0.5784,1,-1,-1
1037,241,759.00,428.72,19.03,42.72,0.4766,1,-1,-1
1037,244,729.92,429.39,14.63,35.18,0.4388,1,-1,-1
1038,220,758.01,481.84,80.11,38.77,0.5784,4,-1,-1
1038,232,183.53,573.45,32.81,56.12,0.6637,1,-1,-1
1038,240,667.60,401.82,15.90,41.13,0.5993,1,-1,-1
1038,241,758.98,428.86,19.14,42.83,0.4932,1,-1,-1
1038,244,730.04,429.68,14.73,35.51,0.4007,1,-1,-1
1039,220,757.72,481.57,80.95,39.22,0.5438,4,-1,-1
1039,232,183.43,573.88,32.61,56.19,0.6706,1,-1,-1
1039,240,667.80,401.77,15.96,41.14,0.5917,1,-1,-1
1039,241,759.26,429.09,19.26,43.01,0.5612,1,-1,-1
1039,244,730.44,429.61,15.72,37.79,0.4177,1,-1,-1
1040,220,757.45,481.53,81.43,39.51,0.5224,4,-1,-1
1040,232,183.45,574.62,32.33,56.05,0.6514,1,-1,-1
1040,240,667.55,400.22,16.45,42.61,0.5860,1,-1,-1
1040,241,759.40,429.19,19.37,43.09,0.5574,1,-1,-1
1040,244,730.86,429.93,16.14,38.62,0.3933,1,-1,-1
1041,220,757.55,481.69,81.38,39.55,0.4542,4,-1,-1
1041,232,183.51,574.98,32.24,56.22,0.6792,1,-1,-1
1041,240,667.66,399.70,16.66,43.25,0.5746,1,-1,-1
1041,241,759.44,429.01,19.55,43.35,0.5380,1,-1,-1
1041,244,730.95,430.47,16.49,39.20,0.4330,1,-1,-1
1042,220,758.06,482.30,80.96,39.45,0.5784,4,-1,-1
1042,232,183.61,575.40,32.18,56.40,0.6637,1,-1,-1
1042,240,667.91,399.92,16.74,43.64,0.5746,1,-1,-1
1042,241,759.66,429.02,19.63,43.38,0.5215,1,-1,-1
1042,244,731.05,431.13,16.63,39.17,0.4092,1,-1,-1
1043,220,758.50,482.90,80.42,39.26,0.6496,4,-1,-1
1043,232,183.69,575.55,31.93,56.21,0.6758,1,-1,-1
1043,240,668.24,400.46,16.44,43.07,0.5765,1,-1,-1
1043,241,759.92,429.30,19.65,43.33,0.5574,1,-1,-1
1043,244,731.13,431.59,16.68,38.98,0.3757,1,-1,-1
1044,220,758.55,483.06,80.67,39.49,0.5964,4,-1,-1
1044,232,183.59,575.69,31.67,56.00,0.6792,1,-1,-1
1044,240,668.96,402.12,15.93,41.68,0.5708,1,-1,-1
1044,241,760.12,429.64,19.60,43.17,0.5746,1,-1,-1
1044,244,731.52,431.98,17.12,40.21,0.2674,1,-1,-1
1045,220,758.74,483.24,80.17,39.26,0.4196,4,-1,-1
1045,232,183.47,575.84,31.74,56.46,0.6826,1,-1,-1
1045,240,669.19,402.78,15.85,41.31,0.5823,1,-1,-1
1045,241,760.37,430.11,19.54,43.01,0.5879,1,-1,-1
1045,244,731.73,432.26,17.40,41.10,0.2644,1,-1,-1
1046,220,758.95,483.56,79.79,39.06,0.5574,4,-1,-1
1046,232,183.35,576.01,31.90,57.09,0.6826,1,-1,-1
1046,240,669.64,404.21,15.90,41.24,0.5823,1,-1,-1
1046,241,760.47,430.37,19.49,42.91,0.5955,1,-1,-1
1046,244,731.83,432.51,17.42,41.41,0.2628,1,-1,-1
1047,220,759.52,484.27,78.72,38.42,0.6610,4,-1,-1
1047,232,183.41,576.13,32.06,57.75,0.6910,1,-1,-1
1047,240,669.91,405.05,15.87,41.34,0.5823,1,-1,-1
1047,241,760.61,430.75,19.33,42.57,0.5689,1,-1,-1
1047,244,731.75,432.62,17.23,41.22,0.2736,1,-1,-1
1048,220,759.40,484.69,78.98,38.45,0.7042,4,-1,-1
1048,232,183.49,576.30,32.07,58.11,0.6876,1,-1,-1
1048,240,671.03,408.42,14.61,38.12,0.5496,1,-1,-1
1048,241,760.60,431.03,19.19,42.29,0.5293,1,-1,-1
1048,244,731.79,432.83,16.88,40.69,0.2323,1,-1,-1
1049,220,759.51,484.89,79.40,38.61,0.7042,4,-1,-1
1049,232,183.56,576.52,32.14,58.50,0.6860,1,-1,-1
1049,240,670.95,406.42,15.09,39.65,0.5535,1,-1,-1
1049,241,760.54,430.98,19.28,42.55,0.5400,1,-1,-1
1049,244,731.73,432.74,16.83,40.86,0.2408,1,-1,-1
1050,220,759.46,484.94,79.85,38.82,0.6809,4,-1,-1
1050,232,183.75,576.74,32.02,58.48,0.6792,1,-1,-1
1050,240,671.11,405.27,15.45,40.76,0.5917,1,-1,-1
1050,241,760.58,430.72,19.46,43.07,0.5448,1,-1,-1
1050,244,731.70,432.73,16.75,40.93,0.2451,1,-1,-1
1051,220,759.56,484.76,80.70,39.27,0.5641,4,-1,-1
1051,232,183.82,577.08,31.86,58.34,0.6706,1,-1,-1
1051,240,671.24,403.76,16.10,42.38,0.6379,1,-1,-1
1051,241,760.43,430.79,19.50,43.24,0.5516,1,-1,-1
1051,244,731.51,433.32,16.58,40.77,0.2282,1,-1,-1
1052,220,759.68,484.80,80.77,39.31,0.6316,4,-1,-1
1052,232,183.90,577.45,31.75,58.19,0.6549,1,-1,-1
1052,240,671.09,403.12,16.39,43.06,0.6469,1,-1,-1
1052,241,760.54,430.63,19.59,43.58,0.5574,1,-1,-1
1052,244,731.59,433.03,14.85,36.70,0.3495,1,-1,-1
1053,220,760.00,485.13,80.22,39.01,0.6584,4,-1,-1
1053,232,183.96,577.79,31.73,58.08,0.6002,1,-1,-1
1053,240,671.27,402.87,16.68,43.59,0.6487,1,-1,-1
1053,241,760.69,430.56,19.62,43.78,0.5708,1,-1,-1
1053,244,731.59,432.93,14.37,35.76,0.3558,1,-1,-1
1054,220,760.15,485.26,80.14,38.94,0.6011,4,-1,-1
1054,232,183.96,578.12,31.71,57.94,0.5870,1,-1,-1
1054,240,671.64,403.21,16.73,43.24,0.6540,1,-1,-1
1054,241,760.75,430.35,19.72,44.13,0.5823,1,-1,-1
1054,244,731.55,433.02,14.45,36.19,0.3513,1,-1,-1
1055,220,760.11,485.40,80.10,38.88,0.5974,4,-1,-1
1055,232,183.83,578.69,31.70,57.89,0.5842,1,-1,-1
1055,240,672.17,403.38,16.66,42.53,0.6460,1,-1,-1
1055,241,760.76,430.29,19.75,44.29,0.5860,1,-1,-1
1055,244,731.67,432.83,14.43,36.40,0.3504,1,-1,-1
1056,220,759.94,485.38,80.52,39.07,0.3702,4,-1,-1
1056,232,183.78,579.05,31.70,57.90,0.6469,1,-1,-1
1056,240,672.38,402.96,17.30,43.54,0.6868,1,-1,-1
1056,241,760.72,430.52,19.79,44.48,0.5955,1,-1,-1
1056,244,731.90,432.68,14.58,36.74,0.4158,1,-1,-1
1057,220,759.85,485.71,80.73,39.16,0.1678,4,-1,-1
1057,232,183.98,579.42,31.54,57.64,0.6086,1,-1,-1
1057,240,672.46,402.92,17.84,44.36,0.6800,1,-1,-1
1057,241,760.77,430.87,19.79,44.53,0.5823,1,-1,-1
1057,244,731.77,432.45,15.28,38.22,0.4649,1,-1,-1
1058,220,759.85,486.05,80.83,39.18,0.3311,4,-1,-1
1058,232,183.95,579.73,31.58,57.77,0.6469,1,-1,-1
1058,240,672.83,403.22,17.88,43.94,0.7066,1,-1,-1
1058,241,760.97,431.20,19.70,44.45,0.5593,1,-1,-1
1058,244,731.65,432.47,15.55,38.68,0.4971,1,-1,-1
1059,220,759.76,486.22,81.42,39.49,0.2751,4,-1,-1
1059,232,183.92,580.13,31.37,57.45,0.6067,1,-1,-1
1059,240,673.23,403.53,18.23,44.15,0.7066,1,-1,-1
1059,241,761.08,431.17,19.83,44.91,0.5458,1,-1,-1
1059,244,731.63,432.34,15.77,39.04,0.4610,1,-1,-1
1060,220,759.82,486.85,81.39,39.49,0.1132,4,-1,-1
1060,232,184.00,580.58,31.46,57.48,0.5879,1,-1,-1
1060,240,673.71,404.13,18.39,43.98,0.7225,1,-1,-1
1060,241,761.21,431.41,19.95,45.41,0.5631,1,-1,-1
1060,244,731.52,432.84,15.53,38.81,0.4140,1,-1,-1
1061,220,759.82,487.38,81.75,39.73,0.1164,4,-1,-1
1061,232,183.93,581.10,31.64,57.59,0.5660,1,-1,-1
1061,240,674.14,404.57,18.64,44.11,0.7066,1,-1,-1
1061,241,761.33,431.79,19.98,45.69,0.5574,1,-1,-1
1061,244,731.59,432.98,15.38,38.79,0.3531,1,-1,-1
1062,220,759.18,488.01,82.77,40.33,0.1510,7,-1,-1
1062,232,183.30,582.00,32.43,58.92,0.6415,1,-1,-1
1062,240,674.53,405.20,18.89,44.31,0.7098,1,-1,-1
1062,241,761.78,433.63,19.81,45.44,0.5860,1,-1,-1
1062,244,731.65,433.28,15.72,39.10,0.4465,1,-1,-1
1063,220,759.26,489.17,83.60,40.88,0.1303,4,-1,-1
1063,232,183.02,584.03,32.41,58.65,0.5400,1,-1,-1
1063,240,675.17,407.07,18.51,43.12,0.6433,1,-1,-1
1063,241,761.53,435.19,19.70,45.24,0.5574,1,-1,-1
1063,244,730.94,434.78,17.13,42.83,0.4130,1,-1,-1
1064,220,760.18,491.96,82.12,40.18,0.1510,7,-1,-1
1064,232,181.64,585.97,33.42,60.43,0.5898,1,-1,-1
1064,240,675.16,410.85,17.81,41.18,0.6334,1,-1,-1
1064,241,761.75,437.34,19.48,44.84,0.5127,1,-1,-1
1064,244,731.64,436.83,16.43,41.05,0.3720,1,-1,-1
1065,220,760.73,494.34,81.50,39.88,0.1294,4,-1,-1
1065,232,181.50,589.60,33.31,60.06,0.5651,1,-1,-1
1065,240,675.70,414.42,17.37,40.02,0.6424,1,-1,-1
1065,241,761.37,439.76,19.31,44.48,0.5496,1,-1,-1
1065,244,732.37,440.64,15.10,37.34,0.1016,1,-1,-1
1066,220,760.20,498.24,82.13,40.22,0.1082,7,-1,-1
1066,232,181.20,593.38,32.99,59.68,0.6307,1,-1,-1
1066,240,676.34,417.35,17.77,40.85,0.6307,1,-1,-1
1066,241,762.12,443.85,18.70,43.20,0.3657,1,-1,-1
1067,232,180.72,597.38,32.96,59.45,0.5361,1,-1,-1
1067,240,676.93,421.13,17.80,40.85,0.5804,1,-1,-1
1067,241,761.71,448.33,19.20,44.41,0.5020,1,-1,-1
1068,232,180.67,601.67,32.86,59.43,0.5936,1,-1,-1
1068,240,677.06,425.54,17.80,40.53,0.6628,1,-1,-1
1068,241,761.46,451.85,19.58,45.40,0.5400,1,-1,-1
1069,232,180.61,605.15,32.89,59.76,0.6628,1,-1,-1
1069,240,677.62,429.47,17.90,40.56,0.6325,1,-1,-1
1069,241,761.43,454.19,19.56,45.40,0.4571,1,-1,-1
1070,232,180.43,608.52,32.60,59.39,0.5127,1,-1,-1
1070,240,677.97,432.50,17.97,40.77,0.5917,1,-1,-1
1070,241,761.84,457.60,19.80,46.16,0.4815,1,-1,-1
1071,232,179.79,610.72,33.20,60.65,0.6610,1,-1,-1
1071,240,678.34,434.95,18.04,40.94,0.5448,1,-1,-1
1071,241,761.49,460.86,19.74,46.20,0.5117,1,-1,-1
1072,232,179.99,612.68,32.95,60.60,0.6469,1,-1,-1
1072,240,679.47,438.06,17.64,39.94,0.5535,1,-1,-1
1072,241,761.35,462.93,19.69,46.11,0.5506,1,-1,-1
1073,232,180.01,615.02,32.51,60.31,0.6984,1,-1,-1
1073,240,680.15,440.86,17.28,38.91,0.4187,1,-1,-1
1073,241,761.00,464.02,19.73,46.09,0.5146,1,-1,-1
1074,232,179.89,616.65,32.51,60.84,0.6968,1,-1,-1
1074,240,680.38,441.62,17.71,39.74,0.4824,1,-1,-1
1074,241,760.73,464.85,19.62,45.72,0.3513,1,-1,-1
