1,0,1718.06,347.65,35.14,72.35,0.7780,1,-1,-1
1,1,36.05,698.02,48.96,98.06,0.7090,1,-1,-1
1,2,1758.74,342.43,32.70,80.19,0.4552,1,-1,-1
2,0,1719.24,348.83,35.14,72.35,0.7886,1,-1,-1
2,1,31.34,700.13,49.48,99.08,0.7800,1,-1,-1
2,2,1759.65,342.02,33.65,82.40,0.3693,1,-1,-1
3,0,1721.01,351.13,34.68,71.38,0.7349,1,-1,-1
3,1,27.05,702.13,49.44,98.99,0.7432,1,-1,-1
3,2,1761.93,342.96,34.26,83.73,0.3363,1,-1,-1
3,3,47.83,605.70,60.57,95.43,0.6943,1,-1,-1
3,4,1603.28,188.56,20.11,36.67,0.6058,1,-1,-1
3,5,810.54,353.77,21.38,58.71,0.5765,1,-1,-1
3,6,797.16,342.84,16.21,53.33,0.5351,1,-1,-1
3,7,643.59,196.17,16.02,35.35,0.5370,1,-1,-1
3,8,701.02,276.29,19.14,47.72,0.4883,1,-1,-1
3,9,849.00,229.38,16.33,41.91,0.4562,1,-1,-1
4,0,1724.05,352.98,34.18,70.35,0.7513,1,-1,-1
4,1,23.04,705.92,48.75,97.47,0.7635,1,-1,-1
4,2,1766.26,343.92,32.50,79.64,0.5622,1,-1,-1
4,3,43.26,609.13,60.83,95.74,0.6960,1,-1,-1
4,4,1604.03,187.76,20.56,37.56,0.5832,1,-1,-1
4,5,810.10,354.33,21.17,58.07,0.5898,1,-1,-1
4,6,794.78,342.43,17.94,59.03,0.5380,1,-1,-1
4,7,642.91,196.97,15.83,34.91,0.5448,1,-1,-1
4,8,700.16,277.24,19.80,49.47,0.5794,1,-1,-1
4,9,848.60,230.17,16.56,42.50,0.5651,1,-1,-1
5,0,1726.18,354.89,34.45,70.88,0.7556,1,-1,-1
5,1,19.39,709.82,47.82,95.27,0.7905,1,-1,-1
5,2,1768.02,344.87,33.01,81.13,0.5273,1,-1,-1
5,3,38.60,613.24,59.75,93.98,0.5000,1,-1,-1
5,4,1605.78,186.85,21.17,38.78,0.5068,1,-1,-1
5,5,809.74,354.95,21.25,58.23,0.6049,1,-1,-1
5,6,792.23,343.56,19.10,62.80,0.5078,1,-1,-1
5,7,642.32,198.26,15.14,33.39,0.4795,1,-1,-1
5,8,699.31,278.15,20.78,52.13,0.5622,1,-1,-1
5,9,848.25,230.60,16.83,43.20,0.5429,1,-1,-1
5,10,224.26,237.28,21.50,45.99,0.5322,1,-1,-1
6,0,1729.10,355.93,34.84,71.52,0.7628,1,-1,-1
6,1,15.71,713.95,46.89,92.97,0.7944,1,-1,-1
6,2,1772.10,346.43,30.55,75.06,0.4990,1,-1,-1
6,3,33.97,616.65,60.58,95.18,0.7718,1,-1,-1
6,4,1606.88,186.07,21.63,39.77,0.5804,1,-1,-1
6,5,809.39,356.14,21.31,58.32,0.6197,1,-1,-1
6,6,790.79,345.68,18.96,62.27,0.6252,1,-1,-1
6,7,641.48,198.03,15.21,33.57,0.2220,1,-1,-1
6,8,698.76,279.09,20.44,51.37,0.4893,1,-1,-1
6,9,847.77,230.85,16.92,43.41,0.5390,1,-1,-1
6,10,223.71,238.08,21.21,45.37,0.6415,1,-1,-1
7,0,1731.31,357.66,35.32,72.53,0.7280,1,-1,-1
7,1,9.95,716.70,47.64,93.60,0.6893,1,-1,-1
7,2,1773.33,347.95,31.12,76.57,0.6151,1,-1,-1
7,3,28.52,620.91,61.73,96.94,0.7249,1,-1,-1
7,4,1607.65,185.39,22.25,41.26,0.5993,1,-1,-1
7,5,808.77,357.30,21.80,59.49,0.6415,1,-1,-1
7,6,790.08,347.30,18.22,59.62,0.5993,1,-1,-1
7,7,640.56,197.82,15.10,33.54,0.1865,1,-1,-1
7,8,698.18,279.69,20.61,51.98,0.4961,1,-1,-1
7,9,847.58,231.37,17.05,43.77,0.5670,1,-1,-1
7,10,222.48,238.25,21.44,45.93,0.5993,1,-1,-1
7,11,154.35,265.16,20.02,44.59,0.5156,1,-1,-1
8,0,1733.76,358.92,34.82,71.67,0.7098,1,-1,-1
8,1,4.98,721.31,48.28,94.30,0.7578,1,-1,-1
8,2,1779.17,347.66,27.22,66.92,0.6105,1,-1,-1
8,3,22.28,625.44,63.23,99.28,0.6910,1,-1,-1
8,4,1609.19,187.59,21.38,39.88,0.6142,1,-1,-1
8,5,808.69,358.54,22.19,60.19,0.6151,1,-1,-1
8,6,788.53,347.85,19.19,62.54,0.6325,1,-1,-1
8,8,697.48,280.41,21.19,53.70,0.5332,1,-1,-1
8,9,847.39,232.23,16.89,43.32,0.5823,1,-1,-1
8,10,221.82,239.65,20.93,44.92,0.4455,1,-1,-1
8,11,151.62,265.72,20.93,46.50,0.3657,1,-1,-1
9,0,1735.58,359.57,35.28,73.05,0.7614,1,-1,-1
9,1,0.97,725.21,48.98,95.39,0.7009,1,-1,-1
9,2,1781.98,348.34,27.97,68.84,0.5670,1,-1,-1
9,3,17.10,631.44,62.25,97.26,0.4064,1,-1,-1
9,4,1611.19,189.31,20.68,38.86,0.5784,1,-1,-1
9,5,808.59,360.33,22.12,59.60,0.6197,1,-1,-1
9,6,787.39,349.42,19.59,63.67,0.6628,1,-1,-1
9,8,697.05,281.06,21.20,53.93,0.5117,1,-1,-1
9,9,847.12,232.96,16.82,43.03,0.5166,1,-1,-1
9,10,220.36,240.40,20.64,44.50,0.2127,1,-1,-1
10,0,1738.33,360.06,35.71,73.87,0.7656,1,-1,-1
10,1,-1.76,726.61,51.07,99.83,0.7326,1,-1,-1
10,2,1782.06,350.77,30.87,76.18,0.5370,1,-1,-1
10,3,7.32,635.44,66.46,103.10,0.5137,1,-1,-1
10,4,1612.86,190.06,20.36,38.54,0.4659,1,-1,-1
10,5,807.59,361.23,22.41,60.17,0.6307,1,-1,-1
10,6,786.49,351.58,19.56,63.12,0.6783,1,-1,-1
10,8,697.48,281.38,20.66,52.72,0.5078,1,-1,-1
10,9,847.30,233.32,16.91,43.15,0.4513,1,-1,-1
10,10,218.66,240.54,21.24,45.92,0.1192,1,-1,-1
11,0,1741.45,361.82,35.43,73.17,0.7670,1,-1,-1
11,1,-4.06,731.34,51.39,101.59,0.7677,1,-1,-1
11,2,1782.51,353.06,33.19,82.02,0.5641,1,-1,-1
11,3,2.30,641.72,67.17,103.61,0.5390,1,-1,-1
11,4,1614.09,190.93,20.01,38.05,0.4941,1,-1,-1
11,5,806.73,362.34,22.75,60.92,0.6361,1,-1,-1
11,6,785.56,353.20,18.60,59.66,0.6361,1,-1,-1
11,8,697.96,282.53,19.40,49.61,0.5603,1,-1,-1
11,9,847.32,234.33,16.92,43.22,0.4746,1,-1,-1
12,0,1743.94,364.13,35.15,72.69,0.7469,1,-1,-1
12,1,-6.45,732.20,52.89,106.60,0.5039,1,-1,-1
12,2,1784.63,355.25,34.32,84.97,0.3495,1,-1,-1
12,3,-1.42,645.85,68.27,105.46,0.2147,1,-1,-1
12,4,1615.40,191.25,20.39,39.02,0.4620,1,-1,-1
12,5,806.02,363.25,22.91,61.12,0.6505,1,-1,-1
12,6,784.55,354.23,18.23,58.28,0.6433,1,-1,-1
12,8,697.03,284.13,19.27,49.29,0.4649,1,-1,-1
12,9,847.17,235.36,16.95,43.17,0.5400,1,-1,-1
13,0,1746.79,365.50,34.94,72.23,0.7725,1,-1,-1
13,1,-7.97,737.13,51.78,107.01,0.6225,1,-1,-1
13,2,1790.54,356.91,29.26,70.96,0.5185,1,-1,-1
13,3,-3.87,649.77,67.16,104.43,0.4639,1,-1,-1
13,4,1617.66,193.53,19.38,37.06,0.4902,1,-1,-1
13,5,805.41,363.95,22.96,61.16,0.6415,1,-1,-1
13,6,783.56,355.63,19.72,62.86,0.5823,1,-1,-1
13,8,695.05,285.31,19.84,50.70,0.4912,1,-1,-1
13,9,847.26,236.14,17.05,43.42,0.5448,1,-1,-1
14,0,1749.90,366.38,35.43,73.12,0.7527,1,-1,-1
14,1,-9.64,742.09,50.57,108.07,0.4668,1,-1,-1
14,2,1795.96,357.05,27.62,66.53,0.4795,1,-1,-1
14,3,-6.51,654.87,67.59,106.63,0.2480,1,-1,-1
14,4,1619.27,194.53,19.12,36.45,0.5631,1,-1,-1
14,5,804.68,365.00,22.96,60.84,0.6610,1,-1,-1
14,6,782.28,356.78,20.17,64.00,0.6160,1,-1,-1
14,8,694.65,286.46,19.68,50.17,0.4698,1,-1,-1
14,9,847.13,237.16,17.16,43.76,0.5351,1,-1,-1
14,17,1835.46,368.54,34.42,75.76,0.4873,1,-1,-1
14,10,213.13,243.28,22.45,48.45,0.4571,1,-1,-1
15,0,1752.75,368.02,35.71,73.43,0.7178,1,-1,-1
15,2,1800.14,358.90,26.81,64.19,0.4321,1,-1,-1
15,3,-8.40,660.05,66.10,106.36,0.2720,1,-1,-1
15,4,1620.43,191.68,20.63,39.84,0.5370,1,-1,-1
15,5,804.21,366.49,22.79,60.05,0.6558,1,-1,-1
15,6,781.39,357.54,20.23,63.89,0.5917,1,-1,-1
15,8,694.48,287.28,18.94,47.97,0.5651,1,-1,-1
15,9,846.63,237.47,17.51,44.56,0.5842,1,-1,-1
15,17,1839.20,369.43,33.48,73.55,0.3868,1,-1,-1
15,10,212.66,244.46,22.36,47.52,0.2950,1,-1,-1
16,0,1755.58,370.02,35.65,73.43,0.7585,1,-1,-1
16,2,1798.24,360.93,33.61,80.76,0.4581,1,-1,-1
16,4,1622.82,194.40,19.58,37.98,0.5708,1,-1,-1
16,5,803.87,368.19,22.90,60.03,0.6142,1,-1,-1
16,6,779.93,359.12,20.19,63.33,0.5593,1,-1,-1
16,8,694.19,287.80,18.65,46.89,0.5029,1,-1,-1
16,9,846.91,238.11,17.40,43.97,0.5955,1,-1,-1
16,17,1841.67,368.51,33.70,73.83,0.1618,1,-1,-1
17,0,1757.38,371.38,35.83,73.89,0.7498,1,-1,-1
17,2,1800.00,361.89,34.94,83.87,0.5622,1,-1,-1
17,4,1624.30,194.64,19.71,38.37,0.5879,1,-1,-1
17,5,803.30,369.25,23.25,60.87,0.6215,1,-1,-1
17,6,778.35,361.50,20.15,62.67,0.6415,1,-1,-1
17,8,693.36,287.71,19.69,49.68,0.6289,1,-1,-1
17,9,847.16,239.43,17.15,43.15,0.5409,1,-1,-1
17,17,1844.36,368.11,36.18,79.38,0.3115,1,-1,-1
18,0,1760.55,372.88,35.95,74.16,0.7513,1,-1,-1
18,2,1803.24,364.63,34.53,82.64,0.6095,1,-1,-1
18,4,1625.53,194.34,19.86,38.69,0.5746,1,-1,-1
18,5,802.37,370.39,23.46,61.57,0.5917,1,-1,-1
18,6,776.93,363.13,20.26,62.63,0.6663,1,-1,-1
18,8,693.10,288.67,19.50,49.38,0.6215,1,-1,-1
18,9,847.10,239.73,17.59,44.22,0.5554,1,-1,-1
18,17,1847.68,374.44,35.53,77.60,0.3132,1,-1,-1
19,0,1763.85,375.08,35.85,73.75,0.7656,1,-1,-1
19,2,1806.63,366.18,33.08,79.15,0.4902,1,-1,-1
19,4,1627.36,196.67,18.70,36.38,0.5917,1,-1,-1
19,5,801.37,372.22,23.38,61.41,0.6343,1,-1,-1
19,6,774.86,365.69,20.64,62.85,0.6645,1,-1,-1
19,8,691.96,290.45,20.21,51.50,0.6252,1,-1,-1
19,9,847.23,240.30,17.67,44.43,0.5823,1,-1,-1
19,17,1851.11,372.16,37.97,83.40,0.4863,1,-1,-1
20,0,1766.55,376.88,35.89,73.79,0.7656,1,-1,-1
20,2,1810.57,366.91,32.82,78.04,0.5603,1,-1,-1
20,4,1628.95,197.43,18.33,35.66,0.5936,1,-1,-1
20,5,801.33,373.96,23.39,61.65,0.6469,1,-1,-1
20,6,773.96,367.02,20.76,62.69,0.5889,1,-1,-1
20,8,690.66,291.49,20.30,51.79,0.6270,1,-1,-1
20,9,847.20,241.10,17.64,44.26,0.5804,1,-1,-1
20,17,1853.45,376.32,37.80,82.96,0.6021,1,-1,-1
21,0,1770.04,378.69,35.73,73.46,0.7287,1,-1,-1
21,2,1814.12,368.26,31.12,73.69,0.6169,1,-1,-1
21,4,1630.77,196.12,19.48,38.03,0.4196,1,-1,-1
21,5,800.56,375.48,23.42,61.68,0.5917,1,-1,-1
21,6,772.70,368.61,21.04,62.86,0.6021,1,-1,-1
21,8,689.44,292.68,20.23,51.67,0.5860,1,-1,-1
21,9,847.19,241.49,17.82,44.73,0.5224,1,-1,-1
21,17,1857.10,380.05,37.46,82.04,0.6067,1,-1,-1
22,0,1772.65,380.55,36.30,74.36,0.7130,1,-1,-1
22,2,1817.11,369.11,30.11,71.37,0.5699,1,-1,-1
22,4,1632.41,197.63,19.55,38.42,0.4805,1,-1,-1
22,5,799.49,377.09,23.93,62.27,0.6114,1,-1,-1
22,6,772.14,371.61,20.77,61.47,0.6215,1,-1,-1
22,8,688.60,294.07,20.34,51.83,0.6234,1,-1,-1
22,9,847.45,241.89,17.97,44.98,0.5341,1,-1,-1
22,17,1861.26,381.20,36.70,80.18,0.5068,1,-1,-1
23,0,1775.47,381.94,36.85,75.25,0.7642,1,-1,-1
23,2,1820.55,369.90,31.60,74.54,0.5293,1,-1,-1
23,4,1633.51,197.86,19.85,39.24,0.4092,1,-1,-1
23,5,798.24,378.73,24.25,62.61,0.6280,1,-1,-1
23,6,771.32,373.38,21.07,62.02,0.6628,1,-1,-1
23,8,687.69,295.44,20.08,50.95,0.6379,1,-1,-1
23,9,847.38,242.52,18.47,45.96,0.5380,1,-1,-1
23,17,1862.60,380.01,38.81,84.69,0.5059,1,-1,-1
24,0,1778.53,382.85,37.13,76.10,0.7379,1,-1,-1
24,2,1823.82,370.45,30.53,71.49,0.6406,1,-1,-1
24,4,1635.45,199.83,19.16,37.87,0.4026,1,-1,-1
24,5,797.51,380.10,24.60,62.89,0.6619,1,-1,-1
24,6,770.59,374.11,21.26,62.37,0.6868,1,-1,-1
24,8,687.03,296.71,19.74,49.75,0.6451,1,-1,-1
24,9,847.82,243.97,18.45,45.83,0.4688,1,-1,-1
24,17,1867.66,382.09,37.97,82.88,0.5273,1,-1,-1
25,0,1781.82,384.19,37.14,76.49,0.7287,1,-1,-1
25,2,1826.58,371.31,31.02,72.56,0.6261,1,-1,-1
25,5,797.29,381.31,24.97,63.75,0.6715,1,-1,-1
25,6,770.28,375.64,21.16,61.96,0.6800,1,-1,-1
25,8,686.04,298.03,20.06,50.31,0.6540,1,-1,-1
25,9,849.04,247.10,17.74,44.02,0.4591,1,-1,-1
25,17,1873.28,384.71,36.55,79.95,0.4045,1,-1,-1
26,0,1787.63,386.67,36.30,74.70,0.7303,1,-1,-1
26,2,1832.96,375.32,29.36,68.68,0.4639,1,-1,-1
26,5,798.67,382.68,25.12,63.78,0.6397,1,-1,-1
26,6,770.25,377.18,21.42,62.40,0.6654,1,-1,-1
26,8,686.42,298.77,20.04,50.12,0.6487,1,-1,-1
26,9,849.69,247.80,17.87,43.68,0.4216,1,-1,-1
26,17,1880.67,388.29,32.87,71.88,0.4026,1,-1,-1
27,0,1798.32,388.74,36.09,74.29,0.6114,1,-1,-1
27,5,803.40,383.22,25.86,64.72,0.3337,1,-1,-1
27,6,772.35,377.64,21.93,62.98,0.4863,1,-1,-1
27,17,1886.54,378.87,36.00,80.70,0.1200,1,-1,-1
34,27,883.90,393.27,28.93,65.44,0.6976,1,-1,-1
34,28,853.46,386.87,23.31,64.97,0.6011,1,-1,-1
34,29,774.74,303.00,22.83,55.57,0.6270,1,-1,-1
35,27,884.46,394.90,28.63,64.78,0.7074,1,-1,-1
35,28,853.47,388.70,23.26,64.84,0.6732,1,-1,-1
35,29,775.05,304.93,22.58,55.04,0.6732,1,-1,-1
36,27,884.92,397.14,27.76,62.91,0.7098,1,-1,-1
36,28,853.22,390.43,23.33,65.16,0.7082,1,-1,-1
36,29,774.52,305.91,23.14,56.53,0.6868,1,-1,-1
36,30,950.27,255.31,19.93,45.46,0.6086,1,-1,-1
37,27,883.51,398.91,28.12,63.78,0.6968,1,-1,-1
37,28,853.05,391.99,23.29,65.14,0.6783,1,-1,-1
37,29,774.31,307.66,22.92,56.15,0.6697,1,-1,-1
37,30,951.09,256.82,19.68,44.85,0.6680,1,-1,-1
38,27,883.04,400.83,28.34,64.39,0.6723,1,-1,-1
38,28,852.96,394.89,23.03,64.51,0.6610,1,-1,-1
38,29,773.67,309.19,22.83,56.09,0.6732,1,-1,-1
38,30,951.57,257.90,19.73,44.97,0.6680,1,-1,-1
39,27,882.62,402.91,28.18,64.18,0.6478,1,-1,-1
39,28,851.25,396.52,23.32,65.32,0.6433,1,-1,-1
39,29,772.58,310.04,23.10,56.90,0.6645,1,-1,-1
39,30,951.48,257.66,20.28,46.23,0.6379,1,-1,-1
40,27,881.52,404.65,28.43,64.99,0.6343,1,-1,-1
40,28,849.88,398.17,23.16,64.94,0.6451,1,-1,-1
40,29,771.64,312.42,22.52,55.55,0.6379,1,-1,-1
40,30,952.36,259.09,19.59,44.63,0.5993,1,-1,-1
41,27,880.87,406.10,28.59,65.40,0.6352,1,-1,-1
41,28,848.31,399.96,23.15,65.09,0.6732,1,-1,-1
41,29,771.16,312.80,22.83,56.53,0.6602,1,-1,-1
41,30,952.73,260.45,19.71,44.89,0.5823,1,-1,-1
42,27,879.98,407.28,28.85,66.12,0.6514,1,-1,-1
42,28,847.42,402.45,23.04,64.80,0.6918,1,-1,-1
42,29,770.35,313.58,22.79,56.61,0.7001,1,-1,-1
42,30,953.47,261.60,19.51,44.46,0.5458,1,-1,-1
43,27,879.11,408.38,28.94,66.37,0.6809,1,-1,-1
43,28,846.58,404.42,22.95,64.69,0.7066,1,-1,-1
43,29,769.38,314.41,22.71,56.56,0.6851,1,-1,-1
43,30,954.79,262.76,19.32,44.12,0.5804,1,-1,-1
44,27,878.35,410.26,28.85,66.03,0.6540,1,-1,-1
44,28,845.99,406.32,22.94,64.94,0.6540,1,-1,-1
44,29,768.32,314.99,22.92,57.25,0.6415,1,-1,-1
44,30,955.41,263.45,20.18,46.24,0.5651,1,-1,-1
45,27,878.28,412.48,28.41,65.10,0.6558,1,-1,-1
45,28,845.05,407.89,22.89,65.14,0.6361,1,-1,-1
45,29,767.30,316.30,23.11,57.89,0.6197,1,-1,-1
45,30,956.15,264.39,20.21,46.79,0.4990,1,-1,-1
45,32,428.64,609.87,24.77,52.08,0.5049,1,-1,-1
46,27,878.94,413.74,28.78,65.92,0.6628,1,-1,-1
46,28,845.30,408.44,23.25,66.47,0.6732,1,-1,-1
46,29,767.28,317.87,22.75,57.25,0.6343,1,-1,-1
46,30,956.86,265.75,20.51,47.25,0.5603,1,-1,-1
46,32,427.03,613.51,26.54,55.77,0.3303,1,-1,-1
47,27,881.21,415.85,29.05,66.56,0.4834,1,-1,-1
47,28,846.79,410.11,23.66,67.78,0.6067,1,-1,-1
47,29,769.34,318.88,23.07,57.43,0.5137,1,-1,-1
47,30,960.77,267.08,20.76,47.59,0.3905,1,-1,-1
47,32,427.87,616.75,26.14,54.73,0.3149,1,-1,-1
48,34,1369.03,22.11,39.17,39.70,0.5708,4,-1,-1
52,35,901.61,419.69,25.35,65.69,0.6011,1,-1,-1
53,35,904.68,421.44,26.00,67.56,0.6860,1,-1,-1
53,36,941.49,426.87,28.94,69.10,0.5898,1,-1,-1
54,35,906.74,422.85,26.62,69.46,0.6602,1,-1,-1
54,36,943.67,428.51,28.31,67.54,0.6142,1,-1,-1
54,37,831.52,326.46,23.70,57.13,0.6628,1,-1,-1
55,35,907.53,424.64,26.59,69.78,0.6758,1,-1,-1
55,36,942.57,429.85,28.50,67.74,0.6487,1,-1,-1
55,37,831.42,327.05,24.07,58.05,0.6817,1,-1,-1
55,38,611.10,193.76,99.58,40.29,0.5670,4,-1,-1
56,35,907.46,426.15,26.48,69.90,0.6558,1,-1,-1
56,36,941.55,431.36,29.31,69.41,0.6343,1,-1,-1
56,37,831.08,329.22,23.81,57.44,0.6817,1,-1,-1
56,38,613.32,195.20,96.71,39.11,0.4581,4,-1,-1
57,35,907.27,428.66,25.96,68.83,0.6654,1,-1,-1
57,36,940.96,433.36,29.57,69.82,0.5832,1,-1,-1
57,37,830.27,330.11,23.79,57.34,0.6680,1,-1,-1
57,38,610.42,194.60,99.47,40.23,0.2798,4,-1,-1
58,35,906.95,430.46,25.99,69.42,0.6697,1,-1,-1
58,36,940.43,434.72,30.09,71.06,0.5889,1,-1,-1
58,37,829.68,330.55,24.05,58.02,0.6749,1,-1,-1
58,38,610.60,194.76,100.09,40.53,0.3711,4,-1,-1
59,35,906.11,431.96,25.91,69.72,0.6843,1,-1,-1
59,36,940.36,436.80,29.72,69.98,0.6289,1,-1,-1
59,37,829.21,331.73,23.97,57.92,0.7162,1,-1,-1
59,38,607.41,194.78,102.29,41.47,0.4912,4,-1,-1
59,40,1035.22,280.93,23.53,48.35,0.5390,1,-1,-1
60,35,905.40,433.64,25.78,70.02,0.6960,1,-1,-1
60,36,939.16,437.87,30.36,71.04,0.6809,1,-1,-1
60,37,828.71,333.44,23.85,57.72,0.6968,1,-1,-1
60,38,606.41,195.58,102.41,41.51,0.3821,4,-1,-1
60,40,1036.01,282.77,22.99,47.26,0.5564,1,-1,-1
61,35,905.71,436.08,25.61,70.11,0.6993,1,-1,-1
61,36,940.58,440.74,30.33,70.86,0.6433,1,-1,-1
61,37,829.02,334.88,23.89,58.09,0.6575,1,-1,-1
61,38,605.99,195.32,105.15,42.76,0.1999,4,-1,-1
61,40,1037.06,283.92,22.60,46.55,0.4971,1,-1,-1
62,35,908.29,437.37,25.62,70.37,0.6540,1,-1,-1
62,36,943.53,442.79,30.18,70.38,0.5746,1,-1,-1
62,37,831.50,336.51,23.84,57.98,0.6451,1,-1,-1
62,40,1040.29,284.51,23.78,49.09,0.5746,1,-1,-1
63,35,911.57,440.04,25.31,69.76,0.6885,1,-1,-1
63,36,948.11,444.56,30.42,70.38,0.6645,1,-1,-1
63,37,835.16,337.31,23.35,56.90,0.5137,1,-1,-1
64,35,914.61,441.68,25.25,70.14,0.6442,1,-1,-1
64,36,951.03,446.52,30.61,71.01,0.6197,1,-1,-1
64,37,838.56,337.63,23.86,58.48,0.6885,1,-1,-1
65,35,917.42,444.17,24.96,69.61,0.6740,1,-1,-1
65,36,953.60,448.23,30.63,71.07,0.5823,1,-1,-1
65,37,840.90,337.92,24.11,59.28,0.6885,1,-1,-1
65,40,1051.94,285.89,26.20,54.44,0.5746,1,-1,-1
66,35,918.59,446.04,24.98,69.73,0.7122,1,-1,-1
66,36,953.62,450.09,30.97,71.58,0.6325,1,-1,-1
66,37,841.85,339.01,24.31,59.87,0.6628,1,-1,-1
66,40,1054.02,285.57,26.50,55.17,0.6558,1,-1,-1
67,35,918.97,447.90,24.91,69.51,0.7280,1,-1,-1
67,36,954.98,452.48,31.07,71.70,0.6505,1,-1,-1
67,37,842.27,340.57,23.99,59.29,0.6602,1,-1,-1
67,40,1055.10,286.42,26.36,54.99,0.6935,1,-1,-1
68,35,918.84,449.60,24.75,69.41,0.6943,1,-1,-1
68,36,954.33,453.80,31.52,72.55,0.6067,1,-1,-1
68,37,841.82,341.92,23.90,59.36,0.6775,1,-1,-1
68,40,1055.39,287.05,26.78,55.96,0.7017,1,-1,-1
69,35,918.20,450.93,24.82,70.40,0.7001,1,-1,-1
69,36,954.06,455.14,31.66,72.78,0.6352,1,-1,-1
69,37,841.37,343.29,23.86,59.64,0.6740,1,-1,-1
69,40,1055.61,287.42,26.92,56.38,0.7017,1,-1,-1
70,35,917.13,452.51,25.06,71.20,0.6766,1,-1,-1
70,36,953.58,457.14,31.81,72.89,0.6370,1,-1,-1
70,37,840.65,344.62,23.86,59.88,0.6826,1,-1,-1
70,40,1055.65,287.98,26.95,56.44,0.7194,1,-1,-1
70,42,1211.95,469.76,34.36,78.97,0.5254,1,-1,-1
71,35,916.14,454.21,25.20,71.87,0.6469,1,-1,-1
71,36,953.22,458.41,32.18,73.74,0.6243,1,-1,-1
71,37,839.81,345.49,23.79,60.07,0.6723,1,-1,-1
71,40,1055.38,288.53,26.85,56.23,0.6885,1,-1,-1
71,42,1212.47,471.29,33.92,77.93,0.6610,1,-1,-1
72,35,914.91,455.14,25.28,72.38,0.6522,1,-1,-1
72,36,951.72,459.87,32.56,74.37,0.6654,1,-1,-1
72,37,839.07,346.02,23.66,60.35,0.6758,1,-1,-1
72,40,1055.20,288.70,26.67,55.76,0.6663,1,-1,-1
72,42,1213.49,473.83,33.02,75.84,0.6584,1,-1,-1
73,35,913.68,457.12,25.40,72.89,0.6766,1,-1,-1
73,36,950.58,461.81,32.81,74.51,0.6732,1,-1,-1
73,37,838.19,346.16,23.69,61.21,0.6567,1,-1,-1
73,40,1054.80,288.90,26.36,55.07,0.6397,1,-1,-1
73,42,1214.02,475.83,32.40,74.18,0.3460,1,-1,-1
73,43,527.91,193.99,16.15,33.56,0.5078,1,-1,-1
74,35,912.79,459.08,25.34,73.02,0.7556,1,-1,-1
74,36,949.55,463.61,32.85,74.59,0.6876,1,-1,-1
74,37,837.54,348.13,23.15,60.28,0.6637,1,-1,-1
74,40,1054.62,288.83,26.63,55.73,0.6160,1,-1,-1
74,42,1213.70,476.73,33.14,75.72,0.5908,1,-1,-1
74,43,527.14,193.59,16.26,33.76,0.4785,1,-1,-1
75,35,912.01,460.33,25.45,73.42,0.7318,1,-1,-1
75,36,949.48,465.08,32.99,74.53,0.6505,1,-1,-1
75,37,836.51,350.09,22.97,60.12,0.6289,1,-1,-1
75,40,1054.20,289.36,26.73,56.10,0.6868,1,-1,-1
75,42,1213.23,478.08,33.92,77.25,0.4206,1,-1,-1
75,43,526.35,193.64,16.46,34.05,0.4064,1,-1,-1
76,35,911.38,462.08,25.40,73.13,0.7318,1,-1,-1
76,36,948.51,466.82,32.88,74.52,0.6243,1,-1,-1
76,37,836.19,351.79,22.68,59.61,0.6540,1,-1,-1
76,40,1054.07,289.96,26.83,56.74,0.6697,1,-1,-1
76,42,1213.69,480.24,34.03,77.47,0.5622,1,-1,-1
76,43,525.37,193.71,17.07,35.23,0.4397,1,-1,-1
77,35,911.08,463.99,25.53,73.42,0.6706,1,-1,-1
77,36,947.62,468.75,33.19,75.52,0.6496,1,-1,-1
77,37,835.25,353.06,22.39,58.80,0.6433,1,-1,-1
77,40,1054.09,290.63,26.71,57.11,0.6901,1,-1,-1
77,42,1214.43,481.60,34.41,78.39,0.5293,1,-1,-1
77,43,524.87,193.52,17.33,35.54,0.4610,1,-1,-1
77,44,768.35,382.24,24.96,70.36,0.5936,1,-1,-1
78,35,909.91,465.83,25.69,73.67,0.6817,1,-1,-1
78,36,947.62,471.28,33.19,75.47,0.7017,1,-1,-1
78,37,833.40,353.30,22.61,59.17,0.6469,1,-1,-1
78,40,1054.08,291.24,26.67,57.58,0.6968,1,-1,-1
78,42,1215.32,483.29,34.16,77.84,0.6671,1,-1,-1
78,43,524.31,194.45,17.30,35.19,0.4292,1,-1,-1
78,44,767.91,382.12,25.35,71.61,0.5419,1,-1,-1
79,35,908.43,467.95,25.72,73.53,0.6951,1,-1,-1
79,36,948.21,473.56,32.82,74.97,0.6885,1,-1,-1
79,37,832.40,354.75,21.94,57.03,0.6067,1,-1,-1
79,40,1054.51,292.00,25.95,56.51,0.6361,1,-1,-1
79,42,1215.76,485.68,34.62,78.96,0.6370,1,-1,-1
79,43,524.16,195.51,16.84,33.93,0.4244,1,-1,-1
79,44,765.39,384.57,24.48,69.10,0.5263,1,-1,-1
80,35,907.52,469.51,26.12,74.36,0.7387,1,-1,-1
80,36,948.42,475.43,31.69,73.21,0.6397,1,-1,-1
80,37,830.99,356.84,22.15,57.29,0.6289,1,-1,-1
80,40,1054.82,292.89,25.13,55.29,0.6197,1,-1,-1
80,42,1216.38,488.18,34.28,78.26,0.6766,1,-1,-1
80,43,524.22,196.01,16.31,32.72,0.4121,1,-1,-1
80,44,763.87,387.01,24.32,68.64,0.6011,1,-1,-1
81,35,906.10,471.13,26.49,75.26,0.7170,1,-1,-1
81,36,946.93,477.44,32.78,75.85,0.6352,1,-1,-1
81,37,829.75,358.60,22.46,57.94,0.6680,1,-1,-1
81,40,1054.38,293.42,25.26,56.20,0.6343,1,-1,-1
81,42,1217.16,489.89,34.40,78.98,0.6343,1,-1,-1
81,43,523.72,195.46,16.85,33.84,0.4436,1,-1,-1
81,44,762.85,388.47,23.90,67.49,0.5195,1,-1,-1
82,35,906.10,473.63,26.23,74.67,0.6901,1,-1,-1
82,36,946.33,479.56,32.66,76.14,0.6343,1,-1,-1
82,37,828.75,359.61,22.83,58.43,0.6645,1,-1,-1
82,40,1054.03,294.37,25.40,57.13,0.6179,1,-1,-1
82,42,1218.42,493.40,33.54,77.30,0.5166,1,-1,-1
82,43,523.56,195.49,16.79,33.84,0.5107,1,-1,-1
82,44,760.59,391.19,24.46,68.74,0.5496,1,-1,-1
83,35,905.64,475.93,26.48,75.33,0.6628,1,-1,-1
83,36,945.92,482.41,32.59,76.07,0.6610,1,-1,-1
83,37,827.72,360.70,23.32,59.33,0.6663,1,-1,-1
83,40,1053.72,295.18,25.61,58.40,0.6142,1,-1,-1
83,42,1219.06,495.84,33.70,77.96,0.6514,1,-1,-1
83,43,523.42,195.44,16.95,34.19,0.5039,1,-1,-1
83,44,759.46,393.51,24.10,67.78,0.5506,1,-1,-1
84,35,905.02,478.61,26.34,74.68,0.6540,1,-1,-1
84,36,946.51,484.79,31.56,74.39,0.6505,1,-1,-1
84,37,826.95,362.27,23.47,59.29,0.6487,1,-1,-1
84,40,1053.49,296.15,25.60,59.21,0.6197,1,-1,-1
84,42,1218.64,498.39,34.39,79.39,0.5020,1,-1,-1
84,43,523.35,196.34,16.82,33.91,0.4873,1,-1,-1
84,44,758.19,395.31,24.02,67.87,0.6361,1,-1,-1
85,35,904.15,481.49,26.36,74.79,0.6610,1,-1,-1
85,36,945.97,487.56,31.05,73.58,0.6160,1,-1,-1
85,37,826.52,364.68,23.60,59.07,0.6800,1,-1,-1
85,40,1053.53,297.42,25.20,58.89,0.6505,1,-1,-1
85,42,1217.99,500.33,35.52,81.69,0.6298,1,-1,-1
85,43,522.20,195.46,17.79,36.04,0.5312,1,-1,-1
85,44,757.36,396.66,24.13,68.21,0.6715,1,-1,-1
86,35,902.92,483.79,26.50,75.19,0.7001,1,-1,-1
86,36,945.32,490.32,31.13,74.11,0.6487,1,-1,-1
86,37,826.17,367.05,24.00,59.71,0.6343,1,-1,-1
86,40,1053.50,298.76,24.66,58.25,0.6325,1,-1,-1
86,42,1218.80,502.55,35.88,82.32,0.6388,1,-1,-1
86,43,521.50,194.46,18.44,37.79,0.5823,1,-1,-1
86,44,756.17,398.75,24.46,69.21,0.6451,1,-1,-1
87,35,902.09,486.35,26.73,75.70,0.6783,1,-1,-1
87,36,944.48,493.38,31.50,74.94,0.6663,1,-1,-1
87,37,825.15,369.33,24.05,59.16,0.6451,1,-1,-1
87,40,1053.57,299.69,24.46,58.39,0.6252,1,-1,-1
87,42,1220.38,505.91,35.76,82.53,0.6225,1,-1,-1
87,43,521.10,195.09,18.27,37.64,0.5879,1,-1,-1
87,44,754.66,400.92,24.33,68.52,0.6067,1,-1,-1
88,35,901.03,488.76,26.87,76.11,0.6935,1,-1,-1
88,36,944.74,495.88,31.07,73.92,0.6935,1,-1,-1
88,37,824.15,371.30,25.08,61.43,0.6645,1,-1,-1
88,40,1053.41,300.48,24.11,58.24,0.6067,1,-1,-1
88,42,1221.59,509.36,35.02,80.71,0.6343,1,-1,-1
88,43,521.09,196.81,17.56,36.31,0.5765,1,-1,-1
88,44,753.24,403.71,24.34,68.29,0.6215,1,-1,-1
89,35,900.71,491.94,26.69,76.04,0.7256,1,-1,-1
89,36,944.20,498.59,30.92,73.52,0.6307,1,-1,-1
89,37,824.09,373.71,24.73,60.49,0.6415,1,-1,-1
89,40,1053.41,302.06,23.43,56.92,0.6379,1,-1,-1
89,42,1221.86,512.40,35.28,81.13,0.7318,1,-1,-1
89,43,520.80,197.58,17.45,36.19,0.5651,1,-1,-1
89,44,752.87,406.87,24.12,67.05,0.5860,1,-1,-1
90,35,900.24,494.65,26.38,75.54,0.7050,1,-1,-1
90,36,943.01,501.12,31.41,74.71,0.6680,1,-1,-1
90,37,824.06,375.50,24.54,59.41,0.6197,1,-1,-1
90,40,1053.72,303.21,22.33,54.52,0.6270,1,-1,-1
90,42,1223.05,515.32,35.21,81.44,0.7050,1,-1,-1
90,43,519.90,197.84,17.99,37.54,0.5784,1,-1,-1
90,44,752.14,408.92,24.60,67.38,0.6388,1,-1,-1
91,35,899.24,497.03,26.32,75.51,0.7001,1,-1,-1
91,36,941.60,503.71,31.98,75.99,0.6252,1,-1,-1
91,37,823.98,377.23,23.95,57.38,0.6234,1,-1,-1
91,40,1053.93,305.15,21.77,53.42,0.6343,1,-1,-1
91,42,1224.41,519.05,34.39,79.89,0.6234,1,-1,-1
91,43,519.75,199.71,17.44,36.58,0.5254,1,-1,-1
91,44,751.05,410.45,24.43,66.35,0.6252,1,-1,-1
92,35,898.56,499.61,26.44,75.99,0.6885,1,-1,-1
92,36,938.34,506.43,33.18,77.90,0.6243,1,-1,-1
92,37,823.73,378.46,24.19,57.67,0.6379,1,-1,-1
92,40,1053.67,306.24,22.07,54.64,0.6469,1,-1,-1
92,42,1224.50,522.42,35.09,81.32,0.6298,1,-1,-1
92,43,519.70,200.83,17.35,36.57,0.5593,1,-1,-1
92,44,749.38,412.34,25.43,68.46,0.6514,1,-1,-1
93,35,897.85,502.31,26.51,76.03,0.6800,1,-1,-1
93,36,936.75,508.64,34.08,79.13,0.6792,1,-1,-1
93,37,822.24,380.30,24.99,58.82,0.6179,1,-1,-1
93,40,1053.34,307.23,22.10,55.17,0.6325,1,-1,-1
93,42,1224.65,524.98,35.75,82.47,0.5983,1,-1,-1
93,43,519.44,200.26,17.78,37.70,0.5689,1,-1,-1
93,44,747.27,413.99,26.28,69.96,0.6792,1,-1,-1
93,52,1348.14,432.59,34.40,85.96,0.4668,1,-1,-1
93,53,1423.71,199.90,18.56,41.85,0.5254,1,-1,-1
94,35,896.63,505.09,26.81,76.62,0.7303,1,-1,-1
94,36,935.34,510.66,34.96,80.56,0.7432,1,-1,-1
94,37,821.17,382.20,24.86,57.33,0.5746,1,-1,-1
94,40,1052.95,308.35,22.20,55.96,0.6361,1,-1,-1
94,42,1225.19,528.56,36.19,83.59,0.6567,1,-1,-1
94,43,519.14,201.13,17.84,37.90,0.5283,1,-1,-1
94,44,745.18,416.34,26.60,70.60,0.6976,1,-1,-1
94,52,1349.71,435.84,33.38,83.36,0.4225,1,-1,-1
94,53,1424.24,199.24,18.95,42.74,0.2798,1,-1,-1
95,35,895.88,507.15,26.87,76.80,0.7114,1,-1,-1
95,36,935.57,513.03,34.86,79.90,0.7186,1,-1,-1
95,37,820.98,383.88,25.84,59.40,0.5946,1,-1,-1
95,40,1052.86,309.54,21.47,54.35,0.6522,1,-1,-1
95,42,1226.90,531.07,35.66,82.51,0.6935,1,-1,-1
95,43,518.56,201.23,18.51,39.60,0.5765,1,-1,-1
95,44,743.25,418.38,26.79,71.26,0.6860,1,-1,-1
95,52,1351.81,437.38,30.89,77.00,0.4130,1,-1,-1
95,53,1424.67,198.19,19.57,44.17,0.2227,1,-1,-1
96,35,895.03,508.76,27.13,77.96,0.6783,1,-1,-1
96,36,934.76,516.12,35.34,80.27,0.6926,1,-1,-1
96,37,819.91,384.63,26.46,60.42,0.5794,1,-1,-1
96,40,1052.09,309.85,22.13,56.34,0.6901,1,-1,-1
96,42,1226.64,533.43,36.45,83.93,0.7256,1,-1,-1
96,43,518.56,201.99,17.98,38.56,0.5631,1,-1,-1
96,44,742.24,419.92,26.71,70.73,0.6834,1,-1,-1
96,52,1353.22,437.38,29.78,74.05,0.5631,1,-1,-1
96,53,1424.63,194.60,21.20,48.02,0.3166,1,-1,-1
97,35,894.46,510.63,27.35,79.12,0.6575,1,-1,-1
97,36,933.60,518.09,35.98,80.74,0.6637,1,-1,-1
97,37,818.76,384.85,26.64,60.09,0.5813,1,-1,-1
97,40,1051.73,310.31,22.20,56.80,0.6800,1,-1,-1
97,42,1226.90,534.51,37.27,85.12,0.6749,1,-1,-1
97,43,518.40,201.88,17.75,38.50,0.5842,1,-1,-1
97,44,741.61,420.83,26.85,70.59,0.6610,1,-1,-1
97,52,1353.91,439.53,30.40,75.65,0.6179,1,-1,-1
97,53,1425.85,195.38,20.40,46.28,0.3277,1,-1,-1
98,35,893.89,512.05,27.23,78.82,0.6514,1,-1,-1
98,36,933.22,519.15,36.45,81.21,0.7009,1,-1,-1
98,37,818.31,384.86,27.10,61.06,0.6602,1,-1,-1
98,40,1051.44,309.75,22.32,57.32,0.6834,1,-1,-1
98,42,1228.02,535.77,37.98,86.52,0.6834,1,-1,-1
98,43,517.93,200.31,18.50,40.71,0.5146,1,-1,-1
98,44,740.52,421.61,27.09,70.58,0.6749,1,-1,-1
98,52,1354.87,440.79,29.43,73.02,0.5936,1,-1,-1
98,53,1425.74,188.39,22.45,51.33,0.2613,1,-1,-1
99,35,893.40,513.03,27.07,78.38,0.6706,1,-1,-1
99,36,933.15,519.94,36.59,81.21,0.7122,1,-1,-1
99,37,818.90,384.61,26.77,60.44,0.6619,1,-1,-1
99,40,1051.37,308.55,22.42,57.71,0.6715,1,-1,-1
99,42,1228.43,536.17,38.73,87.71,0.6783,1,-1,-1
99,43,518.42,199.39,16.56,36.46,0.4668,1,-1,-1
99,44,739.98,421.94,27.47,70.49,0.6984,1,-1,-1
99,52,1355.16,441.20,30.09,74.66,0.5689,1,-1,-1
99,53,1426.36,185.29,22.83,52.70,0.1192,1,-1,-1
100,35,892.79,512.90,27.21,78.99,0.6876,1,-1,-1
100,36,933.44,520.28,36.75,81.35,0.7202,1,-1,-1
100,37,818.83,382.94,27.10,60.88,0.6663,1,-1,-1
100,40,1051.41,306.27,23.08,59.63,0.6715,1,-1,-1
100,42,1229.83,537.14,38.38,86.57,0.6105,1,-1,-1
100,43,518.47,196.64,17.09,37.67,0.4951,1,-1,-1
100,44,739.00,421.97,27.56,69.70,0.7287,1,-1,-1
100,52,1355.85,440.38,29.60,72.84,0.4513,1,-1,-1
101,35,892.21,512.20,27.42,79.67,0.6993,1,-1,-1
101,36,933.16,520.08,37.02,81.79,0.7264,1,-1,-1
101,37,818.73,381.50,27.09,60.90,0.6169,1,-1,-1
101,40,1051.01,304.22,23.76,61.24,0.6270,1,-1,-1
101,42,1230.14,536.35,38.99,87.71,0.6851,1,-1,-1
101,43,518.69,194.29,16.79,36.71,0.5215,1,-1,-1
101,44,737.92,421.25,27.88,69.55,0.7098,1,-1,-1
101,52,1355.83,439.30,30.69,75.24,0.4668,1,-1,-1
101,55,985.97,277.90,18.06,48.96,0.5409,1,-1,-1
102,35,891.22,511.23,27.72,80.43,0.7009,1,-1,-1
102,36,932.62,519.64,37.77,83.32,0.7233,1,-1,-1
102,37,817.42,378.77,28.35,63.95,0.6993,1,-1,-1
102,40,1050.06,302.29,24.56,62.80,0.6049,1,-1,-1
102,42,1230.46,536.00,39.39,88.30,0.7264,1,-1,-1
102,43,518.18,192.18,16.60,35.98,0.5631,1,-1,-1
102,44,736.61,419.17,28.74,71.03,0.7241,1,-1,-1
102,52,1356.08,438.81,32.04,78.54,0.6361,1,-1,-1
102,55,985.62,275.38,18.36,49.70,0.5487,1,-1,-1
102,53,1430.61,186.44,18.74,43.35,0.4523,1,-1,-1
103,35,890.65,510.07,27.97,81.11,0.6960,1,-1,-1
103,36,931.99,519.06,38.01,83.74,0.7154,1,-1,-1
103,37,816.59,376.51,28.35,64.80,0.7009,1,-1,-1
103,40,1049.97,300.00,23.69,60.34,0.6234,1,-1,-1
103,42,1231.48,536.58,39.37,87.61,0.7264,1,-1,-1
103,43,517.15,188.66,16.86,36.56,0.4591,1,-1,-1
103,44,736.48,417.44,28.64,69.97,0.7379,1,-1,-1
103,52,1357.21,438.33,32.14,78.94,0.6030,1,-1,-1
103,55,985.24,270.20,18.60,50.38,0.4455,1,-1,-1
103,53,1432.04,186.72,17.05,39.51,0.4922,1,-1,-1
104,35,889.53,509.39,27.80,80.81,0.7009,1,-1,-1
104,36,932.33,517.76,37.77,83.64,0.7241,1,-1,-1
104,37,815.94,373.49,28.58,65.83,0.6868,1,-1,-1
104,40,1050.00,295.99,24.08,60.90,0.6505,1,-1,-1
104,42,1232.89,535.87,39.42,87.13,0.7372,1,-1,-1
104,43,516.03,183.69,17.48,37.85,0.6142,1,-1,-1
104,44,735.98,414.61,29.45,71.29,0.7001,1,-1,-1
104,52,1358.13,435.30,33.51,82.85,0.5670,1,-1,-1
104,55,984.87,267.07,19.74,53.56,0.5039,1,-1,-1
104,53,1433.33,179.60,18.37,42.74,0.3942,1,-1,-1
105,35,888.59,508.21,27.51,80.35,0.6893,1,-1,-1
105,36,932.41,516.31,37.68,84.05,0.7017,1,-1,-1
105,37,816.28,371.22,28.17,65.62,0.6671,1,-1,-1
105,40,1049.52,292.06,25.02,62.96,0.6433,1,-1,-1
105,42,1233.74,534.49,39.51,87.21,0.7017,1,-1,-1
105,43,516.25,181.30,16.02,34.30,0.4196,1,-1,-1
105,44,734.78,411.77,29.70,71.38,0.5842,1,-1,-1
105,52,1358.69,432.95,34.50,85.44,0.5361,1,-1,-1
105,55,985.07,263.62,19.17,51.90,0.5215,1,-1,-1
105,53,1434.59,175.21,18.60,43.25,0.4600,1,-1,-1
106,35,887.76,505.86,27.81,81.08,0.7303,1,-1,-1
106,36,931.68,514.14,37.97,84.87,0.7082,1,-1,-1
106,37,815.52,367.68,29.03,68.17,0.6706,1,-1,-1
106,40,1049.57,288.59,25.11,63.08,0.6584,1,-1,-1
106,42,1234.18,533.09,39.83,87.51,0.7090,1,-1,-1
106,43,514.78,175.42,17.15,36.94,0.4311,1,-1,-1
106,44,734.56,408.97,29.97,71.21,0.5784,1,-1,-1
106,52,1359.92,429.92,34.85,86.53,0.4815,1,-1,-1
106,55,984.68,258.53,18.57,50.37,0.4562,1,-1,-1
106,53,1435.66,173.64,17.79,41.01,0.2628,1,-1,-1
107,35,886.76,502.65,28.17,82.58,0.7178,1,-1,-1
107,36,931.51,510.84,38.14,86.05,0.6885,1,-1,-1
107,37,814.74,363.56,29.58,69.99,0.6575,1,-1,-1
107,40,1049.81,284.03,25.35,63.74,0.6558,1,-1,-1
107,42,1235.43,531.92,39.64,87.08,0.7341,1,-1,-1
107,43,514.04,171.14,17.54,38.03,0.5068,1,-1,-1
107,44,733.07,404.99,30.80,72.72,0.4282,1,-1,-1
107,52,1361.86,426.88,34.17,85.51,0.5993,1,-1,-1
107,55,985.31,253.43,17.82,48.05,0.4388,1,-1,-1
107,53,1435.99,161.95,20.33,47.31,0.2720,1,-1,-1
108,35,886.24,499.94,28.06,82.58,0.6918,1,-1,-1
108,36,931.48,508.64,38.08,86.32,0.6522,1,-1,-1
108,37,813.88,360.49,29.40,70.60,0.6540,1,-1,-1
108,40,1049.88,279.49,25.36,63.75,0.6406,1,-1,-1
108,42,1236.37,530.38,39.41,86.61,0.7372,1,-1,-1
108,43,513.29,165.17,17.62,38.70,0.2894,1,-1,-1
108,44,731.78,400.45,31.99,74.98,0.5185,1,-1,-1
108,52,1363.51,423.18,34.21,86.04,0.6567,1,-1,-1
108,55,984.81,249.81,17.97,48.19,0.4359,1,-1,-1
108,53,1436.67,151.88,22.18,51.98,0.5535,1,-1,-1
108,59,40.64,313.11,27.40,58.99,0.4980,1,-1,-1
109,35,885.46,496.91,28.05,82.60,0.6943,1,-1,-1
109,36,930.52,505.50,37.56,84.78,0.6766,1,-1,-1
109,37,813.78,356.04,29.32,71.14,0.7017,1,-1,-1
109,40,1049.89,274.55,25.50,64.07,0.6487,1,-1,-1
109,42,1236.63,528.09,39.73,87.05,0.7170,1,-1,-1
109,43,512.01,159.00,17.91,39.61,0.2180,1,-1,-1
109,44,730.65,396.89,32.19,75.42,0.5689,1,-1,-1
109,52,1364.82,420.55,33.71,85.28,0.6860,1,-1,-1
109,55,984.06,244.02,19.62,52.43,0.5458,1,-1,-1
109,53,1437.55,143.61,23.25,54.91,0.5936,1,-1,-1
109,59,35.99,309.05,27.43,59.16,0.3970,1,-1,-1
110,35,884.82,493.92,28.11,83.12,0.6943,1,-1,-1
110,36,930.64,502.75,37.15,83.56,0.7017,1,-1,-1
110,37,813.92,351.26,28.68,70.50,0.7162,1,-1,-1
110,40,1050.05,269.16,25.33,63.44,0.7001,1,-1,-1
110,42,1238.11,525.40,39.60,86.84,0.7476,1,-1,-1
110,44,729.82,394.01,31.93,74.70,0.3217,1,-1,-1
110,52,1366.62,415.95,33.78,86.14,0.5870,1,-1,-1
110,55,983.87,239.24,20.51,54.61,0.5205,1,-1,-1
110,53,1438.30,138.59,23.14,54.57,0.1009,1,-1,-1
110,59,30.65,303.46,26.56,57.34,0.2728,1,-1,-1
111,35,884.03,490.26,28.42,84.44,0.6935,1,-1,-1
111,36,929.73,500.28,37.28,83.98,0.6976,1,-1,-1
111,37,813.30,347.22,28.78,71.79,0.6663,1,-1,-1
111,40,1050.76,264.43,25.55,64.33,0.6567,1,-1,-1
111,42,1239.02,522.89,39.76,87.36,0.7280,1,-1,-1
111,44,727.54,387.87,33.38,78.72,0.4746,1,-1,-1
111,52,1367.77,412.98,31.81,81.03,0.3208,1,-1,-1
111,55,983.83,232.79,19.66,51.99,0.3355,1,-1,-1
111,59,26.98,299.13,25.86,55.94,0.3132,1,-1,-1
112,35,883.60,486.71,28.40,84.60,0.7122,1,-1,-1
112,36,930.03,496.85,38.24,85.56,0.6749,1,-1,-1
112,37,813.61,342.25,29.43,73.48,0.6123,1,-1,-1
112,40,1050.87,258.80,25.83,65.31,0.6451,1,-1,-1
112,42,1239.07,518.96,40.60,89.37,0.7402,1,-1,-1
112,44,727.11,383.99,33.68,78.75,0.4922,1,-1,-1
112,52,1368.79,408.90,33.50,85.52,0.1105,1,-1,-1
112,55,984.15,227.86,20.01,52.21,0.3868,1,-1,-1
112,59,20.86,292.86,26.88,58.08,0.4369,1,-1,-1
113,35,882.54,483.56,28.20,84.27,0.7341,1,-1,-1
113,36,929.49,493.80,38.26,85.27,0.7033,1,-1,-1
113,37,813.06,337.11,29.30,73.36,0.6325,1,-1,-1
113,40,1051.67,253.20,26.01,66.30,0.6654,1,-1,-1
113,42,1239.10,515.66,41.34,90.97,0.6619,1,-1,-1
113,44,726.49,377.98,34.66,80.30,0.5283,1,-1,-1
113,52,1370.64,405.90,34.00,86.58,0.3057,1,-1,-1
113,55,983.21,220.96,20.87,54.32,0.3821,1,-1,-1
113,59,16.05,287.96,26.82,58.02,0.1385,1,-1,-1
114,35,881.89,479.80,28.28,84.49,0.6935,1,-1,-1
114,36,927.20,490.22,39.02,86.93,0.7017,1,-1,-1
114,37,814.63,333.04,29.60,73.19,0.6749,1,-1,-1
114,40,1052.36,248.16,26.25,67.58,0.5974,1,-1,-1
114,42,1240.36,514.04,41.24,90.35,0.5983,1,-1,-1
114,44,725.71,373.17,35.28,81.52,0.6234,1,-1,-1
114,55,982.52,215.62,22.47,58.72,0.5107,1,-1,-1
115,35,881.04,476.68,28.36,84.56,0.7050,1,-1,-1
115,36,926.70,486.80,40.07,89.13,0.6935,1,-1,-1
115,37,814.74,328.51,29.68,72.88,0.6397,1,-1,-1
115,40,1052.92,242.59,26.63,68.95,0.6105,1,-1,-1
115,42,1241.78,513.24,41.24,89.97,0.6926,1,-1,-1
115,44,725.84,369.43,36.03,82.04,0.6197,1,-1,-1
115,55,981.75,209.52,23.30,61.34,0.4254,1,-1,-1
116,35,880.53,473.07,28.72,85.69,0.7009,1,-1,-1
116,36,924.28,484.16,40.11,89.00,0.6637,1,-1,-1
116,37,814.01,323.60,30.28,73.96,0.6645,1,-1,-1
116,40,1053.03,237.48,27.23,71.24,0.6197,1,-1,-1
116,42,1243.24,512.03,42.67,92.38,0.6370,1,-1,-1
116,44,726.58,364.28,36.55,82.59,0.7066,1,-1,-1
116,55,982.53,204.23,21.37,55.80,0.5078,1,-1,-1
116,52,1374.81,394.88,33.95,87.22,0.5146,1,-1,-1
117,35,879.37,469.50,29.33,87.96,0.6758,1,-1,-1
117,36,925.81,480.55,41.27,90.85,0.7050,1,-1,-1
117,37,813.60,318.73,30.93,75.24,0.6663,1,-1,-1
117,40,1054.15,232.66,26.34,69.19,0.6628,1,-1,-1
117,42,1246.01,510.33,44.21,94.95,0.5708,1,-1,-1
117,44,726.56,361.34,36.45,81.98,0.6610,1,-1,-1
117,55,982.38,199.34,21.18,55.02,0.5390,1,-1,-1
117,52,1376.20,391.84,34.17,88.02,0.3748,1,-1,-1
118,35,878.38,467.93,29.16,87.63,0.6496,1,-1,-1
118,36,925.42,478.56,41.09,90.22,0.6433,1,-1,-1
118,37,814.10,314.95,31.89,77.07,0.5908,1,-1,-1
118,40,1054.54,229.07,26.53,69.68,0.6817,1,-1,-1
118,42,1246.88,509.50,45.81,97.29,0.3303,1,-1,-1
118,44,727.91,358.80,35.34,79.49,0.5860,1,-1,-1
118,55,981.61,194.03,21.97,57.09,0.6058,1,-1,-1
118,52,1377.48,390.19,34.43,88.99,0.1836,1,-1,-1
119,35,877.77,467.12,29.27,88.27,0.6689,1,-1,-1
119,36,925.86,477.68,39.88,87.39,0.6834,1,-1,-1
119,37,812.90,313.47,30.58,74.03,0.4815,1,-1,-1
119,40,1055.30,225.39,26.30,69.14,0.6834,1,-1,-1
119,42,1247.47,508.46,47.83,101.03,0.5176,1,-1,-1
119,44,728.99,358.08,33.82,76.79,0.6540,1,-1,-1
119,55,981.81,191.01,21.91,56.70,0.6095,1,-1,-1
119,52,1379.41,389.23,34.47,88.53,0.3007,1,-1,-1
120,35,877.46,467.21,28.74,86.89,0.6575,1,-1,-1
120,36,925.22,477.62,39.30,86.55,0.6800,1,-1,-1
120,37,811.90,311.44,30.46,73.99,0.5254,1,-1,-1
120,40,1055.78,222.77,26.80,70.53,0.6593,1,-1,-1
120,42,1247.70,509.07,48.82,102.85,0.4196,1,-1,-1
120,44,729.21,356.83,33.35,76.85,0.6179,1,-1,-1
120,55,981.59,188.89,22.01,57.21,0.6243,1,-1,-1
120,52,1381.66,389.60,33.58,85.49,0.3099,1,-1,-1
121,35,876.59,467.54,29.07,87.72,0.6654,1,-1,-1
121,36,924.45,477.55,39.89,87.96,0.6610,1,-1,-1
121,37,811.29,311.53,30.05,73.46,0.6067,1,-1,-1
121,40,1055.83,220.50,27.22,71.60,0.6715,1,-1,-1
121,42,1250.44,510.03,48.71,102.39,0.1778,2,-1,-1
121,44,729.15,355.95,33.03,77.34,0.6505,1,-1,-1
121,55,981.35,187.11,21.42,55.98,0.6280,1,-1,-1
121,52,1383.22,389.15,33.72,85.00,0.3183,1,-1,-1
122,35,876.12,468.27,29.12,87.56,0.6397,1,-1,-1
122,36,922.86,478.47,40.90,90.36,0.6584,1,-1,-1
122,37,811.65,311.68,30.21,73.37,0.6732,1,-1,-1
122,40,1056.06,219.29,27.59,72.14,0.6469,1,-1,-1
122,42,1255.29,511.87,48.44,99.55,0.4649,1,-1,-1
122,44,729.40,355.20,32.54,77.06,0.7114,1,-1,-1
122,55,981.15,185.61,21.87,57.62,0.6151,1,-1,-1
122,52,1383.73,388.30,35.25,88.68,0.3886,1,-1,-1
123,35,875.54,469.56,29.17,87.41,0.6749,1,-1,-1
123,36,921.32,480.55,40.57,90.65,0.6637,1,-1,-1
123,37,811.78,311.65,30.59,73.80,0.6817,1,-1,-1
123,40,1056.14,218.58,28.46,74.87,0.6388,1,-1,-1
123,42,1260.97,515.12,48.29,96.79,0.6740,1,-1,-1
123,44,729.04,355.51,32.63,78.40,0.6868,1,-1,-1
123,55,981.24,184.58,21.97,58.39,0.6132,1,-1,-1
123,52,1385.05,389.93,35.60,89.76,0.4805,1,-1,-1
123,63,1502.61,297.77,34.33,75.81,0.5467,1,-1,-1
124,35,874.71,471.15,29.32,87.99,0.6469,1,-1,-1
124,36,921.38,481.84,40.41,91.58,0.6593,1,-1,-1
124,37,811.40,312.10,30.62,73.68,0.6732,1,-1,-1
124,40,1056.85,218.29,28.50,75.25,0.6406,1,-1,-1
124,42,1266.81,518.55,48.65,94.93,0.6352,1,-1,-1
124,44,729.07,356.51,31.73,76.99,0.7082,1,-1,-1
124,55,981.72,184.19,21.38,57.29,0.6151,1,-1,-1
124,52,1386.20,389.97,36.07,90.94,0.5889,1,-1,-1
124,63,1501.81,296.09,35.13,77.43,0.4455,1,-1,-1
124,64,1559.48,76.50,14.93,37.26,0.5351,1,-1,-1
125,35,873.21,473.48,29.76,89.61,0.6715,1,-1,-1
125,36,921.64,485.09,39.48,90.30,0.6868,1,-1,-1
125,37,812.36,313.70,30.44,74.18,0.6593,1,-1,-1
125,40,1057.90,218.89,28.26,74.59,0.6370,1,-1,-1
125,42,1269.05,521.48,50.46,95.51,0.5946,1,-1,-1
125,44,729.34,358.53,31.59,77.41,0.7050,1,-1,-1
125,55,982.08,184.39,21.13,56.97,0.6243,1,-1,-1
125,52,1387.11,392.02,36.67,92.87,0.2465,1,-1,-1
125,63,1500.11,294.42,35.71,78.73,0.5993,1,-1,-1
125,64,1560.77,77.80,13.85,34.52,0.5098,1,-1,-1
126,35,872.40,474.61,30.34,91.41,0.6817,1,-1,-1
126,36,921.78,488.32,38.98,90.00,0.7033,1,-1,-1
126,37,812.40,313.91,31.65,78.29,0.6388,1,-1,-1
126,40,1058.31,219.68,28.95,76.56,0.6252,1,-1,-1
126,42,1272.36,526.57,51.50,95.47,0.5851,1,-1,-1
126,44,729.07,361.07,32.20,79.47,0.7513,1,-1,-1
126,55,982.44,185.22,20.93,56.43,0.6261,1,-1,-1
126,63,1501.18,295.96,35.64,78.40,0.6215,1,-1,-1
126,64,1561.56,78.29,14.48,36.07,0.4330,1,-1,-1
127,35,872.30,478.70,30.17,91.08,0.6749,1,-1,-1
127,36,920.91,491.84,39.36,91.37,0.6843,1,-1,-1
127,37,813.39,316.60,30.60,76.58,0.6593,1,-1,-1
127,40,1059.49,220.48,29.49,78.79,0.6243,1,-1,-1
127,42,1277.18,531.06,53.48,97.20,0.5273,1,-1,-1
127,44,729.13,364.22,33.01,82.14,0.7394,1,-1,-1
127,55,982.08,186.36,20.84,56.17,0.6424,1,-1,-1
127,63,1502.40,303.32,33.64,73.48,0.3895,1,-1,-1
127,64,1562.83,78.91,14.14,35.16,0.4321,1,-1,-1
128,35,871.57,482.17,30.21,91.62,0.6732,1,-1,-1
128,36,919.95,495.36,39.38,92.23,0.6792,1,-1,-1
128,37,814.20,319.05,30.17,76.47,0.6460,1,-1,-1
128,40,1060.11,222.36,28.93,77.83,0.5983,1,-1,-1
128,42,1281.39,537.81,53.53,95.15,0.5554,2,-1,-1
128,44,729.13,366.94,33.81,84.93,0.6951,1,-1,-1
128,55,982.79,187.81,20.16,53.88,0.6188,1,-1,-1
128,63,1501.42,296.57,38.34,83.45,0.3132,1,-1,-1
128,64,1563.95,79.16,14.20,35.25,0.4378,1,-1,-1
129,35,870.88,486.35,29.93,90.82,0.6451,1,-1,-1
129,36,919.85,499.23,39.25,91.56,0.6628,1,-1,-1
129,37,814.66,320.89,30.22,77.60,0.6860,1,-1,-1
129,40,1060.44,224.37,28.54,77.14,0.6252,1,-1,-1
129,42,1284.87,543.18,56.26,96.36,0.4941,2,-1,-1
129,44,729.06,368.97,33.42,85.22,0.6593,1,-1,-1
129,55,983.50,189.45,19.88,52.80,0.5727,1,-1,-1
129,63,1499.80,291.85,42.90,93.37,0.3868,1,-1,-1
129,64,1565.36,79.66,13.95,34.52,0.3225,1,-1,-1
130,35,869.44,489.59,29.90,91.10,0.6460,1,-1,-1
130,36,919.00,502.77,39.57,92.97,0.6424,1,-1,-1
130,37,814.94,322.87,30.69,79.07,0.7233,1,-1,-1
130,40,1062.07,225.49,27.67,74.87,0.6334,1,-1,-1
130,42,1285.99,549.75,56.53,92.93,0.2121,2,-1,-1
130,44,728.69,372.38,32.88,84.68,0.6469,1,-1,-1
130,55,983.10,190.34,20.77,54.87,0.5964,1,-1,-1
130,63,1497.69,292.57,48.33,105.72,0.2967,1,-1,-1
130,64,1566.03,80.07,14.31,35.38,0.3831,1,-1,-1
131,35,869.02,492.83,29.76,91.01,0.6352,1,-1,-1
131,36,919.95,505.99,39.32,93.07,0.6361,1,-1,-1
131,37,816.56,325.47,30.27,77.97,0.6531,1,-1,-1
131,40,1061.84,226.54,28.24,76.81,0.6123,1,-1,-1
131,42,1287.18,555.17,56.94,89.81,0.3277,1,-1,-1
131,44,729.02,376.26,32.02,83.24,0.6834,1,-1,-1
131,55,983.51,191.43,21.13,55.45,0.5525,1,-1,-1
131,63,1500.32,300.02,43.24,93.95,0.3495,1,-1,-1
131,64,1567.41,80.72,14.05,34.62,0.4426,1,-1,-1
132,35,868.77,495.32,30.16,92.55,0.6460,1,-1,-1
132,36,919.01,509.55,38.90,91.88,0.6637,1,-1,-1
132,37,818.13,329.16,29.68,76.19,0.7154,1,-1,-1
132,40,1061.79,227.61,28.95,79.07,0.5784,1,-1,-1
132,42,1287.58,561.01,61.87,93.96,0.2018,2,-1,-1
132,44,729.15,379.36,31.04,80.94,0.6697,1,-1,-1
132,55,983.82,192.89,20.72,54.04,0.5679,1,-1,-1
132,63,1500.84,301.21,41.90,90.27,0.2838,1,-1,-1
132,64,1567.97,80.94,15.25,37.73,0.5068,1,-1,-1
132,65,66.96,286.46,29.92,63.70,0.5496,1,-1,-1
132,43,501.16,95.66,17.63,36.90,0.5156,1,-1,-1
133,35,868.56,498.17,30.19,92.96,0.6424,1,-1,-1
133,36,919.61,512.25,38.71,91.55,0.6935,1,-1,-1
133,37,820.27,332.00,29.43,74.25,0.6206,1,-1,-1
133,40,1062.66,228.78,28.77,79.00,0.5936,1,-1,-1
133,44,729.72,381.48,31.48,82.34,0.6179,1,-1,-1
133,55,984.24,194.03,20.77,53.75,0.5794,1,-1,-1
133,64,1569.06,81.23,15.39,38.25,0.6049,1,-1,-1
133,65,64.59,286.74,30.27,64.52,0.3794,1,-1,-1
133,43,500.32,94.96,18.14,37.12,0.5823,1,-1,-1
134,35,868.17,501.50,29.90,91.98,0.6460,1,-1,-1
134,36,919.19,514.50,39.80,93.63,0.6469,1,-1,-1
134,37,820.22,332.70,31.30,77.29,0.6206,1,-1,-1
134,40,1063.74,229.73,27.76,76.45,0.5535,1,-1,-1
134,44,729.52,382.82,32.33,84.38,0.6289,1,-1,-1
134,55,984.83,195.10,20.83,53.01,0.5737,1,-1,-1
134,64,1569.51,81.69,15.64,38.83,0.6067,1,-1,-1
134,65,61.64,287.31,30.71,65.50,0.3251,1,-1,-1
134,43,499.34,94.14,19.23,38.78,0.4737,1,-1,-1
135,35,867.89,504.70,29.18,89.99,0.6478,1,-1,-1
135,36,919.43,517.19,40.21,94.24,0.6307,1,-1,-1
135,37,819.99,333.42,32.47,78.78,0.6843,1,-1,-1
135,40,1063.99,230.39,29.03,80.72,0.1618,1,-1,-1
135,44,729.55,385.34,31.62,82.22,0.3794,1,-1,-1
135,55,985.26,195.99,20.71,51.63,0.5429,1,-1,-1
135,64,1569.89,82.30,16.03,39.52,0.5842,1,-1,-1
135,65,59.33,289.58,30.29,64.51,0.4073,1,-1,-1
135,43,498.78,94.45,19.55,39.10,0.5574,1,-1,-1
136,35,867.54,506.30,29.79,92.26,0.6514,1,-1,-1
136,36,919.10,519.65,40.54,94.56,0.6234,1,-1,-1
136,37,820.30,334.38,32.95,78.89,0.7009,1,-1,-1
136,40,1066.67,232.39,25.22,70.01,0.4177,1,-1,-1
136,44,730.31,387.64,31.13,80.25,0.5574,1,-1,-1
136,55,986.02,196.78,21.13,52.37,0.5737,1,-1,-1
136,64,1571.01,83.13,16.01,39.21,0.5936,1,-1,-1
136,65,57.43,290.87,29.92,63.77,0.4717,1,-1,-1
136,43,498.24,94.52,19.98,39.65,0.6160,1,-1,-1
137,35,867.14,507.45,30.66,94.90,0.6758,1,-1,-1
137,36,918.99,521.44,40.78,95.10,0.6680,1,-1,-1
137,37,819.80,335.39,33.47,79.19,0.7170,1,-1,-1
137,40,1067.72,233.14,24.85,68.91,0.3775,1,-1,-1
137,44,730.87,389.16,31.46,80.58,0.5545,1,-1,-1
137,55,986.40,196.79,21.28,52.07,0.4417,1,-1,-1
137,64,1572.00,83.35,16.04,39.04,0.4244,1,-1,-1
137,65,54.64,290.58,30.62,65.38,0.5049,1,-1,-1
137,43,497.62,95.07,20.33,40.00,0.5612,1,-1,-1
138,35,866.75,509.13,30.84,95.52,0.7058,1,-1,-1
138,36,918.97,523.61,40.43,94.04,0.6951,1,-1,-1
138,37,819.78,337.16,33.52,77.96,0.7498,1,-1,-1
138,40,1067.19,233.22,26.82,74.22,0.5554,1,-1,-1
138,44,731.01,390.69,32.20,81.72,0.5254,1,-1,-1
138,55,983.96,197.32,21.88,51.75,0.5176,1,-1,-1
138,64,1573.70,83.44,15.04,36.46,0.4196,1,-1,-1
138,65,51.08,289.87,30.73,65.62,0.2241,1,-1,-1
138,43,497.55,96.12,20.25,39.49,0.6307,1,-1,-1
139,35,866.50,510.74,31.06,96.17,0.7387,1,-1,-1
139,36,917.28,524.42,42.08,97.37,0.6575,1,-1,-1
139,37,820.21,337.33,34.49,79.78,0.7264,1,-1,-1
139,40,1067.37,234.72,27.29,75.10,0.5535,1,-1,-1
139,44,730.06,392.19,32.24,80.76,0.6505,1,-1,-1
139,55,984.48,198.43,21.81,50.11,0.4562,1,-1,-1
139,64,1575.08,83.08,14.85,35.85,0.4282,1,-1,-1
139,43,497.40,97.66,20.05,38.47,0.5842,1,-1,-1
139,66,1219.72,20.12,37.22,29.22,0.5516,4,-1,-1
140,35,866.75,513.23,30.86,95.37,0.7356,1,-1,-1
140,36,916.80,526.29,42.52,98.06,0.6540,1,-1,-1
140,37,821.53,338.09,34.56,80.12,0.7272,1,-1,-1
140,40,1067.89,235.64,26.98,74.18,0.4216,1,-1,-1
140,44,730.36,393.24,32.19,79.81,0.5879,1,-1,-1
140,55,985.71,199.79,21.65,48.36,0.3311,1,-1,-1
140,64,1576.56,82.63,14.71,35.42,0.3285,1,-1,-1
140,43,497.02,99.33,19.40,36.81,0.5332,1,-1,-1
140,66,1219.87,20.06,37.55,29.47,0.4737,4,-1,-1
141,35,866.63,515.39,30.86,95.27,0.7786,1,-1,-1
141,36,916.76,528.74,42.38,97.28,0.6575,1,-1,-1
141,37,822.34,339.35,34.63,80.16,0.7424,1,-1,-1
141,40,1067.96,237.28,26.79,73.57,0.4854,1,-1,-1
141,44,730.54,393.99,33.21,81.78,0.5727,1,-1,-1
141,55,987.00,200.23,22.72,50.17,0.3785,1,-1,-1
141,64,1577.56,82.83,14.51,34.81,0.4168,1,-1,-1
141,43,496.61,101.28,18.69,34.95,0.4688,1,-1,-1
141,66,1219.98,20.35,37.41,29.38,0.4688,4,-1,-1
142,35,866.29,516.97,30.99,95.75,0.7759,1,-1,-1
142,36,917.73,530.99,41.73,95.76,0.6469,1,-1,-1
142,37,824.22,340.55,34.43,80.27,0.7527,1,-1,-1
142,40,1068.37,238.60,26.30,72.03,0.4766,1,-1,-1
142,44,730.59,394.62,33.50,82.51,0.5156,1,-1,-1
142,55,988.37,200.49,23.12,51.25,0.4600,1,-1,-1
142,64,1578.23,82.96,14.71,35.28,0.4562,1,-1,-1
142,43,495.56,99.92,19.22,35.64,0.4795,1,-1,-1
142,66,1220.28,20.54,37.46,29.44,0.3486,4,-1,-1
143,35,865.87,517.91,31.27,96.89,0.7447,1,-1,-1
143,36,917.16,532.20,41.45,94.91,0.6697,1,-1,-1
143,37,825.60,341.13,34.36,80.83,0.7656,1,-1,-1
143,40,1068.64,239.51,25.92,70.76,0.4292,1,-1,-1
143,44,732.37,394.53,33.29,81.10,0.4805,1,-1,-1
143,55,988.07,200.76,25.35,55.87,0.1962,1,-1,-1
143,64,1578.40,83.12,15.86,37.87,0.5860,1,-1,-1
143,43,494.79,100.56,19.14,34.83,0.3174,1,-1,-1
143,66,1220.36,20.05,38.37,30.24,0.3242,4,-1,-1
144,35,865.74,518.48,31.31,97.19,0.7387,1,-1,-1
144,36,917.14,533.14,41.54,94.87,0.6783,1,-1,-1
144,37,827.06,342.14,33.71,80.19,0.7571,1,-1,-1
144,40,1068.70,239.85,26.13,71.23,0.4206,1,-1,-1
144,44,733.47,394.06,33.93,81.37,0.5487,1,-1,-1
144,55,989.27,201.32,26.18,57.75,0.1807,1,-1,-1
144,64,1578.67,83.11,16.43,39.13,0.6379,1,-1,-1
144,43,493.36,101.66,19.33,34.51,0.4111,1,-1,-1
144,66,1220.69,19.58,38.85,30.72,0.3540,4,-1,-1
144,67,1616.81,303.79,27.87,50.78,0.4815,1,-1,-1
145,35,865.67,518.63,31.34,97.37,0.7341,1,-1,-1
145,36,916.54,533.45,42.01,95.37,0.6800,1,-1,-1
145,37,828.30,342.54,33.37,80.33,0.7484,1,-1,-1
145,40,1068.78,239.79,26.29,71.36,0.4600,1,-1,-1
145,44,733.68,393.43,34.00,81.05,0.5946,1,-1,-1
145,55,987.65,199.60,28.35,62.44,0.1968,1,-1,-1
145,64,1578.88,82.30,16.95,40.25,0.6179,1,-1,-1
145,43,491.47,101.98,19.81,34.77,0.3923,1,-1,-1
145,66,1220.56,17.84,40.37,32.06,0.2024,4,-1,-1
145,67,1617.14,303.96,28.24,51.45,0.5670,1,-1,-1
146,35,865.65,518.68,31.30,97.38,0.7280,1,-1,-1
146,36,915.98,533.53,42.42,95.71,0.6766,1,-1,-1
146,37,829.21,342.10,33.50,81.50,0.7542,1,-1,-1
146,40,1068.80,239.83,27.11,73.05,0.3329,1,-1,-1
146,44,733.83,392.32,34.30,81.45,0.6243,1,-1,-1
146,55,989.41,198.77,28.40,62.71,0.2775,1,-1,-1
146,64,1579.13,80.84,17.30,40.97,0.5955,1,-1,-1
146,43,489.61,100.76,20.60,35.47,0.4620,1,-1,-1
146,66,1222.14,16.49,41.17,32.67,0.1667,4,-1,-1
146,67,1617.37,303.11,28.97,52.87,0.6252,1,-1,-1
146,65,43.34,292.21,30.78,65.48,0.5244,1,-1,-1
147,35,865.65,518.59,31.37,97.60,0.7356,1,-1,-1
147,36,915.65,533.26,42.78,96.04,0.6783,1,-1,-1
147,37,829.70,341.45,33.43,82.13,0.7556,1,-1,-1
147,40,1069.67,239.40,26.66,70.69,0.2207,1,-1,-1
147,44,734.03,390.30,34.77,82.21,0.6197,1,-1,-1
147,55,994.46,198.19,24.74,55.61,0.4610,1,-1,-1
147,64,1579.95,79.34,17.92,42.21,0.6086,1,-1,-1
147,43,488.17,100.16,20.84,35.31,0.4504,1,-1,-1
147,66,1222.85,15.13,40.05,31.78,0.2659,4,-1,-1
147,67,1617.58,301.78,29.00,52.96,0.5458,1,-1,-1
147,65,41.84,289.90,31.70,66.97,0.5554,1,-1,-1
148,35,865.72,518.57,31.30,97.46,0.7578,1,-1,-1
148,36,915.82,532.88,42.67,96.02,0.6800,1,-1,-1
148,37,830.16,340.16,33.61,83.45,0.7349,1,-1,-1
148,40,1069.40,238.77,27.46,72.22,0.4795,1,-1,-1
148,44,735.07,388.89,34.26,81.22,0.5813,1,-1,-1
148,55,996.38,197.25,23.36,53.11,0.4951,1,-1,-1
148,64,1581.09,78.52,17.40,40.57,0.4600,1,-1,-1
148,43,486.71,99.03,21.11,35.47,0.5205,1,-1,-1
148,66,1221.60,12.85,39.68,31.83,0.1451,4,-1,-1
148,67,1617.71,299.73,29.49,53.86,0.1956,1,-1,-1
148,65,40.13,289.18,32.12,67.02,0.4140,1,-1,-1
149,35,865.78,518.14,31.36,97.55,0.7705,1,-1,-1
149,36,916.16,532.20,42.97,96.91,0.6697,1,-1,-1
149,37,830.88,339.07,33.62,84.26,0.7542,1,-1,-1
149,40,1069.69,237.84,27.33,71.35,0.4932,1,-1,-1
149,44,735.77,387.36,34.30,81.00,0.6602,1,-1,-1
149,55,998.47,196.02,22.59,52.09,0.5010,1,-1,-1
149,64,1582.12,78.34,16.59,38.25,0.5000,1,-1,-1
149,43,485.02,97.60,21.23,36.03,0.4922,1,-1,-1
149,67,1617.08,297.65,31.06,56.73,0.3666,1,-1,-1
149,65,39.27,288.57,32.01,66.05,0.3886,1,-1,-1
150,35,865.98,517.60,31.27,97.32,0.7759,1,-1,-1
150,36,916.59,531.26,43.25,97.75,0.6522,1,-1,-1
150,37,831.90,338.57,32.74,82.88,0.7469,1,-1,-1
150,40,1070.49,235.93,27.39,71.42,0.5156,1,-1,-1
150,44,736.39,385.87,33.72,79.10,0.5851,1,-1,-1
150,55,998.30,195.30,24.00,55.53,0.1307,1,-1,-1
150,64,1582.84,77.32,16.26,36.96,0.4756,1,-1,-1
150,43,484.07,95.96,20.71,35.48,0.3961,1,-1,-1
150,67,1615.93,296.88,32.19,58.95,0.4571,1,-1,-1
150,65,39.33,287.80,32.02,65.40,0.4630,1,-1,-1
150,68,1399.22,597.77,53.43,104.30,0.7491,1,-1,-1
151,35,866.37,516.45,31.22,97.14,0.7705,1,-1,-1
151,36,916.60,529.70,43.32,97.86,0.6522,1,-1,-1
151,37,832.97,337.48,32.48,82.87,0.7484,1,-1,-1
151,40,1070.33,233.86,27.82,72.33,0.5727,1,-1,-1
151,44,735.29,383.95,33.00,77.68,0.6307,1,-1,-1
151,55,999.81,194.00,22.44,52.55,0.4785,1,-1,-1
151,64,1584.06,73.94,15.64,34.96,0.4111,1,-1,-1
151,43,482.88,94.45,20.46,35.59,0.3166,1,-1,-1
151,67,1616.02,295.93,32.19,59.13,0.2288,1,-1,-1
151,65,40.61,288.79,31.19,63.04,0.2524,1,-1,-1
151,68,1404.14,597.54,53.50,104.66,0.5263,1,-1,-1
152,35,866.23,514.45,31.42,97.62,0.7621,1,-1,-1
152,36,917.14,527.99,43.68,98.32,0.6663,1,-1,-1
152,37,834.12,335.63,32.04,81.84,0.7556,1,-1,-1
152,40,1070.53,232.18,28.08,72.62,0.5244,1,-1,-1
152,44,734.92,382.44,32.62,76.96,0.6451,1,-1,-1
152,55,1001.19,192.10,21.83,51.37,0.4834,1,-1,-1
152,64,1583.60,72.01,16.30,35.60,0.3540,1,-1,-1
152,43,481.14,92.38,20.22,35.48,0.2006,1,-1,-1
152,68,1408.78,599.64,52.36,102.35,0.7249,1,-1,-1
153,35,866.10,512.43,31.32,97.16,0.7520,1,-1,-1
153,36,916.21,525.30,44.32,99.97,0.6749,1,-1,-1
153,37,835.71,334.66,32.05,81.39,0.7256,1,-1,-1
153,40,1070.35,229.70,28.65,72.82,0.1818,1,-1,-1
153,44,735.32,380.28,33.17,78.32,0.6397,1,-1,-1
153,55,1002.13,190.37,23.10,54.86,0.5068,1,-1,-1
153,64,1583.54,69.17,17.22,37.13,0.1901,1,-1,-1
153,68,1413.72,600.94,51.66,100.80,0.7447,1,-1,-1
154,35,866.05,510.67,31.42,97.21,0.7417,1,-1,-1
154,36,915.53,522.86,44.79,101.05,0.6610,1,-1,-1
154,37,837.63,332.16,32.48,81.80,0.7739,1,-1,-1
154,44,735.26,378.56,33.00,77.76,0.6637,1,-1,-1
154,55,1002.82,188.90,22.93,54.91,0.5273,1,-1,-1
154,64,1584.30,66.95,17.57,37.31,0.5059,1,-1,-1
154,68,1419.39,600.26,49.59,96.09,0.8222,1,-1,-1
154,65,38.73,284.55,31.06,61.54,0.5312,1,-1,-1
155,35,865.99,509.23,31.39,97.39,0.7074,1,-1,-1
155,36,915.28,521.05,44.85,101.15,0.6379,1,-1,-1
155,37,838.69,327.68,33.94,84.59,0.7549,1,-1,-1
155,44,733.88,376.00,34.38,80.84,0.6307,1,-1,-1
155,55,1004.22,186.96,22.80,54.77,0.4359,1,-1,-1
155,64,1585.21,64.79,17.69,37.31,0.4542,1,-1,-1
155,68,1420.82,600.62,53.16,102.34,0.7905,1,-1,-1
155,65,38.79,284.19,30.83,60.20,0.4282,1,-1,-1
156,35,865.96,507.91,31.26,97.12,0.6860,1,-1,-1
156,36,917.02,520.61,43.67,98.62,0.6663,1,-1,-1
156,37,840.84,326.47,34.84,84.54,0.7564,1,-1,-1
156,44,733.55,374.39,35.18,81.96,0.6610,1,-1,-1
156,55,1004.70,184.76,22.20,54.07,0.4844,1,-1,-1
156,64,1584.97,62.30,18.87,39.77,0.5765,1,-1,-1
156,68,1421.53,600.45,58.99,112.24,0.7432,1,-1,-1
156,65,38.91,282.12,30.79,59.70,0.4513,1,-1,-1
157,35,866.02,506.89,30.79,95.84,0.6843,1,-1,-1
157,36,917.56,519.63,43.30,97.98,0.6469,1,-1,-1
157,37,841.95,324.38,35.78,85.15,0.7677,1,-1,-1
157,44,735.07,372.84,35.74,82.00,0.6723,1,-1,-1
157,55,1005.79,183.01,21.40,52.22,0.4484,1,-1,-1
157,64,1585.40,60.05,19.52,41.26,0.3639,1,-1,-1
157,68,1424.18,600.20,61.01,115.04,0.7295,1,-1,-1
157,65,39.40,281.56,30.18,58.38,0.4844,1,-1,-1
157,71,80.36,209.51,26.98,52.99,0.5244,1,-1,-1
157,67,1614.70,284.63,31.57,58.20,0.4746,1,-1,-1
158,35,865.79,505.49,30.65,95.59,0.6893,1,-1,-1
158,36,917.60,519.12,43.05,97.34,0.6540,1,-1,-1
158,37,842.62,323.75,35.71,83.47,0.7746,1,-1,-1
158,44,733.92,371.09,36.87,83.81,0.6868,1,-1,-1
158,55,1007.39,181.26,20.85,50.57,0.5254,1,-1,-1
158,64,1585.96,58.47,19.36,41.09,0.3303,1,-1,-1
158,68,1425.96,600.48,61.53,114.30,0.8019,1,-1,-1
158,65,39.05,279.73,30.49,58.94,0.4417,1,-1,-1
158,71,79.57,208.20,25.92,50.83,0.5107,1,-1,-1
158,67,1614.21,283.03,31.33,57.89,0.3007,1,-1,-1
159,35,865.98,504.51,30.33,94.94,0.6809,1,-1,-1
159,36,917.68,518.27,43.10,97.21,0.6522,1,-1,-1
159,37,843.13,323.45,35.70,82.15,0.7677,1,-1,-1
159,44,732.60,369.91,36.99,83.62,0.6197,1,-1,-1
159,55,1008.22,179.44,22.20,54.01,0.4922,1,-1,-1
159,64,1586.35,56.72,19.22,41.05,0.3407,1,-1,-1
159,68,1431.86,600.59,62.43,115.65,0.6261,1,-1,-1
159,65,38.43,277.59,30.84,59.58,0.3812,1,-1,-1
159,71,78.35,207.48,27.00,52.94,0.5477,1,-1,-1
159,67,1613.33,281.66,31.29,58.10,0.2576,1,-1,-1
160,35,865.78,503.66,30.12,94.68,0.6792,1,-1,-1
160,36,917.41,517.29,42.93,96.84,0.6680,1,-1,-1
160,37,843.43,322.87,35.81,81.20,0.7746,1,-1,-1
160,44,732.31,368.83,37.53,83.82,0.6505,1,-1,-1
160,55,1009.74,178.23,21.81,52.95,0.5127,1,-1,-1
160,64,1586.74,54.59,19.41,41.79,0.3785,1,-1,-1
160,68,1433.54,600.27,64.30,117.78,0.5794,1,-1,-1
160,65,38.27,276.47,30.73,59.21,0.3775,1,-1,-1
160,71,76.17,206.17,27.36,53.79,0.4121,1,-1,-1
160,67,1613.50,280.85,31.16,58.35,0.1895,1,-1,-1
160,40,1075.25,225.64,27.52,68.72,0.4562,1,-1,-1
161,35,865.69,502.87,29.97,94.46,0.6654,1,-1,-1
161,36,917.58,515.98,43.53,97.71,0.6680,1,-1,-1
161,37,843.84,322.26,35.94,80.46,0.7635,1,-1,-1
161,44,731.74,367.51,38.27,84.63,0.6918,1,-1,-1
161,55,1010.85,177.20,21.44,52.18,0.4932,1,-1,-1
161,64,1587.69,53.08,18.62,40.21,0.1913,1,-1,-1
161,68,1433.90,599.36,67.13,121.86,0.4340,1,-1,-1
161,65,39.60,277.03,29.68,57.38,0.2379,1,-1,-1
161,71,74.18,204.18,26.48,51.96,0.2644,1,-1,-1
161,67,1612.95,279.68,30.67,57.75,0.1883,1,-1,-1
161,40,1075.53,224.15,27.77,68.05,0.5068,1,-1,-1
162,35,865.69,502.05,29.96,94.71,0.6637,1,-1,-1
162,36,917.26,515.26,43.76,98.05,0.6851,1,-1,-1
162,37,843.91,321.33,36.30,80.46,0.7578,1,-1,-1
162,44,731.96,366.60,38.48,84.04,0.6984,1,-1,-1
162,55,1011.54,176.12,21.30,52.11,0.5583,1,-1,-1
162,64,1588.04,52.23,18.30,39.74,0.3504,1,-1,-1
162,68,1437.10,598.67,65.89,117.75,0.8117,1,-1,-1
162,65,39.74,275.34,30.10,58.79,0.1389,1,-1,-1
162,71,73.15,202.96,24.95,48.60,0.3603,1,-1,-1
162,67,1611.87,278.90,29.76,55.95,0.1895,1,-1,-1
162,40,1075.80,223.64,28.10,67.96,0.2436,1,-1,-1
163,35,865.78,501.40,29.74,94.22,0.6619,1,-1,-1
163,36,916.99,514.61,43.85,98.24,0.6834,1,-1,-1
163,37,843.57,318.69,37.48,82.54,0.7621,1,-1,-1
163,44,731.80,365.52,38.71,83.72,0.6800,1,-1,-1
163,55,1013.19,175.18,20.19,49.32,0.5254,1,-1,-1
163,64,1588.60,51.92,17.66,38.55,0.4330,1,-1,-1
163,68,1440.61,597.43,64.86,114.63,0.8267,1,-1,-1
163,71,72.24,203.62,23.20,44.78,0.3303,1,-1,-1
163,67,1611.21,278.45,28.85,54.25,0.2659,1,-1,-1
164,35,865.76,500.95,29.69,94.06,0.6602,1,-1,-1
164,36,916.72,514.40,43.85,98.28,0.6868,1,-1,-1
164,37,843.07,317.58,38.06,83.63,0.7725,1,-1,-1
164,44,731.19,364.97,39.11,83.63,0.6749,1,-1,-1
164,55,1014.49,174.59,19.81,48.50,0.4863,1,-1,-1
164,64,1588.62,51.70,17.47,38.41,0.4951,1,-1,-1
164,68,1443.82,596.16,64.58,114.08,0.8141,1,-1,-1
164,71,70.01,203.47,25.18,48.33,0.4961,1,-1,-1
164,67,1609.90,277.39,29.51,55.57,0.1981,1,-1,-1
164,73,1488.63,298.32,39.79,77.06,0.5908,1,-1,-1
165,35,865.89,500.62,29.69,93.97,0.6758,1,-1,-1
165,36,916.29,514.49,43.67,98.06,0.6918,1,-1,-1
165,37,843.62,316.99,37.63,82.44,0.7753,1,-1,-1
165,44,730.10,364.75,39.28,83.10,0.6522,1,-1,-1
165,55,1015.29,174.39,18.96,46.43,0.4263,1,-1,-1
165,64,1588.46,51.37,17.55,38.91,0.4971,1,-1,-1
165,68,1447.76,594.38,65.13,115.84,0.8199,1,-1,-1
165,71,68.23,203.51,25.79,49.32,0.5689,1,-1,-1
165,67,1608.90,277.17,29.28,55.26,0.2031,1,-1,-1
165,73,1489.21,298.35,40.26,78.08,0.5603,1,-1,-1
166,35,866.10,500.32,29.57,93.65,0.6775,1,-1,-1
166,36,915.76,514.34,43.54,98.17,0.6885,1,-1,-1
166,37,844.45,316.00,36.71,80.25,0.7807,1,-1,-1
166,44,729.34,364.55,39.01,82.19,0.4600,1,-1,-1
166,55,1016.28,174.52,18.49,45.26,0.3639,1,-1,-1
166,64,1588.26,51.63,17.82,40.03,0.4359,1,-1,-1
166,68,1451.77,592.90,66.55,118.76,0.8069,1,-1,-1
166,71,67.75,203.73,25.27,47.91,0.4951,1,-1,-1
166,67,1609.40,277.06,28.12,53.11,0.2480,1,-1,-1
166,73,1488.98,297.65,40.85,79.38,0.5039,1,-1,-1
167,35,866.12,500.17,29.50,93.55,0.6809,1,-1,-1
167,36,915.61,514.15,43.45,98.30,0.6901,1,-1,-1
167,37,844.95,314.93,36.01,78.70,0.7793,1,-1,-1
167,44,728.00,364.49,38.64,81.65,0.5467,1,-1,-1
167,55,1016.92,174.67,19.06,46.44,0.4378,1,-1,-1
167,64,1588.31,51.67,17.77,40.41,0.3858,1,-1,-1
167,68,1454.62,592.16,66.92,119.65,0.8199,1,-1,-1
167,71,67.56,204.48,25.64,48.27,0.5612,1,-1,-1
167,67,1609.56,277.23,26.92,50.56,0.2167,1,-1,-1
167,73,1489.38,297.76,40.86,79.62,0.4971,1,-1,-1
168,35,866.14,500.07,29.51,93.66,0.6826,1,-1,-1
168,36,915.57,514.16,43.28,98.31,0.6901,1,-1,-1
168,37,845.11,314.10,35.77,78.12,0.7912,1,-1,-1
168,44,725.86,365.07,37.36,80.57,0.5029,1,-1,-1
168,55,1017.63,174.64,19.79,48.17,0.4591,1,-1,-1
168,64,1588.31,51.76,17.73,40.78,0.3905,1,-1,-1
168,68,1455.91,592.49,67.73,121.84,0.7982,1,-1,-1
168,71,66.19,204.74,25.51,47.67,0.5438,1,-1,-1
168,67,1607.16,277.29,28.31,52.78,0.2337,1,-1,-1
168,73,1490.29,297.54,40.90,80.10,0.5098,1,-1,-1
169,35,866.15,500.02,29.55,93.81,0.6809,1,-1,-1
169,36,915.62,514.27,43.11,98.23,0.6918,1,-1,-1
169,37,845.05,313.05,35.68,77.93,0.7585,1,-1,-1
169,44,725.31,365.11,36.41,79.86,0.4630,1,-1,-1
169,55,1019.38,174.58,20.06,48.45,0.4922,1,-1,-1
169,64,1588.33,51.82,17.63,40.98,0.3612,1,-1,-1
169,68,1456.45,593.83,67.33,122.11,0.7705,1,-1,-1
169,71,63.54,204.71,27.80,52.11,0.5273,1,-1,-1
169,67,1606.68,277.26,28.59,53.23,0.2012,1,-1,-1
169,73,1490.75,297.78,40.55,79.86,0.4542,1,-1,-1
169,65,36.23,265.07,34.09,68.27,0.4523,1,-1,-1
170,35,866.21,499.99,29.60,93.95,0.6775,1,-1,-1
170,36,915.71,514.39,42.91,98.09,0.6901,1,-1,-1
170,37,844.76,312.01,36.01,78.73,0.7498,1,-1,-1
170,44,724.92,365.21,35.87,79.77,0.4941,1,-1,-1
170,55,1020.37,174.21,20.63,49.82,0.4340,1,-1,-1
170,64,1588.42,51.94,17.49,41.06,0.3294,1,-1,-1
170,68,1457.23,596.02,67.11,122.43,0.7773,1,-1,-1
170,71,61.23,204.93,28.20,53.19,0.4273,1,-1,-1
170,67,1605.61,277.58,28.60,52.97,0.2494,1,-1,-1
170,73,1491.27,298.30,40.07,79.53,0.4562,1,-1,-1
170,65,36.51,264.05,33.66,68.88,0.4254,1,-1,-1
171,35,866.27,499.94,29.63,94.12,0.6740,1,-1,-1
171,36,915.81,514.42,42.74,98.08,0.6901,1,-1,-1
171,37,844.17,310.60,36.85,80.84,0.7649,1,-1,-1
171,44,724.46,365.28,35.51,80.15,0.4902,1,-1,-1
171,55,1021.19,173.82,21.29,51.69,0.4494,1,-1,-1
171,64,1588.46,51.92,17.40,41.20,0.3621,1,-1,-1
171,68,1457.94,598.40,66.80,122.23,0.7280,1,-1,-1
171,71,59.30,205.86,29.18,55.86,0.4455,1,-1,-1
171,67,1604.87,277.85,28.44,52.38,0.3032,1,-1,-1
171,73,1491.50,298.40,39.58,79.15,0.4562,1,-1,-1
171,65,37.48,265.07,32.51,67.96,0.3478,1,-1,-1
172,35,866.23,500.66,29.42,93.57,0.6723,1,-1,-1
172,36,916.05,514.69,42.48,97.67,0.6901,1,-1,-1
172,37,844.16,309.71,36.44,80.04,0.7827,1,-1,-1
172,44,723.92,365.21,35.39,80.97,0.5525,1,-1,-1
172,55,1022.46,173.98,21.04,51.28,0.4922,1,-1,-1
172,64,1588.50,51.74,17.37,41.45,0.3711,1,-1,-1
172,68,1458.10,600.05,66.04,121.66,0.8105,1,-1,-1
172,71,58.54,206.64,28.07,54.09,0.4610,1,-1,-1
172,67,1604.01,278.26,28.46,52.13,0.3979,1,-1,-1
172,73,1492.59,298.32,39.01,78.95,0.5651,1,-1,-1
172,65,37.80,263.79,32.43,68.72,0.2516,1,-1,-1
173,35,866.16,501.04,29.45,93.73,0.6758,1,-1,-1
173,36,916.20,514.80,42.37,97.47,0.6935,1,-1,-1
173,37,843.74,309.20,36.23,79.61,0.7759,1,-1,-1
173,44,723.29,365.44,35.76,82.97,0.5784,1,-1,-1
173,55,1022.97,175.13,20.38,49.47,0.5068,1,-1,-1
173,64,1588.47,51.65,17.37,41.69,0.3961,1,-1,-1
173,68,1458.67,601.78,65.12,120.89,0.7592,1,-1,-1
173,71,57.73,206.97,28.09,54.01,0.4149,1,-1,-1
173,67,1603.05,278.26,28.54,52.02,0.4941,1,-1,-1
173,73,1493.56,298.45,38.52,79.02,0.5746,1,-1,-1
173,65,38.28,263.68,32.30,69.14,0.2063,1,-1,-1
174,35,866.04,501.59,29.50,94.04,0.6843,1,-1,-1
174,36,916.19,515.16,42.30,97.27,0.7017,1,-1,-1
174,37,843.70,309.51,35.35,77.72,0.7840,1,-1,-1
174,44,722.77,365.66,36.01,84.76,0.5974,1,-1,-1
174,55,1023.60,175.39,20.09,48.28,0.4504,1,-1,-1
174,64,1588.40,51.56,17.30,41.70,0.4054,1,-1,-1
174,68,1459.29,602.64,64.15,119.90,0.8152,1,-1,-1
174,71,57.29,207.84,28.01,53.35,0.3486,1,-1,-1
174,67,1601.88,277.86,29.07,52.69,0.5860,1,-1,-1
174,73,1494.18,299.03,38.16,79.36,0.6610,1,-1,-1
174,65,38.88,264.74,31.65,68.33,0.2583,1,-1,-1
175,35,866.18,502.38,29.45,93.99,0.6740,1,-1,-1
175,36,916.42,515.34,42.36,97.36,0.6901,1,-1,-1
175,37,843.11,309.08,35.14,77.44,0.7564,1,-1,-1
175,44,721.80,365.58,35.97,86.16,0.5516,1,-1,-1
175,55,1024.28,175.77,20.44,48.62,0.3989,1,-1,-1
175,64,1588.25,51.20,17.44,42.19,0.5020,1,-1,-1
175,68,1460.03,602.97,63.56,119.51,0.8322,1,-1,-1
175,67,1600.60,277.73,29.75,53.70,0.5898,1,-1,-1
175,73,1494.87,299.93,37.46,79.04,0.7225,1,-1,-1
175,65,40.50,268.46,29.85,64.82,0.1375,1,-1,-1
175,75,1382.97,418.26,41.34,98.01,0.5842,1,-1,-1
176,35,866.15,502.92,29.46,94.13,0.6860,1,-1,-1
176,36,916.58,515.87,42.26,97.06,0.6951,1,-1,-1
176,37,842.13,307.76,35.57,78.71,0.7341,1,-1,-1
176,44,721.62,365.64,35.40,86.34,0.5516,1,-1,-1
176,55,1025.96,176.19,20.93,49.74,0.3024,1,-1,-1
176,64,1588.19,51.03,17.62,42.71,0.5332,1,-1,-1
176,68,1460.71,603.01,62.90,119.21,0.8520,1,-1,-1
176,67,1598.81,277.10,30.52,54.45,0.6234,1,-1,-1
176,73,1496.24,300.30,37.02,78.81,0.6800,1,-1,-1
176,75,1383.44,418.34,41.16,97.63,0.5467,1,-1,-1
177,35,866.18,503.44,29.53,94.34,0.7042,1,-1,-1
177,36,916.62,516.51,42.41,97.34,0.6851,1,-1,-1
177,37,840.88,306.25,36.34,80.93,0.7170,1,-1,-1
177,44,721.41,365.94,34.85,86.60,0.5535,1,-1,-1
177,55,1027.89,176.75,21.17,50.40,0.3730,1,-1,-1
177,64,1588.39,51.14,17.52,42.74,0.5224,1,-1,-1
177,68,1460.88,602.98,62.28,119.14,0.8439,1,-1,-1
177,67,1597.60,277.17,30.88,54.71,0.4591,1,-1,-1
177,73,1497.42,299.77,37.08,79.26,0.5273,1,-1,-1
177,75,1383.21,418.55,40.95,97.27,0.3905,1,-1,-1
178,35,866.09,503.62,29.64,94.71,0.7090,1,-1,-1
178,36,916.81,517.03,42.71,98.02,0.6851,1,-1,-1
178,37,840.23,304.80,36.34,81.62,0.7341,1,-1,-1
178,44,721.48,366.28,34.58,87.07,0.5631,1,-1,-1
178,55,1029.08,177.06,21.62,51.89,0.4523,1,-1,-1
178,64,1588.63,51.79,17.14,42.08,0.5273,1,-1,-1
178,68,1461.22,603.17,61.95,119.64,0.8510,1,-1,-1
178,67,1596.72,276.90,31.14,54.95,0.5603,1,-1,-1
178,73,1498.44,299.69,37.19,79.71,0.4494,1,-1,-1
178,75,1383.14,417.80,41.43,98.65,0.5332,1,-1,-1
178,77,439.22,76.09,22.68,47.16,0.4756,1,-1,-1
178,71,55.09,211.34,28.21,52.29,0.4552,1,-1,-1
179,35,866.01,503.90,29.79,95.16,0.6943,1,-1,-1
179,36,917.02,517.47,42.97,98.59,0.6766,1,-1,-1
179,37,840.18,303.88,36.17,82.19,0.7217,1,-1,-1
179,44,721.26,366.32,34.25,87.54,0.5088,1,-1,-1
179,55,1030.65,176.62,21.70,52.37,0.5156,1,-1,-1
179,64,1588.89,51.98,16.84,41.56,0.5098,1,-1,-1
179,68,1460.75,603.81,61.38,119.76,0.8470,1,-1,-1
179,67,1596.43,277.42,31.11,54.92,0.5361,1,-1,-1
179,73,1498.51,300.24,37.57,80.80,0.2728,1,-1,-1
179,75,1382.96,417.38,42.41,101.18,0.4542,1,-1,-1
179,77,438.20,77.25,22.39,46.57,0.2689,1,-1,-1
179,78,1484.99,45.17,15.42,34.71,0.5477,1,-1,-1
179,71,54.99,213.02,28.51,51.72,0.3425,1,-1,-1
180,35,865.83,504.46,29.86,95.58,0.6910,1,-1,-1
180,36,917.12,518.03,42.77,98.18,0.6783,1,-1,-1
180,37,839.91,303.35,35.89,82.37,0.7170,1,-1,-1
180,44,721.57,366.31,33.57,86.95,0.5293,1,-1,-1
180,55,1031.42,176.34,21.73,52.68,0.5156,1,-1,-1
180,64,1589.67,51.98,16.20,40.01,0.4678,1,-1,-1
180,68,1459.84,604.53,60.90,119.74,0.8510,1,-1,-1
180,67,1595.78,278.14,31.19,55.07,0.4121,1,-1,-1
180,73,1498.73,300.48,37.88,81.45,0.1413,1,-1,-1
180,75,1383.29,418.29,42.01,100.47,0.4235,1,-1,-1
180,77,438.04,78.92,21.65,45.00,0.2487,1,-1,-1
180,78,1485.02,45.19,15.54,35.01,0.4980,1,-1,-1
180,71,55.65,214.49,28.07,49.88,0.1348,1,-1,-1
181,35,865.66,504.81,30.10,96.39,0.6876,1,-1,-1
181,36,917.22,518.52,42.68,98.03,0.6834,1,-1,-1
181,37,837.63,302.59,36.69,83.71,0.7001,1,-1,-1
181,44,721.62,366.80,33.67,87.88,0.5195,1,-1,-1
181,55,1030.27,175.98,23.57,56.97,0.3621,1,-1,-1
181,64,1589.87,52.86,15.98,39.57,0.5166,1,-1,-1
181,68,1456.35,605.25,61.08,119.83,0.8490,1,-1,-1
181,67,1594.72,277.13,31.33,55.29,0.4369,1,-1,-1
181,73,1499.68,300.93,37.29,80.73,0.2502,1,-1,-1
181,75,1383.06,417.98,43.55,104.45,0.6206,1,-1,-1
181,77,436.76,81.41,21.11,43.90,0.1744,1,-1,-1
181,78,1485.08,44.58,15.66,35.27,0.6505,1,-1,-1
181,71,53.91,214.83,28.93,50.12,0.1722,1,-1,-1
182,35,865.57,505.23,30.21,96.95,0.6758,1,-1,-1
182,36,917.20,519.28,42.55,97.83,0.6817,1,-1,-1
182,37,838.11,302.63,36.21,82.92,0.7058,1,-1,-1
182,44,721.42,367.85,33.24,87.22,0.5535,1,-1,-1
182,55,1031.91,175.81,23.52,57.27,0.3567,1,-1,-1
182,64,1590.11,52.77,16.34,40.57,0.4785,1,-1,-1
182,68,1453.30,605.97,61.06,118.92,0.8529,1,-1,-1
182,67,1593.76,276.93,32.10,56.78,0.3513,1,-1,-1
182,73,1499.95,303.73,36.91,79.53,0.2830,1,-1,-1
182,75,1382.36,418.88,43.89,105.71,0.6478,1,-1,-1
182,77,435.97,83.62,20.58,42.88,0.3998,1,-1,-1
182,78,1484.90,44.30,16.14,36.37,0.6160,1,-1,-1
182,71,52.86,214.39,30.58,51.75,0.3612,1,-1,-1
183,35,865.62,506.15,30.31,97.59,0.6706,1,-1,-1
183,36,916.98,520.37,42.52,97.92,0.6610,1,-1,-1
183,37,837.16,302.40,36.03,81.53,0.6968,1,-1,-1
183,44,721.65,368.64,32.45,85.98,0.5699,1,-1,-1
183,55,1033.91,176.33,22.92,56.15,0.4941,1,-1,-1
183,64,1590.42,52.63,16.58,41.25,0.4737,1,-1,-1
183,68,1450.09,606.85,61.75,119.42,0.8199,1,-1,-1
183,67,1592.88,276.76,33.29,59.18,0.3868,1,-1,-1
183,73,1501.03,305.31,36.73,78.79,0.3157,1,-1,-1
183,75,1381.92,419.31,44.48,107.37,0.6910,1,-1,-1
183,77,434.63,84.16,20.07,41.79,0.5078,1,-1,-1
183,78,1484.72,44.42,16.38,36.91,0.5879,1,-1,-1
183,71,52.92,214.36,31.08,51.36,0.5860,1,-1,-1
184,35,865.70,506.86,30.36,97.92,0.6775,1,-1,-1
184,36,916.88,520.89,42.41,97.99,0.6834,1,-1,-1
184,37,836.98,302.25,35.54,79.24,0.7379,1,-1,-1
184,44,721.83,369.22,31.96,85.66,0.5660,1,-1,-1
184,55,1035.09,176.86,22.98,56.20,0.5137,1,-1,-1
184,64,1590.76,53.15,16.63,41.35,0.4854,1,-1,-1
184,68,1447.37,609.07,61.84,118.09,0.8408,1,-1,-1
184,67,1593.63,276.77,32.82,58.66,0.3702,1,-1,-1
184,73,1502.41,307.38,36.15,77.33,0.1264,1,-1,-1
184,75,1382.03,419.85,44.92,108.46,0.6637,1,-1,-1
184,77,433.56,85.30,19.17,39.83,0.4426,1,-1,-1
184,78,1484.75,44.72,16.38,36.90,0.5506,1,-1,-1
184,71,52.63,214.11,32.28,52.45,0.6593,1,-1,-1
185,35,865.68,507.65,30.42,98.09,0.6876,1,-1,-1
185,36,913.39,521.45,42.50,99.28,0.6460,1,-1,-1
185,37,836.41,302.32,35.82,78.63,0.7225,1,-1,-1
185,44,722.36,369.67,31.48,85.18,0.5794,1,-1,-1
185,55,1037.04,177.73,22.45,54.41,0.4254,1,-1,-1
185,64,1590.89,53.63,16.90,41.88,0.5049,1,-1,-1
185,68,1444.66,611.12,62.72,118.29,0.8233,1,-1,-1
185,67,1594.47,276.34,32.12,57.74,0.1999,1,-1,-1
185,73,1503.53,308.28,35.96,76.94,0.1225,1,-1,-1
185,75,1381.98,419.89,45.18,109.23,0.6531,1,-1,-1
185,77,432.34,86.54,18.38,38.27,0.4225,1,-1,-1
185,78,1485.02,45.14,16.16,36.43,0.5302,1,-1,-1
185,71,52.23,214.37,31.07,49.66,0.5879,1,-1,-1
186,35,865.39,508.20,30.57,98.49,0.6876,1,-1,-1
186,36,914.13,521.67,43.12,101.14,0.6575,1,-1,-1
186,37,836.90,302.46,35.68,77.87,0.7106,1,-1,-1
186,44,722.03,370.24,31.29,85.58,0.5737,1,-1,-1
186,55,1037.96,178.69,22.68,54.65,0.4311,1,-1,-1
186,64,1590.79,54.02,17.17,42.47,0.5574,1,-1,-1
186,68,1443.69,612.65,62.98,117.71,0.8117,1,-1,-1
186,67,1592.85,275.88,33.86,61.01,0.1144,1,-1,-1
186,73,1505.05,305.78,37.67,80.62,0.2063,1,-1,-1
186,75,1382.15,421.35,45.12,109.08,0.7249,1,-1,-1
186,77,431.03,87.21,18.53,38.80,0.3711,1,-1,-1
186,78,1485.09,44.88,16.58,37.39,0.5438,1,-1,-1
186,71,51.76,214.56,31.76,50.28,0.5993,1,-1,-1
187,35,865.11,508.85,30.64,98.62,0.7042,1,-1,-1
187,36,914.67,522.23,43.14,101.45,0.6680,1,-1,-1
187,37,836.87,302.69,35.72,77.41,0.6993,1,-1,-1
187,44,721.62,370.82,31.10,86.16,0.5506,1,-1,-1
187,55,1037.18,179.62,23.60,56.36,0.4111,1,-1,-1
187,64,1590.79,54.07,17.34,42.76,0.5195,1,-1,-1
187,68,1443.13,613.63,63.46,117.92,0.7994,1,-1,-1
187,67,1592.57,276.30,34.02,61.45,0.2386,1,-1,-1
187,75,1382.36,423.94,44.05,106.54,0.7170,1,-1,-1
187,77,429.77,87.01,18.67,39.44,0.5098,1,-1,-1
187,78,1485.27,44.39,16.92,38.21,0.5955,1,-1,-1
187,71,51.37,214.81,32.32,50.92,0.5974,1,-1,-1
187,65,39.99,277.04,29.24,62.68,0.6261,1,-1,-1
188,35,865.11,509.59,30.63,98.69,0.7264,1,-1,-1
188,36,915.02,523.14,42.97,101.59,0.7017,1,-1,-1
188,37,836.51,302.42,36.18,77.97,0.7009,1,-1,-1
188,44,721.32,371.42,30.54,85.54,0.5870,1,-1,-1
188,55,1037.56,180.04,24.11,57.37,0.3989,1,-1,-1
188,64,1591.22,54.01,17.60,43.21,0.4824,1,-1,-1
188,68,1443.69,614.86,63.63,117.32,0.7866,1,-1,-1
188,67,1592.56,276.60,33.97,61.51,0.1427,1,-1,-1
188,75,1382.30,425.64,43.24,104.69,0.6926,1,-1,-1
188,77,428.72,86.46,19.01,40.49,0.5127,1,-1,-1
188,78,1485.25,44.41,17.21,38.93,0.6011,1,-1,-1
188,71,50.11,215.00,34.62,54.94,0.6252,1,-1,-1
188,65,39.40,278.11,29.08,62.07,0.6654,1,-1,-1
189,35,864.96,510.08,31.00,100.22,0.7106,1,-1,-1
189,36,915.60,524.64,42.46,100.83,0.7066,1,-1,-1
189,37,835.81,302.48,36.46,77.79,0.6792,1,-1,-1
189,44,721.14,372.06,30.07,84.95,0.5117,1,-1,-1
189,55,1038.14,180.34,24.34,58.16,0.1272,1,-1,-1
189,64,1592.11,54.31,17.23,42.22,0.4737,1,-1,-1
189,68,1446.71,616.28,63.42,116.95,0.7341,1,-1,-1
189,67,1594.71,277.75,32.77,59.93,0.1962,1,-1,-1
189,75,1382.47,427.43,42.50,102.78,0.5964,1,-1,-1
189,77,428.24,85.80,18.80,40.32,0.5765,1,-1,-1
189,78,1485.16,44.77,17.30,39.30,0.6105,1,-1,-1
189,71,49.54,215.07,35.59,56.98,0.6234,1,-1,-1
189,65,39.51,279.44,28.83,61.53,0.6758,1,-1,-1
190,35,864.63,511.16,31.19,100.70,0.7402,1,-1,-1
190,36,916.13,526.50,42.18,99.95,0.6868,1,-1,-1
190,37,834.09,302.55,37.11,78.08,0.7264,1,-1,-1
190,44,720.08,372.80,30.42,85.92,0.6002,1,-1,-1
190,55,1039.27,180.74,24.25,57.96,0.2651,1,-1,-1
190,64,1592.29,54.19,17.26,42.19,0.4951,1,-1,-1
190,68,1445.58,616.99,63.99,117.24,0.7520,1,-1,-1
190,67,1595.76,278.37,32.27,59.83,0.3390,1,-1,-1
190,75,1382.52,428.45,42.79,103.38,0.5718,1,-1,-1
190,77,427.48,86.22,18.56,39.79,0.5370,1,-1,-1
190,78,1485.08,45.30,17.31,39.52,0.6179,1,-1,-1
190,71,49.46,215.05,34.42,55.73,0.5708,1,-1,-1
190,65,38.49,279.05,29.26,62.25,0.6567,1,-1,-1
191,35,864.35,512.64,31.34,100.96,0.7491,1,-1,-1
191,36,916.43,527.92,42.33,99.80,0.6783,1,-1,-1
191,37,833.28,302.52,37.34,77.77,0.7090,1,-1,-1
191,44,719.89,373.62,30.42,85.70,0.6132,1,-1,-1
191,55,1040.07,181.33,24.15,57.89,0.4727,1,-1,-1
191,64,1592.73,53.80,17.20,41.85,0.4620,1,-1,-1
191,68,1445.07,617.19,64.25,118.13,0.7311,1,-1,-1
191,67,1595.77,278.47,32.42,60.67,0.4388,1,-1,-1
191,75,1382.47,429.20,43.45,104.85,0.6352,1,-1,-1
191,77,426.29,86.69,18.45,39.30,0.4873,1,-1,-1
191,78,1484.93,45.78,17.33,39.72,0.5651,1,-1,-1
191,71,49.79,215.07,32.96,53.97,0.5029,1,-1,-1
191,65,38.79,282.53,27.94,58.85,0.6388,1,-1,-1
192,35,864.07,514.09,31.46,101.02,0.7326,1,-1,-1
192,36,917.34,529.35,41.87,98.22,0.6697,1,-1,-1
192,37,833.94,302.54,37.29,77.29,0.6132,1,-1,-1
192,44,720.15,374.43,31.11,87.64,0.6567,1,-1,-1
192,55,1041.26,181.63,24.00,57.78,0.4177,1,-1,-1
192,64,1592.64,53.51,17.61,42.50,0.5631,1,-1,-1
192,68,1443.22,617.85,64.43,119.29,0.7853,1,-1,-1
192,67,1595.65,278.52,32.56,61.13,0.5059,1,-1,-1
192,75,1382.19,430.10,43.84,105.52,0.6424,1,-1,-1
192,77,425.32,87.76,18.52,39.39,0.5234,1,-1,-1
192,78,1485.21,46.00,17.51,40.22,0.6049,1,-1,-1
192,71,49.85,215.14,32.79,54.35,0.5117,1,-1,-1
192,65,37.77,281.19,28.61,60.11,0.6132,1,-1,-1
193,35,864.37,515.73,31.12,100.10,0.7122,1,-1,-1
193,36,917.61,530.86,41.43,97.14,0.6697,1,-1,-1
193,37,835.03,302.67,35.63,73.43,0.6234,1,-1,-1
193,44,720.37,375.52,30.75,87.22,0.6584,1,-1,-1
193,55,1042.40,182.54,23.66,57.28,0.1500,1,-1,-1
193,64,1593.08,54.38,17.41,41.62,0.5842,1,-1,-1
193,68,1440.57,618.50,64.20,120.55,0.8032,1,-1,-1
193,67,1595.69,279.43,32.56,61.32,0.3794,1,-1,-1
193,75,1383.01,431.71,43.90,105.22,0.6775,1,-1,-1
193,77,424.26,89.18,18.26,38.98,0.3612,1,-1,-1
193,78,1485.55,46.11,17.56,40.47,0.5823,1,-1,-1
193,71,49.86,215.42,32.15,53.84,0.4668,1,-1,-1
193,65,36.85,281.87,28.95,60.63,0.5983,1,-1,-1
194,35,864.41,516.96,30.74,98.86,0.6567,1,-1,-1
194,36,917.46,532.67,41.16,96.65,0.6834,1,-1,-1
194,37,835.03,302.30,36.22,74.98,0.5409,1,-1,-1
194,44,720.00,376.50,30.63,87.36,0.6225,1,-1,-1
194,55,1043.92,182.79,23.08,55.97,0.3576,1,-1,-1
194,64,1593.21,55.01,17.63,41.77,0.5804,1,-1,-1
194,68,1439.77,619.14,62.95,120.83,0.7957,1,-1,-1
194,67,1595.54,279.58,33.45,63.47,0.3739,1,-1,-1
194,75,1382.81,434.36,43.23,103.39,0.6388,1,-1,-1
194,77,422.67,90.43,18.27,39.34,0.1739,1,-1,-1
194,78,1485.80,46.19,17.73,40.94,0.5765,1,-1,-1
194,71,49.40,215.41,33.77,57.48,0.5612,1,-1,-1
194,65,34.41,278.56,31.03,64.80,0.6058,1,-1,-1
195,35,863.78,517.82,30.85,99.32,0.6460,1,-1,-1
195,36,917.00,533.46,41.99,98.78,0.6749,1,-1,-1
195,37,835.65,301.37,32.76,67.95,0.4717,1,-1,-1
195,44,720.65,377.73,29.72,85.18,0.6243,1,-1,-1
195,55,1045.00,183.07,22.86,55.41,0.5390,1,-1,-1
195,64,1593.82,56.19,17.49,41.26,0.5727,1,-1,-1
195,68,1437.76,620.03,61.17,120.96,0.7746,1,-1,-1
195,67,1596.26,279.87,33.67,64.56,0.2767,1,-1,-1
195,75,1382.66,436.04,43.09,103.03,0.7090,1,-1,-1
195,77,421.96,91.24,18.29,39.42,0.2502,1,-1,-1
195,78,1486.26,46.88,17.60,40.66,0.5467,1,-1,-1
195,71,50.34,215.64,30.34,52.28,0.5263,1,-1,-1
195,65,34.55,280.20,30.49,63.39,0.5775,1,-1,-1
196,35,863.36,518.93,31.19,100.32,0.6758,1,-1,-1
196,36,917.02,534.93,42.74,100.16,0.6749,1,-1,-1
196,37,835.12,299.94,33.33,69.99,0.5409,1,-1,-1
196,44,720.47,378.99,29.73,86.07,0.5851,1,-1,-1
196,55,1045.28,183.25,23.69,57.22,0.5804,1,-1,-1
196,64,1594.09,56.78,17.26,40.26,0.4130,1,-1,-1
196,68,1435.84,622.11,58.50,119.32,0.7592,1,-1,-1
196,67,1595.84,280.80,33.28,63.66,0.2031,1,-1,-1
196,75,1382.24,437.06,43.09,103.72,0.6893,1,-1,-1
196,78,1486.78,47.60,17.15,39.49,0.5127,1,-1,-1
196,71,50.28,215.07,31.42,55.04,0.6160,1,-1,-1
196,65,35.13,283.68,29.34,59.79,0.6593,1,-1,-1
197,35,863.69,521.02,30.60,98.52,0.6775,1,-1,-1
197,36,916.77,536.28,42.91,100.80,0.6885,1,-1,-1
197,37,833.90,299.03,32.92,70.41,0.4436,1,-1,-1
197,44,719.99,379.83,29.81,86.82,0.6243,1,-1,-1
197,55,1044.45,184.17,24.89,59.37,0.5283,1,-1,-1
197,64,1594.44,56.94,17.36,40.25,0.3998,1,-1,-1
197,68,1433.40,623.57,56.73,118.70,0.7691,1,-1,-1
197,67,1597.26,281.52,33.56,64.44,0.2870,1,-1,-1
197,75,1381.99,437.37,43.39,104.94,0.7249,1,-1,-1
197,78,1487.13,47.59,17.30,39.79,0.5467,1,-1,-1
197,71,50.01,214.53,33.17,58.84,0.6415,1,-1,-1
197,65,33.19,283.17,30.58,61.60,0.6558,1,-1,-1
198,35,863.73,521.83,30.86,99.08,0.6732,1,-1,-1
198,36,917.07,538.58,42.49,99.91,0.6885,1,-1,-1
198,37,835.47,298.07,29.32,63.30,0.5651,1,-1,-1
198,44,718.87,380.47,29.48,86.06,0.6697,1,-1,-1
198,55,1046.73,185.42,23.26,55.67,0.5176,1,-1,-1
198,64,1595.02,56.90,17.45,40.23,0.4610,1,-1,-1
198,68,1431.48,624.30,55.45,118.33,0.7746,1,-1,-1
198,67,1597.55,282.40,33.83,65.00,0.4776,1,-1,-1
198,75,1382.21,438.89,43.04,104.44,0.7154,1,-1,-1
198,78,1487.48,47.98,17.35,39.70,0.5727,1,-1,-1
198,71,49.63,214.38,31.97,57.48,0.6179,1,-1,-1
198,65,32.05,284.03,30.91,61.54,0.6123,1,-1,-1
199,35,863.40,522.81,31.26,100.19,0.6749,1,-1,-1
199,36,917.66,540.33,42.56,99.81,0.6697,1,-1,-1
199,37,835.24,297.50,29.87,65.51,0.5506,1,-1,-1
199,44,717.85,380.98,29.46,86.35,0.6379,1,-1,-1
199,55,1048.13,185.86,23.09,55.84,0.4737,1,-1,-1
199,64,1595.96,56.23,17.82,40.94,0.4340,1,-1,-1
199,68,1429.25,625.53,54.96,119.19,0.7840,1,-1,-1
199,67,1598.74,283.47,33.49,64.57,0.5088,1,-1,-1
199,75,1382.65,440.23,42.91,104.40,0.7154,1,-1,-1
199,78,1487.90,47.50,17.54,40.12,0.6086,1,-1,-1
199,71,48.49,214.30,33.68,61.63,0.6270,1,-1,-1
199,65,30.76,281.98,32.21,63.86,0.5993,1,-1,-1
199,77,418.65,93.09,18.19,39.38,0.4980,1,-1,-1
200,35,863.04,525.38,31.28,99.85,0.6851,1,-1,-1
200,36,915.27,541.82,42.44,100.35,0.6893,1,-1,-1
200,37,834.12,297.34,30.85,69.43,0.5842,1,-1,-1
200,44,718.15,382.01,29.90,88.25,0.6298,1,-1,-1
200,55,1049.43,186.13,23.65,57.70,0.4475,1,-1,-1
200,64,1596.46,55.86,18.18,42.06,0.4873,1,-1,-1
200,68,1426.74,627.87,54.37,118.72,0.7705,1,-1,-1
200,67,1600.17,284.95,32.90,63.29,0.5612,1,-1,-1
200,75,1382.94,441.69,42.92,104.84,0.7520,1,-1,-1
200,78,1488.75,48.02,17.56,40.29,0.5993,1,-1,-1
200,71,47.99,214.69,32.87,61.40,0.6049,1,-1,-1
200,65,30.13,283.89,31.72,62.49,0.5784,1,-1,-1
200,77,418.10,93.48,18.21,39.65,0.5361,1,-1,-1
201,35,862.75,527.91,31.17,99.01,0.6968,1,-1,-1
201,36,914.59,543.44,42.12,100.35,0.6843,1,-1,-1
201,37,832.88,297.58,30.73,70.38,0.5438,1,-1,-1
201,44,718.66,383.00,30.00,89.04,0.6602,1,-1,-1
201,55,1049.54,186.50,24.39,59.71,0.5765,1,-1,-1
201,64,1597.75,56.50,17.63,40.77,0.4330,1,-1,-1
201,68,1422.44,629.46,55.32,120.51,0.7746,1,-1,-1
201,67,1602.75,286.32,30.75,58.78,0.3989,1,-1,-1
201,75,1382.59,442.90,43.03,105.66,0.7432,1,-1,-1
201,78,1489.22,47.68,17.73,40.81,0.6049,1,-1,-1
201,71,47.45,214.83,33.73,63.73,0.6984,1,-1,-1
201,65,28.13,283.06,32.66,64.09,0.6522,1,-1,-1
201,77,417.71,93.85,18.19,39.89,0.5263,1,-1,-1
201,73,1517.84,319.87,39.00,82.45,0.5000,1,-1,-1
202,35,862.66,529.44,31.53,99.60,0.6984,1,-1,-1
202,36,912.91,544.93,42.19,101.62,0.6280,1,-1,-1
202,37,829.94,298.67,32.35,75.27,0.5879,1,-1,-1
202,44,719.10,384.75,29.95,88.95,0.6809,1,-1,-1
202,55,1050.88,187.06,24.46,60.66,0.6522,1,-1,-1
202,64,1600.01,56.16,16.86,38.22,0.3970,1,-1,-1
202,68,1419.52,630.85,56.39,121.75,0.6792,1,-1,-1
202,67,1604.94,286.88,29.23,55.17,0.3268,1,-1,-1
202,75,1382.68,444.34,42.85,105.34,0.7372,1,-1,-1
202,78,1489.73,47.40,18.07,41.70,0.5535,1,-1,-1
202,71,46.67,215.12,33.89,64.76,0.6540,1,-1,-1
202,65,25.68,279.93,34.38,67.29,0.5718,1,-1,-1
202,77,417.05,94.51,17.97,39.74,0.5127,1,-1,-1
202,73,1518.17,320.28,39.90,84.13,0.4824,1,-1,-1
203,35,862.55,531.23,31.65,99.41,0.6868,1,-1,-1
203,36,914.90,546.31,42.57,102.74,0.6766,1,-1,-1
203,37,829.59,299.80,31.58,74.67,0.5612,1,-1,-1
203,44,719.15,386.64,29.93,88.64,0.6792,1,-1,-1
203,55,1052.20,188.35,24.06,60.06,0.6379,1,-1,-1
203,64,1601.13,54.54,17.04,38.22,0.1830,1,-1,-1
203,68,1420.45,632.44,57.94,123.20,0.7326,1,-1,-1
203,67,1603.51,287.89,31.92,60.04,0.3513,1,-1,-1
203,75,1383.57,445.89,43.00,104.90,0.7564,1,-1,-1
203,78,1489.83,47.36,18.87,43.86,0.5029,1,-1,-1
203,71,45.88,215.96,32.20,62.35,0.6610,1,-1,-1
203,65,28.70,286.88,31.26,61.30,0.5448,1,-1,-1
203,77,416.59,95.23,18.30,40.82,0.5429,1,-1,-1
203,73,1519.70,321.57,40.05,84.43,0.7033,1,-1,-1
204,35,862.51,533.07,31.59,99.42,0.6723,1,-1,-1
204,36,915.57,548.08,42.57,103.08,0.6610,1,-1,-1
204,37,830.22,303.40,29.66,71.24,0.4932,1,-1,-1
204,44,718.26,387.55,29.33,87.10,0.6549,1,-1,-1
204,55,1053.22,189.71,24.00,60.57,0.6522,1,-1,-1
204,64,1601.31,56.59,16.42,36.45,0.2180,1,-1,-1
204,68,1420.16,634.41,57.96,123.12,0.6206,1,-1,-1
204,67,1602.27,288.23,33.99,63.31,0.5137,1,-1,-1
204,75,1383.05,448.35,43.12,105.12,0.7549,1,-1,-1
204,78,1490.31,47.80,19.05,44.50,0.4795,1,-1,-1
204,71,45.42,216.76,31.43,61.52,0.6901,1,-1,-1
204,65,23.76,283.27,34.03,66.44,0.6567,1,-1,-1
204,77,416.61,96.42,17.85,39.79,0.5049,1,-1,-1
204,73,1521.30,323.01,40.38,84.69,0.6549,1,-1,-1
205,35,861.82,534.68,32.17,101.38,0.6926,1,-1,-1
205,36,916.56,551.23,41.76,100.76,0.6522,1,-1,-1
205,37,829.14,304.06,29.22,70.60,0.6142,1,-1,-1
205,44,716.34,388.32,30.10,88.94,0.6766,1,-1,-1
205,55,1054.28,190.26,23.72,60.59,0.6379,1,-1,-1
205,64,1601.15,57.85,17.11,37.88,0.3621,1,-1,-1
205,68,1421.35,636.78,57.75,122.49,0.6298,1,-1,-1
205,67,1602.03,288.06,36.24,67.31,0.2095,1,-1,-1
205,75,1382.52,449.63,43.28,105.32,0.7663,1,-1,-1
205,78,1491.00,48.08,18.82,44.22,0.5117,1,-1,-1
205,71,44.65,216.97,31.68,62.63,0.7098,1,-1,-1
205,65,22.20,283.54,34.75,67.38,0.6645,1,-1,-1
205,77,416.08,97.57,18.73,42.06,0.5010,1,-1,-1
205,73,1522.09,323.84,40.88,85.28,0.4465,1,-1,-1
206,35,861.19,536.44,32.34,102.29,0.7202,1,-1,-1
206,36,917.25,553.71,42.16,101.29,0.6307,1,-1,-1
206,37,827.28,304.64,29.59,71.64,0.4815,1,-1,-1
206,44,715.59,390.30,29.94,88.66,0.6487,1,-1,-1
206,55,1054.94,190.65,23.60,60.88,0.6215,1,-1,-1
206,64,1601.42,58.67,17.67,39.37,0.3478,1,-1,-1
206,68,1422.03,636.82,59.20,125.31,0.5660,1,-1,-1
206,67,1604.03,289.21,35.36,65.49,0.3451,1,-1,-1
206,75,1382.43,450.87,43.26,105.01,0.7432,1,-1,-1
206,78,1491.56,48.69,18.42,43.50,0.5689,1,-1,-1
206,71,44.10,217.57,30.96,61.60,0.7287,1,-1,-1
206,65,20.94,285.10,34.97,67.26,0.6732,1,-1,-1
206,77,416.13,99.95,17.66,39.60,0.3183,1,-1,-1
206,73,1522.45,323.83,41.44,85.92,0.2942,1,-1,-1
207,35,861.29,538.89,31.85,101.10,0.6926,1,-1,-1
207,36,917.02,555.78,42.08,100.84,0.6361,1,-1,-1
207,37,826.50,305.11,29.12,70.81,0.5244,1,-1,-1
207,44,714.91,391.84,30.02,89.15,0.6680,1,-1,-1
207,55,1055.99,191.25,23.78,61.32,0.6086,1,-1,-1
207,64,1600.80,59.61,19.05,42.38,0.3877,1,-1,-1
207,68,1421.66,637.10,60.70,127.11,0.1889,1,-1,-1
207,67,1602.63,289.70,37.36,68.35,0.2088,1,-1,-1
207,75,1382.82,451.56,43.77,105.92,0.7447,1,-1,-1
207,78,1492.31,49.79,17.87,42.27,0.4475,1,-1,-1
207,71,43.35,218.59,30.19,60.38,0.6935,1,-1,-1
207,65,19.30,285.87,35.59,68.05,0.6868,1,-1,-1
207,77,415.93,101.24,17.61,39.33,0.3157,1,-1,-1
207,73,1523.16,323.77,42.30,87.17,0.1716,1,-1,-1
208,35,860.41,540.73,32.23,101.80,0.7122,1,-1,-1
208,36,916.69,557.74,42.89,102.60,0.6817,1,-1,-1
208,37,825.85,305.65,28.87,70.32,0.5127,1,-1,-1
208,44,716.19,392.99,29.84,88.26,0.6654,1,-1,-1
208,55,1056.59,192.08,23.27,60.30,0.6049,1,-1,-1
208,64,1601.29,59.92,19.62,44.19,0.1859,1,-1,-1
208,67,1604.78,290.66,38.21,70.22,0.3329,1,-1,-1
208,75,1383.74,453.38,43.82,105.99,0.7759,1,-1,-1
208,78,1493.32,50.92,17.20,40.68,0.2408,1,-1,-1
208,71,42.70,219.55,29.23,58.53,0.6800,1,-1,-1
208,65,17.37,285.09,36.81,70.07,0.6514,1,-1,-1
208,77,416.14,101.80,16.94,37.35,0.3140,1,-1,-1
209,35,860.67,542.81,32.32,101.70,0.7066,1,-1,-1
209,36,914.45,559.59,43.11,104.19,0.6993,1,-1,-1
209,37,824.97,305.94,28.35,69.23,0.5088,1,-1,-1
209,44,715.35,394.13,29.42,87.66,0.6843,1,-1,-1
209,55,1057.37,192.83,23.44,60.74,0.6379,1,-1,-1
209,64,1602.48,59.79,19.14,43.45,0.2568,1,-1,-1
209,67,1606.56,292.07,38.60,71.28,0.2621,1,-1,-1
209,75,1383.64,454.54,44.52,107.47,0.7520,1,-1,-1
209,78,1494.06,51.23,17.04,40.30,0.2553,1,-1,-1
209,71,41.53,220.47,28.88,57.89,0.6522,1,-1,-1
209,65,15.37,285.27,37.22,70.76,0.6584,1,-1,-1
209,77,415.71,101.59,18.51,40.38,0.3174,1,-1,-1
210,35,860.51,544.46,32.65,102.52,0.6935,1,-1,-1
210,36,917.00,563.09,42.19,101.17,0.6680,1,-1,-1
210,37,824.08,306.45,29.63,73.12,0.5898,1,-1,-1
210,44,714.31,395.62,29.12,87.16,0.7025,1,-1,-1
210,55,1058.58,194.40,23.41,60.41,0.6496,1,-1,-1
210,64,1602.60,60.46,19.16,43.38,0.3739,1,-1,-1
210,67,1607.59,294.63,38.98,72.41,0.3730,1,-1,-1
210,75,1384.25,456.39,44.57,108.06,0.7417,1,-1,-1
210,78,1494.67,51.39,16.85,39.87,0.2636,1,-1,-1
210,71,40.04,221.07,28.87,58.08,0.6270,1,-1,-1
210,65,13.84,285.58,37.69,71.69,0.6352,1,-1,-1
210,77,415.69,101.33,19.29,41.45,0.4177,1,-1,-1
211,35,860.34,547.49,32.66,103.00,0.6645,1,-1,-1
211,36,915.37,565.66,42.06,101.40,0.6706,1,-1,-1
211,37,822.94,306.91,28.76,71.12,0.5746,1,-1,-1
211,44,714.40,398.01,28.32,84.98,0.6792,1,-1,-1
211,55,1059.44,195.17,23.74,60.72,0.6252,1,-1,-1
211,64,1604.45,61.19,18.01,40.69,0.2910,1,-1,-1
211,67,1609.61,296.84,37.75,70.25,0.2814,1,-1,-1
211,75,1384.24,457.34,45.08,109.32,0.7718,1,-1,-1
211,71,37.76,222.17,30.87,62.37,0.6826,1,-1,-1
211,65,11.99,286.97,37.61,71.50,0.6549,1,-1,-1
211,77,415.41,101.64,19.48,40.89,0.4659,1,-1,-1
212,35,860.31,550.63,32.47,102.76,0.6697,1,-1,-1
212,36,914.01,567.97,41.62,101.15,0.6388,1,-1,-1
212,37,823.04,307.36,28.25,70.41,0.5215,1,-1,-1
212,44,714.04,399.24,28.33,85.19,0.6706,1,-1,-1
212,55,1060.87,195.93,24.38,61.87,0.5813,1,-1,-1
212,64,1604.63,61.09,18.52,41.79,0.1705,1,-1,-1
212,67,1611.33,299.25,36.76,68.51,0.4678,1,-1,-1
212,75,1385.22,459.44,44.62,108.75,0.7280,1,-1,-1
212,71,37.30,222.76,31.14,63.11,0.6901,1,-1,-1
212,65,10.12,288.14,37.50,71.47,0.6002,1,-1,-1
212,77,415.05,102.15,20.00,41.32,0.5273,1,-1,-1
212,81,-0.67,371.76,22.61,69.79,0.5370,1,-1,-1
212,73,1530.09,327.25,45.18,91.43,0.4815,1,-1,-1
213,35,860.56,553.31,32.49,102.64,0.6783,1,-1,-1
213,36,913.40,570.50,41.87,102.24,0.6843,1,-1,-1
213,37,819.94,308.00,29.99,74.89,0.5380,1,-1,-1
213,44,713.96,400.86,28.98,86.46,0.6169,1,-1,-1
213,55,1062.62,196.44,24.29,61.59,0.5784,1,-1,-1
213,67,1612.73,300.26,36.75,68.62,0.5244,1,-1,-1
213,75,1385.32,460.37,44.68,109.38,0.7649,1,-1,-1
213,71,36.54,223.08,31.13,63.47,0.7225,1,-1,-1
213,65,8.56,288.82,37.69,72.18,0.5946,1,-1,-1
213,77,414.37,102.83,20.64,42.08,0.4533,1,-1,-1
213,81,-0.73,378.90,20.68,63.93,0.6352,1,-1,-1
213,73,1531.25,328.72,45.54,91.32,0.5946,1,-1,-1
214,35,860.46,555.74,32.46,102.65,0.7042,1,-1,-1
214,36,914.61,572.77,42.46,102.99,0.6179,1,-1,-1
214,37,817.14,308.55,31.74,77.74,0.6567,1,-1,-1
214,44,712.49,402.34,29.70,88.28,0.6270,1,-1,-1
214,55,1064.17,197.68,23.35,59.26,0.5380,1,-1,-1
214,67,1613.12,300.68,37.44,69.67,0.5049,1,-1,-1
214,75,1385.25,461.45,44.90,109.94,0.7827,1,-1,-1
214,71,35.75,223.59,31.17,63.96,0.7484,1,-1,-1
214,65,7.55,292.57,36.62,70.00,0.6086,1,-1,-1
214,77,413.60,104.12,21.05,42.89,0.4330,1,-1,-1
214,81,-1.09,385.41,19.30,59.88,0.6206,1,-1,-1
214,73,1532.17,328.42,47.13,93.39,0.6243,1,-1,-1
215,35,860.05,557.97,32.54,103.33,0.7025,1,-1,-1
215,36,916.09,576.24,42.11,101.59,0.5955,1,-1,-1
215,37,817.50,309.39,31.70,77.53,0.6406,1,-1,-1
215,44,712.73,404.64,29.35,86.76,0.6469,1,-1,-1
215,55,1065.32,197.54,23.95,61.39,0.5254,1,-1,-1
215,67,1614.89,301.09,38.44,71.74,0.5516,1,-1,-1
215,75,1385.64,464.09,44.13,108.47,0.7417,1,-1,-1
215,71,34.87,224.16,30.52,62.58,0.7599,1,-1,-1
215,65,5.92,296.66,35.08,66.83,0.6252,1,-1,-1
215,77,413.72,106.23,18.18,36.49,0.2767,1,-1,-1
215,81,-1.46,389.77,18.90,59.00,0.4407,1,-1,-1
215,73,1533.16,326.21,49.73,97.61,0.2200,1,-1,-1
216,35,859.85,560.79,32.26,102.58,0.6993,1,-1,-1
216,36,916.41,578.86,42.08,101.15,0.6105,1,-1,-1
216,37,816.52,310.68,31.78,77.50,0.6021,1,-1,-1
216,44,711.94,406.36,29.60,87.70,0.6442,1,-1,-1
216,55,1066.53,198.12,24.32,62.97,0.5765,1,-1,-1
216,67,1616.13,301.12,40.20,75.55,0.5993,1,-1,-1
216,75,1385.73,465.75,44.43,109.37,0.7691,1,-1,-1
216,71,34.06,224.63,30.61,62.73,0.7498,1,-1,-1
216,65,3.55,298.97,34.43,65.15,0.6270,1,-1,-1
216,77,413.26,107.20,16.63,32.85,0.1931,1,-1,-1
216,81,-2.33,389.99,19.50,61.63,0.1124,1,-1,-1
216,73,1533.54,326.38,51.00,99.35,0.1566,1,-1,-1
217,35,859.27,563.60,32.51,103.49,0.6893,1,-1,-1
217,36,913.64,580.94,43.32,104.41,0.7058,1,-1,-1
217,37,814.90,311.94,31.83,77.89,0.6021,1,-1,-1
217,44,711.41,408.22,29.44,88.10,0.6132,1,-1,-1
217,55,1068.17,198.55,23.60,61.11,0.6030,1,-1,-1
217,67,1617.29,302.41,40.00,75.48,0.5670,1,-1,-1
217,75,1386.01,467.43,44.86,110.87,0.7705,1,-1,-1
217,71,32.64,225.46,30.90,63.28,0.6680,1,-1,-1
217,65,3.73,304.10,32.81,61.83,0.5765,1,-1,-1
217,77,413.06,108.91,16.61,32.65,0.1385,1,-1,-1
217,81,-4.29,387.57,20.29,65.80,0.1442,1,-1,-1
218,35,858.58,565.83,32.84,103.98,0.7033,1,-1,-1
218,36,911.99,583.47,43.97,106.06,0.7058,1,-1,-1
218,37,813.40,313.43,31.90,78.71,0.5983,1,-1,-1
218,44,710.69,410.55,29.92,89.78,0.6132,1,-1,-1
218,55,1068.61,199.60,23.49,60.85,0.6049,1,-1,-1
218,67,1618.32,303.48,40.31,76.30,0.5574,1,-1,-1
218,75,1386.67,469.31,44.81,111.50,0.7417,1,-1,-1
218,71,31.45,226.58,30.66,62.74,0.6325,1,-1,-1
218,65,1.43,305.41,32.98,62.40,0.4254,1,-1,-1
218,73,1534.91,334.33,49.05,94.77,0.4980,1,-1,-1
219,35,858.50,568.73,33.09,104.36,0.7394,1,-1,-1
219,36,911.58,587.11,44.08,106.07,0.6775,1,-1,-1
219,37,812.70,314.80,31.50,78.25,0.5879,1,-1,-1
219,44,710.07,412.35,30.40,90.51,0.7001,1,-1,-1
219,55,1069.32,200.53,23.68,61.83,0.6252,1,-1,-1
219,67,1619.77,305.08,39.85,75.81,0.5631,1,-1,-1
219,75,1387.09,472.58,44.53,111.13,0.7402,1,-1,-1
219,71,30.90,227.06,28.73,58.35,0.5293,1,-1,-1
219,65,0.81,308.56,31.92,60.51,0.5870,1,-1,-1
219,73,1536.67,337.83,48.59,93.19,0.5409,1,-1,-1
219,68,1389.54,669.40,57.84,115.37,0.6826,1,-1,-1
220,35,858.23,572.58,33.00,103.54,0.7225,1,-1,-1
220,36,911.31,590.66,43.16,103.65,0.6352,1,-1,-1
220,37,813.75,316.39,27.77,69.10,0.6379,1,-1,-1
220,44,710.08,414.09,30.28,89.49,0.7082,1,-1,-1
220,55,1071.51,201.31,23.31,61.43,0.6030,1,-1,-1
220,67,1620.38,305.45,40.61,77.41,0.4216,1,-1,-1
220,75,1387.24,474.60,45.12,113.24,0.8007,1,-1,-1
220,71,29.87,228.50,29.72,59.92,0.3372,1,-1,-1
220,65,-1.33,305.79,33.73,64.62,0.5583,1,-1,-1
220,73,1538.21,341.95,47.96,91.13,0.6671,1,-1,-1
220,68,1388.03,672.60,59.00,114.59,0.8578,1,-1,-1
221,35,857.77,574.22,33.50,104.58,0.6901,1,-1,-1
221,36,913.69,592.12,44.77,107.20,0.6645,1,-1,-1
221,37,812.12,317.64,28.53,71.58,0.6766,1,-1,-1
221,44,709.71,415.70,30.64,89.58,0.7364,1,-1,-1
221,55,1073.26,201.84,23.53,62.86,0.6160,1,-1,-1
221,67,1620.74,308.24,40.43,76.02,0.3132,1,-1,-1
221,75,1386.96,477.40,45.60,114.75,0.7944,1,-1,-1
221,71,28.90,229.74,31.24,62.45,0.5955,1,-1,-1
221,65,-2.99,303.75,34.68,67.73,0.6602,1,-1,-1
221,73,1539.09,340.76,49.53,93.73,0.5409,1,-1,-1
221,68,1388.36,676.47,59.40,113.60,0.7592,1,-1,-1
222,35,857.33,577.69,33.95,105.92,0.7287,1,-1,-1
222,36,913.80,595.69,44.98,106.68,0.6086,1,-1,-1
222,37,810.84,318.98,28.88,72.75,0.7241,1,-1,-1
222,44,708.81,417.13,30.71,89.32,0.7379,1,-1,-1
222,55,1072.70,202.44,24.19,63.95,0.6628,1,-1,-1
222,67,1618.78,309.82,42.00,76.93,0.3531,1,-1,-1
222,75,1386.52,479.62,45.52,114.02,0.8069,1,-1,-1
222,71,27.04,230.45,31.08,61.82,0.5477,1,-1,-1
222,65,-4.30,304.31,34.78,69.72,0.5832,1,-1,-1
222,73,1541.09,345.37,48.71,91.12,0.5098,1,-1,-1
222,68,1388.06,680.62,60.31,114.81,0.8069,1,-1,-1
223,35,857.76,581.19,33.54,104.95,0.6943,1,-1,-1
223,36,911.73,600.55,44.90,106.48,0.5631,1,-1,-1
223,37,808.79,319.53,30.97,77.87,0.6926,1,-1,-1
223,44,707.74,419.45,30.69,88.82,0.6843,1,-1,-1
223,55,1074.33,203.75,24.09,64.34,0.6298,1,-1,-1
223,67,1624.11,311.41,41.19,75.89,0.3346,1,-1,-1
223,75,1386.54,481.61,45.56,114.05,0.7592,1,-1,-1
223,71,26.53,232.01,30.32,59.61,0.5098,1,-1,-1
223,65,-5.26,307.63,32.68,67.79,0.6549,1,-1,-1
223,73,1541.46,344.83,50.24,93.77,0.5370,1,-1,-1
223,68,1388.86,684.90,60.35,115.47,0.7759,1,-1,-1
224,35,857.23,585.14,33.36,104.91,0.7025,1,-1,-1
224,36,911.82,603.58,45.00,107.35,0.6993,1,-1,-1
224,37,807.50,320.45,31.86,79.80,0.6619,1,-1,-1
224,44,707.61,421.70,31.07,89.14,0.7098,1,-1,-1
224,55,1076.71,205.39,23.32,62.92,0.6243,1,-1,-1
224,67,1623.03,311.07,42.19,76.80,0.3531,1,-1,-1
224,75,1385.22,484.88,45.93,113.60,0.8105,1,-1,-1
224,71,24.26,232.43,32.74,64.45,0.3099,1,-1,-1
224,65,-5.83,308.05,31.66,68.14,0.5603,1,-1,-1
224,73,1542.81,347.43,49.25,91.28,0.5312,1,-1,-1
224,68,1390.21,688.99,60.68,116.99,0.7106,1,-1,-1
225,35,856.73,588.72,33.17,104.89,0.6637,1,-1,-1
225,36,911.38,606.27,45.15,107.89,0.7154,1,-1,-1
225,37,808.05,321.78,29.29,73.21,0.5898,1,-1,-1
225,44,707.56,423.47,31.75,90.17,0.6951,1,-1,-1
225,55,1079.29,206.12,22.31,60.00,0.6086,1,-1,-1
225,67,1622.26,310.94,44.37,80.24,0.3961,1,-1,-1
225,75,1384.35,487.68,46.49,113.39,0.8210,1,-1,-1
225,65,-5.19,313.07,28.64,63.68,0.4340,1,-1,-1
225,73,1544.64,349.94,49.03,90.43,0.6671,1,-1,-1
225,68,1393.42,692.23,58.45,113.98,0.7800,1,-1,-1
226,35,856.43,591.56,33.30,105.14,0.7098,1,-1,-1
226,36,911.40,610.26,45.16,107.90,0.6602,1,-1,-1
226,37,805.52,323.59,31.39,78.26,0.6740,1,-1,-1
226,44,708.06,426.32,32.12,89.45,0.6984,1,-1,-1
226,55,1080.16,206.67,23.88,64.23,0.6234,1,-1,-1
226,67,1622.94,311.47,46.13,83.44,0.4158,1,-1,-1
226,75,1383.84,490.80,46.93,112.50,0.8300,1,-1,-1
226,65,-5.08,313.58,27.84,64.07,0.3390,1,-1,-1
226,73,1546.09,351.24,49.63,91.92,0.6243,1,-1,-1
226,68,1393.23,696.23,59.52,118.63,0.7759,1,-1,-1
226,83,1519.34,105.55,61.60,52.81,0.6188,4,-1,-1
227,35,855.95,595.16,33.40,105.45,0.6918,1,-1,-1
227,36,911.84,614.23,44.36,106.22,0.6388,1,-1,-1
227,37,804.07,324.53,32.22,80.01,0.6654,1,-1,-1
227,44,706.17,427.81,33.94,94.01,0.6834,1,-1,-1
227,55,1080.31,206.94,24.36,65.27,0.6469,1,-1,-1
227,67,1623.29,310.10,48.20,87.66,0.3794,1,-1,-1
227,75,1383.27,493.56,47.98,112.37,0.8044,1,-1,-1
227,65,-5.44,313.25,27.45,65.70,0.3666,1,-1,-1
227,73,1547.61,351.03,50.28,92.97,0.4980,1,-1,-1
227,68,1392.41,700.04,59.68,121.40,0.7592,1,-1,-1
227,83,1520.46,106.24,63.69,54.66,0.5983,4,-1,-1
227,71,22.04,235.45,33.76,65.65,0.5078,1,-1,-1
228,35,855.63,597.80,33.73,106.11,0.6935,1,-1,-1
228,36,911.59,617.70,44.78,106.61,0.6514,1,-1,-1
228,37,803.15,324.91,30.14,74.24,0.6951,1,-1,-1
228,44,704.11,429.20,35.17,96.93,0.7225,1,-1,-1
228,55,1081.35,208.06,24.36,65.18,0.5917,1,-1,-1
228,67,1624.76,312.89,47.70,86.46,0.4054,1,-1,-1
228,75,1383.75,497.01,48.63,111.52,0.8187,1,-1,-1
228,65,-4.77,315.45,25.80,63.82,0.4235,1,-1,-1
228,73,1549.65,354.82,49.18,90.54,0.5176,1,-1,-1
228,68,1392.25,702.36,59.34,122.63,0.7691,1,-1,-1
228,83,1523.43,109.35,60.50,51.86,0.6514,4,-1,-1
228,71,20.79,237.37,32.66,62.69,0.5341,1,-1,-1
229,35,855.52,601.32,34.25,107.74,0.7272,1,-1,-1
229,36,908.59,620.87,46.24,109.49,0.5851,1,-1,-1
229,37,801.83,325.59,28.64,69.56,0.6610,1,-1,-1
229,44,704.05,431.82,35.34,96.59,0.7178,1,-1,-1
229,55,1082.33,209.57,24.14,64.32,0.6663,1,-1,-1
229,67,1626.88,311.08,49.12,89.46,0.3504,1,-1,-1
229,75,1383.21,499.64,49.84,113.00,0.8152,1,-1,-1
229,65,-4.81,314.65,25.46,65.33,0.1196,1,-1,-1
229,73,1551.00,357.85,48.79,89.60,0.5176,1,-1,-1
229,68,1391.48,706.13,58.55,122.38,0.8019,1,-1,-1
229,83,1526.62,111.03,58.96,50.45,0.4941,4,-1,-1
229,71,20.22,239.92,32.40,61.00,0.1767,1,-1,-1
229,85,1541.05,49.89,16.13,38.31,0.4980,1,-1,-1
230,35,854.70,605.04,34.44,108.84,0.7122,1,-1,-1
230,36,910.81,625.80,45.91,108.11,0.5670,1,-1,-1
230,37,801.20,327.03,27.23,65.71,0.6540,1,-1,-1
230,44,702.62,434.09,34.77,94.99,0.7225,1,-1,-1
230,55,1082.98,210.89,24.35,64.35,0.6334,1,-1,-1
230,67,1629.65,313.41,48.33,88.33,0.6039,1,-1,-1
230,75,1384.25,503.33,50.52,112.53,0.8129,1,-1,-1
230,73,1552.50,356.78,49.39,90.99,0.3115,1,-1,-1
230,68,1390.22,710.83,58.07,122.11,0.8210,1,-1,-1
230,83,1530.24,111.40,59.22,50.41,0.1495,4,-1,-1
230,85,1542.26,50.55,15.94,37.83,0.4932,1,-1,-1
231,35,854.54,609.39,34.06,107.78,0.7090,1,-1,-1
231,36,910.77,628.70,46.61,109.94,0.7326,1,-1,-1
231,37,800.26,328.26,27.73,66.28,0.6487,1,-1,-1
231,44,701.03,436.64,35.43,96.75,0.6918,1,-1,-1
231,55,1084.26,212.31,24.59,64.04,0.6478,1,-1,-1
231,67,1632.55,316.39,46.99,85.91,0.4854,1,-1,-1
231,75,1386.57,507.72,50.67,111.28,0.8081,1,-1,-1
231,73,1553.71,359.58,48.64,89.71,0.2561,1,-1,-1
231,68,1389.50,714.84,57.33,120.79,0.8300,1,-1,-1
231,83,1531.42,110.34,63.25,53.90,0.4187,4,-1,-1
231,85,1540.94,49.87,16.81,39.52,0.3115,1,-1,-1
232,35,854.15,612.81,34.44,109.42,0.7042,1,-1,-1
232,36,909.07,632.43,47.21,110.89,0.6723,1,-1,-1
232,37,797.32,329.78,30.08,71.89,0.6663,1,-1,-1
232,44,700.81,439.37,34.86,94.27,0.6809,1,-1,-1
232,55,1085.72,213.28,25.20,64.47,0.6132,1,-1,-1
232,67,1634.69,316.56,47.65,87.41,0.4717,1,-1,-1
232,75,1387.82,510.67,51.00,110.75,0.8233,1,-1,-1
232,73,1554.92,361.10,49.18,91.09,0.3766,1,-1,-1
232,68,1386.46,718.63,59.64,125.43,0.8490,1,-1,-1
232,83,1532.16,109.48,66.49,56.92,0.2561,4,-1,-1
232,85,1541.46,52.13,16.88,38.72,0.1889,1,-1,-1
233,35,853.78,616.70,34.38,109.01,0.6885,1,-1,-1
233,36,909.85,636.86,46.99,110.21,0.6584,1,-1,-1
233,37,797.14,331.89,30.62,72.35,0.6740,1,-1,-1
233,44,699.44,442.02,35.59,96.35,0.7042,1,-1,-1
233,55,1087.03,215.00,25.30,63.91,0.6723,1,-1,-1
233,67,1637.59,319.45,45.84,84.16,0.5775,1,-1,-1
233,75,1388.28,515.27,50.71,109.47,0.8056,1,-1,-1
233,73,1557.67,364.98,47.96,88.52,0.5409,1,-1,-1
233,68,1382.04,724.21,61.05,126.97,0.8408,1,-1,-1
233,83,1532.23,110.23,69.73,60.01,0.2744,4,-1,-1
233,85,1544.26,55.14,15.95,35.94,0.4111,1,-1,-1
234,35,852.95,620.25,34.79,109.49,0.7287,1,-1,-1
234,36,909.16,641.14,47.93,111.88,0.6496,1,-1,-1
234,37,794.57,334.82,30.94,71.66,0.6792,1,-1,-1
234,44,698.07,444.60,35.58,96.20,0.7217,1,-1,-1
234,55,1087.77,216.17,25.66,63.53,0.6307,1,-1,-1
234,67,1640.57,322.84,44.99,82.66,0.6151,1,-1,-1
234,75,1388.13,519.01,51.17,110.08,0.8300,1,-1,-1
234,73,1558.56,368.85,47.15,86.52,0.4349,1,-1,-1
234,68,1378.30,729.44,61.82,126.20,0.8376,1,-1,-1
234,83,1533.54,111.16,70.85,61.23,0.3858,4,-1,-1
234,85,1543.19,57.08,15.83,34.26,0.2759,1,-1,-1
235,35,853.25,624.50,35.12,110.32,0.6960,1,-1,-1
235,36,909.16,645.31,47.94,112.84,0.7311,1,-1,-1
235,37,791.28,337.01,31.33,71.48,0.7241,1,-1,-1
235,44,697.52,446.97,36.18,97.58,0.7341,1,-1,-1
235,55,1089.91,218.08,25.91,62.99,0.6105,1,-1,-1
235,67,1642.44,323.23,45.93,84.78,0.3923,1,-1,-1
235,75,1388.90,522.25,51.33,110.47,0.8152,1,-1,-1
235,73,1558.74,370.92,47.60,87.14,0.4961,1,-1,-1
235,68,1375.69,733.91,63.29,126.76,0.8141,1,-1,-1
235,83,1535.64,112.65,72.75,63.11,0.1330,4,-1,-1
236,35,852.76,628.30,35.27,111.00,0.7138,1,-1,-1
236,36,910.37,650.03,47.39,112.29,0.7264,1,-1,-1
236,37,789.43,338.81,32.10,72.62,0.7033,1,-1,-1
236,44,696.58,449.86,36.55,97.32,0.6976,1,-1,-1
236,55,1089.70,218.86,26.86,63.88,0.5955,1,-1,-1
236,67,1645.84,324.18,43.69,80.78,0.2436,1,-1,-1
236,75,1389.41,524.56,51.71,112.03,0.8152,1,-1,-1
236,73,1558.65,373.02,47.96,86.87,0.6740,1,-1,-1
236,68,1375.84,738.20,64.58,128.37,0.7677,1,-1,-1
236,83,1537.59,114.70,71.16,61.95,0.2063,4,-1,-1
237,35,851.73,632.48,35.53,111.49,0.7402,1,-1,-1
237,36,908.85,653.97,47.82,112.92,0.6758,1,-1,-1
237,37,789.02,340.98,31.44,71.29,0.7098,1,-1,-1
237,44,695.57,452.50,36.70,97.33,0.6860,1,-1,-1
237,55,1090.15,219.55,27.42,64.59,0.5574,1,-1,-1
237,67,1648.25,325.59,44.83,83.26,0.1561,1,-1,-1
237,75,1389.84,526.19,52.29,113.38,0.7944,1,-1,-1
237,73,1557.58,373.75,49.59,88.89,0.6188,1,-1,-1
237,68,1376.92,743.32,64.85,128.16,0.7879,1,-1,-1
237,83,1539.28,116.77,70.72,61.95,0.4282,4,-1,-1
238,35,850.84,636.46,35.60,111.48,0.7280,1,-1,-1
238,36,910.10,658.63,47.22,111.11,0.6723,1,-1,-1
238,37,788.63,342.94,30.15,68.39,0.7454,1,-1,-1
238,44,695.22,455.19,36.54,96.09,0.6654,1,-1,-1
238,55,1091.38,220.71,27.68,65.11,0.5593,1,-1,-1
238,75,1390.64,527.87,53.28,116.42,0.7417,1,-1,-1
238,73,1558.14,376.86,49.29,86.48,0.4620,1,-1,-1
238,68,1376.99,748.18,64.53,127.46,0.7432,1,-1,-1
238,83,1542.88,119.68,69.17,60.82,0.2154,4,-1,-1
239,35,850.54,640.07,35.85,112.26,0.7217,1,-1,-1
239,36,909.11,663.00,47.92,113.10,0.6671,1,-1,-1
239,37,787.35,344.89,29.97,68.05,0.7178,1,-1,-1
239,44,695.18,458.16,36.79,96.35,0.7379,1,-1,-1
239,55,1093.78,222.85,27.93,65.02,0.6011,1,-1,-1
239,75,1392.15,530.25,54.11,118.99,0.7074,1,-1,-1
239,73,1557.65,379.64,50.20,85.84,0.3812,1,-1,-1
239,68,1376.75,751.72,65.62,129.64,0.8117,1,-1,-1
239,83,1545.95,119.94,69.50,61.43,0.4552,4,-1,-1
240,35,849.84,644.44,36.06,112.32,0.7122,1,-1,-1
240,36,908.34,667.20,48.53,114.23,0.6723,1,-1,-1
240,37,786.20,346.99,30.39,69.09,0.7409,1,-1,-1
240,44,694.61,461.18,37.39,97.12,0.6993,1,-1,-1
240,55,1096.14,224.05,28.25,65.52,0.6775,1,-1,-1
240,75,1393.25,534.58,53.55,118.25,0.7476,1,-1,-1
240,73,1555.85,379.03,55.02,92.94,0.2323,1,-1,-1
240,68,1377.21,755.49,65.99,130.56,0.8164,1,-1,-1
240,83,1550.57,124.11,66.63,58.48,0.1571,4,-1,-1
241,35,849.56,649.05,36.31,112.89,0.7025,1,-1,-1
241,36,909.33,671.73,48.05,114.19,0.6910,1,-1,-1
241,37,784.00,348.02,31.02,70.29,0.6783,1,-1,-1
241,44,693.83,463.75,38.38,99.65,0.7280,1,-1,-1
241,55,1096.72,224.99,28.61,66.32,0.6689,1,-1,-1
241,75,1391.77,537.03,54.39,118.91,0.7138,1,-1,-1
241,68,1378.74,760.58,64.62,128.88,0.7759,1,-1,-1
241,71,-2.20,250.30,37.48,72.65,0.6011,1,-1,-1
242,35,848.62,653.01,36.51,113.25,0.7170,1,-1,-1
242,36,908.58,676.08,48.17,114.74,0.6637,1,-1,-1
242,37,782.32,349.26,31.42,71.39,0.6732,1,-1,-1
242,44,693.07,465.77,38.79,100.69,0.7311,1,-1,-1
242,55,1097.45,226.21,28.57,66.51,0.6926,1,-1,-1
242,75,1392.69,540.78,54.23,118.01,0.6298,1,-1,-1
242,68,1380.90,764.92,64.29,130.06,0.7866,1,-1,-1
242,71,-2.86,250.90,37.80,75.18,0.6123,1,-1,-1
243,35,847.80,657.33,36.58,113.24,0.7058,1,-1,-1
243,36,909.47,680.35,47.97,114.31,0.6809,1,-1,-1
243,37,781.51,350.68,31.34,71.07,0.6663,1,-1,-1
243,44,690.66,468.14,38.88,101.62,0.7387,1,-1,-1
243,55,1098.41,227.00,28.46,66.92,0.7170,1,-1,-1
243,75,1393.46,542.87,55.15,119.70,0.6689,1,-1,-1
243,68,1381.95,769.56,64.47,132.50,0.7535,1,-1,-1
243,71,-4.77,251.36,37.62,78.46,0.4932,1,-1,-1
243,87,1523.69,91.17,18.84,43.74,0.5224,1,-1,-1
243,88,1506.06,67.37,18.93,42.32,0.4883,1,-1,-1
244,35,847.47,661.23,36.99,114.39,0.7154,1,-1,-1
244,36,909.39,684.85,48.45,116.54,0.6496,1,-1,-1
244,37,780.51,352.66,31.74,71.60,0.6935,1,-1,-1
244,44,689.99,470.34,38.63,100.93,0.6960,1,-1,-1
244,55,1099.55,228.29,28.44,67.58,0.6654,1,-1,-1
244,75,1393.24,547.80,54.93,117.78,0.6619,1,-1,-1
244,68,1381.69,773.48,64.92,135.15,0.7564,1,-1,-1
244,71,-5.17,253.04,35.25,76.77,0.2494,1,-1,-1
244,87,1525.60,91.65,18.90,43.88,0.4054,1,-1,-1
244,88,1506.90,67.57,19.08,42.63,0.4282,1,-1,-1
245,35,847.80,665.32,37.69,115.57,0.7280,1,-1,-1
245,36,908.71,688.87,48.97,118.08,0.7122,1,-1,-1
245,37,779.79,353.96,32.91,74.17,0.7114,1,-1,-1
245,44,690.17,473.32,38.49,99.90,0.7090,1,-1,-1
245,55,1101.64,229.89,28.42,68.67,0.4263,1,-1,-1
245,75,1392.09,552.27,55.68,117.86,0.6151,1,-1,-1
245,68,1382.28,778.74,63.97,134.55,0.7918,1,-1,-1
245,71,-4.97,256.87,32.24,73.09,0.1962,1,-1,-1
245,87,1527.82,92.64,18.64,43.30,0.3812,1,-1,-1
245,88,1508.51,68.32,18.51,41.28,0.1500,1,-1,-1
246,35,846.89,670.08,37.80,115.75,0.6860,1,-1,-1
246,36,909.96,694.15,48.32,117.60,0.7387,1,-1,-1
246,37,779.01,355.50,33.59,75.36,0.7318,1,-1,-1
246,44,687.38,474.85,39.09,102.40,0.7066,1,-1,-1
246,55,1103.39,231.35,28.48,68.62,0.5699,1,-1,-1
246,75,1392.19,553.12,58.16,122.84,0.7969,1,-1,-1
246,68,1381.77,783.33,64.20,136.43,0.7564,1,-1,-1
246,87,1529.24,92.97,18.88,43.99,0.4659,1,-1,-1
246,88,1509.17,69.22,19.37,43.21,0.2775,1,-1,-1
247,35,846.32,675.11,37.51,114.97,0.6671,1,-1,-1
247,36,909.95,699.37,47.92,116.87,0.6893,1,-1,-1
247,37,778.71,357.78,33.92,75.61,0.7241,1,-1,-1
247,44,686.32,478.42,39.31,103.04,0.7249,1,-1,-1
247,55,1104.55,232.48,28.24,68.27,0.6252,1,-1,-1
247,75,1393.25,557.69,58.56,122.90,0.7621,1,-1,-1
247,68,1383.40,788.07,63.16,136.09,0.7356,1,-1,-1
247,87,1530.71,93.88,18.73,43.81,0.4990,1,-1,-1
247,88,1510.15,69.58,20.43,45.57,0.5429,1,-1,-1
247,73,1566.31,392.85,56.31,94.61,0.5699,1,-1,-1
248,35,845.37,679.27,37.91,116.15,0.6723,1,-1,-1
248,36,910.42,703.72,47.86,116.44,0.6740,1,-1,-1
248,37,778.39,359.19,34.51,76.57,0.6851,1,-1,-1
248,44,686.70,481.36,39.10,102.40,0.6843,1,-1,-1
248,55,1105.11,233.51,28.11,68.55,0.7050,1,-1,-1
248,75,1394.74,560.99,59.11,123.66,0.7417,1,-1,-1
248,68,1384.22,793.36,62.30,134.98,0.7402,1,-1,-1
248,87,1532.80,95.33,18.25,42.84,0.1672,1,-1,-1
248,88,1512.59,70.33,19.59,43.70,0.2854,1,-1,-1
248,73,1566.30,395.14,59.17,99.39,0.1859,1,-1,-1
249,35,844.97,683.93,38.05,116.55,0.7009,1,-1,-1
249,36,910.39,708.42,48.63,118.71,0.6334,1,-1,-1
249,37,779.07,361.39,34.89,76.67,0.6689,1,-1,-1
249,44,685.74,484.39,38.95,102.81,0.6993,1,-1,-1
249,55,1105.75,234.46,28.32,69.67,0.7409,1,-1,-1
249,75,1395.60,563.55,60.31,126.21,0.7994,1,-1,-1
249,68,1387.91,798.63,59.09,129.09,0.7663,1,-1,-1
249,87,1534.10,95.62,17.87,42.15,0.2160,1,-1,-1
249,88,1513.92,70.98,19.31,43.23,0.2337,1,-1,-1
249,73,1569.61,396.48,58.84,98.22,0.4321,1,-1,-1
250,35,844.87,688.57,38.55,118.22,0.6976,1,-1,-1
250,36,909.76,713.21,48.76,119.43,0.7233,1,-1,-1
250,37,779.01,363.79,34.07,74.59,0.6851,1,-1,-1
250,44,684.26,487.05,38.97,103.75,0.6926,1,-1,-1
250,55,1106.91,236.68,27.76,67.72,0.7280,1,-1,-1
250,75,1397.46,569.01,60.41,126.27,0.8081,1,-1,-1
250,68,1387.29,804.18,60.02,131.53,0.7663,1,-1,-1
250,87,1536.24,95.47,16.81,39.69,0.2613,1,-1,-1
250,88,1514.57,71.42,19.95,44.88,0.3355,1,-1,-1
250,73,1571.03,399.79,58.01,96.69,0.1733,1,-1,-1
251,35,844.10,693.60,38.34,118.23,0.7186,1,-1,-1
251,36,910.05,719.00,48.39,119.42,0.6893,1,-1,-1
251,37,779.98,365.85,33.84,73.64,0.7114,1,-1,-1
251,44,683.04,490.02,38.77,104.59,0.6860,1,-1,-1
251,55,1108.46,238.04,27.89,67.52,0.7295,1,-1,-1
251,75,1400.13,575.35,59.29,124.20,0.6531,1,-1,-1
251,68,1389.29,810.44,59.51,131.25,0.7677,1,-1,-1
251,87,1539.09,95.46,14.47,33.97,0.1716,1,-1,-1
251,88,1515.92,72.18,19.73,44.51,0.3621,1,-1,-1
251,73,1571.55,401.49,58.35,97.80,0.1303,1,-1,-1
252,35,843.81,698.87,38.00,117.69,0.7122,1,-1,-1
252,36,909.71,724.18,47.21,116.82,0.6352,1,-1,-1
252,37,778.85,367.97,34.54,75.12,0.7050,1,-1,-1
252,44,682.37,492.17,38.98,105.59,0.7356,1,-1,-1
252,55,1109.57,238.78,28.13,67.82,0.7447,1,-1,-1
252,75,1401.82,573.60,61.06,129.15,0.6424,1,-1,-1
252,68,1391.36,816.38,58.08,127.80,0.7356,1,-1,-1
252,87,1541.88,95.80,14.15,33.22,0.3032,1,-1,-1
252,88,1517.05,73.28,19.62,44.12,0.4961,1,-1,-1
252,73,1573.24,404.97,56.47,95.22,0.3320,1,-1,-1
253,35,843.43,702.95,38.01,117.96,0.7009,1,-1,-1
253,36,908.99,729.09,48.15,120.20,0.6151,1,-1,-1
253,37,778.44,370.64,35.52,76.37,0.6637,1,-1,-1
253,44,682.22,494.81,39.63,107.53,0.7042,1,-1,-1
253,55,1110.10,239.82,28.28,68.22,0.7506,1,-1,-1
253,75,1404.06,576.90,62.69,133.34,0.5000,1,-1,-1
253,68,1392.30,822.76,59.36,131.08,0.7786,1,-1,-1
253,88,1518.06,74.44,19.38,43.32,0.4795,1,-1,-1
253,73,1575.61,406.70,56.18,95.14,0.5078,1,-1,-1
254,35,843.25,707.95,38.14,118.60,0.7074,1,-1,-1
254,36,909.49,734.50,48.46,121.26,0.6740,1,-1,-1
254,37,778.55,374.85,35.01,74.70,0.6680,1,-1,-1
254,44,681.39,497.79,39.49,107.78,0.6926,1,-1,-1
254,55,1110.47,241.26,28.42,68.68,0.7106,1,-1,-1
254,75,1408.48,581.62,60.64,128.49,0.3666,1,-1,-1
254,68,1394.62,830.74,58.91,130.09,0.8376,1,-1,-1
254,88,1519.64,74.61,18.65,41.42,0.4045,1,-1,-1
254,73,1577.70,410.33,55.18,93.35,0.3294,1,-1,-1
255,35,842.58,712.95,38.57,120.06,0.7387,1,-1,-1
255,36,910.33,739.93,48.58,121.60,0.7186,1,-1,-1
255,37,779.05,377.08,35.36,74.43,0.6415,1,-1,-1
255,44,682.59,500.66,37.84,103.35,0.6885,1,-1,-1
255,55,1110.50,241.96,28.62,68.64,0.6834,1,-1,-1
255,75,1411.09,588.25,60.54,129.19,0.7025,1,-1,-1
255,68,1397.05,836.85,58.87,130.36,0.8117,1,-1,-1
255,88,1521.16,75.23,18.01,39.59,0.2444,1,-1,-1
255,73,1581.12,412.63,55.08,93.09,0.5254,1,-1,-1
255,89,1498.12,69.48,15.99,33.74,0.5205,1,-1,-1
256,35,842.12,718.69,38.25,119.51,0.7186,1,-1,-1
256,36,909.24,746.20,47.99,120.03,0.5983,1,-1,-1
256,37,779.17,379.57,36.06,74.90,0.5293,1,-1,-1
256,44,682.85,503.43,37.99,103.31,0.6834,1,-1,-1
256,55,1111.10,242.61,28.70,68.58,0.7241,1,-1,-1
256,75,1411.75,589.85,61.75,132.39,0.6637,1,-1,-1
256,68,1400.18,844.19,57.85,128.23,0.8105,1,-1,-1
256,88,1522.51,75.67,18.31,39.82,0.2822,1,-1,-1
256,73,1581.47,414.92,57.73,97.95,0.5718,1,-1,-1
256,89,1497.78,69.96,17.45,36.79,0.4824,1,-1,-1
256,87,1544.62,99.68,17.15,40.82,0.5651,1,-1,-1
257,35,842.17,723.63,38.22,119.79,0.7154,1,-1,-1
257,36,908.46,751.35,49.00,123.13,0.6637,1,-1,-1
257,37,779.17,382.69,36.48,74.59,0.5708,1,-1,-1
257,44,682.54,506.61,37.97,102.85,0.6993,1,-1,-1
257,55,1111.06,243.68,29.37,69.53,0.7753,1,-1,-1
257,75,1413.87,596.08,60.51,129.94,0.7341,1,-1,-1
257,68,1402.23,849.90,57.66,127.75,0.8129,1,-1,-1
257,88,1523.63,76.10,18.97,40.72,0.3998,1,-1,-1
257,73,1583.35,418.79,56.29,96.35,0.4340,1,-1,-1
257,89,1499.17,70.99,17.63,37.12,0.5078,1,-1,-1
257,90,1575.34,68.64,18.25,39.05,0.6868,1,-1,-1
257,91,1653.51,87.68,18.55,40.95,0.5088,1,-1,-1
257,87,1545.58,100.31,17.38,41.80,0.6505,1,-1,-1
258,35,841.81,728.85,38.52,121.24,0.7009,1,-1,-1
258,36,908.27,756.61,48.72,123.29,0.6826,1,-1,-1
258,37,778.67,385.79,36.61,73.56,0.6397,1,-1,-1
258,44,682.91,509.62,36.84,99.76,0.7146,1,-1,-1
258,55,1113.15,244.79,29.11,68.92,0.7670,1,-1,-1
258,75,1415.82,601.41,59.62,128.74,0.5409,1,-1,-1
258,68,1404.29,857.36,57.08,126.10,0.7732,1,-1,-1
258,88,1525.36,77.05,19.01,40.62,0.3979,1,-1,-1
258,73,1586.77,422.05,55.10,94.63,0.6114,1,-1,-1
258,89,1499.88,72.54,18.10,38.09,0.1352,1,-1,-1
258,90,1576.08,68.99,18.23,39.10,0.6540,1,-1,-1
258,91,1655.17,86.80,18.31,40.50,0.4902,1,-1,-1
258,87,1545.93,101.16,18.39,44.31,0.6379,1,-1,-1
259,35,841.62,734.51,38.55,121.42,0.7186,1,-1,-1
259,36,907.51,762.02,48.16,122.71,0.6077,1,-1,-1
259,37,778.02,389.24,37.41,73.54,0.6918,1,-1,-1
259,44,683.07,512.61,36.40,97.96,0.7527,1,-1,-1
259,55,1114.24,245.81,29.48,70.15,0.7873,1,-1,-1
259,75,1419.30,607.24,59.04,128.22,0.7892,1,-1,-1
259,68,1404.82,862.57,58.69,128.96,0.6876,1,-1,-1
259,88,1526.78,77.93,19.09,40.87,0.4102,1,-1,-1
259,73,1589.31,425.76,55.08,94.54,0.6960,1,-1,-1
259,89,1502.10,74.41,17.20,36.10,0.1901,1,-1,-1
259,90,1576.83,68.99,18.53,39.88,0.6086,1,-1,-1
259,91,1657.42,86.75,18.04,40.03,0.5039,1,-1,-1
259,87,1547.14,102.22,17.94,43.39,0.5993,1,-1,-1
259,92,1248.39,1.56,44.33,37.51,0.4951,4,-1,-1
260,35,840.92,740.92,38.30,120.65,0.7592,1,-1,-1
260,36,907.91,768.49,47.24,120.74,0.6514,1,-1,-1
260,37,778.07,392.11,38.52,74.11,0.6549,1,-1,-1
260,44,679.08,515.61,38.96,104.53,0.6442,1,-1,-1
260,55,1115.21,247.67,29.23,69.90,0.7542,1,-1,-1
260,75,1421.88,612.30,57.97,126.36,0.7122,1,-1,-1
260,68,1404.36,869.15,59.46,129.96,0.7058,1,-1,-1
260,88,1527.55,78.74,19.61,42.12,0.4465,1,-1,-1
260,73,1591.69,428.63,54.44,93.53,0.4610,1,-1,-1
260,89,1503.42,74.37,16.50,34.39,0.4737,1,-1,-1
260,90,1577.53,69.66,18.49,39.96,0.6123,1,-1,-1
260,91,1659.88,87.88,16.59,36.90,0.4533,1,-1,-1
260,87,1548.60,103.10,17.48,42.32,0.6067,1,-1,-1
260,92,1249.06,1.44,44.28,37.50,0.3961,5,-1,-1
261,35,840.62,746.23,38.47,121.26,0.7326,1,-1,-1
261,36,907.00,774.36,48.03,123.73,0.6188,1,-1,-1
261,37,778.92,393.69,39.52,75.50,0.7241,1,-1,-1
261,44,677.30,517.89,39.96,107.36,0.7138,1,-1,-1
261,55,1115.66,250.17,28.69,68.25,0.7194,1,-1,-1
261,75,1423.73,617.12,58.40,126.90,0.7432,1,-1,-1
261,68,1405.97,875.41,60.10,131.98,0.7138,1,-1,-1
261,88,1529.56,79.84,19.34,41.68,0.5010,1,-1,-1
261,73,1594.33,429.48,55.05,94.98,0.6792,1,-1,-1
261,89,1503.66,75.20,17.88,37.24,0.1744,1,-1,-1
261,90,1578.63,70.80,17.99,38.96,0.6397,1,-1,-1
261,91,1661.47,88.41,16.78,37.44,0.5156,1,-1,-1
261,87,1549.68,103.66,17.54,42.46,0.5322,1,-1,-1
261,92,1249.20,2.08,44.16,37.45,0.3157,5,-1,-1
262,35,839.53,750.95,39.02,123.18,0.7154,1,-1,-1
262,36,907.65,779.78,48.21,124.94,0.7476,1,-1,-1
262,37,780.29,396.34,39.92,75.62,0.6442,1,-1,-1
262,44,678.05,520.18,40.21,107.54,0.6935,1,-1,-1
262,55,1116.28,251.64,29.37,68.88,0.7082,1,-1,-1
262,75,1426.41,621.99,58.28,126.50,0.7138,1,-1,-1
262,68,1408.23,882.64,59.70,131.79,0.6334,1,-1,-1
262,88,1530.43,80.55,19.63,42.40,0.4971,1,-1,-1
262,73,1596.42,431.01,54.77,94.79,0.6424,1,-1,-1
262,89,1505.28,77.18,18.29,38.01,0.5746,1,-1,-1
262,90,1580.31,71.56,17.64,38.39,0.6086,1,-1,-1
262,91,1662.58,89.34,17.35,38.89,0.4980,1,-1,-1
262,87,1550.71,103.56,18.12,43.87,0.5535,1,-1,-1
262,92,1248.60,1.74,45.01,38.25,0.3032,5,-1,-1
263,35,839.09,755.77,39.36,124.08,0.7295,1,-1,-1
263,36,906.74,785.01,48.60,125.33,0.6775,1,-1,-1
263,37,781.64,398.86,39.94,75.22,0.5641,1,-1,-1
263,44,678.45,522.34,40.67,108.87,0.7241,1,-1,-1
263,55,1117.43,252.46,30.21,70.13,0.7050,1,-1,-1
263,75,1430.19,627.33,57.40,124.12,0.4158,1,-1,-1
263,68,1412.04,890.00,59.04,131.97,0.4092,1,-1,-1
263,88,1532.52,80.96,18.70,40.14,0.2854,1,-1,-1
263,73,1597.48,434.93,54.33,94.55,0.6095,1,-1,-1
263,89,1508.07,78.39,17.00,35.20,0.4581,1,-1,-1
263,90,1581.38,72.13,17.38,38.01,0.6179,1,-1,-1
263,91,1664.14,90.07,17.40,39.25,0.5554,1,-1,-1
263,87,1552.11,104.18,17.90,43.60,0.5409,1,-1,-1
263,92,1248.42,1.89,45.34,38.60,0.2487,5,-1,-1
264,35,838.88,761.78,39.03,123.20,0.7677,1,-1,-1
264,36,907.26,791.17,48.31,124.20,0.6706,1,-1,-1
264,37,783.34,402.14,39.49,74.13,0.5660,1,-1,-1
264,44,676.69,527.23,39.96,108.67,0.7417,1,-1,-1
264,55,1118.56,253.45,30.11,69.62,0.7066,1,-1,-1
264,75,1438.51,631.68,55.09,120.74,0.4330,1,-1,-1
264,68,1413.72,896.68,60.04,136.09,0.5215,1,-1,-1
264,88,1534.45,81.15,18.22,39.02,0.1530,1,-1,-1
264,73,1599.43,437.92,53.80,93.92,0.7356,1,-1,-1
264,89,1509.81,78.37,16.83,34.59,0.4678,1,-1,-1
264,90,1581.48,72.79,17.04,37.48,0.5283,1,-1,-1
264,91,1665.71,90.96,16.86,38.05,0.4746,1,-1,-1
264,87,1553.70,105.31,17.53,43.29,0.2458,1,-1,-1
264,92,1249.02,3.33,44.25,37.72,0.2160,5,-1,-1
264,94,1122.70,342.38,36.56,94.83,0.5727,1,-1,-1
265,35,838.30,766.75,38.82,122.56,0.7372,1,-1,-1
265,36,905.80,796.61,48.83,124.87,0.6424,1,-1,-1
265,37,783.29,404.37,40.39,75.63,0.6406,1,-1,-1
265,44,677.03,530.53,39.80,108.72,0.7154,1,-1,-1
265,55,1119.74,254.59,29.94,69.19,0.7349,1,-1,-1
265,75,1440.65,634.46,54.90,122.23,0.3398,1,-1,-1
265,68,1413.64,903.75,60.39,137.53,0.5273,1,-1,-1
265,88,1536.06,81.65,17.68,37.92,0.2056,1,-1,-1
265,73,1601.38,440.66,53.95,94.36,0.6792,1,-1,-1
265,89,1511.57,78.60,16.47,33.84,0.4263,1,-1,-1
265,90,1582.97,72.71,16.89,37.35,0.5574,1,-1,-1
265,91,1666.60,91.28,16.73,37.72,0.3630,1,-1,-1
265,87,1555.04,105.59,17.14,42.89,0.4805,1,-1,-1
265,92,1249.47,4.55,43.01,36.79,0.3495,4,-1,-1
265,94,1123.78,343.35,36.75,95.20,0.4177,1,-1,-1
266,35,838.20,770.97,38.98,122.80,0.7170,1,-1,-1
266,36,906.70,800.66,48.85,125.60,0.6706,1,-1,-1
266,37,784.01,407.10,41.05,77.07,0.6188,1,-1,-1
266,44,678.04,534.04,39.43,107.55,0.7506,1,-1,-1
266,55,1120.21,255.78,29.67,68.79,0.7066,1,-1,-1
266,75,1445.07,639.57,53.55,121.96,0.2088,1,-1,-1
266,68,1414.66,911.01,60.99,139.17,0.4581,1,-1,-1
266,88,1537.52,82.07,18.64,40.24,0.4494,1,-1,-1
266,73,1604.23,441.27,54.58,95.45,0.6114,1,-1,-1
266,89,1512.86,77.39,17.86,36.89,0.3998,1,-1,-1
266,90,1584.08,71.77,16.98,37.52,0.5631,1,-1,-1
266,91,1667.42,90.31,17.44,39.13,0.2736,1,-1,-1
266,87,1556.35,105.25,17.05,42.78,0.6179,1,-1,-1
266,92,1249.86,4.26,43.19,37.07,0.3390,4,-1,-1
266,94,1126.70,344.45,35.62,92.19,0.1854,1,-1,-1
267,35,837.62,773.92,39.45,123.90,0.7326,1,-1,-1
267,36,905.78,804.01,49.13,126.35,0.7042,1,-1,-1
267,37,784.20,408.29,42.52,80.25,0.6926,1,-1,-1
267,44,677.93,536.03,39.24,106.99,0.7578,1,-1,-1
267,55,1121.26,257.26,29.29,67.80,0.6575,1,-1,-1
267,75,1448.18,644.04,52.23,120.58,0.2613,1,-1,-1
267,68,1420.30,916.35,60.97,141.82,0.7311,1,-1,-1
267,88,1538.98,81.79,19.28,41.97,0.5273,1,-1,-1
267,73,1607.14,443.80,53.25,93.28,0.7447,1,-1,-1
267,89,1515.74,76.09,17.04,35.11,0.3849,1,-1,-1
267,90,1585.47,71.01,17.10,37.75,0.6433,1,-1,-1
267,91,1668.86,89.73,17.56,39.05,0.5039,1,-1,-1
267,87,1557.35,105.03,16.96,42.60,0.6451,1,-1,-1
267,92,1250.70,3.53,43.29,37.24,0.3057,4,-1,-1
267,94,1129.38,344.45,33.99,87.74,0.1645,1,-1,-1
268,35,837.09,775.73,40.15,125.75,0.7491,1,-1,-1
268,36,906.96,807.42,49.44,126.22,0.6860,1,-1,-1
268,37,783.75,410.29,43.24,82.02,0.7050,1,-1,-1
268,44,677.71,537.63,38.83,105.80,0.7372,1,-1,-1
268,55,1121.96,257.07,29.52,68.28,0.6123,1,-1,-1
268,75,1449.49,646.82,51.74,120.36,0.3657,1,-1,-1
268,68,1423.76,920.98,60.59,141.98,0.6514,1,-1,-1
268,88,1540.98,81.07,19.18,42.18,0.6030,1,-1,-1
268,73,1608.83,443.83,53.25,93.49,0.6809,1,-1,-1
268,89,1518.88,76.51,15.92,32.71,0.4168,1,-1,-1
268,90,1587.14,70.98,16.65,36.96,0.5283,1,-1,-1
268,91,1670.48,89.70,17.03,37.60,0.4446,1,-1,-1
268,87,1558.62,104.86,16.48,41.22,0.4727,1,-1,-1
268,92,1251.66,1.96,44.32,38.17,0.4187,5,-1,-1
268,94,1131.03,344.33,32.82,84.44,0.2241,1,-1,-1
269,35,836.50,778.12,40.27,125.55,0.7564,1,-1,-1
269,36,904.55,809.65,47.59,122.28,0.5756,1,-1,-1
269,37,783.13,410.91,44.39,84.26,0.7114,1,-1,-1
269,44,677.50,538.91,38.50,104.99,0.7417,1,-1,-1
269,55,1122.63,256.14,29.96,68.96,0.6540,1,-1,-1
269,75,1449.16,648.94,52.17,121.57,0.7058,1,-1,-1
269,68,1421.51,925.61,62.77,144.70,0.5832,1,-1,-1
269,88,1542.90,79.88,18.92,42.01,0.4932,1,-1,-1
269,73,1610.24,443.37,52.89,93.40,0.6442,1,-1,-1
269,89,1520.30,76.65,15.98,32.46,0.1520,1,-1,-1
269,90,1587.48,69.52,16.89,37.65,0.6487,1,-1,-1
269,91,1670.99,88.43,17.74,39.11,0.5438,1,-1,-1
269,87,1559.72,103.77,16.53,41.18,0.4776,1,-1,-1
269,92,1252.60,0.84,44.06,37.81,0.4017,5,-1,-1
269,94,1132.60,344.55,31.79,81.66,0.4026,1,-1,-1
270,35,835.20,780.17,41.49,127.38,0.7759,1,-1,-1
270,36,904.23,811.88,47.89,123.15,0.6352,1,-1,-1
270,37,782.11,411.39,45.33,85.79,0.7178,1,-1,-1
270,44,677.40,539.97,38.20,104.34,0.7506,1,-1,-1
270,55,1123.19,254.76,30.20,69.03,0.6433,1,-1,-1
270,75,1450.28,650.92,52.29,122.04,0.4378,1,-1,-1
270,68,1425.40,928.37,62.90,143.35,0.7461,1,-1,-1
270,88,1545.32,77.79,18.32,40.66,0.5107,1,-1,-1
270,73,1611.09,443.70,52.49,93.30,0.7341,1,-1,-1
270,89,1521.60,76.03,17.11,34.47,0.2351,1,-1,-1
270,90,1588.48,67.21,17.35,39.00,0.6397,1,-1,-1
270,91,1672.43,87.25,17.74,38.84,0.5955,1,-1,-1
270,87,1561.16,102.25,17.25,42.96,0.5879,1,-1,-1
270,92,1252.85,0.22,43.70,37.27,0.2458,4,-1,-1
270,94,1133.28,343.76,33.02,84.92,0.1767,1,-1,-1
271,35,835.05,781.51,42.36,128.09,0.7759,1,-1,-1
271,36,903.72,813.56,48.81,125.17,0.6316,1,-1,-1
271,37,782.20,412.06,45.75,85.64,0.7571,1,-1,-1
271,44,677.13,540.44,38.56,105.42,0.7233,1,-1,-1
271,55,1123.34,252.59,30.95,70.44,0.5535,1,-1,-1
271,75,1451.55,652.08,52.22,121.35,0.7264,1,-1,-1
271,68,1431.12,931.39,63.07,142.69,0.7106,1,-1,-1
271,88,1546.60,75.71,18.67,41.47,0.2583,1,-1,-1
271,73,1613.33,442.67,54.16,95.97,0.5870,1,-1,-1
271,89,1524.55,71.96,17.09,33.79,0.2806,1,-1,-1
271,90,1590.25,66.72,16.99,38.00,0.2975,1,-1,-1
271,91,1673.06,85.11,18.31,40.04,0.4073,1,-1,-1
271,87,1562.05,99.89,18.35,45.42,0.4111,1,-1,-1
272,35,835.79,783.21,41.92,126.32,0.7649,1,-1,-1
272,36,903.73,815.28,48.17,124.21,0.5964,1,-1,-1
272,37,785.78,413.40,45.10,85.01,0.8135,1,-1,-1
272,44,677.27,540.56,38.05,104.48,0.7280,1,-1,-1
272,55,1123.35,250.53,31.98,72.27,0.5612,1,-1,-1
272,75,1454.12,652.30,53.14,122.19,0.4045,1,-1,-1
272,68,1437.51,933.00,63.62,143.55,0.7476,1,-1,-1
272,88,1547.81,74.57,18.57,41.45,0.5574,1,-1,-1
272,73,1614.06,441.44,56.23,99.53,0.4026,1,-1,-1
272,89,1527.24,69.52,16.81,32.63,0.4494,1,-1,-1
272,90,1591.67,66.21,16.36,36.72,0.1683,1,-1,-1
272,91,1673.44,83.79,19.16,41.96,0.5823,1,-1,-1
272,87,1563.09,96.87,19.07,47.02,0.5263,1,-1,-1
272,96,1631.29,62.94,19.98,43.20,0.5631,1,-1,-1
273,35,836.37,784.88,41.50,125.04,0.7705,1,-1,-1
273,36,904.94,816.32,47.02,121.50,0.5351,1,-1,-1
273,37,789.76,413.60,44.23,84.66,0.8099,1,-1,-1
273,44,677.30,540.80,38.40,105.85,0.7341,1,-1,-1
273,55,1123.50,248.44,32.36,72.73,0.6834,1,-1,-1
273,75,1456.22,653.01,53.97,122.57,0.6206,1,-1,-1
273,68,1442.02,934.07,63.95,143.88,0.7122,1,-1,-1
273,88,1549.93,72.41,18.84,41.97,0.5974,1,-1,-1
273,73,1615.27,437.22,57.47,102.36,0.5964,1,-1,-1
273,89,1529.27,69.06,16.71,31.94,0.5029,1,-1,-1
273,90,1592.82,66.03,15.58,35.00,0.1456,1,-1,-1
273,91,1674.19,82.84,19.15,41.82,0.6451,1,-1,-1
273,87,1563.93,94.83,19.20,47.38,0.5823,1,-1,-1
273,96,1631.99,61.28,20.29,43.84,0.5879,1,-1,-1
274,35,836.63,785.77,41.41,124.73,0.7759,1,-1,-1
274,36,904.87,816.73,48.70,125.50,0.6352,1,-1,-1
274,37,793.16,413.51,43.03,83.24,0.7599,1,-1,-1
274,44,677.55,540.50,38.50,106.45,0.7249,1,-1,-1
274,55,1124.10,245.83,32.54,73.41,0.6851,1,-1,-1
274,75,1457.27,653.85,54.68,122.87,0.5927,1,-1,-1
274,68,1440.48,934.54,65.95,144.25,0.3621,1,-1,-1
274,88,1550.70,70.67,19.46,43.61,0.4436,1,-1,-1
274,73,1616.70,435.37,57.67,102.92,0.6002,1,-1,-1
274,89,1530.98,67.73,17.81,34.07,0.4436,1,-1,-1
274,90,1593.67,64.37,15.41,34.69,0.1931,1,-1,-1
274,91,1675.42,80.80,19.72,43.02,0.5612,1,-1,-1
274,87,1564.87,92.59,19.28,47.78,0.4244,1,-1,-1
274,96,1633.16,59.74,19.82,42.84,0.6215,1,-1,-1
275,35,836.83,786.15,41.21,124.13,0.7759,1,-1,-1
275,36,905.80,817.21,49.06,125.90,0.5448,1,-1,-1
275,37,794.16,412.21,43.21,84.29,0.7130,1,-1,-1
275,44,677.82,540.39,38.37,106.35,0.7387,1,-1,-1
275,55,1124.85,244.51,32.09,72.96,0.6451,1,-1,-1
275,75,1458.70,656.13,54.72,121.28,0.6406,1,-1,-1
275,68,1445.27,935.47,66.40,142.74,0.6689,1,-1,-1
275,88,1551.11,68.69,20.18,45.27,0.6215,1,-1,-1
275,73,1618.96,436.83,55.45,99.10,0.7122,1,-1,-1
275,89,1532.87,64.93,17.94,34.23,0.5234,1,-1,-1
275,90,1594.59,63.76,15.14,33.89,0.2975,1,-1,-1
275,91,1676.24,78.38,20.47,44.76,0.5898,1,-1,-1
275,87,1565.97,90.69,19.03,47.16,0.6234,1,-1,-1
275,96,1634.74,60.79,18.27,39.29,0.5917,1,-1,-1
276,35,836.79,786.23,41.11,123.82,0.7773,1,-1,-1
276,36,907.79,817.45,49.88,126.44,0.5699,1,-1,-1
276,37,796.84,410.78,43.03,84.30,0.7759,1,-1,-1
276,44,678.19,539.83,38.44,106.79,0.7578,1,-1,-1
276,55,1125.42,244.54,31.20,71.18,0.7001,1,-1,-1
276,75,1463.63,658.52,50.51,110.65,0.5908,1,-1,-1
276,68,1449.60,936.68,67.29,141.48,0.6316,1,-1,-1
276,88,1553.08,67.12,19.59,44.14,0.5804,1,-1,-1
276,73,1620.41,436.85,54.58,97.71,0.7138,1,-1,-1
276,89,1534.97,63.63,17.28,32.97,0.5974,1,-1,-1
276,90,1594.61,56.96,16.88,37.90,0.4475,1,-1,-1
276,91,1677.23,76.62,19.97,44.00,0.5020,1,-1,-1
276,87,1566.92,89.06,18.75,46.23,0.6197,1,-1,-1
276,96,1635.54,57.71,18.66,40.10,0.5784,1,-1,-1
276,97,1529.26,100.95,21.66,51.41,0.4581,1,-1,-1
277,35,836.80,785.85,41.22,124.15,0.7705,1,-1,-1
277,36,908.13,817.27,50.42,126.32,0.5525,1,-1,-1
277,37,798.78,409.17,43.02,84.95,0.7976,1,-1,-1
277,44,678.10,538.40,38.50,107.47,0.7461,1,-1,-1
277,55,1126.17,243.77,30.99,70.47,0.6984,1,-1,-1
277,75,1463.61,660.59,52.74,113.56,0.6478,1,-1,-1
277,68,1453.52,936.80,69.15,141.43,0.5718,1,-1,-1
277,88,1555.46,65.56,18.82,42.58,0.3998,1,-1,-1
277,73,1620.89,435.47,54.27,97.54,0.7295,1,-1,-1
277,89,1536.33,61.52,17.20,32.84,0.4902,1,-1,-1
277,90,1596.59,55.17,17.23,38.17,0.1101,1,-1,-1
277,91,1677.68,74.03,19.76,43.55,0.5361,1,-1,-1
277,87,1567.99,87.38,18.45,45.29,0.4273,1,-1,-1
277,96,1636.00,54.96,18.64,40.18,0.4795,1,-1,-1
277,97,1529.96,98.22,22.25,52.85,0.2983,1,-1,-1
277,98,1735.67,387.68,45.27,81.10,0.5651,1,-1,-1
278,35,836.71,784.94,41.39,124.37,0.7691,1,-1,-1
278,36,909.04,816.59,49.87,124.51,0.5234,1,-1,-1
278,37,801.04,408.07,43.41,85.83,0.7994,1,-1,-1
278,44,678.50,537.08,38.22,107.23,0.7592,1,-1,-1
278,55,1126.48,241.26,31.31,70.93,0.5983,1,-1,-1
278,75,1464.71,662.12,54.52,115.15,0.7217,1,-1,-1
278,68,1455.67,936.78,71.19,141.49,0.7090,1,-1,-1
278,88,1557.52,64.30,17.93,40.91,0.4785,1,-1,-1
278,73,1621.77,434.11,54.13,97.39,0.4235,1,-1,-1
278,89,1537.39,59.21,17.53,33.80,0.6049,1,-1,-1
278,90,1597.08,55.03,16.25,35.94,0.1711,1,-1,-1
278,91,1679.38,71.64,18.50,40.65,0.5107,1,-1,-1
278,87,1568.70,85.60,18.09,44.31,0.5516,1,-1,-1
278,96,1638.53,59.19,15.82,33.95,0.3425,1,-1,-1
278,97,1531.77,95.22,20.73,49.13,0.1761,1,-1,-1
278,98,1736.09,387.05,43.57,78.07,0.5215,1,-1,-1
279,35,834.85,782.73,42.51,126.26,0.7677,1,-1,-1
279,36,909.09,816.04,49.40,122.44,0.5146,1,-1,-1
279,37,802.43,407.16,43.70,86.68,0.7820,1,-1,-1
279,44,678.97,535.73,37.94,106.93,0.7732,1,-1,-1
279,55,1126.18,239.97,31.28,71.09,0.3794,1,-1,-1
279,75,1467.28,663.91,56.05,115.36,0.5409,1,-1,-1
279,68,1457.74,935.60,72.98,141.51,0.5889,1,-1,-1
279,88,1558.48,63.00,16.91,38.46,0.3166,1,-1,-1
279,73,1622.64,433.15,54.11,97.60,0.5927,1,-1,-1
279,89,1537.38,56.21,19.97,39.36,0.4254,1,-1,-1
279,90,1597.44,49.19,17.17,38.25,0.3416,1,-1,-1
279,91,1680.15,69.53,18.68,40.90,0.3748,1,-1,-1
279,87,1569.60,83.23,17.98,43.63,0.3416,1,-1,-1
279,96,1638.68,53.74,17.02,36.89,0.1790,1,-1,-1
279,98,1737.15,387.06,43.19,77.46,0.4446,1,-1,-1
280,35,834.48,781.19,43.45,127.81,0.7827,1,-1,-1
280,36,909.64,813.48,49.19,122.25,0.5185,1,-1,-1
280,37,804.15,406.25,43.87,87.04,0.8261,1,-1,-1
280,44,679.57,534.08,38.26,108.11,0.7813,1,-1,-1
280,55,1126.62,238.32,30.80,69.97,0.5746,1,-1,-1
280,75,1471.12,664.67,54.19,107.31,0.4359,1,-1,-1
280,68,1461.08,934.34,74.76,140.86,0.6910,1,-1,-1
280,88,1558.82,59.75,17.27,39.28,0.3531,1,-1,-1
280,73,1624.03,431.74,53.57,96.77,0.4388,1,-1,-1
280,89,1538.57,52.74,19.45,38.79,0.4707,1,-1,-1
280,90,1598.33,48.25,16.55,37.00,0.3585,1,-1,-1
280,91,1680.44,65.25,19.61,43.11,0.5117,1,-1,-1
280,87,1569.86,79.81,18.30,44.04,0.6593,1,-1,-1
280,96,1639.55,50.58,17.17,37.63,0.2037,1,-1,-1
280,98,1738.43,385.14,43.37,77.98,0.5506,1,-1,-1
281,35,835.47,779.63,42.97,126.61,0.7432,1,-1,-1
281,36,909.46,810.11,49.28,121.79,0.4630,1,-1,-1
281,37,805.72,405.63,43.95,87.17,0.8146,1,-1,-1
281,44,679.75,531.73,38.31,108.38,0.7732,1,-1,-1
281,55,1126.85,234.78,30.95,70.67,0.6951,1,-1,-1
281,75,1472.32,665.16,57.57,110.47,0.6132,1,-1,-1
281,68,1462.15,932.60,77.11,141.60,0.7341,1,-1,-1
281,88,1560.00,55.96,17.54,40.05,0.3425,1,-1,-1
281,73,1625.01,428.32,54.22,98.10,0.6619,1,-1,-1
281,89,1538.50,48.59,20.91,42.54,0.4064,1,-1,-1
281,90,1599.39,42.58,17.40,39.10,0.4340,1,-1,-1
281,91,1681.15,62.84,19.72,43.55,0.3979,1,-1,-1
281,87,1570.09,77.08,18.58,44.48,0.4168,1,-1,-1
281,96,1641.83,42.87,19.02,42.04,0.2114,1,-1,-1
281,98,1738.63,382.32,43.28,78.11,0.6575,1,-1,-1
282,35,836.05,777.78,42.34,125.17,0.7264,1,-1,-1
282,36,910.04,807.41,49.27,121.28,0.5098,1,-1,-1
282,37,806.73,404.52,44.59,88.46,0.8392,1,-1,-1
282,44,680.53,528.69,38.97,109.89,0.7691,1,-1,-1
282,55,1127.28,231.73,31.42,71.20,0.2480,1,-1,-1
282,75,1475.16,665.06,55.10,100.78,0.5487,1,-1,-1
282,68,1463.02,930.33,79.69,143.05,0.7326,1,-1,-1
282,88,1561.62,53.24,17.28,39.63,0.4301,1,-1,-1
282,73,1625.75,426.34,54.39,98.65,0.5983,1,-1,-1
282,89,1539.64,45.87,20.37,42.04,0.5322,1,-1,-1
282,90,1600.01,39.99,17.78,40.11,0.3074,1,-1,-1
282,91,1683.05,61.08,18.51,41.02,0.4504,1,-1,-1
282,87,1570.85,74.53,18.29,43.54,0.3803,1,-1,-1
282,96,1643.52,37.39,19.70,43.99,0.3531,1,-1,-1
282,98,1739.76,378.07,43.51,78.55,0.6584,1,-1,-1
283,35,836.27,775.00,41.84,124.22,0.7311,1,-1,-1
283,36,909.67,804.75,51.29,126.66,0.5078,1,-1,-1
283,37,809.06,403.02,44.35,88.68,0.7899,1,-1,-1
283,44,681.46,524.72,39.54,110.78,0.7698,1,-1,-1
283,55,1127.19,227.47,31.94,72.44,0.5765,1,-1,-1
283,75,1475.24,663.06,62.92,112.03,0.6039,1,-1,-1
283,68,1461.90,927.35,82.48,145.41,0.7058,1,-1,-1
283,88,1562.41,51.13,16.87,39.03,0.2415,1,-1,-1
283,73,1628.49,423.67,52.88,95.90,0.5020,1,-1,-1
283,89,1540.91,42.31,20.25,42.84,0.3748,1,-1,-1
283,90,1601.17,35.80,17.54,39.49,0.5593,1,-1,-1
283,91,1683.73,59.30,18.22,40.39,0.4922,1,-1,-1
283,87,1571.03,70.44,18.82,44.67,0.4727,1,-1,-1
283,96,1644.48,34.41,19.94,45.09,0.3630,1,-1,-1
283,98,1741.09,374.58,43.79,79.30,0.5699,1,-1,-1
284,35,836.88,772.57,41.50,123.27,0.7417,1,-1,-1
284,36,909.97,802.26,52.30,129.18,0.6132,1,-1,-1
284,37,812.14,400.22,44.39,90.11,0.7725,1,-1,-1
284,44,682.73,521.65,39.81,110.15,0.7786,1,-1,-1
284,55,1127.38,223.61,32.02,72.58,0.6522,1,-1,-1
284,75,1477.16,663.72,65.65,113.02,0.7202,1,-1,-1
284,68,1462.50,924.71,85.89,149.03,0.7387,1,-1,-1
284,88,1563.17,47.73,16.78,39.02,0.2154,1,-1,-1
284,73,1628.94,421.75,53.19,96.11,0.4158,1,-1,-1
284,89,1541.82,37.12,20.46,44.37,0.4446,1,-1,-1
284,90,1601.87,30.59,18.08,40.71,0.5823,1,-1,-1
284,91,1683.81,54.25,19.50,43.39,0.4678,1,-1,-1
284,87,1571.53,66.24,19.11,45.26,0.4893,1,-1,-1
284,96,1645.32,32.18,19.16,43.84,0.1987,1,-1,-1
284,98,1742.28,373.50,42.35,77.12,0.6179,1,-1,-1
285,35,837.23,769.82,41.42,123.41,0.7233,1,-1,-1
285,36,909.02,799.74,52.38,129.43,0.4727,1,-1,-1
285,37,811.06,397.43,46.55,95.47,0.7170,1,-1,-1
285,44,682.17,517.64,39.16,108.56,0.7513,1,-1,-1
285,55,1127.49,219.84,32.08,72.71,0.6809,1,-1,-1
285,75,1480.65,663.73,67.28,112.55,0.6370,1,-1,-1
285,68,1461.96,921.27,87.55,149.53,0.7840,1,-1,-1
285,88,1563.34,43.47,17.55,41.32,0.2344,1,-1,-1
285,73,1628.24,418.12,53.23,95.37,0.7718,1,-1,-1
285,89,1543.00,33.48,19.80,43.63,0.5898,1,-1,-1
285,90,1602.64,26.78,18.13,41.00,0.4668,1,-1,-1
285,91,1685.16,49.26,19.58,43.83,0.5049,1,-1,-1
285,87,1571.89,62.46,19.13,44.90,0.4311,1,-1,-1
285,96,1646.93,29.86,18.60,42.68,0.4206,1,-1,-1
285,98,1742.05,370.62,42.50,77.86,0.6558,1,-1,-1
286,35,837.32,766.94,41.13,123.07,0.7372,1,-1,-1
286,36,908.69,797.28,51.98,128.70,0.6496,1,-1,-1
286,37,815.49,393.94,44.89,93.48,0.7571,1,-1,-1
286,44,682.62,513.45,39.35,108.95,0.7800,1,-1,-1
286,55,1127.67,215.74,32.57,73.70,0.6361,1,-1,-1
286,75,1483.15,663.87,74.21,123.61,0.6843,1,-1,-1
286,68,1457.98,917.60,93.29,157.77,0.7074,1,-1,-1
286,88,1563.84,42.70,16.87,40.64,0.1408,1,-1,-1
286,73,1626.34,414.15,54.45,96.79,0.6496,1,-1,-1
286,89,1543.99,29.14,19.21,43.25,0.4980,1,-1,-1
286,90,1603.90,22.66,17.69,40.15,0.4844,1,-1,-1
286,87,1572.20,58.68,19.14,44.99,0.5823,1,-1,-1
286,96,1648.51,26.95,18.01,41.92,0.3363,1,-1,-1
286,98,1741.80,367.46,41.50,76.05,0.6697,1,-1,-1
287,35,837.41,762.95,41.04,123.02,0.7621,1,-1,-1
287,36,909.55,794.14,51.67,128.22,0.7217,1,-1,-1
287,37,817.83,390.96,44.12,93.27,0.7899,1,-1,-1
287,44,682.96,509.82,39.37,108.39,0.7879,1,-1,-1
287,55,1127.21,210.89,33.13,74.99,0.6663,1,-1,-1
287,75,1489.91,664.04,71.92,118.39,0.4235,1,-1,-1
287,68,1456.78,913.36,94.75,159.19,0.6689,1,-1,-1
287,73,1625.96,410.03,55.25,97.71,0.4639,1,-1,-1
287,89,1544.89,25.21,18.86,43.26,0.4649,1,-1,-1
287,90,1605.06,16.91,18.35,41.73,0.5293,1,-1,-1
287,87,1572.55,53.24,19.68,46.29,0.6011,1,-1,-1
287,96,1649.71,22.98,17.65,41.59,0.2050,1,-1,-1
287,98,1741.67,365.31,40.58,74.42,0.5974,1,-1,-1
288,35,836.64,757.98,42.49,126.13,0.7402,1,-1,-1
288,36,909.16,789.98,51.62,127.58,0.6370,1,-1,-1
288,37,820.56,387.19,43.42,92.96,0.7759,1,-1,-1
288,44,683.45,505.61,39.37,107.67,0.7866,1,-1,-1
288,55,1127.77,207.45,32.68,74.07,0.7146,1,-1,-1
288,75,1503.37,663.00,62.88,102.33,0.3923,1,-1,-1
288,68,1457.29,908.90,92.91,155.53,0.7249,1,-1,-1
288,73,1627.75,406.51,54.57,96.45,0.6325,1,-1,-1
288,89,1545.59,20.35,18.86,44.12,0.6325,1,-1,-1
288,90,1605.28,11.83,19.27,44.01,0.5670,1,-1,-1
288,87,1572.06,48.93,19.81,46.13,0.5993,1,-1,-1
288,96,1650.11,19.08,17.53,40.74,0.1408,1,-1,-1
288,98,1740.35,361.03,41.40,76.24,0.6160,1,-1,-1
288,97,1538.05,59.11,21.58,50.63,0.4591,1,-1,-1
289,35,837.37,754.40,41.95,124.86,0.7233,1,-1,-1
289,36,909.25,785.57,51.63,127.49,0.5660,1,-1,-1
289,37,822.66,384.29,44.17,95.99,0.7578,1,-1,-1
289,44,683.50,501.15,40.51,110.43,0.7840,1,-1,-1
289,55,1128.19,201.70,33.40,75.46,0.6976,1,-1,-1
289,75,1506.51,661.27,64.80,105.18,0.5351,1,-1,-1
289,68,1458.48,903.74,90.23,150.08,0.7341,1,-1,-1
289,73,1626.92,401.19,55.50,97.85,0.5332,1,-1,-1
289,89,1545.79,14.83,19.35,46.10,0.5254,1,-1,-1
289,90,1606.29,7.91,18.93,43.27,0.5708,1,-1,-1
289,87,1572.92,43.45,19.83,46.58,0.5458,1,-1,-1
289,96,1651.46,14.86,17.42,40.79,0.2516,1,-1,-1
289,98,1739.41,355.80,41.80,77.19,0.6697,1,-1,-1
289,97,1538.60,55.26,21.74,50.95,0.2075,1,-1,-1
290,35,837.28,750.80,41.50,123.32,0.7217,1,-1,-1
290,36,910.19,781.42,51.68,128.03,0.7074,1,-1,-1
290,37,825.12,381.65,44.20,97.33,0.7606,1,-1,-1
290,44,683.62,497.00,41.01,111.24,0.7621,1,-1,-1
290,55,1128.14,197.49,33.06,75.00,0.6976,1,-1,-1
290,75,1512.06,659.77,64.09,104.30,0.6567,1,-1,-1
290,68,1458.70,898.91,88.34,146.57,0.6910,1,-1,-1
290,73,1627.02,398.05,55.39,97.14,0.5813,1,-1,-1
290,89,1546.62,10.84,18.81,45.48,0.5708,1,-1,-1
290,90,1607.78,5.32,18.23,41.39,0.4961,1,-1,-1
290,87,1573.90,39.02,19.54,46.35,0.5554,1,-1,-1
290,96,1652.63,7.71,18.41,43.70,0.4668,1,-1,-1
290,98,1738.42,352.02,42.48,78.88,0.5689,1,-1,-1
291,35,837.79,747.02,41.72,123.73,0.7402,1,-1,-1
291,36,910.72,777.17,51.91,128.63,0.6058,1,-1,-1
291,37,828.17,379.02,43.30,96.63,0.8001,1,-1,-1
291,44,682.81,492.16,40.44,109.72,0.7663,1,-1,-1
291,55,1128.46,194.31,32.75,74.12,0.7186,1,-1,-1
291,75,1512.96,657.96,68.85,112.84,0.8032,1,-1,-1
291,68,1458.34,895.05,86.46,143.75,0.7994,1,-1,-1
291,73,1625.61,394.53,56.06,97.56,0.7009,1,-1,-1
291,89,1547.84,7.29,16.87,40.85,0.5554,1,-1,-1
291,90,1608.99,3.64,16.90,38.28,0.4321,1,-1,-1
291,87,1575.33,36.18,18.63,44.88,0.5166,1,-1,-1
291,96,1654.67,4.96,17.43,41.34,0.4092,1,-1,-1
291,98,1737.74,347.41,42.45,78.95,0.5708,1,-1,-1
292,35,838.46,743.64,41.18,122.77,0.7090,1,-1,-1
292,36,908.76,773.87,51.82,127.95,0.5525,1,-1,-1
292,37,830.84,377.92,42.04,94.53,0.7988,1,-1,-1
292,44,682.72,487.49,40.62,109.97,0.7813,1,-1,-1
292,55,1128.84,188.52,33.78,76.18,0.6352,1,-1,-1
292,75,1514.69,656.98,71.40,117.67,0.8278,1,-1,-1
292,68,1456.99,890.47,85.18,142.40,0.7635,1,-1,-1
292,73,1624.00,390.12,57.34,98.89,0.4073,1,-1,-1
292,89,1548.79,4.25,16.70,40.70,0.5593,1,-1,-1
292,90,1609.93,2.00,15.71,35.09,0.4263,1,-1,-1
292,87,1575.55,30.75,18.77,45.66,0.4990,1,-1,-1
292,96,1655.92,2.17,17.05,40.06,0.4073,1,-1,-1
292,98,1736.48,341.37,42.81,79.18,0.5000,1,-1,-1
293,35,838.25,739.56,40.96,122.51,0.7491,1,-1,-1
293,36,909.24,770.85,50.87,125.92,0.6424,1,-1,-1
293,37,833.48,375.99,41.23,93.26,0.7912,1,-1,-1
293,44,682.61,483.45,40.99,110.29,0.7957,1,-1,-1
293,55,1128.81,184.35,34.04,77.27,0.7210,1,-1,-1
293,75,1518.84,656.44,71.08,117.95,0.7982,1,-1,-1
293,68,1453.63,884.95,85.94,145.06,0.7969,1,-1,-1
293,73,1624.81,385.78,56.80,97.85,0.4639,1,-1,-1
293,89,1549.81,2.28,15.61,38.17,0.4045,1,-1,-1
293,90,1610.73,1.11,14.63,32.07,0.3711,1,-1,-1
293,87,1576.37,26.37,18.24,44.88,0.3549,1,-1,-1
293,96,1657.87,0.24,15.71,36.64,0.1678,1,-1,-1
293,98,1735.82,338.60,43.00,79.43,0.2480,1,-1,-1
294,35,838.45,734.58,41.32,123.96,0.6976,1,-1,-1
294,36,910.16,766.22,51.15,125.42,0.4504,1,-1,-1
294,37,837.03,373.25,40.40,92.10,0.7571,1,-1,-1
294,44,682.55,478.41,41.94,112.38,0.7969,1,-1,-1
294,55,1128.57,181.01,33.36,76.20,0.6715,1,-1,-1
294,75,1523.19,656.21,70.08,116.85,0.8670,1,-1,-1
294,68,1452.50,881.31,83.53,142.46,0.7677,1,-1,-1
294,73,1623.30,380.21,57.76,99.35,0.4397,1,-1,-1
294,89,1550.73,0.76,14.50,35.19,0.1938,1,-1,-1
294,90,1612.00,0.85,13.23,28.24,0.3831,1,-1,-1
294,87,1576.44,19.59,19.04,47.38,0.4455,1,-1,-1
294,96,1659.49,0.46,14.35,33.01,0.1366,1,-1,-1
294,98,1735.36,333.16,44.11,81.47,0.2830,1,-1,-1
294,100,1142.13,269.48,34.50,84.42,0.5593,1,-1,-1
295,35,838.25,730.76,41.09,123.33,0.6758,1,-1,-1
295,36,910.21,760.92,51.58,126.67,0.5603,1,-1,-1
295,37,839.88,370.24,39.27,90.32,0.7840,1,-1,-1
295,44,681.97,474.67,42.54,113.48,0.7402,1,-1,-1
295,55,1128.47,175.04,33.83,76.99,0.7042,1,-1,-1
295,75,1526.97,655.23,68.68,114.07,0.8568,1,-1,-1
295,68,1451.22,875.49,82.01,141.45,0.7663,1,-1,-1
295,73,1623.27,375.11,58.48,100.40,0.4776,1,-1,-1
295,90,1613.01,0.14,11.77,24.05,0.1180,1,-1,-1
295,87,1576.11,13.69,19.78,49.27,0.5804,1,-1,-1
295,98,1735.34,328.76,43.51,80.10,0.4436,1,-1,-1
295,100,1142.61,263.11,35.20,85.99,0.5400,1,-1,-1
296,35,837.95,726.44,40.88,122.73,0.7025,1,-1,-1
296,36,910.95,756.21,51.62,127.20,0.6602,1,-1,-1
296,37,842.11,366.28,39.23,90.90,0.7341,1,-1,-1
296,44,681.17,469.92,42.22,112.76,0.7417,1,-1,-1
296,55,1129.21,171.42,33.24,75.91,0.7379,1,-1,-1
296,75,1529.88,653.97,67.93,111.66,0.8056,1,-1,-1
296,68,1449.65,870.57,82.48,144.68,0.7827,1,-1,-1
296,73,1623.92,372.77,56.98,97.81,0.5332,1,-1,-1
296,87,1576.73,9.52,19.49,48.60,0.5993,1,-1,-1
296,100,1143.76,260.20,34.52,84.22,0.5506,1,-1,-1
297,35,838.59,722.57,40.91,123.18,0.6843,1,-1,-1
297,36,910.65,751.76,52.07,127.31,0.5409,1,-1,-1
297,37,844.26,362.37,39.50,91.87,0.8019,1,-1,-1
297,44,681.57,465.31,41.05,109.09,0.7866,1,-1,-1
297,55,1129.15,168.59,33.10,75.37,0.6826,1,-1,-1
297,75,1531.31,651.08,70.04,113.59,0.8418,1,-1,-1
297,68,1448.81,866.80,80.51,143.82,0.7447,1,-1,-1
297,73,1621.59,367.24,58.14,99.31,0.5487,1,-1,-1
297,87,1577.41,6.14,19.08,47.31,0.5746,1,-1,-1
297,100,1144.36,256.32,36.18,88.18,0.3970,1,-1,-1
298,35,839.36,718.88,40.56,122.24,0.7122,1,-1,-1
298,36,909.94,748.22,52.42,127.56,0.5983,1,-1,-1
298,37,846.03,358.72,40.25,93.76,0.7931,1,-1,-1
298,44,681.34,461.53,40.74,107.44,0.7969,1,-1,-1
298,55,1129.57,163.00,33.90,76.78,0.7009,1,-1,-1
298,75,1532.23,648.26,73.32,117.26,0.8459,1,-1,-1
298,68,1450.37,861.73,74.00,132.68,0.5641,1,-1,-1
298,73,1621.02,362.11,59.04,100.94,0.6424,1,-1,-1
298,87,1578.77,3.99,17.89,44.15,0.3840,1,-1,-1
298,100,1144.92,251.41,36.22,88.15,0.4707,1,-1,-1
299,35,839.49,714.57,40.58,122.07,0.7295,1,-1,-1
299,36,910.01,744.96,52.28,126.04,0.5583,1,-1,-1
299,37,848.33,355.48,40.94,95.00,0.8081,1,-1,-1
299,44,681.69,457.74,40.73,105.89,0.8056,1,-1,-1
299,55,1129.83,159.03,33.81,76.42,0.7241,1,-1,-1
299,75,1542.08,645.63,76.07,123.12,0.7461,1,-1,-1
299,68,1453.04,858.28,69.88,126.56,0.5059,1,-1,-1
299,73,1620.61,357.84,59.01,101.10,0.6095,1,-1,-1
299,87,1579.78,2.01,17.10,41.83,0.4436,1,-1,-1
299,100,1145.84,246.26,36.13,87.63,0.4776,1,-1,-1
300,35,839.50,709.56,40.86,123.07,0.6943,1,-1,-1
300,36,910.62,739.29,51.32,123.78,0.3840,1,-1,-1
300,37,850.32,352.59,40.01,93.12,0.7739,1,-1,-1
300,44,681.12,453.20,41.29,106.13,0.7663,1,-1,-1
300,55,1129.47,154.91,33.57,75.58,0.5993,1,-1,-1
300,75,1547.81,644.80,78.32,128.68,0.7186,1,-1,-1
300,68,1447.67,852.52,75.60,139.65,0.6132,1,-1,-1
300,73,1618.75,352.56,60.40,103.08,0.4971,1,-1,-1
300,87,1580.47,-0.14,16.74,40.26,0.1334,1,-1,-1
300,100,1147.22,242.11,34.87,84.55,0.2870,1,-1,-1
301,35,839.68,705.17,40.67,122.55,0.6843,1,-1,-1
301,36,909.89,734.87,52.35,125.56,0.4417,1,-1,-1
301,37,852.63,350.52,40.52,94.19,0.7614,1,-1,-1
301,44,679.67,450.37,42.23,108.22,0.7025,1,-1,-1
301,55,1129.86,149.47,34.07,76.77,0.6758,1,-1,-1
301,75,1555.41,643.85,79.04,131.53,0.7705,1,-1,-1
301,68,1444.86,847.17,76.51,144.06,0.8311,1,-1,-1
301,73,1620.32,348.33,60.07,103.13,0.5127,1,-1,-1
301,100,1148.91,238.77,33.81,81.47,0.5813,1,-1,-1
302,35,839.22,701.15,40.32,121.23,0.6860,1,-1,-1
302,36,909.19,730.56,52.59,126.45,0.6316,1,-1,-1
302,37,854.21,347.51,41.31,96.12,0.7469,1,-1,-1
302,44,679.15,446.59,42.42,107.78,0.7311,1,-1,-1
302,55,1130.20,146.05,33.57,75.60,0.6843,1,-1,-1
302,75,1560.66,644.85,74.68,124.65,0.3099,2,-1,-1
302,68,1444.43,842.95,74.84,143.59,0.7506,1,-1,-1
302,73,1617.83,344.00,60.84,104.09,0.6723,1,-1,-1
302,100,1151.06,234.21,34.30,82.50,0.4359,1,-1,-1
303,35,840.03,697.34,40.26,121.15,0.7264,1,-1,-1
303,36,907.99,726.65,53.04,126.13,0.4805,2,-1,-1
303,37,855.11,344.74,41.30,96.42,0.7670,1,-1,-1
303,44,679.03,442.98,42.91,107.46,0.7931,1,-1,-1
303,55,1130.20,141.45,33.87,75.93,0.3821,1,-1,-1
303,75,1558.51,643.38,75.48,122.55,0.3821,1,-1,-1
303,68,1443.16,839.15,73.26,143.10,0.6826,1,-1,-1
303,73,1615.58,338.84,62.41,106.43,0.4893,1,-1,-1
304,35,840.08,693.35,39.97,120.15,0.7217,1,-1,-1
304,36,908.57,723.62,52.63,124.28,0.4054,2,-1,-1
304,37,857.93,341.63,40.62,95.07,0.7578,1,-1,-1
304,44,679.09,439.36,42.50,104.87,0.7879,1,-1,-1
304,55,1130.15,136.48,34.41,77.36,0.6067,1,-1,-1
304,75,1561.32,643.05,75.92,121.44,0.4591,1,-1,-1
304,68,1440.37,833.76,72.81,144.09,0.6960,1,-1,-1
304,73,1615.66,334.60,62.23,106.01,0.1238,1,-1,-1
305,35,839.94,688.79,40.15,120.95,0.7009,1,-1,-1
305,36,908.10,719.89,52.62,123.11,0.4187,2,-1,-1
305,37,860.13,339.38,39.92,93.86,0.7454,1,-1,-1
305,44,678.11,436.29,43.26,105.59,0.7931,1,-1,-1
305,55,1130.28,132.78,33.88,76.41,0.4630,1,-1,-1
305,75,1567.55,642.71,76.05,120.69,0.4844,1,-1,-1
305,68,1433.09,827.80,72.16,142.01,0.7417,1,-1,-1
305,73,1615.83,330.61,61.98,105.50,0.2394,1,-1,-1
306,35,840.41,684.58,39.98,120.48,0.7106,1,-1,-1
306,36,909.29,714.61,53.34,124.21,0.3433,2,-1,-1
306,37,861.54,333.85,40.32,95.16,0.7663,1,-1,-1
306,44,676.79,432.94,44.17,106.11,0.7759,1,-1,-1
306,55,1129.99,127.21,34.40,77.34,0.6406,1,-1,-1
306,75,1574.44,641.44,75.96,120.58,0.8044,1,-1,-1
306,68,1424.86,822.63,74.01,144.86,0.7447,1,-1,-1
306,73,1619.05,325.62,60.99,104.19,0.2140,1,-1,-1
307,35,840.30,680.07,39.78,120.19,0.6843,1,-1,-1
307,36,909.18,709.96,53.90,125.37,0.4805,1,-1,-1
307,37,863.22,330.67,40.31,95.27,0.7766,1,-1,-1
307,44,675.21,427.73,44.47,105.96,0.7050,1,-1,-1
307,55,1130.11,124.27,34.44,77.90,0.6935,1,-1,-1
307,75,1579.64,641.21,78.95,126.70,0.7461,1,-1,-1
307,68,1421.93,820.16,73.01,141.70,0.7853,1,-1,-1
307,73,1620.32,322.56,60.58,104.04,0.4187,1,-1,-1
308,35,840.80,675.54,39.67,120.30,0.6809,1,-1,-1
308,36,909.93,705.64,53.24,122.96,0.5332,2,-1,-1
308,37,864.33,326.80,40.58,96.55,0.7773,1,-1,-1
308,44,674.46,424.94,44.21,103.99,0.7154,1,-1,-1
308,55,1130.29,120.64,33.85,76.24,0.5361,1,-1,-1
308,75,1583.18,640.71,81.34,131.73,0.7606,1,-1,-1
308,68,1419.98,820.05,71.61,137.35,0.7931,1,-1,-1
308,73,1618.39,314.69,62.57,108.03,0.4698,1,-1,-1
309,35,840.83,672.25,38.83,117.87,0.7217,1,-1,-1
309,36,909.02,701.48,53.61,123.14,0.4436,2,-1,-1
309,37,865.67,322.98,41.46,99.63,0.7786,1,-1,-1
309,44,673.50,421.15,45.90,106.51,0.7759,1,-1,-1
309,55,1131.02,115.17,34.52,77.39,0.4542,1,-1,-1
309,75,1585.29,639.43,82.99,135.68,0.7635,1,-1,-1
309,68,1416.67,815.20,72.23,136.96,0.7691,1,-1,-1
309,73,1616.16,309.14,63.54,109.00,0.1184,1,-1,-1
310,35,840.63,667.72,39.18,118.81,0.7217,1,-1,-1
310,36,909.06,697.47,54.19,123.08,0.4883,2,-1,-1
310,37,866.63,319.37,42.03,101.92,0.7853,1,-1,-1
310,44,673.81,417.47,45.74,104.15,0.7800,1,-1,-1
310,55,1131.20,111.80,33.78,75.89,0.7130,1,-1,-1
310,75,1590.40,638.80,82.04,136.14,0.7732,1,-1,-1
310,68,1412.78,809.50,73.22,136.44,0.6280,1,-1,-1
310,73,1619.66,306.50,61.75,106.79,0.1510,1,-1,-1
311,35,840.97,662.94,39.12,118.76,0.7009,1,-1,-1
311,36,908.35,692.97,54.58,122.96,0.3775,2,-1,-1
311,37,867.32,315.04,42.67,104.20,0.7746,1,-1,-1
311,44,674.11,414.15,46.58,103.96,0.7520,1,-1,-1
311,55,1131.14,107.20,34.09,76.58,0.4455,1,-1,-1
311,75,1598.66,637.68,79.63,134.55,0.7813,1,-1,-1
311,68,1411.83,806.73,73.46,135.33,0.7773,1,-1,-1
312,35,841.27,658.78,38.99,118.66,0.6689,1,-1,-1
312,36,908.21,687.74,55.00,124.04,0.5448,1,-1,-1
312,37,869.02,311.66,42.82,104.71,0.7793,1,-1,-1
312,44,672.31,410.04,47.90,105.66,0.7311,1,-1,-1
312,55,1130.99,100.80,34.84,77.93,0.5927,1,-1,-1
312,75,1604.45,636.14,78.37,134.82,0.7326,1,-1,-1
312,68,1409.87,803.78,72.38,130.75,0.7372,1,-1,-1
313,35,841.09,654.21,38.73,118.19,0.6943,1,-1,-1
313,36,909.17,683.10,54.84,123.24,0.5564,2,-1,-1
313,37,870.49,310.42,41.95,103.03,0.7800,1,-1,-1
313,44,672.01,405.71,47.82,103.94,0.6935,1,-1,-1
313,55,1131.89,98.62,33.54,74.86,0.6960,1,-1,-1
313,75,1609.89,634.66,76.56,133.57,0.4140,1,-1,-1
313,68,1410.02,798.34,68.61,119.90,0.5429,1,-1,-1
314,35,841.58,650.19,38.51,117.38,0.7295,1,-1,-1
314,36,908.04,678.97,54.97,122.82,0.4707,2,-1,-1
314,37,871.84,309.07,40.99,100.45,0.8333,1,-1,-1
314,44,672.13,402.58,47.92,102.04,0.7402,1,-1,-1
314,55,1132.51,94.60,34.04,75.54,0.6654,1,-1,-1
314,75,1617.02,632.78,74.89,130.82,0.2854,1,-1,-1
314,68,1406.94,789.76,70.29,119.46,0.3989,1,-1,-1
315,35,841.64,646.76,38.29,116.89,0.7074,1,-1,-1
315,36,906.74,675.88,54.62,121.42,0.4073,2,-1,-1
315,37,873.08,306.79,40.36,98.52,0.8322,1,-1,-1
315,44,670.21,398.77,48.80,102.59,0.7732,1,-1,-1
315,55,1132.84,91.26,33.95,75.02,0.6775,1,-1,-1
315,75,1619.45,631.23,73.89,130.21,0.7233,1,-1,-1
315,68,1405.89,787.12,67.09,109.18,0.6671,1,-1,-1
316,35,840.99,642.86,39.22,119.81,0.7042,1,-1,-1
316,36,906.51,672.86,54.87,120.94,0.4552,2,-1,-1
316,37,875.06,305.18,39.47,95.73,0.8164,1,-1,-1
316,44,668.19,395.75,49.62,103.86,0.7786,1,-1,-1
316,55,1132.39,87.70,33.66,74.49,0.6160,1,-1,-1
316,75,1622.55,630.69,74.23,133.05,0.7786,1,-1,-1
316,68,1399.20,778.72,75.17,120.72,0.2261,1,-1,-1
317,35,841.46,639.50,39.33,119.94,0.6960,1,-1,-1
317,36,906.60,668.93,55.98,122.04,0.4225,2,-1,-1
317,37,876.42,302.32,39.57,95.90,0.8069,1,-1,-1
317,44,668.51,392.49,50.36,103.97,0.7827,1,-1,-1
317,55,1131.88,82.87,34.17,75.36,0.6067,1,-1,-1
317,75,1626.55,629.88,75.66,138.17,0.7372,1,-1,-1
317,68,1387.92,774.78,94.01,152.59,0.2323,1,-1,-1
318,35,840.55,636.12,39.61,120.71,0.6809,1,-1,-1
318,36,906.77,664.75,56.52,123.55,0.4321,2,-1,-1
318,37,878.21,300.14,39.54,95.31,0.8050,1,-1,-1
318,44,667.10,389.72,51.06,104.90,0.7635,1,-1,-1
318,55,1131.65,78.97,34.40,75.93,0.6531,1,-1,-1
318,75,1630.34,629.54,75.70,140.19,0.7663,1,-1,-1
318,68,1381.34,778.14,103.97,171.54,0.1124,1,-1,-1
319,35,840.90,633.48,39.29,119.97,0.6619,1,-1,-1
319,36,907.25,661.92,56.48,123.94,0.4610,2,-1,-1
319,37,879.76,298.03,39.14,94.18,0.8278,1,-1,-1
319,44,665.08,387.21,51.38,105.79,0.7606,1,-1,-1
319,55,1131.54,76.75,34.34,75.83,0.6910,1,-1,-1
319,75,1632.98,629.94,74.58,139.95,0.7892,1,-1,-1
319,68,1389.84,775.12,84.04,132.72,0.1063,1,-1,-1
319,100,1160.55,161.55,34.78,85.89,0.5205,1,-1,-1
320,35,840.25,630.41,39.21,119.87,0.6775,1,-1,-1
320,36,909.75,659.32,55.81,122.49,0.4494,2,-1,-1
320,37,880.72,294.69,39.93,95.95,0.7918,1,-1,-1
320,44,663.09,384.22,51.11,106.01,0.7202,1,-1,-1
320,55,1132.03,75.89,33.22,73.60,0.7017,1,-1,-1
320,75,1634.55,629.73,74.44,140.42,0.6809,1,-1,-1
320,68,1392.24,764.53,76.47,116.71,0.1268,1,-1,-1
320,100,1160.86,157.35,34.02,86.06,0.1307,1,-1,-1
321,35,840.74,627.68,39.01,119.25,0.6876,1,-1,-1
321,36,909.62,656.46,56.25,122.76,0.5312,2,-1,-1
321,37,882.08,292.61,40.43,96.58,0.8205,1,-1,-1
321,44,662.72,381.73,50.63,105.26,0.7491,1,-1,-1
321,55,1132.61,74.97,32.90,72.51,0.6860,1,-1,-1
321,75,1637.96,630.23,74.64,140.17,0.6792,1,-1,-1
321,68,1391.65,760.55,74.07,109.61,0.1877,1,-1,-1
321,100,1161.77,153.74,34.42,86.38,0.3200,1,-1,-1
322,35,840.81,625.56,39.22,119.81,0.7042,1,-1,-1
322,36,908.77,654.17,56.29,123.08,0.2926,1,-1,-1
322,37,884.09,291.40,40.88,96.78,0.8135,1,-1,-1
322,44,662.59,379.31,48.64,101.40,0.7372,1,-1,-1
322,55,1132.60,74.03,33.28,72.72,0.6243,1,-1,-1
322,75,1641.59,631.10,77.56,143.40,0.6261,1,-1,-1
322,68,1386.62,760.83,79.50,115.81,0.1587,1,-1,-1
322,100,1161.55,150.60,34.51,87.62,0.4349,1,-1,-1
323,35,840.88,624.24,38.79,118.33,0.6976,1,-1,-1
323,36,909.11,651.83,56.13,122.97,0.4668,2,-1,-1
323,37,885.78,290.51,41.58,96.98,0.8032,1,-1,-1
323,44,660.92,376.88,49.38,103.69,0.7170,1,-1,-1
323,55,1132.43,71.46,33.77,73.61,0.5832,1,-1,-1
323,75,1641.70,632.11,74.45,136.55,0.7535,1,-1,-1
323,100,1161.22,147.18,34.97,89.59,0.1772,1,-1,-1
324,35,840.99,623.44,38.31,117.09,0.7042,1,-1,-1
324,36,909.05,650.70,55.69,122.15,0.4746,2,-1,-1
324,37,887.16,290.24,42.26,97.13,0.8256,1,-1,-1
324,44,659.85,375.28,49.25,104.39,0.7154,1,-1,-1
324,55,1132.65,69.55,34.13,74.25,0.5622,1,-1,-1
324,75,1645.19,633.95,75.13,134.04,0.4149,1,-1,-1
324,100,1160.49,145.61,35.13,90.43,0.3942,1,-1,-1
325,35,841.09,622.65,38.14,117.00,0.7074,1,-1,-1
325,36,909.03,649.85,55.47,121.55,0.5794,2,-1,-1
325,37,888.20,290.41,42.99,97.59,0.8233,1,-1,-1
325,44,659.19,373.80,49.31,105.84,0.7202,1,-1,-1
325,55,1133.00,67.95,34.48,74.79,0.4980,1,-1,-1
325,75,1645.68,634.67,92.34,162.52,0.4766,1,-1,-1
325,100,1158.83,142.65,34.94,89.09,0.2379,1,-1,-1
326,35,841.07,621.80,38.19,117.54,0.7154,1,-1,-1
326,36,909.53,648.92,55.65,121.48,0.6021,2,-1,-1
326,37,889.17,290.55,43.67,98.60,0.8187,1,-1,-1
326,44,658.73,372.30,49.51,107.36,0.7432,1,-1,-1
326,55,1132.75,67.20,34.39,74.59,0.5059,1,-1,-1
326,75,1653.45,639.99,87.62,146.49,0.4639,1,-1,-1
326,100,1157.83,140.97,35.00,88.51,0.2095,1,-1,-1
327,35,840.86,620.34,38.32,118.16,0.7217,1,-1,-1
327,36,909.52,648.33,56.15,121.33,0.6406,2,-1,-1
327,37,890.06,290.29,43.98,99.05,0.7957,1,-1,-1
327,44,657.75,371.24,49.48,108.21,0.7621,1,-1,-1
327,55,1132.64,65.69,34.57,74.95,0.6531,1,-1,-1
327,75,1655.79,638.33,90.59,145.59,0.3757,2,-1,-1
327,100,1157.37,140.31,34.87,87.64,0.4244,1,-1,-1
328,35,840.66,618.98,38.38,118.58,0.6792,1,-1,-1
328,36,909.30,647.99,56.52,121.13,0.6261,2,-1,-1
328,37,891.15,291.74,43.63,98.01,0.7813,1,-1,-1
328,44,656.70,370.63,49.66,109.33,0.7773,1,-1,-1
328,55,1132.16,64.98,34.21,74.39,0.6783,1,-1,-1
328,75,1654.33,637.39,90.77,143.53,0.4225,2,-1,-1
328,100,1157.45,139.30,34.62,86.54,0.4225,1,-1,-1
329,35,840.42,618.19,38.86,120.14,0.6876,1,-1,-1
329,36,908.00,647.77,56.94,120.87,0.5832,2,-1,-1
329,37,891.50,292.22,43.49,97.87,0.7840,1,-1,-1
329,44,656.89,370.33,49.13,109.27,0.7786,1,-1,-1
329,55,1131.99,64.67,33.93,73.91,0.6766,1,-1,-1
329,75,1651.80,636.68,91.26,142.80,0.3775,2,-1,-1
329,100,1156.25,138.57,34.62,86.02,0.4292,1,-1,-1
330,35,840.43,618.12,38.99,120.69,0.6549,1,-1,-1
330,36,907.11,647.71,57.37,120.75,0.5908,2,-1,-1
330,37,892.60,293.19,42.99,96.87,0.8019,1,-1,-1
330,44,656.70,369.39,48.64,109.44,0.7786,1,-1,-1
330,55,1131.96,64.39,33.55,73.24,0.5917,1,-1,-1
330,75,1648.70,636.84,84.15,130.33,0.5564,1,-1,-1
330,100,1155.51,137.64,34.48,85.32,0.5137,1,-1,-1
331,35,840.78,617.62,38.90,120.55,0.6478,1,-1,-1
331,36,906.97,647.32,57.85,121.05,0.6388,2,-1,-1
331,37,893.54,293.56,42.76,96.69,0.8032,1,-1,-1
331,44,656.78,368.64,48.55,110.39,0.7918,1,-1,-1
331,55,1131.94,63.97,33.58,73.57,0.6628,1,-1,-1
331,75,1645.93,636.26,82.12,126.22,0.8069,1,-1,-1
331,100,1154.88,136.75,34.38,84.74,0.5234,1,-1,-1
332,35,840.67,617.41,39.04,120.74,0.6567,1,-1,-1
332,36,906.65,647.35,58.34,121.06,0.6496,2,-1,-1
332,37,894.30,293.70,42.76,96.99,0.8069,1,-1,-1
332,44,656.39,367.93,48.28,110.95,0.7905,1,-1,-1
332,55,1131.85,63.87,33.50,73.63,0.6451,1,-1,-1
332,75,1643.77,636.08,82.47,125.79,0.7840,1,-1,-1
332,100,1154.13,136.69,34.22,83.89,0.5215,1,-1,-1
333,35,840.50,617.17,39.16,120.86,0.6584,1,-1,-1
333,36,906.42,647.31,58.78,121.21,0.6334,2,-1,-1
333,37,895.23,294.21,42.13,95.64,0.8199,1,-1,-1
333,44,656.47,367.13,47.76,110.80,0.7931,1,-1,-1
333,55,1131.77,64.12,33.25,73.44,0.6868,1,-1,-1
333,75,1641.10,635.58,83.36,125.58,0.8210,1,-1,-1
333,100,1154.13,137.70,33.95,82.47,0.5775,1,-1,-1
334,35,840.46,617.14,39.01,120.38,0.6514,1,-1,-1
334,36,906.16,647.31,59.13,121.38,0.6095,2,-1,-1
334,37,895.90,294.64,41.91,95.20,0.8187,1,-1,-1
334,44,656.45,365.73,47.66,111.14,0.7982,1,-1,-1
334,55,1131.70,64.11,33.14,73.65,0.7017,1,-1,-1
334,75,1637.46,634.20,85.69,128.02,0.7506,1,-1,-1
334,100,1153.76,138.22,33.76,81.73,0.5631,1,-1,-1
335,35,840.10,617.25,38.89,119.88,0.6584,1,-1,-1
335,36,906.53,647.07,59.38,121.50,0.6169,2,-1,-1
335,37,896.27,294.91,42.18,96.13,0.8117,1,-1,-1
335,44,655.59,364.77,46.94,109.49,0.8117,1,-1,-1
335,55,1131.70,63.89,33.05,73.78,0.6325,1,-1,-1
335,75,1634.04,632.64,91.75,136.29,0.7186,1,-1,-1
335,100,1153.12,138.14,33.69,80.97,0.4562,1,-1,-1
336,35,839.95,617.40,38.92,119.78,0.6549,1,-1,-1
336,36,906.15,647.06,59.62,121.59,0.6280,2,-1,-1
336,37,896.74,295.74,42.67,97.63,0.7994,1,-1,-1
336,44,655.83,364.00,45.99,107.39,0.8044,1,-1,-1
336,55,1131.46,63.60,33.10,74.17,0.6086,1,-1,-1
336,75,1632.42,631.15,90.77,134.24,0.7635,1,-1,-1
336,100,1153.11,138.07,34.17,81.41,0.5000,1,-1,-1
337,35,839.68,617.43,39.07,119.90,0.6654,1,-1,-1
337,36,905.82,647.18,59.82,121.49,0.6602,2,-1,-1
337,37,897.12,296.67,42.75,98.07,0.7725,1,-1,-1
337,44,656.29,363.20,45.23,105.46,0.8032,1,-1,-1
337,55,1131.24,63.13,33.35,75.00,0.6325,1,-1,-1
337,75,1629.87,626.31,91.46,136.31,0.7840,1,-1,-1
337,100,1152.99,139.11,34.17,80.48,0.5010,1,-1,-1
338,35,839.33,617.58,39.24,120.00,0.6758,1,-1,-1
338,36,905.85,647.36,59.94,121.37,0.6316,2,-1,-1
338,37,897.95,297.62,42.57,98.08,0.7827,1,-1,-1
338,44,656.16,362.42,45.64,105.91,0.8069,1,-1,-1
338,55,1131.21,62.74,33.67,75.84,0.6160,1,-1,-1
338,75,1628.79,622.67,91.23,137.81,0.8187,1,-1,-1
338,100,1152.88,139.39,34.55,80.71,0.4659,1,-1,-1
339,35,839.01,617.91,39.34,119.86,0.6826,1,-1,-1
339,36,906.01,647.24,60.09,121.50,0.6151,2,-1,-1
339,37,898.68,298.32,42.52,98.20,0.7982,1,-1,-1
339,44,656.57,361.82,45.38,105.26,0.7759,1,-1,-1
339,55,1131.09,62.65,33.81,76.33,0.6645,1,-1,-1
339,75,1630.86,620.40,92.31,140.40,0.7491,1,-1,-1
339,100,1152.48,139.40,34.94,81.19,0.4504,1,-1,-1
340,35,838.89,618.19,39.37,119.55,0.6843,1,-1,-1
340,36,906.45,647.00,60.00,121.56,0.6095,2,-1,-1
340,37,899.76,299.26,42.66,98.43,0.8032,1,-1,-1
340,44,658.06,361.32,43.59,100.73,0.7873,1,-1,-1
340,55,1130.98,62.59,33.94,76.79,0.6540,1,-1,-1
340,75,1628.15,620.68,89.67,138.85,0.8256,1,-1,-1
340,100,1151.76,139.50,34.81,80.84,0.4707,1,-1,-1
341,35,838.57,618.29,39.49,119.41,0.6960,1,-1,-1
341,36,906.18,647.27,60.11,121.39,0.6567,2,-1,-1
341,37,900.78,300.20,42.56,97.93,0.8267,1,-1,-1
341,44,657.06,361.48,44.59,102.87,0.7957,1,-1,-1
341,55,1130.87,62.64,33.84,76.73,0.6984,1,-1,-1
341,75,1629.46,621.04,89.57,139.57,0.6496,1,-1,-1
341,100,1150.85,139.53,34.70,80.36,0.5176,1,-1,-1
342,35,838.31,618.56,39.65,119.49,0.6960,1,-1,-1
342,36,906.07,647.71,60.26,121.11,0.6496,2,-1,-1
342,37,901.25,302.53,42.05,96.43,0.8187,1,-1,-1
342,44,657.35,362.07,43.99,101.13,0.7994,1,-1,-1
342,55,1130.83,62.58,33.63,76.31,0.7001,1,-1,-1
342,75,1625.93,622.19,92.23,141.50,0.5506,1,-1,-1
342,100,1148.13,138.42,34.77,80.37,0.4776,1,-1,-1
343,35,838.22,618.74,39.81,119.70,0.7058,1,-1,-1
343,36,905.78,647.97,60.42,121.06,0.6334,2,-1,-1
343,37,900.94,303.80,42.26,96.41,0.8007,1,-1,-1
343,44,656.99,362.77,44.26,101.34,0.8044,1,-1,-1
343,55,1130.49,62.53,33.57,76.28,0.6935,1,-1,-1
343,75,1614.54,624.35,95.12,139.16,0.7042,1,-1,-1
343,100,1146.62,137.73,35.18,81.37,0.4873,1,-1,-1
344,35,838.19,618.89,39.89,119.77,0.7106,1,-1,-1
344,36,905.87,648.16,60.62,121.39,0.6225,2,-1,-1
344,37,900.20,304.72,42.60,96.50,0.8222,1,-1,-1
344,44,656.23,363.56,44.82,102.05,0.8032,1,-1,-1
344,55,1130.08,62.83,33.22,75.82,0.7017,1,-1,-1
344,75,1608.78,627.15,95.96,134.50,0.6334,1,-1,-1
344,100,1146.29,137.37,35.06,81.52,0.5506,1,-1,-1
345,35,837.91,619.26,39.95,119.86,0.7202,1,-1,-1
345,36,906.21,648.38,60.90,121.91,0.5390,2,-1,-1
345,37,898.64,306.99,42.66,95.41,0.8245,1,-1,-1
345,44,656.20,364.24,44.85,101.41,0.7892,1,-1,-1
345,55,1129.67,63.13,32.80,75.37,0.7017,1,-1,-1
345,75,1613.13,628.51,95.33,132.07,0.7944,1,-1,-1
345,100,1146.27,137.35,34.59,80.99,0.5631,1,-1,-1
346,35,837.86,619.60,39.68,119.03,0.7170,1,-1,-1
346,36,906.74,648.18,60.75,122.30,0.5059,1,-1,-1
346,37,897.35,309.13,43.50,96.13,0.7937,1,-1,-1
346,44,655.53,364.93,45.23,101.80,0.8007,1,-1,-1
346,55,1129.73,63.55,32.19,74.34,0.6433,1,-1,-1
346,75,1617.33,629.04,93.22,131.57,0.7840,1,-1,-1
346,100,1147.02,138.03,33.51,78.68,0.6234,1,-1,-1
347,35,837.71,620.08,39.51,118.41,0.7264,1,-1,-1
347,36,907.26,648.18,60.61,122.58,0.6021,1,-1,-1
347,37,896.06,309.97,44.29,96.71,0.7944,1,-1,-1
347,44,654.53,365.22,45.56,102.34,0.7957,1,-1,-1
347,55,1129.97,64.01,31.85,73.77,0.6049,1,-1,-1
347,75,1618.91,629.02,91.07,131.82,0.7982,1,-1,-1
347,100,1147.11,138.05,33.48,79.03,0.6252,1,-1,-1
348,35,837.76,620.45,39.32,117.71,0.7341,1,-1,-1
348,36,907.51,647.97,60.66,123.20,0.6531,1,-1,-1
348,37,895.79,310.71,44.84,96.67,0.7866,1,-1,-1
348,44,654.30,365.20,45.25,101.41,0.7969,1,-1,-1
348,55,1130.28,64.32,31.75,73.58,0.5312,1,-1,-1
348,75,1616.22,629.51,88.48,131.31,0.8233,1,-1,-1
348,100,1147.22,138.19,33.50,79.05,0.6206,1,-1,-1
349,35,837.70,620.84,39.26,117.42,0.7341,1,-1,-1
349,36,907.44,648.33,60.48,123.37,0.7186,1,-1,-1
349,37,895.44,311.85,45.38,96.56,0.7840,1,-1,-1
349,44,654.05,364.02,44.95,100.89,0.7705,1,-1,-1
349,55,1130.50,64.65,31.70,73.44,0.5273,1,-1,-1
349,75,1610.50,629.75,87.35,131.61,0.8322,1,-1,-1
349,100,1147.16,138.45,33.21,78.78,0.6343,1,-1,-1
350,35,837.61,621.05,39.33,117.66,0.7387,1,-1,-1
350,36,907.01,648.38,60.28,123.74,0.7074,1,-1,-1
350,37,895.24,313.55,45.46,95.49,0.7969,1,-1,-1
350,44,653.50,363.18,45.07,101.38,0.7606,1,-1,-1
350,55,1130.40,65.03,31.50,73.18,0.4844,1,-1,-1
350,75,1607.17,629.87,88.34,133.46,0.8245,1,-1,-1
350,100,1147.19,138.72,33.04,78.91,0.6197,1,-1,-1
351,35,837.52,621.16,39.57,118.36,0.7372,1,-1,-1
351,36,906.95,648.71,60.04,123.78,0.7186,1,-1,-1
351,37,895.09,314.91,45.43,94.27,0.7982,1,-1,-1
351,44,653.17,361.59,45.26,102.31,0.7050,1,-1,-1
351,55,1130.05,64.86,31.47,73.43,0.5516,1,-1,-1
351,75,1602.05,629.68,95.77,146.27,0.7969,1,-1,-1
351,100,1146.85,138.31,33.38,79.97,0.6370,1,-1,-1
352,35,837.51,621.13,39.69,118.57,0.7417,1,-1,-1
352,36,907.00,648.93,59.77,123.60,0.6671,1,-1,-1
352,37,895.52,315.85,45.20,92.78,0.7905,1,-1,-1
352,44,652.46,359.83,45.70,103.78,0.6968,1,-1,-1
352,55,1129.69,64.50,31.44,73.88,0.6361,1,-1,-1
352,75,1595.79,629.38,98.50,152.91,0.7663,1,-1,-1
352,100,1146.63,138.01,33.41,80.19,0.6424,1,-1,-1
352,103,1323.52,739.14,78.44,142.69,0.7074,1,-1,-1
353,35,837.34,621.06,39.83,118.81,0.7402,1,-1,-1
353,36,906.73,649.27,59.40,123.25,0.6077,1,-1,-1
353,37,895.54,316.33,45.51,92.41,0.7994,1,-1,-1
353,44,651.56,358.87,45.73,104.24,0.7001,1,-1,-1
353,55,1129.90,64.21,31.47,74.34,0.6918,1,-1,-1
353,75,1591.44,628.99,97.60,153.69,0.7982,1,-1,-1
353,100,1146.82,137.94,33.33,80.28,0.6531,1,-1,-1
353,103,1321.61,737.79,80.35,146.20,0.6243,1,-1,-1
353,104,1618.57,256.92,55.69,102.06,0.5312,1,-1,-1
354,35,837.35,621.06,39.77,118.48,0.7264,1,-1,-1
354,36,906.67,649.61,59.06,123.24,0.5506,1,-1,-1
354,37,895.76,316.35,45.79,92.35,0.7786,1,-1,-1
354,44,651.12,357.54,44.74,102.41,0.7098,1,-1,-1
354,55,1130.32,63.80,31.63,74.91,0.6800,1,-1,-1
354,75,1589.45,628.95,95.35,152.81,0.8056,1,-1,-1
354,100,1147.49,138.30,32.76,79.42,0.6487,1,-1,-1
354,103,1318.68,735.21,82.63,150.72,0.5622,1,-1,-1
354,104,1621.01,257.36,54.74,100.55,0.2846,1,-1,-1
355,35,837.15,621.15,39.96,118.82,0.7217,1,-1,-1
355,36,907.22,649.52,59.09,123.88,0.5467,2,-1,-1
355,37,895.67,316.30,46.29,92.83,0.7691,1,-1,-1
355,44,650.75,356.43,44.32,101.75,0.7334,1,-1,-1
355,55,1130.69,63.89,31.71,75.13,0.6968,1,-1,-1
355,75,1587.50,628.66,92.12,149.59,0.8366,1,-1,-1
355,100,1147.97,138.28,32.41,79.11,0.6522,1,-1,-1
355,103,1315.16,733.93,83.04,151.85,0.5851,1,-1,-1
355,104,1622.26,257.76,54.07,99.64,0.2050,1,-1,-1
355,105,1682.91,213.98,38.85,76.42,0.4727,1,-1,-1
356,35,837.10,621.59,39.94,118.69,0.7170,1,-1,-1
356,36,907.40,649.55,59.07,124.33,0.6671,2,-1,-1
356,37,896.15,316.74,46.29,92.62,0.7578,1,-1,-1
356,44,649.96,355.54,44.30,102.35,0.7527,1,-1,-1
356,55,1130.93,64.10,31.79,75.23,0.6766,1,-1,-1
356,75,1585.47,628.92,89.74,147.22,0.8429,1,-1,-1
356,100,1148.37,138.06,32.05,78.75,0.6593,1,-1,-1
356,103,1312.40,732.80,83.16,152.89,0.6460,1,-1,-1
356,105,1682.21,214.66,37.75,74.12,0.3016,1,-1,-1
357,35,836.98,622.03,39.98,118.79,0.7170,1,-1,-1
357,36,907.46,649.62,59.14,125.06,0.5545,2,-1,-1
357,37,895.64,316.91,46.82,93.08,0.7592,1,-1,-1
357,44,649.39,354.85,45.09,104.84,0.7807,1,-1,-1
357,55,1131.03,64.42,31.89,75.40,0.6935,1,-1,-1
357,75,1584.20,629.64,87.91,145.92,0.8688,1,-1,-1
357,100,1148.52,138.01,31.83,78.57,0.6469,1,-1,-1
357,103,1312.16,731.85,82.45,152.83,0.7520,1,-1,-1
357,105,1679.66,214.84,39.53,77.47,0.1587,1,-1,-1
358,35,836.90,622.32,40.01,118.96,0.7042,1,-1,-1
358,36,907.69,649.88,58.86,125.37,0.5351,2,-1,-1
358,37,895.64,317.07,46.88,92.45,0.7461,1,-1,-1
358,44,648.75,353.84,45.55,107.29,0.7491,1,-1,-1
358,55,1130.99,64.77,31.95,75.57,0.7082,1,-1,-1
358,75,1582.53,630.22,86.27,145.29,0.8480,1,-1,-1
358,100,1148.75,138.06,31.52,78.21,0.6397,1,-1,-1
358,103,1310.13,730.47,82.72,154.76,0.6976,1,-1,-1
359,35,836.37,622.62,40.80,120.41,0.7170,1,-1,-1
359,36,907.95,650.07,58.48,125.23,0.4961,2,-1,-1
359,37,894.61,316.96,47.35,92.65,0.7592,1,-1,-1
359,44,648.78,353.36,45.46,108.19,0.7578,1,-1,-1
359,55,1131.06,64.80,32.13,75.89,0.6766,1,-1,-1
359,75,1580.58,630.83,84.93,145.13,0.8397,1,-1,-1
359,100,1148.54,137.89,31.64,78.86,0.6215,1,-1,-1
359,103,1306.78,729.67,83.32,157.30,0.6723,1,-1,-1
360,35,835.97,622.89,41.39,121.14,0.7106,1,-1,-1
360,36,908.19,650.47,57.94,124.55,0.5039,2,-1,-1
360,37,894.36,316.78,47.73,92.60,0.7417,1,-1,-1
360,44,649.06,352.90,45.14,108.30,0.7746,1,-1,-1
360,55,1131.16,64.73,32.29,75.99,0.5974,1,-1,-1
360,75,1579.08,630.32,84.26,146.08,0.8105,1,-1,-1
360,100,1148.51,137.84,31.54,79.07,0.6086,1,-1,-1
360,103,1303.18,727.98,83.93,159.62,0.5525,1,-1,-1
361,35,835.95,622.81,41.50,121.37,0.7009,1,-1,-1
361,36,907.48,650.72,58.13,124.91,0.4844,2,-1,-1
361,37,898.40,317.62,45.62,89.27,0.6817,1,-1,-1
361,44,649.21,352.36,45.21,109.03,0.7549,1,-1,-1
361,55,1130.95,64.44,32.42,76.23,0.3989,1,-1,-1
361,75,1576.90,629.19,83.93,147.47,0.8322,1,-1,-1
361,100,1148.59,137.72,31.50,79.49,0.5631,1,-1,-1
361,103,1302.21,726.00,80.42,153.36,0.5603,1,-1,-1
362,35,835.91,622.90,41.63,121.63,0.7186,1,-1,-1
362,36,907.48,651.10,57.81,124.16,0.4844,2,-1,-1
362,37,899.99,318.16,44.72,88.22,0.7146,1,-1,-1
362,44,649.38,351.93,45.01,108.99,0.7506,1,-1,-1
362,55,1131.18,64.72,32.37,75.65,0.4785,1,-1,-1
362,75,1575.62,627.31,83.74,149.53,0.8558,1,-1,-1
362,100,1148.45,137.41,31.45,79.80,0.5137,1,-1,-1
362,103,1300.24,724.13,80.22,153.41,0.5293,1,-1,-1
363,35,836.05,623.42,41.61,121.44,0.7249,1,-1,-1
363,36,908.00,651.81,56.89,122.15,0.5679,2,-1,-1
363,37,896.27,317.09,46.79,91.57,0.7154,1,-1,-1
363,44,649.51,351.18,44.99,109.38,0.7417,1,-1,-1
363,55,1131.50,64.82,32.64,75.62,0.5156,1,-1,-1
363,75,1574.92,625.55,83.33,151.30,0.8549,1,-1,-1
363,100,1148.13,136.77,31.55,80.40,0.4581,1,-1,-1
363,103,1299.32,723.94,79.00,151.77,0.5078,1,-1,-1
364,35,835.81,623.71,42.22,122.26,0.7249,1,-1,-1
364,36,908.37,652.45,55.97,120.01,0.5059,2,-1,-1
364,37,894.29,316.09,48.35,93.96,0.7074,1,-1,-1
364,44,649.75,350.46,44.71,109.21,0.7356,1,-1,-1
364,55,1131.36,64.83,32.69,75.29,0.4951,1,-1,-1
364,75,1573.69,623.08,83.27,153.95,0.8366,1,-1,-1
364,100,1147.66,135.97,31.75,81.20,0.3460,1,-1,-1
364,103,1300.33,722.58,76.93,148.87,0.6225,1,-1,-1
365,35,835.60,624.46,41.99,121.51,0.7090,1,-1,-1
365,36,908.09,652.99,56.30,120.45,0.4746,2,-1,-1
365,37,893.73,315.44,49.21,95.23,0.6723,1,-1,-1
365,44,649.82,349.87,44.56,109.43,0.7326,1,-1,-1
365,55,1130.31,64.66,33.03,76.17,0.4912,1,-1,-1
365,75,1572.40,619.77,82.72,155.48,0.8105,1,-1,-1
365,100,1147.37,135.71,31.74,81.34,0.3355,1,-1,-1
365,103,1298.52,721.50,75.08,145.63,0.6243,1,-1,-1
366,35,835.35,624.67,42.61,122.37,0.7356,1,-1,-1
366,36,907.27,653.67,55.84,119.92,0.5293,1,-1,-1
366,37,892.66,314.99,50.41,97.15,0.7186,1,-1,-1
366,44,649.78,349.52,44.42,109.94,0.7387,1,-1,-1
366,55,1130.15,65.05,32.77,75.56,0.5341,1,-1,-1
366,75,1571.61,616.99,80.29,153.52,0.8322,1,-1,-1
366,100,1147.64,135.74,31.58,81.19,0.3868,1,-1,-1
366,103,1297.59,720.74,73.40,142.60,0.7549,1,-1,-1
367,35,835.15,625.07,42.86,122.17,0.7417,1,-1,-1
367,36,907.74,653.67,56.33,120.62,0.5737,2,-1,-1
367,37,891.93,314.34,51.72,99.09,0.7402,1,-1,-1
367,44,649.61,349.47,44.39,110.92,0.7491,1,-1,-1
367,55,1129.03,64.48,33.20,76.55,0.5088,1,-1,-1
367,75,1571.06,613.98,77.32,149.90,0.8387,1,-1,-1
367,100,1147.99,135.98,31.38,80.83,0.4140,1,-1,-1
367,103,1294.50,719.54,73.42,142.48,0.6993,1,-1,-1
368,35,835.06,625.60,43.01,121.87,0.7417,1,-1,-1
368,36,907.53,654.60,56.54,121.52,0.4854,1,-1,-1
368,37,891.97,314.91,52.16,99.12,0.7461,1,-1,-1
368,44,649.89,349.57,44.29,111.52,0.7535,1,-1,-1
368,55,1129.43,64.98,33.09,76.28,0.5293,1,-1,-1
368,75,1568.96,611.17,74.47,144.86,0.7813,1,-1,-1
368,100,1147.91,135.99,31.41,81.03,0.3794,1,-1,-1
368,103,1291.82,717.48,74.02,142.97,0.5448,1,-1,-1
369,35,834.94,626.04,43.23,121.89,0.7326,1,-1,-1
369,36,907.01,654.99,57.40,123.28,0.5117,2,-1,-1
369,37,892.10,315.70,52.46,98.75,0.7311,1,-1,-1
369,44,650.13,349.75,44.10,111.64,0.7387,1,-1,-1
369,55,1128.75,64.61,33.49,77.26,0.4562,1,-1,-1
369,75,1563.54,607.85,73.93,143.51,0.7892,1,-1,-1
369,100,1147.61,135.38,31.74,81.97,0.2576,1,-1,-1
369,103,1289.68,715.95,74.10,142.61,0.5564,1,-1,-1
369,108,906.85,655.16,58.28,123.96,0.4707,1,-1,-1
370,35,834.75,626.38,43.51,122.07,0.7341,1,-1,-1
370,36,907.11,655.62,57.69,124.14,0.4785,1,-1,-1
370,37,892.14,316.81,52.61,97.93,0.7233,1,-1,-1
370,44,650.11,349.93,44.00,111.61,0.7264,1,-1,-1
370,55,1129.37,65.03,33.36,77.03,0.4912,1,-1,-1
370,75,1562.19,607.50,70.09,135.04,0.7746,1,-1,-1
370,100,1147.64,135.03,31.93,82.53,0.2967,1,-1,-1
370,103,1288.24,715.55,73.73,141.28,0.6723,1,-1,-1
370,108,906.56,655.40,58.51,124.46,0.5487,2,-1,-1
371,35,834.78,626.96,43.22,121.55,0.7280,1,-1,-1
371,36,907.10,655.67,57.69,124.27,0.4017,1,-1,-1
371,37,892.73,317.89,52.55,96.33,0.6370,1,-1,-1
371,44,650.69,350.14,43.06,109.02,0.7217,1,-1,-1
371,55,1129.64,65.18,33.32,76.98,0.4834,1,-1,-1
371,75,1555.71,606.51,70.48,133.64,0.8322,1,-1,-1
371,100,1147.65,134.84,32.02,82.85,0.3157,1,-1,-1
371,103,1287.81,715.67,73.68,141.18,0.6758,1,-1,-1
371,108,906.40,655.32,58.62,124.65,0.6169,2,-1,-1
372,35,834.71,627.35,43.09,121.53,0.7311,1,-1,-1
372,36,906.46,656.01,58.15,125.21,0.4513,1,-1,-1
372,37,893.30,318.18,52.96,95.41,0.6225,1,-1,-1
372,44,650.84,350.08,43.20,108.92,0.7280,1,-1,-1
372,55,1129.02,64.81,33.69,77.90,0.4102,1,-1,-1
372,75,1551.93,607.05,70.66,132.40,0.8366,1,-1,-1
372,100,1147.59,134.60,32.09,83.19,0.3183,1,-1,-1
372,103,1286.28,715.52,74.10,141.92,0.6993,1,-1,-1
372,108,905.67,655.60,58.87,125.01,0.5351,2,-1,-1
372,109,905.38,319.04,48.21,89.77,0.6252,1,-1,-1
373,35,834.76,627.73,42.84,121.34,0.7264,1,-1,-1
373,36,905.71,656.33,58.40,125.60,0.3585,1,-1,-1
373,37,894.45,317.79,53.68,95.90,0.3951,1,-1,-1
373,44,651.00,349.88,43.23,108.54,0.7311,1,-1,-1
373,55,1129.05,64.91,33.77,78.13,0.2713,1,-1,-1
373,75,1550.30,606.45,71.60,133.26,0.8500,1,-1,-1
373,100,1147.76,134.29,32.11,83.52,0.1944,1,-1,-1
373,103,1283.92,715.56,75.05,143.48,0.6549,1,-1,-1
373,108,904.83,656.08,59.26,125.71,0.6496,2,-1,-1
373,109,906.78,319.00,48.35,90.32,0.6215,1,-1,-1
374,35,834.88,627.96,42.68,121.42,0.7372,1,-1,-1
374,36,905.68,656.86,58.37,125.40,0.5889,2,-1,-1
374,37,895.80,317.29,54.07,96.30,0.6169,1,-1,-1
374,44,650.58,350.03,43.41,108.89,0.7202,1,-1,-1
374,55,1129.19,65.05,33.72,78.07,0.2524,1,-1,-1
374,75,1549.48,605.37,72.50,134.69,0.8278,1,-1,-1
374,100,1148.05,133.97,32.12,84.01,0.2031,1,-1,-1
374,103,1281.13,715.11,76.77,146.80,0.6775,1,-1,-1
374,108,905.28,656.94,58.92,125.15,0.3840,1,-1,-1
374,109,907.17,318.40,49.19,92.42,0.6343,1,-1,-1
375,35,835.13,628.31,42.49,121.27,0.7217,1,-1,-1
375,36,905.70,657.25,58.40,125.46,0.6424,2,-1,-1
375,37,897.30,316.82,54.22,96.92,0.7106,1,-1,-1
375,44,649.89,349.88,43.82,109.74,0.7154,1,-1,-1
375,55,1129.40,65.02,33.68,78.01,0.2261,1,-1,-1
375,75,1548.26,603.36,73.56,136.60,0.8322,1,-1,-1
375,100,1148.38,133.77,31.94,83.93,0.2583,1,-1,-1
375,103,1279.94,714.29,76.89,147.16,0.6584,1,-1,-1
375,109,907.48,317.50,48.61,92.18,0.3016,1,-1,-1
376,35,834.64,629.00,42.77,121.10,0.7264,1,-1,-1
376,36,904.11,657.34,58.80,126.04,0.4746,2,-1,-1
376,37,899.24,316.91,54.29,97.63,0.7827,1,-1,-1
376,44,649.60,349.80,44.17,110.46,0.7138,1,-1,-1
376,55,1129.41,65.55,33.15,77.17,0.3794,1,-1,-1
376,75,1547.61,601.08,74.69,138.72,0.8520,1,-1,-1
376,100,1148.46,133.33,31.91,84.15,0.2613,1,-1,-1
376,103,1279.37,713.83,75.68,144.52,0.6893,1,-1,-1
376,109,908.60,317.32,48.36,92.86,0.1109,1,-1,-1
377,35,834.45,629.57,43.04,120.83,0.7461,1,-1,-1
377,36,903.78,658.02,58.79,126.30,0.5176,1,-1,-1
377,37,905.94,317.00,51.23,95.12,0.1136,1,-1,-1
377,44,649.17,350.21,44.25,110.54,0.7402,1,-1,-1
377,55,1129.42,65.81,32.88,76.90,0.4064,1,-1,-1
377,75,1547.58,598.80,75.05,139.61,0.8724,1,-1,-1
377,100,1148.41,133.35,31.95,84.53,0.3183,1,-1,-1
377,103,1279.36,713.78,75.54,144.15,0.5964,1,-1,-1
377,109,906.91,317.19,49.91,96.07,0.7621,1,-1,-1
378,35,833.93,629.92,43.41,120.96,0.7402,1,-1,-1
378,36,904.24,658.53,58.65,126.13,0.5078,1,-1,-1
378,44,649.41,350.97,44.14,109.63,0.7476,1,-1,-1
378,55,1129.09,65.60,32.95,77.12,0.4340,1,-1,-1
378,75,1547.83,594.83,75.36,140.54,0.8558,1,-1,-1
378,100,1148.44,133.68,31.93,84.73,0.3381,1,-1,-1
378,103,1279.83,713.29,74.95,142.62,0.4854,1,-1,-1
379,35,833.69,630.28,43.70,120.94,0.7491,1,-1,-1
379,36,904.88,659.09,58.60,126.22,0.5273,1,-1,-1
379,44,649.30,351.75,44.16,109.04,0.7417,1,-1,-1
379,55,1128.97,65.70,32.96,77.12,0.4397,1,-1,-1
379,75,1548.59,591.69,74.76,139.63,0.8366,1,-1,-1
379,100,1148.29,134.06,31.94,84.74,0.3460,1,-1,-1
379,103,1280.14,713.29,74.14,140.30,0.6442,1,-1,-1
379,110,903.85,659.03,60.96,124.69,0.4513,2,-1,-1
379,37,909.29,317.71,51.21,98.39,0.7578,1,-1,-1
380,35,833.36,630.62,43.97,120.97,0.7461,1,-1,-1
380,36,904.90,659.35,58.39,125.69,0.5078,1,-1,-1
380,44,649.16,351.89,43.96,108.24,0.7287,1,-1,-1
380,55,1128.90,65.83,32.93,77.02,0.4036,1,-1,-1
380,75,1549.48,588.12,73.95,138.15,0.8520,1,-1,-1
380,100,1148.36,134.61,31.80,84.23,0.3831,1,-1,-1
380,103,1279.94,713.16,74.43,140.07,0.6169,1,-1,-1
380,110,903.69,659.56,61.03,124.69,0.4688,2,-1,-1
380,37,910.49,318.09,50.36,99.78,0.7461,1,-1,-1
381,35,833.36,631.09,44.14,120.81,0.7506,1,-1,-1
381,36,905.31,659.81,58.10,125.66,0.4824,1,-1,-1
381,44,649.36,352.07,43.92,107.64,0.7241,1,-1,-1
381,55,1129.87,66.21,32.74,76.68,0.4591,1,-1,-1
381,75,1549.97,585.17,73.58,137.19,0.8634,1,-1,-1
381,100,1148.60,134.89,31.79,84.14,0.3504,1,-1,-1
381,103,1279.07,712.57,76.03,142.31,0.5409,1,-1,-1
381,110,903.69,660.14,60.95,124.25,0.4571,2,-1,-1
381,37,911.40,318.20,49.09,100.32,0.7402,1,-1,-1
382,35,833.49,631.19,43.74,120.30,0.7549,1,-1,-1
382,36,905.71,660.19,58.09,125.81,0.4378,1,-1,-1
382,44,649.28,352.41,43.93,107.20,0.7210,1,-1,-1
382,55,1130.27,66.45,32.79,76.82,0.5098,1,-1,-1
382,75,1551.27,583.18,72.24,134.24,0.8724,1,-1,-1
382,100,1148.67,135.27,31.76,83.86,0.3174,1,-1,-1
382,103,1278.64,710.80,78.11,145.44,0.4727,1,-1,-1
382,110,903.92,660.43,60.85,123.71,0.5039,2,-1,-1
382,37,912.64,318.54,47.77,100.39,0.7520,1,-1,-1
383,35,833.35,631.79,43.81,119.92,0.7592,1,-1,-1
383,36,905.59,660.59,58.35,126.07,0.4912,1,-1,-1
383,44,649.03,352.82,43.61,106.27,0.7334,1,-1,-1
383,55,1130.44,66.75,32.75,76.85,0.5254,1,-1,-1
383,75,1551.14,581.06,71.77,132.40,0.8749,1,-1,-1
383,100,1148.95,136.07,31.37,82.85,0.3442,1,-1,-1
383,103,1279.06,709.50,78.97,146.08,0.4863,1,-1,-1
383,110,903.10,660.83,61.08,123.76,0.5234,2,-1,-1
383,37,913.93,318.88,46.55,100.33,0.7635,1,-1,-1
384,35,833.07,632.13,43.83,119.59,0.7476,1,-1,-1
384,36,905.74,660.99,58.45,126.09,0.4805,1,-1,-1
384,44,648.83,353.28,43.11,105.29,0.7241,1,-1,-1
384,55,1130.43,66.92,32.80,76.97,0.4484,1,-1,-1
384,75,1551.45,580.01,71.54,131.36,0.8706,1,-1,-1
384,100,1149.18,136.86,31.02,81.85,0.3451,1,-1,-1
384,103,1279.38,707.15,80.60,148.32,0.3381,2,-1,-1
384,110,903.24,660.91,61.46,124.42,0.5889,2,-1,-1
384,37,915.05,319.04,45.42,100.16,0.7649,1,-1,-1
385,35,833.10,632.53,43.92,119.50,0.7461,1,-1,-1
385,36,906.07,661.32,58.48,125.96,0.5078,1,-1,-1
385,44,649.66,354.16,42.29,102.89,0.7280,1,-1,-1
385,55,1130.33,67.11,32.98,77.41,0.5059,1,-1,-1
385,75,1551.09,578.96,72.26,132.24,0.8715,1,-1,-1
385,100,1148.76,136.69,31.39,82.61,0.2568,1,-1,-1
385,103,1279.99,707.66,80.61,147.40,0.1204,1,-1,-1
385,110,903.81,661.32,61.47,124.47,0.5908,2,-1,-1
385,37,915.73,319.15,44.56,100.38,0.7491,1,-1,-1
386,35,833.05,632.76,44.09,119.93,0.7356,1,-1,-1
386,36,906.33,661.67,58.39,125.67,0.4388,1,-1,-1
386,44,649.21,354.61,42.86,104.66,0.7114,1,-1,-1
386,55,1130.26,67.45,32.98,77.42,0.5059,1,-1,-1
386,75,1550.30,577.84,73.45,134.08,0.8661,1,-1,-1
386,100,1148.87,137.51,31.48,82.52,0.1993,1,-1,-1
386,103,1280.15,706.08,81.68,148.76,0.1592,2,-1,-1
386,110,903.44,661.61,61.60,124.62,0.5718,2,-1,-1
386,37,916.20,319.22,44.15,101.54,0.7432,1,-1,-1
387,35,833.14,632.88,44.28,120.30,0.7372,1,-1,-1
387,36,906.72,661.98,58.25,125.55,0.5059,1,-1,-1
387,44,649.35,354.77,43.10,105.55,0.7130,1,-1,-1
387,55,1130.17,67.69,33.05,77.59,0.5312,1,-1,-1
387,75,1550.07,575.30,74.94,136.78,0.8643,1,-1,-1
387,100,1149.08,138.16,31.68,82.61,0.1907,1,-1,-1
387,103,1280.55,705.54,82.60,149.73,0.2282,2,-1,-1
387,110,904.34,662.02,61.45,124.64,0.5234,2,-1,-1
387,37,916.75,319.12,43.78,102.56,0.7311,1,-1,-1
388,35,833.48,632.70,43.85,120.09,0.7202,1,-1,-1
388,36,906.56,662.47,58.05,124.90,0.5156,2,-1,-1
388,44,649.20,354.88,43.37,107.14,0.7001,1,-1,-1
388,55,1129.46,67.95,33.15,77.40,0.4484,1,-1,-1
388,75,1550.61,573.63,75.56,137.97,0.8510,1,-1,-1
388,100,1149.06,138.78,31.82,82.51,0.2241,1,-1,-1
388,103,1281.58,705.43,83.34,150.54,0.1052,2,-1,-1
388,110,905.21,662.30,61.16,124.85,0.4388,1,-1,-1
388,37,917.68,318.70,43.71,103.74,0.7677,1,-1,-1
389,35,833.81,632.87,43.47,120.05,0.7249,1,-1,-1
389,36,907.02,662.80,57.95,124.80,0.5545,2,-1,-1
389,44,650.34,355.03,42.27,105.28,0.7001,1,-1,-1
389,55,1129.10,68.00,33.37,77.50,0.4620,1,-1,-1
389,75,1550.61,572.21,76.06,138.66,0.8549,1,-1,-1
389,100,1148.33,138.87,32.24,83.08,0.2018,1,-1,-1
389,103,1282.37,706.58,83.48,150.21,0.1016,2,-1,-1
389,110,905.92,662.48,60.92,125.21,0.4111,1,-1,-1
389,37,918.25,318.21,43.31,104.20,0.7759,1,-1,-1
390,35,834.17,633.08,43.11,120.06,0.7264,1,-1,-1
390,36,907.60,663.19,57.74,124.65,0.5622,2,-1,-1
390,44,651.08,354.44,41.73,105.08,0.7050,1,-1,-1
390,55,1128.87,68.07,33.48,77.47,0.4436,1,-1,-1
390,75,1550.73,570.81,76.31,138.61,0.8741,1,-1,-1
390,100,1147.75,139.83,32.17,82.10,0.2200,1,-1,-1
390,110,906.73,662.94,60.46,125.06,0.3858,1,-1,-1
390,37,918.84,317.77,42.92,104.70,0.7866,1,-1,-1
391,35,834.42,633.33,43.10,120.63,0.7264,1,-1,-1
391,36,908.06,663.69,57.70,124.81,0.5137,2,-1,-1
391,44,652.17,353.55,41.53,105.27,0.7256,1,-1,-1
391,55,1128.47,68.38,33.58,77.51,0.2854,1,-1,-1
391,75,1551.18,568.81,76.04,137.47,0.8670,1,-1,-1
391,110,907.59,663.53,60.10,124.83,0.3363,1,-1,-1
391,37,919.78,317.32,42.25,104.56,0.7813,1,-1,-1
392,35,834.51,633.54,43.01,120.87,0.7326,1,-1,-1
392,36,908.06,664.11,57.37,124.40,0.4533,2,-1,-1
392,44,653.59,353.42,40.98,104.05,0.7225,1,-1,-1
392,55,1128.33,68.32,33.86,77.85,0.3174,1,-1,-1
392,75,1553.65,565.79,75.52,136.66,0.8529,1,-1,-1
392,110,907.92,663.89,59.67,124.52,0.3603,1,-1,-1
392,37,919.35,316.35,42.08,105.59,0.7705,1,-1,-1
393,35,833.77,633.76,43.56,121.56,0.7356,1,-1,-1
393,36,908.12,664.35,57.11,124.32,0.4017,1,-1,-1
393,44,654.11,353.19,40.71,103.85,0.7178,1,-1,-1
393,55,1128.23,68.23,34.11,78.03,0.2134,1,-1,-1
393,75,1556.53,562.87,75.04,136.57,0.8366,1,-1,-1
393,110,908.28,664.51,59.27,123.85,0.4149,2,-1,-1
393,37,918.50,315.07,41.57,105.84,0.7663,1,-1,-1
394,35,834.15,633.84,43.35,121.38,0.7402,1,-1,-1
394,36,908.15,663.77,56.40,123.39,0.3320,1,-1,-1
394,44,653.12,352.91,42.27,108.78,0.7264,1,-1,-1
394,55,1128.18,68.24,34.26,78.09,0.1848,1,-1,-1
394,75,1557.69,560.66,74.87,136.76,0.8520,1,-1,-1
394,110,908.45,664.87,58.98,123.17,0.3905,2,-1,-1
394,37,918.18,313.80,40.86,105.41,0.7677,1,-1,-1
395,35,834.39,634.11,43.23,121.43,0.7432,1,-1,-1
395,36,907.86,664.50,56.15,123.20,0.3702,1,-1,-1
395,44,653.33,352.48,42.66,110.67,0.7506,1,-1,-1
395,55,1128.17,68.32,34.35,78.03,0.1375,1,-1,-1
395,75,1558.46,559.32,74.61,136.92,0.8606,1,-1,-1
395,110,910.83,665.50,55.84,116.36,0.3803,2,-1,-1
395,37,917.52,312.29,40.53,106.20,0.7491,1,-1,-1
396,35,834.42,634.39,43.23,121.78,0.7520,1,-1,-1
396,36,908.35,664.49,55.48,122.23,0.3277,1,-1,-1
396,44,654.13,352.68,42.06,109.71,0.7840,1,-1,-1
396,55,1128.37,68.53,34.22,77.57,0.1027,1,-1,-1
396,75,1559.12,557.37,74.69,137.96,0.8597,1,-1,-1
396,110,912.45,666.15,54.12,112.09,0.4254,2,-1,-1
396,37,917.27,310.35,40.02,105.69,0.7130,1,-1,-1
397,35,833.73,634.67,44.04,123.30,0.7564,1,-1,-1
397,36,908.95,664.84,55.08,121.59,0.3065,1,-1,-1
397,44,655.72,352.82,41.30,108.04,0.7800,1,-1,-1
397,75,1559.11,555.44,76.10,142.13,0.8480,1,-1,-1
397,110,913.12,666.68,53.48,110.04,0.4455,2,-1,-1
397,37,916.68,309.33,38.27,102.25,0.7256,1,-1,-1
398,35,834.08,635.17,43.67,122.58,0.7621,1,-1,-1
398,36,909.20,665.65,55.44,122.55,0.5078,2,-1,-1
398,44,657.13,352.19,41.24,107.84,0.7892,1,-1,-1
398,75,1558.93,553.67,77.13,145.99,0.8408,1,-1,-1
398,110,910.01,665.83,56.18,116.41,0.2958,1,-1,-1
398,37,916.33,308.87,37.21,100.12,0.7364,1,-1,-1
399,35,834.25,635.53,43.51,122.35,0.7649,1,-1,-1
399,36,909.47,665.95,55.84,123.27,0.5078,2,-1,-1
399,44,658.62,351.80,41.08,107.05,0.7944,1,-1,-1
399,75,1559.40,551.60,75.81,145.17,0.8152,1,-1,-1
399,110,908.94,665.42,57.02,118.80,0.2682,1,-1,-1
399,37,915.36,308.58,37.34,100.43,0.7272,1,-1,-1
400,35,833.55,635.66,44.27,123.66,0.7691,1,-1,-1
400,36,909.85,666.20,55.93,123.35,0.4668,2,-1,-1
400,44,660.23,351.29,40.07,103.79,0.7813,1,-1,-1
400,75,1562.00,550.17,69.70,133.54,0.8311,1,-1,-1
400,110,908.81,665.44,57.08,119.56,0.2999,1,-1,-1
400,37,914.87,308.61,37.53,100.62,0.7334,1,-1,-1
400,103,1289.84,700.11,84.74,154.62,0.6926,1,-1,-1
401,35,833.95,636.16,43.82,122.60,0.7677,1,-1,-1
401,36,909.33,666.43,55.80,122.76,0.4168,2,-1,-1
401,44,660.52,350.85,40.44,104.30,0.7866,1,-1,-1
401,75,1563.14,548.99,67.01,128.56,0.8408,1,-1,-1
401,110,908.69,665.41,57.30,120.81,0.3090,1,-1,-1
401,37,914.53,309.24,37.50,100.29,0.7513,1,-1,-1
401,103,1289.25,699.22,84.23,155.14,0.7042,1,-1,-1
402,35,834.22,636.52,43.47,121.72,0.7663,1,-1,-1
402,36,909.68,666.47,56.40,123.84,0.4455,2,-1,-1
402,44,660.87,351.15,40.07,102.80,0.7786,1,-1,-1
402,75,1563.53,547.74,65.95,126.71,0.8606,1,-1,-1
402,110,908.74,665.42,57.25,121.53,0.2902,1,-1,-1
402,37,914.17,309.97,37.65,100.07,0.7394,1,-1,-1
402,103,1286.71,698.09,83.96,156.24,0.7635,1,-1,-1
403,35,834.38,636.71,43.31,121.36,0.7649,1,-1,-1
403,36,908.92,666.72,56.49,123.79,0.4168,2,-1,-1
403,44,661.24,351.69,39.29,99.94,0.7732,1,-1,-1
403,75,1563.53,546.53,65.72,126.52,0.8470,1,-1,-1
403,110,908.82,665.36,57.03,121.92,0.2926,1,-1,-1
403,37,912.97,311.25,37.28,99.17,0.7326,1,-1,-1
403,103,1285.28,696.94,83.44,157.04,0.7138,1,-1,-1
404,35,834.47,636.96,43.14,121.00,0.7635,1,-1,-1
404,36,909.00,666.79,57.06,124.93,0.4187,2,-1,-1
404,44,661.15,352.51,38.89,98.22,0.7786,1,-1,-1
404,75,1563.30,545.08,66.17,127.90,0.8376,1,-1,-1
404,110,908.96,665.45,56.42,121.29,0.2870,1,-1,-1
404,37,912.25,311.84,37.11,98.85,0.7295,1,-1,-1
404,103,1283.83,695.41,82.39,156.13,0.7249,1,-1,-1
405,35,834.51,637.16,42.99,120.72,0.7635,1,-1,-1
405,36,908.75,666.84,57.54,125.76,0.4225,2,-1,-1
405,44,661.46,354.04,38.88,97.42,0.7879,1,-1,-1
405,75,1563.39,543.33,66.73,129.66,0.8278,1,-1,-1
405,110,909.02,665.36,56.15,121.35,0.2854,1,-1,-1
405,37,911.62,312.30,36.84,98.46,0.7249,1,-1,-1
405,103,1282.89,693.87,81.06,154.71,0.7432,1,-1,-1
406,35,833.98,636.77,43.88,122.35,0.7549,1,-1,-1
406,36,908.59,667.06,57.52,125.85,0.3905,1,-1,-1
406,44,661.30,355.31,39.85,99.18,0.7635,1,-1,-1
406,75,1562.93,541.21,67.39,131.56,0.8529,1,-1,-1
406,110,907.88,666.62,57.16,123.59,0.3504,2,-1,-1
406,37,910.72,312.31,36.75,98.42,0.7249,1,-1,-1
406,103,1280.66,692.45,82.75,160.20,0.7106,1,-1,-1
407,35,833.59,636.66,44.39,122.97,0.7635,1,-1,-1
407,36,908.56,667.23,57.25,125.48,0.3868,1,-1,-1
407,44,661.40,356.67,40.56,99.95,0.7280,1,-1,-1
407,75,1562.60,539.52,67.82,133.03,0.8397,1,-1,-1
407,110,907.69,667.24,57.28,124.03,0.3576,2,-1,-1
407,37,909.80,311.83,36.73,98.51,0.7356,1,-1,-1
407,103,1280.62,691.58,79.43,154.28,0.7461,1,-1,-1
408,35,833.33,636.69,44.75,123.25,0.7663,1,-1,-1
408,36,908.32,667.40,56.98,125.16,0.3576,1,-1,-1
408,44,661.90,358.66,40.18,97.67,0.6960,1,-1,-1
408,75,1562.74,537.89,68.18,134.18,0.8164,1,-1,-1
408,110,907.50,667.56,57.11,123.85,0.3504,2,-1,-1
408,37,908.22,311.03,36.89,98.96,0.7506,1,-1,-1
408,103,1281.62,690.35,76.29,147.66,0.7691,1,-1,-1
409,35,833.01,636.78,45.01,123.39,0.7677,1,-1,-1
409,36,908.05,667.45,56.83,124.91,0.3225,1,-1,-1
409,44,662.74,360.50,39.85,95.12,0.6637,1,-1,-1
409,75,1562.81,536.94,67.93,133.93,0.8300,1,-1,-1
409,110,907.02,667.68,57.08,123.67,0.3451,2,-1,-1
409,37,906.52,310.61,37.05,99.20,0.7773,1,-1,-1
409,103,1281.71,689.11,73.80,141.88,0.7635,1,-1,-1
410,35,832.73,636.92,45.24,123.51,0.7677,1,-1,-1
410,36,907.57,667.47,56.84,124.80,0.2870,1,-1,-1
410,44,663.26,362.04,39.61,92.92,0.6943,1,-1,-1
410,75,1562.85,535.90,66.82,131.72,0.8429,1,-1,-1
410,110,906.18,667.77,57.25,123.56,0.3398,2,-1,-1
410,37,905.05,310.42,37.06,98.12,0.7944,1,-1,-1
410,103,1280.74,688.00,72.50,138.28,0.7186,1,-1,-1
411,35,832.47,637.06,45.44,123.58,0.7705,1,-1,-1
411,36,908.76,666.69,55.13,121.17,0.2598,1,-1,-1
411,44,663.52,363.17,39.58,91.45,0.6826,1,-1,-1
411,75,1563.25,535.11,65.24,128.24,0.8597,1,-1,-1
411,110,905.73,667.89,57.30,123.26,0.3522,2,-1,-1
411,37,903.38,310.02,37.25,97.07,0.7969,1,-1,-1
411,103,1278.27,686.50,73.88,140.14,0.6960,1,-1,-1
412,35,832.23,637.16,45.63,123.67,0.7705,1,-1,-1
412,36,907.62,667.32,56.10,123.28,0.3115,1,-1,-1
412,44,663.59,364.15,40.00,91.26,0.6549,1,-1,-1
412,75,1563.37,533.75,63.98,125.11,0.8597,1,-1,-1
412,110,905.44,667.99,57.38,123.17,0.3612,2,-1,-1
412,37,901.76,310.12,37.55,96.23,0.7853,1,-1,-1
412,103,1278.35,686.10,72.59,136.26,0.7025,1,-1,-1
413,35,832.03,637.11,45.84,123.85,0.7691,1,-1,-1
413,36,907.04,667.59,56.48,124.01,0.3090,1,-1,-1
413,44,663.87,364.92,40.46,91.22,0.6860,1,-1,-1
413,75,1562.62,532.56,62.87,121.86,0.8706,1,-1,-1
413,110,905.02,668.08,57.46,123.07,0.3540,2,-1,-1
413,37,900.10,310.10,38.26,96.32,0.7994,1,-1,-1
413,103,1277.52,685.25,71.63,132.96,0.7866,1,-1,-1
414,35,831.81,637.04,46.00,124.08,0.7621,1,-1,-1
414,36,906.83,667.76,56.76,124.53,0.3242,1,-1,-1
414,44,663.95,365.52,40.81,91.09,0.7186,1,-1,-1
414,75,1561.17,530.72,63.13,121.05,0.8652,1,-1,-1
414,110,904.85,668.17,57.65,123.22,0.3648,2,-1,-1
414,37,898.72,309.89,39.12,97.06,0.8233,1,-1,-1
414,103,1275.82,684.54,71.99,132.60,0.7813,1,-1,-1
415,35,831.72,637.05,46.12,124.24,0.7621,1,-1,-1
415,36,906.76,667.87,56.98,124.80,0.3303,1,-1,-1
415,44,663.92,366.00,41.13,91.06,0.7202,1,-1,-1
415,75,1557.73,529.35,64.44,121.17,0.8568,1,-1,-1
415,110,904.75,668.22,57.93,123.48,0.3775,2,-1,-1
415,37,898.01,309.65,39.84,97.55,0.8187,1,-1,-1
415,103,1274.83,683.40,72.78,132.88,0.7520,1,-1,-1
415,111,1163.43,138.26,35.90,89.27,0.5574,1,-1,-1
415,55,1131.45,71.94,31.90,73.07,0.4571,1,-1,-1
416,35,831.59,637.10,46.22,124.50,0.7578,1,-1,-1
416,36,906.75,667.97,57.20,125.08,0.3425,1,-1,-1
416,44,663.91,366.26,41.33,90.77,0.7311,1,-1,-1
416,75,1552.88,527.52,67.13,121.98,0.8300,1,-1,-1
416,110,904.52,668.27,58.21,123.76,0.3702,2,-1,-1
416,37,897.59,309.70,40.40,97.82,0.8311,1,-1,-1
416,103,1273.20,682.14,74.99,135.76,0.6298,1,-1,-1
416,111,1163.14,138.28,35.84,89.13,0.6215,1,-1,-1
416,112,1679.28,218.63,53.15,81.94,0.5117,1,-1,-1
416,55,1131.70,72.05,31.47,72.83,0.4630,1,-1,-1
417,35,831.51,637.08,46.35,124.74,0.7578,1,-1,-1
417,36,907.19,668.02,57.22,125.04,0.3684,1,-1,-1
417,44,663.60,366.15,41.82,91.24,0.7280,1,-1,-1
417,75,1547.97,525.12,71.10,124.28,0.7506,1,-1,-1
417,110,904.96,668.25,58.25,123.77,0.4017,2,-1,-1
417,37,897.37,309.93,40.77,97.67,0.8187,1,-1,-1
417,103,1270.82,680.77,77.61,139.44,0.5254,1,-1,-1
417,111,1163.63,138.17,35.96,89.41,0.6680,1,-1,-1
417,112,1679.62,218.70,53.59,82.44,0.5137,1,-1,-1
417,55,1131.79,72.17,31.24,72.73,0.4785,1,-1,-1
418,35,831.58,637.14,46.40,124.76,0.7578,1,-1,-1
418,36,907.37,668.25,57.20,124.93,0.3711,1,-1,-1
418,44,663.58,365.90,41.79,90.55,0.7447,1,-1,-1
418,75,1541.84,523.32,74.92,126.03,0.7372,1,-1,-1
418,110,905.24,668.48,58.26,123.71,0.3979,2,-1,-1
418,37,896.88,309.81,41.19,97.93,0.8289,1,-1,-1
418,103,1268.50,679.67,80.12,142.58,0.4196,1,-1,-1
418,111,1164.45,138.35,36.16,89.87,0.7090,1,-1,-1
418,112,1679.35,218.28,53.08,81.25,0.6039,1,-1,-1
418,55,1131.90,72.17,31.06,72.70,0.4562,1,-1,-1
419,35,831.63,637.15,46.47,124.83,0.7520,1,-1,-1
419,36,907.67,668.31,57.16,124.96,0.3961,1,-1,-1
419,44,663.23,365.49,42.41,91.45,0.7447,1,-1,-1
419,75,1537.90,521.46,78.95,127.82,0.7691,1,-1,-1
419,110,905.65,668.53,58.19,123.74,0.3757,2,-1,-1
419,37,896.28,309.58,41.72,98.53,0.8278,1,-1,-1
419,103,1267.15,677.94,80.02,141.60,0.5409,1,-1,-1
419,111,1164.94,138.34,36.29,90.12,0.7372,1,-1,-1
419,112,1680.91,218.50,53.80,82.02,0.5679,1,-1,-1
419,55,1131.94,72.29,30.88,72.61,0.5098,1,-1,-1
420,35,831.69,637.16,46.49,124.91,0.7417,1,-1,-1
420,36,907.77,668.30,57.12,125.00,0.3877,1,-1,-1
420,44,663.07,364.66,42.74,91.84,0.7447,1,-1,-1
420,75,1533.79,520.35,82.41,128.47,0.7905,1,-1,-1
420,110,905.75,668.49,58.14,123.78,0.4036,2,-1,-1
420,37,895.62,309.50,42.02,98.57,0.8245,1,-1,-1
420,103,1264.21,676.08,80.28,141.97,0.6637,1,-1,-1
420,111,1165.32,138.21,36.24,89.95,0.7326,1,-1,-1
420,112,1683.58,218.21,52.54,79.80,0.5156,1,-1,-1
420,55,1132.00,72.28,30.79,72.63,0.4912,1,-1,-1
421,35,832.61,637.87,45.54,122.80,0.7491,1,-1,-1
421,36,908.23,667.75,55.91,122.71,0.2160,1,-1,-1
421,44,663.21,364.33,42.57,91.11,0.7520,1,-1,-1
421,75,1528.48,518.58,84.93,129.52,0.7732,1,-1,-1
421,110,902.80,668.93,58.84,123.76,0.2862,2,-1,-1
421,37,894.65,309.57,42.30,98.38,0.8176,1,-1,-1
421,103,1261.83,674.59,80.41,142.01,0.5756,1,-1,-1
421,111,1165.61,138.22,35.86,88.98,0.7264,1,-1,-1
421,112,1685.31,217.53,53.97,81.71,0.4206,1,-1,-1
421,55,1131.95,72.04,30.83,72.91,0.5000,1,-1,-1
422,35,833.16,638.54,44.98,121.62,0.7520,1,-1,-1
422,36,908.63,667.69,55.12,121.37,0.2288,1,-1,-1
422,44,663.49,363.37,42.87,91.18,0.7527,1,-1,-1
422,75,1526.44,517.25,87.56,130.77,0.8019,1,-1,-1
422,110,901.78,669.12,59.31,123.60,0.3140,2,-1,-1
422,37,893.44,310.23,42.59,97.94,0.7879,1,-1,-1
422,103,1260.16,673.21,80.92,143.39,0.5564,1,-1,-1
422,111,1165.66,138.33,35.71,88.58,0.7341,1,-1,-1
422,112,1687.26,216.71,53.50,80.79,0.5794,1,-1,-1
422,55,1131.94,72.01,30.76,72.91,0.4824,1,-1,-1
423,35,833.39,638.97,44.63,120.84,0.7476,1,-1,-1
423,36,908.46,668.20,54.77,121.01,0.2659,1,-1,-1
423,44,663.34,363.00,43.20,91.30,0.7556,1,-1,-1
423,75,1522.00,516.71,88.21,130.81,0.7759,1,-1,-1
423,110,901.68,669.43,59.69,123.41,0.4301,2,-1,-1
423,37,891.61,310.47,43.83,99.56,0.7705,1,-1,-1
423,103,1259.34,671.31,80.83,144.22,0.7341,1,-1,-1
423,111,1165.73,138.17,35.67,88.49,0.7311,1,-1,-1
423,112,1688.82,216.88,52.72,79.41,0.7025,1,-1,-1
423,55,1131.97,72.01,30.77,72.99,0.4292,1,-1,-1
424,35,832.73,638.23,45.55,122.83,0.7402,1,-1,-1
424,36,906.98,669.10,56.16,123.25,0.3217,1,-1,-1
424,44,662.53,362.77,43.53,91.88,0.7356,1,-1,-1
424,75,1518.51,515.52,88.63,132.10,0.7535,1,-1,-1
424,110,901.77,669.70,59.92,123.39,0.4321,2,-1,-1
424,37,889.68,311.16,44.85,100.52,0.7905,1,-1,-1
424,103,1258.65,668.85,81.23,146.71,0.7233,1,-1,-1
424,111,1165.50,137.89,35.65,88.77,0.7241,1,-1,-1
424,112,1689.95,216.66,53.07,79.92,0.6740,1,-1,-1
424,55,1132.00,72.19,30.79,73.00,0.4562,1,-1,-1
425,35,832.33,638.06,45.90,123.46,0.7356,1,-1,-1
425,36,906.36,669.47,57.05,124.18,0.3407,1,-1,-1
425,44,661.84,362.48,43.78,92.29,0.7233,1,-1,-1
425,75,1517.24,514.05,88.26,132.52,0.7635,1,-1,-1
425,110,901.77,669.86,60.27,123.51,0.3757,2,-1,-1
425,37,888.15,312.10,45.44,100.48,0.7982,1,-1,-1
425,103,1259.47,667.65,79.54,145.51,0.6280,1,-1,-1
425,111,1165.44,137.76,35.54,88.81,0.7225,1,-1,-1
425,112,1691.39,215.99,53.76,81.16,0.7621,1,-1,-1
425,55,1131.97,72.29,30.81,72.98,0.4311,1,-1,-1
426,35,833.17,639.11,44.99,121.44,0.7356,1,-1,-1
426,36,906.44,669.55,57.61,124.59,0.3390,1,-1,-1
426,44,660.96,362.04,44.18,93.06,0.7202,1,-1,-1
426,75,1515.32,513.08,87.74,132.94,0.7170,1,-1,-1
426,110,902.26,669.85,60.55,123.59,0.3923,2,-1,-1
426,37,887.42,313.82,45.43,99.15,0.8093,1,-1,-1
426,103,1261.30,667.44,77.43,144.34,0.5098,1,-1,-1
426,111,1165.35,137.52,35.39,88.80,0.7162,1,-1,-1
426,112,1693.56,215.87,53.16,80.42,0.7759,1,-1,-1
426,55,1132.09,72.43,30.73,72.67,0.3433,1,-1,-1
426,113,1583.69,240.25,48.12,94.31,0.5487,1,-1,-1
427,35,833.60,639.47,44.61,120.83,0.7341,1,-1,-1
427,36,905.90,669.56,58.10,124.88,0.3549,1,-1,-1
427,44,660.20,361.60,44.61,93.95,0.7461,1,-1,-1
427,75,1513.93,511.19,86.95,133.08,0.7957,1,-1,-1
427,110,901.85,669.81,60.87,123.71,0.3831,2,-1,-1
427,37,887.38,315.36,45.30,97.59,0.8069,1,-1,-1
427,103,1261.66,667.11,75.70,143.11,0.5039,1,-1,-1
427,111,1165.35,137.69,35.07,88.45,0.7210,1,-1,-1
427,112,1695.40,216.45,52.39,79.34,0.8044,1,-1,-1
427,55,1132.07,72.61,30.71,72.54,0.3567,1,-1,-1
427,113,1583.14,239.29,46.57,91.20,0.6206,1,-1,-1
428,35,833.71,639.48,44.40,120.67,0.7356,1,-1,-1
428,36,905.26,669.39,58.61,125.21,0.3558,1,-1,-1
428,44,659.95,361.04,44.80,94.36,0.7402,1,-1,-1
428,75,1512.40,509.97,86.68,134.76,0.7606,1,-1,-1
428,110,901.29,669.63,61.26,123.97,0.3812,2,-1,-1
428,37,886.80,315.90,45.61,97.28,0.8019,1,-1,-1
428,103,1259.02,666.69,74.76,141.77,0.3998,1,-1,-1
428,111,1165.27,137.35,34.97,88.75,0.7082,1,-1,-1
428,112,1697.69,217.57,51.83,78.42,0.7186,1,-1,-1
428,55,1132.05,72.59,30.77,72.63,0.4017,1,-1,-1
428,113,1580.65,237.34,48.34,94.56,0.6160,1,-1,-1
429,35,833.91,639.66,44.23,120.52,0.7326,1,-1,-1
429,36,903.43,668.96,58.82,124.61,0.2783,1,-1,-1
429,44,659.66,360.21,44.78,94.44,0.7621,1,-1,-1
429,75,1510.83,509.47,84.82,134.05,0.7578,1,-1,-1
429,110,900.42,669.53,61.59,124.03,0.4111,2,-1,-1
429,37,886.12,316.12,46.18,97.75,0.7918,1,-1,-1
429,103,1258.18,665.89,73.57,139.99,0.5059,1,-1,-1
429,111,1165.03,137.32,34.65,88.48,0.7114,1,-1,-1
429,112,1697.90,217.06,53.08,80.18,0.6593,1,-1,-1
429,55,1131.97,72.80,30.75,72.52,0.4932,1,-1,-1
429,113,1579.63,235.67,48.44,94.71,0.6645,1,-1,-1
430,35,833.98,639.81,44.08,120.41,0.7326,1,-1,-1
430,36,903.89,669.63,58.32,122.86,0.2910,1,-1,-1
430,44,659.16,359.53,45.16,95.45,0.7718,1,-1,-1
430,75,1508.50,507.64,83.81,134.97,0.7649,1,-1,-1
430,110,900.96,669.52,61.71,124.09,0.4436,2,-1,-1
430,37,885.67,316.00,46.75,98.05,0.7705,1,-1,-1
430,103,1256.34,665.30,73.63,139.77,0.3425,1,-1,-1
430,111,1164.78,137.18,34.63,88.91,0.7001,1,-1,-1
430,112,1699.41,217.20,54.01,81.16,0.7122,1,-1,-1
430,55,1131.96,72.77,30.88,72.71,0.5068,1,-1,-1
430,113,1579.67,234.05,47.15,92.09,0.7017,1,-1,-1
431,35,833.94,640.02,43.82,120.10,0.7280,1,-1,-1
431,36,904.04,669.97,58.32,122.10,0.2583,1,-1,-1
431,44,658.81,359.13,45.31,96.01,0.7840,1,-1,-1
431,75,1506.20,505.57,82.09,135.19,0.7892,1,-1,-1
431,110,900.98,669.48,62.11,124.41,0.4727,2,-1,-1
431,37,885.07,316.05,47.03,98.33,0.7606,1,-1,-1
431,103,1253.32,664.15,74.60,141.29,0.2480,2,-1,-1
431,111,1164.64,136.98,34.50,89.09,0.6935,1,-1,-1
431,112,1700.22,217.40,53.80,80.25,0.7753,1,-1,-1
431,55,1131.87,72.68,31.00,72.89,0.5039,1,-1,-1
431,113,1578.83,233.36,46.36,90.45,0.7009,1,-1,-1
432,35,834.07,640.06,43.69,120.12,0.7233,1,-1,-1
432,36,903.58,670.03,58.67,121.88,0.2302,1,-1,-1
432,44,658.57,358.68,45.24,95.73,0.7931,1,-1,-1
432,75,1502.15,504.53,79.66,132.87,0.5737,1,-1,-1
432,110,900.48,669.58,62.29,124.29,0.4610,2,-1,-1
432,37,884.46,316.07,47.16,98.45,0.7578,1,-1,-1
432,103,1250.64,664.00,74.52,140.19,0.2651,1,-1,-1
432,111,1164.27,136.75,34.55,89.66,0.6834,1,-1,-1
432,112,1701.76,217.59,54.09,80.54,0.6885,1,-1,-1
432,55,1131.85,72.65,31.02,72.88,0.5020,1,-1,-1
432,113,1577.35,232.43,47.24,92.22,0.6960,1,-1,-1
433,35,834.18,640.22,43.53,120.04,0.7154,1,-1,-1
433,36,904.45,670.30,58.61,121.47,0.2878,1,-1,-1
433,44,658.17,358.36,45.24,95.54,0.7918,1,-1,-1
433,75,1500.88,504.42,76.36,129.51,0.6514,1,-1,-1
433,110,901.15,669.56,62.45,124.36,0.4571,2,-1,-1
433,37,884.05,316.34,46.81,97.72,0.7549,1,-1,-1
433,103,1248.71,664.08,73.80,137.58,0.3390,1,-1,-1
433,111,1163.83,136.95,34.25,89.23,0.6766,1,-1,-1
433,112,1703.81,218.52,53.83,80.10,0.5574,1,-1,-1
433,55,1131.86,72.64,30.93,72.67,0.5273,1,-1,-1
433,113,1575.26,231.37,48.21,94.21,0.7138,1,-1,-1
434,35,834.22,640.34,43.43,120.11,0.7170,1,-1,-1
434,36,904.57,669.52,59.95,124.24,0.3251,1,-1,-1
434,44,658.24,358.84,45.36,95.62,0.7905,1,-1,-1
434,75,1497.83,507.10,72.54,123.33,0.5234,1,-1,-1
434,110,901.35,669.46,62.42,124.29,0.3979,2,-1,-1
434,37,883.98,316.63,46.79,97.47,0.7635,1,-1,-1
434,103,1247.23,663.56,73.54,136.66,0.3082,1,-1,-1
434,111,1163.87,137.99,33.53,87.58,0.6388,1,-1,-1
434,112,1704.59,219.36,52.99,78.15,0.7318,1,-1,-1
434,55,1131.81,72.43,30.96,72.82,0.5176,1,-1,-1
434,113,1574.08,230.76,48.57,95.33,0.7249,1,-1,-1
435,35,834.38,640.50,43.35,120.20,0.7249,1,-1,-1
435,36,904.76,670.46,59.45,122.97,0.2934,1,-1,-1
435,44,658.27,359.87,45.85,96.23,0.8056,1,-1,-1
435,75,1493.57,509.24,70.07,117.94,0.4600,1,-1,-1
435,110,901.44,669.82,62.59,124.20,0.5020,2,-1,-1
435,37,883.91,317.89,46.37,96.37,0.7732,1,-1,-1
435,103,1246.26,662.96,73.83,137.06,0.2806,1,-1,-1
435,111,1164.61,138.11,32.74,86.17,0.6307,1,-1,-1
435,112,1705.47,219.12,53.64,78.60,0.7498,1,-1,-1
435,55,1131.41,72.00,31.44,74.35,0.5603,1,-1,-1
435,113,1572.67,230.44,47.95,94.55,0.7461,1,-1,-1
436,35,834.61,641.02,43.26,120.31,0.7009,1,-1,-1
436,36,904.67,669.86,60.02,124.28,0.4912,1,-1,-1
436,44,658.30,361.55,45.38,94.68,0.8019,1,-1,-1
436,75,1485.98,507.69,72.99,120.95,0.2095,1,-1,-1
436,110,902.81,669.18,63.32,126.10,0.2494,2,-1,-1
436,37,884.08,318.46,45.86,95.32,0.7564,1,-1,-1
436,111,1164.05,139.21,31.69,83.96,0.6469,1,-1,-1
436,112,1708.65,218.09,54.27,79.83,0.6749,1,-1,-1
436,55,1131.65,71.74,31.43,74.67,0.3794,1,-1,-1
436,113,1572.20,230.65,46.27,91.21,0.7476,1,-1,-1
437,35,834.78,641.30,43.11,120.23,0.6976,1,-1,-1
437,36,904.99,669.50,59.97,124.68,0.5234,1,-1,-1
437,44,658.40,363.14,44.99,93.34,0.7918,1,-1,-1
437,75,1481.31,503.29,76.82,126.50,0.1556,1,-1,-1
437,110,903.71,668.87,63.40,126.81,0.2408,2,-1,-1
437,37,884.26,317.83,45.78,95.21,0.7402,1,-1,-1
437,111,1163.46,139.59,31.36,83.63,0.5784,1,-1,-1
437,112,1709.96,216.61,54.99,80.79,0.6680,1,-1,-1
437,55,1131.58,71.55,31.69,75.69,0.3311,1,-1,-1
437,113,1571.22,230.39,45.42,89.33,0.7233,1,-1,-1
438,35,834.82,641.37,43.02,120.26,0.6993,1,-1,-1
438,36,905.16,669.33,59.83,124.89,0.5234,1,-1,-1
438,44,658.34,363.70,44.85,92.43,0.7677,1,-1,-1
438,75,1480.07,496.89,80.81,133.43,0.2323,1,-1,-1
438,110,904.18,668.70,63.30,127.12,0.2309,2,-1,-1
438,37,883.68,317.07,46.07,96.06,0.7535,1,-1,-1
438,111,1163.21,139.42,30.86,82.91,0.5708,1,-1,-1
438,112,1712.10,215.97,55.11,81.26,0.4717,1,-1,-1
438,55,1131.49,71.39,31.89,76.49,0.3099,1,-1,-1
438,113,1569.32,229.84,45.37,89.04,0.7042,1,-1,-1
438,103,1242.94,664.92,75.07,140.61,0.5117,1,-1,-1
439,35,834.69,641.05,43.04,120.53,0.7074,1,-1,-1
439,36,905.88,669.39,59.51,124.65,0.5467,1,-1,-1
439,44,657.86,364.85,45.20,92.69,0.7417,1,-1,-1
439,75,1480.48,498.20,79.15,131.45,0.3693,1,-1,-1
439,110,904.77,668.63,63.01,127.09,0.2323,2,-1,-1
439,37,882.89,316.50,46.50,97.40,0.7621,1,-1,-1
439,111,1162.70,139.13,30.97,83.48,0.5409,1,-1,-1
439,112,1715.50,215.05,55.25,82.52,0.5234,1,-1,-1
439,55,1131.55,71.12,32.06,76.96,0.3049,1,-1,-1
439,113,1566.61,228.15,46.65,91.38,0.7138,1,-1,-1
439,103,1241.10,665.17,75.74,142.50,0.3478,1,-1,-1
440,35,832.91,639.93,44.01,122.39,0.7138,1,-1,-1
440,36,906.26,669.07,59.40,124.90,0.5775,1,-1,-1
440,44,656.68,365.79,45.92,93.51,0.7447,1,-1,-1
440,75,1480.65,498.31,77.97,130.84,0.1217,1,-1,-1
440,37,882.35,316.04,46.59,98.12,0.7677,1,-1,-1
440,111,1162.60,139.37,30.93,83.46,0.5936,1,-1,-1
440,112,1719.01,214.75,54.43,82.85,0.3989,1,-1,-1
440,55,1131.77,71.17,31.79,76.40,0.3416,1,-1,-1
440,113,1565.10,226.19,46.54,91.15,0.7372,1,-1,-1
440,103,1237.50,665.14,76.66,145.07,0.1180,1,-1,-1
441,35,832.14,639.22,44.68,123.44,0.7186,1,-1,-1
441,36,906.01,668.55,59.40,125.26,0.5622,1,-1,-1
441,44,653.64,367.89,46.31,94.03,0.7549,1,-1,-1
441,75,1478.97,497.65,77.60,131.39,0.1152,1,-1,-1
441,37,882.03,315.66,46.65,98.65,0.7759,1,-1,-1
441,111,1162.74,138.86,31.84,85.50,0.5804,1,-1,-1
441,112,1719.47,214.45,53.97,83.02,0.5156,1,-1,-1
441,55,1132.14,71.19,31.48,75.30,0.3329,1,-1,-1
441,113,1562.57,224.01,47.72,93.80,0.7170,1,-1,-1
441,103,1238.31,665.20,74.29,140.75,0.1634,1,-1,-1
442,35,831.82,638.57,45.18,124.21,0.7170,1,-1,-1
442,36,905.44,667.95,59.49,125.61,0.5234,1,-1,-1
442,44,651.83,370.16,47.01,94.21,0.7154,1,-1,-1
442,75,1477.68,498.40,76.00,130.56,0.3639,1,-1,-1
442,37,881.80,315.46,46.60,98.78,0.7773,1,-1,-1
442,111,1162.64,138.40,31.88,85.40,0.6160,1,-1,-1
442,112,1721.20,214.32,52.66,81.76,0.5078,1,-1,-1
442,55,1132.06,70.90,31.75,75.99,0.3495,1,-1,-1
442,113,1560.54,221.82,47.06,92.79,0.6766,1,-1,-1
442,103,1239.02,665.00,71.93,135.98,0.1217,1,-1,-1
443,35,831.93,638.17,45.59,124.41,0.7295,1,-1,-1
443,36,905.19,667.35,60.03,126.44,0.4844,1,-1,-1
443,44,651.86,371.93,48.33,94.72,0.7372,1,-1,-1
443,75,1477.25,498.22,74.74,130.19,0.6077,1,-1,-1
443,37,881.52,315.11,46.71,99.07,0.7866,1,-1,-1
443,111,1162.62,137.95,31.51,84.09,0.6270,1,-1,-1
443,112,1720.97,213.60,52.76,82.34,0.5756,1,-1,-1
443,55,1131.83,70.66,31.88,76.23,0.4844,1,-1,-1
443,113,1558.89,221.09,45.56,90.20,0.7439,1,-1,-1
443,103,1237.79,664.65,72.68,138.43,0.3639,1,-1,-1
444,35,832.17,637.86,46.04,124.63,0.7402,1,-1,-1
444,36,904.15,666.90,60.34,126.52,0.4863,1,-1,-1
444,44,651.13,374.42,47.79,91.50,0.7484,1,-1,-1
444,75,1477.35,497.11,73.93,130.18,0.6132,1,-1,-1
444,37,881.32,314.86,46.88,99.39,0.7905,1,-1,-1
444,111,1161.64,137.03,32.24,86.11,0.5784,1,-1,-1
444,112,1721.34,213.40,53.13,83.08,0.3540,1,-1,-1
444,55,1131.66,70.49,32.18,76.87,0.3933,1,-1,-1
444,113,1557.00,219.80,46.05,91.51,0.6379,1,-1,-1
444,103,1237.62,664.72,71.59,137.07,0.1071,1,-1,-1
445,35,832.54,637.37,46.36,124.52,0.7564,1,-1,-1
445,36,903.67,666.98,60.00,125.51,0.5429,1,-1,-1
445,44,648.96,376.14,48.53,90.89,0.7739,1,-1,-1
445,75,1478.16,496.99,71.93,127.87,0.6478,1,-1,-1
445,37,881.25,314.46,47.14,99.82,0.7944,1,-1,-1
445,111,1160.84,136.94,31.76,85.07,0.5117,1,-1,-1
445,112,1720.64,213.22,54.13,84.56,0.3363,1,-1,-1
445,55,1131.54,70.30,32.39,77.35,0.2613,1,-1,-1
445,113,1554.65,216.79,46.83,93.39,0.5496,1,-1,-1
445,103,1237.08,664.76,71.36,137.08,0.1546,1,-1,-1
446,35,832.38,636.84,46.50,124.21,0.7417,1,-1,-1
446,36,904.25,666.21,60.50,126.73,0.4591,1,-1,-1
446,44,646.60,378.53,48.67,89.52,0.7066,1,-1,-1
446,75,1478.55,495.19,71.87,129.15,0.6424,1,-1,-1
446,37,881.29,314.09,47.36,100.07,0.7879,1,-1,-1
446,111,1159.98,136.85,31.23,84.35,0.4562,1,-1,-1
446,112,1720.96,212.54,55.00,85.72,0.5946,1,-1,-1
446,55,1131.54,70.36,32.38,77.49,0.1164,1,-1,-1
446,113,1551.20,214.38,47.20,93.95,0.6514,1,-1,-1
446,103,1237.32,664.91,70.37,135.51,0.3757,1,-1,-1
447,35,832.55,636.40,46.54,123.53,0.7549,1,-1,-1
447,36,903.98,665.80,60.14,125.65,0.5078,1,-1,-1
447,44,645.85,381.37,48.84,86.86,0.7272,1,-1,-1
447,75,1478.97,492.84,72.11,130.91,0.8152,1,-1,-1
447,37,881.31,313.77,47.71,100.46,0.7969,1,-1,-1
447,111,1159.21,136.38,31.31,85.17,0.5917,1,-1,-1
447,112,1722.19,212.30,54.35,84.12,0.6706,1,-1,-1
447,55,1131.43,69.98,32.51,77.66,0.2167,1,-1,-1
447,113,1548.29,212.08,47.22,94.49,0.6680,1,-1,-1
447,103,1237.69,664.66,71.73,139.25,0.4727,1,-1,-1
448,35,832.20,635.79,46.85,123.65,0.7476,1,-1,-1
448,36,904.08,665.41,59.98,125.16,0.5641,1,-1,-1
448,44,643.74,382.90,48.69,84.09,0.7162,1,-1,-1
448,75,1478.98,491.79,71.64,131.18,0.8222,1,-1,-1
448,37,881.16,313.07,48.31,101.19,0.8056,1,-1,-1
448,111,1159.05,136.03,30.94,84.69,0.6628,1,-1,-1
448,112,1722.52,211.19,54.88,84.42,0.7295,1,-1,-1
448,55,1131.27,69.66,32.42,77.24,0.2991,1,-1,-1
448,113,1544.50,206.62,49.18,99.50,0.7138,1,-1,-1
448,103,1238.58,664.49,71.81,140.43,0.5525,1,-1,-1
449,35,832.67,635.20,46.13,122.51,0.7535,1,-1,-1
449,36,903.60,664.93,59.53,124.88,0.5564,1,-1,-1
449,44,641.03,384.89,50.46,85.28,0.6732,1,-1,-1
449,75,1478.82,490.82,70.80,130.94,0.8500,1,-1,-1
449,37,881.09,312.33,48.74,101.47,0.8129,1,-1,-1
449,111,1158.74,135.34,30.96,85.23,0.6179,1,-1,-1
449,112,1722.67,210.11,55.70,85.44,0.7447,1,-1,-1
449,55,1131.20,69.23,32.51,77.19,0.3951,1,-1,-1
449,113,1542.01,204.25,49.50,101.31,0.6926,1,-1,-1
449,103,1240.16,664.18,69.60,136.65,0.6206,1,-1,-1
450,35,832.94,634.56,45.56,121.86,0.7447,1,-1,-1
450,36,903.56,664.26,59.22,124.72,0.5583,1,-1,-1
450,44,636.87,386.93,54.30,89.67,0.6188,1,-1,-1
450,75,1478.53,489.88,70.83,132.11,0.8418,1,-1,-1
450,37,881.16,311.94,48.94,101.31,0.8044,1,-1,-1
450,111,1157.98,134.63,30.90,85.55,0.4523,1,-1,-1
450,112,1723.13,209.20,56.65,86.76,0.6637,1,-1,-1
450,55,1130.99,68.83,32.74,77.63,0.2018,1,-1,-1
450,113,1539.15,202.49,49.39,101.02,0.2227,1,-1,-1
450,103,1241.32,663.82,67.67,133.53,0.6567,1,-1,-1
451,35,832.77,634.21,45.11,121.09,0.7506,1,-1,-1
451,36,904.90,663.01,59.08,125.30,0.5332,1,-1,-1
451,44,629.64,388.77,57.97,93.76,0.6478,1,-1,-1
451,75,1478.43,488.26,71.14,133.98,0.8439,1,-1,-1
451,37,881.25,312.01,48.68,100.21,0.8069,1,-1,-1
451,111,1156.78,133.69,31.47,87.42,0.4168,1,-1,-1
451,112,1724.71,209.20,55.46,84.64,0.5983,1,-1,-1
451,55,1130.29,68.47,33.05,78.69,0.1556,1,-1,-1
451,113,1538.39,201.83,48.47,99.96,0.3942,1,-1,-1
451,103,1241.01,663.76,67.70,134.04,0.5564,1,-1,-1
452,35,832.91,633.50,44.73,120.55,0.7506,1,-1,-1
452,36,905.44,662.08,58.89,125.93,0.6095,1,-1,-1
452,44,623.59,390.36,59.54,93.24,0.6826,1,-1,-1
452,75,1478.21,487.69,71.15,134.93,0.8141,1,-1,-1
452,37,881.58,311.89,48.44,99.28,0.8032,1,-1,-1
452,111,1156.54,133.07,31.46,87.85,0.5622,1,-1,-1
452,112,1726.34,209.08,55.18,84.23,0.7138,1,-1,-1
452,55,1130.12,68.28,33.08,78.81,0.4340,1,-1,-1
452,113,1536.81,201.07,47.91,100.02,0.6095,1,-1,-1
452,103,1240.25,663.59,68.32,135.17,0.3812,1,-1,-1
453,35,832.83,632.56,44.57,120.52,0.7549,1,-1,-1
453,36,906.41,661.37,58.89,126.66,0.6567,1,-1,-1
453,44,618.17,392.82,61.17,92.52,0.6188,1,-1,-1
453,75,1477.84,487.69,70.44,134.46,0.8164,1,-1,-1
453,37,881.64,311.67,48.19,98.37,0.8019,1,-1,-1
453,111,1155.92,132.38,31.29,87.84,0.6151,1,-1,-1
453,112,1727.46,209.51,54.94,83.88,0.7635,1,-1,-1
453,55,1129.98,68.15,33.01,78.64,0.5156,1,-1,-1
453,113,1535.64,200.39,45.31,94.87,0.4785,1,-1,-1
453,103,1239.89,663.35,67.28,131.96,0.4513,1,-1,-1
454,35,832.76,632.13,44.87,120.74,0.7506,1,-1,-1
454,36,906.14,660.30,58.90,127.45,0.5603,1,-1,-1
454,44,614.79,394.88,62.84,91.55,0.6334,1,-1,-1
454,75,1477.59,488.23,70.22,134.69,0.7957,1,-1,-1
454,37,881.64,311.31,48.00,97.72,0.8032,1,-1,-1
454,111,1155.89,132.19,30.70,86.57,0.6095,1,-1,-1
454,112,1728.10,208.51,55.63,85.18,0.7732,1,-1,-1
454,55,1129.92,68.18,32.76,78.13,0.5564,1,-1,-1
454,113,1535.74,199.00,42.31,88.73,0.4990,1,-1,-1
454,103,1239.03,663.61,67.85,131.37,0.4844,1,-1,-1
455,35,832.74,631.40,44.41,120.26,0.7461,1,-1,-1
455,36,906.28,659.53,58.94,127.72,0.5832,1,-1,-1
455,44,611.90,397.31,63.35,87.81,0.6602,1,-1,-1
455,75,1477.08,488.93,68.82,133.42,0.6370,1,-1,-1
455,37,881.85,311.09,47.79,97.11,0.8032,1,-1,-1
455,111,1155.36,132.82,29.89,84.52,0.6151,1,-1,-1
455,112,1729.05,208.12,55.29,85.05,0.7202,1,-1,-1
455,55,1130.13,68.35,32.34,77.18,0.5409,1,-1,-1
455,113,1533.37,196.48,41.68,87.16,0.4349,1,-1,-1
455,103,1239.93,663.79,67.50,129.41,0.4854,1,-1,-1
456,35,832.58,630.87,44.00,119.71,0.7476,1,-1,-1
456,36,906.91,659.22,58.78,127.76,0.5448,1,-1,-1
456,44,607.71,399.72,67.58,89.56,0.6689,1,-1,-1
456,75,1477.32,489.32,70.22,136.04,0.5832,1,-1,-1
456,37,881.91,310.99,47.74,96.85,0.7931,1,-1,-1
456,111,1154.48,133.01,29.83,83.97,0.5679,1,-1,-1
456,112,1730.17,207.92,54.92,84.93,0.7520,1,-1,-1
456,55,1130.27,68.02,32.45,77.09,0.6637,1,-1,-1
456,113,1532.05,194.19,41.48,86.32,0.2591,1,-1,-1
456,103,1239.69,663.88,68.93,131.31,0.1907,2,-1,-1
457,35,832.78,630.03,44.01,120.32,0.7549,1,-1,-1
457,36,906.90,658.65,58.76,127.93,0.5370,1,-1,-1
457,44,598.33,401.31,75.43,99.71,0.5964,1,-1,-1
457,75,1479.62,491.21,69.49,135.07,0.2806,1,-1,-1
457,37,881.66,311.07,47.81,96.81,0.7746,1,-1,-1
457,111,1154.10,132.94,29.81,83.58,0.6671,1,-1,-1
457,112,1730.91,207.65,54.71,85.19,0.7295,1,-1,-1
457,55,1130.07,67.56,32.50,76.99,0.6531,1,-1,-1
457,113,1530.28,193.06,41.00,84.53,0.4571,1,-1,-1
457,103,1239.45,663.89,68.44,128.93,0.1255,1,-1,-1
457,114,906.34,658.95,58.51,126.46,0.4727,2,-1,-1
458,35,832.80,629.39,44.02,120.72,0.7564,1,-1,-1
458,36,905.93,657.83,58.61,126.89,0.4494,2,-1,-1
458,44,595.51,402.58,79.69,104.03,0.5215,1,-1,-1
458,75,1478.95,491.70,69.25,134.48,0.3831,1,-1,-1
458,37,881.61,310.97,48.09,97.10,0.7746,1,-1,-1
458,111,1153.36,133.22,29.91,82.89,0.6531,1,-1,-1
458,112,1732.24,207.03,54.19,85.12,0.7318,1,-1,-1
458,55,1129.98,67.30,32.40,76.48,0.6460,1,-1,-1
458,113,1529.40,191.66,40.62,83.10,0.3612,1,-1,-1
458,114,906.01,658.22,58.87,127.29,0.5429,1,-1,-1
459,35,832.84,629.01,44.32,120.81,0.7402,1,-1,-1
459,36,905.45,656.68,58.93,127.50,0.5794,1,-1,-1
459,44,602.29,404.49,74.37,99.04,0.4951,1,-1,-1
459,75,1476.98,491.59,69.80,135.24,0.2636,1,-1,-1
459,37,881.54,310.95,48.10,96.86,0.7677,1,-1,-1
459,111,1152.98,133.22,30.11,82.77,0.6243,1,-1,-1
459,112,1733.97,207.15,53.14,84.56,0.7146,1,-1,-1
459,55,1129.85,67.11,32.34,76.17,0.6021,1,-1,-1
459,113,1527.41,190.90,40.42,82.30,0.2894,1,-1,-1
459,114,905.14,656.87,58.91,127.28,0.4359,2,-1,-1
460,35,832.63,628.33,44.65,121.29,0.7461,1,-1,-1
460,36,905.11,655.86,58.99,127.24,0.4054,2,-1,-1
460,44,605.43,405.92,70.32,95.17,0.5098,1,-1,-1
460,75,1476.12,492.36,69.85,134.65,0.3372,1,-1,-1
460,37,881.32,310.35,47.88,96.11,0.7813,1,-1,-1
460,111,1151.90,132.72,30.52,82.98,0.7154,1,-1,-1
460,112,1735.47,206.25,52.72,85.29,0.6834,1,-1,-1
460,55,1129.75,66.93,32.32,75.94,0.6151,1,-1,-1
460,113,1526.43,189.87,38.81,77.97,0.6160,1,-1,-1
460,114,905.08,656.25,58.84,127.41,0.4941,1,-1,-1
461,35,832.59,628.04,44.82,121.34,0.7461,1,-1,-1
461,36,905.18,655.42,58.88,126.42,0.4359,2,-1,-1
461,44,604.68,406.62,68.46,95.00,0.5670,1,-1,-1
461,75,1475.16,492.84,69.66,134.08,0.1437,1,-1,-1
461,37,881.00,310.25,47.91,96.09,0.7800,1,-1,-1
461,111,1150.12,131.37,31.14,83.71,0.7025,1,-1,-1
461,112,1737.50,206.39,51.16,84.34,0.7066,1,-1,-1
461,55,1129.08,66.76,32.39,75.92,0.5974,1,-1,-1
461,113,1523.54,189.73,38.94,77.18,0.5525,1,-1,-1
461,114,905.28,655.67,58.64,127.11,0.5039,1,-1,-1
462,35,832.79,627.53,44.88,121.28,0.7549,1,-1,-1
462,36,905.81,655.11,58.28,125.73,0.5215,1,-1,-1
462,44,609.16,407.46,64.72,91.90,0.6451,1,-1,-1
462,75,1473.37,493.34,69.20,133.95,0.2539,1,-1,-1
462,37,880.51,310.13,47.64,95.56,0.7866,1,-1,-1
462,111,1148.97,130.59,31.42,84.00,0.7074,1,-1,-1
462,112,1737.74,204.56,51.60,86.76,0.6960,1,-1,-1
462,55,1128.97,66.45,32.54,76.10,0.5535,1,-1,-1
462,113,1521.25,188.51,40.19,78.81,0.1290,1,-1,-1
462,114,905.86,655.02,58.06,125.79,0.4130,2,-1,-1
463,35,833.01,626.85,44.90,121.08,0.7447,1,-1,-1
463,36,906.06,654.24,57.82,124.56,0.4436,2,-1,-1
463,44,610.40,407.93,63.08,91.99,0.6307,1,-1,-1
463,37,880.15,310.17,47.31,95.04,0.7840,1,-1,-1
463,111,1147.74,129.38,31.87,85.08,0.6663,1,-1,-1
463,112,1739.94,205.92,48.91,83.90,0.6215,1,-1,-1
463,55,1128.90,65.80,32.72,76.34,0.3504,1,-1,-1
463,114,905.92,654.35,57.18,124.32,0.5176,1,-1,-1
464,35,833.10,625.70,44.95,121.06,0.7491,1,-1,-1
464,36,906.31,653.38,57.70,124.09,0.3794,2,-1,-1
464,44,613.24,409.01,57.95,86.02,0.6654,1,-1,-1
464,37,879.71,310.10,46.98,94.64,0.7892,1,-1,-1
464,111,1146.60,128.77,31.87,84.79,0.6800,1,-1,-1
464,112,1739.88,204.22,49.70,87.01,0.6689,1,-1,-1
464,55,1128.90,65.69,32.67,76.09,0.5137,1,-1,-1
464,114,905.64,653.62,56.30,123.23,0.5098,1,-1,-1
465,35,833.39,624.70,45.21,121.69,0.7372,1,-1,-1
465,36,905.64,652.56,57.75,124.08,0.3522,2,-1,-1
465,44,610.87,410.18,61.43,93.60,0.5879,1,-1,-1
465,37,879.63,309.69,46.82,94.44,0.7905,1,-1,-1
465,111,1145.95,128.31,31.95,84.97,0.7162,1,-1,-1
465,112,1740.83,204.39,48.88,87.38,0.6252,1,-1,-1
465,55,1128.84,65.38,32.60,75.83,0.5689,1,-1,-1
465,114,904.12,653.02,56.22,123.67,0.5448,1,-1,-1
465,75,1473.07,493.98,67.78,132.79,0.7372,1,-1,-1
465,113,1516.51,185.37,38.00,73.77,0.6379,1,-1,-1
466,35,833.48,623.82,45.19,121.54,0.7356,1,-1,-1
466,36,904.89,651.99,57.73,124.18,0.4756,1,-1,-1
466,44,607.90,411.12,65.69,103.66,0.4455,1,-1,-1
466,37,879.50,308.77,47.28,95.54,0.7982,1,-1,-1
466,111,1145.50,127.80,31.86,84.72,0.6610,1,-1,-1
466,112,1740.62,204.44,48.77,88.78,0.5166,1,-1,-1
466,55,1128.69,65.30,32.65,76.11,0.6663,1,-1,-1
466,114,905.21,651.92,56.68,123.88,0.4149,2,-1,-1
466,75,1472.75,495.36,66.02,130.15,0.7417,1,-1,-1
466,113,1513.84,185.07,38.30,73.78,0.6379,1,-1,-1
467,35,833.19,623.17,44.98,121.07,0.7372,1,-1,-1
467,36,905.73,650.94,57.97,124.47,0.3074,2,-1,-1
467,44,608.76,412.72,63.04,102.05,0.5775,1,-1,-1
467,37,879.74,308.06,47.27,95.52,0.8117,1,-1,-1
467,111,1144.50,127.33,32.19,85.41,0.6234,1,-1,-1
467,112,1740.99,203.68,47.88,88.51,0.5870,1,-1,-1
467,55,1128.77,65.25,32.61,76.04,0.6817,1,-1,-1
467,114,905.13,651.57,56.55,123.79,0.5117,1,-1,-1
467,75,1472.87,496.15,64.56,127.81,0.5351,1,-1,-1
467,113,1511.04,183.90,38.88,74.47,0.6469,1,-1,-1
468,35,832.86,622.53,44.67,120.54,0.7280,1,-1,-1
468,36,905.80,650.80,57.79,124.70,0.5889,1,-1,-1
468,44,609.61,414.33,60.92,101.23,0.6114,1,-1,-1
468,37,880.12,307.58,47.54,95.93,0.8199,1,-1,-1
468,111,1143.67,126.43,32.56,86.10,0.5098,1,-1,-1
468,112,1741.15,204.17,47.15,88.36,0.5400,1,-1,-1
468,55,1128.84,64.93,32.85,76.35,0.6749,1,-1,-1
468,114,906.69,649.86,57.47,126.12,0.1931,2,-1,-1
468,75,1472.80,495.83,64.11,127.09,0.4349,1,-1,-1
468,113,1508.42,183.37,39.52,75.23,0.5898,1,-1,-1
469,35,832.83,622.05,44.38,120.20,0.7356,1,-1,-1
469,36,905.66,650.19,57.68,125.10,0.6775,1,-1,-1
469,44,610.77,415.45,58.28,99.03,0.5679,1,-1,-1
469,37,880.60,307.35,47.81,96.34,0.8344,1,-1,-1
469,111,1143.06,125.51,32.34,85.48,0.3451,1,-1,-1
469,112,1741.73,203.99,46.10,87.50,0.4795,1,-1,-1
469,55,1128.93,64.66,33.08,76.48,0.6885,1,-1,-1
469,75,1472.56,494.83,64.07,126.76,0.5699,1,-1,-1
469,113,1506.76,182.79,38.79,73.20,0.6885,1,-1,-1
470,35,833.56,621.54,43.41,118.70,0.7326,1,-1,-1
470,36,905.54,649.33,57.30,124.85,0.6976,1,-1,-1
470,44,611.80,416.34,56.11,97.44,0.6843,1,-1,-1
470,37,881.29,307.68,48.14,96.85,0.8376,1,-1,-1
470,111,1143.52,124.77,30.59,80.22,0.3065,1,-1,-1
470,112,1741.86,203.68,45.86,88.09,0.3140,1,-1,-1
470,55,1129.01,64.20,33.30,76.51,0.6433,1,-1,-1
470,75,1471.74,493.35,64.59,127.82,0.7549,1,-1,-1
470,113,1505.88,182.52,38.92,72.47,0.4776,1,-1,-1
471,35,833.92,620.88,42.88,118.26,0.7417,1,-1,-1
471,36,904.43,648.69,56.98,124.54,0.6316,1,-1,-1
471,44,611.24,416.86,56.15,100.07,0.6706,1,-1,-1
471,37,882.18,307.88,48.18,96.49,0.8376,1,-1,-1
471,111,1143.28,124.08,30.16,78.55,0.2621,1,-1,-1
471,112,1742.35,203.52,44.51,86.09,0.2713,1,-1,-1
471,55,1129.02,64.37,33.24,75.97,0.6540,1,-1,-1
471,75,1471.83,493.59,64.64,127.46,0.1330,1,-1,-1
471,113,1504.96,180.58,39.76,74.01,0.1097,1,-1,-1
472,35,834.15,620.09,42.70,118.57,0.7506,1,-1,-1
472,36,903.84,647.85,57.12,124.24,0.6843,1,-1,-1
472,44,611.62,417.11,54.86,100.33,0.6086,1,-1,-1
472,37,882.74,308.27,48.89,97.63,0.8408,1,-1,-1
472,111,1141.87,123.66,30.99,79.94,0.2465,1,-1,-1
472,112,1742.64,203.25,43.84,85.19,0.4854,1,-1,-1
472,55,1128.82,64.73,32.98,75.01,0.6252,1,-1,-1
472,75,1470.92,493.33,65.02,128.47,0.5215,1,-1,-1
472,113,1504.33,180.29,39.36,72.65,0.3942,1,-1,-1
473,35,834.18,619.08,42.68,119.09,0.7549,1,-1,-1
473,36,904.00,647.10,57.15,124.13,0.6689,1,-1,-1
473,44,611.63,417.68,54.07,101.42,0.6011,1,-1,-1
473,37,883.16,308.83,49.18,97.95,0.8355,1,-1,-1
473,111,1140.23,123.18,31.98,81.35,0.2967,1,-1,-1
473,112,1742.71,202.99,43.25,84.12,0.5146,1,-1,-1
473,55,1128.60,64.87,32.92,74.55,0.6343,1,-1,-1
473,75,1470.72,494.63,64.96,128.58,0.5641,1,-1,-1
473,113,1503.62,179.22,39.58,72.56,0.4746,1,-1,-1
474,35,834.54,618.19,42.58,119.21,0.7506,1,-1,-1
474,36,904.82,646.22,57.07,124.21,0.7311,1,-1,-1
474,44,610.44,418.47,55.60,106.86,0.6478,1,-1,-1
474,37,883.80,308.52,49.66,98.59,0.8376,1,-1,-1
474,111,1138.53,123.57,32.62,81.80,0.5351,1,-1,-1
474,112,1741.68,203.07,44.10,85.91,0.6086,1,-1,-1
474,55,1128.26,64.87,32.95,74.44,0.6160,1,-1,-1
474,75,1470.22,494.90,65.55,129.91,0.6567,1,-1,-1
474,113,1502.51,178.16,39.73,72.08,0.5195,1,-1,-1
475,35,834.74,617.67,42.52,119.31,0.7476,1,-1,-1
475,36,904.40,645.14,57.03,124.68,0.6531,1,-1,-1
475,44,611.12,419.06,53.92,105.59,0.6943,1,-1,-1
475,37,884.70,308.87,49.41,97.67,0.8344,1,-1,-1
475,111,1137.27,123.90,33.28,82.22,0.5234,1,-1,-1
475,112,1740.88,203.08,44.36,86.38,0.7210,1,-1,-1
475,55,1128.41,65.06,33.36,75.75,0.6834,1,-1,-1
475,75,1471.09,497.10,64.25,127.11,0.5832,1,-1,-1
475,113,1501.80,177.55,39.77,71.49,0.7194,1,-1,-1
476,35,834.78,617.22,42.46,119.46,0.7387,1,-1,-1
476,36,904.99,644.27,57.41,125.20,0.6442,1,-1,-1
476,44,613.70,419.63,52.91,104.39,0.6514,1,-1,-1
476,37,885.55,308.85,49.62,97.53,0.8429,1,-1,-1
476,111,1136.43,124.05,33.80,82.60,0.5889,1,-1,-1
476,112,1739.95,202.98,44.48,86.41,0.7303,1,-1,-1
476,55,1128.54,64.47,33.45,76.35,0.6968,1,-1,-1
476,75,1471.65,498.19,63.48,125.04,0.6370,1,-1,-1
476,113,1502.08,177.96,39.12,69.83,0.7017,1,-1,-1
477,35,834.79,616.64,42.33,119.43,0.7447,1,-1,-1
477,36,905.16,643.04,57.67,125.62,0.6654,1,-1,-1
477,44,613.82,420.12,50.87,102.29,0.7217,1,-1,-1
477,37,886.04,308.10,50.20,98.27,0.8587,1,-1,-1
477,111,1135.99,124.19,34.35,83.07,0.6243,1,-1,-1
477,112,1738.81,202.78,44.51,85.95,0.7033,1,-1,-1
477,55,1128.09,64.14,33.10,76.22,0.7272,1,-1,-1
477,75,1471.71,497.98,63.23,123.88,0.6442,1,-1,-1
477,113,1502.09,178.24,38.60,68.20,0.5955,1,-1,-1
478,35,835.00,615.77,42.24,119.54,0.7506,1,-1,-1
478,36,904.60,642.75,56.93,124.41,0.5927,1,-1,-1
478,44,612.64,420.72,53.44,109.87,0.6976,1,-1,-1
478,37,886.32,307.23,51.02,99.56,0.8597,1,-1,-1
478,111,1135.96,123.19,35.10,84.32,0.5765,1,-1,-1
478,112,1738.06,203.01,44.45,85.35,0.6522,1,-1,-1
478,55,1127.78,63.58,32.74,75.99,0.7303,1,-1,-1
478,75,1471.15,496.58,63.83,124.41,0.6280,1,-1,-1
478,113,1501.29,178.43,39.03,68.36,0.5400,1,-1,-1
479,35,835.11,614.94,42.09,119.49,0.7578,1,-1,-1
479,36,904.02,642.15,56.22,123.77,0.6039,1,-1,-1
479,44,612.34,421.40,53.36,111.75,0.6775,1,-1,-1
479,37,886.93,306.60,51.44,100.27,0.8549,1,-1,-1
479,111,1135.93,122.92,35.27,84.29,0.5224,1,-1,-1
479,112,1737.54,202.95,44.57,84.93,0.7114,1,-1,-1
479,55,1127.58,62.82,32.69,76.45,0.7349,1,-1,-1
479,75,1471.74,497.04,63.88,124.09,0.5059,1,-1,-1
479,113,1500.42,178.74,40.63,70.92,0.5059,1,-1,-1
480,35,835.19,614.00,42.02,119.69,0.7663,1,-1,-1
480,36,904.81,641.71,55.51,123.09,0.6188,1,-1,-1
480,44,611.60,421.70,51.92,110.91,0.6775,1,-1,-1
480,37,887.71,305.94,51.89,101.30,0.8408,1,-1,-1
480,111,1136.63,123.34,35.06,83.51,0.4971,1,-1,-1
480,112,1737.28,202.93,44.21,83.48,0.6766,1,-1,-1
480,55,1127.60,62.30,32.51,76.60,0.7349,1,-1,-1
480,75,1472.00,496.59,64.22,124.34,0.5870,1,-1,-1
480,113,1498.29,179.17,41.55,71.42,0.4273,1,-1,-1
481,35,835.10,613.30,42.02,119.95,0.7649,1,-1,-1
481,36,907.39,641.66,55.46,123.03,0.6058,1,-1,-1
481,44,609.37,422.44,52.76,112.88,0.6151,1,-1,-1
481,37,888.13,305.82,52.44,102.80,0.8289,1,-1,-1
481,111,1136.83,123.43,34.61,82.15,0.5156,1,-1,-1
481,112,1736.60,202.79,44.31,82.87,0.4873,1,-1,-1
481,55,1127.59,62.14,32.09,76.22,0.7082,1,-1,-1
481,75,1469.88,497.28,66.99,129.85,0.2108,1,-1,-1
481,113,1498.13,179.83,43.24,73.97,0.4542,1,-1,-1
482,35,835.31,612.94,41.83,119.62,0.7649,1,-1,-1
482,36,908.48,641.52,55.38,123.01,0.6316,1,-1,-1
482,44,609.74,422.77,52.56,112.85,0.6243,1,-1,-1
482,37,889.24,306.12,52.01,102.47,0.8408,1,-1,-1
482,111,1137.45,122.81,34.62,81.83,0.4912,1,-1,-1
482,112,1736.02,202.51,44.77,83.02,0.4407,1,-1,-1
482,55,1127.64,62.11,31.84,76.15,0.7194,1,-1,-1
482,75,1469.28,498.79,67.80,131.41,0.2207,1,-1,-1
482,113,1499.44,179.98,44.58,76.49,0.6225,1,-1,-1
483,35,835.64,612.55,41.62,119.21,0.7578,1,-1,-1
483,36,908.73,641.14,55.28,123.01,0.6602,1,-1,-1
483,44,607.87,422.57,52.56,114.06,0.6976,1,-1,-1
483,37,890.25,306.37,51.12,101.07,0.8429,1,-1,-1
483,111,1138.68,122.51,34.09,80.14,0.4542,1,-1,-1
483,112,1735.66,202.61,44.58,82.00,0.4187,1,-1,-1
483,55,1127.80,62.13,31.48,75.75,0.7194,1,-1,-1
483,75,1470.10,500.73,66.88,129.35,0.3603,1,-1,-1
483,113,1501.92,180.28,44.26,76.62,0.7249,1,-1,-1
484,35,834.99,612.06,42.13,119.81,0.7606,1,-1,-1
484,36,908.81,640.93,54.99,122.77,0.6352,1,-1,-1
484,44,609.30,422.56,54.34,118.08,0.6860,1,-1,-1
484,37,890.84,306.44,50.81,100.80,0.8408,1,-1,-1
484,111,1139.66,121.74,34.51,80.03,0.3311,1,-1,-1
484,112,1735.56,202.65,44.25,80.75,0.3675,1,-1,-1
484,55,1127.93,62.17,31.25,75.58,0.7082,1,-1,-1
484,75,1470.21,501.48,66.81,129.02,0.5039,1,-1,-1
484,113,1504.23,180.74,43.55,76.10,0.7170,1,-1,-1
485,35,834.72,611.83,42.39,119.67,0.7606,1,-1,-1
485,36,908.83,640.75,54.73,122.72,0.6261,1,-1,-1
485,44,609.77,423.53,55.18,119.57,0.6843,1,-1,-1
485,37,891.45,306.32,50.81,101.37,0.8387,1,-1,-1
485,111,1139.04,120.79,36.00,82.57,0.4388,1,-1,-1
485,112,1735.39,202.47,44.13,79.94,0.2983,1,-1,-1
485,55,1128.05,62.14,31.17,75.69,0.7146,1,-1,-1
485,75,1470.11,501.55,67.35,129.98,0.6976,1,-1,-1
485,113,1506.37,180.36,43.31,76.26,0.7058,1,-1,-1
486,35,834.68,611.66,42.63,119.60,0.7606,1,-1,-1
486,36,909.00,640.67,54.49,122.67,0.6316,1,-1,-1
486,44,609.19,424.89,55.34,119.13,0.6809,1,-1,-1
486,37,891.97,306.68,50.55,101.43,0.8408,1,-1,-1
486,111,1141.18,120.58,36.25,81.85,0.3739,1,-1,-1
486,112,1735.36,202.47,44.00,79.05,0.3311,1,-1,-1
486,55,1128.15,61.96,31.25,76.08,0.6935,1,-1,-1
486,75,1469.47,500.64,68.30,131.90,0.7402,1,-1,-1
486,113,1508.99,179.15,44.61,78.86,0.6968,1,-1,-1
487,35,834.65,611.55,42.80,119.45,0.7592,1,-1,-1
487,36,909.17,640.41,54.39,122.85,0.6206,1,-1,-1
487,44,608.09,425.86,55.44,118.39,0.7106,1,-1,-1
487,37,892.38,306.76,50.54,102.27,0.8490,1,-1,-1
487,111,1142.60,119.56,37.79,83.32,0.2910,1,-1,-1
487,112,1736.88,203.15,40.35,70.67,0.2950,1,-1,-1
487,55,1128.21,61.77,31.42,76.59,0.6766,1,-1,-1
487,75,1469.16,499.42,68.62,132.59,0.7520,1,-1,-1
487,113,1511.25,179.50,45.31,80.20,0.7025,1,-1,-1
488,35,835.48,611.40,42.22,118.35,0.7549,1,-1,-1
488,36,909.39,640.33,54.24,122.82,0.6114,1,-1,-1
488,44,607.57,426.54,55.71,117.75,0.7233,1,-1,-1
488,37,892.82,307.07,50.18,102.40,0.8480,1,-1,-1
488,111,1144.50,118.66,37.84,82.13,0.1152,1,-1,-1
488,112,1736.40,203.38,40.93,70.62,0.2372,1,-1,-1
488,55,1128.20,61.66,31.38,76.65,0.5993,1,-1,-1
488,75,1469.35,498.08,67.65,130.44,0.7402,1,-1,-1
488,113,1513.76,178.78,47.06,82.54,0.7417,1,-1,-1
489,35,835.84,611.27,41.80,117.59,0.7520,1,-1,-1
489,36,909.48,640.10,54.26,123.00,0.5098,1,-1,-1
489,44,604.79,426.70,56.24,118.43,0.6843,1,-1,-1
489,37,893.14,307.44,49.80,102.50,0.8439,1,-1,-1
489,111,1145.86,118.47,37.37,80.63,0.1124,1,-1,-1
489,112,1734.86,203.46,44.10,75.91,0.2783,1,-1,-1
489,55,1128.18,61.56,31.19,76.36,0.5898,1,-1,-1
489,75,1470.02,497.99,65.93,126.52,0.7264,1,-1,-1
489,113,1515.63,179.24,48.66,84.46,0.7138,1,-1,-1
490,35,835.80,610.87,41.63,117.44,0.7592,1,-1,-1
490,36,909.34,639.74,54.35,123.38,0.4766,1,-1,-1
490,44,602.23,426.87,56.45,118.35,0.6876,1,-1,-1
490,37,893.40,307.58,49.35,102.22,0.8429,1,-1,-1
490,111,1148.44,118.46,35.82,76.85,0.1112,1,-1,-1
490,112,1733.75,203.67,45.65,78.65,0.3693,1,-1,-1
490,55,1128.12,62.27,30.84,75.42,0.5860,1,-1,-1
490,75,1469.53,497.30,66.44,127.27,0.7217,1,-1,-1
490,113,1516.96,180.27,49.31,84.40,0.7042,1,-1,-1
491,35,835.79,610.61,41.49,117.39,0.7564,1,-1,-1
491,36,909.32,639.25,54.44,123.84,0.4707,1,-1,-1
491,44,602.63,427.12,57.28,118.03,0.6910,1,-1,-1
491,37,893.72,307.26,49.14,102.42,0.8322,1,-1,-1
491,111,1148.78,117.91,35.39,75.81,0.2330,1,-1,-1
491,112,1733.80,203.19,46.33,79.79,0.3895,1,-1,-1
491,55,1128.17,62.24,30.84,75.36,0.6123,1,-1,-1
491,75,1469.79,496.84,65.39,124.66,0.7535,1,-1,-1
491,113,1520.46,181.58,47.43,80.74,0.7372,1,-1,-1
492,35,835.80,610.28,41.48,117.75,0.7606,1,-1,-1
492,36,909.23,638.53,54.44,124.13,0.5098,1,-1,-1
492,44,601.14,426.88,57.94,118.19,0.7233,1,-1,-1
492,37,894.37,307.17,48.75,102.05,0.8333,1,-1,-1
492,111,1147.78,116.23,36.68,78.66,0.1813,1,-1,-1
492,112,1733.61,202.67,47.00,80.91,0.2736,1,-1,-1
492,55,1128.28,62.19,30.81,75.19,0.5746,1,-1,-1
492,75,1469.43,496.69,65.25,123.94,0.7432,1,-1,-1
492,113,1523.07,182.47,44.88,75.63,0.5467,1,-1,-1
493,35,836.03,610.17,41.29,117.68,0.7476,1,-1,-1
493,36,908.69,637.92,54.51,124.46,0.5020,2,-1,-1
493,44,597.59,426.22,57.39,118.18,0.7264,1,-1,-1
493,37,895.03,307.48,48.47,101.84,0.8267,1,-1,-1
493,111,1148.56,111.98,38.08,81.76,0.2689,1,-1,-1
493,112,1733.52,202.05,47.38,81.66,0.1408,1,-1,-1
493,55,1128.18,61.73,31.20,75.92,0.4292,1,-1,-1
493,75,1469.37,497.05,64.96,122.84,0.7476,1,-1,-1
493,113,1522.13,183.15,46.74,78.71,0.2140,1,-1,-1
494,35,835.68,610.24,41.51,117.83,0.7447,1,-1,-1
494,36,908.55,637.34,54.55,124.55,0.4688,2,-1,-1
494,44,595.64,425.49,57.04,118.80,0.7280,1,-1,-1
494,37,896.15,307.47,48.28,101.51,0.8289,1,-1,-1
494,111,1147.17,111.02,38.45,82.68,0.2101,1,-1,-1
494,112,1733.96,201.67,46.61,80.18,0.1456,1,-1,-1
494,55,1127.85,60.86,31.59,76.86,0.4484,1,-1,-1
494,75,1469.42,498.69,64.19,120.48,0.7520,1,-1,-1
494,113,1523.09,184.85,47.15,79.80,0.2502,1,-1,-1
495,35,835.78,609.69,41.26,117.59,0.7447,1,-1,-1
495,36,909.56,637.17,54.61,123.62,0.4863,2,-1,-1
495,44,594.37,424.86,56.37,119.27,0.7233,1,-1,-1
495,37,897.35,307.56,48.32,101.38,0.8267,1,-1,-1
495,111,1148.50,105.41,40.44,87.18,0.3372,1,-1,-1
495,112,1734.59,202.03,45.86,78.89,0.2767,1,-1,-1
495,55,1127.85,60.12,31.99,77.65,0.3821,1,-1,-1
495,75,1468.78,498.83,63.90,119.14,0.7356,1,-1,-1
496,35,836.26,609.21,41.17,117.97,0.7326,1,-1,-1
496,36,908.11,636.64,55.20,124.52,0.6926,2,-1,-1
496,44,593.88,425.29,55.45,119.15,0.7326,1,-1,-1
496,37,898.54,307.43,48.90,102.33,0.8333,1,-1,-1
496,111,1148.88,101.02,41.85,90.60,0.5351,1,-1,-1
496,112,1733.86,201.07,47.14,81.36,0.3504,1,-1,-1
496,55,1127.92,58.86,32.40,78.40,0.2524,1,-1,-1
496,75,1468.98,496.88,64.70,120.54,0.7549,1,-1,-1
497,35,836.15,609.28,41.28,117.97,0.7387,1,-1,-1
497,36,907.69,636.13,56.00,125.46,0.6740,2,-1,-1
497,44,594.26,425.17,54.40,118.50,0.7447,1,-1,-1
497,37,899.11,307.82,48.90,102.28,0.8355,1,-1,-1
497,111,1149.44,98.46,41.49,90.34,0.5908,1,-1,-1
497,112,1733.80,200.32,47.27,81.86,0.2838,1,-1,-1
497,55,1128.10,58.04,32.78,79.01,0.3648,1,-1,-1
497,75,1468.98,495.06,65.09,121.11,0.8007,1,-1,-1
498,35,836.19,608.98,41.43,118.13,0.7356,1,-1,-1
498,36,907.41,635.71,56.34,125.75,0.6496,2,-1,-1
498,44,594.43,425.24,53.28,117.75,0.7341,1,-1,-1
498,37,899.50,307.87,48.82,102.16,0.8322,1,-1,-1
498,111,1149.59,97.41,41.81,91.52,0.4980,1,-1,-1
498,112,1733.74,200.46,46.90,81.53,0.3225,1,-1,-1
498,55,1128.29,57.73,32.89,79.07,0.4591,1,-1,-1
498,75,1469.27,496.93,63.78,117.90,0.7994,1,-1,-1
499,35,836.12,608.57,41.47,118.00,0.7341,1,-1,-1
499,36,907.24,635.29,56.46,125.98,0.5775,2,-1,-1
499,44,595.73,425.14,52.68,117.38,0.7042,1,-1,-1
499,37,900.29,308.70,48.64,101.77,0.8333,1,-1,-1
499,111,1149.93,97.47,41.48,91.53,0.5137,1,-1,-1
499,112,1733.85,200.72,46.31,80.89,0.1515,1,-1,-1
499,55,1128.23,57.71,33.09,79.54,0.5263,1,-1,-1
499,75,1469.26,497.66,63.36,116.36,0.7918,1,-1,-1
500,35,836.24,607.69,41.22,118.01,0.7280,1,-1,-1
500,36,907.22,634.60,56.38,126.11,0.6243,2,-1,-1
500,44,595.86,424.81,52.14,117.35,0.6860,1,-1,-1
500,37,901.44,309.32,48.34,101.13,0.8199,1,-1,-1
500,111,1150.14,98.10,41.35,91.94,0.5641,1,-1,-1
500,112,1734.33,198.88,46.47,81.38,0.3895,1,-1,-1
500,55,1128.07,57.60,32.85,79.07,0.5429,1,-1,-1
500,75,1469.07,498.05,63.28,115.44,0.7813,1,-1,-1
501,35,836.11,607.59,41.26,117.73,0.7372,1,-1,-1
501,36,907.19,634.15,56.26,126.02,0.6114,2,-1,-1
501,44,595.85,424.60,51.59,117.23,0.7280,1,-1,-1
501,37,902.97,309.54,47.81,99.89,0.8278,1,-1,-1
501,111,1150.06,98.06,41.23,92.25,0.5429,1,-1,-1
501,112,1734.20,197.58,47.30,83.14,0.2379,1,-1,-1
501,55,1127.94,57.74,32.62,78.65,0.4893,1,-1,-1
501,75,1468.94,498.32,63.53,115.23,0.7905,1,-1,-1
502,35,836.13,607.28,41.34,117.67,0.7402,1,-1,-1
502,36,907.25,633.62,56.31,126.17,0.5641,2,-1,-1
502,44,595.65,424.23,51.26,117.50,0.7295,1,-1,-1
502,37,904.01,309.25,47.67,99.49,0.8344,1,-1,-1
502,111,1149.95,98.40,41.17,92.17,0.3970,1,-1,-1
502,112,1733.79,196.11,46.93,82.62,0.1645,1,-1,-1
502,55,1127.91,57.37,32.72,79.01,0.4649,1,-1,-1
502,75,1468.85,499.45,63.71,114.87,0.7732,1,-1,-1
503,35,836.10,607.03,41.52,117.86,0.7432,1,-1,-1
503,36,906.77,633.21,56.54,126.48,0.5390,2,-1,-1
503,44,595.98,423.75,50.89,117.47,0.7387,1,-1,-1
503,37,904.78,309.25,47.45,98.83,0.8376,1,-1,-1
503,111,1149.42,98.39,41.36,92.41,0.3905,1,-1,-1
503,55,1127.92,57.14,32.90,79.43,0.5068,1,-1,-1
503,75,1468.01,498.93,64.70,116.09,0.7827,1,-1,-1
504,35,836.26,606.58,41.37,118.02,0.7341,1,-1,-1
504,36,906.34,632.76,57.01,127.03,0.5293,2,-1,-1
504,44,596.13,422.92,50.46,117.49,0.7280,1,-1,-1
504,37,905.82,309.66,47.26,98.13,0.8376,1,-1,-1
504,111,1147.54,99.53,41.41,91.52,0.3090,1,-1,-1
504,55,1127.74,57.03,32.99,79.59,0.5146,1,-1,-1
504,75,1467.93,500.16,64.47,114.85,0.7233,1,-1,-1
505,35,836.32,606.30,41.53,118.17,0.7372,1,-1,-1
505,36,906.46,632.54,57.01,126.92,0.4225,2,-1,-1
505,44,595.99,422.03,50.09,117.66,0.7264,1,-1,-1
505,37,906.85,310.05,47.26,97.63,0.8418,1,-1,-1
505,111,1147.29,100.41,41.54,90.71,0.4064,1,-1,-1
505,55,1127.68,57.32,32.82,79.11,0.5506,1,-1,-1
505,75,1467.88,500.96,64.34,113.76,0.7090,1,-1,-1
506,35,836.41,605.89,41.67,118.37,0.7326,1,-1,-1
506,36,906.56,632.42,56.99,126.93,0.4397,2,-1,-1
506,44,596.13,421.04,49.66,117.66,0.7058,1,-1,-1
506,37,907.83,309.23,47.95,98.71,0.8408,1,-1,-1
506,111,1148.26,100.83,41.66,90.62,0.5234,1,-1,-1
506,55,1127.61,57.71,32.60,78.43,0.6289,1,-1,-1
506,75,1467.32,500.47,64.91,114.10,0.7746,1,-1,-1
507,35,836.43,605.53,42.01,118.96,0.7387,1,-1,-1
507,36,906.71,632.48,57.05,126.68,0.3868,2,-1,-1
507,44,597.05,420.25,49.40,117.93,0.6960,1,-1,-1
507,37,908.57,308.45,48.55,99.67,0.8418,1,-1,-1
507,111,1147.25,101.32,41.76,90.28,0.5708,1,-1,-1
507,55,1127.83,57.92,32.81,78.62,0.6766,1,-1,-1
507,75,1466.78,499.31,65.54,114.71,0.7447,1,-1,-1
508,35,836.51,605.29,42.40,119.55,0.7280,1,-1,-1
508,36,905.46,632.52,56.62,126.05,0.4149,2,-1,-1
508,44,597.53,419.49,48.98,117.71,0.6602,1,-1,-1
508,37,910.49,308.15,48.67,100.08,0.8245,1,-1,-1
508,111,1146.69,104.10,40.79,87.82,0.6610,1,-1,-1
508,55,1128.10,58.16,32.62,77.89,0.7130,1,-1,-1
508,75,1466.19,497.78,66.39,115.87,0.7372,1,-1,-1
509,35,836.23,605.05,42.69,119.75,0.7295,1,-1,-1
509,36,905.09,632.11,57.13,126.12,0.3868,2,-1,-1
509,44,597.69,418.36,49.28,119.22,0.6943,1,-1,-1
509,37,912.78,308.51,48.04,99.23,0.8289,1,-1,-1
509,111,1146.99,107.11,39.70,84.42,0.6645,1,-1,-1
509,55,1128.29,58.35,32.29,76.64,0.7334,1,-1,-1
509,75,1465.89,496.50,67.08,116.86,0.7402,1,-1,-1
510,35,836.14,604.68,42.98,120.11,0.7280,1,-1,-1
510,36,905.00,631.69,56.62,125.09,0.3576,1,-1,-1
510,44,598.32,416.93,49.42,120.76,0.6723,1,-1,-1
510,37,914.84,308.71,47.42,98.62,0.8539,1,-1,-1
510,111,1146.73,108.58,39.48,83.05,0.6593,1,-1,-1
510,55,1128.22,58.48,32.19,75.99,0.7225,1,-1,-1
510,75,1466.14,495.71,66.83,116.10,0.7746,1,-1,-1
510,113,1557.83,201.61,47.39,84.66,0.6610,1,-1,-1
510,112,1730.27,195.44,47.57,84.30,0.5000,1,-1,-1
511,35,836.18,604.45,42.31,119.17,0.7249,1,-1,-1
511,36,905.61,631.22,55.98,123.76,0.5603,2,-1,-1
511,44,600.37,416.53,47.99,118.64,0.6151,1,-1,-1
511,37,916.90,308.56,46.93,97.92,0.8625,1,-1,-1
511,111,1147.62,109.38,39.76,82.58,0.7017,1,-1,-1
511,55,1128.07,58.72,32.17,75.49,0.7017,1,-1,-1
511,75,1466.46,495.14,66.19,114.50,0.7827,1,-1,-1
511,113,1560.43,203.41,46.03,84.42,0.6715,1,-1,-1
511,112,1730.01,194.83,47.61,84.45,0.4465,1,-1,-1
512,35,836.23,603.97,41.94,118.99,0.7170,1,-1,-1
512,36,905.29,630.78,55.10,122.20,0.5525,2,-1,-1
512,44,601.64,415.65,47.12,117.62,0.6095,1,-1,-1
512,37,918.82,309.10,46.28,96.73,0.8549,1,-1,-1
512,111,1146.39,110.07,39.38,81.60,0.7082,1,-1,-1
512,55,1127.89,58.88,32.22,75.17,0.6984,1,-1,-1
512,75,1466.22,494.65,66.48,114.70,0.7564,1,-1,-1
512,113,1563.09,205.08,45.00,83.54,0.7210,1,-1,-1
512,112,1729.38,194.66,47.97,85.12,0.5254,1,-1,-1
512,117,998.02,106.72,29.54,73.01,0.4591,1,-1,-1
513,35,835.98,603.38,42.13,119.68,0.7138,1,-1,-1
513,36,904.78,630.41,55.12,122.34,0.5622,2,-1,-1
513,44,602.85,414.83,47.54,119.27,0.6352,1,-1,-1
513,37,919.61,309.33,46.78,98.29,0.8529,1,-1,-1
513,111,1147.08,109.89,39.96,81.67,0.7098,1,-1,-1
513,55,1127.74,59.01,32.34,74.98,0.6901,1,-1,-1
513,75,1465.64,493.90,67.15,115.76,0.7549,1,-1,-1
513,113,1565.16,206.02,46.25,86.87,0.5039,1,-1,-1
513,112,1728.91,194.41,48.70,86.71,0.2088,1,-1,-1
513,117,997.61,105.21,28.92,71.41,0.3868,1,-1,-1
514,35,835.94,603.25,42.14,119.81,0.7170,1,-1,-1
514,36,904.03,630.16,54.91,122.25,0.4610,2,-1,-1
514,44,604.35,413.69,46.86,118.71,0.6549,1,-1,-1
514,37,920.20,309.60,46.87,99.19,0.8490,1,-1,-1
514,111,1145.04,109.97,39.94,81.84,0.7409,1,-1,-1
514,55,1127.46,59.06,32.58,75.02,0.6645,1,-1,-1
514,75,1464.84,492.54,68.27,117.87,0.7295,1,-1,-1
514,113,1566.87,207.51,45.64,86.58,0.1950,1,-1,-1
514,112,1728.52,194.65,48.89,87.47,0.1362,1,-1,-1
514,117,997.75,105.51,28.35,69.88,0.4340,1,-1,-1
515,35,836.05,603.16,42.04,119.65,0.7090,1,-1,-1
515,36,904.41,629.89,55.19,122.92,0.5000,2,-1,-1
515,44,605.80,413.23,46.47,118.35,0.6514,1,-1,-1
515,37,920.93,309.92,47.07,100.52,0.8311,1,-1,-1
515,111,1144.06,110.01,39.79,82.00,0.7409,1,-1,-1
515,55,1127.24,59.17,32.75,74.95,0.6086,1,-1,-1
515,75,1464.60,491.89,68.28,117.99,0.7042,1,-1,-1
515,113,1569.58,208.31,44.44,85.12,0.4630,1,-1,-1
515,112,1727.73,194.14,48.59,87.06,0.3989,1,-1,-1
515,117,997.25,104.76,28.90,71.27,0.4177,1,-1,-1
516,35,836.16,603.06,41.88,119.42,0.7154,1,-1,-1
516,36,904.94,629.52,55.02,122.43,0.4961,2,-1,-1
516,44,606.38,412.76,45.79,117.86,0.5946,1,-1,-1
516,37,921.90,310.31,46.71,100.59,0.8300,1,-1,-1
516,111,1143.51,110.35,39.19,81.57,0.7424,1,-1,-1
516,55,1127.10,59.29,32.77,74.87,0.6715,1,-1,-1
516,75,1464.51,491.79,68.02,117.67,0.6943,1,-1,-1
516,113,1571.86,208.47,44.33,86.29,0.4417,1,-1,-1
516,112,1726.85,193.78,48.85,87.66,0.4513,1,-1,-1
516,117,996.68,103.62,29.01,71.60,0.3174,1,-1,-1
517,35,836.12,602.89,41.79,119.42,0.7170,1,-1,-1
517,36,905.76,629.41,55.02,122.71,0.5332,2,-1,-1
517,44,606.93,412.53,45.28,117.62,0.6298,1,-1,-1
517,37,922.20,310.49,47.59,103.67,0.8093,1,-1,-1
517,111,1142.79,110.15,38.84,81.83,0.6951,1,-1,-1
517,55,1127.15,59.34,32.83,74.73,0.6885,1,-1,-1
517,75,1464.70,492.11,67.70,117.30,0.6619,1,-1,-1
517,113,1574.64,208.59,43.95,87.04,0.4630,1,-1,-1
517,112,1726.09,193.04,49.13,88.40,0.5078,1,-1,-1
517,117,994.43,99.61,30.87,76.35,0.2458,1,-1,-1
518,35,836.20,602.86,41.74,119.39,0.7186,1,-1,-1
518,36,906.17,629.28,54.51,121.78,0.5332,2,-1,-1
518,44,607.54,412.04,44.35,116.59,0.6169,1,-1,-1
518,37,923.06,310.98,47.76,105.12,0.7982,1,-1,-1
518,111,1142.18,109.32,39.06,83.15,0.6758,1,-1,-1
518,55,1127.26,59.27,33.03,74.82,0.6645,1,-1,-1
518,75,1464.65,491.69,67.98,118.09,0.6549,1,-1,-1
518,113,1576.50,208.84,44.06,87.96,0.2444,1,-1,-1
518,112,1725.32,192.66,49.38,89.11,0.4688,1,-1,-1
518,117,994.76,98.01,30.58,75.97,0.1624,1,-1,-1
519,35,836.24,602.89,41.73,119.41,0.7202,1,-1,-1
519,36,906.37,629.08,54.56,121.87,0.5679,2,-1,-1
519,44,608.37,412.00,43.38,115.26,0.6602,1,-1,-1
519,37,923.75,311.53,47.59,105.77,0.7931,1,-1,-1
519,111,1141.43,109.13,39.62,85.59,0.6215,1,-1,-1
519,55,1126.99,59.05,33.31,75.10,0.6645,1,-1,-1
519,75,1464.33,491.02,68.57,119.63,0.6406,1,-1,-1
519,113,1580.09,208.75,44.05,88.58,0.3416,1,-1,-1
519,112,1724.84,192.57,49.02,88.59,0.5254,1,-1,-1
519,117,994.30,98.24,30.00,74.24,0.3346,1,-1,-1
520,35,836.32,602.93,41.63,119.21,0.7202,1,-1,-1
520,36,906.14,629.05,54.74,122.38,0.4902,2,-1,-1
520,44,609.01,411.88,42.02,112.92,0.6316,1,-1,-1
520,37,925.06,313.13,46.44,103.76,0.7957,1,-1,-1
520,111,1141.19,109.08,39.37,86.34,0.6252,1,-1,-1
520,55,1126.80,58.82,33.57,75.35,0.6628,1,-1,-1
520,75,1463.83,490.26,68.94,120.92,0.6370,1,-1,-1
520,113,1582.39,210.07,42.61,86.43,0.4785,1,-1,-1
520,112,1724.85,191.90,48.25,87.43,0.5689,1,-1,-1
520,117,993.00,96.99,30.85,76.67,0.1272,1,-1,-1
521,35,836.41,602.86,41.58,119.17,0.7217,1,-1,-1
521,36,906.02,629.17,54.86,122.67,0.4746,2,-1,-1
521,44,610.02,411.67,40.80,111.03,0.5088,1,-1,-1
521,37,925.98,314.51,45.68,102.61,0.7931,1,-1,-1
521,111,1141.19,108.41,38.97,86.66,0.6370,1,-1,-1
521,55,1126.77,58.77,33.72,75.38,0.6252,1,-1,-1
521,75,1463.96,489.83,68.69,121.08,0.6758,1,-1,-1
521,113,1583.81,211.29,41.52,84.40,0.2628,1,-1,-1
521,112,1724.65,192.57,48.06,87.07,0.4815,1,-1,-1
521,117,992.56,96.75,30.72,76.50,0.1551,1,-1,-1
522,35,836.58,602.98,41.56,119.20,0.7154,1,-1,-1
522,36,906.06,629.00,55.09,122.95,0.5622,2,-1,-1
522,44,612.03,411.57,39.82,108.74,0.4805,1,-1,-1
522,37,927.05,315.64,45.07,101.96,0.7918,1,-1,-1
522,111,1141.40,108.89,38.55,86.96,0.5746,1,-1,-1
522,55,1126.31,58.73,33.87,75.48,0.5438,1,-1,-1
522,75,1463.07,489.99,70.02,124.42,0.4475,1,-1,-1
522,113,1585.07,213.50,39.89,80.80,0.2006,1,-1,-1
522,112,1724.73,192.90,47.00,84.88,0.4446,1,-1,-1
522,117,989.12,85.62,32.35,79.75,0.2744,1,-1,-1
523,35,836.62,602.95,41.52,119.10,0.7186,1,-1,-1
523,36,905.82,628.80,55.29,123.42,0.5467,2,-1,-1
523,44,616.23,411.56,41.78,110.57,0.4980,1,-1,-1
523,37,928.29,316.46,44.81,102.44,0.7833,1,-1,-1
523,111,1141.78,109.13,38.22,87.42,0.5448,1,-1,-1
523,55,1126.07,58.94,33.96,75.47,0.5860,1,-1,-1
523,75,1463.08,489.94,69.65,124.51,0.4630,1,-1,-1
523,113,1586.62,215.10,38.56,78.22,0.3425,1,-1,-1
523,112,1724.86,192.31,46.24,83.46,0.5804,1,-1,-1
523,117,987.71,81.46,31.78,77.66,0.4873,1,-1,-1
524,35,836.66,602.95,41.50,119.06,0.7202,1,-1,-1
524,36,905.77,628.73,55.36,123.66,0.5332,2,-1,-1
524,44,617.58,412.06,43.32,112.01,0.5889,1,-1,-1
524,37,929.82,317.70,43.61,100.83,0.7912,1,-1,-1
524,111,1142.02,109.13,37.76,87.53,0.5351,1,-1,-1
524,55,1125.94,58.96,34.02,75.51,0.5804,1,-1,-1
524,75,1463.46,490.37,68.81,123.56,0.4465,1,-1,-1
524,113,1586.85,217.02,38.32,77.61,0.3200,1,-1,-1
524,112,1724.11,192.91,46.95,84.80,0.5870,1,-1,-1
524,117,987.67,80.00,31.35,75.54,0.4321,1,-1,-1
525,35,836.71,602.97,41.47,118.97,0.7138,1,-1,-1
525,36,905.68,628.68,55.39,123.81,0.5293,2,-1,-1
525,44,617.39,412.91,43.72,111.08,0.5583,1,-1,-1
525,37,931.24,318.05,43.11,100.80,0.7950,1,-1,-1
525,111,1142.07,109.12,37.46,87.84,0.5302,1,-1,-1
525,55,1125.78,58.97,34.07,75.56,0.5631,1,-1,-1
525,75,1463.77,490.95,68.26,123.08,0.2082,1,-1,-1
525,113,1587.86,218.82,37.54,75.89,0.1761,1,-1,-1
525,112,1723.81,193.11,46.91,84.75,0.4542,1,-1,-1
525,117,987.39,79.67,31.95,76.19,0.3191,1,-1,-1
526,35,836.32,602.58,41.62,119.22,0.7186,1,-1,-1
526,36,905.55,628.50,55.30,123.79,0.3775,2,-1,-1
526,44,619.72,413.65,43.45,108.25,0.5583,1,-1,-1
526,37,933.14,318.26,42.55,100.55,0.8170,1,-1,-1
526,111,1142.31,109.77,36.61,86.62,0.6011,1,-1,-1
526,55,1125.82,59.11,33.93,75.54,0.5593,1,-1,-1
526,75,1464.80,490.87,66.41,119.75,0.3942,1,-1,-1
526,113,1588.93,220.72,37.72,75.85,0.1316,1,-1,-1
526,112,1723.97,193.33,45.51,82.04,0.4717,1,-1,-1
526,117,986.97,79.61,33.38,79.51,0.3355,1,-1,-1
527,35,836.12,602.43,41.71,119.31,0.7170,1,-1,-1
527,36,905.04,628.81,55.25,123.65,0.3868,1,-1,-1
527,44,620.12,413.91,43.78,108.40,0.5964,1,-1,-1
527,37,934.31,318.15,42.32,100.98,0.7950,1,-1,-1
527,111,1142.30,109.88,36.18,86.25,0.5487,1,-1,-1
527,55,1125.83,59.15,33.82,75.56,0.5525,1,-1,-1
527,75,1465.33,491.10,65.43,117.95,0.2950,1,-1,-1
527,112,1724.31,193.02,44.15,79.15,0.3024,1,-1,-1
527,117,985.81,80.28,34.51,81.47,0.4216,1,-1,-1
528,35,836.44,602.76,41.18,118.16,0.7186,1,-1,-1
528,36,906.50,629.04,54.68,122.70,0.3812,1,-1,-1
528,44,620.42,413.81,44.54,109.78,0.6169,1,-1,-1
528,37,935.75,318.68,41.77,100.44,0.7846,1,-1,-1
528,111,1142.79,109.98,35.52,85.01,0.5176,1,-1,-1
528,55,1125.88,59.39,33.64,75.40,0.5593,1,-1,-1
528,75,1465.40,489.37,64.12,115.28,0.3285,1,-1,-1
528,112,1722.42,192.70,46.09,82.52,0.1830,1,-1,-1
528,117,984.69,80.41,34.21,80.15,0.2975,1,-1,-1
529,35,836.56,602.89,40.88,117.70,0.7170,1,-1,-1
529,36,905.20,629.21,55.07,123.34,0.3923,1,-1,-1
529,44,621.60,414.63,44.77,110.08,0.6496,1,-1,-1
529,37,937.55,317.87,41.34,100.57,0.7944,1,-1,-1
529,111,1143.27,109.86,35.46,84.87,0.4805,1,-1,-1
529,55,1126.00,59.52,33.49,75.33,0.5670,1,-1,-1
529,75,1465.51,490.18,64.52,116.03,0.3858,1,-1,-1
529,112,1720.30,193.08,47.73,85.19,0.1836,1,-1,-1
529,117,985.15,80.22,33.01,76.01,0.1535,1,-1,-1
530,35,836.57,602.97,40.73,117.56,0.7154,1,-1,-1
530,36,905.00,629.40,55.00,123.24,0.3998,1,-1,-1
530,44,623.79,415.37,46.32,112.08,0.7042,1,-1,-1
530,37,939.41,317.80,40.73,99.88,0.7982,1,-1,-1
530,111,1143.75,109.34,36.02,85.80,0.5332,1,-1,-1
530,55,1126.02,59.79,33.23,74.85,0.5860,1,-1,-1
530,75,1466.09,488.58,62.43,111.55,0.3933,1,-1,-1
530,112,1718.18,193.52,48.68,86.19,0.1640,1,-1,-1
530,117,988.30,80.89,32.61,73.64,0.1931,1,-1,-1
531,35,836.69,603.10,40.69,117.57,0.7202,1,-1,-1
531,36,906.16,629.17,54.41,121.77,0.4417,2,-1,-1
531,44,624.75,415.62,47.74,113.84,0.7042,1,-1,-1
531,37,940.97,318.16,40.12,99.13,0.8141,1,-1,-1
531,111,1144.28,109.12,36.23,85.78,0.5390,1,-1,-1
531,55,1125.99,60.07,32.94,74.47,0.5765,1,-1,-1
531,75,1465.66,488.10,63.02,112.25,0.3486,1,-1,-1
531,117,985.97,80.20,32.60,72.89,0.1767,1,-1,-1
532,35,836.46,603.12,40.84,118.14,0.7461,1,-1,-1
532,36,908.10,628.75,54.63,120.99,0.4746,2,-1,-1
532,44,626.69,416.10,47.31,112.16,0.6910,1,-1,-1
532,37,942.52,318.62,40.53,100.51,0.8480,1,-1,-1
532,111,1144.11,108.50,36.79,86.65,0.5612,1,-1,-1
532,55,1126.25,59.85,33.02,74.81,0.4130,1,-1,-1
532,75,1465.90,491.64,64.29,114.50,0.4591,1,-1,-1
532,117,983.77,80.19,32.17,71.46,0.1938,1,-1,-1
533,35,837.79,602.72,41.13,119.17,0.7154,1,-1,-1
533,36,908.70,628.38,56.02,122.60,0.6496,2,-1,-1
533,44,627.54,415.91,45.72,107.64,0.5010,1,-1,-1
533,37,945.71,319.19,41.08,101.68,0.8470,1,-1,-1
533,111,1144.12,108.86,37.96,88.88,0.5689,1,-1,-1
533,55,1128.48,60.00,32.97,74.37,0.3639,1,-1,-1
533,75,1466.33,489.81,67.15,120.00,0.5737,1,-1,-1
533,117,984.45,79.60,34.13,74.51,0.1944,1,-1,-1
534,35,840.75,602.16,41.00,119.59,0.7058,1,-1,-1
534,36,911.66,628.00,57.46,124.38,0.4225,2,-1,-1
534,44,632.26,415.43,45.34,106.66,0.4494,1,-1,-1
534,37,951.11,320.16,41.59,102.51,0.8032,1,-1,-1
534,111,1145.31,108.11,38.96,91.47,0.4610,1,-1,-1
534,55,1131.96,59.69,33.46,75.78,0.3217,1,-1,-1
534,75,1469.02,488.30,70.62,126.86,0.4844,1,-1,-1
534,112,1724.19,198.10,47.29,84.10,0.5254,1,-1,-1
535,35,846.64,602.40,41.30,119.94,0.6706,1,-1,-1
535,36,915.73,628.26,58.40,124.53,0.1325,1,-1,-1
535,44,639.23,414.60,45.18,107.45,0.5059,1,-1,-1
535,37,958.72,319.93,42.40,103.60,0.8044,1,-1,-1
535,111,1149.59,107.73,40.70,94.82,0.2121,1,-1,-1
535,55,1138.94,58.84,33.69,75.72,0.2666,1,-1,-1
535,75,1475.57,489.89,70.22,126.38,0.6058,1,-1,-1
536,35,854.71,602.11,41.76,119.94,0.7326,1,-1,-1
536,36,916.35,628.41,59.21,124.89,0.2910,2,-1,-1
536,44,651.03,414.37,46.25,108.31,0.4436,1,-1,-1
536,37,968.80,320.57,43.31,103.75,0.8019,1,-1,-1
536,75,1484.57,493.63,68.97,124.31,0.6169,1,-1,-1
537,35,862.16,601.36,41.49,119.97,0.7025,1,-1,-1
537,36,929.83,628.61,58.37,122.24,0.4707,2,-1,-1
537,44,661.58,413.95,46.38,107.88,0.5832,1,-1,-1
537,37,978.56,321.05,44.26,104.51,0.8233,1,-1,-1
537,75,1495.18,494.29,69.22,124.86,0.4678,1,-1,-1
538,35,870.74,601.80,41.99,120.74,0.6860,1,-1,-1
538,36,938.17,629.16,58.36,121.44,0.5156,2,-1,-1
538,44,672.81,413.46,46.56,108.15,0.6740,1,-1,-1
538,37,989.32,322.17,45.04,104.48,0.8176,1,-1,-1
538,75,1505.90,494.53,70.03,126.75,0.6993,1,-1,-1
539,35,881.08,601.59,41.80,119.67,0.7372,1,-1,-1
539,36,944.81,629.09,58.57,121.84,0.4225,2,-1,-1
539,44,683.36,412.17,47.35,109.42,0.4922,1,-1,-1
539,37,999.68,322.95,46.10,105.27,0.8344,1,-1,-1
539,75,1516.37,497.77,72.01,130.47,0.3702,1,-1,-1
540,35,890.15,600.99,42.06,119.81,0.6514,1,-1,-1
540,36,956.81,629.15,58.71,121.49,0.4824,2,-1,-1
540,44,699.23,410.99,48.32,108.20,0.4971,1,-1,-1
540,37,1011.42,323.50,47.16,105.92,0.8129,1,-1,-1
540,75,1528.25,498.60,72.32,131.19,0.6976,1,-1,-1
541,35,900.69,600.37,43.13,121.42,0.7264,1,-1,-1
541,36,964.85,630.09,60.45,123.93,0.5429,2,-1,-1
541,44,712.76,410.27,49.76,107.28,0.5870,1,-1,-1
541,37,1020.98,323.79,47.90,106.46,0.8387,1,-1,-1
542,35,908.82,600.60,42.71,120.20,0.7025,1,-1,-1
542,36,974.56,630.26,60.82,122.75,0.5679,2,-1,-1
542,44,728.69,409.87,51.47,105.30,0.5195,1,-1,-1
542,37,1032.20,324.77,47.76,105.10,0.8322,1,-1,-1
542,75,1551.79,503.58,73.27,132.97,0.6602,1,-1,-1
543,35,917.23,600.58,42.57,119.44,0.7025,1,-1,-1
543,36,985.84,630.83,59.03,118.74,0.6893,2,-1,-1
543,44,732.98,409.40,52.06,105.03,0.6261,1,-1,-1
543,37,1042.01,324.41,48.30,105.66,0.7931,1,-1,-1
543,75,1566.20,504.55,67.86,121.32,0.5506,1,-1,-1
544,35,926.04,600.71,43.20,120.60,0.7264,1,-1,-1
544,36,990.69,631.43,60.09,120.69,0.4571,2,-1,-1
544,44,747.61,408.97,54.07,104.19,0.5390,1,-1,-1
544,37,1052.09,324.82,48.60,105.28,0.8032,1,-1,-1
544,75,1574.80,509.33,72.74,130.04,0.5332,1,-1,-1
545,35,933.59,600.55,42.87,120.20,0.7058,1,-1,-1
545,36,998.59,631.29,60.13,121.12,0.5983,2,-1,-1
545,44,759.42,409.00,57.60,105.07,0.6910,1,-1,-1
545,37,1062.89,325.08,49.53,106.48,0.8019,1,-1,-1
545,75,1584.76,511.86,73.52,131.22,0.3998,1,-1,-1
546,35,941.21,600.67,42.98,120.21,0.6567,1,-1,-1
546,36,1002.20,632.39,62.26,122.95,0.3812,2,-1,-1
546,44,767.85,408.45,60.62,104.81,0.5737,1,-1,-1
546,37,1072.90,327.16,49.42,105.05,0.8222,1,-1,-1
546,75,1593.43,514.79,77.36,138.22,0.3720,1,-1,-1
547,35,949.51,600.75,43.76,121.39,0.7154,1,-1,-1
547,36,1010.02,632.96,62.95,123.53,0.3849,2,-1,-1
547,44,776.53,408.71,63.17,104.66,0.7718,1,-1,-1
547,37,1083.59,325.70,50.83,107.26,0.7564,1,-1,-1
547,75,1605.90,517.70,74.05,131.25,0.4121,1,-1,-1
548,35,957.21,600.79,43.24,120.28,0.7233,1,-1,-1
548,36,1017.63,632.52,62.08,121.28,0.5039,2,-1,-1
548,44,786.61,407.82,66.41,105.28,0.6758,1,-1,-1
548,37,1093.70,328.25,50.11,105.09,0.8187,1,-1,-1
549,35,964.66,601.21,43.22,119.67,0.6424,1,-1,-1
549,36,1026.28,633.51,63.45,121.83,0.6002,2,-1,-1
549,44,791.24,407.87,66.18,103.73,0.5679,1,-1,-1
549,37,1105.98,329.62,50.08,104.34,0.7905,1,-1,-1
549,75,1625.45,519.48,76.85,136.31,0.6077,1,-1,-1
550,35,971.89,601.50,43.69,120.58,0.6809,1,-1,-1
550,36,1034.26,633.73,63.99,122.58,0.5603,2,-1,-1
550,44,805.80,406.98,68.86,105.13,0.7202,1,-1,-1
550,37,1116.95,330.38,49.96,103.49,0.8007,1,-1,-1
551,35,979.70,601.88,42.74,118.44,0.7138,1,-1,-1
551,36,1037.67,633.51,66.20,125.41,0.6976,2,-1,-1
551,44,811.93,406.25,71.21,105.60,0.6316,1,-1,-1
551,37,1129.41,330.67,50.61,104.39,0.8032,1,-1,-1
552,35,986.05,601.61,42.82,119.21,0.6775,1,-1,-1
552,36,1043.14,633.81,67.77,126.72,0.7840,2,-1,-1
552,44,818.97,405.25,73.85,107.02,0.6095,1,-1,-1
552,37,1140.07,331.44,50.71,105.04,0.7931,1,-1,-1
553,35,993.21,601.87,43.72,121.18,0.6689,1,-1,-1
553,36,1051.44,634.27,67.91,127.13,0.2075,1,-1,-1
553,44,829.26,404.58,76.21,108.99,0.4932,1,-1,-1
553,37,1151.28,333.10,51.03,106.24,0.7578,1,-1,-1
554,35,1002.00,602.48,43.92,120.24,0.7202,1,-1,-1
554,36,1058.65,634.95,68.93,127.13,0.6876,2,-1,-1
554,44,835.23,403.76,78.41,109.10,0.4244,1,-1,-1
554,37,1160.51,333.82,51.40,107.99,0.7677,1,-1,-1
555,35,1008.51,602.76,43.18,119.26,0.6843,1,-1,-1
555,36,1066.19,635.32,70.31,127.48,0.7506,2,-1,-1
555,44,842.80,402.82,79.99,109.78,0.7009,1,-1,-1
555,37,1170.85,335.58,51.52,109.23,0.7813,1,-1,-1
556,35,1015.08,603.21,43.45,119.79,0.7058,1,-1,-1
556,36,1072.57,636.96,70.19,126.58,0.6352,2,-1,-1
556,44,855.69,402.79,79.37,111.64,0.3748,1,-1,-1
556,37,1181.46,336.57,50.89,108.20,0.7663,1,-1,-1
557,35,1023.54,603.69,44.00,119.98,0.7202,1,-1,-1
557,36,1077.54,637.75,70.36,126.04,0.5603,1,-1,-1
557,44,862.35,401.66,79.55,112.90,0.5983,1,-1,-1
557,37,1189.83,338.58,51.12,108.52,0.8164,1,-1,-1
558,35,1030.89,604.15,43.38,118.90,0.7447,1,-1,-1
558,36,1085.10,638.16,70.94,125.42,0.6442,2,-1,-1
558,44,872.01,402.02,79.14,114.40,0.4417,1,-1,-1
558,37,1199.13,339.91,51.82,110.01,0.8105,1,-1,-1
559,35,1037.48,604.58,43.88,120.10,0.7009,1,-1,-1
559,36,1091.92,638.97,71.12,124.97,0.5312,2,-1,-1
559,44,889.16,402.48,76.56,115.28,0.4349,1,-1,-1
559,37,1207.77,340.44,52.08,110.93,0.8105,1,-1,-1
559,75,1726.30,553.35,78.90,138.57,0.5487,1,-1,-1
560,35,1044.27,605.58,44.48,120.37,0.6926,1,-1,-1
560,36,1099.45,639.57,72.11,125.66,0.5545,1,-1,-1
560,44,903.03,401.32,75.50,118.07,0.5583,1,-1,-1
560,37,1216.79,342.76,52.10,110.00,0.8152,1,-1,-1
561,35,1050.56,605.66,44.47,119.78,0.7170,1,-1,-1
561,36,1107.30,640.58,72.79,125.30,0.6758,2,-1,-1
561,44,913.08,401.42,73.87,120.41,0.2088,1,-1,-1
561,37,1226.60,346.45,51.98,108.89,0.8470,1,-1,-1
562,35,1057.11,605.49,44.37,120.36,0.6976,1,-1,-1
562,36,1116.19,642.06,72.82,124.85,0.7025,2,-1,-1
562,44,921.93,399.85,73.07,124.36,0.5215,1,-1,-1
562,37,1235.52,348.60,51.83,107.62,0.7677,1,-1,-1
563,35,1065.26,606.01,44.59,120.98,0.7138,1,-1,-1
563,36,1122.44,642.56,73.22,125.70,0.5775,1,-1,-1
563,44,933.49,404.08,63.89,113.30,0.5156,1,-1,-1
563,37,1244.78,350.19,52.20,107.26,0.8164,1,-1,-1
564,35,1072.43,606.75,44.63,120.28,0.7387,1,-1,-1
564,36,1127.33,643.28,73.40,125.87,0.5448,2,-1,-1
564,44,945.52,406.03,62.02,113.23,0.3285,1,-1,-1
564,37,1254.04,351.17,53.07,108.70,0.8093,1,-1,-1
565,35,1078.70,606.85,43.71,118.13,0.6976,1,-1,-1
565,36,1133.05,644.83,73.97,125.28,0.5737,2,-1,-1
565,44,954.45,408.43,62.73,117.46,0.6280,1,-1,-1
565,37,1262.39,352.88,53.19,108.38,0.7994,1,-1,-1
566,35,1086.25,607.26,44.82,120.18,0.7491,1,-1,-1
566,36,1139.82,646.04,74.45,125.05,0.6132,2,-1,-1
566,44,961.64,410.48,61.06,116.81,0.5020,1,-1,-1
566,37,1273.00,354.40,53.32,108.97,0.7387,1,-1,-1
566,75,1795.90,584.67,78.07,131.92,0.6567,1,-1,-1
567,35,1092.89,608.17,46.18,121.53,0.6689,1,-1,-1
567,36,1152.76,647.43,77.59,125.77,0.6132,2,-1,-1
567,44,969.17,411.45,60.06,116.04,0.6002,1,-1,-1
567,37,1282.86,355.47,53.34,109.83,0.7773,1,-1,-1
568,35,1099.84,609.29,45.26,118.85,0.6619,1,-1,-1
568,36,1156.19,648.63,77.25,124.09,0.7138,2,-1,-1
568,44,976.49,412.71,58.68,114.22,0.5545,1,-1,-1
568,37,1295.39,356.47,52.94,110.55,0.7249,1,-1,-1
569,35,1108.92,610.06,46.42,120.98,0.7058,1,-1,-1
569,36,1161.78,649.62,76.70,122.29,0.7432,2,-1,-1
569,44,986.18,414.66,54.57,105.95,0.6252,1,-1,-1
569,37,1307.59,358.83,51.86,109.46,0.8019,1,-1,-1
569,75,1826.14,590.74,83.13,137.87,0.4523,1,-1,-1
570,35,1115.39,611.11,47.16,121.94,0.6792,1,-1,-1
570,36,1170.39,650.82,76.41,123.22,0.6960,2,-1,-1
570,44,999.84,415.53,53.85,106.37,0.5351,1,-1,-1
570,37,1320.93,360.85,51.17,108.96,0.8129,1,-1,-1
570,75,1835.18,596.09,84.33,139.64,0.3074,1,-1,-1
571,35,1124.53,611.52,46.62,120.45,0.6860,1,-1,-1
571,36,1177.04,651.29,77.35,124.20,0.5351,2,-1,-1
571,44,1010.83,417.25,54.80,109.08,0.5564,1,-1,-1
571,37,1333.69,362.58,50.21,107.90,0.8056,1,-1,-1
572,35,1134.49,612.36,47.39,121.53,0.7202,1,-1,-1
572,36,1186.77,652.40,78.39,124.88,0.5794,2,-1,-1
572,44,1018.93,417.83,55.80,111.04,0.3794,1,-1,-1
572,37,1346.67,364.60,49.59,107.18,0.7969,1,-1,-1
573,35,1143.72,612.57,47.45,121.61,0.7042,1,-1,-1
573,36,1197.49,653.67,79.24,126.28,0.6584,2,-1,-1
573,44,1030.35,420.48,56.45,111.45,0.6334,1,-1,-1
573,37,1358.76,368.03,49.17,106.05,0.8044,1,-1,-1
574,35,1153.30,614.14,47.62,121.86,0.7154,1,-1,-1
574,36,1207.32,655.07,79.03,125.19,0.7705,2,-1,-1
574,44,1043.09,422.92,55.80,110.39,0.5117,1,-1,-1
574,37,1371.92,371.25,49.64,106.59,0.8081,1,-1,-1
575,35,1162.81,616.32,47.17,120.04,0.7138,1,-1,-1
575,36,1216.02,656.84,79.24,125.96,0.6478,2,-1,-1
575,44,1056.90,425.01,54.87,109.18,0.5851,1,-1,-1
575,37,1384.38,375.11,50.31,106.28,0.8199,1,-1,-1
576,35,1172.23,616.96,47.60,120.47,0.7417,1,-1,-1
576,36,1225.58,658.18,80.63,127.18,0.6132,2,-1,-1
576,44,1068.51,426.21,53.80,107.17,0.3225,2,-1,-1
576,37,1397.66,376.21,52.20,108.70,0.7969,1,-1,-1
577,35,1181.41,618.47,47.83,120.53,0.6809,1,-1,-1
577,36,1236.10,660.44,80.63,126.70,0.7009,2,-1,-1
577,44,1082.21,426.95,54.83,109.90,0.5293,1,-1,-1
577,37,1410.50,379.14,53.11,108.77,0.7957,1,-1,-1
578,35,1191.71,620.44,47.50,119.23,0.7476,1,-1,-1
578,36,1247.62,661.56,82.06,128.31,0.6478,2,-1,-1
578,44,1096.04,427.96,54.95,111.47,0.5234,1,-1,-1
578,37,1422.20,380.95,54.90,110.87,0.8117,1,-1,-1
579,35,1202.21,621.92,48.04,120.44,0.6654,1,-1,-1
579,36,1255.57,663.57,81.33,126.01,0.7154,2,-1,-1
579,44,1110.50,428.45,54.41,111.82,0.7074,1,-1,-1
579,37,1435.37,385.31,55.97,111.01,0.8256,1,-1,-1
580,35,1211.20,623.39,49.12,121.96,0.7217,1,-1,-1
580,36,1264.79,665.03,80.59,125.80,0.6151,2,-1,-1
580,44,1123.25,429.56,54.61,113.63,0.6671,1,-1,-1
580,37,1447.34,388.00,57.72,112.79,0.8187,1,-1,-1
581,35,1220.47,624.12,49.42,122.07,0.7476,1,-1,-1
581,36,1274.21,667.46,81.17,125.44,0.6058,2,-1,-1
581,44,1135.59,430.51,54.20,113.80,0.7042,1,-1,-1
581,37,1459.08,390.90,58.75,113.01,0.8643,1,-1,-1
582,35,1231.21,626.25,49.99,122.17,0.7090,1,-1,-1
582,36,1283.34,671.14,80.45,123.82,0.5234,2,-1,-1
582,44,1148.24,432.76,52.60,111.24,0.7202,1,-1,-1
582,37,1472.11,393.98,59.75,112.61,0.8245,1,-1,-1
583,35,1239.69,627.49,50.76,123.42,0.7592,1,-1,-1
583,36,1295.21,672.51,82.32,125.31,0.5870,2,-1,-1
583,44,1160.52,435.80,51.73,109.04,0.6602,1,-1,-1
583,37,1484.74,396.23,61.06,113.01,0.8568,1,-1,-1
584,35,1251.32,629.70,50.66,121.99,0.7233,1,-1,-1
584,36,1303.47,674.09,82.31,124.88,0.6460,2,-1,-1
584,44,1171.65,437.82,50.81,107.32,0.7520,1,-1,-1
584,37,1499.23,399.80,61.97,112.77,0.8199,1,-1,-1
585,35,1260.02,630.67,51.08,122.26,0.7280,1,-1,-1
585,36,1311.70,675.93,83.11,126.63,0.5964,2,-1,-1
585,44,1183.82,439.58,51.32,107.28,0.7170,1,-1,-1
585,37,1513.06,402.69,62.86,112.57,0.7892,1,-1,-1
586,35,1270.32,632.79,51.62,123.10,0.7372,1,-1,-1
586,36,1321.95,678.02,85.00,128.58,0.6388,2,-1,-1
586,44,1194.67,441.04,51.42,107.11,0.7813,1,-1,-1
586,37,1526.13,402.33,66.17,117.78,0.8289,1,-1,-1
587,35,1279.93,635.24,52.06,123.01,0.7691,1,-1,-1
587,36,1332.28,681.46,83.92,127.31,0.6039,2,-1,-1
587,44,1206.89,443.84,52.42,108.01,0.7535,1,-1,-1
587,37,1542.31,407.51,65.13,114.70,0.8044,1,-1,-1
588,35,1289.23,636.64,52.36,123.07,0.7994,1,-1,-1
588,36,1343.62,684.19,83.68,126.78,0.6926,2,-1,-1
588,44,1218.75,446.08,52.31,107.18,0.7249,1,-1,-1
588,37,1556.33,410.70,65.45,114.44,0.8129,1,-1,-1
589,35,1299.46,638.94,52.40,123.14,0.7280,1,-1,-1
589,36,1352.51,686.35,83.68,126.73,0.5039,2,-1,-1
589,44,1230.52,447.71,55.31,111.93,0.7549,1,-1,-1
589,37,1573.26,415.24,64.79,112.46,0.8267,1,-1,-1
590,35,1308.41,640.81,52.85,123.22,0.7417,1,-1,-1
590,36,1361.70,687.93,84.60,127.57,0.6352,2,-1,-1
590,44,1242.29,449.57,56.02,111.90,0.5448,1,-1,-1
590,37,1588.74,420.21,64.13,111.26,0.8199,1,-1,-1
591,35,1319.74,642.91,53.23,123.71,0.6478,1,-1,-1
591,36,1371.47,690.89,84.91,126.84,0.6723,2,-1,-1
591,44,1253.18,451.65,59.25,116.92,0.5254,1,-1,-1
591,37,1604.38,423.88,64.85,113.15,0.8278,1,-1,-1
592,35,1329.23,645.06,53.36,122.90,0.7520,1,-1,-1
592,36,1385.89,695.00,83.80,124.69,0.6723,2,-1,-1
592,44,1265.40,452.36,62.39,121.91,0.6243,1,-1,-1
592,37,1619.16,427.47,66.39,116.60,0.8289,1,-1,-1
593,35,1339.99,647.46,53.68,122.46,0.7356,1,-1,-1
593,36,1394.99,697.79,83.58,123.83,0.7138,2,-1,-1
593,44,1278.01,455.03,62.23,120.57,0.6584,1,-1,-1
593,37,1633.71,432.61,66.89,118.41,0.7957,1,-1,-1
594,35,1349.97,649.47,54.86,124.56,0.7866,1,-1,-1
594,36,1404.81,699.93,83.08,123.77,0.5889,2,-1,-1
594,44,1292.45,457.52,61.55,118.58,0.7311,1,-1,-1
594,37,1648.35,435.17,68.50,122.28,0.7982,1,-1,-1
595,35,1359.39,652.29,55.21,124.40,0.7691,1,-1,-1
595,36,1413.49,701.87,85.91,127.47,0.6424,2,-1,-1
595,44,1306.68,460.67,59.85,115.25,0.6370,1,-1,-1
595,37,1661.73,440.49,68.13,122.06,0.8233,1,-1,-1
596,35,1370.06,654.62,55.61,123.88,0.7506,1,-1,-1
596,36,1424.51,705.32,86.13,127.62,0.6021,2,-1,-1
596,44,1322.83,462.51,59.55,115.83,0.6002,1,-1,-1
596,37,1675.19,445.33,68.75,123.34,0.8366,1,-1,-1
597,35,1379.03,656.08,56.47,124.83,0.7773,1,-1,-1
597,36,1434.51,708.31,87.12,128.08,0.6406,2,-1,-1
597,44,1337.05,464.04,59.45,117.17,0.7042,1,-1,-1
597,37,1688.63,450.02,69.41,123.68,0.7982,1,-1,-1
598,35,1389.98,659.00,56.45,124.08,0.8141,1,-1,-1
598,36,1443.59,711.42,86.78,126.94,0.5851,2,-1,-1
598,44,1350.32,467.28,58.97,117.52,0.7853,1,-1,-1
598,37,1703.94,455.94,67.42,119.01,0.7957,1,-1,-1
599,35,1398.86,661.09,57.26,124.74,0.7827,1,-1,-1
599,36,1454.76,714.73,86.93,126.60,0.6584,2,-1,-1
599,44,1363.97,470.77,58.99,118.96,0.7800,1,-1,-1
599,37,1717.25,460.50,67.14,117.27,0.8164,1,-1,-1
600,35,1409.64,664.00,57.23,123.71,0.7800,1,-1,-1
600,36,1465.04,719.17,87.50,126.15,0.5775,2,-1,-1
600,44,1376.77,473.99,59.43,121.36,0.7853,1,-1,-1
600,37,1729.79,464.69,70.63,122.81,0.8019,1,-1,-1
601,35,1419.75,666.35,57.68,123.57,0.7746,1,-1,-1
601,36,1475.93,721.95,87.98,126.92,0.5813,2,-1,-1
601,44,1388.91,476.90,59.67,122.78,0.7461,1,-1,-1
601,37,1742.84,470.03,71.93,125.06,0.7969,1,-1,-1
602,35,1429.57,669.32,58.33,123.82,0.7476,1,-1,-1
602,36,1487.14,724.54,87.95,126.94,0.7009,2,-1,-1
602,44,1401.82,480.94,57.98,119.98,0.7186,1,-1,-1
602,37,1759.35,475.24,71.37,124.93,0.7663,1,-1,-1
603,35,1439.91,672.61,59.26,124.21,0.7635,1,-1,-1
603,36,1496.02,727.57,89.09,128.17,0.6334,2,-1,-1
603,44,1414.25,485.38,57.74,119.35,0.7249,1,-1,-1
603,37,1774.57,480.65,70.79,124.38,0.7578,1,-1,-1
604,35,1448.37,674.89,60.51,125.73,0.8105,1,-1,-1
604,36,1506.73,730.77,89.65,128.26,0.6388,2,-1,-1
604,44,1424.63,487.84,59.87,123.66,0.7249,1,-1,-1
604,37,1789.04,485.50,70.74,124.82,0.7944,1,-1,-1
605,35,1457.73,677.49,61.01,125.28,0.7827,1,-1,-1
605,36,1514.81,734.66,89.36,127.48,0.5351,2,-1,-1
605,44,1434.56,491.44,62.30,128.31,0.7944,1,-1,-1
605,37,1804.29,490.07,70.04,123.89,0.7853,1,-1,-1
606,35,1467.09,679.13,62.32,127.13,0.8081,1,-1,-1
606,36,1525.04,738.65,89.24,126.09,0.6792,2,-1,-1
606,44,1445.03,495.67,62.85,128.92,0.7759,1,-1,-1
606,37,1819.96,494.17,70.50,125.61,0.8056,1,-1,-1
607,35,1476.41,682.62,62.54,126.23,0.7969,1,-1,-1
607,36,1538.12,743.78,87.70,124.00,0.6740,2,-1,-1
607,44,1456.04,499.35,63.62,129.72,0.8267,1,-1,-1
607,37,1832.97,499.13,71.84,128.52,0.7994,1,-1,-1
608,35,1485.86,685.59,63.37,127.33,0.7957,1,-1,-1
608,36,1544.07,746.28,89.91,126.14,0.5964,2,-1,-1
608,44,1468.25,504.16,62.97,127.55,0.7170,1,-1,-1
608,37,1847.99,504.85,69.47,124.47,0.7058,1,-1,-1
609,35,1494.80,688.75,64.00,127.52,0.8019,1,-1,-1
609,36,1554.54,749.46,90.55,125.88,0.5794,2,-1,-1
609,44,1478.72,508.73,62.96,125.98,0.7356,1,-1,-1
609,37,1859.05,509.29,67.84,123.29,0.6619,1,-1,-1
610,35,1504.15,691.59,64.90,128.38,0.7813,1,-1,-1
610,36,1564.47,752.80,92.11,126.96,0.6654,2,-1,-1
610,44,1490.21,511.42,63.26,125.08,0.7217,1,-1,-1
610,37,1867.59,519.39,64.95,121.42,0.6334,1,-1,-1
611,35,1513.77,694.20,64.64,126.64,0.8355,1,-1,-1
611,36,1573.96,756.32,92.87,127.47,0.5832,2,-1,-1
611,44,1500.45,514.47,64.39,125.15,0.7705,1,-1,-1
611,37,1875.18,525.68,61.52,120.09,0.6039,1,-1,-1
612,35,1522.59,696.64,65.92,127.97,0.8044,1,-1,-1
612,36,1584.10,760.59,92.31,125.52,0.7138,2,-1,-1
612,44,1509.85,518.26,65.72,125.57,0.7461,1,-1,-1
613,35,1530.75,699.84,66.82,128.48,0.8210,1,-1,-1
613,36,1590.72,764.21,92.92,125.09,0.6689,2,-1,-1
613,44,1520.78,522.07,66.49,124.76,0.7417,1,-1,-1
614,35,1538.75,701.55,67.68,129.06,0.8019,1,-1,-1
614,36,1600.22,768.32,93.10,124.48,0.3923,2,-1,-1
614,44,1529.16,525.43,68.75,126.67,0.6926,1,-1,-1
615,35,1546.59,704.93,67.93,128.61,0.7905,1,-1,-1
615,36,1611.61,771.92,94.36,125.58,0.6584,2,-1,-1
615,44,1540.22,528.43,68.39,124.21,0.3998,1,-1,-1
616,35,1554.78,707.11,69.19,130.40,0.8105,1,-1,-1
616,36,1616.71,775.72,96.11,126.06,0.6114,2,-1,-1
616,44,1560.91,532.58,64.73,119.37,0.5254,1,-1,-1
617,35,1563.65,711.66,68.71,128.33,0.7746,1,-1,-1
617,36,1630.24,779.87,95.25,125.09,0.6132,2,-1,-1
617,44,1574.42,535.50,64.57,120.43,0.5525,1,-1,-1
618,35,1573.37,714.77,68.68,127.21,0.8152,1,-1,-1
618,36,1637.95,785.80,93.87,123.08,0.5660,2,-1,-1
618,44,1586.13,539.96,63.94,120.39,0.6876,1,-1,-1
619,35,1581.38,717.39,70.05,128.94,0.8093,1,-1,-1
619,36,1645.40,789.87,93.54,122.33,0.3794,2,-1,-1
619,44,1597.21,543.46,63.16,119.73,0.6976,1,-1,-1
620,35,1589.86,720.07,70.56,129.08,0.7813,1,-1,-1
620,36,1656.60,793.62,93.16,121.66,0.6058,2,-1,-1
620,44,1607.44,546.60,65.02,122.64,0.6876,1,-1,-1
621,35,1597.95,723.54,71.77,129.96,0.7931,1,-1,-1
621,36,1664.52,797.89,94.89,122.26,0.5467,2,-1,-1
621,44,1617.12,550.48,66.79,126.09,0.7476,1,-1,-1
622,35,1606.45,725.77,72.02,129.57,0.7957,1,-1,-1
622,36,1673.85,800.45,95.68,122.52,0.4111,2,-1,-1
622,44,1628.48,554.80,66.82,125.08,0.6460,1,-1,-1
623,35,1615.09,729.59,72.40,129.58,0.8019,1,-1,-1
623,36,1682.14,802.22,97.49,125.13,0.5059,2,-1,-1
623,44,1639.36,558.69,70.80,130.11,0.6619,1,-1,-1
624,35,1623.54,732.67,72.75,129.08,0.8355,1,-1,-1
624,36,1689.15,808.82,96.89,123.18,0.3739,2,-1,-1
624,44,1649.39,563.68,69.67,125.59,0.6442,1,-1,-1
625,35,1632.81,736.75,72.59,127.54,0.8187,1,-1,-1
625,36,1702.05,813.14,96.35,122.15,0.6370,2,-1,-1
625,44,1665.17,568.14,73.51,126.86,0.5351,1,-1,-1
626,35,1641.54,739.98,74.31,129.32,0.8056,1,-1,-1
626,36,1709.50,817.31,97.83,122.90,0.6280,2,-1,-1
626,44,1677.08,572.13,77.92,128.88,0.7853,1,-1,-1
627,35,1649.23,742.69,75.98,131.36,0.8333,1,-1,-1
627,36,1714.50,821.13,99.51,122.56,0.4321,2,-1,-1
627,44,1682.81,576.45,80.88,130.48,0.5889,1,-1,-1
628,35,1658.29,746.16,75.52,129.37,0.7827,1,-1,-1
628,36,1728.35,824.09,98.20,122.12,0.5273,2,-1,-1
628,44,1692.93,581.00,82.19,129.98,0.7592,1,-1,-1
629,35,1666.38,749.12,77.29,131.45,0.8311,1,-1,-1
629,36,1733.61,829.77,98.69,122.21,0.4844,2,-1,-1
629,44,1700.51,584.71,83.80,129.84,0.7663,1,-1,-1
630,35,1675.48,752.44,77.87,131.29,0.8199,1,-1,-1
630,36,1740.25,834.31,100.36,122.78,0.5215,2,-1,-1
630,44,1712.81,589.21,86.78,131.45,0.7549,1,-1,-1
631,35,1683.28,756.03,79.32,132.86,0.7827,1,-1,-1
631,36,1749.38,838.74,100.45,121.32,0.5927,2,-1,-1
631,44,1726.11,593.70,86.08,127.28,0.6280,1,-1,-1
632,35,1692.55,759.92,78.46,130.19,0.8056,1,-1,-1
632,36,1755.94,843.13,99.40,120.57,0.1196,1,-1,-1
632,44,1735.45,598.97,86.47,126.58,0.7918,1,-1,-1
633,35,1702.13,763.76,79.15,130.06,0.7994,1,-1,-1
633,36,1762.74,846.52,102.08,122.53,0.3612,2,-1,-1
633,44,1750.98,602.96,88.50,126.55,0.6876,1,-1,-1
634,35,1710.34,767.37,81.52,132.89,0.7866,1,-1,-1
634,36,1774.63,851.37,101.32,122.49,0.5506,2,-1,-1
634,44,1750.37,606.44,100.83,142.90,0.5583,1,-1,-1
635,35,1718.06,769.57,83.09,134.27,0.8164,1,-1,-1
635,36,1784.90,856.26,102.27,121.98,0.2689,2,-1,-1
635,44,1767.48,611.28,93.64,132.02,0.6151,1,-1,-1
636,35,1727.26,773.64,83.13,133.37,0.8093,1,-1,-1
636,36,1798.00,860.05,104.67,122.66,0.5273,2,-1,-1
636,44,1783.29,615.93,91.73,129.11,0.7564,1,-1,-1
637,35,1735.37,778.40,84.04,134.28,0.7592,1,-1,-1
637,36,1806.41,865.15,106.39,122.87,0.5622,2,-1,-1
637,44,1795.16,620.93,92.47,129.45,0.4971,1,-1,-1
638,35,1743.75,781.04,84.64,134.14,0.8267,1,-1,-1
638,36,1804.21,869.44,137.43,165.72,0.5312,1,-1,-1
638,44,1808.18,626.40,93.23,129.69,0.4883,1,-1,-1
639,35,1754.91,786.57,83.42,130.76,0.7621,1,-1,-1
639,36,1803.75,873.16,143.08,178.37,0.5679,2,-1,-1
639,44,1824.37,631.55,91.90,127.15,0.4359,1,-1,-1
640,35,1763.02,790.23,86.03,133.97,0.7827,1,-1,-1
640,44,1830.88,636.27,94.95,132.73,0.6442,2,-1,-1
641,35,1772.34,794.23,87.39,134.76,0.7311,1,-1,-1
641,44,1832.30,642.04,101.44,145.18,0.4844,2,-1,-1
642,35,1782.29,798.70,88.39,135.42,0.7718,1,-1,-1
642,44,1837.17,645.95,100.57,148.14,0.4292,1,-1,-1
643,35,1792.10,803.53,89.50,135.91,0.8152,1,-1,-1
643,44,1837.75,658.39,103.16,157.23,0.1778,1,-1,-1
644,35,1804.13,809.29,89.79,135.55,0.7918,1,-1,-1
645,35,1815.82,815.44,92.06,137.37,0.7705,1,-1,-1
646,35,1827.29,821.59,91.95,137.36,0.7866,1,-1,-1
694,136,7.95,518.03,79.30,107.57,0.7535,1,-1,-1
695,136,18.79,513.21,81.82,110.82,0.6567,1,-1,-1
696,136,31.40,510.20,82.21,110.90,0.4795,1,-1,-1
696,138,23.25,510.48,63.67,75.32,0.5341,1,-1,-1
697,136,44.93,502.36,82.54,110.80,0.1394,1,-1,-1
697,138,32.61,503.87,66.57,79.07,0.6379,1,-1,-1
698,136,56.01,497.72,82.96,110.85,0.3268,1,-1,-1
698,138,44.31,498.29,70.24,83.82,0.4961,1,-1,-1
698,139,5.59,702.41,67.85,100.42,0.5390,1,-1,-1
699,136,68.07,494.92,82.33,109.14,0.1362,1,-1,-1
699,138,56.27,495.78,67.51,81.02,0.6289,1,-1,-1
699,139,6.46,686.80,73.63,108.60,0.5254,1,-1,-1
700,136,80.25,491.71,80.43,105.78,0.2050,1,-1,-1
700,138,67.89,491.85,67.45,81.76,0.6645,1,-1,-1
700,139,8.15,678.07,75.89,111.17,0.4932,1,-1,-1
701,136,90.43,485.91,76.25,99.56,0.3268,1,-1,-1
701,138,77.48,485.73,69.10,84.89,0.7114,1,-1,-1
701,139,10.93,674.01,74.22,107.37,0.8568,1,-1,-1
702,136,102.63,481.82,78.51,101.10,0.6095,1,-1,-1
702,138,93.10,481.43,67.28,82.61,0.5361,1,-1,-1
702,139,15.28,670.56,64.86,91.73,0.5603,1,-1,-1
703,136,113.58,477.53,79.73,101.67,0.7649,1,-1,-1
703,138,105.64,477.94,69.50,85.74,0.3942,1,-1,-1
703,139,18.23,663.78,71.81,100.14,0.8256,1,-1,-1
704,136,123.56,473.17,79.03,100.52,0.7564,1,-1,-1
704,138,119.77,473.57,67.26,82.88,0.6160,1,-1,-1
704,139,23.44,656.19,76.07,104.61,0.7691,1,-1,-1
705,136,132.48,467.78,81.02,103.18,0.7718,1,-1,-1
705,139,32.03,650.51,77.99,105.30,0.7957,1,-1,-1
706,136,142.58,464.90,78.77,100.32,0.6860,1,-1,-1
706,139,40.56,643.03,81.34,108.15,0.8032,1,-1,-1
706,138,139.05,465.88,67.36,83.95,0.5898,1,-1,-1
707,136,150.15,460.61,78.79,100.66,0.7718,1,-1,-1
707,139,47.95,637.42,82.19,107.05,0.8470,1,-1,-1
707,138,148.19,461.17,65.61,82.21,0.3007,1,-1,-1
708,136,159.35,456.14,75.45,97.18,0.6893,1,-1,-1
708,139,54.98,630.82,82.18,104.34,0.6723,1,-1,-1
708,138,159.15,456.93,64.09,81.31,0.1495,1,-1,-1
709,136,167.59,452.24,76.33,99.34,0.7564,1,-1,-1
709,139,61.34,626.81,82.65,101.73,0.7853,1,-1,-1
710,136,177.07,448.55,77.09,101.62,0.6926,1,-1,-1
710,139,67.71,623.48,83.75,99.12,0.7773,1,-1,-1
711,136,188.03,446.18,77.35,103.10,0.6637,1,-1,-1
711,139,85.57,621.52,80.56,94.45,0.2401,1,-1,-1
712,136,198.45,441.77,78.55,105.59,0.8500,1,-1,-1
712,139,79.28,613.95,85.95,97.51,0.5409,1,-1,-1
713,136,210.20,439.37,78.25,105.80,0.8439,1,-1,-1
713,139,84.05,606.61,88.48,99.67,0.4436,1,-1,-1
714,136,220.43,435.32,78.18,106.29,0.8233,1,-1,-1
714,139,85.56,600.31,91.34,101.64,0.7866,1,-1,-1
715,136,231.86,431.33,77.46,105.76,0.8199,1,-1,-1
715,139,92.60,593.23,92.85,102.92,0.8470,1,-1,-1
716,136,242.10,426.91,77.60,106.02,0.8597,1,-1,-1
716,139,101.82,585.49,93.27,103.66,0.7535,1,-1,-1
717,136,252.92,421.10,77.92,106.55,0.8141,1,-1,-1
717,139,112.30,578.18,92.56,103.14,0.8117,1,-1,-1
718,136,262.77,415.99,78.06,106.83,0.7746,1,-1,-1
718,139,122.30,570.39,91.42,102.50,0.7372,1,-1,-1
718,138,262.85,415.53,67.74,86.14,0.4688,1,-1,-1
719,136,271.77,410.09,77.49,106.28,0.7663,1,-1,-1
719,139,131.07,563.94,90.28,101.54,0.7918,1,-1,-1
720,136,281.06,402.73,76.59,105.15,0.7853,1,-1,-1
720,139,138.47,558.23,89.21,101.03,0.8480,1,-1,-1
721,136,290.15,396.52,75.80,104.62,0.8311,1,-1,-1
721,139,148.56,552.66,88.13,100.32,0.8289,1,-1,-1
722,136,299.41,389.96,73.38,102.08,0.7759,1,-1,-1
722,139,161.44,547.59,86.78,99.38,0.8652,1,-1,-1
723,136,309.00,384.23,70.06,98.41,0.7677,1,-1,-1
723,139,170.36,541.79,88.07,101.08,0.8093,1,-1,-1
724,136,317.41,377.31,69.12,98.12,0.8222,1,-1,-1
724,139,179.62,536.33,87.16,99.51,0.7866,1,-1,-1
725,136,326.07,370.51,67.92,97.57,0.7759,1,-1,-1
725,139,188.77,530.08,88.36,100.69,0.8300,1,-1,-1
726,136,335.27,365.24,66.46,96.32,0.7476,1,-1,-1
726,139,195.05,523.37,90.18,103.09,0.8032,1,-1,-1
727,136,344.83,358.22,66.16,96.81,0.7773,1,-1,-1
727,139,200.81,516.92,90.41,103.94,0.7217,1,-1,-1
728,136,356.12,351.90,66.67,97.97,0.7677,1,-1,-1
728,139,205.49,510.36,90.01,104.27,0.7138,1,-1,-1
729,136,364.01,345.85,66.48,98.40,0.7564,1,-1,-1
729,139,211.00,503.50,88.71,104.54,0.7506,1,-1,-1
730,136,375.91,341.17,66.80,98.94,0.8117,1,-1,-1
730,139,220.71,495.82,86.33,102.60,0.8007,1,-1,-1
731,136,385.78,334.83,67.60,99.64,0.7564,1,-1,-1
731,139,227.16,488.70,87.58,104.08,0.6619,1,-1,-1
732,136,393.57,329.78,67.46,99.39,0.8141,1,-1,-1
732,139,236.68,479.43,87.72,104.43,0.6424,1,-1,-1
733,136,401.27,322.71,69.22,101.95,0.7944,1,-1,-1
733,139,245.40,471.80,87.53,104.05,0.6261,1,-1,-1
734,136,411.19,317.96,67.97,99.92,0.7295,1,-1,-1
734,139,248.71,463.82,88.50,106.72,0.6280,1,-1,-1
735,136,420.88,309.97,70.05,101.88,0.8500,1,-1,-1
735,139,255.41,458.61,86.43,104.23,0.6261,1,-1,-1
736,136,432.19,304.03,70.22,100.89,0.7417,1,-1,-1
736,139,258.68,451.97,85.16,104.63,0.6876,1,-1,-1
737,136,440.25,296.96,70.51,100.59,0.7090,1,-1,-1
737,139,268.09,447.52,81.47,102.25,0.6860,1,-1,-1
738,136,448.01,288.89,70.18,100.67,0.8007,1,-1,-1
738,139,272.35,441.06,80.80,103.09,0.6910,1,-1,-1
739,136,456.66,281.43,68.99,99.60,0.7853,1,-1,-1
739,139,276.94,433.94,80.45,103.44,0.7387,1,-1,-1
740,136,464.80,272.34,68.37,99.63,0.7813,1,-1,-1
740,139,284.32,426.24,78.63,102.24,0.7233,1,-1,-1
741,136,473.37,264.27,67.80,99.66,0.7905,1,-1,-1
741,139,293.25,417.86,77.04,102.62,0.7264,1,-1,-1
742,136,481.57,257.46,66.36,98.63,0.7592,1,-1,-1
742,139,304.55,410.30,74.01,101.98,0.6809,1,-1,-1
743,136,487.89,252.00,64.38,96.75,0.7866,1,-1,-1
743,139,315.09,402.07,72.38,103.48,0.7759,1,-1,-1
744,136,491.28,246.74,63.99,97.78,0.7417,1,-1,-1
744,139,324.10,394.99,70.37,104.67,0.7746,1,-1,-1
745,136,493.95,242.81,62.31,96.61,0.7461,1,-1,-1
745,139,331.65,389.49,67.67,104.26,0.7918,1,-1,-1
746,136,493.82,238.38,62.52,98.11,0.8044,1,-1,-1
746,139,336.72,384.62,64.78,103.03,0.7606,1,-1,-1
747,136,494.83,235.88,62.16,98.94,0.8044,1,-1,-1
747,139,341.08,379.99,62.37,101.50,0.7905,1,-1,-1
748,136,495.98,233.55,61.54,99.19,0.7635,1,-1,-1
748,139,344.88,376.06,60.70,100.83,0.7718,1,-1,-1
749,136,498.75,232.33,61.53,100.29,0.7295,1,-1,-1
749,139,346.95,372.99,59.90,100.78,0.7853,1,-1,-1
750,136,500.02,229.77,62.67,102.70,0.4610,1,-1,-1
750,139,349.76,370.71,59.78,100.89,0.6993,1,-1,-1
751,136,503.84,227.11,62.99,103.97,0.4158,1,-1,-1
751,139,356.03,368.17,60.95,102.98,0.3961,1,-1,-1
752,136,508.40,224.34,64.27,106.91,0.7217,1,-1,-1
752,139,363.88,365.36,62.34,105.36,0.5409,1,-1,-1
753,136,516.72,223.72,64.50,107.42,0.6654,1,-1,-1
753,139,375.39,365.63,61.48,103.49,0.5545,1,-1,-1
754,136,529.69,222.21,65.31,108.75,0.6114,1,-1,-1
754,139,387.91,348.55,69.28,117.32,0.3225,1,-1,-1
755,136,546.25,219.88,65.42,109.61,0.6809,1,-1,-1
756,136,566.96,218.30,64.48,107.44,0.4007,1,-1,-1
757,136,585.90,215.57,64.04,106.05,0.4737,1,-1,-1
758,136,604.01,209.14,65.91,109.78,0.5409,1,-1,-1
758,146,480.41,344.61,87.86,103.53,0.5737,1,-1,-1
759,136,621.59,208.42,61.17,102.63,0.5689,1,-1,-1
759,146,498.13,342.44,87.70,103.43,0.6132,1,-1,-1
760,136,635.64,199.85,66.70,112.58,0.5946,1,-1,-1
760,146,519.36,338.93,88.82,104.85,0.7264,1,-1,-1
761,136,647.57,193.25,69.35,117.50,0.7074,1,-1,-1
761,146,533.73,335.22,83.21,99.24,0.6123,1,-1,-1
762,136,661.15,193.16,68.09,115.97,0.6943,1,-1,-1
762,146,553.65,332.29,83.26,99.78,0.7326,1,-1,-1
763,136,673.90,193.30,65.61,112.62,0.5718,1,-1,-1
763,146,570.91,330.05,83.36,100.49,0.7090,1,-1,-1
764,136,684.12,193.35,63.11,109.77,0.5117,1,-1,-1
764,146,582.46,326.94,84.18,102.93,0.2870,1,-1,-1
765,136,698.18,194.90,58.18,103.87,0.5964,1,-1,-1
765,146,594.00,323.74,79.07,99.20,0.4292,1,-1,-1
766,136,710.29,195.69,54.50,99.90,0.7186,1,-1,-1
766,146,606.35,320.71,76.99,99.14,0.6361,1,-1,-1
767,136,721.39,195.87,51.79,97.35,0.6270,1,-1,-1
767,146,618.01,318.83,73.83,97.74,0.6234,1,-1,-1
768,136,727.85,195.72,50.66,97.07,0.6723,1,-1,-1
768,146,629.81,320.24,69.40,94.58,0.6215,1,-1,-1
769,136,733.46,193.60,50.63,98.83,0.6654,1,-1,-1
769,146,639.92,320.67,66.62,93.38,0.6067,1,-1,-1
770,136,738.60,192.62,50.22,99.91,0.6851,1,-1,-1
770,146,648.69,322.04,65.91,94.81,0.6325,1,-1,-1
771,136,743.76,192.87,49.21,99.75,0.7249,1,-1,-1
771,146,655.53,323.03,63.60,94.28,0.6289,1,-1,-1
772,136,750.09,190.83,49.64,101.20,0.5234,1,-1,-1
772,146,667.32,322.02,63.71,96.44,0.4620,1,-1,-1
773,136,762.00,190.98,48.90,99.95,0.3603,1,-1,-1
773,146,680.36,321.14,64.52,99.40,0.4893,1,-1,-1
774,136,778.96,188.80,50.00,101.70,0.4698,1,-1,-1
774,146,696.72,318.32,70.56,110.82,0.4407,1,-1,-1
775,136,796.96,186.95,50.27,101.63,0.1772,1,-1,-1
775,146,716.52,316.38,70.49,112.75,0.4177,1,-1,-1
776,136,817.60,185.49,50.94,102.17,0.3433,1,-1,-1
776,146,736.53,315.30,69.05,111.79,0.3979,1,-1,-1
777,136,835.13,183.58,51.18,102.63,0.3979,1,-1,-1
777,146,757.98,314.23,68.12,112.09,0.3730,1,-1,-1
778,136,853.03,182.97,50.38,101.36,0.5273,1,-1,-1
778,146,776.14,311.42,69.44,116.47,0.3657,1,-1,-1
779,136,868.71,182.86,49.62,100.26,0.6058,1,-1,-1
779,146,792.77,310.60,69.84,119.64,0.4417,1,-1,-1
780,136,884.18,184.79,47.70,96.76,0.7295,1,-1,-1
780,146,816.06,312.17,59.96,102.00,0.3451,1,-1,-1
781,136,898.33,183.84,47.05,96.08,0.6843,1,-1,-1
781,146,834.02,313.55,54.03,91.48,0.4961,1,-1,-1
782,136,911.28,182.64,46.69,96.40,0.6910,1,-1,-1
782,146,847.28,315.57,55.34,94.60,0.5917,1,-1,-1
783,136,923.73,184.20,45.91,94.93,0.7009,1,-1,-1
783,146,863.83,316.71,54.76,92.90,0.5651,1,-1,-1
784,136,936.32,183.89,46.14,95.81,0.6740,1,-1,-1
784,146,878.23,316.47,55.65,94.29,0.5727,1,-1,-1
785,136,948.23,183.92,45.58,94.91,0.7170,1,-1,-1
785,146,893.70,317.10,53.23,89.36,0.7249,1,-1,-1
786,136,959.34,183.66,45.00,94.64,0.6976,1,-1,-1
786,146,905.87,318.02,53.43,89.66,0.7264,1,-1,-1
787,136,969.39,183.58,45.60,95.72,0.6619,1,-1,-1
787,146,917.57,318.99,54.20,90.88,0.7387,1,-1,-1
788,136,977.08,182.72,45.89,96.23,0.6706,1,-1,-1
788,146,925.90,320.97,55.26,93.68,0.7461,1,-1,-1
789,136,986.83,184.38,45.56,96.70,0.6531,1,-1,-1
789,146,934.00,324.54,54.78,93.28,0.7677,1,-1,-1
790,136,993.98,184.83,46.89,101.01,0.7439,1,-1,-1
790,146,941.27,328.06,55.49,95.31,0.7621,1,-1,-1
791,136,1001.48,191.66,46.19,100.55,0.6549,1,-1,-1
791,146,946.06,336.76,57.43,99.99,0.6740,1,-1,-1
792,136,1008.75,197.68,45.34,100.99,0.6826,1,-1,-1
792,146,952.51,344.85,54.91,95.91,0.7447,1,-1,-1
793,136,1014.36,205.70,44.63,100.89,0.6132,1,-1,-1
793,146,955.17,353.98,55.94,98.79,0.7498,1,-1,-1
794,136,1019.18,216.13,43.58,100.32,0.5660,1,-1,-1
794,146,957.33,365.67,58.01,103.75,0.7009,1,-1,-1
795,136,1023.98,227.93,43.46,101.24,0.6531,1,-1,-1
795,146,959.35,376.90,59.39,107.08,0.7786,1,-1,-1
796,136,1028.75,239.70,42.82,100.99,0.6876,1,-1,-1
796,146,961.58,389.67,59.95,108.54,0.7106,1,-1,-1
797,136,1033.16,251.38,42.43,100.64,0.4883,1,-1,-1
797,146,964.41,402.25,60.26,109.15,0.6514,1,-1,-1
798,136,1039.25,263.88,42.71,100.49,0.6188,1,-1,-1
798,146,966.76,415.73,60.57,109.40,0.7025,1,-1,-1
799,136,1044.07,276.77,43.28,100.02,0.4494,1,-1,-1
799,146,974.68,429.66,54.28,95.79,0.3576,2,-1,-1
800,136,1048.75,289.47,43.82,100.04,0.6280,1,-1,-1
800,146,983.49,444.71,49.64,88.11,0.2095,2,-1,-1
801,136,1052.31,301.79,44.45,99.89,0.5699,1,-1,-1
801,146,983.65,457.53,50.84,88.35,0.3398,2,-1,-1
802,136,1054.31,313.73,44.99,100.44,0.5889,1,-1,-1
802,146,984.15,471.20,56.71,98.14,0.5332,1,-1,-1
803,136,1057.79,326.11,43.88,98.10,0.4893,1,-1,-1
803,146,988.25,483.21,56.83,97.37,0.5370,1,-1,-1
804,136,1059.80,338.75,43.67,97.93,0.5908,1,-1,-1
804,146,989.04,496.79,58.21,100.10,0.5176,1,-1,-1
805,136,1065.28,350.32,42.90,94.94,0.6602,1,-1,-1
805,146,992.83,510.22,56.62,97.98,0.6021,1,-1,-1
806,136,1068.45,360.83,42.78,93.55,0.6860,1,-1,-1
806,146,995.44,522.41,56.34,98.45,0.1427,10,-1,-1
807,136,1069.80,368.83,43.51,93.94,0.6834,1,-1,-1
807,146,999.79,532.73,56.34,97.66,0.6910,1,-1,-1
808,136,1073.39,374.83,42.93,93.10,0.6637,1,-1,-1
808,146,1000.35,541.83,55.79,96.00,0.6637,1,-1,-1
808,149,447.30,42.84,36.73,69.07,0.4941,1,-1,-1
809,136,1076.47,380.59,41.72,89.98,0.6388,1,-1,-1
809,146,999.81,548.92,55.48,95.28,0.7564,1,-1,-1
809,149,453.61,47.05,37.26,69.98,0.3766,1,-1,-1
810,136,1085.56,385.09,41.94,90.32,0.6993,1,-1,-1
810,146,1007.33,554.11,57.05,95.38,0.5756,1,-1,-1
811,146,1021.41,559.35,59.05,94.89,0.3612,1,-1,-1
826,158,1792.28,736.44,137.75,207.58,0.7106,4,-1,-1
827,158,1817.03,747.09,121.11,183.78,0.4591,4,-1,-1
851,164,429.75,558.12,71.51,126.54,0.6960,1,-1,-1
852,164,434.32,566.80,74.25,131.29,0.4484,1,-1,-1
852,165,435.24,666.29,74.98,111.14,0.5516,1,-1,-1
853,164,440.44,577.03,71.32,125.88,0.6132,1,-1,-1
853,165,444.16,668.44,77.49,115.23,0.1727,1,-1,-1
854,164,440.17,584.81,71.16,125.50,0.3531,1,-1,-1
854,165,460.33,674.93,81.51,121.60,0.1264,1,-1,-1
855,164,441.81,593.23,70.51,124.25,0.5603,1,-1,-1
855,165,475.80,679.49,85.47,126.76,0.1790,1,-1,-1
856,164,445.72,600.46,70.15,123.20,0.4932,1,-1,-1
856,165,475.93,693.63,82.45,122.79,0.3294,1,-1,-1
856,168,1823.80,168.36,46.62,73.24,0.5000,1,-1,-1
857,164,451.82,606.39,68.77,121.82,0.3942,1,-1,-1
857,165,473.63,702.05,80.46,121.44,0.3140,1,-1,-1
857,168,1825.86,175.57,46.47,73.02,0.7628,1,-1,-1
858,164,457.37,610.59,70.88,126.99,0.4359,1,-1,-1
858,165,470.17,706.48,80.43,124.09,0.5078,1,-1,-1
858,168,1827.38,182.59,46.04,72.35,0.7937,1,-1,-1
859,164,457.03,613.95,67.93,123.90,0.2227,1,-1,-1
859,165,463.32,710.96,81.41,128.34,0.5195,1,-1,-1
859,168,1827.80,187.44,46.31,72.75,0.7786,1,-1,-1
860,164,457.03,617.70,62.51,115.36,0.1974,1,-1,-1
860,165,462.44,715.61,78.18,125.63,0.4746,1,-1,-1
860,168,1826.92,191.29,46.63,73.33,0.7663,1,-1,-1
861,164,455.41,620.32,61.16,113.49,0.1071,1,-1,-1
861,165,459.67,721.41,75.21,121.79,0.2705,1,-1,-1
861,168,1827.17,194.21,46.03,72.74,0.7122,1,-1,-1
862,164,445.51,623.39,65.72,123.29,0.2173,1,-1,-1
862,165,455.51,723.95,73.03,119.01,0.3612,2,-1,-1
862,168,1827.07,196.31,45.22,71.81,0.7469,1,-1,-1
863,164,444.20,624.27,61.03,115.60,0.1974,1,-1,-1
863,165,452.76,727.34,70.62,115.95,0.3032,1,-1,-1
863,168,1826.49,197.02,44.78,71.65,0.7549,1,-1,-1
864,164,439.40,625.19,61.34,116.96,0.2372,1,-1,-1
864,165,450.78,727.52,69.25,114.40,0.1618,1,-1,-1
864,168,1825.84,196.77,44.64,72.11,0.7249,1,-1,-1
865,164,434.57,627.33,62.95,122.02,0.2422,1,-1,-1
865,165,446.65,726.10,72.98,121.95,0.2967,1,-1,-1
865,168,1825.67,196.63,43.91,71.70,0.7186,1,-1,-1
866,164,430.15,630.08,62.37,121.85,0.4630,1,-1,-1
866,165,446.55,730.57,71.13,118.33,0.1750,1,-1,-1
866,168,1824.89,196.97,43.11,71.23,0.7178,1,-1,-1
867,164,426.83,631.83,61.33,120.64,0.4902,1,-1,-1
867,165,444.32,731.73,71.53,116.81,0.2728,1,-1,-1
867,168,1824.10,196.09,43.05,72.09,0.6442,1,-1,-1
868,164,419.96,633.14,62.41,122.45,0.5370,1,-1,-1
868,165,443.47,730.46,72.83,117.12,0.1981,1,-1,-1
868,168,1823.16,195.35,43.04,72.85,0.6370,1,-1,-1
869,164,416.61,634.64,62.85,124.96,0.7042,1,-1,-1
869,165,443.66,731.70,72.87,115.26,0.1164,1,-1,-1
869,168,1822.79,195.10,42.61,73.00,0.7017,1,-1,-1
870,164,415.12,636.45,62.39,125.46,0.5603,1,-1,-1
870,165,428.33,733.64,89.08,140.85,0.1842,1,-1,-1
870,168,1822.33,195.47,42.23,73.12,0.5936,1,-1,-1
871,164,412.66,637.89,62.68,127.06,0.5851,1,-1,-1
871,165,415.77,737.55,94.63,147.14,0.5448,1,-1,-1
871,168,1821.40,195.01,41.86,72.80,0.4834,1,-1,-1
872,164,407.96,637.59,63.36,129.52,0.6406,1,-1,-1
872,165,409.79,739.01,96.23,149.18,0.3612,1,-1,-1
872,168,1819.92,193.78,42.24,73.80,0.6002,1,-1,-1
873,164,402.15,636.29,61.77,126.19,0.3372,1,-1,-1
873,165,409.34,738.40,96.53,149.69,0.4863,1,-1,-1
873,168,1819.93,192.20,42.08,74.19,0.6740,1,-1,-1
874,164,396.95,636.01,58.69,119.76,0.4533,1,-1,-1
874,165,411.93,737.61,93.13,147.00,0.4340,1,-1,-1
874,168,1818.98,190.64,41.72,74.13,0.7154,1,-1,-1
875,164,394.84,633.87,58.86,121.62,0.5583,1,-1,-1
875,165,412.54,737.54,90.24,146.06,0.5506,1,-1,-1
875,168,1818.11,188.86,41.72,74.75,0.7241,1,-1,-1
876,164,393.28,632.60,58.53,121.42,0.5273,1,-1,-1
876,165,412.45,739.74,84.74,140.34,0.6114,1,-1,-1
876,168,1817.13,187.07,42.01,75.97,0.6976,1,-1,-1
877,164,390.28,632.07,60.42,124.68,0.4932,1,-1,-1
877,165,409.16,737.48,83.33,141.74,0.7025,1,-1,-1
877,168,1816.50,185.67,41.49,75.09,0.7074,1,-1,-1
877,170,447.37,667.22,57.97,114.49,0.6114,1,-1,-1
878,164,387.53,632.30,60.14,123.32,0.6169,1,-1,-1
878,165,405.74,734.32,81.18,142.28,0.6442,1,-1,-1
878,168,1814.34,184.93,41.51,74.42,0.7074,1,-1,-1
878,170,445.77,666.88,58.27,114.85,0.3242,1,-1,-1
879,164,386.33,632.58,58.29,118.30,0.6926,1,-1,-1
879,165,404.95,738.36,76.33,136.86,0.7326,1,-1,-1
879,168,1812.23,184.39,41.52,73.47,0.7264,1,-1,-1
879,170,441.14,668.84,58.44,114.36,0.4273,1,-1,-1
880,164,384.80,632.22,59.84,120.22,0.5370,1,-1,-1
880,165,403.74,742.90,72.26,131.14,0.7280,1,-1,-1
880,168,1812.26,183.89,41.46,73.14,0.5370,1,-1,-1
880,170,439.28,669.50,58.03,112.36,0.2621,1,-1,-1
881,164,382.94,635.27,62.40,121.42,0.3451,1,-1,-1
881,165,401.92,741.78,72.12,132.70,0.7417,1,-1,-1
881,168,1811.26,183.42,41.76,73.86,0.6960,1,-1,-1
882,164,380.16,638.31,67.80,128.84,0.5312,1,-1,-1
882,165,397.39,735.81,75.31,139.97,0.6496,1,-1,-1
882,168,1810.36,183.22,41.85,74.27,0.7249,1,-1,-1
883,164,373.57,642.51,70.20,130.85,0.5794,1,-1,-1
883,165,398.17,739.58,72.34,135.66,0.6567,1,-1,-1
883,168,1807.02,184.91,42.39,74.31,0.7498,1,-1,-1
884,164,360.54,647.96,73.94,140.73,0.4140,1,-1,-1
884,165,398.77,742.24,71.44,135.52,0.5429,1,-1,-1
884,168,1805.01,187.17,43.32,75.83,0.5612,1,-1,-1
885,164,354.27,654.57,76.12,148.13,0.4073,1,-1,-1
885,165,392.20,733.86,78.56,151.43,0.2394,1,-1,-1
885,168,1805.36,192.73,41.85,73.28,0.7058,1,-1,-1
886,164,350.75,663.58,71.40,141.64,0.2330,1,-1,-1
886,165,382.96,709.13,90.94,181.74,0.1196,1,-1,-1
886,168,1804.27,200.23,41.34,72.47,0.6723,1,-1,-1
887,164,351.32,673.41,64.59,128.60,0.1290,1,-1,-1
887,168,1801.53,208.73,41.69,72.81,0.7194,1,-1,-1
888,164,351.98,687.79,59.35,119.54,0.3895,1,-1,-1
888,168,1799.87,219.13,41.40,72.22,0.6496,1,-1,-1
889,168,1801.77,230.75,35.73,61.77,0.2254,1,-1,-1
890,168,1795.74,242.31,39.59,67.98,0.6749,1,-1,-1
891,168,1792.31,254.14,40.95,70.15,0.7033,1,-1,-1
891,171,362.13,827.03,71.96,136.92,0.5964,1,-1,-1
892,168,1788.65,266.16,42.19,72.08,0.4805,1,-1,-1
892,171,358.45,839.91,72.47,138.52,0.7417,1,-1,-1
892,165,391.27,762.57,65.52,132.19,0.5583,1,-1,-1
893,168,1785.98,278.56,43.02,73.41,0.6663,1,-1,-1
893,171,352.03,845.72,77.50,149.13,0.5718,1,-1,-1
893,165,385.26,778.24,64.83,131.14,0.1750,1,-1,-1
894,168,1783.75,291.47,42.73,72.77,0.4630,1,-1,-1
894,171,344.87,860.45,76.69,148.75,0.7759,1,-1,-1
894,165,385.39,792.33,64.36,132.27,0.5946,1,-1,-1
894,164,332.20,764.44,53.17,106.55,0.5448,1,-1,-1
895,168,1781.37,304.25,42.81,72.78,0.7454,1,-1,-1
895,171,341.89,886.08,71.55,139.85,0.6619,1,-1,-1
895,165,378.35,805.12,66.47,138.72,0.1999,1,-1,-1
895,164,326.16,779.39,53.12,107.12,0.2121,1,-1,-1
896,168,1780.04,316.39,42.96,73.71,0.7372,1,-1,-1
896,171,334.69,897.03,74.99,147.85,0.7233,1,-1,-1
896,165,372.84,817.24,69.87,147.18,0.4591,1,-1,-1
896,164,320.68,794.37,58.46,117.74,0.5429,1,-1,-1
897,168,1778.84,329.39,41.97,72.39,0.7162,1,-1,-1
897,171,329.73,915.91,74.28,147.77,0.6758,1,-1,-1
897,165,372.07,833.59,70.46,150.28,0.2101,1,-1,-1
897,164,316.60,810.11,60.09,120.46,0.2167,1,-1,-1
898,168,1777.69,341.89,41.67,72.59,0.6993,1,-1,-1
898,171,326.15,934.08,72.52,144.70,0.7280,1,-1,-1
898,165,363.95,848.75,75.66,162.79,0.2358,1,-1,-1
898,164,312.53,824.12,63.11,125.69,0.1974,1,-1,-1
899,168,1775.88,353.71,41.11,72.27,0.6289,1,-1,-1
899,171,324.97,953.92,65.87,130.43,0.7356,1,-1,-1
899,165,358.72,863.72,78.95,170.69,0.1264,1,-1,-1
899,164,300.78,840.25,65.43,131.89,0.2767,1,-1,-1
900,168,1774.57,365.74,39.84,70.21,0.7170,1,-1,-1
900,171,323.24,969.08,60.36,116.21,0.5098,1,-1,-1
900,165,338.30,882.14,88.08,184.96,0.1184,1,-1,-1
900,164,282.19,851.05,72.39,142.49,0.2910,1,-1,-1
901,168,1773.48,375.04,39.52,70.10,0.6885,1,-1,-1
901,171,322.00,983.71,54.76,101.06,0.6860,1,-1,-1
901,164,280.75,863.17,70.91,140.33,0.4873,1,-1,-1
902,168,1771.60,381.68,40.14,71.98,0.7614,1,-1,-1
902,171,316.18,993.01,51.58,89.97,0.3775,1,-1,-1
902,164,272.03,871.78,71.89,141.45,0.3905,1,-1,-1
903,168,1770.63,387.90,40.34,72.99,0.7356,1,-1,-1
903,171,315.25,1003.48,48.66,79.25,0.2736,1,-1,-1
903,164,272.21,878.99,70.15,140.11,0.3720,1,-1,-1
904,168,1770.71,393.75,39.42,72.02,0.7170,1,-1,-1
904,164,272.56,885.75,69.08,137.83,0.4054,1,-1,-1
904,177,1717.82,102.00,16.06,28.75,0.5429,1,-1,-1
905,168,1770.68,398.37,38.75,71.58,0.7454,1,-1,-1
905,164,272.20,892.38,68.21,135.31,0.2173,1,-1,-1
905,177,1718.64,108.40,14.76,26.39,0.4912,1,-1,-1
906,168,1771.95,401.84,38.59,72.00,0.6901,1,-1,-1
906,164,269.27,897.75,68.84,134.42,0.5813,1,-1,-1
906,177,1721.49,113.93,13.91,24.84,0.5467,1,-1,-1
907,168,1776.18,403.24,39.50,74.02,0.6280,1,-1,-1
907,164,274.67,898.54,65.65,125.88,0.7918,1,-1,-1
908,164,283.83,899.65,61.71,117.09,0.8344,1,-1,-1
908,181,361.89,941.12,60.46,94.65,0.7621,1,-1,-1
909,164,294.01,896.49,66.17,126.29,0.6261,1,-1,-1
909,181,369.22,937.13,64.91,101.98,0.1312,1,-1,-1
910,164,309.32,893.76,68.06,130.33,0.6860,1,-1,-1
910,181,382.93,933.22,64.63,102.23,0.1089,1,-1,-1
911,181,400.55,929.52,70.19,112.03,0.4455,1,-1,-1
912,181,405.91,925.53,73.97,117.26,0.1750,1,-1,-1
913,181,424.88,922.95,76.03,121.26,0.2814,1,-1,-1
914,181,428.55,921.48,85.06,135.62,0.1041,1,-1,-1
914,183,373.41,880.42,83.39,138.30,0.5946,1,-1,-1
915,181,448.99,921.68,75.65,121.49,0.6478,1,-1,-1
915,183,382.29,880.77,82.73,137.41,0.6943,1,-1,-1
916,181,456.24,922.41,75.07,119.88,0.4785,1,-1,-1
916,183,388.87,880.93,83.95,139.73,0.7025,1,-1,-1
917,181,466.16,923.38,69.72,110.66,0.6567,1,-1,-1
917,183,393.86,881.91,80.71,134.83,0.7866,1,-1,-1
918,181,463.11,925.99,73.96,117.53,0.2546,1,-1,-1
918,183,395.92,884.12,77.63,130.57,0.7578,1,-1,-1
919,183,394.17,886.10,76.55,130.32,0.7732,1,-1,-1
920,183,391.94,887.95,74.18,128.37,0.7535,1,-1,-1
921,183,388.91,890.20,73.23,129.23,0.7326,1,-1,-1
922,183,386.81,894.02,70.03,126.17,0.7106,1,-1,-1
922,185,451.44,934.63,65.07,128.46,0.6706,1,-1,-1
923,183,386.38,896.46,65.28,119.01,0.7311,1,-1,-1
923,185,450.12,934.73,64.00,126.51,0.7170,1,-1,-1
924,183,384.18,897.77,65.12,120.39,0.7491,1,-1,-1
924,185,444.20,935.29,62.06,123.05,0.7535,1,-1,-1
925,183,382.28,898.06,65.52,122.19,0.7918,1,-1,-1
925,185,441.03,936.87,60.46,120.43,0.7356,1,-1,-1
925,186,396.23,1012.49,46.20,67.51,0.4707,1,-1,-1
926,183,380.11,898.28,65.36,122.85,0.7138,1,-1,-1
926,185,436.58,938.70,60.99,122.16,0.6584,1,-1,-1
926,186,394.35,1018.34,42.51,61.66,0.3157,1,-1,-1
927,183,373.90,899.16,68.92,130.75,0.7341,1,-1,-1
927,185,434.56,940.56,61.51,123.52,0.6943,1,-1,-1
927,186,388.02,1020.17,41.91,59.83,0.3478,1,-1,-1
928,183,370.93,900.30,68.56,130.98,0.6388,1,-1,-1
928,185,430.07,942.04,65.84,132.68,0.6910,1,-1,-1
928,186,388.34,1026.36,38.58,53.64,0.2759,1,-1,-1
929,183,361.34,902.65,69.42,136.78,0.6775,1,-1,-1
929,185,428.63,945.21,64.47,129.38,0.6549,1,-1,-1
930,183,355.16,905.85,71.95,146.32,0.6860,1,-1,-1
930,185,428.40,948.38,63.17,125.25,0.7058,1,-1,-1
931,183,352.73,910.08,70.05,146.62,0.7186,1,-1,-1
931,185,423.61,951.33,64.53,126.79,0.6993,1,-1,-1
932,183,352.77,915.60,68.38,145.62,0.7578,1,-1,-1
932,185,419.83,954.41,64.07,124.57,0.6976,1,-1,-1
933,183,351.27,920.24,61.99,133.56,0.6723,1,-1,-1
933,185,412.31,958.40,62.86,118.68,0.3794,1,-1,-1
934,183,347.50,926.38,60.94,133.83,0.7170,1,-1,-1
934,185,412.80,961.92,61.87,116.18,0.5603,1,-1,-1
935,183,342.87,930.52,61.45,137.07,0.7074,1,-1,-1
935,185,408.84,962.92,61.66,115.17,0.6758,1,-1,-1
936,183,340.32,934.21,58.47,131.18,0.7154,1,-1,-1
936,185,406.50,964.32,60.21,112.68,0.7341,1,-1,-1
937,183,338.50,936.91,57.25,129.13,0.7578,1,-1,-1
937,185,403.19,966.76,59.10,111.04,0.7918,1,-1,-1
938,183,337.51,939.39,57.44,129.36,0.7705,1,-1,-1
938,185,399.81,967.69,58.15,110.51,0.7944,1,-1,-1
939,183,338.12,941.34,59.55,133.21,0.7578,1,-1,-1
939,185,400.22,968.23,56.16,108.29,0.7853,1,-1,-1
940,183,343.50,942.14,61.10,134.54,0.6095,1,-1,-1
940,185,404.15,967.96,56.70,110.76,0.7233,1,-1,-1
941,183,349.74,940.20,62.78,136.89,0.7058,1,-1,-1
941,185,412.65,967.88,56.46,111.56,0.7387,1,-1,-1
942,183,359.51,939.96,61.83,133.84,0.6370,1,-1,-1
942,185,424.61,967.06,56.73,112.98,0.7447,1,-1,-1
943,183,367.42,939.73,63.25,135.66,0.6261,1,-1,-1
943,185,432.30,966.37,57.43,113.88,0.6976,1,-1,-1
944,183,373.68,939.57,65.28,137.47,0.6910,1,-1,-1
944,185,441.88,966.04,57.88,114.26,0.8256,1,-1,-1
945,183,378.27,941.11,66.54,137.04,0.7417,1,-1,-1
945,185,447.72,966.80,58.20,113.49,0.8129,1,-1,-1
946,183,378.98,941.60,67.53,137.40,0.7813,1,-1,-1
946,185,450.01,968.18,58.49,112.09,0.8187,1,-1,-1
947,183,378.49,943.04,67.48,136.76,0.8069,1,-1,-1
947,185,450.93,970.80,58.21,109.06,0.7905,1,-1,-1
948,183,376.45,944.58,66.36,135.06,0.8117,1,-1,-1
948,185,448.72,973.21,58.13,106.87,0.6876,1,-1,-1
949,183,374.17,946.35,64.55,132.42,0.7827,1,-1,-1
949,185,444.26,975.09,59.14,105.05,0.7520,1,-1,-1
949,187,437.67,973.51,48.91,106.49,0.4659,1,-1,-1
950,183,372.07,947.42,63.91,132.05,0.7853,1,-1,-1
950,187,437.10,976.03,47.84,103.97,0.7264,1,-1,-1
951,183,369.19,949.14,61.80,129.40,0.7578,1,-1,-1
951,187,436.63,978.14,47.26,101.86,0.7621,1,-1,-1
952,183,364.90,951.04,60.16,127.48,0.7009,1,-1,-1
952,187,431.84,980.57,45.97,98.75,0.7154,1,-1,-1
953,183,362.99,953.26,58.79,125.72,0.7944,1,-1,-1
953,187,426.37,982.37,45.20,97.12,0.7606,1,-1,-1
954,183,361.75,955.75,57.78,123.45,0.8117,1,-1,-1
954,187,422.10,984.41,44.56,95.41,0.7718,1,-1,-1
955,183,360.33,958.24,57.07,120.96,0.7931,1,-1,-1
955,187,418.78,986.45,44.05,93.50,0.7606,1,-1,-1
956,183,357.50,961.33,55.86,117.75,0.7387,1,-1,-1
956,187,416.11,988.98,43.22,91.00,0.7813,1,-1,-1
957,183,352.02,964.60,54.12,114.68,0.7217,1,-1,-1
957,187,413.93,991.32,42.87,88.68,0.7186,1,-1,-1
958,183,347.48,966.69,52.87,112.31,0.7578,1,-1,-1
958,187,411.36,995.59,42.35,84.41,0.6976,1,-1,-1
959,183,344.85,968.55,52.60,110.85,0.7918,1,-1,-1
959,187,410.88,997.92,42.71,82.09,0.8019,1,-1,-1
960,183,340.56,970.59,51.97,108.74,0.7122,1,-1,-1
960,187,410.00,1001.03,42.88,78.98,0.8093,1,-1,-1
961,183,335.04,973.41,51.16,106.41,0.7009,1,-1,-1
961,187,406.82,1004.29,43.36,75.71,0.8129,1,-1,-1
962,183,329.47,978.11,49.39,101.95,0.7017,1,-1,-1
962,187,399.41,1007.64,44.77,72.37,0.6039,1,-1,-1
963,183,323.97,976.78,49.45,101.99,0.6689,1,-1,-1
963,187,401.49,1010.06,44.97,69.95,0.2372,1,-1,-1
964,183,319.17,977.81,48.88,101.01,0.6993,1,-1,-1
964,187,389.08,1012.05,47.13,67.93,0.4912,1,-1,-1
965,183,315.26,979.32,48.39,99.76,0.6843,1,-1,-1
965,187,374.76,1012.90,49.72,67.06,0.1919,1,-1,-1
966,183,310.75,981.30,47.75,98.07,0.6316,1,-1,-1
966,187,371.96,1019.26,47.73,60.72,0.1818,1,-1,-1
967,183,307.58,982.20,47.57,97.20,0.7202,1,-1,-1
967,187,370.06,1019.35,48.33,60.65,0.6671,1,-1,-1
968,183,305.47,984.35,47.18,94.91,0.7264,1,-1,-1
968,187,367.99,1022.12,46.30,57.88,0.6723,1,-1,-1
969,183,302.51,987.16,47.21,92.23,0.7718,1,-1,-1
969,187,364.10,1024.35,44.84,55.65,0.6261,1,-1,-1
970,183,299.89,991.07,46.94,88.41,0.7813,1,-1,-1
970,187,360.21,1026.79,43.40,53.21,0.5679,1,-1,-1
971,183,297.27,993.74,47.51,86.08,0.7853,1,-1,-1
971,187,356.90,1028.97,42.00,51.04,0.5756,1,-1,-1
972,183,293.28,996.85,48.07,83.13,0.7402,1,-1,-1
972,187,349.91,1033.10,40.24,46.90,0.4168,1,-1,-1
973,183,288.19,999.90,48.48,80.14,0.7564,1,-1,-1
973,187,343.58,1036.17,39.48,43.83,0.6114,1,-1,-1
974,183,283.57,1004.39,48.28,75.66,0.6860,1,-1,-1
974,187,337.68,1037.34,40.38,42.66,0.3877,1,-1,-1
975,183,279.39,1007.69,48.68,72.36,0.5775,1,-1,-1
975,187,335.90,1044.38,36.54,35.62,0.1176,1,-1,-1
976,183,270.80,1009.25,48.74,70.67,0.2759,1,-1,-1
977,183,268.95,1013.97,47.62,66.02,0.5351,1,-1,-1
978,183,266.76,1018.77,45.36,61.04,0.1164,1,-1,-1
1025,188,302.18,110.48,33.79,13.78,0.5059,4,-1,-1
1026,188,302.00,110.67,34.03,13.89,0.5000,4,-1,-1
1027,188,301.66,110.55,34.48,14.09,0.4766,4,-1,-1
1028,188,301.52,110.28,34.58,14.15,0.4330,4,-1,-1
1029,188,300.86,110.04,35.88,14.73,0.4102,4,-1,-1
1030,188,300.28,109.91,36.96,15.25,0.4244,4,-1,-1
1031,188,299.94,109.91,37.49,15.55,0.4064,4,-1,-1
1032,188,300.36,110.47,36.13,15.06,0.3200,4,-1,-1
1033,188,300.31,110.62,36.31,15.24,0.2999,4,-1,-1
1034,188,300.13,110.60,37.01,15.66,0.2991,4,-1,-1
1035,188,300.38,110.88,36.41,15.47,0.3251,4,-1,-1
1036,188,300.55,111.25,36.12,15.44,0.4311,4,-1,-1
1037,188,300.75,111.63,35.83,15.41,0.3766,4,-1,-1
1038,188,301.27,111.96,35.50,15.33,0.3720,4,-1,-1
1039,188,301.65,112.12,35.13,15.21,0.3311,4,-1,-1
1040,188,301.69,112.09,35.20,15.30,0.3311,4,-1,-1
1041,188,301.03,112.01,36.18,15.85,0.3585,4,-1,-1
1042,188,300.76,111.94,36.62,16.18,0.3648,4,-1,-1
1043,188,300.73,111.93,36.49,16.25,0.3346,4,-1,-1
1044,188,300.80,111.89,36.27,16.26,0.3460,4,-1,-1
1045,188,301.59,111.95,35.12,15.78,0.3200,4,-1,-1
1046,188,301.84,111.89,34.71,15.63,0.2967,4,-1,-1
1047,188,301.97,111.87,34.54,15.60,0.3522,4,-1,-1
1048,188,301.98,111.78,34.51,15.62,0.3355,4,-1,-1
1049,188,302.19,111.80,34.28,15.55,0.3268,4,-1,-1
1050,188,301.83,111.64,34.30,15.53,0.2862,4,-1,-1
1051,188,301.72,111.54,34.31,15.52,0.3346,4,-1,-1
1052,188,301.75,111.36,34.08,15.39,0.3812,4,-1,-1
1053,188,301.55,111.07,34.19,15.43,0.4121,4,-1,-1
1054,188,301.35,110.75,34.28,15.47,0.3914,4,-1,-1
1055,188,301.57,110.43,33.67,15.17,0.3905,4,-1,-1
1056,188,302.09,110.36,32.55,14.60,0.4017,4,-1,-1
1057,188,303.70,110.66,30.93,13.86,0.3621,4,-1,-1
1058,188,304.45,110.89,30.17,13.51,0.3757,4,-1,-1
1059,188,303.58,110.86,30.36,13.55,0.4121,4,-1,-1
1060,188,302.85,110.84,30.68,13.64,0.3803,4,-1,-1
1061,188,302.28,110.70,31.23,13.86,0.3657,4,-1,-1
1062,188,301.90,110.55,31.67,14.04,0.3989,4,-1,-1
1063,188,301.34,110.27,32.35,14.35,0.3877,4,-1,-1
1064,188,300.62,109.98,33.09,14.69,0.3585,4,-1,-1
1065,188,300.20,109.72,33.54,14.96,0.3495,4,-1,-1
1066,188,299.97,109.43,33.65,15.06,0.3612,4,-1,-1
1067,188,300.22,109.53,32.76,14.69,0.3785,4,-1,-1
1068,188,299.84,109.67,31.78,14.25,0.3149,4,-1,-1
1069,188,299.63,109.68,31.35,14.11,0.2531,4,-1,-1
1070,188,298.57,108.91,32.00,14.50,0.2958,4,-1,-1
1071,188,298.00,108.12,32.45,14.82,0.3621,4,-1,-1
1072,188,297.30,108.16,32.50,14.89,0.3675,4,-1,-1
1073,188,296.93,108.43,32.38,14.83,0.3346,4,-1,-1
1074,188,294.46,107.21,37.07,17.22,0.2628,4,-1,-1
1075,188,295.27,107.65,34.39,16.05,0.2613,4,-1,-1
1076,188,293.08,106.72,37.89,17.99,0.2358,4,-1,-1
1077,188,291.86,106.47,38.46,18.57,0.2767,4,-1,-1
1078,188,293.05,107.24,34.26,16.61,0.2591,4,-1,-1
1079,188,292.95,107.20,32.88,16.05,0.2902,4,-1,-1
1080,188,292.80,106.43,32.75,16.16,0.2056,4,-1,-1
1081,188,292.84,106.41,31.86,15.80,0.2012,4,-1,-1
1082,188,294.87,106.54,30.31,15.27,0.2180,4,-1,-1
1083,188,293.60,106.38,30.51,15.46,0.2114,4,-1,-1
1084,188,292.73,106.22,31.32,16.01,0.1480,4,-1,-1
1085,188,290.53,105.17,32.38,16.78,0.1836,4,-1,-1
1086,188,289.64,104.98,31.33,16.47,0.1938,4,-1,-1
1087,188,288.95,105.01,30.77,16.40,0.1156,4,-1,-1
1122,189,542.44,554.94,100.92,40.38,0.4873,4,-1,-1
1123,189,533.37,557.42,103.87,41.61,0.4737,4,-1,-1
1124,189,520.19,561.10,104.24,41.84,0.4844,4,-1,-1
1125,189,503.02,566.74,107.23,43.18,0.4465,4,-1,-1
1126,189,482.06,572.80,107.94,43.68,0.5860,4,-1,-1
1127,189,461.09,578.74,106.35,43.25,0.6505,4,-1,-1
1128,189,438.90,582.59,112.23,45.90,0.7009,4,-1,-1
1129,189,424.32,589.02,111.90,45.97,0.2386,4,-1,-1
1130,189,414.13,594.12,112.70,46.41,0.1854,4,-1,-1
1131,189,406.70,598.36,114.64,47.48,0.5477,4,-1,-1
1132,189,399.67,602.01,117.61,48.90,0.5224,4,-1,-1
1133,189,394.00,605.99,120.11,50.04,0.5088,4,-1,-1
1134,189,391.32,611.08,119.42,49.84,0.2674,4,-1,-1
1135,189,388.27,614.75,121.99,51.25,0.1012,4,-1,-1
1136,189,380.44,619.55,126.07,53.33,0.3630,4,-1,-1
1137,189,371.02,625.00,122.27,52.01,0.5487,4,-1,-1
1138,189,352.95,630.42,125.45,53.85,0.4834,4,-1,-1
1139,189,330.82,637.38,129.50,56.23,0.5176,4,-1,-1
1139,193,480.91,544.72,192.31,95.92,0.6030,4,-1,-1
1140,189,300.15,645.17,132.24,57.39,0.4912,4,-1,-1
1140,193,458.28,549.80,195.92,97.70,0.4533,4,-1,-1
1141,189,272.52,654.33,134.36,58.46,0.3531,4,-1,-1
1141,193,432.84,553.94,200.11,99.68,0.3840,4,-1,-1
1142,189,249.49,663.00,135.09,58.95,0.5651,4,-1,-1
1142,193,413.63,564.86,191.38,95.15,0.3149,4,-1,-1
1143,189,231.40,671.20,136.65,59.82,0.7476,4,-1,-1
1143,193,395.52,565.33,202.42,100.76,0.1678,4,-1,-1
1144,189,219.44,678.99,137.41,60.26,0.6960,4,-1,-1
1144,193,385.46,570.81,204.49,101.84,0.1144,4,-1,-1
1145,189,210.73,685.51,139.11,61.06,0.6352,4,-1,-1
1145,195,24.43,751.51,161.31,72.60,0.6352,4,-1,-1
1145,196,1788.73,179.79,16.81,25.37,0.4971,1,-1,-1
1146,189,202.08,691.23,145.84,64.42,0.4756,4,-1,-1
1146,195,17.01,758.11,162.90,73.39,0.3294,4,-1,-1
1146,196,1790.17,179.55,17.03,25.71,0.5098,1,-1,-1
1147,189,196.21,696.97,148.00,65.64,0.2358,4,-1,-1
1147,195,8.09,767.17,163.11,73.51,0.5689,4,-1,-1
1147,196,1790.99,179.84,16.65,25.24,0.3337,1,-1,-1
1148,189,189.68,702.31,152.15,68.00,0.1437,4,-1,-1
1148,195,3.58,775.09,168.46,76.33,0.3285,4,-1,-1
1148,196,1795.34,179.14,17.15,25.98,0.4698,1,-1,-1
1149,196,1797.33,179.64,17.14,26.09,0.5254,1,-1,-1
1150,196,1797.84,180.21,16.95,26.13,0.5059,1,-1,-1
1151,189,167.26,724.32,151.92,68.30,0.4834,4,-1,-1
1152,189,150.72,731.72,157.72,71.70,0.3711,4,-1,-1
1152,193,332.54,608.85,233.69,116.65,0.6531,4,-1,-1
1153,189,123.91,741.84,161.47,74.33,0.6086,4,-1,-1
1153,193,316.73,621.67,226.58,112.74,0.4717,4,-1,-1
1154,193,289.14,636.03,220.81,108.39,0.6095,4,-1,-1
1155,193,242.15,644.98,235.76,115.21,0.2553,4,-1,-1
1156,193,192.06,657.82,241.78,117.15,0.3914,4,-1,-1
1161,198,1723.44,175.82,18.07,31.67,0.5955,1,-1,-1
1170,201,1806.85,874.88,84.43,142.29,0.7592,1,-1,-1
1171,201,1806.42,885.95,82.09,138.56,0.6460,1,-1,-1
1172,201,1812.36,893.57,83.79,141.56,0.3513,1,-1,-1
1174,202,1592.26,193.87,15.08,31.46,0.5603,1,-1,-1
1175,202,1594.15,193.70,15.34,31.98,0.5467,1,-1,-1
1175,203,1629.58,136.02,13.03,22.51,0.4639,1,-1,-1
1176,202,1596.70,194.09,15.20,31.68,0.4932,1,-1,-1
1176,203,1631.47,135.72,13.46,23.20,0.4922,1,-1,-1
1176,204,1378.56,173.32,13.07,27.15,0.4552,1,-1,-1
1177,202,1598.32,194.91,15.20,31.64,0.5380,1,-1,-1
1177,203,1632.59,135.85,13.67,23.51,0.5244,1,-1,-1
1177,204,1379.34,172.36,14.04,29.19,0.6160,1,-1,-1
1177,205,1203.98,173.90,15.19,26.18,0.5448,1,-1,-1
1178,205,1202.36,172.85,15.97,27.30,0.1778,1,-1,-1
1186,207,1238.75,175.48,12.79,26.07,0.5670,1,-1,-1
1186,208,1441.49,194.28,15.45,31.17,0.4668,1,-1,-1
1187,207,1239.48,175.75,13.13,26.77,0.5651,1,-1,-1
1187,208,1443.33,195.87,15.12,30.50,0.3877,1,-1,-1
1188,207,1241.72,174.88,13.54,27.58,0.5593,1,-1,-1
1188,208,1445.71,195.05,15.99,32.29,0.4397,1,-1,-1
1189,207,1245.13,174.36,14.03,28.67,0.6179,1,-1,-1
1189,208,1449.00,195.41,15.08,30.51,0.4149,1,-1,-1
1190,207,1247.93,174.60,14.12,28.94,0.6179,1,-1,-1
1190,208,1451.27,195.18,15.54,31.59,0.4776,1,-1,-1
1190,210,1070.97,179.50,15.90,24.12,0.5166,1,-1,-1
1190,211,1472.21,135.74,12.08,20.29,0.4746,1,-1,-1
1191,207,1250.64,175.68,13.67,28.04,0.6197,1,-1,-1
1191,208,1453.96,195.66,14.98,30.52,0.3923,1,-1,-1
1191,210,1072.03,180.54,15.45,23.44,0.2576,1,-1,-1
1191,211,1472.94,135.97,12.55,21.12,0.5146,1,-1,-1
1192,207,1252.68,176.34,13.43,27.60,0.5583,1,-1,-1
1192,208,1456.11,195.91,14.06,28.60,0.2509,2,-1,-1
1192,210,1075.23,180.11,15.56,23.67,0.5215,1,-1,-1
1192,211,1474.14,136.39,12.19,20.52,0.3998,1,-1,-1
1193,207,1253.16,176.21,13.53,27.76,0.5699,1,-1,-1
1193,208,1456.47,196.24,14.23,28.93,0.2736,1,-1,-1
1193,210,1075.01,179.99,15.96,24.30,0.4746,1,-1,-1
1193,211,1474.17,136.70,11.56,19.45,0.3513,1,-1,-1
1200,212,1001.37,181.62,15.90,25.98,0.5784,1,-1,-1
1200,213,1180.08,176.76,13.47,30.14,0.5583,1,-1,-1
1201,212,1001.26,181.83,15.88,25.93,0.5708,1,-1,-1
1201,213,1180.10,176.17,13.85,31.02,0.5254,1,-1,-1
1202,212,1002.50,182.45,15.58,25.49,0.5765,1,-1,-1
1202,213,1181.72,177.69,13.37,29.97,0.4785,1,-1,-1
1203,212,1004.71,182.70,15.74,25.72,0.5137,1,-1,-1
1203,213,1185.17,178.44,12.92,28.96,0.4668,1,-1,-1
1203,214,1379.81,196.78,17.94,35.91,0.5631,1,-1,-1
1204,212,1006.71,180.22,17.42,28.61,0.5775,1,-1,-1
1204,213,1188.11,180.26,12.17,27.22,0.4292,1,-1,-1
1204,214,1383.81,197.61,16.75,33.60,0.5487,1,-1,-1
1204,216,1391.74,137.21,11.62,21.26,0.5127,1,-1,-1
1205,212,1008.36,181.58,17.16,28.18,0.5936,1,-1,-1
1205,213,1190.50,180.23,12.65,28.17,0.4659,1,-1,-1
1205,214,1386.45,198.03,16.36,32.90,0.6086,1,-1,-1
1205,216,1392.27,136.91,12.51,22.88,0.5078,1,-1,-1
1206,212,1007.43,179.15,18.78,30.91,0.5851,1,-1,-1
1206,213,1190.20,181.97,12.08,26.54,0.4446,1,-1,-1
1206,214,1385.63,198.98,15.78,31.68,0.4378,1,-1,-1
1206,216,1391.90,137.12,11.72,21.42,0.2878,1,-1,-1
1215,218,1214.39,200.54,14.82,31.99,0.6086,1,-1,-1
1215,219,844.61,187.48,16.19,26.62,0.5535,1,-1,-1
1215,220,758.88,180.80,13.76,25.50,0.5000,1,-1,-1
1215,221,1028.45,183.14,13.70,28.77,0.5860,1,-1,-1
1216,218,1216.49,200.54,15.13,32.57,0.5765,1,-1,-1
1216,219,846.18,188.54,15.37,25.31,0.5823,1,-1,-1
1216,220,759.13,180.73,14.42,26.77,0.5784,1,-1,-1
1216,221,1030.37,183.93,13.30,27.98,0.4990,1,-1,-1
1216,222,1213.24,137.56,11.07,22.19,0.5708,1,-1,-1
1217,218,1218.67,200.64,15.04,32.30,0.6179,1,-1,-1
1217,219,848.56,188.51,15.46,25.56,0.6067,1,-1,-1
1217,220,760.95,180.58,14.29,26.61,0.5631,1,-1,-1
1217,221,1032.37,183.97,13.68,28.84,0.5718,1,-1,-1
1217,222,1214.89,138.14,10.70,21.44,0.5234,1,-1,-1
1218,218,1221.03,201.23,14.92,31.91,0.6433,1,-1,-1
1218,219,849.92,188.65,15.83,26.32,0.5879,1,-1,-1
1218,220,762.34,180.61,14.28,26.71,0.6361,1,-1,-1
1218,221,1035.26,184.09,13.54,28.68,0.5448,1,-1,-1
1218,222,1216.86,137.91,10.59,21.20,0.5554,1,-1,-1
1219,218,1222.99,201.59,15.45,32.74,0.6252,1,-1,-1
1219,219,850.68,188.57,16.71,27.92,0.5936,1,-1,-1
1219,220,763.74,180.86,14.27,26.83,0.6628,1,-1,-1
1219,221,1037.43,184.90,13.35,28.39,0.5370,1,-1,-1
1219,222,1217.92,137.70,10.68,21.37,0.5166,1,-1,-1
1220,218,1222.18,202.04,15.32,32.20,0.5917,1,-1,-1
1220,219,850.82,190.20,15.95,26.67,0.5727,1,-1,-1
1220,220,763.26,181.39,13.75,25.88,0.5860,1,-1,-1
1220,221,1037.28,184.87,13.14,28.10,0.5020,1,-1,-1
1220,222,1217.46,137.89,10.66,21.24,0.4216,1,-1,-1
1228,219,862.15,188.61,17.47,29.81,0.5727,1,-1,-1
1229,224,1044.24,203.88,14.48,33.75,0.6575,1,-1,-1
1229,225,668.73,194.61,14.66,27.77,0.4815,1,-1,-1
1229,219,862.43,188.39,18.22,31.78,0.5860,1,-1,-1
1230,224,1045.68,204.97,14.31,33.30,0.6379,1,-1,-1
1230,225,670.14,195.25,14.75,27.96,0.5176,1,-1,-1
1230,219,864.40,189.47,17.44,30.85,0.5049,1,-1,-1
1230,226,574.52,185.66,12.93,27.30,0.5351,1,-1,-1
1230,227,1030.28,139.83,11.35,20.36,0.4863,1,-1,-1
1231,224,1047.59,206.98,13.36,31.00,0.5708,1,-1,-1
1231,225,672.39,196.51,14.40,27.26,0.5622,1,-1,-1
1231,219,866.86,190.72,16.45,29.70,0.2644,1,-1,-1
1231,226,575.97,185.28,13.38,28.21,0.5964,1,-1,-1
1231,227,1031.65,139.66,11.49,20.57,0.3905,1,-1,-1
1232,224,1050.46,206.93,13.70,31.65,0.5612,1,-1,-1
1232,225,673.97,196.27,14.92,28.27,0.5794,1,-1,-1
1232,219,869.26,190.23,16.33,30.16,0.5842,1,-1,-1
1232,226,577.85,185.52,13.40,28.20,0.6654,1,-1,-1
1232,227,1033.35,139.53,11.97,21.45,0.5029,1,-1,-1
1233,224,1052.38,206.93,13.90,31.93,0.5631,1,-1,-1
1233,225,676.06,196.96,14.60,27.72,0.6077,1,-1,-1
1233,219,872.00,190.30,15.81,29.93,0.6215,1,-1,-1
1233,226,579.78,186.76,13.05,27.43,0.6142,1,-1,-1
1233,227,1035.08,140.09,11.83,21.18,0.4282,1,-1,-1
1234,224,1053.96,207.14,14.42,32.84,0.5535,1,-1,-1
1234,225,677.61,197.27,14.40,27.44,0.6188,1,-1,-1
1234,219,873.99,190.67,15.22,29.36,0.6123,1,-1,-1
1234,226,580.81,187.55,12.97,27.26,0.5746,1,-1,-1
1234,227,1035.93,140.51,11.89,21.34,0.4688,1,-1,-1
1235,224,1054.34,207.09,14.97,33.91,0.5651,1,-1,-1
1235,225,677.89,197.55,14.37,27.46,0.5851,1,-1,-1
1235,219,874.76,190.77,14.84,29.14,0.5651,1,-1,-1
1235,226,580.61,187.02,13.31,27.90,0.5775,1,-1,-1
1235,227,1036.07,140.57,11.99,21.55,0.4426,1,-1,-1
1243,229,970.02,209.57,17.87,35.02,0.6011,1,-1,-1
1243,230,794.08,193.81,14.80,31.12,0.6522,1,-1,-1
1243,231,585.79,202.65,17.58,28.94,0.5993,1,-1,-1
1244,229,970.27,209.90,17.80,34.87,0.6030,1,-1,-1
1244,230,795.35,194.16,14.70,30.88,0.5117,1,-1,-1
1244,231,586.34,202.60,17.87,29.46,0.6307,1,-1,-1
1244,232,946.86,142.78,11.45,21.27,0.5078,1,-1,-1
1245,229,971.04,210.83,17.24,33.66,0.4795,1,-1,-1
1245,230,796.93,194.87,14.27,30.03,0.5467,1,-1,-1
1245,231,587.12,203.17,17.67,29.13,0.6105,1,-1,-1
1245,232,947.65,143.01,11.57,21.48,0.5312,1,-1,-1
1246,229,972.48,211.90,16.89,32.90,0.5029,1,-1,-1
1246,230,799.36,195.50,14.24,29.87,0.6451,1,-1,-1
1246,231,588.59,203.75,17.64,29.13,0.6325,1,-1,-1
1246,232,948.92,143.17,11.54,21.42,0.5746,1,-1,-1
1247,229,976.35,212.37,16.87,33.03,0.5458,1,-1,-1
1247,230,801.64,196.01,14.18,29.72,0.5955,1,-1,-1
1247,231,591.30,204.39,17.26,28.55,0.5689,1,-1,-1
1247,232,950.36,143.19,11.64,21.66,0.4834,1,-1,-1
1247,235,488.15,194.12,12.54,28.41,0.6697,1,-1,-1
1248,229,978.46,212.86,16.76,32.72,0.4815,1,-1,-1
1248,230,803.81,196.13,14.69,30.63,0.5380,1,-1,-1
1248,231,592.41,204.58,17.29,28.53,0.6270,1,-1,-1
1248,232,951.60,143.27,11.65,21.68,0.4064,1,-1,-1
1248,235,489.74,193.71,13.02,29.44,0.6783,1,-1,-1
1249,229,981.36,213.65,17.04,33.25,0.5670,1,-1,-1
1249,230,805.96,196.47,14.80,30.86,0.5879,1,-1,-1
1249,231,593.94,205.06,17.33,28.70,0.6142,1,-1,-1
1249,232,952.98,142.58,12.03,22.48,0.4263,1,-1,-1
1249,235,491.32,194.75,12.75,28.73,0.6343,1,-1,-1
1250,229,982.96,214.09,17.10,33.31,0.5860,1,-1,-1
1250,230,807.59,196.72,14.76,30.88,0.5195,1,-1,-1
1250,231,595.56,205.30,17.30,28.79,0.5419,1,-1,-1
1250,232,954.78,143.07,11.49,21.46,0.3074,1,-1,-1
1250,235,492.85,196.70,12.26,27.42,0.5146,1,-1,-1
1250,236,804.14,150.02,11.12,22.37,0.5322,1,-1,-1
1251,229,985.09,214.89,17.57,34.41,0.5889,1,-1,-1
1251,230,809.61,197.05,14.91,31.44,0.6049,1,-1,-1
1251,231,597.71,205.32,17.55,29.55,0.6077,1,-1,-1
1251,232,956.31,143.00,11.26,21.02,0.5156,1,-1,-1
1251,235,494.24,197.70,12.16,26.94,0.5293,1,-1,-1
1251,236,805.49,150.60,10.83,21.79,0.4824,1,-1,-1
1252,229,986.87,215.21,17.66,34.78,0.5927,1,-1,-1
1252,230,811.98,197.19,14.97,31.88,0.5477,1,-1,-1
1252,231,599.23,205.78,17.53,29.76,0.6077,1,-1,-1
1252,232,957.86,143.21,11.13,20.72,0.4902,1,-1,-1
1252,235,495.40,197.87,12.32,27.11,0.6086,1,-1,-1
1252,236,807.57,151.05,10.01,20.03,0.2031,1,-1,-1
1253,229,989.27,215.67,17.43,34.50,0.5448,1,-1,-1
1253,230,814.14,197.75,14.72,31.68,0.3849,1,-1,-1
1253,231,601.29,206.51,17.36,29.58,0.5775,1,-1,-1
1253,232,959.17,143.33,11.04,20.62,0.5370,1,-1,-1
1253,235,496.32,197.80,12.58,27.55,0.5535,1,-1,-1
1253,236,809.17,151.22,10.18,20.32,0.2101,1,-1,-1
1254,229,991.36,215.83,17.49,34.54,0.4922,1,-1,-1
1254,230,816.43,198.18,14.59,31.68,0.5263,1,-1,-1
1254,231,603.49,206.40,17.21,29.80,0.5917,1,-1,-1
1254,232,959.95,143.28,11.31,21.21,0.5612,1,-1,-1
1254,235,497.77,199.29,11.83,25.78,0.4649,1,-1,-1
1254,236,809.95,151.02,10.73,21.35,0.2674,1,-1,-1
1255,229,992.78,216.57,17.27,33.95,0.5554,1,-1,-1
1255,230,818.39,197.90,14.63,32.05,0.1566,1,-1,-1
1255,231,605.11,207.07,16.86,29.68,0.6379,1,-1,-1
1255,232,961.17,143.43,11.47,21.42,0.4815,1,-1,-1
1255,235,499.07,200.40,11.46,24.79,0.5000,1,-1,-1
1255,236,811.44,151.05,10.56,20.91,0.2983,1,-1,-1
1256,229,994.12,216.54,17.71,34.48,0.5727,1,-1,-1
1256,230,820.69,198.38,14.29,31.95,0.1530,1,-1,-1
1256,231,606.27,207.39,16.89,30.11,0.5955,1,-1,-1
1256,232,962.45,143.59,11.71,21.91,0.3442,1,-1,-1
1256,235,500.48,200.78,11.34,24.40,0.4639,1,-1,-1
1256,236,812.59,151.61,10.52,20.77,0.2095,1,-1,-1
1257,229,995.25,217.37,17.56,34.00,0.5651,1,-1,-1
1257,230,822.77,199.35,14.15,31.90,0.4678,1,-1,-1
1257,231,607.87,208.18,16.52,29.90,0.5993,1,-1,-1
1257,232,963.64,143.41,11.85,22.29,0.3495,1,-1,-1
1257,235,501.56,200.30,11.63,24.99,0.5516,1,-1,-1
1257,236,813.72,151.91,10.48,20.66,0.3260,1,-1,-1
1258,229,996.77,217.50,18.17,35.01,0.6433,1,-1,-1
1258,230,824.48,198.60,14.47,32.82,0.4111,1,-1,-1
1258,231,608.94,208.30,16.67,30.42,0.5525,1,-1,-1
1258,232,964.98,143.33,11.78,22.33,0.3895,1,-1,-1
1258,235,502.49,200.09,11.87,25.46,0.4766,1,-1,-1
1258,236,814.85,152.37,10.35,20.28,0.3277,1,-1,-1
1258,238,1157.19,173.35,11.80,27.31,0.5098,1,-1,-1
1259,229,997.93,218.60,18.06,34.92,0.6487,1,-1,-1
1259,230,827.10,200.12,13.87,31.69,0.3895,1,-1,-1
1259,231,610.36,209.00,16.60,30.48,0.5448,1,-1,-1
1259,232,965.80,143.34,11.81,22.43,0.3895,1,-1,-1
1259,235,503.10,200.33,12.18,26.10,0.3648,1,-1,-1
1259,236,815.73,152.14,10.71,20.77,0.4513,1,-1,-1
1259,238,1158.87,173.13,12.25,28.27,0.4980,1,-1,-1
1259,239,33.60,263.07,21.97,40.99,0.4756,1,-1,-1
1260,229,1000.23,218.99,18.58,35.75,0.6270,1,-1,-1
1260,230,829.48,201.39,13.78,31.49,0.5370,1,-1,-1
1260,231,611.85,209.95,16.52,30.48,0.5974,1,-1,-1
1260,232,967.58,143.96,11.40,21.57,0.4707,1,-1,-1
1260,235,504.63,201.84,12.04,25.54,0.3895,1,-1,-1
1260,236,817.22,152.54,10.46,20.02,0.2783,1,-1,-1
1260,238,1161.26,173.12,12.31,28.31,0.5156,1,-1,-1
1260,239,33.24,263.90,21.75,40.59,0.4922,1,-1,-1
1261,229,1002.65,219.73,18.74,36.01,0.6575,1,-1,-1
1261,230,831.66,201.42,14.23,32.75,0.5708,1,-1,-1
1261,231,613.52,210.74,16.50,30.67,0.6252,1,-1,-1
1261,232,969.19,144.28,11.26,21.18,0.5039,1,-1,-1
1261,235,505.61,201.83,12.36,26.06,0.6095,1,-1,-1
1261,236,818.54,152.36,10.83,20.63,0.4727,1,-1,-1
1261,238,1163.71,172.79,12.43,28.49,0.4600,1,-1,-1
1261,239,32.61,264.77,21.59,40.34,0.5525,1,-1,-1
1262,229,1003.87,219.88,18.95,36.20,0.6142,1,-1,-1
1262,230,833.85,202.75,13.76,31.70,0.4815,1,-1,-1
1262,231,615.07,211.81,16.44,30.49,0.6234,1,-1,-1
1262,232,970.52,144.48,11.26,20.91,0.5156,1,-1,-1
1262,235,507.08,202.26,12.54,26.21,0.5273,1,-1,-1
1262,236,819.68,152.67,10.82,20.64,0.4446,1,-1,-1
1262,238,1165.49,172.97,12.67,28.77,0.4196,1,-1,-1
1263,229,1005.30,220.95,18.37,34.83,0.5593,1,-1,-1
1263,230,835.82,203.72,13.61,31.17,0.5651,1,-1,-1
1263,231,616.67,212.64,16.59,30.84,0.5936,1,-1,-1
1263,232,971.56,144.47,11.34,20.92,0.5351,1,-1,-1
1263,235,508.15,202.76,12.76,26.39,0.6442,1,-1,-1
1263,236,821.43,153.49,10.43,19.68,0.3451,1,-1,-1
1263,238,1167.72,173.22,12.65,28.51,0.6049,1,-1,-1
1264,229,1006.35,221.21,18.15,34.31,0.6086,1,-1,-1
1264,230,838.01,203.90,13.72,31.50,0.5574,1,-1,-1
1264,231,617.91,213.55,16.36,30.45,0.5804,1,-1,-1
1264,232,972.57,144.34,11.59,21.17,0.5234,1,-1,-1
1264,235,508.86,203.48,13.00,26.63,0.6689,1,-1,-1
1264,236,822.58,153.56,10.61,19.98,0.3923,1,-1,-1
1264,238,1170.05,173.09,12.65,28.33,0.5332,1,-1,-1
1265,229,1007.46,220.82,18.76,35.65,0.5593,1,-1,-1
1265,230,839.73,204.33,14.33,32.48,0.5254,1,-1,-1
1265,231,618.83,214.12,16.38,30.47,0.5955,1,-1,-1
1265,232,973.53,144.68,11.69,21.24,0.5098,1,-1,-1
1265,235,509.65,204.28,12.96,26.20,0.6514,1,-1,-1
1265,236,823.78,153.62,10.54,19.81,0.3504,1,-1,-1
1265,238,1172.10,173.40,12.57,27.89,0.5195,1,-1,-1
1265,239,31.08,268.31,20.26,37.75,0.5622,1,-1,-1
1266,229,1008.23,220.95,19.12,36.69,0.6021,1,-1,-1
1266,230,842.05,204.23,15.20,33.82,0.6575,1,-1,-1
1266,231,619.91,214.85,16.45,30.63,0.5477,1,-1,-1
1266,232,974.99,144.89,11.81,21.38,0.5059,1,-1,-1
1266,235,510.02,204.36,13.49,27.05,0.6706,1,-1,-1
1266,236,824.80,153.65,10.41,19.66,0.5851,1,-1,-1
1266,238,1174.49,173.97,12.46,27.32,0.2689,1,-1,-1
1266,239,30.01,268.16,21.02,39.09,0.6243,1,-1,-1
1267,229,1009.87,221.48,18.72,36.11,0.5370,1,-1,-1
1267,230,843.84,204.50,14.95,33.28,0.6460,1,-1,-1
1267,231,621.27,215.09,16.41,30.65,0.5651,1,-1,-1
1267,232,976.00,145.30,11.93,21.61,0.5487,1,-1,-1
1267,235,511.27,205.26,13.38,26.54,0.6289,1,-1,-1
1267,236,825.63,153.68,10.48,19.94,0.6114,1,-1,-1
1267,238,1177.07,173.92,12.71,27.79,0.3877,1,-1,-1
1267,239,29.12,269.47,20.54,38.04,0.4436,1,-1,-1
1268,229,1011.21,221.76,18.96,37.33,0.6002,1,-1,-1
1268,230,845.40,204.93,14.93,33.13,0.6132,1,-1,-1
1268,231,622.50,214.89,16.50,30.68,0.5670,1,-1,-1
1268,232,976.79,144.91,12.14,22.11,0.5176,1,-1,-1
1268,235,512.32,205.63,13.54,26.56,0.6540,1,-1,-1
1268,236,826.46,154.01,10.69,20.43,0.5879,1,-1,-1
1268,238,1178.57,173.88,13.41,29.19,0.4092,1,-1,-1
1268,239,28.38,270.04,19.82,36.62,0.2651,1,-1,-1
1269,229,1013.35,223.24,17.95,35.85,0.6114,1,-1,-1
1269,230,847.77,205.85,14.95,33.01,0.6234,1,-1,-1
1269,231,623.88,215.18,16.76,31.11,0.5860,1,-1,-1
1269,232,977.54,144.77,12.35,22.63,0.3923,1,-1,-1
1269,235,512.89,205.50,13.71,26.86,0.6451,1,-1,-1
1269,236,827.27,153.89,10.82,20.66,0.6067,1,-1,-1
1269,238,1181.09,174.35,13.09,28.13,0.4301,1,-1,-1
1269,239,27.03,269.86,20.83,38.64,0.5927,1,-1,-1
1270,229,1015.98,224.55,17.91,35.88,0.5708,1,-1,-1
1270,230,849.21,205.97,14.96,32.97,0.5525,1,-1,-1
1270,231,625.29,215.92,16.45,30.41,0.5974,1,-1,-1
1270,232,978.98,145.45,12.25,22.54,0.4378,1,-1,-1
1270,235,513.93,206.08,13.83,27.10,0.6783,1,-1,-1
1270,236,828.36,153.89,10.78,20.41,0.5612,1,-1,-1
1270,238,1183.04,174.86,12.84,27.08,0.4912,1,-1,-1
1270,239,26.59,270.30,20.53,38.04,0.4951,1,-1,-1
1271,229,1018.12,225.23,17.81,35.58,0.6361,1,-1,-1
1271,230,850.50,206.32,14.96,32.90,0.5176,1,-1,-1
1271,231,626.28,215.94,17.02,31.46,0.6151,1,-1,-1
1271,232,979.76,145.98,12.35,22.77,0.4436,1,-1,-1
1271,235,514.78,206.55,14.03,27.47,0.6715,1,-1,-1
1271,236,829.73,153.85,11.32,21.39,0.5593,1,-1,-1
1271,238,1185.98,175.57,11.80,24.52,0.2720,1,-1,-1
1271,239,26.02,272.58,19.40,35.51,0.2379,1,-1,-1
1272,229,1018.59,225.38,17.99,35.89,0.6197,1,-1,-1
1272,230,851.07,206.53,14.94,32.91,0.5107,1,-1,-1
1272,231,626.69,216.37,16.80,31.21,0.5842,1,-1,-1
1272,232,979.74,146.13,12.45,23.11,0.4446,1,-1,-1
1272,235,513.90,206.80,14.14,27.48,0.6663,1,-1,-1
1272,236,829.59,154.04,11.44,21.43,0.5823,1,-1,-1
1272,238,1186.85,175.96,11.98,24.65,0.2422,1,-1,-1
1272,239,22.67,273.62,19.14,34.39,0.3858,1,-1,-1
1273,229,1016.90,225.78,17.82,35.51,0.5244,1,-1,-1
1273,231,625.13,217.54,16.33,30.28,0.4177,1,-1,-1
1280,242,959.77,230.83,17.79,35.79,0.6067,1,-1,-1
1280,243,441.97,211.56,16.61,29.21,0.5898,1,-1,-1
1280,244,562.15,221.89,16.00,33.76,0.5409,1,-1,-1
1281,242,960.31,231.07,18.25,36.71,0.5727,1,-1,-1
1281,243,441.95,212.11,17.15,30.15,0.6215,1,-1,-1
1281,244,562.63,222.29,16.13,34.01,0.6487,1,-1,-1
1281,245,766.39,155.68,13.58,22.54,0.5917,1,-1,-1
1282,242,961.16,231.83,17.95,36.13,0.5765,1,-1,-1
1282,243,441.80,212.71,17.71,31.16,0.5936,1,-1,-1
1282,244,563.35,223.04,16.12,33.97,0.6451,1,-1,-1
1282,245,767.54,155.72,13.48,22.37,0.6049,1,-1,-1
1282,246,799.68,212.91,13.92,34.09,0.5117,1,-1,-1
1283,242,961.79,232.30,17.96,36.28,0.5631,1,-1,-1
1283,243,442.38,213.65,17.61,31.04,0.5535,1,-1,-1
1283,244,563.27,223.10,16.51,34.72,0.6105,1,-1,-1
1283,245,768.93,155.68,13.44,22.34,0.5516,1,-1,-1
1283,246,802.18,214.01,14.10,34.51,0.5234,1,-1,-1
1283,248,966.77,232.99,15.03,36.38,0.5341,1,-1,-1
1284,242,962.44,233.01,17.48,35.50,0.4980,1,-1,-1
1284,243,442.40,213.82,17.79,31.40,0.5823,1,-1,-1
1284,244,564.38,224.45,16.30,34.18,0.6160,1,-1,-1
1284,245,770.06,155.21,13.64,22.77,0.5842,1,-1,-1
1284,246,804.01,215.21,14.36,35.02,0.5689,1,-1,-1
1284,248,966.57,232.87,15.35,37.08,0.4873,1,-1,-1
1284,249,921.39,148.43,11.59,23.93,0.5049,1,-1,-1
1285,242,963.40,233.48,18.17,36.98,0.4407,1,-1,-1
1285,243,442.18,214.05,17.99,32.00,0.6105,1,-1,-1
1285,244,565.36,225.67,16.27,33.94,0.6469,1,-1,-1
1285,245,770.64,154.35,14.12,23.73,0.5784,1,-1,-1
1285,246,806.00,215.71,14.61,35.35,0.6487,1,-1,-1
1285,248,968.39,233.56,15.85,38.25,0.5612,1,-1,-1
1285,249,921.87,148.65,11.82,24.41,0.4863,1,-1,-1
1285,251,662.53,144.75,13.53,31.65,0.4649,1,-1,-1
1286,242,964.54,234.62,18.41,37.38,0.3460,1,-1,-1
1286,243,443.22,214.58,17.26,31.01,0.6067,1,-1,-1
1286,244,566.71,226.61,16.36,34.03,0.5993,1,-1,-1
1286,245,771.68,155.34,13.74,23.25,0.5898,1,-1,-1
1286,246,808.05,215.81,14.94,35.76,0.5936,1,-1,-1
1286,248,969.46,234.40,16.05,38.53,0.5784,1,-1,-1
1286,249,922.70,148.44,11.93,24.67,0.4990,1,-1,-1
1286,251,662.82,145.50,13.40,31.34,0.3285,1,-1,-1
1287,242,965.32,235.79,18.28,36.91,0.2561,1,-1,-1
1287,243,443.56,215.22,16.81,30.39,0.6215,1,-1,-1
1287,244,566.70,226.93,16.78,34.66,0.6160,1,-1,-1
1287,245,772.49,155.94,13.57,23.02,0.5438,1,-1,-1
1287,246,808.83,216.14,14.99,35.66,0.4620,1,-1,-1
1287,248,970.90,235.39,15.90,37.85,0.5842,1,-1,-1
1287,249,923.35,148.70,11.96,24.72,0.4523,1,-1,-1
1287,251,662.80,145.52,13.55,31.71,0.3513,1,-1,-1
1288,242,967.47,237.78,17.61,35.45,0.5429,1,-1,-1
1288,243,442.62,216.20,16.41,29.65,0.5631,1,-1,-1
1288,244,565.81,228.07,16.54,33.79,0.6558,1,-1,-1
1288,245,771.57,156.91,13.35,22.67,0.4883,1,-1,-1
1288,246,808.42,216.34,15.01,35.58,0.5224,1,-1,-1
1288,248,972.61,237.00,15.50,36.85,0.4620,1,-1,-1
1288,249,923.32,149.29,11.33,23.43,0.4321,1,-1,-1
1288,251,662.55,144.71,11.85,27.53,0.1168,1,-1,-1
1289,242,966.13,237.86,17.87,35.86,0.4941,1,-1,-1
1292,252,1812.61,54.63,97.88,70.03,0.6706,4,-1,-1
1292,253,954.96,5.84,86.32,46.99,0.5955,4,-1,-1
1293,252,1800.13,48.47,111.36,79.45,0.3007,4,-1,-1
1293,253,945.52,6.46,81.16,44.14,0.3612,4,-1,-1
1294,253,931.46,3.71,80.54,43.84,0.1339,6,-1,-1
1295,254,363.76,223.06,15.50,31.65,0.6531,1,-1,-1
1295,255,908.06,242.86,21.00,36.91,0.5993,1,-1,-1
1296,254,362.57,223.90,15.74,32.10,0.6826,1,-1,-1
1296,255,906.97,243.33,21.56,37.99,0.5554,1,-1,-1
1296,256,494.96,234.28,17.99,34.60,0.6325,1,-1,-1
1296,236,855.42,151.40,12.92,24.96,0.5137,1,-1,-1
1297,254,362.38,224.81,15.73,32.02,0.6775,1,-1,-1
1297,255,907.40,244.29,21.71,38.30,0.5823,1,-1,-1
1297,256,495.12,234.59,18.13,34.89,0.6307,1,-1,-1
1297,257,583.07,144.90,16.19,33.97,0.6011,1,-1,-1
1297,236,856.08,151.15,13.17,26.16,0.5689,1,-1,-1
1298,254,362.23,225.65,15.67,31.80,0.6843,1,-1,-1
1298,255,908.31,244.56,22.34,39.49,0.6114,1,-1,-1
1298,256,494.94,234.69,19.03,36.70,0.5487,1,-1,-1
1298,257,583.71,145.70,16.02,33.68,0.5554,1,-1,-1
1298,236,857.11,150.95,12.96,26.07,0.5127,1,-1,-1
1298,258,749.24,221.95,14.37,37.59,0.5870,1,-1,-1
1299,254,362.27,226.18,15.66,31.68,0.6876,1,-1,-1
1299,255,909.00,244.68,22.72,40.31,0.6689,1,-1,-1
1299,256,494.78,235.17,19.59,37.93,0.5554,1,-1,-1
1299,257,584.01,146.08,16.04,33.80,0.5689,1,-1,-1
1299,236,858.29,151.04,12.77,25.70,0.4893,1,-1,-1
1299,258,751.12,222.29,14.47,37.82,0.5746,1,-1,-1
1299,259,703.50,160.99,13.02,24.44,0.5554,1,-1,-1
1300,254,362.55,226.46,15.68,31.63,0.6723,1,-1,-1
1300,255,910.19,245.50,22.53,40.27,0.5964,1,-1,-1
1300,256,495.46,236.38,19.50,38.01,0.6086,1,-1,-1
1300,257,584.33,146.79,15.75,33.33,0.5554,1,-1,-1
1300,236,859.29,151.61,12.32,24.79,0.5487,1,-1,-1
1300,258,753.17,222.87,14.30,37.33,0.3032,1,-1,-1
1300,259,704.49,160.81,12.76,23.95,0.5879,1,-1,-1
1301,254,362.78,227.23,15.73,31.73,0.6567,1,-1,-1
1301,255,911.12,246.25,22.32,40.38,0.6496,1,-1,-1
1301,256,496.26,237.48,19.12,37.51,0.6307,1,-1,-1
1301,257,584.60,147.47,15.55,33.07,0.5078,1,-1,-1
1301,236,860.38,152.68,12.12,24.30,0.5477,1,-1,-1
1301,258,754.88,224.22,14.81,38.55,0.5419,1,-1,-1
1301,259,705.53,160.61,12.93,24.29,0.6215,1,-1,-1
1302,254,362.97,227.51,16.04,32.40,0.6843,1,-1,-1
1302,255,911.87,247.42,22.01,40.36,0.6243,1,-1,-1
1302,256,497.26,238.28,18.83,37.09,0.6234,1,-1,-1
1302,257,584.83,147.85,15.24,32.60,0.4340,1,-1,-1
1302,236,861.61,153.82,11.64,23.20,0.5516,1,-1,-1
1302,258,757.66,225.49,14.50,37.45,0.6558,1,-1,-1
1302,259,706.37,160.54,13.00,24.48,0.6361,1,-1,-1
1303,254,363.23,228.77,15.68,31.76,0.6261,1,-1,-1
1303,255,912.85,248.31,22.12,41.15,0.6406,1,-1,-1
1303,256,498.13,239.11,19.02,37.79,0.6160,1,-1,-1
1303,257,584.85,148.04,15.01,32.27,0.3346,1,-1,-1
1303,236,862.63,154.36,11.54,22.99,0.5842,1,-1,-1
1303,258,760.03,226.28,14.32,36.56,0.6086,1,-1,-1
1303,259,707.10,160.47,13.40,25.25,0.5974,1,-1,-1
1304,254,363.29,229.14,15.71,32.06,0.6058,1,-1,-1
1304,255,913.32,249.29,21.50,40.38,0.5525,1,-1,-1
1304,256,499.19,240.53,19.23,38.23,0.6215,1,-1,-1
1304,257,584.70,149.21,14.48,31.34,0.3381,1,-1,-1
1304,236,863.44,154.92,11.45,22.84,0.5332,1,-1,-1
1304,258,761.93,226.86,14.69,36.98,0.6049,1,-1,-1
1304,259,708.06,160.86,13.46,25.34,0.5467,1,-1,-1
1305,254,363.31,229.40,15.74,32.49,0.5927,1,-1,-1
1305,255,914.13,250.24,20.31,38.35,0.5117,1,-1,-1
1305,256,500.06,241.31,19.51,38.73,0.6540,1,-1,-1
1305,257,584.18,150.27,14.01,30.57,0.2568,1,-1,-1
1305,236,863.97,155.30,11.49,22.79,0.5670,1,-1,-1
1305,258,763.03,227.44,15.08,37.46,0.6433,1,-1,-1
1305,259,709.07,160.99,13.57,25.50,0.5936,1,-1,-1
1305,260,919.51,249.46,15.63,40.01,0.5068,1,-1,-1
1306,254,363.58,229.83,15.49,32.22,0.5908,1,-1,-1
1306,256,500.49,241.41,19.95,39.55,0.6549,1,-1,-1
1306,257,584.45,151.35,13.69,30.09,0.2275,1,-1,-1
1306,236,864.83,155.58,11.63,22.71,0.5467,1,-1,-1
1306,258,764.27,227.89,15.54,38.33,0.6505,1,-1,-1
1306,259,710.15,160.68,13.53,25.27,0.4533,1,-1,-1
1306,260,919.16,250.57,15.94,40.69,0.5545,1,-1,-1
1307,254,363.82,230.46,15.50,32.26,0.5955,1,-1,-1
1307,256,500.94,241.88,19.83,39.32,0.6478,1,-1,-1
1307,257,584.68,151.94,13.57,29.95,0.2728,1,-1,-1
1307,236,865.39,155.87,11.67,22.51,0.5078,1,-1,-1
1307,258,765.52,228.20,16.32,40.35,0.6379,1,-1,-1
1307,259,711.29,160.79,13.33,24.56,0.3675,1,-1,-1
1307,260,921.06,251.27,16.48,41.87,0.5409,1,-1,-1
1308,254,363.89,231.30,15.18,31.73,0.5554,1,-1,-1
1308,256,501.49,242.42,19.44,38.83,0.6077,1,-1,-1
1308,257,585.01,151.87,13.62,30.26,0.3157,1,-1,-1
1308,236,866.55,155.96,11.64,22.45,0.4292,1,-1,-1
1308,258,767.05,228.61,16.40,40.56,0.6361,1,-1,-1
1308,259,711.94,161.09,13.27,24.26,0.3831,1,-1,-1
1308,260,921.07,252.51,16.67,42.16,0.4863,1,-1,-1
1309,254,363.55,232.14,15.48,32.59,0.5879,1,-1,-1
1309,256,502.13,242.86,19.28,38.56,0.6280,1,-1,-1
1309,257,585.26,151.63,13.70,30.69,0.2713,1,-1,-1
1309,236,867.21,155.64,11.82,22.82,0.4542,1,-1,-1
1309,258,768.40,229.39,16.57,40.64,0.7033,1,-1,-1
1309,259,712.21,161.49,13.46,24.48,0.5088,1,-1,-1
1309,260,922.30,254.16,16.90,42.32,0.4776,1,-1,-1
1310,254,363.55,232.81,15.32,32.48,0.5612,1,-1,-1
1310,256,502.78,243.35,19.43,38.86,0.6352,1,-1,-1
1310,257,585.29,151.83,13.63,30.73,0.2193,1,-1,-1
1310,236,868.05,155.53,11.77,22.84,0.4756,1,-1,-1
1310,258,769.85,229.89,16.54,40.19,0.6715,1,-1,-1
1310,259,712.41,161.68,13.75,24.91,0.5146,1,-1,-1
1310,260,925.25,255.40,16.92,41.88,0.5612,1,-1,-1
1311,254,364.11,233.48,15.35,32.74,0.5660,1,-1,-1
1311,256,503.17,244.38,19.63,39.22,0.6926,1,-1,-1
1311,257,585.54,151.79,13.68,31.12,0.1790,1,-1,-1
1311,236,868.63,155.49,11.89,23.18,0.5651,1,-1,-1
1311,258,771.32,230.57,16.73,40.54,0.5737,1,-1,-1
1311,259,713.60,162.08,13.80,24.88,0.3540,1,-1,-1
1311,260,926.37,254.97,17.74,43.22,0.6067,1,-1,-1
1312,254,364.13,233.96,15.57,33.37,0.6077,1,-1,-1
1312,256,503.48,244.98,19.80,39.57,0.6775,1,-1,-1
1312,257,585.53,151.98,13.56,31.14,0.1656,1,-1,-1
1312,236,869.56,156.29,11.77,22.92,0.4263,1,-1,-1
1312,258,772.86,231.62,16.57,40.15,0.6316,1,-1,-1
1312,259,714.43,162.56,13.79,24.91,0.3794,1,-1,-1
1312,260,928.32,256.27,17.66,42.59,0.5689,1,-1,-1
1312,255,922.75,256.26,21.68,41.69,0.5746,1,-1,-1
1313,254,364.29,234.62,15.54,33.25,0.6496,1,-1,-1
1313,256,504.16,247.07,19.10,38.16,0.6792,1,-1,-1
1313,257,585.53,152.55,13.34,30.88,0.2173,1,-1,-1
1313,236,869.93,156.15,12.25,23.90,0.4600,1,-1,-1
1313,258,774.46,232.51,16.24,39.37,0.6531,1,-1,-1
1313,259,714.98,163.02,13.72,24.87,0.3294,1,-1,-1
1313,260,930.30,257.01,18.12,43.32,0.2160,1,-1,-1
1313,255,924.02,257.02,21.76,42.32,0.6142,1,-1,-1
1314,254,364.41,236.04,15.26,32.36,0.6637,1,-1,-1
1314,256,505.24,248.86,18.46,36.89,0.6910,1,-1,-1
1314,257,585.61,153.10,13.07,30.50,0.2180,1,-1,-1
1314,236,871.25,156.13,12.08,23.67,0.4017,1,-1,-1
1314,258,775.84,232.67,16.10,39.37,0.6645,1,-1,-1
1314,259,715.47,163.48,13.83,25.20,0.4102,1,-1,-1
1314,260,931.41,258.15,18.64,44.10,0.5860,1,-1,-1
1314,255,924.54,258.18,21.42,42.60,0.6011,1,-1,-1
1315,254,364.43,237.07,15.14,31.85,0.6740,1,-1,-1
1315,256,506.22,249.99,18.19,36.46,0.6926,1,-1,-1
1315,257,585.59,153.55,12.83,30.16,0.1192,1,-1,-1
1315,236,872.53,156.78,11.93,23.35,0.4591,1,-1,-1
1315,258,777.56,232.73,15.97,39.56,0.5955,1,-1,-1
1315,259,715.81,164.10,13.85,25.43,0.4349,1,-1,-1
1315,260,932.70,259.39,19.05,44.64,0.5842,1,-1,-1
1315,255,924.93,259.19,21.01,42.73,0.5842,1,-1,-1
1316,254,364.24,237.88,15.17,31.69,0.6671,1,-1,-1
1316,256,506.93,250.58,18.53,37.28,0.6800,1,-1,-1
1316,236,873.30,157.15,12.27,23.96,0.4552,1,-1,-1
1316,258,778.70,232.91,16.16,40.38,0.5842,1,-1,-1
1316,259,716.44,164.25,13.74,25.28,0.4552,1,-1,-1
1316,260,932.29,260.74,19.32,44.37,0.6531,1,-1,-1
1317,254,364.41,239.64,15.10,31.40,0.6334,1,-1,-1
1317,256,507.18,251.64,18.55,37.54,0.6671,1,-1,-1
1317,236,873.83,157.54,12.42,24.19,0.4417,1,-1,-1
1317,258,780.49,234.40,15.81,39.68,0.6697,1,-1,-1
1317,259,717.18,164.39,13.70,25.10,0.4378,1,-1,-1
1317,260,932.05,261.57,19.82,44.64,0.6775,1,-1,-1
1318,254,364.05,240.54,15.46,32.13,0.6619,1,-1,-1
1318,256,507.57,252.08,18.74,38.13,0.6689,1,-1,-1
1318,236,874.08,157.64,12.66,24.68,0.5651,1,-1,-1
1318,258,782.15,235.11,15.72,39.74,0.6715,1,-1,-1
1318,259,717.96,164.74,13.63,24.99,0.4630,1,-1,-1
1318,260,932.46,262.74,19.97,44.32,0.6876,1,-1,-1
1319,254,363.58,240.83,15.81,32.88,0.6549,1,-1,-1
1319,256,507.76,252.89,18.82,38.70,0.6671,1,-1,-1
1319,236,874.72,157.80,12.65,24.78,0.5689,1,-1,-1
1319,258,783.52,235.69,15.82,40.23,0.5146,1,-1,-1
1319,259,719.53,165.10,13.46,24.78,0.4863,1,-1,-1
1319,260,932.60,263.29,20.52,45.21,0.6584,1,-1,-1
1320,254,363.04,241.38,15.88,32.96,0.6540,1,-1,-1
1320,256,507.69,253.77,18.77,38.97,0.6860,1,-1,-1
1320,236,875.18,157.68,12.82,25.19,0.5804,1,-1,-1
1320,258,784.97,237.61,15.92,40.70,0.5879,1,-1,-1
1320,259,721.32,165.30,13.14,24.46,0.5010,1,-1,-1
1320,260,933.29,264.17,20.44,44.86,0.6758,1,-1,-1
1321,254,362.67,241.67,15.91,33.09,0.6325,1,-1,-1
1321,256,508.02,254.57,18.91,39.59,0.7058,1,-1,-1
1321,236,875.74,157.87,12.98,25.44,0.5496,1,-1,-1
1321,258,786.56,238.95,16.33,41.55,0.6522,1,-1,-1
1321,259,721.91,165.51,12.93,24.18,0.4378,1,-1,-1
1321,260,934.05,265.21,20.36,44.63,0.5983,1,-1,-1
1322,254,362.58,242.72,15.62,32.46,0.6197,1,-1,-1
1322,256,508.37,255.64,18.93,39.86,0.7154,1,-1,-1
1322,236,876.30,158.11,12.97,25.44,0.5322,1,-1,-1
1322,258,788.32,239.52,16.54,41.98,0.6800,1,-1,-1
1322,259,722.52,166.00,12.47,23.46,0.3803,1,-1,-1
1322,260,933.89,266.37,20.51,44.79,0.6697,1,-1,-1
1323,254,362.55,243.35,15.57,32.44,0.6522,1,-1,-1
1323,256,508.68,256.80,19.06,40.29,0.7170,1,-1,-1
1323,236,877.07,158.64,12.67,24.93,0.4893,1,-1,-1
1323,258,790.00,240.18,16.57,42.12,0.6766,1,-1,-1
1323,259,722.96,166.22,12.30,23.26,0.3504,1,-1,-1
1323,260,934.30,267.41,20.68,45.07,0.6415,1,-1,-1
1324,254,362.48,243.98,15.67,32.83,0.5804,1,-1,-1
1324,256,509.03,257.36,19.48,41.09,0.7042,1,-1,-1
1324,236,878.10,159.00,12.52,24.70,0.5746,1,-1,-1
1324,258,791.00,241.01,16.87,42.82,0.7146,1,-1,-1
1324,259,723.37,166.25,12.30,23.33,0.3294,1,-1,-1
1324,260,934.50,268.35,20.92,45.43,0.6361,1,-1,-1
1324,265,1136.97,195.01,13.78,30.29,0.5049,1,-1,-1
1325,254,362.37,244.77,15.72,33.11,0.4688,1,-1,-1
1325,256,509.68,258.13,19.78,41.33,0.6758,1,-1,-1
1325,236,878.83,159.36,12.36,24.44,0.5746,1,-1,-1
1325,258,792.12,242.05,16.84,42.58,0.7050,1,-1,-1
1325,259,723.66,166.62,12.20,23.19,0.3285,1,-1,-1
1325,260,935.41,268.89,21.36,46.55,0.5737,1,-1,-1
1325,265,1136.14,195.38,13.81,30.14,0.3157,1,-1,-1
1326,254,362.31,245.42,15.78,33.54,0.5860,1,-1,-1
1326,256,510.15,259.75,19.93,40.99,0.6169,1,-1,-1
1326,236,879.11,159.34,12.59,24.95,0.5784,1,-1,-1
1326,258,793.10,243.37,17.32,43.21,0.6766,1,-1,-1
1326,259,724.11,167.08,12.08,22.92,0.2451,2,-1,-1
1326,260,939.50,270.34,20.64,46.12,0.5746,1,-1,-1
1326,265,1136.86,195.34,14.35,31.07,0.2516,1,-1,-1
1326,255,932.04,270.44,21.32,44.98,0.4922,1,-1,-1
1327,254,362.26,245.60,16.14,34.57,0.6451,1,-1,-1
1327,256,510.36,261.33,20.59,41.83,0.5737,1,-1,-1
1327,236,879.39,159.17,12.88,25.55,0.5651,1,-1,-1
1327,258,793.90,243.85,17.63,43.32,0.6531,1,-1,-1
1327,259,724.95,166.87,12.41,23.16,0.2830,1,-1,-1
1327,260,941.63,271.88,19.90,45.37,0.5670,1,-1,-1
1327,265,1139.90,195.41,14.23,30.52,0.4571,1,-1,-1
1327,255,933.91,271.43,20.73,44.31,0.4581,1,-1,-1
1328,254,362.36,245.89,16.40,35.15,0.6817,1,-1,-1
1328,256,511.04,262.41,20.94,42.04,0.6215,1,-1,-1
1328,236,880.35,159.30,12.88,25.73,0.5078,1,-1,-1
1328,258,795.05,244.39,17.73,43.00,0.6424,1,-1,-1
1328,259,726.13,166.32,13.13,24.18,0.3849,1,-1,-1
1328,260,941.73,272.80,19.83,45.37,0.5244,1,-1,-1
1328,265,1140.99,195.36,14.28,30.16,0.4795,1,-1,-1
1328,255,935.97,272.49,20.57,43.49,0.5254,1,-1,-1
1329,254,362.27,246.23,16.59,35.53,0.7066,1,-1,-1
1329,256,511.97,263.61,20.62,40.99,0.6142,1,-1,-1
1329,236,881.20,159.52,12.49,25.09,0.4235,1,-1,-1
1329,258,796.16,244.67,17.78,42.76,0.6732,1,-1,-1
1329,259,726.99,166.47,13.42,24.35,0.3049,1,-1,-1
1329,260,942.58,273.54,19.89,45.55,0.5049,1,-1,-1
1329,265,1141.27,195.68,14.22,29.87,0.2613,1,-1,-1
1329,255,937.11,273.83,20.48,42.57,0.5351,1,-1,-1
1330,254,362.44,246.60,16.73,35.68,0.6783,1,-1,-1
1330,256,512.11,264.50,20.89,40.85,0.6460,1,-1,-1
1330,236,882.21,159.47,12.88,25.94,0.4130,1,-1,-1
1330,258,798.00,244.81,17.60,42.37,0.6749,1,-1,-1
1330,259,727.89,166.86,13.52,24.12,0.2744,1,-1,-1
1330,260,943.16,274.70,20.53,46.63,0.5708,1,-1,-1
1330,265,1143.62,196.56,15.00,30.58,0.1830,1,-1,-1
1330,255,938.36,275.03,21.26,43.86,0.4600,1,-1,-1
1331,254,362.27,247.67,16.88,35.52,0.6584,1,-1,-1
1331,256,513.05,264.71,21.07,40.76,0.6397,1,-1,-1
1331,236,883.00,160.34,12.55,25.33,0.4216,1,-1,-1
1331,258,799.95,245.54,17.52,42.51,0.6433,1,-1,-1
1331,259,728.09,166.77,13.56,24.17,0.3914,1,-1,-1
1331,260,945.45,276.60,20.78,47.34,0.5059,1,-1,-1
1331,265,1143.11,195.92,15.13,31.28,0.1105,1,-1,-1
1331,255,937.94,276.78,21.74,45.03,0.4620,1,-1,-1
1332,254,362.36,248.21,17.28,35.87,0.6433,1,-1,-1
1332,256,513.51,265.27,21.08,40.39,0.5670,1,-1,-1
1332,236,883.82,160.96,12.22,24.67,0.4465,1,-1,-1
1332,258,801.36,245.89,17.73,42.99,0.6593,1,-1,-1
1332,259,728.48,167.00,13.48,24.10,0.5263,1,-1,-1
1332,260,946.83,277.96,20.72,47.03,0.5708,1,-1,-1
1332,255,937.46,278.43,21.66,45.70,0.4737,1,-1,-1
1333,254,362.34,249.48,17.23,35.47,0.6766,1,-1,-1
1333,256,513.53,266.62,21.10,40.39,0.5631,1,-1,-1
1333,236,884.67,161.51,12.42,25.08,0.4436,1,-1,-1
1333,258,803.10,246.79,17.68,43.00,0.6968,1,-1,-1
1333,259,728.67,167.51,13.48,24.27,0.5400,1,-1,-1
1333,260,946.61,278.94,21.13,47.52,0.5689,1,-1,-1
1333,255,937.64,279.02,21.51,46.43,0.3363,1,-1,-1
1334,254,361.79,250.49,17.30,35.42,0.6749,1,-1,-1
1334,256,513.60,267.62,21.31,40.89,0.5670,1,-1,-1
1334,236,884.75,161.57,12.86,25.95,0.3748,1,-1,-1
1334,258,804.70,247.50,18.01,43.88,0.6968,1,-1,-1
1334,259,729.38,167.17,13.92,25.13,0.5361,1,-1,-1
1334,260,946.24,279.38,21.95,48.04,0.6469,1,-1,-1
1335,254,361.50,251.18,17.30,35.35,0.6984,1,-1,-1
1335,256,514.31,268.58,21.33,40.83,0.5974,1,-1,-1
1335,236,885.10,161.73,12.79,25.78,0.4330,1,-1,-1
1335,258,806.75,248.21,17.58,43.15,0.6215,1,-1,-1
1335,259,730.59,167.50,13.93,25.03,0.5842,1,-1,-1
1335,260,946.16,280.26,22.18,47.93,0.5765,1,-1,-1
1336,254,361.12,252.46,17.19,34.82,0.7066,1,-1,-1
1336,256,514.67,269.04,21.38,41.06,0.6451,1,-1,-1
1336,236,885.73,162.04,12.88,25.91,0.5176,1,-1,-1
1336,258,808.78,249.71,17.06,42.13,0.6522,1,-1,-1
1336,259,731.41,167.36,14.30,25.52,0.5917,1,-1,-1
1336,260,945.97,281.17,22.53,48.30,0.6049,1,-1,-1
1336,268,1158.94,198.13,15.29,32.45,0.4756,1,-1,-1
1337,254,360.91,253.16,17.04,34.41,0.6918,1,-1,-1
1337,256,514.79,269.46,21.64,41.79,0.6851,1,-1,-1
1337,236,886.52,162.19,12.87,25.98,0.4581,1,-1,-1
1337,258,810.35,250.46,17.41,43.10,0.6783,1,-1,-1
1337,259,731.89,167.18,14.80,26.33,0.5917,1,-1,-1
1337,260,945.97,281.79,22.86,48.80,0.6234,1,-1,-1
1337,268,1161.57,198.70,14.79,31.48,0.5137,1,-1,-1
1338,254,360.67,253.47,17.15,34.74,0.6628,1,-1,-1
1338,256,515.11,270.02,22.12,42.99,0.7033,1,-1,-1
1338,236,886.89,161.77,13.45,27.21,0.3812,1,-1,-1
1338,258,811.77,251.00,17.49,43.79,0.6984,1,-1,-1
1338,259,732.43,167.68,14.68,26.12,0.4873,1,-1,-1
1338,260,946.15,282.85,22.98,48.91,0.6307,1,-1,-1
1338,268,1163.90,199.61,14.37,30.71,0.3675,1,-1,-1
1339,254,360.45,253.87,17.42,35.60,0.6645,1,-1,-1
1339,256,515.98,271.23,22.09,43.43,0.6918,1,-1,-1
1339,236,887.78,161.95,13.17,26.45,0.3961,1,-1,-1
1339,258,813.38,251.43,17.61,44.47,0.6415,1,-1,-1
1339,259,733.19,168.21,14.74,26.31,0.5390,1,-1,-1
1339,260,949.38,284.40,22.32,48.49,0.5593,1,-1,-1
1339,268,1165.54,201.42,14.34,30.67,0.2775,1,-1,-1
1339,255,945.31,283.86,21.83,48.05,0.5823,1,-1,-1
1340,254,360.04,253.78,17.81,36.89,0.6270,1,-1,-1
1340,256,516.66,272.29,21.85,43.53,0.6697,1,-1,-1
1340,236,888.45,161.06,13.91,27.85,0.4263,1,-1,-1
1340,258,815.04,252.17,18.05,45.51,0.6370,1,-1,-1
1340,259,733.98,168.86,14.63,26.10,0.5254,1,-1,-1
1340,260,951.02,285.06,22.37,49.93,0.5936,1,-1,-1
1340,268,1167.06,202.90,14.02,30.08,0.2682,1,-1,-1
1340,269,1846.76,264.77,17.09,37.68,0.5137,1,-1,-1
1340,255,946.01,284.79,21.23,47.77,0.6252,1,-1,-1
1341,254,360.95,254.27,17.45,36.51,0.6602,1,-1,-1
1341,256,517.69,273.99,21.46,42.87,0.6505,1,-1,-1
1341,236,889.20,161.31,13.76,27.24,0.2207,1,-1,-1
1341,258,816.22,253.16,18.10,45.37,0.6749,1,-1,-1
1341,259,734.55,168.69,14.88,26.52,0.4951,1,-1,-1
1341,268,1167.56,202.96,13.56,29.17,0.3923,1,-1,-1
1341,269,1850.77,265.30,16.60,36.62,0.5823,1,-1,-1
1341,255,947.80,285.54,22.56,51.03,0.6610,1,-1,-1
1342,254,361.41,254.85,17.45,36.98,0.6740,1,-1,-1
1342,256,518.20,275.20,20.99,42.12,0.6451,1,-1,-1
1342,236,889.82,161.47,13.82,27.14,0.1931,1,-1,-1
1342,258,817.61,253.98,18.11,44.99,0.6433,1,-1,-1
1342,259,735.24,168.81,15.01,26.70,0.4971,1,-1,-1
1342,269,1854.03,266.25,16.27,35.96,0.5955,1,-1,-1
1342,255,948.79,286.93,22.81,51.63,0.6433,1,-1,-1
1343,254,361.52,255.52,17.58,37.76,0.6388,1,-1,-1
1343,256,518.71,275.97,20.71,41.52,0.6361,1,-1,-1
1343,236,890.46,161.77,13.91,26.99,0.1613,1,-1,-1
1343,258,819.68,254.55,18.05,44.52,0.6602,1,-1,-1
1343,259,735.54,168.98,14.97,26.72,0.4883,1,-1,-1
1343,269,1857.48,265.95,16.47,36.31,0.4475,1,-1,-1
1343,255,949.28,287.67,22.85,52.09,0.6361,1,-1,-1
1343,268,1173.40,202.72,14.18,30.57,0.4533,1,-1,-1
1344,254,361.57,256.26,17.45,37.90,0.6893,1,-1,-1
1344,256,518.90,276.48,20.98,42.03,0.6160,1,-1,-1
1344,236,891.10,162.09,13.74,26.42,0.1818,1,-1,-1
1344,258,821.07,254.94,18.34,44.88,0.6469,1,-1,-1
1344,259,735.86,169.42,14.77,26.45,0.4168,1,-1,-1
1344,269,1860.75,266.24,16.86,37.08,0.3970,1,-1,-1
1344,255,950.49,288.20,22.95,52.15,0.6575,1,-1,-1
1344,268,1175.64,203.12,13.91,30.02,0.5117,1,-1,-1
1345,254,361.73,256.77,17.20,37.70,0.6584,1,-1,-1
1345,256,518.99,276.99,21.68,43.57,0.6307,1,-1,-1
1345,236,891.79,161.82,14.07,26.93,0.2140,1,-1,-1
1345,258,821.87,255.45,18.03,43.96,0.6783,1,-1,-1
1345,259,736.57,170.10,14.22,25.68,0.2207,1,-1,-1
1345,269,1863.36,266.26,17.06,37.40,0.5879,1,-1,-1
1345,255,951.47,288.86,23.12,52.37,0.6325,1,-1,-1
1345,268,1176.78,203.27,14.35,30.80,0.4465,1,-1,-1
1346,254,361.99,257.46,17.52,38.76,0.6567,1,-1,-1
1346,256,519.39,277.46,22.18,44.65,0.6451,1,-1,-1
1346,236,892.57,161.72,14.36,27.41,0.2309,1,-1,-1
1346,258,824.19,256.09,18.17,43.56,0.6766,1,-1,-1
1346,259,738.43,170.60,14.15,25.22,0.1510,1,-1,-1
1346,269,1865.98,266.13,17.12,37.35,0.5823,1,-1,-1
1346,255,951.95,289.74,23.70,53.24,0.6270,1,-1,-1
1346,268,1177.09,203.49,15.23,32.51,0.4073,1,-1,-1
1346,272,1735.27,174.20,13.13,23.56,0.4513,1,-1,-1
1347,254,362.23,258.42,17.90,39.77,0.6460,1,-1,-1
1347,256,519.95,278.02,22.53,45.45,0.6918,1,-1,-1
1347,236,893.20,162.00,14.52,27.62,0.1883,1,-1,-1
1347,258,825.63,257.68,18.79,44.23,0.6851,1,-1,-1
1347,259,739.29,171.33,13.94,24.78,0.1767,1,-1,-1
1347,269,1868.85,265.89,18.22,39.53,0.5631,1,-1,-1
1347,255,953.21,290.72,23.73,52.95,0.5832,1,-1,-1
1347,268,1178.13,203.90,15.14,32.10,0.3140,1,-1,-1
1347,272,1736.67,173.91,13.38,23.96,0.5000,1,-1,-1
1348,254,362.75,259.26,17.93,39.66,0.6406,1,-1,-1
1348,256,521.08,278.60,22.25,44.88,0.6558,1,-1,-1
1348,236,893.59,162.58,14.28,26.97,0.3451,1,-1,-1
1348,258,826.60,258.34,19.45,45.08,0.6834,1,-1,-1
1348,259,739.65,171.59,13.79,24.62,0.2553,1,-1,-1
1348,269,1872.69,265.96,16.99,36.45,0.2689,1,-1,-1
1348,255,954.13,291.91,23.79,52.52,0.6002,1,-1,-1
1348,268,1179.69,204.37,14.72,30.98,0.3739,1,-1,-1
1348,272,1739.33,174.50,13.23,23.68,0.4282,1,-1,-1
1349,254,363.15,259.63,18.20,40.05,0.6531,1,-1,-1
1349,256,522.25,278.91,22.01,44.62,0.6851,1,-1,-1
1349,236,894.19,164.20,13.66,25.46,0.4064,1,-1,-1
1349,258,827.38,259.00,19.70,45.18,0.6749,1,-1,-1
1349,259,740.51,171.23,13.85,24.65,0.3372,1,-1,-1
1349,269,1875.14,266.42,17.25,36.67,0.3513,1,-1,-1
1349,255,955.39,292.87,23.82,51.97,0.6058,1,-1,-1
1349,268,1180.27,204.51,15.13,31.25,0.3730,1,-1,-1
1349,272,1742.28,175.13,13.02,23.10,0.4121,1,-1,-1
1350,254,363.47,260.32,18.70,40.93,0.6740,1,-1,-1
1350,256,523.17,279.47,21.92,44.55,0.6868,1,-1,-1
1350,236,894.63,165.04,13.42,24.66,0.3684,1,-1,-1
1350,258,827.95,259.75,19.95,45.05,0.6834,1,-1,-1
1350,259,740.75,171.85,13.27,23.83,0.4092,1,-1,-1
1350,269,1876.94,266.20,17.92,37.78,0.4475,1,-1,-1
1350,255,955.90,293.87,23.91,51.25,0.6179,1,-1,-1
1350,268,1181.39,204.41,15.82,32.14,0.3460,1,-1,-1
1350,272,1744.14,175.11,13.01,22.94,0.4727,1,-1,-1
1351,254,363.39,261.11,18.25,39.55,0.7186,1,-1,-1
1351,256,524.09,280.38,21.94,44.59,0.6628,1,-1,-1
1351,236,895.10,165.09,13.50,24.54,0.4620,1,-1,-1
1351,258,828.62,260.27,20.32,45.41,0.6628,1,-1,-1
1351,259,741.40,171.66,13.22,23.93,0.4397,1,-1,-1
1351,269,1879.43,267.33,18.12,38.11,0.5000,1,-1,-1
1351,255,956.08,294.23,24.15,50.96,0.6086,1,-1,-1
1351,268,1182.04,204.74,15.96,31.93,0.2854,1,-1,-1
1351,272,1745.55,175.02,13.20,23.35,0.4746,1,-1,-1
1352,254,363.66,261.94,17.83,38.28,0.7058,1,-1,-1
1352,256,524.89,280.99,21.74,44.17,0.6540,1,-1,-1
1352,236,895.55,164.71,13.90,25.05,0.5302,1,-1,-1
1352,258,829.62,260.06,20.67,46.14,0.6451,1,-1,-1
1352,259,742.10,171.48,13.29,24.24,0.5059,1,-1,-1
1352,269,1881.45,267.41,18.59,39.06,0.4311,1,-1,-1
1352,255,956.45,294.64,24.61,51.46,0.6234,1,-1,-1
1352,268,1185.31,204.87,15.33,31.17,0.4668,1,-1,-1
1352,272,1746.98,175.17,12.93,22.84,0.4388,1,-1,-1
1353,254,363.48,262.79,17.68,37.60,0.6826,1,-1,-1
1353,256,525.45,281.36,21.71,44.15,0.6370,1,-1,-1
1353,236,896.01,164.88,13.96,24.96,0.5127,1,-1,-1
1353,258,831.23,261.29,20.07,44.90,0.6086,1,-1,-1
1353,259,742.64,171.23,13.52,24.86,0.5506,1,-1,-1
1353,269,1883.62,267.44,18.23,37.95,0.4591,1,-1,-1
1353,255,957.11,295.40,24.98,51.93,0.6225,1,-1,-1
1353,268,1186.85,205.13,15.30,31.51,0.4854,1,-1,-1
1353,272,1748.30,175.23,13.16,23.25,0.4668,1,-1,-1
1354,254,363.64,263.01,17.58,37.09,0.6976,1,-1,-1
1354,256,525.95,281.67,21.95,44.87,0.6715,1,-1,-1
1354,236,896.35,164.84,14.04,24.94,0.5010,1,-1,-1
1354,258,833.02,261.03,19.77,44.68,0.6487,1,-1,-1
1354,259,743.24,170.60,14.00,25.79,0.5263,1,-1,-1
1354,269,1886.21,268.25,17.51,36.26,0.4263,1,-1,-1
1354,255,957.91,296.22,25.21,52.22,0.6197,1,-1,-1
1354,268,1187.92,205.00,15.48,31.88,0.2983,1,-1,-1
1354,272,1750.50,175.52,13.15,23.35,0.5215,1,-1,-1
1355,254,364.14,263.67,17.52,37.08,0.6671,1,-1,-1
1355,256,526.69,282.35,22.12,45.45,0.6610,1,-1,-1
1355,236,896.66,164.90,14.14,25.02,0.4893,1,-1,-1
1355,258,834.87,261.56,19.30,44.17,0.6522,1,-1,-1
1355,259,743.92,170.18,14.34,26.32,0.5195,1,-1,-1
1355,269,1887.99,267.79,18.09,37.13,0.5312,1,-1,-1
1355,255,958.11,296.84,24.95,51.25,0.6179,1,-1,-1
1355,268,1188.98,205.04,15.53,31.97,0.3812,1,-1,-1
1355,272,1752.27,175.37,13.53,23.97,0.5137,1,-1,-1
1356,254,364.60,263.57,17.70,37.77,0.6706,1,-1,-1
1356,256,527.05,282.83,22.14,45.54,0.6749,1,-1,-1
1356,236,896.78,164.18,14.93,26.70,0.4562,1,-1,-1
1356,258,836.93,262.72,18.64,43.23,0.6575,1,-1,-1
1356,259,744.68,170.13,14.76,27.00,0.5332,1,-1,-1
1356,269,1888.54,268.37,18.46,37.91,0.1883,1,-1,-1
1356,255,958.89,297.53,24.36,50.21,0.6030,1,-1,-1
1356,268,1188.20,204.42,16.05,32.66,0.2775,1,-1,-1
1356,272,1753.61,175.41,13.96,24.53,0.3998,1,-1,-1
1357,254,365.42,263.70,17.18,36.92,0.6834,1,-1,-1
1357,256,527.69,283.76,21.69,44.64,0.7066,1,-1,-1
1357,236,897.34,164.00,14.84,26.67,0.4922,1,-1,-1
1357,258,838.51,263.08,18.62,43.43,0.6114,1,-1,-1
1357,259,745.14,170.34,14.86,27.12,0.4785,1,-1,-1
1357,269,1889.79,268.96,18.07,37.01,0.1307,1,-1,-1
1357,255,958.25,297.99,24.47,50.23,0.6215,1,-1,-1
1357,268,1187.93,204.67,16.34,32.77,0.3277,1,-1,-1
1357,272,1755.40,175.84,13.64,23.68,0.2576,1,-1,-1
1358,254,366.35,264.00,16.72,36.25,0.7066,1,-1,-1
1358,256,528.72,284.57,21.33,43.86,0.6901,1,-1,-1
1358,236,897.90,163.74,14.70,26.52,0.5117,1,-1,-1
1358,258,840.42,263.42,18.58,43.80,0.6397,1,-1,-1
1358,259,745.71,170.81,14.52,26.66,0.5842,1,-1,-1
1358,269,1891.90,269.37,17.16,34.97,0.1629,1,-1,-1
1358,255,957.64,298.04,24.59,50.44,0.5974,1,-1,-1
1358,268,1188.08,204.55,16.58,32.84,0.2173,1,-1,-1
1358,272,1756.90,176.11,13.52,23.35,0.5506,1,-1,-1
1359,254,366.74,264.14,16.84,36.95,0.7017,1,-1,-1
1359,256,529.38,285.30,21.25,43.79,0.6496,1,-1,-1
1359,236,898.37,164.03,14.72,26.46,0.5496,1,-1,-1
1359,258,840.80,263.29,19.08,45.31,0.6478,1,-1,-1
1359,259,746.42,171.13,14.27,26.30,0.5593,1,-1,-1
1359,269,1892.20,269.08,18.60,38.08,0.2063,1,-1,-1
1359,255,957.08,298.74,24.73,51.11,0.6397,1,-1,-1
1359,268,1188.32,204.80,16.81,32.86,0.1733,1,-1,-1
1359,272,1757.97,176.16,13.66,23.42,0.4941,1,-1,-1
1360,254,366.70,264.26,17.46,38.84,0.6935,1,-1,-1
1360,256,529.64,285.91,21.41,44.15,0.6584,1,-1,-1
1360,236,898.74,164.04,14.77,26.47,0.5516,1,-1,-1
1360,258,841.49,263.51,18.95,45.38,0.6531,1,-1,-1
1360,259,746.96,171.95,13.77,25.44,0.5137,1,-1,-1
1360,269,1893.42,268.88,18.81,38.52,0.3191,1,-1,-1
1360,255,956.59,299.12,24.72,51.55,0.6289,1,-1,-1
1360,268,1188.98,204.53,17.26,33.36,0.2160,1,-1,-1
1360,272,1758.93,175.69,13.71,23.51,0.5273,1,-1,-1
1361,254,367.38,264.37,17.40,38.92,0.6749,1,-1,-1
1361,256,530.55,286.76,21.21,43.64,0.6478,1,-1,-1
1361,236,898.97,164.12,14.66,26.08,0.5477,1,-1,-1
1361,258,842.49,264.02,18.61,44.71,0.6740,1,-1,-1
1361,259,747.49,172.15,13.63,25.25,0.4446,1,-1,-1
1361,269,1894.49,269.29,18.76,38.47,0.3785,1,-1,-1
1361,255,955.92,299.31,25.03,52.58,0.6697,1,-1,-1
1361,268,1189.82,204.83,17.23,33.01,0.1883,1,-1,-1
1361,272,1760.14,175.90,13.54,23.22,0.5078,1,-1,-1
1362,254,368.02,264.08,17.58,39.68,0.6575,1,-1,-1
1362,256,531.44,286.73,21.47,44.09,0.5908,1,-1,-1
1362,236,899.28,164.18,14.69,26.01,0.4932,1,-1,-1
1362,258,843.78,264.36,18.49,44.32,0.7042,1,-1,-1
1362,259,748.46,171.49,14.23,26.15,0.4873,1,-1,-1
1362,269,1895.97,269.14,18.97,38.96,0.1938,1,-1,-1
1362,255,955.53,299.81,24.85,52.37,0.6868,1,-1,-1
1362,268,1190.15,204.99,17.25,33.02,0.1505,1,-1,-1
1362,272,1761.94,175.88,13.45,23.19,0.5448,1,-1,-1
1363,254,369.45,263.92,17.78,40.10,0.6732,1,-1,-1
1363,256,532.22,286.82,21.73,44.39,0.6298,1,-1,-1
1363,236,899.70,164.70,14.48,25.46,0.5107,1,-1,-1
1363,258,844.55,264.77,18.61,44.44,0.7074,1,-1,-1
1363,259,749.12,171.85,14.09,25.74,0.5156,1,-1,-1
1363,255,955.35,300.49,24.75,52.11,0.6984,1,-1,-1
1363,268,1190.81,205.14,17.18,32.92,0.1067,1,-1,-1
1363,272,1763.15,176.25,13.19,22.86,0.4668,1,-1,-1
1364,254,370.21,264.09,17.78,39.73,0.6749,1,-1,-1
1364,256,533.10,287.00,22.13,44.76,0.5851,1,-1,-1
1364,236,900.02,165.18,14.29,24.94,0.5370,1,-1,-1
1364,258,845.57,265.16,18.72,44.40,0.6943,1,-1,-1
1364,259,749.57,171.81,13.92,25.38,0.5137,1,-1,-1
1364,255,955.49,301.21,24.47,51.35,0.6783,1,-1,-1
1364,268,1190.81,205.13,16.97,32.98,0.1160,1,-1,-1
1364,272,1764.05,176.37,13.36,23.21,0.4397,1,-1,-1
1365,254,370.98,264.45,18.08,39.85,0.6783,1,-1,-1
1365,256,533.41,287.18,22.63,45.31,0.5660,1,-1,-1
1365,236,900.56,165.22,14.54,25.34,0.4893,1,-1,-1
1365,258,846.76,264.99,19.27,45.22,0.6800,1,-1,-1
1365,259,750.03,172.11,13.61,24.85,0.5332,1,-1,-1
1365,255,955.58,301.87,24.46,51.02,0.6732,1,-1,-1
1365,268,1191.34,205.21,16.93,33.07,0.1246,1,-1,-1
1365,272,1765.10,175.83,13.85,23.87,0.4932,1,-1,-1
1366,254,371.32,265.16,18.04,39.33,0.6433,1,-1,-1
1366,256,533.93,287.22,23.03,45.81,0.5756,1,-1,-1
1366,236,900.94,165.19,15.04,26.38,0.4552,1,-1,-1
1366,258,847.86,265.37,19.22,44.99,0.6800,1,-1,-1
1366,259,750.47,171.97,13.54,24.98,0.5156,1,-1,-1
1366,255,955.77,302.25,24.52,50.99,0.6469,1,-1,-1
1366,268,1195.29,204.92,17.33,33.72,0.1993,1,-1,-1
1366,272,1766.16,175.01,14.36,24.55,0.4776,1,-1,-1
1367,254,371.91,265.25,18.29,39.35,0.6030,1,-1,-1
1367,256,534.09,287.45,23.37,46.04,0.6002,1,-1,-1
1367,236,901.07,165.02,15.00,26.40,0.4475,1,-1,-1
1367,258,849.20,265.79,19.02,44.20,0.6732,1,-1,-1
1367,259,750.84,172.03,13.35,24.86,0.5020,1,-1,-1
1367,255,955.82,302.88,24.41,50.44,0.6558,1,-1,-1
1367,268,1197.17,205.00,17.47,33.83,0.2713,1,-1,-1
1367,272,1766.88,174.80,14.55,24.65,0.4863,1,-1,-1
1368,254,371.54,264.99,18.47,39.48,0.6415,1,-1,-1
1368,256,534.58,287.44,23.07,45.06,0.5804,1,-1,-1
1368,236,900.57,165.10,14.81,25.86,0.5574,1,-1,-1
1368,258,849.53,266.05,19.34,44.25,0.6628,1,-1,-1
1368,259,750.63,171.97,13.26,24.85,0.4678,1,-1,-1
1368,255,954.61,303.44,24.73,50.36,0.6039,1,-1,-1
1368,268,1197.40,204.76,17.57,33.95,0.3174,1,-1,-1
1368,272,1766.81,174.28,14.92,25.14,0.5127,1,-1,-1
1369,254,369.87,265.17,18.21,38.83,0.6469,1,-1,-1
1369,256,533.32,287.59,23.34,45.38,0.6114,1,-1,-1
1369,236,899.18,164.80,14.96,26.11,0.5496,1,-1,-1
1369,258,848.52,266.14,19.59,44.25,0.6783,1,-1,-1
1369,259,749.61,171.54,13.75,25.70,0.4737,1,-1,-1
1369,255,952.33,302.79,25.03,50.60,0.6030,1,-1,-1
1369,268,1196.58,204.76,17.34,33.67,0.2783,1,-1,-1
1369,272,1765.95,174.72,14.79,24.67,0.4533,1,-1,-1
1370,254,365.47,264.58,18.74,40.03,0.6002,1,-1,-1
1370,256,530.19,287.82,23.44,45.22,0.6206,1,-1,-1
1370,236,897.01,164.76,14.28,25.09,0.5516,1,-1,-1
1370,258,845.37,266.33,19.76,44.09,0.6800,1,-1,-1
1370,259,746.86,171.37,14.00,26.09,0.4581,1,-1,-1
1370,255,949.25,302.32,25.91,51.23,0.6951,1,-1,-1
1371,254,360.91,265.04,18.50,39.32,0.4795,1,-1,-1
1371,256,526.09,288.01,23.58,45.21,0.6039,1,-1,-1
1371,258,842.05,266.62,19.48,43.02,0.5860,1,-1,-1
1371,255,944.46,303.15,25.68,50.21,0.6067,1,-1,-1
1372,254,355.15,265.34,18.08,38.34,0.5974,1,-1,-1
1372,256,521.00,288.36,24.00,45.32,0.6252,1,-1,-1
1372,258,838.64,266.46,19.70,43.45,0.6415,1,-1,-1
1372,255,938.65,302.97,26.30,50.75,0.6851,1,-1,-1
1373,254,351.01,265.35,17.98,38.25,0.5689,1,-1,-1
1373,256,517.08,288.45,24.10,45.36,0.6817,1,-1,-1
1373,258,835.21,266.36,19.80,43.96,0.6783,1,-1,-1
1373,255,933.66,303.47,26.35,50.97,0.6783,1,-1,-1
1374,254,348.48,265.25,17.88,38.29,0.6487,1,-1,-1
1374,256,515.14,288.00,24.04,45.30,0.6868,1,-1,-1
1374,258,832.62,266.08,19.82,44.22,0.7098,1,-1,-1
1374,255,929.58,303.23,26.87,51.83,0.6935,1,-1,-1
1374,275,730.71,170.81,14.32,25.76,0.5823,1,-1,-1
1375,254,347.52,265.14,17.64,38.02,0.6715,1,-1,-1
1375,256,514.53,287.56,23.93,45.20,0.6663,1,-1,-1
1375,258,831.54,265.94,19.61,44.02,0.6885,1,-1,-1
1375,255,926.72,303.29,26.68,51.78,0.6834,1,-1,-1
1375,275,729.77,171.00,14.18,25.53,0.6142,1,-1,-1
1376,254,347.52,265.35,17.55,38.11,0.6851,1,-1,-1
1376,256,514.54,287.11,23.87,45.28,0.6935,1,-1,-1
1376,258,831.52,265.76,19.61,44.37,0.6697,1,-1,-1
1376,255,925.05,302.91,26.85,52.42,0.7050,1,-1,-1
1376,275,729.59,170.99,14.20,25.60,0.6307,1,-1,-1
1377,254,347.25,265.02,17.87,38.85,0.6800,1,-1,-1
1377,256,514.90,287.29,23.70,45.17,0.6901,1,-1,-1
1377,258,832.61,265.67,19.41,44.43,0.6951,1,-1,-1
1377,255,923.90,302.65,26.97,53.06,0.7130,1,-1,-1
1377,275,729.47,170.99,14.20,25.66,0.6270,1,-1,-1
1377,278,1176.08,203.37,17.50,34.21,0.4863,1,-1,-1
1378,254,347.60,265.27,17.88,38.88,0.6697,1,-1,-1
1378,256,515.34,287.57,23.50,45.17,0.6851,1,-1,-1
1378,258,833.82,265.27,19.26,44.58,0.6715,1,-1,-1
1378,255,922.71,302.27,26.80,53.38,0.7033,1,-1,-1
1378,275,729.50,170.85,14.14,25.67,0.6307,1,-1,-1
1378,278,1175.85,203.46,17.46,34.12,0.5215,1,-1,-1
1378,280,1738.26,174.37,16.55,21.96,0.4854,1,-1,-1
1379,254,348.49,264.96,17.95,39.19,0.6732,1,-1,-1
1379,256,515.89,287.91,23.21,45.10,0.6433,1,-1,-1
1379,258,834.85,264.97,19.15,44.83,0.6749,1,-1,-1
1379,255,921.78,302.13,26.29,53.10,0.6951,1,-1,-1
1379,275,729.75,170.22,14.28,26.05,0.6123,1,-1,-1
1379,278,1175.81,203.62,17.40,33.93,0.5612,1,-1,-1
1379,280,1738.08,174.57,16.28,21.66,0.4873,1,-1,-1
1380,254,349.54,265.04,18.10,39.21,0.6397,1,-1,-1
1380,256,516.68,287.58,23.34,45.79,0.6289,1,-1,-1
1380,258,836.05,265.08,18.73,44.27,0.7130,1,-1,-1
1380,255,921.42,302.36,25.99,53.06,0.7001,1,-1,-1
1380,275,730.69,169.61,14.52,26.47,0.6325,1,-1,-1
1380,278,1175.93,203.34,17.58,34.21,0.5429,1,-1,-1
1380,280,1737.82,174.77,15.91,21.27,0.4746,1,-1,-1
1381,254,350.71,265.19,18.24,39.20,0.6487,1,-1,-1
1381,256,517.23,287.41,23.56,46.72,0.6397,1,-1,-1
1381,258,837.01,264.68,18.76,44.67,0.6783,1,-1,-1
1381,255,921.03,302.48,25.66,52.79,0.6715,1,-1,-1
1381,275,731.55,169.38,14.67,26.64,0.6361,1,-1,-1
1381,278,1176.09,202.95,17.83,34.60,0.5429,1,-1,-1
1381,280,1737.52,174.67,15.71,21.18,0.4504,1,-1,-1
1381,282,878.26,163.67,14.31,26.66,0.5059,1,-1,-1
1382,254,351.85,265.44,18.32,39.00,0.6307,1,-1,-1
1382,256,517.86,287.08,23.52,47.06,0.6343,1,-1,-1
1382,258,837.85,264.53,18.82,45.01,0.6540,1,-1,-1
1382,255,920.64,302.57,25.42,52.46,0.6715,1,-1,-1
1382,275,732.04,169.33,14.80,26.82,0.6289,1,-1,-1
1382,278,1176.22,202.65,18.04,34.88,0.5448,1,-1,-1
1382,280,1737.37,174.72,15.37,20.96,0.4610,1,-1,-1
1382,282,878.32,163.56,14.40,26.82,0.5020,1,-1,-1
1383,254,352.59,265.72,18.32,38.72,0.6593,1,-1,-1
1383,256,518.55,287.23,23.34,46.88,0.6325,1,-1,-1
1383,258,838.61,264.55,18.97,45.28,0.7082,1,-1,-1
1383,255,920.02,303.01,25.02,51.68,0.6697,1,-1,-1
1383,275,732.30,169.22,14.87,26.94,0.5879,1,-1,-1
1383,278,1176.39,202.47,18.15,34.91,0.5487,1,-1,-1
1383,280,1737.20,174.85,15.10,20.92,0.4494,1,-1,-1
1383,282,878.33,163.41,14.53,27.07,0.4824,1,-1,-1
1384,254,353.75,265.56,18.37,38.72,0.6289,1,-1,-1
1384,256,519.67,287.30,23.27,46.78,0.5898,1,-1,-1
1384,258,839.32,264.73,19.00,45.09,0.7033,1,-1,-1
1384,255,919.86,303.28,24.75,51.25,0.6379,1,-1,-1
1384,275,732.50,168.94,15.04,27.22,0.6067,1,-1,-1
1384,278,1176.47,202.20,18.29,34.97,0.5293,1,-1,-1
1384,280,1737.21,174.95,14.90,21.02,0.4542,1,-1,-1
1384,282,878.35,163.03,14.68,27.36,0.4990,1,-1,-1
1385,254,354.66,265.16,18.46,38.76,0.6270,1,-1,-1
1385,256,520.27,287.46,23.29,46.74,0.5936,1,-1,-1
1385,258,840.15,264.69,19.13,44.90,0.7114,1,-1,-1
1385,255,919.33,303.53,24.63,50.94,0.6415,1,-1,-1
1385,275,732.82,168.92,15.07,27.23,0.5936,1,-1,-1
1385,278,1176.98,202.12,18.43,35.19,0.4932,1,-1,-1
1385,280,1737.19,174.88,14.81,21.33,0.4552,1,-1,-1
1385,282,878.33,162.55,14.87,27.76,0.5049,1,-1,-1
1385,284,1859.08,258.18,17.19,35.68,0.5765,1,-1,-1
1386,254,355.19,264.48,18.84,39.57,0.6783,1,-1,-1
1386,256,521.48,287.29,23.64,47.23,0.6575,1,-1,-1
1386,258,840.97,264.51,19.60,45.08,0.6918,1,-1,-1
1386,255,918.85,303.53,24.52,50.59,0.6469,1,-1,-1
1386,275,733.14,169.21,15.06,27.20,0.5127,1,-1,-1
1386,278,1176.74,201.88,18.57,35.27,0.4552,1,-1,-1
1386,280,1737.15,174.62,14.67,21.62,0.4216,1,-1,-1
1386,282,878.32,162.46,14.86,27.83,0.4562,1,-1,-1
1386,284,1857.70,257.93,18.16,37.74,0.6817,1,-1,-1
1387,254,356.19,263.95,18.84,39.86,0.7162,1,-1,-1
1387,256,522.21,287.49,23.57,47.00,0.7025,1,-1,-1
1387,258,841.47,264.95,19.70,44.35,0.6951,1,-1,-1
1387,255,917.87,303.10,24.99,51.33,0.6628,1,-1,-1
1387,275,733.46,169.15,14.97,27.00,0.5176,1,-1,-1
1387,278,1177.30,201.76,18.87,35.81,0.4688,1,-1,-1
1387,280,1737.05,174.61,14.44,21.81,0.4591,1,-1,-1
1387,282,878.30,162.38,14.86,27.92,0.4301,1,-1,-1
1387,284,1857.05,257.74,18.05,37.52,0.6834,1,-1,-1
1388,254,357.47,263.41,18.89,40.25,0.7349,1,-1,-1
1388,256,522.62,287.02,23.72,47.16,0.6654,1,-1,-1
1388,258,841.72,265.22,19.85,43.94,0.6834,1,-1,-1
1388,255,917.05,302.59,25.67,52.23,0.6843,1,-1,-1
1388,275,733.72,168.76,14.72,26.58,0.5993,1,-1,-1
1388,278,1178.19,201.42,19.02,36.14,0.4571,1,-1,-1
1388,280,1736.90,174.43,14.27,22.10,0.4873,1,-1,-1
1388,282,878.35,162.35,14.73,27.77,0.4017,1,-1,-1
1388,284,1856.54,257.91,17.45,36.30,0.6593,1,-1,-1
1389,254,358.18,262.96,18.76,40.30,0.7272,1,-1,-1
1389,256,523.55,286.61,23.86,47.34,0.6478,1,-1,-1
1389,258,842.06,265.26,20.07,43.77,0.6540,1,-1,-1
1389,255,916.26,302.20,26.33,53.19,0.6619,1,-1,-1
1389,275,734.44,168.57,14.39,25.91,0.5955,1,-1,-1
1389,278,1178.93,201.30,19.03,36.24,0.4630,1,-1,-1
1389,280,1737.32,174.49,13.63,21.62,0.5137,1,-1,-1
1389,282,878.40,162.26,14.61,27.65,0.3433,1,-1,-1
1389,284,1856.22,258.06,16.24,33.73,0.6361,1,-1,-1
1390,254,358.58,263.03,18.25,39.48,0.7272,1,-1,-1
1390,256,524.76,286.27,23.80,47.05,0.6584,1,-1,-1
1390,258,842.00,265.09,20.34,43.81,0.6918,1,-1,-1
1390,255,915.54,301.98,26.66,53.47,0.6197,1,-1,-1
1390,275,735.09,168.40,14.20,25.48,0.5804,1,-1,-1
1390,278,1180.56,201.66,18.50,35.67,0.4668,1,-1,-1
1390,280,1737.65,174.34,13.35,21.68,0.5351,1,-1,-1
1390,282,878.49,162.12,14.51,27.60,0.2783,1,-1,-1
1390,284,1855.50,257.87,16.16,33.60,0.6706,1,-1,-1
1391,254,359.15,262.82,17.82,38.89,0.7210,1,-1,-1
1391,256,525.68,286.13,23.57,46.44,0.6926,1,-1,-1
1391,258,842.18,264.73,20.56,43.87,0.6817,1,-1,-1
1391,255,914.74,301.83,26.53,53.17,0.6361,1,-1,-1
1391,275,735.44,168.35,14.45,25.85,0.5765,1,-1,-1
1391,278,1181.61,201.78,18.07,35.38,0.4620,1,-1,-1
1391,280,1738.04,173.72,13.27,21.97,0.5409,1,-1,-1
1391,282,878.60,162.10,14.37,27.49,0.2659,1,-1,-1
1391,284,1855.15,257.86,15.63,32.46,0.6976,1,-1,-1
1391,285,1753.60,172.80,9.80,22.35,0.4504,1,-1,-1
1392,254,359.78,262.32,17.83,39.32,0.7033,1,-1,-1
1392,256,526.38,285.88,23.38,46.11,0.6654,1,-1,-1
1392,258,842.90,263.79,20.90,44.36,0.7066,1,-1,-1
1392,255,913.67,301.71,26.42,52.97,0.6817,1,-1,-1
1392,275,735.62,168.17,14.42,25.84,0.5898,1,-1,-1
1392,278,1182.42,201.75,17.66,35.20,0.4659,1,-1,-1
1392,280,1738.39,173.13,13.26,22.27,0.5312,1,-1,-1
1392,282,878.62,161.87,14.38,27.65,0.2365,1,-1,-1
1392,284,1854.61,257.43,15.53,32.24,0.7122,1,-1,-1
1392,285,1753.71,173.01,9.75,22.21,0.4523,1,-1,-1
1393,254,360.50,262.31,17.77,39.54,0.7050,1,-1,-1
1393,256,526.99,285.99,22.98,45.57,0.6584,1,-1,-1
1393,258,843.61,262.88,21.04,44.81,0.6766,1,-1,-1
1393,255,911.97,301.90,26.23,52.77,0.6593,1,-1,-1
1393,275,736.00,168.17,14.41,25.77,0.5516,1,-1,-1
1393,278,1182.82,201.44,17.49,35.42,0.4494,1,-1,-1
1393,280,1739.07,172.49,13.19,22.50,0.5390,1,-1,-1
1393,282,878.62,161.45,14.52,28.10,0.2268,1,-1,-1
1393,284,1853.84,256.70,15.54,32.41,0.6792,1,-1,-1
1393,285,1754.02,172.94,9.74,22.16,0.4369,1,-1,-1
1394,254,360.98,262.40,17.62,39.65,0.7210,1,-1,-1
1394,256,527.93,285.97,22.73,45.25,0.6584,1,-1,-1
1394,258,844.43,262.10,21.05,45.58,0.6817,1,-1,-1
1394,255,910.79,301.96,25.95,52.64,0.6469,1,-1,-1
1394,275,736.29,168.14,14.37,25.75,0.5332,1,-1,-1
1394,278,1183.11,201.04,17.39,35.73,0.4446,1,-1,-1
1394,280,1739.90,171.83,13.18,22.86,0.5361,1,-1,-1
1394,282,878.63,160.93,14.65,28.57,0.2261,1,-1,-1
1394,284,1853.31,255.53,15.80,33.26,0.6593,1,-1,-1
1394,285,1754.12,172.40,9.85,22.40,0.4494,1,-1,-1
1395,254,361.51,262.52,17.57,39.80,0.7050,1,-1,-1
1395,256,528.69,285.63,22.69,45.47,0.6531,1,-1,-1
1395,258,845.64,262.02,20.92,45.98,0.6918,1,-1,-1
1395,255,909.11,301.97,25.71,52.51,0.6901,1,-1,-1
1395,275,736.47,167.97,14.45,25.89,0.5234,1,-1,-1
1395,278,1183.20,201.23,17.20,35.64,0.4177,1,-1,-1
1395,280,1740.61,171.36,13.17,23.15,0.4990,1,-1,-1
1395,282,878.62,160.47,14.76,29.02,0.2193,1,-1,-1
1395,284,1852.95,254.95,15.80,33.64,0.6505,1,-1,-1
1395,285,1754.24,172.29,9.86,22.39,0.4359,1,-1,-1
1396,254,362.16,262.81,17.78,40.23,0.7217,1,-1,-1
1396,256,529.16,285.72,22.87,46.20,0.6584,1,-1,-1
1396,258,846.64,262.40,20.74,46.32,0.6307,1,-1,-1
1396,255,908.40,301.91,25.39,52.51,0.6645,1,-1,-1
1396,275,737.58,167.81,14.41,25.78,0.5341,1,-1,-1
1396,278,1183.49,201.42,17.06,35.59,0.4206,1,-1,-1
1396,280,1741.05,171.24,13.00,23.15,0.4824,1,-1,-1
1396,282,878.58,159.76,14.95,29.65,0.2101,1,-1,-1
1396,284,1852.56,254.42,15.77,33.87,0.6011,1,-1,-1
1396,285,1754.45,172.60,9.72,22.07,0.4206,1,-1,-1
1397,254,362.84,263.03,17.84,40.12,0.7303,1,-1,-1
1397,256,529.69,285.96,23.07,46.96,0.6706,1,-1,-1
1397,258,847.63,262.55,20.24,45.84,0.6343,1,-1,-1
1397,255,907.61,301.92,25.16,52.67,0.6540,1,-1,-1
1397,275,738.34,167.81,14.39,25.71,0.5039,1,-1,-1
1397,278,1183.77,201.40,16.98,35.71,0.4130,1,-1,-1
1397,280,1741.48,171.69,12.56,22.67,0.5370,1,-1,-1
1397,282,878.62,159.44,14.91,29.82,0.2154,1,-1,-1
1397,284,1852.35,253.94,15.64,33.76,0.5516,1,-1,-1
1397,285,1754.92,173.09,9.57,21.69,0.3998,1,-1,-1
1398,254,363.39,263.34,18.00,40.20,0.7364,1,-1,-1
1398,256,530.11,286.13,23.15,47.41,0.6826,1,-1,-1
1398,258,848.60,262.66,19.95,45.71,0.7130,1,-1,-1
1398,255,906.85,302.44,24.62,52.11,0.6697,1,-1,-1
1398,275,738.76,167.64,14.58,25.95,0.4990,1,-1,-1
1398,278,1183.94,201.22,16.96,35.97,0.3821,1,-1,-1
1398,280,1741.82,171.94,12.24,22.43,0.5670,1,-1,-1
1398,282,878.55,159.34,14.97,30.16,0.2351,1,-1,-1
1398,284,1852.10,253.49,15.81,34.34,0.4961,1,-1,-1
1398,285,1755.72,173.21,9.52,21.70,0.4102,1,-1,-1
1398,286,288.34,958.39,29.81,27.59,0.5823,4,-1,-1
1399,254,363.65,263.60,18.10,40.26,0.7424,1,-1,-1
1399,256,530.67,286.41,22.80,46.94,0.6567,1,-1,-1
1399,258,849.28,262.82,19.84,46.12,0.7225,1,-1,-1
1399,255,905.41,303.01,24.36,52.19,0.6307,1,-1,-1
1399,275,738.97,167.49,14.79,26.32,0.5361,1,-1,-1
1399,278,1182.90,200.84,17.29,36.45,0.3558,1,-1,-1
1399,280,1742.30,172.06,11.92,22.22,0.5765,1,-1,-1
1399,282,878.53,159.27,14.97,30.38,0.2576,1,-1,-1
1399,284,1851.50,253.79,15.44,33.38,0.5332,1,-1,-1
1399,285,1756.62,173.42,9.38,21.48,0.3868,1,-1,-1
1399,286,288.07,961.97,28.30,26.14,0.5000,4,-1,-1
1399,288,321.19,974.48,27.32,31.68,0.4883,4,-1,-1
1400,254,363.91,263.64,18.18,40.34,0.7303,1,-1,-1
1400,256,530.91,286.44,22.74,47.15,0.6663,1,-1,-1
1400,258,850.10,262.84,19.65,46.23,0.7178,1,-1,-1
1400,255,904.16,302.99,23.86,51.42,0.6968,1,-1,-1
1400,275,739.14,167.42,14.95,26.68,0.5574,1,-1,-1
1400,278,1184.06,201.48,16.86,35.94,0.3303,1,-1,-1
1400,280,1742.73,172.00,11.73,22.26,0.5689,1,-1,-1
1400,282,878.52,159.30,14.92,30.48,0.2814,1,-1,-1
1400,284,1851.60,254.58,14.59,31.16,0.5506,1,-1,-1
1400,285,1757.38,173.75,9.32,21.38,0.3657,1,-1,-1
1400,286,285.81,963.93,30.28,27.91,0.1136,4,-1,-1
1400,288,318.85,977.51,28.48,33.03,0.1968,4,-1,-1
1401,254,364.28,263.89,18.29,40.27,0.7379,1,-1,-1
1401,256,531.48,287.21,22.58,46.93,0.6876,1,-1,-1
1401,258,850.77,263.88,19.28,45.72,0.7146,1,-1,-1
1401,255,903.85,303.66,23.33,50.73,0.7178,1,-1,-1
1401,275,739.33,166.98,14.91,26.77,0.5390,1,-1,-1
1401,278,1185.11,202.19,16.29,34.97,0.3648,1,-1,-1
1401,280,1743.50,171.98,11.35,22.00,0.1136,1,-1,-1
1401,282,878.52,158.41,15.29,31.57,0.2950,1,-1,-1
1401,284,1851.36,254.88,13.79,28.90,0.1101,1,-1,-1
1401,286,282.55,968.45,29.61,27.35,0.4717,4,-1,-1
1401,288,318.17,981.00,25.25,29.19,0.3942,4,-1,-1
1402,254,364.33,264.06,18.39,40.27,0.7334,1,-1,-1
1402,256,532.29,287.72,22.59,46.75,0.7154,1,-1,-1
1402,258,851.24,264.60,19.00,45.24,0.7146,1,-1,-1
1402,255,903.41,303.93,23.20,50.64,0.6935,1,-1,-1
1402,275,739.52,166.95,14.75,26.62,0.5205,1,-1,-1
1402,278,1185.75,202.59,15.92,34.40,0.3558,1,-1,-1
1402,282,878.59,158.13,15.26,31.80,0.2775,1,-1,-1
1402,284,1850.58,255.61,13.65,27.88,0.1830,1,-1,-1
1402,286,279.13,971.78,30.40,28.07,0.4321,4,-1,-1
1402,288,316.35,984.06,24.96,28.81,0.5039,4,-1,-1
1403,254,364.33,264.09,18.64,40.60,0.7210,1,-1,-1
1403,256,532.64,287.99,22.81,46.83,0.7074,1,-1,-1
1403,258,851.38,264.81,19.12,45.40,0.7318,1,-1,-1
1403,255,902.69,304.41,23.65,51.58,0.7001,1,-1,-1
1403,275,739.84,166.99,14.66,26.51,0.4932,1,-1,-1
1403,278,1186.32,203.17,15.47,33.59,0.3886,1,-1,-1
1403,282,878.70,158.31,15.06,31.60,0.2682,1,-1,-1
1403,286,276.95,975.03,31.32,28.85,0.6379,4,-1,-1
1403,288,313.26,988.26,25.16,29.05,0.5974,4,-1,-1
1404,254,364.36,264.23,18.72,40.73,0.7162,1,-1,-1
1404,256,533.12,288.39,22.91,46.56,0.6993,1,-1,-1
1404,258,851.71,264.95,19.27,45.46,0.7194,1,-1,-1
1404,255,901.51,304.58,24.59,53.23,0.6935,1,-1,-1
1404,275,739.99,166.92,14.60,26.50,0.4805,1,-1,-1
1404,278,1186.63,203.26,15.36,33.39,0.3460,1,-1,-1
1404,282,878.80,158.32,14.87,31.41,0.2480,1,-1,-1
1404,286,274.45,979.71,31.15,28.71,0.6593,4,-1,-1
1404,288,309.63,993.03,26.93,31.13,0.5879,4,-1,-1
1405,254,364.33,264.54,18.75,40.77,0.7130,1,-1,-1
1405,256,533.31,288.52,23.19,46.59,0.7009,1,-1,-1
1405,258,852.18,265.09,19.55,45.64,0.7050,1,-1,-1
1405,255,900.46,304.75,24.89,53.42,0.6968,1,-1,-1
1405,275,740.40,166.78,14.56,26.38,0.4756,1,-1,-1
1405,278,1187.11,202.98,15.43,33.49,0.2983,1,-1,-1
1405,282,878.89,158.35,14.73,31.28,0.2214,1,-1,-1
1405,286,270.24,983.08,32.08,29.72,0.5185,4,-1,-1
1405,288,307.02,997.48,27.00,31.09,0.4805,4,-1,-1
1406,254,364.59,264.80,18.19,39.86,0.7146,1,-1,-1
1406,256,533.63,288.75,23.53,46.80,0.6910,1,-1,-1
1406,258,852.79,265.71,19.74,45.42,0.7210,1,-1,-1
1406,255,899.67,305.08,25.10,53.46,0.6749,1,-1,-1
1406,275,740.70,166.82,14.66,26.45,0.4912,1,-1,-1
1406,278,1187.33,202.85,15.71,34.08,0.2583,1,-1,-1
1406,282,879.06,159.13,14.33,30.49,0.2227,1,-1,-1
1406,286,267.05,986.94,32.87,30.45,0.4668,4,-1,-1
1406,288,304.29,1001.45,26.70,30.77,0.4649,4,-1,-1
1407,254,364.72,264.96,17.86,39.56,0.7098,1,-1,-1
1407,256,533.43,289.12,23.96,47.26,0.6740,1,-1,-1
1407,258,852.92,266.38,19.61,44.84,0.7225,1,-1,-1
1407,255,898.96,305.49,25.62,53.66,0.6343,1,-1,-1
1407,275,741.09,166.93,14.71,26.31,0.4292,1,-1,-1
1407,278,1187.47,202.76,15.79,34.22,0.2268,1,-1,-1
1407,282,879.27,160.42,13.83,29.35,0.2056,1,-1,-1
1407,286,264.57,992.12,31.89,29.58,0.6067,4,-1,-1
1407,288,301.23,1006.55,25.59,29.57,0.5879,4,-1,-1
1408,254,365.26,265.32,17.21,38.47,0.6918,1,-1,-1
1408,256,533.30,289.40,24.06,47.30,0.6740,1,-1,-1
1408,258,853.28,266.64,19.86,44.92,0.7130,1,-1,-1
1408,255,897.94,305.63,26.11,53.72,0.6123,1,-1,-1
1408,275,741.44,166.97,14.90,26.37,0.4378,1,-1,-1
1408,278,1187.52,202.83,15.81,34.11,0.2697,1,-1,-1
1408,282,879.46,161.51,13.37,28.28,0.1824,1,-1,-1
1408,286,260.83,996.95,32.68,30.34,0.6123,4,-1,-1
1408,288,298.37,1011.26,26.47,30.67,0.5860,4,-1,-1
1409,254,365.32,264.95,17.44,39.18,0.6876,1,-1,-1
1409,256,533.32,289.58,23.88,47.03,0.6584,1,-1,-1
1409,258,853.56,267.17,19.98,44.81,0.7146,1,-1,-1
1409,255,897.40,307.12,26.17,52.47,0.6142,1,-1,-1
1409,275,741.18,166.82,15.16,26.87,0.5234,1,-1,-1
1409,278,1187.81,202.95,15.71,33.80,0.2886,1,-1,-1
1409,282,879.53,162.32,13.11,27.60,0.2069,1,-1,-1
1409,286,256.13,1001.74,32.63,30.48,0.4678,4,-1,-1
1409,288,293.76,1016.18,27.26,31.60,0.5283,4,-1,-1
1410,254,365.56,265.27,17.36,39.30,0.7001,1,-1,-1
1410,256,533.51,289.70,24.01,47.12,0.6843,1,-1,-1
1410,258,853.51,267.60,20.10,44.57,0.7225,1,-1,-1
1410,255,896.45,307.80,26.36,52.22,0.6379,1,-1,-1
1410,275,741.16,166.70,15.12,26.86,0.5234,1,-1,-1
1410,278,1187.71,203.03,15.94,33.93,0.3115,1,-1,-1
1410,282,879.53,162.62,13.06,27.40,0.2659,1,-1,-1
1410,286,251.95,1007.02,32.35,30.40,0.5107,4,-1,-1
1410,288,290.65,1021.99,26.48,30.73,0.5438,4,-1,-1
1411,254,366.07,265.82,16.79,38.26,0.7146,1,-1,-1
1411,256,533.79,289.70,24.33,47.47,0.6706,1,-1,-1
1411,258,853.28,268.20,20.20,44.29,0.7210,1,-1,-1
1411,255,894.46,308.43,26.79,52.88,0.6234,1,-1,-1
1411,275,741.65,166.62,15.22,26.89,0.5593,1,-1,-1
1411,278,1187.82,203.29,16.15,34.03,0.3451,1,-1,-1
1411,282,879.52,162.62,13.16,27.52,0.2444,1,-1,-1
1411,286,247.72,1012.03,34.06,32.08,0.6105,4,-1,-1
1411,288,285.27,1026.93,29.15,33.96,0.6289,4,-1,-1
1412,254,366.40,265.97,16.91,38.58,0.7114,1,-1,-1
1412,256,534.65,289.72,24.39,47.67,0.6487,1,-1,-1
1412,258,853.81,268.99,20.17,43.80,0.6968,1,-1,-1
1412,255,892.18,308.50,26.77,52.90,0.6343,1,-1,-1
1412,275,741.98,166.51,15.36,26.98,0.6011,1,-1,-1
1412,278,1187.90,203.52,16.28,33.98,0.3390,1,-1,-1
1412,282,879.45,162.54,13.31,27.77,0.2516,1,-1,-1
1412,286,243.18,1017.18,34.16,32.34,0.5458,4,-1,-1
1412,288,281.14,1033.12,29.19,33.99,0.5612,4,-1,-1
1413,254,366.62,265.97,17.24,39.12,0.7138,1,-1,-1
1413,256,535.61,290.05,24.21,47.39,0.6252,1,-1,-1
1413,258,854.73,269.20,20.36,43.95,0.6749,1,-1,-1
1413,255,890.78,308.59,26.61,53.14,0.6540,1,-1,-1
1413,275,741.99,166.48,15.49,27.18,0.6215,1,-1,-1
1413,278,1187.97,203.50,16.44,34.15,0.2798,1,-1,-1
1413,282,879.42,162.59,13.40,27.91,0.2613,1,-1,-1
1413,286,238.35,1022.45,36.06,34.13,0.5283,4,-1,-1
1413,288,275.24,1038.95,31.58,36.68,0.5107,4,-1,-1
1414,254,366.79,266.47,17.49,39.17,0.7303,1,-1,-1
1414,256,536.03,290.36,24.10,47.39,0.6540,1,-1,-1
1414,258,855.55,269.48,20.73,44.74,0.6628,1,-1,-1
1414,255,890.00,308.99,26.60,53.65,0.6783,1,-1,-1
1414,275,742.00,166.49,15.64,27.39,0.6086,1,-1,-1
1414,278,1188.00,203.80,16.56,34.13,0.4102,1,-1,-1
1414,282,879.40,162.98,13.43,27.88,0.2422,1,-1,-1
1414,286,233.72,1029.78,35.31,33.55,0.5784,4,-1,-1
1414,288,272.60,1045.63,29.87,34.70,0.6868,4,-1,-1
1415,254,366.96,266.71,18.06,39.55,0.7272,1,-1,-1
1415,256,536.08,290.98,23.63,47.04,0.6451,1,-1,-1
1415,258,856.03,269.40,20.99,45.42,0.6593,1,-1,-1
1415,255,888.73,309.44,26.27,53.78,0.6697,1,-1,-1
1415,275,742.04,166.54,15.75,27.62,0.6086,1,-1,-1
1415,278,1188.08,204.14,16.71,34.15,0.4610,1,-1,-1
1415,282,879.48,163.45,13.38,27.70,0.2539,1,-1,-1
1415,286,229.33,1036.36,36.03,34.07,0.5477,4,-1,-1
1415,288,269.51,1050.03,28.03,31.84,0.3040,4,-1,-1
1416,254,367.21,266.93,18.80,40.37,0.7469,1,-1,-1
1416,256,536.20,291.89,23.05,46.50,0.6415,1,-1,-1
1416,258,857.08,268.83,21.18,46.56,0.6415,1,-1,-1
1416,255,887.08,310.25,25.92,53.89,0.6645,1,-1,-1
1416,275,741.94,166.72,16.03,28.31,0.5784,1,-1,-1
1416,278,1188.83,204.34,16.83,34.10,0.5332,1,-1,-1
1416,282,879.61,162.77,13.57,28.18,0.3576,1,-1,-1
1416,286,225.29,1044.74,33.78,32.24,0.4737,4,-1,-1
1417,254,366.92,267.08,19.27,40.70,0.7424,1,-1,-1
1417,256,536.50,292.35,22.59,46.03,0.6628,1,-1,-1
1417,258,858.06,268.84,20.97,46.92,0.6361,1,-1,-1
1417,255,886.34,310.81,25.07,52.94,0.6575,1,-1,-1
1417,275,741.98,167.06,15.88,28.20,0.5593,1,-1,-1
1417,278,1189.19,204.61,16.94,33.86,0.5068,1,-1,-1
1417,282,879.68,162.82,13.57,28.24,0.4533,1,-1,-1
1417,286,221.90,1051.66,30.43,29.13,0.3739,4,-1,-1
1418,254,366.15,267.08,19.49,40.93,0.7349,1,-1,-1
1418,256,536.60,292.72,22.43,46.07,0.6575,1,-1,-1
1418,258,858.54,269.03,20.77,47.09,0.6505,1,-1,-1
1418,255,885.70,311.62,24.65,52.73,0.6758,1,-1,-1
1418,275,741.87,167.20,15.66,27.94,0.5554,1,-1,-1
1418,278,1189.37,204.79,17.05,33.66,0.4311,1,-1,-1
1418,282,879.83,162.95,13.41,27.95,0.4639,1,-1,-1
1419,254,365.47,267.21,19.51,40.96,0.7272,1,-1,-1
1419,256,536.28,293.01,22.36,46.33,0.6558,1,-1,-1
1419,258,859.55,268.97,20.16,46.43,0.6469,1,-1,-1
1419,255,885.28,312.07,24.33,52.68,0.6637,1,-1,-1
1419,275,741.81,167.10,15.58,27.96,0.5727,1,-1,-1
1419,278,1189.47,204.71,17.25,33.77,0.3979,1,-1,-1
1419,282,879.92,163.05,13.32,27.79,0.4746,1,-1,-1
1420,254,365.11,267.08,19.96,41.72,0.7122,1,-1,-1
1420,256,536.03,293.45,22.38,46.65,0.6270,1,-1,-1
1420,258,860.46,269.22,20.02,46.75,0.6715,1,-1,-1
1420,255,884.81,312.12,24.33,53.04,0.6680,1,-1,-1
1420,275,741.82,166.84,15.66,28.19,0.5898,1,-1,-1
1420,278,1189.45,204.97,17.33,33.71,0.4073,1,-1,-1
1420,282,879.95,163.24,13.25,27.67,0.4446,1,-1,-1
1421,254,364.79,267.74,19.71,41.20,0.7009,1,-1,-1
1421,256,536.07,294.01,22.52,47.12,0.6433,1,-1,-1
1421,258,861.32,269.46,19.70,46.58,0.6343,1,-1,-1
1421,255,883.44,312.41,24.78,54.38,0.6706,1,-1,-1
1421,275,742.09,167.29,15.41,27.93,0.5860,1,-1,-1
1421,278,1190.11,204.75,17.73,34.26,0.4484,1,-1,-1
1421,282,879.94,163.37,13.27,27.73,0.4504,1,-1,-1
1421,294,1772.89,174.18,11.32,23.55,0.5525,1,-1,-1
1422,254,364.70,268.51,18.91,39.72,0.7058,1,-1,-1
1422,256,536.54,294.96,22.58,47.07,0.6397,1,-1,-1
1422,258,861.53,269.40,19.77,47.19,0.6783,1,-1,-1
1422,255,882.20,313.19,25.08,54.99,0.6943,1,-1,-1
1422,275,742.57,167.44,15.39,27.95,0.5936,1,-1,-1
1422,278,1191.09,204.94,17.67,34.10,0.5390,1,-1,-1
1422,282,879.78,163.52,13.49,28.18,0.4484,1,-1,-1
1422,294,1773.85,174.00,11.39,23.69,0.5370,1,-1,-1
1423,254,364.63,268.96,18.63,39.44,0.7042,1,-1,-1
1423,256,536.60,295.69,22.85,47.34,0.6505,1,-1,-1
1423,258,861.75,269.92,19.52,47.01,0.7033,1,-1,-1
1423,255,881.13,314.10,25.13,54.74,0.7225,1,-1,-1
1423,275,743.00,167.47,15.42,28.07,0.5708,1,-1,-1
1423,278,1191.40,205.05,17.82,34.24,0.5487,1,-1,-1
1423,282,879.47,163.57,13.95,29.18,0.4834,1,-1,-1
1423,294,1774.81,174.58,11.19,23.23,0.4571,1,-1,-1
1424,254,364.50,269.17,18.64,39.79,0.6993,1,-1,-1
1424,256,536.16,295.91,23.86,48.77,0.6706,1,-1,-1
1424,258,862.23,270.82,19.28,46.55,0.7225,1,-1,-1
1424,255,880.36,315.60,25.37,54.65,0.7082,1,-1,-1
1424,275,743.41,167.65,15.33,28.11,0.5574,1,-1,-1
1424,278,1191.42,205.05,18.04,34.39,0.5000,1,-1,-1
1424,282,879.54,163.72,13.88,29.06,0.5068,1,-1,-1
1424,294,1776.12,174.75,11.30,23.43,0.3849,1,-1,-1
1425,254,364.29,269.51,18.44,39.71,0.7138,1,-1,-1
1425,256,535.61,296.59,24.39,49.33,0.7106,1,-1,-1
1425,258,863.05,271.67,19.45,46.70,0.7225,1,-1,-1
1425,255,879.42,315.94,25.56,54.68,0.7162,1,-1,-1
1425,275,743.98,167.36,15.48,28.40,0.5438,1,-1,-1
1425,278,1191.53,205.53,18.59,35.08,0.4707,1,-1,-1
1425,282,879.48,163.85,13.91,29.11,0.5156,1,-1,-1
1425,294,1777.81,175.51,10.97,22.69,0.3398,1,-1,-1
1425,300,1854.41,252.64,16.67,34.10,0.5506,1,-1,-1
1426,254,363.61,269.79,18.66,40.67,0.7334,1,-1,-1
1426,256,535.23,297.14,24.59,49.37,0.7217,1,-1,-1
1426,258,863.65,272.36,19.80,47.15,0.7066,1,-1,-1
1426,255,878.57,316.74,25.67,54.57,0.7162,1,-1,-1
1426,275,744.36,167.31,15.35,28.27,0.5263,1,-1,-1
1426,278,1191.90,206.00,18.83,35.35,0.4321,1,-1,-1
1426,282,879.32,164.02,14.02,29.30,0.5400,1,-1,-1
1426,294,1779.13,175.01,11.31,23.29,0.3585,1,-1,-1
1426,300,1854.62,252.58,16.96,34.63,0.5651,1,-1,-1
1427,254,362.82,269.88,19.08,42.18,0.6984,1,-1,-1
1427,256,534.98,297.79,24.65,49.13,0.7264,1,-1,-1
1427,258,863.84,272.98,20.11,47.31,0.7114,1,-1,-1
1427,255,877.77,317.12,26.39,55.68,0.7001,1,-1,-1
1427,275,744.62,167.31,15.34,28.26,0.4990,1,-1,-1
1427,278,1193.02,206.28,18.99,35.60,0.5039,1,-1,-1
1427,282,879.05,164.08,14.33,29.93,0.5322,1,-1,-1
1427,294,1779.22,173.82,12.21,24.94,0.4873,1,-1,-1
1427,300,1854.96,252.74,17.59,35.88,0.6270,1,-1,-1
1428,254,362.26,269.83,19.33,43.19,0.6885,1,-1,-1
1428,256,535.35,299.00,24.00,47.73,0.6918,1,-1,-1
1428,258,863.93,273.76,20.07,46.96,0.7178,1,-1,-1
1428,255,876.50,317.60,26.26,55.22,0.6968,1,-1,-1
1428,275,744.87,167.57,15.02,27.80,0.5283,1,-1,-1
1428,278,1193.39,206.33,18.90,35.56,0.5429,1,-1,-1
1428,282,879.10,164.10,14.16,29.49,0.5088,1,-1,-1
1428,294,1780.25,173.34,12.71,25.89,0.4717,1,-1,-1
1428,300,1855.65,252.94,17.73,36.10,0.6270,1,-1,-1
1429,254,361.62,269.97,19.46,43.69,0.7066,1,-1,-1
1429,256,535.18,299.59,23.94,47.75,0.6935,1,-1,-1
1429,258,863.95,274.46,20.39,47.07,0.7210,1,-1,-1
1429,255,874.55,317.39,26.42,56.05,0.6732,1,-1,-1
1429,275,745.07,167.80,14.85,27.58,0.5098,1,-1,-1
1429,278,1193.63,206.52,18.74,35.32,0.5746,1,-1,-1
1429,282,879.03,164.20,14.26,29.68,0.4717,1,-1,-1
1429,294,1781.42,173.66,12.92,26.23,0.4600,1,-1,-1
1429,300,1855.77,252.31,18.68,38.05,0.6505,1,-1,-1
1430,254,361.40,270.45,19.64,43.95,0.7225,1,-1,-1
1430,256,534.79,300.22,24.17,48.39,0.6749,1,-1,-1
1430,258,863.61,275.23,20.71,46.95,0.7162,1,-1,-1
1430,255,872.34,317.62,26.67,57.19,0.6749,1,-1,-1
1430,275,745.28,168.02,14.65,27.26,0.5098,1,-1,-1
1430,278,1194.29,206.90,18.43,34.84,0.5651,1,-1,-1
1430,282,878.96,164.29,14.45,30.08,0.4630,1,-1,-1
1430,294,1783.06,174.90,12.26,24.61,0.5078,1,-1,-1
1430,300,1856.41,252.15,18.90,38.45,0.6834,1,-1,-1
1431,254,361.56,271.46,19.80,43.64,0.7162,1,-1,-1
1431,256,534.44,300.65,24.23,48.56,0.6783,1,-1,-1
1431,258,863.96,275.74,21.79,48.47,0.6834,1,-1,-1
1431,255,871.82,320.33,25.76,55.67,0.6270,1,-1,-1
1431,275,745.44,168.56,14.28,26.62,0.5293,1,-1,-1
1431,278,1194.34,207.37,18.73,35.26,0.4591,1,-1,-1
1431,282,879.13,164.03,13.99,29.00,0.5390,1,-1,-1
1431,294,1783.96,174.83,12.22,24.51,0.5419,1,-1,-1
1431,300,1857.44,252.05,18.69,38.13,0.6197,1,-1,-1
1432,254,361.79,272.18,19.86,42.75,0.7066,1,-1,-1
1432,256,534.17,301.25,24.40,49.10,0.6918,1,-1,-1
1432,258,864.43,276.56,22.17,48.49,0.6732,1,-1,-1
1432,255,870.13,321.07,25.28,55.58,0.6397,1,-1,-1
1432,275,745.55,168.74,14.21,26.45,0.5117,1,-1,-1
1432,278,1194.89,207.73,19.02,35.74,0.4254,1,-1,-1
1432,282,878.85,163.86,14.42,29.86,0.6049,1,-1,-1
1432,294,1785.35,175.62,11.68,23.30,0.4883,1,-1,-1
1432,300,1858.50,252.44,18.55,37.89,0.6522,1,-1,-1
1433,254,361.13,272.72,20.16,42.83,0.6885,1,-1,-1
1433,256,534.15,301.71,24.20,48.96,0.6834,1,-1,-1
1433,258,864.84,277.30,22.89,49.44,0.6817,1,-1,-1
1433,255,869.21,321.74,24.89,55.68,0.6834,1,-1,-1
1433,275,745.56,169.00,14.09,26.25,0.5215,1,-1,-1
1433,278,1195.99,207.73,18.92,35.66,0.4610,1,-1,-1
1433,282,878.66,163.82,14.75,30.55,0.6252,1,-1,-1
1433,294,1786.79,176.08,11.35,22.58,0.3115,1,-1,-1
1433,300,1860.03,252.66,17.96,36.77,0.5823,1,-1,-1
1434,254,360.19,273.07,20.45,43.11,0.7162,1,-1,-1
1434,256,534.17,302.16,24.03,48.68,0.6968,1,-1,-1
1434,258,865.35,278.08,22.83,48.87,0.6567,1,-1,-1
1434,255,868.01,322.50,24.15,55.05,0.6968,1,-1,-1
1434,275,745.54,169.40,13.90,25.96,0.4961,1,-1,-1
1434,278,1197.03,207.78,18.75,35.55,0.4591,1,-1,-1
1434,282,878.65,164.19,14.62,30.23,0.6361,1,-1,-1
1434,294,1788.04,176.49,11.16,22.20,0.3082,1,-1,-1
1434,300,1861.40,252.99,17.79,36.59,0.5898,1,-1,-1
1435,254,359.34,273.47,20.58,43.23,0.7194,1,-1,-1
1435,256,533.74,303.13,23.65,48.42,0.7162,1,-1,-1
1435,258,866.31,278.90,23.49,50.17,0.6206,1,-1,-1
1435,255,866.59,324.56,23.21,53.73,0.6766,1,-1,-1
1435,275,745.54,169.94,13.65,25.61,0.4883,1,-1,-1
1435,278,1198.03,207.73,18.49,35.19,0.4301,1,-1,-1
1435,282,878.64,164.47,14.41,29.73,0.6289,1,-1,-1
1435,294,1788.29,176.51,11.52,22.75,0.3730,1,-1,-1
1435,300,1862.79,253.26,17.54,36.27,0.5823,1,-1,-1
1436,254,358.85,274.10,20.62,43.23,0.7318,1,-1,-1
1436,256,532.71,303.58,24.06,49.64,0.7082,1,-1,-1
1436,258,867.03,279.57,23.64,50.43,0.6388,1,-1,-1
1436,255,865.10,324.38,23.42,55.05,0.6645,1,-1,-1
1436,275,745.55,169.98,13.84,25.88,0.4717,1,-1,-1
1436,278,1198.45,207.57,18.50,35.39,0.4504,1,-1,-1
1436,282,878.45,164.31,14.73,30.39,0.6197,1,-1,-1
1436,294,1789.38,176.41,11.90,23.47,0.3675,1,-1,-1
1436,300,1864.49,254.25,17.21,35.95,0.6749,1,-1,-1
1437,254,357.66,274.58,20.63,43.12,0.7469,1,-1,-1
1437,256,532.21,304.65,24.12,50.26,0.6732,1,-1,-1
1437,258,867.91,280.12,23.43,50.24,0.5813,1,-1,-1
1437,255,864.57,325.53,22.93,54.61,0.6663,1,-1,-1
1437,275,745.53,170.29,13.81,25.82,0.4746,1,-1,-1
1437,278,1198.57,207.81,18.58,35.56,0.4562,1,-1,-1
1437,282,878.56,164.61,14.55,30.03,0.6105,1,-1,-1
1437,294,1790.47,176.11,12.37,24.21,0.3433,1,-1,-1
1437,300,1865.56,256.04,16.90,35.57,0.6540,1,-1,-1
1438,254,356.35,274.79,20.52,43.04,0.7409,1,-1,-1
1438,256,531.05,305.40,24.18,51.09,0.6505,1,-1,-1
1438,258,868.85,280.17,23.36,50.60,0.5651,1,-1,-1
1438,255,863.18,327.00,23.14,55.43,0.6307,1,-1,-1
1438,275,745.65,170.49,13.73,25.65,0.4581,1,-1,-1
1438,278,1198.87,208.53,18.63,35.73,0.4746,1,-1,-1
1438,282,878.59,164.72,14.51,29.97,0.6030,1,-1,-1
1438,294,1792.20,176.58,12.07,23.59,0.2744,1,-1,-1
1438,300,1866.73,257.11,16.55,34.91,0.6558,1,-1,-1
1439,254,355.40,275.63,19.86,41.96,0.7082,1,-1,-1
1439,256,530.70,306.32,23.81,50.81,0.6732,1,-1,-1
1439,258,870.21,281.02,22.53,49.32,0.5651,1,-1,-1
1439,255,862.34,328.82,23.18,55.70,0.6433,1,-1,-1
1439,275,745.78,170.71,13.58,25.40,0.4630,1,-1,-1
1439,278,1199.68,209.14,19.04,36.52,0.5525,1,-1,-1
1439,282,878.60,164.75,14.41,29.77,0.5993,1,-1,-1
1439,294,1793.48,176.73,12.19,23.58,0.2942,1,-1,-1
1439,300,1867.63,257.17,16.82,35.76,0.6469,1,-1,-1
1440,254,354.74,276.98,19.30,41.04,0.6851,1,-1,-1
1440,256,530.49,307.56,23.53,50.46,0.6968,1,-1,-1
1440,258,870.77,281.51,22.38,49.61,0.6011,1,-1,-1
1440,255,860.98,328.49,24.19,57.84,0.6469,1,-1,-1
1440,275,745.79,170.95,13.40,25.05,0.4263,1,-1,-1
1440,278,1200.06,210.29,18.81,35.91,0.5593,1,-1,-1
1440,282,878.56,165.16,14.47,29.89,0.5898,1,-1,-1
1440,294,1794.81,177.71,12.16,23.34,0.4620,1,-1,-1
1440,300,1869.02,257.07,16.50,35.17,0.6397,1,-1,-1
1441,254,354.12,278.00,19.48,41.61,0.7001,1,-1,-1
1441,256,530.33,309.11,23.87,51.01,0.7409,1,-1,-1
1441,258,871.18,282.32,21.93,49.11,0.6067,1,-1,-1
1441,255,859.42,329.32,24.87,58.99,0.6715,1,-1,-1
1441,275,745.73,171.11,13.44,25.14,0.3951,1,-1,-1
1441,278,1200.64,210.91,18.76,35.78,0.5361,1,-1,-1
1441,282,878.46,165.35,14.67,30.30,0.5898,1,-1,-1
1441,294,1795.44,178.03,12.48,23.64,0.4766,1,-1,-1
1441,300,1870.33,257.59,16.34,34.94,0.6252,1,-1,-1
1442,254,353.31,278.75,19.08,41.02,0.7225,1,-1,-1
1442,256,530.62,310.32,24.52,52.00,0.7424,1,-1,-1
1442,258,871.46,283.50,21.75,49.00,0.6105,1,-1,-1
1442,255,857.88,331.16,25.45,58.83,0.7146,1,-1,-1
1442,275,745.80,171.22,13.78,25.82,0.4273,1,-1,-1
1442,278,1200.91,211.07,19.17,36.66,0.4542,1,-1,-1
1442,282,878.44,165.90,14.68,30.28,0.5804,1,-1,-1
1442,294,1797.03,178.50,12.20,22.87,0.4111,1,-1,-1
1442,300,1871.70,257.53,16.06,34.31,0.6270,1,-1,-1
1443,254,352.59,279.64,19.18,41.58,0.7210,1,-1,-1
1443,256,530.44,311.94,24.66,51.70,0.7542,1,-1,-1
1443,258,871.77,284.75,21.66,49.12,0.6252,1,-1,-1
1443,255,856.23,332.64,26.17,58.93,0.7424,1,-1,-1
1443,275,745.88,171.53,13.89,26.11,0.4216,1,-1,-1
1443,278,1201.63,212.24,19.09,36.38,0.5487,1,-1,-1
1443,282,878.33,166.39,14.90,30.82,0.5936,1,-1,-1
1443,294,1797.97,178.46,12.57,23.48,0.3748,1,-1,-1
1443,300,1873.45,257.11,15.63,33.34,0.6215,1,-1,-1
1444,254,351.96,280.58,19.24,42.01,0.7349,1,-1,-1
1444,256,529.72,312.83,24.96,51.79,0.7364,1,-1,-1
1444,258,871.96,285.59,21.35,48.83,0.6540,1,-1,-1
1444,255,855.18,334.26,26.91,59.04,0.7050,1,-1,-1
1444,275,745.97,172.03,13.91,26.23,0.5370,1,-1,-1
1444,278,1202.00,213.36,18.74,35.62,0.4805,1,-1,-1
1444,282,878.35,166.85,14.87,30.86,0.5974,1,-1,-1
1444,294,1798.56,178.80,12.92,23.63,0.3174,1,-1,-1
1444,300,1874.45,257.01,15.85,33.82,0.5879,1,-1,-1
1445,254,351.41,281.41,19.35,42.53,0.7241,1,-1,-1
1445,256,529.33,313.50,25.15,51.53,0.7272,1,-1,-1
1445,258,872.93,286.09,21.07,48.48,0.6817,1,-1,-1
1445,255,854.64,336.39,27.23,58.57,0.6645,1,-1,-1
1445,275,745.87,172.31,14.08,26.65,0.5727,1,-1,-1
1445,278,1206.25,214.13,17.65,34.39,0.5506,1,-1,-1
1445,282,878.39,167.14,14.82,30.93,0.6049,1,-1,-1
1445,294,1799.57,178.38,13.24,23.94,0.3074,1,-1,-1
1445,300,1875.92,256.92,15.63,33.00,0.5641,1,-1,-1
1446,254,351.52,281.90,20.05,44.08,0.7424,1,-1,-1
1446,256,528.75,313.79,25.61,51.95,0.7318,1,-1,-1
1446,258,873.23,286.55,21.17,48.85,0.7194,1,-1,-1
1446,255,852.43,337.06,27.59,58.68,0.6749,1,-1,-1
1446,275,746.09,172.47,13.95,26.54,0.5487,1,-1,-1
1446,278,1207.36,214.34,17.53,34.66,0.5029,1,-1,-1
1446,282,878.21,167.20,14.84,31.07,0.5670,1,-1,-1
1446,294,1800.95,178.51,13.46,24.50,0.2846,1,-1,-1
1446,300,1876.58,257.10,16.58,35.25,0.5525,1,-1,-1
1447,254,351.94,282.18,20.56,44.60,0.7469,1,-1,-1
1447,256,527.89,314.23,25.81,52.24,0.7066,1,-1,-1
1447,258,873.39,287.03,21.24,48.95,0.7017,1,-1,-1
1447,255,850.80,338.54,27.62,58.35,0.6783,1,-1,-1
1447,275,746.38,172.89,13.67,26.25,0.5631,1,-1,-1
1447,278,1208.16,214.84,16.93,33.91,0.4301,1,-1,-1
1447,282,878.03,167.48,14.80,31.09,0.5370,1,-1,-1
1447,294,1801.72,178.92,13.61,24.83,0.3337,1,-1,-1
1447,300,1878.25,257.14,15.60,32.96,0.5765,1,-1,-1
1448,254,352.19,282.65,21.49,45.56,0.7439,1,-1,-1
1448,256,527.48,314.78,26.13,52.77,0.6943,1,-1,-1
1448,258,874.34,288.05,21.35,49.23,0.7001,1,-1,-1
1448,255,849.43,339.87,27.71,58.61,0.6968,1,-1,-1
1448,275,746.56,172.97,13.71,26.50,0.5689,1,-1,-1
1448,278,1209.86,215.54,16.18,33.08,0.4121,1,-1,-1
1448,282,877.94,167.68,14.89,31.34,0.5263,1,-1,-1
1448,294,1804.72,178.67,13.68,25.16,0.3998,1,-1,-1
1448,300,1878.70,257.60,15.78,33.31,0.5593,1,-1,-1
1449,254,351.93,283.51,22.10,45.65,0.7379,1,-1,-1
1449,256,526.99,315.57,26.34,53.15,0.6860,1,-1,-1
1449,258,874.60,288.29,21.70,50.03,0.7178,1,-1,-1
1449,255,847.75,340.59,28.14,59.74,0.6951,1,-1,-1
1449,275,746.79,172.95,13.65,26.57,0.5651,1,-1,-1
1449,278,1210.17,215.71,16.08,33.21,0.4121,1,-1,-1
1449,282,877.93,167.77,15.04,31.67,0.5137,1,-1,-1
1449,294,1806.23,178.87,13.51,25.11,0.4941,1,-1,-1
1449,300,1879.39,258.28,15.50,32.59,0.5166,1,-1,-1
1450,254,350.91,284.02,22.57,45.70,0.7162,1,-1,-1
1450,256,527.44,316.71,25.57,51.55,0.6663,1,-1,-1
1450,258,874.69,289.08,21.82,50.22,0.7146,1,-1,-1
1450,255,846.25,341.09,28.32,60.28,0.7050,1,-1,-1
1450,275,746.85,172.94,13.48,26.51,0.5400,1,-1,-1
1450,278,1210.50,215.97,16.07,33.22,0.4504,1,-1,-1
1450,282,877.95,167.91,15.10,31.84,0.5029,1,-1,-1
1450,294,1807.05,178.97,13.72,25.69,0.4863,1,-1,-1
1450,300,1879.29,258.89,16.16,34.04,0.5670,1,-1,-1
1451,254,349.58,284.35,22.90,45.97,0.7050,1,-1,-1
1451,256,527.60,317.18,25.62,51.66,0.6943,1,-1,-1
1451,258,874.98,290.25,21.64,49.61,0.7318,1,-1,-1
1451,255,844.90,341.85,27.13,58.45,0.7256,1,-1,-1
1451,275,747.60,172.28,14.25,27.84,0.5156,1,-1,-1
1451,278,1210.96,215.96,16.03,33.17,0.3877,1,-1,-1
1451,282,878.09,168.02,14.93,31.54,0.5166,1,-1,-1
1451,294,1807.74,179.01,13.85,26.02,0.4111,1,-1,-1
1451,300,1879.79,259.05,16.18,34.13,0.4630,1,-1,-1
1452,254,348.91,284.81,22.73,45.24,0.6918,1,-1,-1
1452,256,527.68,317.47,25.79,52.43,0.6843,1,-1,-1
1452,258,875.40,290.86,21.58,49.16,0.7098,1,-1,-1
1452,255,843.38,342.62,26.50,57.95,0.6901,1,-1,-1
1452,275,748.18,171.85,14.66,28.59,0.5622,1,-1,-1
1452,278,1212.11,215.69,15.98,33.37,0.4446,1,-1,-1
1452,282,878.28,168.26,14.66,31.02,0.5215,1,-1,-1
1452,294,1808.45,179.04,14.05,26.28,0.3979,1,-1,-1
1452,300,1880.34,258.75,16.09,33.84,0.4961,1,-1,-1
1452,306,880.63,165.94,14.19,30.69,0.4717,1,-1,-1
1453,254,348.46,285.17,22.60,44.72,0.6885,1,-1,-1
1453,256,528.28,317.84,25.49,52.17,0.6723,1,-1,-1
1453,258,875.73,291.07,21.71,49.14,0.6935,1,-1,-1
1453,255,842.58,343.14,26.10,58.11,0.6469,1,-1,-1
1453,275,748.73,171.57,14.82,29.03,0.5870,1,-1,-1
1453,278,1211.94,215.61,16.30,33.88,0.4168,1,-1,-1
1453,282,878.43,168.33,14.55,30.83,0.5322,1,-1,-1
1453,294,1809.83,179.31,13.85,25.95,0.3914,1,-1,-1
1453,300,1880.64,257.80,16.30,33.96,0.5185,1,-1,-1
1453,306,880.64,166.18,14.10,30.47,0.4785,1,-1,-1
1454,254,348.51,286.01,22.67,44.77,0.6817,1,-1,-1
1454,256,529.16,317.71,25.09,51.98,0.6522,1,-1,-1
1454,258,876.25,291.41,22.05,49.48,0.7050,1,-1,-1
1454,255,841.60,343.63,26.01,58.63,0.6388,1,-1,-1
1454,275,749.16,171.38,15.02,29.54,0.5851,1,-1,-1
1454,278,1211.99,215.51,16.37,34.03,0.4649,1,-1,-1
1454,282,878.47,168.38,14.53,30.84,0.5098,1,-1,-1
1454,294,1809.91,179.13,14.01,26.12,0.4158,1,-1,-1
1454,300,1880.09,257.11,17.12,35.46,0.5477,1,-1,-1
1454,306,880.62,166.37,14.01,30.24,0.4504,1,-1,-1
1455,254,348.92,286.23,22.52,44.54,0.6800,1,-1,-1
1455,256,530.37,318.01,24.75,51.67,0.6469,1,-1,-1
1455,258,876.69,291.69,22.29,49.75,0.7033,1,-1,-1
1455,255,840.78,343.83,25.82,59.00,0.6575,1,-1,-1
1455,275,749.64,171.33,15.03,29.66,0.5983,1,-1,-1
1455,278,1212.54,215.62,16.45,34.28,0.4484,1,-1,-1
1455,282,878.62,168.42,14.38,30.58,0.5176,1,-1,-1
1455,294,1809.98,179.45,14.18,25.90,0.3183,1,-1,-1
1455,300,1880.38,256.71,16.94,34.85,0.4581,1,-1,-1
1455,306,880.68,166.28,13.99,30.13,0.4815,1,-1,-1
1456,254,349.30,286.34,22.29,44.40,0.6885,1,-1,-1
1456,256,531.27,318.77,24.59,51.44,0.6388,1,-1,-1
1456,258,877.40,291.84,22.21,49.64,0.6968,1,-1,-1
1456,255,839.62,344.68,25.13,58.62,0.6567,1,-1,-1
1456,275,749.98,171.17,14.90,29.49,0.5946,1,-1,-1
1456,278,1212.83,215.78,16.42,34.22,0.4378,1,-1,-1
1456,282,878.78,168.39,14.16,30.13,0.5224,1,-1,-1
1456,294,1811.32,179.58,14.47,26.46,0.2674,1,-1,-1
1456,300,1880.47,256.83,17.00,34.88,0.5535,1,-1,-1
1456,306,880.85,166.27,13.89,29.84,0.5010,1,-1,-1
1456,307,520.56,180.98,12.38,30.38,0.5263,1,-1,-1
1457,254,349.68,286.27,22.09,44.44,0.6901,1,-1,-1
1457,256,531.96,319.50,24.35,51.06,0.6442,1,-1,-1
1457,258,878.56,291.88,22.04,49.45,0.6749,1,-1,-1
1457,255,838.26,345.40,25.03,58.82,0.6766,1,-1,-1
1457,275,750.29,171.16,14.58,29.02,0.5851,1,-1,-1
1457,278,1212.74,215.77,16.48,34.18,0.4349,1,-1,-1
1457,282,879.03,168.45,13.87,29.51,0.5205,1,-1,-1
1457,294,1813.17,179.65,14.23,26.25,0.3024,1,-1,-1
1457,300,1880.41,256.81,17.16,35.16,0.5898,1,-1,-1
1457,306,881.07,166.43,13.72,29.41,0.4932,1,-1,-1
1457,307,520.05,180.69,12.66,31.06,0.5068,1,-1,-1
1458,254,349.68,286.02,22.36,45.53,0.6610,1,-1,-1
1458,256,532.18,320.29,24.00,50.66,0.6206,1,-1,-1
1458,258,879.62,291.66,21.81,49.27,0.6697,1,-1,-1
1458,255,837.17,345.27,24.92,59.14,0.6775,1,-1,-1
1458,275,750.50,171.26,14.50,29.16,0.5927,1,-1,-1
1458,278,1212.77,215.64,16.58,34.22,0.4484,1,-1,-1
1458,282,879.29,168.44,13.64,29.04,0.5293,1,-1,-1
1458,294,1813.50,179.51,13.93,25.82,0.3540,1,-1,-1
1458,300,1880.38,256.88,17.28,35.42,0.6142,1,-1,-1
1458,306,881.23,166.52,13.64,29.19,0.4990,1,-1,-1
1458,307,519.55,180.58,12.85,31.52,0.5039,1,-1,-1
1459,254,350.21,285.84,21.94,45.31,0.6732,1,-1,-1
1459,256,533.43,321.39,23.62,50.19,0.6067,1,-1,-1
1459,258,880.87,291.73,21.38,48.63,0.6487,1,-1,-1
1459,255,836.25,345.27,24.94,59.68,0.6826,1,-1,-1
1459,275,750.96,171.13,14.33,29.09,0.6002,1,-1,-1
1459,278,1212.80,215.75,16.53,33.85,0.3748,1,-1,-1
1459,282,879.48,168.40,13.53,28.82,0.5244,1,-1,-1
1459,294,1813.31,179.32,14.05,26.01,0.3337,1,-1,-1
1459,300,1880.56,256.76,17.33,35.64,0.5879,1,-1,-1
1459,306,881.29,166.60,13.63,29.10,0.4893,1,-1,-1
1459,307,519.25,180.32,12.84,31.50,0.4064,1,-1,-1
1460,254,350.85,285.77,21.44,44.76,0.6885,1,-1,-1
1460,256,534.07,321.75,23.49,49.76,0.6252,1,-1,-1
1460,258,882.03,291.77,21.01,48.01,0.6307,1,-1,-1
1460,255,835.63,345.66,24.85,59.71,0.6671,1,-1,-1
1460,275,751.31,171.18,14.07,28.84,0.5964,1,-1,-1
1460,278,1213.02,215.75,16.62,33.62,0.2561,1,-1,-1
1460,282,879.64,168.39,13.55,28.83,0.5234,1,-1,-1
1460,294,1814.43,179.15,14.00,26.07,0.3849,1,-1,-1
1460,300,1880.62,256.57,17.42,36.03,0.5974,1,-1,-1
1460,307,518.96,180.47,12.70,31.15,0.3277,1,-1,-1
1461,254,351.08,285.81,21.47,45.50,0.6610,1,-1,-1
1461,256,534.63,321.90,23.81,50.12,0.6654,1,-1,-1
1461,258,882.79,291.50,21.36,49.06,0.6169,1,-1,-1
1461,255,834.17,346.27,25.14,60.01,0.6316,1,-1,-1
1461,275,751.41,170.36,14.57,30.20,0.5506,1,-1,-1
1461,278,1212.70,216.02,16.65,33.60,0.4206,1,-1,-1
1461,282,879.43,167.97,14.39,30.70,0.5554,1,-1,-1
1461,294,1814.17,178.98,14.05,26.35,0.3585,1,-1,-1
1461,300,1880.45,256.62,17.41,36.38,0.6179,1,-1,-1
1461,307,518.66,180.38,11.84,28.98,0.1056,1,-1,-1
1462,254,351.85,285.61,20.97,45.05,0.6697,1,-1,-1
1462,256,535.03,321.80,24.41,50.93,0.6893,1,-1,-1
1462,258,883.26,291.72,21.33,49.23,0.6215,1,-1,-1
1462,255,832.73,346.66,25.78,60.75,0.6766,1,-1,-1
1462,275,751.61,170.14,14.50,30.41,0.5545,1,-1,-1
1462,278,1212.66,216.09,16.98,34.01,0.4980,1,-1,-1
1462,282,879.38,167.77,14.75,31.60,0.5574,1,-1,-1
1462,294,1813.17,178.78,14.18,26.63,0.3730,1,-1,-1
1462,300,1880.22,257.11,17.16,36.10,0.6142,1,-1,-1
1462,307,518.15,180.33,11.70,28.60,0.1148,1,-1,-1
1463,254,352.84,285.72,20.71,44.94,0.6851,1,-1,-1
1463,256,535.25,321.77,25.07,51.80,0.7138,1,-1,-1
1463,258,883.69,292.09,21.16,49.01,0.6783,1,-1,-1
1463,255,831.52,348.03,25.65,59.67,0.6628,1,-1,-1
1463,275,751.85,169.98,14.26,30.30,0.5737,1,-1,-1
1463,278,1212.60,216.11,17.27,34.35,0.4902,1,-1,-1
1463,282,879.33,167.62,15.03,32.35,0.5593,1,-1,-1
1463,294,1813.49,178.61,14.08,26.53,0.4542,1,-1,-1
1463,300,1879.79,257.31,17.06,36.02,0.6030,1,-1,-1
1463,307,517.70,180.42,11.96,29.15,0.1276,1,-1,-1
1464,254,353.94,285.89,20.81,45.23,0.6749,1,-1,-1
1464,256,535.65,322.14,25.42,51.92,0.7432,1,-1,-1
1464,258,884.22,292.47,21.10,49.05,0.6298,1,-1,-1
1464,255,830.62,348.05,25.58,59.11,0.6732,1,-1,-1
1464,275,752.14,169.92,14.01,30.01,0.5273,1,-1,-1
1464,278,1212.59,216.10,17.50,34.56,0.4600,1,-1,-1
1464,282,879.35,167.60,15.13,32.68,0.5467,1,-1,-1
1464,294,1811.80,178.65,14.41,26.97,0.4149,1,-1,-1
1464,300,1879.56,257.08,16.70,35.33,0.5983,1,-1,-1
1464,307,517.33,180.64,12.22,29.66,0.2173,1,-1,-1
1464,308,1219.51,215.79,14.17,35.21,0.4893,1,-1,-1
1465,254,354.78,286.12,20.86,44.98,0.6645,1,-1,-1
1465,256,535.92,322.57,25.66,51.77,0.7491,1,-1,-1
1465,258,884.39,292.18,21.68,49.80,0.6584,1,-1,-1
1465,255,829.29,347.98,25.90,59.59,0.6732,1,-1,-1
1465,275,752.31,170.66,13.48,28.89,0.5185,1,-1,-1
1465,278,1212.62,215.95,17.77,34.89,0.4475,1,-1,-1
1465,282,879.32,167.61,15.28,33.16,0.5467,1,-1,-1
1465,300,1879.60,256.82,16.18,34.02,0.6039,1,-1,-1
1465,307,517.07,180.85,12.42,29.94,0.2767,1,-1,-1
1465,308,1219.77,215.74,14.21,35.29,0.5107,1,-1,-1
1466,254,355.61,286.51,20.82,44.38,0.6697,1,-1,-1
1466,256,536.16,323.00,25.84,51.50,0.7402,1,-1,-1
1466,258,885.82,292.87,21.66,49.48,0.6558,1,-1,-1
1466,255,828.73,348.47,25.73,59.26,0.6270,1,-1,-1
1466,275,752.73,171.14,13.09,27.88,0.4824,1,-1,-1
1466,278,1212.87,215.89,17.98,34.97,0.4158,1,-1,-1
1466,282,879.28,167.60,15.40,33.59,0.5506,1,-1,-1
1466,300,1879.27,256.57,16.07,33.64,0.5756,1,-1,-1
1466,307,516.54,180.64,12.63,30.32,0.3594,1,-1,-1
1466,308,1219.95,215.77,14.28,35.44,0.5234,1,-1,-1
1467,254,356.19,286.84,20.66,43.69,0.6766,1,-1,-1
1467,256,536.42,323.11,26.13,51.41,0.7170,1,-1,-1
1467,258,886.19,293.24,22.17,49.67,0.6783,1,-1,-1
1467,255,827.18,348.72,25.29,58.58,0.5974,1,-1,-1
1467,275,752.95,171.36,13.03,27.69,0.5156,1,-1,-1
1467,278,1213.41,215.85,18.16,35.06,0.3594,1,-1,-1
1467,282,879.28,167.63,15.37,33.68,0.5593,1,-1,-1
1467,300,1878.38,256.02,16.66,34.73,0.5679,1,-1,-1
1467,307,516.27,180.39,12.78,30.53,0.3398,1,-1,-1
1467,308,1220.04,215.77,14.35,35.50,0.5020,1,-1,-1
1468,254,356.54,287.06,20.43,43.20,0.7050,1,-1,-1
1468,256,536.49,323.25,26.34,51.67,0.7194,1,-1,-1
1468,258,886.07,293.34,23.00,49.86,0.6851,1,-1,-1
1468,255,824.97,349.40,24.92,57.63,0.6049,1,-1,-1
1468,275,753.47,171.21,12.85,27.17,0.5224,1,-1,-1
1468,278,1213.45,215.69,18.30,35.07,0.3294,1,-1,-1
1468,282,879.33,167.61,15.31,33.66,0.5612,1,-1,-1
1468,300,1877.84,255.11,16.89,35.40,0.5525,1,-1,-1
1468,307,516.24,180.76,12.94,30.81,0.3785,1,-1,-1
1468,308,1220.51,215.74,14.32,35.35,0.4951,1,-1,-1
1469,254,356.74,286.93,20.21,42.92,0.7098,1,-1,-1
1469,256,537.21,323.27,26.32,51.70,0.7130,1,-1,-1
1469,258,886.62,293.42,23.73,49.98,0.6749,1,-1,-1
1469,255,823.93,350.17,24.27,56.33,0.6451,1,-1,-1
1469,275,753.75,171.20,12.67,26.69,0.5438,1,-1,-1
1469,278,1211.72,215.51,17.94,34.96,0.3576,1,-1,-1
1469,282,879.39,167.72,15.20,33.49,0.5670,1,-1,-1
1469,300,1876.55,254.97,17.71,37.32,0.5727,1,-1,-1
1469,307,516.27,181.23,12.98,30.82,0.3757,1,-1,-1
1469,308,1221.26,216.22,14.04,34.77,0.5332,1,-1,-1
1469,309,1808.68,179.16,11.37,27.24,0.5612,1,-1,-1
1469,294,1818.55,178.78,14.03,26.83,0.5302,1,-1,-1
1470,254,357.20,286.63,19.99,42.49,0.7146,1,-1,-1
1470,256,538.21,323.18,26.40,51.90,0.7379,1,-1,-1
1470,258,887.70,293.47,24.28,50.23,0.6868,1,-1,-1
1470,255,823.21,349.74,24.11,56.50,0.6451,1,-1,-1
1470,275,754.06,171.17,12.58,26.43,0.5574,1,-1,-1
1470,278,1211.38,215.47,17.74,35.06,0.3242,1,-1,-1
1470,282,879.46,167.85,15.12,33.36,0.5670,1,-1,-1
1470,300,1876.16,255.22,17.06,35.68,0.5679,1,-1,-1
1470,307,516.27,181.43,12.96,30.71,0.2991,1,-1,-1
1470,308,1221.47,216.33,14.05,34.76,0.5293,1,-1,-1
1470,309,1809.01,179.07,11.28,27.01,0.5506,1,-1,-1
1470,294,1819.34,178.80,13.79,26.78,0.5370,1,-1,-1
1471,254,357.56,286.51,19.65,42.13,0.7066,1,-1,-1
1471,256,539.20,322.97,26.37,52.03,0.7241,1,-1,-1
1471,258,888.07,293.55,24.60,50.03,0.6918,1,-1,-1
1471,255,822.18,348.84,24.75,58.43,0.6496,1,-1,-1
1471,275,754.43,171.48,12.22,25.65,0.5708,1,-1,-1
1471,278,1212.76,215.50,17.88,35.06,0.2606,1,-1,-1
1471,282,879.57,167.95,15.03,33.16,0.5651,1,-1,-1
1471,300,1875.44,255.39,16.81,34.73,0.5983,1,-1,-1
1471,307,516.22,181.60,12.83,30.35,0.2713,1,-1,-1
1471,308,1221.59,216.46,14.07,34.75,0.5156,1,-1,-1
1471,309,1809.33,178.89,11.28,26.96,0.5631,1,-1,-1
1471,294,1819.71,178.77,13.67,26.88,0.5554,1,-1,-1
1472,254,358.08,286.93,18.75,40.87,0.7090,1,-1,-1
1472,256,540.56,323.03,25.93,51.50,0.7178,1,-1,-1
1472,258,888.68,293.70,24.86,49.87,0.6817,1,-1,-1
1472,255,820.65,348.69,24.37,58.39,0.6549,1,-1,-1
1472,275,754.72,171.62,12.21,25.62,0.5746,1,-1,-1
1472,278,1213.66,215.38,18.04,35.16,0.2436,1,-1,-1
1472,282,880.40,167.51,14.78,32.62,0.5689,1,-1,-1
1472,300,1874.66,255.51,16.26,33.21,0.6225,1,-1,-1
1472,307,516.15,181.73,12.72,30.07,0.2783,1,-1,-1
1472,308,1221.69,216.44,14.05,34.69,0.5078,1,-1,-1
1472,309,1809.92,178.65,11.22,26.77,0.5322,1,-1,-1
1472,294,1819.95,178.86,13.54,26.85,0.5312,1,-1,-1
1473,254,358.46,286.70,18.76,41.06,0.7146,1,-1,-1
1473,256,542.01,323.40,25.40,50.85,0.7050,1,-1,-1
1473,258,888.54,293.61,25.41,50.15,0.6732,1,-1,-1
1473,255,819.38,348.63,23.77,58.17,0.6531,1,-1,-1
1473,275,754.85,171.46,12.48,26.19,0.5727,1,-1,-1
1473,278,1214.37,215.23,18.25,35.32,0.2247,1,-1,-1
1473,282,880.81,167.33,14.63,32.28,0.5727,1,-1,-1
1473,300,1873.47,255.79,16.92,34.58,0.6478,1,-1,-1
1473,307,516.07,181.78,12.70,29.99,0.2918,1,-1,-1
1473,308,1221.78,216.36,14.04,34.64,0.4893,1,-1,-1
1473,309,1810.60,178.21,11.36,27.06,0.4571,1,-1,-1
1473,294,1820.14,178.82,13.64,27.16,0.4893,1,-1,-1
1474,254,359.46,286.86,18.53,40.69,0.7009,1,-1,-1
1474,256,543.09,323.02,25.35,51.01,0.6749,1,-1,-1
1474,258,889.71,293.71,25.72,50.53,0.6270,1,-1,-1
1474,255,818.39,348.87,23.49,58.47,0.6860,1,-1,-1
1474,275,755.32,171.25,12.85,26.85,0.5496,1,-1,-1
1474,278,1215.01,215.13,18.66,35.71,0.2193,1,-1,-1
1474,282,881.07,167.42,14.45,31.81,0.5554,1,-1,-1
1474,300,1872.66,255.94,16.88,34.40,0.6352,1,-1,-1
1474,307,516.05,181.83,12.65,29.84,0.2422,1,-1,-1
1474,308,1221.12,215.92,14.40,35.19,0.4562,1,-1,-1
1474,309,1811.23,177.90,11.44,27.20,0.4426,1,-1,-1
1474,294,1820.39,178.77,13.67,27.31,0.4873,1,-1,-1
1475,254,360.07,286.51,18.72,41.21,0.6951,1,-1,-1
1475,256,544.46,322.86,25.38,51.15,0.6817,1,-1,-1
1475,258,890.74,293.86,25.49,50.01,0.6160,1,-1,-1
1475,255,817.28,349.37,23.24,58.60,0.6926,1,-1,-1
1475,275,755.84,171.11,13.09,27.23,0.5535,1,-1,-1
1475,278,1214.50,215.08,18.63,35.85,0.1711,1,-1,-1
1475,282,881.28,167.55,14.23,31.21,0.5312,1,-1,-1
1475,300,1872.21,255.60,16.13,33.02,0.5390,1,-1,-1
1475,307,515.98,181.83,12.65,29.84,0.2282,1,-1,-1
1475,308,1220.76,215.81,14.65,35.44,0.4397,1,-1,-1
1475,309,1811.79,177.69,11.53,27.37,0.4321,1,-1,-1
1475,294,1820.68,178.69,13.65,27.47,0.4668,1,-1,-1
1476,254,360.77,286.44,18.93,41.96,0.7058,1,-1,-1
1476,256,545.63,323.20,25.07,51.24,0.6575,1,-1,-1
1476,258,891.95,293.87,25.17,49.50,0.6123,1,-1,-1
1476,255,816.30,349.95,23.00,58.23,0.6800,1,-1,-1
1476,275,756.52,171.10,13.05,26.99,0.5746,1,-1,-1
1476,278,1214.72,215.14,18.77,36.14,0.1285,1,-1,-1
1476,282,881.40,167.45,14.22,31.11,0.5612,1,-1,-1
1476,300,1870.45,254.32,17.05,35.10,0.5708,1,-1,-1
1476,307,515.66,181.18,13.03,30.75,0.4196,1,-1,-1
1476,308,1220.67,215.65,15.05,36.06,0.3711,1,-1,-1
1476,309,1814.72,178.12,11.94,27.08,0.4369,1,-1,-1
1476,294,1820.58,178.69,13.63,27.36,0.4795,1,-1,-1
1477,254,361.37,286.77,18.87,42.03,0.6926,1,-1,-1
1477,256,546.27,323.02,24.73,51.17,0.6817,1,-1,-1
1477,258,892.08,293.51,25.67,50.60,0.5496,1,-1,-1
1477,255,814.90,349.70,23.39,59.27,0.6984,1,-1,-1
1477,275,757.04,170.92,13.14,27.06,0.5804,1,-1,-1
1477,278,1214.93,215.11,18.86,36.33,0.1180,1,-1,-1
1477,282,881.40,167.50,14.24,31.01,0.5574,1,-1,-1
1477,300,1868.77,253.19,17.71,36.69,0.5593,1,-1,-1
1477,307,515.58,180.88,13.14,31.00,0.4206,1,-1,-1
1477,308,1220.56,215.57,15.34,36.33,0.3416,1,-1,-1
1477,309,1815.58,178.33,12.39,26.92,0.4417,1,-1,-1
1477,294,1820.50,178.69,13.64,27.26,0.4639,1,-1,-1
1478,254,362.17,286.99,18.82,42.06,0.7042,1,-1,-1
1478,256,547.10,322.92,24.38,51.06,0.7033,1,-1,-1
1478,258,893.78,292.89,25.87,51.65,0.5708,1,-1,-1
1478,255,813.62,348.99,23.72,60.06,0.6817,1,-1,-1
1478,275,757.53,170.79,13.10,26.95,0.6160,1,-1,-1
1478,278,1214.99,215.19,18.85,36.37,0.1229,1,-1,-1
1478,282,881.41,167.62,14.23,30.83,0.5554,1,-1,-1
1478,300,1866.99,252.28,17.89,37.20,0.5708,1,-1,-1
1478,307,515.61,180.82,13.07,30.82,0.4649,1,-1,-1
1478,308,1220.63,215.62,15.53,36.40,0.3648,1,-1,-1
1478,309,1815.71,178.37,12.89,26.89,0.4600,1,-1,-1
1478,294,1820.43,178.60,13.72,27.27,0.4630,1,-1,-1
1479,254,363.01,287.19,18.74,42.02,0.6960,1,-1,-1
1479,256,548.07,322.88,24.00,50.81,0.6901,1,-1,-1
1479,258,895.44,293.05,25.19,51.02,0.6593,1,-1,-1
1479,255,812.59,348.86,23.88,60.09,0.6749,1,-1,-1
1479,275,757.92,170.78,12.94,26.56,0.6049,1,-1,-1
1479,278,1214.86,215.29,18.72,36.28,0.1276,1,-1,-1
1479,282,881.47,167.80,14.18,30.54,0.5516,1,-1,-1
1479,300,1866.08,251.59,17.41,36.35,0.6105,1,-1,-1
1479,307,515.67,180.90,12.93,30.43,0.4883,1,-1,-1
1479,308,1220.82,215.69,15.67,36.44,0.3739,1,-1,-1
1479,309,1815.29,178.15,13.07,26.88,0.4600,1,-1,-1
1479,294,1821.06,178.59,13.58,27.14,0.4707,1,-1,-1
1480,254,363.68,286.97,18.75,42.32,0.6960,1,-1,-1
1480,256,549.20,322.84,23.93,50.84,0.6901,1,-1,-1
1480,258,896.39,292.74,25.03,51.56,0.6680,1,-1,-1
1480,255,811.54,348.32,24.17,60.43,0.6860,1,-1,-1
1480,275,758.12,171.04,12.75,26.14,0.6086,1,-1,-1
1480,278,1215.80,215.48,18.99,36.37,0.1711,1,-1,-1
1480,282,881.50,167.98,14.14,30.28,0.5612,1,-1,-1
1480,300,1865.30,251.11,17.27,36.34,0.6433,1,-1,-1
1480,307,515.75,180.99,12.86,30.18,0.4727,1,-1,-1
1480,308,1221.12,215.84,15.72,36.29,0.3886,1,-1,-1
1480,309,1814.75,178.13,13.03,26.66,0.4746,1,-1,-1
1480,294,1821.62,178.64,13.36,26.98,0.4785,1,-1,-1
1481,254,364.16,287.11,18.58,42.24,0.6860,1,-1,-1
1481,256,550.65,323.27,23.86,50.25,0.6834,1,-1,-1
1481,258,896.98,292.22,24.72,51.64,0.6610,1,-1,-1
1481,255,810.39,348.10,24.35,60.13,0.7009,1,-1,-1
1481,275,758.60,171.24,12.59,25.75,0.6397,1,-1,-1
1481,278,1215.33,215.50,18.77,36.10,0.1334,1,-1,-1
1481,282,881.51,168.17,14.13,30.08,0.5612,1,-1,-1
1481,300,1864.30,250.97,17.21,36.25,0.6433,1,-1,-1
1481,307,515.68,180.98,12.95,30.35,0.4795,1,-1,-1
1481,308,1221.26,215.87,15.75,36.03,0.3914,1,-1,-1
1481,309,1814.41,178.16,13.04,26.60,0.4688,1,-1,-1
1481,294,1821.99,178.67,13.18,26.87,0.4688,1,-1,-1
1482,254,364.58,286.79,18.58,42.51,0.6558,1,-1,-1
1482,256,551.47,323.60,24.24,50.39,0.7017,1,-1,-1
1482,258,897.36,291.95,24.38,51.62,0.6749,1,-1,-1
1482,255,809.28,348.05,24.55,59.78,0.6910,1,-1,-1
1482,275,759.05,171.07,12.63,25.79,0.6522,1,-1,-1
1482,278,1215.30,215.50,18.67,36.01,0.1152,1,-1,-1
1482,282,881.57,168.40,14.13,29.95,0.5612,1,-1,-1
1482,300,1863.30,250.83,17.31,36.21,0.6179,1,-1,-1
1482,307,515.60,180.99,12.98,30.46,0.4552,1,-1,-1
1482,308,1221.28,215.88,15.80,35.84,0.3639,1,-1,-1
1482,309,1814.32,178.08,13.14,26.71,0.4513,1,-1,-1
1482,294,1822.14,178.66,13.06,26.81,0.4630,1,-1,-1
1483,254,365.42,286.76,18.28,42.57,0.6749,1,-1,-1
1483,256,552.14,323.79,24.66,50.56,0.7130,1,-1,-1
1483,258,898.02,291.89,23.98,51.36,0.6901,1,-1,-1
1483,255,808.41,348.09,24.89,59.78,0.6809,1,-1,-1
1483,275,759.40,170.69,12.88,26.34,0.6325,1,-1,-1
1483,278,1214.20,215.35,17.75,35.03,0.1030,1,-1,-1
1483,282,881.55,168.42,14.21,29.98,0.5612,1,-1,-1
1483,300,1862.45,251.06,16.76,34.70,0.5974,1,-1,-1
1483,307,515.45,180.97,13.01,30.63,0.4600,1,-1,-1
1483,308,1221.38,215.85,15.85,35.70,0.3416,1,-1,-1
1483,309,1814.19,178.06,13.18,26.74,0.4273,1,-1,-1
1483,294,1822.25,178.62,12.98,26.82,0.4397,1,-1,-1
1484,254,366.32,286.63,17.85,42.18,0.6885,1,-1,-1
1484,256,552.89,323.68,25.06,50.95,0.6968,1,-1,-1
1484,258,898.34,291.57,23.73,51.37,0.6343,1,-1,-1
1484,255,807.61,348.31,25.12,59.60,0.6619,1,-1,-1
1484,275,759.68,170.45,13.13,26.99,0.6067,1,-1,-1
1484,278,1215.97,215.49,18.37,35.74,0.1238,1,-1,-1
1484,282,881.53,168.51,14.28,30.00,0.5612,1,-1,-1
1484,300,1861.79,251.47,16.57,33.88,0.5166,1,-1,-1
1484,307,515.29,181.00,13.01,30.78,0.4417,1,-1,-1
1484,308,1221.54,215.87,15.92,35.63,0.3451,1,-1,-1
1484,309,1814.28,177.96,13.33,26.88,0.3757,1,-1,-1
1484,294,1822.32,178.63,12.94,26.80,0.3998,1,-1,-1
1485,254,367.10,286.46,17.66,42.15,0.7001,1,-1,-1
1485,256,553.68,323.49,25.50,51.43,0.7033,1,-1,-1
1485,258,898.97,291.53,23.83,51.96,0.6851,1,-1,-1
1485,255,805.99,349.75,25.15,59.62,0.6361,1,-1,-1
1485,275,760.08,170.30,13.12,27.18,0.5593,1,-1,-1
1485,278,1214.70,215.28,18.09,35.88,0.1160,1,-1,-1
1485,282,881.51,168.50,14.34,29.98,0.5631,1,-1,-1
1485,300,1860.68,251.28,16.45,33.51,0.5068,1,-1,-1
1485,307,515.16,180.99,13.03,31.01,0.4359,1,-1,-1
1485,308,1221.32,215.69,16.18,35.94,0.3522,1,-1,-1
1485,309,1814.18,178.06,13.25,26.64,0.3540,1,-1,-1
1485,294,1822.58,178.72,12.80,26.61,0.4054,1,-1,-1
1485,311,763.60,169.98,13.20,27.42,0.4707,1,-1,-1
1486,254,367.67,286.19,17.70,42.53,0.7033,1,-1,-1
1486,256,554.50,323.25,25.67,51.44,0.6834,1,-1,-1
1486,258,899.74,291.66,23.86,52.20,0.6984,1,-1,-1
1486,255,804.39,350.39,25.07,59.48,0.6397,1,-1,-1
1486,275,760.31,169.81,13.20,27.58,0.5400,1,-1,-1
1486,278,1214.32,215.30,17.80,35.93,0.1264,1,-1,-1
1486,282,881.45,168.39,14.51,30.21,0.5631,1,-1,-1
1486,300,1859.13,250.87,16.65,33.97,0.4971,1,-1,-1
1486,307,515.09,180.94,13.11,31.19,0.4369,1,-1,-1
1486,308,1221.11,215.61,16.41,36.13,0.3594,1,-1,-1
1486,309,1814.05,178.02,13.21,26.49,0.3251,1,-1,-1
1486,294,1822.85,178.71,12.72,26.51,0.3905,1,-1,-1
1486,311,762.87,169.52,13.29,27.59,0.4727,1,-1,-1
1487,254,368.25,285.89,17.70,42.79,0.7287,1,-1,-1
1487,256,554.87,323.11,25.85,51.69,0.6540,1,-1,-1
1487,258,900.59,291.82,23.84,52.29,0.7066,1,-1,-1
1487,255,802.69,350.53,25.05,59.61,0.6715,1,-1,-1
1487,275,760.72,169.96,12.94,27.25,0.4912,1,-1,-1
1487,278,1213.90,215.30,17.39,35.91,0.1316,1,-1,-1
1487,282,881.41,168.19,14.74,30.57,0.5689,1,-1,-1
1487,300,1858.21,250.75,15.95,32.54,0.4639,1,-1,-1
1487,307,514.85,181.00,13.26,31.82,0.3942,1,-1,-1
1487,308,1221.18,215.58,16.53,36.17,0.3794,1,-1,-1
1487,309,1813.57,177.84,13.24,26.54,0.3469,1,-1,-1
1487,294,1823.48,178.37,12.85,26.80,0.4140,1,-1,-1
1487,311,762.90,169.97,13.10,27.19,0.4727,1,-1,-1
1488,254,368.95,285.46,17.82,43.34,0.7409,1,-1,-1
1488,256,556.42,323.65,25.05,50.59,0.6415,1,-1,-1
1488,258,901.66,291.91,23.74,52.00,0.7033,1,-1,-1
1488,255,801.38,350.45,25.19,60.45,0.6868,1,-1,-1
1488,275,761.02,170.20,12.78,27.15,0.4426,1,-1,-1
1488,278,1213.62,215.37,16.92,35.79,0.1608,1,-1,-1
1488,282,881.27,167.85,15.06,31.19,0.5765,1,-1,-1
1488,300,1857.14,249.44,16.17,33.33,0.5631,1,-1,-1
1488,307,514.70,181.24,13.34,32.28,0.3970,1,-1,-1
1488,308,1221.32,215.65,16.57,36.15,0.4263,1,-1,-1
1488,309,1813.25,177.60,13.30,26.76,0.3648,1,-1,-1
1488,294,1823.19,178.08,12.99,27.19,0.4273,1,-1,-1
1488,311,762.92,170.62,12.95,26.90,0.4349,1,-1,-1
1489,254,369.70,285.52,17.75,43.34,0.7349,1,-1,-1
1489,256,557.38,323.67,24.95,50.73,0.6593,1,-1,-1
1489,258,902.61,292.15,23.80,51.91,0.7033,1,-1,-1
1489,255,800.34,350.47,25.04,60.58,0.6558,1,-1,-1
1489,278,1213.75,215.42,16.64,35.89,0.1371,1,-1,-1
1489,282,881.30,167.69,15.28,31.62,0.5708,1,-1,-1
1489,300,1856.00,247.87,16.69,35.02,0.6234,1,-1,-1
1489,307,515.01,181.45,13.17,31.84,0.4630,1,-1,-1
1489,308,1221.55,215.63,16.65,36.23,0.4140,1,-1,-1
1489,309,1813.14,177.62,13.24,26.79,0.4045,1,-1,-1
1489,294,1823.28,177.94,13.02,27.41,0.4465,1,-1,-1
1489,311,762.90,171.25,12.82,26.68,0.4321,1,-1,-1
1490,254,370.31,285.65,17.83,43.56,0.7146,1,-1,-1
1490,256,558.84,323.22,24.85,50.72,0.7082,1,-1,-1
1490,258,903.26,292.35,23.97,51.94,0.6935,1,-1,-1
1490,255,799.42,350.48,24.85,60.47,0.6397,1,-1,-1
1490,278,1213.98,215.36,16.37,35.86,0.1105,1,-1,-1
1490,282,881.57,167.75,15.26,31.64,0.5467,1,-1,-1
1490,300,1855.13,247.26,16.75,35.50,0.5860,1,-1,-1
1490,307,515.17,181.57,13.14,31.68,0.4766,1,-1,-1
1490,308,1222.29,215.94,16.21,35.68,0.4311,1,-1,-1
1490,309,1812.27,177.36,13.35,27.26,0.4225,1,-1,-1
1490,294,1823.21,177.43,13.24,28.01,0.4542,1,-1,-1
1490,311,763.05,171.70,12.76,26.61,0.4330,1,-1,-1
1491,254,371.39,285.79,17.83,43.45,0.7050,1,-1,-1
1491,256,560.47,323.62,24.36,50.00,0.6918,1,-1,-1
1491,258,904.81,293.52,23.79,50.88,0.7033,1,-1,-1
1491,255,798.69,350.18,24.49,59.93,0.6379,1,-1,-1
1491,278,1214.78,215.81,16.04,35.29,0.1371,1,-1,-1
1491,282,881.82,168.19,15.19,31.48,0.5293,1,-1,-1
1491,300,1854.19,246.62,17.18,36.60,0.5525,1,-1,-1
1491,307,515.34,181.43,13.00,31.13,0.3115,1,-1,-1
1491,308,1222.74,216.02,16.00,35.29,0.3942,1,-1,-1
1491,309,1812.05,178.18,12.81,26.33,0.3585,1,-1,-1
1491,294,1823.84,176.77,13.51,28.59,0.3831,1,-1,-1
1491,311,763.06,171.89,12.46,26.02,0.4756,1,-1,-1
1492,254,372.44,285.72,17.80,43.37,0.7001,1,-1,-1
1492,256,561.86,323.67,24.02,49.63,0.6817,1,-1,-1
1492,258,905.70,293.86,23.89,50.50,0.7210,1,-1,-1
1492,255,797.29,349.28,24.74,60.84,0.6058,1,-1,-1
1492,278,1215.25,215.89,16.08,35.36,0.1750,1,-1,-1
1492,282,881.99,168.34,15.16,31.48,0.4971,1,-1,-1
1492,300,1853.10,246.13,17.39,37.34,0.5593,1,-1,-1
1492,307,515.52,181.41,12.92,30.73,0.2436,1,-1,-1
1492,308,1222.93,215.98,15.98,35.23,0.4140,1,-1,-1
1492,309,1812.05,178.84,12.56,26.00,0.4054,1,-1,-1
1492,294,1824.16,176.60,13.59,28.77,0.4026,1,-1,-1
1492,311,762.87,171.80,12.71,26.62,0.4785,1,-1,-1
1493,254,373.22,286.02,17.83,43.26,0.7114,1,-1,-1
1493,256,563.14,323.11,24.10,50.24,0.6885,1,-1,-1
1493,258,906.68,294.11,24.06,50.05,0.7256,1,-1,-1
1493,255,796.26,348.99,24.57,60.78,0.6298,1,-1,-1
1493,278,1215.20,215.46,16.32,35.97,0.1362,1,-1,-1
1493,282,881.89,168.86,14.96,31.04,0.4649,1,-1,-1
1493,300,1852.23,245.88,16.62,35.79,0.4971,1,-1,-1
1493,307,515.48,181.28,12.92,30.58,0.2862,1,-1,-1
1493,308,1223.20,215.90,16.07,35.46,0.3558,1,-1,-1
1493,309,1812.03,179.50,12.27,25.49,0.3914,1,-1,-1
1493,294,1824.29,177.02,13.36,28.27,0.3549,1,-1,-1
1494,254,373.65,285.89,18.01,43.63,0.7066,1,-1,-1
1494,256,564.15,323.34,23.86,50.05,0.7272,1,-1,-1
1494,258,907.03,293.36,24.38,50.54,0.6984,1,-1,-1
1494,255,795.22,348.87,24.61,61.00,0.7074,1,-1,-1
1494,278,1215.06,215.30,16.25,35.99,0.1041,1,-1,-1
1494,282,881.97,169.03,14.83,30.74,0.4378,1,-1,-1
1494,300,1851.22,245.70,16.17,34.61,0.5322,1,-1,-1
1494,307,515.17,181.16,12.94,30.61,0.3914,1,-1,-1
1494,308,1223.88,215.91,15.89,35.20,0.3174,1,-1,-1
1494,309,1811.95,179.47,12.22,25.49,0.3657,1,-1,-1
1494,294,1824.14,177.00,13.37,28.29,0.3355,1,-1,-1
1494,275,763.21,171.27,12.70,27.11,0.4824,1,-1,-1
1495,254,374.60,286.21,17.88,42.93,0.6540,1,-1,-1
1495,256,565.07,323.44,23.85,50.52,0.7001,1,-1,-1
1495,258,907.75,293.34,24.60,50.76,0.6885,1,-1,-1
1495,255,794.11,349.05,24.72,61.24,0.6993,1,-1,-1
1495,282,881.93,169.12,14.78,30.59,0.4407,1,-1,-1
1495,300,1850.24,246.17,15.27,32.48,0.5205,1,-1,-1
1495,307,514.82,181.19,12.95,30.54,0.4073,1,-1,-1
1495,308,1224.51,216.11,15.58,34.64,0.3040,1,-1,-1
1495,309,1811.98,179.51,12.15,25.41,0.3504,1,-1,-1
1495,294,1824.15,177.42,13.20,27.99,0.3074,1,-1,-1
1495,275,763.56,171.13,12.69,27.19,0.4961,1,-1,-1
1496,254,375.32,286.25,17.91,42.64,0.6732,1,-1,-1
1496,256,566.39,323.83,23.13,49.41,0.6645,1,-1,-1
1496,258,908.35,292.95,24.94,51.53,0.6868,1,-1,-1
1496,255,793.09,348.86,24.85,61.40,0.6960,1,-1,-1
1496,282,881.95,169.17,14.74,30.47,0.4475,1,-1,-1
1496,300,1848.66,246.45,15.64,32.97,0.4941,1,-1,-1
1496,307,514.41,181.20,12.87,30.27,0.4045,1,-1,-1
1496,308,1224.90,216.16,15.36,34.35,0.3115,1,-1,-1
1496,309,1812.31,179.19,12.31,25.71,0.3486,1,-1,-1
1496,294,1824.01,177.58,13.19,27.94,0.3191,1,-1,-1
1496,275,763.78,170.91,12.64,27.16,0.5166,1,-1,-1
1497,254,376.27,285.64,18.20,43.07,0.6968,1,-1,-1
1497,256,567.18,322.97,23.23,49.94,0.6817,1,-1,-1
1497,258,909.06,292.87,24.75,51.50,0.6663,1,-1,-1
1497,255,791.30,348.76,25.21,61.80,0.6943,1,-1,-1
1497,282,882.16,169.34,14.54,30.03,0.4397,1,-1,-1
1497,300,1847.48,246.30,16.07,33.64,0.4785,1,-1,-1
1497,307,513.99,181.23,12.95,30.30,0.3877,1,-1,-1
1497,308,1225.23,216.20,15.80,35.43,0.3513,1,-1,-1
1497,309,1812.87,179.03,12.30,25.53,0.3693,1,-1,-1
1497,294,1824.02,177.85,13.10,27.62,0.3495,1,-1,-1
1497,275,764.07,170.95,12.41,26.67,0.5156,1,-1,-1
1498,254,376.94,285.57,18.33,43.05,0.6783,1,-1,-1
1498,256,568.10,322.77,23.51,50.35,0.7114,1,-1,-1
1498,258,909.85,292.59,24.45,51.49,0.6325,1,-1,-1
1498,255,790.36,348.44,25.66,62.41,0.6926,1,-1,-1
1498,282,882.21,169.22,14.52,29.95,0.4330,1,-1,-1
1498,300,1846.76,245.92,16.22,33.77,0.3567,1,-1,-1
1498,307,513.70,181.11,13.27,30.91,0.3065,1,-1,-1
1498,308,1225.32,216.34,15.80,35.52,0.3970,1,-1,-1
1498,309,1813.40,178.96,12.39,25.58,0.3612,1,-1,-1
1498,294,1824.04,178.07,13.15,27.55,0.3460,1,-1,-1
1498,275,764.59,170.64,12.41,26.54,0.5127,1,-1,-1
1499,254,377.65,285.12,18.41,43.14,0.6868,1,-1,-1
1499,256,569.67,322.39,23.70,50.50,0.6851,1,-1,-1
1499,258,911.05,292.61,24.01,51.52,0.6433,1,-1,-1
1499,255,789.55,348.45,26.07,62.92,0.6758,1,-1,-1
1499,282,882.21,169.11,14.55,29.97,0.4263,1,-1,-1
1499,300,1846.00,245.10,16.27,33.76,0.3666,1,-1,-1
1499,307,513.46,181.26,13.36,31.04,0.3416,1,-1,-1
1499,308,1225.46,216.49,15.59,35.12,0.4659,1,-1,-1
1499,309,1813.40,179.16,12.30,25.32,0.3513,1,-1,-1
1499,294,1824.02,178.23,13.13,27.37,0.3124,1,-1,-1
1499,275,764.93,170.19,12.68,26.91,0.5234,1,-1,-1
1500,254,378.35,284.98,18.29,42.93,0.7050,1,-1,-1
1500,256,570.71,322.35,24.17,50.94,0.7017,1,-1,-1
1500,258,912.29,292.34,23.92,52.41,0.6800,1,-1,-1
1500,255,789.15,348.39,26.23,62.92,0.6809,1,-1,-1
1500,282,882.28,169.09,14.53,29.85,0.4301,1,-1,-1
1500,300,1844.74,244.05,16.53,34.36,0.4407,1,-1,-1
1500,307,512.98,181.33,13.47,31.25,0.4177,1,-1,-1
1500,308,1225.25,216.37,15.52,34.95,0.4571,1,-1,-1
1500,309,1813.74,178.87,12.62,25.70,0.3757,1,-1,-1
1500,294,1822.62,178.09,13.39,27.46,0.3567,1,-1,-1
1500,275,765.12,169.88,12.91,27.24,0.5429,1,-1,-1
1501,254,379.43,285.25,17.90,42.08,0.7241,1,-1,-1
1501,256,571.43,322.50,24.29,50.84,0.7162,1,-1,-1
1501,258,913.14,292.12,23.60,52.73,0.6766,1,-1,-1
1501,255,788.56,348.62,26.26,62.51,0.6826,1,-1,-1
1501,282,882.26,169.00,14.58,29.89,0.4282,1,-1,-1
1501,300,1843.49,243.47,16.85,35.46,0.5804,1,-1,-1
1501,307,512.76,181.45,13.53,31.33,0.4388,1,-1,-1
1501,308,1225.41,216.37,15.39,34.66,0.4902,1,-1,-1
1501,309,1813.73,178.86,12.69,25.70,0.4216,1,-1,-1
1501,294,1822.73,178.20,13.46,27.39,0.4168,1,-1,-1
1501,275,765.50,169.93,12.89,27.08,0.5312,1,-1,-1
1502,254,380.33,285.58,17.73,41.62,0.7066,1,-1,-1
1502,256,572.11,322.54,24.57,50.87,0.7050,1,-1,-1
1502,258,913.96,292.75,22.85,51.75,0.6697,1,-1,-1
1502,255,787.52,348.40,26.34,62.47,0.6723,1,-1,-1
1502,282,882.29,168.87,14.69,30.09,0.4282,1,-1,-1
1502,300,1842.11,243.11,17.18,36.28,0.5293,1,-1,-1
1502,307,512.56,181.61,13.71,31.71,0.4581,1,-1,-1
1502,308,1225.62,216.37,15.34,34.59,0.4971,1,-1,-1
1502,309,1813.56,178.76,12.77,25.80,0.4273,1,-1,-1
1502,294,1822.99,178.28,13.49,27.35,0.4149,1,-1,-1
1502,275,765.72,170.05,12.82,26.87,0.5341,1,-1,-1
1503,254,380.93,286.48,17.32,40.40,0.6951,1,-1,-1
1503,256,572.52,322.37,25.03,51.19,0.6766,1,-1,-1
1503,258,914.94,292.57,22.21,50.61,0.6610,1,-1,-1
1503,255,786.45,348.63,26.18,61.76,0.6619,1,-1,-1
1503,282,882.32,168.80,14.68,30.05,0.4436,1,-1,-1
1503,300,1841.18,242.06,17.43,36.79,0.5823,1,-1,-1
1503,307,512.47,182.00,13.82,31.94,0.5283,1,-1,-1
1503,308,1225.61,216.20,15.39,34.76,0.4834,1,-1,-1
1503,309,1813.36,178.76,12.73,25.73,0.4378,1,-1,-1
1503,294,1823.16,178.24,13.47,27.30,0.4369,1,-1,-1
1503,275,765.90,170.38,12.75,26.75,0.5322,1,-1,-1
1504,254,381.39,285.90,17.68,41.11,0.7364,1,-1,-1
1504,256,573.30,322.62,25.26,50.94,0.6834,1,-1,-1
1504,258,915.69,293.08,22.03,50.48,0.6680,1,-1,-1
1504,255,785.08,349.04,25.93,60.75,0.6758,1,-1,-1
1504,282,882.45,168.78,14.69,30.07,0.4639,1,-1,-1
1504,300,1839.85,241.70,17.34,36.70,0.5506,1,-1,-1
1504,307,511.99,182.03,13.90,32.21,0.4834,1,-1,-1
1504,308,1225.77,215.99,15.46,35.01,0.5078,1,-1,-1
1504,309,1813.13,178.95,12.54,25.46,0.4455,1,-1,-1
1504,294,1823.62,178.35,13.33,27.08,0.4349,1,-1,-1
1504,275,766.28,169.93,13.14,27.48,0.5448,1,-1,-1
1505,254,381.76,285.10,18.33,42.64,0.7454,1,-1,-1
1505,256,574.22,322.80,25.40,50.69,0.6645,1,-1,-1
1505,258,916.67,293.32,21.50,49.37,0.6637,1,-1,-1
1505,255,784.10,348.72,25.76,60.12,0.6783,1,-1,-1
1505,282,882.44,168.87,14.64,29.91,0.4513,1,-1,-1
1505,300,1838.64,241.63,16.35,34.27,0.3970,1,-1,-1
1505,307,511.53,181.81,13.94,32.48,0.3451,1,-1,-1
1505,308,1225.74,215.96,15.47,35.03,0.4776,1,-1,-1
1505,309,1812.97,179.09,12.42,25.38,0.4263,1,-1,-1
1505,294,1824.31,178.34,13.30,27.09,0.3998,1,-1,-1
1505,275,766.71,169.74,13.47,27.99,0.5917,1,-1,-1
1506,254,382.33,284.36,18.83,43.72,0.6179,1,-1,-1
1506,256,575.01,322.48,25.69,51.14,0.6451,1,-1,-1
1506,258,917.47,293.19,21.23,48.83,0.6298,1,-1,-1
1506,255,782.90,348.80,25.65,59.85,0.6749,1,-1,-1
1506,282,882.56,168.98,14.54,29.61,0.4649,1,-1,-1
1506,300,1836.35,242.19,16.25,33.85,0.2220,1,-1,-1
1506,307,512.09,182.30,14.09,32.48,0.2173,1,-1,-1
1506,308,1225.61,215.75,15.74,35.62,0.4902,1,-1,-1
1506,309,1813.54,179.23,12.26,25.12,0.2372,1,-1,-1
1506,294,1824.71,178.48,13.19,26.80,0.2878,1,-1,-1
1506,275,767.44,170.03,13.44,27.78,0.5993,1,-1,-1
1507,254,383.25,284.11,19.16,44.29,0.7210,1,-1,-1
1507,256,576.15,322.69,25.41,50.90,0.5860,1,-1,-1
1507,258,918.09,292.74,21.35,49.20,0.6058,1,-1,-1
1507,255,781.42,348.61,25.61,60.00,0.6610,1,-1,-1
1507,282,882.66,169.04,14.45,29.36,0.4659,1,-1,-1
1507,300,1835.08,242.59,16.02,33.18,0.3886,1,-1,-1
1507,307,511.57,182.63,13.90,32.19,0.2302,1,-1,-1
1507,308,1225.48,215.76,15.88,35.85,0.4863,1,-1,-1
1507,309,1813.84,179.27,12.21,25.05,0.2422,1,-1,-1
1507,294,1824.86,178.66,13.07,26.54,0.2918,1,-1,-1
1507,275,768.10,170.16,13.42,27.53,0.6011,1,-1,-1
1508,254,384.69,284.93,18.85,43.21,0.7066,1,-1,-1
1508,256,577.71,322.87,24.76,50.03,0.6325,1,-1,-1
1508,258,918.79,292.45,21.69,49.95,0.6469,1,-1,-1
1508,255,779.82,348.74,25.53,60.15,0.6522,1,-1,-1
1508,282,882.58,168.95,14.56,29.51,0.4873,1,-1,-1
1508,300,1834.06,243.22,15.86,32.72,0.4465,1,-1,-1
1508,307,511.23,182.77,13.77,32.09,0.2358,1,-1,-1
1508,308,1225.42,215.89,15.75,35.40,0.4678,1,-1,-1
1508,309,1813.94,179.28,12.18,25.05,0.2666,1,-1,-1
1508,294,1824.56,178.83,12.89,26.28,0.3183,1,-1,-1
1508,275,768.62,169.98,13.69,27.97,0.6049,1,-1,-1
1509,254,386.55,286.20,18.74,42.29,0.6792,1,-1,-1
1509,256,579.37,322.82,24.36,49.57,0.6487,1,-1,-1
1509,258,919.27,292.33,22.21,50.86,0.6800,1,-1,-1
1509,255,778.34,348.81,25.52,60.43,0.6610,1,-1,-1
1509,282,882.47,168.72,14.75,29.84,0.5039,1,-1,-1
1509,300,1832.80,242.97,15.92,32.88,0.3886,1,-1,-1
1509,307,510.92,182.50,13.87,32.56,0.1700,1,-1,-1
1509,308,1225.17,216.02,15.76,35.15,0.4562,1,-1,-1
1509,309,1813.85,179.39,12.17,25.13,0.2806,1,-1,-1
1509,294,1824.91,178.88,12.89,26.26,0.3407,1,-1,-1
1509,275,768.83,170.03,13.66,27.90,0.5974,1,-1,-1
1510,254,387.50,285.95,19.26,42.57,0.7114,1,-1,-1
1510,256,581.22,323.11,24.02,49.43,0.6197,1,-1,-1
1510,258,919.80,292.08,22.64,51.17,0.6901,1,-1,-1
1510,255,777.27,348.49,25.07,59.50,0.6628,1,-1,-1
1510,282,882.63,168.48,14.96,30.32,0.5156,1,-1,-1
1510,300,1831.97,242.76,15.74,32.78,0.3234,1,-1,-1
1510,307,510.76,182.29,13.91,32.89,0.1495,1,-1,-1
1510,308,1225.36,215.96,15.71,34.91,0.4795,1,-1,-1
1510,309,1813.88,179.44,12.10,25.04,0.2728,1,-1,-1
1510,294,1825.07,178.92,12.86,26.20,0.3495,1,-1,-1
1510,275,769.27,170.39,13.43,27.49,0.5917,1,-1,-1
1511,254,388.53,286.53,19.43,42.41,0.6723,1,-1,-1
1511,256,582.01,322.74,24.03,50.21,0.6252,1,-1,-1
1511,258,920.41,292.08,22.95,51.28,0.7082,1,-1,-1
1511,255,776.93,348.73,24.16,57.43,0.6234,1,-1,-1
1511,282,882.65,168.59,14.90,30.08,0.5107,1,-1,-1
1511,300,1831.74,241.88,15.61,32.70,0.4026,1,-1,-1
1511,307,510.67,182.30,13.86,32.98,0.1476,1,-1,-1
1511,308,1225.59,216.13,15.63,34.61,0.4668,1,-1,-1
1511,309,1812.78,179.72,12.00,25.00,0.3711,1,-1,-1
1511,294,1825.21,178.92,12.86,26.19,0.3730,1,-1,-1
1511,275,769.73,170.34,13.35,27.37,0.5955,1,-1,-1
1512,254,389.06,285.57,20.11,43.48,0.6976,1,-1,-1
1512,256,582.38,323.01,24.40,51.80,0.6270,1,-1,-1
1512,258,921.25,292.63,22.99,50.83,0.7349,1,-1,-1
1512,255,775.53,348.62,24.80,59.10,0.6628,1,-1,-1
1512,282,882.65,168.36,15.08,30.49,0.5176,1,-1,-1
1512,300,1831.12,241.04,15.45,32.47,0.4504,1,-1,-1
1512,307,510.65,182.47,13.74,32.89,0.3049,1,-1,-1
1512,308,1224.88,216.45,15.84,34.62,0.5010,1,-1,-1
1512,309,1812.33,179.75,11.93,25.00,0.3675,1,-1,-1
1512,294,1825.26,178.90,12.83,26.15,0.3648,1,-1,-1
1512,275,770.02,170.41,13.17,27.09,0.5098,1,-1,-1
1513,254,389.67,285.22,20.54,43.89,0.7074,1,-1,-1
1513,256,583.36,322.51,24.50,52.55,0.5312,1,-1,-1
1513,258,921.90,293.16,23.17,50.92,0.7287,1,-1,-1
1513,255,774.63,348.78,24.57,58.49,0.6575,1,-1,-1
1513,282,882.35,168.48,15.23,30.67,0.5117,1,-1,-1
1513,300,1830.81,239.93,15.18,32.14,0.5322,1,-1,-1
1513,307,510.72,182.65,13.56,32.66,0.3149,1,-1,-1
1513,308,1224.77,216.65,16.06,34.68,0.5273,1,-1,-1
1513,309,1812.44,179.75,11.80,24.92,0.3933,1,-1,-1
1513,294,1825.40,178.96,12.77,26.04,0.3739,1,-1,-1
1513,275,770.74,169.69,13.96,28.35,0.3989,1,-1,-1
1514,254,389.96,285.50,20.46,43.69,0.7058,1,-1,-1
1514,256,584.32,323.02,24.05,52.06,0.5458,1,-1,-1
1514,258,922.70,293.66,22.85,50.11,0.7066,1,-1,-1
1514,255,773.33,349.07,24.48,58.20,0.6415,1,-1,-1
1514,282,882.56,168.22,15.34,31.02,0.5215,1,-1,-1
1514,300,1830.42,238.79,15.14,32.21,0.5496,1,-1,-1
1514,307,510.82,182.79,13.37,32.37,0.3970,1,-1,-1
1514,308,1224.67,216.55,16.37,34.94,0.5146,1,-1,-1
1514,309,1812.34,180.03,11.64,24.70,0.4158,1,-1,-1
1514,294,1825.48,178.99,12.75,26.02,0.3803,1,-1,-1
1514,275,771.36,169.66,14.16,28.42,0.4092,1,-1,-1
1515,254,390.44,285.13,20.24,43.41,0.6732,1,-1,-1
1515,256,585.71,322.55,23.70,51.47,0.6011,1,-1,-1
1515,258,923.11,293.96,22.84,49.73,0.7082,1,-1,-1
1515,255,771.80,348.62,25.24,60.03,0.6406,1,-1,-1
1515,282,882.15,168.20,15.80,31.98,0.5254,1,-1,-1
1515,300,1829.57,238.46,14.94,31.99,0.4678,1,-1,-1
1515,307,510.81,182.81,13.49,32.81,0.2862,1,-1,-1
1515,308,1224.65,216.44,16.64,35.06,0.5631,1,-1,-1
1515,309,1812.54,180.15,11.61,24.79,0.4092,1,-1,-1
1515,294,1824.88,179.09,12.78,26.19,0.3979,1,-1,-1
1515,275,771.83,169.50,14.39,28.61,0.3812,1,-1,-1
1516,254,391.15,284.86,20.11,43.43,0.6901,1,-1,-1
1516,256,587.12,321.77,23.85,51.69,0.6575,1,-1,-1
1516,258,923.69,293.79,23.01,49.71,0.7130,1,-1,-1
1516,255,769.71,348.36,26.10,61.54,0.6671,1,-1,-1
1516,282,882.25,167.90,16.01,32.55,0.5312,1,-1,-1
1516,300,1829.19,238.35,14.55,31.25,0.3858,1,-1,-1
1516,307,510.86,182.85,13.48,32.92,0.2991,1,-1,-1
1516,308,1224.42,216.41,17.00,35.26,0.5234,1,-1,-1
1516,309,1812.59,179.96,11.60,24.95,0.4007,1,-1,-1
1516,294,1824.69,179.08,12.73,26.18,0.3858,1,-1,-1
1516,275,772.13,169.46,14.40,28.49,0.3942,1,-1,-1
1517,254,392.13,284.31,20.28,44.28,0.7001,1,-1,-1
1517,256,588.86,321.94,24.13,51.84,0.6680,1,-1,-1
1517,258,924.40,293.53,23.14,49.79,0.7082,1,-1,-1
1517,255,768.50,348.46,26.44,61.63,0.6549,1,-1,-1
1517,282,882.60,167.76,15.93,32.60,0.5244,1,-1,-1
1517,300,1828.24,238.42,13.92,29.59,0.3998,1,-1,-1
1517,307,511.37,183.03,13.30,32.36,0.3693,1,-1,-1
1517,308,1224.17,216.08,17.39,35.51,0.4504,1,-1,-1
1517,309,1812.85,180.15,11.37,24.61,0.4130,1,-1,-1
1517,294,1824.73,179.04,12.61,26.02,0.3739,1,-1,-1
1517,275,772.26,169.63,14.28,28.11,0.3895,1,-1,-1
1518,254,393.03,283.67,20.47,45.22,0.7272,1,-1,-1
1518,256,589.54,321.60,24.76,52.69,0.6680,1,-1,-1
1518,258,925.59,293.10,23.12,49.81,0.6868,1,-1,-1
1518,255,767.44,348.78,26.85,61.73,0.6442,1,-1,-1
1518,282,882.47,168.02,15.91,32.64,0.5029,1,-1,-1
1518,300,1827.31,238.66,13.26,27.96,0.3268,1,-1,-1
1518,307,511.33,182.88,13.30,32.27,0.3478,1,-1,-1
1518,308,1224.75,215.76,17.65,35.81,0.4225,1,-1,-1
1518,309,1812.94,180.32,11.26,24.53,0.4177,1,-1,-1
1518,294,1824.80,178.99,12.51,25.90,0.3684,1,-1,-1
1518,275,774.18,169.76,13.85,27.22,0.3630,1,-1,-1
1519,254,394.16,283.43,20.32,45.35,0.7334,1,-1,-1
1519,256,590.56,322.61,24.53,51.70,0.6817,1,-1,-1
1519,258,926.46,292.93,23.20,50.20,0.6697,1,-1,-1
1519,255,767.14,349.24,26.75,60.47,0.6160,1,-1,-1
1519,282,882.57,168.47,15.82,32.56,0.4893,1,-1,-1
1519,300,1826.24,239.10,13.39,28.13,0.3486,1,-1,-1
1519,307,511.34,183.06,13.24,32.09,0.3585,1,-1,-1
1519,308,1224.79,215.53,18.00,36.18,0.4083,1,-1,-1
1519,309,1813.01,180.65,11.06,24.18,0.4121,1,-1,-1
1519,294,1824.85,179.04,12.39,25.73,0.3469,1,-1,-1
1519,275,775.10,170.09,13.56,26.62,0.3979,1,-1,-1
1520,254,395.18,283.65,19.81,44.69,0.7001,1,-1,-1
1520,256,591.49,322.99,24.51,51.08,0.6800,1,-1,-1
1520,258,927.78,293.31,22.76,49.47,0.6415,1,-1,-1
1520,255,766.10,349.45,27.34,60.87,0.6289,1,-1,-1
1520,282,882.75,168.72,15.82,32.66,0.4990,1,-1,-1
1520,300,1825.44,239.59,13.46,28.11,0.3132,1,-1,-1
1520,307,511.13,182.98,13.25,32.16,0.3522,1,-1,-1
1520,308,1224.26,215.69,18.26,36.25,0.3914,1,-1,-1
1520,309,1812.99,180.53,11.13,24.44,0.4311,1,-1,-1
1520,294,1824.64,179.01,12.47,25.97,0.4007,1,-1,-1
1520,275,775.14,170.07,13.61,26.48,0.3858,1,-1,-1
1521,254,396.02,283.35,19.70,45.00,0.6766,1,-1,-1
1521,256,591.98,322.79,24.88,51.12,0.6749,1,-1,-1
1521,258,929.22,293.73,22.40,49.02,0.5127,1,-1,-1
1521,255,764.54,349.88,27.46,60.47,0.6505,1,-1,-1
1521,282,882.89,168.95,15.59,32.18,0.4961,1,-1,-1
1521,300,1824.05,239.70,14.08,29.20,0.1661,1,-1,-1
1521,307,510.73,182.03,13.56,32.89,0.3285,1,-1,-1
1521,308,1224.10,215.74,18.43,36.25,0.2830,1,-1,-1
1521,309,1813.37,179.67,11.46,25.13,0.3522,1,-1,-1
1521,294,1823.97,178.85,12.64,26.27,0.3363,1,-1,-1
1521,275,776.04,170.16,13.75,26.70,0.3486,1,-1,-1
1522,254,396.83,282.98,19.73,45.62,0.6049,1,-1,-1
1522,256,592.70,322.58,24.79,50.35,0.6817,1,-1,-1
1522,258,929.91,293.84,22.25,49.36,0.5244,1,-1,-1
1522,255,762.81,350.01,27.96,60.74,0.6817,1,-1,-1
1522,282,882.93,169.01,15.60,32.23,0.4922,1,-1,-1
1522,300,1823.21,239.46,13.91,28.63,0.1667,1,-1,-1
1522,307,510.56,181.65,13.70,33.26,0.2910,1,-1,-1
1522,308,1224.10,215.68,18.61,36.29,0.3082,1,-1,-1
1522,309,1813.38,179.48,11.40,25.08,0.3469,1,-1,-1
1522,294,1823.88,178.82,12.64,26.27,0.3442,1,-1,-1
1522,275,777.27,170.24,13.77,26.66,0.2621,1,-1,-1
1523,254,397.97,282.78,19.88,46.31,0.6505,1,-1,-1
1523,256,593.33,322.50,24.75,49.76,0.6749,1,-1,-1
1523,258,930.58,293.16,22.03,49.52,0.5955,1,-1,-1
1523,255,761.31,350.02,28.26,60.76,0.6234,1,-1,-1
1523,282,883.11,169.31,15.59,32.27,0.4922,1,-1,-1
1523,300,1822.30,238.83,14.53,29.95,0.4292,1,-1,-1
1523,307,510.27,181.38,13.82,33.55,0.2344,1,-1,-1
1523,308,1223.85,215.59,18.95,36.53,0.3416,1,-1,-1
1523,309,1813.56,179.46,11.37,25.09,0.3277,1,-1,-1
1523,294,1823.39,178.74,12.69,26.28,0.3460,1,-1,-1
1523,275,777.86,170.36,13.60,26.27,0.2524,1,-1,-1
1524,254,399.23,282.24,19.92,46.23,0.6558,1,-1,-1
1524,256,594.25,323.03,24.63,48.89,0.6885,1,-1,-1
1524,258,931.18,292.89,22.08,50.26,0.6379,1,-1,-1
1524,255,760.15,350.38,27.99,59.78,0.6086,1,-1,-1
1524,282,883.04,169.57,15.59,32.30,0.4961,1,-1,-1
1524,300,1821.79,238.40,14.37,29.45,0.2006,1,-1,-1
1524,307,510.05,181.50,13.78,33.53,0.1865,1,-1,-1
1524,308,1223.74,215.64,19.14,36.50,0.3693,1,-1,-1
1524,309,1814.00,179.26,11.35,25.14,0.3260,1,-1,-1
1524,294,1823.19,178.74,12.74,26.29,0.3355,1,-1,-1
1524,275,777.50,170.52,13.63,26.04,0.2330,1,-1,-1
1525,254,400.34,282.67,19.86,45.83,0.7001,1,-1,-1
1525,256,594.75,322.77,24.97,49.21,0.6851,1,-1,-1
1525,258,932.28,293.48,21.67,49.76,0.6270,1,-1,-1
1525,255,758.68,350.40,28.16,60.20,0.6610,1,-1,-1
1525,282,883.30,169.58,15.55,32.32,0.4941,1,-1,-1
1525,300,1819.32,237.75,15.25,31.16,0.1968,1,-1,-1
1525,307,509.88,181.58,13.83,33.73,0.1807,1,-1,-1
1525,308,1224.99,215.53,19.27,36.77,0.3630,1,-1,-1
1525,309,1814.24,179.03,11.37,25.16,0.3200,1,-1,-1
1525,294,1823.19,178.78,12.73,26.11,0.3217,1,-1,-1
1525,275,777.08,170.63,13.80,26.03,0.2207,1,-1,-1
1526,254,401.92,283.10,20.25,45.67,0.7364,1,-1,-1
1526,256,595.81,322.67,24.92,49.15,0.6800,1,-1,-1
1526,258,933.21,293.37,21.41,49.56,0.6105,1,-1,-1
1526,255,756.89,350.19,27.78,59.92,0.6851,1,-1,-1
1526,282,883.46,169.61,15.47,32.22,0.4980,1,-1,-1
1526,300,1817.29,236.94,16.05,32.63,0.3191,1,-1,-1
1526,308,1225.77,215.53,19.14,36.64,0.3398,1,-1,-1
1526,309,1814.33,179.23,11.31,25.10,0.3107,1,-1,-1
1526,294,1823.32,178.82,12.67,25.88,0.2991,1,-1,-1
1526,275,775.09,170.08,14.47,27.21,0.3803,1,-1,-1
1527,254,402.74,283.55,20.42,45.13,0.7349,1,-1,-1
1527,256,596.19,322.28,25.12,49.47,0.6567,1,-1,-1
1527,258,933.47,292.84,21.89,50.86,0.6049,1,-1,-1
1527,255,755.16,350.35,27.55,60.10,0.6540,1,-1,-1
1527,282,883.61,169.65,15.39,32.10,0.4980,1,-1,-1
1527,300,1815.82,236.84,16.23,32.89,0.3675,1,-1,-1
1527,308,1226.29,215.80,18.92,36.34,0.3486,1,-1,-1
1527,309,1814.41,179.85,11.07,24.62,0.2910,1,-1,-1
1527,294,1823.81,178.95,12.49,25.51,0.2628,1,-1,-1
1527,275,774.19,169.95,14.74,27.81,0.3886,1,-1,-1
1528,254,403.02,283.87,20.52,44.69,0.7098,1,-1,-1
1528,256,597.57,322.01,25.27,50.33,0.6424,1,-1,-1
1528,258,933.91,292.51,22.28,51.55,0.6540,1,-1,-1
1528,255,754.23,351.00,27.19,59.95,0.6732,1,-1,-1
1528,282,883.78,169.60,15.37,32.16,0.5068,1,-1,-1
1528,308,1226.45,215.90,18.88,36.33,0.3666,1,-1,-1
1528,309,1814.48,180.16,10.97,24.46,0.2546,1,-1,-1
1528,294,1823.97,179.01,12.47,25.45,0.1944,1,-1,-1
1528,275,773.84,170.23,14.62,27.75,0.3868,1,-1,-1
1529,254,403.72,284.15,20.47,44.26,0.7033,1,-1,-1
1529,256,598.86,322.66,24.96,50.39,0.6671,1,-1,-1
1529,258,934.78,292.45,22.71,51.83,0.6901,1,-1,-1
1529,255,754.07,350.80,26.78,59.58,0.6628,1,-1,-1
1529,282,883.89,169.51,15.38,32.26,0.5117,1,-1,-1
1529,308,1226.54,215.91,18.92,36.49,0.3961,1,-1,-1
1529,309,1814.63,180.60,10.76,24.05,0.2187,1,-1,-1
1529,294,1824.12,179.16,12.42,25.27,0.1597,1,-1,-1
1529,275,773.91,170.45,14.46,27.71,0.3923,1,-1,-1
1530,254,404.35,284.11,20.84,44.83,0.7233,1,-1,-1
1530,256,599.59,322.85,24.59,50.08,0.6706,1,-1,-1
1530,258,934.79,292.30,23.16,51.96,0.6860,1,-1,-1
1530,255,753.42,350.10,27.02,60.63,0.6800,1,-1,-1
1530,282,883.58,169.38,15.49,32.48,0.5088,1,-1,-1
1530,308,1226.68,216.00,18.85,36.45,0.3858,1,-1,-1
1530,309,1814.60,180.69,10.70,24.00,0.2344,1,-1,-1
1530,294,1824.27,179.21,12.42,25.28,0.1672,1,-1,-1
1530,275,774.46,171.95,13.60,26.36,0.4017,1,-1,-1
1531,254,405.00,283.42,21.11,46.00,0.7334,1,-1,-1
1531,256,599.63,322.58,25.78,52.82,0.6388,1,-1,-1
1531,258,935.05,292.16,23.68,51.99,0.6843,1,-1,-1
1531,255,752.77,349.91,26.99,61.01,0.6817,1,-1,-1
1531,282,883.38,169.30,15.56,32.60,0.5088,1,-1,-1
1531,308,1226.93,216.10,18.68,36.29,0.3961,1,-1,-1
1531,309,1814.55,180.58,10.76,24.22,0.2295,1,-1,-1
1531,294,1824.30,179.11,12.53,25.59,0.1571,1,-1,-1
1531,275,775.01,172.58,13.24,25.77,0.4121,1,-1,-1
1532,254,405.71,283.44,20.88,46.07,0.7484,1,-1,-1
1532,256,601.15,323.09,25.45,52.42,0.6370,1,-1,-1
1532,258,935.56,292.57,24.08,51.61,0.6834,1,-1,-1
1532,255,751.13,350.04,27.05,61.38,0.6540,1,-1,-1
1532,282,883.31,169.19,15.58,32.60,0.5078,1,-1,-1
1532,308,1227.24,216.17,18.50,36.18,0.3858,1,-1,-1
1532,309,1814.51,180.31,10.86,24.58,0.2458,1,-1,-1
1532,294,1824.46,179.16,12.54,25.68,0.1907,1,-1,-1
1532,275,775.24,172.57,13.25,25.87,0.4007,1,-1,-1
1533,254,406.38,283.39,20.52,45.96,0.7484,1,-1,-1
1533,256,603.13,323.78,24.72,51.04,0.6740,1,-1,-1
1533,258,935.89,292.51,24.75,52.02,0.6478,1,-1,-1
1533,255,750.20,350.30,26.97,61.29,0.6243,1,-1,-1
1533,282,883.32,169.12,15.55,32.54,0.5137,1,-1,-1
1533,308,1227.47,216.11,18.36,36.15,0.3657,1,-1,-1
1533,309,1814.58,180.31,10.82,24.65,0.2444,1,-1,-1
1533,294,1824.70,179.23,12.44,25.61,0.1919,1,-1,-1
1533,275,775.26,172.50,13.37,26.26,0.4620,1,-1,-1
1534,254,407.18,283.30,20.17,45.81,0.7162,1,-1,-1
1534,256,604.70,323.48,24.69,50.85,0.7154,1,-1,-1
1534,258,936.59,292.41,25.01,52.04,0.6723,1,-1,-1
1534,255,749.26,349.79,27.21,61.83,0.6549,1,-1,-1
1534,282,883.47,169.17,15.47,32.40,0.5224,1,-1,-1
1534,308,1227.59,216.08,18.27,36.24,0.3970,1,-1,-1
1534,309,1814.62,180.47,10.73,24.61,0.3065,1,-1,-1
1534,294,1824.77,179.38,12.45,25.74,0.2674,1,-1,-1
1534,275,775.46,172.61,13.17,26.00,0.4688,1,-1,-1
1535,254,408.28,283.21,19.88,45.72,0.7194,1,-1,-1
1535,256,606.01,323.14,24.75,50.73,0.7106,1,-1,-1
1535,258,937.65,292.49,24.76,51.48,0.6758,1,-1,-1
1535,255,748.17,349.90,27.49,62.04,0.6800,1,-1,-1
1535,282,883.71,169.30,15.31,32.13,0.5156,1,-1,-1
1535,308,1227.70,216.11,18.11,36.18,0.4206,1,-1,-1
1535,309,1814.75,181.23,10.37,23.87,0.3242,1,-1,-1
1535,294,1824.96,179.63,12.37,25.70,0.3174,1,-1,-1
1535,275,775.80,172.70,12.93,25.63,0.4795,1,-1,-1
1536,254,409.45,282.63,19.56,45.64,0.7162,1,-1,-1
1536,256,607.18,323.28,24.68,50.51,0.6868,1,-1,-1
1536,258,939.01,292.55,24.64,51.61,0.6558,1,-1,-1
1536,255,747.08,350.24,27.59,61.91,0.6951,1,-1,-1
1536,282,883.67,168.96,15.46,32.53,0.5254,1,-1,-1
1536,308,1228.13,216.15,18.18,36.80,0.4177,1,-1,-1
1536,309,1814.64,181.18,10.33,23.79,0.3416,1,-1,-1
1536,294,1826.15,179.53,12.16,25.59,0.3486,1,-1,-1
1536,275,775.94,172.51,12.71,25.27,0.5400,1,-1,-1
1536,300,1807.76,235.52,15.87,32.99,0.4591,1,-1,-1
1537,254,410.48,283.21,18.86,44.53,0.7009,1,-1,-1
1537,256,607.82,323.13,24.73,50.59,0.6697,1,-1,-1
1537,258,940.36,292.80,24.18,51.45,0.6270,1,-1,-1
1537,255,745.66,350.57,27.71,61.73,0.6951,1,-1,-1
1537,282,883.68,168.76,15.43,32.52,0.5156,1,-1,-1
1537,308,1228.51,216.14,18.00,36.93,0.3942,1,-1,-1
1537,309,1814.62,181.24,10.33,23.81,0.2991,1,-1,-1
1537,294,1826.52,179.57,12.12,25.74,0.3337,1,-1,-1
1537,275,776.21,171.98,12.84,25.55,0.5631,1,-1,-1
1537,300,1807.06,235.29,15.99,33.77,0.3285,1,-1,-1
1538,254,411.05,282.39,19.06,45.57,0.6809,1,-1,-1
1538,256,607.19,323.54,24.61,50.91,0.6415,1,-1,-1
1538,258,941.42,293.04,23.72,51.30,0.6252,1,-1,-1
1538,255,744.74,351.43,27.51,60.88,0.6766,1,-1,-1
1538,282,883.77,168.75,15.28,32.23,0.5029,1,-1,-1
1538,308,1228.98,216.13,17.61,36.66,0.3666,1,-1,-1
1538,309,1814.42,180.75,10.62,24.40,0.2583,1,-1,-1
1538,294,1826.49,179.41,12.32,26.26,0.3372,1,-1,-1
1538,275,776.42,171.59,12.99,25.84,0.5879,1,-1,-1
1538,300,1805.02,234.58,17.03,36.32,0.4397,1,-1,-1
1539,254,412.22,282.43,18.85,45.26,0.6826,1,-1,-1
1539,256,608.56,323.68,24.95,51.15,0.6105,1,-1,-1
1539,258,942.08,293.36,23.43,51.35,0.6663,1,-1,-1
1539,255,743.44,351.10,27.91,61.43,0.6868,1,-1,-1
1539,282,883.81,168.71,15.19,31.98,0.4902,1,-1,-1
1539,308,1229.15,216.08,17.36,36.56,0.3675,1,-1,-1
1539,309,1814.02,181.01,10.70,24.35,0.2744,1,-1,-1
1539,294,1826.64,179.54,12.35,26.40,0.3363,1,-1,-1
1539,275,777.10,171.22,13.15,26.16,0.5974,1,-1,-1
1539,300,1801.66,234.20,17.88,36.82,0.4140,1,-1,-1
1540,254,414.29,282.44,19.26,45.52,0.6926,1,-1,-1
1540,256,608.94,323.76,25.00,51.19,0.6215,1,-1,-1
1540,258,942.68,293.26,22.98,50.97,0.6628,1,-1,-1
1540,255,742.51,351.53,27.88,61.05,0.6469,1,-1,-1
1540,282,883.86,168.63,15.14,31.80,0.4795,1,-1,-1
1540,308,1229.26,216.06,17.13,36.45,0.3576,1,-1,-1
1540,309,1813.90,180.81,10.93,24.68,0.2546,1,-1,-1
1540,294,1826.79,179.61,12.43,26.58,0.3320,1,-1,-1
1540,275,777.59,171.00,13.25,26.38,0.5765,1,-1,-1
1540,300,1800.05,234.11,18.42,37.13,0.5107,1,-1,-1
1540,307,506.81,184.59,14.41,34.44,0.5254,1,-1,-1
1541,254,415.94,283.12,19.82,45.62,0.7154,1,-1,-1
1541,256,609.73,323.37,24.66,50.40,0.6343,1,-1,-1
1541,258,943.34,293.38,22.67,50.66,0.6325,1,-1,-1
1541,255,741.00,351.60,27.73,60.95,0.5955,1,-1,-1
1541,282,884.10,168.73,15.03,31.57,0.4571,1,-1,-1
1541,308,1229.04,216.04,17.10,36.65,0.3868,1,-1,-1
1541,309,1813.57,180.69,11.11,24.81,0.3234,1,-1,-1
1541,294,1826.96,179.59,12.51,26.71,0.3849,1,-1,-1
1541,275,778.11,171.03,13.18,26.32,0.5842,1,-1,-1
1541,300,1799.07,234.09,18.81,37.39,0.5400,1,-1,-1
1541,307,506.25,184.91,14.55,34.28,0.4776,1,-1,-1
1542,254,416.63,283.34,20.42,45.92,0.7202,1,-1,-1
1542,256,610.37,323.19,24.40,49.67,0.5974,1,-1,-1
1542,258,944.15,293.32,22.27,50.23,0.5263,1,-1,-1
1542,255,740.12,351.35,27.85,61.53,0.6206,1,-1,-1
1542,282,884.29,168.81,14.94,31.38,0.4369,1,-1,-1
1542,308,1228.82,216.04,17.08,36.88,0.3812,1,-1,-1
1542,309,1813.35,179.41,11.60,25.73,0.4054,1,-1,-1
1542,294,1827.03,179.40,12.63,26.90,0.4292,1,-1,-1
1542,275,778.62,171.19,13.06,26.20,0.6049,1,-1,-1
1542,300,1797.84,234.39,18.98,37.45,0.5898,1,-1,-1
1542,307,506.01,185.75,14.31,33.38,0.4902,1,-1,-1
1543,254,417.41,283.74,20.48,45.35,0.7033,1,-1,-1
1543,256,611.26,323.29,24.02,48.91,0.5955,1,-1,-1
1543,258,944.72,293.41,22.35,50.90,0.5651,1,-1,-1
1543,255,738.93,351.24,27.55,61.36,0.6316,1,-1,-1
1543,282,884.51,168.93,14.92,31.36,0.4292,1,-1,-1
1543,308,1228.57,216.11,17.16,37.23,0.3840,1,-1,-1
1543,309,1813.18,178.84,11.96,26.37,0.4591,1,-1,-1
1543,294,1827.14,179.08,12.80,27.22,0.4494,1,-1,-1
1543,275,779.25,171.15,13.12,26.40,0.5917,1,-1,-1
1543,300,1797.14,234.42,18.97,37.27,0.6325,1,-1,-1
1543,307,505.36,186.35,14.28,32.95,0.5898,1,-1,-1
1544,254,417.53,282.97,20.84,45.83,0.7287,1,-1,-1
1544,256,612.42,323.28,23.81,48.74,0.6361,1,-1,-1
1544,258,944.96,293.14,22.66,52.01,0.6522,1,-1,-1
1544,255,737.99,351.12,27.31,60.91,0.6783,1,-1,-1
1544,282,884.49,168.93,15.00,31.51,0.4436,1,-1,-1
1544,308,1228.22,216.15,17.38,37.85,0.3942,1,-1,-1
1544,309,1812.93,178.63,12.23,26.84,0.5185,1,-1,-1
1544,294,1827.35,179.27,12.67,26.92,0.4795,1,-1,-1
1544,275,779.78,171.22,13.17,26.56,0.5974,1,-1,-1
1544,300,1796.87,234.41,18.82,36.88,0.6697,1,-1,-1
1544,307,504.61,186.52,14.46,32.98,0.5860,1,-1,-1
1545,254,418.19,283.49,20.16,44.11,0.7162,1,-1,-1
1545,256,613.63,323.67,23.48,48.60,0.6800,1,-1,-1
1545,258,945.30,293.12,22.50,51.96,0.6522,1,-1,-1
1545,255,736.58,350.71,26.92,60.62,0.7033,1,-1,-1
1545,282,884.49,168.96,15.04,31.54,0.4659,1,-1,-1
1545,308,1228.35,216.21,17.28,37.69,0.4149,1,-1,-1
1545,309,1813.06,178.53,12.48,27.30,0.5146,1,-1,-1
1545,294,1827.31,177.82,12.97,27.69,0.4388,1,-1,-1
1545,275,780.30,171.35,13.03,26.37,0.5860,1,-1,-1
1545,300,1795.95,234.14,19.05,37.25,0.6628,1,-1,-1
1545,307,503.89,186.70,14.62,33.18,0.5448,1,-1,-1
1546,254,418.92,283.25,20.44,44.62,0.7001,1,-1,-1
1546,256,614.29,323.67,23.22,48.64,0.6645,1,-1,-1
1546,258,945.57,293.20,22.53,52.15,0.6558,1,-1,-1
1546,255,734.75,351.30,26.50,60.12,0.6885,1,-1,-1
1546,282,884.31,169.10,15.15,31.69,0.4883,1,-1,-1
1546,308,1228.50,216.29,17.17,37.47,0.4254,1,-1,-1
1546,309,1813.10,178.37,12.59,27.51,0.5370,1,-1,-1
1546,294,1827.67,177.67,12.99,27.89,0.4187,1,-1,-1
1546,275,780.54,171.40,12.88,26.23,0.6067,1,-1,-1
1546,300,1795.59,234.01,18.78,36.97,0.6663,1,-1,-1
1546,307,503.44,186.43,14.86,33.56,0.5651,1,-1,-1
1547,254,419.80,283.22,19.74,43.31,0.6575,1,-1,-1
1547,256,615.16,323.69,23.02,48.92,0.6487,1,-1,-1
1547,258,946.14,293.96,22.47,51.77,0.6680,1,-1,-1
1547,255,733.67,351.43,26.05,59.73,0.6783,1,-1,-1
1547,282,884.20,169.29,15.20,31.72,0.4980,1,-1,-1
1547,308,1228.46,216.32,17.34,37.84,0.4007,1,-1,-1
1547,309,1813.25,179.15,12.36,26.93,0.4149,1,-1,-1
1547,294,1828.07,177.43,13.04,28.13,0.3057,1,-1,-1
1547,275,780.85,171.68,12.62,25.92,0.5993,1,-1,-1
1547,300,1794.92,233.32,18.78,37.21,0.6397,1,-1,-1
1547,307,502.88,185.83,15.11,34.13,0.5554,1,-1,-1
1548,254,420.78,282.24,19.53,43.43,0.6252,1,-1,-1
1548,256,616.29,323.26,22.81,49.27,0.6343,1,-1,-1
1548,258,947.19,294.63,22.14,50.72,0.6379,1,-1,-1
1548,255,732.72,352.13,25.32,58.59,0.6343,1,-1,-1
1548,282,884.37,169.68,15.04,31.40,0.5029,1,-1,-1
1548,308,1228.48,216.50,17.32,37.73,0.3140,1,-1,-1
1548,309,1813.25,179.46,12.29,26.77,0.4321,1,-1,-1
1548,294,1828.49,177.64,12.95,28.12,0.2878,1,-1,-1
1548,275,781.22,172.06,12.38,25.65,0.6030,1,-1,-1
1548,300,1794.33,232.41,18.80,37.20,0.6415,1,-1,-1
1548,307,502.44,185.32,15.16,34.38,0.5955,1,-1,-1
1549,254,422.14,282.09,19.00,42.98,0.6868,1,-1,-1
1549,256,616.78,323.00,22.30,49.14,0.6505,1,-1,-1
1549,258,948.40,294.81,21.97,49.96,0.6451,1,-1,-1
1549,255,731.40,353.02,24.66,57.48,0.6343,1,-1,-1
1549,282,884.31,169.62,15.07,31.49,0.5098,1,-1,-1
1549,308,1228.52,216.62,17.24,37.50,0.3090,1,-1,-1
1549,309,1813.38,179.82,12.27,26.56,0.4639,1,-1,-1
1549,294,1829.34,177.67,12.72,27.60,0.3065,1,-1,-1
1549,275,781.40,172.02,12.38,25.90,0.6105,1,-1,-1
1549,300,1793.75,232.38,18.71,36.58,0.6628,1,-1,-1
1549,307,502.10,185.54,15.11,34.19,0.6160,1,-1,-1
1550,254,423.06,281.67,18.99,43.67,0.6628,1,-1,-1
1550,256,617.74,322.97,22.14,49.45,0.6379,1,-1,-1
1550,258,949.44,294.59,22.26,50.10,0.6215,1,-1,-1
1550,255,730.43,353.00,24.62,57.77,0.6522,1,-1,-1
1550,282,884.26,169.69,15.06,31.52,0.5059,1,-1,-1
1550,308,1228.59,216.66,17.20,37.33,0.3157,1,-1,-1
1550,309,1813.48,180.15,12.24,26.25,0.4873,1,-1,-1
1550,294,1829.86,177.93,12.62,27.34,0.3007,1,-1,-1
1550,275,781.57,171.95,12.27,25.92,0.6011,1,-1,-1
1550,300,1793.57,232.72,18.46,35.83,0.6487,1,-1,-1
1550,307,501.77,185.60,15.15,34.25,0.6011,1,-1,-1
1550,314,793.60,170.68,10.29,26.11,0.5029,1,-1,-1
1551,254,423.90,281.96,18.90,44.16,0.7082,1,-1,-1
1551,256,618.63,324.03,21.87,49.31,0.6505,1,-1,-1
1551,258,950.14,294.04,23.00,51.33,0.5974,1,-1,-1
1551,255,729.31,352.39,25.03,59.19,0.6732,1,-1,-1
1551,282,883.93,169.97,15.34,32.10,0.5254,1,-1,-1
1551,308,1227.74,217.16,15.91,34.87,0.2241,1,-1,-1
1551,309,1813.63,179.31,12.74,27.05,0.4388,1,-1,-1
1551,294,1830.30,178.20,12.87,27.81,0.2394,1,-1,-1
1551,275,782.23,171.92,11.99,25.41,0.5137,1,-1,-1
1551,300,1792.04,232.90,18.44,35.59,0.6540,1,-1,-1
1551,307,501.81,185.45,15.32,34.63,0.6011,1,-1,-1
1551,314,794.22,170.75,10.23,25.94,0.3785,1,-1,-1
1552,254,424.71,282.27,18.61,44.13,0.7162,1,-1,-1
1552,256,619.83,324.56,21.59,48.95,0.6783,1,-1,-1
1552,258,951.49,294.50,23.31,51.29,0.5898,1,-1,-1
1552,255,729.19,352.98,24.81,58.98,0.6663,1,-1,-1
1552,282,883.85,170.22,15.40,32.22,0.5273,1,-1,-1
1552,308,1227.49,217.45,15.22,33.74,0.2127,1,-1,-1
1552,309,1813.80,178.94,13.05,27.39,0.3442,1,-1,-1
1552,294,1830.61,178.50,12.94,27.73,0.1883,1,-1,-1
1552,275,782.57,172.04,11.78,25.01,0.4980,1,-1,-1
1552,300,1790.22,232.50,18.88,36.47,0.6783,1,-1,-1
1552,307,501.78,185.80,15.18,34.35,0.5974,1,-1,-1
1552,314,794.77,170.94,10.14,25.70,0.3961,1,-1,-1
1553,254,425.87,282.48,18.36,44.09,0.7130,1,-1,-1
1553,256,620.92,324.72,21.70,49.13,0.6379,1,-1,-1
1553,258,952.01,294.46,23.81,51.65,0.5955,1,-1,-1
1553,255,728.23,353.54,24.72,58.74,0.6575,1,-1,-1
1553,282,883.91,170.52,15.30,31.99,0.5244,1,-1,-1
1553,308,1227.39,217.62,14.67,32.70,0.2167,1,-1,-1
1553,309,1813.83,178.85,13.26,27.52,0.2958,1,-1,-1
1553,294,1830.93,178.67,13.02,27.67,0.1510,1,-1,-1
1553,275,782.77,172.39,11.51,24.48,0.5000,1,-1,-1
1553,300,1789.12,231.82,19.22,37.09,0.6800,1,-1,-1
1553,307,501.61,186.21,14.98,33.96,0.5974,1,-1,-1
1553,314,795.38,171.23,9.86,24.99,0.3858,1,-1,-1
1554,254,427.01,282.84,18.39,44.49,0.7225,1,-1,-1
1554,256,622.58,325.03,21.92,49.11,0.6234,1,-1,-1
1554,258,952.92,295.22,23.86,50.94,0.6197,1,-1,-1
1554,255,726.39,352.85,25.49,60.08,0.6671,1,-1,-1
1554,282,883.96,170.70,15.26,31.90,0.5176,1,-1,-1
1554,308,1227.48,217.66,14.38,32.29,0.2050,1,-1,-1
1554,309,1813.68,178.97,13.31,27.40,0.2288,1,-1,-1
1554,275,782.87,172.63,11.32,24.10,0.4971,1,-1,-1
1554,300,1788.52,231.64,19.44,37.36,0.5765,1,-1,-1
1554,307,501.47,186.43,14.83,33.71,0.6123,1,-1,-1
1554,314,795.97,171.44,9.65,24.40,0.4007,1,-1,-1
1555,254,428.74,282.60,18.92,45.06,0.7341,1,-1,-1
1555,256,623.85,324.83,22.11,48.93,0.5993,1,-1,-1
1555,258,953.64,295.77,24.10,50.75,0.6433,1,-1,-1
1555,255,724.92,353.03,26.07,60.66,0.6723,1,-1,-1
1555,282,884.03,170.70,15.28,31.93,0.5098,1,-1,-1
1555,308,1227.60,217.61,14.35,32.44,0.1778,1,-1,-1
1555,309,1813.47,179.68,12.93,26.41,0.1546,1,-1,-1
1555,275,782.97,172.79,11.15,23.74,0.4785,1,-1,-1
1555,300,1788.30,232.67,18.97,36.11,0.4562,1,-1,-1
1555,307,501.27,186.68,14.76,33.57,0.6252,1,-1,-1
1555,314,796.33,171.61,9.50,23.96,0.4007,1,-1,-1
1556,254,429.80,282.42,19.22,45.46,0.7364,1,-1,-1
1556,256,626.11,324.69,23.57,50.52,0.5832,1,-1,-1
1556,258,954.08,295.83,24.26,50.58,0.6388,1,-1,-1
1556,255,724.05,352.72,26.84,61.68,0.6910,1,-1,-1
1556,282,883.96,170.60,15.41,32.19,0.5078,1,-1,-1
1556,308,1227.73,217.50,14.18,32.30,0.1739,1,-1,-1
1556,309,1813.69,180.55,12.69,25.70,0.1192,1,-1,-1
1556,275,783.18,172.77,11.13,23.66,0.4388,1,-1,-1
1556,300,1787.29,232.92,18.24,34.77,0.4397,1,-1,-1
1556,307,501.15,186.84,14.71,33.57,0.6343,1,-1,-1
1556,314,796.45,171.66,9.49,23.92,0.3355,1,-1,-1
1557,254,430.01,282.46,19.57,46.19,0.7364,1,-1,-1
1557,256,626.76,324.48,24.33,50.99,0.5660,1,-1,-1
1557,258,954.46,295.78,24.38,50.50,0.6316,1,-1,-1
1557,255,723.32,352.92,27.05,61.50,0.6809,1,-1,-1
1557,282,883.92,170.69,15.51,32.38,0.5195,1,-1,-1
1557,308,1227.87,217.41,14.10,32.34,0.1634,1,-1,-1
1557,309,1814.27,181.30,12.39,25.05,0.1200,1,-1,-1
1557,275,783.50,172.87,11.10,23.62,0.4610,1,-1,-1
1557,307,501.14,187.19,14.65,33.48,0.6307,1,-1,-1
1557,314,796.55,171.73,9.53,24.00,0.3398,1,-1,-1
1558,254,430.24,282.30,19.91,46.87,0.7469,1,-1,-1
1558,256,627.00,324.05,25.07,51.71,0.5409,1,-1,-1
1558,258,955.40,295.91,24.55,50.97,0.6361,1,-1,-1
1558,255,722.32,353.12,27.16,61.26,0.6723,1,-1,-1
1558,282,883.86,170.73,15.67,32.76,0.5302,1,-1,-1
1558,308,1227.97,217.29,14.30,32.90,0.1790,1,-1,-1
1558,309,1814.86,180.68,12.75,26.02,0.1535,1,-1,-1
1558,275,784.02,172.72,11.22,23.91,0.4562,1,-1,-1
1558,307,501.17,187.64,14.40,32.95,0.6197,1,-1,-1
1558,314,796.59,171.71,9.64,24.29,0.2666,1,-1,-1
1559,254,430.49,282.05,19.99,46.91,0.7295,1,-1,-1
1559,256,627.54,324.06,25.21,51.47,0.6197,1,-1,-1
1559,258,956.12,295.57,24.48,51.29,0.6252,1,-1,-1
1559,255,720.31,352.91,27.29,61.46,0.6817,1,-1,-1
1559,282,883.51,170.55,16.04,33.63,0.5361,1,-1,-1
1559,308,1227.94,217.31,14.58,33.61,0.1901,1,-1,-1
1559,309,1815.16,179.66,13.24,27.32,0.2436,1,-1,-1
1559,275,784.32,172.46,11.47,24.46,0.4484,1,-1,-1
1559,307,501.15,187.99,14.20,32.54,0.6252,1,-1,-1
1559,314,796.43,171.61,9.80,24.74,0.2394,1,-1,-1
1560,254,431.18,282.55,19.45,45.45,0.7280,1,-1,-1
1560,256,628.39,324.15,25.89,52.28,0.6619,1,-1,-1
1560,258,956.83,295.29,24.27,51.44,0.6325,1,-1,-1
1560,255,718.27,353.06,27.42,62.09,0.6783,1,-1,-1
1560,282,883.38,170.56,16.15,33.91,0.5477,1,-1,-1
1560,308,1228.01,217.30,14.77,34.06,0.1836,1,-1,-1
1560,309,1815.56,179.47,13.34,27.80,0.2214,1,-1,-1
1560,275,784.74,172.37,11.58,24.63,0.3657,1,-1,-1
1560,307,501.11,188.22,14.07,32.36,0.6197,1,-1,-1
1560,314,796.88,171.39,10.29,25.71,0.1120,1,-1,-1
1561,254,432.35,281.92,19.18,45.10,0.7217,1,-1,-1
1561,256,629.25,323.95,26.32,52.85,0.6689,1,-1,-1
1561,258,957.40,295.03,24.11,51.64,0.5974,1,-1,-1
1561,255,716.96,353.36,27.32,62.45,0.6749,1,-1,-1
1561,282,883.35,170.71,16.07,33.76,0.5477,1,-1,-1
1561,308,1227.90,217.50,14.94,34.54,0.1981,1,-1,-1
1561,309,1815.99,179.35,13.42,28.18,0.3433,1,-1,-1
1561,275,785.13,172.28,11.59,24.60,0.3739,1,-1,-1
1561,307,500.94,188.21,14.08,32.60,0.6179,1,-1,-1
1561,314,797.43,171.39,10.50,25.90,0.1385,1,-1,-1
1562,254,433.58,281.28,18.84,44.81,0.7326,1,-1,-1
1562,256,629.65,323.18,26.72,53.66,0.6689,1,-1,-1
1562,258,958.03,295.09,23.56,50.87,0.5765,1,-1,-1
1562,255,715.57,353.41,27.41,63.34,0.6663,1,-1,-1
1562,282,883.37,170.86,15.92,33.46,0.5283,1,-1,-1
1562,308,1227.57,217.86,14.63,34.22,0.2401,1,-1,-1
1562,309,1816.30,179.21,13.42,28.41,0.2767,1,-1,-1
1562,275,785.51,172.57,11.43,24.20,0.2870,1,-1,-1
1562,307,500.61,187.83,14.25,33.26,0.6197,1,-1,-1
1562,314,797.86,171.39,10.57,25.83,0.1399,1,-1,-1
1562,300,1782.94,230.27,18.49,36.25,0.4941,1,-1,-1
1563,254,434.90,280.70,18.66,45.00,0.7295,1,-1,-1
1563,256,629.81,322.08,26.51,53.46,0.5756,1,-1,-1
1563,258,958.48,295.07,23.35,50.61,0.6179,1,-1,-1
1563,255,715.33,353.77,26.34,61.34,0.6361,1,-1,-1
1563,282,883.63,171.25,15.66,32.83,0.5107,1,-1,-1
1563,308,1227.39,218.07,14.37,34.02,0.2926,1,-1,-1
1563,309,1816.58,179.33,13.33,28.43,0.2636,1,-1,-1
1563,275,785.82,172.73,11.20,23.59,0.2234,1,-1,-1
1563,307,500.37,187.48,14.37,33.89,0.6179,1,-1,-1
1563,314,798.25,171.30,10.49,25.31,0.1192,1,-1,-1
1563,300,1782.67,229.38,17.91,35.85,0.4971,1,-1,-1
1564,254,436.40,281.08,18.29,44.70,0.7186,1,-1,-1
1564,256,630.36,321.20,26.41,53.40,0.5851,1,-1,-1
1564,258,958.71,295.06,23.41,50.78,0.6234,1,-1,-1
1564,255,715.05,353.88,25.40,59.60,0.6645,1,-1,-1
1564,282,883.76,171.41,15.58,32.57,0.5166,1,-1,-1
1564,308,1227.44,218.02,14.24,34.05,0.2583,1,-1,-1
1564,309,1816.92,179.75,13.10,28.11,0.2967,1,-1,-1
1564,275,786.01,172.98,11.26,23.61,0.3057,1,-1,-1
1564,307,500.26,187.57,14.22,33.83,0.6270,1,-1,-1
1564,314,797.97,171.05,10.64,25.50,0.1136,1,-1,-1
1564,300,1781.98,229.28,16.75,34.23,0.2991,1,-1,-1
1564,316,1234.03,217.41,14.08,34.66,0.4552,1,-1,-1
1565,254,437.72,280.59,17.88,44.05,0.7154,1,-1,-1
1565,256,630.47,321.66,25.14,51.79,0.5746,1,-1,-1
1565,258,959.34,294.61,23.46,50.93,0.5823,1,-1,-1
1565,255,714.18,353.45,25.08,59.25,0.6343,1,-1,-1
1565,282,883.84,171.47,15.55,32.44,0.5127,1,-1,-1
1565,308,1227.57,217.86,14.14,34.10,0.2275,1,-1,-1
1565,309,1817.86,178.54,13.35,28.83,0.3208,1,-1,-1
1565,275,786.12,173.18,11.32,23.68,0.3648,1,-1,-1
1565,307,500.07,187.74,14.03,33.61,0.6343,1,-1,-1
1565,314,797.73,170.76,10.81,25.84,0.1307,1,-1,-1
1565,300,1780.88,228.31,16.24,33.47,0.2516,1,-1,-1
1565,316,1234.18,217.27,14.13,34.76,0.4591,1,-1,-1
1566,254,438.21,281.10,17.88,44.43,0.7058,1,-1,-1
1566,256,631.18,322.30,24.57,51.51,0.5804,1,-1,-1
1566,258,959.68,294.44,23.67,51.36,0.6558,1,-1,-1
1566,255,711.61,352.59,26.02,61.77,0.6749,1,-1,-1
1566,282,883.97,171.72,15.58,32.39,0.4688,1,-1,-1
1566,308,1227.39,217.50,14.57,35.23,0.1901,1,-1,-1
1566,309,1818.39,178.23,13.13,28.34,0.4756,1,-1,-1
1566,275,786.15,173.16,11.51,24.01,0.4455,1,-1,-1
1566,307,499.51,188.04,13.94,33.69,0.5993,1,-1,-1
1566,314,798.82,170.43,10.76,25.55,0.3372,1,-1,-1
1566,300,1779.20,228.52,16.42,33.93,0.1461,1,-1,-1
1566,316,1233.87,216.58,14.93,36.56,0.3363,1,-1,-1
1566,294,1834.22,179.15,12.94,27.31,0.4571,1,-1,-1
1567,254,439.27,281.40,17.37,43.51,0.7098,1,-1,-1
1567,256,632.61,322.86,24.14,51.54,0.6343,1,-1,-1
1567,258,960.35,294.82,23.55,50.98,0.6289,1,-1,-1
1567,255,710.40,352.94,25.96,62.07,0.6868,1,-1,-1
1567,282,883.94,171.78,15.66,32.44,0.4533,1,-1,-1
1567,308,1228.75,217.62,15.09,35.40,0.1551,1,-1,-1
1567,309,1818.64,178.32,13.04,28.15,0.4805,1,-1,-1
1567,275,786.65,173.22,11.59,24.20,0.3961,1,-1,-1
1567,307,499.29,188.32,13.81,33.62,0.5107,1,-1,-1
1567,314,799.32,170.30,10.68,25.17,0.2568,1,-1,-1
1567,316,1234.05,216.53,15.24,37.10,0.3200,1,-1,-1
1567,294,1834.34,179.23,13.00,27.24,0.4177,1,-1,-1
1568,254,440.25,280.98,17.27,43.63,0.7082,1,-1,-1
1568,256,634.25,322.86,23.30,50.46,0.6680,1,-1,-1
1568,258,960.80,294.99,23.58,50.86,0.6469,1,-1,-1
1568,255,709.18,353.25,25.91,62.35,0.6984,1,-1,-1
1568,282,883.84,171.72,15.82,32.66,0.4600,1,-1,-1
1568,308,1229.18,217.66,15.53,35.46,0.1348,1,-1,-1
1568,309,1818.79,178.35,13.05,28.17,0.5263,1,-1,-1
1568,275,786.89,173.31,11.54,24.14,0.4397,1,-1,-1
1568,307,499.01,188.61,13.66,33.46,0.5631,1,-1,-1
1568,314,799.77,170.55,10.43,24.60,0.2682,1,-1,-1
1568,316,1234.33,216.55,15.39,37.21,0.2728,1,-1,-1
1568,294,1834.78,179.21,13.09,27.20,0.4649,1,-1,-1
1569,254,442.04,281.02,17.35,43.84,0.7287,1,-1,-1
1569,256,635.52,322.36,22.89,49.84,0.6851,1,-1,-1
1569,258,961.25,295.09,23.81,51.00,0.6361,1,-1,-1
1569,255,708.24,353.72,25.24,61.00,0.6935,1,-1,-1
1569,282,883.79,171.78,15.91,32.76,0.4766,1,-1,-1
1569,309,1818.88,178.44,13.09,28.22,0.5477,1,-1,-1
1569,275,787.09,173.26,11.57,24.29,0.4902,1,-1,-1
1569,307,498.83,188.68,13.56,33.36,0.5215,1,-1,-1
1569,314,799.90,170.74,10.48,24.79,0.3469,1,-1,-1
1569,316,1234.58,216.44,15.53,37.34,0.2516,1,-1,-1
1569,294,1835.04,179.20,13.25,27.28,0.4707,1,-1,-1
1570,254,443.47,280.61,18.05,45.10,0.7585,1,-1,-1
1570,256,636.42,321.56,23.26,50.83,0.6469,1,-1,-1
1570,258,962.49,295.19,24.02,51.15,0.6179,1,-1,-1
1570,255,707.34,353.53,24.76,59.84,0.6817,1,-1,-1
1570,282,883.76,171.91,15.90,32.67,0.4844,1,-1,-1
1570,309,1818.83,178.33,13.21,28.47,0.5651,1,-1,-1
1570,275,787.31,172.95,11.65,24.50,0.5176,1,-1,-1
1570,307,498.47,188.42,13.60,33.52,0.4990,1,-1,-1
1570,314,799.93,170.84,10.58,25.16,0.4045,1,-1,-1
1570,316,1235.00,216.17,15.63,37.42,0.2121,1,-1,-1
1570,294,1835.08,179.28,13.46,27.47,0.4776,1,-1,-1
1571,254,444.64,280.91,18.57,45.18,0.7556,1,-1,-1
1571,256,637.13,321.98,22.95,50.35,0.6663,1,-1,-1
1571,258,963.51,295.31,24.29,51.07,0.6637,1,-1,-1
1571,255,706.43,353.86,24.57,59.22,0.6628,1,-1,-1
1571,282,883.71,171.87,15.98,32.76,0.4863,1,-1,-1
1571,309,1819.08,178.55,13.16,28.33,0.5651,1,-1,-1
1571,275,787.53,173.09,11.48,24.21,0.4990,1,-1,-1
1571,307,498.15,188.77,13.57,33.27,0.4168,1,-1,-1
1571,314,800.03,170.92,10.50,25.11,0.3372,1,-1,-1
1571,316,1235.03,216.11,15.85,37.64,0.2358,1,-1,-1
1571,294,1835.30,179.27,13.69,27.67,0.4446,1,-1,-1
1572,254,445.21,280.87,19.25,45.68,0.7409,1,-1,-1
1572,256,638.11,322.54,23.50,51.16,0.7146,1,-1,-1
1572,258,964.75,295.20,24.54,51.06,0.6809,1,-1,-1
1572,255,705.44,354.42,24.24,58.01,0.6469,1,-1,-1
1572,282,883.74,171.87,15.93,32.60,0.4893,1,-1,-1
1572,309,1819.53,178.66,13.08,28.12,0.5506,1,-1,-1
1572,275,787.77,173.50,11.19,23.64,0.4941,1,-1,-1
1572,307,497.73,188.84,13.61,33.24,0.4301,1,-1,-1
1572,314,799.96,170.59,10.43,24.78,0.3346,1,-1,-1
1572,316,1235.13,216.17,16.06,37.82,0.2167,1,-1,-1
1572,294,1835.83,179.37,13.84,27.76,0.3684,1,-1,-1
1573,254,445.46,280.93,19.67,45.66,0.7098,1,-1,-1
1573,256,639.08,323.30,23.77,51.18,0.7017,1,-1,-1
1573,258,965.74,295.22,24.66,50.84,0.7170,1,-1,-1
1573,255,704.36,354.67,24.39,57.97,0.6160,1,-1,-1
1573,282,883.81,171.86,15.89,32.45,0.4893,1,-1,-1
1573,309,1819.63,178.63,13.12,28.16,0.5107,1,-1,-1
1573,275,788.36,173.30,11.17,23.60,0.5477,1,-1,-1
1573,307,497.37,188.62,13.73,33.43,0.4340,1,-1,-1
1573,314,800.28,170.93,10.29,24.63,0.3711,1,-1,-1
1573,316,1234.85,216.15,16.42,38.15,0.2069,1,-1,-1
1573,294,1836.27,179.27,14.04,28.00,0.2666,1,-1,-1
1574,254,445.28,280.74,19.92,45.39,0.6984,1,-1,-1
1574,256,639.61,323.74,23.98,50.91,0.6918,1,-1,-1
1574,258,966.57,294.96,25.11,51.32,0.6960,1,-1,-1
1574,255,703.19,354.55,25.08,59.36,0.6325,1,-1,-1
1574,282,883.88,171.85,15.85,32.33,0.4727,1,-1,-1
1574,309,1819.73,178.42,13.25,28.37,0.5078,1,-1,-1
1574,275,788.73,173.00,11.29,23.98,0.5689,1,-1,-1
1574,307,497.09,188.28,13.91,33.76,0.4187,1,-1,-1
1574,314,800.51,171.12,10.23,24.69,0.4196,1,-1,-1
1574,316,1234.99,216.26,16.57,37.98,0.2546,1,-1,-1
1574,294,1836.48,179.14,14.17,28.10,0.2309,1,-1,-1
1575,254,445.45,281.10,19.64,44.27,0.6505,1,-1,-1
1575,256,640.49,323.45,24.35,51.22,0.7001,1,-1,-1
1575,258,968.19,295.83,24.74,50.68,0.6610,1,-1,-1
1575,255,701.99,354.30,25.76,60.60,0.6868,1,-1,-1
1575,282,883.81,171.79,15.93,32.48,0.4756,1,-1,-1
1575,309,1820.03,178.33,13.34,28.46,0.4678,1,-1,-1
1575,275,789.00,172.74,11.36,24.26,0.5593,1,-1,-1
1575,307,496.58,188.11,14.04,34.13,0.4206,1,-1,-1
1575,314,800.63,171.13,10.24,24.90,0.4017,1,-1,-1
1575,316,1234.99,216.43,16.71,37.75,0.2401,1,-1,-1
1575,294,1837.11,179.20,14.12,28.10,0.1871,1,-1,-1
1575,317,1188.68,113.43,8.95,15.70,0.4562,1,-1,-1
1576,254,446.27,280.94,19.51,43.86,0.6361,1,-1,-1
1576,256,641.35,322.32,24.89,52.24,0.6766,1,-1,-1
1576,258,968.97,295.88,24.60,50.70,0.6834,1,-1,-1
1576,255,700.20,353.79,26.08,60.71,0.7225,1,-1,-1
1576,282,883.77,171.64,15.98,32.56,0.4805,1,-1,-1
1576,309,1820.50,178.45,13.33,28.26,0.4785,1,-1,-1
1576,275,789.16,172.66,11.40,24.47,0.5651,1,-1,-1
1576,307,496.40,188.46,13.97,33.98,0.4455,1,-1,-1
1576,314,800.73,171.03,10.17,24.90,0.4562,1,-1,-1
1576,316,1234.97,216.56,16.88,37.61,0.2894,1,-1,-1
1576,294,1837.53,179.23,14.06,28.12,0.2759,1,-1,-1
1576,317,1188.72,113.38,8.94,15.69,0.4465,1,-1,-1
1577,254,447.90,280.96,18.99,43.07,0.6935,1,-1,-1
1577,256,641.77,321.26,25.87,54.14,0.6834,1,-1,-1
1577,258,969.96,295.60,24.54,50.90,0.6901,1,-1,-1
1577,255,699.31,353.58,26.50,60.95,0.7424,1,-1,-1
1577,282,883.69,171.42,16.10,32.78,0.4961,1,-1,-1
1577,309,1820.87,178.72,13.27,27.88,0.4805,1,-1,-1
1577,275,789.57,172.74,11.32,24.36,0.5651,1,-1,-1
1577,307,496.34,188.47,13.99,34.06,0.4513,1,-1,-1
1577,314,801.03,170.97,10.02,24.65,0.4523,1,-1,-1
1577,316,1234.94,216.69,17.07,37.50,0.3603,1,-1,-1
1577,294,1837.76,179.23,14.04,28.14,0.3074,1,-1,-1
1577,317,1188.72,113.27,9.04,15.86,0.4455,1,-1,-1
1578,254,449.23,280.88,18.62,42.76,0.7001,1,-1,-1
1578,256,642.18,321.18,26.33,54.80,0.6593,1,-1,-1
1578,258,970.61,295.16,24.52,51.44,0.6540,1,-1,-1
1578,255,698.32,353.59,26.34,60.09,0.7287,1,-1,-1
1578,282,883.71,171.37,16.14,32.84,0.4883,1,-1,-1
1578,309,1821.05,178.68,13.36,27.76,0.5283,1,-1,-1
1578,275,789.89,172.55,11.26,24.33,0.5842,1,-1,-1
1578,307,496.30,188.18,14.10,34.36,0.5010,1,-1,-1
1578,314,801.31,170.86,9.97,24.57,0.5049,1,-1,-1
1578,316,1234.91,216.79,17.26,37.40,0.3895,1,-1,-1
1578,294,1837.68,179.12,14.13,28.22,0.3594,1,-1,-1
1578,317,1188.66,113.20,9.11,16.00,0.4552,1,-1,-1
1578,300,1769.10,225.27,15.83,33.24,0.5312,1,-1,-1
1579,254,450.40,280.35,18.23,42.41,0.6951,1,-1,-1
1579,256,642.40,321.53,26.38,54.77,0.6361,1,-1,-1
1579,258,970.98,294.86,24.36,51.59,0.6487,1,-1,-1
1579,255,697.10,353.53,26.04,59.42,0.7194,1,-1,-1
1579,282,883.70,171.38,16.16,32.88,0.4805,1,-1,-1
1579,309,1821.34,178.76,13.33,27.53,0.4533,1,-1,-1
1579,275,790.13,172.70,11.20,24.22,0.5670,1,-1,-1
1579,307,496.26,188.37,13.99,34.11,0.5078,1,-1,-1
1579,314,801.69,170.30,10.13,24.85,0.5078,1,-1,-1
1579,316,1234.79,216.82,17.44,37.31,0.3090,1,-1,-1
1579,294,1838.81,180.14,13.51,27.28,0.2063,1,-1,-1
1579,317,1188.68,113.25,9.17,16.11,0.4513,1,-1,-1
1579,300,1768.43,225.10,15.88,34.08,0.4834,1,-1,-1
1580,254,451.58,279.83,18.14,42.88,0.7114,1,-1,-1
1580,256,643.43,321.55,25.98,53.41,0.6663,1,-1,-1
1580,258,971.49,294.36,24.14,51.81,0.6540,1,-1,-1
1580,255,695.97,353.46,25.86,58.98,0.7098,1,-1,-1
1580,282,883.68,171.39,16.10,32.76,0.4893,1,-1,-1
1580,309,1821.43,178.93,13.36,27.33,0.4961,1,-1,-1
1580,275,790.31,172.65,11.21,24.20,0.5689,1,-1,-1
1580,307,496.11,187.87,14.12,34.56,0.5283,1,-1,-1
1580,314,802.29,170.24,10.15,24.82,0.4990,1,-1,-1
1580,316,1235.08,216.71,17.49,37.07,0.2854,1,-1,-1
1580,294,1839.33,180.25,13.35,27.21,0.2644,1,-1,-1
1580,317,1188.56,113.22,9.24,16.23,0.4542,1,-1,-1
1580,300,1767.95,224.97,15.97,34.89,0.3621,1,-1,-1
1581,254,453.15,280.08,18.18,43.62,0.6885,1,-1,-1
1581,256,645.39,322.26,24.76,50.74,0.6749,1,-1,-1
1581,258,971.78,294.37,23.65,51.34,0.6361,1,-1,-1
1581,255,694.33,353.16,25.95,59.39,0.6901,1,-1,-1
1581,282,883.53,171.58,16.18,32.90,0.4971,1,-1,-1
1581,309,1821.27,178.92,13.56,27.48,0.5496,1,-1,-1
1581,275,790.35,172.71,11.34,24.44,0.5651,1,-1,-1
1581,307,495.99,187.88,14.13,34.58,0.5974,1,-1,-1
1581,314,802.44,169.92,10.31,25.03,0.4036,1,-1,-1
1581,316,1235.14,216.61,17.56,36.81,0.4639,1,-1,-1
1581,294,1839.68,179.85,13.36,27.38,0.3115,1,-1,-1
1581,317,1188.42,113.20,9.34,16.43,0.4649,1,-1,-1
1582,254,454.23,279.82,18.17,44.01,0.7033,1,-1,-1
1582,256,646.10,321.91,24.69,50.86,0.6645,1,-1,-1
1582,258,972.46,294.28,23.28,51.11,0.6397,1,-1,-1
1582,255,692.27,353.29,26.54,61.02,0.6697,1,-1,-1
1582,282,883.52,171.72,16.19,32.88,0.4834,1,-1,-1
1582,309,1821.22,178.82,13.80,27.73,0.5429,1,-1,-1
1582,275,790.61,173.01,11.36,24.43,0.5765,1,-1,-1
1582,307,495.93,188.09,14.03,34.35,0.5879,1,-1,-1
1582,314,803.15,169.64,10.41,25.12,0.4533,1,-1,-1
1582,316,1235.41,216.65,17.71,36.83,0.4581,1,-1,-1
1582,294,1840.01,179.91,13.20,27.20,0.2846,1,-1,-1
1582,317,1188.44,113.17,9.39,16.55,0.4600,1,-1,-1
1583,254,455.45,279.98,18.12,44.00,0.7082,1,-1,-1
1583,256,646.61,321.27,24.63,51.40,0.6160,1,-1,-1
1583,258,973.24,294.25,22.92,50.62,0.6160,1,-1,-1
1583,255,690.47,353.50,26.01,60.05,0.6593,1,-1,-1
1583,282,883.54,171.99,16.17,32.84,0.4785,1,-1,-1
1583,309,1821.44,178.70,13.97,27.82,0.5612,1,-1,-1
1583,275,791.05,172.77,11.35,24.43,0.5612,1,-1,-1
1583,307,495.76,188.03,14.03,34.38,0.5784,1,-1,-1
1583,314,803.76,169.99,10.08,24.01,0.4620,1,-1,-1
1583,316,1235.72,216.71,17.66,36.52,0.5312,1,-1,-1
1583,294,1840.29,180.54,12.90,26.66,0.2910,1,-1,-1
1583,317,1188.45,113.18,9.40,16.60,0.4951,1,-1,-1
1584,254,456.95,280.59,18.03,43.53,0.7146,1,-1,-1
1584,256,647.23,320.98,24.47,52.00,0.6593,1,-1,-1
1584,258,973.67,293.59,23.20,51.27,0.6011,1,-1,-1
1584,255,689.12,353.32,25.77,60.01,0.6697,1,-1,-1
1584,282,883.60,172.01,16.04,32.50,0.4465,1,-1,-1
1584,309,1821.73,178.98,13.78,27.20,0.5263,1,-1,-1
1584,275,791.43,172.65,11.26,24.29,0.5727,1,-1,-1
1584,307,495.45,187.88,14.08,34.64,0.5506,1,-1,-1
1584,314,804.10,169.94,10.15,23.92,0.4922,1,-1,-1
1584,316,1236.46,216.84,17.43,36.11,0.4562,1,-1,-1
1584,294,1840.54,181.00,12.72,26.39,0.2838,1,-1,-1
1584,317,1188.59,113.34,9.27,16.37,0.4932,1,-1,-1
1585,254,458.34,280.64,18.45,44.07,0.7280,1,-1,-1
1585,256,647.59,321.29,24.30,52.67,0.6049,1,-1,-1
1585,258,974.48,293.58,22.87,50.68,0.6086,1,-1,-1
1585,255,687.42,353.42,25.31,58.80,0.7033,1,-1,-1
1585,282,883.61,172.10,16.05,32.52,0.4369,1,-1,-1
1585,309,1822.02,179.09,13.78,27.03,0.5593,1,-1,-1
1585,275,791.74,172.81,11.20,24.20,0.5670,1,-1,-1
1585,307,495.06,187.57,14.21,35.15,0.4834,1,-1,-1
1585,314,804.29,170.05,10.27,23.99,0.4494,1,-1,-1
1585,316,1236.65,216.89,17.33,35.86,0.4756,1,-1,-1
1585,294,1840.75,180.80,12.71,26.44,0.3234,1,-1,-1
1585,317,1188.98,113.50,9.18,16.19,0.4746,1,-1,-1
1586,254,459.71,280.78,18.79,44.00,0.7280,1,-1,-1
1586,256,648.47,321.85,24.06,53.11,0.5813,1,-1,-1
1586,258,975.53,293.96,22.35,49.59,0.6086,1,-1,-1
1586,255,686.49,353.32,25.75,60.03,0.7146,1,-1,-1
1586,282,883.67,172.17,15.96,32.30,0.4533,1,-1,-1
1586,309,1822.22,179.18,13.82,26.93,0.5554,1,-1,-1
1586,275,792.32,173.03,11.00,23.66,0.5156,1,-1,-1
1586,307,494.68,187.48,14.12,35.13,0.4417,1,-1,-1
1586,314,804.44,170.07,10.36,24.11,0.3895,1,-1,-1
1586,316,1237.74,217.03,17.06,35.17,0.4301,1,-1,-1
1586,294,1840.59,180.83,12.67,26.38,0.2751,1,-1,-1
1586,317,1189.08,113.75,9.17,16.15,0.4932,1,-1,-1
1587,254,460.77,280.69,19.17,43.91,0.7186,1,-1,-1
1587,256,649.41,322.74,23.07,51.78,0.6142,1,-1,-1
1587,258,976.03,294.43,22.43,50.04,0.6067,1,-1,-1
1587,255,685.82,353.77,25.46,59.60,0.7272,1,-1,-1
1587,282,883.72,172.30,15.90,32.14,0.4465,1,-1,-1
1587,309,1822.21,179.01,14.18,27.42,0.5477,1,-1,-1
1587,275,792.74,172.91,10.94,23.50,0.5039,1,-1,-1
1587,307,494.46,187.54,13.99,35.07,0.4121,1,-1,-1
1587,314,804.59,170.18,10.42,24.27,0.3858,1,-1,-1
1587,316,1238.37,217.06,16.86,34.68,0.4282,1,-1,-1
1587,294,1840.69,181.10,12.65,26.36,0.2436,1,-1,-1
1587,317,1189.16,113.70,9.26,16.30,0.4961,1,-1,-1
1588,254,461.37,280.77,19.52,44.06,0.7461,1,-1,-1
1588,256,651.07,323.98,22.07,50.13,0.6451,1,-1,-1
1588,258,976.16,294.32,22.56,50.19,0.6049,1,-1,-1
1588,255,685.24,354.31,25.13,58.84,0.7394,1,-1,-1
1588,282,883.81,172.33,15.85,31.98,0.4407,1,-1,-1
1588,309,1822.35,178.76,14.45,27.92,0.5708,1,-1,-1
1588,275,793.18,172.92,11.00,23.65,0.5215,1,-1,-1
1588,307,494.25,187.54,13.91,35.11,0.3657,1,-1,-1
1588,314,804.87,170.37,10.45,24.43,0.4263,1,-1,-1
1588,316,1239.20,217.19,16.51,34.07,0.4407,1,-1,-1
1588,294,1840.65,181.21,12.58,26.30,0.2606,1,-1,-1
1588,317,1189.10,113.89,9.16,16.12,0.4756,1,-1,-1
1589,254,462.01,281.46,19.12,42.98,0.7326,1,-1,-1
1589,256,652.49,324.19,21.69,49.75,0.6575,1,-1,-1
1589,258,976.45,294.33,23.05,50.99,0.6575,1,-1,-1
1589,255,684.19,354.51,25.12,58.39,0.7318,1,-1,-1
1589,282,883.41,172.28,16.28,32.99,0.4805,1,-1,-1
1589,309,1822.48,178.69,14.56,28.12,0.5651,1,-1,-1
1589,275,793.56,172.54,11.19,24.15,0.4893,1,-1,-1
1589,307,494.11,187.49,13.82,35.18,0.3166,1,-1,-1
1589,314,805.00,170.40,10.56,24.79,0.4102,1,-1,-1
1589,316,1239.20,217.06,16.53,34.10,0.4273,1,-1,-1
1589,294,1840.45,180.98,12.66,26.51,0.2674,1,-1,-1
1589,317,1189.06,113.77,9.16,16.10,0.4688,1,-1,-1
1590,254,462.52,281.14,19.08,43.07,0.7264,1,-1,-1
1590,256,653.33,324.16,21.41,49.55,0.6834,1,-1,-1
1590,258,977.50,294.95,23.43,50.96,0.6935,1,-1,-1
1590,255,683.31,354.64,25.56,58.87,0.7394,1,-1,-1
1590,282,883.37,172.22,16.46,33.43,0.5000,1,-1,-1
1590,309,1822.58,178.50,14.72,28.47,0.5746,1,-1,-1
1590,275,793.90,171.77,11.33,24.46,0.4073,1,-1,-1
1590,307,493.88,187.68,13.58,34.77,0.3183,1,-1,-1
1590,314,805.22,170.35,10.56,24.84,0.3174,1,-1,-1
1590,316,1239.09,217.14,16.62,34.18,0.4369,1,-1,-1
1590,294,1840.52,180.30,12.85,27.02,0.3074,1,-1,-1
1590,317,1188.99,113.79,9.06,15.92,0.4388,1,-1,-1
1591,254,463.06,280.82,18.86,42.85,0.7122,1,-1,-1
1591,256,654.50,323.42,21.68,50.32,0.6918,1,-1,-1
1591,258,978.92,295.57,23.54,50.43,0.6663,1,-1,-1
1591,255,682.47,355.06,25.86,58.82,0.7303,1,-1,-1
1591,282,883.29,172.19,16.60,33.83,0.4990,1,-1,-1
1591,309,1822.74,178.41,14.71,28.57,0.5746,1,-1,-1
1591,275,794.18,171.55,11.65,25.09,0.4196,1,-1,-1
1591,307,493.68,187.89,13.39,34.42,0.2775,1,-1,-1
1591,314,805.03,170.26,10.74,25.39,0.3504,1,-1,-1
1591,316,1239.26,217.32,16.60,34.15,0.4465,1,-1,-1
1591,294,1840.48,179.77,13.03,27.51,0.3433,1,-1,-1
1591,317,1188.82,113.78,9.07,15.97,0.4484,1,-1,-1
1592,254,464.07,280.68,18.36,42.11,0.6783,1,-1,-1
1592,256,655.58,323.29,21.99,51.18,0.6680,1,-1,-1
1592,258,980.18,295.69,23.93,50.12,0.6775,1,-1,-1
1592,255,681.58,355.54,26.38,58.80,0.7225,1,-1,-1
1592,282,883.40,171.99,16.56,33.76,0.4785,1,-1,-1
1592,309,1822.72,178.43,14.68,28.63,0.5842,1,-1,-1
1592,275,794.61,171.73,11.73,25.04,0.3868,1,-1,-1
1592,307,493.71,187.71,13.40,34.56,0.3090,1,-1,-1
1592,314,804.54,170.09,10.77,25.36,0.3693,1,-1,-1
1592,316,1239.30,217.39,16.60,34.18,0.4359,1,-1,-1
1592,294,1840.42,179.56,13.08,27.71,0.3311,1,-1,-1
1592,317,1188.69,113.87,9.12,16.10,0.4659,1,-1,-1
1593,254,465.65,279.99,18.42,42.57,0.6951,1,-1,-1
1593,256,656.00,323.77,21.98,51.30,0.6628,1,-1,-1
1593,258,981.37,294.96,24.58,50.81,0.6766,1,-1,-1
1593,255,680.25,355.84,26.87,58.73,0.7017,1,-1,-1
1593,282,883.54,172.36,16.25,33.12,0.5195,1,-1,-1
1593,309,1822.77,178.51,14.67,28.71,0.5993,1,-1,-1
1593,275,794.88,171.90,11.71,24.84,0.4737,1,-1,-1
1593,307,493.67,188.12,13.21,34.12,0.3166,1,-1,-1
1593,314,804.58,169.80,10.82,25.54,0.4863,1,-1,-1
1593,316,1239.23,217.46,16.58,34.10,0.4340,1,-1,-1
1593,294,1840.30,179.46,13.14,27.79,0.3630,1,-1,-1
1593,317,1188.85,113.74,9.22,16.27,0.4330,1,-1,-1
1594,254,466.93,279.16,18.64,43.34,0.6610,1,-1,-1
1594,256,655.66,324.16,21.72,50.98,0.6540,1,-1,-1
1594,258,982.22,295.02,24.83,50.93,0.6851,1,-1,-1
1594,255,679.34,355.99,27.05,58.24,0.6851,1,-1,-1
1594,282,883.59,172.65,16.22,33.14,0.5078,1,-1,-1
1594,309,1822.94,178.52,14.55,28.62,0.6011,1,-1,-1
1594,275,795.13,172.43,11.41,24.10,0.4746,1,-1,-1
1594,307,493.74,188.25,13.13,33.96,0.2012,1,-1,-1
1594,314,804.87,169.69,10.70,25.24,0.5273,1,-1,-1
1594,316,1239.21,217.39,16.65,34.28,0.4083,1,-1,-1
1594,294,1839.99,179.10,13.37,28.25,0.3757,1,-1,-1
1594,317,1188.99,113.66,9.22,16.27,0.4571,1,-1,-1
1595,254,468.04,278.80,18.85,43.99,0.6645,1,-1,-1
1595,256,655.73,323.75,21.67,51.19,0.6663,1,-1,-1
1595,258,983.12,295.75,24.41,49.75,0.6910,1,-1,-1
1595,255,678.06,356.05,27.22,57.86,0.6984,1,-1,-1
1595,282,883.75,173.06,15.86,32.50,0.5049,1,-1,-1
1595,309,1823.08,178.56,14.39,28.44,0.6086,1,-1,-1
1595,275,795.13,173.08,11.15,23.61,0.5234,1,-1,-1
1595,307,493.28,187.68,13.21,34.23,0.1956,1,-1,-1
1595,314,805.38,169.75,10.60,25.06,0.5974,1,-1,-1
1595,316,1239.17,217.36,16.81,34.64,0.4397,1,-1,-1
1595,294,1839.96,178.81,13.50,28.50,0.3739,1,-1,-1
1595,317,1189.00,113.61,9.26,16.30,0.4455,1,-1,-1
1596,254,469.16,279.10,18.59,43.67,0.6851,1,-1,-1
1596,256,656.61,323.83,22.07,52.30,0.6307,1,-1,-1
1596,258,983.92,296.29,24.05,48.93,0.6843,1,-1,-1
1596,255,676.25,356.18,27.31,57.75,0.7349,1,-1,-1
1596,282,883.72,173.03,15.81,32.54,0.5554,1,-1,-1
1596,309,1823.36,178.62,14.46,28.70,0.6160,1,-1,-1
1596,275,795.08,171.56,11.48,24.54,0.4746,1,-1,-1
1596,307,492.77,187.45,13.46,34.80,0.3337,1,-1,-1
1596,314,805.88,169.71,10.70,25.38,0.5195,1,-1,-1
1596,316,1238.23,217.38,17.68,36.30,0.4678,1,-1,-1
1596,294,1839.94,178.89,13.63,28.65,0.3942,1,-1,-1
1596,317,1189.03,113.65,9.41,16.56,0.4102,1,-1,-1
1596,300,1753.91,223.08,15.32,33.65,0.4844,1,-1,-1
1597,254,470.00,279.30,18.41,43.51,0.6645,1,-1,-1
1597,256,657.53,323.72,22.23,52.72,0.6142,1,-1,-1
1597,258,984.63,296.34,23.87,48.68,0.6893,1,-1,-1
1597,255,674.38,356.27,27.17,57.74,0.7394,1,-1,-1
1597,282,883.81,173.07,15.64,32.29,0.5593,1,-1,-1
1597,309,1823.73,178.94,14.32,28.50,0.5993,1,-1,-1
1597,275,795.35,170.90,11.53,24.86,0.4824,1,-1,-1
1597,307,492.53,187.74,13.50,34.76,0.3140,1,-1,-1
1597,314,806.37,169.70,10.68,25.46,0.5146,1,-1,-1
1597,316,1238.18,217.40,17.93,36.80,0.4571,1,-1,-1
1597,294,1840.19,179.31,13.59,28.46,0.3398,1,-1,-1
1597,317,1189.04,113.72,9.41,16.58,0.4292,1,-1,-1
1597,300,1753.23,222.55,15.56,34.15,0.3540,1,-1,-1
1598,254,470.86,279.47,18.43,43.72,0.7050,1,-1,-1
1598,256,658.22,323.21,22.24,53.17,0.5879,1,-1,-1
1598,258,985.63,296.70,23.55,48.38,0.6843,1,-1,-1
1598,255,672.82,356.15,27.16,58.17,0.7469,1,-1,-1
1598,282,883.78,173.11,15.57,32.30,0.5708,1,-1,-1
1598,309,1824.00,179.29,14.17,28.25,0.5898,1,-1,-1
1598,275,795.91,170.51,11.55,25.11,0.4475,1,-1,-1
1598,307,492.58,188.73,13.28,34.11,0.2736,1,-1,-1
1598,314,806.58,169.92,10.67,25.56,0.4581,1,-1,-1
1598,316,1237.56,217.40,18.41,37.58,0.4766,1,-1,-1
1598,294,1840.29,179.51,13.60,28.41,0.3200,1,-1,-1
1598,317,1189.22,113.74,9.31,16.42,0.3942,1,-1,-1
1598,300,1753.12,223.24,15.15,33.29,0.3115,1,-1,-1
1599,254,472.33,279.32,18.73,44.04,0.7318,1,-1,-1
1599,256,659.34,323.48,21.81,52.33,0.5574,1,-1,-1
1599,258,986.58,296.53,23.42,48.65,0.6740,1,-1,-1
1599,255,671.18,357.05,26.17,56.51,0.7066,1,-1,-1
1599,282,883.81,173.26,15.44,32.17,0.5631,1,-1,-1
1599,309,1824.37,179.80,13.93,27.76,0.5670,1,-1,-1
1599,275,796.54,170.45,11.51,25.07,0.4600,1,-1,-1
1599,307,492.18,188.62,13.49,34.49,0.2561,1,-1,-1
1599,314,806.61,169.90,10.52,25.29,0.4533,1,-1,-1
1599,316,1237.33,217.44,18.58,37.73,0.4756,1,-1,-1
1599,294,1840.58,179.86,13.47,28.11,0.2689,1,-1,-1
1599,317,1189.48,113.61,9.38,16.50,0.3684,1,-1,-1
1599,300,1752.18,223.26,15.01,33.47,0.2465,1,-1,-1
1600,254,473.43,278.88,19.40,44.97,0.7409,1,-1,-1
1600,256,662.87,323.94,21.86,50.90,0.5823,1,-1,-1
1600,258,987.43,296.54,23.29,48.81,0.6406,1,-1,-1
1600,255,670.01,357.40,25.65,55.89,0.6868,1,-1,-1
1600,282,883.94,173.38,15.10,31.53,0.5477,1,-1,-1
1600,309,1824.32,180.00,13.90,27.64,0.5689,1,-1,-1
1600,275,797.18,170.73,11.52,25.16,0.4785,1,-1,-1
1600,307,492.00,188.91,13.51,34.42,0.3363,1,-1,-1
1600,314,806.18,170.10,10.33,25.00,0.4254,1,-1,-1
1600,316,1237.52,217.42,18.47,37.40,0.4727,1,-1,-1
1600,294,1840.63,180.05,13.45,27.99,0.2480,1,-1,-1
1600,317,1189.75,113.59,9.34,16.39,0.3621,1,-1,-1
1600,300,1752.12,224.02,14.71,32.56,0.1343,1,-1,-1
1601,254,474.59,279.39,19.44,44.52,0.7349,1,-1,-1
1601,256,664.30,324.27,22.56,51.18,0.6142,1,-1,-1
1601,258,988.17,296.65,23.03,48.56,0.5908,1,-1,-1
1601,255,669.16,357.90,25.27,55.50,0.6584,1,-1,-1
1601,282,884.23,173.43,14.90,30.98,0.5525,1,-1,-1
1601,309,1824.39,180.18,13.86,27.53,0.5535,1,-1,-1
1601,275,798.00,170.21,12.08,26.44,0.4883,1,-1,-1
1601,307,491.69,189.17,13.58,34.57,0.3630,1,-1,-1
1601,314,804.27,170.35,10.47,25.18,0.3895,1,-1,-1
1601,316,1237.85,217.37,18.29,37.05,0.4815,1,-1,-1
1601,294,1840.46,180.26,13.48,27.90,0.1871,1,-1,-1
1601,317,1190.06,113.56,9.33,16.34,0.3585,1,-1,-1
1601,300,1751.24,222.90,14.88,32.95,0.1422,1,-1,-1
1602,254,475.41,279.58,19.62,44.36,0.7210,1,-1,-1
1602,256,665.00,324.33,21.87,49.05,0.6307,1,-1,-1
1602,258,989.62,296.50,22.23,47.48,0.5651,1,-1,-1
1602,255,668.21,358.17,24.69,54.54,0.6514,1,-1,-1
1602,282,884.26,173.46,14.78,30.64,0.5496,1,-1,-1
1602,309,1824.39,180.21,13.90,27.62,0.5341,1,-1,-1
1602,275,798.51,170.14,12.23,26.91,0.4941,1,-1,-1
1602,307,491.51,189.10,13.74,34.96,0.4873,1,-1,-1
1602,314,803.61,170.35,10.65,25.46,0.3868,1,-1,-1
1602,316,1238.36,217.40,17.89,36.31,0.4737,1,-1,-1
1602,294,1840.43,179.60,13.85,28.53,0.1938,1,-1,-1
1602,317,1190.40,113.54,9.29,16.21,0.3757,1,-1,-1
1602,300,1750.34,222.21,14.95,32.97,0.1490,1,-1,-1
1603,254,475.64,279.92,19.53,43.87,0.7082,1,-1,-1
1603,256,665.70,324.11,20.53,46.22,0.6469,1,-1,-1
1603,258,990.22,296.22,22.17,47.76,0.5708,1,-1,-1
1603,255,667.06,357.24,24.81,54.87,0.6460,1,-1,-1
1603,282,884.37,173.42,14.59,30.16,0.5419,1,-1,-1
1603,309,1824.29,180.09,14.09,27.89,0.5039,1,-1,-1
1603,275,798.84,169.96,12.25,27.16,0.5098,1,-1,-1
1603,307,491.38,189.36,13.75,34.87,0.4340,1,-1,-1
1603,316,1238.70,217.27,17.76,36.19,0.5059,1,-1,-1
1603,294,1840.08,179.39,14.10,28.72,0.1672,1,-1,-1
1603,317,1190.74,113.69,9.15,15.91,0.3567,1,-1,-1
1603,300,1749.07,221.18,15.51,34.16,0.1451,1,-1,-1
1604,254,476.10,280.08,19.61,43.80,0.7066,1,-1,-1
1604,256,666.66,322.95,20.01,45.48,0.6558,1,-1,-1
1604,258,990.58,295.49,22.33,48.50,0.5804,1,-1,-1
1604,255,666.03,356.79,24.61,54.76,0.6505,1,-1,-1
1604,282,884.46,173.30,14.63,30.25,0.5293,1,-1,-1
1604,309,1824.26,180.03,14.18,28.01,0.5078,1,-1,-1
1604,275,799.24,170.09,11.92,26.56,0.5302,1,-1,-1
1604,307,491.24,189.94,13.61,34.39,0.3630,1,-1,-1
1604,316,1238.63,217.24,17.69,35.99,0.5254,1,-1,-1
1604,294,1840.03,179.40,14.18,28.63,0.1561,1,-1,-1
1604,317,1190.87,113.77,9.12,15.80,0.3576,1,-1,-1
1604,300,1748.08,220.95,15.63,34.31,0.1778,1,-1,-1
1605,254,476.42,279.45,20.14,44.81,0.7154,1,-1,-1
1605,256,667.09,322.40,19.91,45.94,0.6252,1,-1,-1
1605,258,990.27,295.20,22.83,49.31,0.6039,1,-1,-1
1605,255,664.97,356.95,24.43,54.60,0.6645,1,-1,-1
1605,282,884.07,173.14,15.16,31.65,0.5293,1,-1,-1
1605,309,1824.30,180.15,14.03,27.59,0.5322,1,-1,-1
1605,275,799.44,169.93,11.75,26.27,0.5506,1,-1,-1
1605,307,491.04,189.96,13.70,34.46,0.3124,1,-1,-1
1605,316,1238.62,217.18,17.72,35.98,0.5215,1,-1,-1
1605,294,1839.44,179.68,14.19,28.20,0.1592,1,-1,-1
1605,317,1191.03,113.73,9.28,16.07,0.3451,1,-1,-1
1606,254,477.35,278.85,20.33,45.23,0.7122,1,-1,-1
1606,256,667.39,322.38,20.11,46.96,0.6105,1,-1,-1
1606,258,990.23,295.28,23.08,49.44,0.6531,1,-1,-1
1606,255,664.22,356.93,24.70,55.17,0.6610,1,-1,-1
1606,282,883.87,173.08,15.41,32.47,0.5390,1,-1,-1
1606,309,1824.46,180.28,13.81,27.08,0.5302,1,-1,-1
1606,275,799.71,169.83,11.68,26.14,0.5651,1,-1,-1
1606,307,491.18,190.76,13.46,33.74,0.3558,1,-1,-1
1606,316,1238.65,217.23,17.69,35.79,0.5283,1,-1,-1
1606,294,1838.19,180.10,14.26,27.72,0.1442,1,-1,-1
1606,317,1191.11,113.67,9.49,16.44,0.3390,1,-1,-1
1606,318,810.71,169.79,11.58,25.20,0.4902,1,-1,-1
1607,254,478.06,278.86,20.05,44.73,0.7202,1,-1,-1
1607,256,667.87,322.68,20.09,47.17,0.5234,1,-1,-1
1607,258,990.24,294.88,23.51,49.83,0.6637,1,-1,-1
1607,255,663.22,357.55,24.42,54.48,0.6918,1,-1,-1
1607,282,883.66,173.12,15.50,32.93,0.5651,1,-1,-1
1607,309,1824.80,180.42,13.58,26.61,0.5516,1,-1,-1
1607,275,799.86,169.64,11.84,26.46,0.5746,1,-1,-1
1607,307,490.73,189.83,13.88,34.72,0.2759,1,-1,-1
1607,316,1239.15,217.28,17.42,35.19,0.5234,1,-1,-1
1607,294,1840.55,181.16,13.16,25.57,0.1136,1,-1,-1
1607,317,1191.04,113.61,9.66,16.73,0.3558,1,-1,-1
1607,318,810.50,169.48,11.81,25.71,0.4698,1,-1,-1
1608,254,478.96,278.94,19.68,44.25,0.7058,1,-1,-1
1608,256,668.43,323.60,19.85,47.03,0.4873,1,-1,-1
1608,258,990.19,294.28,24.09,50.83,0.6379,1,-1,-1
1608,255,662.29,357.35,24.83,55.32,0.6834,1,-1,-1
1608,282,883.52,173.36,15.43,33.03,0.5784,1,-1,-1
1608,309,1825.06,180.40,13.44,26.38,0.5535,1,-1,-1
1608,275,800.00,169.80,11.81,26.35,0.5842,1,-1,-1
1608,307,490.23,188.88,14.26,35.59,0.3294,1,-1,-1
1608,316,1239.76,217.33,17.00,34.39,0.5525,1,-1,-1
1608,294,1842.27,179.15,13.72,26.99,0.1950,1,-1,-1
1608,317,1190.97,113.77,9.57,16.57,0.3914,1,-1,-1
1608,318,810.50,169.47,11.69,25.45,0.4216,1,-1,-1
1609,254,480.49,279.20,19.06,43.31,0.6809,1,-1,-1
1609,256,669.34,323.49,20.67,49.32,0.5746,1,-1,-1
1609,258,990.89,294.35,24.08,50.77,0.6197,1,-1,-1
1609,255,660.65,357.70,25.06,55.38,0.7001,1,-1,-1
1609,282,883.47,173.55,15.38,33.29,0.5727,1,-1,-1
1609,309,1825.29,180.22,13.34,26.30,0.5670,1,-1,-1
1609,275,800.30,170.28,11.51,25.62,0.5708,1,-1,-1
1609,307,489.85,189.13,14.17,35.30,0.4349,1,-1,-1
1609,316,1239.93,217.16,16.83,34.04,0.5651,1,-1,-1
1609,294,1842.90,178.39,13.81,27.50,0.2121,1,-1,-1
1609,317,1190.97,113.86,9.54,16.48,0.4158,1,-1,-1
1609,318,810.65,169.52,11.40,24.80,0.3951,1,-1,-1
1610,254,482.52,279.73,18.65,42.95,0.7009,1,-1,-1
1610,256,670.45,323.69,21.41,51.37,0.6307,1,-1,-1
1610,258,992.38,294.87,23.70,49.76,0.6123,1,-1,-1
1610,255,659.26,357.96,25.34,55.69,0.6885,1,-1,-1
1610,282,883.68,173.91,14.91,32.57,0.5612,1,-1,-1
1610,309,1825.56,180.29,13.19,26.14,0.5574,1,-1,-1
1610,275,800.57,170.37,11.47,25.46,0.5651,1,-1,-1
1610,307,489.50,188.81,14.28,35.52,0.3311,1,-1,-1
1610,316,1240.28,217.06,16.75,33.99,0.5746,1,-1,-1
1610,294,1843.18,178.15,13.74,27.70,0.2200,1,-1,-1
1610,317,1190.99,113.87,9.52,16.43,0.4417,1,-1,-1
1610,318,810.75,169.49,11.27,24.48,0.4196,1,-1,-1
1611,254,483.79,279.05,18.70,43.79,0.6800,1,-1,-1
1611,256,671.29,322.96,21.92,52.94,0.6800,1,-1,-1
1611,258,993.10,294.77,24.13,50.24,0.6732,1,-1,-1
1611,255,657.85,356.57,26.07,57.21,0.6817,1,-1,-1
1611,282,884.04,174.36,14.67,32.17,0.5380,1,-1,-1
1611,309,1825.64,180.39,13.19,26.26,0.5117,1,-1,-1
1611,275,800.49,170.34,11.19,24.83,0.5823,1,-1,-1
1611,307,489.38,189.22,14.07,34.94,0.3040,1,-1,-1
1611,316,1240.73,216.87,16.68,33.98,0.6067,1,-1,-1
1611,317,1191.13,114.11,9.30,16.13,0.5088,1,-1,-1
1611,318,811.09,169.75,10.99,23.83,0.4756,1,-1,-1
1612,254,485.07,279.04,18.53,43.90,0.6918,1,-1,-1
1612,256,672.54,322.47,21.95,53.30,0.6885,1,-1,-1
1612,258,994.53,294.35,24.37,50.61,0.6697,1,-1,-1
1612,255,656.74,355.89,26.58,57.98,0.6732,1,-1,-1
1612,282,884.05,174.60,14.58,32.16,0.5487,1,-1,-1
1612,309,1825.66,180.47,13.13,26.22,0.4971,1,-1,-1
1612,275,800.42,170.39,11.07,24.63,0.5804,1,-1,-1
1612,307,489.35,189.79,13.88,34.45,0.2031,1,-1,-1
1612,316,1241.06,216.85,16.52,33.77,0.6123,1,-1,-1
1612,317,1191.36,114.20,9.18,16.03,0.5185,1,-1,-1
1612,318,811.29,169.85,10.84,23.50,0.5234,1,-1,-1
1613,254,486.17,279.23,18.10,43.34,0.7033,1,-1,-1
1613,256,674.18,323.14,21.62,52.36,0.6868,1,-1,-1
1613,258,995.86,294.15,24.39,50.59,0.6379,1,-1,-1
1613,255,655.66,355.40,26.85,58.42,0.6469,1,-1,-1
1613,282,884.52,174.63,13.98,30.87,0.5554,1,-1,-1
1613,309,1825.81,180.49,13.12,26.31,0.5361,1,-1,-1
1613,275,800.47,170.45,11.01,24.66,0.5955,1,-1,-1
1613,307,489.38,189.55,13.95,34.66,0.3442,1,-1,-1
1613,316,1241.07,216.67,16.63,34.08,0.5804,1,-1,-1
1613,317,1191.57,114.34,9.01,15.84,0.5137,1,-1,-1
1613,318,811.41,169.77,10.93,23.66,0.5370,1,-1,-1
1614,254,487.16,279.68,17.90,42.93,0.7130,1,-1,-1
1614,256,675.66,323.57,21.43,51.27,0.7082,1,-1,-1
1614,258,996.94,294.46,24.26,50.47,0.6628,1,-1,-1
1614,255,654.06,354.92,26.68,58.09,0.6469,1,-1,-1
1614,282,884.70,174.43,13.71,30.31,0.5765,1,-1,-1
1614,309,1825.90,180.54,13.09,26.29,0.5477,1,-1,-1
1614,275,800.61,170.42,11.00,24.79,0.5955,1,-1,-1
1614,307,489.46,189.58,13.94,34.72,0.3951,1,-1,-1
1614,316,1241.07,216.67,16.64,34.23,0.5842,1,-1,-1
1614,317,1191.42,114.49,8.90,15.73,0.5438,1,-1,-1
1614,318,811.68,169.73,10.77,23.44,0.5467,1,-1,-1
1615,254,488.74,279.66,18.20,43.34,0.7162,1,-1,-1
1615,256,677.14,324.23,20.82,49.11,0.7241,1,-1,-1
1615,258,998.18,294.44,24.33,50.92,0.6715,1,-1,-1
1615,255,652.20,354.44,26.61,58.36,0.6800,1,-1,-1
1615,282,884.86,174.33,13.68,30.36,0.5727,1,-1,-1
1615,309,1826.00,180.78,12.97,26.14,0.4698,1,-1,-1
1615,275,800.75,170.22,11.09,25.10,0.6030,1,-1,-1
1615,307,489.43,189.66,13.94,34.76,0.4254,1,-1,-1
1615,316,1241.04,216.62,16.68,34.42,0.5993,1,-1,-1
1615,317,1191.42,114.48,8.90,15.80,0.5506,1,-1,-1
1615,318,811.65,169.60,10.91,23.89,0.5380,1,-1,-1
1616,254,490.24,279.32,18.52,43.51,0.7287,1,-1,-1
1616,256,678.13,324.80,20.69,48.09,0.7256,1,-1,-1
1616,258,999.04,294.73,24.10,50.89,0.6469,1,-1,-1
1616,255,650.84,353.74,26.48,58.58,0.6817,1,-1,-1
1616,282,885.03,174.41,13.45,29.98,0.5860,1,-1,-1
1616,309,1826.10,181.05,12.85,25.97,0.4216,1,-1,-1
1616,275,801.20,170.11,11.06,25.06,0.6270,1,-1,-1
1616,307,489.53,190.28,13.76,34.35,0.4311,1,-1,-1
1616,316,1241.20,216.65,16.70,34.65,0.5784,1,-1,-1
1616,317,1191.58,114.49,8.90,15.91,0.5554,1,-1,-1
1616,318,811.83,169.62,10.71,23.57,0.5487,1,-1,-1
1617,254,491.63,279.27,18.84,43.49,0.7334,1,-1,-1
1617,256,679.45,325.10,20.42,47.01,0.7178,1,-1,-1
1617,258,999.81,295.16,23.71,50.55,0.6252,1,-1,-1
1617,255,650.00,353.39,26.28,58.82,0.6851,1,-1,-1
1617,282,885.08,174.56,13.34,29.89,0.5993,1,-1,-1
1617,309,1826.20,180.82,12.87,26.19,0.3970,1,-1,-1
1617,275,801.58,169.92,11.13,25.20,0.6252,1,-1,-1
1617,307,489.53,190.63,13.59,33.96,0.4610,1,-1,-1
1617,316,1241.33,216.62,16.60,34.61,0.5898,1,-1,-1
1617,317,1191.99,114.29,8.96,16.15,0.5224,1,-1,-1
1617,318,811.99,169.62,10.59,23.39,0.5341,1,-1,-1
1618,254,492.19,278.92,19.25,43.95,0.7394,1,-1,-1
1618,256,679.87,325.00,20.44,46.91,0.7001,1,-1,-1
1618,258,1001.03,294.99,23.54,50.81,0.6049,1,-1,-1
1618,255,649.23,353.48,25.74,58.35,0.6558,1,-1,-1
1618,282,885.25,174.54,13.13,29.54,0.5955,1,-1,-1
1618,309,1826.31,180.48,12.94,26.48,0.3242,1,-1,-1
1618,275,801.89,170.00,11.21,25.31,0.6215,1,-1,-1
1618,307,489.43,190.58,13.55,33.78,0.5438,1,-1,-1
1618,316,1241.66,216.60,16.38,34.35,0.5936,1,-1,-1
1618,317,1192.39,114.25,8.90,16.20,0.5010,1,-1,-1
1618,318,812.20,169.87,10.53,23.37,0.5244,1,-1,-1
1619,254,492.75,278.75,19.60,44.19,0.6968,1,-1,-1
1619,256,679.79,323.79,20.96,48.16,0.7098,1,-1,-1
1619,258,1002.05,294.59,23.47,51.31,0.6289,1,-1,-1
1619,255,648.45,353.74,25.36,58.17,0.6487,1,-1,-1
1619,282,885.28,174.50,13.17,29.74,0.5917,1,-1,-1
1619,309,1826.17,180.37,13.06,26.80,0.4426,1,-1,-1
1619,275,802.16,169.83,11.39,25.65,0.6289,1,-1,-1
1619,307,489.12,190.35,13.72,34.10,0.5127,1,-1,-1
1619,316,1241.87,216.54,16.25,34.23,0.6105,1,-1,-1
1619,317,1192.66,114.29,8.80,16.14,0.4805,1,-1,-1
1619,318,812.47,169.99,10.54,23.52,0.5205,1,-1,-1
1620,254,493.10,278.86,19.54,43.88,0.6918,1,-1,-1
1620,256,680.18,323.86,20.90,48.18,0.6732,1,-1,-1
1620,258,1002.71,293.83,23.47,51.92,0.5804,1,-1,-1
1620,255,647.37,353.98,24.66,57.21,0.5784,1,-1,-1
1620,282,885.36,174.32,13.15,29.79,0.6030,1,-1,-1
1620,309,1826.05,180.52,13.08,26.81,0.4912,1,-1,-1
1620,275,802.73,169.85,11.53,25.84,0.6160,1,-1,-1
1620,307,489.12,190.19,13.74,34.06,0.4824,1,-1,-1
1620,316,1242.16,216.45,15.99,33.90,0.6105,1,-1,-1
1620,317,1192.78,114.54,8.69,16.02,0.4815,1,-1,-1
1620,318,812.72,170.00,10.75,24.16,0.5010,1,-1,-1
1621,254,493.56,278.85,19.47,43.94,0.6469,1,-1,-1
1621,256,680.54,323.69,21.10,48.55,0.6715,1,-1,-1
1621,258,1003.68,293.84,22.76,50.83,0.6215,1,-1,-1
1621,255,646.22,354.26,23.89,55.57,0.5708,1,-1,-1
1621,282,885.44,174.27,13.01,29.55,0.6067,1,-1,-1
1621,309,1825.98,180.40,13.23,27.11,0.2674,1,-1,-1
1621,275,803.31,169.91,11.61,25.89,0.6086,1,-1,-1
1621,307,488.71,189.42,14.17,35.08,0.2822,1,-1,-1
1621,316,1242.41,216.34,15.82,33.73,0.6160,1,-1,-1
1621,317,1192.89,114.73,8.67,16.07,0.4727,1,-1,-1
1621,318,812.98,169.93,10.93,24.70,0.4932,1,-1,-1
1621,320,653.08,353.88,22.30,54.54,0.4542,1,-1,-1
1622,254,494.80,278.71,18.71,42.56,0.5917,1,-1,-1
1622,256,681.72,324.20,20.88,48.08,0.6935,1,-1,-1
1622,258,1004.47,294.05,22.65,50.89,0.6361,1,-1,-1
1622,255,644.56,355.06,23.89,55.72,0.6234,1,-1,-1
1622,282,885.48,173.93,12.88,29.33,0.6049,1,-1,-1
1622,309,1825.97,180.18,13.47,27.58,0.1451,1,-1,-1
1622,275,803.62,169.82,11.89,26.42,0.6234,1,-1,-1
1622,307,488.44,189.15,14.37,35.56,0.1546,1,-1,-1
1622,316,1242.47,216.33,15.77,33.73,0.6252,1,-1,-1
1622,317,1192.93,114.63,8.77,16.33,0.4766,1,-1,-1
1622,318,813.13,169.73,11.35,25.81,0.4737,1,-1,-1
1622,320,653.25,353.29,21.85,53.49,0.3311,1,-1,-1
1623,254,495.78,278.70,18.19,41.85,0.6540,1,-1,-1
1623,256,683.10,324.16,20.88,48.03,0.6951,1,-1,-1
1623,258,1005.11,294.12,22.53,51.00,0.6558,1,-1,-1
1623,255,643.71,355.45,23.97,56.02,0.5917,1,-1,-1
1623,282,885.44,173.77,12.81,29.28,0.6067,1,-1,-1
1623,309,1825.74,180.00,13.69,28.04,0.2878,1,-1,-1
1623,275,804.05,169.83,12.04,26.68,0.6270,1,-1,-1
1623,316,1242.40,216.40,15.85,33.95,0.6252,1,-1,-1
1623,317,1193.04,114.91,8.59,16.03,0.4746,1,-1,-1
1623,318,813.70,169.66,11.50,26.33,0.4990,1,-1,-1
1623,320,651.15,352.99,22.14,54.13,0.3594,1,-1,-1
1624,254,497.18,278.85,17.86,41.52,0.6817,1,-1,-1
1624,256,683.69,323.44,21.20,49.00,0.6680,1,-1,-1
1624,258,1005.97,294.15,22.18,50.31,0.6270,1,-1,-1
1624,255,643.13,356.09,23.95,55.85,0.5898,1,-1,-1
1624,282,885.43,173.86,12.69,29.08,0.5974,1,-1,-1
1624,309,1825.36,180.01,13.68,27.95,0.5936,1,-1,-1
1624,275,804.34,170.29,12.18,26.98,0.6067,1,-1,-1
1624,316,1242.51,216.43,15.96,34.17,0.5898,1,-1,-1
1624,317,1193.12,115.14,8.44,15.76,0.4436,1,-1,-1
1624,318,814.27,169.70,11.54,26.57,0.5010,1,-1,-1
1624,320,648.16,353.40,22.60,55.10,0.4092,1,-1,-1
1625,254,498.51,278.92,17.17,40.12,0.7066,1,-1,-1
1625,256,684.48,323.69,20.78,48.31,0.6215,1,-1,-1
1625,258,1006.67,294.31,22.26,50.63,0.6179,1,-1,-1
1625,255,642.19,356.69,23.68,55.06,0.5784,1,-1,-1
1625,282,885.55,173.94,12.54,28.83,0.5898,1,-1,-1
1625,309,1825.15,179.75,13.89,28.31,0.5244,1,-1,-1
1625,275,804.67,170.58,12.16,26.96,0.6067,1,-1,-1
1625,316,1242.89,216.60,15.96,34.26,0.5727,1,-1,-1
1625,317,1193.28,115.35,8.38,15.65,0.4455,1,-1,-1
1625,318,814.61,169.75,11.61,26.83,0.4990,1,-1,-1
1625,320,647.83,354.31,21.34,51.75,0.2659,1,-1,-1
1626,254,498.96,278.76,17.39,41.05,0.6968,1,-1,-1
1626,256,685.27,323.85,20.81,48.67,0.6415,1,-1,-1
1626,258,1007.54,295.14,21.99,49.89,0.6234,1,-1,-1
1626,255,641.30,356.58,24.00,55.51,0.5784,1,-1,-1
1626,282,885.71,174.30,12.56,29.04,0.5804,1,-1,-1
1626,309,1825.41,179.49,13.79,28.17,0.3831,1,-1,-1
1626,275,804.72,170.58,12.17,26.93,0.6379,1,-1,-1
1626,316,1242.79,217.02,16.13,34.82,0.5312,1,-1,-1
1626,317,1193.33,115.93,8.06,15.02,0.3840,1,-1,-1
1626,318,814.98,169.95,11.36,26.29,0.5765,1,-1,-1
1626,320,646.55,355.03,21.83,52.48,0.3260,1,-1,-1
1627,254,499.36,278.44,17.65,42.06,0.7318,1,-1,-1
1627,256,686.16,324.57,20.65,48.33,0.5823,1,-1,-1
1627,258,1007.93,295.02,22.00,49.74,0.6540,1,-1,-1
1627,255,641.12,355.78,24.69,56.37,0.6142,1,-1,-1
1627,282,885.81,174.35,12.55,29.15,0.5842,1,-1,-1
1627,309,1825.06,179.03,13.94,28.55,0.4064,1,-1,-1
1627,275,805.08,170.42,12.25,27.07,0.6487,1,-1,-1
1627,316,1242.66,217.25,16.20,35.05,0.5361,1,-1,-1
1627,317,1193.36,116.19,7.92,14.67,0.3720,1,-1,-1
1627,318,815.19,169.88,11.33,26.33,0.5823,1,-1,-1
1628,254,500.18,278.08,17.75,42.79,0.7379,1,-1,-1
1628,256,686.89,323.81,21.05,49.54,0.5574,1,-1,-1
1628,258,1008.30,294.92,22.39,50.25,0.6575,1,-1,-1
1628,255,641.43,355.68,25.32,56.52,0.6522,1,-1,-1
1628,282,885.89,174.38,12.50,29.12,0.5842,1,-1,-1
1628,309,1825.10,178.85,13.90,28.58,0.2674,1,-1,-1
1628,275,805.42,170.28,12.11,26.76,0.6105,1,-1,-1
1628,316,1242.83,217.01,16.16,35.00,0.5176,1,-1,-1
1628,317,1193.41,116.37,7.86,14.49,0.3730,1,-1,-1
1628,318,814.84,169.77,11.49,26.68,0.4922,1,-1,-1
1629,254,501.46,277.97,17.88,43.37,0.7272,1,-1,-1
1629,256,687.38,323.68,20.98,49.63,0.6289,1,-1,-1
1629,258,1008.69,294.77,22.66,50.30,0.6610,1,-1,-1
1629,255,640.88,355.79,25.80,56.56,0.6610,1,-1,-1
1629,282,885.96,174.43,12.45,29.11,0.5631,1,-1,-1
1629,309,1824.57,178.53,13.93,28.68,0.3407,1,-1,-1
1629,275,805.94,170.22,12.13,26.74,0.5993,1,-1,-1
1629,316,1242.93,217.19,16.16,34.88,0.5263,1,-1,-1
1629,317,1193.36,116.41,7.90,14.51,0.3905,1,-1,-1
1629,318,813.83,169.59,11.73,26.89,0.4552,1,-1,-1
1630,254,502.78,277.64,18.39,44.22,0.7256,1,-1,-1
1630,256,687.99,323.60,20.82,49.29,0.6575,1,-1,-1
1630,258,1008.68,294.89,22.84,50.16,0.6843,1,-1,-1
1630,255,640.19,355.35,26.53,56.83,0.5917,1,-1,-1
1630,282,886.00,174.57,12.41,29.11,0.5670,1,-1,-1
1630,309,1824.32,178.60,13.80,28.43,0.2458,1,-1,-1
1630,275,806.30,170.29,12.12,26.78,0.5708,1,-1,-1
1630,316,1243.17,217.08,16.18,34.91,0.5341,1,-1,-1
1630,317,1193.43,116.27,7.97,14.58,0.3970,1,-1,-1
1630,318,813.52,169.56,11.93,27.13,0.4707,1,-1,-1
1631,254,503.87,277.81,18.59,44.24,0.7162,1,-1,-1
1631,256,688.79,323.59,20.99,49.60,0.6067,1,-1,-1
1631,258,1009.95,294.88,23.14,50.45,0.6514,1,-1,-1
1631,255,637.18,356.24,27.00,56.75,0.6197,1,-1,-1
1631,282,885.99,174.71,12.35,29.01,0.5554,1,-1,-1
1631,309,1824.16,179.20,13.50,27.78,0.4932,1,-1,-1
1631,275,806.75,170.35,11.87,26.29,0.5487,1,-1,-1
1631,316,1243.53,217.21,16.17,34.87,0.5917,1,-1,-1
1631,317,1193.43,116.33,8.02,14.64,0.4254,1,-1,-1
1631,318,813.40,169.60,11.94,26.91,0.4698,1,-1,-1
1632,254,505.06,277.86,19.03,44.46,0.7178,1,-1,-1
1632,256,690.40,324.11,21.22,49.61,0.6540,1,-1,-1
1632,258,1011.71,295.00,23.28,50.52,0.6792,1,-1,-1
1632,255,634.95,356.83,27.45,56.74,0.5727,1,-1,-1
1632,282,886.05,174.88,12.21,28.68,0.5341,1,-1,-1
1632,309,1823.68,179.48,13.49,27.70,0.5020,1,-1,-1
1632,275,807.20,170.21,11.61,25.74,0.5516,1,-1,-1
1632,316,1242.97,217.11,16.65,35.85,0.5804,1,-1,-1
1632,317,1193.39,116.25,8.11,14.77,0.4206,1,-1,-1
1632,318,813.37,169.58,11.88,26.41,0.4805,1,-1,-1
1632,320,631.22,355.11,23.68,58.01,0.4727,1,-1,-1
1633,254,505.34,277.78,19.33,44.39,0.7202,1,-1,-1
1633,256,691.56,323.74,21.93,50.59,0.6505,1,-1,-1
1633,258,1012.33,295.18,23.80,50.73,0.7001,1,-1,-1
1633,255,632.81,357.07,27.40,56.22,0.5842,1,-1,-1
1633,282,886.07,174.88,12.28,28.86,0.4475,1,-1,-1
1633,309,1824.03,180.62,13.06,26.88,0.4785,1,-1,-1
1633,275,807.62,170.03,11.60,25.67,0.5898,1,-1,-1
1633,316,1242.81,217.19,16.91,36.25,0.6105,1,-1,-1
1633,317,1193.38,116.28,8.19,14.91,0.4083,1,-1,-1
1633,318,812.60,169.47,12.16,26.35,0.5215,1,-1,-1
1634,254,505.92,278.08,19.49,44.05,0.7356,1,-1,-1
1634,256,692.86,324.13,22.52,50.86,0.6766,1,-1,-1
1634,258,1013.25,295.37,24.11,50.64,0.7210,1,-1,-1
1634,255,630.18,356.19,27.32,56.28,0.6234,1,-1,-1
1634,282,886.04,174.83,12.45,29.23,0.4196,1,-1,-1
1634,309,1824.10,181.11,12.99,26.89,0.4244,1,-1,-1
1634,275,807.77,169.84,11.73,26.02,0.6067,1,-1,-1
1634,316,1242.63,217.11,17.20,36.64,0.5936,1,-1,-1
1634,317,1193.38,116.39,8.29,15.05,0.3675,1,-1,-1
1634,318,812.89,169.34,12.47,26.76,0.5516,1,-1,-1
1635,254,506.30,278.04,19.73,44.13,0.7090,1,-1,-1
1635,256,693.63,324.47,22.87,50.52,0.6469,1,-1,-1
1635,258,1014.90,295.49,24.19,50.56,0.7394,1,-1,-1
1635,255,628.23,356.44,27.02,55.86,0.6575,1,-1,-1
1635,282,886.02,175.00,12.41,29.09,0.3603,1,-1,-1
1635,309,1823.24,180.86,13.21,27.26,0.4951,1,-1,-1
1635,275,808.02,169.77,11.73,25.99,0.6049,1,-1,-1
1635,316,1242.79,217.19,17.36,36.63,0.6160,1,-1,-1
1635,317,1193.20,116.52,8.55,15.52,0.3277,1,-1,-1
1635,318,812.91,169.47,12.63,26.82,0.5438,1,-1,-1
1636,254,506.96,278.15,19.51,43.65,0.7138,1,-1,-1
1636,256,694.06,324.07,23.21,50.42,0.6706,1,-1,-1
1636,258,1016.44,295.78,23.94,50.14,0.7225,1,-1,-1
1636,255,626.68,355.77,27.07,56.54,0.6628,1,-1,-1
1636,282,885.99,175.08,12.44,29.08,0.3666,1,-1,-1
1636,309,1822.80,180.67,13.19,27.14,0.5088,1,-1,-1
1636,275,808.13,169.85,11.62,25.71,0.5993,1,-1,-1
1636,316,1242.79,217.32,17.46,36.49,0.6123,1,-1,-1
1636,317,1193.17,116.39,8.79,15.99,0.2999,1,-1,-1
1636,318,813.29,169.53,12.67,26.65,0.5554,1,-1,-1
1637,254,508.04,278.46,18.95,42.51,0.7106,1,-1,-1
1637,256,694.48,323.69,23.67,50.67,0.6654,1,-1,-1
1637,258,1017.15,295.51,23.97,50.33,0.7394,1,-1,-1
1637,255,625.73,354.91,27.38,57.73,0.6540,1,-1,-1
1637,282,886.05,175.09,12.35,28.78,0.3346,1,-1,-1
1637,309,1822.38,180.71,13.14,27.13,0.3840,1,-1,-1
1637,275,808.26,170.10,11.51,25.35,0.5955,1,-1,-1
1637,316,1242.97,217.16,17.72,36.81,0.6067,1,-1,-1
1637,317,1193.08,116.44,8.87,16.16,0.2830,1,-1,-1
1637,318,814.06,169.87,12.53,26.13,0.5467,1,-1,-1
1638,254,509.41,278.39,18.25,41.19,0.7042,1,-1,-1
1638,256,695.31,323.79,23.69,50.14,0.6671,1,-1,-1
1638,258,1017.67,295.66,23.76,50.15,0.7178,1,-1,-1
1638,255,625.39,354.49,27.17,57.78,0.6433,1,-1,-1
1638,282,886.16,175.21,12.20,28.39,0.3576,1,-1,-1
1638,309,1822.29,181.19,12.97,26.76,0.4854,1,-1,-1
1638,275,808.41,170.29,11.47,25.19,0.5936,1,-1,-1
1638,316,1243.05,217.10,18.03,37.23,0.5525,1,-1,-1
1638,317,1193.14,116.54,8.79,16.04,0.2878,1,-1,-1
1638,318,814.90,170.13,12.37,25.68,0.5351,1,-1,-1
1639,254,510.78,278.09,17.72,40.46,0.7114,1,-1,-1
1639,256,696.20,323.81,23.64,49.89,0.6531,1,-1,-1
1639,258,1018.17,295.87,23.49,50.01,0.7017,1,-1,-1
1639,255,624.02,354.75,26.43,57.01,0.6307,1,-1,-1
1639,282,886.21,175.25,12.14,28.20,0.3355,1,-1,-1
1639,309,1822.26,181.69,12.91,26.55,0.4610,1,-1,-1
1639,275,808.66,170.39,11.61,25.34,0.5804,1,-1,-1
1639,316,1243.39,217.43,18.22,37.42,0.5302,1,-1,-1
1639,317,1193.11,116.69,8.73,15.94,0.2480,1,-1,-1
1639,318,813.69,170.27,12.72,25.88,0.5215,1,-1,-1
1640,254,511.98,278.05,17.48,40.30,0.6918,1,-1,-1
1640,256,696.55,323.70,23.28,49.29,0.6876,1,-1,-1
1640,258,1018.73,295.64,23.45,50.46,0.6680,1,-1,-1
1640,255,623.15,354.98,25.65,56.60,0.6558,1,-1,-1
1640,282,886.22,175.28,12.08,28.01,0.3558,1,-1,-1
1640,309,1822.79,182.50,12.80,26.35,0.4610,1,-1,-1
1640,275,809.03,170.56,11.61,25.15,0.5746,1,-1,-1
1640,316,1243.69,217.72,18.38,37.78,0.5593,1,-1,-1
1640,317,1193.09,116.88,8.65,15.77,0.2063,1,-1,-1
1640,318,812.39,170.44,12.98,25.82,0.5020,1,-1,-1
1640,322,629.59,352.68,28.95,58.36,0.4562,1,-1,-1
1641,254,512.92,277.53,17.87,41.77,0.6851,1,-1,-1
1641,256,697.10,324.42,23.60,50.52,0.6637,1,-1,-1
1641,258,1019.25,295.09,23.39,50.44,0.6197,1,-1,-1
1641,255,621.95,355.67,25.48,56.99,0.6505,1,-1,-1
1641,282,886.44,175.35,12.00,27.80,0.2295,1,-1,-1
1641,309,1822.62,183.40,12.36,25.64,0.2561,1,-1,-1
1641,275,809.24,170.96,11.61,25.21,0.5784,1,-1,-1
1641,316,1244.24,217.44,18.17,37.35,0.5039,1,-1,-1
1641,317,1193.26,116.90,8.67,15.78,0.3531,1,-1,-1
1641,318,811.71,170.77,12.97,25.67,0.4426,1,-1,-1
1641,322,630.90,352.59,28.92,58.42,0.4455,1,-1,-1
1642,254,514.49,276.95,18.24,42.99,0.6215,1,-1,-1
1642,256,697.88,324.60,23.50,50.78,0.6715,1,-1,-1
1642,258,1020.01,295.43,23.00,49.82,0.6289,1,-1,-1
1642,255,621.25,355.10,25.78,58.33,0.6558,1,-1,-1
1642,282,886.53,175.55,12.00,27.78,0.2309,1,-1,-1
1642,309,1822.25,183.82,12.11,25.29,0.2436,1,-1,-1
1642,275,809.44,171.24,11.56,25.10,0.5765,1,-1,-1
1642,316,1244.77,217.38,17.82,36.60,0.4932,1,-1,-1
1642,317,1193.28,117.02,8.80,16.01,0.3684,1,-1,-1
1642,318,811.40,170.97,12.95,25.59,0.4225,1,-1,-1
1642,322,630.72,351.77,29.24,59.23,0.4766,1,-1,-1
1643,254,515.84,276.41,18.72,44.54,0.6732,1,-1,-1
1643,256,698.65,324.55,23.03,50.46,0.6732,1,-1,-1
1643,258,1020.46,295.35,22.95,49.85,0.6343,1,-1,-1
1643,255,620.28,355.85,25.70,58.58,0.6732,1,-1,-1
1643,282,886.58,175.99,12.10,28.06,0.2018,1,-1,-1
1643,309,1821.71,184.26,11.84,24.79,0.3208,1,-1,-1
1643,275,809.64,171.47,11.45,24.84,0.5477,1,-1,-1
1643,316,1245.13,217.38,17.54,35.92,0.5020,1,-1,-1
1643,317,1193.28,117.13,8.94,16.27,0.3821,1,-1,-1
1643,318,811.34,171.08,12.89,25.46,0.4359,1,-1,-1
1643,322,631.96,351.88,27.68,56.29,0.4130,1,-1,-1
1644,254,516.95,276.55,18.67,44.83,0.6800,1,-1,-1
1644,256,700.37,325.39,21.54,48.04,0.6469,1,-1,-1
1644,258,1020.85,295.22,23.05,50.17,0.6610,1,-1,-1
1644,255,619.36,357.50,25.11,57.53,0.6645,1,-1,-1
1644,282,886.62,176.59,12.28,28.61,0.2275,1,-1,-1
1644,309,1820.96,184.45,11.64,24.37,0.3007,1,-1,-1
1644,275,809.82,171.92,11.40,24.73,0.5496,1,-1,-1
1644,316,1245.54,217.79,17.37,35.49,0.5195,1,-1,-1
1644,317,1193.23,117.33,9.00,16.33,0.3594,1,-1,-1
1644,322,632.81,353.35,25.70,52.52,0.3320,1,-1,-1
1645,254,518.31,277.12,18.46,44.78,0.6505,1,-1,-1
1645,256,701.75,326.06,21.31,48.33,0.5860,1,-1,-1
1645,258,1020.90,295.76,23.01,50.10,0.6715,1,-1,-1
1645,255,618.44,357.95,24.72,57.13,0.6522,1,-1,-1
1645,282,886.79,177.14,12.22,28.60,0.3460,1,-1,-1
1645,309,1820.52,184.63,11.43,23.74,0.2806,1,-1,-1
1645,275,809.95,172.27,11.42,24.77,0.5351,1,-1,-1
1645,316,1245.71,218.36,17.44,35.59,0.5010,1,-1,-1
1645,317,1193.11,117.41,9.03,16.39,0.3775,1,-1,-1
1645,322,632.06,353.79,25.97,53.55,0.3363,1,-1,-1
1646,254,520.13,278.26,18.36,44.18,0.6487,1,-1,-1
1646,256,702.55,326.37,21.51,49.65,0.5823,1,-1,-1
1646,258,1020.99,296.33,23.11,50.13,0.6215,1,-1,-1
1646,255,617.38,358.90,24.20,56.76,0.6575,1,-1,-1
1646,282,886.87,177.91,12.11,28.49,0.3200,1,-1,-1
1646,309,1820.09,184.16,11.92,24.55,0.2697,1,-1,-1
1646,275,810.80,172.69,11.37,24.73,0.5185,1,-1,-1
1646,316,1245.90,219.04,17.34,35.33,0.4196,1,-1,-1
1646,317,1192.72,117.46,9.37,17.08,0.3989,1,-1,-1
1646,322,632.26,353.66,25.16,52.32,0.3381,1,-1,-1
1647,254,521.48,280.56,18.04,42.63,0.6834,1,-1,-1
1647,256,703.25,327.44,21.15,49.38,0.5078,1,-1,-1
1647,258,1020.91,297.77,22.97,49.25,0.5708,1,-1,-1
1647,255,616.78,361.02,23.80,56.19,0.6540,1,-1,-1
1647,282,886.95,178.54,11.91,28.09,0.2878,1,-1,-1
1647,309,1819.65,183.99,12.48,25.46,0.2886,1,-1,-1
1647,275,811.31,173.12,11.22,24.50,0.5176,1,-1,-1
1647,316,1245.76,219.40,17.51,35.57,0.4581,1,-1,-1
1647,317,1192.53,117.62,9.67,17.67,0.4177,1,-1,-1
1647,322,629.87,354.80,26.48,56.05,0.3040,1,-1,-1
1648,254,522.34,281.77,18.58,42.89,0.6984,1,-1,-1
1648,256,704.06,328.47,21.05,49.31,0.4111,1,-1,-1
1648,258,1022.65,298.83,23.31,49.82,0.5860,1,-1,-1
1648,255,616.01,362.18,24.04,56.69,0.6105,1,-1,-1
1648,282,886.81,179.24,11.85,28.09,0.1339,1,-1,-1
1648,309,1819.76,183.51,13.40,26.91,0.2173,1,-1,-1
1648,275,811.58,173.36,11.23,24.53,0.4893,1,-1,-1
1648,316,1245.59,219.11,17.94,36.39,0.5137,1,-1,-1
1648,317,1192.54,117.86,9.85,18.01,0.4017,1,-1,-1
1648,322,628.29,356.21,26.77,57.64,0.2644,1,-1,-1
1649,254,523.31,283.11,19.03,43.01,0.7303,1,-1,-1
1649,256,705.66,329.71,21.24,49.27,0.6935,1,-1,-1
1649,258,1024.05,300.48,23.33,49.58,0.6325,1,-1,-1
1649,255,615.01,362.71,24.34,57.66,0.6179,1,-1,-1
1649,282,886.84,179.67,11.82,28.08,0.1551,1,-1,-1
1649,309,1819.33,184.27,13.46,26.92,0.2576,1,-1,-1
1649,275,812.00,173.49,11.37,24.78,0.5117,1,-1,-1
1649,316,1245.65,219.41,18.07,36.71,0.5010,1,-1,-1
1649,317,1192.68,117.90,10.05,18.31,0.4140,1,-1,-1
1649,322,627.70,357.73,25.12,54.74,0.4168,1,-1,-1
1650,254,524.05,284.32,18.98,42.54,0.7469,1,-1,-1
1650,256,706.72,331.08,21.73,49.55,0.7098,1,-1,-1
1650,258,1025.07,301.88,23.58,49.33,0.6610,1,-1,-1
1650,255,614.06,362.87,24.91,59.36,0.5898,1,-1,-1
1650,282,887.10,180.02,11.91,28.29,0.1999,1,-1,-1
1650,309,1819.10,184.56,13.83,27.51,0.1476,1,-1,-1
1650,275,812.55,173.20,12.07,26.11,0.4971,1,-1,-1
1650,316,1245.89,220.42,17.85,36.19,0.5039,1,-1,-1
1650,317,1192.61,117.91,10.22,18.60,0.4216,1,-1,-1
1650,322,627.69,358.62,22.89,50.41,0.4951,1,-1,-1
1651,254,524.49,284.73,19.09,42.82,0.7082,1,-1,-1
1651,256,708.21,332.46,22.28,49.90,0.7272,1,-1,-1
1651,258,1025.39,303.44,23.72,48.70,0.6522,1,-1,-1
1651,255,613.02,364.27,25.17,60.32,0.6289,1,-1,-1
1651,282,886.97,180.34,12.28,29.13,0.2458,1,-1,-1
1651,275,812.82,173.64,12.41,26.66,0.5631,1,-1,-1
1651,316,1245.91,220.85,18.11,36.89,0.4717,1,-1,-1
1651,317,1192.71,118.07,10.25,18.58,0.4054,1,-1,-1
1651,322,626.73,360.03,22.68,50.61,0.3886,1,-1,-1
1652,254,525.74,285.39,19.10,42.76,0.7364,1,-1,-1
1652,256,709.00,333.46,22.97,50.24,0.7050,1,-1,-1
1652,258,1026.55,304.69,23.79,48.63,0.6732,1,-1,-1
1652,255,612.32,367.54,24.12,57.77,0.6469,1,-1,-1
1652,282,886.70,180.23,12.76,29.97,0.1613,1,-1,-1
1652,275,812.56,174.39,12.47,26.72,0.5631,1,-1,-1
1652,316,1245.68,222.31,18.09,37.10,0.3684,1,-1,-1
1652,317,1192.59,118.16,10.14,18.45,0.3702,1,-1,-1
1652,322,625.61,361.14,22.84,51.62,0.3425,1,-1,-1
1653,254,526.44,285.82,19.13,42.84,0.6487,1,-1,-1
1653,256,710.33,335.27,23.64,50.85,0.7033,1,-1,-1
1653,258,1027.62,305.76,24.57,50.03,0.7017,1,-1,-1
1653,255,611.57,369.96,23.48,56.34,0.6749,1,-1,-1
1653,282,886.70,180.35,12.88,29.93,0.1656,1,-1,-1
1653,275,812.42,175.07,12.43,26.50,0.5746,1,-1,-1
1653,316,1245.70,224.93,17.51,35.80,0.4168,1,-1,-1
1653,317,1192.46,118.59,9.95,18.16,0.3416,1,-1,-1
1653,322,624.79,362.77,23.21,53.20,0.3858,1,-1,-1
1654,254,527.57,287.66,18.90,42.54,0.6984,1,-1,-1
1654,256,711.39,336.88,24.36,51.45,0.7349,1,-1,-1
1654,258,1028.96,308.17,24.11,49.14,0.7042,1,-1,-1
1654,255,610.75,370.61,23.98,57.84,0.6749,1,-1,-1
1654,275,812.44,176.26,12.21,26.01,0.6105,1,-1,-1
1654,316,1245.88,226.43,17.21,34.92,0.4301,1,-1,-1
1654,317,1192.30,119.09,9.83,18.16,0.3407,1,-1,-1
1654,322,624.40,364.69,23.19,53.75,0.4273,1,-1,-1
1655,254,528.61,289.71,18.64,42.30,0.7130,1,-1,-1
1655,256,712.10,338.41,24.95,51.59,0.7287,1,-1,-1
1655,258,1030.15,310.25,23.64,48.19,0.6775,1,-1,-1
1655,255,609.66,372.52,23.64,57.47,0.6935,1,-1,-1
1655,275,812.64,177.80,11.58,24.59,0.6160,1,-1,-1
1655,316,1245.98,227.27,17.43,35.47,0.5117,1,-1,-1
1655,317,1192.68,120.37,9.28,17.24,0.2934,1,-1,-1
1655,322,623.14,366.45,23.89,56.26,0.3225,1,-1,-1
1656,254,530.48,292.10,17.73,40.47,0.7058,1,-1,-1
1656,256,712.20,339.73,25.61,52.34,0.7130,1,-1,-1
1656,258,1030.44,312.06,23.81,48.67,0.6654,1,-1,-1
1656,255,608.79,375.61,22.80,55.99,0.6663,1,-1,-1
1656,275,813.03,178.72,11.09,23.50,0.6234,1,-1,-1
1656,316,1246.37,228.45,17.37,35.20,0.5612,1,-1,-1
1656,317,1193.10,121.96,8.68,15.94,0.1778,1,-1,-1
1656,322,623.43,370.23,23.04,54.71,0.3766,1,-1,-1
1656,324,823.66,178.96,11.56,23.13,0.5574,1,-1,-1
1657,254,531.39,293.41,18.07,41.69,0.6935,1,-1,-1
1657,256,712.88,341.26,26.07,52.87,0.7001,1,-1,-1
1657,258,1031.23,312.97,24.18,49.99,0.6749,1,-1,-1
1657,255,608.76,377.51,21.65,53.48,0.6433,1,-1,-1
1657,275,814.07,178.90,11.57,24.11,0.5917,1,-1,-1
1657,316,1246.34,230.16,17.40,35.24,0.5185,1,-1,-1
1657,317,1193.37,122.83,8.74,15.93,0.1950,1,-1,-1
1657,322,623.51,373.02,22.33,52.88,0.5127,1,-1,-1
1657,324,823.62,179.24,11.94,23.92,0.4349,1,-1,-1
1657,325,485.85,201.10,14.25,36.29,0.5059,1,-1,-1
1658,254,532.34,295.58,17.94,41.76,0.7178,1,-1,-1
1658,256,713.28,343.13,25.99,52.41,0.7033,1,-1,-1
1658,258,1032.53,314.53,23.75,49.59,0.6179,1,-1,-1
1658,255,607.12,378.80,22.56,55.83,0.6379,1,-1,-1
1658,275,814.09,178.84,12.68,26.42,0.5974,1,-1,-1
1658,316,1246.50,231.36,17.24,34.79,0.6086,1,-1,-1
1658,317,1193.33,123.22,9.06,16.48,0.2926,1,-1,-1
1658,322,621.96,374.54,21.33,50.83,0.5049,1,-1,-1
1658,324,823.61,179.21,12.84,25.80,0.3821,1,-1,-1
1658,325,485.91,203.59,14.06,35.77,0.5574,1,-1,-1
1659,254,534.09,298.15,17.80,41.29,0.7287,1,-1,-1
1659,256,713.64,345.56,26.12,52.56,0.6749,1,-1,-1
1659,258,1034.01,316.44,23.19,49.03,0.6343,1,-1,-1
1659,255,606.50,381.58,22.97,57.09,0.6575,1,-1,-1
1659,275,813.97,179.23,13.24,27.79,0.6049,1,-1,-1
1659,316,1246.24,232.10,17.53,35.48,0.5794,1,-1,-1
1659,317,1193.32,123.60,9.81,17.89,0.2830,1,-1,-1
1659,322,621.23,377.24,20.08,48.13,0.5107,1,-1,-1
1659,324,823.67,179.65,13.14,26.49,0.3942,1,-1,-1
1659,325,486.00,205.83,13.96,35.47,0.5804,1,-1,-1
1660,254,536.00,299.89,18.06,41.71,0.7484,1,-1,-1
1660,256,714.63,348.39,25.93,52.39,0.6487,1,-1,-1
1660,258,1034.32,317.91,23.16,49.46,0.6558,1,-1,-1
1660,255,605.82,384.84,22.72,56.35,0.6558,1,-1,-1
1660,275,814.67,181.14,12.86,27.16,0.5860,1,-1,-1
1660,316,1246.29,233.16,17.38,35.03,0.5804,1,-1,-1
1660,317,1193.15,124.38,9.74,17.85,0.3739,1,-1,-1
1660,322,620.62,379.50,20.54,48.96,0.4149,1,-1,-1
1660,324,824.16,181.44,12.70,25.82,0.3812,1,-1,-1
1660,325,486.06,207.39,14.16,35.90,0.5842,1,-1,-1
1661,254,537.61,302.27,18.52,42.32,0.7712,1,-1,-1
1661,256,715.38,351.18,25.48,51.76,0.6379,1,-1,-1
1661,258,1034.64,320.42,22.78,49.06,0.5554,1,-1,-1
1661,255,605.83,386.79,23.29,56.59,0.5964,1,-1,-1
1661,275,815.92,182.92,12.25,25.75,0.5176,1,-1,-1
1661,316,1245.93,235.57,17.57,35.71,0.4873,1,-1,-1
1661,317,1193.13,125.12,9.53,17.58,0.3217,1,-1,-1
1661,322,618.84,382.95,20.91,49.68,0.3268,1,-1,-1
1661,324,824.28,182.42,12.30,25.08,0.2728,1,-1,-1
1661,325,486.02,209.21,14.02,35.36,0.6030,1,-1,-1
1662,254,539.20,304.02,18.75,42.32,0.7599,1,-1,-1
1662,256,716.76,353.99,25.12,51.64,0.6800,1,-1,-1
1662,258,1034.92,322.78,22.64,49.04,0.6086,1,-1,-1
1662,255,604.46,390.07,23.65,57.37,0.5955,1,-1,-1
1662,275,816.62,184.24,12.00,25.07,0.5088,1,-1,-1
1662,316,1246.29,237.81,17.25,35.19,0.5351,1,-1,-1
1662,317,1193.01,125.86,9.33,17.32,0.4436,1,-1,-1
1662,322,617.07,385.96,20.08,47.83,0.4130,1,-1,-1
1662,324,824.32,183.07,12.30,25.11,0.3049,1,-1,-1
1662,325,486.50,210.33,13.96,34.84,0.5946,1,-1,-1
1663,254,539.81,306.00,19.27,43.09,0.7670,1,-1,-1
1663,256,717.41,356.49,24.92,51.85,0.6918,1,-1,-1
1663,258,1035.27,324.75,22.81,49.51,0.5390,1,-1,-1
1663,255,604.27,392.75,24.07,57.31,0.6270,1,-1,-1
1663,275,816.81,184.78,12.19,25.41,0.4581,1,-1,-1
1663,316,1246.05,239.58,17.29,35.20,0.4746,1,-1,-1
1663,317,1192.85,126.47,9.27,17.30,0.4092,1,-1,-1
1663,322,615.80,387.84,19.47,46.47,0.3739,1,-1,-1
1663,324,825.27,183.22,12.47,25.73,0.3157,1,-1,-1
1663,325,486.20,211.81,14.06,34.89,0.6002,1,-1,-1
1664,254,540.40,309.67,19.03,41.86,0.7670,1,-1,-1
1664,256,717.40,358.40,25.26,53.15,0.6800,1,-1,-1
1664,258,1037.54,328.25,21.74,47.59,0.5727,1,-1,-1
1664,255,603.44,396.29,24.71,57.73,0.6325,1,-1,-1
1664,275,817.65,184.68,13.06,27.02,0.4349,1,-1,-1
1664,316,1246.37,241.18,17.40,35.68,0.3486,1,-1,-1
1664,317,1193.03,127.55,8.97,16.76,0.3684,1,-1,-1
1664,322,614.07,389.45,21.37,51.50,0.2950,1,-1,-1
1664,324,824.21,183.02,13.39,27.68,0.3183,1,-1,-1
1664,325,485.90,214.12,14.14,34.96,0.5370,1,-1,-1
1665,254,541.19,312.44,18.72,40.53,0.7318,1,-1,-1
1665,256,719.02,361.54,24.56,52.71,0.6379,1,-1,-1
1665,258,1038.19,330.49,22.04,48.45,0.5708,1,-1,-1
1665,255,602.93,398.75,25.51,58.14,0.5889,1,-1,-1
1665,275,818.09,185.76,13.04,27.04,0.4426,1,-1,-1
1665,316,1246.29,243.20,17.20,35.20,0.4552,1,-1,-1
1665,317,1193.08,128.47,9.12,17.07,0.4092,1,-1,-1
1665,322,612.86,394.26,23.15,57.00,0.3775,1,-1,-1
1665,324,824.84,184.49,13.37,27.89,0.2958,1,-1,-1
1665,325,486.01,215.50,14.17,34.89,0.5390,1,-1,-1
1666,254,541.63,314.59,18.67,39.99,0.7256,1,-1,-1
1666,256,720.32,363.92,24.42,53.48,0.5993,1,-1,-1
1666,258,1038.95,333.76,21.85,48.34,0.5612,1,-1,-1
1666,255,602.17,402.44,25.96,58.32,0.6197,1,-1,-1
1666,275,818.32,187.85,12.54,26.07,0.4698,1,-1,-1
1666,316,1246.26,244.95,16.89,34.28,0.4484,1,-1,-1
1666,317,1193.00,129.40,9.24,17.26,0.3923,1,-1,-1
1666,322,611.79,396.50,23.78,59.49,0.4330,1,-1,-1
1666,324,825.57,187.73,12.53,26.36,0.2282,1,-1,-1
1666,325,486.20,217.07,14.22,34.79,0.5842,1,-1,-1
1667,254,542.49,316.48,18.86,40.44,0.6817,1,-1,-1
1667,256,720.84,366.59,24.05,53.37,0.5429,1,-1,-1
1667,258,1038.71,335.76,22.71,50.31,0.6379,1,-1,-1
1667,255,601.40,403.84,27.00,59.83,0.6522,1,-1,-1
1667,275,818.31,188.92,12.49,25.97,0.3540,1,-1,-1
1667,316,1246.32,245.81,17.76,36.33,0.4562,1,-1,-1
1667,317,1192.92,129.91,9.53,17.89,0.4571,1,-1,-1
1667,322,608.94,399.58,24.41,60.99,0.4932,1,-1,-1
1667,324,825.83,189.45,12.22,25.92,0.2487,1,-1,-1
1667,325,486.17,218.46,14.62,35.69,0.5784,1,-1,-1
1668,254,543.65,317.89,18.88,40.79,0.7287,1,-1,-1
1668,256,722.58,370.26,23.79,52.65,0.5823,1,-1,-1
1668,258,1039.04,339.12,22.38,48.93,0.6261,1,-1,-1
1668,255,600.79,406.19,27.53,60.23,0.5765,1,-1,-1
1668,275,818.09,189.55,13.06,27.29,0.5146,1,-1,-1
1668,316,1245.72,248.79,17.45,35.68,0.5215,1,-1,-1
1668,317,1193.19,130.50,9.57,18.00,0.4912,1,-1,-1
1668,322,608.85,401.96,24.14,60.92,0.5205,1,-1,-1
1668,324,825.96,190.38,12.66,27.13,0.4007,1,-1,-1
1668,325,486.62,220.79,14.30,34.75,0.4340,1,-1,-1
1669,254,544.83,320.31,19.00,41.50,0.7424,1,-1,-1
1669,256,724.40,373.10,23.52,51.79,0.6540,1,-1,-1
1669,258,1039.70,342.32,22.86,48.72,0.6926,1,-1,-1
1669,255,600.40,412.90,25.64,55.19,0.6086,1,-1,-1
1669,275,817.92,190.81,13.41,28.37,0.5234,1,-1,-1
1669,316,1245.64,250.57,17.36,35.31,0.5860,1,-1,-1
1669,317,1193.14,131.01,9.50,18.00,0.4844,1,-1,-1
1669,322,609.83,405.70,22.43,57.19,0.5506,1,-1,-1
1669,324,826.34,192.05,12.74,27.87,0.4007,1,-1,-1
1669,325,486.82,222.20,14.15,34.22,0.5361,1,-1,-1
1670,254,546.35,322.40,18.47,40.94,0.7571,1,-1,-1
1670,256,726.03,376.18,23.38,51.63,0.5936,1,-1,-1
1670,258,1040.73,344.97,23.24,48.60,0.7033,1,-1,-1
1670,255,599.46,417.15,25.34,53.96,0.6307,1,-1,-1
1670,275,818.20,193.76,12.33,26.41,0.4513,1,-1,-1
1670,316,1245.89,252.33,17.73,35.80,0.6105,1,-1,-1
1670,317,1193.32,132.07,9.04,17.18,0.4465,1,-1,-1
1670,322,609.41,408.18,22.89,59.01,0.4893,1,-1,-1
1670,324,827.52,193.86,11.99,26.73,0.3277,1,-1,-1
1670,325,486.88,224.09,13.77,33.16,0.5574,1,-1,-1
1671,254,548.21,324.68,18.20,40.99,0.7210,1,-1,-1
1671,256,726.91,379.39,23.31,51.23,0.5332,1,-1,-1
1671,258,1041.46,347.71,23.62,48.44,0.6610,1,-1,-1
1671,255,598.08,419.58,26.14,55.41,0.6715,1,-1,-1
1671,275,818.59,196.01,11.78,25.51,0.4311,1,-1,-1
1671,316,1246.32,254.60,17.73,35.90,0.5487,1,-1,-1
1671,317,1193.52,133.48,8.54,16.25,0.3495,1,-1,-1
1671,322,610.09,411.86,22.54,58.49,0.5708,1,-1,-1
1671,324,826.94,194.99,11.57,25.96,0.2006,1,-1,-1
1671,325,487.07,226.35,13.43,32.12,0.4484,1,-1,-1
1671,326,886.98,202.98,14.85,31.02,0.4893,1,-1,-1
1672,254,549.63,326.87,18.08,41.24,0.7394,1,-1,-1
1672,256,728.16,382.53,23.78,51.54,0.6379,1,-1,-1
1672,258,1042.30,350.70,23.85,48.17,0.5506,1,-1,-1
1672,255,594.60,421.82,25.56,55.50,0.6680,1,-1,-1
1672,275,818.74,196.56,12.11,26.49,0.3803,1,-1,-1
1672,316,1246.46,256.04,17.89,36.04,0.5487,1,-1,-1
1672,317,1193.78,134.43,8.55,16.24,0.3049,1,-1,-1
1672,322,609.91,414.75,21.82,56.53,0.6469,1,-1,-1
1672,324,826.72,195.33,11.69,26.47,0.2408,1,-1,-1
1672,325,487.18,227.39,13.62,32.57,0.3914,1,-1,-1
1672,326,887.02,204.44,14.85,31.04,0.2561,1,-1,-1
1673,254,551.22,329.43,17.79,40.82,0.7162,1,-1,-1
1673,256,728.78,384.83,24.01,51.26,0.7033,1,-1,-1
1673,258,1042.81,354.12,23.45,46.68,0.5670,1,-1,-1
1673,255,593.73,424.81,25.05,55.35,0.6868,1,-1,-1
1673,275,819.29,196.67,12.38,27.30,0.4659,1,-1,-1
1673,316,1246.26,256.91,18.38,37.04,0.5195,1,-1,-1
1673,317,1193.86,135.22,8.82,16.68,0.3739,1,-1,-1
1673,322,609.92,418.53,21.08,54.57,0.6011,1,-1,-1
1673,324,826.80,195.75,12.02,27.37,0.3785,1,-1,-1
1673,325,487.39,228.32,13.84,33.17,0.4678,1,-1,-1
1673,326,887.22,205.82,14.67,30.66,0.3702,1,-1,-1
1674,254,552.92,332.25,17.58,40.46,0.7513,1,-1,-1
1674,256,729.57,387.56,24.14,50.83,0.6901,1,-1,-1
1674,258,1043.81,356.00,23.73,47.16,0.5332,1,-1,-1
1674,255,593.37,428.39,24.37,54.59,0.6935,1,-1,-1
1674,275,819.48,196.98,12.52,27.96,0.4273,1,-1,-1
1674,316,1246.24,259.62,18.34,37.04,0.5332,1,-1,-1
1674,317,1193.82,136.14,9.03,17.07,0.4064,1,-1,-1
1674,322,609.76,420.54,21.71,55.86,0.6067,1,-1,-1
1674,324,827.88,196.08,12.27,28.51,0.3329,1,-1,-1
1674,325,487.38,229.92,14.04,33.71,0.5936,1,-1,-1
1674,326,887.15,206.78,14.58,30.50,0.3831,1,-1,-1
1675,254,554.15,334.21,17.71,40.87,0.7194,1,-1,-1
1675,256,731.03,390.75,24.03,49.86,0.6680,1,-1,-1
1675,258,1044.51,358.66,23.62,47.12,0.5409,1,-1,-1
1675,255,592.91,430.09,24.52,55.81,0.6397,1,-1,-1
1675,275,819.84,198.73,11.66,26.31,0.4149,1,-1,-1
1675,316,1246.86,261.98,17.81,35.84,0.5813,1,-1,-1
1675,317,1193.98,136.78,9.13,17.05,0.2689,1,-1,-1
1675,322,610.03,424.30,20.92,53.50,0.5689,1,-1,-1
1675,324,826.69,198.92,11.63,26.78,0.2886,1,-1,-1
1675,325,487.62,232.72,13.92,33.42,0.6289,1,-1,-1
1675,326,887.42,208.15,14.36,30.03,0.3895,1,-1,-1
1676,254,555.57,336.64,17.71,40.63,0.7178,1,-1,-1
1676,256,731.89,394.22,23.82,49.14,0.6505,1,-1,-1
1676,258,1045.17,361.11,23.77,47.53,0.5708,1,-1,-1
1676,255,592.54,433.57,24.24,55.89,0.6397,1,-1,-1
1676,275,820.62,200.87,10.95,24.82,0.2351,1,-1,-1
1676,316,1246.99,264.42,17.23,34.14,0.5612,1,-1,-1
1676,317,1193.89,137.64,8.92,16.53,0.3174,1,-1,-1
1676,322,608.82,427.82,21.03,53.77,0.5293,1,-1,-1
1676,324,826.03,201.47,11.11,25.11,0.1505,1,-1,-1
1676,325,487.78,234.57,13.92,33.37,0.6343,1,-1,-1
1676,326,887.65,210.19,13.92,29.03,0.1700,1,-1,-1
1676,327,1822.51,214.76,10.14,28.63,0.5322,1,-1,-1
1676,328,1834.92,217.76,13.00,26.21,0.5448,1,-1,-1
1677,254,556.96,339.42,17.94,40.59,0.7295,1,-1,-1
1677,256,732.45,396.91,24.17,49.67,0.6469,1,-1,-1
1677,258,1047.74,364.47,23.08,47.12,0.4292,1,-1,-1
1677,255,592.41,436.54,23.69,55.33,0.6433,1,-1,-1
1677,275,820.96,201.94,11.16,25.36,0.1339,1,-1,-1
1677,316,1247.49,266.76,16.98,33.25,0.5059,1,-1,-1
1677,317,1193.70,139.14,8.70,16.01,0.3540,1,-1,-1
1677,322,607.02,430.88,21.45,55.26,0.4244,1,-1,-1
1677,324,825.17,203.02,11.42,25.40,0.1128,1,-1,-1
1677,325,487.81,236.09,13.84,33.04,0.5842,1,-1,-1
1677,326,887.84,213.63,13.59,28.12,0.1535,1,-1,-1
1677,327,1822.40,215.55,10.32,29.05,0.3478,1,-1,-1
1677,328,1834.34,218.69,13.33,26.88,0.4484,1,-1,-1
1677,329,1690.72,247.95,15.43,35.76,0.4717,1,-1,-1
1678,254,557.90,341.53,18.44,41.12,0.7372,1,-1,-1
1678,256,733.14,400.21,23.98,49.22,0.6067,1,-1,-1
1678,258,1049.19,366.90,22.12,45.83,0.4688,1,-1,-1
1678,255,591.63,438.53,24.12,56.94,0.6343,1,-1,-1
1678,275,821.22,202.71,11.72,26.67,0.3720,1,-1,-1
1678,316,1247.17,267.81,17.60,34.33,0.4815,1,-1,-1
1678,317,1193.56,140.54,8.52,15.50,0.2713,1,-1,-1
1678,322,605.52,433.57,20.72,53.49,0.4475,1,-1,-1
1678,324,824.32,203.45,12.29,26.89,0.3451,1,-1,-1
1678,325,487.46,236.28,14.35,34.20,0.6261,1,-1,-1
1678,326,887.06,214.13,14.39,29.59,0.2651,1,-1,-1
1678,327,1821.91,216.87,10.70,29.98,0.3858,1,-1,-1
1678,328,1833.90,219.38,13.87,27.99,0.4600,1,-1,-1
1678,329,1690.45,248.35,15.68,36.40,0.3998,1,-1,-1
1679,254,559.00,343.87,18.69,41.02,0.7476,1,-1,-1
1679,256,733.92,402.15,23.79,48.90,0.5302,1,-1,-1
1679,258,1050.83,369.40,21.50,45.33,0.3594,1,-1,-1
1679,255,591.10,440.53,24.64,58.87,0.6361,1,-1,-1
1679,275,821.78,204.60,11.52,26.15,0.2241,1,-1,-1
1679,316,1247.75,269.38,17.37,33.91,0.4600,1,-1,-1
1679,317,1193.36,141.31,9.00,16.27,0.3363,1,-1,-1
1679,322,604.53,436.47,18.54,46.79,0.2759,1,-1,-1
1679,324,824.04,204.49,12.41,26.92,0.2983,1,-1,-1
1679,325,487.67,237.01,14.36,34.55,0.5860,1,-1,-1
1679,326,886.93,215.43,14.69,30.09,0.2531,1,-1,-1
1679,327,1822.07,218.43,10.75,29.96,0.4737,1,-1,-1
1679,328,1834.35,220.47,13.93,28.20,0.5215,1,-1,-1
1679,329,1689.77,249.27,15.48,35.99,0.3858,1,-1,-1
1680,254,560.29,346.06,18.67,40.93,0.7527,1,-1,-1
1680,256,735.22,405.15,23.66,49.10,0.5302,1,-1,-1
1680,258,1047.65,373.59,20.61,44.18,0.4805,1,-1,-1
1680,255,591.47,443.04,24.54,58.95,0.6397,1,-1,-1
1680,275,822.18,206.74,11.21,25.32,0.1546,1,-1,-1
1680,316,1247.20,270.96,17.99,35.11,0.4301,1,-1,-1
1680,317,1193.04,141.62,9.57,17.34,0.3821,1,-1,-1
1680,322,602.11,439.84,20.91,53.85,0.2050,1,-1,-1
1680,324,823.57,206.24,12.45,26.67,0.2214,1,-1,-1
1680,325,487.75,237.87,14.42,34.75,0.4727,1,-1,-1
1680,326,886.88,216.50,14.95,30.63,0.1510,1,-1,-1
1680,327,1821.79,220.38,10.40,28.78,0.3478,1,-1,-1
1680,328,1834.52,221.84,13.67,27.82,0.4121,1,-1,-1
1680,329,1689.04,251.04,14.89,34.71,0.2546,1,-1,-1
1681,254,561.64,348.25,18.44,40.23,0.7318,1,-1,-1
1681,256,736.45,408.42,23.02,48.16,0.5458,1,-1,-1
1681,258,1046.46,375.75,20.46,44.76,0.4475,1,-1,-1
1681,255,591.99,444.28,25.00,60.00,0.6505,1,-1,-1
1681,275,822.23,208.16,11.28,25.39,0.2401,1,-1,-1
1681,316,1246.93,273.69,17.89,34.74,0.5127,1,-1,-1
1681,317,1193.28,141.91,9.93,18.04,0.3970,1,-1,-1
1681,322,600.21,442.61,22.40,58.53,0.2365,1,-1,-1
1681,324,823.59,207.32,12.90,27.12,0.4225,1,-1,-1
1681,325,487.42,239.45,14.98,36.21,0.5293,1,-1,-1
1681,326,887.00,217.63,15.12,31.01,0.3074,1,-1,-1
1681,327,1821.84,221.81,10.23,28.19,0.2736,1,-1,-1
1681,328,1834.34,223.13,13.36,27.41,0.3049,1,-1,-1
1681,329,1689.94,253.66,11.48,26.36,0.1587,1,-1,-1
1682,254,562.53,350.45,18.70,41.00,0.7287,1,-1,-1
1682,256,737.45,410.62,23.27,49.59,0.4102,1,-1,-1
1682,258,1048.70,377.29,21.41,46.43,0.5860,1,-1,-1
1682,255,591.65,446.02,25.78,62.07,0.6361,1,-1,-1
1682,275,822.02,209.03,11.98,27.03,0.2241,1,-1,-1
1682,316,1247.20,275.90,17.72,34.13,0.5322,1,-1,-1
1682,317,1193.24,142.24,10.03,18.30,0.4292,1,-1,-1
1682,322,598.44,445.08,23.12,61.01,0.1530,1,-1,-1
1682,324,823.87,207.69,13.97,28.89,0.4388,1,-1,-1
1682,325,487.57,241.59,14.85,35.94,0.5535,1,-1,-1
1682,326,887.15,219.30,14.81,30.32,0.2220,1,-1,-1
1682,327,1821.01,222.45,11.07,30.29,0.3905,1,-1,-1
1682,328,1833.33,224.35,13.96,28.69,0.3766,1,-1,-1
1682,329,1687.82,254.49,13.27,30.37,0.4216,1,-1,-1
1683,254,563.34,352.76,18.56,40.88,0.6817,1,-1,-1
1683,258,1050.39,378.89,21.58,46.38,0.4834,1,-1,-1
1683,255,590.71,449.06,26.23,62.98,0.6593,1,-1,-1
1683,275,822.07,210.79,11.98,27.03,0.2910,1,-1,-1
1683,316,1247.44,277.75,17.69,33.94,0.4630,1,-1,-1
1683,317,1193.10,142.97,9.73,17.74,0.3183,1,-1,-1
1683,324,823.81,208.93,14.23,29.14,0.5010,1,-1,-1
1683,325,487.84,244.09,14.47,34.99,0.5059,1,-1,-1
1683,326,887.52,221.91,14.23,29.01,0.2524,1,-1,-1
1683,327,1820.74,224.08,11.43,30.96,0.4630,1,-1,-1
1683,328,1833.04,225.78,14.08,28.84,0.4206,1,-1,-1
1683,329,1687.01,255.93,12.80,28.95,0.4378,1,-1,-1
1684,254,564.72,354.43,18.64,41.31,0.7114,1,-1,-1
1684,258,1051.42,381.84,21.56,46.11,0.4494,1,-1,-1
1684,255,590.41,451.11,27.03,64.52,0.7050,1,-1,-1
1684,275,822.47,212.60,11.74,26.16,0.1661,1,-1,-1
1684,316,1247.37,278.94,18.30,35.19,0.5448,1,-1,-1
1684,317,1193.09,143.68,9.41,17.23,0.3251,1,-1,-1
1684,324,824.36,211.60,13.34,27.05,0.5185,1,-1,-1
1684,325,488.21,245.99,14.28,34.45,0.5467,1,-1,-1
1684,326,887.41,224.34,13.72,27.84,0.2509,1,-1,-1
1684,327,1820.88,225.63,11.39,30.60,0.2659,1,-1,-1
1684,328,1832.61,227.16,14.12,28.90,0.1778,1,-1,-1
1684,329,1685.86,258.10,12.35,27.71,0.3812,1,-1,-1
1685,254,565.66,357.06,18.33,40.79,0.6817,1,-1,-1
1685,258,1052.46,384.23,21.93,46.62,0.4591,1,-1,-1
1685,255,590.08,453.79,27.27,64.86,0.6663,1,-1,-1
1685,275,822.84,214.90,11.39,24.88,0.1371,1,-1,-1
1685,316,1247.68,280.50,18.15,34.87,0.5689,1,-1,-1
1685,317,1192.82,144.62,9.36,17.32,0.3149,1,-1,-1
1685,324,824.90,214.10,12.61,25.25,0.5400,1,-1,-1
1685,325,488.30,247.98,14.01,33.65,0.5438,1,-1,-1
1685,326,887.57,225.25,13.99,28.39,0.3858,1,-1,-1
1685,327,1820.70,226.52,11.73,31.12,0.2193,1,-1,-1
1685,328,1831.65,227.24,14.85,30.32,0.2275,1,-1,-1
1685,329,1685.06,260.73,12.32,27.44,0.2697,1,-1,-1
1685,256,740.77,418.71,22.73,49.03,0.4659,1,-1,-1
1686,254,567.56,359.35,17.84,40.23,0.5898,1,-1,-1
1686,258,1052.41,386.50,22.80,48.16,0.4639,1,-1,-1
1686,255,589.90,458.78,26.66,62.91,0.6451,1,-1,-1
1686,316,1247.53,282.08,18.58,35.67,0.5708,1,-1,-1
1686,317,1193.62,146.53,9.15,16.63,0.1427,1,-1,-1
1686,324,825.64,215.14,12.89,25.21,0.5535,1,-1,-1
1686,325,488.57,249.00,14.02,33.90,0.5195,1,-1,-1
1686,326,887.61,227.03,14.15,28.77,0.4216,1,-1,-1
1686,327,1820.97,227.43,12.22,31.81,0.2465,1,-1,-1
1686,328,1831.01,228.56,14.80,30.40,0.2950,1,-1,-1
1686,256,741.81,421.10,22.94,49.93,0.4254,1,-1,-1
1687,254,568.57,361.11,18.10,41.34,0.6540,1,-1,-1
1687,258,1052.83,389.50,22.48,47.20,0.4282,1,-1,-1
1687,255,589.23,462.67,26.08,61.08,0.6433,1,-1,-1
1687,316,1247.50,284.34,18.78,36.16,0.5756,1,-1,-1
1687,317,1193.54,147.51,9.27,16.84,0.1778,1,-1,-1
1687,324,825.56,216.09,13.65,26.33,0.5784,1,-1,-1
1687,325,488.47,248.80,14.67,35.76,0.5185,1,-1,-1
1687,326,887.54,228.01,14.64,29.97,0.3166,1,-1,-1
1687,327,1820.27,229.09,12.26,31.56,0.2160,1,-1,-1
1687,328,1830.55,230.27,14.62,30.30,0.2878,1,-1,-1
1687,256,743.60,424.52,22.36,49.11,0.4149,1,-1,-1
1688,254,569.89,364.25,17.95,41.29,0.6901,1,-1,-1
1688,258,1056.35,391.88,21.96,46.47,0.4824,1,-1,-1
1688,255,587.96,465.57,26.24,61.19,0.6851,1,-1,-1
1688,316,1247.72,287.24,18.16,34.82,0.5156,1,-1,-1
1688,317,1193.21,148.90,9.24,16.88,0.3234,1,-1,-1
1688,324,825.53,217.63,13.45,25.99,0.5708,1,-1,-1
1688,325,488.43,249.52,15.48,37.90,0.4932,1,-1,-1
1688,326,887.65,229.07,14.56,30.08,0.3124,1,-1,-1
1688,327,1820.00,231.00,11.99,30.62,0.1629,1,-1,-1
1688,328,1830.69,232.23,14.18,29.75,0.1974,1,-1,-1
1688,256,744.41,427.49,22.13,48.84,0.5727,1,-1,-1
1689,254,571.00,365.96,18.27,42.11,0.7146,1,-1,-1
1689,258,1058.94,394.80,21.03,45.09,0.4187,1,-1,-1
1689,255,587.80,469.57,25.79,59.69,0.6610,1,-1,-1
1689,316,1247.94,289.19,17.94,34.15,0.5039,1,-1,-1
1689,317,1192.93,149.45,9.23,16.97,0.2744,1,-1,-1
1689,324,825.92,219.35,13.02,25.28,0.4407,1,-1,-1
1689,325,488.31,250.29,15.98,39.27,0.3124,1,-1,-1
1689,326,887.48,229.16,14.96,31.24,0.2910,1,-1,-1
1689,328,1831.25,233.99,13.65,28.98,0.1818,1,-1,-1
1689,256,745.57,431.15,22.03,48.16,0.6901,1,-1,-1
1690,254,572.62,368.42,18.41,42.15,0.7556,1,-1,-1
1690,258,1060.88,397.34,20.43,44.64,0.4484,1,-1,-1
1690,255,586.92,472.18,26.17,60.14,0.6522,1,-1,-1
1690,316,1248.06,290.77,18.36,34.85,0.4533,1,-1,-1
1690,317,1192.87,150.62,8.84,16.19,0.1561,1,-1,-1
1690,324,826.22,220.57,12.90,25.12,0.3998,1,-1,-1
1690,325,488.62,252.49,15.87,38.90,0.1784,1,-1,-1
1690,326,887.36,229.70,15.24,32.06,0.3603,1,-1,-1
1690,328,1831.24,235.81,13.44,28.53,0.1801,1,-1,-1
1690,256,747.05,433.52,23.02,49.79,0.7033,1,-1,-1
1691,254,574.87,371.73,18.10,40.65,0.7349,1,-1,-1
1691,258,1062.28,399.38,20.55,45.63,0.4932,1,-1,-1
1691,255,585.47,473.94,26.82,61.39,0.6575,1,-1,-1
1691,316,1248.01,292.45,18.46,35.04,0.5400,1,-1,-1
1691,317,1192.61,152.48,8.24,15.06,0.2031,1,-1,-1
1691,324,827.07,220.62,13.25,25.60,0.4321,1,-1,-1
1691,325,488.55,253.37,16.28,39.96,0.3648,1,-1,-1
1691,326,888.08,233.01,14.16,29.67,0.1950,1,-1,-1
1691,328,1830.85,237.71,13.43,28.67,0.1357,1,-1,-1
1691,256,748.30,435.78,23.20,49.73,0.7178,1,-1,-1
1692,254,575.93,373.68,18.92,41.86,0.7130,1,-1,-1
1692,258,1062.91,401.53,20.54,46.40,0.5574,1,-1,-1
1692,255,584.13,476.08,28.09,64.32,0.6680,1,-1,-1
1692,316,1247.99,293.68,18.56,35.23,0.5429,1,-1,-1
1692,317,1192.60,153.74,8.05,14.67,0.1772,1,-1,-1
1692,324,827.58,221.44,13.85,26.49,0.3702,1,-1,-1
1692,325,489.19,256.69,15.55,38.08,0.4542,1,-1,-1
1692,328,1829.71,238.96,14.09,29.86,0.2728,1,-1,-1
1692,256,750.11,438.64,23.38,48.96,0.6619,1,-1,-1
1693,254,576.95,375.67,19.59,42.44,0.7210,1,-1,-1
1693,258,1062.88,405.24,19.81,45.03,0.4912,1,-1,-1
1693,255,583.65,479.49,27.71,63.13,0.6706,1,-1,-1
1693,316,1247.99,295.69,18.61,35.37,0.3858,1,-1,-1
1693,317,1192.53,154.38,8.53,15.59,0.1999,1,-1,-1
1693,324,827.90,223.09,13.51,25.78,0.4805,1,-1,-1
1693,325,490.05,259.70,14.72,35.86,0.4140,1,-1,-1
1693,328,1829.46,239.75,14.47,30.36,0.3225,1,-1,-1
1693,256,750.46,441.44,23.58,49.33,0.5380,1,-1,-1
1694,254,577.25,377.86,19.77,42.21,0.7146,1,-1,-1
1694,258,1063.51,408.38,19.16,44.08,0.5176,1,-1,-1
1694,255,583.34,482.35,26.81,60.85,0.6628,1,-1,-1
1694,316,1248.56,298.91,17.94,34.16,0.3285,1,-1,-1
1694,317,1192.80,154.95,8.73,15.96,0.2288,1,-1,-1
1694,324,828.28,224.68,13.19,25.18,0.4542,1,-1,-1
1694,325,490.30,260.75,14.89,36.25,0.5166,1,-1,-1
1694,328,1828.56,240.57,14.77,30.80,0.4054,1,-1,-1
1694,256,751.55,445.20,23.03,47.67,0.6270,1,-1,-1
1695,254,578.03,381.40,19.20,40.48,0.7098,1,-1,-1
1695,258,1065.58,410.60,18.46,43.33,0.3886,1,-1,-1
1695,255,582.98,485.22,26.44,60.13,0.7050,1,-1,-1
1695,316,1248.78,300.36,17.78,33.93,0.3082,1,-1,-1
1695,317,1192.68,155.35,9.11,16.61,0.3099,1,-1,-1
1695,324,828.92,226.21,12.88,24.34,0.4301,1,-1,-1
1695,325,490.26,261.25,15.64,38.09,0.4417,1,-1,-1
1695,328,1829.04,242.06,14.59,30.51,0.2878,1,-1,-1
1695,256,751.90,446.66,23.83,49.22,0.6575,1,-1,-1
1696,254,578.87,383.60,19.24,40.31,0.6732,1,-1,-1
1696,258,1067.05,413.12,18.40,43.87,0.4737,1,-1,-1
1696,255,582.29,488.72,26.37,60.27,0.6885,1,-1,-1
1696,316,1248.87,302.26,17.77,33.90,0.3821,1,-1,-1
1696,317,1192.69,155.81,9.19,16.71,0.2713,1,-1,-1
1696,324,829.53,227.74,12.53,23.70,0.3140,1,-1,-1
1696,325,489.85,261.74,16.05,39.05,0.3895,1,-1,-1
1696,328,1828.81,243.64,14.25,29.77,0.3132,1,-1,-1
1696,256,753.03,450.19,23.30,47.78,0.6142,1,-1,-1
1697,254,580.16,385.62,18.66,39.19,0.6514,1,-1,-1
1697,258,1067.59,415.39,17.91,43.31,0.5823,1,-1,-1
1697,255,581.84,491.12,26.61,60.92,0.6960,1,-1,-1
1697,316,1248.87,303.49,17.85,34.04,0.4292,1,-1,-1
1697,317,1192.94,156.32,9.03,16.37,0.2173,1,-1,-1
1697,324,829.91,229.32,12.28,23.40,0.3294,1,-1,-1
1697,325,490.18,263.36,16.13,39.22,0.4102,1,-1,-1
1697,328,1830.03,245.89,13.26,28.04,0.2967,1,-1,-1
1697,256,753.52,451.61,23.98,49.32,0.5784,1,-1,-1
1698,254,581.04,387.53,18.64,39.55,0.7356,1,-1,-1
1698,258,1067.91,418.03,17.40,42.56,0.5205,1,-1,-1
1698,255,581.30,494.77,26.17,60.02,0.6984,1,-1,-1
1698,316,1248.88,304.35,18.06,34.67,0.4620,1,-1,-1
1698,317,1193.09,157.68,8.51,15.38,0.1520,1,-1,-1
1698,324,829.89,231.07,12.22,23.70,0.3234,1,-1,-1
1698,325,490.75,266.30,15.68,38.14,0.3540,1,-1,-1
1698,328,1829.39,247.56,13.17,27.71,0.3812,1,-1,-1
1698,256,754.54,454.84,23.61,48.60,0.5263,1,-1,-1
1699,254,581.97,389.61,18.39,39.51,0.7341,1,-1,-1
1699,258,1069.69,420.15,16.80,42.05,0.4688,1,-1,-1
1699,255,580.59,497.27,26.18,60.14,0.7130,1,-1,-1
1699,316,1248.55,306.12,18.23,35.19,0.5117,1,-1,-1
1699,317,1192.91,158.52,8.46,15.44,0.2576,1,-1,-1
1699,324,829.96,232.41,12.50,24.68,0.3225,1,-1,-1
1699,325,491.08,268.36,15.47,37.67,0.2415,1,-1,-1
1699,328,1829.24,248.74,13.03,27.34,0.3594,1,-1,-1
1699,256,755.58,457.55,23.86,49.40,0.5670,1,-1,-1
1700,254,583.17,392.18,17.93,39.10,0.7194,1,-1,-1
1700,258,1070.12,422.40,16.85,43.06,0.3970,1,-1,-1
1700,255,579.37,500.00,26.46,60.71,0.7326,1,-1,-1
1700,316,1248.28,308.42,18.33,35.48,0.5293,1,-1,-1
1700,317,1193.47,159.42,8.39,15.28,0.1678,1,-1,-1
1700,324,830.34,233.24,12.45,24.88,0.3032,1,-1,-1
1700,325,491.76,271.34,14.69,35.83,0.3558,1,-1,-1
1700,328,1828.91,249.36,13.23,27.95,0.3895,1,-1,-1
1700,256,756.15,459.87,24.13,50.46,0.5078,1,-1,-1
1701,254,584.90,395.01,17.59,38.88,0.6697,1,-1,-1
1701,258,1069.47,424.24,17.36,44.35,0.5176,1,-1,-1
1701,255,578.87,502.87,26.56,60.74,0.7249,1,-1,-1
1701,316,1248.54,310.75,18.00,34.65,0.4971,1,-1,-1
1701,317,1193.27,160.31,8.90,16.35,0.3540,1,-1,-1
1701,324,830.83,234.76,11.79,23.82,0.4244,1,-1,-1
1701,325,492.25,273.27,14.37,35.30,0.4766,1,-1,-1
1701,328,1828.35,249.91,13.52,28.91,0.3372,1,-1,-1
1701,256,757.50,462.89,23.20,49.11,0.5823,1,-1,-1
1702,254,586.05,396.91,17.89,39.98,0.5936,1,-1,-1
1702,258,1067.59,426.10,18.07,45.08,0.3648,1,-1,-1
1702,255,577.91,505.75,26.74,60.99,0.7138,1,-1,-1
1702,316,1248.26,312.09,18.15,34.87,0.4766,1,-1,-1
1702,317,1193.09,161.13,9.08,16.83,0.3504,1,-1,-1
1702,324,831.21,235.99,11.42,23.24,0.3329,1,-1,-1
1702,325,492.13,274.02,14.97,36.81,0.5205,1,-1,-1
1702,328,1828.15,251.15,13.79,29.62,0.2415,1,-1,-1
1702,256,757.94,466.29,22.60,48.39,0.5088,1,-1,-1
1703,254,587.49,398.58,18.02,40.53,0.6593,1,-1,-1
1703,258,1067.48,429.60,18.22,44.59,0.2950,1,-1,-1
1703,255,577.95,507.95,27.21,62.01,0.7256,1,-1,-1
1703,316,1248.55,314.23,17.95,34.37,0.3337,1,-1,-1
1703,317,1192.97,161.89,8.97,16.69,0.3407,1,-1,-1
1703,324,831.41,237.12,11.44,23.40,0.4111,1,-1,-1
1703,325,492.06,274.06,15.56,38.18,0.6252,1,-1,-1
1703,328,1827.13,251.27,14.56,31.07,0.3657,1,-1,-1
1703,256,759.29,469.47,21.51,46.71,0.5708,1,-1,-1
1703,326,888.56,250.05,14.30,30.54,0.4805,1,-1,-1
1704,254,589.04,401.05,17.79,40.24,0.7287,1,-1,-1
1704,258,1067.05,432.85,17.99,43.28,0.2991,1,-1,-1
1704,255,577.49,511.04,27.37,62.14,0.7264,1,-1,-1
1704,316,1248.26,315.67,18.20,34.92,0.4600,1,-1,-1
1704,317,1192.99,163.26,8.48,15.76,0.3478,1,-1,-1
1704,324,831.81,238.10,11.03,22.60,0.4036,1,-1,-1
1704,325,492.29,274.38,15.59,38.43,0.6610,1,-1,-1
1704,328,1827.02,252.57,14.71,31.37,0.2415,1,-1,-1
1704,256,760.15,471.05,22.62,49.90,0.3702,1,-1,-1
1704,326,888.99,251.52,13.80,30.17,0.4883,1,-1,-1
1705,254,590.41,403.76,17.68,40.20,0.7318,1,-1,-1
1705,258,1065.88,434.88,19.23,45.34,0.1380,1,-1,-1
1705,255,576.88,513.90,27.40,61.84,0.7264,1,-1,-1
1705,316,1248.20,316.32,18.55,35.72,0.4552,1,-1,-1
1705,317,1193.22,164.75,8.13,15.00,0.3149,1,-1,-1
1705,324,832.41,238.75,11.43,23.16,0.3858,1,-1,-1
1705,325,493.00,276.38,15.25,37.67,0.5727,1,-1,-1
1705,328,1826.20,253.93,14.89,32.05,0.3621,1,-1,-1
1705,256,761.61,474.54,21.67,48.81,0.5283,1,-1,-1
1705,326,889.19,252.74,13.50,30.03,0.4659,1,-1,-1
1706,254,592.50,405.83,18.42,41.07,0.7210,1,-1,-1
1706,258,1070.37,437.55,19.12,45.56,0.4824,1,-1,-1
1706,255,576.14,517.28,27.55,61.73,0.7009,1,-1,-1
1706,316,1248.38,317.76,18.44,35.59,0.3567,1,-1,-1
1706,317,1193.07,165.90,8.38,15.39,0.2767,1,-1,-1
1706,324,832.42,240.11,11.43,23.16,0.4349,1,-1,-1
1706,325,493.54,279.09,14.89,36.69,0.6011,1,-1,-1
1706,328,1826.09,255.86,14.25,31.11,0.2465,1,-1,-1
1706,256,762.27,477.30,21.46,49.10,0.6215,1,-1,-1
1706,326,889.48,253.63,13.36,30.24,0.4426,1,-1,-1
1707,254,593.84,407.98,18.69,40.97,0.7272,1,-1,-1
1707,258,1073.28,440.11,18.57,44.82,0.5689,1,-1,-1
1707,255,575.67,520.11,27.63,61.64,0.7241,1,-1,-1
1707,316,1248.31,320.87,18.14,34.88,0.3157,1,-1,-1
1707,317,1193.36,166.68,8.47,15.46,0.2180,1,-1,-1
1707,324,834.55,241.49,11.94,23.74,0.4581,1,-1,-1
1707,325,494.37,281.55,14.66,36.09,0.4980,1,-1,-1
1707,328,1825.51,257.01,14.37,31.55,0.3337,1,-1,-1
1707,256,763.44,480.13,21.21,48.94,0.5302,1,-1,-1
1707,326,889.68,255.82,12.97,29.60,0.5078,1,-1,-1
1708,254,594.32,409.60,19.22,41.83,0.7130,1,-1,-1
1708,258,1075.02,443.12,18.28,44.44,0.5651,1,-1,-1
1708,255,574.60,523.06,27.44,61.14,0.6766,1,-1,-1
1708,316,1248.38,323.26,17.59,33.68,0.3099,1,-1,-1
1708,317,1193.33,167.32,8.77,15.96,0.2621,1,-1,-1
1708,324,835.86,242.64,12.46,24.45,0.3390,1,-1,-1
1708,325,494.54,282.74,14.66,36.03,0.5477,1,-1,-1
1708,328,1827.05,261.79,13.19,28.90,0.3951,1,-1,-1
1708,256,764.39,483.08,21.29,49.09,0.6252,1,-1,-1
1708,326,889.88,257.09,12.92,29.44,0.4610,1,-1,-1
1708,332,1063.84,443.22,17.31,43.11,0.5195,1,-1,-1
1709,254,594.43,411.11,19.55,42.57,0.6834,1,-1,-1
1709,258,1076.30,445.64,18.00,43.96,0.5804,1,-1,-1
1709,255,573.33,526.04,26.91,60.03,0.5993,1,-1,-1
1709,316,1248.01,324.96,18.19,34.79,0.3090,1,-1,-1
1709,317,1193.19,167.79,8.95,16.21,0.3049,1,-1,-1
1709,324,836.29,243.89,12.80,24.93,0.3549,1,-1,-1
1709,325,494.92,284.57,14.43,35.31,0.5390,1,-1,-1
1709,328,1827.62,264.63,12.91,28.47,0.2894,1,-1,-1
1709,256,766.30,485.51,21.14,48.98,0.6067,1,-1,-1
1709,326,889.91,258.98,12.66,28.63,0.4727,1,-1,-1
1709,332,1064.36,446.49,16.97,42.22,0.5784,1,-1,-1
1710,254,595.44,414.31,18.75,40.84,0.6817,1,-1,-1
1710,258,1076.96,448.04,17.77,43.70,0.5010,1,-1,-1
1710,255,572.46,530.25,26.43,59.21,0.6549,1,-1,-1
1710,316,1248.13,326.56,18.37,35.23,0.3149,1,-1,-1
1710,317,1192.72,167.92,9.22,16.73,0.3478,1,-1,-1
1710,324,837.28,245.10,12.52,24.24,0.3225,1,-1,-1
1710,325,494.76,284.78,14.62,35.79,0.4591,1,-1,-1
1710,328,1828.17,265.15,12.61,28.01,0.3433,1,-1,-1
1710,256,767.87,488.10,21.31,49.32,0.6039,1,-1,-1
1710,326,890.53,260.36,12.74,28.70,0.3895,1,-1,-1
1710,332,1065.50,449.14,17.12,42.51,0.5293,1,-1,-1
1711,254,596.69,416.86,18.77,41.06,0.7225,1,-1,-1
1711,258,1077.83,450.22,17.41,43.39,0.5078,1,-1,-1
1711,255,571.30,532.92,26.27,59.15,0.6522,1,-1,-1
1711,316,1248.25,327.27,18.55,35.83,0.5059,1,-1,-1
1711,317,1193.00,168.32,9.20,16.70,0.2942,1,-1,-1
1711,324,837.56,246.66,12.05,23.13,0.3702,1,-1,-1
1711,325,495.05,286.95,14.75,36.09,0.5842,1,-1,-1
1711,328,1827.55,267.06,12.37,27.61,0.3311,1,-1,-1
1711,256,769.24,490.71,21.12,48.45,0.5679,1,-1,-1
1711,326,890.57,261.99,12.76,28.72,0.5765,1,-1,-1
1711,332,1066.53,452.24,16.71,41.50,0.5195,1,-1,-1
1712,254,598.39,419.23,18.47,40.38,0.7439,1,-1,-1
1712,258,1078.44,453.70,17.03,42.31,0.4863,1,-1,-1
1712,255,570.15,535.70,26.45,60.10,0.7025,1,-1,-1
1712,316,1248.09,327.94,18.98,37.06,0.5390,1,-1,-1
1712,317,1192.90,169.29,8.93,16.26,0.3585,1,-1,-1
1712,324,837.13,247.99,12.27,23.40,0.4727,1,-1,-1
1712,325,495.15,287.85,15.01,36.63,0.6289,1,-1,-1
1712,328,1827.63,269.97,11.94,26.62,0.3040,1,-1,-1
1712,256,769.90,493.69,21.68,49.38,0.6179,1,-1,-1
1712,326,890.58,264.09,12.66,28.34,0.5535,1,-1,-1
1712,332,1067.70,455.44,16.18,40.10,0.4971,1,-1,-1
1713,254,599.40,420.90,18.26,40.13,0.6834,1,-1,-1
1713,258,1078.92,456.43,17.07,42.30,0.4990,1,-1,-1
1713,255,569.52,538.71,25.85,59.40,0.6775,1,-1,-1
1713,316,1248.21,330.72,18.49,36.28,0.4369,1,-1,-1
1713,317,1193.41,170.74,8.80,15.99,0.3124,1,-1,-1
1713,324,836.69,249.42,12.45,23.72,0.4727,1,-1,-1
1713,325,495.53,289.53,14.86,36.10,0.5823,1,-1,-1
1713,328,1827.32,272.35,11.77,26.27,0.3868,1,-1,-1
1713,256,770.07,496.40,21.94,49.56,0.5908,1,-1,-1
1713,326,890.66,265.48,12.66,28.25,0.5185,1,-1,-1
1713,332,1068.38,458.29,16.13,40.00,0.4600,1,-1,-1
1714,254,599.82,420.84,19.18,42.38,0.6522,1,-1,-1
1714,258,1078.92,458.25,17.43,43.04,0.5525,1,-1,-1
1714,255,569.03,541.12,25.86,60.11,0.6637,1,-1,-1
1714,316,1248.15,333.67,18.14,35.70,0.4330,1,-1,-1
1714,317,1193.23,171.91,9.36,17.16,0.3979,1,-1,-1
1714,324,836.90,250.36,12.48,23.77,0.4824,1,-1,-1
1714,325,495.40,290.20,15.60,37.91,0.5477,1,-1,-1
1714,328,1827.23,273.62,11.68,26.13,0.4417,1,-1,-1
1714,256,771.34,499.30,22.01,48.99,0.6334,1,-1,-1
1714,326,890.80,266.21,12.89,28.82,0.4455,1,-1,-1
1714,332,1069.43,460.24,16.30,40.53,0.5127,1,-1,-1
1715,254,600.72,423.42,18.79,41.83,0.6469,1,-1,-1
1715,258,1079.87,460.60,17.24,42.40,0.5010,1,-1,-1
1715,255,568.91,545.79,24.95,58.61,0.6379,1,-1,-1
1715,316,1248.07,335.39,18.02,35.46,0.4795,1,-1,-1
1715,317,1193.30,172.67,9.59,17.71,0.3849,1,-1,-1
1715,324,837.20,251.13,12.42,23.56,0.5332,1,-1,-1
1715,325,495.81,291.92,15.53,37.76,0.5651,1,-1,-1
1715,328,1826.95,274.40,11.83,26.59,0.5351,1,-1,-1
1715,256,772.26,501.78,21.83,48.00,0.5983,1,-1,-1
1715,326,890.88,267.12,13.02,29.27,0.5448,1,-1,-1
1715,332,1070.49,461.62,16.30,40.77,0.3157,1,-1,-1
1716,254,602.55,427.17,17.62,39.84,0.6496,1,-1,-1
1716,258,1078.87,462.89,17.78,42.93,0.6160,1,-1,-1
1716,255,568.46,546.93,25.33,60.27,0.6800,1,-1,-1
1716,316,1248.13,336.87,18.19,35.74,0.4196,1,-1,-1
1716,317,1193.53,173.18,9.43,17.44,0.3895,1,-1,-1
1716,324,836.87,252.31,13.18,24.89,0.5293,1,-1,-1
1716,325,496.46,294.74,14.73,35.64,0.4746,1,-1,-1
1716,328,1826.95,276.83,11.58,25.89,0.2154,1,-1,-1
1716,256,773.59,504.58,22.17,48.17,0.5936,1,-1,-1
1716,326,891.16,269.36,12.60,28.44,0.4776,1,-1,-1
1716,332,1071.12,463.11,16.61,41.77,0.2114,1,-1,-1
1717,254,603.45,429.83,17.28,39.33,0.6415,1,-1,-1
1717,258,1078.89,465.59,18.06,42.92,0.4649,1,-1,-1
1717,255,568.02,548.96,25.33,60.71,0.6901,1,-1,-1
1717,316,1248.26,338.68,18.22,35.78,0.3666,1,-1,-1
1717,317,1193.45,173.91,9.18,17.10,0.3914,1,-1,-1
1717,324,836.66,253.44,13.39,25.27,0.4542,1,-1,-1
1717,325,496.77,296.54,14.49,34.96,0.4494,1,-1,-1
1717,328,1827.01,278.12,11.46,25.76,0.3082,1,-1,-1
1717,256,774.70,507.20,22.42,48.26,0.6197,1,-1,-1
1717,326,891.35,271.29,12.36,27.81,0.4292,1,-1,-1
1717,332,1071.78,465.06,16.64,41.75,0.1418,1,-1,-1
1718,254,604.74,432.66,17.00,38.74,0.6610,1,-1,-1
1718,258,1079.22,468.38,18.35,42.89,0.4523,1,-1,-1
1718,255,567.69,551.61,24.99,59.99,0.6851,1,-1,-1
1718,316,1248.13,339.95,18.36,36.12,0.4971,1,-1,-1
1718,317,1193.59,174.85,8.90,16.57,0.2759,1,-1,-1
1718,324,836.75,255.25,13.05,24.81,0.4776,1,-1,-1
1718,325,497.08,298.00,14.54,35.17,0.4073,1,-1,-1
1718,328,1826.70,278.75,11.40,25.74,0.4591,1,-1,-1
1718,256,775.59,509.93,22.79,48.69,0.5955,1,-1,-1
1718,326,891.51,272.55,12.24,27.69,0.4426,1,-1,-1
1719,254,606.14,435.20,16.66,38.41,0.6487,1,-1,-1
1719,258,1079.12,470.20,18.97,43.60,0.4026,1,-1,-1
1719,255,567.10,554.33,25.36,61.06,0.7033,1,-1,-1
1719,316,1248.22,341.20,18.45,36.32,0.5898,1,-1,-1
1719,317,1193.52,175.99,8.91,16.62,0.3567,1,-1,-1
1719,324,837.35,256.46,12.99,24.97,0.4455,1,-1,-1
1719,325,497.39,299.11,14.54,35.34,0.4216,1,-1,-1
1719,328,1825.92,277.65,12.18,27.67,0.4349,1,-1,-1
1719,256,777.22,512.74,22.41,47.79,0.5400,1,-1,-1
1719,326,891.44,274.19,12.34,28.20,0.4417,1,-1,-1
1720,254,606.60,436.20,17.17,40.02,0.6575,1,-1,-1
1720,258,1078.00,472.38,19.39,43.61,0.4824,1,-1,-1
1720,255,566.43,556.94,25.70,62.12,0.7394,1,-1,-1
1720,316,1248.36,344.64,17.75,34.68,0.4795,1,-1,-1
1720,317,1193.29,177.15,9.05,16.97,0.2846,1,-1,-1
1720,324,838.28,257.41,12.99,25.00,0.3149,1,-1,-1
1720,325,498.15,302.81,13.90,33.34,0.4417,1,-1,-1
1720,328,1825.59,279.86,11.93,27.08,0.3621,1,-1,-1
1720,256,777.86,515.50,22.17,47.41,0.5631,1,-1,-1
1720,326,891.50,275.53,12.21,28.16,0.3603,1,-1,-1
1721,254,607.79,438.90,16.74,39.57,0.7098,1,-1,-1
1721,258,1078.04,473.98,19.98,44.08,0.3840,1,-1,-1
1721,255,565.77,560.26,25.35,61.32,0.7364,1,-1,-1
1721,316,1248.14,346.05,17.97,34.96,0.5010,1,-1,-1
1721,317,1193.42,178.33,9.06,16.99,0.1541,1,-1,-1
1721,324,838.94,258.95,12.68,24.33,0.3486,1,-1,-1
1721,325,498.14,303.75,14.48,34.53,0.5185,1,-1,-1
1721,328,1824.76,281.62,12.19,27.53,0.3355,1,-1,-1
1721,256,778.92,518.14,21.96,47.50,0.5283,1,-1,-1
1721,326,891.70,277.06,11.93,27.87,0.3090,1,-1,-1
1721,333,1655.57,310.92,14.57,31.46,0.4961,1,-1,-1
1722,254,609.43,441.78,16.86,39.77,0.7469,1,-1,-1
1722,258,1080.66,476.83,19.86,43.97,0.3812,1,-1,-1
1722,255,565.69,564.83,24.60,59.04,0.7256,1,-1,-1
1722,316,1248.33,347.87,17.81,34.48,0.4659,1,-1,-1
1722,317,1193.66,179.39,8.84,16.53,0.1790,1,-1,-1
1722,324,839.45,260.17,12.59,24.08,0.4484,1,-1,-1
1722,325,498.51,305.95,14.54,34.45,0.5166,1,-1,-1
1722,328,1825.07,285.78,11.54,25.41,0.2494,1,-1,-1
1722,256,779.73,519.74,21.86,48.08,0.5078,1,-1,-1
1722,326,891.73,277.91,11.91,28.13,0.3951,1,-1,-1
1722,333,1654.45,311.26,14.99,32.37,0.4737,1,-1,-1
1723,254,610.91,444.63,16.73,39.03,0.7210,1,-1,-1
1723,258,1079.30,478.69,20.28,43.91,0.2613,1,-1,-1
1723,255,565.39,568.53,24.96,59.33,0.7571,1,-1,-1
1723,316,1248.55,349.84,17.66,34.17,0.4369,1,-1,-1
1723,317,1193.22,179.66,9.09,17.12,0.3905,1,-1,-1
1723,324,840.24,261.90,12.39,23.64,0.3989,1,-1,-1
1723,325,498.41,306.97,14.64,34.59,0.4216,1,-1,-1
1723,328,1825.09,287.66,11.62,25.19,0.2451,1,-1,-1
1723,256,780.34,521.88,22.21,49.48,0.5020,1,-1,-1
1723,326,891.49,278.95,12.28,29.20,0.4533,1,-1,-1
1723,333,1653.92,312.18,14.74,31.83,0.3007,1,-1,-1
1724,254,611.79,446.24,17.08,39.44,0.7130,1,-1,-1
1724,258,1083.44,480.92,20.27,44.99,0.5107,1,-1,-1
1724,255,564.88,570.82,25.29,59.72,0.7684,1,-1,-1
1724,316,1248.41,350.84,17.92,34.55,0.4902,1,-1,-1
1724,317,1193.58,181.40,8.23,15.41,0.2121,1,-1,-1
1724,324,840.58,262.48,12.67,24.16,0.4737,1,-1,-1
1724,325,499.31,310.75,13.51,31.60,0.5127,1,-1,-1
1724,328,1824.75,288.63,11.92,25.75,0.3416,1,-1,-1
1724,256,780.90,524.70,22.17,49.82,0.5936,1,-1,-1
1724,326,891.43,280.27,12.27,29.44,0.3942,1,-1,-1
1724,333,1653.77,312.58,14.36,31.01,0.3140,1,-1,-1
1725,254,612.61,447.91,18.01,40.97,0.7098,1,-1,-1
1725,258,1083.21,482.93,20.56,45.62,0.4883,1,-1,-1
1725,255,563.15,573.09,25.54,60.26,0.7050,1,-1,-1
1725,316,1248.19,351.60,18.50,35.72,0.5593,1,-1,-1
1725,317,1193.50,181.93,8.35,15.66,0.3775,1,-1,-1
1725,324,840.89,263.31,12.74,24.09,0.4756,1,-1,-1
1725,325,499.41,313.09,13.27,30.66,0.4369,1,-1,-1
1725,328,1824.80,289.80,12.12,26.31,0.3381,1,-1,-1
1725,256,780.97,527.57,23.22,52.66,0.5448,1,-1,-1
1725,326,891.90,281.44,12.13,29.32,0.2465,1,-1,-1
1725,333,1653.79,313.22,13.64,29.37,0.3639,1,-1,-1
1726,254,613.92,451.83,17.40,38.78,0.7349,1,-1,-1
1726,258,1085.50,485.16,20.15,45.64,0.5467,1,-1,-1
1726,255,561.93,576.60,25.22,59.29,0.6749,1,-1,-1
1726,316,1248.02,353.77,18.63,35.98,0.5477,1,-1,-1
1726,317,1193.69,183.21,8.27,15.47,0.3693,1,-1,-1
1726,324,841.06,264.40,12.75,24.01,0.4668,1,-1,-1
1726,325,499.23,313.74,14.05,32.49,0.5448,1,-1,-1
1726,328,1824.46,292.12,11.64,25.27,0.2918,1,-1,-1
1726,256,782.54,530.28,23.10,52.47,0.6123,1,-1,-1
1726,326,892.04,283.22,11.78,28.55,0.2261,1,-1,-1
1726,333,1653.49,315.73,13.08,28.15,0.3016,1,-1,-1
1727,254,614.55,454.92,16.93,37.49,0.7098,1,-1,-1
1727,258,1087.00,488.13,19.51,44.73,0.5898,1,-1,-1
1727,255,560.99,579.52,25.11,59.20,0.7033,1,-1,-1
1727,316,1248.18,356.76,18.24,35.00,0.5496,1,-1,-1
1727,317,1193.26,183.82,8.94,16.85,0.3702,1,-1,-1
1727,324,840.76,265.48,13.56,25.67,0.4649,1,-1,-1
1727,325,499.31,313.46,14.78,34.03,0.4971,1,-1,-1
1727,328,1824.21,293.18,11.57,25.10,0.3166,1,-1,-1
1727,256,783.83,531.64,23.06,52.72,0.5049,1,-1,-1
1727,326,892.46,284.59,12.03,28.87,0.1618,1,-1,-1
1727,333,1652.43,317.41,12.83,27.39,0.4912,1,-1,-1
1728,254,615.16,457.10,16.71,37.15,0.6415,1,-1,-1
1728,258,1087.02,490.54,19.20,44.22,0.5612,1,-1,-1
1728,255,560.32,583.13,24.92,58.61,0.6775,1,-1,-1
1728,316,1248.14,358.29,18.47,35.45,0.5195,1,-1,-1
1728,317,1193.30,184.27,9.13,17.17,0.1422,1,-1,-1
1728,324,840.75,267.22,13.47,25.63,0.4600,1,-1,-1
1728,325,499.48,314.07,15.05,34.50,0.5322,1,-1,-1
1728,328,1823.82,293.56,11.70,25.32,0.3748,1,-1,-1
1728,256,785.96,535.03,21.92,49.73,0.6049,1,-1,-1
1728,326,892.50,286.50,11.92,28.28,0.2282,1,-1,-1
1728,333,1651.04,318.59,13.95,29.70,0.4397,1,-1,-1
1729,254,616.38,458.52,16.97,37.90,0.6049,1,-1,-1
1729,258,1087.23,493.22,19.22,44.50,0.5593,1,-1,-1
1729,255,559.48,585.71,24.68,58.04,0.6960,1,-1,-1
1729,316,1248.20,360.26,18.14,34.63,0.4854,1,-1,-1
1729,317,1193.16,185.10,8.98,16.89,0.1700,1,-1,-1
1729,324,840.95,268.46,12.96,24.79,0.4581,1,-1,-1
1729,325,500.03,317.41,14.75,33.53,0.5263,1,-1,-1
1729,328,1823.77,294.67,11.51,24.88,0.3858,1,-1,-1
1729,256,787.37,537.60,22.47,50.33,0.6325,1,-1,-1
1729,326,892.43,289.20,11.53,27.04,0.2814,1,-1,-1
1729,333,1650.03,319.46,14.01,29.66,0.4007,1,-1,-1
1729,332,1084.33,492.29,19.68,46.54,0.4932,1,-1,-1
1730,254,617.48,459.97,16.98,38.11,0.6215,1,-1,-1
1730,258,1087.26,495.33,19.55,44.78,0.4941,1,-1,-1
1730,255,558.73,588.68,24.59,57.76,0.6910,1,-1,-1
1730,316,1248.61,362.47,17.81,33.78,0.4026,1,-1,-1
1730,317,1192.95,185.89,8.73,16.41,0.2254,1,-1,-1
1730,324,841.59,269.37,12.68,24.27,0.4196,1,-1,-1
1730,325,500.24,319.90,14.46,32.69,0.5283,1,-1,-1
1730,328,1823.77,296.55,11.21,24.14,0.3486,1,-1,-1
1730,256,788.50,540.23,22.80,50.01,0.6610,1,-1,-1
1730,326,892.54,290.81,11.53,26.76,0.2561,1,-1,-1
1730,333,1649.44,322.99,14.03,29.57,0.2606,1,-1,-1
1730,332,1082.96,496.14,19.02,43.95,0.3486,1,-1,-1
1731,254,618.59,461.90,16.99,38.57,0.6575,1,-1,-1
1731,258,1087.61,498.11,19.79,44.71,0.5525,1,-1,-1
1731,255,557.90,591.30,24.54,57.90,0.7033,1,-1,-1
1731,316,1250.52,364.35,17.60,33.55,0.4815,1,-1,-1
1731,317,1193.54,187.29,8.36,15.69,0.4121,1,-1,-1
1731,324,841.51,270.49,12.84,24.52,0.3720,1,-1,-1
1731,325,500.01,319.32,15.13,34.15,0.5234,1,-1,-1
1731,328,1823.47,297.73,11.55,24.85,0.3504,1,-1,-1
1731,256,788.66,542.52,23.87,51.10,0.6834,1,-1,-1
1731,326,892.62,291.76,11.82,27.33,0.3381,1,-1,-1
1731,333,1648.01,324.99,14.87,31.57,0.1348,1,-1,-1
1731,332,1083.15,498.82,19.00,43.07,0.3390,1,-1,-1
1732,254,620.00,464.29,16.60,38.39,0.7114,1,-1,-1
1732,258,1087.37,500.83,19.62,43.65,0.5936,1,-1,-1
1732,255,556.60,593.46,24.85,58.75,0.7178,1,-1,-1
1732,316,1251.44,365.47,17.47,33.73,0.5020,1,-1,-1
1732,317,1193.70,188.79,8.04,15.03,0.3979,1,-1,-1
1732,324,841.72,272.21,12.47,23.79,0.3748,1,-1,-1
1732,325,500.92,324.27,13.68,30.54,0.4912,1,-1,-1
1732,328,1823.52,298.42,11.79,25.29,0.3478,1,-1,-1
1732,256,789.26,545.47,24.11,50.64,0.6252,1,-1,-1
1732,326,892.68,293.44,11.79,27.29,0.3372,1,-1,-1
1732,333,1646.92,325.95,15.04,32.29,0.1217,1,-1,-1
1732,332,1083.60,501.40,18.94,42.31,0.3251,1,-1,-1
1733,254,620.97,466.69,16.38,38.40,0.7178,1,-1,-1
1733,258,1088.70,503.49,19.44,43.13,0.5117,1,-1,-1
1733,255,556.16,596.24,24.48,57.86,0.7098,1,-1,-1
1733,316,1253.03,368.31,16.43,32.34,0.4562,1,-1,-1
1733,317,1194.05,190.19,7.85,14.53,0.3183,1,-1,-1
1733,324,842.11,273.55,12.28,23.48,0.3594,1,-1,-1
1733,325,501.41,326.89,13.77,30.37,0.5689,1,-1,-1
1733,328,1823.20,300.37,11.61,24.79,0.2705,1,-1,-1
1733,256,789.83,547.93,23.77,48.83,0.6234,1,-1,-1
1733,326,892.99,295.81,11.48,26.49,0.4064,1,-1,-1
1733,332,1083.03,504.73,17.92,40.60,0.2870,1,-1,-1
1734,254,621.98,468.62,16.43,38.84,0.6628,1,-1,-1
1734,258,1089.56,505.95,19.60,43.58,0.4805,1,-1,-1
1734,255,555.53,598.95,24.75,58.78,0.7280,1,-1,-1
1734,316,1254.24,371.01,15.70,31.69,0.4668,1,-1,-1
1734,317,1193.77,190.74,8.47,15.71,0.3442,1,-1,-1
1734,324,842.87,274.01,12.31,23.45,0.2682,1,-1,-1
1734,325,501.26,327.99,14.07,30.74,0.5049,1,-1,-1
1734,328,1823.31,303.33,11.21,23.85,0.1290,1,-1,-1
1734,256,790.48,550.35,24.22,49.26,0.5622,1,-1,-1
1734,326,893.04,297.19,11.59,26.59,0.3711,1,-1,-1
1734,332,1084.02,507.23,18.66,41.91,0.1772,1,-1,-1
1735,254,623.35,470.10,16.55,39.13,0.7017,1,-1,-1
1735,258,1089.74,508.01,19.51,43.23,0.4746,1,-1,-1
1735,255,555.01,602.01,24.76,59.14,0.7341,1,-1,-1
1735,316,1254.08,372.24,15.98,32.79,0.4600,1,-1,-1
1735,317,1194.04,191.35,8.41,15.44,0.2134,1,-1,-1
1735,324,843.65,274.86,12.40,23.26,0.1950,1,-1,-1
1735,325,500.93,327.21,15.01,32.72,0.4292,1,-1,-1
1735,328,1822.91,304.49,11.45,24.42,0.3442,1,-1,-1
1735,256,791.09,553.08,24.92,50.44,0.6067,1,-1,-1
1735,326,893.16,298.38,11.60,26.37,0.2494,1,-1,-1
1735,332,1083.64,509.85,18.31,41.25,0.2494,1,-1,-1
1736,254,624.29,472.65,17.39,40.89,0.7098,1,-1,-1
1736,258,1090.53,510.31,19.32,42.90,0.6030,1,-1,-1
1736,255,554.45,604.84,24.97,59.49,0.7394,1,-1,-1
1736,316,1254.49,373.84,15.50,32.33,0.4932,1,-1,-1
1736,317,1193.64,191.60,8.67,15.97,0.2767,1,-1,-1
1736,324,844.33,276.08,12.47,23.03,0.1209,1,-1,-1
1736,325,500.91,329.36,15.00,32.50,0.4369,1,-1,-1
1736,328,1822.60,305.57,11.51,24.59,0.3082,1,-1,-1
1736,256,791.68,554.94,25.39,51.28,0.5651,1,-1,-1
1736,326,892.75,299.38,11.69,26.57,0.3124,1,-1,-1
1736,332,1083.90,511.86,18.30,41.19,0.1993,1,-1,-1
1737,254,626.21,475.89,17.74,40.95,0.6851,1,-1,-1
1737,258,1090.45,512.33,19.54,43.28,0.4912,1,-1,-1
1737,255,553.69,607.74,25.16,59.77,0.7280,1,-1,-1
1737,316,1254.61,375.36,15.41,32.60,0.5254,1,-1,-1
1737,317,1193.45,192.20,8.83,16.29,0.3794,1,-1,-1
1737,324,844.44,277.49,12.62,23.11,0.1343,1,-1,-1
1737,325,500.89,332.30,14.60,31.47,0.5117,1,-1,-1
1737,328,1822.34,306.60,11.38,24.38,0.4102,1,-1,-1
1737,256,792.78,557.09,25.14,50.60,0.5917,1,-1,-1
1737,326,892.68,301.31,11.70,26.40,0.4311,1,-1,-1
1737,332,1084.09,513.90,18.38,41.14,0.2379,1,-1,-1
1738,254,627.36,478.32,17.95,40.74,0.6951,1,-1,-1
1738,258,1090.84,515.11,19.28,42.61,0.4273,1,-1,-1
1738,255,552.17,610.26,25.86,60.86,0.7571,1,-1,-1
1738,316,1254.65,376.86,15.36,32.86,0.5273,1,-1,-1
1738,317,1193.43,192.46,9.07,16.79,0.4102,1,-1,-1
1738,324,845.16,278.81,12.79,23.11,0.1136,1,-1,-1
1738,325,500.68,333.61,14.84,31.88,0.4533,1,-1,-1
1738,328,1822.19,308.30,11.47,24.54,0.3032,1,-1,-1
1738,256,792.72,559.06,25.40,51.54,0.5224,1,-1,-1
1738,326,892.68,302.89,11.72,26.40,0.3486,1,-1,-1
1738,332,1084.16,516.38,17.76,39.63,0.3082,1,-1,-1
1739,254,628.31,479.73,18.67,41.93,0.6732,1,-1,-1
1739,258,1090.35,517.62,19.76,43.25,0.4932,1,-1,-1
1739,255,550.96,613.31,26.30,61.21,0.7670,1,-1,-1
1739,316,1254.78,378.10,15.51,33.48,0.4873,1,-1,-1
1739,317,1193.74,193.74,8.48,15.57,0.2878,1,-1,-1
1739,324,845.86,279.45,13.15,23.45,0.1268,1,-1,-1
1739,325,500.82,336.23,14.24,30.12,0.4883,1,-1,-1
1739,328,1822.09,309.25,11.58,24.78,0.2644,1,-1,-1
1739,256,793.68,562.46,24.18,49.12,0.3757,1,-1,-1
1739,326,892.89,303.79,11.82,26.84,0.3242,1,-1,-1
1739,332,1085.46,518.58,19.04,41.46,0.1546,1,-1,-1
1739,334,1248.08,378.46,19.14,34.39,0.4776,1,-1,-1
1740,254,628.41,482.02,18.51,41.46,0.6671,1,-1,-1
1740,258,1089.12,519.76,20.26,43.51,0.5137,1,-1,-1
1740,255,550.62,616.14,26.76,61.49,0.7820,1,-1,-1
1740,316,1255.50,381.06,14.67,32.09,0.4746,1,-1,-1
1740,317,1194.01,194.99,8.13,14.83,0.2422,1,-1,-1
1740,324,846.43,279.96,13.81,24.26,0.2282,1,-1,-1
1740,325,500.90,338.95,13.96,29.18,0.4980,1,-1,-1
1740,328,1821.83,309.75,11.87,25.37,0.2337,1,-1,-1
1740,256,794.34,564.97,24.09,49.62,0.3576,1,-1,-1
1740,326,892.79,304.19,12.05,27.55,0.3166,1,-1,-1
1740,334,1246.74,381.09,18.20,32.79,0.3831,1,-1,-1
1741,254,628.71,484.09,18.30,40.97,0.7009,1,-1,-1
1741,258,1089.40,521.54,20.81,44.19,0.4026,1,-1,-1
1741,255,551.04,619.22,27.08,61.16,0.7439,1,-1,-1
1741,316,1255.81,382.74,14.69,32.56,0.5312,1,-1,-1
1741,317,1193.11,195.93,8.74,15.95,0.1667,1,-1,-1
1741,324,847.63,282.07,13.61,23.93,0.2705,1,-1,-1
1741,325,500.72,339.66,14.96,30.99,0.6252,1,-1,-1
1741,328,1821.31,309.40,12.57,26.89,0.2330,1,-1,-1
1741,256,795.54,566.48,23.88,49.84,0.1895,1,-1,-1
1741,326,892.53,305.82,12.27,27.83,0.4504,1,-1,-1
1741,334,1246.83,382.59,18.32,33.08,0.3785,1,-1,-1
1742,254,629.24,486.92,18.29,41.14,0.6826,1,-1,-1
1742,258,1087.95,523.79,19.95,43.01,0.2910,1,-1,-1
1742,255,550.15,622.39,27.37,60.87,0.7106,1,-1,-1
1742,316,1255.93,384.23,14.83,33.37,0.5516,1,-1,-1
1742,317,1193.05,196.47,9.17,16.85,0.2728,1,-1,-1
1742,324,848.13,284.22,13.29,23.54,0.2751,1,-1,-1
1742,325,500.85,340.82,15.16,31.12,0.5898,1,-1,-1
1742,256,796.89,569.27,23.67,49.89,0.3711,1,-1,-1
1742,326,892.58,307.67,12.37,27.86,0.4805,1,-1,-1
1742,334,1247.16,383.73,18.66,33.80,0.2991,1,-1,-1
1743,254,630.46,489.51,17.57,39.68,0.6809,1,-1,-1
1743,258,1086.92,526.27,20.06,43.77,0.3905,1,-1,-1
1743,255,548.90,625.82,27.05,59.64,0.7114,1,-1,-1
1743,316,1256.45,386.65,14.44,32.77,0.5234,1,-1,-1
1743,317,1192.67,197.17,9.19,16.90,0.2798,1,-1,-1
1743,324,847.45,285.97,13.40,23.82,0.2697,1,-1,-1
1743,325,501.02,342.72,14.99,30.53,0.5708,1,-1,-1
1743,256,798.76,571.84,23.27,49.61,0.6197,1,-1,-1
1743,326,892.65,308.41,12.64,28.51,0.4513,1,-1,-1
1743,334,1246.57,386.44,17.84,32.65,0.4017,1,-1,-1
1744,254,631.98,491.47,16.81,38.37,0.6834,1,-1,-1
1744,258,1086.93,529.22,20.16,44.52,0.5254,1,-1,-1
1744,255,547.05,629.22,26.64,58.54,0.6610,1,-1,-1
1744,316,1256.62,388.12,14.20,32.46,0.4600,1,-1,-1
1744,317,1192.83,197.99,8.99,16.62,0.2822,1,-1,-1
1744,324,847.33,287.07,13.45,23.97,0.3320,1,-1,-1
1744,325,500.83,344.37,14.59,29.60,0.5612,1,-1,-1
1744,256,799.50,573.72,23.95,51.46,0.5670,1,-1,-1
1744,326,892.89,309.49,12.51,28.22,0.3174,1,-1,-1
1744,334,1246.99,388.42,17.48,32.28,0.2744,1,-1,-1
1745,254,632.93,492.25,16.78,39.18,0.7033,1,-1,-1
1745,258,1086.77,532.70,19.05,42.23,0.6067,1,-1,-1
1745,255,545.68,631.38,26.95,59.28,0.6424,1,-1,-1
1745,316,1256.84,388.94,14.13,32.48,0.4465,1,-1,-1
1745,317,1193.17,198.61,8.91,16.52,0.2487,1,-1,-1
1745,324,847.50,287.65,13.53,24.26,0.3739,1,-1,-1
1745,325,500.70,345.79,14.37,29.23,0.5467,1,-1,-1
1745,256,801.31,576.28,23.67,50.92,0.6160,1,-1,-1
1745,326,892.72,311.80,12.08,27.02,0.4102,1,-1,-1
1745,334,1246.70,389.54,17.28,32.30,0.3157,1,-1,-1
1745,335,1100.51,529.76,15.19,44.37,0.5823,1,-1,-1
1746,254,633.77,493.39,17.02,40.68,0.6885,1,-1,-1
1746,258,1088.42,534.12,19.39,43.06,0.5059,1,-1,-1
1746,255,544.35,633.47,26.75,59.04,0.7090,1,-1,-1
1746,316,1257.18,390.14,13.98,32.31,0.4036,1,-1,-1
1746,317,1193.67,200.22,8.56,15.72,0.1495,1,-1,-1
1746,324,847.62,287.70,14.01,25.19,0.3442,1,-1,-1
1746,325,500.86,347.25,14.13,28.87,0.4785,1,-1,-1
1746,256,802.21,578.74,23.64,50.22,0.5205,1,-1,-1
1746,326,892.69,313.87,11.91,26.23,0.3766,1,-1,-1
1746,334,1247.45,391.06,17.17,32.17,0.2193,1,-1,-1
1746,335,1100.43,531.89,15.16,44.24,0.5458,1,-1,-1
1747,254,635.20,494.98,16.65,40.09,0.6918,1,-1,-1
1747,258,1089.59,535.72,19.67,43.56,0.4776,1,-1,-1
1747,255,543.47,635.62,26.32,58.28,0.7122,1,-1,-1
1747,316,1257.48,391.58,13.93,32.45,0.2926,1,-1,-1
1747,317,1193.68,201.51,8.46,15.39,0.1767,1,-1,-1
1747,324,847.46,288.59,14.06,25.52,0.2494,1,-1,-1
1747,325,501.01,347.86,14.01,28.83,0.5078,1,-1,-1
1747,256,802.91,580.98,23.86,49.93,0.5993,1,-1,-1
1747,326,892.76,315.24,12.08,26.26,0.2241,1,-1,-1
1747,334,1247.33,392.48,17.33,32.56,0.1403,1,-1,-1
1747,335,1100.28,533.89,15.38,44.71,0.5370,1,-1,-1
1748,254,637.06,497.14,16.04,38.71,0.6783,1,-1,-1
1748,258,1090.36,536.52,20.57,45.33,0.4465,1,-1,-1
1748,255,542.86,637.84,26.14,58.33,0.6926,1,-1,-1
1748,316,1257.29,393.58,13.78,32.17,0.4140,1,-1,-1
1748,317,1193.84,202.68,8.39,15.05,0.1461,1,-1,-1
1748,324,847.70,289.73,13.90,25.47,0.1987,1,-1,-1
1748,325,501.01,348.85,13.85,28.63,0.4863,1,-1,-1
1748,256,804.20,583.12,24.02,49.39,0.6179,1,-1,-1
1748,326,892.61,316.37,12.43,26.77,0.1854,1,-1,-1
1748,334,1246.48,394.00,16.89,31.95,0.2268,1,-1,-1
1748,335,1100.30,535.78,15.66,45.00,0.4922,1,-1,-1
1749,254,638.28,498.52,16.28,39.53,0.6558,1,-1,-1
1749,258,1091.13,538.92,19.84,43.77,0.4475,1,-1,-1
1749,255,542.29,639.54,26.10,58.89,0.7210,1,-1,-1
1749,316,1257.06,394.60,14.06,32.72,0.3303,1,-1,-1
1749,317,1193.51,203.14,8.88,15.92,0.2288,1,-1,-1
1749,324,848.41,290.73,13.64,25.00,0.2288,1,-1,-1
1749,325,501.03,350.67,13.75,28.54,0.4707,1,-1,-1
1749,256,804.68,584.88,24.15,49.28,0.6540,1,-1,-1
1749,326,892.50,316.95,12.59,26.82,0.1577,1,-1,-1
1749,334,1247.20,394.93,16.99,32.06,0.1772,1,-1,-1
1749,335,1100.57,538.24,15.54,43.84,0.5039,1,-1,-1
1750,254,639.23,500.04,16.54,40.51,0.6325,1,-1,-1
1750,258,1091.54,540.77,19.32,42.88,0.3998,1,-1,-1
1750,255,541.65,641.33,25.89,58.82,0.7001,1,-1,-1
1750,316,1256.81,395.28,14.48,33.58,0.3666,1,-1,-1
1750,317,1193.22,203.24,9.37,16.77,0.2351,1,-1,-1
1750,324,849.05,291.73,13.34,24.65,0.2736,1,-1,-1
1750,325,500.62,351.38,14.39,29.93,0.4815,1,-1,-1
1750,256,805.53,586.68,24.49,49.21,0.6558,1,-1,-1
1750,326,892.74,317.63,12.63,26.75,0.3748,1,-1,-1
1750,334,1246.20,395.57,17.10,32.50,0.1592,1,-1,-1
1750,335,1101.71,539.71,15.88,44.18,0.4824,1,-1,-1
1751,254,640.22,501.86,16.29,39.73,0.6011,1,-1,-1
1751,258,1093.10,542.49,19.06,42.46,0.2950,1,-1,-1
1751,255,541.10,642.99,26.20,59.99,0.7130,1,-1,-1
1751,316,1257.15,396.11,14.57,33.78,0.2958,1,-1,-1
1751,317,1193.27,203.44,9.51,17.03,0.1974,1,-1,-1
1751,324,849.29,292.73,12.99,24.33,0.2983,1,-1,-1
1751,325,500.44,352.05,14.47,30.11,0.5127,1,-1,-1
1751,256,805.42,588.52,24.22,48.30,0.5361,1,-1,-1
1751,326,892.74,318.15,12.84,27.15,0.3594,1,-1,-1
1751,334,1246.34,396.44,16.77,32.21,0.1200,1,-1,-1
1751,335,1102.08,541.43,16.07,44.06,0.4571,1,-1,-1
1752,254,641.11,503.08,16.41,39.86,0.6575,1,-1,-1
1752,258,1092.92,543.30,18.65,42.28,0.1993,1,-1,-1
1752,255,540.22,644.83,25.94,59.72,0.7162,1,-1,-1
1752,316,1256.40,397.39,14.90,34.23,0.2659,1,-1,-1
1752,317,1193.53,203.80,9.43,16.85,0.1255,1,-1,-1
1752,324,849.56,292.82,13.18,24.94,0.3174,1,-1,-1
1752,325,500.83,353.32,14.07,29.16,0.4785,1,-1,-1
1752,256,805.62,589.79,23.97,47.57,0.5234,1,-1,-1
1752,326,892.89,319.46,12.63,26.61,0.4321,1,-1,-1
1752,334,1248.99,397.62,17.51,33.40,0.1422,1,-1,-1
1752,335,1103.60,542.72,15.91,43.36,0.3684,1,-1,-1
1753,254,642.34,504.56,16.50,39.92,0.6732,1,-1,-1
1753,258,1093.79,544.45,18.45,42.46,0.1987,1,-1,-1
1753,255,539.15,646.33,25.82,59.65,0.7082,1,-1,-1
1753,316,1256.69,398.32,14.87,34.22,0.3065,1,-1,-1
1753,317,1193.68,204.16,9.26,16.46,0.1427,1,-1,-1
1753,324,850.31,292.77,13.45,25.55,0.2783,1,-1,-1
1753,325,501.10,354.10,13.77,28.45,0.4513,1,-1,-1
1753,256,806.10,590.78,24.48,48.19,0.5535,1,-1,-1
1753,326,893.42,320.40,12.35,25.77,0.2736,1,-1,-1
1753,334,1250.65,398.16,18.29,34.50,0.2082,1,-1,-1
1753,335,1105.37,543.88,15.88,43.14,0.3942,1,-1,-1
1754,254,643.81,506.05,16.66,39.58,0.6951,1,-1,-1
1754,258,1094.98,545.17,18.60,42.97,0.2147,1,-1,-1
1754,255,538.02,647.75,25.74,59.55,0.7241,1,-1,-1
1754,316,1256.55,399.69,14.56,33.51,0.2429,1,-1,-1
1754,317,1193.79,204.60,8.90,15.75,0.1037,1,-1,-1
1754,324,850.62,293.04,13.67,26.15,0.3576,1,-1,-1
1754,325,501.26,355.45,13.72,28.22,0.4863,1,-1,-1
1754,256,806.56,592.13,24.93,48.92,0.4388,1,-1,-1
1754,326,893.60,321.48,12.38,25.63,0.3821,1,-1,-1
1754,334,1251.22,399.09,18.47,34.49,0.1950,1,-1,-1
1754,335,1104.57,545.00,16.14,43.03,0.4523,1,-1,-1
1755,254,644.36,507.68,16.46,38.57,0.6951,1,-1,-1
1755,258,1096.26,545.70,18.76,43.08,0.1683,1,-1,-1
1755,255,537.01,649.17,25.66,59.50,0.7364,1,-1,-1
1755,316,1255.16,400.05,15.01,33.91,0.2043,1,-1,-1
1755,324,850.74,293.85,13.43,25.89,0.4292,1,-1,-1
1755,325,501.09,356.56,14.11,28.95,0.4980,1,-1,-1
1755,256,807.97,593.76,24.86,48.51,0.4785,1,-1,-1
1755,326,893.67,322.44,12.43,25.68,0.3329,1,-1,-1
1755,334,1250.38,400.07,18.17,33.90,0.1285,1,-1,-1
1755,335,1106.01,545.07,16.33,43.45,0.1913,1,-1,-1
1756,254,644.71,509.11,16.16,37.43,0.6951,1,-1,-1
1756,258,1097.53,547.34,18.60,41.93,0.1385,1,-1,-1
1756,255,535.71,650.71,25.83,59.65,0.7527,1,-1,-1
1756,316,1254.32,400.52,15.46,34.25,0.3657,1,-1,-1
1756,324,850.88,294.93,12.91,25.03,0.4494,1,-1,-1
1756,325,501.02,357.39,14.28,29.27,0.4717,1,-1,-1
1756,256,809.92,595.68,24.67,47.88,0.5117,1,-1,-1
1756,326,893.84,323.28,12.51,25.84,0.3998,1,-1,-1
1756,335,1106.76,546.13,16.34,43.32,0.2372,1,-1,-1
1757,254,645.17,509.44,16.46,37.48,0.6935,1,-1,-1
1757,258,1098.62,548.95,17.70,40.54,0.2234,1,-1,-1
1757,255,534.40,651.60,26.32,60.63,0.7571,1,-1,-1
1757,316,1255.81,401.04,15.22,34.00,0.3124,1,-1,-1
1757,324,850.99,295.92,12.53,24.50,0.4484,1,-1,-1
1757,325,500.68,357.95,14.42,29.40,0.3821,1,-1,-1
1757,256,810.59,596.69,24.49,47.43,0.5737,1,-1,-1
1757,326,893.82,323.81,12.52,25.84,0.4273,1,-1,-1
1757,335,1107.33,548.22,16.17,42.68,0.2628,1,-1,-1
1758,254,645.89,509.44,16.94,37.96,0.7130,1,-1,-1
1758,258,1100.38,549.85,17.81,40.70,0.3032,1,-1,-1
1758,255,534.25,654.01,25.83,58.75,0.6885,1,-1,-1
1758,316,1256.63,402.18,15.07,34.01,0.2713,1,-1,-1
1758,324,851.08,296.78,12.23,24.11,0.4630,1,-1,-1
1758,325,500.69,358.85,14.27,28.97,0.4026,1,-1,-1
1758,256,811.03,597.89,24.29,47.04,0.5467,1,-1,-1
1758,326,893.81,324.21,12.31,25.47,0.3766,1,-1,-1
1758,335,1108.20,550.33,15.97,42.36,0.2531,1,-1,-1
1759,254,646.66,509.52,17.27,38.58,0.7318,1,-1,-1
1759,258,1101.32,550.39,18.51,41.93,0.2591,1,-1,-1
1759,255,533.17,655.46,26.00,58.47,0.7146,1,-1,-1
1759,316,1257.35,403.05,14.67,33.39,0.1968,1,-1,-1
1759,324,851.27,297.23,12.10,23.97,0.3998,1,-1,-1
1759,325,500.60,359.53,14.22,28.71,0.4168,1,-1,-1
1759,256,811.49,598.54,23.85,46.33,0.3923,1,-1,-1
1759,326,893.72,324.70,12.06,25.03,0.3132,1,-1,-1
1759,335,1108.67,551.26,16.07,42.89,0.3303,1,-1,-1
1760,254,647.44,509.67,17.29,38.71,0.7130,1,-1,-1
1760,258,1101.55,550.73,19.10,42.83,0.2295,1,-1,-1
1760,255,532.58,656.08,26.72,59.38,0.7122,1,-1,-1
1760,316,1256.57,403.59,15.15,34.62,0.2288,1,-1,-1
1760,324,852.00,297.37,11.98,23.64,0.3585,1,-1,-1
1760,325,500.38,359.76,14.23,28.65,0.4883,1,-1,-1
1760,256,812.47,599.49,22.69,44.76,0.1132,1,-1,-1
1760,326,893.77,325.19,11.91,24.84,0.3730,1,-1,-1
1760,335,1108.81,551.37,16.42,43.94,0.3630,1,-1,-1
1761,254,647.97,510.30,17.28,39.07,0.7001,1,-1,-1
1761,258,1099.87,551.28,18.70,42.60,0.5000,1,-1,-1
1761,255,532.38,656.54,27.40,59.71,0.6984,1,-1,-1
1761,316,1254.34,404.24,16.08,35.91,0.4484,1,-1,-1
1761,324,851.70,297.35,11.83,23.39,0.3540,1,-1,-1
1761,325,499.96,360.43,14.11,28.24,0.5293,1,-1,-1
1761,256,813.53,598.97,22.76,45.56,0.3594,1,-1,-1
1761,326,893.84,325.68,11.95,25.02,0.3794,1,-1,-1
1761,335,1110.75,551.12,16.33,44.10,0.5107,1,-1,-1
1762,254,649.23,510.55,16.96,38.61,0.6766,1,-1,-1
1762,258,1099.40,552.32,18.16,41.77,0.5370,1,-1,-1
1762,255,531.81,657.99,27.19,58.41,0.6885,1,-1,-1
1762,316,1253.41,404.60,16.51,36.10,0.4130,1,-1,-1
1762,324,851.58,297.37,11.81,23.38,0.3355,1,-1,-1
1762,325,499.84,360.83,14.01,27.90,0.5176,1,-1,-1
1762,256,814.12,598.74,23.17,46.89,0.4756,1,-1,-1
1762,326,893.95,325.89,12.11,25.40,0.4026,1,-1,-1
1762,335,1111.82,552.23,15.88,43.15,0.5535,1,-1,-1
1763,254,650.47,511.13,16.79,38.65,0.6397,1,-1,-1
1763,258,1099.41,553.08,17.84,41.00,0.5234,1,-1,-1
1763,255,530.19,658.42,26.96,57.59,0.6951,1,-1,-1
1763,316,1253.03,404.71,16.82,36.03,0.4073,1,-1,-1
1763,324,852.17,297.29,11.79,23.32,0.3748,1,-1,-1
1763,325,499.86,361.29,13.92,27.62,0.5068,1,-1,-1
1763,256,814.98,599.73,23.16,47.20,0.4562,1,-1,-1
1763,326,894.02,325.99,12.20,25.63,0.4330,1,-1,-1
1763,335,1112.81,553.05,15.43,41.99,0.5784,1,-1,-1
1764,254,651.88,512.62,16.08,37.35,0.6689,1,-1,-1
1764,258,1099.46,553.54,17.96,41.40,0.5049,1,-1,-1
1764,255,528.82,658.98,26.46,56.54,0.7001,1,-1,-1
1764,316,1253.14,404.72,17.12,35.98,0.4121,1,-1,-1
1764,324,852.70,297.36,12.02,23.78,0.3311,1,-1,-1
1764,325,499.71,361.63,13.96,27.71,0.5049,1,-1,-1
1764,256,816.02,600.43,23.30,47.80,0.5234,1,-1,-1
1764,326,894.07,326.05,12.24,25.72,0.4102,1,-1,-1
1764,335,1113.26,553.09,15.54,42.40,0.6105,1,-1,-1
1765,254,652.98,513.05,15.80,36.95,0.6740,1,-1,-1
1765,258,1100.23,553.59,17.59,40.80,0.4177,1,-1,-1
1765,255,527.68,659.04,26.08,56.04,0.6749,1,-1,-1
1765,316,1252.35,405.15,16.78,34.64,0.3032,1,-1,-1
1765,324,853.28,297.49,12.06,23.83,0.2323,1,-1,-1
1765,325,499.66,362.25,13.94,27.73,0.4707,1,-1,-1
1765,256,816.93,600.86,23.56,48.51,0.3840,1,-1,-1
1765,326,894.14,325.98,12.28,25.84,0.4168,1,-1,-1
1765,335,1113.80,553.11,15.21,41.63,0.6049,1,-1,-1
1766,254,653.90,513.46,15.68,36.76,0.6792,1,-1,-1
1766,258,1101.77,553.32,17.41,40.68,0.4542,1,-1,-1
1766,255,526.41,659.11,25.78,55.98,0.6325,1,-1,-1
1766,316,1252.13,405.33,16.80,34.06,0.2983,1,-1,-1
1766,324,853.73,297.32,12.15,24.03,0.1640,1,-1,-1
1766,325,499.79,363.10,13.38,26.55,0.3268,1,-1,-1
1766,256,818.14,601.12,23.22,48.04,0.5631,1,-1,-1
1766,326,894.13,326.08,12.32,25.89,0.3998,1,-1,-1
1766,335,1113.82,553.27,15.18,41.47,0.5898,1,-1,-1
1767,254,654.81,513.48,15.72,36.98,0.7033,1,-1,-1
1767,258,1103.69,552.88,17.30,40.55,0.3099,1,-1,-1
1767,255,524.75,658.86,25.60,56.32,0.6397,1,-1,-1
1767,316,1254.49,405.60,16.44,33.37,0.4552,1,-1,-1
1767,324,854.23,297.29,12.10,23.99,0.1124,1,-1,-1
1767,325,499.52,363.60,13.38,26.63,0.4168,1,-1,-1
1767,256,819.78,601.71,22.84,47.31,0.5917,1,-1,-1
1767,326,894.07,326.23,12.40,26.03,0.3905,1,-1,-1
1767,335,1113.98,553.15,15.19,41.30,0.5574,1,-1,-1
1768,254,655.92,513.27,15.77,37.24,0.7001,1,-1,-1
1768,258,1106.11,552.72,17.75,40.96,0.3478,1,-1,-1
1768,255,523.56,659.03,25.39,56.57,0.6234,1,-1,-1
1768,316,1255.44,405.79,16.26,33.05,0.4678,1,-1,-1
1768,324,854.55,297.33,12.09,24.00,0.1466,1,-1,-1
1768,325,499.23,363.82,13.51,27.01,0.4301,1,-1,-1
1768,256,821.20,602.20,22.48,46.46,0.6215,1,-1,-1
1768,326,893.94,326.29,12.51,26.28,0.4475,1,-1,-1
1768,335,1113.89,553.11,15.53,41.67,0.5419,1,-1,-1
1769,254,656.98,513.39,15.80,37.33,0.6951,1,-1,-1
1769,258,1107.08,553.18,18.43,41.44,0.4359,1,-1,-1
1769,255,522.79,659.76,24.93,55.92,0.6234,1,-1,-1
1769,316,1255.53,405.82,16.33,33.14,0.4698,1,-1,-1
1769,324,854.88,297.02,12.00,23.98,0.2114,1,-1,-1
1769,325,498.71,363.81,13.94,28.13,0.4426,1,-1,-1
1769,256,822.17,602.38,22.35,45.94,0.5898,1,-1,-1
1769,326,893.79,326.32,12.66,26.61,0.4659,1,-1,-1
1769,335,1113.12,553.45,16.22,42.12,0.5185,1,-1,-1
1770,254,658.35,513.43,15.88,37.25,0.7162,1,-1,-1
1770,258,1107.86,553.32,18.80,41.76,0.3090,1,-1,-1
1770,255,521.89,659.45,24.84,55.87,0.6584,1,-1,-1
1770,316,1255.36,405.82,16.44,33.13,0.4397,1,-1,-1
1770,324,855.03,296.77,11.99,24.09,0.2069,1,-1,-1
1770,325,498.42,363.98,13.97,28.35,0.4321,1,-1,-1
1770,256,822.52,602.50,22.43,45.90,0.5974,1,-1,-1
1770,326,893.80,326.42,12.72,26.74,0.4484,1,-1,-1
1770,335,1113.59,553.76,16.62,42.16,0.5176,1,-1,-1
1771,254,659.42,513.17,16.16,37.44,0.7364,1,-1,-1
1771,258,1108.40,553.11,19.27,42.41,0.2114,1,-1,-1
1771,255,520.98,658.94,25.39,56.97,0.7009,1,-1,-1
1771,316,1255.58,405.83,16.43,33.02,0.4426,1,-1,-1
1771,324,855.03,297.13,11.82,23.83,0.2160,1,-1,-1
1771,325,497.86,363.83,14.40,29.45,0.4552,1,-1,-1
1771,256,822.64,602.34,22.75,46.35,0.5593,1,-1,-1
1771,326,893.84,326.51,12.78,26.83,0.4244,1,-1,-1
1771,335,1114.30,553.75,16.93,42.31,0.4883,1,-1,-1
1772,254,659.95,512.85,16.43,37.76,0.7409,1,-1,-1
1772,258,1108.23,552.56,19.33,42.56,0.1651,1,-1,-1
1772,255,519.51,658.52,25.94,58.21,0.6843,1,-1,-1
1772,316,1255.74,405.83,16.45,33.00,0.4475,1,-1,-1
1772,324,855.06,297.33,11.79,23.87,0.2043,1,-1,-1
1772,325,497.52,364.21,14.54,29.76,0.4475,1,-1,-1
1772,256,823.46,602.36,23.10,46.49,0.6086,1,-1,-1
1772,326,893.88,326.59,12.88,26.95,0.4158,1,-1,-1
1772,335,1115.26,553.78,16.95,41.83,0.5039,1,-1,-1
1773,254,660.42,512.55,16.57,38.03,0.7225,1,-1,-1
1773,258,1107.85,552.68,19.29,42.77,0.1597,1,-1,-1
1773,255,518.27,659.46,26.01,58.05,0.6505,1,-1,-1
1773,316,1255.94,405.86,16.47,33.12,0.4610,1,-1,-1
1773,324,855.11,297.18,11.90,24.22,0.2337,1,-1,-1
1773,325,497.40,364.76,14.55,29.63,0.4581,1,-1,-1
1773,256,824.12,602.62,23.44,46.39,0.6197,1,-1,-1
1773,326,893.92,326.71,12.97,27.06,0.3886,1,-1,-1
1773,335,1116.01,553.91,17.20,41.88,0.5098,1,-1,-1
1774,254,661.43,512.43,16.59,38.12,0.6732,1,-1,-1
1774,258,1107.35,552.59,18.55,41.66,0.1733,1,-1,-1
1774,255,517.54,660.70,25.80,56.91,0.6558,1,-1,-1
1774,316,1256.05,405.77,16.60,33.45,0.4932,1,-1,-1
1774,324,855.23,296.95,12.05,24.65,0.1683,1,-1,-1
1774,325,497.13,365.24,14.49,29.32,0.4378,1,-1,-1
1774,256,824.55,602.82,23.65,46.29,0.6179,1,-1,-1
1774,326,893.87,326.77,13.13,27.30,0.3831,1,-1,-1
1774,335,1116.85,553.64,17.16,41.27,0.5078,1,-1,-1
1775,254,662.18,512.40,16.48,38.01,0.6645,1,-1,-1
1775,258,1107.62,552.82,18.26,41.09,0.1603,1,-1,-1
1775,255,515.85,661.44,26.23,56.77,0.6505,1,-1,-1
1775,316,1255.87,405.62,16.87,33.97,0.4980,1,-1,-1
1775,324,855.69,297.06,12.11,24.88,0.1196,1,-1,-1
1775,325,496.43,365.48,14.62,29.49,0.4340,1,-1,-1
1775,256,825.52,602.94,23.71,45.83,0.5670,1,-1,-1
1775,326,893.79,326.89,13.28,27.60,0.3594,1,-1,-1
1775,335,1116.64,553.34,17.60,41.53,0.4707,1,-1,-1
1776,254,662.86,512.02,16.60,38.62,0.4951,1,-1,-1
1776,258,1108.42,553.10,17.39,39.64,0.1120,1,-1,-1
1776,255,514.64,661.03,27.11,57.64,0.6732,1,-1,-1
1776,316,1255.69,405.45,16.72,33.45,0.4971,1,-1,-1
1776,324,855.92,296.99,11.76,24.34,0.1152,1,-1,-1
1776,325,495.85,364.27,15.41,31.23,0.4941,1,-1,-1
1776,256,826.22,603.14,23.70,45.75,0.5651,1,-1,-1
1776,326,893.75,327.34,13.26,27.63,0.2991,1,-1,-1
1776,335,1118.92,553.67,17.12,40.90,0.4698,1,-1,-1
1777,254,663.64,511.57,16.49,38.78,0.5670,1,-1,-1
1777,258,1108.72,553.39,16.71,38.68,0.1082,1,-1,-1
1777,255,514.18,660.97,27.37,57.56,0.6817,1,-1,-1
1777,316,1255.91,405.40,16.51,32.87,0.5117,1,-1,-1
1777,324,856.30,296.83,11.86,24.65,0.1097,1,-1,-1
1777,325,495.58,364.06,15.63,31.66,0.4776,1,-1,-1
1777,256,826.81,602.93,23.72,45.67,0.5917,1,-1,-1
1777,326,893.74,327.55,13.27,27.63,0.3099,1,-1,-1
1777,335,1120.45,553.79,16.46,39.94,0.4893,1,-1,-1
1778,254,664.34,511.28,16.41,39.02,0.5351,1,-1,-1
1778,258,1110.49,553.62,16.48,38.92,0.4254,1,-1,-1
1778,255,513.76,661.18,27.26,56.87,0.6766,1,-1,-1
1778,316,1255.99,405.34,16.39,32.44,0.4941,1,-1,-1
1778,324,856.74,296.33,12.40,25.83,0.1221,1,-1,-1
1778,325,495.48,364.17,15.71,31.68,0.4971,1,-1,-1
1778,256,827.42,602.59,23.86,45.86,0.5993,1,-1,-1
1778,326,893.74,327.59,13.30,27.66,0.3040,1,-1,-1
1778,335,1121.08,553.60,16.47,40.42,0.4795,1,-1,-1
1779,254,665.31,511.25,16.12,38.91,0.6307,1,-1,-1
1779,258,1111.07,554.34,16.08,38.42,0.4737,1,-1,-1
1779,255,513.20,661.34,27.38,56.84,0.6645,1,-1,-1
1779,316,1256.29,405.34,16.31,32.22,0.4785,1,-1,-1
1779,324,857.16,296.15,12.76,26.49,0.1019,1,-1,-1
1779,325,495.37,364.38,15.66,31.45,0.5176,1,-1,-1
1779,256,828.01,602.02,24.00,46.04,0.5898,1,-1,-1
1779,326,893.75,327.58,13.31,27.60,0.3007,1,-1,-1
1779,335,1122.11,553.85,16.02,39.71,0.4688,1,-1,-1
1780,254,666.22,511.50,15.84,38.74,0.6817,1,-1,-1
1780,258,1111.53,554.45,15.75,38.03,0.4698,1,-1,-1
1780,255,511.53,662.00,27.31,56.41,0.6379,1,-1,-1
1780,316,1256.63,405.36,16.32,32.28,0.4795,1,-1,-1
1780,325,495.25,364.22,15.71,31.48,0.5195,1,-1,-1
1780,256,828.27,601.51,24.35,46.54,0.5708,1,-1,-1
1780,326,893.79,327.58,13.31,27.47,0.2814,1,-1,-1
1780,335,1123.65,553.63,15.35,38.46,0.5078,1,-1,-1
1781,254,667.22,511.72,15.49,38.15,0.6968,1,-1,-1
1781,258,1111.96,554.52,15.85,38.34,0.5166,1,-1,-1
1781,255,509.92,662.08,27.27,56.36,0.6343,1,-1,-1
1781,316,1256.58,405.34,16.29,32.17,0.4426,1,-1,-1
1781,325,495.32,364.80,15.55,31.05,0.5029,1,-1,-1
1781,256,829.11,601.53,24.07,46.06,0.5670,1,-1,-1
1781,326,893.92,327.57,13.29,27.23,0.2546,1,-1,-1
1781,335,1124.50,553.63,15.15,38.23,0.6105,1,-1,-1
1782,254,668.13,511.86,15.23,37.79,0.7130,1,-1,-1
1782,258,1112.04,554.39,16.21,39.19,0.5631,1,-1,-1
1782,255,509.02,662.89,27.33,56.15,0.6030,1,-1,-1
1782,316,1256.76,405.34,16.27,32.09,0.4301,1,-1,-1
1782,325,495.20,365.69,15.23,30.22,0.4620,1,-1,-1
1782,256,830.43,601.52,23.42,45.19,0.5612,1,-1,-1
1782,326,893.96,327.55,13.31,27.14,0.2775,1,-1,-1
1782,335,1124.96,553.79,15.40,39.27,0.6105,1,-1,-1
1783,254,668.91,511.52,15.34,38.23,0.7114,1,-1,-1
1783,258,1112.99,553.99,16.50,39.79,0.4717,1,-1,-1
1783,255,507.64,663.20,27.66,56.84,0.6496,1,-1,-1
1783,316,1256.93,405.30,16.27,31.99,0.4562,1,-1,-1
1783,325,494.73,366.52,14.78,29.25,0.4533,1,-1,-1
1783,256,831.40,601.50,22.99,44.90,0.5651,1,-1,-1
1783,326,894.00,327.49,13.37,27.15,0.2902,1,-1,-1
1783,335,1125.00,553.81,15.62,40.18,0.5263,1,-1,-1
1784,254,669.82,511.55,15.24,38.07,0.7098,1,-1,-1
1784,258,1114.69,554.58,16.32,39.02,0.4311,1,-1,-1
1784,255,506.50,663.31,27.60,56.95,0.6654,1,-1,-1
1784,316,1257.22,405.17,16.15,31.68,0.4562,1,-1,-1
1784,325,494.36,366.85,14.27,28.30,0.3923,1,-1,-1
1784,256,832.62,602.28,22.68,44.83,0.5727,1,-1,-1
1784,326,894.06,327.41,13.38,27.16,0.3329,1,-1,-1
1784,335,1125.11,554.14,15.37,39.67,0.5195,1,-1,-1
1785,254,671.05,511.45,15.59,38.56,0.7210,1,-1,-1
1785,258,1117.22,554.51,16.92,39.18,0.4873,1,-1,-1
1785,255,505.38,663.42,27.15,56.60,0.6740,1,-1,-1
1785,316,1257.29,405.07,16.31,31.85,0.5000,1,-1,-1
1785,325,494.27,366.94,14.16,28.18,0.4263,1,-1,-1
1785,256,833.27,602.64,22.74,45.44,0.5823,1,-1,-1
1785,326,894.17,327.42,13.37,27.11,0.3612,1,-1,-1
1785,335,1124.68,554.06,15.68,40.07,0.5078,1,-1,-1
1786,254,672.13,511.34,16.04,38.89,0.7318,1,-1,-1
1786,258,1118.36,554.29,17.64,39.53,0.5107,1,-1,-1
1786,255,504.23,663.13,27.03,57.02,0.6876,1,-1,-1
1786,316,1257.54,405.13,16.20,31.53,0.4961,1,-1,-1
1786,325,494.09,367.01,14.18,28.35,0.4533,1,-1,-1
1786,256,833.54,602.48,22.87,46.09,0.4922,1,-1,-1
1786,326,894.27,327.27,13.44,27.21,0.3989,1,-1,-1
1786,335,1123.80,553.84,16.24,40.26,0.4805,1,-1,-1
1787,254,673.07,511.81,16.33,38.63,0.7114,1,-1,-1
1787,258,1119.17,554.19,18.60,40.25,0.4815,1,-1,-1
1787,255,503.24,663.03,26.93,57.27,0.6876,1,-1,-1
1787,316,1257.58,405.16,16.26,31.43,0.4883,1,-1,-1
1787,325,493.91,366.90,14.21,28.57,0.4206,1,-1,-1
1787,256,834.58,602.64,22.66,45.80,0.4102,1,-1,-1
1787,326,894.35,327.43,13.37,27.03,0.3648,1,-1,-1
1787,335,1125.02,553.58,18.00,42.32,0.1705,1,-1,-1
1788,254,673.60,512.14,16.54,38.20,0.6901,1,-1,-1
1788,258,1119.72,554.24,19.52,41.15,0.4863,1,-1,-1
1788,255,502.35,663.14,26.58,56.95,0.6817,1,-1,-1
1788,316,1257.93,405.22,16.31,31.48,0.4883,1,-1,-1
1788,325,493.60,366.77,14.37,29.07,0.4902,1,-1,-1
1788,256,835.67,602.53,22.71,45.39,0.5322,1,-1,-1
1788,326,894.30,327.33,13.45,27.19,0.3612,1,-1,-1
1788,335,1123.99,552.98,19.60,44.75,0.3124,1,-1,-1
1789,254,673.50,512.57,16.58,37.41,0.6775,1,-1,-1
1789,258,1119.66,554.24,19.51,40.94,0.3886,1,-1,-1
1789,255,501.88,663.29,26.21,56.70,0.6783,1,-1,-1
1789,316,1258.57,405.71,16.02,31.00,0.4523,1,-1,-1
1789,325,493.34,366.89,14.40,29.16,0.4922,1,-1,-1
1789,256,836.21,602.65,23.08,45.32,0.5746,1,-1,-1
1789,326,894.31,327.59,13.47,27.25,0.3390,1,-1,-1
1789,335,1126.87,553.34,19.40,44.02,0.5273,1,-1,-1
1790,254,673.34,512.64,16.60,36.88,0.7090,1,-1,-1
1790,258,1120.18,554.01,19.89,41.20,0.2689,1,-1,-1
1790,255,500.95,663.00,25.77,56.41,0.6800,1,-1,-1
1790,316,1259.04,405.97,15.99,31.10,0.4698,1,-1,-1
1790,325,493.04,367.08,14.46,29.29,0.4932,1,-1,-1
1790,256,836.87,602.14,23.68,45.75,0.5727,1,-1,-1
1790,326,894.31,327.62,13.53,27.38,0.3007,1,-1,-1
1790,335,1127.29,553.23,19.88,44.19,0.5583,1,-1,-1
1791,254,674.21,512.36,16.48,36.42,0.6298,1,-1,-1
1791,255,500.13,663.29,25.40,55.98,0.6783,1,-1,-1
1791,316,1259.13,406.11,15.90,30.76,0.4273,1,-1,-1
1791,325,492.91,368.04,14.49,29.42,0.4273,1,-1,-1
1791,256,836.82,602.35,24.04,45.92,0.3748,1,-1,-1
1791,326,894.40,327.87,13.39,27.07,0.3594,1,-1,-1
1791,335,1127.89,552.76,20.29,44.60,0.4600,1,-1,-1
1792,254,675.39,512.24,16.19,35.96,0.6169,1,-1,-1
1792,255,499.57,663.84,25.31,55.93,0.6868,1,-1,-1
1792,316,1259.09,406.05,16.12,30.99,0.4177,1,-1,-1
1792,325,492.82,368.82,14.18,28.86,0.3757,1,-1,-1
1792,256,837.57,602.41,24.00,45.55,0.2234,1,-1,-1
1792,326,894.41,327.96,13.32,26.92,0.3657,1,-1,-1
1792,335,1127.61,552.43,20.73,44.78,0.6021,1,-1,-1
1793,254,676.24,511.97,16.07,35.78,0.6188,1,-1,-1
1793,255,498.94,663.29,25.32,56.21,0.6817,1,-1,-1
1793,316,1259.11,405.82,16.50,31.64,0.4610,1,-1,-1
1793,325,492.94,369.71,13.75,27.95,0.3558,1,-1,-1
1793,256,838.22,602.51,24.05,45.36,0.4388,1,-1,-1
1793,326,894.38,327.99,13.32,26.94,0.3748,1,-1,-1
1793,335,1128.07,552.70,20.74,44.38,0.6397,1,-1,-1
1794,254,677.02,511.79,16.22,36.28,0.6442,1,-1,-1
1794,255,497.51,663.54,25.58,56.48,0.6901,1,-1,-1
1794,316,1258.90,405.71,16.86,32.14,0.4359,1,-1,-1
1794,325,492.61,369.97,13.80,28.00,0.2561,1,-1,-1
1794,256,838.55,602.50,24.22,45.54,0.5068,1,-1,-1
1794,326,894.44,327.95,13.29,26.90,0.3363,1,-1,-1
1794,335,1128.32,552.76,20.85,44.28,0.6397,1,-1,-1
1795,254,677.82,511.35,16.67,37.85,0.6851,1,-1,-1
1795,255,496.05,664.01,25.76,56.44,0.6968,1,-1,-1
1795,316,1258.99,405.64,16.71,31.65,0.4301,1,-1,-1
1795,325,492.17,369.79,14.02,28.44,0.3979,1,-1,-1
1795,256,838.49,602.20,24.82,46.66,0.4455,1,-1,-1
1795,326,894.48,327.95,13.34,26.99,0.2950,1,-1,-1
1795,335,1128.54,552.71,21.16,44.70,0.5974,1,-1,-1
1796,254,679.17,511.17,16.91,38.80,0.6766,1,-1,-1
1796,255,495.26,664.61,25.69,55.80,0.7050,1,-1,-1
1796,316,1259.23,405.62,16.62,31.31,0.4092,1,-1,-1
1796,325,492.04,369.68,13.92,28.22,0.3961,1,-1,-1
1796,256,839.10,602.22,24.91,46.77,0.5496,1,-1,-1
1796,326,894.40,327.92,13.52,27.30,0.3486,1,-1,-1
1796,335,1131.40,553.19,20.35,43.74,0.5438,1,-1,-1
1796,258,1123.14,553.12,19.89,42.10,0.4785,1,-1,-1
1797,254,680.24,511.60,16.72,38.71,0.7082,1,-1,-1
1797,255,494.60,665.00,25.54,55.30,0.6984,1,-1,-1
1797,316,1258.97,405.46,16.91,31.58,0.3478,1,-1,-1
1797,325,491.82,370.27,13.90,28.10,0.3065,1,-1,-1
1797,256,839.91,602.34,24.46,45.93,0.5525,1,-1,-1
1797,326,894.93,328.48,12.86,26.09,0.3794,1,-1,-1
1797,335,1133.55,553.32,19.42,42.55,0.5784,1,-1,-1
1797,258,1123.47,552.95,19.30,41.55,0.5254,1,-1,-1
1798,254,680.92,511.88,16.49,38.46,0.6968,1,-1,-1
1798,255,493.38,665.31,25.59,55.15,0.7146,1,-1,-1
1798,316,1258.39,405.32,17.42,32.12,0.2950,1,-1,-1
1798,325,491.47,370.98,13.77,27.83,0.3531,1,-1,-1
1798,256,840.94,602.12,23.78,44.93,0.4455,1,-1,-1
1798,326,895.14,328.76,12.57,25.60,0.3675,1,-1,-1
1798,335,1134.35,552.94,19.01,42.28,0.5917,1,-1,-1
1798,258,1123.94,552.45,19.14,41.73,0.5361,1,-1,-1
1799,254,681.67,511.90,16.25,38.20,0.7098,1,-1,-1
1799,255,492.20,665.49,25.46,54.71,0.6783,1,-1,-1
1799,316,1257.96,405.52,17.98,32.69,0.3074,1,-1,-1
1799,325,491.10,370.87,13.93,28.16,0.3766,1,-1,-1
1799,256,841.59,602.41,23.35,44.48,0.1184,1,-1,-1
1799,326,895.21,328.96,12.37,25.32,0.3639,1,-1,-1
1799,335,1135.28,553.15,18.20,41.11,0.5842,1,-1,-1
1799,258,1124.31,552.84,18.63,40.99,0.5351,1,-1,-1
1800,254,682.42,511.75,16.15,38.10,0.7146,1,-1,-1
1800,255,491.60,665.74,25.44,54.20,0.6487,1,-1,-1
1800,316,1257.92,405.64,18.29,32.86,0.3398,1,-1,-1
1800,325,490.75,370.86,14.16,28.74,0.5332,1,-1,-1
1800,256,841.90,602.84,23.06,44.18,0.1027,1,-1,-1
1800,326,894.92,328.34,13.08,26.71,0.2744,1,-1,-1
1800,335,1135.43,553.08,18.10,41.43,0.5708,1,-1,-1
1800,258,1125.51,552.82,18.64,40.82,0.5670,1,-1,-1
1801,254,683.58,511.73,16.21,38.07,0.7334,1,-1,-1
1801,255,490.18,665.38,25.16,53.15,0.6697,1,-1,-1
1801,316,1258.05,405.57,18.72,33.47,0.3840,1,-1,-1
1801,325,490.48,371.04,14.24,29.05,0.4971,1,-1,-1
1801,326,894.84,328.00,13.41,27.34,0.2862,1,-1,-1
1801,335,1135.55,553.07,18.06,41.75,0.5651,1,-1,-1
1801,258,1126.09,552.89,19.08,41.02,0.5612,1,-1,-1
1802,254,684.42,511.54,16.55,38.59,0.6610,1,-1,-1
1802,255,488.51,664.74,25.30,53.54,0.6593,1,-1,-1
1802,316,1258.60,405.51,18.68,33.30,0.3831,1,-1,-1
1802,325,490.18,371.28,14.19,29.02,0.3821,1,-1,-1
1802,326,894.79,327.76,13.50,27.52,0.2822,1,-1,-1
1802,335,1134.86,552.88,18.19,41.52,0.5823,1,-1,-1
1802,258,1127.56,552.93,19.44,40.71,0.5936,1,-1,-1
1803,254,685.15,511.48,16.93,39.12,0.6817,1,-1,-1
1803,255,487.37,665.03,25.22,53.43,0.6851,1,-1,-1
1803,316,1258.76,405.41,18.90,33.61,0.3961,1,-1,-1
1803,325,489.68,370.83,14.35,29.48,0.3702,1,-1,-1
1803,326,894.85,327.86,13.61,27.59,0.2967,1,-1,-1
1803,258,1129.24,553.25,20.07,40.60,0.5993,1,-1,-1
1804,254,686.03,511.45,16.91,38.93,0.6487,1,-1,-1
1804,255,486.14,665.12,25.83,54.64,0.6442,1,-1,-1
1804,316,1258.71,405.18,19.14,33.92,0.3849,1,-1,-1
1804,325,489.52,370.37,14.43,29.67,0.3303,1,-1,-1
1804,326,894.88,327.98,13.63,27.49,0.2878,1,-1,-1
1804,258,1129.98,553.67,20.45,40.01,0.6252,1,-1,-1
1805,254,686.97,511.40,17.04,39.42,0.5496,1,-1,-1
1805,255,485.54,665.38,25.61,54.13,0.6531,1,-1,-1
1805,316,1258.63,404.86,19.31,34.05,0.3775,1,-1,-1
1805,325,489.52,370.48,14.28,29.36,0.3558,1,-1,-1
1805,326,894.95,328.19,13.60,27.27,0.3082,1,-1,-1
1805,258,1130.78,553.64,21.26,40.42,0.6160,1,-1,-1
1806,254,687.20,510.41,17.11,39.92,0.5467,1,-1,-1
1806,255,485.14,663.93,26.33,55.83,0.5622,1,-1,-1
1806,316,1258.63,404.96,19.28,33.72,0.3007,1,-1,-1
1806,325,489.26,369.95,14.62,30.14,0.3877,1,-1,-1
1806,326,895.18,328.96,12.91,26.06,0.3675,1,-1,-1
1806,258,1132.64,553.30,22.47,41.90,0.6077,1,-1,-1
1806,256,848.23,601.00,23.64,45.50,0.5010,1,-1,-1
1807,254,687.98,510.24,16.65,39.11,0.5554,1,-1,-1
1807,255,484.33,664.35,25.35,53.94,0.6280,1,-1,-1
1807,316,1257.32,405.33,20.12,34.74,0.2822,1,-1,-1
1807,325,489.16,369.16,15.06,31.18,0.3425,1,-1,-1
1807,326,895.40,329.40,12.50,25.38,0.3540,1,-1,-1
1807,258,1133.74,553.12,23.06,42.40,0.5564,1,-1,-1
1807,256,849.33,601.00,23.85,45.69,0.5078,1,-1,-1
1808,254,688.63,510.27,16.60,39.27,0.6270,1,-1,-1
1808,255,483.10,665.21,24.72,53.10,0.6860,1,-1,-1
1808,316,1257.85,405.29,19.92,34.31,0.3049,1,-1,-1
1808,325,489.18,369.84,14.67,30.33,0.4036,1,-1,-1
1808,326,895.21,329.11,12.88,26.03,0.2697,1,-1,-1
1808,258,1134.91,553.01,23.56,42.99,0.6095,1,-1,-1
1808,256,850.51,601.45,23.68,44.75,0.4649,1,-1,-1
1809,254,689.73,510.66,16.36,38.93,0.6433,1,-1,-1
1809,255,482.04,665.74,24.57,53.12,0.6901,1,-1,-1
1809,316,1258.13,405.19,19.95,34.22,0.3016,1,-1,-1
1809,325,488.81,369.72,15.07,31.04,0.4007,1,-1,-1
1809,326,894.97,328.97,13.12,26.46,0.2651,1,-1,-1
1809,258,1135.46,552.93,23.77,43.15,0.5889,1,-1,-1
1809,256,851.26,601.55,23.78,44.35,0.4941,1,-1,-1
1810,254,690.69,510.33,16.35,39.26,0.6766,1,-1,-1
1810,255,481.07,666.04,24.38,53.04,0.7066,1,-1,-1
1810,316,1258.42,405.07,19.92,34.11,0.3260,1,-1,-1
1810,325,488.78,370.41,15.02,30.80,0.3460,1,-1,-1
1810,326,894.77,328.55,13.43,27.09,0.3320,1,-1,-1
1810,258,1136.15,553.40,23.67,43.12,0.6270,1,-1,-1
1810,256,852.31,601.45,24.26,44.63,0.4766,1,-1,-1
1811,254,691.98,509.89,15.96,38.40,0.6575,1,-1,-1
1811,255,479.35,666.28,25.07,54.07,0.6783,1,-1,-1
1811,316,1258.38,404.78,20.11,34.41,0.2926,1,-1,-1
1811,325,488.54,371.06,14.84,30.20,0.3390,1,-1,-1
1811,326,894.92,328.89,12.98,26.37,0.3849,1,-1,-1
1811,258,1136.90,553.25,23.59,43.23,0.6540,1,-1,-1
1811,256,853.40,601.69,24.70,44.30,0.5860,1,-1,-1
1812,254,692.80,509.84,16.15,38.97,0.6487,1,-1,-1
1812,255,477.93,666.54,25.99,55.26,0.6968,1,-1,-1
1812,316,1258.37,404.75,20.24,34.59,0.3024,1,-1,-1
1812,325,488.04,371.41,14.83,29.93,0.3166,1,-1,-1
1812,326,895.10,329.12,12.69,25.97,0.4140,1,-1,-1
1812,258,1137.39,553.15,23.45,43.20,0.6105,1,-1,-1
1812,256,854.02,602.23,25.14,44.03,0.5765,1,-1,-1
1813,254,693.40,510.07,16.14,39.17,0.6732,1,-1,-1
1813,255,476.74,667.14,26.30,55.03,0.6415,1,-1,-1
1813,316,1258.63,404.68,20.24,34.55,0.2621,1,-1,-1
1813,325,487.66,371.73,14.76,29.50,0.3905,1,-1,-1
1813,326,895.01,329.05,12.95,26.53,0.3666,1,-1,-1
1813,258,1137.71,552.84,23.81,43.71,0.6197,1,-1,-1
1813,256,854.08,602.16,25.82,44.50,0.6252,1,-1,-1
1814,254,694.08,510.24,16.18,39.40,0.6663,1,-1,-1
1814,255,475.24,667.45,26.16,54.53,0.6225,1,-1,-1
1814,316,1258.95,404.79,19.99,34.10,0.2651,1,-1,-1
1814,325,487.02,371.88,14.86,29.28,0.3812,1,-1,-1
1814,326,895.13,329.36,12.58,25.94,0.4083,1,-1,-1
1814,258,1139.09,552.53,23.76,43.93,0.6123,1,-1,-1
1814,256,854.20,601.93,26.07,44.68,0.6123,1,-1,-1
1814,335,1137.61,552.63,19.27,42.98,0.5029,1,-1,-1
1815,254,694.70,510.25,16.19,39.53,0.6645,1,-1,-1
1815,255,474.25,667.61,26.00,54.28,0.6514,1,-1,-1
1815,316,1259.09,404.92,19.97,34.09,0.2659,1,-1,-1
1815,325,486.57,372.52,14.63,28.64,0.4158,1,-1,-1
1815,326,895.19,329.55,12.35,25.64,0.4465,1,-1,-1
1815,258,1140.95,552.16,23.46,44.10,0.6086,1,-1,-1
1815,256,854.23,602.35,25.73,44.28,0.5955,1,-1,-1
1815,335,1136.77,552.38,19.13,42.91,0.5185,1,-1,-1
1816,254,695.75,510.04,16.51,39.89,0.6645,1,-1,-1
1816,255,474.80,667.59,25.92,54.02,0.6628,1,-1,-1
1816,316,1259.10,404.72,20.20,34.61,0.2713,1,-1,-1
1816,325,486.02,372.75,14.67,28.59,0.5059,1,-1,-1
1816,326,895.22,329.58,12.23,25.53,0.5166,1,-1,-1
1816,258,1143.54,551.86,22.73,44.07,0.6142,1,-1,-1
1816,256,854.54,603.03,25.19,43.82,0.5535,1,-1,-1
1816,335,1136.67,552.26,18.58,42.28,0.5400,1,-1,-1
1817,254,697.15,509.77,17.18,40.42,0.6749,1,-1,-1
1817,255,474.33,667.99,26.23,54.55,0.6558,1,-1,-1
1817,316,1259.23,404.61,20.23,34.72,0.2415,1,-1,-1
1817,325,485.58,372.82,14.77,28.59,0.5098,1,-1,-1
1817,326,895.21,329.59,12.16,25.51,0.4893,1,-1,-1
1817,258,1145.22,551.75,21.93,43.71,0.6049,1,-1,-1
1817,256,855.20,602.67,24.95,44.27,0.5400,1,-1,-1
1817,335,1136.47,552.26,18.05,41.65,0.5917,1,-1,-1
1818,254,697.62,509.29,17.65,40.94,0.6522,1,-1,-1
1818,255,473.00,668.34,26.20,54.49,0.6406,1,-1,-1
1818,316,1259.39,404.61,20.09,34.55,0.2975,1,-1,-1
1818,325,484.92,372.24,15.16,29.26,0.4630,1,-1,-1
1818,326,895.21,329.55,12.08,25.45,0.5078,1,-1,-1
1818,258,1146.24,551.84,20.82,42.61,0.5400,1,-1,-1
1818,256,855.89,602.58,24.50,44.34,0.4121,1,-1,-1
1818,335,1136.88,552.20,17.48,40.48,0.5651,1,-1,-1
1819,254,698.34,509.28,17.59,40.34,0.6289,1,-1,-1
1819,255,471.48,667.94,26.10,54.31,0.6558,1,-1,-1
1819,316,1259.39,404.26,20.28,35.04,0.2689,1,-1,-1
1819,325,484.45,372.14,15.45,29.78,0.4292,1,-1,-1
1819,326,895.29,329.59,11.97,25.31,0.5059,1,-1,-1
1819,258,1146.95,552.39,19.80,41.49,0.5506,1,-1,-1
1819,256,856.93,601.96,24.06,44.26,0.3381,1,-1,-1
1819,335,1137.41,552.38,17.30,40.05,0.5487,1,-1,-1
1820,254,698.83,509.92,17.29,39.34,0.6343,1,-1,-1
1820,255,470.54,667.41,26.59,55.40,0.6749,1,-1,-1
1820,316,1259.55,404.21,20.20,35.08,0.2736,1,-1,-1
1820,325,484.02,372.20,15.69,30.34,0.2999,1,-1,-1
1820,326,895.32,329.53,11.92,25.30,0.5224,1,-1,-1
1820,258,1146.00,552.32,19.87,41.47,0.5156,1,-1,-1
1820,256,858.25,602.28,23.37,43.37,0.1285,1,-1,-1
1820,335,1140.37,552.48,18.23,40.30,0.4639,1,-1,-1
1821,254,700.01,509.56,16.86,38.12,0.6169,1,-1,-1
1821,255,469.32,666.93,27.26,56.84,0.6663,1,-1,-1
1821,316,1260.48,404.62,19.47,34.02,0.2621,1,-1,-1
1821,326,895.39,329.22,11.96,25.51,0.3840,1,-1,-1
1821,256,859.31,600.56,24.14,45.44,0.4707,1,-1,-1
1821,335,1141.75,552.61,18.89,40.43,0.5380,1,-1,-1
1822,254,700.77,509.11,16.69,37.52,0.6424,1,-1,-1
1822,255,468.20,666.70,27.63,57.77,0.6868,1,-1,-1
1822,316,1260.88,404.80,19.45,34.09,0.2705,1,-1,-1
1822,326,895.45,329.20,11.93,25.55,0.4330,1,-1,-1
1822,256,860.40,600.36,23.91,45.85,0.5000,1,-1,-1
1822,335,1142.63,552.49,19.74,40.92,0.6105,1,-1,-1
1823,254,701.66,508.43,16.86,37.84,0.6388,1,-1,-1
1823,255,467.03,666.12,27.42,57.71,0.6610,1,-1,-1
1823,316,1260.94,404.90,19.44,34.07,0.2751,1,-1,-1
1823,326,895.69,329.26,11.94,25.65,0.4932,1,-1,-1
1823,256,861.38,599.64,23.88,46.73,0.5525,1,-1,-1
1823,258,1145.65,552.25,20.81,42.22,0.5574,1,-1,-1
1824,254,702.14,507.34,17.41,39.23,0.6460,1,-1,-1
1824,255,465.71,665.19,27.24,58.08,0.6540,1,-1,-1
1824,316,1260.83,404.81,19.39,34.14,0.3242,1,-1,-1
1824,326,895.84,329.18,12.05,25.95,0.4961,1,-1,-1
1824,256,861.99,599.27,23.93,47.56,0.6252,1,-1,-1
1824,258,1146.05,552.16,21.84,43.19,0.5699,1,-1,-1
1825,254,702.68,507.72,17.53,39.66,0.6105,1,-1,-1
1825,255,464.66,665.32,26.79,57.97,0.6123,1,-1,-1
1825,316,1260.91,404.85,19.26,33.97,0.2830,1,-1,-1
1825,326,896.02,329.23,12.06,25.97,0.4688,1,-1,-1
1825,256,862.46,599.10,24.15,48.45,0.6397,1,-1,-1
1825,258,1146.49,551.97,22.62,43.56,0.6567,1,-1,-1
1826,254,703.22,507.71,17.87,40.55,0.5936,1,-1,-1
1826,255,464.23,665.82,26.37,57.76,0.6179,1,-1,-1
1826,316,1261.21,404.87,19.24,33.94,0.3303,1,-1,-1
1826,326,896.19,329.27,12.03,25.93,0.4007,1,-1,-1
1826,256,863.54,599.82,23.79,47.77,0.6397,1,-1,-1
1826,258,1147.26,551.82,23.16,43.81,0.6370,1,-1,-1
1827,254,703.63,507.95,18.30,41.77,0.5448,1,-1,-1
1827,255,463.31,666.34,26.48,58.83,0.5746,1,-1,-1
1827,316,1261.53,404.91,19.20,33.85,0.3355,1,-1,-1
1827,326,896.30,329.48,11.92,25.70,0.4007,1,-1,-1
1827,256,864.43,599.74,23.82,47.86,0.5936,1,-1,-1
1827,258,1147.70,551.98,23.35,43.35,0.6077,1,-1,-1
1828,254,704.03,508.51,18.40,42.34,0.5098,1,-1,-1
1828,255,463.31,666.66,25.45,56.87,0.6215,1,-1,-1
1828,316,1261.85,404.83,19.03,33.58,0.3567,1,-1,-1
1828,326,896.47,329.54,11.86,25.63,0.3895,1,-1,-1
1828,256,865.22,600.00,23.62,47.42,0.6039,1,-1,-1
1828,258,1148.44,551.92,23.71,43.51,0.6388,1,-1,-1
1829,254,704.60,508.53,18.54,42.97,0.5234,1,-1,-1
1829,255,463.21,666.59,24.46,54.66,0.6522,1,-1,-1
1829,316,1262.27,404.82,18.91,33.50,0.3416,1,-1,-1
1829,326,896.50,329.50,11.83,25.61,0.3504,1,-1,-1
1829,256,866.19,599.78,23.94,47.50,0.6142,1,-1,-1
1829,258,1151.21,551.98,23.07,42.94,0.5467,1,-1,-1
1830,254,705.56,508.83,18.72,43.61,0.5263,1,-1,-1
1830,255,461.84,666.50,25.02,55.56,0.6370,1,-1,-1
1830,316,1262.32,404.82,18.99,33.65,0.3923,1,-1,-1
1830,326,896.59,329.47,11.83,25.65,0.3840,1,-1,-1
1830,256,866.77,600.12,23.65,46.68,0.6234,1,-1,-1
1830,258,1153.28,551.99,22.55,42.68,0.5467,1,-1,-1
1831,254,707.10,508.27,18.22,42.60,0.5205,1,-1,-1
1831,255,460.77,667.18,24.98,55.08,0.6496,1,-1,-1
1831,316,1262.25,404.86,19.20,33.98,0.3840,1,-1,-1
1831,326,896.68,329.56,11.73,25.46,0.4591,1,-1,-1
1831,256,867.60,600.87,23.46,45.84,0.6086,1,-1,-1
1831,258,1155.04,552.10,21.81,42.24,0.5438,1,-1,-1
1831,335,1145.36,552.52,19.15,41.06,0.4795,1,-1,-1
1832,254,708.87,508.04,18.14,42.18,0.5708,1,-1,-1
1832,255,459.88,668.03,25.05,54.71,0.6514,1,-1,-1
1832,316,1262.40,404.86,19.23,34.07,0.3970,1,-1,-1
1832,326,896.80,329.70,11.59,25.16,0.4912,1,-1,-1
1832,256,868.21,601.14,23.57,45.66,0.5322,1,-1,-1
1832,258,1156.61,552.55,21.15,41.86,0.5936,1,-1,-1
1832,337,1808.15,329.49,13.72,27.78,0.4571,1,-1,-1
1832,335,1145.26,552.67,18.69,40.50,0.5765,1,-1,-1
1833,254,710.86,507.82,18.57,42.34,0.5746,1,-1,-1
1833,255,458.33,667.91,25.02,54.18,0.6451,1,-1,-1
1833,316,1262.75,404.92,19.10,33.91,0.4263,1,-1,-1
1833,326,896.83,329.77,11.51,24.99,0.5176,1,-1,-1
1833,256,868.78,600.88,23.60,45.49,0.5400,1,-1,-1
1833,258,1157.20,552.23,21.04,42.51,0.6011,1,-1,-1
1833,337,1808.32,330.08,13.53,27.39,0.4620,1,-1,-1
1833,335,1145.72,552.48,18.71,40.97,0.5322,1,-1,-1
1834,254,711.87,508.18,17.74,39.97,0.5477,1,-1,-1
1834,255,457.58,668.06,25.23,53.94,0.6663,1,-1,-1
1834,316,1263.02,404.94,18.88,33.65,0.4168,1,-1,-1
1834,326,896.90,329.66,11.44,24.91,0.5254,1,-1,-1
1834,256,869.83,601.11,23.22,44.60,0.4824,1,-1,-1
1834,258,1158.06,552.07,20.37,42.08,0.5879,1,-1,-1
1834,337,1808.25,330.11,13.54,27.41,0.4844,1,-1,-1
1834,335,1146.61,552.46,18.44,40.58,0.5936,1,-1,-1
1835,254,712.48,508.43,17.03,38.17,0.4990,1,-1,-1
1835,255,456.83,668.00,25.62,54.05,0.6851,1,-1,-1
1835,316,1263.38,404.98,18.71,33.46,0.4168,1,-1,-1
1835,326,897.01,329.67,11.35,24.80,0.5234,1,-1,-1
1835,256,870.84,601.15,23.68,45.26,0.5574,1,-1,-1
1835,258,1159.05,551.95,19.93,42.33,0.5631,1,-1,-1
1835,337,1808.15,329.78,13.77,27.89,0.4893,1,-1,-1
1835,335,1147.15,552.33,18.26,40.33,0.5784,1,-1,-1
1835,338,1819.61,334.27,10.99,24.12,0.4717,1,-1,-1
1836,254,712.16,508.05,16.38,36.82,0.5185,1,-1,-1
1836,255,456.35,668.64,25.98,54.23,0.6645,1,-1,-1
1836,316,1263.77,405.13,18.50,33.17,0.3849,1,-1,-1
1836,326,897.38,330.03,11.21,24.62,0.5727,1,-1,-1
1836,256,872.54,602.37,23.50,45.01,0.5804,1,-1,-1
1836,258,1159.73,552.07,19.35,41.85,0.5651,1,-1,-1
1836,337,1808.02,328.87,14.15,28.74,0.4824,1,-1,-1
1836,335,1147.86,552.17,18.14,40.11,0.5917,1,-1,-1
1836,338,1819.28,333.20,11.41,25.06,0.4776,1,-1,-1
1837,254,712.73,508.03,16.01,36.23,0.5234,1,-1,-1
1837,255,455.66,668.46,26.56,54.80,0.6002,1,-1,-1
1837,316,1264.10,405.19,18.32,32.95,0.3905,1,-1,-1
1837,326,897.61,330.26,11.11,24.51,0.5612,1,-1,-1
1837,256,873.36,602.66,23.20,44.70,0.5010,1,-1,-1
1837,258,1160.28,552.15,18.92,41.56,0.5049,1,-1,-1
1837,337,1807.90,328.36,14.34,29.21,0.4795,1,-1,-1
1837,335,1148.74,552.24,18.14,39.75,0.5631,1,-1,-1
1837,338,1819.14,332.85,11.51,25.33,0.4707,1,-1,-1
1837,339,1809.05,325.34,15.80,31.55,0.4620,1,-1,-1
1838,254,713.43,508.30,15.76,36.00,0.5516,1,-1,-1
1838,255,455.12,667.54,27.32,55.35,0.5823,1,-1,-1
1838,316,1265.05,405.24,17.87,32.31,0.4397,1,-1,-1
1838,326,897.62,330.30,11.08,24.54,0.5612,1,-1,-1
1838,256,873.63,601.35,23.43,45.54,0.5879,1,-1,-1
1838,258,1161.55,552.01,18.59,41.51,0.5215,1,-1,-1
1838,337,1807.97,328.75,14.06,28.69,0.4805,1,-1,-1
1838,335,1148.92,552.42,17.97,39.06,0.6289,1,-1,-1
1838,338,1819.23,333.25,11.32,24.94,0.4815,1,-1,-1
1838,339,1809.48,325.30,15.95,31.89,0.3886,1,-1,-1
1839,254,714.68,508.35,15.48,35.31,0.6270,1,-1,-1
1839,255,453.44,666.88,27.50,55.36,0.6234,1,-1,-1
1839,316,1265.95,405.26,17.58,32.11,0.4668,1,-1,-1
1839,326,897.67,330.39,10.98,24.38,0.5651,1,-1,-1
1839,256,874.14,600.40,23.54,46.28,0.5860,1,-1,-1
1839,258,1161.98,551.92,18.40,41.41,0.5166,1,-1,-1
1839,337,1808.06,328.92,13.92,28.43,0.4805,1,-1,-1
1839,335,1149.79,552.67,17.89,38.62,0.5088,1,-1,-1
1839,338,1819.31,333.41,11.20,24.71,0.4737,1,-1,-1
1839,339,1809.70,325.25,15.96,31.94,0.3923,1,-1,-1
1840,254,715.98,508.49,15.37,34.70,0.6343,1,-1,-1
1840,255,450.75,666.40,26.92,54.51,0.5612,1,-1,-1
1840,316,1266.41,405.28,17.42,32.16,0.4678,1,-1,-1
1840,326,897.83,330.64,10.81,24.12,0.5670,1,-1,-1
1840,256,874.99,600.60,22.48,44.51,0.4727,1,-1,-1
1840,258,1162.67,551.90,18.18,41.08,0.5370,1,-1,-1
1840,337,1808.02,329.36,13.68,27.96,0.4815,1,-1,-1
1840,335,1150.30,552.93,17.76,38.31,0.5784,1,-1,-1
1840,338,1819.48,333.65,11.10,24.49,0.4922,1,-1,-1
1840,339,1808.92,325.45,15.63,31.34,0.4426,1,-1,-1
1841,254,716.84,508.44,15.38,34.25,0.6361,1,-1,-1
1841,255,448.87,666.68,26.60,54.32,0.5851,1,-1,-1
1841,316,1266.69,405.28,17.15,31.94,0.4581,1,-1,-1
1841,326,897.95,330.69,10.74,24.05,0.5631,1,-1,-1
1841,256,875.85,599.80,22.56,44.92,0.4795,1,-1,-1
1841,258,1163.36,551.76,18.11,41.11,0.5458,1,-1,-1
1841,337,1807.65,328.48,14.02,28.77,0.4932,1,-1,-1
1841,335,1151.07,552.88,17.61,38.20,0.5593,1,-1,-1
1841,338,1819.52,333.77,11.04,24.36,0.4893,1,-1,-1
1841,339,1809.21,324.90,16.02,32.21,0.4216,1,-1,-1
1842,254,717.07,508.03,15.37,33.88,0.6030,1,-1,-1
1842,255,447.58,666.65,26.03,53.53,0.4902,1,-1,-1
1842,316,1266.62,405.26,17.12,32.01,0.4244,1,-1,-1
1842,326,898.08,330.65,10.68,23.99,0.5593,1,-1,-1
1842,256,876.10,599.03,22.92,45.93,0.5765,1,-1,-1
1842,258,1163.58,551.56,18.17,41.30,0.4980,1,-1,-1
1842,337,1807.54,328.26,14.11,29.04,0.4854,1,-1,-1
1842,335,1152.32,552.62,17.51,38.29,0.3868,1,-1,-1
1842,338,1819.55,334.08,10.94,24.11,0.4737,1,-1,-1
1842,339,1809.33,324.92,16.08,32.39,0.4187,1,-1,-1
1842,325,477.09,372.63,15.25,30.55,0.5176,1,-1,-1
1843,254,717.50,507.45,16.17,35.55,0.6415,1,-1,-1
1843,255,445.79,667.03,26.15,54.34,0.5487,1,-1,-1
1843,316,1266.69,405.21,17.13,32.06,0.3923,1,-1,-1
1843,326,898.01,330.65,10.72,24.03,0.5117,1,-1,-1
1843,256,876.37,598.73,23.49,47.41,0.5993,1,-1,-1
1843,258,1164.42,551.46,18.00,41.05,0.4883,1,-1,-1
1843,337,1807.42,328.00,14.20,29.30,0.5049,1,-1,-1
1843,335,1153.49,552.48,17.13,37.79,0.3416,1,-1,-1
1843,338,1819.59,333.98,11.04,24.25,0.4834,1,-1,-1
1843,339,1809.21,324.77,16.18,32.65,0.4282,1,-1,-1
1843,325,476.87,372.86,15.31,31.47,0.4795,1,-1,-1
1844,254,717.83,506.98,16.75,36.82,0.6343,1,-1,-1
1844,255,444.77,667.07,25.41,53.23,0.5302,1,-1,-1
1844,316,1266.50,405.16,17.17,31.89,0.3648,1,-1,-1
1844,326,897.91,330.67,10.73,24.05,0.4980,1,-1,-1
1844,256,877.10,598.31,23.22,47.23,0.5554,1,-1,-1
1844,258,1164.04,551.38,18.25,41.11,0.5068,1,-1,-1
1844,337,1806.44,330.09,13.78,28.39,0.1164,1,-1,-1
1844,335,1155.24,551.93,17.28,37.99,0.2316,1,-1,-1
1844,338,1819.65,333.94,11.06,24.23,0.5088,1,-1,-1
1844,339,1808.29,324.88,15.84,32.12,0.5107,1,-1,-1
1844,325,476.80,373.41,15.27,32.05,0.4542,1,-1,-1
1845,254,718.53,506.65,16.96,37.29,0.6215,1,-1,-1
1845,255,443.12,667.15,25.45,53.47,0.5879,1,-1,-1
1845,316,1267.29,405.21,16.80,31.28,0.4571,1,-1,-1
1845,326,898.07,330.53,10.75,24.14,0.5263,1,-1,-1
1845,256,878.10,597.83,22.66,46.38,0.5593,1,-1,-1
1845,258,1163.55,551.41,18.82,41.69,0.4932,1,-1,-1
1845,337,1805.95,330.51,13.77,28.39,0.1316,1,-1,-1
1845,335,1156.26,551.77,17.31,38.15,0.2037,1,-1,-1
1845,338,1819.71,333.86,11.12,24.27,0.5332,1,-1,-1
1845,339,1807.72,324.98,15.63,31.94,0.5117,1,-1,-1
1845,325,476.88,373.82,15.02,31.93,0.4244,1,-1,-1
1846,254,719.20,506.45,17.23,37.75,0.6451,1,-1,-1
1846,255,442.08,667.20,25.57,53.71,0.6451,1,-1,-1
1846,316,1267.38,405.25,16.74,31.11,0.4552,1,-1,-1
1846,326,898.10,330.49,10.78,24.25,0.5254,1,-1,-1
1846,256,879.40,597.95,22.44,46.10,0.5955,1,-1,-1
1846,258,1164.49,551.31,19.45,42.98,0.4513,1,-1,-1
1846,337,1805.79,330.86,13.67,28.22,0.1229,1,-1,-1
1846,335,1156.59,551.82,17.27,38.32,0.2316,1,-1,-1
1846,338,1819.75,333.97,11.08,24.12,0.5322,1,-1,-1
1846,339,1807.67,325.16,15.36,31.62,0.5098,1,-1,-1
1846,325,476.83,373.94,15.00,32.11,0.4301,1,-1,-1
1846,341,876.87,296.29,10.30,21.20,0.4513,1,-1,-1
1847,254,719.59,506.96,17.94,38.66,0.6352,1,-1,-1
1847,255,441.01,666.96,25.99,54.84,0.6680,1,-1,-1
1847,316,1267.65,405.34,16.72,31.07,0.4484,1,-1,-1
1847,326,898.21,330.39,10.87,24.43,0.5049,1,-1,-1
1847,256,880.63,597.93,22.71,46.47,0.6270,1,-1,-1
1847,258,1165.76,551.07,19.67,43.69,0.5117,1,-1,-1
1847,337,1805.78,331.09,13.56,28.02,0.1303,1,-1,-1
1847,335,1157.99,551.64,17.95,40.00,0.4707,1,-1,-1
1847,338,1819.75,334.09,11.04,23.97,0.5438,1,-1,-1
1847,339,1807.27,327.12,14.48,29.95,0.5078,1,-1,-1
1847,325,476.44,373.20,15.38,32.87,0.3355,1,-1,-1
1847,341,876.96,296.02,10.40,21.41,0.3840,1,-1,-1
1848,254,719.98,507.46,18.30,38.76,0.6496,1,-1,-1
1848,255,440.07,667.23,26.35,55.82,0.6834,1,-1,-1
1848,316,1268.02,405.35,16.65,31.00,0.4504,1,-1,-1
1848,326,898.33,330.35,10.93,24.52,0.4863,1,-1,-1
1848,256,881.92,597.69,22.97,46.65,0.6487,1,-1,-1
1848,258,1167.23,550.78,19.36,43.42,0.5215,1,-1,-1
1848,337,1805.79,331.33,13.50,27.89,0.1268,1,-1,-1
1848,335,1158.56,551.52,17.60,39.55,0.5409,1,-1,-1
1848,338,1819.75,334.12,11.05,23.96,0.5477,1,-1,-1
1848,339,1807.28,328.22,13.97,29.01,0.5137,1,-1,-1
1848,325,476.35,372.84,15.65,33.35,0.3478,1,-1,-1
1848,341,877.18,295.28,10.72,22.07,0.3495,1,-1,-1
1849,254,720.37,507.44,18.72,39.21,0.6095,1,-1,-1
1849,255,439.08,667.28,26.76,56.58,0.6740,1,-1,-1
1849,316,1268.07,405.32,16.68,31.02,0.4407,1,-1,-1
1849,326,898.39,330.29,10.98,24.60,0.4863,1,-1,-1
1849,256,883.31,597.63,22.99,46.36,0.6252,1,-1,-1
1849,258,1168.25,550.56,18.96,42.86,0.5670,1,-1,-1
1849,337,1805.82,331.50,13.45,27.79,0.1196,1,-1,-1
1849,335,1159.02,550.70,17.52,39.70,0.5823,1,-1,-1
1849,338,1819.77,334.12,11.07,23.96,0.5448,1,-1,-1
1849,339,1807.41,328.70,13.71,28.58,0.5156,1,-1,-1
1849,325,476.36,373.13,15.64,33.17,0.3821,1,-1,-1
1849,341,877.28,294.74,10.86,22.37,0.3702,1,-1,-1
1850,254,721.12,507.24,18.61,38.91,0.6132,1,-1,-1
1850,255,437.41,666.98,27.26,57.47,0.7009,1,-1,-1
1850,316,1268.15,405.32,16.73,30.95,0.4504,1,-1,-1
1850,326,898.52,330.26,10.96,24.54,0.4922,1,-1,-1
1850,256,884.13,597.78,22.95,45.70,0.5993,1,-1,-1
1850,258,1168.70,550.32,18.73,42.71,0.5936,1,-1,-1
1850,337,1805.87,331.69,13.37,27.61,0.1124,1,-1,-1
1850,335,1159.54,550.08,17.59,40.14,0.6197,1,-1,-1
1850,338,1819.79,334.15,11.05,23.91,0.5448,1,-1,-1
1850,339,1807.61,329.13,13.49,28.18,0.5195,1,-1,-1
1850,325,476.49,373.77,15.39,32.36,0.4340,1,-1,-1
1850,341,877.51,294.54,10.90,22.51,0.3868,1,-1,-1
1851,254,722.84,506.79,18.36,38.78,0.6442,1,-1,-1
1851,255,435.84,666.83,27.69,57.94,0.6960,1,-1,-1
1851,316,1267.56,405.40,16.96,30.93,0.4746,1,-1,-1
1851,326,898.33,330.01,11.09,24.83,0.4630,1,-1,-1
1851,256,884.86,597.54,23.51,45.98,0.6316,1,-1,-1
1851,258,1169.33,550.25,18.64,42.98,0.6215,1,-1,-1
1851,337,1805.94,331.24,13.58,27.97,0.1259,1,-1,-1
1851,335,1160.03,549.82,17.62,40.36,0.6397,1,-1,-1
1851,338,1820.04,334.44,11.05,23.82,0.5477,1,-1,-1
1851,339,1807.70,328.27,13.89,29.09,0.5185,1,-1,-1
1851,325,476.18,374.52,15.51,32.67,0.4130,1,-1,-1
1851,341,877.74,294.13,10.92,22.66,0.3877,1,-1,-1
1852,254,723.73,506.55,18.07,38.65,0.5983,1,-1,-1
1852,255,434.58,666.12,28.31,58.74,0.6901,1,-1,-1
1852,316,1267.29,405.45,17.18,30.86,0.4795,1,-1,-1
1852,326,898.24,329.86,11.13,24.94,0.4591,1,-1,-1
1852,256,885.35,597.30,23.85,45.86,0.6334,1,-1,-1
1852,258,1169.94,549.75,18.46,43.02,0.5708,1,-1,-1
1852,337,1805.97,330.98,13.71,28.16,0.1152,1,-1,-1
1852,335,1160.43,549.56,17.69,40.65,0.6105,1,-1,-1
1852,338,1820.22,334.61,11.03,23.70,0.5438,1,-1,-1
1852,339,1807.80,327.87,14.06,29.53,0.5078,1,-1,-1
1852,325,475.95,374.63,15.48,32.66,0.3702,1,-1,-1
1852,341,878.07,293.71,10.95,22.87,0.3877,1,-1,-1
1853,254,724.71,505.86,17.51,37.77,0.6334,1,-1,-1
1853,255,433.68,665.79,28.58,58.91,0.6984,1,-1,-1
1853,316,1267.41,405.43,17.34,30.81,0.5351,1,-1,-1
1853,326,898.23,329.71,11.14,24.97,0.4639,1,-1,-1
1853,256,885.48,597.04,24.11,45.73,0.6243,1,-1,-1
1853,258,1171.20,549.20,18.04,42.56,0.5765,1,-1,-1
1853,337,1806.06,331.20,13.60,27.83,0.1059,1,-1,-1
1853,335,1160.23,549.97,17.41,39.94,0.6505,1,-1,-1
1853,338,1820.41,334.69,11.01,23.60,0.5400,1,-1,-1
1853,339,1808.04,328.10,13.90,29.27,0.5000,1,-1,-1
1853,325,475.79,374.86,15.28,32.22,0.3970,1,-1,-1
1853,341,878.39,293.37,10.95,23.06,0.3840,1,-1,-1
1854,254,725.34,505.61,17.62,38.37,0.6114,1,-1,-1
1854,255,433.38,665.81,28.86,58.87,0.7256,1,-1,-1
1854,316,1267.54,405.38,17.57,30.84,0.5098,1,-1,-1
1854,326,898.21,329.52,11.22,25.12,0.4446,1,-1,-1
1854,256,885.80,596.63,24.43,45.80,0.5832,1,-1,-1
1854,258,1172.24,548.75,17.65,41.94,0.5804,1,-1,-1
1854,335,1160.43,549.93,16.96,38.75,0.6540,1,-1,-1
1854,338,1820.59,334.66,10.98,23.53,0.5293,1,-1,-1
1854,339,1808.43,328.65,13.59,28.67,0.4854,1,-1,-1
1854,325,475.63,375.06,15.10,31.71,0.3923,1,-1,-1
1854,341,878.62,293.17,10.84,23.02,0.2967,1,-1,-1
1855,254,726.10,504.90,17.66,38.84,0.5908,1,-1,-1
1855,255,432.13,665.54,29.10,59.36,0.7210,1,-1,-1
1855,316,1267.57,405.26,17.94,31.02,0.4359,1,-1,-1
1855,326,898.22,329.40,11.25,25.17,0.4045,1,-1,-1
1855,256,885.93,595.92,24.85,46.15,0.5679,1,-1,-1
1855,258,1172.57,547.92,17.48,41.48,0.5195,1,-1,-1
1855,335,1161.70,549.41,16.87,38.23,0.5361,1,-1,-1
1855,338,1820.76,334.54,10.98,23.50,0.5215,1,-1,-1
1855,339,1808.83,329.07,13.32,28.18,0.4776,1,-1,-1
1855,325,475.38,374.98,14.96,31.33,0.4340,1,-1,-1
1855,341,878.55,292.82,10.74,23.00,0.2591,1,-1,-1
1856,254,726.59,504.29,17.61,39.32,0.6049,1,-1,-1
1856,255,431.44,665.40,29.09,59.39,0.6951,1,-1,-1
1856,316,1267.62,404.80,18.35,31.35,0.3933,1,-1,-1
1856,326,898.37,329.28,11.27,25.19,0.3858,1,-1,-1
1856,256,886.73,595.15,24.98,46.37,0.5832,1,-1,-1
1856,258,1172.19,547.35,17.73,42.02,0.4893,1,-1,-1
1856,335,1162.72,548.68,17.44,38.88,0.4912,1,-1,-1
1856,338,1820.94,334.16,11.10,23.74,0.5137,1,-1,-1
1856,339,1809.34,329.68,13.01,27.49,0.4756,1,-1,-1
1856,325,474.76,374.80,15.05,31.40,0.3803,1,-1,-1
1856,341,878.60,292.36,10.81,23.40,0.2628,1,-1,-1
1857,254,727.09,503.80,17.86,40.52,0.6030,1,-1,-1
1857,255,430.51,665.30,28.89,59.24,0.6706,1,-1,-1
1857,316,1267.59,404.10,18.81,31.82,0.4591,1,-1,-1
1857,326,898.63,329.22,11.22,25.04,0.4111,1,-1,-1
1857,256,887.08,593.77,25.69,47.88,0.5429,1,-1,-1
1857,258,1173.22,547.21,17.72,42.06,0.5516,1,-1,-1
1857,335,1163.04,548.48,17.51,38.76,0.5784,1,-1,-1
1857,338,1820.99,333.74,11.22,23.99,0.5068,1,-1,-1
1857,339,1809.86,330.43,12.64,26.63,0.4785,1,-1,-1
1857,325,474.04,374.99,15.24,31.62,0.3277,1,-1,-1
1857,341,879.12,292.02,10.87,23.87,0.2705,1,-1,-1
1858,254,727.71,503.12,18.14,41.95,0.5784,1,-1,-1
1858,255,428.96,665.37,28.02,57.96,0.6567,1,-1,-1
1858,316,1267.52,403.67,19.18,32.21,0.4484,1,-1,-1
1858,326,898.87,329.07,11.21,24.97,0.4196,1,-1,-1
1858,256,888.29,594.01,25.04,47.07,0.4054,1,-1,-1
1858,258,1173.78,547.23,17.79,42.02,0.4756,1,-1,-1
1858,335,1162.81,548.56,17.51,38.56,0.5651,1,-1,-1
1858,338,1821.03,333.37,11.30,24.12,0.4941,1,-1,-1
1858,339,1810.35,330.65,12.50,26.25,0.4678,1,-1,-1
1858,325,473.00,374.76,15.67,32.63,0.2337,1,-1,-1
1858,341,879.73,292.06,10.70,23.80,0.2261,1,-1,-1
1859,254,728.44,502.99,17.97,42.14,0.5955,1,-1,-1
1859,255,427.82,665.29,27.20,56.90,0.6478,1,-1,-1
1859,316,1267.56,403.33,19.50,32.50,0.4581,1,-1,-1
1859,326,899.06,328.86,11.26,25.01,0.4533,1,-1,-1
1859,256,889.50,594.48,24.21,46.00,0.2878,1,-1,-1
1859,258,1173.32,546.77,18.00,41.68,0.5477,1,-1,-1
1859,335,1163.99,548.26,17.54,38.33,0.5068,1,-1,-1
1859,338,1821.07,333.36,11.25,23.98,0.4873,1,-1,-1
1859,339,1810.74,331.14,12.24,25.57,0.4610,1,-1,-1
1859,325,472.36,374.56,16.05,33.73,0.1848,1,-1,-1
1859,341,880.27,292.26,10.46,23.59,0.2386,1,-1,-1
1860,254,729.69,502.92,17.04,40.29,0.5670,1,-1,-1
1860,255,426.53,664.26,26.66,56.51,0.6843,1,-1,-1
1860,316,1267.20,402.44,20.16,33.28,0.3858,1,-1,-1
1860,326,899.10,328.84,11.29,25.07,0.4484,1,-1,-1
1860,256,889.93,593.65,24.68,47.53,0.2838,1,-1,-1
1860,258,1171.31,546.11,18.81,41.51,0.5842,1,-1,-1
1860,338,1821.16,333.46,11.28,23.92,0.4746,1,-1,-1
1860,339,1811.02,331.21,12.26,25.43,0.4581,1,-1,-1
1860,325,472.00,374.66,16.08,33.97,0.1510,1,-1,-1
1860,341,880.89,292.35,10.30,23.40,0.1974,1,-1,-1
1861,254,731.01,503.05,15.96,37.73,0.5955,1,-1,-1
1861,255,425.65,663.56,26.27,56.20,0.6584,1,-1,-1
1861,316,1267.35,401.96,20.40,33.44,0.3979,1,-1,-1
1861,326,899.07,328.65,11.35,25.18,0.4321,1,-1,-1
1861,256,890.79,593.64,24.00,46.90,0.4263,1,-1,-1
1861,258,1171.01,545.68,19.68,41.63,0.5917,1,-1,-1
1861,338,1821.29,333.48,11.34,23.97,0.4795,1,-1,-1
1861,339,1811.12,331.14,12.35,25.43,0.4737,1,-1,-1
1861,341,881.44,292.40,10.36,23.62,0.2227,1,-1,-1
1862,254,731.69,502.64,15.81,37.20,0.5898,1,-1,-1
1862,255,424.26,663.16,25.79,55.32,0.6663,1,-1,-1
1862,316,1267.79,401.57,20.45,33.41,0.3951,1,-1,-1
1862,326,898.97,328.36,11.44,25.39,0.4668,1,-1,-1
1862,256,891.19,592.02,24.40,48.37,0.5370,1,-1,-1
1862,258,1171.37,545.23,20.39,41.79,0.6021,1,-1,-1
1862,338,1821.39,333.55,11.35,23.93,0.4746,1,-1,-1
1862,339,1811.30,331.27,12.34,25.23,0.4756,1,-1,-1
1862,341,881.88,292.53,10.35,23.59,0.2509,1,-1,-1
1863,254,732.87,502.57,15.93,36.97,0.6379,1,-1,-1
1863,255,423.24,662.32,25.57,55.06,0.6749,1,-1,-1
1863,316,1268.36,401.21,20.46,33.54,0.4620,1,-1,-1
1863,326,898.93,328.18,11.48,25.48,0.4854,1,-1,-1
1863,256,891.94,591.48,24.23,48.68,0.5860,1,-1,-1
1863,258,1171.26,544.52,21.75,43.39,0.6817,1,-1,-1
1863,338,1821.55,333.72,11.26,23.64,0.4571,1,-1,-1
1863,339,1811.52,331.63,12.14,24.70,0.4630,1,-1,-1
1863,341,882.05,292.45,10.40,23.68,0.2991,1,-1,-1
1864,254,733.59,502.46,15.96,36.75,0.6663,1,-1,-1
1864,255,422.64,662.67,24.89,53.76,0.6732,1,-1,-1
1864,316,1268.58,400.73,20.60,33.86,0.4912,1,-1,-1
1864,326,898.89,327.98,11.49,25.51,0.5215,1,-1,-1
1864,256,893.42,591.31,23.92,48.34,0.6783,1,-1,-1
1864,258,1172.13,543.97,22.43,43.96,0.7066,1,-1,-1
1864,338,1821.84,333.92,11.12,23.26,0.4678,1,-1,-1
1864,339,1811.57,331.82,12.01,24.35,0.4766,1,-1,-1
1864,341,882.19,292.15,10.29,23.36,0.2689,1,-1,-1
1865,254,734.17,502.25,15.86,36.42,0.6179,1,-1,-1
1865,255,421.62,662.00,24.77,53.68,0.6663,1,-1,-1
1865,316,1268.91,400.28,20.48,33.74,0.5098,1,-1,-1
1865,326,898.83,327.84,11.40,25.32,0.5166,1,-1,-1
1865,256,894.58,591.33,23.87,48.53,0.6179,1,-1,-1
1865,258,1173.41,543.30,22.73,43.91,0.6469,1,-1,-1
1865,338,1821.90,333.76,10.98,22.82,0.4254,1,-1,-1
1865,339,1811.63,331.89,11.83,23.92,0.4407,1,-1,-1
1865,341,882.40,292.23,9.92,22.33,0.2358,1,-1,-1
1866,254,735.06,501.89,15.82,36.38,0.5332,1,-1,-1
1866,255,420.73,661.69,24.71,53.58,0.7210,1,-1,-1
1866,316,1269.63,399.81,19.80,32.82,0.4436,1,-1,-1
1866,326,898.96,327.83,11.42,25.34,0.5370,1,-1,-1
1866,256,895.29,590.11,23.67,47.97,0.6234,1,-1,-1
1866,258,1174.48,543.14,22.41,42.63,0.6514,1,-1,-1
1866,338,1821.51,333.53,11.03,22.64,0.3294,1,-1,-1
1866,339,1812.29,332.60,11.68,23.34,0.3720,1,-1,-1
1866,341,882.56,292.52,9.73,21.62,0.2444,1,-1,-1
1867,254,736.03,500.65,16.14,37.12,0.5098,1,-1,-1
1867,255,419.27,661.33,25.00,53.74,0.7162,1,-1,-1
1867,316,1270.03,399.47,19.45,32.33,0.4620,1,-1,-1
1867,326,898.77,327.44,11.61,25.72,0.5263,1,-1,-1
1867,256,896.77,589.97,23.73,47.27,0.6361,1,-1,-1
1867,258,1175.08,542.66,22.40,42.13,0.6316,1,-1,-1
1867,338,1821.46,333.14,11.28,22.95,0.3460,1,-1,-1
1867,339,1812.21,332.69,11.70,23.22,0.3702,1,-1,-1
1867,341,882.56,292.25,9.81,21.59,0.2415,1,-1,-1
1868,254,736.65,499.57,16.05,37.05,0.5127,1,-1,-1
1868,255,417.80,660.51,25.65,54.60,0.6715,1,-1,-1
1868,316,1270.63,399.23,19.19,32.08,0.5010,1,-1,-1
1868,326,898.72,327.09,11.70,25.87,0.5020,1,-1,-1
1868,256,897.33,589.71,24.27,47.56,0.6469,1,-1,-1
1868,258,1176.03,542.20,22.45,41.87,0.5660,1,-1,-1
1868,338,1821.46,332.48,11.60,23.50,0.3576,1,-1,-1
1868,339,1811.92,332.70,11.74,23.25,0.3886,1,-1,-1
1868,341,883.61,290.56,10.49,23.08,0.4639,1,-1,-1
1868,335,1172.57,543.09,18.30,40.87,0.5195,1,-1,-1
1869,254,737.08,498.35,15.96,36.99,0.5612,1,-1,-1
1869,255,415.82,659.69,26.44,56.01,0.6343,1,-1,-1
1869,316,1271.01,399.14,18.97,31.84,0.4542,1,-1,-1
1869,326,898.80,326.66,11.81,26.06,0.5254,1,-1,-1
1869,256,897.78,589.21,24.84,47.92,0.6433,1,-1,-1
1869,258,1176.43,541.41,23.10,42.57,0.6077,1,-1,-1
1869,338,1821.52,331.74,11.89,24.02,0.4017,1,-1,-1
1869,339,1811.74,332.55,11.73,23.21,0.4282,1,-1,-1
1869,341,884.14,289.34,10.79,23.69,0.4426,1,-1,-1
1870,254,737.84,497.75,15.67,36.48,0.5993,1,-1,-1
1870,255,414.69,658.84,26.93,56.56,0.6370,1,-1,-1
1870,316,1271.46,399.09,18.69,31.46,0.4795,1,-1,-1
1870,326,899.02,326.57,11.72,25.80,0.4854,1,-1,-1
1870,256,897.70,587.26,25.33,48.69,0.6379,1,-1,-1
1870,258,1180.01,541.22,22.37,42.34,0.5525,1,-1,-1
1870,338,1821.64,331.10,12.07,24.37,0.4235,1,-1,-1
1870,339,1811.71,332.49,11.66,23.00,0.4301,1,-1,-1
1870,341,884.51,288.83,10.90,23.80,0.3739,1,-1,-1
1870,335,1174.64,541.36,18.46,41.05,0.5341,1,-1,-1
1871,254,738.14,497.11,15.60,36.40,0.6123,1,-1,-1
1871,255,413.64,657.19,27.96,58.14,0.6706,1,-1,-1
1871,316,1272.15,398.74,18.63,31.78,0.5146,1,-1,-1
1871,326,899.51,325.93,11.70,25.63,0.4446,1,-1,-1
1871,256,898.24,586.50,25.30,48.40,0.6030,1,-1,-1
1871,258,1182.59,541.23,21.33,41.47,0.5917,1,-1,-1
1871,338,1822.06,330.54,12.14,24.55,0.3970,1,-1,-1
1871,339,1811.78,332.14,11.65,22.89,0.3821,1,-1,-1
1871,341,884.67,288.30,10.98,23.84,0.3766,1,-1,-1
1871,335,1174.10,540.92,18.01,40.46,0.6197,1,-1,-1
1872,254,738.69,496.61,15.51,36.17,0.6307,1,-1,-1
1872,255,412.45,656.37,28.07,58.00,0.7098,1,-1,-1
1872,316,1272.51,398.38,18.43,31.81,0.4756,1,-1,-1
1872,326,899.59,325.32,11.71,25.56,0.4273,1,-1,-1
1872,256,898.51,585.40,25.52,48.74,0.5784,1,-1,-1
1872,258,1184.23,540.32,20.75,41.24,0.5917,1,-1,-1
1872,338,1822.51,329.73,12.20,24.79,0.3355,1,-1,-1
1872,339,1812.00,331.86,11.56,22.56,0.3157,1,-1,-1
1872,341,884.99,287.95,11.06,23.72,0.3469,1,-1,-1
1872,335,1174.04,540.34,17.74,40.12,0.6361,1,-1,-1
1873,254,739.15,495.80,15.51,36.31,0.6628,1,-1,-1
1873,255,412.00,655.56,28.33,57.63,0.6885,1,-1,-1
1873,316,1272.66,397.74,18.37,32.00,0.4475,1,-1,-1
1873,326,899.60,324.74,11.85,25.78,0.4321,1,-1,-1
1873,256,899.60,584.92,25.38,48.59,0.5244,1,-1,-1
1873,258,1185.58,539.40,20.36,41.34,0.5823,1,-1,-1
1873,338,1822.78,328.66,12.45,25.56,0.3648,1,-1,-1
1873,339,1811.94,331.27,11.79,22.93,0.3558,1,-1,-1
1873,341,884.77,287.73,11.17,23.69,0.3099,1,-1,-1
1873,335,1174.68,539.63,17.47,39.47,0.6252,1,-1,-1
1874,254,739.59,494.97,15.51,36.36,0.6343,1,-1,-1
1874,255,409.87,654.10,28.48,57.75,0.6766,1,-1,-1
1874,316,1272.62,397.19,18.13,31.74,0.4795,1,-1,-1
1874,326,899.58,323.69,12.05,26.15,0.4737,1,-1,-1
1874,256,899.94,583.25,25.72,49.34,0.5098,1,-1,-1
1874,258,1186.40,538.25,20.02,41.56,0.5477,1,-1,-1
1874,338,1822.99,327.92,12.46,25.86,0.3567,1,-1,-1
1874,339,1811.78,329.90,12.29,23.85,0.3748,1,-1,-1
1874,341,884.71,287.71,11.19,23.45,0.3268,1,-1,-1
1874,335,1175.48,538.57,17.59,39.60,0.6049,1,-1,-1
1875,254,740.05,494.28,15.58,36.56,0.6433,1,-1,-1
1875,255,408.06,653.04,27.86,56.94,0.6968,1,-1,-1
1875,316,1272.13,396.60,18.35,32.20,0.5117,1,-1,-1
1875,326,899.34,323.10,12.19,26.42,0.4756,1,-1,-1
1875,256,901.29,582.88,25.08,47.87,0.4678,1,-1,-1
1875,258,1186.84,536.58,20.03,42.34,0.5631,1,-1,-1
1875,338,1823.52,328.13,12.05,25.23,0.3346,1,-1,-1
1875,339,1811.36,328.15,12.85,25.15,0.3666,1,-1,-1
1875,341,884.73,287.17,11.47,23.84,0.3612,1,-1,-1
1875,335,1175.65,537.40,17.80,39.84,0.5409,1,-1,-1
1876,254,740.78,493.99,15.55,36.70,0.6361,1,-1,-1
1876,255,406.84,652.02,27.53,56.82,0.6522,1,-1,-1
1876,316,1271.59,396.13,18.68,32.71,0.5098,1,-1,-1
1876,326,899.15,322.74,12.28,26.66,0.4649,1,-1,-1
1876,256,902.34,582.62,24.92,47.75,0.4321,1,-1,-1
1876,258,1185.67,534.22,21.61,44.68,0.1030,1,-1,-1
1876,338,1824.07,328.80,11.47,24.15,0.3311,1,-1,-1
1876,339,1811.37,327.70,12.76,25.11,0.3621,1,-1,-1
1876,341,884.81,286.92,11.62,23.97,0.3923,1,-1,-1
1876,335,1178.96,534.96,20.02,43.13,0.5448,1,-1,-1
1877,254,741.42,493.39,15.39,36.47,0.5842,1,-1,-1
1877,255,406.13,651.37,27.05,56.33,0.6540,1,-1,-1
1877,316,1271.31,395.81,18.70,32.51,0.3979,1,-1,-1
1877,326,899.13,322.50,12.40,26.98,0.4301,1,-1,-1
1877,256,904.00,581.26,24.22,47.03,0.3504,1,-1,-1
1877,258,1185.06,532.00,22.94,46.72,0.1229,1,-1,-1
1877,338,1824.49,328.85,11.21,23.75,0.3311,1,-1,-1
1877,339,1810.98,326.16,13.25,26.38,0.3905,1,-1,-1
1877,341,884.91,286.48,11.87,24.35,0.4436,1,-1,-1
1877,335,1179.59,533.08,21.82,45.30,0.5400,1,-1,-1
1878,254,741.61,492.32,15.66,37.27,0.6451,1,-1,-1
1878,255,405.74,650.45,26.31,55.20,0.6531,1,-1,-1
1878,316,1271.39,395.44,18.68,32.41,0.4111,1,-1,-1
1878,326,899.14,322.13,12.55,27.32,0.4639,1,-1,-1
1878,256,903.92,579.84,24.11,46.86,0.4073,1,-1,-1
1878,258,1183.75,531.89,22.96,46.27,0.5593,1,-1,-1
1878,338,1824.92,329.05,10.89,23.18,0.3495,1,-1,-1
1878,339,1811.05,325.68,13.28,26.70,0.4397,1,-1,-1
1878,341,885.15,286.27,11.98,24.51,0.5117,1,-1,-1
1878,335,1178.41,533.00,21.51,44.21,0.5088,1,-1,-1
1879,254,742.14,492.00,15.61,37.29,0.6361,1,-1,-1
1879,255,404.25,649.79,27.08,57.25,0.6289,1,-1,-1
1879,316,1272.36,395.11,18.14,31.61,0.3757,1,-1,-1
1879,326,899.13,322.07,12.65,27.60,0.4776,1,-1,-1
1879,256,905.50,578.59,23.82,46.44,0.4756,1,-1,-1
1879,258,1182.61,531.95,23.00,45.38,0.5651,1,-1,-1
1879,338,1825.16,328.64,10.86,23.18,0.2775,1,-1,-1
1879,339,1810.96,325.14,13.36,27.12,0.3567,1,-1,-1
1879,341,885.48,286.08,11.96,24.46,0.4844,1,-1,-1
1880,254,742.83,491.32,15.51,37.03,0.6628,1,-1,-1
1880,255,402.69,648.58,27.66,59.34,0.6169,1,-1,-1
1880,316,1273.85,394.62,17.44,30.67,0.3675,1,-1,-1
1880,326,899.42,321.89,12.41,27.12,0.5117,1,-1,-1
1880,256,907.25,578.56,23.29,45.57,0.4330,1,-1,-1
1880,258,1182.71,532.18,22.74,43.88,0.5477,1,-1,-1
1880,338,1825.34,327.95,10.94,23.35,0.2394,1,-1,-1
1880,339,1810.95,325.16,13.11,26.87,0.2775,1,-1,-1
1880,341,885.95,286.26,11.67,23.86,0.4795,1,-1,-1
1880,335,1179.13,532.70,20.93,42.24,0.4649,1,-1,-1
1881,254,743.66,491.14,15.24,36.52,0.6740,1,-1,-1
1881,255,401.21,647.66,27.67,60.01,0.6549,1,-1,-1
1881,316,1274.61,394.21,16.78,29.80,0.4912,1,-1,-1
1881,326,899.55,322.08,11.93,26.00,0.4824,1,-1,-1
1881,256,907.73,578.08,23.63,46.49,0.4083,1,-1,-1
1881,258,1185.61,531.43,22.56,43.67,0.4649,1,-1,-1
1881,338,1825.50,328.39,10.76,22.87,0.1204,1,-1,-1
1881,339,1811.75,326.83,12.30,25.20,0.1510,1,-1,-1
1881,341,886.26,286.30,11.21,22.84,0.2918,1,-1,-1
1881,335,1178.89,532.55,20.61,40.94,0.1294,1,-1,-1
1882,254,744.44,490.54,15.01,36.03,0.7058,1,-1,-1
1882,255,400.07,646.95,26.95,58.57,0.6860,1,-1,-1
1882,316,1274.11,392.63,17.21,30.86,0.5185,1,-1,-1
1882,326,899.72,322.03,11.80,25.66,0.4834,1,-1,-1
1882,256,910.39,577.54,22.95,46.36,0.5312,1,-1,-1
1882,258,1187.06,530.73,22.32,43.32,0.5380,1,-1,-1
1882,338,1825.70,328.34,10.75,22.74,0.1403,1,-1,-1
1882,339,1812.37,327.15,12.02,24.65,0.1394,1,-1,-1
1882,341,886.78,286.09,10.73,21.70,0.2344,1,-1,-1
1882,335,1178.47,531.93,20.09,39.92,0.1551,1,-1,-1
1883,254,745.08,489.98,14.94,35.97,0.7311,1,-1,-1
1883,255,399.03,646.62,26.50,57.73,0.7162,1,-1,-1
1883,316,1274.14,391.54,17.25,31.19,0.5370,1,-1,-1
1883,326,899.90,321.81,11.65,25.20,0.4815,1,-1,-1
1883,256,911.95,577.51,22.17,45.61,0.6021,1,-1,-1
1883,258,1189.27,530.10,22.07,43.00,0.6030,1,-1,-1
1883,338,1825.90,327.05,11.55,24.66,0.1950,1,-1,-1
1883,339,1812.77,327.10,11.85,24.34,0.2082,1,-1,-1
1883,341,887.49,285.65,10.36,20.79,0.3311,1,-1,-1
1883,335,1181.95,530.54,20.78,40.74,0.2214,1,-1,-1
1884,254,746.03,489.85,14.84,35.78,0.6876,1,-1,-1
1884,255,397.67,646.77,26.36,57.37,0.7287,1,-1,-1
1884,316,1274.13,390.48,17.40,31.73,0.5631,1,-1,-1
1884,326,899.94,321.30,11.78,25.36,0.4932,1,-1,-1
1884,256,912.82,577.14,21.38,44.58,0.6487,1,-1,-1
1884,258,1191.16,529.26,21.67,42.92,0.5612,1,-1,-1
1884,338,1826.16,326.32,11.80,25.41,0.2207,1,-1,-1
1884,339,1813.19,326.78,11.79,24.29,0.2358,1,-1,-1
1884,341,887.86,285.27,10.38,20.68,0.3372,1,-1,-1
1884,335,1184.23,529.89,20.43,40.48,0.2862,1,-1,-1
1885,254,747.36,489.74,14.59,35.22,0.6926,1,-1,-1
1885,255,396.30,646.51,26.89,58.09,0.7642,1,-1,-1
1885,316,1274.32,389.83,17.28,31.72,0.5487,1,-1,-1
1885,326,899.94,320.83,11.88,25.47,0.5185,1,-1,-1
1885,256,913.71,576.13,21.43,44.69,0.6522,1,-1,-1
1885,258,1192.09,527.78,21.67,43.63,0.5554,1,-1,-1
1885,338,1825.83,326.71,11.37,24.22,0.2798,1,-1,-1
1885,339,1813.54,326.44,11.69,24.11,0.3183,1,-1,-1
1885,341,888.19,285.11,10.38,20.53,0.3234,1,-1,-1
1885,335,1183.88,528.81,20.40,41.31,0.3989,1,-1,-1
1886,254,748.04,489.21,14.40,34.87,0.7025,1,-1,-1
1886,255,394.93,646.01,27.61,59.06,0.7585,1,-1,-1
1886,316,1274.43,389.30,17.32,31.92,0.5224,1,-1,-1
1886,326,899.95,320.16,12.07,25.86,0.5000,1,-1,-1
1886,256,914.30,575.26,21.45,44.62,0.6575,1,-1,-1
1886,258,1192.47,526.39,21.76,44.41,0.5631,1,-1,-1
1886,338,1825.59,326.43,11.27,23.73,0.3442,1,-1,-1
1886,339,1814.12,325.38,11.85,24.40,0.3049,1,-1,-1
1886,341,888.48,285.33,10.25,20.03,0.1944,1,-1,-1
1886,335,1185.32,527.53,20.19,41.56,0.3576,1,-1,-1
1887,254,748.61,488.46,14.29,34.77,0.6976,1,-1,-1
1887,255,394.03,645.22,27.77,58.76,0.7241,1,-1,-1
1887,316,1274.61,389.00,17.19,31.73,0.4824,1,-1,-1
1887,326,899.82,319.31,12.15,26.08,0.4235,1,-1,-1
1887,256,915.89,574.90,21.26,43.70,0.6593,1,-1,-1
1887,258,1193.54,525.90,21.01,43.46,0.5765,1,-1,-1
1887,338,1826.06,326.03,10.98,22.91,0.3979,1,-1,-1
1887,339,1814.49,324.58,11.75,24.11,0.3268,1,-1,-1
1887,341,888.85,285.57,9.96,19.16,0.1352,1,-1,-1
1887,335,1185.08,526.87,19.56,40.87,0.5351,1,-1,-1
1888,254,749.11,487.55,14.23,34.83,0.6151,1,-1,-1
1888,255,393.02,643.56,28.60,59.77,0.7178,1,-1,-1
1888,316,1275.14,388.41,17.34,32.10,0.4971,1,-1,-1
1888,326,899.82,318.60,12.06,25.95,0.3242,1,-1,-1
1888,256,916.83,574.22,21.30,43.31,0.6487,1,-1,-1
1888,258,1194.65,525.64,20.05,42.00,0.5765,1,-1,-1
1888,338,1825.04,321.63,12.60,26.38,0.4026,1,-1,-1
1888,339,1813.73,317.30,14.65,30.42,0.3140,1,-1,-1
1888,341,889.01,284.97,10.16,19.38,0.1067,1,-1,-1
1888,335,1185.67,526.55,18.90,39.97,0.5670,1,-1,-1
1889,254,749.75,486.21,14.40,35.30,0.6225,1,-1,-1
1889,255,391.46,642.73,28.62,59.43,0.6800,1,-1,-1
1889,316,1275.47,388.29,17.26,31.92,0.5078,1,-1,-1
1889,326,899.90,318.20,11.89,25.58,0.2991,1,-1,-1
1889,256,917.25,572.93,21.98,43.85,0.6433,1,-1,-1
1889,258,1195.43,524.67,19.77,42.04,0.5215,1,-1,-1
1889,338,1824.55,318.18,13.61,28.83,0.4340,1,-1,-1
1889,339,1813.64,314.21,15.52,32.61,0.3657,1,-1,-1
1889,341,889.04,283.44,10.89,20.81,0.1451,1,-1,-1
1889,335,1186.75,525.89,18.76,39.98,0.4951,1,-1,-1
1890,254,750.53,485.25,14.52,35.51,0.6316,1,-1,-1
1890,255,390.40,641.71,29.09,59.99,0.6800,1,-1,-1
1890,316,1275.39,387.58,17.57,32.50,0.4912,1,-1,-1
1890,326,899.85,317.70,11.78,25.31,0.3115,1,-1,-1
1890,256,917.57,572.32,21.95,43.45,0.6179,1,-1,-1
1890,258,1196.52,523.51,19.44,42.15,0.5689,1,-1,-1
1890,338,1825.08,318.19,13.31,28.39,0.4045,1,-1,-1
1890,339,1813.64,313.45,15.39,32.82,0.4007,1,-1,-1
1890,341,889.42,283.65,10.77,20.64,0.1577,1,-1,-1
1890,335,1186.54,525.57,18.20,39.27,0.5283,1,-1,-1
1891,254,751.62,484.88,14.49,35.26,0.6549,1,-1,-1
1891,255,389.46,640.93,29.22,60.01,0.6943,1,-1,-1
1891,316,1275.53,387.03,17.59,32.54,0.5361,1,-1,-1
1891,326,900.02,317.73,11.56,24.80,0.3858,1,-1,-1
1891,256,918.23,571.65,21.74,42.97,0.6415,1,-1,-1
1891,258,1196.67,522.26,19.44,42.76,0.4922,1,-1,-1
1891,338,1825.09,316.50,13.79,29.82,0.4064,1,-1,-1
1891,339,1813.73,313.43,15.04,32.49,0.4397,1,-1,-1
1891,341,889.69,282.97,10.92,21.23,0.3460,1,-1,-1
1891,335,1187.42,524.70,18.24,39.46,0.4620,1,-1,-1
1892,254,752.32,484.12,14.79,35.71,0.6460,1,-1,-1
1892,255,388.18,639.89,28.94,59.11,0.6968,1,-1,-1
1892,316,1275.39,386.51,17.73,32.78,0.4941,1,-1,-1
1892,326,900.06,317.61,11.74,25.05,0.4083,1,-1,-1
1892,256,918.90,570.64,22.04,43.41,0.6540,1,-1,-1
1892,258,1196.76,520.18,20.17,44.35,0.4504,1,-1,-1
1892,338,1825.81,319.24,12.75,27.28,0.3504,1,-1,-1
1892,339,1813.97,314.67,14.24,31.04,0.4064,1,-1,-1
1892,341,889.95,282.22,11.10,21.90,0.2950,1,-1,-1
1892,335,1188.13,523.20,18.47,40.03,0.3868,1,-1,-1
1893,254,753.10,483.66,14.82,35.50,0.6132,1,-1,-1
1893,255,386.85,638.89,28.94,58.93,0.6645,1,-1,-1
1893,316,1275.42,385.95,17.80,32.78,0.5263,1,-1,-1
1893,326,900.17,317.45,11.80,25.08,0.3877,1,-1,-1
1893,256,919.66,570.08,21.52,42.37,0.6433,1,-1,-1
1893,258,1194.55,519.21,21.08,44.46,0.5273,1,-1,-1
1893,338,1826.43,320.70,12.04,25.75,0.3486,1,-1,-1
1893,339,1814.52,312.77,14.82,32.43,0.2108,1,-1,-1
1893,341,890.03,280.92,11.40,22.80,0.3074,1,-1,-1
1893,335,1189.49,521.81,19.32,40.82,0.5224,1,-1,-1
1894,254,753.97,483.19,14.81,35.28,0.6067,1,-1,-1
1894,255,385.35,637.13,28.57,58.52,0.6926,1,-1,-1
1894,316,1275.59,385.08,18.13,33.43,0.5765,1,-1,-1
1894,326,900.14,317.14,11.91,25.17,0.4064,1,-1,-1
1894,256,920.11,569.20,21.24,41.85,0.6469,1,-1,-1
1894,258,1195.72,518.59,21.10,43.87,0.4941,1,-1,-1
1894,338,1826.62,320.60,11.90,25.54,0.3363,1,-1,-1
1894,339,1814.70,311.85,14.98,33.00,0.2494,1,-1,-1
1894,341,890.48,279.63,11.25,22.70,0.2942,1,-1,-1
1894,335,1190.16,521.04,19.24,40.25,0.4678,1,-1,-1
1895,254,754.49,482.52,14.97,35.41,0.6215,1,-1,-1
1895,255,384.31,636.27,28.31,58.21,0.6951,1,-1,-1
1895,316,1275.92,384.50,18.19,33.70,0.5670,1,-1,-1
1895,326,899.98,316.84,12.14,25.50,0.4292,1,-1,-1
1895,256,919.84,567.59,21.56,42.58,0.6469,1,-1,-1
1895,258,1194.07,517.93,22.11,44.45,0.6011,1,-1,-1
1895,338,1826.61,319.53,12.03,25.96,0.3057,1,-1,-1
1895,339,1815.09,311.37,14.78,32.82,0.2628,1,-1,-1
1895,341,890.86,278.26,11.45,23.34,0.3868,1,-1,-1
1896,254,755.16,481.71,15.15,35.43,0.6361,1,-1,-1
1896,255,383.70,634.97,27.97,57.56,0.6549,1,-1,-1
1896,316,1276.59,384.13,17.95,33.53,0.5302,1,-1,-1
1896,326,899.74,316.19,12.41,26.02,0.4922,1,-1,-1
1896,256,919.63,566.33,22.16,43.96,0.6179,1,-1,-1
1896,258,1194.26,517.00,22.89,44.97,0.6151,1,-1,-1
1896,338,1826.58,315.90,13.01,28.77,0.2894,1,-1,-1
1896,339,1817.00,310.56,14.93,33.33,0.2814,1,-1,-1
1896,341,890.92,276.82,11.60,23.92,0.4513,1,-1,-1
1897,254,755.86,481.10,15.07,35.12,0.6505,1,-1,-1
1897,255,382.00,633.82,28.22,57.97,0.6252,1,-1,-1
1897,316,1277.05,383.80,17.70,33.21,0.5176,1,-1,-1
1897,326,899.83,315.77,12.34,25.77,0.4912,1,-1,-1
1897,256,920.48,564.99,22.16,44.25,0.6067,1,-1,-1
1897,258,1194.61,516.68,22.99,44.22,0.6077,1,-1,-1
1897,338,1826.37,313.79,13.50,30.43,0.2494,1,-1,-1
1897,339,1817.60,309.67,15.20,33.99,0.2613,1,-1,-1
1897,341,891.22,276.31,11.48,23.93,0.4330,1,-1,-1
1898,254,756.26,480.09,15.21,35.35,0.6783,1,-1,-1
1898,255,380.33,633.95,28.04,57.66,0.6307,1,-1,-1
1898,316,1277.63,383.19,17.40,32.83,0.5273,1,-1,-1
1898,326,900.10,315.48,12.16,25.26,0.4766,1,-1,-1
1898,256,921.35,563.87,22.06,44.53,0.6067,1,-1,-1
1898,258,1195.09,516.06,23.11,43.77,0.5660,1,-1,-1
1898,338,1826.77,314.72,12.70,28.92,0.1925,1,-1,-1
1898,339,1817.98,309.55,15.08,33.73,0.2075,1,-1,-1
1898,341,891.54,276.29,11.19,23.53,0.4698,1,-1,-1
1899,254,756.94,479.75,15.10,34.79,0.7050,1,-1,-1
1899,255,378.85,634.46,27.11,55.95,0.6487,1,-1,-1
1899,316,1278.66,382.93,16.82,32.04,0.5351,1,-1,-1
1899,326,900.41,315.14,11.94,24.64,0.5029,1,-1,-1
1899,256,922.04,563.08,22.02,44.83,0.5727,1,-1,-1
1899,258,1196.33,515.73,22.79,43.07,0.5068,1,-1,-1
1899,338,1825.92,314.34,12.68,28.73,0.1546,1,-1,-1
1899,339,1818.39,309.12,15.22,33.79,0.1842,1,-1,-1
1899,341,892.15,276.45,10.79,22.89,0.4766,1,-1,-1
1900,254,757.40,478.96,15.14,34.73,0.6868,1,-1,-1
1900,255,376.85,633.37,27.39,56.88,0.6766,1,-1,-1
1900,316,1279.23,382.52,16.42,31.51,0.5361,1,-1,-1
1900,326,900.51,314.81,11.81,24.14,0.5496,1,-1,-1
1900,256,922.36,561.53,22.75,46.73,0.5496,1,-1,-1
1900,258,1199.08,515.14,22.52,43.03,0.5156,1,-1,-1
1900,338,1826.19,316.36,11.59,26.14,0.1551,1,-1,-1
1900,339,1818.83,310.12,14.69,32.41,0.1629,1,-1,-1
1900,341,892.57,275.85,10.69,22.88,0.5224,1,-1,-1
1901,254,757.90,478.18,15.32,35.11,0.6558,1,-1,-1
1901,255,375.50,631.95,27.41,57.03,0.7066,1,-1,-1
1901,316,1279.99,382.43,16.00,30.94,0.5525,1,-1,-1
1901,326,900.42,314.42,11.89,24.13,0.5516,1,-1,-1
1901,256,922.63,559.88,22.87,46.95,0.5525,1,-1,-1
1901,258,1200.45,513.96,22.42,43.42,0.4932,1,-1,-1
1901,338,1825.10,314.95,12.07,27.03,0.2316,1,-1,-1
1901,339,1818.90,309.50,14.90,32.72,0.2838,1,-1,-1
1901,341,892.89,275.43,10.64,22.91,0.4971,1,-1,-1
1902,254,758.62,477.57,15.47,35.63,0.6680,1,-1,-1
1902,255,373.84,631.17,27.02,56.28,0.6766,1,-1,-1
1902,316,1280.62,382.08,15.74,30.59,0.5438,1,-1,-1
1902,326,900.30,313.73,12.04,24.27,0.5098,1,-1,-1
1902,256,925.22,559.57,22.31,45.93,0.3630,1,-1,-1
1902,258,1200.93,512.96,22.49,43.89,0.5765,1,-1,-1
1902,338,1825.27,314.73,12.09,26.92,0.3065,1,-1,-1
1902,339,1818.97,309.12,15.05,32.80,0.3775,1,-1,-1
1902,341,893.05,274.64,10.67,23.03,0.5370,1,-1,-1
1903,254,759.60,476.59,15.55,36.14,0.5727,1,-1,-1
1903,255,372.92,630.99,26.88,55.64,0.6951,1,-1,-1
1903,316,1281.26,381.75,15.43,30.16,0.5166,1,-1,-1
1903,326,900.18,313.16,12.25,24.51,0.4922,1,-1,-1
1903,256,927.04,558.79,21.81,45.21,0.3942,1,-1,-1
1903,258,1201.11,511.82,22.68,44.48,0.5955,1,-1,-1
1903,338,1824.96,313.90,12.33,27.25,0.3090,1,-1,-1
1903,339,1818.73,307.88,15.42,33.46,0.3849,1,-1,-1
1903,341,893.19,274.40,10.61,22.94,0.5137,1,-1,-1
1904,254,759.95,475.10,16.07,37.64,0.5351,1,-1,-1
1904,255,372.17,630.17,27.42,56.40,0.7178,1,-1,-1
1904,316,1281.60,381.27,15.31,30.03,0.5332,1,-1,-1
1904,326,900.23,312.98,12.31,24.33,0.5205,1,-1,-1
1904,256,928.69,558.43,21.38,44.52,0.5254,1,-1,-1
1904,258,1201.68,511.34,22.52,44.37,0.6114,1,-1,-1
1904,338,1824.84,313.77,12.29,26.88,0.3099,1,-1,-1
1904,339,1818.56,307.09,15.52,33.54,0.3803,1,-1,-1
1904,341,893.45,274.50,10.57,22.84,0.5059,1,-1,-1
1905,254,760.75,474.67,15.54,36.64,0.5879,1,-1,-1
1905,255,371.24,629.12,28.10,57.20,0.7272,1,-1,-1
1905,316,1281.33,380.30,15.85,30.97,0.5574,1,-1,-1
1905,326,900.28,312.94,12.47,24.41,0.5049,1,-1,-1
1905,256,928.52,557.86,21.51,44.40,0.5974,1,-1,-1
1905,258,1201.86,510.02,22.85,45.17,0.6225,1,-1,-1
1905,338,1824.88,311.93,13.00,28.52,0.3191,1,-1,-1
1905,339,1818.40,306.20,15.80,34.18,0.4158,1,-1,-1
1905,341,893.90,274.56,10.52,22.62,0.3693,1,-1,-1
1906,254,761.54,474.29,15.11,35.65,0.6397,1,-1,-1
1906,255,369.88,628.44,28.35,57.13,0.6680,1,-1,-1
1906,316,1280.97,378.79,16.54,32.17,0.5458,1,-1,-1
1906,326,900.71,312.75,12.33,24.07,0.4513,1,-1,-1
1906,256,928.85,557.18,21.50,44.33,0.5974,1,-1,-1
1906,258,1202.20,509.04,22.97,45.34,0.6095,1,-1,-1
1906,338,1825.19,309.71,13.77,30.45,0.3251,1,-1,-1
1906,339,1818.82,305.67,16.05,34.50,0.4083,1,-1,-1
1906,341,894.41,275.15,10.37,22.18,0.3766,1,-1,-1
1907,254,762.30,473.58,14.78,35.01,0.6610,1,-1,-1
1907,255,367.95,626.76,29.03,58.65,0.5823,1,-1,-1
1907,316,1281.14,377.86,16.66,32.26,0.4600,1,-1,-1
1907,326,900.96,312.34,12.25,24.03,0.4513,1,-1,-1
1907,256,929.49,556.75,21.43,43.90,0.6142,1,-1,-1
1907,258,1202.50,509.13,22.71,44.62,0.5689,1,-1,-1
1907,338,1824.86,307.90,14.35,31.97,0.3355,1,-1,-1
1907,339,1818.94,305.38,16.14,34.60,0.4007,1,-1,-1
1907,341,895.07,275.31,10.16,21.68,0.4292,1,-1,-1
1908,254,763.08,472.84,14.50,34.38,0.6307,1,-1,-1
1908,255,366.30,625.88,28.78,58.58,0.5535,1,-1,-1
1908,316,1281.25,376.79,16.88,32.44,0.5176,1,-1,-1
1908,326,901.19,311.93,11.96,23.52,0.4698,1,-1,-1
1908,256,930.22,555.90,21.78,44.38,0.5117,1,-1,-1
1908,258,1204.66,509.29,21.75,43.16,0.5098,1,-1,-1
1908,338,1826.01,309.49,13.68,30.48,0.1913,1,-1,-1
1908,339,1816.61,306.33,15.40,33.56,0.4542,1,-1,-1
1908,341,895.25,275.13,10.14,21.62,0.4815,1,-1,-1
1909,254,763.88,472.17,14.65,34.50,0.6086,1,-1,-1
1909,255,365.43,624.77,27.88,56.87,0.5516,1,-1,-1
1909,316,1281.21,376.42,16.99,32.36,0.4533,1,-1,-1
1909,326,900.91,311.16,12.29,24.22,0.4659,1,-1,-1
1909,256,930.82,554.94,22.11,44.54,0.4932,1,-1,-1
1909,258,1205.50,508.85,21.38,42.41,0.4571,1,-1,-1
1909,338,1826.00,309.22,13.74,30.60,0.1877,1,-1,-1
1909,339,1815.69,306.27,15.11,33.40,0.4494,1,-1,-1
1909,341,895.67,275.04,10.04,21.35,0.4610,1,-1,-1
1909,335,1202.14,509.74,20.06,41.78,0.4513,1,-1,-1
1910,254,764.40,470.97,15.01,35.30,0.6379,1,-1,-1
1910,255,364.92,623.30,28.46,57.54,0.6298,1,-1,-1
1910,316,1281.39,376.25,17.01,32.02,0.3849,1,-1,-1
1910,326,900.79,310.14,12.62,24.90,0.5263,1,-1,-1
1910,256,931.49,554.03,22.98,45.41,0.4475,1,-1,-1
1910,258,1206.66,508.84,21.07,41.63,0.3831,1,-1,-1
1910,338,1825.17,308.86,14.11,31.08,0.1716,1,-1,-1
1910,339,1815.51,306.31,14.87,33.20,0.4036,1,-1,-1
1910,341,895.63,273.70,10.31,22.08,0.5506,1,-1,-1
1910,335,1202.02,509.68,19.62,41.30,0.4244,1,-1,-1
1911,254,764.68,470.49,15.33,35.84,0.6234,1,-1,-1
1911,255,363.63,622.70,28.01,56.89,0.6307,1,-1,-1
1911,316,1281.95,375.68,16.99,31.79,0.5127,1,-1,-1
1911,326,900.77,308.88,13.04,25.82,0.5477,1,-1,-1
1911,256,932.53,553.43,22.71,44.96,0.4688,1,-1,-1
1911,258,1207.39,507.51,21.99,42.76,0.1086,1,-1,-1
1911,338,1822.76,304.78,15.96,34.76,0.3294,1,-1,-1
1911,339,1815.51,306.29,14.68,33.06,0.3065,1,-1,-1
1911,341,895.70,273.51,10.16,21.85,0.5525,1,-1,-1
1911,335,1202.86,507.99,20.33,41.86,0.5273,1,-1,-1
1911,344,907.66,269.96,10.07,22.94,0.4581,1,-1,-1
1912,254,764.90,470.07,15.41,35.91,0.6379,1,-1,-1
1912,255,361.74,621.49,28.10,57.56,0.6160,1,-1,-1
1912,316,1281.96,374.98,17.30,32.12,0.4873,1,-1,-1
1912,326,900.70,307.67,13.23,26.29,0.5166,1,-1,-1
1912,256,932.55,552.26,22.95,45.42,0.4912,1,-1,-1
1912,258,1206.37,506.73,22.41,42.96,0.4883,1,-1,-1
1912,338,1822.17,302.79,16.82,36.39,0.2902,1,-1,-1
1912,339,1815.60,306.71,14.31,32.45,0.2682,1,-1,-1
1912,341,895.91,273.54,10.04,21.65,0.5351,1,-1,-1
1912,344,907.76,269.86,10.02,22.78,0.4311,1,-1,-1
1913,254,765.31,469.77,15.40,35.80,0.6197,1,-1,-1
1913,255,361.23,621.68,27.64,56.38,0.6433,1,-1,-1
1913,316,1282.26,374.51,17.45,32.25,0.4630,1,-1,-1
1913,326,900.73,307.09,13.31,26.55,0.5166,1,-1,-1
1913,256,933.01,551.40,23.03,45.70,0.4902,1,-1,-1
1913,258,1205.40,504.72,23.31,43.89,0.5794,1,-1,-1
1913,338,1822.58,303.39,16.49,35.28,0.2316,1,-1,-1
1913,339,1816.19,309.15,13.17,29.81,0.2207,1,-1,-1
1913,341,895.85,272.72,10.12,21.79,0.5078,1,-1,-1
1913,344,907.38,267.65,10.59,24.07,0.4484,1,-1,-1
1914,254,765.70,469.68,15.20,35.25,0.5842,1,-1,-1
1914,255,359.90,620.85,27.66,56.27,0.6680,1,-1,-1
1914,316,1282.74,374.24,17.37,31.79,0.3933,1,-1,-1
1914,326,900.69,306.68,13.40,26.82,0.5400,1,-1,-1
1914,256,933.76,550.73,22.50,44.64,0.4600,1,-1,-1
1914,258,1205.53,503.60,23.64,43.92,0.5670,1,-1,-1
1914,338,1822.30,303.47,16.60,34.93,0.2830,1,-1,-1
1914,339,1816.60,310.30,12.67,28.54,0.2487,1,-1,-1
1914,341,896.02,272.14,10.21,22.01,0.5176,1,-1,-1
1914,344,907.18,266.40,10.97,24.96,0.4824,1,-1,-1
1915,254,766.55,469.30,14.78,34.10,0.5765,1,-1,-1
1915,255,358.35,619.49,27.92,56.64,0.6049,1,-1,-1
1915,316,1283.08,374.00,17.31,31.49,0.3821,1,-1,-1
1915,326,900.78,306.39,13.23,26.59,0.5419,1,-1,-1
1915,256,934.26,549.91,22.23,44.06,0.3486,1,-1,-1
1915,258,1205.63,502.95,23.79,43.59,0.5746,1,-1,-1
1915,338,1822.39,304.69,16.24,33.46,0.3191,1,-1,-1
1915,339,1816.88,311.18,12.31,27.55,0.2822,1,-1,-1
1915,341,896.26,271.71,10.07,21.80,0.5010,1,-1,-1
1915,344,907.39,266.94,10.65,24.20,0.5010,1,-1,-1
1916,254,766.89,468.87,14.76,33.81,0.6030,1,-1,-1
1916,255,357.23,619.37,27.70,56.04,0.6234,1,-1,-1
1916,316,1283.44,373.37,17.47,31.82,0.3905,1,-1,-1
1916,326,900.93,306.08,13.10,26.49,0.5390,1,-1,-1
1916,256,934.09,549.53,21.97,43.28,0.2674,1,-1,-1
1916,258,1206.33,502.61,23.77,43.02,0.5765,1,-1,-1
1916,338,1822.97,306.13,15.69,31.48,0.1739,1,-1,-1
1916,339,1817.34,311.74,11.96,26.54,0.1683,1,-1,-1
1916,341,896.60,270.97,10.02,21.92,0.5176,1,-1,-1
1916,344,907.71,267.62,10.27,23.30,0.4873,1,-1,-1
1917,254,767.27,468.36,14.81,33.71,0.5804,1,-1,-1
1917,255,356.50,618.36,28.00,56.41,0.6531,1,-1,-1
1917,316,1283.88,372.39,17.71,32.44,0.4688,1,-1,-1
1917,326,901.13,305.38,13.12,26.64,0.5215,1,-1,-1
1917,256,934.53,548.74,21.87,42.77,0.2728,1,-1,-1
1917,258,1206.65,501.86,24.18,43.38,0.5631,1,-1,-1
1917,338,1823.72,307.67,15.02,28.91,0.1956,1,-1,-1
1917,339,1817.84,312.29,11.51,25.14,0.1603,1,-1,-1
1917,341,896.59,271.14,9.88,21.79,0.4893,1,-1,-1
1917,344,907.66,266.99,10.39,23.55,0.4932,1,-1,-1
1918,254,767.91,468.01,14.79,33.40,0.5917,1,-1,-1
1918,255,355.62,617.11,28.40,56.92,0.7009,1,-1,-1
1918,316,1284.65,372.05,17.30,31.94,0.3970,1,-1,-1
1918,326,901.30,304.97,13.01,26.56,0.5215,1,-1,-1
1918,256,936.52,547.45,22.06,42.86,0.3942,1,-1,-1
1918,258,1207.98,501.61,23.69,42.39,0.3812,1,-1,-1
1918,338,1823.63,304.97,16.25,30.74,0.2227,1,-1,-1
1918,339,1817.94,311.67,11.64,25.10,0.1403,1,-1,-1
1918,341,896.71,270.79,9.82,21.75,0.4688,1,-1,-1
1918,344,907.74,266.37,10.54,23.90,0.4932,1,-1,-1
1919,254,768.39,467.10,15.29,34.45,0.5737,1,-1,-1
1919,255,353.87,616.50,28.53,56.88,0.6876,1,-1,-1
1919,316,1285.19,371.71,16.93,31.45,0.3720,1,-1,-1
1919,326,901.42,304.63,12.87,26.40,0.5351,1,-1,-1
1919,256,938.26,546.91,21.89,42.53,0.3989,1,-1,-1
1919,258,1208.41,499.96,24.39,43.49,0.4932,1,-1,-1
1919,338,1822.39,301.80,17.51,32.73,0.2628,1,-1,-1
1919,339,1817.89,311.36,11.47,24.50,0.1298,1,-1,-1
1919,341,897.00,270.24,9.87,22.02,0.5029,1,-1,-1
1919,344,908.06,266.17,10.55,23.94,0.4951,1,-1,-1
1920,254,769.17,466.22,15.78,35.61,0.5860,1,-1,-1
1920,255,352.41,616.08,28.33,56.32,0.7033,1,-1,-1
1920,316,1285.37,371.12,16.91,31.56,0.2783,1,-1,-1
1920,326,901.49,304.28,12.75,26.28,0.5146,1,-1,-1
1920,256,938.64,545.49,22.11,43.13,0.4815,1,-1,-1
1920,258,1209.39,498.07,24.84,44.32,0.5860,1,-1,-1
1920,338,1822.20,298.92,18.78,34.50,0.3612,1,-1,-1
1920,339,1817.53,309.32,12.16,25.90,0.1034,1,-1,-1
1920,341,897.76,269.37,10.06,22.66,0.4971,1,-1,-1
1920,344,908.34,266.11,10.51,23.84,0.4533,1,-1,-1
1921,254,769.87,465.28,16.32,36.92,0.5898,1,-1,-1
1921,255,351.05,615.79,28.49,56.44,0.7082,1,-1,-1
1921,316,1285.36,370.09,16.98,31.88,0.3612,1,-1,-1
1921,326,901.54,304.04,12.69,26.21,0.4941,1,-1,-1
1921,256,939.75,544.80,22.01,43.09,0.4776,1,-1,-1
1921,258,1210.49,497.89,23.94,43.08,0.5593,1,-1,-1
1921,338,1821.80,297.98,19.14,34.65,0.3398,1,-1,-1
1921,339,1817.61,309.17,12.01,25.44,0.1427,1,-1,-1
1921,341,898.44,268.33,10.27,23.30,0.4951,1,-1,-1
1921,344,908.54,265.81,10.49,23.77,0.4378,1,-1,-1
1922,254,770.89,464.89,16.33,36.99,0.5832,1,-1,-1
1922,255,350.14,614.96,28.73,56.56,0.7210,1,-1,-1
1922,316,1285.34,369.02,17.08,32.09,0.3294,1,-1,-1
1922,326,901.64,303.89,12.61,26.06,0.4854,1,-1,-1
1922,256,941.00,544.13,22.29,43.69,0.5746,1,-1,-1
1922,258,1212.01,495.33,25.47,46.08,0.1505,1,-1,-1
1922,338,1821.57,297.25,19.48,34.82,0.3522,1,-1,-1
1922,339,1817.10,304.38,13.58,29.21,0.1285,1,-1,-1
1922,341,898.99,266.85,10.84,24.62,0.4971,1,-1,-1
1922,344,908.83,265.67,10.49,23.79,0.3585,1,-1,-1
1922,335,1212.18,497.70,20.72,42.82,0.5205,1,-1,-1
1923,254,772.00,464.06,15.94,36.34,0.4824,1,-1,-1
1923,255,349.35,613.99,29.26,57.31,0.7017,1,-1,-1
1923,316,1285.26,368.03,17.47,32.92,0.3989,1,-1,-1
1923,326,901.66,303.95,12.46,25.79,0.4678,1,-1,-1
1923,256,941.95,543.14,22.84,44.43,0.6343,1,-1,-1
1923,338,1820.95,297.26,19.24,34.34,0.3840,1,-1,-1
1923,339,1817.07,303.09,13.72,29.88,0.1466,1,-1,-1
1923,341,899.67,266.02,10.88,24.50,0.5078,1,-1,-1
1923,344,909.36,266.20,9.93,22.63,0.3149,1,-1,-1
1923,335,1213.36,495.93,21.33,43.97,0.5400,1,-1,-1
1924,254,772.52,463.06,15.91,36.41,0.5851,1,-1,-1
1924,255,348.39,612.06,30.50,59.28,0.6885,1,-1,-1
1924,316,1285.40,367.03,17.69,33.48,0.3504,1,-1,-1
1924,326,901.56,303.79,12.55,25.96,0.4455,1,-1,-1
1924,256,942.84,542.03,23.59,45.26,0.6280,1,-1,-1
1924,338,1820.88,297.13,19.28,34.27,0.3702,1,-1,-1
1924,339,1817.10,302.51,13.69,30.16,0.1476,1,-1,-1
1924,341,900.29,265.49,10.73,23.92,0.4756,1,-1,-1
1924,344,909.91,266.33,9.59,21.96,0.2854,1,-1,-1
1924,258,1213.00,493.83,25.00,45.46,0.5574,1,-1,-1
1925,254,773.30,462.23,16.03,36.73,0.5898,1,-1,-1
1925,255,347.20,610.73,30.95,59.78,0.6851,1,-1,-1
1925,316,1285.80,366.45,17.59,33.44,0.4017,1,-1,-1
1925,326,901.54,303.54,12.57,25.93,0.4688,1,-1,-1
1925,256,943.91,541.54,23.69,44.94,0.6252,1,-1,-1
1925,338,1818.94,299.31,17.73,32.31,0.4045,1,-1,-1
1925,339,1817.60,305.49,12.47,27.36,0.1813,1,-1,-1
1925,341,900.71,265.09,10.64,23.50,0.5244,1,-1,-1
1925,344,910.71,266.18,9.36,21.55,0.3478,1,-1,-1
1925,335,1214.68,494.10,21.69,44.08,0.5860,1,-1,-1
1926,254,773.30,461.04,16.69,38.20,0.6567,1,-1,-1
1926,255,345.49,610.47,30.16,58.05,0.6415,1,-1,-1
1926,316,1285.57,364.32,18.03,34.57,0.4436,1,-1,-1
1926,326,901.91,302.84,12.73,26.18,0.4054,1,-1,-1
1926,256,944.63,540.64,23.99,45.21,0.4688,1,-1,-1
1926,338,1818.38,299.53,16.77,31.43,0.5049,1,-1,-1
1926,339,1817.63,304.67,12.62,27.82,0.2101,1,-1,-1
1926,341,901.57,264.54,10.62,23.14,0.3612,1,-1,-1
1926,344,910.56,264.21,9.72,22.47,0.2302,1,-1,-1
1926,335,1215.69,493.94,21.72,43.54,0.5554,1,-1,-1
1927,254,774.10,460.88,16.12,36.80,0.6843,1,-1,-1
1927,255,344.08,609.21,30.85,59.16,0.6602,1,-1,-1
1927,316,1285.53,363.38,18.24,35.26,0.3970,1,-1,-1
1927,326,901.93,302.41,12.80,26.19,0.3961,1,-1,-1
1927,256,945.20,540.27,23.93,44.97,0.4591,1,-1,-1
1927,338,1818.28,299.60,16.15,31.10,0.4844,1,-1,-1
1927,339,1817.77,304.82,12.46,27.53,0.2075,1,-1,-1
1927,341,902.06,263.03,11.24,24.31,0.3757,1,-1,-1
1927,344,910.45,259.70,11.25,26.53,0.2751,1,-1,-1
1927,335,1216.46,493.42,21.82,43.26,0.5185,1,-1,-1
1927,345,1832.28,306.20,11.77,25.70,0.4776,1,-1,-1
1928,254,774.61,460.40,16.11,36.82,0.7058,1,-1,-1
1928,255,342.07,608.20,30.88,59.33,0.6826,1,-1,-1
1928,316,1285.67,362.76,17.97,35.03,0.3998,1,-1,-1
1928,326,901.93,302.32,12.59,25.58,0.3684,1,-1,-1
1928,256,945.44,539.31,23.91,44.62,0.3970,1,-1,-1
1928,338,1818.36,299.69,15.57,30.68,0.4863,1,-1,-1
1928,339,1817.99,305.16,12.08,26.61,0.2075,1,-1,-1
1928,341,902.19,262.47,11.35,24.51,0.4007,1,-1,-1
1928,344,910.45,259.43,11.24,26.54,0.2553,1,-1,-1
1928,345,1832.49,306.60,11.43,24.91,0.4737,1,-1,-1
1928,258,1215.81,492.03,24.62,44.61,0.5234,1,-1,-1
1929,254,774.95,459.92,16.55,37.98,0.6943,1,-1,-1
1929,255,339.54,606.58,30.81,59.69,0.7033,1,-1,-1
1929,316,1285.80,362.64,17.79,34.89,0.3630,1,-1,-1
1929,326,901.73,301.81,12.50,25.29,0.4045,1,-1,-1
1929,256,946.67,538.14,23.50,43.99,0.4863,1,-1,-1
1929,338,1818.40,299.19,15.35,30.83,0.4883,1,-1,-1
1929,339,1818.12,305.23,11.81,25.90,0.2134,1,-1,-1
1929,341,902.41,261.60,11.57,24.99,0.3970,1,-1,-1
1929,344,910.38,259.18,11.26,26.58,0.2644,1,-1,-1
1929,345,1832.50,306.05,11.43,24.88,0.4600,1,-1,-1
1929,258,1216.27,491.49,24.61,44.59,0.5564,1,-1,-1
1930,254,775.53,459.05,16.78,38.60,0.6379,1,-1,-1
1930,255,338.25,605.58,30.68,59.76,0.6901,1,-1,-1
1930,316,1285.86,362.89,17.38,34.11,0.3621,1,-1,-1
1930,326,901.73,301.31,12.21,24.66,0.4805,1,-1,-1
1930,256,947.87,537.48,23.20,43.51,0.4426,1,-1,-1
1930,338,1817.92,303.73,13.14,26.43,0.2379,1,-1,-1
1930,339,1819.11,304.25,11.92,26.03,0.4717,1,-1,-1
1930,341,902.39,261.89,11.28,24.37,0.4902,1,-1,-1
1930,344,912.14,259.35,10.77,25.79,0.4187,1,-1,-1
1930,345,1832.22,305.37,11.47,24.93,0.5000,1,-1,-1
1930,258,1216.87,491.62,23.73,42.91,0.5049,1,-1,-1
1931,254,776.28,458.40,16.29,37.64,0.6123,1,-1,-1
1931,255,337.08,604.80,30.34,59.35,0.6680,1,-1,-1
1931,316,1286.34,362.09,17.44,34.23,0.3603,1,-1,-1
1931,326,901.74,301.03,12.07,24.47,0.5419,1,-1,-1
1931,256,948.18,536.60,23.11,43.41,0.5361,1,-1,-1
1931,338,1817.81,304.66,12.51,25.15,0.2480,1,-1,-1
1931,339,1819.13,300.59,13.20,29.02,0.4873,1,-1,-1
1931,341,902.54,261.95,11.26,24.39,0.5380,1,-1,-1
1931,344,911.98,259.79,10.61,25.44,0.3460,1,-1,-1
1931,345,1831.94,303.90,11.92,25.88,0.4834,1,-1,-1
1931,258,1217.54,491.02,23.82,42.95,0.5312,1,-1,-1
1932,254,776.72,457.15,16.31,37.83,0.6197,1,-1,-1
1932,255,337.39,604.36,30.65,59.13,0.6951,1,-1,-1
1932,316,1286.58,362.13,17.20,33.65,0.3720,1,-1,-1
1932,326,901.71,300.73,12.02,24.40,0.5010,1,-1,-1
1932,256,948.87,536.18,23.15,43.52,0.4542,1,-1,-1
1932,338,1817.76,304.23,12.51,25.16,0.2465,1,-1,-1
1932,339,1819.13,299.00,13.66,30.11,0.4961,1,-1,-1
1932,341,902.49,261.39,11.53,25.02,0.5088,1,-1,-1
1932,344,911.44,259.48,10.80,25.85,0.3132,1,-1,-1
1932,345,1831.94,303.43,11.84,25.65,0.4902,1,-1,-1
1932,258,1218.06,490.02,23.84,42.83,0.5832,1,-1,-1
1933,254,777.24,456.25,16.32,38.09,0.6105,1,-1,-1
1933,255,336.60,603.45,29.87,57.40,0.6487,1,-1,-1
1933,316,1286.93,361.51,17.12,33.54,0.3684,1,-1,-1
1933,326,901.85,299.82,12.10,24.74,0.5429,1,-1,-1
1933,256,949.89,534.97,23.24,44.23,0.5098,1,-1,-1
1933,339,1819.15,295.68,14.74,32.70,0.5244,1,-1,-1
1933,341,902.62,260.96,11.54,25.20,0.5516,1,-1,-1
1933,344,913.34,260.43,10.11,24.45,0.4533,1,-1,-1
1933,345,1831.57,301.15,12.54,27.16,0.4523,1,-1,-1
1933,258,1218.77,489.30,23.94,42.88,0.6002,1,-1,-1
1934,254,777.70,455.71,16.48,38.57,0.6105,1,-1,-1
1934,255,336.69,603.32,30.81,58.06,0.6575,1,-1,-1
1934,316,1287.08,360.82,17.12,33.56,0.3803,1,-1,-1
1934,326,901.91,298.91,12.17,24.97,0.5137,1,-1,-1
1934,256,949.79,533.23,23.51,45.19,0.4426,1,-1,-1
1934,339,1819.30,294.23,15.18,33.82,0.5361,1,-1,-1
1934,341,902.72,261.44,11.20,24.51,0.5137,1,-1,-1
1934,344,914.40,260.70,9.32,22.65,0.4007,1,-1,-1
1934,345,1830.86,298.14,13.66,29.73,0.4630,1,-1,-1
1934,258,1219.03,488.15,24.22,43.38,0.6058,1,-1,-1
1935,254,778.08,455.24,16.45,38.64,0.6361,1,-1,-1
1935,255,333.81,603.00,30.42,57.76,0.6343,1,-1,-1
1935,316,1287.03,359.78,17.43,34.24,0.4026,1,-1,-1
1935,326,902.04,298.77,12.08,24.86,0.4815,1,-1,-1
1935,256,949.97,532.26,23.43,45.45,0.4649,1,-1,-1
1935,339,1819.34,293.86,15.12,33.87,0.5400,1,-1,-1
1935,341,903.03,261.73,10.99,24.04,0.4417,1,-1,-1
1935,344,914.85,260.74,8.88,21.71,0.3469,1,-1,-1
1935,345,1830.84,297.39,13.79,30.17,0.4591,1,-1,-1
1935,258,1219.05,486.94,25.06,45.19,0.6169,1,-1,-1
1936,254,779.10,455.51,15.71,36.81,0.6433,1,-1,-1
1936,255,331.26,602.23,29.75,57.15,0.6749,1,-1,-1
1936,316,1287.04,359.12,17.55,34.56,0.4359,1,-1,-1
1936,326,902.21,298.86,11.88,24.47,0.4465,1,-1,-1
1936,256,950.65,531.49,22.84,44.61,0.4330,1,-1,-1
1936,339,1819.22,293.88,14.82,33.43,0.5467,1,-1,-1
1936,341,903.53,262.24,10.69,23.29,0.3942,1,-1,-1
1936,344,915.79,261.41,8.32,20.53,0.2644,1,-1,-1
1936,345,1831.16,298.34,13.18,28.91,0.4533,1,-1,-1
1936,258,1219.32,485.75,24.98,45.47,0.6215,1,-1,-1
1937,254,780.03,455.82,15.17,35.50,0.6067,1,-1,-1
1937,255,330.40,602.33,28.83,55.70,0.6593,1,-1,-1
1937,316,1286.89,358.56,17.65,34.73,0.4130,1,-1,-1
1937,326,902.06,298.58,12.03,24.78,0.3016,1,-1,-1
1937,256,951.39,530.90,22.31,43.85,0.3730,1,-1,-1
1937,339,1819.20,293.81,14.65,33.30,0.5234,1,-1,-1
1937,341,903.68,261.04,10.77,23.55,0.2583,1,-1,-1
1937,344,916.35,261.22,8.22,20.49,0.1656,1,-1,-1
1937,345,1829.89,294.53,14.72,32.45,0.2018,1,-1,-1
1937,258,1220.49,485.37,24.09,44.27,0.5917,1,-1,-1
1938,254,780.69,455.05,15.28,35.78,0.6086,1,-1,-1
1938,255,329.32,601.79,28.48,55.13,0.6749,1,-1,-1
1938,316,1287.02,358.24,17.57,34.48,0.3849,1,-1,-1
1938,326,901.91,297.93,12.28,25.31,0.2140,1,-1,-1
1938,256,952.17,530.27,22.16,43.74,0.3242,1,-1,-1
1938,339,1819.55,294.13,14.08,32.14,0.4844,1,-1,-1
1938,341,903.92,260.17,10.74,23.46,0.2436,1,-1,-1
1938,344,916.33,260.75,8.16,20.45,0.1427,1,-1,-1
1938,345,1829.18,294.63,14.36,31.85,0.1727,1,-1,-1
1938,258,1221.69,484.64,23.50,43.61,0.5708,1,-1,-1
1939,254,781.59,454.02,15.60,36.72,0.5860,1,-1,-1
1939,255,328.58,601.52,28.80,55.29,0.7256,1,-1,-1
1939,316,1287.37,357.60,17.34,34.02,0.3381,1,-1,-1
1939,326,901.61,297.55,12.44,25.47,0.1818,1,-1,-1
1939,256,952.56,529.53,22.38,44.04,0.4064,1,-1,-1
1939,339,1819.71,294.19,13.87,31.82,0.4707,1,-1,-1
1939,341,903.83,257.55,11.50,25.29,0.2451,1,-1,-1
1939,344,915.48,258.87,8.81,22.28,0.1490,1,-1,-1
1939,345,1829.18,295.00,14.04,31.30,0.1618,1,-1,-1
1939,258,1223.57,483.14,23.34,44.03,0.5010,1,-1,-1
1940,254,781.99,452.55,15.92,37.69,0.5708,1,-1,-1
1940,255,327.42,600.60,29.42,56.13,0.7241,1,-1,-1
1940,316,1287.78,357.18,17.05,33.42,0.4130,1,-1,-1
1940,326,901.67,297.01,12.58,25.56,0.2958,1,-1,-1
1940,256,953.84,529.09,22.64,44.24,0.2114,1,-1,-1
1940,339,1820.07,294.42,13.43,30.87,0.4659,1,-1,-1
1940,341,903.74,255.52,11.93,26.47,0.2934,1,-1,-1
1940,344,915.40,256.99,9.27,23.75,0.1895,1,-1,-1
1940,345,1829.50,295.87,13.28,29.65,0.1629,1,-1,-1
1940,258,1225.28,482.46,23.09,44.37,0.5234,1,-1,-1
1941,254,781.98,451.32,16.53,39.12,0.6105,1,-1,-1
1941,255,326.73,599.67,29.98,56.55,0.7066,1,-1,-1
1941,316,1288.23,356.78,16.97,33.14,0.4610,1,-1,-1
1941,326,901.68,295.89,12.97,26.25,0.3648,1,-1,-1
1941,256,954.87,527.78,23.05,44.98,0.3621,1,-1,-1
1941,339,1820.06,295.30,12.87,29.51,0.4446,1,-1,-1
1941,341,903.58,250.94,12.98,29.15,0.3914,1,-1,-1
1941,344,913.41,253.19,10.54,26.70,0.2516,1,-1,-1
1941,345,1831.86,299.46,11.73,25.85,0.4235,1,-1,-1
1941,258,1225.66,480.69,23.28,45.38,0.5842,1,-1,-1
1942,254,782.65,450.26,16.43,38.87,0.5554,1,-1,-1
1942,255,326.15,598.96,30.73,57.06,0.7379,1,-1,-1
1942,316,1288.65,356.22,16.78,32.78,0.4649,1,-1,-1
1942,326,901.47,295.10,13.25,26.72,0.3657,1,-1,-1
1942,256,955.67,525.98,23.62,45.82,0.4795,1,-1,-1
1942,339,1819.84,294.51,13.05,29.89,0.4436,1,-1,-1
1942,341,903.92,248.74,13.55,30.54,0.4187,1,-1,-1
1942,345,1831.57,297.15,12.55,27.51,0.1380,1,-1,-1
1942,258,1226.25,479.95,23.03,45.47,0.6442,1,-1,-1
1943,254,783.82,449.79,15.52,36.37,0.5936,1,-1,-1
1943,255,323.41,597.85,31.51,58.26,0.6984,1,-1,-1
1943,316,1288.75,355.57,16.62,32.39,0.4805,1,-1,-1
1943,326,901.46,294.60,13.32,26.85,0.4321,1,-1,-1
1943,256,956.49,524.40,23.71,45.76,0.6058,1,-1,-1
1943,339,1820.01,293.65,12.95,29.61,0.4785,1,-1,-1
1943,341,904.30,249.29,13.27,29.85,0.4140,1,-1,-1
1943,345,1831.57,296.47,12.47,27.15,0.1727,1,-1,-1
1943,258,1226.92,479.74,22.55,45.08,0.6549,1,-1,-1
1944,254,783.82,449.48,15.89,36.96,0.5670,1,-1,-1
1944,255,320.90,596.71,31.41,58.53,0.6817,1,-1,-1
1944,316,1288.69,354.40,16.85,32.91,0.4776,1,-1,-1
1944,326,901.96,293.65,13.31,26.94,0.3970,1,-1,-1
1944,256,956.87,522.67,24.11,46.30,0.5477,1,-1,-1
1944,339,1820.02,292.83,13.22,30.13,0.4912,1,-1,-1
1944,341,904.59,250.76,12.63,28.27,0.3803,1,-1,-1
1944,345,1833.42,297.93,11.93,25.60,0.4649,1,-1,-1
1944,258,1227.84,479.22,21.86,44.09,0.6261,1,-1,-1
1945,254,784.85,449.39,15.61,36.24,0.6011,1,-1,-1
1945,255,318.72,595.60,32.25,60.63,0.6086,1,-1,-1
1945,316,1288.53,353.33,17.13,33.41,0.4591,1,-1,-1
1945,326,902.17,292.96,13.20,26.85,0.4177,1,-1,-1
1945,256,957.35,521.51,24.48,46.77,0.4980,1,-1,-1
1945,339,1820.18,292.47,13.30,30.21,0.4844,1,-1,-1
1945,341,904.91,252.64,11.95,26.66,0.3914,1,-1,-1
1945,345,1834.05,298.05,11.89,25.17,0.4533,1,-1,-1
1945,258,1228.61,479.13,21.71,44.00,0.6021,1,-1,-1
1946,254,785.20,449.05,15.68,36.20,0.6415,1,-1,-1
1946,255,317.31,594.55,32.18,60.53,0.6049,1,-1,-1
1946,316,1288.49,351.84,17.48,34.29,0.4854,1,-1,-1
1946,326,902.08,292.00,13.40,27.40,0.4359,1,-1,-1
1946,256,957.64,519.96,25.13,47.90,0.5332,1,-1,-1
1946,339,1819.99,291.99,13.42,30.44,0.4737,1,-1,-1
1946,341,905.44,253.37,11.84,26.33,0.3648,1,-1,-1
1946,345,1833.99,297.89,11.96,25.17,0.4727,1,-1,-1
1946,258,1230.37,478.67,21.15,42.91,0.5993,1,-1,-1
1947,254,785.86,448.22,15.75,36.19,0.6307,1,-1,-1
1947,255,316.83,594.42,29.97,56.30,0.6469,1,-1,-1
1947,316,1288.40,350.73,17.66,34.75,0.5400,1,-1,-1
1947,326,902.04,291.25,13.49,27.74,0.4121,1,-1,-1
1947,256,958.87,519.32,25.33,48.30,0.5234,1,-1,-1
1947,339,1820.08,292.08,13.21,29.87,0.4961,1,-1,-1
1947,341,907.02,253.68,12.04,26.30,0.3923,1,-1,-1
1947,345,1833.88,297.62,11.97,25.13,0.5127,1,-1,-1
1947,258,1231.19,477.40,21.90,43.93,0.6522,1,-1,-1
1948,254,786.70,447.51,15.82,36.17,0.6433,1,-1,-1
1948,255,316.25,593.78,29.20,54.55,0.6505,1,-1,-1
1948,316,1288.96,349.99,17.62,34.88,0.5332,1,-1,-1
1948,326,901.98,290.92,13.31,27.55,0.4475,1,-1,-1
1948,256,960.28,519.60,24.79,47.48,0.5117,1,-1,-1
1948,339,1820.26,292.30,13.10,29.48,0.4834,1,-1,-1
1948,341,907.60,253.77,12.09,26.07,0.4216,1,-1,-1
1948,345,1833.91,297.70,11.97,25.05,0.4854,1,-1,-1
1948,258,1231.86,476.27,22.45,44.53,0.6593,1,-1,-1
1949,254,787.08,446.90,16.05,36.41,0.6575,1,-1,-1
1949,255,315.52,592.82,30.12,55.94,0.5506,1,-1,-1
1949,316,1289.28,349.87,17.30,34.33,0.5631,1,-1,-1
1949,326,902.04,290.91,13.01,27.04,0.4600,1,-1,-1
1949,256,961.15,519.19,24.54,46.92,0.5574,1,-1,-1
1949,339,1820.76,292.51,12.88,28.87,0.4776,1,-1,-1
1949,341,907.80,253.91,12.03,25.73,0.4562,1,-1,-1
1949,345,1834.20,298.02,11.82,24.63,0.4649,1,-1,-1
1949,258,1232.10,475.79,22.74,44.65,0.6628,1,-1,-1
1950,254,787.73,445.82,16.19,36.63,0.6123,1,-1,-1
1950,255,314.61,591.78,29.50,54.31,0.5574,1,-1,-1
1950,316,1289.27,349.61,17.37,34.59,0.5205,1,-1,-1
1950,326,902.07,290.86,12.82,26.75,0.4746,1,-1,-1
1950,256,961.58,518.79,24.22,46.29,0.5224,1,-1,-1
1950,339,1821.53,292.31,12.87,28.80,0.4893,1,-1,-1
1950,341,907.80,253.60,12.16,25.95,0.5244,1,-1,-1
1950,345,1834.73,298.02,11.77,24.41,0.4523,1,-1,-1
1950,258,1232.02,475.47,23.17,45.12,0.6732,1,-1,-1
1951,254,788.18,444.70,16.43,37.16,0.6142,1,-1,-1
1951,255,313.12,590.85,29.40,53.72,0.6179,1,-1,-1
1951,316,1289.29,349.56,17.19,34.24,0.5361,1,-1,-1
1951,326,902.17,290.98,12.63,26.35,0.4111,1,-1,-1
1951,256,962.14,518.57,23.59,45.23,0.4883,1,-1,-1
1951,339,1822.12,293.19,12.38,27.67,0.5039,1,-1,-1
1951,341,907.93,253.14,12.17,25.91,0.5429,1,-1,-1
1951,345,1834.98,297.43,11.85,24.59,0.4815,1,-1,-1
1951,258,1231.60,474.50,23.86,46.27,0.6868,1,-1,-1
1952,254,788.98,444.39,16.17,36.59,0.6215,1,-1,-1
1952,255,311.75,589.85,30.12,54.64,0.6663,1,-1,-1
1952,316,1289.52,349.37,17.02,33.83,0.5380,1,-1,-1
1952,326,902.39,290.63,12.46,26.00,0.4321,1,-1,-1
1952,256,963.21,518.88,22.69,43.75,0.3914,1,-1,-1
1952,339,1822.42,293.26,12.30,27.53,0.4854,1,-1,-1
1952,341,908.03,252.70,12.14,25.81,0.5525,1,-1,-1
1952,345,1835.17,296.83,11.91,24.74,0.4187,1,-1,-1
1952,258,1231.29,473.82,24.01,46.29,0.6817,1,-1,-1
1953,254,789.99,443.77,16.26,36.97,0.6325,1,-1,-1
1953,255,310.37,589.05,30.78,55.50,0.6851,1,-1,-1
1953,316,1289.58,349.18,16.96,33.50,0.4971,1,-1,-1
1953,326,902.43,289.75,12.56,26.22,0.4824,1,-1,-1
1953,256,963.79,518.11,22.58,43.76,0.3522,1,-1,-1
1953,339,1822.61,293.63,11.98,26.86,0.4698,1,-1,-1
1953,341,908.25,252.07,12.09,25.65,0.5487,1,-1,-1
1953,345,1835.49,296.05,11.75,24.47,0.3998,1,-1,-1
1953,258,1231.21,472.95,24.11,46.11,0.6851,1,-1,-1
1954,254,790.76,443.40,16.34,37.19,0.6415,1,-1,-1
1954,255,308.17,588.41,30.92,55.90,0.6968,1,-1,-1
1954,316,1289.84,348.75,16.99,33.38,0.5146,1,-1,-1
1954,326,902.23,288.87,12.85,26.81,0.4961,1,-1,-1
1954,256,964.84,517.01,22.16,43.18,0.3585,1,-1,-1
1954,339,1822.44,292.57,12.42,27.87,0.4717,1,-1,-1
1954,341,908.50,251.33,12.27,25.88,0.5361,1,-1,-1
1954,345,1835.35,294.74,12.25,25.54,0.4054,1,-1,-1
1954,258,1231.68,472.80,23.82,44.84,0.6732,1,-1,-1
1955,254,791.30,442.68,16.50,37.66,0.6522,1,-1,-1
1955,255,306.09,587.44,31.34,56.98,0.6926,1,-1,-1
1955,316,1290.15,348.50,16.88,33.00,0.5107,1,-1,-1
1955,326,902.21,288.89,12.70,26.45,0.5409,1,-1,-1
1955,256,967.46,516.35,21.58,42.62,0.4064,1,-1,-1
1955,339,1822.61,292.65,12.27,27.53,0.4980,1,-1,-1
1955,341,908.89,250.93,12.02,25.10,0.5574,1,-1,-1
1955,345,1835.56,294.07,12.36,25.81,0.4397,1,-1,-1
1955,258,1232.54,472.03,23.73,44.09,0.6851,1,-1,-1
1956,254,791.79,442.07,16.60,38.10,0.6689,1,-1,-1
1956,255,304.20,586.28,31.71,57.72,0.6792,1,-1,-1
1956,316,1290.25,347.59,17.06,33.20,0.4824,1,-1,-1
1956,326,902.25,288.72,12.75,26.44,0.4436,1,-1,-1
1956,256,968.33,514.17,22.21,44.60,0.3416,1,-1,-1
1956,339,1822.58,291.03,12.91,29.10,0.5049,1,-1,-1
1956,341,908.83,248.95,12.95,26.95,0.4785,1,-1,-1
1956,345,1835.33,291.85,13.04,27.37,0.4668,1,-1,-1
1956,258,1232.99,471.03,23.94,44.17,0.6868,1,-1,-1
1957,254,792.39,440.98,17.20,39.50,0.6478,1,-1,-1
1957,255,302.94,585.41,31.79,57.85,0.7303,1,-1,-1
1957,316,1290.34,347.15,17.23,33.36,0.4941,1,-1,-1
1957,326,902.19,288.06,12.93,26.79,0.4766,1,-1,-1
1957,256,969.43,512.45,22.21,45.33,0.4102,1,-1,-1
1957,339,1822.62,289.85,13.26,30.01,0.5224,1,-1,-1
1957,341,909.05,247.89,13.37,27.62,0.4746,1,-1,-1
1957,345,1835.29,290.98,13.14,27.69,0.4854,1,-1,-1
1957,258,1234.14,469.91,24.22,44.73,0.6697,1,-1,-1
1957,351,1862.92,228.03,11.60,21.55,0.4649,1,-1,-1
1958,254,793.12,440.36,17.46,40.08,0.6169,1,-1,-1
1958,255,301.37,584.74,32.21,58.35,0.7585,1,-1,-1
1958,316,1290.54,346.89,17.17,33.01,0.4678,1,-1,-1
1958,326,902.22,287.28,12.88,26.69,0.4330,1,-1,-1
1958,256,969.43,511.26,22.37,46.48,0.2846,1,-1,-1
1958,339,1823.06,289.90,13.06,29.50,0.5234,1,-1,-1
1958,341,909.59,248.35,13.05,26.63,0.5185,1,-1,-1
1958,345,1835.55,290.43,13.04,27.60,0.4844,1,-1,-1
1958,258,1235.42,468.66,24.54,45.54,0.6325,1,-1,-1
1958,351,1862.70,227.12,12.00,22.31,0.4552,1,-1,-1
1959,254,794.01,439.54,17.74,40.73,0.6261,1,-1,-1
1959,255,299.94,583.80,32.28,58.10,0.7469,1,-1,-1
1959,316,1290.77,346.29,17.20,32.75,0.4292,1,-1,-1
1959,326,902.29,286.54,12.73,26.41,0.4591,1,-1,-1
1959,256,970.05,509.68,22.58,47.11,0.4533,1,-1,-1
1959,339,1823.23,289.29,13.08,29.52,0.5254,1,-1,-1
1959,341,909.62,249.04,12.55,25.53,0.5078,1,-1,-1
1959,345,1835.73,290.20,12.89,27.32,0.4844,1,-1,-1
1959,258,1236.27,467.88,24.70,46.11,0.6415,1,-1,-1
1959,351,1862.76,226.89,12.14,22.58,0.4407,1,-1,-1
1960,254,795.03,438.37,17.93,41.38,0.6316,1,-1,-1
1960,255,298.88,582.51,32.58,58.39,0.7513,1,-1,-1
1960,316,1291.31,345.99,16.88,31.99,0.3998,1,-1,-1
1960,326,902.35,286.25,12.53,25.99,0.4533,1,-1,-1
1960,256,971.13,509.03,22.45,46.82,0.5860,1,-1,-1
1960,339,1823.54,288.81,12.89,29.13,0.5496,1,-1,-1
1960,341,909.52,249.14,12.38,25.19,0.5039,1,-1,-1
1960,345,1835.94,289.53,12.81,27.26,0.5205,1,-1,-1
1960,258,1237.06,467.51,24.54,45.95,0.6086,1,-1,-1
1960,351,1863.13,227.16,11.71,21.80,0.4369,1,-1,-1
1961,254,795.68,437.78,17.99,41.59,0.6549,1,-1,-1
1961,255,297.29,581.00,32.57,58.34,0.7033,1,-1,-1
1961,316,1291.54,345.72,16.92,31.75,0.3849,1,-1,-1
1961,326,902.21,285.96,12.53,26.01,0.5516,1,-1,-1
1961,256,972.03,508.36,22.48,46.60,0.6628,1,-1,-1
1961,339,1823.76,288.28,12.88,29.13,0.5370,1,-1,-1
1961,341,909.49,248.83,12.45,25.43,0.5117,1,-1,-1
1961,345,1836.14,288.07,13.18,28.22,0.5010,1,-1,-1
1961,258,1238.16,466.77,23.96,44.91,0.5936,1,-1,-1
1961,351,1863.16,227.03,11.71,21.78,0.4263,1,-1,-1
1962,254,796.55,437.26,17.80,41.03,0.6689,1,-1,-1
1962,255,295.63,580.22,33.05,59.05,0.7050,1,-1,-1
1962,316,1292.09,345.70,16.68,31.19,0.4158,1,-1,-1
1962,326,902.17,285.90,12.55,26.05,0.5448,1,-1,-1
1962,256,972.75,507.24,22.52,46.35,0.6522,1,-1,-1
1962,339,1824.16,288.95,12.47,28.14,0.5448,1,-1,-1
1962,341,909.41,248.58,12.53,25.67,0.5107,1,-1,-1
1962,345,1836.59,288.50,12.81,27.48,0.4990,1,-1,-1
1962,258,1239.18,465.80,23.46,43.87,0.6215,1,-1,-1
1962,351,1863.31,227.03,11.32,20.99,0.4149,1,-1,-1
1963,254,798.04,436.62,17.45,40.17,0.6792,1,-1,-1
1963,255,293.97,580.11,32.54,58.39,0.6628,1,-1,-1
1963,316,1291.89,345.43,16.97,31.16,0.3486,1,-1,-1
1963,326,902.24,286.15,12.38,25.72,0.5574,1,-1,-1
1963,256,973.66,506.21,22.55,46.14,0.6142,1,-1,-1
1963,339,1824.30,288.43,12.42,28.08,0.4610,1,-1,-1
1963,341,909.60,248.64,12.43,25.54,0.5049,1,-1,-1
1963,345,1836.77,287.50,13.06,28.16,0.4196,1,-1,-1
1963,258,1239.83,464.99,23.06,42.80,0.6397,1,-1,-1
1963,351,1863.32,226.81,11.28,20.79,0.4092,1,-1,-1
1964,254,799.10,436.27,17.49,40.33,0.6809,1,-1,-1
1964,255,292.84,579.81,31.94,57.46,0.6663,1,-1,-1
1964,316,1292.00,344.21,17.44,31.67,0.2282,1,-1,-1
1964,326,902.40,286.13,12.29,25.51,0.4727,1,-1,-1
1964,256,974.04,505.28,22.93,46.78,0.6086,1,-1,-1
1964,339,1824.57,288.00,12.24,27.72,0.4121,1,-1,-1
1964,341,909.80,248.67,12.28,25.33,0.4513,1,-1,-1
1964,345,1837.07,286.33,13.36,29.00,0.4026,1,-1,-1
1964,258,1240.04,464.06,23.56,43.30,0.6397,1,-1,-1
1964,351,1863.43,226.42,11.23,20.55,0.4600,1,-1,-1
1965,254,800.60,435.72,17.82,40.82,0.6514,1,-1,-1
1965,255,291.35,579.12,30.50,55.14,0.6680,1,-1,-1
1965,316,1291.63,342.55,18.26,32.86,0.2309,1,-1,-1
1965,326,902.64,285.84,12.30,25.43,0.4026,1,-1,-1
1965,256,974.74,504.41,23.03,46.67,0.5955,1,-1,-1
1965,339,1824.63,287.26,12.36,28.08,0.3531,1,-1,-1
1965,341,909.91,247.79,12.42,25.74,0.4359,1,-1,-1
1965,345,1837.24,285.65,13.55,29.53,0.3486,1,-1,-1
1965,258,1240.10,462.72,24.52,44.89,0.6252,1,-1,-1
1965,351,1863.47,225.89,11.45,20.86,0.4688,1,-1,-1
1966,254,800.84,434.48,18.12,41.26,0.6593,1,-1,-1
1966,255,290.55,578.72,30.14,54.23,0.7178,1,-1,-1
1966,316,1291.68,340.79,19.19,34.29,0.2095,1,-1,-1
1966,326,902.78,285.40,12.39,25.47,0.3549,1,-1,-1
1966,256,975.02,503.25,23.52,47.28,0.5593,1,-1,-1
1966,339,1824.84,286.41,12.52,28.55,0.3166,1,-1,-1
1966,341,910.08,247.46,12.32,25.62,0.4397,1,-1,-1
1966,345,1837.48,285.96,13.28,28.85,0.3032,1,-1,-1
1966,258,1240.20,461.18,25.50,46.67,0.6505,1,-1,-1
1966,351,1863.24,225.83,11.77,21.32,0.4698,1,-1,-1
1967,254,801.12,433.13,18.58,42.16,0.6469,1,-1,-1
1967,255,288.06,577.80,30.50,54.94,0.6433,1,-1,-1
1967,316,1291.57,339.09,20.15,35.95,0.3149,1,-1,-1
1967,326,902.75,284.84,12.62,25.81,0.4206,1,-1,-1
1967,256,975.74,503.34,23.53,46.91,0.6049,1,-1,-1
1967,339,1824.98,285.33,12.82,29.32,0.4196,1,-1,-1
1967,341,910.15,246.99,12.33,25.73,0.4426,1,-1,-1
1967,345,1837.92,286.07,13.09,28.33,0.3675,1,-1,-1
1967,258,1241.14,460.40,25.22,46.12,0.6478,1,-1,-1
1967,351,1863.24,226.12,11.79,21.21,0.4805,1,-1,-1
1968,254,801.15,432.01,18.84,42.76,0.6558,1,-1,-1
1968,255,285.91,576.99,29.93,54.74,0.7146,1,-1,-1
1968,316,1291.83,338.28,20.41,36.24,0.2487,1,-1,-1
1968,326,902.57,283.59,13.05,26.65,0.4523,1,-1,-1
1968,256,976.56,502.59,23.75,47.21,0.5727,1,-1,-1
1968,339,1825.32,284.72,12.93,29.63,0.5088,1,-1,-1
1968,341,910.18,246.33,12.35,25.81,0.4883,1,-1,-1
1968,345,1838.42,287.64,12.40,26.62,0.4083,1,-1,-1
1968,258,1241.78,460.33,24.96,45.17,0.6697,1,-1,-1
1968,351,1863.41,226.08,11.68,20.82,0.5049,1,-1,-1
1969,254,801.62,431.26,18.58,42.47,0.6868,1,-1,-1
1969,255,284.79,575.94,30.53,56.17,0.6851,1,-1,-1
1969,316,1291.98,338.13,20.51,36.25,0.2524,1,-1,-1
1969,326,902.62,282.54,13.15,27.01,0.4436,1,-1,-1
1969,256,977.35,502.11,23.19,46.10,0.5370,1,-1,-1
1969,339,1825.45,283.96,13.09,30.04,0.4873,1,-1,-1
1969,341,910.12,246.06,12.22,25.58,0.4727,1,-1,-1
1969,345,1838.54,287.90,12.27,26.16,0.3933,1,-1,-1
1969,258,1242.02,460.43,24.80,44.21,0.6628,1,-1,-1
1969,351,1863.43,226.04,11.83,20.93,0.5059,1,-1,-1
1970,254,802.26,430.64,18.20,41.63,0.6984,1,-1,-1
1970,255,283.62,574.59,30.47,56.45,0.7001,1,-1,-1
1970,316,1292.12,337.85,20.44,35.98,0.3451,1,-1,-1
1970,326,902.55,281.97,13.14,27.17,0.5293,1,-1,-1
1970,256,978.35,501.25,22.99,45.56,0.5078,1,-1,-1
1970,339,1825.65,283.95,12.93,29.63,0.4436,1,-1,-1
1970,341,910.37,245.51,12.20,25.60,0.4980,1,-1,-1
1970,345,1838.62,288.22,12.04,25.37,0.3821,1,-1,-1
1970,258,1242.10,460.01,25.07,43.98,0.6540,1,-1,-1
1970,351,1863.49,225.95,12.12,21.38,0.5195,1,-1,-1
1970,355,923.01,244.15,9.52,23.22,0.4971,1,-1,-1
1971,254,802.61,429.86,18.27,41.75,0.7130,1,-1,-1
1971,255,283.57,573.54,30.20,55.76,0.6732,1,-1,-1
1971,316,1293.09,338.05,19.72,34.71,0.2999,1,-1,-1
1971,326,902.43,281.00,13.46,28.03,0.5370,1,-1,-1
1971,256,979.30,501.27,22.80,45.27,0.6039,1,-1,-1
1971,339,1826.18,285.33,12.25,27.90,0.2950,1,-1,-1
1971,341,910.80,244.92,12.14,25.55,0.4746,1,-1,-1
1971,345,1838.54,287.59,12.25,25.52,0.2878,1,-1,-1
1971,258,1242.99,459.23,25.05,43.38,0.6002,1,-1,-1
1971,351,1863.71,225.61,12.84,22.87,0.4407,1,-1,-1
1971,355,923.58,244.62,9.37,22.89,0.4064,1,-1,-1
1972,254,803.41,429.69,17.85,40.84,0.7033,1,-1,-1
1972,255,282.38,573.76,29.80,55.34,0.7194,1,-1,-1
1972,316,1293.25,337.63,19.71,34.71,0.3998,1,-1,-1
1972,326,902.50,280.53,13.44,28.19,0.5370,1,-1,-1
1972,256,979.97,500.71,22.30,44.62,0.6261,1,-1,-1
1972,339,1826.57,283.83,12.71,28.70,0.2167,1,-1,-1
1972,341,910.94,244.51,11.99,25.33,0.4776,1,-1,-1
1972,345,1838.39,286.89,12.58,25.95,0.2689,1,-1,-1
1972,258,1245.94,458.18,25.01,43.72,0.6030,1,-1,-1
1972,351,1863.89,225.22,13.24,23.84,0.3979,1,-1,-1
1972,355,923.78,244.43,9.27,22.68,0.4130,1,-1,-1
1973,254,804.58,429.44,17.66,40.58,0.6749,1,-1,-1
1973,255,281.42,573.20,29.68,55.34,0.7210,1,-1,-1
1973,316,1293.56,337.29,19.59,34.63,0.4932,1,-1,-1
1973,326,902.62,279.63,13.56,28.63,0.5574,1,-1,-1
1973,256,980.45,500.05,21.98,44.23,0.5946,1,-1,-1
1973,339,1827.00,283.09,12.85,28.59,0.1950,1,-1,-1
1973,341,910.94,243.98,11.98,25.41,0.5234,1,-1,-1
1973,345,1838.38,286.59,12.67,25.79,0.2591,1,-1,-1
1973,258,1246.49,456.92,25.37,44.61,0.6179,1,-1,-1
1973,351,1864.07,225.12,13.23,23.98,0.3513,1,-1,-1
1973,355,923.87,244.19,9.26,22.69,0.4659,1,-1,-1
1974,254,805.74,427.84,17.98,41.76,0.6433,1,-1,-1
1974,255,280.07,572.08,30.01,55.94,0.7178,1,-1,-1
1974,316,1293.70,336.80,19.50,34.50,0.4542,1,-1,-1
1974,326,902.64,278.74,13.69,29.08,0.5612,1,-1,-1
1974,256,980.82,499.48,22.09,44.76,0.6030,1,-1,-1
1974,339,1827.10,283.28,12.69,27.93,0.1889,1,-1,-1
1974,341,911.19,244.04,11.90,25.34,0.5273,1,-1,-1
1974,345,1839.12,286.57,12.46,25.17,0.2918,1,-1,-1
1974,258,1246.12,455.47,25.91,45.54,0.5927,1,-1,-1
1974,351,1863.71,224.91,14.00,25.69,0.3208,1,-1,-1
1974,355,924.28,244.22,9.22,22.65,0.4863,1,-1,-1
1975,254,806.46,426.78,17.83,41.84,0.6105,1,-1,-1
1975,255,278.33,570.48,31.36,58.37,0.6901,1,-1,-1
1975,316,1294.00,336.50,19.23,33.92,0.4659,1,-1,-1
1975,326,902.72,278.35,13.65,29.16,0.5898,1,-1,-1
1975,256,981.42,498.16,22.35,45.57,0.6234,1,-1,-1
1975,339,1827.42,284.86,12.00,25.95,0.2095,1,-1,-1
1975,341,911.47,244.29,11.76,25.11,0.5166,1,-1,-1
1975,345,1839.57,286.53,12.23,24.51,0.2958,1,-1,-1
1975,258,1246.52,454.80,25.30,44.59,0.5842,1,-1,-1
1975,351,1863.54,224.71,14.50,26.99,0.3558,1,-1,-1
1975,355,924.47,244.31,9.22,22.69,0.4746,1,-1,-1
1976,254,806.85,426.08,17.84,42.52,0.5429,1,-1,-1
1976,255,276.78,568.28,31.57,58.90,0.7001,1,-1,-1
1976,316,1294.00,335.91,19.34,34.08,0.4045,1,-1,-1
1976,326,902.89,278.41,13.33,28.64,0.5195,1,-1,-1
1976,256,982.50,497.26,22.18,45.68,0.6361,1,-1,-1
1976,339,1827.17,284.36,12.07,25.93,0.2415,1,-1,-1
1976,341,911.56,243.93,11.75,25.17,0.4649,1,-1,-1
1976,345,1839.36,285.21,12.73,25.47,0.3242,1,-1,-1
1976,258,1247.44,453.38,25.24,44.73,0.5765,1,-1,-1
1976,351,1863.55,224.37,14.39,26.99,0.2790,1,-1,-1
1976,355,924.42,244.26,9.32,22.98,0.3886,1,-1,-1
1977,254,807.29,425.02,18.09,43.83,0.5974,1,-1,-1
1977,255,276.18,568.03,30.96,57.65,0.7225,1,-1,-1
1977,316,1293.83,335.57,19.56,34.23,0.4254,1,-1,-1
1977,326,903.04,278.16,13.08,28.22,0.4756,1,-1,-1
1977,256,982.96,496.24,22.02,45.77,0.6610,1,-1,-1
1977,339,1826.92,282.53,12.60,27.07,0.2524,1,-1,-1
1977,341,911.73,243.16,11.74,25.29,0.4007,1,-1,-1
1977,345,1838.79,283.78,13.17,26.32,0.2950,1,-1,-1
1977,258,1248.38,452.89,24.69,44.01,0.5708,1,-1,-1
1977,351,1863.30,224.09,14.76,27.95,0.2365,1,-1,-1
1977,355,924.36,244.29,9.24,22.76,0.3329,1,-1,-1
1978,254,808.17,424.36,17.45,42.69,0.6540,1,-1,-1
1978,255,274.81,567.37,31.12,57.77,0.7225,1,-1,-1
1978,316,1293.57,334.96,19.84,34.53,0.3914,1,-1,-1
1978,326,903.08,277.95,12.90,27.89,0.4301,1,-1,-1
1978,256,983.28,495.15,21.78,45.57,0.6680,1,-1,-1
1978,339,1826.70,280.65,13.22,28.57,0.2767,1,-1,-1
1978,341,911.56,242.11,11.99,25.93,0.4045,1,-1,-1
1978,345,1839.31,282.52,13.35,27.03,0.2918,1,-1,-1
1978,258,1249.90,451.41,24.59,44.54,0.5525,1,-1,-1
1978,351,1863.61,224.02,14.25,27.14,0.2798,1,-1,-1
1978,355,923.83,243.66,9.48,23.21,0.3821,1,-1,-1
1979,254,808.74,423.25,17.17,41.63,0.6558,1,-1,-1
1979,255,273.77,566.79,30.99,57.23,0.7146,1,-1,-1
1979,316,1293.44,334.26,20.00,34.76,0.3621,1,-1,-1
1979,326,903.24,277.74,12.64,27.32,0.3970,1,-1,-1
1979,256,984.62,494.22,21.77,45.63,0.6361,1,-1,-1
1979,339,1826.66,279.39,13.52,29.46,0.3268,1,-1,-1
1979,341,911.59,241.71,11.82,25.59,0.4045,1,-1,-1
1979,345,1839.55,280.76,13.64,28.13,0.2918,1,-1,-1
1979,258,1250.55,449.88,24.69,45.06,0.6270,1,-1,-1
1979,351,1862.96,224.08,15.74,30.62,0.3140,1,-1,-1
1979,355,923.77,243.01,9.37,22.68,0.3748,1,-1,-1
1980,254,809.76,422.66,16.87,40.64,0.6800,1,-1,-1
1980,255,272.26,565.81,30.55,56.37,0.6697,1,-1,-1
1980,316,1293.45,333.24,20.27,35.32,0.4834,1,-1,-1
1980,326,903.28,277.39,12.65,27.25,0.4017,1,-1,-1
1980,256,985.08,493.43,21.66,45.01,0.6352,1,-1,-1
1980,339,1826.53,277.56,13.99,30.87,0.3648,1,-1,-1
1980,341,911.90,241.01,11.74,25.54,0.3329,1,-1,-1
1980,345,1839.53,278.26,14.27,30.10,0.3149,1,-1,-1
1980,258,1250.66,447.40,25.37,46.82,0.6469,1,-1,-1
1980,351,1863.37,223.93,15.15,29.78,0.2934,1,-1,-1
1980,355,924.41,242.40,9.24,22.23,0.4045,1,-1,-1
1980,356,14.97,515.16,28.59,48.70,0.4746,1,-1,-1
1981,254,810.62,422.09,16.82,40.56,0.6680,1,-1,-1
1981,255,270.64,565.01,29.62,54.64,0.6567,1,-1,-1
1981,316,1293.62,332.71,20.14,35.17,0.5137,1,-1,-1
1981,326,903.31,277.11,12.62,27.10,0.4206,1,-1,-1
1981,256,985.96,492.32,22.02,45.36,0.6188,1,-1,-1
1981,339,1826.64,276.02,14.17,31.62,0.4475,1,-1,-1
1981,341,912.21,240.29,11.60,25.38,0.3363,1,-1,-1
1981,345,1839.65,276.38,14.32,30.88,0.3277,1,-1,-1
1981,258,1251.32,446.73,25.14,46.90,0.6325,1,-1,-1
1981,351,1863.94,223.59,14.96,29.63,0.2422,1,-1,-1
1981,355,924.76,241.60,9.22,22.04,0.4513,1,-1,-1
1981,356,15.79,513.89,28.60,48.66,0.5679,1,-1,-1
1981,357,0.46,516.15,20.45,45.91,0.5098,1,-1,-1
1982,254,810.82,421.33,17.65,42.68,0.6593,1,-1,-1
1982,255,268.77,564.06,29.41,54.39,0.6758,1,-1,-1
1982,316,1293.61,332.25,20.07,35.11,0.5293,1,-1,-1
1982,326,903.31,276.58,12.69,27.17,0.4922,1,-1,-1
1982,256,986.87,491.32,22.52,45.89,0.6298,1,-1,-1
1982,339,1826.84,275.21,14.10,31.73,0.4369,1,-1,-1
1982,341,911.00,237.96,12.19,26.61,0.3711,1,-1,-1
1982,345,1839.65,275.77,14.04,30.85,0.2950,1,-1,-1
1982,258,1251.93,446.14,24.71,46.45,0.6415,1,-1,-1
1982,351,1862.55,224.53,17.35,35.22,0.1950,1,-1,-1
1982,355,924.58,240.97,9.34,22.17,0.4630,1,-1,-1
1982,356,17.15,512.92,28.78,48.78,0.4971,1,-1,-1
1982,357,0.30,514.93,20.72,46.50,0.4600,1,-1,-1
1983,254,811.03,420.33,17.75,43.03,0.6628,1,-1,-1
1983,255,266.95,563.69,29.61,55.21,0.6593,1,-1,-1
1983,316,1293.88,331.71,19.93,34.84,0.5020,1,-1,-1
1983,326,903.33,275.97,12.78,27.38,0.5593,1,-1,-1
1983,256,988.74,490.84,22.49,45.00,0.6602,1,-1,-1
1983,339,1827.15,275.05,13.87,31.40,0.4620,1,-1,-1
1983,341,911.15,237.50,12.13,26.43,0.3886,1,-1,-1
1983,345,1839.77,276.35,13.38,29.85,0.2967,1,-1,-1
1983,258,1253.14,446.59,23.55,44.45,0.6610,1,-1,-1
1983,351,1863.04,228.94,16.37,33.53,0.1371,1,-1,-1
1983,355,924.72,240.69,9.32,21.95,0.4941,1,-1,-1
1983,356,18.06,512.07,28.85,48.61,0.4465,1,-1,-1
1983,357,1.10,515.10,20.36,45.51,0.4388,1,-1,-1
1984,254,811.68,419.79,17.88,43.47,0.6540,1,-1,-1
1984,255,265.37,562.56,29.98,56.46,0.6086,1,-1,-1
1984,316,1293.98,330.99,20.02,34.88,0.4688,1,-1,-1
1984,326,903.31,275.36,12.83,27.51,0.5651,1,-1,-1
1984,256,989.95,490.16,22.53,44.14,0.6843,1,-1,-1
1984,339,1827.52,275.15,13.56,30.71,0.4630,1,-1,-1
1984,341,910.89,237.25,12.13,26.29,0.3460,1,-1,-1
1984,345,1838.84,276.37,13.14,29.39,0.2894,1,-1,-1
1984,258,1254.20,446.60,23.00,43.45,0.6361,1,-1,-1
1984,351,1865.27,236.93,13.77,27.78,0.1272,1,-1,-1
1984,355,924.57,240.24,9.51,22.23,0.4756,1,-1,-1
1984,356,17.60,511.58,28.83,48.16,0.3702,1,-1,-1
1984,357,1.42,514.56,20.69,45.99,0.3603,1,-1,-1
1985,254,812.36,419.01,18.04,43.76,0.6540,1,-1,-1
1985,255,264.00,562.44,29.85,56.51,0.5974,1,-1,-1
1985,316,1294.32,330.95,19.83,34.48,0.4610,1,-1,-1
1985,326,903.30,275.14,12.83,27.47,0.5593,1,-1,-1
1985,256,990.83,488.97,22.95,44.10,0.6496,1,-1,-1
1985,339,1827.93,275.36,13.26,29.94,0.4766,1,-1,-1
1985,341,911.08,237.36,11.89,25.62,0.2682,1,-1,-1
1985,345,1839.12,276.36,12.94,28.10,0.2689,1,-1,-1
1985,258,1254.75,446.17,22.92,43.36,0.6011,1,-1,-1
1985,351,1867.23,241.68,12.26,24.36,0.1608,1,-1,-1
1985,355,924.57,239.99,9.56,22.14,0.4378,1,-1,-1
1985,356,16.76,509.11,29.95,49.48,0.3693,1,-1,-1
1985,357,1.56,513.60,20.92,46.18,0.4254,1,-1,-1
1986,254,812.51,418.27,18.06,43.32,0.6732,1,-1,-1
1986,255,268.75,560.81,37.25,67.04,0.5689,1,-1,-1
1986,316,1294.76,330.11,19.85,34.64,0.4397,1,-1,-1
1986,326,903.58,274.09,13.18,28.24,0.5127,1,-1,-1
1986,256,991.17,487.88,23.44,44.55,0.6775,1,-1,-1
1986,339,1828.47,275.59,12.96,29.23,0.5137,1,-1,-1
1986,341,911.99,237.61,11.53,24.75,0.2043,1,-1,-1
1986,345,1839.09,277.27,12.74,26.94,0.3157,1,-1,-1
1986,258,1255.50,445.55,23.14,43.96,0.6105,1,-1,-1
1986,351,1868.66,241.26,11.05,21.55,0.1938,1,-1,-1
1986,355,924.72,240.06,9.56,21.67,0.3933,1,-1,-1
1986,356,18.35,508.34,29.60,48.62,0.5823,1,-1,-1
1986,357,1.37,512.58,21.46,47.25,0.5983,1,-1,-1
1987,254,813.31,417.53,17.62,41.75,0.7001,1,-1,-1
1987,255,264.21,559.73,32.57,59.08,0.6105,1,-1,-1
1987,316,1294.84,329.21,20.01,35.10,0.3933,1,-1,-1
1987,326,903.54,273.61,13.26,28.52,0.4426,1,-1,-1
1987,256,991.05,486.59,24.13,45.60,0.6593,1,-1,-1
1987,339,1828.72,275.58,12.91,29.09,0.4698,1,-1,-1
1987,341,912.67,237.66,11.23,24.10,0.1842,1,-1,-1
1987,345,1839.17,277.76,12.75,26.34,0.3024,1,-1,-1
1987,258,1255.77,445.18,23.19,44.18,0.5746,1,-1,-1
1987,351,1869.02,240.42,10.85,20.76,0.1357,1,-1,-1
1987,355,924.17,239.91,9.71,21.64,0.3998,1,-1,-1
1987,356,19.10,507.17,29.96,49.13,0.5458,1,-1,-1
1987,357,1.48,511.23,21.62,47.27,0.6002,1,-1,-1
1987,358,1830.50,275.83,14.61,28.01,0.4542,1,-1,-1
1988,254,814.37,416.68,17.55,41.22,0.7001,1,-1,-1
1988,255,260.93,557.77,31.15,57.08,0.6968,1,-1,-1
1988,316,1295.17,328.58,19.75,34.85,0.4475,1,-1,-1
1988,326,903.46,273.09,13.28,28.66,0.3242,1,-1,-1
1988,256,991.01,485.31,24.61,46.31,0.5860,1,-1,-1
1988,341,913.71,237.81,10.96,23.58,0.2147,1,-1,-1
1988,345,1838.83,277.59,13.00,26.22,0.3191,1,-1,-1
1988,258,1255.33,444.74,22.64,43.67,0.5535,1,-1,-1
1988,351,1869.73,240.43,10.58,19.81,0.1761,1,-1,-1
1988,355,923.28,239.75,9.92,21.82,0.4494,1,-1,-1
1988,356,21.72,507.86,28.79,47.31,0.4225,1,-1,-1
1988,357,1.89,509.45,21.66,46.96,0.6280,1,-1,-1
1988,358,1829.51,275.12,15.45,29.67,0.4668,1,-1,-1
1989,254,815.57,415.43,17.71,41.50,0.6766,1,-1,-1
1989,255,260.16,557.47,31.49,57.96,0.7225,1,-1,-1
1989,316,1295.39,327.84,19.72,35.08,0.4446,1,-1,-1
1989,326,903.40,273.09,13.06,28.25,0.2736,1,-1,-1
1989,256,991.12,484.20,24.57,46.34,0.6086,1,-1,-1
1989,341,915.56,238.32,10.70,23.30,0.2114,1,-1,-1
1989,345,1838.50,276.97,13.40,26.35,0.3174,1,-1,-1
1989,258,1258.54,444.26,22.03,42.77,0.4980,1,-1,-1
1989,351,1870.01,239.78,10.76,19.66,0.1056,1,-1,-1
1989,355,922.64,239.39,10.21,22.22,0.4893,1,-1,-1
1989,356,23.90,507.42,28.78,47.27,0.4863,1,-1,-1
1989,357,2.37,507.73,22.13,47.16,0.5467,1,-1,-1
1989,358,1830.80,274.75,15.24,29.19,0.4600,1,-1,-1
1990,254,816.21,414.66,17.76,41.69,0.6715,1,-1,-1
1990,255,258.93,557.09,31.82,58.96,0.6984,1,-1,-1
1990,316,1295.69,327.45,19.25,34.43,0.4407,1,-1,-1
1990,326,903.44,273.27,12.60,27.24,0.2697,1,-1,-1
1990,256,991.31,483.82,23.82,44.92,0.5860,1,-1,-1
1990,341,916.40,238.56,10.52,23.13,0.2295,1,-1,-1
1990,345,1838.34,276.49,13.80,26.48,0.2894,1,-1,-1
1990,258,1259.26,443.51,22.30,43.01,0.5612,1,-1,-1
1990,355,922.28,239.27,10.34,22.33,0.5039,1,-1,-1
1990,356,23.97,506.03,28.79,47.42,0.5574,1,-1,-1
1990,357,2.27,506.19,22.49,47.21,0.5254,1,-1,-1
1990,358,1831.09,274.00,15.49,29.61,0.4436,1,-1,-1
1991,254,817.17,413.82,17.91,42.06,0.6415,1,-1,-1
1991,255,258.33,556.34,32.36,59.77,0.6610,1,-1,-1
1991,316,1295.93,327.14,18.88,33.80,0.3666,1,-1,-1
1991,326,903.50,273.33,12.35,26.63,0.2422,1,-1,-1
1991,256,991.92,482.95,23.55,44.55,0.5955,1,-1,-1
1991,341,915.66,238.72,10.44,23.24,0.1974,1,-1,-1
1991,345,1838.50,275.88,14.25,26.78,0.2862,1,-1,-1
1991,258,1259.10,442.28,22.36,43.13,0.5860,1,-1,-1
1991,355,921.95,239.16,10.50,22.46,0.4795,1,-1,-1
1991,356,24.54,504.91,29.01,48.03,0.6252,1,-1,-1
1991,357,2.98,505.03,22.37,46.48,0.5622,1,-1,-1
1991,358,1831.16,273.06,15.80,30.15,0.4369,1,-1,-1
1992,254,818.07,413.26,17.55,40.97,0.6460,1,-1,-1
1992,255,259.10,555.42,34.24,61.31,0.6732,1,-1,-1
1992,316,1296.07,326.66,18.59,33.30,0.3720,1,-1,-1
1992,326,903.52,273.01,12.41,26.65,0.2759,1,-1,-1
1992,256,993.75,482.68,22.63,43.20,0.5516,1,-1,-1
1992,341,916.93,238.99,9.98,22.34,0.1525,1,-1,-1
1992,345,1838.99,275.93,14.26,26.47,0.2830,1,-1,-1
1992,258,1258.79,441.14,22.54,43.31,0.6307,1,-1,-1
1992,355,921.43,239.29,10.51,22.30,0.4805,1,-1,-1
1992,356,25.70,503.88,29.10,48.18,0.5879,1,-1,-1
1992,357,3.73,504.25,22.16,45.67,0.5775,1,-1,-1
1992,358,1830.97,273.16,15.48,29.59,0.4504,1,-1,-1
1993,254,818.74,412.83,17.48,40.77,0.6132,1,-1,-1
1993,255,259.22,554.73,37.12,64.22,0.7241,1,-1,-1
1993,316,1296.10,325.86,18.48,33.21,0.3621,1,-1,-1
1993,326,903.56,272.79,12.37,26.49,0.2822,1,-1,-1
1993,256,994.92,482.44,22.14,42.53,0.5293,1,-1,-1
1993,345,1839.06,275.90,14.33,26.24,0.2659,1,-1,-1
1993,258,1259.43,440.53,22.70,43.37,0.6593,1,-1,-1
1993,355,921.05,239.34,10.42,21.94,0.4523,1,-1,-1
1993,356,25.35,502.66,28.95,48.12,0.5293,1,-1,-1
1993,357,3.75,503.70,22.34,45.74,0.5699,1,-1,-1
1993,358,1830.88,273.20,15.19,29.18,0.4795,1,-1,-1
1994,254,819.35,412.43,17.22,40.13,0.5983,1,-1,-1
1994,255,259.47,553.37,39.76,66.35,0.7520,1,-1,-1
1994,316,1296.39,325.38,18.18,32.81,0.3831,1,-1,-1
1994,326,904.15,272.11,12.28,26.34,0.2950,1,-1,-1
1994,256,995.83,481.15,21.90,42.35,0.5380,1,-1,-1
1994,345,1839.15,275.66,14.55,26.24,0.2214,1,-1,-1
1994,258,1259.71,440.15,22.56,43.00,0.6160,1,-1,-1
1994,355,920.75,238.76,10.47,21.98,0.3840,1,-1,-1
1994,356,25.82,501.92,28.53,47.16,0.5516,1,-1,-1
1994,357,4.91,502.69,22.23,45.36,0.5622,1,-1,-1
1994,358,1830.85,273.42,14.80,28.52,0.4225,1,-1,-1
1995,254,819.33,411.29,17.39,40.73,0.6280,1,-1,-1
1995,255,257.33,552.41,40.58,65.97,0.7402,1,-1,-1
1995,316,1296.26,324.88,18.08,32.67,0.4340,1,-1,-1
1995,326,904.07,271.83,12.35,26.25,0.1541,1,-1,-1
1995,256,994.90,479.43,21.88,41.87,0.5429,1,-1,-1
1995,345,1841.65,276.42,13.94,25.40,0.4912,1,-1,-1
1995,258,1261.26,439.56,22.79,43.04,0.5525,1,-1,-1
1995,355,920.62,237.37,11.05,22.95,0.2636,1,-1,-1
1995,356,27.26,499.85,28.79,48.41,0.6487,1,-1,-1
1995,357,5.39,500.53,22.59,45.76,0.5936,1,-1,-1
1995,358,1830.59,273.08,14.61,28.44,0.4951,1,-1,-1
1996,254,820.54,409.63,17.72,41.28,0.6086,1,-1,-1
1996,255,256.32,551.79,42.79,67.60,0.7759,1,-1,-1
1996,316,1296.18,324.48,18.06,32.65,0.4562,1,-1,-1
1996,326,903.78,271.33,12.51,26.47,0.1071,1,-1,-1
1996,256,994.62,478.11,21.97,41.30,0.4244,1,-1,-1
1996,345,1843.00,277.01,13.29,24.46,0.5127,1,-1,-1
1996,258,1262.52,438.71,23.05,43.30,0.5612,1,-1,-1
1996,355,920.80,235.55,11.55,23.64,0.2282,1,-1,-1
1996,356,27.47,498.54,28.54,48.74,0.5804,1,-1,-1
1996,357,6.67,500.50,22.36,45.00,0.5215,1,-1,-1
1996,358,1830.15,269.62,15.60,30.80,0.2006,1,-1,-1
1996,339,1831.44,274.93,11.63,26.19,0.4698,1,-1,-1
1997,254,820.18,408.59,17.62,41.31,0.6298,1,-1,-1
1997,255,254.25,550.45,43.92,68.13,0.7372,1,-1,-1
1997,316,1296.33,324.00,18.21,32.80,0.4533,1,-1,-1
1997,326,903.81,270.50,12.85,27.15,0.1592,1,-1,-1
1997,256,994.92,477.01,22.46,42.01,0.5409,1,-1,-1
1997,345,1843.63,277.21,12.72,23.56,0.5127,1,-1,-1
1997,258,1263.98,437.46,23.45,44.08,0.5946,1,-1,-1
1997,355,920.97,234.09,12.10,24.37,0.2337,1,-1,-1
1997,356,27.92,496.84,28.08,48.73,0.6851,1,-1,-1
1997,357,6.18,498.99,23.30,46.57,0.5917,1,-1,-1
1997,358,1830.00,268.48,15.37,30.87,0.1919,1,-1,-1
1997,339,1831.46,274.77,11.52,25.94,0.4756,1,-1,-1
1998,254,820.49,407.36,17.70,41.75,0.6252,1,-1,-1
1998,255,251.62,550.22,44.42,68.14,0.7009,1,-1,-1
1998,316,1296.56,323.63,18.03,32.44,0.4523,1,-1,-1
1998,326,903.90,269.98,12.92,27.39,0.1895,1,-1,-1
1998,256,996.08,476.73,22.63,42.31,0.5574,1,-1,-1
1998,345,1843.75,277.39,12.13,22.72,0.5078,1,-1,-1
1998,258,1265.87,436.76,22.99,43.34,0.6442,1,-1,-1
1998,355,921.54,233.32,12.47,24.63,0.2553,1,-1,-1
1998,356,28.78,496.23,27.26,47.99,0.7210,1,-1,-1
1998,357,7.04,498.57,23.05,45.72,0.5804,1,-1,-1
1998,358,1829.00,271.91,14.18,28.77,0.3895,1,-1,-1
1998,339,1831.49,274.13,11.66,26.16,0.4698,1,-1,-1
1999,254,820.85,406.68,17.63,41.77,0.6397,1,-1,-1
1999,255,248.83,549.05,40.81,62.26,0.5477,1,-1,-1
1999,316,1296.53,323.10,18.02,32.42,0.4961,1,-1,-1
1999,326,903.76,269.21,13.11,27.80,0.1772,1,-1,-1
1999,256,997.96,476.55,23.01,42.48,0.5860,1,-1,-1
1999,345,1843.63,277.16,11.96,22.59,0.4961,1,-1,-1
1999,258,1268.19,436.56,21.99,41.75,0.6316,1,-1,-1
1999,355,921.54,233.03,12.50,24.22,0.2958,1,-1,-1
1999,356,29.92,495.38,26.54,47.30,0.7130,1,-1,-1
1999,357,7.76,498.35,23.17,45.38,0.5860,1,-1,-1
1999,358,1828.73,272.73,13.79,28.23,0.3398,1,-1,-1
1999,339,1831.55,273.34,11.89,26.62,0.4717,1,-1,-1
2000,254,821.16,406.39,17.41,41.48,0.6469,1,-1,-1
2000,255,244.86,548.62,38.07,58.86,0.5283,1,-1,-1
2000,316,1296.50,322.48,17.92,32.13,0.4717,1,-1,-1
2000,326,903.76,268.67,13.14,27.86,0.2302,1,-1,-1
2000,256,1000.14,476.50,23.66,42.77,0.5908,1,-1,-1
2000,345,1843.51,276.76,11.91,22.73,0.5029,1,-1,-1
2000,258,1268.95,435.86,21.64,41.29,0.6151,1,-1,-1
2000,355,921.17,232.73,12.45,23.89,0.3567,1,-1,-1
2000,356,30.38,494.51,26.39,47.54,0.6800,1,-1,-1
2000,357,8.05,497.74,23.22,44.92,0.5409,1,-1,-1
2000,358,1828.93,273.99,13.02,26.82,0.2783,1,-1,-1
2000,339,1831.78,273.34,11.73,26.17,0.4620,1,-1,-1
2001,254,822.13,405.87,16.61,39.38,0.6593,1,-1,-1
2001,255,240.69,548.42,35.70,56.30,0.5955,1,-1,-1
2001,316,1296.72,322.07,17.87,31.88,0.4600,1,-1,-1
2001,326,903.42,266.35,13.91,29.64,0.4177,1,-1,-1
2001,256,1001.30,475.87,24.26,43.14,0.6496,1,-1,-1
2001,345,1843.53,274.64,12.62,24.30,0.5370,1,-1,-1
2001,258,1269.11,434.48,22.11,42.30,0.5176,1,-1,-1
2001,355,920.75,233.12,12.50,23.83,0.2894,1,-1,-1
2001,356,31.09,493.49,26.53,47.93,0.7001,1,-1,-1
2001,357,8.95,496.03,23.74,45.22,0.5784,1,-1,-1
2001,339,1831.62,272.26,12.01,26.63,0.4475,1,-1,-1
2002,254,822.58,405.09,16.51,38.91,0.6558,1,-1,-1
2002,255,238.72,547.09,34.58,55.54,0.6451,1,-1,-1
2002,316,1296.74,321.62,17.99,32.02,0.4805,1,-1,-1
2002,326,903.40,265.34,14.06,30.10,0.4216,1,-1,-1
2002,256,1002.09,475.21,24.47,42.95,0.6689,1,-1,-1
2002,345,1843.50,273.61,12.91,25.06,0.5400,1,-1,-1
2002,258,1269.10,432.59,22.78,43.66,0.5564,1,-1,-1
2002,355,920.75,233.04,12.34,23.47,0.3251,1,-1,-1
2002,356,31.91,492.74,26.11,47.33,0.6766,1,-1,-1
2002,357,9.48,494.76,24.10,45.11,0.5631,1,-1,-1
2002,339,1831.67,271.33,12.19,27.01,0.4707,1,-1,-1
2003,254,822.99,404.63,16.23,38.05,0.6715,1,-1,-1
2003,255,237.24,545.48,34.62,56.58,0.6469,1,-1,-1
2003,316,1297.02,321.18,18.18,32.27,0.4980,1,-1,-1
2003,326,903.44,264.72,14.00,30.12,0.4475,1,-1,-1
2003,256,1002.92,473.02,25.16,43.79,0.6783,1,-1,-1
2003,345,1843.50,273.24,12.75,24.99,0.5390,1,-1,-1
2003,258,1269.09,431.88,22.94,44.02,0.6188,1,-1,-1
2003,355,921.01,232.76,12.23,23.28,0.3576,1,-1,-1
2003,356,32.79,492.13,25.54,46.34,0.7017,1,-1,-1
2003,357,10.33,493.58,24.20,44.88,0.5670,1,-1,-1
2003,339,1831.81,270.74,12.19,27.04,0.4893,1,-1,-1
2004,254,822.98,403.76,16.37,38.36,0.6817,1,-1,-1
2004,255,238.26,544.47,35.44,58.26,0.5487,1,-1,-1
2004,316,1297.07,320.94,18.13,32.16,0.3961,1,-1,-1
2004,326,903.60,264.66,13.62,29.45,0.4562,1,-1,-1
2004,256,1003.75,471.82,25.18,43.66,0.6732,1,-1,-1
2004,345,1843.46,272.37,12.88,25.49,0.5263,1,-1,-1
2004,258,1269.37,431.33,22.70,43.19,0.5603,1,-1,-1
2004,355,921.37,232.73,12.10,23.06,0.3603,1,-1,-1
2004,356,33.30,490.58,25.58,46.61,0.7364,1,-1,-1
2004,357,10.64,492.59,24.37,45.21,0.5146,1,-1,-1
2004,339,1831.80,269.76,12.48,27.81,0.4678,1,-1,-1
2005,254,823.04,402.77,16.62,38.97,0.6715,1,-1,-1
2005,255,241.63,544.22,38.25,61.01,0.4785,1,-1,-1
2005,316,1299.02,319.25,18.01,32.25,0.4282,1,-1,-1
2005,326,903.77,264.82,13.28,28.76,0.4776,1,-1,-1
2005,256,1004.39,471.09,25.26,43.82,0.6522,1,-1,-1
2005,345,1843.29,271.19,13.20,26.42,0.5127,1,-1,-1
2005,258,1270.37,430.78,22.42,42.45,0.5078,1,-1,-1
2005,355,921.67,232.63,11.88,22.74,0.3970,1,-1,-1
2005,356,33.03,489.10,26.13,47.88,0.7256,1,-1,-1
2005,357,10.96,492.17,24.56,45.48,0.5273,1,-1,-1
2005,339,1831.53,268.09,12.94,28.92,0.4639,1,-1,-1
2006,254,822.98,401.70,17.03,39.76,0.6540,1,-1,-1
2006,255,239.99,543.48,38.35,60.32,0.4026,1,-1,-1
2006,316,1300.38,318.16,17.76,32.32,0.4630,1,-1,-1
2006,326,903.69,265.20,13.03,28.16,0.3775,1,-1,-1
2006,256,1005.31,470.37,25.12,43.87,0.6628,1,-1,-1
2006,345,1843.18,269.83,13.68,27.68,0.5088,1,-1,-1
2006,258,1272.76,430.28,21.63,41.57,0.5380,1,-1,-1
2006,355,922.20,232.27,12.00,22.75,0.3998,1,-1,-1
2006,356,33.03,486.30,27.04,49.72,0.6680,1,-1,-1
2006,357,11.43,491.14,24.70,45.41,0.5049,1,-1,-1
2006,339,1831.44,267.17,13.25,29.66,0.4533,1,-1,-1
2007,254,823.49,401.24,17.00,39.37,0.6766,1,-1,-1
2007,255,233.68,542.22,36.11,58.44,0.6575,1,-1,-1
2007,316,1300.51,317.65,17.61,32.36,0.4815,1,-1,-1
2007,326,903.62,264.99,13.05,28.17,0.4873,1,-1,-1
2007,256,1005.97,469.09,25.08,44.47,0.6549,1,-1,-1
2007,345,1843.50,270.00,13.47,27.45,0.4883,1,-1,-1
2007,258,1275.22,429.93,20.77,41.09,0.5516,1,-1,-1
2007,355,923.25,231.55,12.01,22.30,0.3905,1,-1,-1
2007,356,33.58,485.00,27.28,50.28,0.6918,1,-1,-1
2007,357,12.21,489.86,24.25,44.02,0.5361,1,-1,-1
2007,339,1831.71,267.65,13.01,29.03,0.4484,1,-1,-1
2008,254,823.86,400.43,17.10,39.26,0.6935,1,-1,-1
2008,255,230.90,540.79,35.21,58.41,0.6901,1,-1,-1
2008,316,1300.85,317.21,17.60,32.57,0.4932,1,-1,-1
2008,326,903.75,264.63,13.10,28.23,0.4698,1,-1,-1
2008,256,1007.22,468.15,24.51,44.30,0.6671,1,-1,-1
2008,345,1844.05,270.34,13.11,26.96,0.4707,1,-1,-1
2008,258,1276.67,429.85,20.20,41.10,0.5574,1,-1,-1
2008,355,924.13,230.45,12.78,23.12,0.4407,1,-1,-1
2008,356,33.89,484.31,26.81,49.46,0.6487,1,-1,-1
2008,357,13.44,488.33,23.96,43.31,0.5765,1,-1,-1
2008,339,1831.92,268.05,12.81,28.54,0.4475,1,-1,-1
2008,359,1270.89,429.51,15.36,40.29,0.5068,1,-1,-1
2009,254,824.39,399.53,17.34,39.26,0.7082,1,-1,-1
2009,255,229.51,539.34,34.67,58.86,0.7287,1,-1,-1
2009,316,1301.78,316.86,17.20,32.05,0.4912,1,-1,-1
2009,326,903.99,264.09,13.29,28.65,0.4824,1,-1,-1
2009,256,1008.56,467.54,23.45,43.23,0.6619,1,-1,-1
2009,345,1844.49,270.48,12.77,26.49,0.4717,1,-1,-1
2009,258,1277.80,430.22,19.49,40.71,0.5689,1,-1,-1
2009,355,924.40,229.75,13.24,23.48,0.4863,1,-1,-1
2009,356,34.70,483.76,25.98,48.11,0.6343,1,-1,-1
2009,357,14.20,486.46,24.19,43.81,0.5993,1,-1,-1
2009,339,1831.98,267.74,12.80,28.56,0.4620,1,-1,-1
2009,359,1271.27,428.44,15.72,41.22,0.5010,1,-1,-1
2010,254,824.76,398.81,17.53,39.20,0.7082,1,-1,-1
2010,255,228.94,539.36,33.99,58.50,0.7628,1,-1,-1
2010,316,1303.07,316.85,16.60,31.43,0.4863,1,-1,-1
2010,326,904.14,263.77,13.24,28.48,0.5098,1,-1,-1
2010,256,1009.59,466.78,22.77,42.74,0.6424,1,-1,-1
2010,345,1844.71,270.22,12.67,26.47,0.4893,1,-1,-1
2010,258,1278.63,428.55,19.42,41.71,0.5936,1,-1,-1
2010,355,924.54,229.07,13.41,23.40,0.4961,1,-1,-1
2010,356,35.64,482.51,25.49,47.45,0.6289,1,-1,-1
2010,357,14.69,485.24,23.86,43.26,0.6558,1,-1,-1
2010,339,1831.95,267.33,12.84,28.77,0.4581,1,-1,-1
2010,359,1271.28,427.84,15.81,41.52,0.4639,1,-1,-1
2011,254,825.01,398.36,17.60,38.97,0.7210,1,-1,-1
2011,255,228.48,538.91,33.15,57.59,0.7513,1,-1,-1
2011,316,1303.88,316.78,15.91,30.56,0.5254,1,-1,-1
2011,326,904.11,263.43,13.07,28.02,0.5361,1,-1,-1
2011,256,1009.80,465.85,22.65,43.01,0.5823,1,-1,-1
2011,345,1844.82,270.35,12.28,25.78,0.4737,1,-1,-1
2011,258,1278.85,426.17,19.31,42.44,0.5419,1,-1,-1
2011,355,924.90,228.57,13.44,23.12,0.4941,1,-1,-1
2011,356,35.75,480.80,25.54,48.09,0.6397,1,-1,-1
2011,357,14.97,484.14,23.85,43.37,0.6935,1,-1,-1
2011,339,1832.41,268.06,12.36,27.86,0.4388,1,-1,-1
2011,359,1270.12,426.07,16.82,44.03,0.1330,1,-1,-1
2012,254,825.03,397.74,17.82,39.27,0.6868,1,-1,-1
2012,255,227.88,537.60,32.94,57.59,0.7454,1,-1,-1
2012,316,1304.14,316.70,15.56,30.43,0.5234,1,-1,-1
2012,326,904.07,262.59,13.22,28.25,0.4571,1,-1,-1
2012,256,1010.23,465.14,22.16,42.64,0.5775,1,-1,-1
2012,345,1844.93,270.15,12.02,25.33,0.4961,1,-1,-1
2012,258,1279.76,426.76,18.75,42.13,0.5784,1,-1,-1
2012,355,925.21,227.94,13.74,23.49,0.4990,1,-1,-1
2012,356,35.90,479.97,25.61,48.58,0.6197,1,-1,-1
2012,357,15.66,483.54,23.56,42.95,0.6715,1,-1,-1
2012,339,1832.41,266.05,12.67,28.67,0.4630,1,-1,-1
2012,359,1271.07,426.13,15.95,41.92,0.4263,1,-1,-1
2013,254,824.77,396.91,17.91,39.41,0.6522,1,-1,-1
2013,255,226.68,536.31,33.53,59.23,0.6984,1,-1,-1
2013,316,1303.83,316.08,15.59,30.81,0.5146,1,-1,-1
2013,326,904.04,261.66,13.43,28.60,0.4378,1,-1,-1
2013,256,1010.69,464.31,21.98,42.70,0.6334,1,-1,-1
2013,345,1845.16,269.89,11.76,24.83,0.4766,1,-1,-1
2013,258,1279.99,426.35,18.38,41.86,0.5898,1,-1,-1
2013,355,925.45,227.61,13.68,23.27,0.5117,1,-1,-1
2013,356,36.46,479.46,25.28,48.30,0.6307,1,-1,-1
2013,357,16.16,482.71,23.20,42.46,0.6749,1,-1,-1
2013,339,1832.43,264.82,12.81,29.03,0.4834,1,-1,-1
2013,359,1273.24,425.60,15.65,40.69,0.4707,1,-1,-1
2014,254,825.01,395.58,18.01,39.68,0.6851,1,-1,-1
2014,255,225.43,535.31,33.57,59.78,0.7098,1,-1,-1
2014,316,1303.13,315.15,15.99,31.63,0.5390,1,-1,-1
2014,326,903.97,260.99,13.65,28.96,0.4397,1,-1,-1
2014,256,1011.24,462.96,22.12,43.52,0.6114,1,-1,-1
2014,345,1845.35,269.63,11.67,24.63,0.4600,1,-1,-1
2014,258,1279.83,425.22,18.52,42.23,0.5651,1,-1,-1
2014,355,925.71,227.11,13.81,23.44,0.5156,1,-1,-1
2014,356,37.96,479.09,24.32,46.37,0.6289,1,-1,-1
2014,357,16.12,481.94,23.89,43.94,0.6868,1,-1,-1
2014,339,1832.09,264.58,12.80,29.00,0.4513,1,-1,-1
2014,359,1274.90,424.58,15.92,40.43,0.5409,1,-1,-1
2015,254,825.59,394.63,18.04,39.66,0.7082,1,-1,-1
2015,255,223.65,533.91,32.92,59.35,0.6663,1,-1,-1
2015,316,1303.42,314.45,15.97,31.67,0.5535,1,-1,-1
2015,326,903.94,260.61,13.71,28.96,0.4426,1,-1,-1
2015,256,1011.75,461.65,22.43,44.38,0.5622,1,-1,-1
2015,345,1845.65,269.52,11.51,24.28,0.4668,1,-1,-1
2015,258,1278.80,423.59,18.97,42.84,0.5746,1,-1,-1
2015,355,925.65,226.71,13.95,23.68,0.5049,1,-1,-1
2015,356,39.09,477.96,24.22,46.26,0.6918,1,-1,-1
2015,357,16.82,481.01,24.02,44.53,0.6984,1,-1,-1
2015,339,1832.11,264.65,12.60,28.52,0.4707,1,-1,-1
2016,254,826.50,393.71,18.29,39.65,0.7066,1,-1,-1
2016,255,221.97,533.14,32.31,58.92,0.6868,1,-1,-1
2016,316,1303.98,313.50,15.90,31.49,0.5029,1,-1,-1
2016,326,903.85,259.61,13.92,29.35,0.4668,1,-1,-1
2016,256,1011.79,460.41,23.21,45.73,0.4893,1,-1,-1
2016,345,1845.44,267.09,11.93,25.34,0.4912,1,-1,-1
2016,258,1279.55,422.83,18.79,42.32,0.5670,1,-1,-1
2016,355,925.46,226.15,14.21,24.27,0.4102,1,-1,-1
2016,356,40.36,476.62,24.92,46.90,0.7272,1,-1,-1
2016,357,17.62,480.46,23.60,44.35,0.7178,1,-1,-1
2016,339,1832.74,263.54,12.61,28.70,0.5535,1,-1,-1
2017,254,826.71,393.14,18.20,39.21,0.6469,1,-1,-1
2017,255,220.80,532.56,31.69,58.45,0.6885,1,-1,-1
2017,316,1304.43,312.90,15.95,31.67,0.5429,1,-1,-1
2017,326,903.91,259.40,13.87,29.17,0.5010,1,-1,-1
2017,256,1013.98,459.99,22.97,44.87,0.6234,1,-1,-1
2017,345,1845.75,266.07,12.13,25.84,0.4795,1,-1,-1
2017,258,1279.74,421.84,18.78,41.96,0.5467,1,-1,-1
2017,355,925.69,225.96,14.08,24.23,0.4581,1,-1,-1
2017,356,40.39,473.91,25.99,48.65,0.7225,1,-1,-1
2017,357,18.22,479.60,23.33,44.28,0.7334,1,-1,-1
2017,339,1833.02,263.01,12.56,28.61,0.5380,1,-1,-1
2017,361,132.83,231.03,14.21,29.68,0.4971,1,-1,-1
2018,254,826.51,392.56,17.95,38.80,0.6697,1,-1,-1
2018,255,219.86,531.96,30.68,56.97,0.6926,1,-1,-1
2018,316,1304.85,312.64,15.95,31.66,0.5409,1,-1,-1
2018,326,904.09,259.51,13.60,28.56,0.5029,1,-1,-1
2018,256,1014.95,459.22,23.05,44.54,0.6142,1,-1,-1
2018,345,1845.76,265.88,11.95,25.54,0.5000,1,-1,-1
2018,258,1279.92,420.41,18.89,41.60,0.5955,1,-1,-1
2018,355,925.94,225.92,13.78,23.95,0.5098,1,-1,-1
2018,356,41.11,472.98,26.29,48.68,0.7349,1,-1,-1
2018,357,18.63,477.91,23.34,44.79,0.7527,1,-1,-1
2018,339,1833.21,262.73,12.53,28.53,0.5409,1,-1,-1
2018,361,133.15,230.74,14.13,29.49,0.4630,1,-1,-1
2019,254,826.58,392.08,17.60,38.21,0.6487,1,-1,-1
2019,255,218.65,531.26,30.52,57.03,0.7122,1,-1,-1
2019,316,1305.52,311.75,15.88,31.77,0.5215,1,-1,-1
2019,326,904.13,259.57,13.45,28.25,0.4873,1,-1,-1
2019,256,1015.47,458.33,23.24,44.38,0.6406,1,-1,-1
2019,345,1846.03,265.69,12.09,25.92,0.5156,1,-1,-1
2019,258,1280.28,419.59,19.12,41.50,0.5917,1,-1,-1
2019,355,926.08,225.83,13.57,23.83,0.4717,1,-1,-1
2019,356,42.51,472.36,26.54,48.41,0.7114,1,-1,-1
2019,357,18.85,476.45,23.32,45.09,0.7033,1,-1,-1
2019,339,1832.98,262.32,12.69,28.89,0.5535,1,-1,-1
2019,361,133.10,230.03,14.33,29.88,0.3794,1,-1,-1
2020,254,826.59,391.02,17.67,38.74,0.6487,1,-1,-1
2020,255,217.50,530.54,30.09,57.06,0.7311,1,-1,-1
2020,316,1306.28,311.29,15.46,31.12,0.5496,1,-1,-1
2020,326,904.17,259.71,13.23,27.85,0.5283,1,-1,-1
2020,256,1016.20,457.88,23.35,44.21,0.6011,1,-1,-1
2020,345,1846.15,265.28,12.29,26.44,0.5370,1,-1,-1
2020,258,1281.05,419.02,19.53,42.08,0.6343,1,-1,-1
2020,355,926.28,225.72,13.31,23.51,0.4834,1,-1,-1
2020,356,43.39,471.61,27.06,48.63,0.7162,1,-1,-1
2020,357,18.91,474.52,23.89,46.34,0.7114,1,-1,-1
2020,339,1832.79,261.45,13.04,29.78,0.5708,1,-1,-1
2020,361,133.08,229.51,14.57,30.34,0.3057,1,-1,-1
2021,254,826.91,389.80,17.78,39.27,0.6123,1,-1,-1
2021,255,216.30,529.61,29.20,56.16,0.7154,1,-1,-1
2021,316,1306.92,310.77,15.36,31.36,0.5670,1,-1,-1
2021,326,904.28,259.55,13.08,27.68,0.4844,1,-1,-1
2021,256,1017.41,457.32,23.41,44.13,0.5879,1,-1,-1
2021,345,1846.32,265.12,12.16,26.15,0.5380,1,-1,-1
2021,258,1281.72,418.46,19.54,41.85,0.6252,1,-1,-1
2021,355,926.33,225.57,13.11,23.31,0.4292,1,-1,-1
2021,356,43.72,471.39,27.40,48.53,0.6234,1,-1,-1
2021,357,18.68,472.44,23.95,46.83,0.6800,1,-1,-1
2021,339,1832.52,259.74,13.68,31.34,0.5708,1,-1,-1
2021,361,132.83,228.99,14.73,30.64,0.3877,1,-1,-1
2021,362,1211.42,177.82,9.08,20.21,0.5400,1,-1,-1
2022,254,827.36,388.46,17.80,39.59,0.6215,1,-1,-1
2022,255,214.96,528.56,28.90,56.23,0.6800,1,-1,-1
2022,316,1307.50,310.55,15.11,31.26,0.5631,1,-1,-1
2022,326,904.33,259.34,12.94,27.50,0.4235,1,-1,-1
2022,256,1017.85,456.03,23.47,44.18,0.5496,1,-1,-1
2022,345,1846.66,265.25,11.77,25.12,0.5438,1,-1,-1
2022,258,1282.38,417.64,19.69,42.04,0.6610,1,-1,-1
2022,355,926.48,225.11,12.55,22.48,0.4455,1,-1,-1
2022,356,43.72,469.15,28.20,49.54,0.6732,1,-1,-1
2022,357,18.81,471.46,24.30,47.66,0.6885,1,-1,-1
2022,339,1832.71,258.31,14.03,32.19,0.5765,1,-1,-1
2022,361,132.63,228.35,14.76,30.71,0.4844,1,-1,-1
2022,362,1211.58,177.92,8.89,19.80,0.5361,1,-1,-1
2023,254,828.11,387.83,17.66,39.57,0.6123,1,-1,-1
2023,255,213.52,527.03,29.15,57.52,0.7098,1,-1,-1
2023,316,1307.62,310.13,14.83,30.83,0.5400,1,-1,-1
2023,326,904.35,258.69,12.91,27.59,0.4785,1,-1,-1
2023,256,1018.54,455.07,23.19,43.51,0.5117,1,-1,-1
2023,345,1846.82,265.06,11.78,24.93,0.5156,1,-1,-1
2023,258,1282.66,416.78,19.70,42.00,0.6593,1,-1,-1
2023,355,926.35,224.94,12.89,23.43,0.4659,1,-1,-1
2023,356,44.40,467.33,28.25,49.60,0.6680,1,-1,-1
2023,357,19.45,470.91,23.50,46.00,0.6926,1,-1,-1
2023,339,1832.98,257.20,14.32,32.89,0.5631,1,-1,-1
2023,361,132.37,227.76,14.83,30.90,0.4177,1,-1,-1
2023,362,1211.38,178.08,8.85,19.74,0.5263,1,-1,-1
2024,254,829.43,387.31,16.79,37.76,0.6011,1,-1,-1
2024,255,212.11,525.78,29.62,59.17,0.6968,1,-1,-1
2024,316,1307.27,309.64,14.65,30.25,0.5361,1,-1,-1
2024,326,904.35,258.19,12.76,27.46,0.5506,1,-1,-1
2024,256,1019.52,454.15,22.90,43.22,0.4941,1,-1,-1
2024,345,1847.24,264.99,11.63,24.38,0.5224,1,-1,-1
2024,258,1282.61,416.03,19.31,41.05,0.6215,1,-1,-1
2024,355,926.62,224.44,12.27,22.60,0.4805,1,-1,-1
2024,356,45.78,467.42,26.67,46.93,0.6984,1,-1,-1
2024,357,19.82,470.18,23.25,45.47,0.6960,1,-1,-1
2024,339,1833.66,256.75,14.12,32.58,0.5496,1,-1,-1
2024,361,132.50,227.49,14.46,30.10,0.3166,1,-1,-1
2024,362,1211.28,177.87,8.95,19.98,0.5361,1,-1,-1
2025,254,829.89,386.63,16.81,37.74,0.5898,1,-1,-1
2025,255,211.16,525.23,29.65,59.80,0.6901,1,-1,-1
2025,316,1306.56,308.77,15.03,30.65,0.5400,1,-1,-1
2025,326,904.34,257.49,12.89,27.92,0.5293,1,-1,-1
2025,256,1020.30,453.76,22.47,42.63,0.5612,1,-1,-1
2025,345,1847.31,264.63,11.88,24.65,0.5185,1,-1,-1
2025,258,1282.79,415.54,18.89,40.03,0.5804,1,-1,-1
2025,355,926.97,224.02,11.83,21.95,0.4311,1,-1,-1
2025,356,47.00,467.04,26.10,46.11,0.6901,1,-1,-1
2025,357,19.39,468.15,23.79,46.41,0.6860,1,-1,-1
2025,339,1833.65,256.02,14.06,32.63,0.5574,1,-1,-1
2025,361,132.49,227.24,14.39,29.95,0.3989,1,-1,-1
2025,362,1211.38,177.59,8.97,20.03,0.4932,1,-1,-1
2026,254,829.83,386.31,16.83,37.70,0.5448,1,-1,-1
2026,255,210.00,524.72,29.45,60.02,0.6706,1,-1,-1
2026,316,1306.00,307.43,15.77,31.80,0.4785,1,-1,-1
2026,326,904.41,256.78,13.01,28.37,0.4746,1,-1,-1
2026,256,1020.47,451.98,23.13,43.99,0.5593,1,-1,-1
2026,345,1847.36,264.04,12.20,25.08,0.5010,1,-1,-1
2026,258,1282.76,414.87,19.06,40.35,0.5804,1,-1,-1
2026,355,927.04,222.86,12.23,22.88,0.4668,1,-1,-1
2026,356,48.12,466.57,26.06,46.03,0.6809,1,-1,-1
2026,357,19.71,466.76,23.42,45.43,0.6637,1,-1,-1
2026,339,1833.79,255.85,14.00,32.54,0.5554,1,-1,-1
2026,361,132.44,226.59,14.34,29.81,0.4542,1,-1,-1
2026,362,1211.52,177.37,8.94,19.95,0.4263,1,-1,-1
2027,254,830.35,386.55,16.53,36.83,0.5146,1,-1,-1
2027,255,208.40,524.20,29.48,59.89,0.6706,1,-1,-1
2027,316,1305.96,306.26,16.35,32.72,0.5010,1,-1,-1
2027,326,904.43,255.91,13.18,28.96,0.4513,1,-1,-1
2027,256,1021.18,451.09,23.08,44.36,0.5467,1,-1,-1
2027,345,1847.29,263.20,12.56,25.65,0.4776,1,-1,-1
2027,258,1282.64,414.19,19.07,40.48,0.6415,1,-1,-1
2027,355,927.29,222.04,12.33,23.19,0.4436,1,-1,-1
2027,356,49.62,466.72,25.51,45.16,0.6654,1,-1,-1
2027,357,19.77,466.19,23.34,44.95,0.6637,1,-1,-1
2027,339,1834.00,255.78,13.81,32.09,0.5467,1,-1,-1
2027,361,132.50,225.88,14.21,29.52,0.4321,1,-1,-1
2027,362,1211.66,176.97,8.77,19.48,0.3355,1,-1,-1
2027,363,77.43,462.95,24.68,37.30,0.4756,1,-1,-1
2027,359,1287.66,412.65,16.98,42.60,0.4766,1,-1,-1
2028,254,830.39,386.25,17.09,37.93,0.5574,1,-1,-1
2028,255,206.89,523.51,30.22,61.54,0.6868,1,-1,-1
2028,316,1306.09,305.60,16.58,32.94,0.4922,1,-1,-1
2028,326,904.39,254.81,13.44,29.79,0.4513,1,-1,-1
2028,256,1021.34,449.42,23.39,45.39,0.4834,1,-1,-1
2028,345,1847.38,262.56,12.69,25.73,0.4446,1,-1,-1
2028,258,1283.17,413.02,19.58,41.44,0.6558,1,-1,-1
2028,355,927.46,221.34,12.47,23.51,0.4369,1,-1,-1
2028,356,50.60,465.23,25.58,45.64,0.7025,1,-1,-1
2028,357,20.40,465.79,23.60,44.97,0.6671,1,-1,-1
2028,339,1834.06,255.79,13.67,31.65,0.5322,1,-1,-1
2028,361,132.52,225.27,14.13,29.23,0.4158,1,-1,-1
2028,362,1211.87,176.41,8.36,18.43,0.2830,1,-1,-1
2028,363,76.94,462.61,25.48,38.56,0.3268,1,-1,-1
2029,254,830.56,385.67,17.27,38.24,0.5535,1,-1,-1
2029,255,205.82,522.63,30.79,62.48,0.7146,1,-1,-1
2029,316,1306.07,305.01,16.89,33.36,0.5088,1,-1,-1
2029,326,904.44,254.25,13.46,30.11,0.4659,1,-1,-1
2029,256,1021.75,448.68,23.34,45.73,0.5936,1,-1,-1
2029,345,1847.35,262.06,12.84,25.83,0.4036,1,-1,-1
2029,258,1283.78,412.52,19.90,41.74,0.6680,1,-1,-1
2029,355,927.69,221.06,12.57,23.80,0.4225,1,-1,-1
2029,356,51.12,463.65,25.88,46.64,0.7074,1,-1,-1
2029,357,20.93,465.53,23.93,45.13,0.5983,1,-1,-1
2029,339,1834.13,255.68,13.67,31.53,0.5137,1,-1,-1
2029,361,132.51,224.98,14.20,29.27,0.4273,1,-1,-1
2029,362,1212.00,176.09,8.16,17.85,0.2846,1,-1,-1
2029,363,76.65,461.68,25.88,39.27,0.3803,1,-1,-1
2030,254,831.04,385.37,17.39,38.21,0.5370,1,-1,-1
2030,255,204.94,522.83,30.81,62.21,0.7194,1,-1,-1
2030,316,1305.97,304.59,17.15,33.67,0.4795,1,-1,-1
2030,326,904.53,253.98,13.35,30.12,0.4446,1,-1,-1
2030,256,1022.27,448.62,23.13,45.54,0.4359,1,-1,-1
2030,345,1847.36,261.59,13.01,25.98,0.3775,1,-1,-1
2030,258,1284.66,411.97,20.31,42.13,0.6325,1,-1,-1
2030,355,927.88,220.85,12.52,23.79,0.4330,1,-1,-1
2030,356,51.17,462.63,26.00,47.45,0.7249,1,-1,-1
2030,357,21.54,464.68,24.27,45.02,0.5860,1,-1,-1
2030,339,1834.34,255.80,13.58,31.15,0.4863,1,-1,-1
2030,361,132.49,224.78,14.26,29.23,0.4225,1,-1,-1
2030,362,1212.12,175.89,8.02,17.41,0.2480,1,-1,-1
2030,363,77.05,461.13,25.21,38.34,0.3522,1,-1,-1
2031,254,831.21,385.37,17.49,38.07,0.4893,1,-1,-1
2031,255,204.36,524.20,29.69,59.19,0.7001,1,-1,-1
2031,316,1305.99,304.26,17.40,33.97,0.3217,1,-1,-1
2031,326,904.24,253.49,13.44,30.33,0.3621,1,-1,-1
2031,256,1022.89,448.21,23.20,45.77,0.3504,1,-1,-1
2031,345,1847.58,261.89,12.72,25.24,0.4321,1,-1,-1
2031,258,1285.71,411.40,21.06,42.72,0.6575,1,-1,-1
2031,355,928.02,220.53,12.68,24.14,0.4340,1,-1,-1
2031,356,51.43,461.52,25.90,47.85,0.6993,1,-1,-1
2031,357,22.19,463.83,24.61,45.32,0.6628,1,-1,-1
2031,339,1834.62,256.43,13.25,30.32,0.5029,1,-1,-1
2031,361,132.52,225.35,14.21,29.15,0.2790,1,-1,-1
2031,362,1212.03,175.34,8.27,17.90,0.3311,1,-1,-1
2031,363,77.63,461.00,24.71,37.62,0.2991,1,-1,-1
2032,254,831.65,385.63,17.44,37.76,0.5708,1,-1,-1
2032,255,203.62,524.39,29.68,58.45,0.6522,1,-1,-1
2032,316,1306.11,304.03,17.49,33.96,0.3082,1,-1,-1
2032,326,904.13,253.20,13.56,30.57,0.4026,1,-1,-1
2032,256,1024.07,448.09,22.75,44.65,0.5823,1,-1,-1
2032,345,1847.67,262.07,12.62,24.88,0.4140,1,-1,-1
2032,258,1286.20,410.46,22.12,44.01,0.6487,1,-1,-1
2032,355,928.23,220.66,12.76,24.34,0.4083,1,-1,-1
2032,356,51.60,460.42,25.96,48.57,0.6976,1,-1,-1
2032,357,22.73,463.42,25.12,45.83,0.5832,1,-1,-1
2032,339,1834.75,256.72,13.04,29.78,0.4941,1,-1,-1
2032,361,132.42,225.29,14.36,29.42,0.3140,1,-1,-1
2032,362,1211.99,175.23,8.33,18.00,0.3460,1,-1,-1
2032,363,77.82,460.67,24.62,37.52,0.2767,1,-1,-1
2033,254,831.97,385.50,17.51,37.86,0.6234,1,-1,-1
2033,255,201.00,524.23,28.66,56.87,0.6252,1,-1,-1
2033,316,1306.19,303.83,17.56,33.96,0.3639,1,-1,-1
2033,326,904.14,253.23,13.56,30.58,0.4301,1,-1,-1
2033,256,1024.76,448.28,22.75,44.21,0.5146,1,-1,-1
2033,345,1847.74,261.93,12.64,24.85,0.4235,1,-1,-1
2033,258,1286.60,409.99,23.18,44.89,0.6893,1,-1,-1
2033,355,928.31,220.97,12.72,24.37,0.4446,1,-1,-1
2033,356,51.77,459.46,25.81,48.96,0.6876,1,-1,-1
2033,357,23.36,462.83,25.62,46.58,0.5641,1,-1,-1
2033,339,1834.87,256.94,12.89,29.40,0.5000,1,-1,-1
2033,361,132.39,225.12,14.46,29.59,0.3549,1,-1,-1
2033,362,1211.92,175.26,8.38,18.10,0.3585,1,-1,-1
2033,363,77.83,460.33,24.84,38.01,0.2561,1,-1,-1
2034,254,832.27,385.21,17.66,38.25,0.6179,1,-1,-1
2034,255,199.80,524.53,28.22,56.14,0.6123,1,-1,-1
2034,316,1306.32,303.78,17.45,33.63,0.3730,1,-1,-1
2034,326,904.20,253.30,13.52,30.54,0.4301,1,-1,-1
2034,256,1025.37,447.67,22.95,44.29,0.3612,1,-1,-1
2034,345,1847.77,261.75,12.75,25.01,0.4244,1,-1,-1
2034,258,1287.83,410.23,23.64,45.04,0.6584,1,-1,-1
2034,355,928.52,221.45,12.55,24.16,0.4504,1,-1,-1
2034,356,53.24,459.21,25.25,48.29,0.6732,1,-1,-1
2034,357,24.84,462.68,25.61,46.65,0.5832,1,-1,-1
2034,339,1834.92,256.99,12.88,29.34,0.4971,1,-1,-1
2034,361,132.32,224.87,14.59,29.75,0.3803,1,-1,-1
2034,362,1211.86,175.36,8.37,18.12,0.3757,1,-1,-1
2034,363,77.66,460.53,25.24,38.92,0.2838,1,-1,-1
2034,364,208.35,523.32,24.32,56.28,0.5029,1,-1,-1
2035,254,832.75,385.00,17.75,38.63,0.5078,1,-1,-1
2035,255,198.82,524.69,28.67,57.28,0.5974,1,-1,-1
2035,316,1306.33,303.87,17.32,33.24,0.3905,1,-1,-1
2035,326,904.29,253.41,13.45,30.46,0.4397,1,-1,-1
2035,256,1025.67,447.25,23.31,44.50,0.3407,1,-1,-1
2035,345,1847.80,261.48,12.88,25.26,0.4378,1,-1,-1
2035,258,1288.35,410.50,23.86,44.87,0.6602,1,-1,-1
2035,355,928.72,221.80,12.33,23.88,0.4805,1,-1,-1
2035,356,54.09,459.20,24.52,47.27,0.6885,1,-1,-1
2035,357,25.96,462.43,25.62,46.79,0.6243,1,-1,-1
2035,339,1834.98,256.90,12.89,29.37,0.5078,1,-1,-1
2035,361,132.29,224.68,14.68,29.82,0.4092,1,-1,-1
2035,362,1211.91,175.57,8.30,17.99,0.3812,1,-1,-1
2035,363,77.64,460.69,25.31,39.41,0.2583,1,-1,-1
2035,364,207.65,523.44,23.75,55.16,0.3621,1,-1,-1
2036,254,833.01,384.65,17.91,39.25,0.3766,1,-1,-1
2036,255,197.57,524.57,28.85,57.84,0.5670,1,-1,-1
2036,316,1306.49,303.94,17.12,32.72,0.3407,1,-1,-1
2036,326,904.29,253.06,13.63,30.94,0.4417,1,-1,-1
2036,256,1026.30,446.73,24.00,45.33,0.6049,1,-1,-1
2036,345,1847.95,261.21,13.00,25.59,0.4678,1,-1,-1
2036,258,1289.37,410.43,23.91,44.77,0.6460,1,-1,-1
2036,355,928.77,221.87,12.48,24.34,0.4824,1,-1,-1
2036,356,55.01,458.99,24.57,47.50,0.6522,1,-1,-1
2036,357,26.86,462.23,25.32,46.52,0.6424,1,-1,-1
2036,339,1835.30,257.13,12.78,29.14,0.5361,1,-1,-1
2036,361,132.26,224.65,14.75,29.88,0.4196,1,-1,-1
2036,362,1212.00,175.66,8.21,17.81,0.3933,1,-1,-1
2036,363,76.29,460.73,26.98,42.46,0.2069,1,-1,-1
2036,364,205.51,523.55,23.45,54.45,0.3149,1,-1,-1
2037,254,833.09,384.67,17.87,39.31,0.5438,1,-1,-1
2037,255,195.80,523.39,29.29,59.08,0.6343,1,-1,-1
2037,316,1306.50,303.94,17.11,32.55,0.3739,1,-1,-1
2037,326,904.28,252.94,13.66,31.12,0.4620,1,-1,-1
2037,256,1027.92,447.24,24.06,45.37,0.5974,1,-1,-1
2037,345,1848.08,261.25,12.96,25.56,0.4513,1,-1,-1
2037,258,1290.82,410.60,23.65,44.26,0.6960,1,-1,-1
2037,355,928.98,221.94,12.49,24.51,0.4639,1,-1,-1
2037,356,55.99,459.15,24.64,47.58,0.6270,1,-1,-1
2037,357,27.82,462.30,24.78,45.75,0.6671,1,-1,-1
2037,339,1835.48,257.24,12.67,28.90,0.5283,1,-1,-1
2037,361,132.22,224.64,14.80,29.87,0.4168,1,-1,-1
2037,362,1212.04,175.79,8.21,17.82,0.4206,1,-1,-1
2037,363,75.00,460.63,28.08,44.54,0.2006,1,-1,-1
2037,364,203.00,523.13,24.14,55.96,0.1689,1,-1,-1
2038,254,833.26,383.63,18.27,40.46,0.5842,1,-1,-1
2038,255,194.85,523.15,29.55,60.27,0.6885,1,-1,-1
2038,316,1306.57,304.00,17.10,32.39,0.4017,1,-1,-1
2038,326,904.20,252.74,13.77,31.47,0.4591,1,-1,-1
2038,256,1029.41,446.97,24.56,45.83,0.5784,1,-1,-1
2038,345,1848.26,261.44,12.82,25.34,0.4475,1,-1,-1
2038,258,1291.85,410.29,23.65,44.49,0.6740,1,-1,-1
2038,355,929.10,221.76,12.60,24.83,0.4562,1,-1,-1
2038,356,56.37,459.29,24.68,47.54,0.5176,1,-1,-1
2038,357,28.02,461.76,24.84,46.06,0.5429,1,-1,-1
2038,339,1835.63,257.31,12.50,28.55,0.5263,1,-1,-1
2038,361,132.29,224.70,14.73,29.64,0.4007,1,-1,-1
2038,362,1212.11,176.03,8.24,17.85,0.4216,1,-1,-1
2038,363,73.69,460.26,28.85,45.97,0.1259,1,-1,-1
2039,254,833.63,382.99,18.42,41.20,0.5176,1,-1,-1
2039,255,194.11,522.97,29.24,60.18,0.7066,1,-1,-1
2039,316,1306.64,304.09,17.06,32.19,0.4417,1,-1,-1
2039,326,904.12,252.11,14.05,32.24,0.4552,1,-1,-1
2039,256,1031.17,447.58,24.80,45.15,0.6540,1,-1,-1
2039,345,1848.34,261.49,12.75,25.25,0.4426,1,-1,-1
2039,258,1292.74,409.72,23.60,44.70,0.6567,1,-1,-1
2039,355,930.38,221.26,12.97,25.32,0.4216,1,-1,-1
2039,356,57.23,459.04,25.08,48.01,0.4971,1,-1,-1
2039,357,28.73,461.39,24.23,44.98,0.5506,1,-1,-1
2039,339,1835.78,257.35,12.41,28.36,0.5244,1,-1,-1
2039,361,132.38,224.74,14.75,29.59,0.3803,1,-1,-1
2039,362,1212.19,176.29,8.32,17.96,0.3998,1,-1,-1
2039,363,71.83,459.84,29.58,47.00,0.1052,1,-1,-1
2040,254,834.31,382.92,18.27,41.24,0.3794,1,-1,-1
2040,255,192.91,522.92,29.02,60.25,0.6868,1,-1,-1
2040,316,1306.88,304.16,16.97,31.94,0.4922,1,-1,-1
2040,326,904.08,251.84,14.17,32.63,0.4639,1,-1,-1
2040,256,1032.83,447.68,25.29,44.84,0.6663,1,-1,-1
2040,345,1848.43,261.55,12.66,25.12,0.4388,1,-1,-1
2040,258,1293.56,409.47,23.51,44.76,0.6206,1,-1,-1
2040,355,930.99,221.14,12.97,25.19,0.4121,1,-1,-1
2040,356,57.81,458.97,25.22,48.18,0.4834,1,-1,-1
2040,357,29.96,461.03,23.54,43.63,0.5380,2,-1,-1
2040,339,1835.91,257.46,12.27,28.06,0.5234,1,-1,-1
2040,361,132.46,224.71,14.80,29.58,0.3757,1,-1,-1
2040,362,1212.30,176.66,8.39,18.02,0.3905,1,-1,-1
2041,254,834.84,382.39,18.30,41.68,0.4980,1,-1,-1
2041,255,192.69,523.12,29.24,60.62,0.7098,1,-1,-1
2041,316,1306.93,304.10,17.02,32.07,0.4746,1,-1,-1
2041,326,904.08,252.31,14.02,32.32,0.4465,1,-1,-1
2041,256,1033.28,447.95,25.93,44.81,0.6766,1,-1,-1
2041,345,1848.33,261.34,12.74,25.25,0.4196,1,-1,-1
2041,258,1294.24,409.32,23.47,45.25,0.6289,1,-1,-1
2041,355,931.38,221.17,12.93,25.06,0.3504,1,-1,-1
2041,356,58.48,458.67,25.24,48.16,0.6160,1,-1,-1
2041,357,30.19,460.94,23.77,44.23,0.5370,1,-1,-1
2041,339,1836.00,257.67,12.25,27.91,0.5215,1,-1,-1
2041,361,132.51,224.72,14.93,29.76,0.4301,1,-1,-1
2041,362,1212.23,176.84,8.59,18.39,0.3877,1,-1,-1
2042,254,835.22,382.46,18.05,41.45,0.6252,1,-1,-1
2042,255,191.97,522.98,29.36,60.87,0.6766,1,-1,-1
2042,316,1306.99,304.00,17.10,32.32,0.5146,1,-1,-1
2042,326,904.09,252.48,13.90,32.11,0.4571,1,-1,-1
2042,256,1033.64,447.61,26.35,44.86,0.6451,1,-1,-1
2042,345,1848.17,260.99,12.95,25.67,0.4187,1,-1,-1
2042,258,1294.91,409.35,23.25,45.34,0.5380,1,-1,-1
2042,355,931.69,221.20,13.05,25.27,0.3320,1,-1,-1
2042,356,59.06,458.99,25.45,48.41,0.4990,1,-1,-1
2042,357,29.87,460.33,24.72,46.34,0.6243,1,-1,-1
2042,339,1835.98,257.65,12.33,28.03,0.5254,1,-1,-1
2042,361,132.37,224.63,15.21,30.24,0.4581,1,-1,-1
2042,362,1212.17,176.93,8.83,18.84,0.3757,1,-1,-1
2043,254,835.58,382.55,17.80,41.15,0.5458,1,-1,-1
2043,255,190.99,522.82,28.80,59.77,0.7114,1,-1,-1
2043,316,1306.97,303.98,17.07,32.32,0.5029,1,-1,-1
2043,326,904.10,252.31,13.93,32.18,0.4321,1,-1,-1
2043,256,1033.68,447.12,26.73,45.24,0.6379,1,-1,-1
2043,345,1848.20,260.68,13.04,25.91,0.4225,1,-1,-1
2043,258,1295.13,409.37,22.70,44.76,0.4571,1,-1,-1
2043,355,931.96,220.73,13.18,25.51,0.3082,1,-1,-1
2043,356,59.68,458.66,25.30,48.17,0.5689,1,-1,-1
2043,357,30.55,460.05,24.19,45.47,0.5137,1,-1,-1
2043,339,1836.06,257.41,12.37,28.10,0.5351,1,-1,-1
2043,361,132.39,224.47,15.38,30.43,0.5107,1,-1,-1
2043,362,1212.22,176.98,8.89,18.84,0.3157,1,-1,-1
2043,359,1301.84,408.86,17.49,44.89,0.5554,1,-1,-1
2044,254,836.13,382.37,17.75,41.30,0.6086,1,-1,-1
2044,255,189.59,523.15,28.75,59.82,0.7210,1,-1,-1
2044,316,1307.23,304.08,16.89,32.06,0.4941,1,-1,-1
2044,326,904.13,252.62,13.75,31.77,0.4102,1,-1,-1
2044,256,1034.59,447.47,26.29,44.37,0.6011,1,-1,-1
2044,345,1848.29,260.82,12.94,25.77,0.4301,1,-1,-1
2044,258,1295.26,409.00,22.28,44.57,0.4045,1,-1,-1
2044,355,932.23,220.85,13.10,25.26,0.3372,1,-1,-1
2044,356,60.36,458.41,25.16,47.90,0.6270,1,-1,-1
2044,357,31.74,458.88,23.99,44.94,0.4971,2,-1,-1
2044,339,1836.07,257.33,12.36,28.04,0.5361,1,-1,-1
2044,361,132.54,224.54,15.46,30.48,0.4971,1,-1,-1
2044,362,1212.41,176.68,8.82,18.53,0.3277,1,-1,-1
2044,359,1302.58,408.23,17.22,45.43,0.5351,1,-1,-1
2045,254,836.44,382.49,17.51,40.97,0.6505,1,-1,-1
2045,255,188.38,523.19,28.78,59.64,0.6935,1,-1,-1
2045,316,1307.22,304.10,16.90,32.09,0.4639,1,-1,-1
2045,326,904.14,252.63,13.69,31.66,0.4206,1,-1,-1
2045,256,1035.37,448.03,25.84,43.57,0.6067,1,-1,-1
2045,345,1848.42,260.83,12.92,25.75,0.4397,1,-1,-1
2045,258,1293.41,408.47,21.80,44.67,0.4620,1,-1,-1
2045,355,932.32,220.93,13.17,25.35,0.3522,1,-1,-1
2045,356,61.34,457.81,25.13,47.91,0.6487,1,-1,-1
2045,357,33.01,458.54,24.37,45.52,0.4659,1,-1,-1
2045,339,1836.12,257.42,12.32,27.89,0.5458,1,-1,-1
2045,361,132.63,224.58,15.50,30.46,0.4630,1,-1,-1
2045,362,1212.51,176.53,8.79,18.24,0.3132,1,-1,-1
2045,359,1303.46,407.81,16.92,45.71,0.5496,1,-1,-1
2046,254,837.23,382.96,17.28,40.30,0.5612,1,-1,-1
2046,255,187.18,523.84,28.81,59.58,0.6868,1,-1,-1
2046,316,1307.12,303.80,17.07,32.41,0.3174,1,-1,-1
2046,326,904.13,253.25,13.45,31.04,0.3372,1,-1,-1
2046,256,1035.39,447.82,25.91,43.38,0.5784,1,-1,-1
2046,345,1847.80,259.43,13.55,26.95,0.4083,1,-1,-1
2046,258,1295.00,407.13,22.20,45.48,0.4688,1,-1,-1
2046,355,932.10,221.01,13.09,25.30,0.3989,1,-1,-1
2046,356,62.26,456.93,24.64,47.06,0.6783,1,-1,-1
2046,357,33.65,458.44,24.36,45.46,0.6142,1,-1,-1
2046,339,1836.14,257.55,12.42,27.85,0.4863,1,-1,-1
2046,361,132.60,224.11,15.70,30.76,0.4007,1,-1,-1
2046,362,1212.55,176.76,8.64,17.67,0.2167,1,-1,-1
2046,359,1303.62,407.47,16.74,45.56,0.5361,1,-1,-1
2047,254,837.62,382.91,17.26,40.21,0.5955,1,-1,-1
2047,255,186.16,523.36,29.78,61.23,0.7001,1,-1,-1
2047,316,1307.16,303.66,17.15,32.57,0.3639,1,-1,-1
2047,326,904.12,253.32,13.49,31.03,0.3693,1,-1,-1
2047,256,1036.99,448.30,25.42,42.50,0.6663,1,-1,-1
2047,345,1847.54,259.02,13.76,27.33,0.3989,1,-1,-1
2047,258,1295.66,406.60,22.22,45.42,0.4922,1,-1,-1
2047,355,932.00,220.98,13.11,25.48,0.4036,1,-1,-1
2047,356,62.87,456.76,24.40,46.52,0.6593,1,-1,-1
2047,357,34.49,458.31,24.60,45.60,0.6049,1,-1,-1
2047,339,1836.18,257.63,12.53,27.83,0.4805,1,-1,-1
2047,361,132.60,223.99,15.71,30.67,0.3260,1,-1,-1
2047,362,1212.54,176.72,8.65,17.46,0.2358,1,-1,-1
2047,359,1303.78,407.40,16.55,45.09,0.5244,1,-1,-1
2048,254,838.00,382.88,17.19,39.92,0.5370,1,-1,-1
2048,255,185.16,523.19,30.23,62.01,0.7114,1,-1,-1
2048,316,1307.18,303.67,17.15,32.58,0.3868,1,-1,-1
2048,326,904.22,253.42,13.39,30.81,0.3486,1,-1,-1
2048,256,1038.17,448.58,24.89,41.94,0.6343,1,-1,-1
2048,345,1847.65,259.33,13.63,27.01,0.3877,1,-1,-1
2048,258,1295.84,406.61,22.12,45.02,0.5098,1,-1,-1
2048,355,932.23,220.87,12.87,25.11,0.4542,1,-1,-1
2048,356,63.54,456.91,24.14,46.01,0.6325,1,-1,-1
2048,357,35.22,458.41,24.60,45.30,0.5574,1,-1,-1
2048,339,1836.17,258.01,12.46,27.47,0.4815,1,-1,-1
2048,361,132.74,224.15,15.56,30.33,0.3355,1,-1,-1
2048,362,1212.62,176.61,8.61,17.11,0.2193,1,-1,-1
2048,359,1303.98,407.43,16.47,44.67,0.5029,1,-1,-1
2049,254,838.83,382.82,16.99,39.13,0.4369,1,-1,-1
2049,255,184.29,522.93,30.69,62.68,0.7001,1,-1,-1
2049,316,1307.17,303.70,17.07,32.40,0.4542,1,-1,-1
2049,326,904.37,253.61,13.27,30.61,0.3268,1,-1,-1
2049,256,1038.70,448.29,24.67,42.01,0.6361,1,-1,-1
2049,345,1847.78,259.65,13.52,26.72,0.3933,1,-1,-1
2049,258,1295.82,407.27,21.79,44.42,0.4378,1,-1,-1
2049,355,932.63,220.58,12.75,25.01,0.4639,1,-1,-1
2049,356,64.26,456.97,23.74,45.53,0.5842,1,-1,-1
2049,357,36.27,458.62,24.40,44.67,0.5727,1,-1,-1
2049,339,1836.14,258.24,12.42,27.23,0.4805,1,-1,-1
2049,361,132.82,224.32,15.46,30.06,0.3739,1,-1,-1
2049,362,1212.56,176.67,8.56,16.81,0.2167,1,-1,-1
2049,359,1304.41,407.56,16.65,44.90,0.5137,1,-1,-1
2050,254,839.24,383.13,16.57,38.04,0.4083,1,-1,-1
2050,255,183.78,523.55,30.49,61.66,0.6325,1,-1,-1
2050,316,1307.06,303.77,17.03,32.25,0.4407,1,-1,-1
2050,326,904.48,253.65,13.16,30.42,0.3329,1,-1,-1
2050,256,1038.62,447.70,24.93,42.86,0.6142,1,-1,-1
2050,345,1847.85,259.52,13.54,26.78,0.3886,1,-1,-1
2050,258,1296.50,407.85,21.83,44.33,0.4824,1,-1,-1
2050,355,932.93,220.39,12.79,25.14,0.4746,1,-1,-1
2050,356,65.25,456.70,23.17,44.69,0.6105,1,-1,-1
2050,357,36.78,458.22,24.46,44.41,0.5746,1,-1,-1
2050,339,1836.17,258.30,12.46,27.16,0.4766,1,-1,-1
2050,361,132.84,224.31,15.51,30.10,0.3868,1,-1,-1
2050,362,1212.59,176.81,8.59,16.65,0.2302,1,-1,-1
2050,359,1304.81,407.87,16.94,45.20,0.5842,1,-1,-1
2051,254,839.54,383.26,16.09,36.93,0.2950,1,-1,-1
2051,255,182.91,523.77,30.54,61.55,0.6522,1,-1,-1
2051,316,1306.97,303.87,16.95,32.03,0.4407,1,-1,-1
2051,326,904.53,253.80,13.02,30.20,0.3242,1,-1,-1
2051,256,1039.49,447.59,24.59,42.96,0.5185,1,-1,-1
2051,345,1847.93,259.56,13.50,26.73,0.3748,1,-1,-1
2051,258,1296.75,408.60,21.27,43.33,0.4571,1,-1,-1
2051,355,933.36,220.35,12.48,24.62,0.4513,1,-1,-1
2051,356,66.47,456.80,23.38,45.20,0.5273,1,-1,-1
2051,357,36.69,457.85,24.92,45.05,0.5670,1,-1,-1
2051,339,1836.18,258.41,12.49,27.07,0.4659,1,-1,-1
2051,361,132.83,224.36,15.60,30.22,0.3303,1,-1,-1
2051,362,1212.43,176.72,8.84,16.99,0.2444,1,-1,-1
2051,359,1305.70,408.30,16.93,44.72,0.5727,1,-1,-1
2052,254,840.22,383.57,15.68,36.05,0.2031,1,-1,-1
2052,255,181.74,523.72,30.29,60.96,0.6783,1,-1,-1
2052,316,1306.97,303.80,16.77,31.57,0.4417,1,-1,-1
2052,326,904.48,253.75,13.06,30.29,0.2942,1,-1,-1
2052,256,1040.22,447.20,24.58,43.47,0.5708,1,-1,-1
2052,345,1848.07,259.89,13.37,26.46,0.4301,1,-1,-1
2052,258,1297.83,409.24,21.12,42.71,0.4484,1,-1,-1
2052,355,933.43,220.21,12.59,24.97,0.4359,1,-1,-1
2052,356,66.98,456.61,23.63,46.04,0.5496,1,-1,-1
2052,357,37.13,457.88,25.14,45.22,0.5708,1,-1,-1
2052,339,1836.11,258.39,12.56,27.10,0.5029,1,-1,-1
2052,361,132.86,224.43,15.48,29.95,0.2999,1,-1,-1
2052,362,1212.46,176.53,9.05,17.20,0.2591,1,-1,-1
2052,359,1306.22,409.00,17.03,44.15,0.5535,1,-1,-1
2053,254,841.04,383.16,16.48,37.66,0.3711,1,-1,-1
2053,255,180.22,524.24,29.34,58.71,0.6487,1,-1,-1
2053,316,1307.20,303.78,16.67,31.36,0.5438,1,-1,-1
2053,326,904.48,253.75,13.15,30.56,0.3794,1,-1,-1
2053,256,1040.95,446.76,24.50,44.00,0.5727,1,-1,-1
2053,345,1848.13,259.73,13.41,26.56,0.4475,1,-1,-1
2053,258,1300.34,409.26,21.62,43.06,0.5603,1,-1,-1
2053,355,933.56,220.16,12.36,24.61,0.4321,1,-1,-1
2053,356,67.98,455.85,23.69,46.31,0.5651,1,-1,-1
2053,357,37.98,458.29,24.90,44.57,0.5535,1,-1,-1
2053,339,1836.06,258.22,12.65,27.23,0.5215,1,-1,-1
2053,361,132.89,224.57,15.40,29.71,0.1987,1,-1,-1
2053,362,1212.52,176.52,9.28,17.47,0.2689,1,-1,-1
2053,359,1307.75,408.66,17.68,45.02,0.1012,1,-1,-1
2054,254,841.62,383.93,16.50,37.81,0.4017,1,-1,-1
2054,255,179.16,524.19,29.71,59.17,0.6645,1,-1,-1
2054,316,1307.17,303.50,16.81,31.60,0.5746,1,-1,-1
2054,326,904.54,253.73,13.17,30.70,0.4177,1,-1,-1
2054,256,1040.74,446.57,24.56,44.39,0.6086,1,-1,-1
2054,345,1848.20,259.83,13.37,26.49,0.4542,1,-1,-1
2054,258,1300.99,408.59,22.39,43.98,0.5737,1,-1,-1
2054,355,934.01,220.13,11.90,23.73,0.4388,1,-1,-1
2054,356,68.94,455.63,23.51,46.02,0.6307,1,-1,-1
2054,357,39.32,458.67,24.49,44.00,0.5477,1,-1,-1
2054,339,1836.07,258.16,12.69,27.25,0.5215,1,-1,-1
2054,361,132.89,224.55,15.48,29.81,0.2173,1,-1,-1
2054,362,1212.79,176.59,9.39,17.44,0.2509,1,-1,-1
2054,359,1307.92,408.27,18.24,45.73,0.1571,1,-1,-1
2055,254,843.46,383.74,17.48,39.40,0.4805,1,-1,-1
2055,255,177.83,524.17,29.92,59.16,0.6901,1,-1,-1
2055,316,1307.36,303.39,16.83,31.60,0.5593,1,-1,-1
2055,326,904.50,253.57,13.32,31.02,0.3831,1,-1,-1
2055,256,1040.67,446.38,24.76,44.67,0.6343,1,-1,-1
2055,345,1848.40,260.26,13.17,26.07,0.4301,1,-1,-1
2055,258,1301.79,408.22,22.80,44.37,0.6114,1,-1,-1
2055,355,934.16,220.03,11.98,23.87,0.3923,1,-1,-1
2055,356,70.26,455.93,23.69,45.92,0.6234,1,-1,-1
2055,357,40.54,459.27,23.25,41.89,0.4746,1,-1,-1
2055,339,1836.17,258.57,12.53,26.81,0.5029,1,-1,-1
2055,361,132.92,224.41,15.61,30.01,0.2309,1,-1,-1
2055,362,1212.73,176.60,9.79,18.01,0.2473,1,-1,-1
2056,254,843.98,384.07,17.64,39.35,0.5156,1,-1,-1
2056,255,176.85,524.28,29.97,58.81,0.6715,1,-1,-1
2056,316,1307.63,303.35,16.79,31.50,0.5593,1,-1,-1
2056,326,904.57,253.58,13.35,31.04,0.3933,1,-1,-1
2056,256,1041.28,446.20,24.85,44.82,0.6234,1,-1,-1
2056,345,1848.59,260.65,12.94,25.59,0.3923,1,-1,-1
2056,258,1302.12,407.85,23.12,44.72,0.6261,1,-1,-1
2056,355,934.24,219.92,12.20,24.32,0.4378,1,-1,-1
2056,356,70.76,455.62,23.93,46.04,0.6289,1,-1,-1
2056,357,41.76,458.93,22.85,41.45,0.4951,1,-1,-1
2056,339,1836.37,259.26,12.26,26.11,0.4717,1,-1,-1
2056,361,133.04,224.28,15.63,30.00,0.2275,1,-1,-1
2056,362,1212.69,176.59,10.14,18.53,0.2465,1,-1,-1
2056,363,74.43,455.95,29.20,47.36,0.4805,1,-1,-1
2057,254,844.00,384.10,17.74,39.46,0.5293,1,-1,-1
2057,255,175.81,524.23,30.36,59.52,0.6540,1,-1,-1
2057,316,1307.67,303.31,16.80,31.39,0.5195,1,-1,-1
2057,326,904.71,253.68,13.22,30.69,0.4292,1,-1,-1
2057,256,1041.99,446.14,24.94,45.02,0.6197,1,-1,-1
2057,345,1848.79,260.99,12.72,25.11,0.3612,1,-1,-1
2057,258,1302.71,408.10,23.00,44.30,0.6058,1,-1,-1
2057,355,934.65,220.40,12.06,23.98,0.4349,1,-1,-1
2057,356,71.56,455.81,23.93,45.68,0.5593,1,-1,-1
2057,357,42.07,457.50,22.86,41.54,0.3877,1,-1,-1
2057,339,1836.55,259.40,12.18,25.86,0.4455,1,-1,-1
2057,361,133.08,224.23,15.67,30.02,0.2200,1,-1,-1
2057,362,1212.36,176.51,10.73,19.61,0.2790,1,-1,-1
2057,363,73.78,456.12,29.53,47.94,0.5244,1,-1,-1
2058,254,844.29,383.99,17.73,39.19,0.4834,1,-1,-1
2058,255,174.68,523.78,28.41,55.73,0.6593,1,-1,-1
2058,316,1307.77,303.31,16.94,31.50,0.5651,1,-1,-1
2058,326,904.81,253.67,13.24,30.60,0.4121,1,-1,-1
2058,256,1042.81,446.11,24.90,44.86,0.6252,1,-1,-1
2058,345,1848.83,260.94,12.73,25.04,0.3612,1,-1,-1
2058,258,1303.54,407.99,23.29,44.59,0.5813,1,-1,-1
2058,355,934.55,220.62,12.44,24.81,0.4168,1,-1,-1
2058,356,72.24,455.48,24.56,46.58,0.5936,1,-1,-1
2058,357,42.18,456.19,23.47,42.76,0.4523,1,-1,-1
2058,339,1836.73,259.66,12.12,25.60,0.4273,1,-1,-1
2058,361,132.98,224.07,15.84,30.28,0.2838,1,-1,-1
2058,362,1212.46,176.47,10.93,19.90,0.2101,1,-1,-1
2058,363,74.53,455.89,29.43,48.31,0.4397,1,-1,-1
2059,254,844.42,383.87,17.71,39.17,0.4990,1,-1,-1
2059,255,173.45,523.41,27.51,54.11,0.6697,1,-1,-1
2059,316,1307.84,303.30,16.92,31.26,0.5467,1,-1,-1
2059,326,904.88,253.60,13.26,30.51,0.4083,1,-1,-1
2059,256,1043.82,446.15,24.75,44.63,0.6142,1,-1,-1
2059,345,1848.86,260.84,12.73,25.02,0.3504,1,-1,-1
2059,258,1304.40,408.01,23.22,44.44,0.5351,1,-1,-1
2059,355,935.02,220.71,12.30,24.59,0.4475,1,-1,-1
2059,356,72.46,455.43,24.74,47.15,0.2606,1,-1,-1
2059,357,42.66,455.27,23.90,43.53,0.3905,1,-1,-1
2059,339,1836.81,259.87,12.09,25.43,0.4092,1,-1,-1
2059,361,132.90,224.12,15.86,30.19,0.2502,1,-1,-1
2059,362,1212.53,176.35,10.92,19.80,0.2043,1,-1,-1
2059,363,74.47,455.78,29.62,48.78,0.5936,1,-1,-1
2060,254,844.72,383.66,17.65,39.11,0.5322,1,-1,-1
2060,255,171.63,523.34,28.42,56.19,0.7225,1,-1,-1
2060,316,1308.02,303.30,16.82,30.97,0.5429,1,-1,-1
2060,326,904.96,253.84,13.18,30.21,0.4436,1,-1,-1
2060,256,1045.37,446.40,24.66,44.39,0.6011,1,-1,-1
2060,345,1848.99,260.71,12.81,25.16,0.3757,1,-1,-1
2060,258,1305.97,407.88,23.26,44.88,0.5185,1,-1,-1
2060,355,935.79,220.71,11.43,22.69,0.4111,1,-1,-1
2060,357,42.69,454.24,24.30,44.29,0.2934,1,-1,-1
2060,339,1836.97,260.10,12.02,25.11,0.4330,1,-1,-1
2060,361,132.94,224.15,15.80,30.00,0.2775,1,-1,-1
2060,362,1212.80,176.73,10.62,19.10,0.2502,1,-1,-1
2060,363,74.74,456.39,29.64,49.22,0.5898,1,-1,-1
2061,254,844.41,383.57,17.94,39.97,0.6325,1,-1,-1
2061,255,170.06,523.20,29.31,58.29,0.7130,1,-1,-1
2061,316,1308.28,303.38,16.85,30.99,0.5438,1,-1,-1
2061,326,904.95,253.86,13.36,30.43,0.4795,1,-1,-1
2061,256,1045.85,446.31,25.30,44.97,0.5955,1,-1,-1
2061,345,1848.59,258.05,13.86,27.40,0.4064,1,-1,-1
2061,258,1305.02,408.28,22.21,43.48,0.4941,1,-1,-1
2061,355,937.49,220.43,11.07,21.27,0.2546,1,-1,-1
2061,357,43.46,453.82,23.91,43.38,0.4746,1,-1,-1
2061,339,1836.85,259.01,12.58,26.19,0.4436,1,-1,-1
2061,361,132.97,223.98,15.89,30.22,0.2744,1,-1,-1
2061,362,1213.03,176.12,10.31,18.65,0.1030,1,-1,-1
2061,363,76.19,456.44,28.36,47.19,0.6361,1,-1,-1
2061,359,1311.92,408.16,17.74,44.34,0.4951,1,-1,-1
2062,254,844.79,383.54,17.95,40.30,0.6361,1,-1,-1
2062,255,169.41,523.36,29.71,59.10,0.7050,1,-1,-1
2062,316,1308.53,303.39,16.80,30.81,0.5332,1,-1,-1
2062,326,904.91,253.99,13.44,30.45,0.5010,1,-1,-1
2062,256,1046.36,446.23,25.67,45.07,0.5765,1,-1,-1
2062,345,1848.56,257.34,14.09,27.96,0.4254,1,-1,-1
2062,258,1304.42,408.21,21.53,42.95,0.5254,1,-1,-1
2062,355,938.27,220.54,11.05,20.53,0.2480,1,-1,-1
2062,357,44.15,453.78,24.41,43.97,0.4883,1,-1,-1
2062,339,1836.79,258.65,12.75,26.49,0.4620,1,-1,-1
2062,361,132.94,223.92,15.99,30.42,0.3149,1,-1,-1
2062,362,1212.94,175.83,10.20,18.54,0.1264,1,-1,-1
2062,363,77.07,456.29,27.65,46.01,0.5936,1,-1,-1
2062,359,1313.60,407.80,17.18,43.75,0.5631,1,-1,-1
2063,254,845.73,383.48,17.71,39.94,0.6307,1,-1,-1
2063,255,168.62,523.55,30.14,59.99,0.6918,1,-1,-1
2063,316,1308.72,303.34,16.90,30.81,0.5156,1,-1,-1
2063,326,904.89,253.86,13.62,30.65,0.4863,1,-1,-1
2063,256,1046.94,446.45,25.93,44.85,0.5917,1,-1,-1
2063,345,1848.86,257.61,13.89,27.58,0.4349,1,-1,-1
2063,258,1303.85,408.77,20.49,41.69,0.5746,1,-1,-1
2063,355,938.29,220.39,11.66,21.23,0.2444,1,-1,-1
2063,357,44.71,453.99,25.05,44.86,0.5813,1,-1,-1
2063,339,1836.78,258.90,12.68,26.26,0.4717,1,-1,-1
2063,361,132.96,223.80,15.98,30.46,0.2568,1,-1,-1
2063,362,1212.78,175.91,9.99,18.22,0.1761,1,-1,-1
2063,363,77.05,455.59,27.98,47.02,0.6123,1,-1,-1
2063,359,1315.16,407.93,16.58,42.98,0.5784,1,-1,-1
2064,254,846.55,382.96,17.58,39.87,0.6415,1,-1,-1
2064,255,167.60,523.92,30.42,60.24,0.6834,1,-1,-1
2064,316,1308.87,303.37,17.02,30.97,0.5117,1,-1,-1
2064,326,904.88,253.81,13.74,30.74,0.4746,1,-1,-1
2064,256,1047.83,446.49,26.22,44.93,0.5727,1,-1,-1
2064,345,1849.08,257.88,13.74,27.29,0.4397,1,-1,-1
2064,258,1303.72,408.88,19.91,41.14,0.5804,1,-1,-1
2064,355,938.16,220.02,12.73,22.96,0.3149,1,-1,-1
2064,357,45.61,454.27,25.33,44.77,0.6424,1,-1,-1
2064,339,1836.84,258.97,12.66,26.13,0.4863,1,-1,-1
2064,361,133.14,223.82,15.86,30.33,0.2220,1,-1,-1
2064,362,1212.73,176.03,9.87,18.06,0.2220,1,-1,-1
2064,363,77.36,455.68,27.62,46.83,0.6142,1,-1,-1
2064,359,1316.35,408.11,16.07,42.46,0.5332,1,-1,-1
2064,366,1871.50,203.69,11.36,20.60,0.4581,1,-1,-1
2065,254,847.14,382.86,17.86,40.84,0.6433,1,-1,-1
2065,255,166.30,524.54,30.11,59.22,0.7066,1,-1,-1
2065,316,1308.99,303.49,17.03,30.92,0.5000,1,-1,-1
2065,326,905.39,253.40,13.67,30.46,0.4688,1,-1,-1
2065,256,1049.11,446.97,25.88,44.28,0.6234,1,-1,-1
2065,345,1849.15,257.75,13.79,27.47,0.4504,1,-1,-1
2065,258,1304.12,409.75,19.14,40.04,0.5804,1,-1,-1
2065,355,938.22,219.84,13.04,23.37,0.3140,1,-1,-1
2065,357,46.36,454.59,25.56,44.58,0.5603,1,-1,-1
2065,339,1836.83,259.03,12.68,26.13,0.4922,1,-1,-1
2065,361,133.18,223.74,15.71,30.08,0.2108,1,-1,-1
2065,362,1212.70,176.17,9.94,18.28,0.2160,1,-1,-1
2065,363,77.90,455.16,27.02,46.10,0.6540,1,-1,-1
2065,359,1317.09,408.37,15.49,41.22,0.5593,1,-1,-1
2065,366,1871.45,203.72,11.48,20.80,0.4523,1,-1,-1
2066,254,847.87,382.60,17.79,40.98,0.6433,1,-1,-1
2066,255,165.61,524.99,29.98,58.28,0.6901,1,-1,-1
2066,316,1309.01,303.58,17.13,30.95,0.5039,1,-1,-1
2066,326,905.43,253.18,13.67,30.35,0.4707,1,-1,-1
2066,256,1050.02,447.31,25.39,43.68,0.6105,1,-1,-1
2066,345,1849.04,257.40,13.95,27.88,0.4591,1,-1,-1
2066,258,1305.03,410.08,18.83,39.70,0.5765,1,-1,-1
2066,355,938.33,219.88,12.91,23.06,0.3251,1,-1,-1
2066,357,46.92,454.34,25.88,44.78,0.5525,1,-1,-1
2066,339,1836.79,258.87,12.81,26.36,0.4971,1,-1,-1
2066,361,133.20,223.72,15.58,29.83,0.1987,1,-1,-1
2066,362,1212.67,176.40,9.95,18.41,0.1987,1,-1,-1
2066,359,1317.86,408.83,15.18,40.80,0.4893,1,-1,-1
2066,366,1871.39,203.65,11.64,21.10,0.4436,1,-1,-1
2067,254,848.52,382.87,17.53,40.79,0.6451,1,-1,-1
2067,255,164.86,525.55,30.16,57.93,0.6783,1,-1,-1
2067,316,1309.79,303.32,17.20,31.03,0.5137,1,-1,-1
2067,326,905.54,253.09,13.65,30.25,0.4815,1,-1,-1
2067,256,1050.38,446.95,25.31,43.93,0.5535,1,-1,-1
2067,345,1849.09,257.49,13.91,27.91,0.4513,1,-1,-1
2067,258,1305.73,409.54,18.91,40.14,0.5689,1,-1,-1
2067,355,938.63,219.89,12.72,22.67,0.3024,1,-1,-1
2067,357,47.52,454.44,26.06,44.92,0.5293,1,-1,-1
2067,339,1836.77,258.71,12.92,26.58,0.4961,1,-1,-1
2067,361,133.22,223.79,15.46,29.61,0.2330,1,-1,-1
2067,362,1212.62,176.53,10.00,18.66,0.1907,1,-1,-1
2067,359,1318.03,409.09,15.20,41.17,0.4941,1,-1,-1
2067,366,1871.38,203.65,11.76,21.32,0.4407,1,-1,-1
2067,356,79.66,453.64,25.51,48.17,0.5898,1,-1,-1
2068,254,849.02,383.38,17.48,41.01,0.6469,1,-1,-1
2068,255,163.36,525.01,31.91,60.57,0.6558,1,-1,-1
2068,316,1310.20,303.36,17.19,30.92,0.5273,1,-1,-1
2068,326,905.63,253.07,13.59,30.09,0.4902,1,-1,-1
2068,256,1051.32,446.95,24.92,43.83,0.3831,1,-1,-1
2068,345,1849.04,257.40,13.95,28.09,0.4688,1,-1,-1
2068,258,1307.07,409.35,19.22,40.85,0.5127,1,-1,-1
2068,355,938.92,219.87,12.48,22.19,0.3149,1,-1,-1
2068,357,48.05,454.49,26.24,45.24,0.6689,1,-1,-1
2068,339,1836.79,258.60,13.00,26.75,0.5068,1,-1,-1
2068,361,133.23,223.79,15.40,29.49,0.2394,1,-1,-1
2068,362,1212.62,176.64,10.01,18.89,0.1854,1,-1,-1
2068,359,1318.25,408.73,15.60,42.30,0.5127,1,-1,-1
2068,366,1871.39,203.60,11.84,21.49,0.4436,1,-1,-1
2068,356,80.19,453.17,26.02,48.90,0.6433,1,-1,-1
2069,254,849.75,383.09,17.82,42.03,0.6610,1,-1,-1
2069,255,163.29,525.03,34.53,64.13,0.6732,1,-1,-1
2069,316,1310.49,303.59,17.11,30.69,0.5195,1,-1,-1
2069,326,905.60,253.16,13.57,30.00,0.4727,1,-1,-1
2069,256,1052.80,447.05,24.23,43.36,0.4707,1,-1,-1
2069,345,1848.89,257.58,13.97,28.21,0.4659,1,-1,-1
2069,258,1308.07,409.74,19.18,40.74,0.5078,1,-1,-1
2069,355,939.25,220.17,12.35,22.00,0.3775,1,-1,-1
2069,357,48.66,454.39,26.37,45.55,0.6406,1,-1,-1
2069,339,1836.67,258.26,13.23,27.28,0.5156,1,-1,-1
2069,361,133.29,223.94,15.40,29.46,0.2351,1,-1,-1
2069,362,1212.53,176.86,9.95,18.99,0.1678,1,-1,-1
2069,359,1318.00,409.08,15.75,42.31,0.5429,1,-1,-1
2069,366,1871.51,203.70,11.93,21.67,0.4388,1,-1,-1
2069,356,80.88,453.52,25.89,48.39,0.6142,1,-1,-1
2070,254,850.66,383.40,17.85,42.17,0.6575,1,-1,-1
2070,255,163.53,525.19,36.65,66.19,0.6817,1,-1,-1
2070,316,1310.90,303.83,16.96,30.40,0.4980,1,-1,-1
2070,326,905.52,253.25,13.56,29.96,0.4311,1,-1,-1
2070,256,1054.27,447.10,23.60,42.87,0.3998,1,-1,-1
2070,345,1848.69,257.58,14.05,28.47,0.4678,1,-1,-1
2070,258,1308.94,409.89,19.48,40.86,0.5098,1,-1,-1
2070,355,939.98,220.35,11.74,20.84,0.3407,1,-1,-1
2070,357,49.71,454.02,26.57,46.18,0.6584,1,-1,-1
2070,339,1836.54,257.84,13.48,27.89,0.5195,1,-1,-1
2070,361,133.29,224.06,15.58,29.80,0.2516,1,-1,-1
2070,362,1212.45,177.09,9.87,19.04,0.1608,1,-1,-1
2070,359,1317.98,409.27,16.25,42.57,0.5804,1,-1,-1
2070,366,1871.74,203.82,12.00,21.85,0.4244,1,-1,-1
2070,356,81.21,453.40,25.75,47.71,0.5166,1,-1,-1
2071,254,851.15,383.56,17.81,42.05,0.6522,1,-1,-1
2071,255,160.14,526.05,34.84,63.20,0.6067,1,-1,-1
2071,316,1311.12,303.97,17.00,30.55,0.5029,1,-1,-1
2071,326,905.30,253.11,13.79,30.36,0.4330,1,-1,-1
2071,256,1054.70,447.13,23.86,43.82,0.5506,1,-1,-1
2071,345,1848.57,257.76,14.05,28.58,0.4600,1,-1,-1
2071,258,1308.75,409.45,20.04,41.77,0.5535,1,-1,-1
2071,355,940.51,220.21,11.37,20.10,0.2846,1,-1,-1
2071,357,50.83,454.51,26.09,45.54,0.4571,1,-1,-1
2071,339,1836.40,257.46,13.74,28.55,0.5224,1,-1,-1
2071,361,133.34,224.44,15.79,30.25,0.3294,1,-1,-1
2071,362,1212.44,177.16,9.90,19.28,0.1795,1,-1,-1
2071,359,1317.32,409.11,17.12,43.23,0.5765,1,-1,-1
2071,366,1872.05,203.96,12.04,21.99,0.4092,1,-1,-1
2071,356,81.76,455.77,24.05,43.65,0.4177,2,-1,-1
2071,367,1535.30,222.73,9.68,22.28,0.5059,1,-1,-1
2072,254,852.01,384.34,17.60,41.11,0.6645,1,-1,-1
2072,255,157.46,526.67,33.45,61.45,0.5612,1,-1,-1
2072,316,1311.53,304.10,17.00,30.72,0.5010,1,-1,-1
2072,326,905.07,252.98,14.00,30.66,0.3720,1,-1,-1
2072,256,1055.08,447.21,23.81,43.97,0.5322,1,-1,-1
2072,345,1848.63,258.20,13.86,28.29,0.4698,1,-1,-1
2072,258,1309.42,409.20,20.94,42.78,0.6234,1,-1,-1
2072,355,940.57,220.14,11.42,20.15,0.3285,1,-1,-1
2072,357,51.69,455.13,25.51,44.50,0.4668,2,-1,-1
2072,339,1836.33,257.41,13.79,28.77,0.5351,1,-1,-1
2072,361,133.63,225.07,15.65,30.01,0.3337,1,-1,-1
2072,362,1212.46,177.31,9.88,19.36,0.1901,1,-1,-1
2072,359,1315.69,408.49,18.68,44.71,0.5029,1,-1,-1
2072,366,1872.46,204.05,11.97,22.00,0.3979,1,-1,-1
2072,356,82.17,455.78,23.71,42.24,0.3914,2,-1,-1
2072,367,1535.10,222.95,9.60,22.11,0.4873,1,-1,-1
2072,368,159.40,526.56,46.05,64.19,0.4815,1,-1,-1
2073,254,853.02,385.53,17.10,39.59,0.6361,1,-1,-1
2073,255,154.97,527.56,33.96,62.87,0.2075,1,-1,-1
2073,316,1311.82,304.33,16.90,30.67,0.5205,1,-1,-1
2073,326,904.86,253.36,14.16,30.85,0.3549,1,-1,-1
2073,256,1056.20,447.41,23.24,43.46,0.5107,1,-1,-1
2073,345,1848.68,258.42,13.76,28.17,0.4678,1,-1,-1
2073,258,1310.58,409.23,21.73,43.46,0.6197,1,-1,-1
2073,355,940.50,220.34,11.59,20.54,0.3567,1,-1,-1
2073,357,52.58,455.49,25.15,43.77,0.4388,2,-1,-1
2073,339,1836.30,257.43,13.78,28.90,0.5332,1,-1,-1
2073,361,133.88,225.80,15.43,29.58,0.3337,1,-1,-1
2073,362,1212.39,177.45,9.95,19.62,0.2037,1,-1,-1
2073,359,1317.16,407.90,19.64,45.92,0.2806,1,-1,-1
2073,366,1872.83,204.07,11.94,22.09,0.3886,1,-1,-1
2073,356,82.35,456.20,23.40,40.95,0.2344,2,-1,-1
2073,367,1534.34,222.84,9.72,22.45,0.4446,1,-1,-1
2073,368,156.76,527.29,46.13,64.36,0.6206,1,-1,-1
2074,254,854.13,386.35,16.64,38.52,0.5784,1,-1,-1
2074,255,153.99,528.16,33.51,62.32,0.1264,1,-1,-1
2074,316,1313.00,304.39,16.63,30.67,0.5390,1,-1,-1
2074,326,904.75,253.81,14.20,30.85,0.3612,1,-1,-1
2074,256,1059.21,448.40,22.31,42.91,0.5351,1,-1,-1
2074,345,1848.87,258.51,13.90,28.36,0.4863,1,-1,-1
2074,258,1311.88,408.97,23.16,44.44,0.6151,1,-1,-1
2074,355,940.45,220.58,11.33,20.16,0.3585,1,-1,-1
2074,357,53.33,455.79,25.02,43.88,0.4177,1,-1,-1
2074,339,1836.42,257.48,13.90,29.22,0.5670,1,-1,-1
2074,361,134.14,226.58,15.24,29.14,0.2958,1,-1,-1
2074,362,1212.31,177.61,9.93,19.70,0.2697,1,-1,-1
2074,359,1318.83,408.02,19.93,46.06,0.3748,1,-1,-1
2074,366,1872.97,204.03,11.96,22.27,0.3702,1,-1,-1
2074,356,81.91,456.65,24.10,41.60,0.2187,1,-1,-1
2074,367,1534.08,222.67,9.81,22.73,0.3895,1,-1,-1
2074,368,155.17,527.79,45.36,63.30,0.6602,1,-1,-1
2075,254,854.44,386.71,16.72,38.60,0.5332,1,-1,-1
2075,255,153.95,529.17,32.74,60.31,0.1188,1,-1,-1
2075,316,1314.15,304.29,16.11,30.26,0.5380,1,-1,-1
2075,326,904.64,254.30,14.17,30.75,0.3684,1,-1,-1
2075,256,1060.84,448.67,22.32,43.63,0.5670,1,-1,-1
2075,345,1848.79,258.58,13.79,28.20,0.4746,1,-1,-1
2075,258,1314.58,409.08,23.74,44.76,0.5487,1,-1,-1
2075,355,940.48,220.93,11.01,19.71,0.3346,1,-1,-1
2075,357,54.60,456.51,24.72,43.65,0.5574,1,-1,-1
2075,339,1836.51,257.51,13.89,29.27,0.5574,1,-1,-1
2075,361,134.22,227.00,15.20,28.99,0.2736,1,-1,-1
2075,362,1212.28,177.71,9.91,19.73,0.3183,1,-1,-1
2075,359,1321.39,408.78,19.52,45.49,0.4844,1,-1,-1
2075,366,1873.01,204.07,11.92,22.31,0.3666,1,-1,-1
2075,356,80.98,457.10,24.43,42.21,0.2275,1,-1,-1
2075,367,1534.02,222.81,9.65,22.39,0.4282,1,-1,-1
2075,368,153.93,528.20,46.59,65.15,0.6671,1,-1,-1
2076,254,855.82,386.64,16.43,38.27,0.5612,1,-1,-1
2076,255,154.22,529.16,33.54,60.36,0.6325,1,-1,-1
2076,316,1314.96,304.12,15.99,30.63,0.5059,1,-1,-1
2076,326,904.57,255.20,13.83,30.01,0.4187,1,-1,-1
2076,256,1060.67,447.74,22.30,43.81,0.5332,1,-1,-1
2076,345,1848.64,258.91,13.78,28.20,0.4591,1,-1,-1
2076,258,1316.53,409.81,23.58,44.51,0.3720,1,-1,-1
2076,355,940.12,221.06,11.45,20.83,0.4168,1,-1,-1
2076,357,55.36,456.55,24.80,43.91,0.1352,1,-1,-1
2076,339,1836.79,257.67,13.94,29.49,0.5361,1,-1,-1
2076,361,134.06,227.12,15.02,28.55,0.3337,1,-1,-1
2076,362,1212.50,177.11,10.37,20.63,0.3886,1,-1,-1
2076,359,1322.68,409.67,19.08,44.81,0.4610,1,-1,-1
2076,366,1873.01,204.16,11.88,22.31,0.3942,1,-1,-1
2076,356,82.31,457.92,24.90,42.22,0.3234,2,-1,-1
2076,367,1533.83,222.78,9.20,21.33,0.2918,1,-1,-1
2076,368,154.05,528.14,47.59,66.43,0.4990,1,-1,-1
2077,254,856.80,387.14,16.14,37.52,0.6593,1,-1,-1
2077,255,152.33,529.08,32.80,58.52,0.6289,1,-1,-1
2077,316,1315.30,304.14,15.88,30.95,0.4863,1,-1,-1
2077,326,904.59,255.52,13.70,29.74,0.4359,1,-1,-1
2077,256,1059.59,447.02,22.90,44.41,0.5612,1,-1,-1
2077,345,1848.79,258.97,13.95,28.43,0.4542,1,-1,-1
2077,258,1316.71,409.63,23.44,44.51,0.3603,1,-1,-1
2077,355,940.07,221.01,11.67,21.52,0.4225,1,-1,-1
2077,357,56.11,456.68,24.63,43.67,0.2095,1,-1,-1
2077,339,1836.95,257.70,13.99,29.73,0.5263,1,-1,-1
2077,361,133.86,227.13,15.08,28.59,0.3065,1,-1,-1
2077,362,1212.62,176.95,10.54,20.96,0.3970,1,-1,-1
2077,359,1323.94,410.23,18.57,44.08,0.4902,1,-1,-1
2077,366,1873.01,204.18,11.93,22.49,0.3951,1,-1,-1
2077,356,83.07,459.10,24.76,40.89,0.2024,2,-1,-1
2077,367,1533.54,222.84,8.99,20.83,0.3242,1,-1,-1
2077,368,153.70,528.37,44.61,61.79,0.6851,1,-1,-1
2078,254,857.76,387.06,16.18,37.72,0.6968,1,-1,-1
2078,316,1315.26,304.26,15.96,31.56,0.4971,1,-1,-1
2078,326,904.60,255.04,14.06,30.34,0.4369,1,-1,-1
2078,256,1059.63,447.42,22.95,44.19,0.5205,1,-1,-1
2078,345,1848.76,258.94,14.12,28.65,0.4484,1,-1,-1
2078,258,1313.59,410.51,22.05,42.89,0.4844,1,-1,-1
2078,355,940.12,220.93,11.80,22.05,0.4321,1,-1,-1
2078,357,56.98,456.66,24.60,43.48,0.2967,1,-1,-1
2078,339,1837.10,257.77,14.02,29.87,0.5215,1,-1,-1
2078,361,133.77,227.16,15.10,28.58,0.2918,1,-1,-1
2078,362,1212.70,176.96,10.58,21.04,0.4196,1,-1,-1
2078,359,1324.98,410.44,18.32,43.82,0.5107,1,-1,-1
2078,366,1873.06,204.22,11.97,22.62,0.3877,1,-1,-1
2078,356,83.41,458.66,25.52,41.29,0.2465,2,-1,-1
2078,367,1533.29,222.76,8.94,20.68,0.3513,1,-1,-1
2078,368,152.36,527.84,46.46,64.28,0.7326,1,-1,-1
2079,254,858.84,386.59,16.11,37.76,0.6817,1,-1,-1
2079,316,1314.49,304.25,16.38,32.59,0.5137,1,-1,-1
2079,326,904.65,254.85,14.23,30.58,0.4455,1,-1,-1
2079,256,1060.07,447.89,23.37,44.07,0.5651,1,-1,-1
2079,345,1848.75,258.89,14.24,28.80,0.4542,1,-1,-1
2079,258,1313.66,410.75,21.19,42.08,0.4990,1,-1,-1
2079,355,940.23,220.78,11.95,22.55,0.4311,1,-1,-1
2079,357,57.67,456.67,24.62,43.43,0.4388,1,-1,-1
2079,339,1837.24,257.79,14.03,30.00,0.5244,1,-1,-1
2079,361,133.69,227.19,15.11,28.58,0.2790,1,-1,-1
2079,362,1212.81,177.10,10.53,20.95,0.3905,1,-1,-1
2079,359,1325.47,410.89,18.05,43.28,0.5708,1,-1,-1
2079,366,1873.21,204.21,11.94,22.63,0.3970,1,-1,-1
2079,356,83.60,458.28,25.44,40.48,0.2846,2,-1,-1
2079,367,1533.01,222.58,9.06,20.88,0.2767,1,-1,-1
2079,368,151.56,527.26,48.24,66.58,0.7295,1,-1,-1
2080,254,859.42,386.27,16.11,37.95,0.6783,1,-1,-1
2080,316,1312.98,304.20,17.04,33.61,0.5312,1,-1,-1
2080,326,904.72,254.87,14.27,30.51,0.4513,1,-1,-1
2080,256,1061.09,448.07,23.93,44.03,0.5670,1,-1,-1
2080,345,1848.71,258.98,14.33,28.90,0.4465,1,-1,-1
2080,258,1314.40,410.65,20.87,42.25,0.4922,1,-1,-1
2080,355,940.42,220.75,11.97,22.77,0.4397,1,-1,-1
2080,357,58.36,456.54,24.43,43.04,0.3794,1,-1,-1
2080,339,1837.36,257.84,14.04,30.08,0.5176,1,-1,-1
2080,361,133.68,227.24,15.09,28.59,0.2775,1,-1,-1
2080,362,1212.97,177.17,10.40,20.67,0.3469,1,-1,-1
2080,359,1326.19,411.02,18.05,43.47,0.5689,1,-1,-1
2080,366,1873.40,204.20,11.87,22.55,0.3989,1,-1,-1
2080,356,84.68,457.85,24.88,39.05,0.4417,2,-1,-1
2080,367,1532.74,222.26,9.25,21.21,0.2075,1,-1,-1
2080,368,149.05,527.21,47.69,66.09,0.6433,1,-1,-1
2080,255,148.84,528.40,33.40,60.14,0.5467,1,-1,-1
2081,254,859.75,385.93,16.20,38.28,0.6575,1,-1,-1
2081,316,1312.46,304.31,17.40,34.08,0.5068,1,-1,-1
2081,326,904.81,254.77,14.37,30.57,0.4426,1,-1,-1
2081,256,1061.97,448.13,24.49,44.27,0.5708,1,-1,-1
2081,345,1848.72,259.14,14.30,28.75,0.4494,1,-1,-1
2081,258,1316.17,410.62,20.88,42.46,0.4301,1,-1,-1
2081,355,940.89,220.75,11.72,22.39,0.4301,1,-1,-1
2081,357,58.68,455.58,24.89,43.80,0.4263,2,-1,-1
2081,339,1837.37,258.11,13.91,29.86,0.5234,1,-1,-1
2081,361,133.63,227.23,15.46,29.41,0.2561,1,-1,-1
2081,362,1213.13,177.29,10.29,20.45,0.3337,1,-1,-1
2081,359,1326.49,411.10,18.11,43.35,0.5448,1,-1,-1
2081,366,1873.85,204.17,11.68,22.26,0.3895,1,-1,-1
2081,356,84.97,457.50,25.25,39.46,0.3998,2,-1,-1
2081,367,1532.50,221.89,9.16,20.77,0.1067,1,-1,-1
2081,368,146.63,527.62,47.91,66.90,0.6095,1,-1,-1
2081,255,147.05,527.59,34.31,62.09,0.6234,1,-1,-1
2082,254,860.04,385.63,16.34,38.75,0.6575,1,-1,-1
2082,316,1312.49,304.34,17.47,34.07,0.5195,1,-1,-1
2082,326,904.84,254.79,14.41,30.52,0.4417,1,-1,-1
2082,256,1062.68,448.10,24.96,44.45,0.6179,1,-1,-1
2082,345,1848.84,259.56,14.18,28.36,0.4455,1,-1,-1
2082,258,1317.53,410.00,21.23,43.37,0.5020,1,-1,-1
2082,355,941.05,220.80,11.75,22.52,0.4216,1,-1,-1
2082,357,59.01,455.67,25.12,44.19,0.3320,1,-1,-1
2082,339,1837.32,258.38,13.77,29.60,0.5361,1,-1,-1
2082,361,133.65,227.34,15.40,29.48,0.2227,1,-1,-1
2082,362,1213.21,177.28,10.15,20.17,0.3425,1,-1,-1
2082,359,1327.13,411.14,18.12,43.25,0.5651,1,-1,-1
2082,366,1874.12,204.13,11.57,22.11,0.3877,1,-1,-1
2082,356,84.83,458.47,24.77,38.14,0.3469,2,-1,-1
2082,255,145.77,527.99,33.57,61.55,0.6766,1,-1,-1
2083,254,860.42,385.77,16.39,38.92,0.6628,1,-1,-1
2083,316,1312.69,304.35,17.37,33.75,0.5302,1,-1,-1
2083,326,904.84,254.93,14.41,30.40,0.4321,1,-1,-1
2083,256,1063.40,449.27,24.57,43.23,0.5917,1,-1,-1
2083,345,1849.03,259.94,14.07,27.95,0.4436,1,-1,-1
2083,258,1316.85,409.89,20.76,43.07,0.5651,1,-1,-1
2083,355,941.03,220.94,11.57,22.30,0.4244,1,-1,-1
2083,357,59.43,455.69,25.01,44.16,0.2846,1,-1,-1
2083,339,1837.33,258.63,13.62,29.32,0.5419,1,-1,-1
2083,361,133.67,227.33,15.28,29.48,0.2234,1,-1,-1
2083,362,1213.32,177.32,9.96,19.76,0.3513,1,-1,-1
2083,359,1327.75,410.78,18.17,43.53,0.5823,1,-1,-1
2083,366,1874.30,204.03,11.48,22.03,0.3877,1,-1,-1
2083,356,84.92,454.31,26.13,40.48,0.3016,2,-1,-1
2083,368,142.84,528.96,46.14,65.26,0.6602,1,-1,-1
2084,254,861.19,386.06,16.22,38.35,0.6558,1,-1,-1
2084,316,1312.73,304.40,17.37,33.61,0.5137,1,-1,-1
2084,326,905.35,255.32,13.97,29.58,0.4282,1,-1,-1
2084,256,1063.87,449.58,24.49,42.93,0.5612,1,-1,-1
2084,345,1849.29,260.43,13.89,27.41,0.4359,1,-1,-1
2084,258,1318.15,409.41,20.73,42.92,0.5117,1,-1,-1
2084,355,941.20,221.26,11.23,21.80,0.4340,1,-1,-1
2084,357,59.95,455.43,25.00,44.22,0.3260,1,-1,-1
2084,339,1837.29,258.95,13.44,28.99,0.5419,1,-1,-1
2084,361,133.74,227.27,15.20,29.54,0.2372,1,-1,-1
2084,362,1213.56,177.38,9.73,19.25,0.3191,1,-1,-1
2084,359,1328.05,410.53,18.15,43.19,0.5370,1,-1,-1
2084,366,1874.48,203.93,11.34,21.90,0.3886,1,-1,-1
2084,356,85.26,453.05,26.59,41.11,0.3504,2,-1,-1
2084,368,144.22,529.44,46.30,65.16,0.6567,1,-1,-1
2084,255,143.64,528.70,33.70,61.86,0.5860,1,-1,-1
2085,254,862.66,386.63,16.10,37.62,0.6379,1,-1,-1
2085,316,1312.75,304.49,17.34,33.47,0.5039,1,-1,-1
2085,326,905.60,255.69,13.70,29.08,0.4340,1,-1,-1
2085,256,1064.34,449.25,24.41,42.98,0.4854,1,-1,-1
2085,345,1849.66,261.01,13.61,26.68,0.4292,1,-1,-1
2085,258,1317.56,409.75,19.93,41.67,0.5283,1,-1,-1
2085,355,943.21,221.49,11.32,21.85,0.4620,1,-1,-1
2085,357,60.70,455.00,25.02,44.36,0.2429,1,-1,-1
2085,339,1837.28,259.44,13.13,28.36,0.5419,1,-1,-1
2085,361,133.75,227.11,15.17,29.69,0.2193,1,-1,-1
2085,362,1213.81,177.42,9.59,18.87,0.3040,1,-1,-1
2085,359,1329.06,410.34,17.89,42.51,0.5244,1,-1,-1
2085,366,1874.65,203.87,11.15,21.67,0.3730,1,-1,-1
2085,356,86.21,452.03,27.01,41.83,0.3540,2,-1,-1
2085,368,144.06,529.65,46.78,65.55,0.6280,1,-1,-1
2085,255,142.09,528.78,33.87,62.62,0.5823,1,-1,-1
2086,254,863.86,387.04,16.64,37.93,0.6766,1,-1,-1
2086,316,1312.77,304.42,17.48,33.68,0.4902,1,-1,-1
2086,326,905.27,255.77,13.96,29.53,0.4292,1,-1,-1
2086,256,1065.66,448.82,24.88,44.25,0.5746,1,-1,-1
2086,345,1849.81,261.44,13.53,26.42,0.4273,1,-1,-1
2086,258,1317.34,410.37,19.24,40.71,0.6067,1,-1,-1
2086,355,943.67,221.69,11.70,22.48,0.4571,1,-1,-1
2086,357,60.90,455.03,25.04,44.54,0.3433,1,-1,-1
2086,339,1837.35,259.62,13.09,28.31,0.5467,1,-1,-1
2086,361,133.82,227.20,14.89,29.32,0.2878,1,-1,-1
2086,362,1214.19,177.42,9.75,19.17,0.3208,1,-1,-1
2086,359,1329.82,410.77,17.59,41.93,0.5535,1,-1,-1
2086,366,1874.95,203.81,11.09,21.72,0.3612,1,-1,-1
2086,356,87.26,451.97,27.09,42.39,0.3040,2,-1,-1
2086,368,143.40,530.14,46.21,64.65,0.6095,1,-1,-1
2086,255,142.25,529.98,33.18,61.18,0.5651,1,-1,-1
2087,254,864.70,387.67,17.14,38.22,0.6918,1,-1,-1
2087,316,1312.91,304.60,17.40,33.56,0.4756,1,-1,-1
2087,326,905.21,256.05,13.98,29.46,0.4311,1,-1,-1
2087,256,1067.34,448.64,24.73,44.91,0.5765,1,-1,-1
2087,345,1849.95,261.82,13.47,26.19,0.4121,1,-1,-1
2087,258,1317.33,411.25,18.78,40.03,0.6343,1,-1,-1
2087,355,943.89,221.83,11.93,22.82,0.4533,1,-1,-1
2087,357,61.51,455.22,24.62,44.23,0.4620,1,-1,-1
2087,339,1837.51,260.02,12.99,28.14,0.5448,1,-1,-1
2087,361,134.00,227.46,14.54,28.80,0.3107,1,-1,-1
2087,362,1214.51,177.60,9.82,19.28,0.3200,1,-1,-1
2087,359,1330.52,411.41,17.46,41.75,0.5804,1,-1,-1
2087,366,1875.17,203.80,11.04,21.77,0.3549,1,-1,-1
2087,356,88.38,452.07,27.59,44.15,0.3877,1,-1,-1
2087,368,141.89,530.34,45.53,63.95,0.4766,1,-1,-1
2087,255,141.18,531.16,32.28,59.38,0.5477,1,-1,-1
2088,254,864.76,388.42,17.23,37.51,0.7178,1,-1,-1
2088,316,1313.43,304.54,17.17,33.34,0.4533,1,-1,-1
2088,326,905.24,256.35,13.95,29.25,0.4494,1,-1,-1
2088,256,1068.07,449.36,24.33,44.89,0.5419,1,-1,-1
2088,345,1850.12,262.15,13.38,25.92,0.3914,1,-1,-1
2088,258,1317.47,412.49,18.25,39.11,0.6610,1,-1,-1
2088,355,944.01,221.99,12.06,22.96,0.4417,1,-1,-1
2088,357,63.64,457.78,22.72,41.13,0.1859,1,-1,-1
2088,339,1837.64,260.39,12.86,27.89,0.5390,1,-1,-1
2088,361,134.31,227.80,14.20,28.26,0.3016,1,-1,-1
2088,362,1214.92,177.84,9.76,19.12,0.2983,1,-1,-1
2088,359,1331.35,412.07,17.18,41.13,0.6179,1,-1,-1
2088,366,1875.28,203.86,10.95,21.72,0.3576,1,-1,-1
2088,356,88.20,452.64,27.20,44.01,0.1132,1,-1,-1
2088,368,139.93,531.02,43.74,61.63,0.4805,1,-1,-1
2088,255,139.45,532.03,30.74,56.49,0.5525,1,-1,-1
2089,254,864.64,388.97,17.54,37.42,0.7334,1,-1,-1
2089,316,1313.94,304.74,16.88,33.04,0.4397,1,-1,-1
2089,326,905.27,256.57,13.95,29.15,0.4455,1,-1,-1
2089,256,1068.62,450.76,23.55,44.00,0.3675,1,-1,-1
2089,345,1850.28,262.47,13.28,25.61,0.3693,1,-1,-1
2089,258,1317.65,413.09,17.99,38.62,0.6817,1,-1,-1
2089,355,944.05,222.09,12.11,22.97,0.4235,1,-1,-1
2089,357,65.27,458.49,22.22,40.43,0.1348,1,-1,-1
2089,339,1837.75,260.71,12.78,27.77,0.5302,1,-1,-1
2089,361,134.69,228.11,13.86,27.75,0.2401,1,-1,-1
2089,362,1215.17,178.09,9.63,18.82,0.2991,1,-1,-1
2089,359,1332.03,412.62,17.00,40.77,0.6179,1,-1,-1
2089,366,1875.21,203.80,10.88,21.73,0.3748,1,-1,-1
2089,356,92.35,453.38,26.16,42.64,0.4054,1,-1,-1
2089,368,136.99,531.53,43.24,61.95,0.3040,1,-1,-1
2089,255,137.45,532.84,31.10,57.75,0.5708,1,-1,-1
2090,254,864.75,389.22,17.82,37.35,0.7256,1,-1,-1
2090,316,1314.28,304.88,16.72,33.07,0.4630,1,-1,-1
2090,326,905.16,256.58,14.08,29.36,0.4562,1,-1,-1
2090,256,1069.50,451.43,22.84,43.08,0.3812,1,-1,-1
2090,345,1850.36,262.80,13.20,25.35,0.3603,1,-1,-1
2090,258,1318.11,413.50,17.93,38.40,0.6325,1,-1,-1
2090,355,944.01,222.14,12.30,23.29,0.4073,1,-1,-1
2090,357,66.05,458.28,21.86,39.81,0.1268,1,-1,-1
2090,339,1837.89,261.13,12.70,27.67,0.5244,1,-1,-1
2090,361,134.72,228.47,13.61,27.33,0.2358,1,-1,-1
2090,362,1215.34,178.42,9.56,18.64,0.3007,1,-1,-1
2090,359,1332.43,413.09,16.97,40.82,0.5409,1,-1,-1
2090,366,1875.23,203.89,10.73,21.56,0.3923,1,-1,-1
2090,356,94.23,452.98,26.46,43.81,0.4649,1,-1,-1
2090,368,136.89,532.28,42.36,61.51,0.1871,1,-1,-1
2090,255,135.78,533.46,31.89,59.41,0.5137,1,-1,-1
2091,254,865.46,388.89,18.25,37.96,0.7090,1,-1,-1
2091,316,1315.41,305.66,16.29,32.66,0.4581,1,-1,-1
2091,326,905.21,257.24,14.05,29.09,0.5039,1,-1,-1
2091,256,1069.93,451.29,22.87,43.43,0.3702,1,-1,-1
2091,345,1850.03,262.63,13.30,25.52,0.3234,1,-1,-1
2091,258,1318.97,414.17,18.00,38.65,0.5879,1,-1,-1
2091,355,944.18,221.88,11.89,22.42,0.3576,1,-1,-1
2091,357,66.94,457.32,23.15,42.36,0.4824,1,-1,-1
2091,339,1837.73,260.54,13.00,28.50,0.5176,1,-1,-1
2091,362,1215.62,179.23,9.39,18.20,0.3024,1,-1,-1
2091,359,1332.92,413.37,17.08,41.00,0.4746,1,-1,-1
2091,366,1874.93,204.14,10.87,21.82,0.3766,1,-1,-1
2091,356,96.11,452.01,27.18,45.03,0.6800,1,-1,-1
2091,368,140.12,532.87,39.50,57.91,0.2394,1,-1,-1
2091,255,134.48,533.87,30.05,56.86,0.5496,1,-1,-1
2092,254,866.60,388.81,18.41,38.14,0.7186,1,-1,-1
2092,316,1315.85,305.95,16.11,32.75,0.4776,1,-1,-1
2092,326,905.46,258.02,13.93,28.67,0.5146,1,-1,-1
2092,256,1070.65,451.45,22.78,43.69,0.4912,1,-1,-1
2092,345,1849.99,262.34,13.57,26.08,0.3504,1,-1,-1
2092,258,1319.89,413.97,18.41,39.65,0.5535,1,-1,-1
2092,355,944.22,221.94,11.74,22.05,0.3612,1,-1,-1
2092,357,68.24,456.52,24.15,43.93,0.6058,1,-1,-1
2092,339,1837.71,260.02,13.29,29.30,0.5078,1,-1,-1
2092,362,1215.88,179.47,9.48,18.32,0.2705,1,-1,-1
2092,359,1332.37,413.12,17.55,41.83,0.5312,1,-1,-1
2092,366,1874.59,204.88,11.06,22.02,0.3594,1,-1,-1
2092,356,97.87,452.55,27.09,44.58,0.6680,1,-1,-1
2092,368,138.70,532.93,40.08,58.53,0.1889,1,-1,-1
2092,255,133.98,534.43,29.78,56.68,0.5448,1,-1,-1
2093,254,867.14,388.69,18.72,38.57,0.7249,1,-1,-1
2093,316,1315.96,305.94,16.00,32.88,0.5000,1,-1,-1
2093,326,905.79,258.67,13.85,28.39,0.5263,1,-1,-1
2093,256,1071.28,451.82,22.75,43.94,0.5448,1,-1,-1
2093,345,1849.77,262.37,13.78,26.48,0.3549,1,-1,-1
2093,258,1320.92,414.30,18.64,40.13,0.5727,1,-1,-1
2093,355,944.26,221.97,11.77,22.07,0.3585,1,-1,-1
2093,357,69.47,456.05,24.48,43.92,0.5851,1,-1,-1
2093,339,1837.83,259.80,13.46,29.81,0.4990,1,-1,-1
2093,362,1216.43,179.63,9.40,18.17,0.1950,1,-1,-1
2093,359,1330.87,413.14,18.16,42.23,0.5302,1,-1,-1
2093,366,1874.47,205.16,11.29,22.34,0.3757,1,-1,-1
2093,356,98.93,452.73,26.96,44.10,0.6105,1,-1,-1
2093,368,136.72,533.04,39.59,57.68,0.2344,1,-1,-1
2093,255,133.33,535.12,29.17,55.85,0.5689,1,-1,-1
2094,254,868.49,388.86,18.91,39.16,0.6960,1,-1,-1
2094,316,1316.27,306.22,15.80,32.83,0.4805,1,-1,-1
2094,326,906.02,259.09,13.90,28.47,0.5574,1,-1,-1
2094,256,1072.88,453.02,22.49,43.59,0.5458,1,-1,-1
2094,345,1849.78,262.55,13.91,26.83,0.3495,1,-1,-1
2094,355,944.36,222.10,11.78,22.07,0.3522,1,-1,-1
2094,357,69.63,455.26,25.25,44.74,0.5946,1,-1,-1
2094,339,1837.73,259.51,13.71,30.52,0.5039,1,-1,-1
2094,362,1216.78,179.65,9.31,17.97,0.1551,1,-1,-1
2094,359,1327.61,412.30,19.63,43.60,0.5851,1,-1,-1
2094,366,1874.27,205.28,11.54,22.78,0.3923,1,-1,-1
2094,356,99.93,453.71,26.92,43.90,0.5746,1,-1,-1
2094,368,137.03,533.38,35.66,52.94,0.2606,1,-1,-1
2094,255,133.54,535.08,28.56,54.80,0.5860,1,-1,-1
2095,254,869.71,389.90,18.66,39.26,0.6851,1,-1,-1
2095,316,1315.91,306.88,15.71,32.66,0.4932,1,-1,-1
2095,326,906.22,259.26,13.97,28.61,0.5746,1,-1,-1
2095,256,1073.32,453.10,22.79,43.89,0.5936,1,-1,-1
2095,345,1849.53,262.93,13.83,26.64,0.3513,1,-1,-1
2095,355,944.75,222.26,11.61,21.75,0.3739,1,-1,-1
2095,357,69.86,455.06,26.02,45.59,0.6243,1,-1,-1
2095,339,1837.81,259.44,13.79,30.71,0.4824,1,-1,-1
2095,362,1216.98,179.27,9.44,18.16,0.1505,1,-1,-1
2095,359,1327.52,413.10,20.14,43.36,0.5955,1,-1,-1
2095,366,1874.18,205.03,11.72,23.19,0.3923,1,-1,-1
2095,356,100.95,454.91,26.73,43.56,0.6105,1,-1,-1
2095,368,133.59,533.50,38.93,58.17,0.1895,1,-1,-1
2095,255,132.49,536.00,28.58,54.88,0.6522,1,-1,-1
2096,254,870.58,390.80,18.34,39.27,0.6868,1,-1,-1
2096,316,1316.10,307.35,15.60,32.44,0.4854,1,-1,-1
2096,326,906.31,259.36,13.93,28.52,0.5727,1,-1,-1
2096,256,1074.51,453.39,22.86,43.78,0.6114,1,-1,-1
2096,345,1849.37,263.01,13.95,26.99,0.3603,1,-1,-1
2096,355,944.82,222.14,11.62,21.76,0.3989,1,-1,-1
2096,357,71.08,454.93,27.00,46.18,0.6002,1,-1,-1
2096,339,1837.93,259.55,13.82,30.76,0.4639,1,-1,-1
2096,362,1217.22,179.24,9.54,18.25,0.1535,1,-1,-1
2096,359,1327.56,413.88,20.50,42.94,0.5351,1,-1,-1
2096,366,1874.11,205.37,11.77,23.23,0.3923,1,-1,-1
2096,356,101.44,454.94,27.07,44.23,0.6593,1,-1,-1
2096,255,131.46,536.48,30.06,57.95,0.7066,1,-1,-1
2097,254,871.46,391.35,18.08,39.46,0.7050,1,-1,-1
2097,316,1316.26,307.72,15.57,32.30,0.4698,1,-1,-1
2097,326,906.54,259.65,13.71,28.10,0.5784,1,-1,-1
2097,256,1075.03,453.49,23.12,44.22,0.5554,1,-1,-1
2097,345,1849.05,263.02,14.12,27.43,0.3730,1,-1,-1
2097,355,945.17,222.41,11.71,22.03,0.4678,1,-1,-1
2097,357,71.49,455.30,27.41,45.92,0.6169,1,-1,-1
2097,339,1838.06,259.80,13.84,30.77,0.4591,1,-1,-1
2097,362,1217.35,179.23,9.63,18.33,0.1566,1,-1,-1
2097,359,1326.79,414.05,21.20,43.10,0.4990,1,-1,-1
2097,366,1874.13,205.53,11.83,23.29,0.3933,1,-1,-1
2097,356,102.02,455.24,27.23,44.35,0.6252,1,-1,-1
2097,255,130.58,536.43,30.81,59.73,0.6697,1,-1,-1
2098,254,872.79,391.67,17.31,38.40,0.7098,1,-1,-1
2098,316,1316.28,308.20,15.54,32.10,0.4971,1,-1,-1
2098,326,906.76,259.96,13.53,27.73,0.5651,1,-1,-1
2098,256,1075.98,453.39,23.44,44.54,0.5794,1,-1,-1
2098,345,1848.92,263.14,14.22,27.78,0.3355,1,-1,-1
2098,355,945.51,222.71,11.68,22.11,0.4600,1,-1,-1
2098,357,72.10,455.87,28.17,46.19,0.5098,1,-1,-1
2098,339,1838.21,260.54,13.70,30.38,0.4301,1,-1,-1
2098,362,1217.19,179.33,9.68,18.37,0.1571,1,-1,-1
2098,359,1326.98,413.82,21.83,43.44,0.5908,1,-1,-1
2098,366,1874.21,205.59,11.85,23.27,0.3886,1,-1,-1
2098,356,102.37,454.98,27.40,44.75,0.5898,1,-1,-1
2098,255,129.71,536.13,31.71,61.67,0.6918,1,-1,-1
2099,254,874.13,391.97,17.37,39.10,0.7082,1,-1,-1
2099,316,1316.48,308.94,15.26,31.39,0.5049,1,-1,-1
2099,326,907.04,260.23,13.28,27.32,0.5708,1,-1,-1
2099,256,1076.61,453.67,23.53,44.42,0.5525,1,-1,-1
2099,345,1849.05,263.43,14.12,27.75,0.3208,1,-1,-1
2099,355,945.88,222.69,11.80,22.49,0.4659,1,-1,-1
2099,357,72.16,456.58,28.27,46.04,0.5020,1,-1,-1
2099,339,1838.39,262.10,13.16,29.14,0.4216,1,-1,-1
2099,362,1216.96,179.73,9.54,18.13,0.1525,1,-1,-1
2099,359,1327.53,414.39,22.13,43.62,0.5380,1,-1,-1
2099,366,1874.34,205.74,11.76,23.00,0.3812,1,-1,-1
2099,356,102.71,454.72,27.30,44.45,0.6197,1,-1,-1
2099,255,129.44,536.70,32.17,62.16,0.6558,1,-1,-1
2100,254,875.88,392.45,17.08,38.71,0.6935,1,-1,-1
2100,316,1316.53,309.34,15.14,31.00,0.4932,1,-1,-1
2100,326,907.23,260.60,13.01,26.81,0.5651,1,-1,-1
2100,256,1077.62,453.82,23.39,44.07,0.5554,1,-1,-1
2100,345,1849.27,263.70,13.96,27.68,0.3251,1,-1,-1
2100,355,946.44,222.68,11.83,22.53,0.4397,1,-1,-1
2100,357,73.47,456.97,28.95,46.37,0.4883,1,-1,-1
2100,339,1838.46,263.30,12.71,28.15,0.4187,1,-1,-1
2100,362,1216.99,179.95,9.38,17.86,0.1105,1,-1,-1
2100,359,1328.17,414.71,22.09,43.35,0.5332,1,-1,-1
2100,366,1874.34,205.91,11.73,22.84,0.3702,1,-1,-1
2100,356,102.96,455.25,27.05,43.70,0.5293,1,-1,-1
2100,255,128.63,537.28,31.93,61.20,0.6197,1,-1,-1
2100,368,130.72,536.59,37.44,58.21,0.5000,1,-1,-1
2101,254,877.27,392.76,17.15,38.93,0.7050,1,-1,-1
2101,316,1316.56,309.66,15.07,30.64,0.4815,1,-1,-1
2101,326,907.38,260.96,12.76,26.38,0.5689,1,-1,-1
2101,256,1078.60,454.14,22.93,43.20,0.5651,1,-1,-1
2101,345,1849.59,264.00,13.69,27.41,0.3311,1,-1,-1
2101,355,947.00,222.47,11.88,22.54,0.4436,1,-1,-1
2101,357,74.29,457.52,29.49,46.60,0.5010,1,-1,-1
2101,339,1838.57,263.98,12.40,27.49,0.4263,1,-1,-1
2101,362,1217.16,180.46,9.12,17.38,0.1019,1,-1,-1
2101,359,1329.14,414.55,22.18,43.29,0.5708,1,-1,-1
2101,366,1874.29,206.19,11.66,22.56,0.3748,1,-1,-1
2101,356,103.42,456.06,26.60,42.62,0.5341,1,-1,-1
2101,255,128.60,537.68,33.11,62.50,0.6215,1,-1,-1
2102,254,878.10,393.00,17.37,39.55,0.6834,1,-1,-1
2102,316,1316.53,309.96,15.05,30.30,0.4873,1,-1,-1
2102,326,907.40,261.09,12.71,26.30,0.5631,1,-1,-1
2102,256,1078.67,454.28,23.25,43.78,0.5708,1,-1,-1
2102,345,1850.03,264.44,13.30,26.98,0.3390,1,-1,-1
2102,355,947.44,222.12,12.09,22.78,0.4824,1,-1,-1
2102,357,75.74,457.87,29.78,46.69,0.5049,1,-1,-1
2102,339,1838.70,264.69,12.06,26.80,0.4359,1,-1,-1
2102,359,1329.66,413.27,22.72,44.27,0.5765,1,-1,-1
2102,366,1874.28,206.53,11.58,22.27,0.3831,1,-1,-1
2102,356,104.61,455.16,26.70,42.94,0.7050,1,-1,-1
2102,255,125.01,538.10,32.05,61.15,0.5458,1,-1,-1
2103,254,878.87,393.29,17.17,39.17,0.6325,1,-1,-1
2103,316,1316.35,310.01,15.20,30.31,0.4980,1,-1,-1
2103,326,907.42,261.17,12.78,26.49,0.5554,1,-1,-1
2103,256,1078.87,454.51,23.45,44.14,0.5574,1,-1,-1
2103,345,1850.16,264.51,13.11,26.92,0.3183,1,-1,-1
2103,355,947.66,221.95,12.15,22.70,0.4630,1,-1,-1
2103,357,76.97,458.23,29.27,45.57,0.5823,1,-1,-1
2103,339,1838.75,265.02,11.91,26.51,0.4263,1,-1,-1
2103,359,1329.57,412.88,22.91,44.69,0.5708,1,-1,-1
2103,366,1874.21,206.54,11.71,22.38,0.3775,1,-1,-1
2103,356,105.48,454.62,26.61,43.00,0.6951,1,-1,-1
2103,255,122.46,538.24,31.00,60.05,0.6160,1,-1,-1
2104,254,879.55,393.63,16.97,38.85,0.6234,1,-1,-1
2104,316,1316.02,309.72,15.56,30.79,0.5263,1,-1,-1
2104,326,907.50,261.21,12.74,26.49,0.5631,1,-1,-1
2104,256,1079.30,454.13,23.28,44.13,0.5088,1,-1,-1
2104,345,1850.10,264.24,13.09,27.14,0.3183,1,-1,-1
2104,355,947.94,221.84,12.13,22.43,0.4756,1,-1,-1
2104,357,77.77,458.25,28.85,44.74,0.5746,1,-1,-1
2104,339,1838.75,265.04,11.89,26.52,0.4282,1,-1,-1
2104,359,1329.90,413.65,22.51,43.82,0.5746,1,-1,-1
2104,366,1874.17,206.57,11.85,22.53,0.3812,1,-1,-1
2104,356,106.20,454.31,26.37,42.98,0.6851,1,-1,-1
2104,255,121.60,538.20,30.66,59.86,0.5525,1,-1,-1
2105,254,880.14,393.82,16.76,38.32,0.6379,1,-1,-1
2105,316,1315.99,309.29,15.83,31.13,0.5525,1,-1,-1
2105,326,907.58,261.36,12.67,26.38,0.5784,1,-1,-1
2105,256,1080.93,454.08,22.73,43.50,0.4484,1,-1,-1
2105,345,1850.00,263.94,13.12,27.34,0.3303,1,-1,-1
2105,355,947.96,221.74,12.20,22.29,0.4844,1,-1,-1
2105,357,78.18,457.65,29.02,45.03,0.6142,1,-1,-1
2105,339,1838.81,264.34,12.17,27.07,0.4292,1,-1,-1
2105,359,1329.99,414.31,22.02,42.95,0.5689,1,-1,-1
2105,366,1874.13,206.47,11.97,22.64,0.3693,1,-1,-1
2105,356,106.84,453.87,26.10,42.88,0.6715,1,-1,-1
2105,255,120.53,538.20,30.62,60.08,0.5842,1,-1,-1
2105,368,128.72,537.26,40.60,62.83,0.4504,1,-1,-1
2106,254,880.37,393.73,16.59,37.98,0.6575,1,-1,-1
2106,316,1315.58,308.64,16.18,31.61,0.5380,1,-1,-1
2106,326,907.65,261.57,12.57,26.28,0.5784,1,-1,-1
2106,256,1082.46,454.51,21.64,41.88,0.3486,1,-1,-1
2106,345,1850.15,264.41,12.84,26.98,0.3407,1,-1,-1
2106,355,948.49,222.25,12.26,21.97,0.3961,1,-1,-1
2106,357,77.94,456.28,30.06,46.83,0.5784,1,-1,-1
2106,339,1838.78,264.79,12.06,26.80,0.4330,1,-1,-1
2106,359,1329.96,414.02,22.07,43.32,0.5955,1,-1,-1
2106,366,1874.72,206.08,11.75,22.46,0.3831,1,-1,-1
2106,356,106.59,452.28,26.84,44.28,0.4121,1,-1,-1
2106,255,120.64,537.69,31.67,61.83,0.6270,1,-1,-1
2106,371,1336.76,413.69,19.59,44.30,0.4834,1,-1,-1
2106,368,125.58,537.16,42.32,64.22,0.5419,1,-1,-1
2107,254,880.98,393.93,16.30,37.45,0.6593,1,-1,-1
2107,316,1315.35,308.38,16.36,31.75,0.5400,1,-1,-1
2107,326,907.65,261.60,12.55,26.32,0.5860,1,-1,-1
2107,256,1081.63,454.25,21.16,41.33,0.2918,1,-1,-1
2107,345,1850.53,264.56,12.64,26.78,0.3531,1,-1,-1
2107,355,948.61,222.22,12.49,22.01,0.4177,1,-1,-1
2107,357,77.83,455.94,30.46,47.59,0.5651,1,-1,-1
2107,339,1838.77,264.98,11.97,26.59,0.4397,1,-1,-1
2107,359,1330.41,414.16,22.03,43.33,0.5746,1,-1,-1
2107,366,1875.14,205.98,11.46,22.13,0.3675,1,-1,-1
2107,356,107.66,452.78,26.52,43.18,0.2134,1,-1,-1
2107,371,1336.01,412.42,19.91,44.80,0.1285,1,-1,-1
2107,368,121.67,537.43,42.42,64.02,0.6505,1,-1,-1
2108,254,881.92,393.87,16.16,37.35,0.6593,1,-1,-1
2108,316,1315.33,308.24,16.47,31.79,0.5185,1,-1,-1
2108,326,907.71,261.68,12.51,26.32,0.5879,1,-1,-1
2108,256,1081.43,453.83,20.92,41.11,0.2234,1,-1,-1
2108,345,1850.75,264.52,12.57,26.86,0.3504,1,-1,-1
2108,355,948.88,222.36,12.49,21.66,0.4359,1,-1,-1
2108,357,77.96,455.83,30.62,48.04,0.6123,1,-1,-1
2108,339,1838.76,264.82,12.01,26.73,0.4244,1,-1,-1
2108,359,1330.84,414.78,21.83,42.48,0.5860,1,-1,-1
2108,366,1875.47,205.90,11.29,21.98,0.3549,1,-1,-1
2108,356,108.64,452.88,26.95,43.31,0.3416,1,-1,-1
2108,368,120.59,537.65,42.65,63.27,0.2838,1,-1,-1
2108,255,118.99,538.06,31.79,61.56,0.6575,1,-1,-1
2109,254,882.76,393.81,16.13,37.51,0.6628,1,-1,-1
2109,316,1315.53,308.28,16.40,31.49,0.4863,1,-1,-1
2109,326,907.73,261.73,12.52,26.43,0.5842,1,-1,-1
2109,256,1081.38,453.58,20.60,40.89,0.2436,1,-1,-1
2109,345,1850.48,264.98,12.42,26.70,0.3425,1,-1,-1
2109,355,949.23,222.34,12.58,21.50,0.4707,1,-1,-1
2109,357,78.38,455.63,30.29,47.86,0.6361,1,-1,-1
2109,339,1838.78,265.20,11.79,26.38,0.4111,1,-1,-1
2109,359,1331.21,415.27,21.96,42.08,0.5955,1,-1,-1
2109,366,1875.77,206.07,11.00,21.64,0.3558,1,-1,-1
2109,356,110.14,453.19,26.99,43.07,0.3849,1,-1,-1
2109,368,118.94,537.87,42.94,63.22,0.5195,1,-1,-1
2109,255,116.93,538.35,31.67,61.70,0.6451,1,-1,-1
2110,254,883.46,393.50,16.20,38.02,0.6817,1,-1,-1
2110,316,1315.56,308.37,16.40,31.32,0.4475,1,-1,-1
2110,326,907.76,261.73,12.56,26.57,0.5765,1,-1,-1
2110,256,1081.61,453.38,20.56,41.22,0.2644,1,-1,-1
2110,345,1850.61,265.25,12.22,26.49,0.3648,1,-1,-1
2110,355,949.57,222.32,12.66,21.44,0.4475,1,-1,-1
2110,357,79.07,455.54,29.66,47.24,0.5593,1,-1,-1
2110,339,1838.83,265.41,11.60,26.14,0.4321,1,-1,-1
2110,359,1331.45,415.86,22.06,41.65,0.5137,1,-1,-1
2110,366,1876.00,206.27,10.76,21.39,0.3594,1,-1,-1
2110,356,110.23,453.47,26.94,43.50,0.3803,1,-1,-1
2110,368,116.91,538.12,42.23,61.73,0.5137,1,-1,-1
2110,255,115.15,538.44,31.04,60.74,0.6105,1,-1,-1
2111,254,884.18,393.29,16.09,38.11,0.6645,1,-1,-1
2111,316,1315.55,308.52,16.43,31.23,0.4206,1,-1,-1
2111,326,907.81,261.71,12.57,26.65,0.5554,1,-1,-1
2111,256,1085.04,454.34,20.36,41.49,0.4824,1,-1,-1
2111,345,1850.67,265.42,12.15,26.53,0.3877,1,-1,-1
2111,355,949.83,222.31,12.83,21.58,0.4158,1,-1,-1
2111,357,80.35,456.39,28.33,45.67,0.4562,1,-1,-1
2111,339,1838.88,265.47,11.51,26.14,0.4504,1,-1,-1
2111,359,1331.14,415.85,22.01,41.67,0.4941,1,-1,-1
2111,366,1876.20,206.42,10.54,21.18,0.3504,1,-1,-1
2111,356,111.10,452.98,26.85,43.29,0.4026,1,-1,-1
2111,368,114.78,538.14,43.38,63.24,0.5137,1,-1,-1
2111,255,114.17,538.72,31.26,60.97,0.6049,1,-1,-1
2112,254,884.66,393.34,16.31,39.02,0.6663,1,-1,-1
2112,316,1315.13,308.30,16.78,31.61,0.3766,1,-1,-1
2112,326,907.71,261.46,12.65,26.85,0.5574,1,-1,-1
2112,256,1087.35,453.49,21.25,43.73,0.5341,1,-1,-1
2112,345,1850.96,265.38,11.99,26.36,0.4102,1,-1,-1
2112,355,949.74,222.35,13.35,22.36,0.3558,1,-1,-1
2112,357,81.08,456.67,27.69,45.06,0.4581,1,-1,-1
2112,339,1838.93,265.12,11.48,26.29,0.4639,1,-1,-1
2112,359,1331.12,415.39,22.56,42.42,0.5689,1,-1,-1
2112,366,1876.29,206.46,10.48,21.28,0.3831,1,-1,-1
2112,356,111.44,452.79,26.84,43.39,0.3711,1,-1,-1
2112,368,113.33,537.98,44.28,64.26,0.5506,1,-1,-1
2112,255,114.00,538.87,31.33,60.44,0.6123,1,-1,-1
2113,254,885.03,393.08,16.44,39.75,0.6817,1,-1,-1
2113,316,1315.44,308.44,16.79,31.49,0.4330,1,-1,-1
2113,326,907.58,261.19,12.74,27.09,0.5670,1,-1,-1
2113,256,1088.83,453.77,21.48,44.06,0.4863,1,-1,-1
2113,345,1851.22,265.62,11.90,26.34,0.4206,1,-1,-1
2113,355,949.71,222.35,13.57,22.78,0.4301,1,-1,-1
2113,357,81.70,456.54,27.59,45.27,0.3757,1,-1,-1
2113,339,1839.01,264.91,11.40,26.34,0.4922,1,-1,-1
2113,359,1331.75,416.10,22.63,41.95,0.4301,1,-1,-1
2113,366,1876.35,206.51,10.31,21.15,0.3942,1,-1,-1
2113,356,112.07,452.63,26.83,43.57,0.3748,1,-1,-1
2113,368,111.60,537.52,44.99,65.17,0.5195,1,-1,-1
2113,255,112.67,538.76,31.79,60.92,0.6160,1,-1,-1
2114,254,885.52,392.72,16.57,40.12,0.7017,1,-1,-1
2114,316,1315.59,308.62,16.78,31.31,0.4562,1,-1,-1
2114,326,907.44,261.10,12.84,27.33,0.5419,1,-1,-1
2114,256,1088.24,452.21,22.44,45.84,0.5234,1,-1,-1
2114,345,1851.65,265.67,11.70,26.10,0.4140,1,-1,-1
2114,355,949.78,222.22,13.65,23.06,0.4121,1,-1,-1
2114,357,82.70,456.73,27.35,45.04,0.2082,1,-1,-1
2114,339,1839.08,264.68,11.32,26.34,0.5224,1,-1,-1
2114,359,1334.00,415.69,23.67,42.86,0.2006,1,-1,-1
2114,366,1876.58,207.07,10.32,21.22,0.3979,1,-1,-1
2114,356,113.71,452.44,26.51,42.86,0.2751,1,-1,-1
2114,255,112.38,538.44,32.45,61.74,0.6234,1,-1,-1
2115,254,886.26,392.56,16.75,40.50,0.7082,1,-1,-1
2115,316,1315.62,308.75,16.86,31.31,0.4581,1,-1,-1
2115,326,907.43,261.12,12.83,27.29,0.5293,1,-1,-1
2115,256,1088.70,452.09,22.66,45.74,0.5631,1,-1,-1
2115,345,1851.69,265.39,11.77,26.46,0.3840,1,-1,-1
2115,355,950.05,222.10,13.38,22.72,0.3191,1,-1,-1
2115,357,82.69,457.41,26.79,44.09,0.2934,1,-1,-1
2115,339,1839.09,264.18,11.43,26.78,0.4990,1,-1,-1
2115,359,1336.16,415.98,23.77,42.42,0.2894,1,-1,-1
2115,366,1876.51,206.78,10.22,21.15,0.3970,1,-1,-1
2115,356,113.58,453.62,25.81,41.27,0.1901,2,-1,-1
2115,255,111.47,538.61,32.23,61.09,0.7162,1,-1,-1
2116,254,887.78,392.73,16.57,40.00,0.7130,1,-1,-1
2116,316,1315.86,309.02,16.78,31.09,0.4883,1,-1,-1
2116,326,907.52,261.15,12.78,27.14,0.5234,1,-1,-1
2116,256,1089.24,452.56,22.36,44.71,0.5448,1,-1,-1
2116,345,1851.81,265.18,11.78,26.64,0.3803,1,-1,-1
2116,355,950.16,221.81,13.34,22.83,0.3486,1,-1,-1
2116,357,82.44,457.08,27.06,44.62,0.2187,1,-1,-1
2116,339,1839.16,263.96,11.43,26.98,0.5059,1,-1,-1
2116,359,1337.44,415.51,24.23,42.90,0.3730,1,-1,-1
2116,366,1876.53,206.57,10.17,21.18,0.4102,1,-1,-1
2116,356,114.34,453.19,25.98,41.31,0.2088,2,-1,-1
2116,255,110.53,538.65,31.59,59.64,0.7178,1,-1,-1
2117,254,888.53,393.00,16.41,39.14,0.7138,1,-1,-1
2117,316,1316.02,309.22,16.80,31.03,0.5059,1,-1,-1
2117,326,907.54,261.18,12.73,27.00,0.5107,1,-1,-1
2117,256,1090.04,453.49,21.79,43.40,0.5254,1,-1,-1
2117,345,1851.92,264.79,11.72,26.63,0.3585,1,-1,-1
2117,355,950.12,221.83,13.42,23.19,0.3702,1,-1,-1
2117,357,82.42,456.72,27.31,45.26,0.1551,1,-1,-1
2117,339,1839.13,263.71,11.45,27.17,0.4854,1,-1,-1
2117,359,1338.68,415.26,24.57,43.61,0.4562,1,-1,-1
2117,366,1876.48,206.53,10.24,21.44,0.3979,1,-1,-1
2117,356,114.62,452.73,25.98,41.07,0.1889,2,-1,-1
2117,255,109.58,538.48,32.13,60.47,0.6800,1,-1,-1
2118,254,890.07,393.99,16.01,37.69,0.7042,1,-1,-1
2118,316,1316.09,309.23,16.94,31.30,0.5254,1,-1,-1
2118,326,907.50,261.20,12.77,27.03,0.5205,1,-1,-1
2118,256,1090.85,453.96,21.65,42.85,0.5341,1,-1,-1
2118,345,1851.69,264.20,11.89,27.12,0.3803,1,-1,-1
2118,355,950.23,221.80,13.43,23.40,0.3831,1,-1,-1
2118,357,82.45,456.25,27.19,45.26,0.1456,1,-1,-1
2118,339,1839.16,263.57,11.48,27.38,0.4873,1,-1,-1
2118,359,1339.52,415.09,24.58,43.71,0.5254,1,-1,-1
2118,366,1876.48,206.53,10.30,21.70,0.4121,1,-1,-1
2118,356,114.61,451.04,26.48,41.83,0.1418,2,-1,-1
2118,255,108.84,538.09,32.38,60.54,0.6361,1,-1,-1
2119,254,891.04,394.39,15.94,37.30,0.7042,1,-1,-1
2119,316,1316.13,309.24,17.06,31.60,0.5448,1,-1,-1
2119,326,907.49,261.05,12.85,27.19,0.5341,1,-1,-1
2119,256,1091.03,454.07,21.78,42.72,0.5936,1,-1,-1
2119,345,1851.31,263.57,12.08,27.56,0.3711,1,-1,-1
2119,355,950.11,221.67,14.11,24.87,0.3666,1,-1,-1
2119,357,83.08,456.22,27.27,45.18,0.2295,1,-1,-1
2119,339,1839.21,262.76,11.74,28.08,0.4815,1,-1,-1
2119,359,1340.29,414.48,24.39,43.48,0.5302,1,-1,-1
2119,366,1876.40,206.44,10.39,22.02,0.4216,1,-1,-1
2119,356,115.33,449.64,26.51,42.03,0.3082,1,-1,-1
2119,368,105.30,538.61,43.29,63.00,0.6415,1,-1,-1
2120,254,891.63,394.42,16.22,37.54,0.7025,1,-1,-1
2120,316,1316.40,309.27,17.04,31.65,0.5409,1,-1,-1
2120,326,907.41,260.92,12.97,27.39,0.5146,1,-1,-1
2120,256,1091.07,453.78,22.15,43.09,0.6030,1,-1,-1
2120,345,1851.22,263.20,12.14,27.73,0.3877,1,-1,-1
2120,355,950.47,221.55,14.14,25.09,0.3469,1,-1,-1
2120,357,84.18,456.82,27.20,44.99,0.1510,1,-1,-1
2120,339,1839.21,262.52,11.76,28.24,0.4834,1,-1,-1
2120,359,1342.07,413.71,24.71,44.68,0.5506,1,-1,-1
2120,366,1876.43,206.35,10.38,22.15,0.4378,1,-1,-1
2120,356,116.03,448.95,26.41,42.07,0.1913,1,-1,-1
2120,368,105.20,538.66,44.17,63.87,0.6645,1,-1,-1
2121,254,892.09,394.82,16.15,36.98,0.6860,1,-1,-1
2121,316,1316.58,309.33,17.08,31.58,0.5341,1,-1,-1
2121,326,907.34,260.85,13.17,27.92,0.5898,1,-1,-1
2121,256,1090.73,453.25,22.48,43.39,0.5727,1,-1,-1
2121,345,1850.95,263.32,12.12,27.60,0.3381,1,-1,-1
2121,355,950.93,221.82,13.48,24.00,0.3024,1,-1,-1
2121,357,86.55,461.62,24.38,39.78,0.1801,2,-1,-1
2121,339,1839.17,262.35,11.86,28.57,0.4417,1,-1,-1
2121,359,1344.25,413.66,23.90,44.11,0.5477,1,-1,-1
2121,366,1876.33,206.33,10.58,22.67,0.4149,1,-1,-1
2121,356,117.82,449.41,26.22,41.85,0.2689,2,-1,-1
2121,368,104.55,538.63,44.73,64.64,0.6851,1,-1,-1
2122,254,892.68,394.88,16.21,36.79,0.6968,1,-1,-1
2122,316,1316.70,309.33,17.08,31.40,0.5166,1,-1,-1
2122,326,907.32,260.81,13.20,28.12,0.5917,1,-1,-1
2122,256,1090.44,452.66,23.11,44.38,0.5574,1,-1,-1
2122,345,1850.80,263.30,12.14,27.58,0.3416,1,-1,-1
2122,355,951.00,221.95,13.27,23.87,0.3504,1,-1,-1
2122,357,86.78,460.44,25.72,42.16,0.2043,2,-1,-1
2122,339,1839.15,262.25,11.88,28.71,0.4436,1,-1,-1
2122,359,1345.32,413.43,23.42,44.07,0.5185,1,-1,-1
2122,366,1876.30,206.33,10.64,22.88,0.4187,1,-1,-1
2122,356,119.29,449.22,25.80,41.66,0.4678,1,-1,-1
2122,368,103.33,538.31,44.93,65.10,0.6697,1,-1,-1
2123,254,893.34,394.39,16.43,37.20,0.6935,1,-1,-1
2123,316,1316.69,309.25,17.15,31.36,0.5088,1,-1,-1
2123,326,907.38,260.84,13.15,28.13,0.5974,1,-1,-1
2123,256,1092.10,453.67,22.77,43.53,0.5302,1,-1,-1
2123,345,1851.01,263.67,11.96,27.07,0.3576,1,-1,-1
2123,355,951.06,221.88,12.94,23.56,0.4168,1,-1,-1
2123,357,86.30,458.65,26.84,44.30,0.2082,2,-1,-1
2123,339,1839.08,262.30,11.81,28.57,0.4863,1,-1,-1
2123,359,1345.87,412.79,23.26,44.49,0.5283,1,-1,-1
2123,366,1876.34,206.31,10.61,22.91,0.4330,1,-1,-1
2123,356,120.36,448.40,25.78,42.09,0.5078,1,-1,-1
2123,368,102.91,538.56,44.56,64.40,0.6800,1,-1,-1
2124,254,894.43,394.22,16.45,37.54,0.6851,1,-1,-1
2124,316,1316.82,309.41,17.06,31.04,0.4863,1,-1,-1
2124,326,907.48,260.92,13.02,27.94,0.5936,1,-1,-1
2124,256,1093.75,454.49,22.33,42.85,0.4990,1,-1,-1
2124,345,1850.89,263.90,11.97,26.90,0.3398,1,-1,-1
2124,355,951.28,221.74,12.68,23.29,0.3933,1,-1,-1
2124,357,86.28,459.85,25.84,42.61,0.1999,1,-1,-1
2124,339,1839.12,262.19,11.86,28.70,0.4766,1,-1,-1
2124,359,1347.62,412.87,22.51,44.02,0.5283,1,-1,-1
2124,366,1876.38,206.29,10.61,22.98,0.4045,1,-1,-1
2124,356,121.23,448.19,25.16,41.28,0.3803,1,-1,-1
2124,368,102.63,537.92,44.30,63.93,0.6800,1,-1,-1
2125,254,894.17,393.83,17.02,38.85,0.6575,1,-1,-1
2125,316,1316.99,309.55,16.94,30.71,0.4542,1,-1,-1
2125,326,907.57,261.03,12.83,27.60,0.5842,1,-1,-1
2125,256,1095.49,454.25,22.20,42.74,0.4359,1,-1,-1
2125,345,1850.65,264.00,12.14,27.07,0.3451,1,-1,-1
2125,355,951.56,221.65,12.30,22.72,0.3639,1,-1,-1
2125,357,85.20,461.04,27.14,45.38,0.2140,1,-1,-1
2125,339,1839.14,261.95,12.00,29.06,0.4795,1,-1,-1
2125,359,1348.62,413.05,21.76,43.44,0.5612,1,-1,-1
2125,366,1876.45,206.22,10.59,22.99,0.4036,1,-1,-1
2125,356,122.51,447.78,24.44,40.67,0.4630,1,-1,-1
2125,368,101.68,537.61,43.94,63.45,0.6379,1,-1,-1
2126,254,894.50,393.28,17.35,39.82,0.6663,1,-1,-1
2126,316,1317.21,309.29,17.01,30.73,0.4639,1,-1,-1
2126,326,907.68,261.16,12.63,27.19,0.5765,1,-1,-1
2126,256,1097.68,453.86,21.92,42.70,0.4756,1,-1,-1
2126,345,1850.64,264.18,12.27,27.15,0.3522,1,-1,-1
2126,355,952.04,221.72,12.04,22.34,0.3277,1,-1,-1
2126,357,85.50,464.41,26.53,44.93,0.2958,1,-1,-1
2126,339,1839.17,261.89,12.09,29.27,0.4824,1,-1,-1
2126,359,1348.22,412.85,21.93,44.19,0.5689,1,-1,-1
2126,366,1876.59,206.23,10.56,23.00,0.4121,1,-1,-1
2126,356,123.04,446.86,24.64,41.57,0.5215,1,-1,-1
2126,368,100.65,536.97,43.49,62.80,0.6379,1,-1,-1
2127,254,895.79,392.58,17.37,40.42,0.6783,1,-1,-1
2127,316,1317.30,308.56,17.39,31.27,0.4465,1,-1,-1
2127,326,907.78,261.25,12.45,26.78,0.5651,1,-1,-1
2127,256,1098.84,452.82,21.89,43.16,0.5612,1,-1,-1
2127,345,1850.55,264.19,12.45,27.41,0.3478,1,-1,-1
2127,355,952.61,221.54,11.88,22.07,0.3567,1,-1,-1
2127,357,86.12,463.57,26.29,44.92,0.3730,1,-1,-1
2127,339,1839.26,261.64,12.23,29.56,0.4620,1,-1,-1
2127,359,1347.88,412.70,22.15,44.62,0.5631,1,-1,-1
2127,366,1876.71,206.10,10.53,23.03,0.4083,1,-1,-1
2127,356,123.84,446.55,24.61,41.95,0.6370,1,-1,-1
2127,368,97.33,536.77,43.13,62.92,0.6343,1,-1,-1
2128,254,896.90,391.57,17.26,40.65,0.6749,1,-1,-1
2128,316,1317.61,307.85,17.80,31.88,0.3576,1,-1,-1
2128,326,907.84,261.19,12.41,26.66,0.5765,1,-1,-1
2128,256,1099.63,452.27,21.93,43.76,0.6433,1,-1,-1
2128,345,1851.40,263.57,12.66,27.96,0.3200,1,-1,-1
2128,355,953.07,221.36,11.57,21.54,0.3630,1,-1,-1
2128,357,86.59,459.54,26.96,46.52,0.2063,1,-1,-1
2128,339,1839.35,260.57,12.74,30.64,0.4340,1,-1,-1
2128,359,1347.85,412.25,22.26,44.80,0.5477,1,-1,-1
2128,366,1876.78,206.04,10.50,23.00,0.3840,1,-1,-1
2128,356,124.44,446.39,24.68,42.41,0.5351,1,-1,-1
2128,372,1019.72,171.06,10.40,22.26,0.4571,1,-1,-1
2128,255,98.48,535.72,28.23,52.10,0.5390,1,-1,-1
2129,254,898.57,390.16,17.16,40.69,0.6610,1,-1,-1
2129,316,1317.69,305.75,18.89,34.13,0.3648,1,-1,-1
2129,326,907.86,260.87,12.46,26.76,0.5746,1,-1,-1
2129,256,1100.36,451.24,21.97,44.24,0.5860,1,-1,-1
2129,345,1851.22,263.65,12.74,28.05,0.3425,1,-1,-1
2129,355,953.50,221.36,11.27,20.90,0.2870,1,-1,-1
2129,357,86.53,466.00,23.47,40.06,0.3040,1,-1,-1
2129,339,1839.34,260.36,12.78,30.71,0.4349,1,-1,-1
2129,359,1349.55,413.11,21.38,43.52,0.5137,1,-1,-1
2129,366,1876.91,205.54,10.48,22.99,0.4054,1,-1,-1
2129,356,124.49,444.24,26.22,45.39,0.6298,1,-1,-1
2129,372,1020.70,171.39,10.40,22.18,0.4426,1,-1,-1
2129,255,95.26,536.22,28.73,53.57,0.5746,1,-1,-1
2130,254,899.58,389.56,17.06,40.54,0.6766,1,-1,-1
2130,316,1317.89,304.49,19.01,34.72,0.4216,1,-1,-1
2130,326,907.86,260.50,12.43,26.65,0.5574,1,-1,-1
2130,256,1100.64,449.73,21.95,44.62,0.5302,1,-1,-1
2130,345,1851.30,263.16,12.70,27.89,0.3711,1,-1,-1
2130,355,953.76,220.95,11.20,20.68,0.3320,1,-1,-1
2130,357,85.65,467.94,22.59,38.06,0.4340,1,-1,-1
2130,339,1839.37,260.40,12.60,30.28,0.4513,1,-1,-1
2130,359,1352.35,412.14,20.19,41.83,0.5244,1,-1,-1
2130,366,1877.03,205.14,10.41,22.89,0.3951,1,-1,-1
2130,356,124.56,442.99,26.88,46.87,0.6243,1,-1,-1
2130,372,1021.11,171.42,11.02,23.44,0.4766,1,-1,-1
2130,255,92.90,535.13,30.22,57.32,0.6379,1,-1,-1
2131,254,900.52,388.35,17.50,41.49,0.6783,1,-1,-1
2131,316,1318.31,303.96,18.49,34.07,0.4494,1,-1,-1
2131,326,907.92,260.09,12.35,26.47,0.5535,1,-1,-1
2131,256,1101.24,448.78,21.70,44.43,0.5574,1,-1,-1
2131,345,1851.17,262.20,12.81,28.05,0.3702,1,-1,-1
2131,355,953.98,220.64,11.10,20.37,0.3016,1,-1,-1
2131,357,85.48,467.72,22.57,37.83,0.4854,1,-1,-1
2131,339,1839.45,260.09,12.55,30.19,0.4678,1,-1,-1
2131,359,1353.73,411.23,19.61,41.35,0.4893,1,-1,-1
2131,366,1877.22,204.91,10.27,22.61,0.4064,1,-1,-1
2131,356,124.91,442.43,26.39,46.36,0.6379,1,-1,-1
2131,372,1021.75,171.21,11.40,24.22,0.4746,1,-1,-1
2131,255,91.24,533.77,30.74,59.30,0.6415,1,-1,-1
2132,254,901.19,388.10,17.64,41.26,0.6487,1,-1,-1
2132,316,1318.45,303.53,18.18,33.55,0.5117,1,-1,-1
2132,326,907.70,259.03,12.62,27.02,0.5273,1,-1,-1
2132,256,1101.81,447.69,22.03,45.46,0.6151,1,-1,-1
2132,345,1851.13,262.15,12.77,27.83,0.3567,1,-1,-1
2132,355,954.05,219.84,11.26,20.56,0.2140,1,-1,-1
2132,357,85.69,467.46,22.57,37.61,0.4417,1,-1,-1
2132,339,1839.48,259.43,12.67,30.50,0.4883,1,-1,-1
2132,359,1353.42,409.93,20.12,42.79,0.5029,1,-1,-1
2132,366,1877.42,204.71,10.24,22.56,0.2814,1,-1,-1
2132,356,125.27,441.91,25.64,45.58,0.5737,1,-1,-1
2132,372,1022.31,170.94,11.48,24.37,0.4054,1,-1,-1
2132,255,90.58,531.83,30.37,58.90,0.6732,1,-1,-1
2133,254,901.70,387.91,17.34,39.80,0.6749,1,-1,-1
2133,316,1318.65,303.36,17.84,32.69,0.5273,1,-1,-1
2133,326,907.51,257.79,13.07,28.03,0.5322,1,-1,-1
2133,256,1102.63,446.94,21.93,45.22,0.6602,1,-1,-1
2133,345,1852.02,261.90,12.33,26.89,0.2705,1,-1,-1
2133,355,954.91,218.35,12.04,21.84,0.2759,1,-1,-1
2133,357,85.61,466.83,21.64,35.64,0.2056,1,-1,-1
2133,339,1839.73,259.41,12.34,29.72,0.3979,1,-1,-1
2133,359,1353.43,408.35,20.65,44.28,0.4961,1,-1,-1
2133,366,1877.52,204.04,10.18,22.44,0.2659,1,-1,-1
2133,356,126.45,441.57,24.74,44.14,0.4168,1,-1,-1
2133,372,1022.45,169.96,11.43,24.19,0.3320,1,-1,-1
2133,255,89.45,529.80,31.54,61.56,0.6697,1,-1,-1
2133,375,1342.46,409.68,19.56,40.74,0.4961,1,-1,-1
2134,254,903.40,386.93,16.92,38.75,0.6610,1,-1,-1
2134,316,1318.91,303.06,17.58,31.96,0.5429,1,-1,-1
2134,326,907.34,256.69,13.35,28.70,0.5059,1,-1,-1
2134,256,1103.30,445.93,22.03,45.17,0.5908,1,-1,-1
2134,345,1852.21,260.19,12.90,28.22,0.3065,1,-1,-1
2134,355,955.51,217.13,12.04,21.73,0.3495,1,-1,-1
2134,357,85.90,466.16,21.18,34.50,0.1566,1,-1,-1
2134,339,1839.86,258.27,12.60,30.24,0.3877,1,-1,-1
2134,359,1352.75,407.62,20.48,43.38,0.4465,1,-1,-1
2134,366,1877.53,203.46,10.33,22.73,0.2531,1,-1,-1
2134,356,127.06,441.24,23.88,42.81,0.2444,1,-1,-1
2134,372,1022.00,168.78,11.09,23.35,0.4102,1,-1,-1
2134,255,88.38,528.04,32.63,63.48,0.6316,1,-1,-1
2134,375,1344.90,409.06,19.36,40.12,0.4254,1,-1,-1
2135,254,904.19,385.40,16.99,38.96,0.6885,1,-1,-1
2135,316,1318.97,301.86,17.85,32.37,0.5156,1,-1,-1
2135,326,907.40,254.75,13.57,29.31,0.5215,1,-1,-1
2135,256,1104.32,444.01,22.00,45.04,0.5088,1,-1,-1
2135,345,1853.46,259.92,12.52,27.46,0.2902,1,-1,-1
2135,355,955.54,216.04,12.21,22.05,0.3549,1,-1,-1
2135,357,84.77,465.17,22.13,35.98,0.2288,1,-1,-1
2135,339,1840.33,258.21,12.31,29.35,0.3657,1,-1,-1
2135,359,1350.96,406.95,20.92,42.77,0.3979,1,-1,-1
2135,366,1877.69,203.23,10.23,22.39,0.3124,1,-1,-1
2135,356,127.41,439.26,24.53,44.90,0.5409,1,-1,-1
2135,372,1022.33,167.89,10.49,21.89,0.4073,1,-1,-1
2135,255,87.07,526.88,31.78,62.17,0.6215,1,-1,-1
2136,254,904.42,383.34,17.92,41.33,0.7066,1,-1,-1
2136,316,1318.82,300.57,18.05,32.42,0.4263,1,-1,-1
2136,326,907.78,254.41,13.25,28.78,0.5088,1,-1,-1
2136,256,1104.74,442.76,22.01,44.68,0.5224,1,-1,-1
2136,345,1854.24,260.85,11.72,25.46,0.2576,1,-1,-1
2136,355,956.01,215.77,12.02,21.66,0.3905,1,-1,-1
2136,357,84.85,464.86,22.33,36.17,0.2261,1,-1,-1
2136,339,1840.79,256.90,12.22,29.28,0.3225,1,-1,-1
2136,359,1348.85,405.59,22.69,44.97,0.4533,1,-1,-1
2136,366,1877.31,203.51,9.79,21.50,0.3260,1,-1,-1
2136,356,129.17,438.50,22.96,42.06,0.5535,1,-1,-1
2136,372,1022.29,167.27,10.27,21.37,0.4951,1,-1,-1
2136,255,86.23,525.37,32.38,62.70,0.6487,1,-1,-1
2137,254,905.20,381.51,18.25,42.54,0.6968,1,-1,-1
2137,316,1319.32,299.76,17.96,31.89,0.4073,1,-1,-1
2137,326,907.64,254.02,13.13,28.63,0.4620,1,-1,-1
2137,256,1104.56,440.37,21.90,44.15,0.5000,1,-1,-1
2137,345,1853.70,257.63,12.57,27.36,0.2775,1,-1,-1
2137,355,955.94,215.61,12.45,22.49,0.3711,1,-1,-1
2137,357,83.70,462.51,24.36,39.92,0.1784,1,-1,-1
2137,339,1841.04,256.17,12.07,28.95,0.2458,1,-1,-1
2137,359,1348.40,404.19,24.11,46.95,0.4805,1,-1,-1
2137,366,1877.65,202.62,9.63,21.11,0.2910,1,-1,-1
2137,356,130.70,438.68,21.58,39.61,0.2050,1,-1,-1
2137,372,1022.57,166.80,10.16,21.15,0.4301,1,-1,-1
2137,255,84.44,524.07,31.47,60.62,0.6451,1,-1,-1
2138,254,906.43,379.83,18.13,42.91,0.7146,1,-1,-1
2138,316,1319.92,298.77,17.80,31.31,0.4282,1,-1,-1
2138,326,907.85,253.65,12.75,27.75,0.2854,1,-1,-1
2138,256,1104.97,437.23,23.54,47.60,0.5516,1,-1,-1
2138,345,1853.19,256.59,12.54,26.86,0.2095,1,-1,-1
2138,355,956.02,215.10,12.62,22.87,0.4263,1,-1,-1
2138,357,83.27,460.40,24.63,40.85,0.3217,1,-1,-1
2138,339,1841.37,256.29,11.58,27.66,0.1919,1,-1,-1
2138,359,1349.19,402.40,24.09,46.01,0.5860,1,-1,-1
2138,366,1877.13,201.91,10.11,22.26,0.3558,1,-1,-1
2138,356,131.62,434.15,22.51,41.72,0.4756,1,-1,-1
2138,372,1022.85,166.41,9.97,20.76,0.3951,1,-1,-1
2138,255,83.87,523.25,30.77,58.34,0.5746,1,-1,-1
2139,254,907.47,377.39,17.83,42.82,0.6868,1,-1,-1
2139,316,1320.49,298.45,17.54,30.48,0.4659,1,-1,-1
2139,326,907.89,252.90,12.69,27.51,0.4102,1,-1,-1
2139,256,1104.94,436.02,23.31,46.97,0.6160,1,-1,-1
2139,345,1853.44,254.90,12.87,27.71,0.2524,1,-1,-1
2139,355,955.91,214.33,12.70,23.19,0.4111,1,-1,-1
2139,357,81.85,457.46,25.37,42.06,0.4513,1,-1,-1
2139,339,1841.69,256.42,11.42,27.18,0.1629,1,-1,-1
2139,359,1354.74,400.28,22.98,45.04,0.4971,1,-1,-1
2139,366,1877.09,201.42,10.26,22.82,0.4649,1,-1,-1
2139,356,131.52,430.79,23.00,42.91,0.6252,1,-1,-1
2139,372,1023.23,166.12,9.96,20.74,0.3905,1,-1,-1
2139,255,81.89,520.78,31.38,58.78,0.6049,1,-1,-1
2139,376,101.43,436.16,19.70,40.40,0.5746,1,-1,-1
2139,375,1349.79,401.60,20.55,42.62,0.5746,1,-1,-1
2140,254,907.95,375.47,17.65,43.12,0.6984,1,-1,-1
2140,316,1320.67,297.67,17.67,30.40,0.5215,1,-1,-1
2140,326,908.11,252.11,12.75,27.48,0.4854,1,-1,-1
2140,256,1106.08,434.60,22.51,45.00,0.6058,1,-1,-1
2140,345,1853.85,254.52,12.56,26.98,0.2736,1,-1,-1
2140,355,956.11,213.35,12.52,22.97,0.3585,1,-1,-1
2140,357,80.73,454.89,26.45,44.26,0.5506,1,-1,-1
2140,339,1841.93,256.22,11.18,26.42,0.2288,1,-1,-1
2140,359,1358.26,398.35,21.72,43.77,0.5448,1,-1,-1
2140,366,1877.65,201.14,9.81,21.69,0.3989,1,-1,-1
2140,356,131.77,429.46,22.51,42.17,0.5879,1,-1,-1
2140,372,1023.56,165.34,10.15,21.07,0.3942,1,-1,-1
2140,255,85.09,517.95,30.19,55.91,0.5506,1,-1,-1
2140,376,101.41,434.00,20.32,41.68,0.6680,1,-1,-1
2140,375,1350.38,399.82,20.08,41.83,0.5254,1,-1,-1
2141,254,908.57,374.03,17.29,42.94,0.6766,1,-1,-1
2141,316,1321.73,294.34,18.55,32.33,0.4475,1,-1,-1
2141,326,907.96,250.99,12.84,27.66,0.5263,1,-1,-1
2141,256,1105.83,431.00,23.26,46.70,0.4610,1,-1,-1
2141,345,1855.01,255.80,11.72,24.98,0.3398,1,-1,-1
2141,355,956.00,211.94,12.85,23.71,0.4235,1,-1,-1
2141,357,80.68,453.03,25.96,43.68,0.2553,1,-1,-1
2141,339,1841.94,254.85,11.31,26.62,0.2451,1,-1,-1
2141,359,1359.95,395.76,21.49,44.57,0.5020,1,-1,-1
2141,366,1877.84,200.35,9.64,21.26,0.4036,1,-1,-1
2141,356,131.47,426.06,22.70,42.94,0.5670,1,-1,-1
2141,372,1023.72,164.97,10.18,21.06,0.3567,1,-1,-1
2141,255,84.44,515.48,30.53,56.37,0.4581,1,-1,-1
2141,376,100.93,431.67,21.26,43.70,0.5506,1,-1,-1
2141,375,1351.26,396.90,20.94,43.64,0.4649,1,-1,-1
2141,377,76.08,516.00,28.15,60.13,0.5842,1,-1,-1
2142,254,909.74,371.70,16.92,42.62,0.7178,1,-1,-1
2142,316,1320.95,292.40,19.08,33.30,0.5137,1,-1,-1
2142,326,907.85,249.94,12.93,27.80,0.5506,1,-1,-1
2142,256,1107.23,428.87,22.34,44.97,0.4562,1,-1,-1
2142,345,1855.35,254.97,11.89,25.24,0.2713,1,-1,-1
2142,355,956.30,210.91,12.65,23.49,0.4045,1,-1,-1
2142,357,79.80,452.42,26.91,45.43,0.2516,1,-1,-1
2142,339,1841.93,252.47,11.91,27.89,0.2659,1,-1,-1
2142,359,1361.77,393.86,20.61,43.95,0.5146,1,-1,-1
2142,366,1878.04,199.91,9.48,20.80,0.3346,1,-1,-1
2142,356,131.96,424.09,22.20,42.15,0.6451,1,-1,-1
2142,372,1023.76,164.60,10.45,21.65,0.4417,1,-1,-1
2142,255,80.91,512.61,32.81,59.08,0.5263,1,-1,-1
2142,376,100.58,428.96,20.75,42.58,0.6361,1,-1,-1
2142,375,1351.26,394.68,20.45,43.18,0.4971,1,-1,-1
2142,377,75.68,513.89,28.79,61.39,0.6558,1,-1,-1
2143,254,910.49,369.71,16.41,41.61,0.7272,1,-1,-1
2143,316,1321.15,291.51,18.60,32.40,0.5784,1,-1,-1
2143,326,907.67,249.17,12.91,27.64,0.5400,1,-1,-1
2143,256,1108.78,427.42,22.03,44.32,0.5879,1,-1,-1
2143,345,1853.61,250.92,13.67,28.55,0.2351,1,-1,-1
2143,355,956.60,210.20,12.82,24.12,0.4359,1,-1,-1
2143,357,78.83,449.59,26.69,44.88,0.2494,1,-1,-1
2143,339,1842.08,250.70,12.50,29.00,0.1733,1,-1,-1
2143,359,1362.60,391.20,20.37,44.54,0.5727,1,-1,-1
2143,366,1878.21,198.96,9.42,20.47,0.1761,1,-1,-1
2143,356,131.64,421.94,22.36,42.75,0.4766,1,-1,-1
2143,372,1024.11,164.33,10.34,21.40,0.3603,1,-1,-1
2143,255,78.18,510.19,34.57,60.67,0.3049,1,-1,-1
2143,376,101.72,427.09,20.12,41.19,0.6234,1,-1,-1
2143,375,1351.25,392.81,19.88,42.37,0.5784,1,-1,-1
2143,377,74.01,511.82,29.08,61.88,0.6415,1,-1,-1
2144,254,911.87,368.32,15.89,40.58,0.7394,1,-1,-1
2144,316,1321.90,290.88,18.28,31.71,0.5631,1,-1,-1
2144,326,907.81,248.03,12.86,27.45,0.4893,1,-1,-1
2144,256,1109.59,424.63,22.35,45.27,0.6558,1,-1,-1
2144,345,1854.84,251.07,13.08,27.09,0.4340,1,-1,-1
2144,355,956.46,209.44,13.05,24.89,0.4902,1,-1,-1
2144,357,79.85,446.91,24.90,41.56,0.1974,1,-1,-1
2144,339,1843.41,250.17,12.45,28.58,0.4805,1,-1,-1
2144,359,1363.25,388.99,20.07,44.95,0.4581,1,-1,-1
2144,366,1878.20,197.82,9.74,20.96,0.4235,1,-1,-1
2144,356,130.91,418.77,22.71,43.88,0.3630,1,-1,-1
2144,372,1024.44,163.91,10.08,20.75,0.3363,1,-1,-1
2144,255,77.82,507.61,33.68,58.29,0.1101,1,-1,-1
2144,376,102.07,424.29,19.83,40.58,0.7098,1,-1,-1
2144,375,1352.22,390.40,20.26,43.96,0.3858,1,-1,-1
2144,377,74.13,508.16,29.06,61.29,0.6397,1,-1,-1
2145,254,912.46,365.82,16.20,41.41,0.7114,1,-1,-1
2145,316,1322.17,288.92,19.02,33.04,0.5361,1,-1,-1
2145,326,907.82,246.87,12.97,27.70,0.5039,1,-1,-1
2145,256,1110.92,422.46,21.65,44.06,0.6215,1,-1,-1
2145,345,1855.66,249.58,13.15,27.11,0.4571,1,-1,-1
2145,355,956.68,208.87,12.75,24.58,0.4282,1,-1,-1
2145,357,79.51,445.50,25.35,42.34,0.5804,1,-1,-1
2145,339,1843.78,248.00,12.89,29.43,0.4591,1,-1,-1
2145,359,1363.99,386.53,19.44,44.28,0.5860,1,-1,-1
2145,366,1877.78,196.72,10.15,21.64,0.3858,1,-1,-1
2145,356,131.29,416.82,22.75,43.92,0.5341,1,-1,-1
2145,372,1025.05,164.05,10.05,20.63,0.1490,1,-1,-1
2145,255,75.10,505.47,34.43,57.94,0.6740,1,-1,-1
2145,376,102.33,422.24,19.81,40.65,0.7409,1,-1,-1
2145,375,1352.19,389.47,19.52,42.65,0.5746,1,-1,-1
2146,254,912.81,363.76,16.49,41.68,0.6910,1,-1,-1
2146,316,1322.32,287.46,19.13,33.46,0.5137,1,-1,-1
2146,326,908.41,245.27,12.73,27.23,0.5059,1,-1,-1
2146,256,1112.14,420.49,21.32,43.77,0.5302,1,-1,-1
2146,345,1855.30,244.10,14.71,30.72,0.5156,1,-1,-1
2146,355,956.67,207.18,13.11,25.72,0.3766,1,-1,-1
2146,357,77.58,443.91,26.37,43.84,0.5195,1,-1,-1
2146,339,1843.64,245.77,13.12,29.84,0.4902,1,-1,-1
2146,359,1364.09,384.66,19.36,44.42,0.5215,1,-1,-1
2146,366,1877.75,195.00,10.42,22.01,0.3720,1,-1,-1
2146,356,133.02,414.86,22.90,43.81,0.2444,1,-1,-1
2146,372,1025.44,163.30,10.37,21.27,0.1023,1,-1,-1
2146,255,72.25,501.85,36.34,59.88,0.7476,1,-1,-1
2146,376,102.04,418.36,20.67,42.62,0.5974,1,-1,-1
2146,375,1354.05,386.25,19.85,43.52,0.3711,1,-1,-1
2147,254,913.96,362.49,16.75,42.12,0.6918,1,-1,-1
2147,316,1322.81,285.96,19.13,33.67,0.5273,1,-1,-1
2147,326,908.45,243.91,12.72,27.37,0.4026,1,-1,-1
2147,256,1112.62,417.32,21.54,44.50,0.6011,1,-1,-1
2147,345,1855.43,243.46,14.38,30.26,0.5283,1,-1,-1
2147,355,957.33,205.39,12.67,25.00,0.3049,1,-1,-1
2147,357,76.19,441.52,25.73,41.87,0.3425,1,-1,-1
2147,339,1843.83,244.52,12.98,29.44,0.4912,1,-1,-1
2147,359,1365.96,383.46,18.32,42.50,0.5660,1,-1,-1
2147,366,1877.86,194.09,10.42,21.76,0.3268,1,-1,-1
2147,356,132.47,411.35,23.68,45.24,0.2444,1,-1,-1
2147,372,1025.53,162.03,10.79,22.21,0.1495,1,-1,-1
2147,255,66.60,498.64,36.96,61.16,0.6270,1,-1,-1
2147,376,101.59,415.50,21.06,43.43,0.6522,1,-1,-1
2147,375,1353.74,384.69,19.43,43.11,0.5554,1,-1,-1
2148,254,914.61,360.98,16.68,41.77,0.6860,1,-1,-1
2148,316,1324.26,284.20,18.30,32.59,0.4717,1,-1,-1
2148,326,908.24,241.90,13.06,28.12,0.4484,1,-1,-1
2148,256,1113.62,415.29,21.25,44.45,0.5448,1,-1,-1
2148,345,1855.81,243.01,14.05,29.78,0.5117,1,-1,-1
2148,355,958.39,203.48,12.70,24.88,0.3803,1,-1,-1
2148,339,1843.89,242.89,13.21,29.95,0.4776,1,-1,-1
2148,359,1366.46,379.75,18.78,43.92,0.5946,1,-1,-1
2148,366,1878.07,193.00,10.50,21.72,0.2606,1,-1,-1
2148,356,132.26,408.87,23.55,45.19,0.1830,1,-1,-1
2148,372,1025.66,161.22,11.00,22.64,0.1148,1,-1,-1
2148,255,64.07,495.96,35.36,58.41,0.6885,1,-1,-1
2148,376,101.84,414.72,20.03,40.99,0.5804,1,-1,-1
2148,375,1352.77,382.43,20.25,45.57,0.4649,1,-1,-1
2149,254,915.30,359.62,16.34,41.19,0.6993,1,-1,-1
2149,316,1323.67,281.06,18.95,33.94,0.4659,1,-1,-1
2149,326,908.20,240.51,13.15,28.22,0.4494,1,-1,-1
2149,256,1114.44,412.29,21.53,45.65,0.5419,1,-1,-1
2149,345,1856.51,242.59,13.42,28.50,0.4649,1,-1,-1
2149,355,958.79,201.98,13.18,25.62,0.3868,1,-1,-1
2149,339,1843.94,239.98,13.83,31.44,0.4727,1,-1,-1
2149,359,1367.58,377.45,18.95,44.65,0.5974,1,-1,-1
2149,366,1879.11,191.88,10.58,21.96,0.1744,1,-1,-1
2149,372,1025.75,160.51,11.23,23.14,0.1238,1,-1,-1
2149,255,61.79,493.11,36.12,59.77,0.7379,1,-1,-1
2149,376,101.78,412.61,20.25,41.13,0.5448,1,-1,-1
2149,375,1351.91,381.37,19.79,45.01,0.2553,1,-1,-1
2150,254,915.82,358.10,16.26,40.98,0.7058,1,-1,-1
2150,316,1323.41,279.00,19.10,34.49,0.6030,1,-1,-1
2150,326,908.20,239.22,13.22,28.38,0.6049,1,-1,-1
2150,256,1115.02,409.69,21.44,45.97,0.5312,1,-1,-1
2150,345,1856.76,242.52,12.77,27.13,0.4932,1,-1,-1
2150,355,958.32,201.49,13.06,25.59,0.5000,1,-1,-1
2150,339,1844.02,237.80,14.15,32.47,0.5137,1,-1,-1
2150,359,1368.11,375.71,18.69,44.04,0.5583,1,-1,-1
2150,366,1879.85,191.07,10.07,20.87,0.1037,1,-1,-1
2150,255,58.51,490.83,36.83,61.51,0.6558,1,-1,-1
2150,376,101.86,410.23,20.75,41.96,0.6151,1,-1,-1
2150,375,1355.23,378.34,18.87,43.00,0.5039,1,-1,-1
2151,254,916.64,354.90,16.86,42.03,0.7130,1,-1,-1
2151,316,1323.68,278.05,18.61,33.69,0.5574,1,-1,-1
2151,326,908.10,238.07,13.02,28.03,0.5477,1,-1,-1
2151,256,1117.12,407.87,21.06,45.78,0.5039,1,-1,-1
2151,345,1855.94,238.13,14.02,30.10,0.5020,1,-1,-1
2151,355,958.21,201.38,12.90,25.17,0.4756,1,-1,-1
2151,339,1845.01,232.34,15.91,36.52,0.5332,1,-1,-1
2151,359,1369.61,373.84,18.37,43.56,0.5020,1,-1,-1
2151,366,1879.77,190.70,10.05,20.66,0.2408,1,-1,-1
2151,255,56.27,487.74,37.85,63.64,0.7162,1,-1,-1
2151,376,101.86,406.34,21.49,43.47,0.5603,1,-1,-1
2151,375,1355.59,376.41,18.72,42.36,0.3775,1,-1,-1
2151,356,136.07,402.78,23.94,44.87,0.5049,1,-1,-1
2152,254,917.68,352.87,16.91,42.02,0.7154,1,-1,-1
2152,316,1324.34,276.85,18.54,33.61,0.4941,1,-1,-1
2152,326,908.09,237.28,12.86,27.63,0.5273,1,-1,-1
2152,256,1116.41,405.57,20.75,44.99,0.5351,1,-1,-1
2152,345,1855.78,236.73,14.42,30.85,0.2814,1,-1,-1
2152,355,958.47,200.34,12.27,23.71,0.4017,1,-1,-1
2152,339,1845.58,227.90,17.28,39.55,0.4282,1,-1,-1
2152,359,1371.19,372.23,18.04,42.94,0.5010,1,-1,-1
2152,366,1879.91,189.39,10.12,20.71,0.1987,1,-1,-1
2152,255,55.18,485.05,38.05,63.77,0.5496,1,-1,-1
2152,376,101.99,403.45,21.88,44.04,0.5254,1,-1,-1
2152,375,1358.34,373.39,19.20,42.23,0.2524,1,-1,-1
2152,356,136.54,400.30,24.32,44.84,0.4951,1,-1,-1
2153,254,919.05,350.41,16.58,40.97,0.7225,1,-1,-1
2153,316,1325.28,275.28,18.61,34.25,0.3989,1,-1,-1
2153,326,908.18,236.02,12.84,27.41,0.5156,1,-1,-1
2153,256,1116.44,403.68,20.29,43.64,0.5784,1,-1,-1
2153,345,1856.74,237.08,13.89,29.55,0.4349,1,-1,-1
2153,355,958.79,198.83,12.62,24.18,0.4971,1,-1,-1
2153,339,1844.94,225.94,17.75,40.82,0.4990,1,-1,-1
2153,359,1372.59,370.31,17.40,41.64,0.5993,1,-1,-1
2153,366,1879.85,187.79,10.53,21.54,0.3407,1,-1,-1
2153,255,53.42,482.09,37.51,63.03,0.6160,1,-1,-1
2153,376,102.09,401.20,21.91,43.89,0.5254,1,-1,-1
2153,375,1360.99,370.52,19.00,41.59,0.5765,1,-1,-1
2153,356,135.42,395.94,24.54,45.35,0.3040,1,-1,-1
2154,254,920.67,347.55,16.23,39.79,0.6732,1,-1,-1
2154,316,1326.02,273.19,18.16,33.81,0.4591,1,-1,-1
2154,326,908.37,234.75,12.80,27.19,0.3630,1,-1,-1
2154,256,1117.96,400.67,20.74,44.79,0.5746,1,-1,-1
2154,345,1857.53,237.29,13.68,28.91,0.3234,1,-1,-1
2154,355,958.54,198.10,12.70,24.55,0.4980,1,-1,-1
2154,339,1844.91,223.77,18.13,41.83,0.5156,1,-1,-1
2154,359,1373.70,367.06,17.82,43.06,0.6123,1,-1,-1
2154,366,1880.20,187.10,10.63,21.79,0.2918,1,-1,-1
2154,255,52.16,479.36,38.02,63.54,0.6142,1,-1,-1
2154,376,102.97,399.50,21.30,42.62,0.5823,1,-1,-1
2154,375,1362.53,367.81,19.36,42.33,0.5117,1,-1,-1
2154,356,135.47,394.60,24.30,44.41,0.2458,1,-1,-1
2155,254,921.65,345.86,15.76,38.44,0.7241,1,-1,-1
2155,316,1326.52,272.05,17.28,32.37,0.5049,1,-1,-1
2155,326,909.07,232.82,12.87,27.45,0.4776,1,-1,-1
2155,256,1118.12,398.04,20.74,44.48,0.5746,1,-1,-1
2155,345,1858.34,236.08,13.61,28.43,0.4064,1,-1,-1
2155,355,958.74,197.42,12.82,25.09,0.5078,1,-1,-1
2155,339,1845.01,222.60,17.64,41.34,0.5098,1,-1,-1
2155,359,1374.78,364.86,17.93,43.95,0.6522,1,-1,-1
2155,366,1881.17,186.45,10.48,21.80,0.3630,1,-1,-1
2155,255,50.08,476.99,38.00,63.24,0.5879,1,-1,-1
2155,376,103.33,396.98,21.05,41.92,0.6593,1,-1,-1
2155,375,1362.48,366.49,19.26,42.06,0.5496,1,-1,-1
2155,356,135.23,391.87,24.29,44.13,0.4446,1,-1,-1
2156,254,922.40,343.66,15.88,38.88,0.7066,1,-1,-1
2156,316,1326.63,269.69,17.78,33.53,0.5593,1,-1,-1
2156,326,909.06,231.08,12.78,27.49,0.4388,1,-1,-1
2156,256,1120.76,396.22,20.69,44.19,0.5438,1,-1,-1
2156,345,1859.04,234.53,13.55,28.10,0.4017,1,-1,-1
2156,355,959.77,196.42,12.09,23.63,0.5000,1,-1,-1
2156,339,1845.40,222.99,16.48,39.07,0.4834,1,-1,-1
2156,359,1375.42,362.41,17.84,44.08,0.6197,1,-1,-1
2156,366,1882.16,186.09,10.10,21.19,0.3007,1,-1,-1
2156,255,46.58,475.42,36.70,61.93,0.6179,1,-1,-1
2156,376,103.88,393.34,21.24,42.54,0.7162,1,-1,-1
2156,375,1363.89,365.09,18.39,40.22,0.5525,1,-1,-1
2156,356,134.14,387.01,24.87,45.72,0.5263,1,-1,-1
2157,254,923.85,340.91,16.00,39.10,0.6851,1,-1,-1
2157,316,1326.19,266.97,18.35,34.68,0.5098,1,-1,-1
2157,326,909.26,229.71,12.69,27.38,0.5107,1,-1,-1
2157,256,1122.23,393.64,20.75,43.78,0.5068,1,-1,-1
2157,345,1859.33,232.79,13.53,27.87,0.1925,1,-1,-1
2157,355,961.08,194.61,11.82,22.86,0.4854,1,-1,-1
2157,339,1846.55,226.09,14.46,34.48,0.1694,1,-1,-1
2157,359,1376.58,360.18,17.55,43.14,0.5293,1,-1,-1
2157,366,1882.63,185.01,10.25,21.63,0.1656,1,-1,-1
2157,255,45.55,472.28,36.45,62.23,0.5612,1,-1,-1
2157,376,103.65,389.27,22.11,44.54,0.6680,1,-1,-1
2157,375,1366.12,361.65,18.68,40.11,0.5293,1,-1,-1
2157,356,134.76,383.72,23.32,42.93,0.4620,1,-1,-1
2158,254,924.99,338.74,16.22,39.77,0.7050,1,-1,-1
2158,316,1326.40,265.63,18.26,34.26,0.5727,1,-1,-1
2158,326,909.21,228.33,12.72,27.55,0.4834,1,-1,-1
2158,256,1123.36,390.48,21.66,44.86,0.6343,1,-1,-1
2158,345,1859.49,230.54,13.66,27.92,0.1456,1,-1,-1
2158,355,961.48,192.71,12.03,23.04,0.4054,1,-1,-1
2158,339,1848.21,226.47,13.56,32.29,0.1272,1,-1,-1
2158,359,1378.20,357.71,17.39,42.69,0.6179,1,-1,-1
2158,366,1883.46,183.45,10.20,21.46,0.2140,1,-1,-1
2158,255,42.32,469.84,33.71,58.97,0.5879,1,-1,-1
2158,376,104.15,387.50,21.13,42.46,0.5708,1,-1,-1
2158,375,1365.74,359.10,18.82,40.34,0.4639,1,-1,-1
2158,356,135.36,382.52,23.10,42.68,0.5804,1,-1,-1
2159,254,926.20,336.00,16.44,40.19,0.6522,1,-1,-1
2159,316,1326.86,264.49,18.26,34.17,0.5917,1,-1,-1
2159,326,909.17,227.16,12.78,27.74,0.4766,1,-1,-1
2159,256,1123.87,388.10,22.01,44.68,0.5898,1,-1,-1
2159,345,1858.75,228.68,14.23,28.61,0.2408,1,-1,-1
2159,355,961.65,191.06,12.68,24.29,0.3684,1,-1,-1
2159,339,1850.15,226.55,13.33,31.22,0.2386,1,-1,-1
2159,359,1379.45,354.71,17.53,43.07,0.5974,1,-1,-1
2159,366,1883.94,182.61,9.99,20.95,0.1938,1,-1,-1
2159,255,41.96,466.53,34.74,61.05,0.5784,1,-1,-1
2159,376,105.07,385.41,20.19,40.45,0.6325,1,-1,-1
2159,375,1367.00,356.81,18.49,39.90,0.3140,1,-1,-1
2159,356,135.88,380.14,23.63,43.79,0.1865,1,-1,-1
2160,254,927.02,334.47,15.96,39.28,0.6575,1,-1,-1
2160,316,1327.68,263.26,18.19,33.99,0.5107,1,-1,-1
2160,326,909.36,226.12,12.54,27.24,0.3294,1,-1,-1
2160,256,1124.04,385.38,22.46,44.97,0.6352,1,-1,-1
2160,345,1859.16,227.73,14.17,27.99,0.1854,1,-1,-1
2160,355,961.86,189.97,13.16,25.47,0.4951,1,-1,-1
2160,339,1850.96,225.72,12.85,29.96,0.1515,1,-1,-1
2160,359,1380.35,351.54,17.80,43.61,0.5593,1,-1,-1
2160,255,40.37,462.88,35.30,62.61,0.5917,1,-1,-1
2160,376,104.52,380.41,21.46,43.12,0.5765,1,-1,-1
2160,375,1368.31,353.71,18.69,41.09,0.4330,1,-1,-1
2160,356,135.74,373.72,23.59,44.34,0.3337,1,-1,-1
2161,254,927.62,331.69,16.23,40.15,0.5936,1,-1,-1
2161,316,1328.58,261.56,17.94,33.61,0.4922,1,-1,-1
2161,326,909.75,224.97,12.34,26.54,0.2878,1,-1,-1
2161,256,1124.23,383.02,23.05,45.34,0.5622,1,-1,-1
2161,355,962.39,188.93,13.04,25.46,0.4912,1,-1,-1
2161,359,1379.98,349.98,18.09,43.47,0.4426,1,-1,-1
2161,255,39.53,458.77,36.14,64.38,0.5117,1,-1,-1
2161,376,105.03,378.56,21.37,42.95,0.5879,1,-1,-1
2161,375,1369.71,351.82,18.37,41.04,0.4465,1,-1,-1
2161,356,134.52,369.02,24.39,45.87,0.1180,1,-1,-1
2162,254,928.37,329.01,16.46,40.58,0.6817,1,-1,-1
2162,316,1329.27,258.99,17.71,33.30,0.5784,1,-1,-1
2162,326,909.67,223.31,12.74,27.25,0.1733,1,-1,-1
2162,256,1124.37,379.98,23.23,45.13,0.5574,1,-1,-1
2162,355,962.68,187.71,13.50,26.41,0.4815,1,-1,-1
2162,359,1382.22,347.37,18.25,44.04,0.5059,1,-1,-1
2162,255,36.29,455.81,35.34,64.29,0.5631,1,-1,-1
2162,376,105.42,376.16,21.59,43.04,0.5631,1,-1,-1
2162,375,1371.92,349.38,18.07,40.51,0.3840,1,-1,-1
2162,356,135.50,363.41,25.42,48.84,0.4844,1,-1,-1
2163,254,929.08,327.55,16.50,40.47,0.6868,1,-1,-1
2163,316,1330.04,257.36,17.59,33.34,0.5612,1,-1,-1
2163,326,909.76,221.68,12.87,27.51,0.2180,1,-1,-1
2163,256,1126.94,376.65,23.62,46.34,0.5993,1,-1,-1
2163,355,963.22,185.77,13.66,26.80,0.4883,1,-1,-1
2163,359,1384.52,345.50,17.17,41.99,0.5593,1,-1,-1
2163,255,35.18,453.85,34.66,63.95,0.5438,1,-1,-1
2163,376,106.28,375.26,21.07,41.32,0.5554,1,-1,-1
2163,375,1372.55,347.24,17.53,39.87,0.5525,1,-1,-1
2163,356,137.64,364.44,23.62,45.57,0.5765,1,-1,-1
2164,254,930.17,325.74,16.59,40.31,0.6732,1,-1,-1
2164,316,1329.97,255.18,18.08,34.61,0.5554,1,-1,-1
2164,326,909.66,219.77,13.34,28.50,0.2531,1,-1,-1
2164,256,1129.13,374.49,22.57,44.99,0.6030,1,-1,-1
2164,355,963.52,184.49,13.94,27.49,0.4591,1,-1,-1
2164,359,1384.78,343.16,17.33,42.66,0.5156,1,-1,-1
2164,255,34.42,450.74,32.20,59.85,0.5993,1,-1,-1
2164,376,107.68,373.52,21.26,40.57,0.5804,1,-1,-1
2164,375,1373.21,344.82,17.61,40.42,0.5708,1,-1,-1
2164,356,137.76,361.49,24.16,47.06,0.5641,1,-1,-1
2165,254,930.99,323.24,16.79,40.69,0.7114,1,-1,-1
2165,316,1330.48,254.31,17.57,33.83,0.5689,1,-1,-1
2165,326,910.41,219.10,12.98,27.82,0.3576,1,-1,-1
2165,256,1129.81,372.21,22.25,44.83,0.5898,1,-1,-1
2165,355,963.48,183.68,13.97,27.93,0.4678,1,-1,-1
2165,359,1386.69,340.58,17.37,43.25,0.5458,1,-1,-1
2165,255,32.30,447.94,33.49,63.18,0.5936,1,-1,-1
2165,376,107.96,371.01,21.73,40.55,0.4581,1,-1,-1
2165,375,1374.08,342.90,17.44,40.11,0.5936,1,-1,-1
2165,356,139.02,360.42,22.78,44.49,0.2705,1,-1,-1
2166,254,932.46,321.46,16.57,40.13,0.6766,1,-1,-1
2166,316,1330.69,253.25,17.47,33.70,0.5593,1,-1,-1
2166,326,910.34,217.27,13.20,28.40,0.5477,1,-1,-1
2166,256,1132.07,369.46,22.16,45.71,0.4824,1,-1,-1
2166,355,963.86,182.90,13.44,26.99,0.4054,1,-1,-1
2166,359,1387.72,338.11,17.47,43.97,0.6663,1,-1,-1
2166,255,28.64,445.12,30.86,59.64,0.6868,1,-1,-1
2166,376,108.09,368.42,22.78,41.81,0.4552,1,-1,-1
2166,375,1374.33,340.98,17.54,40.29,0.6885,1,-1,-1
2166,356,139.21,360.17,23.00,45.21,0.7233,1,-1,-1
2167,254,933.58,319.02,16.60,40.53,0.6558,1,-1,-1
2167,316,1330.84,251.78,17.74,34.43,0.4737,1,-1,-1
2167,326,910.13,216.23,13.16,28.43,0.4187,1,-1,-1
2167,256,1131.88,365.28,23.11,48.27,0.4951,1,-1,-1
2167,355,964.02,182.59,12.08,24.38,0.3294,1,-1,-1
2167,359,1388.76,336.20,17.08,43.27,0.6766,1,-1,-1
2167,255,26.16,442.27,30.52,60.38,0.6160,1,-1,-1
2167,376,107.79,365.69,23.84,43.52,0.4678,1,-1,-1
2167,375,1374.91,338.80,17.86,41.13,0.6663,1,-1,-1
2167,356,139.66,357.83,23.03,45.48,0.6926,1,-1,-1
2168,254,934.16,316.97,16.28,40.24,0.6540,1,-1,-1
2168,316,1331.38,250.56,16.98,33.00,0.4513,1,-1,-1
2168,326,910.31,215.23,12.91,27.89,0.4054,1,-1,-1
2168,256,1132.74,362.99,23.04,48.86,0.4017,1,-1,-1
2168,355,964.68,182.14,11.19,22.48,0.3268,1,-1,-1
2168,359,1389.46,334.38,16.62,42.18,0.6732,1,-1,-1
2168,255,25.82,439.72,31.10,62.02,0.6206,1,-1,-1
2168,376,108.04,363.12,23.19,42.04,0.5361,1,-1,-1
2168,375,1375.49,336.31,17.66,40.77,0.6593,1,-1,-1
2168,356,140.50,357.00,22.12,43.32,0.6758,1,-1,-1
2169,254,934.63,313.71,16.43,40.90,0.6433,1,-1,-1
2169,316,1331.12,247.85,17.41,33.80,0.4639,1,-1,-1
2169,326,910.47,214.11,13.15,28.28,0.5612,1,-1,-1
2169,256,1132.91,360.58,22.99,48.97,0.5535,1,-1,-1
2169,355,965.48,180.44,11.80,23.49,0.2983,1,-1,-1
2169,359,1389.78,331.98,16.88,42.84,0.6505,1,-1,-1
2169,255,25.38,436.59,31.06,61.67,0.5487,1,-1,-1
2169,376,108.28,360.61,22.87,41.06,0.6142,1,-1,-1
2169,375,1375.96,334.23,17.82,41.29,0.6086,1,-1,-1
2169,356,141.23,353.92,22.68,44.15,0.6868,1,-1,-1
2169,384,358.78,275.22,18.97,47.02,0.4873,1,-1,-1
2170,254,935.07,311.14,16.74,41.66,0.6723,1,-1,-1
2170,316,1331.09,245.77,17.67,34.18,0.5000,1,-1,-1
2170,326,910.63,212.99,13.08,27.98,0.4951,1,-1,-1
2170,256,1133.36,358.34,22.53,47.67,0.5879,1,-1,-1
2170,355,966.14,179.17,12.06,23.73,0.3522,1,-1,-1
2170,359,1390.07,330.56,16.89,42.75,0.6252,1,-1,-1
2170,255,24.63,433.11,31.90,62.52,0.6197,1,-1,-1
2170,376,108.79,359.60,22.13,39.53,0.4562,1,-1,-1
2170,375,1376.48,331.86,17.67,40.95,0.6197,1,-1,-1
2170,356,141.71,352.24,22.45,43.54,0.6197,1,-1,-1
2170,384,359.31,275.54,18.00,44.64,0.1727,1,-1,-1
2170,385,33.97,432.89,30.64,61.61,0.4746,1,-1,-1
2171,254,936.00,309.78,16.30,40.44,0.6715,1,-1,-1
2171,316,1331.31,243.90,17.82,34.60,0.5263,1,-1,-1
2171,326,910.31,211.13,13.28,28.35,0.3675,1,-1,-1
2171,256,1133.69,356.17,22.80,48.08,0.4475,1,-1,-1
2171,355,966.95,177.85,12.48,24.54,0.3748,1,-1,-1
2171,359,1391.14,327.46,17.14,43.50,0.6575,1,-1,-1
2171,255,22.70,431.45,30.87,60.33,0.6343,1,-1,-1
2171,376,108.66,357.66,22.63,40.54,0.5765,1,-1,-1
2171,375,1377.30,330.09,17.35,40.27,0.6918,1,-1,-1
2171,356,142.12,351.59,21.98,42.48,0.6433,1,-1,-1
2171,385,36.33,431.52,29.85,60.01,0.3495,1,-1,-1
2172,254,937.04,308.01,16.30,40.21,0.6817,1,-1,-1
2172,316,1331.80,242.62,17.46,33.89,0.6215,1,-1,-1
2172,326,910.32,209.51,13.25,28.17,0.3858,1,-1,-1
2172,256,1134.04,353.67,22.59,47.26,0.5156,1,-1,-1
2172,355,966.42,177.12,12.47,24.30,0.4475,1,-1,-1
2172,359,1391.76,324.92,17.27,43.93,0.6049,1,-1,-1
2172,255,22.37,427.58,33.14,63.47,0.5784,1,-1,-1
2172,376,108.04,353.99,23.84,43.10,0.4610,1,-1,-1
2172,375,1378.45,327.46,17.55,40.70,0.5651,1,-1,-1
2172,356,141.64,347.45,23.21,45.15,0.6451,1,-1,-1
2172,385,32.87,428.67,30.51,61.07,0.1089,1,-1,-1
2173,254,937.71,305.01,16.86,41.17,0.6758,1,-1,-1
2173,316,1331.96,241.42,17.58,34.19,0.6252,1,-1,-1
2173,326,910.62,206.53,13.99,29.92,0.3416,1,-1,-1
2173,256,1134.96,351.21,23.01,47.87,0.5429,1,-1,-1
2173,355,967.96,175.88,11.84,22.81,0.4216,1,-1,-1
2173,359,1391.82,323.68,16.91,42.71,0.5775,1,-1,-1
2173,255,15.91,425.79,30.98,60.86,0.6487,1,-1,-1
2173,376,108.56,350.48,23.64,43.06,0.5438,1,-1,-1
2173,375,1379.96,325.29,17.11,39.22,0.4717,1,-1,-1
2173,356,141.93,342.15,24.08,47.32,0.6325,1,-1,-1
2173,385,32.66,426.55,28.49,57.07,0.4244,1,-1,-1
2174,254,938.02,302.63,17.33,41.82,0.6826,1,-1,-1
2174,316,1332.04,240.25,17.63,34.33,0.6049,1,-1,-1
2174,326,910.90,206.98,13.12,28.29,0.4756,1,-1,-1
2174,256,1135.77,348.79,23.25,48.03,0.5727,1,-1,-1
2174,355,968.74,175.12,11.40,21.92,0.4795,1,-1,-1
2174,359,1391.21,321.85,17.05,42.23,0.5000,1,-1,-1
2174,255,12.93,424.56,30.31,60.59,0.6361,1,-1,-1
2174,376,109.06,349.07,22.40,40.86,0.6817,1,-1,-1
2174,375,1380.92,322.99,17.47,39.78,0.3225,1,-1,-1
2174,356,142.14,341.34,22.83,45.37,0.7334,1,-1,-1
2174,385,30.80,424.64,27.83,55.79,0.4330,1,-1,-1
2175,254,938.39,301.42,16.89,40.60,0.6758,1,-1,-1
2175,316,1331.79,239.27,17.84,34.61,0.5156,1,-1,-1
2175,326,910.58,205.53,13.16,28.50,0.3469,1,-1,-1
2175,256,1136.99,347.32,22.89,47.06,0.5574,1,-1,-1
2175,355,968.79,174.14,11.30,21.69,0.4688,1,-1,-1
2175,359,1388.73,318.23,18.70,44.73,0.5679,1,-1,-1
2175,255,10.74,421.74,30.12,60.90,0.6011,1,-1,-1
2175,376,109.12,346.45,22.32,41.18,0.7628,1,-1,-1
2175,356,142.99,340.59,21.80,43.53,0.7162,1,-1,-1
2175,385,30.04,422.29,28.38,56.64,0.6160,1,-1,-1
2176,254,938.96,299.79,16.58,39.86,0.6697,1,-1,-1
2176,316,1332.11,237.99,17.15,32.93,0.4941,1,-1,-1
2176,326,910.37,204.54,13.26,28.94,0.5804,1,-1,-1
2176,256,1138.07,345.28,22.76,46.62,0.4552,1,-1,-1
2176,355,969.21,173.38,11.46,22.03,0.4407,1,-1,-1
2176,359,1388.67,315.49,19.61,45.84,0.6206,1,-1,-1
2176,255,9.89,420.38,29.32,59.66,0.6142,1,-1,-1
2176,376,109.26,344.33,22.23,41.50,0.7684,1,-1,-1
2176,356,142.82,338.60,21.61,43.47,0.6487,1,-1,-1
2176,385,28.29,420.10,28.46,56.19,0.5496,1,-1,-1
2177,254,939.31,298.08,16.61,39.93,0.6783,1,-1,-1
2177,316,1331.90,235.77,17.76,33.86,0.4610,1,-1,-1
2177,326,910.14,203.47,13.31,29.11,0.3989,1,-1,-1
2177,256,1137.22,343.32,23.21,46.83,0.4571,1,-1,-1
2177,355,968.41,172.70,11.93,22.89,0.4054,1,-1,-1
2177,359,1388.68,313.43,20.05,45.44,0.6619,1,-1,-1
2177,255,12.60,417.68,31.42,61.63,0.6469,1,-1,-1
2177,376,109.07,340.81,22.41,42.40,0.7050,1,-1,-1
2177,356,143.32,334.32,22.70,46.37,0.6011,1,-1,-1
2177,385,23.68,416.91,28.98,56.70,0.2613,1,-1,-1
2178,254,939.53,297.13,16.40,39.43,0.6910,1,-1,-1
2178,316,1331.71,233.59,18.37,34.95,0.4639,1,-1,-1
2178,326,910.12,203.05,12.98,28.48,0.4844,1,-1,-1
2178,256,1137.24,342.23,22.97,45.94,0.5496,1,-1,-1
2178,355,968.07,172.33,11.89,22.81,0.4378,1,-1,-1
2178,359,1389.08,312.07,20.47,45.05,0.6442,1,-1,-1
2178,255,8.25,415.39,30.86,61.02,0.6575,1,-1,-1
2178,376,109.56,338.41,22.31,42.55,0.6697,1,-1,-1
2178,356,143.31,331.85,22.95,47.61,0.6197,1,-1,-1
2178,385,22.08,414.71,29.62,57.08,0.5205,1,-1,-1
2179,254,939.56,295.82,16.42,39.47,0.7058,1,-1,-1
2179,316,1331.59,232.34,18.68,35.50,0.5302,1,-1,-1
2179,326,910.12,202.48,12.90,28.40,0.4737,1,-1,-1
2179,256,1137.57,340.94,23.13,46.07,0.5535,1,-1,-1
2179,355,968.04,171.86,11.77,22.48,0.4083,1,-1,-1
2179,359,1389.85,310.87,20.95,44.92,0.6792,1,-1,-1
2179,255,5.34,413.41,30.46,60.83,0.6270,1,-1,-1
2179,376,109.82,337.10,21.88,41.96,0.6885,1,-1,-1
2179,356,143.22,328.97,22.97,48.28,0.6397,1,-1,-1
2179,385,19.00,413.04,30.27,56.79,0.3849,1,-1,-1
2180,254,940.26,293.48,16.94,40.56,0.6976,1,-1,-1
2180,316,1331.73,231.48,18.61,35.29,0.5689,1,-1,-1
2180,326,910.28,201.57,13.09,28.91,0.5689,1,-1,-1
2180,256,1137.47,339.36,23.16,46.21,0.5254,1,-1,-1
2180,355,968.11,170.94,11.64,22.04,0.2814,1,-1,-1
2180,359,1390.80,309.07,21.16,44.55,0.5679,1,-1,-1
2180,255,3.85,412.39,28.99,58.89,0.6114,1,-1,-1
2180,376,110.22,336.51,21.36,41.08,0.7066,1,-1,-1
2180,356,143.35,326.71,23.04,48.90,0.6361,1,-1,-1
2180,385,15.40,410.59,31.67,58.41,0.5312,1,-1,-1
2181,254,941.67,292.15,17.25,40.16,0.7138,1,-1,-1
2181,316,1331.85,230.98,18.41,34.75,0.5487,1,-1,-1
2181,326,910.37,200.75,12.81,28.09,0.3132,1,-1,-1
2181,256,1138.07,337.03,23.31,46.34,0.6049,1,-1,-1
2181,355,968.21,169.57,11.98,22.41,0.4007,1,-1,-1
2181,359,1393.39,306.78,21.22,45.20,0.5234,1,-1,-1
2181,255,2.01,410.22,28.84,58.73,0.5400,1,-1,-1
2181,376,110.53,335.22,21.68,41.91,0.7527,1,-1,-1
2181,356,143.90,326.07,22.37,47.74,0.6558,1,-1,-1
2181,385,9.69,409.32,33.22,60.05,0.5946,1,-1,-1
2182,254,942.28,291.33,17.08,38.89,0.7090,1,-1,-1
2182,316,1332.04,230.21,18.28,34.31,0.5554,1,-1,-1
2182,326,910.14,199.66,12.87,27.99,0.3739,1,-1,-1
2182,256,1138.95,335.56,23.26,46.12,0.6011,1,-1,-1
2182,355,968.17,168.35,12.45,23.06,0.4649,1,-1,-1
2182,359,1396.33,304.61,20.88,45.62,0.6197,1,-1,-1
2182,255,-2.35,407.02,30.43,63.59,0.1739,1,-1,-1
2182,376,110.66,332.40,22.41,43.82,0.7146,1,-1,-1
2182,356,143.31,323.84,22.98,49.22,0.6433,1,-1,-1
2182,385,4.98,407.88,35.10,62.20,0.6584,1,-1,-1
2182,375,1388.02,307.74,18.65,43.42,0.5746,1,-1,-1
2183,254,942.42,290.52,17.21,38.54,0.7082,1,-1,-1
2183,316,1332.15,229.92,17.88,33.38,0.5438,1,-1,-1
2183,326,909.91,198.06,13.23,28.68,0.3522,1,-1,-1
2183,256,1139.90,334.04,23.36,46.47,0.5784,1,-1,-1
2183,355,968.31,167.58,12.80,23.47,0.4844,1,-1,-1
2183,359,1398.24,303.81,19.74,44.08,0.6179,1,-1,-1
2183,255,-0.83,405.75,28.63,59.28,0.1733,1,-1,-1
2183,376,110.74,329.68,22.80,45.11,0.7082,1,-1,-1
2183,356,143.17,323.34,22.48,48.17,0.5765,1,-1,-1
2183,385,2.05,406.12,36.17,63.45,0.6169,1,-1,-1
2183,375,1388.66,307.54,17.70,41.85,0.5974,1,-1,-1
2184,254,942.51,289.55,17.56,38.89,0.7318,1,-1,-1
2184,316,1332.50,229.16,18.06,33.54,0.5107,1,-1,-1
2184,326,909.72,196.83,13.51,29.19,0.2037,1,-1,-1
2184,256,1141.11,332.92,22.61,44.99,0.5146,1,-1,-1
2184,355,968.43,167.16,13.10,23.77,0.4649,1,-1,-1
2184,359,1399.15,302.39,19.40,44.12,0.5254,1,-1,-1
2184,376,110.35,327.69,23.20,46.28,0.7114,1,-1,-1
2184,356,142.34,319.84,23.45,50.32,0.5660,1,-1,-1
2184,385,0.17,404.13,36.72,64.22,0.6114,1,-1,-1
2184,375,1389.06,306.66,17.31,41.35,0.5419,1,-1,-1
2185,254,943.56,287.97,17.81,39.52,0.7033,1,-1,-1
2185,316,1332.64,228.37,18.24,33.66,0.4863,1,-1,-1
2185,326,909.54,195.50,13.87,29.98,0.2167,1,-1,-1
2185,256,1142.19,331.90,22.53,45.00,0.4168,1,-1,-1
2185,355,968.38,166.75,13.66,24.66,0.5098,1,-1,-1
2185,359,1399.58,301.73,19.23,44.44,0.4805,1,-1,-1
2185,376,110.55,326.57,22.90,45.74,0.7162,1,-1,-1
2185,356,141.17,314.66,25.17,54.37,0.5946,1,-1,-1
2185,385,-1.73,402.91,35.52,62.63,0.5775,1,-1,-1
2185,375,1389.55,306.02,17.00,40.88,0.5273,1,-1,-1
2186,254,944.09,286.83,17.99,40.21,0.7178,1,-1,-1
2186,316,1333.47,227.54,18.61,34.30,0.4610,1,-1,-1
2186,326,909.46,195.03,13.92,30.01,0.2591,1,-1,-1
2186,256,1142.90,330.90,22.85,45.75,0.4292,1,-1,-1
2186,355,968.18,166.06,13.92,25.13,0.5098,1,-1,-1
2186,359,1400.18,301.16,18.98,44.59,0.5727,1,-1,-1
2186,376,110.46,326.99,22.54,45.27,0.7225,1,-1,-1
2186,356,141.31,314.65,25.09,54.32,0.6160,1,-1,-1
2186,385,-2.33,402.10,34.75,61.79,0.5332,1,-1,-1
2186,375,1390.03,306.13,16.56,40.05,0.6142,1,-1,-1
2187,254,945.23,286.23,17.65,39.76,0.6766,1,-1,-1
2187,316,1334.08,226.86,18.74,34.57,0.4417,1,-1,-1
2187,326,909.71,195.18,13.67,29.59,0.3522,1,-1,-1
2187,256,1144.43,329.87,22.54,45.53,0.4369,1,-1,-1
2187,355,968.04,165.85,13.71,24.80,0.5107,1,-1,-1
2187,359,1401.10,299.99,19.10,45.45,0.5727,1,-1,-1
2187,376,109.95,325.79,23.01,46.61,0.6433,1,-1,-1
2187,356,142.58,317.41,23.79,51.46,0.6487,1,-1,-1
2187,385,-2.98,401.75,33.52,60.41,0.4971,1,-1,-1
2187,375,1390.14,305.82,16.41,39.68,0.6433,1,-1,-1
2188,254,946.25,286.19,17.23,39.05,0.6766,1,-1,-1
2188,316,1334.53,226.34,18.92,34.96,0.4235,1,-1,-1
2188,326,909.86,195.41,13.46,29.20,0.3821,1,-1,-1
2188,256,1145.62,329.77,22.28,45.22,0.3277,1,-1,-1
2188,355,967.95,165.88,13.45,24.41,0.4844,1,-1,-1
2188,359,1402.25,299.87,18.84,45.33,0.5823,1,-1,-1
2188,376,110.69,326.27,22.36,45.40,0.5631,1,-1,-1
2188,356,143.59,318.89,22.87,49.28,0.6505,1,-1,-1
2188,385,-2.95,401.46,32.20,58.74,0.5351,1,-1,-1
2188,375,1390.64,305.51,16.45,39.76,0.6343,1,-1,-1
2189,254,947.21,286.55,16.58,37.68,0.6680,1,-1,-1
2189,316,1335.15,226.20,18.86,35.02,0.4737,1,-1,-1
2189,326,910.04,195.86,13.19,28.70,0.3933,1,-1,-1
2189,256,1146.51,329.69,21.80,44.32,0.2127,1,-1,-1
2189,355,967.87,166.33,12.78,23.40,0.4235,1,-1,-1
2189,359,1403.02,299.67,18.74,45.36,0.5448,1,-1,-1
2189,376,111.38,326.10,21.90,44.51,0.4378,1,-1,-1
2189,356,144.06,319.65,22.47,48.06,0.6379,1,-1,-1
2189,385,-3.50,400.83,31.42,58.42,0.4873,1,-1,-1
2189,375,1391.32,305.32,16.52,39.88,0.5898,1,-1,-1
2190,254,947.96,285.93,16.99,38.74,0.6433,1,-1,-1
2190,316,1335.65,226.28,18.70,34.78,0.4834,1,-1,-1
2190,326,910.12,195.93,13.07,28.54,0.3886,1,-1,-1
2190,256,1147.28,328.75,22.50,45.96,0.2862,1,-1,-1
2190,355,968.25,166.52,12.13,22.45,0.4273,1,-1,-1
2190,359,1402.01,299.51,19.11,45.45,0.5670,1,-1,-1
2190,376,111.98,326.28,21.04,42.62,0.3821,1,-1,-1
2190,356,144.27,320.17,22.02,46.70,0.5727,1,-1,-1
2190,385,-3.68,400.78,29.92,56.81,0.4504,1,-1,-1
2190,375,1393.24,302.82,17.72,42.24,0.5765,1,-1,-1
2191,254,948.94,285.61,16.79,38.47,0.6397,1,-1,-1
2191,316,1336.20,226.39,18.20,33.89,0.4824,1,-1,-1
2191,326,910.13,195.74,13.02,28.55,0.3684,1,-1,-1
2191,256,1147.89,328.48,23.43,48.27,0.3504,1,-1,-1
2191,355,968.46,166.49,12.12,22.73,0.4639,1,-1,-1
2191,359,1401.40,299.96,19.44,45.12,0.5438,1,-1,-1
2191,376,112.31,327.05,20.22,40.67,0.4581,1,-1,-1
2191,356,144.70,322.21,21.12,44.40,0.5670,1,-1,-1
2191,385,-3.93,402.22,29.28,56.92,0.1016,1,-1,-1
2191,375,1394.78,302.24,18.36,42.85,0.4941,1,-1,-1
2192,254,950.06,285.90,16.37,37.81,0.6252,1,-1,-1
2192,316,1336.84,226.19,18.10,33.78,0.5263,1,-1,-1
2192,326,910.08,195.75,12.89,28.38,0.4036,1,-1,-1
2192,256,1148.68,328.61,22.68,46.69,0.4766,1,-1,-1
2192,355,968.74,166.35,12.03,22.87,0.5039,1,-1,-1
2192,359,1402.50,300.21,19.92,45.25,0.5574,1,-1,-1
2192,376,112.31,327.42,20.07,40.07,0.4815,1,-1,-1
2192,356,144.68,324.25,20.63,43.10,0.6215,1,-1,-1
2192,385,-3.54,402.86,28.24,55.99,0.1520,1,-1,-1
2192,375,1395.32,302.40,18.72,42.70,0.3549,1,-1,-1
2193,254,950.99,285.72,16.48,38.49,0.5631,1,-1,-1
2193,316,1337.28,226.13,18.26,34.15,0.4971,1,-1,-1
2193,326,909.98,195.74,12.95,28.61,0.3821,1,-1,-1
2193,256,1149.64,328.93,22.54,46.18,0.5525,1,-1,-1
2193,355,969.03,166.12,11.97,23.06,0.5215,1,-1,-1
2193,359,1405.56,299.84,19.99,45.71,0.5631,1,-1,-1
2193,376,112.33,327.46,20.07,39.80,0.5185,1,-1,-1
2193,356,144.54,324.67,20.34,42.36,0.6123,1,-1,-1
2193,375,1398.70,301.14,20.32,44.19,0.4912,1,-1,-1
2194,254,952.85,286.25,16.12,37.41,0.6361,1,-1,-1
2194,316,1338.29,225.97,17.96,34.00,0.4824,1,-1,-1
2194,326,909.91,195.56,13.00,28.81,0.3794,1,-1,-1
2194,256,1150.36,329.21,22.71,46.13,0.6067,1,-1,-1
2194,355,969.35,165.88,11.92,23.23,0.5283,1,-1,-1
2194,359,1408.88,299.82,19.47,45.40,0.6415,1,-1,-1
2194,376,112.55,327.90,19.45,37.91,0.2918,1,-1,-1
2194,356,144.56,324.20,19.65,40.77,0.4513,1,-1,-1
2194,375,1398.10,303.63,19.19,41.72,0.6179,1,-1,-1
2195,254,954.45,286.24,16.55,37.57,0.6680,1,-1,-1
2195,316,1338.87,226.04,17.76,33.96,0.5612,1,-1,-1
2195,326,909.89,195.41,13.04,28.97,0.3812,1,-1,-1
2195,256,1151.61,329.14,23.09,46.13,0.5842,1,-1,-1
2195,355,969.64,165.72,11.91,23.41,0.5293,1,-1,-1
2195,359,1410.55,299.94,19.03,45.24,0.6697,1,-1,-1
2195,376,112.15,328.08,20.04,38.69,0.3433,1,-1,-1
2195,356,144.50,324.28,19.51,40.37,0.5107,1,-1,-1
2195,375,1398.62,305.06,18.47,40.26,0.6575,1,-1,-1
2196,254,955.17,286.63,16.85,37.68,0.6868,1,-1,-1
2196,316,1338.88,226.35,17.86,34.11,0.4932,1,-1,-1
2196,326,910.13,195.43,12.91,28.74,0.3594,1,-1,-1
2196,256,1153.09,329.30,24.06,46.70,0.6289,1,-1,-1
2196,355,970.00,166.24,11.72,23.23,0.5467,1,-1,-1
2196,359,1411.51,300.73,18.60,44.78,0.6663,1,-1,-1
2196,376,112.19,328.02,20.61,39.37,0.5283,1,-1,-1
2196,356,144.17,321.82,20.10,41.59,0.6105,1,-1,-1
2196,375,1399.74,305.01,18.26,40.08,0.6397,1,-1,-1
2197,254,955.46,286.22,17.32,38.70,0.6783,1,-1,-1
2197,316,1340.03,226.90,17.79,34.01,0.4254,1,-1,-1
2197,326,910.22,195.42,12.88,28.76,0.3504,1,-1,-1
2197,256,1153.91,329.80,24.71,47.02,0.6379,1,-1,-1
2197,355,970.09,166.50,11.54,23.04,0.5380,1,-1,-1
2197,359,1412.02,300.61,18.82,45.43,0.6307,1,-1,-1
2197,376,112.16,327.78,21.20,39.97,0.5955,1,-1,-1
2197,356,143.72,320.91,20.13,41.49,0.6628,1,-1,-1
2197,375,1401.71,303.81,19.03,41.80,0.5651,1,-1,-1
2198,254,956.13,285.85,17.36,39.08,0.6951,1,-1,-1
2198,316,1340.41,226.94,17.77,33.84,0.4805,1,-1,-1
2198,326,910.26,195.42,12.81,28.67,0.3363,1,-1,-1
2198,256,1154.49,330.08,24.83,46.89,0.5049,1,-1,-1
2198,355,970.18,166.56,11.43,22.96,0.5467,1,-1,-1
2198,359,1413.59,300.56,18.80,45.65,0.6049,1,-1,-1
2198,376,112.15,328.03,21.38,39.88,0.6379,1,-1,-1
2198,356,143.15,319.95,19.72,40.16,0.6740,1,-1,-1
2198,375,1402.41,303.67,18.98,42.07,0.6215,1,-1,-1
2199,254,956.54,285.70,17.20,39.33,0.7130,1,-1,-1
2199,316,1340.69,226.84,17.84,33.94,0.4727,1,-1,-1
2199,326,910.24,195.38,12.78,28.67,0.3355,1,-1,-1
2199,256,1154.28,331.29,23.96,45.16,0.5273,1,-1,-1
2199,355,970.26,166.54,11.38,22.98,0.5593,1,-1,-1
2199,359,1415.40,301.18,18.40,45.04,0.6160,1,-1,-1
2199,376,112.13,328.59,20.96,38.69,0.5341,1,-1,-1
2199,356,142.98,320.87,19.31,38.86,0.6424,1,-1,-1
2199,375,1402.91,304.20,18.52,41.51,0.6522,1,-1,-1
2200,254,956.82,285.64,17.02,39.53,0.6918,1,-1,-1
2200,316,1341.02,226.66,18.06,34.26,0.5117,1,-1,-1
2200,326,910.14,195.32,12.87,28.87,0.3540,1,-1,-1
2200,256,1155.66,332.04,24.19,44.88,0.5660,1,-1,-1
2200,355,970.42,166.47,11.43,23.16,0.5689,1,-1,-1
2200,359,1416.61,301.80,18.29,45.01,0.6086,1,-1,-1
2200,376,111.78,329.22,20.70,38.12,0.4961,1,-1,-1
2200,356,142.12,321.15,20.34,40.90,0.5775,1,-1,-1
2200,375,1403.25,304.79,18.30,41.35,0.6307,1,-1,-1
2201,254,956.95,285.70,16.80,39.63,0.6593,1,-1,-1
2201,316,1341.53,227.08,17.96,33.92,0.4484,1,-1,-1
2201,326,910.13,195.50,12.81,28.75,0.3766,1,-1,-1
2201,256,1156.20,332.26,24.29,44.79,0.5525,1,-1,-1
2201,355,970.66,166.54,11.26,22.78,0.5612,1,-1,-1
2201,359,1417.17,301.79,18.45,45.44,0.5477,1,-1,-1
2201,376,111.60,329.46,21.09,38.32,0.3191,1,-1,-1
2201,356,142.22,321.98,20.20,40.43,0.5794,1,-1,-1
2201,375,1404.50,304.91,18.09,41.46,0.6011,1,-1,-1
2202,254,957.71,285.84,16.36,38.96,0.6901,1,-1,-1
2202,316,1342.03,227.26,17.99,34.03,0.4446,1,-1,-1
2202,326,910.08,195.63,12.86,28.86,0.3877,1,-1,-1
2202,256,1157.17,332.88,24.32,44.72,0.5612,1,-1,-1
2202,355,970.88,166.39,11.15,22.46,0.5302,1,-1,-1
2202,359,1418.66,301.28,18.70,46.15,0.5146,1,-1,-1
2202,376,112.61,331.40,20.82,37.76,0.1689,1,-1,-1
2202,356,142.37,323.52,20.48,41.00,0.5651,1,-1,-1
2202,375,1405.13,305.21,17.85,41.32,0.5689,1,-1,-1
2203,254,958.31,286.17,16.20,38.80,0.7194,1,-1,-1
2203,316,1342.48,227.24,18.04,34.17,0.5215,1,-1,-1
2203,326,910.03,195.68,12.95,29.07,0.4168,1,-1,-1
2203,256,1158.24,332.74,24.27,44.87,0.6160,1,-1,-1
2203,355,971.21,166.31,11.28,22.58,0.5842,1,-1,-1
2203,359,1420.22,302.05,18.62,46.10,0.5429,1,-1,-1
2203,356,142.41,324.43,20.49,41.00,0.3621,1,-1,-1
2203,375,1406.42,306.21,17.60,40.86,0.5341,1,-1,-1
2204,254,959.01,286.60,15.81,37.89,0.7130,1,-1,-1
2204,316,1342.86,227.31,17.92,33.92,0.5718,1,-1,-1
2204,326,909.93,195.65,13.08,29.35,0.4036,1,-1,-1
2204,256,1159.06,332.71,24.59,45.64,0.6397,1,-1,-1
2204,355,971.54,166.13,11.50,22.83,0.5974,1,-1,-1
2204,359,1421.78,303.88,17.93,44.62,0.6105,1,-1,-1
2204,356,142.21,325.39,20.26,40.29,0.2999,1,-1,-1
2204,375,1407.56,306.74,17.82,41.23,0.5000,1,-1,-1
2205,254,959.71,286.81,16.00,38.50,0.7001,1,-1,-1
2205,316,1343.33,227.66,17.84,33.60,0.6002,1,-1,-1
2205,326,909.97,195.90,12.98,29.07,0.3513,1,-1,-1
2205,256,1160.24,333.58,24.55,45.86,0.6379,1,-1,-1
2205,355,972.01,165.94,11.53,22.65,0.5574,1,-1,-1
2205,359,1422.87,304.35,17.81,44.36,0.6011,1,-1,-1
2205,356,142.24,326.36,20.13,39.67,0.5322,1,-1,-1
2205,375,1408.84,307.11,17.91,41.28,0.4971,1,-1,-1
2206,254,960.34,286.79,16.47,39.85,0.6851,1,-1,-1
2206,316,1344.12,227.92,17.75,33.30,0.6021,1,-1,-1
2206,326,910.00,196.18,12.83,28.65,0.3355,1,-1,-1
2206,256,1161.22,333.56,24.80,46.80,0.6397,1,-1,-1
2206,355,972.32,165.65,11.45,22.29,0.5936,1,-1,-1
2206,359,1424.03,303.28,18.05,45.33,0.6783,1,-1,-1
2206,356,141.63,325.80,20.88,40.68,0.5487,1,-1,-1
2206,375,1410.34,307.53,17.63,40.61,0.6197,1,-1,-1
2207,254,960.92,286.89,16.70,40.57,0.6680,1,-1,-1
2207,316,1344.82,227.93,17.77,33.26,0.5775,1,-1,-1
2207,326,910.07,196.37,12.71,28.31,0.3225,1,-1,-1
2207,256,1162.91,333.72,24.54,46.90,0.5898,1,-1,-1
2207,355,972.46,165.61,11.53,22.31,0.5993,1,-1,-1
2207,359,1425.15,303.49,18.00,45.45,0.7162,1,-1,-1
2207,356,140.85,324.53,21.35,41.31,0.4941,1,-1,-1
2207,375,1411.15,308.05,17.38,40.17,0.6397,1,-1,-1
2208,254,961.62,286.97,16.75,40.85,0.6433,1,-1,-1
2208,316,1345.09,227.75,17.80,33.14,0.5718,1,-1,-1
2208,326,910.08,196.47,12.69,28.17,0.3390,1,-1,-1
2208,256,1163.63,333.75,24.94,48.15,0.6142,1,-1,-1
2208,355,972.53,165.72,11.77,22.71,0.6030,1,-1,-1
2208,359,1426.20,303.96,17.83,45.17,0.6451,1,-1,-1
2208,356,140.72,324.80,21.51,41.29,0.5993,1,-1,-1
2208,375,1412.21,308.81,17.27,39.83,0.5496,1,-1,-1
2209,254,962.34,287.15,16.76,41.00,0.6663,1,-1,-1
2209,316,1345.32,227.76,18.06,33.53,0.5964,1,-1,-1
2209,326,910.07,196.50,12.71,28.14,0.3540,1,-1,-1
2209,256,1164.28,333.97,25.01,48.91,0.6451,1,-1,-1
2209,355,972.69,165.79,11.83,22.77,0.6030,1,-1,-1
2209,359,1428.02,304.86,17.45,44.33,0.6415,1,-1,-1
2209,356,140.31,324.85,21.83,41.82,0.6715,1,-1,-1
2209,375,1413.40,309.16,17.46,40.17,0.6270,1,-1,-1
2210,254,962.95,287.59,16.69,40.95,0.6487,1,-1,-1
2210,316,1345.37,227.78,18.25,33.68,0.5679,1,-1,-1
2210,326,910.05,196.59,12.68,28.01,0.3381,1,-1,-1
2210,256,1165.49,334.56,24.60,48.45,0.6732,1,-1,-1
2210,355,973.00,165.88,11.74,22.53,0.5823,1,-1,-1
2210,359,1429.12,305.14,17.64,44.94,0.5429,1,-1,-1
2210,356,139.15,324.71,22.06,42.35,0.6433,1,-1,-1
2210,375,1414.63,308.50,18.05,41.37,0.5049,1,-1,-1
2210,390,103.12,329.51,21.21,41.11,0.5467,1,-1,-1
2211,254,963.03,288.01,16.52,40.39,0.6860,1,-1,-1
2211,316,1346.05,227.56,18.36,33.97,0.5293,1,-1,-1
2211,326,909.97,196.46,12.64,28.06,0.3504,1,-1,-1
2211,256,1167.24,334.89,24.45,48.45,0.6800,1,-1,-1
2211,355,973.48,166.05,11.40,21.76,0.4620,1,-1,-1
2211,359,1430.03,305.15,18.38,46.94,0.5234,1,-1,-1
2211,356,138.45,324.28,22.58,43.58,0.6433,1,-1,-1
2211,375,1417.38,306.60,19.86,44.10,0.4149,1,-1,-1
2211,390,101.91,328.40,21.89,42.41,0.6352,1,-1,-1
2212,254,963.43,288.57,16.18,39.70,0.7009,1,-1,-1
2212,316,1346.85,227.66,18.40,34.22,0.5660,1,-1,-1
2212,326,909.91,196.42,12.64,28.20,0.3416,1,-1,-1
2212,256,1168.56,335.34,24.18,48.26,0.6540,1,-1,-1
2212,355,973.77,166.09,11.34,21.65,0.4883,1,-1,-1
2212,359,1430.52,305.53,18.79,47.34,0.5936,1,-1,-1
2212,356,137.47,324.14,22.93,44.56,0.6289,1,-1,-1
2212,375,1418.58,307.24,20.13,43.84,0.3355,1,-1,-1
2212,390,101.22,328.98,22.13,42.86,0.6352,1,-1,-1
2213,254,964.01,289.21,15.95,39.15,0.6976,1,-1,-1
2213,316,1347.40,227.92,18.22,33.89,0.5039,1,-1,-1
2213,326,909.88,196.58,12.63,28.26,0.3303,1,-1,-1
2213,256,1169.12,336.45,24.30,48.64,0.6697,1,-1,-1
2213,355,974.07,166.11,11.37,21.74,0.4971,1,-1,-1
2213,359,1433.01,306.12,18.40,46.53,0.6270,1,-1,-1
2213,356,136.18,325.52,22.18,43.59,0.5593,1,-1,-1
2213,375,1420.10,309.14,19.45,41.97,0.4941,1,-1,-1
2213,390,99.98,330.69,21.53,41.60,0.4630,1,-1,-1
2214,254,964.73,289.84,15.81,38.82,0.7241,1,-1,-1
2214,316,1347.87,227.94,18.14,33.76,0.4225,1,-1,-1
2214,326,909.96,196.96,12.54,28.19,0.3684,1,-1,-1
2214,256,1170.35,337.37,24.72,49.43,0.6968,1,-1,-1
2214,355,974.28,166.13,11.32,21.70,0.4688,1,-1,-1
2214,359,1434.81,306.78,18.04,45.77,0.6270,1,-1,-1
2214,356,135.07,325.86,22.15,43.72,0.6030,1,-1,-1
2214,375,1421.20,309.73,19.65,42.44,0.5955,1,-1,-1
2214,390,98.64,331.21,21.88,42.30,0.6671,1,-1,-1
2215,254,965.07,290.14,15.81,38.76,0.7287,1,-1,-1
2215,316,1348.08,227.87,18.26,34.07,0.4073,1,-1,-1
2215,326,909.96,197.26,12.58,28.39,0.4311,1,-1,-1
2215,256,1171.81,338.22,24.54,48.85,0.7017,1,-1,-1
2215,355,974.38,166.06,11.30,21.76,0.4397,1,-1,-1
2215,359,1436.37,308.03,17.56,44.55,0.6325,1,-1,-1
2215,356,134.11,327.37,21.78,42.77,0.6030,1,-1,-1
2215,375,1422.39,310.38,19.40,41.94,0.6469,1,-1,-1
2215,390,97.37,331.98,22.12,42.77,0.6496,1,-1,-1
2216,254,965.79,290.39,15.91,38.75,0.7287,1,-1,-1
2216,316,1348.34,228.32,18.27,34.09,0.4766,1,-1,-1
2216,326,909.91,197.52,12.62,28.61,0.4562,1,-1,-1
2216,256,1173.13,338.95,24.40,48.48,0.6935,1,-1,-1
2216,355,974.55,166.01,11.13,21.54,0.4698,1,-1,-1
2216,359,1437.58,308.88,17.32,44.10,0.6123,1,-1,-1
2216,356,133.72,329.55,20.63,40.55,0.5860,1,-1,-1
2216,375,1424.49,310.85,19.12,41.85,0.6415,1,-1,-1
2216,390,96.38,333.85,21.09,40.60,0.6505,1,-1,-1
2217,254,966.13,290.14,16.34,39.74,0.7387,1,-1,-1
2217,316,1349.11,228.77,18.08,33.56,0.4600,1,-1,-1
2217,326,909.82,197.74,12.69,28.88,0.5059,1,-1,-1
2217,256,1173.63,339.49,24.38,48.24,0.6935,1,-1,-1
2217,355,974.86,166.14,10.81,21.06,0.5059,1,-1,-1
2217,359,1439.01,308.93,17.58,44.67,0.5955,1,-1,-1
2217,356,131.94,329.13,20.97,41.31,0.5302,1,-1,-1
2217,375,1426.09,311.51,18.76,41.42,0.6105,1,-1,-1
2217,390,94.68,334.14,21.79,41.95,0.6740,1,-1,-1
2218,254,966.30,290.50,16.75,40.78,0.7387,1,-1,-1
2218,316,1349.81,229.32,18.08,33.41,0.4301,1,-1,-1
2218,326,909.73,197.86,12.83,29.26,0.5224,1,-1,-1
2218,256,1174.70,339.98,24.66,48.39,0.6918,1,-1,-1
2218,355,975.19,166.30,10.59,20.74,0.4717,1,-1,-1
2218,359,1437.43,309.59,18.67,45.35,0.5107,1,-1,-1
2218,356,130.75,330.72,20.37,40.06,0.4417,1,-1,-1
2218,375,1429.29,310.81,19.99,43.05,0.5400,1,-1,-1
2218,390,93.53,334.94,21.95,42.26,0.6514,1,-1,-1
2219,254,966.60,291.11,16.77,40.78,0.7341,1,-1,-1
2219,316,1350.45,229.99,18.26,33.51,0.3961,1,-1,-1
2219,326,909.65,197.99,12.91,29.47,0.5670,1,-1,-1
2219,256,1175.65,340.16,24.98,48.61,0.6817,1,-1,-1
2219,355,975.48,166.41,10.50,20.74,0.4698,1,-1,-1
2219,359,1438.87,309.73,19.32,46.29,0.4426,1,-1,-1
2219,356,128.31,328.11,20.96,40.72,0.2075,1,-1,-1
2219,375,1430.86,310.94,20.37,43.33,0.3381,1,-1,-1
2219,390,92.26,334.77,22.02,42.40,0.6671,1,-1,-1
2220,254,966.92,291.59,16.79,40.84,0.7264,1,-1,-1
2220,316,1351.22,229.80,18.74,34.57,0.3961,1,-1,-1
2220,326,909.61,198.07,12.97,29.58,0.5689,1,-1,-1
2220,256,1176.23,340.61,24.67,47.81,0.5955,1,-1,-1
2220,355,975.51,166.54,10.68,21.32,0.5010,1,-1,-1
2220,359,1442.36,310.14,19.65,47.22,0.4776,1,-1,-1
2220,356,125.37,326.53,22.28,43.04,0.2942,1,-1,-1
2220,375,1431.85,312.28,20.25,42.83,0.2830,1,-1,-1
2220,390,90.90,335.24,21.88,42.20,0.6715,1,-1,-1
2220,391,1881.36,201.49,15.51,29.80,0.5107,1,-1,-1
2221,254,967.16,292.17,16.64,40.46,0.7233,1,-1,-1
2221,316,1352.25,229.99,18.85,34.92,0.5146,1,-1,-1
2221,326,909.55,198.22,12.99,29.59,0.5708,1,-1,-1
2221,256,1177.33,341.29,24.80,47.54,0.5898,1,-1,-1
2221,355,975.57,166.60,10.70,21.57,0.5166,1,-1,-1
2221,359,1444.17,311.51,19.17,46.16,0.5351,1,-1,-1
2221,356,124.06,326.04,22.33,42.77,0.3812,1,-1,-1
2221,375,1435.96,312.90,21.07,43.93,0.4717,1,-1,-1
2221,390,89.83,335.98,20.91,40.32,0.5612,1,-1,-1
2221,391,1882.08,202.40,15.22,29.33,0.4873,1,-1,-1
2222,254,967.39,292.55,16.56,40.27,0.7154,1,-1,-1
2222,316,1353.20,230.26,18.83,35.00,0.5823,1,-1,-1
2222,326,909.49,198.36,12.97,29.54,0.5554,1,-1,-1
2222,256,1179.82,342.06,24.67,47.50,0.4795,1,-1,-1
2222,355,975.58,166.71,10.86,22.15,0.5409,1,-1,-1
2222,359,1447.69,311.74,18.96,45.92,0.5746,1,-1,-1
2222,356,123.36,329.97,20.97,39.72,0.2751,1,-1,-1
2222,375,1435.88,315.38,19.91,41.97,0.6215,1,-1,-1
2222,390,88.41,336.23,20.50,39.51,0.7033,1,-1,-1
2222,391,1883.48,202.74,14.83,28.67,0.4187,1,-1,-1
2223,254,967.71,292.82,16.52,40.20,0.7025,1,-1,-1
2223,316,1353.98,230.55,18.93,35.43,0.5898,1,-1,-1
2223,326,909.45,198.52,12.95,29.47,0.5458,1,-1,-1
2223,256,1180.76,343.86,24.22,46.39,0.4717,1,-1,-1
2223,355,975.65,166.88,11.00,22.68,0.5390,1,-1,-1
2223,359,1450.78,311.11,19.18,46.46,0.5670,1,-1,-1
2223,375,1436.72,316.63,19.20,40.90,0.6505,1,-1,-1
2223,390,86.98,336.68,20.25,38.90,0.5746,1,-1,-1
2223,391,1884.69,202.75,14.91,28.99,0.5029,1,-1,-1
2224,254,967.94,292.97,16.78,40.95,0.6910,1,-1,-1
2224,316,1354.46,230.69,19.35,36.42,0.5689,1,-1,-1
2224,326,909.19,198.60,13.05,29.61,0.5409,1,-1,-1
2224,256,1181.76,344.19,25.10,48.35,0.5612,1,-1,-1
2224,355,975.73,166.99,11.06,23.01,0.5400,1,-1,-1
2224,359,1452.52,311.98,18.99,46.18,0.5612,1,-1,-1
2224,375,1437.77,317.01,19.15,41.07,0.6766,1,-1,-1
2224,390,85.43,337.09,20.24,38.55,0.2822,1,-1,-1
2224,391,1886.18,203.40,14.31,28.03,0.4130,1,-1,-1
2225,254,968.01,293.77,16.87,41.21,0.7017,1,-1,-1
2225,316,1355.16,231.17,19.36,36.57,0.5612,1,-1,-1
2225,326,908.80,198.57,13.25,29.95,0.5574,1,-1,-1
2225,256,1182.58,344.68,25.37,49.13,0.5879,1,-1,-1
2225,355,975.79,166.84,11.00,23.08,0.5419,1,-1,-1
2225,359,1454.08,312.95,18.85,46.10,0.4542,1,-1,-1
2225,375,1438.94,317.58,18.83,40.58,0.6343,1,-1,-1
2225,390,83.51,337.52,20.37,38.51,0.1767,1,-1,-1
2225,391,1887.19,202.78,15.03,29.66,0.3748,1,-1,-1
2226,254,967.93,294.22,17.11,41.89,0.7130,1,-1,-1
2226,316,1355.78,231.70,18.75,35.27,0.5078,1,-1,-1
2226,326,908.27,198.77,13.34,29.96,0.5117,1,-1,-1
2226,256,1184.17,345.13,25.03,48.59,0.5574,1,-1,-1
2226,355,975.90,166.94,11.31,23.85,0.5631,1,-1,-1
2226,359,1455.07,313.58,18.85,46.09,0.4941,1,-1,-1
2226,375,1440.35,318.47,18.80,41.11,0.5804,1,-1,-1
2226,390,81.56,336.76,21.16,39.84,0.5020,1,-1,-1
2226,391,1887.98,202.44,15.36,30.37,0.2822,1,-1,-1
2226,356,119.97,335.87,21.58,40.71,0.4902,1,-1,-1
2227,254,967.82,294.81,17.09,41.90,0.6951,1,-1,-1
2227,316,1356.25,231.96,18.44,34.47,0.4815,1,-1,-1
2227,326,907.95,198.97,13.52,30.16,0.5039,1,-1,-1
2227,256,1185.58,345.95,24.87,48.53,0.5283,1,-1,-1
2227,355,975.95,167.04,11.35,24.02,0.5205,1,-1,-1
2227,359,1456.85,314.81,18.78,46.15,0.4639,1,-1,-1
2227,375,1443.88,317.73,20.22,43.71,0.4581,1,-1,-1
2227,390,80.11,337.18,20.89,38.88,0.3648,1,-1,-1
2227,391,1889.44,202.26,15.47,30.35,0.2180,1,-1,-1
2228,254,968.05,295.67,16.75,41.09,0.7256,1,-1,-1
2228,316,1357.51,231.93,18.60,34.84,0.4980,1,-1,-1
2228,326,907.86,199.37,13.56,30.06,0.5039,1,-1,-1
2228,256,1186.88,346.51,24.58,48.21,0.5689,1,-1,-1
2228,355,975.99,167.04,11.30,23.98,0.5176,1,-1,-1
2228,359,1458.78,315.51,18.91,46.91,0.6361,1,-1,-1
2228,375,1444.96,319.11,20.13,43.46,0.5936,1,-1,-1
2228,390,78.77,337.75,21.52,39.87,0.6575,1,-1,-1
2228,391,1891.50,202.19,15.57,30.55,0.3603,1,-1,-1
2229,254,968.16,296.36,16.62,40.87,0.7272,1,-1,-1
2229,316,1358.94,232.04,18.51,34.96,0.5670,1,-1,-1
2229,326,907.84,199.75,13.56,29.88,0.5117,1,-1,-1
2229,256,1188.49,347.31,24.41,48.28,0.3140,1,-1,-1
2229,355,976.12,167.01,11.27,23.96,0.5332,1,-1,-1
2229,359,1461.10,316.93,18.49,45.97,0.6030,1,-1,-1
2229,375,1446.56,319.95,19.87,43.12,0.6307,1,-1,-1
2229,390,77.27,337.72,22.37,41.01,0.6397,1,-1,-1
2229,391,1893.38,202.15,15.73,30.90,0.3794,1,-1,-1
2230,254,968.22,296.93,16.54,40.72,0.7513,1,-1,-1
2230,316,1360.34,232.02,18.22,34.90,0.5146,1,-1,-1
2230,326,907.83,200.05,13.61,29.84,0.5176,1,-1,-1
2230,256,1189.38,347.78,25.86,51.37,0.2451,1,-1,-1
2230,355,976.23,166.98,11.31,24.11,0.5370,1,-1,-1
2230,359,1462.93,316.98,18.78,46.62,0.5535,1,-1,-1
2230,375,1448.18,320.26,19.74,43.15,0.6289,1,-1,-1
2230,390,75.92,338.31,22.71,41.18,0.6935,1,-1,-1
2230,391,1895.09,202.38,15.96,31.15,0.3234,1,-1,-1
2231,254,968.17,297.18,16.70,41.12,0.7349,1,-1,-1
2231,316,1361.05,232.40,17.93,34.63,0.5312,1,-1,-1
2231,326,907.74,200.07,13.79,30.10,0.4834,1,-1,-1
2231,256,1192.03,348.87,25.66,51.15,0.4340,1,-1,-1
2231,355,976.20,166.82,11.50,24.60,0.5332,1,-1,-1
2231,359,1463.03,317.72,19.15,46.41,0.4922,1,-1,-1
2231,375,1450.27,320.37,19.66,43.28,0.5263,1,-1,-1
2231,390,74.15,339.30,22.63,40.64,0.5689,1,-1,-1
2231,391,1895.97,203.30,15.49,30.43,0.3329,1,-1,-1
2232,254,968.31,297.55,16.82,41.32,0.7334,1,-1,-1
2232,316,1361.62,232.58,17.98,34.96,0.5804,1,-1,-1
2232,326,907.85,200.32,13.94,30.21,0.4834,1,-1,-1
2232,256,1193.97,349.94,25.62,51.28,0.5641,1,-1,-1
2232,355,976.20,166.79,11.53,24.73,0.5390,1,-1,-1
2232,359,1466.42,317.23,19.30,46.99,0.4941,1,-1,-1
2232,375,1452.13,320.53,19.70,43.84,0.4785,1,-1,-1
2232,390,71.62,339.54,23.00,40.66,0.2838,1,-1,-1
2232,391,1897.26,203.65,15.25,30.24,0.3621,1,-1,-1
2233,254,968.19,297.91,16.94,41.68,0.7082,1,-1,-1
2233,316,1362.17,233.10,17.79,34.74,0.5631,1,-1,-1
2233,326,907.60,200.58,13.91,29.86,0.4455,1,-1,-1
2233,256,1197.19,351.55,24.64,49.92,0.5254,1,-1,-1
2233,355,976.30,166.84,11.41,24.53,0.5361,1,-1,-1
2233,359,1468.62,318.29,19.24,47.11,0.5554,1,-1,-1
2233,375,1453.72,321.01,19.71,44.20,0.4737,1,-1,-1
2233,390,68.35,339.06,24.36,42.78,0.6406,1,-1,-1
2233,391,1898.45,204.26,14.74,29.39,0.3311,1,-1,-1
2234,254,967.68,298.91,16.75,41.13,0.7146,1,-1,-1
2234,316,1362.40,233.37,17.60,34.54,0.5612,1,-1,-1
2234,326,906.26,200.29,14.20,30.29,0.2247,1,-1,-1
2234,256,1199.17,352.31,24.41,49.49,0.5612,1,-1,-1
2234,355,976.31,167.53,11.21,24.03,0.5380,1,-1,-1
2234,359,1469.48,319.32,19.50,47.94,0.5535,1,-1,-1
2234,375,1454.70,322.18,19.59,44.12,0.4083,1,-1,-1
2234,390,65.42,340.36,24.34,42.17,0.6002,1,-1,-1
2234,391,1899.10,204.55,14.54,29.08,0.3540,1,-1,-1
2235,254,965.74,299.58,16.79,40.87,0.6984,1,-1,-1
2235,316,1362.28,233.45,17.17,34.02,0.4571,1,-1,-1
2235,326,904.37,201.55,13.58,28.83,0.3174,1,-1,-1
2235,256,1197.83,352.78,25.24,50.08,0.5879,1,-1,-1
2235,355,975.35,167.04,10.69,22.92,0.4581,1,-1,-1
2235,359,1469.17,320.13,19.69,48.62,0.5224,1,-1,-1
2235,375,1455.04,323.07,19.40,43.94,0.4121,1,-1,-1
2235,391,1899.19,204.80,14.54,29.06,0.1238,1,-1,-1
2236,254,962.47,301.04,16.60,39.89,0.6800,1,-1,-1
2236,256,1194.62,354.13,26.21,50.41,0.6442,1,-1,-1
2236,359,1467.81,320.66,19.87,48.85,0.5244,1,-1,-1
2236,375,1453.64,323.50,19.08,43.30,0.4475,1,-1,-1
2237,254,957.58,301.90,17.14,40.51,0.6868,1,-1,-1
2237,256,1190.38,355.96,26.59,49.61,0.6206,1,-1,-1
2237,359,1464.88,321.76,19.47,47.78,0.5535,1,-1,-1
2237,375,1450.33,323.37,19.68,45.09,0.4932,1,-1,-1
2238,254,952.42,302.49,17.64,41.35,0.6215,1,-1,-1
2238,256,1186.68,356.68,27.09,49.74,0.6379,1,-1,-1
2238,375,1454.49,322.53,20.93,47.46,0.5765,1,-1,-1
2239,254,948.17,303.10,17.72,41.63,0.6610,1,-1,-1
2239,256,1183.00,357.31,27.67,49.95,0.6325,1,-1,-1
2239,375,1455.79,323.18,21.07,47.80,0.5955,1,-1,-1
2240,254,945.46,304.29,17.46,41.11,0.6951,1,-1,-1
2240,256,1180.50,358.02,28.55,50.81,0.6397,1,-1,-1
2240,375,1455.85,323.18,21.40,48.54,0.6252,1,-1,-1
2240,394,1439.09,326.48,19.11,44.58,0.6397,1,-1,-1
2240,395,1342.82,236.37,19.34,34.31,0.5813,1,-1,-1
2241,254,943.57,303.84,17.85,42.26,0.6732,1,-1,-1
2241,256,1178.13,359.40,28.56,50.16,0.4737,1,-1,-1
2241,375,1456.97,323.36,21.42,48.80,0.6645,1,-1,-1
2241,394,1439.36,326.47,19.07,44.49,0.6951,1,-1,-1
2241,395,1342.20,236.88,20.08,35.71,0.6169,1,-1,-1
2242,254,942.81,304.42,17.96,42.85,0.6105,1,-1,-1
2242,256,1179.92,360.04,28.91,51.09,0.5535,1,-1,-1
2242,375,1458.76,323.97,21.20,48.55,0.6645,1,-1,-1
2242,394,1440.44,327.24,19.32,45.00,0.5554,1,-1,-1
2242,395,1342.24,237.76,20.41,36.39,0.6334,1,-1,-1
2243,254,942.44,304.98,18.12,43.64,0.6289,1,-1,-1
2243,256,1184.69,362.28,27.82,50.28,0.4990,1,-1,-1
2243,375,1460.74,324.50,21.33,49.40,0.6885,1,-1,-1
2243,394,1443.32,329.41,19.01,44.17,0.6935,1,-1,-1
2243,395,1342.53,237.93,20.63,36.82,0.6298,1,-1,-1
2244,254,942.38,305.84,18.09,44.08,0.6663,1,-1,-1
2244,256,1186.56,363.52,27.28,50.54,0.4980,1,-1,-1
2244,375,1462.83,325.80,21.13,49.10,0.6433,1,-1,-1
2244,394,1445.46,329.99,19.23,44.59,0.6834,1,-1,-1
2244,395,1342.98,238.28,20.58,36.76,0.6280,1,-1,-1
2245,254,942.73,307.26,17.57,43.09,0.6645,1,-1,-1
2245,256,1187.62,364.14,27.22,51.23,0.5068,1,-1,-1
2245,375,1465.43,327.72,20.64,48.30,0.5516,1,-1,-1
2245,394,1448.06,330.53,19.21,44.69,0.5955,1,-1,-1
2245,395,1344.44,238.71,20.49,36.74,0.5983,1,-1,-1
2246,254,943.10,308.91,17.02,41.98,0.6817,1,-1,-1
2246,256,1188.21,364.54,27.40,52.25,0.4168,1,-1,-1
2246,375,1468.52,329.07,20.24,47.62,0.6030,1,-1,-1
2246,394,1451.28,333.06,18.49,42.80,0.6558,1,-1,-1
2246,395,1347.26,239.01,19.86,35.99,0.5689,1,-1,-1
2246,390,40.17,350.59,25.90,44.36,0.5746,1,-1,-1
2247,254,943.64,310.04,16.63,41.23,0.6732,1,-1,-1
2247,256,1187.59,365.41,26.60,50.97,0.3157,1,-1,-1
2247,394,1453.20,334.21,18.41,42.30,0.6800,1,-1,-1
2247,395,1348.20,239.15,19.59,35.60,0.6030,1,-1,-1
2247,398,878.91,205.44,12.93,28.56,0.5448,1,-1,-1
2247,390,36.47,351.50,26.06,44.82,0.4854,1,-1,-1
2247,359,1472.20,330.08,19.65,48.09,0.6968,1,-1,-1
2248,254,943.21,311.23,16.43,40.81,0.6179,1,-1,-1
2248,256,1192.09,367.61,26.14,51.07,0.4785,1,-1,-1
2248,394,1453.85,335.39,18.44,42.10,0.6645,1,-1,-1
2248,395,1348.60,239.12,19.38,35.31,0.5936,1,-1,-1
2248,398,878.30,205.92,12.68,27.98,0.4216,1,-1,-1
2248,359,1472.58,331.33,19.83,48.65,0.7114,1,-1,-1
2249,256,1188.28,369.09,26.05,50.74,0.3381,1,-1,-1
2249,359,1470.37,331.90,20.18,48.97,0.6206,1,-1,-1
2252,399,875.73,7.88,114.16,55.36,0.5049,4,-1,-1
2253,399,863.70,7.35,113.74,55.24,0.3460,4,-1,-1
2254,400,1136.22,375.16,35.41,52.23,0.6379,1,-1,-1
2254,401,1417.41,334.02,22.85,49.04,0.6935,1,-1,-1
2255,400,1133.54,375.17,35.69,52.82,0.5419,1,-1,-1
2255,401,1416.01,335.11,22.89,49.28,0.7225,1,-1,-1
2255,402,1398.46,338.25,19.83,43.60,0.7585,1,-1,-1
2255,403,877.82,317.52,21.19,43.92,0.5651,1,-1,-1
2255,404,1286.21,241.27,19.12,33.43,0.6011,1,-1,-1
2256,400,1134.06,376.57,36.28,53.96,0.4815,1,-1,-1
2256,401,1416.16,335.68,23.27,50.30,0.6645,1,-1,-1
2256,402,1399.02,339.34,19.69,43.30,0.7287,1,-1,-1
2256,403,876.10,317.99,21.44,44.61,0.5224,1,-1,-1
2256,404,1284.78,241.77,19.68,34.48,0.6628,1,-1,-1
2256,405,807.41,208.79,13.07,29.34,0.5612,1,-1,-1
2257,400,1134.16,378.13,36.41,54.32,0.5554,1,-1,-1
2257,401,1417.88,336.83,22.77,49.53,0.6169,1,-1,-1
2257,402,1401.03,340.31,19.89,43.90,0.7527,1,-1,-1
2257,403,875.30,318.91,21.56,45.09,0.6487,1,-1,-1
2257,404,1284.39,241.76,20.96,36.87,0.6289,1,-1,-1
2257,405,806.78,208.78,13.38,30.00,0.5380,1,-1,-1
2257,406,884.51,170.04,11.89,25.84,0.4591,1,-1,-1
2258,400,1135.56,380.12,36.62,54.78,0.5699,1,-1,-1
2258,401,1420.75,336.48,23.73,52.03,0.6749,1,-1,-1
2258,402,1404.10,342.36,19.82,43.84,0.6918,1,-1,-1
2258,403,875.46,320.15,21.15,44.54,0.6289,1,-1,-1
2258,404,1284.86,241.98,21.33,37.67,0.6086,1,-1,-1
2258,405,806.33,209.14,13.48,30.15,0.5651,1,-1,-1
2258,406,884.54,169.95,11.95,25.95,0.4591,1,-1,-1
2259,400,1140.29,381.87,36.46,55.25,0.5804,1,-1,-1
2259,401,1424.15,337.64,23.41,51.69,0.7287,1,-1,-1
2259,402,1407.20,342.74,19.87,44.09,0.6968,1,-1,-1
2259,403,876.25,322.52,20.24,42.99,0.6105,1,-1,-1
2259,404,1286.56,243.04,21.21,37.70,0.5670,1,-1,-1
2259,405,805.97,209.83,13.39,29.84,0.5708,1,-1,-1
2259,406,884.28,170.46,11.94,25.97,0.4795,1,-1,-1
2260,400,1144.90,383.64,34.85,53.66,0.5341,1,-1,-1
2260,401,1428.19,338.63,23.04,51.34,0.6289,1,-1,-1
2260,402,1410.10,342.94,20.17,45.11,0.7287,1,-1,-1
2260,403,876.76,323.64,20.14,43.15,0.6123,1,-1,-1
2260,404,1288.14,244.04,20.74,37.16,0.4581,1,-1,-1
2260,405,805.94,210.16,13.24,29.35,0.5879,1,-1,-1
2260,406,884.37,171.09,11.69,25.48,0.4717,1,-1,-1
2261,400,1143.01,385.11,34.39,52.88,0.4766,1,-1,-1
2261,401,1430.44,339.95,23.41,52.57,0.6783,1,-1,-1
2261,402,1412.20,343.18,20.71,46.79,0.7082,1,-1,-1
2261,403,877.37,324.83,20.04,43.29,0.6361,1,-1,-1
2261,404,1289.79,243.89,20.27,36.63,0.5458,1,-1,-1
2261,405,805.84,210.42,13.26,29.28,0.5955,1,-1,-1
2261,406,884.33,171.55,11.61,25.36,0.4941,1,-1,-1
2262,400,1146.52,386.95,34.75,54.35,0.4581,1,-1,-1
2262,401,1433.99,340.87,23.12,52.46,0.7066,1,-1,-1
2262,402,1415.59,345.40,20.55,46.25,0.6885,1,-1,-1
2262,403,877.48,324.89,20.59,44.72,0.5955,1,-1,-1
2262,404,1291.09,243.71,20.69,37.57,0.5293,1,-1,-1
2262,405,805.93,210.63,13.38,29.45,0.5936,1,-1,-1
2262,406,884.31,171.92,11.58,25.41,0.4990,1,-1,-1
2263,400,1146.13,387.65,35.08,54.91,0.5273,1,-1,-1
2263,401,1437.29,342.32,22.64,51.93,0.7272,1,-1,-1
2263,402,1418.80,346.66,20.32,45.88,0.7146,1,-1,-1
2263,403,878.26,325.60,20.45,44.77,0.6522,1,-1,-1
2263,404,1292.35,243.96,20.80,38.05,0.5756,1,-1,-1
2263,405,805.63,210.99,13.54,29.77,0.6123,1,-1,-1
2263,406,884.51,171.94,11.63,25.61,0.5195,1,-1,-1
2264,400,1148.54,389.09,34.83,55.23,0.5010,1,-1,-1
2264,401,1440.78,344.37,22.05,50.94,0.7146,1,-1,-1
2264,402,1421.75,347.61,20.34,46.29,0.7698,1,-1,-1
2264,403,878.48,326.13,20.68,45.86,0.6307,1,-1,-1
2264,404,1293.76,244.22,20.78,38.30,0.5927,1,-1,-1
2264,405,805.28,211.50,13.45,29.56,0.6289,1,-1,-1
2264,406,884.71,172.54,11.41,25.21,0.5234,1,-1,-1
2265,400,1150.84,391.09,34.82,56.00,0.4941,1,-1,-1
2265,401,1443.85,345.40,21.99,51.27,0.6968,1,-1,-1
2265,402,1424.04,348.94,20.32,46.35,0.7318,1,-1,-1
2265,403,879.06,327.68,20.46,45.68,0.6732,1,-1,-1
2265,404,1294.77,244.88,20.79,38.50,0.6424,1,-1,-1
2265,405,804.84,212.01,13.40,29.43,0.6343,1,-1,-1
2265,406,884.85,172.96,11.33,25.08,0.5370,1,-1,-1
2266,400,1151.91,392.41,34.71,56.10,0.3115,1,-1,-1
2266,401,1447.25,347.14,22.00,51.52,0.7017,1,-1,-1
2266,402,1427.16,350.86,20.25,45.97,0.7303,1,-1,-1
2266,403,879.61,328.53,20.64,46.38,0.7082,1,-1,-1
2266,404,1295.70,245.68,20.94,39.04,0.5964,1,-1,-1
2266,405,804.42,212.50,13.43,29.51,0.6343,1,-1,-1
2266,406,885.23,173.41,11.26,24.94,0.5283,1,-1,-1
2267,400,1152.95,393.31,33.74,54.91,0.1312,1,-1,-1
2267,401,1449.81,347.84,22.65,53.33,0.7272,1,-1,-1
2267,402,1429.31,353.07,20.88,46.88,0.6575,1,-1,-1
2267,403,879.78,329.32,20.90,47.04,0.7303,1,-1,-1
2267,404,1296.81,246.47,21.25,40.08,0.6058,1,-1,-1
2267,405,804.03,213.38,13.31,29.22,0.6325,1,-1,-1
2267,406,885.56,173.63,11.57,25.59,0.5146,1,-1,-1
2268,400,1156.30,394.83,33.64,55.33,0.5651,1,-1,-1
2268,401,1452.93,351.41,22.17,51.81,0.6851,1,-1,-1
2268,402,1432.30,354.11,20.88,46.91,0.7656,1,-1,-1
2268,403,880.05,330.32,21.02,47.30,0.6901,1,-1,-1
2268,404,1298.12,248.15,20.73,39.38,0.5699,1,-1,-1
2268,405,803.47,214.16,13.34,29.07,0.6215,1,-1,-1
2268,406,885.76,173.98,11.57,25.50,0.4883,1,-1,-1
2269,400,1160.03,397.59,33.62,55.76,0.5215,1,-1,-1
2269,401,1455.71,351.29,22.95,53.89,0.6766,1,-1,-1
2269,402,1434.13,354.66,21.21,47.65,0.7394,1,-1,-1
2269,403,880.74,331.94,20.92,47.23,0.6628,1,-1,-1
2269,404,1299.81,249.45,19.93,37.95,0.6039,1,-1,-1
2269,405,803.06,214.60,13.54,29.25,0.6067,1,-1,-1
2269,406,886.08,174.11,11.63,25.45,0.4581,1,-1,-1
2270,400,1160.08,398.51,33.41,55.98,0.4668,1,-1,-1
2270,401,1459.63,353.39,22.72,52.80,0.7287,1,-1,-1
2270,402,1437.76,356.37,21.30,47.71,0.7050,1,-1,-1
2270,403,881.39,332.99,20.83,47.64,0.6415,1,-1,-1
2270,404,1301.32,250.56,19.24,36.58,0.5059,1,-1,-1
2270,405,802.72,215.26,13.48,29.10,0.5974,1,-1,-1
2270,406,886.46,174.07,11.59,25.31,0.4883,1,-1,-1
2271,400,1162.92,400.00,34.50,58.05,0.4961,1,-1,-1
2271,401,1463.20,354.07,22.92,53.27,0.7162,1,-1,-1
2271,402,1440.97,357.29,21.94,48.66,0.6715,1,-1,-1
2271,403,882.14,334.27,20.76,48.05,0.6868,1,-1,-1
2271,404,1302.66,251.61,19.01,35.97,0.5756,1,-1,-1
2271,405,802.33,215.49,13.74,29.60,0.6142,1,-1,-1
2271,406,886.54,174.13,11.61,25.33,0.4990,1,-1,-1
2272,400,1166.14,402.25,34.38,57.98,0.3217,1,-1,-1
2272,401,1466.06,356.23,23.15,53.67,0.6086,1,-1,-1
2272,402,1444.51,358.55,21.87,48.57,0.7082,1,-1,-1
2272,403,883.60,335.42,20.45,47.83,0.6951,1,-1,-1
2272,404,1303.52,251.39,19.61,36.95,0.5448,1,-1,-1
2272,405,802.03,215.64,14.03,30.14,0.6433,1,-1,-1
2272,406,886.90,173.80,11.87,25.81,0.5205,1,-1,-1
2273,400,1173.13,406.22,33.20,56.97,0.5554,1,-1,-1
2273,401,1469.21,357.83,23.45,53.99,0.7033,1,-1,-1
2273,402,1447.83,359.59,21.70,48.14,0.6086,1,-1,-1
2273,403,884.59,336.23,20.14,47.67,0.6593,1,-1,-1
2273,404,1305.11,251.30,20.16,37.94,0.5651,1,-1,-1
2273,405,801.83,215.68,14.28,30.59,0.6451,1,-1,-1
2273,406,887.19,173.56,12.11,26.29,0.5312,1,-1,-1
2274,400,1177.19,407.78,33.23,57.59,0.6469,1,-1,-1
2274,401,1472.64,359.67,23.35,53.42,0.7287,1,-1,-1
2274,402,1451.42,360.99,21.71,48.02,0.7066,1,-1,-1
2274,403,886.19,337.88,20.76,48.35,0.6487,1,-1,-1
2274,404,1306.60,251.67,20.32,38.42,0.5936,1,-1,-1
2274,405,801.65,215.79,14.44,30.89,0.6732,1,-1,-1
2274,406,887.45,173.44,12.12,26.27,0.5302,1,-1,-1
2275,400,1180.74,409.49,32.73,56.89,0.6433,1,-1,-1
2275,401,1476.57,361.74,23.39,52.95,0.6433,1,-1,-1
2275,402,1454.91,363.94,21.51,47.38,0.7114,1,-1,-1
2275,403,885.94,339.94,20.83,48.66,0.6766,1,-1,-1
2275,404,1307.63,252.33,20.32,38.50,0.5860,1,-1,-1
2275,405,801.47,216.10,14.48,30.89,0.6575,1,-1,-1
2275,406,887.66,173.50,12.30,26.60,0.5205,1,-1,-1
2276,400,1181.74,410.37,34.04,59.11,0.6289,1,-1,-1
2276,401,1479.72,362.65,24.02,53.72,0.6123,1,-1,-1
2276,402,1458.34,364.72,21.63,47.94,0.7098,1,-1,-1
2276,403,885.59,341.37,20.55,48.28,0.7303,1,-1,-1
2276,404,1308.95,252.41,20.71,39.81,0.5974,1,-1,-1
2276,405,801.33,216.60,14.51,30.97,0.6325,1,-1,-1
2276,406,887.92,173.69,12.24,26.43,0.5146,1,-1,-1
2277,400,1184.27,412.80,34.09,59.14,0.6123,1,-1,-1
2277,401,1483.34,364.51,24.10,53.79,0.7066,1,-1,-1
2277,402,1461.39,366.53,21.60,48.17,0.7130,1,-1,-1
2277,403,885.95,342.26,20.42,48.09,0.6451,1,-1,-1
2277,404,1310.32,253.24,20.63,40.13,0.6049,1,-1,-1
2277,405,801.38,217.06,14.38,30.84,0.6105,1,-1,-1
2277,406,888.39,173.85,11.97,25.82,0.5010,1,-1,-1
2278,400,1185.16,416.91,33.85,57.99,0.5679,1,-1,-1
2278,401,1487.37,365.86,24.22,53.63,0.6715,1,-1,-1
2278,402,1464.16,367.86,21.96,49.43,0.6478,1,-1,-1
2278,403,887.22,344.50,20.34,47.74,0.6715,1,-1,-1
2278,404,1311.71,254.19,19.97,38.93,0.5842,1,-1,-1
2278,405,801.27,217.82,14.26,30.71,0.5974,1,-1,-1
2278,406,889.02,173.92,11.75,25.40,0.4902,1,-1,-1
2279,400,1186.24,418.61,34.85,59.02,0.6002,1,-1,-1
2279,401,1490.38,366.50,25.32,55.68,0.7098,1,-1,-1
2279,402,1467.08,368.78,22.52,50.57,0.7303,1,-1,-1
2279,403,888.26,346.50,20.24,47.16,0.6800,1,-1,-1
2279,404,1312.84,254.79,19.97,39.18,0.4349,1,-1,-1
2279,405,800.98,218.46,14.28,30.69,0.5879,1,-1,-1
2279,406,889.58,174.17,11.59,25.17,0.4523,1,-1,-1
2280,400,1187.92,420.78,35.09,58.71,0.6478,1,-1,-1
2280,401,1494.11,367.48,25.60,56.57,0.6935,1,-1,-1
2280,402,1470.27,370.71,22.29,50.13,0.7439,1,-1,-1
2280,403,889.02,347.54,20.56,47.35,0.6809,1,-1,-1
2280,404,1314.10,255.28,19.81,38.92,0.5283,1,-1,-1
2280,405,800.55,219.08,14.45,30.94,0.6011,1,-1,-1
2280,406,889.85,174.50,11.42,24.96,0.4254,1,-1,-1
2281,400,1189.62,421.35,37.16,62.14,0.6575,1,-1,-1
2281,401,1497.76,368.85,25.47,56.55,0.7194,1,-1,-1
2281,402,1474.33,372.53,22.34,50.06,0.7178,1,-1,-1
2281,403,889.43,349.55,21.04,48.06,0.6792,1,-1,-1
2281,404,1315.78,255.82,20.04,39.58,0.6424,1,-1,-1
2281,405,800.17,219.68,14.44,30.87,0.6234,1,-1,-1
2281,406,890.15,174.74,11.21,24.69,0.4301,1,-1,-1
2282,400,1191.81,424.98,36.46,60.57,0.5670,1,-1,-1
2282,401,1501.26,371.23,25.42,56.35,0.6379,1,-1,-1
2282,402,1477.67,374.32,22.22,49.68,0.7162,1,-1,-1
2282,403,889.20,351.54,21.37,48.37,0.6792,1,-1,-1
2282,404,1316.60,256.26,20.93,41.63,0.6370,1,-1,-1
2282,405,799.92,220.26,14.34,30.49,0.5860,1,-1,-1
2282,406,890.15,175.18,10.95,24.34,0.3858,1,-1,-1
2283,400,1193.30,427.33,37.13,61.25,0.5679,1,-1,-1
2283,401,1505.25,372.78,25.70,57.39,0.6783,1,-1,-1
2283,402,1480.45,376.38,22.36,49.75,0.7379,1,-1,-1
2283,403,889.14,353.14,21.46,48.19,0.6926,1,-1,-1
2283,404,1317.88,256.42,20.91,42.03,0.6567,1,-1,-1
2283,405,799.67,220.89,14.30,30.29,0.5917,1,-1,-1
2283,406,890.02,175.53,10.85,24.31,0.3998,1,-1,-1
2284,400,1196.16,428.89,37.49,61.49,0.6021,1,-1,-1
2284,401,1508.96,374.47,25.44,57.29,0.7050,1,-1,-1
2284,402,1484.21,378.45,22.66,50.07,0.6935,1,-1,-1
2284,403,888.86,354.17,21.74,48.57,0.6993,1,-1,-1
2284,404,1319.14,256.87,20.81,42.09,0.6706,1,-1,-1
2284,405,798.75,221.25,14.38,30.39,0.5516,1,-1,-1
2284,406,889.56,175.69,11.12,24.99,0.4102,1,-1,-1
2285,400,1200.59,431.97,36.95,61.30,0.5234,1,-1,-1
2285,401,1511.98,376.63,25.80,58.28,0.6645,1,-1,-1
2285,402,1487.31,380.26,22.87,49.96,0.6834,1,-1,-1
2285,403,888.93,355.91,21.99,48.97,0.6993,1,-1,-1
2285,404,1320.56,257.97,20.36,41.35,0.6654,1,-1,-1
2285,405,797.91,221.28,14.55,30.71,0.5535,1,-1,-1
2285,406,889.17,175.89,11.20,25.22,0.4668,1,-1,-1
2286,400,1203.77,432.99,37.41,63.52,0.4815,1,-1,-1
2286,401,1515.85,378.42,25.66,58.09,0.7178,1,-1,-1
2286,402,1490.64,381.85,24.02,51.22,0.6215,1,-1,-1
2286,403,889.38,357.29,22.07,49.14,0.6984,1,-1,-1
2286,404,1321.88,259.12,19.77,40.40,0.6549,1,-1,-1
2286,405,797.05,221.74,14.46,30.70,0.5429,1,-1,-1
2286,406,888.73,176.29,10.86,24.34,0.5107,1,-1,-1
2287,400,1207.36,436.24,36.62,63.13,0.3639,1,-1,-1
2287,401,1518.92,379.96,25.58,57.79,0.7210,1,-1,-1
2287,402,1493.07,383.37,24.99,52.53,0.7050,1,-1,-1
2287,403,890.24,358.68,22.00,49.42,0.6584,1,-1,-1
2287,404,1322.92,260.67,19.39,39.56,0.6280,1,-1,-1
2287,405,796.28,221.98,14.57,31.07,0.5603,1,-1,-1
2287,406,888.36,176.62,10.86,24.30,0.5137,1,-1,-1
2288,400,1207.43,438.14,37.56,65.17,0.4196,1,-1,-1
2288,401,1522.16,381.81,25.99,58.98,0.7001,1,-1,-1
2288,402,1496.20,384.87,25.64,53.10,0.6593,1,-1,-1
2288,403,890.14,360.38,21.99,49.38,0.6715,1,-1,-1
2288,404,1324.02,262.04,19.03,38.76,0.5851,1,-1,-1
2288,405,795.13,222.52,14.76,31.62,0.6469,1,-1,-1
2288,406,888.08,176.97,10.83,24.23,0.5467,1,-1,-1
2289,400,1208.23,440.22,38.37,66.57,0.3914,1,-1,-1
2289,401,1524.95,383.96,26.22,59.27,0.6433,1,-1,-1
2289,402,1499.36,387.91,25.43,52.31,0.6270,1,-1,-1
2289,403,891.07,361.78,21.82,49.38,0.7146,1,-1,-1
2289,404,1325.57,262.69,19.09,38.89,0.5974,1,-1,-1
2289,405,794.70,222.96,14.77,31.70,0.6610,1,-1,-1
2289,406,887.89,177.26,10.73,23.99,0.5341,1,-1,-1
2290,400,1211.49,442.71,37.94,66.04,0.4980,1,-1,-1
2290,401,1528.79,385.19,26.32,59.50,0.7098,1,-1,-1
2290,402,1501.96,389.33,25.67,52.21,0.6715,1,-1,-1
2290,403,892.46,363.02,21.21,48.55,0.6800,1,-1,-1
2290,404,1327.12,263.31,19.30,39.47,0.6011,1,-1,-1
2290,405,794.35,223.63,14.51,31.18,0.6593,1,-1,-1
2290,406,887.66,177.59,10.63,23.70,0.5244,1,-1,-1
2291,400,1216.76,446.98,36.93,65.56,0.3407,1,-1,-1
2291,401,1532.96,387.27,26.28,59.71,0.7017,1,-1,-1
2291,402,1506.46,391.10,25.96,52.80,0.6179,1,-1,-1
2291,403,893.61,364.51,20.98,48.41,0.6680,1,-1,-1
2291,404,1328.53,263.61,19.57,40.09,0.5974,1,-1,-1
2291,405,793.56,224.25,14.58,31.40,0.6325,1,-1,-1
2291,406,887.37,177.81,10.85,24.16,0.5458,1,-1,-1
2292,400,1218.49,447.92,37.41,67.14,0.3416,1,-1,-1
2292,401,1537.09,389.23,26.59,60.77,0.6901,1,-1,-1
2292,402,1510.45,392.92,26.02,52.92,0.5708,1,-1,-1
2292,403,894.66,366.49,20.74,48.51,0.6766,1,-1,-1
2292,404,1329.75,264.05,19.83,40.51,0.6179,1,-1,-1
2292,405,793.31,224.97,14.54,31.38,0.6289,1,-1,-1
2292,406,887.04,177.99,11.05,24.57,0.5574,1,-1,-1
2293,400,1219.87,449.74,38.42,69.10,0.4513,1,-1,-1
2293,401,1541.67,391.73,26.02,59.43,0.6885,1,-1,-1
2293,402,1513.66,394.97,26.32,53.98,0.6011,1,-1,-1
2293,403,895.68,367.62,21.21,50.09,0.6540,1,-1,-1
2293,404,1331.02,264.85,19.64,39.89,0.5917,1,-1,-1
2293,405,792.96,225.68,14.51,31.34,0.6270,1,-1,-1
2293,406,886.86,178.26,11.19,24.84,0.5804,1,-1,-1
2294,400,1221.60,452.68,38.39,68.58,0.6132,1,-1,-1
2294,401,1545.40,393.12,26.49,60.69,0.6663,1,-1,-1
2294,402,1518.93,395.87,26.74,54.98,0.6067,1,-1,-1
2294,403,896.28,369.49,21.37,50.68,0.6732,1,-1,-1
2294,404,1332.16,266.21,19.18,38.65,0.6067,1,-1,-1
2294,405,792.29,226.37,14.50,31.52,0.6316,1,-1,-1
2294,406,886.70,178.63,11.30,25.11,0.5974,1,-1,-1
2295,400,1226.02,456.80,38.20,68.16,0.5176,1,-1,-1
2295,401,1550.25,395.18,26.53,60.91,0.6766,1,-1,-1
2295,402,1522.12,397.66,26.58,54.76,0.5612,1,-1,-1
2295,403,897.04,371.13,21.65,51.98,0.6697,1,-1,-1
2295,404,1334.00,267.33,19.34,39.02,0.5784,1,-1,-1
2295,405,791.46,226.81,14.82,32.35,0.5983,1,-1,-1
2295,406,886.85,178.78,11.19,24.83,0.5400,1,-1,-1
2295,408,922.80,145.62,9.44,22.62,0.4805,1,-1,-1
2296,400,1228.43,458.94,38.72,68.84,0.5195,1,-1,-1
2296,401,1553.27,396.59,27.10,62.24,0.6628,1,-1,-1
2296,402,1524.63,399.46,28.47,58.67,0.5029,1,-1,-1
2296,403,897.92,372.75,22.07,52.72,0.6984,1,-1,-1
2296,404,1335.13,268.26,19.74,39.74,0.5993,1,-1,-1
2296,405,791.01,226.87,15.09,32.75,0.6197,1,-1,-1
2296,406,887.20,178.95,10.99,24.38,0.5341,1,-1,-1
2296,408,922.52,145.65,9.51,22.80,0.5020,1,-1,-1
2297,400,1232.09,461.82,39.19,69.24,0.4922,1,-1,-1
2297,401,1557.14,398.43,27.53,63.27,0.7001,1,-1,-1
2297,402,1529.96,401.33,28.07,58.18,0.4455,1,-1,-1
2297,403,898.07,374.37,22.86,53.46,0.7272,1,-1,-1
2297,404,1336.52,268.58,20.21,40.73,0.6379,1,-1,-1
2297,405,790.42,227.04,15.39,33.34,0.5936,1,-1,-1
2297,406,887.36,178.98,10.95,24.30,0.4834,1,-1,-1
2297,408,922.27,145.64,9.62,23.11,0.4893,1,-1,-1
2298,400,1239.31,465.29,38.63,69.01,0.6142,1,-1,-1
2298,401,1562.22,400.26,27.19,62.82,0.6361,1,-1,-1
2298,402,1536.82,403.33,26.98,57.01,0.5293,1,-1,-1
2298,403,897.89,376.13,23.50,54.01,0.7256,1,-1,-1
2298,404,1338.38,268.84,20.34,40.92,0.6021,1,-1,-1
2298,405,790.13,228.28,15.21,32.89,0.5784,1,-1,-1
2298,406,887.57,179.05,11.01,24.46,0.4349,1,-1,-1
2298,408,922.10,145.88,9.77,23.53,0.4932,1,-1,-1
2299,400,1239.58,467.73,40.39,71.16,0.5039,1,-1,-1
2299,401,1566.72,403.30,27.32,63.12,0.6179,1,-1,-1
2299,402,1542.77,405.89,26.39,56.02,0.5516,1,-1,-1
2299,403,899.54,378.38,23.63,53.44,0.7082,1,-1,-1
2299,404,1339.78,269.23,20.56,41.22,0.6451,1,-1,-1
2299,405,789.75,228.78,15.36,33.13,0.5409,1,-1,-1
2299,406,887.46,179.18,11.24,25.04,0.4581,1,-1,-1
2299,408,921.89,146.00,10.01,24.26,0.4177,1,-1,-1
2300,400,1239.84,470.14,41.95,73.12,0.6002,1,-1,-1
2300,401,1571.77,406.03,26.88,61.78,0.7033,1,-1,-1
2300,402,1547.47,408.09,25.67,54.90,0.6325,1,-1,-1
2300,403,900.23,380.63,24.14,53.96,0.7033,1,-1,-1
2300,404,1341.64,270.89,20.06,39.99,0.6307,1,-1,-1
2300,405,789.60,229.06,15.52,33.44,0.6343,1,-1,-1
2300,406,887.41,179.25,11.38,25.39,0.4707,1,-1,-1
2300,408,921.53,145.95,10.27,25.05,0.3442,1,-1,-1
2301,400,1242.62,474.11,41.91,71.86,0.5273,1,-1,-1
2301,401,1577.27,407.61,26.71,61.48,0.6215,1,-1,-1
2301,402,1550.46,410.76,25.59,54.05,0.5993,1,-1,-1
2301,403,901.52,382.79,24.59,54.83,0.6918,1,-1,-1
2301,404,1343.09,272.52,19.99,39.38,0.6397,1,-1,-1
2301,405,789.31,229.40,15.74,33.87,0.6433,1,-1,-1
2301,406,887.53,179.36,11.67,26.11,0.5390,1,-1,-1
2301,408,921.18,145.72,10.38,25.52,0.1357,1,-1,-1
2302,400,1245.17,478.32,42.09,71.04,0.5737,1,-1,-1
2302,401,1581.42,409.52,27.13,62.61,0.5917,1,-1,-1
2302,402,1554.82,413.48,26.57,55.87,0.5477,1,-1,-1
2302,403,902.31,384.31,24.58,55.03,0.6901,1,-1,-1
2302,404,1345.04,273.47,20.63,40.54,0.6011,1,-1,-1
2302,405,788.81,229.65,15.81,34.10,0.6325,1,-1,-1
2302,406,887.56,179.44,11.88,26.72,0.5670,1,-1,-1
2302,408,921.13,145.90,10.20,25.31,0.1848,1,-1,-1
2303,400,1253.10,483.89,40.24,68.72,0.5107,1,-1,-1
2303,401,1586.89,411.71,27.37,63.00,0.6039,1,-1,-1
2303,402,1560.94,416.16,26.93,56.56,0.6114,1,-1,-1
2303,403,903.16,386.11,24.77,56.16,0.6325,1,-1,-1
2303,404,1346.24,274.28,20.84,40.77,0.5593,1,-1,-1
2303,405,788.43,230.19,15.81,34.17,0.6252,1,-1,-1
2303,406,887.58,179.59,11.99,27.14,0.5727,1,-1,-1
2303,408,921.33,146.56,9.80,24.57,0.2323,1,-1,-1
2304,400,1260.49,487.76,39.22,68.41,0.6114,1,-1,-1
2304,401,1591.42,414.27,27.83,64.53,0.6697,1,-1,-1
2304,402,1566.20,418.73,26.68,55.72,0.6834,1,-1,-1
2304,403,904.65,387.95,23.71,54.98,0.6800,1,-1,-1
2304,404,1349.51,274.82,20.79,41.09,0.5525,1,-1,-1
2304,405,787.99,230.79,15.73,34.17,0.6086,1,-1,-1
2304,406,887.70,179.85,11.85,26.94,0.5400,1,-1,-1
2304,408,921.63,147.80,9.24,23.38,0.2050,1,-1,-1
2305,400,1266.04,491.86,37.92,67.77,0.6243,1,-1,-1
2305,401,1595.22,416.86,28.27,65.60,0.5804,1,-1,-1
2305,402,1571.00,421.12,26.96,56.20,0.5842,1,-1,-1
2305,403,905.91,389.61,22.84,54.15,0.6593,1,-1,-1
2305,404,1352.12,275.85,20.26,40.35,0.5917,1,-1,-1
2305,405,787.54,231.32,15.47,33.82,0.5804,1,-1,-1
2305,406,887.85,180.25,11.60,26.45,0.5429,1,-1,-1
2305,408,921.88,149.22,8.65,22.01,0.2814,1,-1,-1
2306,400,1268.77,495.26,38.13,68.83,0.3016,1,-1,-1
2306,401,1600.56,418.76,28.45,66.50,0.6984,1,-1,-1
2306,402,1575.66,423.44,28.35,58.43,0.6334,1,-1,-1
2306,403,907.57,391.45,23.09,55.97,0.6645,1,-1,-1
2306,404,1352.86,276.58,20.52,40.70,0.5535,1,-1,-1
2306,405,787.21,231.86,15.37,33.77,0.5879,1,-1,-1
2306,406,887.95,180.46,11.70,26.74,0.4883,1,-1,-1
2306,408,921.94,150.01,8.36,21.33,0.1981,1,-1,-1
2307,400,1269.93,497.29,38.73,69.80,0.5117,1,-1,-1
2307,401,1606.03,421.91,28.01,65.76,0.6800,1,-1,-1
2307,402,1579.98,425.81,28.25,58.47,0.6370,1,-1,-1
2307,403,908.79,393.93,22.38,55.13,0.6800,1,-1,-1
2307,404,1353.72,277.66,20.78,40.95,0.5842,1,-1,-1
2307,405,786.61,232.29,15.64,34.47,0.5917,1,-1,-1
2307,406,888.35,180.84,11.82,27.09,0.4216,1,-1,-1
2307,408,922.11,150.74,8.10,20.73,0.1446,1,-1,-1
2308,400,1268.98,499.41,40.64,71.91,0.5775,1,-1,-1
2308,401,1611.10,424.26,28.27,66.33,0.6885,1,-1,-1
2308,402,1584.42,428.24,28.33,58.30,0.6645,1,-1,-1
2308,403,909.47,394.91,23.17,58.25,0.7017,1,-1,-1
2308,404,1356.36,278.92,21.10,42.02,0.5804,1,-1,-1
2308,405,785.81,232.23,15.88,35.13,0.5765,1,-1,-1
2308,406,888.52,180.99,11.64,26.69,0.3849,1,-1,-1
2309,400,1270.24,502.40,42.00,73.47,0.4727,1,-1,-1
2309,401,1616.19,427.52,28.32,66.15,0.6487,1,-1,-1
2309,402,1589.69,430.83,28.50,58.55,0.6868,1,-1,-1
2309,403,910.63,397.29,22.38,57.02,0.6885,1,-1,-1
2309,404,1357.49,280.01,21.31,42.35,0.5898,1,-1,-1
2309,405,785.89,232.85,15.81,35.17,0.6123,1,-1,-1
2309,406,889.02,181.50,11.35,26.20,0.4581,1,-1,-1
2310,400,1273.35,504.55,42.71,74.79,0.2751,1,-1,-1
2310,401,1621.47,429.45,28.79,67.46,0.6775,1,-1,-1
2310,402,1594.80,433.26,28.51,59.06,0.6379,1,-1,-1
2310,403,911.72,400.39,21.69,55.77,0.7017,1,-1,-1
2310,404,1358.26,281.08,21.62,42.30,0.5823,1,-1,-1
2310,405,785.74,233.41,15.80,35.34,0.5419,1,-1,-1
2310,406,889.20,181.88,11.28,26.29,0.4026,1,-1,-1
2311,400,1275.03,507.96,40.54,72.00,0.1640,1,-1,-1
2311,401,1626.70,432.33,28.88,67.26,0.7417,1,-1,-1
2311,402,1600.16,435.43,28.92,60.26,0.6424,1,-1,-1
2311,403,912.18,402.06,22.18,57.24,0.6740,1,-1,-1
2311,404,1361.50,281.81,21.35,41.70,0.5936,1,-1,-1
2311,405,785.07,233.81,15.91,35.83,0.5438,1,-1,-1
2311,406,889.21,182.29,11.42,26.84,0.3775,1,-1,-1
2311,411,1162.77,155.70,9.08,21.67,0.4610,1,-1,-1
2312,400,1277.26,511.13,43.30,76.41,0.3007,1,-1,-1
2312,401,1631.69,435.01,29.54,67.86,0.7287,1,-1,-1
2312,402,1605.78,437.49,27.76,58.05,0.6179,1,-1,-1
2312,403,914.22,405.22,22.49,57.21,0.7114,1,-1,-1
2312,404,1363.27,282.51,21.43,41.38,0.5879,1,-1,-1
2312,405,784.36,234.68,15.96,35.98,0.4990,1,-1,-1
2312,406,889.41,183.11,11.29,26.80,0.2487,1,-1,-1
2312,411,1163.12,155.97,9.03,21.55,0.4504,1,-1,-1
2313,400,1292.02,518.41,42.10,76.30,0.6505,1,-1,-1
2313,401,1636.60,438.04,29.84,67.95,0.6469,1,-1,-1
2313,402,1611.90,439.55,28.36,59.22,0.7001,1,-1,-1
2313,403,916.00,408.13,23.01,57.40,0.7454,1,-1,-1
2313,404,1364.63,283.70,22.11,42.34,0.6270,1,-1,-1
2313,405,783.64,236.07,15.89,35.81,0.4873,1,-1,-1
2313,406,889.51,184.34,10.81,25.76,0.3234,1,-1,-1
2313,411,1163.36,156.47,8.84,21.10,0.4542,1,-1,-1
2314,400,1302.31,526.07,40.51,74.13,0.6179,1,-1,-1
2314,401,1643.22,441.27,30.30,68.18,0.6951,1,-1,-1
2314,402,1617.59,443.28,28.34,59.69,0.6325,1,-1,-1
2314,403,916.66,410.39,23.19,57.07,0.7498,1,-1,-1
2314,404,1366.61,285.16,22.34,42.64,0.5964,1,-1,-1
2314,405,783.23,237.02,15.49,34.86,0.5244,1,-1,-1
2314,406,889.64,185.14,10.46,25.05,0.2282,1,-1,-1
2314,411,1163.56,156.77,8.75,20.91,0.4552,1,-1,-1
2315,400,1308.03,529.37,41.77,76.32,0.6123,1,-1,-1
2315,401,1649.63,443.51,30.52,68.49,0.7280,1,-1,-1
2315,402,1623.47,445.44,29.22,62.05,0.6619,1,-1,-1
2315,403,916.67,411.59,24.15,58.89,0.7210,1,-1,-1
2315,404,1368.02,286.18,22.50,42.58,0.5946,1,-1,-1
2315,405,782.92,238.05,15.59,35.14,0.5195,1,-1,-1
2315,406,889.56,185.65,10.40,24.96,0.3217,1,-1,-1
2315,411,1163.98,156.95,8.79,20.93,0.4591,1,-1,-1
2316,400,1314.95,535.81,40.82,74.97,0.6783,1,-1,-1
2316,401,1656.12,446.27,30.40,68.30,0.7066,1,-1,-1
2316,402,1630.38,448.54,29.88,63.22,0.6593,1,-1,-1
2316,403,916.43,414.05,24.47,58.92,0.7287,1,-1,-1
2316,404,1373.67,287.67,21.21,40.97,0.5554,1,-1,-1
2316,405,782.12,239.43,15.46,34.91,0.5409,1,-1,-1
2316,406,889.70,185.74,10.11,24.18,0.3390,1,-1,-1
2316,411,1164.22,157.62,8.62,20.42,0.5020,1,-1,-1
2317,400,1319.55,541.93,40.96,75.06,0.6289,1,-1,-1
2317,401,1662.39,449.00,31.01,69.45,0.7017,1,-1,-1
2317,402,1635.87,451.47,30.15,63.66,0.7178,1,-1,-1
2317,403,916.78,416.12,25.22,60.44,0.6918,1,-1,-1
2317,404,1376.95,288.96,20.56,40.20,0.4961,1,-1,-1
2317,405,781.00,240.15,15.55,35.07,0.5516,1,-1,-1
2317,406,889.78,185.67,9.96,23.70,0.2606,1,-1,-1
2317,411,1164.54,158.78,8.19,19.28,0.4273,1,-1,-1
2317,414,1297.62,532.84,37.77,73.56,0.5020,1,-1,-1
2318,400,1323.65,543.40,42.71,78.74,0.6325,1,-1,-1
2318,401,1668.62,451.39,31.80,71.11,0.6935,1,-1,-1
2318,402,1642.02,455.19,29.25,62.08,0.6540,1,-1,-1
2318,403,916.30,417.99,25.92,61.06,0.6637,1,-1,-1
2318,404,1377.68,289.05,21.45,42.13,0.4149,1,-1,-1
2318,405,780.36,240.72,15.48,34.80,0.5312,1,-1,-1
2318,406,889.66,185.57,10.19,24.21,0.2682,1,-1,-1
2318,411,1164.57,158.99,8.10,19.01,0.3748,1,-1,-1
2318,414,1302.04,536.70,37.50,73.06,0.5000,1,-1,-1
2319,400,1327.79,548.71,43.07,79.58,0.6325,1,-1,-1
2319,401,1675.24,454.40,32.29,72.25,0.6723,1,-1,-1
2319,402,1647.44,458.01,29.70,63.25,0.7074,1,-1,-1
2319,403,916.96,420.63,26.33,61.61,0.6584,1,-1,-1
2319,404,1380.50,290.70,21.51,42.61,0.5390,1,-1,-1
2319,405,779.95,241.05,15.51,34.80,0.5283,1,-1,-1
2319,406,889.58,185.54,10.42,24.72,0.2568,1,-1,-1
2319,411,1164.93,159.26,8.05,18.85,0.2736,1,-1,-1
2319,414,1305.80,543.12,36.71,71.39,0.5146,1,-1,-1
2320,400,1332.85,553.49,43.45,80.26,0.6406,1,-1,-1
2320,401,1681.93,458.16,32.22,72.17,0.6531,1,-1,-1
2320,402,1653.18,460.22,29.89,63.83,0.6433,1,-1,-1
2320,403,916.12,422.68,26.89,61.65,0.6715,1,-1,-1
2320,404,1383.02,292.10,21.06,42.25,0.5448,1,-1,-1
2320,405,778.84,241.18,16.02,35.84,0.4756,1,-1,-1
2320,406,889.50,185.54,10.56,24.95,0.3594,1,-1,-1
2320,411,1165.56,159.17,8.19,19.05,0.3268,1,-1,-1
2320,414,1310.02,547.56,37.58,72.85,0.5029,1,-1,-1
2321,400,1336.76,558.83,43.38,80.57,0.6270,1,-1,-1
2321,401,1687.68,461.05,33.39,74.68,0.6610,1,-1,-1
2321,402,1658.80,463.38,30.70,65.22,0.7042,1,-1,-1
2321,403,918.49,425.98,26.63,61.02,0.6540,1,-1,-1
2321,404,1385.21,293.02,20.85,42.32,0.5842,1,-1,-1
2321,405,778.00,241.63,16.58,37.09,0.4455,1,-1,-1
2321,406,889.58,185.69,10.45,24.69,0.4026,1,-1,-1
2321,411,1166.69,159.73,8.38,19.25,0.4417,1,-1,-1
2321,414,1315.67,552.47,37.94,73.17,0.6067,1,-1,-1
2321,416,1376.70,293.07,20.68,42.14,0.4542,1,-1,-1
2322,400,1340.76,562.54,43.92,82.29,0.6379,1,-1,-1
2322,401,1694.78,463.76,33.50,75.05,0.7114,1,-1,-1
2322,402,1665.89,467.30,30.22,63.83,0.5879,1,-1,-1
2322,403,921.38,428.03,26.34,61.24,0.7349,1,-1,-1
2322,404,1387.86,293.83,20.66,42.35,0.6215,1,-1,-1
2322,405,777.46,242.23,16.67,37.35,0.4630,1,-1,-1
2322,406,889.62,186.20,10.33,24.46,0.3831,1,-1,-1
2322,411,1167.92,160.45,8.44,19.22,0.4455,1,-1,-1
2322,414,1319.78,557.79,38.31,73.42,0.4912,1,-1,-1
2322,416,1376.72,295.11,19.92,40.72,0.4610,1,-1,-1
2322,417,1810.49,194.81,14.26,27.15,0.5283,1,-1,-1
2323,400,1345.42,567.69,44.22,83.30,0.6289,1,-1,-1
2323,401,1701.40,466.95,33.71,75.59,0.6901,1,-1,-1
2323,402,1672.91,470.95,30.29,64.34,0.6151,1,-1,-1
2323,403,923.81,430.98,25.41,59.95,0.6935,1,-1,-1
2323,404,1389.83,295.09,21.09,43.35,0.5166,1,-1,-1
2323,405,776.84,243.13,16.55,37.08,0.3166,1,-1,-1
2323,406,889.69,186.64,10.12,24.00,0.4504,1,-1,-1
2323,411,1168.79,161.08,8.38,18.96,0.4494,1,-1,-1
2323,414,1324.68,562.75,38.63,73.62,0.5641,1,-1,-1
2323,416,1379.63,296.48,20.21,41.45,0.2697,1,-1,-1
2323,417,1812.63,195.65,14.03,26.71,0.2516,1,-1,-1
2324,400,1350.98,572.85,44.00,83.62,0.6261,1,-1,-1
2324,401,1708.18,471.03,34.12,76.94,0.7241,1,-1,-1
2324,402,1678.43,473.63,30.98,65.36,0.6442,1,-1,-1
2324,403,924.41,432.85,26.03,61.95,0.6885,1,-1,-1
2324,404,1391.40,296.52,21.26,43.36,0.5727,1,-1,-1
2324,405,776.20,243.54,16.62,37.36,0.5176,1,-1,-1
2324,406,889.97,187.04,9.94,23.61,0.4698,1,-1,-1
2324,411,1169.25,160.90,8.58,19.37,0.4727,1,-1,-1
2324,414,1328.18,567.33,40.23,75.98,0.4196,1,-1,-1
2324,416,1380.47,297.88,19.94,41.20,0.2942,1,-1,-1
2324,417,1815.81,196.23,13.76,26.32,0.1399,1,-1,-1
2325,400,1358.51,579.95,43.01,82.88,0.5908,1,-1,-1
2325,401,1715.58,473.87,33.55,75.71,0.7280,1,-1,-1
2325,402,1684.74,477.68,30.63,64.16,0.6901,1,-1,-1
2325,403,925.54,435.68,26.41,63.68,0.6984,1,-1,-1
2325,404,1393.55,297.73,21.19,42.91,0.5784,1,-1,-1
2325,405,775.84,244.58,16.39,36.90,0.5361,1,-1,-1
2325,406,890.31,187.50,9.75,23.11,0.3585,1,-1,-1
2325,411,1169.34,160.77,8.82,19.91,0.4533,1,-1,-1
2325,414,1332.69,572.17,41.77,78.29,0.5737,1,-1,-1
2325,416,1382.60,298.76,19.72,40.89,0.1624,1,-1,-1
2325,417,1817.65,196.26,14.08,27.01,0.3469,1,-1,-1
2326,400,1363.86,585.05,42.91,84.05,0.5823,1,-1,-1
2326,401,1722.84,476.89,33.97,76.38,0.7364,1,-1,-1
2326,402,1691.08,480.50,31.83,66.35,0.6352,1,-1,-1
2326,403,926.32,437.92,26.25,63.95,0.7349,1,-1,-1
2326,404,1396.41,298.62,20.95,42.40,0.5804,1,-1,-1
2326,405,775.79,245.67,16.17,36.50,0.5185,1,-1,-1
2326,406,890.59,188.06,9.50,22.48,0.4321,1,-1,-1
2326,411,1169.57,161.23,8.93,20.17,0.5059,1,-1,-1
2326,414,1339.02,576.80,40.92,75.72,0.4581,1,-1,-1
2326,416,1385.59,299.19,19.72,41.28,0.3294,1,-1,-1
2326,417,1820.03,196.89,14.05,26.93,0.4282,1,-1,-1
2327,400,1369.02,587.56,43.07,85.74,0.5631,1,-1,-1
2327,401,1729.26,479.44,34.32,77.07,0.6522,1,-1,-1
2327,402,1697.67,483.85,32.29,66.58,0.6169,1,-1,-1
2327,403,927.12,441.90,26.40,63.86,0.6783,1,-1,-1
2327,404,1399.50,299.96,20.82,42.26,0.5020,1,-1,-1
2327,405,775.88,246.91,15.57,35.27,0.4340,1,-1,-1
2327,406,890.70,188.37,9.43,22.41,0.4426,1,-1,-1
2327,411,1169.69,162.04,8.88,20.03,0.5332,1,-1,-1
2327,414,1345.36,581.54,42.02,76.78,0.4552,1,-1,-1
2327,416,1387.62,300.68,19.04,40.12,0.3639,1,-1,-1
2327,417,1822.53,197.55,14.27,27.41,0.4494,1,-1,-1
2328,400,1375.90,593.71,42.32,85.85,0.3285,1,-1,-1
2328,401,1736.86,484.02,34.29,77.08,0.6558,1,-1,-1
2328,402,1704.73,487.26,33.35,68.41,0.5794,1,-1,-1
2328,403,928.37,444.39,26.64,64.06,0.7287,1,-1,-1
2328,404,1401.17,300.92,21.45,43.71,0.5380,1,-1,-1
2328,405,775.46,247.24,15.93,36.29,0.3675,1,-1,-1
2328,406,890.57,188.51,9.50,22.60,0.4785,1,-1,-1
2328,411,1169.79,162.60,9.04,20.37,0.5516,1,-1,-1
2328,414,1349.52,586.99,41.15,74.67,0.2018,1,-1,-1
2328,416,1389.38,302.44,19.76,41.75,0.2302,1,-1,-1
2328,417,1824.28,197.96,14.37,27.65,0.4581,1,-1,-1
2329,400,1383.40,598.83,42.56,88.32,0.5851,1,-1,-1
2329,401,1744.55,487.53,34.31,77.09,0.6993,1,-1,-1
2329,402,1712.97,491.25,33.39,68.25,0.5631,1,-1,-1
2329,403,929.30,448.09,26.71,63.59,0.7009,1,-1,-1
2329,404,1402.19,302.05,21.85,44.21,0.5146,1,-1,-1
2329,405,775.04,247.23,16.12,37.10,0.4436,1,-1,-1
2329,406,890.58,188.65,9.49,22.67,0.4130,1,-1,-1
2329,411,1169.98,163.23,9.07,20.37,0.5293,1,-1,-1
2329,414,1354.92,592.59,42.96,77.67,0.5312,1,-1,-1
2329,416,1391.79,303.82,19.71,42.11,0.1045,1,-1,-1
2329,417,1826.41,198.35,14.42,27.77,0.2075,1,-1,-1
2330,400,1390.69,606.34,40.56,86.13,0.6325,1,-1,-1
2330,401,1752.35,490.98,34.13,76.83,0.6505,1,-1,-1
2330,402,1720.91,495.73,32.93,68.00,0.5603,1,-1,-1
2330,403,930.27,449.99,27.63,64.96,0.7066,1,-1,-1
2330,404,1403.66,303.19,21.86,43.72,0.5429,1,-1,-1
2330,405,773.33,248.26,16.56,37.79,0.5525,1,-1,-1
2330,406,890.47,188.85,9.65,23.10,0.3666,1,-1,-1
2330,411,1170.10,163.87,8.99,20.09,0.5293,1,-1,-1
2330,414,1362.13,597.60,42.10,76.30,0.5098,1,-1,-1
2330,416,1396.43,304.64,19.96,42.37,0.2509,1,-1,-1
2330,417,1829.57,199.25,14.13,27.15,0.2886,1,-1,-1
2331,400,1395.22,609.49,41.66,90.01,0.5718,1,-1,-1
2331,401,1760.21,495.85,34.35,76.96,0.5898,1,-1,-1
2331,402,1730.58,498.90,33.66,70.05,0.4523,1,-1,-1
2331,403,930.49,453.20,28.36,65.80,0.6968,1,-1,-1
2331,404,1406.14,304.18,22.59,45.05,0.5670,1,-1,-1
2331,405,771.53,248.36,17.48,39.65,0.5322,1,-1,-1
2331,406,890.25,189.43,10.05,24.02,0.3849,1,-1,-1
2331,411,1170.17,163.93,9.15,20.39,0.5804,1,-1,-1
2331,414,1367.44,601.62,44.37,80.81,0.4678,1,-1,-1
2331,416,1397.90,306.14,20.41,42.81,0.2967,1,-1,-1
2331,417,1832.54,200.08,13.71,26.20,0.4092,1,-1,-1
2331,419,1186.68,161.74,9.83,20.94,0.5400,1,-1,-1
2332,400,1402.25,619.13,39.56,86.67,0.4932,1,-1,-1
2332,401,1767.46,498.76,34.54,77.41,0.6584,1,-1,-1
2332,402,1737.84,502.44,33.47,69.82,0.5974,1,-1,-1
2332,403,931.40,456.76,28.35,65.39,0.6715,1,-1,-1
2332,404,1406.53,305.12,23.58,46.18,0.5390,1,-1,-1
2332,405,770.56,249.54,17.85,40.25,0.5775,1,-1,-1
2332,406,890.44,190.02,10.21,24.14,0.2401,1,-1,-1
2332,411,1170.17,164.03,9.23,20.52,0.5302,1,-1,-1
2332,414,1372.98,606.46,46.11,83.02,0.3504,1,-1,-1
2332,417,1835.30,201.56,13.48,25.65,0.2659,1,-1,-1
2332,419,1187.80,162.33,9.66,20.62,0.5195,1,-1,-1
2333,400,1407.81,623.27,40.61,89.70,0.5813,1,-1,-1
2333,401,1775.13,502.54,34.32,76.72,0.5955,1,-1,-1
2333,402,1745.19,505.85,32.22,67.79,0.5176,1,-1,-1
2333,403,932.43,460.59,28.19,64.96,0.6325,1,-1,-1
2333,404,1410.57,307.10,22.91,44.87,0.4863,1,-1,-1
2333,405,769.20,249.98,18.49,41.59,0.5332,1,-1,-1
2333,406,890.83,190.57,10.17,23.64,0.1546,1,-1,-1
2333,411,1170.32,164.48,9.04,19.94,0.4130,1,-1,-1
2333,414,1377.53,612.74,45.34,81.29,0.4073,1,-1,-1
2333,417,1837.57,202.78,13.51,25.56,0.2728,1,-1,-1
2333,419,1188.75,162.85,9.14,19.54,0.3877,1,-1,-1
2334,400,1412.43,630.07,41.74,92.52,0.3849,1,-1,-1
2334,401,1782.12,506.83,35.62,79.32,0.6766,1,-1,-1
2334,402,1753.05,509.36,32.35,67.95,0.5927,1,-1,-1
2334,403,931.79,462.53,29.42,66.81,0.6352,1,-1,-1
2334,404,1412.92,308.30,22.71,44.35,0.3720,1,-1,-1
2334,405,768.20,250.11,18.98,42.67,0.5332,1,-1,-1
2334,411,1170.25,164.80,8.94,19.66,0.3594,1,-1,-1
2334,414,1381.16,617.80,47.24,84.39,0.4168,1,-1,-1
2334,419,1189.28,162.88,9.25,19.84,0.3074,1,-1,-1
2335,400,1418.79,635.82,41.51,92.05,0.6039,1,-1,-1
2335,401,1790.51,510.57,35.53,79.17,0.6316,1,-1,-1
2335,402,1761.36,513.88,32.33,67.84,0.5487,1,-1,-1
2335,403,933.10,466.69,29.23,66.06,0.7122,1,-1,-1
2335,404,1413.68,309.46,23.47,45.20,0.3666,1,-1,-1
2335,405,768.30,251.02,18.32,41.07,0.5603,1,-1,-1
2335,411,1170.30,164.81,9.14,19.98,0.2942,1,-1,-1
2335,414,1389.13,623.15,46.15,82.62,0.4446,1,-1,-1
2335,419,1189.23,162.36,9.83,21.22,0.4571,1,-1,-1
2336,400,1424.49,642.43,42.35,93.81,0.4523,1,-1,-1
2336,401,1798.37,513.74,35.47,78.48,0.6645,1,-1,-1
2336,402,1768.38,517.65,33.55,71.38,0.5718,1,-1,-1
2336,403,933.16,468.91,30.30,68.23,0.6723,1,-1,-1
2336,404,1416.31,310.39,24.18,46.11,0.2790,1,-1,-1
2336,405,767.65,252.00,18.22,40.62,0.5293,1,-1,-1
2336,411,1170.39,164.66,9.32,20.20,0.2024,1,-1,-1
2336,414,1395.27,628.86,45.04,79.98,0.1505,1,-1,-1
2336,419,1189.51,162.30,9.86,21.39,0.3849,1,-1,-1
2337,400,1430.52,649.23,42.51,93.55,0.4436,1,-1,-1
2337,401,1807.50,517.98,35.54,78.36,0.6783,1,-1,-1
2337,402,1776.45,521.80,34.52,72.86,0.4610,1,-1,-1
2337,403,934.88,471.71,30.49,68.93,0.6215,1,-1,-1
2337,404,1417.66,310.86,25.21,47.23,0.1913,1,-1,-1
2337,405,767.07,253.29,17.92,39.81,0.1999,1,-1,-1
2337,411,1170.50,164.83,9.23,19.80,0.1140,1,-1,-1
2337,414,1398.00,636.80,50.35,89.37,0.2728,1,-1,-1
2337,419,1189.85,162.67,9.55,20.81,0.4301,1,-1,-1
2338,400,1435.71,654.55,44.27,97.29,0.5195,1,-1,-1
2338,401,1816.00,521.75,35.97,78.97,0.6460,1,-1,-1
2338,402,1784.16,525.74,34.72,73.42,0.6505,1,-1,-1
2338,403,936.38,474.49,30.82,70.14,0.7241,1,-1,-1
2338,404,1423.09,312.63,24.70,47.10,0.2247,1,-1,-1
2338,405,766.17,252.70,18.43,40.74,0.2902,1,-1,-1
2338,411,1170.45,164.78,9.65,20.52,0.1063,1,-1,-1
2338,414,1404.63,643.96,52.17,91.66,0.3082,1,-1,-1
2338,419,1190.08,163.09,9.63,21.04,0.5361,1,-1,-1
2339,400,1442.82,660.36,44.72,97.72,0.3166,1,-1,-1
2339,401,1824.95,526.92,35.41,77.65,0.1546,1,-1,-1
2339,402,1791.94,528.57,34.93,74.37,0.4196,1,-1,-1
2339,403,936.64,477.30,31.27,71.29,0.6901,1,-1,-1
2339,404,1424.97,313.87,25.61,48.54,0.2088,1,-1,-1
2339,405,765.69,253.48,18.34,40.48,0.4951,1,-1,-1
2339,414,1411.22,650.85,49.71,86.30,0.1221,1,-1,-1
2339,419,1190.26,163.31,9.81,21.44,0.5574,1,-1,-1
2339,422,1175.58,164.82,8.69,21.00,0.5059,1,-1,-1
2340,400,1449.22,666.85,44.53,96.32,0.1705,1,-1,-1
2340,401,1832.70,530.16,36.29,79.23,0.1750,1,-1,-1
2340,402,1801.96,533.73,34.67,73.20,0.4111,1,-1,-1
2340,403,936.75,480.89,31.60,71.47,0.6740,1,-1,-1
2340,404,1428.35,315.42,23.97,45.67,0.2991,1,-1,-1
2340,405,765.00,255.10,18.25,40.24,0.4766,1,-1,-1
2340,414,1420.75,658.17,51.20,86.09,0.1019,1,-1,-1
2340,419,1190.79,163.60,9.88,21.52,0.5689,1,-1,-1
2340,422,1175.77,165.22,8.65,20.90,0.5506,1,-1,-1
2341,400,1455.97,675.25,46.30,99.39,0.5964,1,-1,-1
2341,401,1841.90,534.07,37.23,81.35,0.3639,1,-1,-1
2341,402,1808.37,538.16,35.53,74.59,0.4785,1,-1,-1
2341,403,940.30,484.40,31.21,70.79,0.7409,1,-1,-1
2341,404,1432.46,315.97,23.34,44.95,0.1651,1,-1,-1
2341,405,764.17,258.02,17.86,39.36,0.4971,1,-1,-1
2341,414,1422.67,665.50,52.74,88.53,0.4378,1,-1,-1
2341,419,1191.57,164.34,9.93,21.78,0.5195,1,-1,-1
2341,422,1175.78,165.56,8.62,20.87,0.5593,1,-1,-1
2342,400,1461.29,679.90,49.38,105.24,0.3979,1,-1,-1
2342,401,1851.06,538.82,36.86,80.04,0.3398,2,-1,-1
2342,402,1818.10,542.60,36.60,75.99,0.2967,1,-1,-1
2342,403,943.43,488.10,30.91,70.22,0.7556,1,-1,-1
2342,404,1432.02,317.36,24.45,46.77,0.1962,1,-1,-1
2342,405,763.45,259.43,17.82,39.27,0.4330,1,-1,-1
2342,414,1429.13,672.17,53.76,88.13,0.3149,1,-1,-1
2342,419,1192.24,164.56,9.90,21.76,0.5312,1,-1,-1
2342,422,1176.13,165.92,8.67,20.96,0.5409,1,-1,-1
2343,400,1464.65,686.04,51.38,108.03,0.2451,1,-1,-1
2343,401,1860.93,543.74,36.37,78.67,0.2870,2,-1,-1
2343,402,1828.30,548.22,37.14,76.25,0.2268,1,-1,-1
2343,403,944.88,491.89,31.80,72.06,0.7318,1,-1,-1
2343,404,1436.45,319.63,23.91,46.66,0.3868,1,-1,-1
2343,405,763.00,260.56,17.65,38.92,0.5823,1,-1,-1
2343,419,1192.81,165.16,9.88,21.84,0.4961,1,-1,-1
2343,422,1176.29,166.57,8.71,21.01,0.5506,1,-1,-1
2343,406,891.96,193.89,9.97,23.05,0.4562,1,-1,-1
2344,400,1471.92,697.88,51.16,106.32,0.2207,1,-1,-1
2344,401,1869.00,548.93,38.33,82.67,0.3693,1,-1,-1
2344,402,1835.30,553.12,36.92,75.75,0.3951,1,-1,-1
2344,403,946.81,496.55,31.97,72.48,0.7585,1,-1,-1
2344,404,1438.65,320.64,25.72,51.57,0.4378,1,-1,-1
2344,405,762.07,260.82,17.82,39.49,0.5380,1,-1,-1
2344,419,1193.26,165.55,9.79,21.62,0.5302,1,-1,-1
2344,422,1176.43,167.03,8.85,21.24,0.5936,1,-1,-1
2344,406,891.81,194.14,10.09,23.26,0.3513,1,-1,-1
2345,400,1478.43,703.23,52.79,108.52,0.3567,1,-1,-1
2345,401,1878.73,553.99,39.48,85.23,0.5263,1,-1,-1
2345,402,1844.63,557.79,38.03,77.63,0.5525,1,-1,-1
2345,403,946.88,500.70,32.99,73.71,0.7194,1,-1,-1
2345,404,1440.48,322.07,25.66,51.84,0.5341,1,-1,-1
2345,405,761.41,261.04,18.02,40.15,0.5341,1,-1,-1
2345,419,1193.66,166.08,9.76,21.51,0.5370,1,-1,-1
2345,422,1176.82,167.64,8.92,21.20,0.6105,1,-1,-1
2345,406,891.59,194.57,10.20,23.38,0.3099,1,-1,-1
2346,400,1487.20,709.52,52.34,105.64,0.1442,1,-1,-1
2346,401,1886.16,559.24,39.20,86.79,0.4254,1,-1,-1
2346,402,1852.57,561.90,41.37,82.68,0.1500,1,-1,-1
2346,403,947.05,505.18,33.52,74.15,0.7753,1,-1,-1
2346,404,1439.96,324.49,27.37,55.30,0.6114,1,-1,-1
2346,405,761.18,262.45,17.82,39.92,0.5293,1,-1,-1
2346,419,1193.89,166.60,9.80,21.53,0.4196,1,-1,-1
2346,422,1177.33,167.95,9.02,21.10,0.5804,1,-1,-1
2346,406,891.82,195.55,10.10,22.87,0.3107,1,-1,-1
2347,400,1502.43,721.52,50.55,103.59,0.5699,1,-1,-1
2347,403,948.16,509.61,33.62,74.57,0.7642,1,-1,-1
2347,404,1441.66,325.74,26.34,52.92,0.2759,1,-1,-1
2347,405,760.09,262.81,18.17,40.82,0.5554,1,-1,-1
2347,419,1194.18,167.17,9.76,21.26,0.3812,1,-1,-1
2347,422,1177.58,168.22,9.03,20.79,0.5612,1,-1,-1
2347,406,891.91,196.02,10.20,22.82,0.4130,1,-1,-1
2348,400,1513.05,729.49,50.16,103.64,0.4455,1,-1,-1
2348,403,950.04,513.89,33.47,74.77,0.7454,1,-1,-1
2348,404,1442.68,328.26,26.89,53.57,0.2288,1,-1,-1
2348,405,759.54,263.47,18.14,40.81,0.5612,1,-1,-1
2348,419,1194.32,168.00,9.55,20.63,0.3495,1,-1,-1
2348,422,1177.60,168.24,9.25,21.03,0.5322,1,-1,-1
2348,406,891.88,196.32,10.43,23.06,0.4026,1,-1,-1
2349,400,1523.66,740.64,48.82,102.07,0.3268,1,-1,-1
2349,403,951.71,518.13,33.01,74.48,0.7564,1,-1,-1
2349,404,1446.36,329.15,26.51,53.40,0.4795,1,-1,-1
2349,405,759.09,264.18,18.06,40.71,0.5727,1,-1,-1
2349,419,1194.55,168.78,9.31,19.82,0.3049,1,-1,-1
2349,422,1178.32,168.77,9.23,20.67,0.4980,1,-1,-1
2349,406,891.84,196.26,10.98,24.02,0.4301,1,-1,-1
2350,400,1532.30,748.65,49.70,104.89,0.1566,1,-1,-1
2350,403,953.76,521.17,32.91,74.56,0.7712,1,-1,-1
2350,404,1448.98,330.43,26.01,52.52,0.5049,1,-1,-1
2350,405,758.25,264.43,18.60,42.22,0.5409,1,-1,-1
2350,419,1195.99,168.81,9.63,20.44,0.4630,1,-1,-1
2350,422,1178.67,168.90,9.37,20.75,0.5332,1,-1,-1
2350,406,891.92,196.52,11.23,24.35,0.4552,1,-1,-1
2351,400,1535.23,755.82,51.50,107.57,0.3693,1,-1,-1
2351,403,954.67,524.67,33.53,76.25,0.7585,1,-1,-1
2351,404,1450.68,332.77,25.55,51.31,0.5059,1,-1,-1
2351,405,757.67,265.10,18.66,42.47,0.5993,1,-1,-1
2351,419,1196.92,168.84,9.76,20.71,0.4600,1,-1,-1
2351,422,1179.54,169.52,9.10,20.01,0.5429,1,-1,-1
2351,406,891.96,196.88,11.49,24.77,0.4737,1,-1,-1
2352,400,1545.97,762.94,52.40,110.81,0.2018,1,-1,-1
2352,403,955.86,528.67,33.51,77.04,0.7379,1,-1,-1
2352,404,1453.65,334.04,25.73,51.95,0.5000,1,-1,-1
2352,405,757.03,267.26,18.29,41.46,0.5784,1,-1,-1
2352,419,1197.24,168.82,10.15,21.38,0.4776,1,-1,-1
2352,422,1180.64,169.72,9.06,19.92,0.5185,1,-1,-1
2352,406,892.04,196.96,11.73,25.19,0.5146,1,-1,-1
2353,400,1556.94,773.16,51.83,110.61,0.1694,1,-1,-1
2353,403,957.51,532.73,33.24,77.07,0.7090,1,-1,-1
2353,404,1456.24,335.60,25.79,52.08,0.4121,1,-1,-1
2353,405,756.08,269.18,18.00,40.65,0.4263,1,-1,-1
2353,419,1198.61,168.82,10.23,21.63,0.4863,1,-1,-1
2353,422,1180.91,170.16,9.02,19.90,0.5117,1,-1,-1
2353,406,892.50,197.29,11.67,25.10,0.5029,1,-1,-1
2354,400,1556.23,777.33,56.61,116.34,0.5775,1,-1,-1
2354,403,959.84,535.42,32.79,77.09,0.7241,1,-1,-1
2354,404,1459.75,336.80,25.18,51.40,0.4630,1,-1,-1
2354,405,756.03,271.10,17.62,39.64,0.3730,1,-1,-1
2354,419,1199.89,168.78,10.20,21.84,0.5146,1,-1,-1
2354,422,1180.72,170.60,8.97,19.89,0.5574,1,-1,-1
2354,406,893.14,198.06,11.10,24.00,0.4639,1,-1,-1
2355,400,1558.88,783.37,61.13,120.11,0.4659,1,-1,-1
2355,403,961.69,539.06,32.92,78.47,0.7225,1,-1,-1
2355,404,1462.81,337.85,24.82,51.03,0.5117,1,-1,-1
2355,405,755.19,271.80,17.68,39.70,0.3702,1,-1,-1
2355,419,1201.04,169.30,9.46,20.35,0.4805,1,-1,-1
2355,422,1180.92,171.21,8.76,19.51,0.5409,1,-1,-1
2355,406,893.54,198.69,10.99,23.83,0.5020,1,-1,-1
2356,400,1570.07,798.80,60.14,114.28,0.1931,1,-1,-1
2356,403,963.89,542.32,32.42,78.34,0.7556,1,-1,-1
2356,404,1465.94,338.92,24.22,50.33,0.5525,1,-1,-1
2356,405,754.71,272.84,17.16,38.56,0.4980,1,-1,-1
2356,419,1201.47,169.22,9.53,20.67,0.5059,1,-1,-1
2356,422,1181.03,170.97,8.90,19.93,0.5283,1,-1,-1
2356,406,893.73,198.85,10.99,23.90,0.5224,1,-1,-1
2357,400,1576.19,802.71,65.58,120.31,0.6514,1,-1,-1
2357,403,965.85,545.44,31.73,77.33,0.7303,1,-1,-1
2357,404,1468.04,339.31,24.27,51.03,0.5409,1,-1,-1
2357,405,754.11,273.33,17.37,39.05,0.5823,1,-1,-1
2357,419,1201.79,169.43,9.51,20.81,0.5107,1,-1,-1
2357,422,1181.30,171.73,8.73,19.59,0.5273,1,-1,-1
2357,406,893.86,199.05,10.98,23.90,0.5059,1,-1,-1
2358,400,1581.55,809.51,69.03,121.99,0.3942,1,-1,-1
2358,403,968.27,548.03,32.49,79.03,0.7334,1,-1,-1
2358,404,1468.92,340.48,24.78,52.01,0.5593,1,-1,-1
2358,405,753.94,273.91,17.67,39.76,0.6123,1,-1,-1
2358,419,1201.87,169.89,9.61,21.15,0.4844,1,-1,-1
2358,422,1181.50,172.29,8.71,19.55,0.5020,1,-1,-1
2358,406,893.96,199.31,10.98,23.91,0.5117,1,-1,-1
2358,423,907.13,197.14,11.17,23.19,0.5535,1,-1,-1
2359,400,1597.69,820.47,69.11,121.93,0.3720,1,-1,-1
2359,403,969.73,550.74,33.21,80.13,0.7318,1,-1,-1
2359,404,1471.02,341.84,24.64,51.81,0.5746,1,-1,-1
2359,405,753.71,274.51,17.80,40.12,0.6142,1,-1,-1
2359,419,1202.43,170.34,9.00,19.72,0.3886,1,-1,-1
2359,422,1181.82,172.38,8.55,19.11,0.4158,1,-1,-1
2359,406,894.00,199.42,11.11,24.20,0.4902,1,-1,-1
2359,423,906.92,197.19,11.52,23.93,0.5429,1,-1,-1
2360,400,1608.05,829.37,69.55,122.03,0.3311,1,-1,-1
2360,403,970.23,554.44,33.53,81.04,0.7439,1,-1,-1
2360,404,1472.65,342.52,24.85,52.65,0.5804,1,-1,-1
2360,405,753.50,275.57,17.65,39.84,0.5516,1,-1,-1
2360,419,1202.61,170.75,8.77,18.98,0.3684,1,-1,-1
2360,422,1182.20,171.87,9.04,20.05,0.3234,1,-1,-1
2360,406,894.04,199.59,11.16,24.29,0.4912,1,-1,-1
2360,423,906.77,197.35,11.84,24.68,0.5842,1,-1,-1
2361,400,1630.64,841.77,67.34,119.54,0.4717,1,-1,-1
2361,403,971.49,556.77,34.59,82.93,0.7162,1,-1,-1
2361,404,1474.05,344.01,25.16,52.70,0.6030,1,-1,-1
2361,405,752.34,275.53,18.26,41.23,0.5254,1,-1,-1
2361,419,1202.58,170.92,8.74,18.56,0.3149,1,-1,-1
2361,422,1182.12,171.96,9.70,21.48,0.3320,1,-1,-1
2361,406,893.67,200.03,11.38,25.14,0.5039,1,-1,-1
2361,423,906.60,197.34,12.36,25.90,0.6105,1,-1,-1
2362,400,1634.47,850.50,68.59,121.76,0.5908,1,-1,-1
2362,403,972.44,560.32,35.24,83.78,0.7599,1,-1,-1
2362,404,1474.97,344.96,25.67,53.27,0.5993,1,-1,-1
2362,405,751.05,276.07,18.60,41.91,0.4600,1,-1,-1
2362,419,1202.50,171.18,8.80,18.27,0.2621,1,-1,-1
2362,422,1182.27,171.99,10.10,22.21,0.2759,1,-1,-1
2362,406,893.66,200.15,11.37,25.50,0.4873,1,-1,-1
2362,423,906.74,197.39,12.17,25.63,0.5898,1,-1,-1
2363,400,1640.40,857.04,69.14,123.07,0.3979,1,-1,-1
2363,403,973.60,562.78,35.78,84.36,0.7469,1,-1,-1
2363,404,1475.45,345.29,27.03,55.52,0.5670,1,-1,-1
2363,405,750.33,276.56,18.52,41.84,0.4805,1,-1,-1
2363,419,1201.35,171.68,9.61,19.67,0.3540,1,-1,-1
2363,422,1184.01,171.71,10.37,22.68,0.4707,1,-1,-1
2363,406,893.88,200.45,11.15,25.43,0.4932,1,-1,-1
2363,423,907.00,197.54,11.75,24.85,0.5898,1,-1,-1
2364,400,1652.25,867.01,68.35,122.59,0.3320,1,-1,-1
2364,403,975.62,565.92,35.34,83.10,0.7178,1,-1,-1
2364,404,1478.96,346.41,26.69,54.56,0.5908,1,-1,-1
2364,405,749.45,277.50,18.56,41.92,0.5156,1,-1,-1
2364,419,1201.83,171.73,9.81,20.00,0.3739,1,-1,-1
2364,422,1184.81,171.90,10.37,22.64,0.5068,1,-1,-1
2364,406,894.08,200.69,10.89,25.22,0.5000,1,-1,-1
2364,423,907.23,197.83,11.24,23.82,0.5631,1,-1,-1
2365,400,1662.40,870.45,72.15,127.96,0.2127,1,-1,-1
2365,403,976.73,567.82,35.48,83.82,0.7256,1,-1,-1
2365,404,1482.20,348.27,25.51,52.21,0.5737,1,-1,-1
2365,405,748.87,278.36,18.25,41.27,0.5020,1,-1,-1
2365,419,1202.22,171.85,10.07,20.61,0.4064,1,-1,-1
2365,422,1185.31,171.93,10.42,22.83,0.5322,1,-1,-1
2365,406,894.31,200.87,10.59,24.89,0.5215,1,-1,-1
2365,423,907.50,197.93,10.63,22.51,0.5689,1,-1,-1
2366,400,1672.46,878.62,70.90,125.81,0.4244,1,-1,-1
2366,403,980.23,570.51,35.34,82.65,0.7364,1,-1,-1
2366,404,1484.50,348.94,25.57,52.41,0.5708,1,-1,-1
2366,405,748.35,279.35,17.95,40.65,0.5409,1,-1,-1
2366,419,1202.91,171.85,10.03,20.50,0.3355,1,-1,-1
2366,422,1185.62,172.06,10.31,22.79,0.5224,1,-1,-1
2366,406,894.67,201.15,10.24,24.38,0.5117,1,-1,-1
2366,423,907.82,198.07,10.10,21.30,0.4941,1,-1,-1
2367,400,1679.30,889.42,70.34,126.27,0.4121,1,-1,-1
2367,403,981.99,573.06,35.35,82.11,0.7642,1,-1,-1
2367,404,1486.60,349.80,25.44,52.27,0.6215,1,-1,-1
2367,405,747.85,279.23,18.16,41.20,0.5794,1,-1,-1
2367,419,1203.37,171.95,10.23,20.95,0.3285,1,-1,-1
2367,422,1185.96,172.16,10.30,23.00,0.5458,1,-1,-1
2367,406,895.04,201.42,10.03,24.05,0.5390,1,-1,-1
2367,423,908.01,198.31,9.81,20.60,0.4465,1,-1,-1
2368,400,1687.06,897.65,70.26,128.01,0.4026,1,-1,-1
2368,403,981.59,575.44,34.67,81.36,0.7469,1,-1,-1
2368,404,1488.35,350.73,25.37,52.28,0.5993,1,-1,-1
2368,405,747.40,279.09,18.40,41.66,0.5737,1,-1,-1
2368,419,1203.71,171.94,10.24,21.05,0.3294,1,-1,-1
2368,422,1186.32,172.31,10.10,22.79,0.5419,1,-1,-1
2368,406,895.29,201.57,9.90,23.92,0.5059,1,-1,-1
2368,423,908.21,198.77,9.61,20.05,0.3567,1,-1,-1
2369,400,1692.01,915.54,63.17,116.36,0.5146,1,-1,-1
2369,403,982.67,577.60,34.43,81.57,0.7217,1,-1,-1
2369,404,1489.13,350.72,26.05,53.44,0.6433,1,-1,-1
2369,405,747.00,279.07,18.53,41.86,0.6058,1,-1,-1
2369,419,1203.83,171.83,10.30,21.19,0.3630,1,-1,-1
2369,422,1186.39,171.92,10.23,23.30,0.5487,1,-1,-1
2369,406,895.50,201.68,9.77,23.75,0.5020,1,-1,-1
2369,423,908.41,199.22,9.41,19.52,0.3174,1,-1,-1
2370,400,1703.51,917.79,65.25,120.12,0.6549,1,-1,-1
2370,403,983.96,579.63,34.03,80.89,0.7341,1,-1,-1
2370,404,1490.52,351.83,26.33,53.49,0.5993,1,-1,-1
2370,405,746.53,279.36,18.68,42.09,0.5737,1,-1,-1
2370,419,1203.98,171.60,10.44,21.41,0.3895,1,-1,-1
2370,422,1186.60,172.14,10.16,23.34,0.5670,1,-1,-1
2370,406,895.69,201.71,9.72,23.72,0.5117,1,-1,-1
2370,423,908.43,199.32,9.56,19.74,0.3016,1,-1,-1
2371,400,1713.44,933.40,59.00,109.27,0.4863,1,-1,-1
2371,403,985.15,582.50,34.41,82.23,0.6984,1,-1,-1
2371,404,1493.55,352.94,25.77,52.80,0.6011,1,-1,-1
2371,405,745.92,279.47,18.91,42.55,0.5851,1,-1,-1
2371,419,1203.36,171.21,11.06,22.61,0.4678,1,-1,-1
2371,422,1187.09,172.41,10.01,23.12,0.5804,1,-1,-1
2371,406,895.83,201.71,9.72,23.76,0.5390,1,-1,-1
2371,423,908.47,199.29,9.88,20.39,0.3785,1,-1,-1
2372,400,1720.38,930.69,65.31,121.79,0.6758,1,-1,-1
2372,403,986.38,584.18,34.53,82.43,0.7542,1,-1,-1
2372,404,1494.28,353.19,26.00,53.11,0.6252,1,-1,-1
2372,405,745.37,279.71,18.96,42.74,0.6021,1,-1,-1
2372,419,1203.60,171.08,11.14,22.90,0.4340,1,-1,-1
2372,422,1187.45,172.63,9.90,22.99,0.5631,1,-1,-1
2372,406,895.99,201.64,9.68,23.81,0.5564,1,-1,-1
2372,423,908.64,198.79,10.02,20.66,0.4610,1,-1,-1
2373,400,1730.15,935.10,65.21,122.81,0.6602,1,-1,-1
2373,403,987.85,585.48,34.38,82.41,0.7454,1,-1,-1
2373,404,1493.83,353.23,27.04,54.20,0.5746,1,-1,-1
2373,405,744.98,280.10,18.80,42.58,0.6197,1,-1,-1
2373,419,1203.91,171.08,11.09,22.98,0.4263,1,-1,-1
2373,422,1187.77,172.77,9.81,22.90,0.5784,1,-1,-1
2373,406,896.15,201.64,9.62,23.79,0.5583,1,-1,-1
2373,423,908.73,198.20,10.54,21.92,0.5554,1,-1,-1
2374,400,1737.92,943.67,65.60,125.74,0.5756,1,-1,-1
2374,403,989.26,589.29,33.71,80.86,0.7146,1,-1,-1
2374,404,1497.75,354.11,26.51,53.67,0.6379,1,-1,-1
2374,405,744.99,280.81,18.35,41.67,0.6451,1,-1,-1
2374,419,1203.84,170.98,10.94,22.89,0.3951,1,-1,-1
2374,422,1187.99,172.93,9.72,22.78,0.5689,1,-1,-1
2374,406,896.30,201.53,9.65,23.94,0.5564,1,-1,-1
2374,423,908.86,198.29,11.18,23.56,0.5631,1,-1,-1
2375,400,1744.16,946.97,68.19,131.86,0.5794,1,-1,-1
2375,403,990.34,591.06,34.25,81.78,0.7303,1,-1,-1
2375,404,1499.43,354.78,26.40,53.76,0.6505,1,-1,-1
2375,405,744.60,281.71,17.91,40.74,0.6234,1,-1,-1
2375,419,1203.97,171.00,10.78,22.70,0.4007,1,-1,-1
2375,422,1188.19,173.01,9.67,22.71,0.5784,1,-1,-1
2375,406,896.41,201.50,9.62,23.99,0.5794,1,-1,-1
2375,423,909.07,198.50,11.30,24.14,0.6030,1,-1,-1
2375,426,1488.98,357.02,19.64,51.31,0.4717,1,-1,-1
2376,400,1751.44,952.02,67.33,130.29,0.7264,1,-1,-1
2376,403,991.52,593.03,35.36,83.86,0.7066,1,-1,-1
2376,404,1500.37,355.46,26.23,53.18,0.6105,1,-1,-1
2376,405,743.72,281.33,18.43,41.91,0.5631,1,-1,-1
2376,419,1204.97,170.85,10.36,21.77,0.3886,1,-1,-1
2376,422,1188.38,173.60,9.56,22.41,0.5631,1,-1,-1
2376,406,896.49,201.60,9.29,23.30,0.5946,1,-1,-1
2376,423,909.49,198.69,11.01,23.86,0.6361,1,-1,-1
2376,426,1489.95,357.62,19.28,50.40,0.1192,1,-1,-1
2377,400,1759.67,957.28,65.29,126.06,0.4436,1,-1,-1
2377,403,993.21,595.67,36.03,84.46,0.7114,1,-1,-1
2377,404,1500.46,356.56,26.88,53.56,0.5917,1,-1,-1
2377,405,743.10,282.02,18.45,41.96,0.5293,1,-1,-1
2377,419,1204.62,171.16,10.37,21.83,0.3540,1,-1,-1
2377,422,1188.75,174.12,9.43,21.98,0.5898,1,-1,-1
2377,406,896.55,201.57,9.22,23.24,0.6002,1,-1,-1
2377,423,909.88,198.70,10.66,23.36,0.6415,1,-1,-1
2377,426,1495.30,357.12,20.55,53.13,0.2697,1,-1,-1
2377,429,913.54,167.91,8.50,19.29,0.5146,1,-1,-1
2378,400,1771.46,966.49,60.84,117.09,0.3040,1,-1,-1
2378,403,994.17,597.48,36.84,85.55,0.7001,1,-1,-1
2378,404,1502.11,357.69,26.96,53.07,0.6077,1,-1,-1
2378,405,742.71,283.22,18.04,41.15,0.4017,1,-1,-1
2378,419,1204.36,171.53,10.41,21.94,0.3549,1,-1,-1
2378,422,1189.11,174.26,9.42,21.82,0.6105,1,-1,-1
2378,406,896.63,201.62,9.16,23.22,0.6114,1,-1,-1
2378,423,910.49,198.49,10.11,22.28,0.6522,1,-1,-1
2378,426,1497.38,358.55,20.23,51.74,0.2516,1,-1,-1
2378,429,913.12,168.21,8.46,19.16,0.5215,1,-1,-1
2379,400,1782.31,971.70,58.40,111.55,0.6689,1,-1,-1
2379,403,994.68,598.95,36.91,85.71,0.7074,1,-1,-1
2379,404,1503.31,358.13,27.37,53.27,0.6496,1,-1,-1
2379,405,742.76,284.04,17.27,39.81,0.4620,1,-1,-1
2379,419,1204.63,171.93,10.30,21.71,0.3621,1,-1,-1
2379,422,1189.43,174.46,9.38,21.57,0.6142,1,-1,-1
2379,406,896.69,201.48,9.21,23.38,0.6095,1,-1,-1
2379,423,910.83,197.98,9.69,21.41,0.6343,1,-1,-1
2379,426,1499.24,358.33,20.70,52.67,0.2759,1,-1,-1
2379,429,912.65,168.44,8.48,19.15,0.4883,1,-1,-1
2380,400,1794.07,977.93,56.43,104.96,0.4206,1,-1,-1
2380,403,996.97,601.79,36.69,84.99,0.6868,1,-1,-1
2380,404,1506.37,358.11,27.26,53.77,0.6505,1,-1,-1
2380,405,742.30,283.92,17.32,40.04,0.5127,1,-1,-1
2380,419,1204.90,172.07,10.35,21.81,0.3585,1,-1,-1
2380,422,1189.67,174.59,9.41,21.44,0.6105,1,-1,-1
2380,406,896.74,201.31,9.30,23.59,0.6151,1,-1,-1
2380,423,911.15,197.47,9.20,20.21,0.6123,1,-1,-1
2380,426,1500.42,358.18,21.28,53.60,0.2644,1,-1,-1
2380,429,912.32,168.57,8.47,19.10,0.4961,1,-1,-1
2381,400,1801.69,983.58,54.46,98.88,0.1711,1,-1,-1
2381,403,998.67,603.77,36.96,85.47,0.7194,1,-1,-1
2381,404,1509.77,359.31,26.55,53.15,0.6234,1,-1,-1
2381,405,741.53,284.26,17.58,40.72,0.5746,1,-1,-1
2381,419,1206.58,171.60,11.47,24.28,0.4678,1,-1,-1
2381,422,1189.80,174.59,9.48,21.46,0.6049,1,-1,-1
2381,406,896.81,201.30,9.37,23.71,0.6169,1,-1,-1
2381,423,911.02,197.68,9.51,20.87,0.5784,1,-1,-1
2381,426,1499.30,360.17,20.99,52.97,0.4187,1,-1,-1
2381,429,912.14,168.51,8.87,19.92,0.4168,1,-1,-1
2382,400,1811.00,989.43,51.85,92.24,0.3425,1,-1,-1
2382,403,1000.41,605.80,36.66,84.90,0.7513,1,-1,-1
2382,404,1512.15,359.92,26.14,52.85,0.6628,1,-1,-1
2382,405,741.25,284.75,17.70,40.97,0.5593,1,-1,-1
2382,419,1207.41,171.48,11.83,25.13,0.4863,1,-1,-1
2382,422,1189.95,174.61,9.52,21.48,0.6105,1,-1,-1
2382,406,896.85,201.33,9.53,23.99,0.6077,1,-1,-1
2382,423,910.75,198.62,10.36,22.87,0.5458,1,-1,-1
2382,426,1499.92,361.95,20.30,51.28,0.4330,1,-1,-1
2382,429,911.99,168.63,9.00,20.14,0.3886,1,-1,-1
2383,400,1819.79,994.77,50.11,86.34,0.5068,1,-1,-1
2383,403,1002.47,608.09,36.49,84.51,0.7912,1,-1,-1
2383,404,1512.86,359.87,26.46,53.53,0.6307,1,-1,-1
2383,405,740.82,285.37,17.87,41.41,0.5917,1,-1,-1
2383,419,1207.77,171.51,11.92,25.33,0.4659,1,-1,-1
2383,422,1190.05,174.83,9.48,21.32,0.6049,1,-1,-1
2383,406,896.85,201.34,9.66,24.20,0.6002,1,-1,-1
2383,423,910.69,199.70,10.69,23.62,0.5205,1,-1,-1
2383,426,1501.98,361.68,20.08,50.47,0.3416,1,-1,-1
2383,429,911.74,168.73,9.07,20.18,0.4045,1,-1,-1
2384,400,1829.23,1000.58,47.78,79.79,0.3933,1,-1,-1
2384,403,1003.83,609.91,36.46,84.63,0.7364,1,-1,-1
2384,404,1513.68,360.01,27.00,54.48,0.5784,1,-1,-1
2384,405,740.21,284.90,18.67,43.22,0.6270,1,-1,-1
2384,419,1208.25,171.64,11.75,24.98,0.4552,1,-1,-1
2384,422,1190.22,175.12,9.40,21.11,0.5936,1,-1,-1
2384,406,896.93,201.37,9.91,24.55,0.5832,1,-1,-1
2384,423,910.64,200.56,10.98,24.18,0.4990,1,-1,-1
2384,426,1503.62,362.58,20.57,51.20,0.1859,1,-1,-1
2384,429,911.64,168.87,9.08,20.06,0.4225,1,-1,-1
2385,403,1004.99,611.02,36.73,85.28,0.7454,1,-1,-1
2385,404,1515.40,360.69,27.18,55.15,0.5535,1,-1,-1
2385,405,739.43,284.98,18.89,43.90,0.6123,1,-1,-1
2385,419,1209.20,171.92,11.24,23.90,0.4436,1,-1,-1
2385,422,1190.38,175.26,9.35,20.96,0.5727,1,-1,-1
2385,406,897.08,201.60,9.97,24.41,0.5870,1,-1,-1
2385,423,910.89,200.98,10.92,24.01,0.4951,1,-1,-1
2385,426,1503.34,362.24,21.56,54.22,0.2108,1,-1,-1
2385,429,911.39,169.05,9.15,20.12,0.4036,1,-1,-1
2386,403,1006.55,612.43,36.39,84.86,0.7050,1,-1,-1
2386,404,1517.79,361.65,26.90,55.13,0.6067,1,-1,-1
2386,405,738.73,284.88,18.86,44.08,0.5784,1,-1,-1
2386,419,1210.04,172.39,11.03,23.54,0.4301,1,-1,-1
2386,422,1190.52,175.31,9.28,20.81,0.5746,1,-1,-1
2386,406,897.23,201.89,9.99,24.19,0.5908,1,-1,-1
2386,423,911.26,201.27,10.70,23.52,0.4834,1,-1,-1
2386,426,1505.69,363.27,21.19,52.94,0.3016,1,-1,-1
2386,429,911.07,169.15,9.26,20.32,0.3648,1,-1,-1
2387,403,1007.54,613.71,37.07,87.37,0.6783,1,-1,-1
2387,404,1518.73,362.71,26.61,54.70,0.6558,1,-1,-1
2387,405,738.27,285.16,18.68,43.87,0.5860,1,-1,-1
2387,419,1210.45,172.72,10.96,23.48,0.4177,1,-1,-1
2387,422,1190.61,175.43,9.17,20.60,0.5651,1,-1,-1
2387,406,897.41,202.32,9.92,23.80,0.5699,1,-1,-1
2387,423,911.77,201.27,10.23,22.46,0.4668,1,-1,-1
2387,426,1507.89,363.80,21.28,52.66,0.3032,1,-1,-1
2387,429,910.96,169.20,9.32,20.42,0.3549,1,-1,-1
2388,403,1009.28,616.33,36.73,87.17,0.7178,1,-1,-1
2388,404,1518.88,363.45,26.71,54.79,0.6680,1,-1,-1
2388,405,738.03,285.93,18.43,43.35,0.5574,1,-1,-1
2388,419,1210.96,172.87,10.96,23.65,0.4330,1,-1,-1
2388,422,1190.62,175.40,9.12,20.60,0.5842,1,-1,-1
2388,406,897.60,202.65,9.80,23.35,0.5564,1,-1,-1
2388,423,912.27,201.10,9.61,21.00,0.4668,1,-1,-1
2388,426,1510.43,363.96,21.92,53.30,0.3451,1,-1,-1
2388,429,911.02,169.21,9.34,20.45,0.4378,1,-1,-1
2389,403,1010.46,617.91,37.42,89.28,0.6809,1,-1,-1
2389,404,1520.10,364.41,26.70,54.42,0.6289,1,-1,-1
2389,405,737.66,286.33,18.25,42.97,0.5146,1,-1,-1
2389,419,1211.50,173.02,10.78,23.44,0.4494,1,-1,-1
2389,422,1190.75,175.41,8.92,20.29,0.5955,1,-1,-1
2389,406,897.73,202.75,9.72,23.08,0.5603,1,-1,-1
2389,423,912.40,201.13,9.61,20.93,0.5127,1,-1,-1
2389,426,1511.09,364.89,22.15,53.13,0.3970,1,-1,-1
2389,429,910.92,169.29,9.31,20.38,0.4225,1,-1,-1
2390,403,1012.20,619.21,37.26,89.17,0.7287,1,-1,-1
2390,404,1520.93,365.27,26.99,54.60,0.6086,1,-1,-1
2390,405,737.11,286.66,18.13,42.54,0.5823,1,-1,-1
2390,419,1212.15,173.09,10.41,22.78,0.4610,1,-1,-1
2390,422,1190.90,175.34,8.84,20.22,0.5993,1,-1,-1
2390,406,897.75,202.60,9.83,23.27,0.5737,1,-1,-1
2390,423,912.30,201.16,9.88,21.51,0.5351,1,-1,-1
2390,426,1512.20,365.94,22.69,53.75,0.4844,1,-1,-1
2390,429,910.67,169.30,9.33,20.42,0.4311,1,-1,-1
2391,403,1013.98,622.24,35.68,85.30,0.6628,1,-1,-1
2391,404,1520.13,365.05,28.09,55.81,0.5860,1,-1,-1
2391,405,736.51,286.78,18.16,42.49,0.5823,1,-1,-1
2391,419,1212.94,173.39,9.87,21.81,0.4455,1,-1,-1
2391,422,1191.18,175.53,8.66,19.97,0.5955,1,-1,-1
2391,406,898.06,202.27,9.85,23.37,0.6132,1,-1,-1
2391,423,912.61,201.31,9.83,21.39,0.5429,1,-1,-1
2391,426,1513.18,365.92,23.56,55.08,0.3914,1,-1,-1
2391,429,910.11,169.16,9.42,20.65,0.3877,1,-1,-1
2392,403,1015.68,625.09,35.69,84.71,0.6792,1,-1,-1
2392,404,1518.97,364.68,29.72,57.45,0.6531,1,-1,-1
2392,405,736.07,286.94,18.23,42.56,0.5955,1,-1,-1
2392,419,1213.25,173.52,9.75,21.72,0.4244,1,-1,-1
2392,422,1191.37,175.43,8.56,19.91,0.5842,1,-1,-1
2392,406,898.36,201.96,9.92,23.57,0.6095,1,-1,-1
2392,423,912.90,201.26,9.70,21.09,0.5195,1,-1,-1
2392,429,909.73,169.33,9.32,20.51,0.2524,1,-1,-1
2393,403,1016.30,627.56,36.04,84.01,0.7009,1,-1,-1
2393,404,1519.44,365.14,30.73,58.21,0.6876,1,-1,-1
2393,405,735.59,287.00,18.37,42.73,0.5842,1,-1,-1
2393,419,1213.41,173.58,9.83,22.12,0.4177,1,-1,-1
2393,422,1191.48,175.21,8.63,20.27,0.5670,1,-1,-1
2393,406,898.61,201.68,9.99,23.71,0.6058,1,-1,-1
2393,423,913.05,201.15,9.71,21.10,0.5166,1,-1,-1
2393,429,909.46,169.73,8.98,19.81,0.1883,1,-1,-1
2394,403,1016.29,628.78,37.13,86.08,0.6901,1,-1,-1
2394,404,1520.08,366.01,31.46,58.45,0.6388,1,-1,-1
2394,405,735.09,287.34,18.35,42.47,0.5117,1,-1,-1
2394,419,1213.51,173.69,9.86,22.43,0.4140,1,-1,-1
2394,422,1191.60,175.04,8.68,20.62,0.5651,1,-1,-1
2394,406,898.70,201.44,9.99,23.77,0.6021,1,-1,-1
2394,423,913.12,200.88,9.75,21.28,0.5322,1,-1,-1
2394,429,909.45,169.86,8.93,19.84,0.1950,1,-1,-1
2395,403,1016.86,630.80,37.79,87.45,0.6901,1,-1,-1
2395,404,1522.08,367.58,31.24,57.16,0.6749,1,-1,-1
2395,405,734.57,287.52,18.46,42.57,0.4990,1,-1,-1
2395,419,1213.59,173.74,9.86,22.63,0.4140,1,-1,-1
2395,422,1191.67,174.88,8.78,21.11,0.5670,1,-1,-1
2395,406,898.67,201.23,10.06,24.04,0.6114,1,-1,-1
2395,423,913.18,200.69,9.80,21.49,0.5467,1,-1,-1
2395,429,909.35,169.72,8.94,19.93,0.2465,1,-1,-1
2396,403,1018.29,632.79,37.69,87.86,0.7409,1,-1,-1
2396,404,1525.80,368.36,30.56,56.27,0.6289,1,-1,-1
2396,405,733.68,287.62,18.89,43.57,0.5458,1,-1,-1
2396,419,1213.90,173.71,9.55,21.99,0.4102,1,-1,-1
2396,422,1191.75,174.96,8.78,21.29,0.5631,1,-1,-1
2396,406,898.66,201.10,10.15,24.36,0.6132,1,-1,-1
2396,423,913.09,200.63,9.97,21.99,0.5458,1,-1,-1
2396,429,909.12,169.65,8.96,19.98,0.2134,1,-1,-1
2396,426,1520.66,369.00,24.20,54.79,0.4533,1,-1,-1
2397,403,1019.31,633.83,38.09,89.84,0.7082,1,-1,-1
2397,404,1527.83,368.51,30.67,56.62,0.6487,1,-1,-1
2397,405,732.96,288.57,18.62,43.03,0.5554,1,-1,-1
2397,419,1214.18,173.73,9.41,21.68,0.4311,1,-1,-1
2397,422,1191.89,175.11,8.75,21.37,0.5554,1,-1,-1
2397,406,898.64,201.05,10.17,24.50,0.6151,1,-1,-1
2397,423,913.08,200.42,10.04,22.23,0.5554,1,-1,-1
2397,429,908.83,169.67,9.03,20.04,0.2524,1,-1,-1
2397,426,1521.57,369.35,24.97,55.28,0.3895,1,-1,-1
2398,403,1021.31,635.63,37.60,88.89,0.7066,1,-1,-1
2398,404,1531.00,369.22,30.01,56.32,0.6834,1,-1,-1
2398,405,732.64,288.94,18.68,43.26,0.5593,1,-1,-1
2398,419,1214.45,173.69,9.03,20.68,0.4311,1,-1,-1
2398,422,1192.12,175.49,8.56,21.00,0.5390,1,-1,-1
2398,406,898.64,200.86,10.32,24.93,0.6188,1,-1,-1
2398,423,912.94,200.27,10.17,22.64,0.5390,1,-1,-1
2398,429,908.51,169.59,9.17,20.18,0.1993,1,-1,-1
2398,426,1521.03,370.68,23.90,53.99,0.4301,1,-1,-1
2399,403,1023.19,639.17,37.02,87.39,0.7766,1,-1,-1
2399,404,1532.46,369.80,29.84,56.70,0.6593,1,-1,-1
2399,405,732.08,288.74,18.94,44.06,0.5156,1,-1,-1
2399,419,1214.78,173.81,8.69,19.74,0.4273,1,-1,-1
2399,422,1192.26,175.55,8.42,20.75,0.5409,1,-1,-1
2399,406,898.62,200.85,10.32,25.02,0.6151,1,-1,-1
2399,423,912.99,200.13,10.02,22.42,0.5380,1,-1,-1
2399,429,908.23,169.55,9.31,20.31,0.1343,1,-1,-1
2399,426,1522.82,371.41,23.78,53.99,0.3090,1,-1,-1
2400,403,1025.30,641.67,37.15,87.03,0.7256,1,-1,-1
2400,404,1533.30,370.32,29.98,57.01,0.6123,1,-1,-1
2400,405,731.39,289.50,18.71,43.50,0.5156,1,-1,-1
2400,419,1214.94,173.91,8.47,19.01,0.4225,1,-1,-1
2400,422,1192.56,175.48,8.38,20.73,0.5088,1,-1,-1
2400,406,898.63,200.79,10.35,25.15,0.6039,1,-1,-1
2400,423,913.15,200.24,9.89,22.22,0.4961,1,-1,-1
2400,426,1524.33,372.18,23.29,53.75,0.2429,1,-1,-1
2401,403,1025.50,644.19,36.96,86.72,0.7409,1,-1,-1
2401,404,1534.17,370.32,30.67,58.22,0.6343,1,-1,-1
2401,405,730.70,290.16,18.67,43.24,0.5496,1,-1,-1
2401,419,1214.92,174.04,8.40,18.64,0.4064,1,-1,-1
2401,422,1193.01,175.39,8.40,20.84,0.4795,1,-1,-1
2401,406,899.02,200.94,10.31,24.77,0.5879,1,-1,-1
2401,423,913.42,200.34,9.68,21.80,0.4513,1,-1,-1
2402,403,1025.27,645.85,38.56,91.43,0.7833,1,-1,-1
2402,404,1535.98,371.45,30.69,58.28,0.6325,1,-1,-1
2402,405,729.94,290.31,18.93,43.70,0.6307,1,-1,-1
2402,419,1215.00,174.14,8.25,18.00,0.3803,1,-1,-1
2402,422,1193.46,175.83,8.36,20.70,0.4436,1,-1,-1
2402,406,899.04,200.98,10.42,24.78,0.5936,1,-1,-1
2402,423,913.62,200.57,9.80,22.13,0.4026,1,-1,-1
2403,403,1025.85,647.29,39.41,94.46,0.7739,1,-1,-1
2403,404,1537.37,372.79,30.41,57.59,0.6397,1,-1,-1
2403,405,729.37,290.60,19.09,43.82,0.6343,1,-1,-1
2403,419,1215.00,174.20,8.26,17.73,0.3914,1,-1,-1
2403,422,1193.70,175.83,8.43,20.85,0.4494,1,-1,-1
2403,406,899.01,201.14,10.51,24.76,0.5955,1,-1,-1
2403,423,913.82,200.67,9.74,21.99,0.3942,1,-1,-1
2404,403,1026.59,650.76,39.07,94.18,0.7684,1,-1,-1
2404,404,1540.05,374.45,29.86,57.30,0.6610,1,-1,-1
2404,405,728.54,290.52,19.25,44.36,0.5804,1,-1,-1
2404,419,1215.28,174.28,8.24,17.43,0.3775,1,-1,-1
2404,422,1193.90,176.11,8.42,20.74,0.4407,1,-1,-1
2404,406,899.07,200.95,10.53,24.77,0.5974,1,-1,-1
2404,423,913.99,200.92,9.81,22.15,0.4102,1,-1,-1
2405,403,1027.24,653.13,38.99,94.31,0.7542,1,-1,-1
2405,404,1541.75,374.95,29.68,57.29,0.6343,1,-1,-1
2405,405,727.96,290.81,19.39,44.63,0.6049,1,-1,-1
2405,419,1215.30,174.25,8.67,18.12,0.3748,1,-1,-1
2405,422,1193.98,176.36,8.51,20.88,0.4216,1,-1,-1
2405,406,899.07,200.90,10.57,24.79,0.6123,1,-1,-1
2405,423,914.05,201.27,10.00,22.61,0.4149,1,-1,-1
2406,403,1027.88,655.92,38.78,94.02,0.7272,1,-1,-1
2406,404,1544.49,376.25,28.83,56.30,0.6105,1,-1,-1
2406,405,727.20,291.82,19.69,45.35,0.6415,1,-1,-1
2406,419,1215.75,174.30,8.31,16.74,0.2934,1,-1,-1
2406,422,1194.18,176.89,8.40,20.49,0.3016,1,-1,-1
2406,406,899.24,201.42,10.54,24.71,0.5993,1,-1,-1
2406,423,914.33,201.07,9.97,22.54,0.4620,1,-1,-1
2407,403,1028.43,659.13,38.51,93.17,0.7461,1,-1,-1
2407,404,1545.69,377.35,29.21,57.51,0.6487,1,-1,-1
2407,405,726.54,292.39,19.69,45.45,0.6197,1,-1,-1
2407,419,1216.40,174.28,8.12,16.05,0.3346,1,-1,-1
2407,422,1194.38,177.23,8.41,20.27,0.2358,1,-1,-1
2407,406,899.27,201.55,10.63,24.87,0.6215,1,-1,-1
2407,423,914.55,201.26,10.31,23.32,0.4678,1,-1,-1
2407,426,1539.36,377.76,25.54,58.10,0.4756,1,-1,-1
2408,403,1029.29,662.68,38.18,92.50,0.7217,1,-1,-1
2408,404,1546.37,378.07,29.47,57.93,0.6680,1,-1,-1
2408,405,726.05,293.52,19.46,44.99,0.6540,1,-1,-1
2408,419,1216.50,174.15,8.68,17.12,0.4083,1,-1,-1
2408,422,1194.39,177.15,8.66,20.68,0.2207,1,-1,-1
2408,406,899.06,201.60,10.66,24.72,0.6197,1,-1,-1
2408,423,914.57,201.38,10.56,23.91,0.4620,1,-1,-1
2408,426,1538.20,378.52,24.64,57.38,0.1074,1,-1,-1
2409,403,1030.01,665.32,38.75,94.07,0.7585,1,-1,-1
2409,404,1547.35,378.83,29.82,58.15,0.6593,1,-1,-1
2409,405,725.70,294.61,19.16,44.22,0.6379,1,-1,-1
2409,419,1215.98,174.31,9.68,19.24,0.3675,1,-1,-1
2409,422,1194.40,177.20,8.86,20.98,0.2261,1,-1,-1
2409,406,899.18,201.63,10.75,24.88,0.6197,1,-1,-1
2409,423,914.59,201.42,10.86,24.65,0.4513,1,-1,-1
2409,426,1542.03,379.48,25.38,57.88,0.2539,1,-1,-1
2410,403,1031.08,667.46,39.19,94.98,0.7642,1,-1,-1
2410,404,1549.33,380.33,29.72,57.66,0.6935,1,-1,-1
2410,405,725.20,294.87,19.23,44.35,0.6270,1,-1,-1
2410,419,1217.03,173.71,9.67,19.22,0.1413,1,-1,-1
2410,422,1194.39,177.36,9.02,21.20,0.2037,1,-1,-1
2410,406,899.22,201.57,10.83,25.01,0.6270,1,-1,-1
2410,423,914.54,201.41,11.15,25.41,0.4407,1,-1,-1
2410,426,1542.32,380.52,25.21,57.59,0.1156,1,-1,-1
2411,403,1031.63,671.22,39.61,95.52,0.7725,1,-1,-1
2411,404,1550.87,381.46,29.90,57.84,0.6951,1,-1,-1
2411,405,724.36,295.11,19.40,44.70,0.6270,1,-1,-1
2411,419,1217.18,173.44,10.67,21.37,0.1184,1,-1,-1
2411,422,1194.36,177.50,9.33,21.77,0.2330,1,-1,-1
2411,406,899.36,201.67,10.76,24.54,0.5784,1,-1,-1
2411,423,914.70,201.52,11.61,26.33,0.4349,1,-1,-1
2411,426,1542.57,382.07,24.36,56.78,0.3166,1,-1,-1
2412,403,1032.21,675.74,40.24,96.15,0.7793,1,-1,-1
2412,404,1553.64,382.35,30.07,58.72,0.6680,1,-1,-1
2412,405,723.83,295.68,19.38,44.47,0.6160,1,-1,-1
2412,419,1218.21,174.28,11.38,22.96,0.2674,1,-1,-1
2412,422,1194.35,177.40,9.60,22.25,0.1836,1,-1,-1
2412,406,899.51,201.85,10.80,24.33,0.5516,1,-1,-1
2412,423,914.74,201.67,11.78,26.53,0.4054,1,-1,-1
2412,426,1543.81,383.52,23.50,55.96,0.4523,1,-1,-1
2413,403,1033.84,680.34,40.43,96.23,0.7827,1,-1,-1
2413,404,1554.14,382.95,30.59,59.34,0.6522,1,-1,-1
2413,405,723.41,296.28,19.29,44.08,0.5860,1,-1,-1
2413,419,1218.55,174.95,11.83,24.08,0.3460,1,-1,-1
2413,422,1196.21,177.26,9.88,22.98,0.4668,1,-1,-1
2413,406,899.45,201.92,11.26,25.13,0.6160,1,-1,-1
2413,423,914.91,201.53,11.71,26.20,0.3914,1,-1,-1
2413,426,1545.88,384.23,23.65,56.64,0.2759,1,-1,-1
2414,403,1034.85,684.36,40.79,96.82,0.7564,1,-1,-1
2414,404,1556.61,383.65,30.85,59.99,0.6433,1,-1,-1
2414,405,722.78,296.57,19.43,44.33,0.5955,1,-1,-1
2414,419,1218.70,175.39,11.97,24.60,0.4206,1,-1,-1
2414,422,1197.02,177.62,9.80,22.94,0.4795,1,-1,-1
2414,406,899.47,202.06,11.54,25.63,0.6325,1,-1,-1
2414,423,914.96,201.61,11.38,25.30,0.3684,1,-1,-1
2414,426,1548.34,384.68,24.18,58.14,0.1505,1,-1,-1
2415,403,1034.93,688.22,41.26,97.01,0.7341,1,-1,-1
2415,404,1559.06,385.04,31.22,60.67,0.5860,1,-1,-1
2415,405,722.16,297.02,19.46,44.31,0.5467,1,-1,-1
2415,419,1218.75,175.54,12.01,24.90,0.4455,1,-1,-1
2415,422,1197.31,177.98,9.74,22.88,0.4912,1,-1,-1
2415,406,899.49,202.28,11.75,26.04,0.6397,1,-1,-1
2415,423,914.86,201.88,11.39,25.32,0.3803,1,-1,-1
2415,426,1551.04,386.97,24.08,58.61,0.4746,1,-1,-1
2416,403,1035.47,692.07,42.47,99.38,0.7272,1,-1,-1
2416,404,1560.30,386.24,31.55,61.21,0.6732,1,-1,-1
2416,405,720.79,297.60,19.77,45.21,0.5898,1,-1,-1
2416,419,1218.92,175.86,11.81,24.65,0.4951,1,-1,-1
2416,422,1197.45,178.15,9.70,22.93,0.4971,1,-1,-1
2416,406,899.57,202.44,11.87,26.30,0.6397,1,-1,-1
2416,423,914.78,202.04,11.36,25.34,0.4111,1,-1,-1
2416,426,1555.13,387.65,25.25,60.27,0.1993,1,-1,-1
2417,403,1038.42,696.51,42.44,99.80,0.7585,1,-1,-1
2417,404,1560.84,387.25,31.92,61.52,0.7114,1,-1,-1
2417,405,720.08,298.17,19.80,45.36,0.6197,1,-1,-1
2417,419,1219.18,176.23,11.44,24.00,0.4932,1,-1,-1
2417,422,1197.66,178.37,9.57,22.78,0.5117,1,-1,-1
2417,406,899.70,202.92,11.75,26.12,0.6270,1,-1,-1
2417,423,914.89,202.28,10.97,24.57,0.3989,1,-1,-1
2417,426,1556.60,388.22,25.43,60.95,0.1962,1,-1,-1
2418,403,1040.13,701.34,41.77,98.60,0.7130,1,-1,-1
2418,404,1563.74,388.21,32.08,62.07,0.6901,1,-1,-1
2418,405,719.21,298.14,20.15,46.08,0.6361,1,-1,-1
2418,419,1219.46,176.48,11.03,23.20,0.5195,1,-1,-1
2418,422,1197.89,178.43,9.44,22.68,0.5254,1,-1,-1
2418,406,899.76,203.36,11.65,25.97,0.6105,1,-1,-1
2418,423,915.04,202.52,10.62,23.84,0.3979,1,-1,-1
2418,426,1559.01,388.21,25.70,61.63,0.3425,1,-1,-1
2418,432,1030.67,149.82,10.30,19.64,0.5438,1,-1,-1
2419,403,1040.83,705.06,42.30,100.85,0.7122,1,-1,-1
2419,404,1565.00,389.44,32.55,62.63,0.6540,1,-1,-1
2419,405,718.51,298.66,20.30,46.36,0.6361,1,-1,-1
2419,419,1219.62,177.25,10.83,22.87,0.5448,1,-1,-1
2419,422,1197.99,178.33,9.39,22.76,0.5185,1,-1,-1
2419,406,899.89,203.59,11.68,26.10,0.6086,1,-1,-1
2419,423,915.03,202.71,10.74,24.21,0.4140,1,-1,-1
2419,426,1560.57,389.56,25.60,61.68,0.2502,1,-1,-1
2419,432,1031.16,149.56,10.38,19.80,0.5593,1,-1,-1
2419,429,901.54,170.16,9.55,20.82,0.4523,1,-1,-1
2420,403,1042.42,709.74,41.76,100.59,0.7287,1,-1,-1
2420,404,1567.17,391.32,32.61,61.95,0.6960,1,-1,-1
2420,405,717.65,299.28,20.45,46.76,0.6575,1,-1,-1
2420,419,1219.81,177.84,10.64,22.54,0.5429,1,-1,-1
2420,422,1198.21,178.39,9.24,22.64,0.5215,1,-1,-1
2420,406,900.13,203.86,11.64,26.09,0.6123,1,-1,-1
2420,423,914.91,202.90,11.02,25.02,0.4426,1,-1,-1
2420,432,1031.85,149.49,10.41,19.91,0.5765,1,-1,-1
2420,429,900.85,170.15,9.65,21.00,0.4941,1,-1,-1
2421,403,1040.98,715.62,42.46,102.90,0.6984,1,-1,-1
2421,404,1568.94,393.44,32.43,60.83,0.6809,1,-1,-1
2421,405,716.95,300.19,20.42,46.55,0.6325,1,-1,-1
2421,419,1220.39,178.30,10.22,21.70,0.4990,1,-1,-1
2421,422,1198.72,178.75,9.06,22.48,0.5263,1,-1,-1
2421,406,900.53,204.08,11.54,26.02,0.6067,1,-1,-1
2421,423,914.83,203.13,11.12,25.53,0.5059,1,-1,-1
2421,432,1032.27,149.63,10.39,19.93,0.5525,1,-1,-1
2421,429,899.77,170.17,9.73,21.13,0.2822,1,-1,-1
2422,403,1042.66,719.94,43.54,105.57,0.6021,1,-1,-1
2422,404,1570.92,394.96,32.53,60.68,0.6935,1,-1,-1
2422,405,715.75,301.09,20.53,46.78,0.6415,1,-1,-1
2422,419,1220.68,178.62,10.19,21.73,0.5341,1,-1,-1
2422,422,1199.00,178.99,8.89,22.30,0.5078,1,-1,-1
2422,406,900.81,204.23,11.45,25.95,0.6086,1,-1,-1
2422,423,914.91,203.17,11.12,25.74,0.5000,1,-1,-1
2422,432,1032.41,149.74,10.45,20.13,0.5477,1,-1,-1
2422,429,899.12,170.40,9.89,21.59,0.2568,1,-1,-1
2423,403,1042.90,724.48,44.75,108.80,0.6602,1,-1,-1
2423,404,1574.38,396.79,32.37,60.61,0.6800,1,-1,-1
2423,405,714.53,302.29,20.73,47.20,0.6433,1,-1,-1
2423,419,1221.10,178.96,10.00,21.48,0.5156,1,-1,-1
2423,422,1199.24,179.20,8.71,22.08,0.4912,1,-1,-1
2423,406,901.12,204.64,11.22,25.53,0.5765,1,-1,-1
2423,423,915.06,203.21,11.15,25.99,0.4951,1,-1,-1
2423,432,1032.34,150.21,10.31,19.85,0.4815,1,-1,-1
2423,429,898.50,170.56,9.92,21.83,0.1613,1,-1,-1
2423,426,1571.53,397.47,25.11,59.84,0.4649,1,-1,-1
2424,403,1046.75,730.91,43.80,106.51,0.6960,1,-1,-1
2424,404,1580.04,398.03,31.87,60.83,0.6123,1,-1,-1
2424,405,713.68,303.03,20.92,47.74,0.6749,1,-1,-1
2424,419,1221.69,179.47,9.79,21.14,0.5215,1,-1,-1
2424,422,1199.41,179.26,8.64,22.09,0.5107,1,-1,-1
2424,406,901.36,205.11,11.05,25.23,0.5974,1,-1,-1
2424,423,915.12,203.39,11.21,26.28,0.5429,1,-1,-1
2424,432,1032.45,150.77,9.96,19.03,0.2644,1,-1,-1
2424,429,898.14,170.63,9.97,22.06,0.3303,1,-1,-1
2424,426,1571.51,399.94,24.37,59.05,0.4863,1,-1,-1
2425,403,1049.42,737.74,44.98,108.85,0.6558,1,-1,-1
2425,404,1580.62,398.27,32.62,61.99,0.6505,1,-1,-1
2425,405,712.56,303.55,20.86,47.50,0.6197,1,-1,-1
2425,419,1222.53,179.56,9.93,21.42,0.5137,1,-1,-1
2425,422,1199.50,179.12,8.70,22.34,0.5078,1,-1,-1
2425,406,901.40,205.39,11.04,25.33,0.6142,1,-1,-1
2425,423,914.96,203.49,11.20,26.45,0.5448,1,-1,-1
2425,432,1032.93,151.14,9.77,18.49,0.2576,1,-1,-1
2425,429,897.86,171.09,9.89,22.04,0.3074,1,-1,-1
2425,426,1573.42,400.48,24.44,59.03,0.1466,1,-1,-1
2426,403,1050.52,743.46,45.26,109.44,0.6261,1,-1,-1
2426,404,1582.72,400.32,32.66,61.94,0.6766,1,-1,-1
2426,405,711.95,304.42,20.59,46.70,0.5823,1,-1,-1
2426,419,1223.47,179.24,10.13,21.91,0.5059,1,-1,-1
2426,422,1199.87,178.99,8.80,22.59,0.5215,1,-1,-1
2426,406,901.53,205.72,10.91,25.23,0.6289,1,-1,-1
2426,423,914.87,203.67,11.06,26.41,0.5554,1,-1,-1
2426,432,1033.43,151.12,9.96,18.71,0.3684,1,-1,-1
2426,429,897.63,171.86,9.66,21.68,0.2975,1,-1,-1
2427,403,1052.33,749.81,45.45,108.48,0.6758,1,-1,-1
2427,404,1583.97,401.32,33.26,62.81,0.7256,1,-1,-1
2427,405,711.29,305.16,20.47,46.22,0.6234,1,-1,-1
2427,419,1224.34,179.35,10.21,22.26,0.4834,1,-1,-1
2427,422,1200.29,179.02,8.88,22.63,0.5244,1,-1,-1
2427,406,901.66,205.73,10.90,25.38,0.6343,1,-1,-1
2427,423,914.98,203.79,10.91,26.30,0.5708,1,-1,-1
2427,432,1033.91,151.14,10.26,19.04,0.2234,1,-1,-1
2427,429,897.10,172.14,9.64,21.75,0.1515,1,-1,-1
2428,403,1051.20,756.33,44.94,106.51,0.5756,1,-1,-1
2428,404,1586.25,403.46,33.25,62.34,0.6984,1,-1,-1
2428,405,710.75,306.20,20.26,45.58,0.6123,1,-1,-1
2428,419,1225.01,179.48,10.27,22.62,0.4707,1,-1,-1
2428,422,1200.61,178.77,9.13,23.03,0.5458,1,-1,-1
2428,406,901.70,205.75,10.88,25.49,0.6487,1,-1,-1
2428,423,915.20,203.92,10.67,25.94,0.5670,1,-1,-1
2428,432,1034.79,151.27,10.75,19.92,0.2783,1,-1,-1
2428,429,896.81,172.43,9.56,21.65,0.1974,1,-1,-1
2429,403,1050.93,761.24,45.04,105.76,0.4961,1,-1,-1
2429,404,1588.61,404.79,33.97,63.13,0.6442,1,-1,-1
2429,405,709.60,307.16,20.27,45.77,0.5974,1,-1,-1
2429,419,1225.05,179.56,10.53,23.52,0.4465,1,-1,-1
2429,422,1200.80,178.81,9.23,23.06,0.5477,1,-1,-1
2429,406,901.67,205.85,10.80,25.40,0.6397,1,-1,-1
2429,423,915.34,203.91,10.54,25.81,0.5419,1,-1,-1
2429,432,1035.43,151.67,10.64,19.67,0.2043,1,-1,-1
2429,429,896.48,172.47,9.64,21.85,0.1592,1,-1,-1
2430,403,1056.24,768.95,44.47,104.47,0.6451,1,-1,-1
2430,404,1590.88,405.91,34.92,64.68,0.6993,1,-1,-1
2430,405,708.30,308.11,20.31,46.15,0.5898,1,-1,-1
2430,419,1225.80,179.74,10.24,23.15,0.4321,1,-1,-1
2430,422,1201.11,178.98,9.28,22.97,0.5593,1,-1,-1
2430,406,901.68,205.98,10.75,25.27,0.6215,1,-1,-1
2430,423,915.35,203.99,10.49,25.89,0.5205,1,-1,-1
2430,432,1035.77,151.50,10.54,19.40,0.2088,1,-1,-1
2430,429,896.16,172.23,9.80,22.22,0.1678,1,-1,-1
2430,433,1213.48,180.58,10.43,22.69,0.4746,1,-1,-1
2431,403,1059.10,775.04,45.14,106.68,0.6132,1,-1,-1
2431,404,1592.89,406.98,35.54,65.46,0.7170,1,-1,-1
2431,405,707.46,308.74,20.48,46.53,0.6179,1,-1,-1
2431,419,1226.23,179.65,10.25,23.49,0.4417,1,-1,-1
2431,422,1201.95,179.46,9.25,22.82,0.5516,1,-1,-1
2431,406,901.67,206.20,10.70,25.17,0.6179,1,-1,-1
2431,423,915.30,204.09,10.47,26.05,0.5341,1,-1,-1
2431,432,1036.19,151.20,10.48,19.24,0.2227,1,-1,-1
2431,429,895.80,171.86,10.01,22.63,0.1002,1,-1,-1
2431,433,1214.09,180.74,10.53,22.95,0.4922,1,-1,-1
2432,403,1060.66,782.11,45.44,107.77,0.5889,1,-1,-1
2432,404,1595.32,408.46,35.63,65.15,0.7513,1,-1,-1
2432,405,706.67,308.61,20.69,46.99,0.6049,1,-1,-1
2432,419,1226.78,179.56,10.11,23.43,0.4591,1,-1,-1
2432,422,1202.53,179.77,9.26,22.84,0.5842,1,-1,-1
2432,406,901.67,206.52,10.57,24.88,0.6086,1,-1,-1
2432,423,915.26,204.08,10.44,26.16,0.5322,1,-1,-1
2432,432,1036.36,150.03,10.69,19.52,0.3251,1,-1,-1
2432,429,895.50,171.65,10.16,22.82,0.1200,1,-1,-1
2432,433,1214.55,180.81,10.60,23.16,0.5156,1,-1,-1
2433,403,1064.15,789.68,45.34,107.83,0.5574,1,-1,-1
2433,404,1598.78,409.91,35.72,64.80,0.6935,1,-1,-1
2433,405,705.81,308.84,20.79,47.07,0.5993,1,-1,-1
2433,419,1227.23,179.55,9.99,23.42,0.4436,1,-1,-1
2433,422,1203.03,180.32,9.06,22.38,0.5917,1,-1,-1
2433,406,901.76,206.65,10.47,24.66,0.6067,1,-1,-1
2433,423,915.37,203.76,10.45,26.35,0.5195,1,-1,-1
2433,432,1036.93,149.74,10.65,19.36,0.1854,1,-1,-1
2433,429,895.35,171.79,10.18,22.65,0.1188,1,-1,-1
2433,433,1214.78,180.61,10.62,23.30,0.5390,1,-1,-1
2434,403,1066.88,795.46,46.95,110.91,0.4932,1,-1,-1
2434,404,1601.87,410.96,36.16,65.47,0.6715,1,-1,-1
2434,405,704.68,308.92,21.31,48.07,0.6123,1,-1,-1
2434,419,1227.65,179.64,9.88,23.35,0.4196,1,-1,-1
2434,422,1203.42,180.24,9.04,22.40,0.5708,1,-1,-1
2434,406,901.87,206.50,10.50,24.73,0.6160,1,-1,-1
2434,423,915.47,203.52,10.54,26.73,0.5215,1,-1,-1
2434,432,1037.50,149.42,10.72,19.42,0.1471,1,-1,-1
2434,429,894.38,171.79,10.27,22.77,0.1427,1,-1,-1
2434,433,1214.90,180.42,10.54,23.27,0.5068,1,-1,-1
2435,403,1067.68,802.98,47.06,110.60,0.5078,1,-1,-1
2435,404,1604.83,411.88,36.50,65.81,0.7217,1,-1,-1
2435,405,704.04,309.11,21.73,48.88,0.6197,1,-1,-1
2435,419,1227.78,179.89,9.79,23.14,0.4766,1,-1,-1
2435,422,1203.87,180.68,8.92,22.17,0.5477,1,-1,-1
2435,406,902.02,206.42,10.50,24.71,0.6160,1,-1,-1
2435,423,915.66,203.18,10.61,27.08,0.5117,1,-1,-1
2435,432,1037.91,149.68,10.62,19.13,0.1651,1,-1,-1
2435,429,893.95,171.84,10.27,22.76,0.2043,1,-1,-1
2435,433,1215.04,180.62,10.41,23.16,0.5107,1,-1,-1
2436,403,1068.37,810.59,47.19,108.76,0.4388,1,-1,-1
2436,404,1607.29,413.41,37.07,66.71,0.7498,1,-1,-1
2436,405,702.71,309.86,21.73,49.16,0.5727,1,-1,-1
2436,419,1228.01,179.76,9.83,23.33,0.5215,1,-1,-1
2436,422,1204.21,181.21,9.07,22.67,0.5784,1,-1,-1
2436,406,902.28,206.68,10.39,24.45,0.6325,1,-1,-1
2436,423,916.00,203.16,10.47,26.93,0.4883,1,-1,-1
2436,432,1038.10,150.07,10.63,19.08,0.2862,1,-1,-1
2436,429,893.74,172.15,9.98,22.13,0.1987,1,-1,-1
2436,433,1214.99,180.96,10.44,23.40,0.5554,1,-1,-1
2437,403,1070.84,818.82,47.83,108.84,0.4922,1,-1,-1
2437,404,1610.48,415.63,37.28,67.04,0.6558,1,-1,-1
2437,405,701.79,311.31,21.51,48.85,0.5823,1,-1,-1
2437,419,1228.37,179.89,9.76,23.31,0.5137,1,-1,-1
2437,422,1204.57,182.05,8.95,22.42,0.5708,1,-1,-1
2437,406,902.47,206.65,10.54,24.80,0.6289,1,-1,-1
2437,423,916.28,203.10,10.45,27.04,0.4756,1,-1,-1
2437,432,1039.16,150.76,10.61,19.05,0.2806,1,-1,-1
2437,429,893.63,172.33,9.79,21.75,0.1830,1,-1,-1
2437,433,1215.10,181.43,10.34,23.36,0.5234,1,-1,-1
2438,403,1073.64,827.44,47.13,106.29,0.1624,1,-1,-1
2438,404,1613.67,417.47,37.31,66.70,0.6671,1,-1,-1
2438,405,700.46,311.84,21.33,48.61,0.5993,1,-1,-1
2438,419,1228.66,179.94,9.88,23.77,0.5467,1,-1,-1
2438,422,1204.87,182.96,8.83,22.10,0.5574,1,-1,-1
2438,406,902.45,206.59,10.87,25.60,0.6451,1,-1,-1
2438,423,916.05,203.50,10.61,27.33,0.5273,1,-1,-1
2438,432,1039.48,150.76,10.98,19.80,0.4158,1,-1,-1
2438,429,893.54,172.36,9.80,21.86,0.2056,1,-1,-1
2438,433,1215.13,181.76,10.22,23.22,0.5322,1,-1,-1
2439,403,1074.96,835.25,49.78,111.57,0.5059,1,-1,-1
2439,404,1617.28,419.16,37.20,66.40,0.6918,1,-1,-1
2439,405,698.86,312.93,21.33,48.60,0.6179,1,-1,-1
2439,419,1228.88,180.07,9.89,24.00,0.5234,1,-1,-1
2439,422,1205.02,183.02,8.89,22.27,0.5535,1,-1,-1
2439,406,902.31,206.57,11.12,26.18,0.6593,1,-1,-1
2439,423,916.15,203.65,10.74,27.43,0.5312,1,-1,-1
2439,432,1039.75,151.20,11.11,20.10,0.4263,1,-1,-1
2439,429,893.38,172.57,9.68,21.68,0.2422,1,-1,-1
2439,433,1215.07,181.97,10.17,23.20,0.5127,1,-1,-1
2440,404,1620.28,421.18,37.48,66.73,0.6918,1,-1,-1
2440,405,698.21,313.46,21.60,49.21,0.6307,1,-1,-1
2440,419,1229.22,180.06,9.80,24.03,0.5059,1,-1,-1
2440,422,1205.11,183.01,8.89,22.27,0.5612,1,-1,-1
2440,406,902.38,206.62,11.15,26.24,0.6593,1,-1,-1
2440,423,916.60,203.52,10.79,27.57,0.5283,1,-1,-1
2440,432,1040.28,151.66,10.94,19.90,0.4620,1,-1,-1
2440,429,893.34,172.77,9.53,21.45,0.2539,1,-1,-1
2440,433,1215.06,182.24,10.05,22.97,0.4815,1,-1,-1
2441,404,1623.33,422.48,38.25,67.89,0.7009,1,-1,-1
2441,405,697.73,314.03,21.88,49.84,0.6160,1,-1,-1
2441,419,1229.32,180.11,10.06,24.99,0.5487,1,-1,-1
2441,422,1205.59,183.14,8.83,22.03,0.5496,1,-1,-1
2441,406,902.60,206.61,11.19,26.15,0.6361,1,-1,-1
2441,423,917.07,203.38,10.82,27.62,0.5127,1,-1,-1
2441,432,1041.10,151.98,10.58,19.31,0.4378,1,-1,-1
2441,429,893.17,172.64,9.42,21.32,0.3016,1,-1,-1
2441,433,1214.23,182.32,9.96,22.86,0.5029,1,-1,-1
2442,404,1627.94,424.59,37.95,67.85,0.7484,1,-1,-1
2442,405,697.12,315.24,21.79,49.42,0.5879,1,-1,-1
2442,419,1229.78,180.10,9.78,24.54,0.5078,1,-1,-1
2442,422,1206.10,183.59,8.99,22.23,0.4727,1,-1,-1
2442,406,902.69,206.69,11.29,26.18,0.6067,1,-1,-1
2442,423,917.46,203.34,10.51,26.73,0.4513,1,-1,-1
2442,432,1041.75,152.54,10.21,18.49,0.2689,1,-1,-1
2442,429,892.76,172.89,9.28,21.10,0.2728,1,-1,-1
2442,433,1212.67,182.49,9.97,23.01,0.4912,1,-1,-1
2443,404,1630.91,427.07,38.54,69.08,0.7599,1,-1,-1
2443,405,695.59,316.28,22.33,50.77,0.6086,1,-1,-1
2443,419,1230.19,180.28,9.46,23.71,0.4893,1,-1,-1
2443,422,1206.43,183.32,9.56,23.38,0.3970,1,-1,-1
2443,406,902.81,207.03,11.50,26.35,0.5993,1,-1,-1
2443,423,917.93,203.67,9.96,25.08,0.4158,1,-1,-1
2443,432,1042.44,152.92,9.99,17.78,0.1993,1,-1,-1
2443,429,892.34,173.35,9.11,20.80,0.2282,1,-1,-1
2443,433,1210.26,182.14,10.42,23.99,0.5293,1,-1,-1
2444,404,1633.92,429.09,38.71,68.98,0.7217,1,-1,-1
2444,405,695.59,316.50,21.82,49.75,0.5438,1,-1,-1
2444,419,1230.43,180.56,9.41,23.52,0.4552,1,-1,-1
2444,422,1206.61,183.70,9.91,23.92,0.3785,1,-1,-1
2444,406,902.90,207.38,11.77,26.75,0.6289,1,-1,-1
2444,423,918.33,204.02,9.60,23.83,0.4026,1,-1,-1
2444,432,1043.23,152.67,9.88,17.50,0.2958,1,-1,-1
2444,429,892.03,173.98,8.87,20.32,0.2878,1,-1,-1
2444,433,1209.04,182.23,10.69,24.58,0.5351,1,-1,-1
2445,404,1637.94,431.07,38.61,68.79,0.7154,1,-1,-1
2445,405,694.13,318.43,21.38,48.65,0.5312,1,-1,-1
2445,419,1231.28,181.01,9.97,24.73,0.5039,1,-1,-1
2445,422,1206.71,184.13,10.11,24.08,0.3757,1,-1,-1
2445,406,902.98,207.72,12.02,27.12,0.6270,1,-1,-1
2445,423,918.44,205.17,9.15,22.32,0.3886,1,-1,-1
2445,432,1043.80,152.18,10.10,18.03,0.4196,1,-1,-1
2445,429,891.66,174.15,8.80,20.30,0.2494,1,-1,-1
2445,433,1208.18,182.61,10.60,24.41,0.5409,1,-1,-1
2446,404,1641.45,433.20,38.93,69.15,0.6766,1,-1,-1
2446,405,693.02,319.78,21.98,50.10,0.6049,1,-1,-1
2446,419,1231.78,181.39,10.04,24.78,0.5039,1,-1,-1
2446,406,903.00,208.05,12.15,27.21,0.6361,1,-1,-1
2446,423,918.19,205.90,9.41,22.53,0.3285,1,-1,-1
2446,432,1044.24,152.55,9.97,17.90,0.3693,1,-1,-1
2446,429,891.39,174.23,8.81,20.48,0.2160,1,-1,-1
2446,433,1207.86,183.84,10.46,24.14,0.5429,1,-1,-1
2447,404,1644.88,435.02,39.34,69.69,0.7194,1,-1,-1
2447,405,691.91,320.76,22.22,50.81,0.6105,1,-1,-1
2447,419,1231.94,181.53,10.12,24.85,0.5010,1,-1,-1
2447,406,903.06,208.48,12.14,27.00,0.6397,1,-1,-1
2447,423,918.24,206.17,9.23,21.52,0.2751,1,-1,-1
2447,432,1044.38,152.88,10.01,18.11,0.4388,1,-1,-1
2447,429,890.97,174.40,8.74,20.43,0.3775,1,-1,-1
2447,433,1208.07,184.14,10.47,24.35,0.5689,1,-1,-1
2448,404,1648.64,437.39,40.22,71.43,0.7256,1,-1,-1
2448,405,691.14,322.33,22.06,50.50,0.5429,1,-1,-1
2448,419,1231.92,181.54,10.43,25.65,0.4990,1,-1,-1
2448,406,903.24,208.88,12.11,26.83,0.6270,1,-1,-1
2448,423,918.38,206.29,8.79,19.92,0.2365,1,-1,-1
2448,432,1044.98,153.14,9.75,17.72,0.3469,1,-1,-1
2448,429,890.39,174.85,8.81,20.80,0.2854,1,-1,-1
2448,433,1208.76,184.68,10.17,23.94,0.5708,1,-1,-1
2449,404,1653.15,439.92,39.67,70.29,0.7217,1,-1,-1
2449,405,689.94,323.28,21.86,50.03,0.5651,1,-1,-1
2449,419,1232.03,181.81,10.62,26.19,0.4922,1,-1,-1
2449,406,903.48,209.18,12.08,26.71,0.6086,1,-1,-1
2449,423,918.36,206.38,8.76,19.42,0.2408,1,-1,-1
2449,432,1045.66,153.40,9.52,17.25,0.2516,1,-1,-1
2449,429,889.87,175.31,8.77,20.90,0.1813,1,-1,-1
2449,433,1209.38,185.00,9.93,23.77,0.5746,1,-1,-1
2450,404,1657.19,442.20,39.81,70.26,0.7491,1,-1,-1
2450,405,687.69,323.71,22.08,50.75,0.5842,1,-1,-1
2450,419,1232.02,182.34,10.98,27.29,0.5156,1,-1,-1
2450,406,903.55,209.26,12.15,26.86,0.6179,1,-1,-1
2450,423,918.25,206.53,9.13,20.00,0.2659,1,-1,-1
2450,432,1046.04,153.22,9.58,17.25,0.2134,1,-1,-1
2450,429,889.08,175.59,8.87,21.23,0.2282,1,-1,-1
2450,433,1209.63,185.37,9.73,23.63,0.5651,1,-1,-1
2451,404,1661.36,444.64,40.12,70.97,0.7272,1,-1,-1
2451,405,686.81,324.72,22.03,50.68,0.5974,1,-1,-1
2451,419,1233.00,183.28,10.65,26.71,0.5429,1,-1,-1
2451,406,903.67,209.18,12.07,26.70,0.5670,1,-1,-1
2451,423,917.52,207.02,10.17,22.42,0.3183,1,-1,-1
2451,432,1046.14,153.33,9.90,17.72,0.1842,1,-1,-1
2451,429,888.17,176.29,8.96,21.44,0.1790,1,-1,-1
2452,404,1667.66,446.89,39.68,71.39,0.6343,1,-1,-1
2452,405,685.29,325.59,22.14,50.66,0.5727,1,-1,-1
2452,419,1234.25,183.99,10.45,26.66,0.4912,1,-1,-1
2452,406,903.73,209.12,12.08,26.81,0.5879,1,-1,-1
2452,423,917.26,207.23,10.93,24.27,0.3337,1,-1,-1
2452,432,1046.71,153.73,9.80,17.30,0.1056,1,-1,-1
2452,429,887.68,176.87,8.86,21.19,0.1813,1,-1,-1
2452,439,1222.21,186.07,8.73,23.20,0.4504,1,-1,-1
2452,422,1210.06,186.73,9.39,22.86,0.5224,1,-1,-1
2453,404,1670.29,449.52,39.84,71.47,0.7241,1,-1,-1
2453,405,683.72,327.68,22.10,50.81,0.5842,1,-1,-1
2453,419,1235.28,184.25,10.33,26.89,0.4330,1,-1,-1
2453,406,903.81,209.10,11.97,26.70,0.6049,1,-1,-1
2453,423,917.15,207.50,11.48,25.78,0.3648,1,-1,-1
2453,429,887.39,177.64,8.76,20.99,0.3260,1,-1,-1
2453,439,1222.77,186.26,8.81,23.35,0.4407,1,-1,-1
2453,422,1210.72,186.88,9.27,22.90,0.5554,1,-1,-1
2454,404,1674.13,452.89,39.66,70.57,0.7146,1,-1,-1
2454,405,683.24,328.00,22.30,51.45,0.5535,1,-1,-1
2454,419,1236.18,184.88,10.14,26.83,0.4177,1,-1,-1
2454,406,903.84,209.24,11.94,26.76,0.5974,1,-1,-1
2454,423,917.13,207.70,11.88,27.04,0.3831,1,-1,-1
2454,429,886.94,178.52,8.74,20.87,0.1807,1,-1,-1
2454,439,1223.86,186.47,8.99,23.67,0.4359,1,-1,-1
2454,422,1211.48,187.11,9.20,22.74,0.5823,1,-1,-1
2455,404,1678.63,454.60,40.29,71.34,0.6960,1,-1,-1
2455,405,681.08,329.67,22.55,52.05,0.5496,1,-1,-1
2455,419,1236.92,185.39,9.90,26.46,0.3630,1,-1,-1
2455,406,903.84,209.40,11.99,27.09,0.6049,1,-1,-1
2455,423,917.27,207.83,11.96,27.64,0.4054,1,-1,-1
2455,429,886.70,178.72,8.75,20.81,0.2689,1,-1,-1
2455,439,1225.28,186.58,9.04,23.65,0.4349,1,-1,-1
2455,422,1211.95,187.02,9.25,22.81,0.6160,1,-1,-1
2456,404,1682.42,457.08,40.98,72.49,0.6910,1,-1,-1
2456,405,680.23,331.09,22.72,52.40,0.5842,1,-1,-1
2456,419,1237.64,185.81,9.45,25.39,0.3621,1,-1,-1
2456,406,903.70,209.57,12.15,27.61,0.6049,1,-1,-1
2456,423,917.17,207.87,12.16,28.39,0.3989,1,-1,-1
2456,429,886.24,178.72,9.00,21.24,0.1778,1,-1,-1
2456,439,1226.61,187.31,9.00,23.49,0.4206,1,-1,-1
2456,422,1212.60,187.21,9.39,23.00,0.5823,1,-1,-1
2457,404,1686.94,459.57,41.54,73.59,0.6868,1,-1,-1
2457,405,678.89,332.11,22.83,52.88,0.5370,1,-1,-1
2457,419,1238.14,186.38,9.27,25.07,0.4158,1,-1,-1
2457,406,903.63,209.95,12.08,27.57,0.5955,1,-1,-1
2457,423,917.01,207.96,12.14,28.62,0.3739,1,-1,-1
2457,429,885.73,178.58,9.15,21.49,0.1938,1,-1,-1
2457,439,1227.65,188.15,8.99,23.34,0.4591,1,-1,-1
2457,422,1213.29,187.53,9.60,23.64,0.6123,1,-1,-1
2458,404,1691.60,462.85,41.08,72.54,0.6654,1,-1,-1
2458,405,677.16,333.20,22.71,52.69,0.4707,1,-1,-1
2458,419,1238.58,187.00,9.07,24.64,0.4455,1,-1,-1
2458,406,903.69,210.35,12.01,27.56,0.5898,1,-1,-1
2458,423,917.18,208.01,11.85,28.17,0.3766,1,-1,-1
2458,429,885.31,178.97,9.09,21.19,0.1889,1,-1,-1
2458,439,1228.12,188.83,9.04,23.39,0.4824,1,-1,-1
2458,422,1213.89,187.93,9.69,24.10,0.6397,1,-1,-1
2459,404,1696.51,466.00,41.52,73.35,0.7264,1,-1,-1
2459,405,675.42,334.31,22.84,53.06,0.6197,1,-1,-1
2459,419,1239.07,187.42,8.81,23.81,0.4140,1,-1,-1
2459,406,903.70,211.07,12.00,27.57,0.5879,1,-1,-1
2459,423,917.15,208.32,11.93,28.60,0.3739,1,-1,-1
2459,429,884.92,179.62,9.00,20.76,0.1566,1,-1,-1
2459,439,1228.46,189.15,8.99,23.21,0.4766,1,-1,-1
2459,422,1214.45,187.93,9.60,24.30,0.6325,1,-1,-1
2460,404,1700.74,468.87,42.63,75.33,0.7114,1,-1,-1
2460,405,674.25,335.64,22.78,52.86,0.6415,1,-1,-1
2460,419,1239.55,187.45,8.56,22.82,0.3149,1,-1,-1
2460,406,903.62,211.67,11.99,27.61,0.5860,1,-1,-1
2460,423,917.30,208.59,11.89,28.79,0.3242,1,-1,-1
2460,429,884.32,179.56,9.24,21.04,0.1348,1,-1,-1
2460,439,1228.57,189.81,8.77,22.70,0.3794,1,-1,-1
2460,422,1215.13,188.21,9.33,23.97,0.5708,1,-1,-1
2461,404,1704.88,470.99,43.16,75.85,0.7303,1,-1,-1
2461,405,673.53,336.79,22.68,52.67,0.5727,1,-1,-1
2461,419,1239.90,187.32,8.98,23.72,0.3242,1,-1,-1
2461,406,903.65,212.52,11.82,27.14,0.5879,1,-1,-1
2461,423,917.53,209.33,11.53,28.19,0.3363,1,-1,-1
2461,429,882.99,178.73,9.81,22.03,0.1234,1,-1,-1
2461,439,1228.94,189.95,8.83,22.95,0.3858,1,-1,-1
2461,422,1215.60,188.56,9.18,23.86,0.5879,1,-1,-1
2462,404,1710.17,474.48,43.51,76.79,0.6451,1,-1,-1
2462,405,672.97,338.12,22.46,52.34,0.5631,1,-1,-1
2462,419,1240.87,187.80,9.25,24.43,0.3149,1,-1,-1
2462,406,903.66,212.81,11.86,27.26,0.5898,1,-1,-1
2462,423,918.55,210.27,11.23,27.50,0.3739,1,-1,-1
2462,429,882.45,179.02,9.96,22.12,0.1722,1,-1,-1
2462,439,1229.39,190.38,8.70,22.73,0.3868,1,-1,-1
2462,422,1216.02,189.31,8.98,23.45,0.5708,1,-1,-1
2463,404,1714.77,477.35,43.67,76.64,0.6067,1,-1,-1
2463,405,670.72,340.05,22.72,53.02,0.5215,1,-1,-1
2463,419,1241.55,188.19,9.36,24.65,0.3183,1,-1,-1
2463,406,903.84,213.52,11.69,26.95,0.5842,1,-1,-1
2463,423,919.15,211.09,10.85,26.53,0.3757,1,-1,-1
2463,429,882.05,179.44,10.12,22.37,0.2309,1,-1,-1
2463,439,1229.75,190.57,8.71,22.75,0.3666,1,-1,-1
2463,422,1216.37,189.67,8.98,23.47,0.5166,1,-1,-1
2464,404,1719.09,479.87,44.54,78.28,0.7146,1,-1,-1
2464,405,668.51,340.32,23.71,55.48,0.5917,1,-1,-1
2464,419,1241.84,188.56,9.41,24.62,0.3057,1,-1,-1
2464,406,904.04,214.07,11.75,27.17,0.5765,1,-1,-1
2464,423,919.27,211.93,10.96,26.87,0.4045,1,-1,-1
2464,429,881.67,179.87,10.29,22.75,0.1807,1,-1,-1
2464,439,1230.17,191.06,8.68,22.51,0.3099,1,-1,-1
2464,422,1216.60,190.37,8.95,23.28,0.4064,1,-1,-1
2464,432,1052.97,154.96,11.20,20.14,0.5370,1,-1,-1
2465,404,1724.41,482.32,44.54,78.12,0.7090,1,-1,-1
2465,405,667.31,341.89,23.99,56.02,0.6234,1,-1,-1
2465,419,1243.13,189.11,9.90,25.45,0.4854,1,-1,-1
2465,406,904.15,213.99,11.94,27.63,0.5823,1,-1,-1
2465,423,919.28,212.81,11.02,27.08,0.4717,1,-1,-1
2465,429,881.39,180.16,10.44,23.19,0.2697,1,-1,-1
2465,439,1232.60,191.06,9.44,24.09,0.4678,1,-1,-1
2465,422,1217.30,191.22,9.03,23.27,0.5088,1,-1,-1
2465,432,1053.34,154.98,11.52,21.23,0.5860,1,-1,-1
2466,404,1730.52,485.77,45.27,79.67,0.7256,1,-1,-1
2466,405,665.75,344.06,24.00,55.83,0.6379,1,-1,-1
2466,419,1243.98,189.88,9.61,24.39,0.4426,1,-1,-1
2466,406,904.35,214.65,11.78,27.38,0.5993,1,-1,-1
2466,423,919.23,214.11,11.51,28.14,0.4504,1,-1,-1
2466,429,881.24,180.32,10.49,23.37,0.2207,1,-1,-1
2466,439,1233.33,192.35,9.40,23.74,0.4149,1,-1,-1
2466,422,1218.45,192.88,8.79,22.15,0.4321,1,-1,-1
2466,432,1054.14,155.63,10.90,20.30,0.4961,1,-1,-1
2467,404,1736.18,489.58,45.29,79.94,0.7349,1,-1,-1
2467,405,663.58,345.65,24.00,55.79,0.6049,1,-1,-1
2467,419,1244.67,190.44,9.14,22.88,0.4971,1,-1,-1
2467,406,904.57,215.08,11.72,27.34,0.5955,1,-1,-1
2467,423,919.12,214.48,11.47,28.20,0.4951,1,-1,-1
2467,429,880.86,180.75,10.65,23.93,0.2379,1,-1,-1
2467,439,1233.43,193.40,9.06,22.62,0.4149,1,-1,-1
2467,422,1218.97,194.31,8.77,21.51,0.4149,1,-1,-1
2467,432,1054.66,155.89,10.84,20.52,0.5244,1,-1,-1
2468,404,1739.81,491.97,47.47,83.88,0.7225,1,-1,-1
2468,405,661.60,348.15,23.50,54.26,0.6142,1,-1,-1
2468,419,1245.23,191.08,8.83,21.81,0.4610,1,-1,-1
2468,406,904.64,215.27,11.78,27.62,0.5879,1,-1,-1
2468,423,919.19,214.50,11.41,28.25,0.5107,1,-1,-1
2468,429,880.41,181.50,10.72,24.35,0.3451,1,-1,-1
2468,439,1233.42,193.00,8.75,21.64,0.3540,1,-1,-1
2468,422,1219.22,195.06,8.81,21.01,0.3407,1,-1,-1
2468,432,1055.00,155.80,10.85,20.85,0.5506,1,-1,-1
2469,404,1746.15,495.03,46.70,82.46,0.6834,1,-1,-1
2469,405,659.94,350.29,23.17,53.43,0.5784,1,-1,-1
2469,419,1245.49,191.35,8.87,21.76,0.4893,1,-1,-1
2469,406,904.77,215.48,11.84,27.91,0.5974,1,-1,-1
2469,423,919.38,214.74,11.29,28.06,0.5651,1,-1,-1
2469,429,880.02,182.24,10.74,24.66,0.3558,1,-1,-1
2469,439,1233.48,192.97,8.71,21.44,0.3612,1,-1,-1
2469,422,1219.32,195.44,8.86,20.54,0.2502,1,-1,-1
2469,432,1055.23,155.76,10.81,21.03,0.5574,1,-1,-1
2470,404,1752.99,498.96,47.40,84.13,0.6885,1,-1,-1
2470,405,659.06,351.73,23.39,53.55,0.6522,1,-1,-1
2470,419,1244.83,191.49,9.76,23.71,0.5283,1,-1,-1
2470,406,904.89,215.71,11.88,28.18,0.6179,1,-1,-1
2470,423,919.65,215.13,11.09,27.64,0.6142,1,-1,-1
2470,429,879.53,182.46,10.78,25.02,0.4083,1,-1,-1
2470,439,1233.59,193.59,8.83,21.77,0.4073,1,-1,-1
2470,422,1220.73,194.86,9.28,21.61,0.5020,1,-1,-1
2470,432,1055.58,155.82,10.58,20.70,0.5195,1,-1,-1
2471,404,1758.82,502.07,47.21,83.64,0.6575,1,-1,-1
2471,405,657.55,352.42,23.70,54.15,0.6142,1,-1,-1
2471,419,1246.17,191.37,9.77,23.69,0.4844,1,-1,-1
2471,406,904.88,215.82,11.90,28.34,0.6123,1,-1,-1
2471,423,919.89,215.52,11.19,27.89,0.6142,1,-1,-1
2471,429,879.10,182.60,10.73,25.13,0.3666,1,-1,-1
2471,439,1234.29,193.45,8.80,21.64,0.4688,1,-1,-1
2471,422,1221.64,194.99,9.29,21.70,0.4824,1,-1,-1
2471,432,1055.99,155.94,10.26,20.07,0.4388,1,-1,-1
2472,404,1761.87,504.48,50.97,90.64,0.6817,1,-1,-1
2472,405,655.68,353.20,24.45,55.75,0.6325,1,-1,-1
2472,419,1246.98,191.50,10.22,24.93,0.4834,1,-1,-1
2472,406,904.64,215.96,11.89,28.41,0.6197,1,-1,-1
2472,423,920.04,215.87,11.47,28.65,0.6215,1,-1,-1
2472,429,878.82,182.47,10.69,25.23,0.3630,1,-1,-1
2472,439,1236.12,193.48,8.91,21.58,0.4562,1,-1,-1
2472,422,1222.82,195.03,9.41,22.19,0.5361,1,-1,-1
2472,432,1056.64,156.13,9.98,19.46,0.3831,1,-1,-1
2473,404,1768.71,507.19,50.76,90.23,0.7217,1,-1,-1
2473,405,653.43,354.37,24.71,55.99,0.5842,1,-1,-1
2473,419,1247.88,191.97,10.41,25.57,0.4036,1,-1,-1
2473,406,904.46,216.22,11.92,28.49,0.6307,1,-1,-1
2473,423,920.19,216.44,11.60,28.95,0.6215,1,-1,-1
2473,429,878.64,182.35,10.41,24.75,0.2759,1,-1,-1
2473,439,1236.71,193.84,9.05,21.79,0.3603,1,-1,-1
2473,422,1223.73,194.93,9.54,22.56,0.5554,1,-1,-1
2473,432,1057.93,156.42,9.60,18.48,0.1500,1,-1,-1
2474,404,1775.11,510.35,51.67,92.46,0.6851,1,-1,-1
2474,405,652.32,354.90,25.17,56.65,0.6215,1,-1,-1
2474,419,1248.74,191.95,10.43,25.81,0.5166,1,-1,-1
2474,406,904.30,216.37,12.02,28.60,0.6289,1,-1,-1
2474,423,920.55,216.70,11.54,28.68,0.5708,1,-1,-1
2474,429,878.31,182.22,10.20,24.41,0.2365,1,-1,-1
2474,439,1238.42,193.31,9.33,22.25,0.4893,1,-1,-1
2474,422,1224.56,194.99,9.55,22.38,0.5955,1,-1,-1
2474,432,1058.67,156.27,9.44,17.99,0.1371,1,-1,-1
2475,404,1781.62,513.23,52.58,94.65,0.6749,1,-1,-1
2475,405,650.51,355.26,25.60,57.31,0.6289,1,-1,-1
2475,419,1249.99,192.05,9.99,24.66,0.4301,1,-1,-1
2475,406,904.38,216.75,11.97,28.35,0.6123,1,-1,-1
2475,423,921.06,216.60,11.02,27.23,0.5176,1,-1,-1
2475,429,877.89,182.02,10.02,24.07,0.2056,1,-1,-1
2475,439,1239.01,193.78,9.25,21.82,0.4388,1,-1,-1
2475,422,1225.09,195.50,9.60,22.39,0.5823,1,-1,-1
2475,432,1058.56,155.79,10.42,19.88,0.3979,1,-1,-1
2476,404,1783.46,516.61,58.46,106.20,0.6442,1,-1,-1
2476,405,649.19,356.67,25.87,57.61,0.6105,1,-1,-1
2476,419,1251.40,192.20,9.28,22.72,0.4513,1,-1,-1
2476,406,904.74,217.40,11.83,27.97,0.6086,1,-1,-1
2476,423,921.72,216.44,10.00,24.43,0.5098,1,-1,-1
2476,429,877.59,182.25,10.00,24.17,0.1877,1,-1,-1
2476,439,1239.56,194.06,8.83,20.63,0.4092,1,-1,-1
2476,422,1225.59,195.61,9.71,22.72,0.5974,1,-1,-1
2476,432,1058.89,155.37,10.86,20.84,0.4620,1,-1,-1
2477,404,1791.90,520.55,57.04,104.33,0.6496,1,-1,-1
2477,405,648.10,358.41,25.44,56.74,0.5429,1,-1,-1
2477,419,1252.77,192.77,8.34,20.22,0.3720,1,-1,-1
2477,406,905.12,218.18,11.69,27.65,0.6011,1,-1,-1
2477,423,922.31,216.55,9.15,22.01,0.4727,1,-1,-1
2477,429,877.14,182.69,9.80,23.92,0.2822,1,-1,-1
2477,439,1240.10,194.31,8.30,19.31,0.4311,1,-1,-1
2477,422,1226.23,195.93,9.56,22.60,0.6011,1,-1,-1
2477,432,1059.63,155.57,10.70,20.60,0.3242,1,-1,-1
2478,404,1797.20,521.43,59.49,109.88,0.6451,1,-1,-1
2478,405,646.01,360.34,25.49,56.77,0.6289,1,-1,-1
2478,419,1252.88,193.11,8.50,20.49,0.4388,1,-1,-1
2478,406,905.40,218.84,11.66,27.58,0.6215,1,-1,-1
2478,423,922.86,217.36,8.64,20.29,0.4083,1,-1,-1
2478,429,876.88,183.24,9.45,23.24,0.2838,1,-1,-1
2478,439,1240.13,194.54,8.45,19.62,0.3979,1,-1,-1
2478,422,1226.68,196.09,9.52,22.76,0.6179,1,-1,-1
2478,432,1060.23,155.64,10.59,20.61,0.3970,1,-1,-1
2479,404,1805.04,527.11,56.27,103.35,0.6645,1,-1,-1
2479,405,643.85,361.67,26.20,58.55,0.6123,1,-1,-1
2479,419,1253.30,193.29,8.42,20.29,0.4121,1,-1,-1
2479,406,905.46,218.92,11.93,28.25,0.6234,1,-1,-1
2479,423,922.92,218.00,9.96,23.08,0.3576,1,-1,-1
2479,429,876.31,183.73,9.42,23.27,0.2200,1,-1,-1
2479,439,1240.55,194.93,8.59,20.04,0.3657,1,-1,-1
2479,422,1227.31,196.94,9.26,22.41,0.5974,1,-1,-1
2479,432,1061.32,155.97,10.13,19.83,0.2147,1,-1,-1
2480,404,1815.06,530.94,51.71,93.84,0.6885,1,-1,-1
2480,405,641.98,364.06,26.28,58.61,0.6123,1,-1,-1
2480,419,1253.49,193.43,8.65,20.83,0.3923,1,-1,-1
2480,406,905.34,218.85,12.22,28.92,0.6215,1,-1,-1
2480,423,922.16,218.43,11.57,26.79,0.3140,1,-1,-1
2480,429,875.80,184.44,9.40,23.28,0.1938,1,-1,-1
2480,439,1240.49,195.49,8.74,20.44,0.3355,1,-1,-1
2480,422,1227.78,197.64,9.06,22.23,0.5898,1,-1,-1
2480,432,1061.58,156.47,10.01,19.56,0.2473,1,-1,-1
2481,404,1823.89,535.62,49.69,88.99,0.6993,1,-1,-1
2481,405,639.56,365.61,26.06,57.83,0.5993,1,-1,-1
2481,419,1253.84,193.66,8.92,21.40,0.3531,1,-1,-1
2481,406,905.27,218.88,12.55,29.84,0.5898,1,-1,-1
2481,423,921.96,219.18,12.30,28.44,0.3251,1,-1,-1
2481,429,875.50,184.98,9.38,23.24,0.3174,1,-1,-1
2481,439,1241.32,196.30,8.87,20.88,0.3124,1,-1,-1
2481,422,1228.29,197.82,9.07,22.45,0.5078,1,-1,-1
2481,432,1062.53,156.99,10.05,19.84,0.3720,1,-1,-1
2482,404,1831.07,539.75,49.68,87.87,0.7082,1,-1,-1
2482,405,637.59,367.19,26.50,58.60,0.6379,1,-1,-1
2482,419,1254.35,194.27,8.85,20.98,0.3208,1,-1,-1
2482,406,905.34,219.11,12.48,29.80,0.5860,1,-1,-1
2482,423,922.45,219.28,12.06,27.68,0.2140,1,-1,-1
2482,429,875.09,185.48,9.46,23.50,0.3567,1,-1,-1
2482,439,1241.67,196.76,9.06,21.49,0.3065,1,-1,-1
2482,422,1228.97,197.98,9.28,23.16,0.4282,1,-1,-1
2482,432,1063.00,157.43,9.91,19.51,0.2415,1,-1,-1
2483,404,1839.88,545.10,49.61,87.37,0.7202,1,-1,-1
2483,405,636.56,368.66,26.71,58.78,0.5765,1,-1,-1
2483,419,1254.67,194.54,8.76,20.41,0.3090,1,-1,-1
2483,406,905.47,219.49,12.23,29.30,0.6234,1,-1,-1
2483,423,923.01,219.58,11.70,26.64,0.2854,1,-1,-1
2483,429,874.61,185.59,9.68,24.12,0.3905,1,-1,-1
2483,422,1229.74,198.04,9.48,23.64,0.4922,1,-1,-1
2483,432,1063.95,157.72,10.28,20.08,0.2806,1,-1,-1
2484,404,1848.14,548.82,50.13,88.13,0.7372,1,-1,-1
2484,405,635.45,370.74,26.67,58.58,0.5574,1,-1,-1
2484,419,1255.45,195.51,9.94,23.18,0.4388,1,-1,-1
2484,406,905.57,220.06,12.02,28.89,0.6397,1,-1,-1
2484,423,923.32,220.11,10.85,24.16,0.3174,1,-1,-1
2484,429,874.30,185.83,9.69,24.30,0.3831,1,-1,-1
2484,422,1230.38,198.99,9.30,22.94,0.4912,1,-1,-1
2484,432,1064.47,158.12,10.36,20.02,0.2759,1,-1,-1
2485,404,1856.56,553.70,50.01,87.33,0.7469,1,-1,-1
2485,405,634.09,371.93,26.61,58.74,0.6343,1,-1,-1
2485,419,1255.70,196.19,10.63,24.92,0.5205,1,-1,-1
2485,406,905.66,220.58,11.90,28.69,0.6469,1,-1,-1
2485,423,923.24,220.86,11.56,25.64,0.3531,1,-1,-1
2485,429,873.87,186.38,9.60,24.22,0.3166,1,-1,-1
2485,422,1231.36,198.98,9.58,23.83,0.5176,1,-1,-1
2485,432,1065.20,158.86,10.14,19.29,0.2502,1,-1,-1
2486,404,1865.04,558.89,50.99,88.93,0.6984,1,-1,-1
2486,405,632.74,372.89,26.82,59.57,0.6234,1,-1,-1
2486,419,1255.82,196.49,11.15,26.31,0.5059,1,-1,-1
2486,406,905.76,220.95,11.83,28.57,0.6197,1,-1,-1
2486,423,923.20,220.97,11.82,26.07,0.4026,1,-1,-1
2486,429,873.44,186.74,9.69,24.59,0.2316,1,-1,-1
2486,422,1231.71,199.23,9.83,24.55,0.5699,1,-1,-1
2486,432,1065.48,158.98,10.31,19.36,0.3074,1,-1,-1
2487,404,1869.90,563.32,51.61,90.39,0.6619,1,-1,-1
2487,405,631.93,374.54,26.68,59.59,0.5631,1,-1,-1
2487,419,1256.12,196.43,11.61,27.70,0.5068,1,-1,-1
2487,406,905.85,221.45,11.59,27.99,0.6049,1,-1,-1
2487,423,923.52,220.71,11.56,25.30,0.3513,1,-1,-1
2487,429,872.96,186.51,9.82,24.99,0.2344,1,-1,-1
2487,422,1232.20,199.23,9.95,25.04,0.5351,1,-1,-1
2487,432,1066.29,159.40,10.33,19.30,0.3923,1,-1,-1
2488,404,1873.66,565.67,51.98,92.60,0.4140,1,-1,-1
2488,405,630.71,376.25,26.52,60.10,0.5176,1,-1,-1
2488,419,1257.17,196.69,11.73,28.44,0.4990,1,-1,-1
2488,406,905.91,221.86,11.39,27.48,0.6030,1,-1,-1
2488,423,923.45,220.67,11.58,25.45,0.4571,1,-1,-1
2488,429,872.66,187.16,9.58,24.23,0.3363,1,-1,-1
2488,422,1232.92,199.15,10.18,25.65,0.5718,1,-1,-1
2488,432,1067.30,159.68,10.44,19.56,0.4581,1,-1,-1
2488,445,626.42,378.37,27.23,60.14,0.5039,1,-1,-1
2489,404,1879.76,571.81,49.45,91.13,0.4196,1,-1,-1
2489,405,629.19,379.16,25.95,59.60,0.4620,1,-1,-1
2489,419,1258.72,197.15,11.47,28.36,0.5137,1,-1,-1
2489,406,905.96,222.62,11.36,27.34,0.5823,1,-1,-1
2489,423,922.88,220.52,11.82,26.07,0.5765,1,-1,-1
2489,429,872.27,187.97,9.46,23.67,0.3416,1,-1,-1
2489,422,1233.95,199.75,10.17,25.53,0.5603,1,-1,-1
2489,432,1068.08,160.06,10.39,19.60,0.5098,1,-1,-1
2489,445,624.36,380.08,27.11,59.87,0.5612,1,-1,-1
2490,419,1260.00,197.97,11.28,28.34,0.5176,1,-1,-1
2490,406,905.89,223.25,11.37,27.27,0.5631,1,-1,-1
2490,423,922.73,220.54,11.91,26.33,0.5535,1,-1,-1
2490,429,871.58,187.79,9.69,24.43,0.2323,1,-1,-1
2490,422,1234.54,200.61,10.01,25.10,0.5487,1,-1,-1
2490,432,1068.48,160.35,10.49,19.90,0.5244,1,-1,-1
2490,445,623.78,382.15,27.56,60.85,0.5535,1,-1,-1
2490,439,1247.16,201.38,10.59,24.68,0.5127,1,-1,-1
2491,419,1260.77,198.60,11.08,28.19,0.5127,1,-1,-1
2491,406,905.57,223.58,11.77,28.12,0.5804,1,-1,-1
2491,423,922.69,220.84,12.14,26.86,0.5107,1,-1,-1
2491,429,870.59,188.17,9.82,24.56,0.1716,1,-1,-1
2491,422,1235.33,201.09,9.92,24.90,0.5955,1,-1,-1
2491,432,1068.89,160.62,10.52,20.04,0.5166,1,-1,-1
2491,445,621.21,384.55,27.31,60.14,0.6325,1,-1,-1
2491,439,1247.57,201.57,10.96,25.17,0.5107,1,-1,-1
2492,419,1261.33,199.64,10.95,27.95,0.4668,1,-1,-1
2492,406,905.49,223.75,11.96,28.57,0.5879,1,-1,-1
2492,423,922.87,221.48,11.98,26.65,0.4873,1,-1,-1
2492,429,870.11,188.99,9.80,24.36,0.2983,1,-1,-1
2492,422,1236.16,201.45,9.95,24.84,0.6289,1,-1,-1
2492,432,1069.43,160.81,10.39,19.80,0.4263,1,-1,-1
2492,445,619.56,385.98,27.65,60.97,0.6307,1,-1,-1
2492,439,1248.92,201.64,11.08,25.54,0.5010,1,-1,-1
2493,419,1262.28,200.27,10.30,26.40,0.4311,1,-1,-1
2493,406,905.64,224.00,11.83,28.28,0.5708,1,-1,-1
2493,423,923.29,222.66,11.16,24.98,0.4659,1,-1,-1
2493,429,869.80,190.08,9.66,23.97,0.4263,1,-1,-1
2493,422,1236.78,202.04,9.99,24.87,0.6522,1,-1,-1
2493,432,1069.79,160.73,10.55,20.10,0.4273,1,-1,-1
2493,445,617.72,388.62,27.34,60.19,0.5936,1,-1,-1
2493,439,1250.12,201.90,11.02,25.68,0.5029,1,-1,-1
2494,419,1262.75,201.28,10.35,26.59,0.4244,1,-1,-1
2494,406,905.56,224.14,12.01,28.75,0.5612,1,-1,-1
2494,423,923.62,223.56,10.79,24.25,0.4523,1,-1,-1
2494,429,869.53,190.77,9.84,24.39,0.3166,1,-1,-1
2494,422,1237.18,203.15,10.08,25.02,0.6105,1,-1,-1
2494,432,1069.71,160.42,11.24,21.49,0.5341,1,-1,-1
2494,445,613.11,391.57,27.59,60.68,0.6234,1,-1,-1
2494,439,1250.77,202.39,10.83,25.39,0.5088,1,-1,-1
2494,405,617.51,390.06,26.30,60.61,0.4893,1,-1,-1
2495,419,1264.06,201.88,10.12,26.08,0.4168,1,-1,-1
2495,406,905.55,224.44,12.05,28.94,0.5631,1,-1,-1
2495,423,923.88,224.74,10.23,22.97,0.4446,1,-1,-1
2495,429,869.11,191.60,10.03,24.91,0.3730,1,-1,-1
2495,422,1237.43,203.34,10.33,25.73,0.6030,1,-1,-1
2495,432,1069.92,160.53,11.43,21.97,0.5117,1,-1,-1
2495,445,610.55,393.15,28.55,62.56,0.6628,1,-1,-1
2495,439,1251.15,202.68,10.75,25.42,0.5000,1,-1,-1
2496,419,1265.21,202.32,10.14,26.16,0.4600,1,-1,-1
2496,406,905.56,224.87,12.18,29.35,0.5380,1,-1,-1
2496,423,924.58,225.61,9.35,20.82,0.3217,1,-1,-1
2496,429,868.55,192.26,10.45,25.94,0.2288,1,-1,-1
2496,422,1238.15,203.98,10.34,25.89,0.5823,1,-1,-1
2496,432,1070.59,160.70,11.44,22.14,0.5059,1,-1,-1
2496,445,607.96,395.35,29.29,63.83,0.6593,1,-1,-1
2496,439,1251.51,203.47,10.69,25.37,0.5098,1,-1,-1
2497,419,1266.08,202.85,10.30,26.33,0.4083,1,-1,-1
2497,406,905.60,225.70,12.11,29.26,0.5312,1,-1,-1
2497,423,925.02,226.07,9.20,20.40,0.3225,1,-1,-1
2497,429,868.06,192.38,10.77,26.77,0.3398,1,-1,-1
2497,422,1239.15,204.82,10.05,25.26,0.5670,1,-1,-1
2497,432,1070.77,161.00,11.48,22.34,0.4446,1,-1,-1
2497,445,607.32,396.72,28.84,62.61,0.6469,1,-1,-1
2497,439,1252.30,204.37,10.47,24.89,0.5020,1,-1,-1
2498,419,1267.07,203.84,10.44,26.48,0.4484,1,-1,-1
2498,406,906.09,226.19,12.40,29.95,0.5176,1,-1,-1
2498,423,925.04,226.54,9.82,21.82,0.4301,1,-1,-1
2498,429,867.60,193.38,10.83,26.64,0.4542,1,-1,-1
2498,422,1239.81,204.95,9.99,25.24,0.5631,1,-1,-1
2498,432,1071.48,161.03,11.49,22.53,0.4045,1,-1,-1
2498,445,605.74,398.38,28.98,63.03,0.6451,1,-1,-1
2498,439,1253.33,205.19,10.15,24.11,0.4630,1,-1,-1
2499,419,1267.70,204.70,10.33,26.01,0.5293,1,-1,-1
2499,406,905.93,226.23,13.00,31.48,0.5205,1,-1,-1
2499,423,924.73,227.15,10.86,24.26,0.4980,1,-1,-1
2499,429,867.34,194.13,10.78,26.12,0.4244,1,-1,-1
2499,422,1240.93,205.67,9.77,24.71,0.5419,1,-1,-1
2499,432,1072.00,160.83,11.56,22.77,0.4311,1,-1,-1
2499,445,602.08,401.57,29.11,62.89,0.6252,1,-1,-1
2499,439,1253.78,205.63,9.92,23.59,0.3513,1,-1,-1
2500,419,1268.11,204.93,10.31,25.77,0.5127,1,-1,-1
2500,406,905.86,226.58,13.23,32.13,0.5361,1,-1,-1
2500,423,924.64,227.78,11.35,25.38,0.5341,1,-1,-1
2500,429,867.14,194.35,10.77,25.73,0.5088,1,-1,-1
2500,422,1241.75,205.71,10.04,25.28,0.5574,1,-1,-1
2500,432,1072.71,160.87,11.60,22.85,0.4941,1,-1,-1
2500,445,599.77,403.73,30.46,65.61,0.6206,1,-1,-1
2500,439,1254.27,206.08,10.21,24.55,0.3132,1,-1,-1
2501,419,1268.78,205.04,10.17,25.28,0.5146,1,-1,-1
2501,406,906.00,228.00,13.01,31.52,0.5593,1,-1,-1
2501,423,924.81,228.41,11.68,26.09,0.5185,1,-1,-1
2501,429,866.56,194.43,10.80,25.63,0.4465,1,-1,-1
2501,422,1242.33,207.36,10.04,25.08,0.5458,1,-1,-1
2501,432,1073.21,161.16,11.44,22.47,0.4883,1,-1,-1
2501,445,598.69,405.62,30.71,66.33,0.5784,1,-1,-1
2501,439,1255.87,207.27,10.18,24.45,0.3711,1,-1,-1
2502,419,1269.70,204.97,10.46,26.13,0.5390,1,-1,-1
2502,406,906.16,229.10,13.03,31.53,0.6160,1,-1,-1
2502,423,925.00,228.79,11.99,26.88,0.5727,1,-1,-1
2502,429,865.96,194.55,10.85,25.66,0.3702,1,-1,-1
2502,422,1242.67,208.38,10.24,25.31,0.5029,1,-1,-1
2502,432,1073.31,160.83,11.27,22.13,0.1716,1,-1,-1
2502,445,596.94,407.86,30.69,66.37,0.6049,1,-1,-1
2502,439,1256.62,208.22,10.26,24.60,0.4007,1,-1,-1
2503,419,1270.80,205.51,10.34,25.83,0.5156,1,-1,-1
2503,406,906.05,229.72,13.13,31.70,0.6234,1,-1,-1
2503,423,925.67,229.43,12.10,27.12,0.5651,1,-1,-1
2503,429,865.48,194.46,10.82,25.50,0.2193,1,-1,-1
2503,422,1243.53,209.13,10.36,25.46,0.4649,1,-1,-1
2503,432,1073.55,160.92,10.94,21.46,0.1116,1,-1,-1
2503,445,595.29,410.33,30.04,65.20,0.5409,1,-1,-1
2503,439,1257.23,208.90,9.91,23.61,0.4717,1,-1,-1
2504,419,1272.75,205.75,9.60,23.66,0.4873,1,-1,-1
2504,406,906.12,230.25,13.10,31.61,0.6105,1,-1,-1
2504,423,925.68,229.56,12.18,27.49,0.5936,1,-1,-1
2504,429,864.84,195.16,10.55,24.85,0.1613,1,-1,-1
2504,422,1244.36,210.09,10.29,25.30,0.5195,1,-1,-1
2504,432,1075.34,162.52,10.55,20.39,0.4397,1,-1,-1
2504,445,590.98,412.01,31.61,68.59,0.5254,1,-1,-1
2504,439,1257.70,208.79,9.79,23.28,0.5088,1,-1,-1
2505,419,1273.75,206.19,9.92,24.38,0.4659,1,-1,-1
2505,406,906.34,230.68,12.99,31.34,0.6215,1,-1,-1
2505,423,925.84,229.92,12.75,29.03,0.5117,1,-1,-1
2505,429,864.06,195.89,10.49,24.73,0.3504,1,-1,-1
2505,422,1245.54,210.66,10.21,25.39,0.5525,1,-1,-1
2505,432,1077.35,163.37,10.27,19.67,0.5195,1,-1,-1
2505,445,586.81,415.22,31.70,68.63,0.6270,1,-1,-1
2505,439,1258.35,208.83,10.07,23.81,0.5283,1,-1,-1
2506,419,1274.17,206.51,10.76,26.58,0.4707,1,-1,-1
2506,406,906.58,231.39,12.72,30.69,0.6067,1,-1,-1
2506,423,926.42,230.60,13.30,30.37,0.1836,1,-1,-1
2506,429,863.49,197.04,10.41,24.60,0.4388,1,-1,-1
2506,422,1246.68,210.89,10.23,25.51,0.5842,1,-1,-1
2506,432,1078.16,163.42,10.44,19.89,0.5651,1,-1,-1
2506,445,584.93,416.96,32.25,69.66,0.6334,1,-1,-1
2506,439,1259.76,208.98,10.67,25.20,0.5516,1,-1,-1
2507,419,1275.39,206.75,10.64,26.35,0.4426,1,-1,-1
2507,406,906.85,232.07,12.53,30.19,0.6011,1,-1,-1
2507,423,926.57,230.63,12.70,28.96,0.4746,1,-1,-1
2507,429,863.01,197.70,10.66,25.36,0.2644,1,-1,-1
2507,422,1247.75,211.34,10.21,25.31,0.6160,1,-1,-1
2507,432,1078.34,163.56,10.64,20.18,0.5842,1,-1,-1
2507,445,583.93,419.96,31.61,68.40,0.6234,1,-1,-1
2507,439,1261.30,209.10,10.31,24.05,0.4834,1,-1,-1
2508,419,1275.87,207.35,10.92,27.25,0.4932,1,-1,-1
2508,406,906.94,232.44,12.64,30.45,0.5525,1,-1,-1
2508,423,926.82,231.00,11.96,27.00,0.3639,1,-1,-1
2508,429,862.27,197.84,11.54,27.50,0.2167,1,-1,-1
2508,422,1248.27,212.20,10.21,25.18,0.6697,1,-1,-1
2508,432,1078.80,163.77,10.72,20.25,0.5746,1,-1,-1
2508,445,581.43,422.27,31.89,69.47,0.5708,1,-1,-1
2508,439,1261.76,209.84,10.81,25.27,0.5166,1,-1,-1
2509,419,1276.40,207.75,11.38,28.38,0.5429,1,-1,-1
2509,406,907.08,233.01,12.85,30.90,0.5390,1,-1,-1
2509,423,926.71,231.92,12.36,27.79,0.3174,1,-1,-1
2509,429,862.00,198.00,11.64,27.69,0.2862,1,-1,-1
2509,422,1248.94,212.35,10.37,25.42,0.6415,1,-1,-1
2509,432,1079.40,163.98,10.43,19.68,0.4932,1,-1,-1
2509,445,579.13,424.91,32.00,70.20,0.5708,1,-1,-1
2509,439,1262.44,211.33,10.91,25.44,0.4756,1,-1,-1
2510,419,1276.94,208.16,11.67,29.14,0.5927,1,-1,-1
2510,406,907.22,233.62,12.90,31.10,0.5708,1,-1,-1
2510,423,926.56,231.96,12.33,27.67,0.3355,1,-1,-1
2510,429,861.72,198.37,11.39,27.22,0.4168,1,-1,-1
2510,422,1249.49,212.73,10.54,25.78,0.6325,1,-1,-1
2510,432,1079.59,164.10,10.60,20.00,0.5670,1,-1,-1
2510,445,575.26,427.63,32.95,72.21,0.5832,1,-1,-1
2510,439,1262.82,212.89,11.00,25.63,0.4340,1,-1,-1
2510,405,581.26,428.40,28.64,69.13,0.5631,1,-1,-1
2511,419,1277.37,209.08,12.02,29.93,0.5156,1,-1,-1
2511,406,907.61,234.10,12.61,30.48,0.5293,1,-1,-1
2511,423,926.74,232.92,11.85,26.58,0.3460,1,-1,-1
2511,429,861.35,199.46,10.93,26.27,0.4158,1,-1,-1
2511,422,1250.35,213.43,10.79,26.32,0.5506,1,-1,-1
2511,432,1080.24,164.19,10.57,19.94,0.5574,1,-1,-1
2511,445,572.16,430.29,33.25,72.25,0.6558,1,-1,-1
2511,439,1263.41,213.84,11.39,26.09,0.2999,1,-1,-1
2511,405,579.33,430.35,27.25,66.45,0.1074,1,-1,-1
2512,419,1278.59,209.95,12.02,29.88,0.5554,1,-1,-1
2512,406,907.90,234.46,12.71,30.86,0.6067,1,-1,-1
2512,423,926.45,234.07,12.18,27.46,0.3868,1,-1,-1
2512,429,860.69,200.06,10.85,26.12,0.3549,1,-1,-1
2512,422,1251.43,214.14,10.65,25.98,0.5525,1,-1,-1
2512,432,1080.62,164.84,10.68,20.06,0.5127,1,-1,-1
2512,445,569.57,432.99,33.74,72.90,0.6584,1,-1,-1
2512,439,1264.40,214.10,11.32,25.85,0.4273,1,-1,-1
2513,419,1279.49,210.85,11.75,29.11,0.6086,1,-1,-1
2513,406,908.00,234.84,12.90,31.45,0.6575,1,-1,-1
2513,423,926.29,235.06,12.55,28.48,0.3460,1,-1,-1
2513,429,860.30,200.26,10.88,26.16,0.3951,1,-1,-1
2513,422,1252.25,214.91,10.71,26.11,0.5955,1,-1,-1
2513,432,1081.08,165.68,10.80,20.09,0.4552,1,-1,-1
2513,445,568.48,436.54,32.79,71.23,0.6197,1,-1,-1
2513,439,1265.56,214.39,11.24,25.67,0.3711,1,-1,-1
2514,419,1280.38,211.40,11.15,27.50,0.6361,1,-1,-1
2514,406,908.32,235.12,13.03,31.80,0.6715,1,-1,-1
2514,423,926.49,235.88,12.86,29.25,0.4659,1,-1,-1
2514,429,859.95,200.76,10.80,25.87,0.3989,1,-1,-1
2514,422,1252.88,215.96,10.61,25.68,0.6307,1,-1,-1
2514,432,1081.08,166.31,11.53,21.23,0.5293,1,-1,-1
2514,445,564.64,438.75,32.98,71.18,0.6834,1,-1,-1
2514,439,1266.62,214.19,11.39,25.98,0.3390,1,-1,-1
2515,419,1281.70,212.55,11.03,27.13,0.6197,1,-1,-1
2515,406,908.58,235.97,12.78,31.26,0.6680,1,-1,-1
2515,423,926.75,236.52,12.86,29.22,0.5448,1,-1,-1
2515,429,859.56,200.77,10.80,25.80,0.4301,1,-1,-1
2515,422,1253.64,216.82,10.86,26.12,0.5879,1,-1,-1
2515,432,1081.38,166.50,12.02,22.08,0.5361,1,-1,-1
2515,445,561.70,442.27,33.38,71.48,0.6325,1,-1,-1
2515,439,1267.41,215.29,11.57,26.30,0.4834,1,-1,-1
2516,419,1283.23,213.72,10.44,25.47,0.5254,1,-1,-1
2516,406,908.66,236.57,12.69,31.03,0.6593,1,-1,-1
2516,423,926.67,236.86,12.79,29.05,0.5612,1,-1,-1
2516,429,859.40,201.53,10.69,25.38,0.3486,1,-1,-1
2516,422,1254.19,216.68,11.28,26.89,0.5603,1,-1,-1
2516,432,1081.83,166.61,12.43,22.79,0.5593,1,-1,-1
2516,445,558.36,443.94,34.93,74.62,0.6531,1,-1,-1
2516,439,1268.39,215.81,11.13,25.10,0.4610,1,-1,-1
2517,419,1284.37,214.96,10.03,24.39,0.5107,1,-1,-1
2517,406,908.62,237.00,12.68,31.05,0.6558,1,-1,-1
2517,423,926.62,237.42,12.66,28.63,0.5955,1,-1,-1
2517,429,859.23,202.29,10.76,25.42,0.2502,1,-1,-1
2517,422,1254.77,216.82,11.60,27.76,0.6206,1,-1,-1
2517,432,1083.02,167.05,12.31,22.72,0.5593,1,-1,-1
2517,445,557.09,447.69,34.05,72.83,0.6540,1,-1,-1
2517,439,1269.05,216.52,10.86,24.27,0.5689,1,-1,-1
2518,419,1285.70,215.73,9.65,23.30,0.4941,1,-1,-1
2518,406,908.72,237.30,12.94,31.81,0.6918,1,-1,-1
2518,423,926.65,237.69,12.79,28.83,0.6142,1,-1,-1
2518,429,858.27,203.12,10.93,25.73,0.2509,1,-1,-1
2518,422,1255.35,216.68,11.85,28.49,0.6298,1,-1,-1
2518,432,1083.82,167.35,12.32,22.91,0.5332,1,-1,-1
2518,445,555.99,450.42,33.44,72.09,0.6343,1,-1,-1
2518,439,1270.09,217.00,10.67,23.50,0.5273,1,-1,-1
2519,419,1286.40,216.47,9.78,23.52,0.4854,1,-1,-1
2519,406,908.79,237.75,13.17,32.39,0.6984,1,-1,-1
2519,423,926.73,237.92,12.92,28.99,0.5936,1,-1,-1
2519,429,857.81,203.85,10.96,25.73,0.2591,1,-1,-1
2519,422,1255.99,216.59,12.08,29.20,0.6151,1,-1,-1
2519,432,1084.49,167.51,12.32,23.10,0.5176,1,-1,-1
2519,445,551.54,453.23,34.28,74.37,0.4766,1,-1,-1
2519,439,1270.99,217.43,10.67,23.05,0.5107,1,-1,-1
2519,405,558.30,451.19,28.66,70.21,0.6558,1,-1,-1
2520,419,1287.16,216.68,9.85,23.64,0.4951,1,-1,-1
2520,406,908.99,238.30,13.17,32.35,0.7098,1,-1,-1
2520,423,926.49,238.23,13.27,29.85,0.5804,1,-1,-1
2520,429,857.47,203.99,11.21,26.41,0.2682,1,-1,-1
2520,422,1256.48,217.09,12.19,29.78,0.5964,1,-1,-1
2520,432,1086.38,168.25,11.89,22.40,0.5185,1,-1,-1
2520,445,548.12,456.98,34.76,75.39,0.5832,1,-1,-1
2520,439,1272.27,217.72,10.62,22.62,0.5487,1,-1,-1
2520,405,555.42,454.69,29.01,70.66,0.5689,1,-1,-1
2521,419,1287.87,216.99,10.02,24.07,0.4359,1,-1,-1
2521,406,909.26,239.01,13.08,32.00,0.7210,1,-1,-1
2521,423,926.07,238.92,13.44,30.49,0.5651,1,-1,-1
2521,429,857.35,204.47,11.22,26.49,0.3803,1,-1,-1
2521,422,1256.99,216.91,12.48,30.77,0.6095,1,-1,-1
2521,432,1087.28,168.02,11.85,22.54,0.5312,1,-1,-1
2521,445,546.41,459.14,35.08,75.08,0.7513,1,-1,-1
2521,439,1273.12,217.74,11.21,23.76,0.4292,1,-1,-1
2522,419,1288.81,217.15,10.01,24.18,0.4610,1,-1,-1
2522,406,909.55,239.85,13.00,31.63,0.7001,1,-1,-1
2522,423,926.28,239.26,13.51,30.74,0.4756,1,-1,-1
2522,429,857.30,204.95,11.30,26.77,0.3961,1,-1,-1
2522,422,1258.48,218.69,11.87,29.50,0.5823,1,-1,-1
2522,432,1088.00,168.12,11.68,22.22,0.4504,1,-1,-1
2522,445,544.14,461.24,35.10,74.20,0.7318,1,-1,-1
2522,439,1273.83,218.22,11.03,23.24,0.4941,1,-1,-1
2523,419,1289.31,217.12,10.49,25.46,0.4407,1,-1,-1
2523,406,909.72,240.58,13.01,31.48,0.6715,1,-1,-1
2523,423,926.53,239.70,12.79,29.03,0.4177,1,-1,-1
2523,429,857.12,205.06,11.38,27.09,0.4073,1,-1,-1
2523,422,1259.16,219.43,11.49,28.80,0.5974,1,-1,-1
2523,432,1088.86,167.93,11.13,21.20,0.3720,1,-1,-1
2523,445,541.18,462.45,35.97,75.62,0.6792,1,-1,-1
2523,439,1274.14,218.70,11.02,23.15,0.5273,1,-1,-1
2524,419,1289.69,217.45,10.72,26.04,0.3979,1,-1,-1
2524,406,910.09,241.05,12.92,31.17,0.6697,1,-1,-1
2524,423,926.64,239.95,12.22,27.71,0.4301,1,-1,-1
2524,429,857.04,205.33,11.46,27.42,0.4064,1,-1,-1
2524,422,1259.57,219.61,11.31,28.54,0.6049,1,-1,-1
2524,432,1089.92,167.75,10.92,20.88,0.4244,1,-1,-1
2524,445,536.97,466.79,34.05,72.36,0.4177,1,-1,-1
2524,439,1274.28,219.19,11.20,23.47,0.4873,1,-1,-1
2524,405,544.37,465.58,29.75,70.21,0.6732,1,-1,-1
2525,419,1289.68,218.30,11.65,28.42,0.3730,1,-1,-1
2525,406,910.33,241.41,13.05,31.38,0.6817,1,-1,-1
2525,423,926.49,240.15,12.23,27.71,0.4912,1,-1,-1
2525,429,856.97,205.50,11.54,27.77,0.4581,1,-1,-1
2525,422,1260.00,220.25,11.22,28.41,0.6086,1,-1,-1
2525,432,1090.56,167.65,11.11,21.44,0.5506,1,-1,-1
2525,445,533.84,471.50,33.23,70.69,0.5823,1,-1,-1
2525,439,1274.68,220.01,11.25,23.40,0.4475,1,-1,-1
2525,405,540.23,466.91,32.38,74.95,0.5332,1,-1,-1
2526,419,1290.48,218.27,12.05,29.53,0.4756,1,-1,-1
2526,406,910.33,241.55,13.36,32.14,0.6851,1,-1,-1
2526,423,926.30,240.72,12.57,28.35,0.5458,1,-1,-1
2526,429,856.73,206.33,11.34,27.28,0.5273,1,-1,-1
2526,422,1260.56,221.49,10.84,27.55,0.6361,1,-1,-1
2526,432,1090.97,167.70,11.11,21.74,0.6105,1,-1,-1
2526,439,1275.86,222.23,11.52,24.26,0.4484,1,-1,-1
2526,405,536.51,470.51,33.07,74.49,0.7241,1,-1,-1
2527,419,1291.33,218.43,11.81,28.89,0.4756,1,-1,-1
2527,406,910.62,241.99,13.31,32.03,0.6817,1,-1,-1
2527,423,926.35,241.02,12.77,28.69,0.5156,1,-1,-1
2527,429,856.46,206.67,11.43,27.51,0.5380,1,-1,-1
2527,422,1261.28,222.37,10.52,26.80,0.6252,1,-1,-1
2527,432,1091.39,167.88,11.06,21.96,0.6105,1,-1,-1
2527,439,1276.84,223.14,11.42,24.31,0.4140,1,-1,-1
2527,405,534.28,473.85,33.33,73.32,0.6984,1,-1,-1
2528,419,1291.66,218.50,11.97,29.35,0.5380,1,-1,-1
2528,406,910.94,242.43,13.25,31.88,0.6817,1,-1,-1
2528,423,926.33,241.31,13.40,30.10,0.4746,1,-1,-1
2528,429,856.15,206.80,11.32,27.29,0.5254,1,-1,-1
2528,422,1261.97,222.33,10.61,27.09,0.6415,1,-1,-1
2528,432,1092.26,168.74,10.85,21.74,0.5955,1,-1,-1
2528,439,1277.41,221.67,11.96,25.55,0.1259,1,-1,-1
2528,405,531.82,474.79,34.26,74.97,0.6645,1,-1,-1
2529,419,1292.15,218.78,11.91,29.21,0.5205,1,-1,-1
2529,406,911.17,242.95,13.23,31.79,0.6800,1,-1,-1
2529,423,926.40,241.55,13.84,31.14,0.4717,1,-1,-1
2529,429,855.90,207.11,11.22,27.04,0.5477,1,-1,-1
2529,422,1262.73,222.64,10.56,27.04,0.6270,1,-1,-1
2529,432,1092.85,169.15,10.57,21.27,0.5670,1,-1,-1
2529,439,1277.59,221.03,12.25,26.29,0.1877,1,-1,-1
2529,405,531.29,475.34,34.25,75.73,0.6433,1,-1,-1
2530,419,1292.51,219.16,12.08,29.77,0.5727,1,-1,-1
2530,406,911.39,243.37,13.19,31.63,0.6834,1,-1,-1
2530,423,926.66,241.84,13.73,30.94,0.4785,1,-1,-1
2530,429,855.73,207.41,11.12,26.72,0.5670,1,-1,-1
2530,422,1263.38,223.04,10.45,26.84,0.6379,1,-1,-1
2530,432,1093.24,169.48,10.36,20.74,0.5156,1,-1,-1
2530,439,1276.74,222.52,12.61,27.06,0.4513,1,-1,-1
2530,405,530.63,476.05,33.98,76.04,0.6749,1,-1,-1
2530,445,524.66,479.63,35.49,75.63,0.5293,1,-1,-1
2531,419,1293.24,220.14,11.86,29.26,0.5390,1,-1,-1
2531,406,911.49,243.38,13.27,31.73,0.7194,1,-1,-1
2531,423,926.50,242.00,14.25,32.22,0.5156,1,-1,-1
2531,429,855.15,207.98,11.35,27.31,0.5917,1,-1,-1
2531,422,1263.76,223.28,10.60,27.35,0.6469,1,-1,-1
2531,432,1093.10,169.21,10.30,20.56,0.4951,1,-1,-1
2531,439,1276.83,223.66,12.70,27.29,0.4620,1,-1,-1
2531,405,528.47,476.74,34.54,77.87,0.6105,1,-1,-1
2531,445,522.91,481.74,36.61,77.52,0.6039,1,-1,-1
2532,419,1294.07,220.82,11.72,28.90,0.5273,1,-1,-1
2532,406,911.64,243.47,13.40,31.99,0.7287,1,-1,-1
2532,423,926.46,242.26,14.58,33.15,0.5506,1,-1,-1
2532,429,854.40,208.52,11.75,28.30,0.5860,1,-1,-1
2532,422,1263.99,223.31,11.08,28.35,0.6307,1,-1,-1
2532,432,1093.63,169.79,10.24,20.12,0.4465,1,-1,-1
2532,439,1277.71,224.91,13.07,27.94,0.5039,1,-1,-1
2532,405,524.37,478.66,35.63,79.68,0.7170,1,-1,-1
2533,419,1294.80,221.32,11.53,28.41,0.5409,1,-1,-1
2533,406,911.80,243.65,13.48,32.08,0.7178,1,-1,-1
2533,423,926.54,242.53,14.61,33.44,0.5332,1,-1,-1
2533,429,853.88,208.85,11.65,28.02,0.5727,1,-1,-1
2533,422,1264.64,223.73,11.17,28.46,0.6160,1,-1,-1
2533,432,1094.08,170.19,10.20,19.74,0.4111,1,-1,-1
2533,439,1278.44,225.44,13.00,27.82,0.5765,1,-1,-1
2533,405,521.52,481.20,36.25,80.46,0.7170,1,-1,-1
2534,419,1295.53,221.90,11.26,27.80,0.5516,1,-1,-1
2534,406,911.93,243.84,13.56,32.15,0.7130,1,-1,-1
2534,423,926.56,242.72,14.66,33.65,0.5361,1,-1,-1
2534,429,853.40,209.01,11.50,27.72,0.5689,1,-1,-1
2534,422,1265.42,223.56,11.18,28.59,0.5823,1,-1,-1
2534,432,1094.06,169.44,10.63,20.35,0.4591,1,-1,-1
2534,439,1279.01,225.52,12.82,27.57,0.5670,1,-1,-1
2534,405,518.50,484.14,36.91,81.04,0.6893,1,-1,-1
2535,419,1296.20,222.42,11.13,27.41,0.4883,1,-1,-1
2535,406,911.98,244.17,13.66,32.28,0.7017,1,-1,-1
2535,423,926.48,242.98,14.66,33.71,0.5409,1,-1,-1
2535,429,852.83,209.09,11.74,28.27,0.6030,1,-1,-1
2535,422,1266.03,223.74,11.21,28.56,0.5166,1,-1,-1
2535,432,1094.01,169.00,11.15,21.09,0.4235,1,-1,-1
2535,439,1279.35,225.95,12.82,27.65,0.5727,1,-1,-1
2535,405,516.36,486.61,36.43,78.58,0.6749,1,-1,-1
2536,419,1296.60,222.15,11.17,27.39,0.5244,1,-1,-1
2536,406,912.11,244.66,13.65,32.16,0.6968,1,-1,-1
2536,423,926.45,243.48,14.58,33.50,0.5651,1,-1,-1
2536,429,852.53,209.05,11.77,28.33,0.5955,1,-1,-1
2536,422,1266.34,223.89,11.29,28.61,0.4824,1,-1,-1
2536,432,1094.79,169.50,11.01,20.62,0.4873,1,-1,-1
2536,439,1280.27,226.34,12.29,26.49,0.5185,1,-1,-1
2536,405,515.05,488.46,35.63,75.92,0.6575,1,-1,-1
2537,419,1297.35,221.75,10.86,26.35,0.4446,1,-1,-1
2537,406,912.43,244.99,13.55,31.89,0.6732,1,-1,-1
2537,423,926.87,243.87,14.31,32.95,0.5525,1,-1,-1
2537,429,852.18,208.98,11.82,28.44,0.5784,1,-1,-1
2537,422,1266.28,224.79,11.61,29.33,0.4359,1,-1,-1
2537,432,1096.04,170.11,10.74,20.14,0.4581,1,-1,-1
2537,439,1280.33,226.97,12.72,27.48,0.4659,1,-1,-1
2537,405,512.02,489.25,38.38,81.20,0.5813,1,-1,-1
2538,419,1297.80,221.79,11.01,26.50,0.4591,1,-1,-1
2538,406,912.69,245.15,13.52,31.84,0.6697,1,-1,-1
2538,423,927.10,244.21,14.15,32.68,0.5390,1,-1,-1
2538,429,851.77,208.98,11.76,28.35,0.5554,1,-1,-1
2538,422,1266.75,224.76,11.80,29.71,0.4922,1,-1,-1
2538,432,1096.55,169.38,11.13,21.13,0.5487,1,-1,-1
2538,439,1280.99,227.29,12.67,27.37,0.4941,1,-1,-1
2538,405,510.24,491.59,37.87,79.81,0.6558,1,-1,-1
2539,419,1298.39,222.05,10.96,26.17,0.4102,1,-1,-1
2539,406,913.02,244.88,13.69,32.28,0.6469,1,-1,-1
2539,423,927.54,244.28,13.89,32.22,0.4844,1,-1,-1
2539,429,851.45,209.05,11.73,28.28,0.5525,1,-1,-1
2539,422,1267.08,225.16,11.91,30.03,0.5215,1,-1,-1
2539,432,1097.26,169.59,10.77,20.59,0.4388,1,-1,-1
2539,439,1281.73,227.48,12.16,26.21,0.5458,1,-1,-1
2539,405,508.79,492.22,38.05,79.77,0.7349,1,-1,-1
2540,419,1298.56,221.60,11.86,28.25,0.4591,1,-1,-1
2540,406,913.38,244.45,13.75,32.53,0.6415,1,-1,-1
2540,423,927.97,244.29,13.59,31.70,0.4235,1,-1,-1
2540,429,851.19,208.99,11.78,28.45,0.5727,1,-1,-1
2540,422,1267.36,225.27,11.95,30.15,0.5166,1,-1,-1
2540,432,1097.61,169.40,10.85,20.87,0.5419,1,-1,-1
2540,439,1282.00,227.40,12.12,26.02,0.5631,1,-1,-1
2540,405,507.65,493.60,37.95,79.08,0.6540,1,-1,-1
2541,419,1299.05,221.31,12.08,28.72,0.4581,1,-1,-1
2541,406,913.81,244.19,13.57,32.17,0.6252,1,-1,-1
2541,423,929.64,244.91,12.24,28.26,0.4177,1,-1,-1
2541,429,851.03,209.42,11.36,27.49,0.5823,1,-1,-1
2541,422,1267.55,225.76,11.78,29.69,0.5765,1,-1,-1
2541,432,1097.81,169.23,10.54,20.37,0.5496,1,-1,-1
2541,439,1282.19,226.98,11.86,25.35,0.5804,1,-1,-1
2541,405,506.93,494.02,39.01,81.19,0.6593,1,-1,-1
2542,419,1299.63,221.73,12.38,29.35,0.4678,1,-1,-1
2542,406,914.04,244.12,13.67,32.50,0.6234,1,-1,-1
2542,423,930.06,245.19,12.11,27.87,0.3979,1,-1,-1
2542,429,850.66,209.60,11.29,27.44,0.5708,1,-1,-1
2542,422,1267.71,226.12,11.76,29.60,0.5936,1,-1,-1
2542,432,1097.96,169.25,10.48,20.30,0.4961,1,-1,-1
2542,439,1282.54,226.97,11.90,25.23,0.5936,1,-1,-1
2542,405,506.32,495.23,38.88,81.22,0.6011,1,-1,-1
2542,449,1100.27,169.82,10.07,22.02,0.5477,1,-1,-1
2543,419,1300.13,222.03,12.69,30.10,0.5068,1,-1,-1
2543,406,914.15,244.06,13.86,33.05,0.6415,1,-1,-1
2543,423,930.02,245.35,12.41,28.65,0.3951,1,-1,-1
2543,429,850.28,209.32,11.46,27.95,0.5593,1,-1,-1
2543,422,1267.99,226.11,11.82,29.72,0.6049,1,-1,-1
2543,432,1098.22,169.57,10.68,20.54,0.3425,1,-1,-1
2543,439,1282.92,226.99,12.13,25.41,0.6123,1,-1,-1
2543,405,505.09,493.71,39.21,82.85,0.6361,1,-1,-1
2543,449,1100.31,169.64,9.98,21.80,0.4523,1,-1,-1
2544,419,1300.48,222.28,12.80,30.44,0.4854,1,-1,-1
2544,406,914.31,244.06,13.90,33.23,0.6397,1,-1,-1
2544,423,929.86,245.45,12.76,29.63,0.3766,1,-1,-1
2544,429,849.61,209.47,11.55,28.16,0.5727,1,-1,-1
2544,422,1268.21,225.88,11.94,30.05,0.6160,1,-1,-1
2544,432,1098.25,169.39,10.74,20.58,0.2502,1,-1,-1
2544,439,1283.16,227.22,12.25,25.34,0.6049,1,-1,-1
2544,405,506.68,495.40,37.15,79.33,0.6379,1,-1,-1
2544,449,1100.59,169.69,9.91,21.57,0.4359,1,-1,-1
2545,419,1300.88,223.13,12.56,29.82,0.5156,1,-1,-1
2545,406,914.44,244.15,13.86,33.21,0.6415,1,-1,-1
2545,423,929.77,245.55,12.88,30.10,0.3684,1,-1,-1
2545,429,848.92,209.72,11.48,27.84,0.6030,1,-1,-1
2545,422,1268.29,225.48,12.16,30.65,0.6252,1,-1,-1
2545,432,1098.25,168.91,10.96,20.91,0.2458,1,-1,-1
2545,439,1283.50,227.09,12.50,25.58,0.5917,1,-1,-1
2545,405,505.34,494.53,37.33,80.84,0.6575,1,-1,-1
2545,449,1100.73,169.38,9.88,21.36,0.4263,1,-1,-1
2545,445,497.05,496.79,37.64,82.33,0.4746,1,-1,-1
2546,419,1301.27,223.40,12.26,29.00,0.5234,1,-1,-1
2546,406,914.59,244.23,13.87,33.23,0.6379,1,-1,-1
2546,423,929.85,245.53,12.75,29.96,0.3961,1,-1,-1
2546,429,848.24,209.57,11.54,27.94,0.5955,1,-1,-1
2546,422,1268.54,225.26,12.27,30.97,0.6379,1,-1,-1
2546,432,1098.15,168.82,11.16,21.26,0.2870,1,-1,-1
2546,439,1283.95,226.89,12.62,25.53,0.5689,1,-1,-1
2546,405,505.67,496.42,36.46,80.00,0.6610,1,-1,-1
2546,449,1100.82,169.28,9.94,21.36,0.4417,1,-1,-1
2546,445,497.27,498.61,37.04,81.46,0.5195,1,-1,-1
2547,419,1301.49,223.47,12.22,28.79,0.5332,1,-1,-1
2547,406,914.72,244.24,13.92,33.27,0.6379,1,-1,-1
2547,423,929.85,245.44,12.77,30.13,0.4340,1,-1,-1
2547,429,847.61,209.28,11.73,28.36,0.5593,1,-1,-1
2547,422,1268.90,225.17,12.33,31.11,0.6487,1,-1,-1
2547,432,1098.22,169.17,11.50,21.66,0.3124,1,-1,-1
2547,439,1284.06,226.91,12.87,25.78,0.5689,1,-1,-1
2547,405,504.81,496.93,36.14,79.67,0.6575,1,-1,-1
2547,449,1101.37,169.15,10.14,21.64,0.4688,1,-1,-1
2547,445,496.96,499.26,36.44,81.27,0.5583,1,-1,-1
2548,419,1301.59,223.51,12.54,29.45,0.5718,1,-1,-1
2548,406,914.83,244.26,14.01,33.42,0.6289,1,-1,-1
2548,423,929.88,245.30,12.75,30.21,0.4533,1,-1,-1
2548,429,847.17,209.13,11.80,28.50,0.5205,1,-1,-1
2548,422,1269.14,225.07,12.41,31.36,0.6487,1,-1,-1
2548,432,1098.43,169.09,11.98,22.25,0.2415,1,-1,-1
2548,439,1284.03,226.89,13.24,26.31,0.5670,1,-1,-1
2548,405,503.66,497.58,35.67,79.40,0.6715,1,-1,-1
2548,449,1101.51,168.84,10.50,22.23,0.5010,1,-1,-1
2548,445,496.60,499.53,37.65,82.11,0.5689,1,-1,-1
2549,419,1301.87,223.34,12.65,29.58,0.5603,1,-1,-1
2549,406,914.94,244.27,14.13,33.65,0.6289,1,-1,-1
2549,423,929.97,245.30,12.68,30.17,0.4756,1,-1,-1
2549,429,846.58,208.64,11.85,28.59,0.5078,1,-1,-1
2549,422,1269.33,225.06,12.42,31.47,0.6558,1,-1,-1
2549,432,1098.60,168.89,12.50,22.90,0.1437,1,-1,-1
2549,439,1283.95,226.95,13.41,26.51,0.5612,1,-1,-1
2549,449,1101.68,168.60,10.88,22.88,0.5390,1,-1,-1
2549,445,496.35,499.48,38.87,83.56,0.6689,1,-1,-1
2550,419,1302.12,223.29,12.67,29.44,0.5564,1,-1,-1
2550,406,915.11,244.13,14.12,33.63,0.6343,1,-1,-1
2550,423,929.83,245.22,12.92,30.96,0.4292,1,-1,-1
2550,429,846.24,208.56,11.78,28.42,0.4824,1,-1,-1
2550,422,1269.39,225.17,12.37,31.48,0.6610,1,-1,-1
2550,439,1283.94,227.22,13.41,26.48,0.5917,1,-1,-1
2550,449,1102.22,168.68,10.97,22.90,0.5341,1,-1,-1
2550,445,495.99,498.84,39.67,84.50,0.7090,1,-1,-1
2551,419,1302.28,223.21,12.72,29.41,0.5660,1,-1,-1
2551,406,915.28,244.02,14.06,33.48,0.6270,1,-1,-1
2551,423,929.74,245.27,13.09,31.53,0.3961,1,-1,-1
2551,429,845.90,208.55,11.76,28.44,0.3785,1,-1,-1
2551,422,1269.54,225.35,12.26,31.40,0.6522,1,-1,-1
2551,439,1284.22,227.42,13.30,26.18,0.5804,1,-1,-1
2551,449,1102.98,168.82,10.91,22.58,0.5234,1,-1,-1
2551,445,493.71,498.00,41.23,86.66,0.7170,1,-1,-1
2552,419,1302.42,223.25,12.58,28.93,0.5564,1,-1,-1
2552,406,915.50,243.87,14.02,33.33,0.6067,1,-1,-1
2552,423,929.79,245.26,13.17,31.87,0.4073,1,-1,-1
2552,429,845.67,208.59,11.71,28.44,0.3720,1,-1,-1
2552,422,1269.86,225.75,12.03,31.05,0.6469,1,-1,-1
2552,439,1284.54,227.60,13.11,25.78,0.5804,1,-1,-1
2552,449,1103.18,168.69,11.03,22.80,0.5166,1,-1,-1
2552,445,492.86,498.45,41.59,86.19,0.7249,1,-1,-1
2553,419,1302.56,223.42,12.51,28.62,0.5679,1,-1,-1
2553,406,915.73,243.79,14.01,33.20,0.5765,1,-1,-1
2553,423,929.90,245.34,13.26,32.15,0.4036,1,-1,-1
2553,429,845.51,208.85,11.64,28.38,0.2316,1,-1,-1
2553,422,1270.19,226.14,11.84,30.83,0.6469,1,-1,-1
2553,439,1284.73,227.78,12.97,25.51,0.5842,1,-1,-1
2553,449,1103.16,168.43,11.14,23.06,0.5312,1,-1,-1
2553,445,491.87,499.40,41.64,85.39,0.7042,1,-1,-1
2554,419,1302.62,223.53,12.56,28.57,0.5525,1,-1,-1
2554,406,915.91,243.72,13.96,33.10,0.6030,1,-1,-1
2554,423,929.79,245.54,13.49,32.84,0.4436,1,-1,-1
2554,429,845.37,209.07,11.54,28.25,0.1634,1,-1,-1
2554,422,1270.34,226.42,11.67,30.60,0.6451,1,-1,-1
2554,439,1284.84,227.95,12.94,25.45,0.5898,1,-1,-1
2554,449,1103.35,168.17,11.19,23.20,0.5419,1,-1,-1
2554,445,491.09,500.25,41.71,84.78,0.6926,1,-1,-1
2555,419,1302.87,223.41,12.41,28.13,0.5088,1,-1,-1
2555,406,916.06,243.49,14.01,33.31,0.5993,1,-1,-1
2555,423,929.82,245.77,13.67,33.41,0.4494,1,-1,-1
2555,429,845.30,209.16,11.36,27.93,0.1303,1,-1,-1
2555,422,1270.38,226.57,11.53,30.48,0.6397,1,-1,-1
2555,439,1284.97,228.16,12.71,24.94,0.5860,1,-1,-1
2555,449,1103.76,168.13,11.00,22.74,0.4484,1,-1,-1
2555,445,490.72,500.40,41.71,84.13,0.6926,1,-1,-1
2556,419,1302.83,223.91,12.33,27.76,0.5390,1,-1,-1
2556,406,916.26,243.65,14.25,34.14,0.5746,1,-1,-1
2556,423,930.11,245.59,13.46,32.96,0.4206,1,-1,-1
2556,429,845.24,209.65,11.21,27.65,0.2140,1,-1,-1
2556,422,1270.64,226.90,11.28,29.86,0.6379,1,-1,-1
2556,439,1284.81,228.62,12.58,24.63,0.5631,1,-1,-1
2556,449,1104.14,168.37,11.37,23.54,0.3693,1,-1,-1
2556,445,489.78,499.52,42.27,84.82,0.7042,1,-1,-1
2557,419,1303.00,223.77,12.12,27.13,0.5283,1,-1,-1
2557,406,916.56,243.62,14.19,34.21,0.5516,1,-1,-1
2557,423,930.40,245.56,13.21,32.43,0.3355,1,-1,-1
2557,429,845.15,209.85,11.12,27.49,0.1380,1,-1,-1
2557,422,1270.75,226.99,11.16,29.56,0.6451,1,-1,-1
2557,439,1284.83,228.76,12.49,24.40,0.5708,1,-1,-1
2557,449,1105.34,169.01,11.34,23.50,0.3469,1,-1,-1
2557,445,489.23,498.71,42.62,85.48,0.7025,1,-1,-1
2558,419,1303.21,223.79,11.83,26.28,0.5273,1,-1,-1
2558,406,916.89,243.51,14.38,34.73,0.5487,1,-1,-1
2558,423,930.77,245.35,12.85,31.60,0.2862,1,-1,-1
2558,429,844.94,209.79,11.06,27.45,0.1613,1,-1,-1
2558,422,1270.73,227.02,11.12,29.47,0.6451,1,-1,-1
2558,439,1284.81,228.83,12.49,24.37,0.5804,1,-1,-1
2558,449,1105.19,168.53,11.61,24.13,0.3355,1,-1,-1
2558,445,489.40,498.54,42.35,85.10,0.6943,1,-1,-1
2559,419,1303.49,223.85,11.39,24.98,0.5215,1,-1,-1
2559,406,917.23,243.47,14.44,34.93,0.5370,1,-1,-1
2559,423,931.03,245.06,12.64,31.12,0.2465,1,-1,-1
2559,429,844.64,209.71,11.06,27.56,0.1790,1,-1,-1
2559,422,1270.65,226.91,11.19,29.62,0.6469,1,-1,-1
2559,439,1284.57,228.90,12.56,24.50,0.5842,1,-1,-1
2559,449,1105.46,168.04,11.79,24.54,0.3433,1,-1,-1
2559,445,489.66,498.28,42.28,85.04,0.6926,1,-1,-1
2560,419,1303.76,223.92,11.04,23.81,0.5195,1,-1,-1
2560,406,917.44,243.35,14.66,35.53,0.4990,1,-1,-1
2560,423,931.00,244.95,12.83,31.65,0.2591,1,-1,-1
2560,429,844.36,209.62,11.10,27.75,0.1962,1,-1,-1
2560,422,1270.49,226.81,11.34,29.93,0.6487,1,-1,-1
2560,439,1284.20,228.85,12.74,24.82,0.5804,1,-1,-1
2560,449,1105.71,167.82,11.86,24.67,0.3639,1,-1,-1
2560,445,490.22,498.31,41.72,83.99,0.6968,1,-1,-1
2561,419,1303.89,223.94,10.81,22.90,0.5000,1,-1,-1
2561,406,917.75,243.55,14.56,35.32,0.5293,1,-1,-1
2561,423,931.40,245.11,13.32,32.63,0.3234,1,-1,-1
2561,429,844.15,209.49,11.14,27.93,0.3311,1,-1,-1
2561,422,1270.34,226.70,11.42,30.03,0.6451,1,-1,-1
2561,439,1283.99,228.90,12.81,24.93,0.5631,1,-1,-1
2561,449,1106.03,167.66,11.84,24.55,0.2598,1,-1,-1
2561,445,490.35,498.53,41.35,83.45,0.6984,1,-1,-1
2562,419,1303.77,223.92,11.08,23.14,0.4961,1,-1,-1
2562,406,918.10,243.68,14.40,34.97,0.5737,1,-1,-1
2562,423,931.71,245.05,13.59,33.14,0.4235,1,-1,-1
2562,429,844.01,209.59,11.09,27.91,0.4475,1,-1,-1
2562,422,1270.20,226.57,11.50,30.10,0.6361,1,-1,-1
2562,439,1283.89,228.86,12.86,24.99,0.5506,1,-1,-1
2562,449,1106.38,167.53,11.77,24.26,0.2942,1,-1,-1
2562,445,490.35,498.54,40.93,82.92,0.6885,1,-1,-1
2563,419,1303.38,223.85,11.97,24.89,0.5293,1,-1,-1
2563,406,918.36,244.02,14.18,34.43,0.6021,1,-1,-1
2563,423,931.89,245.06,13.62,33.15,0.4698,1,-1,-1
2563,429,843.79,209.77,10.98,27.71,0.4465,1,-1,-1
2563,422,1270.09,226.31,11.58,30.21,0.6343,1,-1,-1
2563,439,1283.71,228.80,12.97,25.17,0.5612,1,-1,-1
2563,449,1106.82,167.47,11.59,23.77,0.2983,1,-1,-1
2563,445,490.27,498.55,40.87,83.15,0.6901,1,-1,-1
2564,419,1303.00,223.73,12.93,26.95,0.5322,1,-1,-1
2564,406,918.63,244.50,13.88,33.74,0.5983,1,-1,-1
2564,423,931.92,245.09,13.46,32.77,0.4805,1,-1,-1
2564,429,843.53,209.95,10.86,27.48,0.4484,1,-1,-1
2564,422,1269.93,226.03,11.71,30.42,0.6325,1,-1,-1
2564,439,1283.54,228.76,13.09,25.36,0.5554,1,-1,-1
2564,449,1107.35,167.55,11.37,23.26,0.2613,1,-1,-1
2564,445,490.23,498.68,40.90,83.63,0.7050,1,-1,-1
2565,419,1302.76,223.65,13.60,28.41,0.5176,1,-1,-1
2565,406,918.83,244.82,13.57,33.02,0.6298,1,-1,-1
2565,423,932.42,244.89,13.44,32.65,0.5302,1,-1,-1
2565,429,843.35,210.04,10.79,27.41,0.4941,1,-1,-1
2565,422,1269.70,225.83,11.84,30.70,0.6289,1,-1,-1
2565,439,1283.46,228.69,13.12,25.38,0.5467,1,-1,-1
2565,449,1107.77,167.50,11.23,22.88,0.2173,1,-1,-1
2565,445,490.24,498.73,40.81,83.83,0.6901,1,-1,-1
2566,419,1302.59,223.85,14.27,29.94,0.5146,1,-1,-1
2566,406,919.18,244.54,13.33,32.56,0.6316,1,-1,-1
2566,423,932.20,244.56,13.05,31.94,0.5185,1,-1,-1
2566,429,843.02,210.11,10.71,27.25,0.5137,1,-1,-1
2566,422,1269.47,225.73,11.95,30.96,0.6215,1,-1,-1
2566,439,1283.41,228.69,13.16,25.39,0.5322,1,-1,-1
2566,449,1107.97,167.06,11.25,22.89,0.2275,1,-1,-1
2566,445,489.89,498.64,40.89,84.40,0.6951,1,-1,-1
2567,419,1302.69,223.64,14.25,29.94,0.5029,1,-1,-1
2567,406,919.51,244.08,13.34,32.62,0.6169,1,-1,-1
2567,423,932.47,244.22,13.22,32.23,0.4600,1,-1,-1
2567,429,842.67,210.00,10.73,27.27,0.4824,1,-1,-1
2567,422,1269.25,225.61,12.05,31.17,0.6142,1,-1,-1
2567,439,1283.26,228.73,13.26,25.55,0.5224,1,-1,-1
2567,449,1108.25,166.61,11.49,23.33,0.2167,1,-1,-1
2567,445,489.63,498.55,40.89,84.83,0.7178,1,-1,-1
2568,419,1302.93,223.53,14.03,29.45,0.5020,1,-1,-1
2568,406,919.48,243.06,13.56,33.03,0.5898,1,-1,-1
2568,423,932.59,243.60,13.11,32.12,0.4359,1,-1,-1
2568,429,842.29,209.59,10.86,27.52,0.4282,1,-1,-1
2568,422,1269.19,225.60,12.10,31.25,0.6086,1,-1,-1
2568,439,1283.04,228.64,13.45,26.01,0.5107,1,-1,-1
2568,449,1108.52,166.27,11.78,23.93,0.2870,1,-1,-1
2568,445,489.29,498.53,40.65,84.59,0.7178,1,-1,-1
2569,419,1303.27,223.45,13.92,29.15,0.4961,1,-1,-1
2569,406,919.88,242.73,13.56,32.84,0.5823,1,-1,-1
2569,423,933.02,243.18,12.95,31.75,0.3905,1,-1,-1
2569,429,842.11,209.46,10.98,27.71,0.4168,1,-1,-1
2569,422,1269.15,225.74,12.11,31.18,0.6086,1,-1,-1
2569,439,1282.88,228.49,13.60,26.36,0.4649,1,-1,-1
2569,449,1108.82,166.06,12.18,24.83,0.2591,1,-1,-1
2569,445,489.16,498.81,40.29,84.10,0.6935,1,-1,-1
2570,419,1303.63,223.39,13.81,28.79,0.4912,1,-1,-1
2570,406,920.39,242.72,13.56,32.62,0.5955,1,-1,-1
2570,423,933.79,242.81,12.81,31.31,0.4083,1,-1,-1
2570,429,841.86,209.41,11.12,27.91,0.5448,1,-1,-1
2570,422,1269.14,226.10,12.13,31.12,0.6160,1,-1,-1
2570,439,1282.76,228.41,13.69,26.59,0.4330,1,-1,-1
2570,449,1109.89,165.42,13.17,27.15,0.2806,1,-1,-1
2570,445,488.13,499.15,40.67,84.63,0.6740,1,-1,-1
2571,419,1303.91,223.67,14.29,30.01,0.5419,1,-1,-1
2571,406,921.14,242.48,13.64,32.61,0.6270,1,-1,-1
2571,423,934.81,242.42,12.91,31.22,0.3951,1,-1,-1
2571,429,841.71,209.60,11.07,27.63,0.5176,1,-1,-1
2571,422,1269.59,226.56,12.25,31.30,0.6379,1,-1,-1
2571,439,1283.05,228.63,13.74,26.74,0.5448,1,-1,-1
2571,449,1110.68,165.05,13.86,28.88,0.4659,1,-1,-1
2571,445,486.71,499.52,40.88,84.92,0.6766,1,-1,-1
2572,419,1304.41,224.16,14.43,30.40,0.5351,1,-1,-1
2572,406,921.94,242.38,13.71,32.62,0.6105,1,-1,-1
2572,423,934.66,242.48,13.51,32.51,0.1505,1,-1,-1
2572,429,841.80,209.77,10.99,27.27,0.5010,1,-1,-1
2572,422,1270.17,226.81,12.15,30.84,0.6289,1,-1,-1
2572,439,1283.28,228.69,13.79,26.78,0.5068,1,-1,-1
2572,449,1111.69,165.19,13.67,28.65,0.4961,1,-1,-1
2572,445,486.78,498.69,41.79,86.87,0.6567,1,-1,-1
2573,419,1305.39,224.55,14.17,29.99,0.5312,1,-1,-1
2573,406,922.68,242.09,13.97,33.10,0.5727,1,-1,-1
2573,423,936.69,242.03,12.88,31.03,0.1999,1,-1,-1
2573,429,841.92,209.65,11.08,27.39,0.4121,1,-1,-1
2573,422,1270.71,227.50,11.87,29.91,0.6067,1,-1,-1
2573,439,1283.93,228.80,13.62,26.20,0.4620,1,-1,-1
2573,449,1111.95,164.73,14.38,30.39,0.4591,1,-1,-1
2573,445,487.12,498.04,42.55,88.42,0.6514,1,-1,-1
2574,419,1306.86,225.18,13.27,28.05,0.4484,1,-1,-1
2574,406,923.61,242.02,14.08,33.16,0.6067,1,-1,-1
2574,423,938.01,242.49,13.09,31.35,0.2822,1,-1,-1
2574,429,842.67,210.55,10.87,26.87,0.1836,1,-1,-1
2574,422,1271.86,228.27,11.86,29.43,0.6160,1,-1,-1
2574,439,1284.56,228.70,13.77,26.39,0.5049,1,-1,-1
2574,449,1113.46,165.17,14.06,30.20,0.3886,1,-1,-1
2574,445,488.53,498.10,42.19,87.45,0.6298,1,-1,-1
2575,419,1308.13,225.49,12.87,26.98,0.2942,1,-1,-1
2575,406,924.83,242.46,13.92,32.67,0.6469,1,-1,-1
2575,423,939.65,243.48,13.36,31.55,0.3166,1,-1,-1
2575,422,1273.19,228.99,11.85,29.23,0.5727,1,-1,-1
2575,439,1285.65,228.78,13.99,26.86,0.5088,1,-1,-1
2575,449,1115.01,165.05,14.70,31.88,0.5429,1,-1,-1
2575,445,491.39,498.45,40.62,84.42,0.6522,1,-1,-1
2576,419,1310.48,225.99,13.34,27.83,0.2088,1,-1,-1
2576,406,926.68,242.65,14.02,32.84,0.5765,1,-1,-1
2576,423,940.66,243.17,13.58,31.62,0.1842,1,-1,-1
2576,422,1275.55,228.23,12.17,29.72,0.2991,1,-1,-1
2576,439,1285.95,228.77,14.45,27.58,0.2401,1,-1,-1
2576,449,1117.03,164.42,15.09,33.01,0.2682,1,-1,-1
2576,445,490.73,496.87,43.40,89.82,0.6843,1,-1,-1
2577,419,1313.40,226.33,13.26,27.74,0.3513,1,-1,-1
2577,406,929.37,242.04,14.54,33.79,0.4941,1,-1,-1
2577,423,941.64,244.08,14.55,33.24,0.1577,1,-1,-1
2577,422,1278.06,227.95,12.62,30.80,0.5641,1,-1,-1
2577,449,1120.03,164.04,15.00,33.11,0.1276,1,-1,-1
2577,445,494.93,496.85,42.50,87.49,0.6352,1,-1,-1
2578,445,498.25,497.56,42.13,85.97,0.5794,1,-1,-1
2578,439,1283.35,228.47,15.00,29.14,0.4610,1,-1,-1
