1,0,1380.60,642.28,64.16,147.94,0.8418,1,-1,-1
1,1,1036.10,558.80,45.94,104.30,0.7879,1,-1,-1
1,2,991.78,447.68,26.04,56.68,0.6397,1,-1,-1
1,3,1339.29,352.17,62.77,22.42,0.4591,4,-1,-1
2,0,1378.77,642.36,63.98,147.59,0.8539,1,-1,-1
2,1,1033.26,558.92,45.78,103.89,0.7840,1,-1,-1
2,2,991.47,449.06,25.09,54.58,0.6270,1,-1,-1
2,3,1336.75,351.75,63.77,22.77,0.3576,4,-1,-1
3,0,1377.35,642.89,63.76,147.17,0.8558,1,-1,-1
3,1,1030.47,558.76,45.88,104.26,0.7705,1,-1,-1
3,2,990.48,448.87,25.26,54.94,0.6415,1,-1,-1
3,3,1333.89,351.57,64.28,22.90,0.3979,4,-1,-1
3,5,744.50,405.74,18.26,34.88,0.5516,1,-1,-1
4,0,1375.90,643.70,63.32,146.40,0.8056,1,-1,-1
4,1,1028.79,558.59,45.92,104.46,0.7732,1,-1,-1
4,2,989.45,448.04,25.69,55.84,0.6433,1,-1,-1
4,3,1329.13,351.38,67.60,24.05,0.3951,4,-1,-1
4,5,744.15,404.39,18.98,36.36,0.5049,1,-1,-1
5,0,1374.83,642.90,63.74,147.52,0.8081,1,-1,-1
5,1,1026.84,557.85,45.99,104.61,0.7931,1,-1,-1
5,2,987.42,444.64,27.06,59.05,0.5860,1,-1,-1
5,3,1334.10,351.43,63.36,22.54,0.4263,4,-1,-1
5,5,744.28,404.97,18.75,36.04,0.4254,1,-1,-1
5,6,1016.03,440.94,29.59,57.47,0.5631,1,-1,-1
6,0,1372.93,641.61,64.26,149.03,0.8210,1,-1,-1
6,1,1025.72,558.39,45.53,103.58,0.8032,1,-1,-1
6,2,986.49,439.93,29.23,64.08,0.5946,1,-1,-1
6,3,1336.60,350.84,62.07,22.26,0.2682,4,-1,-1
6,5,744.18,404.56,19.09,36.81,0.4273,1,-1,-1
6,6,1015.28,440.94,29.33,57.08,0.5804,1,-1,-1
7,0,1371.88,641.52,63.96,148.61,0.8311,1,-1,-1
7,1,1024.45,558.34,45.45,103.53,0.8032,1,-1,-1
7,2,985.23,436.37,30.67,67.76,0.6531,1,-1,-1
7,3,1332.91,351.47,62.02,22.30,0.2926,4,-1,-1
7,5,744.69,406.32,18.37,35.42,0.3200,1,-1,-1
7,6,1012.22,438.47,30.32,59.08,0.5254,1,-1,-1
7,7,1610.53,356.32,26.57,18.11,0.4600,4,-1,-1
8,0,1371.00,641.79,63.61,148.15,0.8152,1,-1,-1
8,1,1023.09,558.24,45.46,103.38,0.7969,1,-1,-1
8,2,984.43,436.47,30.25,67.38,0.6522,1,-1,-1
8,3,1329.73,351.88,62.65,22.57,0.3549,4,-1,-1
8,5,745.31,408.49,17.35,33.23,0.4225,1,-1,-1
8,6,1010.99,438.92,30.47,59.38,0.5842,1,-1,-1
8,7,1607.62,356.04,26.89,18.32,0.4263,4,-1,-1
9,0,1370.24,641.93,63.33,147.97,0.8105,1,-1,-1
9,1,1020.20,558.11,45.64,104.05,0.8129,1,-1,-1
9,2,983.30,435.06,30.95,69.38,0.6697,1,-1,-1
9,3,1328.74,352.02,62.02,22.35,0.3914,4,-1,-1
9,5,746.28,410.07,16.77,31.88,0.3757,1,-1,-1
9,6,1009.77,438.95,30.71,59.88,0.5746,1,-1,-1
9,7,1606.27,355.76,27.32,18.62,0.3989,4,-1,-1
10,0,1368.95,641.82,63.07,147.60,0.8222,1,-1,-1
10,1,1018.31,557.31,45.98,105.13,0.8007,1,-1,-1
10,2,982.14,433.63,31.05,70.23,0.6783,1,-1,-1
10,3,1329.54,351.52,61.01,22.07,0.3730,4,-1,-1
10,5,747.06,410.63,16.60,31.36,0.4225,1,-1,-1
10,6,1008.68,439.33,30.33,59.10,0.5029,1,-1,-1
10,7,1604.33,355.59,27.43,18.67,0.4552,4,-1,-1
11,0,1367.57,641.35,62.84,147.24,0.8470,1,-1,-1
11,1,1017.04,557.18,45.73,104.91,0.7994,1,-1,-1
11,2,981.56,436.87,29.11,66.29,0.6325,1,-1,-1
11,3,1329.09,351.49,60.95,22.21,0.2894,4,-1,-1
11,5,748.16,411.02,16.51,31.19,0.5029,1,-1,-1
11,6,1008.81,440.96,28.27,55.15,0.2576,1,-1,-1
11,7,1602.60,355.56,27.14,18.41,0.3951,4,-1,-1
12,0,1366.55,641.30,62.40,146.43,0.8529,1,-1,-1
12,1,1015.87,556.43,46.02,105.52,0.7905,1,-1,-1
12,2,978.75,433.47,29.45,68.37,0.4990,1,-1,-1
12,3,1326.77,351.10,62.56,22.94,0.3007,4,-1,-1
12,5,748.35,410.86,16.54,31.28,0.5205,1,-1,-1
12,6,1008.23,441.90,27.05,53.06,0.1418,1,-1,-1
12,7,1600.38,355.32,27.43,18.59,0.3711,4,-1,-1
12,8,981.57,427.93,19.51,51.19,0.5467,1,-1,-1
13,0,1365.28,641.35,62.29,146.31,0.8529,1,-1,-1
13,1,1014.43,555.87,45.99,105.50,0.7786,1,-1,-1
13,2,979.97,443.33,25.70,59.17,0.4523,1,-1,-1
13,3,1328.30,351.19,60.46,22.34,0.2613,4,-1,-1
13,5,748.31,410.98,16.51,31.21,0.5380,1,-1,-1
13,6,1008.22,443.71,25.80,50.92,0.1938,1,-1,-1
13,7,1599.35,355.39,27.18,18.37,0.5419,4,-1,-1
13,8,978.21,427.24,20.17,52.84,0.4455,1,-1,-1
14,0,1363.38,640.81,62.59,147.13,0.8459,1,-1,-1
14,1,1013.02,556.14,45.83,105.37,0.7813,1,-1,-1
14,2,979.88,447.95,24.28,55.20,0.5746,1,-1,-1
14,3,1326.80,351.14,59.61,22.20,0.2934,4,-1,-1
14,5,748.27,410.71,16.64,31.46,0.5351,1,-1,-1
14,6,1006.64,443.60,26.08,51.52,0.3785,1,-1,-1
14,7,1597.99,355.53,27.27,18.48,0.3757,4,-1,-1
14,8,977.74,427.06,16.98,44.14,0.3675,1,-1,-1
15,0,1362.21,640.80,62.47,147.12,0.8549,1,-1,-1
15,1,1011.56,556.37,45.42,104.94,0.7773,1,-1,-1
15,2,979.39,450.64,23.48,52.67,0.5195,1,-1,-1
15,3,1324.88,350.74,59.92,22.66,0.1264,4,-1,-1
15,5,748.40,410.56,16.67,31.57,0.5302,1,-1,-1
15,6,1002.10,444.68,27.23,52.94,0.1716,1,-1,-1
15,7,1596.55,355.75,27.09,18.35,0.4073,4,-1,-1
15,8,976.26,426.58,16.49,42.55,0.3513,1,-1,-1
16,0,1361.39,640.24,62.18,146.89,0.8333,1,-1,-1
16,1,1010.18,556.06,45.46,105.68,0.7773,1,-1,-1
16,2,978.60,448.42,24.27,54.33,0.5993,1,-1,-1
16,3,1323.47,352.05,57.68,21.93,0.2918,4,-1,-1
16,5,748.57,408.75,17.72,33.71,0.4698,1,-1,-1
16,6,1000.44,445.50,27.18,52.23,0.2261,1,-1,-1
16,7,1593.50,355.41,27.65,18.71,0.3251,4,-1,-1
16,8,973.90,425.31,17.65,45.05,0.1907,2,-1,-1
17,0,1360.04,640.35,62.06,146.78,0.8355,1,-1,-1
17,1,1008.24,556.13,45.22,105.91,0.7461,1,-1,-1
17,2,977.51,446.61,24.85,55.71,0.5765,1,-1,-1
17,3,1319.42,352.21,58.01,21.89,0.3260,4,-1,-1
17,5,748.76,407.33,18.45,35.46,0.5273,1,-1,-1
17,7,1591.78,355.41,27.45,18.48,0.2330,4,-1,-1
17,8,970.71,424.91,19.06,48.67,0.4292,1,-1,-1
18,0,1358.60,640.09,62.04,147.11,0.8289,1,-1,-1
18,1,1006.16,555.83,45.03,106.15,0.7718,1,-1,-1
18,2,975.58,444.53,25.50,57.11,0.4349,1,-1,-1
18,3,1315.98,351.90,59.90,22.46,0.4378,4,-1,-1
18,5,748.86,407.31,18.05,35.08,0.5390,1,-1,-1
18,7,1588.99,354.39,28.79,19.36,0.1466,4,-1,-1
18,8,968.59,425.45,19.12,48.72,0.3090,2,-1,-1
18,10,882.63,397.77,17.72,36.15,0.4932,2,-1,-1
19,0,1357.36,640.30,62.01,146.95,0.8408,1,-1,-1
19,1,1004.96,555.51,44.66,105.99,0.7982,1,-1,-1
19,2,975.24,443.05,26.53,59.41,0.6469,1,-1,-1
19,3,1316.54,351.13,60.41,22.83,0.4330,4,-1,-1
19,5,748.86,407.33,17.94,35.16,0.5784,1,-1,-1
19,7,1587.77,354.78,28.06,18.80,0.3460,4,-1,-1
19,8,966.46,425.63,19.35,49.12,0.5631,1,-1,-1
19,10,881.37,398.23,18.30,37.38,0.4630,2,-1,-1
20,0,1355.73,640.27,62.00,146.93,0.8366,1,-1,-1
20,1,1003.90,554.56,44.53,106.55,0.8007,1,-1,-1
20,2,974.75,442.17,26.78,60.09,0.6645,1,-1,-1
20,3,1316.62,350.97,60.03,22.80,0.3951,4,-1,-1
20,5,748.72,406.32,18.31,36.29,0.5879,1,-1,-1
20,7,1586.98,355.13,27.51,18.45,0.3346,4,-1,-1
20,8,964.29,423.73,20.15,50.99,0.6086,1,-1,-1
20,10,880.08,398.31,19.03,38.87,0.3425,2,-1,-1
21,0,1353.84,640.88,61.53,146.30,0.8105,1,-1,-1
21,1,1003.03,554.38,43.79,105.65,0.7931,1,-1,-1
21,2,973.21,441.58,26.45,59.47,0.6252,1,-1,-1
21,3,1315.97,350.69,59.72,22.72,0.4111,4,-1,-1
21,5,748.52,405.46,18.59,37.31,0.5879,1,-1,-1
21,7,1585.74,355.49,27.53,18.42,0.3840,4,-1,-1
21,8,962.33,422.58,20.87,52.66,0.6030,1,-1,-1
21,10,880.45,398.99,19.31,38.96,0.2494,2,-1,-1
22,0,1352.53,640.80,61.42,146.23,0.8069,1,-1,-1
22,1,1001.89,553.79,43.11,105.03,0.7813,1,-1,-1
22,2,972.82,441.49,26.16,59.14,0.6361,1,-1,-1
22,3,1316.67,350.46,58.00,22.22,0.4225,4,-1,-1
22,5,748.16,404.12,18.92,38.56,0.5525,1,-1,-1
22,7,1585.62,355.86,26.71,17.96,0.2934,4,-1,-1
22,8,960.25,421.55,21.88,55.04,0.5487,1,-1,-1
23,0,1351.39,639.88,61.73,146.62,0.8056,1,-1,-1
23,1,1001.20,553.51,41.68,102.03,0.7773,1,-1,-1
23,2,971.52,441.63,25.78,58.82,0.6868,1,-1,-1
23,3,1315.56,349.94,57.84,22.43,0.3998,4,-1,-1
23,5,748.62,405.06,18.35,37.72,0.5993,1,-1,-1
23,7,1582.62,355.32,26.95,18.06,0.2806,4,-1,-1
23,8,958.06,421.44,21.84,55.22,0.5993,1,-1,-1
24,0,1349.89,639.75,61.53,146.42,0.8105,1,-1,-1
24,1,999.90,552.53,41.48,102.02,0.7732,1,-1,-1
24,2,970.10,442.32,25.45,58.40,0.6715,1,-1,-1
24,3,1313.87,350.62,56.99,22.22,0.2870,4,-1,-1
24,5,749.50,407.68,17.12,35.37,0.5727,1,-1,-1
24,7,1580.05,354.54,28.59,19.18,0.2480,4,-1,-1
24,8,956.61,421.28,22.00,55.94,0.6105,1,-1,-1
24,6,989.23,441.67,29.14,55.43,0.4649,1,-1,-1
25,0,1348.60,640.04,61.21,146.07,0.7931,1,-1,-1
25,1,998.78,551.50,40.78,100.79,0.7606,1,-1,-1
25,2,969.38,442.53,25.09,57.80,0.6215,1,-1,-1
25,3,1310.12,350.43,58.96,23.03,0.3260,4,-1,-1
25,5,749.49,407.44,17.15,35.63,0.5898,1,-1,-1
25,7,1578.54,354.90,27.94,18.57,0.3831,4,-1,-1
25,8,955.50,421.45,21.89,55.63,0.3979,1,-1,-1
25,6,988.27,442.58,28.88,54.65,0.3398,1,-1,-1
26,0,1347.27,640.29,61.14,145.88,0.8105,1,-1,-1
26,1,996.64,550.25,40.55,100.68,0.7892,1,-1,-1
26,2,967.98,441.85,25.33,58.72,0.5993,1,-1,-1
26,3,1309.11,350.05,59.35,23.37,0.1883,4,-1,-1
26,5,749.84,407.82,16.94,35.36,0.5419,1,-1,-1
26,7,1577.19,355.37,27.03,17.79,0.3200,4,-1,-1
26,8,954.72,420.25,21.42,54.18,0.5974,1,-1,-1
26,6,986.88,441.87,29.73,55.94,0.2220,1,-1,-1
27,0,1345.81,639.85,60.73,145.32,0.8105,1,-1,-1
27,1,994.76,549.17,40.50,100.74,0.8019,1,-1,-1
27,2,967.00,441.72,25.34,59.00,0.6179,1,-1,-1
27,3,1306.93,349.61,60.45,23.99,0.2613,4,-1,-1
27,5,750.26,409.79,16.11,33.47,0.5127,1,-1,-1
27,7,1575.70,355.05,27.03,17.75,0.3868,4,-1,-1
27,8,953.56,419.54,21.11,53.05,0.6030,1,-1,-1
27,6,986.00,440.17,30.62,57.96,0.2323,1,-1,-1
28,0,1344.84,639.44,60.63,145.25,0.8256,1,-1,-1
28,1,993.01,548.79,40.28,100.13,0.7786,1,-1,-1
28,2,965.43,441.66,25.44,59.45,0.6732,1,-1,-1
28,3,1305.12,349.83,60.68,24.20,0.3425,4,-1,-1
28,5,750.83,410.70,15.76,32.50,0.4523,1,-1,-1
28,7,1573.84,355.07,27.54,18.00,0.4639,4,-1,-1
28,8,952.28,419.45,21.07,52.47,0.6901,1,-1,-1
28,6,984.62,440.96,30.69,58.61,0.2886,1,-1,-1
29,0,1343.22,638.86,60.93,146.08,0.8510,1,-1,-1
29,1,990.95,548.91,40.03,99.21,0.8032,1,-1,-1
29,2,963.93,441.90,25.30,59.05,0.6697,1,-1,-1
29,3,1305.53,349.73,59.89,24.11,0.3730,4,-1,-1
29,5,751.06,411.33,15.55,31.82,0.4397,1,-1,-1
29,7,1572.87,355.05,27.67,18.09,0.3303,4,-1,-1
29,8,951.58,418.85,21.43,52.89,0.6697,1,-1,-1
29,6,984.31,441.30,29.51,57.29,0.2983,1,-1,-1
30,0,1341.77,638.09,61.37,147.25,0.8558,1,-1,-1
30,1,989.02,548.80,39.81,98.52,0.7905,1,-1,-1
30,2,962.24,442.36,24.89,58.00,0.6123,1,-1,-1
30,3,1304.81,350.43,57.69,23.35,0.2621,4,-1,-1
30,5,751.10,411.60,15.91,32.23,0.4064,1,-1,-1
30,7,1571.15,355.49,26.66,17.34,0.3558,4,-1,-1
30,8,950.42,418.42,21.95,53.62,0.5898,1,-1,-1
30,6,984.70,441.40,27.72,54.39,0.1264,1,-1,-1
31,0,1340.11,637.86,60.99,146.93,0.8387,1,-1,-1
31,1,987.14,549.14,39.70,98.42,0.7931,1,-1,-1
31,2,959.82,442.70,24.77,58.36,0.5708,1,-1,-1
31,3,1304.40,350.32,56.51,23.06,0.1124,4,-1,-1
31,5,751.34,412.37,16.29,32.63,0.4562,1,-1,-1
31,7,1569.04,354.78,27.82,18.11,0.2568,4,-1,-1
31,8,949.56,417.36,22.67,54.88,0.5917,1,-1,-1
32,0,1339.06,638.04,60.44,145.93,0.8376,1,-1,-1
32,1,984.90,548.77,39.65,98.35,0.7773,1,-1,-1
32,2,958.05,443.42,24.34,57.88,0.5860,1,-1,-1
32,3,1295.66,351.06,58.91,23.70,0.1645,4,-1,-1
32,5,751.53,412.89,16.56,32.85,0.4756,1,-1,-1
32,7,1567.57,355.05,27.07,17.45,0.3979,4,-1,-1
32,8,948.61,417.16,22.76,54.81,0.6049,1,-1,-1
33,0,1338.02,638.17,60.03,145.34,0.8289,1,-1,-1
33,1,982.78,548.40,39.77,98.95,0.7732,1,-1,-1
33,2,956.98,444.61,23.78,56.46,0.6067,1,-1,-1
33,3,1295.67,350.66,58.66,23.54,0.1325,4,-1,-1
33,5,751.37,412.79,17.05,33.63,0.5254,1,-1,-1
33,7,1565.54,354.97,27.22,17.42,0.3225,4,-1,-1
33,8,947.79,417.13,22.63,54.17,0.5390,1,-1,-1
34,0,1336.44,638.23,59.78,145.20,0.8278,1,-1,-1
34,1,981.27,548.86,39.41,98.21,0.7732,1,-1,-1
34,2,955.48,444.11,23.55,56.10,0.6628,1,-1,-1
34,3,1293.44,350.70,59.43,23.72,0.2031,4,-1,-1
34,5,751.02,412.32,17.80,34.89,0.5370,1,-1,-1
34,7,1563.57,355.06,27.03,17.17,0.3285,4,-1,-1
34,8,947.00,416.84,22.68,54.03,0.6179,1,-1,-1
35,0,1334.93,638.14,59.73,145.41,0.8152,1,-1,-1
35,1,979.13,549.06,39.31,98.24,0.7705,1,-1,-1
35,2,954.79,444.94,22.89,54.52,0.6343,1,-1,-1
35,3,1292.16,350.58,59.91,23.89,0.2302,4,-1,-1
35,5,750.64,412.02,18.54,36.27,0.5545,1,-1,-1
35,7,1561.43,354.65,28.23,17.89,0.3217,4,-1,-1
35,8,946.43,416.67,22.62,53.77,0.6558,1,-1,-1
36,0,1333.55,638.23,59.53,145.14,0.8233,1,-1,-1
36,1,976.95,549.29,39.19,98.12,0.7649,1,-1,-1
36,2,953.66,443.91,23.49,56.00,0.6851,1,-1,-1
36,3,1291.45,350.91,58.92,23.26,0.3107,4,-1,-1
36,5,750.56,412.12,18.54,36.16,0.5448,1,-1,-1
36,7,1559.08,354.24,29.22,18.42,0.3099,4,-1,-1
36,8,946.48,416.59,22.30,52.90,0.6766,1,-1,-1
37,0,1332.66,638.21,59.66,145.05,0.8311,1,-1,-1
37,1,974.25,548.65,39.38,99.00,0.7621,1,-1,-1
37,2,952.56,442.57,24.17,57.72,0.6732,1,-1,-1
37,3,1291.98,351.03,58.42,22.93,0.3115,4,-1,-1
37,5,750.29,411.69,19.39,37.98,0.5525,1,-1,-1
37,7,1554.04,353.45,32.07,20.07,0.2666,4,-1,-1
37,8,946.18,416.41,22.26,53.09,0.5842,1,-1,-1
38,0,1331.34,637.77,60.00,145.65,0.8470,1,-1,-1
38,1,972.04,548.57,39.12,98.72,0.7663,1,-1,-1
38,2,951.77,442.02,24.48,58.50,0.6270,1,-1,-1
38,3,1292.13,350.88,58.88,23.02,0.2991,4,-1,-1
38,5,750.18,411.69,19.98,39.35,0.5429,1,-1,-1
38,7,1554.30,353.91,31.17,19.54,0.2394,4,-1,-1
38,8,945.48,415.90,22.17,53.37,0.6361,1,-1,-1
38,15,856.83,398.45,17.57,39.43,0.4562,2,-1,-1
39,0,1330.00,637.17,60.30,146.08,0.8355,1,-1,-1
39,1,970.38,548.41,39.17,98.89,0.7649,1,-1,-1
39,2,949.93,440.94,24.97,59.52,0.5917,1,-1,-1
39,3,1287.74,350.50,60.04,23.39,0.3200,4,-1,-1
39,5,750.42,412.16,19.95,39.82,0.4737,1,-1,-1
39,7,1552.43,353.08,32.15,20.27,0.2436,4,-1,-1
39,8,944.76,415.20,22.30,53.17,0.5718,1,-1,-1
39,15,855.28,398.83,16.27,36.46,0.4426,2,-1,-1
40,0,1328.36,637.20,60.31,146.22,0.8117,1,-1,-1
40,1,968.63,548.58,39.06,98.68,0.7372,1,-1,-1
40,2,947.71,440.63,25.28,59.59,0.6325,1,-1,-1
40,3,1280.30,351.38,63.63,24.49,0.1561,4,-1,-1
40,5,750.55,413.19,19.25,38.83,0.4883,1,-1,-1
40,7,1551.94,353.82,30.37,19.03,0.3486,4,-1,-1
40,8,944.44,415.75,21.04,50.07,0.5993,1,-1,-1
40,15,853.75,399.02,16.63,37.26,0.3504,2,-1,-1
41,0,1327.33,637.53,60.08,145.45,0.8152,1,-1,-1
41,1,966.76,547.93,39.37,99.10,0.7461,1,-1,-1
41,2,945.54,440.89,25.54,59.44,0.5612,1,-1,-1
41,3,1276.38,351.05,67.50,25.83,0.2295,4,-1,-1
41,5,751.23,413.93,18.90,38.76,0.5341,1,-1,-1
41,7,1549.28,352.96,31.50,19.79,0.3914,4,-1,-1
41,8,944.31,415.78,19.99,47.28,0.5593,1,-1,-1
41,15,852.89,399.66,15.65,35.01,0.3905,2,-1,-1
42,0,1325.87,637.91,59.89,144.72,0.8069,1,-1,-1
42,1,965.09,547.33,39.01,97.57,0.7606,1,-1,-1
42,2,945.19,442.14,25.24,57.89,0.4961,1,-1,-1
42,3,1277.46,351.41,65.02,24.89,0.1451,4,-1,-1
42,5,751.20,414.26,18.80,38.94,0.5390,1,-1,-1
42,7,1549.08,353.27,30.10,18.93,0.4216,4,-1,-1
42,8,943.65,415.26,19.42,45.53,0.4397,1,-1,-1
42,15,851.21,399.56,15.90,35.57,0.2268,1,-1,-1
43,0,1324.59,637.99,60.05,144.67,0.8007,1,-1,-1
43,1,962.97,546.51,38.83,96.40,0.7982,1,-1,-1
43,2,945.36,442.36,25.52,57.92,0.5156,1,-1,-1
43,3,1275.85,350.49,67.20,25.87,0.3057,4,-1,-1
43,5,751.00,413.08,19.21,40.11,0.5487,1,-1,-1
43,7,1548.69,353.24,29.92,18.91,0.4504,4,-1,-1
43,8,941.97,413.19,19.81,46.17,0.4225,1,-1,-1
43,15,850.27,399.99,16.59,36.96,0.4130,2,-1,-1
44,0,1322.36,637.90,60.05,145.07,0.8056,1,-1,-1
44,1,960.93,545.91,38.97,95.73,0.7918,1,-1,-1
44,2,944.76,442.19,26.12,58.55,0.5322,1,-1,-1
44,3,1277.16,349.58,65.99,25.58,0.2173,4,-1,-1
44,5,750.54,412.00,19.39,41.00,0.5039,1,-1,-1
44,7,1548.05,354.11,28.87,18.23,0.3407,4,-1,-1
44,8,940.29,412.97,20.64,48.23,0.4698,1,-1,-1
44,15,848.97,400.28,17.36,38.55,0.3748,2,-1,-1
45,0,1320.70,637.06,60.13,145.41,0.8267,1,-1,-1
45,1,959.52,545.45,39.19,94.71,0.7931,1,-1,-1
45,2,943.93,442.19,26.57,58.45,0.5049,1,-1,-1
45,3,1278.92,349.52,62.95,24.56,0.3016,4,-1,-1
45,5,750.55,412.25,19.07,40.39,0.4196,1,-1,-1
45,7,1544.84,354.19,29.76,18.71,0.3785,4,-1,-1
45,8,939.14,412.85,20.74,48.31,0.4727,1,-1,-1
45,15,847.26,400.42,17.64,39.01,0.4301,2,-1,-1
46,0,1318.49,636.32,60.03,145.91,0.8397,1,-1,-1
46,1,957.03,544.98,39.83,94.66,0.7931,1,-1,-1
46,2,942.57,442.82,26.41,57.41,0.5010,1,-1,-1
46,3,1281.30,350.26,59.49,23.47,0.2539,4,-1,-1
46,5,750.82,413.37,18.43,39.04,0.4177,1,-1,-1
46,7,1543.14,354.18,29.73,18.73,0.3666,4,-1,-1
46,8,938.26,412.33,20.75,47.82,0.4863,1,-1,-1
46,15,846.17,400.75,17.30,37.88,0.4417,2,-1,-1
46,19,506.01,422.14,23.19,55.39,0.6505,1,-1,-1
47,0,1317.31,635.54,60.20,146.68,0.8418,1,-1,-1
47,1,954.31,544.03,40.67,95.29,0.8032,1,-1,-1
47,2,941.06,440.26,27.17,58.51,0.4737,1,-1,-1
47,3,1280.90,349.64,59.24,23.67,0.2458,4,-1,-1
47,5,750.84,413.86,17.58,37.08,0.3522,1,-1,-1
47,7,1540.67,353.94,29.93,18.81,0.1938,4,-1,-1
47,8,936.61,413.12,20.85,47.81,0.4688,1,-1,-1
47,15,845.17,401.80,16.54,35.17,0.3183,2,-1,-1
47,19,505.31,421.92,23.33,55.81,0.6826,1,-1,-1
48,0,1316.45,635.45,60.07,146.67,0.8333,1,-1,-1
48,1,951.11,543.08,41.66,96.42,0.8141,1,-1,-1
48,2,939.19,438.44,27.95,59.70,0.2814,1,-1,-1
48,3,1276.70,350.60,59.09,23.68,0.2187,4,-1,-1
48,5,750.01,413.95,17.28,35.90,0.3486,1,-1,-1
48,7,1537.46,352.52,31.75,19.99,0.3451,4,-1,-1
48,8,934.32,412.86,21.92,50.60,0.5823,1,-1,-1
48,15,844.89,403.26,17.36,35.44,0.2798,2,-1,-1
48,19,504.07,421.81,23.32,55.78,0.7114,1,-1,-1
49,0,1315.88,635.91,59.73,145.82,0.8459,1,-1,-1
49,1,948.96,542.92,42.20,96.71,0.8289,1,-1,-1
49,2,938.25,439.08,28.09,59.01,0.4668,1,-1,-1
49,3,1270.46,350.78,63.15,25.34,0.1974,4,-1,-1
49,5,749.37,413.66,17.48,35.86,0.3234,1,-1,-1
49,7,1536.05,352.37,31.74,20.05,0.3495,4,-1,-1
49,8,932.22,412.34,22.50,52.61,0.5746,1,-1,-1
49,15,843.35,403.00,17.67,35.40,0.2075,2,-1,-1
49,19,502.46,422.27,23.19,55.35,0.7017,1,-1,-1
49,22,1497.47,347.07,41.55,25.62,0.4542,4,-1,-1
50,0,1314.86,636.72,59.28,144.66,0.8418,1,-1,-1
50,1,945.82,542.60,42.58,97.16,0.8245,1,-1,-1
50,2,936.73,438.30,28.77,59.99,0.4562,1,-1,-1
50,3,1265.15,351.17,65.42,26.04,0.1711,4,-1,-1
50,5,749.12,413.40,17.65,35.63,0.3442,1,-1,-1
50,7,1536.01,353.20,30.26,19.09,0.4649,4,-1,-1
50,8,930.76,411.01,22.99,54.40,0.6123,1,-1,-1
50,15,841.36,402.20,18.21,35.96,0.2480,2,-1,-1
50,19,500.33,422.46,23.75,56.50,0.6993,1,-1,-1
50,22,1498.00,350.03,36.31,22.36,0.3416,4,-1,-1
51,0,1312.92,637.96,58.31,143.14,0.7957,1,-1,-1
51,1,943.24,542.65,42.69,97.12,0.8141,1,-1,-1
51,2,936.05,439.21,28.48,58.54,0.5765,1,-1,-1
51,3,1266.33,350.64,65.53,26.26,0.1097,4,-1,-1
51,5,749.58,413.10,17.34,34.77,0.3320,1,-1,-1
51,7,1534.70,353.25,30.55,19.30,0.2999,4,-1,-1
51,8,929.69,410.68,21.73,51.56,0.5010,1,-1,-1
51,15,839.53,401.89,17.85,35.15,0.3032,2,-1,-1
51,19,499.34,422.05,24.04,57.03,0.7138,1,-1,-1
51,22,1493.48,347.88,39.75,24.53,0.2365,4,-1,-1
52,0,1311.91,637.62,58.42,143.52,0.7918,1,-1,-1
52,1,941.33,542.59,42.48,96.72,0.7931,1,-1,-1
52,2,935.84,438.72,28.41,58.41,0.5564,1,-1,-1
52,3,1254.37,352.01,80.53,32.93,0.1865,4,-1,-1
52,5,749.18,411.26,18.31,36.97,0.4111,1,-1,-1
52,7,1533.67,354.17,29.02,18.23,0.3785,4,-1,-1
52,8,927.50,409.19,21.37,51.04,0.5224,1,-1,-1
52,15,838.60,402.50,17.54,34.38,0.3390,2,-1,-1
52,19,498.78,422.72,23.79,56.05,0.7025,1,-1,-1
52,22,1491.04,346.27,39.83,24.56,0.1962,4,-1,-1
53,0,1309.36,636.99,58.37,144.31,0.8210,1,-1,-1
53,1,939.05,542.60,42.20,96.58,0.7918,1,-1,-1
53,2,935.91,438.79,28.02,57.44,0.5564,1,-1,-1
53,3,1244.48,351.44,95.49,39.79,0.1871,4,-1,-1
53,5,749.76,410.42,18.25,37.31,0.4980,1,-1,-1
53,7,1531.86,354.32,29.06,18.21,0.3766,4,-1,-1
53,8,925.64,408.77,21.35,50.75,0.5098,1,-1,-1
53,15,837.42,403.27,18.49,36.02,0.3748,2,-1,-1
53,19,497.55,421.53,24.39,56.99,0.7074,1,-1,-1
53,22,1487.66,349.29,37.46,22.96,0.5156,4,-1,-1
53,24,1870.49,432.65,21.93,47.29,0.5631,2,-1,-1
54,0,1307.91,635.83,58.71,145.58,0.8500,1,-1,-1
54,1,936.59,542.53,42.55,97.58,0.7827,1,-1,-1
54,2,935.34,438.72,27.91,57.41,0.5679,1,-1,-1
54,5,749.30,408.86,18.70,38.63,0.5000,1,-1,-1
54,7,1530.86,354.18,29.30,18.38,0.3191,4,-1,-1
54,8,924.11,409.93,21.93,52.00,0.4756,1,-1,-1
54,15,836.99,403.06,19.21,37.27,0.4054,2,-1,-1
54,19,496.27,420.31,24.78,57.37,0.6893,1,-1,-1
54,22,1485.74,350.44,36.52,22.21,0.5784,4,-1,-1
54,24,1869.48,432.92,21.74,46.83,0.5974,2,-1,-1
55,0,1306.61,635.58,58.52,145.70,0.8397,1,-1,-1
55,1,933.78,541.69,42.90,98.45,0.7905,1,-1,-1
55,2,935.08,438.50,27.82,57.34,0.6002,1,-1,-1
55,5,749.70,407.15,18.61,38.94,0.5312,1,-1,-1
55,7,1529.17,353.76,29.61,18.60,0.2854,4,-1,-1
55,8,922.73,409.72,22.15,52.51,0.4678,1,-1,-1
55,15,835.38,403.24,19.39,37.40,0.4206,2,-1,-1
55,19,494.94,420.39,24.80,56.96,0.6689,1,-1,-1
55,22,1485.56,349.75,37.22,22.61,0.4668,4,-1,-1
55,24,1867.64,432.30,22.34,48.12,0.4263,2,-1,-1
56,0,1306.07,634.99,58.79,146.32,0.8129,1,-1,-1
56,1,932.05,542.00,42.85,98.49,0.7786,1,-1,-1
56,2,934.80,438.74,27.47,56.87,0.5535,1,-1,-1
56,5,750.25,406.90,18.23,38.76,0.5312,1,-1,-1
56,7,1527.34,353.27,29.82,18.75,0.4961,4,-1,-1
56,8,921.06,409.40,22.25,52.95,0.4727,1,-1,-1
56,15,834.49,403.85,16.75,32.19,0.3549,2,-1,-1
56,19,493.54,421.00,24.76,56.57,0.6697,1,-1,-1
56,22,1484.22,349.12,38.29,23.24,0.4610,4,-1,-1
56,24,1866.61,432.73,21.44,46.12,0.4883,2,-1,-1
57,0,1304.95,634.47,58.94,146.62,0.8187,1,-1,-1
57,1,931.50,542.33,42.39,97.71,0.7578,1,-1,-1
57,2,934.82,438.97,27.49,56.63,0.6160,1,-1,-1
57,5,750.97,408.23,17.26,37.12,0.4893,1,-1,-1
57,7,1526.12,353.51,28.96,18.17,0.4659,4,-1,-1
57,8,919.41,409.34,21.57,51.63,0.5000,1,-1,-1
57,15,833.30,404.62,17.44,33.77,0.3657,2,-1,-1
57,19,492.58,421.68,24.73,56.22,0.7098,1,-1,-1
57,22,1485.16,346.60,42.01,25.48,0.3337,4,-1,-1
57,24,1865.15,433.51,21.49,46.21,0.4321,2,-1,-1
58,0,1303.72,634.84,58.69,145.82,0.8032,1,-1,-1
58,1,929.19,542.00,42.13,97.35,0.7813,1,-1,-1
58,2,933.77,438.96,27.50,57.11,0.5746,1,-1,-1
58,5,751.29,408.19,17.06,37.16,0.5000,1,-1,-1
58,7,1525.99,354.12,27.92,17.50,0.4036,4,-1,-1
58,8,917.40,408.32,22.15,53.18,0.5409,1,-1,-1
58,15,833.12,405.69,17.73,34.45,0.3124,2,-1,-1
58,19,491.09,421.29,25.20,57.17,0.7114,1,-1,-1
58,22,1484.83,349.24,37.71,22.84,0.2798,4,-1,-1
58,24,1863.73,435.01,21.25,45.63,0.3603,2,-1,-1
59,0,1301.92,635.67,58.04,144.76,0.7879,1,-1,-1
59,1,927.62,541.21,41.95,97.61,0.7800,1,-1,-1
59,2,933.99,439.12,27.56,57.11,0.5660,1,-1,-1
59,5,751.88,409.92,16.13,35.20,0.4446,1,-1,-1
59,7,1524.82,354.23,28.00,17.56,0.2401,4,-1,-1
59,8,916.40,407.42,21.92,52.66,0.4130,1,-1,-1
59,15,833.43,405.96,17.68,34.18,0.2247,2,-1,-1
59,19,489.46,421.35,25.27,57.24,0.6715,1,-1,-1
59,22,1481.16,348.32,39.05,23.76,0.1956,4,-1,-1
59,24,1861.40,433.76,21.33,45.53,0.1629,2,-1,-1
60,0,1300.72,635.86,57.90,144.77,0.7944,1,-1,-1
60,1,925.79,539.55,41.29,96.69,0.7873,1,-1,-1
60,2,931.64,438.23,27.75,57.57,0.6105,1,-1,-1
60,5,752.10,410.82,15.75,34.51,0.4951,1,-1,-1
60,7,1521.50,354.05,28.85,18.02,0.3294,4,-1,-1
60,8,914.88,406.59,22.73,54.74,0.6030,1,-1,-1
60,15,831.43,406.76,18.58,34.59,0.1002,2,-1,-1
60,19,488.03,421.45,25.15,57.04,0.6234,1,-1,-1
60,22,1477.24,349.64,37.74,22.89,0.2958,4,-1,-1
60,24,1858.98,432.64,21.95,46.58,0.2344,2,-1,-1
61,0,1299.65,635.69,57.95,144.80,0.7931,1,-1,-1
61,1,923.84,538.88,40.43,95.38,0.7925,1,-1,-1
61,2,930.53,437.56,27.94,58.15,0.6030,1,-1,-1
61,5,752.60,410.88,15.51,33.93,0.4017,1,-1,-1
61,7,1520.64,353.92,29.14,18.29,0.2814,4,-1,-1
61,8,913.45,406.40,22.96,54.95,0.6415,1,-1,-1
61,15,829.04,407.41,19.31,34.92,0.1883,2,-1,-1
61,19,486.33,421.93,25.33,57.39,0.5794,1,-1,-1
61,22,1476.33,349.79,37.35,22.63,0.2838,4,-1,-1
61,24,1857.87,433.41,22.36,47.24,0.2173,1,-1,-1
62,0,1297.95,635.26,58.03,145.07,0.8300,1,-1,-1
62,1,921.65,538.60,39.73,93.91,0.7621,1,-1,-1
62,2,929.06,437.98,27.74,57.73,0.6049,1,-1,-1
62,5,752.81,410.13,15.43,33.83,0.3666,1,-1,-1
62,7,1519.81,352.88,29.43,18.66,0.2682,4,-1,-1
62,8,912.13,406.14,23.38,55.69,0.6307,1,-1,-1
62,15,827.25,408.36,19.45,34.10,0.1744,2,-1,-1
62,19,484.48,421.24,25.87,58.68,0.6280,1,-1,-1
62,22,1475.18,349.66,37.48,22.74,0.3303,4,-1,-1
63,0,1296.10,634.78,57.87,144.99,0.8408,1,-1,-1
63,1,918.96,537.51,39.77,94.21,0.7535,1,-1,-1
63,2,927.62,437.83,27.55,57.12,0.5088,1,-1,-1
63,5,753.57,412.36,14.54,31.61,0.3381,1,-1,-1
63,7,1517.14,352.03,30.63,19.64,0.2444,4,-1,-1
63,8,911.43,405.86,23.16,54.89,0.5804,1,-1,-1
63,15,827.95,408.77,19.57,33.79,0.2918,2,-1,-1
63,19,483.24,421.82,25.37,57.83,0.6316,1,-1,-1
63,22,1474.60,346.54,42.41,25.64,0.4571,4,-1,-1
64,0,1295.02,634.67,57.84,144.92,0.8539,1,-1,-1
64,1,916.41,536.13,40.23,95.08,0.6926,1,-1,-1
64,2,925.78,438.05,27.30,56.46,0.5898,1,-1,-1
64,5,753.88,413.14,14.11,30.30,0.2958,2,-1,-1
64,7,1514.35,351.22,31.36,20.24,0.3140,4,-1,-1
64,8,909.84,405.34,23.11,54.89,0.6307,1,-1,-1
64,15,827.84,408.25,20.40,34.19,0.1772,2,-1,-1
64,19,482.07,422.87,24.66,56.49,0.6406,1,-1,-1
64,22,1473.04,346.86,41.80,25.30,0.4235,4,-1,-1
65,0,1293.86,633.58,58.15,145.68,0.8500,1,-1,-1
65,1,912.71,536.18,40.08,94.80,0.7066,1,-1,-1
65,2,924.26,437.58,27.47,56.57,0.6270,1,-1,-1
65,5,753.70,413.05,14.38,30.42,0.3082,2,-1,-1
65,7,1514.01,352.46,29.13,18.78,0.3040,4,-1,-1
65,8,908.24,405.31,22.93,55.03,0.6361,1,-1,-1
65,15,824.83,411.25,20.72,31.61,0.3372,3,-1,-1
65,19,480.85,423.35,24.29,55.92,0.6478,1,-1,-1
65,22,1471.82,347.76,39.57,24.12,0.2351,4,-1,-1
66,0,1293.12,633.05,58.17,145.70,0.8480,1,-1,-1
66,1,910.40,536.74,39.43,93.29,0.7001,1,-1,-1
66,2,922.45,437.09,27.66,57.15,0.6252,1,-1,-1
66,5,754.30,413.85,14.34,29.57,0.3766,2,-1,-1
66,7,1512.85,351.32,30.16,19.70,0.2147,4,-1,-1
66,8,906.89,405.27,22.43,54.48,0.5689,1,-1,-1
66,15,824.41,408.07,21.98,33.19,0.1188,2,-1,-1
66,19,479.77,423.59,23.87,55.05,0.6433,1,-1,-1
66,22,1469.03,347.26,40.82,24.90,0.2689,4,-1,-1
67,0,1292.08,632.62,58.01,145.29,0.8267,1,-1,-1
67,1,907.37,535.84,40.56,94.80,0.7154,1,-1,-1
67,2,922.28,436.28,28.23,57.68,0.5078,1,-1,-1
67,5,754.45,414.49,14.23,28.86,0.3337,2,-1,-1
67,7,1508.94,350.53,32.44,21.31,0.2401,4,-1,-1
67,8,905.60,405.60,22.29,54.86,0.5689,1,-1,-1
67,15,824.70,406.90,22.32,34.04,0.1795,2,-1,-1
67,19,478.42,423.48,23.89,55.21,0.6334,1,-1,-1
67,22,1466.23,347.51,41.08,24.83,0.2806,4,-1,-1
68,0,1290.99,633.39,57.70,144.38,0.8176,1,-1,-1
68,1,904.05,534.25,41.92,96.33,0.7202,1,-1,-1
68,2,920.06,432.89,29.93,60.12,0.5283,1,-1,-1
68,5,754.86,414.49,14.24,28.20,0.3132,2,-1,-1
68,7,1506.22,350.13,32.99,21.81,0.2365,4,-1,-1
68,8,904.37,405.67,22.02,54.74,0.5823,1,-1,-1
68,15,824.47,405.95,22.66,34.72,0.2160,2,-1,-1
68,19,476.10,423.58,23.84,54.80,0.5603,1,-1,-1
68,22,1464.24,348.43,40.13,24.07,0.3115,4,-1,-1
69,0,1289.90,633.82,57.54,143.97,0.8176,1,-1,-1
69,1,900.16,532.90,43.26,97.57,0.7356,1,-1,-1
69,2,918.40,433.14,29.82,59.96,0.5670,1,-1,-1
69,5,755.07,413.92,14.60,28.25,0.2502,2,-1,-1
69,7,1505.39,350.07,32.74,21.75,0.2975,4,-1,-1
69,8,903.51,406.93,21.39,53.47,0.5332,1,-1,-1
69,15,824.36,405.29,23.51,35.71,0.1515,2,-1,-1
69,19,473.85,423.01,24.29,55.65,0.7009,1,-1,-1
69,22,1462.65,349.33,38.21,22.94,0.3989,4,-1,-1
70,0,1288.59,633.67,57.74,144.24,0.8117,1,-1,-1
70,1,895.47,529.85,45.73,100.61,0.7202,1,-1,-1
70,2,916.18,433.88,29.05,58.88,0.4600,1,-1,-1
70,5,756.51,413.71,14.54,27.14,0.1727,2,-1,-1
70,7,1502.51,348.69,34.14,22.86,0.2576,4,-1,-1
70,8,902.49,406.38,21.43,53.79,0.5254,1,-1,-1
70,15,821.26,404.36,24.82,37.59,0.1613,2,-1,-1
70,19,472.20,422.84,24.59,56.21,0.6654,1,-1,-1
70,22,1461.17,348.99,38.88,23.32,0.4244,4,-1,-1
71,0,1286.85,632.88,58.16,145.15,0.8322,1,-1,-1
71,1,892.48,528.41,47.37,101.83,0.7042,1,-1,-1
71,2,914.30,434.51,29.39,59.79,0.4054,1,-1,-1
71,5,757.23,413.62,14.14,25.59,0.1446,2,-1,-1
71,7,1500.02,348.16,34.75,23.33,0.3766,4,-1,-1
71,8,901.65,405.80,21.43,53.68,0.5322,1,-1,-1
71,15,819.40,404.35,24.58,37.78,0.2651,2,-1,-1
71,19,470.89,423.36,24.11,55.42,0.6433,1,-1,-1
71,22,1460.53,347.49,41.02,24.59,0.5708,4,-1,-1
72,0,1284.99,633.20,57.90,144.74,0.8459,1,-1,-1
72,1,888.82,525.93,49.61,104.48,0.7186,1,-1,-1
72,2,911.67,433.95,28.85,59.40,0.5059,1,-1,-1
72,5,757.06,412.83,14.49,25.55,0.1164,2,-1,-1
72,7,1495.56,346.77,37.17,25.07,0.1739,4,-1,-1
72,8,901.28,407.17,20.79,51.97,0.4941,1,-1,-1
72,15,818.74,404.67,24.04,37.46,0.3504,2,-1,-1
72,19,469.29,423.38,23.95,55.54,0.6197,1,-1,-1
72,22,1460.96,346.68,42.36,25.23,0.4698,4,-1,-1
73,0,1283.76,633.89,57.66,144.20,0.8408,1,-1,-1
73,1,885.49,523.07,51.49,106.81,0.7491,1,-1,-1
73,2,910.15,434.08,28.26,58.98,0.5983,1,-1,-1
73,5,756.47,412.48,15.07,25.95,0.1515,2,-1,-1
73,7,1491.67,345.71,38.93,26.21,0.1476,4,-1,-1
73,8,900.30,407.46,20.35,51.04,0.5098,1,-1,-1
73,15,820.06,405.37,23.33,36.74,0.3576,2,-1,-1
73,19,468.05,425.05,23.38,54.57,0.5670,1,-1,-1
73,22,1459.61,346.89,41.46,24.89,0.2330,4,-1,-1
74,0,1282.31,633.78,57.71,144.38,0.8233,1,-1,-1
74,1,883.93,525.84,50.86,103.87,0.7718,1,-1,-1
74,2,909.84,433.38,27.93,58.47,0.6610,1,-1,-1
74,5,756.70,411.49,16.38,27.01,0.1285,3,-1,-1
74,7,1492.70,345.97,37.91,25.59,0.2207,4,-1,-1
74,8,898.46,406.20,20.51,51.87,0.5823,1,-1,-1
74,15,815.58,404.40,24.34,37.42,0.1132,3,-1,-1
74,19,466.95,426.05,22.82,53.42,0.4912,1,-1,-1
74,22,1456.42,345.32,45.02,26.85,0.1334,4,-1,-1
75,0,1281.14,632.63,58.30,145.69,0.8069,1,-1,-1
75,1,882.47,528.60,49.89,100.19,0.7520,1,-1,-1
75,2,909.03,432.31,27.95,58.73,0.6030,1,-1,-1
75,5,755.58,412.24,15.98,25.90,0.1366,3,-1,-1
75,7,1489.93,345.53,38.64,26.04,0.1456,4,-1,-1
75,8,895.85,406.26,20.35,51.96,0.6160,1,-1,-1
75,15,813.77,403.45,23.92,36.99,0.1276,2,-1,-1
75,19,466.42,426.02,22.52,53.26,0.3140,1,-1,-1
75,22,1455.99,345.31,46.06,27.02,0.2451,4,-1,-1
76,0,1279.24,632.44,58.13,145.32,0.8117,1,-1,-1
76,1,876.30,523.24,52.99,105.01,0.7417,1,-1,-1
76,2,908.56,431.17,28.39,59.53,0.5842,1,-1,-1
76,5,756.99,411.29,17.81,27.28,0.2689,3,-1,-1
76,7,1484.37,345.07,40.12,26.55,0.1490,4,-1,-1
76,8,894.17,406.26,20.48,52.61,0.6558,1,-1,-1
76,15,812.82,402.98,24.52,38.35,0.2480,2,-1,-1
76,22,1453.23,345.86,44.96,26.14,0.1209,4,-1,-1
77,0,1278.45,632.63,58.08,144.60,0.8007,1,-1,-1
77,1,872.14,520.42,54.16,106.64,0.7402,1,-1,-1
77,2,907.88,431.96,27.65,58.10,0.5917,1,-1,-1
77,7,1481.88,344.17,41.23,27.15,0.2220,4,-1,-1
77,8,893.22,406.00,20.71,53.44,0.6715,1,-1,-1
77,15,811.46,403.66,24.39,38.17,0.2114,2,-1,-1
77,22,1457.28,344.93,46.07,26.84,0.1136,4,-1,-1
78,0,1276.83,632.46,58.16,144.64,0.8032,1,-1,-1
78,1,868.64,518.69,54.38,107.34,0.7957,1,-1,-1
78,2,906.84,431.58,27.71,58.31,0.6397,1,-1,-1
78,7,1481.67,344.29,40.33,26.49,0.4235,4,-1,-1
78,8,892.03,405.08,21.25,54.96,0.6697,1,-1,-1
78,15,811.30,403.83,24.31,37.27,0.1389,2,-1,-1
78,22,1450.80,347.11,42.24,24.71,0.5804,4,-1,-1
78,19,459.28,423.13,23.78,56.62,0.4542,1,-1,-1
79,0,1275.28,632.15,58.16,144.84,0.8105,1,-1,-1
79,1,865.69,518.29,53.46,106.03,0.7549,1,-1,-1
79,2,906.07,432.11,27.64,58.10,0.5487,1,-1,-1
79,7,1481.31,344.88,39.16,25.70,0.3821,4,-1,-1
79,8,891.05,403.80,21.61,56.08,0.6505,1,-1,-1
79,15,809.53,403.95,24.86,38.08,0.3082,2,-1,-1
79,22,1447.91,348.43,39.86,23.32,0.5993,4,-1,-1
79,19,457.73,422.95,23.65,56.77,0.4026,1,-1,-1
80,0,1273.85,631.67,58.24,145.40,0.8245,1,-1,-1
80,1,861.01,516.80,53.70,108.07,0.7663,1,-1,-1
80,2,905.19,431.89,27.60,58.36,0.5273,1,-1,-1
80,7,1481.15,345.83,37.53,24.52,0.3016,4,-1,-1
80,8,890.07,403.27,21.65,56.42,0.6968,1,-1,-1
80,15,808.29,403.86,24.79,38.26,0.3460,2,-1,-1
80,22,1446.14,349.24,38.39,22.41,0.4426,4,-1,-1
80,19,456.59,423.36,23.35,56.64,0.1865,1,-1,-1
80,27,1251.88,387.79,16.33,41.59,0.4815,1,-1,-1
81,0,1272.23,631.68,58.27,145.44,0.8366,1,-1,-1
81,1,857.48,515.48,52.41,107.40,0.7520,1,-1,-1
81,2,904.24,430.97,28.31,59.91,0.4649,1,-1,-1
81,7,1481.34,347.01,36.36,23.79,0.1944,4,-1,-1
81,8,889.14,403.12,21.42,55.96,0.6469,1,-1,-1
81,15,807.18,403.90,24.65,38.29,0.3311,2,-1,-1
81,22,1443.42,348.78,38.87,22.85,0.2323,4,-1,-1
81,27,1250.62,388.01,16.40,41.81,0.4922,1,-1,-1
82,0,1271.01,631.56,58.28,145.41,0.8490,1,-1,-1
82,1,854.35,516.76,50.23,104.93,0.7326,1,-1,-1
82,2,902.88,432.44,27.43,58.12,0.5039,1,-1,-1
82,7,1478.90,346.11,38.34,25.21,0.2728,4,-1,-1
82,8,887.93,403.38,20.62,53.79,0.6505,1,-1,-1
82,15,806.98,404.32,24.04,37.24,0.2379,2,-1,-1
82,22,1441.12,346.83,42.46,24.91,0.3478,4,-1,-1
82,27,1248.76,388.54,16.35,41.68,0.4340,1,-1,-1
83,0,1269.07,630.79,58.24,145.96,0.8408,1,-1,-1
83,1,851.49,516.24,49.49,104.94,0.7592,1,-1,-1
83,2,901.59,432.98,27.29,57.42,0.6011,1,-1,-1
83,7,1475.79,345.88,39.13,25.75,0.2069,4,-1,-1
83,8,886.40,403.21,20.37,53.18,0.7318,1,-1,-1
83,15,802.05,408.13,24.19,34.24,0.2991,3,-1,-1
83,22,1440.83,347.18,42.44,24.66,0.2288,4,-1,-1
83,27,1246.85,387.68,17.08,43.65,0.5631,1,-1,-1
84,0,1267.73,630.74,57.94,145.79,0.8289,1,-1,-1
84,1,848.77,515.98,49.13,105.51,0.7840,1,-1,-1
84,2,900.87,433.03,27.34,57.29,0.5746,1,-1,-1
84,7,1467.95,344.71,42.16,27.10,0.1722,4,-1,-1
84,8,885.01,403.12,20.64,54.29,0.6984,1,-1,-1
84,15,801.22,404.66,25.11,35.62,0.1901,2,-1,-1
84,22,1438.83,348.12,41.47,23.95,0.2121,4,-1,-1
84,27,1245.77,387.43,17.05,43.60,0.4776,1,-1,-1
85,0,1266.74,630.74,57.53,145.20,0.8105,1,-1,-1
85,1,845.88,516.26,48.12,104.38,0.7840,1,-1,-1
85,2,899.72,431.98,27.37,56.98,0.6160,1,-1,-1
85,7,1464.57,343.67,44.08,28.05,0.1744,4,-1,-1
85,8,884.01,403.23,20.49,54.39,0.7130,1,-1,-1
85,15,800.29,404.53,25.51,36.66,0.1956,2,-1,-1
85,22,1436.75,349.44,39.34,22.62,0.5651,4,-1,-1
85,27,1244.54,387.37,16.76,42.86,0.4562,1,-1,-1
85,19,448.09,422.79,23.97,58.39,0.5370,1,-1,-1
86,0,1266.27,631.30,57.30,144.48,0.8152,1,-1,-1
86,1,843.99,516.71,47.22,103.24,0.7649,1,-1,-1
86,2,899.88,434.07,26.48,54.53,0.3124,1,-1,-1
86,7,1464.24,343.30,43.34,27.78,0.1667,4,-1,-1
86,8,883.37,403.47,19.85,53.04,0.6197,1,-1,-1
86,15,802.42,405.18,24.16,34.82,0.2082,2,-1,-1
86,22,1435.86,347.89,41.08,23.80,0.4932,4,-1,-1
86,27,1243.25,387.78,16.50,42.17,0.4844,1,-1,-1
86,19,446.53,422.92,23.43,57.68,0.5487,1,-1,-1
87,0,1264.43,630.65,57.43,145.21,0.8176,1,-1,-1
87,1,841.65,517.16,46.02,101.63,0.7677,1,-1,-1
87,2,897.97,433.13,26.88,55.79,0.2651,1,-1,-1
87,7,1467.06,345.07,39.81,25.47,0.2689,4,-1,-1
87,8,882.55,404.10,19.31,51.94,0.6379,1,-1,-1
87,15,800.51,405.13,24.85,35.63,0.1956,2,-1,-1
87,22,1436.25,346.13,44.12,25.51,0.4630,4,-1,-1
87,27,1241.69,387.67,16.50,42.10,0.5224,1,-1,-1
87,19,445.55,424.03,23.18,57.30,0.5784,1,-1,-1
88,0,1262.89,630.41,57.15,145.28,0.8267,1,-1,-1
88,1,837.84,519.57,43.42,97.19,0.7484,1,-1,-1
88,2,895.54,430.37,27.48,57.91,0.3675,1,-1,-1
88,7,1466.96,346.46,37.79,23.84,0.1520,4,-1,-1
88,8,881.22,403.95,19.38,52.68,0.6901,1,-1,-1
88,15,798.97,405.29,25.52,36.85,0.2598,2,-1,-1
88,22,1434.56,346.72,42.32,24.69,0.1334,4,-1,-1
88,27,1240.14,387.54,16.22,41.21,0.4961,1,-1,-1
88,19,444.94,426.28,22.18,55.00,0.5535,1,-1,-1
89,0,1261.51,630.89,56.78,144.90,0.8408,1,-1,-1
89,1,833.84,519.11,43.10,97.87,0.7535,1,-1,-1
89,2,894.43,428.45,28.53,60.79,0.4455,1,-1,-1
89,7,1459.87,344.64,41.69,25.83,0.1246,4,-1,-1
89,8,879.84,403.03,19.91,54.24,0.7017,1,-1,-1
89,15,796.65,405.37,25.74,37.45,0.2288,2,-1,-1
89,22,1431.27,347.87,40.72,23.76,0.1700,4,-1,-1
89,27,1238.69,387.76,16.11,40.88,0.4941,1,-1,-1
89,19,443.83,427.08,21.77,53.99,0.4244,1,-1,-1
90,0,1261.02,631.44,56.71,144.39,0.8344,1,-1,-1
90,1,830.15,519.07,42.66,98.46,0.7447,1,-1,-1
90,2,893.45,427.55,29.02,62.07,0.3684,1,-1,-1
90,7,1461.80,345.18,41.46,25.94,0.1694,4,-1,-1
90,8,878.80,402.53,20.03,54.68,0.6749,1,-1,-1
90,15,795.35,405.91,25.27,37.21,0.3132,2,-1,-1
90,22,1428.33,346.70,42.63,24.95,0.1551,4,-1,-1
90,27,1237.14,387.99,15.87,40.00,0.2713,1,-1,-1
90,19,442.56,426.30,21.93,54.72,0.1689,1,-1,-1
91,0,1259.30,632.09,56.41,144.06,0.8267,1,-1,-1
91,1,828.21,519.06,41.36,96.99,0.7642,1,-1,-1
91,2,893.06,430.25,27.92,59.16,0.1209,2,-1,-1
91,7,1453.94,344.22,44.39,26.96,0.1371,4,-1,-1
91,8,878.16,402.71,19.34,52.78,0.6307,1,-1,-1
91,15,795.13,406.58,24.56,36.32,0.2744,2,-1,-1
91,22,1427.86,348.01,40.57,23.73,0.1325,4,-1,-1
91,27,1235.29,387.37,16.89,42.61,0.2621,1,-1,-1
91,19,442.02,427.09,21.58,54.47,0.1172,1,-1,-1
92,0,1257.79,632.03,56.10,143.64,0.7918,1,-1,-1
92,1,825.54,518.06,41.50,98.12,0.7677,1,-1,-1
92,2,891.69,430.81,26.93,56.76,0.1767,2,-1,-1
92,7,1450.10,343.29,43.52,27.19,0.1005,4,-1,-1
92,8,877.19,403.25,19.38,52.36,0.6343,1,-1,-1
92,15,788.96,408.82,23.78,33.34,0.1999,3,-1,-1
92,22,1425.98,349.14,38.93,22.70,0.1640,4,-1,-1
92,27,1234.05,387.12,16.98,42.69,0.3666,1,-1,-1
92,19,439.74,425.59,21.53,54.90,0.2942,1,-1,-1
93,0,1256.36,631.44,56.33,143.83,0.7905,1,-1,-1
93,1,822.94,516.99,41.50,98.84,0.7476,1,-1,-1
93,2,890.48,433.04,26.98,56.36,0.2553,1,-1,-1
93,7,1453.90,343.39,43.03,26.98,0.2926,4,-1,-1
93,8,875.63,403.23,19.41,52.17,0.6918,1,-1,-1
93,15,786.74,407.33,25.30,35.21,0.1052,2,-1,-1
93,22,1424.60,348.99,38.95,22.87,0.4359,4,-1,-1
93,27,1232.33,386.98,16.94,42.43,0.2323,1,-1,-1
94,0,1254.60,631.72,55.78,142.85,0.7773,1,-1,-1
94,1,820.90,516.78,41.18,98.45,0.7564,1,-1,-1
94,2,889.19,431.20,28.44,58.37,0.3311,1,-1,-1
94,7,1450.07,343.88,41.88,25.82,0.1871,4,-1,-1
94,8,874.02,403.95,19.12,51.30,0.6783,1,-1,-1
94,15,785.65,407.28,25.65,35.16,0.1264,2,-1,-1
94,22,1424.61,347.80,40.00,23.75,0.3979,4,-1,-1
94,27,1230.55,386.95,16.88,42.07,0.2651,1,-1,-1
95,0,1253.13,630.95,55.73,143.27,0.7879,1,-1,-1
95,1,818.48,516.80,40.47,97.60,0.7592,1,-1,-1
95,2,890.26,434.96,28.44,56.43,0.1334,2,-1,-1
95,7,1451.54,344.34,40.82,25.01,0.2043,4,-1,-1
95,8,873.00,404.12,18.90,50.68,0.6817,1,-1,-1
95,15,786.27,408.37,24.42,33.61,0.1380,3,-1,-1
95,22,1424.57,348.21,39.16,23.32,0.4746,4,-1,-1
95,27,1228.38,386.89,17.48,43.36,0.3355,1,-1,-1
96,0,1251.71,629.86,55.82,144.14,0.7982,1,-1,-1
96,1,816.52,516.20,40.40,97.43,0.7621,1,-1,-1
96,2,891.95,439.51,27.91,53.89,0.1352,2,-1,-1
96,7,1453.29,344.34,40.22,24.77,0.1294,4,-1,-1
96,8,871.91,404.12,19.00,50.85,0.6645,1,-1,-1
96,15,785.07,408.84,24.63,33.21,0.1307,3,-1,-1
96,22,1423.73,348.63,37.95,22.77,0.2429,4,-1,-1
96,27,1226.66,386.97,17.88,44.26,0.3812,1,-1,-1
97,0,1250.19,629.20,55.90,144.98,0.8256,1,-1,-1
97,1,814.09,515.68,40.75,97.68,0.7663,1,-1,-1
97,2,887.74,432.31,32.22,61.44,0.2254,2,-1,-1
97,7,1451.60,344.39,41.26,25.61,0.1490,4,-1,-1
97,8,870.63,404.31,19.66,52.47,0.6901,1,-1,-1
97,15,785.26,406.65,26.36,35.32,0.2422,2,-1,-1
97,22,1422.06,347.72,39.02,23.62,0.2401,4,-1,-1
98,0,1249.00,628.93,55.99,145.32,0.8141,1,-1,-1
98,1,811.76,515.77,40.87,96.97,0.7663,1,-1,-1
98,2,882.67,425.39,33.13,64.22,0.5361,1,-1,-1
98,7,1447.57,344.69,42.50,26.08,0.1510,4,-1,-1
98,8,868.92,403.40,20.44,54.44,0.7098,1,-1,-1
98,15,782.91,406.18,26.81,36.33,0.2682,2,-1,-1
98,22,1420.66,346.54,41.88,24.99,0.1176,4,-1,-1
98,19,427.48,425.26,22.23,56.36,0.4504,1,-1,-1
99,0,1246.94,628.53,55.89,145.84,0.8081,1,-1,-1
99,1,809.40,515.73,40.67,95.88,0.7773,1,-1,-1
99,2,879.38,421.99,33.13,65.73,0.4177,1,-1,-1
99,7,1447.28,344.82,42.01,25.67,0.1592,4,-1,-1
99,8,868.10,404.27,19.90,52.73,0.5554,1,-1,-1
99,15,781.83,406.10,26.42,36.39,0.2854,2,-1,-1
99,22,1416.76,347.83,40.03,23.84,0.3183,4,-1,-1
99,19,425.12,425.22,22.32,56.54,0.3794,1,-1,-1
100,0,1245.70,628.48,55.36,145.17,0.8141,1,-1,-1
100,1,806.76,516.18,39.99,93.92,0.7356,1,-1,-1
100,2,880.22,420.28,30.39,61.03,0.1312,1,-1,-1
100,7,1448.62,345.43,40.16,24.73,0.2606,4,-1,-1
100,8,867.21,404.11,20.03,52.80,0.6298,1,-1,-1
100,15,782.75,406.03,26.37,36.19,0.3032,2,-1,-1
100,22,1414.56,348.33,39.71,23.46,0.4436,4,-1,-1
100,19,423.35,423.73,22.43,57.15,0.4064,1,-1,-1
101,0,1244.93,628.32,55.29,145.32,0.8278,1,-1,-1
101,1,804.01,514.65,40.48,94.99,0.7621,1,-1,-1
101,2,877.05,421.59,30.59,61.65,0.1571,2,-1,-1
101,7,1448.90,346.56,38.48,23.97,0.3260,4,-1,-1
101,8,866.24,403.60,20.19,52.64,0.5496,1,-1,-1
101,15,783.90,405.94,26.46,35.50,0.1446,2,-1,-1
101,22,1413.29,347.94,39.76,23.62,0.5020,4,-1,-1
101,19,421.39,423.82,22.51,57.45,0.5842,1,-1,-1
102,0,1243.40,628.67,54.82,144.97,0.8141,1,-1,-1
102,1,800.79,510.46,41.84,98.45,0.7349,1,-1,-1
102,2,876.07,422.39,31.56,63.78,0.3711,1,-1,-1
102,7,1447.04,345.36,39.38,24.66,0.1140,4,-1,-1
102,8,864.88,403.35,20.49,52.88,0.6252,1,-1,-1
102,15,782.22,406.45,26.45,35.08,0.1466,2,-1,-1
102,22,1415.79,344.91,45.20,26.62,0.4893,4,-1,-1
102,19,419.97,424.52,22.22,57.08,0.5593,1,-1,-1
103,0,1242.17,629.52,54.27,144.24,0.8069,1,-1,-1
103,1,798.67,511.50,40.51,95.76,0.7684,1,-1,-1
103,2,873.67,422.59,31.65,64.97,0.3558,1,-1,-1
103,7,1444.09,345.14,39.60,24.91,0.1711,4,-1,-1
103,8,863.23,403.17,20.74,53.51,0.6715,1,-1,-1
103,15,780.58,406.59,25.53,34.06,0.1634,2,-1,-1
103,22,1413.91,346.56,42.32,24.86,0.4054,4,-1,-1
103,19,419.29,425.63,21.25,54.90,0.2187,1,-1,-1
103,27,1216.54,386.84,17.62,43.18,0.5746,1,-1,-1
104,0,1241.63,629.26,54.06,144.31,0.8056,1,-1,-1
104,1,796.84,511.96,39.56,94.06,0.7670,1,-1,-1
104,2,877.26,433.97,28.19,56.30,0.1200,1,-1,-1
104,7,1441.57,344.53,40.91,25.88,0.1418,4,-1,-1
104,8,861.92,404.06,20.10,51.83,0.6715,1,-1,-1
104,15,776.66,405.77,26.81,35.65,0.1987,2,-1,-1
104,22,1412.61,346.15,42.68,25.16,0.2234,4,-1,-1
104,27,1215.16,387.12,17.75,43.15,0.3603,1,-1,-1
105,0,1240.66,629.29,54.03,144.43,0.8007,1,-1,-1
105,1,794.99,512.65,39.22,94.10,0.7621,1,-1,-1
105,2,873.58,439.11,25.17,49.01,0.1510,3,-1,-1
105,7,1440.49,344.12,43.02,26.55,0.1140,4,-1,-1
105,8,861.38,404.52,19.69,50.99,0.6289,1,-1,-1
105,15,774.94,405.93,27.04,36.29,0.2744,2,-1,-1
105,22,1416.54,344.06,47.66,27.16,0.2408,4,-1,-1
105,27,1213.72,387.28,17.60,42.62,0.1238,1,-1,-1
106,0,1239.54,628.81,54.05,144.04,0.8164,1,-1,-1
106,1,793.32,512.15,38.74,94.00,0.7592,1,-1,-1
106,2,873.30,437.44,28.62,54.16,0.1255,1,-1,-1
106,7,1441.25,344.70,41.27,25.80,0.1204,4,-1,-1
106,8,859.99,404.98,19.81,51.43,0.6361,1,-1,-1
106,15,770.65,406.62,26.71,36.35,0.2736,2,-1,-1
106,22,1417.05,342.94,51.36,28.52,0.1801,4,-1,-1
106,27,1212.57,387.38,17.12,41.38,0.1294,1,-1,-1
107,0,1237.77,629.06,54.07,143.73,0.8233,1,-1,-1
107,1,791.69,511.79,38.47,94.04,0.7535,1,-1,-1
107,2,871.71,429.94,33.22,62.80,0.2316,1,-1,-1
107,7,1436.74,345.22,40.88,25.45,0.1471,4,-1,-1
107,8,858.74,405.12,19.78,51.51,0.6086,1,-1,-1
107,15,769.12,406.52,26.63,36.65,0.2220,2,-1,-1
107,22,1415.72,342.54,49.90,28.07,0.1348,4,-1,-1
107,27,1211.21,387.13,17.52,42.40,0.2666,1,-1,-1
107,30,1896.64,491.50,22.30,82.25,0.6160,1,-1,-1
108,0,1235.94,629.10,54.28,143.86,0.8245,1,-1,-1
108,1,790.39,511.04,38.30,93.86,0.7542,1,-1,-1
108,2,868.85,424.55,31.99,61.87,0.1987,1,-1,-1
108,7,1437.28,345.84,38.77,24.21,0.1907,4,-1,-1
108,8,857.22,405.07,19.73,51.28,0.5535,1,-1,-1
108,15,767.16,407.79,25.64,34.89,0.1624,3,-1,-1
108,22,1409.45,344.08,47.84,26.66,0.1348,4,-1,-1
108,30,1895.75,491.51,21.31,78.06,0.6610,1,-1,-1
108,31,1295.42,387.50,15.19,31.95,0.5049,1,-1,-1
109,0,1233.95,629.05,54.24,143.39,0.7879,1,-1,-1
109,1,788.36,510.48,37.83,93.53,0.7394,1,-1,-1
109,2,867.05,421.81,31.46,62.17,0.3032,1,-1,-1
109,7,1435.61,344.38,40.29,25.54,0.2830,4,-1,-1
109,8,855.48,404.11,19.67,51.23,0.5860,1,-1,-1
109,15,769.37,406.68,26.09,35.79,0.1919,2,-1,-1
109,22,1404.95,342.81,50.20,28.14,0.1645,4,-1,-1
109,30,1894.23,491.11,21.04,76.01,0.6834,1,-1,-1
109,31,1295.09,387.32,15.24,32.02,0.4834,1,-1,-1
110,0,1232.29,629.51,54.19,142.48,0.8032,1,-1,-1
110,1,786.18,510.27,36.93,92.37,0.7873,1,-1,-1
110,2,863.89,421.81,30.62,62.24,0.4494,1,-1,-1
110,7,1437.46,347.15,35.80,22.81,0.3914,4,-1,-1
110,8,854.20,403.98,19.65,51.11,0.6215,1,-1,-1
110,15,769.64,406.40,25.87,35.92,0.2140,2,-1,-1
110,22,1401.78,345.70,44.69,25.39,0.4581,4,-1,-1
110,30,1892.45,490.52,21.41,75.65,0.7082,1,-1,-1
110,31,1294.52,387.61,15.41,32.30,0.4727,1,-1,-1
111,0,1230.85,629.93,54.40,142.15,0.7853,1,-1,-1
111,1,784.52,509.71,36.45,92.28,0.7766,1,-1,-1
111,2,861.87,422.67,30.09,62.12,0.4971,1,-1,-1
111,7,1438.77,348.78,33.27,21.33,0.3711,4,-1,-1
111,8,852.23,403.31,20.16,52.63,0.6575,1,-1,-1
111,15,768.07,406.38,25.28,35.51,0.2386,2,-1,-1
111,22,1399.35,345.76,44.76,25.51,0.1830,4,-1,-1
111,30,1890.85,489.92,22.13,76.01,0.7394,1,-1,-1
111,31,1294.32,389.38,14.79,30.76,0.4446,1,-1,-1
111,27,1204.89,386.76,17.70,42.82,0.4639,1,-1,-1
112,0,1229.33,628.81,55.16,143.83,0.7994,1,-1,-1
112,1,783.42,509.67,35.71,91.51,0.7628,1,-1,-1
112,2,860.33,423.41,29.10,61.09,0.4426,1,-1,-1
112,7,1438.66,348.76,33.06,21.43,0.2598,4,-1,-1
112,8,850.42,403.79,19.64,51.51,0.6697,1,-1,-1
112,15,764.88,406.13,25.69,36.53,0.2720,2,-1,-1
112,22,1396.60,345.36,44.78,25.90,0.2088,4,-1,-1
112,30,1888.43,489.91,22.72,75.26,0.7698,1,-1,-1
112,31,1293.90,390.48,14.56,29.86,0.4388,1,-1,-1
112,27,1202.94,386.79,18.17,43.58,0.3346,1,-1,-1
113,0,1227.45,628.21,55.44,144.37,0.8081,1,-1,-1
113,1,782.06,508.89,35.54,92.26,0.7542,1,-1,-1
113,2,861.24,423.83,27.49,58.16,0.2302,1,-1,-1
113,7,1431.11,346.58,37.42,24.35,0.2651,4,-1,-1
113,8,848.96,403.95,19.47,51.37,0.6715,1,-1,-1
113,15,762.94,406.26,25.55,36.51,0.2458,2,-1,-1
113,22,1401.37,343.70,49.63,27.64,0.3268,4,-1,-1
113,30,1886.21,488.61,23.87,76.36,0.7886,1,-1,-1
113,31,1293.67,391.06,14.49,29.31,0.4854,1,-1,-1
114,0,1225.92,628.13,55.35,144.02,0.8093,1,-1,-1
114,1,780.53,508.52,35.44,92.69,0.7461,1,-1,-1
114,2,859.42,422.79,28.27,60.89,0.4225,1,-1,-1
114,7,1431.97,348.04,35.01,22.91,0.2288,4,-1,-1
114,8,847.73,404.37,19.33,51.12,0.6918,1,-1,-1
114,15,760.96,406.34,25.09,36.41,0.2591,2,-1,-1
114,22,1397.62,343.57,50.82,27.67,0.1582,4,-1,-1
114,30,1883.61,487.10,25.31,77.89,0.7287,1,-1,-1
114,31,1293.16,390.83,14.69,29.36,0.4130,1,-1,-1
114,19,398.17,424.39,22.03,57.07,0.6011,1,-1,-1
115,0,1223.75,627.99,55.56,144.51,0.8152,1,-1,-1
115,1,778.75,507.84,35.18,92.68,0.7454,1,-1,-1
115,2,857.56,422.23,28.84,63.03,0.5429,1,-1,-1
115,7,1430.02,346.77,35.10,23.11,0.2910,4,-1,-1
115,8,845.68,404.32,19.89,52.81,0.6749,1,-1,-1
115,15,759.40,405.91,25.06,36.81,0.2621,2,-1,-1
115,22,1392.88,343.38,51.38,27.88,0.1999,4,-1,-1
115,30,1881.28,487.20,26.19,77.34,0.7556,1,-1,-1
115,31,1292.83,391.21,14.65,28.79,0.2006,1,-1,-1
115,19,396.39,425.12,21.99,57.00,0.5593,1,-1,-1
116,0,1221.49,627.91,55.67,144.78,0.8289,1,-1,-1
116,1,776.29,507.66,34.82,92.76,0.7571,1,-1,-1
116,2,856.89,421.98,28.63,63.17,0.3895,1,-1,-1
116,7,1427.75,344.20,38.43,25.60,0.2878,4,-1,-1
116,8,843.35,402.95,20.55,54.76,0.6522,1,-1,-1
116,15,758.18,405.59,25.53,36.54,0.1667,2,-1,-1
116,22,1389.14,342.44,51.78,28.55,0.3657,4,-1,-1
116,30,1878.65,487.37,27.09,77.05,0.7409,1,-1,-1
116,31,1292.19,390.82,15.07,29.45,0.3657,1,-1,-1
116,19,394.38,426.01,21.82,56.57,0.4591,1,-1,-1
117,0,1219.62,628.66,54.94,143.31,0.8081,1,-1,-1
117,1,774.37,507.15,33.98,91.49,0.7860,1,-1,-1
117,2,855.97,423.83,27.44,61.23,0.3933,1,-1,-1
117,7,1427.63,346.20,34.94,23.43,0.2934,4,-1,-1
117,8,841.40,403.28,20.24,53.41,0.7033,1,-1,-1
117,15,757.84,405.90,25.48,36.19,0.1739,2,-1,-1
117,22,1386.57,342.73,52.02,28.55,0.1192,4,-1,-1
117,30,1873.56,486.24,28.61,78.16,0.7130,1,-1,-1
117,31,1291.81,390.76,14.93,28.90,0.3260,1,-1,-1
118,0,1216.90,628.48,55.02,143.15,0.8117,1,-1,-1
118,1,772.60,507.19,33.73,91.61,0.7498,1,-1,-1
118,2,854.33,423.35,27.62,62.35,0.1221,1,-1,-1
118,7,1430.57,345.60,37.62,24.21,0.2666,4,-1,-1
118,8,838.53,403.48,19.71,52.11,0.6951,1,-1,-1
118,15,752.99,406.02,25.60,36.36,0.2012,2,-1,-1
118,22,1388.25,342.41,51.34,27.67,0.1525,4,-1,-1
118,30,1867.93,485.74,29.68,77.96,0.7739,1,-1,-1
118,31,1291.38,390.47,15.07,28.73,0.3821,1,-1,-1
119,0,1214.12,629.41,54.66,142.19,0.8081,1,-1,-1
119,1,770.18,506.60,33.41,91.59,0.7387,1,-1,-1
119,2,852.87,430.58,27.96,60.74,0.1109,1,-1,-1
119,8,835.74,404.16,19.66,52.10,0.6918,1,-1,-1
119,15,747.89,406.28,25.50,36.18,0.3149,2,-1,-1
119,22,1381.09,344.43,49.04,26.36,0.2220,4,-1,-1
119,30,1862.85,485.68,30.38,76.77,0.8284,1,-1,-1
119,31,1289.61,390.09,15.52,29.41,0.4475,1,-1,-1
120,0,1210.53,629.38,54.94,142.30,0.7786,1,-1,-1
120,1,766.82,505.24,33.29,92.36,0.7349,1,-1,-1
120,2,847.13,425.59,29.82,64.03,0.1613,1,-1,-1
120,8,832.24,403.68,19.86,52.75,0.6732,1,-1,-1
120,22,1378.90,344.52,49.82,26.66,0.3407,4,-1,-1
120,30,1857.67,485.70,30.91,76.03,0.7556,1,-1,-1
120,31,1288.80,389.95,15.80,29.57,0.4263,1,-1,-1
121,0,1207.03,628.57,55.32,142.88,0.7957,1,-1,-1
121,1,763.86,505.13,32.41,90.39,0.7498,1,-1,-1
121,2,846.08,425.18,31.42,66.74,0.2288,1,-1,-1
121,8,829.27,403.12,19.69,51.92,0.5974,1,-1,-1
121,22,1379.59,343.54,52.43,27.43,0.1294,4,-1,-1
121,30,1851.25,486.41,31.54,74.56,0.7432,1,-1,-1
121,31,1287.61,389.87,16.31,29.98,0.3905,1,-1,-1
122,0,1203.42,627.70,55.81,144.03,0.8187,1,-1,-1
122,1,760.65,504.35,32.47,91.56,0.7098,1,-1,-1
122,2,842.91,427.17,29.92,61.87,0.1375,1,-1,-1
122,8,825.38,403.76,19.35,51.14,0.6160,1,-1,-1
122,22,1380.19,342.15,55.47,28.83,0.2444,4,-1,-1
122,30,1844.92,484.85,32.25,73.94,0.7469,1,-1,-1
122,31,1285.30,390.41,16.47,30.00,0.2674,1,-1,-1
123,0,1200.01,627.41,55.86,144.25,0.8439,1,-1,-1
123,1,757.75,503.36,32.37,92.30,0.7033,1,-1,-1
123,2,835.59,421.60,30.32,63.61,0.6270,1,-1,-1
123,8,821.87,404.29,19.58,51.72,0.6558,1,-1,-1
123,22,1379.22,343.82,51.29,26.31,0.1437,4,-1,-1
123,30,1839.43,483.06,33.10,74.37,0.7498,1,-1,-1
123,31,1282.33,392.78,15.52,27.85,0.1854,10,-1,-1
124,0,1197.32,627.21,55.76,143.77,0.8322,1,-1,-1
124,1,754.31,503.30,31.68,90.89,0.7454,1,-1,-1
124,2,832.90,421.67,29.25,61.94,0.5448,1,-1,-1
124,8,818.49,403.83,19.73,51.99,0.6522,1,-1,-1
124,22,1380.56,342.97,52.92,27.45,0.1451,4,-1,-1
124,30,1834.03,482.65,33.90,74.37,0.7233,1,-1,-1
124,31,1279.33,391.13,16.22,29.34,0.2088,10,-1,-1
124,15,733.37,407.19,29.19,36.04,0.4504,10,-1,-1
125,0,1192.76,627.20,55.61,143.74,0.8164,1,-1,-1
125,1,751.14,502.20,31.76,91.47,0.7334,1,-1,-1
125,2,829.18,422.20,30.25,64.04,0.3630,1,-1,-1
125,8,814.94,403.29,19.96,52.46,0.6783,1,-1,-1
125,22,1377.40,342.23,53.48,28.16,0.1446,4,-1,-1
125,30,1828.74,482.03,34.68,74.91,0.7042,1,-1,-1
125,31,1276.98,390.91,15.92,28.76,0.3739,1,-1,-1
125,15,727.62,407.36,32.25,35.82,0.2910,10,-1,-1
126,0,1189.46,627.64,55.37,143.33,0.8117,1,-1,-1
126,1,748.07,501.12,32.27,93.59,0.6885,1,-1,-1
126,2,825.32,421.29,28.26,60.60,0.2591,1,-1,-1
126,8,811.95,404.64,19.23,50.68,0.5804,1,-1,-1
126,30,1823.48,480.60,35.81,76.57,0.7439,1,-1,-1
126,31,1274.62,390.73,15.76,28.56,0.4158,1,-1,-1
126,15,718.30,407.49,33.35,35.82,0.2666,10,-1,-1
127,0,1186.29,627.47,55.62,143.61,0.7969,1,-1,-1
127,1,745.57,502.55,31.36,91.24,0.7264,1,-1,-1
127,2,821.71,420.14,28.34,61.41,0.6234,1,-1,-1
127,8,808.65,404.86,19.80,52.12,0.6766,1,-1,-1
127,30,1818.84,480.45,35.97,76.36,0.7484,1,-1,-1
127,31,1272.16,390.59,15.68,28.38,0.3099,1,-1,-1
127,15,712.35,405.53,34.12,37.33,0.2975,2,-1,-1
128,0,1183.11,627.35,55.60,143.25,0.7905,1,-1,-1
128,1,742.03,502.73,30.77,89.92,0.7542,1,-1,-1
128,2,819.44,421.18,27.70,61.01,0.2261,1,-1,-1
128,8,805.84,404.11,19.85,51.80,0.6030,1,-1,-1
128,30,1813.96,479.03,36.80,77.78,0.7912,1,-1,-1
128,31,1269.16,390.19,16.39,29.51,0.4311,1,-1,-1
128,15,710.56,405.70,32.76,36.21,0.3390,2,-1,-1
128,37,348.68,431.01,22.49,55.82,0.4591,1,-1,-1
129,0,1179.02,626.96,55.77,144.10,0.8152,1,-1,-1
129,1,739.41,502.68,30.42,89.02,0.7295,1,-1,-1
129,2,816.99,424.08,26.33,57.98,0.1168,1,-1,-1
129,8,801.70,404.83,19.37,50.68,0.6234,1,-1,-1
129,30,1809.24,478.87,36.90,77.59,0.7725,1,-1,-1
129,31,1266.35,390.46,16.81,29.79,0.4036,1,-1,-1
129,15,707.00,407.49,31.62,34.81,0.1366,2,-1,-1
130,0,1175.96,626.48,55.83,144.49,0.8387,1,-1,-1
130,1,736.68,502.58,30.99,89.95,0.6993,1,-1,-1
130,2,814.02,421.43,25.07,55.37,0.1437,1,-1,-1
130,8,799.08,405.20,19.19,50.16,0.4630,1,-1,-1
130,30,1804.16,478.95,37.17,78.05,0.7725,1,-1,-1
130,31,1264.72,390.54,16.85,29.45,0.2636,1,-1,-1
130,15,705.30,405.98,32.54,36.47,0.2659,2,-1,-1
131,0,1173.69,626.61,55.84,143.89,0.8418,1,-1,-1
131,1,733.37,502.43,30.83,89.41,0.7138,1,-1,-1
131,2,812.31,420.64,23.95,52.78,0.2247,1,-1,-1
131,8,795.86,405.05,19.73,51.41,0.6732,1,-1,-1
131,30,1799.51,478.69,37.09,77.63,0.7334,1,-1,-1
131,31,1263.95,391.77,16.91,29.32,0.1592,1,-1,-1
131,15,699.85,405.49,32.49,37.20,0.2674,2,-1,-1
132,0,1169.49,626.76,55.43,143.44,0.8152,1,-1,-1
132,1,730.29,501.89,30.97,89.77,0.7527,1,-1,-1
132,8,792.43,404.12,19.90,51.31,0.5409,1,-1,-1
132,30,1794.74,478.97,36.74,76.49,0.6951,1,-1,-1
132,31,1263.30,393.89,15.96,27.53,0.2108,1,-1,-1
132,15,694.99,408.90,32.38,34.93,0.2330,10,-1,-1
133,0,1166.42,626.73,55.44,143.52,0.8093,1,-1,-1
133,1,728.32,501.85,31.27,89.75,0.7520,1,-1,-1
133,8,789.07,405.10,19.37,50.24,0.5224,1,-1,-1
133,30,1789.95,478.40,36.83,76.51,0.7409,1,-1,-1
133,31,1261.67,394.10,15.68,27.13,0.3311,1,-1,-1
133,15,691.19,411.33,31.10,33.13,0.3576,10,-1,-1
134,0,1162.62,626.63,55.54,143.30,0.8152,1,-1,-1
134,1,725.97,502.07,31.34,89.43,0.7217,1,-1,-1
134,8,785.77,405.06,19.51,50.58,0.6179,1,-1,-1
134,30,1784.84,478.28,36.78,76.02,0.7249,1,-1,-1
134,31,1259.46,393.83,15.87,27.43,0.2127,1,-1,-1
134,15,686.31,408.06,34.58,36.62,0.4707,10,-1,-1
135,0,1159.81,626.28,55.80,143.29,0.7944,1,-1,-1
135,1,722.87,501.91,31.10,88.77,0.7233,1,-1,-1
135,8,782.86,404.79,19.86,51.14,0.5448,1,-1,-1
135,30,1780.26,478.44,36.77,75.84,0.6740,1,-1,-1
135,31,1257.15,394.81,15.51,26.98,0.2950,1,-1,-1
135,15,685.31,406.62,34.18,36.81,0.2227,2,-1,-1
136,0,1155.81,626.47,55.50,142.88,0.8387,1,-1,-1
136,1,720.11,501.17,31.25,88.98,0.7417,1,-1,-1
136,8,779.47,405.65,19.70,50.46,0.4562,1,-1,-1
136,30,1776.37,477.99,35.84,73.70,0.6610,1,-1,-1
136,31,1255.60,395.99,14.51,25.37,0.2674,1,-1,-1
136,15,684.61,406.15,33.62,36.87,0.4102,2,-1,-1
137,0,1152.85,625.86,55.46,143.00,0.8480,1,-1,-1
137,1,718.02,500.91,31.45,88.63,0.7578,1,-1,-1
137,8,776.34,405.65,19.45,49.79,0.4007,1,-1,-1
137,30,1772.31,477.58,35.14,71.54,0.6901,1,-1,-1
137,31,1254.14,398.03,13.47,23.41,0.2295,1,-1,-1
137,15,681.85,406.38,32.77,36.16,0.1739,2,-1,-1
138,0,1150.55,626.29,54.93,141.44,0.8558,1,-1,-1
138,1,716.60,499.93,31.95,87.32,0.6379,1,-1,-1
138,8,773.17,406.12,19.43,49.49,0.4893,1,-1,-1
138,30,1767.42,476.41,36.11,73.22,0.7178,1,-1,-1
138,31,1251.97,396.49,14.20,24.96,0.4130,1,-1,-1
138,15,675.98,409.44,32.96,35.53,0.2101,3,-1,-1
139,0,1147.44,626.39,54.62,140.70,0.8344,1,-1,-1
139,1,712.63,498.00,32.67,88.37,0.6663,1,-1,-1
139,8,770.13,404.84,19.76,49.72,0.3337,2,-1,-1
139,30,1762.14,475.79,36.31,73.22,0.7303,1,-1,-1
139,31,1250.28,398.55,13.62,23.98,0.4668,1,-1,-1
139,15,671.26,410.27,33.54,35.11,0.2134,10,-1,-1
140,0,1144.01,626.53,54.44,140.45,0.8278,1,-1,-1
140,1,709.38,497.79,33.26,88.88,0.7287,1,-1,-1
140,8,766.33,405.72,19.38,48.94,0.5390,1,-1,-1
140,30,1756.83,475.87,36.08,72.06,0.7241,1,-1,-1
140,31,1247.62,396.27,15.00,26.70,0.4776,1,-1,-1
140,15,666.60,411.01,33.24,34.48,0.2140,10,-1,-1
141,0,1140.53,625.83,54.71,141.11,0.8387,1,-1,-1
141,1,708.72,497.67,34.30,88.60,0.7454,1,-1,-1
141,8,763.43,405.75,19.28,48.86,0.5107,1,-1,-1
141,30,1751.56,475.04,37.05,73.39,0.7379,1,-1,-1
141,31,1246.33,397.99,14.04,24.65,0.2659,1,-1,-1
141,15,661.05,410.92,34.15,34.82,0.2553,3,-1,-1
142,0,1137.28,625.98,55.03,141.21,0.8152,1,-1,-1
142,1,705.69,495.81,36.01,90.19,0.4523,1,-1,-1
142,8,760.16,405.99,19.40,48.83,0.4805,1,-1,-1
142,30,1746.65,474.12,37.41,73.36,0.7571,1,-1,-1
142,31,1243.83,396.35,14.71,26.04,0.5049,1,-1,-1
142,15,661.90,411.63,33.27,33.80,0.2134,10,-1,-1
142,39,700.46,495.86,66.55,90.42,0.5176,1,-1,-1
143,0,1133.22,625.32,55.17,141.81,0.8278,1,-1,-1
143,1,700.36,497.07,35.67,89.38,0.6531,1,-1,-1
143,8,756.19,405.72,19.69,49.09,0.4912,1,-1,-1
143,30,1741.18,473.62,37.70,73.16,0.7469,1,-1,-1
143,31,1242.79,398.23,13.60,23.95,0.4225,1,-1,-1
143,15,660.41,412.20,33.85,33.66,0.2351,10,-1,-1
143,39,694.79,496.88,65.92,89.81,0.1744,1,-1,-1
144,0,1129.46,623.29,55.85,144.18,0.8449,1,-1,-1
144,1,696.35,497.89,34.86,87.78,0.7356,1,-1,-1
144,8,752.58,405.53,19.62,49.07,0.3970,1,-1,-1
144,30,1736.43,473.49,37.74,72.59,0.8001,1,-1,-1
144,31,1240.60,396.88,14.15,24.89,0.4388,1,-1,-1
144,15,654.17,411.77,33.93,33.79,0.3065,10,-1,-1
145,0,1126.90,624.25,55.38,142.86,0.8625,1,-1,-1
145,1,692.86,497.97,34.39,86.56,0.7394,1,-1,-1
145,8,749.10,406.05,19.34,48.19,0.5804,1,-1,-1
145,30,1731.63,473.48,37.87,72.23,0.7513,1,-1,-1
145,31,1239.55,397.94,13.49,23.66,0.3942,1,-1,-1
145,15,648.92,412.21,34.45,33.99,0.2958,3,-1,-1
146,0,1124.39,625.34,54.74,141.24,0.8311,1,-1,-1
146,1,689.81,495.79,35.03,88.17,0.6397,1,-1,-1
146,8,745.44,405.85,19.73,48.61,0.5351,1,-1,-1
146,30,1726.81,472.41,38.45,72.81,0.7432,1,-1,-1
146,31,1237.71,397.56,13.41,23.50,0.4990,1,-1,-1
146,15,644.19,411.83,34.83,34.15,0.1603,10,-1,-1
147,0,1120.41,625.27,54.45,141.24,0.8245,1,-1,-1
147,1,687.05,496.13,33.83,84.99,0.7001,1,-1,-1
147,8,741.63,406.01,19.62,48.49,0.4990,1,-1,-1
147,30,1722.43,471.59,38.49,72.68,0.7542,1,-1,-1
147,31,1235.49,395.97,14.40,25.41,0.4282,1,-1,-1
147,15,643.01,412.46,34.46,33.49,0.3124,3,-1,-1
148,0,1117.46,625.30,54.23,140.84,0.8222,1,-1,-1
148,1,683.88,496.06,34.62,86.43,0.7017,1,-1,-1
148,8,738.03,405.91,19.52,48.11,0.5898,1,-1,-1
148,30,1717.26,472.38,38.52,72.17,0.7628,1,-1,-1
148,31,1233.36,394.41,15.45,27.48,0.3711,1,-1,-1
148,15,637.53,411.62,35.45,34.37,0.2767,10,-1,-1
149,0,1114.13,625.20,54.56,141.39,0.8117,1,-1,-1
149,1,681.22,496.72,34.28,85.54,0.7684,1,-1,-1
149,8,733.80,405.48,20.08,49.21,0.4455,1,-1,-1
149,30,1712.29,472.10,38.89,72.44,0.7912,1,-1,-1
149,31,1232.20,392.84,16.07,29.03,0.3675,1,-1,-1
149,15,634.44,413.70,34.75,33.00,0.1059,3,-1,-1
150,0,1110.92,624.82,54.60,141.37,0.8093,1,-1,-1
150,1,678.46,496.22,34.36,85.91,0.7210,1,-1,-1
150,8,729.54,405.96,20.14,49.57,0.5263,1,-1,-1
150,30,1708.14,472.19,38.78,72.23,0.7780,1,-1,-1
150,31,1229.05,393.13,16.54,29.23,0.1530,1,-1,-1
150,15,632.97,414.66,34.13,31.80,0.2408,3,-1,-1
151,0,1107.38,624.55,54.48,141.41,0.8355,1,-1,-1
151,1,676.56,496.32,34.28,85.94,0.7592,1,-1,-1
151,8,725.56,405.99,20.28,50.06,0.4007,1,-1,-1
151,30,1703.23,471.79,38.55,71.74,0.7379,1,-1,-1
151,31,1227.67,392.95,16.35,28.63,0.2127,1,-1,-1
151,15,626.84,412.49,37.23,34.10,0.3024,3,-1,-1
152,0,1104.70,624.02,54.54,141.31,0.8529,1,-1,-1
152,1,673.45,495.19,34.81,87.32,0.7178,1,-1,-1
152,8,720.74,405.69,20.96,51.48,0.6270,1,-1,-1
152,30,1698.47,470.60,38.81,71.86,0.7976,1,-1,-1
152,31,1226.83,394.00,15.78,27.71,0.1209,1,-1,-1
152,15,623.27,411.27,38.11,35.17,0.3442,3,-1,-1
153,0,1102.86,624.67,54.55,140.54,0.8558,1,-1,-1
153,1,671.48,494.73,34.91,87.46,0.7318,1,-1,-1
153,8,716.73,406.06,21.10,51.88,0.6325,1,-1,-1
153,30,1694.10,469.76,39.03,71.95,0.7963,1,-1,-1
153,31,1224.04,393.98,15.72,27.37,0.2220,1,-1,-1
153,15,620.33,411.64,39.11,35.19,0.4349,3,-1,-1
154,0,1099.25,624.98,54.41,140.25,0.8093,1,-1,-1
154,1,668.95,494.58,34.63,86.83,0.7409,1,-1,-1
154,8,712.92,405.93,21.12,51.83,0.6433,1,-1,-1
154,30,1690.55,468.90,39.08,72.16,0.8050,1,-1,-1
154,31,1221.59,394.57,15.97,27.45,0.2056,1,-1,-1
154,15,617.96,411.58,38.82,34.92,0.3183,3,-1,-1
155,0,1095.43,624.51,54.40,140.59,0.8164,1,-1,-1
155,1,667.19,495.05,33.64,83.99,0.7394,1,-1,-1
155,8,709.25,405.69,21.29,51.80,0.5784,1,-1,-1
155,30,1686.46,468.46,38.85,71.86,0.7571,1,-1,-1
155,31,1219.51,392.39,17.59,30.05,0.4036,1,-1,-1
155,15,614.71,411.38,39.38,35.28,0.2422,3,-1,-1
156,0,1092.16,624.02,54.72,141.21,0.8289,1,-1,-1
156,1,667.36,494.55,34.72,84.33,0.6637,1,-1,-1
156,8,704.51,404.74,22.19,54.17,0.5641,1,-1,-1
156,30,1682.51,467.31,38.85,72.12,0.7793,1,-1,-1
156,31,1217.17,391.25,18.30,31.60,0.3702,1,-1,-1
156,15,611.86,413.65,37.36,33.10,0.2415,3,-1,-1
157,0,1089.00,624.00,54.88,141.28,0.8044,1,-1,-1
157,1,662.82,493.75,34.52,84.71,0.7146,1,-1,-1
157,8,700.73,404.71,22.33,54.74,0.5429,1,-1,-1
157,30,1678.71,466.70,38.49,71.79,0.7498,1,-1,-1
157,31,1215.52,394.81,16.66,29.10,0.4111,1,-1,-1
157,15,605.01,412.36,39.39,34.45,0.4465,10,-1,-1
158,0,1085.25,624.02,54.80,141.28,0.8093,1,-1,-1
158,1,660.18,492.97,35.55,87.07,0.7146,1,-1,-1
158,8,697.07,405.43,22.12,53.78,0.5936,1,-1,-1
158,30,1674.74,466.90,38.05,71.18,0.7670,1,-1,-1
158,31,1213.31,391.06,18.15,32.58,0.2983,1,-1,-1
158,15,600.86,412.58,39.57,34.04,0.4036,10,-1,-1
158,43,182.74,442.64,26.42,67.43,0.5215,1,-1,-1
158,39,655.10,494.10,60.34,84.30,0.5946,1,-1,-1
159,0,1082.03,622.98,55.03,142.24,0.8397,1,-1,-1
159,1,656.28,493.23,35.32,87.39,0.7409,1,-1,-1
159,8,693.40,405.96,21.96,53.39,0.5955,1,-1,-1
159,30,1670.23,466.28,37.93,71.47,0.7833,1,-1,-1
159,15,598.09,412.95,39.28,33.66,0.3886,10,-1,-1
159,43,178.84,444.22,25.94,65.94,0.6095,1,-1,-1
160,0,1079.14,622.84,55.10,142.38,0.8510,1,-1,-1
160,1,653.46,492.84,34.92,87.17,0.6749,1,-1,-1
160,8,689.48,405.88,21.92,53.22,0.6011,1,-1,-1
160,30,1666.30,466.61,37.63,71.29,0.7937,1,-1,-1
160,15,593.23,412.58,40.53,34.38,0.4542,10,-1,-1
160,43,171.04,443.80,27.18,68.92,0.5361,1,-1,-1
161,0,1076.72,623.88,54.73,141.18,0.8376,1,-1,-1
161,1,653.13,492.30,36.12,89.09,0.5889,1,-1,-1
161,8,686.03,406.95,21.49,51.71,0.4805,1,-1,-1
161,30,1662.27,466.43,37.52,71.32,0.7409,1,-1,-1
161,15,589.81,412.62,40.40,34.29,0.3905,10,-1,-1
161,43,165.89,444.14,27.97,70.08,0.6935,1,-1,-1
162,0,1072.33,623.01,54.68,141.71,0.8117,1,-1,-1
162,1,649.79,492.52,34.60,86.28,0.6993,1,-1,-1
162,8,682.29,406.81,21.19,50.50,0.4158,1,-1,-1
162,30,1658.28,466.34,37.12,71.06,0.7387,1,-1,-1
162,15,587.76,412.98,40.12,34.05,0.4369,10,-1,-1
162,43,159.18,444.14,28.11,69.97,0.5341,1,-1,-1
163,0,1069.34,623.05,54.46,141.37,0.8187,1,-1,-1
163,1,646.00,492.23,33.88,85.60,0.7090,1,-1,-1
163,8,677.72,405.84,22.28,53.24,0.6740,1,-1,-1
163,30,1654.22,466.39,36.87,70.73,0.7454,1,-1,-1
163,15,584.02,414.40,39.47,33.06,0.4746,10,-1,-1
163,43,154.07,444.88,28.15,68.76,0.6868,1,-1,-1
163,45,1556.86,421.38,28.88,48.35,0.4600,2,-1,-1
164,0,1066.21,622.71,54.76,142.19,0.8164,1,-1,-1
164,1,643.28,491.73,32.95,84.03,0.7670,1,-1,-1
164,8,673.50,406.90,22.21,52.36,0.6011,1,-1,-1
164,30,1650.13,466.48,36.38,69.63,0.7409,1,-1,-1
164,15,579.71,412.95,41.61,34.53,0.4504,10,-1,-1
164,43,148.25,445.45,28.57,68.71,0.6058,1,-1,-1
164,45,1551.48,421.79,31.53,52.91,0.3540,2,-1,-1
165,0,1062.72,623.14,54.28,141.31,0.8056,1,-1,-1
165,1,640.57,490.65,33.38,85.96,0.6086,1,-1,-1
165,8,670.29,407.63,21.80,50.82,0.3522,1,-1,-1
165,30,1646.26,466.00,36.09,69.16,0.7556,1,-1,-1
165,15,575.60,412.88,41.90,34.79,0.2659,3,-1,-1
165,43,141.37,445.63,29.39,69.70,0.6343,1,-1,-1
165,45,1548.61,422.35,30.51,51.31,0.4776,2,-1,-1
165,39,635.10,492.16,56.93,83.66,0.7106,1,-1,-1
166,0,1059.34,622.62,54.44,141.64,0.8449,1,-1,-1
166,8,666.63,407.90,22.07,51.30,0.5419,1,-1,-1
166,30,1642.32,464.97,35.92,68.58,0.7241,1,-1,-1
166,15,574.06,413.30,41.76,34.63,0.4446,10,-1,-1
166,43,134.93,445.89,29.89,69.97,0.6522,1,-1,-1
166,45,1544.68,421.38,29.82,50.14,0.4026,2,-1,-1
166,39,633.47,491.50,55.36,84.86,0.7170,1,-1,-1
167,0,1057.23,622.68,54.43,141.30,0.8625,1,-1,-1
167,8,662.64,407.70,22.71,52.63,0.7256,1,-1,-1
167,30,1638.47,465.40,35.07,66.87,0.7484,1,-1,-1
167,15,569.79,413.21,41.71,34.55,0.4073,10,-1,-1
167,43,127.59,446.60,30.28,70.00,0.7098,1,-1,-1
167,45,1540.87,420.73,28.44,47.73,0.3840,2,-1,-1
167,1,638.22,490.72,33.57,85.34,0.7326,1,-1,-1
168,0,1055.04,623.08,54.50,140.66,0.8661,1,-1,-1
168,8,659.00,408.06,22.92,52.78,0.4542,1,-1,-1
168,30,1634.00,465.04,35.25,67.11,0.7498,1,-1,-1
168,15,567.48,413.43,40.90,34.14,0.3989,10,-1,-1
168,43,121.61,446.74,31.05,70.40,0.7585,1,-1,-1
168,45,1536.55,420.71,28.71,48.16,0.5020,2,-1,-1
168,1,634.19,489.87,33.97,87.05,0.7210,1,-1,-1
169,0,1051.59,623.61,54.23,139.94,0.8176,1,-1,-1
169,8,654.84,408.02,23.65,54.64,0.4187,1,-1,-1
169,30,1629.83,464.48,35.30,67.01,0.7712,1,-1,-1
169,15,564.54,413.41,40.60,34.18,0.4273,10,-1,-1
169,43,114.09,447.39,31.31,70.52,0.6030,1,-1,-1
169,45,1534.39,420.49,26.56,44.48,0.5554,2,-1,-1
169,1,633.48,489.48,34.40,87.00,0.7178,1,-1,-1
169,31,1196.95,391.33,18.46,34.13,0.4756,1,-1,-1
170,0,1046.96,623.31,54.17,140.09,0.8322,1,-1,-1
170,8,651.57,408.28,23.41,54.12,0.5078,1,-1,-1
170,30,1626.01,464.70,35.00,66.19,0.7912,1,-1,-1
170,15,558.91,414.20,40.30,33.50,0.4678,10,-1,-1
170,43,107.27,447.82,31.38,70.40,0.5936,1,-1,-1
170,45,1530.49,416.20,26.75,44.92,0.4552,2,-1,-1
170,1,632.71,489.34,35.25,87.19,0.6469,1,-1,-1
170,31,1195.53,389.88,18.07,33.65,0.3416,1,-1,-1
171,0,1043.98,623.08,54.24,140.32,0.8210,1,-1,-1
171,8,648.09,408.40,23.26,53.76,0.4922,1,-1,-1
171,30,1621.26,463.63,35.68,67.34,0.7712,1,-1,-1
171,15,554.95,413.57,41.53,34.15,0.4196,10,-1,-1
171,43,99.86,448.62,31.29,70.39,0.6732,1,-1,-1
171,45,1525.63,419.31,28.13,47.48,0.4045,2,-1,-1
171,1,629.40,489.77,34.79,85.62,0.6270,1,-1,-1
171,31,1194.62,389.22,17.98,33.84,0.5215,1,-1,-1
172,0,1040.59,623.05,54.34,140.52,0.8141,1,-1,-1
172,8,645.67,408.96,22.83,52.22,0.4206,1,-1,-1
172,30,1616.91,462.80,35.89,67.83,0.7988,1,-1,-1
172,15,551.98,413.20,41.81,34.74,0.2436,3,-1,-1
172,43,92.92,448.11,32.16,72.54,0.7364,1,-1,-1
172,45,1523.45,421.35,26.05,43.76,0.5651,2,-1,-1
172,1,624.59,489.82,33.73,84.09,0.7001,1,-1,-1
172,31,1193.46,389.95,17.61,32.75,0.3998,1,-1,-1
173,0,1037.44,623.04,54.53,140.76,0.8176,1,-1,-1
173,8,641.62,409.02,23.44,53.58,0.5322,1,-1,-1
173,30,1612.31,462.99,35.45,66.84,0.7739,1,-1,-1
173,15,547.78,413.68,41.66,34.21,0.4951,10,-1,-1
173,43,86.29,449.14,31.53,71.34,0.6715,1,-1,-1
173,45,1518.91,418.99,26.81,45.00,0.4990,2,-1,-1
173,1,621.71,489.85,33.54,84.39,0.7364,1,-1,-1
173,31,1190.93,389.52,17.90,32.61,0.3363,1,-1,-1
174,0,1034.00,622.98,54.37,140.63,0.8510,1,-1,-1
174,8,638.57,409.56,23.27,52.56,0.3504,2,-1,-1
174,30,1607.90,462.74,36.08,67.77,0.7571,1,-1,-1
174,15,546.06,413.68,42.22,34.10,0.4397,10,-1,-1
174,43,80.28,450.00,31.43,71.00,0.6325,1,-1,-1
174,45,1514.94,419.95,27.13,45.40,0.3951,2,-1,-1
174,1,621.17,489.47,34.25,85.22,0.6307,1,-1,-1
174,31,1188.88,388.61,18.42,33.59,0.3016,1,-1,-1
175,0,1031.31,622.59,54.67,141.14,0.8568,1,-1,-1
175,8,634.48,410.56,23.08,51.67,0.5029,1,-1,-1
175,30,1604.15,462.08,35.87,67.18,0.7886,1,-1,-1
175,15,542.14,413.68,41.78,34.05,0.3630,10,-1,-1
175,43,74.22,451.34,30.74,69.63,0.7017,1,-1,-1
175,45,1511.94,420.93,26.04,43.31,0.5516,2,-1,-1
175,1,617.39,489.35,33.72,84.48,0.5409,1,-1,-1
175,31,1188.22,388.00,18.90,34.68,0.4717,1,-1,-1
176,0,1028.64,623.12,54.38,140.45,0.8470,1,-1,-1
176,8,630.83,413.04,22.92,50.22,0.3868,1,-1,-1
176,30,1599.76,462.88,35.35,66.00,0.7976,1,-1,-1
176,15,536.03,413.38,42.60,34.64,0.4273,10,-1,-1
176,43,67.75,451.16,31.05,70.35,0.7256,1,-1,-1
176,45,1508.52,418.34,26.54,44.16,0.4130,2,-1,-1
176,1,614.34,488.92,33.10,83.37,0.5458,1,-1,-1
176,31,1187.35,387.67,19.34,35.46,0.5332,1,-1,-1
177,0,1024.46,622.70,54.58,141.00,0.8093,1,-1,-1
177,8,626.22,415.12,22.70,48.43,0.5708,1,-1,-1
177,30,1595.56,462.41,36.17,67.40,0.7725,1,-1,-1
177,15,532.50,414.18,43.40,34.50,0.4717,10,-1,-1
177,43,62.31,451.79,30.43,69.12,0.7364,1,-1,-1
177,45,1504.94,419.25,26.26,43.53,0.3311,2,-1,-1
177,1,611.27,488.94,32.87,83.10,0.7082,1,-1,-1
177,31,1185.46,387.72,19.39,35.82,0.3831,1,-1,-1
178,0,1021.16,622.86,54.32,140.66,0.8344,1,-1,-1
178,8,621.83,414.05,23.22,49.22,0.5746,1,-1,-1
178,30,1591.66,461.65,35.77,66.77,0.7642,1,-1,-1
178,15,528.09,414.06,43.73,34.60,0.4340,10,-1,-1
178,43,56.46,452.37,30.57,69.47,0.7484,1,-1,-1
178,45,1500.69,420.73,27.44,45.69,0.5195,2,-1,-1
178,1,608.83,488.90,31.67,80.25,0.4282,1,-1,-1
178,31,1182.95,387.95,19.15,35.57,0.1931,1,-1,-1
179,0,1017.81,623.04,54.39,140.68,0.8093,1,-1,-1
179,8,617.99,415.40,23.22,48.67,0.5670,1,-1,-1
179,30,1587.15,461.96,35.40,66.10,0.7780,1,-1,-1
179,15,526.24,414.44,43.30,34.38,0.2037,3,-1,-1
179,43,50.00,453.08,30.84,70.49,0.6951,1,-1,-1
179,45,1495.97,419.13,28.85,47.95,0.3277,2,-1,-1
179,1,605.95,488.53,32.13,82.03,0.6433,1,-1,-1
179,31,1181.85,391.19,17.54,31.54,0.1086,1,-1,-1
180,0,1014.67,623.36,54.18,140.26,0.8152,1,-1,-1
180,8,614.99,415.54,23.67,48.77,0.3923,1,-1,-1
180,30,1582.37,461.09,35.88,66.87,0.7417,1,-1,-1
180,15,522.66,415.11,42.45,33.56,0.4378,10,-1,-1
180,43,44.57,453.44,30.90,71.09,0.6086,1,-1,-1
180,45,1490.60,418.67,30.68,51.08,0.3032,2,-1,-1
180,1,603.87,489.05,30.83,78.84,0.3812,1,-1,-1
180,31,1180.08,390.45,18.71,32.55,0.1566,1,-1,-1
181,0,1011.89,623.36,54.27,140.17,0.8418,1,-1,-1
181,8,611.70,415.49,24.29,49.60,0.2967,1,-1,-1
181,30,1578.03,460.72,35.64,66.53,0.7725,1,-1,-1
181,15,518.02,414.60,43.52,34.19,0.1889,10,-1,-1
181,43,38.90,454.46,31.09,71.84,0.7122,1,-1,-1
181,45,1486.53,418.90,33.02,55.64,0.2798,2,-1,-1
181,1,601.95,488.83,31.33,80.02,0.4785,1,-1,-1
181,31,1178.60,388.56,20.17,35.12,0.3989,1,-1,-1
182,0,1008.91,622.80,54.43,140.70,0.8568,1,-1,-1
182,8,607.98,419.03,23.95,48.34,0.2918,1,-1,-1
182,30,1574.76,461.15,35.11,65.52,0.7988,1,-1,-1
182,15,513.12,415.29,42.42,33.56,0.2697,10,-1,-1
182,43,33.17,454.39,31.18,72.38,0.6984,1,-1,-1
182,45,1484.73,420.50,30.06,50.43,0.3684,2,-1,-1
182,1,599.42,488.68,31.78,80.97,0.6575,1,-1,-1
182,31,1177.82,390.68,19.44,34.21,0.4961,1,-1,-1
183,0,1006.41,623.45,54.13,139.74,0.8510,1,-1,-1
183,8,605.76,419.31,24.20,48.11,0.3115,1,-1,-1
183,30,1570.11,460.18,35.36,66.17,0.7513,1,-1,-1
183,15,509.93,415.61,42.01,33.15,0.3294,3,-1,-1
183,43,27.44,455.31,31.22,72.65,0.7564,1,-1,-1
183,45,1482.37,420.11,27.97,46.72,0.3260,2,-1,-1
183,1,596.89,488.89,31.97,82.12,0.7017,1,-1,-1
183,31,1175.68,390.14,19.80,34.84,0.5689,1,-1,-1
184,0,1002.94,623.58,53.74,139.17,0.8210,1,-1,-1
184,8,600.82,415.99,25.99,51.78,0.2465,2,-1,-1
184,30,1565.99,459.21,35.44,66.36,0.7642,1,-1,-1
184,15,505.09,415.13,42.99,33.92,0.3540,10,-1,-1
184,43,20.70,455.02,31.63,74.01,0.7017,1,-1,-1
184,45,1477.21,419.74,31.02,52.29,0.3594,2,-1,-1
184,1,595.62,488.71,30.31,78.82,0.6343,1,-1,-1
184,31,1174.81,391.81,18.90,33.07,0.3567,1,-1,-1
185,0,998.94,623.62,53.79,139.41,0.8376,1,-1,-1
185,8,596.68,415.48,26.50,53.01,0.2295,2,-1,-1
185,30,1562.99,459.57,34.81,65.12,0.7606,1,-1,-1
185,15,501.57,415.19,43.18,34.09,0.2902,3,-1,-1
185,43,14.84,455.93,31.32,73.58,0.7009,1,-1,-1
185,45,1474.75,420.64,30.16,51.07,0.4349,2,-1,-1
185,1,591.80,488.81,31.50,82.38,0.5860,1,-1,-1
185,31,1174.96,392.53,18.42,32.42,0.4149,1,-1,-1
186,0,995.83,623.27,54.09,139.82,0.8267,1,-1,-1
186,8,594.12,416.40,26.35,52.85,0.4340,2,-1,-1
186,30,1558.88,459.32,34.38,64.41,0.7264,1,-1,-1
186,15,499.22,414.95,43.64,34.23,0.2728,3,-1,-1
186,43,8.22,455.91,31.54,74.06,0.6558,1,-1,-1
186,45,1469.36,419.17,30.99,52.48,0.2524,2,-1,-1
186,1,590.34,488.22,30.87,81.26,0.6469,1,-1,-1
186,31,1175.01,393.99,17.77,31.29,0.4436,1,-1,-1
186,49,55.19,453.23,30.44,65.23,0.5244,1,-1,-1
187,0,992.77,623.44,54.11,139.76,0.8245,1,-1,-1
187,8,590.45,416.55,27.22,54.65,0.3522,2,-1,-1
187,30,1554.62,458.18,34.50,64.69,0.7698,1,-1,-1
187,15,493.32,413.52,45.83,36.37,0.1859,10,-1,-1
187,43,1.90,457.08,31.68,74.95,0.6910,1,-1,-1
187,45,1465.54,419.37,32.39,55.30,0.2682,1,-1,-1
187,1,587.92,488.08,30.56,81.02,0.7050,1,-1,-1
187,31,1175.33,396.07,16.50,29.31,0.1956,1,-1,-1
187,49,48.89,454.23,30.34,64.96,0.5974,1,-1,-1
188,0,989.69,623.45,54.47,139.60,0.8222,1,-1,-1
188,8,586.56,417.17,25.80,52.01,0.1112,2,-1,-1
188,30,1551.28,458.39,34.40,64.06,0.7461,1,-1,-1
188,15,491.55,414.22,43.65,34.70,0.3425,10,-1,-1
188,43,-2.99,457.20,31.37,75.42,0.6893,1,-1,-1
188,45,1460.90,420.27,32.86,56.40,0.1603,3,-1,-1
188,1,585.18,487.54,30.90,82.64,0.7542,1,-1,-1
188,49,41.64,454.12,31.09,66.52,0.6558,1,-1,-1
189,0,986.02,622.64,54.72,140.46,0.8480,1,-1,-1
189,8,582.42,416.47,26.55,53.96,0.5312,1,-1,-1
189,30,1547.51,458.79,34.02,63.44,0.7402,1,-1,-1
189,15,487.00,414.43,43.25,34.29,0.3612,10,-1,-1
189,43,-6.89,456.87,30.42,76.23,0.5020,1,-1,-1
189,45,1458.00,419.13,33.01,56.97,0.2147,1,-1,-1
189,1,582.91,486.91,30.76,82.61,0.7379,1,-1,-1
189,49,35.47,454.73,31.36,67.01,0.6783,1,-1,-1
190,0,983.03,622.96,54.71,139.98,0.8520,1,-1,-1
190,8,578.15,415.86,27.29,55.75,0.6188,1,-1,-1
190,30,1543.24,458.26,34.47,64.07,0.7621,1,-1,-1
190,15,484.21,414.50,43.68,34.45,0.3416,10,-1,-1
190,45,1454.51,418.64,33.11,57.33,0.3407,2,-1,-1
190,1,580.72,487.78,30.67,82.65,0.7256,1,-1,-1
190,49,28.45,455.35,31.56,67.51,0.5516,1,-1,-1
191,0,979.79,623.67,54.12,138.89,0.8093,1,-1,-1
191,8,574.97,416.39,27.43,56.11,0.2689,2,-1,-1
191,30,1539.64,458.59,34.26,64.01,0.7549,1,-1,-1
191,15,478.94,415.01,43.85,34.62,0.3757,10,-1,-1
191,45,1450.66,419.45,32.90,57.03,0.1052,10,-1,-1
191,1,578.89,487.28,30.99,83.59,0.6885,1,-1,-1
191,49,22.62,454.55,32.57,69.43,0.6522,1,-1,-1
192,0,975.21,623.35,54.16,139.20,0.8199,1,-1,-1
192,8,570.71,417.23,26.59,55.12,0.3277,2,-1,-1
192,30,1535.75,458.11,33.99,63.84,0.7106,1,-1,-1
192,15,476.71,414.93,42.95,34.04,0.3868,10,-1,-1
192,45,1448.18,419.45,31.88,55.15,0.3803,2,-1,-1
192,1,576.67,486.72,30.75,82.88,0.6800,1,-1,-1
192,49,15.81,455.23,32.91,70.10,0.5993,1,-1,-1
193,0,972.05,622.79,54.37,139.80,0.8256,1,-1,-1
193,8,566.77,416.06,26.76,55.95,0.5765,1,-1,-1
193,30,1532.01,457.44,33.71,63.49,0.7656,1,-1,-1
193,15,475.42,414.76,42.80,34.24,0.1294,2,-1,-1
193,45,1444.64,418.82,32.09,55.54,0.3007,2,-1,-1
193,1,573.06,486.53,30.10,81.67,0.7178,1,-1,-1
193,49,9.38,455.31,33.28,70.34,0.6715,1,-1,-1
194,0,968.98,622.95,54.41,139.60,0.8199,1,-1,-1
194,8,564.45,416.98,26.76,55.42,0.1515,2,-1,-1
194,30,1528.45,457.46,33.20,62.57,0.7469,1,-1,-1
194,15,474.81,415.69,41.91,33.52,0.2351,10,-1,-1
194,45,1441.78,418.41,31.80,55.26,0.2288,1,-1,-1
194,1,570.46,486.46,29.47,80.45,0.7287,1,-1,-1
194,49,5.13,457.83,32.93,67.85,0.5583,1,-1,-1
195,0,966.20,622.95,54.83,139.60,0.8164,1,-1,-1
195,8,558.79,416.94,26.11,54.34,0.5137,1,-1,-1
195,30,1524.32,457.48,32.70,62.00,0.7614,1,-1,-1
195,15,472.66,417.95,40.25,31.83,0.1836,10,-1,-1
195,45,1440.14,418.62,28.81,49.25,0.4834,2,-1,-1
195,1,568.50,487.03,29.07,79.55,0.6868,1,-1,-1
195,49,-4.35,457.40,32.39,68.81,0.4834,1,-1,-1
196,0,962.13,622.33,54.62,139.79,0.8418,1,-1,-1
196,8,554.63,414.81,27.11,56.38,0.6039,1,-1,-1
196,30,1520.58,455.73,32.48,62.00,0.7725,1,-1,-1
196,15,468.37,418.77,39.15,31.31,0.2207,2,-1,-1
196,45,1437.30,418.35,26.96,45.27,0.4620,2,-1,-1
196,1,566.64,486.23,28.75,79.13,0.6885,1,-1,-1
196,49,-4.24,458.86,32.22,68.85,0.2975,1,-1,-1
197,0,959.34,621.92,54.77,140.15,0.8322,1,-1,-1
197,8,550.79,415.24,25.22,52.51,0.5117,1,-1,-1
197,30,1516.18,454.70,32.77,62.85,0.7585,1,-1,-1
197,15,461.27,417.06,40.02,32.43,0.1727,10,-1,-1
197,45,1433.45,418.10,26.93,44.45,0.5631,2,-1,-1
197,1,564.10,485.58,28.95,80.04,0.7349,1,-1,-1
198,0,956.30,623.47,53.76,138.47,0.8007,1,-1,-1
198,8,545.64,415.34,25.47,53.75,0.6415,1,-1,-1
198,30,1511.73,453.57,32.79,63.22,0.7614,1,-1,-1
198,15,455.14,415.38,41.13,34.10,0.3329,2,-1,-1
198,45,1428.93,418.53,28.51,46.66,0.4064,2,-1,-1
198,1,561.57,485.56,28.69,79.95,0.7807,1,-1,-1
199,0,951.69,622.97,53.67,138.85,0.7957,1,-1,-1
199,8,541.76,414.48,26.42,56.25,0.6343,1,-1,-1
199,30,1508.86,452.93,32.54,62.81,0.7793,1,-1,-1
199,15,450.77,415.25,42.00,34.96,0.1711,10,-1,-1
199,45,1424.56,418.23,28.63,46.04,0.4465,2,-1,-1
199,1,559.00,485.41,28.58,79.34,0.7349,1,-1,-1
200,0,948.30,622.04,53.74,139.82,0.7982,1,-1,-1
200,8,537.84,415.22,25.78,55.23,0.4273,1,-1,-1
200,30,1504.31,453.29,32.59,62.79,0.7670,1,-1,-1
200,15,444.59,415.85,41.47,34.66,0.1778,10,-1,-1
200,45,1419.82,418.28,30.03,47.73,0.5059,2,-1,-1
200,1,557.65,486.68,28.24,77.85,0.7058,1,-1,-1
201,0,945.26,621.93,53.78,140.03,0.8152,1,-1,-1
201,8,533.74,416.23,24.62,52.49,0.2583,2,-1,-1
201,30,1500.39,453.90,32.35,62.51,0.7642,1,-1,-1
201,15,441.03,414.73,42.21,35.80,0.2031,10,-1,-1
201,45,1417.20,418.28,30.10,47.85,0.3648,2,-1,-1
201,1,554.99,486.48,28.97,79.95,0.6558,1,-1,-1
202,0,941.81,621.28,53.98,140.84,0.8019,1,-1,-1
202,8,529.03,416.10,24.61,52.55,0.4610,1,-1,-1
202,30,1497.11,453.03,32.45,62.87,0.7698,1,-1,-1
202,15,436.62,414.57,42.04,36.09,0.2783,10,-1,-1
202,45,1413.95,418.53,29.15,45.67,0.4649,2,-1,-1
202,1,551.12,486.58,29.69,80.68,0.6851,1,-1,-1
203,0,938.65,621.66,53.68,140.40,0.8311,1,-1,-1
203,8,524.59,416.54,24.52,52.40,0.6343,1,-1,-1
203,30,1493.20,452.52,32.40,63.15,0.7571,1,-1,-1
203,15,432.43,414.48,41.97,36.16,0.3831,10,-1,-1
203,45,1409.85,418.47,30.99,48.74,0.5244,2,-1,-1
203,1,547.25,486.86,29.53,80.28,0.7130,1,-1,-1
204,0,936.28,621.37,54.02,140.88,0.8376,1,-1,-1
204,8,520.97,416.29,23.92,50.94,0.4610,2,-1,-1
204,30,1488.78,452.66,32.45,63.57,0.7642,1,-1,-1
204,15,430.99,414.95,41.20,35.81,0.3311,10,-1,-1
204,45,1406.05,418.47,30.60,47.99,0.5302,2,-1,-1
204,1,545.63,486.20,29.51,80.35,0.6968,1,-1,-1
205,0,933.22,623.31,53.05,138.79,0.8164,1,-1,-1
205,8,515.80,416.68,24.34,51.59,0.5000,1,-1,-1
205,30,1485.30,452.21,32.42,63.56,0.7527,1,-1,-1
205,15,428.63,415.68,40.76,35.28,0.3107,10,-1,-1
205,45,1401.71,418.65,30.48,47.47,0.4912,2,-1,-1
205,1,544.07,485.84,29.98,81.42,0.6680,1,-1,-1
206,0,928.90,622.56,53.33,139.59,0.8007,1,-1,-1
206,8,510.87,417.45,24.98,52.77,0.6379,1,-1,-1
206,30,1481.30,452.10,32.06,62.81,0.7599,1,-1,-1
206,15,427.52,417.57,38.35,32.88,0.2351,10,-1,-1
206,45,1396.97,418.46,32.79,51.35,0.4140,2,-1,-1
206,1,542.11,484.60,30.00,82.03,0.6451,1,-1,-1
207,0,925.13,622.09,53.36,140.11,0.8164,1,-1,-1
207,8,506.51,417.87,24.91,52.61,0.4407,1,-1,-1
207,30,1476.89,452.46,31.73,62.32,0.7571,1,-1,-1
207,15,423.03,417.02,38.47,33.46,0.1901,10,-1,-1
207,45,1397.01,418.25,28.93,45.29,0.5039,2,-1,-1
207,1,539.83,484.66,30.06,82.25,0.6522,1,-1,-1
208,0,921.94,621.72,53.64,140.52,0.8233,1,-1,-1
208,8,501.76,417.58,25.15,52.60,0.6049,2,-1,-1
208,30,1472.93,452.96,31.24,61.48,0.7527,1,-1,-1
208,15,415.10,416.68,39.34,34.26,0.2926,10,-1,-1
208,45,1393.34,418.43,29.05,45.62,0.4026,2,-1,-1
208,1,536.78,484.08,29.57,81.90,0.7225,1,-1,-1
209,0,918.27,621.65,53.70,140.54,0.8093,1,-1,-1
209,8,496.40,418.58,25.75,53.39,0.4932,2,-1,-1
209,30,1469.69,452.48,30.94,61.20,0.7178,1,-1,-1
209,15,409.11,416.37,39.55,34.34,0.3074,10,-1,-1
209,45,1390.92,418.49,27.15,42.79,0.5195,2,-1,-1
209,1,534.86,483.54,29.06,81.05,0.7287,1,-1,-1
210,0,914.56,621.87,53.62,140.37,0.8459,1,-1,-1
210,8,491.28,418.20,26.45,54.82,0.5107,2,-1,-1
210,30,1464.73,451.82,30.91,61.44,0.7130,1,-1,-1
210,15,404.00,414.93,41.21,36.01,0.2697,10,-1,-1
210,45,1386.26,418.45,29.26,46.99,0.4552,2,-1,-1
210,1,533.06,484.10,29.78,82.62,0.7009,1,-1,-1
211,0,911.02,622.21,53.76,140.46,0.8490,1,-1,-1
211,8,486.74,418.58,25.48,52.28,0.5651,2,-1,-1
211,30,1460.44,451.40,30.20,60.03,0.7241,1,-1,-1
211,15,400.02,415.42,40.45,35.33,0.3294,10,-1,-1
211,45,1382.63,418.44,28.10,45.05,0.4941,2,-1,-1
211,1,529.86,483.04,29.62,82.37,0.6766,1,-1,-1
212,0,906.39,622.28,53.65,140.40,0.8105,1,-1,-1
212,8,480.62,418.69,26.54,54.41,0.6030,2,-1,-1
212,30,1455.26,450.34,30.33,60.07,0.7194,1,-1,-1
212,15,396.86,416.11,40.40,35.66,0.1427,3,-1,-1
212,45,1377.54,418.41,29.26,47.40,0.3549,2,-1,-1
212,1,524.97,482.58,29.58,83.29,0.7017,1,-1,-1
212,57,476.10,439.78,36.13,40.19,0.6243,3,-1,-1
213,0,901.12,622.24,53.71,140.45,0.8222,1,-1,-1
213,8,475.56,418.75,26.03,52.97,0.5955,2,-1,-1
213,30,1449.89,449.76,30.33,60.10,0.7098,1,-1,-1
213,15,389.75,415.86,41.52,36.50,0.3107,10,-1,-1
213,45,1371.88,418.23,30.85,50.59,0.3868,2,-1,-1
213,1,522.72,483.68,28.98,81.52,0.6397,1,-1,-1
213,57,472.21,441.48,34.99,38.95,0.6637,3,-1,-1
214,0,897.10,622.04,53.96,141.09,0.8176,1,-1,-1
214,8,470.03,418.46,26.61,54.21,0.6343,2,-1,-1
214,30,1444.33,448.71,31.12,61.93,0.7241,1,-1,-1
214,15,387.22,415.79,40.46,36.38,0.1694,2,-1,-1
214,45,1368.80,418.34,29.67,49.22,0.5098,2,-1,-1
214,1,518.91,483.09,29.21,82.38,0.6522,1,-1,-1
214,57,465.62,438.90,37.58,42.00,0.5039,3,-1,-1
215,0,893.07,622.21,54.26,141.02,0.8141,1,-1,-1
215,8,464.13,418.57,26.79,54.59,0.4746,2,-1,-1
215,30,1439.43,447.82,30.92,61.84,0.7264,1,-1,-1
215,15,383.20,416.09,40.48,36.34,0.2018,10,-1,-1
215,45,1365.38,418.05,28.45,47.93,0.5516,2,-1,-1
215,1,514.59,484.32,28.73,81.44,0.6851,1,-1,-1
215,57,460.35,439.68,36.57,41.00,0.5078,3,-1,-1
216,0,888.34,622.09,54.30,141.00,0.8480,1,-1,-1
216,8,459.50,419.04,25.33,51.73,0.4893,2,-1,-1
216,30,1434.47,448.06,30.26,60.94,0.7469,1,-1,-1
216,15,379.26,418.98,37.61,33.17,0.2309,10,-1,-1
216,45,1361.23,417.96,27.04,45.68,0.5283,2,-1,-1
216,1,511.44,483.62,28.15,80.16,0.6575,1,-1,-1
216,57,455.24,441.40,34.91,39.40,0.3961,3,-1,-1
217,0,884.35,623.22,53.83,139.99,0.8210,1,-1,-1
217,8,454.47,420.18,24.62,50.09,0.6123,2,-1,-1
217,30,1429.24,447.40,30.05,60.84,0.7287,1,-1,-1
217,15,373.51,418.05,38.48,34.05,0.1913,10,-1,-1
217,45,1356.44,418.10,26.47,44.75,0.5137,2,-1,-1
217,1,508.77,482.97,29.01,82.43,0.6758,1,-1,-1
217,57,450.19,441.32,34.97,39.82,0.4668,3,-1,-1
218,0,878.70,622.78,54.00,140.40,0.8152,1,-1,-1
218,8,448.98,420.49,25.22,51.55,0.4484,1,-1,-1
218,30,1424.15,447.23,29.85,60.74,0.7272,1,-1,-1
218,15,364.78,418.50,39.01,34.14,0.1974,3,-1,-1
218,45,1351.83,417.78,27.73,47.34,0.4168,2,-1,-1
218,1,505.02,483.91,28.68,81.75,0.6289,1,-1,-1
218,57,445.34,441.47,34.50,39.67,0.4455,3,-1,-1
219,0,874.41,622.61,54.35,140.73,0.8256,1,-1,-1
219,8,443.14,420.61,26.42,54.14,0.4073,1,-1,-1
219,30,1418.95,447.06,29.74,60.77,0.7186,1,-1,-1
219,15,356.82,417.06,39.39,35.04,0.1188,2,-1,-1
219,45,1347.87,417.87,27.04,46.78,0.4844,2,-1,-1
219,1,501.71,490.46,26.49,75.63,0.5487,1,-1,-1
219,57,437.86,435.69,39.08,45.92,0.1981,3,-1,-1
220,0,870.04,622.18,54.50,141.26,0.8069,1,-1,-1
220,8,437.80,420.40,26.48,54.45,0.4727,1,-1,-1
220,30,1414.21,447.12,29.28,60.29,0.7334,1,-1,-1
220,15,349.43,417.04,40.45,35.62,0.3381,10,-1,-1
220,45,1343.65,417.96,25.90,45.07,0.4340,2,-1,-1
220,1,498.58,486.88,27.48,78.27,0.6593,1,-1,-1
220,57,431.55,433.34,40.42,48.20,0.2975,3,-1,-1
221,0,865.86,622.01,54.54,141.43,0.8520,1,-1,-1
221,8,431.73,420.34,26.88,55.37,0.4177,1,-1,-1
221,30,1409.65,447.39,29.19,60.30,0.7409,1,-1,-1
221,15,341.42,416.90,41.92,36.71,0.2568,10,-1,-1
221,45,1339.01,417.78,26.61,46.59,0.4620,2,-1,-1
221,1,494.26,485.96,27.70,79.52,0.6433,1,-1,-1
221,57,427.13,435.15,38.40,46.61,0.1667,3,-1,-1
222,0,861.90,622.44,54.50,141.40,0.8510,1,-1,-1
222,8,427.09,420.12,26.45,54.47,0.4092,2,-1,-1
222,30,1404.72,446.74,29.08,60.13,0.7098,1,-1,-1
222,15,336.16,417.79,41.42,35.72,0.3951,10,-1,-1
222,45,1334.90,417.86,26.53,46.69,0.5438,2,-1,-1
222,1,490.10,484.05,28.14,81.84,0.7050,1,-1,-1
222,57,424.38,439.65,34.46,42.21,0.2783,3,-1,-1
223,0,857.02,622.36,54.63,141.58,0.8056,1,-1,-1
223,8,421.74,420.37,27.24,55.84,0.5974,1,-1,-1
223,30,1399.90,446.74,28.15,58.56,0.6834,1,-1,-1
223,15,330.84,417.78,42.40,36.47,0.2846,10,-1,-1
223,45,1329.78,417.43,27.61,49.08,0.2591,1,-1,-1
223,1,487.44,484.07,27.59,80.87,0.6783,1,-1,-1
224,0,851.49,622.02,54.73,141.60,0.8289,1,-1,-1
224,8,416.99,420.30,26.88,55.05,0.4523,1,-1,-1
224,30,1395.09,446.30,27.85,58.26,0.6993,1,-1,-1
224,15,325.25,417.99,42.69,36.58,0.2365,10,-1,-1
224,45,1325.70,417.01,27.48,49.11,0.5107,2,-1,-1
224,1,484.04,485.46,27.55,81.27,0.4941,1,-1,-1
225,0,847.27,622.51,54.74,141.41,0.8187,1,-1,-1
225,8,411.91,420.37,27.11,55.14,0.5195,1,-1,-1
225,30,1390.66,445.73,27.71,58.03,0.7349,1,-1,-1
225,15,320.40,422.17,39.41,33.13,0.1761,10,-1,-1
225,45,1322.61,417.11,25.30,45.16,0.5419,2,-1,-1
225,1,480.20,485.08,26.48,78.10,0.6415,1,-1,-1
226,0,842.65,622.39,54.68,141.54,0.8311,1,-1,-1
226,8,405.30,419.24,29.54,60.26,0.5554,1,-1,-1
226,30,1385.26,445.09,27.74,57.92,0.7256,1,-1,-1
226,15,314.26,421.19,41.64,34.52,0.4196,10,-1,-1
226,45,1317.89,416.84,26.34,47.54,0.4321,2,-1,-1
226,1,475.94,484.12,27.11,80.37,0.7225,1,-1,-1
227,0,838.63,622.53,54.52,141.35,0.8470,1,-1,-1
227,8,399.94,419.31,29.45,60.16,0.5409,1,-1,-1
227,30,1380.23,444.74,27.67,57.55,0.7698,1,-1,-1
227,15,308.38,421.22,42.82,35.14,0.3183,10,-1,-1
227,45,1314.34,416.92,24.17,43.05,0.5879,2,-1,-1
227,1,472.34,484.18,27.46,81.50,0.6487,1,-1,-1
228,0,834.15,622.70,54.03,141.07,0.8105,1,-1,-1
228,8,395.25,421.11,29.50,59.56,0.5234,1,-1,-1
228,30,1374.97,443.11,28.22,58.78,0.7225,1,-1,-1
228,15,302.03,420.91,43.86,35.76,0.3998,10,-1,-1
228,45,1309.78,416.96,24.07,42.72,0.4630,2,-1,-1
228,1,467.95,484.81,27.36,81.70,0.6901,1,-1,-1
229,0,829.43,622.83,53.85,141.02,0.8245,1,-1,-1
229,8,390.10,420.80,28.05,56.82,0.3905,1,-1,-1
229,30,1370.25,443.41,27.80,58.04,0.7154,1,-1,-1
229,15,297.24,420.18,45.74,36.96,0.1813,10,-1,-1
229,45,1304.81,417.00,26.18,46.85,0.2950,1,-1,-1
229,1,463.99,484.10,27.27,82.28,0.6715,1,-1,-1
230,0,824.92,623.62,53.54,140.45,0.7957,1,-1,-1
230,8,384.27,420.48,28.45,57.74,0.4177,1,-1,-1
230,30,1364.57,442.56,28.36,58.93,0.7349,1,-1,-1
230,15,289.91,419.71,47.02,37.94,0.3049,10,-1,-1
230,45,1299.60,416.94,27.43,49.29,0.2910,2,-1,-1
230,1,459.99,484.36,27.29,82.20,0.5765,1,-1,-1
231,0,820.34,623.95,53.51,140.36,0.8176,1,-1,-1
231,8,379.31,420.33,28.70,58.36,0.3531,2,-1,-1
231,30,1359.55,442.25,28.45,58.98,0.7194,1,-1,-1
231,15,285.08,418.12,49.43,39.92,0.3174,10,-1,-1
231,45,1294.38,416.86,27.92,50.23,0.2878,1,-1,-1
231,1,455.63,484.98,27.08,81.70,0.6732,1,-1,-1
232,0,816.21,624.09,53.43,140.33,0.8510,1,-1,-1
232,8,373.75,420.69,28.70,58.11,0.4542,1,-1,-1
232,30,1354.34,442.22,28.56,59.18,0.7001,1,-1,-1
232,15,277.51,417.85,49.83,40.81,0.2154,10,-1,-1
232,45,1288.99,416.88,28.32,51.04,0.3024,1,-1,-1
232,1,451.96,485.26,26.65,81.21,0.5784,1,-1,-1
233,0,811.65,624.92,52.93,139.70,0.8322,1,-1,-1
233,8,368.08,419.92,29.01,58.82,0.2934,2,-1,-1
233,30,1349.49,442.27,28.47,58.97,0.6567,1,-1,-1
233,15,275.40,418.18,48.35,40.18,0.3024,10,-1,-1
233,45,1282.23,417.03,29.10,51.74,0.1925,2,-1,-1
233,1,447.56,481.87,27.10,82.99,0.5993,1,-1,-1
234,0,806.25,624.98,52.90,139.86,0.8117,1,-1,-1
234,8,363.04,420.67,27.95,56.41,0.4187,1,-1,-1
234,30,1345.08,442.90,27.93,58.08,0.7356,1,-1,-1
234,15,265.61,418.37,47.79,40.07,0.2806,10,-1,-1
234,45,1277.54,416.56,29.59,52.59,0.3720,2,-1,-1
234,1,443.44,479.54,27.72,84.71,0.7114,1,-1,-1
235,0,801.67,624.62,53.23,140.65,0.7892,1,-1,-1
235,8,357.62,420.47,28.26,57.12,0.4417,2,-1,-1
235,30,1339.26,442.23,27.84,57.77,0.6732,1,-1,-1
235,15,260.34,419.80,47.14,39.18,0.2636,10,-1,-1
235,45,1273.01,416.62,29.40,51.94,0.4417,2,-1,-1
235,1,440.23,480.42,26.89,82.21,0.7082,1,-1,-1
236,0,796.61,625.06,53.49,141.11,0.8152,1,-1,-1
236,8,352.68,420.85,27.70,55.95,0.5146,2,-1,-1
236,30,1334.03,442.76,27.27,56.63,0.6800,1,-1,-1
236,15,251.99,419.41,47.30,39.77,0.2991,10,-1,-1
236,45,1270.26,416.54,26.71,46.72,0.4727,2,-1,-1
236,1,436.14,478.69,27.78,85.05,0.6809,1,-1,-1
236,57,348.77,437.69,38.43,48.52,0.5332,3,-1,-1
237,0,791.85,624.89,53.80,141.75,0.8459,1,-1,-1
237,8,346.76,420.78,27.71,56.21,0.4475,2,-1,-1
237,30,1328.27,442.11,27.55,57.21,0.6030,1,-1,-1
237,15,246.54,419.80,46.26,39.43,0.2180,10,-1,-1
237,45,1265.16,416.51,27.57,48.14,0.4311,2,-1,-1
237,1,431.92,477.55,27.85,85.28,0.6885,1,-1,-1
237,57,343.83,438.18,36.70,47.62,0.4417,3,-1,-1
238,0,786.71,625.68,53.36,141.08,0.8199,1,-1,-1
238,8,341.46,421.37,27.42,55.65,0.3730,2,-1,-1
238,30,1322.92,442.82,27.15,56.31,0.7138,1,-1,-1
238,15,239.32,418.32,47.59,41.12,0.2394,10,-1,-1
238,45,1262.59,416.87,24.85,43.04,0.4688,2,-1,-1
238,1,427.87,478.92,27.07,82.60,0.7241,1,-1,-1
238,57,338.99,440.00,35.69,46.62,0.4017,3,-1,-1
239,0,781.79,626.44,53.00,140.17,0.8093,1,-1,-1
239,8,334.11,421.78,27.63,56.10,0.4649,2,-1,-1
239,30,1316.55,442.28,27.17,56.20,0.6039,1,-1,-1
239,15,232.56,419.18,47.30,41.37,0.1071,10,-1,-1
239,45,1254.49,417.17,28.12,48.63,0.3757,2,-1,-1
239,1,423.23,478.10,27.04,82.17,0.6817,1,-1,-1
239,57,331.03,435.96,36.55,49.27,0.4805,3,-1,-1
240,0,776.34,626.81,53.12,140.21,0.7827,1,-1,-1
240,8,326.95,422.30,28.35,57.68,0.3923,2,-1,-1
240,30,1310.76,441.85,26.75,55.52,0.6397,1,-1,-1
240,15,227.61,419.46,46.93,41.34,0.2261,10,-1,-1
240,45,1249.81,416.80,27.88,48.39,0.4688,2,-1,-1
240,1,418.90,478.39,27.61,83.43,0.7225,1,-1,-1
240,57,323.82,433.93,37.52,52.03,0.3998,3,-1,-1
241,0,771.53,626.72,53.48,140.56,0.8311,1,-1,-1
241,8,320.48,423.32,27.91,56.43,0.3115,2,-1,-1
241,30,1303.99,441.35,26.93,55.44,0.6567,1,-1,-1
241,15,219.89,420.48,44.96,39.96,0.2095,10,-1,-1
241,45,1243.74,417.37,28.45,49.52,0.3099,1,-1,-1
241,1,414.09,477.87,28.74,86.86,0.7058,1,-1,-1
241,57,317.86,435.73,35.23,49.35,0.4206,3,-1,-1
242,0,765.93,627.64,53.33,140.20,0.8129,1,-1,-1
242,8,312.55,422.55,28.50,57.67,0.4980,2,-1,-1
242,30,1297.57,441.08,27.11,55.74,0.6860,1,-1,-1
242,15,215.17,420.33,46.36,40.59,0.2583,10,-1,-1
242,45,1238.36,417.08,28.65,50.20,0.4620,2,-1,-1
242,1,409.16,477.66,29.66,88.40,0.6918,1,-1,-1
242,57,310.20,435.97,35.19,49.99,0.6151,3,-1,-1
243,0,759.16,627.79,53.31,140.24,0.8081,1,-1,-1
243,8,305.98,422.67,27.77,55.73,0.5400,2,-1,-1
243,30,1291.43,440.75,26.46,54.25,0.5804,1,-1,-1
243,15,204.43,420.09,47.34,41.47,0.2069,10,-1,-1
243,45,1232.53,416.92,28.40,50.27,0.2429,1,-1,-1
243,1,403.04,478.26,29.54,88.14,0.6918,1,-1,-1
243,57,302.75,435.60,36.00,51.82,0.5794,3,-1,-1
244,0,753.05,628.28,53.66,140.62,0.7677,1,-1,-1
244,8,297.74,422.24,28.80,57.75,0.5322,2,-1,-1
244,30,1284.60,440.20,26.68,54.74,0.6415,1,-1,-1
244,15,194.89,420.06,47.60,41.76,0.2214,10,-1,-1
244,45,1226.36,417.85,28.24,50.41,0.1109,10,-1,-1
244,1,397.89,477.82,30.01,89.19,0.6783,1,-1,-1
244,57,294.67,433.79,37.00,54.16,0.5832,3,-1,-1
245,0,746.37,627.88,54.12,141.46,0.8210,1,-1,-1
245,8,289.01,423.14,29.51,59.21,0.4407,2,-1,-1
245,30,1277.72,440.17,26.69,54.71,0.6531,1,-1,-1
245,15,186.25,420.78,47.78,41.75,0.1180,10,-1,-1
245,45,1220.94,419.89,26.83,48.11,0.1251,10,-1,-1
245,1,391.79,478.56,30.18,89.64,0.6715,1,-1,-1
245,57,285.19,430.12,38.81,58.09,0.5020,3,-1,-1
246,0,739.49,628.34,53.75,141.19,0.8044,1,-1,-1
246,8,281.96,424.01,28.66,57.52,0.5477,2,-1,-1
246,30,1271.33,440.51,26.78,54.76,0.6334,1,-1,-1
246,15,177.71,421.25,47.18,41.33,0.2524,10,-1,-1
246,45,1215.00,420.82,26.35,47.68,0.2838,10,-1,-1
246,1,386.26,478.61,30.77,90.81,0.6826,1,-1,-1
246,57,279.10,435.15,35.85,54.02,0.5775,3,-1,-1
247,0,732.82,628.26,53.86,141.24,0.7969,1,-1,-1
247,8,274.23,424.19,28.18,56.64,0.5860,2,-1,-1
247,30,1264.40,440.60,27.03,54.94,0.6843,1,-1,-1
247,15,170.71,421.13,47.68,41.66,0.2682,10,-1,-1
247,45,1208.09,420.10,26.93,48.72,0.1456,10,-1,-1
247,1,380.60,479.68,29.65,87.20,0.6663,1,-1,-1
247,57,272.24,438.34,33.80,51.02,0.5098,3,-1,-1
247,64,1052.74,390.11,23.66,39.69,0.5156,1,-1,-1
248,0,726.90,627.72,54.37,141.94,0.7840,1,-1,-1
248,8,265.81,425.45,28.25,56.64,0.4504,2,-1,-1
248,30,1257.80,440.09,26.88,54.70,0.6487,1,-1,-1
248,15,161.82,421.25,47.24,41.38,0.2502,10,-1,-1
248,45,1202.17,417.71,27.39,50.26,0.4659,1,-1,-1
248,1,375.43,481.10,29.18,85.44,0.5078,1,-1,-1
248,57,263.98,437.53,33.51,50.84,0.4591,3,-1,-1
248,64,1049.87,391.74,23.13,38.79,0.4805,1,-1,-1
249,0,720.43,627.32,54.92,143.09,0.8387,1,-1,-1
249,8,257.97,425.38,28.24,56.36,0.5823,2,-1,-1
249,30,1250.99,440.39,26.49,53.96,0.6860,1,-1,-1
249,15,153.34,421.09,47.93,41.85,0.1722,10,-1,-1
249,45,1195.86,418.99,27.00,49.68,0.1755,3,-1,-1
249,1,369.33,481.44,29.31,84.61,0.6766,1,-1,-1
249,57,255.99,437.54,33.98,51.83,0.5429,3,-1,-1
249,64,1044.27,387.64,23.81,40.11,0.3217,1,-1,-1
250,0,713.84,627.82,54.85,143.12,0.8019,1,-1,-1
250,8,249.60,425.72,28.32,56.32,0.5361,2,-1,-1
250,30,1244.59,440.41,26.12,53.18,0.6549,1,-1,-1
250,15,144.35,423.18,47.01,41.07,0.2767,10,-1,-1
250,45,1190.24,419.35,26.60,49.64,0.2043,3,-1,-1
250,1,363.89,481.87,29.75,84.57,0.5361,1,-1,-1
250,57,248.41,439.30,32.71,49.93,0.4149,3,-1,-1
250,64,1041.64,392.75,20.42,34.32,0.1285,1,-1,-1
251,0,707.14,627.91,54.97,143.00,0.7879,1,-1,-1
251,8,241.21,426.04,28.63,56.76,0.5010,2,-1,-1
251,30,1237.86,439.73,26.44,53.84,0.6361,1,-1,-1
251,15,136.83,423.62,46.21,40.22,0.2214,10,-1,-1
251,45,1184.68,416.62,26.14,48.89,0.4717,2,-1,-1
251,1,357.70,483.21,30.12,83.80,0.6766,1,-1,-1
251,57,241.09,443.54,31.14,47.02,0.1312,3,-1,-1
251,64,1037.20,393.87,20.18,34.00,0.4330,1,-1,-1
252,0,700.24,627.75,55.31,143.66,0.8044,1,-1,-1
252,8,233.74,425.95,28.73,56.98,0.4292,1,-1,-1
252,30,1231.06,438.97,26.68,54.06,0.5117,1,-1,-1
252,15,127.88,423.60,47.52,41.04,0.1950,10,-1,-1
252,45,1179.17,416.42,25.88,48.78,0.4388,1,-1,-1
252,1,351.79,487.28,30.16,80.88,0.4815,1,-1,-1
252,57,230.55,431.64,36.50,56.23,0.3024,3,-1,-1
252,64,1034.22,394.95,20.74,35.23,0.5234,1,-1,-1
253,0,693.80,627.60,55.58,144.58,0.8245,1,-1,-1
253,8,225.07,426.21,28.80,56.93,0.2790,2,-1,-1
253,30,1225.29,439.02,26.20,52.81,0.6460,1,-1,-1
253,15,117.13,424.80,47.11,40.66,0.1813,10,-1,-1
253,45,1173.39,415.95,25.89,49.13,0.4552,1,-1,-1
253,1,345.45,484.71,31.84,83.16,0.6397,1,-1,-1
253,57,223.00,431.39,35.72,55.30,0.2108,3,-1,-1
253,64,1031.36,395.91,20.17,34.39,0.5813,1,-1,-1
254,0,686.84,628.68,55.05,143.84,0.7827,1,-1,-1
254,8,215.91,425.28,29.96,59.42,0.5564,1,-1,-1
254,30,1218.92,438.40,26.35,52.92,0.5545,1,-1,-1
254,15,111.64,426.40,45.97,39.62,0.1188,10,-1,-1
254,45,1167.99,415.89,25.55,48.52,0.3979,1,-1,-1
254,1,338.57,484.38,34.50,87.24,0.6298,1,-1,-1
254,57,212.99,426.99,38.22,60.26,0.1778,3,-1,-1
254,64,1027.22,396.16,20.73,35.71,0.5448,1,-1,-1
255,0,681.09,629.42,54.75,143.04,0.7718,1,-1,-1
255,8,208.30,426.26,29.62,58.52,0.4668,1,-1,-1
255,30,1212.47,437.98,26.23,52.66,0.5670,1,-1,-1
255,15,100.14,426.01,47.04,40.42,0.1859,10,-1,-1
255,45,1161.65,416.54,25.77,49.03,0.2031,1,-1,-1
255,1,332.39,484.94,33.54,83.56,0.6142,1,-1,-1
255,57,205.61,427.21,37.45,59.61,0.1268,3,-1,-1
255,64,1023.31,394.09,21.75,37.98,0.5842,1,-1,-1
256,0,674.59,628.55,55.39,144.66,0.7918,1,-1,-1
256,8,199.17,425.99,29.71,58.85,0.5458,1,-1,-1
256,30,1205.40,438.21,26.18,52.47,0.1877,10,-1,-1
256,15,92.65,426.22,44.45,39.61,0.1116,2,-1,-1
256,45,1155.88,415.90,26.08,49.94,0.3478,1,-1,-1
256,1,325.87,485.28,33.76,82.47,0.4330,1,-1,-1
256,57,196.31,426.43,35.52,57.56,0.1168,2,-1,-1
256,64,1019.88,394.11,22.01,38.08,0.3961,1,-1,-1
257,0,668.53,628.56,55.27,145.18,0.8176,1,-1,-1
257,8,190.78,425.94,29.88,59.55,0.3540,1,-1,-1
257,30,1198.80,438.20,26.22,52.23,0.4102,2,-1,-1
257,15,88.08,427.40,43.28,38.84,0.1019,2,-1,-1
257,45,1150.82,414.61,24.69,47.24,0.3612,1,-1,-1
257,1,317.75,484.61,37.41,87.71,0.6316,1,-1,-1
257,57,187.91,425.91,35.77,58.99,0.3923,2,-1,-1
257,64,1015.10,391.00,23.57,40.26,0.2999,1,-1,-1
258,0,661.20,629.23,54.88,144.67,0.8081,1,-1,-1
258,8,183.08,428.35,29.37,57.96,0.4727,1,-1,-1
258,30,1191.70,437.33,26.89,53.35,0.6021,1,-1,-1
258,15,80.04,428.25,41.96,37.95,0.1172,2,-1,-1
258,45,1145.61,414.72,25.61,49.29,0.5254,1,-1,-1
258,1,313.15,488.87,34.85,80.46,0.1836,1,-1,-1
258,64,1011.08,391.84,22.91,38.97,0.1716,1,-1,-1
259,0,655.15,630.79,54.60,143.81,0.7892,1,-1,-1
259,8,175.39,430.00,27.93,55.15,0.3666,1,-1,-1
259,30,1185.25,437.41,26.72,52.98,0.6645,1,-1,-1
259,15,72.09,429.24,43.29,37.73,0.2207,10,-1,-1
259,45,1138.84,415.45,26.33,51.07,0.2401,1,-1,-1
259,1,307.45,487.18,31.76,73.77,0.1865,1,-1,-1
259,64,1008.79,393.00,19.30,32.75,0.1217,1,-1,-1
260,0,647.92,629.88,55.09,145.28,0.7957,1,-1,-1
260,8,167.04,429.07,28.22,56.09,0.3812,1,-1,-1
260,30,1178.37,436.71,27.11,53.80,0.6531,1,-1,-1
260,15,60.53,429.09,45.41,39.21,0.1116,10,-1,-1
260,45,1133.09,415.54,26.25,51.40,0.4196,1,-1,-1
261,0,642.04,632.73,53.94,142.76,0.7994,1,-1,-1
261,8,158.51,429.69,29.52,58.31,0.5098,1,-1,-1
261,30,1171.63,436.69,27.06,53.64,0.6715,1,-1,-1
261,15,48.01,429.71,45.36,39.41,0.1755,10,-1,-1
261,45,1128.22,414.88,24.36,47.78,0.4465,1,-1,-1
262,0,635.41,635.19,53.29,140.88,0.8129,1,-1,-1
262,8,150.85,431.32,26.95,53.27,0.2636,1,-1,-1
262,30,1164.70,436.46,27.33,54.13,0.7130,1,-1,-1
262,15,42.18,429.74,46.27,40.01,0.1334,10,-1,-1
262,45,1122.77,415.94,25.06,49.17,0.4932,1,-1,-1
263,0,629.53,635.77,53.35,140.64,0.7892,1,-1,-1
263,8,142.28,430.73,27.47,54.40,0.3251,1,-1,-1
263,30,1158.10,436.71,27.27,53.78,0.7114,1,-1,-1
263,15,34.30,430.47,47.30,40.40,0.1919,10,-1,-1
263,45,1117.13,415.17,23.87,46.81,0.4785,1,-1,-1
264,0,622.41,633.35,54.31,143.23,0.8117,1,-1,-1
264,8,133.66,431.71,27.53,54.01,0.2822,1,-1,-1
264,30,1151.53,436.42,27.44,54.06,0.7334,1,-1,-1
264,15,23.94,431.07,47.01,39.68,0.2583,10,-1,-1
264,45,1110.90,416.07,25.18,49.49,0.4504,2,-1,-1
265,0,617.72,634.59,54.16,142.69,0.8222,1,-1,-1
265,8,126.60,431.73,27.33,53.67,0.4330,1,-1,-1
265,30,1145.33,436.39,27.16,53.53,0.7033,1,-1,-1
265,15,17.01,431.34,47.23,39.44,0.3320,10,-1,-1
265,45,1105.39,416.16,25.83,51.26,0.2659,2,-1,-1
266,0,612.88,633.68,54.53,143.68,0.8164,1,-1,-1
266,8,119.54,430.25,30.11,58.56,0.5332,1,-1,-1
266,30,1140.47,436.02,26.84,53.12,0.6935,1,-1,-1
266,15,12.75,431.47,46.10,39.10,0.3363,10,-1,-1
266,45,1102.82,415.71,22.89,45.06,0.5879,2,-1,-1
266,64,988.16,391.32,21.67,38.09,0.5708,1,-1,-1
267,0,610.00,632.77,55.01,145.08,0.8289,1,-1,-1
267,8,115.00,430.06,31.23,60.63,0.5322,1,-1,-1
267,30,1137.38,436.02,26.95,53.55,0.7379,1,-1,-1
267,15,9.35,432.16,45.32,39.06,0.3260,10,-1,-1
267,45,1101.59,416.41,21.19,41.45,0.7146,2,-1,-1
267,71,1103.61,431.36,22.00,38.49,0.6442,3,-1,-1
267,72,758.53,343.18,60.90,27.45,0.5205,4,-1,-1
267,64,985.55,390.88,22.18,39.37,0.5651,1,-1,-1
267,1,260.72,485.64,36.04,85.68,0.5917,1,-1,-1
268,0,608.91,632.79,55.10,145.33,0.8222,1,-1,-1
268,8,111.23,429.15,31.78,62.42,0.5098,1,-1,-1
268,30,1134.78,435.22,27.10,54.26,0.7698,1,-1,-1
268,15,10.16,437.18,40.36,34.94,0.1048,10,-1,-1
268,45,1100.91,416.59,20.90,40.73,0.7114,2,-1,-1
268,71,1103.41,432.89,21.38,37.37,0.6584,3,-1,-1
268,72,756.40,343.84,60.28,27.17,0.2958,4,-1,-1
268,64,986.94,391.58,21.26,38.59,0.4552,1,-1,-1
268,1,258.93,485.64,35.69,86.52,0.7256,1,-1,-1
269,0,608.70,633.35,55.02,145.09,0.8222,1,-1,-1
269,8,110.12,429.27,31.32,62.08,0.5727,1,-1,-1
269,30,1133.19,435.13,26.91,54.31,0.7585,1,-1,-1
269,15,11.07,438.23,39.67,34.49,0.1030,10,-1,-1
269,45,1100.49,416.47,21.11,40.92,0.6851,2,-1,-1
269,71,1103.01,432.50,21.68,37.85,0.6132,3,-1,-1
269,72,753.22,344.69,58.59,26.48,0.1656,4,-1,-1
269,1,258.68,485.70,35.19,86.75,0.7334,1,-1,-1
270,0,608.93,634.73,54.61,144.01,0.8222,1,-1,-1
270,8,110.14,429.54,30.97,62.01,0.5974,1,-1,-1
270,30,1132.45,434.92,26.78,54.56,0.7498,1,-1,-1
270,45,1100.56,416.47,20.98,40.36,0.6610,2,-1,-1
270,71,1102.95,432.66,21.70,37.82,0.5927,3,-1,-1
270,72,752.47,345.22,57.11,25.92,0.1112,4,-1,-1
270,1,258.20,485.68,35.13,87.88,0.5936,1,-1,-1
271,0,609.18,634.87,54.46,143.68,0.8152,1,-1,-1
271,8,110.37,429.96,30.55,61.94,0.6252,1,-1,-1
271,30,1132.18,434.49,27.02,55.62,0.7642,1,-1,-1
271,45,1100.94,416.35,20.93,39.90,0.6540,2,-1,-1
271,71,1102.82,432.19,22.36,38.84,0.5487,3,-1,-1
271,72,749.70,348.38,49.50,22.67,0.1422,4,-1,-1
271,1,258.26,485.96,34.77,88.09,0.5804,1,-1,-1
272,0,609.37,634.85,54.40,143.59,0.8117,1,-1,-1
272,8,111.08,430.32,29.90,61.22,0.6270,1,-1,-1
272,30,1132.03,434.05,26.81,55.82,0.7556,1,-1,-1
272,45,1101.56,416.44,20.77,39.26,0.6766,2,-1,-1
272,71,1103.21,431.91,22.61,39.09,0.5813,3,-1,-1
272,72,749.27,349.79,46.00,21.26,0.1683,4,-1,-1
272,1,259.20,485.97,34.30,88.07,0.6234,1,-1,-1
273,0,609.50,634.95,54.26,143.33,0.8117,1,-1,-1
273,8,111.29,430.16,29.98,62.05,0.6142,1,-1,-1
273,30,1132.15,433.78,26.22,55.17,0.7409,1,-1,-1
273,45,1102.28,416.46,20.50,38.46,0.6451,2,-1,-1
273,71,1103.76,431.85,22.75,39.18,0.5000,3,-1,-1
273,72,750.42,349.88,45.60,21.26,0.1525,4,-1,-1
273,1,259.54,485.73,34.08,88.36,0.5765,1,-1,-1
274,0,609.70,634.98,54.18,143.21,0.8117,1,-1,-1
274,8,112.21,430.45,29.30,61.14,0.6123,1,-1,-1
274,30,1132.22,433.55,25.82,54.88,0.7469,1,-1,-1
274,45,1102.65,416.72,20.55,38.42,0.6397,2,-1,-1
274,71,1103.86,431.77,22.80,39.15,0.5583,3,-1,-1
274,72,751.03,349.67,45.65,21.50,0.1156,4,-1,-1
274,1,260.16,485.68,33.73,88.15,0.5631,1,-1,-1
275,0,609.92,635.17,54.09,142.94,0.8152,1,-1,-1
275,8,112.79,430.44,28.96,60.89,0.6179,1,-1,-1
275,30,1132.33,433.38,25.50,54.74,0.7287,1,-1,-1
275,45,1103.00,416.77,20.74,38.74,0.6142,2,-1,-1
275,71,1104.30,432.45,22.61,38.66,0.5351,3,-1,-1
275,72,751.55,350.10,44.29,21.08,0.1772,4,-1,-1
275,1,261.03,485.08,33.23,87.54,0.5917,1,-1,-1
276,0,610.02,635.23,54.08,142.85,0.8117,1,-1,-1
276,8,113.12,430.36,28.82,60.92,0.6142,1,-1,-1
276,30,1132.29,433.29,25.27,54.75,0.7146,1,-1,-1
276,45,1103.32,416.78,20.81,38.86,0.6179,2,-1,-1
276,71,1104.44,431.92,22.54,38.41,0.5390,3,-1,-1
276,72,751.75,350.53,43.08,20.69,0.1750,4,-1,-1
276,1,261.29,483.99,33.20,87.96,0.6783,1,-1,-1
277,0,610.27,635.44,54.01,142.66,0.8129,1,-1,-1
277,8,112.92,429.82,28.93,61.46,0.6179,1,-1,-1
277,30,1132.35,433.15,24.97,54.63,0.6697,1,-1,-1
277,45,1103.46,416.57,21.47,40.09,0.6433,2,-1,-1
277,71,1105.77,431.24,23.25,39.26,0.5409,3,-1,-1
277,72,751.88,350.89,41.99,20.34,0.2127,4,-1,-1
277,1,261.26,483.91,32.96,87.28,0.7780,1,-1,-1
278,0,610.42,635.57,54.01,142.60,0.8117,1,-1,-1
278,8,113.01,429.41,29.16,62.21,0.5993,1,-1,-1
278,30,1131.67,432.93,25.40,56.31,0.6876,1,-1,-1
278,45,1103.70,416.66,21.94,41.03,0.6011,2,-1,-1
278,71,1106.06,430.65,23.69,39.73,0.5176,3,-1,-1
278,72,752.19,351.20,41.04,20.02,0.2358,4,-1,-1
278,1,260.95,483.50,33.06,87.42,0.7684,1,-1,-1
279,0,610.49,635.79,53.92,142.40,0.8081,1,-1,-1
279,8,113.80,429.68,29.19,62.23,0.5898,1,-1,-1
279,30,1131.28,432.72,25.22,56.59,0.6843,1,-1,-1
279,45,1103.26,416.47,23.68,44.65,0.5784,2,-1,-1
279,71,1106.94,430.62,23.68,39.28,0.4571,3,-1,-1
279,72,752.66,351.20,40.57,19.96,0.2621,4,-1,-1
279,1,260.41,483.30,33.37,87.89,0.7614,1,-1,-1
280,0,610.67,635.56,54.06,142.73,0.8081,1,-1,-1
280,8,114.20,429.66,29.38,62.46,0.5554,1,-1,-1
280,30,1130.62,432.29,25.16,56.94,0.6758,1,-1,-1
280,45,1103.04,416.76,24.77,47.15,0.5361,2,-1,-1
280,71,1107.09,430.51,23.84,39.06,0.3260,3,-1,-1
280,72,752.75,351.09,40.42,20.02,0.2775,4,-1,-1
280,1,259.95,483.21,33.03,86.51,0.7599,1,-1,-1
281,0,610.77,635.53,54.06,142.78,0.8081,1,-1,-1
281,8,114.33,429.77,29.32,62.26,0.5332,1,-1,-1
281,30,1130.01,432.17,24.69,56.02,0.6415,1,-1,-1
281,45,1103.33,416.94,24.82,47.65,0.5477,2,-1,-1
281,71,1107.01,430.42,23.72,38.60,0.3666,3,-1,-1
281,72,752.43,351.16,40.09,19.99,0.2365,4,-1,-1
281,1,259.47,482.80,33.24,86.46,0.7712,1,-1,-1
282,0,610.76,635.51,54.08,142.88,0.8056,1,-1,-1
282,8,114.56,429.84,29.19,61.90,0.5312,1,-1,-1
282,30,1129.70,431.82,24.82,56.41,0.7025,1,-1,-1
282,45,1103.80,416.97,25.11,48.80,0.4717,2,-1,-1
282,71,1106.27,428.80,24.48,39.92,0.3720,3,-1,-1
282,72,752.68,351.36,39.31,19.74,0.2539,4,-1,-1
282,1,259.13,482.36,33.68,87.00,0.7484,1,-1,-1
283,0,610.79,635.44,54.14,142.96,0.8081,1,-1,-1
283,8,114.61,429.96,28.99,61.51,0.5400,1,-1,-1
283,30,1128.95,431.73,24.10,54.63,0.6968,1,-1,-1
283,45,1104.32,417.50,24.79,48.58,0.4854,2,-1,-1
283,71,1106.16,428.10,24.64,40.27,0.3648,3,-1,-1
283,72,752.97,351.55,38.72,19.56,0.2583,4,-1,-1
283,1,258.85,482.07,34.02,87.33,0.7210,1,-1,-1
283,74,1024.81,391.58,19.04,39.50,0.6415,1,-1,-1
284,0,610.85,635.53,54.15,142.89,0.8069,1,-1,-1
284,8,114.66,429.89,29.02,61.65,0.5400,1,-1,-1
284,30,1128.66,431.68,24.25,54.83,0.6926,1,-1,-1
284,45,1104.82,417.34,24.87,49.18,0.4111,2,-1,-1
284,71,1106.54,427.45,24.83,40.94,0.3630,3,-1,-1
284,72,752.87,351.63,38.35,19.48,0.2870,4,-1,-1
284,1,258.56,482.26,34.42,87.67,0.7349,1,-1,-1
284,74,1026.25,391.13,19.23,39.84,0.6645,1,-1,-1
285,0,610.88,635.44,54.23,143.03,0.8044,1,-1,-1
285,8,114.71,429.87,28.93,61.63,0.5574,1,-1,-1
285,30,1127.60,431.28,24.33,54.76,0.6783,1,-1,-1
285,45,1105.29,416.99,25.07,50.12,0.2451,1,-1,-1
285,71,1107.32,427.22,24.73,41.16,0.3684,3,-1,-1
285,72,752.90,351.63,38.15,19.49,0.2870,4,-1,-1
285,1,257.97,482.48,34.72,87.68,0.7033,1,-1,-1
285,74,1027.61,391.13,19.04,39.31,0.2894,1,-1,-1
286,0,611.05,635.52,54.38,143.11,0.8032,1,-1,-1
286,8,114.96,429.45,29.21,62.37,0.5670,1,-1,-1
286,30,1127.39,431.44,24.19,54.25,0.6935,1,-1,-1
286,45,1105.89,416.91,25.09,50.72,0.2408,1,-1,-1
286,71,1107.60,426.31,24.86,41.85,0.3905,3,-1,-1
286,72,752.84,351.87,37.92,19.34,0.2127,4,-1,-1
286,1,257.24,482.67,35.04,87.77,0.7527,1,-1,-1
286,74,1029.90,391.83,17.29,35.42,0.1078,1,-1,-1
287,0,611.13,635.31,54.51,143.15,0.8032,1,-1,-1
287,8,115.04,429.23,29.34,62.79,0.5670,1,-1,-1
287,30,1126.96,431.52,23.67,52.81,0.6593,1,-1,-1
287,45,1106.66,416.69,24.60,50.07,0.2744,1,-1,-1
287,71,1107.55,423.55,25.85,44.15,0.3260,3,-1,-1
287,72,752.47,351.82,37.96,19.37,0.2114,4,-1,-1
287,1,256.71,483.16,35.20,87.53,0.7556,1,-1,-1
288,0,611.15,635.16,54.55,143.03,0.8044,1,-1,-1
288,8,114.83,428.97,29.53,63.33,0.5879,1,-1,-1
288,30,1126.24,431.65,23.53,52.41,0.7178,1,-1,-1
288,45,1107.43,416.63,24.72,50.72,0.2910,1,-1,-1
288,71,1107.76,422.07,26.15,45.38,0.3775,3,-1,-1
288,72,752.45,351.71,37.91,19.38,0.1931,4,-1,-1
288,1,256.20,483.50,35.48,87.66,0.7424,1,-1,-1
289,0,611.12,635.35,54.51,142.67,0.8044,1,-1,-1
289,8,114.53,428.52,29.82,64.06,0.5823,1,-1,-1
289,30,1125.08,430.61,24.16,53.92,0.7334,1,-1,-1
289,45,1108.16,417.55,24.33,50.26,0.4649,1,-1,-1
289,72,751.96,351.66,37.95,19.39,0.1913,4,-1,-1
289,1,256.02,484.03,35.67,87.68,0.7287,1,-1,-1
290,0,611.01,635.48,54.55,142.54,0.7994,1,-1,-1
290,8,114.34,427.95,30.03,64.62,0.5898,1,-1,-1
290,30,1124.12,429.42,24.65,55.32,0.7241,1,-1,-1
290,45,1109.79,417.88,23.61,49.18,0.4504,1,-1,-1
290,72,752.10,351.65,37.78,19.32,0.1842,4,-1,-1
290,1,255.90,484.24,35.63,87.20,0.7349,1,-1,-1
290,76,243.71,482.84,50.68,92.90,0.4912,1,-1,-1
291,0,610.73,635.66,54.66,142.50,0.8007,1,-1,-1
291,8,113.97,427.43,30.20,65.06,0.6086,1,-1,-1
291,30,1123.24,428.32,24.91,56.09,0.6935,1,-1,-1
291,45,1110.74,417.51,23.57,49.42,0.4678,1,-1,-1
291,72,751.68,351.44,37.93,19.42,0.1790,4,-1,-1
291,1,255.88,484.38,35.52,86.70,0.7318,1,-1,-1
291,76,243.86,482.86,50.45,92.45,0.4941,1,-1,-1
292,0,610.34,635.78,54.83,142.51,0.7982,1,-1,-1
292,8,113.44,426.90,30.35,65.39,0.6142,1,-1,-1
292,30,1122.11,428.13,25.30,56.59,0.5660,1,-1,-1
292,45,1111.19,417.15,23.61,49.94,0.5127,1,-1,-1
292,72,750.99,351.13,38.38,19.67,0.1883,4,-1,-1
292,1,255.83,484.47,35.37,86.26,0.7178,1,-1,-1
292,76,240.83,482.90,51.55,94.30,0.1380,1,-1,-1
293,0,609.86,635.89,55.00,142.40,0.8019,1,-1,-1
293,8,112.81,426.37,30.52,65.54,0.6252,1,-1,-1
293,30,1121.33,426.49,25.75,57.09,0.1727,1,-1,-1
293,45,1111.98,417.68,23.31,49.07,0.1824,1,-1,-1
293,72,750.16,350.81,38.95,19.96,0.1950,4,-1,-1
293,1,255.64,483.77,35.74,87.26,0.7017,1,-1,-1
293,76,240.89,482.07,51.75,94.50,0.4805,1,-1,-1
294,0,609.52,636.05,54.99,141.89,0.8007,1,-1,-1
294,8,112.78,425.93,30.95,66.33,0.6215,1,-1,-1
294,30,1120.49,425.54,26.13,57.23,0.1394,1,-1,-1
294,45,1112.89,417.78,23.54,49.54,0.1168,2,-1,-1
294,72,749.63,350.51,39.60,20.24,0.1931,4,-1,-1
294,1,255.38,483.53,35.92,87.79,0.7162,1,-1,-1
294,76,241.94,481.82,51.99,95.18,0.6910,1,-1,-1
295,0,609.06,636.54,54.96,141.34,0.8032,1,-1,-1
295,8,113.07,425.68,31.22,66.65,0.6252,1,-1,-1
295,30,1118.65,423.08,27.85,60.93,0.5946,1,-1,-1
295,72,749.31,350.21,40.26,20.53,0.1750,4,-1,-1
295,1,255.14,482.94,36.00,88.16,0.7642,1,-1,-1
295,76,241.60,481.54,51.99,95.47,0.7122,1,-1,-1
296,0,608.74,636.66,55.31,142.12,0.7879,1,-1,-1
296,8,112.99,425.56,31.32,66.53,0.6160,1,-1,-1
296,30,1117.46,420.80,29.25,64.00,0.6843,1,-1,-1
296,72,749.33,350.04,40.62,20.67,0.1471,4,-1,-1
296,1,254.52,483.00,35.97,88.13,0.7684,1,-1,-1
296,76,240.98,481.92,51.85,95.53,0.5660,1,-1,-1
297,0,608.26,635.59,56.12,144.51,0.7866,1,-1,-1
297,8,112.09,426.27,31.67,66.96,0.5964,1,-1,-1
297,30,1117.21,420.32,29.28,64.13,0.6706,1,-1,-1
297,72,749.40,350.00,40.67,20.65,0.1334,4,-1,-1
297,1,253.68,483.44,36.03,88.08,0.7527,1,-1,-1
297,76,240.73,482.31,51.63,95.52,0.5908,1,-1,-1
298,0,607.78,636.23,55.96,144.45,0.7918,1,-1,-1
298,8,111.20,426.67,32.05,67.44,0.5983,1,-1,-1
298,30,1117.25,420.24,28.98,63.64,0.6095,1,-1,-1
298,72,752.61,347.98,46.99,23.34,0.1048,9,-1,-1
298,1,252.73,484.25,35.96,87.56,0.7599,1,-1,-1
298,76,240.20,483.00,51.48,95.59,0.6151,1,-1,-1
299,0,606.96,636.59,56.19,145.33,0.7905,1,-1,-1
299,8,110.34,427.24,32.26,67.58,0.5946,1,-1,-1
299,30,1116.63,420.53,28.47,62.95,0.6628,1,-1,-1
299,72,754.47,346.88,51.30,24.81,0.1089,9,-1,-1
299,1,251.73,484.73,35.91,87.06,0.7712,1,-1,-1
299,76,239.56,483.39,51.38,95.63,0.5889,1,-1,-1
300,0,606.19,636.73,56.27,145.97,0.7800,1,-1,-1
300,8,109.33,427.05,32.67,68.11,0.5832,1,-1,-1
300,30,1116.99,419.42,28.90,63.87,0.6876,1,-1,-1
300,72,754.79,346.24,54.64,25.81,0.1105,9,-1,-1
300,1,250.46,484.96,36.41,87.92,0.7614,1,-1,-1
300,76,238.04,483.45,52.24,97.42,0.6943,1,-1,-1
301,0,605.12,636.10,56.82,148.08,0.7635,1,-1,-1
301,8,108.40,427.87,32.62,67.53,0.6567,1,-1,-1
301,30,1116.50,418.85,29.16,64.51,0.7349,1,-1,-1
301,1,249.51,484.59,36.90,88.50,0.8026,1,-1,-1
301,76,237.04,483.77,52.54,97.97,0.6619,1,-1,-1
301,77,1061.02,389.59,16.74,38.17,0.5860,1,-1,-1
302,0,604.56,636.96,56.81,148.54,0.7746,1,-1,-1
302,8,107.40,428.40,32.69,67.14,0.6584,1,-1,-1
302,30,1116.37,418.77,29.40,64.88,0.7513,1,-1,-1
302,1,248.60,484.75,36.92,88.19,0.8062,1,-1,-1
302,76,237.38,484.13,51.90,96.94,0.5564,1,-1,-1
302,77,1061.86,387.96,17.45,39.83,0.5039,1,-1,-1
302,78,151.12,437.74,25.89,56.29,0.5889,1,-1,-1
303,0,604.20,638.89,56.47,147.53,0.8019,1,-1,-1
303,8,106.17,427.65,32.53,66.83,0.6197,1,-1,-1
303,30,1116.30,419.94,29.12,63.99,0.7379,1,-1,-1
303,1,247.34,485.17,36.80,87.87,0.8111,1,-1,-1
303,77,1063.42,386.35,17.95,41.07,0.5254,1,-1,-1
303,78,150.62,438.38,25.88,56.20,0.4863,1,-1,-1
304,0,602.72,639.87,56.30,147.48,0.8210,1,-1,-1
304,8,104.91,427.72,32.69,66.70,0.6766,1,-1,-1
304,30,1116.27,420.49,29.16,63.54,0.7556,1,-1,-1
304,1,245.99,485.99,36.56,87.45,0.7599,1,-1,-1
304,77,1064.93,385.70,18.13,41.56,0.5525,1,-1,-1
304,78,149.72,438.08,26.48,57.36,0.4417,1,-1,-1
305,0,600.17,640.54,56.85,149.26,0.8256,1,-1,-1
305,8,102.83,428.20,31.06,63.45,0.5823,1,-1,-1
305,30,1115.95,420.69,29.54,62.97,0.6234,1,-1,-1
305,1,243.60,487.83,36.04,85.78,0.6901,1,-1,-1
305,77,1066.15,385.28,18.69,42.84,0.6049,1,-1,-1
305,78,148.10,439.34,25.58,54.91,0.1366,2,-1,-1
306,0,598.54,641.88,56.84,149.61,0.8387,1,-1,-1
306,8,98.25,429.28,31.78,64.49,0.5244,1,-1,-1
306,30,1115.75,419.95,27.59,57.42,0.5993,2,-1,-1
306,1,239.53,489.08,36.64,87.08,0.7409,1,-1,-1
306,77,1067.36,386.52,17.80,40.69,0.5593,1,-1,-1
306,78,143.93,440.42,26.10,55.53,0.1334,2,-1,-1
307,0,594.92,642.44,57.24,151.34,0.8069,1,-1,-1
307,8,94.19,429.36,31.56,64.28,0.5400,1,-1,-1
307,30,1113.67,420.09,27.44,56.29,0.6142,2,-1,-1
307,1,235.92,489.78,36.74,86.86,0.7718,1,-1,-1
307,77,1067.89,387.02,17.57,40.08,0.5496,1,-1,-1
307,78,139.07,439.35,26.86,56.94,0.3979,1,-1,-1
308,0,591.42,644.30,56.73,150.76,0.8164,1,-1,-1
308,8,90.20,430.25,32.24,65.41,0.6706,1,-1,-1
308,30,1112.22,419.95,28.00,56.65,0.5784,2,-1,-1
308,1,232.60,490.10,36.89,86.71,0.7491,1,-1,-1
308,77,1068.18,387.50,17.20,39.18,0.5458,1,-1,-1
308,78,135.94,438.03,27.68,58.13,0.2775,2,-1,-1
309,0,588.85,644.00,57.42,152.70,0.8233,1,-1,-1
309,8,87.10,430.59,32.31,65.76,0.5351,1,-1,-1
309,30,1112.48,419.71,28.31,57.17,0.5689,2,-1,-1
309,1,229.00,490.36,38.08,89.41,0.7454,1,-1,-1
309,77,1068.79,385.70,17.29,39.67,0.6343,1,-1,-1
309,78,132.24,438.68,27.39,57.32,0.2344,2,-1,-1
309,45,1109.66,424.29,29.51,58.91,0.4620,1,-1,-1
310,0,586.95,644.91,57.96,154.12,0.8376,1,-1,-1
310,8,85.23,430.59,32.51,65.82,0.5631,1,-1,-1
310,30,1112.91,419.71,27.98,56.42,0.5993,2,-1,-1
310,1,225.93,490.73,38.83,90.80,0.7364,1,-1,-1
310,77,1069.94,385.15,17.30,39.99,0.4844,1,-1,-1
310,78,129.72,441.39,26.58,55.15,0.3208,1,-1,-1
310,45,1108.32,424.80,30.29,58.55,0.3603,1,-1,-1
311,0,585.74,646.59,57.89,153.48,0.8222,1,-1,-1
311,8,83.38,430.92,32.70,65.76,0.6343,1,-1,-1
311,30,1115.03,419.10,26.29,53.14,0.5612,2,-1,-1
311,1,223.65,490.98,39.35,91.66,0.7484,1,-1,-1
311,77,1070.64,383.30,18.15,42.21,0.4465,1,-1,-1
311,78,128.02,441.76,26.38,54.62,0.4737,1,-1,-1
311,45,1111.70,432.64,29.89,50.67,0.4971,10,-1,-1
312,0,584.83,648.25,57.64,153.11,0.8081,1,-1,-1
312,8,82.15,431.28,32.79,65.53,0.6645,1,-1,-1
312,30,1117.27,419.02,24.58,49.57,0.5727,2,-1,-1
312,1,222.58,490.98,39.45,91.49,0.7820,1,-1,-1
312,77,1071.60,381.86,18.59,43.67,0.5593,1,-1,-1
312,78,126.26,441.75,26.59,55.30,0.5832,1,-1,-1
312,45,1112.91,436.89,29.99,45.88,0.4766,10,-1,-1
313,0,583.42,650.15,57.53,152.50,0.8164,1,-1,-1
313,8,80.48,431.18,33.11,65.95,0.6270,1,-1,-1
313,30,1119.01,419.37,23.97,48.31,0.5380,2,-1,-1
313,1,220.90,491.10,39.98,92.41,0.7484,1,-1,-1
313,77,1074.09,383.14,17.81,42.10,0.6123,1,-1,-1
313,78,125.12,441.28,26.80,56.15,0.5908,1,-1,-1
313,45,1113.17,438.46,31.28,43.99,0.4630,10,-1,-1
314,0,581.68,651.21,58.00,153.47,0.7931,1,-1,-1
314,8,79.55,430.73,33.73,66.73,0.6968,1,-1,-1
314,30,1120.63,419.49,23.80,47.87,0.5176,2,-1,-1
314,1,218.51,491.35,40.34,93.19,0.7287,1,-1,-1
314,77,1076.68,386.44,16.80,39.47,0.6215,1,-1,-1
314,78,124.50,441.37,26.92,56.58,0.6225,1,-1,-1
314,45,1112.51,438.96,32.49,42.67,0.4600,10,-1,-1
315,0,579.40,651.52,58.64,154.82,0.8069,1,-1,-1
315,8,78.21,430.67,34.79,68.42,0.6487,1,-1,-1
315,30,1121.87,419.55,23.61,47.34,0.5516,2,-1,-1
315,1,216.02,493.55,40.47,92.52,0.7341,1,-1,-1
315,77,1079.05,387.99,16.48,38.51,0.6732,1,-1,-1
315,78,122.86,440.85,27.18,57.57,0.5506,1,-1,-1
315,45,1111.71,438.93,34.60,43.00,0.4766,10,-1,-1
316,0,576.53,653.08,58.21,154.75,0.8129,1,-1,-1
316,8,76.12,430.08,35.48,69.99,0.6307,1,-1,-1
316,30,1122.93,420.20,23.76,47.84,0.4932,2,-1,-1
316,1,213.55,495.46,39.23,88.50,0.7753,1,-1,-1
316,77,1080.07,387.97,17.12,39.43,0.6984,1,-1,-1
316,78,121.07,439.61,27.37,57.87,0.2075,2,-1,-1
316,45,1111.09,439.55,36.65,43.23,0.4092,3,-1,-1
317,0,573.66,654.07,58.57,155.79,0.8520,1,-1,-1
317,8,72.26,430.57,35.63,69.88,0.6379,1,-1,-1
317,30,1122.16,421.39,22.57,45.31,0.4912,2,-1,-1
317,1,209.85,495.97,39.38,87.53,0.7677,1,-1,-1
317,77,1079.63,386.23,18.41,41.99,0.6783,1,-1,-1
317,78,117.52,439.43,27.83,58.99,0.2180,1,-1,-1
317,45,1108.51,439.29,38.85,43.36,0.4378,3,-1,-1
317,80,1099.21,430.02,22.86,51.13,0.6252,1,-1,-1
318,0,569.16,655.64,58.84,156.41,0.8490,1,-1,-1
318,8,66.26,432.11,34.22,67.17,0.5117,1,-1,-1
318,30,1120.00,422.18,22.97,46.58,0.3711,1,-1,-1
318,1,202.55,496.04,40.69,89.32,0.7106,1,-1,-1
318,77,1078.21,386.67,18.08,41.39,0.6325,1,-1,-1
318,45,1112.79,444.09,35.94,38.60,0.2436,3,-1,-1
318,80,1095.14,429.79,23.59,52.74,0.7585,1,-1,-1
319,0,562.87,659.84,58.13,155.01,0.8032,1,-1,-1
319,8,58.13,432.95,33.68,66.29,0.5784,1,-1,-1
319,30,1116.45,422.28,23.17,47.17,0.3657,1,-1,-1
319,1,193.65,496.92,41.27,89.43,0.7154,1,-1,-1
319,77,1075.62,387.69,16.96,38.73,0.6179,1,-1,-1
319,45,1110.73,439.61,38.23,41.57,0.1045,3,-1,-1
319,80,1089.25,428.46,24.06,53.85,0.6663,1,-1,-1
320,0,556.72,662.33,58.72,155.80,0.7635,1,-1,-1
320,8,49.27,432.86,34.50,68.12,0.6225,1,-1,-1
320,30,1112.19,422.83,22.63,45.99,0.5860,2,-1,-1
320,1,183.84,497.91,40.95,88.83,0.6766,1,-1,-1
320,45,1107.95,440.81,36.90,40.38,0.2108,3,-1,-1
320,80,1083.70,429.81,23.37,52.27,0.6593,1,-1,-1
321,0,550.69,663.21,59.73,157.70,0.8187,1,-1,-1
321,8,41.59,435.07,34.17,67.01,0.5419,1,-1,-1
321,30,1110.17,422.93,21.44,43.72,0.5612,2,-1,-1
321,1,175.45,499.50,41.11,88.78,0.7476,1,-1,-1
321,45,1106.86,442.90,35.10,38.51,0.3540,3,-1,-1
321,80,1079.45,431.75,22.74,50.80,0.6749,1,-1,-1
322,0,543.83,665.65,59.90,158.00,0.8152,1,-1,-1
322,8,35.33,433.89,35.86,69.99,0.7066,1,-1,-1
322,30,1108.16,423.17,21.27,43.49,0.5689,2,-1,-1
322,1,168.48,500.94,42.20,90.39,0.7402,1,-1,-1
322,45,1104.80,444.68,34.14,37.45,0.3961,3,-1,-1
322,80,1075.68,431.71,22.88,51.11,0.6935,1,-1,-1
322,81,1066.27,388.22,15.55,38.74,0.6645,1,-1,-1
323,0,539.81,667.21,60.21,158.25,0.8056,1,-1,-1
323,8,31.00,434.26,36.54,70.76,0.7033,1,-1,-1
323,30,1107.06,423.23,21.37,43.70,0.6522,2,-1,-1
323,1,163.26,501.98,42.51,90.58,0.7264,1,-1,-1
323,45,1103.00,445.19,34.34,37.41,0.4824,3,-1,-1
323,80,1073.20,432.35,22.67,50.54,0.6663,1,-1,-1
323,81,1066.00,388.42,15.38,38.30,0.6487,1,-1,-1
324,0,537.94,667.86,61.34,159.86,0.8019,1,-1,-1
324,8,27.59,434.82,36.81,71.11,0.6478,1,-1,-1
324,30,1106.88,423.23,21.28,43.39,0.6487,2,-1,-1
324,1,158.45,502.23,42.50,91.25,0.7698,1,-1,-1
324,45,1102.75,445.43,35.10,38.40,0.4785,3,-1,-1
324,80,1071.86,432.59,22.64,50.41,0.6715,1,-1,-1
324,81,1066.29,388.32,15.44,38.49,0.6628,1,-1,-1
325,0,534.45,670.21,61.25,159.60,0.8199,1,-1,-1
325,8,24.32,434.02,37.73,72.72,0.6834,1,-1,-1
325,30,1107.93,423.58,21.31,43.18,0.5898,2,-1,-1
325,1,155.49,502.73,42.10,91.13,0.7705,1,-1,-1
325,45,1106.47,448.06,32.36,35.77,0.3757,3,-1,-1
325,80,1071.38,432.92,22.68,50.36,0.6834,1,-1,-1
325,81,1067.76,387.13,15.41,38.43,0.6749,1,-1,-1
326,0,532.24,672.34,61.04,159.26,0.8007,1,-1,-1
326,8,22.00,433.72,38.55,74.00,0.7114,1,-1,-1
326,30,1109.65,423.75,20.73,41.67,0.5898,2,-1,-1
326,1,153.35,503.58,41.42,90.50,0.7387,1,-1,-1
326,45,1107.51,447.57,32.63,36.64,0.3416,3,-1,-1
326,80,1070.95,432.62,22.79,50.48,0.6834,1,-1,-1
326,81,1069.26,386.23,15.98,39.96,0.6645,1,-1,-1
327,0,529.84,672.91,61.54,161.15,0.8044,1,-1,-1
327,8,20.43,433.82,38.46,73.70,0.6885,1,-1,-1
327,30,1110.98,423.78,21.49,42.39,0.6011,2,-1,-1
327,1,151.83,504.49,40.87,89.77,0.7058,1,-1,-1
327,45,1107.33,443.22,35.47,40.81,0.3416,3,-1,-1
327,80,1070.54,432.60,22.85,50.42,0.7210,1,-1,-1
327,81,1071.19,387.33,15.33,38.36,0.5593,1,-1,-1
328,0,528.28,674.98,60.97,160.69,0.7773,1,-1,-1
328,8,19.22,433.85,38.47,73.67,0.6918,1,-1,-1
328,30,1111.82,423.96,20.56,39.99,0.6123,2,-1,-1
328,1,149.57,504.26,40.93,90.96,0.7379,1,-1,-1
328,45,1107.11,440.52,36.98,43.61,0.4073,3,-1,-1
328,80,1070.19,432.49,22.94,50.45,0.7303,1,-1,-1
328,81,1072.98,387.57,14.58,36.48,0.5224,1,-1,-1
329,0,526.41,674.96,61.22,163.15,0.7969,1,-1,-1
329,8,18.48,433.91,38.46,73.22,0.6901,1,-1,-1
329,30,1112.37,423.78,23.38,45.07,0.5993,2,-1,-1
329,1,147.66,503.60,41.46,92.88,0.7656,1,-1,-1
329,45,1105.96,433.83,41.00,50.16,0.1836,3,-1,-1
329,80,1069.65,432.23,23.19,50.79,0.7684,1,-1,-1
329,81,1074.30,386.86,15.27,38.19,0.5670,1,-1,-1
329,85,67.93,445.35,26.87,61.04,0.5224,1,-1,-1
330,0,524.41,676.08,61.65,165.67,0.8044,1,-1,-1
330,8,16.97,433.59,38.74,73.79,0.6663,1,-1,-1
330,30,1112.38,423.76,26.22,50.65,0.6105,2,-1,-1
330,1,146.24,503.35,42.07,94.83,0.7820,1,-1,-1
330,45,1108.31,436.14,38.72,48.29,0.1836,3,-1,-1
330,80,1069.34,431.94,23.61,51.51,0.7599,1,-1,-1
330,81,1075.31,386.23,15.57,38.90,0.5898,1,-1,-1
330,85,66.25,445.81,27.05,61.34,0.3208,2,-1,-1
331,0,523.34,677.01,61.71,167.01,0.8256,1,-1,-1
331,8,14.14,431.70,39.83,76.47,0.6800,1,-1,-1
331,30,1112.32,423.86,27.98,54.54,0.4961,2,-1,-1
331,1,143.19,503.14,43.37,99.36,0.7793,1,-1,-1
331,45,1108.47,433.34,40.29,51.56,0.1184,3,-1,-1
331,80,1069.12,430.75,24.38,52.99,0.7303,1,-1,-1
331,81,1076.81,385.75,16.01,39.74,0.5593,1,-1,-1
331,85,64.58,446.53,27.02,61.07,0.4961,1,-1,-1
331,86,752.73,351.14,27.64,18.44,0.4571,4,-1,-1
332,0,521.90,678.60,61.63,167.92,0.8267,1,-1,-1
332,8,12.51,432.15,39.52,76.37,0.6918,1,-1,-1
332,30,1113.14,424.25,28.08,55.16,0.5195,2,-1,-1
332,1,142.09,504.10,42.09,96.83,0.7963,1,-1,-1
332,45,1110.94,436.69,37.46,48.57,0.1813,3,-1,-1
332,80,1069.11,430.26,24.68,53.51,0.7334,1,-1,-1
332,81,1078.46,384.86,16.02,39.32,0.5205,1,-1,-1
332,85,63.07,446.23,27.43,61.72,0.5879,1,-1,-1
332,86,752.50,351.08,27.92,18.61,0.4206,4,-1,-1
333,0,519.55,681.49,61.29,167.74,0.8429,1,-1,-1
333,8,10.76,432.78,39.34,76.14,0.7793,1,-1,-1
333,30,1115.07,424.58,25.60,49.94,0.5689,2,-1,-1
333,1,139.61,504.68,42.49,98.81,0.7656,1,-1,-1
333,45,1114.38,443.21,32.94,42.64,0.3522,3,-1,-1
333,80,1069.18,430.18,24.79,53.67,0.7256,1,-1,-1
333,81,1080.37,384.11,16.27,39.74,0.1618,1,-1,-1
333,85,60.84,445.37,28.02,62.86,0.5020,1,-1,-1
333,86,752.53,351.06,28.09,18.71,0.3951,4,-1,-1
334,0,517.26,684.33,60.73,167.36,0.8300,1,-1,-1
334,8,8.23,433.67,39.15,75.72,0.7424,1,-1,-1
334,30,1116.87,425.14,23.49,44.85,0.5917,2,-1,-1
334,1,138.53,507.07,40.78,94.61,0.7186,1,-1,-1
334,45,1116.56,446.43,31.14,40.26,0.2991,3,-1,-1
334,80,1069.33,430.68,24.68,53.31,0.7334,1,-1,-1
334,81,1081.94,382.61,16.77,41.04,0.1362,1,-1,-1
334,85,57.94,445.33,28.36,63.63,0.5993,1,-1,-1
334,86,752.49,351.00,28.37,18.88,0.3294,4,-1,-1
335,0,515.89,687.58,60.30,166.78,0.8322,1,-1,-1
335,8,6.09,434.50,38.71,74.76,0.6361,1,-1,-1
335,30,1117.92,425.12,22.49,42.05,0.6067,2,-1,-1
335,1,136.75,508.13,39.66,92.12,0.7549,1,-1,-1
335,45,1118.34,449.20,30.18,38.83,0.3311,3,-1,-1
335,80,1069.56,431.38,24.46,52.78,0.7394,1,-1,-1
335,81,1083.55,383.33,16.86,41.45,0.3082,1,-1,-1
335,85,55.97,446.36,27.84,62.53,0.6215,1,-1,-1
335,86,752.58,350.42,29.18,19.43,0.3149,4,-1,-1
336,0,513.38,690.16,60.27,167.51,0.8081,1,-1,-1
336,8,4.87,436.01,38.16,73.66,0.6758,1,-1,-1
336,30,1118.22,425.21,22.55,41.52,0.6234,2,-1,-1
336,1,134.11,508.76,39.84,93.40,0.5889,1,-1,-1
336,45,1119.41,450.09,29.48,37.56,0.2983,3,-1,-1
336,80,1069.65,432.04,24.33,52.50,0.7439,1,-1,-1
336,81,1084.74,383.25,16.87,42.05,0.5487,1,-1,-1
336,85,53.94,446.76,28.06,62.84,0.5946,1,-1,-1
336,86,752.14,349.82,30.02,20.08,0.2261,4,-1,-1
336,87,1345.74,371.30,69.15,28.57,0.4591,5,-1,-1
337,0,510.04,692.74,60.64,168.94,0.8245,1,-1,-1
337,8,2.26,437.39,37.62,72.76,0.6960,1,-1,-1
337,30,1118.56,425.21,23.71,43.52,0.6575,2,-1,-1
337,1,131.75,509.17,40.02,93.56,0.6602,1,-1,-1
337,45,1120.28,450.14,30.24,38.04,0.4282,3,-1,-1
337,80,1069.63,432.08,24.43,52.84,0.7484,1,-1,-1
337,81,1086.03,384.80,16.53,41.47,0.6325,1,-1,-1
337,85,51.27,446.74,28.10,62.75,0.6584,1,-1,-1
337,86,752.50,348.03,32.61,21.88,0.1790,4,-1,-1
337,87,1346.62,371.47,68.71,28.39,0.2942,5,-1,-1
338,0,507.01,694.69,61.39,171.41,0.8069,1,-1,-1
338,8,0.51,438.19,37.83,73.26,0.6860,1,-1,-1
338,30,1118.84,425.18,24.47,44.87,0.6160,2,-1,-1
338,1,128.86,510.56,40.36,94.46,0.7379,1,-1,-1
338,45,1120.60,450.25,30.33,37.97,0.3886,3,-1,-1
338,80,1069.76,432.29,24.54,53.09,0.7424,1,-1,-1
338,81,1087.43,386.21,15.85,39.92,0.6123,1,-1,-1
338,85,48.72,446.82,28.00,62.58,0.6478,1,-1,-1
338,86,752.75,347.10,34.26,23.07,0.1634,4,-1,-1
338,87,1347.47,371.32,69.24,28.61,0.1093,4,-1,-1
339,0,505.29,696.84,61.72,172.54,0.7905,1,-1,-1
339,8,-0.90,438.74,37.42,72.67,0.7009,1,-1,-1
339,30,1119.24,425.25,25.39,46.75,0.6289,2,-1,-1
339,1,126.00,511.74,40.99,96.04,0.7295,1,-1,-1
339,45,1120.76,450.37,30.52,38.00,0.3149,3,-1,-1
339,80,1069.84,432.12,24.79,53.74,0.7571,1,-1,-1
339,81,1088.93,387.68,15.46,38.92,0.6123,1,-1,-1
339,85,46.55,448.26,27.57,61.82,0.6234,1,-1,-1
339,86,752.74,347.38,34.18,23.10,0.1078,4,-1,-1
340,0,502.62,699.00,61.97,173.86,0.7759,1,-1,-1
340,8,-1.82,438.52,37.24,72.79,0.6030,1,-1,-1
340,30,1120.64,425.75,25.43,46.91,0.6834,2,-1,-1
340,1,123.74,513.85,40.27,94.69,0.7461,1,-1,-1
340,45,1122.14,450.84,31.11,38.13,0.3648,3,-1,-1
340,80,1069.89,432.09,24.91,54.00,0.7614,1,-1,-1
340,81,1090.12,388.38,15.39,38.78,0.6160,1,-1,-1
340,85,44.33,449.28,27.36,61.49,0.6397,1,-1,-1
340,86,752.62,346.76,35.15,23.80,0.1294,4,-1,-1
341,0,501.93,700.92,63.19,175.84,0.7840,1,-1,-1
341,8,-2.94,437.48,37.90,75.12,0.4815,1,-1,-1
341,30,1121.81,426.46,25.85,48.02,0.7394,2,-1,-1
341,1,121.40,515.12,40.79,95.82,0.7447,1,-1,-1
341,45,1123.06,451.52,30.96,37.76,0.4475,3,-1,-1
341,80,1070.03,432.10,24.85,53.77,0.7556,1,-1,-1
341,81,1090.86,387.98,15.77,39.69,0.6505,1,-1,-1
341,85,42.73,450.63,26.88,60.42,0.3495,1,-1,-1
341,86,753.06,346.82,35.36,23.86,0.1303,4,-1,-1
342,0,497.55,704.52,62.72,174.97,0.8344,1,-1,-1
342,8,-3.96,438.68,36.37,73.61,0.4455,1,-1,-1
342,30,1123.37,427.00,26.08,48.68,0.6851,2,-1,-1
342,1,118.56,516.89,41.49,97.01,0.6926,1,-1,-1
342,45,1125.76,454.24,30.71,36.58,0.4746,3,-1,-1
342,80,1070.14,431.71,24.79,53.55,0.7498,1,-1,-1
342,81,1091.63,387.71,16.21,40.46,0.6086,1,-1,-1
342,85,40.52,451.09,26.79,59.94,0.4523,1,-1,-1
342,86,753.80,347.20,35.31,23.65,0.1413,4,-1,-1
343,0,494.43,707.49,62.87,176.13,0.8480,1,-1,-1
343,8,-4.94,437.13,36.35,75.53,0.6968,1,-1,-1
343,30,1124.38,426.94,27.10,51.23,0.6361,2,-1,-1
343,1,114.86,516.84,40.87,95.81,0.7146,1,-1,-1
343,45,1125.59,453.38,32.38,38.24,0.5020,3,-1,-1
343,80,1069.99,431.33,25.03,54.07,0.7556,1,-1,-1
343,81,1092.32,387.62,16.58,41.02,0.5612,1,-1,-1
343,85,38.33,451.63,27.39,60.82,0.5804,1,-1,-1
343,86,752.67,347.12,35.41,23.62,0.1505,4,-1,-1
344,0,490.90,711.06,62.68,176.45,0.8176,1,-1,-1
344,8,-5.05,438.96,35.08,74.80,0.6951,1,-1,-1
344,30,1125.20,427.15,27.49,52.66,0.5898,2,-1,-1
344,1,111.60,518.21,40.64,95.69,0.7527,1,-1,-1
344,45,1124.51,449.48,34.37,40.95,0.3720,3,-1,-1
344,80,1069.90,431.47,25.18,54.27,0.7628,1,-1,-1
344,81,1093.13,387.22,16.91,41.28,0.5263,1,-1,-1
344,85,35.87,452.07,27.32,60.49,0.5195,1,-1,-1
344,86,750.04,347.11,35.02,23.45,0.1541,4,-1,-1
345,0,487.44,714.18,62.81,177.31,0.8366,1,-1,-1
345,8,-5.45,441.38,33.20,73.10,0.7106,1,-1,-1
345,30,1126.30,428.00,27.07,52.23,0.6307,2,-1,-1
345,1,107.97,517.18,42.10,99.74,0.6860,1,-1,-1
345,45,1125.60,450.31,33.96,40.71,0.3234,3,-1,-1
345,80,1069.86,431.86,25.22,54.25,0.7712,1,-1,-1
345,81,1093.83,387.57,16.99,40.72,0.4102,1,-1,-1
345,85,33.17,452.38,27.30,60.38,0.5554,1,-1,-1
345,86,749.35,348.02,33.57,22.33,0.1030,4,-1,-1
346,0,483.91,717.56,63.00,178.43,0.8278,1,-1,-1
346,8,-5.64,445.60,30.55,69.78,0.6002,1,-1,-1
346,30,1127.57,429.18,27.10,52.59,0.6415,2,-1,-1
346,1,104.62,517.75,42.45,100.38,0.7042,1,-1,-1
346,45,1125.93,449.39,34.18,41.68,0.3522,3,-1,-1
346,80,1069.46,431.92,25.40,54.61,0.7628,1,-1,-1
346,81,1095.59,388.59,16.71,39.43,0.5332,1,-1,-1
346,85,31.03,452.80,27.64,60.65,0.5506,1,-1,-1
346,86,751.49,349.61,31.80,20.70,0.1176,4,-1,-1
347,0,481.55,720.47,63.66,181.17,0.7773,1,-1,-1
347,8,-6.73,447.43,28.91,69.31,0.5679,1,-1,-1
347,30,1129.25,429.89,26.59,51.90,0.6984,2,-1,-1
347,1,101.84,519.59,42.06,99.30,0.7009,1,-1,-1
347,45,1127.24,451.60,33.60,41.19,0.5195,3,-1,-1
347,80,1069.43,432.37,25.40,54.55,0.7571,1,-1,-1
347,81,1096.50,388.89,16.72,38.91,0.6067,1,-1,-1
347,85,28.47,452.80,28.58,61.84,0.5176,1,-1,-1
347,86,749.76,348.56,34.72,22.03,0.1030,4,-1,-1
348,0,478.11,722.84,64.22,183.10,0.7122,1,-1,-1
348,30,1130.49,429.50,26.83,52.71,0.5936,2,-1,-1
348,1,98.14,521.84,41.62,98.35,0.7090,1,-1,-1
348,45,1129.01,450.82,35.23,43.29,0.4301,3,-1,-1
348,80,1069.33,432.83,25.53,54.65,0.7409,1,-1,-1
348,81,1097.36,389.38,16.87,38.77,0.6197,1,-1,-1
348,85,25.55,453.37,28.62,61.37,0.3065,2,-1,-1
349,0,473.23,725.98,65.09,186.04,0.8044,1,-1,-1
349,30,1131.46,429.93,26.33,52.12,0.6469,2,-1,-1
349,1,92.76,524.83,41.08,96.92,0.6749,1,-1,-1
349,45,1130.49,452.74,34.04,41.69,0.5156,3,-1,-1
349,80,1068.83,433.36,25.29,53.99,0.7241,1,-1,-1
349,81,1097.74,388.42,17.58,40.53,0.6325,1,-1,-1
349,85,21.27,454.08,29.43,62.94,0.3803,2,-1,-1
350,0,467.70,730.89,64.34,185.10,0.8480,1,-1,-1
350,30,1131.55,430.82,25.41,50.53,0.5804,2,-1,-1
350,1,86.51,525.88,41.81,98.41,0.6901,1,-1,-1
350,45,1130.93,454.56,34.68,41.57,0.5098,3,-1,-1
350,80,1067.40,434.15,25.33,53.93,0.7210,1,-1,-1
350,81,1096.78,387.58,18.29,42.01,0.6030,1,-1,-1
350,85,16.35,453.72,29.94,63.41,0.1515,2,-1,-1
351,0,461.49,737.04,63.73,183.73,0.8322,1,-1,-1
351,30,1130.64,433.26,24.91,49.35,0.6901,2,-1,-1
351,1,79.13,526.70,42.59,100.30,0.7050,1,-1,-1
351,45,1130.54,455.50,35.56,41.79,0.5487,3,-1,-1
351,80,1064.70,434.59,25.29,54.06,0.7241,1,-1,-1
351,81,1095.32,386.76,18.63,42.59,0.5804,1,-1,-1
351,85,9.99,455.32,30.79,64.04,0.1432,1,-1,-1
352,0,455.72,742.60,63.76,183.66,0.7866,1,-1,-1
352,30,1130.73,434.44,23.24,45.39,0.7001,2,-1,-1
352,1,72.84,532.61,41.20,96.02,0.7356,1,-1,-1
352,45,1129.78,456.76,35.85,41.52,0.5946,3,-1,-1
352,80,1062.66,435.16,25.04,53.76,0.7387,1,-1,-1
352,81,1094.53,386.04,18.59,42.76,0.5708,1,-1,-1
352,85,3.15,459.29,30.02,61.90,0.2154,3,-1,-1
352,90,1137.54,381.73,15.06,36.34,0.4581,1,-1,-1
353,0,448.97,745.07,65.29,188.05,0.7879,1,-1,-1
353,30,1130.04,435.05,23.51,45.59,0.7001,2,-1,-1
353,1,65.68,536.10,41.42,96.12,0.7249,1,-1,-1
353,45,1128.66,455.87,37.81,43.69,0.5545,3,-1,-1
353,80,1060.94,435.14,25.08,53.89,0.7592,1,-1,-1
353,81,1094.20,386.40,18.26,42.14,0.5477,1,-1,-1
353,85,-1.52,459.86,28.61,60.01,0.1225,3,-1,-1
353,90,1135.72,382.62,14.65,35.31,0.3451,1,-1,-1
354,0,443.42,749.94,65.68,189.40,0.8117,1,-1,-1
354,30,1130.42,435.66,23.10,44.39,0.6951,2,-1,-1
354,1,59.48,536.56,42.70,98.25,0.7138,1,-1,-1
354,45,1129.69,455.06,38.05,43.93,0.5293,3,-1,-1
354,80,1059.75,435.07,25.10,53.89,0.7432,1,-1,-1
354,81,1094.23,387.83,17.54,40.56,0.5039,1,-1,-1
354,90,1134.28,383.68,14.19,34.12,0.3132,1,-1,-1
355,0,438.24,753.43,66.24,191.59,0.8069,1,-1,-1
355,30,1131.51,436.11,22.20,42.16,0.7241,2,-1,-1
355,1,53.66,537.93,44.40,101.93,0.7549,1,-1,-1
355,45,1127.85,452.27,36.14,42.97,0.4805,3,-1,-1
355,80,1059.14,435.11,25.10,53.86,0.7249,1,-1,-1
355,81,1094.67,388.66,16.82,38.93,0.5039,1,-1,-1
355,90,1133.56,383.55,14.34,34.35,0.3549,1,-1,-1
356,0,433.85,757.12,66.61,193.22,0.8344,1,-1,-1
356,30,1133.06,436.43,21.85,41.18,0.7303,2,-1,-1
356,1,48.44,541.51,44.52,101.98,0.7578,1,-1,-1
356,45,1126.47,443.01,40.05,49.22,0.1510,3,-1,-1
356,80,1058.88,435.00,25.21,54.10,0.7402,1,-1,-1
356,81,1095.33,388.62,16.91,39.20,0.5879,1,-1,-1
356,90,1133.28,382.91,14.62,34.99,0.4045,1,-1,-1
356,93,678.02,466.43,70.27,28.49,0.4971,4,-1,-1
357,0,428.96,760.92,67.56,195.60,0.7994,1,-1,-1
357,30,1133.63,436.59,23.01,43.31,0.7225,2,-1,-1
357,1,43.96,544.64,44.04,100.20,0.7417,1,-1,-1
357,45,1130.08,448.29,37.85,46.71,0.4321,3,-1,-1
357,80,1058.91,435.07,25.16,53.97,0.7217,1,-1,-1
357,81,1095.92,388.58,16.98,39.24,0.6215,1,-1,-1
357,90,1133.35,381.48,15.01,35.94,0.4026,1,-1,-1
357,93,675.57,466.43,71.16,28.84,0.3242,4,-1,-1
357,94,488.47,359.73,18.26,14.24,0.5496,4,-1,-1
358,0,424.70,763.96,68.38,197.93,0.8007,1,-1,-1
358,30,1134.67,437.36,23.97,45.02,0.7017,2,-1,-1
358,1,38.95,546.57,44.13,100.17,0.7691,1,-1,-1
358,45,1133.49,453.76,37.12,45.23,0.4863,3,-1,-1
358,80,1059.24,435.94,24.80,53.22,0.5946,1,-1,-1
358,81,1096.87,389.07,16.87,38.88,0.6307,1,-1,-1
358,90,1133.45,379.84,15.73,37.80,0.4941,1,-1,-1
358,93,673.81,466.54,72.13,29.21,0.2713,4,-1,-1
358,94,487.81,359.29,19.05,14.88,0.4292,4,-1,-1
359,0,419.32,768.92,69.32,200.49,0.8044,1,-1,-1
359,30,1136.21,437.88,24.26,45.71,0.6558,2,-1,-1
359,1,32.54,548.11,45.60,103.04,0.7549,1,-1,-1
359,45,1135.11,455.10,38.26,46.10,0.4668,3,-1,-1
359,80,1059.27,435.55,25.18,54.22,0.7295,1,-1,-1
359,81,1098.01,389.06,16.88,38.85,0.6234,1,-1,-1
359,90,1133.89,381.00,15.68,37.56,0.4815,1,-1,-1
359,93,673.66,467.29,71.42,28.90,0.3794,4,-1,-1
359,94,487.03,359.00,19.49,15.27,0.4659,4,-1,-1
360,0,414.10,773.35,69.54,201.60,0.8069,1,-1,-1
360,30,1137.10,438.68,24.70,46.64,0.6901,2,-1,-1
360,1,27.96,549.25,45.78,102.62,0.7879,1,-1,-1
360,45,1134.39,454.00,42.67,51.05,0.4902,3,-1,-1
360,80,1059.32,435.26,25.41,55.02,0.7663,1,-1,-1
360,81,1099.27,388.58,16.84,38.83,0.6030,1,-1,-1
360,90,1134.24,382.43,15.39,36.67,0.4844,1,-1,-1
360,93,669.81,465.48,77.86,31.54,0.3268,4,-1,-1
360,94,486.69,359.60,18.92,14.82,0.4340,4,-1,-1
361,0,409.22,775.71,70.91,205.64,0.8333,1,-1,-1
361,30,1139.45,439.03,23.75,44.41,0.6732,2,-1,-1
361,1,21.11,546.14,48.12,107.48,0.7025,1,-1,-1
361,45,1138.51,454.55,43.00,50.60,0.2613,3,-1,-1
361,80,1059.62,435.16,25.38,55.20,0.7853,1,-1,-1
361,81,1099.80,388.62,16.98,39.00,0.5708,1,-1,-1
361,90,1134.08,381.07,15.81,37.76,0.5400,1,-1,-1
361,93,668.21,464.55,80.97,32.90,0.1307,4,-1,-1
361,94,485.66,359.06,20.19,15.78,0.5400,4,-1,-1
362,0,403.91,781.34,71.57,207.19,0.8093,1,-1,-1
362,30,1140.89,439.03,23.43,43.51,0.6868,2,-1,-1
362,1,12.99,538.04,52.35,117.07,0.7356,1,-1,-1
362,45,1138.85,454.14,42.00,49.59,0.1366,3,-1,-1
362,80,1059.64,435.46,25.39,55.46,0.7786,1,-1,-1
362,81,1100.56,387.86,17.28,39.84,0.6289,1,-1,-1
362,90,1134.44,383.20,15.43,36.60,0.5477,1,-1,-1
362,93,670.84,467.94,74.59,30.12,0.1859,4,-1,-1
362,94,484.87,358.98,20.40,15.93,0.4795,4,-1,-1
362,96,1103.43,337.72,52.69,25.19,0.5341,4,-1,-1
363,0,398.77,786.25,72.90,210.57,0.7773,1,-1,-1
363,30,1141.97,439.46,23.36,43.14,0.7146,2,-1,-1
363,1,6.28,537.25,52.86,117.70,0.7677,1,-1,-1
363,80,1059.77,435.93,25.25,55.39,0.7786,1,-1,-1
363,81,1101.36,386.73,17.81,41.11,0.6142,1,-1,-1
363,90,1134.29,384.17,15.45,36.50,0.5574,1,-1,-1
363,93,672.11,470.63,71.24,28.55,0.3486,4,-1,-1
363,94,483.96,359.13,20.22,15.75,0.4475,4,-1,-1
363,96,1103.04,337.66,53.92,25.80,0.5185,4,-1,-1
364,0,392.99,791.05,74.00,212.95,0.7773,1,-1,-1
364,30,1143.28,439.37,22.83,41.88,0.6984,2,-1,-1
364,1,1.06,535.64,54.10,120.31,0.8105,1,-1,-1
364,80,1060.13,436.95,24.96,55.07,0.7746,1,-1,-1
364,81,1102.03,386.64,17.96,41.41,0.6433,1,-1,-1
364,90,1134.07,384.92,15.55,36.61,0.5370,1,-1,-1
364,93,672.34,472.64,68.59,27.22,0.2674,4,-1,-1
364,94,483.03,359.54,19.75,15.31,0.3877,4,-1,-1
364,96,1102.53,337.76,54.45,26.09,0.4475,4,-1,-1
365,0,387.49,798.32,74.03,212.61,0.7969,1,-1,-1
365,30,1144.64,439.22,22.94,41.99,0.6715,2,-1,-1
365,1,-2.42,537.16,53.14,118.83,0.7491,1,-1,-1
365,80,1060.73,437.97,24.67,54.61,0.7853,1,-1,-1
365,81,1103.13,386.47,17.91,41.14,0.6469,1,-1,-1
365,90,1133.81,385.23,15.80,37.07,0.5467,1,-1,-1
365,94,482.09,359.53,20.02,15.38,0.4196,4,-1,-1
365,96,1102.48,337.94,54.27,26.05,0.3979,4,-1,-1
366,0,380.94,804.21,74.85,215.47,0.8439,1,-1,-1
366,30,1145.93,439.60,23.04,42.10,0.6179,2,-1,-1
366,1,-5.44,536.98,53.09,120.81,0.7892,1,-1,-1
366,80,1061.08,438.63,24.81,54.97,0.7879,1,-1,-1
366,81,1104.70,386.80,17.72,40.35,0.6049,1,-1,-1
366,90,1133.77,384.84,15.99,37.54,0.5879,1,-1,-1
366,94,479.92,357.72,22.67,17.47,0.4111,4,-1,-1
366,96,1102.20,337.95,54.97,26.43,0.3821,4,-1,-1
367,0,374.31,806.18,76.24,219.95,0.8129,1,-1,-1
367,30,1146.91,439.68,23.48,42.74,0.6343,2,-1,-1
367,1,-7.60,541.38,50.46,117.96,0.7387,1,-1,-1
367,80,1061.37,439.10,24.86,55.04,0.7866,1,-1,-1
367,81,1105.84,387.82,17.16,38.95,0.5860,1,-1,-1
367,90,1133.79,384.53,16.07,37.86,0.6067,1,-1,-1
367,94,478.26,357.39,23.33,18.00,0.5283,4,-1,-1
367,96,1102.17,338.06,55.24,26.60,0.4064,4,-1,-1
367,93,665.08,473.05,75.70,29.85,0.5098,4,-1,-1
368,0,368.28,810.33,78.51,226.18,0.7621,1,-1,-1
368,30,1147.34,440.36,24.43,44.51,0.6343,2,-1,-1
368,1,-9.87,542.99,49.11,119.29,0.5059,1,-1,-1
368,80,1061.52,439.38,24.60,54.43,0.7813,1,-1,-1
368,81,1106.41,388.01,17.08,38.72,0.5917,1,-1,-1
368,90,1133.75,384.61,16.16,38.15,0.6105,1,-1,-1
368,94,476.96,357.76,23.16,17.84,0.5917,4,-1,-1
368,96,1101.52,338.04,56.22,27.13,0.3849,4,-1,-1
368,93,662.08,473.22,78.37,30.82,0.3303,4,-1,-1
369,0,361.63,818.83,78.44,225.89,0.7691,1,-1,-1
369,30,1147.89,441.23,25.04,45.84,0.6142,2,-1,-1
369,80,1061.68,439.34,24.48,54.04,0.7718,1,-1,-1
369,81,1107.46,387.98,16.96,38.49,0.6352,1,-1,-1
369,90,1133.58,384.61,16.35,38.67,0.6307,1,-1,-1
369,94,476.11,358.49,22.42,17.22,0.5842,4,-1,-1
369,96,1101.29,338.04,56.28,27.17,0.4263,4,-1,-1
369,93,660.09,473.13,79.21,31.10,0.5117,4,-1,-1
370,0,354.21,825.57,79.07,228.36,0.8449,1,-1,-1
370,30,1147.65,440.33,27.79,51.51,0.5525,2,-1,-1
370,80,1061.78,439.27,24.50,53.98,0.7677,1,-1,-1
370,81,1108.03,386.59,17.31,39.50,0.6610,1,-1,-1
370,90,1133.55,384.36,16.71,39.48,0.6487,1,-1,-1
370,94,475.22,358.16,22.67,17.35,0.5689,4,-1,-1
370,96,1100.93,338.14,56.90,27.50,0.3531,4,-1,-1
370,93,657.70,473.18,81.45,32.07,0.6514,4,-1,-1
371,0,347.05,829.88,80.14,231.55,0.7892,1,-1,-1
371,30,1148.92,440.52,27.88,52.12,0.6671,2,-1,-1
371,80,1061.88,439.39,24.63,54.08,0.7705,1,-1,-1
371,81,1108.78,386.43,17.25,39.56,0.6732,1,-1,-1
371,90,1133.17,383.73,17.17,40.55,0.6766,1,-1,-1
371,94,474.30,358.32,22.49,17.08,0.5917,4,-1,-1
371,96,1100.85,338.25,57.10,27.64,0.3200,4,-1,-1
371,93,656.49,473.93,81.47,32.10,0.5322,4,-1,-1
371,99,284.31,362.47,43.78,21.66,0.4620,4,-1,-1
371,45,1143.20,452.04,40.70,51.36,0.4513,3,-1,-1
372,0,340.76,837.35,80.47,231.60,0.8164,1,-1,-1
372,30,1149.59,442.27,29.15,55.37,0.6298,2,-1,-1
372,80,1061.83,439.69,24.83,54.33,0.7705,1,-1,-1
372,81,1109.26,386.87,17.07,39.26,0.6540,1,-1,-1
372,90,1132.96,383.36,17.48,41.22,0.6766,1,-1,-1
372,94,473.72,358.28,22.56,16.96,0.5477,4,-1,-1
372,96,1100.25,338.15,58.32,28.29,0.2830,4,-1,-1
372,93,654.74,473.93,82.33,32.62,0.4639,4,-1,-1
372,99,281.74,361.05,47.04,23.30,0.4340,4,-1,-1
372,45,1144.66,452.78,39.21,52.50,0.1624,3,-1,-1
373,0,334.86,853.23,78.38,224.04,0.7931,1,-1,-1
373,30,1151.26,444.74,28.64,55.05,0.6058,2,-1,-1
373,80,1061.81,440.06,25.09,54.64,0.7813,1,-1,-1
373,81,1109.83,386.82,17.08,39.33,0.6343,1,-1,-1
373,90,1132.66,383.49,17.61,41.27,0.6415,1,-1,-1
373,94,473.40,358.86,21.87,16.28,0.5117,4,-1,-1
373,96,1100.56,338.43,57.65,27.91,0.3329,4,-1,-1
373,93,654.40,475.16,80.69,31.97,0.3989,4,-1,-1
373,99,280.60,361.69,46.14,22.84,0.4513,4,-1,-1
373,45,1146.95,453.41,37.45,52.85,0.3277,3,-1,-1
374,0,326.87,856.35,79.12,225.19,0.7649,1,-1,-1
374,30,1152.89,446.06,28.54,55.61,0.6086,2,-1,-1
374,80,1061.99,440.49,25.47,55.40,0.7746,1,-1,-1
374,81,1110.98,388.02,16.47,38.00,0.6234,1,-1,-1
374,90,1132.32,383.50,17.71,41.20,0.6105,1,-1,-1
374,94,473.15,359.33,21.65,16.02,0.5088,4,-1,-1
374,96,1100.07,338.65,59.30,28.78,0.3460,4,-1,-1
374,93,653.80,476.43,79.76,31.57,0.2682,4,-1,-1
374,99,276.28,360.59,49.41,24.48,0.3849,4,-1,-1
374,45,1150.30,458.40,33.55,48.94,0.3739,3,-1,-1
375,0,320.06,861.90,78.41,221.02,0.7746,1,-1,-1
375,30,1154.79,446.61,28.91,57.03,0.6575,2,-1,-1
375,80,1062.42,440.97,25.56,55.50,0.7635,1,-1,-1
375,81,1111.95,388.69,16.00,36.87,0.6142,1,-1,-1
375,90,1131.78,384.21,17.57,40.98,0.5506,1,-1,-1
375,94,472.68,358.95,22.50,16.53,0.4737,4,-1,-1
375,96,1101.26,338.89,57.90,28.01,0.3895,4,-1,-1
375,93,651.44,476.61,81.11,32.09,0.1016,6,-1,-1
375,99,274.38,360.85,49.86,24.69,0.5166,4,-1,-1
375,45,1151.65,455.15,34.89,52.83,0.4844,3,-1,-1
376,0,315.82,886.66,71.47,196.47,0.7892,1,-1,-1
376,30,1156.14,447.06,30.37,60.33,0.5651,2,-1,-1
376,80,1062.56,440.09,26.40,57.44,0.7513,1,-1,-1
376,81,1112.46,387.87,16.46,38.01,0.6252,1,-1,-1
376,90,1130.52,383.86,17.95,42.07,0.4990,1,-1,-1
376,94,472.44,359.37,22.32,16.17,0.5224,4,-1,-1
376,96,1101.13,338.97,58.69,28.36,0.3549,4,-1,-1
376,93,650.49,477.40,80.89,32.15,0.1456,4,-1,-1
376,99,270.85,361.96,49.07,24.13,0.2302,4,-1,-1
376,45,1154.63,459.28,32.53,49.89,0.2220,3,-1,-1
377,0,309.33,899.06,68.67,183.65,0.8093,1,-1,-1
377,30,1157.92,448.41,29.74,59.45,0.6325,2,-1,-1
377,80,1062.71,440.08,26.72,58.25,0.7542,1,-1,-1
377,81,1113.15,388.14,16.61,38.36,0.6433,1,-1,-1
377,90,1130.30,384.03,17.98,42.25,0.4815,1,-1,-1
377,94,471.74,359.68,22.18,15.90,0.4941,4,-1,-1
377,96,1099.94,338.84,61.27,29.75,0.3567,4,-1,-1
377,93,650.12,477.82,80.06,31.94,0.4254,4,-1,-1
377,99,268.32,361.96,49.41,24.14,0.3416,4,-1,-1
377,45,1156.42,458.16,33.01,51.60,0.3775,3,-1,-1
378,0,300.83,901.99,69.03,180.20,0.7635,1,-1,-1
378,30,1160.86,448.57,28.06,56.34,0.6451,2,-1,-1
378,80,1062.99,440.87,26.61,58.00,0.7527,1,-1,-1
378,81,1113.99,387.98,16.77,38.69,0.6179,1,-1,-1
378,90,1131.39,384.12,18.01,42.71,0.4504,1,-1,-1
378,94,470.60,359.28,22.70,16.18,0.5029,4,-1,-1
378,96,1099.73,338.89,62.73,30.67,0.3748,4,-1,-1
378,93,649.81,478.52,78.26,31.31,0.3390,4,-1,-1
378,99,268.99,363.51,47.52,22.97,0.2127,4,-1,-1
378,45,1157.97,457.29,32.99,52.67,0.4282,3,-1,-1
378,103,214.61,356.23,40.37,21.91,0.5263,4,-1,-1
379,0,294.26,916.02,65.91,166.00,0.7759,1,-1,-1
379,30,1163.64,448.74,26.36,52.97,0.5879,2,-1,-1
379,80,1063.43,441.76,26.47,57.58,0.7571,1,-1,-1
379,81,1115.32,388.13,16.92,39.00,0.5554,1,-1,-1
379,90,1131.95,384.41,18.03,43.26,0.4484,1,-1,-1
379,94,469.61,359.24,22.88,16.26,0.5727,4,-1,-1
379,96,1099.84,338.77,63.17,31.06,0.3730,4,-1,-1
379,93,649.35,480.09,76.24,30.48,0.3140,6,-1,-1
379,99,266.24,364.98,46.26,21.82,0.1661,4,-1,-1
379,45,1159.97,458.68,32.08,52.15,0.3868,3,-1,-1
379,103,214.06,356.83,39.13,21.22,0.5554,4,-1,-1
380,0,286.88,925.43,64.43,156.24,0.7827,1,-1,-1
380,30,1165.67,450.93,25.74,51.77,0.5708,2,-1,-1
380,80,1063.68,442.70,26.37,57.26,0.7656,1,-1,-1
380,81,1117.27,388.06,16.90,39.17,0.5525,1,-1,-1
380,90,1132.44,385.45,17.69,42.99,0.4912,1,-1,-1
380,94,469.05,359.25,22.98,16.20,0.6049,4,-1,-1
380,96,1100.16,338.98,62.59,30.87,0.3585,4,-1,-1
380,93,649.42,481.16,76.83,30.55,0.1672,4,-1,-1
380,99,257.22,364.88,45.15,21.47,0.1225,4,-1,-1
380,45,1162.20,459.85,31.37,51.72,0.1974,1,-1,-1
380,103,212.12,356.94,39.98,21.69,0.5955,4,-1,-1
380,104,167.27,348.13,43.85,19.90,0.4746,4,-1,-1
381,0,277.68,932.16,63.91,149.23,0.6225,1,-1,-1
381,30,1167.89,452.01,25.03,50.52,0.5993,2,-1,-1
381,80,1063.66,443.27,26.39,57.29,0.7542,1,-1,-1
381,81,1118.09,386.90,17.28,40.45,0.4854,1,-1,-1
381,90,1132.31,384.74,17.76,43.87,0.4168,1,-1,-1
381,94,467.37,359.33,22.83,16.04,0.6697,4,-1,-1
381,96,1098.32,339.69,66.26,33.02,0.3285,4,-1,-1
381,93,648.42,483.69,73.81,29.13,0.1931,4,-1,-1
381,45,1165.35,467.32,27.43,45.55,0.4668,3,-1,-1
381,103,211.57,357.80,38.66,20.96,0.5651,4,-1,-1
381,104,167.46,348.84,41.17,18.70,0.5993,4,-1,-1
382,0,268.66,944.40,61.43,136.77,0.1480,1,-1,-1
382,30,1169.31,452.91,24.03,48.21,0.6715,2,-1,-1
382,80,1063.25,444.00,26.17,56.93,0.7439,1,-1,-1
382,81,1117.99,386.99,17.37,40.89,0.3200,1,-1,-1
382,90,1127.97,379.79,19.76,48.61,0.4007,1,-1,-1
382,94,464.92,359.59,22.03,15.39,0.6540,4,-1,-1
382,96,1086.92,340.57,81.34,41.40,0.2967,4,-1,-1
382,93,645.23,484.74,73.45,29.02,0.1037,4,-1,-1
382,45,1166.92,470.90,25.45,42.44,0.5078,3,-1,-1
382,103,208.58,358.29,37.85,20.47,0.6397,4,-1,-1
382,104,165.68,349.05,41.14,18.69,0.5879,4,-1,-1
383,30,1169.58,452.95,23.35,46.38,0.6715,2,-1,-1
383,80,1061.69,445.09,25.72,55.64,0.6843,1,-1,-1
383,81,1114.10,383.87,18.75,44.48,0.4932,1,-1,-1
383,90,1125.55,378.80,19.91,49.36,0.4854,1,-1,-1
383,94,462.39,360.10,21.33,14.76,0.5842,4,-1,-1
383,96,1078.15,340.86,87.66,45.17,0.2268,4,-1,-1
383,93,640.13,485.30,74.70,29.57,0.1711,4,-1,-1
383,45,1167.38,472.53,24.75,41.22,0.4436,3,-1,-1
383,103,203.13,358.26,39.19,21.20,0.6397,4,-1,-1
383,104,160.65,349.43,43.48,19.81,0.4844,4,-1,-1
384,30,1168.55,452.47,23.57,46.56,0.6067,2,-1,-1
384,80,1059.35,445.79,25.54,54.93,0.7090,1,-1,-1
384,81,1112.83,381.30,19.61,47.33,0.4863,1,-1,-1
384,90,1124.37,380.40,19.75,49.13,0.1661,1,-1,-1
384,94,457.34,359.60,22.62,15.54,0.4036,4,-1,-1
384,96,1079.26,341.42,81.02,41.76,0.2967,4,-1,-1
384,93,636.62,485.81,74.58,29.66,0.2147,4,-1,-1
384,45,1166.78,471.42,26.32,44.31,0.3140,3,-1,-1
384,103,198.98,358.74,39.02,21.02,0.6628,4,-1,-1
384,104,153.66,349.71,43.83,19.98,0.6142,4,-1,-1
385,30,1167.83,453.14,22.99,45.01,0.6179,2,-1,-1
385,80,1056.54,445.44,26.13,56.02,0.7241,1,-1,-1
385,81,1113.73,381.39,19.72,47.22,0.4873,1,-1,-1
385,90,1119.42,379.82,20.28,49.82,0.3766,1,-1,-1
385,94,453.51,359.93,22.50,15.35,0.5166,4,-1,-1
385,93,632.59,486.29,75.54,30.31,0.1790,6,-1,-1
385,45,1166.21,470.09,26.99,46.02,0.3594,3,-1,-1
385,103,192.26,358.73,39.51,21.33,0.6715,4,-1,-1
385,104,151.47,349.27,43.62,20.09,0.4494,4,-1,-1
386,30,1167.71,454.31,22.30,43.03,0.6415,2,-1,-1
386,80,1054.73,445.15,26.30,56.36,0.7585,1,-1,-1
386,81,1113.78,381.57,20.21,47.97,0.5974,1,-1,-1
386,94,450.01,359.81,23.00,15.73,0.5955,4,-1,-1
386,93,628.13,486.80,77.40,31.36,0.1016,6,-1,-1
386,45,1165.29,466.97,28.36,49.18,0.4111,3,-1,-1
386,103,187.85,359.26,39.95,21.61,0.6817,4,-1,-1
386,104,149.89,349.11,41.88,19.56,0.4707,4,-1,-1
387,30,1167.33,455.04,23.25,44.78,0.6397,2,-1,-1
387,80,1053.55,445.20,26.40,56.58,0.7628,1,-1,-1
387,81,1113.01,382.56,20.01,47.20,0.6105,1,-1,-1
387,94,447.22,359.78,23.41,16.06,0.5477,4,-1,-1
387,93,624.55,486.42,78.26,32.01,0.1422,4,-1,-1
387,45,1164.58,467.70,28.61,50.39,0.1931,3,-1,-1
387,103,184.11,359.18,41.40,22.41,0.5955,4,-1,-1
387,104,142.92,348.85,46.70,22.23,0.4369,4,-1,-1
388,30,1168.38,456.61,23.26,44.25,0.6030,2,-1,-1
388,80,1052.99,444.95,26.72,57.30,0.7739,1,-1,-1
388,81,1112.66,381.81,20.61,48.37,0.6067,1,-1,-1
388,94,445.30,359.79,23.75,16.36,0.5078,4,-1,-1
388,93,623.05,487.39,76.53,31.54,0.3140,4,-1,-1
388,45,1164.86,466.13,28.99,51.90,0.3234,10,-1,-1
388,103,181.30,359.36,41.35,22.35,0.6540,4,-1,-1
388,104,140.26,348.90,45.29,21.86,0.4263,4,-1,-1
389,30,1170.01,457.45,23.17,43.39,0.6307,2,-1,-1
389,80,1053.10,445.09,26.86,57.76,0.7846,1,-1,-1
389,81,1112.62,380.94,21.23,49.66,0.6343,1,-1,-1
389,94,444.44,360.32,22.80,15.74,0.5117,4,-1,-1
389,93,621.73,489.16,75.23,31.20,0.4620,4,-1,-1
389,45,1164.95,461.94,31.48,57.42,0.1561,1,-1,-1
389,103,177.58,359.38,42.25,22.83,0.6142,4,-1,-1
389,104,138.52,349.45,44.62,21.92,0.4168,4,-1,-1
390,30,1170.58,458.69,24.89,46.48,0.6800,2,-1,-1
390,80,1053.53,445.73,26.88,57.97,0.7712,1,-1,-1
390,81,1112.80,381.17,21.53,50.37,0.6270,1,-1,-1
390,94,444.09,360.49,22.46,15.55,0.4475,4,-1,-1
390,93,620.89,489.81,75.06,31.34,0.5146,4,-1,-1
390,45,1166.72,460.43,32.22,59.72,0.1321,1,-1,-1
390,103,175.09,359.31,43.22,23.32,0.6049,4,-1,-1
390,104,137.57,349.41,43.77,21.84,0.3666,4,-1,-1
391,30,1171.50,459.23,26.10,48.69,0.7082,2,-1,-1
391,80,1054.03,446.43,26.93,58.25,0.7628,1,-1,-1
391,81,1113.20,382.18,21.66,50.72,0.6593,1,-1,-1
391,94,442.54,361.24,22.11,15.15,0.2942,4,-1,-1
391,93,619.81,490.13,76.14,31.98,0.3191,6,-1,-1
391,45,1170.33,471.97,27.93,51.52,0.3234,3,-1,-1
391,103,173.79,359.38,43.50,23.46,0.4844,4,-1,-1
391,104,131.88,349.58,46.13,23.32,0.3251,4,-1,-1
392,30,1172.26,460.05,28.15,52.75,0.5419,2,-1,-1
392,80,1054.47,447.02,26.90,58.28,0.7454,1,-1,-1
392,81,1113.59,383.14,21.25,49.77,0.6749,1,-1,-1
392,94,439.32,361.62,22.67,15.10,0.3942,4,-1,-1
392,93,618.40,490.70,75.29,31.87,0.4883,4,-1,-1
392,45,1170.07,464.13,32.06,60.40,0.2950,1,-1,-1
392,103,172.00,359.59,43.53,23.51,0.5127,4,-1,-1
392,104,130.16,349.80,46.42,23.95,0.3540,4,-1,-1
392,105,1665.71,354.34,107.63,47.46,0.4932,4,-1,-1
393,30,1174.37,461.59,27.09,50.68,0.6505,2,-1,-1
393,80,1054.89,447.44,26.95,58.65,0.7527,1,-1,-1
393,81,1114.20,383.77,21.09,49.53,0.6783,1,-1,-1
393,94,437.27,361.80,23.61,15.33,0.2775,4,-1,-1
393,93,616.62,491.52,75.05,32.08,0.1225,4,-1,-1
393,45,1173.21,469.94,29.35,55.63,0.2926,3,-1,-1
393,103,170.59,359.52,44.55,24.18,0.4571,4,-1,-1
393,104,129.41,349.90,45.91,24.20,0.3242,4,-1,-1
393,105,1668.94,354.47,104.08,45.85,0.3174,4,-1,-1
394,30,1176.53,462.55,25.40,47.31,0.6540,2,-1,-1
394,80,1055.67,447.95,26.69,58.19,0.7334,1,-1,-1
394,81,1114.77,384.54,20.80,49.03,0.6851,1,-1,-1
394,94,437.14,361.51,24.20,15.60,0.2154,4,-1,-1
394,45,1174.69,467.25,29.49,56.78,0.1778,2,-1,-1
394,103,169.31,359.67,44.40,24.26,0.4980,4,-1,-1
394,104,129.67,350.02,43.78,23.48,0.1427,4,-1,-1
394,105,1674.71,351.88,113.63,49.94,0.2814,4,-1,-1
395,30,1178.83,464.03,24.05,44.60,0.6558,2,-1,-1
395,80,1056.33,448.46,26.81,58.47,0.7469,1,-1,-1
395,81,1115.84,386.80,19.95,47.35,0.6610,1,-1,-1
395,94,437.09,361.54,24.12,15.49,0.1541,4,-1,-1
395,45,1176.25,468.26,29.31,57.40,0.1124,2,-1,-1
395,103,167.56,359.75,43.83,23.98,0.4340,4,-1,-1
395,104,126.69,350.31,43.17,23.30,0.1889,4,-1,-1
395,105,1680.85,351.35,116.26,50.89,0.1136,4,-1,-1
396,30,1180.83,465.50,24.28,44.68,0.6628,2,-1,-1
396,80,1056.84,449.16,26.76,58.23,0.7295,1,-1,-1
396,81,1116.57,387.29,19.73,47.26,0.6433,1,-1,-1
396,94,436.49,361.07,24.79,15.86,0.1530,4,-1,-1
396,45,1179.97,478.81,25.76,50.35,0.3337,3,-1,-1
396,103,165.25,360.10,44.56,24.67,0.3702,4,-1,-1
397,30,1182.21,466.25,24.60,44.80,0.7146,2,-1,-1
397,80,1057.47,449.89,26.18,56.74,0.6567,1,-1,-1
397,81,1116.64,387.98,19.58,47.26,0.6680,1,-1,-1
397,94,434.86,360.55,25.73,16.26,0.2012,4,-1,-1
397,45,1182.31,484.12,24.37,47.28,0.5156,3,-1,-1
397,103,164.09,360.27,43.89,24.66,0.4990,4,-1,-1
398,30,1182.52,466.70,25.11,45.33,0.7670,2,-1,-1
398,80,1057.00,450.10,26.26,56.70,0.5908,1,-1,-1
398,81,1115.56,388.75,19.50,47.36,0.6628,1,-1,-1
398,94,432.36,361.40,25.36,15.67,0.1343,4,-1,-1
398,45,1183.04,485.90,24.40,46.94,0.5215,3,-1,-1
398,103,159.80,360.01,43.83,24.74,0.2862,4,-1,-1
399,30,1181.83,467.37,25.94,46.60,0.7899,2,-1,-1
399,80,1055.70,450.36,26.49,57.11,0.5409,1,-1,-1
399,81,1113.58,391.08,18.76,45.93,0.6343,1,-1,-1
399,94,429.23,361.95,26.03,15.87,0.2394,4,-1,-1
399,45,1183.00,487.10,24.62,47.01,0.4746,3,-1,-1
399,103,155.98,360.46,42.92,24.45,0.2234,4,-1,-1
400,30,1181.06,468.47,26.95,48.36,0.8075,2,-1,-1
400,80,1054.02,450.37,26.65,57.21,0.4941,1,-1,-1
400,81,1111.71,391.48,18.48,45.59,0.6343,1,-1,-1
400,94,426.93,361.52,28.73,17.77,0.1105,4,-1,-1
400,45,1182.82,488.33,24.11,45.67,0.4902,3,-1,-1
400,103,151.82,360.33,43.28,25.09,0.1974,4,-1,-1
401,30,1180.23,469.06,28.44,51.12,0.6049,2,-1,-1
401,80,1052.49,450.28,26.76,57.35,0.6049,1,-1,-1
401,81,1110.59,391.68,18.40,45.39,0.5254,1,-1,-1
401,94,421.84,362.08,29.82,18.18,0.2870,4,-1,-1
401,45,1182.08,487.23,25.46,48.23,0.5117,3,-1,-1
401,103,147.57,360.30,44.69,26.44,0.1255,4,-1,-1
402,30,1180.39,470.00,28.41,50.99,0.7178,2,-1,-1
402,80,1051.42,450.53,27.18,58.27,0.7424,1,-1,-1
402,81,1109.15,390.56,19.22,47.42,0.6289,1,-1,-1
402,94,421.83,363.34,29.53,18.01,0.1795,4,-1,-1
402,45,1181.62,486.74,26.18,49.41,0.5215,3,-1,-1
402,103,145.87,360.58,41.64,24.98,0.1389,4,-1,-1
402,93,602.70,499.78,80.01,33.41,0.6234,4,-1,-1
403,30,1180.70,470.79,30.15,54.34,0.4542,2,-1,-1
403,80,1050.88,450.92,27.43,58.84,0.7178,1,-1,-1
403,81,1108.18,390.19,19.86,48.90,0.6749,1,-1,-1
403,94,421.91,364.08,28.67,17.83,0.1689,4,-1,-1
403,45,1181.18,481.06,29.22,55.54,0.3225,3,-1,-1
403,103,143.90,359.41,39.48,23.86,0.1938,4,-1,-1
403,93,601.46,501.00,81.05,33.13,0.6610,4,-1,-1
404,30,1181.38,471.94,31.29,56.85,0.5708,2,-1,-1
404,80,1050.86,451.38,27.67,59.27,0.6628,1,-1,-1
404,81,1107.77,390.44,20.10,49.30,0.6252,1,-1,-1
404,94,422.78,364.54,28.08,17.76,0.1778,4,-1,-1
404,45,1183.82,486.68,27.39,51.17,0.2942,3,-1,-1
404,103,143.74,360.42,37.11,22.61,0.2598,4,-1,-1
404,93,600.11,502.04,81.13,32.49,0.6067,4,-1,-1
405,30,1182.80,473.07,31.96,58.81,0.6575,2,-1,-1
405,80,1051.26,452.26,27.71,59.12,0.6935,1,-1,-1
405,81,1107.63,390.06,20.62,50.53,0.6558,1,-1,-1
405,94,422.61,364.72,27.25,17.53,0.2783,4,-1,-1
405,45,1186.06,492.64,25.71,46.88,0.4206,3,-1,-1
405,103,141.98,360.52,36.40,22.31,0.3166,4,-1,-1
405,93,598.33,502.53,82.67,32.62,0.6584,4,-1,-1
406,30,1183.94,472.95,33.53,62.66,0.4513,2,-1,-1
406,80,1051.71,452.99,27.93,59.24,0.7739,1,-1,-1
406,81,1107.59,388.89,20.98,51.36,0.6732,1,-1,-1
406,94,421.37,364.90,26.10,17.19,0.3166,4,-1,-1
406,45,1186.01,487.76,29.65,54.19,0.2187,3,-1,-1
406,103,144.62,361.31,33.97,21.10,0.2651,4,-1,-1
406,93,595.99,503.15,84.65,33.00,0.4102,4,-1,-1
407,30,1185.34,474.02,35.27,66.87,0.4776,1,-1,-1
407,80,1051.99,453.59,28.33,59.63,0.7886,1,-1,-1
407,81,1107.53,389.11,21.30,52.19,0.6834,1,-1,-1
407,94,419.65,365.11,26.07,17.36,0.2187,4,-1,-1
407,45,1186.38,484.01,32.37,59.63,0.3923,3,-1,-1
407,103,144.74,361.76,33.37,21.01,0.2598,4,-1,-1
407,93,593.68,503.84,86.95,33.67,0.4591,4,-1,-1
408,30,1187.77,474.63,34.38,65.80,0.6540,2,-1,-1
408,80,1052.33,454.31,28.65,59.65,0.7656,1,-1,-1
408,81,1107.58,389.35,21.50,52.79,0.6817,1,-1,-1
408,94,418.89,365.46,25.51,17.12,0.2854,4,-1,-1
408,45,1189.30,489.33,30.13,54.95,0.6243,3,-1,-1
408,103,145.19,362.48,31.94,20.36,0.2386,4,-1,-1
408,93,589.18,503.83,90.92,35.00,0.3124,4,-1,-1
409,30,1190.40,475.59,32.97,63.45,0.5400,2,-1,-1
409,80,1052.40,454.66,29.19,60.28,0.7670,1,-1,-1
409,81,1107.77,389.35,21.67,53.63,0.6619,1,-1,-1
409,94,418.67,366.14,24.52,16.47,0.2275,4,-1,-1
409,45,1191.48,490.83,29.80,54.03,0.5195,3,-1,-1
409,103,144.22,362.65,33.63,21.42,0.1784,4,-1,-1
409,93,587.54,504.08,94.09,36.18,0.1859,4,-1,-1
410,30,1193.11,476.34,30.61,58.76,0.6160,2,-1,-1
410,80,1052.19,454.88,29.62,60.77,0.7542,1,-1,-1
410,81,1107.85,389.41,21.64,53.80,0.6654,1,-1,-1
410,94,416.12,366.19,23.98,16.03,0.2783,4,-1,-1
410,45,1192.62,492.56,29.72,53.45,0.5525,3,-1,-1
410,103,142.80,363.82,33.04,21.04,0.1196,4,-1,-1
410,93,585.53,505.18,93.78,36.00,0.4639,4,-1,-1
411,30,1194.65,476.93,28.64,54.23,0.5917,2,-1,-1
411,80,1051.49,455.17,29.03,59.29,0.7349,1,-1,-1
411,81,1107.99,390.20,19.75,47.51,0.3460,2,-1,-1
411,94,414.96,366.80,22.41,14.75,0.2207,4,-1,-1
411,45,1193.02,492.82,30.20,53.93,0.4263,3,-1,-1
411,103,139.50,364.99,30.76,19.62,0.2069,4,-1,-1
411,93,584.08,507.34,90.65,34.64,0.3082,4,-1,-1
412,30,1194.46,478.08,27.91,52.29,0.6270,2,-1,-1
412,80,1049.29,455.92,28.32,57.91,0.6567,1,-1,-1
412,81,1104.16,391.96,20.87,49.54,0.5049,1,-1,-1
412,94,410.24,367.25,22.78,14.83,0.1656,4,-1,-1
412,45,1192.31,492.88,30.56,54.66,0.1587,10,-1,-1
412,103,135.69,364.39,32.31,20.38,0.1716,4,-1,-1
412,93,579.81,508.27,90.64,34.53,0.3007,4,-1,-1
413,30,1193.16,479.15,26.91,49.67,0.6289,2,-1,-1
413,80,1046.36,456.49,28.19,57.55,0.7058,1,-1,-1
413,81,1098.96,393.19,20.94,49.98,0.5195,1,-1,-1
413,94,405.20,367.96,21.88,13.99,0.2127,4,-1,-1
413,45,1190.60,493.40,30.60,54.96,0.1213,10,-1,-1
413,93,571.96,507.34,97.13,37.26,0.3311,4,-1,-1
414,30,1190.16,479.65,28.43,52.30,0.7241,2,-1,-1
414,80,1042.49,456.88,28.45,57.83,0.6361,1,-1,-1
414,81,1097.90,392.40,20.60,49.21,0.3140,1,-1,-1
414,94,398.48,368.42,22.20,14.12,0.1325,4,-1,-1
414,45,1189.20,497.49,29.04,51.51,0.4766,3,-1,-1
414,93,566.63,508.24,97.95,37.71,0.2846,4,-1,-1
415,30,1187.72,480.33,27.99,51.03,0.6817,2,-1,-1
415,80,1038.86,457.24,28.60,58.30,0.7138,1,-1,-1
415,81,1096.37,392.56,20.17,48.43,0.2050,1,-1,-1
415,94,391.20,368.52,22.76,14.11,0.1112,4,-1,-1
415,45,1187.27,498.26,29.13,51.54,0.4824,3,-1,-1
415,93,558.50,508.15,100.25,38.87,0.3785,4,-1,-1
416,30,1186.25,481.05,27.87,50.28,0.7114,2,-1,-1
416,80,1036.50,457.18,28.72,58.95,0.7491,1,-1,-1
416,81,1091.65,392.74,20.46,48.44,0.1634,1,-1,-1
416,45,1186.00,497.85,29.71,52.46,0.4206,3,-1,-1
416,93,552.72,509.03,100.28,39.07,0.4340,4,-1,-1
416,110,1085.32,396.53,18.06,49.73,0.5842,1,-1,-1
417,30,1185.72,482.06,27.84,49.76,0.7684,2,-1,-1
417,80,1035.34,457.48,28.60,59.18,0.7326,1,-1,-1
417,81,1095.92,393.32,16.79,39.77,0.5974,1,-1,-1
417,45,1184.82,500.24,29.32,51.48,0.5312,3,-1,-1
417,93,547.77,507.76,103.03,40.54,0.4446,4,-1,-1
417,110,1084.10,400.20,16.83,46.33,0.5955,1,-1,-1
418,30,1186.29,483.04,28.30,50.09,0.7349,2,-1,-1
418,80,1034.62,457.90,28.67,59.74,0.6943,1,-1,-1
418,81,1097.55,393.23,15.54,36.83,0.6030,1,-1,-1
418,45,1184.80,498.73,30.70,53.99,0.5603,3,-1,-1
418,93,543.76,508.54,104.42,41.38,0.2651,4,-1,-1
418,110,1083.50,401.84,16.47,45.27,0.6197,1,-1,-1
418,111,1059.12,345.27,59.38,26.98,0.5341,4,-1,-1
419,30,1186.51,484.20,30.56,54.25,0.6610,2,-1,-1
419,80,1035.22,458.57,28.49,59.69,0.6388,1,-1,-1
419,81,1098.37,393.07,15.09,35.87,0.6433,1,-1,-1
419,45,1185.59,496.27,32.15,57.05,0.4263,3,-1,-1
419,93,541.64,508.91,106.80,42.73,0.2261,4,-1,-1
419,110,1083.04,401.99,16.70,45.83,0.6575,1,-1,-1
419,111,1059.32,345.20,59.42,27.03,0.5244,4,-1,-1
420,30,1188.76,485.34,29.98,52.83,0.6766,2,-1,-1
420,80,1036.00,458.76,28.59,60.13,0.7280,1,-1,-1
420,81,1099.09,393.10,14.68,34.96,0.6558,1,-1,-1
420,45,1187.25,500.20,30.71,54.40,0.3812,3,-1,-1
420,93,540.66,509.84,106.85,43.01,0.1546,4,-1,-1
420,110,1082.88,402.14,16.93,46.42,0.6505,1,-1,-1
420,111,1059.37,345.18,59.89,27.28,0.5400,4,-1,-1
420,112,1075.86,373.97,16.43,36.45,0.4717,1,-1,-1
421,30,1191.00,486.41,31.10,54.01,0.6715,2,-1,-1
421,80,1036.46,459.07,29.01,61.39,0.7585,1,-1,-1
421,81,1099.64,392.94,14.38,34.29,0.6593,1,-1,-1
421,45,1190.69,503.15,31.11,54.19,0.3567,10,-1,-1
421,93,542.20,511.97,103.53,41.77,0.5593,4,-1,-1
421,110,1082.79,402.61,16.89,46.35,0.6645,1,-1,-1
421,111,1060.35,345.26,59.31,27.11,0.5496,4,-1,-1
421,112,1076.06,374.95,15.96,35.44,0.4168,1,-1,-1
421,113,465.97,403.29,15.22,36.31,0.4737,1,-1,-1
422,30,1191.62,487.08,31.03,52.98,0.7210,2,-1,-1
422,80,1036.62,459.40,29.05,61.86,0.7178,1,-1,-1
422,81,1098.93,392.71,14.47,34.41,0.6142,1,-1,-1
422,45,1190.01,499.03,34.02,59.21,0.4707,3,-1,-1
422,93,539.05,513.23,103.24,41.72,0.2127,4,-1,-1
422,110,1082.41,404.83,16.39,44.77,0.6593,1,-1,-1
422,111,1059.98,345.81,58.35,26.75,0.3748,4,-1,-1
422,112,1076.61,376.20,15.02,33.30,0.3478,1,-1,-1
422,113,464.63,404.81,15.11,36.00,0.3433,1,-1,-1
422,115,604.44,354.35,61.64,27.00,0.5127,4,-1,-1
423,30,1187.80,487.97,33.42,57.53,0.5879,2,-1,-1
423,80,1033.98,460.60,28.24,60.29,0.6637,1,-1,-1
423,81,1096.24,394.52,13.38,31.32,0.4893,1,-1,-1
423,45,1187.94,500.56,33.25,58.26,0.1634,3,-1,-1
423,93,532.76,514.62,102.36,41.70,0.1012,4,-1,-1
423,110,1078.23,406.69,15.90,43.19,0.5670,1,-1,-1
423,115,598.64,355.63,59.58,26.14,0.2689,4,-1,-1
424,80,1026.93,464.33,26.78,56.33,0.4620,1,-1,-1
424,45,1179.47,492.19,42.47,74.79,0.1144,1,-1,-1
424,93,524.82,518.13,94.09,38.05,0.1733,4,-1,-1
431,118,1079.45,493.07,31.75,59.35,0.7439,2,-1,-1
431,119,922.31,461.05,29.32,63.40,0.7178,1,-1,-1
431,120,977.36,393.09,15.78,34.75,0.5727,1,-1,-1
431,121,956.21,403.41,21.03,51.08,0.6680,1,-1,-1
431,122,310.80,414.99,22.63,42.53,0.6505,1,-1,-1
432,118,1080.09,493.75,33.35,62.40,0.7178,2,-1,-1
432,119,922.32,461.42,29.58,64.03,0.7571,1,-1,-1
432,120,977.04,392.75,16.27,35.89,0.5554,1,-1,-1
432,121,955.69,403.53,21.31,51.84,0.6817,1,-1,-1
432,122,309.93,415.53,22.26,41.94,0.6487,1,-1,-1
432,124,932.93,346.98,62.22,27.68,0.4581,4,-1,-1
433,118,1082.10,495.01,33.69,63.16,0.7287,2,-1,-1
433,119,923.19,462.20,29.57,64.06,0.7599,1,-1,-1
433,120,977.29,393.08,16.29,35.97,0.5784,1,-1,-1
433,121,955.53,403.39,21.64,52.77,0.6918,1,-1,-1
433,122,308.90,416.19,22.48,42.59,0.6270,1,-1,-1
433,124,933.47,346.34,62.77,27.94,0.4254,4,-1,-1
434,118,1084.83,496.40,33.04,62.10,0.7379,2,-1,-1
434,119,924.24,463.27,29.20,63.27,0.7527,1,-1,-1
434,120,977.87,393.78,16.16,35.73,0.6142,1,-1,-1
434,121,955.53,403.57,21.58,52.83,0.6951,1,-1,-1
434,122,307.97,416.51,22.72,43.27,0.6325,1,-1,-1
434,124,933.86,345.76,63.57,28.32,0.4311,4,-1,-1
435,118,1085.48,497.71,35.91,67.85,0.6234,2,-1,-1
435,119,924.84,464.28,29.07,62.92,0.7585,1,-1,-1
435,120,978.40,394.17,16.21,35.85,0.6142,1,-1,-1
435,121,955.71,403.70,21.69,53.36,0.6901,1,-1,-1
435,122,307.52,416.63,22.86,43.90,0.6289,1,-1,-1
435,124,933.31,345.75,63.29,28.27,0.3702,4,-1,-1
435,127,291.57,415.09,21.01,41.72,0.5107,1,-1,-1
436,118,1088.63,498.52,35.41,67.11,0.6361,2,-1,-1
436,119,926.15,465.66,28.89,62.51,0.7571,1,-1,-1
436,120,979.07,394.77,15.94,35.23,0.5936,1,-1,-1
436,121,956.05,403.63,21.91,54.23,0.6697,1,-1,-1
436,122,307.14,416.96,22.75,44.19,0.6593,1,-1,-1
436,124,932.93,345.20,63.58,28.55,0.4054,4,-1,-1
436,127,290.37,415.83,21.38,42.49,0.5784,1,-1,-1
437,118,1092.11,499.52,32.80,62.11,0.6680,2,-1,-1
437,119,927.58,466.78,28.78,62.44,0.7614,1,-1,-1
437,120,979.59,394.53,16.01,35.36,0.6270,1,-1,-1
437,121,956.24,403.98,21.79,54.26,0.6817,1,-1,-1
437,122,306.30,417.07,22.50,44.16,0.6270,1,-1,-1
437,124,932.79,345.28,63.06,28.48,0.4321,4,-1,-1
437,127,289.50,416.07,21.38,42.59,0.5322,1,-1,-1
437,130,1090.17,519.27,35.26,53.09,0.6151,3,-1,-1
437,131,522.09,365.20,43.93,30.24,0.5651,4,-1,-1
438,118,1094.00,500.27,32.14,60.80,0.7001,2,-1,-1
438,119,928.19,467.08,28.95,63.02,0.7712,1,-1,-1
438,120,979.70,394.44,16.03,35.39,0.6343,1,-1,-1
438,121,956.27,405.70,21.32,53.24,0.6749,1,-1,-1
438,122,305.61,417.64,22.46,44.48,0.6361,1,-1,-1
438,124,932.91,345.69,62.34,28.31,0.4225,4,-1,-1
438,127,288.23,417.85,20.85,41.69,0.5784,1,-1,-1
438,130,1091.91,519.80,35.70,53.79,0.6860,3,-1,-1
438,131,521.21,365.26,44.21,30.45,0.4737,4,-1,-1
438,132,255.21,377.83,53.03,30.71,0.5689,4,-1,-1
439,118,1094.65,501.09,32.71,61.90,0.6628,2,-1,-1
439,119,927.58,467.47,28.83,62.78,0.7341,1,-1,-1
439,120,979.51,394.44,15.88,35.15,0.6086,1,-1,-1
439,121,955.82,408.00,20.56,51.41,0.6868,1,-1,-1
439,122,304.52,418.47,22.37,44.73,0.5823,1,-1,-1
439,124,930.35,345.93,63.98,29.34,0.3970,4,-1,-1
439,127,286.57,420.42,20.13,40.46,0.5244,1,-1,-1
439,130,1092.10,518.26,37.47,56.61,0.6298,3,-1,-1
439,132,254.25,377.22,53.65,31.14,0.5419,4,-1,-1
440,118,1094.70,501.63,33.33,63.00,0.6645,2,-1,-1
440,119,926.13,467.78,28.95,63.07,0.7210,1,-1,-1
440,120,978.17,394.44,15.64,34.74,0.4756,1,-1,-1
440,121,953.66,406.90,21.15,53.25,0.6918,1,-1,-1
440,122,301.22,418.98,22.21,44.64,0.5879,1,-1,-1
440,124,929.66,345.06,67.17,31.00,0.3016,4,-1,-1
440,127,283.78,421.68,20.80,42.17,0.5254,1,-1,-1
440,130,1090.59,513.96,40.75,61.96,0.6132,3,-1,-1
440,134,399.34,351.48,41.10,21.14,0.4707,4,-1,-1
441,118,1094.04,502.13,34.11,64.65,0.6984,2,-1,-1
441,119,925.09,467.77,28.78,62.57,0.7303,1,-1,-1
441,120,976.02,393.63,16.03,35.89,0.5361,1,-1,-1
441,121,950.89,406.68,21.22,53.77,0.6901,1,-1,-1
441,122,298.07,419.52,22.17,44.91,0.6325,1,-1,-1
441,124,922.77,345.66,66.62,31.10,0.3225,4,-1,-1
441,127,279.96,421.17,21.51,43.92,0.5879,1,-1,-1
441,130,1089.36,513.52,41.36,63.53,0.5487,3,-1,-1
441,134,397.81,351.54,42.58,21.86,0.3877,4,-1,-1
442,118,1093.03,502.93,34.76,66.02,0.7484,2,-1,-1
442,119,923.40,467.65,28.75,62.54,0.7780,1,-1,-1
442,120,973.17,394.45,16.12,36.27,0.5351,1,-1,-1
442,121,947.20,405.56,22.11,56.35,0.6783,1,-1,-1
442,122,294.47,420.75,22.10,44.90,0.5254,1,-1,-1
442,124,919.16,346.52,64.98,30.66,0.1854,4,-1,-1
442,127,276.35,421.87,21.54,44.29,0.5746,1,-1,-1
442,130,1087.95,512.28,42.27,65.70,0.5234,3,-1,-1
442,134,394.54,351.37,45.27,23.22,0.2967,4,-1,-1
443,118,1091.80,503.51,36.25,69.18,0.7379,2,-1,-1
443,119,922.09,467.80,28.87,63.07,0.7833,1,-1,-1
443,120,971.00,395.27,15.88,35.93,0.4369,1,-1,-1
443,121,944.02,404.37,22.69,58.31,0.5273,1,-1,-1
443,122,291.00,421.87,22.02,44.76,0.6179,1,-1,-1
443,124,917.18,345.96,65.70,31.59,0.2539,4,-1,-1
443,127,272.84,422.30,21.08,43.90,0.6289,1,-1,-1
443,130,1086.67,512.65,42.43,66.66,0.5641,3,-1,-1
443,134,391.97,351.28,42.89,21.97,0.4620,4,-1,-1
443,138,2.01,369.44,62.45,25.78,0.5224,4,-1,-1
444,118,1091.45,504.19,38.02,73.01,0.6160,2,-1,-1
444,119,920.95,467.63,29.02,64.01,0.7739,1,-1,-1
444,120,969.44,395.00,15.67,35.60,0.5506,1,-1,-1
444,121,942.57,405.44,22.27,57.58,0.6433,1,-1,-1
444,122,288.07,422.68,21.65,44.44,0.5448,1,-1,-1
444,124,914.56,346.43,63.59,30.86,0.5593,4,-1,-1
444,127,270.59,422.69,20.79,43.86,0.6901,1,-1,-1
444,130,1085.25,507.93,45.28,72.33,0.2553,3,-1,-1
444,134,389.05,351.39,43.03,21.99,0.4746,4,-1,-1
444,138,0.58,369.37,61.96,25.58,0.5917,4,-1,-1
444,139,326.77,362.65,50.92,26.52,0.5263,4,-1,-1
444,132,233.81,378.97,55.21,32.18,0.5166,4,-1,-1
445,118,1092.86,504.63,37.28,71.93,0.6593,2,-1,-1
445,119,920.97,467.34,28.99,64.55,0.7833,1,-1,-1
445,120,968.62,394.53,15.80,35.94,0.5448,1,-1,-1
445,121,941.01,408.71,21.23,54.44,0.1016,3,-1,-1
445,122,286.88,423.87,20.80,42.99,0.5351,1,-1,-1
445,124,912.54,346.42,65.24,32.14,0.5127,4,-1,-1
445,127,269.33,423.80,20.31,43.05,0.6270,1,-1,-1
445,130,1086.41,504.60,46.62,75.62,0.2878,1,-1,-1
445,134,387.82,351.67,42.99,21.97,0.3989,4,-1,-1
445,138,-0.63,370.14,59.65,24.65,0.5612,4,-1,-1
445,139,324.19,362.86,49.28,25.68,0.2942,4,-1,-1
445,132,231.26,378.83,54.31,31.95,0.4873,4,-1,-1
446,118,1092.87,505.48,38.44,74.81,0.6370,1,-1,-1
446,119,921.00,467.14,29.15,65.50,0.7670,1,-1,-1
446,120,968.35,394.45,15.63,35.45,0.5293,1,-1,-1
446,121,940.49,411.68,20.16,51.58,0.2295,3,-1,-1
446,122,284.75,424.87,20.11,41.72,0.4321,1,-1,-1
446,124,913.63,346.92,63.67,31.84,0.5458,4,-1,-1
446,127,267.74,424.69,20.00,42.81,0.5583,1,-1,-1
446,130,1088.93,504.54,44.98,74.25,0.2942,2,-1,-1
446,134,385.33,352.28,42.74,21.80,0.3478,4,-1,-1
446,138,-2.00,370.40,59.36,24.59,0.6086,4,-1,-1
446,139,320.31,363.34,47.90,25.05,0.3785,4,-1,-1
446,132,229.56,378.75,54.09,32.16,0.5516,4,-1,-1
447,118,1093.55,509.68,37.18,73.21,0.5756,3,-1,-1
447,119,921.09,466.94,28.93,65.57,0.7614,1,-1,-1
447,120,967.89,394.77,15.64,35.26,0.5244,1,-1,-1
447,121,940.48,414.71,19.03,48.89,0.3174,1,-1,-1
447,122,281.06,425.82,20.09,42.73,0.1795,1,-1,-1
447,124,912.80,346.72,61.07,30.76,0.4805,4,-1,-1
447,127,265.73,424.66,20.10,43.50,0.4776,1,-1,-1
447,130,1092.40,505.06,39.69,66.26,0.5185,2,-1,-1
447,134,384.62,352.35,44.88,22.75,0.3933,4,-1,-1
447,138,-3.24,370.50,58.68,24.45,0.5784,4,-1,-1
447,139,318.79,363.44,47.73,25.01,0.4369,4,-1,-1
447,132,227.65,378.83,53.67,32.06,0.3739,4,-1,-1
447,140,347.27,544.45,112.93,45.04,0.7840,4,-1,-1
448,118,1093.19,510.89,36.56,73.14,0.4727,3,-1,-1
448,119,919.67,467.64,29.37,67.22,0.7349,1,-1,-1
448,120,965.47,394.64,15.55,35.13,0.4766,1,-1,-1
448,121,936.94,411.10,20.20,52.18,0.5535,1,-1,-1
448,124,911.40,347.12,60.70,30.89,0.2942,4,-1,-1
448,127,262.68,425.10,19.22,41.67,0.4349,1,-1,-1
448,130,1092.79,505.86,37.32,63.19,0.4941,2,-1,-1
448,134,383.33,352.96,45.61,23.14,0.1694,4,-1,-1
448,138,-6.37,369.86,60.62,25.58,0.5974,4,-1,-1
448,139,315.03,363.63,47.39,24.90,0.5205,4,-1,-1
448,132,223.14,379.51,52.93,31.69,0.4083,4,-1,-1
448,140,339.90,543.91,118.51,47.29,0.6424,4,-1,-1
449,118,1091.93,516.85,33.63,67.80,0.5908,3,-1,-1
449,119,917.34,469.01,29.01,66.70,0.7154,1,-1,-1
449,121,932.25,413.49,19.43,50.06,0.4746,1,-1,-1
449,127,258.23,426.72,19.74,42.08,0.1667,1,-1,-1
449,130,1091.92,507.04,33.41,56.92,0.5955,2,-1,-1
449,138,-10.87,368.87,60.42,26.15,0.4092,4,-1,-1
449,139,304.82,362.03,50.87,26.74,0.1148,4,-1,-1
449,140,331.73,543.92,120.83,48.29,0.6723,4,-1,-1
450,118,1086.84,512.64,35.34,72.28,0.4941,1,-1,-1
450,119,911.49,469.51,29.51,68.21,0.6783,1,-1,-1
450,121,926.07,415.80,19.20,49.03,0.5341,1,-1,-1
450,130,1085.52,508.87,36.77,64.07,0.2154,2,-1,-1
450,140,322.11,545.39,119.97,48.04,0.5525,4,-1,-1
451,118,1082.50,513.36,36.75,74.67,0.2200,3,-1,-1
451,119,904.63,470.22,28.22,65.17,0.5879,1,-1,-1
451,130,1081.66,508.55,35.05,60.17,0.3183,2,-1,-1
451,140,311.27,548.80,115.67,46.33,0.2422,4,-1,-1
452,118,1074.65,507.42,40.84,82.90,0.3099,2,-1,-1
452,119,896.20,470.67,28.61,65.92,0.6860,1,-1,-1
452,130,1075.09,505.72,36.50,62.29,0.4746,2,-1,-1
452,140,298.82,551.00,115.34,46.15,0.4951,4,-1,-1
453,119,886.92,469.67,29.39,68.07,0.6645,1,-1,-1
453,130,1066.67,508.55,38.84,66.03,0.5554,2,-1,-1
454,119,879.48,470.02,29.24,68.14,0.6487,1,-1,-1
454,130,1057.64,508.99,45.88,79.00,0.2095,2,-1,-1
455,119,874.45,469.45,29.38,69.03,0.7409,1,-1,-1
455,130,1054.15,510.68,38.06,65.75,0.5860,2,-1,-1
455,140,264.67,556.87,119.99,47.97,0.4649,4,-1,-1
456,119,871.67,468.75,29.72,70.42,0.7670,1,-1,-1
456,130,1052.32,512.50,33.21,57.88,0.5746,2,-1,-1
456,143,242.97,365.09,53.81,26.57,0.5088,4,-1,-1
456,144,1055.51,531.10,32.10,58.61,0.4922,3,-1,-1
456,140,256.35,557.31,123.25,49.30,0.5860,4,-1,-1
457,119,870.59,468.08,29.82,71.24,0.7628,1,-1,-1
457,130,1049.97,512.86,37.77,67.25,0.4149,2,-1,-1
457,143,240.14,364.65,54.43,26.92,0.2524,4,-1,-1
457,144,1054.52,523.92,36.39,66.60,0.3702,3,-1,-1
457,140,253.75,558.35,121.51,48.46,0.4844,4,-1,-1
457,145,910.41,395.61,14.99,33.54,0.6086,1,-1,-1
458,119,870.85,467.80,29.77,71.78,0.7642,1,-1,-1
458,130,1049.00,513.43,37.24,68.01,0.3451,1,-1,-1
458,143,238.00,364.91,55.42,27.42,0.2576,4,-1,-1
458,144,1054.07,521.05,38.58,70.96,0.2539,3,-1,-1
458,145,909.96,395.17,15.41,34.57,0.6030,1,-1,-1
458,146,876.02,417.30,21.84,53.10,0.5010,1,-1,-1
459,119,871.62,467.99,29.76,72.47,0.7469,1,-1,-1
459,130,1048.96,514.25,39.44,74.40,0.3840,1,-1,-1
459,143,242.21,365.54,55.23,27.25,0.1005,4,-1,-1
459,144,1055.91,516.16,42.85,79.03,0.1618,1,-1,-1
459,145,910.01,394.70,15.49,34.88,0.6289,1,-1,-1
459,146,876.10,418.18,21.75,52.92,0.4301,1,-1,-1
460,119,872.66,468.12,29.73,72.86,0.7571,1,-1,-1
460,130,1050.27,514.79,39.48,76.94,0.3961,1,-1,-1
460,143,237.00,364.98,55.48,27.67,0.2628,4,-1,-1
460,144,1057.43,515.41,44.35,82.11,0.1854,1,-1,-1
460,145,910.08,394.27,15.64,35.34,0.6067,1,-1,-1
460,146,875.78,418.74,21.47,52.22,0.3630,1,-1,-1
460,147,863.57,347.34,47.27,32.20,0.4591,4,-1,-1
461,119,873.94,469.49,29.41,71.98,0.7513,1,-1,-1
461,130,1052.24,514.33,39.87,80.23,0.3065,1,-1,-1
461,143,239.27,365.75,53.50,26.75,0.2975,4,-1,-1
461,144,1057.87,513.72,45.30,84.49,0.1836,3,-1,-1
461,145,910.09,394.19,15.84,36.00,0.6252,1,-1,-1
461,146,875.42,418.83,21.46,52.20,0.4321,1,-1,-1
461,147,863.64,347.51,47.10,32.07,0.5078,4,-1,-1
462,119,874.48,469.04,30.08,73.62,0.7409,1,-1,-1
462,130,1054.31,511.44,39.65,81.82,0.2494,1,-1,-1
462,143,236.33,366.33,53.19,26.72,0.2798,4,-1,-1
462,144,1058.94,513.04,45.12,84.75,0.3124,3,-1,-1
462,145,910.07,394.21,15.87,36.24,0.6289,1,-1,-1
462,146,875.18,418.87,21.57,52.48,0.5651,1,-1,-1
462,147,863.76,347.76,46.42,31.54,0.5117,4,-1,-1
463,119,874.93,469.20,30.28,74.32,0.7272,1,-1,-1
463,130,1056.50,512.92,37.76,80.10,0.4504,1,-1,-1
463,143,233.90,365.31,55.06,27.82,0.3251,4,-1,-1
463,144,1060.62,512.92,44.25,83.83,0.1683,1,-1,-1
463,145,910.04,394.37,15.72,36.10,0.6343,1,-1,-1
463,146,874.90,419.05,21.89,53.31,0.4776,1,-1,-1
463,147,863.47,348.03,45.96,31.07,0.5185,4,-1,-1
464,119,874.99,469.49,30.60,74.84,0.7202,1,-1,-1
464,130,1058.71,516.53,35.59,77.37,0.4562,1,-1,-1
464,143,233.28,364.43,56.93,28.90,0.4263,4,-1,-1
464,144,1062.21,515.01,42.38,80.97,0.2031,1,-1,-1
464,145,909.59,394.37,15.74,36.27,0.6325,1,-1,-1
464,146,873.60,417.64,22.42,54.67,0.5516,1,-1,-1
464,147,863.24,348.16,46.26,31.16,0.4893,4,-1,-1
465,119,875.14,469.78,31.03,75.70,0.7154,1,-1,-1
465,130,1059.54,517.79,34.21,76.17,0.3390,1,-1,-1
465,143,234.53,365.26,56.36,28.51,0.2458,4,-1,-1
465,144,1063.68,515.75,40.99,79.00,0.1093,1,-1,-1
465,145,909.42,394.75,15.33,35.46,0.6540,1,-1,-1
465,146,872.71,416.53,22.55,55.33,0.4311,1,-1,-1
465,147,862.06,347.95,46.92,31.49,0.5727,4,-1,-1
466,119,875.46,471.15,30.67,74.56,0.7170,1,-1,-1
466,130,1061.83,519.36,31.57,72.12,0.1842,1,-1,-1
466,143,233.37,364.78,57.61,29.40,0.5554,4,-1,-1
466,145,908.75,394.53,15.27,35.39,0.6645,1,-1,-1
466,146,871.67,418.17,21.74,53.60,0.4805,1,-1,-1
466,147,856.57,348.42,46.93,30.70,0.5419,4,-1,-1
466,149,361.55,364.91,54.89,26.06,0.5244,4,-1,-1
466,150,175.62,440.65,20.66,40.93,0.6142,1,-1,-1
467,119,876.71,472.42,29.74,72.27,0.7287,1,-1,-1
467,143,233.63,365.51,55.16,28.20,0.5137,4,-1,-1
467,145,908.36,394.44,15.19,35.33,0.6628,1,-1,-1
467,146,871.30,419.62,20.13,49.72,0.4378,1,-1,-1
467,147,856.82,348.55,47.16,30.51,0.5689,4,-1,-1
467,149,361.89,364.50,55.14,26.31,0.3961,4,-1,-1
467,150,175.43,441.81,19.99,39.62,0.5727,1,-1,-1
468,119,877.60,473.07,28.94,70.08,0.7256,1,-1,-1
468,143,232.01,365.41,54.44,27.93,0.4795,4,-1,-1
468,145,908.10,394.10,15.31,35.66,0.6487,1,-1,-1
468,146,870.81,420.40,19.67,48.64,0.4330,1,-1,-1
468,147,857.26,348.40,47.96,30.92,0.5574,4,-1,-1
468,149,362.03,365.02,53.70,25.80,0.4785,4,-1,-1
468,150,175.08,442.63,20.41,40.39,0.4158,1,-1,-1
469,119,878.85,473.90,27.92,67.51,0.6901,1,-1,-1
469,143,229.98,365.08,55.19,28.41,0.5010,4,-1,-1
469,145,908.10,393.92,15.37,35.84,0.6522,1,-1,-1
469,146,869.93,421.28,20.12,50.00,0.5283,1,-1,-1
469,147,857.35,348.32,48.42,31.07,0.5496,4,-1,-1
469,149,354.46,363.69,56.17,27.04,0.4844,4,-1,-1
469,150,175.60,444.50,19.69,38.94,0.3381,1,-1,-1
470,119,879.88,474.04,27.28,65.66,0.6715,1,-1,-1
470,143,228.74,364.64,55.40,28.78,0.5293,4,-1,-1
470,145,908.18,393.78,15.46,36.06,0.6451,1,-1,-1
470,146,869.15,421.57,20.51,51.11,0.4776,1,-1,-1
470,147,857.66,348.65,47.63,30.21,0.5400,4,-1,-1
470,149,352.27,364.09,56.13,27.05,0.5244,4,-1,-1
470,150,175.40,445.76,19.28,38.03,0.4216,1,-1,-1
471,119,881.03,473.42,27.59,66.39,0.7272,1,-1,-1
471,143,229.91,365.23,54.02,28.09,0.4834,4,-1,-1
471,145,908.26,393.54,15.55,36.34,0.6343,1,-1,-1
471,146,868.44,422.00,20.93,52.16,0.5117,1,-1,-1
471,147,857.46,348.64,48.32,30.36,0.5631,4,-1,-1
471,149,351.50,364.23,56.38,27.26,0.5078,4,-1,-1
471,150,175.19,447.39,19.04,37.50,0.4426,1,-1,-1
471,152,275.26,361.97,48.65,29.58,0.5059,4,-1,-1
472,119,881.87,472.90,27.45,66.22,0.7364,1,-1,-1
472,143,232.02,367.00,51.06,26.32,0.3951,4,-1,-1
472,145,908.47,393.47,15.55,36.44,0.6086,1,-1,-1
472,146,868.20,422.87,21.08,52.63,0.5351,1,-1,-1
472,147,857.40,348.62,48.54,30.18,0.5670,4,-1,-1
472,149,346.81,361.72,60.57,29.65,0.4707,4,-1,-1
472,150,173.89,448.44,19.21,37.87,0.5176,1,-1,-1
472,152,275.37,360.74,49.58,30.21,0.1510,4,-1,-1
473,119,882.52,472.45,27.75,67.24,0.7241,1,-1,-1
473,143,232.15,368.08,49.77,25.47,0.4397,4,-1,-1
473,145,908.86,394.06,15.33,36.10,0.5993,1,-1,-1
473,146,867.82,423.63,21.35,53.43,0.5467,1,-1,-1
473,147,858.46,348.59,47.99,29.52,0.5574,4,-1,-1
473,149,344.84,360.55,61.95,30.73,0.4815,4,-1,-1
473,150,173.36,448.78,19.36,38.21,0.4990,1,-1,-1
473,152,277.55,359.95,48.27,29.54,0.1246,4,-1,-1
474,119,883.67,472.74,27.91,67.84,0.7334,1,-1,-1
474,143,229.06,368.41,51.27,26.18,0.5879,4,-1,-1
474,145,909.58,394.62,15.00,35.57,0.6049,1,-1,-1
474,146,867.45,423.95,21.57,54.22,0.5679,1,-1,-1
474,147,859.26,348.65,47.22,28.70,0.5651,4,-1,-1
474,149,349.40,363.76,55.49,27.67,0.4542,4,-1,-1
474,150,173.38,450.54,18.99,37.33,0.5254,1,-1,-1
474,152,278.88,359.32,45.80,28.15,0.1152,4,-1,-1
475,119,884.80,473.15,28.06,68.43,0.7349,1,-1,-1
475,143,228.22,368.45,51.88,26.42,0.5804,4,-1,-1
475,145,910.21,395.08,14.71,35.23,0.5784,1,-1,-1
475,146,867.22,424.25,21.57,54.44,0.5351,1,-1,-1
475,147,858.42,348.19,48.89,29.50,0.5737,4,-1,-1
475,149,344.80,360.63,59.99,30.39,0.5049,4,-1,-1
475,150,173.37,451.11,19.31,37.83,0.4083,1,-1,-1
475,152,277.90,359.00,44.05,27.17,0.1264,4,-1,-1
476,119,885.94,473.77,28.02,68.60,0.7146,1,-1,-1
476,143,227.89,368.08,53.21,26.90,0.6289,4,-1,-1
476,145,910.46,394.62,14.75,35.63,0.6049,1,-1,-1
476,146,867.04,424.77,21.35,54.09,0.5927,1,-1,-1
476,147,858.41,348.03,49.21,29.47,0.5708,4,-1,-1
476,149,342.47,359.21,61.71,31.77,0.5554,4,-1,-1
476,150,172.86,452.43,19.34,37.84,0.1801,1,-1,-1
476,152,277.53,358.56,45.36,28.07,0.1238,4,-1,-1
477,119,886.92,475.00,27.73,67.94,0.6834,1,-1,-1
477,143,227.43,368.12,53.50,26.96,0.6067,4,-1,-1
477,145,910.59,394.09,14.89,36.22,0.5974,1,-1,-1
477,146,866.34,424.79,21.53,55.07,0.6067,1,-1,-1
477,147,858.31,347.87,49.88,29.68,0.5496,4,-1,-1
477,149,341.19,358.38,62.10,32.54,0.5146,4,-1,-1
477,150,172.29,452.35,19.09,37.54,0.3504,1,-1,-1
477,152,282.19,357.95,40.91,25.23,0.1093,4,-1,-1
478,119,887.68,476.09,27.57,67.54,0.6935,1,-1,-1
478,143,229.70,368.83,50.54,25.15,0.5851,4,-1,-1
478,145,910.82,393.79,14.90,36.52,0.5860,1,-1,-1
478,146,865.51,423.59,21.91,56.31,0.6252,1,-1,-1
478,147,858.59,347.81,49.74,29.39,0.5332,4,-1,-1
478,149,343.97,360.81,56.33,29.87,0.3821,4,-1,-1
478,150,173.24,451.91,17.60,34.17,0.2088,1,-1,-1
478,152,286.95,357.48,34.36,20.86,0.1551,4,-1,-1
479,119,888.71,477.25,27.30,66.71,0.7272,1,-1,-1
479,143,230.06,369.24,49.44,24.33,0.5564,4,-1,-1
479,145,910.65,393.28,15.03,37.12,0.6067,1,-1,-1
479,146,865.28,423.82,21.96,56.96,0.6307,1,-1,-1
479,147,858.65,348.05,48.70,28.35,0.5244,4,-1,-1
479,149,345.59,361.70,53.84,28.96,0.4446,4,-1,-1
479,152,288.18,357.29,32.58,19.42,0.1577,4,-1,-1
480,119,889.61,477.87,27.29,66.60,0.7409,1,-1,-1
480,143,228.67,369.29,50.43,24.54,0.5564,4,-1,-1
480,145,910.47,392.74,14.99,37.32,0.6469,1,-1,-1
480,146,864.84,422.86,22.04,57.43,0.6307,1,-1,-1
480,147,858.40,348.14,48.81,28.03,0.5205,4,-1,-1
480,149,347.32,362.60,51.69,28.14,0.4465,4,-1,-1
480,152,289.65,356.59,32.36,18.91,0.2358,4,-1,-1
480,154,1106.93,533.34,25.31,76.70,0.5098,1,-1,-1
481,119,890.63,477.53,27.66,67.49,0.7454,1,-1,-1
481,143,225.07,368.10,54.04,26.22,0.2154,4,-1,-1
481,145,910.78,392.80,14.69,36.78,0.6593,1,-1,-1
481,146,864.15,421.99,22.58,59.17,0.6325,1,-1,-1
481,147,858.47,348.12,50.66,29.19,0.3684,4,-1,-1
481,149,345.84,364.11,48.29,26.62,0.2365,4,-1,-1
481,152,285.97,356.54,30.85,17.60,0.1352,4,-1,-1
481,154,1109.28,532.61,25.03,75.70,0.4668,1,-1,-1
482,119,891.89,476.38,27.66,67.72,0.7469,1,-1,-1
482,143,220.78,365.91,58.08,28.38,0.5974,4,-1,-1
482,145,910.85,392.49,14.56,36.66,0.6749,1,-1,-1
482,146,864.21,423.18,22.38,58.96,0.6077,1,-1,-1
482,147,857.26,346.96,54.78,32.08,0.4168,4,-1,-1
482,149,343.09,363.48,46.73,26.09,0.2744,4,-1,-1
482,154,1111.11,532.63,24.62,74.16,0.4971,1,-1,-1
483,119,893.00,474.47,27.58,67.82,0.7287,1,-1,-1
483,143,217.52,364.58,55.56,27.67,0.3007,4,-1,-1
483,145,910.51,390.85,14.83,37.49,0.6749,1,-1,-1
483,146,864.12,422.63,21.91,58.05,0.6234,1,-1,-1
483,147,857.50,344.87,56.02,33.27,0.4130,4,-1,-1
483,154,1114.05,531.64,22.00,65.50,0.6142,1,-1,-1
484,119,894.07,472.15,27.16,66.67,0.7210,1,-1,-1
484,143,219.16,362.19,53.53,26.87,0.1246,4,-1,-1
484,145,911.13,389.20,14.42,36.43,0.5955,1,-1,-1
484,146,864.39,420.06,21.99,58.70,0.5993,1,-1,-1
484,154,1113.63,530.06,25.51,75.55,0.6968,1,-1,-1
485,119,894.37,469.12,27.43,67.27,0.7033,1,-1,-1
485,145,911.25,385.18,14.64,36.94,0.6697,1,-1,-1
485,146,863.28,419.15,22.10,59.06,0.6252,1,-1,-1
485,154,1114.46,527.83,26.78,78.60,0.6030,1,-1,-1
486,119,894.73,465.19,28.21,69.08,0.7379,1,-1,-1
486,145,911.24,381.44,14.71,37.21,0.6234,1,-1,-1
486,146,863.08,417.41,21.65,57.57,0.6487,1,-1,-1
486,154,1116.05,525.88,27.28,79.21,0.5332,1,-1,-1
487,119,895.24,461.37,28.49,69.28,0.7614,1,-1,-1
487,145,911.66,377.83,14.56,36.86,0.5516,1,-1,-1
487,146,862.98,415.36,21.51,56.79,0.6325,1,-1,-1
487,154,1116.90,523.01,28.05,80.23,0.5137,2,-1,-1
488,119,895.38,456.67,29.02,70.30,0.7513,1,-1,-1
488,145,911.93,373.10,15.21,38.52,0.6252,1,-1,-1
488,146,862.51,411.40,21.49,56.27,0.6397,1,-1,-1
488,154,1118.64,519.71,28.37,79.87,0.6086,2,-1,-1
489,119,895.69,453.49,29.39,70.61,0.7642,1,-1,-1
489,145,911.99,369.17,15.40,39.20,0.5631,1,-1,-1
489,146,862.32,408.48,21.60,56.01,0.6645,1,-1,-1
489,154,1119.74,516.94,29.03,80.43,0.5784,2,-1,-1
490,119,895.75,450.40,30.24,72.19,0.7950,1,-1,-1
490,145,912.41,366.57,14.83,37.53,0.5322,1,-1,-1
490,146,862.65,404.89,21.87,56.61,0.6697,1,-1,-1
490,154,1120.89,515.22,29.98,81.64,0.4854,2,-1,-1
491,119,896.19,448.77,30.07,70.90,0.7873,1,-1,-1
491,145,912.39,364.19,15.00,37.76,0.4668,1,-1,-1
491,146,862.74,403.41,21.64,55.80,0.6540,1,-1,-1
491,154,1122.64,513.61,30.32,81.22,0.4688,2,-1,-1
492,119,896.50,447.36,30.51,71.02,0.7739,1,-1,-1
492,145,912.57,361.17,15.41,38.60,0.5593,1,-1,-1
492,146,862.41,401.87,22.05,56.41,0.6343,1,-1,-1
492,154,1123.82,512.27,30.58,80.39,0.5224,2,-1,-1
493,119,896.63,445.60,31.29,72.06,0.7394,1,-1,-1
493,145,913.14,359.84,15.35,38.39,0.4805,1,-1,-1
493,146,862.74,399.56,21.80,55.53,0.5631,1,-1,-1
493,154,1125.83,511.57,30.79,79.41,0.5438,2,-1,-1
494,119,896.75,444.35,31.88,72.52,0.7670,1,-1,-1
494,145,913.67,357.89,14.38,35.79,0.5458,1,-1,-1
494,146,862.45,396.63,21.97,55.83,0.6030,1,-1,-1
494,154,1127.37,510.76,30.29,76.14,0.5059,2,-1,-1
495,119,896.87,443.25,32.60,73.22,0.7656,1,-1,-1
495,145,913.89,355.57,14.41,35.80,0.6197,1,-1,-1
495,146,861.35,393.49,23.25,59.16,0.6505,1,-1,-1
495,154,1129.86,510.01,28.46,68.45,0.5535,2,-1,-1
496,119,896.83,442.62,33.57,75.08,0.7585,1,-1,-1
496,145,914.30,354.16,14.54,36.23,0.7225,1,-1,-1
496,146,861.44,391.94,22.65,57.70,0.6645,1,-1,-1
496,154,1132.59,510.17,27.57,63.85,0.6325,2,-1,-1
496,162,364.02,332.64,29.44,21.15,0.6105,4,-1,-1
497,119,897.50,441.85,33.44,74.73,0.6593,1,-1,-1
497,145,914.16,353.48,14.52,36.29,0.7334,1,-1,-1
497,146,861.75,391.02,22.00,56.23,0.6800,1,-1,-1
497,154,1134.30,510.32,28.22,63.40,0.5955,2,-1,-1
497,162,363.33,332.47,28.48,20.44,0.5879,4,-1,-1
498,119,898.48,441.15,32.77,73.30,0.4698,1,-1,-1
498,145,914.17,353.15,14.12,35.40,0.6984,1,-1,-1
498,146,861.93,390.57,21.52,55.22,0.6397,1,-1,-1
498,154,1135.73,511.08,28.54,62.29,0.6234,2,-1,-1
498,162,361.73,332.91,28.18,20.22,0.6325,4,-1,-1
499,119,899.40,440.32,32.45,72.92,0.4678,1,-1,-1
499,145,914.14,353.04,13.99,35.18,0.6918,1,-1,-1
499,146,861.90,390.54,21.35,55.05,0.6487,1,-1,-1
499,154,1137.21,512.27,28.92,61.01,0.7114,2,-1,-1
499,162,360.70,333.61,27.95,20.05,0.5708,4,-1,-1
500,119,899.96,440.00,32.60,73.82,0.6860,1,-1,-1
500,145,914.23,353.01,13.78,34.74,0.6715,1,-1,-1
500,146,860.93,390.33,21.75,56.17,0.7194,1,-1,-1
500,154,1137.58,512.80,31.61,65.28,0.6732,2,-1,-1
500,162,358.26,333.89,27.91,20.08,0.4707,4,-1,-1
500,164,880.61,362.30,15.05,38.37,0.5263,1,-1,-1
500,165,861.02,311.93,52.05,30.46,0.5263,4,-1,-1
501,119,901.28,439.85,31.63,72.17,0.7454,1,-1,-1
501,145,914.35,352.95,13.96,35.11,0.6289,1,-1,-1
501,146,859.90,389.61,22.44,57.82,0.6935,1,-1,-1
501,154,1139.34,513.67,33.33,67.89,0.6361,2,-1,-1
501,162,357.71,333.99,28.05,20.08,0.5341,4,-1,-1
501,164,880.66,362.26,15.07,38.38,0.5727,1,-1,-1
501,165,861.23,312.07,52.21,30.56,0.5419,4,-1,-1
501,166,244.69,320.76,30.62,16.08,0.4795,4,-1,-1
502,119,901.92,439.91,31.57,72.83,0.7454,1,-1,-1
502,145,914.60,353.43,14.13,35.37,0.5593,1,-1,-1
502,146,859.34,390.39,22.50,57.76,0.6817,1,-1,-1
502,154,1140.79,514.04,34.40,69.24,0.6325,2,-1,-1
502,162,357.53,333.60,29.25,20.47,0.5651,4,-1,-1
502,164,881.14,361.71,15.22,38.78,0.5842,1,-1,-1
502,165,862.04,311.92,51.06,29.86,0.5860,4,-1,-1
502,166,244.70,320.84,30.54,16.03,0.5010,4,-1,-1
503,119,902.27,440.40,31.86,74.44,0.7469,1,-1,-1
503,145,914.71,353.44,14.31,35.67,0.5506,1,-1,-1
503,146,858.96,391.50,22.39,57.24,0.5708,1,-1,-1
503,154,1142.44,514.45,35.19,70.28,0.6558,2,-1,-1
503,162,357.07,333.04,31.08,21.24,0.6343,4,-1,-1
503,164,881.13,361.65,15.40,39.25,0.5765,1,-1,-1
503,165,862.92,311.69,50.22,29.31,0.5708,4,-1,-1
503,166,244.81,320.80,30.77,16.14,0.5341,4,-1,-1
503,167,1077.92,397.59,23.63,45.87,0.4591,1,-1,-1
504,119,902.56,440.97,32.19,76.31,0.7527,1,-1,-1
504,145,914.77,353.56,14.42,35.81,0.5593,1,-1,-1
504,146,859.56,393.70,21.52,55.02,0.5195,1,-1,-1
504,154,1143.99,515.41,36.30,72.26,0.6715,2,-1,-1
504,162,356.36,333.27,31.74,21.18,0.5554,4,-1,-1
504,164,880.82,362.21,15.28,38.79,0.6049,1,-1,-1
504,165,862.96,311.53,50.58,29.44,0.5784,4,-1,-1
504,166,245.70,320.79,30.12,15.78,0.5205,4,-1,-1
504,167,1078.52,398.67,23.11,44.76,0.2275,1,-1,-1
505,119,903.52,441.49,31.41,75.05,0.7469,1,-1,-1
505,145,914.83,353.48,14.47,35.81,0.5727,1,-1,-1
505,146,859.32,394.25,21.67,55.30,0.4863,1,-1,-1
505,154,1146.63,516.09,36.33,71.91,0.6433,2,-1,-1
505,162,355.23,333.01,32.57,21.30,0.5708,4,-1,-1
505,164,880.65,362.59,15.19,38.37,0.6011,1,-1,-1
505,165,862.71,311.37,51.54,29.99,0.5341,4,-1,-1
505,166,244.95,320.64,30.05,15.71,0.5059,4,-1,-1
505,167,1078.44,397.44,24.03,46.45,0.3115,1,-1,-1
506,119,903.73,441.26,32.21,77.82,0.7409,1,-1,-1
506,145,914.80,353.24,14.54,35.95,0.5936,1,-1,-1
506,146,859.03,394.15,22.04,56.12,0.4932,1,-1,-1
506,154,1148.11,517.56,39.10,77.69,0.4854,2,-1,-1
506,162,355.99,333.19,31.69,20.47,0.4064,4,-1,-1
506,164,880.52,362.89,15.33,38.49,0.6086,1,-1,-1
506,165,862.44,311.49,51.75,30.11,0.5341,4,-1,-1
506,166,244.67,320.54,28.91,15.00,0.4610,4,-1,-1
506,167,1075.00,390.44,27.91,54.20,0.2261,1,-1,-1
507,119,903.94,441.43,32.72,80.10,0.7318,1,-1,-1
507,145,914.96,353.04,14.52,35.94,0.6325,1,-1,-1
507,146,857.98,394.73,22.21,56.46,0.5370,1,-1,-1
507,154,1149.60,520.07,41.06,82.03,0.5380,2,-1,-1
507,162,356.56,332.37,32.65,21.05,0.2926,4,-1,-1
507,164,880.48,363.09,15.35,38.26,0.6197,1,-1,-1
507,165,862.37,311.65,51.57,30.01,0.5166,4,-1,-1
507,166,243.83,320.50,29.34,15.09,0.4562,4,-1,-1
507,167,1075.49,389.95,28.41,55.17,0.1196,1,-1,-1
508,119,904.25,441.51,32.90,81.51,0.7334,1,-1,-1
508,145,915.22,353.09,14.30,35.45,0.6487,1,-1,-1
508,146,857.49,395.77,21.79,55.35,0.6307,1,-1,-1
508,154,1152.38,521.33,39.45,78.45,0.4426,2,-1,-1
508,162,355.89,331.39,34.91,22.52,0.2613,4,-1,-1
508,164,880.75,363.31,15.31,37.92,0.6142,1,-1,-1
508,165,862.60,311.69,51.20,29.77,0.5185,4,-1,-1
508,166,242.97,320.38,30.74,15.66,0.4292,4,-1,-1
508,167,1076.77,393.29,26.89,51.93,0.1019,1,-1,-1
509,119,905.28,442.94,32.19,79.98,0.6926,1,-1,-1
509,145,915.39,353.11,14.10,35.01,0.6289,1,-1,-1
509,146,856.71,395.74,22.08,56.15,0.6379,1,-1,-1
509,154,1155.17,522.41,38.97,77.17,0.5993,2,-1,-1
509,162,355.97,331.27,34.67,22.40,0.2705,4,-1,-1
509,164,880.74,363.67,15.47,38.08,0.6123,1,-1,-1
509,165,862.60,311.76,51.15,29.71,0.4980,4,-1,-1
509,166,241.41,320.37,32.08,16.15,0.3612,4,-1,-1
509,167,1076.52,389.77,28.51,55.20,0.1750,1,-1,-1
510,119,906.00,443.54,31.92,79.59,0.6893,1,-1,-1
510,145,915.53,353.10,13.80,34.27,0.6105,1,-1,-1
510,146,856.20,396.23,22.47,57.19,0.5860,1,-1,-1
510,154,1157.38,522.93,40.52,80.69,0.5631,2,-1,-1
510,162,357.29,332.52,33.30,21.65,0.3486,4,-1,-1
510,164,880.69,363.79,15.79,38.75,0.6451,1,-1,-1
510,165,862.73,311.85,51.01,29.49,0.4844,4,-1,-1
510,166,240.38,320.50,32.01,16.00,0.3998,4,-1,-1
510,167,1077.16,391.20,28.13,54.43,0.2043,1,-1,-1
510,169,158.44,564.07,153.57,62.17,0.5215,4,-1,-1
511,119,908.01,443.58,29.16,72.04,0.4581,1,-1,-1
511,145,915.60,353.27,13.93,34.63,0.6105,1,-1,-1
511,146,855.39,393.66,22.57,57.70,0.5898,1,-1,-1
511,154,1159.92,524.30,40.22,80.13,0.6361,2,-1,-1
511,162,358.00,332.62,33.27,21.87,0.2422,4,-1,-1
511,164,880.70,363.98,16.12,39.63,0.6522,1,-1,-1
511,165,861.58,312.04,51.74,29.93,0.4378,4,-1,-1
511,166,240.39,320.36,31.65,15.74,0.4083,4,-1,-1
511,167,1076.20,388.46,29.25,57.37,0.4484,1,-1,-1
512,119,908.36,443.51,30.53,75.81,0.6114,1,-1,-1
512,145,915.64,353.37,14.09,35.03,0.6030,1,-1,-1
512,146,854.27,392.62,23.16,59.66,0.6433,1,-1,-1
512,154,1163.78,525.23,37.77,74.65,0.6160,2,-1,-1
512,162,358.86,332.55,31.39,20.66,0.2024,4,-1,-1
512,164,880.73,364.23,16.25,40.07,0.6558,1,-1,-1
512,165,861.87,312.15,51.51,29.77,0.3914,4,-1,-1
512,166,240.05,320.44,30.73,15.29,0.4149,4,-1,-1
512,167,1075.91,387.81,29.12,57.92,0.4785,1,-1,-1
512,171,1160.05,549.85,41.11,67.36,0.4941,3,-1,-1
513,119,908.78,442.77,30.71,76.54,0.7001,1,-1,-1
513,145,915.69,353.44,14.21,35.33,0.5974,1,-1,-1
513,146,853.43,391.47,23.77,61.79,0.5993,1,-1,-1
513,154,1166.01,525.80,37.88,74.67,0.6179,2,-1,-1
513,162,356.77,333.00,30.80,20.10,0.1962,4,-1,-1
513,164,880.74,364.47,16.29,40.29,0.6469,1,-1,-1
513,165,862.77,312.21,50.25,28.90,0.3504,4,-1,-1
513,166,239.93,320.60,29.77,14.81,0.3868,4,-1,-1
513,167,1075.63,387.62,28.92,58.37,0.4591,1,-1,-1
513,171,1160.89,546.26,44.24,72.68,0.5000,3,-1,-1
514,119,909.35,442.11,30.77,76.88,0.6968,1,-1,-1
514,145,915.90,353.66,13.99,34.76,0.6197,1,-1,-1
514,146,852.60,389.57,24.68,65.07,0.5506,1,-1,-1
514,154,1170.41,527.09,32.77,62.44,0.6522,2,-1,-1
514,162,355.30,332.47,31.31,20.32,0.2365,4,-1,-1
514,164,880.81,364.75,16.30,40.36,0.6252,1,-1,-1
514,165,864.12,311.72,46.86,26.73,0.3522,4,-1,-1
514,166,239.75,320.76,29.23,14.51,0.3693,4,-1,-1
514,167,1075.67,387.45,28.73,58.77,0.3858,1,-1,-1
514,171,1164.38,550.04,42.40,69.80,0.5448,3,-1,-1
515,119,909.74,441.78,30.80,77.29,0.7210,1,-1,-1
515,145,916.15,353.86,13.74,34.18,0.6289,1,-1,-1
515,146,852.27,391.55,24.09,64.08,0.5156,1,-1,-1
515,154,1173.58,528.00,30.66,56.41,0.6610,2,-1,-1
515,162,353.26,333.08,32.58,21.29,0.2082,4,-1,-1
515,164,880.52,365.22,16.32,40.34,0.6160,1,-1,-1
515,165,864.72,311.57,45.20,25.54,0.3442,4,-1,-1
515,166,239.90,320.95,28.67,14.21,0.4244,4,-1,-1
515,167,1076.01,389.53,27.57,56.68,0.2173,1,-1,-1
515,171,1167.45,553.65,40.77,67.37,0.5429,3,-1,-1
516,119,909.76,441.54,30.82,77.15,0.7066,1,-1,-1
516,145,916.37,353.78,13.58,33.91,0.6067,1,-1,-1
516,146,852.50,393.01,23.61,63.34,0.4092,1,-1,-1
516,154,1175.29,528.54,32.06,57.68,0.5708,2,-1,-1
516,162,352.33,333.19,33.89,22.16,0.3460,4,-1,-1
516,164,880.81,365.13,16.40,40.55,0.6270,1,-1,-1
516,165,864.59,311.48,45.29,25.38,0.3140,4,-1,-1
516,166,239.18,320.98,29.49,14.62,0.4017,4,-1,-1
516,167,1076.50,390.71,26.96,55.82,0.3090,1,-1,-1
516,171,1170.25,557.25,38.94,64.42,0.4073,3,-1,-1
517,119,910.11,441.32,30.41,75.42,0.7642,1,-1,-1
517,145,916.50,353.36,13.50,33.83,0.5746,1,-1,-1
517,146,852.94,394.99,22.64,61.01,0.4340,1,-1,-1
517,154,1176.45,529.60,33.45,59.12,0.5107,2,-1,-1
517,162,351.70,333.60,34.57,22.47,0.4045,4,-1,-1
517,164,880.59,365.41,16.35,40.46,0.6343,1,-1,-1
517,165,865.09,311.56,44.13,24.40,0.3049,4,-1,-1
517,166,238.44,320.94,30.38,15.10,0.4301,4,-1,-1
517,167,1076.62,391.56,26.37,55.10,0.1716,1,-1,-1
517,171,1172.23,560.62,37.36,61.89,0.3433,3,-1,-1
518,119,909.75,441.45,31.17,76.71,0.7394,1,-1,-1
518,145,916.49,352.97,13.53,33.97,0.5727,1,-1,-1
518,146,852.91,395.57,22.57,60.77,0.5516,1,-1,-1
518,154,1177.43,530.43,35.27,61.53,0.4591,2,-1,-1
518,162,351.24,333.59,34.75,22.43,0.4600,4,-1,-1
518,164,880.41,365.41,16.44,40.60,0.6361,1,-1,-1
518,165,865.07,311.51,44.41,24.24,0.3208,4,-1,-1
518,166,236.91,320.90,31.87,15.86,0.4494,4,-1,-1
518,167,1077.71,392.18,25.93,55.03,0.1956,1,-1,-1
518,171,1173.24,560.88,37.56,62.50,0.2187,3,-1,-1
519,119,908.83,441.82,33.42,82.29,0.7130,1,-1,-1
519,145,916.42,352.74,13.51,34.01,0.5823,1,-1,-1
519,146,852.80,397.70,22.12,59.13,0.4196,1,-1,-1
519,154,1177.80,531.01,38.58,67.01,0.4834,2,-1,-1
519,162,350.74,333.97,33.73,21.63,0.3057,4,-1,-1
519,164,880.62,365.43,16.38,40.36,0.6379,1,-1,-1
519,165,865.42,311.58,44.01,23.69,0.3049,4,-1,-1
519,166,236.75,321.08,31.39,15.63,0.4436,4,-1,-1
519,167,1078.20,392.08,25.80,55.28,0.2934,1,-1,-1
519,171,1175.56,557.28,40.48,68.06,0.2846,3,-1,-1
520,119,909.31,442.09,32.68,79.73,0.7225,1,-1,-1
520,145,916.35,352.89,13.42,33.79,0.5974,1,-1,-1
520,146,852.45,399.24,21.91,58.19,0.5554,1,-1,-1
520,154,1179.50,532.63,39.01,67.05,0.5993,2,-1,-1
520,162,349.77,333.44,34.04,21.62,0.2751,4,-1,-1
520,164,880.87,365.49,16.39,40.37,0.6433,1,-1,-1
520,165,865.25,311.48,44.09,23.48,0.2666,4,-1,-1
520,166,235.00,321.26,32.71,16.20,0.3684,4,-1,-1
520,167,1078.16,392.98,25.09,54.30,0.3693,1,-1,-1
520,171,1177.55,554.29,42.74,72.38,0.4225,3,-1,-1
521,119,909.61,442.19,32.03,77.14,0.7394,1,-1,-1
521,145,916.23,353.09,13.46,33.84,0.6011,1,-1,-1
521,146,851.98,400.01,21.91,57.55,0.5419,1,-1,-1
521,154,1182.94,532.87,36.73,61.33,0.6123,2,-1,-1
521,162,349.59,333.00,33.04,20.70,0.2394,4,-1,-1
521,164,881.11,365.49,16.48,40.52,0.6379,1,-1,-1
521,165,864.81,311.42,44.81,23.68,0.2180,4,-1,-1
521,166,233.75,321.10,33.27,16.23,0.4121,4,-1,-1
521,167,1078.41,392.36,25.49,55.29,0.2659,1,-1,-1
521,171,1178.02,547.98,47.04,80.54,0.3398,3,-1,-1
522,119,909.53,442.43,32.27,76.91,0.7272,1,-1,-1
522,145,916.01,353.20,13.68,34.22,0.6142,1,-1,-1
522,146,851.38,401.08,21.76,56.54,0.5000,1,-1,-1
522,154,1183.92,534.31,39.40,65.03,0.7272,2,-1,-1
522,162,348.54,332.37,34.45,21.44,0.3433,4,-1,-1
522,164,881.32,365.19,16.71,41.22,0.6215,1,-1,-1
522,165,863.99,311.40,46.32,24.37,0.2365,4,-1,-1
522,166,232.75,321.09,33.52,16.03,0.4102,4,-1,-1
522,167,1078.02,389.80,26.62,58.21,0.1634,1,-1,-1
522,171,1180.04,549.35,46.74,80.56,0.1801,3,-1,-1
523,119,909.53,442.73,32.70,77.29,0.6663,1,-1,-1
523,145,915.95,353.31,13.83,34.47,0.6289,1,-1,-1
523,146,850.62,402.73,21.98,56.68,0.4273,1,-1,-1
523,154,1185.47,535.00,38.48,62.47,0.6451,2,-1,-1
523,162,348.56,332.02,35.70,22.27,0.2621,4,-1,-1
523,164,881.69,364.69,16.83,41.60,0.6379,1,-1,-1
523,165,863.58,311.44,46.96,24.57,0.2180,4,-1,-1
523,166,232.56,321.32,34.25,16.06,0.3702,4,-1,-1
523,171,1187.20,553.65,39.24,66.38,0.1251,3,-1,-1
524,119,909.39,443.13,33.24,78.37,0.6197,1,-1,-1
524,145,915.91,353.38,13.80,34.25,0.6270,1,-1,-1
524,146,849.92,403.38,22.06,56.55,0.4026,1,-1,-1
524,154,1186.91,535.91,38.32,61.50,0.6451,2,-1,-1
524,162,346.54,331.03,38.92,24.55,0.1733,4,-1,-1
524,164,881.98,364.88,16.73,41.53,0.6197,1,-1,-1
524,165,863.61,311.45,46.91,24.41,0.2160,4,-1,-1
524,166,233.19,321.45,34.55,16.03,0.3390,4,-1,-1
524,171,1188.03,566.86,36.37,62.91,0.5059,3,-1,-1
525,119,910.11,443.44,32.06,75.08,0.5107,1,-1,-1
525,145,916.04,353.16,13.67,33.82,0.6086,1,-1,-1
525,146,849.66,403.92,21.79,55.48,0.4513,1,-1,-1
525,154,1189.09,536.62,39.43,62.41,0.6397,2,-1,-1
525,162,346.59,329.80,40.31,25.80,0.1276,9,-1,-1
525,164,882.28,365.12,16.57,41.27,0.5879,1,-1,-1
525,165,863.69,311.41,46.73,24.16,0.2351,4,-1,-1
525,166,234.20,321.72,33.21,15.26,0.3390,4,-1,-1
525,171,1186.60,566.59,39.14,68.39,0.2591,10,-1,-1
526,119,911.38,443.56,30.14,70.00,0.3657,1,-1,-1
526,145,915.95,352.99,13.83,34.19,0.6307,1,-1,-1
526,146,849.39,401.68,22.05,56.25,0.2200,1,-1,-1
526,154,1191.26,538.24,39.55,61.47,0.7001,2,-1,-1
526,162,347.62,330.44,39.36,25.45,0.1225,4,-1,-1
526,164,881.94,365.04,16.87,42.01,0.6834,1,-1,-1
526,165,864.30,311.49,44.72,22.75,0.2539,4,-1,-1
526,166,234.32,321.68,33.45,15.24,0.3585,4,-1,-1
526,171,1186.62,565.28,41.48,72.81,0.2934,10,-1,-1
526,167,1082.38,394.22,24.85,54.62,0.4600,1,-1,-1
527,119,912.03,443.48,29.80,68.93,0.4158,1,-1,-1
527,145,915.96,352.64,13.85,34.23,0.6105,1,-1,-1
527,146,850.29,400.42,20.03,50.22,0.1592,1,-1,-1
527,154,1192.65,539.82,40.62,62.35,0.6522,2,-1,-1
527,162,347.76,330.47,39.28,25.74,0.1733,4,-1,-1
527,164,881.82,365.19,17.01,42.25,0.6951,1,-1,-1
527,165,864.63,311.55,44.27,22.23,0.2386,4,-1,-1
527,166,233.74,321.62,36.97,16.69,0.3355,4,-1,-1
527,171,1188.27,565.87,42.13,74.34,0.2458,10,-1,-1
527,167,1083.75,396.09,23.78,52.29,0.4756,1,-1,-1
528,119,912.38,444.47,29.52,68.45,0.5622,1,-1,-1
528,145,915.94,352.26,13.89,34.38,0.5993,1,-1,-1
528,146,849.26,401.50,21.38,53.44,0.2344,1,-1,-1
528,154,1194.34,540.49,41.96,63.77,0.5993,2,-1,-1
528,162,348.31,331.44,37.86,25.01,0.1848,4,-1,-1
528,164,881.89,365.24,17.18,42.63,0.6984,1,-1,-1
528,165,864.61,311.67,44.57,22.08,0.2644,4,-1,-1
528,166,233.04,321.57,38.01,17.05,0.3657,4,-1,-1
528,171,1191.19,565.69,43.18,76.30,0.2037,10,-1,-1
528,167,1084.03,395.05,24.42,53.99,0.4465,1,-1,-1
529,119,912.47,444.10,30.06,70.10,0.6334,1,-1,-1
529,145,915.98,352.03,13.90,34.44,0.5689,1,-1,-1
529,146,847.87,401.53,23.44,58.72,0.4620,1,-1,-1
529,154,1195.27,541.58,43.47,65.92,0.6783,2,-1,-1
529,162,348.26,331.31,37.76,25.20,0.1371,4,-1,-1
529,164,882.09,365.34,17.15,42.46,0.6800,1,-1,-1
529,165,865.99,311.55,45.11,22.06,0.2838,4,-1,-1
529,166,231.98,321.52,37.88,16.93,0.3657,4,-1,-1
529,171,1193.41,565.42,44.09,77.92,0.5293,3,-1,-1
529,167,1084.14,392.72,25.64,57.00,0.4045,1,-1,-1
530,119,912.89,443.84,29.95,70.28,0.6758,1,-1,-1
530,145,916.14,351.84,13.91,34.48,0.5341,1,-1,-1
530,146,846.75,402.35,24.12,60.57,0.5477,1,-1,-1
530,154,1196.09,542.78,45.06,68.51,0.6558,2,-1,-1
530,164,882.31,365.81,16.97,42.01,0.6800,1,-1,-1
530,165,865.67,311.54,46.70,22.57,0.3115,4,-1,-1
530,166,231.33,321.74,36.62,16.41,0.2744,4,-1,-1
530,171,1195.66,566.55,44.11,77.95,0.4941,3,-1,-1
530,167,1084.04,393.03,25.36,56.80,0.4244,1,-1,-1
531,119,913.46,444.90,29.41,69.44,0.6039,1,-1,-1
531,145,916.16,351.88,13.88,34.44,0.4834,1,-1,-1
531,146,846.53,403.37,24.10,60.71,0.4766,1,-1,-1
531,154,1197.15,544.49,47.09,72.34,0.6307,2,-1,-1
531,164,882.45,366.20,16.87,41.68,0.6851,1,-1,-1
531,165,864.71,311.58,48.15,23.10,0.2659,4,-1,-1
531,166,231.28,321.57,34.63,15.55,0.4397,4,-1,-1
531,171,1198.82,568.13,43.79,77.29,0.1919,10,-1,-1
531,167,1085.67,395.36,24.08,54.08,0.3970,1,-1,-1
532,119,914.10,445.66,29.06,69.07,0.5794,1,-1,-1
532,145,916.57,352.05,13.50,33.55,0.5185,1,-1,-1
532,146,846.25,402.92,24.27,61.02,0.4111,1,-1,-1
532,154,1200.03,546.31,45.92,70.83,0.5974,2,-1,-1
532,164,882.49,366.70,16.76,41.33,0.6783,1,-1,-1
532,165,863.07,311.56,50.63,24.20,0.3057,4,-1,-1
532,166,231.84,321.53,32.51,14.61,0.4902,4,-1,-1
532,171,1197.14,555.53,49.94,89.56,0.1471,2,-1,-1
532,167,1085.57,395.39,24.33,54.26,0.3065,1,-1,-1
532,173,116.76,584.57,163.31,67.97,0.4932,4,-1,-1
533,119,914.78,447.04,28.49,67.88,0.4600,1,-1,-1
533,145,916.81,351.89,13.46,33.60,0.4922,1,-1,-1
533,146,845.79,402.31,24.25,60.88,0.4815,1,-1,-1
533,154,1200.62,548.17,47.84,74.45,0.6628,2,-1,-1
533,164,882.53,367.12,16.74,41.21,0.6663,1,-1,-1
533,165,861.47,311.58,52.76,25.13,0.3372,4,-1,-1
533,166,231.41,321.65,32.55,14.66,0.4698,4,-1,-1
533,171,1199.21,556.67,49.50,89.46,0.1023,2,-1,-1
533,167,1085.47,395.20,24.98,55.16,0.2775,1,-1,-1
533,173,114.93,585.99,160.91,66.98,0.3594,4,-1,-1
534,119,915.33,447.42,28.08,66.99,0.5409,1,-1,-1
534,145,916.48,351.51,13.90,34.72,0.5156,1,-1,-1
534,146,844.90,402.24,23.72,59.56,0.3748,1,-1,-1
534,154,1202.36,549.05,47.91,75.21,0.6197,2,-1,-1
534,164,882.89,367.77,16.66,41.03,0.6610,1,-1,-1
534,165,861.12,311.68,52.42,24.77,0.3648,4,-1,-1
534,166,230.59,321.99,33.75,15.28,0.3905,4,-1,-1
534,171,1200.80,556.33,49.69,90.65,0.2254,2,-1,-1
534,167,1083.34,392.05,26.49,58.57,0.1148,1,-1,-1
534,173,113.15,588.15,161.95,67.43,0.1500,4,-1,-1
535,119,915.31,446.45,28.40,67.84,0.2553,2,-1,-1
535,145,916.23,350.90,14.23,35.60,0.4707,1,-1,-1
535,146,844.18,401.01,24.04,60.47,0.3191,1,-1,-1
535,154,1203.92,549.39,48.52,76.89,0.7001,2,-1,-1
535,164,883.26,369.04,16.42,40.47,0.6522,1,-1,-1
535,165,860.79,311.81,52.90,24.87,0.3268,4,-1,-1
535,166,230.59,322.22,33.16,15.07,0.3702,4,-1,-1
535,171,1205.20,567.18,45.46,82.99,0.3268,10,-1,-1
535,167,1082.90,391.54,26.67,59.51,0.1727,1,-1,-1
535,173,110.98,589.07,164.01,68.31,0.1325,4,-1,-1
536,119,915.69,446.06,28.52,68.24,0.2767,2,-1,-1
536,145,916.14,350.49,14.37,35.96,0.5312,1,-1,-1
536,146,843.29,400.73,24.55,62.06,0.3115,1,-1,-1
536,154,1205.00,551.25,48.79,77.85,0.5361,2,-1,-1
536,164,883.42,370.06,16.36,40.22,0.6451,1,-1,-1
536,165,860.85,311.92,53.26,24.94,0.2983,4,-1,-1
536,166,230.89,322.54,32.14,14.64,0.3720,4,-1,-1
536,171,1207.99,572.72,43.31,78.69,0.2659,10,-1,-1
536,167,1083.62,396.36,24.98,56.16,0.1242,1,-1,-1
536,173,106.52,589.82,166.91,69.59,0.1694,4,-1,-1
537,119,916.27,446.19,28.27,67.90,0.3603,2,-1,-1
537,145,916.05,350.09,14.48,36.27,0.5506,1,-1,-1
537,146,842.06,403.81,24.47,61.80,0.3840,1,-1,-1
537,154,1207.07,551.86,48.91,78.73,0.6105,2,-1,-1
537,164,883.38,370.66,16.41,40.21,0.6307,1,-1,-1
537,165,859.83,311.95,55.49,25.97,0.3107,4,-1,-1
537,166,230.73,322.72,31.54,14.36,0.3812,4,-1,-1
537,171,1209.98,577.04,41.98,75.74,0.3504,10,-1,-1
537,167,1082.80,394.81,24.92,57.05,0.2088,1,-1,-1
537,173,104.31,589.05,169.32,70.60,0.1919,4,-1,-1
538,119,917.33,447.62,28.07,67.50,0.5195,1,-1,-1
538,145,916.02,349.59,14.67,36.70,0.5477,1,-1,-1
538,146,841.20,403.86,24.90,62.72,0.3522,1,-1,-1
538,154,1204.34,550.40,58.42,96.52,0.6334,1,-1,-1
538,164,883.70,371.10,16.36,39.96,0.6123,1,-1,-1
538,165,859.73,311.86,56.14,26.31,0.2394,4,-1,-1
538,166,230.90,322.96,30.62,13.91,0.3504,4,-1,-1
538,171,1208.73,559.05,50.10,91.73,0.3157,2,-1,-1
538,167,1081.45,390.56,25.50,59.60,0.1225,1,-1,-1
538,173,102.31,591.59,167.22,69.65,0.2553,4,-1,-1
538,174,534.59,392.66,25.71,18.26,0.4610,4,-1,-1
539,119,917.88,447.52,28.45,68.39,0.5564,1,-1,-1
539,145,916.13,349.82,14.36,36.07,0.5574,1,-1,-1
539,146,839.29,403.60,25.37,63.47,0.5293,1,-1,-1
539,164,883.67,371.44,16.43,39.95,0.6011,1,-1,-1
539,165,859.28,312.04,56.38,26.41,0.2846,4,-1,-1
539,166,230.25,323.17,30.88,14.04,0.3478,4,-1,-1
539,173,99.96,592.82,165.95,69.03,0.1432,4,-1,-1
539,174,534.52,392.98,25.57,18.15,0.5166,4,-1,-1
540,119,918.12,447.19,28.87,69.32,0.6058,1,-1,-1
540,145,916.15,350.32,14.09,35.50,0.5727,1,-1,-1
540,146,838.26,406.77,24.27,59.98,0.6270,1,-1,-1
540,164,883.35,371.90,16.66,40.25,0.6049,1,-1,-1
540,165,859.40,312.18,55.06,25.62,0.2854,4,-1,-1
540,166,229.88,323.53,30.63,13.94,0.4292,4,-1,-1
540,174,534.05,393.44,25.58,18.14,0.4776,4,-1,-1
541,119,917.95,446.62,29.63,71.17,0.6860,1,-1,-1
541,145,915.98,351.08,13.93,35.07,0.5593,1,-1,-1
541,146,837.38,406.75,24.30,59.50,0.5974,1,-1,-1
541,164,882.78,371.92,17.16,41.22,0.6215,1,-1,-1
541,165,853.52,312.04,66.38,30.74,0.4610,4,-1,-1
541,166,228.67,323.66,31.59,14.45,0.4369,4,-1,-1
541,174,533.05,393.66,26.66,18.95,0.2918,4,-1,-1
542,119,917.81,446.34,30.08,72.30,0.6809,1,-1,-1
542,145,915.97,351.52,13.88,34.80,0.5746,1,-1,-1
542,146,836.34,406.69,24.61,59.61,0.6343,1,-1,-1
542,164,882.52,371.49,17.61,42.21,0.6234,1,-1,-1
542,165,851.13,311.91,71.61,33.02,0.4571,4,-1,-1
542,166,227.52,323.92,32.66,15.07,0.3460,4,-1,-1
542,174,532.46,393.92,28.25,20.24,0.1209,4,-1,-1
542,154,1220.70,579.70,48.75,80.52,0.5964,3,-1,-1
543,119,917.78,446.50,30.16,72.47,0.6706,1,-1,-1
543,145,915.92,351.79,14.04,35.04,0.5860,1,-1,-1
543,146,835.09,407.76,24.58,59.19,0.6540,1,-1,-1
543,164,882.43,371.01,17.97,43.14,0.6289,1,-1,-1
543,165,850.67,311.83,73.41,33.70,0.4426,4,-1,-1
543,166,225.95,324.31,34.57,16.20,0.2736,4,-1,-1
543,175,1219.79,561.40,48.29,67.98,0.6270,2,-1,-1
543,154,1223.43,586.69,45.95,75.56,0.6826,3,-1,-1
544,119,917.63,446.28,30.39,72.97,0.6619,1,-1,-1
544,145,915.91,351.82,13.95,34.75,0.5670,1,-1,-1
544,146,833.68,407.37,25.15,60.87,0.6197,1,-1,-1
544,164,882.33,370.76,18.22,43.86,0.6234,1,-1,-1
544,165,849.92,311.82,74.90,34.19,0.4552,4,-1,-1
544,166,225.10,324.36,35.04,16.65,0.2330,4,-1,-1
544,175,1221.45,560.67,50.97,71.90,0.5727,2,-1,-1
544,154,1222.62,578.71,51.13,85.38,0.5699,3,-1,-1
545,119,917.10,445.94,30.97,74.14,0.7210,1,-1,-1
545,145,915.84,351.71,13.96,34.75,0.5593,1,-1,-1
545,146,833.13,407.64,24.98,60.71,0.6343,1,-1,-1
545,164,882.25,370.91,18.29,44.09,0.6289,1,-1,-1
545,165,849.48,311.82,75.34,34.17,0.4378,4,-1,-1
545,166,224.66,324.49,34.39,16.51,0.2043,4,-1,-1
545,175,1215.50,559.97,67.55,96.31,0.3970,2,-1,-1
545,154,1225.75,585.72,48.43,80.47,0.4455,3,-1,-1
546,119,916.78,445.99,31.22,74.25,0.7498,1,-1,-1
546,145,915.77,351.43,14.01,34.93,0.5670,1,-1,-1
546,146,832.50,406.61,25.30,61.60,0.5708,1,-1,-1
546,164,882.19,370.96,18.39,44.37,0.6289,1,-1,-1
546,165,849.41,311.89,75.75,34.17,0.4282,4,-1,-1
546,166,223.55,324.56,34.27,16.51,0.2275,4,-1,-1
546,154,1223.89,569.07,56.41,96.27,0.5039,2,-1,-1
547,119,916.69,446.35,31.08,73.22,0.7527,1,-1,-1
547,145,915.73,351.18,14.06,35.15,0.5879,1,-1,-1
547,146,831.71,406.97,25.43,62.21,0.5156,1,-1,-1
547,164,882.10,371.02,18.49,44.57,0.6397,1,-1,-1
547,165,848.77,312.00,76.43,34.34,0.3540,4,-1,-1
547,166,222.33,324.80,34.82,16.79,0.2234,4,-1,-1
547,154,1224.85,563.95,58.10,100.89,0.5574,2,-1,-1
548,119,916.56,446.36,31.21,72.80,0.7454,1,-1,-1
548,145,915.83,351.15,13.94,34.93,0.5898,1,-1,-1
548,146,830.72,409.55,25.82,63.43,0.5039,1,-1,-1
548,164,882.11,371.10,18.61,44.82,0.6379,1,-1,-1
548,165,847.89,312.07,77.42,34.80,0.2140,4,-1,-1
548,166,219.52,324.60,36.89,17.74,0.2576,4,-1,-1
548,154,1228.58,565.16,56.64,99.96,0.4698,2,-1,-1
549,119,916.59,446.92,31.33,72.39,0.7571,1,-1,-1
549,145,915.99,351.29,13.73,34.54,0.6030,1,-1,-1
549,146,830.43,410.91,24.99,60.64,0.1348,3,-1,-1
549,164,882.21,371.49,18.48,44.58,0.6451,1,-1,-1
549,165,851.30,312.94,69.48,31.22,0.1500,4,-1,-1
549,166,221.19,324.41,34.87,16.74,0.2372,4,-1,-1
549,154,1232.55,569.03,54.00,96.38,0.5898,2,-1,-1
550,119,916.51,447.41,31.48,71.94,0.7585,1,-1,-1
550,145,915.88,351.40,13.76,34.69,0.5137,1,-1,-1
550,146,829.11,407.71,26.05,63.09,0.2606,2,-1,-1
550,164,882.25,371.71,18.44,44.59,0.6469,1,-1,-1
550,165,853.13,313.40,65.44,29.39,0.1303,4,-1,-1
550,166,220.51,324.04,34.24,16.30,0.2546,4,-1,-1
550,154,1235.98,568.77,53.18,95.91,0.6343,2,-1,-1
550,175,1232.44,592.83,57.03,81.72,0.4649,10,-1,-1
551,119,916.41,447.87,31.53,71.31,0.7484,1,-1,-1
551,145,916.28,351.79,13.32,33.70,0.5215,1,-1,-1
551,146,827.92,408.84,27.56,67.07,0.3961,1,-1,-1
551,164,882.12,371.72,18.49,44.83,0.6663,1,-1,-1
551,165,853.65,313.67,63.02,28.23,0.1437,4,-1,-1
551,166,220.37,323.98,34.89,16.61,0.3024,4,-1,-1
551,154,1241.40,569.63,48.20,86.18,0.4980,2,-1,-1
551,175,1234.90,593.13,56.94,82.32,0.4854,10,-1,-1
552,119,916.11,448.07,31.81,71.52,0.7256,1,-1,-1
552,145,916.40,351.91,13.15,33.36,0.5195,1,-1,-1
552,146,827.54,408.37,27.97,68.30,0.4552,1,-1,-1
552,164,882.30,372.08,18.23,44.35,0.6645,1,-1,-1
552,166,219.34,324.03,36.22,17.23,0.2846,4,-1,-1
552,154,1245.51,570.71,44.00,76.72,0.4698,2,-1,-1
552,175,1236.47,589.93,59.40,86.75,0.3355,10,-1,-1
553,119,916.13,448.38,31.61,70.94,0.6234,1,-1,-1
553,145,916.41,351.97,13.08,33.26,0.5029,1,-1,-1
553,146,827.24,408.21,27.75,67.93,0.1807,1,-1,-1
553,164,882.55,372.70,17.88,43.62,0.6361,1,-1,-1
553,166,219.86,324.79,36.78,17.44,0.2465,4,-1,-1
553,154,1248.14,570.70,40.46,68.64,0.2006,2,-1,-1
553,175,1236.40,579.26,66.64,99.18,0.6910,1,-1,-1
554,119,916.51,448.71,31.77,71.35,0.6270,1,-1,-1
554,145,916.47,351.76,13.16,33.53,0.5000,1,-1,-1
554,146,826.47,409.57,27.30,67.10,0.5137,1,-1,-1
554,164,882.74,373.31,17.71,43.35,0.6270,1,-1,-1
554,166,218.70,324.68,38.24,18.14,0.3621,4,-1,-1
554,154,1250.35,571.25,41.83,69.60,0.1136,2,-1,-1
554,175,1240.85,576.14,65.25,98.51,0.4912,2,-1,-1
555,119,916.93,448.89,31.67,71.16,0.5322,2,-1,-1
555,145,916.51,351.58,13.26,33.88,0.5185,1,-1,-1
555,146,825.63,409.12,27.43,67.33,0.5860,1,-1,-1
555,164,882.47,373.59,18.09,44.51,0.6361,1,-1,-1
555,166,218.37,324.81,38.30,18.28,0.3603,4,-1,-1
555,154,1253.22,572.30,42.32,68.52,0.1116,2,-1,-1
555,175,1244.16,574.88,64.32,98.17,0.4990,2,-1,-1
555,177,117.90,341.36,53.93,23.27,0.4980,4,-1,-1
556,119,917.08,448.92,32.52,73.41,0.6749,1,-1,-1
556,145,916.34,351.13,13.49,34.62,0.5166,1,-1,-1
556,146,824.86,408.90,27.18,66.62,0.4766,1,-1,-1
556,164,882.13,374.41,18.41,45.11,0.6575,1,-1,-1
556,166,217.57,325.24,37.82,18.24,0.3775,4,-1,-1
556,175,1245.01,574.69,67.80,105.04,0.7461,1,-1,-1
556,177,115.38,341.38,54.84,23.65,0.4620,4,-1,-1
556,178,34.33,346.79,65.04,23.68,0.5127,4,-1,-1
557,119,917.34,448.62,33.16,75.27,0.7114,1,-1,-1
557,145,916.08,350.63,13.79,35.40,0.5117,1,-1,-1
557,146,825.42,409.12,21.76,52.21,0.1128,1,-1,-1
557,164,882.06,374.65,18.62,45.41,0.6697,1,-1,-1
557,166,215.15,324.90,39.90,19.45,0.3425,4,-1,-1
557,175,1246.52,575.18,69.48,109.42,0.7154,1,-1,-1
557,177,113.11,341.57,54.58,23.52,0.4542,4,-1,-1
557,178,33.52,346.45,66.84,24.38,0.4659,4,-1,-1
558,119,917.70,448.07,33.57,76.73,0.7469,1,-1,-1
558,145,916.14,350.47,13.81,35.61,0.4484,1,-1,-1
558,146,824.97,408.42,20.31,47.92,0.2408,1,-1,-1
558,164,881.97,374.79,18.81,45.60,0.6663,1,-1,-1
558,166,214.95,324.55,39.27,19.32,0.2705,4,-1,-1
558,175,1248.27,575.64,70.03,111.97,0.6478,1,-1,-1
558,177,112.74,341.72,55.28,23.81,0.4026,4,-1,-1
558,178,31.52,345.71,67.90,24.85,0.4552,4,-1,-1
559,119,917.92,448.07,33.77,77.79,0.7287,1,-1,-1
559,145,916.21,350.53,13.67,35.34,0.4494,1,-1,-1
559,146,824.27,407.21,19.59,45.21,0.1112,1,-1,-1
559,164,881.95,375.00,18.90,45.59,0.6628,1,-1,-1
559,166,215.08,324.31,37.99,18.81,0.2659,4,-1,-1
559,175,1250.52,576.96,69.87,112.96,0.4756,1,-1,-1
559,177,112.43,342.10,54.37,23.41,0.4359,4,-1,-1
559,178,32.38,345.96,65.23,23.94,0.4369,4,-1,-1
560,119,918.33,448.46,33.62,77.95,0.7424,1,-1,-1
560,145,916.24,350.55,13.56,35.09,0.4756,1,-1,-1
560,146,819.47,407.66,27.69,65.21,0.6388,1,-1,-1
560,164,882.14,375.50,18.92,45.48,0.6505,1,-1,-1
560,166,216.10,324.47,36.04,17.92,0.3217,4,-1,-1
560,175,1255.46,578.14,64.22,104.05,0.7098,2,-1,-1
560,177,113.76,342.63,52.66,22.71,0.4177,4,-1,-1
560,178,31.17,345.84,62.92,23.20,0.2838,4,-1,-1
561,119,918.63,448.89,33.75,78.91,0.7424,1,-1,-1
561,145,916.22,350.91,13.41,34.65,0.5409,1,-1,-1
561,146,817.36,408.44,29.64,71.57,0.5293,1,-1,-1
561,164,882.04,375.60,19.03,45.62,0.6487,1,-1,-1
561,166,215.33,324.55,36.12,18.02,0.3486,4,-1,-1
561,175,1258.39,579.26,61.20,99.23,0.7225,2,-1,-1
561,177,114.82,344.04,49.85,21.46,0.4707,4,-1,-1
561,178,29.91,345.03,63.11,23.43,0.2451,4,-1,-1
561,181,319.47,332.78,55.21,26.92,0.5205,4,-1,-1
562,119,918.88,449.38,33.72,79.49,0.7349,1,-1,-1
562,145,916.27,351.07,13.34,34.41,0.5448,1,-1,-1
562,146,816.47,408.90,29.93,73.87,0.4504,1,-1,-1
562,164,881.83,375.57,19.19,45.84,0.6433,1,-1,-1
562,166,215.60,324.44,34.87,17.32,0.3970,4,-1,-1
562,175,1260.20,580.31,60.10,97.48,0.7146,2,-1,-1
562,177,118.07,344.55,47.76,20.51,0.5283,4,-1,-1
562,178,28.26,344.15,63.93,23.97,0.3032,4,-1,-1
562,181,323.32,335.21,50.02,24.39,0.3612,4,-1,-1
562,165,847.82,312.96,73.28,31.92,0.4581,4,-1,-1
563,119,919.44,450.27,33.28,79.03,0.7349,1,-1,-1
563,145,916.25,351.07,13.38,34.51,0.5438,1,-1,-1
563,146,815.81,408.39,29.29,73.40,0.4206,1,-1,-1
563,164,881.46,375.51,19.36,46.08,0.6451,1,-1,-1
563,166,216.30,324.52,33.33,16.43,0.3858,4,-1,-1
563,175,1259.87,581.85,62.82,102.63,0.6593,2,-1,-1
563,177,118.34,345.21,46.60,19.95,0.4121,4,-1,-1
563,178,31.91,344.05,61.81,23.69,0.1005,4,-1,-1
563,181,324.55,337.16,47.23,23.07,0.4017,4,-1,-1
563,165,846.80,312.98,75.05,32.00,0.4649,4,-1,-1
564,119,919.93,450.99,32.76,78.46,0.7725,1,-1,-1
564,145,916.21,351.09,13.44,34.62,0.5535,1,-1,-1
564,146,814.42,410.17,29.33,74.16,0.5545,1,-1,-1
564,164,880.97,375.48,19.60,46.40,0.6415,1,-1,-1
564,166,216.90,324.54,32.43,15.91,0.3821,4,-1,-1
564,175,1260.16,583.74,63.56,104.59,0.6984,2,-1,-1
564,177,115.48,344.69,48.59,20.79,0.3390,4,-1,-1
564,181,324.30,337.91,46.49,22.76,0.3895,4,-1,-1
564,165,846.20,312.98,75.94,31.81,0.5234,4,-1,-1
564,183,1262.00,611.52,59.25,87.85,0.5641,10,-1,-1
565,119,920.47,451.24,32.24,77.71,0.7614,1,-1,-1
565,145,916.16,350.87,13.56,34.92,0.4922,1,-1,-1
565,146,813.04,411.56,29.44,75.38,0.5927,1,-1,-1
565,164,880.39,375.60,19.84,46.51,0.6610,1,-1,-1
565,166,216.05,324.91,32.35,15.72,0.3346,4,-1,-1
565,175,1261.67,584.97,62.51,103.30,0.7241,2,-1,-1
565,177,115.19,345.30,47.59,20.29,0.2999,4,-1,-1
565,181,322.16,338.35,46.35,22.66,0.3381,4,-1,-1
565,165,845.16,312.97,77.73,32.16,0.5127,4,-1,-1
565,183,1263.33,614.06,58.73,87.11,0.4168,10,-1,-1
566,119,921.08,451.55,31.63,76.51,0.7684,1,-1,-1
566,145,916.18,350.94,13.56,34.95,0.4883,1,-1,-1
566,146,812.11,413.98,28.34,73.59,0.6749,1,-1,-1
566,164,880.10,376.01,19.99,46.37,0.6645,1,-1,-1
566,166,217.20,325.13,30.57,14.66,0.3504,4,-1,-1
566,175,1262.82,586.20,62.49,103.92,0.7066,2,-1,-1
566,177,112.67,345.65,46.01,19.91,0.3346,4,-1,-1
566,181,324.46,339.14,44.38,21.71,0.2473,4,-1,-1
566,165,844.71,313.11,78.46,32.12,0.4971,4,-1,-1
566,183,1264.60,616.19,58.74,86.97,0.5049,10,-1,-1
567,119,921.41,451.43,31.88,77.32,0.7379,1,-1,-1
567,145,916.16,351.10,13.45,34.71,0.3794,1,-1,-1
567,146,811.06,415.69,27.49,72.06,0.7098,1,-1,-1
567,164,879.76,376.39,20.21,46.42,0.6680,1,-1,-1
567,166,217.87,324.89,30.30,14.42,0.3416,4,-1,-1
567,175,1264.38,586.77,61.22,102.31,0.6732,2,-1,-1
567,177,112.25,344.90,47.75,20.78,0.3016,4,-1,-1
567,181,325.57,339.11,43.98,21.59,0.2697,4,-1,-1
567,165,844.01,313.31,79.03,32.15,0.4455,4,-1,-1
567,183,1265.54,618.52,58.37,86.42,0.2546,3,-1,-1
568,119,921.73,451.31,31.71,77.11,0.7484,1,-1,-1
568,145,916.24,351.06,13.26,34.16,0.3803,1,-1,-1
568,146,810.62,415.94,26.99,71.19,0.7066,1,-1,-1
568,164,879.46,377.16,20.32,46.19,0.6663,1,-1,-1
568,166,218.08,324.97,30.32,14.35,0.4187,4,-1,-1
568,175,1266.55,588.92,58.61,97.35,0.7162,2,-1,-1
568,177,111.09,343.47,50.74,22.13,0.3329,4,-1,-1
568,181,323.75,338.43,45.11,22.23,0.2465,4,-1,-1
568,165,843.72,313.42,79.06,31.98,0.4388,4,-1,-1
568,183,1265.75,617.37,60.17,89.11,0.3594,10,-1,-1
569,119,921.96,451.04,31.74,77.51,0.7585,1,-1,-1
569,145,916.24,351.14,13.12,33.81,0.2254,1,-1,-1
569,146,809.82,415.87,27.32,72.21,0.7098,1,-1,-1
569,164,879.12,377.52,20.49,46.27,0.6697,1,-1,-1
569,166,213.31,325.42,34.49,16.30,0.3268,4,-1,-1
569,175,1267.99,590.76,58.10,96.08,0.7349,2,-1,-1
569,177,109.00,342.69,53.94,23.70,0.4504,4,-1,-1
569,181,321.86,337.14,47.16,23.32,0.3549,4,-1,-1
569,165,844.23,313.59,78.75,31.83,0.4045,4,-1,-1
569,183,1266.89,619.50,59.96,88.63,0.4130,10,-1,-1
569,178,28.14,348.00,54.16,20.64,0.5010,4,-1,-1
570,119,922.17,450.64,31.80,77.99,0.7698,1,-1,-1
570,145,916.35,351.65,12.95,33.32,0.3914,1,-1,-1
570,146,809.04,416.11,27.40,72.59,0.7074,1,-1,-1
570,164,879.10,377.86,20.66,46.56,0.6680,1,-1,-1
570,166,210.82,325.75,36.21,17.05,0.2942,4,-1,-1
570,175,1268.02,592.24,60.14,99.40,0.7394,2,-1,-1
570,177,109.54,342.81,53.73,23.64,0.4737,4,-1,-1
570,181,316.56,335.73,50.65,24.85,0.3277,4,-1,-1
570,165,845.96,313.68,77.56,31.49,0.3702,4,-1,-1
570,183,1268.22,621.42,59.74,88.16,0.5936,10,-1,-1
570,178,30.09,348.40,53.14,20.49,0.4630,4,-1,-1
571,119,922.57,450.45,31.44,77.23,0.7670,1,-1,-1
571,145,916.38,352.17,12.84,32.97,0.5535,1,-1,-1
571,146,808.07,417.74,26.69,70.39,0.6732,1,-1,-1
571,164,878.99,377.90,20.96,47.30,0.6800,1,-1,-1
571,166,209.10,325.91,35.44,16.46,0.3766,4,-1,-1
571,175,1269.46,593.72,60.11,99.37,0.6834,2,-1,-1
571,177,109.96,343.15,52.52,23.15,0.4340,4,-1,-1
571,181,319.18,335.09,50.46,25.06,0.3840,4,-1,-1
571,165,843.06,314.06,76.10,31.04,0.3311,4,-1,-1
571,183,1268.71,623.14,58.68,87.64,0.4980,3,-1,-1
571,178,36.89,348.94,49.09,19.49,0.4282,4,-1,-1
572,119,922.46,450.22,31.83,78.36,0.7585,1,-1,-1
572,145,916.46,352.02,12.88,33.03,0.5088,1,-1,-1
572,146,806.61,418.72,26.64,69.97,0.6379,1,-1,-1
572,164,878.86,377.95,21.00,47.42,0.6645,1,-1,-1
572,166,204.44,325.88,39.41,18.38,0.2926,4,-1,-1
572,175,1272.44,595.52,57.35,93.92,0.6851,2,-1,-1
572,177,110.87,344.00,50.65,22.31,0.4591,4,-1,-1
572,181,308.11,334.93,53.56,26.06,0.5068,4,-1,-1
572,165,841.59,314.30,75.76,31.02,0.3132,4,-1,-1
572,183,1272.49,627.12,57.22,85.41,0.4282,10,-1,-1
572,178,39.71,349.71,46.36,18.93,0.4912,4,-1,-1
573,119,922.18,450.19,31.82,78.19,0.7628,1,-1,-1
573,145,916.57,351.64,12.90,33.11,0.4941,1,-1,-1
573,146,804.95,418.65,26.54,69.66,0.6697,1,-1,-1
573,164,878.92,378.34,20.81,47.08,0.6628,1,-1,-1
573,166,201.14,326.70,45.32,21.42,0.2365,4,-1,-1
573,175,1272.68,597.71,60.37,99.29,0.7272,2,-1,-1
573,177,110.33,343.68,51.52,22.71,0.3858,4,-1,-1
573,181,306.62,334.84,54.43,26.16,0.2751,4,-1,-1
573,165,845.73,314.14,74.11,30.27,0.2918,4,-1,-1
573,183,1275.53,632.16,55.20,82.31,0.4912,10,-1,-1
573,178,41.67,350.87,42.79,17.92,0.4591,4,-1,-1
574,119,922.27,450.33,31.58,77.16,0.7556,1,-1,-1
574,145,916.52,350.79,13.07,33.67,0.4446,1,-1,-1
574,146,803.74,420.01,26.20,68.88,0.6540,1,-1,-1
574,164,878.95,378.68,20.69,46.96,0.6680,1,-1,-1
574,166,200.21,327.63,47.28,22.56,0.1784,4,-1,-1
574,175,1273.58,599.23,61.81,102.18,0.7394,2,-1,-1
574,177,108.35,343.64,52.34,23.25,0.5380,4,-1,-1
574,181,306.88,335.04,54.58,26.07,0.1744,4,-1,-1
574,165,847.09,314.00,73.79,29.95,0.3149,4,-1,-1
574,183,1277.07,634.19,55.67,82.96,0.4083,10,-1,-1
574,178,42.63,350.79,46.04,19.53,0.1432,4,-1,-1
575,119,922.30,450.50,31.69,76.92,0.7628,1,-1,-1
575,145,916.41,349.98,13.31,34.45,0.4206,1,-1,-1
575,146,802.43,420.59,25.83,68.23,0.6732,1,-1,-1
575,164,879.10,379.30,20.53,46.80,0.6715,1,-1,-1
575,166,199.16,331.03,46.53,22.26,0.1180,4,-1,-1
575,175,1275.05,600.25,61.63,102.14,0.7334,2,-1,-1
575,177,106.56,343.66,53.12,23.65,0.3603,4,-1,-1
575,181,308.35,335.24,53.96,25.83,0.1204,4,-1,-1
575,165,847.92,313.96,73.62,29.64,0.3355,4,-1,-1
575,183,1278.24,635.13,56.81,84.64,0.4776,10,-1,-1
575,178,38.44,349.98,43.99,18.98,0.3495,4,-1,-1
575,187,195.47,341.42,48.06,22.91,0.4961,4,-1,-1
576,119,922.05,450.90,32.23,77.62,0.7670,1,-1,-1
576,145,916.35,349.51,13.40,34.83,0.4397,1,-1,-1
576,146,800.44,421.02,25.46,67.14,0.6610,1,-1,-1
576,164,878.82,379.52,20.64,47.12,0.6885,1,-1,-1
576,175,1276.37,601.05,62.61,103.84,0.6868,2,-1,-1
576,177,104.15,343.38,53.53,24.05,0.3849,4,-1,-1
576,165,847.59,313.82,74.29,29.67,0.3720,4,-1,-1
576,183,1279.20,635.69,58.74,87.46,0.3140,10,-1,-1
576,178,30.59,349.33,46.33,20.02,0.3329,4,-1,-1
576,187,190.30,339.94,51.74,24.67,0.3675,4,-1,-1
577,119,921.82,451.51,32.68,78.00,0.7793,1,-1,-1
577,145,916.35,348.89,13.52,35.24,0.5020,1,-1,-1
577,146,798.72,421.89,25.64,67.16,0.6549,1,-1,-1
577,164,878.63,379.73,20.82,47.60,0.7114,1,-1,-1
577,175,1276.10,602.03,66.07,110.50,0.6834,2,-1,-1
577,177,102.52,343.00,53.81,24.40,0.3486,4,-1,-1
577,165,847.18,313.63,75.32,29.88,0.4168,4,-1,-1
577,183,1279.75,635.46,60.51,90.12,0.3225,10,-1,-1
577,178,29.23,349.69,45.92,19.87,0.3090,4,-1,-1
577,187,190.50,340.21,50.85,24.30,0.4036,4,-1,-1
578,119,921.41,452.45,32.80,77.50,0.7753,1,-1,-1
578,145,916.33,348.62,13.45,35.15,0.5273,1,-1,-1
578,146,798.08,426.29,24.55,63.25,0.4620,1,-1,-1
578,164,878.54,380.06,20.91,47.88,0.7098,1,-1,-1
578,175,1278.13,603.37,65.96,110.99,0.6715,2,-1,-1
578,177,99.75,342.76,54.37,24.97,0.3433,4,-1,-1
578,165,846.71,313.69,75.88,29.90,0.4263,4,-1,-1
578,183,1280.60,635.98,62.11,92.64,0.3242,10,-1,-1
578,178,31.99,349.61,44.72,19.83,0.2720,4,-1,-1
578,187,192.32,339.91,51.25,24.62,0.1656,4,-1,-1
579,119,921.25,453.28,32.55,75.95,0.7712,1,-1,-1
579,145,916.30,348.77,13.34,34.91,0.6011,1,-1,-1
579,146,797.20,428.35,24.28,61.54,0.5699,1,-1,-1
579,164,878.48,380.21,21.02,48.26,0.7146,1,-1,-1
579,175,1279.69,604.38,66.73,113.32,0.6732,2,-1,-1
579,177,98.34,342.45,54.64,25.21,0.3905,4,-1,-1
579,165,846.08,313.63,76.84,30.14,0.4407,4,-1,-1
579,183,1281.77,637.58,63.25,94.22,0.5127,10,-1,-1
579,178,33.45,349.65,44.20,20.06,0.2167,4,-1,-1
579,187,185.53,339.34,50.98,24.59,0.1778,4,-1,-1
580,119,920.96,453.57,32.99,76.32,0.7642,1,-1,-1
580,145,916.14,349.01,13.35,34.89,0.6379,1,-1,-1
580,146,796.88,430.46,23.60,59.48,0.4562,1,-1,-1
580,164,878.41,380.24,21.18,48.78,0.7033,1,-1,-1
580,175,1280.78,606.55,68.81,118.28,0.6361,2,-1,-1
580,177,97.63,342.99,54.01,24.80,0.3877,4,-1,-1
580,165,845.63,313.57,77.70,30.33,0.4571,4,-1,-1
580,183,1283.52,639.37,63.95,95.19,0.5545,10,-1,-1
580,178,31.80,349.21,46.87,21.18,0.2006,4,-1,-1
580,187,179.82,336.92,51.49,25.01,0.1556,4,-1,-1
581,119,920.60,453.70,33.55,77.22,0.7402,1,-1,-1
581,145,916.03,348.93,13.45,35.15,0.6379,1,-1,-1
581,146,795.24,429.60,25.12,62.44,0.5059,1,-1,-1
581,164,878.21,380.61,21.17,48.86,0.6800,1,-1,-1
581,175,1281.40,608.59,72.58,126.97,0.7138,1,-1,-1
581,177,96.89,343.74,53.40,24.50,0.4659,4,-1,-1
581,165,846.12,313.51,77.85,30.26,0.4216,4,-1,-1
581,183,1279.04,620.34,77.37,118.07,0.5312,2,-1,-1
581,178,35.83,349.36,46.60,21.04,0.2154,4,-1,-1
581,187,176.56,336.80,51.20,24.94,0.1343,4,-1,-1
581,189,0.61,639.68,174.28,94.46,0.5756,4,-1,-1
582,119,920.11,453.89,34.09,78.26,0.7379,1,-1,-1
582,145,915.92,348.76,13.56,35.46,0.5974,1,-1,-1
582,146,793.21,430.22,25.81,62.86,0.4707,1,-1,-1
582,164,877.88,380.88,21.20,48.99,0.6834,1,-1,-1
582,175,1285.25,610.80,70.10,123.44,0.6558,2,-1,-1
582,177,96.01,344.33,52.23,23.72,0.4620,4,-1,-1
582,165,847.72,313.37,78.08,30.31,0.3495,4,-1,-1
582,183,1286.69,637.56,67.59,102.81,0.4922,3,-1,-1
582,178,36.25,349.13,47.18,21.39,0.1541,4,-1,-1
582,187,172.90,341.12,48.24,23.41,0.1566,4,-1,-1
583,119,919.81,453.95,34.62,79.46,0.7454,1,-1,-1
583,145,915.76,348.85,13.57,35.49,0.5993,1,-1,-1
583,146,791.26,431.39,24.35,56.20,0.2628,2,-1,-1
583,164,877.71,381.33,21.11,48.85,0.6968,1,-1,-1
583,175,1286.96,612.44,70.42,124.94,0.6885,2,-1,-1
583,177,93.63,344.10,54.24,24.46,0.4581,4,-1,-1
583,165,851.75,313.45,76.53,30.05,0.3821,4,-1,-1
583,183,1291.48,648.65,62.48,94.49,0.4484,3,-1,-1
584,119,919.77,453.98,34.81,80.02,0.7614,1,-1,-1
584,145,915.63,348.69,13.73,35.95,0.6197,1,-1,-1
584,146,787.35,424.79,29.66,67.84,0.2934,1,-1,-1
584,164,877.51,381.69,21.18,49.12,0.7017,1,-1,-1
584,175,1288.29,614.10,72.24,129.80,0.6261,2,-1,-1
584,177,89.36,343.86,56.41,25.14,0.5477,4,-1,-1
584,165,852.87,313.41,75.78,30.04,0.3998,4,-1,-1
584,183,1293.19,650.35,63.22,95.60,0.2344,3,-1,-1
585,119,919.65,453.71,35.02,80.87,0.7628,1,-1,-1
585,145,915.52,348.37,13.93,36.56,0.6325,1,-1,-1
585,146,785.24,425.11,30.92,69.69,0.1711,1,-1,-1
585,164,877.34,382.28,21.34,49.63,0.7066,1,-1,-1
585,175,1291.28,615.60,72.21,131.31,0.6860,2,-1,-1
585,177,90.77,343.96,56.52,25.28,0.5898,4,-1,-1
585,165,851.18,312.83,77.60,30.84,0.4349,4,-1,-1
585,183,1296.01,655.16,61.62,92.74,0.4340,3,-1,-1
586,119,919.95,453.38,35.07,81.58,0.7469,1,-1,-1
586,145,915.58,347.48,13.87,36.51,0.6105,1,-1,-1
586,146,785.04,428.75,30.26,67.57,0.3603,1,-1,-1
586,164,877.57,383.15,21.22,49.76,0.7082,1,-1,-1
586,175,1296.01,616.85,68.16,124.41,0.6951,2,-1,-1
586,177,90.63,344.57,55.19,24.67,0.5477,4,-1,-1
586,165,848.94,313.22,78.23,31.14,0.4026,4,-1,-1
586,183,1299.18,657.25,61.43,92.22,0.3337,3,-1,-1
587,119,920.12,453.33,35.70,84.02,0.7311,1,-1,-1
587,145,915.72,347.17,13.62,35.88,0.5689,1,-1,-1
587,146,783.71,426.88,31.10,69.92,0.5842,1,-1,-1
587,164,877.68,384.33,20.86,49.16,0.6885,1,-1,-1
587,175,1297.43,618.90,70.34,129.67,0.8199,2,-1,-1
587,177,88.17,344.19,57.12,25.45,0.4610,4,-1,-1
587,165,847.52,313.51,78.03,31.16,0.3522,4,-1,-1
587,183,1300.91,657.61,63.14,94.73,0.3355,3,-1,-1
587,191,180.27,458.71,20.32,47.70,0.4504,1,-1,-1
588,119,920.36,453.39,35.84,85.30,0.7341,1,-1,-1
588,145,915.79,347.38,13.41,35.29,0.5554,1,-1,-1
588,146,782.80,429.58,29.86,67.12,0.2751,1,-1,-1
588,164,877.57,384.95,20.62,48.53,0.6935,1,-1,-1
588,175,1299.67,621.70,70.08,130.16,0.7326,2,-1,-1
588,177,86.92,344.51,57.34,25.43,0.5263,4,-1,-1
588,165,847.31,313.65,77.16,31.18,0.3032,4,-1,-1
588,183,1301.97,655.26,65.71,98.84,0.3157,3,-1,-1
588,191,180.44,459.37,19.92,46.66,0.1813,1,-1,-1
589,119,920.62,453.72,36.02,86.72,0.7387,1,-1,-1
589,145,915.82,347.64,13.27,34.91,0.5273,1,-1,-1
589,146,781.19,432.94,28.99,65.06,0.1403,1,-1,-1
589,164,877.48,385.39,20.63,48.44,0.6817,1,-1,-1
589,175,1304.49,624.03,66.11,122.90,0.6197,2,-1,-1
589,177,86.33,344.57,57.73,25.47,0.5458,4,-1,-1
589,165,848.24,313.74,76.55,31.40,0.2082,4,-1,-1
589,183,1303.23,653.88,68.99,103.84,0.4922,10,-1,-1
590,119,921.19,454.70,35.55,86.54,0.7311,1,-1,-1
590,145,915.82,347.75,13.38,35.20,0.5593,1,-1,-1
590,164,877.63,386.01,20.58,48.26,0.7001,1,-1,-1
590,175,1308.18,626.22,66.16,123.24,0.5651,2,-1,-1
590,177,87.38,345.22,56.40,24.78,0.4340,4,-1,-1
590,165,847.91,313.85,75.82,31.69,0.1037,4,-1,-1
590,183,1305.76,657.01,68.60,102.81,0.5699,10,-1,-1
591,119,921.52,455.16,35.17,86.44,0.7295,1,-1,-1
591,145,915.74,348.01,13.40,35.25,0.5400,1,-1,-1
591,164,877.80,386.15,20.67,48.42,0.7050,1,-1,-1
591,175,1308.00,628.04,69.38,130.52,0.6151,2,-1,-1
591,177,85.77,344.85,58.92,25.71,0.5166,4,-1,-1
591,165,849.34,313.96,73.82,31.34,0.1366,4,-1,-1
591,183,1308.15,658.94,69.02,103.27,0.5224,10,-1,-1
591,191,180.41,451.09,23.49,55.32,0.4523,1,-1,-1
592,119,921.89,455.81,34.62,85.84,0.7326,1,-1,-1
592,145,915.81,347.97,13.31,34.97,0.5651,1,-1,-1
592,164,877.90,386.09,20.72,48.49,0.7178,1,-1,-1
592,175,1310.07,629.04,71.06,134.61,0.8256,1,-1,-1
592,177,86.00,344.68,59.75,25.97,0.4455,4,-1,-1
592,165,850.44,314.02,72.42,31.19,0.1530,4,-1,-1
592,191,182.01,453.57,22.40,53.15,0.5955,1,-1,-1
593,119,922.22,456.27,34.27,85.72,0.7326,1,-1,-1
593,145,915.93,347.95,13.20,34.64,0.5612,1,-1,-1
593,164,877.79,385.98,21.06,49.29,0.7114,1,-1,-1
593,175,1312.18,630.21,71.32,135.75,0.8141,1,-1,-1
593,177,84.90,343.87,61.58,26.86,0.3970,4,-1,-1
593,165,851.22,314.05,71.61,31.27,0.1152,4,-1,-1
593,191,183.57,456.48,21.19,50.15,0.5409,1,-1,-1
594,119,922.61,456.69,33.84,85.39,0.7372,1,-1,-1
594,145,916.02,347.85,13.22,34.64,0.5955,1,-1,-1
594,164,877.72,385.90,21.33,49.97,0.7256,1,-1,-1
594,175,1313.92,631.44,71.39,136.33,0.6654,1,-1,-1
594,177,83.96,343.78,62.39,27.13,0.3277,4,-1,-1
594,191,182.63,458.68,21.61,49.67,0.5234,1,-1,-1
595,119,922.84,456.37,33.83,85.96,0.7341,1,-1,-1
595,145,915.95,347.97,13.15,34.35,0.6142,1,-1,-1
595,164,877.53,385.63,21.59,50.62,0.7162,1,-1,-1
595,175,1316.22,633.24,70.94,135.81,0.6021,2,-1,-1
595,177,84.13,343.96,62.15,26.86,0.3174,4,-1,-1
595,191,182.02,459.61,23.13,51.30,0.5525,1,-1,-1
595,183,1309.60,640.24,83.44,128.21,0.4893,1,-1,-1
596,119,923.22,455.99,33.73,86.25,0.7326,1,-1,-1
596,145,915.95,347.95,13.10,34.15,0.6270,1,-1,-1
596,164,877.82,386.35,21.30,50.10,0.7033,1,-1,-1
596,175,1319.54,634.20,67.71,130.57,0.7364,2,-1,-1
596,177,84.65,344.35,61.69,26.44,0.3549,4,-1,-1
596,191,181.97,460.34,23.91,51.34,0.5332,1,-1,-1
596,183,1316.80,660.00,71.59,109.64,0.2200,3,-1,-1
597,119,923.53,455.69,33.65,86.54,0.7280,1,-1,-1
597,145,915.87,347.76,13.15,34.27,0.6343,1,-1,-1
597,164,877.85,386.60,21.18,49.95,0.7146,1,-1,-1
597,175,1321.00,635.14,67.27,131.00,0.6851,2,-1,-1
597,177,85.18,344.60,61.28,26.06,0.3905,4,-1,-1
597,191,182.13,460.50,24.43,51.51,0.5879,1,-1,-1
597,183,1319.49,664.65,68.50,105.59,0.1056,1,-1,-1
598,119,923.58,455.35,33.52,86.49,0.7280,1,-1,-1
598,145,915.65,347.23,13.41,35.02,0.6289,1,-1,-1
598,164,877.78,386.87,21.08,49.85,0.7194,1,-1,-1
598,175,1322.10,636.17,67.16,132.02,0.6619,2,-1,-1
598,177,84.23,344.42,62.09,26.25,0.3594,4,-1,-1
598,191,182.90,460.00,24.78,52.24,0.5746,1,-1,-1
598,183,1322.57,672.75,64.11,98.74,0.2926,10,-1,-1
599,119,923.69,455.22,33.34,86.22,0.7249,1,-1,-1
599,145,915.45,346.84,13.61,35.61,0.6307,1,-1,-1
599,164,877.76,387.59,20.96,49.73,0.6968,1,-1,-1
599,175,1324.18,636.49,65.01,128.89,0.6834,2,-1,-1
599,177,83.53,343.84,63.82,26.85,0.3702,4,-1,-1
599,191,180.76,458.62,26.10,54.31,0.6067,1,-1,-1
599,183,1324.79,677.72,61.27,93.80,0.4235,3,-1,-1
600,119,923.73,455.07,33.38,86.41,0.7311,1,-1,-1
600,145,915.32,346.57,13.74,35.96,0.6215,1,-1,-1
600,164,877.74,388.06,20.96,49.91,0.6817,1,-1,-1
600,175,1325.62,637.48,63.14,126.03,0.6868,2,-1,-1
600,177,83.95,343.20,65.99,27.64,0.3166,4,-1,-1
600,191,180.42,457.79,26.93,55.36,0.5506,1,-1,-1
600,183,1324.86,678.77,61.39,93.56,0.4282,3,-1,-1
601,119,923.99,454.32,32.40,83.40,0.7272,1,-1,-1
601,145,914.99,345.55,14.09,36.84,0.6379,1,-1,-1
601,164,877.06,387.48,21.52,51.32,0.6817,1,-1,-1
601,175,1329.51,637.58,56.40,111.30,0.6628,2,-1,-1
601,177,83.93,342.79,66.56,27.64,0.4600,4,-1,-1
601,191,180.04,457.32,27.50,56.33,0.4026,1,-1,-1
601,183,1324.43,678.74,62.20,94.22,0.4121,3,-1,-1
602,119,924.08,453.61,32.16,82.29,0.7334,1,-1,-1
602,145,914.96,345.64,14.06,36.72,0.6415,1,-1,-1
602,164,876.68,387.10,21.86,52.19,0.6715,1,-1,-1
602,175,1331.35,637.59,53.87,105.38,0.6558,2,-1,-1
602,177,83.98,342.95,66.25,27.24,0.5273,4,-1,-1
602,191,180.18,456.48,28.00,57.23,0.4036,1,-1,-1
602,183,1324.43,677.27,63.32,95.85,0.3469,3,-1,-1
603,119,924.09,453.03,32.15,81.57,0.7287,1,-1,-1
603,145,914.91,345.91,14.02,36.58,0.6469,1,-1,-1
603,164,876.63,387.08,21.91,52.35,0.6715,1,-1,-1
603,175,1326.51,638.89,62.34,123.28,0.7295,2,-1,-1
603,177,83.29,344.04,65.06,26.56,0.4961,4,-1,-1
603,191,181.56,455.76,28.67,59.02,0.4196,1,-1,-1
603,183,1324.67,677.89,62.83,95.01,0.3970,10,-1,-1
604,119,923.47,453.33,33.34,84.17,0.7217,1,-1,-1
604,145,915.02,345.92,13.92,36.27,0.6415,1,-1,-1
604,164,876.56,387.05,21.89,52.24,0.6697,1,-1,-1
604,175,1325.22,639.44,64.69,129.19,0.7432,2,-1,-1
604,177,83.12,344.32,65.00,26.39,0.5361,4,-1,-1
604,191,183.18,455.50,28.53,59.37,0.5927,1,-1,-1
604,183,1324.53,677.95,62.87,94.96,0.2422,3,-1,-1
605,119,923.02,453.53,33.91,85.33,0.7170,1,-1,-1
605,145,915.21,345.84,13.74,35.73,0.6397,1,-1,-1
605,164,876.52,387.19,21.85,52.03,0.6834,1,-1,-1
605,175,1324.91,639.72,65.30,131.43,0.7491,2,-1,-1
605,177,83.59,343.51,66.36,26.74,0.5525,4,-1,-1
605,191,183.46,455.36,28.22,59.44,0.5974,1,-1,-1
605,183,1322.65,671.41,66.38,101.00,0.3951,10,-1,-1
605,192,160.74,467.82,23.33,51.61,0.5332,1,-1,-1
606,119,923.35,453.12,33.24,83.10,0.7256,1,-1,-1
606,145,915.30,345.53,13.71,35.55,0.6325,1,-1,-1
606,164,876.17,386.94,22.07,52.32,0.6783,1,-1,-1
606,175,1325.18,639.97,65.19,132.33,0.7773,2,-1,-1
606,177,83.13,343.12,67.47,27.02,0.5964,4,-1,-1
606,191,183.48,457.51,27.26,57.43,0.5936,1,-1,-1
606,183,1323.75,674.91,64.33,97.87,0.4465,10,-1,-1
606,192,160.64,467.09,24.32,53.74,0.4815,1,-1,-1
607,119,923.36,453.34,32.48,80.56,0.7225,1,-1,-1
607,145,915.35,345.69,13.58,35.05,0.6252,1,-1,-1
607,164,875.63,386.97,22.38,52.74,0.6749,1,-1,-1
607,175,1325.43,640.18,64.85,132.65,0.8129,2,-1,-1
607,177,81.68,343.35,68.42,27.34,0.5554,4,-1,-1
607,191,182.76,457.64,27.65,57.91,0.6049,1,-1,-1
607,183,1323.75,674.88,64.52,98.47,0.4484,10,-1,-1
607,192,160.14,465.06,25.87,56.90,0.2854,1,-1,-1
608,119,921.98,453.08,32.27,79.40,0.7098,1,-1,-1
608,145,915.18,346.62,13.20,33.63,0.5842,1,-1,-1
608,164,874.24,387.47,22.62,52.75,0.6851,1,-1,-1
608,175,1325.02,640.29,64.62,133.04,0.8093,2,-1,-1
608,177,80.03,344.09,67.23,26.80,0.4130,4,-1,-1
608,191,181.52,457.77,27.66,57.90,0.6593,1,-1,-1
608,183,1322.96,673.94,65.25,100.06,0.3923,10,-1,-1
608,192,159.09,462.71,26.39,57.56,0.1613,2,-1,-1
608,193,1222.44,742.09,92.53,63.45,0.4649,3,-1,-1
609,119,919.26,454.00,33.07,81.40,0.6893,1,-1,-1
609,145,914.24,348.13,12.55,31.59,0.6067,1,-1,-1
609,164,872.82,388.76,22.36,52.03,0.6086,1,-1,-1
609,175,1323.88,640.27,64.39,133.18,0.7840,2,-1,-1
609,177,76.83,343.61,68.18,27.12,0.4177,4,-1,-1
609,191,180.82,457.58,28.28,59.69,0.6415,1,-1,-1
609,183,1321.65,674.91,65.06,99.83,0.1188,3,-1,-1
609,192,158.59,462.77,27.55,59.93,0.2154,1,-1,-1
609,193,1222.43,743.69,86.90,59.47,0.1859,3,-1,-1
610,119,917.17,453.65,33.36,82.05,0.7042,1,-1,-1
610,145,912.62,348.09,12.49,30.96,0.6252,1,-1,-1
610,164,870.43,388.89,22.20,51.86,0.6584,1,-1,-1
610,175,1324.07,639.44,61.96,128.86,0.6697,2,-1,-1
610,177,71.80,342.85,71.03,28.27,0.3065,4,-1,-1
610,191,181.16,456.19,29.39,61.27,0.6575,1,-1,-1
610,183,1319.30,676.23,64.36,98.48,0.2659,10,-1,-1
610,192,157.81,462.82,26.09,56.07,0.2902,1,-1,-1
610,193,1222.39,745.44,81.21,55.32,0.1380,10,-1,-1
611,119,914.43,452.56,32.71,80.28,0.6706,1,-1,-1
611,145,910.03,347.81,12.72,31.12,0.5860,1,-1,-1
611,164,868.15,389.04,21.87,51.19,0.6706,1,-1,-1
611,175,1319.58,639.76,63.63,132.69,0.5679,2,-1,-1
611,177,64.88,342.83,72.92,28.98,0.2524,4,-1,-1
611,191,179.64,454.04,31.53,64.58,0.6628,1,-1,-1
611,183,1311.54,659.64,74.33,115.88,0.4824,1,-1,-1
611,192,155.59,463.48,26.03,55.27,0.2254,1,-1,-1
612,119,912.37,453.65,30.59,74.65,0.6860,1,-1,-1
612,145,907.04,347.83,12.64,31.06,0.5593,1,-1,-1
612,164,866.50,390.15,20.89,49.59,0.6740,1,-1,-1
612,175,1318.34,639.15,62.39,130.43,0.6968,2,-1,-1
612,191,177.21,454.06,30.54,62.83,0.6680,1,-1,-1
612,183,1307.98,653.31,76.54,121.35,0.2241,1,-1,-1
612,192,154.22,463.31,23.49,48.76,0.1116,2,-1,-1
613,119,907.98,453.78,32.45,79.32,0.7138,1,-1,-1
613,145,904.48,348.00,12.52,30.48,0.5049,1,-1,-1
613,164,862.62,390.53,20.99,49.54,0.6067,1,-1,-1
613,175,1313.52,639.42,63.30,132.24,0.6478,2,-1,-1
613,191,174.76,455.25,31.82,64.97,0.7264,1,-1,-1
613,183,1309.06,668.49,67.46,105.56,0.1268,1,-1,-1
613,192,150.91,463.98,24.41,50.12,0.1597,2,-1,-1
614,119,906.24,452.66,30.70,74.59,0.6433,1,-1,-1
614,145,901.53,348.07,12.23,29.29,0.4475,1,-1,-1
614,164,860.13,391.24,20.84,49.28,0.6252,1,-1,-1
614,175,1308.95,639.37,64.39,134.27,0.5908,2,-1,-1
614,191,171.16,453.76,33.07,67.81,0.7409,1,-1,-1
614,183,1306.69,671.37,66.07,102.51,0.3082,10,-1,-1
614,192,147.21,463.97,24.37,49.38,0.3425,1,-1,-1
615,119,903.38,450.69,30.35,73.52,0.6901,1,-1,-1
615,145,897.96,347.28,12.53,29.88,0.5234,1,-1,-1
615,164,856.74,391.24,20.86,49.55,0.6433,1,-1,-1
615,175,1305.82,639.23,64.19,134.21,0.7759,2,-1,-1
615,191,168.56,452.90,34.45,70.57,0.7287,1,-1,-1
615,183,1304.05,671.77,65.75,101.81,0.4455,10,-1,-1
615,192,143.98,465.46,24.88,49.77,0.3886,1,-1,-1
616,119,899.89,450.44,30.49,73.71,0.7098,1,-1,-1
616,145,894.75,346.32,12.69,30.16,0.4542,1,-1,-1
616,164,854.42,391.97,20.47,48.95,0.6593,1,-1,-1
616,175,1303.02,638.53,64.10,134.36,0.8176,2,-1,-1
616,191,165.80,453.15,33.41,68.30,0.7050,1,-1,-1
616,183,1300.48,668.65,67.37,105.07,0.4407,10,-1,-1
616,192,141.01,463.19,25.99,51.54,0.3612,1,-1,-1
617,119,896.54,450.19,30.61,73.78,0.6343,1,-1,-1
617,145,891.30,347.29,12.63,29.67,0.4196,1,-1,-1
617,164,850.42,392.49,20.66,49.23,0.6179,1,-1,-1
617,175,1299.77,637.95,64.13,134.51,0.7280,2,-1,-1
617,191,162.82,453.87,33.33,68.20,0.6943,1,-1,-1
617,183,1292.08,648.20,78.65,125.78,0.5039,1,-1,-1
617,192,138.33,463.34,27.78,54.45,0.3858,1,-1,-1
617,194,721.96,443.80,29.44,63.87,0.4863,1,-1,-1
618,119,894.04,451.81,29.56,71.15,0.6558,1,-1,-1
618,145,887.87,347.44,12.46,28.73,0.4263,1,-1,-1
618,164,846.67,391.92,20.95,49.81,0.7058,1,-1,-1
618,175,1296.63,638.13,63.74,133.59,0.6602,2,-1,-1
618,191,159.50,452.63,34.13,69.70,0.7272,1,-1,-1
618,183,1287.74,641.40,81.03,132.60,0.4533,1,-1,-1
618,192,135.81,462.27,27.60,54.07,0.1987,2,-1,-1
618,194,716.47,442.67,31.23,67.82,0.5851,1,-1,-1
619,119,891.64,452.77,28.90,68.82,0.5010,1,-1,-1
619,145,884.40,346.98,13.00,29.81,0.5088,1,-1,-1
619,164,843.86,392.67,20.78,49.25,0.6732,1,-1,-1
619,175,1292.51,637.63,63.96,133.84,0.5946,2,-1,-1
619,191,156.45,453.00,33.64,69.10,0.6943,1,-1,-1
619,183,1287.88,653.90,72.89,119.77,0.4301,1,-1,-1
619,192,132.41,462.62,29.10,57.20,0.5380,1,-1,-1
619,194,710.95,442.23,31.38,68.46,0.3320,1,-1,-1
620,119,888.40,451.89,28.65,67.80,0.6179,1,-1,-1
620,145,881.27,346.85,12.84,29.41,0.4562,1,-1,-1
620,164,841.76,392.99,20.43,49.15,0.6809,1,-1,-1
620,175,1288.14,635.98,65.32,136.56,0.7705,1,-1,-1
620,191,153.55,452.89,33.73,69.42,0.6968,1,-1,-1
620,192,129.32,463.00,30.32,60.11,0.4639,1,-1,-1
620,194,706.88,443.86,30.16,66.12,0.6067,1,-1,-1
621,119,884.61,450.91,30.54,72.24,0.5804,1,-1,-1
621,145,878.12,347.83,12.85,28.96,0.2744,1,-1,-1
621,164,838.53,393.54,20.52,49.11,0.6451,1,-1,-1
621,175,1283.49,635.17,66.03,137.32,0.6926,1,-1,-1
621,191,150.59,453.03,33.59,69.33,0.7439,1,-1,-1
621,192,126.61,462.72,31.22,62.60,0.3942,1,-1,-1
621,194,701.38,443.33,30.74,67.84,0.4196,1,-1,-1
622,119,882.28,452.11,29.65,70.34,0.6325,1,-1,-1
622,145,874.80,347.02,12.93,28.82,0.4571,1,-1,-1
622,164,834.56,392.56,20.91,50.01,0.6433,1,-1,-1
622,175,1280.26,636.04,65.33,136.30,0.7982,2,-1,-1
622,191,147.90,451.64,33.72,69.94,0.7241,1,-1,-1
622,192,123.27,462.05,31.53,64.20,0.4045,1,-1,-1
622,194,699.74,443.41,27.13,60.27,0.2127,2,-1,-1
622,183,1282.18,671.45,62.03,100.62,0.6067,10,-1,-1
623,119,880.05,453.38,28.69,67.59,0.4678,1,-1,-1
623,145,871.70,346.32,12.91,28.79,0.4883,1,-1,-1
623,164,831.99,393.35,20.71,49.57,0.6680,1,-1,-1
623,175,1277.88,636.02,63.62,132.46,0.7264,2,-1,-1
623,191,145.46,451.24,33.77,70.31,0.7098,1,-1,-1
623,192,120.70,461.76,32.39,66.76,0.5545,1,-1,-1
623,194,695.87,445.48,27.23,61.34,0.5078,1,-1,-1
623,183,1280.51,677.20,58.61,93.55,0.4815,10,-1,-1
624,119,875.78,451.39,30.25,71.39,0.6270,1,-1,-1
624,145,868.55,344.73,13.34,29.87,0.4235,1,-1,-1
624,164,828.59,392.54,21.31,51.03,0.6817,1,-1,-1
624,175,1274.56,635.77,64.07,133.24,0.7879,2,-1,-1
624,191,143.28,450.59,34.80,72.26,0.7241,1,-1,-1
624,192,117.76,462.22,32.37,67.03,0.6442,1,-1,-1
624,194,690.90,445.63,28.07,64.03,0.4484,1,-1,-1
624,183,1276.83,677.11,59.47,94.06,0.3540,10,-1,-1
625,119,872.07,450.53,31.47,74.58,0.3329,1,-1,-1
625,145,866.27,346.37,12.65,28.03,0.2682,1,-1,-1
625,164,825.50,392.94,21.10,50.31,0.6715,1,-1,-1
625,175,1270.53,635.87,64.24,133.58,0.7233,2,-1,-1
625,191,141.37,449.74,35.51,72.80,0.7670,1,-1,-1
625,192,114.39,461.80,33.97,70.42,0.6860,1,-1,-1
625,183,1272.98,677.79,59.73,93.76,0.3639,10,-1,-1
626,119,869.49,450.31,31.05,73.97,0.6766,1,-1,-1
626,145,862.58,345.55,13.39,29.49,0.5215,1,-1,-1
626,164,821.73,392.73,21.28,50.79,0.6960,1,-1,-1
626,175,1266.03,633.97,65.81,137.22,0.7705,1,-1,-1
626,191,138.59,449.74,36.93,74.95,0.7241,1,-1,-1
626,192,112.45,461.89,34.01,70.27,0.7194,1,-1,-1
626,183,1261.56,648.76,75.74,122.03,0.1722,2,-1,-1
627,119,867.57,451.48,28.93,68.51,0.4273,1,-1,-1
627,145,859.20,344.67,13.33,29.29,0.4795,1,-1,-1
627,164,819.11,393.99,20.86,49.68,0.7066,1,-1,-1
627,175,1261.76,632.96,66.25,137.97,0.6740,1,-1,-1
627,191,135.29,450.48,38.72,78.17,0.7295,1,-1,-1
627,192,109.26,460.86,34.30,70.70,0.6645,1,-1,-1
627,183,1255.63,638.80,79.91,131.51,0.4111,2,-1,-1
628,119,863.14,449.08,30.72,72.87,0.6926,1,-1,-1
628,145,855.65,345.47,13.27,29.10,0.2999,1,-1,-1
628,164,815.08,393.37,21.58,51.12,0.6593,1,-1,-1
628,175,1257.61,633.13,66.33,137.62,0.7853,1,-1,-1
628,191,131.54,449.29,39.40,79.82,0.7025,1,-1,-1
628,192,104.62,460.90,34.20,70.20,0.6270,1,-1,-1
628,183,1250.79,634.22,80.90,136.31,0.1836,2,-1,-1
629,119,859.85,447.63,30.82,72.94,0.6851,1,-1,-1
629,145,852.30,345.51,13.37,29.07,0.4168,1,-1,-1
629,164,810.92,392.45,21.94,51.99,0.6307,1,-1,-1
629,175,1253.91,633.66,65.60,136.43,0.8520,2,-1,-1
629,191,128.31,450.46,38.33,77.08,0.7542,1,-1,-1
629,192,101.45,461.60,33.11,67.52,0.6749,1,-1,-1
629,183,1250.51,646.64,72.65,123.07,0.2598,1,-1,-1
630,119,856.35,446.16,31.46,74.61,0.7033,1,-1,-1
630,145,848.43,344.57,13.79,30.03,0.3895,1,-1,-1
630,164,807.35,393.68,21.51,50.70,0.6868,1,-1,-1
630,175,1250.81,633.83,64.83,134.90,0.8129,2,-1,-1
630,191,124.35,449.65,38.86,77.66,0.7178,1,-1,-1
630,192,96.96,460.94,32.48,64.89,0.5775,1,-1,-1
630,183,1247.52,645.49,72.07,123.44,0.3074,1,-1,-1
631,119,851.85,444.80,31.31,74.42,0.6834,1,-1,-1
631,145,845.39,345.16,13.64,29.51,0.4446,1,-1,-1
631,164,803.15,393.68,21.85,51.22,0.6749,1,-1,-1
631,175,1245.82,632.81,65.60,137.01,0.7280,1,-1,-1
631,191,120.17,451.23,39.32,78.68,0.7592,1,-1,-1
631,192,92.50,461.18,33.08,64.96,0.7178,1,-1,-1
631,183,1241.76,636.80,75.42,131.71,0.1164,2,-1,-1
632,119,848.19,444.47,31.29,74.27,0.6397,1,-1,-1
632,145,842.12,345.85,13.23,28.43,0.3702,1,-1,-1
632,164,799.56,394.42,21.60,50.46,0.6749,1,-1,-1
632,175,1241.88,632.57,65.43,136.99,0.8233,1,-1,-1
632,191,117.76,450.86,38.18,76.70,0.7447,1,-1,-1
632,192,90.02,461.42,33.84,65.12,0.6558,1,-1,-1
633,119,844.60,445.15,31.32,74.20,0.6160,1,-1,-1
633,145,838.17,345.65,13.30,28.44,0.4504,1,-1,-1
633,164,795.81,396.07,21.57,49.88,0.7001,1,-1,-1
633,175,1238.38,632.54,65.20,136.48,0.8449,1,-1,-1
633,191,114.81,449.70,38.39,78.26,0.7766,1,-1,-1
633,192,86.34,462.87,35.36,67.18,0.7287,1,-1,-1
634,119,841.26,445.76,30.61,72.27,0.6505,1,-1,-1
634,145,834.08,344.78,13.44,28.88,0.4610,1,-1,-1
634,164,791.59,395.04,22.11,51.22,0.6783,1,-1,-1
634,175,1233.94,632.05,65.36,136.68,0.8311,1,-1,-1
634,191,111.69,449.10,38.26,79.25,0.7527,1,-1,-1
634,192,82.96,462.17,36.52,69.22,0.6935,1,-1,-1
635,119,837.46,446.37,30.10,70.64,0.6783,1,-1,-1
635,145,830.79,344.40,13.38,28.71,0.1865,1,-1,-1
635,164,787.90,395.39,22.28,51.56,0.7050,1,-1,-1
635,175,1229.88,632.49,64.62,135.42,0.7506,2,-1,-1
635,191,108.44,449.77,37.74,79.06,0.7684,1,-1,-1
635,192,81.15,461.42,37.65,71.74,0.7194,1,-1,-1
636,119,833.92,445.56,31.23,73.01,0.6766,1,-1,-1
636,145,827.38,344.93,13.53,28.69,0.4017,1,-1,-1
636,164,783.70,395.66,22.46,51.63,0.6951,1,-1,-1
636,175,1227.11,632.51,64.08,134.50,0.7447,2,-1,-1
636,191,106.87,450.17,36.93,78.37,0.7663,1,-1,-1
636,192,78.51,461.22,37.22,71.92,0.7542,1,-1,-1
637,119,828.69,445.35,32.59,75.77,0.6876,1,-1,-1
637,145,823.59,344.20,13.49,28.64,0.4168,1,-1,-1
637,164,780.17,395.92,22.41,50.93,0.7098,1,-1,-1
637,175,1223.28,632.22,63.96,135.05,0.6637,2,-1,-1
637,191,104.52,450.40,36.98,78.67,0.7925,1,-1,-1
637,192,76.56,461.20,36.51,71.37,0.7642,1,-1,-1
638,119,825.01,445.65,32.05,74.70,0.7050,1,-1,-1
638,145,820.30,345.12,13.04,27.68,0.1956,1,-1,-1
638,164,776.63,395.99,22.52,50.97,0.6951,1,-1,-1
638,175,1219.37,632.07,63.91,135.18,0.7025,2,-1,-1
638,191,101.81,450.68,37.08,78.74,0.8182,1,-1,-1
638,192,73.76,460.96,37.58,74.38,0.7454,1,-1,-1
639,119,821.94,445.14,31.98,74.98,0.6067,1,-1,-1
639,145,816.71,345.01,13.26,27.87,0.3024,1,-1,-1
639,164,772.83,396.46,22.56,50.84,0.6783,1,-1,-1
639,175,1216.33,630.64,64.23,136.41,0.7592,1,-1,-1
639,191,98.92,452.97,37.40,79.06,0.7918,1,-1,-1
639,192,71.67,461.92,36.38,72.49,0.7303,1,-1,-1
640,119,818.59,445.66,31.66,74.65,0.5955,1,-1,-1
640,145,812.91,344.47,13.53,28.37,0.4795,1,-1,-1
640,164,769.82,397.26,22.21,49.97,0.7162,1,-1,-1
640,175,1212.43,630.05,64.79,137.94,0.7982,1,-1,-1
640,191,96.88,454.05,36.52,77.50,0.7840,1,-1,-1
640,192,69.57,464.12,33.84,67.46,0.7409,1,-1,-1
641,119,815.39,445.61,30.59,72.18,0.6397,1,-1,-1
641,145,809.45,344.15,13.28,27.97,0.4235,1,-1,-1
641,164,765.72,396.95,22.82,51.32,0.6885,1,-1,-1
641,175,1209.07,630.44,63.53,135.97,0.7476,2,-1,-1
641,191,93.71,454.18,36.86,78.34,0.7684,1,-1,-1
641,192,67.17,465.23,33.11,65.84,0.6951,1,-1,-1
641,183,1211.87,666.95,57.86,99.05,0.4844,10,-1,-1
642,119,811.60,445.62,31.11,73.31,0.6379,1,-1,-1
642,145,806.04,344.29,13.66,28.72,0.4187,1,-1,-1
642,164,762.16,397.42,22.77,51.14,0.6225,1,-1,-1
642,175,1206.46,629.38,60.29,128.62,0.7387,2,-1,-1
642,191,91.55,454.86,37.11,78.38,0.8170,1,-1,-1
642,192,64.63,466.11,32.38,64.36,0.6732,1,-1,-1
642,183,1209.00,670.54,56.59,95.22,0.4873,10,-1,-1
643,119,808.93,444.55,30.78,72.40,0.6885,1,-1,-1
643,145,802.38,344.60,13.66,28.60,0.4177,1,-1,-1
643,164,758.48,397.83,22.81,51.09,0.6680,1,-1,-1
643,175,1203.14,629.51,61.96,132.70,0.7800,2,-1,-1
643,191,89.06,455.93,37.50,78.31,0.7585,1,-1,-1
643,192,60.65,466.48,33.63,67.33,0.6792,1,-1,-1
643,183,1206.26,671.99,56.20,93.68,0.4321,10,-1,-1
644,119,805.42,444.10,32.12,75.95,0.6783,1,-1,-1
644,145,798.73,342.90,14.36,30.12,0.5020,1,-1,-1
644,164,755.01,397.81,23.12,51.73,0.7454,1,-1,-1
644,175,1200.37,629.67,62.79,135.07,0.5974,2,-1,-1
644,191,87.23,457.26,37.63,77.83,0.7326,1,-1,-1
644,192,59.56,467.33,32.41,65.12,0.6575,1,-1,-1
644,183,1204.10,674.79,55.48,91.39,0.4054,10,-1,-1
645,119,802.94,444.06,32.31,76.63,0.7082,1,-1,-1
645,145,796.07,340.96,15.02,31.90,0.4639,1,-1,-1
645,164,752.34,398.29,23.25,51.89,0.7162,1,-1,-1
645,175,1198.27,629.16,63.12,136.23,0.6123,2,-1,-1
645,191,85.73,457.64,38.11,78.52,0.7295,1,-1,-1
645,192,58.72,467.63,31.75,64.13,0.6215,1,-1,-1
645,183,1202.34,674.79,55.84,91.04,0.5351,10,-1,-1
645,199,768.01,349.74,17.08,35.98,0.5166,1,-1,-1
646,119,801.72,443.89,32.91,78.55,0.7256,1,-1,-1
646,145,795.00,340.82,15.04,32.30,0.4678,1,-1,-1
646,164,750.63,398.25,23.60,52.54,0.7098,1,-1,-1
646,175,1197.03,628.55,63.08,136.96,0.6460,2,-1,-1
646,191,84.81,457.32,39.47,81.06,0.7326,1,-1,-1
646,192,59.67,467.58,32.01,65.08,0.4225,1,-1,-1
646,183,1200.78,673.42,56.89,92.10,0.4254,10,-1,-1
646,199,766.47,348.48,18.09,38.20,0.5380,1,-1,-1
647,119,801.17,443.98,32.87,78.97,0.7394,1,-1,-1
647,145,794.53,341.25,14.92,32.33,0.5351,1,-1,-1
647,164,749.56,398.50,23.85,52.97,0.6868,1,-1,-1
647,175,1196.15,627.96,63.26,138.12,0.6671,2,-1,-1
647,191,84.84,457.46,39.82,81.81,0.7009,1,-1,-1
647,192,61.05,467.08,32.99,67.85,0.4873,1,-1,-1
647,183,1199.00,671.70,58.28,93.95,0.3558,10,-1,-1
647,199,765.56,348.47,18.18,38.46,0.6215,1,-1,-1
647,201,0.02,326.34,148.39,50.84,0.5699,4,-1,-1
648,119,801.21,444.21,32.32,78.11,0.7364,1,-1,-1
648,145,794.26,340.98,15.01,32.85,0.5689,1,-1,-1
648,164,748.81,398.96,24.02,53.29,0.6885,1,-1,-1
648,175,1195.95,627.91,63.13,138.61,0.6792,2,-1,-1
648,191,84.33,457.16,40.04,83.08,0.7130,1,-1,-1
648,192,62.59,466.14,36.17,74.56,0.4130,1,-1,-1
648,183,1198.21,671.15,59.03,94.86,0.4064,10,-1,-1
648,199,765.07,347.73,18.43,39.14,0.6361,1,-1,-1
648,201,0.05,327.17,146.84,50.31,0.4834,4,-1,-1
649,119,801.36,444.30,31.98,77.78,0.7394,1,-1,-1
649,145,794.12,340.96,14.99,33.06,0.5823,1,-1,-1
649,164,748.61,399.29,24.02,53.25,0.6749,1,-1,-1
649,175,1196.09,628.25,62.73,138.40,0.6584,2,-1,-1
649,191,85.62,456.66,39.41,82.71,0.7210,1,-1,-1
649,192,64.02,465.87,34.66,72.53,0.5419,1,-1,-1
649,183,1197.65,670.59,59.57,95.98,0.1413,1,-1,-1
649,199,765.03,347.31,18.39,39.27,0.6415,1,-1,-1
649,201,-0.48,328.79,147.22,50.46,0.2024,4,-1,-1
650,119,801.75,444.44,31.41,76.70,0.7379,1,-1,-1
650,145,794.44,342.01,14.52,32.25,0.5936,1,-1,-1
650,164,748.62,399.50,23.98,53.19,0.6715,1,-1,-1
650,175,1196.11,628.18,62.60,138.74,0.6876,2,-1,-1
650,191,87.10,457.05,38.94,82.90,0.7670,1,-1,-1
650,192,66.09,465.64,35.75,75.80,0.6766,1,-1,-1
650,183,1197.90,671.52,59.15,94.89,0.4321,10,-1,-1
650,199,765.16,347.38,18.18,39.09,0.6397,1,-1,-1
650,201,0.91,330.12,145.20,49.75,0.1485,4,-1,-1
650,202,434.12,444.49,25.80,60.64,0.5917,1,-1,-1
651,119,802.24,444.70,30.90,75.69,0.7527,1,-1,-1
651,145,794.64,342.03,14.43,32.26,0.5955,1,-1,-1
651,164,748.45,399.48,24.07,53.31,0.6851,1,-1,-1
651,175,1196.58,628.35,62.31,138.79,0.6637,2,-1,-1
651,191,90.44,457.98,37.87,81.31,0.7424,1,-1,-1
651,192,68.37,465.39,35.47,75.84,0.6049,1,-1,-1
651,183,1198.10,671.29,59.43,95.15,0.3998,10,-1,-1
651,199,765.27,347.53,18.10,39.16,0.6270,1,-1,-1
651,201,1.10,330.38,144.54,49.49,0.1824,4,-1,-1
651,202,430.01,446.18,28.00,65.90,0.5879,1,-1,-1
652,119,802.89,444.65,30.93,75.88,0.7318,1,-1,-1
652,145,794.95,341.66,14.48,32.60,0.5670,1,-1,-1
652,164,748.04,399.17,24.55,54.02,0.6697,1,-1,-1
652,175,1197.10,628.68,61.92,138.60,0.5983,2,-1,-1
652,191,92.69,457.16,38.08,82.90,0.7476,1,-1,-1
652,192,71.31,466.25,33.60,72.78,0.6558,1,-1,-1
652,183,1198.17,670.53,60.00,96.09,0.4102,10,-1,-1
652,199,765.78,347.80,18.07,39.26,0.6270,1,-1,-1
652,201,0.40,329.52,146.12,50.03,0.2323,4,-1,-1
652,202,426.84,447.82,27.78,65.59,0.4397,1,-1,-1
653,119,802.74,443.11,31.88,77.76,0.6775,1,-1,-1
653,145,795.42,341.35,14.26,32.36,0.4475,1,-1,-1
653,164,748.27,398.64,25.00,54.77,0.6540,1,-1,-1
653,175,1197.99,627.34,61.95,139.15,0.6379,2,-1,-1
653,191,96.50,458.46,37.27,81.51,0.6960,1,-1,-1
653,192,74.36,466.72,31.86,69.67,0.6343,1,-1,-1
653,183,1198.45,669.83,60.40,96.94,0.5068,10,-1,-1
653,199,766.33,348.32,17.85,38.87,0.5823,1,-1,-1
653,201,-0.04,327.98,148.34,50.82,0.3407,4,-1,-1
653,202,424.43,448.98,26.40,62.45,0.3757,1,-1,-1
654,119,804.92,442.60,31.75,76.96,0.6775,1,-1,-1
654,145,796.20,340.49,14.27,32.51,0.4407,1,-1,-1
654,164,749.23,398.04,25.40,55.49,0.6800,1,-1,-1
654,175,1202.29,629.08,56.49,125.56,0.6749,2,-1,-1
654,191,99.87,456.91,37.53,82.16,0.7146,1,-1,-1
654,192,77.56,466.46,30.75,67.69,0.5419,1,-1,-1
654,183,1199.07,668.26,61.13,98.27,0.4785,10,-1,-1
654,199,767.59,349.15,17.52,38.16,0.4610,1,-1,-1
654,202,424.46,449.60,25.58,60.43,0.3099,1,-1,-1
655,119,807.25,441.47,31.06,74.93,0.6800,1,-1,-1
655,145,798.27,341.41,14.11,32.29,0.5496,1,-1,-1
655,164,750.88,398.58,25.14,55.02,0.7225,1,-1,-1
655,175,1201.92,630.07,59.65,132.97,0.5889,2,-1,-1
655,191,105.31,456.92,36.85,80.24,0.7017,1,-1,-1
655,192,80.77,467.31,32.35,72.04,0.5506,1,-1,-1
655,183,1194.07,644.08,74.55,123.34,0.5718,1,-1,-1
655,199,770.31,350.80,16.87,36.77,0.4475,1,-1,-1
655,202,422.23,449.48,24.60,58.38,0.4523,1,-1,-1
656,119,809.98,441.37,31.20,75.23,0.6935,1,-1,-1
656,145,800.38,342.76,13.62,31.15,0.4523,1,-1,-1
656,164,753.19,398.28,25.00,54.75,0.7256,1,-1,-1
656,175,1203.47,630.39,60.56,135.19,0.7732,2,-1,-1
656,191,111.03,456.46,36.80,79.79,0.7042,1,-1,-1
656,192,85.80,467.60,32.98,73.65,0.6058,1,-1,-1
656,183,1195.34,637.98,76.30,129.26,0.3886,1,-1,-1
656,199,772.04,350.27,17.15,37.23,0.4591,1,-1,-1
656,202,422.53,448.48,27.48,64.49,0.7098,1,-1,-1
657,119,812.59,441.40,30.23,72.51,0.6732,1,-1,-1
657,164,755.50,398.38,24.74,54.30,0.6968,1,-1,-1
657,175,1205.92,631.27,60.70,135.57,0.6740,2,-1,-1
657,191,117.01,457.60,35.72,76.61,0.6610,1,-1,-1
657,192,90.42,467.72,32.17,70.90,0.4436,1,-1,-1
657,183,1197.79,635.29,76.28,132.11,0.3877,1,-1,-1
657,199,774.14,350.60,17.46,37.91,0.6160,1,-1,-1
657,202,421.83,446.78,30.41,70.43,0.6234,1,-1,-1
658,119,815.43,440.12,30.45,73.22,0.5727,1,-1,-1
658,164,758.11,399.23,24.29,53.63,0.5813,1,-1,-1
658,175,1208.21,631.73,60.95,136.41,0.5718,1,-1,-1
658,191,125.10,458.50,35.43,74.16,0.7098,1,-1,-1
658,192,96.33,468.94,32.97,72.14,0.3951,1,-1,-1
658,183,1200.31,632.19,76.65,136.01,0.5889,2,-1,-1
658,199,777.48,351.31,17.34,37.75,0.3831,1,-1,-1
658,202,420.13,446.42,29.01,66.57,0.1148,1,-1,-1
659,119,819.66,441.63,28.84,68.83,0.4727,1,-1,-1
659,164,761.21,400.26,23.89,53.15,0.6243,1,-1,-1
659,175,1210.60,631.26,61.27,137.22,0.7969,1,-1,-1
659,191,130.72,457.65,36.25,74.92,0.6645,1,-1,-1
659,192,101.73,468.43,33.54,72.24,0.2910,1,-1,-1
659,183,1203.89,630.15,76.01,138.25,0.3107,2,-1,-1
659,199,781.01,352.20,16.77,36.38,0.5137,1,-1,-1
659,202,419.66,446.61,33.10,74.61,0.3486,1,-1,-1
660,119,823.28,441.01,29.32,69.96,0.6522,1,-1,-1
660,164,763.95,401.13,23.83,53.45,0.5804,1,-1,-1
660,175,1214.62,631.84,61.01,137.27,0.5813,1,-1,-1
660,191,137.57,457.81,36.26,74.46,0.6610,1,-1,-1
660,192,109.17,469.04,33.80,71.12,0.4912,1,-1,-1
660,183,1207.84,630.17,74.39,138.06,0.5699,2,-1,-1
660,199,784.40,351.71,16.96,36.73,0.5651,1,-1,-1
660,202,420.30,447.18,33.07,72.09,0.3621,1,-1,-1
661,119,826.12,440.24,29.29,69.65,0.5936,1,-1,-1
661,164,767.04,401.36,23.77,53.62,0.6415,1,-1,-1
661,175,1218.27,632.38,60.71,137.14,0.5832,2,-1,-1
661,191,142.92,456.36,37.63,77.76,0.7017,1,-1,-1
661,192,114.56,469.00,34.90,73.01,0.6169,1,-1,-1
661,183,1218.05,629.81,61.63,113.30,0.6270,2,-1,-1
661,199,787.55,352.42,16.91,36.28,0.6215,1,-1,-1
661,202,420.14,446.45,34.63,73.58,0.6766,1,-1,-1
662,119,828.42,439.46,29.50,69.96,0.4854,1,-1,-1
662,164,770.46,401.71,23.49,53.46,0.4630,1,-1,-1
662,175,1226.25,658.08,50.98,111.96,0.5302,10,-1,-1
662,191,149.25,457.17,36.58,75.30,0.7098,1,-1,-1
662,192,122.56,467.75,35.01,73.61,0.5078,1,-1,-1
662,183,1223.23,630.08,58.51,107.67,0.6215,2,-1,-1
662,199,791.68,354.32,16.72,35.42,0.1290,1,-1,-1
662,202,415.54,446.73,32.41,69.80,0.5244,1,-1,-1
663,119,831.81,439.74,30.00,70.75,0.5458,1,-1,-1
663,164,773.78,402.53,23.18,52.98,0.6558,1,-1,-1
663,175,1231.83,670.39,46.54,99.28,0.5156,10,-1,-1
663,191,156.64,455.87,36.81,76.08,0.6740,1,-1,-1
663,192,130.02,467.72,32.79,68.56,0.4533,1,-1,-1
663,183,1223.49,630.28,63.74,119.37,0.6628,2,-1,-1
663,199,795.36,354.18,17.13,36.20,0.3998,1,-1,-1
663,202,415.28,447.97,31.06,67.31,0.2666,1,-1,-1
664,119,834.92,440.07,30.58,71.59,0.6343,1,-1,-1
664,164,776.47,402.67,23.19,52.96,0.6379,1,-1,-1
664,175,1234.44,669.10,47.84,100.15,0.5631,10,-1,-1
664,191,162.60,456.16,36.36,75.45,0.6984,1,-1,-1
664,192,136.37,465.88,34.86,73.72,0.4932,1,-1,-1
664,183,1229.48,630.74,57.39,106.51,0.6800,2,-1,-1
664,199,798.19,354.35,17.46,36.81,0.4746,1,-1,-1
664,202,415.58,449.82,31.57,68.24,0.1818,1,-1,-1
665,119,837.97,440.13,30.87,71.74,0.6307,1,-1,-1
665,164,779.00,400.94,23.87,54.60,0.7033,1,-1,-1
665,175,1231.92,645.20,58.83,124.42,0.7058,2,-1,-1
665,191,168.27,456.45,35.61,75.01,0.6809,1,-1,-1
665,192,145.09,466.29,32.06,68.50,0.4311,1,-1,-1
665,183,1234.00,631.23,55.47,102.84,0.5898,2,-1,-1
665,199,800.53,354.03,17.90,37.46,0.5273,1,-1,-1
665,202,416.84,449.69,25.94,55.50,0.1772,1,-1,-1
666,119,840.93,440.04,30.41,70.54,0.4600,1,-1,-1
666,164,781.78,401.39,23.72,54.11,0.6086,1,-1,-1
666,175,1235.02,647.91,57.97,122.13,0.5224,10,-1,-1
666,191,174.66,455.63,35.59,75.73,0.6817,1,-1,-1
666,192,153.51,465.26,29.42,61.91,0.4073,1,-1,-1
666,183,1231.63,632.02,66.32,125.56,0.7295,2,-1,-1
666,199,804.50,356.43,16.64,34.70,0.3567,1,-1,-1
666,202,414.49,448.68,26.88,57.26,0.4111,1,-1,-1
667,119,844.41,440.53,30.07,70.27,0.5244,1,-1,-1
667,164,784.42,402.42,23.44,53.55,0.6067,1,-1,-1
667,175,1235.46,637.36,62.70,133.25,0.5583,1,-1,-1
667,191,180.57,454.70,35.13,75.90,0.7241,1,-1,-1
667,192,159.88,466.22,27.17,56.83,0.5370,1,-1,-1
667,183,1233.29,631.30,68.99,133.19,0.4951,2,-1,-1
667,199,806.72,355.48,16.94,35.41,0.4417,1,-1,-1
667,202,411.86,446.59,26.52,55.31,0.1116,1,-1,-1
668,119,845.80,440.37,30.05,70.66,0.6680,1,-1,-1
668,164,786.10,402.67,23.38,53.53,0.6654,1,-1,-1
668,175,1237.23,634.07,64.07,137.26,0.5564,2,-1,-1
668,191,185.09,454.68,34.41,74.88,0.7753,1,-1,-1
668,192,164.90,465.25,27.50,57.04,0.4844,1,-1,-1
668,183,1234.34,632.19,70.01,137.33,0.4494,1,-1,-1
668,199,808.44,354.38,17.40,36.63,0.5917,1,-1,-1
668,202,411.33,446.08,24.29,50.25,0.1385,1,-1,-1
669,119,846.99,439.96,30.40,71.71,0.6469,1,-1,-1
669,164,787.35,402.09,23.75,54.22,0.7050,1,-1,-1
669,175,1239.06,633.04,64.28,138.62,0.6514,2,-1,-1
669,191,188.83,455.15,34.75,76.46,0.6522,1,-1,-1
669,192,168.78,464.40,30.79,63.43,0.4321,1,-1,-1
669,183,1242.32,632.13,58.41,112.31,0.5059,2,-1,-1
669,199,809.85,353.12,17.84,37.82,0.6379,1,-1,-1
669,202,408.74,444.90,25.71,53.24,0.1824,1,-1,-1
670,119,848.56,439.18,30.37,71.43,0.6628,1,-1,-1
670,164,788.22,401.68,24.04,54.91,0.6522,1,-1,-1
670,175,1240.66,632.81,64.11,139.03,0.5718,2,-1,-1
670,191,192.81,455.85,34.24,76.35,0.6901,1,-1,-1
670,192,171.79,465.51,30.97,64.17,0.3998,1,-1,-1
670,183,1246.16,632.41,54.31,102.70,0.3970,2,-1,-1
670,199,810.79,351.93,18.09,38.73,0.5898,1,-1,-1
670,202,408.90,444.45,21.05,41.67,0.1229,2,-1,-1
671,119,849.59,438.20,30.44,71.71,0.6901,1,-1,-1
671,164,788.62,400.21,24.53,56.48,0.6361,1,-1,-1
671,175,1241.88,632.70,63.93,139.31,0.5409,2,-1,-1
671,191,196.46,455.34,33.12,74.15,0.7082,1,-1,-1
671,192,175.85,465.77,30.48,63.15,0.5195,1,-1,-1
671,183,1240.53,632.98,66.15,127.21,0.3812,1,-1,-1
671,199,811.61,351.41,18.12,39.13,0.5898,1,-1,-1
671,202,404.27,445.27,24.06,47.55,0.1883,2,-1,-1
672,119,849.97,437.29,30.92,73.31,0.7033,1,-1,-1
672,164,788.82,399.43,24.88,57.76,0.6433,1,-1,-1
672,175,1243.11,632.66,63.61,139.11,0.5813,2,-1,-1
672,191,200.11,458.45,31.31,70.25,0.5651,1,-1,-1
672,192,178.92,466.60,29.37,60.76,0.5176,1,-1,-1
672,183,1240.42,635.59,68.04,132.50,0.2918,1,-1,-1
672,199,812.88,352.15,17.97,38.85,0.5727,1,-1,-1
673,119,850.96,436.89,31.00,73.98,0.6901,1,-1,-1
673,164,789.52,400.12,24.61,57.69,0.6749,1,-1,-1
673,175,1244.27,632.66,63.30,138.75,0.6188,2,-1,-1
673,191,203.78,463.71,28.41,63.68,0.6289,1,-1,-1
673,192,182.81,467.13,28.72,59.81,0.5784,1,-1,-1
673,183,1242.11,640.46,66.63,130.69,0.2736,1,-1,-1
673,199,813.97,351.91,18.25,39.56,0.5670,1,-1,-1
674,119,852.19,436.79,30.00,72.08,0.6732,1,-1,-1
674,164,790.05,400.76,24.16,57.09,0.6800,1,-1,-1
674,175,1245.43,633.02,62.75,137.83,0.6567,2,-1,-1
674,191,206.12,465.11,27.70,62.24,0.5088,1,-1,-1
674,192,185.95,467.52,30.44,63.73,0.3346,1,-1,-1
674,183,1245.11,649.81,62.39,122.11,0.2302,1,-1,-1
674,199,815.38,353.89,17.66,38.23,0.5390,1,-1,-1
674,210,28.35,504.52,85.83,56.84,0.6496,3,-1,-1
674,211,844.07,340.47,14.22,33.40,0.4668,1,-1,-1
675,119,853.47,437.17,28.99,69.99,0.6270,1,-1,-1
675,164,790.76,401.25,23.83,56.82,0.6766,1,-1,-1
675,175,1246.50,632.99,62.21,136.76,0.7009,2,-1,-1
675,191,207.49,464.96,27.42,61.44,0.5205,1,-1,-1
675,192,190.46,466.19,30.53,63.99,0.4795,1,-1,-1
675,183,1244.55,639.15,65.95,130.56,0.1999,1,-1,-1
675,199,816.37,354.49,17.64,38.10,0.5545,1,-1,-1
675,210,34.20,501.76,88.94,59.09,0.5927,3,-1,-1
675,211,844.90,338.37,14.64,34.39,0.4513,1,-1,-1
675,212,52.42,474.57,55.66,64.25,0.6234,2,-1,-1
676,119,854.12,437.33,28.94,69.97,0.6783,1,-1,-1
676,164,791.20,401.61,23.62,56.70,0.7364,1,-1,-1
676,175,1246.34,632.42,62.79,138.27,0.7106,1,-1,-1
676,191,206.40,466.57,28.20,62.63,0.3124,1,-1,-1
676,192,195.79,466.06,33.05,68.62,0.4523,1,-1,-1
676,183,1244.15,634.88,68.72,137.69,0.1082,2,-1,-1
676,199,816.78,353.61,18.03,39.08,0.5993,1,-1,-1
676,210,40.04,500.45,91.75,61.23,0.7578,3,-1,-1
676,211,844.74,336.49,15.76,37.12,0.4688,1,-1,-1
676,212,53.57,473.34,61.36,71.15,0.6834,2,-1,-1
677,119,854.64,437.30,29.13,70.23,0.6901,1,-1,-1
677,164,791.71,401.85,23.52,56.60,0.7454,1,-1,-1
677,175,1246.97,632.23,62.89,138.75,0.6077,1,-1,-1
677,192,199.22,465.71,34.28,70.93,0.6415,1,-1,-1
677,183,1245.21,634.16,67.97,137.46,0.5718,2,-1,-1
677,199,817.27,352.97,18.43,40.06,0.5351,1,-1,-1
677,210,48.42,500.06,91.85,61.60,0.8056,3,-1,-1
677,211,845.17,335.92,16.10,38.07,0.4932,1,-1,-1
677,212,59.66,472.77,64.03,74.69,0.6575,2,-1,-1
678,119,855.89,437.36,29.37,70.42,0.6968,1,-1,-1
678,164,792.07,402.06,23.71,57.07,0.7394,1,-1,-1
678,175,1248.69,633.23,61.92,136.64,0.7746,2,-1,-1
678,192,201.08,464.95,35.71,74.33,0.6800,1,-1,-1
678,183,1247.14,638.28,65.38,132.85,0.3961,1,-1,-1
678,199,818.15,352.61,18.47,40.30,0.5137,1,-1,-1
678,210,55.52,501.42,89.82,60.47,0.8056,3,-1,-1
678,211,846.18,337.32,15.43,36.62,0.5156,1,-1,-1
678,212,67.89,472.61,64.28,75.42,0.6732,2,-1,-1
678,215,380.50,449.32,27.06,55.73,0.5166,1,-1,-1
679,119,857.05,437.54,29.18,69.75,0.6935,1,-1,-1
679,164,792.72,402.22,23.78,57.29,0.7334,1,-1,-1
679,175,1249.83,633.72,61.54,135.65,0.7635,2,-1,-1
679,192,202.87,464.09,35.52,74.78,0.5765,1,-1,-1
679,183,1250.59,650.24,60.01,120.74,0.2473,1,-1,-1
679,199,818.90,353.08,18.05,39.44,0.5234,1,-1,-1
679,210,63.32,500.21,91.02,61.66,0.7773,3,-1,-1
679,211,847.04,337.96,15.26,36.31,0.5224,1,-1,-1
679,212,75.00,472.28,63.10,74.55,0.6918,2,-1,-1
679,215,378.60,448.63,28.48,58.68,0.5535,1,-1,-1
680,119,857.93,437.56,29.05,69.62,0.6868,1,-1,-1
680,164,793.30,402.33,23.85,57.62,0.7334,1,-1,-1
680,175,1251.07,633.91,61.62,135.71,0.7759,2,-1,-1
680,192,205.08,464.20,35.01,74.86,0.4494,1,-1,-1
680,183,1251.28,648.00,61.16,122.88,0.3513,1,-1,-1
680,199,818.90,351.46,18.72,41.24,0.6307,1,-1,-1
680,210,71.39,500.26,90.70,61.85,0.7122,3,-1,-1
680,211,847.75,337.72,15.35,36.75,0.5631,1,-1,-1
680,212,84.75,473.42,60.98,72.46,0.6715,2,-1,-1
680,215,376.28,447.86,30.88,63.47,0.5458,1,-1,-1
681,119,858.35,437.30,29.77,71.64,0.6740,1,-1,-1
681,164,793.72,402.40,23.89,57.87,0.6901,1,-1,-1
681,175,1251.89,634.01,61.82,135.95,0.7879,2,-1,-1
681,192,207.71,462.89,34.74,75.47,0.4795,1,-1,-1
681,183,1253.47,656.05,58.20,115.60,0.3803,10,-1,-1
681,199,819.06,349.93,19.39,43.10,0.6397,1,-1,-1
681,210,78.69,500.51,91.07,62.26,0.6370,3,-1,-1
681,211,848.23,336.92,15.57,37.53,0.5312,1,-1,-1
681,212,92.83,473.47,61.22,73.09,0.6951,2,-1,-1
681,215,372.22,447.38,31.67,64.97,0.5631,1,-1,-1
682,119,859.44,437.35,29.37,70.99,0.6680,1,-1,-1
682,164,794.30,402.89,23.81,57.80,0.6697,1,-1,-1
682,175,1252.74,634.17,61.88,135.80,0.7042,2,-1,-1
682,192,209.61,462.18,34.27,75.87,0.6067,1,-1,-1
682,183,1251.19,641.77,64.76,129.53,0.5351,1,-1,-1
682,199,819.72,349.91,19.37,43.36,0.6179,1,-1,-1
682,210,85.91,500.58,91.76,62.81,0.7746,3,-1,-1
682,211,848.87,336.26,15.74,38.24,0.5898,1,-1,-1
682,212,99.48,472.92,60.90,73.37,0.6800,2,-1,-1
682,215,367.22,447.83,31.16,64.23,0.4149,1,-1,-1
683,119,860.05,436.13,29.51,71.52,0.6800,1,-1,-1
683,164,794.65,402.82,24.11,58.74,0.6478,1,-1,-1
683,175,1253.91,634.42,61.92,135.62,0.7417,2,-1,-1
683,192,211.27,462.24,33.91,76.74,0.3251,1,-1,-1
683,183,1251.54,637.13,66.67,134.17,0.5351,1,-1,-1
683,199,820.89,349.02,19.58,44.30,0.6011,1,-1,-1
683,210,93.83,501.29,90.67,62.07,0.8105,3,-1,-1
683,211,848.92,332.99,16.99,41.50,0.5955,1,-1,-1
683,212,109.05,472.63,59.37,71.92,0.6575,2,-1,-1
683,215,364.56,447.99,29.84,61.70,0.1597,1,-1,-1
684,119,860.27,433.78,30.44,74.13,0.6918,1,-1,-1
684,164,795.17,402.53,24.20,59.16,0.6758,1,-1,-1
684,175,1254.53,634.58,62.16,135.91,0.7705,2,-1,-1
684,192,214.39,464.47,31.48,72.43,0.2682,1,-1,-1
684,183,1251.98,635.29,67.44,136.52,0.5273,1,-1,-1
684,199,821.95,352.11,18.51,42.02,0.5974,1,-1,-1
684,210,102.43,501.60,89.90,61.55,0.7853,3,-1,-1
684,211,849.71,332.83,16.94,41.38,0.5117,1,-1,-1
684,212,114.34,473.16,61.17,74.96,0.6469,2,-1,-1
684,215,359.77,448.56,31.08,64.58,0.4883,1,-1,-1
685,119,860.70,432.69,30.78,75.28,0.6834,1,-1,-1
685,164,795.88,402.75,23.90,58.67,0.6834,1,-1,-1
685,175,1254.91,634.64,62.15,135.72,0.8643,2,-1,-1
685,183,1253.35,639.26,65.45,132.60,0.3251,1,-1,-1
685,199,822.13,350.81,19.13,43.88,0.6030,1,-1,-1
685,210,109.43,502.36,89.54,61.35,0.8032,3,-1,-1
685,211,850.87,333.63,16.55,40.45,0.3961,1,-1,-1
685,212,122.33,473.36,62.08,76.67,0.6142,2,-1,-1
685,215,355.73,451.19,31.14,64.99,0.6610,1,-1,-1
685,218,572.45,453.15,28.04,72.90,0.4941,1,-1,-1
686,119,861.29,432.20,31.45,77.58,0.6663,1,-1,-1
686,164,796.79,403.42,23.28,57.37,0.6817,1,-1,-1
686,175,1255.27,634.88,62.01,135.36,0.8300,2,-1,-1
686,183,1256.75,654.39,58.86,117.35,0.1919,1,-1,-1
686,199,823.49,352.72,18.45,42.19,0.6105,1,-1,-1
686,210,116.43,502.23,90.22,61.79,0.7535,3,-1,-1
686,211,852.39,336.99,15.24,37.07,0.3998,1,-1,-1
686,212,131.62,474.54,60.36,75.08,0.6610,2,-1,-1
686,215,352.74,451.07,30.60,64.62,0.6868,1,-1,-1
686,218,572.24,453.32,28.05,72.95,0.3933,1,-1,-1
687,119,861.17,430.88,32.58,80.89,0.6689,1,-1,-1
687,164,797.54,403.53,23.08,57.32,0.6868,1,-1,-1
687,175,1255.37,635.04,62.24,135.77,0.8578,2,-1,-1
687,183,1257.98,660.79,56.65,111.20,0.3433,10,-1,-1
687,199,824.30,352.91,18.37,42.24,0.6252,1,-1,-1
687,210,126.68,503.88,87.85,59.95,0.7535,3,-1,-1
687,211,853.72,339.30,14.34,34.77,0.4140,1,-1,-1
687,212,137.27,474.52,62.49,79.08,0.6610,2,-1,-1
687,215,350.58,449.63,29.78,63.79,0.4600,1,-1,-1
687,218,572.42,457.02,26.82,69.57,0.2408,1,-1,-1
687,219,789.72,315.52,68.78,33.84,0.4737,4,-1,-1
688,119,861.71,430.51,32.75,81.97,0.6843,1,-1,-1
688,164,798.19,403.68,22.94,57.43,0.6984,1,-1,-1
688,175,1255.27,634.22,63.01,137.17,0.6689,1,-1,-1
688,183,1254.34,643.80,64.87,128.49,0.5832,2,-1,-1
688,199,824.80,353.16,18.45,42.67,0.6160,1,-1,-1
688,210,133.15,502.08,91.04,61.95,0.8105,3,-1,-1
688,211,854.63,340.14,13.77,33.29,0.4273,1,-1,-1
688,212,143.43,474.71,65.47,84.24,0.6697,2,-1,-1
688,215,347.82,449.28,29.15,63.11,0.5879,1,-1,-1
688,218,574.64,470.47,22.39,57.36,0.2583,1,-1,-1
688,219,790.86,315.24,67.79,33.40,0.3513,4,-1,-1
689,119,861.88,430.60,32.92,82.98,0.6723,1,-1,-1
689,164,798.72,404.12,22.74,57.31,0.6749,1,-1,-1
689,175,1255.39,633.98,63.23,137.45,0.6637,1,-1,-1
689,183,1253.47,638.18,67.16,134.16,0.6792,2,-1,-1
689,199,825.41,353.18,18.63,43.30,0.6011,1,-1,-1
689,210,140.43,502.00,92.25,62.56,0.7295,3,-1,-1
689,211,855.49,338.94,14.09,34.16,0.4092,1,-1,-1
689,212,152.99,474.51,63.52,82.38,0.6800,2,-1,-1
689,215,345.92,449.61,26.70,58.08,0.5860,1,-1,-1
689,218,575.17,470.63,22.64,57.40,0.2386,1,-1,-1
689,219,788.79,315.07,74.89,37.11,0.2568,4,-1,-1
690,119,862.19,429.93,33.04,83.55,0.6442,1,-1,-1
690,164,798.44,403.81,23.11,58.65,0.6370,1,-1,-1
690,175,1255.86,634.87,63.09,137.13,0.6775,2,-1,-1
690,183,1253.52,635.44,68.10,136.86,0.6976,1,-1,-1
690,199,826.56,354.77,18.14,42.36,0.5898,1,-1,-1
690,210,150.40,501.50,92.98,62.70,0.7491,3,-1,-1
690,211,855.57,334.79,15.78,38.62,0.3831,1,-1,-1
690,212,161.52,474.34,59.67,78.28,0.6289,2,-1,-1
690,215,343.01,448.39,28.30,61.50,0.5727,1,-1,-1
690,218,571.66,462.63,26.06,65.28,0.4815,1,-1,-1
690,219,788.38,315.26,76.59,38.28,0.2282,4,-1,-1
691,119,862.58,429.66,32.86,82.72,0.6261,1,-1,-1
691,164,798.45,403.08,23.48,59.77,0.6460,1,-1,-1
691,175,1256.57,634.70,63.74,138.40,0.7592,1,-1,-1
691,183,1254.57,634.53,69.30,140.79,0.1871,2,-1,-1
691,199,827.66,357.66,17.27,39.84,0.5974,1,-1,-1
691,210,159.36,502.28,91.82,61.43,0.6058,3,-1,-1
691,211,855.22,328.69,17.94,44.40,0.3989,1,-1,-1
691,212,169.65,472.90,60.25,79.95,0.6160,2,-1,-1
691,218,568.88,461.23,27.08,65.86,0.2942,1,-1,-1
691,219,786.41,315.88,78.27,39.57,0.1009,4,-1,-1
692,119,863.29,430.41,32.89,82.33,0.6602,1,-1,-1
692,164,798.93,402.79,23.50,59.78,0.6663,1,-1,-1
692,175,1257.42,634.45,63.98,138.78,0.7090,1,-1,-1
692,183,1255.91,634.62,68.27,139.63,0.5583,2,-1,-1
692,199,828.15,357.06,17.52,40.43,0.5842,1,-1,-1
692,210,166.73,504.34,89.35,59.50,0.4254,3,-1,-1
692,211,856.00,328.63,17.60,43.88,0.4111,1,-1,-1
692,212,177.78,473.09,58.75,79.08,0.5516,2,-1,-1
692,218,567.86,459.53,28.51,67.65,0.4834,1,-1,-1
693,119,864.41,431.20,32.85,81.63,0.6758,1,-1,-1
693,164,799.53,403.19,23.25,59.22,0.6766,1,-1,-1
693,175,1259.48,635.49,63.20,136.98,0.7491,2,-1,-1
693,183,1261.97,658.62,57.74,114.69,0.4359,10,-1,-1
693,199,828.74,355.62,17.88,41.35,0.5898,1,-1,-1
693,210,175.20,506.65,86.21,57.17,0.3998,3,-1,-1
693,211,857.55,331.68,16.54,41.04,0.4542,1,-1,-1
693,212,189.96,473.81,53.30,71.45,0.3711,2,-1,-1
693,218,565.98,458.06,29.84,69.40,0.5332,1,-1,-1
694,119,865.40,431.86,32.78,80.66,0.6619,1,-1,-1
694,164,799.85,403.89,23.14,58.77,0.6885,1,-1,-1
694,175,1260.40,635.92,63.16,136.87,0.8233,2,-1,-1
694,183,1261.04,653.31,60.51,119.91,0.2408,1,-1,-1
694,199,829.41,355.44,17.90,41.44,0.5765,1,-1,-1
694,210,180.36,505.82,86.13,57.91,0.6095,3,-1,-1
694,211,858.96,332.71,16.29,40.57,0.4649,1,-1,-1
694,212,197.01,473.78,52.82,71.21,0.4824,2,-1,-1
694,218,563.49,457.44,30.18,69.48,0.5293,1,-1,-1
695,119,866.03,432.49,32.57,79.83,0.6706,1,-1,-1
695,164,800.38,405.08,22.81,57.94,0.7033,1,-1,-1
695,175,1261.34,636.26,62.96,136.33,0.8141,2,-1,-1
695,183,1260.70,648.50,62.70,124.39,0.2790,1,-1,-1
695,199,830.46,356.32,17.40,40.27,0.4990,1,-1,-1
695,210,183.01,497.86,94.42,64.82,0.1399,3,-1,-1
695,211,860.39,334.75,15.34,38.23,0.4766,1,-1,-1
695,212,201.88,474.76,56.53,77.90,0.1530,2,-1,-1
695,218,562.40,457.17,30.31,69.07,0.4571,1,-1,-1
696,119,866.66,432.85,32.42,78.96,0.6424,1,-1,-1
696,164,801.20,405.95,22.48,57.30,0.6885,1,-1,-1
696,175,1261.05,635.75,63.52,137.32,0.7387,1,-1,-1
696,183,1258.86,639.79,67.85,136.13,0.2012,2,-1,-1
696,199,831.03,355.75,17.62,40.91,0.5593,1,-1,-1
696,211,861.33,334.54,15.07,37.56,0.4766,1,-1,-1
696,218,559.14,457.09,29.39,67.55,0.1865,1,-1,-1
697,119,868.37,432.57,31.01,75.66,0.6252,1,-1,-1
697,164,801.99,406.73,22.05,56.44,0.6715,1,-1,-1
697,175,1261.58,636.21,63.49,137.23,0.6095,1,-1,-1
697,183,1259.83,637.50,67.73,136.69,0.5332,2,-1,-1
697,199,832.47,357.84,16.90,39.20,0.5974,1,-1,-1
697,211,862.47,333.76,15.61,38.71,0.4340,1,-1,-1
697,218,557.43,456.76,28.14,65.80,0.2451,1,-1,-1
698,119,870.27,432.34,28.84,70.12,0.6610,1,-1,-1
698,164,802.40,407.07,21.95,56.15,0.7241,1,-1,-1
698,175,1262.57,636.73,63.37,136.70,0.5273,2,-1,-1
698,183,1259.60,635.95,68.15,138.23,0.5506,1,-1,-1
698,199,833.36,357.27,17.37,40.27,0.6179,1,-1,-1
698,211,863.08,332.07,16.40,40.68,0.4168,1,-1,-1
699,119,871.41,431.87,28.91,70.14,0.6715,1,-1,-1
699,164,802.41,406.73,22.22,56.66,0.7082,1,-1,-1
699,175,1263.79,637.22,63.05,135.96,0.5195,2,-1,-1
699,183,1260.92,635.77,67.48,137.82,0.3621,1,-1,-1
699,199,833.87,356.71,17.55,40.82,0.6105,1,-1,-1
699,211,864.62,332.07,16.04,40.17,0.2999,1,-1,-1
700,119,872.56,430.55,28.93,70.04,0.6645,1,-1,-1
700,164,802.15,406.44,22.71,57.73,0.6749,1,-1,-1
700,175,1264.77,637.39,62.94,135.70,0.6225,2,-1,-1
700,183,1268.10,664.19,55.42,109.49,0.4746,10,-1,-1
700,199,834.51,355.71,18.09,42.27,0.6680,1,-1,-1
700,211,866.55,335.19,14.76,36.99,0.1871,1,-1,-1
701,119,873.34,428.80,29.17,70.74,0.6817,1,-1,-1
701,164,802.28,406.24,23.11,58.45,0.7050,1,-1,-1
701,175,1265.57,637.57,62.81,135.41,0.6406,2,-1,-1
701,183,1271.45,677.36,50.31,96.34,0.4542,10,-1,-1
701,199,835.32,355.57,18.33,42.98,0.6663,1,-1,-1
701,211,867.81,336.23,14.35,35.97,0.3200,1,-1,-1
701,218,554.15,457.23,28.35,68.10,0.4513,1,-1,-1
702,119,874.72,428.14,28.21,68.53,0.6593,1,-1,-1
702,164,803.48,406.78,22.86,57.50,0.6469,1,-1,-1
702,175,1266.22,637.58,62.78,135.35,0.6261,2,-1,-1
702,183,1272.65,680.22,50.19,93.80,0.3970,10,-1,-1
702,199,836.28,355.74,18.44,43.28,0.6451,1,-1,-1
702,211,868.71,337.39,13.93,34.89,0.3016,1,-1,-1
702,218,554.02,458.01,27.70,67.60,0.5564,1,-1,-1
703,119,875.01,428.48,28.31,69.00,0.7130,1,-1,-1
703,164,804.68,407.22,22.69,56.98,0.6732,1,-1,-1
703,175,1266.82,637.77,62.73,135.09,0.6114,2,-1,-1
703,183,1272.47,679.18,51.75,94.71,0.4073,10,-1,-1
703,199,837.19,356.07,18.48,43.38,0.6160,1,-1,-1
703,211,869.47,336.52,14.41,36.16,0.3132,1,-1,-1
703,218,553.40,457.75,27.77,68.02,0.6809,1,-1,-1
704,119,875.38,428.39,28.69,70.02,0.7272,1,-1,-1
704,164,805.82,407.54,22.49,56.51,0.6663,1,-1,-1
704,175,1267.96,637.46,62.14,133.56,0.6628,2,-1,-1
704,183,1273.27,681.22,51.72,92.31,0.5727,10,-1,-1
704,199,838.03,356.82,18.38,43.05,0.6415,1,-1,-1
704,211,870.24,337.49,14.10,35.26,0.2444,1,-1,-1
704,218,553.33,458.56,27.75,67.56,0.5908,1,-1,-1
705,119,876.25,428.54,28.67,70.12,0.6885,1,-1,-1
705,164,806.21,407.81,22.50,56.43,0.6766,1,-1,-1
705,175,1269.52,637.58,61.52,131.69,0.6697,2,-1,-1
705,183,1273.93,681.80,52.40,91.39,0.6049,10,-1,-1
705,199,839.15,357.39,18.23,42.62,0.6270,1,-1,-1
705,211,871.31,339.56,13.62,33.90,0.2234,1,-1,-1
705,218,552.55,458.65,28.54,68.22,0.5765,1,-1,-1
706,119,877.55,428.84,27.82,68.13,0.6289,1,-1,-1
706,164,805.19,408.05,23.02,57.24,0.6540,1,-1,-1
706,175,1271.19,637.88,60.56,128.71,0.6951,2,-1,-1
706,183,1274.15,681.33,53.55,91.53,0.6105,10,-1,-1
706,199,840.56,358.31,17.85,41.66,0.6179,1,-1,-1
706,211,872.47,340.76,13.15,32.61,0.4446,1,-1,-1
706,218,552.04,458.42,29.29,68.81,0.5302,1,-1,-1
707,119,878.61,428.88,27.58,67.46,0.5898,1,-1,-1
707,164,805.91,408.99,22.72,56.05,0.6451,1,-1,-1
707,175,1272.09,638.01,60.95,128.94,0.6951,2,-1,-1
707,183,1274.32,681.15,54.76,91.86,0.5390,10,-1,-1
707,199,841.80,358.32,17.72,41.39,0.4863,1,-1,-1
707,211,873.12,341.51,12.70,31.52,0.4659,1,-1,-1
707,218,550.60,457.32,30.82,71.02,0.5506,1,-1,-1
708,119,879.96,429.23,27.32,67.10,0.6160,1,-1,-1
708,164,806.11,409.01,22.90,56.01,0.6361,1,-1,-1
708,175,1272.21,637.93,61.91,130.67,0.6715,2,-1,-1
708,183,1274.18,680.92,56.20,92.71,0.4717,10,-1,-1
708,199,843.00,358.11,17.78,41.69,0.5545,1,-1,-1
708,211,874.66,341.92,12.64,31.29,0.2220,1,-1,-1
708,218,548.10,455.20,32.45,73.40,0.5010,1,-1,-1
709,119,881.65,429.88,26.63,65.53,0.6215,1,-1,-1
709,164,806.28,408.96,23.31,56.74,0.6105,1,-1,-1
709,175,1272.97,638.98,62.38,131.18,0.7249,2,-1,-1
709,183,1275.00,680.28,57.09,92.70,0.3989,10,-1,-1
709,199,843.87,357.48,18.16,42.77,0.5679,1,-1,-1
709,211,875.90,341.07,13.04,31.98,0.2268,1,-1,-1
709,218,547.62,457.54,31.64,70.32,0.5467,1,-1,-1
710,119,883.16,428.69,26.54,65.41,0.6361,1,-1,-1
710,164,806.44,408.66,23.83,58.00,0.6361,1,-1,-1
710,175,1274.09,639.41,62.51,130.92,0.7786,2,-1,-1
710,183,1275.77,680.77,57.78,92.35,0.3090,10,-1,-1
710,199,844.96,359.12,17.61,41.53,0.6030,1,-1,-1
710,211,877.39,340.91,12.75,31.41,0.1818,1,-1,-1
710,218,545.80,457.80,31.94,70.36,0.5765,1,-1,-1
710,215,287.64,449.43,27.09,60.55,0.4600,1,-1,-1
711,119,884.49,427.48,26.42,64.92,0.6215,1,-1,-1
711,164,807.48,409.32,23.56,57.38,0.5823,1,-1,-1
711,175,1274.92,639.75,63.02,131.52,0.7800,2,-1,-1
711,183,1276.48,680.44,58.84,92.99,0.4746,10,-1,-1
711,199,845.94,359.43,17.46,41.19,0.6067,1,-1,-1
711,211,878.56,341.12,12.84,31.47,0.1711,1,-1,-1
711,218,545.45,457.55,32.26,70.92,0.6602,1,-1,-1
711,215,284.10,448.50,28.64,64.42,0.5361,1,-1,-1
712,119,885.88,426.61,26.92,65.97,0.7194,1,-1,-1
712,164,808.09,408.64,24.03,58.50,0.4990,1,-1,-1
712,175,1276.48,638.66,62.44,129.68,0.6834,2,-1,-1
712,183,1277.32,680.19,59.85,93.58,0.5679,10,-1,-1
712,199,846.65,358.96,17.67,41.84,0.6179,1,-1,-1
712,211,879.71,340.77,12.88,31.73,0.2234,1,-1,-1
712,218,544.26,456.90,32.15,71.65,0.6132,1,-1,-1
712,215,281.65,448.34,29.38,65.80,0.3032,1,-1,-1
712,223,316.35,463.18,35.62,67.81,0.5390,1,-1,-1
713,119,887.36,426.10,26.67,64.98,0.6663,1,-1,-1
713,164,808.87,407.94,24.01,58.43,0.5879,1,-1,-1
713,175,1277.11,639.93,63.62,131.84,0.8355,2,-1,-1
713,183,1278.49,680.16,60.48,93.71,0.6270,10,-1,-1
713,199,847.82,359.18,17.47,41.51,0.5631,1,-1,-1
713,211,881.19,342.14,12.10,29.85,0.1348,1,-1,-1
713,218,543.54,456.75,31.31,71.05,0.6316,1,-1,-1
713,215,280.03,447.13,29.51,65.42,0.2268,1,-1,-1
713,223,319.61,462.96,31.25,59.55,0.3469,1,-1,-1
714,119,887.79,426.05,28.17,68.64,0.6522,1,-1,-1
714,164,809.40,407.57,24.09,58.74,0.4932,1,-1,-1
714,175,1278.37,640.43,64.13,132.31,0.8032,2,-1,-1
714,183,1279.70,679.56,61.42,94.20,0.5341,10,-1,-1
714,199,849.61,359.66,17.25,40.97,0.4883,1,-1,-1
714,211,881.77,340.83,12.58,30.98,0.1307,1,-1,-1
714,218,543.19,455.92,31.04,71.63,0.6637,1,-1,-1
714,223,321.28,462.26,36.21,69.18,0.5496,1,-1,-1
715,119,886.95,425.71,30.34,74.12,0.6976,1,-1,-1
715,164,810.46,407.73,23.60,57.45,0.5458,1,-1,-1
715,175,1279.03,640.52,64.84,132.95,0.8333,2,-1,-1
715,183,1277.62,669.86,67.46,103.68,0.4562,10,-1,-1
715,199,850.81,359.54,17.55,41.58,0.5746,1,-1,-1
715,211,882.65,341.57,12.70,30.98,0.3277,1,-1,-1
715,218,543.58,456.07,30.16,71.07,0.6740,1,-1,-1
715,223,323.65,463.15,36.37,69.86,0.5020,1,-1,-1
716,119,887.45,425.71,31.00,75.47,0.6893,1,-1,-1
716,164,811.17,406.83,24.00,58.46,0.6179,1,-1,-1
716,175,1280.08,640.59,65.73,133.83,0.7578,2,-1,-1
716,183,1273.38,650.68,78.85,123.45,0.5293,1,-1,-1
716,199,851.67,359.02,17.87,42.36,0.6433,1,-1,-1
716,211,883.70,340.35,13.41,32.56,0.4292,1,-1,-1
716,218,543.89,455.99,29.92,71.36,0.6766,1,-1,-1
716,223,326.57,463.30,35.39,68.48,0.4815,1,-1,-1
717,119,888.54,426.33,31.07,74.86,0.6549,1,-1,-1
717,164,811.84,406.26,24.50,60.09,0.6868,1,-1,-1
717,175,1281.36,641.10,66.37,134.07,0.7931,1,-1,-1
717,199,853.04,359.76,17.67,42.06,0.5670,1,-1,-1
717,211,885.28,341.54,12.75,30.94,0.4045,1,-1,-1
717,218,544.37,456.24,28.19,67.86,0.6593,1,-1,-1
717,223,329.05,463.11,35.33,69.00,0.4083,1,-1,-1
717,226,404.03,471.22,50.98,70.08,0.5746,2,-1,-1
718,119,890.79,426.90,30.13,71.48,0.5525,1,-1,-1
718,164,812.40,405.42,25.12,62.11,0.6868,1,-1,-1
718,175,1282.64,641.35,66.85,133.78,0.7202,1,-1,-1
718,199,854.31,359.06,17.53,42.06,0.4552,1,-1,-1
718,211,886.70,341.54,12.54,30.44,0.1848,1,-1,-1
718,218,543.69,456.86,28.79,69.41,0.6792,1,-1,-1
718,223,331.58,463.23,34.90,68.93,0.4475,1,-1,-1
718,226,411.20,470.31,52.05,71.61,0.6451,2,-1,-1
718,210,399.51,497.26,91.02,59.50,0.6792,3,-1,-1
719,119,893.16,426.92,28.92,67.89,0.6307,1,-1,-1
719,164,813.71,406.88,24.47,60.55,0.7033,1,-1,-1
719,175,1284.08,642.02,67.29,133.91,0.5660,2,-1,-1
719,199,855.52,359.49,17.47,42.22,0.6105,1,-1,-1
719,211,887.42,338.32,13.32,32.46,0.3242,1,-1,-1
719,218,542.88,457.41,28.93,69.82,0.6114,1,-1,-1
719,226,420.63,469.88,48.73,67.14,0.5879,2,-1,-1
719,210,403.70,495.94,95.03,59.38,0.5603,3,-1,-1
719,183,1275.53,642.23,83.46,133.17,0.5564,1,-1,-1
720,119,894.60,426.61,29.41,68.99,0.6628,1,-1,-1
720,164,814.52,407.95,24.11,59.61,0.6918,1,-1,-1
720,175,1285.47,641.83,68.04,134.70,0.6442,1,-1,-1
720,199,856.88,359.45,17.83,43.31,0.6252,1,-1,-1
720,211,887.71,334.95,14.76,36.19,0.3831,1,-1,-1
720,218,542.36,458.14,28.70,69.00,0.6243,1,-1,-1
720,226,429.81,469.74,49.37,68.21,0.3886,2,-1,-1
720,210,418.05,497.97,92.35,56.99,0.3469,3,-1,-1
720,183,1276.57,639.39,85.06,139.03,0.1645,2,-1,-1
721,119,895.98,426.74,28.98,67.98,0.6851,1,-1,-1
721,164,815.80,408.89,23.30,57.44,0.6749,1,-1,-1
721,175,1286.98,642.40,68.59,135.09,0.8289,1,-1,-1
721,199,858.28,358.77,17.89,43.80,0.6160,1,-1,-1
721,211,888.39,332.51,15.64,38.80,0.4168,1,-1,-1
721,218,541.53,457.97,25.41,60.72,0.4552,1,-1,-1
721,226,439.89,471.72,48.15,67.12,0.3166,2,-1,-1
721,210,428.27,498.64,90.17,54.75,0.4727,3,-1,-1
722,119,896.63,426.47,29.55,69.14,0.7210,1,-1,-1
722,164,816.91,408.48,23.02,56.80,0.6575,1,-1,-1
722,175,1289.20,643.62,68.07,133.40,0.4824,2,-1,-1
722,199,859.26,359.24,17.62,43.50,0.6067,1,-1,-1
722,211,888.72,331.23,15.81,39.33,0.2546,1,-1,-1
722,218,541.46,458.00,21.93,51.59,0.3390,1,-1,-1
722,210,438.85,498.79,88.28,53.49,0.1551,3,-1,-1
723,119,897.58,426.26,29.77,69.47,0.7114,1,-1,-1
723,164,818.30,409.07,22.56,55.83,0.6505,1,-1,-1
723,175,1290.67,644.29,68.57,134.21,0.5332,1,-1,-1
723,199,860.23,359.07,17.64,43.93,0.6067,1,-1,-1
723,211,889.89,329.99,16.30,40.89,0.2154,1,-1,-1
723,218,541.30,458.13,20.17,46.54,0.3234,1,-1,-1
723,210,450.41,500.54,87.16,51.69,0.1056,3,-1,-1
724,119,897.78,425.88,30.82,72.15,0.6935,1,-1,-1
724,164,818.72,408.44,22.97,57.08,0.6645,1,-1,-1
724,175,1293.09,644.25,69.07,134.89,0.6151,1,-1,-1
724,199,861.43,358.92,17.91,44.93,0.6030,1,-1,-1
724,211,892.73,332.05,15.48,39.12,0.2942,1,-1,-1
724,218,538.63,457.90,24.48,56.67,0.3914,1,-1,-1
724,210,457.92,501.69,86.82,50.56,0.1093,3,-1,-1
725,119,898.32,425.66,30.74,72.03,0.6851,1,-1,-1
725,164,819.36,408.40,22.99,57.16,0.6732,1,-1,-1
725,175,1295.02,644.07,69.32,135.14,0.4980,1,-1,-1
725,199,862.58,358.80,18.29,46.05,0.6086,1,-1,-1
725,211,893.81,334.64,14.99,37.64,0.3251,1,-1,-1
725,218,538.31,457.73,24.43,57.03,0.4225,1,-1,-1
725,210,464.18,501.31,89.39,51.84,0.1059,10,-1,-1
725,227,378.41,451.02,28.46,78.51,0.6215,1,-1,-1
725,215,257.05,444.89,28.28,65.81,0.4581,1,-1,-1
726,119,899.02,425.24,30.24,70.83,0.6800,1,-1,-1
726,164,820.22,408.06,23.13,57.61,0.6775,1,-1,-1
726,175,1296.78,644.54,69.55,135.07,0.5312,1,-1,-1
726,199,863.38,358.07,18.39,46.58,0.5593,1,-1,-1
726,211,895.17,335.81,14.77,37.08,0.3311,1,-1,-1
726,218,537.10,457.88,25.37,59.76,0.3478,1,-1,-1
726,210,470.63,494.92,99.38,58.09,0.6169,3,-1,-1
726,227,379.50,450.97,28.24,77.88,0.6011,1,-1,-1
726,215,254.86,443.45,29.10,68.78,0.4893,1,-1,-1
726,183,1291.90,643.46,80.32,133.94,0.5351,2,-1,-1
727,119,899.78,425.08,30.53,71.57,0.7050,1,-1,-1
727,164,820.47,407.44,23.41,58.49,0.6775,1,-1,-1
727,175,1299.57,644.71,69.16,134.02,0.8129,2,-1,-1
727,199,864.69,358.72,18.56,47.19,0.5823,1,-1,-1
727,211,896.32,336.72,14.38,36.03,0.3868,1,-1,-1
727,218,535.73,458.18,25.68,60.86,0.2659,1,-1,-1
727,210,475.25,489.05,106.55,63.46,0.5429,3,-1,-1
727,227,382.33,452.20,26.38,72.58,0.5448,1,-1,-1
727,215,252.19,443.49,29.44,69.16,0.5974,1,-1,-1
727,183,1298.30,663.13,70.73,115.66,0.1321,10,-1,-1
727,226,491.06,465.44,51.07,72.05,0.4581,2,-1,-1
728,119,901.46,424.63,30.22,70.89,0.6522,1,-1,-1
728,164,820.44,407.26,23.85,59.75,0.7074,1,-1,-1
728,175,1302.09,644.76,69.87,134.70,0.6654,1,-1,-1
728,199,866.00,358.90,18.56,47.66,0.5593,1,-1,-1
728,211,896.99,334.66,15.14,37.95,0.4639,1,-1,-1
728,218,530.34,457.45,29.42,68.98,0.6049,2,-1,-1
728,210,485.60,487.29,103.78,62.59,0.6567,3,-1,-1
728,227,384.11,450.66,29.04,79.85,0.5293,1,-1,-1
728,215,250.22,443.50,30.10,69.91,0.5879,1,-1,-1
728,183,1298.76,650.69,77.09,127.75,0.5603,2,-1,-1
728,226,506.19,461.35,52.89,75.67,0.5322,2,-1,-1
729,119,903.15,423.97,30.72,72.66,0.6415,1,-1,-1
729,164,820.46,405.97,24.65,61.93,0.7074,1,-1,-1
729,175,1304.10,645.07,70.41,135.05,0.7732,1,-1,-1
729,199,866.96,358.65,18.69,48.41,0.6086,1,-1,-1
729,211,897.56,330.50,16.47,41.53,0.4045,1,-1,-1
729,218,529.13,457.26,29.60,68.05,0.3074,2,-1,-1
729,210,496.71,487.73,100.03,60.76,0.6531,3,-1,-1
729,227,387.69,453.39,28.73,78.57,0.3785,1,-1,-1
729,215,249.24,443.79,30.07,70.08,0.5936,1,-1,-1
729,226,515.59,458.19,54.15,79.45,0.6851,2,-1,-1
730,119,904.99,424.01,29.77,70.63,0.6505,1,-1,-1
730,164,820.88,405.39,25.00,63.04,0.6926,1,-1,-1
730,175,1307.22,645.41,70.44,134.64,0.7356,2,-1,-1
730,199,868.02,359.39,18.54,48.11,0.6049,1,-1,-1
730,211,899.63,331.45,16.00,40.55,0.2814,1,-1,-1
730,218,529.06,457.40,29.72,65.91,0.2214,2,-1,-1
730,210,504.17,485.30,102.85,63.24,0.7186,3,-1,-1
730,227,390.56,452.31,29.83,80.91,0.4378,1,-1,-1
730,215,248.02,445.17,29.09,68.39,0.6289,1,-1,-1
730,226,521.40,457.19,55.68,82.50,0.6433,2,-1,-1
731,119,906.77,424.35,29.12,69.23,0.6433,1,-1,-1
731,164,821.75,406.00,24.90,62.99,0.6926,1,-1,-1
731,175,1309.52,645.41,71.03,135.84,0.7606,2,-1,-1
731,199,868.92,359.22,18.70,48.67,0.6270,1,-1,-1
731,211,901.79,333.67,15.01,38.23,0.2967,1,-1,-1
731,218,532.92,457.55,29.92,64.85,0.2180,2,-1,-1
731,210,514.67,485.88,100.47,62.08,0.7058,3,-1,-1
731,227,394.66,454.43,29.18,77.20,0.4523,1,-1,-1
731,215,247.24,445.43,28.94,68.16,0.6505,1,-1,-1
731,226,528.06,456.99,55.19,83.03,0.5993,2,-1,-1
732,119,909.22,424.33,27.94,66.46,0.6397,1,-1,-1
732,164,822.53,406.86,25.00,63.17,0.6943,1,-1,-1
732,175,1311.95,646.40,70.06,133.62,0.6151,2,-1,-1
732,199,870.45,359.34,18.67,48.77,0.6379,1,-1,-1
732,211,904.22,337.04,13.90,35.58,0.2598,1,-1,-1
732,218,536.24,457.58,30.71,65.54,0.1148,2,-1,-1
732,210,524.52,484.36,97.43,60.52,0.7663,3,-1,-1
732,227,397.91,454.56,29.76,76.75,0.6160,1,-1,-1
732,215,247.06,444.94,29.16,67.98,0.6105,1,-1,-1
732,226,534.85,457.65,51.80,78.56,0.5727,2,-1,-1
732,229,1309.60,681.32,72.75,99.34,0.5322,10,-1,-1
733,119,910.97,423.22,27.86,65.96,0.5535,1,-1,-1
733,164,823.41,408.23,24.56,61.57,0.6567,1,-1,-1
733,175,1314.36,646.97,69.94,132.88,0.6602,2,-1,-1
733,199,872.42,360.34,18.75,48.93,0.5689,1,-1,-1
733,211,905.21,335.85,14.19,36.50,0.2018,1,-1,-1
733,218,535.71,458.05,29.01,61.59,0.2999,2,-1,-1
733,210,534.58,485.54,92.88,57.63,0.6584,3,-1,-1
733,227,402.21,452.59,31.89,79.55,0.6792,1,-1,-1
733,215,246.55,445.32,29.51,67.63,0.6968,1,-1,-1
733,226,548.31,459.75,49.68,76.88,0.4111,2,-1,-1
733,229,1312.06,681.51,73.09,99.86,0.3711,10,-1,-1
734,119,912.63,423.27,27.83,65.69,0.6809,1,-1,-1
734,164,824.59,409.43,24.14,60.12,0.5746,1,-1,-1
734,175,1316.99,647.37,69.79,132.15,0.6039,2,-1,-1
734,199,874.09,360.32,18.82,49.19,0.5860,1,-1,-1
734,211,906.91,335.76,14.32,36.82,0.4301,1,-1,-1
734,218,534.53,458.39,28.93,61.55,0.5860,1,-1,-1
734,210,542.67,490.84,89.13,54.57,0.1883,10,-1,-1
734,227,407.54,451.03,33.57,81.09,0.7249,1,-1,-1
734,215,245.06,444.76,30.03,68.11,0.6352,1,-1,-1
734,226,559.04,461.64,44.89,70.54,0.2934,2,-1,-1
734,229,1308.87,663.80,85.70,117.84,0.3951,3,-1,-1
735,119,915.51,424.33,27.26,64.25,0.6496,1,-1,-1
735,164,827.15,410.56,23.28,57.21,0.5993,1,-1,-1
735,175,1319.28,647.76,70.30,133.25,0.6775,2,-1,-1
735,199,875.97,359.65,18.97,49.86,0.5185,1,-1,-1
735,211,908.83,337.55,13.94,35.62,0.4504,1,-1,-1
735,218,533.25,458.79,29.93,63.87,0.4863,1,-1,-1
735,210,545.04,490.42,90.92,54.45,0.1385,3,-1,-1
735,227,411.63,450.68,34.24,80.84,0.7042,1,-1,-1
735,215,244.34,443.55,30.88,69.27,0.6885,1,-1,-1
735,226,571.35,460.60,40.10,63.85,0.1418,2,-1,-1
735,229,1308.45,657.43,90.85,126.10,0.4140,3,-1,-1
736,119,918.86,423.60,27.14,64.18,0.6049,1,-1,-1
736,164,828.04,409.87,24.36,59.67,0.6800,1,-1,-1
736,175,1321.84,648.19,70.42,133.68,0.7217,2,-1,-1
736,199,877.85,359.24,19.06,50.62,0.4571,1,-1,-1
736,211,910.09,332.57,15.36,39.50,0.2220,1,-1,-1
736,218,532.24,459.17,32.36,68.61,0.4225,2,-1,-1
736,210,559.65,491.17,88.73,52.93,0.5332,3,-1,-1
736,227,416.86,450.56,34.75,80.10,0.6105,1,-1,-1
736,215,243.31,442.09,32.14,70.85,0.7592,1,-1,-1
736,226,581.61,459.74,47.34,76.18,0.2926,2,-1,-1
736,229,1314.56,668.13,83.80,117.00,0.3630,3,-1,-1
737,119,922.41,423.66,26.55,63.22,0.6105,1,-1,-1
737,164,828.87,409.20,25.30,61.80,0.6715,1,-1,-1
737,175,1327.02,649.93,64.37,120.19,0.7082,2,-1,-1
737,199,879.28,357.57,19.47,52.19,0.5670,1,-1,-1
737,211,913.03,334.03,14.80,38.03,0.2934,1,-1,-1
737,218,531.31,459.47,33.62,70.80,0.3329,1,-1,-1
737,210,574.59,492.24,85.37,51.07,0.5946,3,-1,-1
737,227,421.36,449.64,35.13,79.19,0.6723,1,-1,-1
737,215,242.67,441.55,33.31,71.65,0.7520,1,-1,-1
737,229,1319.09,675.93,80.77,113.53,0.2487,10,-1,-1
738,119,924.37,422.67,26.56,63.40,0.6593,1,-1,-1
738,164,830.92,411.18,24.66,60.13,0.5823,1,-1,-1
738,175,1326.45,649.67,69.94,130.59,0.6567,2,-1,-1
738,199,880.93,357.41,19.16,51.92,0.5936,1,-1,-1
738,211,916.09,336.80,13.58,35.15,0.1883,1,-1,-1
738,218,532.34,459.53,34.38,71.38,0.6160,1,-1,-1
738,210,583.54,491.06,86.12,51.71,0.6758,3,-1,-1
738,227,425.27,449.42,36.03,79.72,0.6792,1,-1,-1
738,215,242.26,441.23,34.28,71.94,0.7402,1,-1,-1
738,229,1318.21,669.38,86.10,122.53,0.2666,1,-1,-1
739,119,926.71,422.45,26.17,62.59,0.7098,1,-1,-1
739,164,831.64,411.68,24.61,60.41,0.5078,1,-1,-1
739,175,1327.20,650.61,72.82,136.50,0.6893,2,-1,-1
739,199,883.43,359.43,17.93,48.89,0.5651,1,-1,-1
739,211,919.10,338.64,13.12,33.96,0.2790,1,-1,-1
739,218,532.70,458.99,35.23,72.49,0.6095,1,-1,-1
739,210,594.76,493.83,82.31,49.24,0.6496,3,-1,-1
739,227,429.07,448.92,36.36,79.57,0.6893,1,-1,-1
739,215,242.15,440.99,34.96,71.66,0.7058,1,-1,-1
739,229,1320.81,670.13,84.75,121.81,0.2524,1,-1,-1
740,119,928.90,422.10,26.11,62.23,0.6361,1,-1,-1
740,164,833.50,411.99,24.84,61.22,0.6558,1,-1,-1
740,175,1333.47,650.97,66.23,122.53,0.5879,2,-1,-1
740,199,886.01,360.24,18.26,49.79,0.5689,1,-1,-1
740,211,920.66,338.00,13.51,34.88,0.3495,1,-1,-1
740,218,532.69,458.85,35.77,73.15,0.6514,1,-1,-1
740,210,602.31,492.45,83.35,49.79,0.6876,3,-1,-1
740,227,432.88,448.30,36.17,78.86,0.6388,1,-1,-1
740,215,242.61,441.41,35.15,70.47,0.6723,1,-1,-1
740,229,1326.80,681.03,78.39,113.18,0.4805,3,-1,-1
741,119,931.46,421.13,26.04,61.76,0.5804,1,-1,-1
741,164,835.30,411.79,24.57,60.52,0.6800,1,-1,-1
741,175,1332.14,652.07,72.87,136.03,0.7564,2,-1,-1
741,199,887.85,360.12,18.61,50.47,0.4902,1,-1,-1
741,211,922.19,337.36,13.54,34.91,0.3024,1,-1,-1
741,218,533.92,459.21,35.36,71.84,0.6289,1,-1,-1
741,210,611.51,491.57,82.31,49.36,0.6021,3,-1,-1
741,227,436.02,447.92,36.68,80.23,0.5746,1,-1,-1
741,215,242.21,441.23,34.48,68.37,0.7114,1,-1,-1
741,229,1328.44,683.48,79.86,116.39,0.4980,3,-1,-1
742,119,933.89,420.63,26.11,62.15,0.6469,1,-1,-1
742,164,836.65,411.31,24.58,60.40,0.6179,1,-1,-1
742,175,1333.19,652.68,75.21,141.70,0.6058,2,-1,-1
742,199,890.11,358.12,18.84,51.71,0.4455,1,-1,-1
742,211,924.97,338.52,13.03,33.50,0.2509,1,-1,-1
742,218,533.13,459.47,35.43,72.73,0.6261,1,-1,-1
742,210,618.89,489.74,84.72,51.43,0.5448,3,-1,-1
742,227,440.75,447.92,35.17,76.54,0.6021,1,-1,-1
742,215,241.72,441.47,33.59,66.46,0.7571,1,-1,-1
742,229,1330.06,678.91,81.72,120.75,0.3174,3,-1,-1
743,119,936.06,420.25,26.57,63.22,0.6270,1,-1,-1
743,164,838.48,410.78,24.56,60.27,0.6951,1,-1,-1
743,175,1336.90,658.20,73.24,138.74,0.4513,1,-1,-1
743,199,892.76,360.75,18.27,50.01,0.5554,1,-1,-1
743,211,927.14,339.37,12.56,32.37,0.1999,1,-1,-1
743,218,533.15,458.85,35.48,74.05,0.6179,1,-1,-1
743,210,626.75,487.37,85.39,52.28,0.6792,3,-1,-1
743,227,443.30,447.68,36.46,79.73,0.7280,1,-1,-1
743,215,241.47,441.88,32.17,64.04,0.7349,1,-1,-1
743,229,1328.21,661.97,90.28,136.56,0.4475,2,-1,-1
744,119,938.56,421.12,26.43,62.86,0.6406,1,-1,-1
744,164,840.01,410.53,24.63,60.03,0.6343,1,-1,-1
744,175,1338.84,655.55,74.57,142.56,0.6926,1,-1,-1
744,199,894.90,361.49,17.67,48.47,0.4824,1,-1,-1
744,211,929.50,340.12,11.79,30.39,0.1683,1,-1,-1
744,218,534.71,457.39,34.11,72.60,0.5429,1,-1,-1
744,210,637.01,486.20,82.58,50.69,0.6740,3,-1,-1
744,227,447.58,447.41,36.91,81.07,0.6334,1,-1,-1
744,215,240.96,442.25,30.64,61.85,0.7042,1,-1,-1
745,119,940.39,420.94,26.21,62.06,0.5195,1,-1,-1
745,164,841.72,411.78,23.70,57.56,0.5784,1,-1,-1
745,175,1342.24,654.81,73.51,141.68,0.6388,2,-1,-1
745,199,897.28,360.89,17.61,48.63,0.4600,1,-1,-1
745,211,931.61,340.70,12.07,30.97,0.2798,1,-1,-1
745,218,535.52,457.19,33.44,72.82,0.5993,1,-1,-1
745,210,650.75,486.10,81.20,49.47,0.3812,3,-1,-1
745,227,452.02,446.62,37.79,83.09,0.6460,1,-1,-1
745,215,241.00,442.01,30.81,62.97,0.6593,1,-1,-1
746,119,942.81,420.45,26.70,62.69,0.4805,1,-1,-1
746,164,843.17,411.85,23.76,57.33,0.5746,1,-1,-1
746,175,1348.98,655.45,64.60,122.80,0.6783,2,-1,-1
746,199,899.21,360.95,18.12,50.11,0.3648,1,-1,-1
746,211,932.93,340.66,12.55,31.93,0.3486,1,-1,-1
746,218,536.45,456.49,33.13,73.84,0.6901,1,-1,-1
746,210,660.40,485.40,84.31,51.07,0.3451,3,-1,-1
746,227,457.72,448.25,36.89,81.04,0.5078,1,-1,-1
746,215,241.19,441.17,31.69,65.22,0.7033,1,-1,-1
747,119,944.80,419.73,27.45,64.13,0.5823,1,-1,-1
747,164,844.62,412.38,24.02,57.70,0.6298,1,-1,-1
747,175,1352.39,655.42,62.26,117.30,0.7194,2,-1,-1
747,199,901.26,360.43,18.68,52.09,0.3451,1,-1,-1
747,218,537.32,456.76,32.63,73.75,0.6715,1,-1,-1
747,210,664.12,478.59,93.93,57.15,0.5622,3,-1,-1
747,227,464.56,446.41,37.39,81.39,0.6316,1,-1,-1
747,215,241.17,440.95,32.28,66.38,0.5322,1,-1,-1
748,119,947.58,419.10,27.64,64.29,0.4805,1,-1,-1
748,164,845.99,412.61,23.97,57.47,0.6280,1,-1,-1
748,175,1355.92,655.50,60.42,113.38,0.7146,2,-1,-1
748,199,904.28,360.10,16.10,44.59,0.4893,1,-1,-1
748,218,538.46,456.65,31.94,73.29,0.6610,1,-1,-1
748,210,673.53,482.18,86.75,52.81,0.4282,3,-1,-1
748,227,470.10,445.89,37.03,79.27,0.7009,1,-1,-1
748,215,240.83,442.08,32.73,66.40,0.2862,1,-1,-1
748,229,1349.08,689.94,70.63,106.99,0.4688,10,-1,-1
749,119,950.24,420.33,27.16,63.12,0.4533,1,-1,-1
749,164,846.41,411.90,24.19,57.84,0.6834,1,-1,-1
749,175,1358.81,656.50,59.33,110.54,0.6918,2,-1,-1
749,199,906.27,362.29,16.23,44.93,0.4610,1,-1,-1
749,218,539.33,457.10,31.37,72.65,0.7098,1,-1,-1
749,210,682.49,483.78,81.84,49.95,0.4282,3,-1,-1
749,227,474.93,445.43,37.64,79.82,0.7432,1,-1,-1
749,215,238.53,442.83,33.44,65.60,0.4417,1,-1,-1
749,229,1351.86,694.01,67.35,102.73,0.3739,10,-1,-1
750,119,951.40,420.49,27.29,63.21,0.5205,1,-1,-1
750,164,847.08,411.75,24.50,58.18,0.7114,1,-1,-1
750,175,1356.96,657.50,67.97,128.40,0.6706,2,-1,-1
750,199,907.37,361.51,17.49,48.83,0.5438,1,-1,-1
750,218,538.96,457.26,31.61,72.79,0.7033,1,-1,-1
750,210,687.32,482.88,80.86,49.61,0.3522,3,-1,-1
750,227,480.11,446.41,37.85,79.43,0.6496,1,-1,-1
750,215,237.59,443.48,33.80,64.06,0.5088,1,-1,-1
750,229,1356.58,695.96,65.27,100.27,0.1089,1,-1,-1
751,119,953.21,420.12,27.04,61.91,0.4805,1,-1,-1
751,164,848.12,411.75,24.67,58.37,0.7303,1,-1,-1
751,175,1359.08,657.75,68.58,130.55,0.6715,2,-1,-1
751,199,909.81,362.13,17.25,48.14,0.4649,1,-1,-1
751,218,538.54,456.03,32.85,74.21,0.7303,1,-1,-1
751,210,693.94,480.97,80.91,50.28,0.3730,3,-1,-1
751,227,485.73,446.19,36.56,74.89,0.6740,1,-1,-1
751,215,238.55,444.18,33.56,61.82,0.5302,1,-1,-1
751,229,1361.00,701.55,61.72,95.09,0.3217,10,-1,-1
752,119,954.95,419.00,27.65,63.03,0.5631,1,-1,-1
752,164,849.94,412.21,24.69,57.94,0.6851,1,-1,-1
752,175,1359.70,657.72,72.11,139.57,0.5612,2,-1,-1
752,199,911.37,364.15,17.60,48.86,0.5263,1,-1,-1
752,218,538.29,454.81,33.97,75.54,0.6749,1,-1,-1
752,210,704.60,482.57,76.71,48.34,0.1352,10,-1,-1
752,227,488.66,449.31,36.93,74.61,0.5889,1,-1,-1
752,215,239.47,444.75,32.77,59.12,0.5088,1,-1,-1
752,229,1363.57,704.12,60.86,94.31,0.1156,1,-1,-1
753,119,958.14,417.49,27.75,63.24,0.4273,1,-1,-1
753,164,852.17,412.67,24.48,57.48,0.6715,1,-1,-1
753,175,1362.96,658.41,71.59,140.85,0.3849,2,-1,-1
753,199,913.33,364.24,17.93,49.55,0.4349,1,-1,-1
753,218,537.37,453.08,34.52,76.55,0.3989,1,-1,-1
753,210,714.98,482.60,73.41,46.89,0.1683,10,-1,-1
753,227,491.49,448.05,37.83,76.01,0.6514,1,-1,-1
753,215,240.13,445.95,31.93,56.88,0.5467,1,-1,-1
753,229,1362.22,684.57,72.29,114.98,0.3407,1,-1,-1
754,119,960.78,417.14,27.35,62.10,0.5477,1,-1,-1
754,164,853.21,412.80,24.70,58.15,0.6558,1,-1,-1
754,175,1367.53,659.16,67.37,133.15,0.5059,2,-1,-1
754,199,915.40,363.92,16.70,45.80,0.3675,1,-1,-1
754,218,537.81,455.02,34.62,75.65,0.4600,1,-1,-1
754,210,720.95,479.46,72.23,46.64,0.3905,3,-1,-1
754,227,494.35,446.77,39.35,79.07,0.6225,1,-1,-1
754,215,240.42,446.92,30.16,53.46,0.5244,1,-1,-1
754,229,1365.84,681.40,74.46,120.96,0.1027,3,-1,-1
755,119,963.01,418.19,26.66,60.41,0.5689,1,-1,-1
755,164,854.22,413.30,24.54,57.94,0.6783,1,-1,-1
755,175,1370.33,659.27,67.01,133.18,0.5651,2,-1,-1
755,199,916.61,362.93,17.30,47.62,0.5059,1,-1,-1
755,218,538.76,457.49,34.03,73.05,0.3531,1,-1,-1
755,210,726.50,477.29,72.05,47.08,0.3812,3,-1,-1
755,227,498.34,447.43,37.65,75.83,0.6049,1,-1,-1
755,215,239.45,447.85,29.96,53.35,0.5312,1,-1,-1
755,229,1371.34,686.91,71.45,116.66,0.1294,3,-1,-1
756,119,965.64,418.62,26.35,59.54,0.5448,1,-1,-1
756,164,854.92,413.15,24.62,58.42,0.6522,1,-1,-1
756,175,1373.92,661.19,65.40,130.90,0.5000,2,-1,-1
756,199,918.01,362.75,17.36,47.97,0.5273,1,-1,-1
756,218,539.80,459.12,33.72,71.94,0.6307,1,-1,-1
756,210,733.46,476.18,72.40,48.04,0.4785,3,-1,-1
756,227,500.21,444.89,39.72,80.49,0.6151,1,-1,-1
756,229,1376.30,692.55,70.08,114.31,0.3877,10,-1,-1
757,119,967.89,417.11,26.85,60.92,0.5273,1,-1,-1
757,164,855.59,413.07,24.86,59.50,0.6645,1,-1,-1
757,175,1375.47,662.11,69.41,140.09,0.5794,2,-1,-1
757,199,918.70,361.82,18.66,51.33,0.5699,1,-1,-1
757,218,539.26,457.67,33.71,72.73,0.4330,1,-1,-1
757,210,738.72,473.96,73.04,49.13,0.4083,3,-1,-1
757,227,503.17,445.84,39.25,80.23,0.5312,1,-1,-1
757,229,1375.02,678.26,78.55,130.16,0.3858,1,-1,-1
758,119,969.86,416.36,27.22,62.37,0.6105,1,-1,-1
758,164,856.01,412.79,24.96,60.31,0.7082,1,-1,-1
758,175,1383.97,662.80,61.26,122.26,0.6086,2,-1,-1
758,199,919.49,361.38,19.76,54.20,0.5525,1,-1,-1
758,218,536.71,451.95,35.31,77.03,0.4121,1,-1,-1
758,210,743.55,471.77,72.04,48.59,0.4149,3,-1,-1
758,227,506.82,446.57,40.00,81.76,0.5974,1,-1,-1
758,229,1380.09,685.18,74.67,124.19,0.2983,1,-1,-1
759,119,972.14,416.99,26.66,61.53,0.6049,1,-1,-1
759,164,856.30,413.00,25.00,61.26,0.7146,1,-1,-1
759,175,1388.13,663.30,61.71,123.35,0.4854,2,-1,-1
759,199,921.39,363.66,19.13,52.23,0.4902,1,-1,-1
759,218,535.06,448.12,35.78,79.16,0.3183,1,-1,-1
759,210,748.04,471.18,71.88,48.46,0.3234,3,-1,-1
759,227,509.78,448.44,39.32,80.42,0.5974,1,-1,-1
759,229,1381.29,677.54,77.78,132.12,0.2524,1,-1,-1
760,119,974.40,417.14,26.02,60.23,0.5477,1,-1,-1
760,164,857.13,413.32,24.85,61.51,0.6487,1,-1,-1
760,175,1394.06,663.16,56.93,113.03,0.4504,2,-1,-1
760,199,923.12,363.25,19.44,52.91,0.3730,1,-1,-1
760,218,532.87,442.41,38.89,85.75,0.3251,1,-1,-1
760,210,751.44,472.80,72.23,48.52,0.3183,10,-1,-1
760,227,513.00,447.93,39.56,80.45,0.5708,1,-1,-1
760,229,1386.05,687.35,71.25,121.99,0.1889,1,-1,-1
761,119,976.94,417.40,26.06,60.61,0.5020,1,-1,-1
761,164,858.34,413.45,25.13,62.46,0.7114,1,-1,-1
761,175,1395.87,663.59,62.32,124.99,0.5195,2,-1,-1
761,199,925.48,363.69,18.96,51.43,0.4756,1,-1,-1
761,218,531.97,442.81,38.54,86.15,0.1303,1,-1,-1
761,210,752.07,467.92,79.34,53.66,0.4216,10,-1,-1
761,227,518.49,444.33,42.52,84.51,0.5448,1,-1,-1
761,229,1391.97,687.43,70.81,122.37,0.2056,3,-1,-1
762,119,979.53,417.02,25.95,60.74,0.4717,1,-1,-1
762,164,859.51,413.79,25.05,62.07,0.7256,1,-1,-1
762,175,1402.41,663.52,63.11,127.43,0.4378,2,-1,-1
762,199,927.66,362.67,18.26,49.73,0.4036,1,-1,-1
762,210,755.37,466.37,81.79,55.51,0.2751,10,-1,-1
762,227,525.14,445.03,42.25,83.94,0.6225,1,-1,-1
762,229,1397.43,691.08,69.38,120.03,0.1801,10,-1,-1
763,119,983.57,417.87,24.98,58.99,0.5117,1,-1,-1
763,164,861.49,414.70,24.64,61.02,0.7066,1,-1,-1
763,175,1410.55,664.05,58.38,116.82,0.5137,2,-1,-1
763,199,930.29,364.53,18.15,49.10,0.5029,1,-1,-1
763,210,759.84,468.14,78.63,53.47,0.1082,3,-1,-1
763,227,532.23,446.73,40.79,81.85,0.5078,1,-1,-1
763,229,1402.54,684.04,72.55,127.84,0.2487,1,-1,-1
764,119,988.84,418.93,22.50,52.50,0.3895,1,-1,-1
764,164,864.23,415.89,24.48,60.15,0.6522,1,-1,-1
764,175,1419.84,665.63,52.14,102.25,0.4766,2,-1,-1
764,199,934.04,365.07,18.07,48.75,0.2606,1,-1,-1
764,227,539.19,448.76,39.29,79.04,0.5215,1,-1,-1
764,229,1408.34,685.47,71.32,127.06,0.2854,1,-1,-1
765,119,994.13,417.88,22.62,52.46,0.2302,1,-1,-1
765,164,867.30,416.33,24.37,59.85,0.6298,1,-1,-1
765,175,1426.97,666.27,50.16,96.37,0.5380,2,-1,-1
765,199,938.02,364.04,16.73,44.67,0.3251,1,-1,-1
765,227,545.66,450.01,39.18,77.65,0.2043,1,-1,-1
765,229,1416.88,692.59,66.90,119.77,0.3277,10,-1,-1
766,119,998.06,418.50,22.18,51.15,0.3478,1,-1,-1
766,164,870.11,416.83,24.59,60.42,0.6645,1,-1,-1
766,175,1434.18,667.87,49.89,93.76,0.4630,2,-1,-1
766,199,942.15,363.53,17.31,46.09,0.4102,1,-1,-1
766,227,550.05,447.52,40.13,78.41,0.4254,2,-1,-1
766,229,1423.54,688.86,69.30,124.93,0.3998,1,-1,-1
767,119,1003.34,418.61,22.14,50.66,0.3191,2,-1,-1
767,164,874.80,418.10,23.61,57.30,0.6715,1,-1,-1
767,175,1440.20,668.61,52.75,97.56,0.5593,2,-1,-1
767,199,946.88,365.90,17.85,47.73,0.2351,1,-1,-1
767,227,553.52,442.47,42.23,81.46,0.4893,2,-1,-1
767,229,1432.87,696.40,65.73,118.25,0.3923,1,-1,-1
768,119,1010.82,419.53,21.25,47.82,0.1148,2,-1,-1
768,164,880.82,418.10,23.25,56.23,0.6039,1,-1,-1
768,175,1448.35,669.92,53.23,96.51,0.6123,2,-1,-1
768,199,952.78,366.40,18.02,48.66,0.1176,1,-1,-1
768,227,561.84,449.09,38.15,71.38,0.3099,2,-1,-1
768,229,1443.87,698.36,65.82,117.38,0.2822,3,-1,-1
769,119,1018.25,417.01,22.71,50.70,0.1082,1,-1,-1
769,164,888.33,419.01,22.72,54.71,0.5842,1,-1,-1
769,175,1459.19,671.23,54.97,97.80,0.5993,2,-1,-1
769,227,571.80,451.25,34.03,60.33,0.2018,2,-1,-1
769,229,1455.19,705.95,65.02,113.99,0.3612,10,-1,-1
770,164,895.97,418.74,22.81,54.33,0.5670,1,-1,-1
770,175,1471.45,672.21,55.46,96.88,0.6215,2,-1,-1
770,229,1473.20,705.22,61.69,102.70,0.2214,10,-1,-1
771,164,905.57,419.18,22.53,53.21,0.4766,1,-1,-1
771,175,1481.63,674.26,62.23,107.79,0.5670,2,-1,-1
771,229,1477.37,715.56,66.05,110.56,0.1535,1,-1,-1
772,175,1497.05,675.65,63.66,108.12,0.5341,2,-1,-1
772,229,1487.57,718.08,68.08,114.46,0.1316,1,-1,-1
773,175,1511.73,678.57,63.94,105.87,0.4932,2,-1,-1
773,229,1498.52,718.82,70.37,120.96,0.1651,1,-1,-1
774,175,1524.99,681.17,63.13,102.24,0.5612,2,-1,-1
774,229,1522.61,721.57,64.82,105.20,0.2031,3,-1,-1
775,175,1537.37,683.06,61.06,97.39,0.4397,2,-1,-1
775,229,1530.93,727.82,69.25,114.20,0.1408,1,-1,-1
776,175,1552.90,686.14,62.99,99.49,0.6105,2,-1,-1
776,229,1541.51,726.83,73.61,122.56,0.2728,1,-1,-1
776,234,5.15,343.93,53.02,29.24,0.5898,4,-1,-1
777,175,1569.41,688.94,62.17,97.98,0.6270,2,-1,-1
777,234,12.52,342.59,55.72,30.51,0.2465,4,-1,-1
778,175,1582.70,690.65,59.98,94.15,0.6123,2,-1,-1
779,175,1596.93,692.75,60.82,94.49,0.5917,2,-1,-1
780,175,1611.09,694.55,62.04,96.21,0.5117,2,-1,-1
781,175,1624.93,696.78,65.69,101.96,0.5496,2,-1,-1
782,175,1641.27,698.42,65.00,100.86,0.4883,2,-1,-1
783,175,1655.70,700.36,68.45,107.01,0.4484,2,-1,-1
784,175,1672.27,702.66,65.57,102.23,0.4688,2,-1,-1
785,175,1687.02,705.51,71.06,112.20,0.4698,2,-1,-1
786,175,1702.48,708.48,72.70,116.01,0.4766,2,-1,-1
787,175,1718.43,711.75,71.82,115.02,0.4766,2,-1,-1
788,175,1733.77,716.09,75.51,122.32,0.4785,2,-1,-1
789,175,1747.64,719.04,76.23,124.60,0.3868,2,-1,-1
790,175,1766.03,721.95,71.19,115.50,0.4111,2,-1,-1
791,175,1780.44,725.25,74.20,120.87,0.5370,2,-1,-1
792,175,1799.66,728.34,75.18,123.22,0.5020,2,-1,-1
793,175,1812.68,732.43,80.03,132.08,0.1217,2,-1,-1
794,175,1830.84,732.60,82.61,137.61,0.3849,2,-1,-1
813,257,1101.75,435.62,34.82,78.66,0.6352,1,-1,-1
814,257,1110.82,435.65,35.06,79.00,0.5506,1,-1,-1
815,257,1122.95,437.45,34.57,77.56,0.5737,1,-1,-1
816,257,1135.09,438.07,34.39,76.89,0.2628,1,-1,-1
817,257,1146.56,438.94,33.54,74.84,0.3074,1,-1,-1
818,257,1158.38,441.03,33.93,73.61,0.1456,1,-1,-1
819,257,1170.50,442.86,32.49,70.63,0.5860,1,-1,-1
819,260,1320.62,432.82,25.21,57.09,0.5593,1,-1,-1
820,257,1182.03,442.15,29.92,65.81,0.5146,1,-1,-1
820,260,1324.36,430.18,26.47,60.02,0.5794,1,-1,-1
821,257,1191.22,443.11,30.12,67.01,0.5234,1,-1,-1
821,260,1329.18,430.63,26.41,59.80,0.4863,1,-1,-1
822,257,1198.73,443.12,30.32,68.09,0.6316,1,-1,-1
822,260,1333.02,428.69,27.88,63.22,0.6514,1,-1,-1
823,257,1205.63,443.81,29.10,65.18,0.6132,1,-1,-1
823,260,1337.83,430.03,27.66,62.53,0.6715,1,-1,-1
824,257,1211.13,443.71,28.95,64.86,0.6123,1,-1,-1
824,260,1341.09,430.03,28.40,63.85,0.6522,1,-1,-1
824,261,565.54,334.14,40.24,23.26,0.5380,4,-1,-1
825,257,1215.78,442.45,29.42,66.11,0.6215,1,-1,-1
825,260,1345.95,433.67,26.99,60.17,0.5983,1,-1,-1
825,261,570.85,334.45,40.06,23.16,0.5166,4,-1,-1
826,257,1221.11,438.79,31.53,70.20,0.5756,1,-1,-1
826,260,1349.47,436.04,26.00,57.23,0.6095,1,-1,-1
826,261,577.12,335.22,37.78,21.81,0.5708,4,-1,-1
827,257,1225.20,437.41,32.72,72.14,0.5832,1,-1,-1
827,260,1351.92,437.61,26.39,57.20,0.5699,1,-1,-1
827,261,582.02,334.80,37.02,21.33,0.5516,4,-1,-1
827,263,997.80,444.87,25.60,68.05,0.5898,1,-1,-1
828,257,1230.65,440.80,31.94,69.54,0.6067,1,-1,-1
828,260,1354.62,438.24,26.62,56.97,0.5467,1,-1,-1
828,261,585.30,334.97,38.24,22.05,0.5727,4,-1,-1
828,263,999.99,444.95,24.18,64.29,0.2705,1,-1,-1
829,257,1235.41,442.30,31.12,66.86,0.5860,1,-1,-1
829,260,1358.27,439.19,25.88,54.60,0.5927,1,-1,-1
829,261,588.93,335.20,38.77,22.33,0.5860,4,-1,-1
829,263,1003.31,444.98,22.15,58.81,0.3522,1,-1,-1
830,257,1241.74,441.65,31.71,67.77,0.6460,1,-1,-1
830,260,1360.43,439.58,26.27,54.72,0.5545,1,-1,-1
830,261,593.48,334.60,38.50,22.08,0.4912,4,-1,-1
830,263,1003.09,445.53,23.22,61.22,0.5263,1,-1,-1
831,257,1248.11,441.66,33.27,71.25,0.5525,1,-1,-1
831,260,1362.60,439.31,26.27,54.58,0.5737,1,-1,-1
831,261,597.60,334.62,39.44,22.72,0.5593,4,-1,-1
831,263,1006.76,445.92,21.07,55.51,0.4659,1,-1,-1
832,257,1257.11,448.12,29.97,65.02,0.5993,1,-1,-1
832,260,1363.68,440.13,26.69,55.32,0.6352,1,-1,-1
832,261,602.98,334.29,38.91,22.43,0.6011,4,-1,-1
832,263,1008.74,445.64,22.13,57.92,0.4785,1,-1,-1
833,257,1265.70,451.20,27.83,61.07,0.6011,1,-1,-1
833,260,1366.27,440.41,26.98,56.03,0.5302,1,-1,-1
833,261,609.08,334.05,36.79,21.13,0.5361,4,-1,-1
833,263,1011.35,445.95,20.88,54.41,0.4815,1,-1,-1
834,257,1272.84,451.89,26.82,59.67,0.6011,1,-1,-1
834,260,1370.09,441.10,26.13,54.54,0.5525,1,-1,-1
834,261,611.81,334.02,39.04,22.47,0.5974,4,-1,-1
834,263,1011.86,445.37,23.56,61.07,0.5737,1,-1,-1
835,257,1280.45,452.70,25.77,58.26,0.5917,1,-1,-1
835,260,1372.66,441.56,26.66,55.58,0.5010,1,-1,-1
835,261,617.55,333.99,37.94,21.82,0.5166,4,-1,-1
835,263,1016.14,445.56,21.45,55.43,0.5098,1,-1,-1
836,257,1286.73,455.59,23.53,53.64,0.4504,1,-1,-1
836,260,1375.64,442.37,26.53,55.22,0.4649,1,-1,-1
836,261,622.27,334.07,38.38,22.17,0.5361,4,-1,-1
836,263,1020.08,445.85,20.43,52.55,0.4727,1,-1,-1
837,257,1293.05,457.40,23.47,53.78,0.4737,1,-1,-1
837,260,1379.75,445.70,24.81,51.58,0.2234,1,-1,-1
837,261,627.29,333.97,38.85,22.50,0.5574,4,-1,-1
837,263,1023.05,445.57,19.95,51.07,0.3886,1,-1,-1
838,257,1298.88,457.67,23.06,52.70,0.6086,1,-1,-1
838,260,1384.03,446.83,24.52,50.69,0.3074,1,-1,-1
838,261,633.34,334.31,37.54,21.67,0.4971,4,-1,-1
838,263,1025.86,445.18,19.32,48.95,0.4158,1,-1,-1
839,257,1303.80,456.43,24.79,56.12,0.6280,1,-1,-1
839,260,1389.60,452.24,22.39,45.81,0.2854,1,-1,-1
839,261,636.66,334.41,38.83,22.29,0.5554,4,-1,-1
839,263,1027.66,444.94,20.56,51.73,0.4941,1,-1,-1
840,257,1309.55,457.16,24.66,55.43,0.6505,1,-1,-1
840,260,1394.51,453.90,21.98,44.28,0.3730,1,-1,-1
840,261,640.16,333.80,38.96,22.13,0.4912,4,-1,-1
840,263,1029.23,444.68,23.22,58.61,0.5419,1,-1,-1
841,257,1316.14,458.78,25.10,55.30,0.4292,1,-1,-1
841,260,1398.58,453.17,22.48,44.72,0.2444,1,-1,-1
841,261,646.26,333.99,39.40,22.33,0.4244,4,-1,-1
841,263,1030.47,444.40,25.04,62.69,0.5156,1,-1,-1
842,257,1321.65,458.69,25.07,54.51,0.4426,1,-1,-1
842,260,1403.63,454.73,21.31,42.87,0.1603,1,-1,-1
842,261,650.31,333.47,40.20,22.69,0.4484,4,-1,-1
842,263,1033.01,443.95,23.54,56.88,0.3285,1,-1,-1
843,257,1327.89,457.74,27.16,57.71,0.3914,1,-1,-1
843,261,654.75,333.56,41.80,23.48,0.3549,4,-1,-1
843,263,1035.99,443.61,25.82,61.70,0.1316,1,-1,-1
844,257,1334.11,455.08,29.86,62.01,0.1371,1,-1,-1
844,261,658.54,333.64,41.47,23.00,0.4196,4,-1,-1
844,263,1039.63,442.03,24.45,56.40,0.2344,1,-1,-1
845,261,666.04,333.58,39.49,21.89,0.3585,4,-1,-1
845,263,1045.72,443.80,21.07,46.02,0.2401,1,-1,-1
846,261,670.02,332.90,42.16,23.36,0.3576,4,-1,-1
846,263,1050.27,444.63,20.88,43.97,0.1830,2,-1,-1
847,261,672.61,332.43,43.22,23.56,0.3040,4,-1,-1
847,263,1054.22,444.03,20.50,41.88,0.2546,2,-1,-1
848,261,678.06,332.73,44.11,23.64,0.3329,4,-1,-1
848,263,1057.47,443.04,21.73,43.34,0.1727,2,-1,-1
849,261,682.11,332.50,45.17,23.54,0.1889,4,-1,-1
849,263,1061.65,442.30,22.50,44.55,0.1944,2,-1,-1
850,261,687.07,332.22,46.31,23.89,0.2309,4,-1,-1
850,263,1065.48,443.36,23.86,47.12,0.4815,1,-1,-1
851,261,690.00,331.28,47.15,23.87,0.2713,4,-1,-1
851,263,1068.79,443.47,25.13,49.89,0.4863,1,-1,-1
852,261,700.15,332.25,44.95,22.86,0.3024,4,-1,-1
852,263,1071.14,443.05,27.28,54.92,0.3558,1,-1,-1
853,261,708.21,332.08,42.65,21.67,0.3372,4,-1,-1
853,263,1073.68,442.63,29.18,59.62,0.3785,1,-1,-1
853,287,599.62,334.24,51.85,19.62,0.4951,4,-1,-1
854,261,716.94,332.72,40.37,20.61,0.3567,4,-1,-1
854,263,1078.82,442.59,27.70,57.73,0.2465,1,-1,-1
854,287,604.83,334.56,50.97,19.30,0.4815,4,-1,-1
855,261,719.46,331.31,44.22,22.41,0.3748,4,-1,-1
855,263,1082.99,442.82,26.19,55.13,0.1772,1,-1,-1
855,287,612.64,334.91,50.37,19.07,0.5166,4,-1,-1
856,261,727.00,331.76,44.22,22.73,0.3433,4,-1,-1
856,263,1085.17,441.46,29.04,61.68,0.1251,1,-1,-1
856,287,613.52,333.47,53.72,20.36,0.4225,4,-1,-1
857,261,727.84,330.54,47.42,24.23,0.2814,4,-1,-1
857,263,1091.63,441.54,24.48,52.19,0.3074,1,-1,-1
857,287,621.09,333.55,52.48,19.96,0.4102,4,-1,-1
858,261,736.03,330.86,47.16,24.34,0.1859,4,-1,-1
858,263,1095.50,441.54,23.87,50.83,0.2494,1,-1,-1
858,287,624.73,333.40,53.65,20.47,0.3478,4,-1,-1
859,261,742.68,331.76,44.28,23.03,0.2886,4,-1,-1
859,263,1098.35,442.02,24.75,53.31,0.2344,1,-1,-1
859,287,633.12,333.73,51.87,19.88,0.4073,4,-1,-1
859,293,1753.76,396.08,27.22,61.20,0.6243,1,-1,-1
860,261,746.81,331.52,44.35,23.20,0.2546,4,-1,-1
860,263,1103.39,441.73,22.77,49.12,0.2751,1,-1,-1
860,287,638.29,333.90,52.46,20.15,0.3720,4,-1,-1
860,293,1760.54,395.28,27.55,61.99,0.5917,1,-1,-1
861,261,752.64,331.83,43.86,23.29,0.2344,4,-1,-1
861,263,1106.73,442.12,24.36,52.93,0.2316,1,-1,-1
861,287,645.39,334.01,49.48,19.12,0.3858,4,-1,-1
861,293,1768.18,394.77,27.49,61.79,0.5380,1,-1,-1
862,261,760.49,332.20,42.37,22.55,0.1352,4,-1,-1
862,263,1110.90,442.25,22.06,47.65,0.1316,1,-1,-1
862,287,649.50,334.36,50.25,19.47,0.3513,4,-1,-1
862,293,1775.32,394.41,27.15,60.95,0.6077,1,-1,-1
863,261,763.71,331.75,41.52,22.27,0.3016,4,-1,-1
863,263,1114.07,441.97,20.48,44.48,0.1437,1,-1,-1
863,287,654.72,334.46,49.40,19.18,0.4311,4,-1,-1
863,293,1781.23,394.33,26.08,58.39,0.5660,1,-1,-1
864,261,767.43,331.78,41.37,22.36,0.3442,4,-1,-1
864,263,1115.70,442.10,18.46,40.19,0.1221,1,-1,-1
864,287,658.62,334.44,49.70,19.38,0.4562,4,-1,-1
864,293,1784.58,393.67,26.82,60.14,0.6179,1,-1,-1
864,295,620.30,339.88,37.56,27.27,0.5205,4,-1,-1
865,261,768.59,331.89,41.27,22.50,0.3989,4,-1,-1
865,287,661.56,334.32,49.18,19.16,0.5361,4,-1,-1
865,293,1787.41,393.67,26.96,60.47,0.6179,1,-1,-1
865,295,623.31,340.10,36.33,26.40,0.3433,4,-1,-1
865,296,1730.16,399.72,23.07,50.96,0.6671,1,-1,-1
866,261,769.91,332.38,40.25,22.12,0.5477,4,-1,-1
866,287,663.14,334.18,48.87,19.03,0.5458,4,-1,-1
866,293,1788.87,393.27,27.28,61.24,0.6487,1,-1,-1
866,295,625.41,340.12,34.53,25.07,0.3074,4,-1,-1
866,296,1730.74,400.03,22.84,50.43,0.6800,1,-1,-1
867,261,770.80,332.69,39.67,21.93,0.5765,4,-1,-1
867,287,663.98,334.25,49.37,19.18,0.5477,4,-1,-1
867,293,1788.99,392.57,27.66,62.36,0.6289,1,-1,-1
867,295,624.87,339.34,35.15,25.51,0.3621,4,-1,-1
867,296,1731.01,400.32,22.67,50.12,0.6593,1,-1,-1
868,261,771.07,332.96,39.02,21.70,0.5746,4,-1,-1
868,287,663.92,334.24,49.64,19.30,0.5516,4,-1,-1
868,293,1789.05,391.79,27.21,61.21,0.4932,1,-1,-1
868,295,624.51,339.30,35.51,25.74,0.3277,4,-1,-1
868,296,1730.67,400.65,22.99,50.97,0.6179,1,-1,-1
869,261,770.83,333.01,38.68,21.61,0.5554,4,-1,-1
869,287,663.81,334.21,50.01,19.43,0.5535,4,-1,-1
869,293,1789.20,391.12,26.98,60.48,0.3831,1,-1,-1
869,295,623.89,339.22,36.03,26.06,0.3337,4,-1,-1
869,296,1730.34,400.51,23.21,51.63,0.6011,1,-1,-1
870,261,770.66,333.09,38.24,21.46,0.5477,4,-1,-1
870,287,663.82,334.20,50.00,19.41,0.5574,4,-1,-1
870,293,1789.09,390.21,27.16,60.73,0.2018,1,-1,-1
870,295,623.79,339.35,36.11,26.07,0.3049,4,-1,-1
870,296,1730.03,400.64,23.40,52.32,0.5593,1,-1,-1
871,261,771.19,332.90,38.08,21.42,0.5593,4,-1,-1
871,287,664.20,334.10,51.73,20.01,0.5419,4,-1,-1
871,293,1788.51,389.08,27.80,62.29,0.4330,1,-1,-1
871,295,622.47,338.80,36.70,26.35,0.2967,4,-1,-1
871,296,1730.25,399.50,24.09,54.30,0.5708,1,-1,-1
871,298,1810.00,343.87,13.79,31.80,0.4707,1,-1,-1
872,261,771.14,332.65,38.39,21.63,0.5651,4,-1,-1
872,287,664.11,334.06,52.88,20.38,0.5341,4,-1,-1
872,293,1788.68,388.49,27.80,62.30,0.4600,1,-1,-1
872,295,621.98,338.61,37.00,26.43,0.2767,4,-1,-1
872,296,1730.00,399.04,24.54,55.81,0.5974,1,-1,-1
872,298,1810.11,343.79,13.73,31.65,0.4630,1,-1,-1
873,261,771.07,332.61,38.25,21.58,0.5765,4,-1,-1
873,287,663.90,334.11,53.13,20.42,0.5322,4,-1,-1
873,293,1788.60,388.19,27.69,62.10,0.4854,1,-1,-1
873,295,622.31,338.65,37.02,26.39,0.2401,4,-1,-1
873,296,1729.64,399.38,24.41,55.99,0.6123,1,-1,-1
873,298,1810.08,343.76,13.76,31.67,0.3942,1,-1,-1
874,261,770.59,332.61,38.60,21.82,0.5670,4,-1,-1
874,287,663.86,334.12,53.32,20.43,0.5458,4,-1,-1
874,293,1789.27,388.06,26.55,59.19,0.5496,1,-1,-1
874,295,621.77,338.63,37.52,26.64,0.2214,4,-1,-1
874,296,1729.34,399.93,24.14,55.73,0.6451,1,-1,-1
874,298,1810.18,343.83,13.68,31.45,0.3886,1,-1,-1
875,261,770.48,332.62,38.63,21.87,0.5708,4,-1,-1
875,287,663.73,334.07,53.54,20.45,0.5458,4,-1,-1
875,293,1789.59,388.07,26.24,58.12,0.5631,1,-1,-1
875,295,621.30,338.68,38.26,27.11,0.2193,4,-1,-1
875,296,1729.49,400.76,23.64,54.89,0.6105,1,-1,-1
875,298,1810.33,343.87,13.59,31.20,0.4130,1,-1,-1
876,261,770.49,332.60,38.69,21.92,0.5689,4,-1,-1
876,287,663.66,334.00,54.05,20.58,0.5554,4,-1,-1
876,293,1789.78,387.86,25.99,57.24,0.5823,1,-1,-1
876,295,620.13,338.56,39.54,27.95,0.2379,4,-1,-1
876,296,1729.62,401.11,23.26,54.36,0.5898,1,-1,-1
876,298,1810.38,343.95,13.57,31.11,0.4054,1,-1,-1
877,261,770.53,332.65,38.64,21.90,0.5670,4,-1,-1
877,287,663.69,334.00,54.29,20.58,0.5708,4,-1,-1
877,293,1790.23,387.29,26.38,57.89,0.6030,1,-1,-1
877,295,619.84,338.58,39.98,28.20,0.2316,4,-1,-1
877,296,1729.33,401.42,23.13,54.29,0.6325,1,-1,-1
877,298,1810.43,343.99,13.65,31.24,0.3970,1,-1,-1
878,261,770.41,332.62,38.78,21.98,0.5651,4,-1,-1
878,287,663.55,333.95,54.93,20.73,0.5689,4,-1,-1
878,293,1790.38,386.67,26.69,58.27,0.6105,1,-1,-1
878,295,619.17,338.52,40.74,28.68,0.2365,4,-1,-1
878,296,1728.92,401.75,23.01,54.34,0.6379,1,-1,-1
878,298,1810.42,343.98,13.68,31.31,0.3923,1,-1,-1
879,261,770.35,332.64,38.79,21.96,0.5535,4,-1,-1
879,287,663.50,333.96,55.37,20.81,0.5670,4,-1,-1
879,293,1790.43,386.20,26.97,58.63,0.6433,1,-1,-1
879,295,619.02,338.42,41.40,29.20,0.2613,4,-1,-1
879,296,1728.27,401.51,23.26,55.24,0.6783,1,-1,-1
879,298,1810.48,344.04,13.68,31.29,0.3495,1,-1,-1
880,261,770.24,332.69,38.67,21.89,0.5419,4,-1,-1
880,287,663.32,333.95,55.80,20.89,0.5651,4,-1,-1
880,293,1790.76,385.81,27.18,58.98,0.5860,1,-1,-1
880,295,619.12,338.29,41.43,29.29,0.2950,4,-1,-1
880,296,1727.71,401.51,23.33,55.63,0.6680,1,-1,-1
880,298,1810.61,344.16,13.67,31.25,0.3115,1,-1,-1
880,299,1041.14,338.56,47.40,17.66,0.4600,4,-1,-1
881,261,770.21,332.73,38.59,21.85,0.5380,4,-1,-1
881,287,663.11,333.97,55.93,20.87,0.5670,4,-1,-1
881,293,1790.21,384.92,27.86,60.97,0.4922,1,-1,-1
881,295,619.76,338.23,40.87,28.98,0.3251,4,-1,-1
881,296,1727.22,401.55,23.35,56.09,0.6800,1,-1,-1
881,298,1810.68,344.04,13.79,31.48,0.2862,1,-1,-1
881,299,1041.14,338.55,47.19,17.59,0.4552,4,-1,-1
882,261,770.24,332.67,38.66,21.88,0.5400,4,-1,-1
882,287,662.72,334.01,56.00,20.88,0.5496,4,-1,-1
882,293,1790.60,384.92,27.61,60.41,0.4600,1,-1,-1
882,295,620.33,338.11,40.27,28.61,0.3166,4,-1,-1
882,296,1726.40,400.80,23.67,57.27,0.6325,1,-1,-1
882,298,1810.83,343.97,13.82,31.51,0.2728,1,-1,-1
882,299,1041.92,338.57,47.03,17.56,0.4854,4,-1,-1
883,261,770.26,332.58,38.85,21.98,0.5380,4,-1,-1
883,287,662.24,334.09,56.04,20.91,0.5380,4,-1,-1
883,293,1790.75,384.28,27.80,61.05,0.5370,1,-1,-1
883,295,620.49,337.92,39.94,28.38,0.3268,4,-1,-1
883,296,1725.96,402.12,23.25,56.44,0.6715,1,-1,-1
883,298,1811.01,343.77,14.01,31.84,0.2636,1,-1,-1
883,299,1042.62,338.64,46.62,17.45,0.4688,4,-1,-1
884,261,769.94,332.41,39.14,22.16,0.5283,4,-1,-1
884,287,661.66,334.16,56.22,21.02,0.5263,4,-1,-1
884,293,1790.86,383.94,27.63,61.05,0.5631,1,-1,-1
884,295,620.45,337.70,39.63,28.09,0.3225,4,-1,-1
884,296,1725.95,403.53,22.46,54.74,0.6935,1,-1,-1
884,298,1811.00,343.74,14.02,31.84,0.2958,1,-1,-1
884,299,1042.63,338.67,46.31,17.38,0.4475,4,-1,-1
884,300,1535.48,448.71,24.63,62.74,0.5458,1,-1,-1
885,261,769.58,332.29,39.10,22.19,0.5224,4,-1,-1
885,287,661.26,334.24,55.54,20.83,0.5224,4,-1,-1
885,293,1790.96,384.05,27.20,60.23,0.5078,1,-1,-1
885,295,620.80,337.68,38.80,27.33,0.2894,4,-1,-1
885,296,1725.64,404.11,22.23,54.47,0.6558,1,-1,-1
885,298,1810.92,343.21,14.25,32.18,0.3024,1,-1,-1
885,299,1044.07,338.81,45.23,17.07,0.4688,4,-1,-1
885,300,1538.03,448.82,24.87,63.20,0.4378,1,-1,-1
886,261,769.32,332.15,39.25,22.37,0.5380,4,-1,-1
886,287,661.67,334.26,55.09,20.63,0.5205,4,-1,-1
886,293,1791.30,383.37,27.09,60.19,0.5535,1,-1,-1
886,295,619.98,337.00,39.31,27.50,0.4263,4,-1,-1
886,296,1724.59,404.76,22.28,54.14,0.6234,1,-1,-1
886,298,1810.95,342.70,14.58,32.56,0.2822,1,-1,-1
886,299,1042.61,338.61,47.15,17.79,0.4727,4,-1,-1
886,300,1539.90,448.06,26.15,66.11,0.6030,1,-1,-1
886,301,1427.56,455.19,37.45,56.10,0.6584,1,-1,-1
887,261,769.10,332.12,39.07,22.36,0.5438,4,-1,-1
887,287,661.77,334.32,54.91,20.52,0.5137,4,-1,-1
887,293,1791.11,382.93,27.06,60.37,0.6058,1,-1,-1
887,295,619.79,336.85,39.21,27.19,0.3895,4,-1,-1
887,296,1724.37,405.80,22.12,53.47,0.6433,1,-1,-1
887,298,1810.71,342.79,15.18,33.59,0.2316,1,-1,-1
887,299,1041.99,338.48,48.08,18.14,0.4883,4,-1,-1
887,300,1538.62,447.50,26.76,66.90,0.6179,1,-1,-1
887,301,1425.96,454.38,38.18,57.20,0.6206,1,-1,-1
888,261,768.70,332.06,39.09,22.46,0.5302,4,-1,-1
888,287,661.77,334.40,54.58,20.36,0.5107,4,-1,-1
888,293,1791.34,382.69,26.90,60.04,0.6567,1,-1,-1
888,295,619.66,336.92,38.96,26.72,0.3594,4,-1,-1
888,296,1723.64,406.71,22.15,52.98,0.6234,1,-1,-1
888,298,1810.62,342.82,15.68,34.28,0.2254,1,-1,-1
888,299,1041.64,338.52,48.10,18.14,0.4932,4,-1,-1
888,300,1537.40,447.61,27.82,68.29,0.6067,1,-1,-1
888,301,1424.25,452.95,38.66,58.00,0.5137,1,-1,-1
889,261,768.28,331.93,39.30,22.64,0.5068,4,-1,-1
889,287,661.73,334.43,54.77,20.38,0.5107,4,-1,-1
889,293,1791.61,382.58,26.72,59.46,0.6654,1,-1,-1
889,295,619.79,337.05,38.78,26.31,0.2886,4,-1,-1
889,296,1722.76,406.80,22.53,53.33,0.6067,1,-1,-1
889,298,1810.49,343.06,15.91,34.46,0.2018,1,-1,-1
889,299,1041.29,338.49,48.26,18.20,0.5020,4,-1,-1
889,300,1536.42,447.40,29.77,71.40,0.5756,1,-1,-1
889,301,1421.28,450.91,39.77,59.95,0.4893,1,-1,-1
890,261,768.55,331.69,39.50,22.80,0.4932,4,-1,-1
890,287,661.84,334.57,54.90,20.40,0.5185,4,-1,-1
890,293,1791.96,382.53,26.58,59.02,0.5351,1,-1,-1
890,295,620.36,337.25,38.48,25.85,0.2561,4,-1,-1
890,296,1721.23,406.53,23.33,55.01,0.4980,1,-1,-1
890,298,1810.25,342.90,16.05,34.62,0.1974,1,-1,-1
890,299,1040.78,338.39,48.61,18.33,0.5302,4,-1,-1
890,300,1537.63,447.12,31.21,73.31,0.5603,1,-1,-1
890,301,1418.33,449.87,40.00,60.99,0.6132,1,-1,-1
890,302,1078.03,436.74,19.57,56.57,0.4893,1,-1,-1
891,261,767.87,331.72,39.51,22.80,0.4912,4,-1,-1
891,287,661.85,334.60,54.85,20.34,0.5302,4,-1,-1
891,293,1791.87,382.05,26.55,58.72,0.6654,1,-1,-1
891,295,620.81,337.44,38.16,25.42,0.2689,4,-1,-1
891,296,1720.16,405.95,23.87,56.02,0.5254,1,-1,-1
891,298,1809.97,342.96,16.27,34.95,0.2480,1,-1,-1
891,299,1039.97,338.60,48.47,18.15,0.5156,4,-1,-1
891,300,1540.31,448.55,31.46,72.17,0.6261,1,-1,-1
891,301,1416.16,449.32,39.90,61.92,0.6531,1,-1,-1
891,302,1076.34,437.07,19.86,57.35,0.4168,1,-1,-1
892,261,766.76,331.42,40.29,23.18,0.4649,4,-1,-1
892,287,661.98,334.59,54.92,20.30,0.5263,4,-1,-1
892,293,1791.74,381.58,26.61,58.72,0.6549,1,-1,-1
892,295,621.07,337.55,38.18,25.28,0.2121,4,-1,-1
892,296,1718.96,404.56,24.86,58.04,0.4017,1,-1,-1
892,298,1809.77,343.20,16.37,35.05,0.2247,1,-1,-1
892,299,1039.55,338.30,49.33,18.52,0.4475,4,-1,-1
892,300,1543.00,448.81,31.46,71.00,0.6460,1,-1,-1
892,301,1414.69,448.34,39.78,63.22,0.5641,1,-1,-1
892,302,1073.78,437.14,20.66,59.38,0.1437,1,-1,-1
893,261,765.99,331.22,40.82,23.40,0.4630,4,-1,-1
893,287,661.99,334.54,54.95,20.25,0.5458,4,-1,-1
893,293,1791.68,381.41,26.55,58.48,0.6280,1,-1,-1
893,295,620.66,338.15,38.43,25.04,0.2167,4,-1,-1
893,296,1718.61,403.93,25.04,58.31,0.3115,1,-1,-1
893,298,1809.55,343.65,16.30,34.86,0.2465,1,-1,-1
893,299,1039.21,338.15,49.62,18.66,0.4369,4,-1,-1
893,300,1546.21,448.14,31.87,71.98,0.6496,1,-1,-1
893,301,1412.92,446.67,39.26,64.30,0.5273,1,-1,-1
893,302,1073.18,436.27,17.49,49.83,0.3522,1,-1,-1
894,261,765.91,331.19,40.83,23.35,0.4678,4,-1,-1
894,287,662.07,334.54,54.62,20.04,0.5727,4,-1,-1
894,293,1791.83,381.21,26.45,58.12,0.5775,1,-1,-1
894,295,621.08,338.13,37.70,24.38,0.2207,4,-1,-1
894,296,1717.95,403.74,25.50,59.52,0.3720,1,-1,-1
894,298,1809.49,343.92,15.95,34.19,0.2713,1,-1,-1
894,299,1038.98,338.03,49.59,18.69,0.4426,4,-1,-1
894,300,1548.40,448.08,31.49,71.52,0.6442,1,-1,-1
894,301,1410.16,444.82,38.53,65.11,0.5156,1,-1,-1
894,302,1070.83,436.77,17.45,49.27,0.3451,1,-1,-1
894,303,625.08,356.13,13.57,35.86,0.4649,1,-1,-1
895,261,767.16,331.30,40.43,23.03,0.5127,4,-1,-1
895,287,662.28,334.63,54.30,19.82,0.5879,4,-1,-1
895,293,1791.57,380.24,26.70,58.33,0.5870,1,-1,-1
895,295,620.51,338.98,38.07,24.22,0.2187,4,-1,-1
895,296,1717.24,403.66,25.97,60.69,0.4378,1,-1,-1
895,298,1809.43,344.12,15.90,34.10,0.2736,1,-1,-1
895,299,1038.96,337.96,49.08,18.55,0.3849,4,-1,-1
895,300,1549.82,447.00,31.85,72.82,0.6654,1,-1,-1
895,301,1408.10,445.05,37.41,65.20,0.2775,1,-1,-1
895,302,1068.44,436.69,17.20,47.97,0.2006,1,-1,-1
895,303,625.15,356.38,13.37,35.34,0.4688,1,-1,-1
896,261,768.13,331.35,40.38,22.86,0.5224,4,-1,-1
896,287,662.50,334.75,54.20,19.69,0.5879,4,-1,-1
896,293,1791.61,379.60,26.73,58.48,0.5574,1,-1,-1
896,295,619.89,339.38,38.68,24.20,0.1987,4,-1,-1
896,296,1716.20,405.79,25.50,59.11,0.5993,1,-1,-1
896,298,1809.43,344.01,16.01,34.35,0.3007,1,-1,-1
896,299,1038.89,337.79,48.59,18.42,0.2822,4,-1,-1
896,300,1551.69,446.94,31.82,73.37,0.6021,1,-1,-1
896,301,1408.82,449.93,33.30,59.32,0.4446,1,-1,-1
896,302,1066.55,436.13,17.52,48.59,0.3065,1,-1,-1
896,303,625.31,356.59,13.18,34.84,0.4824,1,-1,-1
897,261,768.52,331.32,40.78,22.93,0.5283,4,-1,-1
897,287,662.80,334.71,54.55,19.69,0.5746,4,-1,-1
897,293,1791.61,378.88,26.69,58.45,0.5842,1,-1,-1
897,295,619.11,339.39,39.51,24.35,0.1981,4,-1,-1
897,296,1714.98,407.41,25.50,58.29,0.6901,1,-1,-1
897,298,1809.44,343.91,16.31,34.89,0.2846,1,-1,-1
897,299,1038.57,337.57,48.97,18.63,0.3191,4,-1,-1
897,300,1553.15,447.81,31.36,72.51,0.5467,1,-1,-1
897,301,1409.55,452.15,30.97,56.39,0.2134,1,-1,-1
897,302,1064.53,436.13,18.76,52.01,0.3942,1,-1,-1
897,303,625.53,356.82,13.05,34.44,0.4912,1,-1,-1
898,261,769.06,331.40,40.64,22.69,0.5341,4,-1,-1
898,287,663.03,334.74,54.47,19.53,0.5612,4,-1,-1
898,293,1791.74,378.19,26.48,58.09,0.5506,1,-1,-1
898,295,618.50,338.66,39.69,24.31,0.1877,4,-1,-1
898,296,1714.07,407.57,25.99,58.66,0.7146,1,-1,-1
898,298,1809.56,343.91,16.15,34.40,0.2401,1,-1,-1
898,299,1038.38,337.36,49.32,18.82,0.3433,4,-1,-1
898,300,1555.16,450.83,29.67,68.42,0.4254,1,-1,-1
898,301,1406.56,445.70,33.22,61.75,0.3576,1,-1,-1
898,302,1061.93,435.90,21.60,59.92,0.4893,1,-1,-1
898,303,625.86,357.14,12.74,33.55,0.4756,1,-1,-1
899,261,768.73,331.32,40.89,22.71,0.5156,4,-1,-1
899,287,662.81,334.67,55.23,19.70,0.5516,4,-1,-1
899,293,1791.82,377.65,26.28,57.66,0.6215,1,-1,-1
899,295,618.00,339.18,40.36,24.38,0.1744,4,-1,-1
899,296,1713.31,407.66,26.33,58.93,0.6558,1,-1,-1
899,298,1809.61,343.97,16.53,35.02,0.2516,1,-1,-1
899,299,1038.25,337.33,49.75,18.99,0.4330,4,-1,-1
899,300,1556.80,452.04,28.73,66.17,0.5059,1,-1,-1
899,301,1402.18,448.02,32.13,58.66,0.2744,1,-1,-1
899,302,1059.50,435.92,22.83,63.03,0.5400,1,-1,-1
899,303,626.21,357.44,12.53,32.91,0.4785,1,-1,-1
900,261,769.06,331.45,40.61,22.45,0.5156,4,-1,-1
900,287,662.37,334.60,55.58,19.76,0.5535,4,-1,-1
900,293,1792.03,376.92,26.20,57.49,0.6361,1,-1,-1
900,295,616.97,338.26,40.75,24.48,0.2316,4,-1,-1
900,296,1712.62,408.06,26.51,59.02,0.6289,1,-1,-1
900,298,1809.48,344.13,17.13,36.18,0.2408,1,-1,-1
900,299,1037.82,337.12,50.69,19.33,0.5244,4,-1,-1
900,300,1558.98,453.92,27.92,63.15,0.5765,1,-1,-1
900,301,1397.94,442.93,35.82,64.50,0.4504,1,-1,-1
900,302,1057.43,435.79,23.34,64.27,0.5039,1,-1,-1
900,303,626.19,358.12,12.43,32.39,0.4417,1,-1,-1
901,261,769.88,331.59,40.00,22.08,0.5400,4,-1,-1
901,287,661.68,334.27,55.43,19.71,0.5593,4,-1,-1
901,293,1792.22,376.11,26.51,58.30,0.6307,1,-1,-1
901,295,617.05,337.98,40.99,24.50,0.4552,4,-1,-1
901,296,1712.21,408.60,26.32,58.43,0.5842,1,-1,-1
901,298,1809.16,343.24,17.88,37.90,0.2207,1,-1,-1
901,299,1038.73,337.71,50.50,19.13,0.5516,4,-1,-1
901,300,1559.98,454.49,28.25,62.61,0.6379,1,-1,-1
901,301,1395.50,439.39,38.11,68.60,0.6325,1,-1,-1
901,302,1054.09,435.57,23.32,63.01,0.3191,1,-1,-1
901,303,626.52,357.97,11.99,30.83,0.3942,1,-1,-1
902,261,770.03,331.77,39.81,21.91,0.5477,4,-1,-1
902,287,660.72,333.97,55.50,19.80,0.5612,4,-1,-1
902,293,1792.03,375.68,26.61,58.59,0.6307,1,-1,-1
902,295,616.60,337.74,41.53,24.71,0.4766,4,-1,-1
902,296,1709.46,408.10,27.30,59.53,0.6058,1,-1,-1
902,298,1808.97,343.15,18.48,39.26,0.2173,1,-1,-1
902,299,1039.04,337.95,50.22,18.91,0.4815,4,-1,-1
902,300,1560.68,454.99,28.76,62.31,0.6575,1,-1,-1
902,301,1393.53,437.07,39.68,71.21,0.5000,1,-1,-1
902,302,1055.24,436.04,18.09,46.18,0.5670,2,-1,-1
902,303,626.56,357.66,11.91,30.24,0.3433,1,-1,-1
903,261,770.35,331.84,39.58,21.75,0.5535,4,-1,-1
903,287,659.90,333.95,54.92,19.73,0.5689,4,-1,-1
903,293,1791.86,375.33,26.50,58.44,0.6160,1,-1,-1
903,295,616.19,337.66,41.82,24.76,0.4815,4,-1,-1
903,296,1707.53,408.41,27.99,59.88,0.5525,1,-1,-1
903,298,1809.03,343.26,18.40,39.11,0.2018,1,-1,-1
903,299,1039.05,338.01,50.20,18.79,0.4893,4,-1,-1
903,300,1560.95,455.42,29.44,62.32,0.6732,1,-1,-1
903,301,1391.97,437.32,39.37,70.65,0.5813,1,-1,-1
903,302,1052.05,436.21,17.75,42.36,0.5361,2,-1,-1
903,303,626.61,357.47,11.85,29.76,0.2910,1,-1,-1
904,261,770.48,331.81,39.70,21.77,0.5419,4,-1,-1
904,287,659.34,333.92,54.68,19.78,0.5670,4,-1,-1
904,293,1792.05,375.93,25.72,56.74,0.6197,1,-1,-1
904,295,615.79,337.73,42.01,24.75,0.4552,4,-1,-1
904,296,1706.20,408.49,28.49,60.18,0.3603,1,-1,-1
904,298,1809.06,343.33,18.35,38.94,0.1981,1,-1,-1
904,299,1038.60,337.90,50.74,18.93,0.4698,4,-1,-1
904,300,1561.83,455.94,29.63,61.21,0.6645,1,-1,-1
904,301,1389.39,436.73,39.11,70.93,0.3849,1,-1,-1
904,302,1050.39,436.42,18.33,40.96,0.5185,2,-1,-1
904,303,626.68,357.19,11.83,29.40,0.2598,1,-1,-1
905,261,770.51,331.84,39.69,21.72,0.5302,4,-1,-1
905,287,659.01,333.88,54.33,19.82,0.5689,4,-1,-1
905,293,1792.03,375.83,25.97,57.27,0.5737,1,-1,-1
905,295,615.52,337.73,42.23,24.75,0.4649,4,-1,-1
905,296,1704.67,410.28,28.34,58.99,0.2088,1,-1,-1
905,298,1809.19,343.13,17.82,37.61,0.1962,1,-1,-1
905,299,1038.60,337.94,50.69,18.83,0.4707,4,-1,-1
905,300,1563.02,456.64,29.33,59.19,0.5156,1,-1,-1
905,301,1387.40,436.45,38.33,70.49,0.2422,1,-1,-1
905,302,1047.96,436.56,20.47,43.66,0.5574,2,-1,-1
905,303,626.63,356.95,11.88,29.24,0.2628,1,-1,-1
906,261,770.38,331.80,39.78,21.74,0.5341,4,-1,-1
906,287,658.80,333.88,54.20,19.91,0.5516,4,-1,-1
906,293,1792.27,375.59,26.15,57.70,0.6095,1,-1,-1
906,295,615.44,337.72,42.36,24.77,0.4340,4,-1,-1
906,296,1703.48,410.69,28.96,59.54,0.4187,1,-1,-1
906,298,1808.89,343.40,18.18,38.35,0.1938,1,-1,-1
906,299,1038.47,337.87,51.01,18.90,0.4600,4,-1,-1
906,300,1565.55,456.48,29.71,58.70,0.5341,1,-1,-1
906,302,1047.00,436.61,20.38,41.01,0.6379,2,-1,-1
906,303,626.61,356.95,11.96,29.19,0.2736,1,-1,-1
907,261,770.37,331.86,39.45,21.54,0.5419,4,-1,-1
907,287,658.66,333.93,53.65,19.85,0.5612,4,-1,-1
907,293,1792.39,375.19,26.22,57.91,0.6039,1,-1,-1
907,295,615.68,337.85,42.15,24.59,0.4330,4,-1,-1
907,296,1702.94,412.48,28.95,58.98,0.5332,1,-1,-1
907,298,1808.59,343.81,18.41,38.94,0.1716,1,-1,-1
907,299,1038.28,337.85,51.30,18.95,0.4893,4,-1,-1
907,300,1568.55,457.20,29.91,57.96,0.5746,1,-1,-1
907,302,1045.27,436.83,21.98,42.50,0.6361,2,-1,-1
907,303,626.67,357.32,11.89,28.77,0.2806,1,-1,-1
908,261,770.30,331.84,39.43,21.51,0.5438,4,-1,-1
908,287,658.57,333.95,53.43,19.90,0.5516,4,-1,-1
908,293,1792.67,374.81,25.98,57.37,0.5603,1,-1,-1
908,295,615.61,337.96,41.98,24.42,0.3886,4,-1,-1
908,296,1702.73,414.46,28.50,57.73,0.6114,1,-1,-1
908,298,1808.74,344.23,17.81,37.60,0.1587,1,-1,-1
908,299,1038.18,337.85,51.48,18.96,0.4844,4,-1,-1
908,300,1571.18,457.30,30.14,58.00,0.6766,1,-1,-1
908,302,1044.16,436.54,23.03,42.89,0.5400,2,-1,-1
908,303,626.65,357.66,11.90,28.57,0.2902,1,-1,-1
909,261,770.18,331.78,39.57,21.60,0.5496,4,-1,-1
909,287,658.19,333.82,53.68,20.13,0.5593,4,-1,-1
909,293,1792.87,374.55,25.87,57.04,0.5293,1,-1,-1
909,295,615.51,337.95,42.06,24.43,0.3702,4,-1,-1
909,296,1701.99,414.20,28.88,58.24,0.6002,1,-1,-1
909,298,1808.83,344.62,16.98,35.76,0.1432,1,-1,-1
909,299,1038.36,337.95,51.10,18.76,0.4273,4,-1,-1
909,300,1571.45,450.44,32.52,63.50,0.5917,1,-1,-1
909,302,1041.74,436.45,26.70,49.20,0.5612,2,-1,-1
909,303,626.56,357.99,12.03,28.65,0.3303,1,-1,-1
909,301,1378.61,437.90,35.71,68.00,0.6160,1,-1,-1
910,261,770.09,331.77,39.59,21.62,0.5631,4,-1,-1
910,287,658.04,333.81,53.06,20.02,0.5612,4,-1,-1
910,293,1792.90,374.48,25.84,56.82,0.5254,1,-1,-1
910,295,615.48,338.01,42.11,24.44,0.3469,4,-1,-1
910,296,1701.15,414.21,29.26,58.67,0.5737,1,-1,-1
910,298,1808.82,344.66,17.30,36.39,0.1505,1,-1,-1
910,299,1038.10,338.02,51.58,18.90,0.4321,4,-1,-1
910,300,1572.91,445.24,34.85,68.82,0.6225,1,-1,-1
910,302,1041.29,436.24,24.75,44.20,0.5477,2,-1,-1
910,303,626.51,358.15,12.11,28.66,0.3381,1,-1,-1
910,301,1376.46,437.04,35.32,69.50,0.5993,1,-1,-1
911,261,770.00,331.78,39.36,21.52,0.5784,4,-1,-1
911,287,657.89,333.80,52.09,19.75,0.5670,4,-1,-1
911,293,1792.91,374.42,25.67,56.31,0.5137,1,-1,-1
911,295,615.74,338.18,41.96,24.35,0.3183,4,-1,-1
911,296,1700.18,414.90,29.12,58.31,0.6049,1,-1,-1
911,298,1808.83,344.57,17.49,36.73,0.1456,1,-1,-1
911,299,1037.96,338.10,51.80,18.94,0.4824,4,-1,-1
911,300,1573.76,442.85,35.66,70.96,0.5332,1,-1,-1
911,302,1040.84,436.02,23.23,40.38,0.5974,2,-1,-1
911,303,626.49,358.39,12.12,28.49,0.3486,1,-1,-1
911,301,1374.59,436.94,34.88,70.46,0.6593,1,-1,-1
912,261,770.03,331.82,39.05,21.37,0.5765,4,-1,-1
912,287,657.72,333.87,50.93,19.39,0.5593,4,-1,-1
912,293,1792.88,374.06,25.72,56.37,0.5254,1,-1,-1
912,295,616.74,338.73,41.21,23.94,0.2713,4,-1,-1
912,296,1699.16,415.11,28.90,58.26,0.6680,1,-1,-1
912,298,1808.94,344.56,17.40,36.44,0.1321,1,-1,-1
912,299,1037.79,338.18,51.82,18.94,0.5137,4,-1,-1
912,300,1574.75,441.68,36.63,73.42,0.5078,1,-1,-1
912,302,1039.03,435.18,24.06,41.34,0.4824,2,-1,-1
912,303,626.52,358.63,12.16,28.41,0.3657,1,-1,-1
912,301,1373.43,438.37,33.95,69.79,0.6379,1,-1,-1
913,261,770.10,331.86,38.71,21.21,0.5689,4,-1,-1
913,287,657.44,333.87,50.22,19.18,0.5574,4,-1,-1
913,293,1792.80,373.63,25.90,56.78,0.4785,1,-1,-1
913,295,617.27,339.12,40.75,23.69,0.2227,4,-1,-1
913,296,1698.49,414.36,29.52,60.34,0.6918,1,-1,-1
913,298,1809.19,344.68,16.57,34.51,0.1056,1,-1,-1
913,299,1037.85,338.25,51.49,18.84,0.5185,4,-1,-1
913,300,1576.34,442.01,36.17,72.65,0.4971,1,-1,-1
913,302,1034.48,434.51,30.41,53.23,0.3951,2,-1,-1
913,303,626.50,358.78,12.14,28.23,0.3311,1,-1,-1
913,301,1371.52,437.65,34.45,71.49,0.6732,1,-1,-1
914,261,770.04,331.87,38.66,21.20,0.5727,4,-1,-1
914,287,657.50,333.94,49.54,18.97,0.5554,4,-1,-1
914,293,1792.54,373.36,25.90,56.96,0.5020,1,-1,-1
914,295,617.38,339.17,40.66,23.66,0.2344,4,-1,-1
914,296,1697.80,414.03,29.45,61.13,0.6851,1,-1,-1
914,298,1809.21,344.90,16.25,33.78,0.1352,1,-1,-1
914,299,1037.94,338.23,51.20,18.74,0.5361,4,-1,-1
914,300,1578.38,443.00,35.38,71.11,0.4504,1,-1,-1
914,302,1031.88,434.03,33.38,59.63,0.4746,1,-1,-1
914,303,626.46,358.81,12.22,28.26,0.3416,1,-1,-1
914,301,1368.51,438.77,34.07,70.55,0.7146,1,-1,-1
915,261,769.93,331.90,38.65,21.20,0.5708,4,-1,-1
915,287,657.74,334.05,49.12,18.83,0.5535,4,-1,-1
915,293,1792.31,373.00,25.71,56.91,0.5029,1,-1,-1
915,295,617.45,339.08,40.76,23.78,0.2372,4,-1,-1
915,296,1697.05,413.30,29.77,62.53,0.6123,1,-1,-1
915,298,1808.99,345.12,16.24,33.83,0.1613,1,-1,-1
915,299,1038.02,338.18,51.01,18.69,0.5263,4,-1,-1
915,300,1578.55,442.54,35.99,72.29,0.4834,1,-1,-1
915,302,1030.62,433.85,33.15,60.60,0.5870,1,-1,-1
915,303,626.40,358.55,12.44,28.61,0.3576,1,-1,-1
915,301,1366.46,438.64,34.40,70.78,0.7364,1,-1,-1
915,305,1105.30,317.73,41.23,17.69,0.5029,4,-1,-1
916,261,769.83,331.89,38.67,21.22,0.5516,4,-1,-1
916,287,657.39,334.04,49.22,18.95,0.5612,4,-1,-1
916,293,1792.02,372.18,25.79,57.27,0.5244,1,-1,-1
916,295,617.76,339.49,40.15,23.52,0.1546,4,-1,-1
916,296,1696.48,412.55,29.79,63.24,0.3849,1,-1,-1
916,299,1038.08,338.06,50.89,18.66,0.5689,4,-1,-1
916,300,1579.20,440.34,37.90,75.97,0.5215,1,-1,-1
916,302,1029.24,433.62,33.04,61.91,0.6792,1,-1,-1
916,303,626.36,359.07,12.28,28.03,0.3346,1,-1,-1
916,301,1363.58,436.58,36.26,73.65,0.6723,1,-1,-1
916,305,1105.46,317.51,40.25,17.26,0.3320,4,-1,-1
917,261,769.84,331.85,38.70,21.26,0.5496,4,-1,-1
917,287,657.39,334.05,49.03,18.95,0.5554,4,-1,-1
917,293,1791.90,371.68,25.68,57.21,0.4912,1,-1,-1
917,295,617.85,339.60,39.86,23.42,0.1629,4,-1,-1
917,296,1696.24,412.87,29.56,63.48,0.4292,1,-1,-1
917,299,1038.05,338.05,50.92,18.68,0.5400,4,-1,-1
917,300,1583.47,440.95,36.27,73.24,0.5409,1,-1,-1
917,302,1028.15,433.56,32.58,62.79,0.6826,1,-1,-1
917,303,626.35,359.19,12.23,27.71,0.3311,1,-1,-1
917,301,1361.55,436.08,37.29,74.85,0.6826,1,-1,-1
917,305,1105.22,317.44,40.16,17.23,0.3140,4,-1,-1
918,261,770.01,331.91,38.41,21.11,0.5458,4,-1,-1
918,287,657.54,334.13,48.50,18.80,0.5631,4,-1,-1
918,293,1791.95,371.39,25.47,56.68,0.4912,1,-1,-1
918,295,617.83,339.55,39.59,23.30,0.1889,4,-1,-1
918,296,1695.66,413.91,29.08,63.06,0.6397,1,-1,-1
918,299,1038.11,338.06,50.87,18.68,0.5341,4,-1,-1
918,300,1581.48,440.82,37.52,74.92,0.6496,1,-1,-1
918,302,1028.04,433.52,30.90,60.98,0.6800,1,-1,-1
918,303,626.38,359.35,12.16,27.37,0.3416,1,-1,-1
918,301,1360.23,437.88,37.11,73.77,0.6740,1,-1,-1
918,305,1104.84,317.46,40.40,17.33,0.2934,4,-1,-1
919,261,770.10,331.94,38.26,21.04,0.5400,4,-1,-1
919,287,657.74,334.20,48.00,18.66,0.5651,4,-1,-1
919,293,1792.13,371.28,24.95,55.47,0.4562,1,-1,-1
919,295,617.62,339.51,39.46,23.21,0.2075,4,-1,-1
919,296,1695.40,415.73,28.13,61.51,0.6325,1,-1,-1
919,299,1037.94,338.06,51.15,18.80,0.5322,4,-1,-1
919,300,1581.44,440.92,37.65,74.06,0.5078,1,-1,-1
919,302,1027.44,433.47,30.30,61.22,0.6549,1,-1,-1
919,303,626.35,359.48,12.16,27.22,0.3433,1,-1,-1
919,301,1357.44,439.53,35.81,71.69,0.6261,1,-1,-1
919,305,1103.89,317.57,41.92,18.02,0.2814,4,-1,-1
920,261,770.21,331.95,38.17,20.99,0.5244,4,-1,-1
920,287,657.86,334.20,47.83,18.63,0.5631,4,-1,-1
920,293,1792.15,371.16,25.00,55.52,0.4961,1,-1,-1
920,295,617.33,339.39,39.51,23.21,0.2282,4,-1,-1
920,296,1694.99,416.92,27.68,60.71,0.6918,1,-1,-1
920,299,1037.87,338.06,51.21,18.85,0.5107,4,-1,-1
920,300,1581.94,439.82,39.11,75.66,0.6584,1,-1,-1
920,302,1026.76,432.98,29.22,60.28,0.6289,1,-1,-1
920,303,626.29,359.50,12.30,27.40,0.3594,1,-1,-1
920,301,1355.65,438.72,35.05,71.16,0.6289,1,-1,-1
920,305,1103.50,317.69,42.69,18.40,0.2886,4,-1,-1
921,261,770.28,331.97,38.05,20.92,0.5146,4,-1,-1
921,287,657.94,334.16,47.49,18.54,0.5535,4,-1,-1
921,293,1792.22,370.76,24.88,55.09,0.4620,1,-1,-1
921,295,617.09,339.27,39.63,23.25,0.2154,4,-1,-1
921,296,1694.09,418.05,27.55,60.79,0.6645,1,-1,-1
921,299,1037.74,337.98,51.38,18.94,0.4766,4,-1,-1
921,300,1582.75,439.55,40.22,76.48,0.6206,1,-1,-1
921,302,1025.89,432.89,29.04,60.96,0.7162,1,-1,-1
921,303,626.20,359.37,12.66,28.15,0.3739,1,-1,-1
921,301,1354.14,438.74,34.43,71.01,0.6049,1,-1,-1
921,305,1103.37,317.75,43.04,18.60,0.2531,4,-1,-1
922,261,770.34,331.96,37.90,20.83,0.5205,4,-1,-1
922,287,657.93,334.13,47.21,18.48,0.5554,4,-1,-1
922,293,1792.12,370.06,24.64,54.28,0.3989,1,-1,-1
922,295,617.56,339.31,39.41,23.15,0.1761,4,-1,-1
922,296,1693.38,418.17,27.61,61.19,0.5341,1,-1,-1
922,299,1037.66,337.94,51.39,18.97,0.4581,4,-1,-1
922,300,1581.15,435.98,43.36,81.46,0.5409,1,-1,-1
922,302,1024.69,432.74,29.02,61.86,0.6984,1,-1,-1
922,303,626.25,359.28,13.08,29.12,0.3886,1,-1,-1
922,301,1352.54,438.67,33.86,71.54,0.6766,1,-1,-1
922,305,1103.13,317.80,43.60,18.90,0.2429,4,-1,-1
923,261,770.33,331.96,37.73,20.74,0.5127,4,-1,-1
923,287,657.97,334.17,46.92,18.41,0.5535,4,-1,-1
923,293,1791.89,369.48,24.39,53.46,0.3720,1,-1,-1
923,295,617.84,339.44,39.12,23.00,0.1535,4,-1,-1
923,296,1692.70,418.96,27.30,60.95,0.4225,1,-1,-1
923,299,1037.51,337.85,51.55,19.07,0.5088,4,-1,-1
923,300,1583.07,436.13,43.69,81.30,0.6197,1,-1,-1
923,302,1023.50,433.04,28.51,61.65,0.6951,1,-1,-1
923,303,626.28,359.18,13.39,29.88,0.3989,1,-1,-1
923,301,1350.78,438.95,33.38,72.33,0.6593,1,-1,-1
923,305,1102.81,317.85,44.34,19.28,0.2372,4,-1,-1
924,261,770.25,331.91,37.74,20.75,0.4990,4,-1,-1
924,287,658.08,334.22,46.56,18.30,0.5496,4,-1,-1
924,293,1791.35,369.01,24.49,53.46,0.3329,1,-1,-1
924,295,617.97,339.52,38.88,22.87,0.1389,4,-1,-1
924,296,1692.49,419.62,26.77,60.53,0.5098,1,-1,-1
924,299,1037.50,337.87,51.35,19.04,0.4620,4,-1,-1
924,300,1586.77,437.15,42.76,79.70,0.6783,1,-1,-1
924,302,1022.49,433.77,27.81,60.68,0.6663,1,-1,-1
924,303,626.40,359.15,13.46,30.12,0.3923,1,-1,-1
924,301,1348.65,437.23,34.43,76.68,0.6505,1,-1,-1
924,305,1102.57,317.95,44.78,19.55,0.2108,4,-1,-1
925,261,770.24,331.85,37.67,20.75,0.5049,4,-1,-1
925,287,657.92,334.13,46.63,18.40,0.5438,4,-1,-1
925,293,1791.11,368.59,24.16,52.54,0.2790,1,-1,-1
925,295,619.23,340.42,37.81,22.25,0.1234,4,-1,-1
925,296,1691.80,419.66,26.39,60.51,0.5137,1,-1,-1
925,299,1037.29,337.74,51.43,19.11,0.4455,4,-1,-1
925,300,1590.76,437.94,40.72,76.99,0.5917,1,-1,-1
925,302,1021.23,434.19,27.21,60.19,0.6951,1,-1,-1
925,303,626.51,359.14,13.59,30.53,0.3923,1,-1,-1
925,301,1346.68,438.59,33.24,75.42,0.6531,1,-1,-1
925,305,1102.87,317.99,44.14,19.30,0.2088,4,-1,-1
926,261,770.30,331.90,37.39,20.63,0.4990,4,-1,-1
926,287,657.94,334.11,46.43,18.38,0.5400,4,-1,-1
926,293,1790.97,368.14,24.15,52.59,0.4455,1,-1,-1
926,295,619.47,340.58,37.55,22.11,0.1389,4,-1,-1
926,296,1690.80,418.43,26.38,61.41,0.3460,1,-1,-1
926,299,1036.83,337.80,51.68,19.27,0.4187,4,-1,-1
926,300,1595.46,441.43,38.22,72.60,0.4990,1,-1,-1
926,302,1020.15,434.06,26.77,59.91,0.6935,1,-1,-1
926,303,626.72,359.23,13.44,30.33,0.4064,1,-1,-1
926,301,1345.62,438.80,31.31,71.74,0.6775,1,-1,-1
926,305,1103.03,318.13,43.95,19.24,0.2227,4,-1,-1
927,261,770.34,331.93,37.15,20.53,0.4922,4,-1,-1
927,287,658.07,334.05,46.04,18.29,0.5322,4,-1,-1
927,293,1790.75,367.52,23.99,52.33,0.4688,1,-1,-1
927,295,620.35,341.27,36.81,21.65,0.1082,4,-1,-1
927,296,1690.55,418.36,26.02,61.33,0.4533,1,-1,-1
927,299,1036.72,337.78,51.54,19.29,0.4600,4,-1,-1
927,300,1598.29,442.48,37.22,70.93,0.4149,1,-1,-1
927,302,1018.58,433.34,26.53,60.14,0.6540,1,-1,-1
927,303,626.95,359.39,13.37,30.30,0.4206,1,-1,-1
927,301,1344.11,437.70,30.84,70.73,0.6868,1,-1,-1
927,305,1103.17,318.13,43.82,19.20,0.2651,4,-1,-1
928,261,770.34,331.89,37.04,20.49,0.4776,4,-1,-1
928,287,658.13,333.93,45.77,18.24,0.5117,4,-1,-1
928,293,1790.67,366.97,24.05,52.60,0.5516,1,-1,-1
928,296,1690.18,418.69,25.88,61.39,0.3849,1,-1,-1
928,299,1036.76,337.73,51.25,19.24,0.4273,4,-1,-1
928,300,1600.16,443.33,37.06,70.34,0.4301,1,-1,-1
928,302,1017.21,432.70,26.35,60.47,0.6766,1,-1,-1
928,303,627.19,359.40,13.36,30.39,0.4417,1,-1,-1
928,301,1341.92,437.74,31.36,71.55,0.7379,1,-1,-1
928,305,1103.27,318.04,43.87,19.24,0.2674,4,-1,-1
929,261,770.26,331.78,37.04,20.52,0.4562,4,-1,-1
929,287,658.25,333.81,45.62,18.24,0.4980,4,-1,-1
929,293,1790.49,366.56,24.20,53.11,0.5000,1,-1,-1
929,296,1689.55,417.85,25.89,62.01,0.2127,1,-1,-1
929,299,1036.81,337.66,51.03,19.23,0.4311,4,-1,-1
929,300,1602.93,441.15,37.88,72.00,0.3057,1,-1,-1
929,302,1015.58,431.88,26.29,61.01,0.7114,1,-1,-1
929,303,627.26,359.23,13.39,30.52,0.4620,1,-1,-1
929,301,1338.75,438.16,32.62,73.46,0.7178,1,-1,-1
929,305,1103.33,317.92,44.04,19.33,0.2878,4,-1,-1
930,261,770.14,331.71,36.96,20.50,0.4244,4,-1,-1
930,287,658.43,333.75,45.36,18.19,0.4883,4,-1,-1
930,293,1790.55,366.14,24.35,53.66,0.5059,1,-1,-1
930,296,1688.27,418.57,25.55,61.51,0.3024,1,-1,-1
930,299,1037.06,337.62,50.64,19.14,0.4292,4,-1,-1
930,300,1599.79,437.51,39.47,75.28,0.5234,1,-1,-1
930,302,1014.13,431.76,26.05,60.92,0.7194,1,-1,-1
930,303,627.27,359.30,13.47,30.76,0.4668,1,-1,-1
930,301,1335.60,437.80,33.37,73.75,0.7766,1,-1,-1
930,305,1103.40,317.92,44.30,19.46,0.2983,4,-1,-1
931,261,769.69,331.54,37.06,20.59,0.4941,4,-1,-1
931,287,659.04,333.85,44.64,17.92,0.5146,4,-1,-1
931,293,1791.10,365.73,24.42,53.94,0.5765,1,-1,-1
931,296,1686.56,419.17,25.64,61.72,0.2344,1,-1,-1
931,299,1036.72,337.50,51.22,19.44,0.3639,4,-1,-1
931,300,1599.45,436.08,39.86,76.46,0.5049,1,-1,-1
931,302,1012.29,431.47,26.07,61.02,0.7424,1,-1,-1
931,303,627.71,360.82,13.33,30.50,0.4688,1,-1,-1
931,301,1333.21,439.72,32.92,70.45,0.7058,1,-1,-1
931,305,1102.94,317.78,46.42,20.45,0.2870,4,-1,-1
932,261,769.57,331.49,37.06,20.61,0.4883,4,-1,-1
932,287,659.29,333.89,44.49,17.87,0.5146,4,-1,-1
932,293,1791.10,365.35,24.33,53.90,0.5670,1,-1,-1
932,296,1684.00,419.68,25.87,62.20,0.4196,1,-1,-1
932,299,1036.54,337.44,51.48,19.62,0.3840,4,-1,-1
932,300,1603.60,438.28,39.36,74.56,0.4668,1,-1,-1
932,302,1011.00,431.45,25.98,60.90,0.7178,1,-1,-1
932,303,628.01,361.60,13.32,30.55,0.4707,1,-1,-1
932,301,1331.03,438.94,34.27,71.70,0.7379,1,-1,-1
932,305,1102.79,317.68,47.23,20.86,0.2983,4,-1,-1
933,261,769.51,331.41,37.25,20.74,0.4961,4,-1,-1
933,287,659.56,333.85,44.43,17.86,0.5156,4,-1,-1
933,293,1791.17,365.05,24.28,53.96,0.5708,1,-1,-1
933,296,1682.39,420.68,25.79,61.87,0.1772,1,-1,-1
933,299,1036.37,337.36,51.76,19.80,0.4321,4,-1,-1
933,300,1605.85,438.09,40.33,75.67,0.5689,1,-1,-1
933,302,1009.96,431.91,26.01,61.08,0.6826,1,-1,-1
933,303,628.16,361.72,13.36,30.66,0.4902,1,-1,-1
933,301,1329.96,438.85,34.14,70.52,0.7585,1,-1,-1
933,305,1102.82,317.60,47.54,21.05,0.3082,4,-1,-1
934,261,769.52,331.39,37.24,20.76,0.4941,4,-1,-1
934,287,659.88,333.87,44.23,17.80,0.5244,4,-1,-1
934,293,1791.23,364.72,24.33,54.27,0.5708,1,-1,-1
934,296,1680.77,420.32,25.84,61.82,0.1901,1,-1,-1
934,299,1036.38,337.35,51.82,19.90,0.4102,4,-1,-1
934,300,1607.17,438.34,40.64,75.50,0.5879,1,-1,-1
934,302,1008.17,431.59,26.48,61.63,0.6809,1,-1,-1
934,303,628.36,361.76,13.30,30.52,0.4971,1,-1,-1
934,301,1328.52,438.82,33.44,68.91,0.7424,1,-1,-1
934,305,1102.84,317.56,47.55,21.11,0.2886,4,-1,-1
935,261,769.53,331.40,37.18,20.75,0.4941,4,-1,-1
935,287,660.15,333.88,44.04,17.74,0.5322,4,-1,-1
935,293,1791.35,364.37,24.46,54.79,0.5784,1,-1,-1
935,296,1679.73,419.82,25.98,62.47,0.3469,1,-1,-1
935,299,1036.41,337.33,51.91,20.01,0.4542,4,-1,-1
935,300,1608.41,437.69,40.44,74.38,0.5955,1,-1,-1
935,302,1007.02,431.21,26.65,61.62,0.7098,1,-1,-1
935,303,628.60,361.75,13.14,30.15,0.4961,1,-1,-1
935,301,1326.79,438.29,32.25,67.13,0.6968,1,-1,-1
935,305,1102.90,317.52,47.56,21.16,0.2934,4,-1,-1
936,261,770.00,331.32,37.34,20.87,0.4805,4,-1,-1
936,287,660.42,333.93,43.76,17.65,0.5341,4,-1,-1
936,293,1791.60,362.69,25.39,57.05,0.5765,1,-1,-1
936,296,1679.09,419.54,25.34,61.18,0.3513,1,-1,-1
936,299,1036.45,337.25,51.92,20.09,0.4484,4,-1,-1
936,300,1609.30,436.89,41.24,75.72,0.5955,1,-1,-1
936,302,1005.20,430.74,27.11,61.67,0.7082,1,-1,-1
936,303,628.83,361.69,12.98,29.75,0.4980,1,-1,-1
936,301,1324.39,437.18,32.74,69.08,0.6261,1,-1,-1
936,305,1103.09,317.49,47.60,21.20,0.2975,4,-1,-1
937,261,769.73,331.35,37.30,20.87,0.4990,4,-1,-1
937,287,660.47,333.90,43.88,17.74,0.5263,4,-1,-1
937,293,1791.79,362.26,25.57,57.51,0.6086,1,-1,-1
937,296,1679.01,419.21,24.20,58.19,0.4130,1,-1,-1
937,299,1036.51,337.25,51.73,20.07,0.4177,4,-1,-1
937,300,1610.14,436.73,42.24,78.03,0.6433,1,-1,-1
937,302,1003.90,430.19,27.49,61.43,0.7241,1,-1,-1
937,303,628.99,361.61,12.87,29.44,0.5059,1,-1,-1
937,301,1323.27,437.65,31.09,67.00,0.6505,1,-1,-1
937,305,1103.24,317.45,47.56,21.20,0.2975,4,-1,-1
938,261,769.66,331.41,37.25,20.86,0.5020,4,-1,-1
938,287,660.56,333.82,43.88,17.80,0.5263,4,-1,-1
938,293,1791.83,362.38,25.43,57.24,0.6030,1,-1,-1
938,296,1678.31,415.42,24.20,57.89,0.3821,1,-1,-1
938,299,1036.68,337.26,51.55,20.04,0.4036,4,-1,-1
938,300,1610.87,434.66,41.76,78.41,0.5917,1,-1,-1
938,302,1003.31,430.14,27.80,61.32,0.7454,1,-1,-1
938,303,629.11,361.54,12.77,29.13,0.5039,1,-1,-1
938,301,1322.00,436.55,29.87,65.83,0.6758,1,-1,-1
938,305,1103.42,317.43,47.22,21.05,0.2846,4,-1,-1
939,261,769.71,331.47,37.23,20.87,0.5205,4,-1,-1
939,287,660.50,333.72,43.99,17.91,0.5137,4,-1,-1
939,293,1791.81,363.41,24.61,55.45,0.6123,1,-1,-1
939,296,1676.30,414.18,26.06,62.97,0.2546,1,-1,-1
939,299,1037.00,337.29,51.18,19.92,0.4225,4,-1,-1
939,300,1612.26,433.78,39.94,76.50,0.5765,1,-1,-1
939,302,1002.31,430.22,28.03,61.24,0.7542,1,-1,-1
939,303,629.15,361.51,12.81,29.14,0.5117,1,-1,-1
939,301,1320.34,436.33,29.40,66.23,0.6671,1,-1,-1
939,305,1103.51,317.44,46.72,20.83,0.3049,4,-1,-1
940,261,769.83,331.57,37.16,20.82,0.5244,4,-1,-1
940,287,660.39,333.57,44.18,18.07,0.5107,4,-1,-1
940,293,1791.92,363.64,24.06,54.23,0.6197,1,-1,-1
940,296,1675.48,416.26,25.45,61.89,0.2666,1,-1,-1
940,299,1037.40,337.30,50.80,19.80,0.4378,4,-1,-1
940,300,1611.86,432.32,40.66,80.09,0.4922,1,-1,-1
940,302,1001.31,430.30,28.13,61.17,0.7614,1,-1,-1
940,303,629.07,361.54,13.04,29.64,0.5312,1,-1,-1
940,301,1318.12,436.14,29.36,67.63,0.5535,1,-1,-1
940,305,1103.61,317.42,46.15,20.58,0.3200,4,-1,-1
941,261,769.87,331.62,37.23,20.85,0.5263,4,-1,-1
941,287,660.38,333.41,44.39,18.25,0.5088,4,-1,-1
941,293,1792.06,363.66,23.75,53.42,0.6379,1,-1,-1
941,296,1674.44,419.09,24.64,60.02,0.3416,1,-1,-1
941,299,1037.43,337.26,50.86,19.84,0.4254,4,-1,-1
941,300,1612.82,432.22,40.05,81.18,0.5765,1,-1,-1
941,302,1000.47,430.38,28.02,60.56,0.7439,1,-1,-1
941,303,629.01,361.66,13.17,29.86,0.5293,1,-1,-1
941,301,1316.40,436.27,28.68,67.17,0.6851,1,-1,-1
941,305,1103.58,317.38,46.08,20.57,0.2902,4,-1,-1
942,261,770.03,331.69,37.17,20.81,0.5322,4,-1,-1
942,287,660.49,333.32,44.37,18.33,0.5117,4,-1,-1
942,293,1792.17,363.60,23.43,52.51,0.6505,1,-1,-1
942,296,1672.84,419.34,24.42,59.40,0.1180,1,-1,-1
942,299,1037.56,337.35,50.63,19.74,0.4073,4,-1,-1
942,300,1613.26,431.68,39.27,81.90,0.5784,1,-1,-1
942,302,999.78,430.46,28.01,60.28,0.7210,1,-1,-1
942,303,629.13,361.94,13.09,29.64,0.5039,1,-1,-1
942,301,1314.54,436.61,28.64,68.01,0.6968,1,-1,-1
942,305,1103.55,317.40,45.88,20.51,0.2480,4,-1,-1
943,261,770.63,331.65,37.10,20.80,0.5078,4,-1,-1
943,287,660.79,333.30,44.17,18.32,0.5185,4,-1,-1
943,293,1792.25,363.48,23.26,52.02,0.6397,1,-1,-1
943,299,1037.46,337.35,50.70,19.75,0.4407,4,-1,-1
943,300,1615.38,431.24,36.76,78.38,0.5370,1,-1,-1
943,302,998.68,431.35,27.83,59.63,0.7114,1,-1,-1
943,303,629.40,362.20,12.67,28.50,0.4649,1,-1,-1
943,301,1312.19,437.15,28.86,68.55,0.7364,1,-1,-1
943,305,1103.47,317.44,45.75,20.50,0.2394,4,-1,-1
944,261,771.01,331.75,36.83,20.66,0.5000,4,-1,-1
944,287,661.08,333.34,43.83,18.25,0.5302,4,-1,-1
944,293,1792.28,363.28,23.20,51.77,0.5898,1,-1,-1
944,299,1037.52,337.36,50.56,19.68,0.4600,4,-1,-1
944,300,1617.49,431.51,34.86,76.00,0.2991,1,-1,-1
944,302,997.81,431.72,27.53,59.13,0.7225,1,-1,-1
944,303,630.21,362.02,12.24,27.58,0.4659,1,-1,-1
944,301,1310.24,438.05,28.76,67.59,0.7098,1,-1,-1
944,305,1103.58,317.50,45.46,20.41,0.2531,4,-1,-1
945,261,771.09,331.73,36.84,20.68,0.4941,4,-1,-1
945,287,661.26,333.37,43.65,18.22,0.5283,4,-1,-1
945,293,1792.26,362.93,23.29,51.80,0.5670,1,-1,-1
945,299,1037.43,337.33,50.57,19.65,0.5670,4,-1,-1
945,300,1617.82,432.76,34.31,76.44,0.5029,1,-1,-1
945,302,996.89,431.67,27.36,59.23,0.7066,1,-1,-1
945,303,629.85,362.40,12.28,27.53,0.4659,1,-1,-1
945,301,1308.45,438.19,29.01,67.08,0.6885,1,-1,-1
945,305,1103.73,317.66,45.11,20.28,0.2531,4,-1,-1
946,261,771.20,331.57,37.23,20.94,0.5477,4,-1,-1
946,287,661.88,333.51,43.21,18.01,0.5137,4,-1,-1
946,293,1792.25,362.28,23.48,51.90,0.6067,1,-1,-1
946,299,1039.81,337.85,48.27,18.69,0.3329,4,-1,-1
946,300,1619.75,432.90,34.14,76.58,0.5438,1,-1,-1
946,302,996.22,431.84,27.03,59.12,0.7066,1,-1,-1
946,303,629.75,362.83,12.51,27.87,0.5156,1,-1,-1
946,301,1304.63,438.40,30.51,68.93,0.6851,1,-1,-1
946,305,1104.44,317.70,44.15,19.81,0.1048,4,-1,-1
946,296,1669.30,427.55,24.06,58.16,0.5708,1,-1,-1
947,261,771.12,331.69,37.20,20.90,0.5804,4,-1,-1
947,287,662.15,333.62,43.32,18.01,0.5224,4,-1,-1
947,293,1792.07,361.58,23.74,52.30,0.6105,1,-1,-1
947,299,1040.69,338.17,47.49,18.31,0.3032,4,-1,-1
947,300,1621.94,434.43,33.66,74.82,0.5898,1,-1,-1
947,302,996.09,432.30,26.21,57.90,0.7287,1,-1,-1
947,303,630.19,362.45,12.46,27.77,0.5049,1,-1,-1
947,301,1301.72,438.44,31.39,69.39,0.6732,1,-1,-1
947,305,1104.82,317.77,43.40,19.43,0.1128,4,-1,-1
947,296,1667.27,428.37,24.98,59.51,0.5860,1,-1,-1
948,261,771.18,331.75,37.29,20.92,0.5917,4,-1,-1
948,287,662.26,333.75,43.47,18.02,0.5341,4,-1,-1
948,293,1791.71,361.02,23.81,52.50,0.6142,1,-1,-1
948,299,1041.07,338.38,47.12,18.10,0.3115,4,-1,-1
948,300,1622.80,435.89,33.50,74.00,0.5312,1,-1,-1
948,302,995.79,432.87,25.87,57.79,0.7484,1,-1,-1
948,303,630.35,362.37,12.43,27.66,0.5059,1,-1,-1
948,301,1298.23,433.56,34.99,76.56,0.6860,1,-1,-1
948,305,1105.80,317.88,41.31,18.32,0.1272,4,-1,-1
948,296,1664.86,426.95,26.67,63.47,0.2069,1,-1,-1
949,261,771.27,331.81,37.26,20.84,0.5898,4,-1,-1
949,287,662.37,333.90,43.69,18.05,0.5496,4,-1,-1
949,293,1791.46,360.56,23.82,52.61,0.5974,1,-1,-1
949,299,1040.91,338.43,47.35,18.13,0.2975,4,-1,-1
949,300,1623.75,434.83,34.18,75.14,0.4815,1,-1,-1
949,302,995.31,433.43,25.45,57.43,0.7318,1,-1,-1
949,303,630.49,362.63,12.29,27.30,0.4980,1,-1,-1
949,301,1295.97,432.66,35.92,78.60,0.6531,1,-1,-1
949,305,1106.23,317.98,40.16,17.66,0.1427,4,-1,-1
949,296,1660.78,426.08,27.81,66.38,0.1515,1,-1,-1
949,310,1266.88,327.22,51.92,22.37,0.4863,4,-1,-1
950,261,771.52,331.85,37.17,20.70,0.5708,4,-1,-1
950,287,662.38,334.09,43.75,18.01,0.5612,4,-1,-1
950,293,1791.31,360.36,23.74,52.52,0.6415,1,-1,-1
950,299,1040.65,338.62,47.34,18.02,0.2918,4,-1,-1
950,300,1625.09,436.18,35.49,77.46,0.6451,1,-1,-1
950,302,994.45,433.70,25.25,57.16,0.7256,1,-1,-1
950,303,630.66,363.05,12.06,26.70,0.5000,1,-1,-1
950,301,1294.46,431.00,36.29,80.01,0.6478,1,-1,-1
950,305,1105.87,318.34,40.58,17.76,0.1330,4,-1,-1
950,296,1657.63,424.32,28.56,68.12,0.1059,1,-1,-1
950,310,1267.40,327.45,51.22,22.07,0.5049,4,-1,-1
951,261,771.56,331.90,37.14,20.58,0.5496,4,-1,-1
951,287,662.46,334.24,44.07,18.05,0.5612,4,-1,-1
951,293,1791.20,360.09,23.74,52.57,0.6766,1,-1,-1
951,299,1040.40,338.73,47.65,18.02,0.3513,4,-1,-1
951,300,1627.48,436.16,32.45,69.87,0.6011,1,-1,-1
951,302,993.16,434.54,24.92,56.21,0.7001,1,-1,-1
951,303,630.63,363.19,12.11,26.73,0.5195,1,-1,-1
951,301,1293.26,429.89,36.17,80.61,0.5964,1,-1,-1
951,305,1105.61,318.46,41.20,17.96,0.1515,4,-1,-1
951,296,1651.12,436.34,30.50,72.82,0.6663,1,-1,-1
951,310,1267.50,327.46,51.08,21.99,0.5166,4,-1,-1
952,261,771.47,331.87,37.23,20.52,0.5146,4,-1,-1
952,287,662.47,334.32,44.80,18.26,0.5708,4,-1,-1
952,293,1791.22,359.81,23.66,52.41,0.6968,1,-1,-1
952,299,1040.26,338.81,47.84,17.96,0.4111,4,-1,-1
952,300,1632.08,434.73,31.81,69.12,0.5438,1,-1,-1
952,302,992.19,434.89,24.66,55.47,0.7210,1,-1,-1
952,303,630.58,363.23,12.22,26.91,0.5302,1,-1,-1
952,301,1292.15,430.30,35.13,79.70,0.5679,1,-1,-1
952,305,1105.47,318.59,41.47,18.02,0.1772,4,-1,-1
952,296,1648.42,441.24,30.91,72.74,0.5823,1,-1,-1
952,310,1267.82,327.49,50.58,21.76,0.5078,4,-1,-1
953,261,771.13,331.54,38.45,21.22,0.4893,4,-1,-1
953,287,662.55,334.37,45.60,18.48,0.5708,4,-1,-1
953,293,1791.21,359.52,23.63,52.28,0.7001,1,-1,-1
953,299,1040.06,338.87,48.34,18.04,0.3234,4,-1,-1
953,300,1635.65,433.73,33.20,72.13,0.5312,1,-1,-1
953,302,991.35,434.81,24.62,55.23,0.6645,1,-1,-1
953,303,630.50,363.17,12.36,27.18,0.5302,1,-1,-1
953,301,1291.10,430.10,33.45,77.15,0.5263,1,-1,-1
953,305,1105.30,318.63,41.90,18.15,0.1716,4,-1,-1
953,296,1648.47,436.69,33.53,79.41,0.2720,1,-1,-1
953,310,1268.01,326.85,52.22,22.51,0.4668,4,-1,-1
954,261,770.91,331.43,38.95,21.52,0.4795,4,-1,-1
954,287,662.61,334.42,46.44,18.70,0.5823,4,-1,-1
954,293,1791.28,359.29,23.55,52.02,0.7098,1,-1,-1
954,299,1039.76,339.13,48.55,17.99,0.1520,4,-1,-1
954,300,1638.85,433.33,35.81,77.06,0.5936,1,-1,-1
954,302,990.17,435.74,24.52,54.23,0.5718,1,-1,-1
954,303,630.47,363.34,12.40,27.27,0.5185,1,-1,-1
954,301,1290.50,431.23,31.65,74.04,0.5651,1,-1,-1
954,305,1105.11,318.67,42.28,18.26,0.1303,4,-1,-1
954,296,1649.91,433.78,32.52,77.37,0.1156,1,-1,-1
954,310,1268.56,326.53,52.58,22.73,0.4102,4,-1,-1
955,261,770.95,331.60,38.48,21.14,0.4932,4,-1,-1
955,287,662.67,334.42,46.77,18.72,0.5860,4,-1,-1
955,293,1791.10,359.05,23.58,52.02,0.6935,1,-1,-1
955,299,1038.89,339.03,50.02,18.45,0.1556,4,-1,-1
955,300,1640.07,432.77,36.43,78.83,0.6800,1,-1,-1
955,302,989.07,436.61,24.46,53.26,0.6334,1,-1,-1
955,303,630.52,363.51,12.48,27.49,0.5049,1,-1,-1
955,301,1289.36,431.36,31.67,74.51,0.5631,1,-1,-1
955,305,1105.06,318.66,42.71,18.39,0.1316,4,-1,-1
955,296,1645.03,432.98,36.16,83.82,0.4951,1,-1,-1
955,310,1269.36,326.47,51.81,22.46,0.3495,4,-1,-1
956,261,770.95,331.68,38.49,21.03,0.4883,4,-1,-1
956,287,662.79,334.36,47.01,18.69,0.5879,4,-1,-1
956,293,1790.96,358.62,23.55,51.95,0.6935,1,-1,-1
956,299,1038.29,338.89,51.14,18.81,0.1739,4,-1,-1
956,300,1641.43,432.40,35.96,78.44,0.6749,1,-1,-1
956,302,988.27,437.48,24.45,52.40,0.6352,1,-1,-1
956,303,630.65,363.77,12.55,27.72,0.4844,1,-1,-1
956,301,1288.25,432.37,31.56,74.25,0.7050,1,-1,-1
956,305,1105.19,318.57,42.98,18.44,0.1705,4,-1,-1
956,296,1644.31,433.33,38.16,86.55,0.4397,1,-1,-1
956,310,1269.26,326.55,51.97,22.59,0.3320,4,-1,-1
957,261,770.99,331.74,38.48,20.93,0.4854,4,-1,-1
957,287,662.72,334.31,47.12,18.63,0.5842,4,-1,-1
957,293,1790.82,358.21,23.64,52.28,0.6984,1,-1,-1
957,299,1038.13,338.86,51.69,18.97,0.1566,4,-1,-1
957,300,1641.97,431.73,36.23,79.70,0.5535,1,-1,-1
957,302,987.11,437.87,24.40,52.04,0.6792,1,-1,-1
957,303,630.63,363.82,12.61,27.88,0.4844,1,-1,-1
957,301,1286.79,432.46,32.04,74.98,0.6775,1,-1,-1
957,305,1105.28,318.45,43.18,18.47,0.1907,4,-1,-1
957,296,1645.20,432.28,38.44,85.13,0.5068,1,-1,-1
957,310,1269.83,326.68,50.89,22.15,0.2918,4,-1,-1
958,261,771.01,331.74,38.56,20.91,0.4863,4,-1,-1
958,287,662.44,334.27,46.98,18.52,0.5765,4,-1,-1
958,293,1790.74,357.94,23.60,52.36,0.6800,1,-1,-1
958,299,1038.33,339.00,51.81,18.97,0.1016,4,-1,-1
958,300,1643.24,431.02,35.73,78.57,0.5467,1,-1,-1
958,302,985.78,436.89,24.73,53.07,0.6851,1,-1,-1
958,303,630.79,363.93,12.51,27.69,0.4873,1,-1,-1
958,301,1284.92,432.72,32.35,74.99,0.6826,1,-1,-1
958,305,1105.43,318.47,42.95,18.31,0.1651,4,-1,-1
958,296,1645.59,431.80,39.04,84.89,0.3157,1,-1,-1
958,310,1271.57,326.66,48.08,20.86,0.2509,4,-1,-1
959,261,770.70,331.74,39.06,21.16,0.5059,4,-1,-1
959,287,662.19,334.33,47.22,18.57,0.5727,4,-1,-1
959,293,1790.64,357.47,23.68,52.69,0.6800,1,-1,-1
959,299,1038.41,339.21,51.43,18.79,0.1120,4,-1,-1
959,300,1643.58,431.23,34.61,76.27,0.4893,1,-1,-1
959,302,984.54,435.87,25.18,54.16,0.6885,1,-1,-1
959,303,630.99,363.80,12.44,27.58,0.4902,1,-1,-1
959,301,1282.71,433.16,32.77,74.52,0.6531,1,-1,-1
959,305,1105.31,318.38,43.20,18.41,0.1950,4,-1,-1
959,296,1648.60,436.02,37.68,80.25,0.1950,1,-1,-1
959,310,1269.97,326.82,49.96,21.69,0.1813,4,-1,-1
960,261,770.55,331.65,39.84,21.68,0.5088,4,-1,-1
960,287,662.11,334.47,47.41,18.60,0.5784,4,-1,-1
960,293,1790.58,357.34,23.46,52.42,0.6680,1,-1,-1
960,299,1038.11,339.21,51.68,18.82,0.1727,4,-1,-1
960,300,1644.14,431.37,34.06,75.29,0.4321,1,-1,-1
960,302,983.49,436.68,24.77,53.12,0.6868,1,-1,-1
960,303,631.20,363.69,12.35,27.39,0.4922,1,-1,-1
960,301,1279.73,435.40,32.42,72.32,0.5746,1,-1,-1
960,305,1105.70,318.20,42.11,17.88,0.2372,4,-1,-1
960,296,1653.42,436.99,35.33,76.13,0.2999,1,-1,-1
960,310,1269.06,326.99,51.33,22.34,0.1343,4,-1,-1
961,261,770.15,331.72,40.13,21.84,0.5049,4,-1,-1
961,287,662.44,334.47,48.38,18.85,0.5842,4,-1,-1
961,293,1790.85,357.40,22.71,50.90,0.6800,1,-1,-1
961,299,1038.17,339.20,51.40,18.60,0.1694,4,-1,-1
961,300,1645.71,432.29,33.87,75.33,0.4378,1,-1,-1
961,302,982.56,437.91,24.20,51.72,0.6593,1,-1,-1
961,303,631.45,363.20,12.43,27.68,0.5010,1,-1,-1
961,301,1276.59,437.36,32.71,71.08,0.6325,1,-1,-1
961,305,1105.33,317.84,42.36,18.01,0.1490,4,-1,-1
961,296,1656.84,438.44,34.57,74.31,0.2854,1,-1,-1
961,310,1270.59,327.77,50.87,22.10,0.2546,4,-1,-1
962,261,769.78,331.81,40.21,21.91,0.5107,4,-1,-1
962,287,662.43,334.45,49.54,19.19,0.5804,4,-1,-1
962,293,1790.93,357.31,22.38,50.26,0.6680,1,-1,-1
962,299,1038.45,339.47,51.13,18.40,0.2814,4,-1,-1
962,300,1647.09,433.77,34.09,76.00,0.4844,1,-1,-1
962,302,981.75,439.05,23.76,50.46,0.6522,1,-1,-1
962,303,631.75,362.97,12.40,27.72,0.5049,1,-1,-1
962,301,1274.62,438.21,33.26,70.92,0.6575,1,-1,-1
962,305,1105.15,317.56,42.39,18.06,0.2323,4,-1,-1
962,296,1655.85,437.73,34.93,74.25,0.3166,1,-1,-1
962,310,1271.09,328.09,50.71,21.99,0.2365,4,-1,-1
963,261,769.49,331.92,40.24,21.96,0.5205,4,-1,-1
963,287,662.55,334.53,50.34,19.36,0.5804,4,-1,-1
963,293,1791.02,356.78,22.33,50.23,0.6663,1,-1,-1
963,299,1038.92,339.92,50.79,18.18,0.3460,4,-1,-1
963,300,1648.02,435.38,33.30,74.75,0.5156,1,-1,-1
963,302,980.83,440.40,23.36,48.89,0.6540,1,-1,-1
963,303,632.03,362.83,12.32,27.62,0.5205,1,-1,-1
963,301,1273.77,438.81,34.10,71.81,0.6039,1,-1,-1
963,305,1105.24,317.50,42.22,18.02,0.2822,4,-1,-1
963,296,1658.22,439.00,33.92,72.31,0.3311,1,-1,-1
963,310,1271.50,328.78,48.33,20.80,0.2539,4,-1,-1
964,261,769.08,331.99,40.38,22.11,0.5146,4,-1,-1
964,287,662.65,334.59,51.23,19.57,0.5823,4,-1,-1
964,293,1791.03,356.13,22.51,50.70,0.6680,1,-1,-1
964,299,1039.21,340.07,50.87,18.14,0.3702,4,-1,-1
964,300,1649.69,436.24,32.54,73.52,0.6049,1,-1,-1
964,302,980.48,441.43,23.04,47.69,0.6469,1,-1,-1
964,303,632.23,362.93,12.25,27.46,0.5302,1,-1,-1
964,301,1270.83,438.80,34.98,72.83,0.6169,1,-1,-1
964,305,1105.33,317.44,42.02,17.96,0.2983,4,-1,-1
964,296,1665.14,440.36,32.91,71.21,0.3504,1,-1,-1
964,310,1271.33,328.96,48.06,20.57,0.2798,4,-1,-1
965,261,769.51,331.99,40.20,22.12,0.5224,4,-1,-1
965,287,662.65,334.71,51.68,19.63,0.5823,4,-1,-1
965,293,1791.14,356.05,22.29,50.25,0.6179,1,-1,-1
965,299,1039.99,340.15,50.61,18.03,0.3460,4,-1,-1
965,300,1651.98,435.36,32.46,74.39,0.5955,1,-1,-1
965,302,979.99,442.76,22.79,46.64,0.5195,1,-1,-1
965,303,632.42,363.12,12.21,27.30,0.5224,1,-1,-1
965,301,1267.15,438.65,35.28,72.91,0.5927,1,-1,-1
965,305,1105.57,317.55,41.48,17.73,0.3183,4,-1,-1
965,296,1667.94,441.34,32.97,72.23,0.4187,1,-1,-1
965,310,1271.11,329.12,47.87,20.40,0.3007,4,-1,-1
965,312,619.66,339.00,41.13,23.21,0.4961,4,-1,-1
966,261,769.07,332.17,40.07,22.15,0.5098,4,-1,-1
966,287,662.21,334.73,52.01,19.68,0.5804,4,-1,-1
966,293,1791.10,356.27,22.00,49.62,0.6197,1,-1,-1
966,299,1039.45,339.68,51.57,18.38,0.3504,4,-1,-1
966,300,1654.32,434.67,34.11,78.06,0.6289,1,-1,-1
966,302,979.36,443.29,22.78,45.98,0.5870,1,-1,-1
966,303,632.46,363.30,12.19,27.08,0.5068,1,-1,-1
966,301,1265.06,438.76,33.93,70.60,0.5273,1,-1,-1
966,305,1105.62,317.61,41.50,17.75,0.3242,4,-1,-1
966,296,1663.35,440.21,35.05,75.02,0.4785,1,-1,-1
966,310,1271.07,329.26,47.57,20.20,0.2934,4,-1,-1
966,312,619.50,338.91,41.32,23.31,0.5205,4,-1,-1
967,261,768.77,332.27,40.02,22.25,0.5117,4,-1,-1
967,287,661.98,334.80,52.06,19.63,0.5804,4,-1,-1
967,293,1791.03,356.72,21.59,48.66,0.6179,1,-1,-1
967,299,1039.45,339.85,51.49,18.32,0.2999,4,-1,-1
967,300,1655.05,435.98,33.38,76.64,0.5936,1,-1,-1
967,302,978.44,443.54,23.10,45.91,0.6188,1,-1,-1
967,303,632.38,363.37,12.45,27.50,0.4873,1,-1,-1
967,301,1261.10,438.72,33.39,69.01,0.6671,1,-1,-1
967,305,1105.87,317.69,41.29,17.64,0.2838,4,-1,-1
967,296,1663.81,440.49,34.72,73.41,0.2870,1,-1,-1
967,310,1271.89,329.23,46.19,19.52,0.2651,4,-1,-1
967,312,619.53,338.83,41.39,23.36,0.5137,4,-1,-1
968,261,768.48,332.26,40.16,22.44,0.4980,4,-1,-1
968,287,661.48,334.77,52.29,19.68,0.5631,4,-1,-1
968,293,1790.85,357.03,21.30,47.94,0.6179,1,-1,-1
968,299,1038.89,339.61,52.53,18.70,0.2494,4,-1,-1
968,300,1657.02,436.38,32.29,74.70,0.5583,1,-1,-1
968,302,977.35,443.92,23.40,45.62,0.5641,1,-1,-1
968,303,632.20,363.51,12.68,27.78,0.4649,1,-1,-1
968,301,1259.23,438.62,33.12,68.44,0.6740,1,-1,-1
968,305,1106.22,317.96,40.67,17.34,0.2316,4,-1,-1
968,296,1664.02,438.82,34.90,73.01,0.3242,1,-1,-1
968,310,1271.96,329.14,46.50,19.57,0.2509,4,-1,-1
968,312,619.62,338.79,41.66,23.54,0.4941,4,-1,-1
968,314,1626.86,435.63,24.68,61.09,0.7017,1,-1,-1
969,261,768.58,332.36,39.86,22.38,0.5068,4,-1,-1
969,287,660.92,334.82,52.05,19.60,0.5670,4,-1,-1
969,293,1790.75,357.44,20.96,47.05,0.5898,1,-1,-1
969,299,1037.89,339.16,53.89,19.20,0.2095,4,-1,-1
969,300,1658.06,437.27,31.05,72.94,0.5429,1,-1,-1
969,302,977.33,444.55,23.48,45.20,0.5254,1,-1,-1
969,303,632.18,363.81,12.92,28.21,0.4600,1,-1,-1
969,301,1257.13,438.70,32.95,68.25,0.6758,1,-1,-1
969,305,1106.52,318.24,40.40,17.17,0.1530,4,-1,-1
969,296,1669.54,440.03,34.20,73.04,0.2546,1,-1,-1
969,310,1272.78,329.14,45.48,18.98,0.2386,4,-1,-1
969,312,619.99,338.82,41.71,23.62,0.4698,4,-1,-1
969,314,1625.92,437.50,24.02,59.44,0.6049,1,-1,-1
970,261,768.51,332.33,40.00,22.55,0.5205,4,-1,-1
970,287,660.36,334.73,52.34,19.74,0.5631,4,-1,-1
970,293,1790.41,357.70,20.81,46.69,0.6160,1,-1,-1
970,299,1035.97,337.50,58.36,21.04,0.1645,4,-1,-1
970,300,1659.87,436.26,30.27,72.11,0.5039,1,-1,-1
970,302,976.83,445.16,23.61,44.65,0.3390,1,-1,-1
970,303,632.07,363.75,13.20,28.74,0.4446,1,-1,-1
970,301,1256.08,439.42,32.09,67.07,0.6834,1,-1,-1
970,305,1106.44,318.55,41.08,17.40,0.1389,4,-1,-1
970,296,1672.66,439.29,33.03,72.33,0.3657,1,-1,-1
970,310,1272.55,329.14,45.81,18.97,0.2487,4,-1,-1
970,312,620.15,338.83,42.07,23.91,0.4292,4,-1,-1
970,314,1624.83,437.23,24.12,59.62,0.6628,1,-1,-1
971,261,768.32,332.24,40.24,22.79,0.5205,4,-1,-1
971,287,659.91,334.64,52.39,19.83,0.5574,4,-1,-1
971,293,1790.09,357.92,20.65,46.41,0.6197,1,-1,-1
971,299,1034.53,335.44,63.06,23.23,0.1048,4,-1,-1
971,300,1660.75,435.30,30.30,73.73,0.4571,1,-1,-1
971,302,976.50,445.93,23.60,43.78,0.1105,1,-1,-1
971,303,631.92,363.43,13.69,29.84,0.4581,1,-1,-1
971,301,1255.14,439.29,31.70,67.25,0.6715,1,-1,-1
971,305,1106.62,318.83,41.47,17.48,0.1541,4,-1,-1
971,296,1672.33,437.45,33.52,74.74,0.2187,1,-1,-1
971,310,1272.18,329.13,46.50,19.14,0.2659,4,-1,-1
971,312,620.03,338.71,42.60,24.33,0.3630,4,-1,-1
971,314,1622.88,436.71,24.76,61.13,0.5765,1,-1,-1
972,261,768.51,332.27,40.14,22.82,0.5380,4,-1,-1
972,287,659.60,334.55,52.20,19.83,0.5574,4,-1,-1
972,293,1789.94,357.97,20.46,46.05,0.6234,1,-1,-1
972,299,1035.57,336.33,61.25,22.83,0.1059,4,-1,-1
972,300,1662.73,435.11,29.85,73.49,0.4301,1,-1,-1
972,302,975.94,446.17,23.66,43.41,0.3840,1,-1,-1
972,303,631.91,363.00,14.01,30.65,0.4600,1,-1,-1
972,301,1254.81,439.88,31.07,66.91,0.7017,1,-1,-1
972,305,1107.01,319.04,41.34,17.32,0.1689,4,-1,-1
972,296,1674.47,437.52,33.40,74.92,0.1566,1,-1,-1
972,310,1271.86,329.16,46.91,19.13,0.2173,4,-1,-1
972,312,620.00,338.69,42.79,24.59,0.3540,4,-1,-1
972,314,1620.10,436.19,25.26,61.95,0.4542,1,-1,-1
973,261,768.85,332.45,39.75,22.64,0.5496,4,-1,-1
973,287,659.34,334.55,51.64,19.72,0.5689,4,-1,-1
973,293,1789.91,358.57,20.01,45.17,0.5689,1,-1,-1
973,300,1664.24,434.74,29.28,72.85,0.2790,1,-1,-1
973,302,975.36,446.66,23.39,42.59,0.2227,1,-1,-1
973,303,632.49,363.18,13.89,30.58,0.4484,1,-1,-1
973,301,1252.87,439.92,31.86,68.81,0.6976,1,-1,-1
973,305,1107.01,319.50,41.88,17.44,0.1375,4,-1,-1
973,296,1681.68,444.45,28.41,64.62,0.1645,1,-1,-1
973,310,1270.50,329.21,49.86,20.24,0.2088,4,-1,-1
973,312,620.13,338.70,42.52,24.62,0.4111,4,-1,-1
974,261,768.61,332.50,39.71,22.68,0.5419,4,-1,-1
974,287,659.33,334.47,51.13,19.62,0.5535,4,-1,-1
974,293,1789.89,358.60,19.87,44.93,0.5993,1,-1,-1
974,300,1665.84,436.43,27.90,69.86,0.3346,1,-1,-1
974,302,974.60,447.83,22.69,41.09,0.1901,1,-1,-1
974,303,632.87,363.30,13.61,30.07,0.4581,1,-1,-1
974,301,1250.72,440.69,31.89,68.55,0.7146,1,-1,-1
974,305,1106.54,319.26,43.23,17.94,0.1466,4,-1,-1
974,296,1684.37,446.11,27.27,63.05,0.3363,1,-1,-1
974,310,1268.64,329.28,52.68,21.31,0.2697,4,-1,-1
974,312,620.32,338.90,42.33,24.70,0.3979,4,-1,-1
975,261,768.17,332.52,39.61,22.68,0.5224,4,-1,-1
975,287,659.85,334.52,50.26,19.36,0.5419,4,-1,-1
975,293,1789.89,358.54,19.79,44.79,0.5823,1,-1,-1
975,300,1666.14,435.78,28.01,70.84,0.3303,1,-1,-1
975,302,973.16,449.04,22.14,40.00,0.1618,1,-1,-1
975,303,633.00,363.61,13.55,30.04,0.4649,1,-1,-1
975,301,1248.55,441.43,32.05,67.94,0.7210,1,-1,-1
975,305,1106.28,318.92,44.33,18.34,0.1667,4,-1,-1
975,296,1685.51,448.44,25.93,60.32,0.3346,1,-1,-1
975,310,1267.34,329.28,54.45,21.97,0.3451,4,-1,-1
975,312,620.07,338.99,42.41,24.89,0.3895,4,-1,-1
976,261,767.14,332.32,40.04,22.87,0.5166,4,-1,-1
976,287,659.81,334.32,49.45,19.18,0.5380,4,-1,-1
976,293,1789.92,358.76,19.70,44.46,0.6030,1,-1,-1
976,300,1667.55,437.34,27.26,69.26,0.4263,1,-1,-1
976,302,970.21,450.84,21.86,38.34,0.1672,1,-1,-1
976,303,633.31,364.45,13.46,29.96,0.5010,1,-1,-1
976,301,1246.70,442.25,32.59,67.84,0.7272,1,-1,-1
976,305,1105.08,318.69,45.15,18.69,0.1109,4,-1,-1
976,296,1685.19,446.55,27.33,64.34,0.5273,1,-1,-1
976,310,1267.70,329.35,52.61,21.09,0.2444,4,-1,-1
976,312,620.30,339.34,41.57,24.45,0.3702,4,-1,-1
977,261,765.74,331.97,41.10,23.36,0.4893,4,-1,-1
977,287,660.05,334.28,49.33,19.25,0.5156,4,-1,-1
977,293,1790.02,358.86,19.62,44.11,0.6234,1,-1,-1
977,300,1668.17,438.74,27.05,68.79,0.3702,1,-1,-1
977,302,969.08,451.65,21.88,37.70,0.2759,1,-1,-1
977,303,633.37,364.70,13.50,30.12,0.4922,1,-1,-1
977,301,1245.41,442.77,33.37,68.07,0.7454,1,-1,-1
977,305,1104.66,318.87,45.40,18.78,0.1343,4,-1,-1
977,296,1685.35,445.89,27.47,65.02,0.4805,1,-1,-1
977,310,1268.55,329.54,51.02,20.40,0.3311,4,-1,-1
977,312,619.75,339.53,41.72,24.56,0.3933,4,-1,-1
978,261,765.81,332.08,40.98,23.18,0.4639,4,-1,-1
978,287,660.88,334.36,49.30,19.32,0.5302,4,-1,-1
978,293,1790.10,359.17,19.57,43.86,0.6234,1,-1,-1
978,300,1670.08,439.14,27.24,69.33,0.2465,1,-1,-1
978,302,969.01,452.90,21.47,37.05,0.2365,1,-1,-1
978,303,633.52,365.03,13.43,30.04,0.4785,1,-1,-1
978,301,1243.90,443.03,34.40,68.64,0.7364,1,-1,-1
978,305,1104.85,319.24,45.15,18.66,0.1981,4,-1,-1
978,296,1684.77,445.09,27.94,66.34,0.5302,1,-1,-1
978,310,1269.89,329.80,47.95,19.11,0.3469,4,-1,-1
978,312,619.48,339.80,41.49,24.42,0.4054,4,-1,-1
979,261,766.02,332.37,40.68,22.92,0.4340,4,-1,-1
979,287,661.44,334.34,49.19,19.35,0.5302,4,-1,-1
979,293,1790.19,359.63,19.52,43.69,0.5898,1,-1,-1
979,302,967.85,453.00,21.59,36.96,0.1645,1,-1,-1
979,303,633.54,365.27,13.41,30.04,0.4776,1,-1,-1
979,301,1241.51,443.03,35.37,69.64,0.7210,1,-1,-1
979,305,1104.81,319.54,45.26,18.71,0.2043,4,-1,-1
979,296,1685.60,444.86,28.76,68.60,0.6105,1,-1,-1
979,310,1270.76,329.83,47.35,18.84,0.3363,4,-1,-1
979,312,619.66,340.00,41.29,24.32,0.4045,4,-1,-1
980,261,766.66,332.91,40.05,22.43,0.3831,4,-1,-1
980,287,661.79,334.41,48.71,19.24,0.5380,4,-1,-1
980,293,1790.43,359.62,19.80,44.15,0.5879,1,-1,-1
980,302,966.88,454.76,21.23,35.73,0.2295,1,-1,-1
980,303,633.64,365.53,13.36,29.93,0.5117,1,-1,-1
980,301,1237.63,442.82,35.85,71.38,0.6496,1,-1,-1
980,305,1104.72,319.68,45.33,18.77,0.2316,4,-1,-1
980,296,1687.23,444.89,29.66,71.19,0.6935,1,-1,-1
980,310,1272.05,329.91,46.06,18.25,0.1907,4,-1,-1
980,312,620.09,340.24,40.87,24.10,0.4206,4,-1,-1
981,261,767.45,333.09,39.65,22.04,0.4073,4,-1,-1
981,287,661.93,334.61,47.83,18.98,0.5263,4,-1,-1
981,293,1790.53,359.79,19.70,43.83,0.6049,1,-1,-1
981,302,965.65,455.62,21.39,35.13,0.2444,1,-1,-1
981,303,633.74,365.90,13.20,29.57,0.5254,1,-1,-1
981,301,1235.87,442.85,35.00,70.14,0.5631,1,-1,-1
981,305,1104.32,319.66,45.52,18.94,0.1987,4,-1,-1
981,296,1688.98,445.74,29.19,70.26,0.6505,1,-1,-1
981,310,1272.93,329.94,45.54,17.98,0.1334,4,-1,-1
981,312,620.58,340.52,40.44,23.91,0.3757,4,-1,-1
982,261,768.09,333.45,39.29,21.70,0.4436,4,-1,-1
982,287,662.37,334.74,47.62,18.94,0.5137,4,-1,-1
982,293,1790.55,360.07,19.47,43.24,0.6123,1,-1,-1
982,302,964.61,456.14,21.59,34.60,0.2134,1,-1,-1
982,303,633.69,365.95,13.18,29.45,0.5400,1,-1,-1
982,301,1234.91,443.58,33.95,69.13,0.6379,1,-1,-1
982,305,1104.12,319.62,45.44,19.03,0.2465,4,-1,-1
982,296,1690.05,445.85,29.39,70.61,0.6415,1,-1,-1
982,310,1274.49,330.17,44.63,17.50,0.1603,4,-1,-1
982,312,620.76,340.60,40.40,24.01,0.3234,4,-1,-1
983,261,768.59,333.75,38.98,21.40,0.4873,4,-1,-1
983,287,662.67,334.84,47.56,18.92,0.5156,4,-1,-1
983,293,1790.52,360.03,19.43,43.06,0.6160,1,-1,-1
983,302,964.41,456.96,21.55,33.91,0.1152,1,-1,-1
983,303,633.54,365.88,13.27,29.49,0.5370,1,-1,-1
983,301,1233.76,443.33,33.01,68.86,0.6680,1,-1,-1
983,305,1103.97,319.55,45.43,19.17,0.2999,4,-1,-1
983,296,1690.09,445.51,30.04,71.09,0.5283,1,-1,-1
983,310,1274.80,330.32,45.65,17.79,0.1403,4,-1,-1
983,312,620.82,340.58,40.46,24.19,0.3311,4,-1,-1
984,261,768.82,333.92,38.90,21.26,0.4971,4,-1,-1
984,287,662.80,334.99,47.32,18.82,0.5078,4,-1,-1
984,293,1790.50,359.96,19.37,42.86,0.6105,1,-1,-1
984,303,633.38,365.73,13.42,29.68,0.5361,1,-1,-1
984,301,1231.34,443.56,32.19,69.00,0.7098,1,-1,-1
984,305,1104.23,319.69,44.84,19.06,0.3979,4,-1,-1
984,296,1691.49,445.69,31.38,73.52,0.3785,1,-1,-1
984,310,1272.03,330.45,50.61,19.79,0.1112,4,-1,-1
984,312,620.76,340.41,40.91,24.68,0.2436,4,-1,-1
984,300,1679.67,440.86,29.56,73.37,0.4707,1,-1,-1
985,261,767.88,333.80,39.72,21.59,0.4834,4,-1,-1
985,287,662.52,334.90,47.49,18.91,0.5107,4,-1,-1
985,293,1790.47,359.77,19.41,42.84,0.6289,1,-1,-1
985,303,633.28,365.64,13.65,30.03,0.5332,1,-1,-1
985,301,1229.24,443.58,31.69,69.73,0.7256,1,-1,-1
985,305,1104.47,319.87,44.38,18.99,0.3951,4,-1,-1
985,296,1693.16,445.95,31.02,72.06,0.3989,1,-1,-1
985,310,1271.93,330.74,49.56,19.37,0.1380,4,-1,-1
985,312,620.50,340.20,41.14,25.03,0.2337,4,-1,-1
985,300,1679.74,439.89,30.72,75.66,0.4893,1,-1,-1
986,261,766.90,333.74,40.60,21.92,0.4766,4,-1,-1
986,287,662.44,334.90,47.65,18.99,0.5137,4,-1,-1
986,293,1790.52,359.82,19.35,42.67,0.6289,1,-1,-1
986,303,633.14,365.43,14.12,30.94,0.5400,1,-1,-1
986,301,1227.26,442.56,32.13,71.84,0.7138,1,-1,-1
986,305,1105.12,320.44,43.29,18.59,0.4111,4,-1,-1
986,296,1696.08,446.92,30.64,71.13,0.4951,1,-1,-1
986,310,1271.31,331.07,48.77,19.10,0.1739,4,-1,-1
986,312,620.14,340.02,41.56,25.49,0.2160,4,-1,-1
986,300,1680.22,438.76,30.35,75.00,0.5679,1,-1,-1
987,261,766.77,333.69,41.07,22.09,0.4941,4,-1,-1
987,287,662.16,334.92,47.70,19.05,0.5107,4,-1,-1
987,293,1790.65,359.97,19.25,42.43,0.6307,1,-1,-1
987,303,633.18,365.67,14.51,31.71,0.5554,1,-1,-1
987,301,1225.53,443.16,31.59,71.21,0.7202,1,-1,-1
987,305,1105.53,320.92,42.61,18.35,0.3785,4,-1,-1
987,296,1697.64,448.38,29.59,68.68,0.5516,1,-1,-1
987,310,1270.79,331.45,47.72,18.71,0.1571,4,-1,-1
987,312,620.04,340.02,41.62,25.74,0.2465,4,-1,-1
987,300,1680.96,438.48,30.43,75.54,0.5794,1,-1,-1
988,261,767.00,333.70,41.35,22.20,0.5020,4,-1,-1
988,287,661.92,335.08,47.23,18.91,0.5088,4,-1,-1
988,293,1790.78,360.22,18.98,41.80,0.5842,1,-1,-1
988,303,633.47,366.30,14.70,32.08,0.5746,1,-1,-1
988,301,1223.85,443.33,31.41,71.21,0.7233,1,-1,-1
988,305,1106.05,321.48,41.67,17.96,0.3567,4,-1,-1
988,296,1697.69,445.83,31.16,72.57,0.4369,1,-1,-1
988,310,1270.67,331.69,45.84,17.95,0.1836,4,-1,-1
988,312,620.17,340.24,41.36,25.75,0.2728,4,-1,-1
988,300,1681.28,436.96,31.61,78.69,0.5525,1,-1,-1
989,261,767.55,333.73,41.52,22.29,0.5185,4,-1,-1
989,287,661.23,335.25,47.10,18.95,0.5098,4,-1,-1
989,293,1790.85,360.22,18.87,41.47,0.6270,1,-1,-1
989,303,633.51,366.39,14.82,32.38,0.5631,1,-1,-1
989,301,1222.47,444.95,30.79,69.42,0.7585,1,-1,-1
989,305,1106.28,321.94,41.23,17.78,0.3905,4,-1,-1
989,296,1696.78,443.11,32.52,75.32,0.4756,1,-1,-1
989,310,1271.51,332.08,43.56,17.05,0.2018,4,-1,-1
989,312,620.75,340.50,40.85,25.64,0.2950,4,-1,-1
989,300,1683.01,437.37,30.75,76.25,0.5554,1,-1,-1
990,261,768.25,333.74,41.42,22.29,0.5283,4,-1,-1
990,287,660.63,335.42,46.39,18.83,0.5068,4,-1,-1
990,293,1790.92,360.19,18.70,41.04,0.6379,1,-1,-1
990,303,633.80,366.61,14.80,32.49,0.5955,1,-1,-1
990,301,1219.77,443.58,32.01,71.72,0.7170,1,-1,-1
990,305,1107.44,322.21,40.19,17.30,0.4121,4,-1,-1
990,296,1701.35,447.91,29.66,68.31,0.4727,1,-1,-1
990,310,1273.00,332.43,41.78,16.30,0.2121,4,-1,-1
990,312,621.83,341.13,39.86,25.19,0.2480,4,-1,-1
990,300,1684.00,437.60,30.72,75.89,0.5612,1,-1,-1
991,261,768.48,333.72,41.64,22.38,0.5341,4,-1,-1
991,287,659.69,335.03,46.53,19.05,0.3942,4,-1,-1
991,293,1791.00,360.29,18.57,40.63,0.6593,1,-1,-1
991,303,633.80,366.23,15.07,33.28,0.6123,1,-1,-1
991,301,1217.26,442.16,33.24,73.63,0.7295,1,-1,-1
991,305,1109.46,322.39,39.31,16.94,0.3363,4,-1,-1
991,296,1703.67,449.20,28.90,66.45,0.3433,1,-1,-1
991,310,1274.55,332.43,40.69,15.82,0.1152,4,-1,-1
991,312,622.48,341.99,40.16,25.47,0.1352,4,-1,-1
991,300,1683.96,438.11,31.09,76.82,0.6049,1,-1,-1
992,261,768.27,333.60,42.10,22.61,0.5302,4,-1,-1
992,287,658.47,334.57,47.31,19.56,0.3702,4,-1,-1
992,293,1791.12,360.31,18.52,40.26,0.6663,1,-1,-1
992,303,634.05,366.27,15.09,33.51,0.6049,1,-1,-1
992,301,1215.05,441.60,33.99,74.48,0.7186,1,-1,-1
992,305,1109.20,322.29,39.97,17.23,0.3024,4,-1,-1
992,296,1705.32,450.19,28.87,66.63,0.5332,1,-1,-1
992,310,1274.51,332.60,42.23,16.42,0.1561,4,-1,-1
992,312,622.50,342.37,40.08,25.46,0.1705,4,-1,-1
992,300,1684.64,438.74,30.77,75.76,0.6270,1,-1,-1
993,261,768.10,333.64,42.31,22.71,0.5322,4,-1,-1
993,287,656.76,334.06,48.16,20.12,0.3576,4,-1,-1
993,293,1791.05,360.42,18.54,40.02,0.6505,1,-1,-1
993,303,634.51,366.38,14.97,33.54,0.5804,1,-1,-1
993,301,1213.42,442.94,33.78,72.95,0.6935,1,-1,-1
993,305,1108.37,322.16,40.82,17.56,0.2344,4,-1,-1
993,296,1705.89,449.76,28.80,66.84,0.5039,1,-1,-1
993,310,1274.07,332.66,44.08,17.18,0.1510,4,-1,-1
993,312,622.04,342.57,39.82,25.24,0.2134,4,-1,-1
993,300,1685.46,439.59,30.39,74.29,0.6234,1,-1,-1
994,261,767.65,333.65,42.64,22.86,0.5283,4,-1,-1
994,287,653.45,332.85,50.59,21.41,0.3540,4,-1,-1
994,293,1790.93,360.45,18.56,39.72,0.6433,1,-1,-1
994,303,634.95,366.22,14.95,33.71,0.5651,1,-1,-1
994,301,1211.93,443.27,33.87,72.20,0.6834,1,-1,-1
994,305,1108.07,322.07,41.15,17.67,0.2140,4,-1,-1
994,296,1707.03,449.67,28.29,65.79,0.5263,1,-1,-1
994,310,1273.36,332.82,45.61,17.85,0.1767,4,-1,-1
994,312,620.99,342.28,40.45,25.57,0.2509,4,-1,-1
994,300,1685.94,439.61,30.48,74.03,0.6766,1,-1,-1
995,261,767.28,333.74,42.81,22.90,0.5244,4,-1,-1
995,287,651.97,332.27,51.47,22.04,0.3549,4,-1,-1
995,293,1790.86,360.41,18.71,39.72,0.6142,1,-1,-1
995,303,635.36,366.05,14.94,33.92,0.5727,1,-1,-1
995,301,1210.10,444.14,33.85,71.54,0.6424,1,-1,-1
995,305,1107.55,321.88,41.84,17.95,0.2160,4,-1,-1
995,296,1708.85,449.43,26.84,62.10,0.5689,1,-1,-1
995,310,1272.37,332.87,47.36,18.68,0.1895,4,-1,-1
995,312,620.42,342.17,40.82,25.75,0.2958,4,-1,-1
995,300,1686.16,439.42,30.62,73.90,0.6766,1,-1,-1
995,317,1131.96,434.07,107.57,72.97,0.5107,4,-1,-1
996,261,766.81,333.79,43.02,22.96,0.5283,4,-1,-1
996,287,652.00,332.40,51.12,22.08,0.3513,4,-1,-1
996,293,1790.82,360.36,18.93,39.89,0.5554,1,-1,-1
996,303,635.74,366.10,14.78,33.75,0.5612,1,-1,-1
996,301,1208.73,445.81,32.23,68.29,0.6361,1,-1,-1
996,305,1107.22,321.86,42.49,18.23,0.2458,4,-1,-1
996,296,1709.29,449.29,27.89,64.82,0.6270,1,-1,-1
996,310,1272.32,332.86,47.56,18.89,0.1919,4,-1,-1
996,312,620.41,342.19,40.78,25.73,0.3425,4,-1,-1
996,300,1685.88,438.65,31.01,74.94,0.6505,1,-1,-1
996,317,1130.16,433.87,107.28,72.89,0.5244,4,-1,-1
997,261,765.96,333.79,43.46,23.09,0.5380,4,-1,-1
997,287,653.51,332.93,50.14,21.78,0.3425,4,-1,-1
997,293,1790.88,360.49,19.01,39.74,0.4824,1,-1,-1
997,303,636.20,366.30,14.60,33.53,0.5689,1,-1,-1
997,301,1206.43,445.35,31.87,67.81,0.6142,1,-1,-1
997,305,1106.73,321.82,43.48,18.69,0.2878,4,-1,-1
997,296,1709.56,448.56,28.63,67.02,0.6469,1,-1,-1
997,310,1272.40,332.96,47.19,18.85,0.2173,4,-1,-1
997,312,620.40,342.17,40.80,25.77,0.3504,4,-1,-1
997,300,1686.15,438.29,31.23,76.07,0.6628,1,-1,-1
997,317,1129.28,433.71,107.69,73.35,0.4873,4,-1,-1
998,261,765.72,333.91,43.63,23.09,0.5516,4,-1,-1
998,287,656.60,334.27,47.64,20.69,0.3346,4,-1,-1
998,293,1791.01,360.71,18.95,39.26,0.4990,1,-1,-1
998,303,636.64,366.62,14.43,33.24,0.5804,1,-1,-1
998,301,1205.11,444.71,31.74,68.21,0.6951,1,-1,-1
998,305,1106.37,321.77,44.03,18.97,0.3285,4,-1,-1
998,296,1710.13,447.99,29.24,69.14,0.6680,1,-1,-1
998,310,1273.26,333.00,45.73,18.31,0.1871,4,-1,-1
998,312,620.80,342.26,40.43,25.59,0.3531,4,-1,-1
998,300,1686.44,437.90,31.26,76.69,0.6361,1,-1,-1
998,317,1127.01,433.81,105.35,72.13,0.2636,4,-1,-1
999,261,765.70,333.98,43.57,22.97,0.5612,4,-1,-1
999,287,659.93,335.72,45.00,19.43,0.3567,4,-1,-1
999,293,1791.16,360.87,18.92,38.80,0.5185,1,-1,-1
999,303,637.07,367.03,14.24,32.98,0.5842,1,-1,-1
999,301,1204.38,445.19,31.12,67.65,0.7162,1,-1,-1
999,305,1105.16,322.23,44.42,19.25,0.3549,4,-1,-1
999,296,1711.51,447.69,28.40,67.77,0.6749,1,-1,-1
999,310,1273.92,332.97,44.31,17.72,0.1629,4,-1,-1
999,312,621.22,342.46,39.82,25.25,0.3495,4,-1,-1
999,300,1687.66,438.52,30.66,75.25,0.5993,1,-1,-1
999,317,1126.27,434.43,103.33,71.21,0.3090,4,-1,-1
1000,261,764.43,333.83,44.54,23.36,0.5477,4,-1,-1
1000,287,661.68,336.39,43.91,18.83,0.3702,4,-1,-1
1000,293,1791.23,361.07,18.88,38.31,0.5215,1,-1,-1
1000,303,637.21,367.23,14.38,33.50,0.6030,1,-1,-1
1000,301,1204.06,445.92,30.15,66.24,0.6783,1,-1,-1
1000,305,1105.91,322.00,44.64,19.38,0.3294,4,-1,-1
1000,296,1712.66,448.00,28.06,67.53,0.6951,1,-1,-1
1000,310,1274.26,333.04,43.27,17.25,0.1505,4,-1,-1
1000,312,620.56,342.50,39.96,25.30,0.3549,4,-1,-1
1000,300,1689.25,438.92,29.41,72.52,0.6575,1,-1,-1
1000,317,1123.69,434.55,101.78,70.93,0.1877,4,-1,-1
1001,261,763.66,333.71,45.36,23.70,0.5593,4,-1,-1
1001,287,663.29,336.85,43.31,18.41,0.3803,4,-1,-1
1001,293,1791.52,361.58,18.54,37.11,0.4990,1,-1,-1
1001,303,637.31,367.30,14.49,34.04,0.5879,1,-1,-1
1001,301,1202.58,446.17,29.63,66.08,0.6976,1,-1,-1
1001,305,1106.24,321.80,45.43,19.74,0.3049,4,-1,-1
1001,296,1714.20,448.42,27.86,67.51,0.6800,1,-1,-1
1001,310,1273.25,333.14,44.44,17.69,0.1613,4,-1,-1
1001,312,620.07,342.59,40.08,25.31,0.3208,4,-1,-1
1001,300,1690.20,438.70,29.12,72.19,0.6343,1,-1,-1
1001,317,1123.31,435.01,99.21,69.97,0.2814,4,-1,-1
1002,261,763.68,333.63,45.82,23.92,0.5631,4,-1,-1
1002,287,664.53,337.40,42.29,17.84,0.3831,4,-1,-1
1002,293,1791.59,361.90,18.41,36.38,0.5059,1,-1,-1
1002,303,637.53,367.43,14.42,34.19,0.5936,1,-1,-1
1002,301,1200.49,446.99,29.17,66.09,0.6628,1,-1,-1
1002,305,1106.52,321.69,45.87,19.96,0.2926,4,-1,-1
1002,296,1715.43,448.99,27.48,67.25,0.6663,1,-1,-1
1002,310,1272.12,333.42,46.11,18.35,0.1683,4,-1,-1
1002,312,620.35,342.87,39.79,25.09,0.2674,4,-1,-1
1002,300,1691.31,438.28,28.50,71.00,0.5917,1,-1,-1
1002,317,1123.52,435.22,96.21,68.74,0.3886,4,-1,-1
1003,261,763.74,333.67,46.10,24.06,0.5593,4,-1,-1
1003,287,665.32,337.83,41.47,17.35,0.3821,4,-1,-1
1003,293,1791.60,362.05,18.40,35.96,0.4961,1,-1,-1
1003,303,637.72,367.59,14.33,34.32,0.6160,1,-1,-1
1003,301,1198.78,447.69,28.92,66.26,0.6680,1,-1,-1
1003,305,1106.72,321.60,46.22,20.13,0.2806,4,-1,-1
1003,296,1715.79,449.54,28.21,70.05,0.6610,1,-1,-1
1003,310,1271.46,333.64,47.01,18.71,0.1722,4,-1,-1
1003,312,620.69,343.28,39.41,24.76,0.2214,4,-1,-1
1003,300,1691.49,438.16,28.81,71.68,0.6105,1,-1,-1
1003,317,1123.73,433.76,96.21,69.65,0.4301,4,-1,-1
1004,261,762.14,333.71,46.83,24.26,0.5438,4,-1,-1
1004,287,665.36,338.10,41.29,17.18,0.3702,4,-1,-1
1004,293,1791.59,362.02,18.46,35.71,0.5059,1,-1,-1
1004,303,637.86,367.68,14.27,34.48,0.6030,1,-1,-1
1004,301,1197.47,447.60,28.82,66.49,0.7001,1,-1,-1
1004,305,1106.63,321.51,46.65,20.36,0.2598,4,-1,-1
1004,296,1716.27,449.65,28.23,70.83,0.7130,1,-1,-1
1004,310,1271.26,333.69,47.34,18.88,0.1795,4,-1,-1
1004,312,620.74,343.63,39.20,24.51,0.1790,4,-1,-1
1004,300,1691.88,438.33,29.18,72.55,0.6142,1,-1,-1
1004,317,1121.35,431.58,96.21,71.10,0.3923,4,-1,-1
1005,261,761.04,333.86,47.16,24.20,0.5361,4,-1,-1
1005,287,665.38,338.41,40.89,16.92,0.3794,4,-1,-1
1005,293,1791.62,362.02,18.52,35.40,0.5322,1,-1,-1
1005,303,638.03,367.84,14.22,34.65,0.6011,1,-1,-1
1005,301,1196.63,446.20,29.26,68.02,0.7146,1,-1,-1
1005,305,1106.73,321.58,46.25,20.25,0.2720,4,-1,-1
1005,296,1716.57,450.05,28.11,70.94,0.7379,1,-1,-1
1005,310,1271.61,333.54,46.37,18.54,0.1629,4,-1,-1
1005,312,621.15,344.18,38.54,23.94,0.1510,4,-1,-1
1005,300,1692.00,438.30,29.96,74.38,0.6663,1,-1,-1
1005,317,1123.01,433.85,91.72,68.92,0.4130,4,-1,-1
1006,261,758.36,332.99,49.37,25.08,0.5574,4,-1,-1
1006,287,664.76,338.68,42.22,17.28,0.4026,4,-1,-1
1006,293,1791.70,361.77,18.53,35.06,0.5612,1,-1,-1
1006,303,638.05,367.59,14.26,34.98,0.5974,1,-1,-1
1006,301,1196.05,446.72,28.85,67.30,0.6732,1,-1,-1
1006,305,1107.02,321.57,44.62,19.75,0.1950,4,-1,-1
1006,296,1716.13,449.62,29.19,73.32,0.7409,1,-1,-1
1006,310,1272.12,333.33,43.53,17.17,0.2302,4,-1,-1
1006,312,617.71,343.39,38.93,23.79,0.1152,4,-1,-1
1006,300,1693.35,438.39,29.63,73.68,0.7210,1,-1,-1
1006,317,1125.21,434.93,89.83,68.41,0.4149,4,-1,-1
1007,261,757.84,332.78,50.29,25.34,0.5651,4,-1,-1
1007,287,664.47,338.77,43.37,17.56,0.4026,4,-1,-1
1007,293,1791.83,361.77,18.66,34.88,0.5477,1,-1,-1
1007,303,638.24,367.30,14.18,34.94,0.6105,1,-1,-1
1007,301,1195.28,447.41,28.81,67.31,0.6732,1,-1,-1
1007,305,1105.97,322.01,43.76,19.48,0.2006,4,-1,-1
1007,296,1717.45,449.85,28.55,71.63,0.7394,1,-1,-1
1007,310,1271.73,333.21,43.75,17.11,0.1938,4,-1,-1
1007,312,615.94,343.01,39.55,23.83,0.1188,4,-1,-1
1007,300,1694.07,438.82,29.03,72.27,0.6968,1,-1,-1
1007,317,1127.78,433.72,91.47,70.12,0.3849,4,-1,-1
1007,318,971.56,334.68,64.60,25.65,0.4737,4,-1,-1
1008,261,756.27,332.47,51.66,25.71,0.5263,4,-1,-1
1008,287,663.96,338.81,44.55,17.84,0.3858,4,-1,-1
1008,293,1791.90,361.82,18.79,34.71,0.5293,1,-1,-1
1008,303,638.58,367.14,14.03,34.67,0.6307,1,-1,-1
1008,301,1193.72,447.88,28.98,67.20,0.6197,1,-1,-1
1008,305,1105.38,322.28,43.95,19.68,0.2173,4,-1,-1
1008,296,1719.00,449.87,27.95,69.61,0.7272,1,-1,-1
1008,310,1271.33,333.24,44.78,17.44,0.1608,4,-1,-1
1008,312,614.82,342.76,40.38,24.04,0.1217,4,-1,-1
1008,300,1695.02,439.83,28.50,70.79,0.7082,1,-1,-1
1008,317,1129.02,434.17,88.99,68.74,0.3895,4,-1,-1
1008,318,971.72,334.87,64.34,25.55,0.4121,4,-1,-1
1009,261,758.45,332.97,50.84,25.18,0.5185,4,-1,-1
1009,287,663.38,338.96,44.93,17.85,0.3675,4,-1,-1
1009,293,1791.79,361.52,19.06,34.89,0.4941,1,-1,-1
1009,303,638.90,367.15,13.88,34.39,0.6234,1,-1,-1
1009,301,1192.44,444.99,29.90,69.20,0.1556,1,-1,-1
1009,305,1105.17,322.53,44.08,19.84,0.1968,4,-1,-1
1009,296,1719.26,448.76,29.17,72.33,0.7194,1,-1,-1
1009,310,1271.91,333.41,45.26,17.58,0.1456,4,-1,-1
1009,312,614.74,342.83,40.61,23.93,0.1160,4,-1,-1
1009,300,1695.98,440.73,28.21,69.90,0.7017,1,-1,-1
1009,317,1128.89,434.60,94.73,73.84,0.1689,4,-1,-1
1009,318,971.82,335.04,64.71,25.70,0.3166,4,-1,-1
1010,261,760.05,333.76,49.73,24.49,0.5098,4,-1,-1
1010,287,662.94,339.25,44.52,17.60,0.3372,4,-1,-1
1010,293,1791.59,361.39,19.22,34.98,0.5029,1,-1,-1
1010,303,639.16,367.39,13.76,34.20,0.6289,1,-1,-1
1010,301,1188.56,441.21,30.73,71.49,0.1577,1,-1,-1
1010,305,1105.15,322.72,43.84,19.81,0.1919,4,-1,-1
1010,296,1720.49,447.73,29.00,71.27,0.7017,1,-1,-1
1010,310,1272.95,333.56,44.70,17.30,0.1330,4,-1,-1
1010,312,614.94,343.14,40.33,23.55,0.1045,4,-1,-1
1010,300,1696.80,440.56,28.44,70.43,0.7066,1,-1,-1
1010,318,970.57,334.44,66.70,26.56,0.2854,4,-1,-1
1011,261,759.26,333.91,50.20,24.45,0.5049,4,-1,-1
1011,287,662.29,339.01,45.56,17.91,0.3217,4,-1,-1
1011,293,1791.68,361.23,19.43,35.12,0.5195,1,-1,-1
1011,303,639.24,367.45,13.72,34.16,0.6325,1,-1,-1
1011,301,1187.47,442.75,27.75,66.14,0.1950,1,-1,-1
1011,305,1105.30,322.96,43.49,19.72,0.1974,4,-1,-1
1011,296,1721.85,447.55,29.39,71.29,0.6749,1,-1,-1
1011,310,1273.57,333.73,44.13,16.96,0.1561,4,-1,-1
1011,300,1696.25,440.31,29.33,72.88,0.6834,1,-1,-1
1011,318,970.23,334.28,67.29,26.89,0.2621,4,-1,-1
1012,261,760.00,334.02,50.20,24.29,0.4902,4,-1,-1
1012,287,661.61,338.62,46.38,18.15,0.3478,4,-1,-1
1012,293,1791.74,361.11,19.60,35.22,0.4980,1,-1,-1
1012,303,639.38,367.59,13.71,34.18,0.6325,1,-1,-1
1012,305,1105.63,323.07,43.50,19.76,0.1950,4,-1,-1
1012,296,1723.69,448.04,29.64,70.79,0.6540,1,-1,-1
1012,310,1273.71,333.85,43.91,16.73,0.1656,4,-1,-1
1012,300,1697.12,440.24,29.38,73.00,0.6800,1,-1,-1
1012,318,970.53,334.32,66.72,26.75,0.2261,4,-1,-1
1013,261,759.13,333.53,51.06,24.51,0.4756,4,-1,-1
1013,287,660.97,338.06,47.70,18.62,0.3504,4,-1,-1
1013,293,1791.60,361.14,19.61,35.06,0.4805,1,-1,-1
1013,303,639.51,367.68,13.74,34.26,0.6307,1,-1,-1
1013,305,1105.93,323.09,44.13,20.03,0.1913,4,-1,-1
1013,296,1724.33,448.25,30.47,71.94,0.6918,1,-1,-1
1013,310,1274.49,333.84,43.29,16.31,0.2268,4,-1,-1
1013,300,1697.23,440.65,29.87,74.17,0.7074,1,-1,-1
1013,318,970.83,334.36,66.34,26.69,0.3040,4,-1,-1
1014,261,760.96,333.71,50.61,24.32,0.4378,4,-1,-1
1014,287,660.39,337.48,48.82,19.04,0.3594,4,-1,-1
1014,293,1791.53,361.44,19.52,34.79,0.4668,1,-1,-1
1014,303,639.64,367.69,13.82,34.48,0.6160,1,-1,-1
1014,305,1106.32,323.08,45.16,20.43,0.1716,4,-1,-1
1014,296,1726.14,448.08,30.25,70.78,0.7098,1,-1,-1
1014,310,1275.06,333.78,42.89,15.94,0.2295,4,-1,-1
1014,300,1697.64,440.26,30.20,74.86,0.7170,1,-1,-1
1014,318,970.69,334.45,66.72,26.97,0.3398,4,-1,-1
1015,261,759.95,333.55,50.81,24.28,0.4121,4,-1,-1
1015,287,659.61,336.94,50.23,19.62,0.3549,4,-1,-1
1015,293,1791.54,362.04,19.39,34.38,0.4388,1,-1,-1
1015,303,639.65,367.95,13.83,34.51,0.6086,1,-1,-1
1015,305,1106.73,323.06,45.99,20.65,0.2282,4,-1,-1
1015,296,1727.50,448.82,29.43,68.29,0.7130,1,-1,-1
1015,310,1274.67,333.74,42.86,15.69,0.2365,4,-1,-1
1015,300,1698.05,440.87,29.90,73.89,0.6910,1,-1,-1
1015,318,970.84,334.54,66.07,26.83,0.3268,4,-1,-1
1016,261,756.48,333.47,52.40,24.65,0.3757,4,-1,-1
1016,287,658.80,336.55,51.59,20.16,0.3166,4,-1,-1
1016,293,1791.58,363.06,19.03,33.57,0.3961,1,-1,-1
1016,303,639.60,367.98,13.98,34.88,0.6086,1,-1,-1
1016,305,1106.63,323.09,46.17,20.63,0.2193,4,-1,-1
1016,296,1728.23,449.41,29.60,68.16,0.7225,1,-1,-1
1016,310,1274.73,333.84,42.58,15.41,0.2436,4,-1,-1
1016,300,1698.72,440.90,29.88,73.56,0.6960,1,-1,-1
1016,318,970.61,334.48,66.38,27.11,0.3277,4,-1,-1
1017,261,754.11,333.43,53.73,24.94,0.3630,4,-1,-1
1017,287,656.53,335.59,54.46,21.34,0.3016,4,-1,-1
1017,293,1791.72,363.75,18.83,33.13,0.3979,1,-1,-1
1017,303,639.60,368.21,14.11,35.18,0.6105,1,-1,-1
1017,305,1106.69,323.03,45.90,20.43,0.2576,4,-1,-1
1017,296,1728.26,449.96,30.06,68.89,0.7066,1,-1,-1
1017,310,1274.18,333.87,42.40,15.23,0.2121,4,-1,-1
1017,300,1699.44,440.94,29.83,73.03,0.6876,1,-1,-1
1017,318,971.12,334.70,65.75,27.02,0.2878,4,-1,-1
1018,261,756.31,334.47,52.90,24.33,0.3200,4,-1,-1
1018,287,652.84,333.77,58.36,23.02,0.3149,4,-1,-1
1018,293,1791.84,364.10,18.74,32.93,0.4102,1,-1,-1
1018,303,639.64,368.52,14.21,35.41,0.6086,1,-1,-1
1018,305,1108.08,322.90,44.88,19.87,0.2480,4,-1,-1
1018,296,1729.00,449.88,29.56,67.50,0.6817,1,-1,-1
1018,310,1273.10,333.89,43.24,15.54,0.1962,4,-1,-1
1018,300,1700.31,441.15,29.82,72.65,0.6406,1,-1,-1
1018,318,972.45,335.23,64.12,26.48,0.2651,4,-1,-1
1019,261,753.31,334.54,54.00,24.46,0.3989,4,-1,-1
1019,287,653.68,334.70,56.56,22.31,0.2910,4,-1,-1
1019,293,1792.04,364.15,18.74,32.85,0.3675,1,-1,-1
1019,303,640.46,369.36,14.01,34.82,0.5842,1,-1,-1
1019,305,1109.22,322.85,44.11,19.53,0.2241,4,-1,-1
1019,296,1729.09,450.02,29.49,67.17,0.6885,1,-1,-1
1019,310,1272.72,333.93,43.83,15.80,0.2436,4,-1,-1
1019,300,1701.46,441.27,29.70,72.00,0.6280,1,-1,-1
1019,318,973.17,335.53,63.48,26.32,0.2720,4,-1,-1
1020,261,752.19,334.92,54.48,24.38,0.4140,4,-1,-1
1020,287,654.45,336.51,52.59,21.00,0.1476,4,-1,-1
1020,293,1792.24,364.25,18.78,32.93,0.3208,1,-1,-1
1020,303,640.94,370.09,13.87,34.32,0.5936,1,-1,-1
1020,305,1109.58,322.68,44.55,19.68,0.2494,4,-1,-1
1020,296,1729.14,450.19,29.48,66.67,0.6697,1,-1,-1
1020,310,1273.87,334.21,41.64,15.04,0.2394,4,-1,-1
1020,300,1702.39,441.21,29.57,71.29,0.6478,1,-1,-1
1020,318,975.52,336.89,61.09,25.35,0.3183,4,-1,-1
1020,317,1131.41,439.43,84.80,66.55,0.4513,4,-1,-1
1021,261,753.41,335.58,53.40,23.72,0.4054,4,-1,-1
1021,287,658.57,336.87,53.27,21.36,0.1634,4,-1,-1
1021,293,1791.29,363.48,19.20,34.04,0.1727,1,-1,-1
1021,303,641.22,370.89,13.84,34.23,0.6086,1,-1,-1
1021,305,1108.85,322.83,46.72,20.51,0.2975,4,-1,-1
1021,296,1729.60,449.67,30.91,69.72,0.7066,1,-1,-1
1021,310,1273.59,334.12,38.96,14.26,0.2121,4,-1,-1
1021,300,1703.25,440.41,29.73,71.60,0.7025,1,-1,-1
1021,318,977.34,336.99,59.62,24.90,0.3495,4,-1,-1
1021,321,862.19,416.05,23.92,43.56,0.5860,2,-1,-1
1021,317,1133.10,440.10,84.95,66.41,0.5010,4,-1,-1
1022,261,752.18,335.42,54.23,23.90,0.4349,4,-1,-1
1022,287,659.47,336.77,53.96,21.75,0.1399,4,-1,-1
1022,293,1790.90,361.53,20.26,36.30,0.1750,1,-1,-1
1022,303,641.42,371.39,13.79,34.10,0.6123,1,-1,-1
1022,305,1111.64,323.45,45.52,19.68,0.2950,4,-1,-1
1022,296,1730.07,449.23,30.98,69.73,0.7210,1,-1,-1
1022,310,1273.91,333.86,40.21,14.74,0.1848,4,-1,-1
1022,300,1703.69,440.50,29.76,71.60,0.6809,1,-1,-1
1022,318,977.39,337.01,59.07,24.80,0.3979,4,-1,-1
1022,321,865.35,417.55,23.06,41.93,0.5516,2,-1,-1
1022,317,1133.58,440.29,85.51,66.63,0.5775,4,-1,-1
1022,322,794.51,623.63,146.69,69.26,0.5718,4,-1,-1
1022,323,1038.83,335.42,49.54,27.03,0.4591,4,-1,-1
1023,261,752.07,335.37,54.60,23.95,0.4513,4,-1,-1
1023,287,659.71,336.48,54.47,22.07,0.1466,4,-1,-1
1023,293,1790.55,359.30,21.29,38.64,0.1661,1,-1,-1
1023,303,641.61,371.86,13.72,33.85,0.5955,1,-1,-1
1023,305,1112.34,323.78,45.58,19.42,0.2942,4,-1,-1
1023,296,1730.74,449.09,29.63,66.25,0.7303,1,-1,-1
1023,310,1273.01,333.91,42.50,15.63,0.1530,4,-1,-1
1023,300,1703.86,439.97,29.95,71.86,0.6540,1,-1,-1
1023,318,976.76,336.69,59.40,25.07,0.4659,4,-1,-1
1023,321,868.97,419.04,22.31,40.42,0.6697,2,-1,-1
1023,317,1133.38,440.46,86.10,66.97,0.4504,4,-1,-1
1023,322,789.83,623.45,150.08,70.79,0.4263,4,-1,-1
1023,323,1038.39,335.41,49.91,27.24,0.4834,4,-1,-1
1024,261,757.12,335.92,52.49,23.32,0.4698,4,-1,-1
1024,287,659.85,336.37,54.36,22.14,0.1294,4,-1,-1
1024,293,1790.68,359.47,20.95,38.47,0.1357,1,-1,-1
1024,303,641.86,372.29,13.57,33.37,0.5784,1,-1,-1
1024,305,1111.40,323.71,47.30,19.91,0.3603,4,-1,-1
1024,296,1731.61,449.54,29.00,64.50,0.7379,1,-1,-1
1024,310,1271.63,333.74,44.88,16.57,0.1290,4,-1,-1
1024,300,1704.19,439.78,30.14,72.15,0.6918,1,-1,-1
1024,318,976.97,336.48,59.34,25.20,0.5205,4,-1,-1
1024,321,870.39,419.09,21.88,39.53,0.7001,2,-1,-1
1024,317,1127.22,440.81,86.45,69.20,0.1082,4,-1,-1
1024,322,781.33,622.92,155.34,73.07,0.3242,4,-1,-1
1024,323,1038.61,335.75,49.27,26.88,0.4552,4,-1,-1
1025,261,762.72,336.73,49.51,22.47,0.5088,4,-1,-1
1025,287,663.78,339.56,48.04,19.33,0.1859,4,-1,-1
1025,293,1790.46,358.87,20.84,38.86,0.1041,1,-1,-1
1025,303,642.19,372.44,13.35,32.68,0.5823,1,-1,-1
1025,305,1110.27,323.71,49.19,20.52,0.3923,4,-1,-1
1025,296,1732.28,449.74,29.36,65.16,0.7379,1,-1,-1
1025,310,1270.12,334.25,44.73,16.50,0.1259,4,-1,-1
1025,300,1704.91,441.49,29.84,71.21,0.7146,1,-1,-1
1025,318,977.92,336.55,58.82,25.14,0.5137,4,-1,-1
1025,321,871.32,419.12,22.13,39.84,0.7114,2,-1,-1
1025,322,784.32,623.09,155.57,73.13,0.3049,4,-1,-1
1025,323,1038.99,335.95,48.89,26.65,0.4717,4,-1,-1
1025,325,859.76,435.78,43.50,31.99,0.6225,3,-1,-1
1026,261,765.42,337.17,47.71,22.10,0.5224,4,-1,-1
1026,287,664.97,340.77,45.71,18.20,0.1744,4,-1,-1
1026,293,1792.33,357.64,21.13,40.03,0.1761,1,-1,-1
1026,303,642.45,372.26,13.35,32.61,0.5842,1,-1,-1
1026,305,1110.28,323.79,49.44,20.44,0.4017,4,-1,-1
1026,296,1733.02,450.09,28.95,64.36,0.7146,1,-1,-1
1026,310,1270.04,334.55,43.64,16.07,0.1339,4,-1,-1
1026,300,1705.02,441.93,30.01,72.00,0.7058,1,-1,-1
1026,318,978.52,336.58,58.20,25.06,0.5400,4,-1,-1
1026,321,871.58,419.61,23.49,42.36,0.6086,2,-1,-1
1026,322,783.70,621.39,159.33,74.97,0.3251,4,-1,-1
1026,323,1039.13,336.07,48.61,26.48,0.4815,4,-1,-1
1026,325,861.06,437.57,42.14,30.92,0.4844,3,-1,-1
1026,326,799.27,403.88,20.87,45.95,0.4737,1,-1,-1
1026,301,1162.43,449.93,26.63,63.52,0.5322,1,-1,-1
1027,261,766.70,337.35,46.58,22.00,0.5380,4,-1,-1
1027,287,660.44,337.73,51.93,20.83,0.1432,4,-1,-1
1027,293,1793.77,358.63,20.44,39.12,0.1950,1,-1,-1
1027,303,642.72,372.44,13.34,32.54,0.5993,1,-1,-1
1027,305,1110.94,324.08,48.80,20.04,0.3757,4,-1,-1
1027,296,1733.90,450.76,28.99,64.67,0.7146,1,-1,-1
1027,310,1270.92,334.84,42.80,15.76,0.1325,4,-1,-1
1027,300,1705.32,441.99,30.15,72.55,0.7295,1,-1,-1
1027,318,979.10,336.72,57.56,24.94,0.5380,4,-1,-1
1027,321,873.40,420.30,23.52,42.32,0.5078,2,-1,-1
1027,322,784.08,621.29,158.74,74.76,0.3260,4,-1,-1
1027,323,1039.22,336.15,48.39,26.34,0.5049,4,-1,-1
1027,325,865.28,439.08,40.27,29.56,0.3065,3,-1,-1
1027,326,800.92,406.50,19.55,43.03,0.4158,1,-1,-1
1027,301,1160.55,449.40,27.15,64.53,0.4990,1,-1,-1
1028,261,767.65,337.69,45.37,21.82,0.5458,4,-1,-1
1028,287,658.62,336.67,53.81,21.69,0.1546,4,-1,-1
1028,293,1795.45,360.18,19.73,37.66,0.2193,1,-1,-1
1028,303,643.17,373.51,13.30,32.22,0.5670,1,-1,-1
1028,305,1110.69,324.17,49.16,20.11,0.3868,4,-1,-1
1028,296,1734.54,451.35,29.15,65.31,0.7098,1,-1,-1
1028,310,1266.28,333.72,46.14,16.86,0.1071,4,-1,-1
1028,300,1705.86,442.09,30.15,72.56,0.7186,1,-1,-1
1028,318,978.99,336.53,57.92,25.26,0.5419,4,-1,-1
1028,321,875.02,421.16,22.63,40.75,0.3657,2,-1,-1
1028,322,783.34,622.84,155.68,73.10,0.3460,4,-1,-1
1028,323,1038.93,336.02,48.62,26.48,0.5612,4,-1,-1
1028,325,867.91,439.82,40.39,29.63,0.2147,10,-1,-1
1028,326,801.30,407.47,19.73,43.48,0.2254,2,-1,-1
1028,301,1158.96,449.07,27.54,65.18,0.6325,1,-1,-1
1029,261,768.33,338.03,44.39,21.69,0.5419,4,-1,-1
1029,287,657.95,336.31,54.43,22.03,0.1541,4,-1,-1
1029,293,1796.66,362.92,18.63,35.19,0.2337,1,-1,-1
1029,303,643.57,374.20,13.27,31.95,0.5467,1,-1,-1
1029,305,1110.28,324.21,49.94,20.47,0.3522,4,-1,-1
1029,296,1735.19,451.29,29.36,66.04,0.7162,1,-1,-1
1029,310,1268.04,334.46,51.74,19.16,0.1471,4,-1,-1
1029,300,1706.35,441.98,30.24,72.72,0.7138,1,-1,-1
1029,318,979.13,336.46,57.87,25.44,0.5078,4,-1,-1
1029,321,877.72,422.04,22.91,41.05,0.3942,2,-1,-1
1029,322,781.81,621.33,160.22,75.32,0.2546,4,-1,-1
1029,323,1038.57,335.86,48.78,26.61,0.5727,4,-1,-1
1029,325,870.30,440.55,40.59,29.79,0.2598,10,-1,-1
1029,326,801.83,408.22,19.35,42.77,0.3970,1,-1,-1
1029,301,1157.67,448.30,27.71,65.86,0.5955,1,-1,-1
1030,261,768.73,338.20,43.68,21.66,0.5419,4,-1,-1
1030,287,657.31,336.03,53.28,21.72,0.2358,4,-1,-1
1030,293,1797.11,362.44,18.87,35.38,0.2451,1,-1,-1
1030,303,643.78,374.69,13.37,32.08,0.5842,1,-1,-1
1030,305,1110.46,324.54,49.41,20.28,0.3540,4,-1,-1
1030,296,1735.37,451.35,29.43,66.48,0.7178,1,-1,-1
1030,310,1271.13,334.99,47.47,17.64,0.1471,4,-1,-1
1030,300,1707.18,441.96,29.64,71.27,0.6976,1,-1,-1
1030,318,979.71,336.61,57.05,25.32,0.4766,4,-1,-1
1030,321,880.44,423.49,22.21,39.37,0.3425,2,-1,-1
1030,322,781.26,621.60,160.17,75.30,0.3821,4,-1,-1
1030,323,1038.60,336.13,48.40,26.42,0.5438,4,-1,-1
1030,325,871.58,440.70,40.82,30.03,0.2651,10,-1,-1
1030,326,802.73,408.34,19.09,42.32,0.3099,1,-1,-1
1030,301,1156.75,448.35,27.10,64.73,0.4639,1,-1,-1
1030,327,788.99,426.83,20.96,53.09,0.4971,1,-1,-1
1031,261,769.16,338.41,42.86,21.52,0.5516,4,-1,-1
1031,287,657.30,336.09,52.12,21.39,0.2241,4,-1,-1
1031,293,1797.03,361.21,19.27,36.11,0.2247,1,-1,-1
1031,303,643.93,375.06,13.41,32.15,0.6011,1,-1,-1
1031,305,1111.97,324.95,47.16,19.39,0.3183,4,-1,-1
1031,296,1735.75,451.71,29.35,66.66,0.7162,1,-1,-1
1031,310,1272.44,335.42,45.10,16.80,0.1303,4,-1,-1
1031,300,1708.77,441.93,28.68,68.92,0.6868,1,-1,-1
1031,318,980.84,337.06,55.68,24.97,0.4273,4,-1,-1
1031,321,882.72,423.04,21.87,38.58,0.4026,2,-1,-1
1031,322,783.63,623.93,155.74,73.13,0.3040,4,-1,-1
1031,323,1039.27,336.77,47.10,25.66,0.4766,4,-1,-1
1031,325,873.58,441.04,40.52,30.03,0.2910,3,-1,-1
1031,326,803.49,408.72,18.63,41.39,0.2444,1,-1,-1
1031,301,1155.88,449.76,25.68,61.55,0.6469,1,-1,-1
1031,327,790.55,425.07,20.80,52.57,0.1037,1,-1,-1
1032,261,769.38,338.43,42.43,21.56,0.5516,4,-1,-1
1032,287,656.57,336.16,51.22,21.12,0.2576,4,-1,-1
1032,293,1797.27,362.64,18.67,34.70,0.2114,1,-1,-1
1032,303,643.90,375.16,13.56,32.49,0.6289,1,-1,-1
1032,305,1112.92,325.09,45.54,18.74,0.3040,4,-1,-1
1032,296,1736.13,452.08,29.43,67.18,0.7364,1,-1,-1
1032,310,1273.16,335.78,44.40,16.58,0.1221,4,-1,-1
1032,300,1709.66,441.94,28.10,67.43,0.7162,1,-1,-1
1032,318,981.19,338.54,52.44,23.57,0.3486,4,-1,-1
1032,321,883.90,423.58,21.55,37.92,0.3024,2,-1,-1
1032,322,789.43,625.64,151.77,71.37,0.5029,4,-1,-1
1032,323,1040.52,337.88,45.07,24.41,0.3540,4,-1,-1
1032,325,875.54,441.29,40.28,30.10,0.2140,3,-1,-1
1032,326,803.75,408.78,19.05,42.45,0.1510,1,-1,-1
1032,301,1154.83,451.43,25.07,60.48,0.6469,1,-1,-1
1032,327,790.67,434.81,18.19,45.98,0.2241,1,-1,-1
1033,261,769.38,338.37,42.19,21.67,0.5438,4,-1,-1
1033,287,656.36,335.94,51.35,21.31,0.2494,4,-1,-1
1033,293,1797.40,364.64,17.93,33.03,0.1895,1,-1,-1
1033,303,643.86,375.15,13.72,32.87,0.6433,1,-1,-1
1033,305,1114.54,325.18,43.27,17.83,0.2942,4,-1,-1
1033,296,1736.56,452.37,29.68,67.92,0.7256,1,-1,-1
1033,300,1710.29,442.04,27.80,66.37,0.7114,1,-1,-1
1033,318,981.16,339.44,50.58,22.77,0.3049,4,-1,-1
1033,321,886.06,423.83,21.42,37.74,0.3149,2,-1,-1
1033,322,790.61,627.57,150.43,70.75,0.5898,4,-1,-1
1033,323,1041.35,338.90,43.43,23.31,0.3363,4,-1,-1
1033,325,878.16,442.70,38.73,29.09,0.2134,3,-1,-1
1033,326,805.81,408.06,16.24,35.49,0.2682,2,-1,-1
1033,301,1153.13,451.77,25.33,61.29,0.6179,1,-1,-1
1033,327,791.35,439.54,16.30,41.06,0.2288,1,-1,-1
1034,261,769.37,338.40,41.81,21.67,0.5205,4,-1,-1
1034,287,656.09,335.86,51.27,21.39,0.2372,4,-1,-1
1034,293,1797.64,365.00,17.84,32.41,0.1389,1,-1,-1
1034,303,643.95,375.28,13.71,32.83,0.6433,1,-1,-1
1034,305,1115.76,325.31,41.81,17.30,0.2682,4,-1,-1
1034,296,1737.42,452.46,29.53,67.59,0.7256,1,-1,-1
1034,300,1710.41,441.93,28.30,67.24,0.7130,1,-1,-1
1034,318,981.60,338.47,52.48,23.80,0.2910,4,-1,-1
1034,321,887.89,424.41,21.83,38.49,0.3268,2,-1,-1
1034,322,788.16,627.03,153.03,72.01,0.5341,4,-1,-1
1034,323,1041.81,339.41,42.88,22.83,0.3049,4,-1,-1
1034,325,881.35,444.24,36.83,27.68,0.2056,10,-1,-1
1034,326,807.91,408.03,15.70,34.12,0.2568,1,-1,-1
1034,301,1151.04,450.87,26.13,63.15,0.6397,1,-1,-1
1034,327,791.19,440.90,16.88,42.52,0.3775,1,-1,-1
1035,261,768.95,338.33,41.61,21.70,0.4698,4,-1,-1
1035,287,655.11,335.63,51.57,21.64,0.2227,4,-1,-1
1035,293,1797.63,365.59,17.47,31.41,0.1213,1,-1,-1
1035,303,644.09,375.66,13.75,32.87,0.6487,1,-1,-1
1035,305,1116.76,325.52,40.43,16.87,0.2187,4,-1,-1
1035,296,1738.44,452.34,29.10,66.64,0.7082,1,-1,-1
1035,300,1710.61,441.40,29.01,68.77,0.6951,1,-1,-1
1035,318,981.95,338.01,53.17,24.27,0.2736,4,-1,-1
1035,321,889.08,423.95,22.24,39.29,0.4235,2,-1,-1
1035,322,784.44,626.10,155.91,73.26,0.5708,4,-1,-1
1035,323,1041.96,339.68,42.66,22.53,0.2666,4,-1,-1
1035,325,882.96,444.18,37.00,27.82,0.2394,3,-1,-1
1035,326,809.12,407.17,14.72,31.39,0.4083,2,-1,-1
1035,301,1149.03,449.15,27.16,65.53,0.6397,1,-1,-1
1035,327,791.17,439.15,17.57,44.36,0.3757,1,-1,-1
1035,328,919.32,436.83,17.36,30.22,0.5380,2,-1,-1
1036,261,769.35,338.91,40.40,21.15,0.4863,4,-1,-1
1036,287,658.08,336.39,50.87,21.52,0.2095,4,-1,-1
1036,293,1797.54,365.96,17.45,31.17,0.1225,1,-1,-1
1036,303,644.39,376.46,13.48,32.14,0.6469,1,-1,-1
1036,305,1114.25,325.10,38.45,16.36,0.3277,4,-1,-1
1036,296,1740.04,452.34,27.93,63.94,0.7066,1,-1,-1
1036,300,1710.74,442.28,29.31,69.42,0.6749,1,-1,-1
1036,318,982.38,339.70,49.81,22.74,0.4321,4,-1,-1
1036,321,890.56,423.77,21.86,38.77,0.3200,2,-1,-1
1036,322,781.95,626.06,155.27,72.54,0.5088,4,-1,-1
1036,323,1041.46,341.48,40.31,21.04,0.1962,4,-1,-1
1036,325,881.96,441.54,39.61,30.36,0.2101,10,-1,-1
1036,326,808.35,406.53,16.19,33.79,0.1176,2,-1,-1
1036,301,1146.74,449.01,27.56,65.56,0.6325,1,-1,-1
1036,327,789.95,429.75,21.16,53.84,0.4649,1,-1,-1
1036,328,919.73,436.72,17.30,30.01,0.4455,2,-1,-1
1037,261,769.08,339.01,40.15,21.08,0.4707,4,-1,-1
1037,287,659.33,336.47,50.64,21.60,0.2121,4,-1,-1
1037,303,644.65,376.38,13.46,31.92,0.6451,1,-1,-1
1037,305,1113.91,324.93,36.66,15.91,0.3115,4,-1,-1
1037,296,1740.76,451.60,27.60,62.69,0.7042,1,-1,-1
1037,300,1711.23,442.44,29.42,70.00,0.6558,1,-1,-1
1037,318,982.91,340.47,48.23,22.04,0.4273,4,-1,-1
1037,321,891.66,424.19,22.16,39.72,0.3260,2,-1,-1
1037,322,780.36,625.52,156.46,72.79,0.4244,4,-1,-1
1037,323,1042.61,341.10,40.98,21.28,0.2975,4,-1,-1
1037,325,884.77,442.93,37.12,28.80,0.1944,3,-1,-1
1037,326,808.20,407.25,19.85,42.15,0.3868,1,-1,-1
1037,301,1145.37,448.18,28.14,65.96,0.6225,1,-1,-1
1037,327,789.46,426.05,22.85,58.66,0.4844,1,-1,-1
1037,328,919.19,436.71,17.42,30.10,0.2830,2,-1,-1
1038,261,766.65,338.67,41.27,21.55,0.4397,4,-1,-1
1038,287,659.65,336.39,50.58,21.76,0.1950,4,-1,-1
1038,303,644.84,376.35,13.46,31.76,0.6522,1,-1,-1
1038,305,1113.25,324.95,36.00,15.85,0.3260,4,-1,-1
1038,296,1741.22,451.91,27.72,62.74,0.7303,1,-1,-1
1038,300,1711.71,442.32,29.61,70.77,0.6885,1,-1,-1
1038,318,982.30,340.57,48.44,22.10,0.4484,4,-1,-1
1038,321,892.42,424.33,23.12,41.85,0.4369,2,-1,-1
1038,322,779.02,624.72,158.79,73.65,0.2502,4,-1,-1
1038,323,1042.08,340.54,42.62,22.10,0.3157,4,-1,-1
1038,325,885.00,441.35,37.66,30.03,0.1357,3,-1,-1
1038,326,808.64,407.25,20.95,45.02,0.4263,1,-1,-1
1038,301,1143.83,448.55,28.36,65.65,0.6926,1,-1,-1
1038,327,789.45,424.03,24.17,62.50,0.5107,1,-1,-1
1038,328,917.73,436.05,18.27,31.26,0.1767,2,-1,-1
1039,261,765.44,338.49,42.04,21.84,0.4254,4,-1,-1
1039,287,659.28,335.79,51.34,22.31,0.1854,4,-1,-1
1039,303,645.01,376.57,13.45,31.59,0.6505,1,-1,-1
1039,305,1112.21,324.95,36.07,16.05,0.3355,4,-1,-1
1039,296,1741.75,451.81,27.67,62.31,0.7454,1,-1,-1
1039,300,1712.22,442.08,29.62,71.01,0.7001,1,-1,-1
1039,318,981.00,340.58,49.08,22.28,0.4639,4,-1,-1
1039,321,893.92,426.01,22.85,41.24,0.2862,2,-1,-1
1039,322,779.21,624.65,161.23,74.83,0.1541,4,-1,-1
1039,323,1041.31,340.13,44.08,22.86,0.3294,4,-1,-1
1039,325,885.73,440.59,37.75,30.92,0.1303,3,-1,-1
1039,326,809.38,408.37,20.94,45.30,0.4707,1,-1,-1
1039,301,1143.00,449.34,28.51,65.25,0.7233,1,-1,-1
1039,327,789.93,423.71,24.42,63.57,0.4349,1,-1,-1
1040,261,767.05,338.76,41.65,21.72,0.3942,4,-1,-1
1040,287,658.83,335.25,51.98,22.82,0.1683,4,-1,-1
1040,303,645.13,376.72,13.53,31.66,0.6505,1,-1,-1
1040,305,1112.18,324.90,35.90,16.15,0.3372,4,-1,-1
1040,296,1742.09,451.40,28.16,63.00,0.7454,1,-1,-1
1040,300,1712.93,442.46,29.66,71.46,0.6951,1,-1,-1
1040,318,981.07,340.13,50.23,22.86,0.4523,4,-1,-1
1040,321,895.54,427.15,22.50,40.33,0.3260,2,-1,-1
1040,322,780.38,627.56,157.25,72.47,0.1456,4,-1,-1
1040,323,1040.25,339.20,45.71,23.66,0.3217,4,-1,-1
1040,325,888.18,439.09,38.17,32.10,0.1192,2,-1,-1
1040,326,810.21,409.25,20.71,45.00,0.5506,1,-1,-1
1040,301,1141.82,449.64,28.60,65.08,0.7217,1,-1,-1
1040,327,790.29,423.39,24.27,63.50,0.3951,1,-1,-1
1041,261,767.89,338.96,41.39,21.70,0.3868,4,-1,-1
1041,287,658.23,334.61,52.92,23.48,0.1807,4,-1,-1
1041,303,645.26,376.86,13.65,31.88,0.6505,1,-1,-1
1041,305,1108.91,325.22,37.67,16.84,0.3166,4,-1,-1
1041,296,1742.28,451.36,29.12,65.09,0.7364,1,-1,-1
1041,300,1713.75,442.89,29.69,71.67,0.6918,1,-1,-1
1041,318,979.57,340.34,50.60,22.82,0.4805,4,-1,-1
1041,321,897.57,428.85,22.13,39.08,0.2394,2,-1,-1
1041,322,779.53,626.37,161.00,74.21,0.1298,4,-1,-1
1041,323,1039.17,338.27,47.94,24.90,0.3416,4,-1,-1
1041,326,811.20,410.18,20.23,44.06,0.5458,1,-1,-1
1041,301,1140.39,449.72,28.21,64.12,0.6749,1,-1,-1
1041,327,792.52,423.62,20.28,51.89,0.2958,1,-1,-1
1042,261,768.09,339.10,41.30,21.80,0.3794,4,-1,-1
1042,287,659.34,335.25,52.92,23.59,0.1251,4,-1,-1
1042,303,645.35,377.25,13.74,31.93,0.6505,1,-1,-1
1042,305,1107.32,325.30,39.16,17.43,0.3057,4,-1,-1
1042,296,1742.47,451.49,29.42,65.73,0.7178,1,-1,-1
1042,300,1714.55,442.41,29.90,72.00,0.6885,1,-1,-1
1042,318,978.65,340.28,51.49,23.03,0.4504,4,-1,-1
1042,321,902.23,433.67,21.43,35.78,0.2942,2,-1,-1
1042,322,782.12,626.91,158.79,73.16,0.1380,4,-1,-1
1042,323,1038.10,337.48,49.87,26.03,0.3363,4,-1,-1
1042,326,811.48,410.43,20.58,45.02,0.5936,1,-1,-1
1042,301,1139.85,450.13,27.78,63.56,0.7050,1,-1,-1
1042,327,793.43,423.33,18.54,46.46,0.3702,1,-1,-1
1042,328,909.77,435.72,19.77,33.37,0.5224,2,-1,-1
1043,261,768.37,339.34,40.96,21.78,0.3905,4,-1,-1
1043,287,660.01,335.66,52.68,23.60,0.1012,4,-1,-1
1043,303,645.46,377.45,13.73,31.73,0.6505,1,-1,-1
1043,305,1106.29,325.39,41.02,18.21,0.3124,4,-1,-1
1043,296,1742.61,451.86,29.59,66.16,0.6984,1,-1,-1
1043,300,1715.58,442.69,29.94,72.10,0.6968,1,-1,-1
1043,318,977.61,340.06,53.01,23.49,0.4311,4,-1,-1
1043,321,904.50,432.78,22.42,37.01,0.3090,2,-1,-1
1043,322,781.25,628.22,158.43,72.79,0.2075,4,-1,-1
1043,323,1037.18,336.82,51.26,26.94,0.3886,4,-1,-1
1043,326,811.88,410.68,20.56,45.16,0.5936,1,-1,-1
1043,301,1137.87,450.05,27.91,64.04,0.7130,1,-1,-1
1043,327,793.73,423.16,18.27,44.83,0.4795,1,-1,-1
1043,328,908.65,435.63,20.55,34.37,0.4902,2,-1,-1
1044,261,768.75,339.61,40.41,21.66,0.4216,4,-1,-1
1044,287,655.08,335.28,51.36,23.25,0.1968,4,-1,-1
1044,303,645.58,377.54,13.81,31.75,0.6487,1,-1,-1
1044,305,1106.08,325.48,41.33,18.29,0.2822,4,-1,-1
1044,296,1742.75,452.32,29.50,65.94,0.6868,1,-1,-1
1044,300,1716.31,442.51,30.03,72.38,0.6885,1,-1,-1
1044,318,976.43,340.31,53.15,23.40,0.3868,4,-1,-1
1044,321,906.61,432.70,22.60,37.19,0.4659,2,-1,-1
1044,322,785.26,630.53,153.36,70.20,0.3849,4,-1,-1
1044,323,1037.33,337.06,50.87,26.84,0.3558,4,-1,-1
1044,326,812.31,410.84,20.39,45.03,0.6123,1,-1,-1
1044,301,1136.00,450.10,27.96,64.36,0.7050,1,-1,-1
1044,327,793.84,422.98,18.48,44.53,0.5185,1,-1,-1
1044,328,910.01,435.25,20.75,34.72,0.1938,2,-1,-1
1045,261,768.99,339.75,39.91,21.56,0.4177,4,-1,-1
1045,287,653.53,335.14,50.66,23.16,0.2024,4,-1,-1
1045,303,645.67,377.57,13.89,31.75,0.6415,1,-1,-1
1045,305,1105.96,325.63,41.10,18.11,0.2674,4,-1,-1
1045,296,1741.88,451.53,30.51,67.92,0.6758,1,-1,-1
1045,300,1716.58,441.84,30.10,72.56,0.7033,1,-1,-1
1045,318,975.88,340.51,53.13,23.27,0.3933,4,-1,-1
1045,321,906.15,432.49,23.60,38.58,0.4941,2,-1,-1
1045,322,784.54,629.53,156.76,71.92,0.4340,4,-1,-1
1045,323,1037.67,337.53,50.12,26.51,0.3469,4,-1,-1
1045,326,812.83,410.41,20.44,45.36,0.6030,1,-1,-1
1045,301,1135.30,451.53,27.40,63.31,0.6868,1,-1,-1
1045,327,793.62,423.94,17.90,42.49,0.5699,1,-1,-1
1045,328,907.20,439.12,20.46,32.71,0.1023,2,-1,-1
1046,261,769.33,339.83,39.49,21.47,0.4216,4,-1,-1
1046,287,654.24,335.32,49.82,23.00,0.1999,4,-1,-1
1046,303,645.89,377.35,13.81,31.44,0.6343,1,-1,-1
1046,305,1105.69,325.80,41.23,18.14,0.2720,4,-1,-1
1046,296,1741.67,451.42,30.52,67.51,0.6876,1,-1,-1
1046,300,1716.69,441.19,30.37,73.11,0.7130,1,-1,-1
1046,318,975.74,341.03,52.18,22.76,0.4007,4,-1,-1
1046,321,906.79,432.08,24.09,39.39,0.5322,2,-1,-1
1046,322,784.22,628.81,159.37,73.41,0.3558,4,-1,-1
1046,323,1038.38,338.48,48.78,25.78,0.3390,4,-1,-1
1046,326,813.48,410.73,20.48,45.71,0.6197,1,-1,-1
1046,301,1133.93,449.84,28.10,65.02,0.6514,1,-1,-1
1046,327,793.49,424.42,17.88,42.00,0.5964,1,-1,-1
1047,261,769.77,339.98,38.92,21.25,0.4321,4,-1,-1
1047,287,656.24,335.84,48.48,22.58,0.2037,4,-1,-1
1047,303,646.15,377.31,13.82,31.45,0.6522,1,-1,-1
1047,305,1105.36,325.94,41.47,18.23,0.2720,4,-1,-1
1047,296,1740.81,451.50,31.67,69.75,0.6976,1,-1,-1
1047,300,1716.96,440.75,30.36,72.84,0.6918,1,-1,-1
1047,318,975.93,340.93,52.88,22.94,0.4330,4,-1,-1
1047,321,907.64,432.27,24.14,39.86,0.1919,1,-1,-1
1047,322,782.14,628.16,162.81,75.35,0.2063,4,-1,-1
1047,323,1038.88,338.92,48.29,25.49,0.2870,4,-1,-1
1047,326,814.14,411.36,20.38,45.60,0.5448,1,-1,-1
1047,301,1132.67,449.12,28.42,65.76,0.6843,1,-1,-1
1047,327,793.29,424.54,18.31,42.78,0.5775,1,-1,-1
1047,329,749.16,329.20,47.79,19.67,0.4805,4,-1,-1
1048,261,770.42,340.16,38.34,20.96,0.4504,4,-1,-1
1048,287,659.34,335.26,49.56,23.23,0.1818,4,-1,-1
1048,303,646.51,377.39,13.76,31.42,0.6593,1,-1,-1
1048,305,1105.10,325.99,41.39,18.20,0.2806,4,-1,-1
1048,296,1740.41,451.77,32.38,71.16,0.7106,1,-1,-1
1048,300,1718.16,441.07,29.98,71.92,0.6843,1,-1,-1
1048,318,976.50,341.00,53.08,22.88,0.4649,4,-1,-1
1048,321,908.44,432.87,23.67,39.33,0.4455,2,-1,-1
1048,322,782.58,628.69,161.97,75.24,0.1913,4,-1,-1
1048,323,1039.83,341.92,43.04,22.53,0.1739,4,-1,-1
1048,326,815.18,412.55,19.56,43.78,0.4340,1,-1,-1
1048,301,1131.23,448.94,28.58,65.97,0.6740,1,-1,-1
1048,327,793.53,424.67,18.31,42.47,0.5545,1,-1,-1
1048,329,749.52,329.13,47.46,19.53,0.4844,4,-1,-1
1049,261,770.73,340.35,38.09,20.82,0.4717,4,-1,-1
1049,287,660.79,335.23,49.97,23.58,0.1950,4,-1,-1
1049,303,646.88,377.78,13.63,31.21,0.6558,1,-1,-1
1049,305,1104.91,325.97,42.96,18.89,0.3251,4,-1,-1
1049,296,1740.49,451.36,32.53,71.44,0.7138,1,-1,-1
1049,300,1719.41,441.04,29.65,71.42,0.6826,1,-1,-1
1049,318,976.96,341.02,53.36,22.84,0.4542,4,-1,-1
1049,321,909.10,433.65,22.79,37.90,0.4980,2,-1,-1
1049,322,780.71,629.09,163.30,76.00,0.1067,4,-1,-1
1049,323,1042.39,342.14,43.00,22.23,0.1618,4,-1,-1
1049,326,816.34,414.12,19.08,42.74,0.3451,1,-1,-1
1049,301,1130.17,448.53,28.81,66.14,0.6775,1,-1,-1
1049,327,793.68,425.02,18.45,42.63,0.5390,1,-1,-1
1049,329,749.63,329.12,46.79,19.25,0.4883,4,-1,-1
1050,261,770.97,340.50,38.09,20.81,0.4824,4,-1,-1
1050,287,661.33,335.28,50.27,23.86,0.2012,4,-1,-1
1050,303,647.19,378.31,13.77,31.44,0.6540,1,-1,-1
1050,305,1104.82,326.02,43.37,19.06,0.3107,4,-1,-1
1050,296,1741.51,450.62,31.40,68.92,0.7217,1,-1,-1
1050,300,1720.49,440.96,29.37,71.17,0.6976,1,-1,-1
1050,318,977.38,340.92,54.17,22.99,0.5117,4,-1,-1
1050,321,908.27,434.89,22.51,37.42,0.5244,2,-1,-1
1050,323,1041.02,340.58,46.39,23.94,0.2173,4,-1,-1
1050,326,817.39,414.50,19.84,44.62,0.5273,1,-1,-1
1050,301,1128.89,447.89,29.22,66.62,0.6637,1,-1,-1
1050,327,793.59,425.25,18.94,43.76,0.6261,1,-1,-1
1050,329,749.30,329.19,46.55,19.16,0.4922,4,-1,-1
1051,261,770.86,340.50,37.97,20.70,0.5341,4,-1,-1
1051,287,659.35,335.21,49.99,23.94,0.2108,4,-1,-1
1051,303,647.41,378.41,14.12,32.15,0.6663,1,-1,-1
1051,305,1104.70,325.72,43.37,19.07,0.3639,4,-1,-1
1051,296,1743.02,449.99,30.25,66.64,0.7417,1,-1,-1
1051,300,1720.95,440.75,29.49,71.95,0.7090,1,-1,-1
1051,318,978.63,340.58,54.88,23.22,0.4785,4,-1,-1
1051,321,906.75,435.98,22.22,36.90,0.4971,2,-1,-1
1051,323,1040.29,340.36,47.08,24.11,0.1446,4,-1,-1
1051,326,818.02,414.13,20.83,47.30,0.6030,1,-1,-1
1051,301,1127.54,447.43,30.00,67.58,0.7025,1,-1,-1
1051,327,792.93,425.65,19.80,45.81,0.6442,1,-1,-1
1051,329,749.63,329.28,45.84,18.83,0.4369,4,-1,-1
1052,261,770.72,340.46,38.04,20.71,0.5127,4,-1,-1
1052,287,659.27,333.46,52.91,25.63,0.2261,4,-1,-1
1052,303,647.60,378.76,14.24,32.33,0.6628,1,-1,-1
1052,305,1104.74,325.67,43.24,19.02,0.3666,4,-1,-1
1052,296,1744.29,449.98,29.18,64.52,0.7417,1,-1,-1
1052,300,1721.28,440.61,29.20,71.75,0.7272,1,-1,-1
1052,318,979.16,340.51,55.09,23.26,0.4834,4,-1,-1
1052,321,905.93,437.25,21.87,35.99,0.5322,2,-1,-1
1052,323,1040.66,340.92,46.65,23.62,0.1221,4,-1,-1
1052,326,818.71,414.01,21.06,48.20,0.5651,1,-1,-1
1052,301,1125.89,447.88,30.27,67.62,0.7033,1,-1,-1
1052,327,792.94,425.99,19.89,46.07,0.6424,1,-1,-1
1052,329,749.44,329.27,45.65,18.73,0.3942,4,-1,-1
1053,261,770.42,340.39,38.52,20.97,0.4844,4,-1,-1
1053,287,658.88,332.66,54.10,26.48,0.2254,4,-1,-1
1053,303,647.68,379.13,14.36,32.46,0.6575,1,-1,-1
1053,305,1105.00,325.79,42.75,18.77,0.3785,4,-1,-1
1053,296,1745.09,449.82,28.71,63.56,0.7264,1,-1,-1
1053,300,1721.57,440.80,28.94,71.61,0.7318,1,-1,-1
1053,318,979.67,340.66,54.69,23.09,0.4465,4,-1,-1
1053,321,905.08,438.49,21.31,35.15,0.4912,2,-1,-1
1053,323,1041.13,341.37,46.51,23.29,0.1225,4,-1,-1
1053,326,820.33,413.53,19.82,45.32,0.4455,1,-1,-1
1053,301,1124.31,447.84,30.66,68.19,0.6834,1,-1,-1
1053,327,793.13,426.36,19.70,45.60,0.6021,1,-1,-1
1053,329,749.27,329.26,45.94,18.80,0.3739,4,-1,-1
1053,325,910.13,429.24,43.50,40.29,0.5020,2,-1,-1
1054,261,770.36,340.53,38.71,21.08,0.4815,4,-1,-1
1054,287,658.84,332.59,53.96,26.64,0.2043,4,-1,-1
1054,303,647.82,379.45,14.55,32.79,0.6415,1,-1,-1
1054,305,1105.14,325.98,42.06,18.42,0.3748,4,-1,-1
1054,296,1745.45,449.80,28.85,63.85,0.7074,1,-1,-1
1054,300,1721.82,441.05,28.75,71.59,0.7379,1,-1,-1
1054,318,976.00,340.53,55.37,23.37,0.2261,4,-1,-1
1054,321,904.45,438.60,21.08,34.88,0.5554,2,-1,-1
1054,323,1042.09,341.95,46.15,22.86,0.1371,4,-1,-1
1054,326,821.57,413.73,18.94,43.22,0.4902,1,-1,-1
1054,301,1123.05,449.16,30.50,66.59,0.7122,1,-1,-1
1054,327,793.37,426.63,19.57,45.29,0.6114,1,-1,-1
1054,329,749.55,329.30,45.36,18.53,0.3775,4,-1,-1
1054,330,1213.20,340.45,53.83,24.22,0.4504,4,-1,-1
1054,325,911.61,428.42,41.67,41.68,0.4893,2,-1,-1
1055,261,770.57,340.54,38.90,21.23,0.5029,4,-1,-1
1055,287,659.14,332.85,52.96,26.33,0.1836,4,-1,-1
1055,303,647.81,379.47,15.04,33.86,0.6460,1,-1,-1
1055,305,1105.15,326.13,41.68,18.22,0.3630,4,-1,-1
1055,296,1745.39,449.77,29.41,65.16,0.7106,1,-1,-1
1055,300,1722.28,441.60,28.18,70.47,0.7439,1,-1,-1
1055,318,974.82,341.12,54.40,22.91,0.1859,4,-1,-1
1055,321,903.70,438.65,21.22,35.31,0.5244,2,-1,-1
1055,323,1043.51,342.70,45.36,22.20,0.1380,4,-1,-1
1055,326,822.46,413.45,19.03,43.60,0.5574,1,-1,-1
1055,301,1121.67,449.70,30.39,65.35,0.6976,1,-1,-1
1055,327,793.53,426.72,19.59,45.34,0.6243,1,-1,-1
1055,329,750.25,329.30,44.38,18.10,0.4111,4,-1,-1
1055,330,1212.54,340.42,54.36,24.45,0.4378,4,-1,-1
1055,325,913.63,428.29,38.97,41.80,0.3242,2,-1,-1
1056,261,770.48,340.55,39.29,21.55,0.4727,4,-1,-1
1056,287,658.06,332.12,53.79,26.96,0.1848,4,-1,-1
1056,303,648.00,379.53,15.35,34.58,0.6531,1,-1,-1
1056,305,1105.34,326.29,40.74,17.76,0.3451,4,-1,-1
1056,296,1745.44,449.98,29.82,66.17,0.7122,1,-1,-1
1056,300,1722.45,442.04,28.10,70.62,0.7454,1,-1,-1
1056,318,979.15,342.65,50.49,21.02,0.3425,4,-1,-1
1056,321,902.90,438.68,21.25,35.76,0.4649,2,-1,-1
1056,323,1044.04,343.24,45.02,21.82,0.1561,4,-1,-1
1056,326,823.20,414.05,18.93,43.50,0.5448,1,-1,-1
1056,301,1120.49,449.80,30.22,64.70,0.6943,1,-1,-1
1056,327,793.75,426.93,19.51,45.20,0.5718,1,-1,-1
1056,329,749.91,329.33,44.90,18.31,0.4397,4,-1,-1
1056,330,1212.56,340.73,53.62,24.10,0.4844,4,-1,-1
1057,261,770.44,340.65,39.45,21.69,0.4834,4,-1,-1
1057,287,659.48,333.57,53.04,26.81,0.1056,4,-1,-1
1057,303,648.19,379.35,15.66,35.32,0.6619,1,-1,-1
1057,305,1105.20,326.38,40.21,17.51,0.3183,4,-1,-1
1057,296,1745.81,449.89,29.71,66.44,0.6968,1,-1,-1
1057,300,1722.64,442.56,28.06,70.70,0.7469,1,-1,-1
1057,318,981.50,343.54,48.83,20.13,0.3720,4,-1,-1
1057,321,902.15,438.44,21.56,36.62,0.4359,2,-1,-1
1057,323,1043.58,343.15,45.56,21.94,0.1485,4,-1,-1
1057,326,823.15,414.48,20.27,46.98,0.4707,1,-1,-1
1057,301,1119.37,450.09,29.50,63.46,0.6843,1,-1,-1
1057,327,793.12,426.64,19.98,46.21,0.5955,1,-1,-1
1057,329,749.45,329.55,45.07,18.40,0.4630,4,-1,-1
1057,330,1213.04,341.07,52.74,23.68,0.5020,4,-1,-1
1058,261,770.41,340.72,39.58,21.82,0.4727,4,-1,-1
1058,287,659.99,333.36,52.88,26.87,0.1213,4,-1,-1
1058,303,648.57,379.28,15.73,35.61,0.6549,1,-1,-1
1058,305,1104.80,326.38,41.41,18.05,0.3174,4,-1,-1
1058,296,1746.02,450.03,30.19,67.74,0.6976,1,-1,-1
1058,300,1722.90,442.81,28.00,70.59,0.7454,1,-1,-1
1058,318,977.30,342.98,52.09,21.52,0.2147,4,-1,-1
1058,321,901.57,438.47,22.14,37.61,0.2480,1,-1,-1
1058,323,1041.76,342.04,47.66,22.94,0.1629,4,-1,-1
1058,326,823.83,415.44,20.66,48.63,0.3612,1,-1,-1
1058,301,1117.96,450.29,29.38,63.47,0.7154,1,-1,-1
1058,327,792.88,426.48,20.26,46.79,0.5516,1,-1,-1
1058,329,749.06,329.76,45.24,18.51,0.4542,4,-1,-1
1058,330,1212.30,341.32,51.42,23.09,0.4766,4,-1,-1
1059,261,770.62,340.87,39.36,21.74,0.4600,4,-1,-1
1059,287,660.63,333.49,51.97,26.54,0.1052,4,-1,-1
1059,303,648.93,379.35,15.64,35.51,0.6478,1,-1,-1
1059,305,1104.31,326.35,43.01,18.78,0.3242,4,-1,-1
1059,296,1746.43,450.88,29.99,67.46,0.7106,1,-1,-1
1059,300,1723.30,442.90,27.69,69.85,0.7454,1,-1,-1
1059,318,980.12,343.41,50.81,20.88,0.4168,4,-1,-1
1059,321,901.42,438.84,22.25,37.62,0.2275,1,-1,-1
1059,323,1040.06,341.04,49.55,23.91,0.1795,4,-1,-1
1059,326,825.09,417.14,20.10,48.33,0.3425,1,-1,-1
1059,301,1116.96,451.20,28.86,62.85,0.7138,1,-1,-1
1059,327,793.43,427.04,19.92,46.17,0.5020,1,-1,-1
1059,329,749.08,329.93,45.35,18.59,0.4620,4,-1,-1
1059,330,1212.01,341.39,51.12,23.00,0.4484,4,-1,-1
1060,261,770.64,340.90,39.40,21.80,0.4513,4,-1,-1
1060,287,658.73,332.29,52.68,27.02,0.1807,4,-1,-1
1060,303,649.53,379.80,15.12,34.33,0.6415,1,-1,-1
1060,305,1103.70,326.20,42.84,18.83,0.3149,4,-1,-1
1060,296,1746.72,450.93,29.98,67.50,0.7264,1,-1,-1
1060,300,1723.40,442.66,27.75,70.05,0.7364,1,-1,-1
1060,318,980.13,343.49,51.24,20.95,0.4484,4,-1,-1
1060,321,901.38,438.92,22.33,37.99,0.4455,1,-1,-1
1060,323,1037.22,341.61,47.08,23.05,0.2531,4,-1,-1
1060,326,826.11,418.03,19.48,47.63,0.1938,1,-1,-1
1060,301,1116.37,451.83,27.56,60.60,0.6558,1,-1,-1
1060,327,793.53,426.85,20.06,46.66,0.4359,1,-1,-1
1060,329,748.55,330.01,45.52,18.78,0.4727,4,-1,-1
1060,330,1212.37,341.47,50.98,22.91,0.4064,4,-1,-1
1060,325,923.47,432.90,33.44,38.15,0.5496,2,-1,-1
1061,261,770.80,340.88,39.36,21.80,0.4552,4,-1,-1
1061,287,658.44,332.26,52.20,26.89,0.1705,4,-1,-1
1061,303,649.65,379.90,15.14,34.40,0.6442,1,-1,-1
1061,305,1103.31,326.01,41.82,18.55,0.2983,4,-1,-1
1061,296,1747.55,451.08,29.53,66.42,0.7202,1,-1,-1
1061,300,1723.73,442.47,27.66,69.93,0.7186,1,-1,-1
1061,318,979.99,343.55,51.61,21.03,0.4707,4,-1,-1
1061,321,900.94,439.37,22.09,37.75,0.4610,1,-1,-1
1061,323,1035.94,341.77,45.80,22.74,0.3107,4,-1,-1
1061,301,1115.50,452.17,26.69,59.36,0.6697,1,-1,-1
1061,327,793.85,426.93,19.96,46.65,0.4746,1,-1,-1
1061,329,748.09,330.11,45.38,18.88,0.4455,4,-1,-1
1061,330,1212.71,341.58,51.08,22.87,0.3933,4,-1,-1
1061,325,925.64,434.08,31.00,37.06,0.5156,2,-1,-1
1062,261,771.11,341.02,39.01,21.59,0.4746,4,-1,-1
1062,287,658.71,332.66,51.09,26.46,0.1427,4,-1,-1
1062,303,650.09,380.19,15.00,34.23,0.6478,1,-1,-1
1062,305,1103.41,325.95,40.27,18.02,0.2918,4,-1,-1
1062,296,1748.34,450.72,29.27,65.81,0.7058,1,-1,-1
1062,300,1724.41,442.36,27.50,69.55,0.7042,1,-1,-1
1062,318,980.29,343.62,51.53,20.96,0.4494,4,-1,-1
1062,321,899.90,439.76,22.04,37.61,0.3720,1,-1,-1
1062,323,1035.34,341.94,44.71,22.52,0.3398,4,-1,-1
1062,301,1114.20,451.59,27.02,60.75,0.6540,1,-1,-1
1062,327,794.36,427.20,19.69,46.39,0.4776,1,-1,-1
1062,329,748.20,330.26,44.70,18.74,0.4330,4,-1,-1
1062,330,1212.39,341.70,51.10,22.78,0.4600,4,-1,-1
1062,325,927.19,435.23,29.33,36.37,0.4130,2,-1,-1
1063,261,771.37,341.18,38.64,21.35,0.4805,4,-1,-1
1063,287,658.84,332.98,50.13,26.09,0.1290,4,-1,-1
1063,303,650.54,380.44,14.82,34.03,0.6619,1,-1,-1
1063,305,1103.69,326.01,38.93,17.54,0.2759,4,-1,-1
1063,296,1749.36,450.22,28.75,64.56,0.6809,1,-1,-1
1063,300,1725.53,442.62,27.19,68.42,0.7033,1,-1,-1
1063,318,980.54,343.93,50.96,20.71,0.4359,4,-1,-1
1063,321,899.26,440.01,22.12,37.82,0.4083,1,-1,-1
1063,323,1038.17,341.20,45.90,23.09,0.1842,4,-1,-1
1063,301,1113.57,450.82,27.03,61.27,0.6215,1,-1,-1
1063,327,794.76,427.23,19.53,46.41,0.4717,1,-1,-1
1063,329,748.30,330.37,44.18,18.65,0.4244,4,-1,-1
1063,330,1211.47,341.82,50.60,22.46,0.5283,4,-1,-1
1063,325,928.37,436.43,28.20,36.09,0.3970,2,-1,-1
1064,261,771.24,341.18,38.87,21.45,0.4494,4,-1,-1
1064,287,658.59,332.78,50.72,26.49,0.1281,4,-1,-1
1064,303,650.76,380.45,14.74,34.05,0.6619,1,-1,-1
1064,305,1103.64,326.18,38.79,17.62,0.2531,4,-1,-1
1064,296,1749.85,449.87,28.70,64.36,0.7042,1,-1,-1
1064,300,1725.97,442.55,27.29,68.36,0.7194,1,-1,-1
1064,318,979.75,343.95,51.55,20.91,0.4446,4,-1,-1
1064,321,898.78,439.80,22.41,38.57,0.4177,1,-1,-1
1064,323,1039.51,341.29,46.32,23.19,0.2024,4,-1,-1
1064,301,1112.67,450.93,27.11,61.96,0.5898,1,-1,-1
1064,327,794.62,427.24,19.54,46.74,0.4659,1,-1,-1
1064,329,748.33,330.33,44.17,18.73,0.3951,4,-1,-1
1064,330,1211.21,342.06,50.43,22.28,0.5593,4,-1,-1
1064,325,929.71,436.84,27.30,35.84,0.3877,2,-1,-1
1064,331,1271.53,339.71,52.85,21.72,0.4600,4,-1,-1
1065,261,770.84,341.09,39.46,21.77,0.4407,4,-1,-1
1065,287,658.28,332.52,51.56,26.99,0.1366,4,-1,-1
1065,303,651.04,380.53,14.59,33.92,0.6654,1,-1,-1
1065,305,1103.72,326.40,38.90,17.79,0.2187,4,-1,-1
1065,296,1750.36,449.34,28.97,64.96,0.7042,1,-1,-1
1065,300,1726.17,442.42,27.45,68.49,0.7272,1,-1,-1
1065,318,978.59,343.73,52.80,21.39,0.4359,4,-1,-1
1065,321,897.25,439.08,22.95,39.84,0.3531,1,-1,-1
1065,323,1039.20,341.21,46.94,23.49,0.1974,4,-1,-1
1065,301,1111.34,451.48,27.55,62.34,0.6706,1,-1,-1
1065,327,794.49,427.39,19.58,47.02,0.4620,1,-1,-1
1065,329,748.51,330.17,44.14,18.74,0.3495,4,-1,-1
1065,330,1211.00,342.27,50.32,22.13,0.5670,4,-1,-1
1065,325,931.13,438.50,26.80,35.34,0.1883,10,-1,-1
1065,331,1271.03,339.85,52.17,21.43,0.4649,4,-1,-1
1066,261,770.88,341.09,39.79,22.01,0.4523,4,-1,-1
1066,287,659.94,332.73,51.75,27.01,0.1801,4,-1,-1
1066,303,651.22,380.08,14.82,34.74,0.6758,1,-1,-1
1066,305,1103.98,326.70,39.35,18.11,0.1801,4,-1,-1
1066,296,1750.64,449.05,28.98,65.09,0.7090,1,-1,-1
1066,300,1726.10,442.62,27.89,69.49,0.7146,1,-1,-1
1066,318,978.59,343.26,53.68,21.99,0.4130,4,-1,-1
1066,321,896.17,438.65,23.44,41.12,0.4776,1,-1,-1
1066,323,1036.65,341.45,45.91,23.30,0.1255,4,-1,-1
1066,301,1109.65,451.44,28.24,63.09,0.7341,1,-1,-1
1066,327,794.33,428.68,19.21,46.35,0.5273,1,-1,-1
1066,329,746.46,330.05,45.24,19.23,0.3149,4,-1,-1
1066,330,1210.89,342.35,50.80,22.27,0.5842,4,-1,-1
1066,325,931.95,436.44,28.05,37.59,0.5554,2,-1,-1
1066,331,1271.20,339.31,52.99,21.75,0.4311,4,-1,-1
1067,261,770.90,341.06,39.91,22.14,0.4523,4,-1,-1
1067,287,660.42,332.81,52.21,27.16,0.1807,4,-1,-1
1067,303,651.49,380.18,14.80,35.04,0.6723,1,-1,-1
1067,305,1104.08,326.85,39.58,18.34,0.1689,4,-1,-1
1067,296,1750.87,448.85,29.09,65.39,0.7138,1,-1,-1
1067,300,1726.07,442.93,28.14,70.05,0.7130,1,-1,-1
1067,318,979.29,343.13,53.53,22.20,0.4054,4,-1,-1
1067,321,895.38,438.34,23.47,41.41,0.4130,2,-1,-1
1067,323,1035.70,341.51,45.35,23.34,0.1264,4,-1,-1
1067,301,1108.50,451.48,28.43,63.15,0.7432,1,-1,-1
1067,327,794.41,429.14,19.10,46.36,0.5429,1,-1,-1
1067,329,745.58,329.94,45.79,19.46,0.3115,4,-1,-1
1067,330,1210.72,342.49,51.10,22.34,0.5612,4,-1,-1
1067,325,933.37,436.16,27.79,37.82,0.5823,2,-1,-1
1067,331,1271.23,339.27,53.32,21.86,0.4121,4,-1,-1
1068,261,771.04,341.08,39.76,22.14,0.4698,4,-1,-1
1068,287,660.70,332.97,52.08,27.01,0.1556,4,-1,-1
1068,303,651.73,380.38,14.64,35.02,0.6809,1,-1,-1
1068,305,1104.55,327.03,38.51,17.92,0.1624,4,-1,-1
1068,296,1751.22,448.60,29.34,65.96,0.6960,1,-1,-1
1068,300,1725.68,442.92,28.40,71.03,0.7009,1,-1,-1
1068,318,980.35,343.43,52.12,21.88,0.3868,4,-1,-1
1068,321,895.60,438.55,23.10,41.28,0.6160,1,-1,-1
1068,323,1034.78,341.71,44.02,23.12,0.1334,4,-1,-1
1068,301,1107.64,451.71,28.43,62.87,0.7280,1,-1,-1
1068,327,794.70,428.87,19.21,46.75,0.5765,1,-1,-1
1068,329,745.66,329.94,45.61,19.36,0.2958,4,-1,-1
1068,330,1210.81,342.64,50.69,22.08,0.5458,4,-1,-1
1068,325,934.65,436.14,27.54,38.20,0.5955,2,-1,-1
1068,331,1272.93,339.44,51.15,20.96,0.4026,4,-1,-1
1069,261,771.25,341.12,39.60,22.12,0.4737,4,-1,-1
1069,287,660.86,334.52,50.56,26.16,0.1515,4,-1,-1
1069,303,651.93,380.39,14.57,35.18,0.6775,1,-1,-1
1069,305,1104.56,327.17,38.74,18.13,0.1640,4,-1,-1
1069,296,1751.63,449.16,29.19,65.44,0.7082,1,-1,-1
1069,300,1725.62,443.31,28.16,70.66,0.7025,1,-1,-1
1069,318,980.63,343.29,52.13,22.14,0.3961,4,-1,-1
1069,321,894.99,438.42,23.00,41.62,0.7033,1,-1,-1
1069,323,1033.03,342.83,41.16,22.23,0.3099,4,-1,-1
1069,301,1106.98,452.10,28.42,62.55,0.7233,1,-1,-1
1069,327,794.95,428.83,19.25,46.94,0.6252,1,-1,-1
1069,329,745.79,329.84,45.44,19.25,0.2934,4,-1,-1
1069,330,1209.97,342.56,51.58,22.38,0.5224,4,-1,-1
1069,325,935.39,436.18,27.35,38.37,0.6105,2,-1,-1
1069,331,1273.17,339.47,50.69,20.78,0.3840,4,-1,-1
1070,261,771.54,341.23,39.26,21.99,0.4961,4,-1,-1
1070,287,661.25,333.70,51.25,26.49,0.1321,4,-1,-1
1070,303,652.01,380.34,14.58,35.52,0.6792,1,-1,-1
1070,305,1104.68,327.24,38.42,18.06,0.1525,4,-1,-1
1070,296,1751.62,449.39,29.32,65.47,0.6918,1,-1,-1
1070,300,1725.64,443.42,28.09,70.68,0.7025,1,-1,-1
1070,318,981.25,343.56,51.08,21.93,0.3639,4,-1,-1
1070,321,894.26,438.19,22.97,42.24,0.7225,1,-1,-1
1070,323,1032.73,343.79,38.72,21.47,0.3049,4,-1,-1
1070,301,1106.15,452.00,28.57,62.63,0.6943,1,-1,-1
1070,327,795.22,429.06,19.19,46.88,0.6505,1,-1,-1
1070,329,746.69,330.05,44.78,18.92,0.3040,4,-1,-1
1070,330,1209.68,342.46,51.63,22.30,0.4854,4,-1,-1
1070,325,936.86,436.19,26.68,37.99,0.5860,2,-1,-1
1070,331,1273.47,339.47,49.52,20.33,0.3567,4,-1,-1
1071,261,771.44,341.26,39.06,21.92,0.4620,4,-1,-1
1071,287,661.15,335.24,50.19,25.85,0.1325,4,-1,-1
1071,303,652.14,380.49,14.55,35.74,0.6758,1,-1,-1
1071,305,1104.66,327.29,38.58,18.24,0.1634,4,-1,-1
1071,296,1751.64,449.54,29.55,65.71,0.7210,1,-1,-1
1071,300,1726.09,443.57,28.18,71.04,0.7186,1,-1,-1
1071,318,981.10,343.63,50.55,21.92,0.4017,4,-1,-1
1071,321,893.29,438.02,23.22,43.30,0.6901,1,-1,-1
1071,323,1033.00,344.01,37.65,21.36,0.3251,4,-1,-1
1071,301,1105.28,451.80,28.47,62.39,0.6549,1,-1,-1
1071,327,795.55,429.16,19.18,46.87,0.6783,1,-1,-1
1071,329,747.03,330.47,44.70,18.78,0.2950,4,-1,-1
1071,330,1209.22,342.43,52.09,22.43,0.5068,4,-1,-1
1071,325,937.87,437.40,26.11,36.83,0.5283,2,-1,-1
1071,331,1273.59,339.40,49.00,20.12,0.3775,4,-1,-1
1072,261,769.49,340.55,40.34,22.51,0.4311,4,-1,-1
1072,287,660.18,335.60,50.64,26.03,0.1225,4,-1,-1
1072,303,652.36,380.68,14.46,35.80,0.6723,1,-1,-1
1072,305,1104.95,327.41,38.41,18.24,0.1556,4,-1,-1
1072,296,1752.37,450.22,29.10,64.71,0.7050,1,-1,-1
1072,300,1726.44,443.64,28.04,70.66,0.7217,1,-1,-1
1072,318,981.27,343.57,50.09,21.94,0.4407,4,-1,-1
1072,321,892.42,438.02,23.36,44.20,0.6715,1,-1,-1
1072,323,1033.50,344.41,36.39,21.04,0.3363,4,-1,-1
1072,301,1104.06,451.43,27.81,61.05,0.5593,1,-1,-1
1072,327,795.77,429.15,19.23,47.03,0.6918,1,-1,-1
1072,329,746.86,330.85,45.20,18.83,0.2751,4,-1,-1
1072,330,1208.93,342.56,52.22,22.40,0.5059,4,-1,-1
1072,325,939.83,438.39,25.61,36.02,0.5477,2,-1,-1
1072,331,1273.67,339.38,48.55,19.94,0.3702,4,-1,-1
1073,261,768.14,340.37,41.01,22.70,0.4158,4,-1,-1
1073,287,659.80,336.00,50.54,25.98,0.1172,4,-1,-1
1073,303,652.58,380.85,14.33,35.73,0.6706,1,-1,-1
1073,305,1105.25,327.59,38.03,18.11,0.1413,4,-1,-1
1073,296,1752.88,450.71,28.78,63.98,0.7017,1,-1,-1
1073,300,1727.02,443.75,27.98,70.36,0.7233,1,-1,-1
1073,318,981.34,344.00,48.78,21.57,0.4776,4,-1,-1
1073,321,891.95,438.12,22.80,43.73,0.6868,1,-1,-1
1073,323,1034.12,344.82,35.34,20.74,0.3416,4,-1,-1
1073,301,1101.04,451.58,27.81,60.66,0.4092,1,-1,-1
1073,327,795.82,429.16,19.27,47.17,0.6749,1,-1,-1
1073,329,746.98,331.23,45.67,18.90,0.2697,4,-1,-1
1073,330,1208.89,342.72,52.39,22.42,0.5049,4,-1,-1
1073,325,942.20,439.47,24.77,34.96,0.4844,2,-1,-1
1073,331,1273.71,339.38,47.92,19.69,0.3460,4,-1,-1
1073,332,887.55,515.84,23.57,44.80,0.5341,2,-1,-1
1074,261,767.38,340.44,41.36,22.68,0.4168,4,-1,-1
1074,287,657.27,334.14,51.63,26.56,0.1140,4,-1,-1
1074,303,652.84,381.15,14.08,35.36,0.6689,1,-1,-1
1074,305,1105.34,327.68,37.96,18.13,0.1446,4,-1,-1
1074,296,1753.21,449.61,28.94,64.39,0.6758,1,-1,-1
1074,300,1727.62,443.91,27.82,69.72,0.7090,1,-1,-1
1074,318,980.84,344.24,47.98,21.33,0.4932,4,-1,-1
1074,321,891.81,438.14,21.96,42.61,0.6593,1,-1,-1
1074,323,1034.69,345.10,34.59,20.52,0.3495,4,-1,-1
1074,301,1098.99,451.70,26.91,59.71,0.2878,1,-1,-1
1074,327,795.93,429.21,19.28,47.22,0.6645,1,-1,-1
1074,329,746.85,331.40,46.11,18.96,0.2674,4,-1,-1
1074,330,1209.18,342.84,52.25,22.37,0.5078,4,-1,-1
1074,325,943.67,440.04,24.42,34.48,0.4941,2,-1,-1
1074,331,1274.14,339.37,46.62,19.16,0.3234,4,-1,-1
1074,332,886.74,516.20,25.20,47.95,0.5458,2,-1,-1
1075,261,766.77,340.44,41.86,22.74,0.4216,4,-1,-1
1075,287,655.58,333.50,52.18,26.89,0.1209,4,-1,-1
1075,303,653.15,381.81,13.75,34.71,0.6654,1,-1,-1
1075,305,1105.22,327.72,38.25,18.34,0.1290,4,-1,-1
1075,296,1753.31,449.24,28.91,64.33,0.6740,1,-1,-1
1075,300,1728.12,444.07,27.69,69.15,0.7042,1,-1,-1
1075,318,979.87,344.07,48.48,21.63,0.4805,4,-1,-1
1075,321,891.57,438.56,21.61,42.31,0.6697,1,-1,-1
1075,323,1034.98,344.78,35.03,20.97,0.3234,4,-1,-1
1075,301,1098.77,450.55,26.06,59.35,0.3711,1,-1,-1
1075,327,795.96,429.28,19.30,47.28,0.6749,1,-1,-1
1075,329,746.20,332.12,50.81,21.16,0.2583,4,-1,-1
1075,330,1209.02,342.67,54.89,23.45,0.5039,4,-1,-1
1075,325,943.77,440.33,24.62,34.40,0.5185,2,-1,-1
1075,331,1274.51,339.35,46.01,18.91,0.3285,4,-1,-1
1075,332,885.95,516.35,26.50,50.54,0.5419,2,-1,-1
1076,261,766.62,340.41,42.28,22.80,0.4273,4,-1,-1
1076,287,654.73,333.16,52.78,27.23,0.1281,4,-1,-1
1076,303,653.42,382.13,13.50,34.16,0.6671,1,-1,-1
1076,305,1105.17,327.77,38.71,18.62,0.1316,4,-1,-1
1076,296,1753.39,449.25,28.99,64.61,0.6960,1,-1,-1
1076,300,1728.58,443.97,27.61,68.61,0.7009,1,-1,-1
1076,318,978.89,343.43,50.01,22.39,0.5020,4,-1,-1
1076,321,890.90,438.60,21.60,42.71,0.7114,1,-1,-1
1076,323,1035.19,343.56,36.96,22.32,0.3311,4,-1,-1
1076,301,1097.81,449.26,25.59,59.97,0.1859,1,-1,-1
1076,327,796.00,429.38,19.28,47.19,0.6593,1,-1,-1
1076,329,745.96,332.47,52.41,22.11,0.2531,4,-1,-1
1076,330,1209.57,342.91,53.05,22.62,0.5029,4,-1,-1
1076,325,945.32,441.12,24.64,34.05,0.5860,2,-1,-1
1076,331,1274.82,339.32,46.09,18.94,0.3285,4,-1,-1
1076,332,885.27,516.61,27.57,52.76,0.5651,2,-1,-1
1077,261,767.80,341.11,41.57,22.40,0.4542,4,-1,-1
1077,287,654.47,333.26,52.68,27.22,0.1334,4,-1,-1
1077,303,653.64,382.16,13.39,33.94,0.6654,1,-1,-1
1077,305,1105.26,327.81,38.55,18.59,0.1334,4,-1,-1
1077,296,1753.54,449.38,29.00,64.70,0.6943,1,-1,-1
1077,300,1729.80,443.41,27.41,67.67,0.6951,1,-1,-1
1077,318,977.99,342.81,51.42,23.11,0.5146,4,-1,-1
1077,321,890.09,439.03,21.28,42.49,0.6800,1,-1,-1
1077,323,1035.21,342.38,38.77,23.61,0.3049,4,-1,-1
1077,327,796.03,429.51,19.28,47.12,0.6487,1,-1,-1
1077,329,746.10,332.66,52.52,22.45,0.2509,4,-1,-1
1077,330,1210.61,343.06,51.11,21.71,0.5000,4,-1,-1
1077,325,947.90,442.08,23.83,32.66,0.5727,2,-1,-1
1077,331,1274.89,339.33,45.98,18.90,0.3074,4,-1,-1
1077,332,884.93,516.94,28.14,54.10,0.5727,2,-1,-1
1078,261,767.81,341.36,41.53,22.33,0.4717,4,-1,-1
1078,287,654.51,333.44,52.39,27.07,0.1339,4,-1,-1
1078,303,653.83,381.96,13.36,33.86,0.6654,1,-1,-1
1078,305,1105.66,327.76,37.80,18.24,0.1413,4,-1,-1
1078,296,1753.87,449.53,28.88,64.47,0.6860,1,-1,-1
1078,300,1730.37,442.83,27.67,67.77,0.6868,1,-1,-1
1078,318,978.00,342.59,51.87,23.40,0.5400,4,-1,-1
1078,321,889.40,438.82,21.36,43.12,0.6901,1,-1,-1
1078,323,1034.58,341.85,39.24,24.18,0.3208,4,-1,-1
1078,327,796.05,429.61,19.29,47.00,0.6433,1,-1,-1
1078,329,746.30,332.97,52.73,22.80,0.2553,4,-1,-1
1078,330,1211.34,343.17,49.83,21.04,0.4922,4,-1,-1
1078,325,949.07,442.43,23.66,32.07,0.6270,2,-1,-1
1078,331,1274.72,339.30,46.55,19.12,0.3124,4,-1,-1
1078,332,884.81,517.12,28.51,55.11,0.5631,2,-1,-1
1079,261,767.89,341.50,41.53,22.31,0.4737,4,-1,-1
1079,287,656.66,334.63,52.25,26.91,0.1394,4,-1,-1
1079,303,654.16,382.19,13.18,33.28,0.6531,1,-1,-1
1079,305,1105.79,327.74,38.18,18.43,0.1761,4,-1,-1
1079,296,1754.21,449.40,28.74,64.13,0.6567,1,-1,-1
1079,300,1730.84,442.55,27.86,67.81,0.6817,1,-1,-1
1079,318,977.84,342.44,52.19,23.63,0.5612,4,-1,-1
1079,321,887.97,438.63,21.65,44.01,0.7146,1,-1,-1
1079,323,1035.31,341.13,40.30,24.94,0.3398,4,-1,-1
1079,327,796.05,429.63,19.34,46.96,0.6325,1,-1,-1
1079,329,746.31,333.22,53.10,23.25,0.2379,4,-1,-1
1079,330,1211.20,343.24,50.96,21.40,0.5166,4,-1,-1
1079,325,950.44,442.99,23.15,31.19,0.6487,2,-1,-1
1079,331,1274.45,339.94,46.76,19.13,0.3200,4,-1,-1
1079,332,885.43,517.21,27.50,53.39,0.5641,2,-1,-1
1080,261,768.41,340.53,42.15,22.70,0.4902,4,-1,-1
1080,287,657.64,335.29,51.86,26.63,0.1461,4,-1,-1
1080,303,654.37,382.24,13.17,33.13,0.6584,1,-1,-1
1080,305,1106.34,327.73,37.74,18.19,0.1913,4,-1,-1
1080,296,1754.54,449.26,28.66,63.95,0.6775,1,-1,-1
1080,300,1731.33,442.18,28.11,67.95,0.6851,1,-1,-1
1080,318,978.06,342.66,51.76,23.49,0.5823,4,-1,-1
1080,321,887.09,438.59,21.46,43.99,0.7349,1,-1,-1
1080,323,1036.64,340.19,41.55,25.80,0.4244,4,-1,-1
1080,327,796.39,430.09,18.99,46.20,0.6188,1,-1,-1
1080,329,746.53,333.43,52.53,23.27,0.2121,4,-1,-1
1080,330,1211.81,343.30,50.00,20.84,0.5322,4,-1,-1
1080,325,951.51,443.59,22.86,30.51,0.6451,2,-1,-1
1080,331,1274.71,340.51,46.21,18.77,0.3425,4,-1,-1
1080,332,886.36,517.33,26.09,50.85,0.5775,2,-1,-1
1081,261,766.62,339.68,43.83,23.51,0.4668,4,-1,-1
1081,287,658.91,336.17,52.14,26.57,0.1744,4,-1,-1
1081,303,654.50,382.57,13.29,33.34,0.6496,1,-1,-1
1081,305,1106.60,327.57,37.10,17.84,0.1907,4,-1,-1
1081,296,1754.65,448.99,28.56,63.77,0.6706,1,-1,-1
1081,300,1731.51,441.90,28.21,67.84,0.6893,1,-1,-1
1081,318,978.06,342.02,53.31,24.13,0.6628,4,-1,-1
1081,321,886.49,438.66,21.27,44.04,0.7439,1,-1,-1
1081,323,1039.43,341.36,41.15,25.14,0.3775,4,-1,-1
1081,327,796.22,429.82,19.34,46.74,0.6379,1,-1,-1
1081,329,747.42,332.64,53.46,23.96,0.2288,4,-1,-1
1081,330,1211.75,343.14,49.37,20.46,0.5078,4,-1,-1
1081,325,952.85,443.55,22.77,30.12,0.6067,2,-1,-1
1081,331,1273.91,340.53,46.32,18.86,0.3320,4,-1,-1
1081,332,886.96,517.52,25.10,49.11,0.5506,2,-1,-1
1082,261,765.58,339.35,44.67,23.85,0.4581,4,-1,-1
1082,287,659.66,336.70,52.24,26.40,0.1767,4,-1,-1
1082,303,654.60,382.92,13.35,33.36,0.6334,1,-1,-1
1082,305,1106.81,327.48,36.77,17.63,0.2018,4,-1,-1
1082,296,1754.51,448.64,28.55,63.65,0.6860,1,-1,-1
1082,300,1731.72,441.29,28.56,68.53,0.6809,1,-1,-1
1082,318,978.20,341.72,54.11,24.41,0.6715,4,-1,-1
1082,321,885.75,438.24,21.60,45.15,0.7439,1,-1,-1
1082,323,1040.75,342.00,41.22,24.75,0.4187,4,-1,-1
1082,327,796.12,429.67,19.59,47.06,0.6469,1,-1,-1
1082,329,747.95,332.09,53.34,24.14,0.2282,4,-1,-1
1082,330,1211.44,343.15,49.65,20.49,0.5224,4,-1,-1
1082,325,954.29,443.49,23.48,30.52,0.6715,2,-1,-1
1082,331,1273.67,340.54,46.39,18.93,0.3657,4,-1,-1
1082,332,886.84,517.61,25.42,49.97,0.5660,2,-1,-1
1083,261,764.94,339.17,45.28,24.08,0.4504,4,-1,-1
1083,287,660.71,335.45,52.71,26.51,0.1399,4,-1,-1
1083,303,654.70,383.29,13.41,33.34,0.6151,1,-1,-1
1083,305,1107.07,327.42,36.30,17.34,0.2180,4,-1,-1
1083,296,1754.38,448.42,28.82,64.18,0.6826,1,-1,-1
1083,300,1732.06,440.53,28.90,69.36,0.6834,1,-1,-1
1083,318,978.45,341.72,54.28,24.40,0.6766,4,-1,-1
1083,321,885.15,437.53,21.89,46.18,0.7409,1,-1,-1
1083,323,1041.15,342.45,41.60,24.56,0.4254,4,-1,-1
1083,327,796.09,429.59,19.82,47.34,0.6379,1,-1,-1
1083,329,748.34,331.80,52.94,24.15,0.2247,4,-1,-1
1083,330,1211.11,343.23,49.93,20.53,0.5380,4,-1,-1
1083,325,955.09,443.56,23.83,30.63,0.7114,2,-1,-1
1083,331,1273.98,340.53,45.90,18.74,0.3730,4,-1,-1
1083,332,886.75,517.73,25.88,51.19,0.5137,2,-1,-1
1084,261,764.34,339.15,45.65,24.16,0.4369,4,-1,-1
1084,287,660.70,336.50,52.89,26.40,0.1694,4,-1,-1
1084,303,654.94,383.69,13.41,33.18,0.5851,1,-1,-1
1084,305,1106.90,327.40,36.86,17.55,0.2254,4,-1,-1
1084,296,1754.56,448.37,28.83,64.07,0.6637,1,-1,-1
1084,300,1732.67,440.14,28.92,69.52,0.6868,1,-1,-1
1084,318,978.46,341.51,54.96,24.63,0.6834,4,-1,-1
1084,321,884.92,437.30,21.82,46.41,0.7225,1,-1,-1
1084,323,1041.07,342.23,42.82,24.91,0.4504,4,-1,-1
1084,327,796.21,429.67,19.94,47.29,0.6179,1,-1,-1
1084,329,748.42,331.60,52.68,24.21,0.2220,4,-1,-1
1084,330,1210.76,343.38,50.72,20.80,0.5400,4,-1,-1
1084,325,956.13,443.78,23.91,30.45,0.6749,2,-1,-1
1084,331,1274.25,340.50,45.78,18.70,0.3951,4,-1,-1
1084,332,887.03,517.86,25.88,51.57,0.5020,2,-1,-1
1085,261,764.81,339.27,45.51,24.04,0.4436,4,-1,-1
1085,287,661.16,335.57,52.98,26.34,0.1597,4,-1,-1
1085,303,655.11,383.77,13.44,33.08,0.5964,1,-1,-1
1085,305,1106.82,327.33,37.43,17.78,0.2502,4,-1,-1
1085,296,1755.66,449.09,28.34,63.00,0.6307,1,-1,-1
1085,300,1733.13,439.94,28.94,69.77,0.6783,1,-1,-1
1085,318,978.44,341.50,55.14,24.63,0.6868,4,-1,-1
1085,321,884.82,437.56,21.60,46.25,0.7146,1,-1,-1
1085,323,1040.46,341.97,43.77,25.22,0.4600,4,-1,-1
1085,327,796.45,429.86,20.09,47.26,0.5804,1,-1,-1
1085,329,749.08,331.72,51.40,23.76,0.2275,4,-1,-1
1085,330,1210.49,343.55,50.71,20.75,0.5400,4,-1,-1
1085,325,958.12,444.01,23.94,30.06,0.6628,2,-1,-1
1085,331,1274.51,340.52,45.01,18.38,0.3886,4,-1,-1
1085,332,887.66,517.92,25.35,50.97,0.5098,2,-1,-1
1086,261,765.23,339.41,45.36,23.96,0.4330,4,-1,-1
1086,287,661.47,335.39,52.74,26.12,0.1466,4,-1,-1
1086,303,655.40,383.81,13.42,32.80,0.5718,1,-1,-1
1086,305,1106.66,327.27,37.62,17.84,0.2458,4,-1,-1
1086,296,1756.55,449.36,28.24,62.90,0.6558,1,-1,-1
1086,300,1732.28,440.87,29.37,70.17,0.6876,1,-1,-1
1086,318,978.59,341.63,55.13,24.55,0.6868,4,-1,-1
1086,321,884.54,437.67,21.48,46.20,0.7082,1,-1,-1
1086,323,1040.29,341.73,44.51,25.39,0.4766,4,-1,-1
1086,327,796.79,429.89,20.33,47.49,0.6086,1,-1,-1
1086,329,750.42,330.70,46.83,21.35,0.2316,4,-1,-1
1086,330,1210.16,343.74,51.24,20.97,0.5419,4,-1,-1
1086,325,960.01,444.67,23.86,29.42,0.6123,2,-1,-1
1086,331,1274.43,340.56,44.72,18.26,0.3775,4,-1,-1
1086,332,888.69,517.92,24.61,49.97,0.5312,2,-1,-1
1086,336,791.17,649.55,150.91,66.91,0.5302,4,-1,-1
1086,326,848.75,423.48,19.58,48.06,0.4776,1,-1,-1
1087,261,765.72,339.47,45.16,23.92,0.4292,4,-1,-1
1087,287,661.66,335.54,52.42,25.87,0.1437,4,-1,-1
1087,303,655.76,383.56,13.40,32.47,0.5870,1,-1,-1
1087,305,1106.56,327.25,37.85,17.94,0.2351,4,-1,-1
1087,296,1757.12,449.39,28.33,63.35,0.6697,1,-1,-1
1087,300,1731.94,441.24,29.72,70.41,0.6960,1,-1,-1
1087,318,978.76,341.85,55.05,24.44,0.6817,4,-1,-1
1087,321,884.62,437.73,21.24,45.92,0.6851,1,-1,-1
1087,323,1040.12,341.55,44.98,25.48,0.4883,4,-1,-1
1087,327,797.14,429.88,20.55,47.62,0.6160,1,-1,-1
1087,329,751.11,330.33,45.15,20.38,0.2234,4,-1,-1
1087,330,1209.99,343.91,51.71,21.20,0.5438,4,-1,-1
1087,325,961.86,445.50,22.97,27.78,0.6179,2,-1,-1
1087,331,1274.31,340.49,44.77,18.28,0.3849,4,-1,-1
1087,332,889.11,518.05,24.23,49.55,0.5448,2,-1,-1
1087,336,791.35,649.47,149.72,66.36,0.5283,4,-1,-1
1087,326,849.34,423.23,19.52,47.97,0.4064,1,-1,-1
1088,261,765.74,339.87,44.70,23.71,0.4187,4,-1,-1
1088,287,661.67,335.71,52.31,25.73,0.1418,4,-1,-1
1088,303,656.25,383.23,13.47,32.40,0.5583,1,-1,-1
1088,305,1106.47,327.25,37.92,17.98,0.2365,4,-1,-1
1088,296,1757.27,449.46,28.29,63.32,0.6732,1,-1,-1
1088,300,1732.18,440.98,29.85,70.53,0.6893,1,-1,-1
1088,318,979.12,342.15,54.82,24.24,0.6800,4,-1,-1
1088,321,884.54,437.70,20.98,45.67,0.6918,1,-1,-1
1088,323,1039.97,341.51,45.03,25.38,0.5205,4,-1,-1
1088,327,797.47,429.98,20.67,47.62,0.6197,1,-1,-1
1088,329,751.11,330.10,45.14,20.21,0.2316,4,-1,-1
1088,330,1210.24,344.09,51.39,21.12,0.5380,4,-1,-1
1088,325,963.43,445.40,23.19,27.82,0.3812,2,-1,-1
1088,331,1274.24,340.47,44.54,18.18,0.3794,4,-1,-1
1088,332,889.07,518.44,24.06,49.40,0.5641,2,-1,-1
1088,336,791.43,649.25,149.58,66.28,0.5195,4,-1,-1
1088,326,850.60,424.03,19.08,46.62,0.2576,1,-1,-1
1089,261,766.11,340.08,44.19,23.50,0.4102,4,-1,-1
1089,287,661.56,335.89,52.32,25.68,0.1229,4,-1,-1
1089,303,656.79,383.05,13.39,31.72,0.5860,1,-1,-1
1089,305,1106.38,327.27,38.45,18.26,0.2316,4,-1,-1
1089,296,1757.19,449.39,28.23,63.17,0.6593,1,-1,-1
1089,300,1732.16,441.55,29.65,69.55,0.6893,1,-1,-1
1089,318,979.16,342.18,55.20,24.33,0.6715,4,-1,-1
1089,321,884.72,437.53,20.75,45.42,0.6593,1,-1,-1
1089,323,1039.79,341.53,45.05,25.30,0.5351,4,-1,-1
1089,327,797.80,430.21,20.76,47.58,0.6415,1,-1,-1
1089,329,751.38,330.08,45.05,20.10,0.2187,4,-1,-1
1089,330,1210.36,344.21,51.02,21.01,0.5263,4,-1,-1
1089,325,964.62,445.52,23.63,27.99,0.3040,2,-1,-1
1089,331,1274.53,340.49,44.26,18.07,0.3630,4,-1,-1
1089,332,889.37,518.56,23.60,48.59,0.5679,2,-1,-1
1089,336,793.15,649.20,148.31,65.71,0.5156,4,-1,-1
1089,326,851.78,424.89,18.38,45.22,0.3469,1,-1,-1
1090,261,765.88,340.16,44.08,23.47,0.3812,4,-1,-1
1090,287,661.32,335.93,52.62,25.78,0.1086,4,-1,-1
1090,303,657.18,382.92,13.44,31.46,0.5842,1,-1,-1
1090,305,1107.15,328.42,40.07,18.89,0.3124,4,-1,-1
1090,296,1757.59,449.27,28.11,62.91,0.6680,1,-1,-1
1090,300,1732.50,441.61,29.43,68.57,0.6910,1,-1,-1
1090,318,978.93,342.10,55.68,24.49,0.6732,4,-1,-1
1090,321,884.27,437.47,20.52,45.18,0.6433,1,-1,-1
1090,323,1039.72,341.53,45.26,25.30,0.5117,4,-1,-1
1090,327,798.36,430.20,20.90,47.69,0.5974,1,-1,-1
1090,329,750.99,329.98,45.79,20.37,0.2043,4,-1,-1
1090,330,1210.29,344.22,50.98,21.04,0.5322,4,-1,-1
1090,325,966.82,445.61,23.71,27.99,0.3225,2,-1,-1
1090,331,1274.81,340.53,43.99,17.96,0.3478,4,-1,-1
1090,332,890.22,518.75,22.63,46.68,0.5794,2,-1,-1
1090,336,793.42,649.41,148.04,65.58,0.4951,4,-1,-1
1090,326,852.70,425.60,17.94,44.49,0.3961,1,-1,-1
1091,261,765.67,340.21,44.12,23.50,0.3675,4,-1,-1
1091,287,661.16,338.51,47.37,23.18,0.2983,4,-1,-1
1091,303,657.39,382.21,13.74,31.92,0.6289,1,-1,-1
1091,305,1107.25,328.67,40.97,19.20,0.2902,4,-1,-1
1091,296,1757.78,449.16,28.12,62.75,0.6663,1,-1,-1
1091,300,1732.51,441.57,29.48,68.24,0.6876,1,-1,-1
1091,318,978.79,342.10,55.82,24.50,0.6505,4,-1,-1
1091,321,883.23,437.71,20.32,44.59,0.5612,1,-1,-1
1091,323,1039.75,341.66,45.10,25.09,0.4727,4,-1,-1
1091,327,798.81,430.83,20.91,47.56,0.5765,1,-1,-1
1091,329,750.37,329.85,46.51,20.64,0.1919,4,-1,-1
1091,330,1210.48,344.32,50.70,20.95,0.5185,4,-1,-1
1091,325,968.51,445.66,23.58,27.78,0.1546,2,-1,-1
1091,331,1274.97,340.59,43.89,17.94,0.3277,4,-1,-1
1091,332,890.54,519.07,22.27,45.91,0.5794,2,-1,-1
1091,336,791.94,649.25,149.08,65.98,0.4980,4,-1,-1
1091,326,853.08,425.86,17.62,44.07,0.3877,1,-1,-1
1091,337,887.32,535.30,27.00,44.51,0.4785,3,-1,-1
1092,261,765.79,340.40,43.72,23.23,0.3594,4,-1,-1
1092,287,661.19,339.66,45.27,22.12,0.2736,4,-1,-1
1092,303,657.52,381.80,14.01,32.35,0.6361,1,-1,-1
1092,305,1107.24,328.68,41.28,19.26,0.2838,4,-1,-1
1092,296,1758.80,448.78,28.04,62.58,0.6697,1,-1,-1
1092,300,1732.54,441.36,29.61,68.25,0.6910,1,-1,-1
1092,318,978.46,342.07,55.88,24.50,0.6325,4,-1,-1
1092,321,882.06,437.87,20.11,43.86,0.4639,1,-1,-1
1092,323,1039.70,341.78,45.04,24.95,0.4321,4,-1,-1
1092,327,799.20,431.21,21.00,47.61,0.5400,1,-1,-1
1092,329,749.68,329.71,46.79,20.71,0.1854,4,-1,-1
1092,330,1210.95,344.41,50.09,20.70,0.5059,4,-1,-1
1092,325,971.29,446.17,22.82,26.71,0.1128,2,-1,-1
1092,331,1275.36,340.69,43.80,17.92,0.3016,4,-1,-1
1092,332,890.81,519.65,21.98,45.16,0.5927,2,-1,-1
1092,336,788.02,648.11,151.95,67.11,0.5127,4,-1,-1
1092,326,853.83,425.97,17.73,44.48,0.4504,1,-1,-1
1092,337,887.80,535.62,26.82,44.23,0.4824,3,-1,-1
1093,261,765.70,340.50,43.69,23.13,0.3612,4,-1,-1
1093,287,661.42,340.20,44.61,21.73,0.2759,4,-1,-1
1093,303,657.60,381.57,14.22,32.71,0.6030,1,-1,-1
1093,305,1107.06,328.60,41.50,19.28,0.2553,4,-1,-1
1093,296,1759.90,448.48,27.77,61.92,0.6663,1,-1,-1
1093,300,1732.85,441.22,29.55,68.01,0.6926,1,-1,-1
1093,318,978.33,342.16,55.69,24.40,0.6270,4,-1,-1
1093,321,881.68,437.75,20.12,43.70,0.4149,1,-1,-1
1093,323,1039.20,341.83,44.93,24.84,0.4187,4,-1,-1
1093,327,799.48,431.27,21.16,47.87,0.5322,1,-1,-1
1093,329,749.32,330.17,48.74,21.77,0.1854,4,-1,-1
1093,330,1211.57,344.57,49.64,20.51,0.4922,4,-1,-1
1093,331,1275.95,340.74,43.31,17.72,0.2487,4,-1,-1
1093,332,890.36,520.24,22.44,45.93,0.5718,2,-1,-1
1093,336,782.28,646.36,157.02,69.15,0.4776,4,-1,-1
1093,326,854.41,426.20,18.36,45.61,0.5312,1,-1,-1
1093,337,887.91,535.44,26.91,44.39,0.4484,3,-1,-1
1094,261,765.37,340.78,43.86,23.20,0.3585,4,-1,-1
1094,287,661.19,340.09,45.04,21.90,0.2697,4,-1,-1
1094,303,657.86,381.67,14.30,32.83,0.5804,1,-1,-1
1094,305,1107.08,328.71,41.61,19.24,0.2644,4,-1,-1
1094,296,1760.90,448.34,27.67,61.75,0.6715,1,-1,-1
1094,300,1733.02,440.87,29.55,67.96,0.6926,1,-1,-1
1094,318,978.07,342.43,55.46,24.24,0.6307,4,-1,-1
1094,321,881.37,437.51,20.14,43.40,0.4149,1,-1,-1
1094,323,1038.38,341.95,44.72,24.79,0.4007,4,-1,-1
1094,327,799.66,431.68,20.95,47.32,0.4795,1,-1,-1
1094,329,749.29,330.72,50.29,22.66,0.2056,4,-1,-1
1094,330,1212.04,344.72,50.01,20.67,0.4776,4,-1,-1
1094,331,1276.30,340.74,43.43,17.80,0.2379,4,-1,-1
1094,332,890.30,520.55,22.51,45.80,0.5098,2,-1,-1
1094,336,779.79,645.32,160.02,70.31,0.3840,4,-1,-1
1094,326,855.79,426.01,18.60,45.84,0.4746,1,-1,-1
1094,337,888.27,535.52,26.61,43.92,0.4600,3,-1,-1
1095,261,765.40,340.91,43.88,23.15,0.3711,4,-1,-1
1095,287,660.71,339.82,45.46,22.12,0.2524,4,-1,-1
1095,303,658.20,381.90,14.26,32.77,0.5670,1,-1,-1
1095,305,1107.06,328.73,42.14,19.40,0.2926,4,-1,-1
1095,296,1761.35,448.60,27.48,61.31,0.6851,1,-1,-1
1095,300,1733.20,440.37,29.73,68.31,0.6993,1,-1,-1
1095,318,977.80,342.60,55.63,24.23,0.6361,4,-1,-1
1095,321,881.20,437.29,20.15,43.06,0.4206,1,-1,-1
1095,323,1037.95,341.93,44.68,24.84,0.3821,4,-1,-1
1095,327,800.49,431.38,21.05,47.22,0.5477,1,-1,-1
1095,329,749.91,331.29,50.15,22.74,0.2220,4,-1,-1
1095,330,1212.19,344.84,50.78,21.00,0.4746,4,-1,-1
1095,331,1276.32,340.75,43.37,17.80,0.2568,4,-1,-1
1095,332,890.25,521.48,22.62,45.73,0.5564,2,-1,-1
1095,336,782.26,644.95,160.72,70.76,0.3989,4,-1,-1
1095,326,856.71,426.02,18.54,45.39,0.5263,1,-1,-1
1095,337,888.69,536.21,26.27,43.38,0.2918,3,-1,-1
1096,261,765.40,341.12,43.53,22.92,0.3234,4,-1,-1
1096,287,661.50,340.77,44.19,21.39,0.2546,4,-1,-1
1096,303,658.63,382.39,14.22,32.69,0.5651,1,-1,-1
1096,305,1107.62,328.80,42.50,19.45,0.2790,4,-1,-1
1096,296,1761.57,448.80,27.53,61.51,0.6984,1,-1,-1
1096,300,1733.74,439.44,29.96,68.79,0.6809,1,-1,-1
1096,318,978.40,342.56,56.28,24.35,0.6252,4,-1,-1
1096,321,880.31,435.93,21.02,44.89,0.5293,1,-1,-1
1096,323,1037.49,341.22,45.70,25.58,0.3149,4,-1,-1
1096,327,801.24,432.27,21.18,47.31,0.5234,1,-1,-1
1096,329,749.32,331.61,48.88,22.38,0.1830,4,-1,-1
1096,330,1213.54,345.06,49.06,20.26,0.4922,4,-1,-1
1096,331,1276.02,341.12,42.34,17.48,0.2069,4,-1,-1
1096,332,890.48,522.15,22.75,45.89,0.5641,2,-1,-1
1096,336,781.02,647.69,155.36,67.77,0.5612,4,-1,-1
1096,326,857.61,425.46,19.24,47.02,0.5955,1,-1,-1
1096,337,888.96,536.75,26.17,43.30,0.2282,3,-1,-1
1097,261,765.65,341.20,43.37,22.85,0.3567,4,-1,-1
1097,287,661.92,341.44,43.70,21.01,0.2886,4,-1,-1
1097,303,659.03,382.73,14.27,32.82,0.5860,1,-1,-1
1097,305,1107.25,328.75,42.39,19.30,0.2561,4,-1,-1
1097,296,1762.05,448.69,27.74,62.26,0.6984,1,-1,-1
1097,300,1734.20,439.05,30.15,69.10,0.6809,1,-1,-1
1097,318,978.17,342.56,56.81,24.45,0.6325,4,-1,-1
1097,321,879.61,435.74,21.18,45.15,0.5078,1,-1,-1
1097,323,1037.32,341.10,46.12,25.99,0.3513,4,-1,-1
1097,327,801.82,432.73,21.32,47.31,0.5029,1,-1,-1
1097,329,749.37,331.70,47.80,22.10,0.1950,4,-1,-1
1097,330,1213.85,345.18,49.04,20.28,0.4922,4,-1,-1
1097,331,1275.42,341.29,43.08,17.90,0.2193,4,-1,-1
1097,332,890.68,522.91,22.85,46.03,0.5832,2,-1,-1
1097,336,779.86,648.71,155.15,67.21,0.6077,4,-1,-1
1097,326,858.72,425.01,19.38,47.45,0.5612,1,-1,-1
1097,337,889.38,537.39,26.00,43.15,0.2344,3,-1,-1
1098,261,765.73,341.20,43.41,22.90,0.3905,4,-1,-1
1098,287,662.11,341.81,44.21,21.09,0.3346,4,-1,-1
1098,303,659.30,382.73,14.52,33.43,0.5955,1,-1,-1
1098,305,1107.19,328.77,42.10,19.11,0.2561,4,-1,-1
1098,296,1762.68,448.60,27.73,62.59,0.7066,1,-1,-1
1098,300,1734.90,437.97,30.27,69.66,0.6984,1,-1,-1
1098,318,978.00,342.90,56.58,24.21,0.6575,4,-1,-1
1098,321,878.07,433.52,22.36,47.78,0.5974,1,-1,-1
1098,323,1038.85,341.18,46.55,26.14,0.3886,4,-1,-1
1098,327,802.60,433.13,21.35,46.99,0.5409,1,-1,-1
1098,329,749.94,332.22,46.60,21.68,0.1987,4,-1,-1
1098,330,1214.30,345.39,48.59,20.11,0.4932,4,-1,-1
1098,331,1274.82,341.43,43.36,18.09,0.2316,4,-1,-1
1098,332,890.33,523.51,23.30,46.83,0.5794,2,-1,-1
1098,336,783.72,649.56,153.74,66.50,0.6234,4,-1,-1
1098,326,858.96,424.13,20.28,50.20,0.5784,1,-1,-1
1098,337,889.26,537.45,26.31,43.88,0.2069,3,-1,-1
1098,338,1108.06,346.05,49.00,20.08,0.5088,4,-1,-1
1098,301,1067.34,450.81,26.14,58.00,0.4834,1,-1,-1
1099,261,765.17,341.04,43.80,23.12,0.3775,4,-1,-1
1099,287,662.10,341.75,45.32,21.47,0.3486,4,-1,-1
1099,303,659.60,382.59,14.56,33.52,0.5993,1,-1,-1
1099,305,1107.04,328.73,42.42,19.20,0.2682,4,-1,-1
1099,296,1763.09,448.44,27.89,63.15,0.7287,1,-1,-1
1099,300,1735.49,437.72,30.24,69.65,0.7082,1,-1,-1
1099,318,977.64,342.76,57.35,24.44,0.6628,4,-1,-1
1099,321,877.09,431.65,23.09,49.59,0.5898,1,-1,-1
1099,323,1039.41,340.92,47.35,26.48,0.4026,4,-1,-1
1099,327,802.92,433.21,21.81,47.52,0.1362,2,-1,-1
1099,329,750.11,332.22,46.77,21.90,0.1993,4,-1,-1
1099,330,1214.72,345.59,49.09,20.32,0.4990,4,-1,-1
1099,331,1273.76,341.53,43.56,18.29,0.2386,4,-1,-1
1099,332,889.79,524.46,24.09,48.29,0.5215,2,-1,-1
1099,336,784.11,649.98,153.76,66.32,0.6406,4,-1,-1
1099,326,859.59,423.87,20.60,51.40,0.6067,1,-1,-1
1099,337,887.62,537.51,27.45,45.75,0.2160,10,-1,-1
1099,338,1107.81,345.82,49.78,20.40,0.5380,4,-1,-1
1099,301,1065.75,450.03,27.90,59.77,0.5842,1,-1,-1
1100,261,765.22,340.97,43.91,23.21,0.3648,4,-1,-1
1100,287,661.97,341.68,46.27,21.77,0.3657,4,-1,-1
1100,303,659.85,382.45,14.65,33.78,0.5917,1,-1,-1
1100,305,1107.63,328.56,43.64,19.66,0.2480,4,-1,-1
1100,296,1763.40,448.25,28.13,63.82,0.7469,1,-1,-1
1100,300,1735.83,437.81,30.26,69.66,0.7130,1,-1,-1
1100,318,977.26,342.53,58.28,24.78,0.6593,4,-1,-1
1100,321,876.30,431.54,23.14,50.00,0.5860,1,-1,-1
1100,323,1039.28,340.43,48.39,27.00,0.3460,4,-1,-1
1100,327,803.24,433.20,22.38,48.29,0.2644,2,-1,-1
1100,329,750.12,331.83,46.70,22.06,0.1944,4,-1,-1
1100,330,1215.68,345.78,49.00,20.25,0.4912,4,-1,-1
1100,331,1272.76,341.62,42.53,18.01,0.1919,4,-1,-1
1100,332,890.17,525.25,24.06,48.15,0.4533,2,-1,-1
1100,336,784.54,650.21,153.86,66.21,0.6637,4,-1,-1
1100,326,860.21,423.97,20.63,51.85,0.5898,1,-1,-1
1100,337,888.11,539.32,26.93,44.77,0.1446,3,-1,-1
1100,338,1107.23,345.55,50.78,20.84,0.5400,4,-1,-1
1100,301,1064.35,449.02,29.00,61.57,0.3208,1,-1,-1
1101,261,763.94,339.75,45.63,24.06,0.3311,4,-1,-1
1101,287,661.98,341.56,47.44,22.17,0.3720,4,-1,-1
1101,303,660.09,382.44,14.61,33.72,0.5370,1,-1,-1
1101,305,1107.98,328.84,44.52,19.92,0.2018,4,-1,-1
1101,296,1763.71,448.05,28.19,64.03,0.7614,1,-1,-1
1101,300,1735.87,438.00,30.29,69.82,0.7194,1,-1,-1
1101,318,977.10,342.29,59.12,25.10,0.6558,4,-1,-1
1101,321,875.65,428.90,24.36,53.40,0.5823,1,-1,-1
1101,323,1039.35,340.45,48.65,27.07,0.3585,4,-1,-1
1101,327,803.91,432.64,23.03,49.32,0.2666,1,-1,-1
1101,329,749.67,331.41,47.53,22.70,0.1795,4,-1,-1
1101,330,1215.56,345.77,49.67,20.54,0.5137,4,-1,-1
1101,331,1271.79,341.65,42.43,18.14,0.1807,4,-1,-1
1101,332,889.68,525.46,25.50,51.77,0.4235,2,-1,-1
1101,336,782.83,649.92,155.61,66.76,0.6689,4,-1,-1
1101,326,860.86,424.33,21.17,53.60,0.5842,1,-1,-1
1101,337,888.49,540.20,26.51,44.00,0.1700,10,-1,-1
1101,338,1106.45,345.33,51.54,21.18,0.5361,4,-1,-1
1101,301,1062.86,448.79,30.04,62.86,0.5832,1,-1,-1
1102,261,763.60,339.37,46.31,24.41,0.3337,4,-1,-1
1102,287,662.12,341.48,48.36,22.43,0.3951,4,-1,-1
1102,303,660.62,382.79,14.85,34.30,0.5612,1,-1,-1
1102,305,1107.83,329.07,44.54,19.82,0.1859,4,-1,-1
1102,296,1764.11,448.13,28.13,63.95,0.7585,1,-1,-1
1102,300,1735.87,438.25,30.21,69.82,0.7241,1,-1,-1
1102,318,977.29,342.58,58.64,24.83,0.6680,4,-1,-1
1102,321,875.13,427.58,25.04,55.58,0.5746,1,-1,-1
1102,323,1039.76,341.01,47.97,26.57,0.3933,4,-1,-1
1102,327,804.58,432.50,23.53,49.78,0.4007,1,-1,-1
1102,329,749.62,331.50,47.47,22.93,0.1597,4,-1,-1
1102,330,1215.01,345.79,49.37,20.44,0.5341,4,-1,-1
1102,331,1271.78,341.77,42.13,18.14,0.1889,4,-1,-1
1102,332,890.08,525.87,25.21,51.82,0.3812,2,-1,-1
1102,336,782.19,650.14,156.30,66.88,0.6460,4,-1,-1
1102,326,860.83,425.23,21.18,54.02,0.6252,1,-1,-1
1102,337,889.21,540.41,26.25,43.67,0.1052,10,-1,-1
1102,338,1106.54,345.48,51.08,21.03,0.5263,4,-1,-1
1102,301,1062.00,448.18,30.23,63.32,0.6234,1,-1,-1
1103,261,764.10,339.43,46.33,24.46,0.3486,4,-1,-1
1103,287,662.55,341.60,48.62,22.36,0.4140,4,-1,-1
1103,303,660.96,383.12,14.93,34.55,0.5842,1,-1,-1
1103,305,1107.71,329.14,44.36,19.67,0.1877,4,-1,-1
1103,296,1764.42,448.49,27.94,63.51,0.7469,1,-1,-1
1103,300,1735.73,439.62,30.09,69.07,0.7202,1,-1,-1
1103,318,977.28,342.91,58.15,24.57,0.6610,4,-1,-1
1103,321,875.18,428.93,24.68,54.98,0.4465,1,-1,-1
1103,323,1040.24,341.53,47.31,26.02,0.3711,4,-1,-1
1103,327,804.80,432.34,23.70,50.21,0.5708,1,-1,-1
1103,329,749.33,331.01,46.71,22.87,0.1645,4,-1,-1
1103,330,1214.53,345.90,49.14,20.40,0.5496,4,-1,-1
1103,331,1272.20,341.86,42.07,18.17,0.1968,4,-1,-1
1103,332,891.17,526.09,23.97,49.74,0.4187,2,-1,-1
1103,336,783.15,650.63,155.97,66.61,0.6496,4,-1,-1
1103,326,862.00,426.57,20.71,53.39,0.5400,1,-1,-1
1103,338,1106.99,345.92,50.04,20.61,0.4815,4,-1,-1
1103,301,1061.05,448.51,29.80,62.71,0.6325,1,-1,-1
1104,261,764.63,339.57,46.37,24.55,0.3191,4,-1,-1
1104,287,662.64,341.91,48.47,22.16,0.4140,4,-1,-1
1104,303,661.15,383.31,15.02,34.83,0.5993,1,-1,-1
1104,305,1106.86,328.92,43.92,19.48,0.1938,4,-1,-1
1104,296,1764.63,448.79,27.73,62.99,0.7272,1,-1,-1
1104,300,1735.57,440.39,30.05,68.57,0.7138,1,-1,-1
1104,318,976.85,342.54,58.96,24.95,0.6593,4,-1,-1
1104,321,875.00,430.75,24.42,54.35,0.4330,1,-1,-1
1104,323,1040.17,341.61,47.49,25.99,0.3183,4,-1,-1
1104,327,805.24,432.44,23.82,50.48,0.7585,1,-1,-1
1104,329,749.70,331.53,45.07,22.35,0.1535,4,-1,-1
1104,330,1214.31,346.08,48.70,20.28,0.5516,4,-1,-1
1104,331,1272.63,341.99,41.66,18.01,0.1778,4,-1,-1
1104,332,892.08,526.47,22.82,47.57,0.4111,2,-1,-1
1104,336,783.92,651.55,155.08,66.04,0.6826,4,-1,-1
1104,326,862.75,427.75,20.35,52.95,0.4465,1,-1,-1
1104,338,1108.41,346.14,48.45,19.97,0.4717,4,-1,-1
1104,301,1059.68,449.11,29.09,62.20,0.6442,1,-1,-1
1105,261,764.80,339.82,46.34,24.56,0.3065,4,-1,-1
1105,287,662.45,342.31,47.95,21.81,0.3961,4,-1,-1
1105,303,660.86,383.21,14.94,34.63,0.5842,1,-1,-1
1105,305,1105.91,328.51,44.45,19.79,0.2344,4,-1,-1
1105,296,1764.68,448.91,27.81,63.15,0.7379,1,-1,-1
1105,300,1735.84,440.15,29.82,68.42,0.7098,1,-1,-1
1105,318,976.78,342.41,59.66,25.24,0.6505,4,-1,-1
1105,321,875.03,427.88,25.09,55.77,0.2598,1,-1,-1
1105,323,1039.71,341.25,48.52,26.48,0.3390,4,-1,-1
1105,327,805.52,432.51,23.76,50.64,0.7033,1,-1,-1
1105,329,749.67,332.18,44.53,22.35,0.1510,4,-1,-1
1105,330,1213.79,346.45,48.54,20.26,0.5322,4,-1,-1
1105,331,1273.13,342.07,42.60,18.45,0.1672,4,-1,-1
1105,332,892.60,527.10,21.99,46.03,0.4600,2,-1,-1
1105,336,782.62,651.77,156.38,66.37,0.6943,4,-1,-1
1105,326,864.06,429.07,19.05,49.98,0.3785,1,-1,-1
1105,338,1108.43,346.22,48.20,19.87,0.4707,4,-1,-1
1105,301,1058.63,449.42,28.48,61.78,0.6280,1,-1,-1
1106,261,765.65,340.53,45.51,24.12,0.3074,4,-1,-1
1106,287,662.31,342.89,47.01,21.30,0.3849,4,-1,-1
1106,303,660.95,383.33,14.75,34.14,0.5898,1,-1,-1
1106,305,1107.09,327.81,43.29,19.28,0.2309,4,-1,-1
1106,296,1764.70,448.96,27.95,63.50,0.7439,1,-1,-1
1106,300,1736.33,440.33,29.47,67.95,0.7114,1,-1,-1
1106,318,976.94,342.43,59.89,25.35,0.6522,4,-1,-1
1106,321,876.36,427.39,24.44,53.98,0.2344,1,-1,-1
1106,323,1039.59,341.21,48.88,26.61,0.3346,4,-1,-1
1106,327,806.24,432.69,23.76,50.90,0.7066,1,-1,-1
1106,329,749.96,332.63,43.29,21.95,0.1510,4,-1,-1
1106,330,1213.78,346.74,48.08,20.10,0.5205,4,-1,-1
1106,331,1268.66,342.14,48.20,21.15,0.1234,4,-1,-1
1106,332,892.76,527.69,21.36,44.72,0.5156,2,-1,-1
1106,336,783.23,652.18,156.33,66.18,0.7058,4,-1,-1
1106,326,864.92,429.78,18.18,47.99,0.4436,1,-1,-1
1106,338,1108.70,346.54,47.39,19.51,0.4484,4,-1,-1
1106,301,1057.45,449.55,28.08,61.77,0.6758,1,-1,-1
1107,261,765.52,340.64,45.69,24.24,0.3346,4,-1,-1
1107,287,662.01,343.26,46.50,21.01,0.3585,4,-1,-1
1107,303,661.19,383.50,14.63,33.79,0.6289,1,-1,-1
1107,305,1110.37,327.62,43.93,19.29,0.1944,4,-1,-1
1107,296,1764.67,448.87,28.21,64.23,0.7303,1,-1,-1
1107,300,1736.77,440.20,29.24,67.76,0.7194,1,-1,-1
1107,318,976.85,342.15,60.54,25.75,0.6487,4,-1,-1
1107,321,874.26,434.56,23.90,50.84,0.1048,1,-1,-1
1107,323,1039.83,342.36,47.95,26.06,0.2591,4,-1,-1
1107,327,807.03,432.90,23.71,51.08,0.6834,1,-1,-1
1107,329,749.75,332.94,43.22,22.16,0.1577,4,-1,-1
1107,330,1214.02,346.94,47.93,20.00,0.5039,4,-1,-1
1107,331,1267.04,341.88,50.45,22.43,0.1071,4,-1,-1
1107,332,892.72,528.18,21.33,44.67,0.4854,2,-1,-1
1107,336,781.41,651.98,158.60,67.01,0.6460,4,-1,-1
1107,326,865.98,429.92,17.90,46.94,0.3868,1,-1,-1
1107,338,1107.08,346.96,48.19,19.84,0.4330,4,-1,-1
1107,301,1055.73,449.01,27.78,62.08,0.6397,1,-1,-1
1107,339,986.13,483.33,58.16,38.58,0.6943,3,-1,-1
1108,261,765.41,340.57,45.81,24.36,0.3531,4,-1,-1
1108,287,661.77,343.41,46.06,20.81,0.3603,4,-1,-1
1108,303,661.50,383.67,14.62,33.67,0.6558,1,-1,-1
1108,305,1109.20,327.47,45.05,19.76,0.1566,4,-1,-1
1108,296,1764.67,447.86,28.90,66.38,0.7233,1,-1,-1
1108,300,1737.10,439.95,29.08,67.71,0.7114,1,-1,-1
1108,318,976.92,341.98,60.93,26.06,0.6343,4,-1,-1
1108,321,875.40,439.40,23.32,47.07,0.1895,3,-1,-1
1108,323,1039.86,342.67,47.95,26.03,0.2180,4,-1,-1
1108,327,808.75,433.07,23.38,50.93,0.6415,1,-1,-1
1108,329,749.93,333.09,42.71,22.11,0.1683,4,-1,-1
1108,330,1215.26,347.03,47.31,19.63,0.4932,4,-1,-1
1108,332,892.49,528.68,21.80,45.76,0.4446,2,-1,-1
1108,336,783.51,652.41,158.20,66.90,0.6775,4,-1,-1
1108,326,868.59,431.23,17.91,46.82,0.2682,1,-1,-1
1108,338,1105.87,347.15,48.86,20.15,0.4168,4,-1,-1
1108,301,1055.34,449.16,27.62,62.72,0.6388,1,-1,-1
1108,339,988.27,482.50,57.64,38.25,0.6860,3,-1,-1
1108,340,1139.12,456.26,23.07,55.98,0.5879,1,-1,-1
1108,341,1005.34,455.34,30.26,57.68,0.6361,2,-1,-1
1109,261,765.53,340.47,45.94,24.58,0.4121,4,-1,-1
1109,287,661.44,343.29,46.04,20.82,0.3346,4,-1,-1
1109,303,661.86,383.81,14.62,33.55,0.6749,1,-1,-1
1109,305,1110.29,327.17,49.27,21.53,0.2069,4,-1,-1
1109,296,1765.09,448.09,28.22,65.09,0.7318,1,-1,-1
1109,300,1737.59,439.36,29.13,68.04,0.7178,1,-1,-1
1109,318,976.70,341.73,61.52,26.47,0.6379,4,-1,-1
1109,321,873.44,435.54,24.00,49.24,0.1480,1,-1,-1
1109,323,1039.57,342.97,48.18,26.11,0.2644,4,-1,-1
1109,327,810.80,433.26,23.03,50.74,0.6270,1,-1,-1
1109,329,749.94,332.53,42.26,22.11,0.1608,4,-1,-1
1109,330,1215.36,347.09,48.61,20.00,0.4990,4,-1,-1
1109,332,892.58,529.15,21.81,45.93,0.4591,2,-1,-1
1109,336,782.81,651.13,161.34,68.51,0.6151,4,-1,-1
1109,326,870.15,434.17,19.51,50.71,0.5631,1,-1,-1
1109,338,1106.53,346.61,49.32,20.33,0.3905,4,-1,-1
1109,301,1054.19,449.76,26.95,61.85,0.5689,1,-1,-1
1109,339,990.74,479.60,60.11,40.00,0.6689,3,-1,-1
1109,340,1137.47,456.51,21.31,51.70,0.2902,1,-1,-1
1109,341,1008.84,455.38,28.76,54.90,0.5823,2,-1,-1
1110,261,766.19,340.55,45.57,24.60,0.4698,4,-1,-1
1110,287,661.04,343.03,46.25,20.98,0.3217,4,-1,-1
1110,303,662.24,383.90,14.61,33.39,0.6834,1,-1,-1
1110,305,1111.09,327.06,50.66,22.09,0.2358,4,-1,-1
1110,296,1765.28,448.03,27.94,64.76,0.7349,1,-1,-1
1110,300,1738.00,439.17,29.02,67.85,0.7349,1,-1,-1
1110,318,976.59,341.77,61.49,26.60,0.6415,4,-1,-1
1110,321,871.42,433.17,24.30,50.76,0.1530,1,-1,-1
1110,323,1037.80,342.98,48.38,26.40,0.2790,4,-1,-1
1110,327,811.67,433.49,22.80,50.71,0.6197,1,-1,-1
1110,329,750.40,331.73,40.89,21.62,0.1613,4,-1,-1
1110,330,1215.60,347.20,49.57,20.21,0.4961,4,-1,-1
1110,332,892.23,529.93,22.13,46.81,0.4244,2,-1,-1
1110,336,782.37,650.58,162.79,69.45,0.5098,4,-1,-1
1110,326,870.02,434.63,20.24,52.62,0.6522,1,-1,-1
1110,338,1107.22,346.42,49.32,20.36,0.4073,4,-1,-1
1110,301,1054.12,449.86,26.34,60.78,0.5361,1,-1,-1
1110,339,993.67,480.16,59.66,39.81,0.6514,3,-1,-1
1110,340,1135.79,455.88,19.12,46.27,0.2621,1,-1,-1
1110,341,1012.70,455.94,26.66,50.80,0.5088,2,-1,-1
1111,261,767.74,341.18,43.92,23.94,0.4834,4,-1,-1
1111,287,660.24,342.44,46.41,21.19,0.2975,4,-1,-1
1111,303,662.82,384.22,14.69,33.46,0.6540,1,-1,-1
1111,305,1110.61,327.23,49.99,21.76,0.2234,4,-1,-1
1111,296,1765.41,446.90,27.95,65.29,0.7122,1,-1,-1
1111,300,1738.20,438.91,28.91,67.63,0.7210,1,-1,-1
1111,318,978.22,343.24,57.43,24.81,0.6123,4,-1,-1
1111,323,1037.53,341.62,50.24,27.61,0.5185,4,-1,-1
1111,327,812.06,433.91,22.40,50.24,0.6610,1,-1,-1
1111,329,751.04,332.06,38.24,20.34,0.2095,4,-1,-1
1111,330,1214.14,347.76,49.31,19.99,0.4321,4,-1,-1
1111,332,891.22,531.43,23.93,51.02,0.2576,2,-1,-1
1111,336,777.14,648.64,170.25,73.07,0.3923,4,-1,-1
1111,326,869.17,434.16,20.97,54.32,0.6968,1,-1,-1
1111,338,1108.92,346.73,48.39,19.95,0.3320,4,-1,-1
1111,301,1052.96,451.03,26.21,61.03,0.4990,1,-1,-1
1111,339,997.28,481.46,58.42,39.12,0.6334,3,-1,-1
1111,340,1132.97,456.31,19.06,46.00,0.1790,1,-1,-1
1111,341,1014.01,455.98,29.95,56.82,0.3979,2,-1,-1
1112,261,767.85,341.25,43.43,23.87,0.4756,4,-1,-1
1112,287,659.87,341.75,47.30,21.73,0.2838,4,-1,-1
1112,303,663.04,384.44,14.90,34.01,0.6451,1,-1,-1
1112,305,1110.78,327.46,49.29,21.42,0.2214,4,-1,-1
1112,296,1765.65,447.26,27.14,63.35,0.7066,1,-1,-1
1112,300,1738.74,438.74,28.85,67.52,0.7225,1,-1,-1
1112,318,978.51,343.73,56.21,24.23,0.6049,4,-1,-1
1112,323,1037.30,341.15,50.60,28.03,0.5088,4,-1,-1
1112,327,812.50,434.05,22.19,50.14,0.6379,1,-1,-1
1112,329,750.92,332.47,38.12,20.44,0.2037,4,-1,-1
1112,330,1213.32,347.93,49.94,20.17,0.4017,4,-1,-1
1112,332,890.26,532.33,24.99,53.66,0.2524,2,-1,-1
1112,336,772.07,646.56,177.74,76.89,0.3082,4,-1,-1
1112,326,868.76,433.66,21.53,55.52,0.7225,1,-1,-1
1112,338,1108.03,345.30,51.50,21.26,0.1801,4,-1,-1
1112,301,1051.80,450.98,26.35,61.11,0.4465,2,-1,-1
1112,339,999.77,480.47,60.82,40.99,0.4922,3,-1,-1
1112,340,1128.32,455.80,23.39,56.59,0.4436,1,-1,-1
1112,341,1017.38,456.34,29.42,55.77,0.4756,2,-1,-1
1112,343,889.90,425.37,17.99,52.38,0.5429,1,-1,-1
1113,261,768.00,341.36,43.00,23.82,0.4980,4,-1,-1
1113,287,659.49,341.37,47.61,22.04,0.2697,4,-1,-1
1113,303,663.20,384.43,15.10,34.55,0.6415,1,-1,-1
1113,305,1111.39,327.60,48.90,21.18,0.2114,4,-1,-1
1113,296,1766.18,447.34,26.85,62.75,0.7033,1,-1,-1
1113,300,1739.65,439.07,28.47,66.65,0.7146,1,-1,-1
1113,318,978.34,343.86,56.01,24.08,0.5974,4,-1,-1
1113,323,1037.18,340.96,50.42,28.16,0.5000,4,-1,-1
1113,327,812.99,434.14,22.00,50.20,0.6558,1,-1,-1
1113,329,751.08,333.06,37.90,20.46,0.2031,4,-1,-1
1113,330,1213.56,348.18,49.28,19.81,0.3675,4,-1,-1
1113,332,890.08,533.19,24.87,53.61,0.2659,2,-1,-1
1113,336,769.82,646.08,179.67,78.21,0.2323,4,-1,-1
1113,326,868.95,432.82,22.23,57.17,0.7349,1,-1,-1
1113,338,1106.03,346.53,51.85,21.46,0.3294,4,-1,-1
1113,301,1050.93,450.60,26.53,61.15,0.4417,2,-1,-1
1113,339,1002.63,480.87,59.32,40.24,0.5078,3,-1,-1
1113,340,1125.09,454.12,25.22,61.48,0.3970,1,-1,-1
1113,341,1021.25,455.63,29.13,55.36,0.3612,2,-1,-1
1113,343,890.52,425.02,18.18,52.84,0.6397,1,-1,-1
1114,261,768.34,341.60,42.30,23.58,0.5098,4,-1,-1
1114,287,659.38,341.15,47.55,22.19,0.2621,4,-1,-1
1114,303,663.42,384.56,15.12,34.74,0.6343,1,-1,-1
1114,305,1111.80,327.64,48.40,20.89,0.1750,4,-1,-1
1114,296,1766.87,448.02,26.37,61.78,0.7066,1,-1,-1
1114,300,1739.79,438.88,28.42,66.77,0.7146,1,-1,-1
1114,318,978.16,344.12,55.50,23.79,0.5898,4,-1,-1
1114,323,1037.51,341.13,49.82,28.01,0.4873,4,-1,-1
1114,327,813.66,434.37,21.67,49.93,0.6270,1,-1,-1
1114,329,751.47,333.49,37.40,20.27,0.1956,4,-1,-1
1114,330,1214.17,348.36,48.17,19.27,0.3567,4,-1,-1
1114,332,890.60,533.89,24.40,52.83,0.1105,1,-1,-1
1114,336,772.70,647.31,174.89,76.38,0.2958,4,-1,-1
1114,326,869.01,434.17,21.58,55.12,0.7130,1,-1,-1
1114,338,1108.79,346.95,48.95,20.25,0.3234,4,-1,-1
1114,301,1049.45,450.43,26.19,60.12,0.3251,2,-1,-1
1114,339,1007.81,481.04,58.32,39.43,0.4883,3,-1,-1
1114,340,1122.82,453.39,25.42,62.21,0.5842,1,-1,-1
1114,341,1024.89,456.19,29.06,54.66,0.3149,2,-1,-1
1114,343,891.98,425.58,17.86,51.86,0.6067,1,-1,-1
1115,261,768.60,341.77,41.85,23.47,0.5234,4,-1,-1
1115,287,659.35,340.95,47.54,22.35,0.2553,4,-1,-1
1115,303,663.63,384.68,15.12,34.91,0.6325,1,-1,-1
1115,305,1113.13,327.81,47.71,20.53,0.1535,4,-1,-1
1115,296,1767.49,448.62,25.93,60.83,0.6968,1,-1,-1
1115,300,1739.85,438.82,28.55,67.33,0.7033,1,-1,-1
1115,318,977.88,344.17,55.58,23.76,0.5631,4,-1,-1
1115,323,1037.73,341.33,49.29,27.88,0.4902,4,-1,-1
1115,327,814.01,434.50,21.62,50.21,0.6105,1,-1,-1
1115,329,751.58,333.86,37.38,20.34,0.1944,4,-1,-1
1115,330,1214.91,348.62,46.71,18.59,0.3268,4,-1,-1
1115,332,890.99,534.61,23.94,52.03,0.1442,1,-1,-1
1115,336,769.34,646.20,176.75,77.38,0.3513,4,-1,-1
1115,326,868.85,435.02,21.34,54.02,0.6783,1,-1,-1
1115,338,1110.47,347.17,47.28,19.52,0.3372,4,-1,-1
1115,301,1048.35,450.72,26.08,59.85,0.2689,1,-1,-1
1115,339,1011.72,481.65,58.61,39.50,0.4187,3,-1,-1
1115,340,1120.03,452.70,24.57,60.55,0.1144,1,-1,-1
1115,341,1028.20,456.95,30.13,55.62,0.1485,2,-1,-1
1115,343,893.40,427.84,17.46,50.48,0.5467,1,-1,-1
1116,261,769.04,341.94,41.36,23.32,0.5448,4,-1,-1
1116,287,659.74,341.15,46.85,22.16,0.2736,4,-1,-1
1116,303,664.03,385.49,14.80,34.27,0.6160,1,-1,-1
1116,305,1111.63,327.28,49.75,21.36,0.1761,4,-1,-1
1116,296,1767.76,448.59,25.40,59.40,0.7098,1,-1,-1
1116,300,1740.11,439.07,28.46,67.23,0.7178,1,-1,-1
1116,318,977.25,343.66,57.15,24.40,0.5361,4,-1,-1
1116,323,1037.56,341.13,49.61,28.26,0.5302,4,-1,-1
1116,327,814.36,434.51,21.58,50.48,0.6215,1,-1,-1
1116,329,751.92,333.79,36.99,20.20,0.1974,4,-1,-1
1116,330,1214.79,348.50,46.80,18.57,0.3407,4,-1,-1
1116,332,891.05,535.36,24.26,52.89,0.3346,2,-1,-1
1116,336,770.81,646.25,176.46,77.76,0.3337,4,-1,-1
1116,326,868.72,435.08,21.62,53.98,0.6067,1,-1,-1
1116,338,1110.41,347.33,47.23,19.46,0.3346,4,-1,-1
1116,301,1044.01,450.83,26.87,60.05,0.2613,2,-1,-1
1116,339,1013.01,480.92,61.75,41.69,0.5622,3,-1,-1
1116,341,1032.00,453.49,33.32,60.67,0.2767,2,-1,-1
1116,343,894.72,429.95,16.80,48.33,0.5312,1,-1,-1
1117,261,769.43,342.09,40.85,23.14,0.5467,4,-1,-1
1117,287,660.06,341.34,46.31,22.03,0.2705,4,-1,-1
1117,303,664.22,385.65,14.61,33.97,0.5898,1,-1,-1
1117,305,1110.47,327.45,50.01,21.41,0.2254,4,-1,-1
1117,296,1768.03,448.67,25.18,58.60,0.7178,1,-1,-1
1117,300,1740.60,439.67,28.07,66.29,0.7162,1,-1,-1
1117,318,976.93,343.56,57.74,24.62,0.5205,4,-1,-1
1117,323,1037.61,341.13,49.49,28.38,0.5516,4,-1,-1
1117,327,814.89,434.49,21.73,51.13,0.6307,1,-1,-1
1117,329,752.39,333.79,36.66,20.07,0.1901,4,-1,-1
1117,330,1214.47,348.32,47.38,18.80,0.3603,4,-1,-1
1117,332,891.54,539.16,22.91,49.33,0.1461,10,-1,-1
1117,336,773.95,648.18,172.12,76.16,0.5020,4,-1,-1
1117,326,871.55,434.53,20.94,52.24,0.3648,1,-1,-1
1117,338,1107.18,347.31,50.60,20.90,0.3451,4,-1,-1
1117,301,1042.79,450.79,25.45,55.00,0.2247,2,-1,-1
1117,339,1015.74,482.04,60.66,40.85,0.5117,3,-1,-1
1117,341,1034.63,452.88,33.64,60.60,0.2140,2,-1,-1
1117,343,895.72,430.40,16.93,48.42,0.5974,1,-1,-1
1117,321,866.72,434.38,25.88,54.11,0.5593,1,-1,-1
1118,261,769.55,342.17,40.59,23.10,0.5458,4,-1,-1
1118,287,660.59,341.59,45.82,21.88,0.2942,4,-1,-1
1118,303,664.61,385.48,14.88,34.71,0.6067,1,-1,-1
1118,305,1109.94,327.61,49.85,21.29,0.2942,4,-1,-1
1118,296,1768.20,448.86,25.14,58.21,0.7225,1,-1,-1
1118,300,1741.04,439.94,27.84,65.54,0.7349,1,-1,-1
1118,318,976.83,343.83,57.52,24.51,0.5496,4,-1,-1
1118,323,1037.75,341.32,49.07,28.30,0.5879,4,-1,-1
1118,327,815.72,434.36,21.86,51.42,0.6252,1,-1,-1
1118,329,752.79,333.75,36.54,20.04,0.1889,4,-1,-1
1118,330,1214.37,348.16,47.85,19.02,0.3675,4,-1,-1
1118,332,891.05,540.23,23.02,48.94,0.1112,10,-1,-1
1118,336,773.40,648.59,172.07,76.42,0.4649,4,-1,-1
1118,326,872.23,434.10,22.32,54.58,0.1200,2,-1,-1
1118,338,1108.94,347.49,49.11,20.25,0.3684,4,-1,-1
1118,301,1044.34,449.85,23.72,50.55,0.4206,2,-1,-1
1118,339,1017.06,480.69,62.42,42.41,0.5448,3,-1,-1
1118,341,1037.87,451.01,31.96,57.20,0.2408,2,-1,-1
1118,343,896.17,431.58,16.84,47.75,0.5974,1,-1,-1
1118,321,866.99,433.92,26.43,54.62,0.5254,1,-1,-1
1119,261,769.74,342.30,40.23,22.98,0.5525,4,-1,-1
1119,287,661.12,341.90,45.35,21.71,0.3277,4,-1,-1
1119,303,665.00,385.56,14.99,35.08,0.6610,1,-1,-1
1119,305,1109.48,327.47,50.34,21.47,0.3478,4,-1,-1
1119,296,1768.41,448.96,25.16,57.99,0.7162,1,-1,-1
1119,300,1741.44,440.23,27.59,64.72,0.7349,1,-1,-1
1119,318,976.58,343.95,57.46,24.50,0.5400,4,-1,-1
1119,323,1037.81,341.36,48.84,28.33,0.5974,4,-1,-1
1119,327,816.33,434.20,22.02,51.70,0.6307,1,-1,-1
1119,329,752.90,332.47,35.99,19.51,0.2056,4,-1,-1
1119,330,1214.42,348.07,48.02,19.12,0.3294,4,-1,-1
1119,332,890.93,541.17,22.77,47.76,0.1451,10,-1,-1
1119,336,777.43,649.41,169.20,75.67,0.4446,4,-1,-1
1119,326,874.10,434.64,21.26,52.25,0.3433,1,-1,-1
1119,338,1107.03,347.77,50.25,20.71,0.3585,4,-1,-1
1119,301,1046.07,448.89,21.85,46.13,0.4630,2,-1,-1
1119,339,1020.73,483.21,61.37,41.80,0.4417,3,-1,-1
1119,341,1039.35,449.45,30.91,54.88,0.2465,2,-1,-1
1119,343,896.90,431.38,17.18,48.39,0.6663,1,-1,-1
1119,321,866.67,434.07,26.45,54.39,0.5370,1,-1,-1
1120,261,769.98,342.47,39.91,22.86,0.5554,4,-1,-1
1120,287,661.61,342.23,44.86,21.47,0.3739,4,-1,-1
1120,303,665.42,385.72,14.99,35.11,0.6593,1,-1,-1
1120,305,1109.08,327.32,51.16,21.84,0.3730,4,-1,-1
1120,296,1768.63,449.05,25.20,57.76,0.7210,1,-1,-1
1120,300,1741.58,440.26,27.49,64.33,0.7409,1,-1,-1
1120,318,976.50,344.34,56.68,24.19,0.5496,4,-1,-1
1120,323,1037.80,341.37,48.73,28.44,0.6252,4,-1,-1
1120,327,816.89,434.19,22.25,52.15,0.6179,1,-1,-1
1120,329,753.02,332.09,35.73,19.17,0.2193,4,-1,-1
1120,330,1214.41,347.97,48.41,19.29,0.3567,4,-1,-1
1120,332,889.15,541.56,23.50,48.57,0.1634,3,-1,-1
1120,336,779.23,649.77,167.38,75.29,0.5098,4,-1,-1
1120,326,877.66,432.74,21.18,52.68,0.4844,1,-1,-1
1120,338,1108.72,347.85,48.79,20.04,0.3785,4,-1,-1
1120,301,1046.10,447.54,19.75,40.66,0.2553,2,-1,-1
1120,339,1022.99,483.72,61.25,42.04,0.4111,3,-1,-1
1120,341,1041.59,447.97,29.79,53.37,0.4455,2,-1,-1
1120,343,898.08,432.92,17.06,47.50,0.6834,1,-1,-1
1120,321,865.91,434.72,26.16,53.85,0.5622,1,-1,-1
1121,261,770.34,342.71,39.48,22.66,0.5689,4,-1,-1
1121,287,661.99,342.42,44.69,21.35,0.4121,4,-1,-1
1121,303,665.84,386.03,14.88,34.77,0.6307,1,-1,-1
1121,305,1109.11,327.13,51.41,21.98,0.3785,4,-1,-1
1121,296,1769.29,449.16,25.48,58.18,0.7146,1,-1,-1
1121,300,1741.61,440.20,27.53,64.36,0.7349,1,-1,-1
1121,318,976.35,344.56,56.17,24.00,0.5574,4,-1,-1
1121,323,1038.02,341.48,48.29,28.33,0.6451,4,-1,-1
1121,327,817.24,434.48,22.49,52.69,0.6252,1,-1,-1
1121,329,753.16,332.04,35.60,18.92,0.2207,4,-1,-1
1121,330,1214.71,347.99,48.42,19.28,0.3540,4,-1,-1
1121,332,888.51,542.49,23.57,48.00,0.2509,3,-1,-1
1121,336,774.76,649.92,169.53,76.39,0.4980,4,-1,-1
1121,326,880.19,431.36,21.25,53.55,0.5651,1,-1,-1
1121,338,1109.56,347.97,47.92,19.60,0.3961,4,-1,-1
1121,301,1045.83,446.65,19.09,38.34,0.2674,2,-1,-1
1121,339,1025.75,483.10,61.50,42.49,0.4961,3,-1,-1
1121,341,1042.10,446.91,30.76,55.60,0.4494,2,-1,-1
1121,343,898.86,431.73,17.82,49.29,0.6732,1,-1,-1
1121,321,864.35,435.33,25.55,53.39,0.5765,1,-1,-1
1122,261,770.53,342.93,39.17,22.54,0.5823,4,-1,-1
1122,287,662.44,342.72,44.25,21.05,0.4254,4,-1,-1
1122,303,666.37,386.34,14.76,34.42,0.6142,1,-1,-1
1122,305,1109.42,327.07,51.24,21.94,0.3693,4,-1,-1
1122,296,1769.41,448.52,25.94,58.70,0.7042,1,-1,-1
1122,300,1741.55,440.02,27.75,64.81,0.7210,1,-1,-1
1122,318,976.21,344.85,55.39,23.73,0.5612,4,-1,-1
1122,323,1038.47,341.88,47.40,27.88,0.6540,4,-1,-1
1122,327,818.09,434.74,22.36,52.53,0.6105,1,-1,-1
1122,329,753.20,332.07,35.62,18.79,0.2234,4,-1,-1
1122,330,1215.22,348.08,48.20,19.12,0.3285,4,-1,-1
1122,332,888.88,539.61,23.43,47.71,0.4630,2,-1,-1
1122,336,773.88,649.90,169.81,76.72,0.4902,4,-1,-1
1122,326,881.79,430.74,20.90,53.22,0.5689,1,-1,-1
1122,338,1110.43,348.16,47.06,19.15,0.4168,4,-1,-1
1122,301,1046.80,446.11,14.87,27.91,0.2379,2,-1,-1
1122,339,1030.97,486.89,58.92,40.50,0.5312,3,-1,-1
1122,341,1041.56,446.31,34.49,62.71,0.3451,2,-1,-1
1122,343,900.29,432.74,17.93,49.14,0.6540,1,-1,-1
1122,321,863.78,435.52,24.77,52.57,0.5458,1,-1,-1
1123,261,770.33,343.11,39.15,22.55,0.5765,4,-1,-1
1123,287,662.70,342.85,44.17,20.92,0.4321,4,-1,-1
1123,303,666.74,386.62,14.82,34.46,0.5860,1,-1,-1
1123,305,1109.82,327.14,50.47,21.63,0.3621,4,-1,-1
1123,296,1769.44,448.22,26.24,58.90,0.7106,1,-1,-1
1123,300,1741.45,439.92,27.92,65.30,0.7033,1,-1,-1
1123,318,976.00,344.92,55.43,23.80,0.5765,4,-1,-1
1123,323,1038.91,342.24,46.78,27.54,0.6575,4,-1,-1
1123,327,818.69,435.18,22.08,52.02,0.6361,1,-1,-1
1123,329,753.18,332.10,35.71,18.70,0.2160,4,-1,-1
1123,330,1215.71,348.19,47.74,18.83,0.3372,4,-1,-1
1123,332,889.17,539.03,22.99,46.64,0.4581,2,-1,-1
1123,336,772.97,650.39,170.21,77.09,0.4017,4,-1,-1
1123,326,882.40,430.74,20.85,53.62,0.5574,1,-1,-1
1123,338,1111.39,348.32,46.25,18.74,0.4359,4,-1,-1
1123,339,1032.85,486.70,60.85,41.87,0.3174,3,-1,-1
1123,341,1042.44,448.74,35.50,64.30,0.2697,2,-1,-1
1123,343,900.88,432.18,18.42,50.28,0.6397,1,-1,-1
1123,321,863.53,436.01,23.73,50.92,0.5000,1,-1,-1
1124,261,770.56,343.36,38.75,22.35,0.5737,4,-1,-1
1124,287,662.71,342.92,44.23,20.87,0.4407,4,-1,-1
1124,303,667.11,387.00,14.74,34.10,0.5467,1,-1,-1
1124,305,1109.42,326.82,50.80,21.81,0.3970,4,-1,-1
1124,296,1769.40,447.95,26.53,59.09,0.7138,1,-1,-1
1124,300,1741.55,439.60,28.00,65.69,0.7114,1,-1,-1
1124,318,976.07,344.73,55.83,24.02,0.5860,4,-1,-1
1124,323,1039.09,342.39,46.55,27.41,0.6732,4,-1,-1
1124,327,819.15,435.99,21.71,51.25,0.6234,1,-1,-1
1124,329,753.25,332.20,35.63,18.49,0.2140,4,-1,-1
1124,330,1215.86,348.22,48.27,18.93,0.3381,4,-1,-1
1124,332,889.27,538.83,23.05,46.78,0.4668,2,-1,-1
1124,336,772.94,650.67,169.70,77.01,0.4359,4,-1,-1
1124,326,882.98,431.45,20.66,53.27,0.5419,1,-1,-1
1124,338,1111.10,348.39,46.44,18.69,0.4600,4,-1,-1
1124,339,1031.96,484.13,64.55,45.22,0.1535,3,-1,-1
1124,341,1041.37,451.02,34.13,61.99,0.2436,2,-1,-1
1124,343,902.30,434.25,17.98,48.50,0.6289,1,-1,-1
1124,321,863.55,435.63,23.04,49.82,0.4737,1,-1,-1
1125,261,770.66,343.45,38.62,22.33,0.5737,4,-1,-1
1125,287,662.55,342.77,44.72,21.04,0.4417,4,-1,-1
1125,303,667.28,387.12,14.81,34.08,0.5137,1,-1,-1
1125,305,1109.03,326.57,51.22,22.03,0.3840,4,-1,-1
1125,296,1769.51,447.58,26.77,59.24,0.7170,1,-1,-1
1125,300,1741.84,439.24,27.92,65.75,0.7098,1,-1,-1
1125,318,975.91,344.78,55.80,24.08,0.5765,4,-1,-1
1125,323,1039.09,342.34,46.63,27.49,0.6715,4,-1,-1
1125,327,819.33,436.18,21.64,51.17,0.6540,1,-1,-1
1125,329,753.11,332.21,35.98,18.53,0.2088,4,-1,-1
1125,330,1215.99,348.34,48.66,18.96,0.3612,4,-1,-1
1125,332,889.51,539.59,22.60,45.77,0.4417,2,-1,-1
1125,336,772.90,650.04,170.13,77.41,0.4111,4,-1,-1
1125,326,883.53,433.47,20.47,52.51,0.5215,1,-1,-1
1125,338,1110.61,348.41,46.87,18.76,0.4581,4,-1,-1
1125,339,1032.23,483.59,66.16,47.17,0.3451,3,-1,-1
1125,341,1038.12,449.25,31.15,57.79,0.5622,1,-1,-1
1125,343,902.97,433.95,18.54,49.72,0.6451,1,-1,-1
1125,321,863.76,435.17,22.71,49.32,0.4844,1,-1,-1
1126,261,770.43,343.08,39.05,22.64,0.5813,4,-1,-1
1126,287,662.28,343.60,43.74,20.55,0.4149,4,-1,-1
1126,303,667.58,387.42,14.81,34.01,0.5651,1,-1,-1
1126,305,1108.94,327.26,50.84,21.94,0.3877,4,-1,-1
1126,296,1769.57,447.30,26.78,58.96,0.6910,1,-1,-1
1126,300,1742.16,438.40,27.91,65.98,0.6918,1,-1,-1
1126,318,975.96,344.81,55.58,24.06,0.5205,4,-1,-1
1126,323,1039.47,342.69,44.73,26.37,0.5765,4,-1,-1
1126,327,819.06,436.63,21.42,50.70,0.6697,1,-1,-1
1126,329,751.76,333.20,37.67,19.57,0.1613,4,-1,-1
1126,332,890.20,539.99,21.76,43.85,0.4707,2,-1,-1
1126,336,776.80,650.20,163.33,74.10,0.6406,4,-1,-1
1126,326,884.89,435.80,20.02,51.36,0.5879,1,-1,-1
1126,338,1110.47,348.84,46.38,18.44,0.4484,4,-1,-1
1126,339,1037.22,483.18,59.87,42.84,0.1408,3,-1,-1
1126,341,1035.57,449.12,30.31,57.23,0.6876,1,-1,-1
1126,343,903.83,435.83,18.12,47.98,0.6749,1,-1,-1
1126,321,864.01,435.61,21.70,47.26,0.4805,1,-1,-1
1127,261,770.38,343.16,39.11,22.75,0.5804,4,-1,-1
1127,287,662.06,343.94,43.64,20.48,0.4254,4,-1,-1
1127,303,667.75,387.51,14.67,33.63,0.5860,1,-1,-1
1127,305,1108.86,327.67,50.43,21.81,0.4083,4,-1,-1
1127,296,1770.14,446.80,26.75,58.82,0.7033,1,-1,-1
1127,300,1742.49,437.98,27.76,65.83,0.7001,1,-1,-1
1127,318,975.70,344.81,55.74,24.19,0.5244,4,-1,-1
1127,323,1039.44,342.70,44.13,26.04,0.5765,4,-1,-1
1127,327,819.22,437.32,21.15,50.04,0.6628,1,-1,-1
1127,329,749.58,332.53,38.67,20.26,0.1640,4,-1,-1
1127,332,890.53,540.50,21.16,42.41,0.4273,2,-1,-1
1127,336,779.65,651.17,160.69,72.90,0.6567,4,-1,-1
1127,326,885.42,436.34,19.88,51.18,0.6343,1,-1,-1
1127,338,1110.15,349.08,46.33,18.28,0.4455,4,-1,-1
1127,341,1033.85,449.10,29.47,56.54,0.6243,1,-1,-1
1127,343,904.81,433.08,18.76,50.05,0.6469,1,-1,-1
1127,321,864.02,436.26,20.96,45.85,0.5293,1,-1,-1
1128,261,770.33,343.39,38.86,22.62,0.5622,4,-1,-1
1128,287,661.97,344.08,43.73,20.48,0.4417,4,-1,-1
1128,303,667.81,387.45,14.69,33.61,0.5898,1,-1,-1
1128,305,1109.00,327.94,49.90,21.63,0.4397,4,-1,-1
1128,296,1770.31,446.33,26.78,58.84,0.7114,1,-1,-1
1128,300,1742.77,437.84,27.58,65.50,0.7050,1,-1,-1
1128,318,975.47,344.79,55.82,24.31,0.5458,4,-1,-1
1128,323,1039.37,342.74,43.94,25.95,0.5670,4,-1,-1
1128,327,819.45,437.43,21.18,50.05,0.6817,1,-1,-1
1128,329,748.71,332.20,38.76,20.48,0.1624,4,-1,-1
1128,332,890.07,540.83,21.18,42.03,0.5195,2,-1,-1
1128,336,782.69,652.34,157.82,71.64,0.6826,4,-1,-1
1128,326,885.46,436.73,19.74,50.90,0.6558,1,-1,-1
1128,338,1112.61,348.90,46.50,18.33,0.2140,4,-1,-1
1128,341,1032.27,449.13,29.29,57.03,0.7074,1,-1,-1
1128,343,906.01,432.07,18.76,50.26,0.6749,1,-1,-1
1128,321,863.60,435.86,21.28,46.71,0.5917,1,-1,-1
1129,261,770.46,343.86,38.24,22.24,0.5564,4,-1,-1
1129,287,661.90,344.18,43.83,20.48,0.4727,4,-1,-1
1129,303,668.02,387.77,14.72,33.61,0.6215,1,-1,-1
1129,305,1109.29,328.08,49.08,21.30,0.4388,4,-1,-1
1129,296,1770.44,446.41,26.66,58.50,0.7033,1,-1,-1
1129,300,1743.08,437.84,27.45,65.10,0.6935,1,-1,-1
1129,318,976.46,344.94,55.26,24.10,0.5612,4,-1,-1
1129,323,1039.53,343.04,43.31,25.55,0.5574,4,-1,-1
1129,327,819.68,437.48,21.26,50.06,0.6851,1,-1,-1
1129,329,748.24,332.02,38.65,20.57,0.1744,4,-1,-1
1129,332,889.49,541.10,21.82,43.09,0.5176,2,-1,-1
1129,336,784.36,653.36,156.09,70.86,0.6370,4,-1,-1
1129,326,885.50,437.13,19.61,50.63,0.6610,1,-1,-1
1129,338,1113.97,348.88,46.33,18.26,0.2147,4,-1,-1
1129,341,1031.72,448.64,29.58,58.29,0.7186,1,-1,-1
1129,343,906.82,432.08,18.52,49.77,0.6469,1,-1,-1
1129,321,863.21,435.69,20.84,45.93,0.6105,1,-1,-1
1129,337,883.65,551.88,29.45,50.27,0.4961,3,-1,-1
1130,261,770.51,344.28,37.80,21.91,0.5593,4,-1,-1
1130,287,661.78,344.32,43.76,20.38,0.4805,4,-1,-1
1130,303,668.33,388.21,14.46,32.83,0.6160,1,-1,-1
1130,305,1109.60,328.08,48.48,21.07,0.4045,4,-1,-1
1130,296,1770.75,446.87,26.37,57.80,0.6817,1,-1,-1
1130,300,1743.25,438.12,27.37,64.85,0.6951,1,-1,-1
1130,318,976.05,345.20,54.62,23.84,0.5593,4,-1,-1
1130,323,1039.70,343.49,42.79,25.18,0.5146,4,-1,-1
1130,327,820.18,437.41,21.32,50.17,0.6868,1,-1,-1
1130,329,747.88,331.90,38.56,20.68,0.1761,4,-1,-1
1130,332,889.29,541.71,21.97,43.12,0.5302,2,-1,-1
1130,336,786.39,654.81,152.68,69.08,0.6021,4,-1,-1
1130,326,886.06,436.95,19.68,51.01,0.7162,1,-1,-1
1130,338,1108.38,349.80,47.42,18.78,0.4513,4,-1,-1
1130,341,1031.20,448.49,29.84,59.41,0.7186,1,-1,-1
1130,343,907.87,433.15,18.81,50.28,0.6851,1,-1,-1
1130,321,862.83,435.42,20.84,46.23,0.6252,1,-1,-1
1130,337,884.98,552.32,27.00,45.44,0.4225,3,-1,-1
1131,261,769.92,344.37,38.02,21.94,0.5293,4,-1,-1
1131,287,661.52,344.31,44.33,20.57,0.4620,4,-1,-1
1131,303,668.57,388.38,14.22,32.03,0.5917,1,-1,-1
1131,305,1109.76,328.00,48.52,21.10,0.4102,4,-1,-1
1131,296,1770.78,447.38,26.28,57.48,0.6918,1,-1,-1
1131,300,1743.39,438.40,27.36,64.73,0.7082,1,-1,-1
1131,318,975.63,345.15,54.81,23.98,0.5670,4,-1,-1
1131,323,1039.36,343.36,43.40,25.53,0.5263,4,-1,-1
1131,327,820.45,436.99,21.67,50.90,0.6680,1,-1,-1
1131,329,747.88,331.69,38.66,20.87,0.1603,4,-1,-1
1131,332,889.02,541.77,22.30,43.62,0.4941,2,-1,-1
1131,336,788.27,655.94,151.00,68.19,0.5946,4,-1,-1
1131,326,887.38,437.38,19.68,50.87,0.6522,1,-1,-1
1131,338,1106.46,350.09,47.97,19.05,0.4581,4,-1,-1
1131,341,1030.13,448.38,29.29,59.13,0.7090,1,-1,-1
1131,343,908.36,433.82,19.02,50.61,0.6817,1,-1,-1
1131,321,862.41,435.35,20.92,46.69,0.6011,1,-1,-1
1131,337,885.15,550.97,26.90,45.29,0.3961,3,-1,-1
1132,261,768.93,344.26,38.61,22.16,0.4971,4,-1,-1
1132,287,661.12,344.10,45.36,20.98,0.4649,4,-1,-1
1132,303,668.63,388.47,14.25,31.92,0.6142,1,-1,-1
1132,305,1109.51,327.84,48.93,21.27,0.4321,4,-1,-1
1132,296,1771.10,448.18,25.91,56.54,0.6918,1,-1,-1
1132,300,1743.59,438.54,27.39,64.78,0.7017,1,-1,-1
1132,318,975.19,344.76,55.84,24.50,0.5535,4,-1,-1
1132,323,1039.13,343.25,43.99,25.87,0.5574,4,-1,-1
1132,327,821.12,437.35,21.45,50.57,0.6451,1,-1,-1
1132,329,747.90,331.54,38.78,21.08,0.1442,4,-1,-1
1132,332,889.40,542.38,21.81,42.44,0.5205,2,-1,-1
1132,336,786.82,656.33,152.43,68.70,0.6234,4,-1,-1
1132,326,888.82,437.54,19.74,50.84,0.5727,1,-1,-1
1132,338,1105.66,350.17,48.57,19.32,0.4678,4,-1,-1
1132,341,1028.83,448.14,28.74,58.75,0.6968,1,-1,-1
1132,343,909.59,434.23,19.13,50.90,0.6540,1,-1,-1
1132,321,862.04,435.79,20.70,46.44,0.5898,1,-1,-1
1132,337,887.66,550.90,24.43,41.12,0.3460,3,-1,-1
1133,261,767.55,344.19,39.24,22.30,0.4513,4,-1,-1
1133,287,660.84,344.10,46.05,21.22,0.4727,4,-1,-1
1133,303,668.58,388.54,14.60,32.65,0.6379,1,-1,-1
1133,305,1109.08,327.59,49.64,21.57,0.4465,4,-1,-1
1133,296,1771.52,448.84,25.39,55.25,0.6834,1,-1,-1
1133,300,1743.75,438.90,27.28,64.58,0.6834,1,-1,-1
1133,318,975.54,344.41,56.85,25.03,0.5380,4,-1,-1
1133,323,1038.74,342.84,45.04,26.54,0.5784,4,-1,-1
1133,327,821.75,436.75,21.64,51.38,0.6522,1,-1,-1
1133,329,748.28,331.41,38.67,21.14,0.1490,4,-1,-1
1133,332,889.50,543.28,21.82,42.22,0.5117,2,-1,-1
1133,336,787.19,656.37,152.87,68.85,0.5400,4,-1,-1
1133,326,889.75,437.41,19.95,51.26,0.5525,1,-1,-1
1133,338,1105.55,350.22,49.32,19.61,0.4873,4,-1,-1
1133,341,1027.87,447.80,28.47,58.96,0.6834,1,-1,-1
1133,343,910.75,434.81,18.98,50.59,0.6487,1,-1,-1
1133,321,861.17,435.64,21.43,48.31,0.5917,1,-1,-1
1133,337,889.02,551.84,23.14,38.67,0.3268,3,-1,-1
1133,345,1040.56,347.97,49.29,22.09,0.4727,4,-1,-1
1134,261,766.20,344.11,39.89,22.40,0.4340,4,-1,-1
1134,287,660.57,344.11,46.61,21.39,0.4737,4,-1,-1
1134,303,668.49,388.54,14.95,33.46,0.6610,1,-1,-1
1134,305,1108.69,327.24,50.28,21.83,0.4737,4,-1,-1
1134,296,1771.65,449.32,25.24,54.79,0.6817,1,-1,-1
1134,300,1743.68,439.05,27.37,64.83,0.6800,1,-1,-1
1134,318,975.69,344.10,57.53,25.41,0.5516,4,-1,-1
1134,323,1038.41,342.46,46.00,27.20,0.5804,4,-1,-1
1134,327,822.34,436.63,21.46,51.50,0.6935,1,-1,-1
1134,329,748.82,331.40,38.61,21.20,0.1541,4,-1,-1
1134,332,889.47,543.09,22.24,42.96,0.4649,2,-1,-1
1134,336,790.54,655.35,152.28,68.84,0.5429,4,-1,-1
1134,326,890.38,436.94,20.41,52.34,0.5870,1,-1,-1
1134,338,1105.79,349.99,50.09,19.87,0.5020,4,-1,-1
1134,341,1026.84,447.39,28.19,59.12,0.6951,1,-1,-1
1134,343,911.84,434.31,19.29,51.67,0.6215,1,-1,-1
1134,321,860.80,435.53,21.60,49.00,0.6049,1,-1,-1
1134,337,889.47,551.06,23.15,38.62,0.2682,3,-1,-1
1134,345,1046.95,349.42,47.11,21.12,0.2193,4,-1,-1
1135,261,763.04,343.69,41.75,23.01,0.4045,4,-1,-1
1135,287,660.27,343.89,47.76,21.87,0.4513,4,-1,-1
1135,303,668.49,388.57,15.25,34.17,0.6540,1,-1,-1
1135,305,1108.58,327.17,50.36,21.80,0.4980,4,-1,-1
1135,296,1771.46,449.41,25.48,55.22,0.7033,1,-1,-1
1135,300,1743.91,439.31,27.21,64.53,0.6817,1,-1,-1
1135,318,975.75,343.76,58.34,25.88,0.5631,4,-1,-1
1135,323,1038.58,342.44,46.65,27.63,0.5727,4,-1,-1
1135,327,823.15,436.09,21.49,52.08,0.6680,1,-1,-1
1135,329,749.00,331.44,39.50,21.65,0.1618,4,-1,-1
1135,332,889.41,543.26,22.53,43.23,0.4436,2,-1,-1
1135,336,791.10,654.15,153.71,69.81,0.4140,4,-1,-1
1135,326,890.92,437.25,20.30,51.88,0.5917,1,-1,-1
1135,338,1105.64,350.05,50.60,20.05,0.5205,4,-1,-1
1135,341,1025.83,447.66,27.88,58.98,0.6984,1,-1,-1
1135,343,913.05,435.27,19.15,51.34,0.6215,1,-1,-1
1135,321,860.31,435.64,21.57,49.18,0.6415,1,-1,-1
1135,337,888.86,547.73,24.41,41.19,0.1956,3,-1,-1
1135,345,1048.25,349.70,46.96,21.04,0.2101,4,-1,-1
1136,261,759.30,343.16,44.15,23.77,0.4064,4,-1,-1
1136,287,660.04,343.56,48.87,22.31,0.4523,4,-1,-1
1136,303,668.61,388.65,15.48,34.70,0.6397,1,-1,-1
1136,305,1108.56,327.09,50.25,21.69,0.5283,4,-1,-1
1136,296,1771.40,449.31,25.53,55.22,0.7178,1,-1,-1
1136,300,1744.21,439.38,26.98,64.03,0.7082,1,-1,-1
1136,318,975.69,343.42,58.94,26.29,0.5746,4,-1,-1
1136,323,1038.60,342.38,46.85,27.77,0.5400,4,-1,-1
1136,327,823.85,435.51,21.77,53.02,0.6379,1,-1,-1
1136,329,749.49,331.54,40.55,22.09,0.1683,4,-1,-1
1136,332,889.35,543.39,22.92,43.98,0.3794,2,-1,-1
1136,336,789.62,653.36,155.45,70.79,0.3504,4,-1,-1
1136,326,891.43,436.72,20.82,53.05,0.6817,1,-1,-1
1136,338,1105.82,349.79,51.05,20.19,0.5341,4,-1,-1
1136,341,1024.03,447.80,28.01,59.59,0.7364,1,-1,-1
1136,343,914.25,435.79,18.93,50.63,0.6179,1,-1,-1
1136,321,859.52,436.00,21.51,49.25,0.6522,1,-1,-1
1136,337,888.80,547.19,24.53,41.65,0.1801,3,-1,-1
1136,345,1048.92,349.80,47.21,21.12,0.2012,4,-1,-1
1137,261,755.80,342.71,46.56,24.45,0.4083,4,-1,-1
1137,287,659.60,343.12,50.12,22.84,0.4436,4,-1,-1
1137,303,668.67,388.59,15.74,35.28,0.6160,1,-1,-1
1137,305,1108.63,327.16,49.89,21.45,0.5477,4,-1,-1
1137,296,1771.22,448.40,25.85,55.84,0.7225,1,-1,-1
1137,300,1744.38,439.63,26.97,64.09,0.7146,1,-1,-1
1137,318,975.56,343.14,59.40,26.66,0.5804,4,-1,-1
1137,323,1038.69,342.30,46.88,27.79,0.5205,4,-1,-1
1137,327,825.77,433.65,22.95,55.27,0.5419,1,-1,-1
1137,329,749.88,331.64,41.52,22.42,0.1848,4,-1,-1
1137,332,889.17,544.88,22.61,42.88,0.4340,2,-1,-1
1137,336,788.55,652.58,157.47,72.00,0.3442,4,-1,-1
1137,326,892.17,436.36,21.30,53.99,0.6926,1,-1,-1
1137,338,1105.94,349.65,51.32,20.27,0.5516,4,-1,-1
1137,341,1022.27,447.43,28.27,60.85,0.7303,1,-1,-1
1137,343,914.89,436.61,19.09,51.06,0.6225,1,-1,-1
1137,321,859.04,436.68,21.36,49.13,0.6540,1,-1,-1
1137,337,888.50,547.33,24.61,41.90,0.1451,3,-1,-1
1137,345,1048.89,349.70,47.57,21.25,0.2037,4,-1,-1
1138,261,755.14,342.82,47.52,24.47,0.4225,4,-1,-1
1138,287,659.75,343.43,49.57,22.50,0.4292,4,-1,-1
1138,303,668.81,388.72,15.76,35.29,0.5993,1,-1,-1
1138,305,1109.25,327.62,48.75,20.84,0.5438,4,-1,-1
1138,296,1770.99,447.74,26.21,56.58,0.7130,1,-1,-1
1138,300,1744.52,439.28,27.05,64.37,0.7225,1,-1,-1
1138,318,975.74,343.18,59.15,26.68,0.5784,4,-1,-1
1138,323,1039.10,342.29,46.26,27.33,0.4668,4,-1,-1
1138,327,826.73,433.63,23.46,55.92,0.4785,1,-1,-1
1138,329,750.24,331.75,41.62,22.34,0.1968,4,-1,-1
1138,332,888.77,545.20,23.13,43.46,0.3648,2,-1,-1
1138,336,789.67,653.38,154.55,70.63,0.3720,4,-1,-1
1138,326,893.19,436.59,21.50,54.31,0.7001,1,-1,-1
1138,338,1106.34,349.99,50.83,20.02,0.5631,4,-1,-1
1138,341,1020.88,446.87,28.47,61.72,0.7303,1,-1,-1
1138,343,915.63,436.70,19.54,52.27,0.6021,1,-1,-1
1138,321,858.45,436.76,21.43,49.52,0.6469,1,-1,-1
1138,337,888.12,546.55,25.21,42.97,0.1105,3,-1,-1
1138,345,1048.87,350.03,47.18,21.03,0.2018,4,-1,-1
1139,261,755.84,343.02,47.80,24.30,0.4533,4,-1,-1
1139,287,660.38,343.81,49.34,22.28,0.4600,4,-1,-1
1139,303,669.05,388.83,15.56,34.84,0.5823,1,-1,-1
1139,305,1109.34,327.80,48.59,20.66,0.5419,4,-1,-1
1139,296,1770.70,447.36,26.52,57.25,0.7033,1,-1,-1
1139,300,1744.74,439.12,27.16,64.73,0.7272,1,-1,-1
1139,318,975.71,343.11,59.13,26.80,0.5593,4,-1,-1
1139,323,1039.21,342.44,46.11,27.16,0.4475,4,-1,-1
1139,327,827.73,433.80,23.71,56.45,0.5098,1,-1,-1
1139,329,752.06,331.60,42.51,22.43,0.2167,4,-1,-1
1139,332,888.75,546.46,23.30,43.51,0.1048,3,-1,-1
1139,336,789.36,654.44,154.56,70.72,0.5185,4,-1,-1
1139,326,894.57,437.21,21.12,53.49,0.7066,1,-1,-1
1139,338,1106.43,350.13,50.76,19.96,0.5689,4,-1,-1
1139,341,1020.05,446.69,28.75,62.33,0.7287,1,-1,-1
1139,343,917.14,437.08,19.62,52.09,0.5641,1,-1,-1
1139,321,858.27,436.57,21.57,50.27,0.6628,1,-1,-1
1139,337,887.94,546.17,25.00,42.53,0.4863,2,-1,-1
1139,345,1047.70,350.11,47.47,21.06,0.2075,4,-1,-1
1140,261,760.13,343.72,46.03,23.54,0.4883,4,-1,-1
1140,287,660.98,344.19,49.23,22.08,0.4805,4,-1,-1
1140,303,669.13,388.90,15.56,34.92,0.5879,1,-1,-1
1140,305,1109.01,327.92,49.24,20.86,0.5380,4,-1,-1
1140,296,1770.83,447.27,26.54,57.30,0.6951,1,-1,-1
1140,300,1745.03,438.83,27.08,64.62,0.7272,1,-1,-1
1140,318,975.63,342.95,59.37,27.04,0.5496,4,-1,-1
1140,323,1038.80,341.87,47.10,27.81,0.4873,4,-1,-1
1140,327,828.27,434.18,23.58,56.31,0.4961,1,-1,-1
1140,329,751.16,331.81,41.75,21.96,0.2220,4,-1,-1
1140,332,888.82,549.49,22.96,42.44,0.1316,1,-1,-1
1140,336,792.18,656.32,150.73,68.99,0.5689,4,-1,-1
1140,326,895.64,437.31,21.24,53.85,0.6968,1,-1,-1
1140,338,1106.41,350.20,50.81,19.95,0.5708,4,-1,-1
1140,341,1018.92,446.37,28.80,62.76,0.6885,1,-1,-1
1140,343,918.27,436.64,19.96,52.52,0.5020,1,-1,-1
1140,321,858.55,436.43,20.23,47.59,0.5879,1,-1,-1
1140,337,888.19,546.95,24.27,41.12,0.4922,2,-1,-1
1140,345,1046.17,349.78,48.61,21.48,0.2006,4,-1,-1
1141,261,758.74,343.85,46.40,23.56,0.4649,4,-1,-1
1141,287,660.69,343.04,50.44,22.58,0.4282,4,-1,-1
1141,303,669.12,389.06,15.81,35.66,0.5727,1,-1,-1
1141,305,1109.11,328.27,47.92,20.19,0.4737,4,-1,-1
1141,296,1770.47,447.32,26.74,58.07,0.6843,1,-1,-1
1141,300,1745.24,438.24,27.09,64.76,0.6868,1,-1,-1
1141,318,976.11,343.32,58.64,26.75,0.5458,4,-1,-1
1141,323,1038.64,342.44,46.41,27.38,0.5946,4,-1,-1
1141,327,828.48,433.32,24.22,58.10,0.4102,1,-1,-1
1141,329,753.45,331.03,42.17,21.77,0.2561,4,-1,-1
1141,332,888.30,549.32,23.76,43.81,0.1200,1,-1,-1
1141,336,794.01,658.09,147.56,67.37,0.3585,4,-1,-1
1141,326,896.04,437.61,21.28,53.94,0.7130,1,-1,-1
1141,338,1106.60,350.19,50.78,19.95,0.5631,4,-1,-1
1141,341,1017.83,445.64,29.19,63.91,0.6628,1,-1,-1
1141,343,920.39,436.44,20.23,52.09,0.5593,1,-1,-1
1141,321,857.52,436.13,20.50,48.66,0.5842,1,-1,-1
1141,337,887.71,546.60,24.85,42.31,0.4455,2,-1,-1
1141,345,1044.38,349.27,49.45,21.69,0.1582,4,-1,-1
1142,261,756.93,343.61,47.58,23.93,0.4397,4,-1,-1
1142,287,660.80,342.39,51.59,23.02,0.4121,4,-1,-1
1142,303,669.33,389.39,15.82,35.83,0.5506,1,-1,-1
1142,305,1109.14,328.38,47.73,20.03,0.4883,4,-1,-1
1142,296,1770.43,447.25,26.65,58.11,0.6809,1,-1,-1
1142,300,1745.53,437.77,27.09,64.83,0.6935,1,-1,-1
1142,318,976.07,343.37,58.61,26.78,0.5322,4,-1,-1
1142,323,1038.35,342.64,46.40,27.38,0.5851,4,-1,-1
1142,327,828.83,433.15,24.42,58.31,0.3803,1,-1,-1
1142,329,754.22,330.70,43.83,22.21,0.2613,4,-1,-1
1142,332,887.92,549.04,24.29,44.63,0.1334,1,-1,-1
1142,336,794.45,658.37,147.06,67.08,0.2613,4,-1,-1
1142,326,896.48,437.48,21.78,54.78,0.7194,1,-1,-1
1142,338,1106.65,350.09,51.02,20.06,0.5574,4,-1,-1
1142,341,1016.58,445.77,29.43,64.23,0.6680,1,-1,-1
1142,343,921.47,435.52,21.23,53.81,0.6215,1,-1,-1
1142,321,855.78,435.29,21.64,51.27,0.6343,1,-1,-1
1142,337,887.46,546.83,25.13,42.83,0.4340,2,-1,-1
1142,345,1043.83,349.05,50.33,21.91,0.1556,4,-1,-1
1143,261,753.82,343.35,49.43,24.44,0.4369,4,-1,-1
1143,287,660.80,342.22,52.04,23.17,0.4064,4,-1,-1
1143,303,669.56,389.62,15.98,36.25,0.5176,1,-1,-1
1143,305,1109.47,328.52,47.21,19.72,0.4873,4,-1,-1
1143,296,1770.68,446.63,26.77,58.30,0.6851,1,-1,-1
1143,300,1745.99,437.38,26.97,64.56,0.7033,1,-1,-1
1143,318,976.37,343.80,57.73,26.38,0.5283,4,-1,-1
1143,323,1038.50,342.93,45.99,27.10,0.5448,4,-1,-1
1143,327,829.14,430.98,25.23,60.32,0.3657,1,-1,-1
1143,329,754.41,330.60,44.72,22.28,0.2606,4,-1,-1
1143,332,887.82,548.96,24.55,44.89,0.1196,1,-1,-1
1143,326,897.10,437.39,22.05,54.89,0.7272,1,-1,-1
1143,338,1106.78,350.12,50.98,20.07,0.5554,4,-1,-1
1143,341,1015.71,446.24,29.43,63.95,0.6610,1,-1,-1
1143,343,922.58,435.05,21.93,54.58,0.6540,1,-1,-1
1143,321,854.81,435.14,21.85,51.75,0.6680,1,-1,-1
1143,337,887.44,547.28,25.18,42.90,0.3757,2,-1,-1
1143,345,1044.35,349.42,49.80,21.52,0.1505,4,-1,-1
1144,261,752.89,343.25,50.47,24.63,0.4513,4,-1,-1
1144,287,660.66,342.30,52.08,23.14,0.3989,4,-1,-1
1144,303,669.92,389.92,16.07,36.58,0.4902,1,-1,-1
1144,305,1109.38,328.50,47.61,19.83,0.5010,4,-1,-1
1144,296,1770.88,446.36,26.91,58.48,0.6868,1,-1,-1
1144,300,1746.36,437.09,26.91,64.46,0.7098,1,-1,-1
1144,318,975.92,344.06,57.16,26.08,0.5341,4,-1,-1
1144,323,1038.34,342.83,46.29,27.28,0.5361,4,-1,-1
1144,327,829.41,430.36,25.52,60.98,0.3251,1,-1,-1
1144,329,754.35,330.55,45.03,22.08,0.2728,4,-1,-1
1144,332,887.54,549.28,24.85,45.21,0.1140,1,-1,-1
1144,326,897.40,437.53,22.41,55.13,0.7210,1,-1,-1
1144,338,1106.93,350.16,50.80,20.01,0.5516,4,-1,-1
1144,341,1015.22,446.85,28.96,62.50,0.6451,1,-1,-1
1144,343,923.80,434.71,22.55,54.84,0.6868,1,-1,-1
1144,321,854.23,435.08,21.90,51.75,0.6451,1,-1,-1
1144,337,887.46,547.99,25.15,42.82,0.3558,2,-1,-1
1144,345,1045.19,349.68,49.92,21.47,0.1577,4,-1,-1
1145,261,753.04,343.32,50.80,24.54,0.4668,4,-1,-1
1145,287,660.62,342.50,51.84,22.97,0.4140,4,-1,-1
1145,303,670.49,390.21,16.08,36.71,0.4776,1,-1,-1
1145,305,1109.77,328.51,47.24,19.60,0.5088,4,-1,-1
1145,296,1771.21,446.28,27.00,58.55,0.6868,1,-1,-1
1145,300,1746.60,436.86,26.89,64.49,0.7225,1,-1,-1
1145,318,975.82,344.55,56.14,25.57,0.5477,4,-1,-1
1145,323,1038.66,342.97,45.81,26.97,0.4990,4,-1,-1
1145,327,829.19,430.14,25.66,61.23,0.2830,1,-1,-1
1145,329,754.03,330.60,44.56,21.53,0.2659,4,-1,-1
1145,326,897.19,437.69,22.60,55.08,0.7334,1,-1,-1
1145,338,1107.10,350.25,50.67,19.98,0.5631,4,-1,-1
1145,341,1014.65,447.23,28.31,60.80,0.6379,1,-1,-1
1145,343,924.91,435.84,22.62,53.65,0.7409,1,-1,-1
1145,321,853.85,435.12,21.78,51.14,0.6433,1,-1,-1
1145,345,1045.43,349.96,49.56,21.26,0.1495,4,-1,-1
1146,261,753.33,343.38,51.01,24.44,0.4795,4,-1,-1
1146,287,660.65,342.62,51.74,22.87,0.4102,4,-1,-1
1146,303,671.28,390.29,16.12,36.67,0.4688,1,-1,-1
1146,305,1109.41,328.44,47.67,19.72,0.5098,4,-1,-1
1146,296,1771.44,446.34,27.07,58.55,0.6935,1,-1,-1
1146,300,1746.61,436.79,27.08,65.03,0.7272,1,-1,-1
1146,318,975.83,344.80,55.75,25.34,0.5574,4,-1,-1
1146,323,1038.67,343.03,45.90,27.00,0.5332,4,-1,-1
1146,327,830.15,430.69,25.07,59.64,0.1801,1,-1,-1
1146,329,753.45,330.62,44.70,21.37,0.2689,4,-1,-1
1146,326,897.42,438.74,22.71,54.79,0.7349,1,-1,-1
1146,338,1107.11,350.26,50.75,20.03,0.5612,4,-1,-1
1146,341,1013.41,447.66,27.30,58.48,0.1530,2,-1,-1
1146,343,925.82,436.83,22.62,52.62,0.7194,1,-1,-1
1146,321,853.57,435.16,21.95,51.24,0.6415,1,-1,-1
1146,345,1045.25,349.87,50.11,21.43,0.1645,4,-1,-1
1147,261,753.24,343.41,51.41,24.45,0.4883,4,-1,-1
1147,287,660.64,342.67,51.74,22.81,0.4158,4,-1,-1
1147,303,671.81,390.13,16.24,36.73,0.4893,1,-1,-1
1147,305,1109.06,328.38,48.26,19.92,0.5078,4,-1,-1
1147,296,1771.53,446.81,26.80,57.89,0.6951,1,-1,-1
1147,300,1746.67,436.81,27.13,65.20,0.7334,1,-1,-1
1147,318,975.78,344.98,55.56,25.21,0.5689,4,-1,-1
1147,323,1038.55,342.89,46.14,27.15,0.5380,4,-1,-1
1147,327,831.44,431.14,24.70,58.90,0.1209,1,-1,-1
1147,329,753.16,330.70,44.89,21.25,0.2705,4,-1,-1
1147,326,897.58,439.81,22.65,54.10,0.7272,1,-1,-1
1147,338,1107.06,350.20,50.98,20.13,0.5535,4,-1,-1
1147,341,1012.37,447.55,26.51,56.64,0.2516,1,-1,-1
1147,343,925.94,437.91,22.68,51.93,0.7225,1,-1,-1
1147,321,853.29,434.99,22.34,51.94,0.6505,1,-1,-1
1147,345,1044.90,349.65,50.80,21.67,0.1530,4,-1,-1
1148,261,753.67,343.51,51.48,24.35,0.4971,4,-1,-1
1148,287,660.69,342.79,51.49,22.64,0.4130,4,-1,-1
1148,303,672.11,390.06,16.26,36.60,0.5107,1,-1,-1
1148,305,1109.46,328.47,47.48,19.52,0.5039,4,-1,-1
1148,296,1771.94,446.96,26.69,57.52,0.6834,1,-1,-1
1148,300,1746.81,436.94,27.04,64.99,0.7256,1,-1,-1
1148,318,975.82,345.23,55.16,24.98,0.5784,4,-1,-1
1148,323,1038.72,343.16,45.74,26.88,0.5516,4,-1,-1
1148,329,752.78,330.77,44.82,21.06,0.2751,4,-1,-1
1148,326,898.08,440.86,22.45,53.09,0.6628,1,-1,-1
1148,338,1107.36,350.35,50.70,20.03,0.5689,4,-1,-1
1148,341,1011.18,448.03,25.51,53.92,0.2598,2,-1,-1
1148,343,925.92,438.43,22.71,51.64,0.7256,1,-1,-1
1148,321,853.29,435.11,22.43,51.95,0.6067,1,-1,-1
1148,345,1044.74,349.88,50.35,21.40,0.1629,4,-1,-1
1149,261,754.04,343.67,51.36,24.16,0.5039,4,-1,-1
1149,287,660.72,342.94,51.03,22.39,0.4111,4,-1,-1
1149,303,672.21,389.83,16.35,36.66,0.5146,1,-1,-1
1149,305,1109.53,328.48,47.20,19.32,0.5068,4,-1,-1
1149,296,1772.84,446.49,26.77,57.57,0.6749,1,-1,-1
1149,300,1746.96,437.12,26.85,64.50,0.7210,1,-1,-1
1149,318,975.77,345.30,55.15,24.93,0.5879,4,-1,-1
1149,323,1038.74,343.22,45.75,26.85,0.5622,4,-1,-1
1149,329,752.61,330.82,44.60,20.81,0.2830,4,-1,-1
1149,326,898.72,441.49,22.52,52.54,0.6610,1,-1,-1
1149,338,1107.49,350.39,50.69,20.02,0.5727,4,-1,-1
1149,341,1009.89,447.44,26.30,55.85,0.3225,1,-1,-1
1149,343,926.84,437.99,23.08,52.61,0.7162,1,-1,-1
1149,321,853.04,435.12,22.71,52.40,0.6011,1,-1,-1
1149,345,1044.52,349.89,50.51,21.36,0.1624,4,-1,-1
1150,261,753.10,343.41,52.80,24.74,0.4824,4,-1,-1
1150,287,660.34,342.65,51.99,22.81,0.3951,4,-1,-1
1150,303,672.29,389.01,16.68,37.36,0.5746,1,-1,-1
1150,305,1108.64,328.38,48.30,19.73,0.5477,4,-1,-1
1150,296,1773.34,446.10,27.00,57.95,0.6851,1,-1,-1
1150,300,1747.18,437.52,26.56,63.65,0.7098,1,-1,-1
1150,318,975.65,345.08,55.70,25.15,0.5727,4,-1,-1
1150,323,1038.32,342.83,46.50,27.33,0.5516,4,-1,-1
1150,329,751.47,331.08,46.40,21.65,0.2502,4,-1,-1
1150,326,898.96,441.90,22.94,52.64,0.5860,1,-1,-1
1150,338,1107.06,350.43,51.31,20.27,0.5651,4,-1,-1
1150,341,1007.89,445.66,27.74,58.95,0.4552,1,-1,-1
1150,343,928.18,440.01,22.35,51.03,0.6540,1,-1,-1
1150,321,853.04,435.39,22.59,51.85,0.6105,1,-1,-1
1150,345,1043.73,348.88,52.72,22.38,0.1298,4,-1,-1
1151,261,752.51,343.19,53.84,25.13,0.4737,4,-1,-1
1151,287,660.26,342.94,52.15,22.88,0.3942,4,-1,-1
1151,303,672.38,388.01,17.04,38.24,0.6030,1,-1,-1
1151,305,1108.77,328.51,47.70,19.44,0.5380,4,-1,-1
1151,296,1773.69,445.84,27.11,58.11,0.6918,1,-1,-1
1151,300,1747.45,438.61,26.03,62.15,0.7098,1,-1,-1
1151,318,975.34,346.00,53.62,24.20,0.5804,4,-1,-1
1151,323,1038.66,342.88,45.96,27.00,0.4678,4,-1,-1
1151,329,750.93,331.29,46.87,21.88,0.2268,4,-1,-1
1151,326,899.11,442.36,23.33,52.82,0.6123,1,-1,-1
1151,338,1107.28,350.83,50.35,19.88,0.5651,4,-1,-1
1151,341,1009.15,446.39,23.34,48.78,0.1830,2,-1,-1
1151,343,929.11,441.30,22.11,50.32,0.6487,1,-1,-1
1151,321,852.67,436.03,22.74,51.73,0.6142,1,-1,-1
1151,345,1044.77,348.80,52.14,22.29,0.1132,4,-1,-1
1152,261,750.12,342.56,56.17,26.11,0.4168,4,-1,-1
1152,287,660.01,342.49,53.57,23.53,0.4397,4,-1,-1
1152,303,672.37,387.38,17.52,39.50,0.6234,1,-1,-1
1152,305,1109.42,328.87,46.57,18.90,0.4815,4,-1,-1
1152,296,1774.00,445.88,27.18,58.18,0.6918,1,-1,-1
1152,300,1747.53,439.44,25.65,60.99,0.7082,1,-1,-1
1152,318,975.93,346.19,53.09,23.97,0.5765,4,-1,-1
1152,323,1041.23,344.49,43.07,25.13,0.2644,4,-1,-1
1152,329,750.57,331.23,48.86,22.85,0.2193,4,-1,-1
1152,326,899.15,442.47,23.74,53.14,0.6397,1,-1,-1
1152,338,1107.54,351.64,49.03,19.31,0.5477,4,-1,-1
1152,341,1008.61,446.49,21.73,45.20,0.1877,2,-1,-1
1152,343,929.69,441.42,22.44,51.22,0.6197,1,-1,-1
1152,321,852.44,437.17,22.78,51.53,0.6142,1,-1,-1
1152,345,1048.57,349.96,48.90,21.12,0.1408,4,-1,-1
1152,346,948.17,381.94,81.74,30.25,0.5029,4,-1,-1
1153,261,750.47,342.82,56.12,25.95,0.4036,4,-1,-1
1153,287,659.86,342.09,54.40,23.96,0.4340,4,-1,-1
1153,303,672.46,386.91,17.83,40.46,0.6179,1,-1,-1
1153,305,1109.97,329.05,45.29,18.27,0.4513,4,-1,-1
1153,296,1774.34,445.98,27.13,58.08,0.6968,1,-1,-1
1153,300,1747.45,440.08,25.44,60.37,0.7033,1,-1,-1
1153,318,978.43,345.80,53.79,24.28,0.5936,4,-1,-1
1153,323,1047.00,344.20,34.36,19.36,0.2069,4,-1,-1
1153,329,750.41,331.56,47.89,22.42,0.2207,4,-1,-1
1153,326,900.41,441.68,24.17,54.42,0.7162,1,-1,-1
1153,338,1108.27,352.43,47.78,18.73,0.5419,4,-1,-1
1153,341,1005.72,446.18,25.99,55.27,0.4980,1,-1,-1
1153,343,930.29,442.13,22.42,51.21,0.5746,1,-1,-1
1153,321,851.87,437.70,23.43,52.77,0.6086,1,-1,-1
1153,345,1048.38,350.45,45.90,20.24,0.3942,4,-1,-1
1153,346,949.10,381.37,79.80,29.52,0.5689,4,-1,-1
1154,261,748.91,342.76,57.92,26.60,0.4225,4,-1,-1
1154,287,656.80,340.71,56.25,25.12,0.3675,4,-1,-1
1154,303,672.72,386.65,17.84,40.77,0.6142,1,-1,-1
1154,305,1107.58,329.31,47.46,19.18,0.4054,4,-1,-1
1154,296,1774.56,446.28,27.27,58.51,0.7017,1,-1,-1
1154,300,1747.25,441.06,25.39,60.16,0.6885,1,-1,-1
1154,318,978.62,345.26,55.15,24.93,0.5554,4,-1,-1
1154,323,1038.57,344.09,42.78,24.42,0.2241,4,-1,-1
1154,329,750.77,331.80,48.84,22.81,0.2006,4,-1,-1
1154,326,901.62,441.81,24.60,55.68,0.6868,1,-1,-1
1154,338,1107.34,352.52,48.50,18.96,0.5224,4,-1,-1
1154,341,1006.87,447.57,22.13,47.11,0.4523,1,-1,-1
1154,343,930.91,442.67,22.57,51.42,0.6325,1,-1,-1
1154,321,851.83,438.58,23.84,53.78,0.6469,1,-1,-1
1154,345,1044.78,349.89,47.11,20.96,0.2798,4,-1,-1
1154,346,944.94,381.02,87.72,32.54,0.4873,4,-1,-1
1155,261,748.29,343.37,58.27,26.58,0.4600,4,-1,-1
1155,287,654.20,337.37,64.93,29.57,0.1116,4,-1,-1
1155,303,672.80,386.56,17.81,40.98,0.6086,1,-1,-1
1155,305,1106.48,329.95,47.03,19.03,0.4282,4,-1,-1
1155,296,1774.50,446.74,27.50,59.01,0.7082,1,-1,-1
1155,300,1747.08,441.29,25.50,60.40,0.6968,1,-1,-1
1155,318,978.70,345.56,55.10,24.86,0.6086,4,-1,-1
1155,323,1037.99,345.26,44.14,25.25,0.3460,4,-1,-1
1155,329,750.54,331.82,50.20,23.40,0.2351,4,-1,-1
1155,326,902.64,442.30,24.86,56.63,0.6663,1,-1,-1
1155,338,1105.81,352.01,50.08,19.62,0.5651,4,-1,-1
1155,341,1007.13,448.81,19.37,40.98,0.5000,1,-1,-1
1155,343,931.76,443.40,22.73,51.77,0.6049,1,-1,-1
1155,321,850.95,439.30,24.28,54.61,0.5898,1,-1,-1
1155,345,1049.36,350.30,47.05,21.00,0.1541,4,-1,-1
1155,346,945.03,381.26,88.55,32.97,0.5049,4,-1,-1
1155,336,788.25,664.14,156.71,72.41,0.5813,4,-1,-1
1156,261,749.87,343.52,58.04,26.43,0.4552,4,-1,-1
1156,287,655.96,339.73,64.00,29.53,0.1056,4,-1,-1
1156,303,673.05,386.88,17.30,40.10,0.6234,1,-1,-1
1156,305,1105.08,330.21,46.68,19.08,0.4824,4,-1,-1
1156,296,1774.50,447.64,27.24,58.53,0.7114,1,-1,-1
1156,300,1747.00,441.79,25.46,60.28,0.6984,1,-1,-1
1156,318,979.14,346.06,55.23,24.72,0.5516,4,-1,-1
1156,323,1036.96,344.26,46.42,26.76,0.3840,4,-1,-1
1156,329,748.66,332.77,50.39,23.63,0.1895,4,-1,-1
1156,326,903.50,444.85,24.39,55.82,0.6540,1,-1,-1
1156,338,1106.20,352.50,49.65,19.39,0.5059,4,-1,-1
1156,341,1006.17,449.80,18.59,39.12,0.5487,1,-1,-1
1156,343,932.59,443.05,23.53,53.77,0.6049,1,-1,-1
1156,321,850.30,438.89,24.71,55.79,0.6142,1,-1,-1
1156,345,1051.82,351.12,46.26,20.84,0.1120,4,-1,-1
1156,346,945.24,382.21,91.27,34.26,0.5708,4,-1,-1
1156,336,788.50,664.48,154.88,72.28,0.5784,4,-1,-1
1157,261,749.59,343.22,58.87,26.85,0.4417,4,-1,-1
1157,287,651.12,337.89,65.08,30.39,0.1755,4,-1,-1
1157,303,672.91,387.13,17.51,40.79,0.6123,1,-1,-1
1157,305,1105.87,330.90,45.71,18.72,0.4397,4,-1,-1
1157,296,1774.36,448.61,27.17,58.46,0.7001,1,-1,-1
1157,300,1746.62,442.09,25.82,61.27,0.6893,1,-1,-1
1157,318,978.18,347.21,54.30,24.22,0.5438,4,-1,-1
1157,323,1036.36,344.14,47.38,27.55,0.3337,4,-1,-1
1157,329,748.30,332.97,50.42,23.76,0.2024,4,-1,-1
1157,326,905.21,447.49,23.55,54.10,0.6628,1,-1,-1
1157,338,1106.29,353.01,49.43,19.28,0.4815,4,-1,-1
1157,341,1005.71,450.85,18.48,39.06,0.6505,1,-1,-1
1157,343,933.70,444.92,23.21,53.10,0.5487,1,-1,-1
1157,321,850.73,439.19,24.21,55.12,0.5593,1,-1,-1
1157,345,1053.20,351.79,45.78,20.71,0.1334,4,-1,-1
1157,346,947.02,384.47,90.34,34.23,0.5263,4,-1,-1
1157,336,790.05,667.86,151.80,71.10,0.5708,4,-1,-1
1157,347,1029.48,448.78,20.99,37.03,0.5708,1,-1,-1
1157,348,725.11,346.45,49.75,32.88,0.5234,4,-1,-1
1158,261,750.99,343.97,57.59,26.17,0.4707,4,-1,-1
1158,287,648.30,336.23,66.30,31.39,0.1582,4,-1,-1
1158,303,672.87,387.59,17.53,40.95,0.6105,1,-1,-1
1158,305,1105.52,331.92,45.98,18.87,0.4630,4,-1,-1
1158,296,1774.25,448.92,27.33,58.93,0.7017,1,-1,-1
1158,300,1746.34,442.32,25.97,61.78,0.7090,1,-1,-1
1158,318,977.91,347.87,54.03,24.00,0.5708,4,-1,-1
1158,323,1038.72,346.71,44.96,25.96,0.3585,4,-1,-1
1158,329,748.71,332.82,49.15,23.18,0.2316,4,-1,-1
1158,326,906.77,449.75,22.89,52.76,0.6540,1,-1,-1
1158,338,1106.04,353.23,49.60,19.38,0.4678,4,-1,-1
1158,341,1004.32,451.80,18.39,39.03,0.6415,1,-1,-1
1158,343,934.52,445.64,23.36,53.61,0.5955,1,-1,-1
1158,321,851.92,439.77,23.14,53.45,0.5708,1,-1,-1
1158,345,1051.07,351.90,46.56,20.94,0.1535,4,-1,-1
1158,346,952.71,386.78,81.63,31.04,0.3478,4,-1,-1
1158,336,790.67,670.22,149.48,70.03,0.6406,4,-1,-1
1158,347,1027.40,448.25,21.31,37.71,0.5765,1,-1,-1
1158,348,725.51,347.13,49.52,32.70,0.4844,4,-1,-1
1158,349,1138.66,499.56,87.43,51.82,0.5603,3,-1,-1
1159,261,748.11,342.82,60.28,27.37,0.5078,4,-1,-1
1159,287,647.49,335.11,67.49,32.42,0.1790,4,-1,-1
1159,303,672.94,388.03,17.58,41.03,0.6343,1,-1,-1
1159,305,1103.83,331.66,49.16,20.37,0.4834,4,-1,-1
1159,296,1774.10,448.78,27.67,59.72,0.7066,1,-1,-1
1159,300,1746.27,442.61,26.07,62.16,0.7264,1,-1,-1
1159,318,977.64,347.82,54.97,24.30,0.5708,4,-1,-1
1159,323,1038.92,347.47,45.05,25.95,0.4216,4,-1,-1
1159,329,749.04,332.70,49.77,23.43,0.1672,4,-1,-1
1159,326,908.14,451.58,22.57,52.34,0.6749,1,-1,-1
1159,338,1104.18,352.57,52.79,20.76,0.3748,4,-1,-1
1159,341,1002.50,452.85,18.67,39.63,0.5746,1,-1,-1
1159,343,935.57,447.51,23.04,53.01,0.6307,1,-1,-1
1159,321,851.76,440.34,23.03,53.86,0.5823,1,-1,-1
1159,345,1047.77,351.12,49.79,22.14,0.1551,4,-1,-1
1159,346,955.31,387.20,78.27,29.90,0.2991,4,-1,-1
1159,336,779.74,671.41,157.43,73.22,0.6114,4,-1,-1
1159,347,1024.43,449.06,22.10,39.33,0.5746,1,-1,-1
1159,348,725.37,347.54,49.80,32.84,0.4340,4,-1,-1
1159,349,1140.22,502.40,85.32,50.41,0.4766,3,-1,-1
1160,261,747.11,342.42,61.67,27.86,0.5185,4,-1,-1
1160,287,645.13,335.09,66.26,32.17,0.2323,4,-1,-1
1160,303,672.67,387.98,17.96,41.91,0.6379,1,-1,-1
1160,305,1103.11,332.03,49.58,20.72,0.4321,4,-1,-1
1160,296,1774.21,449.18,27.61,59.64,0.7130,1,-1,-1
1160,300,1746.27,442.92,26.11,62.37,0.7233,1,-1,-1
1160,318,977.86,347.96,55.30,24.36,0.5574,4,-1,-1
1160,323,1039.61,348.47,44.27,25.35,0.4036,4,-1,-1
1160,329,751.11,332.12,52.93,24.57,0.2012,4,-1,-1
1160,326,909.29,453.33,22.32,51.97,0.6876,1,-1,-1
1160,338,1103.28,352.77,52.81,20.86,0.3320,4,-1,-1
1160,341,1001.13,453.93,18.96,40.21,0.6030,1,-1,-1
1160,343,936.39,448.65,22.92,52.80,0.6160,1,-1,-1
1160,321,851.34,440.87,23.51,55.70,0.5936,1,-1,-1
1160,345,1047.65,351.08,51.04,22.32,0.1907,4,-1,-1
1160,346,954.50,388.14,78.84,30.23,0.1592,4,-1,-1
1160,336,775.03,672.80,162.17,75.21,0.5273,4,-1,-1
1160,347,1022.17,449.65,22.10,39.66,0.6270,1,-1,-1
1160,348,724.92,348.39,49.39,32.51,0.4941,4,-1,-1
1160,349,1141.17,501.64,90.52,53.36,0.3174,3,-1,-1
1161,261,746.33,341.98,63.17,28.46,0.5205,4,-1,-1
1161,287,644.24,334.99,66.27,32.50,0.2254,4,-1,-1
1161,303,672.28,388.13,18.17,42.38,0.6325,1,-1,-1
1161,305,1103.86,332.24,47.65,20.02,0.4102,4,-1,-1
1161,296,1774.27,450.08,27.08,58.79,0.6951,1,-1,-1
1161,300,1746.22,442.87,26.19,62.79,0.7154,1,-1,-1
1161,318,977.56,348.35,55.15,24.20,0.6049,4,-1,-1
1161,323,1040.76,349.68,42.71,24.26,0.4717,4,-1,-1
1161,329,749.54,332.70,51.04,23.73,0.1140,4,-1,-1
1161,326,909.77,452.58,22.96,53.57,0.6984,1,-1,-1
1161,338,1103.07,352.61,52.16,20.80,0.2814,4,-1,-1
1161,341,1000.08,453.34,19.94,42.26,0.6732,1,-1,-1
1161,343,936.98,448.35,23.23,53.37,0.6252,1,-1,-1
1161,321,851.26,441.51,23.77,57.48,0.5631,1,-1,-1
1161,346,952.61,388.26,82.42,31.87,0.2415,4,-1,-1
1161,336,767.59,674.09,169.51,78.42,0.4649,4,-1,-1
1161,347,1019.36,450.56,23.09,41.87,0.6487,1,-1,-1
1161,348,725.11,349.18,48.99,32.18,0.5477,4,-1,-1
1161,349,1157.26,506.05,84.96,50.37,0.4552,3,-1,-1
1162,261,747.15,342.79,62.18,27.89,0.4523,4,-1,-1
1162,287,645.08,335.84,64.84,31.99,0.2220,4,-1,-1
1162,303,672.34,388.82,18.41,42.72,0.6179,1,-1,-1
1162,305,1104.61,332.57,46.28,19.50,0.4292,4,-1,-1
1162,296,1774.14,451.25,26.79,58.31,0.7146,1,-1,-1
1162,300,1746.08,442.77,26.44,63.48,0.7387,1,-1,-1
1162,318,977.16,349.08,54.09,23.63,0.6067,4,-1,-1
1162,323,1041.57,350.59,42.16,23.78,0.4678,4,-1,-1
1162,329,746.02,335.37,55.85,26.17,0.2628,4,-1,-1
1162,326,911.01,453.26,22.90,53.44,0.5458,1,-1,-1
1162,338,1103.40,353.51,49.70,19.95,0.3251,4,-1,-1
1162,341,999.14,453.57,20.39,43.14,0.6575,1,-1,-1
1162,343,937.65,449.12,23.38,53.62,0.5651,1,-1,-1
1162,321,851.47,441.85,23.24,57.32,0.5651,1,-1,-1
1162,346,951.68,390.01,84.28,32.88,0.2227,4,-1,-1
1162,336,766.43,674.59,169.72,78.13,0.5137,4,-1,-1
1162,347,1017.79,451.85,23.06,42.22,0.6558,1,-1,-1
1162,348,725.72,350.47,47.57,31.09,0.5293,4,-1,-1
1162,349,1164.22,505.53,83.76,49.92,0.5254,3,-1,-1
1163,261,749.40,344.41,59.41,26.57,0.4273,4,-1,-1
1163,287,643.93,336.18,62.75,31.26,0.1907,4,-1,-1
1163,303,672.21,389.30,18.52,42.70,0.6361,1,-1,-1
1163,305,1105.10,332.84,45.28,19.09,0.4007,4,-1,-1
1163,296,1774.33,452.41,26.55,57.68,0.7210,1,-1,-1
1163,300,1746.25,442.67,26.37,63.30,0.7409,1,-1,-1
1163,318,977.81,349.81,52.81,22.99,0.5708,4,-1,-1
1163,323,1041.94,351.33,41.74,23.38,0.4340,4,-1,-1
1163,329,746.53,336.18,52.36,24.47,0.2636,4,-1,-1
1163,326,912.64,454.20,22.52,52.69,0.5699,1,-1,-1
1163,338,1103.46,354.08,48.75,19.67,0.3174,4,-1,-1
1163,341,997.79,454.39,21.03,44.42,0.7001,1,-1,-1
1163,343,939.22,450.41,23.27,53.52,0.5506,1,-1,-1
1163,321,851.42,441.99,23.18,58.50,0.5000,1,-1,-1
1163,346,951.46,390.61,85.35,33.67,0.2465,4,-1,-1
1163,336,761.89,674.41,175.37,80.69,0.4873,4,-1,-1
1163,347,1015.22,453.49,23.55,43.50,0.6968,1,-1,-1
1163,348,726.16,351.52,46.63,30.27,0.5166,4,-1,-1
1163,349,1173.08,510.40,77.61,46.28,0.5137,3,-1,-1
1163,351,1211.31,351.19,52.14,22.02,0.5516,4,-1,-1
1164,261,750.68,345.69,57.12,25.22,0.4130,4,-1,-1
1164,287,644.78,336.79,59.88,29.95,0.1807,4,-1,-1
1164,303,672.20,389.52,18.51,42.32,0.6379,1,-1,-1
1164,305,1105.79,333.12,43.54,18.29,0.3630,4,-1,-1
1164,296,1774.53,453.58,26.21,56.85,0.7241,1,-1,-1
1164,300,1746.36,443.32,26.15,62.73,0.7498,1,-1,-1
1164,318,978.91,350.71,51.20,22.18,0.5727,4,-1,-1
1164,323,1042.47,351.76,41.54,23.11,0.4158,4,-1,-1
1164,329,748.12,336.39,47.71,22.06,0.3065,4,-1,-1
1164,326,912.88,454.36,22.85,53.84,0.5983,1,-1,-1
1164,338,1103.11,354.11,48.60,19.67,0.3702,4,-1,-1
1164,341,996.77,454.71,21.82,45.61,0.6593,1,-1,-1
1164,343,940.46,450.73,23.65,54.85,0.6522,1,-1,-1
1164,321,851.27,442.01,22.97,59.10,0.4168,1,-1,-1
1164,346,952.24,391.13,85.05,33.98,0.2487,4,-1,-1
1164,336,764.37,675.38,170.42,77.89,0.5603,4,-1,-1
1164,347,1012.18,454.38,23.81,44.42,0.4922,1,-1,-1
1164,348,725.03,351.75,47.23,30.57,0.5516,4,-1,-1
1164,349,1173.25,506.58,84.53,51.02,0.3998,3,-1,-1
1164,351,1211.99,351.31,50.81,21.45,0.5574,4,-1,-1
1164,327,840.40,442.79,26.38,65.25,0.5254,1,-1,-1
1165,261,748.10,345.65,58.76,26.02,0.3311,4,-1,-1
1165,287,643.29,336.46,60.52,30.59,0.2268,4,-1,-1
1165,303,671.93,389.65,18.82,42.69,0.6343,1,-1,-1
1165,305,1106.35,333.33,42.65,17.85,0.3363,4,-1,-1
1165,296,1774.38,454.06,26.07,56.30,0.7162,1,-1,-1
1165,300,1746.12,444.25,26.03,62.39,0.7387,1,-1,-1
1165,318,980.67,350.87,51.06,22.15,0.5898,4,-1,-1
1165,323,1043.08,352.04,40.91,22.65,0.3585,4,-1,-1
1165,329,747.92,336.64,44.87,20.62,0.3425,4,-1,-1
1165,326,913.24,454.78,22.53,53.43,0.5000,1,-1,-1
1165,338,1102.49,354.25,48.93,19.89,0.3849,4,-1,-1
1165,341,995.41,455.48,22.03,45.84,0.6610,1,-1,-1
1165,343,941.38,451.02,23.84,55.66,0.6663,1,-1,-1
1165,321,849.84,441.77,22.80,59.71,0.2337,1,-1,-1
1165,346,952.66,390.85,85.29,34.56,0.3132,4,-1,-1
1165,336,771.77,675.82,164.58,75.17,0.4756,4,-1,-1
1165,347,1009.38,455.03,23.85,45.09,0.5273,1,-1,-1
1165,348,724.43,351.76,47.78,30.85,0.5380,4,-1,-1
1165,349,1174.36,503.91,89.59,54.62,0.2751,3,-1,-1
1165,351,1212.25,351.53,50.95,21.54,0.5765,4,-1,-1
1165,327,840.79,443.18,26.28,66.48,0.6343,1,-1,-1
1166,261,746.32,346.51,58.58,25.98,0.2983,4,-1,-1
1166,287,640.74,336.01,60.27,30.57,0.2160,4,-1,-1
1166,303,671.67,390.03,19.13,43.13,0.6540,1,-1,-1
1166,305,1106.15,333.50,43.43,18.16,0.3208,4,-1,-1
1166,296,1773.93,453.72,26.50,57.18,0.7162,1,-1,-1
1166,300,1746.43,445.33,25.83,61.78,0.7439,1,-1,-1
1166,318,981.57,350.93,51.12,22.24,0.5879,4,-1,-1
1166,323,1043.91,352.32,40.34,22.30,0.3398,4,-1,-1
1166,329,747.42,336.85,42.13,19.32,0.3576,4,-1,-1
1166,326,913.38,455.11,22.56,53.87,0.5564,1,-1,-1
1166,338,1101.76,354.68,48.43,19.86,0.3989,4,-1,-1
1166,341,993.92,456.69,21.60,45.04,0.6800,1,-1,-1
1166,343,942.38,451.28,23.94,56.08,0.5525,1,-1,-1
1166,321,848.46,441.60,23.00,61.12,0.2429,1,-1,-1
1166,346,953.33,390.00,84.77,34.86,0.2870,4,-1,-1
1166,336,777.37,675.78,160.71,73.52,0.5341,4,-1,-1
1166,347,1008.43,456.04,22.78,43.81,0.5823,1,-1,-1
1166,348,724.36,351.72,47.87,30.82,0.5496,4,-1,-1
1166,349,1166.46,507.62,89.21,52.99,0.3381,3,-1,-1
1166,351,1211.73,351.54,52.18,22.09,0.5765,4,-1,-1
1166,327,841.57,443.35,26.41,67.42,0.6397,1,-1,-1
1166,353,1271.11,347.82,51.41,22.36,0.5029,4,-1,-1
1167,261,747.80,346.84,58.56,25.89,0.3989,4,-1,-1
1167,287,640.40,335.73,61.66,31.67,0.2613,4,-1,-1
1167,303,671.58,390.02,19.07,42.59,0.6307,1,-1,-1
1167,305,1103.28,334.02,49.09,20.74,0.2999,4,-1,-1
1167,296,1773.81,453.78,26.66,57.54,0.7162,1,-1,-1
1167,300,1746.63,446.31,25.60,61.07,0.7484,1,-1,-1
1167,318,980.16,350.33,53.61,23.40,0.5000,4,-1,-1
1167,323,1040.60,350.45,45.42,25.28,0.2268,4,-1,-1
1167,329,746.76,336.85,43.12,19.76,0.3191,4,-1,-1
1167,326,913.71,454.70,23.26,55.72,0.5293,1,-1,-1
1167,338,1100.07,354.54,50.16,20.76,0.3821,4,-1,-1
1167,341,994.14,457.16,21.90,44.76,0.4746,1,-1,-1
1167,343,943.08,451.47,24.22,56.86,0.5409,1,-1,-1
1167,321,847.29,441.89,23.26,62.62,0.1733,1,-1,-1
1167,346,951.96,388.79,87.13,36.41,0.2644,4,-1,-1
1167,336,780.97,676.37,158.31,72.63,0.5622,4,-1,-1
1167,347,1002.37,456.29,23.49,44.57,0.4121,1,-1,-1
1167,348,724.29,351.84,47.80,30.70,0.5670,4,-1,-1
1167,349,1182.75,512.34,81.71,48.65,0.5332,3,-1,-1
1167,351,1210.53,351.26,54.19,23.00,0.5651,4,-1,-1
1167,327,842.31,443.74,26.60,67.99,0.6663,1,-1,-1
1167,353,1270.91,348.06,52.15,22.69,0.4707,4,-1,-1
1167,354,1209.56,489.10,35.69,64.20,0.4776,2,-1,-1
1168,261,748.51,347.19,58.44,25.79,0.3998,4,-1,-1
1168,287,644.32,336.53,58.27,29.91,0.2351,4,-1,-1
1168,303,671.63,390.43,18.95,42.06,0.6215,1,-1,-1
1168,305,1101.73,334.79,49.08,20.81,0.1981,4,-1,-1
1168,296,1773.92,453.94,26.73,57.76,0.7146,1,-1,-1
1168,300,1746.94,447.38,25.29,60.20,0.7364,1,-1,-1
1168,318,978.79,349.99,55.23,24.25,0.4766,4,-1,-1
1168,323,1044.48,351.56,41.88,23.52,0.1618,4,-1,-1
1168,329,746.38,337.04,43.45,19.95,0.3407,4,-1,-1
1168,326,914.91,455.18,23.41,56.19,0.4455,1,-1,-1
1168,338,1099.49,354.41,50.03,20.98,0.2337,4,-1,-1
1168,341,992.32,458.88,21.49,43.86,0.3739,1,-1,-1
1168,343,944.48,453.34,23.60,55.50,0.4717,1,-1,-1
1168,321,846.57,442.11,23.04,62.73,0.1016,1,-1,-1
1168,346,950.75,388.64,87.87,37.26,0.2983,4,-1,-1
1168,336,780.24,676.78,158.03,72.46,0.4111,4,-1,-1
1168,347,1001.60,458.61,23.07,43.92,0.2465,1,-1,-1
1168,348,724.25,352.26,47.57,30.48,0.5936,4,-1,-1
1168,349,1193.54,515.99,77.32,46.27,0.5889,3,-1,-1
1168,351,1210.73,351.23,54.24,23.09,0.4785,4,-1,-1
1168,327,843.26,444.85,26.33,67.36,0.6610,1,-1,-1
1168,353,1270.87,348.91,50.69,22.05,0.2991,4,-1,-1
1168,354,1214.31,490.66,35.39,63.75,0.4678,2,-1,-1
1169,261,746.04,345.82,62.06,27.50,0.3942,4,-1,-1
1169,287,645.06,336.12,54.41,27.45,0.2422,4,-1,-1
1169,303,671.32,390.48,19.08,42.06,0.6030,1,-1,-1
1169,305,1100.68,335.03,52.45,22.51,0.2659,4,-1,-1
1169,296,1774.09,454.57,26.39,56.87,0.7178,1,-1,-1
1169,300,1747.12,447.77,25.39,60.38,0.7498,1,-1,-1
1169,318,977.16,349.55,57.17,25.33,0.5088,4,-1,-1
1169,323,1043.62,351.59,42.19,23.76,0.1790,4,-1,-1
1169,329,745.23,337.25,46.97,21.62,0.2870,4,-1,-1
1169,326,916.04,456.93,22.90,55.00,0.2878,1,-1,-1
1169,338,1095.29,353.98,50.43,21.67,0.2568,4,-1,-1
1169,341,993.29,460.02,22.56,44.43,0.4282,1,-1,-1
1169,343,945.17,454.11,23.59,55.37,0.4111,1,-1,-1
1169,321,840.58,440.94,25.55,69.73,0.2910,1,-1,-1
1169,346,949.68,388.94,87.71,37.61,0.2983,4,-1,-1
1169,336,779.35,676.76,160.22,73.64,0.2958,4,-1,-1
1169,348,724.35,352.70,47.38,30.29,0.6123,4,-1,-1
1169,349,1197.00,514.57,81.57,49.29,0.6893,3,-1,-1
1169,351,1210.20,351.15,55.52,23.77,0.4707,4,-1,-1
1169,327,843.84,445.63,26.25,67.56,0.6834,1,-1,-1
1169,353,1270.57,349.15,52.82,23.01,0.3407,4,-1,-1
1169,354,1217.51,492.44,34.90,63.01,0.5917,2,-1,-1
1170,261,746.45,345.98,61.95,27.56,0.3425,4,-1,-1
1170,287,648.44,337.14,51.81,25.75,0.2006,4,-1,-1
1170,303,671.19,390.82,19.29,42.41,0.6049,1,-1,-1
1170,305,1100.55,335.05,51.46,22.31,0.2651,4,-1,-1
1170,296,1774.29,454.94,26.25,56.44,0.7241,1,-1,-1
1170,300,1747.24,448.10,25.49,60.56,0.7498,1,-1,-1
1170,318,975.95,349.43,57.94,25.90,0.5341,4,-1,-1
1170,323,1043.48,351.59,42.24,23.83,0.1689,4,-1,-1
1170,329,744.16,337.54,48.55,22.49,0.2546,4,-1,-1
1170,326,916.81,457.55,22.82,54.83,0.4158,1,-1,-1
1170,338,1093.07,353.98,50.29,22.07,0.3260,4,-1,-1
1170,341,992.63,461.21,23.11,44.12,0.5010,1,-1,-1
1170,343,946.02,456.14,23.20,54.32,0.4863,1,-1,-1
1170,321,837.15,439.95,26.72,73.34,0.2516,1,-1,-1
1170,346,954.60,388.00,79.58,34.25,0.2121,4,-1,-1
1170,336,779.14,674.51,162.24,74.95,0.1221,4,-1,-1
1170,348,724.41,353.29,47.00,29.95,0.5974,4,-1,-1
1170,349,1201.89,515.79,80.39,48.82,0.7233,3,-1,-1
1170,351,1210.06,351.38,55.41,23.80,0.4737,4,-1,-1
1170,327,844.23,447.90,25.71,66.42,0.6732,1,-1,-1
1170,353,1270.77,349.57,53.59,23.39,0.2436,4,-1,-1
1170,354,1224.93,492.65,32.92,59.22,0.5593,2,-1,-1
1171,261,749.06,347.06,59.62,26.62,0.3711,4,-1,-1
1171,287,646.48,336.27,56.13,27.72,0.2870,4,-1,-1
1171,303,671.33,392.07,19.28,42.38,0.6270,1,-1,-1
1171,305,1101.08,335.10,50.19,21.97,0.2473,4,-1,-1
1171,296,1774.89,455.03,26.17,56.47,0.7461,1,-1,-1
1171,300,1747.43,448.52,25.59,60.79,0.7349,1,-1,-1
1171,318,977.51,348.94,58.24,26.43,0.3803,4,-1,-1
1171,323,1041.82,351.68,42.68,24.00,0.1913,4,-1,-1
1171,329,744.87,337.67,50.22,23.27,0.2636,4,-1,-1
1171,326,917.91,457.75,23.45,56.40,0.4177,1,-1,-1
1171,338,1096.19,354.21,48.56,21.64,0.3594,4,-1,-1
1171,341,990.71,452.11,28.26,53.95,0.2838,1,-1,-1
1171,343,946.66,456.36,23.36,54.68,0.6067,1,-1,-1
1171,321,836.27,439.53,27.29,75.33,0.2591,1,-1,-1
1171,346,954.68,388.83,80.92,35.27,0.2705,4,-1,-1
1171,336,774.68,677.02,165.15,76.48,0.1901,4,-1,-1
1171,348,723.50,353.32,47.49,30.20,0.4698,4,-1,-1
1171,349,1206.63,516.49,80.26,49.15,0.6225,3,-1,-1
1171,351,1211.16,351.77,55.36,23.82,0.5205,4,-1,-1
1171,327,844.37,448.83,25.86,66.70,0.6610,1,-1,-1
1171,354,1229.64,493.48,32.63,58.62,0.5898,2,-1,-1
1171,347,992.90,461.96,23.67,43.48,0.5448,1,-1,-1
1172,261,749.75,347.60,58.83,26.29,0.3065,4,-1,-1
1172,287,645.30,336.21,57.54,28.22,0.3303,4,-1,-1
1172,303,671.37,393.20,19.10,41.87,0.6215,1,-1,-1
1172,305,1101.74,335.32,49.19,21.65,0.2295,4,-1,-1
1172,296,1774.95,455.14,26.07,56.50,0.7535,1,-1,-1
1172,300,1747.53,448.61,25.69,60.99,0.7256,1,-1,-1
1172,318,978.74,348.61,58.09,26.87,0.3639,4,-1,-1
1172,323,1038.58,350.67,45.78,25.77,0.2254,4,-1,-1
1172,329,744.07,337.94,56.07,26.09,0.2553,4,-1,-1
1172,326,918.95,458.82,23.77,57.08,0.2365,1,-1,-1
1172,338,1098.82,354.16,47.77,21.51,0.2736,4,-1,-1
1172,341,990.59,456.24,27.01,49.88,0.5487,1,-1,-1
1172,343,947.01,457.09,23.65,55.09,0.3140,2,-1,-1
1172,321,837.25,440.11,27.52,75.80,0.1956,1,-1,-1
1172,346,954.69,389.12,80.96,35.75,0.2598,4,-1,-1
1172,348,722.91,354.01,47.81,30.15,0.4349,4,-1,-1
1172,349,1210.44,515.71,80.78,49.82,0.7387,3,-1,-1
1172,351,1212.76,352.38,53.92,23.16,0.5185,4,-1,-1
1172,327,844.28,448.78,26.28,67.45,0.6885,1,-1,-1
1172,354,1233.31,494.74,34.84,62.82,0.6215,2,-1,-1
1173,261,743.20,342.40,68.13,30.95,0.4513,4,-1,-1
1173,287,645.80,335.32,55.40,27.01,0.2918,4,-1,-1
1173,303,671.69,394.24,18.93,41.41,0.6086,1,-1,-1
1173,305,1102.35,335.47,47.64,21.03,0.2261,4,-1,-1
1173,296,1775.16,455.29,26.02,56.54,0.7578,1,-1,-1
1173,300,1747.63,448.77,25.66,60.89,0.7162,1,-1,-1
1173,318,980.05,348.96,56.77,26.71,0.3433,4,-1,-1
1173,323,1037.75,351.31,45.66,25.56,0.2408,4,-1,-1
1173,329,745.01,337.24,59.06,27.52,0.1413,4,-1,-1
1173,326,919.44,458.50,24.29,58.28,0.4130,1,-1,-1
1173,338,1102.08,354.51,47.57,21.44,0.2546,4,-1,-1
1173,341,989.53,459.17,26.42,47.74,0.6114,1,-1,-1
1173,343,948.27,456.28,24.08,55.98,0.2886,1,-1,-1
1173,321,836.25,439.31,27.64,76.51,0.1561,1,-1,-1
1173,346,955.61,389.47,79.18,35.39,0.2689,4,-1,-1
1173,348,721.88,354.13,48.18,30.23,0.4417,4,-1,-1
1173,349,1215.45,516.25,81.65,50.76,0.7025,3,-1,-1
1173,351,1213.29,352.82,52.93,22.67,0.5000,4,-1,-1
1173,327,844.40,449.65,26.19,67.12,0.7033,1,-1,-1
1173,354,1236.98,495.92,35.01,63.17,0.6968,2,-1,-1
1174,261,741.14,340.73,70.98,32.75,0.4707,4,-1,-1
1174,287,645.99,335.23,54.71,26.51,0.2674,4,-1,-1
1174,303,672.05,394.97,18.82,41.21,0.5823,1,-1,-1
1174,305,1104.12,335.79,43.77,19.21,0.2583,4,-1,-1
1174,296,1775.25,455.43,25.95,56.61,0.7520,1,-1,-1
1174,300,1747.87,449.33,25.44,60.15,0.6984,1,-1,-1
1174,318,980.24,350.19,54.56,25.76,0.4273,4,-1,-1
1174,323,1038.78,352.90,43.70,24.12,0.2636,4,-1,-1
1174,329,745.44,336.86,60.77,28.34,0.1128,4,-1,-1
1174,326,920.20,458.60,24.39,58.52,0.4235,1,-1,-1
1174,338,1104.61,354.89,47.33,21.22,0.3355,4,-1,-1
1174,341,988.74,460.89,26.17,46.42,0.6002,1,-1,-1
1174,343,948.87,456.63,24.24,56.32,0.2886,2,-1,-1
1174,321,838.07,441.06,27.73,75.92,0.5603,1,-1,-1
1174,346,956.69,390.03,76.99,34.77,0.3268,4,-1,-1
1174,348,721.28,354.02,48.66,30.37,0.4225,4,-1,-1
1174,349,1221.27,517.48,78.02,48.67,0.6893,3,-1,-1
1174,351,1213.09,353.15,52.70,22.53,0.5224,4,-1,-1
1174,327,844.34,450.16,26.32,67.50,0.7001,1,-1,-1
1174,354,1242.61,496.90,35.62,64.17,0.6160,2,-1,-1
1175,261,740.90,340.31,70.71,33.08,0.4301,4,-1,-1
1175,287,647.26,335.38,51.98,24.89,0.2465,4,-1,-1
1175,303,672.50,395.74,18.56,40.77,0.5689,1,-1,-1
1175,305,1104.88,335.68,41.42,18.07,0.2838,4,-1,-1
1175,296,1775.32,455.69,25.83,56.53,0.7506,1,-1,-1
1175,300,1748.18,450.35,25.06,58.92,0.6901,1,-1,-1
1175,318,980.03,351.20,52.77,24.93,0.5244,4,-1,-1
1175,323,1039.59,354.01,42.44,23.05,0.2991,4,-1,-1
1175,329,744.27,337.85,59.77,27.93,0.2207,4,-1,-1
1175,326,921.38,458.96,24.36,58.47,0.4649,1,-1,-1
1175,338,1106.17,355.17,46.96,20.90,0.4036,4,-1,-1
1175,341,987.90,462.66,25.83,45.18,0.5332,1,-1,-1
1175,343,949.76,456.66,24.08,56.16,0.5631,1,-1,-1
1175,321,838.86,441.98,27.90,75.54,0.5487,1,-1,-1
1175,346,958.26,390.89,73.84,33.56,0.3337,4,-1,-1
1175,348,721.33,354.21,48.69,30.25,0.4282,4,-1,-1
1175,349,1224.45,519.43,80.75,50.87,0.6910,3,-1,-1
1175,351,1212.70,353.45,52.19,22.29,0.5380,4,-1,-1
1175,327,844.45,450.48,26.36,67.70,0.6749,1,-1,-1
1175,354,1245.67,496.86,36.06,64.64,0.6885,2,-1,-1
1176,261,740.60,340.05,70.70,33.52,0.4388,4,-1,-1
1176,287,647.39,335.26,51.51,24.41,0.2465,4,-1,-1
1176,303,673.09,396.52,18.39,40.65,0.5593,1,-1,-1
1176,305,1105.25,335.47,40.13,17.40,0.2621,4,-1,-1
1176,296,1775.43,456.08,25.71,56.36,0.7491,1,-1,-1
1176,300,1748.30,450.08,25.12,58.83,0.6918,1,-1,-1
1176,318,979.59,351.65,52.03,24.58,0.5516,4,-1,-1
1176,323,1040.68,354.56,41.39,22.19,0.2606,4,-1,-1
1176,329,745.05,337.03,60.25,28.18,0.1225,4,-1,-1
1176,326,922.30,458.65,24.65,59.06,0.4620,1,-1,-1
1176,338,1106.54,355.27,46.82,20.71,0.3648,4,-1,-1
1176,341,987.48,464.12,25.48,44.22,0.5679,1,-1,-1
1176,343,951.05,456.79,23.34,54.46,0.3720,2,-1,-1
1176,321,838.24,442.11,28.00,75.15,0.3730,1,-1,-1
1176,346,958.77,391.21,72.61,33.21,0.3757,4,-1,-1
1176,348,721.17,354.17,49.00,30.33,0.4216,4,-1,-1
1176,349,1228.93,522.13,79.66,50.25,0.5775,3,-1,-1
1176,351,1212.50,353.55,51.93,22.15,0.5322,4,-1,-1
1176,327,845.01,451.88,25.99,66.56,0.6593,1,-1,-1
1176,354,1251.20,497.85,35.48,63.29,0.6325,2,-1,-1
1177,261,740.65,339.98,69.91,33.55,0.4388,4,-1,-1
1177,287,647.38,335.08,51.49,24.18,0.2394,4,-1,-1
1177,303,673.82,397.95,17.90,39.81,0.5370,1,-1,-1
1177,305,1105.53,335.38,39.24,16.90,0.2429,4,-1,-1
1177,296,1775.69,456.53,25.50,55.95,0.7417,1,-1,-1
1177,300,1748.52,449.49,25.18,58.82,0.6901,1,-1,-1
1177,318,979.58,352.00,51.19,24.23,0.5651,4,-1,-1
1177,323,1043.24,354.95,39.67,21.12,0.2234,4,-1,-1
1177,329,744.95,336.87,60.28,28.27,0.1294,4,-1,-1
1177,326,923.16,459.53,24.46,58.34,0.3157,2,-1,-1
1177,338,1106.79,355.36,46.59,20.49,0.3558,4,-1,-1
1177,341,987.08,465.49,24.84,43.15,0.5851,1,-1,-1
1177,343,953.20,460.36,21.93,50.44,0.2814,1,-1,-1
1177,321,837.41,441.90,26.81,71.50,0.2268,1,-1,-1
1177,346,962.21,390.61,65.93,29.86,0.3495,4,-1,-1
1177,348,721.32,354.25,49.04,30.29,0.4340,4,-1,-1
1177,349,1233.27,521.93,81.52,51.71,0.6352,3,-1,-1
1177,351,1212.38,353.59,51.51,21.94,0.5224,4,-1,-1
1177,327,845.65,453.70,25.49,64.95,0.6522,1,-1,-1
1177,354,1255.86,498.24,36.02,64.06,0.6610,2,-1,-1
1178,261,740.69,339.95,69.20,33.58,0.4388,4,-1,-1
1178,287,647.20,334.92,51.64,24.08,0.2386,4,-1,-1
1178,303,674.33,399.82,17.37,38.92,0.5641,1,-1,-1
1178,305,1105.26,335.40,39.66,17.00,0.2487,4,-1,-1
1178,296,1775.88,456.47,25.54,56.09,0.7387,1,-1,-1
1178,300,1748.73,448.95,25.19,58.69,0.7114,1,-1,-1
1178,318,979.29,352.16,50.79,24.06,0.5860,4,-1,-1
1178,323,1044.09,354.97,39.46,20.92,0.2101,4,-1,-1
1178,329,744.64,336.89,60.79,28.61,0.1413,4,-1,-1
1178,326,924.21,461.07,24.08,57.01,0.2736,2,-1,-1
1178,338,1106.61,355.27,47.09,20.58,0.3558,4,-1,-1
1178,341,986.23,466.09,24.37,42.49,0.5487,1,-1,-1
1178,343,954.99,464.00,21.20,47.39,0.1071,1,-1,-1
1178,321,836.95,441.52,25.28,67.26,0.2114,1,-1,-1
1178,346,963.24,389.72,63.36,28.44,0.3549,4,-1,-1
1178,348,721.41,354.29,49.03,30.23,0.4397,4,-1,-1
1178,349,1237.25,521.14,81.49,51.84,0.6188,3,-1,-1
1178,351,1212.25,353.62,51.25,21.80,0.5166,4,-1,-1
1178,327,846.12,454.57,25.23,63.97,0.6451,1,-1,-1
1178,354,1257.43,497.38,37.31,65.75,0.5955,2,-1,-1
1179,261,741.10,339.98,67.85,33.24,0.4017,4,-1,-1
1179,287,647.51,334.17,51.91,24.05,0.2127,4,-1,-1
1179,303,674.70,401.10,16.96,38.28,0.5832,1,-1,-1
1179,305,1104.98,335.48,40.05,17.10,0.2576,4,-1,-1
1179,296,1775.99,455.97,25.83,56.71,0.7356,1,-1,-1
1179,300,1748.67,448.65,25.38,58.99,0.7241,1,-1,-1
1179,318,979.37,352.17,50.67,24.07,0.5879,4,-1,-1
1179,323,1044.40,354.72,39.56,20.93,0.1818,4,-1,-1
1179,329,744.87,338.10,58.16,27.22,0.1854,4,-1,-1
1179,326,924.63,461.01,24.21,56.96,0.5516,1,-1,-1
1179,338,1106.11,355.10,47.77,20.77,0.3711,4,-1,-1
1179,341,984.60,466.28,24.26,42.50,0.4311,1,-1,-1
1179,343,956.30,464.57,21.43,47.27,0.1577,1,-1,-1
1179,321,836.10,440.65,25.18,66.88,0.2295,1,-1,-1
1179,346,964.06,389.06,61.41,27.25,0.3124,4,-1,-1
1179,348,721.73,354.44,48.74,30.02,0.4494,4,-1,-1
1179,349,1244.53,519.65,77.13,48.88,0.6602,3,-1,-1
1179,351,1212.01,353.64,51.18,21.75,0.5205,4,-1,-1
1179,327,846.54,455.42,25.07,63.14,0.6715,1,-1,-1
1179,354,1259.76,497.45,38.58,66.98,0.5535,2,-1,-1
1180,261,741.37,340.09,66.83,33.03,0.4216,4,-1,-1
1180,287,646.65,332.77,51.39,23.52,0.1999,4,-1,-1
1180,303,675.01,401.80,16.58,37.61,0.5927,1,-1,-1
1180,305,1104.90,335.21,40.30,17.12,0.2659,4,-1,-1
1180,296,1775.82,456.24,26.08,57.10,0.7334,1,-1,-1
1180,300,1748.75,448.48,25.57,59.41,0.7130,1,-1,-1
1180,318,979.94,352.19,50.48,24.07,0.6049,4,-1,-1
1180,323,1042.24,354.22,41.16,21.65,0.2140,4,-1,-1
1180,329,744.88,337.61,58.67,27.51,0.1535,4,-1,-1
1180,326,925.27,462.69,23.89,55.81,0.4649,1,-1,-1
1180,338,1105.49,355.42,46.94,20.27,0.3576,4,-1,-1
1180,341,983.78,466.17,24.26,42.75,0.4225,1,-1,-1
1180,343,958.02,466.26,21.16,46.00,0.1716,1,-1,-1
1180,321,836.33,440.55,22.23,59.09,0.3460,1,-1,-1
1180,346,963.44,389.66,62.63,27.58,0.3260,4,-1,-1
1180,348,722.03,354.57,48.52,29.82,0.4639,4,-1,-1
1180,349,1248.11,519.10,78.63,50.15,0.6298,3,-1,-1
1180,351,1212.19,353.62,51.14,21.69,0.5263,4,-1,-1
1180,327,846.90,455.92,25.06,62.46,0.6749,1,-1,-1
1180,354,1261.11,498.00,39.92,67.38,0.4196,2,-1,-1
1181,261,742.14,340.03,64.26,31.94,0.4158,4,-1,-1
1181,287,647.52,333.49,51.70,23.54,0.2095,4,-1,-1
1181,303,675.39,402.27,16.31,37.26,0.5983,1,-1,-1
1181,305,1104.97,335.10,39.76,16.81,0.2561,4,-1,-1
1181,296,1775.77,456.07,26.30,57.41,0.7349,1,-1,-1
1181,300,1748.95,448.53,25.59,59.47,0.6951,1,-1,-1
1181,318,981.07,352.32,49.85,23.93,0.5974,4,-1,-1
1181,323,1042.61,354.43,40.54,21.20,0.2167,4,-1,-1
1181,329,744.91,337.35,58.66,27.58,0.1592,4,-1,-1
1181,326,925.99,461.85,24.23,56.50,0.6049,1,-1,-1
1181,338,1105.44,355.64,46.36,19.86,0.3268,4,-1,-1
1181,341,981.05,462.97,26.17,46.42,0.4854,1,-1,-1
1181,343,959.52,465.18,22.02,47.08,0.2316,2,-1,-1
1181,321,836.29,440.75,21.20,56.52,0.3346,1,-1,-1
1181,346,962.71,389.92,64.04,28.04,0.3425,4,-1,-1
1181,348,722.21,354.68,48.41,29.70,0.4668,4,-1,-1
1181,349,1253.69,521.06,75.94,48.21,0.1152,3,-1,-1
1181,351,1212.38,353.66,50.26,21.27,0.5156,4,-1,-1
1181,327,847.61,456.26,25.03,61.98,0.6628,1,-1,-1
1182,261,742.69,339.89,62.68,31.30,0.4158,4,-1,-1
1182,287,647.92,333.76,51.48,23.34,0.2214,4,-1,-1
1182,303,675.80,402.63,16.07,36.95,0.6095,1,-1,-1
1182,305,1105.09,335.11,39.23,16.50,0.2451,4,-1,-1
1182,296,1775.79,455.95,26.39,57.44,0.7114,1,-1,-1
1182,300,1749.20,448.64,25.48,59.22,0.6885,1,-1,-1
1182,318,982.16,352.53,48.90,23.65,0.5898,4,-1,-1
1182,323,1044.43,354.84,38.90,20.25,0.2095,4,-1,-1
1182,329,745.29,337.16,57.94,27.28,0.1582,4,-1,-1
1182,326,927.09,461.55,24.04,56.21,0.5708,1,-1,-1
1182,338,1105.45,355.87,45.93,19.53,0.3082,4,-1,-1
1182,341,980.11,462.60,25.80,46.23,0.5718,1,-1,-1
1182,343,960.06,465.34,22.14,46.54,0.1661,1,-1,-1
1182,321,836.02,441.17,21.19,56.35,0.3693,1,-1,-1
1182,346,963.06,390.38,63.51,27.59,0.3576,4,-1,-1
1182,348,722.37,354.80,48.22,29.54,0.4678,4,-1,-1
1182,349,1259.25,521.68,75.07,47.59,0.1530,3,-1,-1
1182,351,1212.40,353.69,49.67,20.99,0.5156,4,-1,-1
1182,327,848.23,456.76,25.16,61.70,0.6397,1,-1,-1
1183,261,742.80,339.76,62.52,31.39,0.4311,4,-1,-1
1183,287,647.98,333.86,51.51,23.25,0.2401,4,-1,-1
1183,303,676.05,402.70,16.00,36.98,0.6132,1,-1,-1
1183,305,1105.03,335.16,39.22,16.41,0.2386,4,-1,-1
1183,296,1776.04,455.83,26.31,57.15,0.7082,1,-1,-1
1183,300,1749.53,448.77,24.86,57.64,0.6918,1,-1,-1
1183,318,982.91,352.63,48.28,23.53,0.5823,4,-1,-1
1183,323,1044.92,355.00,38.40,19.88,0.2037,4,-1,-1
1183,329,745.41,336.94,58.06,27.36,0.1634,4,-1,-1
1183,326,927.99,461.39,24.10,56.57,0.6800,1,-1,-1
1183,338,1105.47,355.97,45.88,19.39,0.2798,4,-1,-1
1183,341,979.04,462.98,25.26,45.64,0.5506,1,-1,-1
1183,343,960.72,467.40,22.08,45.88,0.2942,1,-1,-1
1183,321,836.16,442.13,20.75,54.89,0.3766,1,-1,-1
1183,346,963.33,390.29,62.64,26.98,0.3693,4,-1,-1
1183,348,722.45,354.87,48.20,29.48,0.4659,4,-1,-1
1183,349,1263.29,523.71,74.37,47.07,0.4591,3,-1,-1
1183,351,1212.48,353.71,49.03,20.68,0.5059,4,-1,-1
1183,327,850.05,457.02,24.94,61.34,0.6433,1,-1,-1
1184,261,743.58,339.66,60.75,30.60,0.4254,4,-1,-1
1184,287,648.76,333.72,50.39,22.63,0.2628,4,-1,-1
1184,303,676.42,403.00,15.83,36.73,0.6225,1,-1,-1
1184,305,1105.16,335.13,38.89,16.19,0.2337,4,-1,-1
1184,296,1776.32,455.57,26.15,56.72,0.7114,1,-1,-1
1184,300,1749.50,448.40,24.87,57.61,0.6766,1,-1,-1
1184,318,983.48,352.77,47.61,23.38,0.5574,4,-1,-1
1184,323,1045.48,355.56,36.64,19.39,0.1446,4,-1,-1
1184,329,746.12,336.92,56.08,26.39,0.1700,4,-1,-1
1184,326,928.95,461.50,23.77,56.07,0.5823,1,-1,-1
1184,338,1105.34,356.11,45.60,19.18,0.2689,4,-1,-1
1184,341,978.40,462.76,25.45,46.39,0.5039,1,-1,-1
1184,343,962.01,469.06,21.52,43.88,0.1813,1,-1,-1
1184,321,837.02,442.88,20.11,52.81,0.3989,1,-1,-1
1184,346,963.37,390.33,62.42,26.66,0.3585,4,-1,-1
1184,348,722.66,355.11,47.98,29.29,0.4785,4,-1,-1
1184,349,1267.84,525.24,72.94,45.98,0.4668,3,-1,-1
1184,351,1212.49,353.69,48.32,20.34,0.5010,4,-1,-1
1184,327,852.04,457.05,24.60,61.10,0.6487,1,-1,-1
1185,261,743.81,339.55,60.32,30.51,0.4263,4,-1,-1
1185,287,649.40,333.85,50.12,22.37,0.2379,4,-1,-1
1185,303,676.53,403.04,15.82,36.87,0.6334,1,-1,-1
1185,305,1105.06,335.41,38.79,16.07,0.2372,4,-1,-1
1185,296,1776.59,455.18,25.85,56.03,0.7082,1,-1,-1
1185,300,1749.85,448.10,24.87,57.50,0.6370,1,-1,-1
1185,318,983.63,352.77,47.35,23.36,0.4922,4,-1,-1
1185,323,1045.75,355.98,35.00,18.99,0.1312,4,-1,-1
1185,329,746.36,336.65,56.45,26.52,0.1325,4,-1,-1
1185,326,929.99,462.01,23.46,55.20,0.5574,1,-1,-1
1185,338,1105.97,356.17,45.70,19.09,0.3174,4,-1,-1
1185,341,978.62,463.14,25.52,46.55,0.4659,1,-1,-1
1185,343,963.49,470.87,21.01,42.33,0.4254,1,-1,-1
1185,321,838.02,443.43,19.20,49.94,0.3877,1,-1,-1
1185,346,963.32,390.86,62.56,26.50,0.4036,4,-1,-1
1185,348,723.10,355.19,47.88,29.13,0.4620,4,-1,-1
1185,349,1273.75,525.64,72.44,45.43,0.5832,3,-1,-1
1185,351,1212.49,353.71,47.92,20.16,0.5029,4,-1,-1
1185,327,852.95,457.05,24.45,61.10,0.6558,1,-1,-1
1186,261,743.08,339.60,60.54,30.90,0.3989,4,-1,-1
1186,287,647.90,335.03,49.57,21.94,0.1128,4,-1,-1
1186,303,676.93,402.89,15.84,36.95,0.6206,1,-1,-1
1186,305,1104.61,335.50,40.43,16.69,0.1968,4,-1,-1
1186,296,1776.51,454.39,25.86,56.00,0.7303,1,-1,-1
1186,300,1749.69,448.12,24.68,56.94,0.6663,1,-1,-1
1186,318,983.80,352.67,47.52,23.44,0.3311,4,-1,-1
1186,323,1052.67,355.92,31.57,17.42,0.1836,4,-1,-1
1186,329,745.40,336.47,58.45,27.59,0.1160,4,-1,-1
1186,326,931.01,461.72,23.58,55.02,0.6086,1,-1,-1
1186,338,1105.19,356.37,45.09,18.82,0.2838,4,-1,-1
1186,341,975.25,464.60,25.32,44.94,0.1380,2,-1,-1
1186,343,965.02,469.99,21.25,41.90,0.3057,2,-1,-1
1186,321,836.90,443.46,21.09,55.09,0.3666,1,-1,-1
1186,346,962.60,391.61,63.90,26.98,0.4321,4,-1,-1
1186,348,723.92,355.88,47.05,28.48,0.5244,4,-1,-1
1186,349,1277.94,526.23,72.67,45.37,0.3970,3,-1,-1
1186,351,1212.52,353.69,47.46,19.92,0.4571,4,-1,-1
1186,327,853.33,457.19,24.32,60.75,0.7050,1,-1,-1
1187,261,742.95,339.56,59.96,30.87,0.4092,4,-1,-1
1187,287,647.29,335.41,49.76,21.85,0.1116,4,-1,-1
1187,303,677.23,402.83,15.80,36.81,0.6169,1,-1,-1
1187,305,1105.46,336.02,39.04,16.07,0.1865,4,-1,-1
1187,296,1776.54,454.14,25.77,55.78,0.7178,1,-1,-1
1187,300,1749.66,448.00,24.55,56.55,0.6732,1,-1,-1
1187,318,983.95,352.73,47.32,23.35,0.3329,4,-1,-1
1187,323,1056.46,355.83,29.02,16.32,0.2018,4,-1,-1
1187,329,745.33,336.43,58.17,27.55,0.1086,4,-1,-1
1187,326,931.60,461.42,23.91,55.51,0.6951,1,-1,-1
1187,338,1104.34,356.51,44.73,18.71,0.2713,4,-1,-1
1187,341,971.93,465.54,25.59,44.03,0.1842,2,-1,-1
1187,343,967.37,469.84,21.98,41.69,0.3191,2,-1,-1
1187,321,833.45,447.93,24.39,63.52,0.4630,1,-1,-1
1187,346,962.24,391.61,64.59,27.17,0.4225,4,-1,-1
1187,348,724.26,356.28,46.63,28.05,0.5361,4,-1,-1
1187,349,1280.75,526.11,74.64,46.42,0.1830,3,-1,-1
1187,351,1212.18,353.72,47.95,20.10,0.4581,4,-1,-1
1187,327,853.68,457.34,24.19,60.38,0.7082,1,-1,-1
1188,261,743.04,339.56,59.20,30.73,0.4235,4,-1,-1
1188,287,646.51,335.39,50.52,22.06,0.1168,4,-1,-1
1188,303,677.34,402.97,15.63,36.37,0.6280,1,-1,-1
1188,305,1104.12,335.34,41.13,16.96,0.2063,4,-1,-1
1188,296,1776.56,454.07,25.71,55.67,0.7098,1,-1,-1
1188,300,1749.31,447.15,24.98,57.66,0.6943,1,-1,-1
1188,318,984.02,352.68,47.53,23.46,0.3905,4,-1,-1
1188,323,1057.76,355.83,27.90,15.95,0.1925,4,-1,-1
1188,329,745.52,336.34,57.27,27.16,0.1120,4,-1,-1
1188,326,932.38,462.02,23.82,55.09,0.6851,1,-1,-1
1188,338,1104.10,356.39,45.50,19.02,0.3016,4,-1,-1
1188,341,970.22,466.82,25.79,42.68,0.1394,1,-1,-1
1188,343,968.96,469.48,22.78,41.37,0.3217,2,-1,-1
1188,321,833.55,446.42,25.80,68.28,0.4902,1,-1,-1
1188,346,961.78,391.56,65.62,27.56,0.4083,4,-1,-1
1188,348,723.77,356.40,47.01,28.17,0.5496,4,-1,-1
1188,349,1285.53,525.63,75.59,46.96,0.3407,3,-1,-1
1188,351,1212.05,353.71,48.37,20.23,0.4620,4,-1,-1
1188,327,854.60,456.99,24.04,60.37,0.7017,1,-1,-1
1189,261,743.21,339.50,58.69,30.69,0.4273,4,-1,-1
1189,287,646.69,335.60,50.21,21.79,0.1200,4,-1,-1
1189,303,677.48,403.26,15.46,35.92,0.6298,1,-1,-1
1189,305,1103.66,335.06,41.43,17.12,0.1944,4,-1,-1
1189,296,1776.65,454.12,25.63,55.49,0.7066,1,-1,-1
1189,300,1749.29,446.68,25.14,58.17,0.6960,1,-1,-1
1189,318,983.84,352.82,47.13,23.24,0.3693,4,-1,-1
1189,323,1058.37,355.84,27.38,15.92,0.1913,4,-1,-1
1189,329,745.63,336.23,56.89,27.02,0.1086,4,-1,-1
1189,326,933.00,462.16,23.76,54.60,0.6901,1,-1,-1
1189,338,1102.89,356.55,45.02,18.93,0.2918,4,-1,-1
1189,341,970.00,467.87,26.18,42.20,0.2330,1,-1,-1
1189,343,970.52,469.26,23.77,41.75,0.3684,2,-1,-1
1189,321,834.08,445.13,25.62,68.83,0.4630,1,-1,-1
1189,346,962.88,391.75,63.48,26.45,0.3942,4,-1,-1
1189,348,723.67,356.42,47.21,28.16,0.5496,4,-1,-1
1189,349,1292.13,525.25,75.10,46.47,0.5370,3,-1,-1
1189,351,1212.08,353.70,48.26,20.15,0.4727,4,-1,-1
1189,327,854.98,457.09,23.95,60.41,0.6851,1,-1,-1
1190,261,743.14,339.60,58.69,30.91,0.4196,4,-1,-1
1190,287,646.54,335.88,50.47,21.78,0.1176,4,-1,-1
1190,303,677.38,403.34,15.61,36.20,0.6298,1,-1,-1
1190,305,1103.62,335.05,41.49,17.16,0.2127,4,-1,-1
1190,296,1776.80,454.10,25.56,55.34,0.7001,1,-1,-1
1190,300,1749.44,446.29,25.28,58.68,0.7074,1,-1,-1
1190,318,983.73,352.85,46.97,23.13,0.3513,4,-1,-1
1190,323,1057.88,355.80,27.85,16.45,0.1944,4,-1,-1
1190,329,745.73,336.08,57.23,27.19,0.1009,4,-1,-1
1190,326,934.19,462.66,23.63,53.78,0.6918,1,-1,-1
1190,338,1102.93,356.57,44.83,18.92,0.3183,4,-1,-1
1190,341,968.87,468.05,26.57,42.21,0.1500,1,-1,-1
1190,343,970.80,469.09,24.51,41.55,0.4254,2,-1,-1
1190,321,832.85,447.74,25.82,69.46,0.3478,1,-1,-1
1190,346,962.58,391.44,63.75,26.44,0.3702,4,-1,-1
1190,348,723.49,356.28,47.65,28.34,0.5477,4,-1,-1
1190,349,1296.40,525.03,75.37,46.44,0.6689,3,-1,-1
1190,351,1211.98,353.73,48.11,20.07,0.4659,4,-1,-1
1190,327,854.87,457.25,24.04,60.63,0.6834,1,-1,-1
1191,261,743.36,339.70,58.04,30.75,0.3998,4,-1,-1
1191,287,646.69,336.04,50.24,21.56,0.1192,4,-1,-1
1191,303,677.17,403.39,15.87,36.80,0.6334,1,-1,-1
1191,305,1103.58,335.12,41.63,17.22,0.2108,4,-1,-1
1191,296,1776.88,454.15,25.46,55.26,0.7066,1,-1,-1
1191,300,1749.63,445.94,25.44,59.20,0.7106,1,-1,-1
1191,318,984.07,352.93,46.72,22.99,0.3684,4,-1,-1
1191,323,1057.88,355.75,27.63,16.58,0.2101,4,-1,-1
1191,329,743.57,339.30,53.78,25.76,0.1071,4,-1,-1
1191,326,935.57,463.09,23.67,53.48,0.6505,1,-1,-1
1191,338,1103.44,356.47,44.94,18.99,0.3225,4,-1,-1
1191,341,968.55,468.35,26.48,41.88,0.1767,1,-1,-1
1191,343,969.14,468.74,25.20,41.26,0.3433,2,-1,-1
1191,321,833.74,452.94,24.51,65.50,0.3099,1,-1,-1
1191,346,962.86,391.28,62.97,25.94,0.3858,4,-1,-1
1191,348,723.38,356.28,47.88,28.38,0.5400,4,-1,-1
1191,349,1302.24,525.99,72.19,44.07,0.6280,3,-1,-1
1191,351,1211.87,353.74,47.95,19.98,0.4552,4,-1,-1
1191,327,855.11,457.44,23.94,60.38,0.6433,1,-1,-1
1192,261,743.39,339.80,57.49,30.61,0.3989,4,-1,-1
1192,287,646.70,336.04,50.29,21.46,0.1176,4,-1,-1
1192,303,677.11,403.32,16.06,37.31,0.6316,1,-1,-1
1192,305,1103.56,335.19,41.77,17.29,0.2160,4,-1,-1
1192,296,1777.05,454.04,25.37,55.21,0.7287,1,-1,-1
1192,300,1749.78,445.71,25.37,59.17,0.7106,1,-1,-1
1192,318,984.51,353.10,46.20,22.74,0.3495,4,-1,-1
1192,323,1058.06,355.81,27.29,16.62,0.2207,4,-1,-1
1192,326,937.42,463.80,22.84,51.31,0.5098,1,-1,-1
1192,338,1104.12,356.41,44.97,18.98,0.3320,4,-1,-1
1192,341,967.20,468.97,26.13,40.85,0.1330,2,-1,-1
1192,343,971.63,469.09,24.45,40.51,0.1541,1,-1,-1
1192,321,834.05,452.65,24.28,65.42,0.2728,1,-1,-1
1192,346,963.14,391.17,62.20,25.42,0.3693,4,-1,-1
1192,348,723.26,356.26,48.10,28.42,0.5283,4,-1,-1
1192,349,1307.62,527.22,70.37,42.50,0.6406,3,-1,-1
1192,351,1211.58,353.73,47.88,19.96,0.4513,4,-1,-1
1192,327,855.85,457.50,23.17,58.59,0.6469,1,-1,-1
1193,261,743.22,339.85,57.52,30.80,0.4026,4,-1,-1
1193,287,646.73,336.04,50.39,21.42,0.1144,4,-1,-1
1193,303,677.12,403.37,16.14,37.61,0.6243,1,-1,-1
1193,305,1103.61,335.37,42.14,17.43,0.2180,4,-1,-1
1193,296,1777.13,453.84,25.28,55.13,0.7272,1,-1,-1
1193,300,1749.90,445.44,25.29,59.09,0.7074,1,-1,-1
1193,318,984.80,353.06,46.12,22.71,0.3495,4,-1,-1
1193,323,1057.70,355.78,27.52,16.98,0.2386,4,-1,-1
1193,326,939.39,464.78,21.98,49.14,0.3979,1,-1,-1
1193,338,1104.75,356.34,45.35,19.07,0.3558,4,-1,-1
1193,343,972.71,470.49,23.40,38.55,0.3693,2,-1,-1
1193,321,834.52,453.18,23.58,63.95,0.2012,1,-1,-1
1193,346,962.37,390.79,63.38,25.79,0.3657,4,-1,-1
1193,348,723.65,356.03,48.14,28.35,0.5244,4,-1,-1
1193,349,1312.40,528.36,70.58,42.18,0.4805,3,-1,-1
1193,351,1211.47,353.73,47.84,19.96,0.4475,4,-1,-1
1193,327,856.42,457.73,22.85,57.81,0.6379,1,-1,-1
1194,261,743.02,339.93,59.25,31.99,0.4054,4,-1,-1
1194,287,646.31,335.92,51.02,21.64,0.1264,4,-1,-1
1194,303,677.25,403.35,16.11,37.66,0.6002,1,-1,-1
1194,305,1103.46,335.38,42.87,17.74,0.2261,4,-1,-1
1194,296,1777.06,453.23,25.42,55.56,0.7303,1,-1,-1
1194,300,1750.10,445.41,25.15,58.90,0.7090,1,-1,-1
1194,318,985.05,353.05,46.18,22.73,0.4092,4,-1,-1
1194,323,1056.41,355.46,28.38,17.68,0.2422,4,-1,-1
1194,326,940.47,465.12,21.51,48.10,0.2422,2,-1,-1
1194,338,1105.37,355.46,47.99,20.13,0.3346,4,-1,-1
1194,343,974.49,471.25,22.69,37.31,0.3513,2,-1,-1
1194,321,834.78,453.56,23.20,63.45,0.1661,1,-1,-1
1194,346,961.83,390.61,64.36,26.10,0.3785,4,-1,-1
1194,348,723.74,355.86,48.34,28.40,0.5263,4,-1,-1
1194,349,1317.95,529.80,68.06,40.18,0.2344,3,-1,-1
1194,351,1211.10,353.71,48.87,20.43,0.4494,4,-1,-1
1194,327,857.03,458.04,22.61,57.36,0.6487,1,-1,-1
1195,261,743.17,339.99,59.67,32.46,0.4111,4,-1,-1
1195,287,645.90,335.65,51.83,21.95,0.1362,4,-1,-1
1195,303,677.42,403.35,15.90,37.17,0.5622,1,-1,-1
1195,305,1103.42,335.27,43.43,17.97,0.2254,4,-1,-1
1195,296,1776.92,452.52,25.85,56.61,0.7318,1,-1,-1
1195,300,1750.29,445.35,25.12,58.86,0.7154,1,-1,-1
1195,318,985.18,352.96,46.38,22.84,0.4301,4,-1,-1
1195,323,1055.53,355.08,28.76,18.07,0.2524,4,-1,-1
1195,326,940.79,464.26,21.83,48.92,0.2524,1,-1,-1
1195,338,1105.39,354.91,49.63,20.79,0.3346,4,-1,-1
1195,343,976.32,470.43,22.87,37.55,0.2147,2,-1,-1
1195,321,834.74,454.18,22.85,62.91,0.1343,1,-1,-1
1195,346,961.21,390.37,65.57,26.56,0.4036,4,-1,-1
1195,348,723.21,355.48,48.88,28.77,0.5341,4,-1,-1
1195,349,1322.37,529.32,66.42,38.85,0.1848,3,-1,-1
1195,351,1210.81,353.70,49.71,20.84,0.4639,4,-1,-1
1195,327,857.53,458.29,22.45,57.05,0.6307,1,-1,-1
1196,261,743.28,339.99,59.96,32.83,0.4273,4,-1,-1
1196,287,645.21,335.49,53.03,22.45,0.1403,4,-1,-1
1196,303,677.57,403.31,15.77,36.84,0.5254,1,-1,-1
1196,305,1103.13,335.09,44.42,18.42,0.2227,4,-1,-1
1196,296,1777.08,451.73,25.98,56.96,0.7364,1,-1,-1
1196,300,1750.47,445.41,25.04,58.67,0.7154,1,-1,-1
1196,318,985.18,352.90,46.52,22.93,0.4397,4,-1,-1
1196,323,1054.38,354.76,29.44,18.60,0.2408,4,-1,-1
1196,326,941.59,464.10,21.85,48.92,0.2591,1,-1,-1
1196,338,1105.12,354.52,50.96,21.33,0.3363,4,-1,-1
1196,343,977.36,469.38,23.51,38.11,0.2140,2,-1,-1
1196,346,961.03,390.21,65.93,26.67,0.3914,4,-1,-1
1196,348,723.00,355.17,49.27,29.06,0.5458,4,-1,-1
1196,349,1326.06,528.18,71.24,41.57,0.4610,3,-1,-1
1196,351,1210.55,353.65,50.44,21.22,0.4504,4,-1,-1
1196,327,858.12,458.55,22.25,56.64,0.6451,1,-1,-1
1197,261,743.63,340.33,59.42,32.68,0.4036,4,-1,-1
1197,287,645.13,335.54,52.99,22.40,0.1418,4,-1,-1
1197,303,677.65,403.43,15.93,37.23,0.5332,1,-1,-1
1197,305,1102.97,334.94,45.36,18.84,0.2275,4,-1,-1
1197,296,1777.54,451.00,26.03,57.05,0.7394,1,-1,-1
1197,300,1750.68,445.57,24.87,58.33,0.7202,1,-1,-1
1197,318,985.04,352.89,46.49,22.94,0.4397,4,-1,-1
1197,323,1053.58,354.41,29.84,18.95,0.2330,4,-1,-1
1197,326,943.70,464.67,21.52,48.24,0.2394,1,-1,-1
1197,338,1104.77,354.23,52.01,21.78,0.3320,4,-1,-1
1197,343,978.34,468.87,24.09,38.79,0.2365,2,-1,-1
1197,346,961.04,390.13,65.81,26.56,0.3803,4,-1,-1
1197,348,723.07,354.95,49.42,29.22,0.5516,4,-1,-1
1197,349,1333.36,530.01,67.89,38.92,0.2591,3,-1,-1
1197,351,1210.18,353.55,51.17,21.60,0.4446,4,-1,-1
1197,327,858.80,458.94,21.90,55.82,0.6397,1,-1,-1
1198,261,744.25,340.34,59.15,32.64,0.4130,4,-1,-1
1198,287,646.79,335.31,51.82,21.79,0.1437,4,-1,-1
1198,303,677.58,403.56,16.04,37.58,0.4941,1,-1,-1
1198,305,1103.00,334.93,45.48,18.91,0.2576,4,-1,-1
1198,296,1777.92,450.98,25.60,56.20,0.7303,1,-1,-1
1198,300,1751.22,445.62,24.77,58.01,0.7058,1,-1,-1
1198,318,984.68,352.63,46.86,23.17,0.4571,4,-1,-1
1198,323,1051.28,353.95,31.24,19.80,0.2394,4,-1,-1
1198,326,945.66,462.58,22.17,49.63,0.1913,2,-1,-1
1198,338,1104.74,354.03,52.59,22.03,0.3576,4,-1,-1
1198,346,959.67,390.37,68.49,27.76,0.4340,4,-1,-1
1198,348,722.91,354.88,49.51,29.39,0.5860,4,-1,-1
1198,349,1337.95,526.88,70.53,40.28,0.1105,3,-1,-1
1198,351,1210.03,353.49,51.54,21.82,0.4359,4,-1,-1
1198,327,860.15,458.98,21.88,55.57,0.6575,1,-1,-1
1199,261,745.07,339.98,60.00,33.08,0.4698,4,-1,-1
1199,287,646.29,335.27,53.69,22.51,0.1634,4,-1,-1
1199,303,678.15,403.22,16.15,37.62,0.5332,1,-1,-1
1199,305,1105.12,335.27,46.29,19.12,0.1603,4,-1,-1
1199,296,1778.21,450.06,25.79,56.75,0.7178,1,-1,-1
1199,300,1752.27,445.01,24.94,58.15,0.7225,1,-1,-1
1199,318,983.47,352.50,46.90,23.24,0.3132,4,-1,-1
1199,323,1051.69,353.89,31.31,19.89,0.1339,4,-1,-1
1199,326,946.27,461.53,22.72,51.10,0.1242,1,-1,-1
1199,338,1105.75,354.81,50.23,20.92,0.2894,4,-1,-1
1199,346,959.26,390.61,69.77,28.40,0.4610,4,-1,-1
1199,348,722.25,354.19,50.33,30.09,0.5955,4,-1,-1
1199,351,1210.38,353.41,52.17,22.08,0.3989,4,-1,-1
1199,327,860.98,458.92,22.20,56.24,0.6749,1,-1,-1
1200,261,745.37,339.79,59.76,32.83,0.4668,4,-1,-1
1200,287,643.75,334.62,52.76,22.03,0.1312,4,-1,-1
1200,303,679.65,402.45,16.05,37.11,0.5429,1,-1,-1
1200,305,1105.74,335.24,47.40,19.54,0.1603,4,-1,-1
1200,296,1779.82,450.60,25.41,55.96,0.6215,1,-1,-1
1200,300,1753.91,444.56,24.91,58.18,0.6885,1,-1,-1
1200,318,982.76,352.70,46.23,22.94,0.3666,4,-1,-1
1200,323,1046.58,353.15,36.59,22.82,0.1830,4,-1,-1
1200,326,947.59,456.47,24.47,55.36,0.1582,2,-1,-1
1200,338,1106.15,354.70,50.29,20.85,0.3065,4,-1,-1
1200,346,958.98,390.99,72.59,29.78,0.4659,4,-1,-1
1200,348,720.93,353.98,50.67,30.26,0.5380,4,-1,-1
1200,351,1211.19,353.51,53.24,22.47,0.3478,4,-1,-1
1200,327,861.82,459.14,22.24,56.22,0.6379,1,-1,-1
1201,261,754.34,346.28,51.18,27.50,0.4225,4,-1,-1
1201,287,648.25,332.48,51.67,21.64,0.2154,4,-1,-1
1201,303,681.13,402.16,16.10,37.19,0.5409,1,-1,-1
1201,305,1105.20,333.73,48.92,20.25,0.3090,4,-1,-1
1201,296,1781.95,450.72,25.60,56.43,0.6645,1,-1,-1
1201,300,1756.90,443.53,25.65,59.72,0.7364,1,-1,-1
1201,318,983.92,351.44,49.14,24.28,0.4513,4,-1,-1
1201,323,1041.89,351.16,41.27,25.30,0.2682,4,-1,-1
1201,326,950.36,459.08,23.24,52.21,0.2121,2,-1,-1
1201,338,1103.77,354.03,52.36,21.75,0.2309,4,-1,-1
1201,346,954.95,391.03,81.86,34.08,0.3785,4,-1,-1
1201,348,724.59,355.13,48.25,28.85,0.5029,4,-1,-1
1201,351,1213.42,353.38,54.30,22.99,0.4844,4,-1,-1
1201,327,864.42,458.65,22.09,55.92,0.6514,1,-1,-1
1202,261,765.50,348.92,45.92,24.83,0.5593,4,-1,-1
1202,287,652.00,331.75,50.68,21.31,0.3016,4,-1,-1
1202,303,683.08,401.86,16.05,36.79,0.4407,1,-1,-1
1202,305,1105.29,334.43,50.53,21.14,0.2568,4,-1,-1
1202,296,1785.26,450.23,26.08,57.70,0.6766,1,-1,-1
1202,300,1759.41,442.71,26.28,61.14,0.7318,1,-1,-1
1202,318,984.14,351.48,50.23,24.41,0.5823,4,-1,-1
1202,323,1041.35,350.23,43.74,26.37,0.3666,4,-1,-1
1202,326,954.61,455.54,24.99,54.21,0.1184,2,-1,-1
1202,338,1102.84,352.76,56.24,23.39,0.2958,4,-1,-1
1202,346,958.71,388.66,77.47,32.36,0.1824,4,-1,-1
1202,348,728.19,354.17,48.47,29.08,0.5974,4,-1,-1
1202,351,1213.97,353.01,57.20,24.37,0.5117,4,-1,-1
1202,327,867.09,459.15,22.07,55.83,0.6935,1,-1,-1
1203,261,770.39,349.15,44.54,24.28,0.4263,4,-1,-1
1203,287,652.87,331.23,53.73,22.74,0.2114,4,-1,-1
1203,303,686.07,401.65,15.18,34.52,0.2154,1,-1,-1
1203,305,1109.36,334.65,49.12,20.54,0.2254,4,-1,-1
1203,296,1788.30,450.44,26.05,57.22,0.7469,1,-1,-1
1203,300,1763.47,442.80,25.73,59.81,0.7033,1,-1,-1
1203,318,981.32,349.84,54.02,26.07,0.1030,4,-1,-1
1203,323,1041.41,349.30,45.83,27.11,0.2950,4,-1,-1
1203,326,959.41,452.81,25.74,55.70,0.1192,1,-1,-1
1203,338,1106.05,352.68,56.00,23.17,0.1694,4,-1,-1
1203,346,960.91,388.53,77.29,32.34,0.2372,4,-1,-1
1203,348,729.68,353.84,49.89,29.96,0.3675,4,-1,-1
1203,351,1216.30,352.94,58.30,25.11,0.4961,4,-1,-1
1203,327,869.75,459.02,22.32,56.14,0.6379,1,-1,-1
1204,261,774.66,350.06,42.91,23.27,0.2546,4,-1,-1
1204,287,654.78,331.25,54.70,23.14,0.2494,4,-1,-1
1204,303,689.32,402.45,15.12,34.19,0.2975,1,-1,-1
1204,305,1113.01,334.68,48.81,20.44,0.2473,4,-1,-1
1204,296,1792.41,451.58,25.63,56.12,0.6885,1,-1,-1
1204,300,1767.57,442.29,25.67,59.34,0.7272,1,-1,-1
1204,318,987.47,350.92,52.08,24.88,0.5107,4,-1,-1
1204,323,1042.36,348.39,47.81,27.94,0.2697,4,-1,-1
1204,326,963.30,454.42,24.48,53.09,0.1790,1,-1,-1
1204,338,1108.59,352.62,56.84,23.53,0.1801,4,-1,-1
1204,346,963.21,387.99,77.97,32.71,0.2591,4,-1,-1
1204,348,732.99,353.89,49.45,29.62,0.4941,4,-1,-1
1204,351,1220.82,353.05,57.16,24.73,0.4746,4,-1,-1
1204,327,873.17,458.51,22.31,56.19,0.6732,1,-1,-1
1204,357,941.64,447.86,22.93,46.69,0.6142,1,-1,-1
1205,261,768.13,347.91,48.53,25.80,0.4388,4,-1,-1
1205,287,657.73,331.00,54.30,22.86,0.1830,4,-1,-1
1205,303,692.86,402.38,14.91,33.31,0.4149,1,-1,-1
1205,305,1115.49,334.54,48.10,20.19,0.2713,4,-1,-1
1205,296,1796.67,450.67,26.03,57.27,0.6540,1,-1,-1
1205,300,1771.15,442.66,25.98,59.96,0.7009,1,-1,-1
1205,318,993.28,351.45,50.44,24.22,0.3576,4,-1,-1
1205,323,1047.19,349.35,47.00,27.26,0.3311,4,-1,-1
1205,326,969.67,451.99,26.06,55.17,0.2187,1,-1,-1
1205,338,1110.89,352.72,56.78,23.38,0.2075,4,-1,-1
1205,346,963.31,387.65,81.48,34.39,0.4254,4,-1,-1
1205,348,736.33,354.27,48.27,28.75,0.4446,4,-1,-1
1205,351,1223.82,353.24,56.99,24.63,0.4216,4,-1,-1
1205,327,876.00,458.89,22.45,56.21,0.6918,1,-1,-1
1205,357,944.64,447.57,23.07,47.03,0.6628,1,-1,-1
1206,261,771.11,348.38,48.53,25.36,0.4990,4,-1,-1
1206,287,661.82,331.11,53.09,22.27,0.2553,4,-1,-1
1206,303,695.37,402.00,15.58,34.67,0.4083,1,-1,-1
1206,305,1116.51,334.92,50.34,21.32,0.1944,4,-1,-1
1206,296,1801.06,451.42,25.40,55.93,0.7303,1,-1,-1
1206,300,1775.81,443.21,25.78,59.34,0.6901,1,-1,-1
1206,318,995.58,350.92,52.10,24.82,0.5496,4,-1,-1
1206,323,1050.79,349.19,46.84,26.99,0.2214,4,-1,-1
1206,326,972.21,453.92,25.43,53.54,0.1830,1,-1,-1
1206,338,1113.01,352.94,56.89,23.29,0.1889,4,-1,-1
1206,346,969.02,386.86,77.61,32.92,0.2344,4,-1,-1
1206,348,739.99,353.80,48.89,29.14,0.5708,4,-1,-1
1206,351,1225.73,353.18,57.69,25.16,0.3460,4,-1,-1
1206,327,878.14,458.73,22.94,57.20,0.7001,1,-1,-1
1206,357,946.68,447.20,23.31,47.66,0.6593,1,-1,-1
1207,261,781.48,349.58,44.48,23.50,0.5283,4,-1,-1
1207,287,666.71,331.56,51.71,21.80,0.1520,4,-1,-1
1207,303,698.76,402.89,15.65,34.62,0.3433,1,-1,-1
1207,305,1119.79,334.82,48.76,20.81,0.1722,4,-1,-1
1207,296,1805.74,452.25,25.02,54.80,0.6766,1,-1,-1
1207,300,1780.20,443.04,26.01,59.67,0.7210,1,-1,-1
1207,318,1000.89,351.37,50.35,24.09,0.2344,4,-1,-1
1207,323,1054.43,350.60,44.69,25.56,0.1446,4,-1,-1
1207,326,977.76,464.00,21.52,44.19,0.1865,1,-1,-1
1207,338,1113.02,350.99,61.27,25.03,0.1156,4,-1,-1
1207,346,973.06,386.94,74.27,31.34,0.2436,4,-1,-1
1207,348,744.16,354.24,48.57,28.85,0.5205,4,-1,-1
1207,351,1228.39,352.89,58.75,25.82,0.3785,4,-1,-1
1207,327,881.86,458.86,22.84,57.06,0.6379,1,-1,-1
1207,357,948.70,447.50,22.60,46.54,0.6343,1,-1,-1
1208,261,782.66,349.89,44.02,22.82,0.4036,4,-1,-1
1208,287,668.87,332.54,52.86,22.30,0.2069,4,-1,-1
1208,303,701.74,403.07,16.00,35.26,0.5429,1,-1,-1
1208,305,1123.00,333.75,48.91,21.01,0.2140,4,-1,-1
1208,296,1810.15,453.00,25.23,55.15,0.7241,1,-1,-1
1208,300,1784.06,442.21,26.40,60.37,0.7272,1,-1,-1
1208,318,1002.99,351.04,51.26,24.42,0.3886,4,-1,-1
1208,323,1057.17,350.59,44.20,25.43,0.1700,4,-1,-1
1208,326,978.84,458.65,23.79,48.92,0.3140,1,-1,-1
1208,338,1110.38,351.19,63.75,25.72,0.1298,4,-1,-1
1208,346,975.60,387.09,73.42,30.73,0.1618,4,-1,-1
1208,348,746.11,354.19,49.29,28.99,0.5254,4,-1,-1
1208,351,1232.71,352.76,57.71,25.50,0.4007,4,-1,-1
1208,327,885.23,458.22,22.85,57.06,0.6270,1,-1,-1
1208,357,949.77,446.29,23.12,47.89,0.6451,1,-1,-1
1209,261,790.18,350.73,42.31,22.07,0.5302,4,-1,-1
1209,287,674.00,332.61,49.05,20.57,0.1500,4,-1,-1
1209,303,705.41,402.89,15.65,34.32,0.4795,1,-1,-1
1209,305,1127.25,333.49,47.32,20.30,0.2790,4,-1,-1
1209,296,1813.82,452.94,25.13,55.00,0.7272,1,-1,-1
1209,300,1788.26,442.28,25.70,58.82,0.7210,1,-1,-1
1209,318,1006.46,351.62,49.20,23.69,0.3585,4,-1,-1
1209,323,1060.62,351.38,44.11,24.95,0.3407,4,-1,-1
1209,326,980.46,455.95,25.03,51.07,0.1510,1,-1,-1
1209,338,1115.14,352.48,60.00,24.09,0.2295,4,-1,-1
1209,346,978.53,388.21,73.79,30.70,0.1938,4,-1,-1
1209,348,749.29,354.53,48.37,28.47,0.5593,4,-1,-1
1209,351,1237.04,352.86,54.49,23.97,0.4678,4,-1,-1
1209,327,887.92,458.84,22.61,55.90,0.6252,1,-1,-1
1209,357,950.19,443.28,24.14,50.47,0.6558,1,-1,-1
1210,261,788.75,350.22,44.75,23.08,0.4805,4,-1,-1
1210,287,675.58,332.01,52.39,22.11,0.2775,4,-1,-1
1210,303,707.87,402.42,16.18,35.49,0.5195,1,-1,-1
1210,305,1127.63,332.94,50.16,21.74,0.2846,4,-1,-1
1210,296,1817.72,452.89,25.43,55.19,0.6715,1,-1,-1
1210,300,1792.21,441.97,26.38,60.03,0.7194,1,-1,-1
1210,318,1007.67,350.86,51.80,24.70,0.4475,4,-1,-1
1210,323,1061.24,350.10,46.88,26.28,0.3311,4,-1,-1
1210,326,985.02,462.61,22.53,44.85,0.3099,1,-1,-1
1210,338,1112.01,351.93,60.71,23.98,0.2316,4,-1,-1
1210,346,977.04,387.39,83.33,35.20,0.3277,4,-1,-1
1210,348,752.14,353.69,49.43,29.23,0.5842,4,-1,-1
1210,351,1238.83,352.87,55.05,24.37,0.4961,4,-1,-1
1210,327,890.94,458.88,22.64,55.55,0.6885,1,-1,-1
1210,357,951.28,442.20,24.66,52.01,0.6628,1,-1,-1
1211,261,796.52,350.57,42.78,22.35,0.6160,4,-1,-1
1211,287,679.35,331.64,51.17,21.71,0.2524,4,-1,-1
1211,303,711.16,402.85,15.34,33.61,0.3294,1,-1,-1
1211,305,1131.27,333.02,48.45,21.07,0.2598,4,-1,-1
1211,296,1821.36,452.00,26.19,56.75,0.6086,1,-1,-1
1211,300,1795.22,442.69,26.19,59.35,0.6758,1,-1,-1
1211,318,1008.70,351.08,52.04,24.47,0.4149,4,-1,-1
1211,323,1065.40,350.26,46.18,25.82,0.4941,4,-1,-1
1211,326,988.81,461.69,23.01,46.05,0.4902,1,-1,-1
1211,338,1103.26,350.27,62.09,24.47,0.1246,4,-1,-1
1211,346,983.42,386.79,75.10,31.55,0.1624,4,-1,-1
1211,348,754.78,353.66,49.09,29.02,0.6105,4,-1,-1
1211,351,1241.87,352.93,55.38,24.70,0.5574,4,-1,-1
1211,327,893.67,459.06,22.98,55.74,0.6522,1,-1,-1
1211,357,952.83,440.71,25.37,53.73,0.7098,1,-1,-1
1212,261,800.14,350.59,42.09,22.13,0.4776,4,-1,-1
1212,287,679.76,332.02,52.63,22.37,0.2095,4,-1,-1
1212,303,714.27,402.75,15.37,33.69,0.2330,1,-1,-1
1212,305,1135.33,332.93,45.27,19.68,0.2775,4,-1,-1
1212,296,1824.84,450.41,27.22,59.13,0.6415,1,-1,-1
1212,300,1798.96,443.13,26.02,59.16,0.6654,1,-1,-1
1212,318,1013.98,351.09,51.42,24.32,0.3567,4,-1,-1
1212,323,1069.51,350.74,45.79,25.64,0.2651,4,-1,-1
1212,326,992.68,463.71,22.54,44.21,0.1160,1,-1,-1
1212,338,1102.17,349.02,63.41,25.09,0.1101,4,-1,-1
1212,346,986.28,388.30,76.72,32.25,0.1750,4,-1,-1
1212,348,756.60,353.87,49.94,29.62,0.4140,4,-1,-1
1212,351,1246.37,353.15,52.77,23.47,0.5039,4,-1,-1
1212,327,897.78,459.17,22.85,55.02,0.6325,1,-1,-1
1212,357,953.28,436.95,26.72,57.03,0.6732,1,-1,-1
1213,261,794.02,348.19,47.60,24.61,0.4600,4,-1,-1
1213,287,682.49,331.70,53.72,22.77,0.1795,4,-1,-1
1213,303,717.11,402.44,15.82,34.66,0.4475,1,-1,-1
1213,305,1138.93,333.05,46.95,20.41,0.3074,4,-1,-1
1213,296,1828.35,450.55,26.67,57.79,0.6132,1,-1,-1
1213,300,1802.78,444.31,26.24,59.02,0.6424,1,-1,-1
1213,318,1015.58,351.07,51.83,24.36,0.4727,4,-1,-1
1213,323,1071.24,350.11,46.89,26.18,0.4407,4,-1,-1
1213,326,992.47,456.27,26.09,51.86,0.3513,1,-1,-1
1213,338,1100.16,348.00,66.08,26.18,0.1437,4,-1,-1
1213,346,989.76,387.53,75.71,31.79,0.2759,4,-1,-1
1213,348,759.03,353.87,49.85,29.44,0.5936,4,-1,-1
1213,351,1249.62,353.20,54.05,23.87,0.5000,4,-1,-1
1213,327,900.86,459.60,22.66,54.02,0.5860,1,-1,-1
1213,357,954.51,436.35,26.75,57.29,0.6593,1,-1,-1
1214,261,796.65,348.29,48.15,24.91,0.4225,4,-1,-1
1214,287,688.06,332.19,49.33,20.77,0.2568,4,-1,-1
1214,303,720.05,402.57,16.02,35.13,0.4776,1,-1,-1
1214,305,1140.99,332.93,49.71,21.69,0.3107,4,-1,-1
1214,296,1832.19,450.01,26.94,58.60,0.6610,1,-1,-1
1214,300,1806.31,442.95,26.89,60.77,0.7256,1,-1,-1
1214,318,1016.92,350.43,52.78,24.96,0.4417,4,-1,-1
1214,323,1073.52,349.56,48.23,26.98,0.4795,4,-1,-1
1214,326,995.37,455.14,26.35,52.05,0.1380,1,-1,-1
1214,338,1104.64,347.32,64.27,25.38,0.1196,4,-1,-1
1214,346,987.91,388.92,84.47,35.73,0.5156,4,-1,-1
1214,348,762.31,353.54,50.21,29.71,0.4349,4,-1,-1
1214,351,1250.91,353.31,54.45,23.91,0.4465,4,-1,-1
1214,327,903.13,459.74,23.32,55.01,0.6851,1,-1,-1
1214,357,955.76,437.44,25.92,55.64,0.6361,1,-1,-1
1215,261,793.91,346.55,52.48,26.93,0.4475,4,-1,-1
1215,287,688.76,331.84,53.58,22.63,0.2846,4,-1,-1
1215,303,722.27,402.71,15.92,34.90,0.3522,1,-1,-1
1215,305,1142.35,333.06,48.43,21.20,0.2568,4,-1,-1
1215,296,1835.68,449.55,27.19,59.10,0.6783,1,-1,-1
1215,300,1809.80,442.89,26.79,60.71,0.6663,1,-1,-1
1215,318,1019.65,350.40,53.44,25.11,0.5727,4,-1,-1
1215,323,1075.96,349.45,47.72,26.61,0.4083,4,-1,-1
1215,326,1000.14,461.94,23.95,45.58,0.1546,1,-1,-1
1215,338,1103.25,346.21,65.62,25.89,0.2108,4,-1,-1
1215,346,992.28,387.77,81.46,34.56,0.4083,4,-1,-1
1215,348,764.48,353.20,50.17,29.57,0.5458,4,-1,-1
1215,351,1251.95,353.17,57.63,25.37,0.5263,4,-1,-1
1215,327,906.09,460.41,23.26,54.37,0.6680,1,-1,-1
1215,357,955.79,437.95,24.87,53.94,0.5974,1,-1,-1
1216,261,805.12,348.43,46.40,24.25,0.5458,4,-1,-1
1216,287,697.15,331.89,47.01,19.95,0.2214,4,-1,-1
1216,303,726.06,403.08,15.32,33.60,0.3174,1,-1,-1
1216,305,1144.74,334.29,50.63,22.27,0.2101,4,-1,-1
1216,296,1839.38,449.48,27.09,58.66,0.6918,1,-1,-1
1216,300,1812.97,442.16,27.05,61.62,0.6901,1,-1,-1
1216,318,1022.00,350.60,52.77,24.77,0.2275,4,-1,-1
1216,323,1078.96,349.77,46.19,25.86,0.2539,4,-1,-1
1216,326,997.15,451.11,28.37,54.82,0.5898,1,-1,-1
1216,346,998.21,387.74,73.77,31.23,0.2628,4,-1,-1
1216,348,767.86,353.12,50.12,29.66,0.5361,4,-1,-1
1216,351,1254.80,352.93,57.04,25.16,0.4484,4,-1,-1
1216,327,908.48,460.94,23.03,53.58,0.6800,1,-1,-1
1216,357,955.47,438.59,23.70,52.17,0.6522,1,-1,-1
1216,358,1045.62,467.92,25.74,34.88,0.4717,2,-1,-1
1217,261,809.37,349.43,43.54,22.86,0.3803,4,-1,-1
1217,287,697.66,332.23,47.41,19.99,0.1962,4,-1,-1
1217,303,728.03,402.72,15.83,34.73,0.3998,1,-1,-1
1217,305,1144.81,333.36,55.34,24.69,0.1678,4,-1,-1
1217,296,1843.09,450.11,27.07,58.64,0.6575,1,-1,-1
1217,300,1816.86,441.49,26.91,61.66,0.7303,1,-1,-1
1217,318,1025.11,350.25,53.47,25.05,0.2583,4,-1,-1
1217,326,997.33,448.23,29.05,57.21,0.5400,1,-1,-1
1217,346,998.73,388.14,78.37,33.47,0.3684,4,-1,-1
1217,348,771.29,353.50,49.81,29.51,0.5775,4,-1,-1
1217,351,1258.48,352.92,57.66,25.43,0.4064,4,-1,-1
1217,327,911.38,460.92,23.10,53.60,0.6487,1,-1,-1
1217,357,956.72,439.37,22.97,51.09,0.6540,1,-1,-1
1217,358,1050.18,468.12,24.88,33.67,0.4036,2,-1,-1
1218,261,813.93,349.44,42.55,22.53,0.4158,4,-1,-1
1218,287,701.85,331.89,46.93,19.69,0.2870,4,-1,-1
1218,303,731.19,403.03,16.39,36.08,0.4017,1,-1,-1
1218,305,1147.43,332.90,55.25,24.83,0.1865,4,-1,-1
1218,296,1847.47,450.58,27.15,58.91,0.6197,1,-1,-1
1218,300,1820.20,441.24,26.78,61.36,0.6415,1,-1,-1
1218,318,1026.32,349.69,54.88,25.71,0.2613,4,-1,-1
1218,326,999.39,450.25,27.53,54.94,0.6160,1,-1,-1
1218,346,999.07,388.24,82.20,35.48,0.3363,4,-1,-1
1218,348,773.20,353.29,49.25,29.22,0.6123,4,-1,-1
1218,351,1261.54,352.88,55.08,24.21,0.4893,4,-1,-1
1218,327,913.86,460.86,23.09,53.58,0.7025,1,-1,-1
1218,357,957.72,439.48,22.41,50.56,0.6179,1,-1,-1
1218,358,1054.98,468.19,24.61,33.28,0.3868,2,-1,-1
1219,261,806.27,347.12,48.28,25.26,0.4168,4,-1,-1
1219,287,701.38,331.70,51.16,21.57,0.3675,4,-1,-1
1219,303,733.93,403.07,16.81,37.08,0.3630,1,-1,-1
1219,305,1150.18,332.50,53.29,24.17,0.2436,4,-1,-1
1219,296,1850.89,450.40,27.06,58.47,0.6215,1,-1,-1
1219,300,1823.87,441.14,26.92,61.55,0.7114,1,-1,-1
1219,318,1030.12,349.65,54.47,25.64,0.2408,4,-1,-1
1219,326,1001.05,451.33,26.31,53.30,0.5765,1,-1,-1
1219,346,1001.19,388.42,82.96,36.17,0.4254,4,-1,-1
1219,348,775.46,353.05,49.80,29.71,0.5860,4,-1,-1
1219,351,1262.61,353.01,56.03,24.70,0.4513,4,-1,-1
1219,327,917.28,461.43,23.00,53.28,0.7186,1,-1,-1
1219,357,958.98,441.91,20.98,47.70,0.4092,1,-1,-1
1219,358,1059.07,467.32,25.17,34.02,0.3576,2,-1,-1
1220,261,814.66,348.26,44.88,23.85,0.5224,4,-1,-1
1220,287,702.41,331.75,52.12,22.10,0.2806,4,-1,-1
1220,303,736.46,403.10,16.04,35.27,0.2082,1,-1,-1
1220,305,1155.43,332.81,47.53,21.48,0.2568,4,-1,-1
1220,296,1855.40,451.32,26.14,56.56,0.6487,1,-1,-1
1220,300,1827.80,441.41,27.07,61.39,0.6697,1,-1,-1
1220,318,1033.40,350.76,51.47,24.10,0.4746,4,-1,-1
1220,326,1003.46,451.95,25.78,52.66,0.6270,1,-1,-1
1220,346,1006.58,388.18,77.80,34.10,0.3567,4,-1,-1
1220,348,778.10,353.34,48.42,28.81,0.5244,4,-1,-1
1220,351,1266.41,352.96,54.38,24.05,0.5419,4,-1,-1
1220,327,919.44,461.74,23.02,53.12,0.7050,1,-1,-1
1220,357,959.82,441.38,20.84,47.92,0.5851,1,-1,-1
1220,358,1063.61,467.17,25.40,34.33,0.4292,2,-1,-1
1221,261,821.69,349.62,41.69,22.46,0.5574,4,-1,-1
1221,287,706.21,331.94,50.26,21.27,0.2401,4,-1,-1
1221,303,739.40,402.85,16.23,35.53,0.2886,1,-1,-1
1221,305,1159.95,334.11,44.79,20.23,0.2063,4,-1,-1
1221,296,1858.76,451.23,26.15,56.82,0.6851,1,-1,-1
1221,300,1830.96,441.01,27.05,61.51,0.7178,1,-1,-1
1221,318,1038.18,350.71,50.12,23.65,0.3337,4,-1,-1
1221,326,1005.41,450.93,25.87,52.99,0.5917,1,-1,-1
1221,346,1011.81,387.48,72.58,31.74,0.1603,4,-1,-1
1221,348,780.43,353.15,49.48,29.60,0.4311,4,-1,-1
1221,351,1270.13,353.06,52.28,23.04,0.4971,4,-1,-1
1221,327,922.90,461.65,23.00,53.10,0.6451,1,-1,-1
1221,357,961.64,442.54,20.10,46.58,0.6160,1,-1,-1
1221,358,1067.88,467.00,25.70,34.73,0.3914,2,-1,-1
1222,261,822.88,349.28,41.58,22.55,0.4073,4,-1,-1
1222,287,706.50,331.91,50.42,21.38,0.1871,4,-1,-1
1222,303,741.51,402.80,16.27,35.49,0.3082,1,-1,-1
1222,305,1163.01,333.62,44.34,20.03,0.2751,4,-1,-1
1222,296,1861.51,451.11,26.31,57.28,0.7303,1,-1,-1
1222,300,1833.88,440.97,27.15,61.75,0.6817,1,-1,-1
1222,318,1040.98,350.46,50.42,23.90,0.3398,4,-1,-1
1222,326,1006.91,451.23,25.61,52.68,0.6179,1,-1,-1
1222,346,1014.04,389.28,74.64,32.81,0.3115,4,-1,-1
1222,348,782.33,353.15,49.92,29.95,0.5185,4,-1,-1
1222,351,1273.21,353.14,52.31,22.88,0.4698,4,-1,-1
1222,327,925.50,461.60,22.92,52.87,0.7114,1,-1,-1
1222,357,962.42,441.86,19.94,46.66,0.6628,1,-1,-1
1222,358,1072.17,467.40,25.44,34.22,0.4330,2,-1,-1
1223,261,825.60,348.46,42.35,23.35,0.4659,4,-1,-1
1223,287,711.30,331.70,50.62,21.41,0.2302,4,-1,-1
1223,303,744.03,403.74,16.27,35.45,0.2682,1,-1,-1
1223,305,1165.05,332.94,46.97,21.22,0.2101,4,-1,-1
1223,296,1864.84,451.29,25.89,56.36,0.7050,1,-1,-1
1223,300,1836.86,441.54,26.97,61.27,0.7146,1,-1,-1
1223,318,1042.77,350.06,51.35,24.64,0.3693,4,-1,-1
1223,326,1008.37,449.36,25.66,53.81,0.6179,1,-1,-1
1223,346,1014.27,388.76,78.31,34.72,0.2967,4,-1,-1
1223,348,784.27,352.10,50.51,30.45,0.5727,4,-1,-1
1223,351,1275.15,353.24,51.84,22.53,0.4359,4,-1,-1
1223,327,928.29,461.88,22.96,52.75,0.7194,1,-1,-1
1223,357,962.54,440.20,20.58,48.72,0.6270,1,-1,-1
1223,358,1076.49,467.36,25.42,34.02,0.4130,2,-1,-1
1224,261,819.50,347.25,45.87,24.82,0.5029,4,-1,-1
1224,287,713.81,331.60,50.01,21.00,0.2894,4,-1,-1
1224,303,746.51,402.76,16.69,36.29,0.4407,1,-1,-1
1224,305,1165.40,332.27,49.26,22.42,0.2154,4,-1,-1
1224,296,1868.18,451.69,25.63,55.77,0.7001,1,-1,-1
1224,300,1840.60,441.20,26.52,59.94,0.6901,1,-1,-1
1224,318,1045.88,350.16,50.56,24.46,0.3933,4,-1,-1
1224,326,1009.25,445.98,26.52,56.75,0.6558,1,-1,-1
1224,346,1014.15,388.83,80.07,35.59,0.3372,4,-1,-1
1224,348,787.32,352.47,49.94,30.20,0.5137,4,-1,-1
1224,351,1276.03,353.25,54.21,23.53,0.4359,4,-1,-1
1224,327,931.44,461.09,23.15,53.37,0.7042,1,-1,-1
1224,357,962.28,439.71,20.64,48.91,0.6049,1,-1,-1
1224,358,1080.44,467.73,24.99,33.35,0.4600,2,-1,-1
1225,261,821.53,347.43,45.78,24.60,0.4620,4,-1,-1
1225,287,713.74,331.96,53.27,22.51,0.2436,4,-1,-1
1225,303,749.20,403.86,16.57,36.26,0.2268,1,-1,-1
1225,305,1166.01,332.50,50.68,23.20,0.2147,4,-1,-1
1225,296,1871.84,450.76,25.95,56.57,0.6868,1,-1,-1
1225,300,1843.74,443.41,25.69,57.87,0.6132,1,-1,-1
1225,318,1048.04,350.71,49.28,23.86,0.4121,4,-1,-1
1225,326,1010.40,445.37,26.23,57.17,0.6540,1,-1,-1
1225,346,1014.11,387.51,83.30,37.42,0.3057,4,-1,-1
1225,348,789.10,352.65,49.46,29.79,0.4206,4,-1,-1
1225,351,1278.64,352.92,54.66,23.76,0.4902,4,-1,-1
1225,327,933.82,461.37,22.91,53.00,0.6968,1,-1,-1
1225,357,961.38,438.95,21.03,49.54,0.6343,1,-1,-1
1225,358,1084.78,468.62,24.57,32.66,0.3208,2,-1,-1
1225,360,883.31,437.19,20.34,51.23,0.6270,1,-1,-1
1226,261,830.24,348.63,42.36,23.04,0.5860,4,-1,-1
1226,287,718.22,332.26,50.84,21.54,0.2127,4,-1,-1
1226,303,751.67,403.85,16.50,35.98,0.4436,1,-1,-1
1226,305,1168.79,332.93,47.38,21.69,0.2473,4,-1,-1
1226,296,1874.33,449.96,26.39,57.56,0.6951,1,-1,-1
1226,300,1847.15,442.85,26.01,58.43,0.6487,1,-1,-1
1226,318,1051.15,351.28,47.43,23.07,0.3961,4,-1,-1
1226,326,1012.24,445.82,25.64,56.89,0.6487,1,-1,-1
1226,346,1021.48,387.22,73.78,32.95,0.2167,4,-1,-1
1226,348,792.13,352.66,48.67,29.34,0.5205,4,-1,-1
1226,351,1282.22,353.16,52.83,22.86,0.4678,4,-1,-1
1226,327,936.63,461.51,22.94,53.03,0.7454,1,-1,-1
1226,357,961.63,438.26,21.11,49.51,0.6540,1,-1,-1
1226,358,1088.49,468.22,25.62,33.83,0.3840,2,-1,-1
1226,360,884.91,436.75,19.89,50.05,0.6885,1,-1,-1
1227,261,829.00,347.55,43.77,23.63,0.5166,4,-1,-1
1227,287,713.65,332.52,60.60,26.03,0.1778,4,-1,-1
1227,303,753.51,403.29,16.45,35.88,0.4630,1,-1,-1
1227,305,1170.83,333.23,50.05,23.10,0.2268,4,-1,-1
1227,296,1877.04,449.27,26.62,57.85,0.6732,1,-1,-1
1227,300,1849.96,443.23,26.24,58.56,0.6951,1,-1,-1
1227,318,1053.56,350.84,47.81,23.39,0.2502,4,-1,-1
1227,326,1013.54,445.80,25.42,57.20,0.6505,1,-1,-1
1227,346,1026.38,387.95,70.90,31.48,0.1298,4,-1,-1
1227,348,793.96,352.53,49.32,29.80,0.4494,4,-1,-1
1227,351,1284.28,353.07,53.78,23.24,0.4273,4,-1,-1
1227,327,938.85,461.71,22.35,51.56,0.7684,1,-1,-1
1227,357,961.79,437.56,21.61,50.47,0.6723,1,-1,-1
1227,358,1085.28,468.29,39.84,54.54,0.5263,1,-1,-1
1227,360,886.14,436.79,19.60,49.27,0.6575,1,-1,-1
1228,261,835.78,348.74,40.87,22.43,0.4244,4,-1,-1
1228,287,716.21,332.20,59.22,25.56,0.1813,4,-1,-1
1228,303,755.68,404.33,16.22,35.49,0.2846,1,-1,-1
1228,305,1173.02,333.36,50.68,23.53,0.2783,4,-1,-1
1228,296,1879.57,449.24,26.72,58.05,0.6901,1,-1,-1
1228,300,1852.77,442.87,26.50,59.02,0.7162,1,-1,-1
1228,318,1053.94,349.70,49.59,24.39,0.3840,4,-1,-1
1228,326,1014.36,445.94,25.22,57.23,0.5993,1,-1,-1
1228,346,1027.79,388.24,69.77,30.71,0.1505,4,-1,-1
1228,348,796.09,352.61,49.15,29.76,0.5477,4,-1,-1
1228,351,1286.29,352.97,53.47,23.10,0.5137,4,-1,-1
1228,327,940.74,460.68,22.88,52.85,0.7461,1,-1,-1
1228,357,963.69,437.23,20.91,48.75,0.5993,1,-1,-1
1228,358,1086.56,468.45,44.44,63.06,0.4737,1,-1,-1
1228,360,887.20,437.20,19.36,48.52,0.7033,1,-1,-1
1229,261,837.80,348.75,40.66,22.54,0.4727,4,-1,-1
1229,287,720.27,331.67,56.44,24.36,0.2024,4,-1,-1
1229,303,757.90,403.66,15.15,33.01,0.2516,1,-1,-1
1229,305,1176.17,332.78,49.09,22.81,0.3303,4,-1,-1
1229,296,1882.85,448.94,26.65,58.15,0.6610,1,-1,-1
1229,300,1855.25,442.19,26.92,60.32,0.7082,1,-1,-1
1229,318,1055.05,349.84,49.64,24.51,0.5049,4,-1,-1
1229,326,1015.85,446.39,24.60,56.18,0.4932,1,-1,-1
1229,346,1032.68,388.18,63.82,27.56,0.1974,4,-1,-1
1229,348,798.83,352.38,48.96,29.57,0.5564,4,-1,-1
1229,351,1287.48,353.16,53.17,22.90,0.5419,4,-1,-1
1229,327,942.95,460.32,23.01,53.10,0.6876,1,-1,-1
1229,357,965.61,437.80,19.82,46.29,0.6160,1,-1,-1
1229,358,1089.60,468.03,44.09,64.68,0.3522,1,-1,-1
1229,360,888.64,437.65,19.20,48.13,0.6697,1,-1,-1
1230,261,834.95,348.48,41.52,22.71,0.4824,4,-1,-1
1230,287,721.96,331.43,56.04,24.33,0.2894,4,-1,-1
1230,303,759.24,402.99,14.94,32.61,0.3157,1,-1,-1
1230,305,1177.04,332.73,49.00,22.84,0.3621,4,-1,-1
1230,296,1885.39,448.72,26.53,58.00,0.6935,1,-1,-1
1230,300,1857.72,442.38,26.79,60.19,0.6645,1,-1,-1
1230,318,1057.73,349.75,49.56,24.69,0.3840,4,-1,-1
1230,326,1016.99,445.79,24.49,56.19,0.5765,1,-1,-1
1230,346,1030.93,389.55,70.10,30.11,0.1490,4,-1,-1
1230,348,799.87,352.04,49.06,29.82,0.5612,4,-1,-1
1230,351,1289.97,353.08,53.04,22.85,0.5860,4,-1,-1
1230,327,945.45,460.34,22.83,53.07,0.6379,1,-1,-1
1230,357,966.49,437.71,19.32,45.29,0.6361,1,-1,-1
1230,358,1094.59,468.99,42.09,63.54,0.2282,2,-1,-1
1230,360,890.49,437.71,18.96,47.66,0.6086,1,-1,-1
1231,261,837.87,347.48,43.53,24.14,0.1656,4,-1,-1
1231,287,722.63,330.81,57.69,25.17,0.3090,4,-1,-1
1231,303,761.88,403.57,14.93,32.36,0.1618,1,-1,-1
1231,305,1179.67,332.83,46.77,21.75,0.2628,4,-1,-1
1231,296,1888.19,449.25,26.09,56.81,0.6984,1,-1,-1
1231,300,1860.48,443.19,26.60,59.77,0.6749,1,-1,-1
1231,318,1057.42,350.25,49.41,24.43,0.5302,4,-1,-1
1231,326,1018.48,445.30,24.40,55.86,0.6766,1,-1,-1
1231,346,1028.84,389.45,75.38,32.35,0.3149,4,-1,-1
1231,348,801.33,351.78,48.94,29.70,0.2926,4,-1,-1
1231,351,1292.34,352.91,51.99,22.43,0.5361,4,-1,-1
1231,327,947.98,460.44,22.82,53.10,0.6680,1,-1,-1
1231,357,966.70,436.52,19.20,45.19,0.6234,1,-1,-1
1231,358,1099.68,469.33,38.78,59.91,0.1303,1,-1,-1
1231,360,891.31,437.10,19.21,48.32,0.6800,1,-1,-1
1231,363,64.89,482.86,22.85,42.88,0.5254,1,-1,-1
1232,261,844.52,348.55,40.80,22.98,0.5263,4,-1,-1
1232,287,721.90,330.79,61.46,27.08,0.2720,4,-1,-1
1232,303,763.66,403.75,14.94,32.12,0.1739,1,-1,-1
1232,305,1181.58,333.04,45.40,21.00,0.2494,4,-1,-1
1232,296,1891.09,449.79,26.06,56.62,0.7194,1,-1,-1
1232,300,1862.81,442.48,26.49,59.59,0.7017,1,-1,-1
1232,318,1057.05,350.66,49.86,24.29,0.5879,4,-1,-1
1232,326,1019.20,445.22,24.30,55.51,0.6469,1,-1,-1
1232,346,1027.43,387.61,79.07,33.93,0.3032,4,-1,-1
1232,348,802.28,351.37,49.28,30.09,0.5059,4,-1,-1
1232,351,1294.55,352.98,51.78,22.33,0.5496,4,-1,-1
1232,327,949.89,460.27,22.92,53.39,0.7130,1,-1,-1
1232,357,967.14,435.73,19.15,45.24,0.6123,1,-1,-1
1232,360,892.45,436.59,19.40,48.82,0.5535,1,-1,-1
1232,363,66.62,480.42,24.50,46.03,0.5312,1,-1,-1
1232,323,1118.60,350.15,46.59,25.78,0.4912,4,-1,-1
1233,261,847.99,349.03,38.64,22.00,0.5263,4,-1,-1
1233,287,724.88,330.98,56.88,25.01,0.2394,4,-1,-1
1233,303,765.19,403.56,15.15,32.21,0.3346,1,-1,-1
1233,305,1183.69,333.32,44.21,20.36,0.1956,4,-1,-1
1233,296,1893.08,449.54,25.98,56.60,0.7114,1,-1,-1
1233,300,1865.34,442.66,26.13,58.77,0.6951,1,-1,-1
1233,318,1061.77,351.45,47.30,23.19,0.4254,4,-1,-1
1233,326,1019.47,444.90,24.29,55.20,0.6307,1,-1,-1
1233,346,1029.16,388.74,81.87,35.41,0.1213,4,-1,-1
1233,348,804.67,351.86,47.91,29.24,0.4571,4,-1,-1
1233,351,1297.22,352.88,52.00,22.27,0.4659,4,-1,-1
1233,327,951.56,460.54,22.96,53.34,0.6885,1,-1,-1
1233,357,967.19,434.60,18.99,44.88,0.6343,1,-1,-1
1233,360,893.51,436.31,19.50,49.01,0.6307,1,-1,-1
1233,363,70.22,480.28,25.43,47.91,0.3895,1,-1,-1
1233,323,1119.39,350.31,46.13,25.51,0.2524,4,-1,-1
1234,261,849.21,349.12,37.09,21.29,0.4359,4,-1,-1
1234,287,724.64,330.95,55.31,24.30,0.1854,4,-1,-1
1234,303,766.37,404.03,15.39,32.52,0.1733,1,-1,-1
1234,305,1186.17,333.30,44.69,20.57,0.3242,4,-1,-1
1234,296,1895.11,449.17,25.73,56.41,0.6893,1,-1,-1
1234,300,1867.99,441.49,26.45,59.56,0.6783,1,-1,-1
1234,318,1065.00,351.44,46.83,22.95,0.4513,4,-1,-1
1234,326,1020.09,444.73,24.34,54.86,0.6215,1,-1,-1
1234,346,1032.59,390.57,80.16,34.84,0.2167,4,-1,-1
1234,348,805.30,352.26,47.52,29.02,0.3933,4,-1,-1
1234,351,1298.90,352.72,53.24,22.58,0.4562,4,-1,-1
1234,327,952.78,460.72,23.02,53.35,0.6817,1,-1,-1
1234,357,967.01,433.80,19.17,45.43,0.6505,1,-1,-1
1234,360,894.26,435.80,19.89,49.84,0.7050,1,-1,-1
1234,363,74.58,482.65,24.01,45.14,0.5506,1,-1,-1
1234,323,1124.18,352.02,42.77,23.58,0.2050,4,-1,-1
1235,261,850.73,348.79,37.05,21.56,0.3504,4,-1,-1
1235,287,726.23,330.90,53.55,23.48,0.2114,4,-1,-1
1235,303,767.76,404.37,15.57,32.91,0.2767,1,-1,-1
1235,305,1188.01,333.71,48.67,22.42,0.2728,4,-1,-1
1235,296,1896.97,449.05,25.12,55.99,0.7194,1,-1,-1
1235,300,1870.42,440.91,26.66,59.81,0.7033,1,-1,-1
1235,318,1064.48,350.60,48.74,23.72,0.3840,4,-1,-1
1235,326,1021.15,444.95,24.19,54.24,0.6558,1,-1,-1
1235,346,1034.30,390.09,80.43,35.13,0.2095,4,-1,-1
1235,348,806.89,351.81,48.17,29.36,0.4254,4,-1,-1
1235,351,1298.88,352.83,54.51,23.02,0.4863,4,-1,-1
1235,327,954.36,461.29,22.85,52.73,0.6749,1,-1,-1
1235,357,966.98,433.09,19.13,45.43,0.5955,1,-1,-1
1235,360,895.07,436.11,19.82,49.40,0.7349,1,-1,-1
1235,363,78.00,481.88,23.61,44.49,0.5746,1,-1,-1
1235,323,1123.28,351.03,45.01,24.84,0.1603,4,-1,-1
1236,261,852.32,348.61,37.62,22.04,0.4571,4,-1,-1
1236,287,726.29,331.20,51.84,22.57,0.1974,4,-1,-1
1236,303,769.18,404.06,15.57,32.79,0.1366,1,-1,-1
1236,305,1188.65,333.53,53.94,24.95,0.3049,4,-1,-1
1236,296,1898.24,449.66,24.45,55.36,0.6280,1,-1,-1
1236,300,1872.43,440.02,26.91,60.05,0.7033,1,-1,-1
1236,318,1065.62,349.97,50.59,24.61,0.4844,4,-1,-1
1236,326,1021.25,445.56,24.02,53.10,0.6433,1,-1,-1
1236,346,1033.79,388.35,83.92,37.06,0.2480,4,-1,-1
1236,348,808.45,351.20,49.03,29.96,0.5458,4,-1,-1
1236,351,1297.60,352.55,58.36,24.62,0.4707,4,-1,-1
1236,327,956.24,460.92,23.05,53.03,0.6663,1,-1,-1
1236,357,966.88,432.87,18.93,44.67,0.5215,1,-1,-1
1236,360,895.62,435.79,19.98,49.46,0.6935,1,-1,-1
1236,363,80.00,477.00,25.95,49.13,0.4064,1,-1,-1
1236,323,1122.09,348.88,48.99,27.31,0.3858,4,-1,-1
1237,261,852.44,348.03,38.42,22.69,0.4980,4,-1,-1
1237,287,730.76,331.16,52.16,22.51,0.2494,4,-1,-1
1237,303,770.36,403.04,16.05,33.85,0.1148,1,-1,-1
1237,305,1189.31,333.59,53.21,24.75,0.3132,4,-1,-1
1237,296,1899.27,450.32,23.48,54.13,0.5660,1,-1,-1
1237,300,1873.77,438.99,27.67,61.55,0.7033,1,-1,-1
1237,318,1065.82,349.94,50.92,24.74,0.5283,4,-1,-1
1237,326,1021.98,445.61,24.14,52.92,0.6179,1,-1,-1
1237,346,1038.27,386.87,77.62,34.25,0.2736,4,-1,-1
1237,348,809.58,350.64,50.17,30.83,0.5302,4,-1,-1
1237,351,1299.08,352.72,57.65,24.26,0.4542,4,-1,-1
1237,327,958.62,459.91,23.42,53.64,0.6610,1,-1,-1
1237,357,967.50,432.50,17.74,41.54,0.5176,1,-1,-1
1237,360,896.01,435.48,20.21,49.57,0.5746,1,-1,-1
1237,363,82.76,477.88,25.31,48.06,0.3460,1,-1,-1
1237,323,1121.28,347.62,50.57,28.43,0.3407,4,-1,-1
1238,261,852.20,347.97,38.82,22.95,0.4815,4,-1,-1
1238,287,731.06,331.10,53.95,23.08,0.3049,4,-1,-1
1238,303,771.23,402.73,16.81,35.66,0.2480,1,-1,-1
1238,305,1189.62,334.57,54.29,25.31,0.2830,4,-1,-1
1238,296,1900.56,450.08,22.70,53.90,0.4639,1,-1,-1
1238,300,1875.42,438.59,27.94,61.86,0.7409,1,-1,-1
1238,318,1066.78,349.82,51.44,24.95,0.5302,4,-1,-1
1238,326,1021.76,445.23,24.61,53.41,0.6451,1,-1,-1
1238,346,1040.72,387.05,76.23,33.69,0.3217,4,-1,-1
1238,348,810.55,350.49,50.43,31.17,0.5146,4,-1,-1
1238,351,1301.42,352.50,57.02,24.01,0.5127,4,-1,-1
1238,327,959.80,460.20,23.33,53.09,0.6783,1,-1,-1
1238,357,967.09,432.56,17.37,40.21,0.4971,1,-1,-1
1238,360,896.45,435.11,20.45,49.71,0.5784,1,-1,-1
1238,363,86.43,479.84,23.73,44.98,0.3923,1,-1,-1
1238,323,1120.67,346.43,51.80,29.42,0.1733,4,-1,-1
1239,261,849.52,344.64,43.72,25.67,0.1059,4,-1,-1
1239,287,730.72,330.88,57.24,24.47,0.2598,4,-1,-1
1239,303,772.74,402.65,17.43,36.98,0.3469,1,-1,-1
1239,305,1190.01,335.20,57.36,26.91,0.1968,4,-1,-1
1239,296,1902.27,450.96,22.44,55.56,0.5146,1,-1,-1
1239,300,1877.03,438.44,27.93,61.56,0.7379,1,-1,-1
1239,318,1067.92,349.39,52.33,25.47,0.5088,4,-1,-1
1239,326,1022.31,445.00,24.86,53.64,0.6487,1,-1,-1
1239,346,1038.18,386.35,79.95,35.53,0.4140,4,-1,-1
1239,348,811.02,350.39,50.39,31.26,0.4225,4,-1,-1
1239,351,1302.97,352.49,56.62,23.88,0.4941,4,-1,-1
1239,327,960.89,460.88,23.29,52.66,0.6397,1,-1,-1
1239,357,966.31,432.79,18.30,42.12,0.5224,1,-1,-1
1239,360,896.90,434.88,20.73,49.81,0.5974,1,-1,-1
1239,363,89.58,482.15,22.06,41.62,0.5554,1,-1,-1
1239,323,1123.08,347.33,49.86,28.38,0.1495,4,-1,-1
1240,261,847.32,345.79,43.84,25.43,0.2798,4,-1,-1
1240,287,729.35,330.67,59.38,25.19,0.2926,4,-1,-1
1240,303,773.96,402.56,17.93,38.13,0.4273,1,-1,-1
1240,305,1191.94,336.77,55.63,26.08,0.2830,4,-1,-1
1240,296,1903.74,451.74,21.33,55.16,0.4639,1,-1,-1
1240,300,1878.57,438.71,27.94,61.26,0.7146,1,-1,-1
1240,318,1068.63,349.86,51.26,24.90,0.4591,4,-1,-1
1240,326,1022.71,445.11,24.99,53.72,0.6307,1,-1,-1
1240,346,1039.55,385.34,79.37,35.43,0.4330,4,-1,-1
1240,348,811.82,350.29,50.55,31.28,0.2394,4,-1,-1
1240,351,1303.52,352.71,56.19,23.68,0.4707,4,-1,-1
1240,327,961.78,460.26,23.74,53.47,0.6645,1,-1,-1
1240,357,964.92,433.03,21.24,49.15,0.5176,1,-1,-1
1240,360,897.16,435.04,20.82,49.33,0.5670,1,-1,-1
1240,363,92.18,482.17,21.94,41.28,0.5823,1,-1,-1
1240,323,1122.79,347.88,49.18,27.86,0.2553,4,-1,-1
1241,261,852.28,344.85,44.49,25.73,0.1225,4,-1,-1
1241,287,729.10,330.65,60.37,25.54,0.2636,4,-1,-1
1241,303,775.73,402.58,17.79,37.73,0.3585,1,-1,-1
1241,305,1195.95,335.69,54.16,25.23,0.1213,4,-1,-1
1241,300,1880.07,439.27,27.71,60.56,0.6817,1,-1,-1
1241,318,1068.72,350.93,49.52,23.74,0.5156,4,-1,-1
1241,326,1022.61,445.41,24.54,52.10,0.6433,1,-1,-1
1241,346,1038.19,386.35,82.71,37.18,0.2050,4,-1,-1
1241,348,813.17,350.39,50.82,31.41,0.3124,4,-1,-1
1241,351,1306.63,352.91,54.74,23.00,0.5205,4,-1,-1
1241,327,963.27,460.42,23.50,52.93,0.6654,1,-1,-1
1241,357,965.04,433.21,21.33,49.25,0.4542,1,-1,-1
1241,360,898.00,435.43,20.54,48.07,0.4941,1,-1,-1
1241,363,93.64,477.22,24.78,46.80,0.3933,1,-1,-1
1241,323,1127.04,349.94,45.73,25.87,0.4330,4,-1,-1
1242,261,857.60,347.09,39.99,23.46,0.4980,4,-1,-1
1242,287,735.95,331.23,56.03,23.78,0.2006,4,-1,-1
1242,303,776.78,402.85,17.25,36.76,0.4330,1,-1,-1
1242,305,1199.49,341.83,45.52,20.78,0.1634,4,-1,-1
1242,300,1881.24,438.18,28.50,62.33,0.6783,1,-1,-1
1242,318,1072.00,351.49,47.71,22.99,0.4225,4,-1,-1
1242,326,1022.96,445.30,24.67,52.49,0.6123,1,-1,-1
1242,346,1049.09,385.96,67.31,29.71,0.3157,4,-1,-1
1242,348,818.27,354.31,44.68,27.29,0.4397,4,-1,-1
1242,351,1307.41,352.65,55.36,23.24,0.4746,4,-1,-1
1242,327,964.27,460.59,23.34,52.54,0.6671,1,-1,-1
1242,357,964.88,433.49,20.02,46.15,0.4659,1,-1,-1
1242,360,898.88,435.84,20.11,46.43,0.4301,1,-1,-1
1242,363,96.26,475.49,25.37,48.04,0.3372,1,-1,-1
1242,323,1128.03,351.96,41.35,23.57,0.2751,4,-1,-1
1243,261,859.70,347.61,38.45,22.69,0.4263,4,-1,-1
1243,287,736.08,331.15,57.81,24.60,0.2487,4,-1,-1
1243,303,778.09,403.62,17.33,37.10,0.4149,1,-1,-1
1243,305,1201.38,344.79,40.73,18.30,0.1366,4,-1,-1
1243,300,1882.71,437.79,28.31,62.00,0.6783,1,-1,-1
1243,318,1075.14,351.81,45.73,22.25,0.2666,4,-1,-1
1243,326,1022.85,444.93,24.68,52.49,0.6575,1,-1,-1
1243,346,1055.46,385.90,59.80,25.91,0.2516,4,-1,-1
1243,348,816.86,352.20,48.43,29.65,0.3612,4,-1,-1
1243,351,1309.40,353.04,54.43,22.74,0.4225,4,-1,-1
1243,327,965.26,460.33,23.46,52.64,0.6792,1,-1,-1
1243,357,964.85,433.86,19.48,44.68,0.3355,1,-1,-1
1243,360,899.57,435.58,20.23,46.09,0.3684,1,-1,-1
1243,363,100.21,479.80,23.08,43.54,0.5370,1,-1,-1
1243,323,1135.39,353.27,39.18,22.27,0.1865,4,-1,-1
1244,261,857.52,347.49,39.20,22.87,0.3329,4,-1,-1
1244,287,736.95,331.07,58.42,24.94,0.1813,4,-1,-1
1244,303,779.67,403.68,17.09,36.56,0.2429,1,-1,-1
1244,305,1203.74,344.18,42.10,18.53,0.1432,4,-1,-1
1244,300,1883.95,438.67,27.60,60.44,0.6307,1,-1,-1
1244,318,1076.80,351.07,47.63,23.19,0.4359,4,-1,-1
1244,326,1022.98,445.02,24.59,52.09,0.6885,1,-1,-1
1244,346,1057.46,386.24,58.08,24.62,0.2018,4,-1,-1
1244,348,817.01,351.54,49.47,30.46,0.3460,4,-1,-1
1244,351,1310.08,353.05,55.07,22.96,0.4717,4,-1,-1
1244,327,966.12,459.79,23.82,53.47,0.6868,1,-1,-1
1244,357,964.59,433.56,19.20,43.94,0.3149,1,-1,-1
1244,360,899.96,434.65,20.97,47.03,0.3648,1,-1,-1
1244,363,102.98,482.78,21.56,40.40,0.5351,1,-1,-1
1244,323,1135.64,353.10,40.35,22.61,0.1656,4,-1,-1
1245,261,860.60,346.63,39.99,23.54,0.2127,4,-1,-1
1245,287,741.12,331.39,53.30,22.88,0.2316,4,-1,-1
1245,303,780.74,402.58,17.61,37.70,0.1140,1,-1,-1
1245,300,1885.50,438.25,27.86,60.84,0.6252,1,-1,-1
1245,318,1077.15,350.47,48.92,23.77,0.4795,4,-1,-1
1245,326,1023.13,444.61,25.30,53.91,0.6487,1,-1,-1
1245,346,1059.24,384.56,59.07,24.72,0.1592,4,-1,-1
1245,348,817.81,351.34,49.75,30.74,0.4073,4,-1,-1
1245,351,1311.17,352.91,54.59,22.78,0.5039,4,-1,-1
1245,327,967.17,459.52,23.83,53.65,0.6885,1,-1,-1
1245,357,964.54,430.95,20.07,45.92,0.2720,1,-1,-1
1245,360,900.11,434.07,21.58,47.69,0.3821,1,-1,-1
1245,363,104.44,481.81,22.09,41.55,0.4824,1,-1,-1
1245,323,1138.56,352.99,40.58,22.70,0.1694,4,-1,-1
1246,261,863.98,346.61,41.54,24.09,0.2268,4,-1,-1
1246,287,743.88,331.80,51.02,21.95,0.2918,4,-1,-1
1246,300,1886.53,438.44,27.96,60.88,0.6732,1,-1,-1
1246,318,1074.91,350.54,49.65,23.83,0.5302,4,-1,-1
1246,326,1023.07,443.49,25.26,53.99,0.6885,1,-1,-1
1246,346,1059.23,384.04,60.26,24.90,0.1592,4,-1,-1
1246,348,819.23,351.35,49.33,30.55,0.4446,4,-1,-1
1246,351,1310.58,353.03,55.73,23.13,0.4737,4,-1,-1
1246,327,967.93,459.09,24.01,54.16,0.6558,1,-1,-1
1246,357,963.64,426.99,20.87,48.09,0.3711,1,-1,-1
1246,360,900.79,434.09,21.61,47.23,0.2967,1,-1,-1
1246,363,106.20,479.72,22.59,43.05,0.4494,1,-1,-1
1246,323,1133.75,350.36,45.48,25.36,0.3469,4,-1,-1
1247,261,863.79,346.88,40.59,23.80,0.2651,4,-1,-1
1247,287,743.06,331.52,54.56,23.49,0.1705,4,-1,-1
1247,300,1888.39,438.83,27.65,59.72,0.6505,1,-1,-1
1247,318,1077.09,350.62,49.68,23.75,0.5651,4,-1,-1
1247,326,1023.33,443.06,25.44,54.44,0.7178,1,-1,-1
1247,346,1056.75,385.05,64.22,26.32,0.2934,4,-1,-1
1247,348,820.17,351.28,49.04,30.49,0.4668,4,-1,-1
1247,351,1311.50,353.23,55.92,23.15,0.4912,4,-1,-1
1247,327,969.21,459.05,24.07,54.37,0.6540,1,-1,-1
1247,357,962.74,424.40,20.89,48.62,0.2798,1,-1,-1
1247,360,901.65,434.18,21.67,46.91,0.3363,1,-1,-1
1247,363,108.54,479.42,22.25,43.23,0.3451,1,-1,-1
1247,323,1133.21,349.27,47.14,26.40,0.5603,4,-1,-1
1248,261,864.44,346.53,41.33,24.42,0.3320,4,-1,-1
1248,287,745.45,332.63,52.77,22.68,0.2050,4,-1,-1
1248,300,1889.68,438.73,28.10,60.34,0.6593,1,-1,-1
1248,318,1077.73,351.07,48.84,23.36,0.5244,4,-1,-1
1248,326,1023.88,442.75,25.40,54.62,0.7318,1,-1,-1
1248,346,1060.17,384.41,61.94,25.11,0.1403,4,-1,-1
1248,348,822.32,350.79,49.39,30.71,0.5516,4,-1,-1
1248,351,1314.64,353.20,54.28,22.50,0.4542,4,-1,-1
1248,327,970.62,458.99,24.15,54.58,0.6610,1,-1,-1
1248,357,961.89,424.10,20.94,49.37,0.2790,1,-1,-1
1248,360,902.51,433.85,21.85,47.11,0.4446,1,-1,-1
1248,363,112.50,481.28,20.77,40.36,0.4045,1,-1,-1
1248,323,1134.06,349.76,46.39,25.89,0.3979,4,-1,-1
1249,261,857.69,345.12,45.39,25.47,0.3567,4,-1,-1
1249,287,745.96,331.50,55.46,23.85,0.2838,4,-1,-1
1249,300,1890.77,437.88,28.68,62.04,0.6697,1,-1,-1
1249,318,1078.88,351.01,48.83,23.46,0.4121,4,-1,-1
1249,326,1024.84,442.52,25.17,54.30,0.7379,1,-1,-1
1249,346,1055.55,385.60,69.96,28.31,0.1722,4,-1,-1
1249,348,822.82,350.32,49.43,30.91,0.5496,4,-1,-1
1249,351,1316.05,352.74,53.96,22.40,0.4455,4,-1,-1
1249,327,972.65,459.69,23.89,53.87,0.6610,1,-1,-1
1249,357,961.99,425.36,20.13,47.83,0.3242,1,-1,-1
1249,360,903.00,433.57,21.78,46.95,0.5429,1,-1,-1
1249,363,114.42,479.72,20.91,40.99,0.5020,1,-1,-1
1249,323,1133.69,348.72,48.11,26.91,0.2934,4,-1,-1
1250,261,849.44,341.14,52.87,29.60,0.4484,4,-1,-1
1250,287,740.96,330.76,61.75,26.66,0.1901,4,-1,-1
1250,300,1892.28,439.06,27.62,59.97,0.6307,1,-1,-1
1250,318,1080.25,351.17,49.13,23.36,0.6397,4,-1,-1
1250,326,1026.16,442.72,24.85,53.82,0.7349,1,-1,-1
1250,346,1052.45,386.89,73.49,29.53,0.3115,4,-1,-1
1250,348,822.67,349.94,49.44,31.23,0.4235,4,-1,-1
1250,351,1317.64,352.78,52.71,21.91,0.4844,4,-1,-1
1250,327,974.26,460.47,23.45,52.86,0.6325,1,-1,-1
1250,357,962.01,426.27,20.00,47.78,0.3849,1,-1,-1
1250,360,903.41,432.83,21.86,47.28,0.6086,1,-1,-1
1250,363,116.54,479.59,21.27,41.89,0.5622,1,-1,-1
1250,323,1135.62,349.84,46.45,25.75,0.4533,4,-1,-1
1250,369,1708.89,531.70,57.69,47.20,0.4630,3,-1,-1
1250,370,0.03,766.37,95.57,123.87,0.7042,5,-1,-1
1251,261,850.72,342.61,52.33,28.92,0.1541,4,-1,-1
1251,287,734.41,330.51,65.95,28.31,0.2546,4,-1,-1
1251,300,1893.22,437.33,28.17,62.08,0.6951,1,-1,-1
1251,318,1081.34,351.30,48.89,23.13,0.6397,4,-1,-1
1251,326,1027.11,443.05,24.43,53.27,0.6984,1,-1,-1
1251,346,1048.71,388.18,83.22,33.90,0.4206,4,-1,-1
1251,348,823.58,349.50,49.59,31.49,0.3785,4,-1,-1
1251,351,1319.86,352.88,52.29,21.62,0.4766,4,-1,-1
1251,327,975.54,461.10,22.83,51.47,0.6397,1,-1,-1
1251,357,961.84,426.99,19.48,46.51,0.4766,1,-1,-1
1251,360,904.37,432.74,21.28,46.32,0.6433,1,-1,-1
1251,363,118.56,480.46,20.65,41.14,0.3407,1,-1,-1
1251,323,1138.64,350.76,44.46,24.53,0.4552,4,-1,-1
1251,369,1706.02,527.88,62.46,50.93,0.4533,3,-1,-1
1251,370,0.54,766.07,94.99,123.09,0.6549,5,-1,-1
1252,261,853.73,344.08,50.92,27.60,0.1394,4,-1,-1
1252,287,735.91,330.54,64.95,27.77,0.2234,4,-1,-1
1252,300,1894.54,436.87,27.55,61.95,0.6758,1,-1,-1
1252,318,1081.29,351.19,49.62,23.14,0.6487,4,-1,-1
1252,326,1027.45,442.35,24.74,54.15,0.6775,1,-1,-1
1252,346,1052.10,386.48,79.29,32.33,0.2372,4,-1,-1
1252,348,824.52,349.50,49.12,31.38,0.3785,4,-1,-1
1252,351,1319.95,352.73,54.45,22.49,0.4149,4,-1,-1
1252,327,976.55,460.86,22.82,51.35,0.6567,1,-1,-1
1252,357,961.82,426.80,19.25,45.96,0.4902,1,-1,-1
1252,360,905.56,432.31,21.00,46.23,0.6663,1,-1,-1
1252,363,121.39,481.21,19.79,40.01,0.4397,1,-1,-1
1252,323,1138.34,349.20,46.86,26.00,0.5059,4,-1,-1
1252,369,1714.99,529.69,59.49,48.41,0.3200,3,-1,-1
1252,370,0.96,765.79,95.52,123.71,0.7549,5,-1,-1
1253,261,852.81,342.54,52.42,28.36,0.1683,4,-1,-1
1253,287,736.34,329.62,64.09,27.14,0.2302,4,-1,-1
1253,300,1895.10,435.65,27.92,64.29,0.6316,1,-1,-1
1253,318,1082.99,351.17,49.51,23.02,0.5955,4,-1,-1
1253,326,1028.00,442.03,24.85,54.72,0.6442,1,-1,-1
1253,346,1060.55,385.90,69.81,28.40,0.2967,4,-1,-1
1253,348,827.07,350.01,48.07,30.63,0.3594,4,-1,-1
1253,351,1320.66,352.33,56.20,23.08,0.3675,4,-1,-1
1253,327,977.34,461.10,23.11,51.76,0.6645,1,-1,-1
1253,357,962.09,427.43,18.73,44.65,0.4668,1,-1,-1
1253,360,906.40,431.86,20.87,46.49,0.6558,1,-1,-1
1253,363,125.09,484.60,18.11,36.48,0.1761,1,-1,-1
1253,323,1139.88,348.70,47.77,26.58,0.3057,4,-1,-1
1253,369,1724.86,529.93,57.53,46.80,0.5098,3,-1,-1
1253,370,2.70,765.54,95.31,123.11,0.7773,5,-1,-1
1254,261,851.16,343.04,53.24,27.95,0.2651,4,-1,-1
1254,287,744.24,330.46,61.77,26.67,0.1221,4,-1,-1
1254,300,1897.67,436.43,25.69,60.62,0.1790,4,-1,-1
1254,318,1085.07,350.96,49.60,23.08,0.5477,4,-1,-1
1254,326,1028.34,441.41,24.77,55.05,0.6316,1,-1,-1
1254,346,1064.14,385.22,67.13,27.27,0.2473,4,-1,-1
1254,348,828.93,351.00,46.78,29.69,0.3329,4,-1,-1
1254,351,1320.78,352.19,57.21,23.50,0.3849,4,-1,-1
1254,327,978.86,461.14,23.10,51.83,0.7114,1,-1,-1
1254,357,961.98,426.68,18.66,44.47,0.5098,1,-1,-1
1254,360,907.07,429.94,21.40,48.38,0.6540,1,-1,-1
1254,363,127.22,480.37,19.75,40.22,0.5068,1,-1,-1
1254,323,1139.23,348.13,48.33,26.96,0.1399,4,-1,-1
1254,369,1727.37,524.45,62.31,50.81,0.5020,3,-1,-1
1254,370,4.09,765.39,95.03,122.24,0.8366,5,-1,-1
1254,373,1740.88,496.73,43.28,75.83,0.4971,2,-1,-1
1255,261,852.37,342.44,56.22,29.10,0.1925,4,-1,-1
1255,287,749.12,329.80,55.31,23.63,0.1629,4,-1,-1
1255,300,1899.69,436.64,24.55,60.04,0.1772,4,-1,-1
1255,318,1085.93,350.11,51.22,23.85,0.6289,4,-1,-1
1255,326,1029.10,441.79,24.12,54.23,0.6697,1,-1,-1
1255,346,1066.76,383.41,66.76,27.13,0.3024,4,-1,-1
1255,348,830.43,351.47,45.53,28.90,0.2628,4,-1,-1
1255,351,1322.63,352.31,56.99,23.39,0.4649,4,-1,-1
1255,327,980.40,460.81,23.18,52.03,0.7225,1,-1,-1
1255,357,961.95,425.23,19.28,46.03,0.4465,1,-1,-1
1255,360,907.38,427.88,21.92,50.49,0.5631,1,-1,-1
1255,363,129.66,477.69,20.82,43.05,0.4311,1,-1,-1
1255,323,1139.78,348.04,48.81,27.12,0.2422,4,-1,-1
1255,369,1724.16,504.65,83.01,69.39,0.2539,2,-1,-1
1255,370,5.07,764.73,95.61,122.38,0.5215,5,-1,-1
1255,373,1743.54,496.45,44.00,76.88,0.1603,1,-1,-1
1256,261,854.51,343.43,53.14,27.47,0.1446,4,-1,-1
1256,287,754.49,330.60,53.69,22.79,0.1694,4,-1,-1
1256,318,1086.48,349.65,52.35,24.24,0.6575,4,-1,-1
1256,326,1029.72,440.73,24.34,55.25,0.7017,1,-1,-1
1256,346,1068.38,383.54,66.11,26.65,0.2830,4,-1,-1
1256,348,832.57,350.99,46.69,29.52,0.4475,4,-1,-1
1256,351,1324.28,352.17,56.13,22.94,0.3594,4,-1,-1
1256,327,982.31,460.82,23.14,51.74,0.7194,1,-1,-1
1256,357,962.15,424.64,19.62,47.13,0.5293,1,-1,-1
1256,360,908.23,427.84,21.82,50.85,0.6030,1,-1,-1
1256,363,133.10,478.62,20.13,41.77,0.3285,1,-1,-1
1256,323,1143.37,348.24,48.62,27.15,0.5127,4,-1,-1
1256,369,1727.65,498.58,86.97,74.42,0.1048,1,-1,-1
1256,373,1749.60,495.01,44.26,77.08,0.3849,2,-1,-1
1257,261,856.09,340.87,55.48,28.78,0.3277,4,-1,-1
1257,287,757.48,330.84,54.70,23.19,0.2465,4,-1,-1
1257,318,1089.36,349.98,51.15,23.68,0.6215,4,-1,-1
1257,326,1030.88,439.30,24.28,55.74,0.6749,1,-1,-1
1257,346,1070.30,383.66,64.76,25.80,0.1515,4,-1,-1
1257,348,834.60,350.11,47.96,30.34,0.4542,4,-1,-1
1257,351,1326.88,352.11,54.96,22.53,0.4263,4,-1,-1
1257,327,984.88,460.54,23.08,51.46,0.6775,1,-1,-1
1257,357,962.31,424.68,19.52,46.89,0.5293,1,-1,-1
1257,360,909.72,428.17,21.48,50.17,0.6011,1,-1,-1
1257,363,136.75,477.25,20.32,42.39,0.4562,1,-1,-1
1257,323,1146.35,349.29,46.81,26.07,0.3711,4,-1,-1
1257,373,1758.09,495.35,42.00,72.93,0.1722,2,-1,-1
1258,261,857.96,340.70,55.72,28.95,0.2682,4,-1,-1
1258,287,757.63,331.36,57.81,24.64,0.2458,4,-1,-1
1258,318,1090.96,350.03,51.84,23.73,0.6505,4,-1,-1
1258,326,1032.85,438.85,24.63,56.65,0.6697,1,-1,-1
1258,346,1059.79,384.01,84.11,34.04,0.4785,4,-1,-1
1258,348,835.64,349.77,49.47,31.15,0.4292,4,-1,-1
1258,351,1330.69,352.09,53.85,22.00,0.3576,4,-1,-1
1258,327,987.60,460.86,23.09,51.18,0.7341,1,-1,-1
1258,357,962.92,423.83,19.24,45.81,0.5195,1,-1,-1
1258,360,911.34,426.98,21.88,51.40,0.6901,1,-1,-1
1258,363,140.72,476.07,21.30,44.50,0.5660,1,-1,-1
1258,323,1150.44,350.23,45.19,24.98,0.4292,4,-1,-1
1259,261,861.50,340.05,52.51,27.12,0.3398,4,-1,-1
1259,287,761.36,331.43,54.14,22.89,0.2101,4,-1,-1
1259,318,1094.64,349.98,51.49,23.53,0.5496,4,-1,-1
1259,326,1035.12,435.63,25.94,59.76,0.6843,1,-1,-1
1259,346,1064.53,383.65,83.18,33.94,0.2666,4,-1,-1
1259,348,840.90,352.07,45.97,28.65,0.2372,4,-1,-1
1259,351,1334.27,352.17,53.13,21.68,0.4121,4,-1,-1
1259,327,989.75,461.30,23.26,51.24,0.7280,1,-1,-1
1259,357,964.10,423.65,19.34,45.84,0.5506,1,-1,-1
1259,360,913.57,428.53,21.27,49.98,0.6715,1,-1,-1
1259,363,145.07,475.78,20.88,44.03,0.4776,1,-1,-1
1259,323,1159.33,350.84,41.80,23.18,0.1755,4,-1,-1
1260,261,866.00,340.01,50.22,25.68,0.3090,4,-1,-1
1260,287,759.82,333.41,63.43,27.59,0.1613,4,-1,-1
1260,318,1097.27,349.86,51.88,23.54,0.6505,4,-1,-1
1260,326,1037.95,437.83,25.52,58.27,0.7122,1,-1,-1
1260,346,1071.48,385.88,76.53,31.14,0.4111,4,-1,-1
1260,348,844.93,352.31,46.32,28.50,0.4795,4,-1,-1
1260,351,1338.22,352.54,51.46,20.97,0.3970,4,-1,-1
1260,327,992.45,461.30,23.47,51.72,0.6715,1,-1,-1
1260,357,965.96,422.97,18.61,43.36,0.3567,1,-1,-1
1260,360,916.71,427.48,21.28,50.64,0.6522,1,-1,-1
1260,363,150.71,476.26,20.15,42.64,0.5593,1,-1,-1
1260,323,1158.93,351.76,41.83,23.06,0.5020,4,-1,-1
1261,261,862.08,339.70,57.43,30.19,0.1744,4,-1,-1
1261,287,767.93,335.34,59.69,26.31,0.1413,4,-1,-1
1261,318,1098.07,349.13,54.26,24.48,0.5117,4,-1,-1
1261,326,1039.94,436.22,25.85,58.55,0.7001,1,-1,-1
1261,346,1074.32,386.49,77.38,31.67,0.1041,4,-1,-1
1261,348,847.67,351.03,47.94,29.55,0.5419,4,-1,-1
1261,351,1339.93,351.41,56.13,23.03,0.4902,4,-1,-1
1261,327,996.29,460.84,23.62,51.76,0.6487,1,-1,-1
1261,357,968.23,423.62,19.12,44.58,0.5496,1,-1,-1
1261,360,919.37,427.86,20.72,49.77,0.5487,1,-1,-1
1262,261,862.06,341.11,53.48,28.68,0.1264,4,-1,-1
1262,287,773.35,335.40,54.93,24.43,0.1925,4,-1,-1
1262,318,1101.51,348.93,55.45,24.85,0.6558,4,-1,-1
1262,326,1042.78,433.79,26.26,59.37,0.6610,1,-1,-1
1262,346,1070.25,386.01,85.54,35.27,0.3057,4,-1,-1
1262,348,850.31,350.47,48.61,29.99,0.4102,4,-1,-1
1262,351,1342.07,351.00,58.63,24.13,0.4873,4,-1,-1
1262,327,999.93,461.35,23.36,50.96,0.6749,1,-1,-1
1262,357,968.16,423.59,19.83,45.54,0.1999,1,-1,-1
1262,360,923.73,425.47,18.61,44.47,0.4140,1,-1,-1
1263,261,869.55,339.26,57.72,31.27,0.3032,4,-1,-1
1263,287,775.43,335.41,51.08,22.88,0.1034,4,-1,-1
1263,318,1105.44,348.11,57.60,25.89,0.5670,4,-1,-1
1263,326,1046.80,435.70,25.78,57.62,0.6460,1,-1,-1
1263,346,1071.25,387.00,91.53,38.14,0.2386,4,-1,-1
1263,348,854.61,350.69,48.04,29.62,0.5496,4,-1,-1
1263,351,1343.61,351.25,60.85,25.00,0.4407,4,-1,-1
1263,327,1003.61,461.56,23.31,50.90,0.6689,1,-1,-1
1263,357,967.03,422.41,21.55,49.04,0.1727,1,-1,-1
1263,360,926.70,425.21,18.40,44.01,0.5312,1,-1,-1
1264,261,873.09,339.83,58.30,32.23,0.2069,4,-1,-1
1264,287,778.12,337.42,51.45,23.23,0.1200,4,-1,-1
1264,318,1110.35,348.32,56.89,25.68,0.5631,4,-1,-1
1264,326,1049.79,430.69,26.98,60.97,0.6451,1,-1,-1
1264,346,1073.88,385.46,93.31,39.22,0.2838,4,-1,-1
1264,348,858.12,350.01,48.51,29.92,0.5727,4,-1,-1
1264,351,1350.89,351.41,58.44,24.05,0.5166,4,-1,-1
1264,327,1007.62,461.51,23.33,50.78,0.6433,1,-1,-1
1264,360,930.80,425.71,17.25,41.16,0.4844,1,-1,-1
1265,261,882.95,339.03,51.97,28.58,0.3200,4,-1,-1
1265,287,782.64,338.40,53.48,24.23,0.1962,4,-1,-1
1265,318,1113.24,348.45,57.15,25.59,0.6252,4,-1,-1
1265,326,1053.42,432.21,26.35,59.07,0.6697,1,-1,-1
1265,346,1075.65,384.36,95.96,40.79,0.3225,4,-1,-1
1265,348,863.17,351.92,46.58,28.50,0.3603,4,-1,-1
1265,351,1355.55,351.47,57.87,23.94,0.4961,4,-1,-1
1265,327,1012.00,461.86,23.33,50.67,0.7138,1,-1,-1
1265,360,934.05,424.77,16.81,40.01,0.4292,1,-1,-1
1266,261,890.36,338.43,44.48,24.32,0.1476,4,-1,-1
1266,287,785.63,337.85,52.00,23.94,0.1442,4,-1,-1
1266,318,1116.68,348.25,57.59,25.76,0.6030,4,-1,-1
1266,326,1057.43,431.46,26.45,59.49,0.6442,1,-1,-1
1266,346,1084.69,383.97,89.47,38.03,0.1981,4,-1,-1
1266,348,868.14,352.65,45.36,27.61,0.4552,4,-1,-1
1266,351,1359.96,351.58,57.33,23.75,0.4746,4,-1,-1
1266,327,1015.59,462.05,23.47,51.01,0.6732,1,-1,-1
1266,360,937.40,424.71,16.79,39.38,0.2983,1,-1,-1
1266,376,982.05,421.81,19.26,46.17,0.4591,1,-1,-1
1266,377,20.21,562.19,24.80,54.60,0.5574,1,-1,-1
1267,261,896.00,336.64,44.91,24.40,0.1264,4,-1,-1
1267,287,790.53,340.39,48.83,22.80,0.1427,4,-1,-1
1267,318,1120.90,348.50,57.05,25.45,0.5936,4,-1,-1
1267,326,1060.23,429.48,27.40,61.72,0.6206,1,-1,-1
1267,346,1087.55,384.42,91.63,39.33,0.2220,4,-1,-1
1267,348,871.32,351.48,47.74,28.98,0.4805,4,-1,-1
1267,351,1365.97,351.45,56.89,23.49,0.4854,4,-1,-1
1267,327,1019.69,461.94,23.47,50.82,0.6325,1,-1,-1
1267,360,940.18,426.00,18.15,42.40,0.4815,1,-1,-1
1267,376,983.02,421.82,18.80,44.87,0.2167,1,-1,-1
1267,377,25.19,562.69,24.93,54.88,0.4523,1,-1,-1
1268,261,898.19,337.19,45.04,24.14,0.1525,4,-1,-1
1268,287,795.94,339.72,49.28,23.26,0.1842,4,-1,-1
1268,318,1124.65,348.89,56.80,25.11,0.6918,4,-1,-1
1268,326,1063.08,432.60,26.15,58.43,0.5908,1,-1,-1
1268,346,1090.31,385.12,92.20,39.98,0.3775,4,-1,-1
1268,348,873.82,350.67,48.55,29.53,0.4263,4,-1,-1
1268,351,1370.27,351.81,56.73,23.53,0.4746,4,-1,-1
1268,327,1023.64,461.79,23.53,50.66,0.6800,1,-1,-1
1268,360,943.90,427.06,18.30,42.83,0.2894,1,-1,-1
1268,376,986.35,425.32,17.32,41.04,0.1357,1,-1,-1
1268,377,30.76,561.70,26.50,58.37,0.4083,1,-1,-1
1269,261,903.50,340.01,45.15,24.00,0.1132,4,-1,-1
1269,287,802.08,340.23,49.16,23.65,0.1184,4,-1,-1
1269,318,1128.94,348.32,58.08,25.73,0.6123,4,-1,-1
1269,326,1065.97,431.68,26.53,59.25,0.5804,1,-1,-1
1269,346,1096.67,386.14,91.39,40.05,0.1859,4,-1,-1
1269,348,878.87,351.07,47.12,28.55,0.3115,4,-1,-1
1269,351,1374.62,352.27,55.48,23.05,0.4707,4,-1,-1
1269,327,1027.48,461.59,23.57,50.73,0.6775,1,-1,-1
1269,360,946.89,425.73,19.72,46.04,0.3277,1,-1,-1
1269,376,989.14,423.99,18.04,42.44,0.1541,1,-1,-1
1269,377,37.25,561.27,24.87,54.70,0.3675,1,-1,-1
1270,261,903.61,339.35,49.39,26.40,0.1889,4,-1,-1
1270,287,809.63,340.40,46.96,22.57,0.1048,4,-1,-1
1270,318,1133.65,348.66,57.07,25.25,0.6067,4,-1,-1
1270,326,1069.74,427.50,28.44,63.68,0.6188,1,-1,-1
1270,346,1098.95,383.74,92.40,40.81,0.3140,4,-1,-1
1270,348,883.22,351.08,47.62,28.87,0.3294,4,-1,-1
1270,351,1380.03,352.10,56.41,23.42,0.4893,4,-1,-1
1270,327,1031.87,461.50,23.34,49.90,0.5974,1,-1,-1
1270,360,951.04,425.98,19.09,44.41,0.3486,1,-1,-1
1270,377,42.24,560.26,24.78,54.31,0.2524,1,-1,-1
1271,261,906.37,338.02,50.02,26.85,0.2621,4,-1,-1
1271,287,812.41,337.81,53.09,25.47,0.2465,4,-1,-1
1271,318,1137.78,349.09,56.68,24.88,0.6680,4,-1,-1
1271,326,1072.69,430.98,26.57,60.01,0.5137,1,-1,-1
1271,346,1103.30,383.81,90.71,40.23,0.4494,4,-1,-1
1271,348,887.05,351.43,47.16,28.42,0.4026,4,-1,-1
1271,351,1383.90,352.42,55.86,23.26,0.4254,4,-1,-1
1271,327,1036.11,461.78,23.46,50.09,0.7233,1,-1,-1
1271,360,955.24,425.57,17.11,39.26,0.3007,1,-1,-1
1271,377,47.97,559.99,24.69,54.30,0.4254,1,-1,-1
1272,261,907.33,339.41,53.40,28.46,0.1744,4,-1,-1
1272,287,814.48,338.57,53.95,26.05,0.1577,4,-1,-1
1272,318,1141.15,348.55,58.30,25.55,0.5842,4,-1,-1
1272,326,1075.15,436.05,24.05,54.76,0.6105,1,-1,-1
1272,346,1114.24,384.26,82.30,36.29,0.2043,4,-1,-1
1272,348,892.08,351.81,47.55,28.43,0.3157,4,-1,-1
1272,351,1387.92,351.91,56.78,23.76,0.4688,4,-1,-1
1272,327,1039.43,461.71,23.70,50.72,0.6522,1,-1,-1
1272,360,958.11,423.87,18.26,41.56,0.2408,1,-1,-1
1272,377,53.95,560.52,24.28,53.45,0.2247,1,-1,-1
1273,261,910.53,339.45,56.94,30.80,0.2759,4,-1,-1
1273,287,818.22,338.42,52.19,25.48,0.1180,4,-1,-1
1273,318,1145.29,348.70,57.67,25.26,0.6049,4,-1,-1
1273,326,1078.22,433.79,24.49,56.82,0.5860,1,-1,-1
1273,346,1118.64,385.79,78.73,34.49,0.2568,4,-1,-1
1273,348,895.18,350.61,49.40,29.55,0.4321,4,-1,-1
1273,351,1391.96,352.02,57.32,24.04,0.4349,4,-1,-1
1273,327,1044.23,461.66,23.59,50.51,0.5156,1,-1,-1
1273,360,961.14,425.43,18.57,41.66,0.2918,2,-1,-1
1273,377,59.72,559.51,23.79,52.71,0.3803,1,-1,-1
1274,261,909.65,339.55,57.38,31.33,0.1592,4,-1,-1
1274,287,824.18,336.31,52.47,25.51,0.2187,4,-1,-1
1274,318,1148.19,348.40,59.37,25.84,0.6469,4,-1,-1
1274,326,1081.68,435.65,23.13,54.34,0.6496,1,-1,-1
1274,346,1117.83,385.70,86.17,38.08,0.3132,4,-1,-1
1274,348,897.80,349.70,50.12,30.16,0.3923,4,-1,-1
1274,351,1394.21,351.76,59.24,24.85,0.4196,4,-1,-1
1274,327,1048.24,461.89,23.32,49.87,0.6086,1,-1,-1
1274,360,965.27,425.13,17.76,39.47,0.2838,1,-1,-1
1274,377,65.32,558.45,24.35,54.18,0.2830,1,-1,-1
1275,261,918.43,340.19,53.40,28.73,0.1427,4,-1,-1
1275,287,825.87,337.34,52.81,26.16,0.2018,4,-1,-1
1275,318,1153.83,348.51,58.44,25.56,0.6030,4,-1,-1
1275,326,1085.30,437.13,22.30,52.97,0.6298,1,-1,-1
1275,346,1123.33,387.29,86.91,38.66,0.1761,4,-1,-1
1275,348,903.04,350.87,47.67,28.57,0.3425,4,-1,-1
1275,351,1401.48,351.90,56.25,23.51,0.4552,4,-1,-1
1275,327,1051.83,460.73,23.60,50.80,0.6388,1,-1,-1
1275,360,968.58,426.76,19.40,43.21,0.4263,1,-1,-1
1275,377,70.13,557.03,24.36,54.59,0.1451,1,-1,-1
1276,261,928.48,344.05,48.41,25.59,0.2910,4,-1,-1
1276,287,831.18,340.87,48.46,24.05,0.1640,4,-1,-1
1276,318,1155.92,348.54,58.38,25.33,0.5380,4,-1,-1
1276,326,1088.86,434.83,23.00,55.32,0.5936,1,-1,-1
1276,346,1127.67,384.69,88.07,39.59,0.1577,4,-1,-1
1276,348,906.89,349.63,49.52,29.74,0.2546,4,-1,-1
1276,351,1406.08,352.51,55.46,23.29,0.3191,4,-1,-1
1276,327,1056.73,460.35,23.78,51.44,0.5679,1,-1,-1
1276,360,973.51,427.11,16.60,35.39,0.3794,2,-1,-1
1276,377,74.62,555.53,25.21,56.76,0.1427,1,-1,-1
1277,261,932.14,344.30,50.72,26.30,0.3398,4,-1,-1
1277,287,834.20,336.70,56.58,28.41,0.2351,4,-1,-1
1277,318,1158.90,348.23,59.83,25.83,0.4465,4,-1,-1
1277,326,1093.36,437.19,22.17,53.02,0.5993,1,-1,-1
1277,346,1133.71,383.83,85.86,38.95,0.2140,4,-1,-1
1277,348,907.67,348.50,52.23,31.38,0.2790,4,-1,-1
1277,351,1409.05,352.74,55.48,23.29,0.3720,4,-1,-1
1277,327,1060.20,461.41,23.54,50.97,0.7042,1,-1,-1
1277,360,976.35,425.81,17.98,38.01,0.1711,1,-1,-1
1277,377,80.07,553.55,25.98,59.11,0.1071,1,-1,-1
1278,261,941.64,346.16,46.64,24.23,0.4417,4,-1,-1
1278,318,1163.36,348.44,58.87,25.30,0.5955,4,-1,-1
1278,326,1097.06,437.40,21.87,52.70,0.6252,1,-1,-1
1278,346,1142.58,383.81,80.83,36.74,0.1705,4,-1,-1
1278,348,913.46,347.77,50.64,30.58,0.1525,4,-1,-1
1278,351,1415.46,352.54,53.27,22.23,0.3693,4,-1,-1
1278,327,1063.88,461.52,23.33,50.50,0.6197,1,-1,-1
1278,360,980.36,425.25,17.52,36.23,0.2316,1,-1,-1
1278,377,86.50,554.49,25.15,57.59,0.2546,1,-1,-1
1279,261,946.36,345.39,48.93,25.12,0.1889,4,-1,-1
1279,318,1166.87,348.56,59.34,25.32,0.4883,4,-1,-1
1279,326,1100.00,438.04,21.44,52.00,0.6160,1,-1,-1
1279,346,1146.04,383.32,79.46,36.21,0.1587,4,-1,-1
1279,348,918.75,348.21,51.99,31.33,0.3630,4,-1,-1
1279,351,1419.43,353.07,54.64,22.82,0.2689,4,-1,-1
1279,327,1067.59,461.43,23.66,51.17,0.5993,1,-1,-1
1279,360,984.00,424.73,17.28,34.82,0.2337,1,-1,-1
1279,377,91.81,552.45,24.77,57.14,0.1136,1,-1,-1
1280,261,948.73,345.00,50.05,25.50,0.2822,4,-1,-1
1280,318,1169.08,348.05,61.39,26.10,0.5438,4,-1,-1
1280,326,1103.22,438.61,21.19,51.50,0.6654,1,-1,-1
1280,346,1149.22,383.00,78.93,36.03,0.1877,4,-1,-1
1280,348,920.54,348.00,52.68,32.02,0.3831,4,-1,-1
1280,351,1422.85,353.15,54.60,22.81,0.2975,4,-1,-1
1280,327,1071.42,461.78,23.06,49.96,0.6610,1,-1,-1
1280,360,987.50,425.46,17.41,34.74,0.2458,1,-1,-1
1280,377,97.44,553.32,24.42,56.77,0.3329,1,-1,-1
1281,261,957.12,346.19,46.10,23.84,0.4649,4,-1,-1
1281,318,1173.66,347.98,60.85,25.85,0.5631,4,-1,-1
1281,326,1106.38,438.63,21.03,51.16,0.6460,1,-1,-1
1281,346,1154.19,382.97,80.22,36.70,0.1476,4,-1,-1
1281,348,925.53,349.24,50.11,30.53,0.2983,4,-1,-1
1281,351,1426.77,353.05,55.31,23.09,0.2644,4,-1,-1
1281,327,1075.37,461.71,23.06,50.10,0.6671,1,-1,-1
1281,360,991.49,424.47,16.77,33.18,0.1343,2,-1,-1
1281,377,102.73,551.53,24.21,55.97,0.2465,1,-1,-1
1282,261,960.21,345.90,47.40,24.29,0.2075,4,-1,-1
1282,318,1177.97,348.01,61.21,25.85,0.5283,4,-1,-1
1282,326,1110.27,439.32,20.59,50.39,0.6215,1,-1,-1
1282,346,1156.54,382.68,81.19,37.29,0.1778,4,-1,-1
1282,348,930.54,348.63,49.90,30.36,0.2247,4,-1,-1
1282,351,1432.46,353.06,54.56,22.78,0.2830,4,-1,-1
1282,327,1079.70,461.88,22.79,49.78,0.5889,1,-1,-1
1282,377,107.83,552.43,24.56,57.11,0.3166,1,-1,-1
1283,261,961.53,346.74,47.02,23.56,0.3522,4,-1,-1
1283,318,1180.34,347.36,63.59,26.81,0.5535,4,-1,-1
1283,326,1113.52,438.45,20.80,51.13,0.6487,1,-1,-1
1283,346,1160.25,382.66,82.21,38.03,0.2705,4,-1,-1
1283,348,933.03,348.64,50.92,31.12,0.2401,4,-1,-1
1283,351,1436.34,352.94,56.78,23.72,0.2056,4,-1,-1
1283,327,1083.86,462.10,22.85,50.05,0.7311,1,-1,-1
1283,377,111.91,551.18,25.36,58.94,0.1276,1,-1,-1
1283,380,2.22,559.46,20.83,70.28,0.6460,1,-1,-1
1284,261,965.91,346.40,46.60,23.40,0.4321,4,-1,-1
1284,318,1185.27,347.53,63.00,26.53,0.5341,4,-1,-1
1284,326,1117.44,438.35,20.84,51.42,0.6123,1,-1,-1
1284,346,1166.54,383.38,80.88,37.55,0.2043,4,-1,-1
1284,348,938.99,349.38,51.20,31.01,0.2082,4,-1,-1
1284,351,1440.05,353.22,56.73,23.76,0.2878,4,-1,-1
1284,327,1087.37,462.63,22.68,49.57,0.5908,1,-1,-1
1284,377,115.74,551.65,25.00,56.72,0.1229,1,-1,-1
1284,380,7.00,559.21,20.89,69.86,0.7042,1,-1,-1
1285,261,962.56,342.58,53.86,27.18,0.3486,4,-1,-1
1285,318,1189.47,347.41,64.76,27.07,0.3886,4,-1,-1
1285,326,1120.56,437.56,20.62,51.05,0.6307,1,-1,-1
1285,346,1169.71,383.78,80.24,37.35,0.1192,4,-1,-1
1285,348,943.97,348.33,52.63,31.65,0.3905,4,-1,-1
1285,351,1442.42,353.03,57.61,24.07,0.3363,4,-1,-1
1285,327,1091.40,462.90,22.34,49.04,0.5429,1,-1,-1
1285,377,122.57,551.72,24.27,54.35,0.3442,1,-1,-1
1285,380,12.23,557.09,21.83,72.13,0.7017,1,-1,-1
1285,360,1003.52,427.39,20.89,41.82,0.5059,1,-1,-1
1286,261,964.07,343.23,54.71,26.90,0.3200,4,-1,-1
1286,318,1192.35,347.43,64.96,27.10,0.5302,4,-1,-1
1286,326,1123.79,438.84,19.70,49.08,0.6451,1,-1,-1
1286,346,1172.65,383.30,82.15,38.42,0.2075,4,-1,-1
1286,348,944.89,348.14,52.56,31.79,0.4158,4,-1,-1
1286,351,1447.99,352.58,58.64,24.61,0.1722,4,-1,-1
1286,327,1095.31,462.80,22.23,48.89,0.6540,1,-1,-1
1286,377,127.54,548.71,25.75,57.72,0.1694,1,-1,-1
1286,380,18.57,554.70,22.64,73.99,0.7050,1,-1,-1
1286,360,1005.37,427.13,21.82,43.88,0.6645,1,-1,-1
1287,261,964.21,339.94,56.54,27.67,0.1661,4,-1,-1
1287,318,1198.07,347.82,63.37,26.46,0.5088,4,-1,-1
1287,326,1126.82,439.23,19.65,48.84,0.6575,1,-1,-1
1287,346,1176.89,383.98,84.23,39.69,0.2095,4,-1,-1
1287,348,949.14,348.91,51.08,30.99,0.3277,4,-1,-1
1287,351,1452.68,352.73,58.48,24.61,0.1848,4,-1,-1
1287,327,1099.02,463.05,22.11,48.60,0.5679,1,-1,-1
1287,377,133.78,549.10,24.90,55.67,0.3115,1,-1,-1
1287,380,24.90,552.99,23.08,74.17,0.6809,1,-1,-1
1287,360,1008.46,428.77,21.67,43.13,0.5535,1,-1,-1
1288,261,969.70,339.93,58.72,29.00,0.3251,4,-1,-1
1288,318,1202.74,347.55,64.95,26.98,0.3895,4,-1,-1
1288,326,1129.90,438.14,20.11,49.74,0.6663,1,-1,-1
1288,346,1181.74,383.30,81.12,38.15,0.1321,4,-1,-1
1288,348,955.53,347.81,51.13,30.66,0.3057,4,-1,-1
1288,351,1459.09,352.90,55.07,23.24,0.3208,4,-1,-1
1288,327,1102.72,462.88,22.12,48.55,0.6243,1,-1,-1
1288,377,139.18,548.37,25.08,56.16,0.2736,1,-1,-1
1288,380,31.94,551.89,23.27,73.56,0.7138,1,-1,-1
1288,360,1011.22,427.33,22.36,44.70,0.5117,1,-1,-1
1289,261,973.84,339.34,58.59,29.20,0.2288,4,-1,-1
1289,318,1205.68,347.91,63.96,26.45,0.5516,4,-1,-1
1289,326,1133.13,437.89,20.47,50.41,0.6433,1,-1,-1
1289,346,1185.04,382.90,82.96,38.92,0.2465,4,-1,-1
1289,348,956.92,348.31,51.61,31.20,0.2458,4,-1,-1
1289,351,1463.98,353.11,56.10,23.77,0.2323,4,-1,-1
1289,327,1107.17,462.51,22.26,49.05,0.6826,1,-1,-1
1289,377,145.11,549.70,23.82,53.49,0.3285,1,-1,-1
1289,380,38.61,551.38,23.21,72.29,0.6901,1,-1,-1
1289,360,1014.85,427.37,22.04,44.53,0.5974,1,-1,-1
1290,261,979.50,342.35,55.05,27.08,0.3099,4,-1,-1
1290,318,1210.48,348.11,63.35,26.21,0.5361,4,-1,-1
1290,326,1135.89,437.06,21.14,51.68,0.6252,1,-1,-1
1290,346,1190.05,383.51,81.55,38.33,0.1515,4,-1,-1
1290,348,963.12,352.28,47.27,28.10,0.1795,4,-1,-1
1290,351,1467.97,353.52,55.14,23.28,0.2583,4,-1,-1
1290,327,1110.38,462.45,22.47,49.18,0.6775,1,-1,-1
1290,377,151.85,549.84,22.86,51.53,0.4776,1,-1,-1
1290,380,46.06,553.60,22.42,68.42,0.6225,1,-1,-1
1290,360,1018.58,427.35,21.94,44.58,0.4990,1,-1,-1
1291,261,980.32,341.14,58.28,28.63,0.4263,4,-1,-1
1291,318,1215.20,347.81,65.07,26.77,0.3849,4,-1,-1
1291,326,1138.79,436.79,21.79,52.65,0.6645,1,-1,-1
1291,348,967.40,354.01,44.54,26.23,0.1546,4,-1,-1
1291,351,1470.65,353.31,59.99,25.29,0.1490,4,-1,-1
1291,327,1114.44,462.87,22.38,48.95,0.6142,1,-1,-1
1291,377,156.76,549.63,23.14,52.59,0.3868,1,-1,-1
1291,380,51.94,549.36,23.88,71.61,0.6910,1,-1,-1
1291,360,1022.36,427.79,21.39,43.70,0.5234,1,-1,-1
1292,261,984.13,342.83,58.25,27.89,0.2950,4,-1,-1
1292,318,1217.44,347.97,64.82,26.61,0.5535,4,-1,-1
1292,326,1141.91,436.07,21.95,52.70,0.6160,1,-1,-1
1292,348,968.59,350.10,50.92,30.15,0.3895,4,-1,-1
1292,351,1472.62,353.37,61.64,25.93,0.1907,4,-1,-1
1292,327,1118.48,462.43,22.29,48.75,0.6593,1,-1,-1
1292,377,161.76,549.17,23.19,52.85,0.4369,1,-1,-1
1292,380,57.54,547.53,24.41,71.89,0.7432,1,-1,-1
1292,360,1026.29,426.74,21.22,43.59,0.4659,1,-1,-1
1293,261,986.19,342.58,59.16,27.91,0.2783,4,-1,-1
1293,318,1221.85,348.07,64.31,26.37,0.4971,4,-1,-1
1293,326,1145.57,435.92,21.75,51.82,0.6379,1,-1,-1
1293,348,973.07,349.17,51.72,30.75,0.2006,4,-1,-1
1293,351,1481.29,353.20,56.90,24.11,0.2351,4,-1,-1
1293,327,1121.63,462.58,22.55,48.97,0.6433,1,-1,-1
1293,377,166.53,547.07,23.62,54.36,0.3486,1,-1,-1
1293,380,62.77,545.35,25.52,73.39,0.6843,1,-1,-1
1293,360,1029.25,426.84,20.74,42.99,0.5263,1,-1,-1
1294,261,991.60,342.06,59.33,28.04,0.3657,4,-1,-1
1294,318,1225.52,347.02,67.48,27.64,0.1689,4,-1,-1
1294,326,1148.40,435.81,22.11,52.29,0.6280,1,-1,-1
1294,348,977.67,348.53,50.95,30.32,0.2705,4,-1,-1
1294,351,1484.27,352.95,60.15,25.59,0.1312,4,-1,-1
1294,327,1125.56,462.18,22.67,49.05,0.5889,1,-1,-1
1294,377,170.77,546.18,24.64,56.60,0.3268,1,-1,-1
1294,380,67.76,543.01,26.67,75.32,0.7387,1,-1,-1
1294,360,1032.49,427.17,20.36,42.24,0.2227,1,-1,-1
1295,261,997.86,344.85,54.25,25.19,0.2214,4,-1,-1
1295,318,1230.86,348.25,64.10,26.12,0.4292,4,-1,-1
1295,326,1152.21,436.13,22.23,51.91,0.5651,1,-1,-1
1295,348,979.17,348.25,52.48,31.42,0.2606,4,-1,-1
1295,351,1488.93,353.27,59.60,25.38,0.1561,4,-1,-1
1295,327,1130.16,461.60,22.86,49.84,0.6976,1,-1,-1
1295,377,176.51,546.44,23.92,55.09,0.3346,1,-1,-1
1295,380,74.22,542.05,27.08,74.91,0.7264,1,-1,-1
1295,376,1036.92,424.88,18.45,43.45,0.5244,1,-1,-1
1296,261,997.22,340.99,60.91,28.30,0.3612,4,-1,-1
1296,318,1234.85,348.69,63.04,25.63,0.5039,4,-1,-1
1296,326,1156.00,436.73,21.58,49.71,0.5842,1,-1,-1
1296,348,985.73,350.57,48.79,29.01,0.1925,4,-1,-1
1296,351,1494.83,353.13,58.91,25.20,0.2394,4,-1,-1
1296,327,1133.56,461.50,23.24,50.36,0.7341,1,-1,-1
1296,377,181.46,545.57,24.28,55.95,0.3107,1,-1,-1
1296,380,79.83,541.00,27.72,75.41,0.7295,1,-1,-1
1296,376,1039.90,425.08,17.67,41.95,0.4446,1,-1,-1
1297,261,1001.90,341.02,61.03,28.43,0.3905,4,-1,-1
1297,318,1239.67,348.54,63.54,25.79,0.4844,4,-1,-1
1297,326,1158.91,436.75,22.42,50.94,0.5156,1,-1,-1
1297,348,990.69,353.26,45.37,26.68,0.1456,4,-1,-1
1297,351,1490.97,352.83,65.21,27.45,0.2487,4,-1,-1
1297,327,1138.04,462.40,22.76,49.55,0.6011,1,-1,-1
1297,377,186.91,545.37,24.34,56.24,0.3277,1,-1,-1
1297,380,86.28,540.63,27.69,74.02,0.7326,1,-1,-1
1297,376,1042.28,425.68,18.18,42.16,0.3961,1,-1,-1
1297,386,2.78,560.21,31.11,77.94,0.7432,1,-1,-1
1298,261,1005.70,339.57,61.97,29.18,0.1711,4,-1,-1
1298,318,1245.25,348.77,62.54,25.32,0.4417,4,-1,-1
1298,326,1162.66,436.69,22.25,50.18,0.6105,1,-1,-1
1298,348,992.64,349.84,50.90,30.01,0.4562,4,-1,-1
1298,351,1491.99,351.74,67.00,27.93,0.1184,4,-1,-1
1298,327,1142.47,462.11,22.57,49.32,0.6522,1,-1,-1
1298,377,192.56,545.03,23.23,53.94,0.4225,1,-1,-1
1298,380,91.99,539.90,27.98,73.59,0.7090,1,-1,-1
1298,376,1046.87,425.26,16.48,36.61,0.1525,1,-1,-1
1298,386,7.10,559.48,30.97,77.19,0.6406,1,-1,-1
1299,261,1010.57,341.65,58.72,27.19,0.2830,4,-1,-1
1299,318,1248.19,348.82,62.49,25.23,0.6234,4,-1,-1
1299,326,1166.42,435.28,21.97,49.52,0.6289,1,-1,-1
1299,348,996.98,349.18,51.34,30.37,0.2553,4,-1,-1
1299,351,1506.48,352.75,54.75,22.63,0.2934,4,-1,-1
1299,327,1145.76,462.42,22.52,49.12,0.6487,1,-1,-1
1299,377,198.10,545.19,22.84,53.11,0.3363,1,-1,-1
1299,380,98.78,539.67,27.84,72.16,0.7280,1,-1,-1
1299,386,13.67,558.58,31.79,78.89,0.6901,1,-1,-1
1299,360,1049.37,424.57,20.50,43.06,0.4756,1,-1,-1
1300,261,1013.40,344.23,56.50,25.76,0.2386,4,-1,-1
1300,318,1252.21,348.74,62.98,25.36,0.5535,4,-1,-1
1300,326,1170.09,435.41,22.50,50.56,0.5794,1,-1,-1
1300,348,1002.03,348.46,51.25,30.12,0.4045,4,-1,-1
1300,351,1513.05,353.59,54.94,22.87,0.2429,4,-1,-1
1300,327,1150.14,462.85,22.18,48.45,0.6298,1,-1,-1
1300,377,203.00,543.67,23.12,53.69,0.1640,1,-1,-1
1300,380,104.31,537.64,28.60,73.33,0.7217,1,-1,-1
1300,386,20.08,558.26,31.98,79.04,0.7074,1,-1,-1
1300,360,1052.29,425.20,20.45,43.04,0.4263,1,-1,-1
1301,261,1013.51,343.02,60.98,28.21,0.1200,4,-1,-1
1301,318,1256.75,348.77,63.15,25.35,0.5156,4,-1,-1
1301,326,1172.95,435.95,22.93,51.12,0.6361,1,-1,-1
1301,348,1003.85,348.06,53.31,31.47,0.3504,4,-1,-1
1301,351,1522.37,353.52,48.80,20.09,0.2200,4,-1,-1
1301,327,1154.90,462.43,22.32,49.12,0.7186,1,-1,-1
1301,377,207.26,544.16,23.53,54.78,0.3840,1,-1,-1
1301,380,110.00,536.06,29.06,73.56,0.6910,1,-1,-1
1301,386,25.37,557.07,32.88,80.93,0.7058,1,-1,-1
1301,360,1055.70,424.98,20.17,42.35,0.1711,2,-1,-1
1301,392,242.50,480.32,29.69,41.42,0.5302,2,-1,-1
1302,261,1022.77,343.20,58.06,26.72,0.3630,4,-1,-1
1302,318,1258.86,348.28,65.00,26.08,0.5419,4,-1,-1
1302,326,1176.65,435.50,22.68,49.82,0.6505,1,-1,-1
1302,348,1011.82,351.15,48.57,28.31,0.1865,4,-1,-1
1302,351,1521.26,352.92,60.18,25.04,0.1045,4,-1,-1
1302,327,1158.27,463.19,22.19,48.58,0.7106,1,-1,-1
1302,377,212.58,540.73,23.55,54.91,0.4562,1,-1,-1
1302,380,116.49,535.66,28.62,72.19,0.7249,1,-1,-1
1302,386,31.30,556.13,32.98,80.83,0.6766,1,-1,-1
1302,360,1059.23,425.03,19.79,42.07,0.3821,1,-1,-1
1302,392,247.69,479.29,31.11,43.26,0.4932,2,-1,-1
1303,261,1028.89,342.51,58.39,27.08,0.4036,4,-1,-1
1303,318,1263.12,348.66,64.25,25.71,0.4600,4,-1,-1
1303,326,1180.18,435.26,22.40,49.09,0.6058,1,-1,-1
1303,348,1015.17,349.63,51.17,29.68,0.3398,4,-1,-1
1303,351,1528.47,353.11,56.18,23.53,0.1901,4,-1,-1
1303,327,1162.84,464.64,21.47,47.06,0.6049,1,-1,-1
1303,377,217.26,541.43,24.02,55.80,0.4504,1,-1,-1
1303,380,122.38,534.27,29.08,72.49,0.7170,1,-1,-1
1303,386,35.30,555.08,34.02,82.87,0.7033,1,-1,-1
1303,360,1063.32,425.12,19.64,41.83,0.3311,2,-1,-1
1303,392,251.12,479.14,31.36,43.56,0.4475,2,-1,-1
1304,261,1029.57,340.47,63.20,29.75,0.1456,4,-1,-1
1304,318,1267.15,348.16,65.46,26.23,0.3951,4,-1,-1
1304,326,1183.97,435.55,22.76,49.64,0.6732,1,-1,-1
1304,348,1016.28,348.88,52.39,30.57,0.3594,4,-1,-1
1304,351,1535.43,353.17,50.86,21.12,0.1651,4,-1,-1
1304,327,1167.37,464.93,21.25,46.52,0.6645,1,-1,-1
1304,377,220.01,538.72,25.65,59.07,0.1442,1,-1,-1
1304,380,127.88,534.42,28.84,71.41,0.7194,1,-1,-1
1304,386,41.26,554.52,34.05,82.43,0.7256,1,-1,-1
1304,360,1066.39,425.36,19.32,41.31,0.1877,2,-1,-1
1304,392,258.14,478.74,32.43,44.72,0.4513,2,-1,-1
1304,394,2.44,574.24,14.14,84.21,0.7170,1,-1,-1
1305,261,1036.06,342.17,58.44,27.22,0.2254,4,-1,-1
1305,318,1271.30,348.27,64.98,25.96,0.4552,4,-1,-1
1305,326,1186.90,434.99,22.67,49.34,0.7017,1,-1,-1
1305,348,1020.46,348.49,51.61,30.30,0.1592,4,-1,-1
1305,351,1538.00,353.53,54.84,22.95,0.1541,4,-1,-1
1305,327,1170.85,465.75,21.06,45.82,0.6451,1,-1,-1
1305,377,225.25,539.18,25.33,58.11,0.1694,1,-1,-1
1305,380,134.14,533.04,29.19,71.71,0.7513,1,-1,-1
1305,386,45.26,554.40,34.86,83.62,0.7106,1,-1,-1
1305,360,1070.24,424.39,20.24,43.56,0.2942,1,-1,-1
1305,392,263.36,479.35,33.68,46.14,0.5477,2,-1,-1
1305,394,4.36,569.65,15.26,89.74,0.7233,1,-1,-1
1306,261,1045.53,343.02,56.39,26.38,0.3942,4,-1,-1
1306,318,1274.46,348.20,65.65,26.24,0.3337,4,-1,-1
1306,326,1190.43,434.34,23.16,50.51,0.6487,1,-1,-1
1306,348,1024.58,348.36,50.70,29.76,0.3311,4,-1,-1
1306,351,1544.93,353.20,50.82,21.25,0.1418,4,-1,-1
1306,327,1174.82,465.75,21.08,45.82,0.6352,1,-1,-1
1306,377,230.05,538.23,25.97,59.76,0.2942,1,-1,-1
1306,380,139.14,530.95,29.86,73.26,0.7394,1,-1,-1
1306,386,50.92,553.58,34.62,82.30,0.7138,1,-1,-1
1306,360,1073.93,423.60,20.45,44.47,0.4600,1,-1,-1
1306,392,267.83,479.45,31.92,43.48,0.5156,2,-1,-1
1306,394,7.25,564.15,16.64,95.11,0.7549,1,-1,-1
1307,261,1046.74,341.67,60.04,28.40,0.1352,4,-1,-1
1307,318,1278.70,347.50,67.32,27.06,0.4630,4,-1,-1
1307,326,1194.24,434.66,23.39,51.37,0.6885,1,-1,-1
1307,348,1026.89,347.54,52.69,31.19,0.2379,4,-1,-1
1307,327,1179.47,465.36,21.24,46.35,0.6993,1,-1,-1
1307,377,234.31,534.53,26.98,62.43,0.2862,1,-1,-1
1307,380,145.40,528.97,30.55,74.15,0.7202,1,-1,-1
1307,386,56.49,552.86,34.75,82.08,0.7628,1,-1,-1
1307,360,1077.26,424.48,20.22,44.01,0.5234,1,-1,-1
1307,392,272.84,479.19,33.66,45.73,0.5010,2,-1,-1
1307,394,9.50,561.52,17.72,96.85,0.7663,1,-1,-1
1308,261,1051.12,340.43,58.58,27.74,0.1716,4,-1,-1
1308,318,1283.93,347.76,67.60,27.06,0.3794,4,-1,-1
1308,326,1197.24,434.74,23.18,50.72,0.6522,1,-1,-1
1308,348,1030.49,346.69,54.68,32.51,0.1944,4,-1,-1
1308,327,1182.90,465.42,21.39,46.46,0.6388,1,-1,-1
1308,377,237.53,533.22,27.85,63.54,0.2862,1,-1,-1
1308,380,150.73,528.14,30.95,74.91,0.7349,1,-1,-1
1308,386,60.10,551.84,35.72,83.35,0.7571,1,-1,-1
1308,360,1080.22,424.79,19.72,43.18,0.4504,1,-1,-1
1308,392,276.36,479.18,33.81,45.81,0.3132,2,-1,-1
1308,394,11.74,560.55,18.88,96.87,0.7918,1,-1,-1
1309,261,1058.12,341.69,58.27,27.24,0.2436,4,-1,-1
1309,318,1288.91,348.42,64.87,25.90,0.4552,4,-1,-1
1309,326,1200.87,434.81,22.99,50.46,0.6406,1,-1,-1
1309,348,1035.72,347.29,54.35,32.24,0.4494,4,-1,-1
1309,327,1187.62,465.11,21.42,46.49,0.3803,1,-1,-1
1309,377,242.00,531.17,28.62,65.51,0.1209,1,-1,-1
1309,380,157.11,527.10,31.19,75.36,0.6817,1,-1,-1
1309,386,66.65,550.96,35.55,82.97,0.7241,1,-1,-1
1309,360,1084.05,424.51,20.06,44.09,0.4206,1,-1,-1
1309,392,281.93,479.74,36.32,48.54,0.4600,2,-1,-1
1309,394,14.37,560.05,20.27,96.93,0.7786,1,-1,-1
1310,261,1063.72,342.43,57.99,26.92,0.3363,4,-1,-1
1310,318,1293.09,347.81,66.04,26.41,0.5244,4,-1,-1
1310,326,1204.72,434.89,22.48,49.33,0.6689,1,-1,-1
1310,348,1038.60,347.25,54.10,32.30,0.4216,4,-1,-1
1310,327,1192.13,465.07,21.42,46.16,0.5612,1,-1,-1
1310,377,245.91,530.13,27.86,62.87,0.1451,1,-1,-1
1310,380,163.03,526.41,31.20,75.43,0.6740,1,-1,-1
1310,386,70.88,550.19,35.95,83.06,0.7217,1,-1,-1
1310,360,1087.22,424.42,19.90,44.07,0.4465,1,-1,-1
1310,392,285.52,479.51,34.44,46.20,0.4776,2,-1,-1
1310,394,18.94,559.12,21.71,96.55,0.7578,1,-1,-1
1311,261,1062.94,339.97,61.81,29.08,0.1034,4,-1,-1
1311,318,1296.94,348.14,66.84,26.55,0.2193,4,-1,-1
1311,326,1208.25,434.00,23.05,50.74,0.6160,1,-1,-1
1311,348,1041.81,347.16,52.99,31.95,0.2553,4,-1,-1
1311,327,1195.90,465.50,21.41,45.53,0.4639,1,-1,-1
1311,377,252.86,532.68,26.99,60.99,0.1530,1,-1,-1
1311,380,169.11,525.77,31.20,75.17,0.6654,1,-1,-1
1311,386,77.72,550.03,35.06,81.00,0.6868,1,-1,-1
1311,360,1090.68,424.65,19.37,43.02,0.3416,1,-1,-1
1311,392,292.19,479.20,35.33,46.18,0.4707,2,-1,-1
1311,394,22.95,559.25,23.15,95.86,0.7564,1,-1,-1
1312,261,1064.21,339.55,64.55,30.69,0.2401,4,-1,-1
1312,318,1300.82,348.71,65.60,25.99,0.3363,4,-1,-1
1312,326,1211.21,432.60,23.60,52.13,0.6433,1,-1,-1
1312,348,1046.92,347.08,52.05,31.43,0.4340,4,-1,-1
1312,327,1200.69,465.38,21.71,45.79,0.4863,1,-1,-1
1312,377,257.96,530.00,27.72,63.20,0.2458,1,-1,-1
1312,380,174.95,525.01,31.49,75.36,0.6169,1,-1,-1
1312,386,82.22,549.63,35.81,82.60,0.7409,1,-1,-1
1312,360,1094.56,423.66,18.82,42.06,0.3157,1,-1,-1
1312,392,296.39,478.20,35.53,46.22,0.5020,2,-1,-1
1312,394,28.18,558.51,24.81,96.03,0.7649,1,-1,-1
1313,261,1069.08,340.87,61.81,29.66,0.1597,4,-1,-1
1313,318,1304.48,348.04,67.41,26.75,0.4659,4,-1,-1
1313,326,1214.90,433.19,23.25,51.76,0.6697,1,-1,-1
1313,348,1050.50,346.57,52.95,32.20,0.3285,4,-1,-1
1313,327,1204.28,464.70,22.30,46.97,0.6584,1,-1,-1
1313,377,261.73,528.02,29.22,66.41,0.3363,1,-1,-1
1313,380,180.86,525.19,30.70,73.60,0.6469,1,-1,-1
1313,386,87.51,548.56,35.56,82.09,0.6901,1,-1,-1
1313,360,1097.17,422.18,19.68,43.51,0.2173,1,-1,-1
1313,392,302.00,478.69,35.50,45.30,0.3567,2,-1,-1
1313,394,31.85,558.53,26.29,95.02,0.7773,1,-1,-1
1314,261,1075.71,342.49,57.73,27.85,0.1877,4,-1,-1
1314,318,1308.28,348.77,66.14,26.24,0.3303,4,-1,-1
1314,326,1218.38,432.86,23.08,51.63,0.6783,1,-1,-1
1314,348,1053.73,347.34,52.19,31.87,0.2031,4,-1,-1
1314,327,1207.33,464.92,22.38,47.06,0.5983,1,-1,-1
1314,377,261.97,526.27,30.87,68.65,0.1877,1,-1,-1
1314,380,186.28,525.03,29.94,71.96,0.4961,1,-1,-1
1314,386,92.35,548.23,36.24,83.74,0.6901,1,-1,-1
1314,360,1100.19,422.74,20.06,44.77,0.4026,1,-1,-1
1314,392,306.45,477.80,35.29,44.70,0.4140,2,-1,-1
1314,394,36.84,557.50,28.01,95.58,0.7718,1,-1,-1
1315,261,1084.03,343.09,55.48,26.45,0.1784,4,-1,-1
1315,318,1312.89,348.73,65.59,26.01,0.4092,4,-1,-1
1315,326,1221.75,433.22,22.57,50.33,0.5670,1,-1,-1
1315,348,1061.20,349.02,50.55,30.46,0.3234,4,-1,-1
1315,327,1212.17,465.47,22.05,46.20,0.3639,1,-1,-1
1315,377,263.71,524.92,32.06,69.36,0.1399,1,-1,-1
1315,380,191.96,523.98,29.34,70.62,0.6261,1,-1,-1
1315,386,97.24,547.77,35.77,82.10,0.7138,1,-1,-1
1315,360,1103.60,422.79,20.16,45.36,0.2088,1,-1,-1
1315,392,311.02,478.16,35.49,44.30,0.3140,2,-1,-1
1315,394,41.64,557.36,29.53,94.96,0.7677,1,-1,-1
1316,261,1090.86,343.84,53.90,25.62,0.3821,4,-1,-1
1316,318,1316.87,348.18,66.82,26.62,0.4369,4,-1,-1
1316,326,1224.98,433.64,22.02,48.81,0.6593,1,-1,-1
1316,348,1063.86,348.57,50.70,30.71,0.2736,4,-1,-1
1316,327,1216.31,464.79,22.43,46.90,0.4378,1,-1,-1
1316,377,266.10,523.83,33.72,70.92,0.1109,1,-1,-1
1316,380,198.22,522.96,29.26,70.00,0.6334,1,-1,-1
1316,386,103.00,546.90,35.65,81.96,0.6984,1,-1,-1
1316,360,1106.96,423.43,20.11,45.26,0.2983,1,-1,-1
1316,392,314.61,476.53,35.03,43.39,0.4397,2,-1,-1
1316,394,47.19,556.02,30.97,95.90,0.7506,1,-1,-1
1316,398,668.93,746.32,169.36,82.95,0.5400,4,-1,-1
1317,261,1098.39,344.90,50.47,24.20,0.3495,4,-1,-1
1317,318,1320.25,347.99,68.36,27.20,0.2910,4,-1,-1
1317,326,1228.55,433.39,21.54,47.30,0.6388,1,-1,-1
1317,348,1066.34,347.94,50.68,30.92,0.2108,4,-1,-1
1317,327,1220.66,464.93,22.23,45.94,0.3630,1,-1,-1
1317,377,272.81,527.54,32.07,66.03,0.2337,1,-1,-1
1317,380,203.70,522.51,29.03,69.36,0.3090,1,-1,-1
1317,386,107.82,545.93,35.48,81.24,0.7170,1,-1,-1
1317,360,1110.40,423.32,20.25,45.50,0.4196,1,-1,-1
1317,392,319.11,476.24,36.14,45.15,0.4388,2,-1,-1
1317,394,51.54,554.73,32.54,96.82,0.7635,1,-1,-1
1317,398,668.48,745.80,175.01,85.83,0.1515,1,-1,-1
1318,261,1100.92,344.87,51.43,24.35,0.1883,4,-1,-1
1318,318,1325.23,348.18,68.05,27.01,0.3311,4,-1,-1
1318,326,1231.99,433.35,21.77,47.73,0.5554,1,-1,-1
1318,348,1071.57,347.75,50.63,30.88,0.2451,4,-1,-1
1318,327,1225.31,465.99,21.96,45.08,0.2798,1,-1,-1
1318,377,282.97,530.60,29.69,62.28,0.3217,1,-1,-1
1318,380,208.62,522.27,28.73,68.71,0.5254,1,-1,-1
1318,386,113.67,545.43,35.35,81.39,0.6567,1,-1,-1
1318,360,1113.61,423.85,19.69,43.82,0.4475,1,-1,-1
1318,392,323.92,477.89,35.13,42.49,0.1913,2,-1,-1
1318,394,55.75,554.13,33.66,97.17,0.7786,1,-1,-1
1318,398,674.27,746.37,172.21,84.56,0.1067,4,-1,-1
1319,261,1103.90,344.68,51.51,24.42,0.2926,4,-1,-1
1319,318,1328.85,348.05,68.29,27.09,0.3132,4,-1,-1
1319,326,1234.75,433.20,22.51,49.48,0.5689,1,-1,-1
1319,348,1075.56,346.64,51.35,31.46,0.2323,4,-1,-1
1319,327,1229.06,466.11,22.47,45.91,0.4254,1,-1,-1
1319,377,285.53,529.11,30.45,63.27,0.1362,1,-1,-1
1319,380,213.12,520.99,28.64,68.59,0.5955,1,-1,-1
1319,386,117.25,544.49,36.41,83.77,0.6406,1,-1,-1
1319,360,1116.12,422.82,20.29,44.72,0.4436,1,-1,-1
1319,392,328.79,476.50,37.33,44.61,0.3124,2,-1,-1
1319,394,60.48,553.85,34.57,96.54,0.7759,1,-1,-1
1319,398,680.91,746.46,167.52,82.28,0.2999,4,-1,-1
1320,261,1108.31,345.12,50.49,23.92,0.3739,4,-1,-1
1320,318,1333.26,348.68,66.83,26.47,0.3730,4,-1,-1
1320,326,1238.11,433.19,22.26,48.71,0.6086,1,-1,-1
1320,348,1078.21,346.88,51.18,31.37,0.2697,4,-1,-1
1320,327,1232.04,466.76,22.65,46.34,0.3311,1,-1,-1
1320,377,293.70,531.85,28.37,59.46,0.1225,1,-1,-1
1320,380,218.15,520.79,28.49,67.63,0.3730,1,-1,-1
1320,386,123.33,544.62,35.55,82.35,0.6179,1,-1,-1
1320,360,1119.48,423.78,20.03,43.68,0.4776,1,-1,-1
1320,392,331.96,475.61,37.00,44.62,0.4883,2,-1,-1
1320,394,66.41,552.87,34.94,95.17,0.7599,1,-1,-1
1321,261,1107.19,343.70,54.02,25.67,0.4455,4,-1,-1
1321,318,1340.50,348.66,65.43,26.15,0.5917,4,-1,-1
1321,326,1241.50,432.95,21.69,47.21,0.5993,1,-1,-1
1321,348,1084.98,347.87,50.37,30.48,0.3183,4,-1,-1
1321,327,1237.01,468.12,21.69,43.90,0.2075,1,-1,-1
1321,377,298.92,531.60,28.40,60.35,0.1285,1,-1,-1
1321,380,223.55,520.82,28.23,66.32,0.1334,1,-1,-1
1321,386,128.65,544.12,35.85,83.63,0.7050,1,-1,-1
1321,360,1123.77,424.77,19.64,42.59,0.4668,1,-1,-1
1321,392,336.57,475.73,38.37,45.59,0.4591,2,-1,-1
1321,394,71.14,552.13,35.89,95.33,0.7578,1,-1,-1
1322,261,1112.04,343.14,55.70,26.38,0.4073,4,-1,-1
1322,318,1343.60,348.41,66.88,26.66,0.3989,4,-1,-1
1322,326,1245.05,433.03,22.65,48.88,0.6132,1,-1,-1
1322,348,1087.49,347.17,51.98,31.58,0.4610,4,-1,-1
1322,327,1240.82,468.70,22.01,43.70,0.3831,1,-1,-1
1322,380,227.44,519.76,28.78,67.14,0.1778,2,-1,-1
1322,386,132.64,543.49,35.79,83.58,0.6558,1,-1,-1
1322,360,1126.39,416.81,23.07,50.19,0.3174,1,-1,-1
1322,392,340.90,475.10,39.15,46.65,0.4378,2,-1,-1
1322,394,76.07,550.59,36.99,96.42,0.7766,1,-1,-1
1322,398,696.26,745.69,159.81,78.34,0.5670,4,-1,-1
1323,261,1119.39,343.95,53.81,25.62,0.3603,4,-1,-1
1323,318,1346.00,347.80,68.84,27.41,0.2247,4,-1,-1
1323,326,1248.42,432.94,22.83,49.03,0.6397,1,-1,-1
1323,348,1089.29,347.24,51.08,31.38,0.4436,4,-1,-1
1323,327,1245.37,470.92,21.12,41.25,0.3234,1,-1,-1
1323,380,230.82,520.48,28.57,65.49,0.2037,1,-1,-1
1323,386,138.09,542.25,35.56,83.34,0.5927,1,-1,-1
1323,360,1130.57,419.14,22.28,48.04,0.4426,1,-1,-1
1323,392,347.90,475.40,38.87,46.56,0.2487,2,-1,-1
1323,394,80.20,550.85,37.37,95.32,0.7649,1,-1,-1
1323,398,699.09,745.71,162.80,79.86,0.4805,4,-1,-1
1324,261,1124.61,344.67,51.58,24.87,0.4484,4,-1,-1
1324,318,1350.00,347.64,69.18,27.56,0.5804,4,-1,-1
1324,326,1252.16,432.74,22.39,47.80,0.6206,1,-1,-1
1324,348,1094.44,346.83,51.02,31.43,0.3794,4,-1,-1
1324,327,1248.72,471.02,21.36,41.06,0.2458,2,-1,-1
1324,380,239.18,516.10,30.72,68.74,0.1380,1,-1,-1
1324,386,142.38,541.36,36.54,84.82,0.4951,1,-1,-1
1324,360,1132.93,415.42,23.76,51.57,0.4378,1,-1,-1
1324,392,351.05,478.80,37.30,43.51,0.1399,2,-1,-1
1324,394,84.02,549.69,38.93,97.03,0.7853,1,-1,-1
1324,398,701.31,745.58,165.44,81.26,0.2674,4,-1,-1
1325,261,1132.69,344.73,50.48,24.61,0.3032,4,-1,-1
1325,318,1355.52,348.59,66.65,26.55,0.5039,4,-1,-1
1325,326,1255.89,432.96,22.77,47.84,0.5813,1,-1,-1
1325,348,1098.29,346.26,51.16,31.64,0.3040,4,-1,-1
1325,327,1252.71,470.06,22.52,42.82,0.4581,1,-1,-1
1325,380,243.35,517.04,30.28,66.78,0.1052,1,-1,-1
1325,386,148.27,541.26,35.84,83.83,0.4971,1,-1,-1
1325,360,1136.72,412.23,24.87,54.23,0.4064,1,-1,-1
1325,392,355.77,478.94,37.76,43.14,0.1859,2,-1,-1
1325,394,90.73,549.22,38.69,95.80,0.7670,1,-1,-1
1325,398,703.84,745.06,166.61,82.01,0.3540,4,-1,-1
1326,261,1132.25,344.07,52.25,25.62,0.3914,4,-1,-1
1326,318,1359.18,348.61,67.47,26.85,0.5477,4,-1,-1
1326,326,1259.29,432.50,23.50,49.25,0.6289,1,-1,-1
1326,348,1100.04,346.55,51.19,31.89,0.4196,4,-1,-1
1326,327,1256.55,471.05,22.04,41.52,0.2337,2,-1,-1
1326,386,153.73,541.26,34.50,80.56,0.6225,1,-1,-1
1326,360,1139.30,410.28,25.56,55.58,0.5516,1,-1,-1
1326,392,360.40,480.79,36.60,40.87,0.1418,2,-1,-1
1326,394,96.45,548.90,38.52,94.99,0.7484,1,-1,-1
1327,261,1135.50,344.27,50.88,25.19,0.4083,4,-1,-1
1327,318,1365.62,348.55,66.35,26.52,0.6325,4,-1,-1
1327,326,1262.56,432.66,23.15,48.47,0.6086,1,-1,-1
1327,348,1107.12,347.70,50.84,31.40,0.2606,4,-1,-1
1327,327,1260.54,471.51,22.36,41.89,0.1209,1,-1,-1
1327,386,157.78,540.63,34.79,80.54,0.6496,1,-1,-1
1327,360,1142.77,410.33,25.28,54.74,0.5429,1,-1,-1
1327,392,364.78,482.24,38.67,41.54,0.2783,10,-1,-1
1327,394,100.83,549.84,38.09,92.43,0.7853,1,-1,-1
1328,261,1137.12,343.28,53.62,26.27,0.3739,4,-1,-1
1328,318,1368.08,347.73,69.69,27.78,0.2173,4,-1,-1
1328,326,1266.55,432.46,22.81,47.17,0.6021,1,-1,-1
1328,348,1111.33,347.31,51.18,31.68,0.3363,4,-1,-1
1328,327,1264.67,471.57,22.80,42.62,0.3007,1,-1,-1
1328,386,162.47,540.27,35.18,81.40,0.7058,1,-1,-1
1328,360,1146.64,409.99,24.74,53.77,0.5842,1,-1,-1
1328,392,370.69,483.92,38.83,40.12,0.3785,10,-1,-1
1328,394,106.78,549.29,38.21,92.35,0.7642,1,-1,-1
1329,261,1144.27,344.16,51.30,25.34,0.3398,4,-1,-1
1329,318,1371.86,347.82,69.54,27.65,0.4883,4,-1,-1
1329,326,1269.96,432.65,23.33,48.43,0.6160,1,-1,-1
1329,348,1113.32,347.25,50.56,31.54,0.3558,4,-1,-1
1329,327,1267.98,471.58,22.83,42.59,0.2862,1,-1,-1
1329,386,167.18,539.52,35.13,80.76,0.6706,1,-1,-1
1329,360,1151.78,408.91,20.91,44.20,0.3675,1,-1,-1
1329,392,373.05,476.86,43.57,45.70,0.3702,2,-1,-1
1329,394,111.27,548.48,39.06,93.46,0.7542,1,-1,-1
1330,261,1148.65,342.52,48.57,23.98,0.1399,4,-1,-1
1330,318,1378.64,347.98,68.25,27.48,0.5302,4,-1,-1
1330,326,1273.44,433.08,23.59,49.03,0.6252,1,-1,-1
1330,348,1118.37,347.11,49.44,30.93,0.1624,4,-1,-1
1330,327,1272.36,472.99,21.51,39.48,0.1408,2,-1,-1
1330,386,172.81,538.84,35.53,82.22,0.6487,1,-1,-1
1330,360,1155.45,409.13,20.06,41.67,0.3970,1,-1,-1
1330,392,378.42,474.42,44.10,47.08,0.1613,2,-1,-1
1330,394,115.70,548.08,39.35,93.43,0.7476,1,-1,-1
1331,261,1155.53,344.05,48.87,24.21,0.3648,4,-1,-1
1331,318,1381.97,347.99,69.69,28.02,0.5039,4,-1,-1
1331,326,1277.55,432.78,23.21,48.22,0.5746,1,-1,-1
1331,348,1122.20,346.49,50.07,31.30,0.3016,4,-1,-1
1331,327,1277.32,473.74,21.12,37.93,0.3346,2,-1,-1
1331,386,177.53,539.46,34.43,79.43,0.6868,1,-1,-1
1331,360,1160.56,408.71,18.61,38.33,0.1495,1,-1,-1
1331,392,382.75,478.46,40.65,42.57,0.1172,2,-1,-1
1331,394,121.20,547.89,39.33,92.79,0.7614,1,-1,-1
1331,380,264.04,514.92,29.76,63.62,0.5842,1,-1,-1
1332,261,1157.95,344.49,49.77,24.71,0.4688,4,-1,-1
1332,318,1386.02,348.20,69.87,27.99,0.4321,4,-1,-1
1332,326,1280.62,432.80,24.25,50.64,0.5917,1,-1,-1
1332,348,1124.24,346.58,51.08,32.08,0.4756,4,-1,-1
1332,327,1280.02,473.77,21.40,37.67,0.3346,2,-1,-1
1332,386,183.03,538.73,33.93,77.76,0.6316,1,-1,-1
1332,360,1160.92,409.44,23.89,49.98,0.4815,1,-1,-1
1332,392,390.90,477.53,40.15,43.18,0.2220,2,-1,-1
1332,394,126.25,548.72,38.81,91.07,0.7621,1,-1,-1
1332,380,266.05,516.10,30.62,62.12,0.5794,1,-1,-1
1333,261,1160.72,344.88,49.72,24.71,0.4216,4,-1,-1
1333,318,1395.49,349.16,65.50,26.52,0.5496,4,-1,-1
1333,326,1284.51,432.56,24.24,50.97,0.6663,1,-1,-1
1333,348,1131.22,347.54,51.09,31.82,0.3149,4,-1,-1
1333,327,1283.01,473.55,22.17,38.56,0.2082,2,-1,-1
1333,386,188.50,538.65,34.17,78.73,0.6602,1,-1,-1
1333,360,1164.82,411.82,23.19,49.06,0.2583,1,-1,-1
1333,392,393.93,474.34,42.31,46.37,0.1366,2,-1,-1
1333,394,131.38,548.05,39.25,91.87,0.7753,1,-1,-1
1333,380,270.18,515.52,31.90,62.70,0.5059,1,-1,-1
1333,410,1368.44,388.22,80.30,37.81,0.5554,4,-1,-1
1334,261,1164.91,344.07,51.92,25.65,0.3923,4,-1,-1
1334,318,1401.01,348.48,69.11,27.90,0.5651,4,-1,-1
1334,326,1288.96,432.34,23.32,48.97,0.6179,1,-1,-1
1334,348,1134.84,346.99,52.10,32.46,0.4216,4,-1,-1
1334,327,1288.64,474.09,22.02,37.39,0.3132,2,-1,-1
1334,386,192.51,537.89,34.49,78.96,0.6809,1,-1,-1
1334,360,1167.25,409.75,25.00,53.44,0.4863,1,-1,-1
1334,392,396.42,472.94,43.32,48.10,0.2606,2,-1,-1
1334,394,136.42,547.38,39.65,92.58,0.7513,1,-1,-1
1334,380,273.69,514.80,31.83,62.29,0.6160,1,-1,-1
1334,410,1370.97,386.00,85.27,40.12,0.4036,4,-1,-1
1335,261,1175.99,345.45,47.49,24.03,0.4649,4,-1,-1
1335,318,1400.55,348.30,69.30,27.96,0.6540,4,-1,-1
1335,326,1293.18,432.32,23.00,48.66,0.6197,1,-1,-1
1335,348,1136.76,347.00,51.28,32.26,0.3961,4,-1,-1
1335,327,1291.63,474.25,22.19,37.18,0.2854,2,-1,-1
1335,386,197.59,537.33,34.95,79.63,0.7082,1,-1,-1
1335,360,1171.22,412.08,23.89,51.80,0.2598,1,-1,-1
1335,392,399.62,477.23,42.44,45.34,0.3766,10,-1,-1
1335,394,139.48,546.13,40.92,94.47,0.7813,1,-1,-1
1335,380,278.41,513.61,32.80,62.72,0.5010,1,-1,-1
1335,410,1377.04,386.98,84.48,39.74,0.5098,4,-1,-1
1336,261,1181.76,345.64,46.83,23.95,0.3268,4,-1,-1
1336,318,1404.67,348.39,69.01,27.88,0.4083,4,-1,-1
1336,326,1296.41,432.43,23.08,49.01,0.6451,1,-1,-1
1336,348,1141.51,347.23,50.16,31.67,0.3303,4,-1,-1
1336,327,1294.33,474.25,22.42,37.54,0.2282,2,-1,-1
1336,386,203.32,536.33,34.53,78.83,0.7194,1,-1,-1
1336,360,1174.04,410.34,24.09,52.84,0.1683,1,-1,-1
1336,392,404.68,477.72,41.81,43.01,0.3024,10,-1,-1
1336,394,145.35,546.16,40.37,92.41,0.7409,1,-1,-1
1336,380,281.52,513.23,33.26,61.83,0.5039,1,-1,-1
1336,410,1379.69,386.72,86.25,40.55,0.4902,4,-1,-1
1336,398,746.61,742.19,163.93,80.66,0.4678,4,-1,-1
1337,261,1182.33,342.46,51.20,26.23,0.1608,4,-1,-1
1337,318,1408.47,348.19,70.85,28.52,0.4397,4,-1,-1
1337,326,1300.28,432.83,22.68,48.15,0.6188,1,-1,-1
1337,348,1146.32,346.72,50.45,31.82,0.4311,4,-1,-1
1337,327,1299.39,473.73,23.01,38.27,0.2790,2,-1,-1
1337,386,207.21,536.41,35.44,80.74,0.7033,1,-1,-1
1337,360,1178.30,412.51,21.98,48.20,0.1399,1,-1,-1
1337,392,409.57,477.70,41.64,41.36,0.2316,10,-1,-1
1337,394,150.41,545.92,40.58,92.75,0.7520,1,-1,-1
1337,380,284.84,511.94,33.99,62.27,0.4562,1,-1,-1
1337,410,1385.58,386.41,86.03,40.46,0.3594,4,-1,-1
1337,398,747.27,740.89,170.07,84.40,0.2082,4,-1,-1
1338,261,1180.10,342.04,53.14,27.25,0.4007,4,-1,-1
1338,318,1413.84,348.01,71.69,28.79,0.5993,4,-1,-1
1338,326,1303.85,433.10,22.88,48.82,0.6361,1,-1,-1
1338,348,1148.82,346.50,51.65,32.60,0.4340,4,-1,-1
1338,327,1302.41,473.55,23.34,38.68,0.3469,2,-1,-1
1338,386,212.65,535.79,35.20,80.19,0.6868,1,-1,-1
1338,360,1180.89,409.50,25.07,56.42,0.1968,1,-1,-1
1338,392,413.61,480.55,40.79,39.55,0.2095,10,-1,-1
1338,394,156.03,546.10,40.27,91.56,0.7217,1,-1,-1
1338,380,290.19,510.67,34.32,61.86,0.4951,1,-1,-1
1338,410,1388.99,386.46,87.86,41.36,0.5244,4,-1,-1
1338,398,747.06,739.31,175.17,88.03,0.1217,1,-1,-1
1339,261,1180.52,342.37,52.93,27.18,0.3711,4,-1,-1
1339,318,1416.62,347.46,73.52,29.54,0.4581,4,-1,-1
1339,326,1307.21,433.36,23.02,49.39,0.6540,1,-1,-1
1339,348,1156.05,348.00,50.02,31.19,0.3208,4,-1,-1
1339,327,1306.55,473.78,23.21,38.60,0.2509,2,-1,-1
1339,386,217.45,535.32,35.84,81.48,0.7074,1,-1,-1
1339,360,1185.85,408.64,21.87,49.13,0.4678,1,-1,-1
1339,392,414.68,472.14,44.69,44.63,0.4746,2,-1,-1
1339,394,160.85,544.72,40.39,91.50,0.7786,1,-1,-1
1339,380,294.13,509.80,33.90,60.64,0.4417,1,-1,-1
1339,410,1392.90,386.06,87.40,41.13,0.5361,4,-1,-1
1339,412,1715.61,521.53,41.50,82.37,0.4717,1,-1,-1
1340,261,1184.10,342.24,53.77,27.14,0.3831,4,-1,-1
1340,318,1420.12,347.54,72.97,29.34,0.4951,4,-1,-1
1340,326,1310.55,433.47,22.72,48.78,0.6379,1,-1,-1
1340,348,1160.04,347.71,50.43,31.36,0.4225,4,-1,-1
1340,327,1312.11,473.67,23.54,38.79,0.3032,2,-1,-1
1340,386,223.46,535.49,35.14,79.92,0.6885,1,-1,-1
1340,360,1190.48,408.43,18.79,41.47,0.4533,1,-1,-1
1340,392,419.00,469.49,41.82,42.97,0.4883,2,-1,-1
1340,394,165.38,544.06,40.77,91.51,0.7635,1,-1,-1
1340,380,298.02,509.25,33.88,60.54,0.5156,1,-1,-1
1340,410,1398.59,386.29,85.55,40.24,0.3416,4,-1,-1
1340,412,1723.57,521.86,40.47,80.22,0.3630,1,-1,-1
1341,261,1187.27,341.05,56.06,28.38,0.2583,4,-1,-1
1341,318,1425.57,347.42,72.40,29.18,0.3200,4,-1,-1
1341,326,1314.71,433.03,22.89,49.47,0.6343,1,-1,-1
1341,348,1161.29,347.24,51.23,32.17,0.2689,4,-1,-1
1341,327,1315.71,475.14,22.92,37.72,0.1037,1,-1,-1
1341,386,228.62,534.36,35.06,79.76,0.6715,1,-1,-1
1341,360,1194.03,406.94,18.18,39.92,0.4746,1,-1,-1
1341,392,425.58,468.55,44.81,47.12,0.5010,2,-1,-1
1341,394,172.14,543.68,40.37,90.62,0.7807,1,-1,-1
1341,380,303.87,508.86,33.92,60.24,0.5670,1,-1,-1
1341,410,1404.00,385.75,85.34,40.21,0.2838,4,-1,-1
1341,412,1737.58,522.39,39.49,78.52,0.4620,1,-1,-1
1342,261,1192.96,342.94,52.57,26.64,0.3748,4,-1,-1
1342,318,1432.35,347.63,74.34,29.60,0.5784,4,-1,-1
1342,326,1318.31,433.33,23.08,50.14,0.6325,1,-1,-1
1342,348,1166.22,347.48,49.96,31.47,0.2108,4,-1,-1
1342,327,1319.40,475.28,22.57,37.36,0.2502,2,-1,-1
1342,386,233.41,534.27,35.19,79.71,0.6593,1,-1,-1
1342,360,1197.56,406.29,18.84,41.49,0.3803,1,-1,-1
1342,392,429.51,468.35,42.76,45.54,0.4330,2,-1,-1
1342,394,176.77,542.28,40.36,90.52,0.7585,1,-1,-1
1342,380,309.16,508.24,34.00,60.32,0.6298,1,-1,-1
1342,410,1408.92,387.20,83.08,38.90,0.2330,4,-1,-1
1342,412,1749.02,522.50,38.10,76.05,0.4036,1,-1,-1
1343,261,1199.59,344.41,49.90,24.95,0.3886,4,-1,-1
1343,318,1436.49,348.46,72.43,28.77,0.5049,4,-1,-1
1343,326,1321.72,433.36,23.05,50.15,0.6540,1,-1,-1
1343,348,1170.49,346.84,50.56,31.78,0.3242,4,-1,-1
1343,327,1324.02,474.76,23.04,37.97,0.2227,2,-1,-1
1343,386,237.85,533.10,35.55,80.00,0.6758,1,-1,-1
1343,360,1200.96,406.98,17.82,38.67,0.3032,2,-1,-1
1343,392,433.18,468.37,43.27,46.58,0.3720,2,-1,-1
1343,394,182.12,542.27,40.38,90.18,0.8038,1,-1,-1
1343,380,314.31,507.64,33.89,60.06,0.6960,1,-1,-1
1343,410,1413.78,387.70,84.12,39.42,0.5612,4,-1,-1
1343,412,1760.61,524.37,34.66,69.16,0.4349,1,-1,-1
1344,261,1202.42,344.02,51.12,25.45,0.3594,4,-1,-1
1344,318,1439.87,348.39,72.06,28.66,0.3868,4,-1,-1
1344,326,1325.82,432.99,22.65,49.57,0.6415,1,-1,-1
1344,348,1175.01,346.85,52.71,32.82,0.3285,4,-1,-1
1344,327,1328.30,475.44,22.93,37.43,0.1739,2,-1,-1
1344,386,241.95,532.48,36.35,81.60,0.6567,1,-1,-1
1344,360,1204.59,407.73,18.26,39.04,0.3277,1,-1,-1
1344,392,438.18,467.75,42.26,46.43,0.4678,2,-1,-1
1344,394,188.03,541.60,40.30,90.10,0.7571,1,-1,-1
1344,380,319.08,507.18,33.20,59.38,0.5879,1,-1,-1
1344,410,1416.46,387.26,84.56,39.54,0.5029,4,-1,-1
1344,412,1770.27,524.55,35.55,71.20,0.4140,1,-1,-1
1345,261,1206.67,343.95,50.72,25.48,0.3693,4,-1,-1
1345,318,1444.91,348.27,73.56,29.12,0.4893,4,-1,-1
1345,326,1329.05,432.44,23.06,50.54,0.6343,1,-1,-1
1345,348,1181.01,348.49,50.53,31.04,0.3730,4,-1,-1
1345,327,1334.27,475.97,23.01,37.03,0.2200,2,-1,-1
1345,386,248.12,532.21,36.30,81.81,0.6540,1,-1,-1
1345,360,1209.02,408.09,18.04,38.61,0.4369,1,-1,-1
1345,392,442.19,467.47,39.77,44.60,0.5234,2,-1,-1
1345,394,192.26,540.55,40.72,90.75,0.7873,1,-1,-1
1345,380,323.98,505.91,33.49,60.06,0.6663,1,-1,-1
1345,410,1418.58,387.09,86.05,39.89,0.2509,4,-1,-1
1345,412,1776.27,525.69,39.08,78.59,0.6406,1,-1,-1
1346,261,1210.31,346.41,46.50,23.04,0.3040,4,-1,-1
1346,318,1450.43,348.37,72.09,28.68,0.4571,4,-1,-1
1346,326,1332.58,430.26,23.77,52.37,0.6234,1,-1,-1
1346,348,1185.32,348.10,51.45,31.40,0.4168,4,-1,-1
1346,327,1338.36,475.28,23.61,37.58,0.3961,2,-1,-1
1346,386,252.38,531.77,35.44,79.34,0.7114,1,-1,-1
1346,360,1212.49,408.98,18.04,37.94,0.4436,1,-1,-1
1346,392,447.06,469.19,39.43,43.80,0.1067,10,-1,-1
1346,394,196.75,539.81,40.93,90.88,0.7725,1,-1,-1
1346,380,329.27,504.76,33.55,60.45,0.5936,1,-1,-1
1346,410,1423.38,387.55,87.08,40.33,0.2056,4,-1,-1
1346,412,1782.95,526.95,41.15,82.74,0.3107,1,-1,-1
1347,261,1224.58,346.53,45.79,22.88,0.4776,4,-1,-1
1347,318,1456.28,348.57,73.86,29.15,0.5746,4,-1,-1
1347,326,1336.37,430.31,23.09,50.91,0.6343,1,-1,-1
1347,348,1189.38,348.46,51.47,31.21,0.4378,4,-1,-1
1347,327,1342.74,474.98,24.08,38.25,0.3460,2,-1,-1
1347,386,256.84,531.40,36.48,81.39,0.6307,1,-1,-1
1347,360,1215.46,409.53,17.87,37.25,0.4698,1,-1,-1
1347,392,451.75,468.31,39.19,44.07,0.5117,2,-1,-1
1347,394,202.03,539.59,41.23,91.00,0.7846,1,-1,-1
1347,380,334.85,503.82,33.39,60.25,0.6415,1,-1,-1
1347,410,1429.68,387.87,86.42,40.08,0.3757,4,-1,-1
1347,412,1790.92,527.39,41.81,83.82,0.5458,1,-1,-1
1348,261,1232.92,346.27,45.22,22.84,0.4311,4,-1,-1
1348,318,1458.82,348.73,73.94,29.08,0.6011,4,-1,-1
1348,326,1340.66,430.17,23.08,50.75,0.6540,1,-1,-1
1348,348,1193.32,348.29,51.51,30.92,0.5380,4,-1,-1
1348,327,1347.50,474.37,24.95,39.38,0.4130,2,-1,-1
1348,386,262.41,531.05,36.62,81.24,0.6169,1,-1,-1
1348,360,1216.26,409.31,23.85,50.88,0.5516,1,-1,-1
1348,392,456.01,467.38,37.22,42.16,0.5477,2,-1,-1
1348,394,208.34,539.40,40.72,90.41,0.7807,1,-1,-1
1348,380,339.80,503.72,32.69,59.35,0.6960,1,-1,-1
1348,410,1436.53,388.75,83.44,38.64,0.4737,4,-1,-1
1348,412,1800.01,530.06,42.55,84.99,0.2082,1,-1,-1
1349,261,1237.17,347.01,43.86,22.36,0.4292,4,-1,-1
1349,318,1463.17,348.86,73.04,28.83,0.4484,4,-1,-1
1349,326,1343.62,429.82,23.05,50.57,0.6397,1,-1,-1
1349,348,1196.10,347.44,52.94,31.77,0.3775,4,-1,-1
1349,327,1351.99,474.57,25.40,39.73,0.4600,2,-1,-1
1349,386,268.14,531.04,36.72,81.82,0.6105,1,-1,-1
1349,360,1219.81,411.88,24.33,52.58,0.2012,1,-1,-1
1349,392,461.04,467.06,38.43,43.93,0.5020,2,-1,-1
1349,394,213.08,538.70,40.98,90.86,0.7684,1,-1,-1
1349,380,344.03,503.80,32.06,59.27,0.5535,1,-1,-1
1349,410,1438.59,388.07,86.54,40.13,0.5400,4,-1,-1
1350,261,1242.21,347.17,43.96,22.94,0.4649,4,-1,-1
1350,318,1467.26,348.38,74.23,29.25,0.5380,4,-1,-1
1350,326,1347.37,428.34,23.88,52.91,0.5983,1,-1,-1
1350,348,1200.58,350.33,49.10,29.22,0.4971,4,-1,-1
1350,327,1357.30,475.28,25.28,39.36,0.5020,2,-1,-1
1350,386,272.53,530.56,36.63,81.64,0.6197,1,-1,-1
1350,360,1223.24,412.89,23.25,50.90,0.4475,1,-1,-1
1350,392,464.50,466.55,36.99,43.05,0.4873,2,-1,-1
1350,394,218.06,538.49,41.09,91.00,0.7925,1,-1,-1
1350,380,347.89,502.34,31.28,58.69,0.5574,1,-1,-1
1350,410,1442.90,388.34,84.90,39.07,0.2705,4,-1,-1
1351,261,1248.19,346.88,43.84,23.31,0.4130,4,-1,-1
1351,318,1474.83,348.51,73.59,29.46,0.4369,4,-1,-1
1351,326,1350.12,425.62,24.82,55.36,0.5927,1,-1,-1
1351,348,1206.29,351.90,47.17,27.67,0.3858,4,-1,-1
1351,327,1361.21,475.19,26.22,40.86,0.1925,1,-1,-1
1351,386,278.72,530.52,35.63,80.39,0.6067,1,-1,-1
1351,360,1227.88,417.20,22.22,49.21,0.5000,1,-1,-1
1351,392,468.50,466.76,35.41,41.80,0.4102,2,-1,-1
1351,394,222.14,538.07,41.23,91.16,0.7705,1,-1,-1
1351,380,353.52,501.68,30.41,57.22,0.4254,1,-1,-1
1351,410,1450.43,388.35,83.90,38.66,0.3840,4,-1,-1
1352,261,1252.84,347.24,42.10,22.73,0.4397,4,-1,-1
1352,318,1479.15,349.79,72.02,28.64,0.5593,4,-1,-1
1352,326,1353.60,423.99,25.20,57.00,0.5860,1,-1,-1
1352,348,1212.62,354.04,43.83,25.36,0.2798,4,-1,-1
1352,327,1366.08,475.09,25.90,40.26,0.4717,2,-1,-1
1352,386,282.44,530.02,37.95,86.40,0.5936,1,-1,-1
1352,360,1231.76,416.38,21.12,46.84,0.3285,1,-1,-1
1352,392,474.07,467.49,37.85,44.45,0.5078,2,-1,-1
1352,394,227.29,537.49,41.75,91.80,0.8146,1,-1,-1
1352,380,358.14,500.77,30.28,56.94,0.4388,1,-1,-1
1352,410,1454.62,388.81,83.07,38.12,0.4785,4,-1,-1
1353,261,1256.36,346.93,43.23,23.71,0.4922,4,-1,-1
1353,318,1482.75,349.93,71.91,28.43,0.4073,4,-1,-1
1353,326,1357.37,422.60,25.16,57.65,0.6197,1,-1,-1
1353,348,1214.70,353.64,45.35,26.02,0.2682,4,-1,-1
1353,327,1371.05,475.58,25.60,39.60,0.4971,2,-1,-1
1353,386,288.62,529.97,36.24,83.27,0.6298,1,-1,-1
1353,392,479.20,467.20,37.78,44.44,0.4417,2,-1,-1
1353,394,233.90,537.69,41.12,91.00,0.7766,1,-1,-1
1353,380,361.73,499.18,29.85,56.57,0.3998,1,-1,-1
1353,410,1459.52,389.27,82.97,37.65,0.4378,4,-1,-1
1354,261,1259.16,347.05,43.18,24.11,0.4465,4,-1,-1
1354,318,1489.40,349.83,71.72,28.72,0.1672,4,-1,-1
1354,326,1360.91,421.65,25.31,58.55,0.5784,1,-1,-1
1354,348,1221.29,356.04,41.82,23.52,0.3675,4,-1,-1
1354,327,1375.26,475.63,25.71,39.58,0.5438,2,-1,-1
1354,386,295.39,529.41,34.36,79.82,0.5273,1,-1,-1
1354,392,484.48,466.87,39.52,46.52,0.3748,2,-1,-1
1354,394,238.33,537.49,41.37,91.04,0.7585,1,-1,-1
1354,380,366.37,499.21,29.26,55.97,0.4620,1,-1,-1
1354,410,1464.31,388.72,82.87,37.55,0.5107,4,-1,-1
1355,261,1262.14,347.65,43.73,24.72,0.5458,4,-1,-1
1355,318,1493.98,349.41,73.24,29.36,0.5554,4,-1,-1
1355,326,1364.97,421.31,25.13,58.86,0.6680,1,-1,-1
1355,348,1227.29,355.19,41.85,23.54,0.2487,4,-1,-1
1355,327,1379.99,475.23,26.16,40.28,0.4746,2,-1,-1
1355,386,299.62,528.87,35.36,83.05,0.4678,1,-1,-1
1355,392,488.69,467.23,37.30,43.80,0.4971,2,-1,-1
1355,394,243.14,537.38,41.43,90.64,0.7739,1,-1,-1
1355,380,369.49,498.35,29.17,56.31,0.5467,1,-1,-1
1355,410,1468.54,388.60,83.58,37.56,0.4630,4,-1,-1
1356,261,1264.15,347.22,44.14,24.62,0.5205,4,-1,-1
1356,318,1500.29,349.69,71.45,28.82,0.5670,4,-1,-1
1356,326,1369.14,420.85,25.19,59.66,0.6225,1,-1,-1
1356,348,1226.76,353.52,46.89,26.24,0.3675,4,-1,-1
1356,327,1384.62,475.67,26.18,40.21,0.4727,2,-1,-1
1356,386,303.75,528.07,35.30,83.81,0.5215,1,-1,-1
1356,392,492.88,466.66,35.25,41.85,0.4513,2,-1,-1
1356,394,247.38,536.29,41.92,91.02,0.7800,1,-1,-1
1356,380,374.07,497.65,29.28,56.15,0.2830,2,-1,-1
1356,410,1474.67,389.24,81.06,36.24,0.4292,4,-1,-1
1357,261,1270.39,347.97,44.87,25.30,0.5535,4,-1,-1
1357,318,1503.45,350.07,71.97,28.93,0.6067,4,-1,-1
1357,326,1373.38,420.46,24.97,59.42,0.6142,1,-1,-1
1357,348,1230.11,353.07,48.11,26.77,0.5419,4,-1,-1
1357,327,1389.41,475.77,26.86,41.21,0.4902,2,-1,-1
1357,386,309.33,527.84,35.14,84.02,0.4668,1,-1,-1
1357,392,498.61,467.01,36.32,43.10,0.3346,2,-1,-1
1357,394,252.50,536.02,41.59,89.97,0.7886,1,-1,-1
1357,380,377.91,497.96,29.17,55.67,0.2674,1,-1,-1
1357,410,1477.87,389.43,82.89,37.02,0.5651,4,-1,-1
1358,261,1272.24,347.74,47.58,26.72,0.5784,4,-1,-1
1358,318,1505.86,349.93,73.25,29.22,0.5535,4,-1,-1
1358,326,1377.59,420.74,24.58,58.95,0.6522,1,-1,-1
1358,348,1230.91,349.42,53.24,30.07,0.5429,4,-1,-1
1358,327,1394.46,476.06,26.78,40.98,0.4932,2,-1,-1
1358,386,314.16,528.26,34.46,82.56,0.6298,1,-1,-1
1358,392,503.74,466.58,37.19,43.58,0.4494,2,-1,-1
1358,394,258.23,535.48,41.52,90.33,0.7873,1,-1,-1
1358,380,381.69,497.58,29.44,55.95,0.2644,2,-1,-1
1358,410,1480.09,388.97,85.75,38.02,0.4932,4,-1,-1
1358,420,1577.78,348.01,58.68,32.08,0.4756,4,-1,-1
1359,261,1274.88,347.43,49.86,27.59,0.5554,4,-1,-1
1359,318,1512.61,349.82,72.43,29.22,0.2323,4,-1,-1
1359,326,1381.29,421.88,24.16,58.20,0.6522,1,-1,-1
1359,348,1234.15,348.12,55.18,31.45,0.4092,4,-1,-1
1359,327,1399.04,476.57,26.72,40.82,0.5631,2,-1,-1
1359,386,320.86,528.06,31.78,76.44,0.5039,1,-1,-1
1359,392,507.04,466.26,35.92,42.09,0.4054,2,-1,-1
1359,394,261.68,535.19,42.12,90.75,0.7372,1,-1,-1
1359,380,386.08,497.22,30.65,57.85,0.4311,1,-1,-1
1359,410,1486.64,388.81,85.34,37.93,0.4795,4,-1,-1
1359,420,1582.18,347.58,58.96,32.29,0.3998,4,-1,-1
1360,261,1280.29,347.54,50.85,27.78,0.5917,4,-1,-1
1360,318,1516.28,349.77,73.44,29.53,0.5974,4,-1,-1
1360,326,1385.51,424.04,23.19,56.18,0.6505,1,-1,-1
1360,348,1238.21,347.75,55.21,31.78,0.5765,4,-1,-1
1360,327,1403.49,476.86,26.76,40.80,0.4149,2,-1,-1
1360,386,324.51,527.50,33.34,80.74,0.5166,1,-1,-1
1360,392,511.44,466.17,36.37,42.67,0.4688,2,-1,-1
1360,394,268.20,535.09,41.59,90.08,0.7860,1,-1,-1
1360,380,391.17,496.83,30.71,57.49,0.4378,1,-1,-1
1360,410,1491.19,388.79,86.05,38.08,0.4369,4,-1,-1
1360,420,1587.47,347.46,59.61,32.76,0.5224,4,-1,-1
1360,360,1263.27,419.95,21.94,49.58,0.4552,1,-1,-1
1361,261,1281.00,347.31,53.79,28.63,0.2302,4,-1,-1
1361,318,1519.94,350.09,73.61,29.52,0.5784,4,-1,-1
1361,326,1388.91,422.71,23.66,57.86,0.6325,1,-1,-1
1361,348,1242.79,347.66,54.77,31.75,0.6215,4,-1,-1
1361,327,1407.95,477.05,26.78,40.67,0.3381,2,-1,-1
1361,386,326.19,527.00,36.75,90.24,0.4639,1,-1,-1
1361,392,516.53,465.77,32.67,38.03,0.2415,2,-1,-1
1361,394,271.60,534.39,41.78,90.31,0.7746,1,-1,-1
1361,380,395.78,496.73,30.09,56.31,0.3191,2,-1,-1
1361,410,1497.81,389.30,84.58,37.42,0.3549,4,-1,-1
1361,420,1591.60,347.60,60.31,33.19,0.4359,4,-1,-1
1361,360,1268.16,420.38,20.06,45.83,0.1334,1,-1,-1
1362,318,1523.46,349.51,75.92,30.13,0.4073,4,-1,-1
1362,326,1393.26,423.09,23.49,57.43,0.6540,1,-1,-1
1362,348,1247.57,348.01,54.26,31.61,0.5273,4,-1,-1
1362,327,1412.66,477.18,26.85,40.45,0.5049,2,-1,-1
1362,386,332.65,526.95,34.40,85.60,0.5039,1,-1,-1
1362,392,521.54,465.92,33.89,39.41,0.2728,2,-1,-1
1362,394,277.95,534.30,41.09,89.19,0.8146,1,-1,-1
1362,380,398.71,496.46,30.42,56.91,0.4668,1,-1,-1
1362,410,1499.40,388.88,91.03,40.64,0.2401,4,-1,-1
1362,420,1598.72,347.81,59.94,33.11,0.2101,4,-1,-1
1362,360,1271.41,419.56,21.45,49.40,0.1901,1,-1,-1
1363,318,1531.95,350.18,74.84,29.66,0.4805,4,-1,-1
1363,326,1397.41,425.48,22.42,54.92,0.6123,1,-1,-1
1363,348,1252.78,348.14,53.53,31.35,0.4990,4,-1,-1
1363,327,1418.21,478.43,26.23,39.09,0.5612,2,-1,-1
1363,386,338.04,527.47,32.88,82.18,0.5448,1,-1,-1
1363,392,525.22,465.96,35.78,41.81,0.3923,2,-1,-1
1363,394,283.97,534.95,40.20,87.94,0.7556,1,-1,-1
1363,380,402.88,496.71,29.59,55.39,0.3486,1,-1,-1
1363,410,1504.69,389.05,89.38,39.96,0.3242,4,-1,-1
1363,420,1604.44,348.14,58.77,32.59,0.2234,4,-1,-1
1363,360,1275.71,420.16,20.92,48.69,0.2082,1,-1,-1
1364,318,1533.68,350.07,74.78,29.72,0.4407,4,-1,-1
1364,326,1401.46,424.70,22.50,55.10,0.6030,1,-1,-1
1364,348,1256.61,347.25,54.56,32.17,0.5010,4,-1,-1
1364,327,1422.04,478.85,26.14,38.77,0.5000,2,-1,-1
1364,386,344.28,526.80,30.28,75.97,0.4562,1,-1,-1
1364,392,528.98,464.99,34.66,40.35,0.1755,2,-1,-1
1364,394,288.58,534.63,40.18,87.78,0.7542,1,-1,-1
1364,380,407.48,496.24,29.66,55.34,0.3234,1,-1,-1
1364,410,1512.40,389.30,85.47,38.14,0.2337,4,-1,-1
1364,420,1609.11,348.53,57.41,31.96,0.1442,4,-1,-1
1364,360,1280.04,420.14,20.43,47.79,0.1801,1,-1,-1
1365,318,1536.21,349.48,76.47,30.40,0.4678,4,-1,-1
1365,326,1405.80,425.40,22.55,54.88,0.6575,1,-1,-1
1365,348,1260.25,346.86,55.27,32.83,0.4571,4,-1,-1
1365,327,1426.76,478.92,26.55,38.98,0.4196,2,-1,-1
1365,386,348.88,527.29,29.79,75.28,0.5554,1,-1,-1
1365,392,533.04,465.03,37.01,42.99,0.4140,2,-1,-1
1365,394,293.87,533.78,40.25,87.96,0.7642,1,-1,-1
1365,380,411.63,497.54,28.33,52.83,0.3016,1,-1,-1
1365,410,1515.86,389.38,86.05,38.13,0.2674,4,-1,-1
1365,420,1613.38,348.55,57.78,32.22,0.1500,4,-1,-1
1365,360,1284.36,419.64,20.24,47.69,0.1587,1,-1,-1
1366,318,1548.57,345.70,88.80,34.83,0.1052,4,-1,-1
1366,326,1409.06,424.39,23.02,56.15,0.7033,1,-1,-1
1366,348,1264.97,346.44,55.65,33.32,0.5380,4,-1,-1
1366,327,1431.40,479.68,26.49,38.45,0.4639,2,-1,-1
1366,386,353.86,527.05,27.85,70.07,0.4045,1,-1,-1
1366,392,537.03,465.46,36.10,41.66,0.2247,2,-1,-1
1366,394,297.97,534.40,39.80,86.42,0.7642,1,-1,-1
1366,380,416.47,498.18,28.23,52.54,0.4187,1,-1,-1
1366,420,1608.77,345.45,65.26,35.97,0.1082,4,-1,-1
1366,360,1290.42,420.36,15.28,33.59,0.2193,2,-1,-1
1367,318,1555.92,342.30,104.04,39.61,0.1128,4,-1,-1
1367,326,1412.74,424.90,23.21,56.56,0.6885,1,-1,-1
1367,348,1268.47,346.18,55.91,33.73,0.5554,4,-1,-1
1367,327,1435.91,480.36,26.04,37.42,0.4941,2,-1,-1
1367,386,357.81,526.54,29.39,73.10,0.3486,1,-1,-1
1367,392,542.31,465.55,36.76,42.19,0.1767,2,-1,-1
1367,394,301.27,533.24,40.56,87.72,0.8328,1,-1,-1
1367,380,421.10,499.53,27.81,50.82,0.4649,1,-1,-1
1367,360,1292.71,420.31,17.58,38.72,0.2444,2,-1,-1
1368,318,1562.52,341.93,107.85,40.02,0.2050,4,-1,-1
1368,326,1416.92,424.92,23.32,56.70,0.7001,1,-1,-1
1368,348,1274.41,347.06,54.78,32.97,0.5574,4,-1,-1
1368,327,1441.64,481.28,25.70,36.77,0.5039,2,-1,-1
1368,386,361.92,526.63,29.77,73.73,0.5756,1,-1,-1
1368,392,548.26,465.34,33.51,37.99,0.1807,2,-1,-1
1368,394,306.87,532.79,40.44,87.92,0.7950,1,-1,-1
1368,380,425.71,501.02,27.06,48.62,0.2606,1,-1,-1
1368,360,1296.82,419.80,17.79,38.62,0.2282,2,-1,-1
1369,318,1561.30,342.36,105.98,38.93,0.1408,4,-1,-1
1369,326,1420.12,425.47,23.26,56.25,0.6901,1,-1,-1
1369,348,1279.85,346.82,55.46,33.37,0.4902,4,-1,-1
1369,327,1445.81,482.31,25.63,36.25,0.5185,2,-1,-1
1369,386,367.58,526.34,29.74,73.83,0.5068,1,-1,-1
1369,392,552.44,465.13,34.97,39.70,0.2950,2,-1,-1
1369,394,310.94,532.28,40.61,87.71,0.7599,1,-1,-1
1369,380,429.24,501.72,27.08,47.55,0.2628,1,-1,-1
1369,360,1300.15,420.38,20.14,44.38,0.4746,1,-1,-1
1370,318,1562.39,344.56,98.09,36.36,0.1362,4,-1,-1
1370,326,1423.76,426.17,23.27,55.70,0.6968,1,-1,-1
1370,348,1284.21,346.96,56.22,33.67,0.5756,4,-1,-1
1370,327,1451.05,483.14,25.66,35.68,0.4785,2,-1,-1
1370,386,372.00,526.14,29.73,73.98,0.5689,1,-1,-1
1370,392,556.43,465.30,37.00,42.25,0.3183,2,-1,-1
1370,394,315.89,531.31,40.92,88.31,0.8075,1,-1,-1
1370,380,432.63,501.68,27.60,48.10,0.2621,1,-1,-1
1370,360,1304.49,419.97,19.59,43.36,0.5361,1,-1,-1
1371,318,1574.84,345.85,96.45,35.37,0.1530,4,-1,-1
1371,326,1427.97,425.76,23.58,56.10,0.7287,1,-1,-1
1371,348,1289.75,345.52,58.00,34.48,0.4340,4,-1,-1
1371,327,1455.05,483.48,26.08,35.76,0.4902,2,-1,-1
1371,386,377.01,525.62,28.19,70.13,0.5765,1,-1,-1
1371,392,559.24,466.02,37.36,41.98,0.1551,10,-1,-1
1371,394,320.35,530.27,41.05,88.60,0.7846,1,-1,-1
1371,380,435.96,501.59,27.30,48.32,0.2227,1,-1,-1
1371,360,1308.61,419.61,19.53,43.49,0.4235,1,-1,-1
1372,318,1579.81,347.32,93.36,34.01,0.1656,4,-1,-1
1372,326,1431.34,426.62,23.50,55.60,0.6885,1,-1,-1
1372,348,1295.01,346.14,58.28,34.18,0.3594,4,-1,-1
1372,327,1459.38,484.13,26.22,35.36,0.4092,2,-1,-1
1372,386,381.36,525.84,28.44,70.72,0.5898,1,-1,-1
1372,392,565.05,467.84,38.06,42.34,0.3329,10,-1,-1
1372,394,324.73,530.43,40.89,88.40,0.7976,1,-1,-1
1372,380,440.96,500.67,27.00,47.07,0.1683,2,-1,-1
1372,360,1312.16,419.95,19.61,44.07,0.4533,1,-1,-1
1373,318,1577.62,348.96,88.85,32.66,0.2983,4,-1,-1
1373,326,1435.73,427.44,23.45,55.06,0.7033,1,-1,-1
1373,348,1299.75,346.48,58.19,33.67,0.3970,4,-1,-1
1373,327,1464.18,484.12,26.92,35.96,0.5029,2,-1,-1
1373,386,385.15,525.28,29.75,73.47,0.5870,1,-1,-1
1373,392,569.26,466.56,36.26,40.20,0.2037,2,-1,-1
1373,394,329.37,530.61,40.58,88.06,0.8295,1,-1,-1
1373,380,444.91,499.34,27.44,47.51,0.4292,1,-1,-1
1373,360,1315.33,419.60,19.66,44.30,0.4668,1,-1,-1
1374,318,1580.30,348.28,91.19,33.45,0.2323,4,-1,-1
1374,326,1440.21,428.18,22.84,53.67,0.7146,1,-1,-1
1374,348,1301.55,346.64,57.78,33.65,0.5351,4,-1,-1
1374,327,1468.43,484.59,27.17,36.02,0.4795,2,-1,-1
1374,386,388.96,524.26,30.63,75.89,0.5458,1,-1,-1
1374,392,572.48,465.95,39.00,42.83,0.1442,10,-1,-1
1374,394,334.01,530.23,40.69,88.25,0.7766,1,-1,-1
1374,380,448.42,498.76,27.31,47.11,0.4026,1,-1,-1
1374,360,1319.65,419.61,19.33,42.90,0.3603,1,-1,-1
1374,420,1654.85,348.08,62.29,34.27,0.4513,4,-1,-1
1375,318,1583.17,350.10,85.13,31.59,0.2031,4,-1,-1
1375,326,1444.14,429.08,22.72,53.14,0.7050,1,-1,-1
1375,348,1308.94,346.53,59.79,34.30,0.2546,4,-1,-1
1375,327,1473.37,485.25,27.15,35.66,0.3905,2,-1,-1
1375,386,393.57,523.77,30.60,76.11,0.5898,1,-1,-1
1375,392,577.32,464.66,38.64,42.62,0.3311,2,-1,-1
1375,394,338.76,529.73,40.71,88.57,0.7912,1,-1,-1
1375,380,452.07,496.99,28.11,47.98,0.3886,1,-1,-1
1375,360,1325.18,420.70,18.07,39.67,0.2227,1,-1,-1
1375,420,1662.90,347.86,62.34,34.59,0.2822,4,-1,-1
1376,318,1591.72,349.92,83.70,31.53,0.1683,4,-1,-1
1376,326,1448.40,430.56,21.82,50.83,0.6732,1,-1,-1
1376,348,1314.12,345.86,60.96,34.44,0.2591,4,-1,-1
1376,327,1478.32,485.85,26.88,35.03,0.5458,2,-1,-1
1376,386,398.27,523.51,29.89,74.43,0.6531,1,-1,-1
1376,392,581.36,464.52,37.02,41.07,0.3381,2,-1,-1
1376,394,342.99,530.01,40.04,87.63,0.7969,1,-1,-1
1376,380,454.96,496.62,28.65,49.49,0.5832,1,-1,-1
1376,360,1327.98,419.20,19.39,43.05,0.4688,1,-1,-1
1376,420,1671.35,348.59,60.58,33.88,0.3082,4,-1,-1
1377,318,1594.60,351.09,80.53,30.56,0.3998,4,-1,-1
1377,326,1452.58,430.14,21.68,50.52,0.6732,1,-1,-1
1377,348,1314.08,345.97,60.11,34.56,0.1566,5,-1,-1
1377,327,1482.35,485.87,27.83,35.97,0.4533,2,-1,-1
1377,386,402.14,523.53,29.61,73.98,0.6680,1,-1,-1
1377,392,585.64,464.35,35.08,39.06,0.3024,2,-1,-1
1377,394,347.14,529.41,39.92,87.52,0.7753,1,-1,-1
1377,380,458.35,496.91,28.26,49.68,0.5078,1,-1,-1
1377,360,1331.01,420.07,20.78,46.22,0.4883,1,-1,-1
1377,420,1678.47,349.68,57.82,32.47,0.4340,4,-1,-1
1378,318,1598.79,351.99,77.79,29.58,0.4941,4,-1,-1
1378,326,1456.59,430.33,21.56,50.28,0.6901,1,-1,-1
1378,348,1317.37,346.38,59.67,34.53,0.1019,5,-1,-1
1378,327,1487.34,485.74,28.31,36.52,0.5185,2,-1,-1
1378,386,405.49,523.32,30.70,76.56,0.5860,1,-1,-1
1378,392,590.98,463.81,33.38,37.22,0.2822,2,-1,-1
1378,394,351.60,529.14,39.97,87.67,0.8075,1,-1,-1
1378,380,463.15,496.28,28.11,48.96,0.4177,1,-1,-1
1378,360,1334.45,420.43,20.32,44.64,0.4073,1,-1,-1
1378,420,1682.99,349.84,58.43,32.70,0.2082,4,-1,-1
1379,318,1604.13,351.94,78.23,29.77,0.4707,4,-1,-1
1379,326,1460.42,431.35,21.40,49.82,0.6593,1,-1,-1
1379,348,1322.89,348.40,55.94,32.41,0.4785,4,-1,-1
1379,327,1491.48,486.03,28.59,36.85,0.4746,2,-1,-1
1379,386,409.73,523.15,31.55,79.22,0.6343,1,-1,-1
1379,392,595.04,464.17,34.73,38.82,0.3208,2,-1,-1
1379,394,356.05,528.91,39.88,87.94,0.7873,1,-1,-1
1379,380,467.42,495.61,28.82,49.89,0.4805,1,-1,-1
1379,360,1338.09,419.28,20.17,43.94,0.2480,1,-1,-1
1379,420,1689.13,349.36,59.30,33.38,0.1571,4,-1,-1
1379,261,1369.09,348.70,42.31,22.87,0.5974,4,-1,-1
1380,318,1609.78,352.06,77.55,29.55,0.3886,4,-1,-1
1380,326,1464.47,430.34,21.66,50.74,0.6851,1,-1,-1
1380,348,1326.25,347.66,56.71,33.20,0.4397,4,-1,-1
1380,327,1496.65,486.14,28.92,37.13,0.4893,2,-1,-1
1380,386,414.86,523.13,30.76,77.64,0.6469,1,-1,-1
1380,392,599.86,463.70,33.12,36.96,0.3200,2,-1,-1
1380,394,360.59,528.00,39.82,88.14,0.7820,1,-1,-1
1380,380,471.16,495.19,29.80,51.19,0.3657,1,-1,-1
1380,360,1341.67,420.15,21.33,46.12,0.3090,1,-1,-1
1380,420,1696.96,349.59,60.71,33.71,0.1255,4,-1,-1
1380,261,1375.25,347.85,42.73,23.51,0.5477,4,-1,-1
1381,318,1618.40,353.13,74.95,28.41,0.4149,4,-1,-1
1381,326,1468.90,430.84,22.26,52.02,0.6800,1,-1,-1
1381,348,1330.06,346.92,57.89,34.18,0.3425,4,-1,-1
1381,327,1501.61,487.08,28.24,36.10,0.5020,2,-1,-1
1381,386,419.66,523.01,29.63,74.71,0.6645,1,-1,-1
1381,392,604.36,464.32,33.79,37.39,0.1471,2,-1,-1
1381,394,365.76,528.33,39.21,87.03,0.7957,1,-1,-1
1381,380,474.90,494.88,29.46,50.69,0.4475,1,-1,-1
1381,360,1346.02,421.79,20.47,43.95,0.1152,1,-1,-1
1381,420,1701.07,349.83,59.20,33.15,0.2247,4,-1,-1
1381,261,1381.30,348.06,41.56,23.21,0.4815,4,-1,-1
1382,318,1622.57,352.37,77.94,29.55,0.2114,4,-1,-1
1382,326,1472.52,429.25,23.02,53.80,0.6433,1,-1,-1
1382,348,1334.65,347.26,57.48,34.21,0.4235,4,-1,-1
1382,327,1506.37,487.93,28.24,35.76,0.4064,2,-1,-1
1382,386,423.65,522.32,29.25,73.61,0.6935,1,-1,-1
1382,394,370.10,528.29,39.15,87.22,0.7677,1,-1,-1
1382,380,477.95,493.74,28.97,50.30,0.5631,1,-1,-1
1382,360,1347.17,415.68,21.78,45.73,0.1063,1,-1,-1
1382,261,1384.90,348.48,40.20,23.05,0.4235,4,-1,-1
1383,318,1627.90,354.26,73.10,27.51,0.4446,4,-1,-1
1383,326,1477.63,429.89,22.33,52.26,0.6505,1,-1,-1
1383,348,1340.80,350.71,52.22,30.90,0.3648,4,-1,-1
1383,327,1511.84,488.59,28.16,35.42,0.4359,2,-1,-1
1383,386,427.25,523.01,29.58,74.11,0.6397,1,-1,-1
1383,394,374.35,527.38,39.18,87.61,0.7846,1,-1,-1
1383,380,480.88,493.14,29.20,51.18,0.5078,1,-1,-1
1383,360,1352.47,415.23,17.90,35.45,0.2583,2,-1,-1
1383,261,1390.50,348.14,40.89,23.31,0.4591,4,-1,-1
1384,318,1632.19,353.89,74.90,28.17,0.4854,4,-1,-1
1384,326,1482.01,431.07,21.92,51.27,0.6105,1,-1,-1
1384,348,1345.12,348.97,54.35,32.29,0.4455,4,-1,-1
1384,327,1515.49,488.34,29.28,36.71,0.2830,2,-1,-1
1384,386,431.88,523.13,29.63,73.57,0.6505,1,-1,-1
1384,394,379.47,527.89,38.56,86.49,0.7417,1,-1,-1
1384,380,484.73,493.02,28.85,50.96,0.3858,1,-1,-1
1384,360,1354.37,414.48,22.27,44.23,0.3469,1,-1,-1
1384,261,1395.18,347.41,42.06,24.02,0.5059,4,-1,-1
1385,318,1637.32,353.82,75.60,28.39,0.4083,4,-1,-1
1385,326,1485.45,429.74,22.70,52.87,0.6558,1,-1,-1
1385,348,1348.73,347.45,56.57,33.90,0.4902,4,-1,-1
1385,327,1520.83,488.78,29.25,36.31,0.5205,2,-1,-1
1385,386,436.06,523.18,30.36,74.98,0.6575,1,-1,-1
1385,394,384.00,527.25,38.43,86.31,0.7210,1,-1,-1
1385,380,488.39,492.55,27.79,48.99,0.3979,1,-1,-1
1385,360,1357.77,413.75,23.69,46.97,0.3684,1,-1,-1
1385,261,1400.19,347.42,41.96,24.22,0.3905,4,-1,-1
1386,318,1642.66,353.36,77.48,29.07,0.4552,4,-1,-1
1386,326,1490.62,430.75,22.04,51.35,0.6540,1,-1,-1
1386,348,1354.74,350.92,52.27,31.13,0.2095,4,-1,-1
1386,327,1525.92,489.70,28.43,35.06,0.4815,2,-1,-1
1386,386,440.29,523.30,30.13,73.26,0.5622,1,-1,-1
1386,394,389.28,526.62,38.02,85.67,0.7571,1,-1,-1
1386,380,491.48,492.14,27.45,48.79,0.4805,1,-1,-1
1386,360,1362.97,413.97,22.94,45.57,0.4630,1,-1,-1
1386,261,1404.51,348.21,40.68,23.74,0.4436,4,-1,-1
1386,420,1711.03,346.80,68.63,37.63,0.4562,4,-1,-1
1387,318,1647.65,353.63,76.63,28.68,0.4083,4,-1,-1
1387,326,1494.69,431.67,21.67,50.30,0.6030,1,-1,-1
1387,348,1357.71,348.83,55.34,33.21,0.5603,4,-1,-1
1387,327,1531.04,490.15,28.60,34.96,0.4330,2,-1,-1
1387,386,445.15,523.38,29.80,71.91,0.6307,1,-1,-1
1387,394,394.22,527.33,37.57,84.79,0.7535,1,-1,-1
1387,380,495.09,491.72,27.45,48.90,0.2697,2,-1,-1
1387,360,1366.71,414.43,24.91,49.93,0.5506,1,-1,-1
1387,261,1408.57,347.96,40.71,23.96,0.5438,4,-1,-1
1387,420,1711.66,346.52,71.09,38.21,0.1112,4,-1,-1
1388,318,1653.96,354.10,76.34,28.39,0.5765,4,-1,-1
1388,326,1498.13,430.58,22.11,51.02,0.5804,1,-1,-1
1388,348,1362.37,347.64,57.03,34.55,0.4902,4,-1,-1
1388,327,1536.23,490.87,28.99,35.27,0.3720,2,-1,-1
1388,386,448.88,522.77,30.97,74.07,0.6030,1,-1,-1
1388,394,398.64,526.92,37.73,85.52,0.7786,1,-1,-1
1388,380,497.80,491.87,28.11,50.00,0.4893,1,-1,-1
1388,360,1371.80,414.53,24.91,50.51,0.5908,1,-1,-1
1388,261,1413.29,348.10,41.00,24.13,0.4610,4,-1,-1
1388,420,1722.57,348.10,68.95,36.59,0.1956,4,-1,-1
1389,318,1657.40,354.19,76.59,28.36,0.5068,4,-1,-1
1389,326,1503.07,431.79,21.62,49.83,0.6433,1,-1,-1
1389,348,1368.41,347.75,56.09,33.93,0.3277,4,-1,-1
1389,327,1540.95,491.16,29.22,35.44,0.2878,2,-1,-1
1389,386,453.07,523.07,31.67,75.11,0.6105,1,-1,-1
1389,394,403.70,526.90,37.63,85.42,0.7732,1,-1,-1
1389,380,500.90,491.57,28.48,51.13,0.4111,1,-1,-1
1389,360,1376.40,414.25,24.79,50.67,0.5496,1,-1,-1
1389,261,1417.73,347.51,42.33,25.07,0.5078,4,-1,-1
1389,420,1723.61,347.29,71.57,37.07,0.1790,4,-1,-1
1390,318,1663.77,354.13,78.20,28.88,0.6086,4,-1,-1
1390,326,1507.50,430.78,22.38,51.28,0.6325,1,-1,-1
1390,348,1372.80,347.34,56.23,34.24,0.5078,4,-1,-1
1390,327,1546.93,492.34,28.44,34.03,0.4102,2,-1,-1
1390,386,457.93,522.69,31.56,74.15,0.5964,1,-1,-1
1390,394,407.68,526.63,37.87,85.94,0.7635,1,-1,-1
1390,380,504.87,492.12,26.92,48.71,0.5137,1,-1,-1
1390,360,1380.99,414.94,24.67,50.97,0.5612,1,-1,-1
1390,261,1422.89,347.63,41.33,24.67,0.4707,4,-1,-1
1390,420,1729.71,347.54,71.34,36.47,0.3174,4,-1,-1
1391,318,1669.30,354.40,77.73,28.59,0.6522,4,-1,-1
1391,326,1511.89,431.29,21.97,50.28,0.6030,1,-1,-1
1391,348,1377.47,346.96,56.99,34.90,0.3794,4,-1,-1
1391,327,1550.97,492.98,28.64,34.13,0.1944,2,-1,-1
1391,386,462.71,521.70,31.28,72.86,0.5889,1,-1,-1
1391,394,413.26,525.91,37.46,85.26,0.7846,1,-1,-1
1391,380,508.04,492.53,26.72,48.26,0.3657,2,-1,-1
1391,360,1386.48,414.84,23.21,48.35,0.3469,1,-1,-1
1391,261,1427.43,347.69,41.24,24.69,0.4707,4,-1,-1
1391,420,1736.28,349.74,69.68,35.01,0.2509,4,-1,-1
1392,318,1674.32,354.30,79.01,28.85,0.5146,4,-1,-1
1392,326,1516.47,432.41,21.08,48.18,0.6086,1,-1,-1
1392,348,1381.66,347.30,56.40,34.68,0.5689,4,-1,-1
1392,327,1556.86,493.67,29.37,34.98,0.3024,2,-1,-1
1392,386,466.71,521.45,32.22,74.31,0.5955,1,-1,-1
1392,394,418.52,525.56,36.86,83.95,0.7698,1,-1,-1
1392,380,511.31,491.66,27.06,48.95,0.5010,1,-1,-1
1392,360,1391.26,415.06,21.05,44.11,0.2553,1,-1,-1
1392,261,1432.14,348.18,40.40,24.27,0.5068,4,-1,-1
1392,420,1737.12,346.87,76.59,38.20,0.1229,4,-1,-1
1393,318,1681.38,354.96,77.08,28.01,0.5516,4,-1,-1
1393,326,1520.69,432.27,21.07,47.66,0.5689,1,-1,-1
1393,348,1387.74,347.14,57.57,35.35,0.2720,4,-1,-1
1393,327,1562.76,494.30,28.52,33.86,0.1962,2,-1,-1
1393,386,471.49,521.45,31.82,72.83,0.7194,1,-1,-1
1393,394,423.19,524.68,37.02,84.62,0.7656,1,-1,-1
1393,380,514.49,491.41,27.09,49.41,0.5727,1,-1,-1
1393,360,1397.64,414.60,19.17,40.02,0.3442,1,-1,-1
1393,261,1436.71,347.83,40.73,24.43,0.5244,4,-1,-1
1393,420,1742.99,347.31,76.92,37.98,0.2012,4,-1,-1
1394,318,1684.62,353.60,83.32,30.11,0.4036,4,-1,-1
1394,326,1525.09,432.14,20.99,47.46,0.5689,1,-1,-1
1394,348,1393.14,347.53,56.34,34.45,0.3032,4,-1,-1
1394,327,1569.57,494.47,28.70,33.81,0.4092,2,-1,-1
1394,386,475.58,520.97,32.28,73.32,0.6179,1,-1,-1
1394,394,428.51,524.87,36.57,83.41,0.8026,1,-1,-1
1394,380,517.66,490.86,27.22,49.58,0.1836,3,-1,-1
1394,360,1403.07,414.53,17.62,36.01,0.1656,1,-1,-1
1394,261,1441.95,348.12,40.62,24.23,0.4533,4,-1,-1
1394,420,1742.64,343.69,84.89,41.97,0.3785,4,-1,-1
1395,318,1690.20,353.96,81.71,29.55,0.5146,4,-1,-1
1395,326,1528.52,431.50,21.63,48.87,0.6030,1,-1,-1
1395,348,1396.69,347.94,55.71,34.18,0.4922,4,-1,-1
1395,327,1573.31,494.41,29.71,34.63,0.4388,2,-1,-1
1395,386,480.17,520.92,32.71,73.66,0.5908,1,-1,-1
1395,394,432.75,524.48,37.03,83.86,0.7484,1,-1,-1
1395,380,521.48,491.51,27.00,49.31,0.4639,1,-1,-1
1395,360,1405.47,414.88,22.12,45.77,0.4504,1,-1,-1
1395,261,1447.03,348.35,40.22,23.96,0.4359,4,-1,-1
1395,420,1750.30,345.03,84.51,41.69,0.3594,4,-1,-1
1396,318,1693.24,352.94,85.98,31.04,0.1651,4,-1,-1
1396,326,1532.77,430.90,22.40,50.37,0.6397,1,-1,-1
1396,348,1401.44,349.14,54.50,33.31,0.3531,4,-1,-1
1396,327,1579.12,495.04,29.65,33.92,0.3082,2,-1,-1
1396,386,485.25,520.91,32.18,71.97,0.6451,1,-1,-1
1396,394,438.72,524.54,36.86,83.53,0.7498,1,-1,-1
1396,380,524.14,490.66,27.28,50.25,0.3311,1,-1,-1
1396,360,1411.66,415.00,19.98,41.18,0.3174,1,-1,-1
1396,261,1450.95,348.34,41.32,24.54,0.4301,4,-1,-1
1397,318,1698.90,353.00,85.92,30.94,0.3775,4,-1,-1
1397,326,1537.20,431.35,22.37,50.30,0.6478,1,-1,-1
1397,348,1404.65,347.95,56.98,35.08,0.2613,4,-1,-1
1397,327,1583.71,495.44,29.97,33.85,0.2358,2,-1,-1
1397,386,489.43,520.87,32.50,72.17,0.5516,1,-1,-1
1397,394,443.44,524.41,36.57,82.37,0.7725,1,-1,-1
1397,380,527.77,491.19,26.55,48.60,0.2894,3,-1,-1
1397,360,1414.96,415.04,21.85,45.42,0.1176,1,-1,-1
1397,261,1455.72,348.74,40.96,24.43,0.5535,4,-1,-1
1398,318,1703.42,353.67,83.46,29.99,0.2147,4,-1,-1
1398,326,1541.39,430.73,22.95,51.85,0.6067,1,-1,-1
1398,348,1409.98,347.89,56.19,34.84,0.2043,4,-1,-1
1398,327,1589.56,495.70,30.29,33.73,0.2591,2,-1,-1
1398,386,493.90,521.18,32.23,71.05,0.6901,1,-1,-1
1398,394,448.26,524.13,36.62,82.06,0.7439,1,-1,-1
1398,380,531.05,492.02,26.42,48.21,0.2173,1,-1,-1
1398,360,1420.76,415.59,18.59,37.30,0.1656,1,-1,-1
1398,261,1459.87,348.31,41.34,24.47,0.4216,4,-1,-1
1399,318,1708.42,352.91,87.77,31.62,0.4475,4,-1,-1
1399,326,1545.52,430.29,23.02,52.00,0.5842,1,-1,-1
1399,348,1417.63,352.71,49.39,30.06,0.3007,4,-1,-1
1399,327,1594.28,495.92,30.83,33.87,0.1739,2,-1,-1
1399,386,498.32,520.73,32.38,71.02,0.6179,1,-1,-1
1399,394,453.35,524.72,36.18,81.37,0.7542,1,-1,-1
1399,380,534.23,491.14,26.52,48.59,0.3157,1,-1,-1
1399,261,1464.51,348.45,42.01,24.76,0.4834,4,-1,-1
1400,318,1711.69,352.78,87.90,31.90,0.2894,4,-1,-1
1400,326,1549.60,430.28,23.52,53.25,0.5823,1,-1,-1
1400,348,1419.86,349.88,54.37,33.26,0.5679,4,-1,-1
1400,327,1600.18,496.63,31.82,34.36,0.3007,2,-1,-1
1400,386,502.17,520.43,33.54,73.11,0.5823,1,-1,-1
1400,394,458.09,524.01,36.41,81.83,0.7571,1,-1,-1
1400,380,537.89,491.11,26.51,48.56,0.1755,3,-1,-1
1400,261,1466.49,349.12,41.99,24.37,0.3951,4,-1,-1
1400,392,685.69,460.96,36.10,40.35,0.4591,2,-1,-1
1400,360,1428.15,414.97,24.19,49.12,0.5574,1,-1,-1
1401,318,1719.01,352.34,89.05,32.33,0.4951,4,-1,-1
1401,326,1553.45,430.25,23.54,53.20,0.5794,1,-1,-1
1401,348,1424.41,347.98,57.11,35.06,0.4815,4,-1,-1
1401,327,1605.72,497.38,31.91,33.98,0.3040,1,-1,-1
1401,386,507.31,520.60,32.36,70.02,0.6697,1,-1,-1
1401,394,463.63,523.41,36.79,82.62,0.7498,1,-1,-1
1401,380,541.37,488.99,26.46,48.33,0.5098,2,-1,-1
1401,261,1471.13,348.55,43.08,25.19,0.3775,4,-1,-1
1401,392,691.47,461.95,35.79,40.79,0.4854,2,-1,-1
1401,360,1434.00,416.22,22.82,46.10,0.2910,1,-1,-1
1402,318,1724.42,351.82,91.25,33.14,0.1339,4,-1,-1
1402,326,1558.24,429.78,23.54,52.89,0.5813,1,-1,-1
1402,348,1428.00,347.31,57.99,35.91,0.2744,4,-1,-1
1402,327,1611.50,497.98,31.65,33.19,0.2282,2,-1,-1
1402,386,512.25,520.38,32.56,70.18,0.4932,1,-1,-1
1402,394,467.95,523.38,36.67,82.15,0.7170,1,-1,-1
1402,380,545.46,491.27,26.02,46.76,0.5467,3,-1,-1
1402,261,1477.97,349.20,41.64,24.50,0.4369,4,-1,-1
1402,392,695.26,461.43,33.86,38.70,0.4893,2,-1,-1
1402,360,1439.36,416.34,23.20,46.01,0.1180,1,-1,-1
1402,435,542.92,488.13,29.36,45.44,0.5078,2,-1,-1
1403,318,1731.68,352.40,89.72,32.51,0.4216,4,-1,-1
1403,326,1563.52,431.00,22.79,51.48,0.5409,1,-1,-1
1403,348,1432.44,346.99,57.07,35.84,0.1672,4,-1,-1
1403,327,1618.25,498.32,31.18,32.37,0.1999,2,-1,-1
1403,386,516.47,520.80,32.30,69.52,0.6343,1,-1,-1
1403,394,473.40,522.67,37.15,83.16,0.7556,1,-1,-1
1403,380,549.03,489.82,26.14,46.15,0.4036,3,-1,-1
1403,261,1482.73,348.48,42.34,24.72,0.2705,4,-1,-1
1403,392,699.98,461.66,32.80,37.50,0.3895,2,-1,-1
1403,360,1444.14,416.31,22.89,44.47,0.1140,1,-1,-1
1403,435,546.38,486.28,27.31,42.33,0.4893,2,-1,-1
1404,318,1736.55,353.40,87.00,31.72,0.2524,4,-1,-1
1404,326,1567.94,429.93,23.36,52.65,0.5438,1,-1,-1
1404,348,1439.51,346.77,57.75,36.03,0.2200,4,-1,-1
1404,327,1621.45,498.00,32.41,33.55,0.1790,2,-1,-1
1404,386,521.70,520.42,31.43,67.48,0.6325,1,-1,-1
1404,394,477.69,522.62,37.35,83.37,0.7025,1,-1,-1
1404,380,551.58,489.32,26.35,46.15,0.2751,3,-1,-1
1404,261,1488.52,348.61,42.66,24.83,0.4244,4,-1,-1
1404,392,704.99,462.17,32.44,37.26,0.2958,2,-1,-1
1404,360,1448.48,415.86,24.51,47.31,0.2095,1,-1,-1
1404,435,547.03,479.43,29.66,46.27,0.4513,2,-1,-1
1404,436,1461.69,704.68,194.11,92.49,0.5409,4,-1,-1
1405,318,1744.20,353.43,87.11,31.70,0.5955,4,-1,-1
1405,326,1572.82,429.21,23.47,53.15,0.5525,1,-1,-1
1405,348,1444.29,347.58,56.92,35.52,0.4349,4,-1,-1
1405,327,1627.22,498.07,33.00,33.83,0.2862,1,-1,-1
1405,386,525.85,519.70,32.27,69.17,0.5612,1,-1,-1
1405,394,484.79,522.12,36.68,82.63,0.6951,1,-1,-1
1405,380,555.59,490.89,27.59,46.94,0.1375,3,-1,-1
1405,261,1492.71,347.75,44.31,25.69,0.2790,4,-1,-1
1405,392,709.09,461.40,31.87,36.79,0.3576,2,-1,-1
1405,360,1452.44,415.55,23.34,43.08,0.1176,1,-1,-1
1405,435,549.37,477.55,30.69,48.12,0.4678,2,-1,-1
1405,436,1477.86,706.61,180.94,86.21,0.4941,4,-1,-1
1406,318,1748.34,353.26,87.97,32.13,0.1705,4,-1,-1
1406,326,1577.03,430.11,22.82,51.66,0.5419,1,-1,-1
1406,348,1450.33,350.23,53.26,32.89,0.4026,4,-1,-1
1406,327,1631.79,498.59,32.26,33.19,0.2666,1,-1,-1
1406,386,530.88,519.82,31.41,67.46,0.6487,1,-1,-1
1406,394,489.00,521.94,37.24,83.77,0.7178,1,-1,-1
1406,380,558.67,490.99,28.28,46.78,0.3208,3,-1,-1
1406,261,1490.18,348.08,46.41,25.95,0.4017,4,-1,-1
1406,392,713.57,460.75,31.60,36.43,0.3639,2,-1,-1
1406,360,1460.51,416.49,20.55,37.28,0.2744,1,-1,-1
1406,435,554.36,478.70,30.46,47.77,0.4776,2,-1,-1
1406,436,1488.19,706.70,176.24,83.97,0.6011,4,-1,-1
1407,318,1754.62,352.66,91.44,33.36,0.4990,4,-1,-1
1407,326,1581.87,429.19,23.08,52.29,0.5322,1,-1,-1
1407,348,1453.61,348.13,55.88,34.66,0.4168,4,-1,-1
1407,327,1637.44,498.89,31.98,32.87,0.2379,1,-1,-1
1407,386,535.13,519.30,32.15,69.12,0.6105,1,-1,-1
1407,394,494.23,521.84,37.18,83.33,0.6749,1,-1,-1
1407,380,565.09,493.87,27.60,44.51,0.1480,3,-1,-1
1407,261,1495.29,348.02,46.68,25.85,0.3757,4,-1,-1
1407,392,718.51,460.62,32.29,37.49,0.4513,2,-1,-1
1407,360,1464.95,416.00,22.37,39.83,0.3016,1,-1,-1
1407,435,557.47,477.44,30.51,48.09,0.5746,2,-1,-1
1407,436,1489.99,706.57,182.52,87.05,0.4349,4,-1,-1
1407,420,1779.04,350.03,87.61,38.08,0.4698,4,-1,-1
1408,318,1760.50,353.51,89.16,32.67,0.3895,4,-1,-1
1408,326,1587.03,430.98,22.18,50.22,0.4225,1,-1,-1
1408,348,1458.89,347.04,58.55,36.31,0.1913,4,-1,-1
1408,327,1643.18,499.92,30.71,31.61,0.2173,1,-1,-1
1408,386,540.21,519.30,31.43,67.47,0.5765,1,-1,-1
1408,394,499.60,522.23,36.73,82.25,0.6843,1,-1,-1
1408,380,569.92,494.05,28.12,43.70,0.1895,3,-1,-1
1408,261,1502.06,348.68,44.98,25.15,0.3294,4,-1,-1
1408,392,722.59,459.80,33.34,38.74,0.4378,2,-1,-1
1408,360,1473.05,416.84,21.60,38.66,0.1901,1,-1,-1
1408,435,559.38,475.38,30.36,48.27,0.4552,2,-1,-1
1408,420,1783.43,349.22,100.65,39.51,0.1394,4,-1,-1
1409,318,1768.09,353.94,88.79,32.47,0.5593,4,-1,-1
1409,326,1592.37,430.90,22.21,50.52,0.4102,1,-1,-1
1409,348,1463.73,347.06,58.37,36.37,0.3311,4,-1,-1
1409,327,1649.89,500.26,31.38,32.05,0.2234,1,-1,-1
1409,386,544.41,518.93,31.50,67.78,0.5804,1,-1,-1
1409,394,503.24,522.11,37.15,82.68,0.6860,1,-1,-1
1409,380,573.25,493.93,28.49,42.49,0.1357,3,-1,-1
1409,261,1510.97,349.00,44.20,24.80,0.4417,4,-1,-1
1409,392,728.08,460.44,33.02,38.73,0.3016,2,-1,-1
1409,360,1481.63,418.03,21.26,38.88,0.5370,1,-1,-1
1409,435,563.60,474.83,29.77,47.96,0.4149,2,-1,-1
1410,318,1772.76,353.87,89.60,32.86,0.1343,4,-1,-1
1410,326,1597.48,432.61,21.77,49.31,0.4805,1,-1,-1
1410,348,1468.11,346.86,58.90,36.79,0.3225,4,-1,-1
1410,327,1656.45,501.93,29.93,30.32,0.2147,1,-1,-1
1410,386,549.75,519.21,31.01,66.71,0.6123,1,-1,-1
1410,394,509.80,521.94,36.44,82.01,0.6918,1,-1,-1
1410,380,575.45,489.52,30.01,43.90,0.1176,3,-1,-1
1410,261,1518.76,348.59,45.01,25.43,0.2830,4,-1,-1
1410,392,731.08,459.80,32.24,38.09,0.3208,2,-1,-1
1410,360,1489.63,418.35,19.68,36.48,0.4805,1,-1,-1
1410,435,568.34,476.15,28.35,46.50,0.4254,2,-1,-1
1411,318,1782.44,355.05,87.42,32.12,0.2140,4,-1,-1
1411,326,1601.37,433.15,21.67,49.14,0.3057,1,-1,-1
1411,348,1473.01,346.76,58.93,37.10,0.3057,4,-1,-1
1411,327,1665.49,502.45,29.08,29.89,0.1413,2,-1,-1
1411,386,554.35,518.93,31.03,67.15,0.6379,1,-1,-1
1411,394,514.42,521.94,36.45,82.07,0.7033,1,-1,-1
1411,261,1524.26,348.58,45.15,25.76,0.2591,4,-1,-1
1411,392,735.75,460.05,32.07,37.49,0.3346,2,-1,-1
1411,360,1495.85,418.34,18.97,35.55,0.5448,1,-1,-1
1411,435,573.01,473.47,29.87,49.81,0.4225,1,-1,-1
1412,318,1789.22,355.51,87.07,31.79,0.4168,4,-1,-1
1412,326,1607.11,433.38,21.22,48.23,0.2309,1,-1,-1
1412,348,1480.06,350.50,53.86,33.44,0.2568,4,-1,-1
1412,327,1669.05,503.27,29.25,29.85,0.1030,1,-1,-1
1412,386,558.83,517.91,31.10,67.51,0.6252,1,-1,-1
1412,394,520.07,521.60,36.47,81.93,0.7178,1,-1,-1
1412,261,1522.76,346.71,49.59,28.01,0.1634,4,-1,-1
1412,392,741.22,459.73,33.53,39.38,0.4359,2,-1,-1
1412,360,1501.08,418.97,19.67,37.41,0.5448,1,-1,-1
1412,435,576.60,470.50,31.08,53.08,0.3007,1,-1,-1
1412,439,1483.61,421.13,17.87,41.19,0.5496,1,-1,-1
1413,318,1796.47,356.01,85.55,31.29,0.5689,4,-1,-1
1413,326,1611.25,432.34,21.58,49.42,0.1778,1,-1,-1
1413,348,1486.10,352.55,51.75,31.76,0.1530,4,-1,-1
1413,327,1674.35,504.39,29.53,29.81,0.1461,2,-1,-1
1413,386,564.46,518.42,29.90,64.72,0.6142,1,-1,-1
1413,394,525.29,521.70,35.89,80.61,0.6834,1,-1,-1
1413,261,1520.57,346.16,53.26,29.19,0.2561,4,-1,-1
1413,392,744.69,459.65,33.31,39.15,0.4121,2,-1,-1
1413,360,1506.57,419.22,19.79,38.22,0.6215,1,-1,-1
1413,435,580.43,468.71,30.16,52.38,0.5879,1,-1,-1
1413,439,1486.80,420.07,19.59,45.25,0.5195,1,-1,-1
1414,318,1801.46,356.39,85.51,31.11,0.5898,4,-1,-1
1414,326,1617.09,433.99,20.91,48.34,0.2878,1,-1,-1
1414,348,1495.42,356.93,46.00,27.26,0.1883,4,-1,-1
1414,327,1679.81,505.45,29.44,29.47,0.1132,1,-1,-1
1414,386,568.61,517.97,30.77,66.66,0.5993,1,-1,-1
1414,394,528.66,521.38,36.56,81.64,0.6654,1,-1,-1
1414,261,1519.08,346.89,53.79,28.86,0.2207,4,-1,-1
1414,392,748.95,459.53,33.36,38.39,0.1097,10,-1,-1
1414,360,1512.15,419.75,19.58,38.18,0.5974,1,-1,-1
1414,435,585.50,469.42,28.91,50.64,0.4388,1,-1,-1
1414,439,1491.68,419.84,19.55,45.32,0.5506,1,-1,-1
1415,318,1811.35,357.12,82.96,30.29,0.2628,4,-1,-1
1415,326,1621.63,433.99,21.19,48.64,0.3329,1,-1,-1
1415,348,1495.68,350.11,57.04,34.11,0.3914,4,-1,-1
1415,327,1686.56,505.83,29.82,29.53,0.1124,2,-1,-1
1415,386,572.59,517.53,31.66,68.45,0.6307,1,-1,-1
1415,394,534.94,521.30,36.37,81.63,0.7178,1,-1,-1
1415,261,1519.72,345.56,56.94,30.23,0.1974,4,-1,-1
1415,392,753.66,459.85,32.99,38.02,0.2983,2,-1,-1
1415,360,1518.02,419.91,19.56,38.51,0.5823,1,-1,-1
1415,435,590.21,471.40,27.91,49.61,0.4140,1,-1,-1
1415,439,1498.14,418.15,17.85,41.25,0.5088,1,-1,-1
1416,318,1816.30,356.80,86.22,31.15,0.5860,4,-1,-1
1416,348,1499.99,348.98,58.36,35.12,0.2720,4,-1,-1
1416,386,578.51,517.82,30.63,66.77,0.5955,1,-1,-1
1416,394,539.09,521.65,36.07,80.62,0.6868,1,-1,-1
1416,261,1523.31,345.39,58.62,30.73,0.1938,4,-1,-1
1416,392,758.66,459.99,34.55,39.51,0.2351,2,-1,-1
1416,360,1524.20,419.72,18.69,36.81,0.5254,1,-1,-1
1416,435,593.90,469.35,28.23,50.56,0.3603,1,-1,-1
1416,439,1504.19,418.67,16.51,38.06,0.4196,1,-1,-1
1417,318,1822.92,356.71,88.69,32.02,0.2878,4,-1,-1
1417,348,1507.43,349.50,58.16,34.89,0.2323,4,-1,-1
1417,386,584.00,517.65,30.72,66.91,0.6142,1,-1,-1
1417,394,545.73,521.41,35.63,80.08,0.7001,1,-1,-1
1417,261,1529.11,349.40,54.52,27.58,0.1700,4,-1,-1
1417,392,765.23,459.25,33.51,38.40,0.3320,2,-1,-1
1417,360,1531.84,420.50,17.84,35.37,0.5224,1,-1,-1
1417,435,598.82,470.57,27.83,49.97,0.4504,1,-1,-1
1417,439,1511.79,418.35,14.61,33.19,0.3513,1,-1,-1
1418,318,1826.80,356.77,88.73,31.89,0.1188,4,-1,-1
1418,348,1523.49,347.23,64.58,37.10,0.4698,4,-1,-1
1418,386,591.63,517.46,29.48,63.66,0.2220,1,-1,-1
1418,394,551.37,520.95,35.53,79.46,0.6114,1,-1,-1
1418,261,1539.33,348.18,56.72,27.94,0.2031,4,-1,-1
1418,392,771.11,459.82,34.24,39.09,0.1750,2,-1,-1
1418,360,1539.97,421.00,18.10,36.00,0.5010,1,-1,-1
1418,435,605.08,470.54,27.04,48.41,0.3090,1,-1,-1
1419,318,1812.81,354.55,104.10,37.04,0.1176,4,-1,-1
1419,348,1532.27,345.70,68.65,38.18,0.4854,4,-1,-1
1419,386,599.67,517.32,30.00,65.10,0.5078,1,-1,-1
1419,394,559.22,521.41,34.72,77.78,0.6514,1,-1,-1
1419,261,1542.85,345.54,63.43,30.74,0.2337,4,-1,-1
1419,392,778.72,460.20,32.84,37.11,0.1128,2,-1,-1
1419,360,1548.89,421.00,17.36,34.56,0.4649,1,-1,-1
1419,435,611.66,470.64,26.55,47.71,0.3739,1,-1,-1
1419,436,1562.07,717.67,185.76,88.61,0.4659,4,-1,-1
1420,318,1826.11,354.68,99.99,36.25,0.1510,4,-1,-1
1420,348,1538.04,347.62,68.85,37.91,0.1204,4,-1,-1
1420,386,607.62,516.69,28.82,62.46,0.4815,1,-1,-1
1420,394,567.60,521.09,34.80,78.47,0.6749,1,-1,-1
1420,261,1552.27,347.11,62.46,29.56,0.2180,4,-1,-1
1420,392,786.89,460.28,33.59,38.03,0.1634,2,-1,-1
1420,435,618.63,472.01,26.17,47.14,0.4455,1,-1,-1
1420,436,1566.95,716.96,193.30,92.85,0.2713,4,-1,-1
1421,318,1832.17,353.59,102.27,38.34,0.1456,4,-1,-1
1421,348,1549.03,345.38,74.84,40.21,0.5341,4,-1,-1
1421,386,615.59,516.60,28.27,61.04,0.3234,1,-1,-1
1421,394,575.12,521.00,34.86,78.55,0.5804,1,-1,-1
1421,261,1562.34,346.27,65.88,30.74,0.1795,4,-1,-1
1421,392,795.22,460.43,31.71,35.37,0.1009,2,-1,-1
1421,435,626.40,473.14,26.19,46.65,0.3460,1,-1,-1
1421,436,1578.01,717.85,193.82,93.85,0.4941,4,-1,-1
1422,348,1560.10,345.07,77.14,40.34,0.3868,4,-1,-1
1422,386,624.15,516.58,29.75,64.44,0.4007,1,-1,-1
1422,394,583.37,520.85,34.28,77.17,0.6876,1,-1,-1
1422,261,1577.31,349.05,62.06,28.29,0.1362,4,-1,-1
1422,392,802.60,458.17,30.83,34.35,0.1667,2,-1,-1
1422,435,634.54,471.72,26.32,46.29,0.2553,1,-1,-1
1422,436,1590.27,720.22,187.18,90.41,0.4465,4,-1,-1
1423,348,1569.95,343.90,81.86,42.02,0.5842,4,-1,-1
1423,386,632.19,514.97,29.38,63.63,0.4484,1,-1,-1
1423,394,593.13,520.83,33.89,76.73,0.6379,1,-1,-1
1423,261,1578.67,343.18,76.19,34.81,0.2147,4,-1,-1
1423,435,641.75,472.15,26.67,46.17,0.1895,1,-1,-1
1423,436,1601.72,723.01,185.00,89.17,0.5622,4,-1,-1
1424,348,1579.23,343.75,82.83,41.72,0.3540,4,-1,-1
1424,394,601.65,520.76,33.29,75.46,0.5302,1,-1,-1
1424,261,1584.54,341.28,79.52,36.36,0.1883,4,-1,-1
1424,435,647.78,470.41,27.25,46.78,0.2167,1,-1,-1
1424,436,1609.39,722.66,190.85,92.30,0.6370,4,-1,-1
1425,348,1589.46,344.94,82.07,40.42,0.4717,4,-1,-1
1425,394,610.18,520.24,33.05,75.19,0.6114,1,-1,-1
1425,261,1594.21,341.59,79.83,36.07,0.2012,4,-1,-1
1425,435,654.06,470.94,27.59,46.98,0.3603,1,-1,-1
1425,436,1619.40,723.22,191.46,92.77,0.3065,4,-1,-1
1426,348,1598.53,342.79,88.36,43.02,0.5176,4,-1,-1
1426,394,618.33,519.83,33.49,75.74,0.6531,1,-1,-1
1426,261,1604.12,340.73,82.47,36.96,0.2088,4,-1,-1
1426,435,660.61,472.17,28.64,48.55,0.2108,1,-1,-1
1426,436,1622.90,723.34,197.80,95.85,0.6280,4,-1,-1
1427,348,1608.04,341.95,89.66,43.37,0.4815,4,-1,-1
1427,394,627.49,519.13,33.51,76.03,0.4591,1,-1,-1
1427,261,1616.97,342.33,80.23,35.68,0.1999,4,-1,-1
1427,436,1631.77,723.73,201.01,97.53,0.5670,4,-1,-1
1428,348,1616.46,341.57,92.11,44.34,0.6549,4,-1,-1
1428,394,635.79,517.27,34.40,77.82,0.6179,1,-1,-1
1428,261,1625.37,341.12,84.03,37.56,0.3730,4,-1,-1
1428,436,1640.31,724.12,204.45,99.46,0.6132,4,-1,-1
1429,348,1627.40,342.71,88.84,42.40,0.4475,4,-1,-1
1429,394,644.08,517.55,34.04,76.74,0.6531,1,-1,-1
1429,261,1633.56,341.42,79.96,35.22,0.1733,4,-1,-1
1429,436,1649.96,723.07,205.89,100.25,0.5832,4,-1,-1
1430,348,1637.48,342.63,92.18,43.68,0.3730,4,-1,-1
1430,394,653.34,517.15,33.58,76.12,0.5467,1,-1,-1
1430,261,1645.13,340.90,82.30,36.33,0.1705,4,-1,-1
1430,436,1656.85,725.79,208.70,101.57,0.5390,4,-1,-1
1431,348,1645.84,341.35,96.52,45.46,0.5879,4,-1,-1
1431,394,661.06,515.66,34.34,77.67,0.6834,1,-1,-1
1431,436,1671.77,729.35,205.65,100.14,0.2967,4,-1,-1
1432,348,1656.18,341.13,99.41,46.48,0.6826,4,-1,-1
1432,394,669.68,516.37,33.98,76.62,0.6316,1,-1,-1
1432,436,1685.13,732.46,203.68,99.41,0.3074,4,-1,-1
1433,348,1665.43,340.92,100.30,46.89,0.6058,4,-1,-1
1433,394,678.37,515.51,33.81,76.64,0.5351,1,-1,-1
1433,436,1693.26,732.27,208.71,102.29,0.4206,4,-1,-1
1434,348,1679.67,340.34,99.01,45.84,0.5842,4,-1,-1
1434,394,685.68,514.49,34.25,77.84,0.6918,1,-1,-1
1434,436,1700.66,734.86,211.10,103.40,0.4235,4,-1,-1
1435,348,1687.55,340.47,101.91,47.24,0.5400,4,-1,-1
1435,394,693.36,514.24,34.65,78.15,0.5870,1,-1,-1
1435,436,1710.65,735.17,212.21,104.43,0.4311,4,-1,-1
1436,348,1698.73,341.05,100.60,46.55,0.5370,4,-1,-1
1436,394,702.35,514.37,34.09,77.22,0.5917,1,-1,-1
1437,348,1709.25,340.92,102.55,47.47,0.4321,4,-1,-1
1437,394,709.63,512.97,35.11,79.26,0.6680,1,-1,-1
1438,348,1720.42,341.08,101.15,46.77,0.4017,4,-1,-1
1438,394,717.75,512.67,35.08,79.31,0.5983,1,-1,-1
1439,348,1730.97,341.32,101.80,47.17,0.4912,4,-1,-1
1439,394,725.84,512.45,34.49,78.46,0.6379,1,-1,-1
1440,348,1743.38,342.17,100.08,46.11,0.4893,4,-1,-1
1440,394,734.35,510.86,35.30,79.93,0.6505,1,-1,-1
1441,348,1759.08,342.45,92.14,42.06,0.3398,4,-1,-1
1441,394,741.18,510.73,35.62,80.77,0.7256,1,-1,-1
1441,449,7.17,758.98,64.28,156.65,0.8529,1,-1,-1
1442,348,1775.56,342.79,87.11,38.83,0.2958,4,-1,-1
1442,394,749.10,510.41,35.13,80.09,0.6851,1,-1,-1
1442,449,16.86,755.64,65.55,158.40,0.8490,1,-1,-1
1443,348,1784.99,342.71,87.35,38.52,0.4045,4,-1,-1
1443,394,757.27,510.35,34.87,79.59,0.7082,1,-1,-1
1443,449,31.86,752.29,66.11,157.83,0.8697,1,-1,-1
1444,348,1798.33,342.63,80.66,34.95,0.2167,4,-1,-1
1444,394,764.76,510.00,34.97,79.83,0.6663,1,-1,-1
1444,449,47.51,750.78,67.03,157.74,0.8376,1,-1,-1
1445,348,1802.50,343.47,93.80,40.67,0.4834,4,-1,-1
1445,394,772.82,509.69,34.78,79.62,0.6433,1,-1,-1
1445,449,63.26,748.97,66.77,154.35,0.8105,1,-1,-1
1446,348,1809.68,344.07,101.41,44.19,0.4678,4,-1,-1
1446,394,781.20,509.16,34.96,80.14,0.6868,1,-1,-1
1446,449,78.88,746.06,68.29,154.85,0.8366,1,-1,-1
1447,348,1816.26,344.49,107.03,47.25,0.5244,4,-1,-1
1447,394,789.13,508.90,35.01,80.18,0.6469,1,-1,-1
1447,449,94.69,743.25,69.59,155.25,0.8344,1,-1,-1
1448,348,1823.06,344.60,108.33,48.81,0.5059,4,-1,-1
1448,394,797.26,508.49,34.67,79.70,0.6289,1,-1,-1
1448,449,109.35,740.98,70.90,155.35,0.8539,1,-1,-1
1449,348,1828.48,343.88,110.49,51.47,0.5964,4,-1,-1
1449,394,805.37,508.57,34.45,79.59,0.6680,1,-1,-1
1449,449,124.54,738.92,71.51,154.60,0.8688,1,-1,-1
1450,394,814.04,508.04,34.25,79.17,0.6637,1,-1,-1
1450,449,141.79,737.00,72.40,153.45,0.8408,1,-1,-1
1451,394,821.77,507.44,34.15,79.06,0.6505,1,-1,-1
1451,449,156.19,733.92,74.41,155.00,0.8558,1,-1,-1
1452,394,829.60,507.45,34.07,79.19,0.6851,1,-1,-1
1452,449,170.03,731.74,74.92,154.61,0.8366,1,-1,-1
1453,394,838.25,507.01,34.10,79.25,0.6706,1,-1,-1
1453,449,183.89,729.96,74.88,153.41,0.7994,1,-1,-1
1454,394,845.85,507.19,33.64,78.36,0.6361,1,-1,-1
1454,449,198.21,728.38,74.64,151.61,0.8568,1,-1,-1
1455,394,853.68,506.99,33.71,78.88,0.6715,1,-1,-1
1455,449,214.24,726.58,75.49,151.97,0.8490,1,-1,-1
1456,394,861.84,506.25,33.98,79.62,0.6740,1,-1,-1
1456,449,229.36,725.79,76.36,151.29,0.8056,1,-1,-1
1457,394,869.68,506.25,33.48,78.48,0.6225,1,-1,-1
1457,449,245.26,724.75,76.58,149.54,0.8510,1,-1,-1
1458,394,877.49,506.40,33.70,79.26,0.6575,1,-1,-1
1458,449,258.32,722.78,76.69,149.34,0.8222,1,-1,-1
1459,394,885.55,505.83,33.89,79.96,0.6860,1,-1,-1
1459,449,272.86,720.30,77.53,149.54,0.8529,1,-1,-1
1460,394,893.99,506.28,32.75,77.32,0.6002,1,-1,-1
1460,449,286.69,718.33,77.63,148.79,0.8397,1,-1,-1
1461,394,901.91,506.32,32.94,78.04,0.6610,1,-1,-1
1461,449,301.32,717.98,77.48,146.24,0.8715,1,-1,-1
1462,394,909.87,505.71,33.45,79.34,0.6893,1,-1,-1
1462,449,316.36,716.62,78.43,146.02,0.8661,1,-1,-1
1463,394,917.81,505.85,33.00,78.28,0.6132,1,-1,-1
1463,449,329.10,715.95,79.10,146.42,0.8311,1,-1,-1
1464,394,925.77,505.90,33.17,78.96,0.6817,1,-1,-1
1464,449,343.12,714.62,80.01,146.26,0.8715,1,-1,-1
1465,394,933.93,505.47,33.54,79.62,0.6960,1,-1,-1
1465,449,355.07,714.06,79.89,145.56,0.8510,1,-1,-1
1466,394,941.82,505.73,33.09,78.60,0.6225,1,-1,-1
1466,449,366.70,712.04,79.14,143.23,0.8578,1,-1,-1
1467,394,949.81,506.09,33.08,78.75,0.6715,1,-1,-1
1467,449,380.33,711.72,77.74,140.22,0.8117,1,-1,-1
1468,394,957.78,505.65,33.45,79.50,0.6960,1,-1,-1
1468,449,391.94,709.59,78.64,141.77,0.8311,1,-1,-1
1469,394,965.01,505.66,33.48,79.59,0.6775,1,-1,-1
1469,449,406.38,707.86,78.96,142.27,0.8187,1,-1,-1
1470,394,973.16,506.11,33.39,79.42,0.6715,1,-1,-1
1470,449,416.61,707.32,78.45,142.34,0.7800,1,-1,-1
1471,394,980.45,505.50,34.59,82.43,0.6918,1,-1,-1
1471,449,431.30,706.84,77.26,140.73,0.7025,1,-1,-1
1472,394,987.89,505.37,34.28,81.37,0.7387,1,-1,-1
1472,449,444.45,706.12,76.72,140.08,0.7718,1,-1,-1
1473,394,995.96,505.85,33.82,80.12,0.6706,1,-1,-1
1473,449,458.09,705.40,77.32,141.48,0.7606,1,-1,-1
