1,0,1564.91,480.33,37.96,65.88,0.7780,1,-1,-1
1,1,1267.37,436.95,23.29,54.94,0.6783,1,-1,-1
1,2,1153.85,422.44,18.48,52.57,0.6252,1,-1,-1
1,3,1325.72,451.78,23.88,63.35,0.5974,1,-1,-1
1,4,1299.68,448.27,23.60,61.34,0.5727,1,-1,-1
1,5,712.98,429.64,20.75,53.17,0.5332,1,-1,-1
1,6,1505.03,466.15,26.46,56.82,0.5137,1,-1,-1
1,7,1114.70,424.62,14.62,43.31,0.4844,1,-1,-1
1,8,1101.70,399.07,15.66,35.67,0.4630,1,-1,-1
1,9,1129.20,383.98,14.94,36.17,0.4600,1,-1,-1
1,10,1124.80,429.44,17.38,43.97,0.4542,1,-1,-1
2,0,1567.41,481.35,37.54,65.15,0.7937,1,-1,-1
2,1,1267.95,436.85,23.63,55.70,0.6766,1,-1,-1
2,2,1153.77,422.54,18.50,52.59,0.6252,1,-1,-1
2,3,1326.32,450.89,24.93,66.18,0.5631,1,-1,-1
2,4,1299.87,448.41,23.39,60.85,0.5631,1,-1,-1
2,5,713.21,429.94,20.51,52.55,0.4776,1,-1,-1
2,6,1504.06,465.62,26.52,56.82,0.5332,1,-1,-1
2,7,1114.90,425.17,14.68,43.48,0.4678,1,-1,-1
2,8,1101.63,398.88,16.04,36.57,0.4668,1,-1,-1
2,9,1129.10,384.04,14.95,36.15,0.4475,1,-1,-1
2,10,1124.67,429.30,17.51,44.34,0.4330,1,-1,-1
3,0,1570.38,482.71,37.23,64.49,0.7899,1,-1,-1
3,1,1268.81,436.57,23.96,56.31,0.6715,1,-1,-1
3,2,1154.13,423.06,18.35,52.11,0.6487,1,-1,-1
3,3,1328.61,452.49,24.86,66.01,0.6030,1,-1,-1
3,4,1300.74,448.93,23.10,60.32,0.5593,1,-1,-1
3,5,713.20,430.31,20.50,52.56,0.4610,1,-1,-1
3,6,1504.31,467.03,26.56,57.06,0.5679,1,-1,-1
3,7,1114.76,426.01,14.54,42.99,0.4727,1,-1,-1
3,8,1101.75,398.88,16.51,37.66,0.4932,1,-1,-1
3,9,1129.39,384.40,14.91,35.93,0.3549,1,-1,-1
3,10,1124.02,429.14,17.81,45.17,0.4007,1,-1,-1
4,0,1576.43,483.93,37.00,64.08,0.7780,1,-1,-1
4,1,1269.51,435.92,24.59,57.56,0.6663,1,-1,-1
4,2,1154.68,422.91,18.55,52.57,0.6289,1,-1,-1
4,3,1331.41,455.28,24.14,64.00,0.6105,1,-1,-1
4,4,1304.35,450.08,23.01,60.30,0.5506,1,-1,-1
4,5,713.16,430.47,20.71,53.13,0.5166,1,-1,-1
4,6,1502.88,467.00,26.17,56.40,0.6215,1,-1,-1
4,7,1114.06,425.29,14.99,44.27,0.4659,1,-1,-1
4,8,1102.38,399.19,16.86,38.52,0.5068,1,-1,-1
4,9,1128.87,385.19,14.78,35.06,0.3372,1,-1,-1
4,10,1124.75,428.69,18.51,47.02,0.4417,1,-1,-1
4,11,1668.40,460.24,25.89,51.62,0.6123,1,-1,-1
5,0,1579.93,484.37,37.36,64.83,0.7820,1,-1,-1
5,1,1269.83,436.73,24.78,57.84,0.6715,1,-1,-1
5,2,1155.34,423.71,18.44,52.11,0.6433,1,-1,-1
5,3,1333.25,456.51,23.90,63.27,0.5651,1,-1,-1
5,4,1305.99,450.84,22.83,60.03,0.5205,1,-1,-1
5,5,713.02,430.35,21.05,53.99,0.5351,1,-1,-1
5,6,1502.95,467.04,26.70,57.67,0.6740,1,-1,-1
5,7,1113.72,425.25,15.18,44.81,0.4533,1,-1,-1
5,8,1102.96,399.72,16.59,37.98,0.4620,1,-1,-1
5,9,1127.63,385.60,14.69,34.45,0.3495,1,-1,-1
5,10,1125.92,428.47,19.26,49.12,0.4311,1,-1,-1
5,11,1668.45,460.39,25.92,51.63,0.5438,1,-1,-1
6,0,1586.35,485.28,36.97,64.60,0.8135,1,-1,-1
6,1,1270.39,437.10,25.09,58.32,0.6901,1,-1,-1
6,2,1156.14,423.02,18.98,53.50,0.6123,1,-1,-1
6,3,1335.91,460.57,23.08,60.71,0.5917,1,-1,-1
6,4,1308.51,451.25,23.42,61.29,0.6361,1,-1,-1
6,5,713.12,430.69,21.18,54.30,0.5263,1,-1,-1
6,6,1502.76,466.94,26.44,57.24,0.6851,1,-1,-1
6,7,1112.66,426.02,15.13,44.55,0.4216,1,-1,-1
6,8,1103.28,399.43,16.51,37.80,0.3998,1,-1,-1
6,9,1127.33,385.91,14.31,33.23,0.3166,1,-1,-1
6,10,1126.19,429.00,19.20,49.10,0.4834,1,-1,-1
6,11,1670.31,462.56,26.07,51.81,0.1901,1,-1,-1
7,0,1591.06,485.50,36.83,64.82,0.8250,1,-1,-1
7,1,1271.13,437.70,25.11,58.04,0.7082,1,-1,-1
7,2,1156.56,423.65,19.17,53.96,0.6289,1,-1,-1
7,3,1337.56,461.24,23.20,60.73,0.6011,1,-1,-1
7,4,1309.46,452.53,23.92,62.11,0.6817,1,-1,-1
7,5,713.30,430.43,20.99,53.85,0.5496,1,-1,-1
7,6,1502.43,465.35,27.54,59.67,0.6723,1,-1,-1
7,7,1111.96,425.80,15.34,44.85,0.4378,1,-1,-1
7,8,1103.68,399.34,16.55,37.96,0.4244,1,-1,-1
7,9,1127.50,385.50,15.24,34.97,0.4017,1,-1,-1
7,10,1126.62,429.17,19.23,49.31,0.5263,1,-1,-1
7,11,1670.97,462.87,26.15,51.87,0.3585,1,-1,-1
8,0,1598.86,486.57,36.30,65.19,0.7556,1,-1,-1
8,1,1271.77,437.98,25.03,57.62,0.6935,1,-1,-1
8,2,1157.52,424.02,19.07,53.57,0.6379,1,-1,-1
8,3,1340.99,461.91,23.75,62.25,0.5946,1,-1,-1
8,4,1311.06,453.26,23.78,61.54,0.6105,1,-1,-1
8,5,713.67,430.45,20.68,53.13,0.4187,1,-1,-1
8,6,1502.16,465.79,28.22,60.80,0.6817,1,-1,-1
8,7,1111.60,426.14,16.08,46.56,0.3895,1,-1,-1
8,8,1104.57,399.22,16.71,38.38,0.4045,1,-1,-1
8,9,1128.44,385.48,15.05,34.51,0.4244,1,-1,-1
8,10,1126.78,429.66,19.15,48.97,0.5955,1,-1,-1
8,11,1672.41,463.86,24.56,49.06,0.2214,1,-1,-1
9,0,1605.37,486.39,37.14,68.08,0.7364,1,-1,-1
9,1,1272.21,437.93,25.37,58.18,0.6868,1,-1,-1
9,2,1158.59,424.31,19.02,53.19,0.6270,1,-1,-1
9,3,1344.56,462.76,23.81,62.18,0.6298,1,-1,-1
9,4,1313.07,453.24,23.79,60.98,0.6379,1,-1,-1
9,5,713.73,430.55,20.97,54.01,0.4863,1,-1,-1
9,6,1501.45,466.60,28.56,60.93,0.6901,1,-1,-1
9,7,1109.79,425.92,16.83,48.13,0.3540,1,-1,-1
9,8,1105.45,398.84,17.24,39.71,0.3803,1,-1,-1
9,9,1128.52,385.56,15.09,34.63,0.3442,1,-1,-1
9,10,1127.31,429.65,19.24,48.67,0.6030,1,-1,-1
9,11,1674.32,462.83,25.13,50.71,0.4436,1,-1,-1
10,0,1609.47,487.14,36.65,68.76,0.7753,1,-1,-1
10,1,1272.90,437.87,25.46,57.83,0.6775,1,-1,-1
10,2,1159.51,424.84,19.25,53.59,0.6325,1,-1,-1
10,3,1346.72,464.23,23.64,61.28,0.6049,1,-1,-1
10,4,1315.98,452.78,24.37,61.93,0.4922,1,-1,-1
10,5,713.91,431.16,21.23,54.89,0.4659,1,-1,-1
10,6,1500.64,467.09,28.63,60.54,0.6918,1,-1,-1
10,7,1109.20,426.25,16.87,48.65,0.1603,1,-1,-1
10,8,1105.94,398.73,17.48,40.21,0.4311,1,-1,-1
10,9,1129.48,385.77,15.42,35.07,0.3398,1,-1,-1
10,10,1127.62,429.21,19.71,49.25,0.5574,1,-1,-1
10,11,1675.52,462.27,25.10,51.18,0.5554,1,-1,-1
10,13,754.72,407.22,22.44,35.36,0.4795,1,-1,-1
11,0,1615.29,488.83,35.51,67.71,0.7656,1,-1,-1
11,1,1273.53,437.31,26.03,58.41,0.7009,1,-1,-1
11,2,1160.75,423.43,20.13,55.90,0.6680,1,-1,-1
11,3,1347.88,463.66,24.79,64.17,0.5419,1,-1,-1
11,4,1319.47,453.97,24.94,62.84,0.6628,1,-1,-1
11,5,713.77,431.22,21.40,55.57,0.4196,1,-1,-1
11,6,1499.33,467.80,27.92,59.40,0.5746,1,-1,-1
11,8,1107.03,398.83,17.86,41.17,0.4552,1,-1,-1
11,10,1128.91,429.06,20.14,50.22,0.5224,1,-1,-1
11,11,1678.16,463.55,24.10,49.47,0.4678,1,-1,-1
11,13,755.29,407.42,22.42,35.33,0.4216,1,-1,-1
11,14,392.90,419.69,21.38,53.69,0.5137,1,-1,-1
12,0,1619.02,489.32,35.03,67.66,0.7712,1,-1,-1
12,1,1274.41,437.58,25.96,57.46,0.6602,1,-1,-1
12,2,1161.72,423.02,20.17,55.61,0.6234,1,-1,-1
12,3,1350.46,464.43,25.12,64.40,0.5879,1,-1,-1
12,4,1321.49,455.19,24.58,61.40,0.6361,1,-1,-1
12,5,714.00,431.74,21.31,55.46,0.4092,1,-1,-1
12,6,1499.52,470.14,26.84,57.27,0.5651,1,-1,-1
12,8,1107.73,398.99,17.50,40.29,0.4388,1,-1,-1
12,10,1129.79,429.48,20.33,50.53,0.4844,1,-1,-1
12,11,1678.80,464.22,23.09,48.04,0.5983,1,-1,-1
12,13,755.78,407.93,22.09,34.76,0.2705,1,-1,-1
12,14,392.19,419.24,21.56,54.10,0.5525,1,-1,-1
13,0,1624.76,490.26,35.51,68.83,0.7090,1,-1,-1
13,1,1275.31,437.93,26.41,58.12,0.7241,1,-1,-1
13,2,1163.71,423.12,20.35,56.19,0.6307,1,-1,-1
13,3,1352.65,462.68,26.60,68.33,0.5574,1,-1,-1
13,4,1324.28,454.26,25.89,63.49,0.5117,1,-1,-1
13,5,714.36,432.55,21.33,55.59,0.4834,1,-1,-1
13,6,1499.70,471.57,26.11,56.33,0.6142,1,-1,-1
13,8,1108.67,399.31,17.28,39.75,0.4369,1,-1,-1
13,10,1131.63,430.53,20.04,49.76,0.6067,1,-1,-1
13,11,1681.11,464.04,23.63,49.62,0.4494,1,-1,-1
13,13,756.62,408.35,21.92,34.50,0.3540,1,-1,-1
13,14,390.93,418.62,21.94,54.86,0.5964,1,-1,-1
14,0,1632.26,491.65,35.59,67.95,0.8158,1,-1,-1
14,1,1276.72,437.82,26.88,58.97,0.6834,1,-1,-1
14,2,1165.28,421.59,21.15,58.79,0.6142,1,-1,-1
14,3,1356.61,463.48,27.04,68.44,0.5603,1,-1,-1
14,4,1329.66,455.11,26.04,63.09,0.6123,1,-1,-1
14,5,715.09,432.83,21.78,56.92,0.5823,1,-1,-1
14,6,1501.22,473.05,25.31,55.08,0.5438,1,-1,-1
14,8,1110.44,399.24,16.89,38.80,0.4465,1,-1,-1
14,10,1133.11,430.64,20.52,50.98,0.5708,1,-1,-1
14,11,1684.39,464.61,23.80,50.76,0.6361,1,-1,-1
14,13,758.19,409.59,21.08,33.10,0.2878,2,-1,-1
14,14,390.31,418.31,22.12,55.13,0.5927,1,-1,-1
15,0,1638.51,492.47,36.66,68.86,0.7592,1,-1,-1
15,1,1278.58,437.75,27.33,59.60,0.7050,1,-1,-1
15,2,1166.83,420.25,21.83,60.93,0.5917,1,-1,-1
15,3,1360.74,465.41,26.75,67.38,0.5737,1,-1,-1
15,4,1333.14,457.76,25.98,62.06,0.6885,1,-1,-1
15,5,715.98,432.51,22.24,58.16,0.6160,1,-1,-1
15,6,1503.00,473.62,24.37,53.53,0.5429,1,-1,-1
15,8,1112.04,399.07,17.70,40.72,0.4121,1,-1,-1
15,10,1134.69,428.78,21.84,54.33,0.5049,1,-1,-1
15,11,1687.66,465.96,23.28,50.24,0.5429,1,-1,-1
15,13,759.16,409.41,21.53,33.76,0.2814,2,-1,-1
15,14,390.96,421.99,20.84,51.69,0.2894,1,-1,-1
16,0,1646.21,495.19,36.99,67.91,0.7571,1,-1,-1
16,1,1281.74,438.57,27.36,59.26,0.6307,1,-1,-1
16,2,1170.42,424.43,20.28,56.52,0.6343,1,-1,-1
16,3,1364.96,464.92,27.43,68.50,0.6058,1,-1,-1
16,4,1338.38,456.11,27.34,65.15,0.5908,1,-1,-1
16,5,718.34,431.99,22.39,58.18,0.5176,1,-1,-1
16,6,1507.03,473.05,24.63,54.82,0.4273,1,-1,-1
16,8,1115.31,400.77,16.58,37.60,0.2991,1,-1,-1
16,10,1137.71,430.84,20.54,50.65,0.5708,1,-1,-1
16,11,1692.62,466.95,23.66,51.38,0.5842,1,-1,-1
16,13,761.32,409.09,22.65,35.37,0.4149,1,-1,-1
16,14,390.81,419.31,22.15,54.66,0.5983,1,-1,-1
17,0,1652.33,496.04,37.82,68.45,0.7484,1,-1,-1
17,1,1283.62,439.25,27.76,59.07,0.6593,1,-1,-1
17,2,1173.43,425.86,20.25,56.47,0.5361,1,-1,-1
17,3,1368.88,463.46,27.97,69.61,0.5438,1,-1,-1
17,4,1343.48,457.68,27.03,63.90,0.6558,1,-1,-1
17,5,721.16,432.33,22.23,57.57,0.5312,1,-1,-1
17,6,1509.37,473.42,25.91,57.63,0.6817,1,-1,-1
17,8,1117.93,401.98,16.99,38.17,0.1541,1,-1,-1
17,10,1140.73,432.53,20.76,51.11,0.5525,1,-1,-1
17,11,1696.24,467.73,24.11,52.63,0.6197,1,-1,-1
17,13,762.98,409.31,23.23,35.99,0.3032,1,-1,-1
17,14,391.07,419.51,21.46,52.80,0.1101,1,-1,-1
18,0,1662.07,497.25,38.36,68.84,0.8001,1,-1,-1
18,1,1287.78,439.79,28.51,60.11,0.6610,1,-1,-1
18,2,1176.99,425.01,21.01,59.01,0.5631,1,-1,-1
18,3,1374.88,464.76,28.22,69.66,0.5823,1,-1,-1
18,4,1349.89,457.72,27.13,64.28,0.6142,1,-1,-1
18,5,724.52,433.11,21.17,54.78,0.4980,1,-1,-1
18,6,1512.66,474.34,25.47,56.90,0.6843,1,-1,-1
18,8,1122.67,401.66,16.49,37.05,0.2918,1,-1,-1
18,10,1144.99,431.44,21.43,52.82,0.5651,1,-1,-1
18,11,1701.78,467.71,25.20,55.19,0.5496,1,-1,-1
18,13,766.17,409.56,23.22,35.79,0.2713,1,-1,-1
18,18,1538.89,466.85,26.96,59.35,0.6234,1,-1,-1
19,0,1675.34,498.39,38.36,69.68,0.6885,1,-1,-1
19,1,1293.31,440.59,28.60,59.58,0.6021,1,-1,-1
19,2,1180.99,426.42,20.90,58.80,0.6067,1,-1,-1
19,3,1383.60,465.90,28.31,69.73,0.6077,1,-1,-1
19,4,1356.82,458.48,27.70,66.26,0.6901,1,-1,-1
19,5,728.31,434.09,21.36,54.88,0.4026,1,-1,-1
19,6,1516.77,473.96,26.07,57.99,0.6749,1,-1,-1
19,8,1126.30,401.65,16.78,37.42,0.3666,1,-1,-1
19,10,1150.31,433.38,20.50,50.50,0.5312,1,-1,-1
19,11,1709.68,468.74,25.07,55.29,0.6030,1,-1,-1
19,13,770.80,410.29,23.41,35.71,0.1694,1,-1,-1
19,18,1545.98,467.08,26.17,57.67,0.6179,1,-1,-1
20,0,1684.16,499.37,38.36,69.97,0.7194,1,-1,-1
20,1,1295.54,440.76,29.15,59.84,0.6505,1,-1,-1
20,2,1184.19,425.70,21.74,61.04,0.4533,1,-1,-1
20,3,1390.78,466.73,27.71,68.93,0.5574,1,-1,-1
20,4,1361.57,457.83,28.65,69.02,0.6123,1,-1,-1
20,5,731.15,434.39,21.54,55.07,0.4301,1,-1,-1
20,6,1519.81,473.09,26.31,58.74,0.6800,1,-1,-1
20,8,1128.85,402.87,18.53,41.26,0.1656,1,-1,-1
20,10,1152.98,434.09,20.76,50.92,0.6067,1,-1,-1
20,11,1714.38,469.00,24.71,54.80,0.6067,1,-1,-1
20,13,772.92,410.70,22.81,35.09,0.3007,1,-1,-1
20,18,1550.88,466.19,26.31,58.00,0.6680,1,-1,-1
20,20,206.49,414.69,23.34,47.20,0.5244,1,-1,-1
21,0,1696.74,500.11,38.13,70.12,0.7334,1,-1,-1
21,1,1301.78,442.48,28.58,58.43,0.6800,1,-1,-1
21,2,1189.01,421.82,23.31,65.75,0.5244,1,-1,-1
21,3,1394.32,468.78,28.61,70.00,0.5737,1,-1,-1
21,4,1367.74,459.01,28.14,68.72,0.6593,1,-1,-1
21,5,734.66,434.60,21.10,53.89,0.1052,1,-1,-1
21,6,1523.55,472.84,26.67,59.52,0.7017,1,-1,-1
21,8,1133.70,402.74,17.32,38.36,0.1744,1,-1,-1
21,10,1157.71,434.22,20.74,50.78,0.5244,1,-1,-1
21,11,1721.43,468.97,24.94,55.70,0.3329,1,-1,-1
21,13,776.12,411.29,21.63,33.82,0.2200,1,-1,-1
21,18,1557.92,469.66,25.21,55.57,0.5860,1,-1,-1
21,20,210.65,414.23,23.21,46.87,0.5254,1,-1,-1
22,0,1706.93,501.18,37.25,69.57,0.7241,1,-1,-1
22,1,1305.88,443.58,28.61,58.40,0.6049,1,-1,-1
22,2,1192.74,425.04,22.02,62.36,0.5974,1,-1,-1
22,3,1403.59,471.50,27.30,67.26,0.5612,1,-1,-1
22,4,1372.20,459.96,28.04,68.98,0.5936,1,-1,-1
22,5,737.79,436.33,20.63,52.67,0.1571,1,-1,-1
22,6,1527.23,473.93,26.24,59.03,0.6505,1,-1,-1
22,8,1137.62,402.90,16.52,35.99,0.2288,1,-1,-1
22,10,1159.54,434.34,21.04,51.41,0.5516,1,-1,-1
22,11,1725.75,468.78,23.59,52.96,0.3346,1,-1,-1
22,13,778.45,411.34,20.45,32.53,0.3090,1,-1,-1
22,18,1561.04,468.68,26.28,57.84,0.6142,1,-1,-1
22,20,214.23,413.96,22.87,46.25,0.6105,1,-1,-1
23,0,1718.88,502.41,36.97,70.43,0.6783,1,-1,-1
23,1,1309.98,443.79,29.15,59.12,0.6325,1,-1,-1
23,2,1198.24,426.93,21.59,61.08,0.5059,1,-1,-1
23,3,1411.69,472.78,27.47,67.99,0.6645,1,-1,-1
23,4,1379.75,460.93,28.02,69.33,0.6645,1,-1,-1
23,5,741.39,436.86,21.02,53.40,0.3766,1,-1,-1
23,6,1531.64,474.10,27.02,61.10,0.6663,1,-1,-1
23,8,1141.81,404.42,16.14,34.72,0.1403,1,-1,-1
23,10,1163.93,434.86,21.33,52.20,0.5429,1,-1,-1
23,11,1731.14,470.83,23.43,52.57,0.2207,1,-1,-1
23,13,783.77,411.86,21.15,33.80,0.4168,1,-1,-1
23,18,1567.45,470.57,26.10,57.21,0.5898,1,-1,-1
23,20,216.05,415.45,22.41,45.15,0.5851,1,-1,-1
23,23,1187.29,439.97,20.79,50.29,0.5955,1,-1,-1
24,0,1730.20,503.52,37.01,71.52,0.6918,1,-1,-1
24,1,1314.60,443.81,29.75,59.93,0.6610,1,-1,-1
24,2,1202.04,428.93,21.30,59.79,0.6142,1,-1,-1
24,3,1418.27,473.69,28.55,69.74,0.6234,1,-1,-1
24,4,1386.41,457.91,29.95,74.85,0.6215,1,-1,-1
24,5,745.36,438.71,20.83,52.64,0.3355,1,-1,-1
24,6,1536.42,474.94,27.30,62.05,0.6522,1,-1,-1
24,8,1146.34,403.56,17.52,37.71,0.2613,1,-1,-1
24,10,1169.59,434.63,21.79,53.53,0.4980,1,-1,-1
24,13,787.42,412.68,20.03,32.58,0.3251,1,-1,-1
24,18,1573.23,470.58,27.06,59.11,0.6197,1,-1,-1
24,20,218.66,416.92,21.60,43.24,0.4426,1,-1,-1
24,23,1188.71,437.99,22.30,54.06,0.1298,1,-1,-1
25,0,1737.87,504.43,37.52,73.49,0.6540,1,-1,-1
25,1,1318.07,444.36,29.85,59.94,0.6325,1,-1,-1
25,2,1204.35,428.28,21.97,61.09,0.5506,1,-1,-1
25,3,1423.60,474.03,29.02,70.63,0.6252,1,-1,-1
25,4,1391.65,460.26,28.66,72.28,0.6522,1,-1,-1
25,5,747.45,438.23,20.11,50.45,0.1097,1,-1,-1
25,6,1539.78,475.66,27.25,62.02,0.6086,1,-1,-1
25,8,1149.14,403.05,17.50,37.05,0.2606,1,-1,-1
25,10,1172.97,435.52,21.93,53.63,0.5727,1,-1,-1
25,13,790.09,413.48,19.68,32.32,0.3268,1,-1,-1
25,18,1577.29,469.92,27.12,59.13,0.6179,1,-1,-1
25,20,221.12,417.21,22.04,43.64,0.5448,1,-1,-1
25,23,1195.36,434.86,23.77,57.60,0.4795,1,-1,-1
26,0,1749.65,506.92,37.35,72.93,0.6361,1,-1,-1
26,1,1322.29,445.22,30.24,60.17,0.6680,1,-1,-1
26,2,1210.34,427.89,22.44,62.69,0.5612,1,-1,-1
26,3,1428.20,476.07,29.71,70.45,0.5554,1,-1,-1
26,4,1396.97,461.18,28.94,73.32,0.5993,1,-1,-1
26,6,1544.04,476.68,26.76,61.38,0.7082,1,-1,-1
26,8,1153.72,402.95,17.38,36.33,0.1086,1,-1,-1
26,10,1177.84,437.19,21.36,52.49,0.5448,1,-1,-1
26,13,794.12,413.02,20.54,34.08,0.2451,1,-1,-1
26,18,1582.65,470.13,28.07,60.79,0.6740,1,-1,-1
26,20,223.08,417.57,22.02,43.27,0.6002,1,-1,-1
26,23,1199.95,437.06,23.40,56.73,0.5823,1,-1,-1
26,25,406.92,420.36,29.24,57.52,0.5302,1,-1,-1
27,0,1757.67,508.40,38.57,74.46,0.6749,1,-1,-1
27,1,1325.64,445.89,30.05,59.77,0.6968,1,-1,-1
27,2,1213.51,426.96,23.04,64.52,0.5176,1,-1,-1
27,3,1434.72,476.49,30.16,71.34,0.6505,1,-1,-1
27,4,1403.01,465.80,27.85,70.06,0.6487,1,-1,-1
27,6,1547.43,477.90,25.62,59.21,0.7033,1,-1,-1
27,8,1155.88,402.79,17.17,35.28,0.1999,1,-1,-1
27,10,1182.04,438.26,21.01,51.63,0.5234,1,-1,-1
27,13,797.20,412.93,20.81,34.78,0.3124,1,-1,-1
27,18,1586.55,470.05,28.31,61.22,0.6206,1,-1,-1
27,20,224.03,417.81,22.02,42.85,0.6188,1,-1,-1
27,23,1205.29,440.23,22.51,54.36,0.3065,1,-1,-1
27,25,408.27,420.52,28.70,56.37,0.3157,1,-1,-1
28,0,1767.95,510.86,39.41,74.45,0.6415,1,-1,-1
28,1,1329.23,446.04,29.99,59.90,0.6105,1,-1,-1
28,2,1216.73,426.90,23.40,65.63,0.5631,1,-1,-1
28,3,1440.76,476.40,31.22,73.39,0.6030,1,-1,-1
28,4,1409.80,467.16,28.04,70.46,0.6325,1,-1,-1
28,6,1550.95,478.48,25.99,59.77,0.6451,1,-1,-1
28,8,1159.31,403.46,18.96,39.05,0.1956,1,-1,-1
28,10,1185.76,438.43,21.05,51.77,0.5554,1,-1,-1
28,13,801.41,413.65,20.98,35.05,0.2689,1,-1,-1
28,18,1592.01,471.34,28.26,60.65,0.6123,1,-1,-1
28,20,225.36,417.60,22.01,42.57,0.6030,1,-1,-1
28,23,1208.88,439.58,22.98,55.51,0.3905,1,-1,-1
28,25,409.48,421.91,28.24,55.50,0.2553,1,-1,-1
29,0,1778.49,512.40,40.84,75.60,0.7439,1,-1,-1
29,1,1333.77,446.03,30.17,60.39,0.6645,1,-1,-1
29,2,1222.50,428.30,23.10,65.18,0.5746,1,-1,-1
29,3,1446.61,477.79,31.71,73.48,0.5176,1,-1,-1
29,4,1417.18,470.16,27.86,69.36,0.7484,1,-1,-1
29,6,1554.35,477.74,27.79,64.16,0.6505,1,-1,-1
29,8,1164.49,405.35,17.48,35.78,0.1515,1,-1,-1
29,10,1189.89,439.98,20.63,50.48,0.6610,1,-1,-1
29,13,804.41,413.75,21.23,34.91,0.1597,1,-1,-1
29,18,1598.36,472.85,27.43,58.57,0.6123,1,-1,-1
29,20,225.74,418.84,20.87,40.55,0.5593,1,-1,-1
29,23,1212.42,439.77,23.11,55.78,0.5727,1,-1,-1
29,25,414.72,431.70,23.40,45.56,0.1520,1,-1,-1
30,0,1786.45,514.25,42.44,76.71,0.7280,1,-1,-1
30,1,1336.26,446.49,30.51,61.73,0.6316,1,-1,-1
30,2,1225.75,431.02,22.22,62.92,0.5312,1,-1,-1
30,3,1454.19,477.64,32.14,75.31,0.4698,1,-1,-1
30,4,1421.40,471.92,27.61,67.83,0.6628,1,-1,-1
30,6,1555.88,478.07,28.86,66.66,0.6689,1,-1,-1
30,8,1168.15,405.03,16.91,34.36,0.1255,1,-1,-1
30,10,1192.69,440.65,20.91,51.11,0.6049,1,-1,-1
30,13,806.49,413.94,21.50,35.02,0.1352,2,-1,-1
30,18,1602.42,473.68,28.36,60.25,0.5765,1,-1,-1
30,20,225.92,419.71,20.33,39.87,0.5879,1,-1,-1
30,23,1213.78,441.10,22.63,54.77,0.4562,1,-1,-1
30,25,418.33,437.19,20.57,39.43,0.2651,1,-1,-1
30,28,1770.55,474.31,24.77,61.23,0.6197,1,-1,-1
30,29,959.37,437.10,65.76,58.18,0.6918,4,-1,-1
30,5,759.30,437.91,22.97,57.40,0.5273,1,-1,-1
31,0,1796.94,516.62,42.55,76.52,0.6397,1,-1,-1
31,1,1340.20,447.05,30.54,62.05,0.5525,1,-1,-1
31,2,1228.89,430.71,22.83,64.65,0.5224,1,-1,-1
31,3,1461.56,480.12,32.27,75.22,0.5000,1,-1,-1
31,4,1428.06,473.47,27.50,67.03,0.7712,1,-1,-1
31,6,1558.93,478.70,28.81,65.48,0.6343,1,-1,-1
31,10,1196.71,441.82,20.74,50.44,0.6011,1,-1,-1
31,13,809.66,413.85,22.19,36.16,0.2154,1,-1,-1
31,18,1607.88,474.39,28.93,61.19,0.6584,1,-1,-1
31,20,229.73,420.26,20.40,39.65,0.3612,1,-1,-1
31,23,1220.37,444.00,21.99,53.14,0.5390,1,-1,-1
31,25,416.77,425.63,27.56,52.71,0.5936,1,-1,-1
31,28,1777.21,477.57,23.90,59.14,0.6160,1,-1,-1
31,29,962.93,439.07,64.82,57.23,0.3684,5,-1,-1
31,5,762.12,439.68,22.78,56.97,0.5322,1,-1,-1
32,0,1805.24,516.09,43.56,77.96,0.6960,1,-1,-1
32,1,1343.01,447.66,30.39,61.99,0.6011,1,-1,-1
32,2,1232.45,432.53,22.59,64.12,0.4513,1,-1,-1
32,3,1464.45,480.49,32.74,76.07,0.5737,1,-1,-1
32,4,1431.08,472.95,28.30,68.86,0.7066,1,-1,-1
32,6,1561.12,479.02,28.95,64.66,0.6451,1,-1,-1
32,10,1199.44,442.96,20.36,49.35,0.5983,1,-1,-1
32,13,811.83,413.66,22.72,36.85,0.2408,1,-1,-1
32,18,1612.15,475.43,28.35,59.57,0.5516,2,-1,-1
32,20,230.93,419.94,20.56,39.68,0.4045,1,-1,-1
32,23,1225.13,448.88,20.45,49.04,0.5898,1,-1,-1
32,25,417.00,422.69,29.15,55.55,0.5955,1,-1,-1
32,28,1781.85,480.14,23.54,58.19,0.5467,1,-1,-1
32,29,965.27,439.98,64.43,56.76,0.2295,5,-1,-1
32,5,763.36,440.51,22.79,56.88,0.4883,1,-1,-1
33,0,1817.28,516.73,43.90,79.36,0.6030,1,-1,-1
33,1,1348.10,448.80,29.53,60.61,0.6415,1,-1,-1
33,2,1236.53,434.06,21.99,62.55,0.4649,1,-1,-1
33,3,1471.36,480.77,32.50,75.99,0.5361,1,-1,-1
33,4,1437.05,473.20,28.78,69.47,0.7318,1,-1,-1
33,6,1564.54,479.57,29.72,65.02,0.5049,1,-1,-1
33,10,1202.84,442.62,20.72,50.46,0.6415,1,-1,-1
33,13,813.33,414.56,22.55,35.99,0.2018,10,-1,-1
33,18,1616.91,474.43,29.70,62.47,0.5860,1,-1,-1
33,20,231.63,420.16,20.79,39.82,0.4301,1,-1,-1
33,23,1227.53,443.46,23.02,55.58,0.4698,1,-1,-1
33,25,417.71,421.80,30.15,57.14,0.6749,1,-1,-1
33,28,1788.92,484.06,22.16,54.59,0.6415,1,-1,-1
33,29,971.72,439.54,67.08,58.47,0.1842,5,-1,-1
33,5,765.36,440.49,22.80,56.71,0.4824,1,-1,-1
34,0,1831.55,519.16,42.28,77.21,0.6575,1,-1,-1
34,1,1350.96,449.44,30.10,61.99,0.5708,1,-1,-1
34,2,1239.21,435.57,21.99,62.01,0.5195,1,-1,-1
34,3,1480.59,484.19,31.55,74.13,0.6715,1,-1,-1
34,4,1443.33,473.33,29.46,71.04,0.7033,1,-1,-1
34,6,1569.11,481.64,29.53,64.14,0.5068,1,-1,-1
34,10,1206.51,442.76,21.53,52.75,0.6451,1,-1,-1
34,13,816.01,414.38,23.05,36.42,0.1733,2,-1,-1
34,18,1621.83,474.86,30.15,63.14,0.6206,1,-1,-1
34,20,232.03,420.97,20.82,39.61,0.5302,1,-1,-1
34,23,1232.02,445.24,22.85,54.83,0.5631,1,-1,-1
34,25,418.22,421.92,30.32,57.43,0.7114,1,-1,-1
34,28,1793.66,479.90,24.50,60.15,0.6105,1,-1,-1
34,29,973.58,439.47,69.12,59.98,0.2154,5,-1,-1
34,5,766.66,440.37,24.03,59.38,0.4542,1,-1,-1
35,0,1842.25,521.84,40.79,75.59,0.7241,1,-1,-1
35,1,1353.92,449.84,29.74,61.48,0.6505,1,-1,-1
35,2,1241.09,435.62,22.08,62.16,0.4776,1,-1,-1
35,3,1486.08,483.53,31.92,75.50,0.6179,1,-1,-1
35,4,1448.04,474.42,29.17,70.09,0.6951,1,-1,-1
35,6,1571.43,482.99,29.22,63.74,0.7098,1,-1,-1
35,10,1208.44,442.95,21.66,53.57,0.6715,1,-1,-1
35,13,815.82,414.84,23.78,36.51,0.2790,10,-1,-1
35,18,1626.76,476.37,29.71,62.05,0.5429,1,-1,-1
35,20,231.88,421.60,20.83,39.50,0.5765,1,-1,-1
35,23,1234.74,445.87,22.77,54.51,0.5670,1,-1,-1
35,25,418.28,421.94,30.53,57.73,0.7178,1,-1,-1
35,28,1797.68,480.45,24.44,60.06,0.6123,1,-1,-1
35,29,972.66,440.07,70.06,60.37,0.3877,4,-1,-1
35,5,768.93,440.67,24.02,60.06,0.5746,1,-1,-1
36,0,1853.91,523.05,40.09,75.84,0.7542,1,-1,-1
36,1,1356.72,450.47,30.07,62.00,0.6030,1,-1,-1
36,2,1245.24,436.05,22.31,62.34,0.1925,1,-1,-1
36,3,1492.86,484.52,31.57,75.61,0.6593,1,-1,-1
36,4,1453.21,474.20,29.95,72.74,0.6325,1,-1,-1
36,6,1574.21,484.37,28.59,62.99,0.6645,1,-1,-1
36,10,1211.32,443.64,21.57,53.40,0.6160,1,-1,-1
36,13,818.62,415.39,23.93,36.57,0.1577,2,-1,-1
36,18,1632.46,477.97,29.25,61.05,0.5908,1,-1,-1
36,20,231.07,420.61,21.45,40.76,0.6415,1,-1,-1
36,23,1238.17,445.97,23.17,54.66,0.6593,1,-1,-1
36,25,416.68,421.54,31.18,59.53,0.7114,1,-1,-1
36,28,1800.75,476.86,26.46,64.90,0.5429,1,-1,-1
36,29,975.21,440.11,70.66,60.52,0.1956,5,-1,-1
36,5,770.52,442.02,23.65,59.24,0.5955,1,-1,-1
37,0,1859.79,523.54,41.25,79.28,0.7698,1,-1,-1
37,1,1357.85,451.18,31.00,63.95,0.5535,1,-1,-1
37,2,1246.87,436.27,22.57,62.79,0.3531,1,-1,-1
37,3,1493.76,486.60,31.98,74.98,0.6885,1,-1,-1
37,4,1457.17,473.67,30.68,75.07,0.6487,1,-1,-1
37,6,1576.16,485.44,28.44,63.05,0.7082,1,-1,-1
37,10,1213.29,444.01,21.36,53.06,0.6397,1,-1,-1
37,13,820.75,415.82,24.23,37.04,0.3675,1,-1,-1
37,18,1635.39,478.79,28.49,58.79,0.5000,2,-1,-1
37,20,230.22,420.41,21.54,41.11,0.6415,1,-1,-1
37,23,1240.54,442.74,24.97,58.18,0.5496,1,-1,-1
37,25,415.88,421.68,30.98,59.76,0.7001,1,-1,-1
37,28,1803.44,477.56,26.90,65.81,0.5332,1,-1,-1
37,29,974.50,439.10,73.64,62.28,0.1285,5,-1,-1
37,5,771.26,442.82,23.46,58.99,0.6067,1,-1,-1
38,0,1869.43,525.02,40.98,79.36,0.6487,1,-1,-1
38,1,1360.77,452.13,30.58,63.13,0.5244,1,-1,-1
38,2,1248.57,436.60,22.78,63.18,0.4980,1,-1,-1
38,3,1497.98,486.63,32.79,76.50,0.5794,1,-1,-1
38,4,1463.23,478.85,28.99,71.31,0.7194,1,-1,-1
38,6,1579.09,485.15,29.03,65.43,0.7017,1,-1,-1
38,10,1214.92,444.58,21.41,53.55,0.6610,1,-1,-1
38,13,822.09,415.73,24.73,38.08,0.4484,1,-1,-1
38,18,1639.81,480.07,27.36,55.41,0.1530,1,-1,-1
38,20,228.77,421.38,21.61,41.38,0.5860,1,-1,-1
38,23,1242.61,443.21,25.42,58.52,0.5409,1,-1,-1
38,25,414.87,422.10,30.70,60.05,0.7082,1,-1,-1
38,28,1808.26,483.72,25.12,61.28,0.6105,1,-1,-1
38,29,977.67,439.77,73.75,61.95,0.1016,5,-1,-1
38,5,772.35,443.81,23.01,58.32,0.5746,1,-1,-1
39,0,1878.68,526.77,40.72,78.75,0.6105,1,-1,-1
39,1,1363.45,453.77,30.49,63.15,0.5651,1,-1,-1
39,3,1504.27,488.43,32.78,76.71,0.5917,1,-1,-1
39,4,1467.91,479.45,29.28,72.72,0.6800,1,-1,-1
39,6,1582.01,485.72,28.74,65.47,0.7210,1,-1,-1
39,10,1217.27,445.33,21.05,53.05,0.5860,1,-1,-1
39,13,822.83,416.08,24.90,38.35,0.4698,1,-1,-1
39,18,1642.57,479.99,29.50,59.79,0.5205,1,-1,-1
39,20,226.71,423.52,20.65,40.15,0.4523,1,-1,-1
39,23,1244.76,440.22,26.60,61.17,0.5898,1,-1,-1
39,25,413.79,423.21,30.01,59.63,0.6397,1,-1,-1
39,28,1811.83,485.39,25.26,61.48,0.6343,1,-1,-1
39,5,773.37,444.29,22.88,58.21,0.5993,1,-1,-1
40,0,1883.63,528.96,39.95,77.73,0.6415,1,-1,-1
40,1,1365.58,454.66,30.37,62.75,0.5936,1,-1,-1
40,3,1510.89,490.30,32.05,76.12,0.5699,1,-1,-1
40,4,1470.17,478.33,30.17,75.90,0.6697,1,-1,-1
40,6,1583.54,485.56,28.86,66.47,0.7454,1,-1,-1
40,10,1219.48,446.57,20.71,52.24,0.6325,1,-1,-1
40,13,823.21,416.45,24.82,38.27,0.5039,1,-1,-1
40,18,1645.02,481.46,29.79,60.15,0.5390,1,-1,-1
40,20,225.53,424.44,19.83,38.83,0.6142,1,-1,-1
40,23,1246.57,442.61,26.20,59.94,0.5631,1,-1,-1
40,25,412.86,424.15,29.17,58.88,0.6160,1,-1,-1
40,28,1815.14,489.00,24.10,58.57,0.6030,1,-1,-1
40,5,773.73,444.63,22.85,58.36,0.5651,1,-1,-1
40,36,1363.42,454.98,30.34,82.50,0.4523,1,-1,-1
41,0,1888.20,531.50,38.95,77.63,0.6984,1,-1,-1
41,1,1368.55,454.77,31.19,64.83,0.5467,1,-1,-1
41,3,1516.00,491.03,32.14,77.38,0.5612,1,-1,-1
41,4,1475.26,481.46,28.98,73.91,0.7303,1,-1,-1
41,6,1584.05,485.65,29.27,68.08,0.7571,1,-1,-1
41,10,1221.19,446.65,20.93,52.63,0.6680,1,-1,-1
41,13,823.79,416.85,24.78,38.23,0.4244,1,-1,-1
41,18,1647.44,483.98,29.58,59.27,0.6160,1,-1,-1
41,20,224.10,425.38,19.67,38.83,0.5842,1,-1,-1
41,23,1247.16,441.76,27.46,63.28,0.5448,1,-1,-1
41,25,411.89,424.87,28.53,58.48,0.4912,1,-1,-1
41,28,1817.13,482.06,26.64,65.29,0.5842,1,-1,-1
41,5,774.09,445.43,22.52,57.61,0.5898,1,-1,-1
41,36,1365.40,459.44,29.65,80.55,0.3311,1,-1,-1
42,0,1890.66,533.42,37.98,77.88,0.6030,1,-1,-1
42,1,1370.01,455.89,30.31,62.86,0.5263,1,-1,-1
42,3,1521.03,492.72,31.29,75.97,0.6558,1,-1,-1
42,4,1478.17,483.45,28.42,73.08,0.7178,1,-1,-1
42,6,1584.14,485.57,29.42,68.50,0.7287,1,-1,-1
42,10,1222.78,448.43,20.44,51.18,0.6817,1,-1,-1
42,13,824.15,417.48,24.61,38.01,0.4359,1,-1,-1
42,18,1649.50,485.49,29.65,58.91,0.5651,1,-1,-1
42,20,222.72,425.11,19.79,39.31,0.4873,1,-1,-1
42,23,1248.77,445.99,25.31,58.61,0.4990,1,-1,-1
42,25,411.15,425.24,28.30,58.60,0.4707,1,-1,-1
42,28,1819.22,481.21,26.25,64.55,0.5302,1,-1,-1
42,5,773.97,445.86,22.38,57.53,0.5506,1,-1,-1
42,36,1368.85,470.80,25.89,70.07,0.3989,1,-1,-1
43,1,1372.64,455.37,30.24,63.67,0.6270,1,-1,-1
43,3,1525.18,495.98,31.30,76.18,0.5974,1,-1,-1
43,4,1482.32,484.41,28.14,72.98,0.6984,1,-1,-1
43,6,1584.63,485.49,29.94,69.83,0.7098,1,-1,-1
43,10,1224.91,448.52,20.61,51.24,0.6252,1,-1,-1
43,13,824.85,417.95,24.33,37.71,0.4668,1,-1,-1
43,18,1651.27,484.13,31.37,61.63,0.5851,1,-1,-1
43,20,220.03,425.36,20.11,39.77,0.4805,1,-1,-1
43,23,1249.89,447.98,25.26,58.97,0.5361,1,-1,-1
43,25,410.48,426.25,28.02,58.25,0.3191,1,-1,-1
43,28,1822.09,484.40,26.37,65.06,0.5049,1,-1,-1
43,5,773.53,446.70,22.35,57.74,0.5361,1,-1,-1
43,36,1371.87,486.47,20.40,54.91,0.2088,1,-1,-1
44,1,1374.39,455.53,30.39,64.69,0.6030,1,-1,-1
44,3,1531.24,498.08,31.17,76.21,0.6680,1,-1,-1
44,4,1487.03,487.11,27.40,71.51,0.7272,1,-1,-1
44,6,1586.09,486.56,30.02,69.87,0.6732,1,-1,-1
44,10,1226.32,449.50,20.87,51.78,0.6325,1,-1,-1
44,13,825.07,417.80,24.61,38.18,0.3720,1,-1,-1
44,18,1654.08,485.91,32.19,62.83,0.6451,1,-1,-1
44,20,218.25,425.23,20.40,39.94,0.1566,1,-1,-1
44,23,1254.20,450.66,24.59,57.52,0.4417,1,-1,-1
44,25,409.12,426.33,28.15,58.88,0.2553,1,-1,-1
44,28,1824.49,485.30,26.82,66.17,0.6123,1,-1,-1
44,5,773.13,447.21,22.74,58.73,0.6030,1,-1,-1
44,36,1376.20,493.15,19.14,50.75,0.3425,1,-1,-1
45,1,1376.11,455.80,29.66,63.33,0.5879,1,-1,-1
45,3,1534.87,498.15,31.50,77.29,0.6415,1,-1,-1
45,4,1489.50,486.84,27.29,71.87,0.7272,1,-1,-1
45,6,1586.57,486.72,30.13,69.99,0.6984,1,-1,-1
45,10,1226.92,449.86,20.97,51.88,0.6105,1,-1,-1
45,13,825.15,417.85,24.59,38.21,0.3730,1,-1,-1
45,18,1655.56,488.21,31.87,61.31,0.6433,1,-1,-1
45,20,216.68,424.84,20.82,40.23,0.2509,2,-1,-1
45,23,1255.59,451.10,24.62,57.48,0.5137,1,-1,-1
45,25,407.49,426.70,28.09,59.26,0.3951,1,-1,-1
45,28,1825.94,483.45,27.87,68.83,0.5429,1,-1,-1
45,5,772.81,447.51,22.90,59.09,0.5917,1,-1,-1
45,36,1377.42,495.91,18.82,49.09,0.4311,1,-1,-1
46,1,1380.18,454.91,26.42,56.16,0.3961,1,-1,-1
46,3,1538.21,499.93,32.51,80.08,0.5506,1,-1,-1
46,4,1493.27,487.87,27.49,72.27,0.6575,1,-1,-1
46,6,1588.40,488.24,29.96,69.32,0.6984,1,-1,-1
46,10,1227.55,450.51,20.98,51.78,0.6307,1,-1,-1
46,13,825.26,419.87,23.67,36.30,0.1276,2,-1,-1
46,18,1656.90,487.75,32.52,61.47,0.5166,1,-1,-1
46,20,214.24,425.19,21.28,40.84,0.4417,1,-1,-1
46,23,1256.53,452.35,24.51,57.29,0.5400,1,-1,-1
46,25,405.64,427.13,28.01,59.79,0.2241,1,-1,-1
46,28,1828.40,484.70,27.46,67.61,0.5955,1,-1,-1
46,5,771.71,447.58,23.35,59.95,0.6160,1,-1,-1
46,36,1379.54,500.29,17.95,45.67,0.5651,1,-1,-1
47,1,1381.62,454.81,25.91,54.98,0.3951,1,-1,-1
47,3,1541.39,500.78,32.71,81.01,0.5574,1,-1,-1
47,4,1495.69,488.11,28.16,73.52,0.6951,1,-1,-1
47,6,1589.72,489.08,29.82,68.80,0.6834,1,-1,-1
47,10,1228.80,450.94,20.92,51.46,0.6451,1,-1,-1
47,13,824.96,420.27,23.70,36.20,0.2429,1,-1,-1
47,18,1658.09,487.91,33.35,62.16,0.5593,1,-1,-1
47,20,213.71,430.32,19.37,36.30,0.1437,1,-1,-1
47,23,1256.97,451.83,24.91,58.29,0.5879,1,-1,-1
47,25,404.53,427.78,27.42,59.09,0.4017,1,-1,-1
47,28,1830.30,486.00,27.12,66.44,0.6252,1,-1,-1
47,5,771.34,448.55,23.14,59.27,0.5955,1,-1,-1
47,36,1380.53,500.32,18.58,46.18,0.4941,1,-1,-1
48,3,1546.95,503.37,31.93,79.21,0.5467,1,-1,-1
48,4,1498.69,490.61,28.11,72.85,0.7628,1,-1,-1
48,6,1590.74,490.94,29.21,67.71,0.6901,1,-1,-1
48,10,1231.35,452.75,20.69,50.79,0.6197,1,-1,-1
48,13,825.77,421.42,23.84,36.06,0.2783,1,-1,-1
48,18,1659.97,488.34,34.19,63.14,0.6011,1,-1,-1
48,20,210.81,429.23,20.91,38.83,0.4552,1,-1,-1
48,23,1258.42,450.69,25.28,59.46,0.5029,1,-1,-1
48,28,1831.58,485.25,29.30,71.57,0.6697,1,-1,-1
48,5,771.20,449.17,23.22,59.29,0.6270,1,-1,-1
48,36,1382.41,500.95,19.06,47.02,0.5554,1,-1,-1
49,3,1553.50,504.78,31.52,79.56,0.5166,1,-1,-1
49,4,1503.24,494.12,28.18,71.65,0.7379,1,-1,-1
49,6,1592.31,492.03,28.34,66.12,0.7050,1,-1,-1
49,10,1233.05,453.80,20.75,50.82,0.6343,1,-1,-1
49,13,825.83,422.06,24.26,36.14,0.2591,1,-1,-1
49,18,1663.05,490.35,34.02,61.96,0.5823,1,-1,-1
49,20,207.80,430.07,21.01,38.87,0.4359,1,-1,-1
49,23,1259.17,449.82,25.94,61.54,0.5448,1,-1,-1
49,28,1835.48,485.64,30.05,73.65,0.6451,1,-1,-1
49,5,770.26,448.87,23.66,60.43,0.6234,1,-1,-1
49,36,1383.65,497.46,20.93,52.11,0.2886,1,-1,-1
49,42,1215.01,442.82,19.52,52.65,0.4698,1,-1,-1
50,3,1556.13,505.27,31.93,81.16,0.5156,1,-1,-1
50,4,1506.18,495.28,28.59,71.97,0.7873,1,-1,-1
50,6,1593.65,492.86,27.50,64.63,0.6935,1,-1,-1
50,10,1234.53,454.37,20.96,51.24,0.6487,1,-1,-1
50,13,825.62,422.39,24.94,36.61,0.2830,1,-1,-1
50,18,1664.77,491.78,33.81,60.88,0.5554,1,-1,-1
50,20,205.20,429.92,21.25,39.19,0.4446,1,-1,-1
50,23,1259.73,451.75,25.75,61.35,0.6252,1,-1,-1
50,28,1838.15,485.52,30.05,73.79,0.6522,1,-1,-1
50,5,769.19,448.81,24.12,61.43,0.6105,1,-1,-1
50,36,1385.06,494.99,21.76,54.55,0.1871,1,-1,-1
50,42,1214.31,441.07,20.43,55.21,0.4912,1,-1,-1
51,3,1559.86,507.00,31.66,80.88,0.4263,1,-1,-1
51,4,1509.38,497.52,28.69,71.29,0.7585,1,-1,-1
51,6,1594.44,494.77,27.48,64.83,0.7066,1,-1,-1
51,10,1235.76,454.39,21.14,51.73,0.6645,1,-1,-1
51,13,825.36,422.80,25.36,36.81,0.2494,1,-1,-1
51,18,1667.67,493.61,33.14,59.09,0.3648,1,-1,-1
51,20,202.25,429.75,21.48,39.85,0.6433,1,-1,-1
51,23,1261.32,452.81,25.50,60.95,0.6343,1,-1,-1
51,28,1842.63,491.02,28.51,69.18,0.6575,1,-1,-1
51,5,767.22,449.20,24.76,62.31,0.5842,1,-1,-1
51,36,1387.28,497.25,21.22,53.42,0.4244,1,-1,-1
51,42,1215.16,442.89,20.18,54.69,0.4321,1,-1,-1
52,3,1564.49,509.72,30.72,79.15,0.4330,1,-1,-1
52,4,1511.93,498.37,29.00,71.21,0.7409,1,-1,-1
52,6,1595.33,495.63,27.61,65.70,0.6610,1,-1,-1
52,10,1236.41,454.53,21.45,52.47,0.6610,1,-1,-1
52,13,825.29,422.86,25.74,37.18,0.2546,1,-1,-1
52,18,1669.89,495.07,33.59,59.52,0.4282,1,-1,-1
52,20,200.88,430.03,21.32,39.72,0.6783,1,-1,-1
52,23,1262.71,453.68,25.44,60.90,0.5496,1,-1,-1
52,28,1845.24,492.32,28.87,69.88,0.6984,1,-1,-1
52,5,766.07,449.33,25.33,63.26,0.5974,1,-1,-1
52,36,1388.01,502.36,19.95,49.91,0.1281,1,-1,-1
52,42,1215.38,442.75,20.26,55.16,0.4026,1,-1,-1
52,29,978.56,445.23,80.35,67.08,0.5380,4,-1,-1
53,3,1561.50,509.47,31.72,81.54,0.5699,1,-1,-1
53,4,1515.15,497.30,30.82,74.74,0.6885,1,-1,-1
53,6,1596.51,495.20,27.07,64.71,0.5955,1,-1,-1
53,10,1237.54,455.75,21.55,52.63,0.6885,1,-1,-1
53,13,824.95,423.17,25.28,36.55,0.3303,2,-1,-1
53,18,1672.07,496.58,34.01,59.92,0.3425,2,-1,-1
53,20,198.45,430.34,21.36,40.18,0.6628,1,-1,-1
53,23,1263.55,449.72,27.22,65.46,0.6179,1,-1,-1
53,28,1848.93,495.94,26.93,65.03,0.6252,1,-1,-1
53,5,764.46,450.09,25.69,63.46,0.5917,1,-1,-1
53,42,1213.98,439.33,21.36,58.03,0.1009,1,-1,-1
53,29,976.74,446.16,81.25,67.26,0.3032,5,-1,-1
54,3,1562.06,509.33,33.55,85.94,0.5156,1,-1,-1
54,4,1519.60,497.46,31.65,75.85,0.7379,1,-1,-1
54,6,1598.26,495.01,28.50,68.45,0.6706,1,-1,-1
54,10,1238.76,456.38,21.83,53.35,0.7162,1,-1,-1
54,13,826.12,424.16,24.87,36.04,0.1733,1,-1,-1
54,18,1675.92,496.74,33.69,59.23,0.5718,1,-1,-1
54,20,195.85,430.72,21.38,40.60,0.6289,1,-1,-1
54,23,1265.46,448.10,28.04,68.11,0.6142,1,-1,-1
54,28,1852.26,495.10,28.72,68.71,0.6243,1,-1,-1
54,5,763.34,450.66,26.08,63.76,0.5467,1,-1,-1
54,29,975.02,447.01,81.52,67.22,0.3277,5,-1,-1
55,3,1564.86,510.37,33.83,85.82,0.4980,1,-1,-1
55,4,1522.85,497.09,33.87,80.83,0.7114,1,-1,-1
55,6,1599.67,493.92,29.25,70.88,0.6619,1,-1,-1
55,10,1240.13,457.18,21.67,53.10,0.6984,1,-1,-1
55,13,825.62,424.81,23.80,34.77,0.3757,2,-1,-1
55,18,1678.67,497.23,34.43,60.88,0.5955,1,-1,-1
55,20,194.08,430.87,21.29,40.65,0.6935,1,-1,-1
55,23,1266.78,448.69,27.82,68.13,0.5708,1,-1,-1
55,28,1854.31,494.74,29.58,70.36,0.6766,1,-1,-1
55,5,762.45,451.67,26.14,63.33,0.5273,1,-1,-1
55,29,974.66,447.37,81.78,67.72,0.4158,5,-1,-1
55,45,1576.47,511.59,30.90,83.07,0.5059,1,-1,-1
56,3,1570.69,512.57,32.95,84.37,0.6086,1,-1,-1
56,4,1526.09,493.79,36.37,86.84,0.6307,1,-1,-1
56,6,1602.13,495.88,28.83,70.02,0.6334,1,-1,-1
56,10,1242.25,458.60,21.22,52.10,0.6487,1,-1,-1
56,13,826.38,425.36,24.26,35.43,0.2140,1,-1,-1
56,18,1681.56,498.18,34.95,61.86,0.5974,1,-1,-1
56,20,191.95,431.78,21.51,41.35,0.6628,1,-1,-1
56,23,1268.77,450.46,27.68,68.02,0.5516,1,-1,-1
56,28,1858.62,496.74,28.40,67.43,0.6783,1,-1,-1
56,5,763.02,452.38,26.27,63.66,0.5380,1,-1,-1
56,29,975.11,447.17,82.89,69.29,0.2487,4,-1,-1
56,45,1578.28,512.80,31.06,83.14,0.2942,1,-1,-1
56,42,1222.22,442.71,20.73,56.43,0.5993,1,-1,-1
57,3,1575.64,510.98,31.50,82.03,0.2967,1,-1,-1
57,4,1529.97,494.14,36.63,87.74,0.6505,1,-1,-1
57,6,1603.17,496.17,29.29,72.36,0.5823,1,-1,-1
57,10,1243.31,459.23,21.00,51.59,0.6234,1,-1,-1
57,13,825.45,425.54,24.74,35.89,0.3612,2,-1,-1
57,18,1683.21,497.93,35.65,63.14,0.4893,1,-1,-1
57,20,190.14,431.98,21.90,42.36,0.6680,1,-1,-1
57,23,1271.01,455.38,26.27,64.09,0.5746,1,-1,-1
57,28,1861.27,497.07,29.04,68.53,0.6169,1,-1,-1
57,5,763.04,453.90,26.09,63.14,0.5823,1,-1,-1
57,45,1577.40,511.16,32.83,87.72,0.5029,1,-1,-1
57,48,1263.54,444.77,20.78,59.72,0.5380,1,-1,-1
57,42,1224.51,444.67,20.47,56.13,0.5302,1,-1,-1
57,25,385.66,430.00,27.37,60.39,0.6179,1,-1,-1
58,4,1535.54,495.50,36.57,87.80,0.6758,1,-1,-1
58,6,1606.71,498.05,28.49,71.25,0.2140,1,-1,-1
58,10,1244.12,460.15,20.90,51.42,0.6270,1,-1,-1
58,13,825.25,425.58,25.05,36.26,0.2502,2,-1,-1
58,18,1687.53,499.21,35.30,62.87,0.6637,1,-1,-1
58,20,187.81,432.06,21.58,42.22,0.6817,1,-1,-1
58,23,1274.36,459.86,24.75,60.19,0.5448,1,-1,-1
58,28,1865.77,498.04,29.17,67.83,0.5020,1,-1,-1
58,5,763.08,454.93,26.03,63.08,0.5477,1,-1,-1
58,45,1581.54,513.89,32.67,87.10,0.6280,1,-1,-1
58,48,1265.08,445.43,19.93,57.28,0.5322,1,-1,-1
58,42,1227.20,452.31,18.69,51.20,0.5302,1,-1,-1
58,25,382.82,430.98,26.95,60.92,0.3285,1,-1,-1
59,4,1542.49,503.82,33.87,81.15,0.7484,1,-1,-1
59,6,1604.19,505.75,33.34,84.72,0.5039,1,-1,-1
59,10,1246.24,460.70,21.03,51.89,0.6885,1,-1,-1
59,13,825.44,426.10,24.86,36.26,0.2480,2,-1,-1
59,18,1691.81,500.92,34.87,61.99,0.5234,1,-1,-1
59,20,185.93,431.75,21.69,43.06,0.7287,1,-1,-1
59,23,1276.82,460.23,25.03,60.95,0.5708,1,-1,-1
59,28,1870.41,499.30,28.75,65.89,0.5574,1,-1,-1
59,5,762.78,456.03,25.94,62.89,0.5254,1,-1,-1
59,45,1585.70,515.11,32.83,87.64,0.4340,1,-1,-1
59,48,1267.33,446.75,19.50,55.99,0.6011,1,-1,-1
59,42,1228.17,452.03,18.81,51.73,0.6067,1,-1,-1
59,25,380.31,430.04,27.58,63.49,0.6663,1,-1,-1
60,4,1547.04,503.82,34.04,81.85,0.6645,1,-1,-1
60,6,1606.87,503.14,32.45,83.59,0.1566,1,-1,-1
60,10,1248.12,461.09,21.48,52.93,0.6715,1,-1,-1
60,13,825.60,426.22,24.87,36.48,0.2783,2,-1,-1
60,18,1695.48,501.78,34.69,61.86,0.6370,1,-1,-1
60,20,184.72,431.99,21.40,42.86,0.7256,1,-1,-1
60,23,1277.90,455.69,26.91,66.19,0.5917,1,-1,-1
60,28,1873.08,501.00,29.01,65.94,0.5293,1,-1,-1
60,5,762.43,456.36,25.98,63.02,0.5487,1,-1,-1
60,45,1587.81,515.66,33.47,89.90,0.5195,1,-1,-1
60,48,1268.48,447.01,20.07,57.67,0.5898,1,-1,-1
60,42,1227.08,446.71,20.51,56.91,0.5689,1,-1,-1
60,25,378.62,429.68,27.63,64.31,0.6951,1,-1,-1
60,29,980.47,449.19,86.22,70.45,0.5137,5,-1,-1
61,4,1552.45,502.79,35.39,86.08,0.6885,1,-1,-1
61,6,1609.20,510.84,35.41,91.39,0.4111,1,-1,-1
61,10,1250.34,461.27,21.76,53.81,0.6505,1,-1,-1
61,13,825.77,426.04,25.93,38.64,0.4187,1,-1,-1
61,18,1698.74,502.53,35.33,63.29,0.4961,1,-1,-1
61,20,183.16,433.27,20.91,41.96,0.7033,1,-1,-1
61,23,1279.68,453.59,28.01,69.42,0.5898,1,-1,-1
61,28,1877.29,502.98,29.11,65.84,0.5438,1,-1,-1
61,5,763.45,458.17,24.75,60.27,0.3495,1,-1,-1
61,45,1591.19,516.98,34.55,92.71,0.5593,1,-1,-1
61,48,1269.32,447.62,21.38,61.62,0.5689,1,-1,-1
61,42,1230.65,450.82,19.19,53.14,0.5765,1,-1,-1
61,25,377.24,431.96,26.57,61.23,0.6783,1,-1,-1
61,29,978.14,449.96,86.38,70.66,0.3522,5,-1,-1
62,4,1557.07,503.32,35.29,86.79,0.7162,1,-1,-1
62,6,1617.39,518.71,33.31,86.95,0.6002,1,-1,-1
62,10,1251.36,461.53,21.66,54.02,0.6732,1,-1,-1
62,13,825.94,426.31,25.91,39.26,0.4446,1,-1,-1
62,18,1701.09,503.48,35.57,64.03,0.6740,1,-1,-1
62,20,182.02,434.73,20.69,41.43,0.6505,1,-1,-1
62,23,1280.76,452.85,28.31,70.59,0.5612,1,-1,-1
62,28,1879.86,504.99,29.28,65.81,0.5574,1,-1,-1
62,5,764.71,464.95,23.03,56.50,0.2241,1,-1,-1
62,45,1594.49,517.88,34.54,92.51,0.4980,1,-1,-1
62,48,1269.52,447.68,22.62,65.36,0.5993,1,-1,-1
62,42,1232.51,451.75,19.24,52.77,0.5670,1,-1,-1
62,25,375.88,432.67,26.67,60.69,0.7114,1,-1,-1
62,29,977.35,450.41,87.44,71.85,0.2591,5,-1,-1
62,49,1207.71,412.47,17.28,42.64,0.5117,1,-1,-1
62,50,1278.35,408.00,17.48,47.27,0.5727,1,-1,-1
63,4,1563.41,508.19,33.78,83.22,0.6910,1,-1,-1
63,6,1625.84,521.30,33.80,88.29,0.6039,1,-1,-1
63,10,1253.31,462.68,21.68,54.32,0.7017,1,-1,-1
63,13,826.25,426.46,26.33,40.16,0.4630,1,-1,-1
63,18,1703.80,505.03,35.74,64.16,0.5351,1,-1,-1
63,20,179.60,434.91,21.33,42.62,0.6505,1,-1,-1
63,23,1283.25,454.36,27.99,69.97,0.5224,1,-1,-1
63,28,1884.73,508.15,28.96,64.76,0.5765,1,-1,-1
63,5,765.60,467.87,22.25,55.00,0.2606,1,-1,-1
63,45,1602.06,520.60,34.16,91.15,0.5775,1,-1,-1
63,48,1272.15,448.42,23.06,67.08,0.5010,1,-1,-1
63,42,1234.20,452.33,19.12,52.26,0.5554,1,-1,-1
63,25,373.86,433.53,27.26,60.76,0.6433,1,-1,-1
63,49,1209.17,412.97,17.31,42.72,0.5804,1,-1,-1
63,50,1281.13,406.15,17.41,47.11,0.4121,1,-1,-1
64,4,1569.97,510.93,32.82,81.31,0.7364,1,-1,-1
64,6,1634.08,526.13,32.77,86.22,0.5842,1,-1,-1
64,10,1255.11,463.69,21.91,55.31,0.5842,1,-1,-1
64,13,826.62,427.02,26.26,40.24,0.4111,1,-1,-1
64,18,1708.60,507.13,35.37,63.82,0.5409,1,-1,-1
64,20,176.71,434.94,21.96,43.80,0.6663,1,-1,-1
64,23,1286.59,456.48,27.78,69.65,0.5078,1,-1,-1
64,28,1888.72,508.70,29.63,66.02,0.5467,1,-1,-1
64,5,764.37,463.66,24.63,61.54,0.4140,1,-1,-1
64,45,1607.55,516.30,36.36,97.66,0.1889,1,-1,-1
64,48,1273.51,448.65,23.88,69.76,0.5156,1,-1,-1
64,42,1237.28,452.49,19.39,52.91,0.4776,1,-1,-1
64,25,371.65,434.86,27.53,60.07,0.5535,1,-1,-1
64,49,1211.22,414.52,16.82,41.44,0.6123,1,-1,-1
64,50,1283.23,401.60,18.86,51.14,0.4737,1,-1,-1
65,4,1574.56,513.97,32.40,80.53,0.7082,1,-1,-1
65,6,1635.58,524.20,34.58,90.95,0.2854,1,-1,-1
65,10,1256.76,464.66,21.71,55.28,0.6397,1,-1,-1
65,13,827.02,427.65,25.86,39.94,0.4417,1,-1,-1
65,18,1711.57,508.38,35.31,63.82,0.4340,2,-1,-1
65,20,175.05,435.62,22.09,43.86,0.6935,1,-1,-1
65,23,1289.67,462.50,25.77,64.50,0.5593,1,-1,-1
65,28,1891.79,509.33,29.41,66.06,0.5000,1,-1,-1
65,5,762.61,462.32,25.66,64.07,0.1739,1,-1,-1
65,45,1612.93,521.35,36.17,95.69,0.6451,1,-1,-1
65,48,1274.47,450.51,23.20,67.46,0.5341,1,-1,-1
65,42,1238.05,452.07,19.92,53.88,0.5370,1,-1,-1
65,25,369.80,435.25,27.62,59.66,0.4756,1,-1,-1
65,49,1212.66,415.88,16.19,39.75,0.5765,1,-1,-1
65,50,1284.75,401.93,18.88,51.43,0.3346,1,-1,-1
65,51,1476.45,443.57,26.08,47.50,0.6289,1,-1,-1
66,4,1579.78,515.30,33.90,84.70,0.7439,1,-1,-1
66,6,1643.93,528.34,34.21,90.06,0.6671,1,-1,-1
66,10,1260.09,465.47,21.72,54.99,0.6505,1,-1,-1
66,13,827.38,428.17,25.57,39.74,0.4698,1,-1,-1
66,18,1715.63,509.53,35.17,62.96,0.3540,2,-1,-1
66,20,174.03,436.62,22.27,43.38,0.6809,1,-1,-1
66,23,1292.39,468.12,24.10,60.05,0.5612,1,-1,-1
66,28,1895.12,509.80,29.65,68.91,0.2728,1,-1,-1
66,5,761.77,462.45,25.92,64.39,0.3594,1,-1,-1
66,45,1618.24,525.23,36.15,94.70,0.4436,1,-1,-1
66,48,1278.15,450.30,22.50,65.66,0.4932,1,-1,-1
66,42,1240.48,455.55,18.93,51.04,0.4717,1,-1,-1
66,25,367.86,436.43,28.17,59.48,0.6775,1,-1,-1
66,49,1214.34,415.47,16.70,40.80,0.3942,1,-1,-1
66,50,1286.95,398.30,18.16,49.60,0.2261,1,-1,-1
66,51,1479.33,444.02,25.89,47.22,0.4951,1,-1,-1
66,52,1402.15,472.58,24.00,58.69,0.5860,1,-1,-1
67,4,1583.43,516.06,34.14,85.92,0.7098,1,-1,-1
67,6,1651.16,530.26,34.16,89.73,0.6584,1,-1,-1
67,10,1262.09,465.89,21.64,54.84,0.6379,1,-1,-1
67,13,828.19,428.86,25.52,39.65,0.4494,1,-1,-1
67,18,1718.98,510.37,35.58,63.63,0.3277,2,-1,-1
67,20,172.48,436.18,22.97,44.25,0.6834,1,-1,-1
67,23,1293.47,461.87,26.60,67.10,0.5185,1,-1,-1
67,28,1896.37,508.46,30.31,73.34,0.3124,1,-1,-1
67,5,761.30,463.01,25.92,64.02,0.4707,1,-1,-1
67,45,1623.23,530.05,35.37,91.14,0.5409,1,-1,-1
67,48,1280.82,451.60,21.83,63.69,0.5409,1,-1,-1
67,42,1242.59,458.23,18.20,49.04,0.3603,1,-1,-1
67,25,365.91,436.95,28.67,59.58,0.6478,1,-1,-1
67,49,1214.97,414.20,17.81,43.49,0.5049,1,-1,-1
67,50,1288.28,397.31,18.68,51.39,0.2316,1,-1,-1
67,51,1480.60,446.45,27.06,49.60,0.6086,1,-1,-1
67,52,1404.20,472.77,23.88,58.32,0.5593,1,-1,-1
67,53,1621.88,501.20,30.49,71.70,0.5574,1,-1,-1
68,4,1589.33,518.87,34.26,85.39,0.7287,1,-1,-1
68,6,1658.54,533.66,33.81,89.49,0.5254,1,-1,-1
68,10,1263.76,466.66,21.90,55.56,0.6918,1,-1,-1
68,13,828.91,429.08,25.19,39.25,0.3115,1,-1,-1
68,18,1724.63,512.21,35.18,62.68,0.4805,2,-1,-1
68,20,170.92,437.14,23.27,44.38,0.6307,1,-1,-1
68,23,1296.42,459.90,27.11,69.41,0.3442,1,-1,-1
68,5,762.26,463.66,25.73,63.56,0.4417,1,-1,-1
68,45,1631.40,532.75,36.06,90.17,0.6197,1,-1,-1
68,48,1283.29,451.44,23.04,66.94,0.5765,1,-1,-1
68,42,1244.90,455.01,19.79,53.16,0.2926,1,-1,-1
68,25,363.90,437.19,29.00,59.76,0.1495,1,-1,-1
68,49,1217.12,415.00,17.75,43.05,0.4455,1,-1,-1
68,50,1290.46,400.09,19.33,53.21,0.5438,1,-1,-1
68,51,1485.70,446.97,25.65,47.13,0.6505,1,-1,-1
68,52,1406.96,471.40,25.61,62.59,0.6379,1,-1,-1
68,53,1625.24,502.66,28.62,67.32,0.6397,1,-1,-1
69,4,1596.62,523.12,33.90,83.47,0.6926,1,-1,-1
69,6,1669.04,537.38,33.19,88.60,0.5983,1,-1,-1
69,10,1267.71,467.14,22.12,56.13,0.6487,1,-1,-1
69,13,830.34,429.91,25.12,38.74,0.2429,2,-1,-1
69,18,1730.20,512.70,36.94,65.85,0.5205,1,-1,-1
69,20,170.01,437.15,23.82,45.15,0.6433,1,-1,-1
69,23,1301.33,463.97,26.03,67.22,0.5993,1,-1,-1
69,5,763.10,464.48,25.86,63.95,0.5146,1,-1,-1
69,45,1638.80,534.78,37.36,92.18,0.5059,1,-1,-1
69,48,1286.04,451.47,23.33,67.73,0.6270,1,-1,-1
69,42,1248.68,454.86,20.11,53.87,0.3398,1,-1,-1
69,25,362.73,438.71,29.22,59.55,0.3469,1,-1,-1
69,49,1219.83,414.96,18.21,44.09,0.5419,1,-1,-1
69,50,1294.03,397.55,18.80,52.10,0.2473,1,-1,-1
69,51,1490.18,446.08,27.00,50.08,0.6188,1,-1,-1
69,52,1410.98,471.69,26.58,64.95,0.6487,1,-1,-1
69,53,1629.27,505.55,29.02,68.24,0.6522,1,-1,-1
70,4,1600.94,522.49,35.11,86.10,0.6968,1,-1,-1
70,6,1674.22,537.38,34.01,91.31,0.5117,1,-1,-1
70,10,1270.56,467.09,22.21,56.11,0.6252,1,-1,-1
70,13,831.03,430.62,24.84,38.43,0.3208,1,-1,-1
70,18,1735.65,513.81,37.11,66.35,0.4873,1,-1,-1
70,20,169.53,437.18,24.27,45.75,0.6558,1,-1,-1
70,23,1304.19,467.06,25.16,65.29,0.6575,1,-1,-1
70,5,764.28,464.96,25.92,64.36,0.4659,1,-1,-1
70,45,1644.59,534.65,39.28,94.85,0.5718,1,-1,-1
70,48,1289.49,452.26,22.51,65.60,0.5842,1,-1,-1
70,42,1251.17,456.90,20.82,55.76,0.4378,1,-1,-1
70,25,361.94,439.08,29.00,58.58,0.3090,1,-1,-1
70,49,1222.07,416.05,17.63,42.26,0.5651,1,-1,-1
70,50,1296.21,396.66,19.78,55.06,0.3217,1,-1,-1
70,51,1494.01,445.44,26.96,50.35,0.5718,1,-1,-1
70,52,1413.64,471.67,27.33,66.69,0.5993,1,-1,-1
70,53,1631.60,506.81,28.76,67.46,0.6766,1,-1,-1
71,4,1607.75,524.39,36.10,88.61,0.7210,1,-1,-1
71,6,1680.19,537.75,35.26,94.04,0.5273,1,-1,-1
71,10,1274.31,468.25,21.72,54.30,0.6610,1,-1,-1
71,13,832.88,431.35,25.47,38.55,0.2720,1,-1,-1
71,18,1742.05,515.04,38.09,67.92,0.6280,1,-1,-1
71,20,169.39,436.21,24.75,46.99,0.6680,1,-1,-1
71,23,1306.35,464.27,26.30,68.94,0.5438,1,-1,-1
71,5,766.02,465.79,26.18,65.07,0.3329,1,-1,-1
71,45,1656.34,536.89,40.71,94.72,0.4130,1,-1,-1
71,48,1293.58,453.40,21.69,62.89,0.6086,1,-1,-1
71,42,1254.21,457.57,21.03,56.04,0.4581,1,-1,-1
71,25,360.15,439.21,29.55,59.57,0.4187,1,-1,-1
71,49,1224.34,416.55,18.24,43.51,0.4436,1,-1,-1
71,50,1299.40,396.32,20.54,57.55,0.3989,1,-1,-1
71,51,1498.58,444.84,28.42,53.72,0.5727,1,-1,-1
71,52,1418.29,472.89,28.30,69.19,0.6680,1,-1,-1
71,53,1635.83,508.24,29.12,68.10,0.6540,1,-1,-1
72,4,1613.76,525.49,37.31,90.34,0.7484,1,-1,-1
72,6,1687.60,538.94,35.62,95.57,0.5010,1,-1,-1
72,10,1275.84,468.81,21.62,53.61,0.6451,1,-1,-1
72,13,833.56,431.81,25.32,38.14,0.2502,1,-1,-1
72,18,1746.98,516.01,38.44,68.31,0.5737,1,-1,-1
72,20,169.69,436.44,24.55,46.98,0.6505,1,-1,-1
72,23,1310.66,467.21,25.30,66.43,0.5302,1,-1,-1
72,5,767.56,466.52,25.80,64.75,0.4562,1,-1,-1
72,45,1662.84,537.38,43.97,99.36,0.5370,1,-1,-1
72,48,1296.03,453.91,22.42,64.77,0.5467,1,-1,-1
72,42,1256.30,458.03,21.40,57.03,0.3666,1,-1,-1
72,25,358.93,439.56,29.94,60.48,0.4504,1,-1,-1
72,49,1225.95,415.94,19.26,45.61,0.3433,1,-1,-1
72,50,1302.53,397.58,20.54,57.53,0.5039,1,-1,-1
72,51,1502.28,445.41,28.16,53.75,0.5746,1,-1,-1
72,52,1421.86,475.20,28.03,68.14,0.5448,1,-1,-1
72,53,1638.11,506.73,31.54,73.80,0.2337,1,-1,-1
73,4,1621.36,527.80,37.81,90.24,0.7130,1,-1,-1
73,6,1697.15,539.73,35.56,96.11,0.6114,1,-1,-1
73,10,1279.89,469.25,21.62,53.63,0.6307,1,-1,-1
73,13,835.17,432.19,25.24,37.22,0.2408,1,-1,-1
73,18,1753.83,516.97,38.27,67.69,0.5804,1,-1,-1
73,20,169.96,436.78,24.34,47.17,0.6610,1,-1,-1
73,23,1314.61,466.07,26.11,69.37,0.5804,1,-1,-1
73,5,769.57,467.41,25.14,63.66,0.4630,1,-1,-1
73,45,1669.79,537.59,43.98,98.07,0.4591,1,-1,-1
73,48,1298.49,454.40,22.91,66.05,0.5651,1,-1,-1
73,42,1257.77,457.18,21.88,57.79,0.1461,1,-1,-1
73,25,357.47,440.13,29.74,60.38,0.3099,1,-1,-1
73,49,1228.74,416.46,19.73,46.70,0.4844,1,-1,-1
73,50,1306.16,396.64,20.02,56.36,0.3251,1,-1,-1
73,51,1507.37,445.55,28.16,54.38,0.5993,1,-1,-1
73,52,1426.29,475.87,28.88,70.25,0.6522,1,-1,-1
73,53,1642.33,508.46,32.09,75.73,0.5195,1,-1,-1
74,4,1628.83,529.37,38.93,91.90,0.7513,1,-1,-1
74,6,1705.14,541.36,36.23,97.84,0.5765,1,-1,-1
74,10,1283.05,469.07,22.88,56.33,0.6379,1,-1,-1
74,13,837.07,433.03,25.13,36.64,0.3337,2,-1,-1
74,18,1761.75,519.45,38.32,67.64,0.6901,1,-1,-1
74,20,169.92,437.68,24.06,47.27,0.7050,1,-1,-1
74,23,1318.04,462.76,27.36,73.45,0.5955,1,-1,-1
74,5,770.48,468.16,25.12,64.29,0.4388,1,-1,-1
74,45,1683.10,540.00,44.05,98.36,0.5283,1,-1,-1
74,48,1301.93,454.65,23.34,67.19,0.5765,1,-1,-1
74,42,1261.68,461.71,21.70,57.59,0.2227,1,-1,-1
74,25,355.88,439.92,28.81,59.09,0.4533,1,-1,-1
74,49,1232.36,416.82,19.90,47.06,0.3594,1,-1,-1
74,50,1311.22,396.18,18.39,50.53,0.3594,1,-1,-1
74,51,1513.79,446.54,27.67,53.94,0.6442,1,-1,-1
74,52,1431.95,476.40,28.56,69.16,0.6307,1,-1,-1
74,53,1646.51,508.32,30.52,72.20,0.1767,1,-1,-1
75,4,1635.11,532.20,39.34,91.46,0.7542,1,-1,-1
75,6,1712.77,543.11,36.41,98.87,0.4581,1,-1,-1
75,10,1285.23,469.68,23.04,56.37,0.5993,1,-1,-1
75,13,838.24,433.11,26.72,38.44,0.3730,2,-1,-1
75,18,1768.69,521.63,37.88,66.47,0.6549,1,-1,-1
75,20,170.15,438.17,23.69,47.14,0.6968,1,-1,-1
75,23,1322.41,465.50,26.31,71.53,0.5622,1,-1,-1
75,5,771.14,468.92,25.75,66.24,0.4737,1,-1,-1
75,45,1690.52,542.73,44.14,98.46,0.5612,1,-1,-1
75,48,1304.06,455.07,23.79,68.45,0.6215,1,-1,-1
75,42,1265.22,459.72,22.35,59.26,0.4273,1,-1,-1
75,25,355.59,440.55,28.58,59.08,0.5409,1,-1,-1
75,49,1234.31,416.26,20.11,47.56,0.5860,1,-1,-1
75,50,1312.98,395.75,19.66,53.54,0.4158,1,-1,-1
75,51,1518.21,448.48,26.54,51.87,0.5898,1,-1,-1
75,52,1434.87,477.05,28.68,69.12,0.5804,1,-1,-1
75,53,1651.73,507.87,28.09,66.33,0.2444,1,-1,-1
76,4,1642.80,533.72,39.80,91.62,0.7846,1,-1,-1
76,6,1723.87,544.21,36.55,99.78,0.5244,1,-1,-1
76,10,1288.33,471.44,22.93,55.71,0.6663,1,-1,-1
76,13,839.58,433.78,27.94,39.64,0.2983,1,-1,-1
76,18,1776.27,522.23,39.08,68.36,0.6289,1,-1,-1
76,20,170.62,439.28,23.15,46.48,0.7439,1,-1,-1
76,23,1325.35,467.95,26.24,70.89,0.5842,1,-1,-1
76,5,772.57,469.37,26.17,66.91,0.3923,1,-1,-1
76,45,1702.07,543.81,45.21,100.59,0.5583,1,-1,-1
76,48,1307.20,455.18,24.05,68.77,0.6252,1,-1,-1
76,42,1268.74,459.25,22.59,59.66,0.3849,1,-1,-1
76,25,354.57,440.32,29.18,60.74,0.6415,1,-1,-1
76,49,1236.97,415.91,20.82,48.71,0.4504,1,-1,-1
76,50,1318.23,397.39,17.97,47.25,0.2950,1,-1,-1
76,51,1523.30,447.72,26.56,51.58,0.6732,1,-1,-1
76,52,1438.86,477.85,29.00,69.31,0.6179,1,-1,-1
76,53,1656.24,508.60,28.48,66.91,0.2386,1,-1,-1
77,4,1649.40,537.03,39.23,89.90,0.7542,1,-1,-1
77,6,1731.61,545.61,36.46,100.12,0.4542,1,-1,-1
77,10,1290.34,472.59,22.85,55.43,0.6343,1,-1,-1
77,13,840.80,434.29,28.30,39.76,0.2108,1,-1,-1
77,18,1782.20,523.31,40.02,69.55,0.5813,1,-1,-1
77,20,170.68,439.60,23.00,46.54,0.7272,1,-1,-1
77,23,1328.64,468.18,26.50,71.88,0.6086,1,-1,-1
77,5,772.10,469.77,26.58,67.61,0.4330,1,-1,-1
77,45,1710.76,545.48,45.06,100.71,0.6505,1,-1,-1
77,48,1310.32,456.52,23.73,67.15,0.6325,1,-1,-1
77,42,1272.04,457.99,22.15,59.00,0.4971,1,-1,-1
77,25,353.95,441.56,28.76,60.32,0.6415,1,-1,-1
77,49,1238.61,415.62,21.58,50.13,0.5746,1,-1,-1
77,50,1320.54,398.66,17.87,46.37,0.1733,1,-1,-1
77,51,1527.40,449.27,27.15,52.00,0.4902,1,-1,-1
77,52,1442.39,477.57,29.93,71.29,0.6067,1,-1,-1
77,53,1660.23,509.05,26.89,62.68,0.2682,1,-1,-1
78,4,1657.52,539.15,40.13,91.68,0.7272,1,-1,-1
78,6,1735.04,546.11,39.24,104.68,0.5419,1,-1,-1
78,10,1292.97,473.58,22.29,54.08,0.6270,1,-1,-1
78,13,843.49,435.37,27.54,38.72,0.2140,1,-1,-1
78,18,1787.90,523.97,40.67,69.96,0.6522,1,-1,-1
78,20,170.63,440.00,22.93,46.80,0.7469,1,-1,-1
78,23,1332.81,470.34,25.97,70.66,0.5936,1,-1,-1
78,5,772.70,470.50,26.46,66.97,0.3895,1,-1,-1
78,45,1720.93,546.95,45.00,102.25,0.6610,1,-1,-1
78,48,1313.30,457.21,23.71,66.98,0.6433,1,-1,-1
78,42,1274.54,460.17,21.01,55.73,0.1790,1,-1,-1
78,25,352.79,442.00,28.93,61.33,0.6415,1,-1,-1
78,49,1239.98,416.76,21.42,49.51,0.6558,1,-1,-1
78,50,1323.59,399.47,18.07,45.94,0.2539,1,-1,-1
78,51,1531.08,449.17,28.24,53.90,0.5737,1,-1,-1
78,52,1446.97,478.60,30.57,72.41,0.5842,1,-1,-1
78,53,1664.75,509.29,27.45,63.53,0.1101,2,-1,-1
79,4,1666.61,540.93,39.99,91.68,0.7017,1,-1,-1
79,6,1746.23,548.41,40.20,107.12,0.5651,1,-1,-1
79,10,1295.68,473.67,22.52,54.23,0.5765,1,-1,-1
79,13,845.90,437.32,27.05,36.92,0.1030,2,-1,-1
79,18,1794.43,525.08,41.13,70.01,0.2323,2,-1,-1
79,20,170.31,441.32,22.54,46.32,0.7066,1,-1,-1
79,23,1339.31,477.93,23.70,64.46,0.5993,1,-1,-1
79,5,776.65,471.22,24.15,60.72,0.2160,1,-1,-1
79,45,1732.59,549.83,42.66,99.22,0.5974,1,-1,-1
79,48,1316.34,458.17,24.13,67.75,0.6067,1,-1,-1
79,42,1278.18,462.48,21.22,56.19,0.3024,1,-1,-1
79,25,351.13,442.99,28.93,62.25,0.6343,1,-1,-1
79,49,1243.11,417.34,21.26,48.76,0.5823,1,-1,-1
79,50,1326.47,399.20,18.61,46.45,0.4388,1,-1,-1
79,51,1536.51,449.44,28.92,54.47,0.5603,1,-1,-1
79,52,1452.02,479.81,30.28,71.26,0.5467,1,-1,-1
79,53,1668.88,512.37,29.19,66.85,0.4177,1,-1,-1
80,4,1672.30,541.96,39.98,91.91,0.7114,1,-1,-1
80,6,1758.93,554.36,38.23,103.10,0.6442,1,-1,-1
80,10,1297.86,474.94,22.50,53.74,0.6325,1,-1,-1
80,13,844.90,437.50,26.46,36.11,0.1052,2,-1,-1
80,18,1800.78,525.57,42.05,71.05,0.4581,1,-1,-1
80,20,169.69,442.38,22.12,45.54,0.7256,1,-1,-1
80,23,1339.88,473.38,25.38,69.52,0.6325,1,-1,-1
80,5,777.98,471.37,23.28,58.38,0.1807,1,-1,-1
80,45,1740.05,551.38,41.25,97.70,0.6049,1,-1,-1
80,48,1318.32,459.48,24.33,68.02,0.6234,1,-1,-1
80,42,1280.80,465.82,21.00,55.16,0.1561,1,-1,-1
80,25,349.95,442.95,28.93,63.15,0.6179,1,-1,-1
80,49,1244.40,418.36,20.93,47.72,0.6433,1,-1,-1
80,50,1328.86,400.49,19.13,47.42,0.2759,1,-1,-1
80,51,1540.29,448.54,29.26,54.68,0.5612,1,-1,-1
80,52,1454.96,481.17,29.96,70.23,0.5020,1,-1,-1
80,53,1673.14,512.31,30.54,69.43,0.1667,2,-1,-1
81,4,1680.07,543.52,40.45,94.20,0.7009,1,-1,-1
81,6,1769.86,558.77,38.00,102.46,0.6039,1,-1,-1
81,10,1298.59,474.94,23.97,56.89,0.6968,1,-1,-1
81,13,843.84,436.70,26.63,36.54,0.1268,2,-1,-1
81,18,1804.43,526.73,42.64,71.66,0.1307,2,-1,-1
81,20,167.74,442.16,22.94,47.26,0.6697,1,-1,-1
81,23,1342.12,470.82,26.37,72.72,0.6680,1,-1,-1
81,5,780.04,471.89,21.23,52.48,0.2999,1,-1,-1
81,45,1747.48,554.20,42.39,101.97,0.6077,1,-1,-1
81,48,1319.85,460.47,25.73,71.15,0.6343,1,-1,-1
81,42,1283.22,463.90,22.41,60.05,0.1618,1,-1,-1
81,25,348.08,443.24,28.78,63.69,0.6397,1,-1,-1
81,49,1245.97,420.07,20.67,47.18,0.6593,1,-1,-1
81,50,1331.57,400.61,19.16,46.85,0.1700,1,-1,-1
81,51,1545.95,449.84,29.25,54.93,0.5467,1,-1,-1
81,52,1457.47,482.18,30.42,71.07,0.5993,1,-1,-1
81,53,1673.62,516.47,29.58,67.73,0.5993,1,-1,-1
82,4,1686.92,544.20,39.88,94.41,0.7349,1,-1,-1
82,6,1772.12,558.37,40.42,106.99,0.3730,1,-1,-1
82,10,1299.18,475.08,24.39,57.15,0.7082,1,-1,-1
82,13,844.59,437.38,25.51,35.28,0.2628,2,-1,-1
82,18,1808.16,526.84,43.82,73.96,0.5535,1,-1,-1
82,20,166.52,442.59,23.03,47.65,0.6926,1,-1,-1
82,23,1343.98,469.22,27.00,74.85,0.6935,1,-1,-1
82,5,778.00,472.38,24.41,60.62,0.2568,1,-1,-1
82,45,1754.75,557.06,43.89,105.95,0.6114,1,-1,-1
82,48,1321.08,461.26,26.67,73.41,0.6307,1,-1,-1
82,25,346.58,443.48,28.66,64.17,0.6086,1,-1,-1
82,49,1246.89,421.43,20.56,47.00,0.6505,1,-1,-1
82,50,1333.59,401.27,18.48,43.94,0.1587,1,-1,-1
82,51,1549.53,451.79,28.67,53.64,0.5185,1,-1,-1
82,52,1459.10,482.90,31.14,72.70,0.5993,1,-1,-1
82,53,1675.01,517.96,29.62,68.08,0.6379,1,-1,-1
83,4,1694.47,544.58,39.87,95.36,0.7484,1,-1,-1
83,6,1784.58,562.29,40.69,107.65,0.5889,1,-1,-1
83,10,1301.49,475.58,24.37,57.37,0.6379,1,-1,-1
83,13,845.83,437.66,25.10,35.23,0.2553,2,-1,-1
83,18,1812.57,528.16,44.06,74.28,0.3961,2,-1,-1
83,20,164.86,443.51,23.31,48.30,0.6901,1,-1,-1
83,23,1347.19,470.64,26.83,74.60,0.6206,1,-1,-1
83,5,778.40,473.77,23.34,57.76,0.1629,1,-1,-1
83,45,1760.63,558.99,44.58,108.37,0.5746,1,-1,-1
83,48,1322.34,461.68,26.85,73.73,0.7001,1,-1,-1
83,25,344.48,443.67,28.42,64.44,0.6252,1,-1,-1
83,49,1248.19,421.44,20.70,47.43,0.6723,1,-1,-1
83,50,1334.46,400.02,17.19,40.01,0.1413,1,-1,-1
83,51,1555.32,452.62,28.34,53.33,0.2372,1,-1,-1
83,52,1461.77,483.47,30.84,72.15,0.6049,1,-1,-1
83,53,1678.95,519.87,29.41,68.46,0.6289,1,-1,-1
84,4,1704.07,548.46,39.08,94.47,0.7090,1,-1,-1
84,6,1795.45,567.23,40.25,106.27,0.6086,1,-1,-1
84,10,1305.46,477.01,24.16,56.82,0.5879,1,-1,-1
84,13,847.15,438.05,26.46,37.08,0.1294,2,-1,-1
84,18,1819.68,529.94,43.96,74.65,0.2942,1,-1,-1
84,20,162.38,443.04,24.23,50.48,0.7066,1,-1,-1
84,23,1352.33,479.26,24.24,67.63,0.6030,1,-1,-1
84,5,778.26,475.07,22.61,55.95,0.1285,1,-1,-1
84,45,1770.08,563.16,43.53,105.11,0.5804,1,-1,-1
84,48,1324.70,462.97,26.30,71.94,0.6105,1,-1,-1
84,25,342.25,444.84,28.79,65.61,0.6388,1,-1,-1
84,49,1249.66,421.54,21.20,48.63,0.6868,1,-1,-1
84,50,1336.18,400.43,16.20,36.89,0.1640,1,-1,-1
84,51,1560.84,454.51,27.52,52.06,0.3191,1,-1,-1
84,52,1464.94,483.55,31.28,72.77,0.6610,1,-1,-1
84,53,1681.84,520.94,29.82,70.13,0.6478,1,-1,-1
84,63,1646.72,504.22,29.70,63.89,0.5419,1,-1,-1
85,4,1709.53,548.04,39.28,96.23,0.7210,1,-1,-1
85,6,1803.72,568.95,39.90,105.77,0.6628,1,-1,-1
85,10,1307.05,478.36,24.22,56.79,0.5879,1,-1,-1
85,13,847.23,438.12,25.99,37.32,0.2261,1,-1,-1
85,18,1824.76,531.28,42.57,72.29,0.1818,1,-1,-1
85,20,160.55,442.98,24.89,51.82,0.7130,1,-1,-1
85,23,1354.21,479.34,24.50,68.37,0.6505,1,-1,-1
85,5,778.79,475.88,21.58,53.38,0.1656,1,-1,-1
85,45,1775.99,568.01,42.55,101.94,0.6179,1,-1,-1
85,48,1326.96,463.35,26.64,72.07,0.6325,1,-1,-1
85,25,340.44,445.87,28.60,65.83,0.6671,1,-1,-1
85,49,1250.65,421.95,21.13,48.46,0.6918,1,-1,-1
85,50,1338.68,401.26,15.73,33.83,0.1082,1,-1,-1
85,51,1564.54,457.68,26.55,49.91,0.2524,1,-1,-1
85,52,1467.62,483.86,31.30,72.49,0.6800,1,-1,-1
85,53,1683.27,521.68,29.69,70.51,0.6968,1,-1,-1
85,63,1649.30,506.18,29.27,62.86,0.4678,1,-1,-1
86,4,1717.25,551.04,40.14,98.84,0.7170,1,-1,-1
86,6,1812.62,571.05,40.14,106.59,0.6011,1,-1,-1
86,10,1308.36,479.03,24.52,57.31,0.6505,1,-1,-1
86,13,847.57,437.92,27.42,39.82,0.2012,1,-1,-1
86,18,1833.26,532.16,40.33,66.74,0.2154,2,-1,-1
86,20,158.80,443.74,24.52,51.32,0.7162,1,-1,-1
86,23,1356.55,481.46,24.41,67.96,0.6289,1,-1,-1
86,5,778.89,476.17,22.39,55.75,0.1321,1,-1,-1
86,45,1783.20,570.99,43.61,102.86,0.6307,1,-1,-1
86,48,1329.48,464.05,26.52,71.18,0.6270,1,-1,-1
86,25,338.43,447.06,28.15,65.45,0.6671,1,-1,-1
86,49,1251.69,422.42,20.58,47.19,0.6984,1,-1,-1
86,50,1340.27,401.50,15.44,31.73,0.1056,2,-1,-1
86,51,1571.04,459.43,25.48,47.77,0.3460,1,-1,-1
86,52,1470.04,485.16,31.18,72.45,0.6558,1,-1,-1
86,53,1685.46,521.38,30.36,72.71,0.7364,1,-1,-1
86,63,1654.46,509.45,28.71,61.49,0.5784,1,-1,-1
87,4,1723.04,555.89,38.72,95.41,0.7256,1,-1,-1
87,6,1820.38,572.65,40.16,106.92,0.5813,1,-1,-1
87,10,1309.01,479.19,24.89,58.17,0.6715,1,-1,-1
87,13,848.39,438.72,27.02,39.53,0.4130,2,-1,-1
87,18,1838.97,533.96,40.45,67.12,0.4349,1,-1,-1
87,20,157.78,444.20,24.71,51.71,0.5993,1,-1,-1
87,23,1358.09,481.37,24.87,69.34,0.6451,1,-1,-1
87,5,778.56,476.86,23.15,58.38,0.1587,1,-1,-1
87,45,1788.23,571.74,44.76,104.23,0.6105,1,-1,-1
87,48,1331.46,464.47,27.14,72.06,0.6522,1,-1,-1
87,25,336.76,447.49,27.97,65.52,0.6732,1,-1,-1
87,49,1252.39,422.62,20.15,46.41,0.7082,1,-1,-1
87,51,1573.81,458.45,26.56,49.96,0.4542,1,-1,-1
87,52,1471.83,485.51,31.64,73.70,0.6343,1,-1,-1
87,53,1688.14,521.33,30.48,73.62,0.7556,1,-1,-1
87,63,1656.12,512.50,28.18,60.06,0.5293,1,-1,-1
88,4,1730.55,558.19,39.19,96.70,0.7326,1,-1,-1
88,6,1831.42,580.16,38.23,101.46,0.5254,1,-1,-1
88,10,1310.64,479.98,24.95,58.49,0.6628,1,-1,-1
88,13,849.01,439.47,26.44,38.94,0.4552,2,-1,-1
88,18,1844.60,536.01,41.35,68.70,0.2473,1,-1,-1
88,20,156.26,445.65,24.47,51.17,0.7066,1,-1,-1
88,23,1361.02,483.96,24.82,69.08,0.6415,1,-1,-1
88,5,777.32,477.81,25.49,64.88,0.2983,1,-1,-1
88,45,1796.55,574.53,45.23,104.17,0.5936,1,-1,-1
88,48,1333.58,466.12,27.01,71.50,0.6540,1,-1,-1
88,25,334.66,448.33,27.83,65.71,0.6252,1,-1,-1
88,49,1254.31,423.05,19.95,46.08,0.6505,1,-1,-1
88,51,1579.19,461.27,25.53,47.93,0.2127,2,-1,-1
88,52,1475.18,486.09,31.57,73.42,0.5974,1,-1,-1
88,53,1690.27,521.21,30.60,74.26,0.7454,1,-1,-1
88,63,1661.95,508.47,29.89,63.60,0.4824,1,-1,-1
89,4,1738.59,559.50,40.74,100.05,0.7154,1,-1,-1
89,6,1842.74,585.92,37.50,99.65,0.6002,1,-1,-1
89,10,1312.76,482.37,24.09,56.80,0.6215,1,-1,-1
89,13,850.18,439.84,26.23,39.19,0.4630,2,-1,-1
89,18,1852.69,538.27,36.78,61.15,0.1603,2,-1,-1
89,20,154.49,447.42,24.44,51.21,0.6783,1,-1,-1
89,23,1362.57,481.75,25.99,72.70,0.6307,1,-1,-1
89,5,776.40,492.03,22.08,55.34,0.5804,1,-1,-1
89,45,1806.44,576.02,47.06,106.38,0.5964,1,-1,-1
89,48,1335.59,467.51,26.50,70.10,0.6505,1,-1,-1
89,25,331.47,448.56,27.74,65.97,0.2140,1,-1,-1
89,49,1256.21,422.38,19.61,45.08,0.5784,1,-1,-1
89,51,1584.60,461.27,25.90,48.87,0.1842,2,-1,-1
89,52,1478.89,486.60,31.28,72.55,0.6105,1,-1,-1
89,53,1692.91,522.27,30.98,74.72,0.7484,1,-1,-1
89,63,1665.29,509.41,31.14,66.14,0.4513,1,-1,-1
89,66,1807.27,486.50,26.31,46.44,0.4678,1,-1,-1
90,4,1744.24,561.07,41.46,100.59,0.7705,1,-1,-1
90,6,1849.29,584.63,38.50,102.90,0.6123,1,-1,-1
90,10,1313.27,482.93,23.96,56.24,0.5823,1,-1,-1
90,13,851.13,440.84,25.78,38.93,0.4727,2,-1,-1
90,18,1855.67,539.70,41.84,70.71,0.3657,1,-1,-1
90,20,152.76,447.14,25.60,53.52,0.1938,1,-1,-1
90,23,1365.11,484.92,25.14,70.10,0.6549,1,-1,-1
90,5,775.41,495.13,21.87,54.39,0.5842,1,-1,-1
90,45,1813.60,579.89,48.40,106.22,0.6397,1,-1,-1
90,48,1336.78,467.48,26.98,71.21,0.6067,1,-1,-1
90,25,329.61,449.58,27.39,65.64,0.2187,1,-1,-1
90,49,1257.49,423.01,19.90,45.62,0.5689,1,-1,-1
90,51,1589.93,463.17,24.03,45.25,0.1515,2,-1,-1
90,52,1480.08,487.51,30.80,71.05,0.5823,1,-1,-1
90,53,1695.11,523.13,31.64,76.48,0.6968,1,-1,-1
90,63,1668.49,509.57,31.45,66.57,0.4562,1,-1,-1
90,66,1809.69,486.66,26.28,46.28,0.5059,1,-1,-1
91,4,1752.17,561.51,43.27,103.69,0.7813,1,-1,-1
91,6,1859.98,586.62,38.53,103.42,0.5293,1,-1,-1
91,10,1316.59,482.10,25.11,58.92,0.6197,1,-1,-1
91,13,851.88,441.87,25.77,39.30,0.5205,2,-1,-1
91,18,1861.90,542.95,40.69,67.95,0.2200,2,-1,-1
91,20,150.51,447.83,25.99,54.39,0.5737,1,-1,-1
91,23,1368.53,487.28,24.74,68.83,0.6077,1,-1,-1
91,5,773.48,486.22,25.71,64.39,0.4932,1,-1,-1
91,45,1823.74,582.32,50.42,108.38,0.6433,1,-1,-1
91,48,1339.19,467.80,27.14,71.63,0.6049,1,-1,-1
91,25,327.03,450.57,26.93,64.98,0.5670,1,-1,-1
91,49,1258.99,422.72,20.58,47.54,0.5708,1,-1,-1
91,51,1595.79,463.89,25.11,47.19,0.2598,1,-1,-1
91,52,1483.34,487.66,31.46,72.27,0.6289,1,-1,-1
91,53,1698.53,525.19,31.36,75.73,0.7334,1,-1,-1
91,63,1673.73,509.10,32.30,68.41,0.5727,1,-1,-1
91,66,1814.26,488.79,26.18,45.83,0.3549,1,-1,-1
92,4,1757.72,563.72,44.46,104.80,0.7957,1,-1,-1
92,6,1866.65,586.18,39.41,106.59,0.4533,1,-1,-1
92,10,1318.99,482.31,25.56,59.77,0.6451,1,-1,-1
92,13,852.76,442.25,25.91,39.89,0.5322,2,-1,-1
92,18,1866.52,544.02,43.45,72.89,0.1132,1,-1,-1
92,20,149.09,448.09,26.47,55.41,0.4776,1,-1,-1
92,23,1370.74,486.89,25.23,70.19,0.6225,1,-1,-1
92,5,772.85,483.51,27.17,68.25,0.4369,1,-1,-1
92,45,1830.75,584.12,52.57,110.34,0.6206,1,-1,-1
92,48,1341.01,467.93,27.48,72.11,0.6252,1,-1,-1
92,25,325.38,451.08,26.33,63.84,0.6197,1,-1,-1
92,49,1260.40,423.59,20.42,47.64,0.5312,1,-1,-1
92,51,1599.70,461.78,27.29,51.86,0.2759,1,-1,-1
92,52,1485.37,488.82,31.43,72.08,0.6433,1,-1,-1
92,53,1701.73,526.71,30.71,74.37,0.7334,1,-1,-1
92,63,1676.56,509.89,32.32,68.31,0.5283,1,-1,-1
92,66,1818.26,490.80,25.65,44.24,0.2910,1,-1,-1
92,67,1492.88,488.70,31.45,73.21,0.5467,1,-1,-1
93,4,1765.17,567.13,45.67,105.93,0.8176,1,-1,-1
93,6,1876.64,587.78,40.72,110.27,0.2561,1,-1,-1
93,10,1320.78,483.37,25.72,60.25,0.6663,1,-1,-1
93,13,853.82,443.25,25.58,39.64,0.2254,1,-1,-1
93,18,1873.90,546.03,40.58,67.17,0.1999,2,-1,-1
93,20,147.47,448.32,26.27,55.10,0.5273,1,-1,-1
93,23,1373.30,488.56,25.43,70.33,0.6460,1,-1,-1
93,5,772.62,483.27,27.86,70.59,0.4824,1,-1,-1
93,45,1842.97,587.32,53.81,111.48,0.5117,1,-1,-1
93,48,1342.44,468.63,28.09,73.54,0.7334,1,-1,-1
93,25,322.41,451.79,26.13,63.90,0.5390,1,-1,-1
93,49,1262.00,424.52,20.57,48.28,0.6215,1,-1,-1
93,51,1604.64,461.69,27.71,53.07,0.5689,1,-1,-1
93,52,1486.37,490.80,31.36,71.83,0.6361,1,-1,-1
93,53,1705.87,528.69,30.26,73.20,0.7090,1,-1,-1
93,63,1681.11,514.54,30.89,65.03,0.4054,1,-1,-1
93,66,1821.64,490.06,27.25,46.27,0.5059,2,-1,-1
93,67,1496.77,488.93,31.42,73.22,0.5917,1,-1,-1
94,4,1773.42,570.33,47.08,107.03,0.8355,1,-1,-1
94,6,1879.07,589.99,41.93,112.41,0.4668,1,-1,-1
94,10,1322.68,484.15,25.83,60.80,0.7033,1,-1,-1
94,13,855.20,443.80,25.84,40.26,0.4552,2,-1,-1
94,18,1879.28,548.12,42.22,70.76,0.1490,2,-1,-1
94,20,145.19,449.40,25.45,53.57,0.4737,1,-1,-1
94,23,1375.77,487.37,26.22,72.52,0.6610,1,-1,-1
94,5,772.95,483.67,28.21,71.86,0.5936,1,-1,-1
94,45,1857.48,590.42,54.22,112.42,0.5804,1,-1,-1
94,48,1344.29,469.78,28.41,73.75,0.7364,1,-1,-1
94,25,320.02,451.81,26.00,64.03,0.5117,1,-1,-1
94,49,1263.52,425.21,20.83,49.08,0.6732,1,-1,-1
94,51,1610.60,465.23,26.57,51.52,0.4244,1,-1,-1
94,52,1488.45,492.53,31.62,71.93,0.6715,1,-1,-1
94,53,1709.33,529.05,30.45,73.58,0.6935,1,-1,-1
94,63,1686.76,515.99,30.11,62.73,0.3951,1,-1,-1
94,66,1824.72,491.89,27.65,46.48,0.3107,1,-1,-1
94,67,1503.27,491.12,31.70,74.34,0.5516,1,-1,-1
94,68,1296.22,466.95,24.81,67.70,0.5166,1,-1,-1
95,4,1779.63,572.87,48.23,107.56,0.7905,1,-1,-1
95,6,1881.74,592.37,40.06,108.16,0.2095,1,-1,-1
95,10,1323.90,484.73,25.85,61.07,0.7318,1,-1,-1
95,13,855.92,444.17,25.67,40.00,0.5176,2,-1,-1
95,18,1883.45,549.13,41.16,70.19,0.1761,1,-1,-1
95,20,143.98,450.85,24.71,52.15,0.6628,1,-1,-1
95,23,1377.70,489.00,26.40,72.43,0.6628,1,-1,-1
95,5,773.10,484.68,28.11,71.74,0.5823,1,-1,-1
95,45,1866.45,592.44,53.88,112.54,0.6325,1,-1,-1
95,48,1345.59,470.21,28.62,74.08,0.7454,1,-1,-1
95,25,318.42,452.27,25.51,63.09,0.6270,1,-1,-1
95,49,1264.25,425.72,21.12,50.22,0.6522,1,-1,-1
95,51,1615.61,468.55,24.47,47.84,0.3933,1,-1,-1
95,52,1489.69,493.03,32.10,72.55,0.6680,1,-1,-1
95,53,1710.74,529.46,31.21,75.28,0.6234,1,-1,-1
95,63,1690.54,518.43,29.05,59.32,0.3693,1,-1,-1
95,66,1827.96,493.70,26.96,44.65,0.3074,2,-1,-1
95,67,1506.97,492.92,31.06,73.44,0.5583,1,-1,-1
95,68,1297.90,465.90,24.89,67.84,0.4834,1,-1,-1
96,4,1788.29,575.20,48.82,106.81,0.7549,1,-1,-1
96,6,1885.46,594.78,40.80,112.87,0.5535,1,-1,-1
96,10,1326.82,486.20,26.21,61.24,0.5936,1,-1,-1
96,13,856.33,444.55,26.34,41.27,0.4776,2,-1,-1
96,20,142.46,452.66,24.00,50.77,0.6926,1,-1,-1
96,23,1380.06,488.34,27.06,74.71,0.6397,1,-1,-1
96,5,773.19,485.52,28.35,72.10,0.6011,1,-1,-1
96,48,1348.70,471.73,28.42,73.16,0.6197,1,-1,-1
96,25,316.24,452.71,25.77,63.85,0.6522,1,-1,-1
96,49,1267.24,426.51,21.10,50.00,0.6361,1,-1,-1
96,51,1621.33,471.12,24.01,46.90,0.3355,1,-1,-1
96,52,1492.70,494.34,32.49,72.95,0.6067,1,-1,-1
96,53,1712.99,530.13,31.65,75.93,0.6715,1,-1,-1
96,63,1695.16,518.93,30.79,61.88,0.1883,1,-1,-1
96,66,1832.67,494.79,27.14,44.30,0.3107,1,-1,-1
96,67,1507.68,494.33,31.03,73.48,0.2728,1,-1,-1
96,68,1300.55,468.32,25.31,69.05,0.5487,1,-1,-1
97,4,1794.66,576.96,50.78,109.38,0.8233,1,-1,-1
97,6,1888.15,595.42,40.32,115.00,0.4504,1,-1,-1
97,10,1329.50,488.60,25.90,59.98,0.6215,1,-1,-1
97,13,857.19,444.80,26.51,41.98,0.4678,2,-1,-1
97,20,141.12,453.40,23.92,50.67,0.6918,1,-1,-1
97,23,1382.74,489.40,26.74,74.35,0.5955,1,-1,-1
97,5,773.17,486.49,28.34,72.13,0.5860,1,-1,-1
97,48,1351.77,472.99,28.17,72.13,0.6415,1,-1,-1
97,25,314.34,452.86,26.18,64.76,0.6610,1,-1,-1
97,49,1268.76,427.00,21.16,49.87,0.6451,1,-1,-1
97,51,1625.47,471.70,23.58,46.00,0.2358,1,-1,-1
97,52,1495.12,495.73,32.43,72.57,0.6325,1,-1,-1
97,53,1714.36,529.18,32.68,78.23,0.6397,1,-1,-1
97,63,1700.51,521.59,31.11,62.49,0.2790,1,-1,-1
97,66,1834.94,494.37,29.53,47.83,0.4824,2,-1,-1
97,67,1510.39,493.09,30.68,72.38,0.1471,1,-1,-1
97,68,1302.46,467.80,25.87,70.62,0.6197,1,-1,-1
98,4,1803.81,580.52,51.34,108.31,0.7705,1,-1,-1
98,10,1332.13,489.41,26.10,60.52,0.6951,1,-1,-1
98,13,857.18,444.81,27.47,43.66,0.4036,2,-1,-1
98,20,138.90,454.87,24.07,50.92,0.5525,1,-1,-1
98,23,1384.20,489.18,27.68,77.19,0.6715,1,-1,-1
98,5,772.88,487.81,28.44,72.39,0.5612,1,-1,-1
98,48,1354.63,473.38,28.52,72.84,0.7454,1,-1,-1
98,25,311.31,453.37,26.62,65.53,0.7272,1,-1,-1
98,49,1269.51,427.38,21.25,49.94,0.6783,1,-1,-1
98,51,1630.43,474.07,23.71,45.93,0.2846,1,-1,-1
98,52,1499.53,496.43,32.91,73.30,0.5955,1,-1,-1
98,53,1717.45,530.79,33.22,78.29,0.6261,1,-1,-1
98,63,1704.58,519.89,32.50,65.45,0.3675,1,-1,-1
98,66,1840.15,495.31,29.98,48.33,0.3923,2,-1,-1
98,67,1515.38,495.53,31.15,74.33,0.5234,1,-1,-1
98,68,1305.56,467.79,26.06,71.03,0.5516,1,-1,-1
99,4,1815.41,583.64,52.06,108.36,0.8176,1,-1,-1
99,10,1334.69,490.60,25.71,59.92,0.7162,1,-1,-1
99,13,859.64,445.16,27.39,43.61,0.4130,2,-1,-1
99,20,136.89,456.43,23.49,49.95,0.7241,1,-1,-1
99,23,1387.73,490.02,27.25,76.42,0.6067,1,-1,-1
99,5,772.97,488.77,28.68,72.81,0.6433,1,-1,-1
99,48,1356.64,473.99,28.78,73.64,0.7725,1,-1,-1
99,25,308.00,454.37,27.06,67.14,0.6800,1,-1,-1
99,49,1271.33,427.03,21.59,50.72,0.5651,1,-1,-1
99,51,1635.68,475.97,23.23,45.38,0.4649,1,-1,-1
99,52,1503.15,497.16,34.18,75.44,0.5351,1,-1,-1
99,53,1719.46,530.39,34.06,79.16,0.6935,1,-1,-1
99,63,1709.46,517.35,34.77,69.38,0.1089,1,-1,-1
99,66,1845.00,496.60,30.58,49.40,0.3217,1,-1,-1
99,67,1518.67,496.90,31.35,75.13,0.5593,1,-1,-1
99,68,1308.31,469.27,25.28,68.65,0.5708,1,-1,-1
100,4,1823.21,586.02,53.75,109.81,0.8019,1,-1,-1
100,10,1336.76,491.45,25.78,60.49,0.7349,1,-1,-1
100,13,861.26,445.67,27.31,43.70,0.3522,2,-1,-1
100,20,135.48,456.72,23.75,50.49,0.7082,1,-1,-1
100,23,1390.36,489.27,27.52,77.34,0.6469,1,-1,-1
100,5,772.90,490.72,28.16,71.61,0.5765,1,-1,-1
100,48,1358.47,474.32,29.24,74.78,0.7114,1,-1,-1
100,25,305.94,454.27,27.73,68.44,0.6951,1,-1,-1
100,49,1272.54,427.69,21.45,50.40,0.5146,1,-1,-1
100,51,1639.20,476.83,23.97,47.13,0.3346,1,-1,-1
100,52,1506.40,498.67,34.22,75.87,0.5651,1,-1,-1
100,53,1721.48,529.99,35.31,81.33,0.6105,1,-1,-1
100,63,1714.85,518.21,34.77,68.62,0.1413,1,-1,-1
100,66,1848.64,496.37,31.09,50.47,0.3504,2,-1,-1
100,67,1520.96,497.68,31.54,75.67,0.5525,1,-1,-1
100,68,1311.14,472.87,24.29,65.45,0.5263,1,-1,-1
101,4,1835.69,589.21,54.83,111.80,0.7402,1,-1,-1
101,10,1341.89,492.20,26.23,61.57,0.6715,1,-1,-1
101,13,864.00,446.54,27.06,43.77,0.3603,1,-1,-1
101,20,134.62,457.60,24.09,51.11,0.6123,1,-1,-1
101,23,1394.40,489.65,28.20,79.81,0.7033,1,-1,-1
101,5,775.59,491.75,28.15,72.53,0.6234,1,-1,-1
101,48,1363.45,475.75,29.30,74.84,0.7001,1,-1,-1
101,25,304.51,454.91,28.36,69.82,0.6783,1,-1,-1
101,49,1275.51,427.87,21.41,50.55,0.5804,1,-1,-1
101,51,1645.77,477.72,25.34,49.85,0.2140,1,-1,-1
101,53,1727.03,532.39,34.87,79.52,0.6671,1,-1,-1
101,66,1854.54,496.36,30.29,49.07,0.2561,2,-1,-1
101,67,1519.90,500.61,31.99,74.74,0.5955,1,-1,-1
101,68,1315.02,472.59,25.51,68.58,0.6487,1,-1,-1
102,4,1846.67,591.17,55.95,112.75,0.7090,1,-1,-1
102,10,1344.85,493.30,26.66,63.23,0.7033,1,-1,-1
102,13,866.75,447.04,27.08,44.18,0.3268,2,-1,-1
102,20,135.11,458.40,24.58,51.65,0.5215,1,-1,-1
102,23,1396.05,490.27,28.58,80.24,0.6749,1,-1,-1
102,5,777.54,492.36,28.05,73.37,0.6645,1,-1,-1
102,48,1366.83,476.75,29.34,74.82,0.7409,1,-1,-1
102,25,304.13,454.75,28.86,70.77,0.6935,1,-1,-1
102,49,1279.01,428.18,21.15,49.87,0.2798,1,-1,-1
102,51,1651.23,477.51,25.29,49.59,0.3132,1,-1,-1
102,53,1732.01,532.76,35.30,80.12,0.6885,1,-1,-1
102,66,1859.82,497.12,31.58,51.24,0.3099,2,-1,-1
102,67,1526.82,500.59,32.03,74.95,0.5361,1,-1,-1
102,68,1317.83,471.48,27.09,72.74,0.6086,1,-1,-1
102,52,1516.58,501.01,34.16,75.07,0.6215,1,-1,-1
103,4,1861.32,593.63,57.41,116.92,0.7264,1,-1,-1
103,10,1351.01,494.54,26.99,64.25,0.6011,1,-1,-1
103,13,870.41,447.01,27.61,45.51,0.5898,1,-1,-1
103,20,137.33,458.66,24.87,52.19,0.5860,1,-1,-1
103,23,1402.90,490.96,29.07,82.12,0.6433,1,-1,-1
103,5,780.18,493.43,28.00,73.75,0.6540,1,-1,-1
103,48,1373.43,478.29,29.08,74.04,0.6451,1,-1,-1
103,25,304.40,455.40,29.12,70.79,0.6749,1,-1,-1
103,51,1659.48,479.25,25.48,49.94,0.2069,1,-1,-1
103,53,1740.77,535.93,34.63,78.16,0.6783,1,-1,-1
103,66,1868.44,498.03,32.52,52.80,0.2134,1,-1,-1
103,67,1536.80,501.40,31.95,75.46,0.5234,1,-1,-1
103,68,1323.57,472.51,27.42,73.31,0.6540,1,-1,-1
103,52,1523.91,503.63,33.41,73.47,0.5612,1,-1,-1
104,10,1358.42,494.81,26.73,64.25,0.6379,1,-1,-1
104,13,875.68,447.12,27.45,45.48,0.4436,1,-1,-1
104,20,141.61,459.93,24.56,51.76,0.4971,1,-1,-1
104,23,1409.69,487.39,30.72,87.43,0.6619,1,-1,-1
104,5,783.91,494.74,27.83,73.80,0.5651,1,-1,-1
104,48,1380.85,479.30,29.49,74.87,0.6593,1,-1,-1
104,25,305.58,455.83,29.70,71.58,0.6575,1,-1,-1
104,51,1669.80,480.75,25.12,48.26,0.1700,1,-1,-1
104,53,1750.43,538.48,35.05,79.38,0.6918,1,-1,-1
104,67,1538.73,502.70,33.41,76.98,0.6086,1,-1,-1
104,68,1330.44,472.78,27.73,73.60,0.6343,1,-1,-1
104,52,1531.38,505.27,33.35,74.16,0.5029,1,-1,-1
105,10,1363.84,495.87,26.21,63.37,0.6270,1,-1,-1
105,13,879.14,447.03,28.00,46.90,0.4815,1,-1,-1
105,20,144.55,460.78,24.77,52.48,0.6442,1,-1,-1
105,23,1416.08,496.03,28.70,80.87,0.6637,1,-1,-1
105,5,788.31,496.35,27.27,73.12,0.5612,1,-1,-1
105,48,1386.63,479.82,29.94,76.05,0.7001,1,-1,-1
105,25,307.41,456.22,29.56,70.94,0.6067,1,-1,-1
105,51,1677.14,481.92,25.22,47.97,0.1848,2,-1,-1
105,53,1758.45,542.06,33.78,77.27,0.6397,1,-1,-1
105,67,1547.48,503.75,33.41,76.87,0.5293,1,-1,-1
105,68,1336.71,474.96,27.74,73.04,0.6593,1,-1,-1
105,52,1537.79,505.95,33.58,74.92,0.5813,1,-1,-1
105,49,1292.67,429.13,21.94,51.40,0.5400,1,-1,-1
106,10,1370.65,495.12,26.82,65.41,0.5708,1,-1,-1
106,13,884.32,446.55,28.32,47.89,0.4902,1,-1,-1
106,20,148.65,460.46,26.96,55.77,0.1238,1,-1,-1
106,23,1423.81,496.45,28.85,81.55,0.6749,1,-1,-1
106,5,792.10,497.02,27.44,73.25,0.6749,1,-1,-1
106,48,1394.37,481.92,30.03,75.72,0.7050,1,-1,-1
106,25,310.57,457.60,29.63,70.35,0.5273,1,-1,-1
106,53,1769.16,543.97,33.54,77.25,0.7066,1,-1,-1
106,67,1551.45,505.95,33.68,76.65,0.5302,1,-1,-1
106,68,1344.22,476.45,27.70,72.03,0.6628,1,-1,-1
106,52,1544.65,509.13,32.27,73.27,0.1116,1,-1,-1
107,10,1376.38,496.26,26.28,64.39,0.6451,1,-1,-1
107,13,888.47,446.49,28.49,48.61,0.5000,1,-1,-1
107,23,1429.43,496.70,29.35,82.98,0.6740,1,-1,-1
107,5,794.86,497.67,27.67,74.07,0.6487,1,-1,-1
107,48,1400.50,482.51,30.17,76.03,0.7698,1,-1,-1
107,25,311.55,458.51,30.25,70.46,0.6215,1,-1,-1
107,53,1776.00,545.24,33.86,78.23,0.6918,1,-1,-1
107,67,1555.08,506.36,34.49,77.97,0.5448,1,-1,-1
107,68,1349.10,478.47,27.63,71.12,0.6817,1,-1,-1
108,10,1385.32,499.34,25.85,63.14,0.5974,1,-1,-1
108,13,893.57,446.21,28.77,49.35,0.4805,1,-1,-1
108,23,1436.07,496.76,30.37,85.35,0.6567,1,-1,-1
108,5,798.86,498.90,28.13,74.98,0.6179,1,-1,-1
108,48,1408.40,484.23,30.94,77.54,0.6868,1,-1,-1
108,25,314.17,458.60,30.78,70.68,0.6663,1,-1,-1
108,53,1785.58,545.82,35.06,81.07,0.6749,1,-1,-1
108,67,1562.64,509.27,34.24,77.86,0.6215,1,-1,-1
108,68,1356.36,478.85,28.29,71.91,0.6800,1,-1,-1
109,10,1393.32,499.38,26.07,64.05,0.5917,1,-1,-1
109,13,899.87,446.56,28.50,49.35,0.4795,1,-1,-1
109,23,1442.87,495.33,32.33,89.99,0.6843,1,-1,-1
109,5,803.92,500.55,28.01,75.04,0.6252,1,-1,-1
109,48,1416.34,484.89,31.13,77.57,0.6851,1,-1,-1
109,25,318.23,459.12,31.37,71.82,0.4971,1,-1,-1
109,53,1795.87,547.29,35.44,81.89,0.6352,1,-1,-1
109,67,1571.53,511.52,34.45,78.48,0.5917,1,-1,-1
109,68,1363.65,480.16,28.57,72.34,0.6628,1,-1,-1
110,10,1399.19,500.33,26.65,66.07,0.6715,1,-1,-1
110,13,903.75,446.49,28.81,50.23,0.5506,1,-1,-1
110,23,1448.37,498.55,32.42,88.17,0.7074,1,-1,-1
110,5,807.13,501.34,27.66,74.46,0.6415,1,-1,-1
110,48,1423.49,485.53,31.24,77.87,0.7409,1,-1,-1
110,25,321.22,460.12,31.12,70.92,0.5419,1,-1,-1
110,53,1801.67,548.45,35.54,82.69,0.6584,1,-1,-1
110,67,1580.20,510.40,35.68,80.86,0.6558,1,-1,-1
110,68,1369.08,481.54,28.41,71.44,0.6901,1,-1,-1
110,63,1762.21,524.95,36.41,75.10,0.4600,1,-1,-1
111,10,1407.80,502.41,26.44,65.62,0.7033,1,-1,-1
111,13,908.57,446.21,29.28,51.75,0.6289,1,-1,-1
111,23,1457.57,505.58,30.58,81.50,0.7025,1,-1,-1
111,5,810.95,502.67,27.96,75.54,0.5860,1,-1,-1
111,48,1431.86,486.89,31.52,78.35,0.7001,1,-1,-1
111,25,324.32,460.26,31.53,71.78,0.5898,1,-1,-1
111,53,1811.55,550.10,35.45,82.57,0.5870,1,-1,-1
111,67,1589.42,512.30,36.01,81.38,0.6030,1,-1,-1
111,68,1375.89,481.68,29.36,73.47,0.6834,1,-1,-1
111,63,1773.08,525.83,35.02,74.84,0.3234,1,-1,-1
112,10,1413.37,503.04,26.46,66.23,0.6766,1,-1,-1
112,13,912.82,446.65,29.39,52.60,0.5631,1,-1,-1
112,23,1462.25,498.95,34.26,90.26,0.7311,1,-1,-1
112,5,814.47,503.25,28.05,75.97,0.6123,1,-1,-1
112,48,1437.80,488.08,31.63,78.54,0.7642,1,-1,-1
112,25,326.49,461.49,30.81,69.65,0.5098,1,-1,-1
112,53,1818.36,550.88,35.95,83.24,0.6610,1,-1,-1
112,67,1596.66,512.40,36.88,82.60,0.7162,1,-1,-1
112,68,1381.23,481.29,30.22,75.36,0.7272,1,-1,-1
112,63,1781.51,528.24,34.76,77.76,0.5127,1,-1,-1
112,72,1604.32,511.17,34.75,81.65,0.5467,1,-1,-1
112,73,1333.16,432.41,24.33,53.38,0.5409,1,-1,-1
113,10,1421.47,503.30,27.22,68.37,0.6951,1,-1,-1
113,13,918.11,446.50,29.39,53.52,0.6593,1,-1,-1
113,23,1469.42,502.44,34.15,88.51,0.6960,1,-1,-1
113,5,819.44,505.64,27.33,73.61,0.6316,1,-1,-1
113,48,1446.16,490.22,31.92,79.40,0.7628,1,-1,-1
113,25,329.69,462.53,30.81,68.97,0.3905,1,-1,-1
113,53,1828.69,553.20,35.70,83.38,0.6715,1,-1,-1
113,67,1605.89,514.85,37.06,82.79,0.7162,1,-1,-1
113,68,1388.61,483.66,30.02,74.47,0.6663,1,-1,-1
113,63,1794.18,530.99,32.23,74.37,0.5964,1,-1,-1
113,73,1339.01,432.93,24.47,53.66,0.5603,1,-1,-1
114,10,1430.87,504.39,26.97,68.15,0.6951,1,-1,-1
114,13,923.99,446.76,29.09,53.55,0.6030,1,-1,-1
114,23,1477.35,505.47,34.23,87.45,0.7066,1,-1,-1
114,5,823.71,505.61,27.76,75.10,0.6086,1,-1,-1
114,48,1455.53,491.01,31.95,79.25,0.7241,1,-1,-1
114,25,333.28,463.80,31.20,69.71,0.5166,1,-1,-1
114,53,1840.72,556.56,35.04,82.19,0.7098,1,-1,-1
114,67,1617.03,515.85,37.60,83.51,0.6628,1,-1,-1
114,68,1396.79,484.82,30.23,74.87,0.6984,1,-1,-1
114,73,1346.66,433.09,23.73,52.07,0.4766,1,-1,-1
114,75,178.87,464.69,27.13,54.79,0.6868,1,-1,-1
115,10,1436.78,504.50,26.77,68.32,0.6142,1,-1,-1
115,13,928.41,446.98,28.94,53.96,0.6307,1,-1,-1
115,23,1483.09,506.16,35.10,89.30,0.6732,1,-1,-1
115,5,827.07,506.40,27.95,75.49,0.6105,1,-1,-1
115,48,1461.89,491.28,32.08,79.67,0.7130,1,-1,-1
115,25,334.77,464.33,31.98,70.90,0.4902,1,-1,-1
115,53,1849.72,558.28,34.62,81.55,0.7009,1,-1,-1
115,67,1623.63,517.77,37.33,82.92,0.6487,1,-1,-1
115,68,1402.22,487.69,29.50,72.89,0.6663,1,-1,-1
115,73,1352.65,432.93,23.88,52.45,0.3303,1,-1,-1
115,75,181.06,464.14,27.81,56.20,0.6935,1,-1,-1
115,63,1815.70,531.58,31.97,75.81,0.5215,1,-1,-1
116,10,1445.64,506.06,27.09,69.10,0.6160,1,-1,-1
116,13,932.97,447.03,29.60,55.70,0.6575,1,-1,-1
116,23,1492.44,512.69,34.30,86.01,0.6993,1,-1,-1
116,5,830.61,507.82,28.20,75.87,0.6280,1,-1,-1
116,48,1470.24,490.67,32.47,80.67,0.6968,1,-1,-1
116,25,338.78,465.20,32.03,70.56,0.6252,1,-1,-1
116,53,1859.97,560.54,34.17,80.98,0.6628,1,-1,-1
116,67,1633.07,520.07,38.24,84.90,0.5879,1,-1,-1
116,68,1410.01,490.04,29.04,71.54,0.6918,1,-1,-1
116,73,1358.51,433.04,24.43,53.87,0.5879,1,-1,-1
116,75,185.48,465.13,27.81,56.21,0.7146,1,-1,-1
116,63,1829.57,534.93,31.92,77.68,0.5283,1,-1,-1
117,10,1452.71,507.64,26.39,67.99,0.7098,1,-1,-1
117,13,937.20,447.44,29.43,55.83,0.5784,1,-1,-1
117,23,1497.28,508.74,36.12,91.37,0.5612,1,-1,-1
117,5,833.91,509.80,27.96,75.59,0.6049,1,-1,-1
117,48,1477.03,491.02,33.12,82.56,0.6935,1,-1,-1
117,25,341.74,465.08,32.31,70.67,0.6086,1,-1,-1
117,53,1867.72,561.23,34.56,82.33,0.7033,1,-1,-1
117,67,1641.54,520.54,38.73,85.12,0.6325,1,-1,-1
117,68,1416.12,490.67,29.53,72.01,0.6663,1,-1,-1
117,73,1363.40,433.54,24.27,53.63,0.5390,1,-1,-1
117,75,189.24,465.61,27.60,55.78,0.6918,1,-1,-1
117,63,1837.32,535.76,32.88,80.85,0.3812,1,-1,-1
118,10,1461.88,510.91,25.26,65.62,0.6451,1,-1,-1
118,13,942.60,447.64,29.38,56.40,0.6575,1,-1,-1
118,23,1506.22,512.59,35.05,89.09,0.5860,1,-1,-1
118,5,838.90,511.26,28.33,76.32,0.5842,1,-1,-1
118,48,1486.17,493.82,32.38,80.95,0.7114,1,-1,-1
118,25,345.46,465.41,32.45,70.79,0.6197,1,-1,-1
118,53,1879.13,563.46,34.07,81.35,0.7272,1,-1,-1
118,67,1652.25,523.51,38.55,84.02,0.5641,1,-1,-1
118,68,1424.19,492.95,29.15,71.14,0.6049,1,-1,-1
118,73,1370.05,433.86,24.60,54.68,0.6370,1,-1,-1
118,75,194.32,466.00,27.61,55.86,0.6951,1,-1,-1
118,63,1853.42,538.66,29.96,75.02,0.5351,1,-1,-1
119,10,1473.33,512.97,25.47,66.48,0.5127,1,-1,-1
119,13,950.04,448.31,28.84,56.24,0.6984,1,-1,-1
119,23,1515.96,512.93,35.26,90.66,0.6197,1,-1,-1
119,5,844.07,512.86,28.56,76.91,0.6270,1,-1,-1
119,48,1496.76,495.40,31.98,80.08,0.7017,1,-1,-1
119,25,350.22,466.35,32.21,69.94,0.6289,1,-1,-1
119,53,1887.85,564.80,34.22,82.91,0.6424,1,-1,-1
119,67,1665.37,526.08,38.78,83.45,0.5107,1,-1,-1
119,68,1433.95,495.26,28.16,68.32,0.6379,1,-1,-1
119,73,1378.93,433.79,24.47,54.44,0.6011,1,-1,-1
119,75,199.33,465.14,27.89,56.71,0.6968,1,-1,-1
119,63,1868.72,543.18,28.21,71.96,0.4698,1,-1,-1
120,10,1480.65,514.48,25.23,66.18,0.5127,1,-1,-1
120,13,955.31,448.75,28.43,56.34,0.6758,1,-1,-1
120,23,1524.99,513.23,34.94,91.08,0.4206,1,-1,-1
120,5,848.05,513.72,28.87,77.43,0.5651,1,-1,-1
120,48,1505.36,497.50,31.78,79.79,0.6935,1,-1,-1
120,25,353.47,466.76,32.44,69.98,0.6645,1,-1,-1
120,53,1892.63,565.91,33.54,83.35,0.5156,1,-1,-1
120,67,1672.97,528.06,39.00,83.35,0.4446,1,-1,-1
120,68,1440.54,497.28,27.77,66.93,0.6766,1,-1,-1
120,73,1385.23,433.91,24.54,54.92,0.5823,1,-1,-1
120,75,203.68,465.68,27.40,56.10,0.7241,1,-1,-1
120,63,1882.51,545.03,24.43,61.88,0.3812,1,-1,-1
120,86,1539.34,500.54,24.72,73.81,0.6049,1,-1,-1
121,10,1488.84,513.81,25.77,67.36,0.3567,1,-1,-1
121,13,962.54,449.50,28.30,57.00,0.6575,1,-1,-1
121,23,1533.36,513.55,35.52,94.36,0.3576,1,-1,-1
121,5,853.12,514.90,28.94,77.52,0.5670,1,-1,-1
121,48,1515.54,499.09,32.24,80.94,0.6935,1,-1,-1
121,25,357.71,467.60,33.01,70.79,0.7130,1,-1,-1
121,67,1684.90,527.56,41.05,86.90,0.6132,1,-1,-1
121,68,1449.98,497.82,28.51,68.42,0.6766,1,-1,-1
121,73,1393.29,434.17,24.73,55.64,0.6370,1,-1,-1
121,75,209.08,466.67,26.66,55.01,0.6766,1,-1,-1
122,10,1491.43,512.99,27.04,69.30,0.3268,1,-1,-1
122,13,966.90,449.39,28.38,58.01,0.6469,1,-1,-1
122,23,1539.79,513.00,35.09,94.92,0.4659,1,-1,-1
122,5,857.17,515.75,28.97,78.16,0.5195,1,-1,-1
122,48,1521.87,499.38,32.40,81.06,0.7542,1,-1,-1
122,25,360.83,468.48,33.89,72.23,0.7409,1,-1,-1
122,67,1692.66,528.34,41.48,87.43,0.6234,1,-1,-1
122,68,1456.79,497.90,29.54,70.22,0.7287,1,-1,-1
122,73,1398.73,434.19,25.16,56.61,0.4417,1,-1,-1
122,75,213.70,465.93,28.06,58.06,0.6558,1,-1,-1
122,88,1555.15,501.84,29.28,76.58,0.6575,1,-1,-1
123,10,1496.88,508.64,28.40,72.40,0.2644,1,-1,-1
123,13,974.16,449.97,28.21,58.08,0.6325,1,-1,-1
123,23,1549.84,517.52,34.66,94.77,0.4902,1,-1,-1
123,5,862.27,516.20,29.72,79.93,0.6049,1,-1,-1
123,48,1532.17,501.61,32.11,80.06,0.7469,1,-1,-1
123,25,365.40,470.86,33.51,70.91,0.7033,1,-1,-1
123,67,1703.98,530.48,41.73,87.64,0.6105,1,-1,-1
123,68,1465.51,499.73,29.80,70.77,0.7241,1,-1,-1
123,73,1408.13,435.94,23.89,53.62,0.4407,1,-1,-1
123,75,219.45,466.66,28.31,59.17,0.6654,1,-1,-1
123,88,1565.38,503.39,29.00,75.85,0.6918,1,-1,-1
124,10,1506.51,506.54,31.13,79.60,0.2775,1,-1,-1
124,13,981.45,451.63,27.93,57.44,0.5993,1,-1,-1
124,23,1561.47,520.17,34.16,94.71,0.4873,1,-1,-1
124,5,868.46,518.35,29.44,79.43,0.4824,1,-1,-1
124,48,1543.18,501.48,32.43,80.72,0.7628,1,-1,-1
124,25,370.30,473.35,33.58,70.12,0.7001,1,-1,-1
124,67,1716.24,533.74,40.90,85.99,0.6067,1,-1,-1
124,68,1474.98,502.56,30.05,71.11,0.7379,1,-1,-1
124,73,1418.09,437.36,23.21,51.52,0.1476,2,-1,-1
124,75,225.13,465.85,28.88,60.81,0.6067,1,-1,-1
124,88,1580.15,506.95,28.49,74.57,0.6379,1,-1,-1
125,10,1515.78,510.44,29.80,76.27,0.1255,1,-1,-1
125,13,987.02,452.19,27.77,57.64,0.5429,1,-1,-1
125,23,1569.30,528.55,31.73,88.78,0.5390,1,-1,-1
125,5,872.65,520.44,29.03,78.93,0.5029,1,-1,-1
125,48,1551.75,504.01,32.46,81.12,0.6935,1,-1,-1
125,25,373.39,475.53,33.40,68.87,0.6619,1,-1,-1
125,67,1725.39,536.16,40.56,84.88,0.5506,1,-1,-1
125,68,1481.33,502.91,30.95,72.93,0.7225,1,-1,-1
125,73,1425.62,439.50,23.15,51.08,0.2553,2,-1,-1
125,75,229.28,467.00,28.09,59.89,0.6868,1,-1,-1
125,88,1585.57,507.74,28.61,75.02,0.6388,1,-1,-1
126,10,1524.79,505.84,28.68,72.37,0.3260,1,-1,-1
126,13,993.74,452.94,27.50,57.42,0.6593,1,-1,-1
126,23,1579.20,532.50,31.58,88.78,0.4824,1,-1,-1
126,5,877.54,522.75,28.78,78.47,0.5804,1,-1,-1
126,48,1562.40,506.08,32.54,81.22,0.6968,1,-1,-1
126,25,377.38,476.33,33.82,68.65,0.6334,1,-1,-1
126,67,1736.94,537.40,40.60,84.39,0.5746,1,-1,-1
126,68,1489.88,503.92,32.03,74.69,0.7303,1,-1,-1
126,73,1432.91,439.91,23.81,52.38,0.4007,1,-1,-1
126,75,234.52,468.60,27.78,59.32,0.5583,1,-1,-1
126,88,1597.37,510.01,28.29,74.28,0.6142,1,-1,-1
127,10,1531.59,503.51,28.42,72.01,0.2063,1,-1,-1
127,13,998.97,454.05,27.26,57.11,0.5746,1,-1,-1
127,23,1586.25,527.30,33.44,94.48,0.4600,1,-1,-1
127,5,881.27,524.41,28.46,78.10,0.5525,1,-1,-1
127,48,1569.55,506.92,32.82,81.80,0.7656,1,-1,-1
127,67,1744.92,537.38,41.90,85.86,0.5332,1,-1,-1
127,68,1496.73,505.38,32.16,74.49,0.7820,1,-1,-1
127,73,1439.10,439.89,23.68,52.15,0.4932,1,-1,-1
127,75,240.30,470.02,27.65,58.67,0.6370,1,-1,-1
127,88,1606.63,510.76,28.29,74.43,0.6593,1,-1,-1
128,13,1004.66,454.42,27.40,57.79,0.6766,1,-1,-1
128,23,1596.45,532.78,32.84,92.13,0.5689,1,-1,-1
128,5,885.94,525.22,28.90,78.57,0.6252,1,-1,-1
128,48,1578.87,508.18,33.51,83.08,0.7820,1,-1,-1
128,67,1757.19,538.25,43.31,88.09,0.5583,1,-1,-1
128,68,1506.25,507.52,32.32,73.74,0.7656,1,-1,-1
128,73,1449.28,441.79,22.70,49.63,0.3961,1,-1,-1
128,75,244.78,471.19,27.14,57.62,0.5622,1,-1,-1
128,88,1618.21,512.32,29.03,76.21,0.7409,1,-1,-1
129,13,1013.11,454.99,27.29,58.32,0.5860,1,-1,-1
129,23,1608.15,536.33,31.73,88.04,0.5254,1,-1,-1
129,5,891.10,526.45,29.10,79.29,0.6415,1,-1,-1
129,48,1590.68,509.66,33.76,83.33,0.7409,1,-1,-1
129,67,1769.78,541.93,43.06,86.99,0.5409,1,-1,-1
129,68,1516.18,509.82,33.05,74.28,0.7628,1,-1,-1
129,73,1459.90,442.42,21.59,46.48,0.3711,1,-1,-1
129,75,250.93,472.35,27.70,58.56,0.6522,1,-1,-1
129,88,1629.52,514.59,29.28,77.08,0.6522,1,-1,-1
129,25,389.62,478.06,34.35,68.55,0.6567,1,-1,-1
130,13,1018.24,455.47,27.45,59.00,0.6049,1,-1,-1
130,23,1614.71,535.98,34.29,94.38,0.5506,1,-1,-1
130,5,895.65,526.82,29.59,80.15,0.6270,1,-1,-1
130,48,1600.36,512.24,33.58,82.41,0.7082,1,-1,-1
130,67,1776.82,543.70,43.50,88.11,0.3260,1,-1,-1
130,68,1522.85,510.59,34.08,75.80,0.7886,1,-1,-1
130,73,1467.17,442.70,20.50,43.85,0.4254,1,-1,-1
130,75,255.00,472.66,28.25,59.31,0.6397,1,-1,-1
130,88,1638.52,515.64,29.38,77.05,0.6984,1,-1,-1
130,25,391.81,478.59,34.44,67.94,0.5545,1,-1,-1
131,13,1025.46,456.70,27.28,59.07,0.6469,1,-1,-1
131,23,1624.21,541.27,34.08,92.87,0.5020,1,-1,-1
131,5,900.33,527.49,29.82,80.94,0.6215,1,-1,-1
131,48,1611.80,514.33,34.07,83.13,0.6593,1,-1,-1
131,67,1788.48,545.69,44.54,89.99,0.5708,1,-1,-1
131,68,1533.04,513.23,33.96,75.02,0.7766,1,-1,-1
131,73,1475.84,443.67,20.49,43.42,0.5487,1,-1,-1
131,75,259.90,473.66,28.34,58.99,0.6800,1,-1,-1
131,88,1648.98,516.85,30.07,79.08,0.7349,1,-1,-1
131,25,396.34,479.00,35.74,69.42,0.6334,1,-1,-1
132,13,1030.32,458.01,27.28,59.11,0.5361,1,-1,-1
132,23,1632.10,541.38,34.42,93.30,0.4980,1,-1,-1
132,5,903.98,531.30,29.01,78.80,0.5176,1,-1,-1
132,48,1619.04,514.90,35.35,85.52,0.6951,1,-1,-1
132,67,1797.83,546.26,45.56,91.67,0.5784,1,-1,-1
132,68,1539.91,514.61,34.20,75.41,0.7439,1,-1,-1
132,73,1481.63,442.41,21.91,45.87,0.3961,1,-1,-1
132,75,264.36,474.13,28.89,59.41,0.6834,1,-1,-1
132,88,1656.22,518.83,30.52,80.04,0.6697,1,-1,-1
132,25,399.46,478.88,37.34,71.52,0.6370,1,-1,-1
133,13,1037.65,458.74,27.43,59.66,0.4932,1,-1,-1
133,23,1643.37,541.85,33.99,91.53,0.5554,1,-1,-1
133,5,908.63,534.28,28.93,78.22,0.5746,1,-1,-1
133,48,1628.60,517.11,35.57,85.68,0.6732,1,-1,-1
133,67,1808.50,549.15,46.11,92.56,0.5448,1,-1,-1
133,68,1549.01,515.11,35.54,78.02,0.7542,1,-1,-1
133,73,1489.47,443.08,24.21,51.14,0.4922,1,-1,-1
133,75,268.92,475.08,28.54,58.76,0.6584,1,-1,-1
133,88,1668.37,520.83,30.61,79.61,0.7066,1,-1,-1
133,25,403.18,479.01,37.33,71.23,0.5670,1,-1,-1
134,13,1045.63,459.68,27.79,60.06,0.5146,1,-1,-1
134,23,1655.01,543.30,33.04,88.21,0.4668,1,-1,-1
134,5,916.68,551.33,24.02,63.53,0.4971,1,-1,-1
134,48,1641.71,518.83,36.07,85.98,0.6179,1,-1,-1
134,67,1820.80,552.18,47.41,94.45,0.5477,1,-1,-1
134,68,1560.30,517.54,35.40,77.84,0.8062,1,-1,-1
134,73,1499.92,444.41,22.78,47.83,0.3234,1,-1,-1
134,75,274.85,475.08,28.61,58.66,0.7194,1,-1,-1
134,88,1681.74,522.51,31.33,80.72,0.7130,1,-1,-1
134,25,408.85,480.20,38.61,72.97,0.7042,1,-1,-1
135,13,1050.08,460.45,28.18,60.80,0.5879,1,-1,-1
135,23,1663.12,543.61,33.66,89.22,0.5689,1,-1,-1
135,5,918.57,539.56,27.66,74.35,0.5107,1,-1,-1
135,48,1650.55,519.83,36.57,86.09,0.6469,1,-1,-1
135,67,1829.76,554.08,48.06,94.89,0.6487,1,-1,-1
135,68,1568.37,518.92,35.31,77.80,0.8038,1,-1,-1
135,73,1507.61,443.33,23.28,48.92,0.3407,1,-1,-1
135,75,278.44,475.23,28.37,58.61,0.7241,1,-1,-1
135,88,1690.27,523.71,31.75,81.72,0.7114,1,-1,-1
135,25,411.88,480.56,39.38,74.47,0.6792,1,-1,-1
136,13,1057.72,461.65,29.11,61.71,0.5429,1,-1,-1
136,23,1673.99,539.62,35.10,93.89,0.5078,1,-1,-1
136,5,922.28,536.46,29.45,79.56,0.5574,1,-1,-1
136,48,1661.72,522.50,37.34,86.61,0.6234,1,-1,-1
136,67,1845.00,556.03,50.16,97.22,0.5293,1,-1,-1
136,68,1579.06,520.86,35.77,78.78,0.7873,1,-1,-1
136,75,283.99,475.84,28.18,58.37,0.6817,1,-1,-1
136,88,1704.05,523.90,32.92,83.91,0.6732,1,-1,-1
136,25,416.80,480.43,38.17,72.04,0.2950,1,-1,-1
137,13,1063.60,462.46,29.07,61.59,0.5273,1,-1,-1
137,23,1683.12,544.33,33.57,89.93,0.4475,1,-1,-1
137,5,925.23,536.15,30.14,81.85,0.4727,1,-1,-1
137,48,1671.90,524.42,36.32,83.92,0.5908,1,-1,-1
137,67,1854.58,557.90,51.03,97.61,0.5020,1,-1,-1
137,68,1586.46,521.72,35.86,79.31,0.7684,1,-1,-1
137,75,288.54,476.50,27.91,58.19,0.7194,1,-1,-1
137,88,1712.12,525.63,33.19,84.35,0.7241,1,-1,-1
137,25,419.78,480.66,38.48,72.53,0.5535,1,-1,-1
138,13,1071.90,463.42,29.07,61.47,0.5068,1,-1,-1
138,23,1694.91,545.11,34.07,92.77,0.5438,1,-1,-1
138,5,930.91,537.25,31.19,84.46,0.5448,1,-1,-1
138,48,1683.14,526.16,38.35,87.30,0.6011,1,-1,-1
138,67,1868.31,560.05,50.64,97.03,0.6243,1,-1,-1
138,68,1597.68,522.29,36.80,81.69,0.7684,1,-1,-1
138,75,295.16,477.72,27.26,56.99,0.7162,1,-1,-1
138,88,1725.63,528.79,33.17,83.99,0.7017,1,-1,-1
138,25,425.44,480.84,38.34,72.10,0.6142,1,-1,-1
139,13,1081.83,464.51,29.37,61.90,0.4990,1,-1,-1
139,23,1710.33,550.43,33.17,91.12,0.5215,1,-1,-1
139,5,937.75,538.86,31.33,85.14,0.4311,1,-1,-1
139,48,1696.74,527.85,39.38,89.41,0.5917,1,-1,-1
139,67,1881.47,566.06,46.47,92.04,0.3007,1,-1,-1
139,68,1611.13,524.69,36.65,81.66,0.7439,1,-1,-1
139,75,303.23,478.37,27.44,57.38,0.7684,1,-1,-1
139,88,1741.16,531.33,33.32,84.70,0.7334,1,-1,-1
139,25,432.43,480.75,39.93,74.96,0.6132,1,-1,-1
140,13,1088.29,465.64,29.09,61.94,0.6105,1,-1,-1
140,23,1721.37,551.99,33.07,91.74,0.3794,1,-1,-1
140,5,942.76,539.78,31.72,86.52,0.6215,1,-1,-1
140,48,1707.18,529.47,39.46,88.90,0.4971,1,-1,-1
140,68,1621.16,527.11,36.17,80.81,0.7614,1,-1,-1
140,75,307.87,477.43,28.12,58.87,0.7241,1,-1,-1
140,88,1753.29,533.46,33.62,85.73,0.7225,1,-1,-1
140,25,437.05,481.06,39.87,74.86,0.6663,1,-1,-1
141,13,1098.00,466.02,29.12,62.79,0.6637,1,-1,-1
141,23,1735.98,554.46,33.38,92.77,0.5458,1,-1,-1
141,5,949.94,543.91,31.00,84.07,0.5603,1,-1,-1
141,48,1723.39,531.12,38.97,87.25,0.5506,1,-1,-1
141,68,1634.75,529.45,36.50,81.55,0.7520,1,-1,-1
141,75,316.23,478.53,27.83,58.08,0.7691,1,-1,-1
141,88,1769.02,535.55,33.69,86.17,0.7098,1,-1,-1
141,25,443.93,480.74,40.34,76.08,0.4844,1,-1,-1
142,13,1105.72,466.67,28.74,62.52,0.6893,1,-1,-1
142,23,1745.80,559.31,33.88,95.48,0.5244,1,-1,-1
142,5,955.32,545.07,31.27,84.25,0.5955,1,-1,-1
142,48,1732.20,532.84,40.88,91.04,0.5107,1,-1,-1
142,68,1644.20,530.27,36.94,83.10,0.7447,1,-1,-1
142,75,321.79,478.04,28.49,59.52,0.7614,1,-1,-1
142,88,1780.10,537.40,33.73,86.89,0.6984,1,-1,-1
142,25,449.59,481.42,39.64,74.63,0.5823,1,-1,-1
143,13,1114.16,467.38,29.24,63.66,0.6610,1,-1,-1
143,23,1761.64,558.04,35.59,101.80,0.3942,1,-1,-1
143,5,964.12,562.64,26.80,69.21,0.5467,1,-1,-1
143,48,1749.05,535.54,41.13,90.58,0.4990,1,-1,-1
143,68,1658.37,533.22,36.39,82.29,0.7454,1,-1,-1
143,75,330.53,479.40,27.79,58.38,0.7402,1,-1,-1
143,88,1796.94,540.25,33.78,87.18,0.6834,1,-1,-1
143,25,456.72,482.04,40.78,76.60,0.4668,1,-1,-1
144,13,1125.67,468.78,29.49,64.02,0.5936,1,-1,-1
144,23,1778.49,558.41,36.54,106.11,0.5467,1,-1,-1
144,5,970.68,561.38,29.07,72.71,0.6105,1,-1,-1
144,48,1767.05,538.50,41.28,91.02,0.4785,1,-1,-1
144,68,1674.79,536.54,36.13,81.72,0.7753,1,-1,-1
144,75,339.68,480.42,27.77,58.29,0.7853,1,-1,-1
144,88,1816.78,543.51,33.76,86.23,0.6860,1,-1,-1
144,25,464.12,482.61,40.59,75.75,0.5390,1,-1,-1
145,13,1133.00,469.43,29.51,64.51,0.6469,1,-1,-1
145,23,1790.49,558.58,37.22,109.82,0.5612,1,-1,-1
145,5,974.10,554.74,33.20,81.85,0.5879,1,-1,-1
145,48,1777.40,540.35,42.22,94.10,0.3495,1,-1,-1
145,68,1685.48,538.59,36.34,82.83,0.7571,1,-1,-1
145,75,345.80,481.41,27.23,57.32,0.7684,1,-1,-1
145,88,1829.45,545.70,34.31,87.89,0.6901,1,-1,-1
145,25,470.27,482.83,39.30,73.28,0.3757,1,-1,-1
146,13,1143.63,471.24,29.32,64.06,0.6049,1,-1,-1
146,23,1808.94,565.98,35.59,106.46,0.5467,1,-1,-1
146,5,983.92,574.64,27.48,64.15,0.4844,1,-1,-1
146,48,1798.11,544.43,38.96,86.28,0.5215,1,-1,-1
146,68,1700.61,541.63,36.27,82.90,0.7527,1,-1,-1
146,75,353.76,482.28,26.90,57.25,0.7402,1,-1,-1
146,88,1847.75,548.27,35.00,89.32,0.6469,1,-1,-1
146,25,474.70,484.30,38.29,72.49,0.2613,1,-1,-1
147,13,1151.77,473.23,28.56,62.38,0.5516,1,-1,-1
147,23,1821.10,568.46,35.11,106.02,0.5127,1,-1,-1
147,5,986.65,559.48,34.66,81.37,0.5049,1,-1,-1
147,48,1812.81,546.73,37.11,82.18,0.5000,1,-1,-1
147,68,1711.49,543.49,36.34,83.60,0.7439,1,-1,-1
147,75,360.37,483.07,26.86,57.19,0.7491,1,-1,-1
147,88,1860.02,550.86,34.78,88.51,0.6379,1,-1,-1
147,25,480.08,484.37,39.20,73.96,0.3675,1,-1,-1
148,13,1161.39,474.09,29.47,64.06,0.5974,1,-1,-1
148,23,1837.62,576.32,34.03,103.19,0.5746,1,-1,-1
148,5,995.71,568.13,32.88,75.47,0.6105,1,-1,-1
148,48,1829.33,548.92,37.99,83.94,0.4292,1,-1,-1
148,68,1727.03,546.23,36.38,83.85,0.7372,1,-1,-1
148,75,369.19,483.26,26.93,57.79,0.6968,1,-1,-1
148,88,1878.44,553.62,34.11,86.33,0.6397,1,-1,-1
148,25,486.10,485.26,38.92,73.53,0.5516,1,-1,-1
149,13,1172.69,475.83,29.84,64.52,0.5438,1,-1,-1
149,23,1856.67,582.19,33.35,102.03,0.4523,1,-1,-1
149,5,1002.81,561.55,36.68,84.73,0.5879,1,-1,-1
149,48,1850.06,551.48,35.56,78.54,0.4263,1,-1,-1
149,68,1743.38,548.46,37.08,85.67,0.7001,1,-1,-1
149,75,378.58,483.71,26.38,57.41,0.7025,1,-1,-1
149,88,1889.47,555.24,35.41,91.82,0.2415,1,-1,-1
149,25,490.76,486.41,38.30,73.42,0.2697,1,-1,-1
150,13,1180.95,476.96,29.98,64.50,0.5765,1,-1,-1
150,23,1868.89,585.15,33.65,102.97,0.3739,1,-1,-1
150,5,1011.16,572.53,33.12,75.79,0.5205,1,-1,-1
150,48,1865.21,554.70,34.19,75.94,0.4737,1,-1,-1
150,68,1755.30,550.69,37.17,85.83,0.7476,1,-1,-1
150,75,384.82,483.99,26.42,57.97,0.6826,1,-1,-1
150,25,494.67,487.03,37.98,73.83,0.4017,1,-1,-1
151,13,1192.74,478.46,30.36,65.24,0.5889,1,-1,-1
151,23,1882.83,577.66,37.77,117.55,0.1981,1,-1,-1
151,5,1017.19,567.21,36.61,84.52,0.6179,1,-1,-1
151,48,1882.26,557.08,34.92,78.40,0.3217,1,-1,-1
151,68,1771.13,551.54,38.31,88.86,0.7409,1,-1,-1
151,75,392.82,483.74,26.83,59.07,0.6697,1,-1,-1
151,25,504.31,487.88,38.37,73.34,0.5879,1,-1,-1
152,13,1200.78,479.76,30.20,64.46,0.6663,1,-1,-1
152,23,1891.80,583.41,36.85,118.32,0.1034,1,-1,-1
152,5,1021.51,564.13,38.56,89.58,0.6039,1,-1,-1
152,48,1894.94,557.46,32.98,77.16,0.4064,1,-1,-1
152,68,1782.66,553.25,38.10,88.19,0.7280,1,-1,-1
152,75,398.14,483.66,27.01,59.62,0.6645,1,-1,-1
152,25,508.63,488.89,38.19,72.41,0.5361,1,-1,-1
152,98,1847.58,573.72,33.72,85.50,0.6160,1,-1,-1
153,13,1211.49,481.18,31.74,67.43,0.5842,1,-1,-1
153,5,1030.76,569.08,37.25,87.00,0.6352,1,-1,-1
153,68,1798.78,557.05,38.37,88.90,0.7225,1,-1,-1
153,75,405.95,484.29,26.85,59.20,0.6270,1,-1,-1
153,25,513.73,490.12,37.32,70.82,0.4766,1,-1,-1
154,13,1221.93,482.78,32.30,68.20,0.6610,1,-1,-1
154,5,1041.56,577.70,34.80,81.24,0.5908,1,-1,-1
154,68,1817.35,561.13,37.58,86.94,0.7033,1,-1,-1
154,75,415.02,485.23,26.70,58.64,0.6800,1,-1,-1
154,25,518.99,491.49,37.08,71.02,0.3612,1,-1,-1
155,13,1230.31,484.12,32.97,69.06,0.6522,1,-1,-1
155,5,1045.49,572.60,37.77,88.74,0.5254,1,-1,-1
155,68,1829.76,563.92,38.46,89.34,0.6549,1,-1,-1
155,75,420.61,485.67,26.47,58.17,0.6663,1,-1,-1
155,100,1895.63,585.36,27.45,81.45,0.5166,1,-1,-1
156,13,1240.95,485.23,33.16,69.25,0.6424,1,-1,-1
156,5,1054.36,577.07,37.04,87.71,0.6289,1,-1,-1
156,75,428.66,486.38,26.75,58.27,0.7017,1,-1,-1
156,98,1851.46,570.31,33.89,85.64,0.7009,1,-1,-1
157,13,1248.62,486.43,32.98,68.56,0.6593,1,-1,-1
157,5,1061.40,579.72,36.79,87.04,0.4854,1,-1,-1
157,75,434.23,486.98,27.01,58.49,0.6749,1,-1,-1
157,68,1853.92,566.91,40.57,93.75,0.5370,1,-1,-1
158,13,1259.27,488.45,32.38,66.36,0.3831,1,-1,-1
158,5,1073.29,604.11,28.86,65.23,0.5351,1,-1,-1
158,75,441.80,488.71,26.96,58.01,0.6575,1,-1,-1
159,13,1270.72,489.53,32.92,66.91,0.5993,1,-1,-1
159,5,1082.11,606.15,29.39,65.39,0.4007,1,-1,-1
159,75,449.56,488.78,28.02,59.82,0.7066,1,-1,-1
160,13,1280.71,491.52,32.97,65.72,0.3657,1,-1,-1
160,5,1084.96,597.97,33.99,76.16,0.4610,1,-1,-1
160,75,455.26,488.21,29.51,61.77,0.6868,1,-1,-1
161,5,1089.25,587.66,39.10,89.60,0.5166,1,-1,-1
161,75,464.47,490.40,27.97,58.85,0.5784,1,-1,-1
162,5,1096.65,596.13,36.84,83.81,0.4130,1,-1,-1
162,75,470.00,491.92,28.03,59.21,0.6697,1,-1,-1
163,5,1103.23,589.22,40.55,93.61,0.6567,1,-1,-1
163,75,476.97,491.78,28.90,60.65,0.6851,1,-1,-1
163,25,569.97,497.41,38.47,72.32,0.6575,1,-1,-1
163,13,1317.05,494.86,33.60,68.18,0.4902,1,-1,-1
164,5,1108.97,587.54,41.30,98.04,0.4717,1,-1,-1
164,75,485.55,492.80,29.08,60.61,0.5983,1,-1,-1
164,25,574.75,497.93,39.02,72.55,0.6225,1,-1,-1
164,13,1330.66,496.99,33.04,67.82,0.5254,1,-1,-1
165,5,1114.04,586.61,42.28,102.39,0.5049,1,-1,-1
165,75,491.58,493.53,29.01,60.22,0.7066,1,-1,-1
165,25,577.66,498.01,39.50,73.47,0.7033,1,-1,-1
165,13,1338.99,497.92,33.07,68.18,0.4893,1,-1,-1
166,5,1123.50,591.04,41.37,100.53,0.6151,1,-1,-1
166,75,499.77,494.70,30.09,61.95,0.6451,1,-1,-1
166,25,582.43,496.88,40.42,75.95,0.3831,1,-1,-1
166,13,1350.66,499.59,33.87,69.68,0.4455,1,-1,-1
167,5,1129.57,594.65,40.35,99.46,0.5784,1,-1,-1
167,75,505.66,494.85,31.19,64.10,0.6593,1,-1,-1
167,25,588.03,497.89,39.56,75.69,0.3065,1,-1,-1
167,13,1359.65,500.69,34.15,70.01,0.4785,1,-1,-1
168,5,1136.87,596.67,40.59,100.67,0.5583,1,-1,-1
168,75,513.38,496.02,31.28,64.29,0.6984,1,-1,-1
168,25,594.11,497.75,40.33,78.88,0.4678,1,-1,-1
168,13,1372.50,502.74,33.78,69.71,0.4054,1,-1,-1
169,5,1148.65,603.33,39.32,98.70,0.6114,1,-1,-1
169,75,523.30,497.11,30.93,63.52,0.6749,1,-1,-1
169,13,1387.57,506.28,33.22,68.63,0.2127,1,-1,-1
170,5,1155.33,602.92,40.22,102.27,0.5699,1,-1,-1
170,75,530.16,497.37,30.78,63.14,0.6593,1,-1,-1
170,13,1397.62,506.35,34.18,71.03,0.4235,1,-1,-1
171,5,1164.85,604.52,40.67,104.69,0.6206,1,-1,-1
171,75,539.90,497.84,30.61,63.01,0.7146,1,-1,-1
171,13,1411.78,508.46,34.36,71.53,0.4436,1,-1,-1
172,5,1172.89,607.85,39.87,104.70,0.4854,1,-1,-1
172,75,546.84,498.88,30.35,62.73,0.6935,1,-1,-1
172,13,1421.81,508.23,35.67,74.64,0.3522,1,-1,-1
172,25,621.33,499.13,40.33,81.24,0.4504,1,-1,-1
173,5,1182.60,608.53,40.53,107.42,0.6424,1,-1,-1
173,75,556.91,499.83,30.65,63.65,0.7454,1,-1,-1
173,13,1437.48,510.50,35.84,74.92,0.1352,1,-1,-1
173,25,630.89,499.82,38.65,79.49,0.6593,1,-1,-1
174,5,1194.56,613.74,40.03,108.58,0.4717,1,-1,-1
174,75,567.51,500.30,30.27,63.49,0.7287,1,-1,-1
174,13,1452.61,511.12,37.34,77.85,0.4378,1,-1,-1
174,25,640.66,500.38,37.43,78.30,0.6379,1,-1,-1
175,5,1202.28,614.41,40.70,112.25,0.7042,1,-1,-1
175,75,576.06,501.06,30.13,63.18,0.7498,1,-1,-1
175,13,1464.90,512.54,37.67,78.72,0.2736,1,-1,-1
175,25,647.50,502.00,36.20,77.27,0.6575,1,-1,-1
176,5,1213.00,617.97,40.81,113.78,0.6549,1,-1,-1
176,75,586.07,501.95,30.21,63.59,0.7793,1,-1,-1
176,13,1478.56,514.80,38.43,80.09,0.6225,1,-1,-1
176,25,656.30,503.79,35.53,76.38,0.7146,1,-1,-1
177,5,1222.48,620.76,41.08,114.96,0.6758,1,-1,-1
177,75,592.79,502.04,30.54,64.74,0.7571,1,-1,-1
177,13,1489.78,516.73,39.29,81.73,0.5775,1,-1,-1
177,25,662.60,504.67,35.15,76.45,0.7114,1,-1,-1
177,106,52.82,159.78,317.20,124.01,0.4873,9,-1,-1
178,5,1233.00,623.05,41.66,117.41,0.7186,1,-1,-1
178,75,602.83,503.03,30.98,65.80,0.7635,1,-1,-1
178,13,1504.09,518.61,39.66,82.38,0.5679,1,-1,-1
178,25,671.33,505.91,34.75,76.68,0.6628,1,-1,-1
178,106,70.32,157.12,335.40,131.14,0.1120,9,-1,-1
179,5,1244.85,627.93,41.35,117.88,0.6077,1,-1,-1
179,75,613.52,503.97,30.77,65.69,0.7217,1,-1,-1
179,13,1520.82,521.33,39.72,82.35,0.4102,1,-1,-1
179,25,680.82,507.68,33.99,75.53,0.6951,1,-1,-1
179,106,97.46,159.60,312.46,121.95,0.4494,9,-1,-1
180,5,1252.47,629.97,41.31,119.26,0.6893,1,-1,-1
180,75,620.19,504.76,30.38,65.30,0.7233,1,-1,-1
180,13,1531.63,522.13,40.92,84.31,0.6352,1,-1,-1
180,25,687.72,508.90,33.22,74.60,0.6749,1,-1,-1
180,106,106.63,159.32,311.12,121.33,0.5487,9,-1,-1
181,5,1263.42,633.75,41.06,119.83,0.7186,1,-1,-1
181,75,629.97,505.61,30.12,64.92,0.6160,1,-1,-1
181,13,1548.12,524.48,41.54,85.98,0.4036,1,-1,-1
181,25,696.29,510.16,32.92,74.92,0.6602,1,-1,-1
182,5,1271.64,636.20,41.14,121.23,0.6926,1,-1,-1
182,75,636.19,506.72,29.57,63.73,0.6868,1,-1,-1
182,13,1561.43,526.14,41.68,86.87,0.5254,1,-1,-1
182,25,701.79,510.18,33.00,75.63,0.6261,1,-1,-1
183,5,1282.75,640.56,41.33,121.28,0.7866,1,-1,-1
183,75,646.02,508.14,29.18,63.17,0.6860,1,-1,-1
183,13,1580.04,529.34,40.87,85.86,0.1938,1,-1,-1
183,25,711.02,511.30,33.08,76.45,0.5593,1,-1,-1
183,106,132.31,157.82,321.97,126.50,0.6132,9,-1,-1
184,5,1295.40,645.61,41.27,121.39,0.6843,1,-1,-1
184,75,657.39,509.04,29.36,63.95,0.7766,1,-1,-1
184,13,1598.55,533.97,40.43,85.88,0.2147,1,-1,-1
184,25,720.71,512.79,32.69,76.08,0.6188,1,-1,-1
184,106,144.76,158.62,334.57,132.77,0.1052,9,-1,-1
185,5,1303.40,648.12,41.97,123.15,0.7138,1,-1,-1
185,75,664.39,509.56,29.38,64.27,0.6558,1,-1,-1
185,13,1611.64,536.18,40.59,86.62,0.3585,1,-1,-1
185,25,727.27,513.24,32.60,75.92,0.4036,1,-1,-1
185,106,155.13,160.64,332.11,133.30,0.1389,9,-1,-1
186,5,1314.77,652.38,41.76,123.66,0.7138,1,-1,-1
186,75,673.66,512.06,28.57,61.88,0.5020,1,-1,-1
186,13,1628.72,537.57,41.14,87.89,0.4417,1,-1,-1
186,25,736.67,514.38,32.84,76.36,0.3757,1,-1,-1
186,106,177.91,156.94,339.95,137.22,0.1495,9,-1,-1
187,5,1321.32,654.64,42.08,125.37,0.7090,1,-1,-1
187,75,680.38,513.17,28.82,61.91,0.6307,1,-1,-1
187,13,1639.99,539.87,40.60,87.08,0.2744,1,-1,-1
187,25,742.24,514.63,33.63,78.60,0.1005,1,-1,-1
187,106,188.34,159.58,328.15,133.79,0.2576,9,-1,-1
188,5,1331.33,659.14,42.56,125.84,0.7677,1,-1,-1
188,75,689.33,513.30,30.07,63.65,0.5898,1,-1,-1
188,13,1656.71,542.40,41.46,88.59,0.6478,1,-1,-1
188,25,749.97,515.10,34.86,81.50,0.2830,1,-1,-1
188,106,200.12,157.25,333.73,137.60,0.1059,9,-1,-1
189,5,1345.26,664.34,42.87,126.63,0.7249,1,-1,-1
189,75,699.35,514.17,30.70,63.85,0.1865,1,-1,-1
189,13,1676.21,545.13,42.05,89.38,0.1160,1,-1,-1
190,5,1354.02,667.23,43.80,128.29,0.7663,1,-1,-1
190,13,1690.55,546.54,42.83,90.74,0.4206,1,-1,-1
190,106,246.17,163.16,311.28,128.05,0.4854,9,-1,-1
191,5,1365.97,671.59,44.22,130.11,0.7387,1,-1,-1
191,13,1709.67,549.67,43.43,91.53,0.2193,1,-1,-1
191,106,255.63,164.22,310.13,128.70,0.3840,9,-1,-1
192,5,1375.92,675.34,44.02,130.44,0.7535,1,-1,-1
192,13,1722.02,552.52,44.27,92.15,0.4187,1,-1,-1
193,5,1388.50,679.76,44.04,131.79,0.7295,1,-1,-1
193,13,1738.41,556.61,44.96,92.33,0.4092,1,-1,-1
194,5,1401.58,685.56,44.64,133.03,0.6860,1,-1,-1
194,13,1757.62,561.30,46.06,92.54,0.3032,1,-1,-1
194,106,298.03,163.87,308.47,129.47,0.6343,9,-1,-1
195,5,1411.66,689.89,44.69,132.82,0.6826,1,-1,-1
195,13,1770.73,564.30,48.32,96.14,0.3748,1,-1,-1
195,106,310.43,164.35,299.42,126.75,0.3831,9,-1,-1
196,5,1425.64,694.04,46.62,135.53,0.7233,1,-1,-1
196,13,1789.68,567.64,52.64,102.98,0.3090,1,-1,-1
196,106,330.20,165.73,300.28,127.18,0.5477,9,-1,-1
196,25,815.46,519.22,37.38,88.65,0.4707,1,-1,-1
197,5,1432.22,697.96,47.06,135.43,0.7233,1,-1,-1
197,13,1809.74,570.10,52.09,102.51,0.1624,1,-1,-1
197,106,342.94,165.36,297.92,126.31,0.2886,9,-1,-1
197,25,822.48,519.83,36.55,87.46,0.1403,1,-1,-1
198,5,1444.47,701.07,49.64,139.15,0.7280,1,-1,-1
198,106,361.68,167.59,295.83,124.94,0.7349,9,-1,-1
198,25,832.23,520.68,36.38,87.29,0.6406,1,-1,-1
198,75,778.16,522.75,33.66,65.88,0.6289,1,-1,-1
199,5,1457.13,707.67,50.82,140.30,0.7058,1,-1,-1
199,106,374.35,166.99,298.54,126.47,0.2037,9,-1,-1
199,25,843.03,520.14,37.19,89.85,0.6307,1,-1,-1
199,75,788.17,524.72,34.53,65.61,0.6749,1,-1,-1
200,5,1468.10,712.46,51.96,140.81,0.7295,1,-1,-1
200,106,384.28,168.85,291.90,123.68,0.1795,9,-1,-1
200,25,850.71,520.96,37.71,91.25,0.5380,1,-1,-1
200,75,795.96,524.41,35.92,66.91,0.5974,1,-1,-1
201,5,1483.81,716.95,54.37,143.30,0.7186,1,-1,-1
201,106,401.25,167.37,296.75,125.65,0.4465,9,-1,-1
201,25,861.54,523.76,37.12,89.51,0.7295,1,-1,-1
201,75,805.16,524.80,36.89,68.73,0.7527,1,-1,-1
202,5,1492.60,721.43,54.73,143.44,0.7326,1,-1,-1
202,106,414.73,166.70,299.91,126.60,0.1180,9,-1,-1
202,25,868.89,526.15,37.06,88.00,0.6424,1,-1,-1
202,75,813.46,526.27,36.46,67.49,0.7090,1,-1,-1
203,5,1507.27,726.36,56.76,146.24,0.7202,1,-1,-1
203,106,427.10,166.92,299.56,126.47,0.4054,9,-1,-1
203,25,879.10,528.37,38.23,88.94,0.6049,1,-1,-1
203,75,823.91,527.20,36.69,68.18,0.7303,1,-1,-1
204,5,1519.56,734.88,56.84,146.08,0.7447,1,-1,-1
204,25,886.71,529.57,39.17,91.21,0.5322,1,-1,-1
204,75,834.58,528.02,36.92,68.87,0.7106,1,-1,-1
205,5,1529.75,739.48,58.15,148.27,0.7138,1,-1,-1
205,25,894.83,530.66,40.11,91.89,0.3684,1,-1,-1
205,75,841.91,528.84,37.12,68.89,0.7042,1,-1,-1
206,5,1543.52,746.54,58.98,148.67,0.7264,1,-1,-1
206,25,904.29,532.88,40.73,91.55,0.5234,1,-1,-1
206,75,851.45,530.43,37.49,69.29,0.7130,1,-1,-1
207,5,1554.92,749.96,60.91,150.65,0.7326,1,-1,-1
207,25,910.25,534.71,41.12,91.09,0.5917,1,-1,-1
207,75,857.60,531.68,37.39,69.34,0.7280,1,-1,-1
208,5,1570.45,756.91,62.78,153.26,0.7356,1,-1,-1
208,25,917.51,535.04,43.49,94.24,0.4844,1,-1,-1
208,75,865.46,533.02,37.36,69.87,0.7122,1,-1,-1
209,5,1588.28,764.90,65.30,155.86,0.8129,1,-1,-1
209,25,927.29,536.64,44.25,94.24,0.5254,1,-1,-1
209,75,873.71,534.23,36.94,70.42,0.7484,1,-1,-1
210,5,1600.90,769.93,67.84,157.96,0.8222,1,-1,-1
210,25,934.81,538.05,44.71,94.67,0.4083,1,-1,-1
210,75,881.27,535.61,36.91,70.59,0.7066,1,-1,-1
211,5,1616.20,777.72,70.27,160.27,0.7866,1,-1,-1
211,25,946.81,538.26,44.38,95.05,0.1865,1,-1,-1
211,75,889.64,537.21,37.16,71.02,0.6132,1,-1,-1
212,5,1627.00,783.88,72.71,162.17,0.7759,1,-1,-1
212,25,952.60,539.15,44.84,96.81,0.1784,1,-1,-1
212,75,894.37,537.80,37.12,72.11,0.6361,1,-1,-1
212,108,2.71,462.26,24.12,70.88,0.7138,1,-1,-1
213,5,1642.01,790.93,75.55,165.25,0.6809,1,-1,-1
213,25,962.67,540.01,44.87,98.33,0.3684,1,-1,-1
213,75,902.62,539.34,36.39,71.47,0.6901,1,-1,-1
213,108,13.28,461.02,24.47,71.40,0.6142,1,-1,-1
214,5,1657.66,799.21,78.15,168.75,0.6792,1,-1,-1
214,25,974.46,541.52,44.12,98.17,0.6800,1,-1,-1
214,75,910.98,541.51,35.47,70.86,0.6415,1,-1,-1
214,108,26.82,460.32,24.64,71.25,0.6460,1,-1,-1
215,5,1668.53,801.84,82.78,175.29,0.5351,1,-1,-1
215,25,982.29,542.87,43.19,98.31,0.6077,1,-1,-1
215,75,917.50,542.64,35.04,70.84,0.6469,1,-1,-1
215,108,34.51,460.62,24.40,69.62,0.6105,1,-1,-1
216,5,1684.79,814.17,85.42,175.58,0.6706,1,-1,-1
216,25,991.56,543.29,42.79,99.52,0.6766,1,-1,-1
216,75,926.08,545.01,34.52,70.31,0.6935,1,-1,-1
216,108,44.17,461.09,23.90,67.65,0.6325,1,-1,-1
217,5,1697.41,822.20,87.68,175.71,0.6567,1,-1,-1
217,25,998.04,544.25,43.12,102.66,0.6234,1,-1,-1
217,75,931.19,545.81,34.20,70.53,0.6343,1,-1,-1
217,108,48.95,460.85,23.92,67.35,0.1848,1,-1,-1
218,5,1712.49,830.98,91.15,179.46,0.6860,1,-1,-1
218,25,1006.42,546.16,42.25,102.68,0.6325,1,-1,-1
218,75,939.36,547.68,33.90,70.92,0.7106,1,-1,-1
219,5,1729.06,840.73,94.87,184.03,0.7461,1,-1,-1
219,25,1016.18,549.15,41.12,101.89,0.6593,1,-1,-1
219,75,947.72,548.83,33.75,71.48,0.6918,1,-1,-1
219,111,6.97,461.21,28.78,69.84,0.7186,1,-1,-1
220,5,1739.11,847.25,98.50,187.83,0.7520,1,-1,-1
220,25,1022.87,550.50,40.74,102.27,0.6123,1,-1,-1
220,75,953.51,549.74,33.62,72.10,0.7138,1,-1,-1
220,111,13.63,460.31,29.75,71.95,0.7303,1,-1,-1
220,113,1417.45,506.01,99.60,37.17,0.5195,4,-1,-1
221,5,1754.48,853.23,102.03,192.99,0.8007,1,-1,-1
221,25,1030.90,552.93,40.33,101.85,0.6663,1,-1,-1
221,75,962.11,551.23,33.34,72.05,0.6876,1,-1,-1
221,111,26.17,459.08,29.60,71.14,0.6926,1,-1,-1
221,113,1426.66,504.79,102.57,38.29,0.5370,4,-1,-1
222,5,1767.10,860.98,103.78,194.50,0.7746,1,-1,-1
222,25,1036.54,554.92,40.33,102.13,0.5593,1,-1,-1
222,75,966.88,551.60,33.79,73.75,0.7017,1,-1,-1
222,111,34.02,459.03,29.30,70.00,0.7017,1,-1,-1
222,113,1432.90,505.77,109.50,40.98,0.3748,4,-1,-1
223,5,1785.74,871.31,105.28,193.19,0.6352,1,-1,-1
223,25,1046.59,557.31,39.84,101.88,0.5708,1,-1,-1
223,75,975.42,553.87,33.08,72.98,0.6960,1,-1,-1
223,111,45.88,458.12,29.52,69.77,0.6243,1,-1,-1
223,113,1443.03,504.06,115.87,43.56,0.2050,4,-1,-1
224,5,1806.57,879.53,106.93,195.48,0.7994,1,-1,-1
224,25,1056.02,559.24,39.49,102.13,0.6433,1,-1,-1
224,75,985.06,555.89,32.90,72.96,0.6910,1,-1,-1
224,111,58.48,456.90,30.45,71.10,0.6758,1,-1,-1
224,113,1460.81,507.40,110.45,41.56,0.1495,4,-1,-1
225,5,1819.46,883.34,106.77,196.89,0.7249,1,-1,-1
225,25,1063.29,561.67,38.65,100.99,0.5898,1,-1,-1
225,75,991.36,556.95,32.30,72.57,0.7287,1,-1,-1
225,111,66.72,456.50,31.16,72.22,0.7217,1,-1,-1
225,113,1476.77,510.90,103.20,38.79,0.1067,4,-1,-1
226,25,1072.72,562.43,38.71,101.86,0.4301,1,-1,-1
226,75,1000.23,558.62,32.66,73.90,0.7318,1,-1,-1
226,111,76.46,455.37,31.47,73.17,0.7162,1,-1,-1
226,113,1483.73,511.71,113.13,42.79,0.2295,4,-1,-1
227,25,1078.47,563.59,39.43,103.79,0.6723,1,-1,-1
227,75,1006.66,559.69,32.73,74.49,0.7098,1,-1,-1
227,111,82.98,453.80,31.60,73.99,0.1883,1,-1,-1
227,113,1493.35,513.90,112.04,42.47,0.1442,4,-1,-1
228,25,1087.06,566.06,38.84,103.18,0.6505,1,-1,-1
228,75,1014.99,561.23,32.65,74.72,0.7614,1,-1,-1
228,113,1507.16,515.99,112.30,42.69,0.1264,4,-1,-1
228,115,627.78,426.67,63.15,24.58,0.5020,4,-1,-1
229,25,1095.60,567.12,39.02,105.22,0.5955,1,-1,-1
229,75,1023.76,562.82,32.83,75.41,0.6783,1,-1,-1
229,113,1518.97,516.88,117.67,44.93,0.1380,4,-1,-1
229,115,636.96,426.58,65.68,25.59,0.4359,4,-1,-1
230,25,1101.42,567.84,38.97,105.97,0.6901,1,-1,-1
230,75,1030.71,565.02,32.83,75.36,0.7090,1,-1,-1
230,113,1530.22,519.03,116.66,44.75,0.1052,4,-1,-1
230,115,646.89,427.61,62.41,24.32,0.6261,4,-1,-1
231,25,1109.50,568.27,38.57,105.67,0.7439,1,-1,-1
231,75,1039.86,567.17,32.29,74.37,0.7303,1,-1,-1
231,115,657.22,427.99,62.62,24.42,0.5322,4,-1,-1
232,25,1115.72,570.47,37.80,104.43,0.7256,1,-1,-1
232,75,1045.85,567.63,32.75,75.85,0.7082,1,-1,-1
232,115,664.12,428.21,62.59,24.40,0.4244,4,-1,-1
233,25,1123.69,571.53,39.07,108.60,0.7272,1,-1,-1
233,75,1054.46,569.09,33.17,76.86,0.7033,1,-1,-1
233,115,674.70,428.09,61.27,23.87,0.4727,4,-1,-1
234,25,1133.00,575.48,38.53,107.58,0.7114,1,-1,-1
234,75,1063.64,571.14,33.58,77.74,0.7364,1,-1,-1
234,115,686.35,428.28,61.22,23.81,0.4610,4,-1,-1
235,25,1139.80,578.19,37.59,105.85,0.6680,1,-1,-1
235,75,1070.15,572.84,33.81,77.75,0.7326,1,-1,-1
235,115,693.35,428.05,62.72,24.44,0.4140,4,-1,-1
236,25,1149.82,581.27,36.19,101.59,0.6388,1,-1,-1
236,75,1079.44,574.27,34.29,78.42,0.7009,1,-1,-1
236,115,704.60,428.94,61.12,23.78,0.6197,4,-1,-1
237,25,1154.90,582.56,36.49,103.07,0.6540,1,-1,-1
237,75,1085.14,575.85,34.91,79.52,0.6343,1,-1,-1
237,115,710.91,429.11,62.45,24.38,0.4158,4,-1,-1
238,25,1164.06,584.84,36.93,105.61,0.6487,1,-1,-1
238,75,1094.76,578.10,34.97,79.69,0.7498,1,-1,-1
238,115,720.39,428.54,63.56,24.87,0.3989,4,-1,-1
239,25,1174.75,587.45,35.57,101.93,0.6706,1,-1,-1
239,75,1105.30,579.61,35.50,81.00,0.7424,1,-1,-1
239,115,732.71,429.47,62.12,24.32,0.3407,4,-1,-1
240,25,1180.08,588.41,37.28,107.66,0.6697,1,-1,-1
240,75,1112.03,581.77,35.61,80.72,0.7571,1,-1,-1
240,115,741.36,429.97,61.17,23.93,0.4883,4,-1,-1
241,25,1190.69,588.93,38.22,111.51,0.6732,1,-1,-1
241,75,1118.76,584.35,35.90,80.24,0.7001,1,-1,-1
241,115,752.47,430.68,59.20,23.09,0.6160,4,-1,-1
242,25,1197.47,590.73,39.18,114.36,0.7295,1,-1,-1
242,75,1122.35,586.22,37.39,80.73,0.7178,1,-1,-1
242,115,759.43,430.73,60.64,23.67,0.3451,4,-1,-1
243,25,1207.27,593.10,39.31,114.35,0.5983,1,-1,-1
243,75,1132.53,589.41,37.93,80.87,0.6817,1,-1,-1
243,115,770.60,431.05,60.13,23.47,0.5166,4,-1,-1
244,25,1218.82,594.13,39.10,114.00,0.6800,1,-1,-1
244,75,1147.53,593.28,37.55,79.83,0.6783,1,-1,-1
244,115,783.65,431.51,58.60,22.80,0.5156,4,-1,-1
245,25,1227.63,596.73,39.39,114.55,0.7186,1,-1,-1
245,75,1156.33,595.87,37.00,78.70,0.5176,1,-1,-1
245,115,791.91,431.70,59.40,23.08,0.6030,4,-1,-1
245,116,303.47,451.97,31.51,68.59,0.6723,1,-1,-1
246,25,1239.80,599.20,40.11,116.08,0.6792,1,-1,-1
246,75,1168.18,599.37,36.47,75.47,0.6935,1,-1,-1
246,115,803.00,431.55,61.28,23.90,0.4168,4,-1,-1
246,116,315.85,453.88,30.80,66.93,0.6968,1,-1,-1
247,25,1247.30,600.80,40.51,116.59,0.7447,1,-1,-1
247,75,1175.58,600.87,37.04,75.92,0.6885,1,-1,-1
247,115,811.06,431.44,62.64,24.47,0.3675,4,-1,-1
247,116,323.57,454.22,30.89,66.86,0.7249,1,-1,-1
248,25,1258.60,603.05,41.33,118.02,0.6671,1,-1,-1
248,75,1188.64,603.56,37.34,75.47,0.6834,1,-1,-1
248,115,823.69,431.77,61.86,24.19,0.4177,4,-1,-1
248,116,334.21,453.75,31.59,67.45,0.6567,1,-1,-1
249,25,1271.39,605.65,41.97,118.94,0.6077,1,-1,-1
249,75,1201.83,606.25,38.04,76.08,0.6876,1,-1,-1
249,115,837.69,432.24,61.20,23.97,0.5823,4,-1,-1
249,116,352.63,453.56,31.28,66.97,0.7162,1,-1,-1
250,25,1280.90,606.54,43.50,121.75,0.5794,1,-1,-1
250,75,1210.27,607.29,38.98,77.81,0.7017,1,-1,-1
250,115,847.18,432.45,60.90,23.86,0.1767,4,-1,-1
250,116,363.94,454.18,30.45,65.34,0.6645,1,-1,-1
251,25,1292.65,608.66,44.27,124.05,0.7042,1,-1,-1
251,75,1222.16,609.62,39.13,78.82,0.7001,1,-1,-1
251,115,860.45,432.50,61.68,24.20,0.1859,4,-1,-1
251,116,379.08,453.48,29.75,64.36,0.7050,1,-1,-1
252,25,1300.90,609.87,43.13,121.79,0.6160,1,-1,-1
252,75,1230.51,611.14,39.41,79.86,0.6868,1,-1,-1
252,115,869.09,432.21,62.80,24.71,0.3124,4,-1,-1
252,116,388.63,453.24,29.35,63.73,0.7025,1,-1,-1
253,25,1314.86,612.19,43.40,122.46,0.7311,1,-1,-1
253,75,1242.91,614.87,39.31,79.86,0.6671,1,-1,-1
253,115,882.70,432.66,62.27,24.53,0.4369,4,-1,-1
253,116,403.13,452.71,28.71,62.69,0.7162,1,-1,-1
254,25,1328.31,612.62,44.94,127.53,0.5993,1,-1,-1
254,75,1257.23,616.60,40.32,82.03,0.5390,1,-1,-1
254,115,897.28,432.71,62.75,24.77,0.1380,4,-1,-1
254,116,418.93,452.28,28.50,62.53,0.6689,1,-1,-1
255,25,1339.32,616.40,45.25,128.76,0.6584,1,-1,-1
255,75,1268.21,620.84,39.59,80.03,0.5322,1,-1,-1
255,115,908.26,433.30,61.75,24.35,0.3174,4,-1,-1
255,116,429.36,452.13,27.97,61.57,0.6766,1,-1,-1
256,25,1352.57,618.51,44.07,126.37,0.5380,1,-1,-1
256,75,1282.93,624.64,39.80,79.96,0.3730,1,-1,-1
256,115,921.62,432.82,63.40,25.10,0.3757,4,-1,-1
256,116,443.92,451.92,28.00,62.04,0.6843,1,-1,-1
257,25,1363.26,620.41,41.98,120.08,0.5898,1,-1,-1
257,75,1294.48,627.48,39.88,79.70,0.4282,1,-1,-1
257,116,454.03,451.36,27.84,61.94,0.6602,1,-1,-1
257,124,422.48,447.98,24.64,65.03,0.6860,1,-1,-1
258,25,1377.58,623.33,40.90,116.75,0.5917,1,-1,-1
258,75,1308.73,629.10,40.59,80.94,0.6067,1,-1,-1
258,116,468.02,451.33,27.84,62.52,0.6298,1,-1,-1
259,25,1391.49,625.68,41.92,119.30,0.4513,1,-1,-1
259,75,1323.10,631.37,41.43,81.41,0.4971,1,-1,-1
259,116,482.21,451.30,27.81,62.17,0.5927,1,-1,-1
259,115,962.77,433.54,62.48,24.75,0.4902,4,-1,-1
260,25,1402.59,627.69,42.40,121.03,0.4834,1,-1,-1
260,75,1334.88,633.95,41.59,81.17,0.5936,1,-1,-1
260,116,493.27,452.29,26.94,60.76,0.5804,1,-1,-1
260,126,464.15,445.03,27.44,63.95,0.6105,1,-1,-1
260,115,971.51,433.05,64.16,25.55,0.4244,4,-1,-1
261,25,1418.14,630.75,38.62,108.06,0.4698,1,-1,-1
261,75,1348.61,635.42,42.41,82.27,0.5593,1,-1,-1
261,116,506.83,451.66,27.19,60.96,0.6261,1,-1,-1
261,115,985.51,433.09,64.78,25.87,0.2465,4,-1,-1
262,25,1427.97,632.30,41.71,117.15,0.5689,1,-1,-1
262,75,1358.85,636.51,43.21,83.57,0.6522,1,-1,-1
262,116,517.14,452.51,26.74,59.85,0.6379,1,-1,-1
262,115,996.57,433.11,64.19,25.71,0.1587,4,-1,-1
262,127,489.04,444.47,27.88,64.99,0.6433,1,-1,-1
263,25,1442.67,634.25,39.60,110.28,0.4756,1,-1,-1
263,75,1372.70,638.95,43.93,84.73,0.6243,1,-1,-1
263,116,531.66,452.04,26.84,60.18,0.6593,1,-1,-1
263,115,1010.95,433.39,64.05,25.75,0.1925,4,-1,-1
264,25,1458.22,637.16,44.56,124.59,0.5718,1,-1,-1
264,75,1388.24,641.02,44.09,84.97,0.6723,1,-1,-1
264,116,546.88,450.19,27.63,62.32,0.6628,1,-1,-1
264,115,1027.59,433.99,62.66,25.12,0.1672,4,-1,-1
265,25,1469.28,639.66,45.84,128.03,0.5756,1,-1,-1
265,75,1398.70,641.57,45.01,86.69,0.6114,1,-1,-1
265,116,558.40,451.62,26.77,60.56,0.6379,1,-1,-1
265,115,1038.84,434.22,61.80,24.78,0.1592,10,-1,-1
265,129,532.46,443.83,26.40,66.19,0.6505,1,-1,-1
266,25,1483.81,642.64,47.23,132.68,0.6261,1,-1,-1
266,75,1412.00,642.57,45.98,88.29,0.6723,1,-1,-1
266,116,571.80,450.21,26.82,60.85,0.6123,1,-1,-1
266,115,1053.75,434.35,61.85,24.81,0.1259,4,-1,-1
267,25,1495.39,645.43,47.25,132.20,0.6261,1,-1,-1
267,75,1422.10,641.66,47.78,91.95,0.6225,1,-1,-1
267,116,582.00,450.12,26.56,60.02,0.5496,1,-1,-1
267,115,1063.49,434.87,61.38,24.59,0.3513,4,-1,-1
267,130,557.81,443.77,25.88,64.75,0.6663,1,-1,-1
268,25,1510.36,648.29,47.37,131.90,0.6002,1,-1,-1
268,75,1436.09,643.82,47.43,91.21,0.6298,1,-1,-1
268,116,595.59,449.43,26.84,60.52,0.5746,1,-1,-1
269,25,1527.83,652.15,47.85,132.68,0.6637,1,-1,-1
269,75,1451.22,645.80,48.04,92.15,0.6058,1,-1,-1
269,116,610.66,448.91,26.64,59.67,0.4111,1,-1,-1
270,25,1540.32,654.64,48.62,134.38,0.7578,1,-1,-1
270,75,1463.21,647.66,47.98,92.29,0.6077,1,-1,-1
270,116,619.18,447.37,27.77,61.77,0.5156,1,-1,-1
270,134,1264.29,155.11,288.96,140.67,0.5506,9,-1,-1
271,25,1555.60,658.62,50.58,138.93,0.7341,1,-1,-1
271,75,1478.07,649.81,47.65,91.76,0.5564,1,-1,-1
271,116,626.85,443.67,30.92,65.91,0.4513,1,-1,-1
271,134,1280.12,151.82,285.73,139.35,0.6549,9,-1,-1
272,25,1568.94,660.64,51.26,140.11,0.7402,1,-1,-1
272,75,1488.85,651.71,47.53,91.28,0.6334,1,-1,-1
272,116,636.08,441.06,33.03,68.37,0.5737,1,-1,-1
272,134,1293.80,152.84,286.20,139.99,0.5244,9,-1,-1
273,25,1584.85,665.24,51.78,140.31,0.7635,1,-1,-1
273,75,1504.93,652.88,47.89,92.78,0.6505,1,-1,-1
273,116,647.51,441.01,34.07,68.33,0.5098,1,-1,-1
273,134,1327.06,156.31,284.40,138.95,0.6243,9,-1,-1
274,25,1603.38,669.34,51.79,138.59,0.7042,1,-1,-1
274,75,1522.99,653.81,47.93,93.46,0.5746,1,-1,-1
274,116,662.12,440.24,35.13,68.64,0.4834,1,-1,-1
274,134,1364.89,162.69,275.98,133.64,0.5107,9,-1,-1
275,25,1618.31,672.17,50.05,132.22,0.5525,1,-1,-1
275,75,1534.12,656.92,48.94,94.86,0.5889,1,-1,-1
275,116,671.75,440.97,35.14,67.68,0.5156,1,-1,-1
275,134,1361.43,154.51,293.59,142.64,0.5487,9,-1,-1
275,136,579.85,222.31,143.59,73.30,0.4698,4,-1,-1
276,25,1634.07,675.88,52.97,139.37,0.7866,1,-1,-1
276,75,1547.49,660.03,50.11,95.62,0.5409,1,-1,-1
276,116,684.91,440.34,35.93,68.48,0.6775,1,-1,-1
276,134,1379.62,156.85,287.89,139.93,0.5293,9,-1,-1
276,136,604.99,224.69,132.27,67.32,0.4513,4,-1,-1
277,25,1645.50,677.49,55.08,144.22,0.7649,1,-1,-1
277,75,1560.53,661.71,50.55,96.44,0.4610,1,-1,-1
277,116,694.62,440.68,36.12,68.09,0.6058,1,-1,-1
277,134,1394.51,162.30,275.80,133.82,0.3785,9,-1,-1
277,136,610.31,222.76,140.72,71.47,0.2598,4,-1,-1
278,25,1663.40,680.02,55.95,146.67,0.7280,1,-1,-1
278,75,1576.17,664.10,52.10,98.52,0.4216,1,-1,-1
278,116,707.96,440.38,36.52,68.54,0.6460,1,-1,-1
278,134,1421.26,161.84,274.85,132.26,0.6558,9,-1,-1
279,25,1682.49,683.29,57.53,150.18,0.7154,1,-1,-1
279,75,1597.52,667.03,54.34,99.44,0.5487,1,-1,-1
279,116,724.01,441.08,36.35,67.88,0.5889,1,-1,-1
279,134,1444.77,165.10,266.59,127.11,0.3099,9,-1,-1
280,25,1697.54,686.80,58.48,151.48,0.7311,1,-1,-1
280,75,1613.38,669.57,55.98,100.33,0.5545,1,-1,-1
280,116,735.14,441.07,36.83,68.83,0.6206,1,-1,-1
280,134,1456.85,162.12,272.48,129.14,0.4225,9,-1,-1
281,25,1716.78,690.61,61.98,160.55,0.7025,1,-1,-1
281,75,1632.42,673.72,57.52,100.80,0.5775,1,-1,-1
281,116,751.07,441.34,36.91,68.95,0.5964,1,-1,-1
281,134,1466.19,160.21,284.58,134.66,0.2095,9,-1,-1
282,25,1732.42,693.26,63.09,163.83,0.6706,1,-1,-1
282,75,1644.96,676.32,59.63,102.60,0.5429,1,-1,-1
282,116,763.04,441.67,36.87,68.66,0.5039,1,-1,-1
283,25,1756.17,697.48,62.36,161.71,0.7154,1,-1,-1
283,75,1666.00,679.89,61.72,104.08,0.6549,1,-1,-1
283,116,780.11,441.27,36.97,69.00,0.6280,1,-1,-1
284,25,1783.47,701.90,62.01,160.15,0.6926,1,-1,-1
284,75,1690.37,684.56,63.92,105.51,0.5775,1,-1,-1
284,116,797.16,441.42,36.89,68.00,0.5351,1,-1,-1
285,25,1801.43,704.74,63.25,162.34,0.6809,1,-1,-1
285,75,1705.35,687.96,65.11,105.95,0.6460,1,-1,-1
285,116,810.30,441.52,36.80,67.43,0.6388,1,-1,-1
286,25,1824.22,710.51,62.59,159.35,0.5409,1,-1,-1
286,75,1727.99,693.45,66.42,106.17,0.5156,1,-1,-1
286,116,827.58,441.64,37.25,67.96,0.6169,1,-1,-1
287,25,1842.08,714.39,63.24,159.10,0.6388,1,-1,-1
287,75,1745.36,697.37,68.10,106.87,0.5946,1,-1,-1
287,116,837.30,441.44,37.98,68.28,0.6132,1,-1,-1
288,25,1861.31,719.48,62.39,159.04,0.7295,1,-1,-1
288,75,1768.22,701.59,70.26,108.36,0.6531,1,-1,-1
288,116,853.93,442.19,37.86,67.09,0.5775,1,-1,-1
288,134,1624.59,155.23,280.56,130.95,0.6307,9,-1,-1
289,75,1795.79,707.21,70.42,106.98,0.5983,1,-1,-1
289,116,871.63,442.11,38.19,66.16,0.6388,1,-1,-1
289,134,1640.90,152.97,286.22,134.73,0.2516,9,-1,-1
290,75,1815.35,711.17,71.19,106.35,0.6758,1,-1,-1
290,116,885.58,441.87,38.72,66.82,0.5487,1,-1,-1
290,134,1650.75,151.57,283.94,134.84,0.2451,9,-1,-1
291,75,1838.04,713.56,75.83,112.60,0.2108,1,-1,-1
291,116,900.86,442.08,39.48,66.17,0.6298,1,-1,-1
292,116,917.55,442.06,38.37,64.37,0.4873,1,-1,-1
293,116,934.16,442.14,39.12,64.60,0.4301,1,-1,-1
294,116,953.69,442.31,39.42,64.05,0.4036,1,-1,-1
295,116,966.47,442.34,40.31,64.23,0.6151,1,-1,-1
296,116,988.87,442.38,40.13,63.87,0.4600,1,-1,-1
297,116,1007.60,442.96,38.48,62.00,0.2075,1,-1,-1
298,116,1029.70,443.30,38.38,62.21,0.3183,1,-1,-1
347,140,398.55,481.11,31.58,84.02,0.6531,1,-1,-1
348,140,406.58,480.67,32.31,85.97,0.7042,1,-1,-1
349,140,412.54,479.57,32.62,86.91,0.7535,1,-1,-1
350,140,415.62,479.26,32.96,87.88,0.7334,1,-1,-1
351,140,417.21,480.12,31.80,84.81,0.7098,1,-1,-1
352,140,417.88,480.43,31.67,84.44,0.7194,1,-1,-1
353,140,418.41,480.44,31.02,82.52,0.7178,1,-1,-1
354,140,417.73,478.98,31.48,83.71,0.7162,1,-1,-1
355,140,416.92,477.12,31.89,84.98,0.7033,1,-1,-1
356,140,416.25,476.44,32.01,85.65,0.7050,1,-1,-1
357,140,415.89,476.07,32.26,86.76,0.7050,1,-1,-1
357,141,1234.91,344.05,11.70,25.95,0.5000,1,-1,-1
358,140,415.94,475.87,31.74,85.78,0.7287,1,-1,-1
358,141,1234.28,343.52,11.89,26.36,0.4446,1,-1,-1
359,140,415.75,475.81,31.59,85.85,0.7498,1,-1,-1
359,141,1234.99,343.49,11.98,26.55,0.3803,1,-1,-1
360,140,415.73,475.63,31.23,85.11,0.7364,1,-1,-1
360,141,1235.36,343.85,11.87,26.34,0.4007,1,-1,-1
360,142,1248.56,344.19,12.49,25.88,0.4591,1,-1,-1
361,140,415.74,475.13,31.48,85.94,0.7130,1,-1,-1
361,141,1235.70,343.32,12.13,26.96,0.4111,1,-1,-1
361,142,1249.08,344.85,12.22,25.37,0.4254,1,-1,-1
362,140,415.59,474.99,31.72,86.72,0.7001,1,-1,-1
362,141,1235.38,343.19,12.04,26.78,0.2767,1,-1,-1
362,142,1248.18,345.21,12.07,25.10,0.3320,1,-1,-1
363,140,415.57,475.29,31.10,84.36,0.6740,1,-1,-1
363,141,1235.07,343.41,11.82,26.30,0.2268,1,-1,-1
363,142,1249.23,344.50,12.15,25.33,0.2193,1,-1,-1
364,140,415.22,475.14,31.00,83.38,0.6876,1,-1,-1
364,141,1235.41,343.93,11.53,25.74,0.1807,1,-1,-1
364,142,1250.66,344.85,11.38,23.72,0.1078,1,-1,-1
365,140,414.58,474.28,31.73,84.65,0.6860,1,-1,-1
365,141,1235.91,343.64,11.56,25.94,0.2056,1,-1,-1
365,142,1250.44,344.66,11.37,23.77,0.1366,1,-1,-1
366,140,414.23,474.75,32.54,85.62,0.6723,1,-1,-1
366,141,1235.58,343.53,11.66,26.25,0.1476,1,-1,-1
366,142,1249.68,344.57,11.54,24.10,0.1209,1,-1,-1
367,140,414.21,475.06,33.30,86.06,0.6671,1,-1,-1
367,141,1236.11,343.26,11.79,26.68,0.1981,1,-1,-1
367,142,1249.31,344.58,11.57,24.13,0.1164,1,-1,-1
368,140,414.22,475.04,34.68,87.91,0.6926,1,-1,-1
368,141,1236.54,344.01,11.42,25.89,0.1801,1,-1,-1
369,140,413.70,475.06,36.58,91.18,0.6478,1,-1,-1
369,141,1236.35,344.13,11.35,25.86,0.2302,1,-1,-1
370,140,414.00,475.23,37.30,90.70,0.6943,1,-1,-1
370,141,1236.26,344.37,11.18,25.72,0.2214,1,-1,-1
371,140,414.12,475.43,38.13,90.92,0.7090,1,-1,-1
371,141,1236.17,344.56,11.04,25.66,0.1901,1,-1,-1
372,140,413.64,475.81,39.60,92.90,0.6876,1,-1,-1
372,141,1236.08,344.62,10.95,25.69,0.1778,1,-1,-1
373,140,413.68,475.66,40.34,93.54,0.6968,1,-1,-1
373,141,1236.48,344.24,11.23,25.95,0.2783,1,-1,-1
374,140,417.87,476.23,38.15,88.67,0.6142,1,-1,-1
374,141,1235.94,344.04,11.42,26.04,0.1807,1,-1,-1
375,140,421.06,475.22,39.92,92.10,0.6325,1,-1,-1
376,140,432.82,475.43,38.45,87.83,0.6280,1,-1,-1
377,140,439.51,474.58,39.04,89.25,0.6289,1,-1,-1
378,140,450.02,473.83,39.48,90.21,0.6976,1,-1,-1
379,140,459.83,472.73,40.12,92.04,0.6766,1,-1,-1
380,140,466.42,472.38,38.85,89.76,0.6637,1,-1,-1
381,140,474.55,472.34,36.41,84.48,0.6706,1,-1,-1
382,140,479.79,472.23,35.59,83.33,0.6775,1,-1,-1
383,140,485.02,472.51,35.07,83.23,0.7178,1,-1,-1
384,140,490.62,472.47,34.75,83.73,0.6775,1,-1,-1
385,140,495.07,472.05,34.46,84.51,0.6783,1,-1,-1
386,140,504.52,472.12,34.03,84.29,0.6758,1,-1,-1
387,140,513.11,471.64,33.05,82.50,0.6680,1,-1,-1
388,140,526.64,471.86,31.06,77.91,0.5351,1,-1,-1
389,140,541.20,471.92,28.91,72.45,0.5554,1,-1,-1
390,140,549.99,471.91,30.83,77.98,0.6976,1,-1,-1
391,140,560.02,471.84,30.49,77.64,0.7303,1,-1,-1
392,140,565.46,471.49,31.26,79.99,0.6843,1,-1,-1
393,140,569.65,471.45,31.57,81.06,0.6926,1,-1,-1
394,140,571.40,471.72,31.50,81.17,0.7295,1,-1,-1
395,140,571.78,471.82,31.38,81.09,0.7280,1,-1,-1
396,140,571.06,472.14,31.76,82.09,0.7249,1,-1,-1
396,144,1387.50,343.66,13.79,30.37,0.5224,1,-1,-1
397,140,570.20,472.09,31.84,82.45,0.7122,1,-1,-1
397,144,1387.73,343.56,13.85,30.53,0.5176,1,-1,-1
398,140,568.67,472.16,31.83,82.50,0.6775,1,-1,-1
398,144,1388.65,344.68,13.36,29.53,0.4717,1,-1,-1
399,140,567.39,472.15,31.35,81.93,0.7090,1,-1,-1
399,144,1389.27,346.25,12.76,28.35,0.3558,1,-1,-1
400,140,566.47,472.03,30.92,81.39,0.6943,1,-1,-1
400,144,1389.71,346.57,12.59,28.12,0.3433,1,-1,-1
401,140,565.19,472.41,30.67,81.11,0.6851,1,-1,-1
401,144,1389.55,346.17,12.60,28.35,0.3942,1,-1,-1
402,140,564.17,472.54,30.55,81.00,0.7272,1,-1,-1
402,144,1389.50,345.65,12.63,28.66,0.4196,1,-1,-1
403,140,563.32,472.40,30.42,81.09,0.7082,1,-1,-1
403,144,1388.33,344.89,12.90,29.41,0.4639,1,-1,-1
404,140,562.48,472.47,30.31,81.09,0.6697,1,-1,-1
404,144,1387.50,344.34,12.98,29.67,0.4130,1,-1,-1
405,140,561.66,472.39,30.38,81.17,0.6252,1,-1,-1
405,144,1388.29,343.71,13.24,30.55,0.4980,1,-1,-1
406,140,560.70,473.05,30.77,81.58,0.6926,1,-1,-1
406,144,1389.31,344.32,13.12,30.65,0.5458,1,-1,-1
407,140,559.80,473.12,31.08,82.01,0.6619,1,-1,-1
407,144,1389.26,345.07,12.80,30.16,0.5409,1,-1,-1
408,140,558.53,473.69,31.63,83.71,0.6826,1,-1,-1
408,144,1389.41,345.46,12.61,29.97,0.5302,1,-1,-1
409,140,556.34,473.63,32.87,87.85,0.7122,1,-1,-1
409,144,1389.18,345.59,12.46,29.78,0.4883,1,-1,-1
410,140,555.24,473.61,32.89,88.17,0.7295,1,-1,-1
410,144,1389.39,345.46,12.36,29.80,0.4873,1,-1,-1
410,146,1368.69,346.08,11.08,27.28,0.4737,1,-1,-1
411,140,554.14,474.05,32.94,87.93,0.7520,1,-1,-1
411,144,1390.46,345.37,12.11,29.64,0.4893,1,-1,-1
411,146,1368.43,346.26,11.03,27.17,0.4893,1,-1,-1
412,140,553.85,475.17,32.76,86.72,0.7491,1,-1,-1
412,144,1391.06,345.39,11.87,29.44,0.5283,1,-1,-1
412,146,1368.18,346.52,11.14,27.46,0.4990,1,-1,-1
412,147,1380.84,345.26,11.17,29.06,0.4581,1,-1,-1
413,140,553.10,475.62,34.00,88.44,0.7635,1,-1,-1
413,144,1390.98,345.43,11.75,29.40,0.5409,1,-1,-1
413,146,1367.49,346.65,11.20,27.67,0.4659,1,-1,-1
413,147,1380.14,345.32,11.13,28.92,0.3558,1,-1,-1
414,140,552.49,476.37,35.09,88.88,0.7476,1,-1,-1
414,144,1390.90,345.41,11.71,29.51,0.5370,1,-1,-1
414,146,1367.32,346.71,11.34,28.11,0.4893,1,-1,-1
414,147,1381.03,345.61,11.32,29.49,0.3961,1,-1,-1
415,140,551.52,477.07,35.80,88.42,0.7840,1,-1,-1
415,144,1390.72,345.37,11.71,29.66,0.5525,1,-1,-1
415,146,1367.01,346.44,11.58,28.87,0.5146,1,-1,-1
415,147,1381.48,345.60,11.48,29.93,0.4292,1,-1,-1
416,140,550.22,477.61,36.60,88.17,0.7705,1,-1,-1
416,144,1390.40,345.13,11.78,29.94,0.5516,1,-1,-1
416,146,1366.82,346.32,11.69,29.31,0.5341,1,-1,-1
416,147,1381.70,345.66,11.53,30.10,0.4523,1,-1,-1
417,140,549.07,477.92,37.93,89.27,0.7506,1,-1,-1
417,144,1390.39,344.99,11.64,29.52,0.5283,1,-1,-1
417,146,1366.71,346.44,11.63,29.33,0.5400,1,-1,-1
417,147,1382.07,345.99,11.38,29.73,0.4235,1,-1,-1
418,140,546.42,478.64,38.40,89.43,0.7356,1,-1,-1
418,144,1390.29,344.98,11.58,29.35,0.5195,1,-1,-1
418,146,1366.73,346.55,11.56,29.35,0.5612,1,-1,-1
418,147,1382.11,346.10,11.31,29.53,0.4292,1,-1,-1
419,140,544.58,480.10,37.89,87.75,0.7311,1,-1,-1
419,144,1390.26,345.01,11.60,29.38,0.5467,1,-1,-1
419,146,1366.69,346.36,11.52,29.42,0.5708,1,-1,-1
419,147,1382.08,346.03,11.33,29.53,0.4513,1,-1,-1
420,140,543.51,480.97,37.90,87.26,0.7090,1,-1,-1
420,144,1390.26,345.16,11.58,29.31,0.5429,1,-1,-1
420,146,1366.65,346.33,11.35,29.20,0.5593,1,-1,-1
420,147,1380.88,345.75,11.32,29.34,0.4359,1,-1,-1
421,140,540.52,481.86,38.28,87.94,0.7009,1,-1,-1
421,144,1390.84,345.75,11.03,27.86,0.3469,1,-1,-1
421,146,1366.65,346.62,11.00,28.66,0.4785,1,-1,-1
421,147,1381.57,347.80,10.61,27.55,0.1981,1,-1,-1
422,140,538.80,482.08,38.39,88.08,0.7202,1,-1,-1
422,144,1391.06,346.24,10.74,27.09,0.3074,1,-1,-1
422,146,1366.71,346.62,10.83,28.50,0.4707,1,-1,-1
422,147,1381.95,348.77,10.36,26.89,0.2088,1,-1,-1
423,140,536.90,482.18,38.29,88.08,0.7186,1,-1,-1
423,144,1390.96,346.46,10.58,26.68,0.2659,1,-1,-1
423,146,1366.74,346.81,10.58,28.07,0.4330,1,-1,-1
423,147,1382.56,349.68,10.16,26.36,0.1987,1,-1,-1
424,140,535.18,482.42,38.21,88.60,0.6926,1,-1,-1
424,144,1390.33,346.39,10.89,27.43,0.3124,1,-1,-1
424,146,1366.72,346.72,10.76,28.73,0.5000,1,-1,-1
424,147,1383.40,348.76,10.56,27.45,0.2682,1,-1,-1
425,140,533.44,482.77,38.04,89.10,0.6758,1,-1,-1
425,144,1389.24,346.21,11.43,28.66,0.4083,1,-1,-1
425,146,1366.92,346.52,10.94,29.26,0.5708,1,-1,-1
425,147,1383.97,347.93,11.01,28.55,0.4168,1,-1,-1
426,140,531.31,484.56,37.62,88.62,0.6749,1,-1,-1
426,144,1388.48,346.01,11.93,29.76,0.4388,1,-1,-1
426,146,1367.04,346.11,11.17,29.89,0.5974,1,-1,-1
426,147,1384.09,347.30,11.41,29.45,0.4620,1,-1,-1
427,140,530.45,485.41,37.41,88.40,0.6968,1,-1,-1
427,144,1387.96,345.82,12.39,30.76,0.4301,1,-1,-1
427,146,1367.16,346.11,11.25,30.06,0.5974,1,-1,-1
427,147,1382.50,346.78,11.96,30.34,0.4707,1,-1,-1
428,140,529.43,485.86,36.89,88.09,0.6689,1,-1,-1
428,144,1388.74,345.81,12.26,30.51,0.3576,1,-1,-1
428,146,1367.26,346.42,11.14,29.86,0.5879,1,-1,-1
428,147,1383.64,347.29,11.67,29.71,0.4073,1,-1,-1
429,140,528.29,486.32,36.57,88.57,0.7280,1,-1,-1
429,144,1389.91,345.89,11.79,29.56,0.2451,1,-1,-1
429,146,1367.42,346.94,10.90,29.29,0.5477,1,-1,-1
429,147,1383.83,347.94,11.21,28.74,0.3024,1,-1,-1
430,140,527.40,486.71,36.64,89.89,0.7326,1,-1,-1
430,144,1390.35,346.09,11.53,29.06,0.1895,1,-1,-1
430,146,1367.45,347.35,10.65,28.73,0.5185,1,-1,-1
430,147,1383.93,348.07,10.96,28.30,0.2606,1,-1,-1
430,152,1368.77,346.72,11.96,28.54,0.4630,1,-1,-1
431,140,526.12,487.34,36.45,90.90,0.7356,1,-1,-1
431,144,1390.62,346.55,11.41,28.84,0.2830,1,-1,-1
431,146,1367.32,347.59,10.50,28.42,0.5176,1,-1,-1
431,147,1383.06,348.12,10.94,28.33,0.2967,1,-1,-1
431,152,1368.85,346.90,11.86,28.31,0.4795,1,-1,-1
432,140,525.35,487.71,36.06,91.25,0.7154,1,-1,-1
432,144,1390.53,346.57,11.59,29.37,0.3868,1,-1,-1
432,146,1367.24,347.67,10.49,28.49,0.5467,1,-1,-1
432,147,1382.23,347.89,11.07,28.74,0.3531,1,-1,-1
432,152,1368.75,346.98,11.95,28.51,0.5166,1,-1,-1
433,140,523.52,489.04,35.28,90.65,0.7025,1,-1,-1
433,144,1390.45,346.55,11.65,29.60,0.4177,1,-1,-1
433,146,1367.19,347.78,10.48,28.57,0.5400,1,-1,-1
433,147,1381.46,347.88,11.07,28.91,0.3372,1,-1,-1
433,152,1368.63,347.06,12.03,28.72,0.5234,1,-1,-1
434,140,521.19,490.56,35.52,92.25,0.6567,1,-1,-1
434,144,1390.07,346.53,11.78,29.96,0.4321,1,-1,-1
434,146,1367.16,347.64,10.60,28.95,0.5283,1,-1,-1
434,147,1380.19,347.59,11.25,29.34,0.3877,1,-1,-1
434,152,1368.51,346.84,12.28,29.30,0.5438,1,-1,-1
435,140,519.86,490.99,35.88,93.93,0.6021,1,-1,-1
435,144,1389.84,346.82,11.91,30.30,0.4863,1,-1,-1
435,146,1367.12,347.68,10.63,29.07,0.5419,1,-1,-1
435,147,1379.74,347.79,11.31,29.42,0.4225,1,-1,-1
435,152,1368.34,346.99,12.36,29.48,0.5689,1,-1,-1
436,140,518.05,492.05,35.14,92.91,0.7233,1,-1,-1
436,144,1389.52,346.73,12.29,31.36,0.5400,1,-1,-1
436,147,1380.40,347.65,11.64,30.05,0.5361,1,-1,-1
436,152,1368.16,347.42,12.05,28.72,0.5842,1,-1,-1
437,140,516.80,492.94,34.78,92.66,0.7372,1,-1,-1
437,144,1389.20,346.47,12.55,32.08,0.5059,1,-1,-1
437,147,1380.22,347.46,11.87,30.48,0.4844,1,-1,-1
437,152,1368.12,347.57,11.96,28.48,0.5525,1,-1,-1
438,140,514.95,494.06,34.87,93.32,0.7506,1,-1,-1
438,144,1389.00,346.31,12.67,32.48,0.4562,1,-1,-1
438,147,1379.81,347.46,11.98,30.62,0.4465,1,-1,-1
438,152,1367.57,347.94,12.02,28.74,0.5283,1,-1,-1
439,140,512.78,495.32,35.23,94.58,0.7311,1,-1,-1
439,144,1389.04,346.06,12.90,33.02,0.4980,1,-1,-1
439,147,1379.43,347.16,12.20,31.11,0.4639,1,-1,-1
439,152,1367.60,347.93,12.27,29.39,0.5496,1,-1,-1
440,140,511.15,495.46,35.58,95.84,0.7606,1,-1,-1
440,144,1388.90,346.06,13.04,33.40,0.5166,1,-1,-1
440,147,1379.68,347.14,12.31,31.43,0.4717,1,-1,-1
440,152,1368.05,348.15,12.39,29.76,0.5496,1,-1,-1
441,140,509.06,496.84,35.78,96.43,0.7249,1,-1,-1
441,144,1388.83,346.12,13.08,33.47,0.5361,1,-1,-1
441,147,1379.50,347.39,12.33,31.44,0.4844,1,-1,-1
441,152,1368.88,348.43,12.37,29.66,0.5535,1,-1,-1
442,140,507.16,497.79,36.05,97.00,0.7432,1,-1,-1
442,144,1388.57,346.35,13.16,33.57,0.5409,1,-1,-1
442,147,1379.40,347.86,12.31,31.27,0.4311,1,-1,-1
442,152,1369.36,349.10,12.22,29.22,0.5419,1,-1,-1
443,140,504.77,500.25,35.83,96.23,0.7691,1,-1,-1
443,144,1388.23,346.60,13.25,33.72,0.5458,1,-1,-1
443,147,1378.59,348.23,12.36,31.15,0.3905,1,-1,-1
443,152,1371.08,349.52,12.27,28.91,0.5068,1,-1,-1
444,140,502.00,501.21,36.09,96.78,0.7341,1,-1,-1
444,144,1388.39,346.92,13.46,33.95,0.5458,1,-1,-1
444,147,1377.39,348.23,12.69,31.44,0.4026,1,-1,-1
444,152,1371.97,349.64,12.49,28.95,0.4698,1,-1,-1
445,140,499.91,501.79,36.54,97.68,0.7447,1,-1,-1
445,144,1388.21,347.14,13.51,33.85,0.5127,1,-1,-1
445,147,1376.99,348.32,12.88,31.41,0.4073,1,-1,-1
445,152,1373.21,349.00,12.73,29.45,0.4446,1,-1,-1
446,140,496.71,502.40,37.29,99.33,0.7009,1,-1,-1
446,144,1387.69,347.47,13.59,33.91,0.4824,1,-1,-1
446,147,1378.56,348.34,13.24,32.02,0.4017,1,-1,-1
446,152,1373.79,348.56,13.02,30.16,0.4235,1,-1,-1
447,140,494.32,502.69,38.08,101.25,0.7372,1,-1,-1
447,144,1387.51,347.81,13.57,33.81,0.4513,1,-1,-1
447,147,1378.87,348.57,13.41,32.05,0.4407,1,-1,-1
447,152,1374.49,348.46,13.27,30.77,0.4026,1,-1,-1
448,140,491.41,504.27,38.13,100.95,0.7718,1,-1,-1
448,144,1387.45,347.61,13.68,34.10,0.4649,1,-1,-1
448,147,1379.23,348.27,13.77,32.59,0.4571,1,-1,-1
448,152,1374.83,348.20,13.57,31.52,0.3766,1,-1,-1
449,140,487.79,506.02,38.07,101.17,0.7621,1,-1,-1
449,144,1387.88,347.83,13.62,33.96,0.4698,1,-1,-1
449,147,1379.06,348.24,14.03,32.97,0.4562,1,-1,-1
449,152,1375.09,348.19,13.77,32.00,0.3794,1,-1,-1
450,140,485.97,506.89,37.82,100.96,0.7402,1,-1,-1
450,144,1388.51,348.14,13.56,33.75,0.4844,1,-1,-1
450,147,1379.31,348.31,14.07,32.93,0.4756,1,-1,-1
450,152,1375.28,348.34,13.81,32.06,0.3877,1,-1,-1
451,140,483.06,507.18,37.99,102.18,0.6876,1,-1,-1
451,144,1389.50,348.16,13.63,33.93,0.4639,1,-1,-1
451,147,1379.69,348.65,13.95,32.84,0.4863,1,-1,-1
451,152,1374.96,348.98,13.80,32.00,0.3648,1,-1,-1
452,140,481.29,507.63,37.51,102.37,0.7217,1,-1,-1
452,144,1389.13,348.29,13.56,33.78,0.4893,1,-1,-1
452,147,1378.54,348.59,14.07,32.99,0.4932,1,-1,-1
452,152,1374.57,349.16,13.93,32.26,0.4064,1,-1,-1
453,140,478.34,508.54,37.83,104.18,0.7356,1,-1,-1
453,144,1388.89,348.02,13.73,34.15,0.4951,1,-1,-1
453,152,1375.61,348.54,14.45,33.08,0.4863,1,-1,-1
454,140,474.81,510.71,37.91,104.96,0.6706,1,-1,-1
454,144,1388.23,347.80,13.97,34.74,0.4649,1,-1,-1
454,152,1375.00,348.89,14.52,33.22,0.3513,1,-1,-1
454,147,1379.26,348.40,14.36,33.50,0.4776,1,-1,-1
455,140,472.01,512.65,37.61,104.59,0.6442,1,-1,-1
455,144,1388.67,347.73,14.31,35.14,0.4630,1,-1,-1
455,152,1374.78,349.21,14.48,33.12,0.3329,1,-1,-1
455,147,1380.06,348.44,14.41,33.59,0.4756,1,-1,-1
456,140,468.65,514.03,37.99,106.03,0.7233,1,-1,-1
456,144,1387.62,347.73,14.27,35.15,0.4417,1,-1,-1
456,152,1374.58,349.30,14.46,33.14,0.3208,1,-1,-1
456,147,1381.01,348.58,14.30,33.48,0.4961,1,-1,-1
457,140,466.66,514.21,38.58,107.92,0.7311,1,-1,-1
457,144,1387.04,347.74,14.22,35.19,0.4417,1,-1,-1
457,152,1373.93,349.51,14.30,32.97,0.3115,1,-1,-1
457,147,1382.52,348.90,13.94,33.12,0.4863,1,-1,-1
458,140,463.44,516.66,38.72,107.51,0.4844,1,-1,-1
458,144,1386.94,347.67,14.28,35.37,0.4776,1,-1,-1
458,152,1370.96,350.40,13.79,32.05,0.5059,1,-1,-1
458,147,1382.65,349.03,13.86,33.14,0.4893,1,-1,-1
459,140,459.64,518.62,38.56,106.38,0.7025,1,-1,-1
459,144,1387.57,348.23,14.28,35.30,0.5244,1,-1,-1
459,152,1369.13,350.76,13.58,31.69,0.5506,1,-1,-1
459,147,1382.77,349.25,13.76,33.08,0.5059,1,-1,-1
460,140,456.98,519.64,39.74,107.95,0.7606,1,-1,-1
460,144,1387.76,348.79,14.14,34.81,0.5283,1,-1,-1
460,152,1368.53,350.79,13.46,31.49,0.5273,1,-1,-1
460,147,1382.35,349.41,13.66,32.89,0.4600,1,-1,-1
461,140,453.21,522.01,41.01,108.60,0.7592,1,-1,-1
461,144,1387.89,349.47,14.01,34.29,0.5088,1,-1,-1
461,152,1367.94,351.01,13.28,31.04,0.4883,1,-1,-1
461,147,1381.29,349.84,13.59,32.69,0.4465,1,-1,-1
462,140,450.12,522.93,42.22,109.41,0.8176,1,-1,-1
462,144,1387.23,349.30,14.22,34.69,0.5166,1,-1,-1
462,152,1367.60,351.31,13.21,30.72,0.4990,1,-1,-1
462,147,1380.93,350.21,13.63,32.69,0.4494,1,-1,-1
463,140,446.71,526.15,42.88,108.19,0.8459,1,-1,-1
463,144,1387.36,349.63,14.12,34.54,0.5098,1,-1,-1
463,152,1367.77,351.90,13.08,30.29,0.4990,1,-1,-1
463,147,1380.53,351.09,13.38,32.13,0.4756,1,-1,-1
464,140,442.64,529.00,44.75,109.48,0.8222,1,-1,-1
464,144,1386.74,349.64,14.30,34.85,0.5059,1,-1,-1
464,152,1367.03,351.54,13.33,30.83,0.4990,1,-1,-1
464,147,1380.17,351.18,13.54,32.42,0.4727,1,-1,-1
465,140,438.63,531.04,46.51,110.41,0.8256,1,-1,-1
465,144,1386.49,349.68,14.40,35.03,0.5146,1,-1,-1
465,152,1367.04,351.95,13.35,30.56,0.5137,1,-1,-1
465,147,1379.85,351.12,13.63,32.62,0.4932,1,-1,-1
466,140,431.45,532.27,48.15,112.31,0.7853,1,-1,-1
466,144,1386.58,350.17,14.42,34.92,0.5215,1,-1,-1
466,152,1366.51,352.02,13.79,31.42,0.5448,1,-1,-1
466,147,1380.20,351.15,13.93,33.16,0.4746,1,-1,-1
467,140,426.63,533.02,49.63,113.62,0.7773,1,-1,-1
467,144,1386.50,350.76,14.31,34.50,0.5107,1,-1,-1
467,152,1366.18,352.02,13.96,31.78,0.5458,1,-1,-1
467,147,1380.48,351.20,14.09,33.27,0.4815,1,-1,-1
468,140,419.16,536.59,50.96,114.44,0.7122,1,-1,-1
468,144,1386.08,350.23,14.60,35.27,0.3648,1,-1,-1
468,152,1365.18,351.77,14.25,32.21,0.5059,1,-1,-1
468,147,1380.20,351.15,14.66,33.86,0.4465,1,-1,-1
469,140,410.45,539.86,51.47,113.82,0.7506,1,-1,-1
469,144,1384.86,350.51,14.89,35.79,0.2108,1,-1,-1
469,152,1364.44,351.99,14.27,32.13,0.5400,1,-1,-1
469,147,1380.39,350.95,15.21,34.34,0.5670,1,-1,-1
470,140,404.42,541.61,51.88,113.68,0.7202,1,-1,-1
470,144,1384.00,350.91,15.05,36.15,0.1571,1,-1,-1
470,152,1366.43,352.23,14.06,31.81,0.5000,1,-1,-1
470,147,1380.46,351.13,15.49,34.58,0.5283,1,-1,-1
471,140,395.84,544.13,52.53,114.34,0.7813,1,-1,-1
471,152,1367.58,352.43,14.23,32.53,0.4717,1,-1,-1
471,147,1379.28,351.22,15.84,35.25,0.5936,1,-1,-1
471,158,1360.43,353.10,11.30,31.45,0.5156,1,-1,-1
472,140,390.01,545.63,53.09,115.37,0.7417,1,-1,-1
472,152,1370.60,352.56,14.37,33.24,0.5293,1,-1,-1
472,147,1376.31,351.70,15.76,35.49,0.4834,1,-1,-1
472,158,1359.10,353.43,11.49,31.92,0.5185,1,-1,-1
473,140,383.48,548.61,53.06,116.05,0.7746,1,-1,-1
473,152,1372.37,352.28,14.63,33.94,0.5273,1,-1,-1
473,147,1376.04,351.93,15.36,35.21,0.5098,1,-1,-1
473,158,1356.61,353.40,11.51,31.81,0.5234,1,-1,-1
474,140,375.01,550.42,53.71,118.29,0.7677,1,-1,-1
474,152,1372.23,352.35,14.74,34.08,0.4737,1,-1,-1
474,147,1375.53,351.84,15.11,35.33,0.3877,1,-1,-1
474,158,1355.20,353.27,11.78,32.34,0.5496,1,-1,-1
474,159,1369.47,352.60,13.37,33.71,0.5612,1,-1,-1
475,140,370.48,552.46,53.29,118.59,0.7606,1,-1,-1
475,152,1371.70,352.93,14.52,33.76,0.2967,1,-1,-1
475,147,1374.27,351.79,14.88,35.09,0.2095,1,-1,-1
475,158,1353.68,353.52,11.92,32.51,0.5029,1,-1,-1
475,159,1369.23,352.83,13.26,33.43,0.5651,1,-1,-1
476,140,363.42,554.51,53.44,120.43,0.7813,1,-1,-1
476,152,1369.54,352.29,14.93,34.84,0.4121,1,-1,-1
476,147,1373.82,353.44,14.18,34.06,0.1204,1,-1,-1
476,158,1349.90,353.36,11.67,31.83,0.5049,1,-1,-1
476,159,1366.93,352.73,13.58,34.14,0.5370,1,-1,-1
477,140,358.48,555.90,53.48,121.84,0.7718,1,-1,-1
477,152,1368.45,352.15,15.26,35.78,0.4292,1,-1,-1
477,158,1348.42,353.32,11.74,31.91,0.5224,1,-1,-1
477,159,1364.99,352.43,13.94,35.06,0.5467,1,-1,-1
477,160,1356.47,352.74,13.21,33.58,0.4922,1,-1,-1
478,140,351.42,558.68,53.15,123.01,0.7905,1,-1,-1
478,152,1366.78,352.26,15.29,35.95,0.3057,1,-1,-1
478,158,1346.32,353.45,12.18,32.97,0.5332,1,-1,-1
478,159,1363.39,352.09,14.30,36.05,0.5020,1,-1,-1
478,160,1358.40,352.82,13.53,34.45,0.4668,1,-1,-1
479,140,342.26,561.97,53.22,124.77,0.7549,1,-1,-1
479,152,1366.54,353.26,14.38,33.89,0.2288,1,-1,-1
479,158,1343.36,353.36,12.73,34.48,0.5467,1,-1,-1
479,159,1363.19,352.48,14.28,36.15,0.4177,1,-1,-1
479,160,1358.09,353.03,13.73,34.98,0.5574,1,-1,-1
480,140,336.36,564.93,52.60,125.01,0.7592,1,-1,-1
480,152,1366.54,358.55,13.21,31.48,0.1059,1,-1,-1
480,158,1341.90,352.94,13.10,35.55,0.5273,1,-1,-1
480,159,1362.26,352.10,14.41,36.52,0.3469,1,-1,-1
480,160,1357.84,352.89,13.87,35.33,0.5955,1,-1,-1
481,140,327.02,567.80,52.80,127.27,0.6809,1,-1,-1
481,158,1340.74,352.86,13.35,35.64,0.5419,1,-1,-1
481,160,1357.51,351.95,14.74,37.27,0.6252,1,-1,-1
482,158,1339.47,352.68,13.72,35.92,0.5400,1,-1,-1
482,160,1356.35,351.43,15.28,38.26,0.6030,1,-1,-1
483,158,1336.64,353.25,13.73,35.65,0.5234,1,-1,-1
483,160,1353.64,350.94,15.60,38.92,0.5955,1,-1,-1
483,140,311.40,575.00,53.24,130.17,0.7606,1,-1,-1
484,158,1333.04,354.23,13.78,35.25,0.5467,1,-1,-1
484,160,1351.94,351.71,15.36,38.30,0.5898,1,-1,-1
484,140,301.06,576.87,53.64,132.36,0.2043,1,-1,-1
485,158,1330.66,354.38,14.04,35.70,0.5842,1,-1,-1
485,160,1348.77,352.54,15.30,38.28,0.4581,1,-1,-1
485,140,291.45,577.01,55.29,136.78,0.1865,1,-1,-1
486,158,1328.71,354.99,13.73,34.94,0.6132,1,-1,-1
486,160,1345.42,352.81,15.26,37.98,0.5804,1,-1,-1
486,140,283.55,583.09,54.59,135.99,0.7233,1,-1,-1
487,158,1326.79,355.01,13.72,34.74,0.6002,1,-1,-1
487,160,1343.26,352.68,15.60,38.44,0.5860,1,-1,-1
487,140,277.28,586.35,54.91,137.00,0.7170,1,-1,-1
488,158,1324.77,354.43,14.44,36.38,0.5622,1,-1,-1
488,160,1340.51,352.25,15.92,38.96,0.5860,1,-1,-1
488,140,266.69,591.11,55.04,137.30,0.5195,1,-1,-1
489,158,1319.66,355.32,14.01,35.18,0.5525,1,-1,-1
489,160,1335.38,353.98,15.38,37.44,0.4776,1,-1,-1
489,140,252.94,593.98,55.25,138.36,0.4688,1,-1,-1
490,158,1316.93,355.56,14.04,35.42,0.5390,1,-1,-1
490,160,1332.65,354.62,15.21,36.86,0.5146,1,-1,-1
490,140,244.11,598.15,56.34,140.94,0.7009,1,-1,-1
491,158,1315.92,355.81,14.25,35.33,0.5039,1,-1,-1
491,160,1330.03,354.52,15.59,37.58,0.5487,1,-1,-1
491,140,230.68,602.91,57.17,144.03,0.7506,1,-1,-1
492,158,1311.53,355.91,14.52,35.80,0.5068,1,-1,-1
492,160,1327.87,354.79,15.80,37.89,0.5516,1,-1,-1
492,140,220.87,606.11,57.46,145.17,0.7635,1,-1,-1
493,158,1306.70,356.98,14.08,34.96,0.5832,1,-1,-1
493,160,1323.74,356.25,15.16,36.54,0.4571,1,-1,-1
493,140,207.73,609.39,56.67,143.81,0.7217,1,-1,-1
494,158,1304.74,356.19,14.61,36.09,0.5351,1,-1,-1
494,160,1318.67,356.09,15.54,36.92,0.5438,1,-1,-1
494,140,191.18,612.57,58.47,148.94,0.1525,1,-1,-1
495,158,1298.41,355.99,15.04,37.21,0.5525,1,-1,-1
495,160,1315.73,356.35,15.72,37.11,0.5823,1,-1,-1
495,140,178.77,612.23,61.06,156.22,0.1629,1,-1,-1
496,158,1293.18,356.93,14.78,36.56,0.5651,1,-1,-1
496,160,1309.10,357.66,15.41,36.08,0.5390,1,-1,-1
496,140,162.93,620.31,60.64,156.10,0.7520,1,-1,-1
497,158,1290.82,357.25,14.99,36.46,0.5506,1,-1,-1
497,160,1305.55,357.75,15.59,36.29,0.5429,1,-1,-1
497,140,151.04,622.80,60.98,157.21,0.4698,1,-1,-1
498,158,1284.28,356.95,15.18,36.88,0.6234,1,-1,-1
498,160,1302.49,357.56,15.95,36.93,0.5380,1,-1,-1
498,140,135.40,628.97,61.77,160.63,0.7800,1,-1,-1
499,158,1278.62,357.07,15.50,37.26,0.6460,1,-1,-1
499,160,1295.34,357.72,16.13,36.96,0.5506,1,-1,-1
499,140,117.79,638.13,62.12,161.79,0.6993,1,-1,-1
500,158,1274.68,357.32,15.65,37.11,0.6011,1,-1,-1
500,160,1291.24,356.85,16.79,37.97,0.5612,1,-1,-1
500,140,103.26,642.36,62.56,162.69,0.6960,1,-1,-1
501,158,1268.25,357.64,15.50,36.73,0.5351,1,-1,-1
501,160,1284.67,357.96,16.59,37.03,0.5670,1,-1,-1
501,140,84.48,648.41,64.18,165.15,0.5525,1,-1,-1
502,158,1263.27,357.80,15.27,36.18,0.5068,1,-1,-1
502,160,1280.45,357.33,17.23,38.01,0.5312,1,-1,-1
502,140,70.68,653.09,64.77,166.67,0.7549,1,-1,-1
503,158,1256.44,358.42,15.33,36.43,0.6460,1,-1,-1
503,160,1273.48,358.33,16.97,36.94,0.4717,1,-1,-1
503,140,50.00,661.33,65.10,166.52,0.6960,1,-1,-1
504,158,1248.08,358.71,15.22,36.30,0.5448,1,-1,-1
504,160,1266.34,358.80,17.03,37.02,0.4824,1,-1,-1
504,140,27.21,669.05,67.09,170.41,0.7233,1,-1,-1
505,158,1243.55,358.43,15.50,36.66,0.5574,1,-1,-1
505,160,1259.55,358.63,17.56,37.84,0.5842,1,-1,-1
505,140,10.93,672.81,69.32,173.79,0.7295,1,-1,-1
506,158,1235.74,358.59,15.74,37.24,0.5302,1,-1,-1
506,160,1253.34,358.90,17.63,37.94,0.3998,1,-1,-1
506,140,-2.23,677.56,72.47,182.43,0.3442,1,-1,-1
507,158,1230.64,358.41,15.95,37.66,0.6334,1,-1,-1
507,160,1246.89,358.72,18.34,39.15,0.5898,1,-1,-1
508,158,1223.08,358.89,16.19,38.04,0.5879,1,-1,-1
508,160,1239.94,358.73,18.53,39.34,0.5117,1,-1,-1
509,158,1214.76,359.09,15.75,37.05,0.4844,1,-1,-1
509,160,1232.13,358.98,18.34,38.77,0.5438,1,-1,-1
510,158,1208.94,359.35,16.08,37.88,0.5775,1,-1,-1
510,160,1227.01,359.34,18.02,38.36,0.4707,1,-1,-1
511,158,1201.18,359.07,16.56,38.63,0.5010,1,-1,-1
511,160,1218.13,359.50,18.62,39.40,0.5438,1,-1,-1
512,158,1196.16,359.33,16.82,39.23,0.5651,1,-1,-1
512,160,1214.14,359.93,18.69,39.66,0.5574,1,-1,-1
513,158,1189.95,359.02,16.97,39.29,0.3140,1,-1,-1
513,160,1206.85,360.31,18.64,39.53,0.4484,1,-1,-1
514,158,1181.92,359.08,16.97,39.15,0.6243,1,-1,-1
514,160,1198.90,360.32,19.11,40.17,0.6197,1,-1,-1
515,158,1175.99,358.01,17.78,40.56,0.5564,1,-1,-1
515,160,1193.18,359.92,19.41,40.73,0.5496,1,-1,-1
516,158,1168.95,358.58,18.21,41.20,0.5651,1,-1,-1
516,160,1186.20,359.81,19.76,41.39,0.6558,1,-1,-1
517,158,1164.08,360.84,17.22,38.78,0.3730,1,-1,-1
517,160,1180.94,360.41,19.09,39.88,0.4746,1,-1,-1
518,158,1157.09,360.00,17.40,39.25,0.6388,1,-1,-1
518,160,1173.76,359.96,19.64,41.15,0.5679,1,-1,-1
519,158,1149.10,362.40,16.78,38.09,0.5098,1,-1,-1
519,160,1165.24,360.19,19.95,41.61,0.5670,1,-1,-1
520,158,1144.23,361.51,17.61,39.66,0.4902,1,-1,-1
520,160,1160.43,360.57,20.05,41.76,0.5689,1,-1,-1
521,158,1137.09,363.13,17.11,38.75,0.5689,1,-1,-1
521,160,1152.11,360.72,20.10,41.66,0.5535,1,-1,-1
522,158,1131.85,362.10,17.13,38.84,0.5699,1,-1,-1
522,160,1147.00,361.52,19.99,41.01,0.5765,1,-1,-1
523,158,1124.00,364.50,16.56,37.81,0.5670,1,-1,-1
523,160,1139.05,361.44,20.09,41.32,0.6179,1,-1,-1
524,158,1114.93,366.10,16.04,36.73,0.6105,1,-1,-1
524,160,1128.96,362.47,19.77,40.83,0.5332,1,-1,-1
525,158,1107.87,367.00,15.82,35.91,0.5603,1,-1,-1
525,160,1122.17,363.15,19.39,40.20,0.5467,1,-1,-1
526,158,1097.72,368.07,15.95,35.77,0.3821,1,-1,-1
526,160,1112.49,364.14,19.52,40.35,0.5205,1,-1,-1
527,158,1089.78,368.22,16.37,36.54,0.3115,1,-1,-1
527,160,1103.94,364.57,19.98,41.10,0.3612,1,-1,-1
528,158,1078.28,367.96,17.11,38.16,0.4668,1,-1,-1
528,160,1092.84,363.82,20.75,42.43,0.5166,1,-1,-1
529,158,1071.52,366.39,18.32,39.59,0.1520,1,-1,-1
529,160,1079.91,364.75,20.32,41.57,0.5438,1,-1,-1
530,160,1071.06,365.62,19.82,40.96,0.5651,1,-1,-1
533,158,1036.32,367.24,19.08,41.06,0.5078,1,-1,-1
583,197,85.65,414.11,28.51,54.85,0.5516,1,-1,-1
584,198,45.63,414.88,31.71,58.17,0.5409,1,-1,-1
585,200,1224.54,222.62,128.33,62.71,0.6095,4,-1,-1
586,200,1203.42,223.89,118.11,57.64,0.6496,4,-1,-1
587,200,1189.83,225.22,106.92,51.93,0.5351,4,-1,-1
588,200,1158.73,225.03,114.69,55.60,0.6352,4,-1,-1
589,200,1129.44,224.78,116.82,56.61,0.6206,4,-1,-1
590,200,1113.28,225.22,110.88,53.36,0.5917,4,-1,-1
591,200,1090.09,225.80,109.06,52.10,0.6114,4,-1,-1
592,200,1066.23,225.50,119.10,56.81,0.5496,4,-1,-1
593,200,1041.96,226.19,118.01,56.08,0.5263,4,-1,-1
594,200,1016.77,225.92,116.93,55.36,0.6442,4,-1,-1
595,200,992.79,225.32,128.14,61.02,0.6584,4,-1,-1
596,200,969.38,225.34,126.46,60.29,0.5477,4,-1,-1
597,200,955.03,225.21,121.00,57.63,0.6424,4,-1,-1
598,200,932.71,225.79,120.73,57.58,0.7090,4,-1,-1
599,200,908.96,225.55,119.29,57.08,0.5390,4,-1,-1
600,200,888.80,225.65,119.09,56.91,0.5458,4,-1,-1
601,200,862.34,225.64,120.22,57.60,0.6160,4,-1,-1
602,200,848.74,226.13,112.34,53.24,0.5448,4,-1,-1
603,200,828.59,225.72,106.57,49.86,0.5737,4,-1,-1
604,200,797.03,225.38,116.00,54.41,0.4824,4,-1,-1
605,200,774.07,225.46,122.06,57.26,0.4620,4,-1,-1
606,200,749.84,224.82,122.27,57.27,0.5860,4,-1,-1
607,200,731.17,225.16,126.38,59.50,0.7461,4,-1,-1
608,200,707.60,224.35,128.23,60.72,0.5708,4,-1,-1
609,200,678.58,223.77,130.36,62.03,0.6179,4,-1,-1
610,200,667.02,223.51,122.94,58.77,0.6792,4,-1,-1
611,200,640.25,223.23,123.94,59.23,0.6775,4,-1,-1
612,200,623.63,222.68,122.22,58.40,0.6142,4,-1,-1
613,200,593.78,222.80,129.52,62.20,0.6442,4,-1,-1
614,200,562.25,222.66,133.26,64.14,0.6976,4,-1,-1
615,200,544.82,222.55,131.68,63.54,0.6758,4,-1,-1
616,200,518.34,222.13,131.58,63.68,0.4206,4,-1,-1
617,200,497.20,221.14,133.89,64.94,0.6002,4,-1,-1
618,200,470.03,221.10,135.57,65.86,0.5215,4,-1,-1
619,200,439.44,220.33,135.23,65.57,0.6067,4,-1,-1
620,200,418.08,220.99,135.42,65.53,0.4698,4,-1,-1
621,200,389.15,220.87,136.29,65.79,0.2337,4,-1,-1
622,200,364.04,219.75,140.60,67.69,0.6142,4,-1,-1
623,200,335.01,219.05,140.72,67.52,0.4766,4,-1,-1
624,200,301.22,219.06,140.82,67.06,0.5215,4,-1,-1
625,200,273.62,216.76,146.48,69.53,0.5670,4,-1,-1
626,200,239.25,215.24,149.85,70.97,0.6370,4,-1,-1
627,200,217.04,214.73,152.63,72.34,0.5603,4,-1,-1
628,200,181.40,212.63,156.28,74.01,0.6602,4,-1,-1
629,200,147.49,212.58,156.09,73.85,0.6496,4,-1,-1
630,200,118.92,210.81,158.48,74.81,0.5612,4,-1,-1
631,200,91.41,211.88,152.31,72.04,0.6114,4,-1,-1
632,200,75.86,211.96,142.97,67.68,0.6179,4,-1,-1
633,200,30.75,209.69,150.16,70.62,0.5195,4,-1,-1
634,200,6.53,209.15,139.45,66.05,0.6496,4,-1,-1
635,200,-17.01,209.70,143.89,69.66,0.7606,4,-1,-1
636,200,-37.09,209.58,142.16,72.30,0.7138,4,-1,-1
637,200,-47.44,209.28,134.94,72.97,0.5946,4,-1,-1
652,206,921.04,444.27,33.29,63.27,0.6575,1,-1,-1
653,206,915.00,444.49,33.02,62.71,0.7334,1,-1,-1
654,206,908.52,445.74,32.25,61.31,0.6361,1,-1,-1
655,206,905.33,446.47,31.61,60.18,0.6343,1,-1,-1
655,207,916.75,445.20,22.27,62.43,0.5516,1,-1,-1
656,206,898.87,446.59,31.15,59.84,0.6766,1,-1,-1
656,207,917.29,445.18,21.13,59.34,0.6011,1,-1,-1
657,206,895.51,446.10,30.96,59.94,0.6984,1,-1,-1
657,207,915.84,444.87,20.77,58.55,0.5234,1,-1,-1
658,206,892.15,446.40,29.84,58.63,0.6522,1,-1,-1
658,207,912.38,444.88,20.38,57.69,0.4340,1,-1,-1
659,206,888.04,446.35,29.24,58.36,0.5370,1,-1,-1
659,207,908.62,444.68,19.81,56.04,0.5234,1,-1,-1
660,206,886.00,446.16,28.71,58.33,0.5784,1,-1,-1
660,207,906.89,444.83,18.99,53.67,0.6030,1,-1,-1
661,206,885.08,444.79,29.08,59.58,0.6522,1,-1,-1
661,207,903.11,443.87,19.84,55.89,0.5727,1,-1,-1
662,206,884.37,444.23,29.19,60.15,0.6715,1,-1,-1
662,207,900.93,443.47,20.23,56.58,0.5390,1,-1,-1
663,206,884.39,443.81,29.21,60.27,0.6610,1,-1,-1
663,207,897.85,443.42,21.26,59.29,0.5010,1,-1,-1
664,206,884.77,443.45,29.25,60.23,0.6343,1,-1,-1
664,207,895.93,442.84,21.69,60.29,0.5185,1,-1,-1
665,206,884.35,443.50,29.05,59.96,0.6123,1,-1,-1
665,207,895.18,442.83,21.83,60.76,0.5224,1,-1,-1
666,206,883.97,443.17,28.88,59.84,0.6197,1,-1,-1
666,207,893.85,442.44,21.71,60.46,0.5554,1,-1,-1
667,206,883.48,442.87,28.81,59.91,0.5554,1,-1,-1
667,207,893.68,442.28,21.34,59.56,0.5936,1,-1,-1
668,206,881.73,442.62,28.41,59.37,0.5390,1,-1,-1
668,207,893.26,442.37,20.99,58.75,0.5879,1,-1,-1
669,206,878.93,442.96,27.59,58.85,0.5727,1,-1,-1
669,207,893.57,442.91,20.19,57.29,0.4756,1,-1,-1
670,206,878.32,443.14,27.24,59.07,0.5879,1,-1,-1
670,207,892.76,442.96,20.05,57.80,0.4397,1,-1,-1
671,206,877.91,443.21,26.70,58.91,0.5487,1,-1,-1
671,207,892.82,442.99,19.29,56.47,0.4436,1,-1,-1
672,206,879.07,442.87,26.66,59.00,0.5438,1,-1,-1
672,207,892.06,442.83,19.28,56.87,0.5477,1,-1,-1
672,209,277.11,355.64,12.60,26.57,0.4795,1,-1,-1
673,206,878.75,442.68,26.60,59.36,0.4844,1,-1,-1
673,207,890.84,442.69,19.55,57.77,0.5670,1,-1,-1
673,209,276.73,355.24,12.98,27.38,0.5098,1,-1,-1
674,206,878.30,442.83,26.98,59.88,0.6030,1,-1,-1
674,207,887.52,442.41,20.44,58.89,0.6197,1,-1,-1
674,209,276.18,355.31,12.97,27.37,0.4824,1,-1,-1
675,206,877.60,443.06,27.03,59.77,0.5974,1,-1,-1
675,207,887.40,442.47,20.51,58.51,0.5765,1,-1,-1
675,209,275.80,355.00,13.04,27.55,0.5039,1,-1,-1
676,206,873.51,445.00,25.11,56.62,0.2465,1,-1,-1
676,209,275.17,354.30,13.16,27.86,0.3469,1,-1,-1
677,206,871.44,445.68,24.40,56.10,0.3225,1,-1,-1
677,209,274.02,354.19,13.41,28.41,0.3585,1,-1,-1
677,210,1064.09,383.64,13.54,31.59,0.4776,1,-1,-1
677,207,889.54,462.38,14.66,40.22,0.4912,1,-1,-1
678,206,871.32,446.42,23.99,55.99,0.4863,1,-1,-1
678,209,272.85,355.29,13.56,28.85,0.2674,1,-1,-1
678,210,1063.81,384.34,14.00,32.68,0.4301,1,-1,-1
678,207,888.60,465.70,14.15,37.27,0.3905,1,-1,-1
679,206,870.97,445.29,24.62,57.56,0.2644,1,-1,-1
679,209,271.51,356.05,13.03,27.70,0.3684,1,-1,-1
679,210,1062.70,384.83,14.19,32.98,0.3442,1,-1,-1
679,207,886.30,460.32,15.61,41.24,0.1938,1,-1,-1
680,206,869.45,444.90,24.75,58.42,0.4504,1,-1,-1
680,209,271.16,356.00,12.46,26.40,0.3522,1,-1,-1
680,210,1062.00,384.93,14.36,33.22,0.3766,1,-1,-1
680,207,884.14,461.99,15.41,40.11,0.1089,1,-1,-1
681,206,866.93,444.50,24.73,58.85,0.3998,1,-1,-1
681,209,268.77,356.06,12.44,26.24,0.1343,1,-1,-1
681,210,1060.44,385.31,14.39,32.99,0.2401,1,-1,-1
681,207,881.79,459.07,16.67,43.41,0.1705,1,-1,-1
682,206,865.60,443.40,25.16,60.18,0.5390,1,-1,-1
682,209,266.89,355.67,12.94,27.20,0.1330,1,-1,-1
682,210,1059.32,385.17,14.55,32.83,0.1221,1,-1,-1
682,207,879.59,448.64,20.30,53.91,0.4581,1,-1,-1
683,206,864.57,443.80,25.59,60.41,0.6593,1,-1,-1
683,210,1057.93,385.37,14.47,32.43,0.2095,1,-1,-1
683,207,876.84,444.14,21.58,57.96,0.3157,1,-1,-1
684,206,861.65,444.27,25.78,60.74,0.6487,1,-1,-1
684,210,1057.53,385.53,13.87,30.78,0.1437,1,-1,-1
684,207,870.56,443.62,22.90,60.26,0.5322,1,-1,-1
685,206,861.27,443.89,26.61,61.60,0.6602,1,-1,-1
685,210,1056.99,385.44,13.85,30.37,0.1002,1,-1,-1
686,206,859.50,443.75,27.23,61.90,0.6352,1,-1,-1
686,210,1055.37,385.51,14.39,31.11,0.1144,1,-1,-1
686,207,867.30,443.29,23.54,62.03,0.4610,1,-1,-1
687,206,856.30,444.30,27.58,62.49,0.6179,1,-1,-1
687,207,865.32,443.78,23.73,62.39,0.4698,1,-1,-1
688,206,854.70,443.94,28.15,63.27,0.7033,1,-1,-1
688,207,864.12,443.22,23.46,62.62,0.1217,1,-1,-1
689,206,851.52,444.92,27.67,61.76,0.6663,1,-1,-1
689,207,861.61,444.00,23.22,61.12,0.1380,1,-1,-1
690,206,849.72,445.52,27.68,61.42,0.6343,1,-1,-1
690,207,859.95,445.20,23.01,60.02,0.2705,1,-1,-1
691,206,845.34,446.85,26.94,60.14,0.5496,1,-1,-1
691,207,858.54,445.83,22.61,59.36,0.5727,1,-1,-1
692,206,841.42,446.93,26.86,60.44,0.5784,1,-1,-1
692,207,855.19,445.95,22.68,59.19,0.4717,1,-1,-1
693,206,837.13,447.41,26.87,60.82,0.6800,1,-1,-1
693,207,850.46,446.30,22.91,59.78,0.4795,1,-1,-1
694,206,831.75,448.15,26.68,61.11,0.6049,1,-1,-1
694,207,846.93,446.90,21.45,56.54,0.3877,1,-1,-1
695,206,828.03,448.10,26.59,60.75,0.6086,1,-1,-1
695,207,841.99,447.07,21.43,56.64,0.3451,1,-1,-1
696,206,823.16,448.29,27.40,61.35,0.5273,1,-1,-1
697,206,817.09,448.21,28.27,62.19,0.5244,1,-1,-1
698,206,809.48,448.59,27.98,61.70,0.4815,1,-1,-1
700,212,782.04,448.58,30.76,63.13,0.5487,1,-1,-1
701,212,769.08,448.55,31.32,64.15,0.6234,1,-1,-1
702,212,757.91,449.45,31.14,63.64,0.6343,1,-1,-1
703,212,742.64,450.51,31.16,63.39,0.6234,1,-1,-1
704,212,727.17,450.51,31.39,63.62,0.5784,1,-1,-1
705,212,715.78,452.03,30.90,62.20,0.6039,1,-1,-1
706,212,700.92,452.80,31.44,62.83,0.5039,1,-1,-1
707,212,689.72,452.89,31.97,63.35,0.6206,1,-1,-1
708,212,674.82,453.39,32.65,64.53,0.4698,1,-1,-1
709,212,655.63,454.13,33.04,65.64,0.4630,1,-1,-1
710,212,644.53,454.99,33.78,66.57,0.6086,1,-1,-1
711,212,630.00,454.20,35.20,69.36,0.3277,1,-1,-1
712,212,618.54,454.72,35.49,69.09,0.3998,1,-1,-1
713,212,603.03,455.61,36.85,71.21,0.4533,1,-1,-1
714,212,589.05,456.50,36.01,69.58,0.3648,1,-1,-1
715,212,573.43,459.25,36.07,69.48,0.4902,1,-1,-1
716,212,559.11,460.24,37.29,70.87,0.6095,1,-1,-1
717,212,545.85,463.31,35.38,68.82,0.5448,1,-1,-1
718,212,534.37,464.86,34.96,69.49,0.6451,1,-1,-1
719,212,527.78,465.52,34.78,70.41,0.6540,1,-1,-1
720,212,523.82,467.05,33.64,69.66,0.6334,1,-1,-1
720,215,553.88,466.08,25.22,63.08,0.5370,1,-1,-1
721,212,522.03,469.12,32.39,68.27,0.6809,1,-1,-1
721,215,552.06,466.29,26.22,65.67,0.5535,1,-1,-1
722,212,521.40,469.44,32.12,68.92,0.6901,1,-1,-1
722,215,550.23,466.44,26.26,65.74,0.6334,1,-1,-1
723,212,519.88,470.10,31.48,68.48,0.6868,1,-1,-1
723,215,546.78,466.96,26.47,66.28,0.6637,1,-1,-1
724,212,518.03,470.82,31.20,68.88,0.6951,1,-1,-1
724,215,544.60,468.00,26.18,65.62,0.6876,1,-1,-1
725,212,517.49,471.30,30.77,68.87,0.6901,1,-1,-1
725,215,543.26,469.26,25.96,65.06,0.5332,1,-1,-1
726,212,515.32,473.06,29.88,68.03,0.6800,1,-1,-1
726,215,542.31,471.40,25.84,64.21,0.4756,1,-1,-1
727,212,513.83,473.80,29.59,68.58,0.7001,1,-1,-1
727,215,540.91,469.99,26.28,64.92,0.6325,1,-1,-1
728,212,511.36,474.50,29.60,69.33,0.7287,1,-1,-1
728,215,538.33,469.44,27.46,67.54,0.6397,1,-1,-1
729,212,508.84,475.80,29.41,69.80,0.7241,1,-1,-1
729,215,535.72,471.66,27.40,66.97,0.6505,1,-1,-1
730,212,507.47,476.45,29.22,70.22,0.7484,1,-1,-1
730,215,534.12,472.50,27.43,66.77,0.6817,1,-1,-1
731,212,505.06,477.45,29.05,70.69,0.7287,1,-1,-1
731,215,530.75,471.35,28.98,70.77,0.6433,1,-1,-1
732,212,503.57,478.07,28.95,71.42,0.7287,1,-1,-1
732,215,529.07,471.80,29.13,71.45,0.7050,1,-1,-1
733,212,501.35,478.26,28.92,71.59,0.7082,1,-1,-1
733,215,527.31,473.55,28.60,70.57,0.6851,1,-1,-1
734,212,498.19,478.84,29.35,72.69,0.7082,1,-1,-1
734,215,525.38,475.49,28.35,69.95,0.6968,1,-1,-1
735,212,496.54,480.18,29.21,72.79,0.7303,1,-1,-1
735,215,524.36,476.71,27.70,69.11,0.6976,1,-1,-1
736,212,494.80,482.20,28.12,70.18,0.7498,1,-1,-1
736,215,522.43,477.52,27.00,67.97,0.7025,1,-1,-1
737,212,493.09,483.39,27.56,69.26,0.7454,1,-1,-1
737,215,520.55,478.91,26.74,67.31,0.7025,1,-1,-1
738,212,489.94,484.44,28.66,72.18,0.7409,1,-1,-1
738,215,517.84,480.23,27.07,67.79,0.7050,1,-1,-1
738,216,787.73,399.04,17.51,37.61,0.5010,1,-1,-1
739,212,486.84,486.26,28.28,71.06,0.7256,1,-1,-1
739,215,514.44,480.54,27.76,69.22,0.6834,1,-1,-1
739,216,787.07,399.01,17.56,37.67,0.4369,1,-1,-1
740,212,484.27,486.67,28.79,72.23,0.7599,1,-1,-1
740,215,512.44,481.33,27.90,69.16,0.6783,1,-1,-1
740,216,786.69,399.78,17.64,37.79,0.4045,1,-1,-1
741,212,482.11,487.80,28.32,70.86,0.7318,1,-1,-1
741,215,509.57,482.98,28.17,69.57,0.6522,1,-1,-1
741,216,786.58,400.80,17.42,37.24,0.3621,1,-1,-1
742,212,479.20,488.68,28.87,72.06,0.7454,1,-1,-1
742,215,507.72,484.31,28.53,70.12,0.6876,1,-1,-1
742,216,786.34,401.19,17.71,37.88,0.4017,1,-1,-1
743,212,475.73,489.85,29.66,74.02,0.7712,1,-1,-1
743,215,505.54,485.01,28.91,71.02,0.7585,1,-1,-1
743,216,786.39,401.80,17.84,38.20,0.4216,1,-1,-1
744,212,471.29,490.82,30.43,76.47,0.7194,1,-1,-1
744,215,502.14,485.89,29.26,71.58,0.7318,1,-1,-1
744,216,786.37,402.55,17.70,37.91,0.3923,1,-1,-1
745,212,468.67,492.01,30.83,77.88,0.7272,1,-1,-1
745,215,499.68,486.50,29.55,72.50,0.7506,1,-1,-1
745,216,786.43,403.38,17.42,37.31,0.3016,1,-1,-1
746,212,464.92,492.57,31.38,79.35,0.7614,1,-1,-1
746,215,496.48,486.57,30.65,74.80,0.7564,1,-1,-1
746,216,786.38,403.87,17.39,37.23,0.4854,1,-1,-1
747,212,462.13,493.13,31.20,79.26,0.7886,1,-1,-1
747,215,494.32,487.67,31.25,75.72,0.7491,1,-1,-1
747,216,786.61,404.64,17.05,36.46,0.4961,1,-1,-1
748,212,458.73,494.38,31.02,79.13,0.7527,1,-1,-1
748,215,490.78,489.71,31.47,75.20,0.7556,1,-1,-1
748,216,785.91,405.38,17.16,36.52,0.4824,1,-1,-1
749,212,455.21,496.74,30.29,77.21,0.7912,1,-1,-1
749,215,486.31,491.41,32.27,75.94,0.6817,1,-1,-1
749,216,785.37,406.10,17.57,37.31,0.5224,1,-1,-1
750,212,452.76,498.37,30.09,76.51,0.7899,1,-1,-1
750,215,483.51,492.27,32.82,76.38,0.7050,1,-1,-1
750,216,785.69,406.63,17.21,36.37,0.5409,1,-1,-1
751,212,448.95,499.53,31.06,79.34,0.7146,1,-1,-1
751,215,480.01,493.92,33.40,76.60,0.7225,1,-1,-1
751,216,785.47,407.00,17.12,36.15,0.5195,1,-1,-1
752,212,445.83,501.07,31.16,79.65,0.7318,1,-1,-1
752,215,478.10,494.51,33.50,75.78,0.7170,1,-1,-1
752,216,785.29,407.36,17.14,36.09,0.5176,1,-1,-1
753,212,440.97,502.32,31.33,79.78,0.7766,1,-1,-1
753,215,473.16,496.18,34.02,76.47,0.7138,1,-1,-1
753,216,785.18,407.68,17.14,36.09,0.4659,1,-1,-1
754,212,437.06,504.72,31.10,79.37,0.7241,1,-1,-1
754,215,468.09,496.89,34.41,76.53,0.7656,1,-1,-1
754,216,784.72,408.25,17.24,36.48,0.5458,1,-1,-1
755,212,433.73,505.72,31.60,80.66,0.7303,1,-1,-1
755,215,463.86,498.18,34.55,76.21,0.6935,1,-1,-1
755,216,784.40,408.57,17.27,36.73,0.4707,1,-1,-1
756,212,429.81,508.19,31.74,80.76,0.7469,1,-1,-1
756,215,458.32,499.85,35.09,77.13,0.6602,1,-1,-1
756,216,783.40,409.20,17.43,37.01,0.1541,2,-1,-1
757,212,426.36,509.35,31.91,80.83,0.7439,1,-1,-1
757,215,453.75,500.54,36.02,79.09,0.7424,1,-1,-1
757,216,782.28,410.03,17.63,37.14,0.1901,2,-1,-1
758,212,421.27,510.35,32.62,82.71,0.7556,1,-1,-1
758,215,449.09,502.69,36.30,80.09,0.7202,1,-1,-1
758,216,783.51,410.54,16.84,35.36,0.4475,1,-1,-1
759,212,416.10,512.21,32.74,82.49,0.7950,1,-1,-1
759,215,443.29,502.86,36.90,82.15,0.7356,1,-1,-1
759,216,783.66,410.94,16.76,35.09,0.4330,1,-1,-1
760,212,412.46,513.60,32.90,82.50,0.7454,1,-1,-1
760,215,438.95,503.39,37.95,84.99,0.7106,1,-1,-1
760,216,783.58,411.81,16.73,34.78,0.3675,1,-1,-1
761,212,407.81,515.58,33.17,83.15,0.7556,1,-1,-1
761,215,434.78,506.23,37.19,82.83,0.7773,1,-1,-1
761,216,782.92,412.46,17.89,37.16,0.3355,1,-1,-1
762,212,404.02,516.04,33.44,84.11,0.7513,1,-1,-1
762,215,432.01,508.80,37.18,82.10,0.7295,1,-1,-1
762,216,782.62,413.10,18.31,38.06,0.2902,1,-1,-1
762,218,507.00,685.01,51.09,25.67,0.6142,4,-1,-1
763,212,398.41,517.13,34.12,86.29,0.7409,1,-1,-1
763,215,428.35,510.63,37.46,83.14,0.7025,1,-1,-1
763,216,781.86,413.77,18.54,38.71,0.1950,1,-1,-1
763,218,501.72,689.84,53.45,26.86,0.5166,4,-1,-1
764,212,393.03,519.73,34.04,86.26,0.7670,1,-1,-1
764,215,423.36,512.53,37.79,84.59,0.6671,1,-1,-1
764,218,495.89,695.34,56.10,28.23,0.4446,4,-1,-1
765,212,388.91,521.51,34.24,86.74,0.7379,1,-1,-1
765,215,418.95,514.29,37.96,85.39,0.7432,1,-1,-1
765,218,493.30,699.32,55.60,27.99,0.4941,4,-1,-1
766,212,384.08,522.90,34.98,88.34,0.7025,1,-1,-1
766,215,414.27,515.59,38.47,87.58,0.6993,1,-1,-1
766,218,488.70,706.33,56.31,28.32,0.4659,4,-1,-1
767,212,379.66,524.98,35.54,89.89,0.7498,1,-1,-1
767,215,410.67,517.91,38.44,87.54,0.7186,1,-1,-1
767,218,484.77,710.23,56.42,28.41,0.6049,4,-1,-1
767,221,562.21,701.22,53.05,30.04,0.5400,4,-1,-1
768,212,374.14,526.63,36.34,92.37,0.7684,1,-1,-1
768,215,406.59,520.45,37.41,85.72,0.6689,1,-1,-1
768,218,480.81,716.65,54.21,27.22,0.2870,4,-1,-1
768,221,557.62,705.48,58.07,32.86,0.1913,4,-1,-1
769,212,368.31,528.90,35.93,91.37,0.7280,1,-1,-1
769,215,400.61,521.73,37.51,86.70,0.7295,1,-1,-1
769,218,474.01,722.85,56.13,28.16,0.3200,4,-1,-1
769,221,551.78,712.45,57.31,32.42,0.3666,4,-1,-1
770,212,364.96,531.73,35.07,89.06,0.7753,1,-1,-1
770,215,397.27,523.29,37.45,87.49,0.7264,1,-1,-1
771,212,359.17,534.00,35.72,90.67,0.6885,1,-1,-1
771,215,391.41,526.12,36.26,85.58,0.6800,1,-1,-1
771,218,463.86,733.02,59.74,30.02,0.5068,4,-1,-1
772,212,354.47,536.36,36.09,90.66,0.6968,1,-1,-1
772,215,386.23,527.14,35.54,83.90,0.7372,1,-1,-1
772,218,458.00,737.11,62.33,31.46,0.4369,4,-1,-1
773,212,348.47,539.42,36.19,90.40,0.6343,1,-1,-1
773,215,381.11,528.36,35.23,84.51,0.5487,1,-1,-1
773,218,453.40,743.67,61.19,30.90,0.1357,4,-1,-1
774,212,342.34,541.07,36.27,90.16,0.6766,1,-1,-1
774,215,374.88,529.89,35.85,87.45,0.6132,1,-1,-1
775,212,336.45,542.27,39.04,97.38,0.6868,1,-1,-1
775,215,370.49,531.37,35.28,87.21,0.5983,1,-1,-1
776,212,329.17,543.74,40.19,100.52,0.7082,1,-1,-1
776,215,363.00,531.38,36.55,90.73,0.6740,1,-1,-1
776,222,1037.44,521.17,96.01,36.13,0.4912,4,-1,-1
777,212,323.67,545.67,39.78,99.86,0.6715,1,-1,-1
777,215,357.73,532.50,37.39,93.35,0.4961,1,-1,-1
777,222,1037.10,522.35,98.69,37.18,0.5117,4,-1,-1
778,212,317.94,548.15,39.53,99.41,0.5574,1,-1,-1
778,215,351.20,536.34,36.66,92.09,0.5068,1,-1,-1
778,222,1037.15,524.24,100.86,38.07,0.1618,4,-1,-1
779,212,310.09,550.68,39.48,99.58,0.6397,1,-1,-1
779,215,343.86,539.83,36.37,91.39,0.5380,1,-1,-1
780,212,303.42,550.90,39.65,100.53,0.7241,1,-1,-1
780,215,338.61,540.98,36.86,92.93,0.5176,1,-1,-1
781,212,296.18,554.11,40.05,102.17,0.6885,1,-1,-1
781,215,329.75,544.84,38.72,97.32,0.4639,1,-1,-1
782,212,290.09,555.79,40.14,103.71,0.6758,1,-1,-1
782,215,322.77,547.69,39.68,99.64,0.3398,2,-1,-1
783,212,282.70,558.32,40.68,105.59,0.7210,1,-1,-1
783,215,315.60,550.43,38.66,97.71,0.3933,1,-1,-1
784,212,273.86,562.98,39.92,104.07,0.6885,1,-1,-1
784,215,307.90,552.48,37.60,94.84,0.5370,1,-1,-1
785,212,267.56,565.31,39.62,103.62,0.7364,1,-1,-1
785,215,302.07,553.87,36.80,92.71,0.6105,1,-1,-1
786,212,259.17,568.43,39.88,104.32,0.7146,1,-1,-1
786,215,293.85,556.94,37.50,94.68,0.5574,1,-1,-1
787,212,252.49,570.48,40.20,104.97,0.7130,1,-1,-1
787,215,286.67,559.16,38.38,96.32,0.6095,1,-1,-1
788,212,242.23,574.43,41.66,108.87,0.7326,1,-1,-1
788,215,276.65,562.22,40.62,102.89,0.6860,1,-1,-1
789,212,229.83,577.69,42.47,111.01,0.7295,1,-1,-1
789,215,264.45,565.46,40.31,102.15,0.6689,1,-1,-1
790,212,221.75,580.72,42.45,110.16,0.7571,1,-1,-1
790,215,256.21,566.60,41.84,105.53,0.6792,1,-1,-1
791,212,208.31,585.13,43.51,112.15,0.7154,1,-1,-1
791,215,243.27,568.95,42.29,106.05,0.6876,1,-1,-1
792,212,198.09,587.97,43.78,112.29,0.6361,1,-1,-1
792,215,234.03,571.54,43.57,108.80,0.6706,1,-1,-1
793,212,180.65,591.08,45.82,116.92,0.6976,1,-1,-1
793,215,219.26,574.84,43.40,107.99,0.7476,1,-1,-1
794,212,160.96,594.51,45.06,113.92,0.7170,1,-1,-1
794,215,200.56,579.86,43.95,108.28,0.7578,1,-1,-1
795,212,146.86,597.57,45.99,115.34,0.7341,1,-1,-1
795,215,187.73,584.43,43.48,107.52,0.7578,1,-1,-1
796,212,125.34,602.13,46.22,114.43,0.6876,1,-1,-1
796,215,168.08,589.69,44.57,110.28,0.7074,1,-1,-1
797,212,108.75,608.72,45.67,111.48,0.6860,1,-1,-1
797,215,152.02,593.08,45.42,111.48,0.6637,1,-1,-1
798,212,83.34,612.65,47.45,115.21,0.7520,1,-1,-1
798,215,129.22,597.61,46.14,113.16,0.7058,1,-1,-1
799,212,56.65,619.95,48.32,116.48,0.6225,1,-1,-1
799,215,103.56,603.27,46.30,113.00,0.7170,1,-1,-1
800,212,36.38,625.36,49.24,117.19,0.6654,1,-1,-1
800,215,84.01,607.46,48.11,115.84,0.7280,1,-1,-1
801,212,8.87,624.89,54.62,128.80,0.4766,1,-1,-1
801,215,60.53,612.52,51.31,119.84,0.6370,1,-1,-1
802,212,-6.59,625.08,55.12,133.02,0.6243,1,-1,-1
802,215,40.45,616.44,52.85,122.13,0.6261,1,-1,-1
803,215,13.47,624.60,54.27,121.57,0.5312,1,-1,-1
840,234,483.87,318.17,48.78,44.16,0.5660,4,-1,-1
855,240,175.81,352.24,74.08,110.39,0.6105,4,-1,-1
856,240,154.12,353.31,74.41,110.76,0.5860,4,-1,-1
857,240,139.89,356.89,70.78,104.87,0.5737,4,-1,-1
858,240,120.10,359.56,73.65,107.86,0.1196,4,-1,-1
859,240,85.99,359.40,75.75,110.62,0.6602,4,-1,-1
860,240,66.06,357.32,78.43,113.91,0.4562,4,-1,-1
861,240,38.52,358.84,77.53,112.53,0.6478,4,-1,-1
862,240,20.76,358.82,78.60,113.75,0.5756,4,-1,-1
863,240,3.93,362.62,76.06,108.82,0.2309,4,-1,-1
865,246,1733.66,538.22,115.64,45.26,0.5708,4,-1,-1
866,246,1712.16,537.00,117.21,45.91,0.6567,4,-1,-1
867,246,1693.22,535.43,123.27,48.39,0.6424,4,-1,-1
868,246,1669.58,535.05,126.23,49.66,0.5804,4,-1,-1
869,246,1644.64,533.19,130.15,51.43,0.6352,4,-1,-1
870,246,1632.33,533.75,120.19,47.48,0.5458,4,-1,-1
871,246,1613.69,534.04,112.52,44.41,0.4244,4,-1,-1
872,246,1599.76,533.91,110.06,43.17,0.5603,4,-1,-1
873,246,1579.07,533.36,111.63,43.62,0.4484,4,-1,-1
874,246,1552.25,529.59,117.60,45.90,0.2854,4,-1,-1
875,246,1545.45,530.16,102.49,39.64,0.3720,4,-1,-1
876,246,1525.77,528.44,101.25,39.07,0.4504,4,-1,-1
877,246,1508.03,526.74,111.05,43.08,0.4273,4,-1,-1
878,246,1488.46,525.90,112.22,43.54,0.1962,4,-1,-1
879,246,1464.01,525.12,115.58,45.00,0.1466,4,-1,-1
883,246,1401.69,521.94,98.62,37.89,0.5117,4,-1,-1
884,246,1381.96,521.47,96.47,36.67,0.5088,4,-1,-1
885,246,1368.32,521.26,96.87,36.58,0.5429,4,-1,-1
886,246,1345.48,519.48,103.45,39.30,0.4083,4,-1,-1
887,246,1330.25,518.68,103.56,39.42,0.1859,4,-1,-1
891,246,1259.93,515.09,104.64,39.99,0.5205,4,-1,-1
892,246,1247.56,514.83,102.23,39.08,0.4542,4,-1,-1
893,246,1231.99,515.01,99.71,38.18,0.3540,4,-1,-1
894,246,1217.63,514.96,95.01,36.11,0.3666,4,-1,-1
895,246,1205.75,514.17,97.23,37.01,0.4292,4,-1,-1
896,246,1190.93,514.24,97.97,37.43,0.5244,4,-1,-1
897,246,1179.99,512.17,99.23,38.18,0.4893,4,-1,-1
898,246,1168.45,512.93,96.04,36.85,0.6334,4,-1,-1
899,246,1152.59,511.74,96.42,37.15,0.5670,4,-1,-1
900,246,1142.40,511.69,97.37,37.58,0.6352,4,-1,-1
901,246,1132.23,511.64,91.26,34.86,0.5756,4,-1,-1
902,246,1121.38,511.59,94.23,36.02,0.6021,4,-1,-1
903,246,1108.43,511.52,91.80,34.89,0.5496,4,-1,-1
904,246,1091.87,510.78,95.20,36.32,0.5908,4,-1,-1
905,246,1083.41,510.81,91.32,34.71,0.6442,4,-1,-1
906,246,1069.36,511.00,92.70,35.24,0.7009,4,-1,-1
907,246,1058.57,510.60,93.36,35.60,0.6206,4,-1,-1
908,246,1043.83,510.06,96.48,37.16,0.5993,4,-1,-1
909,246,1028.71,510.51,95.35,36.94,0.6030,4,-1,-1
910,246,1021.08,510.96,90.27,34.87,0.6758,4,-1,-1
911,246,1005.09,510.10,93.67,36.39,0.5898,4,-1,-1
912,246,995.88,510.08,93.35,36.39,0.5765,4,-1,-1
913,246,982.23,510.45,93.31,36.60,0.3739,4,-1,-1
914,246,969.42,510.34,88.79,34.77,0.5438,4,-1,-1
915,246,956.10,509.78,95.55,37.84,0.4273,4,-1,-1
915,259,1790.31,508.25,112.09,38.94,0.6860,4,-1,-1
916,246,944.60,510.37,90.37,35.60,0.3803,4,-1,-1
916,259,1767.20,505.92,115.19,40.02,0.5936,4,-1,-1
917,246,936.37,510.55,88.93,34.96,0.3074,4,-1,-1
917,259,1755.70,505.17,111.38,38.71,0.7264,4,-1,-1
918,246,923.34,510.51,86.38,33.69,0.5554,4,-1,-1
918,259,1736.74,504.02,110.07,38.31,0.7520,4,-1,-1
919,246,906.89,510.35,89.72,35.05,0.4630,4,-1,-1
919,259,1715.91,502.82,107.55,37.45,0.7549,4,-1,-1
920,246,897.03,510.44,88.88,34.56,0.4130,4,-1,-1
920,259,1700.07,502.02,108.16,37.65,0.7372,4,-1,-1
921,246,883.27,510.65,88.73,34.40,0.5263,4,-1,-1
921,259,1681.69,500.86,108.82,37.94,0.7635,4,-1,-1
922,246,873.59,510.67,88.88,34.36,0.5263,4,-1,-1
922,259,1669.67,500.28,106.06,36.94,0.7217,4,-1,-1
923,246,860.15,510.49,89.52,34.49,0.5670,4,-1,-1
923,259,1654.22,499.12,103.99,36.34,0.7402,4,-1,-1
924,246,843.91,510.72,92.38,35.63,0.5244,4,-1,-1
924,259,1632.92,498.20,105.72,36.88,0.7074,4,-1,-1
925,246,835.71,510.64,89.09,34.14,0.6567,4,-1,-1
925,259,1618.81,496.26,106.96,37.44,0.7186,4,-1,-1
926,246,823.14,511.13,87.53,33.44,0.6289,4,-1,-1
926,259,1601.67,494.27,109.55,38.74,0.5010,4,-1,-1
927,246,813.94,511.29,85.76,32.50,0.6215,4,-1,-1
927,259,1590.06,494.78,107.56,38.14,0.2621,4,-1,-1
928,246,799.42,511.36,86.98,32.86,0.5419,4,-1,-1
928,259,1574.78,494.14,104.17,37.04,0.6298,4,-1,-1
929,246,784.55,511.49,88.28,33.23,0.7009,4,-1,-1
929,259,1556.68,491.82,106.31,38.21,0.4292,4,-1,-1
930,246,776.10,511.73,87.91,32.86,0.6876,4,-1,-1
930,259,1545.38,491.99,104.96,37.89,0.2524,4,-1,-1
930,283,1786.26,472.68,28.20,61.32,0.6575,1,-1,-1
931,246,768.72,511.26,86.86,32.28,0.7202,4,-1,-1
931,259,1535.12,491.27,103.74,37.58,0.6343,4,-1,-1
931,283,1775.00,470.77,28.62,62.23,0.6451,1,-1,-1
932,246,763.01,510.95,87.54,32.44,0.7311,4,-1,-1
932,259,1530.99,491.86,99.01,35.86,0.5679,4,-1,-1
932,283,1767.04,469.53,29.09,63.24,0.6593,1,-1,-1
932,287,1244.22,417.77,15.61,40.45,0.4610,1,-1,-1
933,246,758.49,511.03,86.28,31.85,0.7326,4,-1,-1
933,259,1523.29,489.93,104.45,38.28,0.4054,4,-1,-1
933,283,1759.07,469.73,28.82,62.62,0.7656,1,-1,-1
933,287,1239.73,417.31,15.80,40.98,0.4893,1,-1,-1
934,246,757.01,511.34,83.79,30.75,0.7372,4,-1,-1
934,259,1519.83,489.36,104.16,38.66,0.3603,4,-1,-1
934,283,1752.69,469.33,28.94,62.65,0.7225,1,-1,-1
934,287,1235.17,417.38,15.42,39.98,0.5351,1,-1,-1
934,289,1100.72,421.75,19.58,41.25,0.5185,1,-1,-1
935,246,759.25,512.03,77.84,28.10,0.6522,4,-1,-1
935,259,1520.93,490.41,97.67,36.23,0.3355,4,-1,-1
935,283,1749.97,469.09,29.03,62.55,0.7484,1,-1,-1
935,287,1233.35,417.94,14.91,38.69,0.4824,1,-1,-1
935,289,1098.89,422.51,19.38,40.87,0.5612,1,-1,-1
936,246,757.49,512.04,79.00,28.25,0.6270,4,-1,-1
936,259,1518.70,489.39,100.00,37.49,0.2806,4,-1,-1
936,283,1747.39,469.18,29.09,62.31,0.7753,1,-1,-1
936,287,1232.78,417.62,15.20,39.57,0.4168,1,-1,-1
936,289,1096.33,423.10,19.31,40.82,0.5993,1,-1,-1
937,246,756.65,511.93,79.74,28.25,0.5860,4,-1,-1
937,259,1517.68,488.90,100.87,38.21,0.3558,4,-1,-1
937,283,1745.81,469.21,29.34,62.34,0.7753,1,-1,-1
937,287,1232.45,417.16,15.45,40.63,0.2576,1,-1,-1
937,289,1095.15,423.59,19.02,40.27,0.6123,1,-1,-1
937,291,1422.94,407.07,13.62,40.74,0.5020,1,-1,-1
938,246,756.73,512.03,79.62,27.94,0.5361,4,-1,-1
938,259,1517.70,488.79,100.54,38.44,0.4455,4,-1,-1
938,283,1744.63,469.49,29.62,62.21,0.7886,1,-1,-1
938,287,1232.67,416.82,15.69,41.48,0.3486,1,-1,-1
938,289,1094.35,424.28,18.65,39.49,0.5860,1,-1,-1
938,291,1422.66,406.76,13.71,41.01,0.5039,1,-1,-1
939,246,756.84,511.96,79.60,27.68,0.5574,4,-1,-1
939,259,1517.83,488.56,100.69,38.86,0.4805,4,-1,-1
939,283,1743.65,469.79,30.03,62.21,0.7899,1,-1,-1
939,287,1233.12,417.02,15.72,41.65,0.3398,1,-1,-1
939,289,1093.35,423.90,19.04,40.41,0.5631,1,-1,-1
939,291,1422.27,406.08,13.91,41.62,0.5117,1,-1,-1
940,246,757.00,511.75,79.88,27.54,0.5039,4,-1,-1
940,259,1518.16,488.59,100.82,39.25,0.2926,4,-1,-1
940,283,1743.00,470.14,30.37,61.99,0.7780,1,-1,-1
940,287,1234.67,417.26,15.70,41.57,0.2531,1,-1,-1
940,289,1092.98,423.75,19.00,40.46,0.4273,1,-1,-1
940,291,1422.17,405.87,13.92,41.65,0.4961,1,-1,-1
941,246,756.36,511.42,81.52,27.99,0.4610,4,-1,-1
941,259,1518.98,488.70,99.89,39.20,0.3504,4,-1,-1
941,283,1742.62,470.30,30.66,61.72,0.7698,1,-1,-1
941,287,1234.67,416.87,16.02,42.33,0.4600,1,-1,-1
941,289,1092.59,423.68,18.64,39.80,0.3390,1,-1,-1
941,291,1422.21,406.12,13.82,41.36,0.4941,1,-1,-1
942,246,755.55,511.15,83.41,28.59,0.5068,4,-1,-1
942,259,1519.95,488.81,98.94,39.11,0.4340,4,-1,-1
942,283,1742.44,470.37,31.04,61.68,0.7684,1,-1,-1
942,287,1235.65,416.85,16.03,42.08,0.2910,1,-1,-1
942,289,1091.76,423.36,18.33,39.08,0.3132,1,-1,-1
942,291,1422.26,406.39,13.70,41.02,0.4610,1,-1,-1
943,246,754.92,510.72,85.09,29.16,0.3849,4,-1,-1
943,259,1520.47,488.73,98.45,39.19,0.3970,4,-1,-1
943,283,1741.99,470.18,31.58,62.10,0.7753,1,-1,-1
943,287,1237.69,416.90,14.19,37.41,0.2798,1,-1,-1
943,289,1091.35,424.31,17.47,36.96,0.1582,1,-1,-1
943,291,1422.47,407.33,13.42,40.15,0.4301,1,-1,-1
944,246,755.35,510.53,84.76,28.99,0.2830,4,-1,-1
944,259,1520.85,488.77,97.79,39.14,0.4533,4,-1,-1
944,283,1741.60,470.05,31.92,62.28,0.7698,1,-1,-1
944,287,1239.51,416.53,13.88,36.75,0.2323,1,-1,-1
944,289,1091.00,424.43,16.98,35.84,0.1925,1,-1,-1
944,291,1422.45,407.40,13.38,40.02,0.3998,1,-1,-1
945,246,756.10,510.68,83.52,28.49,0.3648,4,-1,-1
945,259,1520.91,488.87,97.63,39.29,0.5039,4,-1,-1
945,283,1741.49,470.09,32.02,62.02,0.7642,1,-1,-1
945,287,1240.29,416.31,13.82,36.86,0.1339,1,-1,-1
945,289,1090.83,424.88,16.82,35.48,0.1330,1,-1,-1
945,291,1422.36,407.28,13.39,40.02,0.3594,1,-1,-1
946,259,1521.90,489.41,95.95,38.73,0.6142,4,-1,-1
946,283,1741.09,470.30,31.88,61.55,0.7527,1,-1,-1
946,289,1089.77,424.23,17.09,36.06,0.1316,1,-1,-1
946,291,1422.54,409.13,12.84,38.25,0.4007,1,-1,-1
947,259,1522.52,489.54,94.98,38.45,0.5974,4,-1,-1
947,283,1740.70,470.32,31.76,61.24,0.7498,1,-1,-1
947,289,1088.45,423.60,17.39,36.72,0.1485,1,-1,-1
947,291,1422.43,409.72,12.72,37.75,0.4397,1,-1,-1
948,259,1522.93,489.58,94.37,38.30,0.5917,4,-1,-1
948,283,1740.38,470.23,31.61,61.01,0.7349,1,-1,-1
948,289,1086.59,423.82,17.48,37.02,0.2659,1,-1,-1
948,291,1422.27,409.81,12.78,37.74,0.4436,1,-1,-1
949,259,1523.98,489.96,92.52,37.55,0.6011,4,-1,-1
949,283,1739.85,469.62,31.67,61.38,0.7009,1,-1,-1
949,289,1083.98,422.81,18.39,38.88,0.3942,1,-1,-1
949,291,1421.79,408.28,13.38,39.34,0.3803,1,-1,-1
950,259,1524.44,490.09,91.65,37.16,0.6086,4,-1,-1
950,283,1739.41,469.76,31.62,61.42,0.6834,1,-1,-1
950,289,1083.15,422.86,18.65,39.27,0.4417,1,-1,-1
950,291,1420.79,405.29,14.40,42.34,0.2983,1,-1,-1
951,259,1523.66,490.13,91.87,37.24,0.5955,4,-1,-1
951,283,1738.78,471.08,30.90,60.07,0.7017,1,-1,-1
951,289,1082.83,421.22,19.09,40.21,0.3486,1,-1,-1
951,291,1420.48,406.08,14.29,41.76,0.2309,1,-1,-1
952,259,1523.20,490.08,91.78,37.18,0.5127,4,-1,-1
952,283,1737.75,470.55,31.16,60.72,0.6749,1,-1,-1
952,289,1082.58,421.11,19.10,40.16,0.3895,1,-1,-1
952,291,1420.22,407.16,13.91,40.39,0.2043,1,-1,-1
953,259,1522.54,490.06,91.69,37.11,0.4737,4,-1,-1
953,283,1735.36,470.02,31.27,61.28,0.6234,1,-1,-1
953,289,1080.83,421.21,19.64,41.02,0.4698,1,-1,-1
953,291,1418.24,409.04,13.23,38.28,0.4254,1,-1,-1
953,246,752.48,510.03,87.25,29.83,0.4717,4,-1,-1
953,287,1242.11,416.75,17.47,46.35,0.4815,1,-1,-1
954,259,1520.84,489.74,92.08,37.14,0.5107,4,-1,-1
954,283,1732.76,468.99,31.38,61.72,0.6549,1,-1,-1
954,289,1078.40,422.36,19.15,40.03,0.4776,1,-1,-1
954,291,1415.36,408.18,13.22,38.26,0.4824,1,-1,-1
954,246,751.85,511.15,85.74,29.29,0.3905,4,-1,-1
954,287,1241.68,417.63,17.77,47.16,0.4902,1,-1,-1
955,259,1518.36,489.53,91.21,36.75,0.6105,4,-1,-1
955,283,1731.20,469.95,30.57,60.65,0.6885,1,-1,-1
955,289,1077.09,422.61,18.79,39.33,0.5842,1,-1,-1
955,291,1413.78,407.51,13.41,38.88,0.4922,1,-1,-1
955,246,750.79,511.50,85.85,29.31,0.1242,4,-1,-1
955,287,1241.39,418.44,17.48,46.16,0.4844,1,-1,-1
956,259,1516.00,489.01,91.51,36.88,0.4620,4,-1,-1
956,283,1728.53,469.81,30.74,61.17,0.7066,1,-1,-1
956,289,1074.55,421.88,18.76,39.36,0.5332,1,-1,-1
956,291,1412.53,409.62,12.72,36.85,0.3933,1,-1,-1
956,246,747.35,511.08,89.08,30.66,0.1152,4,-1,-1
956,287,1239.92,416.67,16.49,43.33,0.1515,1,-1,-1
957,259,1514.48,488.74,91.18,36.73,0.2408,4,-1,-1
957,283,1726.63,469.16,30.84,61.73,0.6817,1,-1,-1
957,289,1073.07,421.88,18.54,38.80,0.5400,1,-1,-1
957,291,1411.24,408.91,12.80,36.98,0.3425,1,-1,-1
957,246,746.40,510.90,87.53,30.14,0.2288,4,-1,-1
957,287,1238.78,413.27,17.25,45.67,0.1651,1,-1,-1
958,259,1512.56,488.96,90.49,36.35,0.2967,4,-1,-1
958,283,1723.27,468.91,30.88,62.27,0.7162,1,-1,-1
958,289,1069.96,423.12,18.18,37.63,0.2689,1,-1,-1
958,291,1408.40,408.12,13.11,37.84,0.2056,1,-1,-1
959,259,1509.21,488.35,92.68,37.25,0.3074,4,-1,-1
959,283,1719.92,469.84,30.13,61.15,0.7334,1,-1,-1
959,289,1066.27,423.28,18.45,38.02,0.4776,1,-1,-1
959,291,1404.52,407.29,13.27,38.51,0.4168,1,-1,-1
959,246,742.68,511.10,84.47,28.99,0.5842,4,-1,-1
960,259,1506.44,487.91,93.72,37.78,0.3693,4,-1,-1
960,283,1717.70,470.17,29.84,60.92,0.7272,1,-1,-1
960,289,1063.21,422.48,18.65,38.71,0.4026,1,-1,-1
960,291,1402.00,406.50,13.54,39.52,0.4688,1,-1,-1
960,246,741.56,511.79,82.49,28.17,0.6307,4,-1,-1
961,259,1503.67,488.43,90.11,36.08,0.4863,4,-1,-1
961,283,1714.13,469.10,30.01,61.78,0.7001,1,-1,-1
961,289,1059.51,423.42,17.74,37.13,0.3895,1,-1,-1
961,291,1400.06,406.79,13.14,38.40,0.3495,1,-1,-1
961,246,737.42,511.68,85.27,29.16,0.6558,4,-1,-1
962,259,1500.91,489.04,88.77,35.19,0.6424,4,-1,-1
962,283,1711.34,468.90,29.85,61.72,0.7162,1,-1,-1
962,289,1056.12,423.46,17.80,37.66,0.4446,1,-1,-1
962,291,1398.06,405.80,13.46,39.40,0.2591,1,-1,-1
962,246,735.70,512.15,84.84,28.95,0.6766,4,-1,-1
963,259,1499.00,489.05,88.29,34.70,0.7549,4,-1,-1
963,283,1708.04,469.07,29.48,61.13,0.7614,1,-1,-1
963,289,1051.98,423.57,17.46,37.60,0.4407,1,-1,-1
963,291,1395.79,407.26,12.90,37.54,0.2095,1,-1,-1
963,246,731.46,511.76,86.21,29.43,0.4912,4,-1,-1
964,259,1494.33,488.35,90.88,35.60,0.6968,4,-1,-1
964,283,1704.03,468.37,29.93,62.22,0.7439,1,-1,-1
964,289,1049.20,423.42,17.42,37.59,0.5341,1,-1,-1
964,291,1391.34,407.51,12.99,37.88,0.3693,1,-1,-1
964,246,730.00,512.17,84.21,28.60,0.6361,4,-1,-1
965,259,1492.83,488.66,90.19,35.10,0.7447,4,-1,-1
965,283,1701.30,468.61,29.58,61.66,0.7098,1,-1,-1
965,289,1047.31,424.20,17.12,36.84,0.5029,1,-1,-1
965,291,1389.26,407.15,12.91,37.80,0.3217,1,-1,-1
965,246,728.72,512.31,82.87,27.99,0.6487,4,-1,-1
966,259,1488.62,488.60,90.61,35.03,0.5964,4,-1,-1
966,283,1697.91,469.13,28.94,60.33,0.7349,1,-1,-1
966,289,1044.33,424.60,17.10,36.77,0.4244,1,-1,-1
966,291,1386.63,406.33,13.13,38.51,0.2140,1,-1,-1
966,246,724.72,511.86,87.04,29.45,0.2200,4,-1,-1
967,259,1485.94,488.12,93.07,35.81,0.6234,4,-1,-1
967,283,1695.44,468.68,29.06,60.48,0.7513,1,-1,-1
967,289,1041.95,424.22,17.29,37.23,0.5341,1,-1,-1
967,291,1384.02,403.47,13.78,40.54,0.1389,1,-1,-1
967,246,723.37,512.19,86.04,29.03,0.2870,4,-1,-1
968,259,1484.28,487.91,93.27,35.90,0.6993,4,-1,-1
968,283,1691.54,468.65,28.88,60.04,0.6817,1,-1,-1
968,289,1039.16,423.31,17.41,37.72,0.5612,1,-1,-1
968,291,1381.44,407.38,12.61,37.07,0.1556,1,-1,-1
968,246,719.40,512.21,86.32,29.15,0.2012,4,-1,-1
969,259,1481.29,487.98,92.36,35.52,0.7491,4,-1,-1
969,283,1687.77,468.80,28.41,59.23,0.6732,1,-1,-1
969,289,1035.60,423.51,17.27,37.48,0.5927,1,-1,-1
969,291,1377.95,407.30,12.56,37.17,0.2862,1,-1,-1
969,246,718.59,512.62,83.17,27.90,0.4717,4,-1,-1
970,259,1478.21,487.71,92.21,35.50,0.7334,4,-1,-1
970,283,1684.73,467.64,28.73,59.83,0.7058,1,-1,-1
970,289,1033.91,424.56,17.02,36.64,0.1005,1,-1,-1
970,291,1376.43,407.70,12.18,36.24,0.3372,1,-1,-1
970,246,717.19,512.92,82.22,27.43,0.5107,4,-1,-1
971,259,1474.22,488.00,91.81,35.17,0.7356,4,-1,-1
971,283,1680.98,468.33,28.11,58.55,0.6766,1,-1,-1
971,289,1029.32,423.91,17.17,37.15,0.4484,1,-1,-1
971,291,1373.99,403.99,12.30,36.41,0.1700,1,-1,-1
971,246,713.77,512.55,84.58,28.20,0.4630,4,-1,-1
972,259,1471.56,487.92,92.87,35.50,0.6843,4,-1,-1
972,283,1677.83,467.97,28.18,58.72,0.6645,1,-1,-1
972,289,1026.80,422.71,17.86,38.93,0.6325,1,-1,-1
972,291,1372.03,404.06,13.03,38.00,0.2728,1,-1,-1
972,246,712.06,512.64,84.70,28.19,0.4426,4,-1,-1
973,259,1469.42,487.81,92.45,35.28,0.7461,4,-1,-1
973,283,1673.97,467.02,28.52,59.65,0.7009,1,-1,-1
973,289,1024.05,424.49,16.92,36.75,0.5263,1,-1,-1
973,246,707.81,512.67,85.94,28.62,0.4301,4,-1,-1
974,259,1464.71,487.12,94.34,36.10,0.6487,4,-1,-1
974,283,1670.42,467.15,28.03,58.92,0.6496,1,-1,-1
974,289,1020.19,424.51,16.98,36.79,0.2031,1,-1,-1
974,246,706.19,513.00,83.91,27.82,0.5670,4,-1,-1
975,259,1461.61,486.97,95.02,36.34,0.6558,4,-1,-1
975,283,1667.03,466.64,27.93,59.14,0.6397,1,-1,-1
975,289,1016.88,425.53,16.21,35.30,0.2666,1,-1,-1
975,246,705.10,513.22,82.46,27.21,0.5936,4,-1,-1
976,259,1460.55,487.24,93.94,35.86,0.7402,4,-1,-1
976,283,1663.53,467.21,27.38,58.66,0.5974,1,-1,-1
976,289,1014.36,424.88,16.57,36.13,0.4571,1,-1,-1
976,246,703.75,513.49,81.36,26.60,0.2247,4,-1,-1
977,259,1459.18,487.69,92.92,35.38,0.7009,4,-1,-1
977,283,1660.97,468.66,26.24,57.30,0.5312,1,-1,-1
977,289,1012.81,425.45,16.16,35.02,0.4659,1,-1,-1
977,246,700.20,513.78,83.96,27.38,0.2991,4,-1,-1
978,259,1455.91,487.45,91.73,35.00,0.7178,4,-1,-1
978,283,1657.49,468.46,25.77,56.83,0.5477,1,-1,-1
978,289,1009.39,425.44,16.53,35.44,0.2583,1,-1,-1
978,246,696.01,513.90,86.26,28.07,0.3840,4,-1,-1
979,259,1452.32,487.22,91.53,34.94,0.6783,4,-1,-1
979,283,1653.21,466.02,26.34,58.67,0.4707,1,-1,-1
979,289,1005.48,425.61,16.33,34.95,0.4523,1,-1,-1
979,246,694.47,513.95,84.43,27.32,0.3998,4,-1,-1
980,259,1450.36,487.37,90.35,34.34,0.7280,4,-1,-1
980,283,1650.22,465.17,26.74,59.86,0.5448,1,-1,-1
980,289,1003.11,426.47,16.03,34.45,0.5068,1,-1,-1
980,246,692.25,513.93,84.70,27.36,0.5302,4,-1,-1
981,259,1448.38,487.64,89.60,33.89,0.7592,4,-1,-1
981,283,1646.42,466.67,26.03,58.78,0.6379,1,-1,-1
981,289,1000.48,426.29,15.91,34.24,0.4177,1,-1,-1
981,246,688.77,513.81,87.49,28.30,0.4717,4,-1,-1
982,259,1446.67,487.65,89.39,33.71,0.6976,4,-1,-1
982,283,1644.09,467.40,25.50,57.95,0.6522,1,-1,-1
982,289,997.87,426.56,16.10,34.40,0.1385,1,-1,-1
982,246,685.52,514.01,90.27,29.29,0.1645,4,-1,-1
983,259,1442.48,487.11,91.11,34.37,0.6817,4,-1,-1
983,283,1640.42,466.91,25.31,57.99,0.5361,1,-1,-1
983,289,993.99,426.22,16.53,35.27,0.4854,1,-1,-1
983,246,681.19,514.20,92.86,30.30,0.1938,4,-1,-1
984,259,1437.74,486.46,93.43,35.29,0.6817,4,-1,-1
984,283,1636.01,466.07,25.46,58.89,0.6406,1,-1,-1
984,289,989.83,425.26,17.02,36.30,0.3311,1,-1,-1
984,246,679.44,514.33,90.47,29.55,0.2344,4,-1,-1
985,259,1436.15,486.61,93.55,35.31,0.6901,4,-1,-1
985,283,1633.32,466.23,25.17,58.59,0.6654,1,-1,-1
985,289,987.80,425.96,16.82,35.99,0.4688,1,-1,-1
985,246,678.38,514.30,89.10,29.13,0.2983,4,-1,-1
986,259,1432.69,486.12,92.57,35.05,0.5860,4,-1,-1
986,283,1629.04,464.54,25.48,59.84,0.6123,1,-1,-1
986,289,983.80,425.59,16.91,35.97,0.2056,1,-1,-1
987,259,1430.98,485.89,91.35,34.68,0.6160,4,-1,-1
987,283,1625.89,464.07,25.41,59.98,0.6496,1,-1,-1
987,289,981.29,426.74,16.33,34.96,0.1587,1,-1,-1
987,301,1885.45,522.00,32.50,78.74,0.5860,1,-1,-1
988,259,1428.29,486.06,90.94,34.49,0.6433,4,-1,-1
988,283,1622.72,464.88,24.84,59.06,0.6645,1,-1,-1
988,289,978.39,424.79,16.87,36.29,0.3730,1,-1,-1
988,301,1883.25,525.54,30.27,73.18,0.6197,1,-1,-1
989,259,1424.83,486.20,91.68,34.78,0.6197,4,-1,-1
989,283,1618.38,465.40,24.35,58.20,0.6361,1,-1,-1
989,289,975.11,424.55,17.25,37.26,0.3621,1,-1,-1
989,301,1877.28,524.74,30.37,73.32,0.6030,1,-1,-1
990,259,1420.92,486.06,91.72,34.74,0.6067,4,-1,-1
990,283,1615.73,465.70,23.86,57.40,0.6307,1,-1,-1
990,301,1873.52,523.61,30.99,74.81,0.5554,1,-1,-1
991,259,1419.12,486.29,90.11,34.07,0.6680,4,-1,-1
991,283,1611.81,465.01,23.82,57.50,0.6478,1,-1,-1
991,301,1867.27,519.82,32.47,78.47,0.5215,1,-1,-1
992,259,1417.27,486.41,89.57,33.86,0.6610,4,-1,-1
992,283,1609.62,464.88,23.55,57.14,0.5765,1,-1,-1
992,301,1862.53,518.74,32.25,77.97,0.4484,1,-1,-1
993,259,1412.45,485.63,92.87,35.18,0.6645,4,-1,-1
993,283,1605.53,464.99,23.53,57.07,0.6379,1,-1,-1
993,301,1857.79,518.11,32.44,78.36,0.5737,1,-1,-1
994,259,1408.00,485.22,93.76,35.74,0.4397,4,-1,-1
994,283,1601.10,463.73,23.71,57.41,0.6680,1,-1,-1
994,301,1851.00,517.35,32.78,79.02,0.6775,1,-1,-1
994,307,1315.44,403.22,14.02,40.42,0.4883,1,-1,-1
995,259,1405.49,484.75,93.85,35.94,0.6397,4,-1,-1
995,283,1598.13,463.36,23.99,58.18,0.6697,1,-1,-1
995,301,1846.24,516.87,32.88,79.23,0.6800,1,-1,-1
995,307,1314.80,402.50,13.90,40.03,0.4149,1,-1,-1
995,308,990.59,427.69,13.67,35.10,0.4795,1,-1,-1
995,289,956.67,423.34,17.26,37.66,0.4678,1,-1,-1
996,259,1403.84,484.67,92.57,35.51,0.6522,4,-1,-1
996,283,1593.71,463.41,23.84,57.42,0.6540,1,-1,-1
996,301,1840.03,517.16,32.96,79.41,0.6160,1,-1,-1
996,307,1313.18,405.92,12.33,35.51,0.2705,1,-1,-1
996,308,987.21,427.46,13.85,35.55,0.3621,1,-1,-1
996,289,954.13,424.60,16.49,36.58,0.4639,1,-1,-1
997,259,1402.64,484.82,90.75,34.76,0.7033,4,-1,-1
997,283,1590.51,463.29,23.85,57.00,0.6951,1,-1,-1
997,301,1835.92,517.24,33.18,80.13,0.5936,1,-1,-1
997,307,1309.92,407.25,12.36,35.64,0.5088,1,-1,-1
997,308,983.77,426.99,14.06,35.96,0.4102,1,-1,-1
997,289,952.26,424.77,16.42,36.61,0.4688,1,-1,-1
997,246,647.08,514.95,90.68,29.60,0.4649,4,-1,-1
998,259,1399.89,485.57,88.87,33.96,0.6514,4,-1,-1
998,283,1585.42,462.66,24.69,57.99,0.7146,1,-1,-1
998,301,1829.48,516.86,32.80,79.04,0.7194,1,-1,-1
998,307,1305.80,404.77,13.37,38.67,0.4206,1,-1,-1
998,308,980.51,427.14,13.81,35.37,0.3739,1,-1,-1
998,289,948.74,425.83,16.20,35.95,0.3407,1,-1,-1
998,246,646.43,515.79,86.13,27.78,0.3107,4,-1,-1
999,259,1395.51,485.21,90.51,34.67,0.6697,4,-1,-1
999,283,1580.32,461.98,25.41,58.47,0.6984,1,-1,-1
999,301,1822.35,516.50,32.88,79.09,0.7498,1,-1,-1
999,307,1303.36,403.76,13.64,39.51,0.4805,1,-1,-1
999,308,976.38,427.10,13.74,35.07,0.4854,1,-1,-1
999,289,945.01,425.47,15.98,35.72,0.4678,1,-1,-1
999,246,640.38,516.01,91.26,29.65,0.1629,4,-1,-1
1000,259,1393.35,484.87,90.74,34.76,0.6885,4,-1,-1
1000,283,1576.21,462.06,25.87,58.42,0.7334,1,-1,-1
1000,301,1817.83,516.15,33.16,79.49,0.7780,1,-1,-1
1000,307,1301.96,403.76,13.15,38.01,0.4102,1,-1,-1
1000,308,973.94,427.10,13.35,33.89,0.3107,1,-1,-1
1000,289,942.90,425.97,15.40,34.74,0.4196,1,-1,-1
1000,246,639.86,515.49,87.97,28.37,0.1722,4,-1,-1
1000,310,1894.61,543.22,24.40,62.99,0.6451,1,-1,-1
1001,259,1391.31,485.46,88.85,33.97,0.6397,4,-1,-1
1001,283,1571.86,461.96,26.45,58.51,0.7684,1,-1,-1
1001,301,1810.99,515.79,33.15,78.67,0.7409,1,-1,-1
1001,307,1299.38,404.94,12.70,36.75,0.4158,1,-1,-1
1001,308,969.49,426.88,13.35,33.81,0.4805,1,-1,-1
1001,289,939.87,425.62,15.41,34.62,0.4168,1,-1,-1
1001,246,636.51,515.74,87.77,28.15,0.2651,4,-1,-1
1001,310,1891.43,541.00,26.04,67.10,0.6943,1,-1,-1
1002,259,1388.74,485.59,88.14,33.69,0.6270,4,-1,-1
1002,283,1568.78,462.09,26.71,58.20,0.7210,1,-1,-1
1002,301,1805.44,515.36,33.61,78.82,0.7585,1,-1,-1
1002,307,1296.50,404.27,13.04,37.71,0.4407,1,-1,-1
1002,308,967.05,427.00,13.11,32.85,0.4698,1,-1,-1
1002,289,937.80,427.42,14.62,32.91,0.4064,1,-1,-1
1002,246,635.24,515.92,85.62,27.25,0.2295,4,-1,-1
1002,310,1888.74,541.24,25.91,66.51,0.6197,1,-1,-1
1003,259,1384.78,485.14,89.76,34.50,0.5400,4,-1,-1
1003,283,1564.45,461.93,26.98,58.25,0.6706,1,-1,-1
1003,301,1799.29,515.11,33.74,78.51,0.6885,1,-1,-1
1003,307,1293.60,403.21,13.22,38.25,0.4273,1,-1,-1
1003,308,963.46,427.19,13.38,33.32,0.1375,1,-1,-1
1003,289,934.56,427.13,14.52,32.98,0.2140,1,-1,-1
1003,246,627.50,516.14,93.83,30.14,0.1276,4,-1,-1
1003,310,1883.19,541.19,27.10,69.33,0.6575,1,-1,-1
1003,312,1175.43,409.55,15.72,45.55,0.4737,1,-1,-1
1004,259,1382.11,485.27,88.11,33.78,0.6851,4,-1,-1
1004,283,1559.67,462.00,27.04,57.99,0.6885,1,-1,-1
1004,301,1790.38,514.24,34.66,79.37,0.7114,1,-1,-1
1004,307,1289.99,406.23,12.16,35.25,0.2207,1,-1,-1
1004,308,958.14,426.83,13.91,34.50,0.3217,1,-1,-1
1004,289,930.89,425.33,14.83,34.07,0.1343,1,-1,-1
1004,246,626.25,516.31,88.15,28.03,0.2379,4,-1,-1
1004,310,1877.79,542.20,27.42,69.23,0.6645,1,-1,-1
1004,312,1173.63,410.29,15.38,44.51,0.4581,1,-1,-1
1005,259,1379.89,485.24,87.02,33.32,0.6775,4,-1,-1
1005,283,1556.39,462.56,26.82,57.32,0.7001,1,-1,-1
1005,301,1789.06,515.18,33.51,76.97,0.6379,1,-1,-1
1005,307,1287.46,408.63,11.54,33.57,0.1645,1,-1,-1
1005,308,955.80,427.23,13.78,34.19,0.4149,1,-1,-1
1005,289,929.23,426.29,14.24,33.08,0.1366,1,-1,-1
1005,246,624.09,516.40,86.72,27.37,0.1242,4,-1,-1
1005,310,1873.57,542.46,28.11,69.94,0.5390,1,-1,-1
1005,312,1171.14,412.10,14.87,42.88,0.3840,1,-1,-1
1006,259,1375.98,485.28,87.42,33.50,0.6758,4,-1,-1
1006,283,1551.24,461.79,27.04,57.93,0.7098,1,-1,-1
1006,301,1778.11,513.90,35.70,79.64,0.7280,1,-1,-1
1006,307,1283.54,405.16,12.41,36.10,0.2330,1,-1,-1
1006,246,619.55,516.24,88.63,27.90,0.1999,4,-1,-1
1006,310,1865.87,542.14,28.30,69.89,0.5224,1,-1,-1
1006,312,1170.07,414.98,14.02,40.18,0.3442,1,-1,-1
1007,259,1371.93,484.66,88.71,34.05,0.7225,4,-1,-1
1007,283,1547.87,461.53,27.04,58.00,0.6783,1,-1,-1
1007,301,1772.11,514.86,35.81,78.12,0.7469,1,-1,-1
1007,307,1281.29,403.96,13.02,37.69,0.2372,1,-1,-1
1007,310,1858.83,541.42,29.07,71.17,0.6142,1,-1,-1
1007,312,1168.37,411.07,15.31,43.75,0.1987,1,-1,-1
1008,259,1368.85,485.12,88.33,33.89,0.6086,4,-1,-1
1008,283,1542.75,461.63,27.21,58.35,0.7202,1,-1,-1
1008,301,1765.01,514.02,36.78,78.73,0.7599,1,-1,-1
1008,310,1851.83,540.17,29.78,71.75,0.7050,1,-1,-1
1008,312,1167.76,415.48,14.21,40.06,0.1221,1,-1,-1
1009,259,1364.32,484.79,87.85,33.79,0.6567,4,-1,-1
1009,283,1537.16,460.69,27.40,59.47,0.7122,1,-1,-1
1009,301,1756.59,514.37,37.34,78.22,0.7520,1,-1,-1
1009,310,1843.99,539.68,30.80,73.58,0.7009,1,-1,-1
1010,259,1360.18,484.51,87.87,33.78,0.6531,4,-1,-1
1010,283,1533.64,461.07,26.96,58.75,0.6766,1,-1,-1
1010,301,1751.25,513.00,37.96,79.44,0.7439,1,-1,-1
1010,310,1839.48,539.95,32.25,76.16,0.7233,1,-1,-1
1011,259,1358.19,484.83,85.79,32.93,0.7311,4,-1,-1
1011,283,1529.23,460.85,26.96,59.13,0.7042,1,-1,-1
1011,301,1745.08,513.02,37.62,78.62,0.7614,1,-1,-1
1011,310,1831.61,542.21,32.34,75.59,0.6951,1,-1,-1
1011,308,931.75,428.30,13.31,32.89,0.4922,1,-1,-1
1012,259,1355.57,484.64,85.09,32.56,0.7402,4,-1,-1
1012,283,1525.64,460.96,26.62,58.75,0.7194,1,-1,-1
1012,301,1740.30,512.13,37.71,79.17,0.7599,1,-1,-1
1012,310,1825.82,542.83,32.76,76.47,0.6732,1,-1,-1
1012,308,927.99,428.07,13.32,32.58,0.4571,1,-1,-1
1013,259,1350.94,484.49,85.82,32.80,0.6926,4,-1,-1
1013,283,1520.48,461.29,26.42,58.47,0.7017,1,-1,-1
1013,301,1731.82,510.91,38.08,79.26,0.7833,1,-1,-1
1013,310,1818.26,544.08,32.20,75.16,0.6379,1,-1,-1
1013,308,923.13,428.16,13.70,33.06,0.3268,1,-1,-1
1014,259,1345.64,484.29,86.93,33.17,0.6628,4,-1,-1
1014,283,1515.64,460.92,26.37,58.27,0.7066,1,-1,-1
1014,301,1725.17,511.13,38.05,79.77,0.7454,1,-1,-1
1014,310,1809.38,544.01,30.75,71.45,0.5993,1,-1,-1
1014,308,918.48,428.42,12.96,30.93,0.3757,1,-1,-1
1015,259,1341.92,483.78,87.86,33.59,0.6851,4,-1,-1
1015,283,1511.75,460.69,26.26,57.88,0.6732,1,-1,-1
1015,301,1720.25,511.31,37.77,79.58,0.7780,1,-1,-1
1015,310,1801.15,543.74,30.94,70.28,0.5400,1,-1,-1
1015,308,915.30,427.62,13.38,31.91,0.4359,1,-1,-1
1016,259,1336.76,483.36,88.37,33.83,0.6876,4,-1,-1
1016,283,1506.72,460.33,26.32,58.41,0.6680,1,-1,-1
1016,301,1714.19,511.25,37.41,79.70,0.7670,1,-1,-1
1016,310,1792.98,543.40,31.37,69.90,0.6697,1,-1,-1
1016,308,910.01,428.05,13.39,31.68,0.4620,1,-1,-1
1017,259,1334.16,483.17,87.84,33.68,0.7311,4,-1,-1
1017,283,1503.36,459.77,25.98,57.96,0.6487,1,-1,-1
1017,301,1709.58,510.02,37.85,81.58,0.7766,1,-1,-1
1017,310,1787.16,542.50,32.22,70.76,0.6469,1,-1,-1
1017,308,907.19,428.13,13.50,32.01,0.5467,1,-1,-1
1018,259,1331.14,483.43,86.88,33.27,0.7264,4,-1,-1
1018,283,1498.37,459.75,25.40,57.17,0.6397,1,-1,-1
1018,301,1704.13,510.55,36.58,79.74,0.7698,1,-1,-1
1018,310,1779.14,541.27,33.34,71.58,0.7311,1,-1,-1
1018,308,903.34,428.13,12.94,30.62,0.4571,1,-1,-1
1019,259,1325.18,483.08,88.76,34.05,0.7025,4,-1,-1
1019,283,1493.18,458.97,25.67,58.14,0.6619,1,-1,-1
1019,301,1697.78,510.08,35.89,79.00,0.7766,1,-1,-1
1019,310,1770.02,542.13,33.62,70.67,0.6885,1,-1,-1
1019,308,897.63,428.46,13.24,31.24,0.3849,1,-1,-1
1020,259,1321.20,482.27,90.42,34.80,0.6951,4,-1,-1
1020,283,1489.46,459.34,24.78,56.63,0.6732,1,-1,-1
1020,301,1693.27,511.37,35.22,77.97,0.7628,1,-1,-1
1020,310,1761.65,541.83,34.82,70.94,0.5146,1,-1,-1
1020,308,894.16,428.13,13.67,32.50,0.3970,1,-1,-1
1021,259,1318.26,482.47,88.55,34.17,0.7506,4,-1,-1
1021,283,1484.07,459.33,24.73,57.21,0.6918,1,-1,-1
1021,301,1687.08,511.50,36.26,80.81,0.7820,1,-1,-1
1021,310,1751.68,542.16,35.24,71.13,0.5832,1,-1,-1
1021,308,889.90,428.56,13.33,31.77,0.3639,1,-1,-1
1022,259,1315.62,482.54,87.00,33.65,0.7491,4,-1,-1
1022,283,1479.99,458.69,24.98,58.27,0.6487,1,-1,-1
1022,301,1682.65,511.36,36.81,82.66,0.7950,1,-1,-1
1022,310,1745.39,542.09,35.41,70.55,0.5927,1,-1,-1
1022,308,886.01,428.67,13.55,32.19,0.3720,1,-1,-1
1023,259,1311.32,482.21,87.08,33.75,0.7606,4,-1,-1
1023,283,1475.66,458.45,24.67,57.65,0.6918,1,-1,-1
1023,301,1676.42,511.27,36.76,82.86,0.8239,1,-1,-1
1023,310,1736.41,541.58,36.11,71.01,0.7349,1,-1,-1
1023,308,881.74,428.32,13.83,33.13,0.5302,1,-1,-1
1023,314,1125.30,410.86,15.39,44.37,0.5612,1,-1,-1
1024,259,1306.54,482.00,87.28,33.88,0.7549,4,-1,-1
1024,283,1470.48,458.71,24.39,57.39,0.6442,1,-1,-1
1024,301,1669.79,511.63,36.57,82.78,0.7886,1,-1,-1
1024,310,1729.65,539.54,36.87,73.38,0.6593,1,-1,-1
1024,308,877.09,428.57,13.64,32.58,0.5234,1,-1,-1
1024,314,1123.20,411.11,15.31,44.10,0.3355,1,-1,-1
1024,246,550.06,517.38,95.55,30.26,0.6197,4,-1,-1
1025,259,1303.55,482.08,86.58,33.63,0.7154,4,-1,-1
1025,283,1467.00,457.63,24.56,58.46,0.6334,1,-1,-1
1025,301,1665.37,511.67,35.85,81.47,0.7860,1,-1,-1
1025,310,1724.86,539.07,36.30,72.46,0.7217,1,-1,-1
1025,308,873.42,428.93,13.47,32.12,0.4746,1,-1,-1
1025,314,1121.36,412.33,14.89,42.76,0.3858,1,-1,-1
1025,246,547.13,517.13,95.54,30.55,0.6487,4,-1,-1
1026,259,1297.65,480.99,89.34,34.83,0.6834,4,-1,-1
1026,283,1462.64,457.44,24.10,57.75,0.6901,1,-1,-1
1026,301,1658.64,510.79,35.74,81.55,0.7976,1,-1,-1
1026,310,1720.06,538.20,35.84,72.42,0.7614,1,-1,-1
1026,308,869.02,428.89,13.65,32.70,0.4610,1,-1,-1
1026,314,1116.67,411.86,15.13,43.25,0.5765,1,-1,-1
1026,246,543.75,518.08,93.10,29.68,0.6261,4,-1,-1
1027,259,1295.43,481.23,88.44,34.58,0.5879,4,-1,-1
1027,283,1459.41,457.25,23.58,56.78,0.6415,1,-1,-1
1027,301,1653.72,510.58,35.49,81.79,0.7780,1,-1,-1
1027,310,1716.98,537.68,35.35,72.61,0.7303,1,-1,-1
1027,308,866.12,428.81,13.73,32.99,0.3140,1,-1,-1
1027,314,1114.38,412.12,14.99,42.88,0.6252,1,-1,-1
1027,246,539.54,517.82,95.78,30.72,0.5302,4,-1,-1
1028,259,1291.46,481.36,86.64,33.91,0.6654,4,-1,-1
1028,283,1454.70,457.10,23.24,56.35,0.6379,1,-1,-1
1028,301,1646.97,510.11,35.03,80.95,0.7753,1,-1,-1
1028,310,1710.35,537.66,34.94,72.22,0.7498,1,-1,-1
1028,308,861.28,429.67,13.34,32.02,0.5088,1,-1,-1
1028,314,1111.36,412.45,14.34,41.21,0.4504,1,-1,-1
1028,246,534.06,517.24,98.83,32.07,0.5078,4,-1,-1
1029,259,1287.47,481.22,86.07,33.65,0.7432,4,-1,-1
1029,283,1449.73,457.33,23.12,56.03,0.6522,1,-1,-1
1029,301,1638.89,509.80,34.46,79.46,0.8146,1,-1,-1
1029,310,1702.95,537.95,34.79,72.54,0.7691,1,-1,-1
1029,308,856.37,429.49,13.34,32.17,0.2247,1,-1,-1
1029,314,1108.23,412.24,14.31,41.25,0.4359,1,-1,-1
1029,246,528.59,517.98,100.18,32.77,0.2967,4,-1,-1
1030,259,1284.01,480.88,86.50,33.79,0.7264,4,-1,-1
1030,283,1446.20,457.55,22.81,55.43,0.6549,1,-1,-1
1030,301,1633.94,509.80,34.19,78.51,0.7807,1,-1,-1
1030,310,1697.62,537.88,34.92,73.34,0.7746,1,-1,-1
1030,308,852.27,429.50,13.58,32.77,0.1883,1,-1,-1
1030,314,1105.56,411.90,14.60,42.11,0.4756,1,-1,-1
1030,246,525.75,518.23,100.23,32.91,0.2553,4,-1,-1
1031,259,1280.01,481.07,85.72,33.47,0.5254,4,-1,-1
1031,283,1441.56,456.57,23.28,56.55,0.6817,1,-1,-1
1031,301,1627.35,509.55,33.88,77.47,0.7925,1,-1,-1
1031,310,1691.01,539.01,33.76,71.93,0.7334,1,-1,-1
1031,308,847.47,430.11,13.40,32.58,0.2628,1,-1,-1
1031,314,1103.77,411.54,14.13,40.95,0.3522,1,-1,-1
1031,246,522.53,518.16,98.06,32.30,0.3260,4,-1,-1
1032,259,1276.25,480.79,85.90,33.38,0.4766,4,-1,-1
1032,283,1438.17,456.17,23.45,56.94,0.6817,1,-1,-1
1032,301,1621.55,509.29,34.47,78.05,0.7793,1,-1,-1
1032,310,1685.57,538.76,34.04,73.67,0.7194,1,-1,-1
1032,308,843.75,428.96,13.73,33.42,0.2069,1,-1,-1
1032,314,1101.29,412.36,14.00,40.57,0.5068,1,-1,-1
1032,246,520.22,518.97,94.95,31.17,0.1582,6,-1,-1
1033,259,1272.64,480.93,86.02,33.35,0.5351,4,-1,-1
1033,283,1433.74,456.17,23.24,56.43,0.6234,1,-1,-1
1033,301,1613.03,509.57,35.01,77.74,0.7684,1,-1,-1
1033,310,1678.28,539.09,32.87,72.45,0.7217,1,-1,-1
1033,308,838.45,428.48,13.97,33.92,0.2234,1,-1,-1
1033,314,1098.05,412.36,14.34,41.42,0.2697,1,-1,-1
1033,246,516.26,519.36,96.65,31.81,0.1813,4,-1,-1
1034,259,1268.83,481.28,83.95,32.43,0.6671,4,-1,-1
1034,283,1428.56,456.34,23.30,56.03,0.6885,1,-1,-1
1034,301,1603.62,509.75,35.93,77.62,0.7766,1,-1,-1
1034,310,1669.13,537.75,33.02,72.41,0.7295,1,-1,-1
1034,308,833.74,428.58,13.69,33.24,0.3140,1,-1,-1
1034,314,1095.08,411.17,14.56,41.93,0.4766,1,-1,-1
1034,246,512.24,519.46,95.20,31.32,0.2436,4,-1,-1
1035,259,1263.73,480.75,86.25,33.25,0.5756,4,-1,-1
1035,283,1425.18,456.29,23.34,55.66,0.6901,1,-1,-1
1035,301,1598.33,509.47,36.87,78.24,0.8158,1,-1,-1
1035,310,1663.11,537.12,33.24,72.48,0.7349,1,-1,-1
1035,308,830.29,427.10,14.06,34.19,0.1144,1,-1,-1
1035,314,1093.11,412.55,14.48,41.21,0.5784,1,-1,-1
1035,246,506.04,519.46,99.20,32.86,0.2337,4,-1,-1
1035,317,1077.94,413.52,14.61,38.44,0.4902,1,-1,-1
1036,259,1259.35,479.46,87.44,33.94,0.3285,4,-1,-1
1036,283,1421.10,456.09,23.20,55.09,0.6775,1,-1,-1
1036,301,1592.04,510.26,37.18,77.68,0.7712,1,-1,-1
1036,310,1657.59,536.15,33.04,72.17,0.7621,1,-1,-1
1036,314,1089.47,411.28,15.42,43.76,0.5860,1,-1,-1
1036,246,499.69,519.35,102.74,34.23,0.4206,4,-1,-1
1036,317,1076.78,412.00,15.01,39.51,0.1180,1,-1,-1
1037,259,1256.11,479.39,86.70,33.73,0.3442,4,-1,-1
1037,283,1418.00,455.55,23.44,55.28,0.6549,1,-1,-1
1037,301,1587.77,510.42,37.38,77.03,0.7925,1,-1,-1
1037,310,1651.84,535.18,33.16,71.53,0.7556,1,-1,-1
1037,314,1087.69,411.07,15.75,44.57,0.5804,1,-1,-1
1037,246,496.51,519.33,103.89,34.84,0.4263,4,-1,-1
1037,317,1074.07,414.79,15.29,40.12,0.2926,1,-1,-1
1038,259,1252.67,479.60,85.99,33.25,0.1541,4,-1,-1
1038,283,1413.33,455.54,23.25,54.18,0.6732,1,-1,-1
1038,301,1582.42,510.28,37.39,76.34,0.7963,1,-1,-1
1038,310,1644.46,534.56,33.59,71.53,0.8087,1,-1,-1
1038,314,1084.19,411.31,15.88,44.76,0.5195,1,-1,-1
1038,246,492.28,520.15,102.70,34.65,0.2344,4,-1,-1
1038,317,1070.79,413.38,16.16,42.41,0.2018,1,-1,-1
1039,259,1248.16,479.43,86.73,33.69,0.3720,4,-1,-1
1039,283,1407.65,455.10,24.01,55.58,0.6379,1,-1,-1
1039,301,1576.17,510.52,37.56,75.86,0.7484,1,-1,-1
1039,310,1639.09,534.68,33.54,71.13,0.7556,1,-1,-1
1039,314,1081.81,413.08,15.18,42.63,0.4912,1,-1,-1
1039,246,488.72,520.37,101.02,34.17,0.3285,4,-1,-1
1039,317,1068.92,412.20,14.18,37.18,0.1551,1,-1,-1
1040,259,1245.57,479.23,85.62,33.37,0.4533,4,-1,-1
1040,283,1403.69,454.88,24.57,56.40,0.6215,1,-1,-1
1040,301,1571.84,509.49,37.37,74.94,0.7833,1,-1,-1
1040,310,1634.32,534.93,33.93,71.13,0.7899,1,-1,-1
1040,314,1080.11,413.28,15.07,42.26,0.5107,1,-1,-1
1040,246,486.73,520.11,98.69,33.45,0.1505,4,-1,-1
1040,317,1065.33,415.89,14.21,37.24,0.4196,1,-1,-1
1041,259,1241.21,478.71,86.35,33.73,0.3433,4,-1,-1
1041,283,1399.43,455.97,24.11,54.32,0.6645,1,-1,-1
1041,301,1566.92,508.51,37.17,74.67,0.7725,1,-1,-1
1041,310,1626.99,535.72,33.92,70.92,0.7491,1,-1,-1
1041,314,1078.35,415.16,14.37,39.98,0.6415,1,-1,-1
1041,246,481.64,520.70,99.60,33.87,0.1109,4,-1,-1
1041,317,1062.60,417.55,13.54,35.43,0.5448,1,-1,-1
1042,259,1238.50,478.50,86.75,33.97,0.6976,4,-1,-1
1042,283,1395.90,455.62,24.39,54.37,0.6442,1,-1,-1
1042,301,1561.93,508.24,37.43,75.15,0.7326,1,-1,-1
1042,310,1623.75,536.60,32.91,68.84,0.7899,1,-1,-1
1042,314,1076.59,417.10,13.83,37.81,0.5593,1,-1,-1
1042,246,478.21,521.48,100.51,34.28,0.1480,4,-1,-1
1042,317,1060.26,419.91,13.65,35.90,0.4417,1,-1,-1
1043,259,1235.39,478.39,85.03,33.45,0.3877,4,-1,-1
1043,283,1390.29,455.52,24.73,54.64,0.6415,1,-1,-1
1043,301,1556.27,507.97,36.54,74.22,0.7527,1,-1,-1
1043,310,1617.30,536.14,32.75,68.22,0.7114,1,-1,-1
1043,314,1073.79,416.60,14.31,38.13,0.5380,1,-1,-1
1043,246,477.24,521.49,94.31,31.90,0.1603,4,-1,-1
1043,317,1056.28,418.71,14.50,37.68,0.5166,1,-1,-1
1044,259,1231.27,478.29,84.69,33.42,0.1362,4,-1,-1
1044,283,1385.06,455.31,25.42,55.54,0.6826,1,-1,-1
1044,301,1549.94,507.37,36.32,74.72,0.7349,1,-1,-1
1044,310,1608.81,536.08,33.38,68.53,0.7311,1,-1,-1
1044,314,1070.48,415.84,14.98,38.92,0.4659,1,-1,-1
1044,246,472.61,521.97,94.82,32.04,0.1156,4,-1,-1
1044,317,1054.55,418.65,13.31,34.28,0.4552,1,-1,-1
1045,259,1227.49,478.05,84.36,33.36,0.2886,4,-1,-1
1045,283,1381.40,455.01,25.56,55.68,0.6142,1,-1,-1
1045,301,1546.08,507.25,35.60,74.33,0.7379,1,-1,-1
1045,310,1605.51,536.13,32.98,68.24,0.7058,1,-1,-1
1045,314,1068.01,413.09,16.06,41.38,0.5746,1,-1,-1
1045,246,467.26,522.09,98.79,33.48,0.2838,4,-1,-1
1045,317,1051.90,417.98,14.15,36.34,0.4873,1,-1,-1
1046,259,1223.93,477.71,84.01,33.41,0.1603,4,-1,-1
1046,283,1376.57,455.43,25.05,54.43,0.6522,1,-1,-1
1046,301,1541.06,506.63,35.45,75.17,0.7066,1,-1,-1
1046,310,1601.32,536.34,32.03,67.69,0.7233,1,-1,-1
1046,314,1064.20,410.31,16.72,43.52,0.5955,1,-1,-1
1046,246,462.43,521.80,99.45,33.77,0.2894,4,-1,-1
1046,317,1049.02,417.60,13.76,35.42,0.4620,1,-1,-1
1047,259,1221.07,478.17,82.23,32.69,0.3603,4,-1,-1
1047,283,1373.29,455.66,24.58,53.34,0.6783,1,-1,-1
1047,301,1538.22,507.64,34.43,74.00,0.7833,1,-1,-1
1047,310,1598.96,535.48,31.44,67.90,0.6860,1,-1,-1
1047,314,1061.49,409.39,17.00,45.01,0.5254,1,-1,-1
1047,246,459.66,521.92,98.00,33.30,0.2401,4,-1,-1
1047,317,1047.20,417.94,13.49,34.73,0.3942,1,-1,-1
1048,259,1216.61,477.96,82.48,32.92,0.3979,4,-1,-1
1048,283,1369.42,455.53,24.56,53.52,0.6602,1,-1,-1
1048,301,1532.79,507.76,34.73,75.64,0.7542,1,-1,-1
1048,310,1592.91,534.65,30.86,67.79,0.6575,1,-1,-1
1048,314,1057.65,409.35,16.51,44.25,0.5039,1,-1,-1
1048,246,453.03,521.81,101.67,34.67,0.2436,4,-1,-1
1048,317,1043.71,417.67,14.19,36.54,0.5936,1,-1,-1
1049,259,1212.52,477.60,83.15,33.37,0.2408,4,-1,-1
1049,283,1364.06,455.37,24.54,53.46,0.7017,1,-1,-1
1049,301,1527.71,508.30,34.72,76.21,0.7670,1,-1,-1
1049,310,1586.38,534.35,30.79,68.08,0.6976,1,-1,-1
1049,314,1054.23,409.51,16.82,45.43,0.6575,1,-1,-1
1049,246,449.46,521.99,99.35,33.85,0.1931,4,-1,-1
1049,317,1040.25,415.90,15.54,40.23,0.6123,1,-1,-1
1050,283,1360.15,455.07,24.51,53.58,0.7001,1,-1,-1
1050,301,1523.96,508.23,34.60,76.26,0.7793,1,-1,-1
1050,310,1577.71,533.84,31.69,68.82,0.7066,1,-1,-1
1050,314,1051.49,409.04,16.84,46.06,0.5708,1,-1,-1
1050,246,445.61,522.13,100.34,34.34,0.1895,4,-1,-1
1050,317,1038.04,414.54,16.53,42.82,0.5254,1,-1,-1
1050,325,1773.83,360.32,16.08,33.86,0.5127,1,-1,-1
1051,283,1355.57,454.66,24.58,53.98,0.6732,1,-1,-1
1051,301,1519.73,506.72,34.28,75.99,0.7542,1,-1,-1
1051,310,1570.75,533.95,32.19,68.92,0.7082,1,-1,-1
1051,314,1048.99,409.18,16.55,45.98,0.5312,1,-1,-1
1051,246,439.41,522.13,103.32,35.52,0.1505,4,-1,-1
1051,317,1035.37,414.91,15.76,41.16,0.3998,1,-1,-1
1051,259,1206.52,478.11,80.39,32.12,0.5784,4,-1,-1
1052,283,1352.49,454.68,24.44,54.06,0.7210,1,-1,-1
1052,301,1517.02,506.43,33.96,75.69,0.7753,1,-1,-1
1052,310,1564.68,534.15,33.26,69.30,0.7670,1,-1,-1
1052,314,1047.32,409.45,16.28,45.70,0.4504,1,-1,-1
1052,246,435.90,522.38,103.98,35.90,0.2798,4,-1,-1
1052,317,1033.87,414.59,16.19,42.49,0.2713,1,-1,-1
1052,259,1202.61,478.13,79.79,31.77,0.5784,4,-1,-1
1053,283,1348.43,454.69,23.98,53.43,0.6775,1,-1,-1
1053,301,1512.99,507.23,32.72,73.27,0.7656,1,-1,-1
1053,310,1560.33,534.10,32.78,67.96,0.7334,1,-1,-1
1053,314,1043.75,408.76,16.33,46.21,0.5708,1,-1,-1
1053,246,432.22,522.54,102.78,35.70,0.2114,4,-1,-1
1053,317,1029.73,414.89,15.87,42.13,0.4795,1,-1,-1
1053,259,1198.84,478.46,80.76,31.98,0.6280,4,-1,-1
1054,283,1342.94,454.28,24.08,53.92,0.7130,1,-1,-1
1054,301,1507.90,507.07,32.58,73.27,0.7542,1,-1,-1
1054,310,1555.12,534.01,33.13,68.05,0.7498,1,-1,-1
1054,314,1041.03,408.76,15.29,43.38,0.6160,1,-1,-1
1054,246,429.96,523.05,98.46,34.05,0.1689,4,-1,-1
1054,317,1027.01,415.37,15.16,40.56,0.2720,1,-1,-1
1054,259,1194.05,478.00,82.35,32.62,0.6723,4,-1,-1
1055,283,1339.84,454.37,23.96,53.88,0.7114,1,-1,-1
1055,301,1504.60,507.67,32.31,72.58,0.7409,1,-1,-1
1055,310,1551.10,534.42,32.93,67.21,0.7542,1,-1,-1
1055,314,1038.51,408.91,15.37,43.77,0.6160,1,-1,-1
1055,317,1024.59,416.64,14.65,39.04,0.3355,1,-1,-1
1055,259,1190.66,477.84,82.33,32.49,0.6910,4,-1,-1
1056,283,1335.31,453.78,23.94,54.18,0.6715,1,-1,-1
1056,301,1499.76,506.89,32.75,74.07,0.7439,1,-1,-1
1056,310,1545.39,534.28,32.91,66.25,0.7469,1,-1,-1
1056,314,1034.78,409.04,15.72,44.64,0.5293,1,-1,-1
1056,317,1022.37,413.15,14.48,38.95,0.1164,1,-1,-1
1056,259,1187.76,478.21,81.46,32.08,0.5670,4,-1,-1
1057,283,1331.66,452.89,24.28,55.10,0.6732,1,-1,-1
1057,301,1495.55,505.78,33.67,76.62,0.7899,1,-1,-1
1057,310,1541.20,532.97,34.13,68.18,0.7677,1,-1,-1
1057,314,1032.09,408.59,15.95,45.27,0.5851,1,-1,-1
1057,317,1019.02,414.52,14.16,38.13,0.1089,1,-1,-1
1057,259,1184.11,477.66,83.36,32.88,0.4187,4,-1,-1
1057,335,866.19,421.20,17.02,42.80,0.4552,1,-1,-1
1058,283,1327.63,453.89,23.73,54.14,0.6868,1,-1,-1
1058,301,1492.07,505.95,32.98,76.01,0.7082,1,-1,-1
1058,310,1535.60,532.55,34.80,68.74,0.7394,1,-1,-1
1058,314,1029.75,408.74,15.86,45.18,0.5784,1,-1,-1
1058,317,1016.67,410.39,14.26,38.91,0.1624,1,-1,-1
1058,259,1179.23,477.61,82.82,32.69,0.5898,4,-1,-1
1058,335,864.52,419.79,15.51,39.07,0.4951,1,-1,-1
1059,283,1323.04,453.93,23.50,53.90,0.6433,1,-1,-1
1059,301,1486.22,505.90,32.85,76.05,0.7349,1,-1,-1
1059,310,1530.31,532.83,34.81,68.06,0.7454,1,-1,-1
1059,314,1027.04,409.11,15.45,44.35,0.5195,1,-1,-1
1059,317,1015.07,412.15,14.58,40.44,0.2288,1,-1,-1
1059,259,1174.93,477.78,82.67,32.56,0.6689,4,-1,-1
1059,335,861.13,420.59,15.37,38.81,0.5088,1,-1,-1
1060,283,1319.37,453.86,23.53,54.07,0.6749,1,-1,-1
1060,301,1482.75,505.47,32.77,76.38,0.7698,1,-1,-1
1060,310,1526.75,532.79,34.75,67.55,0.7642,1,-1,-1
1060,314,1024.68,410.10,14.53,42.00,0.1661,1,-1,-1
1060,317,1013.40,412.47,14.91,41.51,0.3251,1,-1,-1
1060,259,1171.04,477.24,84.09,33.17,0.7009,4,-1,-1
1060,335,858.60,420.40,15.16,38.43,0.5166,1,-1,-1
1061,283,1315.68,454.78,23.15,53.31,0.6834,1,-1,-1
1061,301,1477.92,506.01,32.46,76.29,0.7098,1,-1,-1
1061,310,1521.01,532.35,35.38,68.35,0.7194,1,-1,-1
1061,314,1021.06,409.64,14.92,42.81,0.5166,1,-1,-1
1061,317,1009.38,414.19,15.31,41.40,0.1722,1,-1,-1
1061,259,1167.35,477.40,82.31,32.34,0.7402,4,-1,-1
1061,335,857.23,419.42,13.28,33.64,0.3425,1,-1,-1
1061,246,396.99,523.88,105.44,36.80,0.4893,4,-1,-1
1062,283,1312.40,453.99,23.34,54.01,0.6851,1,-1,-1
1062,301,1474.54,505.63,32.73,77.33,0.7114,1,-1,-1
1062,310,1516.32,532.22,35.37,68.30,0.7130,1,-1,-1
1062,314,1019.37,409.77,14.56,42.01,0.5224,1,-1,-1
1062,317,1006.70,415.42,15.04,40.33,0.4282,1,-1,-1
1062,259,1164.81,477.40,82.35,32.31,0.7202,4,-1,-1
1062,335,855.73,419.44,12.61,32.05,0.5273,1,-1,-1
1062,246,394.64,523.51,103.27,36.19,0.2659,4,-1,-1
1063,283,1307.81,453.44,23.44,54.36,0.6951,1,-1,-1
1063,301,1470.26,505.30,33.04,78.68,0.7424,1,-1,-1
1063,310,1509.92,531.78,35.47,68.27,0.7498,1,-1,-1
1063,314,1017.05,409.37,15.33,44.28,0.6270,1,-1,-1
1063,317,1003.83,416.07,15.10,39.91,0.5341,1,-1,-1
1063,259,1160.53,477.20,83.27,32.67,0.6826,4,-1,-1
1063,335,852.08,420.66,12.78,32.63,0.5351,1,-1,-1
1063,246,395.23,524.69,94.01,32.47,0.2576,4,-1,-1
1064,283,1303.54,453.88,23.29,54.13,0.6935,1,-1,-1
1064,301,1464.82,505.42,32.74,78.12,0.6817,1,-1,-1
1064,310,1503.65,531.84,35.12,67.76,0.7303,1,-1,-1
1064,314,1014.60,409.61,15.41,44.39,0.4815,1,-1,-1
1064,317,1003.10,414.55,15.49,40.93,0.4235,1,-1,-1
1064,259,1155.91,477.27,81.75,32.09,0.6289,4,-1,-1
1064,335,848.43,420.64,12.61,32.33,0.6049,1,-1,-1
1064,246,390.75,525.41,93.39,32.01,0.1432,4,-1,-1
1065,283,1300.43,453.40,23.29,54.43,0.6968,1,-1,-1
1065,301,1461.27,505.89,32.58,77.90,0.7394,1,-1,-1
1065,310,1498.04,531.59,34.76,67.87,0.6343,1,-1,-1
1065,314,1010.99,409.95,15.69,44.57,0.4717,1,-1,-1
1065,317,1000.41,414.72,14.41,37.73,0.1071,1,-1,-1
1065,259,1152.89,476.94,83.56,32.84,0.6478,4,-1,-1
1065,335,846.11,420.05,12.75,32.51,0.5370,1,-1,-1
1066,283,1295.66,453.32,23.20,54.34,0.6951,1,-1,-1
1066,301,1456.89,505.92,32.00,76.11,0.6868,1,-1,-1
1066,310,1491.73,531.26,34.17,67.69,0.7318,1,-1,-1
1066,314,1007.95,409.62,14.95,42.88,0.4854,1,-1,-1
1066,317,996.86,415.29,14.52,38.15,0.4737,1,-1,-1
1066,259,1147.97,476.68,84.33,33.21,0.6993,4,-1,-1
1066,335,843.40,420.69,14.01,35.98,0.5955,1,-1,-1
1067,283,1292.60,452.86,23.43,55.00,0.6984,1,-1,-1
1067,301,1452.73,506.12,32.51,76.80,0.6197,1,-1,-1
1067,310,1486.14,530.64,33.93,68.33,0.6567,1,-1,-1
1067,314,1004.66,409.83,15.56,44.16,0.4737,1,-1,-1
1067,317,994.22,414.63,15.04,39.37,0.4552,1,-1,-1
1067,259,1145.66,476.72,83.38,32.98,0.7033,4,-1,-1
1067,335,841.12,420.73,13.00,33.31,0.6289,1,-1,-1
1068,283,1288.37,452.21,23.81,55.98,0.6984,1,-1,-1
1068,301,1445.78,506.19,35.04,81.47,0.6740,1,-1,-1
1068,310,1478.18,530.28,33.46,68.21,0.7178,1,-1,-1
1068,314,1002.22,409.35,15.07,43.31,0.5341,1,-1,-1
1068,317,992.73,413.93,15.93,41.66,0.5631,1,-1,-1
1068,259,1142.67,477.15,81.56,32.31,0.7272,4,-1,-1
1068,335,838.18,421.04,12.30,31.34,0.6142,1,-1,-1
1069,283,1283.48,452.37,23.41,55.24,0.6935,1,-1,-1
1069,301,1437.67,506.80,36.85,83.76,0.5946,1,-1,-1
1069,310,1470.63,530.38,33.06,67.84,0.7210,1,-1,-1
1069,314,998.26,409.39,15.31,44.05,0.4494,1,-1,-1
1069,317,989.47,412.92,16.01,42.28,0.2942,1,-1,-1
1069,259,1137.31,476.83,83.12,33.04,0.5631,4,-1,-1
1069,335,834.74,421.01,12.57,31.89,0.5955,1,-1,-1
1070,283,1280.40,452.55,23.38,55.33,0.7194,1,-1,-1
1070,301,1437.40,507.16,36.74,84.33,0.6388,1,-1,-1
1070,310,1465.87,529.69,32.75,67.62,0.7364,1,-1,-1
1070,314,996.68,409.17,14.32,41.70,0.4863,1,-1,-1
1070,317,987.20,416.88,15.02,39.24,0.3433,1,-1,-1
1070,259,1133.85,476.68,83.36,33.18,0.5458,4,-1,-1
1070,335,832.86,421.22,12.15,30.80,0.5860,1,-1,-1
1071,283,1276.06,451.91,23.62,56.17,0.6885,1,-1,-1
1071,301,1429.03,507.40,36.66,83.34,0.5390,1,-1,-1
1071,310,1458.51,528.88,33.10,67.66,0.7146,1,-1,-1
1071,314,994.20,408.66,13.77,40.43,0.5059,1,-1,-1
1071,317,983.15,418.78,14.20,37.12,0.4301,1,-1,-1
1071,259,1130.10,476.81,81.86,32.63,0.7130,4,-1,-1
1071,335,829.11,421.14,12.16,30.76,0.6307,1,-1,-1
1072,283,1273.16,452.55,23.37,55.79,0.6766,1,-1,-1
1072,301,1422.06,507.97,36.72,81.53,0.4844,1,-1,-1
1072,310,1453.21,529.27,33.35,67.33,0.7571,1,-1,-1
1072,314,992.57,408.42,13.66,40.27,0.5322,1,-1,-1
1072,317,980.79,416.04,14.86,38.85,0.5127,1,-1,-1
1072,259,1126.90,476.68,81.33,32.44,0.6628,4,-1,-1
1072,335,826.48,421.48,12.45,31.46,0.5727,1,-1,-1
1073,283,1269.09,452.91,23.29,55.74,0.6968,1,-1,-1
1073,301,1420.15,508.43,37.78,84.86,0.2037,1,-1,-1
1073,310,1445.00,528.64,34.54,68.41,0.6901,1,-1,-1
1073,314,988.80,409.38,14.51,42.43,0.4340,1,-1,-1
1073,317,976.96,416.44,14.41,37.88,0.2408,1,-1,-1
1073,259,1123.46,476.50,81.57,32.56,0.7287,4,-1,-1
1073,335,823.43,420.91,12.80,32.43,0.5670,1,-1,-1
1074,283,1264.27,451.75,23.71,56.83,0.6951,1,-1,-1
1074,301,1416.28,509.14,33.55,73.82,0.1325,1,-1,-1
1074,310,1436.85,526.84,36.42,70.26,0.6379,1,-1,-1
1074,314,986.41,417.55,12.68,36.45,0.4630,1,-1,-1
1074,317,973.60,415.32,15.22,39.62,0.2854,1,-1,-1
1074,259,1118.94,476.61,81.26,32.46,0.7194,4,-1,-1
1074,335,820.57,420.60,12.21,31.11,0.5813,1,-1,-1
1075,283,1261.12,451.30,23.73,57.02,0.6766,1,-1,-1
1075,310,1421.91,516.41,43.41,80.24,0.5679,1,-1,-1
1075,314,984.64,420.82,12.30,34.83,0.3666,1,-1,-1
1075,317,971.18,413.61,14.89,38.25,0.4273,1,-1,-1
1075,259,1115.48,476.78,81.17,32.42,0.7130,4,-1,-1
1075,335,818.16,420.09,12.43,31.82,0.6270,1,-1,-1
1076,283,1256.90,451.70,23.61,56.79,0.7050,1,-1,-1
1076,310,1415.96,516.64,43.11,78.13,0.5156,1,-1,-1
1076,314,979.80,412.61,14.50,41.40,0.5746,1,-1,-1
1076,317,968.84,413.27,15.51,39.75,0.4756,1,-1,-1
1076,259,1110.80,476.44,81.27,32.45,0.6645,4,-1,-1
1076,335,814.23,420.53,13.26,34.29,0.5879,1,-1,-1
1077,283,1254.13,451.45,23.62,56.78,0.7066,1,-1,-1
1077,310,1407.00,512.88,45.66,81.23,0.4254,1,-1,-1
1077,314,977.11,409.38,15.46,44.36,0.4941,1,-1,-1
1077,317,965.31,414.10,15.59,39.98,0.3065,1,-1,-1
1077,259,1107.31,476.10,81.50,32.66,0.6142,4,-1,-1
1077,335,812.36,420.36,13.28,34.64,0.5554,1,-1,-1
1078,283,1249.56,450.95,23.58,56.71,0.6697,1,-1,-1
1078,310,1401.57,514.37,44.38,78.39,0.1348,1,-1,-1
1078,314,972.97,408.65,16.16,46.13,0.4630,1,-1,-1
1078,317,962.30,413.37,16.42,41.45,0.3567,1,-1,-1
1078,259,1102.86,476.21,81.28,32.53,0.6968,4,-1,-1
1078,335,809.07,419.79,13.37,35.16,0.4912,1,-1,-1
1078,301,1388.21,510.15,38.93,81.06,0.5254,1,-1,-1
1079,283,1245.37,451.72,23.31,56.23,0.7114,1,-1,-1
1079,310,1393.24,513.46,44.56,79.28,0.4620,1,-1,-1
1079,314,969.65,407.80,16.12,46.27,0.5107,1,-1,-1
1079,317,958.91,413.07,16.92,42.15,0.5263,1,-1,-1
1079,259,1099.00,476.07,80.48,32.29,0.7178,4,-1,-1
1079,335,805.42,420.24,14.34,37.90,0.5993,1,-1,-1
1079,301,1381.98,510.42,39.37,80.45,0.5574,1,-1,-1
1080,283,1242.79,452.07,23.17,55.79,0.7033,1,-1,-1
1080,310,1381.94,510.43,47.21,82.02,0.3124,1,-1,-1
1080,314,967.86,407.66,15.80,45.47,0.5234,1,-1,-1
1080,317,957.62,412.91,16.97,42.09,0.4932,1,-1,-1
1080,259,1096.49,476.11,79.63,32.00,0.7178,4,-1,-1
1080,335,803.00,420.39,14.09,37.52,0.5974,1,-1,-1
1080,301,1375.50,509.98,40.26,81.52,0.3277,1,-1,-1
1081,283,1238.20,450.87,23.23,56.05,0.6749,1,-1,-1
1081,310,1381.60,513.85,44.96,78.30,0.5689,1,-1,-1
1081,314,965.65,407.36,16.10,45.85,0.4912,1,-1,-1
1081,317,955.25,412.43,17.19,42.48,0.4417,1,-1,-1
1081,259,1090.67,475.89,80.70,32.28,0.7058,4,-1,-1
1081,335,800.42,420.72,14.23,37.83,0.5554,1,-1,-1
1081,301,1375.14,509.20,42.86,83.73,0.6406,1,-1,-1
1082,283,1235.16,450.40,23.41,56.40,0.7082,1,-1,-1
1082,314,964.13,407.67,16.33,45.61,0.4922,1,-1,-1
1082,317,953.69,411.80,17.83,43.39,0.4766,1,-1,-1
1082,259,1087.94,475.69,82.27,32.86,0.6654,4,-1,-1
1082,335,798.27,420.97,14.33,38.09,0.6289,1,-1,-1
1082,301,1371.49,508.45,44.91,84.46,0.7813,1,-1,-1
1083,283,1231.57,450.39,23.52,56.58,0.7394,1,-1,-1
1083,314,959.74,407.17,16.59,46.47,0.4941,1,-1,-1
1083,317,949.95,410.80,18.04,43.94,0.4484,1,-1,-1
1083,259,1083.80,475.56,82.15,32.87,0.6451,4,-1,-1
1083,335,795.74,421.23,14.30,37.48,0.5927,1,-1,-1
1083,301,1366.78,508.34,46.51,84.85,0.6478,1,-1,-1
1084,283,1227.38,450.01,23.48,56.57,0.6697,1,-1,-1
1084,314,956.22,407.49,15.78,44.50,0.4902,1,-1,-1
1084,317,947.47,410.70,18.35,44.49,0.5506,1,-1,-1
1084,259,1080.60,475.65,81.51,32.59,0.7090,4,-1,-1
1084,335,792.95,421.08,14.04,36.24,0.5898,1,-1,-1
1084,301,1356.86,506.25,48.73,86.48,0.6689,1,-1,-1
1085,283,1224.74,450.34,23.30,56.25,0.6610,1,-1,-1
1085,314,955.52,408.88,15.37,43.33,0.5458,1,-1,-1
1085,317,944.53,412.16,17.46,42.80,0.5448,1,-1,-1
1085,259,1077.21,475.55,81.30,32.43,0.6926,4,-1,-1
1085,335,790.99,421.20,13.43,34.39,0.5448,1,-1,-1
1085,301,1346.60,506.04,46.70,85.57,0.4883,1,-1,-1
1085,346,789.56,421.36,18.94,40.49,0.4533,1,-1,-1
1086,283,1220.90,450.38,23.49,56.80,0.7178,1,-1,-1
1086,314,952.35,408.06,15.96,45.09,0.5215,1,-1,-1
1086,317,942.77,413.80,16.59,41.19,0.4562,1,-1,-1
1086,259,1074.03,475.19,81.89,32.76,0.7241,4,-1,-1
1086,335,788.13,421.63,14.04,35.59,0.5804,1,-1,-1
1086,301,1343.59,504.16,48.34,88.62,0.6433,1,-1,-1
1087,283,1218.74,450.84,23.52,56.61,0.7114,1,-1,-1
1087,314,949.35,407.73,16.11,45.35,0.4475,1,-1,-1
1087,317,939.91,412.98,16.59,41.50,0.3469,1,-1,-1
1087,259,1071.09,475.43,80.91,32.39,0.7241,4,-1,-1
1087,335,786.36,421.66,13.57,34.22,0.5458,1,-1,-1
1087,301,1334.55,503.64,45.56,84.53,0.4678,1,-1,-1
1088,283,1214.92,450.08,23.65,56.77,0.6749,1,-1,-1
1088,314,946.75,408.35,15.26,42.96,0.4922,1,-1,-1
1088,317,937.00,412.32,15.88,40.03,0.4620,1,-1,-1
1088,259,1068.69,475.78,80.64,32.22,0.7225,4,-1,-1
1088,335,783.97,421.46,14.31,35.98,0.5516,1,-1,-1
1088,301,1326.62,502.78,47.35,86.77,0.5215,1,-1,-1
1089,283,1211.29,449.86,23.74,56.88,0.6851,1,-1,-1
1089,314,944.49,407.93,14.87,42.10,0.4961,1,-1,-1
1089,317,934.20,412.26,15.98,40.36,0.4311,1,-1,-1
1089,259,1064.60,475.70,81.56,32.56,0.6968,4,-1,-1
1089,335,780.64,420.69,13.94,35.20,0.5765,1,-1,-1
1089,301,1322.25,500.09,45.48,83.94,0.4941,1,-1,-1
1090,283,1208.60,450.03,23.63,56.63,0.7130,1,-1,-1
1090,314,943.29,408.17,15.03,42.97,0.5332,1,-1,-1
1090,317,932.61,412.37,15.85,40.07,0.5020,1,-1,-1
1090,259,1061.73,475.46,81.80,32.67,0.6049,4,-1,-1
1090,335,778.56,420.63,13.97,35.55,0.5784,1,-1,-1
1090,301,1318.06,497.92,49.05,90.53,0.6514,1,-1,-1
1091,283,1205.73,449.85,23.94,56.85,0.7178,1,-1,-1
1091,314,939.97,408.60,15.41,43.75,0.2854,1,-1,-1
1091,317,929.81,416.47,15.27,38.01,0.1603,1,-1,-1
1091,259,1058.59,475.39,81.18,32.44,0.7194,4,-1,-1
1091,335,776.79,420.58,13.59,34.72,0.5765,1,-1,-1
1091,301,1312.94,497.10,49.66,92.55,0.6851,1,-1,-1
1092,283,1203.39,449.72,23.91,56.62,0.7001,1,-1,-1
1092,314,938.10,407.99,15.01,42.44,0.3675,1,-1,-1
1092,317,928.56,419.28,14.82,36.06,0.1480,1,-1,-1
1092,259,1056.33,475.44,81.18,32.44,0.7162,4,-1,-1
1092,335,775.21,420.65,13.50,34.68,0.5727,1,-1,-1
1092,301,1311.57,498.61,48.03,90.21,0.6316,1,-1,-1
1092,347,1322.53,520.81,36.22,67.51,0.6030,1,-1,-1
1093,283,1199.91,449.87,23.96,56.53,0.7210,1,-1,-1
1093,314,936.34,408.06,15.14,43.08,0.3831,1,-1,-1
1093,317,926.58,413.53,16.09,39.57,0.3711,1,-1,-1
1093,259,1053.07,475.40,81.34,32.46,0.7066,4,-1,-1
1093,335,772.58,421.07,13.82,35.75,0.6021,1,-1,-1
1093,301,1304.74,496.59,48.01,91.59,0.6610,1,-1,-1
1093,347,1316.07,519.63,36.75,68.49,0.5185,1,-1,-1
1094,283,1196.55,450.27,23.82,56.21,0.7424,1,-1,-1
1094,314,934.34,409.06,15.41,43.65,0.4397,1,-1,-1
1094,317,923.22,412.50,16.50,41.05,0.4177,1,-1,-1
1094,259,1049.82,475.46,80.98,32.33,0.7318,4,-1,-1
1094,335,770.87,419.94,13.19,34.45,0.5860,1,-1,-1
1094,301,1296.54,496.28,46.28,90.60,0.7256,1,-1,-1
1095,283,1194.36,450.54,23.86,55.82,0.7379,1,-1,-1
1095,314,933.03,408.59,14.14,40.12,0.4756,1,-1,-1
1095,317,920.74,411.91,16.58,41.54,0.4600,1,-1,-1
1095,259,1047.73,475.57,80.43,32.07,0.7287,4,-1,-1
1095,335,768.81,420.10,14.11,36.93,0.5917,1,-1,-1
1095,301,1291.25,495.86,44.84,89.89,0.7042,1,-1,-1
1095,348,1595.03,352.54,20.38,36.34,0.4971,1,-1,-1
1096,283,1190.66,450.32,23.69,55.16,0.6715,1,-1,-1
1096,314,932.20,408.49,14.83,42.27,0.4659,1,-1,-1
1096,317,920.04,411.84,16.47,41.33,0.5263,1,-1,-1
1096,259,1044.99,475.56,80.46,32.11,0.7194,4,-1,-1
1096,335,765.86,420.04,14.22,37.45,0.6086,1,-1,-1
1096,301,1284.98,497.83,42.62,87.29,0.7202,1,-1,-1
1096,348,1591.71,352.63,19.78,35.32,0.1352,1,-1,-1
1097,283,1188.11,450.18,23.83,55.15,0.7178,1,-1,-1
1097,314,930.86,408.36,14.83,42.52,0.4542,1,-1,-1
1097,317,919.89,411.13,16.83,42.33,0.4737,1,-1,-1
1097,259,1041.73,475.18,81.14,32.39,0.6610,4,-1,-1
1097,335,764.54,420.31,14.68,38.44,0.6343,1,-1,-1
1097,301,1281.33,499.77,40.76,85.38,0.6352,1,-1,-1
1097,348,1588.69,353.69,19.11,34.18,0.3942,1,-1,-1
1098,283,1184.73,450.90,23.57,54.27,0.7162,1,-1,-1
1098,314,927.68,407.94,15.81,44.34,0.4102,1,-1,-1
1098,317,919.61,410.04,18.02,44.22,0.4961,1,-1,-1
1098,259,1039.42,475.29,80.66,32.21,0.5974,4,-1,-1
1098,335,762.35,420.46,14.64,38.08,0.6487,1,-1,-1
1098,301,1277.20,501.02,39.09,83.14,0.7162,1,-1,-1
1098,348,1583.82,351.28,19.84,35.56,0.3979,1,-1,-1
1099,283,1181.58,450.63,23.78,54.33,0.7130,1,-1,-1
1099,314,924.10,408.62,15.35,42.87,0.3933,1,-1,-1
1099,317,917.70,409.84,18.09,43.94,0.4446,1,-1,-1
1099,259,1036.22,475.22,79.64,31.85,0.6893,4,-1,-1
1099,335,760.18,420.84,14.04,36.23,0.5409,1,-1,-1
1099,301,1271.21,501.89,37.41,79.60,0.6775,1,-1,-1
1099,348,1579.76,351.94,19.91,35.85,0.1515,1,-1,-1
1100,283,1178.75,450.54,23.76,54.19,0.6654,1,-1,-1
1100,314,921.67,408.85,16.01,44.08,0.4407,1,-1,-1
1100,317,915.01,409.86,18.01,43.80,0.4417,1,-1,-1
1100,259,1033.94,475.18,79.91,32.00,0.6826,4,-1,-1
1100,335,759.12,420.49,13.56,34.48,0.5746,1,-1,-1
1100,301,1267.66,513.50,33.13,68.31,0.6901,1,-1,-1
1100,348,1576.75,353.56,18.91,34.06,0.3099,1,-1,-1
1101,283,1175.32,450.21,24.02,54.75,0.6885,1,-1,-1
1101,314,919.60,408.56,16.72,44.91,0.5254,1,-1,-1
1101,317,912.71,409.56,18.37,44.35,0.4815,1,-1,-1
1101,259,1029.70,475.14,80.49,32.26,0.7146,4,-1,-1
1101,335,756.16,420.34,13.93,34.88,0.4971,1,-1,-1
1101,301,1259.00,506.21,36.74,75.00,0.6039,1,-1,-1
1101,348,1573.20,353.20,18.77,33.83,0.3914,1,-1,-1
1102,283,1172.76,450.86,23.64,53.77,0.6935,1,-1,-1
1102,314,919.08,409.06,16.59,44.36,0.5302,1,-1,-1
1102,317,911.02,410.19,18.22,43.79,0.4504,1,-1,-1
1102,259,1028.25,475.11,80.60,32.41,0.7527,4,-1,-1
1102,335,753.38,420.24,14.64,36.04,0.5438,1,-1,-1
1102,301,1254.75,503.32,36.10,73.89,0.5312,1,-1,-1
1102,348,1569.50,349.66,20.31,36.89,0.3277,1,-1,-1
1103,283,1169.69,450.74,23.94,54.03,0.7334,1,-1,-1
1103,314,916.25,408.21,16.72,44.84,0.4776,1,-1,-1
1103,317,909.48,410.29,18.19,43.51,0.4235,1,-1,-1
1103,259,1024.83,475.22,80.00,32.25,0.7272,4,-1,-1
1103,335,752.91,420.32,13.83,33.88,0.5612,1,-1,-1
1103,301,1250.70,502.34,36.58,73.20,0.7114,1,-1,-1
1103,348,1565.61,351.25,19.34,35.18,0.2576,1,-1,-1
1104,283,1165.48,450.35,24.17,54.45,0.6680,1,-1,-1
1104,314,914.36,409.01,16.79,44.75,0.2261,1,-1,-1
1104,317,907.51,409.63,18.46,44.01,0.4017,1,-1,-1
1104,259,1022.02,475.73,78.66,31.69,0.7303,4,-1,-1
1104,335,749.95,419.97,14.33,34.94,0.5564,1,-1,-1
1104,301,1244.36,500.68,38.97,76.21,0.6169,1,-1,-1
1104,348,1561.72,351.68,19.22,35.06,0.3951,1,-1,-1
1105,283,1162.78,450.37,23.90,53.77,0.6885,1,-1,-1
1105,317,905.87,409.09,19.02,44.74,0.4639,1,-1,-1
1105,259,1018.84,475.75,78.92,31.79,0.6307,4,-1,-1
1105,335,747.39,419.90,14.80,35.76,0.5699,1,-1,-1
1105,301,1238.90,500.13,39.91,76.02,0.6298,1,-1,-1
1105,348,1558.09,350.23,19.88,36.49,0.4504,1,-1,-1
1106,283,1159.11,450.90,23.92,53.35,0.7225,1,-1,-1
1106,317,904.34,408.73,19.12,44.88,0.5312,1,-1,-1
1106,259,1014.88,475.39,79.66,32.16,0.5554,4,-1,-1
1106,335,744.77,418.87,14.89,36.36,0.5983,1,-1,-1
1106,301,1229.00,498.54,39.43,73.87,0.3157,1,-1,-1
1107,283,1156.37,450.84,23.94,53.05,0.7050,1,-1,-1
1107,317,902.76,408.19,19.12,45.19,0.5842,1,-1,-1
1107,259,1012.03,475.50,79.37,32.04,0.5765,4,-1,-1
1107,335,743.02,419.52,15.06,36.73,0.6215,1,-1,-1
1107,301,1221.52,497.77,42.64,78.97,0.4513,1,-1,-1
1108,283,1151.72,450.50,24.69,54.67,0.7256,1,-1,-1
1108,317,902.03,408.50,18.89,45.09,0.4844,1,-1,-1
1108,259,1008.98,475.21,79.58,32.19,0.6531,4,-1,-1
1108,335,740.95,419.68,15.03,36.74,0.6011,1,-1,-1
1108,301,1219.29,497.16,42.19,78.48,0.6697,1,-1,-1
1108,346,793.03,413.47,17.56,37.13,0.4620,1,-1,-1
1109,283,1147.49,451.06,24.56,54.15,0.7334,1,-1,-1
1109,317,900.22,408.56,19.06,45.40,0.1830,1,-1,-1
1109,259,1005.76,475.30,79.92,32.34,0.7210,4,-1,-1
1109,335,738.22,419.42,15.17,37.50,0.6610,1,-1,-1
1109,301,1213.14,494.85,42.44,80.16,0.6918,1,-1,-1
1109,346,790.35,413.53,17.20,36.78,0.5409,1,-1,-1
1110,283,1144.69,451.35,24.54,53.69,0.7334,1,-1,-1
1110,317,898.73,409.20,18.67,44.68,0.5631,1,-1,-1
1110,259,1003.30,474.87,79.56,32.27,0.7217,4,-1,-1
1110,335,736.65,419.44,15.10,37.65,0.5467,1,-1,-1
1110,301,1208.24,494.05,40.99,78.58,0.7194,1,-1,-1
1110,346,788.43,413.91,16.94,36.77,0.5068,1,-1,-1
1111,283,1139.17,450.61,25.15,54.83,0.7241,1,-1,-1
1111,317,896.28,409.67,18.58,44.76,0.5612,1,-1,-1
1111,259,1000.15,475.27,78.85,31.97,0.7210,4,-1,-1
1111,335,734.64,419.84,14.23,35.61,0.5670,1,-1,-1
1111,301,1201.51,492.68,39.91,78.49,0.6361,1,-1,-1
1111,346,784.53,412.02,17.46,38.03,0.4659,1,-1,-1
1112,283,1135.94,450.99,24.92,54.14,0.7146,1,-1,-1
1112,317,894.97,408.72,18.28,44.79,0.4581,1,-1,-1
1112,259,997.53,475.65,78.32,31.65,0.6968,4,-1,-1
1112,335,732.50,420.08,14.72,36.95,0.5879,1,-1,-1
1112,301,1197.98,491.60,37.45,75.39,0.6984,1,-1,-1
1112,346,781.13,410.06,18.51,40.23,0.5244,1,-1,-1
1112,355,1180.84,518.72,27.37,55.66,0.6415,1,-1,-1
1113,283,1132.03,450.36,25.02,54.40,0.7303,1,-1,-1
1113,317,892.64,408.44,18.43,45.18,0.4102,1,-1,-1
1113,259,993.36,475.02,79.55,32.19,0.3585,4,-1,-1
1113,335,729.92,420.12,15.13,37.83,0.6011,1,-1,-1
1113,301,1192.54,490.06,36.26,74.98,0.7162,1,-1,-1
1113,346,777.21,410.95,17.88,39.26,0.4092,1,-1,-1
1113,355,1172.11,516.43,27.94,56.91,0.6993,1,-1,-1
1114,283,1126.87,450.49,25.08,54.38,0.6918,1,-1,-1
1114,317,886.49,409.68,18.56,44.74,0.5842,1,-1,-1
1114,259,987.95,474.72,80.69,32.71,0.6424,4,-1,-1
1114,335,726.64,419.76,14.38,35.51,0.5390,1,-1,-1
1114,301,1186.52,490.13,34.79,74.04,0.7146,1,-1,-1
1114,346,773.32,412.80,17.05,37.22,0.4863,1,-1,-1
1114,355,1162.31,515.69,28.35,57.67,0.6951,1,-1,-1
1115,283,1123.61,450.59,25.20,54.51,0.7194,1,-1,-1
1115,317,883.22,409.52,19.39,45.20,0.5651,1,-1,-1
1115,259,984.61,474.94,80.27,32.51,0.6478,4,-1,-1
1115,335,724.48,419.75,14.21,34.60,0.5312,1,-1,-1
1115,301,1182.43,489.43,34.60,75.48,0.6593,1,-1,-1
1115,346,769.03,411.97,17.72,38.44,0.4990,1,-1,-1
1115,355,1154.06,513.80,29.92,60.48,0.6540,1,-1,-1
1116,283,1119.10,450.20,25.22,54.62,0.6885,1,-1,-1
1116,317,879.05,409.51,19.79,44.89,0.5361,1,-1,-1
1116,259,981.72,475.08,79.41,32.15,0.6984,4,-1,-1
1116,335,721.17,419.30,15.06,36.30,0.5010,1,-1,-1
1116,301,1175.99,489.80,33.76,75.29,0.6749,1,-1,-1
1116,346,764.70,411.02,18.03,39.52,0.4397,1,-1,-1
1116,355,1146.57,513.27,30.52,61.29,0.7318,1,-1,-1
1117,283,1115.21,450.10,25.20,54.36,0.6575,1,-1,-1
1117,317,875.46,410.44,19.51,44.01,0.5166,1,-1,-1
1117,259,979.19,475.51,77.27,31.26,0.7017,4,-1,-1
1117,335,719.63,420.44,13.89,32.91,0.4177,1,-1,-1
1117,301,1172.21,490.56,32.83,74.33,0.6792,1,-1,-1
1117,346,761.92,411.05,17.92,39.28,0.4523,1,-1,-1
1117,355,1140.96,512.85,30.61,60.95,0.7571,1,-1,-1
1117,314,879.61,409.86,17.67,44.44,0.4562,1,-1,-1
1118,283,1110.96,449.83,25.23,54.25,0.6968,1,-1,-1
1118,317,872.37,409.50,20.05,44.91,0.5146,1,-1,-1
1118,259,975.25,475.69,77.93,31.52,0.6732,4,-1,-1
1118,335,716.15,421.09,14.66,34.16,0.4045,1,-1,-1
1118,301,1166.52,491.89,31.96,73.08,0.7025,1,-1,-1
1118,346,757.25,408.54,19.15,42.01,0.4756,1,-1,-1
1118,355,1133.22,512.77,30.75,60.96,0.7225,1,-1,-1
1118,314,878.20,409.18,18.31,44.59,0.4600,1,-1,-1
1119,283,1106.32,450.28,24.75,53.22,0.6397,1,-1,-1
1119,317,869.69,408.28,21.15,46.30,0.5146,1,-1,-1
1119,259,970.52,475.35,78.62,31.77,0.4465,4,-1,-1
1119,335,712.47,420.48,16.11,37.38,0.2295,1,-1,-1
1119,301,1156.97,494.48,31.37,70.67,0.6645,1,-1,-1
1119,346,753.28,410.36,18.17,40.20,0.3268,1,-1,-1
1119,355,1125.94,513.23,29.93,59.53,0.6424,1,-1,-1
1119,314,876.21,408.63,19.02,45.54,0.1889,1,-1,-1
1120,283,1102.31,450.23,24.88,53.28,0.6749,1,-1,-1
1120,317,865.95,409.03,20.66,45.08,0.5254,1,-1,-1
1120,259,966.78,475.67,77.81,31.39,0.6067,4,-1,-1
1120,335,709.54,420.46,15.94,36.66,0.4581,1,-1,-1
1120,301,1153.15,494.28,31.65,70.26,0.6860,1,-1,-1
1120,346,750.53,412.48,17.29,37.91,0.3630,1,-1,-1
1120,355,1121.99,513.57,28.61,57.27,0.6406,1,-1,-1
1120,314,871.62,408.55,19.24,45.43,0.4659,1,-1,-1
1121,283,1097.89,449.88,24.56,52.90,0.6885,1,-1,-1
1121,317,863.28,410.14,20.41,43.90,0.4698,1,-1,-1
1121,259,962.48,475.27,78.84,31.83,0.6298,4,-1,-1
1121,335,705.88,420.45,15.64,36.27,0.4542,1,-1,-1
1121,301,1147.03,494.64,31.60,69.41,0.7050,1,-1,-1
1121,346,746.56,410.58,18.00,39.73,0.1778,1,-1,-1
1121,355,1114.44,513.81,28.32,56.89,0.7194,1,-1,-1
1122,283,1093.71,449.94,24.19,52.55,0.6558,1,-1,-1
1122,317,859.79,409.97,20.42,43.91,0.4727,1,-1,-1
1122,259,958.34,475.11,79.61,32.05,0.6105,4,-1,-1
1122,335,703.48,419.44,15.06,34.89,0.4426,1,-1,-1
1122,301,1142.97,494.32,31.94,70.01,0.7341,1,-1,-1
1122,346,742.48,411.40,17.67,39.10,0.3942,1,-1,-1
1122,355,1109.31,512.19,28.47,58.01,0.7050,1,-1,-1
1123,283,1088.64,450.34,23.87,52.29,0.6663,1,-1,-1
1123,317,858.16,409.15,20.40,43.98,0.2379,1,-1,-1
1123,259,955.82,475.44,77.44,31.17,0.6817,4,-1,-1
1123,335,700.81,420.23,15.37,35.72,0.1371,1,-1,-1
1123,301,1138.17,494.27,32.23,69.20,0.7379,1,-1,-1
1123,346,738.30,413.45,16.74,36.98,0.3090,1,-1,-1
1123,355,1102.97,510.73,28.85,59.88,0.6766,1,-1,-1
1124,283,1083.38,450.29,23.23,51.58,0.6280,1,-1,-1
1124,317,855.25,409.76,20.21,43.92,0.4678,1,-1,-1
1124,259,951.79,475.59,77.79,31.29,0.7050,4,-1,-1
1124,335,696.68,417.77,17.05,40.05,0.3840,1,-1,-1
1124,301,1129.40,494.76,30.84,66.60,0.5983,1,-1,-1
1124,346,733.18,412.18,17.60,38.60,0.4668,1,-1,-1
1124,355,1096.24,509.35,27.53,57.91,0.6935,1,-1,-1
1125,283,1079.36,450.06,23.15,51.80,0.6334,1,-1,-1
1125,317,850.61,409.70,20.27,44.10,0.4756,1,-1,-1
1125,259,946.41,475.16,79.80,32.06,0.5059,4,-1,-1
1125,335,694.00,418.55,16.65,39.57,0.2451,1,-1,-1
1125,301,1124.65,493.13,31.14,67.37,0.7017,1,-1,-1
1125,346,729.80,412.82,17.27,37.94,0.3558,1,-1,-1
1125,355,1090.12,507.86,28.13,59.58,0.6984,1,-1,-1
1126,283,1074.50,449.93,23.03,52.28,0.6234,1,-1,-1
1126,317,847.38,408.24,21.07,45.80,0.4494,1,-1,-1
1126,259,942.85,475.40,78.41,31.46,0.3914,4,-1,-1
1126,335,690.56,417.04,17.97,43.20,0.1485,1,-1,-1
1126,301,1118.01,492.39,31.58,68.63,0.6460,1,-1,-1
1126,346,725.75,413.35,16.95,37.32,0.4017,1,-1,-1
1126,355,1084.72,507.39,26.81,57.13,0.6086,1,-1,-1
1127,283,1071.39,449.33,22.94,52.85,0.6179,1,-1,-1
1127,317,845.87,408.79,20.46,44.49,0.4187,1,-1,-1
1127,259,939.93,475.52,78.34,31.40,0.4785,4,-1,-1
1127,301,1113.70,492.09,31.00,67.64,0.7318,1,-1,-1
1127,346,723.10,411.89,17.32,38.36,0.3132,1,-1,-1
1127,355,1079.98,508.22,26.24,56.38,0.5974,1,-1,-1
1128,283,1067.02,449.58,22.59,52.40,0.6197,1,-1,-1
1128,317,842.14,407.72,20.93,45.39,0.4678,1,-1,-1
1128,259,936.37,475.61,77.48,30.97,0.4912,4,-1,-1
1128,301,1106.29,492.57,30.59,67.29,0.5699,1,-1,-1
1128,346,718.78,412.73,17.23,38.26,0.1784,1,-1,-1
1128,355,1072.98,508.13,27.33,59.42,0.6834,1,-1,-1
1129,283,1062.13,450.38,21.87,51.04,0.6442,1,-1,-1
1129,317,837.91,406.28,21.38,46.75,0.4951,1,-1,-1
1129,259,932.21,475.40,77.44,31.02,0.6397,4,-1,-1
1129,301,1099.34,491.45,30.57,67.91,0.5936,1,-1,-1
1129,346,713.15,410.92,17.93,39.67,0.3016,1,-1,-1
1129,355,1065.62,509.80,27.10,58.70,0.5765,1,-1,-1
1130,283,1058.56,450.21,21.68,51.04,0.6225,1,-1,-1
1130,317,835.65,406.52,21.25,46.75,0.4746,1,-1,-1
1130,259,929.67,475.56,76.53,30.65,0.6732,4,-1,-1
1130,301,1094.40,491.02,30.85,69.39,0.5832,1,-1,-1
1130,346,710.15,409.91,18.25,40.39,0.3558,1,-1,-1
1130,355,1061.12,510.79,26.93,58.65,0.6451,1,-1,-1
1131,283,1054.19,450.37,21.52,50.80,0.6549,1,-1,-1
1131,317,833.02,405.89,21.62,47.61,0.5293,1,-1,-1
1131,259,926.12,476.17,76.42,30.46,0.5936,4,-1,-1
1131,301,1088.50,490.60,30.90,69.79,0.6361,1,-1,-1
1131,346,706.15,410.83,18.00,39.77,0.1711,1,-1,-1
1131,355,1054.92,512.16,26.35,57.23,0.5955,1,-1,-1
1132,283,1050.92,450.23,21.67,51.43,0.6715,1,-1,-1
1132,317,831.37,405.79,21.64,47.78,0.5049,1,-1,-1
1132,259,922.35,475.81,77.55,30.88,0.5127,4,-1,-1
1132,301,1083.59,490.29,31.28,70.14,0.6151,1,-1,-1
1132,346,702.94,411.00,17.91,39.75,0.2878,1,-1,-1
1132,355,1050.68,512.80,26.41,57.58,0.6558,1,-1,-1
1133,283,1046.42,450.38,21.62,51.57,0.6451,1,-1,-1
1133,317,827.69,405.17,21.69,48.49,0.4630,1,-1,-1
1133,259,917.76,475.65,77.43,30.79,0.4562,4,-1,-1
1133,301,1078.22,489.46,30.78,68.72,0.6289,1,-1,-1
1133,346,699.26,410.94,17.79,39.47,0.2854,1,-1,-1
1133,355,1045.36,513.34,26.14,57.43,0.6105,1,-1,-1
1134,283,1042.02,450.73,21.07,50.59,0.6325,1,-1,-1
1134,317,824.20,407.70,20.34,46.01,0.4932,1,-1,-1
1134,259,913.81,475.48,78.80,31.40,0.6361,4,-1,-1
1134,301,1071.90,488.70,31.72,70.94,0.5195,1,-1,-1
1134,355,1039.58,513.22,25.07,54.65,0.6575,1,-1,-1
1135,283,1038.61,450.51,20.95,50.67,0.6433,1,-1,-1
1135,317,821.89,405.99,20.67,47.33,0.4795,1,-1,-1
1135,259,911.11,475.47,78.02,31.05,0.5746,4,-1,-1
1135,301,1068.96,488.30,33.01,72.58,0.5813,1,-1,-1
1135,355,1034.97,512.79,25.54,55.04,0.6951,1,-1,-1
1135,372,349.31,432.47,18.92,43.40,0.6325,1,-1,-1
1135,373,294.81,438.65,19.10,45.39,0.5438,1,-1,-1
1135,374,309.33,436.62,20.15,45.01,0.5419,1,-1,-1
1136,283,1034.55,451.30,20.48,49.60,0.6289,1,-1,-1
1136,317,819.06,406.04,20.57,47.52,0.5117,1,-1,-1
1136,259,908.24,475.76,76.77,30.53,0.6663,4,-1,-1
1136,301,1063.69,488.43,33.62,72.73,0.5631,1,-1,-1
1136,355,1029.86,512.70,25.88,55.42,0.7082,1,-1,-1
1136,372,343.95,432.12,19.53,44.81,0.4639,1,-1,-1
1136,373,289.13,438.08,19.57,46.48,0.4591,1,-1,-1
1136,375,175.55,456.32,22.34,39.02,0.5205,1,-1,-1
1137,283,1031.21,451.06,20.66,49.90,0.6188,1,-1,-1
1137,317,816.73,404.95,20.90,48.67,0.4620,1,-1,-1
1137,259,905.48,475.77,77.41,30.78,0.6766,4,-1,-1
1137,301,1059.03,489.23,33.22,71.05,0.5467,1,-1,-1
1137,355,1026.09,512.74,25.73,54.99,0.7349,1,-1,-1
1137,372,340.22,432.92,18.80,43.06,0.5583,1,-1,-1
1137,373,284.73,437.94,20.02,47.51,0.5312,1,-1,-1
1137,375,171.31,452.35,24.76,43.41,0.4187,1,-1,-1
1137,377,173.51,433.22,18.10,44.54,0.5185,1,-1,-1
1138,283,1026.50,450.50,20.90,50.81,0.6469,1,-1,-1
1138,317,813.49,404.04,20.84,48.95,0.5195,1,-1,-1
1138,259,900.63,475.64,78.49,31.14,0.5737,4,-1,-1
1138,301,1051.66,488.86,32.90,69.47,0.3149,1,-1,-1
1138,355,1021.26,512.24,25.78,55.03,0.7439,1,-1,-1
1138,372,334.39,433.28,19.20,43.98,0.5670,1,-1,-1
1138,373,288.93,436.08,20.21,47.57,0.5860,1,-1,-1
1139,283,1021.79,450.76,20.75,50.66,0.6234,1,-1,-1
1139,317,810.15,405.22,20.13,47.45,0.4766,1,-1,-1
1139,259,895.44,475.79,78.88,31.26,0.5993,4,-1,-1
1139,301,1043.28,489.01,28.71,62.48,0.5400,1,-1,-1
1139,355,1017.14,512.13,26.95,57.47,0.7001,1,-1,-1
1139,372,328.70,434.40,19.14,43.54,0.5341,1,-1,-1
1139,373,286.57,434.86,20.75,48.74,0.5283,1,-1,-1
1140,283,1018.56,452.14,20.12,49.37,0.6160,1,-1,-1
1140,317,807.98,406.51,19.81,46.54,0.5458,1,-1,-1
1140,259,892.45,475.88,78.91,31.24,0.6397,4,-1,-1
1140,301,1038.57,488.85,27.62,60.74,0.4630,1,-1,-1
1140,355,1014.91,512.44,26.36,55.89,0.6680,1,-1,-1
1140,372,323.40,434.89,19.12,43.11,0.4678,1,-1,-1
1140,373,280.32,435.61,20.76,47.59,0.3630,1,-1,-1
1140,380,160.69,433.11,19.02,47.38,0.4688,1,-1,-1
1141,283,1013.94,451.49,19.93,48.89,0.6334,1,-1,-1
1141,317,802.14,404.12,19.82,47.16,0.4951,1,-1,-1
1141,259,889.04,475.97,77.95,30.79,0.5574,4,-1,-1
1141,301,1034.28,489.13,27.33,60.18,0.5746,1,-1,-1
1141,355,1010.30,512.08,25.70,53.97,0.7178,1,-1,-1
1141,372,317.28,435.77,19.31,42.97,0.4455,1,-1,-1
1141,373,274.85,435.79,21.23,48.31,0.4417,1,-1,-1
1141,380,159.05,434.74,18.19,45.05,0.3858,1,-1,-1
1142,283,1010.20,451.57,19.83,48.51,0.6584,1,-1,-1
1142,317,799.73,403.83,20.18,48.20,0.5117,1,-1,-1
1142,259,886.52,475.96,77.66,30.62,0.6951,4,-1,-1
1142,301,1029.60,488.56,27.80,61.74,0.5020,1,-1,-1
1142,355,1007.12,511.22,25.80,53.77,0.7122,1,-1,-1
1142,372,311.76,434.99,19.93,44.17,0.1772,1,-1,-1
1142,373,271.07,435.92,21.29,48.17,0.3803,1,-1,-1
1142,380,155.66,435.37,16.34,40.11,0.4620,1,-1,-1
1142,386,1030.88,489.06,23.04,59.47,0.5689,1,-1,-1
1142,387,259.17,438.08,20.20,46.80,0.4873,1,-1,-1
1142,374,308.95,437.66,18.66,41.55,0.5000,1,-1,-1
1143,283,1005.12,451.26,20.25,49.27,0.6637,1,-1,-1
1143,317,797.61,405.45,19.38,46.16,0.3294,1,-1,-1
1143,259,882.38,475.78,77.19,30.38,0.7130,4,-1,-1
1143,301,1022.94,488.23,27.48,61.89,0.6105,1,-1,-1
1143,355,1002.35,510.60,26.31,54.66,0.6697,1,-1,-1
1143,372,305.14,436.32,19.70,43.01,0.5029,1,-1,-1
1143,380,151.09,434.83,16.25,39.38,0.5117,1,-1,-1
1143,387,260.54,435.60,20.96,48.37,0.4494,1,-1,-1
1144,283,999.80,451.08,20.57,50.02,0.6433,1,-1,-1
1144,317,793.70,405.06,18.79,45.26,0.3242,1,-1,-1
1144,259,877.55,476.10,77.56,30.44,0.6817,4,-1,-1
1144,301,1016.01,487.01,27.59,63.09,0.5506,1,-1,-1
1144,355,997.55,509.92,26.60,54.95,0.6800,1,-1,-1
1144,372,297.39,438.67,18.55,40.53,0.4912,1,-1,-1
1144,380,144.23,435.91,16.57,39.63,0.4235,1,-1,-1
1144,387,257.09,435.96,20.65,47.37,0.3711,1,-1,-1
1145,283,995.99,450.73,20.72,50.46,0.6663,1,-1,-1
1145,317,791.69,405.07,18.77,45.35,0.2822,1,-1,-1
1145,259,874.20,476.07,78.59,30.83,0.6593,4,-1,-1
1145,301,1012.26,485.80,26.71,61.87,0.5593,1,-1,-1
1145,355,994.66,509.64,26.93,55.00,0.7082,1,-1,-1
1145,372,292.25,437.84,19.08,41.52,0.4727,1,-1,-1
1145,380,140.97,436.23,16.13,38.07,0.5400,1,-1,-1
1145,387,253.35,437.40,20.07,45.76,0.4562,1,-1,-1
1146,283,991.12,450.56,20.80,50.60,0.6926,1,-1,-1
1146,317,787.87,404.69,18.55,45.45,0.2767,1,-1,-1
1146,259,868.64,475.81,79.44,31.18,0.6715,4,-1,-1
1146,301,1007.37,484.37,27.48,64.79,0.5137,1,-1,-1
1146,355,990.73,508.74,27.50,55.84,0.6289,1,-1,-1
1146,372,284.68,439.09,18.79,41.15,0.5273,1,-1,-1
1146,380,134.00,436.77,18.48,43.66,0.3107,1,-1,-1
1146,387,247.49,437.11,20.67,46.80,0.2473,1,-1,-1
1147,283,988.04,450.60,20.94,50.87,0.6910,1,-1,-1
1147,317,786.70,404.93,18.15,44.82,0.2043,1,-1,-1
1147,259,865.26,475.58,79.50,31.28,0.6280,4,-1,-1
1147,301,1004.37,483.35,24.43,57.53,0.5631,1,-1,-1
1147,355,987.10,507.83,28.22,56.77,0.6610,1,-1,-1
1147,372,280.56,439.68,18.85,40.91,0.4465,1,-1,-1
1147,380,131.33,437.02,16.90,39.65,0.3372,1,-1,-1
1147,387,241.70,438.48,20.55,45.97,0.4273,1,-1,-1
1148,283,982.77,451.18,21.48,52.15,0.6671,1,-1,-1
1148,317,782.31,404.38,18.21,45.19,0.1234,1,-1,-1
1148,259,860.95,475.76,79.05,31.14,0.7050,4,-1,-1
1148,301,997.64,483.04,27.17,64.61,0.4737,1,-1,-1
1148,355,983.14,506.94,29.54,58.75,0.6645,1,-1,-1
1148,372,272.72,440.03,19.09,41.69,0.4349,1,-1,-1
1148,387,233.44,439.11,21.33,46.99,0.2934,1,-1,-1
1149,283,977.42,450.72,21.53,52.38,0.6487,1,-1,-1
1149,259,855.80,476.02,79.27,31.24,0.6834,4,-1,-1
1149,301,992.35,481.50,25.77,60.32,0.1176,1,-1,-1
1149,355,977.72,507.80,29.78,58.14,0.7272,1,-1,-1
1149,372,265.64,439.39,19.89,42.65,0.4301,1,-1,-1
1150,283,973.08,451.04,21.48,52.22,0.6325,1,-1,-1
1150,259,851.06,476.15,79.20,31.20,0.6179,4,-1,-1
1150,301,987.38,492.36,22.76,50.88,0.1136,1,-1,-1
1150,355,974.90,508.28,30.12,57.99,0.7469,1,-1,-1
1150,372,259.13,440.09,20.13,43.58,0.4971,1,-1,-1
1151,283,967.37,451.05,21.38,51.88,0.6058,1,-1,-1
1151,259,844.70,475.97,79.25,31.22,0.6851,4,-1,-1
1151,301,984.26,487.37,19.62,42.62,0.3268,1,-1,-1
1151,355,970.48,508.44,30.76,58.64,0.7225,1,-1,-1
1151,372,250.82,440.31,20.04,43.43,0.4854,1,-1,-1
1152,283,963.75,450.69,21.29,51.60,0.6460,1,-1,-1
1152,259,840.78,476.21,79.04,31.13,0.6951,4,-1,-1
1152,301,978.38,486.24,19.91,44.07,0.3730,1,-1,-1
1152,355,967.47,509.46,30.23,57.44,0.7050,1,-1,-1
1152,372,245.21,440.72,20.04,43.50,0.5564,1,-1,-1
1152,396,197.33,440.46,23.36,48.78,0.5176,1,-1,-1
1153,283,958.28,451.28,20.92,50.25,0.6095,1,-1,-1
1153,259,835.83,476.57,77.22,30.36,0.7334,4,-1,-1
1153,301,971.43,486.13,22.51,50.26,0.1784,1,-1,-1
1153,355,963.98,507.72,29.85,56.52,0.6697,1,-1,-1
1153,372,237.01,440.97,19.27,42.15,0.4225,1,-1,-1
1153,396,193.63,439.41,22.71,47.51,0.1380,1,-1,-1
1154,283,952.37,451.30,20.96,50.31,0.5917,1,-1,-1
1154,259,830.06,476.77,77.54,30.43,0.7225,4,-1,-1
1154,301,964.93,485.83,22.87,52.77,0.4102,1,-1,-1
1154,355,958.84,510.43,30.02,57.40,0.5263,1,-1,-1
1154,372,227.93,440.20,19.61,42.78,0.3666,1,-1,-1
1154,396,186.62,438.68,22.26,46.53,0.1520,1,-1,-1
1155,283,948.72,450.68,21.21,50.81,0.6540,1,-1,-1
1155,259,826.06,476.55,78.22,30.66,0.6817,4,-1,-1
1155,301,961.63,485.41,21.40,49.92,0.4187,1,-1,-1
1155,355,956.35,510.25,28.97,55.60,0.5955,1,-1,-1
1155,372,222.42,439.67,19.92,43.41,0.4465,1,-1,-1
1155,396,180.53,439.62,22.49,47.26,0.2958,1,-1,-1
1156,283,945.79,449.74,22.22,53.03,0.6289,1,-1,-1
1156,259,821.95,476.46,79.32,31.11,0.7272,4,-1,-1
1156,301,956.77,484.79,23.68,55.60,0.2444,1,-1,-1
1156,355,952.92,510.18,30.13,57.99,0.6834,1,-1,-1
1156,372,217.00,439.32,20.40,44.70,0.5254,1,-1,-1
1156,396,176.84,439.63,21.65,45.65,0.3032,1,-1,-1
1157,283,944.59,450.23,22.13,52.48,0.6379,1,-1,-1
1157,259,819.57,476.20,80.02,31.41,0.7303,4,-1,-1
1157,301,955.28,484.25,23.80,56.19,0.3090,1,-1,-1
1157,355,951.53,510.72,30.08,57.99,0.7210,1,-1,-1
1157,372,213.16,438.49,20.87,46.02,0.4971,1,-1,-1
1157,396,174.96,439.24,21.40,45.21,0.2075,1,-1,-1
1157,401,1319.18,348.79,14.19,31.12,0.5293,1,-1,-1
1158,283,943.81,450.01,22.40,52.87,0.6697,1,-1,-1
1158,259,818.62,475.65,80.04,31.49,0.7311,4,-1,-1
1158,301,950.68,485.39,30.11,72.50,0.4688,1,-1,-1
1158,355,951.12,509.94,30.29,58.63,0.6732,1,-1,-1
1158,372,210.50,439.78,20.09,44.54,0.2031,1,-1,-1
1158,401,1318.17,348.37,14.37,31.52,0.5283,1,-1,-1
1159,283,943.80,450.03,22.18,51.91,0.6935,1,-1,-1
1159,259,818.28,475.18,80.45,31.74,0.7249,4,-1,-1
1159,301,949.21,485.52,32.08,78.52,0.4746,1,-1,-1
1159,355,951.87,510.07,30.13,58.36,0.7050,1,-1,-1
1159,401,1317.71,347.96,14.53,31.85,0.5419,1,-1,-1
1160,283,944.25,449.98,21.91,50.89,0.6749,1,-1,-1
1160,259,818.46,474.97,80.64,31.91,0.7311,4,-1,-1
1160,301,949.51,484.47,33.09,82.31,0.5166,1,-1,-1
1160,355,953.00,509.63,30.07,58.39,0.7194,1,-1,-1
1160,401,1317.54,347.95,14.47,31.73,0.5254,1,-1,-1
1160,403,956.98,481.33,25.79,61.55,0.4552,1,-1,-1
1161,283,944.52,450.08,21.95,50.87,0.6433,1,-1,-1
1161,259,818.69,475.01,80.66,31.99,0.7074,4,-1,-1
1161,355,954.50,509.80,29.85,58.10,0.6628,1,-1,-1
1161,401,1317.54,348.32,14.25,31.29,0.5370,1,-1,-1
1161,403,959.93,479.68,20.57,48.97,0.3200,1,-1,-1
1162,283,944.61,449.89,22.01,51.11,0.6469,1,-1,-1
1162,259,818.83,474.93,80.69,32.05,0.7025,4,-1,-1
1162,355,956.19,508.88,29.99,58.35,0.6766,1,-1,-1
1162,401,1317.60,348.35,14.20,31.26,0.5400,1,-1,-1
1162,403,960.14,477.95,20.73,49.22,0.1739,1,-1,-1
1163,283,944.98,449.77,22.33,51.96,0.6800,1,-1,-1
1163,259,819.07,474.80,80.80,32.15,0.7090,4,-1,-1
1163,355,958.49,508.96,30.05,58.26,0.6610,1,-1,-1
1163,401,1317.52,347.64,14.38,31.81,0.5496,1,-1,-1
1163,403,960.17,477.88,20.84,49.39,0.2886,1,-1,-1
1163,373,209.08,439.32,20.32,46.15,0.4834,1,-1,-1
1164,283,945.63,449.71,22.60,52.59,0.7082,1,-1,-1
1164,259,819.26,474.67,80.91,32.23,0.6671,4,-1,-1
1164,355,960.86,506.51,31.04,59.90,0.5516,1,-1,-1
1164,401,1317.49,347.14,14.40,32.06,0.5438,1,-1,-1
1164,403,960.63,478.27,22.99,54.23,0.3989,1,-1,-1
1164,373,207.65,439.78,20.25,45.86,0.4873,1,-1,-1
1165,283,946.27,449.80,22.60,52.52,0.7318,1,-1,-1
1165,259,819.09,474.31,81.72,32.63,0.6188,4,-1,-1
1165,355,960.64,501.64,32.94,64.20,0.4571,1,-1,-1
1165,401,1317.52,346.75,14.22,31.95,0.5283,1,-1,-1
1165,403,958.44,478.89,29.76,70.71,0.5842,1,-1,-1
1165,373,206.84,440.21,20.17,45.58,0.5370,1,-1,-1
1166,283,946.78,449.28,22.76,52.74,0.7379,1,-1,-1
1166,259,819.25,474.18,81.87,32.75,0.5419,4,-1,-1
1166,355,965.17,503.59,30.12,60.37,0.1357,1,-1,-1
1166,401,1317.78,346.61,13.92,31.62,0.5380,1,-1,-1
1166,403,958.83,480.10,30.17,71.98,0.6197,1,-1,-1
1166,373,206.83,441.29,19.65,44.27,0.4815,1,-1,-1
1167,283,947.07,449.07,22.92,52.85,0.7241,1,-1,-1
1167,259,819.37,474.04,81.65,32.72,0.5467,4,-1,-1
1167,355,968.73,504.30,28.58,58.88,0.1357,1,-1,-1
1167,401,1318.08,346.57,13.74,31.50,0.5784,1,-1,-1
1167,403,959.49,480.34,29.91,71.46,0.5974,1,-1,-1
1167,373,206.78,441.38,19.53,44.06,0.4475,1,-1,-1
1168,283,947.34,449.12,23.29,53.39,0.7178,1,-1,-1
1168,259,819.51,474.51,80.61,32.27,0.4893,4,-1,-1
1168,355,972.10,506.94,30.00,60.75,0.5823,1,-1,-1
1168,401,1318.27,346.57,13.61,31.47,0.5993,1,-1,-1
1168,403,960.21,480.98,28.64,68.43,0.5631,1,-1,-1
1168,373,206.27,441.71,19.23,43.44,0.3016,1,-1,-1
1169,283,948.08,449.71,23.17,52.73,0.6610,1,-1,-1
1169,259,819.47,474.37,80.86,32.39,0.4824,4,-1,-1
1169,355,974.05,507.96,31.36,61.25,0.7033,1,-1,-1
1169,401,1318.44,346.63,13.51,31.52,0.6123,1,-1,-1
1169,403,960.78,480.85,27.55,65.35,0.5727,1,-1,-1
1169,373,205.22,441.69,19.26,43.26,0.1418,1,-1,-1
1170,283,948.33,449.46,23.45,53.05,0.6505,1,-1,-1
1170,259,819.40,474.28,81.06,32.51,0.4484,4,-1,-1
1170,355,974.53,507.65,32.76,62.23,0.6343,1,-1,-1
1170,401,1318.53,346.60,13.42,31.60,0.6234,1,-1,-1
1170,403,961.36,480.14,27.88,65.71,0.6361,1,-1,-1
1170,373,203.42,442.12,19.49,43.55,0.1613,1,-1,-1
1170,405,1337.83,351.70,12.82,27.40,0.5438,1,-1,-1
1171,283,949.79,448.18,23.80,54.53,0.6179,1,-1,-1
1171,259,819.09,474.06,81.82,32.91,0.4941,4,-1,-1
1171,355,977.36,507.64,32.48,61.17,0.3979,1,-1,-1
1171,401,1318.70,346.56,13.41,31.81,0.6270,1,-1,-1
1171,403,960.67,479.75,31.09,73.52,0.6067,1,-1,-1
1171,373,201.57,442.30,19.94,44.27,0.2254,1,-1,-1
1171,405,1337.45,351.35,13.55,28.97,0.5917,1,-1,-1
1172,283,950.52,448.17,23.60,54.09,0.6234,1,-1,-1
1172,259,819.44,474.18,81.34,32.77,0.5283,4,-1,-1
1172,355,978.87,507.80,31.67,59.39,0.5234,1,-1,-1
1172,401,1318.74,346.44,13.32,31.87,0.6270,1,-1,-1
1172,403,960.92,478.87,31.39,74.43,0.5708,1,-1,-1
1172,373,200.23,442.23,20.23,44.77,0.2926,1,-1,-1
1172,405,1337.37,351.26,13.78,29.47,0.5974,1,-1,-1
1173,283,951.98,447.72,23.14,53.88,0.6540,1,-1,-1
1173,259,820.16,474.22,80.54,32.45,0.5851,4,-1,-1
1173,355,982.17,508.34,31.20,58.96,0.4893,1,-1,-1
1173,401,1318.77,346.24,13.22,31.86,0.6252,1,-1,-1
1173,403,962.53,478.58,30.55,72.50,0.5898,1,-1,-1
1173,373,198.90,442.04,20.24,45.07,0.3016,1,-1,-1
1173,405,1337.45,351.27,13.83,29.58,0.6067,1,-1,-1
1174,283,953.83,447.55,22.19,52.68,0.6415,1,-1,-1
1174,259,820.63,474.34,79.93,32.19,0.6077,4,-1,-1
1174,355,984.29,509.50,31.13,59.17,0.5670,1,-1,-1
1174,401,1318.83,346.18,13.03,31.61,0.6252,1,-1,-1
1174,403,964.81,479.45,28.54,67.34,0.6732,1,-1,-1
1174,373,198.66,442.56,19.69,43.80,0.1063,1,-1,-1
1174,405,1337.57,351.22,13.73,29.38,0.6197,1,-1,-1
1175,283,954.94,447.63,21.58,52.11,0.6663,1,-1,-1
1175,259,820.90,474.44,79.61,32.02,0.6261,4,-1,-1
1175,355,986.40,509.74,31.03,59.09,0.3540,1,-1,-1
1175,401,1318.81,346.01,12.90,31.51,0.6270,1,-1,-1
1175,403,965.95,479.57,28.43,66.74,0.6522,1,-1,-1
1175,405,1337.72,351.20,13.62,29.17,0.6289,1,-1,-1
1176,283,956.32,447.62,21.28,52.02,0.6558,1,-1,-1
1176,259,820.78,474.33,79.89,32.13,0.5974,4,-1,-1
1176,355,991.26,510.17,29.25,56.12,0.5283,1,-1,-1
1176,401,1318.84,345.62,12.79,31.37,0.6270,1,-1,-1
1176,403,967.70,479.34,27.80,64.93,0.6885,1,-1,-1
1176,405,1337.81,351.14,13.64,29.22,0.6270,1,-1,-1
1177,283,957.32,447.75,20.98,51.76,0.6680,1,-1,-1
1177,259,820.48,474.39,80.18,32.27,0.5860,4,-1,-1
1177,355,993.76,509.86,29.16,56.27,0.4795,1,-1,-1
1177,401,1318.87,345.27,12.75,31.37,0.6307,1,-1,-1
1177,403,969.00,479.43,27.48,63.88,0.7050,1,-1,-1
1177,405,1337.85,351.05,13.69,29.33,0.6234,1,-1,-1
1177,409,1881.86,296.64,11.80,24.42,0.4707,1,-1,-1
1178,283,958.59,448.85,20.80,51.60,0.6918,1,-1,-1
1178,259,820.49,474.31,80.42,32.37,0.5651,4,-1,-1
1178,355,995.17,508.85,29.88,58.11,0.6951,1,-1,-1
1178,401,1318.98,345.17,12.74,31.41,0.6289,1,-1,-1
1178,403,970.66,479.37,27.66,64.36,0.6715,1,-1,-1
1178,405,1338.03,351.12,13.63,29.19,0.6289,1,-1,-1
1178,409,1881.83,296.21,11.99,24.82,0.4815,1,-1,-1
1178,410,708.08,394.59,10.42,24.38,0.4990,1,-1,-1
1179,283,959.31,448.46,20.88,51.61,0.6645,1,-1,-1
1179,259,820.83,474.61,79.90,32.11,0.6197,4,-1,-1
1179,355,996.85,508.00,30.03,58.83,0.7527,1,-1,-1
1179,401,1319.18,345.29,12.66,31.20,0.6215,1,-1,-1
1179,403,972.85,478.90,27.81,65.10,0.6868,1,-1,-1
1179,405,1338.26,351.24,13.49,28.85,0.6234,1,-1,-1
1179,409,1881.70,295.76,12.23,25.33,0.4659,1,-1,-1
1179,410,707.05,393.91,10.67,24.93,0.4912,1,-1,-1
1180,283,960.26,448.99,21.21,52.33,0.6834,1,-1,-1
1180,259,820.79,474.60,80.22,32.21,0.6206,4,-1,-1
1180,355,998.11,507.92,30.09,59.10,0.7256,1,-1,-1
1180,401,1319.41,345.55,12.50,30.80,0.6160,1,-1,-1
1180,403,974.56,477.90,27.99,65.94,0.6783,1,-1,-1
1180,405,1338.50,351.38,13.32,28.43,0.6234,1,-1,-1
1180,409,1881.55,295.44,12.34,25.60,0.4746,1,-1,-1
1180,410,705.91,393.41,10.81,25.22,0.5078,1,-1,-1
1181,283,960.80,448.94,21.59,53.09,0.7241,1,-1,-1
1181,259,820.78,474.61,80.38,32.25,0.6334,4,-1,-1
1181,355,1001.60,508.54,29.35,58.35,0.7287,1,-1,-1
1181,401,1319.63,345.96,12.32,30.36,0.6123,1,-1,-1
1181,403,977.72,477.75,26.27,62.32,0.6918,1,-1,-1
1181,405,1338.74,351.49,13.15,28.01,0.6270,1,-1,-1
1181,409,1881.40,295.11,12.54,26.07,0.4854,1,-1,-1
1181,410,704.57,393.20,10.98,25.56,0.4941,1,-1,-1
1181,373,193.73,445.27,19.47,42.95,0.5361,1,-1,-1
1182,283,961.04,449.14,21.78,53.43,0.7146,1,-1,-1
1182,259,820.77,474.93,79.80,31.95,0.6645,4,-1,-1
1182,355,1002.87,508.96,29.06,58.19,0.7527,1,-1,-1
1182,401,1319.75,346.31,12.22,30.12,0.6105,1,-1,-1
1182,403,979.46,477.57,25.37,60.57,0.6834,1,-1,-1
1182,405,1338.99,351.65,13.01,27.61,0.6325,1,-1,-1
1182,409,1881.32,294.84,12.74,26.56,0.5039,1,-1,-1
1182,410,703.76,393.39,10.92,25.36,0.4533,1,-1,-1
1182,373,192.77,446.02,19.50,42.78,0.5176,1,-1,-1
1183,283,961.53,449.49,21.81,53.39,0.6749,1,-1,-1
1183,259,820.79,475.23,79.42,31.71,0.6918,4,-1,-1
1183,355,1005.72,509.17,28.58,57.62,0.7379,1,-1,-1
1183,401,1319.86,346.74,12.13,29.92,0.6067,1,-1,-1
1183,403,979.95,477.64,26.30,63.32,0.7114,1,-1,-1
1183,405,1339.22,351.76,12.92,27.32,0.6289,1,-1,-1
1183,409,1881.28,294.54,12.92,27.05,0.5234,1,-1,-1
1183,410,703.19,393.57,11.28,26.14,0.4388,1,-1,-1
1183,373,191.05,446.83,19.38,42.09,0.5156,1,-1,-1
1184,283,961.93,449.98,21.80,52.93,0.6307,1,-1,-1
1184,259,820.86,475.44,79.17,31.51,0.7066,4,-1,-1
1184,355,1009.13,509.48,28.01,57.39,0.7178,1,-1,-1
1184,401,1320.04,347.05,12.03,29.67,0.6011,1,-1,-1
1184,403,980.51,477.86,26.93,65.33,0.5254,1,-1,-1
1184,405,1339.41,351.89,12.70,26.69,0.6325,1,-1,-1
1184,409,1881.28,294.21,13.12,27.58,0.4902,1,-1,-1
1184,410,702.42,394.54,11.00,25.68,0.4168,1,-1,-1
1184,373,190.30,447.54,19.15,41.26,0.5039,1,-1,-1
1185,283,962.04,450.27,21.91,52.75,0.6067,1,-1,-1
1185,259,820.83,475.50,79.29,31.48,0.7082,4,-1,-1
1185,355,1011.59,509.50,27.54,57.53,0.7394,1,-1,-1
1185,401,1320.18,347.21,11.99,29.56,0.5993,1,-1,-1
1185,403,982.51,478.39,25.46,61.26,0.4766,1,-1,-1
1185,405,1339.53,351.81,12.68,26.55,0.6379,1,-1,-1
1185,409,1881.31,293.97,13.18,27.85,0.4805,1,-1,-1
1185,410,701.84,395.37,11.06,26.11,0.4737,1,-1,-1
1185,373,189.96,448.64,18.60,39.70,0.4130,1,-1,-1
1186,283,962.25,450.19,22.57,53.24,0.6197,1,-1,-1
1186,259,820.46,475.48,79.87,31.65,0.6593,4,-1,-1
1186,355,1014.76,508.68,27.21,58.03,0.7334,1,-1,-1
1186,401,1320.42,347.21,11.96,29.53,0.5860,1,-1,-1
1186,403,983.08,479.59,26.78,63.13,0.6160,1,-1,-1
1186,405,1339.73,351.33,12.89,27.08,0.5593,1,-1,-1
1186,409,1880.94,293.67,13.50,28.68,0.3549,1,-1,-1
1186,410,701.28,395.47,11.01,26.38,0.5641,1,-1,-1
1186,373,189.16,445.87,19.47,41.16,0.5176,1,-1,-1
1187,283,962.34,450.15,23.17,53.63,0.6415,1,-1,-1
1187,259,820.25,475.43,80.27,31.75,0.6800,4,-1,-1
1187,355,1017.35,508.17,27.07,58.61,0.7379,1,-1,-1
1187,401,1320.65,346.92,12.04,29.70,0.5823,1,-1,-1
1187,403,983.31,480.15,27.80,64.38,0.6766,1,-1,-1
1187,405,1339.81,351.16,12.97,27.27,0.5370,1,-1,-1
1187,409,1881.05,293.61,13.35,28.51,0.3149,1,-1,-1
1187,410,700.70,395.57,11.12,27.02,0.5908,1,-1,-1
1187,373,188.60,443.88,20.42,42.92,0.5020,1,-1,-1
1188,283,963.18,451.01,23.44,53.30,0.4649,1,-1,-1
1188,259,819.98,475.29,80.79,31.92,0.6918,4,-1,-1
1188,355,1019.37,507.64,27.17,59.28,0.7527,1,-1,-1
1188,401,1320.86,346.52,12.17,29.99,0.5842,1,-1,-1
1188,403,983.74,480.93,29.20,66.47,0.6086,1,-1,-1
1188,405,1339.89,351.02,13.08,27.50,0.5370,1,-1,-1
1188,409,1881.16,293.71,13.19,28.33,0.3007,1,-1,-1
1188,410,700.13,395.81,11.33,27.88,0.5927,1,-1,-1
1188,373,187.91,442.85,21.25,44.73,0.4688,1,-1,-1
1189,283,964.82,451.06,23.70,53.27,0.2465,1,-1,-1
1189,259,819.86,475.17,81.42,32.16,0.6960,4,-1,-1
1189,355,1022.39,507.44,27.59,59.44,0.7542,1,-1,-1
1189,401,1321.05,346.22,12.26,30.15,0.5860,1,-1,-1
1189,403,984.85,481.65,29.96,67.21,0.5535,1,-1,-1
1189,405,1340.02,350.98,13.15,27.62,0.5283,1,-1,-1
1189,409,1881.50,293.66,12.84,27.74,0.3478,1,-1,-1
1189,410,699.50,395.87,11.30,28.11,0.5699,1,-1,-1
1189,373,186.94,441.31,22.39,47.45,0.4639,1,-1,-1
1190,283,966.73,450.15,23.50,53.30,0.3766,1,-1,-1
1190,259,819.86,475.02,81.63,32.23,0.6876,4,-1,-1
1190,355,1024.62,507.52,27.64,59.00,0.7379,1,-1,-1
1190,401,1321.17,345.97,12.38,30.41,0.5974,1,-1,-1
1190,403,989.16,482.23,28.59,64.67,0.5727,1,-1,-1
1190,405,1340.13,350.76,13.34,28.03,0.5078,1,-1,-1
1190,409,1881.65,293.73,12.71,27.61,0.3183,1,-1,-1
1190,410,699.23,396.07,11.23,28.12,0.5487,1,-1,-1
1190,373,186.56,440.75,22.67,48.34,0.4045,1,-1,-1
1191,283,968.58,450.58,22.62,51.40,0.6325,1,-1,-1
1191,259,819.64,474.90,82.06,32.41,0.6567,4,-1,-1
1191,355,1026.90,507.91,27.83,58.82,0.7439,1,-1,-1
1191,401,1321.25,346.03,12.41,30.40,0.5898,1,-1,-1
1191,403,994.90,483.36,23.51,52.73,0.5477,1,-1,-1
1191,405,1340.35,350.71,13.28,27.87,0.4465,1,-1,-1
1191,409,1881.85,293.81,12.58,27.48,0.3355,1,-1,-1
1191,410,698.84,396.05,11.42,28.77,0.5718,1,-1,-1
1191,373,185.58,439.97,23.05,49.30,0.5146,1,-1,-1
1192,283,969.73,450.94,22.25,50.65,0.6645,1,-1,-1
1192,259,819.57,475.08,81.63,32.19,0.6834,4,-1,-1
1192,355,1027.95,508.35,27.82,58.36,0.7454,1,-1,-1
1192,401,1321.24,346.17,12.41,30.32,0.5879,1,-1,-1
1192,403,996.89,484.07,21.43,47.29,0.5689,1,-1,-1
1192,405,1340.63,350.64,13.31,27.88,0.4064,1,-1,-1
1192,409,1882.18,293.86,12.31,27.05,0.3149,1,-1,-1
1192,410,698.68,396.01,11.54,29.20,0.5870,1,-1,-1
1192,373,184.94,439.83,22.94,49.25,0.5185,1,-1,-1
1192,414,142.38,443.02,22.80,45.93,0.5176,1,-1,-1
1192,415,1294.58,344.39,11.31,28.14,0.4971,1,-1,-1
1193,283,971.52,451.64,21.59,49.67,0.7098,1,-1,-1
1193,259,819.56,475.35,81.30,32.00,0.7256,4,-1,-1
1193,355,1031.19,508.82,27.72,58.26,0.7364,1,-1,-1
1193,401,1321.45,346.18,12.54,30.42,0.5631,1,-1,-1
1193,403,998.69,484.89,20.84,45.12,0.5804,1,-1,-1
1193,405,1341.29,350.52,12.98,27.01,0.2018,1,-1,-1
1193,409,1882.48,293.85,12.06,26.69,0.3074,1,-1,-1
1193,410,698.59,396.07,11.57,29.41,0.6095,1,-1,-1
1193,373,184.03,439.99,22.69,49.03,0.4932,1,-1,-1
1193,414,141.95,444.95,21.80,43.92,0.3748,1,-1,-1
1193,415,1294.66,344.36,11.32,28.16,0.5068,1,-1,-1
1193,416,36.34,441.36,14.79,33.20,0.5322,1,-1,-1
1194,283,973.27,450.83,21.45,50.30,0.6732,1,-1,-1
1194,259,819.49,475.49,81.30,31.94,0.7225,4,-1,-1
1194,355,1033.13,508.05,27.60,58.88,0.7106,1,-1,-1
1194,401,1321.78,346.25,12.58,30.34,0.5612,1,-1,-1
1194,403,999.51,483.86,25.68,56.50,0.6114,1,-1,-1
1194,405,1341.78,350.50,12.87,26.77,0.2436,1,-1,-1
1194,409,1882.74,293.86,11.81,26.32,0.3407,1,-1,-1
1194,410,698.52,396.04,11.60,29.57,0.6021,1,-1,-1
1194,373,182.84,439.96,22.66,49.35,0.5215,1,-1,-1
1194,414,141.39,444.00,22.32,45.04,0.1778,1,-1,-1
1194,415,1294.73,344.37,11.29,28.10,0.5078,1,-1,-1
1194,416,37.11,438.77,16.81,37.83,0.5010,1,-1,-1
1195,283,974.54,450.33,20.99,50.37,0.6968,1,-1,-1
1195,259,819.23,475.53,81.61,32.02,0.7146,4,-1,-1
1195,355,1034.80,508.53,26.88,58.06,0.7130,1,-1,-1
1195,401,1321.95,346.18,12.65,30.33,0.5554,1,-1,-1
1195,403,1000.42,482.55,27.49,61.32,0.6540,1,-1,-1
1195,405,1341.81,350.32,13.10,27.29,0.2075,1,-1,-1
1195,409,1883.05,293.85,11.64,26.12,0.2436,1,-1,-1
1195,410,698.54,396.05,11.56,29.53,0.6077,1,-1,-1
1195,373,182.19,440.36,22.45,49.14,0.5670,1,-1,-1
1195,414,140.88,444.51,22.27,44.91,0.1132,1,-1,-1
1195,415,1294.83,344.43,11.26,28.04,0.5098,1,-1,-1
1195,416,38.04,438.05,17.86,40.33,0.4504,1,-1,-1
1196,283,975.76,450.27,20.83,51.15,0.7082,1,-1,-1
1196,259,819.00,475.50,81.99,32.17,0.6935,4,-1,-1
1196,355,1036.25,507.71,27.39,59.94,0.7364,1,-1,-1
1196,401,1322.42,346.12,12.63,30.11,0.5448,1,-1,-1
1196,403,1001.56,481.46,28.23,63.64,0.6252,1,-1,-1
1196,405,1341.78,350.27,13.60,28.37,0.2344,1,-1,-1
1196,409,1883.40,293.81,11.41,25.80,0.1733,1,-1,-1
1196,410,698.63,396.11,11.51,29.46,0.6039,1,-1,-1
1196,373,181.64,441.33,21.86,48.00,0.6433,1,-1,-1
1196,414,139.75,443.11,22.87,46.20,0.3933,1,-1,-1
1196,415,1294.97,344.49,11.21,27.94,0.5029,1,-1,-1
1196,416,37.58,436.83,21.37,48.54,0.3923,1,-1,-1
1197,283,976.66,450.31,20.54,51.59,0.6697,1,-1,-1
1197,259,819.06,475.69,81.98,32.17,0.7001,4,-1,-1
1197,355,1037.41,507.16,27.41,60.45,0.7571,1,-1,-1
1197,401,1322.55,345.96,12.69,30.07,0.5351,1,-1,-1
1197,403,1002.21,481.24,28.48,64.69,0.6011,1,-1,-1
1197,405,1341.95,350.47,13.82,28.76,0.2744,1,-1,-1
1197,410,698.91,396.38,11.41,29.19,0.6188,1,-1,-1
1197,373,180.87,441.77,21.86,47.99,0.6325,1,-1,-1
1197,414,138.17,441.43,23.62,47.87,0.4235,1,-1,-1
1197,415,1295.11,344.54,11.17,27.84,0.5020,1,-1,-1
1197,416,38.82,441.45,25.01,56.91,0.5039,1,-1,-1
1198,283,978.24,451.23,19.66,50.28,0.5535,1,-1,-1
1198,259,819.31,476.07,81.72,32.08,0.7066,4,-1,-1
1198,355,1039.99,506.75,27.12,60.52,0.7194,1,-1,-1
1198,401,1322.83,346.16,12.55,29.61,0.5146,1,-1,-1
1198,403,1003.84,481.12,28.34,64.63,0.6766,1,-1,-1
1198,405,1342.39,350.45,14.02,29.10,0.3877,1,-1,-1
1198,410,699.20,396.16,11.49,29.37,0.6406,1,-1,-1
1198,373,180.32,441.97,21.79,47.71,0.5574,1,-1,-1
1198,414,136.76,442.55,22.91,46.59,0.3567,1,-1,-1
1198,415,1295.26,344.58,11.10,27.67,0.5068,1,-1,-1
1198,416,39.98,443.33,26.52,60.66,0.4893,1,-1,-1
1199,283,979.58,451.11,19.28,50.09,0.6270,1,-1,-1
1199,259,819.29,476.27,81.81,32.13,0.6868,4,-1,-1
1199,355,1042.53,506.39,26.31,59.37,0.7454,1,-1,-1
1199,401,1323.10,346.37,12.38,29.11,0.4902,1,-1,-1
1199,403,1006.15,481.20,27.99,63.55,0.5898,1,-1,-1
1199,405,1342.58,350.47,14.11,29.13,0.3868,1,-1,-1
1199,410,699.87,396.27,11.45,29.38,0.6406,1,-1,-1
1199,373,178.53,442.45,21.68,47.49,0.5322,1,-1,-1
1199,414,135.88,441.29,23.02,47.12,0.2247,1,-1,-1
1199,415,1295.41,344.62,11.04,27.49,0.5117,1,-1,-1
1199,416,41.18,448.28,25.33,57.90,0.1807,1,-1,-1
1200,283,980.50,450.45,19.36,50.82,0.6197,1,-1,-1
1200,259,819.14,476.42,81.96,32.22,0.6697,4,-1,-1
1200,355,1043.91,506.32,26.36,59.85,0.7241,1,-1,-1
1200,401,1323.27,346.37,12.34,28.93,0.4902,1,-1,-1
1200,403,1008.37,481.22,27.48,62.06,0.5088,1,-1,-1
1200,405,1342.61,350.40,14.23,29.16,0.3630,1,-1,-1
1200,410,700.56,395.96,11.44,29.62,0.6654,1,-1,-1
1200,373,177.44,442.82,21.53,47.41,0.5185,1,-1,-1
1200,414,135.71,442.65,22.41,45.89,0.2546,1,-1,-1
1200,415,1295.51,344.73,11.01,27.40,0.5263,1,-1,-1
1200,416,43.48,460.78,20.65,45.90,0.2372,1,-1,-1
1200,417,630.76,419.65,15.88,39.43,0.5254,1,-1,-1
1201,283,981.53,449.71,19.86,52.13,0.6766,1,-1,-1
1201,259,818.73,476.44,82.95,32.71,0.6067,4,-1,-1
1201,355,1046.12,506.78,26.09,59.97,0.7409,1,-1,-1
1201,401,1323.32,346.55,12.36,29.11,0.5137,1,-1,-1
1201,403,1010.09,481.11,29.29,65.09,0.1023,1,-1,-1
1201,405,1342.73,350.33,13.95,28.42,0.2193,1,-1,-1
1201,410,701.25,395.44,11.44,29.93,0.6549,1,-1,-1
1201,373,176.53,442.95,21.42,47.30,0.4216,1,-1,-1
1201,414,135.52,445.04,21.83,44.54,0.1380,1,-1,-1
1201,415,1295.67,345.00,10.93,27.17,0.5088,1,-1,-1
1201,416,44.43,468.39,17.94,38.48,0.2531,1,-1,-1
1201,417,631.49,419.76,16.11,39.95,0.5823,1,-1,-1
1202,283,981.83,449.24,20.10,52.90,0.6123,1,-1,-1
1202,259,818.30,476.54,83.30,32.92,0.6451,4,-1,-1
1202,355,1047.58,507.63,25.74,59.56,0.7098,1,-1,-1
1202,401,1323.37,346.53,12.35,29.26,0.5039,1,-1,-1
1202,405,1342.70,350.44,13.73,27.78,0.1907,1,-1,-1
1202,410,701.82,395.34,11.32,29.76,0.6442,1,-1,-1
1202,373,175.91,442.74,21.30,47.09,0.2910,1,-1,-1
1202,414,134.24,444.47,21.80,44.53,0.1316,1,-1,-1
1202,415,1295.72,345.18,10.87,27.02,0.5049,1,-1,-1
1202,416,44.38,471.70,16.97,35.07,0.1225,1,-1,-1
1202,417,631.73,420.25,16.11,39.92,0.5917,1,-1,-1
1202,418,790.39,407.81,18.17,41.77,0.4932,1,-1,-1
1203,283,982.39,449.87,19.94,52.52,0.6800,1,-1,-1
1203,259,817.81,476.69,83.50,33.06,0.5068,4,-1,-1
1203,355,1049.32,508.71,24.89,57.47,0.7146,1,-1,-1
1203,401,1323.42,346.67,12.28,29.26,0.4883,1,-1,-1
1203,405,1343.18,350.41,13.35,26.68,0.1551,1,-1,-1
1203,410,702.47,395.18,11.22,29.54,0.6298,1,-1,-1
1203,373,175.62,443.42,20.85,46.05,0.1172,1,-1,-1
1203,415,1295.76,345.31,10.85,26.97,0.5049,1,-1,-1
1203,417,631.84,420.43,16.20,40.13,0.6160,1,-1,-1
1203,418,789.64,409.91,18.16,41.73,0.2862,1,-1,-1
1204,283,983.02,449.98,20.01,52.77,0.6361,1,-1,-1
1204,259,817.77,476.83,83.37,33.05,0.5727,4,-1,-1
1204,355,1051.19,509.32,24.60,56.87,0.7303,1,-1,-1
1204,401,1323.45,346.69,12.32,29.57,0.5205,1,-1,-1
1204,405,1343.40,350.21,13.56,26.87,0.2358,1,-1,-1
1204,410,703.09,394.93,11.20,29.60,0.6132,1,-1,-1
1204,373,174.94,443.45,20.90,46.12,0.1689,1,-1,-1
1204,415,1295.76,345.44,10.82,26.88,0.5059,1,-1,-1
1204,417,632.22,420.10,16.35,40.68,0.6030,1,-1,-1
1204,418,789.82,413.40,17.07,39.04,0.1944,1,-1,-1
1205,283,983.96,450.80,19.95,52.40,0.6289,1,-1,-1
1205,259,817.71,476.97,83.30,33.06,0.6067,4,-1,-1
1205,355,1052.28,509.30,24.46,56.86,0.7001,1,-1,-1
1205,401,1323.44,346.51,12.51,30.24,0.5506,1,-1,-1
1205,405,1343.64,349.82,14.11,27.72,0.3268,1,-1,-1
1205,410,703.38,394.87,11.26,29.96,0.6095,1,-1,-1
1205,373,174.29,443.21,20.97,46.37,0.3099,1,-1,-1
1205,415,1295.77,345.47,10.82,26.91,0.5107,1,-1,-1
1205,417,632.96,420.59,16.16,40.35,0.5842,1,-1,-1
1205,418,790.58,415.94,16.25,36.78,0.1116,1,-1,-1
1205,419,591.38,411.11,18.59,40.40,0.4630,1,-1,-1
1205,403,1020.90,481.51,22.58,50.34,0.4727,1,-1,-1
1206,283,984.42,451.20,20.26,52.73,0.6234,1,-1,-1
1206,259,817.37,477.01,83.53,33.19,0.6215,4,-1,-1
1206,355,1053.19,507.98,24.93,58.14,0.7334,1,-1,-1
1206,401,1323.38,344.87,13.14,31.94,0.5400,1,-1,-1
1206,405,1343.83,349.50,14.70,28.74,0.3032,1,-1,-1
1206,410,703.91,394.97,11.04,29.42,0.5545,1,-1,-1
1206,373,173.08,442.79,21.24,47.00,0.3905,1,-1,-1
1206,415,1295.86,345.45,10.83,26.91,0.4795,1,-1,-1
1206,417,633.51,420.67,16.33,40.87,0.6011,1,-1,-1
1206,418,789.45,412.19,17.20,39.16,0.3234,1,-1,-1
1206,419,590.44,409.74,19.27,41.91,0.4149,1,-1,-1
1206,403,1022.98,481.22,21.71,48.84,0.5390,1,-1,-1
1207,283,984.54,451.14,20.51,53.14,0.6469,1,-1,-1
1207,259,817.32,477.07,83.33,33.14,0.6234,4,-1,-1
1207,355,1053.49,506.48,25.68,60.09,0.7130,1,-1,-1
1207,401,1323.46,343.81,13.33,32.55,0.5477,1,-1,-1
1207,405,1343.99,349.35,15.08,29.33,0.3337,1,-1,-1
1207,410,704.68,394.95,11.03,29.32,0.5409,1,-1,-1
1207,373,172.27,441.87,21.51,47.77,0.4187,1,-1,-1
1207,415,1295.88,345.42,10.86,26.93,0.4863,1,-1,-1
1207,417,634.35,420.45,16.34,41.03,0.6086,1,-1,-1
1207,418,788.73,411.03,17.40,39.92,0.3057,1,-1,-1
1207,419,589.87,408.80,19.68,42.88,0.4054,1,-1,-1
1207,403,1023.97,480.88,21.92,49.89,0.4707,1,-1,-1
1208,283,984.95,450.54,20.59,53.49,0.6522,1,-1,-1
1208,259,817.62,476.62,83.14,33.03,0.6619,4,-1,-1
1208,355,1054.74,504.68,25.69,60.33,0.7241,1,-1,-1
1208,401,1323.73,342.50,13.67,33.37,0.5554,1,-1,-1
1208,405,1344.24,348.32,15.26,29.52,0.2323,1,-1,-1
1208,410,705.49,394.15,11.43,30.45,0.5679,1,-1,-1
1208,373,171.70,440.74,21.60,47.69,0.2886,1,-1,-1
1208,415,1295.73,344.51,10.96,26.97,0.3858,1,-1,-1
1208,417,635.57,420.08,16.01,40.25,0.5842,1,-1,-1
1208,418,787.76,409.58,17.21,39.91,0.1128,1,-1,-1
1208,419,589.94,408.33,19.38,42.37,0.4330,1,-1,-1
1208,403,1024.69,483.79,23.76,54.91,0.6645,1,-1,-1
1209,283,985.40,446.77,21.18,55.59,0.6261,1,-1,-1
1209,259,816.92,475.35,82.54,32.83,0.3933,4,-1,-1
1209,355,1055.76,503.24,25.45,59.48,0.7484,1,-1,-1
1209,401,1323.79,338.38,14.70,35.94,0.5088,1,-1,-1
1209,405,1344.96,346.50,15.28,29.67,0.3390,1,-1,-1
1209,410,705.73,392.26,11.88,31.91,0.5679,1,-1,-1
1209,373,170.16,438.91,21.82,47.94,0.4824,1,-1,-1
1209,417,638.01,418.51,15.91,39.86,0.4717,1,-1,-1
1209,418,790.79,408.36,17.00,39.48,0.4054,1,-1,-1
1209,419,590.84,408.07,18.59,40.88,0.2744,1,-1,-1
1209,403,1025.39,481.64,25.49,59.57,0.5974,1,-1,-1
1209,409,1886.45,287.37,12.22,27.67,0.5574,1,-1,-1
1210,283,985.65,444.67,20.90,55.40,0.6584,1,-1,-1
1210,259,817.31,473.95,81.67,32.47,0.4971,4,-1,-1
1210,355,1056.16,501.83,25.42,58.70,0.7349,1,-1,-1
1210,401,1324.19,336.15,14.82,36.20,0.3294,1,-1,-1
1210,405,1344.93,343.51,15.96,30.86,0.1629,1,-1,-1
1210,410,706.27,391.53,11.61,31.47,0.4980,1,-1,-1
1210,373,169.65,437.26,21.59,47.00,0.4330,1,-1,-1
1210,417,639.48,416.41,15.21,38.12,0.5244,1,-1,-1
1210,418,793.23,406.31,16.88,39.37,0.3831,1,-1,-1
1210,419,591.45,405.47,18.24,40.51,0.2134,1,-1,-1
1210,403,1026.28,479.44,25.85,61.28,0.6749,1,-1,-1
1210,409,1887.64,286.12,10.97,24.82,0.4620,1,-1,-1
1211,283,986.26,439.71,20.78,55.82,0.6918,1,-1,-1
1211,355,1056.28,498.01,26.59,60.73,0.7614,1,-1,-1
1211,401,1324.55,332.91,13.93,34.12,0.1566,1,-1,-1
1211,410,707.54,388.24,10.71,29.04,0.2999,1,-1,-1
1211,373,168.03,431.86,22.14,48.07,0.5361,1,-1,-1
1211,417,639.56,409.89,16.26,40.76,0.4707,1,-1,-1
1211,418,794.99,402.07,17.01,39.64,0.3675,1,-1,-1
1211,403,1026.86,474.17,26.16,62.98,0.7349,1,-1,-1
1211,409,1889.08,282.26,10.76,24.19,0.5322,1,-1,-1
1212,283,987.04,436.13,20.48,55.67,0.6984,1,-1,-1
1212,355,1056.42,494.68,26.95,61.27,0.7210,1,-1,-1
1212,401,1324.28,328.00,14.58,35.93,0.1634,1,-1,-1
1212,410,708.32,383.24,10.64,28.95,0.3303,1,-1,-1
1212,373,167.62,428.28,22.24,48.06,0.4292,1,-1,-1
1212,417,640.34,407.74,16.18,40.02,0.3107,1,-1,-1
1212,418,796.22,399.55,16.69,38.51,0.4785,1,-1,-1
1212,403,1027.43,470.74,26.01,63.70,0.6680,1,-1,-1
1212,409,1889.57,277.38,11.28,25.14,0.3612,1,-1,-1
1213,283,988.01,431.19,20.07,54.98,0.7017,1,-1,-1
1213,355,1057.00,489.90,26.59,59.56,0.7334,1,-1,-1
1213,401,1324.63,320.44,14.64,36.09,0.4321,1,-1,-1
1213,417,640.53,401.59,16.21,39.90,0.1535,1,-1,-1
1213,418,798.09,391.69,17.30,39.85,0.5029,1,-1,-1
1213,403,1028.73,464.67,25.08,61.95,0.6289,1,-1,-1
1214,283,988.73,423.04,19.75,54.54,0.6960,1,-1,-1
1214,355,1056.72,482.43,26.78,59.27,0.7241,1,-1,-1
1214,401,1325.55,312.69,14.91,36.76,0.2713,1,-1,-1
1214,418,799.28,381.91,17.51,40.48,0.5244,1,-1,-1
1214,403,1029.84,457.65,24.84,61.84,0.6540,1,-1,-1
1215,283,989.45,416.66,19.45,54.19,0.6885,1,-1,-1
1215,355,1056.56,476.26,27.13,59.74,0.6935,1,-1,-1
1215,401,1326.09,305.58,14.93,37.05,0.3277,1,-1,-1
1215,418,799.73,374.47,18.32,42.80,0.4465,1,-1,-1
1215,403,1030.40,451.29,24.89,62.59,0.6067,1,-1,-1
1216,283,990.62,408.15,19.66,54.81,0.6984,1,-1,-1
1216,355,1056.78,468.00,26.40,57.69,0.7256,1,-1,-1
1216,401,1326.96,295.69,14.94,37.26,0.4475,1,-1,-1
1216,418,800.85,363.46,19.19,45.03,0.5708,1,-1,-1
1216,403,1031.07,443.36,24.96,63.38,0.6352,1,-1,-1
1217,283,991.20,401.35,19.62,54.76,0.6968,1,-1,-1
1217,355,1057.40,460.78,26.58,58.08,0.7114,1,-1,-1
1217,401,1327.66,290.63,14.19,35.54,0.4980,1,-1,-1
1217,418,801.25,356.69,19.31,45.22,0.5525,1,-1,-1
1217,403,1031.56,435.57,25.31,65.18,0.5234,1,-1,-1
1217,423,1349.30,298.70,15.48,29.82,0.4668,1,-1,-1
1218,283,991.93,392.23,19.56,54.75,0.6379,1,-1,-1
1218,355,1057.26,451.08,26.58,58.12,0.6783,1,-1,-1
1218,401,1328.22,280.82,14.42,36.23,0.4659,1,-1,-1
1218,418,802.09,350.72,17.81,41.69,0.4600,1,-1,-1
1218,403,1033.00,428.46,24.75,64.33,0.5059,1,-1,-1
1219,283,992.00,382.01,19.89,55.89,0.6918,1,-1,-1
1219,355,1056.64,439.80,27.49,59.95,0.6817,1,-1,-1
1219,401,1328.79,270.58,14.30,36.02,0.2561,1,-1,-1
1219,418,803.29,343.16,16.83,39.34,0.1744,1,-1,-1
1219,403,1032.80,418.09,25.02,65.48,0.5496,1,-1,-1
1220,283,992.30,375.21,20.13,56.36,0.7225,1,-1,-1
1220,355,1056.24,432.20,28.78,62.79,0.5622,1,-1,-1
1220,401,1329.01,261.77,14.75,37.05,0.3558,1,-1,-1
1220,418,803.25,334.61,17.52,40.76,0.4216,1,-1,-1
1220,403,1033.70,412.50,24.81,64.58,0.5467,1,-1,-1
1221,283,992.81,365.39,20.27,56.62,0.6951,1,-1,-1
1221,355,1055.35,423.19,28.38,60.84,0.6451,1,-1,-1
1221,401,1329.67,252.72,14.35,36.05,0.3711,1,-1,-1
1221,418,803.03,323.31,18.23,42.49,0.4206,1,-1,-1
1221,403,1033.76,402.03,24.68,64.22,0.5506,1,-1,-1
1222,283,993.23,359.08,20.10,56.02,0.6901,1,-1,-1
1222,355,1055.42,416.37,28.19,59.75,0.6663,1,-1,-1
1222,401,1330.15,246.26,13.93,35.12,0.3311,1,-1,-1
1222,418,804.17,316.29,18.12,41.96,0.3594,1,-1,-1
1222,403,1034.27,395.65,24.49,63.38,0.4600,1,-1,-1
1222,428,137.38,345.26,19.44,44.40,0.4824,1,-1,-1
1222,429,642.47,324.28,16.06,44.23,0.6142,1,-1,-1
1223,283,993.47,350.06,20.03,56.03,0.6680,1,-1,-1
1223,355,1054.66,407.63,28.17,58.70,0.6628,1,-1,-1
1223,401,1331.55,237.06,13.63,33.96,0.4225,1,-1,-1
1223,418,802.48,306.65,17.38,40.79,0.4883,1,-1,-1
1223,403,1034.13,386.71,24.25,62.42,0.5477,1,-1,-1
1223,429,643.56,316.95,15.46,42.54,0.5215,1,-1,-1
1224,283,993.58,340.06,20.05,56.40,0.6715,1,-1,-1
1224,355,1053.44,399.16,27.59,56.59,0.5631,1,-1,-1
1224,401,1332.69,226.44,14.14,35.33,0.5098,1,-1,-1
1224,418,801.54,297.07,17.27,41.16,0.5516,1,-1,-1
1224,403,1036.00,377.15,20.46,50.61,0.5727,1,-1,-1
1224,429,645.01,306.80,14.96,41.08,0.3812,1,-1,-1
1225,283,993.65,333.76,20.04,56.25,0.7050,1,-1,-1
1225,355,1052.99,394.65,26.74,54.63,0.6307,1,-1,-1
1225,401,1333.80,217.86,14.91,37.02,0.4436,1,-1,-1
1225,418,801.87,288.94,17.83,42.97,0.4610,1,-1,-1
1225,403,1035.44,371.25,23.87,58.79,0.5612,1,-1,-1
1225,429,645.74,299.13,15.87,43.56,0.4620,1,-1,-1
1226,283,993.55,326.03,20.33,57.18,0.6783,1,-1,-1
1226,355,1050.15,388.07,27.40,55.15,0.5224,1,-1,-1
1226,401,1334.47,208.87,14.98,37.15,0.1466,1,-1,-1
1226,418,803.02,281.20,18.69,44.44,0.3460,1,-1,-1
1226,403,1035.93,364.25,24.36,59.65,0.5409,1,-1,-1
1226,429,646.83,292.56,15.20,41.44,0.4707,1,-1,-1
1227,283,993.88,322.15,20.25,57.04,0.6901,1,-1,-1
1227,355,1049.97,384.32,27.11,54.41,0.5842,1,-1,-1
1227,401,1335.04,202.85,15.73,38.91,0.2651,1,-1,-1
1227,418,802.76,276.48,18.47,43.72,0.1071,1,-1,-1
1227,403,1036.22,360.19,25.64,62.85,0.6197,1,-1,-1
1227,429,647.11,287.45,16.14,43.48,0.5813,1,-1,-1
1227,440,813.81,278.77,17.77,43.83,0.4961,1,-1,-1
1228,283,993.90,316.69,20.42,57.71,0.7114,1,-1,-1
1228,355,1050.81,380.37,26.86,53.86,0.3251,1,-1,-1
1228,401,1335.66,198.25,15.27,37.96,0.3794,1,-1,-1
1228,418,805.45,269.30,20.07,46.76,0.3486,1,-1,-1
1228,403,1036.25,355.95,28.07,69.44,0.6252,1,-1,-1
1228,429,648.10,283.87,16.30,42.81,0.5946,1,-1,-1
1228,440,812.43,272.03,18.86,46.27,0.4571,1,-1,-1
1229,283,993.92,312.12,20.65,58.48,0.6984,1,-1,-1
1229,355,1049.94,376.43,26.50,52.37,0.4562,1,-1,-1
1229,401,1336.14,195.61,14.35,35.65,0.2666,1,-1,-1
1229,403,1036.97,351.71,28.63,71.34,0.6234,1,-1,-1
1229,429,648.37,278.07,17.10,43.82,0.5823,1,-1,-1
1229,440,811.51,266.15,19.38,47.27,0.5477,1,-1,-1
1230,283,994.14,310.18,20.32,57.69,0.7033,1,-1,-1
1230,355,1050.35,375.73,26.09,50.69,0.1561,1,-1,-1
1230,401,1336.20,192.39,14.79,36.51,0.4359,1,-1,-1
1230,403,1037.60,349.85,29.04,73.02,0.6379,1,-1,-1
1230,429,648.66,275.82,17.50,43.65,0.6095,1,-1,-1
1230,440,812.26,264.85,18.82,45.49,0.5127,1,-1,-1
1231,283,994.24,307.73,20.43,58.21,0.7066,1,-1,-1
1231,401,1336.59,191.42,14.41,35.48,0.1836,1,-1,-1
1231,403,1038.25,346.83,30.16,76.29,0.6397,1,-1,-1
1231,429,649.56,273.48,17.60,43.07,0.6049,1,-1,-1
1231,440,812.13,261.78,19.26,46.31,0.5146,1,-1,-1
1232,283,994.32,306.10,20.72,59.22,0.7303,1,-1,-1
1232,401,1337.67,190.76,14.29,34.85,0.3531,1,-1,-1
1232,403,1038.31,345.68,30.62,77.82,0.6343,1,-1,-1
1232,429,649.80,272.25,17.87,43.02,0.6179,1,-1,-1
1232,440,812.43,259.90,19.61,46.80,0.5823,1,-1,-1
1233,283,994.56,304.77,20.93,60.05,0.7272,1,-1,-1
1233,401,1338.24,189.89,14.23,34.67,0.4834,1,-1,-1
1233,403,1039.37,344.43,29.91,76.51,0.6558,1,-1,-1
1233,429,650.16,270.99,18.07,43.46,0.6039,1,-1,-1
1233,440,812.09,258.93,18.95,45.08,0.5107,1,-1,-1
1234,283,994.79,304.17,21.00,60.45,0.7225,1,-1,-1
1234,401,1338.52,190.55,13.86,33.85,0.4054,1,-1,-1
1234,403,1040.83,344.16,29.69,76.08,0.6469,1,-1,-1
1234,429,650.91,270.67,18.08,43.34,0.6252,1,-1,-1
1234,440,812.59,258.27,17.84,42.57,0.4698,1,-1,-1
1235,283,995.06,304.19,20.98,60.53,0.7050,1,-1,-1
1235,401,1338.63,191.77,13.43,32.90,0.4523,1,-1,-1
1235,403,1041.72,344.30,29.40,75.28,0.6451,1,-1,-1
1235,429,651.54,269.90,18.24,44.06,0.6451,1,-1,-1
1235,440,812.96,258.88,17.26,41.35,0.4844,1,-1,-1
1236,283,995.41,304.48,20.93,60.43,0.7210,1,-1,-1
1236,401,1339.29,193.45,12.85,31.50,0.4805,1,-1,-1
1236,403,1042.78,344.90,29.37,74.93,0.5804,1,-1,-1
1236,429,652.28,269.68,17.94,44.00,0.6935,1,-1,-1
1236,440,814.98,259.11,18.36,43.59,0.5370,1,-1,-1
1236,444,1362.07,197.07,15.88,31.68,0.4785,1,-1,-1
1237,283,995.76,304.92,20.93,60.53,0.7162,1,-1,-1
1237,401,1339.81,194.04,12.74,31.13,0.5098,1,-1,-1
1237,403,1042.74,345.55,29.02,74.32,0.6086,1,-1,-1
1237,429,653.06,269.48,17.68,43.97,0.6558,1,-1,-1
1237,440,815.52,258.79,19.18,45.26,0.5813,1,-1,-1
1237,444,1362.70,197.36,15.62,31.16,0.5156,1,-1,-1
1238,283,996.12,305.69,20.81,60.15,0.7256,1,-1,-1
1238,401,1340.40,194.10,12.79,31.21,0.5554,1,-1,-1
1238,403,1042.48,346.43,29.46,76.21,0.6289,1,-1,-1
1238,429,654.04,269.74,17.34,43.78,0.6732,1,-1,-1
1238,440,816.06,259.03,19.53,45.83,0.5409,1,-1,-1
1238,444,1363.92,197.81,15.33,30.64,0.5166,1,-1,-1
1239,283,996.57,306.56,20.67,59.73,0.7178,1,-1,-1
1239,401,1341.06,192.63,13.33,32.71,0.5974,1,-1,-1
1239,403,1043.70,348.18,28.90,74.72,0.6234,1,-1,-1
1239,429,655.42,270.01,17.20,43.70,0.6628,1,-1,-1
1239,440,817.59,259.36,19.49,45.72,0.5370,1,-1,-1
1239,444,1365.40,197.86,15.14,30.34,0.5332,1,-1,-1
1239,445,1062.65,371.04,35.42,56.81,0.6885,1,-1,-1
1240,283,996.87,307.05,20.69,59.72,0.7241,1,-1,-1
1240,401,1341.24,191.04,13.93,34.42,0.5784,1,-1,-1
1240,403,1044.64,349.28,28.58,73.60,0.6834,1,-1,-1
1240,429,656.58,270.63,17.12,43.54,0.6663,1,-1,-1
1240,440,818.35,259.77,19.41,45.38,0.5583,1,-1,-1
1240,444,1365.42,197.36,15.35,30.82,0.4932,1,-1,-1
1240,445,1063.52,371.42,35.24,56.56,0.7303,1,-1,-1
1241,283,997.29,307.53,20.70,59.55,0.7241,1,-1,-1
1241,401,1341.12,188.52,14.92,37.22,0.5784,1,-1,-1
1241,403,1045.31,350.62,28.35,72.62,0.7001,1,-1,-1
1241,429,658.25,271.64,17.29,43.47,0.6680,1,-1,-1
1241,440,819.76,260.64,19.21,44.59,0.5068,1,-1,-1
1241,444,1365.40,196.93,15.81,31.73,0.4698,1,-1,-1
1241,445,1065.19,372.57,34.35,55.26,0.6549,1,-1,-1
1242,283,997.71,308.12,20.73,59.43,0.7178,1,-1,-1
1242,401,1341.25,187.30,15.36,38.61,0.5727,1,-1,-1
1242,403,1045.97,351.11,28.65,73.13,0.6610,1,-1,-1
1242,429,659.27,272.40,17.52,43.14,0.6715,1,-1,-1
1242,440,820.73,261.13,19.12,44.05,0.4378,1,-1,-1
1242,444,1365.15,196.76,16.39,32.89,0.4036,1,-1,-1
1242,445,1066.16,372.89,34.22,55.24,0.5794,1,-1,-1
1243,283,998.05,308.49,20.78,59.38,0.7146,1,-1,-1
1243,401,1341.45,187.35,15.19,38.41,0.5525,1,-1,-1
1243,403,1046.88,351.00,28.80,73.25,0.5651,1,-1,-1
1243,429,659.80,272.71,17.98,43.11,0.6469,1,-1,-1
1243,440,821.07,260.74,19.79,45.20,0.4562,1,-1,-1
1243,444,1365.36,196.76,16.39,32.91,0.4805,1,-1,-1
1243,445,1067.85,372.97,34.01,55.17,0.4902,1,-1,-1
1244,283,998.45,309.24,20.58,58.40,0.7272,1,-1,-1
1244,401,1341.61,187.33,15.07,38.32,0.5312,1,-1,-1
1244,403,1047.61,350.44,28.92,73.42,0.5068,1,-1,-1
1244,429,660.08,273.31,18.33,42.88,0.5651,1,-1,-1
1244,440,821.52,261.84,19.81,44.64,0.4149,1,-1,-1
1244,444,1365.66,196.63,16.26,32.62,0.4282,1,-1,-1
1244,445,1069.77,371.18,34.54,56.47,0.5765,1,-1,-1
1245,283,998.68,309.61,20.51,57.97,0.7178,1,-1,-1
1245,401,1342.13,188.66,14.36,36.57,0.5049,1,-1,-1
1245,403,1048.59,350.32,29.17,73.90,0.5078,1,-1,-1
1245,429,660.08,273.58,18.71,42.84,0.5898,1,-1,-1
1245,440,821.69,261.55,20.19,45.20,0.4036,1,-1,-1
1245,444,1365.96,196.61,16.04,32.13,0.4026,1,-1,-1
1245,445,1070.88,371.21,34.79,57.19,0.5496,1,-1,-1
1246,283,999.02,309.72,20.70,58.28,0.7114,1,-1,-1
1246,401,1342.45,189.95,14.16,35.82,0.5467,1,-1,-1
1246,403,1048.66,350.30,29.22,73.76,0.6697,1,-1,-1
1246,429,660.18,274.13,18.88,42.36,0.6715,1,-1,-1
1246,440,821.85,260.84,20.75,46.37,0.5098,1,-1,-1
1246,444,1366.30,196.53,16.49,32.98,0.4254,1,-1,-1
1246,445,1072.26,370.50,35.36,58.56,0.7684,1,-1,-1
1247,283,999.40,310.06,20.84,58.58,0.7114,1,-1,-1
1247,401,1342.41,189.22,14.61,36.87,0.5593,1,-1,-1
1247,403,1048.70,350.11,29.33,73.76,0.6968,1,-1,-1
1247,429,660.28,274.40,19.12,42.17,0.6783,1,-1,-1
1247,440,822.27,260.52,20.93,46.73,0.4649,1,-1,-1
1247,444,1366.60,195.99,17.00,34.04,0.3831,1,-1,-1
1247,445,1073.25,369.98,35.45,59.30,0.8050,1,-1,-1
1248,283,999.86,310.34,20.86,58.74,0.7178,1,-1,-1
1248,401,1342.79,189.65,14.53,36.52,0.5438,1,-1,-1
1248,403,1049.58,349.95,29.46,73.68,0.6968,1,-1,-1
1248,429,660.55,274.10,19.54,42.69,0.6628,1,-1,-1
1248,440,823.99,261.24,20.45,45.49,0.5107,1,-1,-1
1248,444,1367.10,195.99,16.82,33.69,0.3979,1,-1,-1
1248,445,1074.80,369.15,35.32,59.96,0.8075,1,-1,-1
1249,283,1000.26,310.84,20.76,58.53,0.7130,1,-1,-1
1249,401,1343.28,190.88,14.22,35.47,0.5078,1,-1,-1
1249,403,1050.03,349.32,29.83,74.93,0.7098,1,-1,-1
1249,429,661.61,273.30,19.44,43.06,0.6252,1,-1,-1
1249,440,823.80,260.70,20.36,45.81,0.5429,1,-1,-1
1249,444,1367.44,195.93,16.81,33.71,0.3720,1,-1,-1
1249,445,1077.45,368.83,34.90,60.64,0.7556,1,-1,-1
1250,283,1000.52,311.13,20.69,58.42,0.7050,1,-1,-1
1250,401,1343.80,191.79,13.98,34.57,0.5088,1,-1,-1
1250,403,1050.23,348.42,30.45,76.79,0.7379,1,-1,-1
1250,429,662.53,273.59,19.08,42.59,0.6343,1,-1,-1
1250,440,823.52,260.07,20.50,46.61,0.4922,1,-1,-1
1250,444,1367.60,196.07,16.59,33.30,0.4007,1,-1,-1
1250,445,1079.05,368.08,34.78,61.95,0.7424,1,-1,-1
1250,446,570.61,263.92,17.82,43.98,0.4922,1,-1,-1
1251,283,1000.80,310.84,20.83,58.89,0.6935,1,-1,-1
1251,401,1344.37,192.18,13.99,34.45,0.5974,1,-1,-1
1251,403,1050.84,347.50,30.28,76.77,0.7225,1,-1,-1
1251,429,663.44,273.49,18.72,42.53,0.6575,1,-1,-1
1251,440,825.73,260.88,20.18,45.64,0.5458,1,-1,-1
1251,444,1368.01,195.91,16.48,33.10,0.5574,1,-1,-1
1251,445,1081.79,367.60,34.26,62.63,0.7753,1,-1,-1
1251,446,570.51,264.61,17.60,43.45,0.4873,1,-1,-1
1252,283,1000.99,310.27,21.09,59.68,0.7050,1,-1,-1
1252,401,1344.69,192.22,14.02,34.42,0.5879,1,-1,-1
1252,403,1051.50,347.50,29.73,75.96,0.7409,1,-1,-1
1252,429,663.68,273.02,18.58,43.18,0.6575,1,-1,-1
1252,440,826.92,261.12,20.31,45.69,0.5708,1,-1,-1
1252,444,1368.25,195.79,16.34,32.90,0.5955,1,-1,-1
1252,445,1083.63,368.11,33.60,63.13,0.8013,1,-1,-1
1252,446,570.49,264.53,17.66,43.64,0.5029,1,-1,-1
1253,283,1001.52,309.97,21.37,60.62,0.6984,1,-1,-1
1253,401,1345.04,189.03,15.07,37.22,0.5496,1,-1,-1
1253,403,1052.56,346.84,29.35,75.69,0.7684,1,-1,-1
1253,429,664.07,272.63,18.52,44.07,0.6715,1,-1,-1
1253,440,828.22,261.47,20.30,45.64,0.5554,1,-1,-1
1253,444,1368.70,195.23,16.52,33.09,0.5823,1,-1,-1
1253,445,1086.63,368.51,32.60,62.44,0.8228,1,-1,-1
1253,446,570.43,265.06,17.66,43.65,0.4990,1,-1,-1
1254,283,1002.30,310.10,21.42,60.68,0.7130,1,-1,-1
1254,401,1345.03,184.55,16.45,41.09,0.5955,1,-1,-1
1254,403,1053.03,346.62,29.01,75.23,0.7860,1,-1,-1
1254,429,665.18,273.17,18.14,43.94,0.6593,1,-1,-1
1254,440,829.38,261.01,20.53,46.56,0.5593,1,-1,-1
1254,444,1369.24,194.70,16.89,33.63,0.6030,1,-1,-1
1254,445,1089.07,369.40,31.89,61.95,0.7963,1,-1,-1
1254,446,570.39,265.86,17.61,43.51,0.4562,1,-1,-1
1255,283,1002.86,310.88,21.40,60.19,0.7303,1,-1,-1
1255,401,1345.11,182.60,16.98,42.86,0.6030,1,-1,-1
1255,403,1053.69,346.36,28.94,75.11,0.7684,1,-1,-1
1255,429,665.87,273.52,17.73,43.57,0.6610,1,-1,-1
1255,440,830.87,261.51,20.01,45.68,0.5263,1,-1,-1
1255,444,1369.68,194.49,17.11,33.98,0.5993,1,-1,-1
1255,445,1090.77,369.61,31.60,61.77,0.7988,1,-1,-1
1255,446,570.17,266.20,17.69,43.76,0.4834,1,-1,-1
1256,283,1003.17,311.84,21.48,59.85,0.7082,1,-1,-1
1256,401,1345.55,182.75,16.76,42.64,0.5784,1,-1,-1
1256,403,1054.04,346.48,28.89,74.92,0.7820,1,-1,-1
1256,429,666.50,273.48,17.54,43.49,0.6610,1,-1,-1
1256,440,831.40,260.81,20.63,47.52,0.4902,1,-1,-1
1256,444,1370.05,194.79,17.02,33.66,0.5842,1,-1,-1
1256,445,1092.69,369.64,31.72,61.90,0.8087,1,-1,-1
1256,446,569.59,266.10,17.83,44.12,0.4639,1,-1,-1
1257,283,1003.35,312.51,21.64,59.81,0.7066,1,-1,-1
1257,401,1345.69,182.02,16.87,43.31,0.5506,1,-1,-1
1257,403,1053.92,346.35,29.01,74.61,0.7899,1,-1,-1
1257,429,667.54,273.22,17.68,43.79,0.6680,1,-1,-1
1257,440,832.01,260.98,20.76,48.14,0.5195,1,-1,-1
1257,444,1370.74,194.76,17.24,34.16,0.5631,1,-1,-1
1257,445,1094.19,369.28,32.14,62.47,0.8317,1,-1,-1
1257,446,569.32,266.62,17.79,44.05,0.4407,1,-1,-1
1258,283,1003.77,312.97,21.77,59.74,0.6901,1,-1,-1
1258,401,1346.22,183.55,16.17,41.71,0.5708,1,-1,-1
1258,403,1053.62,347.14,29.32,74.46,0.7614,1,-1,-1
1258,429,669.25,273.64,18.11,44.07,0.6732,1,-1,-1
1258,440,833.19,262.98,20.09,46.54,0.5185,1,-1,-1
1258,444,1371.64,195.16,16.93,33.73,0.5784,1,-1,-1
1258,445,1095.52,368.87,33.20,64.01,0.8306,1,-1,-1
1258,446,569.15,269.64,16.61,40.91,0.4036,1,-1,-1
1259,283,1004.39,312.90,21.97,60.09,0.6885,1,-1,-1
1259,401,1346.64,184.43,15.65,40.48,0.5670,1,-1,-1
1259,403,1053.22,349.05,29.70,74.36,0.7571,1,-1,-1
1259,429,669.90,273.79,18.88,44.93,0.6893,1,-1,-1
1259,440,835.40,262.92,19.62,45.18,0.4282,1,-1,-1
1259,444,1372.14,195.75,16.63,33.27,0.5574,1,-1,-1
1259,445,1097.35,368.03,33.92,64.76,0.8099,1,-1,-1
1259,446,568.27,269.63,16.69,40.79,0.3639,1,-1,-1
1260,283,1004.73,312.73,22.20,60.55,0.7017,1,-1,-1
1260,401,1347.13,185.99,15.03,38.89,0.5727,1,-1,-1
1260,403,1053.36,349.97,30.02,74.07,0.7241,1,-1,-1
1260,429,670.67,274.28,18.87,44.07,0.6628,1,-1,-1
1260,440,836.22,263.57,19.11,43.74,0.3416,1,-1,-1
1260,444,1372.43,196.58,15.88,31.70,0.5293,1,-1,-1
1260,445,1098.76,368.05,34.35,65.10,0.8001,1,-1,-1
1260,446,567.84,269.01,17.00,41.33,0.4562,1,-1,-1
1261,283,1005.26,312.26,22.45,61.20,0.7256,1,-1,-1
1261,401,1347.98,188.73,14.15,36.53,0.5535,1,-1,-1
1261,403,1053.52,351.80,30.37,73.39,0.6645,1,-1,-1
1261,429,671.18,274.65,19.49,44.19,0.7098,1,-1,-1
1261,440,836.44,264.28,18.96,43.15,0.3657,1,-1,-1
1261,444,1372.84,196.67,15.52,30.90,0.5390,1,-1,-1
1261,445,1100.68,369.23,34.10,64.28,0.8050,1,-1,-1
1261,446,568.05,271.15,16.58,40.07,0.3057,1,-1,-1
1262,283,1005.60,312.15,22.56,61.43,0.7225,1,-1,-1
1262,401,1348.58,190.18,13.62,35.06,0.5458,1,-1,-1
1262,403,1053.81,352.43,30.75,72.93,0.6325,1,-1,-1
1262,429,671.28,274.58,20.13,44.56,0.7241,1,-1,-1
1262,440,836.88,264.64,19.16,43.31,0.3486,1,-1,-1
1262,444,1373.16,196.66,15.43,30.68,0.5564,1,-1,-1
1262,445,1103.26,369.94,33.62,63.02,0.8013,1,-1,-1
1262,446,567.22,269.57,17.38,41.84,0.2728,1,-1,-1
1263,283,1006.04,312.40,22.48,61.32,0.7210,1,-1,-1
1263,401,1349.34,190.21,13.62,34.86,0.5660,1,-1,-1
1263,403,1055.30,351.41,31.44,73.76,0.4990,1,-1,-1
1263,429,671.37,275.00,20.62,44.89,0.7050,1,-1,-1
1263,440,837.38,264.08,19.62,44.41,0.4140,1,-1,-1
1263,444,1373.05,196.42,15.71,31.28,0.5564,1,-1,-1
1263,445,1106.78,369.46,34.16,63.50,0.7656,1,-1,-1
1263,446,566.12,269.18,17.61,42.13,0.1312,1,-1,-1
1264,283,1006.44,312.58,22.37,61.11,0.7303,1,-1,-1
1264,401,1350.02,191.18,13.48,34.42,0.5699,1,-1,-1
1264,403,1056.79,351.20,31.85,73.45,0.6307,1,-1,-1
1264,429,671.59,275.15,20.84,44.98,0.6851,1,-1,-1
1264,440,839.05,263.95,19.93,44.68,0.4111,1,-1,-1
1264,444,1373.73,196.59,15.64,31.36,0.5670,1,-1,-1
1264,445,1109.77,369.77,34.54,63.57,0.7793,1,-1,-1
1265,283,1006.97,313.01,22.15,60.68,0.7303,1,-1,-1
1265,401,1350.76,192.49,13.44,34.10,0.6160,1,-1,-1
1265,403,1057.81,350.90,32.43,73.85,0.5137,1,-1,-1
1265,429,671.81,275.27,20.96,45.07,0.6697,1,-1,-1
1265,440,839.36,263.54,19.98,44.68,0.4140,1,-1,-1
1265,444,1374.23,196.65,15.50,31.32,0.5574,1,-1,-1
1265,445,1111.91,370.05,34.66,63.29,0.7873,1,-1,-1
1265,449,1063.20,351.26,27.74,54.58,0.4980,1,-1,-1
1266,283,1007.40,313.50,22.05,60.49,0.7178,1,-1,-1
1266,401,1351.68,193.68,13.17,33.32,0.6361,1,-1,-1
1266,403,1061.84,351.16,31.92,72.72,0.2697,1,-1,-1
1266,429,672.36,274.72,21.12,45.56,0.6531,1,-1,-1
1266,440,840.98,262.32,20.78,45.98,0.5400,1,-1,-1
1266,444,1374.98,196.67,15.33,31.19,0.5332,1,-1,-1
1266,445,1113.83,370.09,34.31,62.98,0.7256,1,-1,-1
1266,449,1067.56,351.11,25.18,49.40,0.3007,1,-1,-1
1267,283,1007.70,313.83,21.92,60.22,0.7364,1,-1,-1
1267,401,1352.17,194.06,13.14,33.17,0.6343,1,-1,-1
1267,403,1064.61,351.22,31.04,70.23,0.5117,1,-1,-1
1267,429,673.06,274.64,20.96,45.55,0.6654,1,-1,-1
1267,440,841.94,261.67,21.27,46.78,0.5283,1,-1,-1
1267,444,1375.35,196.58,15.24,31.19,0.5195,1,-1,-1
1267,445,1115.99,369.85,34.06,62.95,0.7178,1,-1,-1
1267,449,1068.73,350.43,26.97,52.83,0.3140,1,-1,-1
1267,450,152.37,294.18,19.55,48.60,0.5574,1,-1,-1
1268,283,1007.84,314.31,21.88,60.11,0.7114,1,-1,-1
1268,401,1352.66,193.40,13.35,33.58,0.6011,1,-1,-1
1268,403,1066.09,350.03,31.66,71.59,0.2101,1,-1,-1
1268,429,674.57,274.80,20.41,45.16,0.6602,1,-1,-1
1268,440,842.64,261.20,21.50,47.66,0.5098,1,-1,-1
1268,444,1375.83,196.56,15.24,31.33,0.5215,1,-1,-1
1268,445,1119.06,369.57,34.76,63.49,0.7098,1,-1,-1
1268,450,151.84,293.93,19.36,48.24,0.6379,1,-1,-1
1269,283,1007.96,314.66,21.88,60.25,0.7017,1,-1,-1
1269,401,1353.17,193.33,13.36,33.52,0.6067,1,-1,-1
1269,403,1069.67,348.96,32.05,72.85,0.3032,1,-1,-1
1269,429,675.86,275.33,19.64,44.48,0.6645,1,-1,-1
1269,440,843.35,261.45,21.69,48.42,0.5974,1,-1,-1
1269,444,1376.94,196.69,14.91,30.91,0.5107,1,-1,-1
1269,445,1120.62,369.10,35.18,64.33,0.6252,1,-1,-1
1269,450,152.13,293.98,18.48,46.16,0.6142,1,-1,-1
1269,451,803.42,345.73,92.64,39.32,0.4639,4,-1,-1
1270,283,1007.97,314.90,21.94,60.61,0.7050,1,-1,-1
1270,401,1353.34,193.37,13.38,33.53,0.6451,1,-1,-1
1270,403,1072.06,348.19,32.23,73.87,0.1281,1,-1,-1
1270,429,676.85,275.58,19.14,44.26,0.6325,1,-1,-1
1270,440,843.82,261.28,21.87,49.23,0.6067,1,-1,-1
1270,444,1377.52,196.36,14.94,30.99,0.5409,1,-1,-1
1270,445,1122.27,369.11,35.25,64.23,0.6593,1,-1,-1
1270,450,152.07,294.17,18.43,46.13,0.6558,1,-1,-1
1270,451,804.74,346.37,90.38,38.34,0.5039,4,-1,-1
1271,283,1008.09,315.17,22.01,61.16,0.7225,1,-1,-1
1271,401,1353.53,192.95,13.44,33.69,0.6593,1,-1,-1
1271,403,1074.52,347.64,33.22,77.07,0.2613,1,-1,-1
1271,429,677.96,275.87,18.59,43.64,0.6234,1,-1,-1
1271,440,844.50,261.80,21.43,48.59,0.5380,1,-1,-1
1271,444,1378.14,196.58,14.81,30.84,0.5898,1,-1,-1
1271,445,1123.49,369.77,34.20,63.50,0.7484,1,-1,-1
1271,450,152.82,294.28,19.02,47.77,0.7017,1,-1,-1
1271,451,804.66,346.83,90.26,38.25,0.4620,4,-1,-1
1271,452,1318.82,191.72,11.99,28.66,0.5263,1,-1,-1
1272,283,1008.33,315.54,22.06,61.39,0.7082,1,-1,-1
1272,401,1353.66,192.66,13.54,33.91,0.6469,1,-1,-1
1272,403,1075.52,347.41,33.85,79.09,0.6433,1,-1,-1
1272,429,678.75,275.95,18.43,43.72,0.5631,1,-1,-1
1272,440,845.27,261.46,21.07,48.35,0.5029,1,-1,-1
1272,444,1378.38,196.44,14.92,31.16,0.6011,1,-1,-1
1272,445,1124.60,370.79,33.15,62.70,0.7712,1,-1,-1
1272,450,153.26,294.29,19.36,48.64,0.7318,1,-1,-1
1272,451,803.86,347.10,90.27,38.23,0.3630,4,-1,-1
1272,452,1319.05,191.93,11.92,28.47,0.5137,1,-1,-1
1272,446,560.75,266.58,19.11,45.71,0.4668,1,-1,-1
1273,283,1008.91,316.31,22.15,61.81,0.7379,1,-1,-1
1273,401,1353.88,192.75,13.49,33.74,0.6067,1,-1,-1
1273,403,1077.60,346.48,33.83,79.04,0.5851,1,-1,-1
1273,429,679.98,276.17,18.56,44.07,0.6234,1,-1,-1
1273,440,846.74,262.09,20.90,48.38,0.4776,1,-1,-1
1273,444,1378.59,196.37,15.00,31.38,0.5917,1,-1,-1
1273,445,1125.86,370.97,33.11,63.40,0.7698,1,-1,-1
1273,450,153.25,294.54,19.86,49.61,0.7001,1,-1,-1
1273,451,803.75,347.71,90.63,38.39,0.2127,4,-1,-1
1273,452,1319.14,191.96,11.91,28.40,0.5039,1,-1,-1
1273,453,126.36,299.73,17.40,47.92,0.4951,1,-1,-1
1273,446,560.10,266.24,19.21,46.37,0.5224,1,-1,-1
1274,283,1009.73,316.86,21.72,60.64,0.7130,1,-1,-1
1274,401,1354.32,192.84,13.53,33.77,0.6030,1,-1,-1
1274,403,1081.50,358.92,29.16,67.16,0.1272,1,-1,-1
1274,429,681.42,275.87,19.07,44.85,0.5974,1,-1,-1
1274,440,847.41,262.40,20.76,48.40,0.4533,1,-1,-1
1274,444,1378.63,196.29,15.12,31.75,0.5612,1,-1,-1
1274,445,1127.30,371.09,33.07,63.72,0.7780,1,-1,-1
1274,450,153.31,295.31,20.03,49.57,0.6918,1,-1,-1
1274,451,803.70,348.21,90.33,38.26,0.2372,4,-1,-1
1274,452,1319.26,191.69,11.97,28.47,0.4263,1,-1,-1
1274,453,127.09,301.25,16.77,46.00,0.3149,1,-1,-1
1274,446,559.75,266.50,19.26,46.96,0.4951,1,-1,-1
1275,283,1010.15,317.22,21.54,60.19,0.7114,1,-1,-1
1275,401,1355.11,193.55,13.33,33.19,0.6197,1,-1,-1
1275,403,1082.39,355.28,31.37,72.35,0.2024,1,-1,-1
1275,429,682.29,276.04,19.36,45.00,0.6049,1,-1,-1
1275,440,847.80,262.75,20.71,48.60,0.4698,1,-1,-1
1275,444,1378.71,196.46,15.12,31.80,0.5689,1,-1,-1
1275,445,1129.78,370.41,33.61,64.65,0.7122,1,-1,-1
1275,450,153.25,295.63,20.09,49.13,0.6680,1,-1,-1
1275,451,803.42,348.46,90.28,38.26,0.2806,4,-1,-1
1275,452,1319.25,190.92,12.25,29.09,0.4756,1,-1,-1
1275,453,131.20,299.63,16.30,44.64,0.4533,1,-1,-1
1275,446,559.62,266.79,19.11,46.92,0.4523,1,-1,-1
1276,283,1010.91,317.61,21.52,60.13,0.7082,1,-1,-1
1276,401,1355.81,194.36,12.94,31.99,0.5823,1,-1,-1
1276,403,1084.38,349.87,33.65,77.82,0.1931,1,-1,-1
1276,429,682.77,276.23,19.72,45.07,0.6252,1,-1,-1
1276,440,849.90,267.00,18.69,44.13,0.5351,1,-1,-1
1276,444,1379.09,196.71,15.10,31.61,0.5593,1,-1,-1
1276,445,1132.94,370.62,34.02,65.00,0.7793,1,-1,-1
1276,450,153.72,296.19,20.48,49.31,0.6800,1,-1,-1
1276,451,803.33,348.93,89.20,37.86,0.4649,4,-1,-1
1276,452,1319.21,190.88,12.31,29.14,0.4263,1,-1,-1
1276,453,132.95,296.30,15.84,43.14,0.6160,1,-1,-1
1276,446,559.20,267.69,18.96,46.52,0.4678,1,-1,-1
1277,283,1011.65,317.92,21.73,60.42,0.7178,1,-1,-1
1277,401,1356.33,194.98,12.83,31.45,0.5535,1,-1,-1
1277,403,1087.50,348.28,33.67,77.90,0.4951,1,-1,-1
1277,429,682.72,276.24,20.08,45.32,0.6540,1,-1,-1
1277,440,850.58,267.93,18.19,43.19,0.5429,1,-1,-1
1277,444,1379.43,196.45,15.47,32.17,0.5496,1,-1,-1
1277,445,1134.83,370.63,34.10,64.82,0.7976,1,-1,-1
1277,450,154.06,296.33,20.88,49.49,0.6715,1,-1,-1
1277,451,803.30,349.42,88.17,37.49,0.3785,4,-1,-1
1277,452,1319.49,190.93,12.46,29.39,0.3970,1,-1,-1
1277,453,133.02,295.39,16.38,44.56,0.6197,1,-1,-1
1277,446,559.08,268.69,18.63,45.68,0.3558,1,-1,-1
1278,283,1012.64,318.42,22.11,60.66,0.7334,1,-1,-1
1278,401,1357.10,195.56,12.56,30.77,0.5708,1,-1,-1
1278,403,1090.66,347.14,33.23,77.29,0.6030,1,-1,-1
1278,429,682.85,276.20,20.20,45.24,0.6451,1,-1,-1
1278,440,850.75,267.73,18.38,43.56,0.5098,1,-1,-1
1278,444,1379.51,196.61,15.52,32.06,0.5400,1,-1,-1
1278,445,1137.25,371.32,33.37,63.33,0.7334,1,-1,-1
1278,450,154.57,296.78,20.88,48.98,0.6732,1,-1,-1
1278,451,802.68,349.96,87.81,37.44,0.3531,4,-1,-1
1278,452,1320.20,191.19,12.37,29.12,0.4140,1,-1,-1
1278,453,135.14,295.96,15.86,42.92,0.5917,1,-1,-1
1278,446,558.66,271.20,17.66,43.01,0.2316,1,-1,-1
1279,283,1013.50,318.52,22.73,61.21,0.7454,1,-1,-1
1279,401,1357.55,195.31,12.69,30.88,0.5166,1,-1,-1
1279,403,1094.46,347.92,32.43,76.35,0.6549,1,-1,-1
1279,429,684.03,276.44,20.18,45.01,0.6663,1,-1,-1
1279,440,851.06,264.54,19.59,46.38,0.4737,1,-1,-1
1279,444,1379.81,196.13,15.64,32.23,0.5078,1,-1,-1
1279,445,1142.09,370.91,33.16,64.10,0.7210,1,-1,-1
1279,450,155.20,297.04,20.56,47.92,0.6817,1,-1,-1
1279,451,802.51,350.44,88.05,37.63,0.4254,4,-1,-1
1279,452,1320.78,192.05,12.24,28.51,0.3877,1,-1,-1
1279,453,136.40,296.47,15.94,42.78,0.5574,1,-1,-1
1279,446,558.06,271.83,17.45,42.40,0.2621,1,-1,-1
1279,455,103.63,300.06,19.87,50.36,0.4698,1,-1,-1
1280,283,1014.27,318.66,23.43,61.80,0.7513,1,-1,-1
1280,401,1357.89,195.16,12.87,31.16,0.5727,1,-1,-1
1280,403,1097.23,348.64,31.82,76.24,0.7225,1,-1,-1
1280,429,684.89,276.85,19.80,44.21,0.6307,1,-1,-1
1280,440,851.39,264.34,19.32,45.88,0.4254,1,-1,-1
1280,444,1380.21,196.01,15.60,32.03,0.5784,1,-1,-1
1280,445,1144.79,371.00,32.96,64.67,0.7130,1,-1,-1
1280,450,155.52,297.13,20.35,47.17,0.6451,1,-1,-1
1280,451,802.46,350.74,88.30,37.78,0.4591,4,-1,-1
1280,452,1321.20,192.59,12.19,28.21,0.4064,1,-1,-1
1280,453,137.15,295.94,15.55,41.45,0.5224,1,-1,-1
1280,446,557.81,272.38,17.34,42.05,0.2275,1,-1,-1
1280,455,102.49,300.19,20.07,50.73,0.1739,1,-1,-1
1281,283,1014.77,319.44,23.99,61.83,0.7454,1,-1,-1
1281,401,1358.63,195.01,12.85,30.95,0.5496,1,-1,-1
1281,403,1100.08,349.00,31.90,77.37,0.6993,1,-1,-1
1281,429,684.99,276.54,19.99,44.84,0.5535,1,-1,-1
1281,440,853.33,263.54,19.72,46.79,0.5078,1,-1,-1
1281,444,1380.71,195.76,15.65,32.04,0.5708,1,-1,-1
1281,445,1149.97,370.65,32.99,65.35,0.7642,1,-1,-1
1281,450,155.39,297.03,20.54,47.68,0.6663,1,-1,-1
1281,451,802.81,351.29,88.16,37.73,0.4446,4,-1,-1
1281,452,1321.83,193.74,11.90,27.34,0.4301,1,-1,-1
1281,453,137.67,295.54,16.15,42.40,0.5631,1,-1,-1
1281,446,556.74,270.65,18.36,44.74,0.4225,1,-1,-1
1281,455,97.24,299.71,20.55,51.87,0.5974,1,-1,-1
1282,283,1015.14,319.64,24.65,62.23,0.7439,1,-1,-1
1282,401,1359.06,194.96,13.01,31.15,0.5458,1,-1,-1
1282,403,1101.87,349.26,31.46,77.18,0.7578,1,-1,-1
1282,429,685.08,275.95,20.16,45.55,0.5312,1,-1,-1
1282,440,854.57,263.10,20.16,47.32,0.5166,1,-1,-1
1282,444,1381.09,195.53,15.74,32.05,0.5727,1,-1,-1
1282,445,1153.02,369.90,33.01,66.19,0.7194,1,-1,-1
1282,450,155.32,296.95,20.70,48.28,0.6783,1,-1,-1
1282,451,802.60,351.46,88.27,37.83,0.3486,4,-1,-1
1282,452,1322.23,194.41,11.77,26.86,0.4465,1,-1,-1
1282,453,138.49,295.78,16.04,41.62,0.6011,1,-1,-1
1282,446,555.94,269.57,18.96,46.43,0.3942,1,-1,-1
1282,455,93.86,299.82,20.60,51.98,0.4795,1,-1,-1
1283,283,1015.18,320.03,24.98,62.14,0.7318,1,-1,-1
1283,401,1359.62,194.98,13.04,31.06,0.5146,1,-1,-1
1283,403,1103.48,349.17,31.01,77.31,0.6654,1,-1,-1
1283,429,686.34,275.43,19.94,45.89,0.5467,1,-1,-1
1283,440,855.37,263.14,20.38,47.40,0.5263,1,-1,-1
1283,444,1381.68,195.11,15.99,32.28,0.5458,1,-1,-1
1283,445,1158.11,369.62,33.06,65.14,0.7009,1,-1,-1
1283,450,155.37,296.28,20.80,48.74,0.6749,1,-1,-1
1283,451,801.47,351.82,88.63,38.07,0.2628,4,-1,-1
1283,452,1322.70,194.87,11.58,26.31,0.4216,1,-1,-1
1283,453,139.87,295.97,16.04,41.24,0.6505,1,-1,-1
1283,446,555.38,269.85,18.97,46.58,0.5000,1,-1,-1
1283,455,89.59,299.69,21.47,54.19,0.4863,1,-1,-1
1284,283,1015.79,321.39,24.78,60.80,0.6935,1,-1,-1
1284,401,1360.03,194.94,13.13,31.12,0.4766,1,-1,-1
1284,403,1105.46,347.72,30.98,78.40,0.6334,1,-1,-1
1284,429,687.36,274.32,19.87,46.81,0.6105,1,-1,-1
1284,440,855.75,263.39,20.39,47.22,0.5574,1,-1,-1
1284,444,1382.33,194.81,16.28,32.71,0.5458,1,-1,-1
1284,445,1161.65,368.73,33.61,65.63,0.6270,1,-1,-1
1284,450,156.11,295.87,20.50,48.47,0.6885,1,-1,-1
1284,451,801.18,352.45,89.27,38.30,0.2394,4,-1,-1
1284,452,1322.99,193.14,12.23,27.80,0.3200,1,-1,-1
1284,453,141.21,295.93,15.88,40.51,0.6505,1,-1,-1
1284,446,554.36,268.74,19.48,47.88,0.5351,1,-1,-1
1284,455,86.66,300.94,21.47,54.23,0.5205,1,-1,-1
1285,283,1016.01,322.37,24.65,59.81,0.7050,1,-1,-1
1285,401,1360.05,194.23,13.52,31.93,0.4378,1,-1,-1
1285,403,1106.99,346.43,31.40,80.71,0.6558,1,-1,-1
1285,429,688.26,273.80,19.49,46.99,0.5708,1,-1,-1
1285,440,856.55,263.36,20.41,47.29,0.5467,1,-1,-1
1285,444,1382.77,193.89,16.95,34.11,0.5419,1,-1,-1
1285,445,1163.03,368.82,33.83,66.06,0.7379,1,-1,-1
1285,450,156.66,295.80,20.33,48.35,0.6663,1,-1,-1
1285,451,800.91,352.91,90.10,38.57,0.3174,4,-1,-1
1285,452,1323.29,192.41,12.46,28.34,0.2636,1,-1,-1
1285,453,141.87,296.45,16.21,41.16,0.6343,1,-1,-1
1285,446,553.96,268.81,19.47,47.95,0.5146,1,-1,-1
1285,455,85.27,301.65,21.78,55.03,0.5554,1,-1,-1
1286,283,1016.28,322.88,24.85,59.54,0.7114,1,-1,-1
1286,401,1359.70,193.16,14.18,33.34,0.3739,1,-1,-1
1286,403,1109.53,345.28,30.80,80.07,0.5029,1,-1,-1
1286,429,689.13,274.02,18.97,46.80,0.5068,1,-1,-1
1286,440,857.17,262.60,20.83,49.19,0.6252,1,-1,-1
1286,444,1383.28,193.54,17.22,34.72,0.5185,1,-1,-1
1286,445,1165.84,369.34,32.59,63.87,0.6766,1,-1,-1
1286,450,157.10,296.43,20.06,47.53,0.5917,1,-1,-1
1286,451,800.90,353.51,91.46,38.96,0.2659,4,-1,-1
1286,452,1323.56,190.81,12.98,29.65,0.2751,1,-1,-1
1286,453,142.83,296.52,16.71,42.46,0.5670,1,-1,-1
1286,446,553.18,267.67,19.93,49.11,0.5107,1,-1,-1
1286,455,80.90,302.99,21.76,55.07,0.4465,1,-1,-1
1287,283,1016.41,323.30,25.10,59.35,0.7001,1,-1,-1
1287,401,1360.78,193.68,14.39,33.38,0.3775,1,-1,-1
1287,403,1111.51,343.84,30.65,80.77,0.3460,1,-1,-1
1287,429,689.99,274.76,18.23,45.89,0.5467,1,-1,-1
1287,440,857.55,262.38,20.73,49.87,0.6123,1,-1,-1
1287,444,1383.62,193.44,17.32,34.94,0.5039,1,-1,-1
1287,445,1168.06,370.09,31.67,62.61,0.6469,1,-1,-1
1287,450,157.71,296.29,20.49,47.96,0.5525,1,-1,-1
1287,451,800.21,353.79,91.87,38.98,0.2689,4,-1,-1
1287,452,1323.89,189.87,13.22,30.41,0.2759,1,-1,-1
1287,453,143.59,296.81,17.49,44.60,0.4883,1,-1,-1
1287,446,552.93,268.00,19.73,48.71,0.4311,1,-1,-1
1287,455,80.00,303.77,21.85,54.85,0.4844,1,-1,-1
1288,283,1016.69,323.90,25.45,59.41,0.7066,1,-1,-1
1288,401,1361.63,194.53,14.35,32.93,0.4941,1,-1,-1
1288,403,1113.99,342.26,31.11,82.34,0.6307,1,-1,-1
1288,429,690.81,275.42,17.73,45.32,0.5974,1,-1,-1
1288,440,858.56,262.09,20.65,50.52,0.6086,1,-1,-1
1288,444,1383.90,193.92,17.16,34.61,0.5322,1,-1,-1
1288,445,1171.49,369.65,32.01,63.15,0.7146,1,-1,-1
1288,450,159.74,296.38,21.30,48.47,0.5525,1,-1,-1
1288,451,799.56,353.41,92.25,39.05,0.2075,4,-1,-1
1288,452,1324.13,189.03,13.45,31.23,0.2942,1,-1,-1
1288,453,144.42,297.23,17.89,45.91,0.5068,1,-1,-1
1288,446,552.26,268.91,19.37,48.03,0.3166,1,-1,-1
1288,455,78.26,305.03,21.90,54.84,0.4844,1,-1,-1
1289,283,1016.73,323.62,26.02,60.03,0.6943,1,-1,-1
1289,401,1362.27,195.12,14.20,32.36,0.5390,1,-1,-1
1289,403,1117.58,343.86,30.06,80.19,0.6361,1,-1,-1
1289,429,691.80,276.96,16.89,43.79,0.5088,1,-1,-1
1289,440,859.94,262.25,20.66,51.07,0.5708,1,-1,-1
1289,444,1384.22,194.17,17.11,34.60,0.5670,1,-1,-1
1289,445,1173.60,369.75,32.77,64.55,0.7739,1,-1,-1
1289,450,159.16,296.70,22.28,48.70,0.5254,1,-1,-1
1289,451,799.29,353.43,92.25,38.95,0.1255,4,-1,-1
1289,452,1324.36,188.93,13.44,31.45,0.2744,1,-1,-1
1289,453,147.34,297.61,18.55,47.36,0.4562,1,-1,-1
1289,446,551.39,270.33,18.84,46.65,0.2234,1,-1,-1
1289,455,76.86,305.78,22.11,54.96,0.5380,1,-1,-1
1290,283,1016.88,324.74,26.12,59.52,0.7033,1,-1,-1
1290,401,1362.62,195.33,14.16,32.16,0.5860,1,-1,-1
1290,403,1119.38,344.24,29.78,79.97,0.6316,1,-1,-1
1290,429,692.21,277.04,16.64,43.84,0.3979,1,-1,-1
1290,440,860.57,262.24,20.79,51.93,0.5535,1,-1,-1
1290,444,1384.67,194.31,17.10,34.69,0.5612,1,-1,-1
1290,445,1174.90,370.13,33.00,64.89,0.7873,1,-1,-1
1290,450,155.66,297.20,23.51,48.84,0.5020,1,-1,-1
1290,452,1324.52,189.08,13.39,31.51,0.3082,1,-1,-1
1290,453,149.46,297.74,19.18,47.94,0.4873,1,-1,-1
1290,446,550.90,271.67,18.46,45.37,0.1761,1,-1,-1
1290,455,75.83,306.38,21.91,54.34,0.5302,1,-1,-1
1291,283,1017.36,325.68,26.52,59.82,0.7082,1,-1,-1
1291,401,1362.67,194.93,14.48,32.77,0.5784,1,-1,-1
1291,403,1122.17,345.28,28.41,77.25,0.6540,1,-1,-1
1291,429,692.52,277.64,16.29,43.56,0.2697,1,-1,-1
1291,440,861.71,263.68,19.70,49.24,0.5670,1,-1,-1
1291,444,1385.30,194.61,17.03,34.63,0.5380,1,-1,-1
1291,445,1176.83,368.76,34.33,66.73,0.7571,1,-1,-1
1291,450,158.63,297.05,23.69,48.91,0.5467,1,-1,-1
1291,453,150.18,297.48,19.68,48.24,0.4902,1,-1,-1
1291,446,551.90,275.45,17.35,42.07,0.1790,1,-1,-1
1291,455,74.24,306.68,21.50,53.54,0.5341,1,-1,-1
1292,283,1017.56,326.32,26.99,60.38,0.6834,1,-1,-1
1292,401,1362.88,195.01,14.56,32.86,0.5879,1,-1,-1
1292,403,1123.69,345.86,27.80,76.65,0.5689,1,-1,-1
1292,429,692.60,274.69,17.33,46.80,0.1268,1,-1,-1
1292,440,862.13,265.28,19.24,48.14,0.5955,1,-1,-1
1292,444,1385.85,194.92,16.79,34.26,0.5804,1,-1,-1
1292,445,1178.81,369.06,34.93,66.86,0.8026,1,-1,-1
1292,450,159.75,297.00,23.69,48.71,0.5496,1,-1,-1
1292,453,150.69,296.88,20.41,48.76,0.4990,1,-1,-1
1292,446,550.71,275.72,17.67,42.14,0.2323,1,-1,-1
1292,455,73.37,306.27,21.48,53.69,0.5234,1,-1,-1
1292,456,148.13,296.25,35.27,49.65,0.5098,1,-1,-1
1293,283,1017.82,327.22,27.20,60.37,0.6680,1,-1,-1
1293,401,1363.63,195.43,14.42,32.54,0.5842,1,-1,-1
1293,403,1126.26,345.92,28.48,79.78,0.4397,1,-1,-1
1293,429,693.11,279.99,15.89,42.46,0.5322,1,-1,-1
1293,440,863.20,266.71,18.60,46.56,0.4600,1,-1,-1
1293,444,1386.41,195.34,16.40,33.44,0.5727,1,-1,-1
1293,445,1181.94,369.75,35.18,66.11,0.8434,1,-1,-1
1293,450,158.66,296.83,24.04,48.96,0.5419,1,-1,-1
1293,453,150.23,296.44,20.93,48.90,0.2487,1,-1,-1
1293,446,548.75,273.23,19.13,45.28,0.3886,1,-1,-1
1293,455,71.62,306.63,21.37,52.96,0.5554,1,-1,-1
1293,456,147.62,296.52,34.80,49.05,0.4756,1,-1,-1
1294,283,1017.74,327.45,27.16,59.93,0.6715,1,-1,-1
1294,401,1364.29,195.54,14.35,32.43,0.6030,1,-1,-1
1294,403,1128.68,346.13,28.71,81.29,0.4235,1,-1,-1
1294,429,694.12,279.60,16.39,43.49,0.2487,1,-1,-1
1294,440,866.96,269.25,17.48,43.94,0.4263,1,-1,-1
1294,444,1387.03,195.65,16.10,32.78,0.5593,1,-1,-1
1294,445,1184.66,370.18,35.22,65.24,0.7753,1,-1,-1
1294,450,158.11,296.86,23.83,48.65,0.6252,1,-1,-1
1294,453,152.42,296.67,20.91,48.57,0.3951,1,-1,-1
1294,446,547.82,273.77,19.18,45.41,0.3294,1,-1,-1
1294,455,67.86,306.12,21.34,53.45,0.6086,1,-1,-1
1295,283,1017.93,327.73,27.10,59.61,0.6715,1,-1,-1
1295,401,1364.80,196.15,14.00,31.66,0.6030,1,-1,-1
1295,403,1131.11,352.76,26.99,76.70,0.1394,1,-1,-1
1295,429,694.95,280.01,16.42,43.39,0.1546,1,-1,-1
1295,440,868.70,270.96,16.78,42.20,0.4688,1,-1,-1
1295,444,1387.62,196.06,15.77,32.06,0.5670,1,-1,-1
1295,445,1186.99,369.55,35.87,65.78,0.7033,1,-1,-1
1295,450,157.33,296.70,23.86,48.65,0.6252,1,-1,-1
1295,453,153.11,296.99,20.88,47.61,0.2999,1,-1,-1
1295,446,548.08,274.95,18.25,43.22,0.2502,1,-1,-1
1295,455,65.77,306.38,20.98,53.38,0.5390,1,-1,-1
1295,457,82.01,302.17,23.94,54.86,0.6325,1,-1,-1
1296,283,1018.14,328.16,26.89,59.05,0.6766,1,-1,-1
1296,401,1365.17,196.53,13.77,31.15,0.6307,1,-1,-1
1296,403,1132.74,348.93,28.35,81.20,0.1974,1,-1,-1
1296,429,695.93,280.81,16.37,42.24,0.2018,1,-1,-1
1296,440,870.01,269.98,16.96,42.65,0.3585,1,-1,-1
1296,444,1387.94,196.07,15.70,31.85,0.5842,1,-1,-1
1296,445,1190.55,370.40,35.90,65.50,0.7394,1,-1,-1
1296,450,155.94,296.40,24.47,49.57,0.5860,1,-1,-1
1296,446,548.14,275.98,17.61,41.85,0.1895,1,-1,-1
1296,455,64.58,306.33,21.36,54.58,0.3621,1,-1,-1
1296,457,80.17,302.84,23.84,54.56,0.7082,1,-1,-1
1296,451,796.69,356.18,94.55,39.87,0.4883,4,-1,-1
1297,283,1018.43,328.53,26.65,58.36,0.6732,1,-1,-1
1297,401,1365.35,196.63,13.57,30.72,0.6197,1,-1,-1
1297,403,1135.10,353.96,26.88,76.81,0.1661,1,-1,-1
1297,429,696.34,280.78,16.46,41.70,0.1413,1,-1,-1
1297,440,870.61,272.88,15.93,40.08,0.1700,1,-1,-1
1297,444,1388.23,195.99,15.69,31.77,0.5823,1,-1,-1
1297,445,1194.26,370.67,35.88,65.28,0.7542,1,-1,-1
1297,450,156.17,296.29,24.38,49.60,0.6593,1,-1,-1
1297,446,548.25,275.84,17.45,41.76,0.2516,1,-1,-1
1297,455,62.79,305.87,21.35,54.94,0.1640,1,-1,-1
1297,457,78.44,302.65,24.21,55.28,0.6505,1,-1,-1
1297,451,796.32,356.70,94.63,39.85,0.5908,4,-1,-1
1298,283,1018.54,328.50,26.71,58.47,0.6901,1,-1,-1
1298,401,1365.29,195.94,13.74,31.16,0.6011,1,-1,-1
1298,403,1136.59,350.32,27.87,80.05,0.6610,1,-1,-1
1298,440,873.10,273.65,14.12,35.40,0.1152,1,-1,-1
1298,444,1388.56,195.15,16.18,32.86,0.6307,1,-1,-1
1298,445,1198.22,370.06,35.29,65.18,0.7484,1,-1,-1
1298,450,156.85,296.61,24.11,49.46,0.7098,1,-1,-1
1298,446,548.89,277.28,16.77,40.50,0.1950,1,-1,-1
1298,455,62.66,308.80,20.50,52.70,0.4562,1,-1,-1
1298,457,77.70,303.53,24.00,54.62,0.5917,1,-1,-1
1298,451,796.09,357.28,94.69,39.77,0.6860,4,-1,-1
1299,283,1018.70,328.63,26.80,58.65,0.6783,1,-1,-1
1299,401,1365.74,196.03,13.58,30.81,0.6160,1,-1,-1
1299,403,1138.28,348.49,28.05,80.66,0.7542,1,-1,-1
1299,440,873.24,276.28,14.40,36.00,0.1403,1,-1,-1
1299,444,1389.00,194.93,16.44,33.46,0.6197,1,-1,-1
1299,445,1202.06,368.74,35.46,67.17,0.7527,1,-1,-1
1299,446,547.88,275.55,17.39,42.61,0.1865,1,-1,-1
1299,455,61.48,309.94,20.48,51.99,0.5224,1,-1,-1
1299,457,76.91,305.28,23.03,52.41,0.5322,1,-1,-1
1299,451,795.91,357.70,95.08,39.75,0.7520,4,-1,-1
1300,283,1019.14,329.19,26.85,58.60,0.6783,1,-1,-1
1300,401,1366.00,195.84,13.60,30.81,0.6030,1,-1,-1
1300,403,1139.60,347.90,27.92,80.37,0.7513,1,-1,-1
1300,440,872.70,276.83,14.73,36.99,0.1683,1,-1,-1
1300,444,1389.58,194.34,16.76,34.20,0.5955,1,-1,-1
1300,445,1205.12,367.38,35.06,68.32,0.7498,1,-1,-1
1300,446,547.54,275.20,17.52,43.30,0.1196,1,-1,-1
1300,455,60.26,310.21,20.91,52.73,0.5535,1,-1,-1
1300,457,75.95,305.49,23.08,52.52,0.5765,1,-1,-1
1300,451,795.82,358.09,95.47,39.72,0.7372,4,-1,-1
1300,450,157.46,297.04,23.52,48.78,0.7033,1,-1,-1
1301,283,1019.44,329.62,26.92,58.53,0.6732,1,-1,-1
1301,401,1366.62,195.64,13.65,30.85,0.5993,1,-1,-1
1301,403,1141.80,347.35,27.23,78.11,0.6968,1,-1,-1
1301,440,872.80,275.05,15.34,38.79,0.1093,1,-1,-1
1301,444,1390.25,194.60,16.55,33.85,0.5898,1,-1,-1
1301,445,1208.55,366.75,34.06,68.16,0.7628,1,-1,-1
1301,455,58.27,310.49,21.14,52.69,0.5651,1,-1,-1
1301,457,73.71,306.43,23.11,52.46,0.5535,1,-1,-1
1301,451,796.05,358.53,95.92,39.71,0.6531,4,-1,-1
1301,450,158.15,297.49,23.21,48.56,0.7082,1,-1,-1
1302,283,1018.70,329.11,27.21,59.27,0.6732,1,-1,-1
1302,401,1367.28,195.56,13.77,31.02,0.5974,1,-1,-1
1302,403,1142.74,347.38,27.44,78.03,0.6960,1,-1,-1
1302,440,872.65,274.02,15.42,39.50,0.1551,1,-1,-1
1302,444,1390.60,194.47,16.55,33.94,0.5936,1,-1,-1
1302,445,1211.21,366.34,33.19,68.18,0.7670,1,-1,-1
1302,455,55.94,311.74,20.73,51.68,0.5273,1,-1,-1
1302,457,72.06,306.90,23.23,52.62,0.5708,1,-1,-1
1302,451,795.74,358.94,96.29,39.67,0.6723,4,-1,-1
1302,450,158.63,297.89,23.07,48.45,0.6901,1,-1,-1
1303,283,1018.24,329.26,27.32,59.66,0.6749,1,-1,-1
1303,401,1367.77,195.33,14.00,31.47,0.6030,1,-1,-1
1303,403,1145.38,345.90,27.61,77.85,0.6984,1,-1,-1
1303,440,873.69,273.80,15.16,38.96,0.1357,1,-1,-1
1303,444,1390.76,194.30,16.54,34.01,0.5804,1,-1,-1
1303,445,1214.71,366.39,31.81,66.46,0.7753,1,-1,-1
1303,455,52.48,310.57,21.08,52.70,0.4668,1,-1,-1
1303,457,70.32,306.47,23.22,52.43,0.6234,1,-1,-1
1303,451,794.34,359.05,98.00,40.23,0.6809,4,-1,-1
1303,450,159.02,298.20,23.08,48.50,0.6851,1,-1,-1
1304,283,1017.98,329.67,27.24,59.67,0.6593,1,-1,-1
1304,401,1368.32,195.62,13.99,31.42,0.5993,1,-1,-1
1304,403,1147.90,345.52,26.97,75.40,0.7033,1,-1,-1
1304,444,1391.05,194.64,16.21,33.31,0.5612,1,-1,-1
1304,445,1217.80,367.88,30.37,64.49,0.7571,1,-1,-1
1304,455,48.60,311.43,20.73,52.17,0.5554,1,-1,-1
1304,457,67.65,305.41,23.99,53.85,0.6160,1,-1,-1
1304,451,793.78,359.56,98.01,40.08,0.5593,4,-1,-1
1304,450,158.86,298.18,23.51,49.37,0.6680,1,-1,-1
1305,283,1017.87,329.88,27.29,60.05,0.6645,1,-1,-1
1305,401,1368.75,196.10,13.85,31.07,0.5860,1,-1,-1
1305,403,1149.12,344.47,27.46,76.25,0.5823,1,-1,-1
1305,444,1391.46,195.00,16.04,32.89,0.5419,1,-1,-1
1305,445,1219.62,368.85,29.94,64.12,0.7439,1,-1,-1
1305,455,46.44,312.69,20.24,50.73,0.4805,1,-1,-1
1305,457,66.42,305.25,24.31,54.14,0.6123,1,-1,-1
1305,451,793.45,359.92,98.21,40.00,0.5322,4,-1,-1
1305,450,158.60,298.44,23.43,49.31,0.6575,1,-1,-1
1306,283,1018.03,330.17,27.01,59.85,0.6628,1,-1,-1
1306,401,1369.20,195.67,14.06,31.52,0.5166,1,-1,-1
1306,403,1150.53,344.74,27.52,75.88,0.7033,1,-1,-1
1306,444,1391.63,193.74,16.62,33.94,0.5332,1,-1,-1
1306,445,1222.64,369.56,29.46,63.31,0.7599,1,-1,-1
1306,455,44.37,312.98,20.77,51.96,0.4805,1,-1,-1
1306,457,63.93,305.55,24.69,54.13,0.5898,1,-1,-1
1306,451,793.45,360.58,97.09,39.49,0.5341,4,-1,-1
1306,450,158.21,298.55,23.64,49.73,0.6252,1,-1,-1
1307,283,1018.22,330.28,26.79,59.74,0.6469,1,-1,-1
1307,401,1369.82,195.74,13.99,31.26,0.5137,1,-1,-1
1307,403,1151.86,345.27,27.63,75.33,0.5215,1,-1,-1
1307,444,1391.73,192.98,16.98,34.53,0.5746,1,-1,-1
1307,445,1224.49,370.18,29.35,63.39,0.7424,1,-1,-1
1307,455,43.97,316.15,19.63,48.89,0.5234,1,-1,-1
1307,457,63.01,306.37,24.51,53.28,0.6142,1,-1,-1
1307,451,792.36,360.80,97.05,39.52,0.6469,4,-1,-1
1307,450,158.12,298.79,23.65,49.55,0.6343,1,-1,-1
1308,283,1019.11,330.61,26.81,59.87,0.6379,1,-1,-1
1308,401,1370.65,195.55,13.92,31.02,0.4484,1,-1,-1
1308,403,1154.03,345.80,27.97,76.13,0.1830,1,-1,-1
1308,444,1392.21,192.96,16.94,34.20,0.4397,1,-1,-1
1308,445,1227.76,371.10,29.38,62.75,0.7461,1,-1,-1
1308,455,41.89,314.77,20.13,50.02,0.4639,1,-1,-1
1308,457,60.99,306.09,24.94,53.97,0.5631,1,-1,-1
1308,451,791.47,360.93,97.48,39.77,0.6645,4,-1,-1
1308,450,158.12,298.33,24.11,50.41,0.5898,1,-1,-1
1309,283,1019.55,330.75,26.94,60.25,0.6361,1,-1,-1
1309,401,1371.19,194.83,14.18,31.58,0.3157,1,-1,-1
1309,403,1156.13,346.83,28.70,76.70,0.4158,1,-1,-1
1309,444,1392.56,192.59,17.08,34.16,0.3495,1,-1,-1
1309,445,1230.66,370.76,29.98,63.60,0.7341,1,-1,-1
1309,455,38.26,315.71,20.30,49.83,0.4235,1,-1,-1
1309,457,59.48,307.03,24.81,53.48,0.6142,1,-1,-1
1309,451,790.48,361.42,98.21,40.17,0.6179,4,-1,-1
1309,450,158.77,298.09,24.03,50.26,0.5727,1,-1,-1
1310,283,1019.76,330.89,27.02,60.48,0.6325,1,-1,-1
1310,401,1371.68,193.95,14.46,32.22,0.2958,1,-1,-1
1310,403,1157.80,347.05,29.58,77.73,0.1907,1,-1,-1
1310,444,1392.90,192.62,17.12,33.97,0.3942,1,-1,-1
1310,445,1232.76,370.87,30.74,64.14,0.6843,1,-1,-1
1310,455,36.66,317.06,20.13,48.98,0.4244,1,-1,-1
1310,457,58.36,307.08,25.06,54.03,0.5689,1,-1,-1
1310,451,789.48,361.80,99.58,40.87,0.5823,4,-1,-1
1310,450,159.17,297.98,23.62,49.71,0.5419,1,-1,-1
1311,283,1019.80,331.52,27.01,60.63,0.6522,1,-1,-1
1311,401,1372.35,195.25,13.92,31.07,0.3074,1,-1,-1
1311,444,1393.58,193.19,17.21,33.81,0.5078,1,-1,-1
1311,445,1234.79,370.86,31.41,64.29,0.7225,1,-1,-1
1311,455,32.85,315.61,21.04,50.88,0.1422,1,-1,-1
1311,457,57.09,306.86,25.02,54.09,0.6067,1,-1,-1
1311,451,789.04,362.37,99.77,41.07,0.6697,4,-1,-1
1311,450,159.18,297.72,23.59,50.21,0.5670,1,-1,-1
1312,283,1019.78,332.19,27.05,60.82,0.6628,1,-1,-1
1312,401,1372.64,195.80,13.68,30.65,0.2983,1,-1,-1
1312,444,1394.90,193.31,17.07,33.49,0.4688,1,-1,-1
1312,445,1235.59,371.31,31.85,64.04,0.7066,1,-1,-1
1312,455,30.54,314.87,21.84,52.02,0.2108,1,-1,-1
1312,457,55.44,306.92,25.28,54.45,0.6086,1,-1,-1
1312,451,788.51,362.77,99.46,41.09,0.6984,4,-1,-1
1312,450,159.16,297.50,24.05,51.61,0.5670,1,-1,-1
1313,283,1020.33,332.89,27.36,61.16,0.6628,1,-1,-1
1313,401,1373.19,196.30,13.65,30.63,0.5448,1,-1,-1
1313,444,1396.14,193.53,16.70,32.88,0.5078,1,-1,-1
1313,445,1236.80,372.33,31.80,63.62,0.7513,1,-1,-1
1313,455,29.56,315.46,22.25,51.98,0.2790,1,-1,-1
1313,457,54.15,306.84,25.38,54.75,0.6540,1,-1,-1
1313,451,788.25,363.57,99.62,41.27,0.6851,4,-1,-1
1313,450,159.60,297.50,24.60,53.08,0.6215,1,-1,-1
1314,283,1021.03,333.30,27.72,61.45,0.6593,1,-1,-1
1314,401,1373.86,195.92,14.02,31.20,0.5651,1,-1,-1
1314,444,1396.91,193.40,16.82,33.31,0.5593,1,-1,-1
1314,445,1238.05,374.35,31.23,62.25,0.7585,1,-1,-1
1314,455,28.22,315.96,22.25,51.56,0.2689,1,-1,-1
1314,457,53.61,308.04,24.85,53.61,0.6343,1,-1,-1
1314,451,787.77,364.04,100.52,41.75,0.6817,4,-1,-1
1314,450,159.72,298.27,23.89,52.12,0.6766,1,-1,-1
1315,283,1022.00,334.44,27.61,60.23,0.6976,1,-1,-1
1315,401,1374.35,195.93,14.21,31.32,0.5438,1,-1,-1
1315,444,1397.64,193.29,16.98,33.77,0.5689,1,-1,-1
1315,445,1238.87,375.13,31.47,62.20,0.7469,1,-1,-1
1315,455,26.46,315.91,22.46,51.99,0.3260,1,-1,-1
1315,457,52.99,308.10,24.82,53.69,0.6215,1,-1,-1
1315,451,787.36,364.33,101.45,42.29,0.5993,4,-1,-1
1315,450,159.86,298.82,23.97,52.85,0.6451,1,-1,-1
1316,283,1022.37,335.23,27.65,59.53,0.6926,1,-1,-1
1316,401,1374.90,195.30,14.69,32.09,0.5708,1,-1,-1
1316,444,1398.21,193.03,17.12,34.16,0.5765,1,-1,-1
1316,445,1240.73,375.46,31.75,61.96,0.6766,1,-1,-1
1316,455,27.29,315.76,22.81,52.75,0.2934,1,-1,-1
1316,457,51.09,308.57,25.12,54.27,0.5166,1,-1,-1
1316,451,787.13,364.57,102.22,42.75,0.3998,4,-1,-1
1316,450,159.88,298.52,24.05,53.63,0.5917,1,-1,-1
1317,283,1021.75,335.27,28.68,60.75,0.7066,1,-1,-1
1317,401,1375.22,195.06,15.07,32.63,0.5823,1,-1,-1
1317,444,1398.72,192.73,17.14,34.28,0.5631,1,-1,-1
1317,445,1242.63,376.50,31.22,60.55,0.6800,1,-1,-1
1317,455,28.51,314.01,23.72,54.98,0.3132,1,-1,-1
1317,457,49.45,308.68,25.40,54.73,0.4542,1,-1,-1
1317,451,787.20,364.94,101.78,42.70,0.2942,4,-1,-1
1317,450,159.56,298.76,24.14,54.32,0.6433,1,-1,-1
1318,283,1021.58,335.07,29.15,61.16,0.7066,1,-1,-1
1318,401,1375.86,194.65,15.16,32.88,0.6325,1,-1,-1
1318,444,1399.52,193.63,16.50,33.21,0.5554,1,-1,-1
1318,445,1245.19,377.22,30.87,59.89,0.7033,1,-1,-1
1318,455,28.14,315.59,23.18,54.12,0.2295,1,-1,-1
1318,457,46.92,308.87,25.63,54.95,0.4610,1,-1,-1
1318,451,788.51,365.31,102.10,42.86,0.3381,4,-1,-1
1318,450,159.66,298.03,24.84,56.21,0.5263,1,-1,-1
1319,283,1021.48,335.22,29.47,61.33,0.6968,1,-1,-1
1319,401,1376.80,194.65,15.04,32.63,0.6415,1,-1,-1
1319,444,1399.91,193.20,16.79,33.81,0.5506,1,-1,-1
1319,445,1246.76,376.72,31.07,60.09,0.7098,1,-1,-1
1319,455,27.83,314.55,22.97,53.81,0.3803,1,-1,-1
1319,457,43.71,308.42,26.18,55.98,0.5545,1,-1,-1
1319,451,788.70,365.66,102.75,43.11,0.4158,4,-1,-1
1319,450,159.08,298.46,25.02,57.10,0.4407,1,-1,-1
1320,283,1021.57,335.50,29.88,61.67,0.6984,1,-1,-1
1320,401,1377.43,195.45,14.64,31.76,0.6540,1,-1,-1
1320,444,1400.50,193.34,16.83,33.78,0.5380,1,-1,-1
1320,445,1246.53,375.23,31.69,61.34,0.7050,1,-1,-1
1320,455,27.46,315.35,22.47,52.70,0.4254,1,-1,-1
1320,457,42.53,309.05,26.23,55.78,0.5641,1,-1,-1
1320,451,788.66,365.91,103.09,43.22,0.3558,4,-1,-1
1320,450,159.36,299.86,24.51,56.27,0.3895,1,-1,-1
1320,403,1174.84,345.40,30.18,79.17,0.5983,1,-1,-1
1321,283,1022.04,336.25,29.95,61.53,0.7114,1,-1,-1
1321,401,1377.46,195.64,14.91,32.38,0.5842,1,-1,-1
1321,444,1401.36,193.42,17.08,34.22,0.5670,1,-1,-1
1321,445,1247.75,375.16,31.76,61.61,0.6993,1,-1,-1
1321,455,27.47,313.36,23.37,54.56,0.4785,1,-1,-1
1321,457,42.67,309.99,25.82,55.14,0.5516,1,-1,-1
1321,451,787.90,366.47,102.46,42.89,0.4158,4,-1,-1
1321,450,162.38,303.13,23.94,53.71,0.2024,1,-1,-1
1321,403,1176.92,346.06,29.19,76.98,0.5718,1,-1,-1
1322,283,1022.51,336.73,30.25,61.93,0.6918,1,-1,-1
1322,401,1377.70,195.34,15.17,32.90,0.4854,1,-1,-1
1322,444,1401.58,193.39,17.39,34.78,0.5254,1,-1,-1
1322,445,1248.19,375.14,31.99,61.95,0.7138,1,-1,-1
1322,455,26.71,311.72,23.93,55.73,0.4863,1,-1,-1
1322,457,42.65,310.66,25.59,54.91,0.5496,1,-1,-1
1322,451,787.09,366.64,102.97,43.06,0.3320,4,-1,-1
1322,450,164.76,303.39,24.37,53.88,0.3268,1,-1,-1
1322,403,1178.77,346.05,28.80,76.56,0.2444,1,-1,-1
1323,283,1022.86,336.65,30.81,62.75,0.7098,1,-1,-1
1323,401,1377.96,194.21,15.83,34.31,0.5185,1,-1,-1
1323,444,1401.87,193.04,17.74,35.34,0.5117,1,-1,-1
1323,445,1248.49,374.86,32.90,63.24,0.7058,1,-1,-1
1323,455,25.31,311.30,24.53,57.04,0.4523,1,-1,-1
1323,457,40.55,309.93,26.39,56.49,0.5545,1,-1,-1
1323,451,786.41,366.78,103.59,43.28,0.4036,4,-1,-1
1323,450,165.31,301.59,25.18,55.33,0.2494,1,-1,-1
1323,403,1180.58,346.00,28.56,76.16,0.6316,1,-1,-1
1324,283,1023.32,337.99,30.62,61.67,0.6749,1,-1,-1
1324,401,1378.78,194.65,15.88,34.30,0.4659,1,-1,-1
1324,444,1402.36,192.79,17.96,35.61,0.4600,1,-1,-1
1324,445,1248.92,373.90,34.42,65.49,0.7025,1,-1,-1
1324,455,23.15,312.48,24.51,56.74,0.4961,1,-1,-1
1324,457,37.92,310.41,26.50,56.27,0.5293,1,-1,-1
1324,451,786.30,367.48,103.63,43.17,0.6723,4,-1,-1
1324,450,164.60,300.47,25.92,57.29,0.4562,1,-1,-1
1324,403,1182.88,346.56,28.31,75.83,0.6645,1,-1,-1
1325,283,1023.77,340.63,29.91,59.59,0.6885,1,-1,-1
1325,401,1379.32,194.62,15.95,34.45,0.4912,1,-1,-1
1325,444,1402.74,193.11,17.85,35.19,0.4111,1,-1,-1
1325,445,1252.69,374.16,34.08,65.28,0.6105,1,-1,-1
1325,455,21.53,313.11,24.45,56.61,0.4717,1,-1,-1
1325,457,36.42,310.62,26.62,56.40,0.4282,1,-1,-1
1325,451,786.21,368.01,103.57,43.00,0.7122,4,-1,-1
1325,450,163.28,299.61,26.75,60.21,0.4902,1,-1,-1
1325,403,1184.01,346.77,28.15,75.76,0.6575,1,-1,-1
1326,283,1023.95,342.54,29.76,58.71,0.6593,1,-1,-1
1326,401,1379.82,195.20,15.59,33.76,0.4455,1,-1,-1
1326,444,1403.56,193.17,17.77,34.74,0.4273,1,-1,-1
1326,445,1254.12,374.84,34.14,65.86,0.1801,1,-1,-1
1326,455,19.57,312.53,24.93,58.32,0.5156,1,-1,-1
1326,457,34.86,310.30,26.78,56.70,0.4187,1,-1,-1
1326,451,785.82,368.58,103.97,43.07,0.6960,4,-1,-1
1326,450,161.54,298.83,26.73,61.13,0.4659,1,-1,-1
1326,403,1185.01,347.05,27.99,75.71,0.4321,1,-1,-1
1327,283,1023.87,342.75,30.24,59.21,0.6749,1,-1,-1
1327,401,1380.45,195.87,15.33,33.30,0.4688,1,-1,-1
1327,444,1404.01,193.10,17.77,34.44,0.4776,1,-1,-1
1327,445,1254.69,376.05,33.96,65.83,0.5670,1,-1,-1
1327,455,18.61,312.21,25.11,59.04,0.5458,1,-1,-1
1327,457,34.00,310.97,26.48,56.26,0.4036,1,-1,-1
1327,451,785.71,368.77,104.91,43.40,0.6809,4,-1,-1
1327,450,161.14,298.28,26.51,61.60,0.5574,1,-1,-1
1327,403,1185.33,346.42,28.26,76.41,0.4340,1,-1,-1
1328,283,1023.73,342.76,30.80,59.96,0.6766,1,-1,-1
1328,401,1381.73,195.93,15.01,32.77,0.4552,1,-1,-1
1328,444,1404.83,193.45,17.54,33.66,0.4766,1,-1,-1
1328,445,1252.90,376.76,34.72,66.68,0.6935,1,-1,-1
1328,455,17.17,313.62,24.40,57.84,0.5823,1,-1,-1
1328,457,32.78,312.26,25.88,55.03,0.5467,1,-1,-1
1328,451,784.73,369.64,105.11,43.65,0.5708,4,-1,-1
1328,450,162.46,299.26,25.48,59.88,0.5370,1,-1,-1
1328,403,1186.13,346.10,28.50,76.71,0.5535,1,-1,-1
1329,283,1023.79,343.26,31.24,60.50,0.7001,1,-1,-1
1329,401,1382.73,196.04,14.60,32.03,0.4815,1,-1,-1
1329,444,1406.45,194.24,17.37,33.16,0.3895,1,-1,-1
1329,445,1254.24,377.91,34.60,66.86,0.7194,1,-1,-1
1329,455,16.01,313.82,24.22,57.59,0.5574,1,-1,-1
1329,457,30.86,311.89,26.34,56.25,0.5651,1,-1,-1
1329,451,785.05,370.62,103.33,42.99,0.3469,4,-1,-1
1329,450,164.80,300.32,24.56,57.90,0.5974,1,-1,-1
1329,403,1187.17,345.50,28.79,77.35,0.6680,1,-1,-1
1330,283,1023.41,342.39,32.18,62.24,0.7225,1,-1,-1
1330,401,1383.42,196.62,14.15,31.20,0.4235,1,-1,-1
1330,444,1407.14,194.51,17.44,33.11,0.3711,1,-1,-1
1330,445,1254.21,379.06,34.53,66.29,0.7303,1,-1,-1
1330,455,15.27,313.89,24.13,57.60,0.5936,1,-1,-1
1330,457,30.57,312.33,26.17,56.16,0.5936,1,-1,-1
1330,451,784.92,371.36,102.21,42.62,0.4340,4,-1,-1
1330,450,166.41,301.02,23.82,56.09,0.6160,1,-1,-1
1330,403,1187.74,345.03,28.90,77.52,0.6558,1,-1,-1
1331,283,1023.10,341.38,33.02,63.87,0.7098,1,-1,-1
1331,401,1383.92,196.89,13.80,30.58,0.4737,1,-1,-1
1331,444,1407.66,194.53,17.56,33.22,0.3979,1,-1,-1
1331,445,1253.04,379.48,35.10,66.14,0.7318,1,-1,-1
1331,455,13.86,313.42,24.45,58.70,0.5370,1,-1,-1
1331,457,29.99,312.91,26.19,56.45,0.5746,1,-1,-1
1331,451,785.32,372.22,100.02,41.72,0.5593,4,-1,-1
1331,450,167.04,301.53,24.15,56.79,0.6049,1,-1,-1
1331,403,1188.29,345.17,28.78,77.01,0.5879,1,-1,-1
1332,283,1022.99,340.60,33.47,64.77,0.7272,1,-1,-1
1332,401,1384.34,196.91,13.63,30.37,0.4026,1,-1,-1
1332,444,1408.18,194.33,17.65,33.39,0.4187,1,-1,-1
1332,445,1250.02,379.40,36.70,66.84,0.6558,1,-1,-1
1332,455,12.98,312.90,24.61,59.50,0.5651,1,-1,-1
1332,457,29.42,312.74,26.28,56.99,0.5804,1,-1,-1
1332,451,784.89,372.72,100.61,42.10,0.5554,4,-1,-1
1332,450,166.86,301.85,24.39,57.36,0.6105,1,-1,-1
1332,403,1188.70,345.45,28.75,76.83,0.5879,1,-1,-1
1333,283,1022.61,340.53,33.80,65.46,0.7334,1,-1,-1
1333,401,1384.30,197.07,13.72,30.61,0.4562,1,-1,-1
1333,444,1408.69,194.56,17.45,33.16,0.4369,1,-1,-1
1333,445,1249.94,379.96,37.31,66.59,0.7656,1,-1,-1
1333,455,12.34,315.46,23.57,56.73,0.5955,1,-1,-1
1333,457,28.54,313.19,26.18,56.63,0.4980,1,-1,-1
1333,451,784.40,373.11,101.25,42.54,0.5765,4,-1,-1
1333,450,166.80,302.38,23.82,56.14,0.5993,1,-1,-1
1333,403,1189.32,346.98,28.05,74.49,0.6030,1,-1,-1
1334,283,1022.53,340.77,33.61,65.35,0.7318,1,-1,-1
1334,401,1385.10,196.66,13.99,31.13,0.5341,1,-1,-1
1334,444,1409.17,195.05,17.17,32.78,0.4834,1,-1,-1
1334,445,1248.15,380.55,38.06,66.01,0.7860,1,-1,-1
1334,455,11.56,315.92,23.45,56.12,0.5487,1,-1,-1
1334,457,27.68,313.20,26.06,56.44,0.4727,1,-1,-1
1334,451,784.14,373.23,101.49,42.80,0.5879,4,-1,-1
1334,450,166.83,302.63,23.52,55.69,0.6011,1,-1,-1
1334,403,1190.05,348.00,28.07,74.07,0.5955,1,-1,-1
1335,283,1022.59,341.29,33.34,65.10,0.7194,1,-1,-1
1335,401,1385.58,196.81,14.11,31.30,0.5631,1,-1,-1
1335,444,1409.33,195.33,17.08,32.71,0.5146,1,-1,-1
1335,445,1248.09,381.10,38.24,65.18,0.7656,1,-1,-1
1335,455,10.83,316.67,23.15,55.40,0.5487,1,-1,-1
1335,457,27.10,313.62,25.82,56.06,0.3979,1,-1,-1
1335,451,784.46,373.34,100.81,42.63,0.6011,4,-1,-1
1335,450,166.90,302.90,23.18,55.39,0.6160,1,-1,-1
1335,403,1191.79,349.91,27.54,72.37,0.6160,1,-1,-1
1336,283,1022.45,341.57,33.31,65.14,0.7272,1,-1,-1
1336,401,1386.12,196.11,14.51,32.05,0.5746,1,-1,-1
1336,444,1409.38,194.80,17.40,33.53,0.5879,1,-1,-1
1336,445,1245.78,381.12,38.55,64.19,0.6715,1,-1,-1
1336,455,9.56,316.94,22.88,55.13,0.5525,1,-1,-1
1336,457,25.51,313.73,25.90,56.20,0.3775,1,-1,-1
1336,451,783.73,373.53,102.11,43.29,0.5746,4,-1,-1
1336,450,168.02,302.51,23.02,55.33,0.5651,1,-1,-1
1336,403,1192.62,348.77,28.26,74.00,0.5804,1,-1,-1
1337,283,1022.57,341.79,33.35,65.30,0.7349,1,-1,-1
1337,401,1386.39,195.79,14.61,32.24,0.5898,1,-1,-1
1337,444,1409.60,194.68,17.37,33.60,0.5612,1,-1,-1
1337,445,1243.97,381.25,38.54,63.25,0.6540,1,-1,-1
1337,455,8.69,317.85,22.26,54.02,0.5612,1,-1,-1
1337,457,24.97,314.31,25.63,55.49,0.3923,1,-1,-1
1337,451,783.55,373.62,102.33,43.49,0.5727,4,-1,-1
1337,450,169.16,301.80,23.37,56.60,0.5068,1,-1,-1
1337,403,1193.37,348.66,28.27,74.22,0.6105,1,-1,-1
1338,283,1022.95,342.02,33.32,65.31,0.7379,1,-1,-1
1338,401,1386.78,195.66,14.53,32.08,0.6049,1,-1,-1
1338,444,1409.85,194.84,17.20,33.39,0.5496,1,-1,-1
1338,445,1242.29,381.70,37.62,62.38,0.6593,1,-1,-1
1338,455,8.14,318.95,21.65,52.93,0.5689,1,-1,-1
1338,457,24.46,315.65,25.22,54.58,0.4083,1,-1,-1
1338,451,783.55,373.74,102.11,43.48,0.5765,4,-1,-1
1338,450,171.10,300.84,23.33,57.10,0.2886,1,-1,-1
1338,403,1193.73,349.08,27.96,73.50,0.5312,1,-1,-1
1339,283,1023.26,342.12,33.39,65.48,0.7424,1,-1,-1
1339,401,1387.41,195.45,14.56,32.21,0.6123,1,-1,-1
1339,444,1409.89,194.32,17.23,33.61,0.5224,1,-1,-1
1339,445,1239.38,382.14,36.89,61.71,0.6388,1,-1,-1
1339,455,7.80,319.89,21.21,52.10,0.5746,1,-1,-1
1339,457,24.88,317.84,24.36,52.62,0.4149,1,-1,-1
1339,451,783.59,373.82,101.71,43.37,0.5137,4,-1,-1
1339,403,1194.61,348.70,28.15,73.91,0.4649,1,-1,-1
1340,283,1023.38,342.13,33.36,65.67,0.7287,1,-1,-1
1340,401,1387.86,195.94,14.40,31.91,0.6593,1,-1,-1
1340,444,1410.46,194.84,16.78,32.85,0.5477,1,-1,-1
1340,445,1237.89,380.75,37.13,62.68,0.6487,1,-1,-1
1340,455,7.59,320.63,20.87,51.41,0.5708,1,-1,-1
1340,457,25.05,319.31,23.84,51.37,0.4045,1,-1,-1
1340,451,783.50,373.82,101.79,43.49,0.4639,4,-1,-1
1340,403,1195.20,348.27,28.36,74.27,0.3693,1,-1,-1
1341,283,1023.56,342.36,32.92,65.20,0.7162,1,-1,-1
1341,401,1388.25,196.09,14.34,31.83,0.6610,1,-1,-1
1341,444,1410.80,194.79,16.74,32.96,0.5670,1,-1,-1
1341,445,1238.18,380.04,36.42,62.29,0.7439,1,-1,-1
1341,455,7.42,320.88,20.83,51.36,0.5727,1,-1,-1
1341,457,25.18,320.10,23.57,50.71,0.4273,1,-1,-1
1341,451,783.89,373.93,101.18,43.26,0.5936,4,-1,-1
1341,403,1196.58,347.97,28.38,74.39,0.3585,1,-1,-1
1342,283,1023.52,342.53,32.34,64.73,0.6935,1,-1,-1
1342,401,1388.46,195.70,14.44,32.12,0.6593,1,-1,-1
1342,444,1411.31,194.98,16.50,32.66,0.5516,1,-1,-1
1342,445,1237.91,379.72,36.27,62.65,0.7585,1,-1,-1
1342,455,7.26,320.77,21.00,51.83,0.5708,1,-1,-1
1342,457,25.29,320.91,23.26,49.95,0.4369,1,-1,-1
1342,451,784.17,374.04,100.91,43.16,0.6361,4,-1,-1
1342,403,1197.69,347.65,28.35,74.62,0.2983,1,-1,-1
1343,283,1023.68,342.54,31.80,64.36,0.6901,1,-1,-1
1343,401,1388.88,196.03,14.09,31.48,0.6558,1,-1,-1
1343,444,1412.68,194.61,16.28,32.40,0.5917,1,-1,-1
1343,445,1236.86,379.66,36.62,63.38,0.8111,1,-1,-1
1343,455,7.31,320.88,21.00,51.91,0.5746,1,-1,-1
1343,457,25.55,321.54,23.05,49.38,0.4542,1,-1,-1
1343,451,786.80,374.60,98.93,41.96,0.7138,4,-1,-1
1343,403,1199.11,346.83,28.30,75.17,0.2926,1,-1,-1
1344,283,1023.97,342.50,31.27,64.14,0.6868,1,-1,-1
1344,401,1389.50,195.94,13.91,31.03,0.5765,1,-1,-1
1344,444,1413.72,194.53,16.46,32.88,0.5993,1,-1,-1
1344,445,1235.12,380.24,36.44,63.86,0.7988,1,-1,-1
1344,455,7.28,319.15,21.75,53.80,0.5842,1,-1,-1
1344,457,25.49,319.56,23.96,51.43,0.4216,1,-1,-1
1344,451,787.61,374.65,99.50,41.93,0.7773,4,-1,-1
1344,403,1200.34,347.38,27.77,74.09,0.4064,1,-1,-1
1344,467,224.12,304.22,23.16,46.94,0.5955,1,-1,-1
1345,283,1024.05,342.30,30.95,64.03,0.6910,1,-1,-1
1345,401,1389.88,195.87,14.01,31.13,0.5593,1,-1,-1
1345,444,1414.18,194.36,16.65,33.36,0.5955,1,-1,-1
1345,445,1234.39,380.80,36.02,63.76,0.7846,1,-1,-1
1345,455,7.74,319.67,21.61,53.41,0.5860,1,-1,-1
1345,457,25.48,318.59,24.37,52.38,0.4446,1,-1,-1
1345,451,787.92,374.60,99.81,41.85,0.7746,4,-1,-1
1345,403,1201.20,347.69,27.19,72.59,0.2561,1,-1,-1
1345,467,224.65,304.13,23.19,47.04,0.4912,1,-1,-1
1346,283,1024.74,342.59,30.49,63.60,0.6876,1,-1,-1
1346,401,1390.74,195.80,14.26,31.63,0.6142,1,-1,-1
1346,444,1414.93,194.84,16.37,32.72,0.5612,1,-1,-1
1346,445,1234.03,381.66,35.22,63.00,0.6943,1,-1,-1
1346,455,8.21,318.85,22.00,54.26,0.6030,1,-1,-1
1346,457,26.15,318.08,24.35,52.47,0.4542,1,-1,-1
1346,451,788.41,374.37,99.59,41.62,0.7402,4,-1,-1
1346,403,1203.06,346.76,26.04,69.44,0.3363,1,-1,-1
1346,467,227.18,304.93,22.78,46.30,0.3469,1,-1,-1
1347,283,1025.88,342.39,30.28,63.94,0.7130,1,-1,-1
1347,401,1391.16,195.50,14.45,32.03,0.6179,1,-1,-1
1347,444,1415.39,195.15,16.15,32.12,0.5419,1,-1,-1
1347,445,1233.25,381.77,33.43,60.86,0.6505,1,-1,-1
1347,455,9.17,318.18,22.43,54.79,0.6142,1,-1,-1
1347,457,26.69,316.27,24.91,53.87,0.4659,1,-1,-1
1347,451,788.68,374.11,99.19,41.35,0.7074,4,-1,-1
1347,403,1204.00,347.03,26.32,70.21,0.2531,1,-1,-1
1347,467,229.14,303.89,22.96,46.87,0.5631,1,-1,-1
1348,283,1027.38,341.75,29.92,63.80,0.7364,1,-1,-1
1348,401,1392.40,196.11,14.19,31.60,0.5879,1,-1,-1
1348,444,1415.86,194.79,16.19,32.18,0.5651,1,-1,-1
1348,445,1230.83,380.52,33.01,61.82,0.6160,1,-1,-1
1348,455,10.57,317.49,22.88,54.95,0.6105,1,-1,-1
1348,457,27.77,314.87,25.26,54.91,0.5244,1,-1,-1
1348,451,789.27,374.22,101.02,42.01,0.7122,4,-1,-1
1348,403,1204.64,347.61,26.41,70.53,0.3024,1,-1,-1
1348,467,232.67,302.73,23.14,47.68,0.4465,1,-1,-1
1348,469,1345.59,192.52,13.29,30.60,0.4766,1,-1,-1
1349,283,1028.77,341.87,29.38,63.08,0.7256,1,-1,-1
1349,401,1393.40,195.72,14.22,31.76,0.5341,1,-1,-1
1349,444,1416.85,193.83,16.79,33.23,0.4951,1,-1,-1
1349,445,1228.60,379.38,32.90,63.13,0.5146,1,-1,-1
1349,455,11.33,317.40,23.22,55.25,0.6123,1,-1,-1
1349,457,28.53,313.87,25.73,56.13,0.5525,1,-1,-1
1349,451,789.76,374.28,101.76,42.21,0.6843,4,-1,-1
1349,403,1204.64,347.96,26.31,69.88,0.3007,1,-1,-1
1349,467,236.05,300.86,23.50,48.54,0.4311,1,-1,-1
1349,469,1346.17,190.77,13.88,31.97,0.4844,1,-1,-1
1350,283,1029.60,341.86,29.21,63.15,0.7114,1,-1,-1
1350,401,1394.39,195.62,14.09,31.53,0.5244,1,-1,-1
1350,444,1417.37,193.20,17.11,33.82,0.5419,1,-1,-1
1350,445,1225.87,376.51,33.87,66.05,0.6188,1,-1,-1
1350,455,11.70,317.85,23.24,54.88,0.6049,1,-1,-1
1350,457,29.15,313.64,25.81,56.44,0.5448,1,-1,-1
1350,451,790.28,374.39,101.74,42.07,0.6943,4,-1,-1
1350,403,1204.19,347.57,26.33,69.34,0.5098,1,-1,-1
1350,467,238.13,300.32,23.56,48.72,0.3049,1,-1,-1
1350,469,1346.63,190.28,14.00,32.28,0.5000,1,-1,-1
1350,470,1440.63,218.12,25.62,42.80,0.5535,1,-1,-1
1351,283,1030.66,342.45,29.12,63.32,0.6540,1,-1,-1
1351,401,1395.53,193.76,14.54,32.68,0.4244,1,-1,-1
1351,444,1419.62,193.08,17.04,33.72,0.4922,1,-1,-1
1351,445,1223.68,374.07,34.48,67.96,0.6593,1,-1,-1
1351,455,12.35,317.96,23.39,55.17,0.6123,1,-1,-1
1351,457,29.27,312.02,26.37,57.95,0.6307,1,-1,-1
1351,451,791.26,374.12,101.16,41.66,0.7356,4,-1,-1
1351,403,1204.21,347.41,26.55,68.91,0.5390,1,-1,-1
1351,467,242.22,300.05,24.09,49.68,0.3260,2,-1,-1
1351,469,1347.83,190.80,13.73,31.74,0.2822,1,-1,-1
1351,470,1442.60,219.18,24.30,40.63,0.4273,1,-1,-1
1352,283,1031.43,342.48,29.13,63.42,0.6645,1,-1,-1
1352,401,1396.10,193.10,14.91,33.59,0.4388,1,-1,-1
1352,444,1420.85,192.97,16.91,33.41,0.4600,1,-1,-1
1352,445,1222.34,373.24,34.12,67.67,0.6918,1,-1,-1
1352,455,12.72,317.54,23.66,55.88,0.6123,1,-1,-1
1352,457,29.56,311.41,26.47,58.40,0.6610,1,-1,-1
1352,451,791.29,374.14,100.89,41.42,0.7326,4,-1,-1
1352,403,1203.85,346.82,26.93,69.28,0.5737,1,-1,-1
1352,467,245.53,300.22,24.47,50.01,0.5351,1,-1,-1
1352,469,1348.55,191.96,13.26,30.67,0.2268,1,-1,-1
1352,470,1444.92,218.75,25.84,43.48,0.2031,1,-1,-1
1353,283,1032.29,342.63,29.14,63.51,0.6540,1,-1,-1
1353,401,1397.35,193.95,14.61,32.82,0.5708,1,-1,-1
1353,444,1421.55,192.93,17.01,33.72,0.5341,1,-1,-1
1353,445,1220.25,372.54,33.53,67.06,0.6645,1,-1,-1
1353,455,13.53,316.58,23.70,56.23,0.5860,1,-1,-1
1353,457,30.18,311.08,26.42,58.51,0.6397,1,-1,-1
1353,451,791.76,374.24,101.93,41.66,0.7718,4,-1,-1
1353,403,1203.13,346.60,26.36,67.39,0.4158,1,-1,-1
1353,467,249.06,300.07,23.72,48.12,0.5670,1,-1,-1
1353,469,1349.00,192.83,12.97,29.98,0.2351,1,-1,-1
1353,470,1447.17,218.62,25.70,43.69,0.1352,1,-1,-1
1354,283,1033.09,343.36,28.74,62.65,0.6575,1,-1,-1
1354,401,1398.30,194.60,14.21,31.84,0.5631,1,-1,-1
1354,444,1422.80,193.53,16.65,33.10,0.5273,1,-1,-1
1354,445,1218.74,372.49,33.61,67.50,0.6766,1,-1,-1
1354,455,14.34,316.68,23.56,56.07,0.5448,1,-1,-1
1354,457,30.44,309.56,26.80,59.51,0.6215,1,-1,-1
1354,451,792.14,374.19,103.39,42.12,0.7827,4,-1,-1
1354,403,1202.03,346.39,27.12,68.77,0.4263,1,-1,-1
1354,467,252.53,300.35,24.04,48.16,0.4465,1,-1,-1
1354,469,1350.20,194.04,12.63,29.07,0.3320,1,-1,-1
1354,470,1442.73,221.32,27.80,47.34,0.4883,1,-1,-1
1355,283,1033.74,342.68,29.03,63.30,0.6697,1,-1,-1
1355,401,1399.06,195.12,13.98,31.24,0.5823,1,-1,-1
1355,444,1423.59,193.96,16.22,32.30,0.5535,1,-1,-1
1355,445,1218.35,373.81,32.79,66.43,0.6215,1,-1,-1
1355,455,15.26,317.14,23.08,55.00,0.5784,1,-1,-1
1355,457,30.84,308.81,26.82,59.64,0.6197,1,-1,-1
1355,451,792.56,374.10,103.57,42.05,0.7705,4,-1,-1
1355,403,1201.22,345.96,27.85,70.01,0.4746,1,-1,-1
1355,467,254.83,300.45,22.90,45.76,0.4292,1,-1,-1
1355,469,1350.90,193.67,12.68,29.15,0.3648,1,-1,-1
1355,470,1441.80,221.58,28.14,48.02,0.4330,1,-1,-1
1356,283,1034.27,342.42,29.27,63.43,0.6567,1,-1,-1
1356,401,1400.02,194.79,14.23,31.66,0.5574,1,-1,-1
1356,444,1424.42,194.22,16.17,32.27,0.5689,1,-1,-1
1356,445,1215.75,374.13,32.61,66.05,0.6783,1,-1,-1
1356,455,15.62,316.99,23.11,55.34,0.6433,1,-1,-1
1356,457,31.26,308.37,26.91,60.04,0.6415,1,-1,-1
1356,451,791.57,373.50,105.03,42.82,0.6834,4,-1,-1
1356,403,1200.56,345.87,28.82,71.53,0.5156,1,-1,-1
1356,467,257.82,301.10,23.86,47.93,0.5390,1,-1,-1
1356,469,1352.08,193.94,12.54,28.75,0.2790,1,-1,-1
1356,470,1442.26,221.89,28.16,48.29,0.2012,1,-1,-1
1356,474,206.95,301.47,22.65,49.60,0.6415,1,-1,-1
1357,283,1034.86,342.21,29.65,63.79,0.6584,1,-1,-1
1357,401,1400.85,193.97,14.46,32.12,0.5535,1,-1,-1
1357,444,1424.95,194.13,16.15,32.21,0.5804,1,-1,-1
1357,445,1213.87,374.54,32.07,65.07,0.6851,1,-1,-1
1357,455,15.87,316.84,23.05,55.46,0.6289,1,-1,-1
1357,457,31.39,308.04,26.92,60.27,0.6270,1,-1,-1
1357,451,791.57,373.13,105.22,43.10,0.6123,4,-1,-1
1357,403,1199.32,346.05,29.54,72.57,0.5068,1,-1,-1
1357,467,259.87,301.24,23.82,48.41,0.5409,1,-1,-1
1357,469,1352.78,193.76,12.59,28.81,0.2056,1,-1,-1
1357,470,1442.31,222.22,28.66,49.30,0.3132,1,-1,-1
1357,474,208.20,300.66,22.72,49.92,0.5993,1,-1,-1
1358,283,1035.31,342.09,29.96,64.08,0.6478,1,-1,-1
1358,401,1401.58,194.11,14.33,31.84,0.5429,1,-1,-1
1358,444,1425.46,194.21,16.27,32.47,0.5823,1,-1,-1
1358,445,1211.43,373.57,32.34,65.36,0.6505,1,-1,-1
1358,455,16.33,316.76,23.17,56.14,0.6289,1,-1,-1
1358,457,32.46,309.24,26.37,59.14,0.5593,1,-1,-1
1358,451,792.96,372.83,104.31,42.90,0.5917,4,-1,-1
1358,403,1198.91,348.09,27.82,68.76,0.4465,1,-1,-1
1358,467,263.17,301.18,23.31,48.03,0.4523,1,-1,-1
1358,469,1353.96,193.74,12.40,28.37,0.3149,1,-1,-1
1358,470,1444.36,220.84,27.76,48.19,0.2429,1,-1,-1
1358,474,210.35,298.43,23.71,52.30,0.5765,1,-1,-1
1359,283,1036.00,342.16,30.02,63.88,0.6316,1,-1,-1
1359,401,1402.26,193.60,14.24,31.74,0.5215,1,-1,-1
1359,444,1425.66,193.87,16.71,33.27,0.5429,1,-1,-1
1359,445,1207.20,372.58,33.83,66.51,0.6715,1,-1,-1
1359,455,17.61,316.75,22.77,55.57,0.6234,1,-1,-1
1359,457,33.16,308.90,26.66,60.33,0.4707,1,-1,-1
1359,451,795.13,372.72,102.02,42.03,0.6663,4,-1,-1
1359,467,266.91,302.00,22.67,47.03,0.5737,1,-1,-1
1359,469,1354.69,193.34,12.27,28.20,0.3433,1,-1,-1
1359,470,1446.21,222.64,26.01,45.79,0.2214,1,-1,-1
1359,474,213.98,299.76,22.99,51.04,0.6496,1,-1,-1
1360,283,1036.62,342.46,29.99,63.45,0.6442,1,-1,-1
1360,401,1402.83,193.92,14.16,31.60,0.5477,1,-1,-1
1360,444,1425.88,193.45,16.88,33.57,0.5708,1,-1,-1
1360,445,1205.59,372.36,34.72,66.75,0.6851,1,-1,-1
1360,455,18.44,316.25,22.72,55.83,0.6049,1,-1,-1
1360,457,35.12,310.32,25.63,58.14,0.4111,1,-1,-1
1360,451,796.47,372.66,100.68,41.49,0.6834,4,-1,-1
1360,467,269.38,302.79,21.95,45.89,0.5993,1,-1,-1
1360,469,1354.99,192.98,12.37,28.53,0.3639,1,-1,-1
1360,470,1447.01,224.11,25.07,44.53,0.2095,1,-1,-1
1360,474,216.51,299.96,22.76,50.95,0.6876,1,-1,-1
1361,283,1037.37,343.09,29.83,62.83,0.6460,1,-1,-1
1361,401,1403.47,194.38,14.28,31.91,0.5049,1,-1,-1
1361,444,1426.85,192.86,17.12,33.94,0.5127,1,-1,-1
1361,445,1204.31,373.82,34.22,64.43,0.7082,1,-1,-1
1361,455,19.99,317.18,22.23,54.57,0.6215,1,-1,-1
1361,457,35.59,309.66,25.93,59.06,0.4455,1,-1,-1
1361,451,797.81,372.49,98.75,40.60,0.7050,4,-1,-1
1361,467,272.17,302.17,22.31,46.63,0.5516,1,-1,-1
1361,469,1355.42,192.68,12.47,28.73,0.1259,1,-1,-1
1361,470,1447.83,224.63,25.19,44.76,0.1950,1,-1,-1
1361,474,220.53,299.62,23.43,52.29,0.7162,1,-1,-1
1362,283,1037.74,343.17,29.80,62.66,0.6334,1,-1,-1
1362,401,1404.29,194.52,14.23,31.85,0.4620,1,-1,-1
1362,444,1427.69,192.69,17.22,34.03,0.5039,1,-1,-1
1362,445,1203.30,374.38,33.84,62.81,0.7225,1,-1,-1
1362,455,21.04,317.29,22.25,54.42,0.6179,1,-1,-1
1362,457,37.90,310.11,25.36,57.80,0.3425,1,-1,-1
1362,451,797.88,372.37,99.35,40.82,0.7162,4,-1,-1
1362,467,275.05,301.82,22.29,46.76,0.4668,1,-1,-1
1362,470,1447.22,224.51,25.82,45.48,0.2379,1,-1,-1
1362,474,222.34,299.57,23.67,52.68,0.6732,1,-1,-1
1363,283,1037.95,343.26,29.90,62.84,0.6531,1,-1,-1
1363,401,1405.66,192.95,14.37,32.18,0.4083,1,-1,-1
1363,444,1428.61,192.05,17.40,34.37,0.5535,1,-1,-1
1363,445,1201.82,374.86,33.10,61.20,0.6197,1,-1,-1
1363,455,22.10,316.35,22.70,54.74,0.6379,1,-1,-1
1363,457,37.86,305.64,27.24,62.31,0.5641,1,-1,-1
1363,451,797.73,372.57,101.82,41.95,0.7210,4,-1,-1
1363,467,277.92,300.85,22.88,48.16,0.4206,1,-1,-1
1363,470,1449.58,230.56,23.35,40.26,0.1871,1,-1,-1
1363,474,224.51,299.50,23.72,52.62,0.5631,1,-1,-1
1364,283,1038.36,343.17,30.00,63.08,0.6860,1,-1,-1
1364,401,1407.06,191.23,14.77,33.05,0.3858,1,-1,-1
1364,444,1430.99,192.60,17.36,34.24,0.4951,1,-1,-1
1364,445,1199.12,371.64,34.06,63.99,0.6558,1,-1,-1
1364,455,23.42,316.57,22.76,54.66,0.6540,1,-1,-1
1364,457,38.18,304.38,27.95,63.92,0.6114,1,-1,-1
1364,451,799.02,372.67,101.12,41.72,0.7098,4,-1,-1
1364,467,282.25,299.35,23.92,49.62,0.4902,1,-1,-1
1364,470,1448.98,230.83,24.30,41.68,0.1023,1,-1,-1
1364,474,227.06,300.47,23.69,51.96,0.5936,1,-1,-1
1365,283,1038.75,343.39,29.80,62.81,0.6775,1,-1,-1
1365,401,1407.91,191.03,14.73,32.97,0.4111,1,-1,-1
1365,444,1432.13,193.04,17.06,33.52,0.5380,1,-1,-1
1365,445,1197.64,371.21,33.74,64.36,0.6918,1,-1,-1
1365,455,24.68,317.48,22.41,53.45,0.6901,1,-1,-1
1365,457,38.67,303.15,28.41,65.05,0.6243,1,-1,-1
1365,451,799.77,372.69,100.80,41.64,0.7001,4,-1,-1
1365,467,284.73,298.54,24.64,50.45,0.4834,1,-1,-1
1365,470,1449.51,227.26,26.51,45.61,0.1101,1,-1,-1
1365,474,229.84,301.06,23.85,51.34,0.7017,1,-1,-1
1366,283,1039.79,343.55,29.28,62.33,0.6558,1,-1,-1
1366,401,1408.72,191.68,14.46,32.36,0.4610,1,-1,-1
1366,444,1432.73,193.19,17.18,33.70,0.5860,1,-1,-1
1366,445,1195.12,370.19,33.66,65.87,0.6558,1,-1,-1
1366,455,25.49,316.42,22.86,54.44,0.6522,1,-1,-1
1366,457,41.16,307.00,26.82,61.37,0.6123,1,-1,-1
1366,451,799.96,372.79,102.36,42.44,0.5860,4,-1,-1
1366,467,288.45,298.77,24.64,49.80,0.3132,1,-1,-1
1366,470,1450.97,228.27,25.99,44.15,0.1456,1,-1,-1
1366,474,231.82,299.81,24.69,52.69,0.7303,1,-1,-1
1367,283,1040.29,343.74,28.80,61.92,0.6715,1,-1,-1
1367,401,1409.64,192.22,14.61,32.72,0.5458,1,-1,-1
1367,444,1433.46,192.99,17.25,33.85,0.6123,1,-1,-1
1367,445,1194.31,370.72,32.53,65.26,0.6628,1,-1,-1
1367,455,26.15,315.50,23.13,55.07,0.6270,1,-1,-1
1367,457,42.38,308.93,25.94,59.15,0.6123,1,-1,-1
1367,451,800.28,372.71,102.50,42.67,0.6011,4,-1,-1
1367,467,289.27,299.16,25.06,49.57,0.2509,2,-1,-1
1367,470,1452.23,231.88,23.93,40.16,0.1394,2,-1,-1
1367,474,233.29,299.60,25.08,53.04,0.7178,1,-1,-1
1367,478,1.10,316.33,13.70,64.19,0.5224,1,-1,-1
1367,479,786.74,280.54,14.11,44.18,0.5477,1,-1,-1
1368,283,1041.11,343.94,28.12,61.05,0.6800,1,-1,-1
1368,401,1410.64,193.36,14.31,32.23,0.5917,1,-1,-1
1368,444,1434.84,192.80,17.09,33.67,0.6197,1,-1,-1
1368,445,1193.32,370.01,31.81,65.45,0.6680,1,-1,-1
1368,455,27.20,316.08,22.80,54.37,0.6086,1,-1,-1
1368,457,43.19,309.64,25.59,58.22,0.6197,1,-1,-1
1368,451,801.51,372.67,100.61,41.91,0.6749,4,-1,-1
1368,467,293.83,299.43,24.33,48.59,0.2651,1,-1,-1
1368,470,1451.12,224.67,27.90,47.03,0.3090,1,-1,-1
1368,474,235.70,300.01,24.90,52.54,0.6783,1,-1,-1
1368,478,1.89,317.96,13.03,60.64,0.4932,1,-1,-1
1368,479,788.76,282.58,13.85,43.37,0.5351,1,-1,-1
1369,283,1041.76,343.27,27.96,61.32,0.6868,1,-1,-1
1369,401,1412.00,192.98,14.28,32.14,0.5049,1,-1,-1
1369,444,1435.61,192.45,17.35,34.30,0.6215,1,-1,-1
1369,445,1192.18,367.14,31.88,66.89,0.7225,1,-1,-1
1369,455,28.10,316.59,22.51,53.92,0.6397,1,-1,-1
1369,457,45.00,310.11,25.18,57.18,0.6179,1,-1,-1
1369,451,803.49,373.51,100.89,41.84,0.7122,4,-1,-1
1369,467,298.43,299.46,23.66,47.75,0.3585,1,-1,-1
1369,470,1452.35,226.07,27.33,45.92,0.1389,2,-1,-1
1369,474,238.61,299.70,24.49,52.07,0.6984,1,-1,-1
1369,478,2.70,319.45,12.80,58.77,0.5660,1,-1,-1
1369,479,790.89,284.72,13.38,41.71,0.1023,1,-1,-1
1370,283,1042.30,342.96,27.86,61.62,0.7066,1,-1,-1
1370,401,1412.81,192.07,14.50,32.61,0.5000,1,-1,-1
1370,444,1436.20,192.20,17.59,34.84,0.6325,1,-1,-1
1370,445,1191.27,364.75,32.18,68.50,0.7364,1,-1,-1
1370,455,29.37,316.91,22.23,53.34,0.6361,1,-1,-1
1370,457,46.45,310.59,25.08,56.89,0.4746,1,-1,-1
1370,451,804.00,373.63,101.93,42.11,0.7122,4,-1,-1
1370,467,301.50,299.83,23.09,47.24,0.4465,1,-1,-1
1370,470,1453.14,226.07,26.89,45.79,0.2659,1,-1,-1
1370,474,240.61,298.93,24.45,52.83,0.7017,1,-1,-1
1370,478,3.41,320.58,12.81,57.67,0.4776,1,-1,-1
1370,479,793.57,284.37,13.72,42.52,0.2337,1,-1,-1
1371,283,1042.60,342.91,27.83,61.98,0.7334,1,-1,-1
1371,401,1413.64,192.27,14.36,32.32,0.5254,1,-1,-1
1371,444,1437.34,192.77,17.44,34.57,0.6234,1,-1,-1
1371,445,1190.66,364.95,31.70,67.31,0.7739,1,-1,-1
1371,455,30.55,316.71,22.22,53.48,0.6270,1,-1,-1
1371,457,47.62,311.23,24.96,56.71,0.4844,1,-1,-1
1371,451,804.95,373.44,101.77,41.96,0.6671,4,-1,-1
1371,467,306.03,300.42,22.62,46.08,0.4446,1,-1,-1
1371,470,1455.54,231.56,24.56,41.00,0.1451,1,-1,-1
1371,474,242.95,298.56,24.30,53.28,0.6918,1,-1,-1
1371,478,4.15,321.00,13.10,57.22,0.5156,1,-1,-1
1371,479,795.64,283.51,13.68,41.94,0.1842,1,-1,-1
1372,283,1042.92,342.86,27.93,62.60,0.7303,1,-1,-1
1372,401,1414.14,192.02,14.40,32.48,0.5936,1,-1,-1
1372,444,1438.29,193.49,16.99,33.54,0.6270,1,-1,-1
1372,445,1189.68,365.14,31.48,66.18,0.7656,1,-1,-1
1372,455,31.39,316.18,22.36,53.93,0.6049,1,-1,-1
1372,457,47.70,310.46,25.31,57.45,0.4407,1,-1,-1
1372,451,809.19,372.85,93.17,38.09,0.6379,4,-1,-1
1372,467,308.38,299.89,23.07,46.97,0.3639,1,-1,-1
1372,470,1456.00,231.06,24.20,40.78,0.1968,1,-1,-1
1372,474,245.10,298.36,24.12,53.73,0.6951,1,-1,-1
1372,478,4.25,321.37,13.41,56.65,0.5545,1,-1,-1
1372,479,797.25,289.01,11.88,35.40,0.1156,1,-1,-1
1373,283,1043.60,343.14,27.62,62.24,0.7210,1,-1,-1
1373,401,1414.94,192.52,14.43,32.68,0.6123,1,-1,-1
1373,444,1439.10,193.32,16.92,33.41,0.5917,1,-1,-1
1373,445,1188.41,366.57,31.47,64.65,0.7033,1,-1,-1
1373,455,33.26,315.69,22.85,54.41,0.6433,1,-1,-1
1373,457,49.63,310.67,24.96,56.39,0.4426,1,-1,-1
1373,451,805.84,372.70,102.00,42.01,0.6049,4,-1,-1
1373,467,312.58,297.68,22.25,44.90,0.4971,1,-1,-1
1373,470,1456.98,231.77,23.29,39.34,0.1956,1,-1,-1
1373,474,248.02,297.84,23.82,53.40,0.7178,1,-1,-1
1373,478,4.43,321.42,13.78,56.10,0.5583,1,-1,-1
1374,283,1044.73,342.79,27.67,62.83,0.7210,1,-1,-1
1374,401,1416.17,192.61,14.41,32.78,0.5612,1,-1,-1
1374,444,1439.90,192.81,17.03,33.64,0.5438,1,-1,-1
1374,445,1185.14,365.27,32.04,65.43,0.4883,1,-1,-1
1374,455,34.99,315.66,23.00,54.07,0.6415,1,-1,-1
1374,457,51.36,309.91,25.40,57.29,0.4600,1,-1,-1
1374,451,806.68,372.56,103.04,42.64,0.6325,4,-1,-1
1374,467,313.28,296.08,24.72,50.17,0.2401,1,-1,-1
1374,470,1456.97,227.71,25.22,43.00,0.2436,1,-1,-1
1374,474,251.45,297.50,23.72,53.22,0.6697,1,-1,-1
1374,478,4.92,321.16,14.12,54.89,0.4436,1,-1,-1
1374,403,1185.57,345.74,35.87,86.55,0.5917,1,-1,-1
1375,283,1045.96,342.85,27.39,62.60,0.7225,1,-1,-1
1375,401,1417.18,192.37,14.36,32.73,0.5322,1,-1,-1
1375,444,1440.53,192.35,17.16,33.91,0.5332,1,-1,-1
1375,445,1182.63,367.27,30.99,63.11,0.6732,1,-1,-1
1375,455,36.38,316.49,22.76,53.08,0.6851,1,-1,-1
1375,457,52.67,309.49,25.65,57.96,0.5651,1,-1,-1
1375,451,807.28,372.63,103.16,42.85,0.6715,4,-1,-1
1375,467,315.60,295.20,25.16,51.89,0.4349,1,-1,-1
1375,470,1458.28,222.32,27.79,47.60,0.2991,1,-1,-1
1375,474,253.87,297.52,23.69,53.01,0.6663,1,-1,-1
1375,478,5.61,320.97,14.77,54.82,0.5293,1,-1,-1
1375,480,802.19,279.16,15.23,35.71,0.5020,1,-1,-1
1375,403,1185.94,345.13,36.42,87.06,0.4542,1,-1,-1
1376,283,1047.44,343.47,27.20,62.17,0.7364,1,-1,-1
1376,401,1418.53,191.71,14.40,32.82,0.5302,1,-1,-1
1376,444,1442.45,192.71,17.01,33.47,0.5244,1,-1,-1
1376,445,1179.56,367.27,30.55,62.83,0.6645,1,-1,-1
1376,455,37.42,315.22,23.17,54.05,0.6732,1,-1,-1
1376,457,53.86,308.75,25.66,58.08,0.6415,1,-1,-1
1376,451,808.56,372.68,102.39,42.61,0.7033,4,-1,-1
1376,467,317.91,293.89,25.63,52.85,0.4668,1,-1,-1
1376,470,1459.24,224.74,26.81,46.29,0.2082,1,-1,-1
1376,474,257.79,297.63,24.15,52.59,0.6901,1,-1,-1
1376,478,7.28,320.61,15.68,56.19,0.5283,1,-1,-1
1376,480,803.09,278.93,16.69,39.10,0.3895,1,-1,-1
1376,403,1190.19,345.32,34.41,82.88,0.6800,1,-1,-1
1377,283,1048.36,344.13,27.00,61.72,0.7241,1,-1,-1
1377,401,1419.40,190.85,14.59,33.33,0.5254,1,-1,-1
1377,444,1443.54,192.91,16.93,33.21,0.5429,1,-1,-1
1377,445,1176.98,364.74,31.03,65.56,0.5898,1,-1,-1
1377,455,38.13,314.82,23.33,54.42,0.6610,1,-1,-1
1377,457,54.46,308.05,25.71,58.24,0.6732,1,-1,-1
1377,451,809.04,372.65,102.47,42.75,0.7033,4,-1,-1
1377,467,320.46,295.29,26.23,52.75,0.1196,1,-1,-1
1377,470,1459.24,225.07,27.12,47.69,0.1561,1,-1,-1
1377,474,259.93,297.74,24.72,52.31,0.6783,1,-1,-1
1377,478,8.51,320.39,16.39,56.97,0.5078,1,-1,-1
1377,480,806.04,279.35,14.97,34.99,0.1801,1,-1,-1
1377,403,1192.72,345.72,33.00,79.69,0.6732,1,-1,-1
1377,482,1078.59,266.02,11.83,27.46,0.4513,1,-1,-1
1378,283,1049.53,345.20,26.77,61.16,0.6984,1,-1,-1
1378,401,1419.93,190.15,14.94,33.99,0.5215,1,-1,-1
1378,444,1444.67,193.26,16.79,32.89,0.5400,1,-1,-1
1378,445,1176.25,364.57,30.07,64.75,0.6325,1,-1,-1
1378,455,38.94,314.65,23.51,54.99,0.6252,1,-1,-1
1378,457,54.96,307.23,26.20,59.57,0.6433,1,-1,-1
1378,451,810.22,372.42,101.61,42.49,0.6270,4,-1,-1
1378,470,1463.20,219.70,26.08,45.64,0.4805,1,-1,-1
1378,474,263.23,298.03,25.49,52.70,0.5273,1,-1,-1
1378,478,10.25,321.23,16.73,56.28,0.6011,1,-1,-1
1378,480,806.58,279.02,17.15,40.24,0.2444,1,-1,-1
1378,403,1194.89,347.29,30.77,75.06,0.5438,1,-1,-1
1378,482,1080.43,265.94,12.32,28.53,0.3268,1,-1,-1
1379,283,1050.52,345.80,26.77,61.05,0.7162,1,-1,-1
1379,401,1421.05,190.95,14.63,33.36,0.5506,1,-1,-1
1379,444,1445.69,193.12,16.88,33.12,0.5380,1,-1,-1
1379,445,1175.61,363.26,30.16,65.20,0.5898,1,-1,-1
1379,455,39.99,316.04,22.75,53.45,0.6593,1,-1,-1
1379,457,56.88,308.63,25.27,57.39,0.6433,1,-1,-1
1379,451,810.52,372.20,102.79,43.14,0.6451,4,-1,-1
1379,470,1463.32,218.36,27.76,48.67,0.2606,1,-1,-1
1379,474,265.87,299.00,25.45,51.59,0.6298,1,-1,-1
1379,478,11.96,321.70,16.72,54.66,0.5804,1,-1,-1
1379,480,809.67,278.31,16.74,39.66,0.3812,1,-1,-1
1379,403,1194.74,348.24,30.45,74.65,0.6361,1,-1,-1
1379,482,1082.71,266.35,12.68,29.27,0.4121,1,-1,-1
1380,283,1051.23,346.07,26.92,61.20,0.7162,1,-1,-1
1380,401,1421.73,191.38,14.42,32.89,0.5487,1,-1,-1
1380,444,1446.40,193.30,16.71,32.76,0.5535,1,-1,-1
1380,445,1172.88,362.36,30.13,65.96,0.5689,1,-1,-1
1380,455,41.05,316.72,22.48,53.04,0.6540,1,-1,-1
1380,457,58.14,308.99,25.17,57.06,0.5689,1,-1,-1
1380,451,810.21,372.13,104.42,44.00,0.5974,4,-1,-1
1380,470,1463.24,219.62,28.26,49.61,0.2024,1,-1,-1
1380,474,267.06,298.86,26.06,51.74,0.6514,1,-1,-1
1380,478,12.88,321.79,17.13,54.36,0.6030,1,-1,-1
1380,480,811.61,280.26,17.88,42.75,0.5176,1,-1,-1
1380,403,1193.68,347.95,30.69,75.20,0.6522,1,-1,-1
1380,482,1084.13,266.60,13.03,30.05,0.4815,1,-1,-1
1381,283,1052.71,345.66,26.82,60.84,0.6645,1,-1,-1
1381,401,1423.56,191.71,14.08,32.06,0.4359,1,-1,-1
1381,444,1447.57,192.49,16.80,32.95,0.4961,1,-1,-1
1381,445,1171.29,362.98,29.10,64.06,0.6663,1,-1,-1
1381,455,42.04,315.42,22.61,53.88,0.6505,1,-1,-1
1381,457,60.22,310.11,24.68,55.94,0.5574,1,-1,-1
1381,451,812.32,371.87,101.45,42.76,0.7484,4,-1,-1
1381,470,1463.87,219.63,29.17,51.13,0.4668,1,-1,-1
1381,474,269.84,298.45,26.47,51.64,0.7170,1,-1,-1
1381,478,14.38,322.92,17.52,53.95,0.6834,1,-1,-1
1381,480,812.69,279.11,18.45,44.46,0.5312,1,-1,-1
1381,403,1194.15,348.34,30.46,74.90,0.5993,1,-1,-1
1381,482,1086.30,267.13,11.83,27.00,0.2173,1,-1,-1
1382,283,1053.98,345.58,26.57,60.02,0.6732,1,-1,-1
1382,401,1424.57,191.33,14.06,31.94,0.4475,1,-1,-1
1382,444,1448.38,191.87,17.31,34.06,0.5525,1,-1,-1
1382,445,1169.97,362.88,28.38,62.91,0.7130,1,-1,-1
1382,455,43.51,316.04,22.37,53.38,0.6234,1,-1,-1
1382,457,61.94,309.40,25.06,57.00,0.5390,1,-1,-1
1382,451,813.72,372.00,99.93,42.11,0.7527,4,-1,-1
1382,470,1465.06,218.55,29.58,51.86,0.2394,1,-1,-1
1382,474,271.30,297.69,27.41,52.81,0.7106,1,-1,-1
1382,478,15.10,322.66,18.00,54.29,0.6645,1,-1,-1
1382,480,814.64,278.18,18.19,44.20,0.5117,1,-1,-1
1382,403,1194.29,349.32,30.05,74.07,0.6663,1,-1,-1
1382,482,1088.02,267.38,11.24,25.36,0.2576,1,-1,-1
1383,283,1055.59,347.04,26.45,59.09,0.6451,1,-1,-1
1383,401,1425.92,191.24,14.15,32.19,0.4834,1,-1,-1
1383,444,1449.81,192.06,17.49,34.33,0.5166,1,-1,-1
1383,445,1169.33,362.29,27.74,61.39,0.7256,1,-1,-1
1383,455,47.28,317.20,21.98,51.72,0.6575,1,-1,-1
1383,457,64.01,309.55,25.08,56.70,0.5879,1,-1,-1
1383,451,816.72,371.76,98.53,41.42,0.6885,4,-1,-1
1383,470,1467.88,222.46,27.85,48.55,0.1634,2,-1,-1
1383,474,275.06,297.61,27.34,52.56,0.7349,1,-1,-1
1383,478,16.82,320.89,18.77,56.07,0.5898,1,-1,-1
1383,480,818.33,278.47,16.68,41.09,0.4717,1,-1,-1
1383,403,1194.98,350.40,29.88,73.71,0.7303,1,-1,-1
1383,482,1091.17,267.73,11.19,24.95,0.3905,1,-1,-1
1384,283,1058.22,347.14,26.58,58.87,0.5936,1,-1,-1
1384,401,1429.28,190.70,13.95,31.64,0.3149,1,-1,-1
1384,444,1452.52,191.38,17.76,34.69,0.4225,1,-1,-1
1384,445,1168.27,362.58,27.49,61.39,0.7542,1,-1,-1
1384,455,50.80,317.37,22.03,51.71,0.6715,1,-1,-1
1384,457,67.71,309.81,24.78,55.95,0.6325,1,-1,-1
1384,451,821.75,371.68,94.89,39.69,0.7318,4,-1,-1
1384,470,1471.86,227.07,26.06,44.95,0.1603,2,-1,-1
1384,474,280.47,297.45,26.42,51.43,0.7138,1,-1,-1
1384,478,20.32,321.49,19.00,55.52,0.7017,1,-1,-1
1384,480,823.77,278.23,15.10,37.75,0.5195,1,-1,-1
1384,403,1196.50,351.32,29.97,73.24,0.7210,1,-1,-1
1384,482,1094.68,267.59,11.77,25.95,0.1824,1,-1,-1
1385,283,1059.31,346.90,27.29,59.63,0.6132,1,-1,-1
1385,401,1431.99,190.66,13.66,30.90,0.2958,1,-1,-1
1385,444,1455.59,192.12,17.55,34.16,0.4397,1,-1,-1
1385,445,1167.37,362.24,27.70,62.42,0.7424,1,-1,-1
1385,455,53.62,317.10,21.92,51.53,0.6397,1,-1,-1
1385,457,71.16,310.04,24.73,55.61,0.5477,1,-1,-1
1385,451,823.16,372.15,96.17,40.13,0.7017,4,-1,-1
1385,470,1474.38,226.59,27.04,46.38,0.1877,1,-1,-1
1385,474,283.88,297.53,26.26,51.76,0.7233,1,-1,-1
1385,478,23.49,321.66,19.30,55.19,0.7050,1,-1,-1
1385,480,826.40,277.52,14.97,37.78,0.4591,1,-1,-1
1385,403,1197.60,351.48,30.54,73.76,0.7050,1,-1,-1
1385,482,1097.10,267.63,11.92,25.87,0.1807,10,-1,-1
1386,283,1062.58,346.80,28.02,60.35,0.6188,1,-1,-1
1386,401,1435.90,191.61,13.99,31.47,0.3942,1,-1,-1
1386,444,1459.34,191.52,18.30,35.72,0.4737,1,-1,-1
1386,445,1168.32,363.83,26.63,60.33,0.7349,1,-1,-1
1386,455,59.76,317.24,21.79,50.65,0.6487,1,-1,-1
1386,457,76.35,308.76,25.26,56.61,0.6142,1,-1,-1
1386,451,826.64,372.31,95.60,39.82,0.7513,4,-1,-1
1386,470,1478.87,230.72,25.73,42.96,0.2012,1,-1,-1
1386,474,290.60,296.73,25.78,51.87,0.6951,1,-1,-1
1386,478,28.39,319.77,20.02,57.13,0.6325,1,-1,-1
1386,480,832.43,277.64,14.05,35.54,0.4533,1,-1,-1
1386,403,1200.67,352.53,30.56,73.14,0.6868,1,-1,-1
1386,482,1101.80,267.64,12.31,26.47,0.3478,1,-1,-1
1387,283,1065.82,348.05,27.58,59.07,0.6234,1,-1,-1
1387,401,1438.43,190.72,15.32,34.44,0.2187,1,-1,-1
1387,444,1462.42,190.35,18.78,36.46,0.2275,1,-1,-1
1387,445,1168.87,365.24,26.08,59.35,0.7186,1,-1,-1
1387,455,63.61,317.42,22.00,51.04,0.6361,1,-1,-1
1387,457,79.82,308.55,25.12,56.35,0.6487,1,-1,-1
1387,451,828.39,372.14,99.76,41.65,0.6049,4,-1,-1
1387,470,1481.90,223.15,28.30,47.58,0.2878,1,-1,-1
1387,474,295.50,296.61,25.27,51.49,0.7066,1,-1,-1
1387,478,32.88,321.35,19.61,54.66,0.6715,1,-1,-1
1387,480,836.05,277.98,14.73,37.56,0.5098,1,-1,-1
1387,403,1203.21,353.04,30.31,71.85,0.7280,1,-1,-1
1387,482,1105.94,267.25,12.60,26.80,0.1427,2,-1,-1
1388,283,1069.71,347.87,28.07,59.61,0.7082,1,-1,-1
1388,445,1169.35,364.23,27.04,61.65,0.7303,1,-1,-1
1388,455,70.64,316.81,22.08,50.69,0.6067,1,-1,-1
1388,457,85.78,307.32,25.88,57.86,0.5889,1,-1,-1
1388,451,833.57,372.50,98.75,41.17,0.6749,4,-1,-1
1388,470,1485.47,221.46,29.96,50.49,0.5127,1,-1,-1
1388,474,302.94,296.41,23.99,49.89,0.6885,1,-1,-1
1388,478,39.49,319.68,20.37,56.38,0.5860,1,-1,-1
1388,480,840.74,278.38,16.29,41.58,0.1865,1,-1,-1
1388,403,1207.65,353.37,30.18,70.69,0.6663,1,-1,-1
1388,482,1111.30,267.83,13.82,29.30,0.4863,1,-1,-1
1389,283,1075.72,348.10,27.73,58.64,0.6593,1,-1,-1
1389,445,1171.58,363.29,27.99,63.75,0.6766,1,-1,-1
1389,455,77.92,317.28,22.03,50.49,0.6397,1,-1,-1
1389,457,93.64,308.60,24.98,55.78,0.4533,1,-1,-1
1389,451,839.03,372.60,100.03,41.51,0.6619,4,-1,-1
1389,474,311.88,296.45,24.20,50.97,0.6893,1,-1,-1
1389,478,47.11,318.17,20.63,56.47,0.6558,1,-1,-1
1389,480,846.38,279.78,16.40,42.12,0.2659,1,-1,-1
1389,403,1212.92,353.52,30.98,71.58,0.7364,1,-1,-1
1390,283,1079.71,348.93,27.89,58.52,0.6680,1,-1,-1
1390,445,1173.82,363.27,28.14,63.81,0.7050,1,-1,-1
1390,455,84.27,316.97,21.98,49.89,0.6179,1,-1,-1
1390,457,99.65,308.00,24.87,55.55,0.5477,1,-1,-1
1390,451,844.85,372.33,95.36,39.46,0.7033,4,-1,-1
1390,474,317.40,296.44,24.51,51.74,0.6893,1,-1,-1
1390,478,52.57,318.37,20.84,56.58,0.6215,1,-1,-1
1390,480,853.50,279.28,14.50,36.99,0.5322,1,-1,-1
1390,403,1215.73,353.56,31.06,71.24,0.7549,1,-1,-1
1391,283,1084.45,349.49,28.25,58.64,0.6851,1,-1,-1
1391,445,1175.76,363.43,28.87,64.46,0.7753,1,-1,-1
1391,455,90.38,316.57,22.03,50.10,0.6469,1,-1,-1
1391,457,106.37,308.00,24.71,55.12,0.4941,1,-1,-1
1391,451,849.49,372.32,95.09,39.34,0.7303,4,-1,-1
1391,474,326.55,296.15,24.57,51.39,0.6885,1,-1,-1
1391,478,59.23,316.38,21.30,57.42,0.5784,1,-1,-1
1391,480,860.69,279.01,13.56,34.27,0.5088,1,-1,-1
1391,403,1219.75,353.09,31.81,72.24,0.7476,1,-1,-1
1392,283,1087.82,348.64,28.65,59.22,0.6540,1,-1,-1
1392,445,1177.41,363.30,29.16,64.21,0.7712,1,-1,-1
1392,455,96.08,314.88,22.55,50.84,0.6766,1,-1,-1
1392,457,112.31,307.69,24.59,54.82,0.5879,1,-1,-1
1392,451,851.82,372.17,97.37,40.34,0.7050,4,-1,-1
1392,474,332.44,296.31,24.52,50.94,0.7303,1,-1,-1
1392,478,64.83,317.33,21.27,57.40,0.6252,1,-1,-1
1392,480,865.97,278.25,14.25,35.99,0.5146,1,-1,-1
1392,403,1223.12,353.97,31.70,71.45,0.7656,1,-1,-1
1393,283,1092.44,347.90,29.56,60.65,0.7409,1,-1,-1
1393,445,1180.74,363.22,29.29,63.87,0.7130,1,-1,-1
1393,455,102.33,314.35,22.55,50.85,0.6215,1,-1,-1
1393,457,115.60,308.66,24.07,53.94,0.2394,1,-1,-1
1393,451,857.26,372.40,97.70,40.43,0.6610,4,-1,-1
1393,474,340.09,296.32,24.80,51.10,0.7461,1,-1,-1
1393,478,71.04,312.97,22.32,60.05,0.5708,1,-1,-1
1393,480,872.53,278.08,14.40,36.36,0.5049,1,-1,-1
1393,403,1227.62,354.85,31.94,71.39,0.7154,1,-1,-1
1394,283,1098.59,347.82,29.24,59.63,0.6697,1,-1,-1
1394,445,1183.80,364.36,28.61,62.67,0.6766,1,-1,-1
1394,455,109.99,313.24,22.93,51.73,0.6343,1,-1,-1
1394,457,125.01,306.69,24.23,54.40,0.6105,1,-1,-1
1394,451,862.33,372.13,99.05,41.01,0.7303,4,-1,-1
1394,474,348.50,296.05,24.80,50.71,0.6307,1,-1,-1
1394,478,79.30,315.05,21.71,57.53,0.6610,1,-1,-1
1394,480,879.70,277.33,14.71,37.42,0.4854,1,-1,-1
1394,403,1231.33,355.74,32.43,72.52,0.7439,1,-1,-1
1395,283,1103.10,348.13,29.68,59.96,0.6800,1,-1,-1
1395,445,1184.95,364.18,28.39,62.72,0.6680,1,-1,-1
1395,455,114.80,311.20,23.50,53.24,0.6234,1,-1,-1
1395,457,131.09,306.00,24.26,54.44,0.4620,1,-1,-1
1395,451,867.74,371.96,96.54,39.92,0.7225,4,-1,-1
1395,474,354.21,296.16,24.98,50.38,0.6663,1,-1,-1
1395,478,84.52,312.54,22.70,59.85,0.5525,1,-1,-1
1395,480,884.69,277.50,14.78,37.87,0.5574,1,-1,-1
1395,403,1234.51,356.37,32.79,73.48,0.7287,1,-1,-1
1396,283,1108.07,348.77,30.27,59.86,0.6460,1,-1,-1
1396,445,1187.23,363.60,27.50,61.68,0.6680,1,-1,-1
1396,455,122.11,310.41,23.49,53.33,0.6575,1,-1,-1
1396,457,138.78,305.25,24.30,54.31,0.5917,1,-1,-1
1396,451,872.75,372.15,97.10,40.13,0.7303,4,-1,-1
1396,474,361.60,294.91,25.69,51.45,0.7106,1,-1,-1
1396,478,91.96,312.73,22.86,60.04,0.6766,1,-1,-1
1396,480,891.39,276.43,13.86,35.63,0.4330,1,-1,-1
1396,403,1239.97,357.44,33.29,75.02,0.6469,1,-1,-1
1397,283,1113.44,350.16,29.54,58.25,0.5351,1,-1,-1
1397,445,1189.06,361.74,27.80,63.63,0.6451,1,-1,-1
1397,455,126.69,310.15,23.48,53.40,0.6215,1,-1,-1
1397,457,144.75,305.11,24.31,54.25,0.3942,1,-1,-1
1397,451,877.20,372.08,94.07,38.72,0.7556,4,-1,-1
1397,474,367.08,295.01,25.69,51.17,0.7484,1,-1,-1
1397,478,96.98,311.97,23.08,60.16,0.6252,1,-1,-1
1397,480,896.78,276.15,13.48,34.84,0.4340,1,-1,-1
1397,403,1242.62,358.26,33.35,75.71,0.6522,1,-1,-1
1398,283,1117.74,350.10,30.27,58.65,0.5936,1,-1,-1
1398,445,1191.54,360.65,27.98,64.99,0.5851,1,-1,-1
1398,455,133.92,309.82,23.44,53.41,0.6343,1,-1,-1
1398,457,151.22,304.71,24.33,54.16,0.6252,1,-1,-1
1398,451,881.69,372.36,98.12,40.35,0.7387,4,-1,-1
1398,474,375.14,294.36,25.42,51.16,0.6540,1,-1,-1
1398,478,104.13,312.27,22.94,59.38,0.6610,1,-1,-1
1398,480,902.71,275.21,13.08,34.06,0.4854,1,-1,-1
1398,403,1248.10,359.38,32.70,74.50,0.5564,1,-1,-1
1399,283,1123.81,349.90,30.71,58.95,0.6451,1,-1,-1
1399,445,1195.13,361.43,27.59,64.56,0.7439,1,-1,-1
1399,455,142.45,308.49,23.55,53.37,0.5936,1,-1,-1
1399,457,159.58,304.91,24.04,53.49,0.5467,1,-1,-1
1399,451,887.44,372.39,99.66,40.85,0.7773,4,-1,-1
1399,474,383.12,293.88,25.12,51.48,0.6951,1,-1,-1
1399,478,112.50,314.51,21.87,56.52,0.5117,1,-1,-1
1399,480,910.05,275.88,12.44,32.42,0.3684,1,-1,-1
1399,403,1253.60,360.42,32.45,74.09,0.6901,1,-1,-1
1400,283,1127.58,349.81,31.24,59.05,0.6514,1,-1,-1
1400,445,1197.91,361.60,27.39,64.15,0.7454,1,-1,-1
1400,455,147.48,308.53,23.26,53.01,0.6575,1,-1,-1
1400,457,163.73,304.72,24.02,53.11,0.5545,1,-1,-1
1400,451,891.43,372.41,100.74,41.20,0.7447,4,-1,-1
1400,474,388.64,293.33,25.08,52.15,0.7058,1,-1,-1
1400,478,117.77,313.53,22.37,57.35,0.6834,1,-1,-1
1400,480,914.99,274.75,12.12,31.53,0.2999,1,-1,-1
1400,403,1257.21,360.63,32.23,73.73,0.6697,1,-1,-1
1401,283,1132.37,349.90,31.97,59.43,0.7025,1,-1,-1
1401,445,1200.49,361.82,27.97,64.60,0.7820,1,-1,-1
1401,455,155.60,310.31,22.47,50.42,0.6067,1,-1,-1
1401,457,170.93,303.63,24.30,53.93,0.5332,1,-1,-1
1401,451,898.83,372.00,93.37,37.87,0.7272,4,-1,-1
1401,474,396.34,293.05,24.42,51.61,0.7066,1,-1,-1
1401,478,124.62,313.74,22.15,56.72,0.5936,1,-1,-1
1401,480,922.03,275.49,11.68,30.37,0.4349,1,-1,-1
1401,403,1262.50,360.80,32.60,74.26,0.7186,1,-1,-1
1402,283,1135.29,349.24,33.05,60.76,0.6039,1,-1,-1
1402,445,1201.59,361.68,28.72,65.37,0.7807,1,-1,-1
1402,455,159.55,308.80,22.84,51.55,0.5879,1,-1,-1
1402,457,175.18,303.59,24.42,53.77,0.5993,1,-1,-1
1402,451,901.14,372.11,93.57,37.91,0.7513,4,-1,-1
1402,474,401.27,292.94,24.08,51.85,0.6749,1,-1,-1
1402,478,129.17,313.07,22.44,57.23,0.6558,1,-1,-1
1402,480,926.44,274.74,11.59,30.08,0.4591,1,-1,-1
1402,403,1266.49,360.19,33.06,75.60,0.7114,1,-1,-1
1403,283,1139.94,350.06,33.13,60.04,0.7001,1,-1,-1
1403,445,1203.85,362.11,29.40,65.33,0.7833,1,-1,-1
1403,455,166.24,308.98,22.64,50.65,0.5765,1,-1,-1
1403,457,181.86,304.27,24.05,53.00,0.4244,1,-1,-1
1403,451,904.33,372.22,99.42,40.32,0.7042,4,-1,-1
1403,474,408.49,292.67,23.67,51.62,0.6868,1,-1,-1
1403,478,136.30,314.25,21.89,55.71,0.5390,1,-1,-1
1403,480,931.89,274.74,12.69,32.95,0.3794,1,-1,-1
1403,403,1271.52,359.66,33.34,76.83,0.7256,1,-1,-1
1404,283,1145.34,351.26,33.10,59.28,0.5525,1,-1,-1
1404,445,1207.20,364.58,29.67,64.53,0.7074,1,-1,-1
1404,455,172.57,308.70,22.64,50.81,0.6361,1,-1,-1
1404,457,188.50,303.76,24.05,52.86,0.5467,1,-1,-1
1404,451,909.22,372.30,100.21,40.63,0.7341,4,-1,-1
1404,474,416.58,292.46,23.47,51.44,0.6800,1,-1,-1
1404,478,142.94,312.75,22.53,57.12,0.6325,1,-1,-1
1404,480,938.54,275.39,12.89,33.34,0.3268,1,-1,-1
1404,403,1276.93,359.54,34.00,79.33,0.6379,1,-1,-1
1405,283,1148.26,351.95,32.78,58.18,0.5312,1,-1,-1
1405,445,1208.45,365.20,29.89,64.27,0.6758,1,-1,-1
1405,455,176.60,309.52,22.21,49.96,0.6105,1,-1,-1
1405,457,192.23,303.18,24.49,53.67,0.4292,1,-1,-1
1405,451,911.79,372.17,101.05,41.01,0.7506,4,-1,-1
1405,474,422.17,292.68,22.93,50.54,0.6766,1,-1,-1
1405,478,147.85,313.29,22.17,56.16,0.5936,1,-1,-1
1405,480,943.59,275.84,12.63,32.52,0.3090,1,-1,-1
1405,403,1280.04,359.18,33.67,80.04,0.6663,1,-1,-1
1406,283,1153.21,350.33,34.09,59.41,0.5312,1,-1,-1
1406,445,1208.95,366.09,27.87,60.84,0.6918,1,-1,-1
1406,455,182.76,308.18,22.58,51.18,0.6030,1,-1,-1
1406,457,198.03,302.45,24.81,54.17,0.5917,1,-1,-1
1406,451,916.72,372.48,100.74,40.91,0.7432,4,-1,-1
1406,474,429.09,292.21,23.07,50.80,0.6442,1,-1,-1
1406,478,153.42,312.04,22.65,57.34,0.6522,1,-1,-1
1406,480,949.36,275.80,12.46,31.99,0.5088,1,-1,-1
1406,403,1285.02,358.62,32.69,79.19,0.6469,1,-1,-1
1407,283,1156.35,349.17,35.36,60.78,0.5254,1,-1,-1
1407,445,1211.14,365.46,27.92,61.54,0.6766,1,-1,-1
1407,455,186.57,307.74,22.57,51.46,0.6142,1,-1,-1
1407,457,202.22,302.22,24.60,53.83,0.6049,1,-1,-1
1407,451,919.41,372.51,99.55,40.52,0.7287,4,-1,-1
1407,474,434.62,291.93,23.85,51.71,0.6095,1,-1,-1
1407,478,158.20,311.57,22.62,57.32,0.4130,1,-1,-1
1407,480,953.23,276.55,11.62,29.50,0.4688,1,-1,-1
1407,403,1289.15,358.53,32.91,80.91,0.6415,1,-1,-1
1408,283,1159.32,351.26,33.69,57.82,0.4045,1,-1,-1
1408,445,1213.18,364.67,28.19,63.07,0.7066,1,-1,-1
1408,455,193.48,307.71,22.22,50.81,0.5804,1,-1,-1
1408,457,209.02,302.89,24.29,53.13,0.5535,1,-1,-1
1408,451,924.44,372.31,95.31,38.71,0.7484,4,-1,-1
1408,474,440.54,291.67,24.99,52.24,0.6406,1,-1,-1
1408,478,163.87,311.33,22.42,57.15,0.5727,1,-1,-1
1408,480,958.38,276.33,12.85,32.26,0.3821,1,-1,-1
1408,403,1293.48,359.01,32.66,81.67,0.6270,1,-1,-1
1409,283,1163.84,349.95,34.98,59.59,0.5419,1,-1,-1
1409,445,1215.16,364.68,27.30,61.94,0.6834,1,-1,-1
1409,455,198.62,308.27,21.83,50.18,0.6123,1,-1,-1
1409,457,214.56,301.62,24.58,53.74,0.5254,1,-1,-1
1409,451,927.87,372.65,99.03,40.40,0.7146,4,-1,-1
1409,474,446.63,292.19,25.02,51.37,0.5651,1,-1,-1
1409,478,169.82,310.50,22.72,58.04,0.5010,1,-1,-1
1409,480,964.09,277.20,13.27,33.36,0.3730,1,-1,-1
1409,403,1298.57,359.79,32.20,82.52,0.3989,1,-1,-1
1410,283,1167.60,348.20,36.80,61.61,0.4206,1,-1,-1
1410,445,1217.04,364.77,26.58,60.91,0.7050,1,-1,-1
1410,455,203.44,309.02,21.46,49.19,0.6123,1,-1,-1
1410,457,217.92,299.88,25.18,55.01,0.3657,1,-1,-1
1410,451,934.64,372.48,91.49,36.93,0.7272,4,-1,-1
1410,474,450.79,292.15,25.38,51.18,0.5784,1,-1,-1
1410,478,173.03,308.36,23.44,60.16,0.5273,1,-1,-1
1410,480,968.84,278.14,13.65,34.32,0.3766,1,-1,-1
1410,403,1301.99,360.78,31.32,80.83,0.6298,1,-1,-1
1410,502,1560.62,192.98,16.72,32.17,0.4756,1,-1,-1
1411,283,1170.67,347.83,38.02,62.72,0.6298,1,-1,-1
1411,445,1218.48,363.49,27.90,64.56,0.7287,1,-1,-1
1411,455,208.11,308.44,21.57,49.56,0.6049,1,-1,-1
1411,457,222.91,300.76,24.94,54.48,0.6234,1,-1,-1
1411,451,935.55,372.62,99.83,40.45,0.7718,4,-1,-1
1411,474,456.94,291.42,26.06,51.92,0.6792,1,-1,-1
1411,478,177.90,308.75,23.09,59.30,0.5554,1,-1,-1
1411,480,973.47,277.65,14.91,37.61,0.4581,1,-1,-1
1411,403,1306.09,361.39,30.73,79.25,0.7066,1,-1,-1
1411,502,1564.83,192.48,17.13,33.00,0.5879,1,-1,-1
1412,283,1172.89,347.39,38.69,63.14,0.7295,1,-1,-1
1412,445,1219.20,363.48,28.54,66.22,0.7303,1,-1,-1
1412,455,210.50,306.77,22.34,51.59,0.6505,1,-1,-1
1412,457,225.50,300.72,24.98,54.48,0.6067,1,-1,-1
1412,451,937.61,372.79,100.84,40.88,0.7813,4,-1,-1
1412,474,459.74,291.75,26.14,51.28,0.6868,1,-1,-1
1412,478,181.47,308.88,23.12,59.25,0.6142,1,-1,-1
1412,480,976.94,277.76,15.84,40.34,0.2147,1,-1,-1
1412,403,1309.03,361.54,30.76,78.73,0.7364,1,-1,-1
1412,502,1567.77,191.92,17.24,33.30,0.5727,1,-1,-1
1413,283,1175.37,346.21,39.87,64.37,0.7402,1,-1,-1
1413,445,1219.89,363.84,29.17,67.50,0.7318,1,-1,-1
1413,455,215.56,307.53,21.95,50.44,0.6663,1,-1,-1
1413,457,230.10,301.92,24.38,53.43,0.4678,1,-1,-1
1413,451,940.31,372.80,102.38,41.62,0.7295,4,-1,-1
1413,474,464.87,291.04,25.91,51.23,0.6800,1,-1,-1
1413,478,185.60,308.42,23.17,59.53,0.6715,1,-1,-1
1413,480,980.98,276.59,15.54,40.18,0.2934,1,-1,-1
1413,403,1312.09,363.27,31.29,79.31,0.6901,1,-1,-1
1413,502,1572.18,190.74,17.89,34.65,0.4206,1,-1,-1
1414,283,1178.06,345.71,40.90,65.43,0.7621,1,-1,-1
1414,445,1220.58,366.49,28.74,65.96,0.7326,1,-1,-1
1414,455,219.78,306.75,22.13,51.09,0.5593,1,-1,-1
1414,457,233.16,301.94,24.81,53.62,0.5699,1,-1,-1
1414,451,947.42,372.68,91.65,36.77,0.7178,4,-1,-1
1414,474,470.44,290.57,25.46,51.08,0.6851,1,-1,-1
1414,478,190.28,309.85,22.48,57.67,0.7017,1,-1,-1
1414,480,986.98,274.63,13.08,33.05,0.1196,1,-1,-1
1414,403,1314.36,363.71,32.37,80.64,0.7272,1,-1,-1
1414,502,1576.61,191.37,17.15,33.32,0.5612,1,-1,-1
1415,283,1179.31,344.51,41.91,66.69,0.7827,1,-1,-1
1415,445,1221.47,368.35,28.20,64.43,0.7202,1,-1,-1
1415,455,222.15,306.62,22.06,51.19,0.6160,1,-1,-1
1415,457,236.69,301.51,24.67,53.42,0.5409,1,-1,-1
1415,451,946.73,373.11,97.16,39.06,0.7170,4,-1,-1
1415,474,473.89,290.21,25.00,51.06,0.6868,1,-1,-1
1415,478,192.93,310.17,22.44,57.43,0.7098,1,-1,-1
1415,480,990.97,274.80,12.72,31.96,0.1152,1,-1,-1
1415,403,1315.08,362.61,33.83,82.59,0.7066,1,-1,-1
1415,502,1579.46,191.63,16.67,32.54,0.5651,1,-1,-1
1415,506,1604.82,193.22,18.59,32.47,0.5156,1,-1,-1
1416,283,1181.03,344.06,42.27,67.25,0.7957,1,-1,-1
1416,445,1221.98,369.75,27.96,63.74,0.7341,1,-1,-1
1416,455,225.03,306.82,22.00,51.23,0.6105,1,-1,-1
1416,457,240.33,299.71,25.24,55.04,0.3989,1,-1,-1
1416,451,947.28,373.21,100.08,40.40,0.7387,4,-1,-1
1416,474,478.15,289.70,24.75,51.38,0.6851,1,-1,-1
1416,478,196.51,310.73,22.32,57.04,0.6663,1,-1,-1
1416,480,995.14,273.79,12.25,30.49,0.1678,1,-1,-1
1416,403,1317.26,363.98,33.77,81.83,0.7424,1,-1,-1
1416,502,1582.63,192.27,16.69,32.71,0.5993,1,-1,-1
1416,506,1607.76,194.03,17.91,31.24,0.3242,1,-1,-1
1417,283,1182.09,343.80,42.39,67.36,0.7918,1,-1,-1
1417,445,1222.38,370.06,27.84,63.37,0.7417,1,-1,-1
1417,455,229.25,308.22,21.40,49.44,0.6575,1,-1,-1
1417,457,242.98,300.29,24.66,54.13,0.4007,1,-1,-1
1417,451,948.09,373.14,102.10,41.40,0.7264,4,-1,-1
1417,474,481.58,289.73,24.13,50.79,0.6343,1,-1,-1
1417,478,198.78,310.71,22.39,57.09,0.6817,1,-1,-1
1417,403,1318.88,364.34,33.68,81.67,0.7513,1,-1,-1
1417,502,1585.19,192.18,16.73,32.89,0.4446,1,-1,-1
1417,506,1611.28,193.71,17.99,31.38,0.3684,1,-1,-1
1417,510,293.77,259.32,18.75,42.42,0.5670,1,-1,-1
1417,511,1639.57,221.81,19.85,36.10,0.4620,1,-1,-1
1418,283,1183.99,342.77,42.60,67.68,0.7409,1,-1,-1
1418,445,1222.26,369.80,27.54,63.13,0.7001,1,-1,-1
1418,455,232.09,307.63,21.56,49.83,0.6011,1,-1,-1
1418,457,246.68,300.40,24.36,53.67,0.4893,1,-1,-1
1418,451,950.81,373.08,103.87,42.34,0.7564,4,-1,-1
1418,474,485.75,290.16,23.65,50.72,0.6697,1,-1,-1
1418,478,202.12,311.34,21.76,55.31,0.6749,1,-1,-1
1418,403,1321.21,365.82,33.57,81.31,0.7484,1,-1,-1
1418,502,1588.58,192.28,16.64,32.90,0.5370,1,-1,-1
1418,506,1614.57,193.77,17.92,31.28,0.4007,1,-1,-1
1418,510,298.13,259.50,17.39,39.29,0.6067,1,-1,-1
1418,511,1639.46,222.34,20.89,38.03,0.1813,1,-1,-1
1419,283,1185.76,341.80,43.08,68.60,0.6792,1,-1,-1
1419,445,1223.83,369.48,27.17,63.21,0.7114,1,-1,-1
1419,455,234.65,307.02,21.83,50.90,0.6697,1,-1,-1
1419,457,249.71,299.81,24.29,53.99,0.6252,1,-1,-1
1419,451,954.18,373.09,102.73,41.97,0.7663,4,-1,-1
1419,474,491.24,289.17,23.77,51.62,0.6343,1,-1,-1
1419,478,205.88,311.05,21.80,55.27,0.6558,1,-1,-1
1419,403,1323.60,367.51,34.13,82.61,0.7379,1,-1,-1
1419,502,1592.26,192.14,16.27,32.38,0.5936,1,-1,-1
1419,506,1617.92,193.82,18.12,31.69,0.5351,1,-1,-1
1419,510,302.84,258.80,17.82,40.33,0.5361,1,-1,-1
1419,511,1642.32,223.64,20.61,37.65,0.1700,1,-1,-1
1419,513,1227.26,263.87,16.50,34.97,0.5020,1,-1,-1
1420,283,1186.90,341.07,43.57,69.70,0.6723,1,-1,-1
1420,445,1224.82,369.29,26.81,63.07,0.7082,1,-1,-1
1420,455,236.45,307.20,21.43,50.48,0.6160,1,-1,-1
1420,457,252.38,300.27,23.73,53.26,0.4426,1,-1,-1
1420,451,956.77,373.05,102.79,42.06,0.7813,4,-1,-1
1420,474,494.77,289.65,23.03,50.65,0.6851,1,-1,-1
1420,478,208.69,310.46,21.53,54.75,0.6325,1,-1,-1
1420,403,1325.53,368.17,34.58,83.33,0.7820,1,-1,-1
1420,502,1594.36,192.36,16.23,32.58,0.5842,1,-1,-1
1420,506,1620.03,193.98,18.06,31.55,0.4776,1,-1,-1
1420,510,305.93,259.08,17.04,38.68,0.5917,1,-1,-1
1420,513,1227.64,264.25,16.47,34.93,0.5467,1,-1,-1
1421,283,1188.95,340.39,43.30,70.00,0.6893,1,-1,-1
1421,445,1224.75,369.67,26.93,63.09,0.7130,1,-1,-1
1421,455,241.03,307.55,21.07,49.63,0.6628,1,-1,-1
1421,457,256.00,300.84,23.20,52.45,0.5593,1,-1,-1
1421,451,958.73,372.91,103.53,42.46,0.7853,4,-1,-1
1421,474,498.76,290.70,22.34,49.48,0.5879,1,-1,-1
1421,478,211.97,310.97,21.37,54.34,0.6715,1,-1,-1
1421,403,1327.65,370.04,34.45,82.56,0.7592,1,-1,-1
1421,502,1597.89,191.26,16.38,33.10,0.5244,1,-1,-1
1421,506,1623.93,193.42,18.17,31.76,0.4571,1,-1,-1
1421,510,310.48,259.07,16.38,37.14,0.6834,1,-1,-1
1421,513,1228.73,264.49,16.26,34.49,0.5273,1,-1,-1
1422,283,1190.11,340.11,43.05,70.51,0.6531,1,-1,-1
1422,445,1224.63,369.26,27.48,63.76,0.7379,1,-1,-1
1422,455,243.40,306.81,20.99,49.68,0.6123,1,-1,-1
1422,457,258.63,300.57,23.08,52.33,0.6030,1,-1,-1
1422,451,960.22,372.95,103.48,42.48,0.7982,4,-1,-1
1422,474,502.12,291.11,22.27,49.08,0.4484,1,-1,-1
1422,478,213.85,311.26,21.15,53.75,0.7033,1,-1,-1
1422,403,1328.77,370.95,34.68,82.09,0.7813,1,-1,-1
1422,502,1600.02,191.24,16.26,32.95,0.5496,1,-1,-1
1422,506,1626.22,193.39,18.07,31.78,0.5263,1,-1,-1
1422,510,313.57,258.67,16.94,38.54,0.7225,1,-1,-1
1422,513,1229.38,264.92,15.89,33.73,0.4340,1,-1,-1
1423,283,1192.26,339.93,41.56,69.24,0.6169,1,-1,-1
1423,445,1223.96,368.96,28.43,64.61,0.7225,1,-1,-1
1423,455,245.31,306.69,21.29,50.48,0.6433,1,-1,-1
1423,457,260.77,299.78,23.52,53.21,0.6030,1,-1,-1
1423,451,962.70,372.85,104.34,42.85,0.7813,4,-1,-1
1423,474,505.83,290.08,23.11,50.77,0.5670,1,-1,-1
1423,478,216.56,311.32,21.19,53.47,0.7272,1,-1,-1
1423,403,1329.41,371.17,35.05,82.13,0.7058,1,-1,-1
1423,502,1603.46,192.15,15.60,31.77,0.5670,1,-1,-1
1423,506,1628.39,193.25,18.27,32.21,0.5496,1,-1,-1
1423,510,316.97,257.74,17.01,38.96,0.6951,1,-1,-1
1423,513,1230.05,264.77,15.90,33.82,0.5078,1,-1,-1
1424,283,1194.04,341.91,39.58,66.74,0.6505,1,-1,-1
1424,445,1223.50,369.14,29.00,64.16,0.7498,1,-1,-1
1424,455,247.20,306.80,21.26,50.99,0.6522,1,-1,-1
1424,457,263.36,300.28,23.33,52.87,0.5516,1,-1,-1
1424,451,964.14,372.84,104.90,43.23,0.7800,4,-1,-1
1424,474,508.59,290.11,23.15,51.07,0.5302,1,-1,-1
1424,478,218.84,311.08,21.52,53.89,0.6968,1,-1,-1
1424,403,1330.44,370.36,35.97,83.23,0.6002,1,-1,-1
1424,502,1606.03,192.74,14.98,30.70,0.6179,1,-1,-1
1424,506,1630.70,194.05,17.75,31.46,0.5107,1,-1,-1
1424,510,320.01,257.93,16.42,37.81,0.7033,1,-1,-1
1424,513,1230.63,264.57,16.20,34.67,0.5908,1,-1,-1
1424,518,598.69,288.41,21.49,46.93,0.5651,1,-1,-1
1425,283,1194.92,343.15,38.45,65.52,0.6610,1,-1,-1
1425,445,1223.14,369.16,29.63,63.97,0.7439,1,-1,-1
1425,455,248.81,307.08,20.89,50.34,0.6215,1,-1,-1
1425,457,264.89,299.24,23.59,54.02,0.4533,1,-1,-1
1425,451,964.84,372.83,103.95,43.01,0.7853,4,-1,-1
1425,474,510.32,291.02,22.71,50.23,0.5746,1,-1,-1
1425,478,220.60,310.16,21.55,54.09,0.6575,1,-1,-1
1425,403,1331.17,369.75,36.94,84.26,0.5370,1,-1,-1
1425,502,1607.28,193.08,15.05,30.93,0.6067,1,-1,-1
1425,506,1631.80,194.27,17.54,31.18,0.4737,1,-1,-1
1425,510,322.28,257.72,16.56,38.37,0.7114,1,-1,-1
1425,513,1230.76,264.27,16.38,35.18,0.6039,1,-1,-1
1425,518,600.30,288.04,21.58,47.11,0.5708,1,-1,-1
1426,283,1195.29,343.06,38.24,65.94,0.6469,1,-1,-1
1426,445,1223.17,369.47,30.57,64.87,0.7556,1,-1,-1
1426,455,251.71,306.71,21.00,50.50,0.6868,1,-1,-1
1426,457,266.39,299.16,23.61,54.21,0.4263,1,-1,-1
1426,451,966.02,373.00,102.72,42.62,0.7506,4,-1,-1
1426,474,513.20,291.24,22.44,49.72,0.2854,1,-1,-1
1426,478,222.06,310.99,21.76,54.63,0.6680,1,-1,-1
1426,403,1334.68,368.23,37.55,86.10,0.3007,1,-1,-1
1426,502,1610.05,193.43,14.60,30.02,0.5419,1,-1,-1
1426,506,1635.31,193.53,17.47,31.23,0.4600,1,-1,-1
1426,510,325.84,258.04,16.66,38.87,0.6289,1,-1,-1
1426,513,1231.28,264.10,16.63,35.99,0.5917,1,-1,-1
1426,518,605.05,289.13,20.99,45.75,0.5946,1,-1,-1
1427,283,1195.65,342.26,38.17,66.80,0.6197,1,-1,-1
1427,445,1223.07,369.49,31.20,65.30,0.7712,1,-1,-1
1427,455,253.61,306.55,21.16,50.58,0.6901,1,-1,-1
1427,457,268.45,299.94,23.22,53.64,0.5283,1,-1,-1
1427,451,967.83,373.34,102.43,42.59,0.7621,4,-1,-1
1427,474,515.95,290.88,22.40,49.42,0.4083,1,-1,-1
1427,478,222.92,310.97,22.04,55.23,0.6610,1,-1,-1
1427,403,1337.01,367.72,37.29,86.73,0.5964,1,-1,-1
1427,502,1611.44,192.45,14.94,30.82,0.5506,1,-1,-1
1427,506,1636.54,193.07,17.73,31.73,0.5010,1,-1,-1
1427,510,327.75,257.86,16.73,39.33,0.5535,1,-1,-1
1427,513,1231.59,263.82,16.64,36.36,0.5765,1,-1,-1
1427,518,607.19,289.79,21.47,46.80,0.5293,1,-1,-1
1428,283,1196.45,342.99,37.10,66.02,0.5993,1,-1,-1
1428,445,1223.88,369.22,31.37,65.10,0.7963,1,-1,-1
1428,455,255.16,305.55,21.34,51.05,0.6522,1,-1,-1
1428,457,270.36,299.93,23.06,53.41,0.5631,1,-1,-1
1428,451,969.20,373.49,103.20,42.98,0.7549,4,-1,-1
1428,474,519.76,291.71,21.71,47.68,0.2886,1,-1,-1
1428,478,224.58,310.94,21.82,54.56,0.7114,1,-1,-1
1428,403,1338.75,367.92,36.66,86.08,0.6567,1,-1,-1
1428,502,1612.82,191.65,15.38,31.82,0.5545,1,-1,-1
1428,506,1638.31,192.87,17.79,31.87,0.5117,1,-1,-1
1428,510,330.45,257.76,16.59,39.23,0.6935,1,-1,-1
1428,513,1231.54,263.56,16.55,36.54,0.5176,1,-1,-1
1428,518,611.74,290.60,21.04,46.05,0.5593,1,-1,-1
1429,283,1197.64,343.44,36.08,65.48,0.6123,1,-1,-1
1429,445,1224.32,368.83,31.55,65.24,0.8099,1,-1,-1
1429,455,256.45,305.67,21.53,51.37,0.6252,1,-1,-1
1429,457,271.93,299.64,23.30,53.72,0.5765,1,-1,-1
1429,451,969.82,373.63,103.03,42.98,0.7461,4,-1,-1
1429,478,226.71,311.11,21.58,53.73,0.7194,1,-1,-1
1429,403,1340.13,367.73,35.78,84.88,0.6261,1,-1,-1
1429,502,1614.58,192.03,15.71,32.66,0.5765,1,-1,-1
1429,506,1639.77,192.68,18.10,32.41,0.5612,1,-1,-1
1429,510,333.17,258.18,16.34,38.57,0.7210,1,-1,-1
1429,513,1231.45,263.68,16.24,36.25,0.5215,1,-1,-1
1429,518,615.96,291.36,20.76,45.81,0.6343,1,-1,-1
1430,283,1198.03,341.38,36.00,67.27,0.5870,1,-1,-1
1430,445,1224.74,368.66,31.52,64.93,0.7988,1,-1,-1
1430,455,256.82,305.29,21.84,51.95,0.6343,1,-1,-1
1430,457,272.54,298.87,23.80,54.67,0.6361,1,-1,-1
1430,451,970.64,373.71,102.22,42.70,0.7356,4,-1,-1
1430,478,227.73,310.93,21.64,53.59,0.7178,1,-1,-1
1430,403,1341.46,368.43,34.96,83.78,0.5641,1,-1,-1
1430,502,1615.74,191.89,15.89,33.21,0.5879,1,-1,-1
1430,506,1640.63,192.68,18.33,32.82,0.5746,1,-1,-1
1430,510,335.69,258.34,16.20,38.35,0.6160,1,-1,-1
1430,513,1231.20,263.94,15.93,35.88,0.5215,1,-1,-1
1430,518,618.43,291.39,20.58,45.94,0.6628,1,-1,-1
1430,523,1032.28,278.13,15.62,41.02,0.4795,1,-1,-1
1431,283,1199.40,343.18,34.41,65.68,0.6487,1,-1,-1
1431,445,1224.61,367.69,31.43,64.90,0.7807,1,-1,-1
1431,455,257.79,305.01,22.09,52.77,0.6645,1,-1,-1
1431,457,274.14,299.87,23.30,53.51,0.5784,1,-1,-1
1431,451,972.30,373.76,102.35,42.74,0.6723,4,-1,-1
1431,478,229.75,310.69,21.67,53.54,0.6307,1,-1,-1
1431,403,1341.97,369.24,35.65,87.34,0.5098,1,-1,-1
1431,502,1617.46,191.79,15.45,32.55,0.6086,1,-1,-1
1431,506,1642.33,192.96,18.22,32.72,0.5302,1,-1,-1
1431,510,338.66,259.01,15.69,37.39,0.6619,1,-1,-1
1431,513,1230.13,263.30,15.74,35.60,0.4045,1,-1,-1
1431,518,622.33,290.72,20.15,45.49,0.6234,1,-1,-1
1431,523,1035.43,280.30,15.67,41.21,0.3739,1,-1,-1
1432,283,1200.36,343.81,33.16,64.70,0.6469,1,-1,-1
1432,445,1224.09,366.26,31.62,66.04,0.7318,1,-1,-1
1432,455,258.85,304.82,21.92,52.81,0.6645,1,-1,-1
1432,457,275.50,300.47,22.89,52.75,0.5477,1,-1,-1
1432,451,973.50,373.78,103.37,43.23,0.6261,4,-1,-1
1432,478,231.08,309.66,21.83,54.31,0.6179,1,-1,-1
1432,403,1342.98,370.24,35.50,88.79,0.5370,1,-1,-1
1432,502,1618.69,192.31,15.31,32.44,0.6049,1,-1,-1
1432,506,1643.36,193.38,18.07,32.57,0.5496,1,-1,-1
1432,510,341.02,259.21,15.45,37.05,0.6723,1,-1,-1
1432,513,1230.69,263.35,14.88,33.49,0.4494,1,-1,-1
1432,518,625.39,290.16,19.92,45.65,0.5088,1,-1,-1
1432,523,1037.27,281.99,14.74,38.72,0.1784,1,-1,-1
1433,283,1200.67,340.79,33.56,67.27,0.6169,1,-1,-1
1433,445,1224.43,365.09,31.38,66.69,0.6817,1,-1,-1
1433,455,260.55,305.19,21.56,52.06,0.6307,1,-1,-1
1433,457,277.09,300.05,23.16,53.57,0.4961,1,-1,-1
1433,451,975.38,373.85,104.10,43.57,0.5946,4,-1,-1
1433,478,232.80,309.52,21.74,54.61,0.6289,1,-1,-1
1433,403,1344.57,373.77,35.61,90.15,0.3303,1,-1,-1
1433,502,1620.81,192.77,15.10,32.12,0.5974,1,-1,-1
1433,506,1644.81,193.57,17.91,32.18,0.4630,1,-1,-1
1433,510,344.11,259.32,15.14,36.22,0.6817,1,-1,-1
1433,513,1230.06,263.50,15.06,33.85,0.2830,1,-1,-1
1433,518,629.08,290.27,19.58,45.17,0.5898,1,-1,-1
1433,523,1040.81,279.80,15.19,39.91,0.3603,1,-1,-1
1434,283,1202.86,342.78,32.16,65.70,0.6645,1,-1,-1
1434,445,1225.73,364.42,31.02,67.25,0.6901,1,-1,-1
1434,455,263.42,305.35,21.49,51.60,0.6575,1,-1,-1
1434,457,279.10,300.36,22.95,53.21,0.5107,1,-1,-1
1434,451,976.02,373.81,105.54,44.24,0.5631,4,-1,-1
1434,478,234.71,309.87,21.61,54.35,0.6697,1,-1,-1
1434,403,1345.94,375.20,35.28,89.28,0.5727,1,-1,-1
1434,502,1622.87,191.70,15.14,32.33,0.5283,1,-1,-1
1434,506,1647.46,193.55,17.82,32.01,0.4542,1,-1,-1
1434,510,347.65,259.17,15.25,36.57,0.6697,1,-1,-1
1434,513,1231.92,263.25,14.67,33.52,0.1525,1,-1,-1
1434,518,631.91,288.87,19.75,46.22,0.6343,1,-1,-1
1434,523,1043.36,279.80,15.85,41.41,0.5823,1,-1,-1
1435,283,1204.22,343.71,31.35,65.22,0.6575,1,-1,-1
1435,445,1226.74,364.51,30.16,66.85,0.7098,1,-1,-1
1435,455,265.20,305.39,21.26,50.90,0.6379,1,-1,-1
1435,457,280.73,300.68,22.54,52.59,0.5593,1,-1,-1
1435,451,974.81,373.50,106.67,45.09,0.6697,4,-1,-1
1435,478,235.57,309.47,21.27,54.11,0.6697,1,-1,-1
1435,403,1346.51,376.28,34.72,87.55,0.5631,1,-1,-1
1435,502,1624.02,191.02,15.38,32.89,0.5400,1,-1,-1
1435,506,1648.98,193.55,17.70,31.85,0.5137,1,-1,-1
1435,510,350.51,259.32,15.14,36.48,0.6766,1,-1,-1
1435,518,634.02,288.53,19.92,47.08,0.5842,1,-1,-1
1435,523,1045.36,279.80,16.14,41.79,0.4902,1,-1,-1
1435,526,852.72,261.48,13.87,35.74,0.4542,1,-1,-1
1436,283,1204.78,342.88,31.21,66.29,0.6433,1,-1,-1
1436,445,1227.63,364.19,29.52,66.91,0.7225,1,-1,-1
1436,455,267.12,305.65,20.92,50.06,0.6160,1,-1,-1
1436,457,282.41,300.09,22.65,52.83,0.5554,1,-1,-1
1436,451,976.48,373.38,105.49,44.87,0.7082,4,-1,-1
1436,478,237.64,310.27,20.87,53.05,0.6868,1,-1,-1
1436,403,1346.84,375.24,35.10,87.23,0.6424,1,-1,-1
1436,502,1625.52,191.72,15.44,33.04,0.5651,1,-1,-1
1436,506,1650.59,193.24,17.97,32.42,0.5593,1,-1,-1
1436,510,353.06,258.36,15.61,38.00,0.6715,1,-1,-1
1436,518,638.71,288.94,17.63,41.71,0.4542,1,-1,-1
1436,523,1048.45,277.37,16.57,42.48,0.1750,1,-1,-1
1436,526,853.28,263.67,12.95,33.34,0.4446,1,-1,-1
1437,283,1205.00,341.06,31.43,68.01,0.6749,1,-1,-1
1437,445,1228.24,364.35,28.85,66.65,0.7241,1,-1,-1
1437,455,268.25,305.65,20.90,49.98,0.6361,1,-1,-1
1437,457,283.23,299.18,23.14,53.81,0.5574,1,-1,-1
1437,451,979.29,373.55,104.00,44.27,0.6826,4,-1,-1
1437,478,238.88,309.77,21.00,53.54,0.6935,1,-1,-1
1437,403,1346.24,374.55,35.80,87.87,0.5487,1,-1,-1
1437,502,1626.55,192.21,15.52,33.26,0.6030,1,-1,-1
1437,506,1651.54,192.90,18.21,32.88,0.5351,1,-1,-1
1437,510,355.46,258.05,15.07,36.97,0.7050,1,-1,-1
1437,518,641.52,289.01,18.58,43.37,0.5419,1,-1,-1
1437,523,1049.26,277.35,17.23,43.53,0.1739,1,-1,-1
1437,526,853.38,264.59,12.62,32.43,0.4330,1,-1,-1
1438,283,1204.85,338.30,32.12,70.42,0.6540,1,-1,-1
1438,445,1229.24,364.84,28.18,66.41,0.7439,1,-1,-1
1438,455,268.82,305.32,21.32,50.76,0.6325,1,-1,-1
1438,457,284.33,298.69,23.40,54.14,0.5727,1,-1,-1
1438,451,981.34,373.49,103.93,44.25,0.7387,4,-1,-1
1438,478,240.65,310.27,21.10,53.41,0.6968,1,-1,-1
1438,403,1345.76,374.97,36.82,88.46,0.5870,1,-1,-1
1438,502,1628.43,191.47,15.55,33.44,0.5574,1,-1,-1
1438,506,1653.63,193.57,17.96,32.33,0.5273,1,-1,-1
1438,510,357.82,257.35,15.10,37.28,0.6918,1,-1,-1
1438,518,645.68,288.43,18.08,42.42,0.5224,1,-1,-1
1438,523,1051.86,276.95,17.12,42.77,0.2744,1,-1,-1
1438,526,854.54,263.23,13.11,33.75,0.5554,1,-1,-1
1438,528,1216.32,261.12,22.75,54.27,0.4668,1,-1,-1
1439,283,1206.19,338.91,32.31,71.73,0.6851,1,-1,-1
1439,445,1230.72,365.56,27.29,65.40,0.7886,1,-1,-1
1439,455,270.12,305.14,21.25,50.97,0.6325,1,-1,-1
1439,457,285.92,300.28,22.76,52.39,0.4844,1,-1,-1
1439,451,982.49,373.11,103.64,44.10,0.7249,4,-1,-1
1439,478,242.86,309.22,21.50,54.70,0.6433,1,-1,-1
1439,403,1343.81,375.42,37.57,89.40,0.6142,1,-1,-1
1439,502,1629.77,191.70,15.47,33.37,0.6105,1,-1,-1
1439,506,1654.97,193.87,17.82,32.11,0.5409,1,-1,-1
1439,510,361.11,257.37,15.30,38.11,0.7130,1,-1,-1
1439,518,649.77,288.95,18.32,43.02,0.4824,1,-1,-1
1439,523,1054.31,277.58,17.49,43.41,0.4824,1,-1,-1
1439,526,855.92,263.76,13.05,33.64,0.4369,1,-1,-1
1439,528,1219.56,262.15,22.70,54.20,0.5068,1,-1,-1
1440,283,1206.94,339.29,32.27,72.53,0.6645,1,-1,-1
1440,445,1231.72,365.78,26.77,65.21,0.7753,1,-1,-1
1440,455,271.14,305.65,20.90,50.21,0.6397,1,-1,-1
1440,457,289.08,305.13,20.66,47.55,0.3858,1,-1,-1
1440,451,983.47,373.15,102.65,43.64,0.7025,4,-1,-1
1440,478,244.21,308.62,21.50,54.94,0.6415,1,-1,-1
1440,403,1344.06,375.66,38.22,88.36,0.6095,1,-1,-1
1440,502,1631.16,192.49,15.29,32.89,0.6011,1,-1,-1
1440,506,1656.24,194.14,17.60,31.69,0.5020,1,-1,-1
1440,510,363.12,257.40,15.54,39.10,0.6885,1,-1,-1
1440,518,652.34,289.94,18.28,42.81,0.5467,1,-1,-1
1440,523,1055.98,277.93,17.68,43.49,0.5341,1,-1,-1
1440,526,856.76,262.90,13.40,34.47,0.4484,1,-1,-1
1440,528,1221.95,263.29,22.17,52.92,0.2372,1,-1,-1
1441,283,1208.24,340.12,31.71,71.85,0.6575,1,-1,-1
1441,445,1232.52,365.75,26.60,65.35,0.7963,1,-1,-1
1441,455,273.08,305.20,21.04,50.43,0.6540,1,-1,-1
1441,457,288.71,303.22,21.68,49.57,0.3794,1,-1,-1
1441,451,987.41,373.41,98.56,41.63,0.5917,4,-1,-1
1441,478,245.58,308.36,21.92,56.12,0.6433,1,-1,-1
1441,403,1342.87,376.09,38.46,86.40,0.6460,1,-1,-1
1441,502,1633.67,192.26,15.29,32.84,0.5574,1,-1,-1
1441,506,1658.98,193.85,17.46,31.45,0.4902,1,-1,-1
1441,510,365.99,256.91,15.30,38.62,0.6575,1,-1,-1
1441,518,656.54,291.90,17.52,41.22,0.5477,1,-1,-1
1441,523,1059.84,278.66,17.35,42.72,0.3277,1,-1,-1
1441,526,857.91,262.01,13.61,35.09,0.4620,1,-1,-1
1441,528,1223.84,263.90,21.97,52.47,0.4961,1,-1,-1
1441,529,1338.11,375.91,35.48,81.15,0.5516,1,-1,-1
1442,283,1208.89,340.74,30.98,70.74,0.6885,1,-1,-1
1442,445,1233.54,365.70,26.29,65.15,0.7988,1,-1,-1
1442,455,274.82,305.40,20.90,49.81,0.7050,1,-1,-1
1442,457,288.78,300.97,22.54,51.52,0.3821,1,-1,-1
1442,451,988.62,373.72,97.61,41.04,0.5784,4,-1,-1
1442,478,246.99,308.45,21.51,55.35,0.6783,1,-1,-1
1442,403,1342.53,375.44,39.68,88.54,0.5974,1,-1,-1
1442,502,1635.46,191.40,15.68,33.48,0.5699,1,-1,-1
1442,506,1660.71,193.05,17.69,31.78,0.4932,1,-1,-1
1442,510,367.87,257.40,15.35,38.79,0.7318,1,-1,-1
1442,518,658.95,289.72,18.17,43.39,0.5898,1,-1,-1
1442,523,1062.22,284.21,15.66,37.15,0.1389,1,-1,-1
1442,526,858.62,261.25,13.83,35.73,0.5137,1,-1,-1
1442,528,1225.16,263.20,21.77,52.26,0.5049,1,-1,-1
1442,529,1337.79,375.88,35.53,81.48,0.4206,1,-1,-1
1443,283,1211.58,341.21,29.30,67.43,0.7256,1,-1,-1
1443,445,1235.20,365.69,25.75,64.63,0.7210,1,-1,-1
1443,455,278.13,304.77,21.10,50.18,0.6252,1,-1,-1
1443,457,290.70,300.21,22.67,52.22,0.5098,1,-1,-1
1443,451,989.18,373.28,97.71,41.14,0.6179,4,-1,-1
1443,478,249.00,309.26,20.95,53.67,0.7033,1,-1,-1
1443,502,1637.15,192.12,15.65,33.30,0.5784,1,-1,-1
1443,506,1662.92,193.24,17.61,31.66,0.5029,1,-1,-1
1443,510,371.00,256.62,15.94,40.45,0.7318,1,-1,-1
1443,518,663.32,292.93,16.93,40.56,0.4639,1,-1,-1
1443,523,1065.83,280.62,16.18,38.72,0.2636,1,-1,-1
1443,526,859.97,261.08,13.66,35.42,0.4130,1,-1,-1
1443,528,1228.03,262.20,22.24,53.52,0.2465,1,-1,-1
1443,529,1339.27,375.65,33.10,75.96,0.2674,1,-1,-1
1443,531,337.97,261.41,17.22,36.27,0.5564,1,-1,-1
1444,283,1213.96,340.56,28.80,67.07,0.6800,1,-1,-1
1444,445,1236.16,364.71,25.72,65.57,0.6918,1,-1,-1
1444,455,280.03,304.48,21.20,50.48,0.5974,1,-1,-1
1444,457,292.76,300.63,22.07,51.33,0.4301,1,-1,-1
1444,451,990.62,373.23,97.70,41.14,0.7033,4,-1,-1
1444,478,251.55,308.86,21.14,54.18,0.6834,1,-1,-1
1444,502,1639.71,191.04,16.14,34.28,0.5205,1,-1,-1
1444,506,1664.89,193.24,18.26,32.73,0.4902,1,-1,-1
1444,510,374.78,256.91,15.70,39.96,0.6030,1,-1,-1
1444,518,667.08,291.06,17.60,42.60,0.5842,1,-1,-1
1444,523,1068.47,279.18,16.58,39.94,0.3998,1,-1,-1
1444,526,861.50,260.95,13.45,35.11,0.2894,1,-1,-1
1444,528,1231.64,262.15,22.08,53.51,0.4054,1,-1,-1
1444,529,1338.08,375.24,35.84,82.24,0.3998,1,-1,-1
1444,531,341.36,261.22,16.10,33.98,0.3923,1,-1,-1
1445,283,1215.73,340.85,28.34,66.96,0.6610,1,-1,-1
1445,445,1236.93,363.89,25.56,66.21,0.7017,1,-1,-1
1445,455,280.92,304.46,21.30,50.75,0.5879,1,-1,-1
1445,457,294.30,299.81,22.34,52.04,0.4639,1,-1,-1
1445,451,992.35,373.11,97.20,40.93,0.6645,4,-1,-1
1445,478,253.40,308.67,20.88,53.64,0.6505,1,-1,-1
1445,502,1641.40,191.26,15.86,33.72,0.5370,1,-1,-1
1445,506,1666.34,193.23,18.37,32.87,0.5010,1,-1,-1
1445,510,377.49,257.31,15.54,39.23,0.6680,1,-1,-1
1445,518,669.97,290.81,17.72,42.97,0.5312,1,-1,-1
1445,523,1070.03,277.83,16.46,40.18,0.2553,1,-1,-1
1445,526,862.47,261.08,13.18,34.62,0.3057,1,-1,-1
1445,528,1233.67,261.95,21.96,53.43,0.4235,1,-1,-1
1445,531,344.07,262.10,15.82,33.45,0.4140,1,-1,-1
1446,283,1217.63,340.84,28.79,68.94,0.6851,1,-1,-1
1446,445,1239.06,363.84,25.17,65.95,0.6715,1,-1,-1
1446,455,283.08,305.53,20.79,49.58,0.6142,1,-1,-1
1446,457,294.77,301.35,22.32,51.26,0.4698,1,-1,-1
1446,451,994.45,373.28,98.50,41.40,0.5737,4,-1,-1
1446,478,255.88,308.12,20.76,53.59,0.6540,1,-1,-1
1446,502,1643.49,191.29,16.06,34.17,0.5804,1,-1,-1
1446,506,1668.59,193.23,18.30,32.54,0.4523,1,-1,-1
1446,510,381.08,257.28,15.41,38.39,0.6469,1,-1,-1
1446,518,674.72,286.56,16.77,40.70,0.1895,1,-1,-1
1446,523,1073.92,276.66,16.78,41.50,0.2214,1,-1,-1
1446,526,863.99,260.23,12.84,33.99,0.3040,1,-1,-1
1446,528,1236.41,262.21,22.80,54.43,0.5651,1,-1,-1
1446,531,347.71,262.30,15.59,32.87,0.4102,1,-1,-1
1447,283,1219.02,341.16,28.76,69.73,0.6800,1,-1,-1
1447,445,1240.57,362.98,25.39,67.05,0.6689,1,-1,-1
1447,455,284.12,303.99,21.19,50.79,0.6540,1,-1,-1
1447,457,296.96,301.23,22.47,51.65,0.5010,1,-1,-1
1447,451,996.17,373.48,98.38,41.22,0.6188,4,-1,-1
1447,478,257.68,307.72,20.90,54.19,0.6715,1,-1,-1
1447,502,1645.86,190.23,16.27,34.69,0.5670,1,-1,-1
1447,506,1670.98,193.25,18.30,32.43,0.5273,1,-1,-1
1447,510,383.71,257.24,15.36,38.07,0.5341,1,-1,-1
1447,518,677.68,286.69,17.62,42.63,0.2241,1,-1,-1
1447,523,1076.93,276.85,16.21,40.75,0.2316,1,-1,-1
1447,526,865.66,260.45,11.96,31.80,0.4254,1,-1,-1
1447,528,1239.56,262.35,21.73,51.99,0.3107,1,-1,-1
1448,283,1220.53,341.32,28.94,70.90,0.6680,1,-1,-1
1448,445,1242.09,363.48,25.34,67.45,0.6628,1,-1,-1
1448,455,287.15,303.30,21.30,51.08,0.6505,1,-1,-1
1448,457,298.21,300.55,22.81,52.02,0.4971,1,-1,-1
1448,451,996.85,373.42,99.07,41.66,0.6289,4,-1,-1
1448,478,260.33,308.70,20.90,53.92,0.7272,1,-1,-1
1448,502,1648.54,191.16,15.99,33.89,0.5525,1,-1,-1
1448,506,1673.85,193.16,18.16,32.41,0.5727,1,-1,-1
1448,510,387.24,257.02,15.21,37.65,0.5651,1,-1,-1
1448,518,682.95,284.27,17.96,43.22,0.1733,1,-1,-1
1448,523,1079.25,276.20,16.34,41.24,0.2591,1,-1,-1
1448,526,867.08,260.32,12.28,32.94,0.4756,1,-1,-1
1448,528,1242.19,261.90,21.86,52.29,0.2806,1,-1,-1
1448,529,1336.34,372.75,38.58,89.96,0.4717,1,-1,-1
1449,283,1222.63,341.70,28.79,71.09,0.7349,1,-1,-1
1449,445,1245.53,364.13,24.97,66.35,0.7513,1,-1,-1
1449,455,290.64,302.86,21.66,51.56,0.6123,1,-1,-1
1449,457,299.84,300.91,22.74,51.67,0.4698,1,-1,-1
1449,451,998.71,373.37,100.67,42.55,0.4746,4,-1,-1
1449,478,263.23,308.60,21.32,54.79,0.7272,1,-1,-1
1449,502,1652.00,191.27,15.60,32.93,0.5574,1,-1,-1
1449,506,1676.88,193.48,18.31,32.67,0.5215,1,-1,-1
1449,510,391.87,257.65,15.00,36.77,0.4980,1,-1,-1
1449,518,689.47,286.78,15.61,37.20,0.1461,1,-1,-1
1449,523,1082.59,276.21,17.07,43.06,0.3057,1,-1,-1
1449,526,868.74,260.08,13.19,35.26,0.4475,1,-1,-1
1449,528,1248.66,262.75,22.05,52.97,0.5302,1,-1,-1
1449,529,1334.99,373.92,38.35,90.24,0.6809,1,-1,-1
1450,283,1224.47,342.01,28.25,69.99,0.6868,1,-1,-1
1450,445,1247.73,364.43,24.40,64.89,0.7334,1,-1,-1
1450,455,292.98,303.02,21.70,51.21,0.5689,1,-1,-1
1450,457,301.81,300.88,22.71,51.65,0.5244,1,-1,-1
1450,451,1001.21,373.38,98.68,41.75,0.7082,4,-1,-1
1450,478,265.48,308.75,21.34,54.53,0.6766,1,-1,-1
1450,502,1653.85,191.58,15.66,32.93,0.5936,1,-1,-1
1450,506,1678.68,193.73,18.17,32.41,0.4932,1,-1,-1
1450,510,395.09,257.52,14.61,35.58,0.2401,1,-1,-1
1450,518,692.99,286.85,16.74,40.34,0.1082,1,-1,-1
1450,523,1086.58,275.89,15.58,39.54,0.1188,1,-1,-1
1450,526,870.30,260.18,13.25,35.44,0.2121,1,-1,-1
1450,528,1251.42,263.40,22.08,53.06,0.5670,1,-1,-1
1450,529,1334.34,374.58,37.38,88.46,0.6460,1,-1,-1
1451,283,1226.87,342.24,27.54,68.60,0.6697,1,-1,-1
1451,445,1249.86,364.17,23.86,64.04,0.6800,1,-1,-1
1451,455,295.32,304.69,21.10,49.33,0.6505,1,-1,-1
1451,457,302.82,301.58,22.89,51.18,0.4639,1,-1,-1
1451,451,1003.28,373.49,99.22,42.09,0.7241,4,-1,-1
1451,478,268.61,307.93,21.20,54.48,0.6851,1,-1,-1
1451,502,1657.05,191.84,15.63,32.75,0.5708,1,-1,-1
1451,506,1682.63,193.67,17.88,31.92,0.4776,1,-1,-1
1451,510,398.96,256.39,15.05,36.51,0.4446,1,-1,-1
1451,518,698.10,288.89,16.58,39.99,0.2127,1,-1,-1
1451,523,1092.01,275.36,13.01,32.70,0.4552,1,-1,-1
1451,526,872.65,260.21,13.25,35.45,0.1913,1,-1,-1
1451,528,1254.92,266.22,21.02,50.25,0.3657,1,-1,-1
1451,529,1333.85,376.05,36.88,87.80,0.5804,1,-1,-1
1452,283,1228.71,342.14,27.73,69.67,0.6593,1,-1,-1
1452,445,1250.63,363.27,24.31,66.10,0.6021,1,-1,-1
1452,455,296.61,304.89,20.82,48.69,0.6749,1,-1,-1
1452,457,305.43,301.25,22.72,51.13,0.4717,1,-1,-1
1452,451,1006.62,373.44,98.80,41.80,0.7311,4,-1,-1
1452,478,270.88,307.94,21.05,54.30,0.6817,1,-1,-1
1452,502,1659.55,192.00,15.51,32.26,0.5765,1,-1,-1
1452,506,1684.76,193.55,17.94,31.89,0.4932,1,-1,-1
1452,510,401.76,255.83,15.30,37.38,0.4863,1,-1,-1
1452,523,1095.74,274.49,11.42,28.51,0.3398,1,-1,-1
1452,526,874.37,259.30,13.18,35.50,0.1784,1,-1,-1
1452,528,1256.62,265.46,21.43,51.34,0.3785,1,-1,-1
1452,529,1333.08,376.44,36.91,88.34,0.4407,1,-1,-1
1453,283,1230.70,342.13,27.75,70.10,0.6619,1,-1,-1
1453,445,1252.85,363.17,24.52,67.21,0.6451,1,-1,-1
1453,455,300.43,304.75,21.04,48.77,0.5765,1,-1,-1
1453,457,310.56,301.58,22.38,50.60,0.5506,1,-1,-1
1453,451,1009.78,373.42,98.05,41.30,0.7564,4,-1,-1
1453,478,273.57,308.79,20.81,53.50,0.7146,1,-1,-1
1453,502,1662.54,191.91,15.81,32.93,0.5689,1,-1,-1
1453,506,1687.67,193.35,18.46,32.78,0.5670,1,-1,-1
1453,510,405.99,256.40,15.23,37.11,0.6325,1,-1,-1
1453,526,876.36,258.92,13.20,35.54,0.1566,1,-1,-1
1453,528,1260.20,262.16,22.59,54.84,0.5993,1,-1,-1
1454,283,1233.01,341.94,27.75,70.19,0.7272,1,-1,-1
1454,445,1255.74,363.85,24.78,67.66,0.7542,1,-1,-1
1454,455,303.53,303.39,21.74,50.58,0.5322,1,-1,-1
1454,457,314.64,300.69,22.53,51.43,0.6049,1,-1,-1
1454,451,1010.26,372.94,101.39,42.91,0.6558,4,-1,-1
1454,478,277.50,308.12,20.93,54.02,0.6289,1,-1,-1
1454,502,1665.68,192.02,15.91,32.96,0.5438,1,-1,-1
1454,506,1691.06,193.60,18.31,32.49,0.4581,1,-1,-1
1454,510,410.37,255.91,14.97,36.48,0.2379,1,-1,-1
1454,526,879.04,259.49,13.51,36.34,0.1334,1,-1,-1
1454,528,1265.01,261.39,22.64,55.08,0.6011,1,-1,-1
1455,283,1234.46,341.87,28.06,71.24,0.6885,1,-1,-1
1455,445,1258.29,364.23,24.74,67.35,0.7628,1,-1,-1
1455,455,305.01,304.25,21.37,50.02,0.5727,1,-1,-1
1455,457,317.84,300.57,22.14,51.01,0.6179,1,-1,-1
1455,451,1012.40,372.83,99.30,42.06,0.7001,4,-1,-1
1455,478,280.13,307.73,20.35,52.92,0.6289,1,-1,-1
1455,502,1668.72,191.81,16.14,33.38,0.5506,1,-1,-1
1455,506,1694.02,193.72,18.25,32.25,0.4844,1,-1,-1
1455,510,413.38,254.30,15.46,38.02,0.2415,1,-1,-1
1455,526,881.12,258.89,13.76,36.82,0.4707,1,-1,-1
1455,528,1268.00,260.76,22.09,54.26,0.4484,1,-1,-1
1455,529,1335.35,377.80,35.77,86.33,0.4533,1,-1,-1
1456,283,1236.16,342.13,27.80,70.16,0.7614,1,-1,-1
1456,445,1260.20,364.54,24.33,66.45,0.7017,1,-1,-1
1456,455,307.34,304.82,20.59,48.13,0.5898,1,-1,-1
1456,457,320.92,300.59,21.95,50.46,0.5400,1,-1,-1
1456,451,1015.42,372.98,99.57,42.20,0.7210,4,-1,-1
1456,478,283.70,308.49,20.48,53.14,0.6766,1,-1,-1
1456,502,1672.46,192.68,15.91,32.89,0.5612,1,-1,-1
1456,506,1697.83,193.24,18.34,32.59,0.5341,1,-1,-1
1456,510,417.14,254.36,15.42,38.09,0.4630,1,-1,-1
1456,526,884.31,257.86,14.09,37.82,0.4834,1,-1,-1
1456,528,1272.14,261.40,22.12,54.11,0.6487,1,-1,-1
1456,529,1337.49,376.69,35.78,87.20,0.4785,1,-1,-1
1457,283,1237.88,342.34,27.55,68.99,0.7684,1,-1,-1
1457,445,1261.99,364.02,24.41,66.55,0.6783,1,-1,-1
1457,455,308.97,303.75,20.91,49.28,0.6451,1,-1,-1
1457,457,322.15,300.52,22.40,50.74,0.5917,1,-1,-1
1457,451,1018.59,373.27,99.00,41.90,0.7387,4,-1,-1
1457,478,286.30,308.82,20.70,53.28,0.7033,1,-1,-1
1457,502,1675.29,192.61,15.83,32.80,0.5458,1,-1,-1
1457,506,1701.07,193.82,18.04,32.11,0.5224,1,-1,-1
1457,510,421.40,253.96,14.52,36.23,0.1307,1,-1,-1
1457,526,886.20,257.26,14.27,38.34,0.4388,1,-1,-1
1457,528,1274.80,260.78,22.57,55.21,0.5727,1,-1,-1
1457,529,1339.06,375.85,36.14,88.42,0.5467,1,-1,-1
1458,283,1238.92,343.18,27.62,68.03,0.7272,1,-1,-1
1458,445,1265.29,364.13,24.72,66.96,0.7186,1,-1,-1
1458,455,315.27,301.83,21.65,50.60,0.5804,1,-1,-1
1458,457,325.37,300.02,22.81,51.21,0.5631,1,-1,-1
1458,451,1022.03,373.35,97.20,41.09,0.7225,4,-1,-1
1458,478,290.79,308.10,20.76,53.48,0.6645,1,-1,-1
1458,502,1679.89,193.19,15.53,32.25,0.5746,1,-1,-1
1458,506,1706.41,194.24,17.44,31.19,0.4639,1,-1,-1
1458,510,426.58,253.42,14.84,37.39,0.2167,1,-1,-1
1458,526,889.62,256.57,14.50,39.21,0.1968,1,-1,-1
1458,528,1280.36,261.00,22.53,55.63,0.5322,1,-1,-1
1458,529,1340.58,375.22,36.77,89.56,0.6406,1,-1,-1
1459,283,1241.37,343.52,28.56,68.67,0.7753,1,-1,-1
1459,445,1269.76,364.80,24.59,66.45,0.7899,1,-1,-1
1459,455,319.39,302.68,21.38,49.45,0.5689,1,-1,-1
1459,457,328.79,299.51,23.38,51.58,0.5127,1,-1,-1
1459,451,1025.34,373.69,97.87,41.37,0.7585,4,-1,-1
1459,478,295.40,308.47,20.65,52.88,0.7001,1,-1,-1
1459,502,1684.91,193.07,15.78,32.97,0.6252,1,-1,-1
1459,506,1711.21,193.61,18.01,32.17,0.5574,1,-1,-1
1459,526,893.59,256.68,14.27,38.47,0.3166,1,-1,-1
1459,528,1284.63,260.17,22.80,56.36,0.5936,1,-1,-1
1459,529,1342.50,374.61,37.11,89.81,0.6514,1,-1,-1
1460,283,1243.43,345.04,28.54,67.04,0.7241,1,-1,-1
1460,445,1272.41,365.34,24.45,66.45,0.7050,1,-1,-1
1460,455,322.46,302.18,21.67,49.57,0.6645,1,-1,-1
1460,457,331.66,299.60,23.42,51.23,0.4737,1,-1,-1
1460,451,1029.74,374.22,98.15,41.32,0.7311,4,-1,-1
1460,478,298.77,307.42,21.07,53.97,0.7194,1,-1,-1
1460,502,1688.58,192.53,16.00,33.38,0.4941,1,-1,-1
1460,506,1714.27,193.48,18.29,32.64,0.4805,1,-1,-1
1460,526,896.65,256.86,14.33,38.66,0.3961,1,-1,-1
1460,528,1288.42,259.99,23.01,57.11,0.5215,1,-1,-1
1460,529,1344.68,374.25,37.77,90.99,0.5775,1,-1,-1
1461,283,1245.72,345.64,29.05,66.49,0.6575,1,-1,-1
1461,445,1276.05,364.63,24.60,66.87,0.6809,1,-1,-1
1461,457,332.06,299.48,24.46,52.33,0.6307,1,-1,-1
1461,451,1034.09,374.40,97.14,40.55,0.7905,4,-1,-1
1461,478,303.67,306.90,20.90,53.51,0.6715,1,-1,-1
1461,502,1693.77,192.54,15.73,32.92,0.5176,1,-1,-1
1461,506,1719.37,193.55,18.05,32.15,0.4196,1,-1,-1
1461,528,1293.38,260.65,23.01,56.85,0.5765,1,-1,-1
1461,529,1346.71,374.64,36.86,89.85,0.5496,1,-1,-1
1462,283,1247.46,346.95,28.98,64.53,0.7098,1,-1,-1
1462,445,1278.69,365.34,24.59,66.95,0.6628,1,-1,-1
1462,457,335.39,298.17,25.09,53.11,0.5293,1,-1,-1
1462,451,1035.65,374.13,99.64,41.43,0.7535,4,-1,-1
1462,478,306.69,306.66,20.83,53.51,0.6715,1,-1,-1
1462,502,1697.51,192.79,15.53,32.53,0.5765,1,-1,-1
1462,506,1723.23,193.36,18.10,32.26,0.4912,1,-1,-1
1462,528,1296.76,260.13,23.40,57.23,0.6343,1,-1,-1
1462,529,1347.78,374.41,37.03,89.93,0.6197,1,-1,-1
1462,455,330.76,300.75,22.90,51.18,0.6086,1,-1,-1
1463,283,1250.03,348.16,29.08,63.21,0.7066,1,-1,-1
1463,445,1283.23,365.91,24.30,66.41,0.7873,1,-1,-1
1463,457,340.89,297.85,24.88,52.60,0.5302,1,-1,-1
1463,451,1038.46,373.93,100.54,41.84,0.7498,4,-1,-1
1463,478,311.25,305.85,21.21,54.48,0.6817,1,-1,-1
1463,502,1703.09,193.56,14.99,31.22,0.5574,1,-1,-1
1463,506,1727.74,194.00,17.95,31.76,0.3821,1,-1,-1
1463,528,1301.49,260.58,24.13,58.14,0.5098,1,-1,-1
1463,529,1351.42,374.76,37.13,90.12,0.6325,1,-1,-1
1463,455,334.30,300.51,23.20,50.81,0.6749,1,-1,-1
1463,526,907.85,257.13,14.01,37.56,0.5554,1,-1,-1
1464,283,1254.09,348.99,29.12,62.36,0.6645,1,-1,-1
1464,445,1286.63,366.56,24.21,66.45,0.7050,1,-1,-1
1464,457,342.13,297.37,25.33,52.94,0.5842,1,-1,-1
1464,451,1043.13,373.63,97.18,40.33,0.7454,4,-1,-1
1464,478,317.44,306.65,20.74,52.56,0.6496,1,-1,-1
1464,502,1708.42,193.24,15.42,32.11,0.5234,1,-1,-1
1464,506,1733.98,193.28,18.52,32.70,0.4834,1,-1,-1
1464,528,1307.29,260.38,24.27,57.46,0.5127,1,-1,-1
1464,455,338.36,301.63,22.65,49.27,0.5361,1,-1,-1
1464,526,912.01,256.89,13.94,36.98,0.1225,1,-1,-1
1465,283,1256.08,347.76,30.51,64.53,0.6843,1,-1,-1
1465,445,1289.47,367.38,24.16,66.11,0.6993,1,-1,-1
1465,457,345.91,297.43,25.41,52.95,0.5224,1,-1,-1
1465,451,1045.03,373.90,99.58,41.42,0.7379,4,-1,-1
1465,478,320.64,306.44,21.07,53.23,0.6663,1,-1,-1
1465,502,1712.25,193.60,15.42,32.06,0.4340,1,-1,-1
1465,506,1737.83,193.38,18.75,33.17,0.4036,1,-1,-1
1465,528,1310.78,260.50,24.74,57.29,0.5651,1,-1,-1
1465,455,342.36,300.06,23.73,50.93,0.6289,1,-1,-1
1465,526,915.45,256.90,14.25,37.29,0.3998,1,-1,-1
1466,283,1259.43,348.37,30.73,64.40,0.7318,1,-1,-1
1466,445,1294.24,366.62,24.46,66.91,0.7571,1,-1,-1
1466,457,349.48,297.03,25.85,53.60,0.5254,1,-1,-1
1466,451,1048.18,373.92,101.38,42.29,0.7424,4,-1,-1
1466,478,325.25,305.67,21.17,53.69,0.6451,1,-1,-1
1466,502,1717.59,193.55,15.29,31.65,0.3594,1,-1,-1
1466,506,1743.30,193.39,18.62,32.84,0.3513,1,-1,-1
1466,528,1316.02,260.82,25.08,57.03,0.5273,1,-1,-1
1466,455,346.17,299.73,24.39,51.53,0.6325,1,-1,-1
1466,526,920.16,257.12,14.16,36.76,0.4785,1,-1,-1
1467,283,1261.45,348.38,31.03,65.04,0.6893,1,-1,-1
1467,445,1297.38,366.71,24.28,66.73,0.7017,1,-1,-1
1467,457,352.68,296.78,25.78,53.19,0.5487,1,-1,-1
1467,451,1052.28,374.40,101.86,42.48,0.7202,4,-1,-1
1467,478,328.44,305.86,20.88,53.26,0.6160,1,-1,-1
1467,502,1721.17,193.72,15.53,31.94,0.4610,1,-1,-1
1467,506,1747.44,193.22,18.54,32.63,0.3821,1,-1,-1
1467,528,1320.28,261.25,25.33,56.36,0.4707,1,-1,-1
1467,455,349.50,300.10,24.15,50.52,0.6487,1,-1,-1
1467,526,922.89,257.62,13.99,36.04,0.2806,1,-1,-1
1468,283,1265.39,349.21,30.49,63.44,0.6715,1,-1,-1
1468,445,1301.70,366.88,24.35,66.68,0.6531,1,-1,-1
1468,457,359.80,297.09,24.93,52.94,0.5487,1,-1,-1
1468,451,1057.03,374.69,100.58,41.67,0.7732,4,-1,-1
1468,478,332.28,305.59,20.56,52.80,0.6697,1,-1,-1
1468,502,1726.45,193.91,15.37,31.06,0.3124,1,-1,-1
1468,506,1751.81,193.92,18.37,32.13,0.2999,1,-1,-1
1468,528,1325.00,261.01,25.58,56.25,0.4737,1,-1,-1
1468,455,352.64,299.13,24.88,51.97,0.5351,1,-1,-1
1468,526,927.20,258.46,13.83,35.24,0.2736,1,-1,-1
1469,283,1269.48,349.27,30.46,63.36,0.6225,1,-1,-1
1469,445,1306.75,367.82,24.35,66.18,0.7656,1,-1,-1
1469,457,365.34,295.74,24.74,53.58,0.6086,1,-1,-1
1469,451,1060.58,374.13,99.86,41.37,0.7484,4,-1,-1
1469,478,337.70,305.49,20.39,52.72,0.6123,1,-1,-1
1469,502,1731.66,193.34,16.40,32.90,0.5078,1,-1,-1
1469,506,1758.16,193.22,19.07,33.29,0.4436,1,-1,-1
1469,528,1332.57,260.87,24.85,54.26,0.3886,1,-1,-1
1469,455,354.21,301.42,23.16,49.60,0.5516,1,-1,-1
1469,526,932.10,257.94,14.18,35.76,0.4980,1,-1,-1
1470,283,1272.57,349.70,30.40,62.97,0.6715,1,-1,-1
1470,445,1309.87,368.48,24.15,65.35,0.7484,1,-1,-1
1470,457,368.48,296.55,23.89,52.25,0.5400,1,-1,-1
1470,451,1064.11,374.05,99.54,41.18,0.7484,4,-1,-1
1470,478,341.72,306.31,19.85,51.10,0.6039,1,-1,-1
1470,502,1735.38,193.66,16.90,33.90,0.3720,1,-1,-1
1470,506,1761.60,193.11,19.55,34.19,0.4707,1,-1,-1
1470,528,1336.20,261.53,24.24,52.71,0.3337,1,-1,-1
1470,455,357.37,301.98,22.11,48.01,0.5361,1,-1,-1
1470,526,934.96,257.83,14.15,35.32,0.2043,1,-1,-1
1471,283,1275.37,348.80,30.46,63.76,0.6406,1,-1,-1
1471,445,1314.09,369.37,24.27,65.27,0.7225,1,-1,-1
1471,457,374.11,297.14,23.10,51.51,0.5487,1,-1,-1
1471,451,1067.69,374.70,99.99,41.20,0.7372,4,-1,-1
1471,478,345.41,305.25,20.12,52.15,0.6749,1,-1,-1
1471,502,1740.65,193.47,16.56,33.12,0.3504,1,-1,-1
1471,506,1767.30,192.77,19.25,33.70,0.2846,1,-1,-1
1471,528,1342.11,261.08,25.05,54.16,0.6086,1,-1,-1
1471,455,364.66,301.22,22.33,48.48,0.4873,1,-1,-1
1471,526,939.89,258.09,14.58,36.10,0.4244,1,-1,-1
1472,283,1277.97,348.73,30.23,63.96,0.6433,1,-1,-1
1472,445,1317.32,370.19,24.08,64.36,0.7130,1,-1,-1
1472,457,377.59,295.50,23.09,52.40,0.5823,1,-1,-1
1472,451,1070.24,374.94,101.15,41.59,0.7578,4,-1,-1
1472,478,348.39,304.26,20.23,52.81,0.6505,1,-1,-1
1472,502,1744.23,193.25,16.61,33.05,0.5195,1,-1,-1
1472,506,1770.96,192.31,19.43,34.04,0.4902,1,-1,-1
1472,528,1346.16,260.87,25.51,54.88,0.4912,1,-1,-1
1472,455,366.72,301.43,21.97,48.04,0.5049,1,-1,-1
1472,526,942.89,257.17,14.89,36.58,0.4465,1,-1,-1
1473,283,1281.66,348.85,29.67,63.37,0.6558,1,-1,-1
1473,445,1321.47,370.89,23.97,63.50,0.7241,1,-1,-1
1473,457,380.63,294.52,23.31,53.22,0.5746,1,-1,-1
1473,451,1074.01,374.63,99.95,41.05,0.7409,4,-1,-1
1473,478,353.11,305.01,20.07,52.64,0.6123,1,-1,-1
1473,502,1749.46,193.96,16.42,32.52,0.4513,1,-1,-1
1473,506,1775.03,193.28,19.08,33.26,0.3905,1,-1,-1
1473,528,1352.63,261.67,25.38,54.86,0.1059,10,-1,-1
1473,455,370.29,301.40,21.56,47.57,0.4649,1,-1,-1
1473,526,946.82,258.10,14.62,35.89,0.1883,1,-1,-1
1474,283,1285.64,347.41,30.17,65.30,0.6531,1,-1,-1
1474,445,1326.12,371.06,24.37,64.02,0.7210,1,-1,-1
1474,457,386.18,297.84,21.38,49.35,0.5670,1,-1,-1
1474,451,1078.65,374.90,100.63,41.19,0.7564,4,-1,-1
1474,478,357.49,304.34,20.27,53.18,0.6951,1,-1,-1
1474,502,1754.84,193.78,16.64,32.68,0.5312,1,-1,-1
1474,506,1781.15,192.90,19.69,34.28,0.4717,1,-1,-1
1474,528,1358.61,260.87,25.89,56.88,0.3730,1,-1,-1
1474,455,372.67,301.58,21.66,48.62,0.3989,1,-1,-1
1474,526,952.34,258.81,14.27,35.00,0.1451,1,-1,-1
1475,283,1288.38,347.26,29.77,65.33,0.6379,1,-1,-1
1475,445,1329.10,371.23,24.69,64.13,0.7556,1,-1,-1
1475,457,389.72,297.22,21.20,49.37,0.6105,1,-1,-1
1475,451,1080.93,375.02,101.36,41.37,0.7663,4,-1,-1
1475,478,360.55,303.63,20.45,53.78,0.6715,1,-1,-1
1475,502,1758.51,193.55,16.96,33.31,0.5804,1,-1,-1
1475,506,1784.85,193.05,19.87,34.62,0.5215,1,-1,-1
1475,528,1362.68,260.71,25.42,56.65,0.4552,1,-1,-1
1475,455,376.26,301.62,20.75,46.97,0.3603,1,-1,-1
1475,526,955.13,258.48,14.51,35.59,0.4844,1,-1,-1
1476,283,1291.52,346.82,29.76,65.84,0.6935,1,-1,-1
1476,445,1332.27,372.36,24.54,62.90,0.8099,1,-1,-1
1476,457,392.34,296.23,21.61,50.21,0.6270,1,-1,-1
1476,451,1083.53,374.99,102.23,41.60,0.7549,4,-1,-1
1476,478,363.42,302.85,20.48,54.19,0.6011,1,-1,-1
1476,502,1762.61,194.41,16.46,32.48,0.5593,1,-1,-1
1476,506,1789.98,194.10,18.84,33.07,0.3251,1,-1,-1
1476,528,1366.88,260.65,24.38,55.01,0.3914,1,-1,-1
1476,455,379.07,301.80,20.08,46.22,0.3486,1,-1,-1
1476,526,958.42,258.79,14.33,35.25,0.4717,1,-1,-1
1477,283,1293.08,346.65,29.74,66.30,0.6901,1,-1,-1
1477,445,1334.09,372.93,24.58,62.37,0.7833,1,-1,-1
1477,457,393.52,295.43,22.05,51.20,0.6234,1,-1,-1
1477,451,1084.08,374.06,102.92,42.02,0.7469,4,-1,-1
1477,478,365.74,303.47,20.24,53.68,0.6334,1,-1,-1
1477,502,1764.84,194.08,16.49,32.69,0.5727,1,-1,-1
1477,506,1792.05,194.45,18.62,32.78,0.3821,1,-1,-1
1477,528,1369.23,261.08,24.64,55.93,0.3840,1,-1,-1
1477,455,380.34,301.71,19.85,46.58,0.4349,1,-1,-1
1477,526,960.20,259.19,14.49,35.85,0.3923,1,-1,-1
1478,283,1294.91,347.51,29.26,65.43,0.7033,1,-1,-1
1478,445,1336.25,373.42,24.67,61.92,0.7527,1,-1,-1
1478,457,393.77,295.04,22.55,52.12,0.6234,1,-1,-1
1478,451,1084.90,374.15,103.58,42.39,0.7409,4,-1,-1
1478,478,367.34,303.50,20.36,53.83,0.6424,1,-1,-1
1478,502,1767.81,194.43,16.01,31.81,0.4639,1,-1,-1
1478,506,1794.73,194.58,18.57,32.73,0.3775,1,-1,-1
1478,528,1371.95,260.63,24.89,56.83,0.4990,1,-1,-1
1478,455,381.19,302.45,19.33,46.25,0.3486,1,-1,-1
1478,526,962.27,259.62,14.04,35.03,0.4140,1,-1,-1
1479,283,1296.63,348.25,28.82,64.73,0.6361,1,-1,-1
1479,445,1338.14,374.46,24.59,60.81,0.6901,1,-1,-1
1479,457,393.92,295.35,22.75,52.35,0.6610,1,-1,-1
1479,451,1087.52,374.22,99.94,40.74,0.7379,4,-1,-1
1479,478,369.30,303.91,20.52,54.08,0.6030,1,-1,-1
1479,502,1769.95,194.26,16.22,32.33,0.6289,1,-1,-1
1479,506,1796.29,194.52,18.53,32.72,0.4301,1,-1,-1
1479,528,1374.54,260.13,25.20,57.64,0.4698,1,-1,-1
1479,455,381.08,303.59,19.79,48.67,0.3821,1,-1,-1
1479,526,963.84,259.73,13.90,35.10,0.1807,1,-1,-1
1480,283,1297.28,348.38,28.44,64.30,0.6584,1,-1,-1
1480,445,1338.56,374.86,25.14,61.47,0.6960,1,-1,-1
1480,457,393.81,295.68,22.89,52.41,0.6680,1,-1,-1
1480,451,1088.41,374.26,99.13,40.32,0.7318,4,-1,-1
1480,478,370.15,303.64,20.71,54.54,0.6197,1,-1,-1
1480,502,1771.04,194.09,16.26,32.54,0.6197,1,-1,-1
1480,506,1796.93,194.34,18.55,32.84,0.4388,1,-1,-1
1480,528,1379.16,262.33,23.95,55.14,0.2878,1,-1,-1
1480,455,380.14,303.16,20.19,50.83,0.4158,1,-1,-1
1480,529,1374.10,381.13,33.26,81.60,0.5438,1,-1,-1
1481,283,1297.53,348.43,28.28,64.28,0.6602,1,-1,-1
1481,445,1339.49,375.77,25.26,61.03,0.6775,1,-1,-1
1481,457,393.28,295.95,23.14,52.50,0.6397,1,-1,-1
1481,451,1088.60,374.02,100.36,40.86,0.7033,4,-1,-1
1481,478,370.67,302.57,21.25,55.81,0.6645,1,-1,-1
1481,502,1771.87,193.70,16.45,33.00,0.5993,1,-1,-1
1481,506,1797.44,194.45,18.69,33.04,0.5137,1,-1,-1
1481,528,1382.10,263.62,23.09,53.81,0.4263,1,-1,-1
1481,529,1373.45,380.82,33.89,82.62,0.5438,1,-1,-1
1482,283,1297.67,348.75,27.97,63.79,0.6740,1,-1,-1
1482,445,1340.27,376.45,25.22,60.01,0.6697,1,-1,-1
1482,457,392.72,295.82,23.31,52.45,0.6361,1,-1,-1
1482,451,1089.01,374.78,102.17,41.54,0.6843,4,-1,-1
1482,478,370.61,301.89,21.64,56.64,0.6663,1,-1,-1
1482,502,1772.08,192.89,16.87,33.84,0.5993,1,-1,-1
1482,506,1797.70,194.23,19.04,33.58,0.5322,1,-1,-1
1482,528,1384.08,264.32,22.70,53.64,0.3693,1,-1,-1
1482,529,1373.57,380.85,34.28,82.94,0.5554,1,-1,-1
1482,541,719.19,284.45,22.40,51.28,0.5974,1,-1,-1
1483,283,1297.81,349.04,27.92,63.57,0.6540,1,-1,-1
1483,445,1341.25,376.79,25.51,59.47,0.6783,1,-1,-1
1483,457,391.44,296.21,23.59,52.42,0.5651,1,-1,-1
1483,451,1090.08,374.18,99.62,40.40,0.6645,4,-1,-1
1483,478,370.17,300.99,21.90,57.25,0.6697,1,-1,-1
1483,502,1772.21,192.28,17.13,34.49,0.5974,1,-1,-1
1483,506,1797.93,194.29,19.24,33.88,0.5400,1,-1,-1
1483,528,1388.72,264.40,20.21,48.59,0.2613,1,-1,-1
1483,529,1373.29,381.10,34.45,83.01,0.5302,1,-1,-1
1483,541,721.42,285.36,22.48,51.55,0.6307,1,-1,-1
1484,283,1297.31,348.99,28.26,64.01,0.6361,1,-1,-1
1484,445,1343.08,376.87,26.51,59.71,0.7256,1,-1,-1
1484,457,390.16,296.63,23.69,52.14,0.4961,1,-1,-1
1484,451,1089.49,374.64,102.59,41.56,0.6723,4,-1,-1
1484,478,369.67,300.13,22.42,58.41,0.6783,1,-1,-1
1484,502,1772.34,192.41,17.02,34.39,0.5993,1,-1,-1
1484,506,1798.01,194.42,19.12,33.64,0.5727,1,-1,-1
1484,529,1373.30,381.10,34.39,82.26,0.5020,1,-1,-1
1484,541,722.76,286.22,22.48,51.65,0.6289,1,-1,-1
1485,283,1296.62,348.95,28.59,64.09,0.6558,1,-1,-1
1485,445,1344.11,377.34,27.40,59.67,0.7950,1,-1,-1
1485,457,389.32,296.68,23.58,51.64,0.4824,1,-1,-1
1485,451,1089.21,374.69,103.98,42.13,0.6584,4,-1,-1
1485,478,369.30,299.89,22.65,58.76,0.6697,1,-1,-1
1485,502,1772.39,192.56,16.82,34.11,0.6011,1,-1,-1
1485,506,1797.73,194.68,18.98,33.40,0.5727,1,-1,-1
1485,529,1373.63,380.86,34.98,82.33,0.5851,1,-1,-1
1485,541,723.13,286.54,23.05,53.05,0.6505,1,-1,-1
1486,283,1295.80,348.79,29.16,64.24,0.6851,1,-1,-1
1486,445,1345.24,377.26,29.65,62.65,0.8261,1,-1,-1
1486,457,387.04,297.26,23.70,52.14,0.4254,1,-1,-1
1486,451,1088.41,374.71,106.31,43.19,0.6976,4,-1,-1
1486,478,368.70,300.04,22.29,57.73,0.5860,1,-1,-1
1486,502,1772.42,192.02,16.99,34.54,0.6142,1,-1,-1
1486,506,1797.38,194.40,19.01,33.58,0.5860,1,-1,-1
1486,529,1373.91,381.16,34.86,82.03,0.6215,1,-1,-1
1486,541,723.82,286.96,22.95,52.99,0.6697,1,-1,-1
1487,283,1295.07,348.82,29.79,64.34,0.6868,1,-1,-1
1487,445,1345.67,377.16,31.38,64.86,0.8182,1,-1,-1
1487,457,386.06,297.50,23.15,51.04,0.3702,1,-1,-1
1487,451,1088.16,374.75,106.81,43.51,0.6976,4,-1,-1
1487,478,367.96,300.02,22.06,56.69,0.5775,1,-1,-1
1487,502,1772.40,191.53,17.14,34.93,0.6123,1,-1,-1
1487,506,1797.25,194.21,19.03,33.70,0.5917,1,-1,-1
1487,529,1373.34,381.11,34.99,82.34,0.6610,1,-1,-1
1487,541,724.42,287.05,22.56,52.34,0.6505,1,-1,-1
1487,542,1385.41,261.70,22.98,54.23,0.4571,1,-1,-1
1488,283,1293.56,349.59,30.64,64.31,0.6885,1,-1,-1
1488,445,1347.14,377.24,31.69,64.67,0.7349,1,-1,-1
1488,457,383.57,297.03,23.60,52.13,0.3794,1,-1,-1
1488,451,1088.13,374.73,106.78,43.59,0.7170,4,-1,-1
1488,478,367.05,300.40,21.69,55.48,0.6114,1,-1,-1
1488,502,1772.41,190.92,17.42,35.50,0.6361,1,-1,-1
1488,506,1797.17,194.08,19.12,33.89,0.6123,1,-1,-1
1488,529,1373.08,380.79,34.56,81.64,0.5955,1,-1,-1
1488,541,725.09,286.50,22.25,51.90,0.6433,1,-1,-1
1488,542,1387.11,261.63,21.70,51.31,0.3730,1,-1,-1
1489,283,1291.84,350.20,31.39,64.09,0.6951,1,-1,-1
1489,445,1348.41,378.17,32.29,66.39,0.7439,1,-1,-1
1489,457,382.30,296.16,23.40,51.80,0.4177,1,-1,-1
1489,451,1088.46,374.75,106.48,43.52,0.7025,4,-1,-1
1489,478,366.37,300.37,21.91,55.67,0.5946,1,-1,-1
1489,502,1772.53,190.77,17.51,35.67,0.6343,1,-1,-1
1489,506,1797.09,194.07,19.16,33.94,0.6179,1,-1,-1
1489,529,1373.29,380.11,34.09,80.92,0.4893,1,-1,-1
1489,541,726.42,285.40,22.24,52.40,0.6451,1,-1,-1
1489,542,1393.07,264.52,21.12,50.11,0.4533,1,-1,-1
1490,283,1290.78,350.47,32.04,63.84,0.7017,1,-1,-1
1490,445,1349.31,378.67,32.03,66.92,0.7241,1,-1,-1
1490,457,380.96,295.36,23.36,51.91,0.3648,1,-1,-1
1490,451,1088.66,374.82,105.95,43.35,0.6976,4,-1,-1
1490,478,365.59,300.23,22.17,56.07,0.5448,1,-1,-1
1490,502,1772.71,190.70,17.64,35.91,0.6307,1,-1,-1
1490,506,1796.88,194.13,19.25,34.05,0.6160,1,-1,-1
1490,529,1372.98,379.02,34.72,83.03,0.4591,1,-1,-1
1490,541,728.11,285.25,21.74,51.82,0.6645,1,-1,-1
1490,542,1394.73,264.79,21.39,51.07,0.4737,1,-1,-1
1491,283,1289.61,350.89,32.28,63.21,0.6918,1,-1,-1
1491,445,1351.14,378.38,32.15,68.35,0.6049,1,-1,-1
1491,457,379.83,294.94,23.30,52.28,0.4649,1,-1,-1
1491,451,1088.66,374.78,105.41,43.15,0.7122,4,-1,-1
1491,478,364.81,300.32,22.09,55.81,0.5889,1,-1,-1
1491,502,1772.98,191.01,17.61,35.83,0.6234,1,-1,-1
1491,506,1796.61,194.20,19.31,34.04,0.6086,1,-1,-1
1491,529,1372.35,377.63,35.16,84.81,0.4883,1,-1,-1
1491,541,730.09,285.06,21.89,52.91,0.6610,1,-1,-1
1491,542,1395.88,268.02,22.76,54.85,0.1716,1,-1,-1
1492,283,1289.05,350.60,32.53,62.94,0.7162,1,-1,-1
1492,445,1351.99,378.34,32.52,70.61,0.6067,1,-1,-1
1492,457,379.31,294.97,22.70,51.35,0.5487,1,-1,-1
1492,451,1088.78,374.80,104.95,42.98,0.7170,4,-1,-1
1492,478,364.50,300.66,21.82,55.27,0.6058,1,-1,-1
1492,502,1773.11,191.09,17.60,35.74,0.6179,1,-1,-1
1492,506,1796.59,194.24,19.37,33.92,0.6105,1,-1,-1
1492,529,1371.14,376.21,34.94,85.33,0.5898,1,-1,-1
1492,541,731.68,285.00,21.38,52.44,0.6732,1,-1,-1
1492,542,1393.44,264.61,22.65,54.45,0.4834,1,-1,-1
1492,544,863.77,283.61,16.15,49.93,0.5429,1,-1,-1
1493,283,1288.50,351.61,32.08,61.56,0.6715,1,-1,-1
1493,445,1356.05,376.82,33.79,73.15,0.4941,1,-1,-1
1493,457,378.81,294.13,22.73,51.79,0.6397,1,-1,-1
1493,451,1088.96,374.81,104.62,42.85,0.6826,4,-1,-1
1493,478,364.19,300.88,21.59,55.03,0.6002,1,-1,-1
1493,502,1773.62,191.61,17.27,35.03,0.5974,1,-1,-1
1493,506,1796.95,194.10,19.40,33.77,0.6252,1,-1,-1
1493,529,1370.88,375.10,34.18,85.07,0.4990,1,-1,-1
1493,541,733.79,285.43,20.43,50.88,0.6834,1,-1,-1
1493,542,1394.17,262.65,21.98,53.06,0.4225,1,-1,-1
1493,544,866.20,284.64,15.77,48.53,0.5156,1,-1,-1
1494,283,1288.32,350.99,32.54,62.06,0.7114,1,-1,-1
1494,445,1358.71,376.54,33.38,73.86,0.3355,1,-1,-1
1494,457,378.65,294.35,22.69,52.10,0.6558,1,-1,-1
1494,451,1089.16,374.66,105.02,43.06,0.7074,4,-1,-1
1494,478,364.07,300.90,21.32,54.92,0.5564,1,-1,-1
1494,502,1773.91,192.51,16.74,34.07,0.5823,1,-1,-1
1494,506,1797.53,193.59,19.39,33.87,0.6030,1,-1,-1
1494,529,1366.71,375.58,33.70,81.86,0.5993,1,-1,-1
1494,541,735.82,286.25,19.75,49.93,0.7146,1,-1,-1
1494,542,1393.25,259.60,23.20,56.37,0.5448,1,-1,-1
1494,544,868.74,285.00,16.02,48.84,0.4446,1,-1,-1
1495,283,1288.38,351.21,32.63,61.85,0.6951,1,-1,-1
1495,445,1361.65,376.51,33.26,74.38,0.6325,1,-1,-1
1495,457,378.54,294.66,22.52,52.21,0.6469,1,-1,-1
1495,451,1089.49,374.42,104.40,42.91,0.6910,4,-1,-1
1495,478,363.88,301.24,20.89,54.48,0.5234,1,-1,-1
1495,502,1774.09,193.08,16.38,33.49,0.5917,1,-1,-1
1495,506,1798.05,193.39,19.30,33.87,0.5974,1,-1,-1
1495,529,1366.80,375.39,33.19,80.20,0.4971,1,-1,-1
1495,541,737.26,286.22,19.83,50.53,0.7098,1,-1,-1
1495,542,1394.54,258.60,23.05,56.14,0.4359,1,-1,-1
1495,544,870.83,284.62,16.35,49.34,0.4465,1,-1,-1
1496,283,1289.41,350.57,33.37,62.70,0.6901,1,-1,-1
1496,445,1363.30,377.17,32.73,74.19,0.6049,1,-1,-1
1496,457,378.64,294.83,22.48,52.31,0.6379,1,-1,-1
1496,451,1089.45,374.36,103.40,42.64,0.7461,4,-1,-1
1496,478,363.45,300.29,20.96,54.75,0.5438,1,-1,-1
1496,502,1774.80,193.06,16.49,33.59,0.5651,1,-1,-1
1496,506,1798.69,193.64,19.01,33.27,0.4484,1,-1,-1
1496,529,1367.24,375.66,32.86,77.59,0.4542,1,-1,-1
1496,541,740.03,285.69,20.09,50.90,0.7098,1,-1,-1
1496,542,1395.10,258.39,23.73,57.98,0.5756,1,-1,-1
1496,544,876.19,285.57,16.15,48.09,0.3200,1,-1,-1
1497,283,1289.62,350.34,34.55,64.43,0.7090,1,-1,-1
1497,445,1363.57,377.24,31.94,73.67,0.5823,1,-1,-1
1497,457,378.73,294.53,22.94,53.54,0.6105,1,-1,-1
1497,451,1090.09,374.43,103.41,42.69,0.7649,4,-1,-1
1497,478,363.60,299.11,21.24,55.96,0.5622,1,-1,-1
1497,502,1775.74,193.43,16.33,33.46,0.5727,1,-1,-1
1497,506,1799.24,193.88,18.74,32.75,0.4102,1,-1,-1
1497,529,1368.22,376.14,33.16,76.42,0.5496,1,-1,-1
1497,541,741.83,286.47,20.13,50.34,0.7417,1,-1,-1
1497,542,1395.73,258.59,23.35,56.79,0.5254,1,-1,-1
1497,544,879.10,285.13,16.30,48.10,0.3812,1,-1,-1
1498,283,1292.56,350.28,34.42,63.78,0.6610,1,-1,-1
1498,445,1370.50,375.69,34.23,76.80,0.4121,1,-1,-1
1498,457,379.90,294.54,23.03,53.57,0.6593,1,-1,-1
1498,451,1092.66,374.61,104.67,43.21,0.7549,4,-1,-1
1498,478,364.80,298.52,21.06,55.54,0.4776,1,-1,-1
1498,502,1778.83,193.01,16.51,33.83,0.5983,1,-1,-1
1498,506,1803.52,193.82,19.11,33.48,0.5010,1,-1,-1
1498,529,1367.99,375.15,32.96,76.27,0.3040,1,-1,-1
1498,541,745.37,286.76,19.91,49.51,0.6514,1,-1,-1
1498,542,1399.61,260.32,23.36,56.35,0.4961,1,-1,-1
1498,544,884.47,285.95,15.61,45.88,0.5078,1,-1,-1
1499,283,1297.45,350.88,34.33,62.86,0.7287,1,-1,-1
1499,445,1376.59,374.84,34.42,77.14,0.4102,1,-1,-1
1499,457,383.93,294.38,23.02,53.31,0.5205,1,-1,-1
1499,451,1096.42,374.85,104.14,42.88,0.7233,4,-1,-1
1499,478,369.18,298.04,20.32,53.34,0.4961,1,-1,-1
1499,502,1783.99,193.16,16.21,33.27,0.4971,1,-1,-1
1499,506,1808.30,193.88,19.25,33.75,0.4785,1,-1,-1
1499,529,1371.85,373.59,29.31,68.35,0.2697,1,-1,-1
1499,541,749.91,285.85,20.91,51.89,0.6325,1,-1,-1
1499,542,1403.11,261.52,23.11,54.96,0.3657,1,-1,-1
1500,283,1300.59,351.22,35.29,63.87,0.7130,1,-1,-1
1500,445,1379.48,373.95,35.64,79.23,0.6361,1,-1,-1
1500,457,388.42,296.41,21.70,50.12,0.5195,1,-1,-1
1500,451,1099.97,374.85,104.48,43.04,0.7705,4,-1,-1
1500,478,372.35,298.39,19.42,50.97,0.4330,1,-1,-1
1500,502,1788.67,193.89,15.53,31.94,0.5525,1,-1,-1
1500,506,1812.76,193.95,19.11,33.76,0.4571,1,-1,-1
1500,541,753.94,286.36,20.31,50.13,0.6307,1,-1,-1
1500,544,895.34,286.79,15.33,45.02,0.4922,1,-1,-1
1501,283,1305.58,352.34,34.87,61.94,0.5746,1,-1,-1
1501,445,1381.65,372.68,37.09,82.30,0.4795,1,-1,-1
1501,457,388.26,296.36,23.01,52.74,0.2568,1,-1,-1
1501,451,1105.51,374.62,103.84,42.71,0.7718,4,-1,-1
1501,478,374.50,297.11,19.31,51.26,0.1634,1,-1,-1
1501,541,758.77,285.88,20.52,49.97,0.6834,1,-1,-1
1502,283,1309.48,352.83,35.00,61.22,0.6783,1,-1,-1
1502,445,1384.33,371.09,38.04,84.09,0.5195,1,-1,-1
1502,457,392.80,295.38,23.73,53.81,0.4571,1,-1,-1
1502,451,1109.26,374.72,103.85,42.60,0.7691,4,-1,-1
1502,478,377.37,296.43,19.75,53.13,0.4893,1,-1,-1
1502,541,763.67,285.74,20.08,48.91,0.5746,1,-1,-1
1503,283,1313.65,352.58,36.36,62.98,0.6792,1,-1,-1
1503,445,1388.15,371.04,38.17,83.83,0.6105,1,-1,-1
1503,457,392.95,295.10,24.70,55.46,0.3217,1,-1,-1
1503,451,1114.16,375.05,103.26,42.29,0.7621,4,-1,-1
1503,478,382.28,296.03,20.33,54.39,0.4426,1,-1,-1
1503,541,770.20,285.51,19.90,48.35,0.5860,1,-1,-1
1504,283,1318.15,353.18,35.94,61.20,0.6433,1,-1,-1
1504,445,1391.31,371.04,37.29,81.59,0.6270,1,-1,-1
1504,457,396.42,294.03,24.95,55.50,0.2651,1,-1,-1
1504,451,1118.17,375.02,104.10,42.61,0.7491,4,-1,-1
1504,478,384.77,295.67,21.43,56.28,0.6011,1,-1,-1
1504,541,775.43,285.39,19.45,47.94,0.6935,1,-1,-1
1505,283,1320.87,354.47,35.21,59.04,0.6011,1,-1,-1
1505,445,1393.16,371.06,37.81,82.23,0.1112,1,-1,-1
1505,457,399.09,293.39,25.23,56.04,0.3107,1,-1,-1
1505,451,1120.95,374.98,104.57,42.82,0.7705,4,-1,-1
1505,478,387.29,295.99,22.42,57.26,0.5273,1,-1,-1
1505,541,779.51,284.78,18.81,47.15,0.6049,1,-1,-1
1505,551,922.87,287.28,16.97,42.36,0.5842,1,-1,-1
1506,283,1322.80,353.47,37.16,61.43,0.7114,1,-1,-1
1506,445,1392.62,370.92,37.35,81.45,0.5993,1,-1,-1
1506,457,398.83,293.27,25.86,57.54,0.3895,1,-1,-1
1506,451,1122.90,375.13,104.71,42.86,0.7663,4,-1,-1
1506,478,390.58,294.84,23.46,57.78,0.5823,1,-1,-1
1506,541,783.56,284.48,18.73,48.06,0.5936,1,-1,-1
1506,551,925.15,287.44,17.34,43.30,0.3115,1,-1,-1
1506,506,1818.39,193.47,18.77,33.98,0.5842,1,-1,-1
1507,283,1323.82,353.04,38.14,61.91,0.6783,1,-1,-1
1507,445,1391.68,370.71,37.40,81.91,0.5370,1,-1,-1
1507,457,400.57,292.98,25.07,56.41,0.2713,1,-1,-1
1507,451,1124.30,374.90,105.97,43.45,0.7800,4,-1,-1
1507,478,392.74,294.99,24.38,57.90,0.5564,1,-1,-1
1507,541,786.30,283.95,18.58,48.43,0.6984,1,-1,-1
1507,551,929.00,284.97,17.78,44.36,0.3923,1,-1,-1
1507,506,1819.50,192.40,18.91,34.95,0.5487,1,-1,-1
1508,283,1330.11,353.04,37.94,62.65,0.6343,1,-1,-1
1508,445,1394.38,371.63,36.88,80.23,0.1962,1,-1,-1
1508,457,402.14,292.86,23.99,54.83,0.3666,1,-1,-1
1508,451,1126.19,374.89,106.12,43.59,0.7969,4,-1,-1
1508,478,392.71,295.61,24.33,57.18,0.5390,1,-1,-1
1508,541,789.23,284.16,18.41,48.69,0.6868,1,-1,-1
1508,551,934.19,285.65,16.88,42.06,0.4455,1,-1,-1
1508,506,1821.81,193.43,17.98,33.86,0.5107,1,-1,-1
1509,283,1331.01,353.06,37.87,62.52,0.6270,1,-1,-1
1509,445,1395.35,371.31,38.10,82.02,0.3032,1,-1,-1
1509,457,403.85,292.19,22.80,52.93,0.4990,1,-1,-1
1509,451,1127.45,374.95,106.85,43.90,0.7786,4,-1,-1
1509,478,391.94,295.95,22.93,55.26,0.5993,1,-1,-1
1509,541,792.63,284.40,18.38,49.06,0.6325,1,-1,-1
1509,551,939.57,284.63,17.42,43.60,0.3914,1,-1,-1
1509,506,1824.90,191.81,18.30,35.02,0.5283,1,-1,-1
1509,553,1879.13,225.16,23.76,42.82,0.4707,1,-1,-1
1510,283,1331.55,353.07,37.89,62.49,0.6540,1,-1,-1
1510,445,1396.60,371.36,39.01,82.93,0.3831,1,-1,-1
1510,457,404.42,291.80,22.67,53.50,0.4941,1,-1,-1
1510,451,1128.48,374.80,107.38,44.12,0.7853,4,-1,-1
1510,478,391.96,296.04,21.92,54.20,0.6234,1,-1,-1
1510,541,795.15,284.98,17.80,47.74,0.6388,1,-1,-1
1510,551,942.84,283.45,18.02,45.17,0.1836,1,-1,-1
1510,506,1827.26,191.93,18.22,34.89,0.5117,1,-1,-1
1510,553,1879.43,225.37,23.93,43.02,0.5312,1,-1,-1
1511,283,1331.82,352.69,38.03,62.38,0.6628,1,-1,-1
1511,445,1394.48,371.64,37.98,81.01,0.1813,1,-1,-1
1511,457,405.33,291.53,22.55,53.78,0.4824,1,-1,-1
1511,451,1129.98,374.61,107.55,44.22,0.7759,4,-1,-1
1511,478,392.47,296.29,21.25,53.93,0.6505,1,-1,-1
1511,541,798.13,285.66,17.98,48.02,0.6758,1,-1,-1
1511,551,946.97,284.97,17.83,44.84,0.4854,1,-1,-1
1511,506,1829.83,192.62,17.80,34.42,0.6049,1,-1,-1
1511,553,1883.90,225.33,23.30,41.93,0.3531,1,-1,-1
1511,555,1854.23,194.00,19.54,35.19,0.5487,1,-1,-1
1512,283,1332.07,352.77,38.25,62.27,0.6680,1,-1,-1
1512,445,1393.85,371.69,38.71,82.03,0.2783,1,-1,-1
1512,457,405.76,291.65,22.42,53.99,0.4494,1,-1,-1
1512,451,1131.37,374.21,108.32,44.64,0.7827,4,-1,-1
1512,478,392.90,296.20,20.65,53.63,0.6361,1,-1,-1
1512,541,800.66,285.53,18.12,48.07,0.6766,1,-1,-1
1512,551,950.07,287.68,17.22,43.17,0.4330,1,-1,-1
1512,506,1831.34,192.25,18.21,35.65,0.5631,1,-1,-1
1512,553,1886.40,225.96,23.09,41.67,0.3531,1,-1,-1
1512,555,1855.79,194.92,18.92,33.99,0.5332,1,-1,-1
1513,283,1332.59,351.79,39.56,63.87,0.7146,1,-1,-1
1513,445,1395.49,371.38,40.58,83.65,0.5689,1,-1,-1
1513,457,406.21,291.80,22.19,53.65,0.4177,1,-1,-1
1513,451,1132.95,374.71,106.80,43.99,0.7677,4,-1,-1
1513,478,393.29,295.85,19.84,52.44,0.6361,1,-1,-1
1513,541,803.17,285.32,18.59,48.76,0.6663,1,-1,-1
1513,551,953.41,286.42,17.64,44.52,0.4369,1,-1,-1
1513,506,1833.68,192.48,18.08,35.52,0.4912,1,-1,-1
1513,553,1888.15,226.03,23.02,41.55,0.3621,1,-1,-1
1513,555,1858.09,194.85,19.26,34.53,0.4630,1,-1,-1
1514,283,1333.46,350.42,41.08,65.94,0.7334,1,-1,-1
1514,445,1397.08,371.02,41.31,81.86,0.6406,1,-1,-1
1514,457,407.05,293.49,22.75,55.56,0.5273,1,-1,-1
1514,451,1134.27,374.88,107.09,44.06,0.7535,4,-1,-1
1514,478,393.59,295.15,19.11,51.26,0.6160,1,-1,-1
1514,541,805.65,285.64,18.85,48.66,0.6289,1,-1,-1
1514,506,1836.20,193.47,17.24,34.16,0.5804,1,-1,-1
1514,553,1889.87,226.13,24.08,43.25,0.3858,1,-1,-1
1514,555,1859.76,194.70,19.26,34.45,0.4659,1,-1,-1
1515,283,1333.81,350.04,41.60,66.39,0.7379,1,-1,-1
1515,445,1397.64,370.75,42.18,80.63,0.5583,1,-1,-1
1515,457,406.23,292.87,23.10,56.95,0.4321,1,-1,-1
1515,451,1134.75,374.81,107.04,44.11,0.7341,4,-1,-1
1515,478,393.91,294.80,18.05,48.94,0.5823,1,-1,-1
1515,541,806.82,285.97,19.18,48.49,0.5898,1,-1,-1
1515,506,1837.61,192.69,17.58,35.09,0.6011,1,-1,-1
1515,553,1890.56,226.20,24.58,43.72,0.4688,1,-1,-1
1515,555,1862.31,195.14,18.94,33.84,0.4824,1,-1,-1
1516,283,1334.00,349.37,42.14,67.10,0.7585,1,-1,-1
1516,445,1396.44,370.41,45.31,83.89,0.6095,1,-1,-1
1516,457,409.86,299.26,20.71,51.19,0.5380,1,-1,-1
1516,451,1135.53,374.80,106.12,43.81,0.7387,4,-1,-1
1516,478,394.02,294.58,17.94,49.09,0.6361,1,-1,-1
1516,541,808.75,285.73,19.32,47.91,0.7334,1,-1,-1
1516,506,1839.03,191.44,18.01,35.62,0.6011,1,-1,-1
1516,553,1891.22,226.69,24.55,43.01,0.3858,1,-1,-1
1516,555,1863.84,195.04,19.19,34.19,0.5380,1,-1,-1
1516,551,962.51,285.67,18.36,46.18,0.4805,1,-1,-1
1517,283,1334.09,349.08,42.34,67.44,0.7599,1,-1,-1
1517,445,1395.54,370.12,47.26,85.03,0.6637,1,-1,-1
1517,457,410.40,298.39,20.91,51.98,0.5889,1,-1,-1
1517,451,1136.05,374.68,106.12,43.93,0.7372,4,-1,-1
1517,478,394.04,294.55,17.82,49.04,0.6593,1,-1,-1
1517,541,809.68,285.55,19.58,47.74,0.7241,1,-1,-1
1517,506,1840.09,191.41,18.25,35.61,0.5936,1,-1,-1
1517,553,1891.53,226.94,24.76,42.89,0.4776,1,-1,-1
1517,555,1864.96,194.19,19.72,35.13,0.5670,1,-1,-1
1517,551,965.64,285.58,17.77,44.96,0.4756,1,-1,-1
1518,283,1333.94,350.51,40.04,64.54,0.5593,1,-1,-1
1518,445,1399.45,378.99,44.18,77.57,0.1755,1,-1,-1
1518,457,409.79,297.40,21.27,52.96,0.6243,1,-1,-1
1518,451,1136.88,374.68,106.34,44.11,0.7341,4,-1,-1
1518,478,394.16,294.87,17.37,48.02,0.6901,1,-1,-1
1518,541,811.84,285.29,19.67,47.74,0.6505,1,-1,-1
1518,506,1841.05,192.07,18.06,34.91,0.6397,1,-1,-1
1518,553,1892.32,227.19,24.77,42.65,0.4620,1,-1,-1
1518,555,1865.88,194.02,19.65,35.01,0.5670,1,-1,-1
1518,551,969.06,284.27,18.35,46.97,0.4990,1,-1,-1
1519,283,1332.33,351.01,38.66,63.57,0.6215,1,-1,-1
1519,445,1393.86,374.31,47.20,80.64,0.5039,1,-1,-1
1519,457,409.15,296.34,21.52,53.51,0.5545,1,-1,-1
1519,451,1137.50,374.74,106.43,44.24,0.7311,4,-1,-1
1519,478,393.44,294.75,18.47,51.40,0.6610,1,-1,-1
1519,541,814.14,284.58,19.95,48.61,0.6343,1,-1,-1
1519,506,1841.60,192.56,17.75,34.05,0.6415,1,-1,-1
1519,553,1892.66,227.32,24.81,42.56,0.4282,1,-1,-1
1519,555,1866.41,194.01,19.40,34.57,0.5516,1,-1,-1
1519,551,972.96,284.11,17.76,45.45,0.5429,1,-1,-1
1520,283,1330.87,350.54,38.46,64.69,0.6800,1,-1,-1
1520,445,1390.52,372.32,49.24,82.19,0.5234,1,-1,-1
1520,457,408.72,295.96,21.62,53.48,0.5351,1,-1,-1
1520,451,1137.91,374.84,106.32,44.25,0.7138,4,-1,-1
1520,478,392.89,295.15,18.74,52.29,0.6593,1,-1,-1
1520,541,815.43,284.44,19.93,48.96,0.6487,1,-1,-1
1520,506,1841.94,192.73,17.64,33.71,0.6505,1,-1,-1
1520,553,1891.74,227.28,25.24,42.64,0.4111,1,-1,-1
1520,555,1866.56,193.78,19.40,34.60,0.5784,1,-1,-1
1520,551,975.45,284.14,17.73,45.17,0.4971,1,-1,-1
1521,283,1329.51,349.81,38.11,65.63,0.6783,1,-1,-1
1521,445,1386.67,372.47,48.61,81.00,0.4225,1,-1,-1
1521,457,408.01,295.82,21.98,54.00,0.4552,1,-1,-1
1521,451,1138.19,374.95,106.28,44.27,0.6792,4,-1,-1
1521,478,391.58,295.32,18.93,52.36,0.6397,1,-1,-1
1521,541,817.47,284.50,19.65,48.92,0.5699,1,-1,-1
1521,506,1842.16,192.59,17.72,33.71,0.6469,1,-1,-1
1521,553,1891.45,227.27,25.43,42.38,0.4111,1,-1,-1
1521,555,1866.76,193.55,19.41,34.65,0.5727,1,-1,-1
1521,551,977.66,283.65,17.90,45.74,0.5234,1,-1,-1
1522,283,1329.01,349.89,37.24,65.54,0.6628,1,-1,-1
1522,445,1379.99,371.30,49.75,82.88,0.3757,1,-1,-1
1522,457,407.47,296.48,22.13,53.72,0.4620,1,-1,-1
1522,451,1138.27,375.05,106.78,44.52,0.7009,4,-1,-1
1522,478,390.35,295.46,19.36,52.69,0.6049,1,-1,-1
1522,541,819.01,284.75,19.25,48.67,0.6095,1,-1,-1
1522,506,1842.19,192.32,17.93,33.96,0.6575,1,-1,-1
1522,553,1891.11,227.21,25.79,42.44,0.3849,1,-1,-1
1522,555,1866.77,193.43,19.50,34.83,0.5765,1,-1,-1
1522,544,979.99,284.52,14.50,41.98,0.5000,1,-1,-1
1523,283,1328.38,350.01,37.10,66.70,0.7303,1,-1,-1
1523,445,1375.81,370.36,50.12,83.79,0.4513,1,-1,-1
1523,457,405.36,297.14,22.41,53.73,0.5107,1,-1,-1
1523,451,1138.39,375.25,106.96,44.64,0.6689,4,-1,-1
1523,478,389.27,296.00,19.94,53.08,0.6243,1,-1,-1
1523,541,820.52,284.36,19.11,48.94,0.6307,1,-1,-1
1523,506,1842.41,192.02,18.20,34.28,0.6593,1,-1,-1
1523,553,1890.56,227.16,26.40,42.86,0.3549,1,-1,-1
1523,555,1866.74,193.29,19.72,35.18,0.5898,1,-1,-1
1523,544,983.43,284.15,13.15,37.53,0.5458,1,-1,-1
1523,551,982.22,284.00,17.71,46.23,0.5429,1,-1,-1
1524,283,1328.24,350.85,36.17,66.21,0.6766,1,-1,-1
1524,457,404.92,299.04,21.47,51.27,0.4244,1,-1,-1
1524,451,1138.27,375.43,107.21,44.81,0.6261,4,-1,-1
1524,478,387.85,296.78,19.79,52.29,0.6424,1,-1,-1
1524,541,821.99,284.58,18.86,48.41,0.6352,1,-1,-1
1524,506,1842.60,192.03,18.29,34.43,0.6593,1,-1,-1
1524,553,1889.94,227.19,27.02,43.32,0.3513,1,-1,-1
1524,555,1866.73,193.45,19.72,35.12,0.6011,1,-1,-1
1524,551,983.37,284.77,17.60,46.37,0.6002,1,-1,-1
1525,283,1328.48,351.40,35.27,65.65,0.6715,1,-1,-1
1525,457,403.70,300.64,21.00,50.29,0.3242,1,-1,-1
1525,451,1138.29,375.52,107.19,44.87,0.6370,4,-1,-1
1525,478,387.13,296.09,20.15,52.86,0.6002,1,-1,-1
1525,541,823.27,284.31,19.09,48.60,0.6169,1,-1,-1
1525,506,1842.69,192.01,18.34,34.57,0.6628,1,-1,-1
1525,553,1889.43,227.33,27.52,43.61,0.3398,1,-1,-1
1525,555,1866.74,193.74,19.67,34.96,0.6011,1,-1,-1
1525,551,984.82,285.58,16.71,44.05,0.6469,1,-1,-1
1526,283,1326.98,351.85,34.55,65.36,0.6142,1,-1,-1
1526,457,402.02,300.29,21.29,51.19,0.4026,1,-1,-1
1526,451,1138.50,375.58,106.74,44.74,0.5804,4,-1,-1
1526,478,386.69,295.71,20.05,52.57,0.5302,1,-1,-1
1526,541,824.48,284.65,19.21,48.17,0.5020,1,-1,-1
1526,506,1842.80,192.04,18.27,34.55,0.6663,1,-1,-1
1526,553,1889.00,227.63,27.73,43.53,0.3621,1,-1,-1
1526,555,1866.82,194.42,19.34,34.32,0.5955,1,-1,-1
1526,551,986.47,285.66,16.64,43.98,0.5908,1,-1,-1
1527,283,1326.05,352.28,34.38,65.43,0.6663,1,-1,-1
1527,457,401.03,300.65,21.29,51.52,0.4330,1,-1,-1
1527,451,1138.46,375.59,106.74,44.81,0.5000,4,-1,-1
1527,478,386.02,295.13,20.02,52.65,0.5631,1,-1,-1
1527,541,824.99,284.73,19.53,48.23,0.4688,1,-1,-1
1527,506,1842.84,191.86,18.30,34.68,0.6680,1,-1,-1
1527,553,1888.43,227.86,27.93,43.53,0.3720,1,-1,-1
1527,555,1866.94,194.97,19.11,33.80,0.5917,1,-1,-1
1527,551,988.05,286.05,16.49,43.60,0.6370,1,-1,-1
1527,559,1772.50,198.21,15.69,32.67,0.4562,1,-1,-1
1528,283,1324.43,352.57,34.40,65.37,0.6851,1,-1,-1
1528,457,400.58,302.88,20.36,49.51,0.4581,1,-1,-1
1528,451,1138.66,375.66,106.47,44.75,0.4225,4,-1,-1
1528,478,383.32,296.72,19.09,50.31,0.4922,1,-1,-1
1528,541,824.87,284.16,20.31,49.48,0.4766,1,-1,-1
1528,506,1842.91,191.50,18.42,35.00,0.6732,1,-1,-1
1528,553,1888.02,228.07,28.15,43.57,0.3603,1,-1,-1
1528,555,1867.14,195.25,19.11,33.69,0.5993,1,-1,-1
1528,551,989.96,285.88,16.73,43.66,0.5955,1,-1,-1
1528,559,1772.55,198.21,15.69,32.68,0.4513,1,-1,-1
1529,283,1321.67,354.03,33.96,63.94,0.6270,1,-1,-1
1529,457,399.02,302.43,20.89,50.99,0.4990,1,-1,-1
1529,451,1138.79,375.70,106.32,44.74,0.3821,4,-1,-1
1529,478,381.71,294.96,19.98,52.52,0.4951,1,-1,-1
1529,541,825.45,285.53,20.04,48.27,0.1446,1,-1,-1
1529,506,1843.15,191.24,18.43,35.21,0.6766,1,-1,-1
1529,553,1887.74,228.31,28.09,43.32,0.3495,1,-1,-1
1529,555,1866.89,195.53,19.04,33.48,0.5936,1,-1,-1
1529,551,992.04,285.05,17.18,44.23,0.5879,1,-1,-1
1529,559,1772.77,198.07,15.69,32.69,0.4484,1,-1,-1
1529,445,1352.61,369.54,48.22,82.90,0.5593,1,-1,-1
1530,283,1319.76,354.45,34.33,63.96,0.6593,1,-1,-1
1530,457,398.20,301.80,20.90,51.16,0.5098,1,-1,-1
1530,451,1139.04,375.66,105.93,44.61,0.3346,4,-1,-1
1530,478,380.84,295.14,19.96,52.32,0.5448,1,-1,-1
1530,541,826.14,286.65,20.13,47.45,0.1408,1,-1,-1
1530,506,1843.33,191.09,18.39,35.41,0.6732,1,-1,-1
1530,553,1887.47,228.54,27.94,43.07,0.3303,1,-1,-1
1530,555,1866.68,195.79,18.87,33.12,0.5804,1,-1,-1
1530,551,993.18,284.70,17.66,44.69,0.5525,1,-1,-1
1530,559,1773.00,197.94,15.66,32.65,0.4484,1,-1,-1
1530,445,1349.46,370.01,47.31,82.79,0.5612,1,-1,-1
1531,283,1323.92,354.29,33.80,64.50,0.5879,1,-1,-1
1531,457,397.20,300.53,21.75,53.59,0.5390,1,-1,-1
1531,451,1142.71,375.55,96.48,40.21,0.2783,4,-1,-1
1531,478,380.19,296.78,19.34,50.03,0.5593,1,-1,-1
1531,541,830.11,287.51,19.37,45.46,0.4600,1,-1,-1
1531,506,1843.45,189.86,18.98,36.74,0.6851,1,-1,-1
1531,553,1888.25,229.21,28.07,42.78,0.2502,1,-1,-1
1531,555,1866.83,196.02,18.82,32.80,0.5727,1,-1,-1
1531,551,995.98,284.13,17.30,43.65,0.4990,1,-1,-1
1531,559,1773.64,198.13,15.62,32.49,0.4776,1,-1,-1
1531,445,1344.99,372.31,47.13,81.20,0.5351,1,-1,-1
1532,283,1320.06,353.45,35.23,66.62,0.5078,1,-1,-1
1532,457,396.13,299.44,22.38,55.51,0.5322,1,-1,-1
1532,451,1143.08,375.53,94.96,39.32,0.2628,4,-1,-1
1532,478,379.74,297.04,19.32,49.49,0.5823,1,-1,-1
1532,541,831.83,288.53,18.75,43.94,0.4581,1,-1,-1
1532,506,1843.54,189.55,19.05,37.11,0.6817,1,-1,-1
1532,553,1888.59,229.65,28.04,42.46,0.2282,1,-1,-1
1532,555,1866.88,196.24,18.74,32.50,0.5727,1,-1,-1
1532,551,999.59,284.00,17.43,43.91,0.5283,1,-1,-1
1532,559,1773.81,198.04,15.60,32.43,0.4688,1,-1,-1
1532,445,1342.92,373.27,47.36,81.32,0.6114,1,-1,-1
1533,283,1317.34,353.40,35.61,66.77,0.6316,1,-1,-1
1533,457,394.77,297.84,22.65,56.26,0.4282,1,-1,-1
1533,451,1143.17,375.53,94.68,38.98,0.2187,4,-1,-1
1533,478,379.14,296.57,19.50,49.80,0.5370,1,-1,-1
1533,541,835.15,289.90,17.46,40.97,0.1148,1,-1,-1
1533,506,1843.69,189.90,18.71,36.82,0.6800,1,-1,-1
1533,553,1889.36,229.91,27.38,41.52,0.2154,1,-1,-1
1533,555,1866.96,196.49,18.55,32.10,0.5631,1,-1,-1
1533,551,1003.29,284.72,17.27,43.72,0.5254,1,-1,-1
1533,559,1773.99,198.22,15.47,32.18,0.4727,1,-1,-1
1533,445,1344.15,374.76,45.41,78.85,0.6960,1,-1,-1
1534,283,1315.93,352.64,35.85,67.38,0.6775,1,-1,-1
1534,457,393.14,296.20,24.03,60.39,0.3812,1,-1,-1
1534,451,1139.27,375.44,104.37,43.14,0.2524,4,-1,-1
1534,478,378.32,294.68,20.03,51.40,0.3739,1,-1,-1
1534,506,1843.90,190.22,18.34,36.44,0.6610,1,-1,-1
1534,553,1890.39,230.01,26.77,40.86,0.1925,1,-1,-1
1534,555,1867.11,196.69,18.45,31.86,0.5535,1,-1,-1
1534,551,1005.44,284.66,17.17,43.83,0.5746,1,-1,-1
1534,559,1774.08,198.39,15.39,32.02,0.4649,1,-1,-1
1534,445,1342.79,377.11,43.72,76.05,0.6514,1,-1,-1
1535,283,1314.44,352.08,36.32,68.70,0.6910,1,-1,-1
1535,457,392.88,296.44,23.36,58.93,0.4187,1,-1,-1
1535,451,1138.04,375.46,107.75,44.69,0.2200,4,-1,-1
1535,478,377.05,294.38,20.34,52.30,0.4244,1,-1,-1
1535,506,1844.24,190.69,17.85,35.83,0.6451,1,-1,-1
1535,553,1891.30,230.03,26.19,40.43,0.1842,1,-1,-1
1535,555,1867.26,196.80,18.40,31.68,0.5477,1,-1,-1
1535,551,1006.90,285.82,17.02,43.86,0.5660,1,-1,-1
1535,559,1774.17,198.62,15.29,31.82,0.4659,1,-1,-1
1535,445,1341.05,377.94,43.49,75.71,0.6460,1,-1,-1
1535,560,672.68,228.91,14.69,36.72,0.4591,1,-1,-1
1536,283,1313.62,352.06,36.01,69.05,0.6706,1,-1,-1
1536,457,392.61,296.90,22.77,57.59,0.4698,1,-1,-1
1536,451,1137.89,375.43,108.61,45.15,0.1722,4,-1,-1
1536,478,376.52,294.17,20.51,52.80,0.5000,1,-1,-1
1536,506,1844.48,190.96,17.56,35.56,0.6379,1,-1,-1
1536,553,1891.98,230.14,25.99,40.47,0.1661,1,-1,-1
1536,555,1867.50,196.82,18.51,31.74,0.5496,1,-1,-1
1536,551,1008.46,287.01,16.88,43.50,0.6114,1,-1,-1
1536,559,1774.25,198.91,15.21,31.66,0.4513,1,-1,-1
1536,445,1336.95,375.83,44.27,77.56,0.6567,1,-1,-1
1536,560,672.35,228.64,14.92,37.28,0.4620,1,-1,-1
1537,283,1313.18,352.02,35.79,69.59,0.6740,1,-1,-1
1537,457,392.64,297.90,22.36,57.07,0.5370,1,-1,-1
1537,451,1138.00,375.37,108.70,45.26,0.1164,4,-1,-1
1537,478,375.66,292.84,21.11,54.44,0.5458,1,-1,-1
1537,506,1844.71,191.19,17.34,35.34,0.6307,1,-1,-1
1537,553,1892.41,230.25,26.01,40.78,0.1634,1,-1,-1
1537,555,1867.76,196.78,18.65,31.86,0.5487,1,-1,-1
1537,551,1009.84,286.65,16.67,43.19,0.6123,1,-1,-1
1537,559,1774.27,199.05,15.25,31.72,0.4301,1,-1,-1
1537,445,1336.09,374.19,44.45,79.24,0.6943,1,-1,-1
1537,560,672.14,228.10,15.08,37.67,0.4513,1,-1,-1
1538,283,1312.44,351.56,36.12,71.38,0.6860,1,-1,-1
1538,457,392.26,298.07,23.02,59.33,0.4893,1,-1,-1
1538,478,375.57,293.70,20.97,53.70,0.5020,1,-1,-1
1538,506,1845.00,191.48,17.14,35.08,0.6270,1,-1,-1
1538,553,1892.66,230.39,26.04,41.02,0.1476,1,-1,-1
1538,555,1867.79,196.72,18.85,32.03,0.5458,1,-1,-1
1538,551,1011.92,286.98,16.68,43.20,0.6206,1,-1,-1
1538,559,1774.31,199.24,15.26,31.68,0.4244,1,-1,-1
1538,445,1331.02,371.77,45.65,81.06,0.6706,1,-1,-1
1538,560,672.08,228.05,15.02,37.52,0.4311,1,-1,-1
1538,561,1503.61,260.23,26.20,57.00,0.5332,1,-1,-1
1539,283,1312.27,351.43,36.18,72.65,0.6406,1,-1,-1
1539,457,392.15,298.33,22.60,59.05,0.5746,1,-1,-1
1539,478,375.27,293.90,21.11,53.86,0.5708,1,-1,-1
1539,506,1845.27,191.63,17.02,34.91,0.6289,1,-1,-1
1539,553,1892.73,230.36,26.11,41.32,0.1380,1,-1,-1
1539,555,1867.70,196.65,19.09,32.30,0.5448,1,-1,-1
1539,551,1013.79,286.50,16.99,43.89,0.5765,1,-1,-1
1539,559,1774.47,199.25,15.36,31.73,0.4273,1,-1,-1
1539,445,1327.93,370.61,46.70,82.17,0.6637,1,-1,-1
1539,560,672.06,227.58,15.03,37.56,0.4659,1,-1,-1
1539,561,1503.82,260.25,25.95,56.58,0.5244,1,-1,-1
1540,283,1312.10,351.97,35.34,72.07,0.6298,1,-1,-1
1540,457,391.79,298.68,22.13,58.43,0.5593,1,-1,-1
1540,478,374.42,292.91,21.60,54.87,0.4707,1,-1,-1
1540,506,1845.48,191.83,16.85,34.65,0.6270,1,-1,-1
1540,553,1893.09,230.37,25.92,41.24,0.1408,1,-1,-1
1540,555,1867.24,196.55,19.29,32.61,0.5506,1,-1,-1
1540,551,1015.11,285.78,17.17,44.22,0.6160,1,-1,-1
1540,559,1774.51,199.23,15.48,31.82,0.4330,1,-1,-1
1540,445,1326.46,369.80,47.36,82.83,0.6058,1,-1,-1
1540,560,671.82,227.15,15.27,38.19,0.4649,1,-1,-1
1540,561,1503.86,259.98,25.95,56.79,0.5496,1,-1,-1
1541,283,1312.27,351.33,34.08,70.56,0.6067,1,-1,-1
1541,457,391.21,298.93,21.91,58.15,0.5708,1,-1,-1
1541,478,373.72,292.71,21.65,54.75,0.3970,1,-1,-1
1541,506,1845.62,191.73,16.80,34.64,0.6289,1,-1,-1
1541,553,1893.21,230.42,25.77,41.24,0.1451,1,-1,-1
1541,555,1866.92,196.40,19.52,33.04,0.5631,1,-1,-1
1541,551,1016.88,285.27,17.51,44.42,0.6049,1,-1,-1
1541,559,1774.52,199.21,15.58,31.89,0.4552,1,-1,-1
1541,445,1325.09,369.05,47.91,83.65,0.6584,1,-1,-1
1541,560,671.52,226.32,15.66,39.23,0.4417,1,-1,-1
1541,561,1504.90,259.61,26.17,57.62,0.5898,1,-1,-1
1542,283,1311.98,351.19,33.91,71.34,0.5927,1,-1,-1
1542,457,391.27,299.21,21.62,57.49,0.5224,1,-1,-1
1542,478,374.11,295.28,20.63,51.51,0.3346,1,-1,-1
1542,506,1845.76,191.50,16.79,34.73,0.6234,1,-1,-1
1542,553,1893.07,230.47,25.85,41.58,0.1525,1,-1,-1
1542,555,1866.84,196.32,19.63,33.35,0.5765,1,-1,-1
1542,551,1018.74,285.12,17.44,43.70,0.6086,1,-1,-1
1542,559,1774.51,199.19,15.68,32.02,0.4746,1,-1,-1
1542,445,1327.04,367.76,47.81,85.03,0.6379,1,-1,-1
1542,560,671.31,225.80,15.83,39.76,0.4149,1,-1,-1
1542,561,1507.32,260.85,26.01,57.48,0.6067,1,-1,-1
1543,283,1312.08,350.53,34.30,73.07,0.5603,1,-1,-1
1543,457,389.67,299.87,21.32,56.80,0.4244,1,-1,-1
1543,478,375.36,297.82,19.63,48.60,0.1485,1,-1,-1
1543,506,1845.89,191.59,16.64,34.54,0.6234,1,-1,-1
1543,553,1892.93,230.57,25.75,41.65,0.1645,1,-1,-1
1543,555,1866.97,196.27,19.58,33.48,0.5804,1,-1,-1
1543,551,1021.34,284.29,17.93,44.07,0.5341,1,-1,-1
1543,559,1774.59,199.24,15.68,31.96,0.5078,1,-1,-1
1543,445,1330.87,367.59,46.52,85.46,0.6451,1,-1,-1
1543,560,671.32,226.68,15.43,38.78,0.3877,1,-1,-1
1543,561,1508.11,260.85,28.78,64.33,0.6451,1,-1,-1
1544,283,1313.98,352.13,33.28,71.29,0.5879,1,-1,-1
1544,457,388.17,300.16,21.47,57.19,0.4883,1,-1,-1
1544,478,375.55,297.77,19.21,47.23,0.1276,1,-1,-1
1544,506,1845.98,192.05,16.35,34.08,0.6234,1,-1,-1
1544,553,1893.17,230.70,25.42,41.41,0.1651,1,-1,-1
1544,555,1867.21,196.21,19.43,33.45,0.5823,1,-1,-1
1544,551,1025.29,284.49,17.75,43.33,0.4756,1,-1,-1
1544,559,1774.67,199.21,15.67,31.92,0.5049,1,-1,-1
1544,445,1331.60,366.64,46.14,86.97,0.6215,1,-1,-1
1544,560,671.24,227.40,15.18,38.20,0.3979,1,-1,-1
1544,561,1509.71,261.17,28.76,64.88,0.5993,1,-1,-1
1545,283,1314.65,352.51,33.97,73.32,0.5708,1,-1,-1
1545,457,387.95,300.27,21.01,55.98,0.4533,1,-1,-1
1545,478,375.79,297.91,18.90,46.15,0.1067,1,-1,-1
1545,506,1846.07,192.20,16.19,33.86,0.6270,1,-1,-1
1545,553,1893.44,230.90,25.08,41.24,0.1566,1,-1,-1
1545,555,1867.40,196.07,19.31,33.46,0.5860,1,-1,-1
1545,551,1028.08,285.56,17.66,42.95,0.4912,1,-1,-1
1545,559,1774.76,199.19,15.65,31.84,0.5146,1,-1,-1
1545,445,1328.25,369.99,44.78,83.50,0.1597,1,-1,-1
1545,560,671.11,228.07,14.97,37.69,0.4359,1,-1,-1
1545,561,1511.14,261.21,28.20,64.12,0.5574,1,-1,-1
1546,283,1313.20,351.19,34.58,75.21,0.2037,1,-1,-1
1546,457,387.06,299.83,21.62,56.53,0.5244,1,-1,-1
1546,506,1846.15,191.53,16.46,34.51,0.6343,1,-1,-1
1546,553,1893.36,231.99,25.39,42.16,0.1303,1,-1,-1
1546,555,1867.51,195.59,19.32,33.75,0.5670,1,-1,-1
1546,551,1030.45,285.29,17.87,43.78,0.5137,1,-1,-1
1546,559,1774.72,199.07,15.63,31.93,0.4282,1,-1,-1
1546,560,671.21,229.28,14.40,36.16,0.3961,1,-1,-1
1546,561,1512.70,260.46,27.94,63.60,0.5049,1,-1,-1
1547,283,1313.81,351.66,32.25,70.16,0.1968,1,-1,-1
1547,457,386.20,299.68,22.20,57.07,0.5351,1,-1,-1
1547,506,1846.18,191.42,16.53,34.73,0.6307,1,-1,-1
1547,553,1894.09,232.51,24.92,41.74,0.1246,1,-1,-1
1547,555,1867.74,195.12,19.30,33.95,0.5612,1,-1,-1
1547,551,1031.36,285.13,18.04,44.22,0.5370,1,-1,-1
1547,559,1774.81,199.10,15.54,31.85,0.4026,1,-1,-1
1547,560,671.19,229.54,14.16,35.43,0.3886,1,-1,-1
1547,561,1513.29,260.22,27.72,62.95,0.4824,1,-1,-1
1548,283,1315.30,352.28,32.28,70.66,0.1160,1,-1,-1
1548,457,385.24,299.74,22.35,56.49,0.3730,1,-1,-1
1548,506,1846.22,191.60,16.42,34.57,0.6289,1,-1,-1
1548,553,1895.75,231.51,25.38,43.50,0.1312,1,-1,-1
1548,555,1867.88,194.70,19.21,34.02,0.5593,1,-1,-1
1548,551,1033.08,285.47,17.71,43.67,0.4815,1,-1,-1
1548,559,1775.01,198.94,15.74,32.61,0.4083,1,-1,-1
1548,560,671.13,229.61,14.11,35.25,0.3730,1,-1,-1
1548,561,1512.35,259.22,26.70,61.12,0.4571,1,-1,-1
1548,445,1310.80,355.48,51.58,97.27,0.4659,1,-1,-1
1549,283,1318.19,353.06,33.24,72.96,0.2458,1,-1,-1
1549,457,383.82,298.91,22.49,56.38,0.2415,1,-1,-1
1549,506,1846.25,191.65,16.36,34.53,0.6325,1,-1,-1
1549,553,1896.99,231.10,24.65,43.16,0.1307,1,-1,-1
1549,555,1867.88,194.51,18.98,33.90,0.5593,1,-1,-1
1549,551,1034.55,284.36,18.04,45.03,0.5699,1,-1,-1
1549,559,1775.23,198.82,15.70,32.85,0.3877,1,-1,-1
1549,560,671.01,229.60,14.09,35.13,0.3730,1,-1,-1
1549,561,1511.93,259.11,26.09,60.11,0.5195,1,-1,-1
1549,445,1307.36,368.69,43.00,83.30,0.4737,1,-1,-1
1550,283,1315.85,353.17,39.57,88.41,0.2241,1,-1,-1
1550,457,382.76,299.18,20.25,50.55,0.2024,1,-1,-1
1550,506,1846.24,191.68,16.28,34.46,0.6379,1,-1,-1
1550,553,1897.67,230.91,23.95,42.72,0.1303,1,-1,-1
1550,555,1867.77,194.45,18.71,33.72,0.5574,1,-1,-1
1550,551,1035.94,283.87,18.14,45.84,0.5506,1,-1,-1
1550,559,1775.55,198.77,15.52,32.84,0.3648,1,-1,-1
1550,560,670.86,229.75,14.17,35.26,0.3868,1,-1,-1
1550,561,1512.29,258.80,25.68,59.74,0.4465,1,-1,-1
1550,445,1304.80,357.59,47.12,94.14,0.3346,1,-1,-1
1551,283,1319.26,353.58,45.49,99.68,0.5870,1,-1,-1
1551,457,381.43,298.59,19.68,48.90,0.3132,1,-1,-1
1551,506,1846.21,191.46,16.32,34.73,0.6433,1,-1,-1
1551,553,1897.56,230.92,23.87,43.24,0.1298,1,-1,-1
1551,555,1867.67,194.48,18.38,33.47,0.5438,1,-1,-1
1551,551,1037.44,280.67,19.25,49.40,0.4235,1,-1,-1
1551,559,1775.79,198.60,15.37,32.88,0.3442,1,-1,-1
1551,560,670.56,229.94,14.29,35.43,0.3621,1,-1,-1
1551,561,1513.96,259.00,26.40,61.31,0.4196,1,-1,-1
1551,445,1305.02,378.01,36.31,73.66,0.5804,1,-1,-1
1552,283,1321.05,354.07,48.05,103.88,0.5946,1,-1,-1
1552,457,381.01,298.47,19.18,47.51,0.4083,1,-1,-1
1552,506,1846.14,191.12,16.38,35.07,0.6433,1,-1,-1
1552,553,1897.04,230.87,24.15,44.29,0.1294,1,-1,-1
1552,555,1867.70,194.62,18.08,33.26,0.5302,1,-1,-1
1552,551,1038.98,282.56,18.54,47.61,0.5117,1,-1,-1
1552,559,1775.93,198.41,15.29,33.06,0.3513,1,-1,-1
1552,560,670.28,230.07,14.39,35.53,0.3425,1,-1,-1
1552,561,1514.31,259.11,26.80,62.41,0.4562,1,-1,-1
1552,445,1305.56,386.95,31.38,64.43,0.5535,1,-1,-1
1553,283,1325.25,364.74,44.41,94.42,0.5670,1,-1,-1
1553,457,379.74,296.92,19.26,47.72,0.5127,1,-1,-1
1553,506,1845.99,189.82,16.84,36.31,0.6215,1,-1,-1
1553,553,1895.88,230.44,25.56,47.62,0.1456,1,-1,-1
1553,555,1868.43,195.05,17.76,32.78,0.5224,1,-1,-1
1553,551,1039.46,281.32,18.66,48.01,0.4111,1,-1,-1
1553,559,1775.93,197.86,15.26,33.32,0.3576,1,-1,-1
1553,560,669.92,229.96,14.57,35.82,0.4216,1,-1,-1
1553,561,1515.09,258.66,25.86,60.36,0.4092,1,-1,-1
1553,445,1303.15,388.62,30.33,62.85,0.5936,1,-1,-1
1554,283,1328.67,371.93,39.92,83.56,0.6188,1,-1,-1
1554,457,375.12,293.05,20.15,49.22,0.3868,1,-1,-1
1554,506,1846.79,189.95,16.18,34.80,0.6487,1,-1,-1
1554,553,1895.88,229.77,24.54,45.72,0.1132,1,-1,-1
1554,555,1869.60,192.45,18.49,34.14,0.5631,1,-1,-1
1554,551,1042.24,280.93,17.99,45.76,0.1535,1,-1,-1
1554,559,1776.23,196.66,14.90,32.43,0.3895,1,-1,-1
1554,560,670.71,227.48,14.42,35.41,0.1471,1,-1,-1
1554,561,1517.49,256.77,24.66,57.73,0.3748,1,-1,-1
1554,445,1301.99,386.82,29.73,62.57,0.6783,1,-1,-1
1554,566,1875.08,191.57,16.65,35.04,0.4523,1,-1,-1
1555,283,1329.47,375.70,38.06,78.46,0.6610,1,-1,-1
1555,457,373.62,290.04,21.03,51.03,0.1357,1,-1,-1
1555,506,1846.99,189.02,16.05,34.57,0.6469,1,-1,-1
1555,553,1893.16,228.01,26.55,49.40,0.1242,2,-1,-1
1555,555,1869.61,187.86,20.17,37.52,0.5554,1,-1,-1
1555,551,1042.30,280.32,18.20,45.65,0.1883,1,-1,-1
1555,560,670.83,224.48,14.02,34.17,0.1034,1,-1,-1
1555,561,1517.83,254.90,27.23,63.63,0.1901,1,-1,-1
1555,445,1301.56,385.58,29.29,62.64,0.7498,1,-1,-1
1555,566,1874.67,188.00,17.65,37.14,0.4922,1,-1,-1
1555,451,1140.56,372.69,106.18,44.17,0.5955,4,-1,-1
1556,283,1329.29,367.69,38.88,80.88,0.2031,1,-1,-1
1556,506,1847.96,184.70,16.12,34.70,0.6307,1,-1,-1
1556,553,1891.28,223.23,28.77,53.64,0.1413,1,-1,-1
1556,560,670.28,218.13,15.58,38.20,0.3337,1,-1,-1
1556,561,1516.79,256.13,27.60,65.34,0.1312,1,-1,-1
1556,445,1302.04,382.19,28.08,61.11,0.6361,1,-1,-1
1556,566,1873.48,184.08,17.53,36.68,0.4893,1,-1,-1
1556,451,1138.94,367.82,110.69,46.39,0.5254,4,-1,-1
1557,283,1325.03,355.93,41.65,86.93,0.3320,1,-1,-1
1557,506,1848.43,179.00,16.96,36.87,0.6397,1,-1,-1
1557,553,1891.13,219.74,29.08,54.49,0.1089,1,-1,-1
1557,560,670.08,215.52,15.11,37.18,0.1525,1,-1,-1
1557,561,1514.72,248.17,30.32,73.38,0.1938,1,-1,-1
1557,445,1301.76,378.94,27.50,60.64,0.6151,1,-1,-1
1557,566,1875.52,179.72,17.11,35.70,0.5205,1,-1,-1
1558,283,1324.29,353.98,39.97,83.65,0.2187,1,-1,-1
1558,506,1850.31,172.88,16.43,35.59,0.6270,1,-1,-1
1558,560,669.43,206.53,15.98,39.64,0.1661,1,-1,-1
1558,445,1300.22,372.45,27.69,61.83,0.4149,1,-1,-1
1558,566,1876.96,174.24,16.77,34.64,0.5176,1,-1,-1
1558,451,1138.61,357.46,110.26,46.42,0.5146,4,-1,-1
1559,283,1323.46,345.87,40.22,85.49,0.4951,1,-1,-1
1559,506,1851.61,164.00,16.67,35.83,0.5699,1,-1,-1
1559,560,669.08,196.47,16.48,41.09,0.2173,1,-1,-1
1559,445,1298.30,363.76,27.97,62.62,0.4581,1,-1,-1
1559,566,1878.72,165.66,16.57,33.56,0.4216,1,-1,-1
1559,451,1139.61,350.23,107.78,45.69,0.4523,4,-1,-1
1560,283,1324.95,340.74,38.97,84.71,0.4649,1,-1,-1
1560,506,1853.07,157.63,16.54,35.40,0.6593,1,-1,-1
1560,560,668.16,192.61,17.23,43.26,0.2814,1,-1,-1
1560,445,1298.42,358.13,28.08,62.00,0.4649,1,-1,-1
1560,566,1879.04,159.09,17.51,35.13,0.5898,1,-1,-1
1560,451,1139.12,343.69,110.62,47.16,0.5146,4,-1,-1
1561,283,1322.66,332.48,39.01,86.28,0.6011,1,-1,-1
1561,506,1854.25,150.16,16.58,35.41,0.6379,1,-1,-1
1561,560,668.11,186.01,15.79,39.51,0.3320,1,-1,-1
1561,445,1295.66,348.39,29.97,64.67,0.6123,1,-1,-1
1561,566,1880.18,150.29,18.09,35.72,0.4912,1,-1,-1
1561,451,1140.37,337.30,108.72,46.40,0.5409,4,-1,-1
1561,570,1340.65,311.09,26.76,72.90,0.6270,1,-1,-1
1562,283,1322.02,327.76,37.97,85.39,0.5917,1,-1,-1
1562,506,1854.94,144.28,17.01,36.27,0.6289,1,-1,-1
1562,560,667.66,176.66,17.60,44.38,0.1276,1,-1,-1
1562,445,1293.23,342.83,31.47,66.60,0.5593,1,-1,-1
1562,566,1881.10,146.20,18.28,35.34,0.5593,1,-1,-1
1562,570,1341.79,306.84,26.18,71.26,0.6984,1,-1,-1
1563,283,1320.22,322.13,36.57,84.07,0.5215,1,-1,-1
1563,506,1855.39,135.92,18.17,38.91,0.5842,1,-1,-1
1563,560,667.93,174.14,15.15,38.04,0.1176,1,-1,-1
1563,445,1290.74,336.56,32.16,66.17,0.6361,1,-1,-1
1563,566,1882.09,139.13,19.15,36.40,0.5390,1,-1,-1
1563,570,1342.20,300.09,27.18,73.76,0.7318,1,-1,-1
1564,283,1318.41,315.16,35.38,83.61,0.5823,1,-1,-1
1564,506,1856.16,129.42,18.71,40.16,0.6049,1,-1,-1
1564,445,1287.48,331.53,33.19,67.06,0.6105,1,-1,-1
1564,566,1882.35,133.83,19.88,37.15,0.5244,1,-1,-1
1564,570,1342.13,295.09,27.08,73.24,0.7364,1,-1,-1
1565,283,1317.81,309.97,34.88,84.52,0.5039,1,-1,-1
1565,506,1856.67,127.25,18.12,38.98,0.6215,1,-1,-1
1565,445,1285.31,328.16,34.55,68.53,0.6834,1,-1,-1
1565,566,1882.88,130.96,20.07,36.94,0.5860,1,-1,-1
1565,570,1342.57,291.36,27.45,73.68,0.7484,1,-1,-1
1566,283,1317.39,307.72,33.95,84.11,0.5804,1,-1,-1
1566,506,1857.43,125.14,17.75,37.97,0.6215,1,-1,-1
1566,445,1281.18,324.69,35.37,70.10,0.6697,1,-1,-1
1566,566,1882.91,122.82,22.81,42.06,0.6325,1,-1,-1
1566,570,1343.31,287.85,28.16,74.90,0.7912,1,-1,-1
1567,283,1317.09,305.23,33.57,84.92,0.5727,1,-1,-1
1567,506,1857.27,120.75,18.70,40.06,0.6234,1,-1,-1
1567,445,1277.83,323.77,34.94,70.22,0.6424,1,-1,-1
1567,566,1883.79,120.72,22.84,41.89,0.5593,1,-1,-1
1567,570,1343.74,285.43,29.06,76.43,0.7886,1,-1,-1
1567,574,1381.34,210.01,20.90,50.95,0.5727,1,-1,-1
1568,283,1315.93,300.56,34.47,88.73,0.3979,1,-1,-1
1568,506,1857.70,118.33,18.73,40.17,0.6197,1,-1,-1
1568,445,1275.00,321.97,34.92,71.65,0.6637,1,-1,-1
1568,566,1884.93,119.79,22.09,40.27,0.5390,1,-1,-1
1568,570,1343.87,284.27,28.82,74.90,0.7556,1,-1,-1
1568,574,1383.29,209.59,19.94,48.66,0.5322,1,-1,-1
1569,283,1315.90,298.70,32.43,83.90,0.5746,1,-1,-1
1569,506,1858.68,117.29,17.97,38.60,0.5879,1,-1,-1
1569,445,1271.54,320.20,34.79,72.69,0.6424,1,-1,-1
1569,566,1885.88,119.84,21.21,38.59,0.5273,1,-1,-1
1569,570,1343.81,281.83,29.22,75.19,0.7585,1,-1,-1
1569,574,1383.96,206.30,20.19,49.34,0.5554,1,-1,-1
1570,283,1314.90,297.72,33.03,85.91,0.5842,1,-1,-1
1570,506,1859.05,116.51,17.57,37.76,0.6086,1,-1,-1
1570,445,1269.04,318.98,33.66,71.61,0.5737,1,-1,-1
1570,566,1886.79,119.99,20.64,37.36,0.5351,1,-1,-1
1570,570,1343.34,279.46,29.75,76.20,0.7394,1,-1,-1
1570,574,1383.22,202.18,21.53,52.77,0.5487,1,-1,-1
1571,283,1313.92,296.87,33.76,88.03,0.6197,1,-1,-1
1571,506,1859.13,115.66,17.44,37.45,0.5955,1,-1,-1
1571,445,1266.02,317.48,33.26,70.93,0.6885,1,-1,-1
1571,566,1886.58,115.81,21.61,39.11,0.4805,1,-1,-1
1571,570,1342.43,277.04,30.32,77.35,0.7178,1,-1,-1
1571,574,1383.64,199.65,22.14,54.48,0.5525,1,-1,-1
1572,283,1312.59,296.44,34.24,88.63,0.6715,1,-1,-1
1572,506,1859.43,115.57,17.23,36.85,0.6030,1,-1,-1
1572,445,1263.87,316.52,33.29,71.07,0.7349,1,-1,-1
1572,566,1885.99,110.64,23.46,42.86,0.5195,1,-1,-1
1572,570,1341.90,276.38,30.51,77.59,0.7082,1,-1,-1
1572,574,1385.74,198.90,21.47,53.26,0.5205,1,-1,-1
1572,576,825.93,208.65,22.54,55.78,0.5390,1,-1,-1
1573,283,1310.88,296.25,34.89,89.02,0.6817,1,-1,-1
1573,506,1859.77,115.24,17.07,36.35,0.6197,1,-1,-1
1573,445,1259.82,316.05,33.71,72.43,0.7256,1,-1,-1
1573,566,1886.77,109.86,23.06,42.38,0.5215,1,-1,-1
1573,570,1341.52,276.38,30.37,77.57,0.6843,1,-1,-1
1573,574,1386.99,201.89,19.76,49.42,0.2783,1,-1,-1
1573,576,825.87,208.75,22.14,54.75,0.5823,1,-1,-1
1573,577,791.29,170.49,14.80,36.06,0.4932,1,-1,-1
1574,283,1307.46,295.84,36.23,89.72,0.6893,1,-1,-1
1574,506,1860.01,114.65,17.06,36.27,0.6343,1,-1,-1
1574,445,1256.11,316.30,33.83,73.21,0.7556,1,-1,-1
1574,566,1887.55,111.23,21.99,40.44,0.5535,1,-1,-1
1574,570,1340.96,276.14,30.22,77.74,0.6740,1,-1,-1
1574,574,1391.69,200.41,19.74,49.73,0.3775,1,-1,-1
1574,576,826.04,209.17,21.67,53.56,0.5708,1,-1,-1
1574,577,791.23,168.65,15.35,37.38,0.5029,1,-1,-1
1574,578,1541.66,184.92,32.18,60.79,0.5078,1,-1,-1
1575,283,1306.08,295.68,36.97,89.38,0.7520,1,-1,-1
1575,506,1860.27,114.38,16.90,35.94,0.6197,1,-1,-1
1575,445,1253.68,316.97,33.34,73.19,0.7256,1,-1,-1
1575,566,1887.94,112.23,21.37,39.27,0.5554,1,-1,-1
1575,570,1340.39,275.06,30.21,77.97,0.7050,1,-1,-1
1575,574,1393.76,198.23,20.39,51.58,0.4417,1,-1,-1
1575,576,825.80,209.31,21.50,53.05,0.5708,1,-1,-1
1575,577,791.13,167.77,15.66,38.11,0.4912,1,-1,-1
1575,578,1542.67,184.74,32.22,60.99,0.4639,1,-1,-1
1576,283,1305.70,295.34,36.74,87.41,0.7090,1,-1,-1
1576,506,1860.46,113.64,16.75,35.69,0.6105,1,-1,-1
1576,445,1249.16,318.75,32.81,73.55,0.7194,1,-1,-1
1576,566,1888.19,113.50,20.81,37.89,0.6011,1,-1,-1
1576,570,1339.70,274.50,29.82,77.01,0.7066,1,-1,-1
1576,574,1394.80,198.68,20.30,51.13,0.5341,1,-1,-1
1576,576,825.13,210.85,20.76,51.13,0.6105,1,-1,-1
1576,577,791.44,166.95,16.05,38.90,0.3711,1,-1,-1
1576,578,1545.65,186.47,30.45,57.88,0.5020,1,-1,-1
1577,283,1305.46,294.80,36.51,86.12,0.7326,1,-1,-1
1577,506,1860.68,113.38,16.57,35.33,0.6142,1,-1,-1
1577,445,1246.03,320.17,32.09,72.97,0.7138,1,-1,-1
1577,566,1888.24,114.16,20.64,37.23,0.5993,1,-1,-1
1577,570,1338.45,274.66,29.92,77.17,0.6943,1,-1,-1
1577,574,1395.46,198.82,20.40,50.80,0.5293,1,-1,-1
1577,576,824.64,211.11,20.68,50.80,0.6160,1,-1,-1
1577,577,791.65,165.94,16.29,39.37,0.3711,1,-1,-1
1577,578,1546.87,185.56,30.37,58.07,0.4446,1,-1,-1
1578,283,1305.56,294.43,36.14,86.33,0.6680,1,-1,-1
1578,506,1860.83,113.35,16.46,35.08,0.6215,1,-1,-1
1578,445,1242.36,321.57,31.47,71.51,0.7303,1,-1,-1
1578,566,1888.27,114.62,20.53,36.76,0.5936,1,-1,-1
1578,570,1336.82,274.48,30.29,77.97,0.7476,1,-1,-1
1578,574,1396.87,200.03,20.60,50.28,0.5380,1,-1,-1
1578,576,824.33,211.13,20.73,50.80,0.6252,1,-1,-1
1578,577,791.90,164.87,16.64,40.14,0.4177,1,-1,-1
1578,578,1548.41,187.28,29.35,56.60,0.5784,1,-1,-1
1579,283,1304.28,294.94,35.91,87.27,0.6715,1,-1,-1
1579,506,1861.09,114.97,16.42,35.12,0.6086,1,-1,-1
1579,445,1237.11,321.82,33.19,74.42,0.7170,1,-1,-1
1579,566,1888.70,115.32,20.53,36.81,0.5593,1,-1,-1
1579,570,1335.89,275.32,30.61,78.24,0.7705,1,-1,-1
1579,574,1397.75,201.24,20.76,49.35,0.4045,1,-1,-1
1579,576,823.81,211.03,21.12,51.53,0.6215,1,-1,-1
1579,577,792.49,165.94,16.60,39.97,0.4639,1,-1,-1
1579,578,1550.76,187.73,29.26,56.97,0.5993,1,-1,-1
1580,283,1302.96,294.69,36.14,89.81,0.6215,1,-1,-1
1580,506,1860.46,115.78,16.83,36.10,0.6030,1,-1,-1
1580,445,1233.89,322.11,34.27,75.69,0.7162,1,-1,-1
1580,566,1889.06,116.74,20.23,36.31,0.5631,1,-1,-1
1580,570,1335.61,276.44,30.86,78.42,0.7592,1,-1,-1
1580,574,1399.07,203.08,20.69,48.40,0.4378,1,-1,-1
1580,576,823.38,211.91,21.48,52.26,0.5860,1,-1,-1
1580,577,793.27,167.40,16.17,38.96,0.5341,1,-1,-1
1580,578,1552.97,187.92,29.01,57.11,0.5993,1,-1,-1
1581,283,1300.51,294.06,36.10,91.93,0.3684,1,-1,-1
1581,506,1860.66,118.37,16.51,35.45,0.6086,1,-1,-1
1581,445,1230.09,322.54,35.58,76.66,0.7249,1,-1,-1
1581,566,1888.69,119.82,20.18,36.15,0.5879,1,-1,-1
1581,570,1334.84,278.67,30.82,77.18,0.7461,1,-1,-1
1581,574,1402.25,204.35,20.52,47.57,0.1268,1,-1,-1
1581,576,823.24,212.87,22.08,53.55,0.6215,1,-1,-1
1581,577,793.60,169.04,16.54,39.84,0.5879,1,-1,-1
1581,578,1555.39,189.70,28.54,56.83,0.5727,1,-1,-1
1582,283,1298.78,296.07,35.54,92.55,0.4111,1,-1,-1
1582,506,1860.45,120.91,16.32,35.01,0.6197,1,-1,-1
1582,445,1226.97,323.15,36.60,77.63,0.7535,1,-1,-1
1582,566,1888.65,121.31,20.53,36.82,0.6049,1,-1,-1
1582,570,1333.65,280.55,31.09,76.43,0.7264,1,-1,-1
1582,574,1401.52,207.78,21.32,48.71,0.4282,1,-1,-1
1582,576,823.30,216.62,21.49,51.96,0.5936,1,-1,-1
1582,577,793.86,170.81,16.68,40.12,0.5936,1,-1,-1
1582,578,1556.65,191.33,28.52,57.54,0.5593,1,-1,-1
1582,581,898.49,219.02,17.60,49.94,0.5823,1,-1,-1
1583,283,1298.22,297.85,33.68,90.50,0.4844,1,-1,-1
1583,506,1859.65,122.58,17.19,37.07,0.5993,1,-1,-1
1583,445,1221.58,327.72,36.97,77.15,0.6160,1,-1,-1
1583,566,1887.90,124.42,21.05,37.53,0.6086,1,-1,-1
1583,570,1332.30,284.05,31.28,76.26,0.6843,1,-1,-1
1583,574,1402.15,213.29,21.01,47.10,0.5974,1,-1,-1
1583,576,822.89,220.48,21.57,52.07,0.6415,1,-1,-1
1583,577,793.95,172.95,17.26,41.71,0.5487,1,-1,-1
1583,578,1557.16,193.47,29.12,59.71,0.6343,1,-1,-1
1583,581,899.62,221.14,18.17,51.48,0.4863,1,-1,-1
1584,283,1296.36,303.56,32.54,90.15,0.2591,1,-1,-1
1584,506,1859.14,123.54,18.07,39.53,0.5993,1,-1,-1
1584,445,1218.41,334.44,35.33,74.08,0.4649,1,-1,-1
1584,566,1885.99,123.95,23.24,41.79,0.5746,1,-1,-1
1584,570,1330.89,288.69,30.63,74.60,0.6252,1,-1,-1
1584,574,1403.61,216.69,21.71,48.62,0.6540,1,-1,-1
1584,576,822.21,221.93,22.50,54.47,0.6522,1,-1,-1
1584,577,794.73,178.43,16.51,39.93,0.4649,1,-1,-1
1584,578,1558.46,198.73,27.98,58.30,0.6593,1,-1,-1
1584,581,901.44,224.31,18.58,52.47,0.6270,1,-1,-1
1584,583,1579.60,206.33,22.85,52.11,0.6289,1,-1,-1
1585,283,1297.06,307.27,28.58,80.58,0.2775,1,-1,-1
1585,506,1858.81,125.05,18.32,40.62,0.5898,1,-1,-1
1585,445,1216.62,340.34,33.88,71.39,0.5955,1,-1,-1
1585,566,1885.00,124.63,24.56,44.62,0.6086,1,-1,-1
1585,570,1329.87,291.10,30.36,74.28,0.6715,1,-1,-1
1585,574,1405.07,219.98,21.33,48.09,0.5955,1,-1,-1
1585,576,822.56,226.43,22.02,53.35,0.6415,1,-1,-1
1585,577,794.82,181.22,16.58,40.01,0.5176,1,-1,-1
1585,578,1558.87,201.97,27.95,59.20,0.6289,1,-1,-1
1585,581,901.56,225.48,19.47,54.58,0.5708,1,-1,-1
1585,583,1580.14,208.31,23.52,53.69,0.5936,1,-1,-1
1586,283,1294.25,311.76,31.60,89.80,0.3294,1,-1,-1
1586,506,1858.59,128.61,18.53,41.43,0.5612,1,-1,-1
1586,445,1214.11,342.87,34.63,73.70,0.2444,1,-1,-1
1586,566,1885.95,131.43,23.28,41.97,0.5166,1,-1,-1
1586,570,1328.15,295.11,30.33,75.16,0.6343,1,-1,-1
1586,574,1406.12,222.19,21.56,49.14,0.6433,1,-1,-1
1586,576,822.07,231.00,22.10,53.60,0.6225,1,-1,-1
1586,577,795.07,185.55,16.10,38.93,0.4610,1,-1,-1
1586,578,1561.07,207.31,27.65,58.82,0.6114,1,-1,-1
1586,581,903.96,231.13,19.26,53.04,0.6234,1,-1,-1
1586,583,1582.04,210.89,23.93,54.86,0.4581,1,-1,-1
1587,283,1292.20,315.83,32.57,91.72,0.3132,1,-1,-1
1587,506,1858.75,135.08,16.99,38.17,0.5860,1,-1,-1
1587,566,1885.13,133.79,23.35,42.39,0.5302,1,-1,-1
1587,570,1326.99,297.35,30.49,76.54,0.6558,1,-1,-1
1587,574,1407.29,223.98,21.51,49.76,0.6749,1,-1,-1
1587,576,821.91,233.66,22.06,53.47,0.6289,1,-1,-1
1587,577,795.34,189.00,15.71,38.01,0.4737,1,-1,-1
1587,578,1561.13,209.96,27.57,58.67,0.6179,1,-1,-1
1587,581,904.99,234.19,19.68,53.06,0.5419,1,-1,-1
1587,583,1584.26,215.01,23.04,52.97,0.4707,1,-1,-1
1588,283,1290.44,319.57,31.92,89.52,0.1264,1,-1,-1
1588,506,1858.38,140.59,16.56,37.41,0.5842,1,-1,-1
1588,566,1885.66,142.07,21.62,39.18,0.5176,1,-1,-1
1588,570,1326.55,301.39,29.68,75.65,0.5224,1,-1,-1
1588,574,1409.09,228.07,21.25,50.29,0.5176,1,-1,-1
1588,576,822.27,238.42,22.02,53.51,0.6558,1,-1,-1
1588,577,795.90,192.63,16.44,39.82,0.5156,1,-1,-1
1588,578,1561.10,213.98,27.71,58.69,0.5804,1,-1,-1
1588,581,905.68,238.53,20.59,54.43,0.6142,1,-1,-1
1588,583,1584.76,220.70,22.95,52.91,0.4017,1,-1,-1
1589,506,1857.73,146.05,16.26,36.92,0.5804,1,-1,-1
1589,566,1885.04,147.40,21.33,38.53,0.4854,1,-1,-1
1589,570,1326.35,306.93,28.45,73.34,0.1987,1,-1,-1
1589,574,1412.95,231.87,18.39,44.06,0.5525,1,-1,-1
1589,576,822.01,243.71,21.98,53.42,0.6123,1,-1,-1
1589,577,796.33,197.31,16.49,40.02,0.3381,1,-1,-1
1589,578,1562.47,220.55,27.09,57.01,0.5804,1,-1,-1
1589,581,907.57,244.34,20.19,52.12,0.6567,1,-1,-1
1589,583,1586.04,224.30,22.99,53.08,0.4746,1,-1,-1
1590,506,1858.04,150.73,15.52,35.62,0.6067,1,-1,-1
1590,566,1884.20,149.03,21.92,39.94,0.5708,1,-1,-1
1590,570,1326.27,310.02,28.20,73.70,0.2451,1,-1,-1
1590,574,1414.70,235.76,17.21,41.81,0.5804,1,-1,-1
1590,576,822.06,247.39,21.91,53.29,0.6197,1,-1,-1
1590,577,797.00,201.39,16.13,38.95,0.4140,1,-1,-1
1590,578,1563.10,223.04,26.96,57.18,0.5813,1,-1,-1
1590,581,908.50,248.69,20.24,51.01,0.5564,1,-1,-1
1590,583,1586.35,226.66,23.30,53.79,0.4639,1,-1,-1
1591,506,1857.72,154.05,15.97,36.89,0.6270,1,-1,-1
1591,566,1883.65,154.79,21.38,38.89,0.5078,1,-1,-1
1591,570,1324.67,313.32,29.23,76.68,0.4902,1,-1,-1
1591,574,1414.81,239.55,20.02,48.56,0.6397,1,-1,-1
1591,576,822.49,252.94,21.79,52.66,0.6496,1,-1,-1
1591,577,797.02,204.28,16.67,40.04,0.5107,1,-1,-1
1591,578,1563.74,228.05,26.76,56.89,0.5917,1,-1,-1
1591,581,911.10,252.16,20.21,50.90,0.6058,1,-1,-1
1591,583,1587.11,233.59,22.82,52.45,0.5784,1,-1,-1
1591,283,1284.30,333.33,34.10,93.00,0.7614,1,-1,-1
1592,506,1857.25,156.37,16.34,38.08,0.6179,1,-1,-1
1592,566,1883.67,158.73,20.87,37.76,0.4620,1,-1,-1
1592,570,1324.84,316.87,28.31,75.15,0.6451,1,-1,-1
1592,574,1415.70,242.49,20.71,49.87,0.6834,1,-1,-1
1592,576,822.23,255.34,22.00,53.33,0.6584,1,-1,-1
1592,577,797.69,207.55,16.30,39.07,0.5137,1,-1,-1
1592,578,1564.27,231.93,26.59,56.24,0.5554,1,-1,-1
1592,581,911.75,255.06,20.71,52.06,0.7233,1,-1,-1
1592,583,1587.49,236.03,23.12,53.13,0.5244,1,-1,-1
1592,585,1131.39,251.28,18.02,47.72,0.5784,1,-1,-1
1592,283,1282.65,336.48,35.05,93.26,0.7712,1,-1,-1
1593,506,1856.80,161.95,15.92,37.07,0.5842,1,-1,-1
1593,566,1883.61,163.72,20.45,36.96,0.6067,1,-1,-1
1593,570,1323.46,322.14,27.38,72.58,0.6343,1,-1,-1
1593,574,1416.33,247.40,20.97,49.26,0.6307,1,-1,-1
1593,576,822.41,259.11,22.07,53.57,0.6558,1,-1,-1
1593,577,798.18,213.16,16.18,38.63,0.5651,1,-1,-1
1593,578,1565.77,234.92,26.73,56.87,0.5458,1,-1,-1
1593,581,913.22,259.03,20.44,51.50,0.6910,1,-1,-1
1593,583,1588.93,240.48,22.88,52.81,0.3942,1,-1,-1
1593,585,1133.80,257.75,17.14,45.39,0.6049,1,-1,-1
1593,283,1281.45,343.60,34.06,88.98,0.5554,1,-1,-1
1593,445,1191.59,380.70,31.95,67.82,0.5234,1,-1,-1
1594,506,1856.73,166.31,15.72,36.43,0.5784,1,-1,-1
1594,566,1883.11,168.30,20.68,37.26,0.5612,1,-1,-1
1594,570,1321.64,327.88,27.33,71.29,0.7033,1,-1,-1
1594,574,1417.50,251.73,21.60,49.92,0.6197,1,-1,-1
1594,576,822.85,265.08,21.27,51.51,0.6415,1,-1,-1
1594,577,798.53,217.52,16.14,38.39,0.5341,1,-1,-1
1594,578,1567.33,238.03,26.86,57.67,0.5917,1,-1,-1
1594,581,914.58,262.25,20.53,52.28,0.6593,1,-1,-1
1594,583,1590.91,245.21,22.51,52.10,0.3320,1,-1,-1
1594,585,1136.67,262.99,17.03,45.14,0.5727,1,-1,-1
1594,283,1278.33,347.39,34.86,89.33,0.5176,1,-1,-1
1594,445,1185.68,383.54,33.84,71.44,0.6732,1,-1,-1
1595,506,1856.55,169.66,15.60,36.09,0.5842,1,-1,-1
1595,566,1882.92,171.52,20.46,36.72,0.5936,1,-1,-1
1595,570,1319.90,330.66,27.88,71.45,0.7272,1,-1,-1
1595,574,1417.37,254.90,21.96,49.42,0.6307,1,-1,-1
1595,576,823.25,267.45,21.31,51.47,0.6715,1,-1,-1
1595,577,798.96,218.98,16.66,39.79,0.5898,1,-1,-1
1595,578,1568.35,239.98,26.82,58.19,0.5974,1,-1,-1
1595,581,915.29,264.06,20.83,53.74,0.7287,1,-1,-1
1595,583,1591.05,248.18,22.68,52.66,0.2983,1,-1,-1
1595,585,1138.05,266.02,16.76,44.34,0.6142,1,-1,-1
1595,283,1275.47,349.71,35.92,90.37,0.3849,1,-1,-1
1595,445,1182.32,388.33,33.23,69.49,0.4600,1,-1,-1
1596,506,1856.47,173.29,15.12,35.04,0.5746,1,-1,-1
1596,566,1883.14,175.69,19.65,35.20,0.6086,1,-1,-1
1596,570,1318.97,334.43,28.23,70.97,0.7178,1,-1,-1
1596,574,1417.65,258.04,22.82,50.09,0.6522,1,-1,-1
1596,576,822.76,269.91,21.56,52.17,0.6105,1,-1,-1
1596,577,799.71,222.52,15.88,37.88,0.4649,1,-1,-1
1596,578,1569.29,242.93,26.77,58.54,0.6851,1,-1,-1
1596,581,917.40,268.17,20.29,52.76,0.7050,1,-1,-1
1596,583,1591.50,250.51,23.22,53.40,0.5612,1,-1,-1
1596,585,1139.63,269.00,17.12,45.24,0.6433,1,-1,-1
1596,283,1274.17,351.63,35.81,91.20,0.5137,1,-1,-1
1597,506,1856.42,175.24,15.05,34.94,0.5746,1,-1,-1
1597,566,1883.23,177.65,19.75,35.35,0.6343,1,-1,-1
1597,570,1318.36,336.19,28.92,71.61,0.6505,1,-1,-1
1597,574,1417.89,259.61,23.51,50.39,0.6086,1,-1,-1
1597,576,822.78,271.45,21.65,52.44,0.6379,1,-1,-1
1597,577,800.32,224.39,15.36,36.69,0.5195,1,-1,-1
1597,578,1570.13,244.77,26.45,58.29,0.6505,1,-1,-1
1597,581,918.73,270.23,19.79,51.76,0.6800,1,-1,-1
1597,583,1592.69,251.63,23.64,53.90,0.5117,1,-1,-1
1597,585,1141.02,271.65,16.57,43.80,0.6067,1,-1,-1
1597,283,1272.94,353.04,35.41,91.54,0.4844,1,-1,-1
1597,588,368.90,267.48,18.79,45.13,0.4795,1,-1,-1
1598,506,1856.22,175.63,15.82,36.95,0.5879,1,-1,-1
1598,566,1883.27,179.46,19.91,35.56,0.6325,1,-1,-1
1598,570,1317.30,337.30,29.94,73.23,0.6460,1,-1,-1
1598,574,1418.41,261.63,24.07,50.60,0.7082,1,-1,-1
1598,576,822.82,272.20,22.18,53.92,0.6697,1,-1,-1
1598,577,800.25,226.78,15.82,37.88,0.5860,1,-1,-1
1598,578,1572.30,246.57,26.06,58.12,0.6179,1,-1,-1
1598,581,919.57,272.29,19.97,52.28,0.6628,1,-1,-1
1598,583,1595.49,254.09,22.93,52.43,0.2659,1,-1,-1
1598,585,1142.62,273.24,16.54,43.63,0.4932,1,-1,-1
1598,283,1271.85,356.73,34.23,90.00,0.6984,1,-1,-1
1598,588,370.70,273.78,17.19,41.24,0.1705,1,-1,-1
1599,506,1856.36,176.95,15.95,37.31,0.5879,1,-1,-1
1599,566,1883.43,181.91,19.43,34.66,0.6011,1,-1,-1
1599,570,1316.84,338.60,30.32,73.56,0.6593,1,-1,-1
1599,574,1420.57,263.72,24.14,50.63,0.6628,1,-1,-1
1599,576,823.26,275.93,21.67,52.68,0.6151,1,-1,-1
1599,577,800.73,228.32,15.73,37.77,0.5955,1,-1,-1
1599,578,1574.28,249.21,25.60,57.63,0.6252,1,-1,-1
1599,581,920.92,273.61,20.44,52.92,0.6234,1,-1,-1
1599,583,1597.79,256.46,22.75,52.41,0.3895,1,-1,-1
1599,585,1145.31,273.31,16.93,44.59,0.5477,1,-1,-1
1599,283,1270.79,358.36,33.73,90.28,0.6567,1,-1,-1
1599,588,371.80,277.63,17.11,40.93,0.3639,1,-1,-1
1599,445,1169.83,387.24,35.52,74.91,0.6142,1,-1,-1
1600,506,1856.14,176.67,16.42,38.55,0.6049,1,-1,-1
1600,566,1883.17,181.83,20.05,35.78,0.5879,1,-1,-1
1600,570,1316.41,339.56,30.54,73.63,0.7082,1,-1,-1
1600,574,1422.07,264.46,24.17,50.82,0.6834,1,-1,-1
1600,576,823.54,277.97,21.59,52.18,0.6388,1,-1,-1
1600,577,800.98,229.05,15.75,37.85,0.4961,1,-1,-1
1600,578,1575.25,250.67,25.50,57.77,0.6049,1,-1,-1
1600,581,921.79,274.97,20.88,53.19,0.6234,1,-1,-1
1600,583,1599.07,257.51,22.85,52.92,0.3049,1,-1,-1
1600,585,1147.18,273.48,16.73,44.21,0.5535,1,-1,-1
1600,283,1269.82,359.66,32.91,89.84,0.7033,1,-1,-1
1600,588,372.00,278.45,17.26,41.04,0.4311,1,-1,-1
1600,445,1168.13,387.83,35.33,75.24,0.6610,1,-1,-1
1601,506,1856.29,177.93,16.45,38.65,0.6105,1,-1,-1
1601,566,1882.70,181.57,21.21,37.96,0.5993,1,-1,-1
1601,570,1316.10,341.44,30.64,73.16,0.7469,1,-1,-1
1601,574,1423.70,264.81,24.21,51.38,0.6593,1,-1,-1
1601,576,823.58,279.65,21.80,52.24,0.7138,1,-1,-1
1601,577,801.31,229.92,15.88,38.34,0.6433,1,-1,-1
1601,578,1576.77,253.32,24.99,56.86,0.6325,1,-1,-1
1601,581,924.12,276.62,21.47,53.30,0.6749,1,-1,-1
1601,583,1599.46,258.17,22.89,53.34,0.4007,1,-1,-1
1601,585,1148.49,274.62,16.83,43.88,0.5506,1,-1,-1
1601,283,1268.83,360.42,32.18,89.43,0.7424,1,-1,-1
1601,588,372.70,280.93,16.87,39.74,0.3107,1,-1,-1
1601,445,1167.88,392.99,32.67,69.27,0.5746,1,-1,-1
1602,506,1856.28,178.90,16.58,38.93,0.6105,1,-1,-1
1602,566,1882.68,182.22,21.43,38.40,0.6179,1,-1,-1
1602,570,1316.03,342.45,30.56,72.77,0.7542,1,-1,-1
1602,574,1425.50,265.49,23.61,51.04,0.7017,1,-1,-1
1602,576,823.56,280.31,22.10,52.60,0.7154,1,-1,-1
1602,577,801.22,230.14,16.31,39.64,0.6451,1,-1,-1
1602,578,1577.30,252.04,25.93,58.97,0.6243,1,-1,-1
1602,581,925.67,278.60,21.49,52.27,0.7001,1,-1,-1
1602,583,1600.10,258.16,22.50,52.73,0.3868,1,-1,-1
1602,585,1150.51,275.03,16.99,44.45,0.5302,1,-1,-1
1602,283,1268.21,361.35,31.65,89.50,0.7469,1,-1,-1
1602,588,373.11,280.97,17.30,40.44,0.3208,1,-1,-1
1602,445,1167.08,395.40,31.88,67.50,0.5631,1,-1,-1
1603,506,1856.47,179.55,16.80,39.38,0.6030,1,-1,-1
1603,566,1882.77,183.01,21.40,38.31,0.5670,1,-1,-1
1603,570,1315.65,343.68,30.61,72.67,0.7542,1,-1,-1
1603,574,1427.86,266.43,22.73,50.38,0.6766,1,-1,-1
1603,576,823.51,280.60,22.47,53.32,0.6993,1,-1,-1
1603,577,801.27,231.06,16.37,39.97,0.6505,1,-1,-1
1603,578,1578.05,252.48,26.22,59.34,0.6388,1,-1,-1
1603,581,926.76,280.51,21.74,51.57,0.7210,1,-1,-1
1603,583,1601.69,258.51,22.61,53.15,0.3693,1,-1,-1
1603,585,1152.27,276.63,17.67,44.85,0.6086,1,-1,-1
1603,283,1266.00,362.11,31.89,90.78,0.7162,1,-1,-1
1603,588,373.91,282.37,17.21,40.07,0.4111,1,-1,-1
1603,445,1164.57,397.00,31.83,67.43,0.4678,1,-1,-1
1604,506,1856.71,181.04,16.64,38.73,0.5727,1,-1,-1
1604,566,1883.07,184.55,20.97,37.33,0.5506,1,-1,-1
1604,570,1314.79,344.60,30.85,73.19,0.7542,1,-1,-1
1604,574,1430.19,268.19,22.13,50.26,0.6935,1,-1,-1
1604,576,823.33,280.83,22.53,53.58,0.6637,1,-1,-1
1604,577,801.91,232.34,15.82,38.77,0.6252,1,-1,-1
1604,578,1579.06,254.48,26.05,59.00,0.6575,1,-1,-1
1604,581,927.80,282.47,21.67,50.34,0.6935,1,-1,-1
1604,583,1603.47,259.60,22.27,52.67,0.3942,1,-1,-1
1604,585,1154.48,277.93,18.02,44.54,0.5917,1,-1,-1
1604,283,1263.31,364.45,31.63,89.21,0.7409,1,-1,-1
1604,588,375.05,284.09,16.81,39.02,0.5438,1,-1,-1
1604,445,1160.06,399.72,33.84,71.90,0.4727,1,-1,-1
1605,506,1856.84,181.71,16.70,38.61,0.5593,1,-1,-1
1605,566,1883.31,185.62,20.67,36.65,0.5689,1,-1,-1
1605,570,1314.51,345.50,30.59,72.62,0.7334,1,-1,-1
1605,574,1431.78,269.24,21.60,50.13,0.6901,1,-1,-1
1605,576,823.28,282.63,21.59,51.81,0.6179,1,-1,-1
1605,577,802.25,233.00,15.51,38.16,0.6469,1,-1,-1
1605,578,1579.77,255.60,26.21,59.37,0.6370,1,-1,-1
1605,581,928.64,283.79,21.52,49.39,0.6834,1,-1,-1
1605,583,1604.69,260.78,22.17,52.68,0.5117,1,-1,-1
1605,585,1158.41,278.48,17.49,43.49,0.5631,1,-1,-1
1605,283,1261.57,365.09,32.10,88.97,0.7138,1,-1,-1
1605,588,375.49,285.21,16.80,38.76,0.5670,1,-1,-1
1605,445,1157.83,402.17,33.87,71.86,0.6935,1,-1,-1
1606,506,1856.96,183.48,16.54,37.96,0.5689,1,-1,-1
1606,566,1883.12,185.28,21.85,38.94,0.6522,1,-1,-1
1606,570,1314.11,346.66,30.69,73.53,0.6758,1,-1,-1
1606,574,1433.23,269.92,21.57,50.74,0.6800,1,-1,-1
1606,576,823.39,283.74,21.31,51.41,0.6593,1,-1,-1
1606,577,802.87,234.84,15.38,37.88,0.5708,1,-1,-1
1606,578,1580.45,256.06,26.64,60.04,0.6680,1,-1,-1
1606,581,930.60,284.79,21.29,49.18,0.6851,1,-1,-1
1606,583,1606.32,260.95,22.44,54.09,0.3407,1,-1,-1
1606,585,1161.83,279.62,15.96,39.72,0.5993,1,-1,-1
1606,283,1260.32,367.00,32.72,90.19,0.6361,1,-1,-1
1606,588,375.92,285.88,17.22,39.59,0.5974,1,-1,-1
1606,445,1156.02,405.34,32.81,69.96,0.6197,1,-1,-1
1607,506,1856.83,185.26,16.36,37.44,0.5784,1,-1,-1
1607,566,1883.11,186.12,21.96,39.33,0.6469,1,-1,-1
1607,570,1313.64,347.36,30.54,73.94,0.6943,1,-1,-1
1607,574,1434.71,270.82,21.30,50.44,0.6935,1,-1,-1
1607,576,823.41,284.10,21.36,51.67,0.6663,1,-1,-1
1607,577,803.09,236.21,15.40,37.87,0.4873,1,-1,-1
1607,578,1581.13,256.55,26.96,60.48,0.7241,1,-1,-1
1607,581,932.04,284.73,21.49,50.19,0.7114,1,-1,-1
1607,583,1607.23,260.91,22.74,55.25,0.4727,1,-1,-1
1607,585,1163.12,281.36,17.17,42.60,0.6343,1,-1,-1
1607,283,1259.61,368.29,32.93,89.27,0.6671,1,-1,-1
1607,588,376.39,286.63,17.11,39.30,0.5727,1,-1,-1
1607,445,1154.62,406.64,32.31,69.44,0.4571,1,-1,-1
1607,597,1271.26,270.03,14.88,39.40,0.5146,1,-1,-1
1608,506,1857.04,187.69,16.00,36.54,0.5842,1,-1,-1
1608,566,1882.92,186.08,22.33,40.38,0.6049,1,-1,-1
1608,570,1313.01,347.88,30.49,74.53,0.6843,1,-1,-1
1608,574,1435.88,272.81,21.16,49.93,0.6749,1,-1,-1
1608,576,823.16,284.63,21.85,53.26,0.6558,1,-1,-1
1608,577,803.84,239.22,15.18,37.15,0.4484,1,-1,-1
1608,578,1582.59,258.93,26.40,58.75,0.7098,1,-1,-1
1608,581,933.71,284.55,22.39,52.91,0.6645,1,-1,-1
1608,583,1609.04,262.24,22.39,54.73,0.3639,1,-1,-1
1608,585,1165.83,283.29,17.04,42.66,0.6469,1,-1,-1
1608,283,1258.87,370.20,33.48,89.82,0.6628,1,-1,-1
1608,588,377.30,288.06,17.38,39.70,0.5312,1,-1,-1
1608,445,1150.80,409.06,32.00,69.20,0.4092,1,-1,-1
1608,597,1270.60,270.82,14.67,38.80,0.5879,1,-1,-1
1609,506,1857.18,189.57,15.81,35.99,0.5823,1,-1,-1
1609,566,1883.52,190.58,20.83,37.42,0.5516,1,-1,-1
1609,570,1313.06,350.34,29.45,72.87,0.6951,1,-1,-1
1609,574,1437.30,274.68,21.91,50.84,0.6984,1,-1,-1
1609,576,823.68,289.22,20.87,50.86,0.6325,1,-1,-1
1609,577,805.31,241.42,14.34,35.25,0.3666,1,-1,-1
1609,578,1583.71,260.86,26.56,58.40,0.6593,1,-1,-1
1609,581,936.37,285.72,21.93,52.78,0.6645,1,-1,-1
1609,583,1610.35,265.72,22.03,53.68,0.4007,1,-1,-1
1609,585,1167.77,285.04,16.75,42.06,0.4873,1,-1,-1
1609,283,1258.26,370.72,34.46,92.01,0.6397,1,-1,-1
1609,588,377.90,289.58,17.25,39.43,0.5593,1,-1,-1
1609,445,1146.45,409.90,32.93,70.91,0.4717,1,-1,-1
1609,597,1270.65,272.59,14.61,38.71,0.5487,1,-1,-1
1610,506,1857.48,190.98,15.84,35.95,0.5879,1,-1,-1
1610,566,1883.42,192.11,20.87,37.39,0.5898,1,-1,-1
1610,570,1313.01,351.98,28.70,71.89,0.7017,1,-1,-1
1610,574,1437.86,276.40,22.23,50.80,0.6680,1,-1,-1
1610,576,823.82,291.29,20.90,50.89,0.6645,1,-1,-1
1610,577,806.09,242.21,13.99,34.35,0.4893,1,-1,-1
1610,578,1584.15,261.86,27.13,59.05,0.6558,1,-1,-1
1610,581,938.11,286.64,21.68,53.17,0.6680,1,-1,-1
1610,583,1612.12,266.48,21.60,52.74,0.2720,1,-1,-1
1610,585,1169.31,287.80,16.48,41.44,0.5263,1,-1,-1
1610,283,1258.27,371.60,34.68,92.40,0.6252,1,-1,-1
1610,588,378.37,290.30,17.33,39.67,0.5670,1,-1,-1
1610,445,1143.35,410.67,33.45,71.60,0.5146,1,-1,-1
1610,597,1270.55,273.91,14.50,38.49,0.4980,1,-1,-1
1611,506,1857.98,193.79,15.67,35.26,0.5823,1,-1,-1
1611,566,1883.30,194.07,20.89,37.29,0.5860,1,-1,-1
1611,570,1312.05,353.00,28.75,73.03,0.7050,1,-1,-1
1611,574,1438.45,277.72,22.76,50.91,0.7287,1,-1,-1
1611,576,823.38,293.06,21.15,51.78,0.6123,1,-1,-1
1611,577,806.84,244.03,13.78,33.73,0.3989,1,-1,-1
1611,578,1584.86,265.34,26.42,57.06,0.5185,1,-1,-1
1611,581,939.46,287.62,21.45,53.48,0.6610,1,-1,-1
1611,585,1171.25,290.06,16.27,40.93,0.5234,1,-1,-1
1611,283,1256.12,373.31,34.82,92.40,0.7033,1,-1,-1
1611,588,378.60,291.91,17.55,40.35,0.5879,1,-1,-1
1611,445,1138.92,414.78,33.00,69.35,0.7130,1,-1,-1
1611,597,1269.51,276.47,14.46,38.32,0.4951,1,-1,-1
1612,506,1858.10,195.55,15.69,35.02,0.5651,1,-1,-1
1612,566,1883.16,195.72,20.65,36.60,0.5312,1,-1,-1
1612,570,1311.29,353.54,28.70,73.87,0.7017,1,-1,-1
1612,574,1438.94,278.83,23.08,50.96,0.7379,1,-1,-1
1612,576,823.27,294.31,21.00,51.69,0.5727,1,-1,-1
1612,577,807.25,245.29,13.73,33.53,0.3460,1,-1,-1
1612,578,1586.43,265.85,26.85,57.60,0.4737,1,-1,-1
1612,581,941.19,289.00,21.03,53.28,0.6379,1,-1,-1
1612,585,1172.29,290.35,16.59,41.62,0.5612,1,-1,-1
1612,283,1255.27,374.55,34.66,91.69,0.7033,1,-1,-1
1612,588,378.85,292.96,17.62,40.70,0.5302,1,-1,-1
1612,445,1135.39,416.82,33.56,68.40,0.7050,1,-1,-1
1612,597,1268.95,277.08,14.54,38.42,0.5419,1,-1,-1
1613,506,1857.71,196.26,16.02,35.70,0.5727,1,-1,-1
1613,566,1883.21,197.60,20.48,36.11,0.5917,1,-1,-1
1613,570,1310.98,356.61,27.80,72.39,0.6697,1,-1,-1
1613,574,1439.88,281.09,23.24,50.40,0.6715,1,-1,-1
1613,576,823.08,295.05,21.19,52.30,0.6379,1,-1,-1
1613,577,807.37,246.91,14.08,34.36,0.1272,1,-1,-1
1613,578,1587.33,268.29,26.12,56.73,0.4649,1,-1,-1
1613,581,942.44,291.80,20.43,51.82,0.6901,1,-1,-1
1613,585,1173.96,291.78,16.98,42.02,0.5612,1,-1,-1
1613,283,1254.12,377.03,33.94,89.98,0.4397,1,-1,-1
1613,588,379.56,294.32,17.81,41.21,0.5765,1,-1,-1
1613,445,1132.79,420.82,34.70,68.89,0.6935,1,-1,-1
1613,597,1268.52,278.89,14.25,37.45,0.5612,1,-1,-1
1614,506,1857.59,199.43,15.40,34.43,0.6049,1,-1,-1
1614,566,1883.11,199.50,20.88,37.04,0.6361,1,-1,-1
1614,570,1310.47,358.33,27.57,72.49,0.6663,1,-1,-1
1614,574,1443.23,282.89,22.96,50.40,0.6289,1,-1,-1
1614,576,823.26,296.64,21.62,53.64,0.6558,1,-1,-1
1614,577,808.18,246.82,14.61,35.51,0.3225,1,-1,-1
1614,578,1589.62,270.86,25.71,55.99,0.5506,1,-1,-1
1614,581,943.74,294.19,20.63,51.44,0.7090,1,-1,-1
1614,585,1178.20,291.87,17.95,44.52,0.5059,1,-1,-1
1614,283,1252.32,379.04,29.48,78.18,0.5351,1,-1,-1
1614,588,380.75,296.63,17.95,41.57,0.5860,1,-1,-1
1614,445,1129.70,424.02,34.79,68.00,0.6851,1,-1,-1
1614,597,1268.32,281.45,14.39,37.83,0.4893,1,-1,-1
1614,600,1142.70,275.00,12.62,31.96,0.4863,1,-1,-1
1615,506,1857.94,201.62,14.90,33.37,0.5936,1,-1,-1
1615,566,1883.26,201.64,20.44,36.44,0.6215,1,-1,-1
1615,570,1310.27,359.53,27.66,72.78,0.6697,1,-1,-1
1615,574,1445.24,284.18,22.51,50.13,0.6252,1,-1,-1
1615,576,823.29,296.50,22.24,55.35,0.6433,1,-1,-1
1615,577,808.07,246.32,15.66,37.96,0.4083,1,-1,-1
1615,578,1590.97,270.71,26.07,57.18,0.4902,1,-1,-1
1615,581,944.87,294.63,21.47,51.96,0.6817,1,-1,-1
1615,585,1179.35,291.78,18.31,44.92,0.2967,1,-1,-1
1615,283,1250.14,380.83,29.99,80.11,0.5765,1,-1,-1
1615,588,381.90,298.19,18.06,41.92,0.6379,1,-1,-1
1615,445,1128.29,425.57,35.09,67.83,0.7194,1,-1,-1
1615,597,1267.99,283.20,14.44,38.00,0.4349,1,-1,-1
1615,600,1142.98,275.99,12.45,31.53,0.4746,1,-1,-1
1616,506,1857.77,202.44,15.24,34.22,0.5823,1,-1,-1
1616,566,1883.34,204.33,19.67,35.06,0.5898,1,-1,-1
1616,570,1309.54,362.95,27.17,71.47,0.6628,1,-1,-1
1616,574,1447.15,286.33,21.69,49.32,0.6415,1,-1,-1
1616,576,823.97,299.83,21.36,52.85,0.6270,1,-1,-1
1616,577,808.77,248.28,15.41,37.44,0.2983,1,-1,-1
1616,578,1592.89,272.15,24.80,54.80,0.3858,1,-1,-1
1616,581,945.39,295.90,22.51,53.51,0.5370,1,-1,-1
1616,585,1181.19,294.88,18.12,43.32,0.1981,1,-1,-1
1616,283,1248.92,382.30,31.21,84.49,0.6379,1,-1,-1
1616,588,383.10,299.48,18.50,43.19,0.6307,1,-1,-1
1616,445,1127.69,427.49,35.19,67.68,0.6307,1,-1,-1
1616,597,1268.22,285.42,14.27,37.39,0.3914,1,-1,-1
1616,600,1143.42,277.38,13.09,33.10,0.4620,1,-1,-1
1617,506,1858.21,204.62,14.78,33.11,0.5955,1,-1,-1
1617,566,1883.47,205.91,19.27,34.29,0.5955,1,-1,-1
1617,570,1309.44,364.58,27.16,71.41,0.6663,1,-1,-1
1617,574,1448.51,287.70,20.99,48.64,0.6160,1,-1,-1
1617,576,824.08,302.48,21.08,51.92,0.6451,1,-1,-1
1617,577,809.52,250.82,14.70,35.41,0.1281,1,-1,-1
1617,578,1594.34,273.18,23.71,52.50,0.3311,1,-1,-1
1617,581,946.07,298.92,22.20,51.72,0.5137,1,-1,-1
1617,585,1183.94,295.68,17.09,41.10,0.4542,1,-1,-1
1617,283,1248.15,383.75,29.48,80.25,0.5525,1,-1,-1
1617,588,383.80,300.83,18.42,43.12,0.6132,1,-1,-1
1617,445,1127.52,428.87,35.14,67.43,0.6179,1,-1,-1
1617,597,1268.91,286.85,13.63,35.68,0.2591,1,-1,-1
1617,600,1143.94,279.34,12.92,32.55,0.4054,1,-1,-1
1617,602,509.45,270.04,15.54,36.70,0.5332,1,-1,-1
1618,506,1858.27,206.55,14.82,32.96,0.5917,1,-1,-1
1618,566,1882.93,206.79,20.11,35.73,0.5554,1,-1,-1
1618,570,1309.56,365.84,27.49,72.01,0.6984,1,-1,-1
1618,574,1449.75,289.06,21.28,50.03,0.6469,1,-1,-1
1618,576,824.07,303.78,22.00,53.54,0.6442,1,-1,-1
1618,577,809.29,251.81,15.49,37.34,0.4149,1,-1,-1
1618,578,1596.66,273.35,24.77,55.03,0.4639,1,-1,-1
1618,581,947.79,304.62,21.35,47.93,0.5593,1,-1,-1
1618,585,1186.42,299.27,17.17,41.46,0.5477,1,-1,-1
1618,283,1246.45,385.60,30.83,85.85,0.7098,1,-1,-1
1618,588,384.54,302.27,18.43,42.90,0.5993,1,-1,-1
1618,445,1126.67,430.23,35.18,67.28,0.6067,1,-1,-1
1618,597,1269.30,287.30,12.52,32.40,0.2494,1,-1,-1
1618,600,1145.65,281.22,12.33,30.74,0.4311,1,-1,-1
1618,602,510.39,271.70,15.39,36.36,0.4688,1,-1,-1
1619,506,1857.54,207.90,15.29,34.04,0.5708,1,-1,-1
1619,566,1882.87,209.27,19.82,34.95,0.4805,1,-1,-1
1619,570,1309.48,367.95,27.34,71.68,0.6968,1,-1,-1
1619,574,1451.92,290.45,21.14,50.56,0.6628,1,-1,-1
1619,576,823.62,305.74,21.46,52.41,0.6234,1,-1,-1
1619,577,809.68,254.49,15.32,36.65,0.2180,1,-1,-1
1619,578,1599.30,275.78,24.74,55.53,0.5273,1,-1,-1
1619,581,949.42,307.11,21.48,46.98,0.6415,1,-1,-1
1619,585,1188.94,302.73,16.86,41.17,0.5879,1,-1,-1
1619,283,1244.81,387.62,31.69,90.42,0.6451,1,-1,-1
1619,588,385.95,304.68,18.20,42.19,0.6067,1,-1,-1
1619,445,1125.92,430.48,35.88,68.95,0.5651,1,-1,-1
1619,597,1269.88,288.48,11.57,29.76,0.3149,1,-1,-1
1619,600,1146.90,283.93,12.32,30.33,0.5380,1,-1,-1
1619,602,511.06,274.02,15.75,37.17,0.4854,1,-1,-1
1620,506,1857.44,209.73,15.11,33.73,0.5593,1,-1,-1
1620,566,1882.93,211.47,19.36,33.97,0.5293,1,-1,-1
1620,570,1309.57,369.66,27.27,71.52,0.6851,1,-1,-1
1620,574,1454.15,291.68,20.07,48.82,0.5293,1,-1,-1
1620,576,823.44,306.88,21.29,52.12,0.6030,1,-1,-1
1620,577,810.11,256.50,14.89,35.39,0.1456,1,-1,-1
1620,578,1599.58,278.27,23.96,54.06,0.4455,1,-1,-1
1620,581,950.04,307.73,22.16,47.59,0.6800,1,-1,-1
1620,585,1190.68,305.74,16.19,39.68,0.5842,1,-1,-1
1620,283,1243.67,389.78,31.52,91.38,0.6252,1,-1,-1
1620,588,386.51,306.42,18.31,42.28,0.6697,1,-1,-1
1620,445,1125.32,431.27,36.42,70.48,0.5234,1,-1,-1
1620,597,1270.02,288.97,11.15,28.54,0.3425,1,-1,-1
1620,600,1148.04,285.08,12.43,30.39,0.4815,1,-1,-1
1620,602,511.83,275.36,15.89,37.49,0.5708,1,-1,-1
1621,506,1857.36,211.46,15.34,34.22,0.5525,1,-1,-1
1621,566,1882.78,212.58,19.86,34.77,0.5651,1,-1,-1
1621,570,1309.28,371.34,27.04,71.57,0.6885,1,-1,-1
1621,574,1455.61,294.01,19.86,48.98,0.6522,1,-1,-1
1621,576,823.44,307.98,22.04,53.92,0.6834,1,-1,-1
1621,578,1598.90,280.62,25.09,56.03,0.5059,1,-1,-1
1621,581,951.18,307.75,23.27,49.91,0.6575,1,-1,-1
1621,585,1192.00,307.37,16.40,40.10,0.5525,1,-1,-1
1621,283,1244.13,393.55,25.42,71.85,0.4776,1,-1,-1
1621,588,387.79,308.67,18.41,41.91,0.6680,1,-1,-1
1621,445,1125.14,432.40,35.79,70.18,0.7394,1,-1,-1
1621,597,1269.19,290.20,11.80,30.26,0.2330,1,-1,-1
1621,600,1149.08,288.01,12.29,29.84,0.3711,1,-1,-1
1621,602,513.66,276.98,16.28,38.09,0.6451,1,-1,-1
1622,506,1858.08,214.20,14.78,32.78,0.5554,1,-1,-1
1622,566,1882.78,213.90,20.09,35.10,0.5631,1,-1,-1
1622,570,1309.14,372.61,26.86,71.65,0.6800,1,-1,-1
1622,574,1456.27,295.59,20.08,50.24,0.6379,1,-1,-1
1622,576,823.49,308.09,22.77,55.69,0.6697,1,-1,-1
1622,578,1598.51,281.51,25.45,56.60,0.4902,1,-1,-1
1622,581,952.38,307.93,23.46,50.55,0.6540,1,-1,-1
1622,585,1193.26,308.45,16.80,41.13,0.5458,1,-1,-1
1622,283,1239.57,395.67,30.04,85.16,0.3567,1,-1,-1
1622,588,388.13,310.05,18.76,42.20,0.6783,1,-1,-1
1622,445,1125.30,432.73,35.40,70.30,0.7379,1,-1,-1
1622,597,1267.93,290.65,13.20,34.02,0.1078,1,-1,-1
1622,600,1149.52,288.92,12.51,30.22,0.4282,1,-1,-1
1622,602,514.70,278.48,16.48,38.21,0.6505,1,-1,-1
1623,506,1858.63,216.65,14.57,32.28,0.5516,1,-1,-1
1623,566,1882.98,216.69,19.63,33.98,0.5438,1,-1,-1
1623,570,1309.08,374.92,26.65,71.59,0.6851,1,-1,-1
1623,574,1457.87,297.65,19.47,49.33,0.6270,1,-1,-1
1623,576,824.04,311.49,22.10,53.66,0.6451,1,-1,-1
1623,578,1599.70,283.99,25.27,56.92,0.4746,1,-1,-1
1623,581,955.11,309.21,23.00,50.58,0.6049,1,-1,-1
1623,585,1194.60,308.21,17.36,42.83,0.6179,1,-1,-1
1623,283,1237.58,396.84,31.41,88.45,0.5283,1,-1,-1
1623,588,388.71,311.88,18.90,42.25,0.6951,1,-1,-1
1623,445,1125.41,432.68,35.43,71.39,0.7349,1,-1,-1
1623,597,1266.63,295.22,14.46,37.02,0.4630,1,-1,-1
1623,600,1149.68,290.27,13.85,33.37,0.5390,1,-1,-1
1623,602,515.41,281.04,16.80,38.49,0.6397,1,-1,-1
1624,506,1858.95,218.82,14.54,32.13,0.5974,1,-1,-1
1624,566,1882.28,217.93,20.55,35.45,0.5879,1,-1,-1
1624,570,1309.45,376.87,26.65,71.91,0.7114,1,-1,-1
1624,574,1459.21,299.42,19.04,48.26,0.5860,1,-1,-1
1624,576,824.24,315.21,22.55,53.99,0.6723,1,-1,-1
1624,578,1601.87,286.29,25.52,57.48,0.5205,1,-1,-1
1624,581,957.48,310.01,23.37,52.45,0.6270,1,-1,-1
1624,585,1195.72,308.32,17.75,43.93,0.5804,1,-1,-1
1624,283,1235.55,400.58,32.13,88.62,0.6049,1,-1,-1
1624,588,389.02,313.51,19.08,42.48,0.7484,1,-1,-1
1624,445,1124.70,432.47,36.27,74.02,0.6783,1,-1,-1
1624,597,1266.14,298.49,14.87,37.91,0.4321,1,-1,-1
1624,600,1150.32,292.51,14.16,34.10,0.5727,1,-1,-1
1624,602,515.80,282.60,17.04,38.68,0.6289,1,-1,-1
1625,506,1858.98,219.91,14.71,32.54,0.6105,1,-1,-1
1625,566,1882.27,218.98,20.83,35.93,0.5936,1,-1,-1
1625,570,1309.71,377.82,26.76,72.41,0.7225,1,-1,-1
1625,574,1459.92,300.71,18.90,47.72,0.5322,1,-1,-1
1625,576,824.46,316.95,22.41,53.53,0.6663,1,-1,-1
1625,578,1604.32,287.02,26.24,58.42,0.5068,1,-1,-1
1625,581,958.97,310.73,23.26,53.38,0.6397,1,-1,-1
1625,585,1197.02,308.51,17.93,44.12,0.5224,1,-1,-1
1625,283,1234.57,403.23,32.42,87.38,0.6433,1,-1,-1
1625,588,389.70,315.21,19.06,41.86,0.7280,1,-1,-1
1625,445,1124.05,429.25,38.07,78.81,0.6151,1,-1,-1
1625,597,1265.70,300.62,15.16,38.43,0.4426,1,-1,-1
1625,600,1151.18,294.56,13.93,33.39,0.5088,1,-1,-1
1625,602,516.43,284.01,17.11,38.27,0.6234,1,-1,-1
1626,506,1859.07,221.84,14.40,31.96,0.6123,1,-1,-1
1626,566,1882.06,221.49,19.93,34.26,0.5554,1,-1,-1
1626,570,1309.75,379.30,27.00,73.08,0.7210,1,-1,-1
1626,574,1459.95,303.38,19.47,47.82,0.5860,1,-1,-1
1626,576,824.64,318.93,22.16,52.81,0.7017,1,-1,-1
1626,578,1605.57,287.96,26.76,59.16,0.3675,1,-1,-1
1626,581,960.72,311.68,22.86,53.49,0.6610,1,-1,-1
1626,585,1198.87,308.38,19.26,46.66,0.5185,1,-1,-1
1626,283,1233.41,404.54,33.20,87.00,0.6926,1,-1,-1
1626,588,389.69,317.02,19.17,41.74,0.6478,1,-1,-1
1626,445,1122.90,426.19,40.30,84.33,0.5794,1,-1,-1
1626,597,1264.85,301.19,15.74,39.55,0.5554,1,-1,-1
1626,600,1151.72,296.05,13.82,32.94,0.6325,1,-1,-1
1626,602,517.16,286.08,17.53,38.91,0.3684,1,-1,-1
1627,506,1859.12,223.12,14.07,31.36,0.5936,1,-1,-1
1627,566,1880.18,223.72,18.56,32.64,0.5273,1,-1,-1
1627,570,1309.78,380.73,26.72,72.73,0.7098,1,-1,-1
1627,574,1459.89,305.62,20.46,48.64,0.6379,1,-1,-1
1627,576,824.75,320.27,22.14,52.68,0.7098,1,-1,-1
1627,578,1605.97,289.34,27.10,59.64,0.2983,1,-1,-1
1627,581,961.79,312.39,22.57,53.42,0.6918,1,-1,-1
1627,585,1200.68,308.37,19.47,46.74,0.5039,1,-1,-1
1627,283,1232.30,405.86,33.98,86.71,0.7138,1,-1,-1
1627,588,390.52,318.73,18.92,41.20,0.6522,1,-1,-1
1627,445,1122.29,426.28,40.67,85.66,0.4824,1,-1,-1
1627,597,1264.61,301.63,16.14,40.30,0.5496,1,-1,-1
1627,600,1151.83,297.62,14.24,33.76,0.5746,1,-1,-1
1627,602,517.59,287.44,17.53,38.59,0.6067,1,-1,-1
1627,608,1203.85,306.03,17.09,41.00,0.5059,1,-1,-1
1628,506,1859.14,224.80,14.28,32.04,0.6011,1,-1,-1
1628,566,1879.76,224.82,18.49,33.10,0.5400,1,-1,-1
1628,570,1310.10,382.56,26.58,72.62,0.7066,1,-1,-1
1628,574,1461.89,307.29,21.01,49.43,0.5458,1,-1,-1
1628,576,824.68,321.58,22.81,54.16,0.6749,1,-1,-1
1628,578,1606.43,292.98,26.80,58.83,0.2991,1,-1,-1
1628,581,963.25,314.76,22.62,53.64,0.7154,1,-1,-1
1628,585,1204.14,311.63,18.27,44.03,0.5078,1,-1,-1
1628,283,1231.37,408.35,34.23,85.39,0.6893,1,-1,-1
1628,588,391.33,320.91,19.07,41.30,0.6415,1,-1,-1
1628,445,1123.90,434.05,37.98,80.04,0.6197,1,-1,-1
1628,597,1265.20,304.32,15.65,39.06,0.4092,1,-1,-1
1628,600,1152.46,299.70,14.19,33.83,0.5679,1,-1,-1
1628,602,518.32,289.23,17.47,38.32,0.6252,1,-1,-1
1628,608,1201.66,308.90,17.00,40.90,0.1836,1,-1,-1
1629,506,1858.60,226.11,14.65,32.96,0.5898,1,-1,-1
1629,566,1881.77,226.24,19.38,34.47,0.5487,1,-1,-1
1629,570,1310.18,384.14,26.74,73.31,0.7098,1,-1,-1
1629,574,1463.38,309.50,21.53,49.74,0.5784,1,-1,-1
1629,576,825.18,323.93,22.41,53.07,0.6451,1,-1,-1
1629,578,1606.53,295.00,26.15,57.92,0.4455,1,-1,-1
1629,581,965.20,317.53,23.01,53.71,0.7122,1,-1,-1
1629,585,1207.42,313.23,16.84,40.40,0.4206,1,-1,-1
1629,283,1229.64,409.21,34.97,87.77,0.6834,1,-1,-1
1629,588,392.11,322.58,19.50,42.15,0.6252,1,-1,-1
1629,445,1125.49,439.42,36.42,75.74,0.4149,1,-1,-1
1629,597,1265.40,307.10,15.55,38.74,0.3821,1,-1,-1
1629,600,1153.23,300.88,14.32,34.32,0.5039,1,-1,-1
1629,602,518.94,291.77,17.22,37.77,0.6307,1,-1,-1
1630,506,1858.55,227.60,14.68,33.03,0.5804,1,-1,-1
1630,566,1882.58,227.75,19.54,34.42,0.5689,1,-1,-1
1630,570,1310.19,385.26,26.97,74.09,0.7272,1,-1,-1
1630,574,1464.88,310.62,21.49,48.93,0.5254,1,-1,-1
1630,576,825.94,327.10,21.73,51.30,0.6397,1,-1,-1
1630,578,1609.33,296.62,25.65,56.80,0.2473,1,-1,-1
1630,581,966.23,319.25,23.27,53.51,0.7058,1,-1,-1
1630,585,1208.05,315.62,18.67,44.60,0.5448,1,-1,-1
1630,283,1227.99,410.09,35.38,89.84,0.7114,1,-1,-1
1630,588,392.50,323.93,19.58,42.32,0.6575,1,-1,-1
1630,445,1125.95,441.10,36.29,74.34,0.5458,1,-1,-1
1630,597,1265.24,308.46,15.69,38.95,0.4591,1,-1,-1
1630,600,1153.80,302.56,14.25,34.16,0.5117,1,-1,-1
1630,602,519.41,294.16,16.76,36.78,0.6105,1,-1,-1
1631,506,1858.86,229.41,14.61,32.86,0.6379,1,-1,-1
1631,566,1882.58,228.33,20.10,35.33,0.5917,1,-1,-1
1631,570,1310.47,387.91,26.68,73.23,0.7439,1,-1,-1
1631,574,1469.39,311.23,20.05,45.95,0.5438,1,-1,-1
1631,576,826.48,329.47,21.96,51.61,0.6469,1,-1,-1
1631,578,1609.57,300.22,24.94,55.27,0.4824,1,-1,-1
1631,581,967.18,321.50,23.64,53.53,0.6885,1,-1,-1
1631,585,1210.48,322.23,17.48,41.69,0.3140,1,-1,-1
1631,283,1225.80,412.53,34.59,89.07,0.7162,1,-1,-1
1631,588,392.69,325.52,19.69,42.56,0.6680,1,-1,-1
1631,445,1126.44,442.59,37.26,75.35,0.2958,1,-1,-1
1631,597,1265.58,310.90,15.24,37.91,0.4417,1,-1,-1
1631,600,1154.49,305.68,13.89,33.10,0.3979,1,-1,-1
1631,602,519.32,294.80,17.26,38.11,0.5917,1,-1,-1
1632,506,1858.93,231.03,14.63,32.84,0.6505,1,-1,-1
1632,566,1882.67,228.88,20.70,36.28,0.5955,1,-1,-1
1632,570,1310.63,389.71,26.55,72.45,0.7439,1,-1,-1
1632,574,1471.63,311.71,19.31,44.72,0.5390,1,-1,-1
1632,576,825.92,329.94,22.12,52.34,0.6628,1,-1,-1
1632,578,1610.35,301.28,24.79,54.82,0.4092,1,-1,-1
1632,581,967.45,322.64,24.05,53.67,0.6697,1,-1,-1
1632,585,1212.15,321.16,17.55,42.29,0.1592,1,-1,-1
1632,283,1224.27,414.23,34.07,88.63,0.6901,1,-1,-1
1632,588,392.86,326.42,19.97,43.25,0.6415,1,-1,-1
1632,445,1127.75,443.54,38.24,76.02,0.4130,1,-1,-1
1632,597,1265.30,312.17,15.30,38.12,0.5059,1,-1,-1
1632,600,1155.32,307.45,13.73,32.54,0.4054,1,-1,-1
1632,602,519.41,295.82,17.26,38.25,0.4600,1,-1,-1
1633,506,1858.50,231.78,15.24,34.13,0.6160,1,-1,-1
1633,566,1882.72,231.35,20.78,36.08,0.5554,1,-1,-1
1633,570,1311.04,391.45,26.73,72.27,0.7484,1,-1,-1
1633,574,1472.91,312.63,19.11,44.62,0.4140,1,-1,-1
1633,576,826.19,331.72,21.66,51.49,0.6851,1,-1,-1
1633,578,1611.93,302.64,25.28,55.79,0.5400,1,-1,-1
1633,581,968.87,325.04,23.83,52.49,0.7379,1,-1,-1
1633,585,1215.05,324.37,17.52,42.23,0.4102,1,-1,-1
1633,283,1222.79,415.65,34.09,89.23,0.7082,1,-1,-1
1633,588,393.75,328.56,19.64,42.54,0.6732,1,-1,-1
1633,445,1129.59,444.73,39.39,76.94,0.4045,1,-1,-1
1633,597,1264.61,313.56,15.47,38.32,0.5185,1,-1,-1
1633,600,1156.63,308.67,14.40,33.84,0.5137,1,-1,-1
1633,602,520.58,299.90,16.42,36.64,0.5516,1,-1,-1
1634,506,1858.50,233.95,14.99,33.70,0.5879,1,-1,-1
1634,566,1882.35,233.29,20.65,35.90,0.5784,1,-1,-1
1634,570,1311.48,394.13,26.82,72.06,0.7162,1,-1,-1
1634,574,1474.94,315.48,18.01,42.38,0.5535,1,-1,-1
1634,576,826.33,333.15,22.08,52.77,0.7050,1,-1,-1
1634,578,1612.92,306.13,25.00,54.93,0.3057,1,-1,-1
1634,581,971.15,327.60,23.18,51.10,0.7178,1,-1,-1
1634,585,1217.19,327.94,17.06,41.19,0.5000,1,-1,-1
1634,283,1221.70,417.86,33.99,89.55,0.7082,1,-1,-1
1634,588,394.19,329.84,20.32,44.20,0.5746,1,-1,-1
1634,445,1132.16,451.32,37.70,72.48,0.4766,1,-1,-1
1634,597,1264.57,315.31,15.28,37.79,0.4465,1,-1,-1
1634,600,1157.53,309.06,14.39,33.71,0.5554,1,-1,-1
1634,602,520.26,300.50,16.88,37.82,0.5059,1,-1,-1
1635,506,1858.66,236.29,14.64,33.01,0.6123,1,-1,-1
1635,566,1881.76,235.24,20.05,35.19,0.5574,1,-1,-1
1635,570,1311.63,395.30,27.06,72.47,0.6885,1,-1,-1
1635,574,1476.43,317.91,17.13,40.51,0.3821,1,-1,-1
1635,576,826.29,332.82,23.02,55.25,0.6834,1,-1,-1
1635,578,1613.18,307.63,24.99,54.88,0.3260,1,-1,-1
1635,581,971.82,329.08,23.29,51.27,0.7162,1,-1,-1
1635,585,1218.46,328.09,17.37,42.28,0.5273,1,-1,-1
1635,283,1222.06,419.02,33.17,88.17,0.7264,1,-1,-1
1635,588,395.12,331.56,20.60,44.84,0.6270,1,-1,-1
1635,445,1134.37,455.40,37.20,70.27,0.5496,1,-1,-1
1635,597,1264.15,316.53,15.65,38.60,0.4045,1,-1,-1
1635,600,1157.89,308.85,14.81,34.75,0.5612,1,-1,-1
1635,602,520.01,300.55,17.27,39.06,0.4436,1,-1,-1
1636,506,1858.49,237.80,14.99,33.78,0.5689,1,-1,-1
1636,566,1882.68,237.88,20.05,35.04,0.5068,1,-1,-1
1636,570,1311.96,397.19,27.49,73.43,0.6951,1,-1,-1
1636,574,1478.18,318.28,17.69,42.40,0.4330,1,-1,-1
1636,576,826.89,336.93,21.94,52.54,0.6610,1,-1,-1
1636,578,1613.98,309.65,24.71,54.42,0.4610,1,-1,-1
1636,581,973.68,330.31,23.29,52.34,0.7033,1,-1,-1
1636,585,1219.82,328.55,17.87,43.58,0.4330,1,-1,-1
1636,283,1219.97,420.53,33.14,87.62,0.5467,1,-1,-1
1636,588,396.07,334.16,20.24,44.10,0.5727,1,-1,-1
1636,597,1263.72,318.23,15.95,39.26,0.4426,1,-1,-1
1636,600,1158.62,309.09,15.53,36.73,0.5879,1,-1,-1
1636,602,520.52,303.33,16.95,38.75,0.4912,1,-1,-1
1637,506,1858.86,239.44,14.88,33.60,0.5593,1,-1,-1
1637,566,1882.64,240.61,19.13,33.42,0.4912,1,-1,-1
1637,570,1311.97,398.86,27.54,73.50,0.6984,1,-1,-1
1637,574,1479.63,320.70,17.54,42.28,0.3337,1,-1,-1
1637,576,827.33,338.98,21.61,51.75,0.6593,1,-1,-1
1637,578,1614.10,311.10,24.39,54.57,0.2674,1,-1,-1
1637,581,975.72,331.48,22.65,52.07,0.7082,1,-1,-1
1637,585,1221.56,329.84,17.85,43.32,0.4225,1,-1,-1
1637,283,1218.88,421.48,33.99,89.59,0.6011,1,-1,-1
1637,588,396.72,335.65,20.28,44.25,0.5506,1,-1,-1
1637,597,1263.44,319.77,15.93,39.10,0.3989,1,-1,-1
1637,600,1159.28,310.16,15.66,37.23,0.5467,1,-1,-1
1637,602,520.92,304.98,16.65,38.45,0.5448,1,-1,-1
1638,506,1859.25,242.15,14.48,32.52,0.5993,1,-1,-1
1638,566,1883.19,240.01,20.49,35.73,0.5370,1,-1,-1
1638,570,1311.97,400.57,27.47,73.03,0.7303,1,-1,-1
1638,574,1480.54,322.78,18.47,44.68,0.3803,1,-1,-1
1638,576,827.51,340.17,22.19,53.25,0.6593,1,-1,-1
1638,578,1616.56,311.27,25.33,56.85,0.3785,1,-1,-1
1638,581,977.96,332.98,22.38,52.69,0.6951,1,-1,-1
1638,585,1224.70,331.24,15.78,37.80,0.2720,1,-1,-1
1638,283,1217.61,423.66,34.90,90.41,0.6415,1,-1,-1
1638,588,397.47,337.51,20.19,43.98,0.5727,1,-1,-1
1638,597,1262.73,322.57,15.49,38.27,0.4844,1,-1,-1
1638,600,1160.21,312.60,15.10,36.23,0.5506,1,-1,-1
1638,602,521.06,306.35,16.65,38.77,0.4330,1,-1,-1
1638,609,282.29,351.86,17.26,47.18,0.5554,1,-1,-1
1639,506,1859.22,244.73,14.21,31.78,0.6179,1,-1,-1
1639,566,1883.96,242.36,20.33,35.44,0.5651,1,-1,-1
1639,570,1311.77,401.71,28.11,74.11,0.7194,1,-1,-1
1639,574,1481.60,324.35,20.04,49.09,0.3923,1,-1,-1
1639,576,827.31,342.93,21.46,51.72,0.6540,1,-1,-1
1639,578,1618.31,313.56,25.27,56.79,0.2415,1,-1,-1
1639,581,979.88,334.56,22.15,52.86,0.7146,1,-1,-1
1639,585,1228.87,331.63,16.39,39.60,0.4678,1,-1,-1
1639,283,1217.10,426.72,35.29,89.69,0.6105,1,-1,-1
1639,588,398.06,339.51,20.07,43.81,0.6067,1,-1,-1
1639,597,1262.08,323.14,16.01,39.95,0.4902,1,-1,-1
1639,600,1160.52,313.65,15.59,37.86,0.6067,1,-1,-1
1639,602,521.72,309.19,16.34,38.00,0.4102,1,-1,-1
1639,609,281.38,353.13,17.21,47.03,0.4659,1,-1,-1
1639,445,1147.43,464.62,37.11,68.67,0.5756,1,-1,-1
1640,506,1859.36,246.30,14.12,31.55,0.6142,1,-1,-1
1640,566,1884.34,244.56,19.95,34.66,0.5535,1,-1,-1
1640,570,1312.18,403.46,28.39,74.13,0.6926,1,-1,-1
1640,574,1481.29,326.08,21.45,52.60,0.4321,1,-1,-1
1640,576,827.35,344.39,21.18,51.07,0.6645,1,-1,-1
1640,578,1619.40,314.60,25.18,56.74,0.1968,1,-1,-1
1640,581,981.31,335.59,21.87,52.65,0.7210,1,-1,-1
1640,585,1231.69,333.64,16.93,41.79,0.4659,1,-1,-1
1640,283,1215.25,429.17,35.35,88.23,0.5860,1,-1,-1
1640,588,398.79,341.11,19.65,42.80,0.6160,1,-1,-1
1640,597,1261.95,324.79,15.57,39.09,0.4630,1,-1,-1
1640,600,1161.27,316.70,15.11,37.22,0.5842,1,-1,-1
1640,602,523.07,312.37,15.74,36.78,0.4834,1,-1,-1
1640,609,280.88,354.20,17.42,47.61,0.4475,1,-1,-1
1640,445,1149.06,466.39,37.43,67.90,0.5390,1,-1,-1
1641,506,1859.76,249.18,13.52,30.24,0.6011,1,-1,-1
1641,566,1883.02,246.88,19.32,33.79,0.5708,1,-1,-1
1641,570,1312.70,406.57,28.23,72.98,0.7146,1,-1,-1
1641,574,1482.20,328.49,22.44,54.71,0.2728,1,-1,-1
1641,576,827.34,344.35,22.47,54.43,0.6868,1,-1,-1
1641,581,982.54,337.78,21.68,52.59,0.7138,1,-1,-1
1641,585,1234.01,336.89,16.61,41.49,0.5263,1,-1,-1
1641,283,1214.56,430.14,35.05,87.20,0.6800,1,-1,-1
1641,588,399.53,344.89,18.79,41.02,0.5823,1,-1,-1
1641,597,1262.84,328.79,14.32,36.26,0.3040,1,-1,-1
1641,600,1162.26,320.41,14.41,35.88,0.6142,1,-1,-1
1641,602,523.71,315.45,15.13,35.59,0.2134,1,-1,-1
1641,609,279.69,356.26,18.18,49.86,0.2502,1,-1,-1
1641,445,1150.23,469.08,37.61,67.70,0.6619,1,-1,-1
1642,506,1859.82,250.58,13.43,30.02,0.6397,1,-1,-1
1642,566,1882.75,248.25,19.14,33.72,0.5380,1,-1,-1
1642,570,1313.22,408.29,28.47,72.97,0.7162,1,-1,-1
1642,574,1482.02,330.69,23.90,57.84,0.1871,1,-1,-1
1642,576,827.66,345.04,22.75,55.13,0.6935,1,-1,-1
1642,581,983.44,339.49,21.58,52.64,0.7341,1,-1,-1
1642,585,1235.31,338.40,16.27,40.95,0.4922,1,-1,-1
1642,283,1213.94,431.83,34.35,85.63,0.6325,1,-1,-1
1642,588,399.53,345.05,19.15,42.06,0.6252,1,-1,-1
1642,597,1263.41,330.37,13.63,34.79,0.3495,1,-1,-1
1642,600,1162.54,322.07,14.16,35.66,0.6049,1,-1,-1
1642,602,524.48,317.27,14.69,34.60,0.2473,1,-1,-1
1642,445,1151.96,471.54,36.46,64.76,0.5804,1,-1,-1
1642,610,1887.91,247.50,16.64,33.85,0.4600,1,-1,-1
1643,506,1860.11,252.30,13.41,30.14,0.6289,1,-1,-1
1643,566,1881.50,251.61,17.94,32.38,0.4717,1,-1,-1
1643,570,1313.98,410.02,28.99,73.46,0.7130,1,-1,-1
1643,574,1485.75,332.85,20.25,47.43,0.5117,2,-1,-1
1643,576,828.13,348.84,21.71,52.70,0.6361,1,-1,-1
1643,581,985.17,342.04,21.25,51.34,0.7280,1,-1,-1
1643,585,1237.21,340.60,15.18,38.42,0.5078,1,-1,-1
1643,283,1214.32,435.01,32.81,82.26,0.5955,1,-1,-1
1643,588,400.64,348.50,18.19,40.23,0.5631,1,-1,-1
1643,597,1264.34,331.91,13.41,34.08,0.1012,1,-1,-1
1643,600,1162.66,321.49,14.57,37.25,0.6142,1,-1,-1
1643,602,524.74,318.16,14.68,34.47,0.4321,1,-1,-1
1643,445,1155.22,472.45,36.62,65.29,0.1413,1,-1,-1
1643,610,1888.43,251.25,16.18,32.91,0.4149,1,-1,-1
1644,506,1860.17,254.10,13.76,30.81,0.6289,1,-1,-1
1644,566,1881.17,253.41,17.67,32.59,0.5010,1,-1,-1
1644,570,1314.90,411.87,29.50,73.36,0.7628,1,-1,-1
1644,574,1488.83,335.09,19.24,44.05,0.1587,1,-1,-1
1644,576,828.12,350.85,22.46,54.33,0.6817,1,-1,-1
1644,581,986.66,345.04,21.66,50.97,0.7326,1,-1,-1
1644,585,1239.12,342.97,14.93,37.97,0.4776,1,-1,-1
1644,283,1213.88,437.63,30.69,76.84,0.5804,1,-1,-1
1644,588,401.07,351.14,17.92,39.74,0.5879,1,-1,-1
1644,597,1264.69,333.36,12.98,32.61,0.1037,1,-1,-1
1644,600,1163.67,325.25,13.43,34.50,0.5670,1,-1,-1
1644,602,526.11,320.55,14.99,35.02,0.4083,1,-1,-1
1644,445,1159.46,472.50,37.30,67.96,0.4244,1,-1,-1
1644,610,1888.69,252.60,16.50,33.54,0.4854,1,-1,-1
1644,612,1197.55,336.20,15.03,36.12,0.4961,1,-1,-1
1645,506,1860.31,255.29,13.96,31.00,0.6379,1,-1,-1
1645,566,1882.79,254.09,17.68,32.80,0.5215,1,-1,-1
1645,570,1315.24,413.15,30.02,73.32,0.7873,1,-1,-1
1645,574,1490.50,335.54,19.09,42.95,0.1629,1,-1,-1
1645,576,828.19,352.44,22.46,54.17,0.6575,1,-1,-1
1645,581,987.38,346.20,22.34,51.28,0.7556,1,-1,-1
1645,585,1240.16,344.19,15.27,38.79,0.4523,1,-1,-1
1645,283,1213.93,439.43,30.08,74.82,0.5823,1,-1,-1
1645,588,400.84,351.81,18.34,40.85,0.6252,1,-1,-1
1645,597,1262.25,336.31,13.58,33.81,0.2553,1,-1,-1
1645,600,1164.60,327.21,12.62,32.53,0.5612,1,-1,-1
1645,602,526.63,321.59,15.15,35.10,0.3684,1,-1,-1
1645,445,1163.05,474.06,36.46,67.70,0.1366,1,-1,-1
1645,610,1889.49,253.31,16.53,33.59,0.4756,1,-1,-1
1645,612,1197.18,336.24,15.38,37.06,0.5029,1,-1,-1
1646,506,1860.13,257.10,14.00,30.99,0.6663,1,-1,-1
1646,566,1883.04,256.16,17.47,32.61,0.5448,1,-1,-1
1646,570,1315.74,415.16,30.46,73.28,0.7409,1,-1,-1
1646,574,1490.11,337.60,21.28,48.03,0.2140,1,-1,-1
1646,576,828.13,354.56,21.75,52.80,0.6343,1,-1,-1
1646,581,988.31,348.72,22.46,50.27,0.7424,1,-1,-1
1646,585,1243.44,346.82,14.16,35.71,0.4523,1,-1,-1
1646,283,1212.81,442.18,29.94,74.60,0.3320,1,-1,-1
1646,588,401.44,353.21,18.22,40.92,0.6505,1,-1,-1
1646,597,1261.44,337.82,13.73,34.07,0.3217,1,-1,-1
1646,600,1165.34,330.42,11.92,30.91,0.5727,1,-1,-1
1646,602,526.78,322.66,15.18,34.72,0.3877,1,-1,-1
1646,610,1890.38,255.59,16.54,33.70,0.4932,1,-1,-1
1646,612,1196.51,338.72,14.71,35.60,0.4932,1,-1,-1
1646,614,368.79,352.80,20.15,46.38,0.4610,1,-1,-1
1647,506,1859.76,258.58,14.22,31.36,0.6415,1,-1,-1
1647,566,1883.26,258.03,17.60,32.80,0.5273,1,-1,-1
1647,570,1316.32,416.35,31.03,73.97,0.7114,1,-1,-1
1647,574,1492.20,338.26,20.25,46.00,0.2870,1,-1,-1
1647,576,828.23,355.38,22.05,53.54,0.6800,1,-1,-1
1647,581,988.91,350.49,22.77,49.67,0.7409,1,-1,-1
1647,585,1245.23,349.76,14.02,34.91,0.2220,1,-1,-1
1647,283,1213.58,443.25,26.84,65.73,0.1525,1,-1,-1
1647,588,401.77,353.75,18.31,41.45,0.6451,1,-1,-1
1647,597,1262.16,339.12,13.15,32.83,0.1285,1,-1,-1
1647,600,1165.50,331.85,12.07,31.61,0.5993,1,-1,-1
1647,602,526.87,323.78,15.47,34.92,0.4737,1,-1,-1
1647,610,1890.84,257.67,16.36,33.31,0.4639,1,-1,-1
1647,612,1196.11,340.07,14.55,35.43,0.4446,1,-1,-1
1647,614,368.33,353.07,20.59,47.32,0.4168,1,-1,-1
1648,506,1859.98,260.44,14.29,31.25,0.5917,1,-1,-1
1648,566,1882.46,258.86,17.97,33.83,0.5380,1,-1,-1
1648,570,1316.74,419.80,31.06,73.05,0.7033,1,-1,-1
1648,574,1494.80,340.46,18.82,42.90,0.3140,1,-1,-1
1648,576,827.84,356.76,22.68,55.05,0.7114,1,-1,-1
1648,581,989.94,351.53,23.54,50.07,0.7379,1,-1,-1
1648,585,1246.00,350.07,14.41,36.23,0.1525,1,-1,-1
1648,283,1212.68,444.11,27.05,65.45,0.2234,1,-1,-1
1648,588,401.98,356.32,18.36,41.87,0.6697,1,-1,-1
1648,597,1262.45,341.82,12.23,30.77,0.1339,1,-1,-1
1648,600,1166.62,334.74,11.36,29.79,0.5993,1,-1,-1
1648,602,527.03,324.76,16.40,36.44,0.4737,1,-1,-1
1648,610,1889.78,258.84,16.68,33.72,0.4523,1,-1,-1
1648,612,1195.74,342.33,14.52,35.69,0.3407,1,-1,-1
1648,614,369.36,356.31,19.99,45.93,0.3346,1,-1,-1
1649,506,1860.01,261.84,14.46,31.61,0.5936,1,-1,-1
1649,566,1881.70,261.71,17.60,33.73,0.4863,1,-1,-1
1649,570,1317.06,421.98,31.35,72.82,0.7698,1,-1,-1
1649,574,1496.31,341.97,19.22,44.12,0.2429,1,-1,-1
1649,576,827.67,358.93,22.73,55.13,0.6885,1,-1,-1
1649,581,992.27,353.46,23.27,49.03,0.7114,1,-1,-1
1649,283,1211.97,445.05,33.42,80.52,0.5029,1,-1,-1
1649,588,402.11,357.87,18.50,42.51,0.6540,1,-1,-1
1649,597,1261.38,343.11,12.80,32.42,0.2613,1,-1,-1
1649,600,1166.63,333.67,12.45,32.86,0.5708,1,-1,-1
1649,602,526.85,325.39,17.27,37.60,0.4844,1,-1,-1
1649,610,1889.80,261.93,16.63,33.64,0.4504,1,-1,-1
1649,612,1196.15,343.69,14.69,36.43,0.4321,1,-1,-1
1649,614,370.04,359.41,19.98,45.88,0.2751,1,-1,-1
1650,506,1860.11,263.50,14.41,31.42,0.5936,1,-1,-1
1650,566,1881.90,263.76,17.29,33.52,0.4785,1,-1,-1
1650,570,1317.09,423.25,31.92,73.24,0.7739,1,-1,-1
1650,574,1497.05,343.28,19.44,45.04,0.3191,1,-1,-1
1650,576,827.49,360.51,22.90,55.62,0.6885,1,-1,-1
1650,581,994.04,354.46,23.13,48.95,0.7210,1,-1,-1
1650,283,1211.75,446.06,35.83,85.61,0.5088,1,-1,-1
1650,588,402.27,359.51,18.49,42.70,0.6749,1,-1,-1
1650,597,1260.40,344.25,13.56,34.55,0.2910,1,-1,-1
1650,600,1166.72,334.14,12.95,34.42,0.5612,1,-1,-1
1650,602,527.29,326.93,17.68,38.02,0.2227,1,-1,-1
1650,610,1889.97,263.97,16.34,33.04,0.4600,1,-1,-1
1650,612,1196.31,344.90,14.63,36.49,0.4359,1,-1,-1
1650,614,371.17,361.82,19.57,44.98,0.2458,1,-1,-1
1650,616,1209.23,342.42,12.53,38.00,0.4893,1,-1,-1
1651,506,1859.95,264.56,14.78,32.12,0.5842,1,-1,-1
1651,566,1882.93,265.89,16.68,32.66,0.4844,1,-1,-1
1651,570,1316.95,423.84,32.63,73.63,0.7379,1,-1,-1
1651,574,1497.19,344.77,20.52,47.88,0.4064,1,-1,-1
1651,576,827.26,363.33,22.85,55.44,0.6558,1,-1,-1
1651,581,996.05,355.90,23.15,49.31,0.6851,1,-1,-1
1651,283,1210.97,447.87,37.72,88.31,0.4854,1,-1,-1
1651,588,403.04,361.42,18.17,42.25,0.6049,1,-1,-1
1651,597,1258.81,349.17,14.00,35.36,0.1285,1,-1,-1
1651,600,1167.82,338.56,12.45,33.07,0.5117,1,-1,-1
1651,602,528.12,330.02,17.64,37.62,0.2121,1,-1,-1
1651,610,1890.17,265.82,16.24,32.85,0.4854,1,-1,-1
1651,612,1197.87,346.41,14.18,35.64,0.2846,1,-1,-1
1651,614,370.70,363.70,19.71,44.92,0.3251,1,-1,-1
1651,616,1210.39,347.50,11.38,34.39,0.3416,1,-1,-1
1652,506,1860.22,266.82,14.38,30.97,0.5670,1,-1,-1
1652,566,1883.14,267.26,16.11,31.86,0.5000,1,-1,-1
1652,570,1317.06,424.77,33.20,73.63,0.7753,1,-1,-1
1652,574,1497.36,345.84,21.39,50.36,0.3858,1,-1,-1
1652,576,827.01,365.00,23.05,55.56,0.7066,1,-1,-1
1652,581,997.63,356.69,22.91,49.37,0.7098,1,-1,-1
1652,283,1211.09,449.49,38.38,87.98,0.4388,1,-1,-1
1652,588,403.79,363.20,17.74,41.55,0.5842,1,-1,-1
1652,597,1258.68,350.69,14.25,35.82,0.1962,1,-1,-1
1652,600,1168.58,341.26,12.39,32.75,0.5127,1,-1,-1
1652,602,528.71,331.47,17.81,37.58,0.1999,1,-1,-1
1652,610,1890.97,267.05,15.99,32.55,0.4971,1,-1,-1
1652,612,1198.26,347.65,14.25,36.12,0.3268,1,-1,-1
1652,614,370.39,364.22,20.03,45.44,0.3886,1,-1,-1
1652,616,1209.81,349.74,11.36,34.20,0.4282,1,-1,-1
1653,506,1859.94,269.30,14.16,30.52,0.6593,1,-1,-1
1653,566,1884.43,269.16,16.01,31.56,0.5068,1,-1,-1
1653,570,1317.78,427.33,33.22,72.54,0.7712,1,-1,-1
1653,574,1498.84,347.93,21.92,52.12,0.2759,1,-1,-1
1653,576,826.91,366.89,22.87,54.79,0.6968,1,-1,-1
1653,581,999.85,358.24,22.15,48.74,0.7424,1,-1,-1
1653,283,1208.73,453.15,36.10,81.94,0.1476,1,-1,-1
1653,588,403.87,363.82,17.98,42.25,0.6522,1,-1,-1
1653,597,1256.86,352.65,15.83,39.79,0.1678,1,-1,-1
1653,600,1168.93,343.07,12.30,32.41,0.4951,1,-1,-1
1653,610,1890.96,269.33,15.97,32.51,0.5107,1,-1,-1
1653,612,1199.16,349.27,13.90,35.58,0.3082,1,-1,-1
1653,614,370.43,366.70,20.67,46.69,0.3469,1,-1,-1
1653,616,1209.34,351.59,11.49,34.42,0.3730,1,-1,-1
1654,506,1859.76,270.66,14.46,31.22,0.6123,1,-1,-1
1654,566,1885.69,270.81,16.87,32.50,0.4834,1,-1,-1
1654,570,1318.52,430.22,33.64,72.29,0.7454,1,-1,-1
1654,574,1502.96,350.24,21.43,49.36,0.3739,2,-1,-1
1654,576,826.54,368.46,23.22,55.54,0.7272,1,-1,-1
1654,581,1001.79,359.59,22.46,50.60,0.7194,1,-1,-1
1654,283,1205.29,454.97,38.95,88.07,0.2531,1,-1,-1
1654,588,404.39,365.96,17.99,42.23,0.6397,1,-1,-1
1654,597,1258.16,357.48,16.32,40.75,0.1176,1,-1,-1
1654,600,1169.31,345.50,12.53,32.79,0.4815,1,-1,-1
1654,610,1892.95,271.22,16.23,33.10,0.1067,1,-1,-1
1654,612,1199.39,351.11,13.86,35.75,0.2436,1,-1,-1
1654,614,369.09,367.16,20.61,46.29,0.3794,1,-1,-1
1654,616,1208.80,353.50,11.48,34.15,0.2451,1,-1,-1
1655,506,1859.99,271.91,14.40,31.15,0.6030,1,-1,-1
1655,566,1884.85,270.95,17.61,33.76,0.5000,1,-1,-1
1655,570,1318.41,431.38,34.62,73.19,0.6968,1,-1,-1
1655,574,1504.18,352.11,21.44,47.84,0.4140,2,-1,-1
1655,576,826.42,369.66,23.42,55.84,0.7210,1,-1,-1
1655,581,1003.32,360.76,22.24,51.15,0.7241,1,-1,-1
1655,283,1205.34,456.39,36.09,80.59,0.1807,1,-1,-1
1655,588,404.96,367.60,18.02,42.25,0.6123,1,-1,-1
1655,597,1258.53,359.48,16.06,39.74,0.1037,1,-1,-1
1655,600,1170.24,345.98,12.99,33.86,0.4805,1,-1,-1
1655,610,1890.74,271.17,16.66,33.80,0.4581,1,-1,-1
1655,612,1200.30,352.70,13.87,35.98,0.2261,1,-1,-1
1655,614,368.52,367.35,20.25,45.36,0.4045,1,-1,-1
1655,616,1206.87,355.66,11.78,34.70,0.3531,1,-1,-1
1656,506,1859.88,273.09,14.84,32.14,0.5898,1,-1,-1
1656,566,1884.44,272.45,17.84,34.36,0.4785,1,-1,-1
1656,570,1319.80,433.69,35.10,73.23,0.7272,1,-1,-1
1656,574,1504.14,354.59,23.22,50.80,0.4026,2,-1,-1
1656,576,826.29,371.82,23.03,54.73,0.6697,1,-1,-1
1656,581,1005.20,363.64,21.63,50.27,0.7210,1,-1,-1
1656,283,1206.67,458.44,40.38,90.22,0.4504,1,-1,-1
1656,588,405.66,369.91,18.20,42.16,0.6397,1,-1,-1
1656,600,1170.51,346.34,13.64,35.69,0.4737,1,-1,-1
1656,610,1890.07,273.40,16.48,33.33,0.4727,1,-1,-1
1656,612,1200.49,355.43,14.01,36.31,0.3285,1,-1,-1
1656,614,367.50,368.73,19.64,44.30,0.3621,1,-1,-1
1656,616,1206.96,357.14,12.02,35.05,0.4494,1,-1,-1
1657,506,1859.76,274.15,15.13,32.67,0.5746,1,-1,-1
1657,566,1883.21,267.80,21.05,40.60,0.1651,1,-1,-1
1657,570,1320.93,435.18,35.44,73.05,0.7820,1,-1,-1
1657,574,1503.59,356.55,24.77,53.50,0.3639,2,-1,-1
1657,576,826.15,374.28,22.72,53.98,0.6487,1,-1,-1
1657,581,1006.12,365.31,21.55,50.53,0.7106,1,-1,-1
1657,283,1206.19,460.83,43.21,97.32,0.4092,1,-1,-1
1657,588,404.97,370.86,18.56,42.87,0.6049,1,-1,-1
1657,600,1171.40,349.89,13.14,34.03,0.5000,1,-1,-1
1657,610,1888.87,273.37,17.40,35.24,0.4863,1,-1,-1
1657,614,367.68,370.93,19.82,44.83,0.3630,1,-1,-1
1657,616,1206.01,358.31,12.13,34.98,0.4863,1,-1,-1
1658,506,1859.60,274.59,15.73,33.98,0.5898,1,-1,-1
1658,566,1884.16,273.20,19.21,36.98,0.4688,1,-1,-1
1658,570,1322.70,436.76,35.59,72.70,0.7484,1,-1,-1
1658,574,1504.39,358.52,26.51,56.31,0.3531,2,-1,-1
1658,576,825.86,377.45,22.33,53.28,0.6901,1,-1,-1
1658,581,1007.60,367.67,21.62,50.36,0.7564,1,-1,-1
1658,283,1207.50,462.88,43.43,98.62,0.3821,1,-1,-1
1658,588,405.65,372.79,18.43,42.36,0.6270,1,-1,-1
1658,600,1171.85,353.14,12.75,32.66,0.4932,1,-1,-1
1658,610,1889.02,275.55,17.08,34.52,0.4863,1,-1,-1
1658,614,367.66,374.30,18.70,42.67,0.5765,1,-1,-1
1658,616,1205.44,360.31,11.96,34.20,0.4321,1,-1,-1
1659,506,1859.47,277.77,15.20,32.64,0.5708,1,-1,-1
1659,566,1884.83,275.99,18.62,35.55,0.4834,1,-1,-1
1659,570,1325.51,438.12,35.62,73.19,0.7256,1,-1,-1
1659,574,1506.68,360.04,25.03,52.63,0.3540,2,-1,-1
1659,576,825.18,379.25,22.21,52.87,0.6901,1,-1,-1
1659,581,1008.45,370.00,22.16,50.80,0.7592,1,-1,-1
1659,283,1208.75,467.84,43.14,98.61,0.5708,1,-1,-1
1659,588,406.08,374.54,18.64,42.29,0.6540,1,-1,-1
1659,600,1171.55,354.91,12.96,32.99,0.4805,1,-1,-1
1659,610,1889.25,276.87,17.36,34.94,0.4727,1,-1,-1
1659,614,367.95,375.70,18.98,43.90,0.5554,1,-1,-1
1659,616,1203.93,362.05,12.11,34.22,0.3285,1,-1,-1
1659,617,381.42,375.49,16.16,42.55,0.4785,1,-1,-1
1659,618,1130.32,355.69,14.79,41.48,0.5419,1,-1,-1
1660,506,1859.44,279.60,15.08,32.35,0.6289,1,-1,-1
1660,566,1885.32,277.96,18.66,35.12,0.5215,1,-1,-1
1660,570,1327.99,439.14,35.36,73.65,0.7424,1,-1,-1
1660,574,1507.66,361.28,25.42,53.64,0.3460,2,-1,-1
1660,576,824.67,380.67,22.28,53.09,0.6951,1,-1,-1
1660,581,1008.97,371.84,22.43,50.48,0.7491,1,-1,-1
1660,283,1209.82,469.89,42.76,98.49,0.5351,1,-1,-1
1660,588,406.34,375.97,19.00,42.50,0.6558,1,-1,-1
1660,600,1171.69,356.65,13.01,33.00,0.4727,1,-1,-1
1660,610,1889.36,278.64,18.06,35.64,0.1078,1,-1,-1
1660,614,368.29,376.92,18.85,44.24,0.3757,1,-1,-1
1660,616,1203.34,363.88,12.35,34.40,0.3933,1,-1,-1
1660,617,381.73,376.41,16.25,42.70,0.4834,1,-1,-1
1660,618,1130.25,356.51,14.98,42.08,0.5612,1,-1,-1
1661,506,1859.61,280.88,15.26,32.80,0.6215,1,-1,-1
1661,566,1885.37,280.14,19.10,35.26,0.4980,1,-1,-1
1661,570,1330.78,441.97,34.51,72.99,0.6918,1,-1,-1
1661,574,1511.94,362.33,22.19,47.10,0.4007,1,-1,-1
1661,576,823.75,382.93,22.43,53.90,0.6697,1,-1,-1
1661,581,1009.44,373.19,22.94,50.96,0.7432,1,-1,-1
1661,588,406.98,379.10,18.54,41.23,0.6252,1,-1,-1
1661,600,1171.67,359.25,12.88,32.78,0.4746,1,-1,-1
1661,610,1891.56,281.29,17.57,34.39,0.1089,1,-1,-1
1661,614,368.67,378.77,18.44,43.94,0.3657,1,-1,-1
1661,616,1203.02,365.08,12.25,33.90,0.3803,1,-1,-1
1661,617,381.04,378.22,16.47,43.19,0.5351,1,-1,-1
1661,618,1130.73,357.43,15.27,42.94,0.5263,1,-1,-1
1661,585,1271.77,375.11,15.12,37.34,0.4737,1,-1,-1
1661,602,532.02,348.68,16.07,34.39,0.4912,1,-1,-1
1662,506,1859.60,281.80,15.35,33.14,0.5804,1,-1,-1
1662,566,1884.21,280.57,19.70,36.29,0.4990,1,-1,-1
1662,570,1332.28,444.07,33.44,72.08,0.7241,1,-1,-1
1662,574,1514.46,363.62,20.55,43.85,0.3858,1,-1,-1
1662,576,823.58,384.89,22.11,53.58,0.6558,1,-1,-1
1662,581,1010.36,374.84,23.22,50.43,0.7303,1,-1,-1
1662,588,407.37,381.08,18.57,40.94,0.6361,1,-1,-1
1662,600,1171.67,360.19,12.89,32.96,0.4834,1,-1,-1
1662,610,1889.68,281.85,17.98,34.97,0.4581,1,-1,-1
1662,614,368.73,380.65,18.12,43.76,0.3720,1,-1,-1
1662,616,1202.72,367.07,12.03,33.10,0.3513,1,-1,-1
1662,617,381.36,379.63,16.78,43.88,0.5651,1,-1,-1
1662,618,1131.70,357.18,16.18,45.73,0.5390,1,-1,-1
1662,585,1274.78,376.68,15.21,37.26,0.4054,1,-1,-1
1662,602,532.32,349.13,16.38,35.70,0.4121,1,-1,-1
1663,506,1859.22,283.61,15.59,33.83,0.5574,1,-1,-1
1663,566,1883.51,282.69,19.75,36.72,0.4746,1,-1,-1
1663,570,1333.80,445.94,32.99,72.35,0.7409,1,-1,-1
1663,574,1516.11,364.85,19.77,42.40,0.4756,1,-1,-1
1663,576,823.93,388.39,21.53,52.26,0.6289,1,-1,-1
1663,581,1011.81,376.79,23.20,49.94,0.7001,1,-1,-1
1663,588,407.54,383.36,18.67,40.96,0.5879,1,-1,-1
1663,600,1172.38,362.80,12.52,32.08,0.5010,1,-1,-1
1663,610,1888.81,284.45,17.70,34.36,0.4446,1,-1,-1
1663,614,368.89,382.41,16.54,40.18,0.1321,1,-1,-1
1663,616,1202.03,368.33,12.65,34.80,0.4349,1,-1,-1
1663,617,382.08,381.74,16.70,43.50,0.4971,1,-1,-1
1663,618,1131.99,358.50,16.28,46.01,0.4912,1,-1,-1
1663,585,1277.28,379.18,15.49,37.21,0.1510,1,-1,-1
1663,602,532.86,351.08,16.04,35.63,0.5370,1,-1,-1
1663,283,1213.81,473.28,37.90,87.50,0.4883,1,-1,-1
1664,506,1859.32,285.68,15.71,34.17,0.5879,1,-1,-1
1664,566,1884.17,285.43,19.23,36.01,0.4678,1,-1,-1
1664,570,1334.86,446.58,33.44,74.25,0.7349,1,-1,-1
1664,574,1516.78,367.54,20.96,45.66,0.5689,1,-1,-1
1664,576,823.77,389.92,22.06,53.78,0.6086,1,-1,-1
1664,581,1014.01,378.83,22.71,49.46,0.6663,1,-1,-1
1664,588,408.03,385.99,18.21,40.09,0.4990,1,-1,-1
1664,600,1173.17,364.88,12.59,32.35,0.5467,1,-1,-1
1664,610,1888.59,286.84,17.67,34.38,0.4766,1,-1,-1
1664,616,1201.41,369.76,12.77,35.07,0.4349,1,-1,-1
1664,617,382.44,383.66,17.51,45.49,0.4844,1,-1,-1
1664,618,1132.66,360.83,16.44,46.75,0.4688,1,-1,-1
1664,585,1281.60,381.96,15.99,37.96,0.1451,1,-1,-1
1664,602,533.16,351.97,16.13,36.67,0.5137,1,-1,-1
1664,619,1230.10,503.37,33.68,71.80,0.6270,1,-1,-1
1664,283,1215.60,475.23,37.03,84.45,0.6968,1,-1,-1
1665,506,1859.56,286.95,15.65,34.06,0.5254,1,-1,-1
1665,566,1884.62,287.55,18.64,35.02,0.4349,1,-1,-1
1665,570,1336.01,448.60,32.96,73.90,0.7225,1,-1,-1
1665,574,1517.76,368.73,20.74,45.76,0.6361,1,-1,-1
1665,576,823.55,390.77,22.05,54.00,0.6451,1,-1,-1
1665,581,1016.00,379.84,22.15,49.12,0.6505,1,-1,-1
1665,588,408.32,387.02,18.33,40.61,0.4620,1,-1,-1
1665,600,1173.74,367.62,12.11,31.28,0.5496,1,-1,-1
1665,610,1888.46,288.25,17.59,34.24,0.4484,1,-1,-1
1665,616,1200.32,372.59,12.49,34.09,0.4292,1,-1,-1
1665,617,382.66,385.40,17.83,46.04,0.4805,1,-1,-1
1665,618,1133.16,363.14,15.96,45.55,0.4756,1,-1,-1
1665,585,1284.89,386.89,14.98,35.48,0.1427,1,-1,-1
1665,602,533.16,353.68,16.08,37.14,0.5332,1,-1,-1
1665,619,1231.72,505.10,33.01,70.52,0.6197,1,-1,-1
1665,283,1216.00,476.61,37.05,83.42,0.6749,1,-1,-1
1665,620,411.74,388.47,16.87,38.61,0.4854,1,-1,-1
1666,506,1859.73,290.15,15.32,33.43,0.5612,1,-1,-1
1666,566,1885.56,289.65,18.57,34.77,0.5283,1,-1,-1
1666,570,1336.86,450.18,33.63,75.94,0.7484,1,-1,-1
1666,574,1518.88,370.47,20.14,44.92,0.5955,1,-1,-1
1666,576,823.23,392.40,22.26,54.51,0.6834,1,-1,-1
1666,581,1018.42,381.19,21.64,48.95,0.6800,1,-1,-1
1666,588,408.39,388.85,18.62,41.04,0.5390,1,-1,-1
1666,600,1174.71,368.40,12.60,32.54,0.5974,1,-1,-1
1666,616,1199.22,374.48,12.99,34.83,0.4776,1,-1,-1
1666,617,382.76,386.42,18.12,46.93,0.5263,1,-1,-1
1666,618,1133.84,365.60,15.47,44.31,0.4717,1,-1,-1
1666,602,533.29,355.76,15.95,37.15,0.3989,1,-1,-1
1666,619,1236.65,507.23,33.31,71.47,0.6325,1,-1,-1
1666,283,1214.41,476.79,37.88,84.93,0.7303,1,-1,-1
1667,506,1859.78,292.11,15.02,32.90,0.6361,1,-1,-1
1667,566,1885.75,291.40,18.36,34.49,0.5332,1,-1,-1
1667,570,1337.51,451.89,33.54,75.89,0.7766,1,-1,-1
1667,574,1519.44,371.47,20.76,46.86,0.5955,1,-1,-1
1667,576,823.15,394.47,21.99,53.89,0.6732,1,-1,-1
1667,581,1020.07,381.84,21.21,49.06,0.6522,1,-1,-1
1667,600,1175.27,369.69,13.02,33.58,0.5765,1,-1,-1
1667,616,1198.33,374.30,13.71,36.32,0.4902,1,-1,-1
1667,617,383.18,387.66,17.88,46.49,0.4990,1,-1,-1
1667,618,1133.87,367.91,15.42,44.24,0.5506,1,-1,-1
1667,602,533.19,356.72,15.79,37.18,0.2934,1,-1,-1
1667,619,1239.56,509.64,33.08,71.25,0.6868,1,-1,-1
1667,283,1215.24,477.44,38.25,86.11,0.6851,1,-1,-1
1667,620,411.71,389.74,17.34,39.69,0.5612,1,-1,-1
1668,506,1859.77,293.73,14.83,32.70,0.6160,1,-1,-1
1668,566,1886.37,293.55,18.19,34.08,0.5117,1,-1,-1
1668,570,1338.48,454.04,34.07,77.29,0.7753,1,-1,-1
1668,574,1521.02,373.61,20.84,47.76,0.6270,1,-1,-1
1668,576,823.05,397.19,21.37,52.48,0.6593,1,-1,-1
1668,581,1022.38,384.03,21.16,49.85,0.7017,1,-1,-1
1668,600,1175.07,372.07,13.13,34.00,0.5525,1,-1,-1
1668,616,1197.92,376.40,13.71,36.01,0.4659,1,-1,-1
1668,617,382.95,389.50,17.76,46.30,0.3868,1,-1,-1
1668,618,1134.09,372.00,14.99,43.20,0.5312,1,-1,-1
1668,602,533.19,358.07,15.56,37.06,0.3961,1,-1,-1
1668,619,1241.44,512.39,33.63,72.78,0.7527,1,-1,-1
1668,283,1219.48,480.60,36.36,83.12,0.5784,1,-1,-1
1668,620,412.68,393.38,17.24,39.51,0.5879,1,-1,-1
1668,588,409.05,392.56,18.53,41.09,0.4766,1,-1,-1
1669,506,1859.61,295.63,14.83,33.04,0.5955,1,-1,-1
1669,566,1886.18,294.34,18.71,35.12,0.5078,1,-1,-1
1669,570,1340.10,457.71,33.52,75.70,0.8075,1,-1,-1
1669,574,1523.66,376.41,21.01,48.40,0.6252,1,-1,-1
1669,576,822.43,399.87,21.62,53.15,0.6514,1,-1,-1
1669,581,1023.60,385.20,21.40,51.22,0.7424,1,-1,-1
1669,600,1175.45,372.28,13.96,35.96,0.5823,1,-1,-1
1669,616,1196.02,378.16,14.36,37.13,0.4756,1,-1,-1
1669,617,384.15,391.14,17.55,45.87,0.2689,1,-1,-1
1669,618,1134.49,373.49,15.09,43.74,0.5419,1,-1,-1
1669,602,533.15,361.65,15.18,36.47,0.3486,1,-1,-1
1669,619,1244.88,515.61,34.55,74.94,0.6968,1,-1,-1
1669,283,1221.39,483.72,37.54,86.19,0.6451,1,-1,-1
1669,620,413.24,395.51,17.09,39.21,0.5842,1,-1,-1
1669,588,409.60,395.54,17.60,39.51,0.4263,1,-1,-1
1670,506,1859.48,296.87,14.71,33.07,0.6049,1,-1,-1
1670,566,1890.17,297.30,18.06,34.23,0.1172,1,-1,-1
1670,570,1340.90,459.50,33.66,75.50,0.7988,1,-1,-1
1670,574,1525.40,378.32,21.22,48.57,0.5554,1,-1,-1
1670,576,822.14,401.30,21.59,53.00,0.6406,1,-1,-1
1670,581,1024.60,386.67,20.78,50.64,0.7513,1,-1,-1
1670,600,1176.25,373.19,14.34,36.98,0.5842,1,-1,-1
1670,616,1194.91,380.06,14.48,37.18,0.4292,1,-1,-1
1670,617,385.22,393.07,17.05,44.64,0.1889,1,-1,-1
1670,618,1135.20,375.60,14.55,42.41,0.5283,1,-1,-1
1670,602,533.29,364.28,14.71,35.44,0.3478,1,-1,-1
1670,619,1247.32,517.68,34.91,76.38,0.7364,1,-1,-1
1670,283,1222.44,485.81,37.84,87.20,0.6610,1,-1,-1
1670,620,413.89,396.94,16.88,38.79,0.5860,1,-1,-1
1670,588,409.28,397.92,16.90,38.54,0.3877,1,-1,-1
1670,621,548.80,367.75,12.94,34.55,0.4746,1,-1,-1
1670,610,1888.63,297.03,16.99,33.02,0.4863,1,-1,-1
1671,506,1859.25,297.91,14.92,33.73,0.6215,1,-1,-1
1671,566,1891.09,299.66,18.18,34.61,0.1321,1,-1,-1
1671,570,1341.58,462.09,33.92,75.56,0.7820,1,-1,-1
1671,574,1526.07,380.66,21.68,49.51,0.5195,1,-1,-1
1671,576,821.76,402.41,22.00,54.00,0.6188,1,-1,-1
1671,581,1026.34,389.44,19.99,49.07,0.7225,1,-1,-1
1671,600,1177.01,377.88,13.06,33.56,0.4727,1,-1,-1
1671,616,1194.06,382.84,14.09,35.70,0.3531,1,-1,-1
1671,617,384.95,395.22,17.13,44.65,0.3057,1,-1,-1
1671,618,1135.10,378.18,14.28,41.63,0.5000,1,-1,-1
1671,602,533.81,366.89,14.37,35.01,0.3549,1,-1,-1
1671,619,1251.23,520.97,34.04,75.17,0.7454,1,-1,-1
1671,283,1222.85,487.12,39.55,91.19,0.7194,1,-1,-1
1671,620,414.69,398.38,16.92,38.97,0.5823,1,-1,-1
1671,588,408.11,399.24,16.96,39.46,0.3513,1,-1,-1
1671,621,548.45,369.28,12.64,33.75,0.5631,1,-1,-1
1671,610,1888.70,298.87,17.45,33.91,0.5477,1,-1,-1
1672,506,1859.40,299.13,14.93,33.88,0.5955,1,-1,-1
1672,570,1342.15,463.58,34.06,75.45,0.7937,1,-1,-1
1672,574,1526.76,382.48,21.32,48.36,0.4912,1,-1,-1
1672,576,821.33,402.75,22.78,56.11,0.6206,1,-1,-1
1672,581,1027.72,391.51,19.45,47.70,0.6984,1,-1,-1
1672,600,1177.18,381.14,12.20,31.40,0.4717,1,-1,-1
1672,616,1193.79,385.50,13.56,33.98,0.2967,1,-1,-1
1672,617,385.41,397.14,17.84,46.75,0.2598,1,-1,-1
1672,618,1135.79,379.92,14.04,41.11,0.5156,1,-1,-1
1672,602,533.74,367.88,14.47,35.67,0.3513,1,-1,-1
1672,619,1254.03,522.93,33.83,75.29,0.7484,1,-1,-1
1672,283,1223.22,489.04,39.47,90.60,0.7318,1,-1,-1
1672,620,414.99,399.72,16.93,39.09,0.5554,1,-1,-1
1672,588,407.79,400.20,16.80,39.54,0.3585,1,-1,-1
1672,621,548.39,370.52,12.42,33.13,0.5049,1,-1,-1
1672,610,1888.59,300.06,17.57,34.11,0.5370,1,-1,-1
1673,506,1859.39,302.07,14.69,33.35,0.6179,1,-1,-1
1673,570,1342.81,465.46,34.10,75.28,0.7599,1,-1,-1
1673,574,1527.50,383.72,21.03,47.46,0.3858,1,-1,-1
1673,576,820.77,404.89,22.91,56.57,0.6706,1,-1,-1
1673,581,1028.70,393.46,20.41,48.86,0.7042,1,-1,-1
1673,600,1177.71,382.90,11.62,30.02,0.2926,1,-1,-1
1673,616,1192.59,388.54,13.01,32.09,0.1842,1,-1,-1
1673,617,385.62,399.62,17.70,46.42,0.4092,1,-1,-1
1673,618,1136.66,380.91,14.12,41.53,0.4235,1,-1,-1
1673,602,533.51,367.47,15.19,37.89,0.3024,1,-1,-1
1673,619,1257.83,525.63,33.19,74.43,0.7912,1,-1,-1
1673,283,1223.14,491.99,39.19,89.78,0.6558,1,-1,-1
1673,620,414.32,399.72,17.79,41.24,0.5612,1,-1,-1
1673,588,409.70,400.80,17.15,40.40,0.3961,1,-1,-1
1673,621,548.35,372.71,12.36,33.00,0.3970,1,-1,-1
1673,610,1889.00,301.43,17.58,34.10,0.5156,1,-1,-1
1674,506,1858.90,303.43,14.92,33.93,0.6307,1,-1,-1
1674,570,1343.47,468.45,34.04,74.92,0.7484,1,-1,-1
1674,574,1528.05,386.85,25.98,59.21,0.4349,1,-1,-1
1674,576,820.51,407.09,22.45,55.41,0.6826,1,-1,-1
1674,581,1029.36,395.10,21.25,49.91,0.6792,1,-1,-1
1674,600,1178.51,388.06,12.34,31.61,0.2502,1,-1,-1
1674,616,1191.63,391.32,13.05,31.96,0.2429,1,-1,-1
1674,617,383.90,401.09,18.39,47.83,0.5010,1,-1,-1
1674,618,1137.10,382.58,14.43,42.72,0.4301,1,-1,-1
1674,602,534.17,371.32,14.52,36.29,0.2744,1,-1,-1
1674,619,1260.36,527.76,33.33,75.22,0.8001,1,-1,-1
1674,283,1224.85,494.27,39.03,90.19,0.6451,1,-1,-1
1674,620,414.60,401.22,18.08,42.30,0.5936,1,-1,-1
1674,588,410.88,401.92,17.78,41.92,0.2200,1,-1,-1
1674,621,548.53,375.78,12.53,33.43,0.3576,1,-1,-1
1674,610,1888.55,303.61,18.11,35.24,0.5254,1,-1,-1
1675,506,1858.87,304.45,14.95,33.94,0.6067,1,-1,-1
1675,570,1344.14,470.03,34.03,74.68,0.7571,1,-1,-1
1675,574,1528.32,388.48,27.78,63.63,0.4766,1,-1,-1
1675,576,820.44,408.31,22.23,54.87,0.7122,1,-1,-1
1675,581,1029.97,396.15,21.98,50.60,0.6843,1,-1,-1
1675,600,1179.19,391.86,12.05,30.82,0.1784,1,-1,-1
1675,616,1191.05,393.67,12.80,31.13,0.2173,1,-1,-1
1675,617,383.37,402.52,18.61,48.18,0.5351,1,-1,-1
1675,618,1137.88,381.61,14.22,42.43,0.2031,1,-1,-1
1675,602,534.82,373.71,14.37,35.81,0.2568,1,-1,-1
1675,619,1262.20,528.28,33.70,76.14,0.7766,1,-1,-1
1675,283,1226.20,496.65,38.61,89.77,0.7082,1,-1,-1
1675,620,414.92,402.30,18.19,43.05,0.6142,1,-1,-1
1675,588,411.29,402.55,18.43,43.14,0.1950,1,-1,-1
1675,621,548.76,377.45,12.56,33.38,0.3567,1,-1,-1
1675,610,1888.33,305.20,18.15,35.21,0.5361,1,-1,-1
1676,506,1859.01,306.42,14.83,33.63,0.5727,1,-1,-1
1676,570,1346.33,471.54,33.87,74.64,0.7527,1,-1,-1
1676,574,1529.38,390.49,28.33,65.50,0.4834,1,-1,-1
1676,576,820.20,410.47,21.98,54.27,0.7202,1,-1,-1
1676,581,1030.79,398.50,22.29,50.25,0.6893,1,-1,-1
1676,600,1178.61,395.63,11.79,30.27,0.1264,1,-1,-1
1676,616,1190.64,396.66,12.66,30.55,0.1854,1,-1,-1
1676,617,382.21,404.91,18.84,48.58,0.4990,1,-1,-1
1676,618,1137.92,383.92,14.35,43.03,0.2316,1,-1,-1
1676,602,536.89,375.76,14.42,35.37,0.1005,1,-1,-1
1676,619,1264.17,530.11,34.25,76.71,0.8050,1,-1,-1
1676,283,1228.63,497.91,38.40,89.49,0.6095,1,-1,-1
1676,620,415.32,404.47,18.20,43.47,0.5593,1,-1,-1
1676,588,411.50,404.34,18.59,43.58,0.1778,1,-1,-1
1676,621,548.35,379.34,12.57,33.26,0.2561,1,-1,-1
1676,610,1887.30,306.64,17.95,34.77,0.4941,1,-1,-1
1677,506,1858.93,308.12,14.65,33.14,0.5535,1,-1,-1
1677,570,1348.12,471.81,34.28,76.01,0.7670,1,-1,-1
1677,574,1529.98,391.71,28.30,66.08,0.4321,1,-1,-1
1677,576,819.96,412.06,21.84,53.97,0.6926,1,-1,-1
1677,581,1031.37,400.49,22.23,49.01,0.6951,1,-1,-1
1677,600,1178.46,395.59,12.77,32.79,0.1093,1,-1,-1
1677,616,1190.46,396.50,13.42,32.42,0.1919,1,-1,-1
1677,617,381.82,406.02,18.89,48.66,0.5400,1,-1,-1
1677,618,1138.41,384.72,14.47,43.52,0.3979,1,-1,-1
1677,602,538.10,377.13,14.54,34.83,0.1027,1,-1,-1
1677,619,1266.27,531.15,34.56,76.63,0.7833,1,-1,-1
1677,283,1231.16,499.37,37.44,87.60,0.6487,1,-1,-1
1677,620,415.52,406.64,17.90,43.04,0.6215,1,-1,-1
1677,588,412.00,406.34,18.60,43.59,0.1294,1,-1,-1
1677,621,547.74,381.85,12.81,33.89,0.2975,1,-1,-1
1677,610,1886.93,308.35,17.46,33.84,0.4893,1,-1,-1
1677,623,391.40,405.04,16.86,45.87,0.5049,1,-1,-1
1678,506,1859.14,310.80,14.34,32.38,0.5804,1,-1,-1
1678,570,1350.33,473.70,33.94,76.03,0.7542,1,-1,-1
1678,574,1530.96,393.10,27.79,65.25,0.4649,1,-1,-1
1678,576,819.10,414.46,21.87,54.16,0.6926,1,-1,-1
1678,581,1031.82,401.63,22.83,49.62,0.6834,1,-1,-1
1678,616,1187.45,394.53,14.88,35.50,0.2751,1,-1,-1
1678,617,382.38,408.67,18.09,46.93,0.4854,1,-1,-1
1678,618,1139.31,387.19,14.28,42.71,0.5312,1,-1,-1
1678,602,538.00,379.98,14.68,34.85,0.2018,1,-1,-1
1678,619,1269.11,532.89,35.48,78.04,0.7469,1,-1,-1
1678,283,1233.15,501.79,37.17,87.79,0.4571,1,-1,-1
1678,620,416.26,408.37,17.70,42.99,0.6415,1,-1,-1
1678,621,547.53,382.65,12.74,33.55,0.3217,1,-1,-1
1678,610,1888.33,311.91,16.79,32.61,0.4922,1,-1,-1
1678,623,393.42,407.38,16.63,45.32,0.4980,1,-1,-1
1679,506,1859.51,314.07,13.96,31.43,0.6067,1,-1,-1
1679,570,1353.70,477.04,32.50,74.34,0.7556,1,-1,-1
1679,574,1532.87,394.94,27.48,65.36,0.5603,1,-1,-1
1679,576,818.39,416.62,22.35,55.51,0.7122,1,-1,-1
1679,581,1034.21,403.94,22.06,47.52,0.6215,1,-1,-1
1679,616,1184.00,394.74,16.32,37.93,0.2167,1,-1,-1
1679,617,383.42,410.57,17.80,46.46,0.4932,1,-1,-1
1679,618,1140.03,389.98,14.33,42.41,0.6433,1,-1,-1
1679,602,537.72,382.03,14.74,34.97,0.2546,1,-1,-1
1679,619,1273.26,536.82,35.06,76.43,0.8001,1,-1,-1
1679,283,1232.56,503.54,37.93,90.37,0.6885,1,-1,-1
1679,620,416.85,410.37,17.46,42.77,0.6663,1,-1,-1
1679,621,547.23,384.53,13.07,34.60,0.2386,1,-1,-1
1679,610,1888.85,313.89,16.67,32.45,0.5137,1,-1,-1
1679,623,392.31,409.34,16.83,45.95,0.5078,1,-1,-1
1680,506,1859.26,315.54,13.96,31.32,0.6343,1,-1,-1
1680,570,1356.17,478.46,31.53,73.62,0.7712,1,-1,-1
1680,574,1534.77,395.27,26.70,64.50,0.4659,1,-1,-1
1680,576,817.79,417.98,22.54,56.10,0.7154,1,-1,-1
1680,581,1036.13,402.83,22.50,49.36,0.6095,1,-1,-1
1680,616,1183.77,396.03,16.90,38.77,0.2254,1,-1,-1
1680,617,382.85,412.65,17.02,44.67,0.5351,1,-1,-1
1680,618,1140.88,392.75,14.06,41.24,0.6415,1,-1,-1
1680,602,537.71,383.76,14.95,35.41,0.2379,1,-1,-1
1680,619,1275.85,539.31,35.72,78.00,0.7394,1,-1,-1
1680,283,1232.66,504.60,38.03,91.34,0.5400,1,-1,-1
1680,620,417.21,412.10,17.27,42.63,0.6868,1,-1,-1
1680,621,546.99,385.93,13.21,35.15,0.2473,1,-1,-1
1680,610,1888.78,314.82,16.81,32.63,0.5283,1,-1,-1
1680,623,393.86,410.42,16.62,45.27,0.5429,1,-1,-1
1681,506,1859.41,317.34,13.82,30.85,0.6270,1,-1,-1
1681,570,1358.35,480.43,31.16,74.09,0.7256,1,-1,-1
1681,574,1537.59,396.65,24.49,59.85,0.4776,1,-1,-1
1681,576,817.60,420.82,22.21,55.36,0.6926,1,-1,-1
1681,581,1038.06,403.58,22.30,49.95,0.6197,1,-1,-1
1681,616,1181.71,398.42,16.91,37.63,0.1700,1,-1,-1
1681,617,383.68,414.35,16.91,44.68,0.5917,1,-1,-1
1681,618,1141.78,394.54,14.37,41.82,0.5917,1,-1,-1
1681,602,539.79,385.69,16.16,37.94,0.1678,1,-1,-1
1681,619,1281.48,542.33,35.46,78.23,0.7469,1,-1,-1
1681,283,1233.38,508.46,37.88,91.27,0.7498,1,-1,-1
1681,620,417.24,413.51,17.06,42.37,0.6951,1,-1,-1
1681,621,545.99,387.45,13.96,37.11,0.1613,1,-1,-1
1681,610,1888.57,316.56,17.42,33.77,0.5419,1,-1,-1
1681,623,395.68,412.40,16.83,45.82,0.5117,1,-1,-1
1682,506,1859.47,318.66,13.87,30.86,0.6379,1,-1,-1
1682,570,1359.47,481.84,30.90,74.67,0.7241,1,-1,-1
1682,574,1536.45,397.69,25.56,62.69,0.4873,1,-1,-1
1682,576,817.01,422.27,22.60,56.34,0.6826,1,-1,-1
1682,581,1039.38,404.06,22.06,50.41,0.6179,1,-1,-1
1682,616,1181.06,400.79,16.93,36.94,0.2830,1,-1,-1
1682,617,383.02,415.74,16.44,43.63,0.5419,1,-1,-1
1682,618,1142.08,395.36,14.72,42.60,0.5955,1,-1,-1
1682,602,540.72,386.28,16.83,39.52,0.1551,1,-1,-1
1682,619,1284.67,544.61,35.21,78.21,0.7753,1,-1,-1
1682,283,1234.03,510.46,37.83,91.29,0.7753,1,-1,-1
1682,620,417.59,414.31,16.81,42.02,0.6901,1,-1,-1
1682,621,546.20,389.19,13.68,36.32,0.1889,1,-1,-1
1682,610,1888.69,317.48,17.62,34.13,0.5458,1,-1,-1
1682,623,395.73,414.08,16.92,46.02,0.5088,1,-1,-1
1683,506,1859.39,320.62,13.87,30.59,0.5804,1,-1,-1
1683,570,1361.07,481.84,30.75,75.82,0.7225,1,-1,-1
1683,574,1537.33,399.60,26.18,64.72,0.4130,1,-1,-1
1683,576,816.52,424.75,22.52,56.01,0.6960,1,-1,-1
1683,581,1042.04,404.99,22.34,52.02,0.6123,1,-1,-1
1683,616,1180.49,402.87,17.13,37.27,0.4552,1,-1,-1
1683,617,384.47,417.39,16.83,45.08,0.4620,1,-1,-1
1683,618,1142.78,396.44,14.79,42.86,0.5765,1,-1,-1
1683,602,541.75,388.04,15.77,37.01,0.1285,1,-1,-1
1683,619,1288.86,547.08,35.05,77.91,0.7912,1,-1,-1
1683,283,1235.32,513.19,37.33,90.62,0.7241,1,-1,-1
1683,620,417.90,416.39,16.53,41.56,0.6800,1,-1,-1
1683,621,546.34,391.20,13.23,34.95,0.1582,1,-1,-1
1683,610,1887.65,318.89,17.57,33.81,0.5029,1,-1,-1
1683,623,395.90,415.36,16.81,45.82,0.5166,1,-1,-1
1684,506,1859.15,322.68,14.05,30.78,0.6011,1,-1,-1
1684,570,1362.64,482.86,30.78,76.59,0.7001,1,-1,-1
1684,574,1537.91,403.38,25.79,63.97,0.2018,1,-1,-1
1684,576,815.69,426.92,22.65,55.90,0.7066,1,-1,-1
1684,581,1042.76,402.91,23.80,56.27,0.3504,1,-1,-1
1684,616,1180.50,403.69,17.39,38.06,0.4902,1,-1,-1
1684,617,385.19,419.92,16.65,44.98,0.5293,1,-1,-1
1684,618,1143.80,398.00,14.67,42.35,0.4941,1,-1,-1
1684,619,1291.69,549.73,34.95,76.95,0.7469,1,-1,-1
1684,283,1236.03,515.29,37.44,90.96,0.4980,1,-1,-1
1684,620,417.94,419.04,16.38,41.27,0.6469,1,-1,-1
1684,621,546.82,394.21,12.38,32.41,0.2344,1,-1,-1
1684,610,1888.34,321.33,17.41,33.39,0.5176,1,-1,-1
1684,623,396.94,418.44,16.98,46.44,0.4330,1,-1,-1
1685,506,1859.20,323.41,14.41,31.42,0.5955,1,-1,-1
1685,570,1364.23,484.11,30.95,77.05,0.7424,1,-1,-1
1685,574,1538.64,405.40,25.55,63.14,0.1225,1,-1,-1
1685,576,815.12,428.40,23.06,56.52,0.7210,1,-1,-1
1685,581,1044.69,405.72,22.84,54.83,0.5234,1,-1,-1
1685,616,1180.20,404.72,17.40,38.19,0.4980,1,-1,-1
1685,617,385.78,421.67,16.22,44.26,0.4571,1,-1,-1
1685,618,1145.07,403.04,13.86,39.11,0.4639,1,-1,-1
1685,619,1293.06,551.62,35.48,77.17,0.7698,1,-1,-1
1685,283,1237.62,515.91,37.74,92.22,0.5879,1,-1,-1
1685,620,418.06,420.67,16.66,42.22,0.6086,1,-1,-1
1685,621,546.94,396.00,12.19,31.80,0.2958,1,-1,-1
1685,610,1888.47,322.64,17.76,34.10,0.5448,1,-1,-1
1685,623,397.45,420.55,16.50,45.25,0.4216,1,-1,-1
1686,506,1859.52,324.91,14.49,31.41,0.5898,1,-1,-1
1686,570,1366.73,486.46,31.42,76.84,0.7542,1,-1,-1
1686,574,1543.04,406.65,22.56,55.14,0.1164,1,-1,-1
1686,576,814.71,430.31,23.17,56.30,0.7379,1,-1,-1
1686,581,1046.15,411.57,21.15,51.33,0.4834,1,-1,-1
1686,616,1179.51,407.13,17.21,37.38,0.4321,1,-1,-1
1686,617,386.08,423.67,16.30,44.91,0.5049,1,-1,-1
1686,618,1145.34,404.26,13.83,38.81,0.5156,1,-1,-1
1686,619,1295.09,554.27,36.76,78.54,0.7571,1,-1,-1
1686,283,1240.55,517.76,36.97,91.95,0.6575,1,-1,-1
1686,620,418.13,422.06,16.85,42.87,0.6610,1,-1,-1
1686,621,546.05,396.64,13.13,34.24,0.2095,1,-1,-1
1686,610,1888.82,324.38,17.45,33.64,0.5477,1,-1,-1
1686,623,397.36,421.88,16.98,46.48,0.4149,1,-1,-1
1686,602,539.80,394.75,15.19,34.89,0.4630,1,-1,-1
1687,506,1859.60,326.80,14.33,30.61,0.5689,1,-1,-1
1687,570,1368.34,489.71,31.62,75.37,0.7542,1,-1,-1
1687,576,814.40,431.23,23.28,56.30,0.7272,1,-1,-1
1687,581,1046.87,414.49,20.71,50.73,0.4893,1,-1,-1
1687,616,1178.94,408.26,17.49,37.71,0.3998,1,-1,-1
1687,617,386.26,425.56,15.82,43.88,0.4941,1,-1,-1
1687,618,1145.36,405.39,13.86,38.55,0.5467,1,-1,-1
1687,619,1296.71,555.70,38.34,79.88,0.7556,1,-1,-1
1687,283,1242.05,518.94,36.42,92.05,0.6487,1,-1,-1
1687,620,418.33,422.88,16.74,42.61,0.6697,1,-1,-1
1687,621,545.86,397.77,13.53,35.31,0.1877,1,-1,-1
1687,610,1889.08,325.74,17.28,33.32,0.5477,1,-1,-1
1687,623,397.89,422.31,17.02,46.52,0.3914,1,-1,-1
1687,602,539.34,396.18,15.46,34.94,0.3868,1,-1,-1
1688,506,1859.51,328.32,14.53,30.58,0.5137,1,-1,-1
1688,570,1369.06,492.21,32.05,74.67,0.7793,1,-1,-1
1688,576,813.50,432.04,23.98,57.99,0.7217,1,-1,-1
1688,581,1048.40,417.03,20.44,49.40,0.4475,1,-1,-1
1688,616,1177.50,410.79,16.91,36.64,0.3140,1,-1,-1
1688,617,386.87,427.96,15.51,43.06,0.4436,1,-1,-1
1688,618,1145.63,406.79,14.27,39.39,0.5370,1,-1,-1
1688,619,1298.33,558.81,39.07,79.12,0.7402,1,-1,-1
1688,283,1244.95,519.60,36.14,93.63,0.6086,1,-1,-1
1688,620,419.06,424.88,16.32,41.47,0.6628,1,-1,-1
1688,621,546.52,401.95,13.84,36.27,0.2288,1,-1,-1
1688,610,1888.20,326.50,18.30,35.30,0.5554,1,-1,-1
1688,623,399.68,425.38,16.60,44.47,0.3739,1,-1,-1
1688,602,539.24,398.32,15.26,34.02,0.3630,1,-1,-1
1689,506,1859.22,330.07,14.83,30.95,0.6049,1,-1,-1
1689,570,1369.46,494.47,32.72,74.26,0.7846,1,-1,-1
1689,576,812.89,434.35,23.89,57.69,0.7264,1,-1,-1
1689,581,1051.80,423.06,19.58,44.76,0.3082,1,-1,-1
1689,616,1176.83,412.13,17.02,36.36,0.1334,1,-1,-1
1689,617,388.94,429.56,15.57,43.03,0.3858,1,-1,-1
1689,618,1146.30,409.21,14.54,39.69,0.5746,1,-1,-1
1689,619,1301.39,562.29,39.56,77.91,0.7122,1,-1,-1
1689,283,1246.98,521.85,35.62,93.84,0.6234,1,-1,-1
1689,620,419.47,426.66,16.71,42.70,0.6715,1,-1,-1
1689,621,545.65,402.95,13.86,36.10,0.2254,1,-1,-1
1689,610,1887.16,328.63,18.32,35.11,0.5429,1,-1,-1
1689,623,401.36,434.05,15.18,40.70,0.4620,1,-1,-1
1689,602,539.53,399.18,15.98,35.38,0.4378,1,-1,-1
1690,506,1858.76,331.68,14.88,30.92,0.5496,1,-1,-1
1690,570,1368.94,494.75,33.75,75.54,0.7793,1,-1,-1
1690,576,812.73,436.21,23.59,56.91,0.7439,1,-1,-1
1690,581,1051.83,424.02,20.26,45.21,0.3285,1,-1,-1
1690,616,1176.62,414.49,16.26,35.25,0.2644,1,-1,-1
1690,617,388.64,430.82,15.65,42.98,0.2379,1,-1,-1
1690,618,1147.48,409.61,14.45,39.29,0.5765,1,-1,-1
1690,619,1304.14,563.67,40.74,78.38,0.7114,1,-1,-1
1690,283,1249.77,524.17,34.26,92.24,0.6234,1,-1,-1
1690,620,420.46,429.06,16.44,41.82,0.6142,1,-1,-1
1690,621,544.87,402.92,14.11,36.44,0.2408,1,-1,-1
1690,610,1886.78,329.99,18.13,34.51,0.5244,1,-1,-1
1690,623,401.94,437.75,14.81,39.77,0.4562,1,-1,-1
1690,602,539.25,399.94,16.68,36.44,0.4562,1,-1,-1
1691,506,1858.86,333.80,14.78,30.51,0.5917,1,-1,-1
1691,570,1368.43,495.76,34.74,77.45,0.7807,1,-1,-1
1691,576,812.54,438.45,23.33,56.27,0.7334,1,-1,-1
1691,581,1053.08,425.33,21.11,46.11,0.2689,1,-1,-1
1691,616,1176.49,418.85,15.31,33.61,0.3099,1,-1,-1
1691,617,391.21,431.02,16.05,44.07,0.4610,1,-1,-1
1691,618,1148.41,412.52,14.46,39.48,0.5727,1,-1,-1
1691,619,1307.71,564.87,41.98,79.51,0.7272,1,-1,-1
1691,283,1251.67,525.60,33.67,92.10,0.7098,1,-1,-1
1691,620,421.79,431.29,16.69,41.98,0.5068,1,-1,-1
1691,621,544.85,405.66,13.99,35.70,0.2154,1,-1,-1
1691,610,1886.02,330.66,18.57,35.37,0.4746,1,-1,-1
1691,623,401.53,436.51,15.69,42.67,0.4591,1,-1,-1
1691,602,539.78,402.63,16.34,34.98,0.3329,1,-1,-1
1692,506,1858.88,335.58,14.62,30.10,0.6067,1,-1,-1
1692,570,1368.23,496.78,34.93,77.48,0.7846,1,-1,-1
1692,576,812.12,439.98,23.39,56.37,0.7287,1,-1,-1
1692,581,1053.16,427.13,21.15,45.56,0.4140,1,-1,-1
1692,616,1177.11,420.46,14.99,33.22,0.2910,1,-1,-1
1692,617,392.56,432.08,15.84,43.30,0.4533,1,-1,-1
1692,618,1149.31,414.39,13.98,38.37,0.5631,1,-1,-1
1692,619,1310.14,565.35,43.41,81.89,0.7170,1,-1,-1
1692,283,1253.77,527.48,32.26,89.13,0.6540,1,-1,-1
1692,620,423.81,433.32,16.40,40.75,0.4863,1,-1,-1
1692,621,544.93,407.70,14.21,36.18,0.2568,1,-1,-1
1692,610,1885.88,333.08,18.00,34.46,0.4591,1,-1,-1
1692,623,402.77,438.31,15.35,42.01,0.3576,1,-1,-1
1692,602,539.96,404.69,16.31,34.39,0.3895,1,-1,-1
1693,506,1859.23,337.15,14.69,30.18,0.5936,1,-1,-1
1693,570,1368.27,499.98,34.90,76.76,0.7656,1,-1,-1
1693,576,811.88,442.42,23.29,56.00,0.7066,1,-1,-1
1693,581,1055.07,430.54,19.81,42.36,0.1683,1,-1,-1
1693,616,1176.23,420.61,14.81,33.56,0.4073,1,-1,-1
1693,617,393.92,434.93,15.99,43.18,0.4620,1,-1,-1
1693,618,1151.04,416.38,13.04,36.15,0.5438,1,-1,-1
1693,619,1313.91,565.65,43.31,82.78,0.6868,1,-1,-1
1693,283,1255.13,534.19,31.85,87.70,0.6397,1,-1,-1
1693,620,424.48,435.50,16.49,40.53,0.5293,1,-1,-1
1693,621,544.14,407.71,14.66,37.09,0.1962,1,-1,-1
1693,610,1886.27,336.18,17.45,33.31,0.5195,1,-1,-1
1693,623,404.02,440.76,14.67,40.92,0.2193,1,-1,-1
1693,602,539.47,405.89,17.09,35.65,0.4785,1,-1,-1
1693,574,1555.82,416.98,20.57,49.34,0.5574,1,-1,-1
1694,506,1859.42,339.67,14.43,29.29,0.5593,1,-1,-1
1694,570,1368.39,501.65,35.72,77.76,0.7860,1,-1,-1
1694,576,811.48,444.07,23.27,55.89,0.7017,1,-1,-1
1694,581,1058.91,432.40,19.60,41.64,0.1316,1,-1,-1
1694,616,1174.98,420.01,15.67,36.10,0.4436,1,-1,-1
1694,617,393.52,436.52,16.10,43.65,0.3234,1,-1,-1
1694,618,1152.36,416.91,12.24,34.03,0.5670,1,-1,-1
1694,619,1318.28,565.56,42.62,83.32,0.7642,1,-1,-1
1694,283,1256.40,533.47,33.33,91.24,0.7287,1,-1,-1
1694,620,424.02,436.42,17.06,41.59,0.5535,1,-1,-1
1694,621,543.45,409.00,15.46,38.65,0.2302,1,-1,-1
1694,610,1887.48,338.10,17.25,32.82,0.5049,1,-1,-1
1694,623,403.65,436.74,15.88,44.05,0.4873,1,-1,-1
1694,602,538.92,407.66,18.04,37.43,0.4407,1,-1,-1
1694,632,669.95,364.42,16.39,44.88,0.4727,1,-1,-1
1694,574,1558.45,418.82,20.96,50.05,0.6030,1,-1,-1
1695,506,1859.51,340.97,14.33,28.80,0.5612,1,-1,-1
1695,570,1369.10,503.18,36.11,77.81,0.8001,1,-1,-1
1695,576,811.19,445.02,23.46,56.33,0.7114,1,-1,-1
1695,581,1060.46,433.82,19.28,41.03,0.1651,1,-1,-1
1695,616,1174.83,420.54,15.63,36.63,0.4785,1,-1,-1
1695,617,395.05,438.92,16.95,45.64,0.4737,1,-1,-1
1695,618,1153.10,416.92,11.98,33.48,0.5254,1,-1,-1
1695,619,1319.10,565.75,42.41,83.87,0.7571,1,-1,-1
1695,283,1257.27,533.84,33.82,91.79,0.7349,1,-1,-1
1695,620,423.53,437.90,16.95,41.02,0.5380,1,-1,-1
1695,621,544.23,410.30,15.03,37.41,0.2043,1,-1,-1
1695,610,1887.06,339.60,17.17,32.54,0.5351,1,-1,-1
1695,623,403.34,436.26,16.37,45.30,0.4330,1,-1,-1
1695,602,538.77,408.65,18.08,37.11,0.3049,1,-1,-1
1695,632,669.93,366.08,15.56,42.60,0.3149,1,-1,-1
1695,574,1559.11,419.62,21.17,50.26,0.6361,1,-1,-1
1696,506,1858.51,342.48,15.11,30.58,0.6397,1,-1,-1
1696,570,1369.93,504.68,36.54,77.79,0.7793,1,-1,-1
1696,576,811.33,446.82,23.32,55.84,0.7162,1,-1,-1
1696,581,1062.89,433.62,19.53,42.46,0.2282,1,-1,-1
1696,616,1174.31,422.21,15.41,36.44,0.5727,1,-1,-1
1696,617,395.24,440.37,16.30,44.00,0.4591,1,-1,-1
1696,618,1152.96,419.18,13.05,36.65,0.5467,1,-1,-1
1696,619,1319.82,567.04,41.72,82.30,0.7379,1,-1,-1
1696,283,1259.71,536.44,33.79,90.58,0.5477,1,-1,-1
1696,620,424.20,441.07,16.71,40.28,0.5390,1,-1,-1
1696,621,544.95,412.55,15.12,37.76,0.2728,1,-1,-1
1696,610,1885.97,340.98,17.81,33.64,0.5651,1,-1,-1
1696,623,404.27,438.44,16.32,45.11,0.4932,1,-1,-1
1696,602,539.11,410.71,17.97,36.86,0.3183,1,-1,-1
1696,632,670.55,372.57,13.79,37.59,0.3612,1,-1,-1
1696,574,1560.32,421.17,21.14,50.40,0.6049,1,-1,-1
1696,633,1265.93,536.09,26.80,75.35,0.5205,1,-1,-1
1697,506,1858.29,343.38,15.15,30.87,0.6252,1,-1,-1
1697,570,1371.68,506.82,36.44,76.54,0.7988,1,-1,-1
1697,576,811.29,448.42,23.38,55.65,0.7114,1,-1,-1
1697,581,1064.98,440.96,17.51,38.04,0.1221,1,-1,-1
1697,616,1173.38,422.82,15.45,36.64,0.5302,1,-1,-1
1697,617,396.09,440.95,16.46,44.38,0.4273,1,-1,-1
1697,618,1153.08,420.48,13.35,37.54,0.5574,1,-1,-1
1697,619,1320.94,567.11,43.14,84.21,0.7635,1,-1,-1
1697,283,1263.18,537.71,32.99,87.25,0.6142,1,-1,-1
1697,620,424.65,442.78,16.71,40.20,0.5438,1,-1,-1
1697,621,545.41,413.65,15.22,38.31,0.3007,1,-1,-1
1697,610,1885.27,342.65,17.78,33.19,0.5593,1,-1,-1
1697,623,404.27,439.41,16.63,45.74,0.4951,1,-1,-1
1697,602,538.34,411.73,18.01,36.91,0.3311,1,-1,-1
1697,632,670.48,374.41,13.84,37.61,0.5166,1,-1,-1
1697,574,1561.41,422.48,20.53,49.27,0.5718,1,-1,-1
1697,633,1269.33,537.45,23.46,65.55,0.2674,1,-1,-1
1698,506,1858.34,345.16,14.86,30.43,0.5993,1,-1,-1
1698,570,1373.47,508.23,36.72,76.75,0.7853,1,-1,-1
1698,576,810.80,449.60,24.04,57.20,0.7210,1,-1,-1
1698,581,1066.70,446.74,16.25,35.06,0.1067,1,-1,-1
1698,616,1171.94,424.63,15.60,37.01,0.5727,1,-1,-1
1698,617,395.96,443.39,16.92,45.10,0.4766,1,-1,-1
1698,618,1153.55,420.14,13.87,39.16,0.5631,1,-1,-1
1698,619,1324.75,569.55,45.47,85.32,0.7759,1,-1,-1
1698,283,1266.00,539.89,33.15,87.61,0.5448,1,-1,-1
1698,620,425.31,444.97,16.58,40.05,0.5117,1,-1,-1
1698,621,545.14,413.81,15.69,39.40,0.2846,1,-1,-1
1698,610,1883.46,343.73,17.56,33.11,0.5496,1,-1,-1
1698,623,405.21,440.89,16.05,43.93,0.4484,1,-1,-1
1698,602,537.57,410.89,18.88,38.85,0.1859,1,-1,-1
1698,632,669.47,371.94,15.08,40.76,0.4426,1,-1,-1
1698,574,1563.07,424.26,20.00,48.65,0.5964,1,-1,-1
1699,506,1858.31,346.73,14.82,30.43,0.6123,1,-1,-1
1699,570,1375.60,509.58,36.99,76.94,0.8038,1,-1,-1
1699,576,810.32,450.99,24.02,57.35,0.7098,1,-1,-1
1699,616,1170.69,426.44,15.62,36.98,0.5467,1,-1,-1
1699,617,396.92,445.40,16.86,44.74,0.4980,1,-1,-1
1699,618,1154.25,422.93,13.37,37.70,0.5670,1,-1,-1
1699,619,1327.72,572.64,44.52,84.22,0.5974,1,-1,-1
1699,283,1266.09,541.63,34.94,89.99,0.6298,1,-1,-1
1699,620,426.19,445.56,16.56,40.08,0.5765,1,-1,-1
1699,621,545.27,415.33,15.66,39.77,0.3630,1,-1,-1
1699,610,1882.85,344.19,18.01,34.35,0.5332,1,-1,-1
1699,623,405.81,445.33,16.07,43.92,0.4130,1,-1,-1
1699,602,537.22,410.69,18.97,39.41,0.2069,1,-1,-1
1699,632,669.90,375.16,14.25,38.22,0.3923,1,-1,-1
1699,574,1564.77,424.89,20.49,50.47,0.6077,1,-1,-1
1700,506,1858.18,347.58,14.89,30.73,0.6505,1,-1,-1
1700,570,1377.63,510.75,36.72,76.33,0.8075,1,-1,-1
1700,576,809.94,452.38,23.79,56.93,0.7162,1,-1,-1
1700,616,1170.13,427.03,16.14,38.14,0.5554,1,-1,-1
1700,617,397.48,446.58,16.60,44.11,0.4465,1,-1,-1
1700,618,1154.98,425.38,12.99,36.49,0.5612,1,-1,-1
1700,619,1329.41,575.33,45.24,84.28,0.7042,1,-1,-1
1700,283,1268.99,542.17,34.86,89.00,0.6039,1,-1,-1
1700,620,426.73,445.77,16.50,39.97,0.5467,1,-1,-1
1700,621,545.07,416.00,15.75,40.14,0.3720,1,-1,-1
1700,610,1882.25,345.10,17.96,34.82,0.5506,1,-1,-1
1700,623,406.61,447.30,16.04,43.57,0.4102,1,-1,-1
1700,602,537.40,411.65,18.69,38.81,0.1348,1,-1,-1
1700,632,670.22,377.51,13.97,37.04,0.3513,1,-1,-1
1700,574,1565.88,426.12,20.23,50.22,0.5993,1,-1,-1
1700,638,1321.19,575.38,59.99,81.78,0.6575,1,-1,-1
1700,640,1195.12,426.43,14.15,38.45,0.4766,1,-1,-1
1701,506,1858.34,348.32,14.87,30.93,0.6610,1,-1,-1
1701,570,1381.23,511.15,36.41,76.31,0.8099,1,-1,-1
1701,576,809.49,454.30,23.39,55.95,0.6968,1,-1,-1
1701,616,1169.85,427.43,15.65,37.19,0.5535,1,-1,-1
1701,617,399.68,448.42,16.78,43.22,0.1480,1,-1,-1
1701,618,1155.52,426.19,12.97,36.32,0.5574,1,-1,-1
1701,619,1332.32,578.27,43.49,81.93,0.7394,1,-1,-1
1701,283,1269.17,542.44,36.26,91.05,0.6352,1,-1,-1
1701,620,427.56,446.81,16.53,40.00,0.6215,1,-1,-1
1701,621,545.88,417.64,14.68,37.52,0.4235,1,-1,-1
1701,610,1881.65,346.77,17.22,34.02,0.5370,1,-1,-1
1701,623,408.01,446.12,15.38,41.34,0.4504,1,-1,-1
1701,602,538.44,415.43,17.36,36.20,0.4225,1,-1,-1
1701,632,671.71,383.06,12.45,32.59,0.2261,1,-1,-1
1701,574,1566.76,427.50,20.28,50.30,0.6123,1,-1,-1
1701,638,1327.84,578.08,60.91,83.27,0.3961,1,-1,-1
1701,640,1195.62,426.76,14.21,38.58,0.5535,1,-1,-1
1702,506,1858.44,348.70,14.84,31.09,0.6628,1,-1,-1
1702,570,1383.31,511.17,36.55,77.13,0.8087,1,-1,-1
1702,576,809.18,455.59,23.19,55.43,0.6834,1,-1,-1
1702,616,1169.43,427.93,15.51,37.13,0.5322,1,-1,-1
1702,617,400.87,448.38,17.56,43.81,0.1476,1,-1,-1
1702,618,1155.71,427.32,12.95,36.28,0.5244,1,-1,-1
1702,619,1335.60,579.91,42.39,81.52,0.7272,1,-1,-1
1702,283,1270.70,542.56,36.91,91.96,0.6567,1,-1,-1
1702,620,427.97,447.15,16.77,40.53,0.6215,1,-1,-1
1702,621,546.32,418.47,14.33,36.76,0.4321,1,-1,-1
1702,610,1881.33,347.81,16.62,33.44,0.5283,1,-1,-1
1702,623,407.55,447.24,16.25,43.51,0.4045,1,-1,-1
1702,602,537.94,416.81,16.97,35.47,0.4064,1,-1,-1
1702,632,672.06,384.76,12.39,32.01,0.2636,1,-1,-1
1702,574,1567.23,428.23,20.46,50.25,0.6868,1,-1,-1
1702,638,1331.81,579.70,60.87,83.71,0.6370,1,-1,-1
1702,640,1195.97,426.91,14.14,38.35,0.5574,1,-1,-1
1702,641,1889.96,347.60,14.98,33.07,0.4912,1,-1,-1
1703,506,1858.46,349.20,14.66,30.96,0.6558,1,-1,-1
1703,570,1385.51,511.36,36.21,77.05,0.7409,1,-1,-1
1703,576,808.62,456.37,23.36,55.79,0.6593,1,-1,-1
1703,616,1169.08,428.50,15.30,36.92,0.4311,1,-1,-1
1703,617,400.81,448.89,18.22,45.03,0.3961,1,-1,-1
1703,618,1155.79,427.11,13.21,37.25,0.4932,1,-1,-1
1703,619,1341.47,581.26,41.52,80.15,0.7571,1,-1,-1
1703,283,1273.47,542.25,36.77,91.69,0.6567,1,-1,-1
1703,620,428.26,448.01,17.01,41.10,0.6252,1,-1,-1
1703,621,546.18,418.93,14.40,36.88,0.3886,1,-1,-1
1703,610,1881.29,348.54,16.09,32.95,0.5332,1,-1,-1
1703,623,406.30,448.26,17.34,45.55,0.5078,1,-1,-1
1703,602,537.97,417.53,16.97,35.59,0.4311,1,-1,-1
1703,632,672.10,385.66,12.50,31.89,0.3225,1,-1,-1
1703,574,1568.70,429.08,20.53,49.61,0.6179,1,-1,-1
1703,640,1196.65,427.09,14.12,38.34,0.5332,1,-1,-1
1703,641,1890.28,348.18,14.87,32.86,0.5107,1,-1,-1
1703,642,1150.61,539.43,106.97,46.16,0.5068,4,-1,-1
1704,506,1858.66,350.00,14.35,30.53,0.6522,1,-1,-1
1704,570,1386.89,512.00,35.82,77.06,0.7498,1,-1,-1
1704,576,807.79,456.76,23.70,56.70,0.6505,1,-1,-1
1704,616,1169.07,428.59,15.21,36.89,0.3757,1,-1,-1
1704,617,400.04,448.78,18.75,46.64,0.2531,1,-1,-1
1704,618,1156.95,429.15,13.11,36.88,0.4007,1,-1,-1
1704,619,1346.17,581.88,41.87,80.68,0.7739,1,-1,-1
1704,283,1275.29,542.27,36.91,92.15,0.6334,1,-1,-1
1704,620,428.38,448.37,17.40,41.94,0.5708,1,-1,-1
1704,621,545.25,418.80,15.10,38.40,0.3082,1,-1,-1
1704,610,1881.22,348.58,15.91,33.07,0.5351,1,-1,-1
1704,623,405.62,449.16,17.92,46.35,0.5302,1,-1,-1
1704,602,538.91,417.26,17.69,36.81,0.3460,1,-1,-1
1704,632,671.77,385.30,12.82,32.16,0.3016,1,-1,-1
1704,574,1570.27,429.43,21.01,49.20,0.6252,1,-1,-1
1704,640,1197.21,427.43,14.33,38.94,0.5244,1,-1,-1
1704,641,1890.39,348.43,14.82,32.77,0.5156,1,-1,-1
1704,642,1152.61,539.60,105.53,45.50,0.4177,4,-1,-1
1705,506,1858.78,350.52,14.10,30.16,0.6575,1,-1,-1
1705,570,1387.49,512.41,35.47,77.24,0.7542,1,-1,-1
1705,576,807.32,457.17,23.71,56.87,0.6540,1,-1,-1
1705,616,1168.79,428.91,14.89,36.27,0.2386,1,-1,-1
1705,617,400.30,448.67,19.07,47.35,0.2720,1,-1,-1
1705,618,1157.94,430.91,12.95,36.08,0.4073,1,-1,-1
1705,619,1348.29,581.88,42.52,81.58,0.7527,1,-1,-1
1705,283,1276.88,541.92,37.01,93.67,0.6379,1,-1,-1
1705,620,428.53,448.56,17.86,42.98,0.5467,1,-1,-1
1705,621,544.75,418.49,15.42,38.87,0.2991,1,-1,-1
1705,610,1881.27,348.61,15.67,33.06,0.5448,1,-1,-1
1705,623,405.20,450.56,17.90,45.61,0.5273,1,-1,-1
1705,602,538.98,417.24,17.98,37.10,0.3612,1,-1,-1
1705,632,671.92,385.99,12.69,31.32,0.2207,1,-1,-1
1705,574,1571.03,429.81,21.75,49.23,0.6984,1,-1,-1
1705,640,1197.72,427.30,14.52,39.53,0.5409,1,-1,-1
1705,641,1890.48,348.47,14.79,32.73,0.5234,1,-1,-1
1705,642,1153.07,539.88,105.92,45.63,0.4639,4,-1,-1
1706,506,1858.86,350.70,13.98,30.03,0.6593,1,-1,-1
1706,570,1388.29,512.91,34.92,76.91,0.7698,1,-1,-1
1706,576,806.43,457.17,23.79,57.29,0.6610,1,-1,-1
1706,616,1163.76,429.04,15.47,37.55,0.5137,1,-1,-1
1706,617,400.17,448.88,18.58,46.31,0.2429,1,-1,-1
1706,618,1159.06,429.69,13.93,38.12,0.5059,1,-1,-1
1706,619,1349.21,581.68,42.07,81.13,0.7409,1,-1,-1
1706,283,1279.88,541.42,36.68,94.99,0.7303,1,-1,-1
1706,620,428.69,448.70,17.95,43.15,0.5879,1,-1,-1
1706,621,544.79,418.22,15.53,38.81,0.2806,1,-1,-1
1706,610,1881.33,348.46,15.51,33.17,0.5496,1,-1,-1
1706,623,405.89,451.12,17.95,44.90,0.4158,1,-1,-1
1706,602,538.79,417.34,18.14,37.09,0.3303,1,-1,-1
1706,632,672.01,386.70,12.52,30.32,0.1192,1,-1,-1
1706,574,1571.74,430.41,22.75,49.71,0.6984,1,-1,-1
1706,640,1198.29,426.91,14.79,40.21,0.5727,1,-1,-1
1706,641,1890.43,348.32,14.84,32.88,0.5205,1,-1,-1
1706,642,1152.05,539.66,108.73,46.83,0.3522,4,-1,-1
1707,506,1858.95,350.83,13.81,29.76,0.6575,1,-1,-1
1707,570,1388.93,513.46,34.33,76.53,0.7725,1,-1,-1
1707,576,805.87,457.15,23.73,57.47,0.6610,1,-1,-1
1707,616,1161.55,429.35,15.77,38.13,0.5185,1,-1,-1
1707,617,401.04,449.79,18.15,44.95,0.1836,1,-1,-1
1707,618,1158.85,427.63,14.80,39.82,0.2487,1,-1,-1
1707,619,1350.15,581.86,41.30,80.14,0.7272,1,-1,-1
1707,283,1282.26,540.64,36.21,96.22,0.6732,1,-1,-1
1707,620,428.87,448.61,17.90,42.92,0.6086,1,-1,-1
1707,621,544.77,418.00,15.65,38.68,0.2193,1,-1,-1
1707,610,1881.47,348.50,15.26,33.05,0.5535,1,-1,-1
1707,623,406.77,451.98,17.90,44.03,0.4494,1,-1,-1
1707,602,539.85,417.00,18.40,37.49,0.2767,1,-1,-1
1707,632,671.97,387.09,12.58,29.90,0.1164,1,-1,-1
1707,574,1571.99,430.79,23.45,49.98,0.7050,1,-1,-1
1707,640,1198.80,426.97,14.78,40.05,0.5708,1,-1,-1
1707,641,1890.47,348.41,14.78,32.81,0.5195,1,-1,-1
1707,642,1151.48,539.63,110.22,47.48,0.3469,4,-1,-1
1708,506,1859.00,350.86,13.71,29.60,0.6593,1,-1,-1
1708,570,1390.08,514.47,33.82,75.97,0.7656,1,-1,-1
1708,576,805.19,456.85,23.52,57.19,0.6680,1,-1,-1
1708,616,1160.48,429.34,15.98,38.46,0.5146,1,-1,-1
1708,617,401.02,450.09,17.88,44.38,0.1836,1,-1,-1
1708,618,1157.96,427.51,14.96,39.96,0.2408,1,-1,-1
1708,619,1350.88,582.31,40.39,79.25,0.7424,1,-1,-1
1708,283,1285.29,539.56,34.44,93.33,0.5746,1,-1,-1
1708,620,430.21,448.90,17.65,42.43,0.5593,1,-1,-1
1708,621,544.97,417.89,15.63,38.25,0.1546,1,-1,-1
1708,610,1881.64,348.38,15.12,33.11,0.5631,1,-1,-1
1708,623,406.33,452.81,17.84,43.28,0.4216,1,-1,-1
1708,602,540.19,416.73,18.60,37.66,0.2147,1,-1,-1
1708,632,671.81,386.82,12.88,30.12,0.1063,1,-1,-1
1708,574,1572.96,431.13,23.72,49.38,0.7272,1,-1,-1
1708,640,1199.35,426.88,14.78,39.93,0.5842,1,-1,-1
1708,641,1890.46,348.40,14.77,32.85,0.5117,1,-1,-1
1708,642,1150.58,539.37,111.85,48.22,0.3522,4,-1,-1
1709,506,1859.12,350.84,13.63,29.45,0.6697,1,-1,-1
1709,570,1391.22,515.56,33.05,74.56,0.7318,1,-1,-1
1709,576,804.86,457.16,22.91,55.85,0.7098,1,-1,-1
1709,616,1159.55,429.00,16.15,38.74,0.4805,1,-1,-1
1709,617,401.65,450.51,18.21,44.72,0.1530,1,-1,-1
1709,618,1157.77,427.41,15.18,39.92,0.2316,1,-1,-1
1709,619,1351.33,582.88,39.35,78.35,0.6868,1,-1,-1
1709,283,1287.34,540.29,33.59,92.32,0.5870,1,-1,-1
1709,620,430.32,448.75,17.87,42.76,0.4475,1,-1,-1
1709,621,545.60,418.03,15.56,37.81,0.1446,1,-1,-1
1709,610,1881.81,348.71,14.80,32.75,0.5746,1,-1,-1
1709,623,405.60,452.02,18.16,43.70,0.4971,1,-1,-1
1709,602,540.65,416.60,18.82,37.79,0.1592,1,-1,-1
1709,632,671.89,387.55,12.92,29.90,0.1485,1,-1,-1
1709,574,1574.36,431.02,23.69,48.88,0.6487,1,-1,-1
1709,640,1199.99,427.15,14.77,39.69,0.5506,1,-1,-1
1709,641,1890.52,348.73,14.61,32.55,0.5380,1,-1,-1
1709,642,1149.59,539.01,113.30,48.92,0.3757,4,-1,-1
1709,643,1716.75,420.70,21.95,50.36,0.5039,1,-1,-1
1710,506,1859.20,350.83,13.58,29.36,0.6663,1,-1,-1
1710,570,1392.48,516.41,32.30,73.13,0.7364,1,-1,-1
1710,576,804.54,457.44,22.73,55.55,0.7017,1,-1,-1
1710,616,1158.97,428.85,16.19,38.58,0.3433,1,-1,-1
1710,617,401.66,450.86,18.06,44.15,0.1931,1,-1,-1
1710,619,1351.40,582.44,39.12,79.07,0.7114,1,-1,-1
1710,283,1288.58,540.72,33.51,93.14,0.6370,1,-1,-1
1710,620,431.35,448.83,17.83,42.62,0.4805,1,-1,-1
1710,621,546.60,418.48,15.23,36.93,0.1525,1,-1,-1
1710,610,1881.78,348.72,14.64,32.67,0.5708,1,-1,-1
1710,623,405.16,451.55,18.25,43.57,0.4776,1,-1,-1
1710,602,539.69,417.47,18.71,36.91,0.1476,1,-1,-1
1710,632,671.90,387.15,13.13,30.15,0.2069,1,-1,-1
1710,574,1575.54,430.59,23.79,49.00,0.6451,1,-1,-1
1710,640,1200.33,427.30,14.64,39.10,0.5195,1,-1,-1
1710,641,1890.43,348.80,14.54,32.41,0.5263,1,-1,-1
1710,642,1148.89,538.80,114.17,49.39,0.3675,4,-1,-1
1710,643,1716.82,420.77,21.86,50.15,0.5341,1,-1,-1
1711,506,1859.27,351.36,13.50,29.26,0.6575,1,-1,-1
1711,570,1393.46,517.16,31.65,71.94,0.7513,1,-1,-1
1711,576,804.32,457.67,23.05,56.42,0.7098,1,-1,-1
1711,616,1158.37,429.61,15.96,37.90,0.1587,10,-1,-1
1711,617,401.45,450.89,18.40,44.91,0.1744,1,-1,-1
1711,619,1351.64,583.99,38.68,79.25,0.7379,1,-1,-1
1711,283,1291.90,540.10,31.11,86.85,0.2012,1,-1,-1
1711,620,432.48,448.69,17.98,42.81,0.4688,1,-1,-1
1711,610,1882.05,348.40,14.65,32.85,0.5823,1,-1,-1
1711,623,404.73,451.09,18.52,44.02,0.4630,1,-1,-1
1711,574,1577.48,430.10,23.64,49.06,0.6943,1,-1,-1
1711,640,1200.80,427.79,13.92,36.78,0.3363,1,-1,-1
1711,641,1890.82,347.99,14.66,32.90,0.5176,1,-1,-1
1711,642,1151.65,538.82,106.93,46.07,0.2408,4,-1,-1
1711,643,1716.92,420.43,21.84,50.04,0.5898,1,-1,-1
1712,506,1859.27,351.43,13.50,29.33,0.6540,1,-1,-1
1712,570,1394.17,517.49,31.28,71.36,0.7439,1,-1,-1
1712,576,804.22,457.97,23.06,56.54,0.7130,1,-1,-1
1712,616,1158.34,429.15,15.85,37.53,0.1999,1,-1,-1
1712,617,401.37,450.90,18.51,45.18,0.1427,1,-1,-1
1712,619,1352.12,585.42,38.16,78.97,0.7256,1,-1,-1
1712,283,1293.11,540.02,31.15,87.41,0.4698,1,-1,-1
1712,620,433.24,449.18,17.85,42.27,0.4273,1,-1,-1
1712,610,1882.11,348.17,14.64,32.99,0.5765,1,-1,-1
1712,623,404.64,450.95,18.62,44.12,0.4717,1,-1,-1
1712,574,1578.16,429.64,23.90,50.14,0.7017,1,-1,-1
1712,640,1200.82,427.51,14.32,37.61,0.3989,1,-1,-1
1712,641,1890.95,347.64,14.66,33.13,0.5117,1,-1,-1
1712,642,1152.38,538.35,105.76,45.39,0.2075,4,-1,-1
1712,643,1717.38,420.24,21.82,49.99,0.6011,1,-1,-1
1712,644,1835.21,345.14,11.45,25.14,0.4581,1,-1,-1
1713,506,1859.27,351.28,13.53,29.47,0.6487,1,-1,-1
1713,570,1394.82,517.50,31.24,71.49,0.7241,1,-1,-1
1713,576,803.89,458.62,22.83,55.87,0.7210,1,-1,-1
1713,616,1158.52,432.22,15.03,35.17,0.1818,10,-1,-1
1713,619,1354.27,584.15,38.40,79.33,0.7684,1,-1,-1
1713,283,1292.43,541.55,33.56,93.20,0.5351,1,-1,-1
1713,620,434.67,450.39,17.44,40.71,0.3057,1,-1,-1
1713,610,1882.32,347.86,14.75,33.31,0.5727,1,-1,-1
1713,623,404.91,450.61,18.72,44.35,0.5516,1,-1,-1
1713,574,1580.69,429.75,23.12,49.32,0.6289,1,-1,-1
1713,640,1202.38,426.26,12.04,30.75,0.2379,1,-1,-1
1713,641,1890.42,347.23,14.84,33.57,0.5078,1,-1,-1
1713,642,1151.97,538.34,106.86,45.76,0.2751,4,-1,-1
1713,643,1718.05,420.25,21.82,49.99,0.6397,1,-1,-1
1713,644,1835.28,344.68,11.69,25.67,0.4388,1,-1,-1
1714,506,1859.31,350.98,13.61,29.69,0.6487,1,-1,-1
1714,570,1395.19,518.17,31.13,71.18,0.7162,1,-1,-1
1714,576,803.51,459.43,22.59,55.02,0.7066,1,-1,-1
1714,616,1158.57,432.43,15.10,34.88,0.1739,10,-1,-1
1714,619,1356.04,586.50,37.61,76.35,0.7506,1,-1,-1
1714,283,1294.07,541.94,35.26,94.97,0.7186,1,-1,-1
1714,620,436.83,452.01,16.43,37.86,0.4844,1,-1,-1
1714,610,1882.66,347.56,14.91,33.66,0.5708,1,-1,-1
1714,623,404.70,450.54,18.31,44.09,0.5974,1,-1,-1
1714,574,1582.78,429.53,22.71,49.49,0.6766,1,-1,-1
1714,640,1202.96,425.62,11.49,28.68,0.2705,1,-1,-1
1714,641,1889.70,346.84,15.16,34.13,0.5029,1,-1,-1
1714,642,1151.66,538.28,107.66,46.01,0.2806,4,-1,-1
1714,643,1718.33,419.79,22.03,50.48,0.6749,1,-1,-1
1714,644,1835.54,344.33,11.78,25.88,0.4263,1,-1,-1
1715,506,1859.33,350.73,13.64,29.83,0.6469,1,-1,-1
1715,570,1395.19,517.90,31.38,71.70,0.7394,1,-1,-1
1715,576,803.33,460.02,22.42,54.35,0.7033,1,-1,-1
1715,616,1158.78,431.90,15.50,35.27,0.2173,1,-1,-1
1715,619,1357.12,588.18,38.52,76.88,0.7698,1,-1,-1
1715,283,1295.51,542.24,35.87,94.88,0.6910,1,-1,-1
1715,620,437.69,452.70,16.17,36.75,0.4815,1,-1,-1
1715,610,1882.81,347.44,14.97,33.82,0.5689,1,-1,-1
1715,623,404.79,450.51,17.79,43.64,0.5487,1,-1,-1
1715,574,1583.85,429.20,22.47,49.94,0.6783,1,-1,-1
1715,640,1203.18,426.15,11.10,27.04,0.2480,1,-1,-1
1715,641,1889.46,346.74,15.31,34.34,0.5010,1,-1,-1
1715,642,1151.25,538.18,108.58,46.35,0.2822,4,-1,-1
1715,643,1718.40,419.40,22.27,51.00,0.6817,1,-1,-1
1715,644,1835.66,345.07,11.47,25.15,0.4349,1,-1,-1
1715,645,416.04,445.33,17.06,42.21,0.4600,1,-1,-1
1716,506,1859.28,350.45,13.73,30.10,0.6469,1,-1,-1
1716,570,1395.26,516.65,31.77,72.80,0.7409,1,-1,-1
1716,576,802.58,460.11,22.42,54.12,0.6766,1,-1,-1
1716,616,1158.52,431.20,16.10,36.38,0.4054,1,-1,-1
1716,619,1359.07,589.94,38.38,75.27,0.7698,1,-1,-1
1716,283,1295.72,542.14,37.01,95.53,0.7122,1,-1,-1
1716,620,438.02,451.63,16.81,37.78,0.5631,1,-1,-1
1716,610,1882.94,347.35,15.01,33.90,0.5651,1,-1,-1
1716,623,404.93,450.44,17.80,44.31,0.5784,1,-1,-1
1716,574,1584.53,429.04,22.36,50.44,0.6531,1,-1,-1
1716,640,1203.01,426.38,11.13,26.56,0.2351,1,-1,-1
1716,641,1889.49,346.74,15.36,34.36,0.4980,1,-1,-1
1716,642,1151.18,538.10,108.49,46.25,0.2862,4,-1,-1
1716,643,1718.49,418.78,22.48,51.58,0.6766,1,-1,-1
1716,644,1835.77,345.17,11.42,24.98,0.4349,1,-1,-1
1716,645,416.25,445.16,17.57,43.54,0.5049,1,-1,-1
1717,506,1859.25,350.02,13.83,30.41,0.6469,1,-1,-1
1717,570,1395.36,516.92,31.56,72.52,0.7349,1,-1,-1
1717,576,801.97,460.10,22.53,54.16,0.6558,1,-1,-1
1717,616,1158.68,430.94,16.48,36.51,0.3398,1,-1,-1
1717,619,1360.42,591.64,37.68,72.88,0.7670,1,-1,-1
1717,283,1295.07,542.03,37.98,96.43,0.6188,1,-1,-1
1717,620,437.91,450.24,17.60,39.34,0.6215,1,-1,-1
1717,610,1883.13,347.15,15.14,34.16,0.5593,1,-1,-1
1717,623,405.21,450.51,17.59,44.31,0.6086,1,-1,-1
1717,574,1585.18,429.17,22.03,50.41,0.6514,1,-1,-1
1717,640,1204.57,425.64,11.19,25.94,0.1136,1,-1,-1
1717,641,1889.27,346.52,15.54,34.60,0.4932,1,-1,-1
1717,642,1151.67,538.57,107.18,45.54,0.2316,4,-1,-1
1717,643,1718.48,418.19,22.71,52.27,0.7001,1,-1,-1
1717,644,1835.89,344.71,11.61,25.34,0.4397,1,-1,-1
1717,645,416.56,445.09,17.99,44.69,0.5302,1,-1,-1
1718,506,1859.25,349.89,13.81,30.43,0.6415,1,-1,-1
1718,570,1395.38,516.54,31.75,73.07,0.7264,1,-1,-1
1718,576,801.01,459.94,22.81,54.16,0.7025,1,-1,-1
1718,616,1158.39,430.82,17.06,37.07,0.2200,2,-1,-1
1718,619,1363.55,592.36,37.08,70.79,0.7356,1,-1,-1
1718,283,1297.08,542.29,37.87,96.62,0.2894,1,-1,-1
1718,620,438.37,449.70,18.21,40.36,0.5496,1,-1,-1
1718,610,1883.14,347.17,15.15,34.17,0.5554,1,-1,-1
1718,623,405.53,450.39,17.54,44.73,0.5205,1,-1,-1
1718,574,1586.76,429.26,21.98,50.31,0.6549,1,-1,-1
1718,640,1205.10,425.68,11.48,26.05,0.1264,1,-1,-1
1718,641,1889.24,346.56,15.61,34.61,0.4980,1,-1,-1
1718,642,1152.26,538.89,105.59,44.64,0.2241,4,-1,-1
1718,643,1718.91,418.51,22.57,52.06,0.6715,1,-1,-1
1718,644,1836.19,345.10,11.43,24.88,0.4340,1,-1,-1
1718,645,416.77,445.24,18.41,45.79,0.4620,1,-1,-1
1719,506,1859.30,349.83,13.75,30.39,0.6361,1,-1,-1
1719,570,1395.76,515.98,31.97,73.78,0.7498,1,-1,-1
1719,576,800.06,460.01,22.91,53.89,0.7461,1,-1,-1
1719,616,1158.21,431.20,17.62,37.32,0.1541,1,-1,-1
1719,619,1366.98,592.61,37.54,71.19,0.7698,1,-1,-1
1719,283,1298.75,542.03,37.58,96.35,0.4340,1,-1,-1
1719,620,438.94,448.63,19.01,41.71,0.5176,1,-1,-1
1719,610,1883.33,347.07,15.25,34.30,0.5477,1,-1,-1
1719,623,406.06,450.18,17.60,45.24,0.5380,1,-1,-1
1719,574,1588.02,429.21,22.45,50.83,0.6654,1,-1,-1
1719,640,1205.31,425.00,12.19,27.30,0.1603,1,-1,-1
1719,641,1888.95,346.57,15.74,34.66,0.5010,1,-1,-1
1719,642,1152.00,538.94,105.93,44.62,0.1962,4,-1,-1
1719,643,1719.53,418.53,22.51,51.97,0.6343,1,-1,-1
1719,644,1835.88,344.87,11.57,25.12,0.4340,1,-1,-1
1719,645,417.41,446.06,19.25,47.94,0.4407,1,-1,-1
1720,506,1859.29,349.61,13.78,30.50,0.6289,1,-1,-1
1720,570,1395.94,515.51,32.10,74.33,0.7498,1,-1,-1
1720,576,799.52,459.93,23.08,53.87,0.7535,1,-1,-1
1720,616,1158.00,431.54,17.13,34.80,0.1520,3,-1,-1
1720,619,1368.86,592.40,37.64,71.12,0.7476,1,-1,-1
1720,283,1301.08,542.20,36.98,95.86,0.4932,1,-1,-1
1720,620,439.61,448.58,19.17,41.57,0.4216,1,-1,-1
1720,610,1883.85,346.77,15.54,34.67,0.5467,1,-1,-1
1720,623,406.24,450.16,17.30,45.00,0.5127,1,-1,-1
1720,574,1588.39,429.04,22.73,51.11,0.6619,1,-1,-1
1720,640,1205.49,424.69,12.51,27.61,0.1385,1,-1,-1
1720,641,1888.66,346.83,15.84,34.56,0.5098,1,-1,-1
1720,642,1151.69,538.96,106.30,44.63,0.2241,4,-1,-1
1720,643,1719.72,418.40,22.51,51.90,0.6307,1,-1,-1
1720,644,1835.71,344.93,11.63,25.15,0.4397,1,-1,-1
1720,645,418.16,446.75,19.11,47.79,0.4455,1,-1,-1
1720,647,570.24,412.18,14.94,40.73,0.4805,1,-1,-1
1721,506,1859.31,349.42,13.82,30.66,0.6289,1,-1,-1
1721,570,1396.09,515.03,32.13,74.72,0.7225,1,-1,-1
1721,576,799.01,459.96,23.24,53.80,0.7578,1,-1,-1
1721,616,1155.89,430.06,17.04,34.39,0.1027,1,-1,-1
1721,619,1372.01,592.25,36.95,70.64,0.7807,1,-1,-1
1721,283,1301.39,542.25,36.72,95.01,0.6415,1,-1,-1
1721,620,441.65,449.36,18.51,40.11,0.4007,1,-1,-1
1721,610,1884.47,346.37,15.93,35.15,0.5458,1,-1,-1
1721,623,406.63,450.31,16.77,44.10,0.5215,1,-1,-1
1721,574,1588.53,428.84,22.99,51.45,0.5851,1,-1,-1
1721,640,1205.48,424.74,12.85,28.06,0.1086,1,-1,-1
1721,641,1888.37,346.81,16.03,34.66,0.5176,1,-1,-1
1721,642,1150.79,539.00,107.73,45.17,0.1842,4,-1,-1
1721,643,1719.70,418.26,22.58,52.08,0.5955,1,-1,-1
1721,644,1835.56,345.21,11.62,25.05,0.4254,1,-1,-1
1721,645,419.31,447.15,18.65,46.95,0.4610,1,-1,-1
1721,647,569.89,411.99,15.12,41.21,0.5244,1,-1,-1
1722,506,1859.34,349.46,13.78,30.63,0.6215,1,-1,-1
1722,570,1395.29,515.48,32.20,74.61,0.7272,1,-1,-1
1722,576,798.40,459.93,23.39,53.81,0.7356,1,-1,-1
1722,616,1153.84,429.70,17.25,35.44,0.1242,1,-1,-1
1722,619,1374.57,591.36,35.86,69.78,0.7656,1,-1,-1
1722,283,1302.42,542.14,36.58,95.22,0.6433,1,-1,-1
1722,620,442.98,449.59,18.15,39.53,0.3451,1,-1,-1
1722,610,1884.35,346.20,16.12,35.29,0.5438,1,-1,-1
1722,623,407.03,450.51,16.48,43.76,0.5234,1,-1,-1
1722,574,1588.28,429.00,23.09,50.93,0.4971,1,-1,-1
1722,640,1204.00,425.69,13.49,29.55,0.1587,1,-1,-1
1722,641,1888.19,346.82,16.15,34.66,0.5185,1,-1,-1
1722,642,1150.63,538.98,107.81,45.13,0.2134,4,-1,-1
1722,643,1719.75,417.98,22.81,52.64,0.5898,1,-1,-1
1722,644,1835.15,345.56,11.67,25.07,0.3748,1,-1,-1
1722,645,419.84,447.56,18.52,46.90,0.4407,1,-1,-1
1722,647,569.58,412.42,15.09,41.15,0.4523,1,-1,-1
1722,648,1309.53,541.89,26.68,84.90,0.4698,1,-1,-1
1723,506,1859.40,349.73,13.60,30.26,0.6105,1,-1,-1
1723,570,1395.55,514.30,32.76,75.85,0.7241,1,-1,-1
1723,576,797.86,459.84,23.55,53.92,0.7476,1,-1,-1
1723,616,1151.94,427.60,15.80,32.96,0.3961,1,-1,-1
1723,619,1376.06,591.33,37.79,75.62,0.7256,1,-1,-1
1723,283,1304.75,541.87,36.48,95.53,0.6628,1,-1,-1
1723,620,443.28,450.04,17.98,39.27,0.4263,1,-1,-1
1723,610,1883.87,346.59,15.94,34.74,0.5400,1,-1,-1
1723,623,407.30,450.71,16.23,43.38,0.5448,1,-1,-1
1723,574,1591.26,429.15,22.46,50.04,0.3390,1,-1,-1
1723,640,1203.29,428.13,14.28,31.28,0.1854,1,-1,-1
1723,641,1888.18,347.30,16.03,34.17,0.5088,1,-1,-1
1723,642,1150.15,538.99,108.54,45.41,0.3124,4,-1,-1
1723,643,1719.56,418.24,22.74,52.27,0.5842,1,-1,-1
1723,644,1834.44,345.69,11.75,25.19,0.3849,1,-1,-1
1723,645,420.37,448.02,18.24,46.31,0.4225,1,-1,-1
1723,647,569.42,412.74,14.90,40.65,0.3794,1,-1,-1
1723,649,535.72,419.07,13.92,34.43,0.5137,1,-1,-1
1724,506,1859.35,350.16,13.42,29.92,0.6030,1,-1,-1
1724,570,1394.58,513.99,33.37,76.99,0.7225,1,-1,-1
1724,576,797.31,459.78,23.78,54.13,0.7264,1,-1,-1
1724,616,1150.05,426.40,15.78,33.52,0.3639,1,-1,-1
1724,619,1378.27,591.04,37.93,78.05,0.7469,1,-1,-1
1724,283,1307.45,541.88,36.78,96.07,0.6960,1,-1,-1
1724,620,443.60,450.37,17.81,38.95,0.4600,1,-1,-1
1724,610,1883.07,347.14,15.64,34.10,0.5516,1,-1,-1
1724,623,407.70,450.83,15.74,42.38,0.5068,1,-1,-1
1724,574,1591.98,429.33,22.50,49.89,0.5974,1,-1,-1
1724,640,1203.10,428.90,14.78,32.39,0.1895,1,-1,-1
1724,641,1888.26,347.97,15.85,33.58,0.4980,1,-1,-1
1724,642,1149.25,538.88,110.24,46.18,0.2822,4,-1,-1
1724,643,1719.83,418.25,22.85,52.33,0.5283,1,-1,-1
1724,644,1834.00,346.10,11.68,24.97,0.3531,1,-1,-1
1724,645,420.59,448.73,17.56,44.91,0.3612,1,-1,-1
1724,647,569.16,412.41,14.84,40.50,0.3217,1,-1,-1
1724,649,535.73,419.30,13.84,34.20,0.5068,1,-1,-1
1725,506,1859.27,350.42,13.25,29.60,0.6030,1,-1,-1
1725,570,1394.67,512.48,33.89,78.60,0.7106,1,-1,-1
1725,576,796.81,459.69,23.87,53.96,0.7122,1,-1,-1
1725,616,1149.26,425.73,15.39,33.17,0.3730,1,-1,-1
1725,619,1379.74,591.24,37.42,78.91,0.7656,1,-1,-1
1725,283,1309.93,541.74,36.68,96.31,0.7090,1,-1,-1
1725,620,444.16,450.47,17.83,39.38,0.4321,1,-1,-1
1725,610,1882.73,347.59,15.43,33.67,0.5631,1,-1,-1
1725,623,408.31,450.73,15.64,42.38,0.4941,1,-1,-1
1725,574,1592.22,429.77,22.41,49.28,0.6270,1,-1,-1
1725,640,1202.92,428.96,15.06,32.95,0.1974,1,-1,-1
1725,641,1888.14,348.44,15.78,33.16,0.4893,1,-1,-1
1725,642,1149.05,538.93,110.86,46.48,0.2689,4,-1,-1
1725,643,1720.20,418.57,22.90,52.25,0.4873,1,-1,-1
1725,644,1834.14,346.73,11.51,24.63,0.3666,1,-1,-1
1725,645,420.56,450.84,16.96,43.52,0.3032,1,-1,-1
1725,647,569.13,412.46,14.28,38.86,0.3049,1,-1,-1
1725,649,535.82,419.67,13.74,33.92,0.5020,1,-1,-1
1725,632,672.38,388.96,13.35,31.03,0.4630,1,-1,-1
1726,506,1859.06,349.85,13.55,30.24,0.6049,1,-1,-1
1726,570,1394.08,511.91,34.29,79.19,0.7162,1,-1,-1
1726,576,796.08,459.69,24.28,54.33,0.6460,1,-1,-1
1726,616,1148.61,424.43,15.51,33.97,0.3666,1,-1,-1
1726,619,1380.94,590.88,37.55,80.32,0.7050,1,-1,-1
1726,283,1312.85,541.49,37.13,98.22,0.3469,1,-1,-1
1726,620,444.07,449.88,18.05,40.07,0.4111,1,-1,-1
1726,610,1884.11,347.62,15.86,33.90,0.5746,1,-1,-1
1726,623,408.99,450.66,15.90,43.15,0.5341,1,-1,-1
1726,574,1593.60,429.66,22.23,48.96,0.5670,1,-1,-1
1726,640,1203.47,430.01,15.04,33.06,0.2056,1,-1,-1
1726,642,1150.50,539.76,108.20,45.18,0.3639,4,-1,-1
1726,643,1720.52,418.67,23.08,52.23,0.5205,1,-1,-1
1726,644,1833.38,345.83,11.89,25.42,0.3951,1,-1,-1
1726,645,421.82,450.33,16.98,44.05,0.2846,1,-1,-1
1726,647,568.69,412.13,14.23,38.66,0.3812,1,-1,-1
1726,649,535.46,419.69,13.67,33.67,0.5593,1,-1,-1
1726,650,1411.00,434.30,15.44,45.60,0.5224,1,-1,-1
1726,632,671.69,388.59,13.60,31.94,0.4951,1,-1,-1
1727,506,1858.84,350.04,13.45,29.92,0.5974,1,-1,-1
1727,570,1394.02,511.59,34.44,79.34,0.7303,1,-1,-1
1727,576,795.41,459.77,24.55,54.37,0.6280,1,-1,-1
1727,616,1146.69,425.17,17.28,38.85,0.3868,1,-1,-1
1727,619,1382.27,590.88,37.46,81.01,0.6918,1,-1,-1
1727,283,1313.91,541.74,36.79,98.13,0.5756,1,-1,-1
1727,620,444.49,449.03,18.25,40.71,0.3942,1,-1,-1
1727,610,1884.39,348.04,16.08,33.65,0.5727,1,-1,-1
1727,623,409.58,450.64,16.11,43.83,0.4990,1,-1,-1
1727,574,1594.87,429.15,22.18,49.19,0.5107,1,-1,-1
1727,640,1204.99,430.61,15.18,33.69,0.5098,1,-1,-1
1727,642,1150.54,540.44,108.10,45.02,0.3407,4,-1,-1
1727,643,1721.06,418.72,22.96,51.63,0.4912,1,-1,-1
1727,644,1832.95,345.96,11.82,25.20,0.3720,1,-1,-1
1727,645,422.55,450.36,16.77,44.03,0.2767,1,-1,-1
1727,647,568.31,411.93,14.47,39.28,0.4407,1,-1,-1
1727,649,535.05,419.05,13.92,34.23,0.5842,1,-1,-1
1727,650,1411.98,434.49,15.46,45.56,0.5506,1,-1,-1
1727,632,671.36,388.26,13.64,32.47,0.5263,1,-1,-1
1727,653,1168.05,428.34,15.11,37.48,0.4932,1,-1,-1
1728,506,1858.52,349.92,13.46,29.85,0.6030,1,-1,-1
1728,570,1394.25,510.80,34.42,79.24,0.7318,1,-1,-1
1728,576,794.18,461.07,24.10,53.20,0.5879,1,-1,-1
1728,616,1145.32,426.98,17.49,39.85,0.3858,1,-1,-1
1728,619,1384.59,590.78,37.18,80.96,0.5936,1,-1,-1
1728,283,1315.80,541.86,36.95,98.60,0.6132,1,-1,-1
1728,620,444.72,448.74,18.44,41.45,0.4054,1,-1,-1
1728,610,1884.33,348.09,16.38,33.68,0.5974,1,-1,-1
1728,623,410.33,451.18,16.20,43.98,0.5224,1,-1,-1
1728,574,1596.58,428.99,21.97,49.19,0.4824,1,-1,-1
1728,640,1205.58,431.00,15.37,34.54,0.4941,1,-1,-1
1728,642,1152.06,540.77,102.34,42.31,0.2682,4,-1,-1
1728,643,1721.46,417.97,23.14,52.09,0.5574,1,-1,-1
1728,644,1832.32,345.61,11.99,25.47,0.3603,1,-1,-1
1728,645,423.01,450.76,16.44,43.89,0.3082,1,-1,-1
1728,647,568.11,412.21,14.52,39.41,0.4581,1,-1,-1
1728,649,534.80,418.17,14.27,35.09,0.5879,1,-1,-1
1728,650,1411.98,435.87,15.58,45.61,0.5059,1,-1,-1
1728,632,671.26,388.26,13.52,32.63,0.4922,1,-1,-1
1728,653,1169.50,428.02,14.32,35.55,0.4815,1,-1,-1
1728,654,1695.62,410.66,20.46,55.81,0.5215,1,-1,-1
1729,506,1858.07,350.06,13.40,29.52,0.5898,1,-1,-1
1729,570,1394.22,511.02,34.52,79.08,0.7424,1,-1,-1
1729,576,793.28,461.95,23.72,52.24,0.5974,1,-1,-1
1729,616,1143.91,425.89,17.67,40.98,0.2983,1,-1,-1
1729,619,1386.83,588.94,37.71,82.73,0.5983,1,-1,-1
1729,283,1316.69,542.25,36.41,97.47,0.6943,1,-1,-1
1729,620,445.01,448.63,18.60,42.40,0.4455,1,-1,-1
1729,610,1883.90,348.34,16.50,33.44,0.6197,1,-1,-1
1729,623,410.70,451.37,16.24,44.05,0.5506,1,-1,-1
1729,574,1598.69,428.74,21.63,49.07,0.5936,1,-1,-1
1729,640,1206.19,431.18,15.14,34.46,0.4951,1,-1,-1
1729,642,1152.83,541.05,99.42,40.80,0.1761,4,-1,-1
1729,643,1721.65,417.58,23.09,51.98,0.5784,1,-1,-1
1729,644,1831.81,345.51,11.95,25.30,0.3242,1,-1,-1
1729,645,422.86,450.81,16.27,44.08,0.3049,1,-1,-1
1729,647,567.91,412.63,14.50,39.39,0.4795,1,-1,-1
1729,649,534.49,417.72,14.40,35.46,0.5651,1,-1,-1
1729,650,1415.51,437.66,14.72,42.86,0.5098,1,-1,-1
1729,632,671.00,387.95,13.46,32.81,0.4542,1,-1,-1
1729,653,1169.99,427.37,14.09,35.00,0.4610,1,-1,-1
1729,654,1695.61,411.65,20.54,56.06,0.5244,1,-1,-1
1730,506,1857.64,350.17,13.39,29.30,0.5860,1,-1,-1
1730,570,1394.09,511.46,34.71,78.91,0.7725,1,-1,-1
1730,576,792.80,461.97,23.73,52.01,0.6049,1,-1,-1
1730,616,1143.19,425.56,17.53,41.23,0.2759,1,-1,-1
1730,619,1387.99,588.95,37.54,82.82,0.7249,1,-1,-1
1730,283,1317.71,542.47,36.36,96.78,0.7447,1,-1,-1
1730,620,445.35,448.60,18.29,42.03,0.4083,1,-1,-1
1730,610,1883.53,348.46,16.62,33.45,0.6379,1,-1,-1
1730,623,410.95,451.36,16.32,44.21,0.5400,1,-1,-1
1730,574,1599.96,428.43,21.49,49.48,0.6179,1,-1,-1
1730,640,1206.42,431.06,14.99,34.46,0.4893,1,-1,-1
1730,642,1151.27,541.15,101.64,41.61,0.1962,4,-1,-1
1730,643,1721.21,417.14,23.24,52.28,0.5727,1,-1,-1
1730,644,1831.19,345.06,12.11,25.58,0.3074,1,-1,-1
1730,645,425.02,452.42,15.82,42.59,0.3711,1,-1,-1
1730,647,567.88,413.40,14.20,38.55,0.4649,1,-1,-1
1730,649,534.34,417.77,14.37,35.37,0.5631,1,-1,-1
1730,650,1417.50,439.13,14.44,41.77,0.5390,1,-1,-1
1730,632,671.06,387.80,13.10,32.20,0.3840,1,-1,-1
1730,653,1169.91,427.46,15.07,37.61,0.4026,1,-1,-1
1730,654,1695.64,412.62,20.31,55.43,0.5429,1,-1,-1
1731,506,1856.86,350.37,14.04,30.32,0.5993,1,-1,-1
1731,570,1393.36,511.86,35.13,79.14,0.7912,1,-1,-1
1731,576,792.43,463.04,23.13,50.31,0.6316,1,-1,-1
1731,616,1141.60,426.36,16.87,40.06,0.2487,1,-1,-1
1731,619,1389.31,590.58,36.77,80.83,0.7334,1,-1,-1
1731,283,1318.55,542.75,36.54,96.73,0.7341,1,-1,-1
1731,620,445.61,448.69,17.95,41.50,0.4678,1,-1,-1
1731,610,1882.95,347.52,17.40,34.69,0.6766,1,-1,-1
1731,623,410.86,451.32,15.98,43.40,0.4844,1,-1,-1
1731,574,1600.50,428.36,21.39,49.79,0.6522,1,-1,-1
1731,640,1206.17,430.75,14.91,34.56,0.4475,1,-1,-1
1731,642,1149.68,541.21,103.42,42.29,0.2659,4,-1,-1
1731,643,1720.40,416.60,23.63,53.00,0.6433,1,-1,-1
1731,644,1829.34,341.55,13.67,29.12,0.2502,1,-1,-1
1731,645,425.70,455.09,15.15,39.97,0.3277,1,-1,-1
1731,647,567.86,413.82,13.72,37.11,0.4397,1,-1,-1
1731,649,534.18,418.62,14.06,34.53,0.5390,1,-1,-1
1731,650,1418.45,438.56,15.29,43.47,0.6234,1,-1,-1
1731,632,671.31,388.13,12.18,29.78,0.2524,1,-1,-1
1731,653,1169.75,428.05,14.93,37.40,0.4785,1,-1,-1
1731,654,1695.35,412.81,19.80,53.87,0.5727,1,-1,-1
1732,506,1856.18,350.15,14.43,30.79,0.5974,1,-1,-1
1732,570,1392.69,512.15,35.54,79.16,0.7988,1,-1,-1
1732,576,792.33,464.09,22.66,49.02,0.6334,1,-1,-1
1732,616,1140.73,426.67,16.58,39.61,0.2838,1,-1,-1
1732,619,1389.95,591.11,37.19,81.17,0.7303,1,-1,-1
1732,283,1319.31,542.71,36.65,96.47,0.7476,1,-1,-1
1732,620,445.69,448.68,17.68,41.07,0.4698,1,-1,-1
1732,610,1882.36,346.57,17.91,35.72,0.6663,1,-1,-1
1732,623,410.75,451.15,15.78,42.95,0.4990,1,-1,-1
1732,574,1600.64,428.56,21.08,49.42,0.6593,1,-1,-1
1732,640,1205.90,429.99,15.19,35.51,0.4600,1,-1,-1
1732,642,1148.28,541.08,104.95,42.91,0.1987,4,-1,-1
1732,643,1720.19,416.69,23.89,53.43,0.6558,1,-1,-1
1732,644,1828.57,340.16,14.10,30.24,0.2999,1,-1,-1
1732,645,425.76,452.32,15.57,40.99,0.3486,1,-1,-1
1732,647,567.69,413.99,13.42,36.13,0.4359,1,-1,-1
1732,649,533.63,419.26,13.71,33.77,0.5273,1,-1,-1
1732,650,1419.33,436.58,16.29,45.60,0.6058,1,-1,-1
1732,632,670.61,388.31,12.22,29.64,0.2636,1,-1,-1
1732,653,1169.65,428.20,14.80,37.19,0.5049,1,-1,-1
1732,654,1695.16,413.34,19.68,53.28,0.5689,1,-1,-1
1733,506,1855.25,351.05,14.28,30.23,0.6123,1,-1,-1
1733,570,1392.29,512.72,35.68,78.31,0.8111,1,-1,-1
1733,576,791.62,464.35,22.97,48.91,0.5964,1,-1,-1
1733,616,1139.64,426.78,16.45,39.50,0.3303,1,-1,-1
1733,619,1391.65,591.51,37.97,81.29,0.7963,1,-1,-1
1733,283,1320.10,543.02,36.36,94.80,0.7249,1,-1,-1
1733,620,446.69,448.93,17.47,40.19,0.4455,1,-1,-1
1733,610,1881.89,346.39,17.87,35.60,0.6343,1,-1,-1
1733,623,410.86,450.84,15.99,43.56,0.4737,1,-1,-1
1733,574,1601.03,428.57,21.08,49.51,0.6575,1,-1,-1
1733,640,1206.28,429.88,14.97,35.42,0.4688,1,-1,-1
1733,642,1147.94,541.29,104.49,42.65,0.1446,4,-1,-1
1733,643,1719.84,416.55,23.96,53.47,0.6270,1,-1,-1
1733,644,1828.40,341.80,13.24,28.41,0.1859,1,-1,-1
1733,645,425.62,450.61,16.07,42.15,0.3504,1,-1,-1
1733,647,566.93,414.12,13.59,36.45,0.4187,1,-1,-1
1733,649,533.13,419.67,13.63,33.50,0.4475,1,-1,-1
1733,650,1420.82,435.26,16.87,46.55,0.5983,1,-1,-1
1733,632,669.78,388.63,12.79,30.84,0.3217,1,-1,-1
1733,653,1169.28,429.06,15.18,38.31,0.5283,1,-1,-1
1733,654,1694.88,413.19,19.74,53.12,0.5322,1,-1,-1
1734,506,1854.06,350.95,14.38,30.18,0.5176,1,-1,-1
1734,570,1392.02,512.76,36.20,78.21,0.7860,1,-1,-1
1734,576,790.26,464.74,23.23,49.01,0.6316,1,-1,-1
1734,616,1137.82,427.92,16.82,40.55,0.3363,1,-1,-1
1734,619,1392.18,592.52,39.18,81.97,0.7853,1,-1,-1
1734,283,1320.03,542.93,36.57,94.33,0.7387,1,-1,-1
1734,620,446.69,449.71,17.40,39.70,0.3425,1,-1,-1
1734,610,1881.40,347.18,17.11,34.28,0.5593,1,-1,-1
1734,623,410.84,450.58,16.12,44.02,0.4542,1,-1,-1
1734,574,1601.48,428.97,20.98,49.13,0.6105,1,-1,-1
1734,640,1206.19,428.59,15.36,36.57,0.5370,1,-1,-1
1734,642,1146.46,541.47,105.98,43.28,0.1059,4,-1,-1
1734,643,1719.30,416.54,23.69,52.83,0.6067,1,-1,-1
1734,644,1827.39,343.86,12.34,26.41,0.2386,1,-1,-1
1734,645,425.24,449.45,16.43,42.89,0.2509,1,-1,-1
1734,647,565.69,413.93,13.93,37.19,0.5525,1,-1,-1
1734,649,532.32,419.28,13.79,33.97,0.5039,1,-1,-1
1734,650,1421.17,434.12,18.02,48.24,0.6289,1,-1,-1
1734,632,669.17,388.63,12.99,31.29,0.4932,1,-1,-1
1734,653,1168.66,429.12,15.64,39.68,0.5727,1,-1,-1
1734,654,1695.19,412.46,19.61,52.55,0.4980,1,-1,-1
1735,506,1852.68,351.25,14.13,29.62,0.5137,1,-1,-1
1735,570,1392.36,513.11,36.42,77.61,0.7813,1,-1,-1
1735,576,789.46,464.79,23.48,49.08,0.6234,1,-1,-1
1735,616,1137.05,429.18,16.12,39.19,0.3149,1,-1,-1
1735,619,1392.10,592.50,40.39,82.89,0.8038,1,-1,-1
1735,283,1320.12,542.80,36.74,93.92,0.7341,1,-1,-1
1735,620,446.58,449.70,17.47,39.59,0.4359,1,-1,-1
1735,610,1880.26,347.27,17.03,34.13,0.5651,1,-1,-1
1735,623,410.73,450.50,16.08,44.01,0.5049,1,-1,-1
1735,574,1601.85,429.37,20.92,48.68,0.6123,1,-1,-1
1735,640,1206.86,427.49,15.59,37.17,0.5554,1,-1,-1
1735,643,1719.03,416.74,23.60,52.50,0.6307,1,-1,-1
1735,644,1826.44,344.81,12.01,25.69,0.1974,1,-1,-1
1735,645,425.60,455.36,15.07,38.91,0.2999,1,-1,-1
1735,647,565.00,413.87,13.92,36.93,0.4776,1,-1,-1
1735,649,531.55,418.91,13.96,34.42,0.4863,1,-1,-1
1735,650,1421.38,432.57,19.15,49.54,0.6505,1,-1,-1
1735,632,667.98,388.33,13.42,31.80,0.4854,1,-1,-1
1735,653,1168.46,430.02,15.66,39.89,0.5525,1,-1,-1
1735,654,1695.13,411.78,19.88,53.06,0.5293,1,-1,-1
1736,506,1851.85,352.06,13.52,28.36,0.5631,1,-1,-1
1736,570,1392.53,513.14,36.49,76.93,0.8001,1,-1,-1
1736,576,788.01,465.09,23.42,48.82,0.6645,1,-1,-1
1736,616,1135.82,428.64,15.97,39.36,0.4149,1,-1,-1
1736,619,1392.36,594.62,40.35,80.87,0.8056,1,-1,-1
1736,283,1319.98,542.68,36.99,94.01,0.7606,1,-1,-1
1736,620,446.04,450.37,17.47,39.29,0.3821,1,-1,-1
1736,610,1880.48,348.33,16.47,33.11,0.5341,1,-1,-1
1736,623,410.91,450.60,16.21,44.32,0.5029,1,-1,-1
1736,574,1602.02,429.27,21.27,48.79,0.5506,1,-1,-1
1736,640,1207.70,426.79,15.87,38.21,0.5429,1,-1,-1
1736,643,1718.10,417.13,23.48,52.18,0.6522,1,-1,-1
1736,644,1825.79,345.43,11.54,24.95,0.2275,1,-1,-1
1736,645,425.76,458.98,14.39,36.27,0.1525,1,-1,-1
1736,647,564.01,414.46,13.91,36.61,0.4388,1,-1,-1
1736,649,529.70,417.57,14.49,35.97,0.5832,1,-1,-1
1736,650,1424.16,432.10,19.55,49.59,0.6783,1,-1,-1
1736,632,666.90,387.85,13.65,32.03,0.4912,1,-1,-1
1736,653,1167.63,430.97,15.58,39.89,0.5727,1,-1,-1
1736,654,1694.51,411.00,20.35,54.08,0.5823,1,-1,-1
1737,506,1850.76,352.16,13.59,28.39,0.5525,1,-1,-1
1737,570,1393.01,513.09,36.65,76.81,0.7886,1,-1,-1
1737,576,787.01,465.08,23.64,49.27,0.6689,1,-1,-1
1737,616,1134.90,428.83,15.85,39.51,0.3032,1,-1,-1
1737,619,1391.94,595.77,40.89,79.85,0.8087,1,-1,-1
1737,283,1319.85,542.29,37.49,94.84,0.7535,1,-1,-1
1737,620,445.07,450.53,17.75,39.67,0.3225,1,-1,-1
1737,610,1880.03,348.69,16.23,32.82,0.5390,1,-1,-1
1737,623,411.49,450.61,16.55,44.90,0.5429,1,-1,-1
1737,574,1601.82,429.11,21.79,49.32,0.6105,1,-1,-1
1737,640,1207.86,426.54,16.13,39.20,0.4776,1,-1,-1
1737,643,1717.75,417.24,23.51,52.05,0.6645,1,-1,-1
1737,644,1824.77,344.36,12.00,26.15,0.2444,1,-1,-1
1737,645,425.26,458.40,15.01,37.28,0.1132,1,-1,-1
1737,647,562.73,414.73,14.35,37.78,0.2783,1,-1,-1
1737,649,529.04,417.92,14.35,35.64,0.5409,1,-1,-1
1737,650,1426.14,432.40,19.43,48.84,0.6800,1,-1,-1
1737,632,665.66,387.38,13.99,32.44,0.3666,1,-1,-1
1737,653,1167.22,431.44,15.45,39.74,0.5936,1,-1,-1
1737,654,1693.92,411.48,20.50,54.37,0.5429,1,-1,-1
1737,655,1873.49,349.36,16.07,31.89,0.4552,1,-1,-1
1738,506,1848.97,351.21,13.92,28.76,0.5842,1,-1,-1
1738,570,1395.11,512.92,36.09,76.15,0.7988,1,-1,-1
1738,576,785.43,464.74,23.87,49.59,0.6188,1,-1,-1
1738,616,1133.22,432.01,15.24,37.46,0.1919,1,-1,-1
1738,619,1392.56,595.95,41.67,79.73,0.8099,1,-1,-1
1738,283,1318.93,542.21,37.32,94.75,0.6876,1,-1,-1
1738,620,444.52,449.73,18.31,41.13,0.4795,1,-1,-1
1738,610,1877.24,348.62,16.36,32.98,0.5059,1,-1,-1
1738,623,411.63,450.50,16.68,44.99,0.5689,1,-1,-1
1738,574,1600.90,428.58,22.46,50.13,0.6142,1,-1,-1
1738,640,1207.90,426.78,15.95,39.03,0.3998,1,-1,-1
1738,643,1716.52,416.15,24.12,53.37,0.6379,1,-1,-1
1738,644,1822.70,342.64,12.85,27.99,0.2220,1,-1,-1
1738,645,425.13,452.94,16.32,40.36,0.1399,1,-1,-1
1738,647,561.70,414.48,14.35,37.60,0.3877,1,-1,-1
1738,649,528.54,418.85,14.07,34.75,0.5039,1,-1,-1
1738,650,1427.97,433.36,18.87,47.43,0.6918,1,-1,-1
1738,632,662.92,386.86,14.36,32.54,0.1733,1,-1,-1
1738,653,1165.96,430.72,14.76,38.23,0.5727,1,-1,-1
1738,654,1692.84,413.44,20.14,53.14,0.5419,1,-1,-1
1738,655,1871.60,348.56,16.61,32.94,0.5293,1,-1,-1
1739,506,1846.83,350.70,14.05,28.97,0.6067,1,-1,-1
1739,570,1396.13,512.46,35.93,76.60,0.7766,1,-1,-1
1739,576,783.34,464.35,24.03,50.21,0.5487,1,-1,-1
1739,616,1130.64,431.34,15.44,38.54,0.1582,1,-1,-1
1739,619,1393.12,595.37,42.48,80.46,0.8454,1,-1,-1
1739,283,1318.92,540.81,37.09,95.19,0.7098,1,-1,-1
1739,620,443.61,449.87,18.36,41.22,0.5010,1,-1,-1
1739,610,1875.62,348.66,16.55,33.60,0.2728,1,-1,-1
1739,623,411.32,450.55,17.21,45.77,0.5574,1,-1,-1
1739,574,1600.11,428.52,22.41,49.07,0.5993,1,-1,-1
1739,640,1209.04,427.65,15.42,37.65,0.1432,1,-1,-1
1739,643,1714.78,417.49,23.82,52.18,0.6325,1,-1,-1
1739,644,1820.38,342.67,12.87,28.13,0.2862,1,-1,-1
1739,647,559.74,413.77,14.78,38.76,0.4542,1,-1,-1
1739,649,526.88,419.95,13.84,33.88,0.5273,1,-1,-1
1739,650,1428.79,434.30,18.63,46.94,0.7033,1,-1,-1
1739,632,661.20,386.85,14.67,32.63,0.4301,1,-1,-1
1739,653,1165.32,431.93,14.72,38.23,0.5302,1,-1,-1
1739,654,1690.36,413.09,20.16,52.93,0.4805,1,-1,-1
1739,655,1870.82,348.62,16.90,33.43,0.6289,1,-1,-1
1740,506,1845.01,350.45,14.29,29.36,0.5380,1,-1,-1
1740,570,1396.73,512.38,35.50,76.65,0.7766,1,-1,-1
1740,576,781.89,464.30,23.96,50.22,0.6160,1,-1,-1
1740,619,1393.50,594.54,42.86,81.04,0.8306,1,-1,-1
1740,283,1318.69,539.85,37.02,96.26,0.6487,1,-1,-1
1740,620,443.31,449.88,18.35,41.35,0.4698,1,-1,-1
1740,610,1874.69,348.91,16.31,33.25,0.1246,1,-1,-1
1740,623,409.76,450.96,17.03,45.26,0.5689,1,-1,-1
1740,574,1599.39,428.58,22.55,48.83,0.5842,1,-1,-1
1740,640,1207.49,427.59,15.12,37.49,0.4130,1,-1,-1
1740,643,1713.49,417.83,23.96,52.06,0.6160,1,-1,-1
1740,644,1819.08,341.06,13.22,28.79,0.1801,1,-1,-1
1740,647,558.56,413.40,14.96,39.40,0.4883,1,-1,-1
1740,649,525.68,420.18,13.88,33.67,0.5117,1,-1,-1
1740,650,1428.64,434.41,18.68,47.03,0.7050,1,-1,-1
1740,632,659.53,386.50,15.38,33.84,0.5088,1,-1,-1
1740,653,1164.79,432.82,14.45,37.78,0.5215,1,-1,-1
1740,654,1688.84,414.26,20.03,52.33,0.5234,1,-1,-1
1740,655,1870.16,348.06,17.26,34.07,0.6252,1,-1,-1
1741,506,1842.10,349.75,15.07,30.91,0.4766,1,-1,-1
1741,570,1396.41,512.28,34.88,75.68,0.7725,1,-1,-1
1741,576,779.72,464.46,23.82,49.97,0.6469,1,-1,-1
1741,619,1395.83,593.31,42.81,82.51,0.7988,1,-1,-1
1741,283,1320.72,539.64,33.52,87.88,0.6610,1,-1,-1
1741,620,441.25,449.40,18.49,41.53,0.3567,1,-1,-1
1741,623,407.40,450.95,17.38,46.30,0.6215,1,-1,-1
1741,574,1598.38,429.70,22.25,47.66,0.5842,1,-1,-1
1741,640,1206.47,427.79,14.77,36.93,0.4805,1,-1,-1
1741,643,1711.61,416.70,24.39,52.72,0.5651,1,-1,-1
1741,644,1816.35,340.05,13.57,29.43,0.2207,1,-1,-1
1741,647,556.94,413.18,14.87,39.16,0.2408,1,-1,-1
1741,649,523.20,419.03,14.34,34.71,0.5029,1,-1,-1
1741,650,1428.43,433.94,18.69,46.89,0.7033,1,-1,-1
1741,632,658.57,387.04,15.27,33.85,0.5487,1,-1,-1
1741,653,1163.32,433.10,14.29,37.55,0.5917,1,-1,-1
1741,654,1687.14,412.72,20.77,53.84,0.4776,1,-1,-1
1741,655,1868.54,347.94,16.97,33.49,0.5088,1,-1,-1
1741,645,420.09,450.31,18.35,45.56,0.4688,1,-1,-1
1742,506,1839.67,348.10,15.84,32.67,0.4824,1,-1,-1
1742,570,1395.78,512.22,34.81,75.66,0.7820,1,-1,-1
1742,576,778.03,465.20,23.34,48.79,0.6270,1,-1,-1
1742,619,1396.84,592.43,42.72,84.12,0.7766,1,-1,-1
1742,283,1319.31,538.65,35.58,94.63,0.6918,1,-1,-1
1742,620,440.14,449.62,18.23,40.86,0.3372,1,-1,-1
1742,623,406.21,450.93,17.44,46.62,0.6105,1,-1,-1
1742,574,1598.04,429.42,22.59,47.91,0.5765,1,-1,-1
1742,640,1206.07,427.24,14.24,35.75,0.2744,1,-1,-1
1742,643,1710.11,415.42,25.02,53.96,0.6105,1,-1,-1
1742,644,1814.26,339.63,13.92,30.15,0.2309,1,-1,-1
1742,647,555.83,412.89,14.98,39.58,0.3242,1,-1,-1
1742,649,521.87,418.54,14.60,35.23,0.4785,1,-1,-1
1742,650,1428.33,433.46,18.97,47.46,0.7033,1,-1,-1
1742,632,657.36,387.72,15.25,33.99,0.4854,1,-1,-1
1742,653,1162.24,433.59,14.05,36.99,0.5593,1,-1,-1
1742,654,1686.38,409.88,22.14,56.99,0.4980,1,-1,-1
1742,655,1867.09,347.03,17.53,34.53,0.5283,1,-1,-1
1742,645,418.97,450.32,18.65,46.31,0.4620,1,-1,-1
1743,506,1837.70,349.03,14.99,30.96,0.5506,1,-1,-1
1743,570,1394.80,512.24,35.18,76.28,0.8038,1,-1,-1
1743,576,775.69,465.23,23.47,48.86,0.7372,1,-1,-1
1743,619,1398.00,591.69,41.45,83.38,0.7684,1,-1,-1
1743,283,1319.41,538.04,35.34,95.18,0.6901,1,-1,-1
1743,620,439.16,449.24,18.28,41.16,0.3748,1,-1,-1
1743,623,405.62,450.70,17.36,46.58,0.5574,1,-1,-1
1743,574,1597.80,428.06,23.13,49.00,0.5804,1,-1,-1
1743,640,1203.62,426.29,13.65,34.46,0.4815,1,-1,-1
1743,643,1708.20,415.48,24.76,53.37,0.6415,1,-1,-1
1743,644,1811.75,340.66,13.78,29.83,0.2487,1,-1,-1
1743,647,553.16,411.95,15.47,40.72,0.5535,1,-1,-1
1743,649,520.30,419.65,14.40,34.35,0.3260,1,-1,-1
1743,650,1428.16,432.83,19.70,48.87,0.6715,1,-1,-1
1743,632,656.51,387.87,14.88,33.27,0.4591,1,-1,-1
1743,653,1161.28,433.79,14.00,36.96,0.5860,1,-1,-1
1743,654,1684.69,408.35,22.72,58.13,0.5390,1,-1,-1
1743,655,1864.74,347.39,17.47,34.19,0.4961,1,-1,-1
1743,645,417.22,449.86,19.24,47.80,0.4340,1,-1,-1
1744,506,1834.79,349.63,14.66,30.45,0.5234,1,-1,-1
1744,570,1393.26,512.14,36.04,77.26,0.8382,1,-1,-1
1744,576,773.68,465.32,23.71,49.34,0.6926,1,-1,-1
1744,619,1398.11,591.42,40.38,82.47,0.7146,1,-1,-1
1744,283,1320.68,538.36,32.20,86.69,0.6469,1,-1,-1
1744,620,438.85,450.56,18.15,40.22,0.1830,1,-1,-1
1744,623,404.72,450.45,17.17,46.19,0.4523,1,-1,-1
1744,574,1597.32,426.85,22.30,47.99,0.3849,1,-1,-1
1744,640,1201.39,426.17,14.05,35.38,0.5429,1,-1,-1
1744,643,1706.13,415.26,24.62,53.35,0.6645,1,-1,-1
1744,644,1809.49,342.20,13.09,28.20,0.3666,1,-1,-1
1744,647,550.75,412.80,15.18,39.72,0.2894,1,-1,-1
1744,649,517.50,419.51,14.55,34.46,0.2674,1,-1,-1
1744,650,1427.97,432.17,19.64,48.35,0.6851,1,-1,-1
1744,632,653.86,387.02,15.07,33.44,0.4737,1,-1,-1
1744,653,1160.45,432.34,14.31,37.79,0.5804,1,-1,-1
1744,654,1683.55,408.56,22.46,57.84,0.5176,1,-1,-1
1744,655,1860.42,347.67,17.66,34.50,0.6197,1,-1,-1
1744,645,415.35,449.73,19.54,48.18,0.3603,1,-1,-1
1745,506,1832.67,349.94,15.18,31.56,0.4883,1,-1,-1
1745,570,1392.43,511.81,37.39,78.71,0.8382,1,-1,-1
1745,576,772.05,465.31,23.70,49.36,0.7009,1,-1,-1
1745,619,1397.51,591.23,40.19,83.14,0.7303,1,-1,-1
1745,283,1321.54,538.41,29.91,80.08,0.6415,1,-1,-1
1745,620,436.80,451.62,18.32,40.76,0.3124,1,-1,-1
1745,623,403.41,450.60,16.77,45.10,0.4776,1,-1,-1
1745,574,1596.67,427.26,21.70,47.29,0.3821,1,-1,-1
1745,640,1200.44,425.81,13.56,34.05,0.4455,1,-1,-1
1745,643,1704.86,415.13,24.70,53.79,0.6901,1,-1,-1
1745,644,1807.59,342.25,12.95,27.80,0.2878,1,-1,-1
1745,647,549.34,413.19,15.14,39.32,0.1950,1,-1,-1
1745,649,515.55,419.72,14.66,34.19,0.2539,1,-1,-1
1745,650,1427.88,432.04,19.52,47.69,0.6968,1,-1,-1
1745,632,651.71,386.51,15.25,33.61,0.4455,1,-1,-1
1745,653,1160.02,433.67,13.80,36.33,0.5448,1,-1,-1
1745,654,1683.50,408.09,22.12,57.30,0.3998,1,-1,-1
1745,655,1858.11,347.17,18.08,35.28,0.6610,1,-1,-1
1745,645,414.81,450.58,19.46,47.62,0.4064,1,-1,-1
1745,657,1114.18,437.06,16.78,48.19,0.5059,1,-1,-1
1746,506,1828.92,348.49,15.69,32.51,0.4436,1,-1,-1
1746,570,1392.55,511.79,38.10,78.03,0.8515,1,-1,-1
1746,576,769.66,465.83,23.43,48.64,0.6671,1,-1,-1
1746,619,1397.63,591.99,39.57,82.92,0.7846,1,-1,-1
1746,283,1319.06,538.33,32.80,88.73,0.6817,1,-1,-1
1746,620,435.63,453.45,18.05,40.46,0.3877,1,-1,-1
1746,623,400.85,450.51,16.96,45.36,0.5098,1,-1,-1
1746,574,1594.93,426.84,22.30,49.10,0.6289,1,-1,-1
1746,640,1198.42,425.84,14.10,35.43,0.4727,1,-1,-1
1746,643,1703.24,415.19,24.25,52.74,0.6783,1,-1,-1
1746,644,1803.74,339.89,13.96,30.06,0.2465,1,-1,-1
1746,647,547.20,413.26,15.68,40.60,0.1101,1,-1,-1
1746,649,513.59,420.56,14.51,33.50,0.3285,1,-1,-1
1746,650,1427.23,431.91,20.03,47.68,0.6885,1,-1,-1
1746,632,649.63,386.89,15.48,33.86,0.3099,1,-1,-1
1746,653,1157.71,432.27,14.05,37.11,0.6584,1,-1,-1
1746,654,1681.41,408.01,22.12,57.54,0.5195,1,-1,-1
1746,655,1855.60,346.18,18.32,35.55,0.5506,1,-1,-1
1746,645,414.21,450.81,19.13,46.74,0.3675,1,-1,-1
1746,657,1113.00,436.33,17.05,48.90,0.5936,1,-1,-1
1747,506,1826.92,348.25,15.60,32.39,0.4717,1,-1,-1
1747,570,1392.41,511.96,39.16,78.02,0.8485,1,-1,-1
1747,576,767.65,466.06,23.46,48.44,0.6758,1,-1,-1
1747,619,1397.96,592.10,39.22,83.17,0.7912,1,-1,-1
1747,283,1317.93,538.18,33.61,91.68,0.6610,1,-1,-1
1747,620,435.47,454.69,17.50,39.56,0.3657,1,-1,-1
1747,623,400.03,450.46,17.58,46.47,0.5020,1,-1,-1
1747,574,1593.49,426.78,22.33,49.78,0.6179,1,-1,-1
1747,640,1197.16,426.20,14.40,36.13,0.4026,1,-1,-1
1747,643,1701.50,414.09,24.79,53.82,0.6487,1,-1,-1
1747,644,1801.24,339.94,13.77,29.86,0.1993,1,-1,-1
1747,647,545.96,413.29,15.44,39.67,0.1019,1,-1,-1
1747,649,511.47,420.23,14.77,33.86,0.3225,1,-1,-1
1747,650,1426.72,431.65,20.55,47.59,0.6680,1,-1,-1
1747,632,647.82,386.59,16.12,35.23,0.3803,1,-1,-1
1747,653,1156.63,431.99,13.97,36.94,0.6826,1,-1,-1
1747,654,1679.35,406.92,22.98,59.47,0.4026,1,-1,-1
1747,655,1853.62,345.96,18.48,35.68,0.5516,1,-1,-1
1747,645,412.37,450.53,18.57,45.51,0.3225,1,-1,-1
1747,657,1112.79,436.18,17.18,49.03,0.5554,1,-1,-1
1748,506,1824.75,348.81,14.75,30.59,0.5506,1,-1,-1
1748,570,1390.92,511.89,40.30,78.30,0.8413,1,-1,-1
1748,576,765.37,466.89,23.08,47.45,0.6851,1,-1,-1
1748,619,1398.22,592.45,39.44,84.68,0.7873,1,-1,-1
1748,283,1316.40,537.98,34.56,95.29,0.6505,1,-1,-1
1748,620,433.92,452.85,17.99,40.88,0.5293,1,-1,-1
1748,623,397.87,450.75,17.70,46.65,0.3868,1,-1,-1
1748,574,1591.91,426.64,22.54,50.56,0.6123,1,-1,-1
1748,640,1195.41,426.00,14.01,35.13,0.5176,1,-1,-1
1748,643,1699.17,414.73,24.44,52.58,0.6352,1,-1,-1
1748,644,1799.15,342.52,12.99,28.01,0.1999,1,-1,-1
1748,647,543.89,413.53,15.09,38.53,0.1246,1,-1,-1
1748,649,509.54,419.55,15.06,34.51,0.3057,1,-1,-1
1748,650,1425.67,431.35,21.32,47.97,0.6968,1,-1,-1
1748,632,646.32,387.59,15.48,34.13,0.5535,1,-1,-1
1748,653,1155.15,431.95,14.05,36.91,0.6584,1,-1,-1
1748,654,1676.83,406.11,22.86,58.55,0.4756,1,-1,-1
1748,655,1851.97,346.66,17.84,34.64,0.4630,1,-1,-1
1748,645,411.06,451.00,18.23,44.60,0.3303,1,-1,-1
1748,657,1112.98,435.96,17.78,49.96,0.6160,1,-1,-1
1748,642,1123.88,540.22,114.09,46.92,0.5029,4,-1,-1
1749,506,1821.43,348.71,15.14,31.54,0.5390,1,-1,-1
1749,570,1389.02,511.72,41.20,78.64,0.8250,1,-1,-1
1749,576,762.43,466.89,23.46,47.91,0.6460,1,-1,-1
1749,619,1397.44,592.88,39.52,85.90,0.7592,1,-1,-1
1749,283,1316.16,538.20,34.85,95.70,0.7122,1,-1,-1
1749,620,432.38,452.07,18.27,41.51,0.5351,1,-1,-1
1749,623,395.72,451.32,17.66,46.49,0.5487,1,-1,-1
1749,574,1590.27,425.76,23.18,51.97,0.6442,1,-1,-1
1749,640,1193.57,426.22,14.21,35.52,0.4698,1,-1,-1
1749,643,1697.20,415.09,24.41,52.11,0.6689,1,-1,-1
1749,644,1794.92,340.45,14.19,30.67,0.3191,1,-1,-1
1749,647,540.63,413.42,15.76,40.01,0.5205,1,-1,-1
1749,649,506.45,418.42,15.73,35.38,0.3442,1,-1,-1
1749,650,1424.66,431.15,22.36,48.79,0.6575,1,-1,-1
1749,632,644.66,387.89,14.98,33.12,0.3989,1,-1,-1
1749,653,1153.66,434.84,13.10,34.34,0.6343,1,-1,-1
1749,654,1673.12,404.48,23.54,59.87,0.5612,1,-1,-1
1749,655,1847.35,346.32,18.36,35.68,0.6105,1,-1,-1
1749,645,410.60,449.92,18.54,45.26,0.3970,1,-1,-1
1749,657,1112.80,436.58,18.14,49.91,0.5993,1,-1,-1
1749,642,1122.16,540.46,114.01,47.02,0.4542,4,-1,-1
1750,506,1818.75,345.32,16.71,35.23,0.5467,1,-1,-1
1750,570,1387.82,511.31,42.02,79.13,0.8099,1,-1,-1
1750,576,760.71,466.98,23.58,47.84,0.6352,1,-1,-1
1750,619,1396.91,593.85,38.89,85.34,0.7476,1,-1,-1
1750,283,1315.80,538.77,35.10,95.57,0.7476,1,-1,-1
1750,620,431.45,451.60,18.28,41.11,0.5870,1,-1,-1
1750,623,394.03,451.00,17.78,46.94,0.6179,1,-1,-1
1750,574,1588.50,425.68,23.25,51.93,0.4961,1,-1,-1
1750,640,1192.00,426.15,14.08,34.73,0.4417,1,-1,-1
1750,643,1695.39,414.94,24.33,51.82,0.6663,1,-1,-1
1750,644,1792.43,337.91,15.21,33.06,0.1192,1,-1,-1
1750,647,538.26,414.35,15.79,39.70,0.2187,1,-1,-1
1750,649,504.12,418.55,15.77,35.15,0.4140,1,-1,-1
1750,650,1424.45,431.62,22.78,48.37,0.5708,1,-1,-1
1750,632,643.38,388.10,14.80,32.62,0.3513,1,-1,-1
1750,653,1152.63,435.83,12.75,33.44,0.6540,1,-1,-1
1750,654,1671.36,404.76,23.55,59.74,0.5936,1,-1,-1
1750,655,1844.90,345.23,18.68,36.19,0.6197,1,-1,-1
1750,645,409.06,448.64,19.25,47.13,0.5341,1,-1,-1
1750,657,1111.58,437.48,18.25,48.87,0.6252,1,-1,-1
1750,642,1120.92,540.82,113.12,46.62,0.3183,4,-1,-1
1751,506,1815.40,344.99,16.87,35.88,0.5429,1,-1,-1
1751,570,1386.83,511.09,41.89,77.82,0.7813,1,-1,-1
1751,576,758.02,466.55,23.82,48.28,0.6252,1,-1,-1
1751,619,1395.85,594.38,37.99,84.37,0.7746,1,-1,-1
1751,283,1314.71,539.24,35.14,94.91,0.7387,1,-1,-1
1751,620,431.30,452.26,17.81,39.53,0.6169,1,-1,-1
1751,623,393.13,450.75,17.68,46.73,0.5898,1,-1,-1
1751,574,1586.62,426.00,23.32,51.27,0.6123,1,-1,-1
1751,640,1190.61,426.37,13.37,32.60,0.4494,1,-1,-1
1751,643,1692.85,414.23,24.35,51.96,0.6487,1,-1,-1
1751,644,1789.79,339.32,14.39,31.30,0.1716,1,-1,-1
1751,647,535.77,415.22,16.01,40.35,0.2531,1,-1,-1
1751,649,501.90,419.61,15.47,34.28,0.4465,1,-1,-1
1751,650,1424.16,431.94,23.18,48.56,0.5974,1,-1,-1
1751,632,640.65,387.17,14.96,32.71,0.2494,1,-1,-1
1751,653,1151.20,436.66,12.62,33.13,0.6234,1,-1,-1
1751,654,1670.66,406.40,22.57,57.17,0.4971,1,-1,-1
1751,655,1842.17,345.46,18.33,35.51,0.5361,1,-1,-1
1751,645,406.95,448.34,19.40,47.49,0.4795,1,-1,-1
1751,657,1110.79,437.94,18.33,47.93,0.5860,1,-1,-1
1751,642,1118.71,541.15,113.72,46.96,0.4149,4,-1,-1
1751,658,1428.39,431.84,20.13,45.33,0.5631,1,-1,-1
1752,506,1813.62,346.72,16.05,34.15,0.4359,1,-1,-1
1752,570,1386.19,510.83,42.10,77.53,0.7746,1,-1,-1
1752,576,756.46,466.59,23.64,48.13,0.6252,1,-1,-1
1752,619,1395.27,594.35,37.40,83.97,0.7635,1,-1,-1
1752,283,1313.72,539.48,35.33,94.74,0.7295,1,-1,-1
1752,620,430.07,452.26,17.96,38.91,0.4737,1,-1,-1
1752,623,391.92,451.99,17.29,45.29,0.5390,1,-1,-1
1752,574,1585.42,426.25,23.52,51.22,0.6206,1,-1,-1
1752,640,1188.99,426.07,13.05,31.69,0.4756,1,-1,-1
1752,643,1691.29,413.82,24.66,52.75,0.6593,1,-1,-1
1752,647,534.26,414.75,16.28,41.28,0.2830,1,-1,-1
1752,649,500.47,420.48,15.24,33.77,0.4349,1,-1,-1
1752,650,1424.14,431.76,23.54,48.82,0.4417,1,-1,-1
1752,632,638.77,387.68,14.85,32.05,0.1168,1,-1,-1
1752,653,1150.02,437.89,12.28,32.00,0.6197,1,-1,-1
1752,654,1670.29,405.93,22.42,56.65,0.4330,1,-1,-1
1752,655,1839.99,345.12,18.40,35.49,0.5117,1,-1,-1
1752,645,405.31,448.91,19.43,47.46,0.4254,1,-1,-1
1752,657,1110.80,438.17,18.15,46.88,0.5860,1,-1,-1
1752,642,1117.58,541.15,113.64,47.07,0.4649,4,-1,-1
1752,658,1428.46,431.91,19.88,44.86,0.5332,1,-1,-1
1753,506,1811.02,348.13,14.94,31.88,0.5784,1,-1,-1
1753,570,1386.75,509.86,42.63,78.66,0.8228,1,-1,-1
1753,576,753.95,467.45,23.18,46.90,0.6289,1,-1,-1
1753,619,1393.51,592.44,38.01,86.31,0.7766,1,-1,-1
1753,283,1311.59,539.28,35.52,94.80,0.6976,1,-1,-1
1753,620,428.15,451.99,18.81,40.04,0.2134,1,-1,-1
1753,623,390.95,452.24,17.53,44.94,0.5234,1,-1,-1
1753,574,1583.17,424.61,24.41,52.89,0.5775,1,-1,-1
1753,640,1187.38,427.08,13.07,31.63,0.4581,1,-1,-1
1753,643,1688.89,414.47,24.29,51.79,0.5727,1,-1,-1
1753,647,531.80,414.60,16.24,41.09,0.3504,1,-1,-1
1753,649,498.06,419.97,15.41,34.22,0.4301,1,-1,-1
1753,650,1425.23,431.93,22.63,47.25,0.5842,1,-1,-1
1753,632,636.35,387.64,15.34,32.99,0.3090,1,-1,-1
1753,653,1147.94,438.45,12.09,31.28,0.6123,1,-1,-1
1753,654,1667.08,403.49,23.70,60.18,0.1371,1,-1,-1
1753,655,1836.77,346.29,18.06,34.47,0.5332,1,-1,-1
1753,645,403.70,449.73,18.80,45.67,0.2568,1,-1,-1
1753,657,1108.80,437.73,18.64,47.35,0.6197,1,-1,-1
1753,642,1115.49,540.88,113.74,47.26,0.4225,4,-1,-1
1753,658,1428.08,433.12,22.75,51.50,0.1535,1,-1,-1
1754,506,1807.89,347.22,15.34,32.76,0.5254,1,-1,-1
1754,570,1388.27,509.41,42.34,78.97,0.8328,1,-1,-1
1754,576,750.91,466.46,23.75,47.79,0.6280,1,-1,-1
1754,619,1392.62,591.63,37.70,86.62,0.7280,1,-1,-1
1754,283,1309.31,538.17,36.18,96.66,0.7130,1,-1,-1
1754,620,426.11,452.56,19.02,40.00,0.2636,1,-1,-1
1754,623,390.47,452.62,17.59,44.61,0.3877,1,-1,-1
1754,574,1582.25,420.94,25.11,54.72,0.1192,1,-1,-1
1754,640,1185.36,426.91,12.96,31.06,0.4417,1,-1,-1
1754,643,1686.48,414.48,24.13,51.35,0.6215,1,-1,-1
1754,647,529.55,414.88,16.22,41.10,0.4932,1,-1,-1
1754,649,495.11,419.74,15.75,34.62,0.4552,1,-1,-1
1754,650,1426.92,432.28,21.77,46.31,0.5156,1,-1,-1
1754,632,633.94,388.13,15.43,33.17,0.4158,1,-1,-1
1754,653,1146.33,437.30,12.59,32.37,0.5936,1,-1,-1
1754,654,1663.64,403.37,24.03,60.68,0.4504,1,-1,-1
1754,655,1833.66,345.42,18.34,34.72,0.6540,1,-1,-1
1754,645,402.00,450.66,18.83,45.73,0.1919,1,-1,-1
1754,657,1107.35,437.33,19.21,48.42,0.6487,1,-1,-1
1754,642,1112.84,541.12,113.67,47.16,0.6002,4,-1,-1
1754,658,1429.03,438.60,22.45,50.96,0.1408,1,-1,-1
1755,506,1805.12,345.14,16.14,34.66,0.5049,1,-1,-1
1755,570,1389.84,509.13,41.69,78.81,0.8216,1,-1,-1
1755,576,749.14,465.68,24.31,49.00,0.6424,1,-1,-1
1755,619,1391.86,591.13,37.36,87.01,0.7592,1,-1,-1
1755,283,1307.50,537.60,36.33,97.31,0.7379,1,-1,-1
1755,620,424.77,451.40,19.37,40.25,0.2886,1,-1,-1
1755,623,390.59,452.78,17.96,44.53,0.3251,1,-1,-1
1755,574,1581.72,426.66,23.37,49.64,0.3666,1,-1,-1
1755,640,1184.16,428.01,12.77,30.43,0.3961,1,-1,-1
1755,643,1684.86,414.21,24.21,51.50,0.5917,1,-1,-1
1755,647,526.56,414.87,16.92,42.83,0.5631,1,-1,-1
1755,649,493.10,419.01,16.33,35.31,0.5117,1,-1,-1
1755,650,1426.75,432.82,21.97,46.72,0.4756,1,-1,-1
1755,632,632.36,388.19,15.45,33.10,0.2465,1,-1,-1
1755,653,1145.53,436.30,13.11,33.11,0.5117,1,-1,-1
1755,654,1661.75,403.09,24.28,61.27,0.5860,1,-1,-1
1755,655,1831.65,345.19,18.34,34.45,0.5993,1,-1,-1
1755,645,400.63,450.33,18.55,45.01,0.2509,2,-1,-1
1755,657,1107.13,436.90,19.47,48.95,0.6289,1,-1,-1
1755,642,1111.89,541.04,113.24,46.94,0.5804,4,-1,-1
1755,658,1428.78,439.22,23.75,54.28,0.1931,1,-1,-1
1756,506,1802.56,347.50,14.84,31.81,0.4844,1,-1,-1
1756,570,1391.85,507.05,41.49,80.46,0.7556,1,-1,-1
1756,576,746.47,465.84,24.62,49.75,0.6114,1,-1,-1
1756,619,1390.14,591.23,37.03,86.83,0.8216,1,-1,-1
1756,283,1305.42,537.88,36.13,96.92,0.7162,1,-1,-1
1756,620,421.61,449.69,20.02,41.68,0.1238,1,-1,-1
1756,623,390.90,452.44,19.08,45.50,0.4766,1,-1,-1
1756,574,1580.92,426.16,23.57,50.24,0.4417,1,-1,-1
1756,640,1181.40,426.88,13.52,31.88,0.2902,1,-1,-1
1756,643,1681.67,414.58,24.33,51.98,0.6049,1,-1,-1
1756,647,524.39,414.57,16.30,41.10,0.3739,1,-1,-1
1756,649,490.38,419.36,16.12,34.64,0.5117,1,-1,-1
1756,650,1426.51,431.57,21.86,46.84,0.5554,1,-1,-1
1756,632,629.83,387.89,15.80,33.93,0.3748,1,-1,-1
1756,653,1142.66,436.36,13.22,33.11,0.5438,1,-1,-1
1756,654,1660.05,404.48,23.62,59.78,0.4824,1,-1,-1
1756,655,1828.74,345.00,18.14,34.15,0.5380,1,-1,-1
1756,645,397.27,449.70,19.52,47.19,0.3090,1,-1,-1
1756,657,1106.99,435.96,19.73,49.94,0.7146,1,-1,-1
1756,642,1109.78,540.48,109.70,45.60,0.4727,4,-1,-1
1756,658,1427.46,440.58,23.84,54.93,0.1634,1,-1,-1
1757,506,1800.46,346.66,15.29,32.80,0.5784,1,-1,-1
1757,570,1393.04,506.19,40.71,81.00,0.7318,1,-1,-1
1757,576,745.36,466.40,24.21,48.96,0.6298,1,-1,-1
1757,619,1388.64,591.34,36.83,86.80,0.8026,1,-1,-1
1757,283,1303.63,538.21,35.72,96.18,0.6968,1,-1,-1
1757,620,420.54,449.39,20.15,42.05,0.1999,1,-1,-1
1757,623,388.25,451.74,20.08,46.23,0.4388,1,-1,-1
1757,574,1580.84,428.52,22.44,47.77,0.4990,1,-1,-1
1757,640,1179.89,425.39,13.09,30.37,0.2330,2,-1,-1
1757,643,1679.28,413.02,25.21,54.15,0.6469,1,-1,-1
1757,647,523.05,415.01,16.06,40.52,0.4330,1,-1,-1
1757,649,488.95,420.35,15.77,33.63,0.4941,1,-1,-1
1757,650,1426.75,430.52,21.36,45.98,0.5117,1,-1,-1
1757,632,628.50,388.51,15.33,32.97,0.2926,1,-1,-1
1757,653,1141.13,436.45,13.25,33.03,0.5974,1,-1,-1
1757,654,1659.03,405.56,22.76,57.69,0.5631,1,-1,-1
1757,655,1826.81,345.38,17.96,33.74,0.4707,1,-1,-1
1757,645,396.99,449.31,19.37,46.43,0.1871,1,-1,-1
1757,657,1107.09,435.53,19.67,50.18,0.7130,1,-1,-1
1757,642,1109.78,540.33,104.32,43.17,0.4941,4,-1,-1
1757,658,1427.83,447.22,21.57,49.84,0.1505,1,-1,-1
1758,506,1797.62,347.62,14.71,31.56,0.5574,1,-1,-1
1758,570,1393.47,506.61,39.35,80.13,0.7454,1,-1,-1
1758,576,743.58,466.80,23.77,48.15,0.5574,1,-1,-1
1758,619,1386.16,591.05,36.67,86.54,0.7807,1,-1,-1
1758,283,1301.90,538.00,35.12,95.12,0.6697,1,-1,-1
1758,623,387.96,451.61,20.27,46.60,0.4036,1,-1,-1
1758,574,1579.66,430.51,21.48,45.47,0.3812,1,-1,-1
1758,640,1178.19,424.43,12.65,28.97,0.1877,1,-1,-1
1758,643,1676.26,413.83,24.96,53.43,0.5936,1,-1,-1
1758,647,521.03,414.44,16.61,41.86,0.3998,1,-1,-1
1758,649,486.38,420.08,16.10,34.21,0.5361,1,-1,-1
1758,650,1428.00,428.43,20.14,43.70,0.3469,1,-1,-1
1758,632,626.22,389.44,15.01,32.02,0.2509,1,-1,-1
1758,653,1139.71,436.12,13.48,33.27,0.6049,1,-1,-1
1758,654,1656.38,404.26,23.22,59.05,0.4610,1,-1,-1
1758,655,1823.38,345.81,17.90,33.47,0.5765,1,-1,-1
1758,645,394.38,449.45,19.64,47.13,0.2531,1,-1,-1
1758,657,1106.96,435.46,19.60,50.41,0.7194,1,-1,-1
1758,642,1108.21,539.80,106.63,44.15,0.4630,4,-1,-1
1758,658,1426.15,449.85,21.04,48.41,0.1561,1,-1,-1
1759,506,1794.39,344.77,15.78,34.07,0.5409,1,-1,-1
1759,570,1393.03,507.29,37.89,78.21,0.7409,1,-1,-1
1759,576,741.03,467.23,23.47,47.28,0.6451,1,-1,-1
1759,619,1383.93,590.97,36.56,86.67,0.7753,1,-1,-1
1759,283,1299.24,538.05,35.17,95.53,0.6868,1,-1,-1
1759,623,386.22,451.63,20.42,46.97,0.4407,1,-1,-1
1759,574,1578.60,431.28,21.00,44.48,0.3260,1,-1,-1
1759,640,1176.49,425.27,12.74,29.20,0.2854,1,-1,-1
1759,643,1674.24,413.76,24.29,52.27,0.5823,1,-1,-1
1759,647,518.84,414.90,16.27,40.85,0.2918,1,-1,-1
1759,649,483.35,419.38,16.35,34.37,0.3504,1,-1,-1
1759,650,1428.52,427.92,19.44,42.53,0.3433,1,-1,-1
1759,632,623.31,390.34,15.55,33.09,0.3720,1,-1,-1
1759,653,1137.75,436.16,13.46,33.03,0.5429,1,-1,-1
1759,654,1652.63,404.67,23.36,58.92,0.5936,1,-1,-1
1759,655,1820.67,345.68,17.56,32.81,0.5879,1,-1,-1
1759,645,392.10,449.24,19.92,48.26,0.2689,1,-1,-1
1759,657,1107.11,435.29,19.14,49.73,0.6984,1,-1,-1
1759,642,1107.71,539.54,103.65,42.69,0.6179,4,-1,-1
1759,658,1423.71,441.43,24.53,56.61,0.2394,1,-1,-1
1760,506,1791.22,342.52,16.68,36.29,0.5554,1,-1,-1
1760,570,1392.31,507.75,36.88,77.37,0.7439,1,-1,-1
1760,576,739.58,467.08,23.44,47.18,0.6123,1,-1,-1
1760,619,1381.76,590.88,36.22,86.22,0.7912,1,-1,-1
1760,283,1299.23,538.30,34.14,93.68,0.6142,1,-1,-1
1760,623,386.23,451.86,20.14,46.74,0.3065,1,-1,-1
1760,574,1576.98,430.30,20.97,44.55,0.1755,1,-1,-1
1760,640,1175.47,426.58,12.37,28.29,0.3024,1,-1,-1
1760,643,1672.62,413.68,24.08,51.94,0.6160,1,-1,-1
1760,647,516.77,415.07,16.62,41.79,0.4542,1,-1,-1
1760,649,481.27,418.62,16.91,35.21,0.4523,1,-1,-1
1760,650,1428.89,427.99,18.78,41.37,0.2666,1,-1,-1
1760,632,621.48,390.47,15.26,32.63,0.4036,1,-1,-1
1760,653,1136.25,434.97,13.52,33.32,0.5727,1,-1,-1
1760,654,1650.56,405.69,22.96,57.30,0.6142,1,-1,-1
1760,655,1818.37,346.05,17.29,32.26,0.5380,1,-1,-1
1760,645,391.60,449.55,19.69,47.96,0.3425,1,-1,-1
1760,657,1107.16,435.25,18.61,48.85,0.6645,1,-1,-1
1760,642,1106.89,539.69,100.38,40.91,0.6558,4,-1,-1
1760,658,1422.31,438.10,25.94,59.95,0.1956,1,-1,-1
1761,506,1788.64,344.32,15.86,34.55,0.5784,1,-1,-1
1761,570,1391.45,507.93,36.21,76.95,0.7712,1,-1,-1
1761,576,736.69,465.98,24.45,49.13,0.6243,1,-1,-1
1761,619,1379.08,591.01,35.60,85.79,0.7780,1,-1,-1
1761,283,1297.31,537.79,34.74,95.84,0.5400,1,-1,-1
1761,623,385.49,451.25,20.29,47.05,0.2636,1,-1,-1
1761,640,1173.27,428.34,13.59,31.16,0.3648,1,-1,-1
1761,643,1669.36,412.18,24.70,53.83,0.6451,1,-1,-1
1761,647,513.83,415.36,16.64,41.83,0.4292,1,-1,-1
1761,649,478.83,419.14,16.71,34.78,0.4727,1,-1,-1
1761,650,1427.89,428.77,19.76,43.76,0.2674,1,-1,-1
1761,632,619.44,390.07,15.15,32.46,0.4017,1,-1,-1
1761,653,1134.82,433.48,14.04,34.75,0.5955,1,-1,-1
1761,654,1648.71,406.01,22.72,56.73,0.5823,1,-1,-1
1761,655,1815.36,345.65,17.65,32.89,0.5205,1,-1,-1
1761,645,390.50,449.98,19.32,47.07,0.2910,1,-1,-1
1761,657,1106.01,435.02,18.87,49.27,0.6817,1,-1,-1
1761,642,1101.24,539.86,105.28,42.91,0.6215,4,-1,-1
1761,658,1420.44,436.01,27.09,62.52,0.2254,1,-1,-1
1762,506,1786.65,345.05,15.63,34.03,0.5746,1,-1,-1
1762,570,1390.93,508.26,35.93,76.87,0.7886,1,-1,-1
1762,576,735.29,465.87,24.46,49.28,0.6021,1,-1,-1
1762,619,1377.71,590.52,34.96,85.40,0.7712,1,-1,-1
1762,283,1297.31,537.98,34.25,95.39,0.5660,1,-1,-1
1762,623,383.65,451.71,19.88,46.50,0.1865,1,-1,-1
1762,640,1171.89,428.58,13.48,30.74,0.3183,1,-1,-1
1762,643,1667.66,411.44,24.71,54.24,0.6680,1,-1,-1
1762,647,512.18,415.01,16.68,41.99,0.5137,1,-1,-1
1762,649,477.00,419.18,16.74,34.83,0.5341,1,-1,-1
1762,650,1426.45,428.91,20.87,46.16,0.2806,1,-1,-1
1762,632,617.96,389.34,14.91,31.96,0.4562,1,-1,-1
1762,653,1133.24,430.94,15.13,37.68,0.6225,1,-1,-1
1762,654,1647.42,405.72,22.56,56.27,0.6610,1,-1,-1
1762,655,1812.43,344.08,18.74,34.89,0.5215,1,-1,-1
1762,645,388.93,450.47,18.14,44.31,0.2063,1,-1,-1
1762,657,1105.33,434.75,19.18,49.59,0.6766,1,-1,-1
1762,642,1096.58,539.83,110.52,45.23,0.5593,4,-1,-1
1762,658,1419.44,434.34,27.69,63.80,0.3372,1,-1,-1
1763,506,1782.63,338.27,18.30,40.65,0.5127,1,-1,-1
1763,570,1390.00,508.38,35.94,77.16,0.8026,1,-1,-1
1763,576,732.42,465.71,24.26,48.90,0.6234,1,-1,-1
1763,619,1375.45,590.05,34.42,85.24,0.7820,1,-1,-1
1763,283,1295.39,537.71,34.36,95.40,0.6179,1,-1,-1
1763,623,383.88,451.57,19.49,45.50,0.2509,1,-1,-1
1763,640,1169.60,428.60,14.58,33.27,0.2621,1,-1,-1
1763,643,1665.25,412.06,23.73,51.91,0.6379,1,-1,-1
1763,647,509.65,414.54,17.22,43.32,0.4130,1,-1,-1
1763,649,475.17,420.71,16.24,33.78,0.4883,1,-1,-1
1763,650,1425.56,430.12,20.52,44.18,0.1246,1,-1,-1
1763,632,615.55,389.76,14.23,30.36,0.2095,1,-1,-1
1763,653,1131.35,431.20,15.31,37.94,0.5679,1,-1,-1
1763,654,1644.83,404.95,22.98,57.35,0.5068,1,-1,-1
1763,655,1809.46,343.11,18.95,35.19,0.5898,1,-1,-1
1763,645,388.52,450.92,19.10,46.47,0.2012,1,-1,-1
1763,657,1104.62,435.24,19.43,49.21,0.6800,1,-1,-1
1763,642,1094.24,540.13,109.33,44.83,0.4465,4,-1,-1
1763,658,1420.48,436.52,26.48,60.59,0.1136,1,-1,-1
1763,620,409.40,451.68,20.54,43.82,0.5010,1,-1,-1
1764,506,1778.80,335.76,18.97,42.54,0.5477,1,-1,-1
1764,570,1388.97,508.00,36.11,77.67,0.8001,1,-1,-1
1764,576,729.60,465.78,24.22,48.55,0.6415,1,-1,-1
1764,619,1372.70,589.31,34.15,85.55,0.7364,1,-1,-1
1764,283,1292.46,537.55,34.69,94.65,0.7491,1,-1,-1
1764,623,382.01,451.09,19.25,45.09,0.4177,1,-1,-1
1764,640,1166.89,428.74,15.75,35.82,0.1156,1,-1,-1
1764,643,1662.91,411.67,23.31,51.05,0.6252,1,-1,-1
1764,647,507.67,415.34,16.44,41.28,0.3666,1,-1,-1
1764,649,472.19,420.14,16.49,34.43,0.5370,1,-1,-1
1764,650,1427.73,430.77,19.59,42.76,0.3191,1,-1,-1
1764,632,612.53,389.77,14.56,30.88,0.3157,1,-1,-1
1764,653,1129.13,428.21,16.32,40.49,0.6049,1,-1,-1
1764,654,1640.88,404.49,23.32,57.93,0.5708,1,-1,-1
1764,655,1806.33,344.46,18.14,33.48,0.5458,1,-1,-1
1764,645,387.44,451.59,18.72,44.92,0.1535,1,-1,-1
1764,657,1102.18,435.42,20.52,50.41,0.7202,1,-1,-1
1764,642,1092.51,539.58,112.57,46.45,0.3730,4,-1,-1
1764,658,1420.92,434.28,26.46,60.33,0.1086,1,-1,-1
1764,620,407.31,451.63,19.87,43.17,0.4902,1,-1,-1
1765,506,1776.87,337.00,17.92,40.62,0.5400,1,-1,-1
1765,570,1388.32,507.61,36.01,77.56,0.7950,1,-1,-1
1765,576,727.47,465.22,24.66,49.06,0.6424,1,-1,-1
1765,619,1371.17,589.17,33.73,85.45,0.7513,1,-1,-1
1765,283,1291.00,537.43,35.15,94.56,0.7592,1,-1,-1
1765,623,381.45,450.96,19.06,44.62,0.3442,1,-1,-1
1765,640,1165.56,429.17,16.04,36.62,0.1968,1,-1,-1
1765,643,1660.19,411.27,23.45,50.95,0.6505,1,-1,-1
1765,647,506.17,415.62,16.16,39.95,0.3191,1,-1,-1
1765,649,470.35,420.55,16.50,34.34,0.5059,1,-1,-1
1765,650,1428.23,431.18,18.94,41.60,0.2546,1,-1,-1
1765,632,610.78,389.57,14.65,31.17,0.4130,1,-1,-1
1765,653,1127.72,428.23,16.23,40.16,0.6270,1,-1,-1
1765,654,1638.69,404.62,23.33,57.77,0.5955,1,-1,-1
1765,655,1804.06,345.18,17.85,32.81,0.4902,1,-1,-1
1765,645,385.55,452.50,19.12,45.01,0.1124,1,-1,-1
1765,657,1100.82,435.80,21.15,50.49,0.6893,1,-1,-1
1765,642,1091.52,539.41,113.16,46.96,0.4484,4,-1,-1
1765,658,1424.18,431.90,24.91,57.71,0.2379,2,-1,-1
1765,620,406.02,452.42,19.39,42.65,0.4494,1,-1,-1
1766,506,1774.90,342.28,15.64,35.26,0.5974,1,-1,-1
1766,570,1387.54,507.69,35.40,76.46,0.8050,1,-1,-1
1766,576,725.39,464.76,25.31,50.30,0.7249,1,-1,-1
1766,619,1368.68,588.80,33.75,86.19,0.7925,1,-1,-1
1766,283,1288.66,537.41,35.84,94.72,0.7311,1,-1,-1
1766,623,380.37,450.31,19.00,44.34,0.2744,1,-1,-1
1766,640,1163.97,429.35,15.38,35.53,0.4571,1,-1,-1
1766,643,1657.42,410.65,23.48,51.04,0.7050,1,-1,-1
1766,647,502.76,415.84,17.10,41.90,0.3989,1,-1,-1
1766,649,467.83,420.16,16.59,34.41,0.3711,1,-1,-1
1766,650,1427.61,430.94,18.88,41.78,0.4216,1,-1,-1
1766,632,608.58,389.64,14.76,31.54,0.3531,1,-1,-1
1766,653,1126.60,431.26,15.31,37.31,0.4756,1,-1,-1
1766,654,1636.49,404.33,23.06,57.23,0.6487,1,-1,-1
1766,655,1800.60,345.04,18.31,33.49,0.5487,1,-1,-1
1766,645,383.44,449.68,18.42,43.52,0.2247,1,-1,-1
1766,657,1099.51,435.61,21.76,50.09,0.6343,1,-1,-1
1766,642,1094.25,538.99,101.65,41.69,0.5612,4,-1,-1
1766,658,1424.47,431.06,23.70,55.57,0.2050,2,-1,-1
1766,620,404.19,452.03,19.28,42.66,0.3260,1,-1,-1
1767,506,1773.51,344.70,14.62,32.71,0.5137,1,-1,-1
1767,570,1386.49,507.07,35.56,77.01,0.8013,1,-1,-1
1767,576,723.68,464.41,25.92,51.49,0.6792,1,-1,-1
1767,619,1367.38,588.75,33.48,86.09,0.8001,1,-1,-1
1767,283,1286.94,537.39,36.33,94.73,0.7549,1,-1,-1
1767,623,379.78,451.08,18.84,43.97,0.4378,1,-1,-1
1767,640,1162.62,429.39,15.51,35.99,0.4263,1,-1,-1
1767,643,1656.23,411.48,23.21,50.74,0.6868,1,-1,-1
1767,647,501.59,416.72,16.75,40.87,0.4873,1,-1,-1
1767,649,466.61,420.89,16.22,33.53,0.4863,1,-1,-1
1767,650,1426.77,430.52,18.84,41.96,0.4330,1,-1,-1
1767,632,606.84,389.12,14.87,31.70,0.3234,1,-1,-1
1767,653,1124.30,431.02,15.13,36.70,0.3895,1,-1,-1
1767,654,1635.18,404.24,22.91,56.92,0.6558,1,-1,-1
1767,655,1798.32,344.96,18.52,33.86,0.5746,1,-1,-1
1767,645,381.85,456.13,18.32,41.93,0.1281,1,-1,-1
1767,657,1098.33,435.15,22.64,51.02,0.6943,1,-1,-1
1767,642,1092.45,538.63,99.61,40.58,0.4311,4,-1,-1
1767,658,1424.60,430.28,22.37,52.86,0.2031,2,-1,-1
1767,620,403.36,452.48,18.50,41.27,0.4111,1,-1,-1
1768,506,1769.29,340.11,16.71,37.81,0.5708,1,-1,-1
1768,570,1385.18,506.31,35.72,77.56,0.7912,1,-1,-1
1768,576,721.21,464.95,25.62,51.10,0.6496,1,-1,-1
1768,619,1365.96,588.63,32.97,85.14,0.7976,1,-1,-1
1768,283,1285.41,537.29,36.53,94.21,0.7732,1,-1,-1
1768,623,380.09,451.11,18.00,42.24,0.4196,1,-1,-1
1768,640,1161.36,430.75,14.82,34.55,0.3684,1,-1,-1
1768,643,1653.21,410.09,23.75,51.98,0.6325,1,-1,-1
1768,647,499.39,416.66,16.64,40.56,0.4301,1,-1,-1
1768,649,464.47,422.20,15.82,32.72,0.5438,1,-1,-1
1768,650,1425.86,429.62,18.71,41.78,0.4766,1,-1,-1
1768,632,604.28,389.28,14.32,30.43,0.3630,1,-1,-1
1768,653,1123.16,431.40,14.99,36.53,0.5215,1,-1,-1
1768,654,1633.91,402.73,22.63,56.69,0.5860,1,-1,-1
1768,655,1795.31,343.83,18.75,34.36,0.5974,1,-1,-1
1768,645,380.56,457.30,18.51,42.49,0.4244,1,-1,-1
1768,657,1097.19,434.96,22.81,50.48,0.6558,1,-1,-1
1768,642,1089.45,538.73,99.57,40.38,0.5727,4,-1,-1
1768,620,403.73,452.57,17.79,40.39,0.5593,1,-1,-1
1768,660,365.02,454.87,17.32,44.46,0.5525,1,-1,-1
1769,506,1766.39,341.49,15.74,35.64,0.5727,1,-1,-1
1769,570,1384.12,505.71,35.24,77.38,0.7349,1,-1,-1
1769,576,718.77,465.57,25.59,51.19,0.5964,1,-1,-1
1769,619,1363.46,588.09,32.53,84.36,0.7628,1,-1,-1
1769,283,1283.68,537.36,36.70,93.16,0.7773,1,-1,-1
1769,623,380.34,451.72,16.51,38.73,0.4102,1,-1,-1
1769,640,1158.92,430.59,14.90,34.53,0.2659,1,-1,-1
1769,643,1650.82,409.74,23.77,52.05,0.6011,1,-1,-1
1769,647,497.18,415.98,16.48,39.99,0.4168,1,-1,-1
1769,649,461.58,421.23,16.06,33.40,0.5689,1,-1,-1
1769,650,1424.92,428.06,19.31,43.04,0.4187,1,-1,-1
1769,632,601.61,390.34,14.28,30.15,0.3970,1,-1,-1
1769,653,1122.30,431.41,15.12,37.12,0.4951,1,-1,-1
1769,654,1630.11,403.14,22.85,57.07,0.6325,1,-1,-1
1769,655,1792.22,344.81,18.32,33.56,0.4961,1,-1,-1
1769,645,380.43,461.83,16.94,38.75,0.2720,1,-1,-1
1769,657,1096.38,434.85,22.58,49.89,0.5879,1,-1,-1
1769,642,1086.12,538.56,99.40,40.05,0.4961,4,-1,-1
1769,620,402.81,453.74,17.04,38.82,0.4698,1,-1,-1
1769,660,365.59,453.73,17.59,45.05,0.4321,1,-1,-1
1770,506,1764.04,342.02,15.69,35.61,0.5860,1,-1,-1
1770,570,1383.75,504.35,34.79,77.69,0.7130,1,-1,-1
1770,576,717.43,465.56,24.99,49.81,0.6307,1,-1,-1
1770,619,1361.64,587.28,32.59,84.83,0.7614,1,-1,-1
1770,283,1282.66,536.91,37.41,94.25,0.7780,1,-1,-1
1770,623,380.22,452.07,16.96,40.07,0.3407,1,-1,-1
1770,640,1157.46,430.85,14.44,33.06,0.2154,2,-1,-1
1770,643,1648.81,410.34,23.69,51.70,0.6169,1,-1,-1
1770,647,496.03,416.48,16.92,41.14,0.4475,1,-1,-1
1770,649,459.55,421.58,16.26,33.68,0.5234,1,-1,-1
1770,650,1425.16,427.52,18.69,41.48,0.4282,1,-1,-1
1770,632,599.60,390.66,14.46,30.54,0.4455,1,-1,-1
1770,653,1121.84,432.67,14.70,36.34,0.4600,1,-1,-1
1770,654,1628.06,403.04,22.69,56.58,0.6451,1,-1,-1
1770,655,1789.46,344.36,18.55,33.71,0.4426,1,-1,-1
1770,645,379.16,462.97,16.54,38.16,0.3049,1,-1,-1
1770,657,1096.09,435.16,21.84,49.03,0.5936,1,-1,-1
1770,642,1082.61,538.64,106.01,42.79,0.5010,4,-1,-1
1770,620,401.53,453.41,16.98,38.68,0.4235,1,-1,-1
1770,660,368.90,452.49,17.36,44.48,0.4639,1,-1,-1
1771,506,1761.66,344.01,14.56,32.83,0.5341,1,-1,-1
1771,570,1383.64,503.33,34.15,77.99,0.6680,1,-1,-1
1771,576,715.67,465.36,24.95,49.84,0.6680,1,-1,-1
1771,619,1359.64,586.30,32.51,84.50,0.8111,1,-1,-1
1771,283,1280.43,537.12,37.93,94.44,0.7372,1,-1,-1
1771,623,379.90,451.97,17.48,41.56,0.3132,1,-1,-1
1771,640,1155.66,431.00,14.85,33.70,0.2114,1,-1,-1
1771,643,1646.00,411.42,23.33,51.29,0.6800,1,-1,-1
1771,647,494.16,416.41,16.66,40.27,0.3208,1,-1,-1
1771,649,457.13,421.00,16.37,33.81,0.4064,1,-1,-1
1771,650,1424.55,426.55,19.20,42.36,0.4254,1,-1,-1
1771,632,597.78,391.30,13.73,29.26,0.3621,1,-1,-1
1771,653,1121.54,430.85,14.79,36.76,0.1842,1,-1,-1
1771,654,1625.97,403.31,22.55,56.73,0.7114,1,-1,-1
1771,655,1786.40,344.76,18.21,32.88,0.6067,1,-1,-1
1771,645,376.01,460.35,17.67,40.63,0.1432,1,-1,-1
1771,657,1096.73,433.61,21.80,49.86,0.6451,1,-1,-1
1771,642,1079.20,538.92,110.00,44.67,0.6197,4,-1,-1
1771,620,399.44,452.94,17.49,40.09,0.4766,1,-1,-1
1771,660,370.21,451.45,17.17,43.84,0.4795,1,-1,-1
1772,506,1759.14,341.04,15.51,35.18,0.5156,1,-1,-1
1772,570,1383.36,502.24,33.81,79.01,0.6289,1,-1,-1
1772,576,714.22,465.05,25.32,50.53,0.6860,1,-1,-1
1772,619,1358.05,585.74,32.51,84.20,0.8434,1,-1,-1
1772,283,1278.46,537.80,37.94,93.45,0.7549,1,-1,-1
1772,623,376.76,451.34,18.19,43.20,0.2154,1,-1,-1
1772,640,1154.80,430.41,15.75,35.27,0.2295,1,-1,-1
1772,643,1644.56,411.78,23.11,51.25,0.6918,1,-1,-1
1772,647,492.93,417.13,16.39,39.16,0.4225,1,-1,-1
1772,649,454.70,419.57,16.67,34.57,0.4311,1,-1,-1
1772,650,1425.08,426.29,18.49,40.33,0.3621,1,-1,-1
1772,632,596.05,390.96,13.84,29.47,0.3337,1,-1,-1
1772,653,1120.97,431.18,14.47,35.58,0.1303,1,-1,-1
1772,654,1624.92,403.52,22.09,55.84,0.7303,1,-1,-1
1772,655,1784.17,343.83,18.44,33.20,0.6049,1,-1,-1
1772,657,1096.94,433.26,21.21,49.53,0.6680,1,-1,-1
1772,642,1076.82,539.18,109.11,44.32,0.6732,4,-1,-1
1772,620,397.11,452.47,18.16,41.68,0.4941,1,-1,-1
1772,660,370.71,451.11,17.40,44.27,0.3702,1,-1,-1
1773,506,1755.61,339.47,16.06,36.53,0.5879,1,-1,-1
1773,570,1382.73,501.95,32.47,77.60,0.6834,1,-1,-1
1773,576,711.62,464.30,25.42,50.96,0.6817,1,-1,-1
1773,619,1355.92,584.87,32.71,84.51,0.8170,1,-1,-1
1773,283,1276.06,537.46,38.32,93.33,0.7663,1,-1,-1
1773,623,372.90,448.42,18.24,43.23,0.1380,1,-1,-1
1773,640,1152.83,430.38,15.94,35.15,0.2365,2,-1,-1
1773,643,1641.68,409.64,23.76,52.84,0.6715,1,-1,-1
1773,647,490.10,417.44,17.14,41.18,0.4990,1,-1,-1
1773,649,451.67,417.70,17.16,35.83,0.4475,1,-1,-1
1773,650,1425.67,426.17,18.21,39.67,0.3630,1,-1,-1
1773,632,593.34,390.07,14.21,30.05,0.2689,1,-1,-1
1773,653,1119.35,430.65,13.67,33.69,0.1727,1,-1,-1
1773,654,1622.57,403.36,22.13,56.29,0.7379,1,-1,-1
1773,655,1781.27,343.19,18.69,33.91,0.5117,1,-1,-1
1773,657,1096.63,433.12,20.82,49.71,0.6469,1,-1,-1
1773,642,1072.31,539.37,112.05,45.71,0.6343,4,-1,-1
1773,620,394.30,452.76,18.35,41.52,0.3886,1,-1,-1
1773,660,370.32,450.23,17.81,45.12,0.3531,1,-1,-1
1774,506,1752.94,343.08,14.62,33.22,0.5936,1,-1,-1
1774,570,1381.86,501.77,31.81,77.42,0.6215,1,-1,-1
1774,576,709.24,464.21,25.31,50.97,0.6234,1,-1,-1
1774,619,1353.03,584.37,32.76,84.49,0.8544,1,-1,-1
1774,283,1274.44,536.56,38.91,94.40,0.7178,1,-1,-1
1774,623,368.19,450.17,18.97,44.53,0.4707,1,-1,-1
1774,640,1150.89,432.97,15.38,33.56,0.1830,1,-1,-1
1774,643,1639.79,409.72,23.19,51.81,0.6415,1,-1,-1
1774,647,487.03,417.86,17.40,41.48,0.4149,1,-1,-1
1774,649,448.29,415.06,17.86,37.78,0.4659,1,-1,-1
1774,650,1425.75,426.64,18.36,40.11,0.3895,1,-1,-1
1774,632,590.56,390.84,13.92,28.97,0.1184,1,-1,-1
1774,653,1117.01,430.14,14.73,36.63,0.3251,1,-1,-1
1774,654,1620.03,402.78,22.41,57.15,0.5917,1,-1,-1
1774,655,1776.56,344.19,17.99,32.59,0.4513,1,-1,-1
1774,657,1096.01,433.37,20.51,49.78,0.6593,1,-1,-1
1774,642,1072.54,539.62,111.91,45.69,0.6584,4,-1,-1
1774,620,391.72,452.67,17.98,40.36,0.3821,1,-1,-1
1774,660,370.55,450.36,18.26,46.37,0.5000,1,-1,-1
1775,506,1750.86,344.81,13.92,31.52,0.5879,1,-1,-1
1775,570,1380.71,501.55,31.45,77.65,0.6610,1,-1,-1
1775,576,707.36,464.45,25.05,50.69,0.6433,1,-1,-1
1775,619,1350.62,583.61,33.00,85.11,0.8360,1,-1,-1
1775,283,1273.12,536.37,39.07,94.46,0.7364,1,-1,-1
1775,623,366.29,450.65,19.84,46.64,0.5361,1,-1,-1
1775,640,1149.75,434.34,15.14,32.61,0.2806,1,-1,-1
1775,643,1638.45,410.06,22.69,50.76,0.6179,1,-1,-1
1775,647,485.28,416.88,17.96,42.83,0.4785,1,-1,-1
1775,649,446.10,413.24,18.27,38.78,0.3979,1,-1,-1
1775,650,1425.63,427.27,18.59,40.70,0.3567,1,-1,-1
1775,653,1115.00,430.10,15.13,37.91,0.4130,1,-1,-1
1775,654,1616.74,403.43,22.59,57.42,0.6179,1,-1,-1
1775,655,1774.76,345.28,17.62,31.82,0.5554,1,-1,-1
1775,657,1095.48,433.57,20.06,49.46,0.6397,1,-1,-1
1775,642,1070.43,539.45,112.58,45.98,0.6179,4,-1,-1
1775,620,390.28,452.55,17.93,40.07,0.3337,2,-1,-1
1775,662,360.55,451.56,22.79,47.32,0.4912,1,-1,-1
1776,506,1747.96,343.22,14.39,32.71,0.5020,1,-1,-1
1776,570,1379.57,502.46,30.87,76.50,0.7098,1,-1,-1
1776,576,705.14,465.74,24.31,48.99,0.6783,1,-1,-1
1776,619,1348.31,583.20,33.13,85.39,0.7988,1,-1,-1
1776,283,1270.89,536.46,38.95,94.06,0.7712,1,-1,-1
1776,623,364.68,450.96,19.89,46.88,0.3748,1,-1,-1
1776,640,1146.97,432.68,15.05,31.66,0.1587,2,-1,-1
1776,643,1635.03,410.81,22.59,50.59,0.6469,1,-1,-1
1776,647,483.30,415.68,18.14,43.38,0.5487,1,-1,-1
1776,649,443.98,412.50,18.21,39.01,0.4513,1,-1,-1
1776,650,1425.71,427.59,18.44,40.53,0.3933,1,-1,-1
1776,653,1113.23,429.90,15.11,38.13,0.3702,1,-1,-1
1776,654,1614.83,404.14,21.97,55.88,0.7066,1,-1,-1
1776,655,1772.06,344.62,17.65,32.01,0.5283,1,-1,-1
1776,657,1094.82,433.88,20.04,49.11,0.6451,1,-1,-1
1776,642,1067.97,539.37,114.83,46.98,0.6549,4,-1,-1
1776,620,388.61,452.99,18.09,40.10,0.4187,1,-1,-1
1776,662,358.98,450.91,22.89,47.69,0.3504,1,-1,-1
1777,506,1745.45,341.35,15.30,34.84,0.5429,1,-1,-1
1777,570,1379.17,502.64,30.69,76.25,0.7379,1,-1,-1
1777,576,703.65,465.69,24.33,48.96,0.6766,1,-1,-1
1777,619,1346.54,582.71,33.19,85.35,0.8182,1,-1,-1
1777,283,1269.16,536.42,38.86,93.34,0.7564,1,-1,-1
1777,623,363.89,450.95,19.89,46.82,0.2302,1,-1,-1
1777,640,1145.32,431.85,15.99,33.18,0.1772,2,-1,-1
1777,643,1633.27,410.69,22.70,51.11,0.6918,1,-1,-1
1777,647,482.06,416.38,17.51,41.25,0.4111,1,-1,-1
1777,649,442.38,411.43,18.31,39.67,0.4092,1,-1,-1
1777,650,1425.72,427.90,18.41,40.78,0.4206,1,-1,-1
1777,653,1112.34,430.04,14.96,37.62,0.3886,1,-1,-1
1777,654,1613.27,403.72,22.21,56.55,0.7225,1,-1,-1
1777,655,1769.59,342.43,18.59,34.04,0.5390,1,-1,-1
1777,657,1094.14,433.57,20.41,49.30,0.6645,1,-1,-1
1777,642,1067.16,539.37,112.80,46.40,0.6234,4,-1,-1
1777,620,386.54,452.42,18.61,41.32,0.2561,2,-1,-1
1777,662,359.26,450.83,21.83,45.71,0.2854,1,-1,-1
1778,506,1742.47,339.16,16.02,36.77,0.4883,1,-1,-1
1778,570,1378.61,503.06,30.50,75.48,0.7571,1,-1,-1
1778,576,701.24,464.17,25.22,50.79,0.7249,1,-1,-1
1778,619,1343.54,582.34,33.13,85.01,0.8146,1,-1,-1
1778,283,1266.72,536.59,38.96,93.27,0.7476,1,-1,-1
1778,623,363.94,451.63,19.40,45.93,0.2659,1,-1,-1
1778,640,1143.80,431.66,16.37,34.07,0.1645,1,-1,-1
1778,643,1630.54,408.26,23.71,53.52,0.7146,1,-1,-1
1778,647,479.16,415.93,17.84,42.06,0.4504,1,-1,-1
1778,649,439.09,410.17,18.58,40.66,0.5593,1,-1,-1
1778,650,1425.68,427.91,18.49,41.33,0.4225,1,-1,-1
1778,653,1112.52,430.72,14.63,36.47,0.3675,1,-1,-1
1778,654,1611.59,403.84,21.71,55.29,0.7349,1,-1,-1
1778,655,1765.74,341.86,19.06,34.79,0.4026,1,-1,-1
1778,657,1093.32,433.63,20.81,49.25,0.5554,1,-1,-1
1778,642,1065.58,539.40,109.00,44.93,0.6179,4,-1,-1
1778,620,385.13,453.36,18.35,40.85,0.5293,1,-1,-1
1778,662,354.97,451.17,22.37,47.02,0.4688,1,-1,-1
1779,506,1739.31,341.79,15.09,34.59,0.5185,1,-1,-1
1779,570,1376.85,502.66,30.90,76.12,0.7484,1,-1,-1
1779,576,699.36,463.82,25.43,51.20,0.7202,1,-1,-1
1779,619,1340.19,581.80,33.44,85.49,0.8423,1,-1,-1
1779,283,1264.15,535.84,39.23,93.79,0.7409,1,-1,-1
1779,623,364.08,452.88,18.59,44.29,0.1931,1,-1,-1
1779,640,1141.20,432.21,15.63,32.25,0.1566,2,-1,-1
1779,643,1627.84,407.14,23.86,53.99,0.6215,1,-1,-1
1779,647,476.83,416.08,17.60,41.51,0.3711,1,-1,-1
1779,649,436.16,409.50,18.45,40.97,0.6289,1,-1,-1
1779,650,1425.09,427.84,19.58,44.29,0.4688,1,-1,-1
1779,653,1110.80,431.56,14.63,35.79,0.1739,1,-1,-1
1779,654,1609.31,402.84,22.25,56.70,0.7066,1,-1,-1
1779,655,1763.34,343.52,18.13,32.91,0.5487,1,-1,-1
1779,657,1092.23,433.65,21.08,49.02,0.4951,1,-1,-1
1779,642,1063.28,538.96,111.19,45.77,0.6478,4,-1,-1
1779,620,383.20,452.94,18.84,42.43,0.4465,1,-1,-1
1779,662,353.27,451.98,22.29,47.26,0.3381,1,-1,-1
1780,506,1736.70,340.89,15.53,35.70,0.4698,1,-1,-1
1780,570,1375.67,503.36,30.82,75.23,0.7326,1,-1,-1
1780,576,697.88,463.27,25.48,51.43,0.7295,1,-1,-1
1780,619,1337.26,581.77,33.45,85.05,0.8228,1,-1,-1
1780,283,1262.13,535.33,39.48,94.37,0.7513,1,-1,-1
1780,623,363.73,453.57,19.23,46.33,0.2330,1,-1,-1
1780,640,1139.03,433.74,16.00,32.63,0.1795,1,-1,-1
1780,643,1626.20,406.93,23.30,53.10,0.5842,1,-1,-1
1780,647,474.78,416.91,17.74,41.76,0.4397,1,-1,-1
1780,649,434.08,409.24,18.72,41.90,0.5351,1,-1,-1
1780,650,1424.93,428.11,19.80,45.10,0.4620,1,-1,-1
1780,653,1110.84,428.49,15.68,38.01,0.2358,1,-1,-1
1780,654,1607.03,402.72,22.67,57.49,0.6067,1,-1,-1
1780,655,1761.16,342.80,18.44,33.53,0.5390,1,-1,-1
1780,657,1091.01,433.81,21.67,49.23,0.5708,1,-1,-1
1780,642,1061.73,538.17,111.70,46.05,0.5574,4,-1,-1
1780,620,381.73,452.65,18.96,43.17,0.4513,1,-1,-1
1780,662,347.65,452.64,22.02,46.99,0.4717,1,-1,-1
1781,506,1733.38,336.78,17.11,39.56,0.5273,1,-1,-1
1781,570,1373.71,502.97,31.45,76.36,0.7469,1,-1,-1
1781,576,695.46,464.06,25.33,51.17,0.6943,1,-1,-1
1781,619,1334.11,582.15,33.46,83.89,0.8239,1,-1,-1
1781,283,1259.15,535.75,39.40,94.52,0.7424,1,-1,-1
1781,623,363.56,453.20,18.91,45.47,0.1442,1,-1,-1
1781,640,1136.60,433.96,16.40,32.92,0.1587,2,-1,-1
1781,643,1622.83,406.64,23.57,53.61,0.5651,1,-1,-1
1781,647,472.50,418.68,17.97,42.18,0.3390,1,-1,-1
1781,649,432.11,412.01,18.03,40.25,0.2365,1,-1,-1
1781,650,1423.55,427.52,20.89,47.93,0.4330,1,-1,-1
1781,654,1604.18,402.55,22.69,57.44,0.7082,1,-1,-1
1781,655,1757.88,342.37,18.65,33.88,0.5215,1,-1,-1
1781,657,1089.83,433.73,22.31,49.26,0.5727,1,-1,-1
1781,642,1058.06,538.16,111.12,45.94,0.2531,4,-1,-1
1781,620,379.33,452.92,18.91,43.52,0.4206,1,-1,-1
1781,662,345.77,452.92,21.96,47.51,0.4225,1,-1,-1
1782,506,1731.42,338.22,16.37,37.56,0.4883,1,-1,-1
1782,570,1372.74,501.60,31.98,77.52,0.7454,1,-1,-1
1782,576,693.71,464.11,25.14,50.73,0.7066,1,-1,-1
1782,619,1331.62,581.87,33.80,83.37,0.8434,1,-1,-1
1782,283,1256.80,535.39,39.08,94.34,0.7684,1,-1,-1
1782,623,359.63,452.57,18.51,43.87,0.1530,1,-1,-1
1782,640,1134.43,432.98,16.56,32.88,0.1689,2,-1,-1
1782,643,1621.46,407.00,23.32,52.99,0.5804,1,-1,-1
1782,647,471.25,419.34,17.65,40.94,0.2934,1,-1,-1
1782,649,429.74,412.75,18.09,40.36,0.4446,1,-1,-1
1782,650,1422.90,427.30,21.09,48.46,0.4863,1,-1,-1
1782,654,1602.60,402.57,22.60,57.17,0.7130,1,-1,-1
1782,655,1755.48,342.13,18.68,34.17,0.4639,1,-1,-1
1782,657,1088.73,433.67,22.93,49.25,0.6415,1,-1,-1
1782,642,1055.62,538.21,112.25,46.56,0.5107,4,-1,-1
1782,620,376.94,452.73,19.07,44.01,0.2967,1,-1,-1
1782,662,342.95,452.74,22.16,47.96,0.4168,1,-1,-1
1783,506,1728.73,338.17,16.32,37.53,0.5273,1,-1,-1
1783,570,1371.39,501.67,32.03,77.23,0.7642,1,-1,-1
1783,576,691.21,464.17,25.05,50.57,0.7287,1,-1,-1
1783,619,1328.24,581.89,34.20,83.72,0.8146,1,-1,-1
1783,283,1253.76,535.35,38.80,94.21,0.7592,1,-1,-1
1783,623,354.92,451.76,19.46,46.17,0.2012,1,-1,-1
1783,640,1131.98,433.12,16.69,32.96,0.1030,2,-1,-1
1783,643,1620.14,407.56,23.30,53.21,0.6558,1,-1,-1
1783,647,468.38,418.42,18.14,42.07,0.3166,1,-1,-1
1783,649,426.97,414.61,17.72,39.74,0.5127,1,-1,-1
1783,650,1420.83,426.84,24.62,57.02,0.4678,1,-1,-1
1783,654,1600.87,402.57,21.95,55.62,0.6951,1,-1,-1
1783,655,1751.98,341.59,18.97,34.62,0.5746,1,-1,-1
1783,657,1088.09,434.03,22.87,48.51,0.5898,1,-1,-1
1783,642,1054.69,537.98,110.61,46.05,0.6379,4,-1,-1
1783,620,374.88,452.00,19.71,45.61,0.4102,1,-1,-1
1783,662,338.54,453.10,22.29,48.29,0.4446,1,-1,-1
1784,506,1725.74,341.07,15.00,34.43,0.5029,1,-1,-1
1784,570,1370.47,501.04,32.22,77.41,0.7130,1,-1,-1
1784,576,688.59,463.85,25.45,51.59,0.6943,1,-1,-1
1784,619,1324.60,581.93,34.36,83.77,0.8111,1,-1,-1
1784,283,1250.56,535.12,38.43,93.91,0.7549,1,-1,-1
1784,623,354.82,452.14,19.38,46.35,0.3720,1,-1,-1
1784,640,1129.64,432.43,17.19,33.80,0.1105,2,-1,-1
1784,643,1617.02,406.33,23.79,54.27,0.5727,1,-1,-1
1784,647,464.91,417.27,18.77,43.55,0.3478,1,-1,-1
1784,649,424.06,415.96,17.61,40.21,0.5234,1,-1,-1
1784,650,1419.44,426.98,25.52,59.59,0.4562,1,-1,-1
1784,654,1598.81,402.42,21.62,54.56,0.6749,1,-1,-1
1784,655,1748.90,342.78,18.27,33.40,0.5708,1,-1,-1
1784,657,1087.54,433.21,22.82,48.70,0.5631,1,-1,-1
1784,642,1051.42,538.12,109.71,45.70,0.6610,4,-1,-1
1784,620,373.63,451.76,19.83,46.24,0.4668,1,-1,-1
1784,662,335.63,452.94,22.15,48.33,0.4397,1,-1,-1
1785,506,1723.98,340.84,14.91,34.37,0.4824,1,-1,-1
1785,570,1370.56,501.88,31.97,76.40,0.6826,1,-1,-1
1785,576,687.18,463.36,25.75,52.38,0.6809,1,-1,-1
1785,619,1322.04,581.55,34.54,84.00,0.8111,1,-1,-1
1785,283,1248.56,534.95,38.10,93.32,0.7691,1,-1,-1
1785,623,354.64,452.55,19.33,46.31,0.2846,1,-1,-1
1785,640,1127.82,432.65,17.06,33.41,0.1352,2,-1,-1
1785,643,1615.66,406.05,23.32,53.41,0.5804,1,-1,-1
1785,647,462.99,417.11,18.52,42.87,0.4064,1,-1,-1
1785,649,422.29,416.11,17.54,40.59,0.5341,1,-1,-1
1785,650,1418.65,428.83,25.57,60.51,0.5205,1,-1,-1
1785,654,1597.53,401.70,21.76,54.61,0.6697,1,-1,-1
1785,655,1746.57,343.03,17.97,32.96,0.4951,1,-1,-1
1785,657,1087.65,434.72,21.63,46.58,0.5516,1,-1,-1
1785,642,1051.43,538.19,110.63,45.90,0.6549,4,-1,-1
1785,620,372.25,452.12,19.33,45.56,0.3877,1,-1,-1
1785,662,334.41,452.81,22.26,48.77,0.4815,1,-1,-1
1786,506,1720.73,339.78,15.10,34.54,0.4620,1,-1,-1
1786,570,1369.81,501.00,31.53,75.48,0.7178,1,-1,-1
1786,576,685.06,461.78,26.39,54.11,0.6469,1,-1,-1
1786,619,1319.31,581.63,34.42,83.47,0.8306,1,-1,-1
1786,283,1245.23,534.29,38.41,94.06,0.7905,1,-1,-1
1786,640,1125.47,433.91,17.01,32.81,0.1002,2,-1,-1
1786,643,1612.75,407.14,23.08,52.40,0.6123,1,-1,-1
1786,647,461.44,420.21,17.82,40.99,0.3612,1,-1,-1
1786,650,1417.30,427.26,25.28,60.33,0.5234,1,-1,-1
1786,654,1593.72,401.62,22.04,55.27,0.7225,1,-1,-1
1786,655,1743.76,343.38,17.85,32.85,0.4206,1,-1,-1
1786,657,1087.45,433.99,22.01,47.91,0.5746,1,-1,-1
1786,642,1048.70,538.06,112.50,46.57,0.5380,4,-1,-1
1786,620,370.90,451.86,18.56,43.12,0.2187,1,-1,-1
1786,662,333.09,452.62,22.03,48.30,0.3775,1,-1,-1
1787,506,1718.17,336.78,16.07,37.00,0.5146,1,-1,-1
1787,570,1369.06,500.24,31.25,75.17,0.7303,1,-1,-1
1787,576,683.02,461.27,26.58,54.79,0.6697,1,-1,-1
1787,619,1317.55,581.86,33.90,81.98,0.8170,1,-1,-1
1787,283,1243.20,534.34,38.24,93.49,0.8044,1,-1,-1
1787,643,1611.02,407.60,23.01,52.35,0.6197,1,-1,-1
1787,647,459.80,421.39,18.45,42.04,0.2227,1,-1,-1
1787,650,1416.01,426.29,25.23,60.78,0.5176,1,-1,-1
1787,654,1592.18,402.57,21.48,53.88,0.7556,1,-1,-1
1787,655,1740.91,342.56,18.42,33.74,0.4581,1,-1,-1
1787,657,1087.51,433.23,22.23,49.20,0.5784,1,-1,-1
1787,642,1045.47,537.99,113.08,46.78,0.3630,4,-1,-1
1787,620,369.85,451.99,18.35,41.76,0.2261,1,-1,-1
1787,662,332.15,452.87,21.89,47.82,0.3320,1,-1,-1
1788,506,1715.79,341.50,14.63,33.29,0.4668,1,-1,-1
1788,570,1367.76,498.96,31.42,75.79,0.7542,1,-1,-1
1788,576,680.68,461.50,25.99,53.85,0.6415,1,-1,-1
1788,619,1314.61,581.72,33.95,82.13,0.8193,1,-1,-1
1788,283,1240.63,534.49,38.28,93.27,0.8007,1,-1,-1
1788,643,1609.03,408.06,23.24,53.01,0.6558,1,-1,-1
1788,647,457.55,421.68,18.10,40.86,0.2207,1,-1,-1
1788,650,1414.80,425.26,26.40,63.99,0.5322,1,-1,-1
1788,654,1589.37,401.86,22.03,55.46,0.7066,1,-1,-1
1788,655,1738.20,343.07,18.15,33.11,0.5312,1,-1,-1
1788,657,1086.61,433.28,21.67,49.31,0.5651,1,-1,-1
1788,642,1043.57,538.12,112.93,46.96,0.4206,4,-1,-1
1788,620,367.68,452.07,18.65,42.20,0.4216,1,-1,-1
1788,662,330.25,453.42,21.91,47.96,0.5068,1,-1,-1
1789,506,1712.22,338.34,15.78,36.21,0.5000,1,-1,-1
1789,570,1366.31,498.73,30.83,74.27,0.7614,1,-1,-1
1789,576,677.96,460.51,26.40,54.78,0.7058,1,-1,-1
1789,619,1310.89,581.57,33.44,81.00,0.7950,1,-1,-1
1789,283,1237.57,533.87,38.72,94.01,0.8193,1,-1,-1
1789,643,1605.84,406.53,23.71,54.22,0.6469,1,-1,-1
1789,647,452.98,420.99,22.57,51.63,0.1661,1,-1,-1
1789,650,1415.41,426.02,25.12,61.47,0.4883,1,-1,-1
1789,654,1586.21,401.27,22.39,56.29,0.6918,1,-1,-1
1789,655,1735.18,342.64,18.18,33.34,0.5010,1,-1,-1
1789,657,1085.94,432.83,20.94,48.58,0.5804,1,-1,-1
1789,642,1041.91,537.91,111.41,46.61,0.4407,4,-1,-1
1789,620,366.46,451.06,18.67,42.25,0.4158,1,-1,-1
1789,662,328.67,453.51,21.81,47.49,0.3961,1,-1,-1
1790,506,1710.26,338.69,15.87,36.46,0.5166,1,-1,-1
1790,570,1364.82,498.51,30.81,73.72,0.7766,1,-1,-1
1790,576,676.39,460.20,26.26,54.67,0.7341,1,-1,-1
1790,619,1308.87,580.99,33.13,80.03,0.8026,1,-1,-1
1790,283,1235.82,533.36,39.03,94.34,0.8135,1,-1,-1
1790,643,1604.09,406.21,23.73,54.03,0.6610,1,-1,-1
1790,647,450.14,419.41,20.64,47.19,0.3294,1,-1,-1
1790,650,1414.37,427.06,24.60,60.12,0.4465,1,-1,-1
1790,654,1584.10,400.60,22.87,57.21,0.6868,1,-1,-1
1790,655,1733.07,342.74,18.13,33.38,0.5361,1,-1,-1
1790,657,1085.54,432.19,20.71,48.64,0.5917,1,-1,-1
1790,642,1039.89,537.99,110.97,46.62,0.5322,4,-1,-1
1790,620,364.95,451.00,19.38,44.21,0.5107,1,-1,-1
1790,662,326.68,454.14,21.42,46.62,0.4513,1,-1,-1
1790,649,410.60,418.42,16.80,39.21,0.4961,1,-1,-1
1791,506,1706.85,336.82,16.28,37.67,0.5302,1,-1,-1
1791,570,1363.29,498.86,30.75,72.87,0.7988,1,-1,-1
1791,576,674.58,460.16,26.41,55.36,0.6960,1,-1,-1
1791,619,1305.82,580.17,33.16,80.14,0.7976,1,-1,-1
1791,283,1233.38,533.46,39.46,94.39,0.8099,1,-1,-1
1791,643,1601.70,406.82,23.00,52.20,0.6415,1,-1,-1
1791,647,449.62,422.23,18.08,40.71,0.2814,1,-1,-1
1791,650,1413.58,426.15,24.64,60.49,0.2666,1,-1,-1
1791,654,1581.10,399.58,23.08,57.81,0.7114,1,-1,-1
1791,655,1729.02,342.06,18.44,33.71,0.3648,1,-1,-1
1791,657,1084.47,432.27,20.28,48.07,0.5765,1,-1,-1
1791,642,1037.05,538.08,111.67,46.87,0.5059,4,-1,-1
1791,620,361.99,451.74,19.87,45.07,0.2531,1,-1,-1
1791,662,324.88,454.59,21.49,46.33,0.4737,1,-1,-1
1791,649,407.40,418.20,17.04,39.84,0.2056,1,-1,-1
1792,506,1704.91,336.79,16.34,38.07,0.5127,1,-1,-1
1792,570,1361.83,499.07,31.13,73.02,0.7833,1,-1,-1
1792,576,672.69,459.94,26.56,55.71,0.6352,1,-1,-1
1792,619,1303.43,579.23,33.50,80.91,0.7963,1,-1,-1
1792,283,1231.99,533.63,39.76,94.31,0.8146,1,-1,-1
1792,643,1599.54,407.21,22.66,51.42,0.6397,1,-1,-1
1792,647,447.84,424.29,18.09,40.59,0.2958,1,-1,-1
1792,650,1414.74,424.37,23.08,56.84,0.2628,1,-1,-1
1792,654,1579.23,400.48,22.62,56.57,0.7194,1,-1,-1
1792,655,1726.93,341.19,18.81,34.27,0.4216,1,-1,-1
1792,657,1083.87,432.30,20.25,47.83,0.5936,1,-1,-1
1792,642,1034.93,537.80,112.37,47.09,0.3478,4,-1,-1
1792,620,360.82,451.92,19.66,44.54,0.1348,2,-1,-1
1792,662,323.79,454.49,21.76,46.43,0.3390,1,-1,-1
1792,649,404.96,417.44,17.36,40.63,0.3040,1,-1,-1
1793,506,1701.75,337.57,15.94,37.22,0.5234,1,-1,-1
1793,570,1359.60,499.28,31.24,72.31,0.7513,1,-1,-1
1793,576,671.08,460.85,26.49,55.54,0.6179,1,-1,-1
1793,619,1300.23,578.40,33.57,81.11,0.8013,1,-1,-1
1793,283,1229.62,533.17,40.13,94.60,0.8193,1,-1,-1
1793,643,1597.47,406.99,22.51,51.42,0.6451,1,-1,-1
1793,647,446.89,425.57,17.66,38.99,0.2134,1,-1,-1
1793,650,1415.35,422.71,22.26,54.64,0.1093,1,-1,-1
1793,654,1577.34,400.34,22.56,56.78,0.7162,1,-1,-1
1793,655,1724.26,341.87,18.40,33.63,0.5176,1,-1,-1
1793,657,1082.28,432.23,21.30,49.12,0.6361,1,-1,-1
1793,642,1030.93,537.42,113.39,47.64,0.3140,4,-1,-1
1793,620,358.48,450.91,20.33,45.47,0.5889,1,-1,-1
1793,662,320.93,453.72,21.92,47.44,0.4533,1,-1,-1
1793,649,402.18,417.13,17.42,41.33,0.5341,1,-1,-1
1794,506,1698.96,338.00,15.88,37.05,0.5370,1,-1,-1
1794,570,1357.08,498.71,32.08,73.58,0.7334,1,-1,-1
1794,576,668.63,460.66,26.28,55.05,0.6370,1,-1,-1
1794,619,1297.12,577.29,33.25,80.45,0.7813,1,-1,-1
1794,283,1226.72,532.66,40.60,94.76,0.8013,1,-1,-1
1794,643,1594.59,405.73,22.62,51.73,0.6783,1,-1,-1
1794,647,441.88,423.03,19.37,42.67,0.1854,1,-1,-1
1794,650,1416.06,421.61,21.34,51.52,0.2494,1,-1,-1
1794,654,1574.47,400.04,22.56,56.99,0.6645,1,-1,-1
1794,655,1721.21,341.51,18.56,34.25,0.5670,1,-1,-1
1794,657,1081.16,432.65,21.98,49.18,0.6049,1,-1,-1
1794,642,1030.22,537.30,110.83,46.70,0.4941,4,-1,-1
1794,620,357.93,450.93,20.25,45.39,0.5974,1,-1,-1
1794,662,318.28,454.19,21.40,46.76,0.4893,1,-1,-1
1794,649,399.79,416.49,17.25,41.54,0.3933,1,-1,-1
1795,506,1696.43,339.35,15.36,35.37,0.4766,1,-1,-1
1795,570,1355.72,498.69,32.48,73.91,0.7698,1,-1,-1
1795,576,667.14,460.60,26.15,54.57,0.6637,1,-1,-1
1795,619,1295.20,576.44,33.27,80.82,0.7886,1,-1,-1
1795,283,1224.49,532.51,41.01,94.86,0.7937,1,-1,-1
1795,643,1592.68,405.79,22.33,50.95,0.6715,1,-1,-1
1795,647,438.35,422.42,21.44,47.36,0.2268,1,-1,-1
1795,650,1416.95,424.68,20.06,47.43,0.3337,1,-1,-1
1795,654,1572.51,399.89,22.65,56.95,0.6715,1,-1,-1
1795,655,1719.69,342.50,17.93,33.25,0.3766,1,-1,-1
1795,657,1080.34,432.63,22.42,49.16,0.5612,1,-1,-1
1795,642,1029.80,537.29,108.27,45.69,0.5708,4,-1,-1
1795,620,357.41,451.47,20.65,46.09,0.5860,1,-1,-1
1795,662,316.77,453.81,21.60,47.44,0.5166,1,-1,-1
1795,649,397.76,416.53,17.25,41.80,0.2854,1,-1,-1
1796,506,1694.41,335.59,16.90,38.60,0.4571,1,-1,-1
1796,570,1353.62,498.63,32.70,73.59,0.7925,1,-1,-1
1796,576,665.72,460.33,26.08,54.59,0.7106,1,-1,-1
1796,619,1291.53,574.91,33.86,82.08,0.8013,1,-1,-1
1796,283,1221.47,532.31,41.34,95.07,0.8075,1,-1,-1
1796,643,1589.94,405.19,22.40,50.84,0.6433,1,-1,-1
1796,647,437.53,423.82,19.08,41.67,0.2502,1,-1,-1
1796,650,1416.24,425.92,19.88,45.73,0.4225,1,-1,-1
1796,654,1568.92,398.88,23.24,58.07,0.6540,1,-1,-1
1796,655,1716.05,341.33,18.46,34.00,0.3970,1,-1,-1
1796,657,1079.53,433.37,22.69,48.72,0.5215,1,-1,-1
1796,642,1026.14,537.43,110.76,46.75,0.5612,4,-1,-1
1796,620,355.62,451.55,20.30,45.08,0.6030,1,-1,-1
1796,662,315.56,453.98,21.43,46.98,0.4620,1,-1,-1
1796,649,395.34,415.60,17.58,42.91,0.1824,1,-1,-1
1797,506,1693.43,335.46,17.39,38.81,0.1442,1,-1,-1
1797,570,1352.29,498.37,33.00,73.18,0.7833,1,-1,-1
1797,576,664.83,460.58,26.02,54.55,0.7058,1,-1,-1
1797,619,1289.58,574.54,33.86,82.40,0.8007,1,-1,-1
1797,283,1219.74,532.05,41.49,94.86,0.8075,1,-1,-1
1797,643,1587.85,404.66,22.54,51.15,0.6610,1,-1,-1
1797,647,436.96,424.48,18.58,40.47,0.3251,1,-1,-1
1797,650,1414.26,424.69,20.85,46.84,0.4668,1,-1,-1
1797,654,1566.77,399.55,22.87,57.00,0.7162,1,-1,-1
1797,655,1713.83,341.81,18.36,33.76,0.4196,1,-1,-1
1797,657,1078.44,435.63,21.73,45.78,0.4844,1,-1,-1
1797,642,1024.89,537.28,112.23,47.39,0.6540,4,-1,-1
1797,620,354.03,452.08,20.66,45.47,0.4961,1,-1,-1
1797,662,314.45,454.76,21.48,47.10,0.5156,1,-1,-1
1797,649,393.65,415.22,17.68,43.28,0.2465,1,-1,-1
1798,506,1689.05,335.18,17.41,39.16,0.4698,1,-1,-1
1798,570,1351.14,498.25,32.97,72.77,0.8099,1,-1,-1
1798,576,663.02,460.84,25.73,54.19,0.6352,1,-1,-1
1798,619,1286.64,574.55,33.88,81.97,0.8007,1,-1,-1
1798,283,1217.36,532.31,41.41,94.40,0.8099,1,-1,-1
1798,643,1585.67,404.19,22.51,51.25,0.6935,1,-1,-1
1798,647,435.91,425.67,17.82,38.45,0.2886,1,-1,-1
1798,650,1412.28,423.12,21.92,48.48,0.5746,1,-1,-1
1798,654,1564.89,400.08,22.34,56.19,0.7241,1,-1,-1
1798,655,1710.93,340.85,18.74,34.68,0.5117,1,-1,-1
1798,657,1076.42,433.05,23.04,48.60,0.4902,1,-1,-1
1798,642,1022.84,536.84,112.97,47.73,0.5842,4,-1,-1
1798,620,352.26,454.56,19.80,43.48,0.4426,1,-1,-1
1798,662,314.71,455.01,21.68,47.08,0.5784,1,-1,-1
1798,649,390.57,417.00,16.97,41.81,0.3504,1,-1,-1
1799,506,1684.48,333.82,18.34,40.80,0.1515,1,-1,-1
1799,570,1349.18,498.46,32.87,72.40,0.8216,1,-1,-1
1799,576,660.30,461.30,25.52,53.64,0.7017,1,-1,-1
1799,619,1283.92,573.87,33.57,81.66,0.7833,1,-1,-1
1799,283,1214.11,531.96,41.50,94.45,0.7905,1,-1,-1
1799,643,1582.83,403.82,22.46,51.21,0.6800,1,-1,-1
1799,650,1411.62,424.00,21.57,47.25,0.5765,1,-1,-1
1799,654,1561.99,399.31,22.33,56.17,0.7098,1,-1,-1
1799,655,1707.95,340.67,18.78,34.86,0.3191,1,-1,-1
1799,657,1075.38,430.68,23.44,50.19,0.5708,1,-1,-1
1799,642,1020.12,536.98,114.02,48.12,0.5832,4,-1,-1
1799,620,350.64,455.69,19.05,41.53,0.4187,1,-1,-1
1799,662,313.06,453.96,22.19,48.01,0.3621,1,-1,-1
1799,649,387.75,417.23,16.81,41.50,0.4359,1,-1,-1
1800,506,1682.67,334.11,17.98,40.02,0.4321,1,-1,-1
1800,570,1347.74,498.37,32.97,72.49,0.7873,1,-1,-1
1800,576,658.60,461.63,25.44,53.42,0.6697,1,-1,-1
1800,619,1282.14,573.97,33.34,81.19,0.7860,1,-1,-1
1800,283,1211.63,531.54,41.52,94.18,0.8026,1,-1,-1
1800,643,1581.13,404.30,22.45,50.88,0.6935,1,-1,-1
1800,650,1411.94,424.96,21.13,46.15,0.5244,1,-1,-1
1800,654,1560.55,399.43,22.35,56.07,0.7001,1,-1,-1
1800,655,1704.52,339.11,19.75,36.65,0.3234,1,-1,-1
1800,657,1075.55,430.83,22.24,48.43,0.5127,1,-1,-1
1800,642,1019.02,536.78,113.53,47.95,0.6280,4,-1,-1
1800,620,349.86,456.47,18.67,40.57,0.5244,1,-1,-1
1800,662,312.57,455.20,21.82,46.70,0.5107,1,-1,-1
1800,649,385.46,416.20,17.13,42.29,0.4446,1,-1,-1
1801,506,1680.88,337.19,16.78,36.93,0.2180,1,-1,-1
1801,570,1346.90,497.83,32.86,72.60,0.7272,1,-1,-1
1801,576,655.53,461.17,25.79,53.93,0.7417,1,-1,-1
1801,619,1278.67,573.29,33.89,82.71,0.8050,1,-1,-1
1801,283,1209.07,531.58,41.56,93.86,0.7718,1,-1,-1
1801,643,1578.71,404.79,22.56,50.80,0.6469,1,-1,-1
1801,650,1412.30,425.49,20.82,45.55,0.5166,1,-1,-1
1801,654,1557.95,399.05,22.07,55.18,0.6918,1,-1,-1
1801,655,1702.02,340.79,18.78,34.86,0.1956,1,-1,-1
1801,657,1075.66,431.63,21.35,47.21,0.4961,1,-1,-1
1801,642,1017.03,536.23,111.99,47.27,0.6188,4,-1,-1
1801,620,347.66,455.55,20.10,43.46,0.5283,1,-1,-1
1801,662,309.38,454.68,22.54,47.77,0.4688,1,-1,-1
1801,649,382.78,417.07,16.79,41.34,0.3065,1,-1,-1
1802,506,1678.47,338.44,16.08,35.37,0.4941,1,-1,-1
1802,570,1345.95,496.70,33.18,73.82,0.7272,1,-1,-1
1802,576,653.98,460.76,25.94,54.11,0.7663,1,-1,-1
1802,619,1276.46,572.80,34.10,83.82,0.7912,1,-1,-1
1802,283,1207.51,531.78,41.55,93.40,0.7800,1,-1,-1
1802,643,1576.91,405.16,22.31,50.23,0.6433,1,-1,-1
1802,650,1412.93,425.81,20.44,44.89,0.4932,1,-1,-1
1802,654,1556.08,399.31,21.50,53.74,0.7272,1,-1,-1
1802,655,1700.59,341.60,18.09,33.62,0.2628,1,-1,-1
1802,657,1074.75,430.63,21.45,48.30,0.5612,1,-1,-1
1802,642,1015.75,536.27,111.78,47.07,0.5889,4,-1,-1
1802,620,346.00,455.04,20.63,44.38,0.4177,1,-1,-1
1802,662,307.75,454.00,23.03,48.72,0.3739,1,-1,-1
1802,649,380.73,417.54,16.75,41.11,0.4121,1,-1,-1
1802,667,671.56,394.65,15.10,35.39,0.6343,1,-1,-1
1803,506,1676.07,339.27,15.67,34.66,0.5516,1,-1,-1
1803,570,1345.12,494.48,33.60,75.45,0.7498,1,-1,-1
1803,576,652.36,460.69,26.03,54.56,0.7827,1,-1,-1
1803,619,1274.07,572.08,33.82,83.87,0.8001,1,-1,-1
1803,283,1205.82,532.27,41.60,93.47,0.8007,1,-1,-1
1803,643,1574.35,405.15,22.19,50.27,0.6766,1,-1,-1
1803,650,1412.96,425.21,20.77,46.06,0.6645,1,-1,-1
1803,654,1554.72,399.72,20.93,52.53,0.7272,1,-1,-1
1803,655,1698.26,341.34,17.89,33.26,0.4756,1,-1,-1
1803,657,1074.41,430.35,21.10,48.28,0.5574,1,-1,-1
1803,642,1013.79,536.59,110.89,46.54,0.6496,4,-1,-1
1803,620,343.74,454.23,20.63,44.62,0.5205,1,-1,-1
1803,662,305.21,454.54,22.57,48.13,0.5146,1,-1,-1
1803,649,378.46,420.24,15.87,39.00,0.5467,1,-1,-1
1803,667,669.30,395.21,15.22,35.66,0.5477,1,-1,-1
1803,623,326.36,453.56,19.35,45.50,0.4552,1,-1,-1
1804,506,1672.26,338.59,15.61,34.38,0.5156,1,-1,-1
1804,570,1344.70,493.28,32.59,73.83,0.7356,1,-1,-1
1804,576,650.49,460.26,26.09,55.00,0.7217,1,-1,-1
1804,619,1271.45,573.63,33.40,83.26,0.8273,1,-1,-1
1804,283,1203.81,531.90,41.66,93.74,0.7766,1,-1,-1
1804,643,1571.27,404.41,22.72,51.49,0.6800,1,-1,-1
1804,650,1411.63,424.28,21.18,46.96,0.6715,1,-1,-1
1804,654,1551.55,398.22,21.23,53.21,0.6732,1,-1,-1
1804,655,1694.52,341.31,17.96,32.94,0.4149,1,-1,-1
1804,657,1074.74,430.24,20.96,48.21,0.5898,1,-1,-1
1804,642,1009.86,536.27,110.47,46.46,0.4815,4,-1,-1
1804,620,342.28,454.45,19.95,43.26,0.3558,1,-1,-1
1804,662,305.40,458.24,20.71,44.34,0.4951,1,-1,-1
1804,649,376.20,421.18,15.57,38.20,0.5312,1,-1,-1
1804,667,665.44,395.23,15.68,36.69,0.4776,1,-1,-1
1804,623,323.76,454.35,18.56,43.39,0.3208,1,-1,-1
1805,506,1670.53,339.72,15.05,33.15,0.5516,1,-1,-1
1805,570,1344.30,492.78,32.09,73.66,0.7162,1,-1,-1
1805,576,648.97,460.22,25.81,54.84,0.6706,1,-1,-1
1805,619,1269.68,574.10,33.23,83.60,0.8111,1,-1,-1
1805,283,1201.96,531.64,41.53,93.72,0.7542,1,-1,-1
1805,643,1569.65,404.58,22.52,50.81,0.6397,1,-1,-1
1805,650,1410.56,423.74,21.45,47.38,0.6968,1,-1,-1
1805,654,1550.16,398.15,20.83,52.38,0.6645,1,-1,-1
1805,655,1691.97,341.01,18.09,32.81,0.5302,1,-1,-1
1805,657,1074.42,429.42,21.27,49.01,0.5823,1,-1,-1
1805,642,1007.39,536.11,110.81,46.57,0.5917,4,-1,-1
1805,620,340.69,455.31,19.61,42.31,0.3522,1,-1,-1
1805,662,304.94,456.66,20.94,44.93,0.3657,1,-1,-1
1805,649,374.37,421.58,15.48,37.87,0.5127,1,-1,-1
1805,667,663.08,395.60,15.62,36.55,0.4863,1,-1,-1
1805,623,320.39,454.61,19.04,44.35,0.2854,1,-1,-1
1806,506,1667.69,340.34,14.57,32.08,0.4971,1,-1,-1
1806,570,1342.99,492.55,31.59,73.59,0.7303,1,-1,-1
1806,576,646.75,460.69,25.64,55.08,0.6654,1,-1,-1
1806,619,1267.34,574.23,32.88,83.32,0.8123,1,-1,-1
1806,283,1198.96,531.46,41.69,93.79,0.7994,1,-1,-1
1806,643,1567.43,404.76,22.16,50.09,0.6415,1,-1,-1
1806,650,1409.13,423.25,21.79,47.63,0.6951,1,-1,-1
1806,654,1547.75,398.24,20.92,52.62,0.6522,1,-1,-1
1806,655,1689.28,341.64,18.04,32.72,0.3320,1,-1,-1
1806,657,1073.60,429.95,21.51,49.07,0.5380,1,-1,-1
1806,642,1005.69,535.77,110.37,46.49,0.6086,4,-1,-1
1806,620,338.52,455.27,19.84,43.01,0.5098,1,-1,-1
1806,662,305.16,455.29,21.57,46.25,0.3082,1,-1,-1
1806,649,371.65,421.48,15.50,37.63,0.5804,1,-1,-1
1806,667,660.20,396.31,15.11,35.15,0.4196,1,-1,-1
1806,623,318.39,454.65,19.28,44.55,0.2465,1,-1,-1
1807,506,1665.47,340.72,14.58,32.21,0.5612,1,-1,-1
1807,570,1342.27,491.98,31.28,73.79,0.7272,1,-1,-1
1807,576,645.75,461.26,25.15,54.39,0.6935,1,-1,-1
1807,619,1265.78,574.00,32.19,82.00,0.8205,1,-1,-1
1807,283,1197.33,531.31,41.75,93.71,0.7892,1,-1,-1
1807,643,1564.70,405.20,21.56,48.89,0.5898,1,-1,-1
1807,650,1408.09,423.25,22.04,47.47,0.6868,1,-1,-1
1807,654,1546.21,398.49,20.51,51.59,0.6628,1,-1,-1
1807,655,1688.16,341.21,18.18,33.11,0.5283,1,-1,-1
1807,657,1072.85,430.42,21.69,48.80,0.5010,1,-1,-1
1807,642,1004.24,535.63,110.75,46.73,0.6030,4,-1,-1
1807,620,337.84,455.68,19.56,42.31,0.4649,1,-1,-1
1807,662,301.54,456.14,21.16,45.93,0.4187,1,-1,-1
1807,649,369.18,420.68,15.91,38.60,0.4805,1,-1,-1
1807,667,658.11,396.61,15.00,34.85,0.4340,1,-1,-1
1807,623,315.25,455.95,19.11,44.62,0.1316,1,-1,-1
1808,506,1663.10,340.39,14.67,32.33,0.5244,1,-1,-1
1808,570,1341.35,491.47,30.86,73.13,0.7318,1,-1,-1
1808,576,643.84,461.39,24.83,53.84,0.6680,1,-1,-1
1808,619,1263.97,573.63,31.34,80.67,0.8239,1,-1,-1
1808,283,1195.16,531.56,41.63,93.40,0.7860,1,-1,-1
1808,643,1561.67,403.60,22.47,51.18,0.6697,1,-1,-1
1808,650,1406.76,422.77,22.74,47.95,0.6343,1,-1,-1
1808,654,1543.51,398.77,20.88,52.47,0.6610,1,-1,-1
1808,655,1685.23,340.49,18.53,34.08,0.4494,1,-1,-1
1808,657,1071.17,431.17,21.72,48.32,0.4912,1,-1,-1
1808,642,1002.25,536.03,112.53,47.40,0.6619,4,-1,-1
1808,620,336.07,453.61,20.04,43.69,0.4776,1,-1,-1
1808,662,295.63,456.36,20.89,45.79,0.5842,1,-1,-1
1808,649,366.59,421.61,15.85,38.45,0.6142,1,-1,-1
1808,667,654.86,396.38,15.47,35.71,0.3451,1,-1,-1
1808,623,312.99,455.44,18.64,43.35,0.3381,1,-1,-1
1809,506,1659.74,339.59,14.85,32.75,0.5708,1,-1,-1
1809,570,1340.63,491.21,30.34,71.74,0.7439,1,-1,-1
1809,576,641.35,460.89,25.43,55.42,0.6619,1,-1,-1
1809,619,1261.24,572.70,31.27,80.76,0.8382,1,-1,-1
1809,283,1192.70,531.50,41.75,93.72,0.8146,1,-1,-1
1809,643,1560.52,404.29,21.95,50.18,0.7082,1,-1,-1
1809,650,1405.74,422.80,22.80,47.14,0.5631,1,-1,-1
1809,654,1541.64,398.98,20.33,51.36,0.6800,1,-1,-1
1809,655,1680.53,340.36,18.65,34.07,0.5039,1,-1,-1
1809,657,1069.56,433.23,21.37,46.69,0.5351,1,-1,-1
1809,642,1000.77,536.07,112.42,47.34,0.6179,4,-1,-1
1809,620,334.10,453.28,19.83,43.53,0.4301,1,-1,-1
1809,662,292.94,456.04,21.50,47.06,0.5746,1,-1,-1
1809,649,363.66,420.17,16.42,39.71,0.5651,1,-1,-1
1809,667,651.16,396.93,15.71,36.13,0.4330,1,-1,-1
1809,623,311.98,456.15,18.64,43.60,0.4026,1,-1,-1
1810,506,1657.65,340.65,14.25,31.50,0.5525,1,-1,-1
1810,570,1339.71,491.10,30.45,71.73,0.7542,1,-1,-1
1810,576,639.78,460.41,25.80,56.47,0.6826,1,-1,-1
1810,619,1259.37,571.65,31.37,81.39,0.8123,1,-1,-1
1810,283,1190.86,531.67,41.79,93.79,0.8158,1,-1,-1
1810,643,1559.20,403.31,22.15,50.79,0.6645,1,-1,-1
1810,650,1405.32,422.64,23.00,47.00,0.5879,1,-1,-1
1810,654,1540.24,398.77,20.28,51.35,0.6645,1,-1,-1
1810,655,1677.76,341.75,17.80,32.68,0.3821,1,-1,-1
1810,657,1069.15,432.89,21.81,46.90,0.5496,1,-1,-1
1810,642,998.54,536.09,111.59,47.05,0.5823,4,-1,-1
1810,620,332.45,453.20,20.20,44.43,0.4922,1,-1,-1
1810,662,291.54,456.58,21.27,47.11,0.5545,1,-1,-1
1810,649,361.62,418.69,16.85,40.78,0.5390,1,-1,-1
1810,667,648.13,395.90,16.58,38.22,0.4591,1,-1,-1
1810,623,309.49,457.35,19.46,45.20,0.3693,1,-1,-1
1811,506,1654.48,340.28,14.69,32.49,0.5554,1,-1,-1
1811,570,1337.93,490.53,30.62,72.08,0.7394,1,-1,-1
1811,576,637.26,460.50,25.64,56.76,0.6451,1,-1,-1
1811,619,1256.56,570.57,31.50,81.98,0.7950,1,-1,-1
1811,283,1187.82,531.05,41.88,94.10,0.8216,1,-1,-1
1811,643,1556.14,403.44,21.63,49.93,0.6234,1,-1,-1
1811,650,1405.05,422.91,22.93,46.56,0.6379,1,-1,-1
1811,654,1538.75,398.43,20.22,51.06,0.6715,1,-1,-1
1811,655,1675.43,341.45,17.98,33.33,0.5341,1,-1,-1
1811,657,1068.80,432.19,22.53,47.61,0.5879,1,-1,-1
1811,642,995.62,536.11,113.26,47.62,0.5302,4,-1,-1
1811,620,330.18,453.13,20.92,46.42,0.5574,1,-1,-1
1811,662,290.64,456.30,21.56,47.38,0.5390,1,-1,-1
1811,649,359.26,419.30,16.65,40.04,0.5302,1,-1,-1
1811,667,645.65,395.80,16.27,37.64,0.5477,1,-1,-1
1811,623,308.74,455.95,18.88,44.00,0.3381,1,-1,-1
1812,506,1653.03,340.34,14.90,32.94,0.5993,1,-1,-1
1812,570,1336.17,489.75,31.11,73.08,0.7379,1,-1,-1
1812,576,635.29,460.45,25.81,57.59,0.6415,1,-1,-1
1812,619,1254.84,569.82,31.29,81.38,0.8026,1,-1,-1
1812,283,1185.74,530.70,41.97,94.31,0.8050,1,-1,-1
1812,643,1556.30,403.29,20.93,48.19,0.6086,1,-1,-1
1812,650,1405.87,423.60,22.30,45.40,0.6123,1,-1,-1
1812,654,1537.21,398.74,20.01,50.67,0.6433,1,-1,-1
1812,655,1674.03,341.06,18.04,33.61,0.5746,1,-1,-1
1812,657,1068.45,431.04,23.27,48.49,0.6593,1,-1,-1
1812,642,994.72,536.08,111.42,46.99,0.6086,4,-1,-1
1812,620,327.95,452.98,21.29,47.46,0.4388,1,-1,-1
1812,662,288.03,456.23,21.60,47.74,0.4649,1,-1,-1
1812,649,357.20,419.79,16.49,39.61,0.5117,1,-1,-1
1812,667,644.05,396.08,15.96,36.92,0.5409,1,-1,-1
1812,623,307.95,455.74,19.47,45.41,0.1456,1,-1,-1
1813,506,1650.04,339.45,15.27,33.28,0.6067,1,-1,-1
1813,570,1333.21,488.73,32.17,75.75,0.7424,1,-1,-1
1813,576,633.06,460.74,25.19,56.33,0.6575,1,-1,-1
1813,619,1252.43,569.81,31.36,80.54,0.7564,1,-1,-1
1813,283,1183.80,531.48,41.66,93.20,0.7994,1,-1,-1
1813,643,1552.46,403.06,21.41,49.45,0.6197,1,-1,-1
1813,650,1405.10,423.94,22.03,44.90,0.6749,1,-1,-1
1813,654,1533.96,398.66,20.03,50.64,0.6766,1,-1,-1
1813,655,1670.82,340.57,18.05,33.36,0.5458,1,-1,-1
1813,657,1068.49,430.93,23.40,48.41,0.6766,1,-1,-1
1813,642,993.02,536.05,111.48,47.20,0.5166,4,-1,-1
1813,620,326.55,453.63,20.22,45.00,0.5185,1,-1,-1
1813,662,283.64,456.96,20.72,46.66,0.5244,1,-1,-1
1813,649,354.63,422.00,15.56,37.58,0.5593,1,-1,-1
1813,667,640.92,396.12,16.02,36.93,0.5516,1,-1,-1
1813,623,306.34,455.56,18.73,43.90,0.4263,1,-1,-1
1814,506,1647.08,338.46,15.65,34.01,0.4746,1,-1,-1
1814,570,1330.48,488.57,32.75,76.80,0.7628,1,-1,-1
1814,576,630.66,460.62,25.36,56.57,0.7170,1,-1,-1
1814,619,1248.99,568.98,32.17,82.02,0.7614,1,-1,-1
1814,283,1181.90,532.44,41.67,93.24,0.7944,1,-1,-1
1814,643,1549.72,402.56,21.73,50.12,0.6868,1,-1,-1
1814,650,1404.51,424.21,21.47,44.26,0.6901,1,-1,-1
1814,654,1531.67,397.96,20.24,51.34,0.6951,1,-1,-1
1814,655,1667.91,340.76,17.79,32.53,0.4542,1,-1,-1
1814,657,1067.93,429.79,24.03,49.44,0.6160,1,-1,-1
1814,642,990.59,536.20,111.67,47.27,0.5166,4,-1,-1
1814,620,324.36,453.77,20.56,45.52,0.5137,1,-1,-1
1814,662,280.87,457.33,21.28,47.44,0.1023,1,-1,-1
1814,649,351.71,421.41,15.73,38.08,0.3513,1,-1,-1
1814,667,637.96,396.89,15.55,35.69,0.4417,1,-1,-1
1814,623,303.94,454.15,19.37,45.61,0.2682,1,-1,-1
1814,675,1055.63,424.15,16.04,38.63,0.5244,1,-1,-1
1815,506,1644.71,339.25,15.52,33.65,0.4668,1,-1,-1
1815,570,1328.98,488.34,33.16,77.62,0.7599,1,-1,-1
1815,576,629.31,459.87,25.68,57.25,0.7264,1,-1,-1
1815,619,1246.55,569.02,33.09,83.75,0.7698,1,-1,-1
1815,283,1180.66,532.04,41.77,93.60,0.7925,1,-1,-1
1815,643,1548.42,402.22,21.87,50.57,0.6851,1,-1,-1
1815,650,1403.93,424.16,20.90,43.46,0.5516,1,-1,-1
1815,654,1530.12,397.66,20.29,51.75,0.6868,1,-1,-1
1815,655,1666.04,340.86,17.83,32.67,0.3831,1,-1,-1
1815,657,1067.56,429.38,23.77,49.16,0.5535,1,-1,-1
1815,642,988.50,536.32,110.39,46.80,0.6325,4,-1,-1
1815,620,322.25,453.83,20.88,46.13,0.4727,1,-1,-1
1815,662,281.43,454.59,22.68,50.09,0.4668,1,-1,-1
1815,649,349.56,418.56,16.77,40.71,0.2063,1,-1,-1
1815,667,636.06,396.21,15.74,36.06,0.6123,1,-1,-1
1815,623,299.71,453.53,20.58,48.89,0.3390,1,-1,-1
1815,675,1054.04,424.40,16.26,39.22,0.5302,1,-1,-1
1815,676,1685.40,397.19,20.89,39.38,0.4776,1,-1,-1
1816,506,1641.78,339.93,15.32,33.30,0.5351,1,-1,-1
1816,570,1328.80,488.05,32.41,75.87,0.7684,1,-1,-1
1816,576,626.82,459.06,26.06,58.00,0.6926,1,-1,-1
1816,619,1244.24,568.55,33.70,85.01,0.8001,1,-1,-1
1816,283,1178.50,531.57,41.89,93.94,0.8001,1,-1,-1
1816,643,1545.92,401.61,22.03,50.90,0.6343,1,-1,-1
1816,650,1403.18,423.60,20.69,43.51,0.6160,1,-1,-1
1816,654,1527.64,396.81,20.83,53.12,0.6885,1,-1,-1
1816,655,1663.40,340.64,17.78,32.67,0.5156,1,-1,-1
1816,657,1067.28,429.33,23.09,48.85,0.4883,1,-1,-1
1816,642,986.16,536.22,110.42,46.97,0.5477,4,-1,-1
1816,620,320.31,454.04,20.65,46.08,0.6105,1,-1,-1
1816,662,282.21,454.62,22.55,49.87,0.4649,1,-1,-1
1816,649,347.09,419.54,16.82,40.77,0.1848,1,-1,-1
1816,667,633.14,396.17,15.54,35.52,0.4533,1,-1,-1
1816,623,297.95,454.68,20.46,49.01,0.3970,1,-1,-1
1816,675,1052.32,423.88,16.79,40.65,0.6105,1,-1,-1
1816,676,1682.55,386.19,26.01,49.13,0.5078,1,-1,-1
1816,677,1503.58,399.23,19.82,46.59,0.5283,1,-1,-1
1817,506,1639.93,338.74,15.65,34.16,0.5554,1,-1,-1
1817,570,1328.91,488.97,31.58,73.87,0.7766,1,-1,-1
1817,576,625.07,458.64,26.22,58.10,0.6910,1,-1,-1
1817,619,1242.43,568.31,33.91,85.26,0.7820,1,-1,-1
1817,283,1176.64,531.58,41.95,94.08,0.7892,1,-1,-1
1817,643,1544.16,401.55,21.80,50.43,0.6307,1,-1,-1
1817,650,1403.35,423.35,19.65,41.66,0.5000,1,-1,-1
1817,654,1526.62,396.64,20.79,53.06,0.6918,1,-1,-1
1817,655,1661.55,340.20,17.83,32.95,0.5107,1,-1,-1
1817,657,1068.69,429.98,22.89,48.46,0.2200,1,-1,-1
1817,642,983.98,536.13,109.74,46.70,0.5244,4,-1,-1
1817,620,318.74,454.17,20.57,46.47,0.5955,1,-1,-1
1817,662,283.52,455.34,22.81,49.69,0.5215,1,-1,-1
1817,649,344.72,420.28,16.49,39.93,0.3320,1,-1,-1
1817,667,630.94,396.20,15.80,35.84,0.3812,1,-1,-1
1817,623,296.04,454.16,20.50,49.40,0.3868,1,-1,-1
1817,675,1051.32,423.31,16.88,41.04,0.5955,1,-1,-1
1817,676,1680.42,386.39,25.95,49.12,0.3942,1,-1,-1
1817,677,1502.75,398.80,20.47,48.15,0.5107,1,-1,-1
1818,506,1636.09,335.40,17.00,37.09,0.4746,1,-1,-1
1818,570,1328.43,488.63,30.79,72.03,0.7599,1,-1,-1
1818,576,622.53,459.42,25.86,57.24,0.6766,1,-1,-1
1818,619,1239.53,568.02,33.91,84.57,0.7527,1,-1,-1
1818,283,1173.86,531.43,42.04,94.23,0.7820,1,-1,-1
1818,643,1540.99,401.50,22.00,50.72,0.6307,1,-1,-1
1818,650,1401.81,421.77,20.89,44.29,0.6123,1,-1,-1
1818,654,1522.65,396.96,20.60,52.36,0.7194,1,-1,-1
1818,655,1657.80,339.31,18.34,33.70,0.4263,1,-1,-1
1818,657,1065.53,428.98,22.80,49.46,0.5917,1,-1,-1
1818,642,982.94,535.92,109.40,46.73,0.5936,4,-1,-1
1818,620,316.91,453.94,20.15,46.02,0.6732,1,-1,-1
1818,662,282.11,455.45,22.68,49.04,0.5917,1,-1,-1
1818,649,341.74,420.19,16.48,40.26,0.4494,1,-1,-1
1818,667,628.29,396.18,16.09,36.73,0.5554,1,-1,-1
1818,623,293.24,453.85,20.03,48.50,0.4235,1,-1,-1
1818,675,1049.39,424.02,15.95,38.86,0.4776,1,-1,-1
1818,676,1676.58,385.28,26.70,50.61,0.5293,1,-1,-1
1818,677,1500.11,398.74,20.57,48.41,0.3998,1,-1,-1
1819,506,1634.29,336.56,16.36,35.52,0.4902,1,-1,-1
1819,570,1326.92,488.36,30.34,71.16,0.7527,1,-1,-1
1819,576,619.86,459.51,25.78,57.10,0.6715,1,-1,-1
1819,619,1237.11,567.77,33.31,82.80,0.7937,1,-1,-1
1819,283,1171.48,531.44,41.97,93.93,0.7846,1,-1,-1
1819,643,1538.35,401.57,22.08,50.91,0.6086,1,-1,-1
1819,650,1400.76,420.67,21.45,45.37,0.6343,1,-1,-1
1819,654,1520.35,396.97,20.42,51.89,0.6851,1,-1,-1
1819,655,1654.47,340.09,18.18,33.60,0.5000,1,-1,-1
1819,657,1063.90,428.84,22.24,49.10,0.6343,1,-1,-1
1819,642,981.60,536.31,110.07,47.05,0.6388,4,-1,-1
1819,620,314.52,454.12,20.16,46.47,0.6558,1,-1,-1
1819,662,280.34,455.63,22.63,48.67,0.5409,1,-1,-1
1819,649,339.36,420.69,16.16,39.13,0.4340,1,-1,-1
1819,667,625.36,396.35,15.89,36.21,0.5078,1,-1,-1
1819,623,292.75,453.74,19.01,46.23,0.2254,1,-1,-1
1819,675,1047.15,424.41,16.31,39.92,0.5670,1,-1,-1
1819,676,1672.91,384.25,27.37,51.82,0.1541,1,-1,-1
1819,677,1496.47,399.40,20.47,48.22,0.4571,1,-1,-1
1820,506,1631.91,337.42,16.15,35.15,0.5487,1,-1,-1
1820,570,1325.81,487.70,30.43,71.45,0.7210,1,-1,-1
1820,576,618.00,459.73,25.82,57.10,0.6689,1,-1,-1
1820,619,1235.05,567.78,33.07,81.87,0.8038,1,-1,-1
1820,283,1170.07,532.03,41.76,93.27,0.7833,1,-1,-1
1820,643,1536.94,402.25,21.93,50.48,0.6234,1,-1,-1
1820,650,1399.74,420.48,21.71,45.63,0.5879,1,-1,-1
1820,654,1518.51,396.69,20.53,52.40,0.7225,1,-1,-1
1820,655,1652.57,340.27,18.04,33.56,0.5612,1,-1,-1
1820,657,1063.15,428.60,22.05,49.38,0.6307,1,-1,-1
1820,642,979.39,536.59,110.96,47.40,0.6234,4,-1,-1
1820,620,313.26,454.04,20.13,46.90,0.6935,1,-1,-1
1820,662,278.57,455.10,22.95,49.20,0.6011,1,-1,-1
1820,649,337.84,421.41,15.96,38.26,0.4026,1,-1,-1
1820,667,623.66,396.53,16.06,36.76,0.5302,1,-1,-1
1820,623,291.78,453.34,19.18,46.19,0.1375,1,-1,-1
1820,675,1045.52,425.05,16.33,40.15,0.5784,1,-1,-1
1820,676,1671.91,382.15,27.05,51.29,0.2127,1,-1,-1
1820,677,1494.32,399.61,20.02,47.07,0.4158,1,-1,-1
1821,506,1629.21,339.01,15.52,33.87,0.6086,1,-1,-1
1821,570,1324.17,487.54,30.33,71.45,0.7058,1,-1,-1
1821,576,615.85,459.46,26.14,57.66,0.7090,1,-1,-1
1821,619,1231.93,568.35,32.75,80.77,0.8026,1,-1,-1
1821,283,1167.49,531.08,42.01,93.97,0.7982,1,-1,-1
1821,643,1534.15,401.40,22.34,51.08,0.6160,1,-1,-1
1821,650,1399.23,421.14,21.60,45.09,0.4912,1,-1,-1
1821,654,1515.83,396.12,21.09,53.78,0.7334,1,-1,-1
1821,655,1649.91,340.32,17.75,33.19,0.5804,1,-1,-1
1821,657,1061.76,428.65,21.96,49.35,0.4581,1,-1,-1
1821,642,977.64,536.55,110.31,47.10,0.6307,4,-1,-1
1821,620,311.49,454.01,20.04,46.84,0.6593,1,-1,-1
1821,662,277.27,455.42,22.78,48.87,0.5898,1,-1,-1
1821,649,334.49,421.19,16.14,38.62,0.4873,1,-1,-1
1821,667,621.05,396.59,16.40,37.92,0.5370,1,-1,-1
1821,675,1043.04,425.09,16.20,39.93,0.5525,1,-1,-1
1821,676,1668.26,385.94,26.21,49.66,0.5166,1,-1,-1
1821,677,1492.35,399.55,19.15,44.90,0.2720,1,-1,-1
1822,506,1627.61,339.67,15.21,33.23,0.6049,1,-1,-1
1822,570,1322.23,486.34,30.80,72.91,0.7033,1,-1,-1
1822,576,614.02,459.55,26.61,58.59,0.6619,1,-1,-1
1822,619,1230.22,568.00,32.63,80.46,0.7925,1,-1,-1
1822,283,1165.92,531.28,41.92,93.54,0.8062,1,-1,-1
1822,643,1532.77,401.56,22.06,50.45,0.6540,1,-1,-1
1822,650,1398.30,422.61,21.30,44.16,0.4737,1,-1,-1
1822,654,1514.47,396.14,21.03,53.83,0.7556,1,-1,-1
1822,655,1647.69,340.04,18.07,33.98,0.5784,1,-1,-1
1822,657,1060.40,428.96,22.12,49.51,0.4571,1,-1,-1
1822,642,975.60,536.63,109.65,46.89,0.6160,4,-1,-1
1822,620,310.25,454.16,19.85,46.48,0.6522,1,-1,-1
1822,662,276.80,455.70,22.61,48.61,0.5593,1,-1,-1
1822,649,332.11,420.02,16.60,39.90,0.4378,1,-1,-1
1822,667,619.36,397.38,16.06,37.42,0.4727,1,-1,-1
1822,675,1041.33,425.07,16.23,40.22,0.6086,1,-1,-1
1822,676,1667.47,382.34,26.16,49.43,0.1238,1,-1,-1
1822,677,1490.22,398.33,19.13,44.57,0.2344,1,-1,-1
1823,506,1624.20,340.02,14.83,32.27,0.4902,1,-1,-1
1823,570,1320.09,486.05,30.93,73.24,0.6663,1,-1,-1
1823,576,610.55,460.80,25.98,57.27,0.6610,1,-1,-1
1823,619,1227.09,568.54,32.60,80.40,0.7833,1,-1,-1
1823,283,1163.22,530.55,42.30,94.30,0.8135,1,-1,-1
1823,643,1529.80,402.41,21.96,49.54,0.6851,1,-1,-1
1823,650,1397.88,421.48,21.34,44.51,0.4292,1,-1,-1
1823,654,1511.56,396.34,20.70,53.24,0.6451,1,-1,-1
1823,655,1644.07,339.99,17.93,33.59,0.5516,1,-1,-1
1823,657,1059.08,430.33,21.47,48.20,0.1259,1,-1,-1
1823,642,973.57,536.68,109.37,46.61,0.5631,4,-1,-1
1823,620,307.53,454.87,20.10,47.16,0.6252,1,-1,-1
1823,662,272.28,455.61,22.54,48.48,0.5612,1,-1,-1
1823,649,329.35,420.09,16.67,40.49,0.4707,1,-1,-1
1823,667,617.04,398.41,15.41,36.05,0.5137,1,-1,-1
1823,675,1040.00,425.32,15.96,39.81,0.5166,1,-1,-1
1823,676,1662.42,382.57,27.28,51.84,0.5078,1,-1,-1
1823,677,1490.40,397.31,18.58,43.62,0.2365,1,-1,-1
1824,506,1621.39,339.49,14.98,32.79,0.5351,1,-1,-1
1824,570,1318.66,486.26,30.76,72.57,0.6935,1,-1,-1
1824,576,607.48,460.89,25.98,57.08,0.7606,1,-1,-1
1824,619,1223.88,568.77,32.46,80.25,0.8250,1,-1,-1
1824,283,1160.86,530.87,42.34,94.10,0.7833,1,-1,-1
1824,643,1526.54,402.39,21.97,49.52,0.6252,1,-1,-1
1824,650,1396.44,419.74,22.09,46.65,0.5166,1,-1,-1
1824,654,1508.69,396.63,20.61,52.77,0.6558,1,-1,-1
1824,655,1641.34,340.06,18.09,34.18,0.5708,1,-1,-1
1824,657,1059.21,439.68,18.21,39.69,0.1325,1,-1,-1
1824,642,971.88,536.70,109.12,46.45,0.6723,4,-1,-1
1824,620,305.38,454.96,20.00,47.18,0.6397,1,-1,-1
1824,662,268.92,455.59,22.49,48.45,0.5156,1,-1,-1
1824,649,325.66,417.77,17.42,42.79,0.2451,1,-1,-1
1824,667,613.24,400.09,15.68,36.39,0.1818,1,-1,-1
1824,675,1038.19,426.73,15.12,37.89,0.4971,1,-1,-1
1824,676,1659.83,388.71,24.47,46.53,0.3942,1,-1,-1
1825,506,1618.26,337.02,16.09,35.32,0.5029,1,-1,-1
1825,570,1317.80,487.09,30.63,71.65,0.7130,1,-1,-1
1825,576,605.70,460.85,26.21,57.48,0.7491,1,-1,-1
1825,619,1222.07,569.00,32.27,79.87,0.8182,1,-1,-1
1825,283,1159.84,530.99,42.18,93.47,0.8001,1,-1,-1
1825,643,1524.70,401.69,22.33,50.21,0.6179,1,-1,-1
1825,650,1396.77,421.10,20.99,44.89,0.5273,1,-1,-1
1825,654,1507.35,396.32,20.62,52.40,0.6749,1,-1,-1
1825,655,1639.56,338.75,18.65,35.42,0.5068,1,-1,-1
1825,642,970.40,536.55,109.90,46.84,0.6478,4,-1,-1
1825,620,304.03,455.18,20.00,47.43,0.6610,1,-1,-1
1825,662,268.88,456.17,22.48,49.27,0.5176,1,-1,-1
1825,667,611.48,400.17,15.80,36.72,0.2358,1,-1,-1
1825,675,1037.58,428.34,14.59,36.99,0.3208,1,-1,-1
1825,676,1658.26,386.49,25.78,48.92,0.5370,1,-1,-1
1826,506,1616.18,338.78,15.30,33.61,0.5804,1,-1,-1
1826,570,1316.66,487.55,30.67,71.16,0.7194,1,-1,-1
1826,576,603.19,460.61,26.54,58.26,0.7170,1,-1,-1
1826,619,1219.14,568.68,31.69,78.55,0.7937,1,-1,-1
1826,283,1157.67,531.37,42.24,93.72,0.8007,1,-1,-1
1826,643,1522.74,401.08,22.19,49.76,0.6433,1,-1,-1
1826,650,1396.92,421.34,20.21,43.95,0.4893,1,-1,-1
1826,654,1504.36,395.59,20.86,53.06,0.6968,1,-1,-1
1826,655,1636.49,339.39,18.37,35.13,0.5429,1,-1,-1
1826,642,967.78,536.37,110.35,47.06,0.6826,4,-1,-1
1826,620,302.26,455.16,20.07,47.74,0.7001,1,-1,-1
1826,662,266.49,456.19,22.50,49.84,0.5117,1,-1,-1
1826,667,607.30,399.02,16.73,38.65,0.3107,1,-1,-1
1826,675,1036.94,433.00,13.03,32.55,0.2436,1,-1,-1
1826,676,1655.44,394.39,22.28,41.90,0.4639,1,-1,-1
1827,506,1613.85,336.94,15.82,34.65,0.5059,1,-1,-1
1827,570,1316.05,488.75,30.15,69.65,0.7098,1,-1,-1
1827,576,600.90,460.23,26.84,58.70,0.6809,1,-1,-1
1827,619,1216.77,568.70,31.36,77.77,0.7963,1,-1,-1
1827,283,1156.27,531.59,42.09,93.30,0.7840,1,-1,-1
1827,643,1520.69,401.53,21.88,48.74,0.6663,1,-1,-1
1827,650,1396.25,422.00,20.04,44.13,0.5429,1,-1,-1
1827,654,1502.73,395.63,20.87,53.22,0.7272,1,-1,-1
1827,655,1633.94,339.42,18.18,34.51,0.4922,1,-1,-1
1827,642,966.26,536.30,109.54,46.71,0.6792,4,-1,-1
1827,620,300.84,454.75,20.24,48.11,0.6361,1,-1,-1
1827,662,264.58,456.50,22.22,49.94,0.5545,1,-1,-1
1827,667,604.45,398.82,17.28,39.83,0.4494,1,-1,-1
1827,675,1035.30,433.02,13.00,32.30,0.2999,1,-1,-1
1827,676,1652.78,392.03,23.58,44.15,0.5312,1,-1,-1
1828,506,1611.04,338.47,15.00,32.90,0.5127,1,-1,-1
1828,570,1314.15,489.00,29.60,68.89,0.6697,1,-1,-1
1828,576,597.70,462.02,25.87,56.69,0.6610,1,-1,-1
1828,619,1213.44,568.13,31.79,79.07,0.7860,1,-1,-1
1828,283,1153.55,531.20,42.05,93.33,0.7739,1,-1,-1
1828,643,1518.47,401.36,21.68,48.21,0.6697,1,-1,-1
1828,650,1395.87,424.84,19.05,42.05,0.5813,1,-1,-1
1828,654,1500.26,395.85,20.48,52.25,0.6540,1,-1,-1
1828,655,1630.73,340.09,17.80,33.89,0.5059,1,-1,-1
1828,642,963.84,536.65,108.35,46.14,0.5974,4,-1,-1
1828,620,298.97,454.83,20.13,47.52,0.7130,1,-1,-1
1828,662,262.73,456.70,22.00,49.87,0.5622,1,-1,-1
1828,667,602.14,399.87,17.29,40.00,0.4834,1,-1,-1
1828,675,1034.32,434.30,12.72,31.32,0.1408,1,-1,-1
1828,676,1649.52,382.77,26.35,50.25,0.2006,1,-1,-1
1829,506,1607.35,337.71,15.53,34.15,0.5254,1,-1,-1
1829,570,1311.22,484.75,30.98,72.72,0.6540,1,-1,-1
1829,576,595.03,461.66,25.92,57.08,0.6749,1,-1,-1
1829,619,1210.14,567.13,31.57,78.51,0.8038,1,-1,-1
1829,283,1150.19,530.87,42.35,93.75,0.7846,1,-1,-1
1829,643,1515.34,401.52,21.65,48.35,0.6680,1,-1,-1
1829,650,1393.97,422.65,19.88,43.98,0.4102,1,-1,-1
1829,654,1497.02,396.84,20.29,51.37,0.6935,1,-1,-1
1829,655,1628.04,339.62,17.67,33.74,0.4581,1,-1,-1
1829,642,961.14,536.52,107.21,45.69,0.7082,4,-1,-1
1829,620,296.36,454.94,20.63,48.62,0.6540,1,-1,-1
1829,662,260.59,457.08,21.40,49.26,0.5409,1,-1,-1
1829,667,599.45,400.15,17.32,40.17,0.5234,1,-1,-1
1829,676,1646.97,385.02,25.65,49.01,0.2386,1,-1,-1
1830,506,1605.49,339.55,14.87,32.74,0.6067,1,-1,-1
1830,570,1309.18,483.82,31.67,74.77,0.6593,1,-1,-1
1830,576,592.57,461.57,26.50,58.56,0.6316,1,-1,-1
1830,619,1207.37,565.91,31.41,78.15,0.8013,1,-1,-1
1830,283,1147.87,530.50,42.69,94.23,0.7684,1,-1,-1
1830,643,1513.48,400.62,21.89,49.02,0.6451,1,-1,-1
1830,650,1392.73,422.77,19.79,43.62,0.3495,1,-1,-1
1830,654,1495.09,396.38,20.14,51.07,0.7082,1,-1,-1
1830,655,1626.00,339.98,17.40,33.31,0.5107,1,-1,-1
1830,642,960.07,536.50,108.23,46.16,0.7311,4,-1,-1
1830,620,295.08,455.19,20.58,48.31,0.6766,1,-1,-1
1830,662,258.39,457.25,21.30,49.37,0.4776,1,-1,-1
1830,667,597.47,400.98,16.71,38.78,0.5312,1,-1,-1
1830,676,1644.57,385.28,26.17,49.96,0.1629,1,-1,-1
1831,506,1602.34,337.23,16.05,35.02,0.4932,1,-1,-1
1831,570,1307.66,486.22,30.58,71.67,0.7033,1,-1,-1
1831,576,589.76,462.61,25.85,57.11,0.6289,1,-1,-1
1831,619,1204.26,565.47,31.84,78.92,0.7886,1,-1,-1
1831,283,1145.96,531.05,42.39,93.33,0.7963,1,-1,-1
1831,643,1510.83,400.40,21.96,48.98,0.6817,1,-1,-1
1831,650,1391.23,421.64,20.28,44.24,0.4844,1,-1,-1
1831,654,1492.31,396.33,20.22,51.19,0.7379,1,-1,-1
1831,655,1622.76,339.36,17.79,33.95,0.3531,1,-1,-1
1831,642,956.81,536.92,109.92,46.83,0.6943,4,-1,-1
1831,620,293.38,455.87,20.38,47.17,0.5936,1,-1,-1
1831,662,257.06,458.06,21.01,49.15,0.5127,1,-1,-1
1831,667,594.06,402.99,16.15,37.04,0.2934,1,-1,-1
1831,676,1640.48,387.68,25.22,47.94,0.4805,1,-1,-1
1831,649,307.34,422.53,15.84,39.13,0.4834,1,-1,-1
1832,506,1600.00,338.02,15.57,33.86,0.4045,1,-1,-1
1832,570,1307.21,486.91,30.13,70.19,0.7364,1,-1,-1
1832,576,586.98,463.08,25.73,56.60,0.6289,1,-1,-1
1832,619,1201.77,565.32,31.86,78.50,0.8026,1,-1,-1
1832,283,1144.39,531.04,42.26,93.10,0.8099,1,-1,-1
1832,643,1509.19,400.72,21.83,48.65,0.7033,1,-1,-1
1832,650,1389.72,420.41,21.00,45.37,0.5176,1,-1,-1
1832,654,1490.49,396.20,19.99,50.74,0.7272,1,-1,-1
1832,655,1620.16,339.23,18.06,34.19,0.3739,1,-1,-1
1832,642,955.39,537.20,109.32,46.52,0.7154,4,-1,-1
1832,620,292.14,456.52,19.99,45.84,0.5651,1,-1,-1
1832,662,254.51,457.84,21.00,49.31,0.5448,1,-1,-1
1832,667,591.86,403.03,16.23,37.23,0.3057,1,-1,-1
1832,676,1638.51,392.55,22.85,43.13,0.5332,1,-1,-1
1832,649,305.59,423.94,15.14,37.58,0.5302,1,-1,-1
1833,506,1597.26,338.43,15.53,33.88,0.4349,1,-1,-1
1833,570,1305.41,484.55,31.09,72.62,0.7656,1,-1,-1
1833,576,584.59,462.53,25.89,57.30,0.6067,1,-1,-1
1833,619,1199.06,564.64,31.78,78.14,0.8135,1,-1,-1
1833,283,1141.37,531.21,42.82,94.20,0.8170,1,-1,-1
1833,643,1506.38,401.31,21.45,47.57,0.7033,1,-1,-1
1833,650,1388.31,420.83,21.07,44.90,0.4523,1,-1,-1
1833,654,1486.53,396.80,20.12,50.95,0.6951,1,-1,-1
1833,655,1617.00,339.22,18.34,34.71,0.3775,1,-1,-1
1833,642,952.01,537.04,109.67,46.51,0.6619,4,-1,-1
1833,620,291.41,457.17,19.00,42.91,0.5612,1,-1,-1
1833,662,251.81,459.23,20.07,47.63,0.5448,1,-1,-1
1833,667,589.15,404.19,15.34,34.97,0.1755,1,-1,-1
1833,676,1635.64,388.12,24.86,47.12,0.5078,1,-1,-1
1833,649,302.80,423.78,14.96,37.18,0.3942,1,-1,-1
1834,506,1593.89,340.13,14.86,32.45,0.5409,1,-1,-1
1834,570,1302.53,482.52,31.22,73.53,0.7130,1,-1,-1
1834,576,580.47,461.69,26.56,58.75,0.7042,1,-1,-1
1834,619,1195.32,563.87,31.93,78.51,0.8062,1,-1,-1
1834,283,1137.92,530.33,42.81,94.11,0.7988,1,-1,-1
1834,643,1503.24,401.16,21.35,47.35,0.6901,1,-1,-1
1834,650,1387.08,419.43,21.67,45.84,0.4766,1,-1,-1
1834,654,1483.97,396.12,19.87,50.43,0.6951,1,-1,-1
1834,655,1614.05,339.76,17.69,33.53,0.3200,1,-1,-1
1834,642,948.70,536.63,110.17,46.96,0.7033,4,-1,-1
1834,620,287.80,456.85,19.13,42.87,0.5525,1,-1,-1
1834,662,248.90,459.28,19.75,46.74,0.6415,1,-1,-1
1834,667,586.17,403.60,14.17,31.69,0.1089,1,-1,-1
1834,676,1632.77,393.82,22.11,41.47,0.2870,1,-1,-1
1834,649,299.35,423.20,15.02,37.46,0.2583,1,-1,-1
1835,506,1591.97,338.94,15.36,33.47,0.4359,1,-1,-1
1835,570,1301.11,481.05,30.81,73.02,0.6968,1,-1,-1
1835,576,578.31,462.27,26.29,58.31,0.6976,1,-1,-1
1835,619,1193.06,563.18,32.15,79.01,0.7846,1,-1,-1
1835,283,1135.96,530.58,42.87,93.97,0.8087,1,-1,-1
1835,643,1501.21,399.91,21.96,48.83,0.7066,1,-1,-1
1835,650,1385.78,419.33,22.00,45.96,0.2958,2,-1,-1
1835,654,1482.07,395.76,19.62,49.78,0.7287,1,-1,-1
1835,655,1611.41,339.81,17.57,33.15,0.2330,1,-1,-1
1835,642,946.54,536.53,111.20,47.39,0.6993,4,-1,-1
1835,620,284.72,456.74,19.64,43.63,0.4727,1,-1,-1
1835,662,245.82,457.98,20.26,47.67,0.5525,1,-1,-1
1835,667,581.84,402.78,16.40,36.17,0.1895,1,-1,-1
1835,676,1629.69,394.13,22.34,41.52,0.4340,1,-1,-1
1835,649,296.56,423.14,15.93,39.50,0.2193,1,-1,-1
1835,687,59.74,257.93,108.52,41.39,0.6352,4,-1,-1
1836,506,1588.24,336.28,16.22,35.31,0.1640,1,-1,-1
1836,570,1299.54,477.81,31.16,74.15,0.7170,1,-1,-1
1836,576,574.99,463.41,25.73,56.88,0.6397,1,-1,-1
1836,619,1189.93,563.12,31.98,78.60,0.8062,1,-1,-1
1836,283,1133.63,531.55,42.54,93.27,0.7944,1,-1,-1
1836,643,1497.86,400.52,21.73,48.19,0.7098,1,-1,-1
1836,650,1383.81,419.52,22.37,46.18,0.5000,1,-1,-1
1836,654,1479.13,395.58,19.14,48.47,0.6817,1,-1,-1
1836,655,1607.71,340.46,17.15,32.18,0.2268,1,-1,-1
1836,642,944.28,536.81,110.81,47.19,0.6792,4,-1,-1
1836,620,283.31,457.31,19.41,42.85,0.5689,1,-1,-1
1836,662,243.97,458.02,20.58,47.78,0.5127,1,-1,-1
1836,667,577.89,403.47,15.77,35.01,0.2180,1,-1,-1
1836,676,1625.97,398.88,20.19,37.23,0.3090,1,-1,-1
1836,649,293.97,420.39,16.58,40.49,0.1030,1,-1,-1
1836,687,57.62,257.97,109.59,41.80,0.5974,4,-1,-1
1837,506,1585.62,338.18,15.47,33.37,0.4007,1,-1,-1
1837,570,1297.84,476.59,31.09,74.31,0.6976,1,-1,-1
1837,576,572.30,462.98,25.86,57.39,0.6067,1,-1,-1
1837,619,1187.49,562.84,31.91,78.57,0.8182,1,-1,-1
1837,283,1132.13,531.36,42.28,92.73,0.7873,1,-1,-1
1837,643,1496.02,401.11,21.28,46.90,0.7146,1,-1,-1
1837,650,1381.51,419.24,22.46,46.20,0.5419,1,-1,-1
1837,654,1476.27,395.48,19.54,49.45,0.6766,1,-1,-1
1837,655,1605.13,340.29,17.32,32.37,0.1546,1,-1,-1
1837,642,942.23,536.81,110.19,46.96,0.6943,4,-1,-1
1837,620,281.10,456.63,19.82,43.44,0.5448,1,-1,-1
1837,662,242.11,458.40,20.98,47.61,0.4610,1,-1,-1
1837,667,574.73,404.26,15.53,34.64,0.1807,1,-1,-1
1837,676,1622.42,392.97,23.36,43.36,0.4571,1,-1,-1
1837,687,61.17,258.47,107.33,41.06,0.4349,4,-1,-1
1838,506,1581.99,341.03,14.41,31.18,0.5823,1,-1,-1
1838,570,1296.20,477.41,30.47,73.37,0.7050,1,-1,-1
1838,576,568.44,461.87,26.76,59.56,0.6792,1,-1,-1
1838,619,1184.15,562.12,32.07,79.34,0.8146,1,-1,-1
1838,283,1128.91,531.29,42.13,92.39,0.7642,1,-1,-1
1838,643,1492.29,401.59,21.37,47.21,0.6575,1,-1,-1
1838,650,1380.28,420.29,21.55,44.64,0.5487,1,-1,-1
1838,654,1473.44,395.49,19.01,47.86,0.6800,1,-1,-1
1838,655,1603.05,340.75,15.81,29.54,0.2870,1,-1,-1
1838,642,937.71,536.59,109.64,46.76,0.6105,4,-1,-1
1838,620,278.27,455.80,20.35,44.68,0.5898,1,-1,-1
1838,662,239.82,460.25,20.64,46.14,0.5516,1,-1,-1
1838,667,571.40,404.95,15.23,34.15,0.2502,1,-1,-1
1838,676,1619.28,390.07,24.55,45.74,0.1192,1,-1,-1
1838,687,54.02,258.29,109.84,42.09,0.3513,4,-1,-1
1839,506,1577.68,338.42,15.35,32.96,0.4282,1,-1,-1
1839,570,1293.01,474.69,31.53,76.17,0.6984,1,-1,-1
1839,576,563.72,462.76,26.27,58.09,0.6680,1,-1,-1
1839,619,1180.80,561.61,32.09,79.60,0.8306,1,-1,-1
1839,283,1124.75,530.92,42.43,92.87,0.7833,1,-1,-1
1839,643,1488.77,401.34,21.48,47.77,0.6749,1,-1,-1
1839,650,1378.72,419.92,21.06,44.30,0.1901,1,-1,-1
1839,654,1469.77,395.61,18.99,47.63,0.7454,1,-1,-1
1839,655,1598.05,340.15,17.02,31.62,0.1854,1,-1,-1
1839,642,934.43,536.18,110.13,47.12,0.6215,4,-1,-1
1839,620,275.22,455.68,20.48,44.80,0.5195,1,-1,-1
1839,662,237.11,460.49,20.66,46.12,0.4600,1,-1,-1
1839,667,567.17,405.00,15.13,34.04,0.2330,1,-1,-1
1839,676,1613.60,383.81,27.49,52.11,0.2983,1,-1,-1
1839,687,49.31,258.22,110.90,42.70,0.2422,4,-1,-1
1840,506,1574.95,339.87,14.43,31.13,0.4235,1,-1,-1
1840,570,1291.52,477.28,30.11,72.90,0.7050,1,-1,-1
1840,576,560.78,462.83,26.21,57.89,0.6086,1,-1,-1
1840,619,1178.58,561.52,31.87,79.53,0.8434,1,-1,-1
1840,283,1122.35,531.46,41.97,91.75,0.7918,1,-1,-1
1840,643,1485.58,400.58,21.73,48.03,0.7050,1,-1,-1
1840,650,1377.66,419.74,20.41,43.51,0.1608,1,-1,-1
1840,654,1466.95,395.48,19.38,48.56,0.7001,1,-1,-1
1840,642,932.75,536.76,110.98,47.50,0.6352,4,-1,-1
1840,620,272.48,456.37,20.22,43.90,0.4446,1,-1,-1
1840,662,233.47,459.36,21.05,46.27,0.3124,1,-1,-1
1840,667,564.89,405.02,15.28,34.39,0.2659,1,-1,-1
1840,676,1611.79,393.36,22.87,42.95,0.3666,1,-1,-1
1840,687,41.36,258.07,110.35,42.34,0.2509,4,-1,-1
1840,689,1047.19,433.81,19.50,44.97,0.5068,1,-1,-1
1841,506,1570.96,340.53,14.08,30.44,0.5215,1,-1,-1
1841,570,1288.46,475.95,30.45,73.84,0.6960,1,-1,-1
1841,576,556.20,461.97,26.87,59.27,0.7447,1,-1,-1
1841,619,1175.21,561.51,31.65,79.50,0.8413,1,-1,-1
1841,283,1118.43,531.46,42.92,93.91,0.8038,1,-1,-1
1841,643,1482.20,401.10,21.36,46.99,0.6783,1,-1,-1
1841,654,1462.92,394.96,19.23,48.11,0.6984,1,-1,-1
1841,642,928.51,536.81,109.89,47.05,0.6307,4,-1,-1
1841,620,269.29,456.71,20.16,43.68,0.3812,1,-1,-1
1841,662,226.86,461.13,20.63,44.92,0.4785,1,-1,-1
1841,667,560.80,404.86,15.02,33.71,0.1571,1,-1,-1
1841,676,1607.31,397.03,21.11,39.27,0.4668,1,-1,-1
1841,687,35.02,257.76,108.59,41.46,0.2502,4,-1,-1
1841,689,1047.03,437.03,17.95,41.41,0.2697,1,-1,-1
1842,506,1567.98,338.38,15.26,33.14,0.4168,1,-1,-1
1842,570,1286.45,476.16,30.15,73.07,0.6993,1,-1,-1
1842,576,553.34,462.72,26.81,59.16,0.7356,1,-1,-1
1842,619,1172.71,561.34,31.32,79.34,0.8306,1,-1,-1
1842,283,1115.90,530.77,42.35,92.71,0.7988,1,-1,-1
1842,643,1479.18,400.80,21.49,47.16,0.6522,1,-1,-1
1842,654,1460.29,394.86,19.37,48.43,0.7017,1,-1,-1
1842,642,925.65,536.85,111.29,47.62,0.6151,4,-1,-1
1842,620,266.32,456.30,20.66,44.64,0.4475,1,-1,-1
1842,662,225.41,461.44,21.66,46.33,0.5244,1,-1,-1
1842,667,558.24,405.15,15.70,35.23,0.3320,1,-1,-1
1842,676,1604.69,394.55,22.35,41.32,0.3032,1,-1,-1
1842,687,35.93,258.25,106.71,40.83,0.1993,4,-1,-1
1842,689,1044.11,437.28,17.63,40.63,0.1071,1,-1,-1
1843,506,1563.81,339.98,14.32,31.21,0.4600,1,-1,-1
1843,570,1284.13,478.04,29.75,72.01,0.7225,1,-1,-1
1843,576,549.28,463.46,26.27,58.07,0.6325,1,-1,-1
1843,619,1169.75,561.34,30.94,78.50,0.8038,1,-1,-1
1843,283,1112.66,530.38,42.57,93.08,0.7963,1,-1,-1
1843,643,1475.77,399.28,21.99,48.54,0.6505,1,-1,-1
1843,654,1456.86,394.88,19.26,48.12,0.7287,1,-1,-1
1843,642,923.04,536.41,111.46,47.71,0.6843,4,-1,-1
1843,620,263.07,455.88,20.52,44.16,0.4961,1,-1,-1
1843,662,222.25,459.22,22.29,47.79,0.4168,1,-1,-1
1843,667,553.67,404.34,16.18,36.48,0.3381,1,-1,-1
1843,676,1601.48,392.98,21.99,40.71,0.1144,1,-1,-1
1843,687,37.24,258.54,105.54,40.79,0.1255,4,-1,-1
1843,689,1041.04,432.37,18.83,43.51,0.3748,1,-1,-1
1844,506,1559.35,339.74,14.58,31.78,0.4971,1,-1,-1
1844,570,1280.39,478.99,29.47,70.59,0.6352,1,-1,-1
1844,576,543.72,462.47,27.18,59.59,0.6723,1,-1,-1
1844,619,1165.91,561.79,30.20,76.89,0.8295,1,-1,-1
1844,283,1109.56,530.82,42.01,92.00,0.7753,1,-1,-1
1844,643,1471.67,399.68,21.26,46.68,0.6558,1,-1,-1
1844,654,1451.64,395.06,19.16,47.89,0.6851,1,-1,-1
1844,642,919.76,536.67,110.52,47.26,0.7058,4,-1,-1
1844,620,259.06,456.82,20.04,43.21,0.5117,1,-1,-1
1844,662,218.46,457.73,22.47,48.52,0.4158,1,-1,-1
1844,667,548.85,405.04,15.05,33.85,0.1520,1,-1,-1
1844,676,1595.11,388.49,24.27,45.20,0.2180,1,-1,-1
1844,689,1038.01,431.19,19.43,45.32,0.4600,1,-1,-1
1845,506,1556.48,338.58,14.97,32.55,0.3277,1,-1,-1
1845,570,1278.46,480.81,28.99,68.73,0.6826,1,-1,-1
1845,576,540.53,462.84,27.05,59.07,0.6868,1,-1,-1
1845,619,1163.27,561.60,29.96,76.71,0.8306,1,-1,-1
1845,283,1107.15,530.99,41.72,91.59,0.7241,1,-1,-1
1845,643,1469.23,399.76,21.08,46.29,0.6270,1,-1,-1
1845,654,1449.07,395.29,19.10,47.47,0.6851,1,-1,-1
1845,642,917.47,536.77,108.72,46.48,0.6478,4,-1,-1
1845,620,256.12,456.11,20.64,44.59,0.5234,1,-1,-1
1845,662,215.39,459.74,22.69,47.93,0.4073,1,-1,-1
1845,667,546.16,405.71,15.02,33.79,0.1485,1,-1,-1
1845,676,1591.36,392.33,22.65,42.26,0.2878,1,-1,-1
1845,689,1037.84,429.74,19.64,46.13,0.2220,1,-1,-1
1846,506,1551.93,340.76,13.85,30.35,0.4533,1,-1,-1
1846,570,1275.57,480.52,29.62,69.89,0.6809,1,-1,-1
1846,576,536.17,464.07,27.34,59.38,0.6610,1,-1,-1
1846,619,1158.97,561.05,30.34,77.53,0.8239,1,-1,-1
1846,283,1102.70,530.83,41.87,91.74,0.7535,1,-1,-1
1846,643,1465.87,399.53,20.79,45.99,0.6697,1,-1,-1
1846,654,1445.72,395.22,18.88,46.76,0.7256,1,-1,-1
1846,642,912.38,536.55,109.91,47.16,0.6851,4,-1,-1
1846,620,251.88,456.00,21.91,47.65,0.6030,1,-1,-1
1846,662,211.44,459.58,22.76,47.81,0.3868,1,-1,-1
1846,667,542.19,406.28,15.12,34.02,0.2720,1,-1,-1
1846,676,1587.33,388.32,23.87,45.28,0.1109,1,-1,-1
1846,689,1034.71,430.24,19.80,46.96,0.4785,1,-1,-1
1847,506,1549.32,339.15,14.65,32.11,0.3032,1,-1,-1
1847,570,1272.89,479.61,30.22,71.34,0.7303,1,-1,-1
1847,576,532.55,464.30,27.92,60.52,0.6379,1,-1,-1
1847,619,1156.73,560.90,30.55,78.09,0.8317,1,-1,-1
1847,283,1099.87,530.56,42.18,92.25,0.7628,1,-1,-1
1847,643,1462.20,397.89,21.80,48.40,0.6505,1,-1,-1
1847,654,1443.36,395.30,18.74,46.23,0.6918,1,-1,-1
1847,642,911.98,536.78,108.46,46.53,0.6993,4,-1,-1
1847,620,248.90,456.09,21.91,47.38,0.5127,1,-1,-1
1847,662,206.91,460.23,22.48,47.05,0.1907,1,-1,-1
1847,667,538.83,406.32,15.07,33.63,0.3585,1,-1,-1
1847,676,1583.51,387.00,24.52,47.03,0.1727,1,-1,-1
1847,689,1034.41,429.81,19.24,45.32,0.1437,1,-1,-1
1847,655,1569.09,337.40,17.82,33.32,0.4581,1,-1,-1
1848,506,1545.40,339.37,14.80,32.33,0.4863,1,-1,-1
1848,570,1269.43,480.80,30.08,70.89,0.7042,1,-1,-1
1848,576,528.61,464.67,28.14,60.88,0.7186,1,-1,-1
1848,619,1153.83,560.95,30.12,76.57,0.8250,1,-1,-1
1848,283,1096.23,530.86,41.87,91.86,0.8044,1,-1,-1
1848,643,1458.12,398.26,21.65,48.17,0.6270,1,-1,-1
1848,654,1438.82,394.48,19.19,47.26,0.6817,1,-1,-1
1848,642,908.27,536.78,110.08,47.19,0.7122,4,-1,-1
1848,620,245.80,457.23,21.08,45.99,0.5955,1,-1,-1
1848,662,206.21,458.88,22.22,47.23,0.4990,1,-1,-1
1848,667,534.48,406.51,15.17,33.91,0.2531,1,-1,-1
1848,676,1579.03,383.36,25.89,50.48,0.2415,1,-1,-1
1848,689,1031.82,437.24,16.77,39.66,0.5312,1,-1,-1
1848,655,1564.48,339.07,16.99,31.44,0.3849,1,-1,-1
1849,506,1540.31,340.78,13.97,30.61,0.4873,1,-1,-1
1849,570,1266.56,480.24,29.59,69.65,0.6783,1,-1,-1
1849,576,524.18,465.00,28.28,60.87,0.7066,1,-1,-1
1849,619,1149.34,560.51,29.62,74.86,0.8193,1,-1,-1
1849,283,1091.68,530.11,42.27,92.85,0.7963,1,-1,-1
1849,643,1454.78,398.86,20.68,46.22,0.6379,1,-1,-1
1849,654,1435.79,394.64,19.02,46.83,0.6885,1,-1,-1
1849,642,902.83,536.74,111.82,47.87,0.5813,4,-1,-1
1849,620,241.00,456.42,21.78,47.43,0.5302,1,-1,-1
1849,662,202.38,458.38,23.88,51.56,0.5409,1,-1,-1
1849,667,529.51,406.71,15.20,33.87,0.1587,1,-1,-1
1849,676,1575.51,389.70,22.96,44.72,0.1778,1,-1,-1
1849,689,1028.58,433.58,18.09,43.43,0.4805,1,-1,-1
1849,655,1559.81,340.03,16.44,30.61,0.4292,1,-1,-1
1849,691,1409.72,399.06,21.41,51.63,0.5049,1,-1,-1
1850,506,1537.50,339.56,14.51,31.75,0.3895,1,-1,-1
1850,570,1264.21,480.24,29.78,70.20,0.7074,1,-1,-1
1850,576,521.30,466.16,27.79,59.67,0.6628,1,-1,-1
1850,619,1146.86,559.69,29.86,74.98,0.8075,1,-1,-1
1850,283,1089.31,530.78,42.02,92.19,0.7786,1,-1,-1
1850,643,1451.66,397.52,21.37,48.23,0.6451,1,-1,-1
1850,654,1432.79,394.35,18.95,46.55,0.6732,1,-1,-1
1850,642,900.23,536.85,112.67,48.31,0.7042,4,-1,-1
1850,620,238.13,457.00,21.91,47.85,0.5974,1,-1,-1
1850,662,200.23,458.76,23.70,51.84,0.5765,1,-1,-1
1850,667,526.90,407.04,14.98,33.34,0.2751,1,-1,-1
1850,676,1572.06,393.72,21.25,40.99,0.2075,1,-1,-1
1850,689,1027.05,434.97,17.61,42.33,0.5146,1,-1,-1
1850,655,1556.99,338.91,16.54,31.07,0.4990,1,-1,-1
1850,691,1408.02,399.57,21.47,51.88,0.5593,1,-1,-1
1851,506,1533.63,339.23,14.89,32.45,0.5879,1,-1,-1
1851,570,1261.51,479.98,29.58,69.63,0.7025,1,-1,-1
1851,576,517.39,466.38,27.78,59.06,0.6826,1,-1,-1
1851,619,1143.48,559.46,29.82,75.01,0.7833,1,-1,-1
1851,283,1086.16,531.22,41.80,91.73,0.7866,1,-1,-1
1851,643,1447.51,397.41,21.42,48.09,0.6160,1,-1,-1
1851,654,1428.59,393.98,19.34,47.05,0.6270,1,-1,-1
1851,642,896.55,536.72,112.42,48.25,0.6011,4,-1,-1
1851,620,234.53,458.02,21.01,45.95,0.5746,1,-1,-1
1851,662,196.52,458.30,23.87,52.63,0.5254,1,-1,-1
1851,676,1566.98,391.50,22.68,43.89,0.1422,1,-1,-1
1851,689,1025.52,439.34,16.57,38.56,0.2886,1,-1,-1
1851,655,1552.57,339.64,16.37,30.52,0.4484,1,-1,-1
1851,691,1404.77,397.39,22.54,54.75,0.3821,1,-1,-1
1852,506,1530.80,339.44,14.49,31.38,0.5039,1,-1,-1
1852,570,1259.66,479.83,29.33,69.21,0.7162,1,-1,-1
1852,576,514.84,467.28,27.27,57.93,0.6766,1,-1,-1
1852,619,1140.72,559.12,29.85,74.83,0.7899,1,-1,-1
1852,283,1084.34,530.75,41.35,91.14,0.7549,1,-1,-1
1852,643,1445.21,398.34,20.38,45.51,0.5765,1,-1,-1
1852,654,1425.66,394.12,19.18,46.50,0.6715,1,-1,-1
1852,642,895.14,536.83,110.96,47.59,0.6496,4,-1,-1
1852,620,231.25,457.96,21.70,47.64,0.5593,1,-1,-1
1852,662,193.27,458.01,23.74,52.30,0.5400,1,-1,-1
1852,676,1564.48,398.18,19.35,37.36,0.3803,1,-1,-1
1852,689,1023.87,442.31,15.92,35.62,0.2822,1,-1,-1
1852,655,1549.73,340.12,16.02,29.85,0.5205,1,-1,-1
1852,691,1404.20,398.03,19.68,47.70,0.4562,1,-1,-1
1853,506,1526.47,339.65,14.41,31.25,0.3612,1,-1,-1
1853,570,1256.88,479.07,29.04,68.59,0.7287,1,-1,-1
1853,576,509.80,466.95,27.62,58.57,0.6406,1,-1,-1
1853,619,1136.69,558.18,29.87,74.74,0.7963,1,-1,-1
1853,283,1080.10,530.57,41.70,91.92,0.7146,1,-1,-1
1853,643,1441.52,398.84,20.06,44.98,0.6379,1,-1,-1
1853,654,1422.41,394.16,19.06,45.96,0.6868,1,-1,-1
1853,642,890.30,536.48,111.56,47.84,0.5574,4,-1,-1
1853,620,228.35,457.24,21.85,48.11,0.5020,1,-1,-1
1853,662,189.45,459.61,22.97,50.29,0.5651,1,-1,-1
1853,676,1560.52,397.46,19.81,37.81,0.3329,1,-1,-1
1853,689,1020.84,440.14,17.09,37.56,0.3504,1,-1,-1
1853,655,1545.71,338.89,16.41,30.84,0.5612,1,-1,-1
1853,691,1398.60,396.69,20.08,48.49,0.4980,1,-1,-1
1854,506,1522.17,338.92,14.66,31.71,0.5746,1,-1,-1
1854,570,1253.68,479.79,28.39,67.21,0.6960,1,-1,-1
1854,576,505.45,467.05,27.65,58.67,0.7170,1,-1,-1
1854,619,1132.57,557.72,29.84,74.58,0.7780,1,-1,-1
1854,283,1076.26,530.62,41.64,91.58,0.7684,1,-1,-1
1854,643,1436.42,397.77,21.03,46.85,0.6379,1,-1,-1
1854,654,1417.74,393.58,19.67,47.35,0.6086,1,-1,-1
1854,642,887.58,536.17,110.31,47.35,0.6316,4,-1,-1
1854,620,223.81,459.24,20.70,45.63,0.4359,1,-1,-1
1854,662,185.91,459.35,23.15,51.02,0.4659,1,-1,-1
1854,676,1556.56,396.45,20.29,38.01,0.1093,1,-1,-1
1854,689,1017.06,438.88,17.94,38.99,0.3748,1,-1,-1
1854,655,1540.86,338.13,16.63,31.32,0.5000,1,-1,-1
1854,691,1394.90,395.55,20.72,50.24,0.4177,1,-1,-1
1855,506,1519.07,336.93,15.07,32.59,0.4388,1,-1,-1
1855,570,1251.48,478.82,28.70,68.00,0.6893,1,-1,-1
1855,576,502.67,467.47,27.60,58.73,0.7280,1,-1,-1
1855,619,1129.59,557.31,30.32,75.68,0.8062,1,-1,-1
1855,283,1073.74,530.37,41.72,91.90,0.7833,1,-1,-1
1855,643,1432.87,398.48,20.91,46.12,0.6179,1,-1,-1
1855,654,1414.28,394.28,19.36,46.83,0.5804,1,-1,-1
1855,642,884.40,536.70,110.49,47.42,0.6860,4,-1,-1
1855,620,220.73,458.94,20.57,45.51,0.4610,1,-1,-1
1855,662,184.08,459.77,22.32,49.81,0.4815,1,-1,-1
1855,676,1553.17,399.41,18.93,35.01,0.2275,1,-1,-1
1855,689,1016.55,440.18,17.63,37.33,0.1700,1,-1,-1
1855,655,1537.42,338.32,16.75,31.62,0.4045,1,-1,-1
1855,691,1393.58,399.08,20.20,49.26,0.2621,1,-1,-1
1856,506,1514.70,337.15,15.45,33.43,0.3495,1,-1,-1
1856,570,1247.87,477.97,28.65,67.52,0.7210,1,-1,-1
1856,576,497.90,467.22,27.89,58.98,0.6188,1,-1,-1
1856,619,1125.90,557.32,29.98,74.77,0.8339,1,-1,-1
1856,283,1069.41,530.44,42.05,92.73,0.7988,1,-1,-1
1856,643,1429.02,397.54,21.85,48.46,0.6451,1,-1,-1
1856,654,1411.12,393.26,19.56,47.36,0.6715,1,-1,-1
1856,642,881.83,537.16,109.83,47.05,0.6843,4,-1,-1
1856,620,217.79,458.85,20.28,44.78,0.4552,1,-1,-1
1856,662,178.86,460.47,22.45,49.42,0.5390,1,-1,-1
1856,676,1547.19,391.56,22.65,42.12,0.3433,1,-1,-1
1856,689,1012.76,438.99,18.22,37.62,0.1272,1,-1,-1
1856,655,1533.20,337.83,17.05,32.61,0.5574,1,-1,-1
1856,691,1387.02,397.09,21.47,52.22,0.3951,1,-1,-1
1857,506,1511.58,338.47,15.24,32.97,0.4455,1,-1,-1
1857,570,1245.41,477.69,29.11,68.18,0.7272,1,-1,-1
1857,576,495.16,467.43,27.77,58.39,0.6758,1,-1,-1
1857,619,1123.12,557.13,29.80,74.08,0.8170,1,-1,-1
1857,283,1067.12,530.71,41.66,91.72,0.7773,1,-1,-1
1857,643,1426.60,396.17,22.18,49.39,0.6289,1,-1,-1
1857,654,1408.11,391.96,20.36,49.47,0.6469,1,-1,-1
1857,642,878.28,537.31,110.22,47.09,0.6792,4,-1,-1
1857,620,214.52,459.08,20.25,44.66,0.5775,1,-1,-1
1857,662,176.51,460.55,22.62,49.45,0.5689,1,-1,-1
1857,676,1543.90,384.30,25.93,49.02,0.3320,1,-1,-1
1857,689,1013.81,443.96,16.45,32.86,0.2031,1,-1,-1
1857,655,1530.43,338.09,16.80,32.16,0.4591,1,-1,-1
1857,691,1383.73,397.94,21.92,53.49,0.3478,1,-1,-1
1858,506,1507.77,335.09,16.07,34.85,0.4854,1,-1,-1
1858,570,1241.92,477.87,29.36,68.94,0.7050,1,-1,-1
1858,576,490.87,467.29,28.21,59.48,0.7114,1,-1,-1
1858,619,1119.27,557.27,29.83,74.22,0.8317,1,-1,-1
1858,283,1064.35,530.53,41.49,91.24,0.7925,1,-1,-1
1858,643,1422.36,397.19,21.34,47.20,0.6610,1,-1,-1
1858,654,1404.21,391.95,20.36,49.18,0.6197,1,-1,-1
1858,642,875.30,537.13,110.95,47.42,0.7311,4,-1,-1
1858,620,209.97,458.73,20.77,45.65,0.4321,1,-1,-1
1858,662,172.76,460.97,22.87,49.47,0.5029,1,-1,-1
1858,676,1540.36,386.85,24.17,46.03,0.1034,1,-1,-1
1858,689,1013.01,444.27,16.50,32.40,0.1987,1,-1,-1
1858,655,1526.39,338.46,16.48,31.59,0.4571,1,-1,-1
1858,691,1381.73,395.91,20.66,50.34,0.3191,1,-1,-1
1859,506,1504.48,334.05,16.06,34.45,0.3407,1,-1,-1
1859,570,1238.33,477.85,28.39,66.28,0.7341,1,-1,-1
1859,576,486.01,467.37,28.38,59.93,0.6584,1,-1,-1
1859,619,1115.42,557.01,29.60,73.60,0.8170,1,-1,-1
1859,283,1060.51,531.05,41.11,90.63,0.7491,1,-1,-1
1859,643,1418.45,397.14,20.82,46.31,0.6593,1,-1,-1
1859,654,1400.19,392.41,19.62,47.57,0.6593,1,-1,-1
1859,642,872.46,537.02,109.81,46.87,0.7447,4,-1,-1
1859,620,206.27,457.87,21.37,46.77,0.5332,1,-1,-1
1859,662,168.68,461.32,23.43,49.79,0.5448,1,-1,-1
1859,676,1536.56,391.87,21.92,41.48,0.2674,1,-1,-1
1859,689,1011.05,443.40,17.30,33.51,0.1016,1,-1,-1
1859,655,1522.00,338.38,16.27,31.36,0.5283,1,-1,-1
1859,691,1378.13,395.46,18.72,44.93,0.3390,1,-1,-1
1860,506,1501.12,334.41,15.86,33.88,0.1285,1,-1,-1
1860,570,1236.30,478.20,28.39,66.08,0.7318,1,-1,-1
1860,576,483.19,467.28,28.48,60.39,0.7186,1,-1,-1
1860,619,1112.31,556.80,29.65,73.76,0.8205,1,-1,-1
1860,283,1057.92,531.11,40.87,90.05,0.7892,1,-1,-1
1860,643,1416.18,395.66,21.39,48.08,0.6361,1,-1,-1
1860,654,1397.57,392.52,19.61,47.76,0.6540,1,-1,-1
1860,642,869.93,536.92,109.64,46.81,0.7090,4,-1,-1
1860,620,204.44,457.86,21.41,46.62,0.5029,1,-1,-1
1860,662,165.23,462.63,23.42,48.96,0.5244,1,-1,-1
1860,676,1533.85,390.32,22.43,42.57,0.2967,1,-1,-1
1860,689,1009.70,442.55,17.96,34.44,0.1074,1,-1,-1
1860,655,1518.87,338.59,16.10,30.92,0.4523,1,-1,-1
1860,691,1374.78,399.51,19.73,47.13,0.4311,1,-1,-1
1861,506,1496.57,333.16,16.64,35.80,0.4301,1,-1,-1
1861,570,1232.68,477.94,28.50,65.91,0.6968,1,-1,-1
1861,576,479.14,467.35,28.52,60.57,0.7264,1,-1,-1
1861,619,1108.16,557.10,29.85,74.24,0.8182,1,-1,-1
1861,283,1054.15,530.53,41.23,90.59,0.7535,1,-1,-1
1861,643,1411.21,395.47,21.55,47.92,0.6522,1,-1,-1
1861,654,1393.60,391.48,20.16,48.98,0.5689,1,-1,-1
1861,642,866.61,536.84,107.89,46.11,0.7017,4,-1,-1
1861,620,199.69,458.63,21.55,46.77,0.4756,1,-1,-1
1861,662,164.07,461.93,23.00,47.78,0.5651,1,-1,-1
1861,676,1529.35,392.82,21.08,39.82,0.1624,1,-1,-1
1861,689,1007.66,444.38,16.79,31.98,0.2108,1,-1,-1
1861,655,1514.44,337.38,17.08,32.93,0.4678,1,-1,-1
1861,691,1370.38,399.66,21.35,51.04,0.3065,1,-1,-1
1862,506,1492.56,333.76,16.62,35.50,0.2134,1,-1,-1
1862,570,1230.22,478.83,28.13,64.44,0.6758,1,-1,-1
1862,576,475.90,467.53,28.93,61.67,0.7311,1,-1,-1
1862,619,1105.41,557.27,29.72,73.74,0.8434,1,-1,-1
1862,283,1051.48,530.26,41.38,90.76,0.7780,1,-1,-1
1862,643,1408.44,395.41,21.32,47.24,0.6270,1,-1,-1
1862,654,1390.53,392.35,19.59,48.00,0.6234,1,-1,-1
1862,642,864.08,537.09,108.62,46.38,0.7042,4,-1,-1
1862,620,197.87,459.24,21.57,46.87,0.5010,1,-1,-1
1862,662,162.05,462.61,22.85,47.01,0.4620,1,-1,-1
1862,676,1527.07,395.10,19.67,36.80,0.1461,1,-1,-1
1862,689,1005.77,446.03,16.09,30.81,0.2127,1,-1,-1
1862,655,1510.93,337.91,16.90,32.78,0.5263,1,-1,-1
1862,691,1369.43,401.48,20.10,48.11,0.4073,1,-1,-1
1863,506,1489.83,334.78,15.54,32.87,0.1268,1,-1,-1
1863,570,1225.61,478.27,28.54,64.80,0.6783,1,-1,-1
1863,576,471.49,467.21,29.45,62.66,0.7341,1,-1,-1
1863,619,1101.29,557.39,29.44,73.09,0.8261,1,-1,-1
1863,283,1048.01,530.26,41.54,91.25,0.8182,1,-1,-1
1863,643,1405.15,395.50,21.05,47.08,0.6505,1,-1,-1
1863,654,1387.16,392.63,19.24,47.44,0.6575,1,-1,-1
1863,642,860.35,537.33,109.96,46.98,0.7090,4,-1,-1
1863,620,193.55,458.93,21.66,47.36,0.4824,1,-1,-1
1863,662,153.94,464.00,22.71,45.73,0.5078,1,-1,-1
1863,676,1522.68,391.12,21.42,40.07,0.1348,1,-1,-1
1863,689,1002.42,443.40,17.46,33.58,0.1176,1,-1,-1
1863,655,1507.46,338.44,15.95,30.86,0.5215,1,-1,-1
1863,691,1365.34,403.00,20.03,47.84,0.3040,1,-1,-1
1864,506,1485.39,335.47,15.53,33.11,0.5293,1,-1,-1
1864,570,1222.37,477.98,28.33,64.22,0.7082,1,-1,-1
1864,576,467.52,468.23,28.94,61.73,0.7225,1,-1,-1
1864,619,1097.03,557.21,29.46,73.34,0.8228,1,-1,-1
1864,283,1043.84,530.04,41.82,91.73,0.8146,1,-1,-1
1864,643,1401.20,394.82,21.22,47.44,0.6487,1,-1,-1
1864,654,1382.82,392.36,19.58,48.27,0.6325,1,-1,-1
1864,642,855.82,536.97,110.95,47.42,0.6689,4,-1,-1
1864,620,189.32,459.18,22.05,47.97,0.5651,1,-1,-1
1864,662,150.09,463.99,23.21,45.58,0.5166,1,-1,-1
1864,676,1517.39,386.16,23.20,43.95,0.1132,1,-1,-1
1864,655,1503.25,339.37,15.60,30.17,0.5574,1,-1,-1
1864,691,1361.53,404.24,19.34,46.12,0.5400,1,-1,-1
1865,506,1482.23,337.45,14.56,31.08,0.4610,1,-1,-1
1865,570,1219.25,477.81,29.64,67.25,0.7114,1,-1,-1
1865,576,464.31,468.81,28.91,61.87,0.7050,1,-1,-1
1865,619,1094.24,557.13,29.28,73.03,0.8193,1,-1,-1
1865,283,1041.36,530.32,41.70,91.30,0.7994,1,-1,-1
1865,643,1397.68,395.21,21.39,47.44,0.5955,1,-1,-1
1865,654,1379.85,391.81,19.66,48.64,0.5917,1,-1,-1
1865,642,853.48,537.23,111.14,47.54,0.7106,4,-1,-1
1865,620,186.64,459.78,22.39,48.82,0.5166,1,-1,-1
1865,662,144.88,464.80,23.37,45.40,0.3989,1,-1,-1
1865,676,1515.56,389.24,21.35,40.54,0.1251,1,-1,-1
1865,655,1499.53,339.46,15.49,29.89,0.4932,1,-1,-1
1865,691,1357.88,400.59,20.89,49.92,0.4196,1,-1,-1
1866,506,1478.01,337.92,14.26,30.80,0.2394,1,-1,-1
1866,570,1214.86,477.70,30.02,68.04,0.7170,1,-1,-1
1866,576,460.24,468.80,28.78,61.59,0.7264,1,-1,-1
1866,619,1090.33,556.79,29.05,72.47,0.8026,1,-1,-1
1866,283,1038.10,530.52,41.69,91.42,0.8081,1,-1,-1
1866,643,1393.92,394.94,21.39,47.67,0.6645,1,-1,-1
1866,654,1376.18,391.63,19.42,48.03,0.6800,1,-1,-1
1866,642,849.22,536.96,112.45,48.23,0.6960,4,-1,-1
1866,620,183.26,459.23,22.49,49.12,0.3451,1,-1,-1
1866,662,142.18,464.44,23.97,46.28,0.3381,1,-1,-1
1866,676,1511.92,391.20,20.86,39.21,0.2531,1,-1,-1
1866,655,1496.03,339.29,15.48,29.83,0.4388,1,-1,-1
1866,691,1355.78,400.27,20.50,49.29,0.4922,1,-1,-1
1867,506,1474.26,337.00,14.68,32.05,0.4873,1,-1,-1
1867,570,1212.03,477.27,30.22,68.20,0.7372,1,-1,-1
1867,576,457.68,469.07,28.75,61.59,0.7202,1,-1,-1
1867,619,1087.34,556.77,28.56,71.36,0.8075,1,-1,-1
1867,283,1036.03,530.54,41.23,90.85,0.7746,1,-1,-1
1867,643,1392.09,395.30,20.95,47.01,0.6325,1,-1,-1
1867,654,1373.85,391.85,19.25,47.66,0.6663,1,-1,-1
1867,642,847.36,536.95,112.54,48.33,0.7042,4,-1,-1
1867,620,180.92,459.37,22.34,48.98,0.2234,2,-1,-1
1867,662,139.65,464.25,24.30,45.98,0.2910,1,-1,-1
1867,676,1508.05,391.25,21.04,39.62,0.1012,1,-1,-1
1867,655,1492.64,338.26,15.99,30.80,0.5419,1,-1,-1
1867,691,1352.48,400.43,20.73,49.85,0.4863,1,-1,-1
1868,506,1470.85,336.09,14.54,31.79,0.4130,1,-1,-1
1868,570,1209.46,475.65,30.89,70.35,0.7114,1,-1,-1
1868,576,453.30,469.44,28.68,61.36,0.7356,1,-1,-1
1868,619,1083.38,555.84,28.71,71.94,0.8001,1,-1,-1
1868,283,1032.27,529.99,41.40,91.37,0.7925,1,-1,-1
1868,643,1387.93,394.83,21.10,47.14,0.6123,1,-1,-1
1868,654,1369.89,390.59,19.70,48.66,0.5898,1,-1,-1
1868,642,844.72,537.08,108.87,46.73,0.6910,4,-1,-1
1868,620,176.68,460.65,21.82,47.81,0.4225,1,-1,-1
1868,662,136.76,463.74,24.46,45.98,0.2531,2,-1,-1
1868,676,1503.71,392.05,20.69,38.96,0.2480,1,-1,-1
1868,655,1488.23,337.93,16.13,30.95,0.3558,1,-1,-1
1868,691,1350.44,403.69,19.23,46.39,0.5535,1,-1,-1
1869,506,1466.62,335.07,14.78,32.19,0.1640,1,-1,-1
1869,570,1206.33,475.51,30.21,69.19,0.6645,1,-1,-1
1869,576,448.41,469.81,28.83,61.64,0.7138,1,-1,-1
1869,619,1078.68,554.68,28.62,71.92,0.7860,1,-1,-1
1869,283,1028.90,530.12,41.32,90.82,0.7606,1,-1,-1
1869,643,1383.34,394.69,20.99,46.95,0.6628,1,-1,-1
1869,654,1365.52,390.59,19.37,47.99,0.6783,1,-1,-1
1869,642,841.67,537.27,107.98,46.27,0.7295,4,-1,-1
1869,620,172.40,460.42,22.27,48.98,0.4600,1,-1,-1
1869,662,132.52,462.71,25.23,48.09,0.3831,1,-1,-1
1869,676,1498.63,386.42,23.63,44.61,0.3522,1,-1,-1
1869,655,1484.18,337.62,16.55,31.81,0.3639,1,-1,-1
1869,691,1346.73,402.79,19.58,47.45,0.5390,1,-1,-1
1870,506,1463.15,336.15,14.89,32.70,0.4378,1,-1,-1
1870,570,1204.26,474.14,29.41,67.93,0.6663,1,-1,-1
1870,576,445.00,469.97,28.95,61.52,0.6960,1,-1,-1
1870,619,1075.55,553.91,28.50,72.08,0.7807,1,-1,-1
1870,283,1026.25,530.13,41.17,90.44,0.7759,1,-1,-1
1870,643,1380.96,394.98,20.68,46.62,0.6697,1,-1,-1
1870,654,1363.02,390.62,19.11,47.53,0.6817,1,-1,-1
1870,642,839.15,537.38,107.98,46.26,0.7106,4,-1,-1
1870,620,169.84,460.09,22.28,49.12,0.5107,1,-1,-1
1870,662,130.01,463.36,25.93,50.06,0.1865,2,-1,-1
1870,676,1495.50,387.84,22.53,42.88,0.1515,1,-1,-1
1870,655,1480.98,337.33,16.41,31.60,0.4659,1,-1,-1
1870,691,1343.82,399.06,19.71,47.70,0.3381,1,-1,-1
1871,506,1459.78,335.48,14.67,32.26,0.3513,1,-1,-1
1871,570,1200.61,473.18,28.81,66.56,0.7130,1,-1,-1
1871,576,440.95,470.93,28.39,60.39,0.6680,1,-1,-1
1871,619,1071.89,553.71,28.20,71.59,0.7976,1,-1,-1
1871,283,1022.59,529.37,41.42,91.16,0.7925,1,-1,-1
1871,643,1377.33,394.20,20.94,47.19,0.6628,1,-1,-1
1871,654,1358.83,389.98,19.35,48.04,0.5974,1,-1,-1
1871,642,835.52,537.56,108.95,46.58,0.7402,4,-1,-1
1871,620,164.86,460.92,21.99,48.51,0.5361,1,-1,-1
1871,662,123.80,463.51,26.36,51.31,0.4407,1,-1,-1
1871,676,1491.98,388.30,21.71,41.83,0.1727,1,-1,-1
1871,655,1476.87,338.01,15.96,30.58,0.2659,1,-1,-1
1871,691,1341.49,403.67,18.20,43.95,0.4844,1,-1,-1
1872,506,1456.13,336.88,13.93,30.92,0.3730,1,-1,-1
1872,570,1198.71,472.84,28.68,66.49,0.7349,1,-1,-1
1872,576,437.89,470.89,28.40,60.08,0.6910,1,-1,-1
1872,619,1069.01,553.54,27.97,71.41,0.7950,1,-1,-1
1872,283,1019.86,528.95,41.49,91.55,0.7753,1,-1,-1
1872,643,1375.02,394.33,20.54,46.25,0.6433,1,-1,-1
1872,654,1356.34,389.82,19.12,47.66,0.6610,1,-1,-1
1872,642,832.47,537.50,109.73,46.94,0.6775,4,-1,-1
1872,620,162.36,462.03,21.40,47.24,0.5146,1,-1,-1
1872,662,118.49,464.77,25.46,50.23,0.3702,1,-1,-1
1872,676,1489.71,393.97,19.18,36.48,0.3849,1,-1,-1
1872,655,1474.22,338.64,15.53,29.79,0.4795,1,-1,-1
1872,691,1339.49,406.16,17.09,41.39,0.4873,1,-1,-1
1872,700,197.39,433.70,18.69,43.55,0.4639,1,-1,-1
1873,506,1452.36,338.86,13.46,30.14,0.4591,1,-1,-1
1873,570,1195.73,472.90,27.96,65.14,0.6851,1,-1,-1
1873,576,433.61,470.31,28.79,60.86,0.6926,1,-1,-1
1873,619,1064.94,552.79,28.19,72.14,0.7873,1,-1,-1
1873,283,1016.42,529.54,41.54,91.44,0.7905,1,-1,-1
1873,643,1371.55,394.47,20.14,45.61,0.6749,1,-1,-1
1873,654,1352.70,389.93,18.94,47.39,0.6817,1,-1,-1
1873,642,828.25,537.38,110.40,47.14,0.7372,4,-1,-1
1873,620,159.71,462.01,22.17,48.70,0.4465,1,-1,-1
1873,662,115.94,464.75,26.43,52.62,0.5176,1,-1,-1
1873,676,1485.26,388.17,21.55,41.44,0.2180,1,-1,-1
1873,655,1470.15,338.58,15.42,29.54,0.4844,1,-1,-1
1873,691,1336.52,406.02,17.23,42.17,0.5283,1,-1,-1
1874,506,1448.93,336.45,13.92,31.20,0.3730,1,-1,-1
1874,570,1192.10,472.24,27.90,65.21,0.6817,1,-1,-1
1874,576,428.92,471.12,28.70,60.50,0.6893,1,-1,-1
1874,619,1060.83,553.05,28.01,72.02,0.7925,1,-1,-1
1874,283,1012.67,529.99,41.37,91.42,0.7718,1,-1,-1
1874,643,1367.85,393.89,20.35,46.21,0.6252,1,-1,-1
1874,654,1349.15,390.07,18.52,46.58,0.6487,1,-1,-1
1874,642,824.72,537.26,111.59,47.68,0.7341,4,-1,-1
1874,620,153.70,462.45,21.44,47.45,0.4630,1,-1,-1
1874,662,113.01,463.92,26.25,52.41,0.2926,1,-1,-1
1874,676,1480.66,392.47,19.74,38.13,0.1925,1,-1,-1
1874,655,1465.98,338.42,15.80,30.36,0.3486,1,-1,-1
1874,691,1333.65,407.02,17.04,41.95,0.4707,1,-1,-1
1875,506,1444.64,335.72,14.13,31.84,0.3657,1,-1,-1
1875,570,1189.32,472.22,27.60,64.68,0.7017,1,-1,-1
1875,576,425.50,471.40,28.79,60.75,0.6826,1,-1,-1
1875,619,1058.16,553.12,28.00,71.91,0.7937,1,-1,-1
1875,283,1010.53,529.38,41.27,91.39,0.7454,1,-1,-1
1875,643,1364.96,393.27,20.20,45.68,0.6451,1,-1,-1
1875,654,1346.30,390.17,18.21,45.84,0.5756,1,-1,-1
1875,642,822.20,537.67,110.71,47.23,0.7186,4,-1,-1
1875,620,151.14,463.09,21.07,46.76,0.5146,1,-1,-1
1875,662,110.19,464.81,26.40,52.54,0.3277,1,-1,-1
1875,676,1477.98,392.62,19.60,37.56,0.3416,1,-1,-1
1875,655,1462.53,338.36,15.84,30.66,0.5010,1,-1,-1
1875,691,1330.77,408.43,16.57,40.85,0.5127,1,-1,-1
1875,701,-0.69,445.10,22.30,54.92,0.4776,1,-1,-1
1876,506,1441.44,335.98,14.42,32.42,0.1500,1,-1,-1
1876,570,1185.47,471.85,28.30,66.22,0.7001,1,-1,-1
1876,576,421.29,471.58,29.14,61.36,0.6584,1,-1,-1
1876,619,1054.05,552.30,28.25,73.04,0.7820,1,-1,-1
1876,283,1007.30,529.52,40.86,90.20,0.7705,1,-1,-1
1876,643,1361.23,393.87,19.33,43.85,0.5860,1,-1,-1
1876,654,1341.97,389.64,18.48,46.59,0.6307,1,-1,-1
1876,642,818.41,537.38,107.86,45.95,0.6680,4,-1,-1
1876,620,147.91,462.98,21.73,47.37,0.5448,1,-1,-1
1876,662,105.57,465.31,26.17,52.16,0.4902,1,-1,-1
1876,676,1473.81,391.61,20.13,38.52,0.1907,1,-1,-1
1876,655,1458.75,338.56,15.35,29.80,0.4330,1,-1,-1
1876,691,1327.15,407.93,16.75,41.69,0.4737,1,-1,-1
1876,701,-4.43,445.46,22.54,56.04,0.3989,1,-1,-1
1877,506,1438.29,337.76,13.88,31.42,0.5506,1,-1,-1
1877,570,1183.54,472.21,28.17,65.80,0.6749,1,-1,-1
1877,576,418.02,472.02,28.98,61.26,0.6817,1,-1,-1
1877,619,1051.35,551.94,28.50,73.82,0.7912,1,-1,-1
1877,283,1004.75,529.43,40.92,90.00,0.7879,1,-1,-1
1877,643,1359.06,394.25,19.10,43.47,0.6749,1,-1,-1
1877,654,1339.73,390.16,18.36,46.71,0.6469,1,-1,-1
1877,642,815.39,537.12,108.52,46.31,0.7349,4,-1,-1
1877,620,143.32,462.24,21.39,47.09,0.3989,1,-1,-1
1877,662,102.99,466.38,25.84,51.47,0.5554,1,-1,-1
1877,676,1470.82,393.16,19.36,36.98,0.2261,1,-1,-1
1877,655,1456.23,338.61,15.24,29.70,0.5784,1,-1,-1
1877,691,1325.08,407.41,16.29,40.48,0.5341,1,-1,-1
1878,506,1434.03,335.61,14.11,31.93,0.4064,1,-1,-1
1878,570,1180.12,471.81,28.01,65.40,0.6910,1,-1,-1
1878,576,414.57,472.57,29.13,61.27,0.6723,1,-1,-1
1878,619,1047.33,552.42,28.46,73.99,0.7873,1,-1,-1
1878,283,1000.99,529.05,41.11,90.55,0.8050,1,-1,-1
1878,643,1355.03,393.62,19.80,44.94,0.6379,1,-1,-1
1878,654,1335.90,389.60,18.49,46.88,0.6289,1,-1,-1
1878,642,813.67,537.52,107.40,45.59,0.7402,4,-1,-1
1878,620,140.49,462.58,21.45,46.89,0.5117,1,-1,-1
1878,662,100.70,466.98,25.88,51.67,0.3621,1,-1,-1
1878,676,1466.58,395.35,18.72,35.35,0.4417,1,-1,-1
1878,655,1451.53,338.30,15.54,30.35,0.5390,1,-1,-1
1878,691,1321.27,400.62,18.62,46.88,0.3612,1,-1,-1
1879,506,1429.95,335.20,14.21,32.00,0.1086,1,-1,-1
1879,570,1176.19,472.21,28.46,66.10,0.7082,1,-1,-1
1879,576,409.53,472.07,30.10,63.46,0.7074,1,-1,-1
1879,619,1042.55,552.34,28.64,74.70,0.7988,1,-1,-1
1879,283,996.39,528.88,41.23,90.94,0.8205,1,-1,-1
1879,643,1350.76,393.57,19.43,44.24,0.6252,1,-1,-1
1879,654,1331.77,388.53,18.70,47.90,0.6361,1,-1,-1
1879,642,808.95,537.45,108.36,45.81,0.6352,4,-1,-1
1879,620,134.05,462.63,21.61,46.97,0.1294,2,-1,-1
1879,662,96.41,467.13,26.17,52.13,0.1772,1,-1,-1
1879,676,1462.07,392.94,20.30,38.08,0.3191,1,-1,-1
1879,655,1447.32,338.15,15.75,30.73,0.3149,1,-1,-1
1879,691,1317.64,396.08,19.53,49.58,0.1603,1,-1,-1
1880,506,1426.07,334.49,14.85,33.75,0.5554,1,-1,-1
1880,570,1174.55,471.72,28.54,66.01,0.7295,1,-1,-1
1880,576,407.04,472.51,29.44,62.03,0.7090,1,-1,-1
1880,619,1039.94,552.11,28.36,73.93,0.8001,1,-1,-1
1880,283,993.72,529.19,41.14,90.83,0.7820,1,-1,-1
1880,643,1347.59,393.51,19.66,44.77,0.6628,1,-1,-1
1880,654,1329.08,389.33,18.48,47.40,0.6123,1,-1,-1
1880,642,805.34,537.26,109.06,46.07,0.5322,4,-1,-1
1880,620,131.17,463.05,21.01,46.39,0.2101,1,-1,-1
1880,662,92.37,468.04,25.77,50.93,0.4130,1,-1,-1
1880,676,1458.89,395.11,19.48,36.07,0.3166,1,-1,-1
1880,655,1444.16,337.36,16.41,32.14,0.5746,1,-1,-1
1880,691,1313.96,399.29,18.76,48.09,0.4436,1,-1,-1
1881,506,1422.28,334.54,14.61,33.55,0.4301,1,-1,-1
1881,570,1170.79,472.36,28.39,65.12,0.6645,1,-1,-1
1881,576,402.85,473.20,29.73,62.43,0.6316,1,-1,-1
1881,619,1036.51,551.81,27.87,72.72,0.7931,1,-1,-1
1881,283,990.59,529.87,40.93,90.40,0.8093,1,-1,-1
1881,643,1344.15,393.58,19.67,44.61,0.6343,1,-1,-1
1881,654,1324.42,389.40,18.31,46.67,0.6343,1,-1,-1
1881,642,802.70,537.09,109.13,46.00,0.6689,4,-1,-1
1881,620,128.51,463.59,20.88,45.81,0.3693,1,-1,-1
1881,662,88.09,468.39,25.84,50.19,0.3877,1,-1,-1
1881,676,1453.42,389.49,22.48,41.75,0.4311,1,-1,-1
1881,655,1439.61,337.16,16.13,31.59,0.3886,1,-1,-1
1881,691,1311.24,397.37,18.94,48.88,0.3989,1,-1,-1
1882,506,1419.02,334.32,14.66,33.65,0.4668,1,-1,-1
1882,570,1168.13,472.26,28.34,64.55,0.6918,1,-1,-1
1882,576,399.92,473.55,30.01,63.36,0.6442,1,-1,-1
1882,619,1034.19,551.57,27.50,71.40,0.7746,1,-1,-1
1882,283,988.05,529.84,40.98,90.60,0.7746,1,-1,-1
1882,643,1341.01,392.99,19.82,44.76,0.6307,1,-1,-1
1882,654,1321.17,389.40,18.95,48.18,0.5244,1,-1,-1
1882,642,800.83,537.06,109.31,45.99,0.5879,4,-1,-1
1882,620,124.77,461.73,23.08,51.08,0.2121,1,-1,-1
1882,662,83.25,468.63,26.27,50.88,0.4455,1,-1,-1
1882,676,1450.36,387.53,23.32,43.40,0.4036,1,-1,-1
1882,655,1436.98,337.26,16.08,31.71,0.5746,1,-1,-1
1882,691,1308.72,398.83,18.23,47.30,0.3355,1,-1,-1
1883,506,1414.68,335.12,14.54,33.62,0.4678,1,-1,-1
1883,570,1163.96,472.74,28.90,65.28,0.7394,1,-1,-1
1883,576,395.64,473.62,30.18,63.23,0.7025,1,-1,-1
1883,619,1030.45,551.45,27.75,72.00,0.7976,1,-1,-1
1883,283,984.18,529.90,40.72,90.05,0.8123,1,-1,-1
1883,643,1336.83,393.59,19.59,44.23,0.6522,1,-1,-1
1883,654,1317.42,388.69,18.88,48.27,0.5429,1,-1,-1
1883,642,795.43,537.21,109.58,46.12,0.4330,4,-1,-1
1883,620,120.30,464.36,26.00,58.31,0.1027,1,-1,-1
1883,662,79.73,469.22,25.98,49.28,0.5020,1,-1,-1
1883,676,1445.48,380.89,25.99,49.05,0.4698,1,-1,-1
1883,655,1433.22,337.00,15.71,30.95,0.5765,1,-1,-1
1883,691,1305.91,400.18,17.82,45.76,0.2636,1,-1,-1
1884,506,1410.77,336.61,13.88,32.04,0.4436,1,-1,-1
1884,570,1160.80,472.67,28.93,64.89,0.6951,1,-1,-1
1884,576,391.06,474.69,30.59,64.30,0.6593,1,-1,-1
1884,619,1026.92,550.99,27.24,70.31,0.7542,1,-1,-1
1884,283,980.72,530.10,40.37,88.85,0.7606,1,-1,-1
1884,643,1333.32,393.30,19.83,45.03,0.5727,1,-1,-1
1884,654,1314.53,388.79,18.58,47.48,0.6179,1,-1,-1
1884,642,791.79,537.48,108.59,45.79,0.6628,4,-1,-1
1884,662,76.72,468.65,27.23,50.39,0.4727,1,-1,-1
1884,676,1442.50,377.13,24.25,46.45,0.1510,1,-1,-1
1884,655,1428.57,338.03,14.96,29.37,0.4591,1,-1,-1
1884,691,1301.97,403.16,16.17,41.27,0.4206,1,-1,-1
1885,506,1407.06,335.59,14.15,32.87,0.4321,1,-1,-1
1885,570,1157.74,472.25,29.25,64.49,0.6868,1,-1,-1
1885,576,387.94,474.79,30.45,64.12,0.7295,1,-1,-1
1885,619,1024.43,550.46,27.30,70.50,0.7670,1,-1,-1
1885,283,977.70,530.47,40.18,88.38,0.7957,1,-1,-1
1885,643,1330.19,393.16,19.88,45.08,0.6142,1,-1,-1
1885,654,1311.28,388.57,18.81,47.85,0.6540,1,-1,-1
1885,642,788.31,537.82,109.57,46.15,0.6715,4,-1,-1
1885,662,72.32,467.84,28.50,52.06,0.3157,2,-1,-1
1885,676,1442.04,372.76,21.49,41.35,0.1651,1,-1,-1
1885,655,1425.42,337.84,15.34,30.29,0.5631,1,-1,-1
1885,691,1298.68,402.26,16.71,42.58,0.3831,1,-1,-1
1886,506,1402.88,336.00,14.13,33.10,0.4707,1,-1,-1
1886,570,1155.09,472.81,28.64,62.75,0.7009,1,-1,-1
1886,576,383.61,474.58,31.47,66.24,0.7186,1,-1,-1
1886,619,1020.15,549.75,27.38,70.53,0.7739,1,-1,-1
1886,283,973.50,529.35,40.80,90.04,0.8013,1,-1,-1
1886,643,1326.02,393.41,19.36,44.14,0.6105,1,-1,-1
1886,654,1307.23,388.10,18.64,47.46,0.5651,1,-1,-1
1886,642,785.08,537.79,109.71,46.03,0.6758,4,-1,-1
1886,662,70.12,468.21,28.58,51.15,0.3558,2,-1,-1
1886,676,1437.93,372.58,21.87,42.66,0.1500,1,-1,-1
1886,655,1421.49,337.59,15.07,29.69,0.5458,1,-1,-1
1886,691,1295.80,397.32,18.74,47.78,0.1023,1,-1,-1
1887,506,1401.31,335.65,13.89,32.49,0.4766,1,-1,-1
1887,570,1152.88,473.01,28.25,61.29,0.7170,1,-1,-1
1887,576,380.77,475.07,31.64,66.69,0.6723,1,-1,-1
1887,619,1017.22,549.06,27.65,71.39,0.7585,1,-1,-1
1887,283,970.76,529.77,40.66,89.76,0.7725,1,-1,-1
1887,643,1323.14,394.00,19.05,43.62,0.6697,1,-1,-1
1887,654,1305.02,388.94,18.14,46.36,0.5898,1,-1,-1
1887,642,782.21,538.03,109.97,45.94,0.5477,4,-1,-1
1887,662,67.10,468.18,28.85,51.26,0.2934,2,-1,-1
1887,676,1432.62,377.43,23.50,46.57,0.1722,1,-1,-1
1887,655,1418.90,338.43,15.11,29.66,0.4902,1,-1,-1
1887,691,1292.10,403.37,16.90,43.14,0.3970,1,-1,-1
1888,506,1396.54,335.74,13.46,31.32,0.4688,1,-1,-1
1888,570,1150.75,472.66,28.39,61.19,0.7249,1,-1,-1
1888,576,377.40,477.09,30.11,63.65,0.6487,1,-1,-1
1888,619,1013.38,548.59,27.58,70.72,0.7649,1,-1,-1
1888,283,967.44,530.19,40.63,89.80,0.7918,1,-1,-1
1888,643,1319.26,393.28,19.23,43.87,0.6270,1,-1,-1
1888,654,1299.72,388.23,18.45,46.46,0.6749,1,-1,-1
1888,642,779.33,538.33,108.87,45.25,0.6654,4,-1,-1
1888,662,63.11,467.64,28.63,51.90,0.3242,1,-1,-1
1888,676,1428.15,375.06,24.13,48.41,0.1556,1,-1,-1
1888,655,1414.52,338.05,15.18,29.96,0.6252,1,-1,-1
1888,691,1289.00,400.06,17.29,44.48,0.2095,1,-1,-1
1889,506,1391.81,337.00,13.12,30.61,0.4961,1,-1,-1
1889,570,1147.86,472.73,28.13,60.40,0.6460,1,-1,-1
1889,576,372.84,476.94,30.41,64.26,0.6514,1,-1,-1
1889,619,1008.60,548.20,28.30,72.78,0.7725,1,-1,-1
1889,283,963.73,529.84,40.38,89.87,0.7670,1,-1,-1
1889,643,1314.16,393.37,19.01,43.45,0.6270,1,-1,-1
1889,654,1294.70,388.27,18.77,47.03,0.5670,1,-1,-1
1889,642,775.32,538.38,109.51,45.31,0.6442,4,-1,-1
1889,662,60.92,468.26,27.56,51.06,0.1432,2,-1,-1
1889,676,1424.68,374.89,23.45,47.33,0.2088,1,-1,-1
1889,655,1409.99,337.84,14.81,29.17,0.5898,1,-1,-1
1889,691,1286.91,395.68,17.38,44.03,0.1859,1,-1,-1
1890,506,1390.01,337.91,12.67,29.39,0.5000,1,-1,-1
1890,570,1143.25,473.10,29.25,61.75,0.6575,1,-1,-1
1890,576,370.34,477.05,30.53,64.46,0.6637,1,-1,-1
1890,619,1005.73,547.79,28.44,73.41,0.7899,1,-1,-1
1890,283,960.77,530.11,40.05,89.31,0.8146,1,-1,-1
1890,643,1311.47,393.99,18.67,42.81,0.6885,1,-1,-1
1890,654,1292.02,387.89,18.42,46.04,0.5823,1,-1,-1
1890,642,772.18,538.34,109.09,45.08,0.4562,4,-1,-1
1890,662,57.26,468.66,26.92,50.30,0.4446,1,-1,-1
1890,676,1423.01,375.46,20.20,40.97,0.2193,1,-1,-1
1890,655,1407.24,339.17,14.38,28.24,0.5419,1,-1,-1
1890,691,1284.47,394.22,17.00,42.38,0.1325,1,-1,-1
1891,506,1384.57,336.66,12.57,29.18,0.4678,1,-1,-1
1891,570,1141.36,473.64,28.33,59.42,0.6451,1,-1,-1
1891,576,365.95,477.67,30.50,64.29,0.7122,1,-1,-1
1891,619,1001.51,547.31,28.56,73.43,0.7461,1,-1,-1
1891,283,957.28,530.38,39.74,88.24,0.7592,1,-1,-1
1891,643,1307.42,392.28,19.16,43.88,0.6160,1,-1,-1
1891,654,1286.78,387.29,19.19,47.17,0.6289,1,-1,-1
1891,642,766.70,538.63,109.73,45.42,0.6049,4,-1,-1
1891,662,51.23,468.10,27.06,50.66,0.4932,1,-1,-1
1891,676,1420.08,370.27,19.28,39.21,0.2214,1,-1,-1
1891,655,1402.42,338.78,14.77,29.18,0.6325,1,-1,-1
1891,691,1280.47,389.11,19.36,47.77,0.2736,1,-1,-1
1892,506,1381.38,337.25,12.64,29.45,0.3329,1,-1,-1
1892,570,1137.71,473.53,29.00,59.15,0.6379,1,-1,-1
1892,576,362.82,477.67,30.20,63.65,0.7520,1,-1,-1
1892,619,998.51,547.46,28.35,73.00,0.7739,1,-1,-1
1892,283,954.29,530.49,39.57,88.01,0.7718,1,-1,-1
1892,643,1303.55,392.06,19.31,44.10,0.6610,1,-1,-1
1892,654,1283.17,387.88,19.66,47.87,0.5185,1,-1,-1
1892,642,765.25,539.06,107.92,44.41,0.7506,4,-1,-1
1892,662,48.18,468.30,27.14,51.32,0.5842,1,-1,-1
1892,676,1415.95,371.91,20.59,42.14,0.2546,1,-1,-1
1892,655,1399.20,338.00,14.79,29.12,0.5254,1,-1,-1
1892,691,1277.01,390.18,19.95,48.72,0.2386,1,-1,-1
1893,506,1377.53,334.06,13.70,31.87,0.4727,1,-1,-1
1893,570,1131.53,473.73,29.95,59.29,0.6645,1,-1,-1
1893,576,358.99,477.53,29.97,62.83,0.7025,1,-1,-1
1893,619,993.92,546.87,28.26,72.83,0.7912,1,-1,-1
1893,283,949.89,530.41,39.80,88.67,0.8001,1,-1,-1
1893,643,1299.20,392.03,19.33,44.07,0.6558,1,-1,-1
1893,654,1278.34,387.49,19.96,48.01,0.5727,1,-1,-1
1893,642,760.92,539.16,109.89,45.15,0.6522,4,-1,-1
1893,662,43.52,468.49,28.23,53.97,0.6160,1,-1,-1
1893,676,1410.57,367.87,22.11,45.88,0.2234,1,-1,-1
1893,655,1394.81,338.12,14.78,28.93,0.4397,1,-1,-1
1894,506,1373.53,332.88,14.05,31.99,0.2386,1,-1,-1
1894,570,1129.65,475.15,29.05,57.00,0.6086,1,-1,-1
1894,576,353.94,477.78,30.28,63.15,0.6843,1,-1,-1
1894,619,989.24,547.44,28.03,72.19,0.7786,1,-1,-1
1894,283,945.50,530.57,40.04,88.93,0.7677,1,-1,-1
1894,643,1294.81,392.28,19.68,44.69,0.6451,1,-1,-1
1894,654,1272.44,386.97,20.68,48.35,0.6628,1,-1,-1
1894,642,756.90,539.33,109.82,45.20,0.5917,4,-1,-1
1894,662,36.74,470.14,27.30,51.67,0.6123,1,-1,-1
1894,676,1406.94,367.59,20.27,41.85,0.1116,1,-1,-1
1894,655,1389.93,338.16,14.84,29.12,0.5898,1,-1,-1
1895,506,1368.91,335.45,13.95,31.85,0.2713,1,-1,-1
1895,570,1125.43,475.73,30.27,57.86,0.6179,1,-1,-1
1895,576,350.76,478.23,30.07,62.51,0.6826,1,-1,-1
1895,619,986.27,547.47,28.30,73.24,0.7766,1,-1,-1
1895,283,942.48,530.88,39.87,88.83,0.7866,1,-1,-1
1895,643,1290.55,392.24,19.58,44.23,0.6783,1,-1,-1
1895,654,1266.20,388.67,21.30,48.65,0.1255,1,-1,-1
1895,642,754.06,539.52,109.05,44.87,0.6817,4,-1,-1
1895,662,33.85,470.58,26.92,50.83,0.7114,1,-1,-1
1895,676,1400.63,373.87,23.56,48.69,0.5535,1,-1,-1
1895,655,1386.05,337.09,15.09,29.45,0.4659,1,-1,-1
1895,691,1269.12,387.81,20.53,48.87,0.5784,1,-1,-1
1896,506,1364.83,333.66,14.46,33.10,0.3961,1,-1,-1
1896,570,1122.06,477.32,30.05,56.30,0.5535,1,-1,-1
1896,576,346.43,477.74,30.49,63.01,0.7170,1,-1,-1
1896,619,981.82,547.27,28.16,72.95,0.7833,1,-1,-1
1896,283,939.13,531.30,39.37,88.09,0.7873,1,-1,-1
1896,643,1286.30,391.93,19.67,44.29,0.6680,1,-1,-1
1896,642,749.96,539.49,110.10,45.09,0.6689,4,-1,-1
1896,662,28.61,469.76,28.33,53.56,0.6197,1,-1,-1
1896,676,1398.10,372.51,20.51,42.15,0.1330,1,-1,-1
1896,655,1382.13,338.18,14.50,28.15,0.4330,1,-1,-1
1896,691,1264.88,386.97,21.02,49.71,0.6086,1,-1,-1
1897,506,1360.57,333.08,14.42,33.18,0.3693,1,-1,-1
1897,570,1117.35,477.76,31.28,56.72,0.5917,1,-1,-1
1897,576,343.25,478.18,30.36,62.71,0.6558,1,-1,-1
1897,619,978.64,547.53,28.19,72.83,0.7635,1,-1,-1
1897,283,936.13,531.39,39.32,87.99,0.8050,1,-1,-1
1897,643,1283.38,391.57,20.01,45.21,0.6197,1,-1,-1
1897,642,745.81,539.70,110.16,45.17,0.5137,4,-1,-1
1897,662,22.78,470.56,28.16,53.28,0.5156,1,-1,-1
1897,676,1393.64,374.06,21.31,44.09,0.1048,1,-1,-1
1897,655,1378.62,338.31,14.62,28.43,0.5993,1,-1,-1
1897,691,1261.53,387.97,21.10,48.92,0.6011,1,-1,-1
1898,506,1356.77,332.45,14.79,33.71,0.1466,1,-1,-1
1898,570,1112.85,477.87,32.30,57.04,0.6160,1,-1,-1
1898,576,338.48,478.07,30.57,62.83,0.7202,1,-1,-1
1898,619,974.57,547.95,28.15,72.65,0.7585,1,-1,-1
1898,283,932.29,531.34,39.10,87.40,0.7621,1,-1,-1
1898,643,1278.62,391.96,19.83,44.39,0.6522,1,-1,-1
1898,642,741.42,539.60,109.05,44.71,0.7098,4,-1,-1
1898,662,18.42,470.69,28.65,54.10,0.5146,1,-1,-1
1898,676,1387.72,379.71,22.12,45.93,0.2926,1,-1,-1
1898,655,1373.87,337.40,15.11,29.27,0.4854,1,-1,-1
1898,691,1259.31,388.00,21.85,50.26,0.2568,1,-1,-1
1898,654,1253.98,388.00,23.33,52.75,0.5727,1,-1,-1
1899,506,1351.88,331.88,14.40,32.93,0.3329,1,-1,-1
1899,570,1110.03,478.32,32.52,56.41,0.4941,1,-1,-1
1899,576,333.36,478.08,32.05,65.85,0.6775,1,-1,-1
1899,619,969.23,547.74,28.04,72.18,0.7886,1,-1,-1
1899,283,928.04,531.18,39.37,88.45,0.7873,1,-1,-1
1899,643,1274.44,392.67,19.55,43.70,0.6307,1,-1,-1
1899,642,737.11,539.79,110.19,44.91,0.7295,4,-1,-1
1899,662,13.19,471.38,28.18,52.62,0.4007,1,-1,-1
1899,676,1382.86,383.02,21.75,44.98,0.3576,1,-1,-1
1899,655,1368.99,337.48,14.86,28.56,0.2991,1,-1,-1
1899,654,1250.52,388.30,22.70,51.17,0.6270,1,-1,-1
1900,506,1348.09,331.90,14.33,32.70,0.4158,1,-1,-1
1900,570,1107.43,479.50,32.02,54.39,0.3821,1,-1,-1
1900,576,329.35,478.68,32.17,66.21,0.6160,1,-1,-1
1900,619,965.27,548.27,27.89,71.58,0.7739,1,-1,-1
1900,283,924.75,531.39,39.31,88.33,0.8075,1,-1,-1
1900,643,1271.18,392.01,20.17,45.23,0.6289,1,-1,-1
1900,642,734.34,539.89,110.88,45.14,0.6628,4,-1,-1
1900,662,9.73,471.47,28.27,52.31,0.4844,1,-1,-1
1900,676,1380.05,385.72,21.08,43.17,0.4359,1,-1,-1
1900,655,1365.84,337.79,14.78,28.48,0.6086,1,-1,-1
1900,654,1248.34,388.58,22.12,49.17,0.6645,1,-1,-1
1901,506,1343.48,333.16,14.57,33.26,0.4475,1,-1,-1
1901,570,1104.90,480.22,31.00,52.18,0.3585,1,-1,-1
1901,576,324.55,478.70,31.44,63.95,0.6206,1,-1,-1
1901,619,961.83,548.08,28.12,72.34,0.7628,1,-1,-1
1901,283,920.70,531.40,39.58,88.86,0.7677,1,-1,-1
1901,643,1266.93,392.54,19.59,43.81,0.6645,1,-1,-1
1901,642,730.57,540.06,110.33,44.91,0.7409,4,-1,-1
1901,662,7.22,471.60,28.38,51.59,0.4717,1,-1,-1
1901,676,1375.14,384.76,21.71,44.35,0.4292,1,-1,-1
1901,655,1361.62,337.55,14.81,28.33,0.5708,1,-1,-1
1901,654,1243.30,388.36,23.41,52.23,0.6197,1,-1,-1
1902,506,1340.89,332.19,14.58,33.39,0.4571,1,-1,-1
1902,570,1102.46,480.79,30.94,51.66,0.3416,1,-1,-1
1902,576,321.42,478.98,31.87,64.18,0.6619,1,-1,-1
1902,619,958.44,547.62,28.00,72.01,0.7739,1,-1,-1
1902,283,917.98,531.95,39.12,88.15,0.7813,1,-1,-1
1902,643,1263.94,392.99,19.51,43.64,0.6270,1,-1,-1
1902,642,727.67,540.27,108.99,44.16,0.7025,4,-1,-1
1902,662,3.80,471.65,29.28,52.18,0.4121,1,-1,-1
1902,676,1371.74,385.74,21.34,43.69,0.4177,1,-1,-1
1902,655,1358.81,338.69,14.38,27.35,0.4649,1,-1,-1
1902,654,1239.24,388.57,24.19,54.60,0.6307,1,-1,-1
1903,506,1337.42,331.73,14.54,32.77,0.3355,1,-1,-1
1903,570,1097.72,482.12,31.11,51.13,0.1694,1,-1,-1
1903,576,316.63,480.05,31.51,62.74,0.7813,1,-1,-1
1903,619,953.44,547.63,28.04,72.21,0.7535,1,-1,-1
1903,283,914.05,532.08,39.03,88.20,0.7766,1,-1,-1
1903,643,1260.25,391.80,19.60,44.00,0.6610,1,-1,-1
1903,642,722.95,540.46,109.14,43.96,0.7677,4,-1,-1
1903,662,-0.11,471.08,29.62,52.89,0.4330,1,-1,-1
1903,676,1367.40,387.24,21.04,42.82,0.4717,1,-1,-1
1903,655,1353.83,338.28,14.58,27.58,0.5302,1,-1,-1
1903,654,1235.99,387.69,23.93,54.11,0.6575,1,-1,-1
1904,506,1331.47,333.82,13.68,30.92,0.4426,1,-1,-1
1904,570,1092.12,482.27,31.59,51.00,0.2751,2,-1,-1
1904,576,310.61,479.99,32.22,63.83,0.7186,1,-1,-1
1904,619,948.01,547.15,27.70,71.84,0.7684,1,-1,-1
1904,283,908.93,531.44,39.09,88.64,0.7082,1,-1,-1
1904,643,1255.41,392.46,19.11,42.97,0.6433,1,-1,-1
1904,642,719.06,540.63,107.31,43.05,0.7732,4,-1,-1
1904,676,1361.07,383.66,22.72,46.94,0.2323,1,-1,-1
1904,655,1348.31,338.78,14.50,27.50,0.4397,1,-1,-1
1904,654,1230.87,387.79,23.86,54.31,0.6105,1,-1,-1
1905,506,1327.78,334.11,13.58,30.83,0.3730,1,-1,-1
1905,570,1088.62,482.87,31.89,50.53,0.1694,2,-1,-1
1905,576,305.85,480.83,31.69,63.47,0.5936,1,-1,-1
1905,619,943.88,547.35,27.06,70.30,0.7642,1,-1,-1
1905,283,905.71,531.57,38.87,88.47,0.7628,1,-1,-1
1905,643,1252.48,392.75,18.53,41.69,0.6663,1,-1,-1
1905,642,715.93,540.71,108.04,43.16,0.7827,4,-1,-1
1905,676,1357.51,385.74,21.64,45.12,0.1999,1,-1,-1
1905,655,1344.53,338.51,14.32,27.08,0.3849,1,-1,-1
1905,654,1227.13,388.20,23.62,54.49,0.6540,1,-1,-1
1906,506,1322.92,337.20,12.39,28.19,0.2282,1,-1,-1
1906,570,1083.66,484.12,31.22,47.78,0.4436,2,-1,-1
1906,576,299.86,481.15,32.70,65.19,0.6225,1,-1,-1
1906,619,938.72,547.07,27.40,71.86,0.7241,1,-1,-1
1906,283,901.16,532.11,38.72,88.00,0.7846,1,-1,-1
1906,643,1247.57,391.84,19.01,42.65,0.6433,1,-1,-1
1906,642,710.66,540.81,109.93,44.07,0.6680,4,-1,-1
1906,676,1352.45,380.90,22.84,48.06,0.2934,1,-1,-1
1906,655,1339.44,338.48,14.41,27.23,0.3217,1,-1,-1
1906,654,1223.16,387.65,23.03,53.41,0.6252,1,-1,-1
1907,506,1318.43,335.68,13.50,30.96,0.4092,1,-1,-1
1907,570,1081.64,485.41,30.53,45.63,0.4168,2,-1,-1
1907,576,296.16,481.16,33.61,66.62,0.6549,1,-1,-1
1907,619,935.52,546.56,27.42,72.46,0.7628,1,-1,-1
1907,283,898.07,532.11,39.00,88.57,0.7677,1,-1,-1
1907,643,1243.79,391.40,19.48,43.73,0.6935,1,-1,-1
1907,642,707.83,540.80,111.17,44.55,0.7372,4,-1,-1
1907,676,1349.18,382.61,21.56,45.35,0.2553,1,-1,-1
1907,655,1335.93,338.84,14.52,27.41,0.3849,1,-1,-1
1907,654,1219.56,388.01,23.12,53.88,0.6558,1,-1,-1
1908,506,1312.64,335.10,13.76,31.79,0.3540,1,-1,-1
1908,576,290.76,482.02,33.47,66.40,0.7170,1,-1,-1
1908,619,929.80,546.26,27.65,73.28,0.7341,1,-1,-1
1908,283,893.57,532.40,38.81,88.54,0.7766,1,-1,-1
1908,643,1238.96,390.80,19.37,43.49,0.6918,1,-1,-1
1908,642,702.67,540.76,112.31,45.02,0.7058,4,-1,-1
1908,676,1344.86,389.95,19.23,39.56,0.2114,1,-1,-1
1908,655,1330.34,338.32,14.75,27.90,0.3478,1,-1,-1
1908,654,1215.14,388.33,22.53,53.23,0.6800,1,-1,-1
1909,506,1308.23,335.95,13.93,32.02,0.1045,1,-1,-1
1909,576,283.14,481.52,35.09,70.08,0.6179,1,-1,-1
1909,619,924.66,546.17,27.31,72.89,0.7527,1,-1,-1
1909,283,888.92,532.60,38.53,87.75,0.7670,1,-1,-1
1909,643,1233.04,390.15,19.76,44.35,0.6433,1,-1,-1
1909,642,697.47,541.37,110.43,44.15,0.6602,4,-1,-1
1909,676,1339.23,392.39,17.83,36.25,0.3065,1,-1,-1
1909,655,1324.38,337.27,15.59,29.55,0.4225,1,-1,-1
1909,654,1209.60,387.83,22.53,53.56,0.6540,1,-1,-1
1910,506,1304.64,334.26,14.06,32.46,0.3979,1,-1,-1
1910,576,279.08,482.57,35.16,70.99,0.6834,1,-1,-1
1910,619,921.35,546.43,26.75,71.88,0.7873,1,-1,-1
1910,283,884.51,532.11,38.84,88.56,0.7394,1,-1,-1
1910,643,1229.34,390.79,19.26,43.14,0.6415,1,-1,-1
1910,642,694.53,541.62,109.05,43.50,0.6775,4,-1,-1
1910,676,1335.13,389.05,19.31,39.08,0.2790,1,-1,-1
1910,655,1320.75,337.72,14.95,28.38,0.3522,1,-1,-1
1910,654,1206.82,388.16,21.90,52.38,0.6749,1,-1,-1
1911,506,1299.11,335.50,13.04,30.14,0.2422,1,-1,-1
1911,576,273.60,482.94,34.23,69.02,0.6876,1,-1,-1
1911,619,915.71,546.49,26.95,72.40,0.7670,1,-1,-1
1911,283,880.24,532.42,38.58,88.26,0.8158,1,-1,-1
1911,643,1225.31,390.28,19.05,42.86,0.6451,1,-1,-1
1911,642,688.78,541.46,112.21,44.72,0.6740,4,-1,-1
1911,676,1329.21,382.50,22.05,45.07,0.4620,1,-1,-1
1911,655,1315.46,337.76,14.77,27.90,0.3657,1,-1,-1
1911,654,1202.19,387.75,21.44,51.74,0.6593,1,-1,-1
1912,506,1294.04,333.40,14.12,32.93,0.4717,1,-1,-1
1912,576,268.40,483.07,35.68,72.61,0.7439,1,-1,-1
1912,619,912.15,546.26,26.97,72.70,0.7599,1,-1,-1
1912,283,877.00,532.81,38.27,87.42,0.7846,1,-1,-1
1912,643,1220.57,389.01,19.91,44.49,0.6307,1,-1,-1
1912,642,683.37,541.39,114.48,45.58,0.5107,4,-1,-1
1912,676,1325.24,384.90,21.09,43.03,0.3739,1,-1,-1
1912,655,1311.73,337.87,14.88,28.09,0.4407,1,-1,-1
1912,654,1198.90,387.74,21.18,51.10,0.6343,1,-1,-1
1912,570,1057.49,485.04,31.89,45.66,0.4776,2,-1,-1
1913,506,1289.64,333.35,14.05,32.25,0.3757,1,-1,-1
1913,576,263.36,483.17,34.44,70.33,0.7138,1,-1,-1
1913,619,906.94,546.51,26.72,72.10,0.7585,1,-1,-1
1913,283,872.05,532.82,38.01,86.99,0.7649,1,-1,-1
1913,643,1215.26,389.02,19.64,43.88,0.6885,1,-1,-1
1913,642,677.54,541.60,112.57,44.88,0.4301,4,-1,-1
1913,676,1320.36,389.72,19.56,39.33,0.3630,1,-1,-1
1913,655,1306.13,337.29,14.97,28.25,0.5088,1,-1,-1
1913,654,1194.68,388.55,20.11,49.13,0.6697,1,-1,-1
1913,570,1052.54,483.80,33.41,47.51,0.2651,2,-1,-1
1914,506,1282.53,332.33,14.64,33.77,0.4484,1,-1,-1
1914,576,256.38,484.12,34.32,70.35,0.6851,1,-1,-1
1914,619,900.78,546.40,26.83,72.57,0.7614,1,-1,-1
1914,283,866.86,532.83,38.07,87.26,0.7807,1,-1,-1
1914,643,1209.42,389.00,19.95,44.37,0.6252,1,-1,-1
1914,642,672.00,541.84,113.98,45.30,0.5438,4,-1,-1
1914,676,1313.88,386.78,20.72,41.60,0.3942,1,-1,-1
1914,655,1300.21,336.70,15.85,29.76,0.4235,1,-1,-1
1914,654,1189.11,387.68,19.88,48.32,0.6030,1,-1,-1
1914,570,1045.89,483.18,34.99,49.61,0.3868,2,-1,-1
1915,506,1278.93,333.67,13.68,31.54,0.3225,1,-1,-1
1915,576,251.89,484.77,33.91,69.65,0.7372,1,-1,-1
1915,619,897.18,546.29,26.42,71.97,0.7925,1,-1,-1
1915,283,862.66,531.34,38.57,88.57,0.6984,1,-1,-1
1915,643,1205.62,390.31,19.27,42.94,0.6433,1,-1,-1
1915,642,669.71,542.30,112.76,44.73,0.6460,4,-1,-1
1915,676,1309.63,384.21,21.72,43.86,0.3425,1,-1,-1
1915,655,1295.56,337.29,15.27,28.64,0.3268,1,-1,-1
1915,654,1185.08,387.97,19.83,48.21,0.6379,1,-1,-1
1915,570,1041.78,481.77,35.59,50.31,0.4455,2,-1,-1
1916,506,1272.98,337.73,12.75,29.54,0.2473,1,-1,-1
1916,576,245.67,485.15,33.48,68.58,0.7606,1,-1,-1
1916,619,891.23,546.60,26.43,72.02,0.7527,1,-1,-1
1916,283,857.38,532.05,38.26,88.14,0.8026,1,-1,-1
1916,643,1200.98,389.69,19.40,43.58,0.6628,1,-1,-1
1916,642,664.64,542.35,113.65,44.92,0.6706,4,-1,-1
1916,676,1303.90,386.04,20.30,41.25,0.3024,1,-1,-1
1916,655,1289.98,337.34,15.25,28.73,0.2910,1,-1,-1
1916,654,1180.44,387.08,19.39,47.22,0.6680,1,-1,-1
1916,570,1035.73,480.84,36.27,51.46,0.2365,1,-1,-1
1917,506,1269.44,337.17,12.97,30.09,0.3739,1,-1,-1
1917,576,241.24,485.22,33.57,68.85,0.7417,1,-1,-1
1917,619,887.77,546.17,26.41,72.43,0.7409,1,-1,-1
1917,283,853.86,532.69,38.00,87.48,0.7766,1,-1,-1
1917,643,1196.09,390.50,19.13,42.84,0.6433,1,-1,-1
1917,642,659.93,542.50,113.27,44.74,0.4581,4,-1,-1
1917,676,1300.33,389.53,18.51,37.58,0.2814,1,-1,-1
1917,655,1286.40,338.52,14.56,27.54,0.3115,1,-1,-1
1917,654,1175.75,388.11,19.45,47.23,0.5727,1,-1,-1
1917,570,1030.40,480.45,36.79,52.22,0.3191,1,-1,-1
1918,576,234.66,486.46,32.62,66.76,0.7334,1,-1,-1
1918,619,881.81,546.22,26.35,72.38,0.7691,1,-1,-1
1918,283,848.14,532.43,37.74,87.05,0.7698,1,-1,-1
1918,643,1190.61,390.58,18.83,42.26,0.6487,1,-1,-1
1918,642,653.59,542.66,110.99,43.92,0.4571,4,-1,-1
1918,676,1293.10,381.90,22.00,45.30,0.3363,1,-1,-1
1918,655,1279.79,337.40,15.28,28.91,0.2160,1,-1,-1
1918,654,1170.54,388.74,18.83,45.78,0.6270,1,-1,-1
1918,570,1025.23,479.82,36.61,52.48,0.4140,1,-1,-1
1919,576,226.91,486.21,33.78,69.13,0.7225,1,-1,-1
1919,619,875.72,546.31,26.00,72.01,0.7571,1,-1,-1
1919,283,842.07,533.17,37.51,86.29,0.6868,1,-1,-1
1919,643,1183.69,391.20,18.76,42.16,0.6325,1,-1,-1
1919,642,648.11,543.00,110.78,43.80,0.6460,4,-1,-1
1919,676,1286.33,377.87,22.62,47.09,0.1495,1,-1,-1
1919,655,1272.50,337.31,15.04,28.63,0.2024,1,-1,-1
1919,654,1163.44,388.18,19.30,46.85,0.6215,1,-1,-1
1919,570,1016.82,477.80,38.12,54.78,0.5784,1,-1,-1
1920,576,222.04,487.78,32.63,66.70,0.7033,1,-1,-1
1920,619,870.88,546.37,25.92,71.44,0.7513,1,-1,-1
1920,283,836.95,531.55,38.56,88.66,0.7303,1,-1,-1
1920,643,1179.07,390.94,18.47,41.66,0.6361,1,-1,-1
1920,642,643.39,543.06,110.33,43.61,0.5699,4,-1,-1
1920,676,1281.68,379.96,21.69,45.34,0.4980,1,-1,-1
1920,655,1268.05,337.73,14.97,28.76,0.2870,1,-1,-1
1920,654,1159.66,388.68,18.78,45.64,0.6067,1,-1,-1
1920,570,1011.68,476.30,38.51,55.90,0.6415,1,-1,-1
1921,576,214.33,487.65,33.79,68.87,0.6179,1,-1,-1
1921,619,865.72,546.65,25.60,71.59,0.7082,1,-1,-1
1921,283,831.60,532.51,38.28,88.18,0.7287,1,-1,-1
1921,643,1172.25,390.32,18.95,42.70,0.6325,1,-1,-1
1921,642,636.57,543.08,112.26,44.27,0.3757,4,-1,-1
1921,676,1275.06,375.92,22.09,46.62,0.1180,1,-1,-1
1921,655,1261.62,337.59,14.52,28.02,0.1045,1,-1,-1
1921,654,1153.91,388.17,18.55,44.83,0.5593,1,-1,-1
1921,570,1004.97,474.69,39.37,58.40,0.6671,1,-1,-1
1922,576,209.12,489.13,33.22,67.61,0.6160,1,-1,-1
1922,619,860.72,546.23,25.96,72.43,0.7698,1,-1,-1
1922,283,826.83,532.36,38.34,88.28,0.6926,1,-1,-1
1922,643,1168.13,388.77,19.50,44.35,0.6270,1,-1,-1
1922,642,631.68,542.88,112.79,44.48,0.6334,4,-1,-1
1922,676,1270.03,374.69,22.77,48.69,0.1510,1,-1,-1
1922,654,1149.25,388.24,18.87,45.64,0.6086,1,-1,-1
1922,570,1001.20,473.82,38.74,59.01,0.6697,1,-1,-1
1923,576,201.49,489.40,34.88,70.99,0.6868,1,-1,-1
1923,619,854.81,546.71,25.47,71.79,0.7033,1,-1,-1
1923,283,821.24,532.86,38.21,88.53,0.7469,1,-1,-1
1923,643,1161.08,388.12,19.89,45.23,0.5804,1,-1,-1
1923,642,624.51,543.54,114.54,44.98,0.7417,4,-1,-1
1923,676,1263.97,372.46,22.69,48.86,0.2666,1,-1,-1
1923,654,1143.15,386.85,19.09,46.15,0.6307,1,-1,-1
1923,570,994.30,472.46,38.78,60.47,0.6505,1,-1,-1
1924,576,192.55,490.43,34.87,70.65,0.4668,1,-1,-1
1924,619,847.45,545.92,25.76,72.62,0.7424,1,-1,-1
1924,283,813.89,532.03,38.71,89.63,0.7287,1,-1,-1
1924,643,1154.33,388.11,19.41,44.42,0.5823,1,-1,-1
1924,642,616.75,543.61,116.42,45.56,0.6654,4,-1,-1
1924,676,1256.54,372.33,23.17,50.56,0.3398,1,-1,-1
1924,654,1136.22,387.10,18.99,45.97,0.6215,1,-1,-1
1924,570,987.14,471.29,38.06,61.10,0.6749,1,-1,-1
1925,576,187.07,490.70,35.02,70.79,0.5156,1,-1,-1
1925,619,842.76,546.37,25.28,71.73,0.7513,1,-1,-1
1925,283,809.21,532.70,38.23,88.84,0.7513,1,-1,-1
1925,643,1148.66,387.26,20.08,45.87,0.5010,1,-1,-1
1925,642,610.98,543.74,117.98,46.11,0.5263,4,-1,-1
1925,676,1251.67,379.08,20.73,45.18,0.2275,1,-1,-1
1925,654,1130.90,385.87,19.48,47.16,0.6215,1,-1,-1
1925,570,982.13,471.16,37.46,61.47,0.6654,1,-1,-1
1925,710,844.54,427.33,24.08,48.64,0.5107,1,-1,-1
1926,576,178.76,490.62,36.12,73.07,0.4834,1,-1,-1
1926,619,835.69,545.57,25.85,73.17,0.7394,1,-1,-1
1926,283,802.46,531.87,39.02,90.21,0.7210,1,-1,-1
1926,643,1142.33,388.08,19.32,44.42,0.5955,1,-1,-1
1926,642,602.91,543.85,118.79,46.42,0.5496,4,-1,-1
1926,676,1244.07,372.16,23.30,51.32,0.3398,1,-1,-1
1926,654,1124.44,386.19,19.47,47.19,0.6289,1,-1,-1
1926,570,974.82,470.27,37.04,62.59,0.6766,1,-1,-1
1926,710,839.04,427.88,23.64,47.78,0.5039,1,-1,-1
1927,576,173.67,491.30,35.49,72.09,0.5651,1,-1,-1
1927,619,830.86,545.35,25.76,72.97,0.7520,1,-1,-1
1927,283,797.61,532.88,38.52,89.35,0.7241,1,-1,-1
1927,643,1136.28,386.69,20.28,46.48,0.4922,1,-1,-1
1927,642,597.23,544.51,119.13,46.43,0.7122,4,-1,-1
1927,676,1239.55,370.35,21.92,48.21,0.2006,1,-1,-1
1927,654,1119.21,385.11,19.62,47.53,0.5535,1,-1,-1
1927,570,969.56,470.08,36.43,63.25,0.6697,1,-1,-1
1927,710,834.21,428.34,23.88,48.21,0.5832,1,-1,-1
1928,576,165.51,491.98,35.30,71.47,0.2830,1,-1,-1
1928,619,823.73,545.18,26.10,73.66,0.7599,1,-1,-1
1928,283,790.33,532.03,39.42,91.10,0.7303,1,-1,-1
1928,643,1129.76,387.43,20.04,46.01,0.5020,1,-1,-1
1928,642,589.53,544.83,119.52,46.46,0.7138,4,-1,-1
1928,676,1233.49,364.39,22.89,51.02,0.2316,1,-1,-1
1928,654,1112.55,384.87,19.93,48.43,0.5525,1,-1,-1
1928,570,961.94,470.04,35.75,63.93,0.6749,1,-1,-1
1928,710,827.71,428.64,24.05,48.51,0.5185,1,-1,-1
1929,576,156.13,493.16,35.89,72.58,0.4168,1,-1,-1
1929,619,815.96,545.03,26.21,74.36,0.7379,1,-1,-1
1929,283,782.95,533.39,39.04,90.11,0.7050,1,-1,-1
1929,643,1122.18,387.09,19.85,45.68,0.5341,1,-1,-1
1929,642,581.95,545.21,119.57,46.43,0.6926,4,-1,-1
1929,676,1227.74,365.98,19.71,43.81,0.1196,1,-1,-1
1929,654,1104.10,385.45,19.52,47.34,0.5631,1,-1,-1
1929,570,954.18,469.28,34.84,64.04,0.6732,1,-1,-1
1929,710,820.39,428.40,24.13,48.88,0.5117,1,-1,-1
1930,576,150.21,494.01,35.63,72.21,0.4158,1,-1,-1
1930,619,810.32,545.18,26.39,74.82,0.7379,1,-1,-1
1930,283,777.34,532.34,39.92,91.85,0.7256,1,-1,-1
1930,643,1117.21,388.07,19.25,44.41,0.5898,1,-1,-1
1930,642,575.52,545.49,119.97,46.44,0.7461,4,-1,-1
1930,676,1221.86,363.60,19.96,44.72,0.2187,1,-1,-1
1930,654,1099.60,385.69,19.03,46.09,0.5708,1,-1,-1
1930,570,948.41,469.31,33.92,64.14,0.6433,1,-1,-1
1930,710,815.40,427.79,24.36,49.46,0.5775,1,-1,-1
1931,576,141.23,494.35,36.13,73.10,0.4688,1,-1,-1
1931,619,802.72,545.18,26.32,74.57,0.7585,1,-1,-1
1931,283,770.47,533.96,39.21,90.26,0.6030,1,-1,-1
1931,643,1109.66,387.87,18.98,43.77,0.5332,1,-1,-1
1931,642,567.74,545.92,119.90,46.34,0.7341,4,-1,-1
1931,676,1214.22,365.71,19.88,44.47,0.1651,1,-1,-1
1931,654,1091.25,386.85,19.11,46.17,0.6049,1,-1,-1
1931,570,939.73,469.00,33.76,65.80,0.6697,1,-1,-1
1931,710,809.39,429.24,23.82,48.67,0.3877,1,-1,-1
1932,576,134.52,494.79,36.14,73.74,0.5689,1,-1,-1
1932,619,797.32,545.40,26.44,74.78,0.7484,1,-1,-1
1932,283,764.60,532.95,40.00,91.72,0.7379,1,-1,-1
1932,643,1104.88,388.16,18.95,43.74,0.5917,1,-1,-1
1932,642,562.20,546.22,119.79,46.16,0.6860,4,-1,-1
1932,676,1209.43,366.30,18.02,39.99,0.2846,1,-1,-1
1932,654,1086.52,385.91,19.55,47.68,0.6067,1,-1,-1
1932,570,935.16,469.49,32.38,65.05,0.6637,1,-1,-1
1932,710,805.53,429.14,23.59,48.70,0.5689,1,-1,-1
1933,576,125.76,495.22,35.95,73.47,0.5477,1,-1,-1
1933,619,790.08,545.43,26.46,74.56,0.7454,1,-1,-1
1933,283,757.64,534.33,39.38,90.10,0.5936,1,-1,-1
1933,643,1097.75,388.38,18.53,42.64,0.5370,1,-1,-1
1933,642,553.35,546.05,122.15,46.96,0.5860,4,-1,-1
1933,654,1078.86,386.12,19.12,46.59,0.6252,1,-1,-1
1933,570,927.12,469.49,31.14,64.40,0.5851,1,-1,-1
1933,710,800.27,430.06,22.28,46.79,0.3895,1,-1,-1
1934,576,115.48,495.23,36.88,75.37,0.3877,1,-1,-1
1934,619,781.47,545.47,26.52,74.60,0.7318,1,-1,-1
1934,283,749.52,534.50,39.29,90.46,0.6361,1,-1,-1
1934,643,1089.09,388.26,19.14,43.94,0.5651,1,-1,-1
1934,642,545.15,546.49,122.19,46.97,0.7074,4,-1,-1
1934,654,1071.24,385.06,19.34,47.50,0.5593,1,-1,-1
1934,570,919.45,469.31,30.70,64.46,0.5974,1,-1,-1
1934,710,794.03,428.65,22.36,47.94,0.6775,1,-1,-1
1935,576,108.77,496.45,36.79,75.46,0.5746,1,-1,-1
1935,619,776.34,545.57,26.39,73.47,0.7886,1,-1,-1
1935,283,743.81,534.43,39.55,90.96,0.5898,1,-1,-1
1935,643,1083.63,387.40,19.37,44.49,0.5312,1,-1,-1
1935,642,538.72,546.80,122.61,47.07,0.6876,4,-1,-1
1935,654,1065.64,384.57,19.02,46.85,0.6142,1,-1,-1
1935,570,913.45,468.90,30.57,65.42,0.6002,1,-1,-1
1935,710,790.32,428.45,21.85,47.84,0.1471,1,-1,-1
1936,576,98.89,496.83,36.95,75.62,0.5964,1,-1,-1
1936,619,768.64,545.83,26.72,74.66,0.7739,1,-1,-1
1936,283,736.56,534.32,39.41,91.13,0.7256,1,-1,-1
1936,643,1075.89,386.37,19.71,45.22,0.4533,1,-1,-1
1936,642,530.82,546.79,123.66,47.50,0.6960,4,-1,-1
1936,654,1058.58,385.27,18.64,46.30,0.5535,1,-1,-1
1936,570,905.35,468.82,30.17,65.88,0.6602,1,-1,-1
1936,710,783.78,427.42,22.09,49.19,0.5088,1,-1,-1
1937,576,91.33,496.87,37.14,75.66,0.6424,1,-1,-1
1937,619,763.62,546.70,26.10,72.98,0.7670,1,-1,-1
1937,283,730.83,534.46,38.83,89.35,0.6792,1,-1,-1
1937,643,1070.21,386.87,20.21,46.37,0.4455,1,-1,-1
1937,642,526.31,546.78,122.98,47.28,0.7491,4,-1,-1
1937,654,1053.46,384.59,18.58,46.30,0.5727,1,-1,-1
1937,570,899.64,468.58,28.80,64.20,0.5993,1,-1,-1
1937,710,780.03,427.99,21.65,48.88,0.5312,1,-1,-1
