1,0,596.40,526.27,26.66,63.74,0.4513,1,-1,-1
2,0,596.38,526.18,26.93,64.39,0.4795,1,-1,-1
3,0,596.39,526.32,27.03,64.68,0.5078,1,-1,-1
3,1,766.74,502.22,21.04,46.98,0.5380,1,-1,-1
4,0,596.44,526.47,27.05,64.78,0.5312,1,-1,-1
4,1,767.07,502.59,21.54,48.20,0.5477,1,-1,-1
5,0,596.66,527.67,26.21,62.92,0.5224,1,-1,-1
5,1,767.48,502.91,22.19,49.83,0.5390,1,-1,-1
6,0,596.86,528.05,25.81,62.11,0.5332,1,-1,-1
6,1,769.70,503.53,20.48,46.09,0.5293,1,-1,-1
7,0,596.94,528.04,25.69,61.97,0.5322,1,-1,-1
7,1,770.37,503.51,20.72,46.77,0.5351,1,-1,-1
8,0,596.78,526.63,26.04,62.91,0.5689,1,-1,-1
8,1,770.92,503.64,20.85,47.14,0.4980,1,-1,-1
9,0,597.01,526.99,25.98,62.93,0.5804,1,-1,-1
9,1,771.68,503.72,20.43,46.12,0.4639,1,-1,-1
10,0,597.07,527.04,25.95,62.96,0.5351,1,-1,-1
10,1,772.30,503.59,20.50,46.14,0.4688,1,-1,-1
11,0,597.19,527.03,25.98,63.16,0.5185,1,-1,-1
11,1,772.37,503.80,21.27,47.98,0.4883,1,-1,-1
12,0,597.29,526.80,26.12,63.67,0.5525,1,-1,-1
12,1,772.87,503.89,21.35,48.24,0.4785,1,-1,-1
13,0,597.39,526.73,26.23,63.94,0.5651,1,-1,-1
13,1,773.71,503.73,20.96,47.45,0.5166,1,-1,-1
14,0,597.47,527.01,26.14,63.84,0.5993,1,-1,-1
14,1,774.89,503.88,20.04,45.20,0.5127,1,-1,-1
15,0,597.50,526.95,26.17,64.07,0.5917,1,-1,-1
15,1,775.34,504.08,20.09,45.32,0.5467,1,-1,-1
16,0,597.56,527.25,25.92,63.94,0.5263,1,-1,-1
16,1,776.34,504.60,19.20,43.07,0.5361,1,-1,-1
17,0,597.59,527.04,26.08,64.71,0.5784,1,-1,-1
17,1,775.95,505.00,20.69,46.64,0.5429,1,-1,-1
18,0,597.58,527.12,26.13,65.13,0.5993,1,-1,-1
18,1,775.52,505.49,22.24,50.70,0.5458,1,-1,-1
19,0,597.48,527.31,26.17,65.42,0.6379,1,-1,-1
19,1,775.17,506.34,23.01,52.98,0.5467,1,-1,-1
20,0,597.45,527.29,26.27,65.79,0.6397,1,-1,-1
20,1,775.15,507.23,23.01,53.42,0.5312,1,-1,-1
20,3,723.28,582.67,23.91,71.51,0.4668,1,-1,-1
21,0,597.20,527.71,26.22,65.93,0.6558,1,-1,-1
21,1,774.69,507.60,23.90,56.05,0.5708,1,-1,-1
21,3,723.04,583.00,24.29,72.66,0.4951,1,-1,-1
22,0,596.97,528.22,26.00,65.62,0.6540,1,-1,-1
22,1,774.69,508.28,23.93,56.66,0.5955,1,-1,-1
22,3,723.31,583.40,23.68,70.79,0.4494,1,-1,-1
23,0,596.49,528.46,26.09,66.24,0.6575,1,-1,-1
23,1,774.79,508.53,23.71,56.68,0.5842,1,-1,-1
23,3,722.95,583.75,24.50,73.25,0.5254,1,-1,-1
24,0,595.84,528.95,26.07,66.54,0.6766,1,-1,-1
24,1,774.96,509.33,24.09,58.32,0.6234,1,-1,-1
24,3,722.71,584.20,24.76,74.12,0.5851,1,-1,-1
25,0,595.60,530.38,25.60,65.64,0.6758,1,-1,-1
25,1,775.41,509.95,24.46,59.91,0.6142,1,-1,-1
25,3,722.61,584.53,24.99,74.87,0.6095,1,-1,-1
26,0,595.28,531.22,25.24,64.83,0.6984,1,-1,-1
26,1,776.87,510.76,24.12,59.58,0.5631,1,-1,-1
26,3,723.32,585.56,23.89,71.46,0.3149,1,-1,-1
27,0,594.67,531.85,25.23,64.67,0.6984,1,-1,-1
27,1,778.11,511.37,23.62,58.60,0.5860,1,-1,-1
27,3,723.33,586.99,24.20,72.13,0.1566,1,-1,-1
28,0,593.80,532.77,25.28,64.22,0.6817,1,-1,-1
28,1,778.70,511.39,23.09,57.61,0.4990,1,-1,-1
29,0,593.11,533.62,25.37,63.63,0.6697,1,-1,-1
29,1,780.78,512.32,22.16,54.26,0.4017,1,-1,-1
30,0,592.66,534.52,25.52,63.16,0.6540,1,-1,-1
30,1,782.14,513.82,21.01,50.51,0.3739,1,-1,-1
31,0,591.47,534.57,26.61,65.14,0.6610,1,-1,-1
31,1,781.87,513.74,22.34,53.03,0.3398,1,-1,-1
32,0,590.77,535.18,27.24,65.84,0.6834,1,-1,-1
32,1,783.16,514.42,21.85,51.07,0.2958,1,-1,-1
32,4,895.04,474.19,20.05,46.22,0.6270,1,-1,-1
32,3,723.69,590.05,24.03,71.20,0.5332,1,-1,-1
33,0,590.46,536.43,27.29,65.19,0.6766,1,-1,-1
33,1,783.74,515.02,21.93,50.64,0.3684,1,-1,-1
33,4,894.97,474.24,20.32,46.87,0.6030,1,-1,-1
33,3,723.56,590.60,24.45,72.42,0.5851,1,-1,-1
34,0,589.84,537.51,27.13,64.14,0.6680,1,-1,-1
34,1,783.36,515.47,23.29,53.86,0.4244,1,-1,-1
34,4,894.83,474.39,20.54,47.48,0.5708,1,-1,-1
34,3,723.94,590.88,24.28,71.82,0.4513,1,-1,-1
35,0,589.39,539.19,26.33,61.70,0.6575,1,-1,-1
35,1,784.20,515.39,21.47,49.32,0.3666,1,-1,-1
35,4,895.03,474.79,20.40,47.24,0.5195,1,-1,-1
35,3,724.79,591.16,22.65,66.34,0.3115,1,-1,-1
36,0,588.91,539.98,26.24,61.02,0.6575,1,-1,-1
36,1,783.68,515.38,22.78,52.69,0.4542,1,-1,-1
36,4,894.86,474.80,20.80,48.33,0.5554,1,-1,-1
36,3,725.58,591.25,21.23,61.18,0.2783,1,-1,-1
37,0,588.33,540.42,26.38,61.04,0.6487,1,-1,-1
37,1,783.29,515.50,23.85,55.64,0.4971,1,-1,-1
37,4,894.76,474.78,21.11,49.22,0.5708,1,-1,-1
37,3,725.92,591.28,20.87,59.21,0.2436,1,-1,-1
38,0,588.01,541.03,26.49,60.96,0.6433,1,-1,-1
38,1,784.05,515.54,23.46,55.02,0.4941,1,-1,-1
38,4,894.70,474.74,21.26,49.73,0.5993,1,-1,-1
38,3,726.21,591.38,20.96,58.73,0.2295,1,-1,-1
39,0,587.28,541.92,26.58,60.80,0.6289,1,-1,-1
39,1,785.44,516.18,22.54,52.93,0.4436,1,-1,-1
39,4,894.97,475.25,20.66,48.45,0.5727,1,-1,-1
39,3,726.27,592.00,20.85,57.78,0.2751,1,-1,-1
39,5,783.80,598.75,30.22,77.56,0.5020,1,-1,-1
40,0,586.61,542.95,26.71,60.56,0.5955,1,-1,-1
40,1,786.30,516.47,23.18,54.53,0.4513,1,-1,-1
40,4,895.21,475.47,20.22,47.55,0.5993,1,-1,-1
40,3,725.83,592.49,21.60,59.50,0.2975,1,-1,-1
40,5,783.62,598.74,30.44,78.14,0.5438,1,-1,-1
41,0,585.70,543.55,26.98,60.50,0.5823,1,-1,-1
41,1,786.68,516.58,24.30,57.33,0.5156,1,-1,-1
41,4,895.34,475.76,19.82,46.74,0.6049,1,-1,-1
41,3,725.40,593.09,22.19,60.87,0.3124,1,-1,-1
41,5,783.41,598.57,30.71,78.84,0.5448,1,-1,-1
42,0,584.41,544.17,27.54,61.28,0.5487,1,-1,-1
42,1,787.13,516.80,24.22,57.41,0.4971,1,-1,-1
42,4,895.25,475.92,19.76,46.84,0.5936,1,-1,-1
42,3,725.25,593.63,22.27,60.80,0.1962,1,-1,-1
42,5,783.15,598.71,31.12,79.91,0.5146,1,-1,-1
43,0,583.33,545.86,27.70,61.03,0.5419,1,-1,-1
43,1,787.66,517.91,23.82,56.66,0.4678,1,-1,-1
43,4,895.46,476.17,19.52,46.46,0.5651,1,-1,-1
43,3,725.56,594.24,21.47,58.01,0.1339,1,-1,-1
43,5,782.94,599.00,31.31,80.45,0.4388,1,-1,-1
44,0,582.94,546.90,28.07,61.13,0.5205,1,-1,-1
44,1,788.49,517.83,23.12,54.68,0.3486,1,-1,-1
44,4,895.51,476.35,19.44,46.53,0.5727,1,-1,-1
44,3,725.65,594.28,21.19,56.69,0.1272,1,-1,-1
44,5,782.96,599.24,31.30,80.53,0.4542,1,-1,-1
45,0,583.18,548.78,27.73,59.75,0.4639,1,-1,-1
45,1,789.26,518.35,23.35,55.18,0.3603,1,-1,-1
45,4,895.54,476.60,19.37,46.65,0.5525,1,-1,-1
45,3,725.94,594.27,20.61,54.57,0.1109,1,-1,-1
45,5,783.10,599.46,31.17,80.22,0.4177,1,-1,-1
46,0,583.23,549.69,27.98,59.16,0.4026,1,-1,-1
46,1,791.63,520.02,20.87,48.59,0.1180,1,-1,-1
46,4,896.25,477.14,18.22,43.95,0.4504,1,-1,-1
47,0,582.75,549.91,28.12,58.79,0.4785,1,-1,-1
47,1,791.58,520.09,22.87,52.76,0.2254,1,-1,-1
47,4,896.37,477.06,18.19,44.01,0.5059,1,-1,-1
48,0,581.40,549.75,28.13,58.83,0.5117,1,-1,-1
48,1,791.79,519.37,23.59,53.97,0.2316,1,-1,-1
48,4,896.54,477.16,17.83,43.15,0.4659,1,-1,-1
49,0,581.27,550.00,28.08,58.49,0.4961,1,-1,-1
49,1,792.40,518.81,23.89,54.30,0.2539,1,-1,-1
49,4,896.71,477.12,17.47,42.17,0.4321,1,-1,-1
50,0,581.43,550.69,27.83,57.70,0.4426,1,-1,-1
50,1,793.12,518.35,24.14,54.68,0.3576,1,-1,-1
50,4,896.56,476.82,17.72,42.80,0.4581,1,-1,-1
51,0,582.21,551.18,27.45,56.54,0.4513,1,-1,-1
51,1,793.97,517.56,24.10,54.72,0.4698,1,-1,-1
51,4,896.67,476.89,17.47,42.18,0.4620,1,-1,-1
52,0,582.54,551.16,27.53,56.73,0.4649,1,-1,-1
52,1,793.96,516.89,25.39,58.15,0.5409,1,-1,-1
52,4,896.37,476.73,17.87,43.33,0.5059,1,-1,-1
53,0,583.76,550.95,27.35,56.34,0.5195,1,-1,-1
53,1,794.66,516.62,25.63,59.28,0.5244,1,-1,-1
53,4,896.29,476.87,17.92,43.63,0.5215,1,-1,-1
54,0,583.76,551.39,27.23,56.43,0.5487,1,-1,-1
54,1,795.69,516.64,25.48,59.53,0.4446,1,-1,-1
54,4,896.33,477.06,17.75,43.32,0.5098,1,-1,-1
55,0,583.85,550.53,27.49,57.24,0.5784,1,-1,-1
55,1,797.01,516.89,24.49,57.52,0.4177,1,-1,-1
55,4,896.45,477.23,17.55,42.86,0.5049,1,-1,-1
56,0,583.72,549.94,27.82,58.19,0.5784,1,-1,-1
56,1,798.22,517.15,23.08,54.46,0.3923,1,-1,-1
56,4,896.43,477.09,17.65,43.18,0.5554,1,-1,-1
57,0,583.35,549.80,28.40,59.23,0.4668,1,-1,-1
57,1,799.17,517.72,22.15,52.52,0.3666,1,-1,-1
57,4,896.43,477.04,17.71,43.44,0.5727,1,-1,-1
58,0,584.75,549.15,28.05,58.84,0.5205,1,-1,-1
58,1,800.27,518.12,21.18,50.27,0.3998,1,-1,-1
58,4,896.37,476.79,17.81,43.86,0.6049,1,-1,-1
59,0,585.23,548.48,28.05,59.10,0.5361,1,-1,-1
59,1,800.81,518.55,20.82,49.47,0.4282,1,-1,-1
59,4,896.35,476.74,17.81,43.99,0.6049,1,-1,-1
60,0,584.61,547.97,28.35,60.15,0.5467,1,-1,-1
60,1,800.57,518.68,21.36,50.86,0.4263,1,-1,-1
60,4,896.29,476.58,17.90,44.32,0.6197,1,-1,-1
61,0,583.73,547.22,28.43,60.95,0.5842,1,-1,-1
61,1,801.19,519.41,21.68,51.71,0.4225,1,-1,-1
61,4,896.27,476.26,17.87,44.39,0.6011,1,-1,-1
62,0,583.14,546.15,29.00,62.66,0.6325,1,-1,-1
62,1,801.89,519.83,22.17,52.81,0.5263,1,-1,-1
62,4,896.08,475.96,18.08,45.10,0.6397,1,-1,-1
63,0,582.88,545.66,29.40,64.03,0.6234,1,-1,-1
63,1,802.03,520.44,22.70,53.80,0.5554,1,-1,-1
63,4,895.94,475.80,18.26,45.72,0.6397,1,-1,-1
64,0,582.51,545.29,29.36,64.55,0.6522,1,-1,-1
64,1,802.17,521.30,23.18,54.93,0.5593,1,-1,-1
64,4,895.85,475.60,18.37,46.10,0.6379,1,-1,-1
64,3,723.01,594.09,23.87,63.24,0.4766,1,-1,-1
65,0,582.51,545.51,28.99,64.59,0.6680,1,-1,-1
65,1,802.67,521.92,23.38,55.38,0.5708,1,-1,-1
65,4,895.75,475.58,18.49,46.52,0.6215,1,-1,-1
65,3,723.20,594.58,23.11,60.71,0.3277,1,-1,-1
66,0,582.13,545.58,29.14,65.68,0.6179,1,-1,-1
66,1,802.73,521.29,24.68,58.63,0.5974,1,-1,-1
66,4,895.52,475.36,18.84,47.44,0.6433,1,-1,-1
66,3,721.82,594.90,25.37,67.81,0.4902,1,-1,-1
67,0,581.68,546.52,29.23,66.57,0.6307,1,-1,-1
67,1,802.72,520.97,25.55,60.88,0.6123,1,-1,-1
67,4,895.33,475.37,19.18,48.18,0.6469,1,-1,-1
67,3,720.79,594.86,26.17,71.31,0.5254,1,-1,-1
67,8,295.08,466.82,20.41,49.02,0.5409,1,-1,-1
67,5,780.34,599.15,32.19,83.38,0.5842,1,-1,-1
68,0,581.17,546.07,29.11,67.24,0.6522,1,-1,-1
68,1,802.92,520.86,26.21,62.84,0.5842,1,-1,-1
68,4,895.23,475.49,19.30,48.35,0.6540,1,-1,-1
68,3,720.05,594.58,27.01,74.26,0.6234,1,-1,-1
68,8,295.02,466.97,20.54,49.44,0.5679,1,-1,-1
68,5,780.23,600.47,31.85,82.04,0.7186,1,-1,-1
69,0,580.95,545.82,28.86,67.68,0.6307,1,-1,-1
69,1,803.65,521.16,26.05,62.85,0.4941,1,-1,-1
69,4,895.48,476.04,19.07,47.61,0.6289,1,-1,-1
69,3,719.27,595.27,26.89,74.44,0.5535,1,-1,-1
69,8,294.68,467.68,20.06,48.48,0.4378,1,-1,-1
69,5,780.40,601.60,31.54,80.99,0.6567,1,-1,-1
70,0,580.62,545.38,28.78,68.32,0.6766,1,-1,-1
70,1,804.42,521.24,26.03,62.97,0.4756,1,-1,-1
70,4,895.31,476.09,19.44,48.53,0.6361,1,-1,-1
70,3,718.69,595.88,27.01,75.20,0.6179,1,-1,-1
70,8,294.51,467.54,20.03,48.58,0.5448,1,-1,-1
70,5,779.92,602.30,31.41,80.26,0.6478,1,-1,-1
71,0,580.58,545.32,28.52,68.37,0.6968,1,-1,-1
71,1,805.72,521.75,25.49,61.49,0.4417,1,-1,-1
71,4,895.14,475.98,19.89,49.57,0.6325,1,-1,-1
71,3,718.27,596.40,26.97,75.46,0.6142,1,-1,-1
71,8,294.09,467.73,20.14,49.05,0.5718,1,-1,-1
71,5,779.57,602.96,31.43,80.13,0.6298,1,-1,-1
72,0,580.23,545.20,28.57,69.01,0.6843,1,-1,-1
72,1,806.91,521.68,24.49,58.56,0.4552,1,-1,-1
72,4,894.75,475.69,20.20,50.24,0.6307,1,-1,-1
72,3,717.89,596.87,27.06,76.09,0.6123,1,-1,-1
72,8,293.53,467.73,20.18,49.33,0.5946,1,-1,-1
72,5,779.35,603.57,31.63,80.61,0.5651,1,-1,-1
73,0,579.88,545.01,28.59,69.73,0.6514,1,-1,-1
73,1,807.68,521.74,24.31,57.40,0.1859,1,-1,-1
73,4,894.86,476.04,19.87,49.22,0.5708,1,-1,-1
73,3,717.74,597.18,27.07,76.62,0.5535,1,-1,-1
73,8,293.28,468.33,19.82,48.76,0.4639,1,-1,-1
73,5,778.78,604.06,31.85,81.18,0.4795,1,-1,-1
74,0,579.16,545.36,28.52,70.51,0.6706,1,-1,-1
74,1,807.90,522.69,24.83,58.24,0.3363,1,-1,-1
74,4,894.58,476.24,20.02,49.40,0.5746,1,-1,-1
74,3,718.00,597.71,26.85,75.81,0.5448,1,-1,-1
74,8,292.95,468.27,19.56,48.55,0.5195,1,-1,-1
74,5,778.49,605.29,32.04,81.15,0.5583,1,-1,-1
75,0,578.94,545.58,28.08,70.53,0.6549,1,-1,-1
75,1,808.03,523.28,25.63,60.35,0.4504,1,-1,-1
75,4,894.28,476.35,20.30,49.83,0.5917,1,-1,-1
75,3,717.99,597.84,26.91,75.78,0.4737,1,-1,-1
75,8,293.04,468.60,19.15,47.87,0.5215,1,-1,-1
75,5,778.06,605.80,32.43,81.58,0.6188,1,-1,-1
76,0,577.89,545.51,27.99,70.98,0.6960,1,-1,-1
76,1,808.39,522.58,26.76,63.18,0.4922,1,-1,-1
76,4,894.08,476.76,20.33,50.09,0.6067,1,-1,-1
76,3,716.82,598.12,27.11,76.26,0.5727,1,-1,-1
76,8,293.21,468.61,18.71,46.84,0.5224,1,-1,-1
76,5,777.86,606.13,32.77,82.13,0.5889,1,-1,-1
77,0,577.55,545.37,28.01,71.58,0.6637,1,-1,-1
77,1,808.50,523.24,27.81,65.93,0.5564,1,-1,-1
77,4,893.68,476.86,20.57,50.63,0.5879,1,-1,-1
77,3,715.45,598.60,27.50,76.94,0.5860,1,-1,-1
77,8,292.45,468.67,18.94,47.59,0.5879,1,-1,-1
77,5,776.14,605.43,33.57,84.07,0.6067,1,-1,-1
78,0,577.29,545.61,28.07,72.03,0.6637,1,-1,-1
78,1,809.04,524.73,26.80,63.77,0.4737,1,-1,-1
78,4,893.68,477.10,20.58,50.45,0.4746,1,-1,-1
78,3,714.67,599.08,27.63,77.05,0.5765,1,-1,-1
78,8,292.25,468.74,18.64,46.95,0.5146,1,-1,-1
78,5,775.41,605.61,33.73,84.62,0.5312,1,-1,-1
78,9,500.20,422.06,15.46,40.01,0.4785,1,-1,-1
79,0,576.93,545.88,28.64,73.49,0.6715,1,-1,-1
79,1,809.60,525.14,26.73,63.92,0.5477,1,-1,-1
79,4,893.23,477.11,20.87,50.99,0.5708,1,-1,-1
79,3,714.17,599.70,27.66,77.04,0.5341,1,-1,-1
79,8,291.02,468.64,19.17,48.68,0.5898,1,-1,-1
79,5,774.71,606.02,33.79,84.98,0.5224,1,-1,-1
79,9,499.38,421.36,16.10,41.66,0.5351,1,-1,-1
80,0,576.55,546.22,28.93,74.59,0.6628,1,-1,-1
80,1,810.18,525.76,26.49,63.54,0.5156,1,-1,-1
80,4,892.48,477.70,21.36,52.24,0.5117,1,-1,-1
80,3,714.07,600.45,27.39,76.34,0.4737,1,-1,-1
80,8,290.20,468.88,19.26,49.24,0.5993,1,-1,-1
80,5,774.60,607.05,33.51,84.66,0.5195,1,-1,-1
80,9,498.59,420.74,16.60,42.94,0.5574,1,-1,-1
81,0,575.85,546.70,29.01,75.44,0.6610,1,-1,-1
81,1,810.73,526.49,26.82,64.42,0.5400,1,-1,-1
81,4,892.14,478.13,21.55,52.80,0.5487,1,-1,-1
81,3,713.68,601.73,27.44,76.50,0.5670,1,-1,-1
81,8,289.34,468.76,19.53,50.19,0.4494,1,-1,-1
81,5,774.80,607.88,33.18,84.03,0.5059,1,-1,-1
81,9,497.70,420.37,16.77,43.42,0.5224,1,-1,-1
82,0,575.09,547.84,29.42,76.85,0.6851,1,-1,-1
82,1,811.05,526.57,26.87,64.69,0.5631,1,-1,-1
82,4,892.03,478.89,21.43,52.50,0.5545,1,-1,-1
82,3,713.11,602.60,27.56,76.89,0.6011,1,-1,-1
82,8,287.66,468.87,19.42,50.47,0.1854,1,-1,-1
82,5,774.80,608.70,32.97,83.86,0.4026,1,-1,-1
82,9,497.08,420.24,16.06,41.59,0.3016,1,-1,-1
83,0,575.01,549.01,29.35,76.61,0.7017,1,-1,-1
83,1,811.47,526.37,27.34,66.09,0.5784,1,-1,-1
83,4,891.74,478.42,21.49,53.01,0.5631,1,-1,-1
83,3,712.57,602.85,28.18,78.65,0.6628,1,-1,-1
83,8,286.30,468.13,20.83,54.39,0.1294,1,-1,-1
83,5,773.75,609.99,33.21,84.89,0.5409,1,-1,-1
83,9,496.06,420.72,14.30,36.96,0.2386,1,-1,-1
84,0,574.92,550.16,28.51,74.09,0.6715,1,-1,-1
84,1,811.86,527.29,27.19,65.80,0.5842,1,-1,-1
84,4,891.95,479.00,21.15,51.93,0.5612,1,-1,-1
84,3,712.23,603.39,28.27,79.05,0.6610,1,-1,-1
84,8,285.16,469.19,19.65,52.07,0.1778,1,-1,-1
84,5,773.82,610.65,32.89,83.98,0.6252,1,-1,-1
84,9,495.25,421.00,14.27,36.94,0.3074,1,-1,-1
85,0,574.70,550.74,28.00,72.66,0.6680,1,-1,-1
85,1,811.76,526.47,27.77,67.49,0.6067,1,-1,-1
85,4,892.03,479.42,21.03,51.67,0.5746,1,-1,-1
85,3,711.72,604.04,28.24,78.99,0.5974,1,-1,-1
85,5,773.62,611.65,32.82,83.67,0.6361,1,-1,-1
85,9,494.84,421.95,14.31,37.04,0.3260,1,-1,-1
86,0,574.28,551.04,27.93,72.09,0.6505,1,-1,-1
86,1,811.11,526.41,28.16,68.48,0.6325,1,-1,-1
86,4,891.91,480.03,20.98,51.49,0.6105,1,-1,-1
86,3,710.80,604.63,28.61,80.20,0.5351,1,-1,-1
86,5,772.94,612.96,32.90,83.72,0.5554,1,-1,-1
86,9,494.59,422.79,13.85,35.77,0.1427,1,-1,-1
87,0,573.65,551.15,28.21,72.46,0.6558,1,-1,-1
87,1,810.73,527.31,28.51,69.45,0.6160,1,-1,-1
87,4,891.91,480.77,20.92,51.32,0.6197,1,-1,-1
87,3,709.95,605.61,28.61,80.26,0.5823,1,-1,-1
87,5,772.75,614.46,32.87,83.57,0.5689,1,-1,-1
87,9,493.79,423.87,14.76,38.08,0.2553,1,-1,-1
88,0,572.90,550.95,28.32,72.51,0.6540,1,-1,-1
88,1,810.46,527.93,28.50,69.80,0.5860,1,-1,-1
88,4,892.03,480.49,21.24,51.94,0.6030,1,-1,-1
88,3,709.19,607.06,28.49,79.95,0.5332,1,-1,-1
88,5,772.37,615.24,32.85,83.76,0.4902,1,-1,-1
88,9,493.00,424.97,15.01,38.58,0.2207,1,-1,-1
89,0,571.53,551.01,28.66,73.18,0.6325,1,-1,-1
89,1,810.33,528.82,28.24,69.36,0.5554,1,-1,-1
89,4,892.23,481.03,21.17,51.91,0.5039,1,-1,-1
89,3,708.84,608.74,28.32,79.41,0.5205,1,-1,-1
89,5,772.37,616.03,32.94,84.23,0.3720,1,-1,-1
89,9,492.25,425.36,15.01,38.38,0.1931,1,-1,-1
90,0,571.10,551.97,28.56,73.18,0.6531,1,-1,-1
90,1,810.60,529.62,26.98,66.22,0.5351,1,-1,-1
90,4,892.40,481.47,21.34,52.12,0.4263,1,-1,-1
90,3,708.43,609.98,28.03,78.80,0.5010,1,-1,-1
90,9,491.48,425.55,14.65,37.29,0.1901,1,-1,-1
91,0,570.70,553.37,28.99,74.20,0.6406,1,-1,-1
91,1,810.18,531.22,27.49,67.46,0.5660,1,-1,-1
91,4,892.33,482.58,21.02,50.87,0.4017,1,-1,-1
91,3,707.36,611.42,27.65,78.58,0.6433,1,-1,-1
91,9,490.13,425.89,14.77,37.40,0.4064,1,-1,-1
92,0,569.70,554.38,29.52,75.14,0.6514,1,-1,-1
92,1,809.44,531.94,27.85,68.50,0.6215,1,-1,-1
92,4,892.03,484.77,21.13,50.54,0.4388,1,-1,-1
92,3,706.39,612.81,27.61,79.21,0.6451,1,-1,-1
92,9,488.86,425.57,15.16,38.34,0.3675,1,-1,-1
93,0,568.53,555.00,30.31,76.97,0.6893,1,-1,-1
93,1,808.81,532.06,28.36,70.27,0.6343,1,-1,-1
93,4,891.61,485.40,21.00,50.37,0.4533,1,-1,-1
93,3,706.26,614.67,27.30,78.80,0.6105,1,-1,-1
93,9,487.99,425.81,15.22,38.54,0.4494,1,-1,-1
94,0,568.20,555.79,30.77,77.84,0.7025,1,-1,-1
94,1,808.40,533.58,28.34,70.36,0.6132,1,-1,-1
94,4,891.07,486.03,21.00,50.62,0.4571,1,-1,-1
94,3,705.65,615.58,27.48,79.53,0.5784,1,-1,-1
94,9,487.24,426.20,14.84,37.52,0.3425,1,-1,-1
95,0,567.01,556.26,30.96,78.51,0.6993,1,-1,-1
95,1,807.29,535.12,28.57,70.53,0.5898,1,-1,-1
95,4,890.88,486.69,20.91,50.46,0.4064,1,-1,-1
95,3,704.80,616.04,28.12,81.63,0.5612,1,-1,-1
95,9,486.39,427.41,14.30,36.29,0.2140,1,-1,-1
96,0,566.70,557.00,30.81,78.31,0.7009,1,-1,-1
96,1,806.51,535.71,28.90,70.74,0.6610,1,-1,-1
96,4,890.84,486.84,21.05,50.80,0.5448,1,-1,-1
96,3,703.42,616.52,28.70,83.29,0.5370,1,-1,-1
96,9,485.03,428.21,14.36,36.88,0.3549,1,-1,-1
96,5,766.42,624.04,35.30,90.24,0.5293,1,-1,-1
97,0,566.12,557.77,30.79,78.58,0.6792,1,-1,-1
97,1,805.13,536.63,28.93,70.50,0.6307,1,-1,-1
97,4,890.65,487.65,20.87,50.15,0.4349,1,-1,-1
97,3,702.46,618.00,28.93,83.99,0.5438,1,-1,-1
97,9,484.17,428.69,14.55,38.01,0.4446,1,-1,-1
97,5,765.46,625.70,35.41,90.33,0.5974,1,-1,-1
98,0,565.85,558.77,30.76,78.69,0.6514,1,-1,-1
98,1,803.97,536.59,29.34,71.51,0.5993,1,-1,-1
98,4,890.64,487.95,21.11,50.51,0.4639,1,-1,-1
98,3,701.33,619.59,28.75,83.58,0.5583,1,-1,-1
98,9,483.62,429.07,14.11,37.02,0.5010,1,-1,-1
98,5,765.19,627.43,35.50,90.10,0.6086,1,-1,-1
99,0,565.01,560.81,30.36,77.45,0.6067,1,-1,-1
99,1,803.24,538.29,28.94,70.55,0.6379,1,-1,-1
99,4,890.57,490.76,20.57,49.02,0.1842,1,-1,-1
99,3,700.85,620.90,28.34,82.61,0.5832,1,-1,-1
99,9,483.27,429.74,13.88,36.36,0.5746,1,-1,-1
99,5,764.67,629.60,35.58,89.98,0.6610,1,-1,-1
100,0,564.41,561.24,29.76,76.82,0.5708,1,-1,-1
100,1,802.67,540.13,28.62,69.60,0.6123,1,-1,-1
100,4,890.39,491.17,20.82,49.47,0.1476,1,-1,-1
100,3,700.53,623.39,27.80,80.88,0.5832,1,-1,-1
100,9,482.28,430.06,14.16,37.08,0.2288,1,-1,-1
100,5,764.06,631.68,35.64,90.10,0.6142,1,-1,-1
101,0,564.74,563.27,29.26,76.20,0.5631,1,-1,-1
101,1,802.21,541.65,28.52,69.49,0.6197,1,-1,-1
101,4,890.18,490.22,21.18,50.33,0.2902,1,-1,-1
101,3,700.37,625.17,26.52,76.91,0.5312,1,-1,-1
101,5,762.68,633.56,35.62,89.99,0.6160,1,-1,-1
101,11,571.16,561.26,19.76,65.69,0.4980,1,-1,-1
102,0,565.84,564.44,28.88,75.92,0.5651,1,-1,-1
102,1,801.42,542.23,28.81,70.72,0.6451,1,-1,-1
102,4,889.51,490.38,21.30,51.12,0.5699,1,-1,-1
102,3,698.74,626.33,27.84,80.97,0.6531,1,-1,-1
102,5,761.86,634.50,35.46,90.27,0.5955,1,-1,-1
102,11,571.11,562.23,19.63,65.19,0.4388,1,-1,-1
103,0,566.93,563.39,29.59,77.63,0.5775,1,-1,-1
103,1,800.31,542.65,29.00,71.52,0.6505,1,-1,-1
103,4,889.41,490.75,21.31,51.68,0.6243,1,-1,-1
103,3,697.26,627.24,28.68,83.69,0.6602,1,-1,-1
103,5,761.28,635.73,35.86,91.29,0.6715,1,-1,-1
103,11,570.93,563.09,19.17,63.47,0.3567,1,-1,-1
104,0,567.33,564.86,28.85,75.48,0.5293,1,-1,-1
104,1,800.07,544.34,28.60,70.60,0.6325,1,-1,-1
104,4,889.25,491.48,21.17,51.72,0.6478,1,-1,-1
104,3,695.63,628.81,29.16,85.04,0.6993,1,-1,-1
104,5,760.82,637.61,36.09,91.81,0.7287,1,-1,-1
104,11,570.94,564.68,18.48,60.66,0.2394,1,-1,-1
105,0,566.15,566.26,29.35,77.03,0.5020,1,-1,-1
105,1,799.24,544.66,28.25,70.00,0.6307,1,-1,-1
105,4,889.12,492.26,21.19,52.03,0.6460,1,-1,-1
105,3,694.21,630.88,29.11,85.07,0.7025,1,-1,-1
105,5,759.99,639.51,36.25,92.15,0.7194,1,-1,-1
105,11,568.86,565.63,20.46,67.05,0.1471,1,-1,-1
106,0,567.54,567.25,29.69,77.28,0.1019,1,-1,-1
106,1,798.92,545.63,27.54,68.42,0.6011,1,-1,-1
106,4,888.91,492.73,21.09,51.69,0.5794,1,-1,-1
106,3,692.89,632.53,29.36,86.15,0.6663,1,-1,-1
106,5,759.31,640.99,36.18,91.85,0.6697,1,-1,-1
106,11,569.57,566.93,20.22,65.22,0.4417,1,-1,-1
107,0,567.35,567.41,28.92,75.19,0.2018,1,-1,-1
107,1,798.99,547.31,25.93,64.24,0.5341,1,-1,-1
107,4,888.68,493.41,20.83,51.29,0.5332,1,-1,-1
107,3,692.06,634.19,29.56,86.32,0.2502,1,-1,-1
107,5,758.79,643.36,35.97,91.16,0.4130,1,-1,-1
108,0,565.27,568.09,29.18,76.25,0.3200,1,-1,-1
108,1,798.00,548.01,27.03,67.33,0.5746,1,-1,-1
108,4,888.35,493.84,20.96,51.81,0.5409,1,-1,-1
108,3,690.78,635.91,29.70,86.45,0.4026,1,-1,-1
108,5,757.97,646.05,35.88,90.83,0.5020,1,-1,-1
109,0,564.02,569.55,29.51,76.79,0.1510,1,-1,-1
109,1,797.65,549.20,26.99,67.52,0.5574,1,-1,-1
109,4,888.44,494.16,20.99,52.45,0.5409,1,-1,-1
109,3,689.70,637.82,29.95,86.87,0.4397,1,-1,-1
109,5,756.92,647.10,36.21,91.80,0.5641,1,-1,-1
110,0,562.35,571.43,29.83,77.03,0.4130,1,-1,-1
110,1,796.92,549.68,27.69,69.48,0.5545,1,-1,-1
110,4,888.30,495.47,21.03,53.18,0.6197,1,-1,-1
110,3,688.70,639.47,29.88,86.69,0.6397,1,-1,-1
110,5,756.24,648.09,36.54,92.73,0.6602,1,-1,-1
111,0,561.61,574.16,28.96,74.34,0.3425,1,-1,-1
111,1,796.01,550.68,28.51,71.95,0.5467,1,-1,-1
111,4,888.33,495.77,21.26,54.04,0.5983,1,-1,-1
111,3,687.54,640.42,30.40,88.33,0.5955,1,-1,-1
111,5,754.94,649.27,37.48,95.27,0.4990,1,-1,-1
112,0,561.05,574.77,29.17,74.52,0.5689,1,-1,-1
112,1,794.92,551.62,29.39,74.22,0.6077,1,-1,-1
112,4,887.89,495.37,21.56,55.22,0.6123,1,-1,-1
112,3,686.89,641.80,30.18,88.29,0.5156,1,-1,-1
112,5,753.85,650.83,37.16,94.39,0.3803,1,-1,-1
113,0,560.47,577.18,30.04,76.46,0.3486,1,-1,-1
113,1,793.73,552.75,29.29,73.90,0.6067,1,-1,-1
113,4,887.86,495.86,21.46,55.12,0.5832,1,-1,-1
113,3,685.91,642.30,30.48,89.02,0.3942,1,-1,-1
113,5,753.33,652.47,37.24,94.54,0.4026,1,-1,-1
114,0,559.42,580.09,30.13,75.81,0.3504,1,-1,-1
114,1,792.43,553.88,29.39,73.66,0.6397,1,-1,-1
114,4,887.37,496.27,21.47,55.38,0.5898,1,-1,-1
114,3,684.94,644.22,30.58,89.37,0.5137,1,-1,-1
114,5,752.38,653.20,37.99,96.53,0.5660,1,-1,-1
115,0,558.10,581.81,30.54,75.88,0.4668,1,-1,-1
115,1,792.00,554.79,29.62,74.40,0.6433,1,-1,-1
115,4,887.26,497.12,21.31,54.69,0.6379,1,-1,-1
115,3,683.97,646.29,30.97,90.20,0.6067,1,-1,-1
115,5,751.39,654.80,38.19,97.24,0.6460,1,-1,-1
116,0,557.89,583.42,31.27,76.43,0.5010,1,-1,-1
116,1,791.29,554.83,29.89,75.52,0.6325,1,-1,-1
116,4,887.28,497.64,21.15,54.13,0.6433,1,-1,-1
116,3,682.57,648.90,30.99,90.46,0.6197,1,-1,-1
116,5,750.74,657.26,37.68,95.81,0.7058,1,-1,-1
117,0,557.09,583.34,31.99,77.81,0.4102,1,-1,-1
117,1,790.02,555.33,29.96,76.07,0.6732,1,-1,-1
117,4,887.26,498.76,20.84,53.17,0.6540,1,-1,-1
117,3,681.50,650.98,30.65,89.62,0.6918,1,-1,-1
117,5,749.82,659.26,38.01,96.69,0.6826,1,-1,-1
118,0,556.21,583.54,32.42,78.81,0.2282,1,-1,-1
118,1,789.35,555.74,29.81,76.40,0.6540,1,-1,-1
118,4,887.18,499.48,20.99,53.67,0.5631,1,-1,-1
118,3,680.21,652.43,30.73,90.38,0.6215,1,-1,-1
118,5,748.72,661.44,38.27,97.59,0.6151,1,-1,-1
118,14,318.25,500.89,19.36,55.30,0.5351,1,-1,-1
119,0,556.17,582.79,32.67,79.84,0.2991,1,-1,-1
119,1,788.39,556.65,29.78,76.90,0.6415,1,-1,-1
119,4,887.26,500.42,20.90,53.62,0.5955,1,-1,-1
119,3,678.62,653.79,30.85,90.84,0.6522,1,-1,-1
119,5,748.38,664.30,37.79,96.32,0.6058,1,-1,-1
119,14,317.44,503.52,18.42,52.51,0.2830,1,-1,-1
120,0,556.09,582.08,32.69,80.48,0.3905,1,-1,-1
120,1,788.09,557.81,28.85,74.64,0.5708,1,-1,-1
120,4,887.31,501.42,20.98,53.81,0.5765,1,-1,-1
120,3,677.63,655.41,31.51,92.57,0.5670,1,-1,-1
120,5,747.73,665.97,38.21,96.96,0.6058,1,-1,-1
120,14,316.36,507.98,17.90,51.02,0.3107,1,-1,-1
121,1,787.50,559.68,28.68,74.55,0.6086,1,-1,-1
121,4,887.41,502.83,20.92,53.86,0.5917,1,-1,-1
121,3,676.99,657.17,31.52,92.59,0.3905,1,-1,-1
121,5,747.04,667.00,38.23,97.27,0.5746,1,-1,-1
121,14,316.99,505.67,19.98,56.43,0.4610,1,-1,-1
122,1,786.24,560.41,29.60,77.42,0.6671,1,-1,-1
122,4,886.85,502.78,21.06,54.15,0.5993,1,-1,-1
122,3,676.14,659.24,31.28,92.24,0.4475,1,-1,-1
122,5,746.48,669.36,37.84,96.40,0.6758,1,-1,-1
122,14,316.30,504.51,21.17,59.24,0.2429,1,-1,-1
123,1,785.65,561.79,28.83,76.06,0.5993,1,-1,-1
123,4,886.46,503.25,20.87,53.90,0.5974,1,-1,-1
123,3,675.17,661.48,31.19,92.31,0.2351,1,-1,-1
123,5,745.57,671.12,37.85,96.79,0.5631,1,-1,-1
123,14,319.35,504.04,21.81,60.85,0.4158,1,-1,-1
123,15,1236.30,614.04,31.74,69.29,0.4766,1,-1,-1
124,1,784.23,561.91,29.66,78.61,0.6567,1,-1,-1
124,4,886.25,503.64,20.99,54.18,0.6197,1,-1,-1
124,3,674.44,663.19,30.63,91.07,0.5889,1,-1,-1
124,5,743.54,673.43,38.34,98.33,0.6215,1,-1,-1
124,14,319.79,503.29,22.19,61.90,0.2606,1,-1,-1
124,15,1235.47,614.27,34.24,74.73,0.4893,1,-1,-1
125,1,783.24,562.62,30.18,80.21,0.6316,1,-1,-1
125,4,885.77,504.27,21.04,54.27,0.6252,1,-1,-1
125,3,673.74,665.26,30.37,90.38,0.6058,1,-1,-1
125,5,741.89,674.97,39.14,100.21,0.6280,1,-1,-1
125,14,319.19,503.97,22.19,62.29,0.4036,1,-1,-1
125,15,1239.53,616.46,30.84,67.22,0.4815,1,-1,-1
125,17,1292.91,546.54,31.91,71.85,0.5936,1,-1,-1
126,1,782.31,563.42,30.49,80.35,0.6261,1,-1,-1
126,4,885.73,505.08,21.49,55.54,0.6142,1,-1,-1
126,3,671.59,666.78,31.21,92.75,0.6645,1,-1,-1
126,5,740.60,676.50,39.07,100.23,0.6619,1,-1,-1
126,14,316.47,503.26,23.01,64.71,0.2234,1,-1,-1
126,15,1243.21,617.75,30.00,65.37,0.4873,1,-1,-1
126,17,1294.55,548.57,31.57,71.07,0.4815,1,-1,-1
126,18,629.11,967.24,213.18,112.76,0.6910,4,-1,-1
127,1,781.33,565.02,30.59,79.85,0.6460,1,-1,-1
127,4,885.61,505.56,22.05,56.98,0.5955,1,-1,-1
127,3,670.29,669.05,31.34,92.94,0.6487,1,-1,-1
127,5,739.81,678.77,39.33,101.54,0.6370,1,-1,-1
127,14,314.49,504.30,23.27,65.92,0.3666,1,-1,-1
127,15,1245.54,619.92,29.38,63.84,0.5039,1,-1,-1
127,17,1296.21,551.22,30.42,68.29,0.4678,1,-1,-1
127,18,633.59,974.60,199.91,105.40,0.4844,4,-1,-1
127,0,557.00,592.89,32.06,80.82,0.4932,1,-1,-1
128,1,780.12,566.01,29.85,77.64,0.6680,1,-1,-1
128,4,885.02,506.18,22.18,57.20,0.6086,1,-1,-1
128,3,668.86,671.48,31.33,92.46,0.6783,1,-1,-1
128,5,738.59,681.64,39.27,101.07,0.6706,1,-1,-1
128,14,312.46,506.80,22.70,64.00,0.3107,1,-1,-1
128,15,1246.29,622.97,31.42,68.55,0.4795,1,-1,-1
128,17,1297.15,552.56,31.11,69.67,0.3183,1,-1,-1
128,18,641.26,979.58,191.25,100.42,0.5870,4,-1,-1
128,0,557.13,593.48,32.36,82.12,0.6593,1,-1,-1
129,1,779.15,566.75,29.95,78.15,0.6715,1,-1,-1
129,4,884.75,507.44,21.90,56.29,0.6252,1,-1,-1
129,3,667.39,674.19,31.65,93.06,0.6918,1,-1,-1
129,5,738.35,684.50,39.12,100.54,0.6460,1,-1,-1
129,14,307.69,507.66,23.06,63.44,0.3942,1,-1,-1
129,15,1248.39,623.93,30.88,67.22,0.3540,1,-1,-1
129,17,1298.53,554.02,30.27,67.65,0.3049,1,-1,-1
129,18,637.51,985.14,182.81,94.86,0.1836,4,-1,-1
129,0,556.84,594.78,32.62,83.54,0.5554,1,-1,-1
130,1,778.00,568.03,29.74,77.87,0.7017,1,-1,-1
130,4,884.71,508.65,21.88,56.41,0.6540,1,-1,-1
130,3,666.01,676.01,31.75,93.02,0.6783,1,-1,-1
130,5,737.30,687.48,39.02,99.65,0.7042,1,-1,-1
130,14,307.44,509.19,23.02,63.12,0.5554,1,-1,-1
130,15,1247.87,625.03,33.33,72.54,0.4746,1,-1,-1
130,17,1299.43,554.50,30.99,69.24,0.2751,1,-1,-1
130,18,637.64,989.49,177.31,90.51,0.2934,4,-1,-1
130,0,556.64,596.68,32.48,83.04,0.5670,1,-1,-1
131,1,776.65,568.63,30.29,79.70,0.7454,1,-1,-1
131,4,884.38,509.73,22.02,56.80,0.6918,1,-1,-1
131,3,664.55,677.80,32.22,94.34,0.6289,1,-1,-1
131,5,736.12,689.42,39.55,100.76,0.6860,1,-1,-1
131,14,305.26,510.47,23.38,63.34,0.3639,1,-1,-1
131,15,1247.55,625.77,35.72,77.97,0.6893,1,-1,-1
131,17,1299.66,555.18,32.61,73.16,0.5448,1,-1,-1
131,18,638.07,994.83,170.96,85.17,0.2147,4,-1,-1
131,0,557.47,599.32,33.01,81.52,0.5651,1,-1,-1
132,1,775.38,570.57,29.61,78.11,0.6951,1,-1,-1
132,4,884.31,510.16,22.13,57.39,0.6469,1,-1,-1
132,3,662.80,680.19,32.12,94.48,0.5554,1,-1,-1
132,5,735.65,691.88,39.97,102.17,0.6169,1,-1,-1
132,14,299.60,512.58,23.15,61.28,0.3329,1,-1,-1
132,15,1248.37,626.41,36.65,80.29,0.5794,1,-1,-1
132,17,1299.72,555.33,33.70,75.36,0.5804,1,-1,-1
132,18,660.61,1004.60,154.37,75.40,0.2918,4,-1,-1
132,0,558.09,598.80,35.16,84.30,0.6058,1,-1,-1
133,1,774.14,571.78,29.34,77.54,0.6289,1,-1,-1
133,4,884.97,510.91,21.93,56.90,0.6086,1,-1,-1
133,3,661.42,682.05,32.68,96.61,0.4815,1,-1,-1
133,5,734.24,693.43,40.64,104.80,0.5860,1,-1,-1
133,14,300.12,512.36,23.60,63.72,0.3585,1,-1,-1
133,17,1301.47,556.84,32.99,73.67,0.5467,1,-1,-1
133,0,556.23,599.31,36.93,86.89,0.4349,1,-1,-1
134,1,773.15,572.85,28.93,76.15,0.5898,1,-1,-1
134,4,884.72,512.10,21.73,56.88,0.6105,1,-1,-1
134,3,660.78,684.74,31.98,95.07,0.5525,1,-1,-1
134,5,733.06,695.80,40.56,105.29,0.5525,1,-1,-1
134,14,294.15,513.46,23.50,62.83,0.4359,1,-1,-1
134,17,1302.66,558.81,32.55,72.41,0.6049,1,-1,-1
134,0,555.07,601.51,37.01,85.48,0.5917,1,-1,-1
135,1,772.37,574.05,29.75,78.18,0.6225,1,-1,-1
135,4,884.91,513.35,21.44,56.38,0.6270,1,-1,-1
135,3,659.99,686.91,31.74,95.15,0.6123,1,-1,-1
135,5,731.96,697.64,39.99,104.19,0.6826,1,-1,-1
135,14,291.23,513.20,24.78,64.98,0.5000,1,-1,-1
135,17,1303.64,559.64,32.42,71.69,0.6397,1,-1,-1
135,0,554.42,603.36,38.29,86.94,0.6451,1,-1,-1
136,1,771.58,575.39,29.77,78.16,0.6114,1,-1,-1
136,4,884.74,514.33,20.81,54.98,0.6252,1,-1,-1
136,3,658.22,689.04,32.46,97.77,0.6469,1,-1,-1
136,5,730.41,699.70,40.95,106.81,0.7058,1,-1,-1
136,14,288.46,517.99,23.48,60.83,0.3451,1,-1,-1
136,17,1304.27,561.15,32.98,72.55,0.6215,1,-1,-1
136,0,553.01,604.11,39.41,88.27,0.6361,1,-1,-1
137,1,769.71,575.98,29.93,78.10,0.6549,1,-1,-1
137,4,883.92,515.65,20.75,55.39,0.6415,1,-1,-1
137,3,656.74,691.38,32.28,96.94,0.7225,1,-1,-1
137,5,729.64,702.32,40.65,106.85,0.7025,1,-1,-1
137,14,286.90,522.51,22.86,57.83,0.4717,1,-1,-1
137,17,1305.66,562.36,33.13,72.44,0.6215,1,-1,-1
137,0,551.65,606.06,39.10,87.56,0.6289,1,-1,-1
138,1,767.57,576.92,29.84,77.87,0.6433,1,-1,-1
138,4,883.20,516.17,21.16,56.98,0.6086,1,-1,-1
138,3,655.14,693.96,32.90,98.22,0.6943,1,-1,-1
138,5,728.52,704.32,40.60,107.28,0.7249,1,-1,-1
138,14,285.72,524.19,23.30,57.68,0.5708,1,-1,-1
138,17,1306.35,562.76,33.40,72.52,0.4513,1,-1,-1
138,0,549.77,607.88,39.46,87.63,0.6415,1,-1,-1
138,15,1260.25,639.71,34.55,75.55,0.5351,1,-1,-1
139,1,766.04,578.30,29.34,76.60,0.7130,1,-1,-1
139,4,883.02,515.85,21.88,58.72,0.6243,1,-1,-1
139,3,654.79,696.83,33.55,98.68,0.6487,1,-1,-1
139,5,727.14,707.04,40.57,107.64,0.7009,1,-1,-1
139,14,283.83,526.35,23.63,57.17,0.6095,1,-1,-1
139,17,1306.96,564.47,33.18,71.08,0.2713,1,-1,-1
139,0,548.11,608.94,41.24,90.86,0.6654,1,-1,-1
140,1,763.73,578.47,30.31,79.59,0.7194,1,-1,-1
140,4,881.95,515.03,22.80,61.21,0.6206,1,-1,-1
140,3,654.93,698.28,34.60,99.57,0.5283,1,-1,-1
140,5,726.33,708.97,41.02,109.21,0.6993,1,-1,-1
140,14,280.91,524.09,24.90,59.45,0.5312,1,-1,-1
140,17,1307.99,566.05,32.62,69.31,0.1541,1,-1,-1
140,0,547.51,609.18,42.52,93.17,0.6826,1,-1,-1
140,25,937.20,486.02,18.32,47.34,0.5574,1,-1,-1
141,1,762.00,580.13,30.27,79.86,0.6935,1,-1,-1
141,4,882.05,515.10,23.06,61.93,0.6343,1,-1,-1
141,3,652.17,699.24,34.67,99.07,0.4600,1,-1,-1
141,5,725.32,710.31,40.96,108.96,0.7295,1,-1,-1
141,14,278.90,526.69,23.73,56.16,0.5936,1,-1,-1
141,17,1307.55,565.96,33.76,70.94,0.1339,1,-1,-1
141,0,546.08,609.32,43.56,95.00,0.6039,1,-1,-1
141,25,937.10,486.06,18.55,47.92,0.5000,1,-1,-1
142,1,761.51,578.71,29.14,77.13,0.6697,1,-1,-1
142,4,882.10,514.17,22.87,61.72,0.6188,1,-1,-1
142,3,651.11,698.83,34.97,99.55,0.5000,1,-1,-1
142,5,724.55,710.49,40.89,108.89,0.7387,1,-1,-1
142,14,275.96,527.03,23.37,54.53,0.5302,1,-1,-1
142,17,1307.40,564.18,34.41,72.20,0.4649,1,-1,-1
142,0,545.88,608.65,43.33,94.81,0.6549,1,-1,-1
142,25,936.97,484.24,18.78,48.51,0.5467,1,-1,-1
142,15,1263.47,640.56,34.65,74.71,0.4698,1,-1,-1
143,1,759.93,576.16,29.79,78.47,0.6289,1,-1,-1
143,4,882.61,510.71,22.39,60.77,0.6558,1,-1,-1
143,3,649.10,697.69,34.74,98.78,0.5823,1,-1,-1
143,5,723.60,709.71,41.18,109.84,0.6531,1,-1,-1
143,14,273.51,523.27,24.01,55.28,0.6086,1,-1,-1
143,17,1308.34,561.54,34.68,72.59,0.5283,1,-1,-1
143,0,544.91,606.18,43.66,96.05,0.6993,1,-1,-1
143,25,937.11,480.87,20.27,52.26,0.4756,1,-1,-1
143,15,1264.60,637.84,37.38,79.32,0.5370,1,-1,-1
144,1,759.76,572.60,27.78,72.77,0.7066,1,-1,-1
144,4,883.18,506.25,21.37,57.99,0.6610,1,-1,-1
144,3,647.95,694.53,34.17,97.12,0.6179,1,-1,-1
144,5,723.30,707.14,40.87,108.64,0.6654,1,-1,-1
144,14,270.79,517.45,24.19,55.93,0.5467,1,-1,-1
144,17,1307.85,557.78,34.61,72.44,0.6558,1,-1,-1
144,0,547.37,602.51,40.13,89.58,0.6039,1,-1,-1
144,25,938.68,475.62,18.31,46.99,0.4659,1,-1,-1
144,15,1267.24,635.67,37.95,80.32,0.4717,1,-1,-1
145,1,758.31,566.93,29.05,76.24,0.6885,1,-1,-1
145,4,883.40,500.65,21.11,57.43,0.6593,1,-1,-1
145,3,646.35,690.38,34.12,97.84,0.6142,1,-1,-1
145,5,722.18,703.51,40.80,108.31,0.6215,1,-1,-1
145,14,268.82,512.57,24.11,55.50,0.5583,1,-1,-1
145,17,1309.82,552.47,34.97,72.74,0.6261,1,-1,-1
145,0,548.14,596.46,39.54,89.70,0.6021,1,-1,-1
145,25,939.50,469.08,18.23,46.80,0.3951,1,-1,-1
145,15,1269.69,630.71,37.48,78.28,0.6298,1,-1,-1
146,1,756.76,558.70,30.33,79.62,0.7146,1,-1,-1
146,4,883.24,494.09,20.64,56.27,0.5554,1,-1,-1
146,3,645.44,685.38,34.03,98.12,0.6343,1,-1,-1
146,5,721.36,697.53,40.26,105.98,0.5029,1,-1,-1
146,14,266.25,497.89,27.21,63.25,0.2942,1,-1,-1
146,17,1310.46,545.10,35.62,74.12,0.6522,1,-1,-1
146,0,548.00,590.08,37.77,87.00,0.6011,1,-1,-1
146,25,940.25,461.99,17.91,45.99,0.2728,1,-1,-1
146,15,1271.90,624.51,38.70,80.13,0.6531,1,-1,-1
147,1,754.67,549.92,31.67,83.59,0.6935,1,-1,-1
147,4,882.98,485.14,21.15,57.85,0.6123,1,-1,-1
147,3,643.74,678.55,34.16,98.45,0.6289,1,-1,-1
147,5,720.35,691.24,41.71,109.23,0.5409,1,-1,-1
147,17,1311.58,538.17,35.69,74.15,0.6610,1,-1,-1
147,0,546.76,582.37,39.30,92.34,0.6307,1,-1,-1
147,15,1273.03,617.60,41.08,85.25,0.6584,1,-1,-1
148,1,752.94,543.15,31.93,84.49,0.6885,1,-1,-1
148,4,883.06,476.75,21.35,58.49,0.6105,1,-1,-1
148,3,642.62,671.81,35.05,100.25,0.4815,1,-1,-1
148,5,718.80,684.98,42.95,112.51,0.5370,1,-1,-1
148,17,1311.97,529.78,36.42,75.70,0.7058,1,-1,-1
148,0,546.53,576.10,38.64,92.47,0.4805,1,-1,-1
148,15,1275.38,611.00,42.03,87.47,0.6637,1,-1,-1
149,1,751.20,534.67,32.16,85.12,0.6935,1,-1,-1
149,4,882.66,469.57,21.83,59.94,0.5784,1,-1,-1
149,3,641.36,665.31,35.70,102.35,0.6234,1,-1,-1
149,5,716.77,678.79,42.87,112.27,0.5487,1,-1,-1
149,17,1312.39,522.21,36.82,76.51,0.7417,1,-1,-1
149,0,546.19,569.79,37.79,92.32,0.6817,1,-1,-1
149,15,1277.27,604.16,42.53,88.78,0.6225,1,-1,-1
150,1,749.84,528.64,31.99,84.40,0.7469,1,-1,-1
150,4,882.37,462.51,22.17,61.03,0.5804,1,-1,-1
150,3,640.40,661.05,35.99,102.33,0.5574,1,-1,-1
150,5,714.54,674.09,43.84,114.38,0.6243,1,-1,-1
150,17,1313.25,515.52,36.93,76.54,0.7114,1,-1,-1
150,0,545.15,563.87,38.40,95.73,0.6086,1,-1,-1
150,15,1279.16,598.33,45.05,94.45,0.6123,1,-1,-1
150,25,939.12,433.61,21.62,55.87,0.5804,1,-1,-1
151,1,748.42,524.55,32.10,84.85,0.7356,1,-1,-1
151,4,881.81,457.09,22.42,61.81,0.6628,1,-1,-1
151,3,638.33,657.18,36.16,103.44,0.6243,1,-1,-1
151,5,713.48,671.72,43.47,113.06,0.6039,1,-1,-1
151,17,1313.33,510.94,37.02,76.83,0.6610,1,-1,-1
151,0,544.83,560.96,36.81,93.00,0.6800,1,-1,-1
151,15,1281.03,594.37,45.14,94.45,0.4562,1,-1,-1
151,25,938.03,428.31,22.71,58.56,0.4263,1,-1,-1
152,1,747.31,521.40,31.58,83.05,0.6740,1,-1,-1
152,4,881.33,453.48,22.79,62.74,0.6361,1,-1,-1
152,3,636.37,654.30,36.73,105.76,0.6307,1,-1,-1
152,5,712.22,669.55,43.38,112.40,0.6689,1,-1,-1
152,17,1314.03,507.62,36.97,76.91,0.7082,1,-1,-1
152,0,545.06,557.79,35.44,90.16,0.6851,1,-1,-1
152,15,1285.37,592.21,43.19,90.33,0.5078,1,-1,-1
152,25,938.71,424.22,21.72,55.17,0.4301,1,-1,-1
152,30,1310.30,320.66,19.07,38.90,0.5263,1,-1,-1
152,32,170.23,452.11,39.77,79.84,0.4971,1,-1,-1
153,1,745.76,519.03,31.09,80.36,0.7017,1,-1,-1
153,4,881.00,451.03,23.41,64.62,0.6593,1,-1,-1
153,3,635.45,653.68,36.44,105.61,0.6379,1,-1,-1
153,5,711.22,668.44,43.16,111.35,0.7520,1,-1,-1
153,17,1315.82,505.78,37.01,76.84,0.6160,1,-1,-1
153,0,544.48,555.43,34.84,89.07,0.6558,1,-1,-1
153,15,1290.14,590.75,39.21,81.00,0.2644,1,-1,-1
153,25,939.72,421.41,21.80,55.01,0.4017,1,-1,-1
153,30,1311.01,319.46,18.34,37.36,0.2282,1,-1,-1
153,32,167.94,452.30,37.68,75.74,0.2187,1,-1,-1
154,1,744.01,517.01,31.98,81.67,0.7146,1,-1,-1
154,4,881.09,449.92,23.48,65.16,0.6522,1,-1,-1
154,3,634.80,654.22,36.44,105.10,0.6215,1,-1,-1
154,5,710.06,668.01,43.39,111.28,0.7311,1,-1,-1
154,17,1317.18,504.70,37.37,77.44,0.5993,1,-1,-1
154,0,543.64,554.05,34.70,89.19,0.6697,1,-1,-1
154,15,1293.56,590.28,40.65,83.41,0.5467,1,-1,-1
154,30,1313.00,317.10,17.78,36.21,0.1520,1,-1,-1
154,32,165.64,453.02,36.30,72.95,0.4678,1,-1,-1
155,1,742.66,516.63,32.15,81.54,0.7210,1,-1,-1
155,4,881.37,449.04,23.12,64.68,0.6451,1,-1,-1
155,3,633.29,654.87,36.95,105.63,0.6680,1,-1,-1
155,5,709.54,669.72,43.46,110.72,0.7106,1,-1,-1
155,0,542.97,554.29,35.05,90.75,0.6514,1,-1,-1
155,30,1313.43,313.71,18.61,38.02,0.3739,1,-1,-1
155,32,162.55,453.53,35.25,70.91,0.5487,1,-1,-1
156,1,741.01,516.04,33.11,83.83,0.7098,1,-1,-1
156,4,881.63,448.91,23.01,64.63,0.6361,1,-1,-1
156,3,632.23,655.64,38.28,108.26,0.6505,1,-1,-1
156,5,709.00,671.50,44.17,112.24,0.6926,1,-1,-1
156,0,542.25,554.80,34.74,90.32,0.6809,1,-1,-1
156,30,1314.86,313.27,18.35,37.57,0.2983,1,-1,-1
156,32,160.57,454.26,35.42,71.25,0.4446,1,-1,-1
157,1,739.72,515.78,33.69,85.34,0.7439,1,-1,-1
157,4,881.84,448.98,23.02,65.17,0.6379,1,-1,-1
157,3,631.91,658.42,38.24,106.00,0.5993,1,-1,-1
157,5,706.97,673.72,44.58,112.97,0.6809,1,-1,-1
157,0,542.66,557.80,34.24,88.20,0.6514,1,-1,-1
157,30,1315.56,313.75,18.14,37.15,0.3040,1,-1,-1
157,32,157.92,453.23,35.57,71.31,0.1221,1,-1,-1
158,1,738.71,516.97,33.69,85.55,0.7241,1,-1,-1
158,4,881.64,449.65,22.98,65.36,0.6343,1,-1,-1
158,3,627.20,660.23,37.66,105.64,0.6021,1,-1,-1
158,5,704.85,676.49,44.81,113.12,0.7009,1,-1,-1
158,0,541.67,559.49,33.82,87.10,0.6610,1,-1,-1
158,30,1316.38,313.65,18.35,37.58,0.3174,1,-1,-1
158,32,154.80,454.19,35.21,70.79,0.4168,1,-1,-1
158,17,1323.52,504.89,37.77,78.26,0.5756,1,-1,-1
158,15,1299.59,593.52,49.00,100.16,0.6370,1,-1,-1
159,1,738.14,517.40,33.84,85.99,0.7122,1,-1,-1
159,4,881.68,450.74,22.55,63.95,0.6307,1,-1,-1
159,3,625.27,662.45,37.20,105.56,0.6039,1,-1,-1
159,5,703.31,679.02,45.26,114.02,0.7233,1,-1,-1
159,0,540.31,561.53,34.04,87.84,0.6723,1,-1,-1
159,30,1317.04,313.77,17.91,36.69,0.1919,1,-1,-1
159,32,151.17,443.29,40.68,82.70,0.3979,1,-1,-1
159,17,1324.71,505.87,37.80,78.76,0.7272,1,-1,-1
159,15,1302.79,595.27,49.10,100.12,0.6397,1,-1,-1
160,1,737.29,518.04,33.73,86.12,0.6993,1,-1,-1
160,4,880.96,451.58,22.62,63.71,0.6697,1,-1,-1
160,3,624.01,665.98,37.58,107.12,0.5870,1,-1,-1
160,5,701.40,682.48,45.57,114.66,0.6926,1,-1,-1
160,0,539.74,564.76,33.62,87.03,0.7098,1,-1,-1
160,30,1317.17,314.26,17.99,36.80,0.1801,1,-1,-1
160,32,149.46,449.38,39.45,79.99,0.5477,1,-1,-1
160,17,1326.43,507.85,37.69,78.97,0.7585,1,-1,-1
160,15,1305.24,597.45,50.01,102.42,0.6715,1,-1,-1
161,1,735.33,518.82,34.11,87.47,0.7178,1,-1,-1
161,4,880.63,451.73,22.62,63.41,0.6715,1,-1,-1
161,3,624.39,669.53,38.19,108.10,0.6298,1,-1,-1
161,5,698.84,685.96,46.37,115.81,0.7461,1,-1,-1
161,0,539.03,567.03,33.42,86.83,0.6885,1,-1,-1
161,32,147.04,448.48,40.00,81.19,0.4552,1,-1,-1
161,17,1328.58,508.99,37.76,79.08,0.6834,1,-1,-1
161,15,1307.47,599.46,50.29,103.58,0.6370,1,-1,-1
162,1,733.81,520.08,34.44,88.68,0.7042,1,-1,-1
162,4,880.32,452.58,22.65,63.24,0.6415,1,-1,-1
162,3,622.87,672.70,38.70,109.40,0.6960,1,-1,-1
162,5,697.30,688.74,47.15,117.87,0.7387,1,-1,-1
162,0,538.73,569.88,33.26,86.72,0.6469,1,-1,-1
162,32,144.64,449.61,40.58,82.06,0.3748,1,-1,-1
162,17,1329.80,509.38,38.89,81.48,0.7098,1,-1,-1
162,15,1309.60,601.78,50.33,103.78,0.7491,1,-1,-1
163,1,732.96,521.39,33.73,87.56,0.7318,1,-1,-1
163,4,880.48,453.80,22.59,62.79,0.5879,1,-1,-1
163,3,620.73,675.12,38.75,110.47,0.6993,1,-1,-1
163,5,695.79,692.19,47.08,118.32,0.7506,1,-1,-1
163,0,537.11,569.39,34.33,89.84,0.5898,1,-1,-1
163,32,141.98,450.08,40.01,81.13,0.4036,1,-1,-1
163,17,1331.77,510.25,39.45,82.86,0.6834,1,-1,-1
163,15,1311.94,604.76,50.02,102.95,0.7233,1,-1,-1
164,1,731.28,522.80,33.51,87.78,0.7409,1,-1,-1
164,4,880.73,454.75,22.70,62.67,0.1750,1,-1,-1
164,3,618.04,678.10,38.85,110.76,0.7114,1,-1,-1
164,5,694.46,695.73,47.31,119.49,0.7186,1,-1,-1
164,0,535.85,570.95,34.63,91.01,0.6645,1,-1,-1
164,32,140.07,458.76,38.00,75.84,0.4971,1,-1,-1
164,17,1333.36,512.77,39.41,82.82,0.7402,1,-1,-1
164,15,1312.67,606.86,51.26,105.45,0.7746,1,-1,-1
164,34,1392.18,344.66,15.21,36.45,0.5506,1,-1,-1
165,1,729.80,523.19,33.59,88.28,0.7241,1,-1,-1
165,4,880.99,456.38,22.59,61.95,0.5917,1,-1,-1
165,3,615.99,680.69,38.98,111.55,0.6645,1,-1,-1
165,5,692.94,699.15,47.26,120.00,0.6943,1,-1,-1
165,0,535.54,573.39,34.34,90.30,0.6049,1,-1,-1
165,32,138.00,461.87,37.91,74.86,0.5554,1,-1,-1
165,17,1335.02,513.97,39.34,82.66,0.7432,1,-1,-1
165,15,1315.15,609.23,50.79,104.41,0.7356,1,-1,-1
165,34,1393.38,344.65,15.30,36.64,0.2636,1,-1,-1
166,1,728.39,524.68,32.82,86.61,0.7225,1,-1,-1
166,4,880.79,459.69,22.22,60.74,0.6179,1,-1,-1
166,3,614.12,684.39,38.51,110.79,0.6951,1,-1,-1
166,5,691.18,702.19,47.57,120.29,0.7170,1,-1,-1
166,0,535.00,575.15,34.25,90.11,0.5554,1,-1,-1
166,32,136.38,461.75,39.65,76.83,0.5039,1,-1,-1
166,17,1336.31,514.82,40.10,84.38,0.5137,1,-1,-1
166,15,1317.67,612.38,50.84,104.67,0.7578,1,-1,-1
166,34,1394.78,345.77,15.03,36.05,0.4717,1,-1,-1
167,1,726.81,526.05,33.69,89.00,0.7326,1,-1,-1
167,4,879.89,460.40,23.12,63.17,0.6361,1,-1,-1
167,3,611.40,687.03,39.04,113.72,0.6792,1,-1,-1
167,5,689.19,705.25,47.96,121.21,0.7387,1,-1,-1
167,0,534.27,576.37,34.65,91.36,0.6179,1,-1,-1
167,32,132.92,463.51,40.05,76.72,0.6343,1,-1,-1
167,17,1338.12,515.76,40.78,85.99,0.6261,1,-1,-1
167,15,1319.12,614.57,51.67,106.47,0.8176,1,-1,-1
167,34,1395.46,345.56,15.48,37.22,0.4932,1,-1,-1
167,36,1184.15,658.11,43.00,102.34,0.4990,1,-1,-1
168,1,725.42,527.90,33.12,87.56,0.7649,1,-1,-1
168,4,879.70,461.42,23.22,63.55,0.6325,1,-1,-1
168,3,608.38,690.57,39.03,114.71,0.6993,1,-1,-1
168,5,685.94,709.21,48.96,122.73,0.7564,1,-1,-1
168,0,533.64,578.32,34.79,91.70,0.6433,1,-1,-1
168,32,128.77,465.57,40.59,77.48,0.5936,1,-1,-1
168,17,1340.64,519.08,39.80,83.71,0.6549,1,-1,-1
168,15,1320.54,616.75,52.18,107.63,0.8322,1,-1,-1
168,34,1396.40,346.60,15.36,36.92,0.6361,1,-1,-1
168,36,1182.52,661.07,42.21,100.56,0.3603,1,-1,-1
168,37,1376.39,345.60,16.84,42.42,0.6215,1,-1,-1
169,1,723.83,529.41,33.24,87.85,0.7705,1,-1,-1
169,4,879.74,462.85,23.43,63.64,0.6142,1,-1,-1
169,3,606.08,694.17,38.95,115.46,0.7090,1,-1,-1
169,5,684.36,712.95,49.09,123.43,0.7249,1,-1,-1
169,0,533.28,580.70,35.04,91.70,0.5195,1,-1,-1
169,32,124.90,462.35,43.39,83.21,0.6160,1,-1,-1
169,17,1342.66,521.64,39.70,83.54,0.5438,1,-1,-1
169,15,1321.95,618.83,52.66,108.64,0.8408,1,-1,-1
169,34,1397.07,347.22,15.34,36.97,0.5955,1,-1,-1
169,36,1183.17,663.52,41.03,98.12,0.2006,1,-1,-1
169,37,1376.83,347.12,17.05,42.86,0.4426,1,-1,-1
170,1,722.50,530.61,33.84,89.09,0.7691,1,-1,-1
170,4,879.61,464.17,23.54,63.25,0.6433,1,-1,-1
170,3,606.10,697.96,38.47,114.68,0.6540,1,-1,-1
170,5,682.33,715.77,49.52,124.79,0.7621,1,-1,-1
170,0,532.34,584.25,35.53,93.08,0.5351,1,-1,-1
170,32,122.14,461.74,44.80,85.69,0.5746,1,-1,-1
170,17,1344.32,522.18,40.41,85.25,0.6132,1,-1,-1
170,15,1323.75,621.18,52.75,108.64,0.8418,1,-1,-1
170,34,1398.38,346.70,15.81,38.17,0.6215,1,-1,-1
170,36,1184.60,665.34,47.70,114.24,0.4533,1,-1,-1
170,37,1377.07,346.89,18.11,45.64,0.3425,1,-1,-1
171,1,721.34,532.51,33.91,88.67,0.7718,1,-1,-1
171,4,879.43,466.32,23.37,62.38,0.6645,1,-1,-1
171,3,603.95,700.14,38.92,117.18,0.6188,1,-1,-1
171,5,680.95,719.16,49.67,125.86,0.7106,1,-1,-1
171,0,531.20,585.90,36.38,95.54,0.4785,1,-1,-1
171,32,117.92,454.20,49.53,95.48,0.5804,1,-1,-1
171,17,1346.30,524.20,39.98,84.29,0.7476,1,-1,-1
171,15,1325.08,623.11,53.08,109.68,0.8490,1,-1,-1
171,34,1400.13,347.59,15.55,37.64,0.5467,1,-1,-1
171,36,1187.88,668.31,50.32,120.45,0.5361,1,-1,-1
171,37,1378.18,348.11,17.71,44.65,0.1592,1,-1,-1
172,1,719.29,533.77,34.11,88.86,0.7571,1,-1,-1
172,4,879.12,468.09,23.62,62.40,0.6540,1,-1,-1
172,3,602.44,702.51,38.71,116.67,0.6487,1,-1,-1
172,5,679.89,723.04,49.67,125.90,0.7074,1,-1,-1
172,0,530.47,587.40,36.68,96.57,0.6058,1,-1,-1
172,32,114.59,452.71,50.49,98.30,0.4834,1,-1,-1
172,17,1348.45,526.19,39.42,82.95,0.7233,1,-1,-1
172,15,1326.65,625.58,53.42,110.59,0.7746,1,-1,-1
172,34,1401.52,347.47,15.76,38.29,0.6307,1,-1,-1
172,36,1190.03,671.94,49.23,118.24,0.5127,1,-1,-1
172,37,1379.74,348.40,17.37,43.83,0.3398,1,-1,-1
172,38,1032.85,363.14,67.00,28.11,0.4591,4,-1,-1
173,1,717.69,535.72,34.19,88.82,0.7860,1,-1,-1
173,4,878.57,468.96,24.15,63.18,0.5860,1,-1,-1
173,3,600.85,706.58,38.27,116.11,0.6584,1,-1,-1
173,5,676.92,726.55,50.26,126.70,0.7387,1,-1,-1
173,0,530.27,589.30,37.28,98.02,0.5564,1,-1,-1
173,32,114.83,467.78,43.72,84.01,0.4017,1,-1,-1
173,17,1349.59,527.27,39.85,83.79,0.7356,1,-1,-1
173,15,1328.23,628.77,53.34,110.87,0.8187,1,-1,-1
173,34,1401.83,348.35,15.78,38.66,0.6197,1,-1,-1
173,36,1190.98,674.74,46.63,112.32,0.5185,1,-1,-1
173,37,1380.66,349.27,17.07,43.11,0.4649,1,-1,-1
173,38,1032.36,363.74,71.39,29.96,0.3998,4,-1,-1
174,1,716.34,537.10,34.39,88.57,0.7564,1,-1,-1
174,4,878.17,469.81,24.50,63.53,0.3200,1,-1,-1
174,3,598.34,709.58,39.03,119.46,0.6478,1,-1,-1
174,5,674.26,731.48,50.22,126.06,0.7635,1,-1,-1
174,0,529.31,591.48,38.32,100.91,0.5832,1,-1,-1
174,32,112.99,472.26,41.43,79.18,0.6030,1,-1,-1
174,17,1351.10,529.47,40.10,83.79,0.6584,1,-1,-1
174,15,1329.82,631.47,53.43,111.22,0.8366,1,-1,-1
174,34,1403.24,349.12,15.62,38.40,0.4873,1,-1,-1
174,36,1193.28,678.29,50.71,122.18,0.4542,1,-1,-1
174,37,1382.19,349.77,17.00,42.60,0.2902,1,-1,-1
175,1,714.32,538.89,34.74,88.65,0.7233,1,-1,-1
175,4,878.83,471.65,24.15,62.33,0.6433,1,-1,-1
175,3,596.96,713.11,38.81,119.57,0.6169,1,-1,-1
175,5,673.70,735.17,49.90,126.44,0.7592,1,-1,-1
175,0,527.75,593.88,38.80,101.79,0.5794,1,-1,-1
175,32,110.85,471.37,42.64,81.28,0.5049,1,-1,-1
175,17,1352.41,532.32,40.14,83.12,0.7233,1,-1,-1
175,15,1331.94,634.35,53.45,111.60,0.8510,1,-1,-1
175,34,1403.77,347.96,16.51,40.64,0.4301,1,-1,-1
175,36,1200.58,681.02,55.61,132.09,0.7186,1,-1,-1
175,37,1383.05,348.15,17.82,44.68,0.3337,1,-1,-1
175,38,1033.06,367.65,74.08,31.12,0.5361,4,-1,-1
176,1,713.01,540.90,35.02,88.20,0.7447,1,-1,-1
176,4,878.50,473.12,24.21,62.36,0.6307,1,-1,-1
176,3,595.46,717.41,38.47,118.90,0.7090,1,-1,-1
176,5,671.45,738.86,49.95,127.60,0.7186,1,-1,-1
176,0,526.03,597.41,39.07,101.96,0.5946,1,-1,-1
176,32,108.36,472.18,42.14,80.24,0.1012,1,-1,-1
176,17,1353.53,533.96,40.71,83.75,0.6860,1,-1,-1
176,15,1333.26,636.88,53.40,112.05,0.8558,1,-1,-1
176,36,1203.81,683.09,58.17,135.58,0.7705,1,-1,-1
176,37,1384.16,348.10,17.99,44.84,0.1485,1,-1,-1
176,41,949.88,436.82,23.23,56.49,0.5224,1,-1,-1
176,38,1033.99,369.16,75.64,31.84,0.1005,4,-1,-1
177,1,711.18,542.49,35.20,88.10,0.7356,1,-1,-1
177,4,878.33,474.02,24.32,62.48,0.6540,1,-1,-1
177,3,594.91,720.58,38.00,118.26,0.6860,1,-1,-1
177,5,668.59,742.37,50.23,127.63,0.7759,1,-1,-1
177,0,525.52,600.21,39.34,101.79,0.6406,1,-1,-1
177,32,103.72,465.23,47.30,91.07,0.5593,1,-1,-1
177,17,1355.18,534.69,41.74,85.92,0.7154,1,-1,-1
177,15,1334.71,638.73,53.05,111.73,0.8520,1,-1,-1
177,36,1204.57,685.96,59.47,136.09,0.7879,1,-1,-1
177,37,1384.73,348.58,18.22,45.21,0.1974,1,-1,-1
177,41,950.11,437.20,22.88,55.69,0.5029,1,-1,-1
177,38,1035.73,373.49,67.62,28.44,0.1204,4,-1,-1
178,1,709.73,544.04,35.15,87.46,0.7432,1,-1,-1
178,4,878.76,475.59,24.03,61.45,0.6325,1,-1,-1
178,3,593.44,723.32,38.15,119.48,0.6671,1,-1,-1
178,5,666.27,745.22,50.73,128.44,0.7432,1,-1,-1
178,0,525.59,602.41,40.62,103.74,0.6424,1,-1,-1
178,32,102.05,472.95,43.73,84.80,0.5689,1,-1,-1
178,17,1357.13,536.15,41.63,85.54,0.7106,1,-1,-1
178,15,1335.85,641.05,52.72,111.24,0.8510,1,-1,-1
178,36,1205.52,686.93,60.65,137.51,0.7892,1,-1,-1
178,41,950.57,437.71,22.01,53.64,0.5400,1,-1,-1
178,38,1036.97,375.39,67.57,28.35,0.1755,4,-1,-1
179,1,708.78,545.70,35.13,86.61,0.7535,1,-1,-1
179,4,878.77,475.98,24.45,62.30,0.6397,1,-1,-1
179,3,591.57,725.21,38.40,121.21,0.7009,1,-1,-1
179,5,664.38,748.10,51.03,128.72,0.6910,1,-1,-1
179,0,525.04,604.22,41.00,102.75,0.6792,1,-1,-1
179,32,100.73,475.72,42.25,81.93,0.5879,1,-1,-1
179,17,1358.05,536.40,41.84,85.84,0.7642,1,-1,-1
179,15,1337.37,642.79,52.63,111.69,0.8418,1,-1,-1
179,36,1203.91,688.07,60.73,137.96,0.7621,1,-1,-1
179,41,951.06,438.43,21.66,52.89,0.5651,1,-1,-1
180,1,707.10,545.78,35.44,87.10,0.7606,1,-1,-1
180,4,878.31,475.21,25.53,64.92,0.6307,1,-1,-1
180,3,590.05,727.12,38.71,123.48,0.6406,1,-1,-1
180,5,662.17,750.74,51.56,129.22,0.7311,1,-1,-1
180,0,524.29,606.32,41.49,102.15,0.6442,1,-1,-1
180,32,98.94,475.82,42.61,82.88,0.5351,1,-1,-1
180,17,1359.31,537.94,41.93,85.60,0.7520,1,-1,-1
180,15,1338.82,644.54,52.51,112.26,0.8300,1,-1,-1
180,36,1202.60,689.67,60.00,136.68,0.7025,1,-1,-1
180,41,951.18,439.09,21.56,52.69,0.5409,1,-1,-1
180,34,1408.48,349.14,16.37,40.51,0.4980,1,-1,-1
180,37,1385.85,349.46,18.57,46.04,0.5322,1,-1,-1
181,1,705.70,545.83,35.71,87.43,0.7732,1,-1,-1
181,4,878.42,476.36,25.40,64.44,0.6289,1,-1,-1
181,3,588.20,728.77,39.01,124.99,0.6424,1,-1,-1
181,5,661.63,753.85,51.27,128.18,0.7025,1,-1,-1
181,0,522.72,607.75,42.53,103.54,0.6316,1,-1,-1
181,17,1360.08,538.75,42.58,86.43,0.6826,1,-1,-1
181,15,1340.10,646.56,51.99,112.17,0.8164,1,-1,-1
181,36,1205.50,688.07,61.20,138.60,0.7154,1,-1,-1
181,41,951.87,439.31,21.42,52.45,0.5438,1,-1,-1
181,42,851.94,448.82,26.55,66.90,0.5419,1,-1,-1
181,34,1409.30,349.21,16.30,40.78,0.4649,1,-1,-1
181,37,1386.63,350.52,18.06,44.56,0.5244,1,-1,-1
182,1,703.96,546.12,35.66,87.27,0.7773,1,-1,-1
182,4,878.31,477.10,25.35,64.42,0.6415,1,-1,-1
182,3,587.28,730.99,38.76,124.87,0.7058,1,-1,-1
182,5,660.87,755.84,51.43,128.27,0.6243,1,-1,-1
182,0,521.49,608.60,42.81,103.58,0.6567,1,-1,-1
182,17,1360.79,539.16,43.31,87.55,0.6960,1,-1,-1
182,15,1341.70,648.33,51.17,111.24,0.8233,1,-1,-1
182,36,1209.36,687.64,62.37,139.40,0.6514,1,-1,-1
182,41,952.28,440.05,21.29,52.23,0.5263,1,-1,-1
182,42,852.14,448.27,25.97,65.43,0.4504,1,-1,-1
182,34,1410.08,348.84,16.16,40.81,0.3942,1,-1,-1
182,37,1386.44,349.53,19.04,47.12,0.5156,1,-1,-1
183,1,702.47,546.34,35.78,87.54,0.7606,1,-1,-1
183,4,878.30,477.44,25.28,64.18,0.6234,1,-1,-1
183,3,586.23,732.60,39.00,125.77,0.7356,1,-1,-1
183,5,659.77,757.22,52.00,129.31,0.6860,1,-1,-1
183,0,520.77,609.27,43.01,104.14,0.6671,1,-1,-1
183,17,1362.54,540.91,42.85,86.17,0.6706,1,-1,-1
183,15,1343.13,650.47,50.22,109.81,0.7957,1,-1,-1
183,36,1210.29,685.87,63.21,141.30,0.6132,1,-1,-1
183,41,952.39,440.81,21.13,51.97,0.5370,1,-1,-1
183,42,852.57,450.99,24.94,62.79,0.5332,1,-1,-1
183,34,1410.75,348.42,16.13,41.02,0.4659,1,-1,-1
183,37,1386.85,349.21,19.57,48.63,0.4168,1,-1,-1
183,38,1039.07,381.38,76.04,31.95,0.4951,4,-1,-1
184,1,700.94,546.24,36.06,88.47,0.7705,1,-1,-1
184,4,878.07,477.52,25.28,64.08,0.6215,1,-1,-1
184,3,584.35,733.58,39.16,126.30,0.7122,1,-1,-1
184,5,660.33,759.15,52.21,129.84,0.6993,1,-1,-1
184,0,520.14,609.66,43.49,105.30,0.6860,1,-1,-1
184,17,1363.34,541.66,42.93,86.02,0.7311,1,-1,-1
184,15,1344.44,651.73,49.82,109.80,0.8105,1,-1,-1
184,36,1208.57,685.11,62.96,142.06,0.3294,1,-1,-1
184,41,952.40,441.27,21.32,52.62,0.5458,1,-1,-1
184,42,852.96,452.58,25.00,62.73,0.5312,1,-1,-1
184,34,1411.55,348.55,15.94,40.76,0.5574,1,-1,-1
184,37,1387.58,349.15,19.32,48.34,0.4591,1,-1,-1
184,38,1039.06,381.21,77.27,32.56,0.4083,4,-1,-1
185,1,699.66,545.84,36.28,89.16,0.7753,1,-1,-1
185,4,877.91,477.34,25.30,63.93,0.6011,1,-1,-1
185,3,582.28,734.89,39.04,126.41,0.7202,1,-1,-1
185,5,660.19,760.42,52.31,130.12,0.6496,1,-1,-1
185,0,518.94,609.85,42.93,105.09,0.6514,1,-1,-1
185,17,1364.49,542.76,42.43,84.72,0.5983,1,-1,-1
185,15,1345.04,652.66,50.06,111.80,0.7476,1,-1,-1
185,36,1211.72,687.40,60.50,137.93,0.2180,1,-1,-1
185,41,952.32,441.38,21.52,53.28,0.5380,1,-1,-1
185,42,853.17,452.94,25.11,62.75,0.5312,1,-1,-1
185,34,1412.62,347.71,16.22,41.61,0.5535,1,-1,-1
185,37,1388.32,349.44,18.96,47.83,0.6252,1,-1,-1
185,38,1038.87,380.99,79.16,33.49,0.5263,4,-1,-1
186,1,698.88,545.50,36.07,88.65,0.7739,1,-1,-1
186,4,877.76,477.33,25.23,63.54,0.6086,1,-1,-1
186,3,581.05,735.48,38.79,125.86,0.7311,1,-1,-1
186,5,660.63,760.99,51.94,129.43,0.6298,1,-1,-1
186,0,519.25,609.53,43.00,105.63,0.6619,1,-1,-1
186,17,1365.21,543.07,42.30,84.26,0.5889,1,-1,-1
186,15,1344.99,653.53,50.48,114.15,0.6976,1,-1,-1
186,36,1211.00,687.21,60.47,140.00,0.2720,1,-1,-1
186,41,952.50,439.82,21.46,53.25,0.5059,1,-1,-1
186,42,852.94,449.25,25.95,64.73,0.4349,1,-1,-1
186,34,1413.50,347.03,16.42,41.87,0.4397,1,-1,-1
186,37,1389.05,349.11,18.42,46.77,0.5765,1,-1,-1
186,38,1039.70,381.33,78.58,33.31,0.5784,4,-1,-1
187,1,698.21,544.14,36.09,89.30,0.7506,1,-1,-1
187,4,877.56,475.89,25.57,64.43,0.6307,1,-1,-1
187,3,580.51,735.26,38.79,126.28,0.6976,1,-1,-1
187,5,660.66,760.83,51.74,129.38,0.6514,1,-1,-1
187,0,519.77,608.64,42.86,105.62,0.6514,1,-1,-1
187,17,1365.40,541.41,42.58,84.57,0.7074,1,-1,-1
187,15,1345.55,653.44,50.11,114.48,0.7432,1,-1,-1
187,36,1214.78,687.82,58.05,135.33,0.1981,1,-1,-1
187,41,952.30,438.78,22.06,55.04,0.5593,1,-1,-1
187,42,852.84,445.64,26.95,67.15,0.5185,1,-1,-1
187,34,1413.91,346.65,16.15,41.09,0.5049,1,-1,-1
187,37,1389.43,347.53,18.18,46.39,0.4484,1,-1,-1
187,38,1040.28,380.08,78.70,33.38,0.1925,4,-1,-1
188,1,696.79,541.73,36.24,89.72,0.7564,1,-1,-1
188,4,877.24,473.92,25.44,64.21,0.6197,1,-1,-1
188,3,580.48,734.08,38.72,126.35,0.6960,1,-1,-1
188,5,660.74,759.23,51.89,130.30,0.6496,1,-1,-1
188,0,519.65,607.08,42.06,104.24,0.6280,1,-1,-1
188,17,1366.50,539.12,42.30,83.97,0.6619,1,-1,-1
188,15,1346.42,652.59,48.56,110.71,0.7074,1,-1,-1
188,36,1216.45,687.35,57.14,134.03,0.1480,1,-1,-1
188,41,951.65,437.25,22.61,56.84,0.5293,1,-1,-1
188,42,852.51,442.87,27.98,69.85,0.5506,1,-1,-1
188,34,1414.34,343.67,16.15,41.19,0.5312,1,-1,-1
188,37,1390.82,345.81,17.97,46.11,0.4951,1,-1,-1
188,38,1039.20,375.49,84.03,35.88,0.1413,4,-1,-1
189,1,695.28,538.85,36.72,90.96,0.7807,1,-1,-1
189,4,877.36,470.74,25.61,64.63,0.6343,1,-1,-1
189,3,580.20,731.35,38.75,127.04,0.6706,1,-1,-1
189,5,660.29,756.80,51.47,130.33,0.6132,1,-1,-1
189,0,520.00,603.34,42.65,108.07,0.3363,1,-1,-1
189,17,1367.07,537.03,42.22,84.12,0.5955,1,-1,-1
189,15,1347.04,650.56,48.55,110.09,0.6993,1,-1,-1
189,36,1217.50,684.68,59.51,138.10,0.1510,1,-1,-1
189,41,951.48,434.26,23.24,58.70,0.5419,1,-1,-1
189,42,852.83,439.50,28.48,71.39,0.5993,1,-1,-1
189,34,1415.13,342.84,15.60,39.74,0.5254,1,-1,-1
189,37,1391.97,343.82,16.12,41.14,0.3208,1,-1,-1
189,38,1038.79,372.55,84.96,36.59,0.1045,4,-1,-1
190,1,694.29,534.67,37.03,91.83,0.7873,1,-1,-1
190,4,877.10,467.09,25.67,65.22,0.5974,1,-1,-1
190,3,580.59,727.92,38.36,125.31,0.6049,1,-1,-1
190,5,660.52,752.51,51.73,131.43,0.6549,1,-1,-1
190,0,522.34,599.66,39.46,100.45,0.4668,1,-1,-1
190,17,1367.21,533.07,42.56,84.72,0.6478,1,-1,-1
190,15,1346.79,646.57,49.74,112.65,0.6893,1,-1,-1
190,41,951.34,429.76,24.04,61.32,0.6160,1,-1,-1
190,42,853.35,437.13,27.79,70.01,0.5955,1,-1,-1
190,34,1414.81,336.73,16.54,41.82,0.6030,1,-1,-1
190,37,1391.94,339.69,16.45,42.09,0.5059,1,-1,-1
190,38,1040.15,370.00,82.19,35.61,0.2878,4,-1,-1
191,1,693.38,528.70,37.63,93.11,0.7753,1,-1,-1
191,4,877.11,461.10,25.64,65.30,0.5974,1,-1,-1
191,3,581.46,725.24,37.57,122.14,0.6142,1,-1,-1
191,5,660.35,747.64,51.66,132.06,0.6549,1,-1,-1
191,0,523.44,594.18,37.81,97.35,0.6424,1,-1,-1
191,17,1367.70,527.44,42.82,85.46,0.7217,1,-1,-1
191,15,1348.71,642.15,49.85,112.80,0.6567,1,-1,-1
191,41,951.28,424.20,23.98,61.42,0.5746,1,-1,-1
191,42,853.30,430.56,28.67,72.84,0.5765,1,-1,-1
191,34,1415.71,331.73,16.34,41.01,0.6011,1,-1,-1
191,37,1392.31,334.55,16.72,42.54,0.5936,1,-1,-1
192,1,692.46,523.14,37.71,93.50,0.7628,1,-1,-1
192,4,877.19,455.12,25.56,65.38,0.5612,1,-1,-1
192,3,580.71,717.95,38.74,125.81,0.5059,1,-1,-1
192,5,660.35,742.01,51.51,132.63,0.5964,1,-1,-1
192,0,523.49,588.19,39.01,102.07,0.6809,1,-1,-1
192,17,1368.22,521.28,43.36,86.80,0.7009,1,-1,-1
192,15,1349.71,636.44,50.55,114.62,0.7058,1,-1,-1
192,41,951.50,418.33,23.89,61.42,0.6030,1,-1,-1
192,42,853.61,425.04,28.34,72.36,0.6325,1,-1,-1
192,34,1416.86,325.42,16.50,41.47,0.4756,1,-1,-1
192,37,1393.23,327.81,16.51,41.84,0.4513,1,-1,-1
192,36,1220.34,670.48,61.46,139.54,0.5351,1,-1,-1
193,1,691.78,516.10,37.75,93.68,0.7599,1,-1,-1
193,4,877.17,448.39,25.50,65.38,0.6197,1,-1,-1
193,3,581.18,712.64,37.93,122.70,0.6160,1,-1,-1
193,5,662.18,735.72,50.63,132.12,0.5254,1,-1,-1
193,0,525.02,581.44,38.02,100.57,0.6637,1,-1,-1
193,17,1368.90,515.68,42.47,84.94,0.6860,1,-1,-1
193,15,1356.07,631.46,48.04,111.17,0.6343,1,-1,-1
193,41,952.05,411.51,23.89,61.93,0.5332,1,-1,-1
193,42,853.93,418.02,27.74,71.36,0.5936,1,-1,-1
193,34,1418.04,321.45,15.36,38.53,0.5525,1,-1,-1
193,37,1394.53,320.94,15.13,37.75,0.4475,1,-1,-1
193,36,1218.77,663.87,60.76,138.68,0.6169,1,-1,-1
194,1,690.99,509.01,37.41,93.07,0.7663,1,-1,-1
194,4,877.73,442.04,25.31,64.97,0.5117,1,-1,-1
194,3,581.38,704.88,38.42,123.64,0.6086,1,-1,-1
194,5,662.50,727.41,50.42,133.27,0.6002,1,-1,-1
194,0,525.29,574.47,37.89,101.21,0.6388,1,-1,-1
194,17,1368.78,508.44,42.67,85.47,0.6723,1,-1,-1
194,15,1357.20,624.54,47.84,112.19,0.7249,1,-1,-1
194,41,952.71,404.06,22.79,59.27,0.3513,1,-1,-1
194,42,853.93,410.29,27.86,72.08,0.5535,1,-1,-1
194,34,1419.04,313.67,15.47,38.91,0.4766,1,-1,-1
194,37,1395.01,313.71,15.29,37.88,0.3234,1,-1,-1
194,36,1217.27,655.95,60.90,137.70,0.2330,1,-1,-1
195,1,690.21,500.31,37.42,93.64,0.7513,1,-1,-1
195,4,877.29,433.44,25.18,64.67,0.3812,1,-1,-1
195,3,580.72,696.47,39.82,128.32,0.4426,1,-1,-1
195,5,663.13,719.64,49.67,132.61,0.4321,1,-1,-1
195,0,526.03,565.90,38.04,102.15,0.6478,1,-1,-1
195,17,1369.49,500.78,42.47,85.39,0.6619,1,-1,-1
195,15,1357.25,617.92,48.46,114.66,0.7217,1,-1,-1
195,41,952.63,396.44,22.63,59.00,0.4504,1,-1,-1
195,42,854.29,402.66,27.14,70.63,0.6086,1,-1,-1
195,34,1419.39,305.78,15.58,39.22,0.5176,1,-1,-1
195,37,1395.42,305.70,15.49,38.05,0.4688,1,-1,-1
195,36,1219.21,645.96,60.02,133.59,0.3390,1,-1,-1
196,1,689.95,491.92,37.12,93.12,0.7780,1,-1,-1
196,4,877.07,424.87,25.34,65.45,0.5670,1,-1,-1
196,3,581.59,689.99,38.76,124.72,0.5708,1,-1,-1
196,5,665.03,711.24,49.07,132.57,0.5176,1,-1,-1
196,0,526.85,558.53,38.50,103.17,0.7090,1,-1,-1
196,17,1369.31,491.42,42.99,86.84,0.6406,1,-1,-1
196,15,1357.67,611.62,49.73,118.61,0.7341,1,-1,-1
196,41,952.72,387.96,22.97,60.08,0.5506,1,-1,-1
196,42,854.13,393.61,27.72,72.80,0.6234,1,-1,-1
196,34,1420.36,299.07,14.72,36.94,0.3989,1,-1,-1
196,37,1397.00,298.56,14.78,36.18,0.2502,1,-1,-1
196,36,1217.80,635.94,61.51,136.66,0.2894,1,-1,-1
197,1,689.12,484.94,36.83,92.59,0.7988,1,-1,-1
197,4,877.47,416.77,25.72,66.62,0.3821,1,-1,-1
197,3,582.06,682.92,38.74,124.68,0.4844,1,-1,-1
197,5,665.04,703.68,49.11,133.24,0.5429,1,-1,-1
197,0,528.37,551.05,39.13,104.38,0.5908,1,-1,-1
197,17,1369.31,482.47,43.88,89.78,0.5302,1,-1,-1
197,15,1358.56,605.95,49.35,117.77,0.7592,1,-1,-1
197,41,952.35,380.87,23.50,61.95,0.4795,1,-1,-1
197,42,854.61,387.28,27.38,72.34,0.5689,1,-1,-1
197,34,1421.18,289.16,15.78,39.28,0.4407,1,-1,-1
197,37,1397.21,291.40,15.00,36.40,0.2862,1,-1,-1
197,36,1217.45,629.89,58.52,128.81,0.1316,1,-1,-1
198,1,688.75,477.72,36.70,92.44,0.7780,1,-1,-1
198,4,877.35,411.26,25.27,65.60,0.5390,1,-1,-1
198,3,582.20,677.80,38.49,123.58,0.5804,1,-1,-1
198,5,667.18,697.94,48.74,132.44,0.5467,1,-1,-1
198,0,528.28,545.61,37.72,100.65,0.6058,1,-1,-1
198,17,1369.90,477.43,43.04,88.58,0.6424,1,-1,-1
198,15,1358.48,601.53,49.05,116.59,0.7718,1,-1,-1
198,41,952.88,374.36,23.21,61.50,0.5746,1,-1,-1
198,42,854.60,380.87,27.56,73.30,0.6086,1,-1,-1
198,34,1422.12,283.38,15.75,38.69,0.4834,1,-1,-1
198,37,1396.74,284.78,14.30,33.67,0.3200,1,-1,-1
198,36,1218.78,620.30,59.79,129.56,0.4158,1,-1,-1
199,1,688.63,472.93,36.36,92.16,0.8087,1,-1,-1
199,4,877.34,406.29,24.89,64.63,0.4407,1,-1,-1
199,3,582.51,672.90,38.95,125.18,0.4571,1,-1,-1
199,5,668.36,692.42,48.82,132.96,0.6225,1,-1,-1
199,0,528.46,540.73,38.13,101.65,0.6424,1,-1,-1
199,17,1370.11,474.22,42.19,86.67,0.7264,1,-1,-1
199,15,1357.89,598.33,49.25,116.38,0.7982,1,-1,-1
199,41,953.78,370.21,21.79,57.82,0.5332,1,-1,-1
199,42,854.96,375.26,26.91,72.00,0.5612,1,-1,-1
199,34,1422.56,276.47,16.42,40.32,0.5107,1,-1,-1
199,37,1396.18,280.67,14.74,33.72,0.4254,1,-1,-1
199,36,1217.87,613.90,60.80,132.08,0.5718,1,-1,-1
200,1,688.35,469.72,35.68,90.78,0.8013,1,-1,-1
200,4,876.96,402.06,25.24,65.60,0.4776,1,-1,-1
200,3,582.23,669.43,38.92,125.28,0.5370,1,-1,-1
200,5,670.31,688.72,48.04,130.92,0.6442,1,-1,-1
200,0,529.43,536.45,38.42,101.40,0.6602,1,-1,-1
200,17,1370.05,470.89,42.17,86.23,0.7356,1,-1,-1
200,15,1357.26,595.67,50.04,117.23,0.7866,1,-1,-1
200,41,953.10,366.17,22.45,59.88,0.5322,1,-1,-1
200,42,854.92,370.49,26.95,72.49,0.5351,1,-1,-1
200,34,1422.97,273.49,16.10,39.55,0.4417,1,-1,-1
200,37,1395.65,275.95,14.36,31.57,0.1418,1,-1,-1
200,36,1218.91,609.82,60.38,131.15,0.6206,1,-1,-1
201,1,688.36,465.68,35.30,89.97,0.7925,1,-1,-1
201,4,877.05,399.89,25.46,66.00,0.6215,1,-1,-1
201,3,581.98,666.62,38.46,123.24,0.6451,1,-1,-1
201,5,670.27,685.44,48.48,131.82,0.6095,1,-1,-1
201,0,530.29,533.83,39.46,102.53,0.7202,1,-1,-1
201,17,1370.07,467.01,42.54,86.95,0.7217,1,-1,-1
201,15,1356.78,594.35,49.24,114.32,0.7635,1,-1,-1
201,41,953.79,363.31,21.42,57.01,0.5370,1,-1,-1
201,42,854.69,366.76,26.92,72.70,0.5380,1,-1,-1
201,34,1423.85,270.47,16.02,38.83,0.2261,1,-1,-1
201,37,1395.18,273.13,14.56,30.88,0.1380,1,-1,-1
201,36,1220.31,606.77,59.82,129.93,0.7058,1,-1,-1
202,1,687.31,462.35,35.54,90.75,0.7670,1,-1,-1
202,4,876.33,397.43,25.55,66.00,0.6234,1,-1,-1
202,3,581.91,664.76,38.21,121.84,0.6766,1,-1,-1
202,5,670.83,683.05,48.29,130.90,0.6567,1,-1,-1
202,0,530.30,532.16,40.31,103.62,0.7326,1,-1,-1
202,17,1370.76,464.53,42.62,87.01,0.6960,1,-1,-1
202,15,1356.68,593.28,48.61,111.72,0.7476,1,-1,-1
202,41,953.71,360.69,21.66,57.52,0.5554,1,-1,-1
202,42,854.42,364.92,26.83,72.88,0.5651,1,-1,-1
202,34,1424.56,267.82,16.61,39.51,0.3157,1,-1,-1
202,37,1394.41,270.04,15.98,33.38,0.2075,1,-1,-1
202,36,1219.09,602.95,59.73,130.37,0.7705,1,-1,-1
203,1,686.87,460.23,35.42,90.56,0.7739,1,-1,-1
203,4,875.80,394.90,26.01,66.93,0.5898,1,-1,-1
203,3,581.18,662.49,38.67,124.09,0.6826,1,-1,-1
203,5,671.05,681.37,48.18,130.33,0.6689,1,-1,-1
203,0,530.19,530.41,40.95,104.54,0.7447,1,-1,-1
203,17,1370.80,463.00,42.61,87.21,0.6817,1,-1,-1
203,15,1356.17,592.46,48.68,110.69,0.7447,1,-1,-1
203,41,953.47,359.29,21.58,57.07,0.5612,1,-1,-1
203,42,854.45,362.62,26.94,73.20,0.4571,1,-1,-1
203,36,1219.52,600.32,59.26,129.98,0.5545,1,-1,-1
204,1,686.40,458.73,35.12,89.85,0.7009,1,-1,-1
204,4,875.95,394.13,26.27,67.16,0.5574,1,-1,-1
204,3,580.87,661.10,38.85,125.27,0.6442,1,-1,-1
204,5,671.79,679.93,48.16,130.94,0.6514,1,-1,-1
204,0,529.54,529.61,41.32,105.16,0.7295,1,-1,-1
204,17,1370.61,461.36,42.70,87.56,0.7033,1,-1,-1
204,15,1355.73,592.20,48.98,110.35,0.7491,1,-1,-1
204,41,954.31,358.62,20.38,53.44,0.5689,1,-1,-1
204,42,854.58,360.32,27.15,73.86,0.3621,1,-1,-1
204,36,1220.35,598.73,58.82,129.88,0.4776,1,-1,-1
205,1,685.90,458.67,34.49,88.13,0.6584,1,-1,-1
205,4,875.69,394.04,26.69,67.76,0.5380,1,-1,-1
205,3,580.93,660.67,38.80,125.56,0.6584,1,-1,-1
205,5,672.21,679.29,48.18,131.78,0.6706,1,-1,-1
205,0,529.27,529.41,41.46,105.03,0.7106,1,-1,-1
205,17,1370.46,461.46,42.53,87.28,0.6968,1,-1,-1
205,15,1355.29,592.51,48.79,108.69,0.7090,1,-1,-1
205,41,954.48,358.52,20.19,52.37,0.5842,1,-1,-1
205,42,854.63,359.24,26.79,72.85,0.4092,1,-1,-1
205,36,1221.26,599.11,57.90,128.52,0.4707,1,-1,-1
206,1,685.62,458.12,34.41,88.13,0.7303,1,-1,-1
206,4,875.48,394.12,26.98,68.01,0.5254,1,-1,-1
206,3,581.12,660.69,38.72,125.54,0.6478,1,-1,-1
206,5,672.11,679.20,48.09,132.45,0.6654,1,-1,-1
206,0,529.51,529.34,41.54,104.64,0.6843,1,-1,-1
206,17,1370.48,461.84,42.38,86.99,0.6935,1,-1,-1
206,15,1354.66,592.60,49.70,110.01,0.7202,1,-1,-1
206,41,954.49,358.36,20.22,51.94,0.5860,1,-1,-1
206,42,855.14,359.07,25.89,70.33,0.4388,1,-1,-1
206,36,1221.75,597.10,58.29,130.23,0.6926,1,-1,-1
207,1,685.14,458.25,34.40,88.19,0.7349,1,-1,-1
207,4,875.56,394.03,27.04,67.73,0.5312,1,-1,-1
207,3,581.27,660.86,38.56,125.34,0.6334,1,-1,-1
207,5,671.93,679.00,47.96,132.77,0.6792,1,-1,-1
207,0,529.28,529.55,41.75,104.87,0.6584,1,-1,-1
207,17,1370.44,461.73,42.25,86.69,0.6783,1,-1,-1
207,15,1354.39,592.84,50.08,110.04,0.6860,1,-1,-1
207,41,954.46,358.38,20.25,51.53,0.5860,1,-1,-1
207,42,855.30,359.09,25.71,69.71,0.4620,1,-1,-1
207,36,1222.55,596.28,58.06,130.72,0.7090,1,-1,-1
208,1,684.47,458.44,34.29,87.82,0.7498,1,-1,-1
208,4,875.29,394.32,27.07,67.57,0.5727,1,-1,-1
208,3,581.40,661.18,38.42,125.11,0.6514,1,-1,-1
208,5,672.19,679.03,47.87,133.20,0.6910,1,-1,-1
208,0,529.86,529.91,41.70,104.79,0.6637,1,-1,-1
208,17,1370.56,461.88,42.15,86.39,0.7066,1,-1,-1
208,15,1352.92,593.41,51.31,112.20,0.7202,1,-1,-1
208,41,954.35,358.61,20.16,50.82,0.5804,1,-1,-1
208,42,855.43,359.10,25.77,69.77,0.4727,1,-1,-1
208,36,1223.28,595.23,57.90,131.57,0.7705,1,-1,-1
209,1,683.22,458.40,34.39,88.00,0.7542,1,-1,-1
209,4,875.28,394.62,27.14,67.57,0.5689,1,-1,-1
209,3,581.44,661.32,38.39,125.23,0.6496,1,-1,-1
209,5,672.65,679.04,47.54,133.05,0.7138,1,-1,-1
209,0,529.99,530.33,41.73,104.91,0.6334,1,-1,-1
209,17,1370.71,462.11,42.06,86.13,0.7178,1,-1,-1
209,15,1351.82,594.38,51.74,112.76,0.7520,1,-1,-1
209,41,954.16,358.89,20.23,50.56,0.5746,1,-1,-1
209,42,855.48,359.28,25.99,70.28,0.4717,1,-1,-1
209,36,1224.13,594.76,57.58,131.88,0.7677,1,-1,-1
210,1,682.61,459.12,34.23,87.18,0.7578,1,-1,-1
210,4,875.27,394.87,27.21,67.60,0.5477,1,-1,-1
210,3,581.64,661.10,38.47,125.10,0.6243,1,-1,-1
210,5,672.72,679.18,47.32,133.11,0.6960,1,-1,-1
210,0,530.85,530.74,40.98,103.24,0.6270,1,-1,-1
210,17,1370.89,462.44,42.01,85.95,0.7162,1,-1,-1
210,15,1350.86,596.06,51.84,112.40,0.7447,1,-1,-1
210,41,953.76,359.00,20.64,51.24,0.5708,1,-1,-1
210,42,855.50,359.43,26.18,70.74,0.4639,1,-1,-1
210,36,1225.48,594.19,57.22,131.95,0.7649,1,-1,-1
211,1,681.56,458.79,34.80,88.25,0.7800,1,-1,-1
211,4,875.93,395.27,26.96,67.02,0.5593,1,-1,-1
211,3,581.53,661.55,39.23,126.86,0.6179,1,-1,-1
211,5,672.47,679.25,47.51,134.11,0.6893,1,-1,-1
211,0,530.53,531.45,41.05,103.46,0.6584,1,-1,-1
211,17,1371.04,462.69,42.38,86.68,0.6379,1,-1,-1
211,15,1347.61,597.24,54.36,117.06,0.5983,1,-1,-1
211,41,953.64,358.81,20.87,51.48,0.5554,1,-1,-1
211,42,855.63,360.05,26.52,72.03,0.4581,1,-1,-1
211,36,1226.69,593.70,56.65,131.08,0.6758,1,-1,-1
212,1,681.07,458.94,34.85,88.00,0.7879,1,-1,-1
212,4,875.92,395.40,27.00,66.97,0.5765,1,-1,-1
212,3,581.56,661.83,39.56,127.31,0.6030,1,-1,-1
212,5,672.69,679.39,47.33,134.08,0.7025,1,-1,-1
212,0,530.75,531.95,40.87,103.58,0.6654,1,-1,-1
212,17,1371.17,463.05,42.40,86.68,0.6540,1,-1,-1
212,15,1346.77,598.48,54.84,117.65,0.5525,1,-1,-1
212,41,953.36,358.79,21.20,51.98,0.5554,1,-1,-1
212,42,856.01,360.35,26.35,71.83,0.4785,1,-1,-1
212,36,1228.26,593.11,55.85,129.33,0.6352,1,-1,-1
213,1,680.59,458.54,34.83,87.45,0.7879,1,-1,-1
213,4,875.94,395.44,27.07,67.04,0.5670,1,-1,-1
213,3,581.51,662.33,39.75,127.34,0.6049,1,-1,-1
213,5,672.88,679.29,47.23,134.44,0.6993,1,-1,-1
213,0,531.20,532.52,40.29,102.69,0.6514,1,-1,-1
213,17,1371.53,463.43,42.08,85.91,0.4844,1,-1,-1
213,15,1346.23,599.39,54.55,116.06,0.5583,1,-1,-1
213,41,953.36,358.96,21.34,52.06,0.5496,1,-1,-1
213,42,856.33,360.54,25.94,70.97,0.4756,1,-1,-1
213,36,1230.22,591.98,54.99,127.10,0.3594,1,-1,-1
214,1,680.32,458.04,34.94,87.14,0.7892,1,-1,-1
214,4,875.99,395.55,27.06,66.95,0.5574,1,-1,-1
214,3,581.41,661.94,39.45,125.72,0.6132,1,-1,-1
214,5,672.93,679.21,47.16,134.73,0.6843,1,-1,-1
214,0,531.68,532.94,40.23,103.25,0.6860,1,-1,-1
214,17,1371.66,464.23,41.75,85.01,0.6732,1,-1,-1
214,15,1345.03,600.09,53.97,113.56,0.5983,1,-1,-1
214,41,953.28,359.02,21.39,51.87,0.5409,1,-1,-1
214,42,856.30,360.67,25.93,71.15,0.4961,1,-1,-1
214,36,1231.63,591.08,54.81,126.92,0.1778,1,-1,-1
215,1,679.39,457.34,35.36,87.59,0.7892,1,-1,-1
215,4,875.92,395.61,27.19,67.20,0.5400,1,-1,-1
215,3,581.39,661.96,39.39,124.94,0.6169,1,-1,-1
215,5,673.42,679.00,47.02,135.02,0.6567,1,-1,-1
215,0,532.14,533.35,40.75,105.39,0.6689,1,-1,-1
215,17,1371.64,464.68,41.41,84.15,0.5448,1,-1,-1
215,15,1341.89,601.18,55.51,115.11,0.5351,1,-1,-1
215,41,953.26,359.07,21.34,51.38,0.5332,1,-1,-1
215,42,856.21,360.72,25.92,71.30,0.4815,1,-1,-1
216,1,678.54,456.99,35.70,87.85,0.7759,1,-1,-1
216,4,875.83,395.73,27.27,67.28,0.5438,1,-1,-1
216,3,581.46,662.00,39.46,124.49,0.6095,1,-1,-1
216,5,673.96,678.81,46.78,135.00,0.6619,1,-1,-1
216,0,533.28,534.05,40.31,104.30,0.6002,1,-1,-1
216,17,1371.58,464.63,41.42,83.97,0.6289,1,-1,-1
216,15,1339.37,602.12,56.72,116.10,0.5215,1,-1,-1
216,41,953.13,359.17,21.30,50.90,0.5234,1,-1,-1
216,42,856.19,360.93,25.67,70.69,0.4717,1,-1,-1
217,1,678.07,456.80,35.88,87.86,0.7746,1,-1,-1
217,4,875.90,395.58,27.28,67.27,0.5554,1,-1,-1
217,3,581.41,662.14,39.57,124.24,0.6132,1,-1,-1
217,5,674.73,678.59,46.47,134.64,0.6826,1,-1,-1
217,0,534.21,534.28,40.01,103.37,0.6478,1,-1,-1
217,17,1371.75,465.23,41.24,82.79,0.5254,1,-1,-1
217,15,1339.70,602.92,54.96,110.18,0.2644,1,-1,-1
217,41,952.85,359.64,21.78,52.04,0.5302,1,-1,-1
217,42,856.29,361.15,25.36,69.77,0.4824,1,-1,-1
218,1,677.30,455.70,36.08,88.28,0.7725,1,-1,-1
218,4,875.77,395.41,27.42,67.52,0.5670,1,-1,-1
218,3,581.39,662.19,39.75,124.11,0.6424,1,-1,-1
218,5,675.37,678.54,46.19,134.28,0.6654,1,-1,-1
218,0,534.35,533.83,40.90,106.02,0.6610,1,-1,-1
218,17,1371.74,464.82,41.61,83.41,0.6215,1,-1,-1
218,15,1336.57,603.42,55.91,110.46,0.3320,1,-1,-1
218,41,952.70,359.44,21.59,51.03,0.5283,1,-1,-1
218,42,856.21,361.25,25.35,69.68,0.5000,1,-1,-1
219,1,676.42,454.91,35.98,88.17,0.7527,1,-1,-1
219,4,875.64,395.34,27.39,67.27,0.5448,1,-1,-1
219,3,581.45,662.17,39.99,124.07,0.6406,1,-1,-1
219,5,675.95,678.27,46.03,134.20,0.6706,1,-1,-1
219,0,535.35,534.53,40.07,103.37,0.6775,1,-1,-1
219,17,1371.55,464.44,41.88,83.37,0.3433,1,-1,-1
219,15,1334.23,603.96,55.83,108.77,0.2539,1,-1,-1
219,41,953.03,359.36,21.38,50.09,0.5244,1,-1,-1
219,42,856.26,361.22,25.29,69.43,0.5146,1,-1,-1
220,1,675.48,454.50,35.50,87.20,0.7364,1,-1,-1
220,4,875.67,395.30,27.36,66.97,0.5332,1,-1,-1
220,3,581.34,662.21,40.15,123.78,0.6151,1,-1,-1
220,5,676.16,678.45,45.80,133.87,0.6826,1,-1,-1
220,0,535.67,534.98,39.65,101.87,0.7042,1,-1,-1
220,17,1371.39,464.55,41.81,83.05,0.4766,1,-1,-1
220,15,1332.80,603.97,55.91,107.94,0.2651,1,-1,-1
220,41,952.98,359.30,21.52,50.01,0.5254,1,-1,-1
220,42,856.21,361.22,25.24,69.24,0.5166,1,-1,-1
221,1,674.36,454.60,35.09,86.13,0.7295,1,-1,-1
221,4,875.74,395.35,27.38,66.75,0.5370,1,-1,-1
221,3,581.10,662.22,40.35,123.52,0.5946,1,-1,-1
221,5,676.39,678.57,45.67,133.70,0.6826,1,-1,-1
221,0,536.06,535.32,39.84,101.68,0.7074,1,-1,-1
221,17,1371.16,463.94,42.37,83.73,0.5195,1,-1,-1
221,15,1329.96,604.34,58.10,112.06,0.2886,1,-1,-1
221,41,952.69,359.19,21.90,50.55,0.5380,1,-1,-1
221,42,856.16,361.26,25.16,68.92,0.5195,1,-1,-1
222,1,673.00,454.12,35.03,86.18,0.7506,1,-1,-1
222,4,875.80,395.46,27.49,66.77,0.5525,1,-1,-1
222,3,580.23,663.58,39.99,122.68,0.6602,1,-1,-1
222,5,676.45,678.83,45.69,133.93,0.6826,1,-1,-1
222,0,536.23,535.82,39.83,100.50,0.7217,1,-1,-1
222,17,1371.26,463.69,42.67,83.89,0.2934,1,-1,-1
222,41,952.66,359.13,22.57,52.05,0.5554,1,-1,-1
222,42,856.04,361.22,25.46,69.66,0.5146,1,-1,-1
223,1,671.66,453.68,35.13,86.44,0.7461,1,-1,-1
223,4,875.94,395.59,27.55,66.77,0.5651,1,-1,-1
223,3,579.73,664.24,39.83,122.46,0.6740,1,-1,-1
223,5,676.22,679.50,45.60,133.80,0.6910,1,-1,-1
223,0,535.98,536.36,40.54,101.44,0.7122,1,-1,-1
223,41,952.80,359.15,22.79,52.55,0.5477,1,-1,-1
223,42,856.04,361.28,25.66,69.79,0.5049,1,-1,-1
224,1,670.79,453.39,35.21,86.65,0.7311,1,-1,-1
224,4,875.55,396.01,27.83,67.18,0.5804,1,-1,-1
224,3,579.45,664.10,40.00,122.87,0.6910,1,-1,-1
224,5,676.10,680.08,45.64,134.10,0.7074,1,-1,-1
224,0,535.74,536.75,41.50,102.48,0.7025,1,-1,-1
224,41,953.19,359.38,22.86,52.88,0.5477,1,-1,-1
224,42,855.62,361.64,26.13,70.71,0.5370,1,-1,-1
225,1,669.84,452.72,35.74,87.98,0.7402,1,-1,-1
225,4,875.52,396.19,27.91,67.05,0.5390,1,-1,-1
225,3,578.85,665.23,39.82,122.66,0.6280,1,-1,-1
225,5,676.45,681.17,45.21,133.22,0.7280,1,-1,-1
225,0,535.74,537.17,41.31,100.98,0.6602,1,-1,-1
225,41,953.80,359.42,22.30,51.67,0.5554,1,-1,-1
225,42,855.47,361.56,26.38,71.32,0.5185,1,-1,-1
226,1,669.38,453.17,35.96,88.99,0.7202,1,-1,-1
226,4,875.64,396.63,27.93,67.20,0.5506,1,-1,-1
226,3,578.47,666.08,39.70,122.75,0.6567,1,-1,-1
226,5,675.85,681.84,45.22,133.57,0.6792,1,-1,-1
226,0,534.95,537.61,41.30,100.36,0.6388,1,-1,-1
226,41,954.22,360.02,21.65,50.39,0.5185,1,-1,-1
226,42,855.53,361.85,25.89,69.80,0.4756,1,-1,-1
227,1,668.47,453.49,36.08,89.52,0.7202,1,-1,-1
227,4,875.55,396.20,28.12,67.31,0.4990,1,-1,-1
227,3,577.89,666.66,39.79,123.39,0.6876,1,-1,-1
227,5,675.94,683.06,45.04,133.21,0.6758,1,-1,-1
227,0,534.34,538.18,42.31,101.96,0.6298,1,-1,-1
227,41,954.80,360.50,21.15,49.26,0.4737,1,-1,-1
227,42,855.89,362.03,25.12,67.38,0.4678,1,-1,-1
227,17,1373.50,466.28,42.57,83.04,0.5156,1,-1,-1
228,1,667.28,453.63,36.52,90.73,0.7170,1,-1,-1
228,4,875.52,396.08,28.31,67.54,0.5554,1,-1,-1
228,3,577.28,668.20,39.59,123.33,0.6637,1,-1,-1
228,5,675.61,684.07,45.03,133.35,0.6496,1,-1,-1
228,0,533.07,537.83,42.80,102.93,0.5842,1,-1,-1
228,41,955.12,361.39,22.05,51.93,0.5370,1,-1,-1
228,42,855.66,361.89,25.58,68.40,0.4737,1,-1,-1
228,17,1374.00,466.88,43.00,83.19,0.5946,1,-1,-1
228,15,1327.50,613.89,63.77,121.82,0.5215,1,-1,-1
229,1,665.45,453.77,36.85,91.60,0.7233,1,-1,-1
229,4,875.67,396.10,28.25,67.22,0.6179,1,-1,-1
229,3,576.66,669.77,39.43,123.10,0.6261,1,-1,-1
229,5,675.23,685.97,44.82,132.70,0.4388,1,-1,-1
229,0,532.49,538.09,43.51,104.32,0.6142,1,-1,-1
229,41,955.45,362.39,22.11,52.28,0.5156,1,-1,-1
229,42,854.90,362.00,26.35,70.40,0.4912,1,-1,-1
229,17,1374.27,467.05,43.40,83.42,0.5851,1,-1,-1
229,15,1326.83,617.91,63.49,120.05,0.6188,1,-1,-1
230,1,664.89,453.09,36.55,91.43,0.7241,1,-1,-1
230,4,875.65,395.97,28.36,67.51,0.6252,1,-1,-1
230,3,576.52,671.37,39.37,122.92,0.5983,1,-1,-1
230,5,675.18,687.70,44.59,132.26,0.4149,1,-1,-1
230,0,531.83,539.02,44.19,105.55,0.6575,1,-1,-1
230,41,955.93,363.63,22.14,52.18,0.4369,1,-1,-1
230,42,854.93,362.26,26.53,71.44,0.4678,1,-1,-1
230,17,1374.21,466.40,44.35,85.09,0.6809,1,-1,-1
230,15,1325.38,620.07,64.90,122.23,0.6826,1,-1,-1
230,36,1248.03,586.01,49.88,115.55,0.4562,1,-1,-1
231,1,664.52,453.21,36.08,90.78,0.6984,1,-1,-1
231,4,875.32,395.89,28.62,68.06,0.6252,1,-1,-1
231,3,575.98,672.52,39.50,123.66,0.6077,1,-1,-1
231,5,674.81,689.11,44.80,132.60,0.5641,1,-1,-1
231,0,530.84,540.90,44.72,105.45,0.6280,1,-1,-1
231,41,956.66,365.13,21.59,50.48,0.4158,1,-1,-1
231,42,854.44,362.59,26.71,72.41,0.4883,1,-1,-1
231,17,1374.18,466.95,44.43,84.99,0.6758,1,-1,-1
231,15,1325.48,622.95,65.38,122.40,0.4321,1,-1,-1
231,36,1248.74,585.11,49.82,115.74,0.4436,1,-1,-1
232,1,663.18,453.43,35.99,91.36,0.7272,1,-1,-1
232,4,875.19,396.30,28.86,68.84,0.6215,1,-1,-1
232,3,575.15,674.01,39.65,124.59,0.6151,1,-1,-1
232,5,674.54,690.20,44.89,132.77,0.6039,1,-1,-1
232,0,530.66,541.95,45.44,106.33,0.6740,1,-1,-1
232,41,957.85,366.96,20.75,47.92,0.4340,1,-1,-1
232,42,854.57,363.28,26.52,72.36,0.4863,1,-1,-1
232,17,1373.44,466.67,44.77,86.01,0.6067,1,-1,-1
232,15,1324.01,626.78,66.95,124.81,0.3951,1,-1,-1
232,36,1250.40,584.20,49.38,114.08,0.5631,1,-1,-1
233,1,662.41,454.60,35.70,90.92,0.7233,1,-1,-1
233,4,874.92,396.78,29.06,69.40,0.6451,1,-1,-1
233,3,574.18,675.62,39.89,125.04,0.6280,1,-1,-1
233,5,673.48,691.29,45.44,133.81,0.6002,1,-1,-1
233,0,529.92,543.35,45.59,106.13,0.6280,1,-1,-1
233,41,957.93,367.87,20.95,47.93,0.4168,1,-1,-1
233,42,854.39,363.85,26.64,73.27,0.5224,1,-1,-1
233,17,1373.15,466.84,45.31,87.12,0.4523,1,-1,-1
233,15,1320.78,631.66,69.90,130.31,0.3748,1,-1,-1
233,36,1249.92,583.03,53.05,123.17,0.6671,1,-1,-1
234,1,660.50,455.33,36.18,91.79,0.7432,1,-1,-1
234,4,874.42,397.45,29.27,69.77,0.6397,1,-1,-1
234,3,572.65,676.92,39.77,125.14,0.5718,1,-1,-1
234,5,673.07,693.24,45.26,132.19,0.3730,1,-1,-1
234,0,529.59,545.16,44.94,103.51,0.6775,1,-1,-1
234,41,958.25,368.50,21.33,48.31,0.2958,1,-1,-1
234,42,855.00,364.92,26.25,72.42,0.5215,1,-1,-1
234,17,1373.29,465.12,46.52,89.83,0.4980,1,-1,-1
234,15,1318.44,633.27,71.26,133.09,0.5583,1,-1,-1
234,36,1251.35,583.99,52.90,123.23,0.6976,1,-1,-1
235,1,659.24,455.93,36.19,91.83,0.7311,1,-1,-1
235,4,874.75,398.09,29.25,69.70,0.6540,1,-1,-1
235,3,571.49,678.23,40.72,127.19,0.5679,1,-1,-1
235,5,671.14,695.03,45.36,132.68,0.5718,1,-1,-1
235,0,528.86,546.92,45.32,103.71,0.6654,1,-1,-1
235,41,959.36,368.85,21.38,47.33,0.4523,2,-1,-1
235,42,854.91,365.78,25.83,71.55,0.5127,1,-1,-1
235,17,1374.12,465.54,46.54,90.16,0.6049,1,-1,-1
235,15,1316.44,633.82,74.03,139.57,0.5756,1,-1,-1
235,36,1252.78,585.61,52.42,121.42,0.7677,1,-1,-1
236,1,658.55,456.25,35.98,91.68,0.7295,1,-1,-1
236,4,874.55,398.80,29.31,69.72,0.6593,1,-1,-1
236,3,570.25,680.54,41.05,127.09,0.6370,1,-1,-1
236,5,670.88,697.12,45.31,132.58,0.5467,1,-1,-1
236,0,527.72,547.48,46.84,106.42,0.6910,1,-1,-1
236,41,959.61,368.96,22.43,48.87,0.3540,2,-1,-1
236,42,854.53,366.53,25.91,71.98,0.5574,1,-1,-1
236,17,1377.63,468.03,46.43,88.74,0.6610,1,-1,-1
236,15,1318.43,634.67,71.45,136.20,0.6114,1,-1,-1
236,36,1254.51,587.22,51.76,119.29,0.7520,1,-1,-1
237,1,657.62,456.48,35.99,91.96,0.7311,1,-1,-1
237,4,874.72,399.18,29.33,69.57,0.6379,1,-1,-1
237,3,569.81,683.27,41.46,126.46,0.6602,1,-1,-1
237,5,669.36,699.54,45.15,132.15,0.5946,1,-1,-1
237,0,526.66,548.19,47.37,107.16,0.7009,1,-1,-1
237,41,961.83,369.06,23.01,48.80,0.4893,2,-1,-1
237,42,854.10,366.46,26.52,73.44,0.5535,1,-1,-1
237,17,1379.58,469.43,46.73,88.38,0.6715,1,-1,-1
237,15,1313.70,635.28,75.77,146.27,0.6188,1,-1,-1
237,36,1256.00,588.83,50.95,116.57,0.7813,1,-1,-1
238,1,657.11,456.71,35.56,91.40,0.7341,1,-1,-1
238,4,874.55,399.87,29.20,69.27,0.5842,1,-1,-1
238,3,567.61,684.47,42.06,127.48,0.6298,1,-1,-1
238,5,668.78,701.31,45.43,133.54,0.5583,1,-1,-1
238,0,525.70,550.10,48.06,107.83,0.7447,1,-1,-1
238,41,963.21,369.90,22.70,47.85,0.4073,2,-1,-1
238,42,853.91,366.16,26.24,73.08,0.5312,1,-1,-1
238,17,1381.05,471.43,46.88,88.01,0.7058,1,-1,-1
238,15,1316.96,638.90,71.82,140.89,0.6095,1,-1,-1
238,36,1258.34,590.85,50.45,114.81,0.7372,1,-1,-1
239,1,656.65,456.71,35.26,90.92,0.7326,1,-1,-1
239,4,874.58,399.41,29.88,70.62,0.5879,1,-1,-1
239,3,565.59,685.70,42.31,128.86,0.5964,1,-1,-1
239,5,667.92,702.40,45.99,135.90,0.5641,1,-1,-1
239,0,523.85,551.65,48.89,108.37,0.7461,1,-1,-1
239,41,962.84,370.02,23.79,49.87,0.4727,1,-1,-1
239,42,853.01,366.61,26.72,74.32,0.5458,1,-1,-1
239,17,1382.13,471.59,48.01,89.24,0.7592,1,-1,-1
239,15,1314.08,641.90,74.10,147.45,0.4111,1,-1,-1
239,36,1260.91,591.83,49.97,113.90,0.7311,1,-1,-1
240,1,655.80,457.22,35.34,91.18,0.7217,1,-1,-1
240,4,874.55,399.94,30.04,70.68,0.6270,1,-1,-1
240,3,563.88,687.91,42.11,128.88,0.7009,1,-1,-1
240,5,667.06,705.75,45.59,135.51,0.6549,1,-1,-1
240,0,521.95,553.35,50.55,109.96,0.7705,1,-1,-1
240,41,963.89,369.68,25.67,53.35,0.3739,1,-1,-1
240,42,852.53,366.72,27.42,75.87,0.5438,1,-1,-1
240,17,1382.91,471.82,48.91,90.33,0.7106,1,-1,-1
240,15,1316.42,644.64,72.42,146.54,0.4301,1,-1,-1
240,36,1261.93,593.19,50.59,115.56,0.7432,1,-1,-1
241,1,654.25,457.36,35.65,92.28,0.7146,1,-1,-1
241,4,873.43,398.61,31.17,73.07,0.5273,1,-1,-1
241,3,561.81,689.78,42.37,130.38,0.6706,1,-1,-1
241,5,666.68,708.92,45.40,134.95,0.6261,1,-1,-1
241,0,519.73,555.22,51.35,110.71,0.7506,1,-1,-1
241,41,965.70,369.55,26.53,54.87,0.5098,1,-1,-1
241,42,852.79,366.48,27.33,75.52,0.5400,1,-1,-1
241,17,1383.80,472.26,49.39,90.69,0.6352,1,-1,-1
241,15,1320.69,648.60,66.85,136.30,0.1689,1,-1,-1
241,36,1264.94,594.20,50.34,116.34,0.6926,1,-1,-1
242,1,653.00,458.09,35.54,92.32,0.7287,1,-1,-1
242,4,873.57,400.83,30.48,71.31,0.6593,1,-1,-1
242,3,559.92,691.98,42.49,130.96,0.5564,1,-1,-1
242,5,664.65,711.73,45.93,136.83,0.6095,1,-1,-1
242,0,518.14,557.46,52.03,110.77,0.7280,1,-1,-1
242,41,967.09,370.13,26.53,54.56,0.5000,1,-1,-1
242,42,852.67,367.44,27.44,75.73,0.5784,1,-1,-1
242,17,1384.20,471.55,50.70,93.07,0.4552,1,-1,-1
242,15,1322.51,652.29,63.60,130.23,0.5409,1,-1,-1
242,36,1263.61,595.10,53.13,122.97,0.6352,1,-1,-1
243,1,651.33,458.79,35.60,92.74,0.7303,1,-1,-1
243,4,873.40,401.95,29.74,70.17,0.6361,1,-1,-1
243,3,558.26,695.10,42.55,131.20,0.5870,1,-1,-1
243,5,664.00,714.43,46.17,138.09,0.5679,1,-1,-1
243,0,516.82,559.20,51.01,108.84,0.6926,1,-1,-1
243,41,968.28,370.66,28.20,57.69,0.4951,1,-1,-1
243,42,852.95,368.89,27.17,74.89,0.5727,1,-1,-1
243,17,1383.51,471.36,51.57,94.69,0.6893,1,-1,-1
243,15,1323.09,655.16,61.99,126.96,0.7372,1,-1,-1
243,36,1265.67,597.03,52.69,122.50,0.7090,1,-1,-1
244,1,650.58,459.63,34.70,90.72,0.7303,1,-1,-1
244,4,873.57,403.19,29.59,69.57,0.6270,1,-1,-1
244,3,556.56,697.86,42.92,131.53,0.7025,1,-1,-1
244,5,661.67,716.77,46.79,139.44,0.5234,1,-1,-1
244,0,514.43,559.63,52.66,111.92,0.7170,1,-1,-1
244,41,969.49,371.76,27.64,56.56,0.5554,1,-1,-1
244,42,853.15,370.52,26.79,73.77,0.6086,1,-1,-1
244,17,1383.77,471.30,52.18,95.90,0.6976,1,-1,-1
244,15,1321.81,659.65,62.71,128.36,0.7233,1,-1,-1
244,36,1266.07,598.55,53.17,123.22,0.7506,1,-1,-1
245,1,650.07,460.66,33.87,88.57,0.7356,1,-1,-1
245,4,872.69,403.63,30.06,71.37,0.5823,1,-1,-1
245,3,555.02,699.84,43.30,132.24,0.7025,1,-1,-1
245,5,659.81,720.24,46.90,139.02,0.4688,1,-1,-1
245,0,513.20,561.34,52.36,110.25,0.7280,1,-1,-1
245,41,970.46,372.42,27.68,56.88,0.5400,1,-1,-1
245,42,851.88,371.40,27.15,74.86,0.5409,1,-1,-1
245,17,1385.11,472.07,52.84,97.00,0.5823,1,-1,-1
245,15,1321.64,664.58,64.22,131.94,0.7264,1,-1,-1
245,36,1267.05,600.35,53.86,124.26,0.7138,1,-1,-1
246,1,648.45,461.59,34.23,89.69,0.7417,1,-1,-1
246,4,873.39,405.02,29.41,70.19,0.6179,1,-1,-1
246,3,553.15,701.63,44.04,133.43,0.6602,1,-1,-1
246,5,658.44,723.24,47.47,139.58,0.5156,1,-1,-1
246,0,512.55,563.31,53.78,112.09,0.7432,1,-1,-1
246,41,971.80,372.72,29.26,60.44,0.5955,1,-1,-1
246,42,851.50,372.40,26.91,74.11,0.6307,1,-1,-1
246,17,1386.27,473.03,53.26,97.95,0.6397,1,-1,-1
246,15,1322.05,669.29,64.60,133.19,0.7491,1,-1,-1
246,36,1274.65,605.40,51.91,121.45,0.5000,1,-1,-1
247,1,647.05,462.98,34.19,89.52,0.7326,1,-1,-1
247,4,873.06,405.85,29.36,70.80,0.5860,1,-1,-1
247,3,550.13,705.44,44.33,133.18,0.5506,1,-1,-1
247,5,655.97,725.96,47.90,140.14,0.5775,1,-1,-1
247,0,512.17,564.90,55.38,114.43,0.7813,1,-1,-1
247,41,972.39,372.96,28.92,60.26,0.5487,1,-1,-1
247,42,851.14,373.29,26.48,72.62,0.5651,1,-1,-1
247,17,1387.95,470.63,55.01,101.02,0.6943,1,-1,-1
247,15,1324.03,674.74,61.42,125.84,0.7578,1,-1,-1
247,36,1279.43,604.18,51.82,122.60,0.6151,1,-1,-1
248,1,646.16,464.21,34.19,89.31,0.7387,1,-1,-1
248,4,872.16,406.45,29.50,71.60,0.5708,1,-1,-1
248,3,548.54,709.19,44.77,134.40,0.6132,1,-1,-1
248,5,653.13,730.34,47.56,139.45,0.6671,1,-1,-1
248,0,510.30,567.29,56.03,115.35,0.7800,1,-1,-1
248,41,972.73,373.41,28.69,60.40,0.5438,1,-1,-1
248,42,850.76,372.64,27.11,74.53,0.5936,1,-1,-1
248,17,1390.48,474.23,53.86,98.65,0.7264,1,-1,-1
248,15,1325.45,678.90,59.77,121.66,0.7957,1,-1,-1
248,36,1281.10,605.11,52.96,126.44,0.7154,1,-1,-1
249,1,644.43,465.69,34.68,89.73,0.7042,1,-1,-1
249,4,871.12,407.07,29.95,73.05,0.5390,1,-1,-1
249,3,546.27,713.36,45.13,134.66,0.6478,1,-1,-1
249,5,651.25,734.41,47.73,140.22,0.6132,1,-1,-1
249,0,507.80,569.51,56.63,116.78,0.7506,1,-1,-1
249,41,973.14,373.76,28.28,60.47,0.5429,1,-1,-1
249,42,850.98,374.99,26.23,72.00,0.5823,1,-1,-1
249,17,1392.29,480.71,51.56,94.07,0.7170,1,-1,-1
249,15,1327.04,684.56,59.10,119.77,0.7461,1,-1,-1
249,36,1284.10,608.48,53.14,127.87,0.5390,1,-1,-1
250,1,642.06,466.85,34.36,87.59,0.7138,1,-1,-1
250,4,869.62,408.27,30.38,74.09,0.5535,1,-1,-1
250,3,543.65,717.57,44.83,133.64,0.6637,1,-1,-1
250,5,649.87,739.47,47.39,138.41,0.6478,1,-1,-1
250,0,506.17,572.02,56.64,116.61,0.7649,1,-1,-1
250,41,973.00,374.13,28.67,62.19,0.5593,1,-1,-1
250,42,850.45,375.56,26.59,72.78,0.5917,1,-1,-1
250,17,1393.44,485.19,50.44,91.90,0.6758,1,-1,-1
250,15,1323.36,689.26,63.09,126.45,0.7773,1,-1,-1
250,36,1286.45,610.32,53.08,127.87,0.1678,1,-1,-1
251,1,639.81,468.02,35.13,88.71,0.7217,1,-1,-1
251,4,870.79,409.67,29.35,72.23,0.6487,1,-1,-1
251,3,541.83,721.05,45.18,134.54,0.6549,1,-1,-1
251,5,649.06,743.39,47.98,139.76,0.6943,1,-1,-1
251,0,504.85,574.15,57.14,116.83,0.7982,1,-1,-1
251,41,973.49,375.25,28.76,62.91,0.5955,1,-1,-1
251,42,850.58,377.37,26.80,73.11,0.5936,1,-1,-1
251,17,1395.48,489.65,49.11,89.05,0.6567,1,-1,-1
251,15,1325.76,693.87,62.62,124.92,0.7564,1,-1,-1
251,36,1293.66,613.71,50.65,123.18,0.5889,1,-1,-1
252,1,637.84,469.53,35.74,89.53,0.7491,1,-1,-1
252,4,870.52,410.81,29.40,72.69,0.6142,1,-1,-1
252,3,539.38,723.52,46.40,136.93,0.6243,1,-1,-1
252,5,647.61,746.55,48.42,140.83,0.6002,1,-1,-1
252,0,502.43,576.07,57.38,117.34,0.7786,1,-1,-1
252,41,973.53,375.99,29.49,65.19,0.5955,1,-1,-1
252,42,850.20,378.90,27.09,73.52,0.6289,1,-1,-1
252,17,1395.28,488.94,50.62,92.25,0.6343,1,-1,-1
252,15,1325.92,698.27,63.78,126.67,0.7705,1,-1,-1
252,36,1299.85,618.98,48.94,120.88,0.2705,1,-1,-1
253,1,636.74,471.55,36.13,89.97,0.7491,1,-1,-1
253,4,870.10,412.33,29.05,72.26,0.5936,1,-1,-1
253,3,536.07,727.33,46.68,137.30,0.7025,1,-1,-1
253,5,645.73,750.26,48.62,141.13,0.6388,1,-1,-1
253,0,500.65,578.98,56.96,116.56,0.7691,1,-1,-1
253,41,974.01,376.48,29.83,66.56,0.6197,1,-1,-1
253,42,849.97,379.97,27.29,73.83,0.6123,1,-1,-1
253,17,1396.84,491.02,50.86,92.98,0.5765,1,-1,-1
253,15,1326.36,702.31,65.16,128.50,0.6926,1,-1,-1
254,1,634.87,473.36,36.44,90.20,0.7476,1,-1,-1
254,4,868.80,413.17,29.43,73.11,0.5708,1,-1,-1
254,3,533.07,733.02,46.19,135.59,0.6567,1,-1,-1
254,5,643.97,755.69,48.83,142.00,0.6478,1,-1,-1
254,0,498.90,581.62,57.72,118.05,0.7892,1,-1,-1
254,41,974.08,377.07,29.70,67.06,0.6067,1,-1,-1
254,42,849.53,378.95,27.53,74.19,0.5651,1,-1,-1
254,17,1398.06,489.44,52.23,95.93,0.7066,1,-1,-1
254,15,1330.08,707.02,65.06,128.98,0.8044,1,-1,-1
255,1,632.85,474.63,37.12,91.15,0.7592,1,-1,-1
255,4,868.31,414.87,29.32,73.11,0.5804,1,-1,-1
255,3,530.91,737.11,46.47,135.80,0.6478,1,-1,-1
255,5,642.55,760.99,48.73,142.38,0.6058,1,-1,-1
255,0,497.06,584.09,57.80,118.28,0.7918,1,-1,-1
255,41,973.64,377.85,29.83,68.22,0.6086,1,-1,-1
255,42,848.77,378.84,27.93,74.88,0.5804,1,-1,-1
255,17,1401.24,489.35,52.92,97.76,0.6910,1,-1,-1
255,15,1331.88,711.72,66.57,132.50,0.7154,1,-1,-1
255,50,1429.92,276.08,21.02,37.75,0.5215,1,-1,-1
256,1,630.62,475.53,37.57,91.85,0.7773,1,-1,-1
256,4,869.19,416.09,28.55,72.18,0.5898,1,-1,-1
256,3,529.04,741.94,46.97,136.95,0.7233,1,-1,-1
256,5,640.05,765.28,48.78,143.32,0.6584,1,-1,-1
256,0,493.35,586.86,57.60,118.85,0.7982,1,-1,-1
256,41,973.55,378.20,29.85,69.12,0.5593,1,-1,-1
256,42,847.72,379.78,28.47,76.06,0.6086,1,-1,-1
256,17,1403.88,491.08,52.68,97.92,0.6206,1,-1,-1
256,15,1332.77,718.08,68.93,137.58,0.6993,1,-1,-1
256,50,1429.72,275.01,22.18,39.96,0.4698,1,-1,-1
257,1,628.59,477.40,37.38,91.41,0.7106,1,-1,-1
257,4,868.99,417.05,28.14,71.80,0.6086,1,-1,-1
257,3,525.66,745.56,47.69,138.17,0.5813,1,-1,-1
257,5,637.47,771.03,49.22,144.30,0.6114,1,-1,-1
257,0,491.40,589.40,57.90,119.61,0.8176,1,-1,-1
257,41,973.62,379.03,29.37,68.81,0.6011,1,-1,-1
257,42,848.95,379.36,25.07,66.25,0.5936,1,-1,-1
257,17,1403.53,485.58,56.32,106.27,0.4854,1,-1,-1
257,15,1329.98,723.48,74.42,148.83,0.6169,1,-1,-1
257,50,1430.38,273.68,23.23,42.11,0.5467,1,-1,-1
258,1,626.71,477.63,37.82,92.78,0.7334,1,-1,-1
258,4,868.67,417.80,28.59,73.44,0.5746,1,-1,-1
258,3,521.29,749.77,49.33,141.81,0.3998,1,-1,-1
258,5,635.23,776.80,49.79,144.99,0.6280,1,-1,-1
258,0,489.64,592.84,57.01,117.78,0.8032,1,-1,-1
258,41,973.75,379.87,29.36,69.48,0.5860,1,-1,-1
258,42,849.54,379.19,24.01,62.71,0.5631,1,-1,-1
258,17,1403.91,483.08,58.03,110.69,0.6316,1,-1,-1
258,15,1333.74,727.37,72.98,145.75,0.6809,1,-1,-1
258,50,1431.59,271.82,24.34,44.30,0.3905,1,-1,-1
258,53,1405.47,457.85,63.55,136.43,0.4912,1,-1,-1
259,1,624.17,478.76,37.56,92.93,0.7498,1,-1,-1
259,4,869.47,421.15,27.99,72.49,0.5765,1,-1,-1
259,3,519.45,756.76,49.10,140.29,0.6584,1,-1,-1
259,5,631.80,782.52,50.81,146.19,0.6261,1,-1,-1
259,0,487.34,595.49,56.99,117.29,0.7969,1,-1,-1
259,41,974.24,380.64,28.35,67.60,0.5516,1,-1,-1
259,42,849.62,380.33,23.39,60.60,0.5477,1,-1,-1
259,17,1405.87,483.92,58.58,113.70,0.5516,1,-1,-1
259,15,1331.83,731.20,80.28,161.66,0.6298,1,-1,-1
259,50,1432.25,272.26,24.19,44.38,0.3730,1,-1,-1
259,53,1406.09,460.28,63.65,136.68,0.6976,1,-1,-1
259,54,848.05,381.98,25.37,71.49,0.4552,1,-1,-1
260,1,622.61,480.63,37.70,94.13,0.7287,1,-1,-1
260,4,869.58,422.23,27.67,72.17,0.5010,1,-1,-1
260,3,516.02,762.38,49.54,140.42,0.5908,1,-1,-1
260,5,628.31,788.48,51.34,146.25,0.6334,1,-1,-1
260,0,484.83,599.46,57.84,119.07,0.7800,1,-1,-1
260,41,974.51,381.76,27.84,67.20,0.5574,1,-1,-1
260,42,850.23,381.15,22.86,59.42,0.4941,1,-1,-1
260,17,1408.75,491.44,55.01,107.41,0.6370,1,-1,-1
260,15,1333.78,742.68,81.63,163.85,0.4600,1,-1,-1
260,50,1432.70,266.28,27.64,51.29,0.1859,1,-1,-1
260,54,847.62,382.66,27.76,78.26,0.5409,1,-1,-1
261,1,621.18,483.29,37.36,92.87,0.7186,1,-1,-1
261,4,868.88,421.05,28.86,75.73,0.5156,1,-1,-1
261,3,513.00,767.40,50.35,141.75,0.7138,1,-1,-1
261,5,625.35,794.53,51.79,146.47,0.7025,1,-1,-1
261,0,482.80,602.95,58.32,119.44,0.8129,1,-1,-1
261,41,974.84,382.21,27.94,67.77,0.5380,1,-1,-1
261,42,850.81,382.01,22.78,59.25,0.4196,1,-1,-1
261,17,1411.14,491.73,55.33,109.83,0.3346,1,-1,-1
261,15,1337.91,753.07,80.00,160.93,0.4854,1,-1,-1
261,50,1433.46,270.03,25.63,48.26,0.4552,1,-1,-1
261,54,847.65,382.92,28.45,80.21,0.5254,1,-1,-1
261,53,1409.55,462.69,64.51,139.04,0.5832,1,-1,-1
262,1,618.77,485.16,37.50,92.21,0.7578,1,-1,-1
262,4,868.28,424.07,28.62,74.87,0.5341,1,-1,-1
262,3,510.23,772.70,51.01,142.77,0.6926,1,-1,-1
262,5,622.62,800.76,51.83,146.81,0.6910,1,-1,-1
262,0,480.74,606.28,58.82,119.40,0.8366,1,-1,-1
262,41,976.21,383.06,26.46,64.41,0.5898,1,-1,-1
262,42,851.20,382.65,22.59,58.82,0.1525,1,-1,-1
262,17,1415.32,504.96,49.95,98.92,0.1180,1,-1,-1
262,15,1341.87,763.11,79.30,159.34,0.3684,1,-1,-1
262,50,1435.06,275.05,23.47,44.70,0.3989,1,-1,-1
262,54,849.04,384.18,25.37,71.07,0.5312,1,-1,-1
262,53,1413.57,480.03,57.81,124.68,0.4407,1,-1,-1
263,1,617.32,487.11,37.83,92.43,0.7387,1,-1,-1
263,4,868.80,426.76,27.98,73.06,0.5908,1,-1,-1
263,3,508.41,778.53,51.37,142.64,0.6843,1,-1,-1
263,5,620.75,808.07,52.06,146.92,0.6243,1,-1,-1
263,0,477.61,609.17,59.28,120.47,0.8044,1,-1,-1
263,41,976.90,383.95,26.35,64.43,0.5254,1,-1,-1
263,15,1344.15,773.18,79.28,158.99,0.7592,1,-1,-1
263,50,1436.20,276.86,22.40,43.17,0.2975,1,-1,-1
263,54,850.07,388.09,22.97,63.79,0.4932,1,-1,-1
263,53,1416.02,486.90,56.00,120.77,0.5679,1,-1,-1
264,1,615.97,488.85,37.82,92.50,0.7417,1,-1,-1
264,4,868.32,428.77,28.00,73.03,0.4678,1,-1,-1
264,3,505.59,783.73,52.07,143.78,0.7264,1,-1,-1
264,5,617.70,813.13,51.86,147.16,0.4130,1,-1,-1
264,0,475.07,611.40,60.35,122.06,0.7786,1,-1,-1
264,41,977.14,385.44,26.32,64.72,0.5525,1,-1,-1
264,15,1340.65,779.20,83.05,164.92,0.5641,1,-1,-1
264,50,1436.50,276.87,22.87,44.51,0.2576,1,-1,-1
264,54,850.55,391.35,20.97,57.69,0.4805,1,-1,-1
264,53,1417.28,486.79,57.03,123.38,0.6619,1,-1,-1
265,1,613.98,490.32,37.56,91.78,0.7520,1,-1,-1
265,4,867.37,427.22,28.99,75.98,0.4834,1,-1,-1
265,3,501.42,790.40,52.02,143.10,0.7186,1,-1,-1
265,5,616.22,818.88,52.12,148.13,0.6424,1,-1,-1
265,0,471.95,614.03,61.16,123.17,0.7217,1,-1,-1
265,41,977.87,386.91,26.62,65.68,0.5525,1,-1,-1
265,15,1344.95,783.57,81.11,160.58,0.3923,1,-1,-1
265,50,1437.61,276.97,22.84,44.63,0.4359,1,-1,-1
265,54,850.26,391.22,20.87,56.93,0.4727,1,-1,-1
265,53,1420.29,492.11,55.76,120.53,0.6388,1,-1,-1
266,1,611.48,491.25,38.34,93.39,0.7691,1,-1,-1
266,4,867.21,430.31,28.65,74.97,0.5390,1,-1,-1
266,3,497.54,795.17,52.81,145.10,0.7233,1,-1,-1
266,5,614.71,824.01,52.84,150.11,0.6926,1,-1,-1
266,0,468.97,617.20,61.44,123.33,0.8176,1,-1,-1
266,41,978.41,388.19,26.33,65.02,0.6370,1,-1,-1
266,15,1345.83,790.55,80.63,158.43,0.3979,2,-1,-1
266,50,1438.72,276.78,22.95,44.98,0.4562,1,-1,-1
266,54,849.35,389.50,21.99,59.65,0.5059,1,-1,-1
266,53,1421.64,482.62,61.22,132.96,0.7295,1,-1,-1
266,36,1355.30,663.87,53.73,131.72,0.6243,1,-1,-1
267,1,610.21,493.12,38.39,93.74,0.7982,1,-1,-1
267,4,867.44,434.55,28.28,73.66,0.6206,1,-1,-1
267,3,494.60,800.94,53.42,146.58,0.6442,1,-1,-1
267,5,611.64,829.71,53.15,150.39,0.5545,1,-1,-1
267,0,466.02,619.39,62.59,125.26,0.8568,1,-1,-1
267,41,979.56,389.71,25.90,64.14,0.6671,1,-1,-1
267,15,1346.37,797.37,82.79,162.11,0.4196,1,-1,-1
267,50,1439.58,276.92,23.19,45.73,0.3594,1,-1,-1
267,54,847.57,390.42,24.72,66.94,0.4883,1,-1,-1
267,53,1423.58,486.27,60.22,131.37,0.6960,1,-1,-1
267,36,1364.39,670.03,48.14,113.05,0.1999,1,-1,-1
268,1,608.18,494.83,38.62,94.78,0.7866,1,-1,-1
268,4,867.29,435.01,28.68,74.41,0.6243,1,-1,-1
268,3,492.75,807.75,53.26,145.79,0.7476,1,-1,-1
268,5,608.16,835.91,52.80,148.74,0.4766,1,-1,-1
268,0,463.21,623.14,63.38,126.13,0.7957,1,-1,-1
268,41,980.44,391.04,26.05,64.74,0.6549,1,-1,-1
268,15,1350.22,802.95,82.61,162.17,0.5487,1,-1,-1
268,50,1440.31,278.64,22.23,44.16,0.3886,1,-1,-1
268,54,847.16,392.04,25.72,69.46,0.5068,1,-1,-1
268,53,1425.38,484.46,61.31,134.81,0.3311,1,-1,-1
268,36,1367.73,674.69,48.97,112.88,0.5000,1,-1,-1
268,17,1428.02,514.46,51.97,103.14,0.6261,1,-1,-1
269,1,606.38,496.35,38.77,95.59,0.7813,1,-1,-1
269,4,866.41,433.84,29.25,75.91,0.6514,1,-1,-1
269,3,489.18,813.06,53.70,146.88,0.7432,1,-1,-1
269,5,606.76,842.05,53.31,150.13,0.5195,1,-1,-1
269,0,461.38,627.14,63.03,125.25,0.7773,1,-1,-1
269,41,980.83,391.73,26.20,65.55,0.6540,1,-1,-1
269,15,1351.63,808.89,83.80,164.90,0.3381,1,-1,-1
269,50,1441.69,279.13,21.85,43.70,0.2894,1,-1,-1
269,54,846.71,395.55,25.46,68.09,0.4254,1,-1,-1
269,53,1426.17,488.03,60.12,133.40,0.6567,1,-1,-1
269,36,1369.49,677.86,56.58,130.87,0.4668,1,-1,-1
269,17,1429.68,492.05,61.98,126.32,0.1592,1,-1,-1
270,1,604.97,497.24,38.67,95.99,0.7879,1,-1,-1
270,4,864.94,432.16,31.02,80.42,0.6352,1,-1,-1
270,3,486.52,818.68,53.36,146.47,0.7432,1,-1,-1
270,5,602.87,847.43,53.96,152.60,0.5603,1,-1,-1
270,0,459.18,630.66,62.67,124.30,0.8141,1,-1,-1
270,41,981.86,391.82,26.55,66.74,0.6918,1,-1,-1
270,15,1356.89,816.26,79.24,154.84,0.5293,2,-1,-1
270,50,1442.37,281.05,20.66,41.94,0.3425,1,-1,-1
270,54,844.63,397.56,27.00,71.69,0.4873,1,-1,-1
270,53,1430.97,509.85,51.38,112.95,0.7074,1,-1,-1
270,36,1376.12,680.71,55.28,129.44,0.6280,1,-1,-1
270,17,1428.18,489.52,63.86,132.02,0.1877,1,-1,-1
271,1,603.91,498.23,38.85,96.89,0.7549,1,-1,-1
271,4,865.80,433.98,30.65,78.99,0.6039,1,-1,-1
271,3,483.70,824.60,53.06,145.43,0.7280,1,-1,-1
271,5,600.47,854.28,53.37,151.54,0.6188,1,-1,-1
271,0,456.60,633.75,62.71,124.15,0.8278,1,-1,-1
271,41,983.80,393.33,26.16,66.08,0.6343,1,-1,-1
271,15,1357.59,824.82,79.00,152.83,0.4922,1,-1,-1
271,50,1443.10,280.06,21.05,43.14,0.1608,1,-1,-1
271,54,843.50,400.56,28.33,75.11,0.4902,1,-1,-1
271,53,1431.88,503.70,55.20,121.85,0.5775,1,-1,-1
271,36,1379.66,684.55,58.07,137.51,0.7186,1,-1,-1
271,17,1440.32,486.17,54.60,113.25,0.3621,1,-1,-1
272,1,603.09,501.14,38.32,95.65,0.7691,1,-1,-1
272,4,865.44,434.26,30.97,79.84,0.6188,1,-1,-1
272,3,480.56,829.43,53.86,147.49,0.5448,1,-1,-1
272,5,600.04,860.89,53.17,149.85,0.5583,1,-1,-1
272,0,454.02,636.12,63.06,124.22,0.8199,1,-1,-1
272,41,986.07,394.61,25.95,64.88,0.6352,1,-1,-1
272,15,1362.08,834.21,75.55,143.72,0.6261,2,-1,-1
272,54,843.43,401.36,28.12,74.29,0.4591,1,-1,-1
272,53,1433.07,492.36,61.10,135.57,0.7592,1,-1,-1
272,36,1385.82,688.99,57.25,135.74,0.7138,1,-1,-1
272,17,1449.12,484.79,46.30,95.04,0.2689,1,-1,-1
273,1,601.88,503.03,37.87,95.18,0.7663,1,-1,-1
273,4,864.43,435.56,31.58,80.79,0.5117,1,-1,-1
273,3,477.30,835.38,54.42,148.68,0.6792,1,-1,-1
273,5,597.32,866.41,54.22,152.34,0.4455,1,-1,-1
273,0,451.09,639.78,63.41,124.26,0.8105,1,-1,-1
273,41,986.70,395.94,26.00,64.95,0.6505,1,-1,-1
273,15,1360.00,842.13,83.54,159.49,0.7058,1,-1,-1
273,54,843.06,400.93,27.80,73.03,0.4340,1,-1,-1
273,53,1434.61,490.68,62.61,139.81,0.7170,1,-1,-1
273,36,1389.65,692.46,57.32,134.83,0.7649,1,-1,-1
273,17,1454.40,488.26,37.97,74.09,0.1264,1,-1,-1
274,1,600.36,505.04,38.49,96.94,0.7840,1,-1,-1
274,4,864.29,438.64,31.06,79.02,0.5564,1,-1,-1
274,3,474.21,841.27,54.72,149.27,0.7520,1,-1,-1
274,5,594.68,871.71,55.30,154.16,0.6188,1,-1,-1
274,0,447.38,642.70,64.46,126.62,0.8141,1,-1,-1
274,41,986.53,396.37,27.09,67.68,0.6487,1,-1,-1
274,15,1360.47,850.72,85.78,163.03,0.4533,1,-1,-1
274,54,843.09,400.67,27.37,71.35,0.3711,1,-1,-1
274,53,1437.78,490.76,63.70,142.35,0.6261,1,-1,-1
274,36,1392.52,696.06,60.17,140.78,0.7447,1,-1,-1
274,17,1459.30,490.18,33.80,62.86,0.1999,1,-1,-1
275,1,599.20,507.07,38.31,96.49,0.7827,1,-1,-1
275,4,864.63,441.25,30.93,78.11,0.1348,1,-1,-1
275,3,470.94,846.67,54.48,149.16,0.6740,1,-1,-1
275,5,592.97,879.15,54.17,151.78,0.5622,1,-1,-1
275,0,445.17,646.22,64.67,126.63,0.8490,1,-1,-1
275,41,986.69,398.81,26.55,65.57,0.2950,1,-1,-1
275,15,1360.10,858.27,91.93,175.71,0.7233,1,-1,-1
275,54,844.99,402.62,24.36,62.67,0.1432,1,-1,-1
275,53,1439.60,491.30,64.38,143.74,0.6298,1,-1,-1
275,36,1398.54,699.75,61.29,142.94,0.7931,1,-1,-1
276,1,596.98,509.76,38.03,95.28,0.7606,1,-1,-1
276,3,468.54,852.90,54.53,149.06,0.7264,1,-1,-1
276,5,590.43,884.49,54.84,154.10,0.6424,1,-1,-1
276,0,442.85,649.05,65.38,127.50,0.8697,1,-1,-1
276,41,988.29,399.28,25.48,62.30,0.1716,1,-1,-1
276,15,1363.15,866.68,91.14,174.54,0.6370,1,-1,-1
276,54,845.50,404.70,23.47,59.38,0.1427,1,-1,-1
276,53,1443.54,512.02,57.07,126.47,0.6689,1,-1,-1
276,36,1402.43,702.15,62.90,144.14,0.8256,1,-1,-1
277,1,595.88,511.70,37.91,94.92,0.7476,1,-1,-1
277,3,465.57,858.79,54.37,149.47,0.6740,1,-1,-1
277,5,588.73,890.89,55.02,154.64,0.6442,1,-1,-1
277,0,440.84,652.72,65.34,126.82,0.8129,1,-1,-1
277,15,1366.21,875.43,86.85,164.20,0.3090,1,-1,-1
277,54,845.49,406.84,22.79,56.75,0.3082,1,-1,-1
277,53,1446.88,524.11,52.96,116.12,0.7042,1,-1,-1
277,36,1409.77,705.08,63.89,143.41,0.7931,1,-1,-1
278,1,595.26,512.98,38.08,95.65,0.7621,1,-1,-1
278,3,462.71,862.31,55.18,151.27,0.7732,1,-1,-1
278,5,583.81,895.61,56.09,156.83,0.5176,1,-1,-1
278,0,438.18,654.74,65.67,127.30,0.8093,1,-1,-1
278,15,1371.66,881.79,80.92,149.75,0.5964,2,-1,-1
278,54,844.54,407.48,23.31,57.00,0.3540,1,-1,-1
278,53,1449.17,531.49,51.08,110.75,0.7042,1,-1,-1
278,36,1413.85,707.97,65.03,142.99,0.7800,1,-1,-1
279,1,594.56,513.71,38.35,96.74,0.7606,1,-1,-1
279,3,460.85,866.89,55.02,151.06,0.7635,1,-1,-1
279,5,580.18,899.25,55.87,157.06,0.5293,1,-1,-1
279,0,435.76,657.23,65.35,126.72,0.8164,1,-1,-1
279,15,1370.18,889.06,86.46,158.44,0.4727,1,-1,-1
279,54,842.54,407.98,24.89,59.81,0.3478,1,-1,-1
279,53,1452.41,535.38,50.47,108.24,0.7372,1,-1,-1
279,36,1416.44,710.92,67.35,144.81,0.8278,1,-1,-1
280,1,593.14,513.53,38.39,97.13,0.7982,1,-1,-1
280,3,459.17,870.10,56.02,153.16,0.7827,1,-1,-1
280,5,580.22,905.23,55.74,155.33,0.5234,1,-1,-1
280,0,432.99,659.20,65.14,126.32,0.8256,1,-1,-1
280,15,1371.41,896.46,86.11,155.25,0.4036,2,-1,-1
280,54,841.13,407.67,26.33,62.82,0.1437,1,-1,-1
280,53,1452.86,524.80,55.84,119.65,0.7025,1,-1,-1
280,36,1419.01,712.39,68.82,145.61,0.7905,1,-1,-1
281,1,591.66,512.99,38.73,98.36,0.8069,1,-1,-1
281,3,456.54,872.49,57.29,156.63,0.7506,1,-1,-1
281,5,578.25,908.30,56.67,157.87,0.4591,1,-1,-1
281,0,430.89,659.88,65.97,127.51,0.8129,1,-1,-1
281,15,1372.17,902.39,84.75,148.92,0.4824,2,-1,-1
281,54,842.23,406.59,27.01,63.22,0.2351,1,-1,-1
281,53,1453.74,506.04,65.27,139.54,0.7295,1,-1,-1
281,36,1425.52,713.59,71.30,146.42,0.8376,1,-1,-1
282,1,590.41,511.51,39.14,99.79,0.7918,1,-1,-1
282,3,452.41,874.83,57.82,158.15,0.7994,1,-1,-1
282,5,577.28,910.57,56.72,158.31,0.5429,1,-1,-1
282,0,428.76,659.21,67.29,129.09,0.8222,1,-1,-1
282,15,1371.63,906.91,92.39,161.66,0.6225,1,-1,-1
282,54,841.80,405.40,27.64,64.09,0.3702,1,-1,-1
282,53,1456.37,516.10,60.68,127.92,0.7649,1,-1,-1
282,36,1429.25,714.00,74.02,148.86,0.7879,1,-1,-1
282,41,996.50,394.16,25.27,62.08,0.4932,1,-1,-1
283,1,588.56,509.74,38.97,99.59,0.7813,1,-1,-1
283,3,449.40,875.91,57.66,158.33,0.8081,1,-1,-1
283,5,577.05,911.73,57.08,159.32,0.6370,1,-1,-1
283,0,426.43,658.40,67.59,129.09,0.8093,1,-1,-1
283,15,1374.85,911.84,93.04,162.29,0.4941,1,-1,-1
283,54,840.59,402.95,27.86,64.30,0.3513,1,-1,-1
283,53,1459.48,525.01,56.30,116.85,0.7705,1,-1,-1
283,36,1430.64,712.17,74.73,150.69,0.8019,1,-1,-1
283,41,999.50,391.99,24.94,61.38,0.4225,1,-1,-1
284,1,586.37,507.20,39.71,100.99,0.7969,1,-1,-1
284,3,447.51,878.68,57.06,157.25,0.7879,1,-1,-1
284,5,576.27,912.33,57.67,161.34,0.5351,1,-1,-1
284,0,424.53,657.33,68.19,129.40,0.7982,1,-1,-1
284,15,1377.17,914.73,92.84,160.31,0.5775,1,-1,-1
284,54,838.02,399.43,30.07,69.40,0.5409,1,-1,-1
284,53,1461.36,523.92,56.69,116.68,0.7402,1,-1,-1
284,36,1435.12,711.67,75.77,152.98,0.8069,1,-1,-1
284,41,1000.03,390.10,25.74,63.02,0.3979,1,-1,-1
284,4,861.22,431.79,33.71,83.49,0.5010,1,-1,-1
285,1,584.38,505.00,40.43,102.68,0.8044,1,-1,-1
285,3,445.27,881.11,56.95,157.24,0.7957,1,-1,-1
285,5,575.19,915.13,57.30,160.98,0.6132,1,-1,-1
285,0,421.55,656.26,68.76,130.37,0.8439,1,-1,-1
285,15,1379.26,917.58,93.74,160.07,0.5889,1,-1,-1
285,54,838.00,396.36,29.99,69.25,0.5039,1,-1,-1
285,53,1463.19,524.78,55.80,114.07,0.7982,1,-1,-1
285,36,1440.95,710.68,77.87,155.66,0.8044,1,-1,-1
285,41,1000.59,387.60,26.05,63.94,0.2344,1,-1,-1
285,4,862.09,431.38,33.72,83.68,0.5293,1,-1,-1
286,1,582.93,504.24,40.24,102.56,0.7944,1,-1,-1
286,3,442.81,884.05,56.60,156.09,0.7476,1,-1,-1
286,5,574.47,916.15,57.91,162.64,0.5039,1,-1,-1
286,0,419.65,656.42,68.86,130.12,0.8376,1,-1,-1
286,15,1383.73,922.61,91.88,154.95,0.5908,1,-1,-1
286,54,839.15,394.44,28.58,66.06,0.3840,1,-1,-1
286,53,1465.22,524.73,55.28,112.20,0.7578,1,-1,-1
286,36,1447.87,710.02,79.75,158.19,0.8480,1,-1,-1
287,1,581.56,503.55,39.95,102.21,0.7969,1,-1,-1
287,3,439.77,886.43,56.74,155.63,0.7506,1,-1,-1
287,5,572.02,918.20,57.75,162.55,0.5312,1,-1,-1
287,0,416.26,656.22,69.81,131.84,0.8439,1,-1,-1
287,15,1390.64,927.27,90.86,152.13,0.6976,2,-1,-1
287,54,839.88,392.00,28.66,66.40,0.4533,1,-1,-1
287,53,1467.59,524.16,56.23,113.11,0.7621,1,-1,-1
287,36,1452.52,710.16,80.20,159.07,0.8289,1,-1,-1
287,60,1386.46,927.00,101.21,149.86,0.5429,1,-1,-1
288,1,580.40,503.16,39.93,102.24,0.8007,1,-1,-1
288,3,437.13,888.81,57.52,156.93,0.7677,1,-1,-1
288,5,570.14,922.10,56.50,159.59,0.6442,1,-1,-1
288,0,413.88,657.70,70.06,132.31,0.8539,1,-1,-1
288,15,1396.80,935.01,88.44,145.99,0.4951,1,-1,-1
288,54,840.23,390.63,28.51,66.16,0.4359,1,-1,-1
288,53,1470.32,523.17,57.38,113.97,0.7564,1,-1,-1
288,36,1454.93,710.66,79.93,159.87,0.8322,1,-1,-1
288,60,1392.08,934.06,97.35,144.07,0.6169,2,-1,-1
289,1,578.78,503.33,40.13,102.58,0.7944,1,-1,-1
289,3,435.46,892.97,58.29,158.39,0.8032,1,-1,-1
289,5,567.10,925.73,56.05,156.13,0.6531,1,-1,-1
289,0,410.05,658.47,69.95,132.93,0.8429,1,-1,-1
289,54,839.93,389.58,28.55,66.24,0.4465,1,-1,-1
289,53,1471.36,522.53,58.50,115.29,0.8289,1,-1,-1
289,36,1458.13,712.82,79.12,159.93,0.7994,1,-1,-1
289,63,203.48,201.43,66.34,31.11,0.5631,4,-1,-1
290,1,577.35,503.91,40.20,103.05,0.7866,1,-1,-1
290,3,432.81,896.64,58.35,157.99,0.8019,1,-1,-1
290,5,567.16,930.70,54.76,151.07,0.5545,1,-1,-1
290,0,409.34,659.77,70.79,133.89,0.8480,1,-1,-1
290,54,840.09,389.06,28.28,65.39,0.4158,1,-1,-1
290,53,1473.84,525.61,58.23,113.76,0.8152,1,-1,-1
290,36,1459.72,714.46,78.31,160.69,0.7905,1,-1,-1
290,63,199.14,198.98,71.89,33.76,0.5332,4,-1,-1
290,15,1410.59,950.42,81.81,131.78,0.7535,1,-1,-1
291,1,575.69,504.42,40.20,102.70,0.7853,1,-1,-1
291,3,428.52,901.11,59.45,159.43,0.7491,1,-1,-1
291,5,564.07,934.25,53.44,146.74,0.4504,1,-1,-1
291,0,406.62,661.89,70.73,133.49,0.8408,1,-1,-1
291,54,839.40,388.64,28.61,66.03,0.4216,1,-1,-1
291,53,1475.42,522.64,60.82,117.86,0.7944,1,-1,-1
291,36,1463.44,715.04,79.11,163.71,0.8439,1,-1,-1
291,63,195.16,197.34,74.87,35.19,0.5234,4,-1,-1
291,15,1417.20,959.10,78.61,122.80,0.7786,1,-1,-1
292,1,574.38,504.40,40.75,103.90,0.7969,1,-1,-1
292,3,425.68,906.93,59.61,158.61,0.7663,1,-1,-1
292,5,561.59,937.55,53.19,143.62,0.4206,1,-1,-1
292,0,404.58,664.04,70.82,132.30,0.8652,1,-1,-1
292,54,838.54,388.45,30.00,69.52,0.5098,1,-1,-1
292,53,1477.07,521.35,62.79,120.66,0.7918,1,-1,-1
292,36,1467.47,719.01,78.05,161.83,0.8300,1,-1,-1
292,63,188.07,196.30,78.94,37.07,0.5361,4,-1,-1
292,15,1422.45,967.03,76.11,114.60,0.7202,1,-1,-1
293,1,572.77,505.10,41.44,105.41,0.8093,1,-1,-1
293,3,425.89,911.47,59.88,158.89,0.7520,1,-1,-1
293,5,559.98,941.23,52.50,139.90,0.4873,1,-1,-1
293,0,402.16,666.11,72.19,134.00,0.8520,1,-1,-1
293,54,838.52,388.51,30.39,70.63,0.5176,1,-1,-1
293,53,1480.31,523.72,63.33,119.62,0.7564,1,-1,-1
293,36,1470.86,721.85,77.24,160.52,0.8056,1,-1,-1
293,63,183.89,195.74,79.93,37.40,0.6049,4,-1,-1
293,15,1427.78,973.10,74.29,108.34,0.5813,1,-1,-1
294,1,571.41,506.07,41.93,106.44,0.8164,1,-1,-1
294,3,424.23,916.56,60.02,158.73,0.7969,1,-1,-1
294,5,560.07,947.21,51.19,133.81,0.5564,1,-1,-1
294,0,399.93,667.93,73.05,135.15,0.8439,1,-1,-1
294,54,838.64,388.86,30.62,71.68,0.5273,1,-1,-1
294,53,1480.85,520.24,66.51,124.31,0.8141,1,-1,-1
294,36,1475.20,724.16,75.93,158.08,0.8366,1,-1,-1
294,63,185.88,195.68,77.53,36.22,0.6206,4,-1,-1
294,15,1432.10,980.74,71.52,100.48,0.2415,1,-1,-1
295,1,570.48,507.88,41.94,106.22,0.8032,1,-1,-1
295,3,421.56,920.19,60.07,158.56,0.8311,1,-1,-1
295,5,559.91,953.74,49.64,127.14,0.4092,1,-1,-1
295,0,398.14,669.92,73.41,135.08,0.8758,1,-1,-1
295,54,837.97,389.20,31.14,73.19,0.6343,1,-1,-1
295,53,1484.50,529.82,63.92,116.73,0.7691,1,-1,-1
295,36,1479.42,727.52,75.23,156.48,0.8256,1,-1,-1
295,63,184.34,195.90,77.49,36.01,0.6602,4,-1,-1
295,41,1017.12,381.03,26.66,66.44,0.5784,1,-1,-1
295,4,861.57,432.04,31.97,79.24,0.5746,1,-1,-1
296,1,569.69,509.34,42.29,106.74,0.8152,1,-1,-1
296,3,418.56,924.63,59.52,155.70,0.7718,1,-1,-1
296,5,559.24,957.54,48.96,123.20,0.2275,1,-1,-1
296,0,396.50,672.20,73.60,134.58,0.9012,1,-1,-1
296,54,837.95,389.73,31.01,73.36,0.5670,1,-1,-1
296,53,1485.31,536.50,62.41,112.29,0.7759,1,-1,-1
296,36,1482.41,731.01,75.94,157.17,0.8056,1,-1,-1
296,63,183.64,196.12,77.15,35.59,0.6740,4,-1,-1
296,41,1017.76,380.67,28.29,71.39,0.6379,1,-1,-1
296,4,860.83,432.22,32.55,80.79,0.5631,1,-1,-1
297,1,568.85,510.83,42.64,107.29,0.8129,1,-1,-1
297,3,416.75,929.13,58.81,152.11,0.7732,1,-1,-1
297,5,557.56,962.67,47.07,116.17,0.1750,1,-1,-1
297,0,395.04,674.86,73.67,133.74,0.9073,1,-1,-1
297,54,837.61,390.29,30.93,73.34,0.5651,1,-1,-1
297,53,1486.97,539.37,62.61,110.45,0.7746,1,-1,-1
297,36,1485.68,734.66,76.44,157.10,0.8355,1,-1,-1
297,63,179.53,196.18,79.24,36.15,0.6619,4,-1,-1
297,41,1018.80,381.07,30.01,75.04,0.6697,1,-1,-1
297,4,860.59,432.45,32.94,81.22,0.4436,1,-1,-1
298,1,567.91,512.33,42.63,106.65,0.8222,1,-1,-1
298,3,415.19,932.45,58.36,149.17,0.7564,1,-1,-1
298,5,549.04,964.03,48.67,115.87,0.3242,1,-1,-1
298,0,393.37,676.85,74.41,134.12,0.8888,1,-1,-1
298,54,837.42,390.87,30.50,72.20,0.4571,1,-1,-1
298,53,1486.35,541.12,62.57,109.42,0.7249,1,-1,-1
298,36,1488.29,737.01,77.56,157.70,0.8775,1,-1,-1
298,63,178.51,196.08,80.29,36.33,0.6654,4,-1,-1
298,41,1019.60,381.59,29.94,74.14,0.6197,1,-1,-1
298,4,860.54,432.86,32.38,79.74,0.2268,1,-1,-1
299,1,567.45,513.31,42.78,106.33,0.8311,1,-1,-1
299,3,414.38,934.59,57.97,147.04,0.7356,1,-1,-1
299,5,542.42,966.45,48.43,113.19,0.2422,1,-1,-1
299,0,391.69,677.89,75.36,135.25,0.8775,1,-1,-1
299,54,837.39,391.67,30.84,73.07,0.4225,1,-1,-1
299,53,1487.40,541.79,63.11,109.45,0.7326,1,-1,-1
299,36,1491.18,738.75,78.76,158.97,0.8141,1,-1,-1
299,63,178.15,196.28,80.69,36.22,0.6549,4,-1,-1
299,41,1022.81,382.14,28.18,69.54,0.5059,1,-1,-1
300,1,567.05,514.25,43.18,106.67,0.8199,1,-1,-1
300,3,414.20,937.73,57.16,143.77,0.7773,1,-1,-1
300,5,542.52,969.91,48.05,110.20,0.4083,1,-1,-1
300,0,389.90,678.92,76.16,136.50,0.8715,1,-1,-1
300,54,837.42,392.55,31.24,74.18,0.4785,1,-1,-1
300,53,1487.81,541.69,64.47,111.02,0.6876,1,-1,-1
300,36,1493.34,741.66,79.11,157.72,0.8480,1,-1,-1
300,63,180.15,196.49,79.96,35.76,0.6370,4,-1,-1
300,41,1024.12,382.97,28.48,70.39,0.6567,1,-1,-1
301,1,566.45,514.63,43.34,106.57,0.8056,1,-1,-1
301,3,414.05,940.25,56.45,141.08,0.8117,1,-1,-1
301,5,524.27,973.21,49.99,107.05,0.5813,1,-1,-1
301,0,387.93,680.24,77.30,138.96,0.8539,1,-1,-1
301,54,836.69,393.14,32.05,75.80,0.5419,1,-1,-1
301,53,1488.67,536.61,68.13,116.35,0.6169,1,-1,-1
301,36,1493.81,743.80,82.77,163.77,0.7520,1,-1,-1
301,63,176.37,196.11,82.57,36.66,0.6442,4,-1,-1
301,41,1025.38,383.33,29.26,72.66,0.6433,1,-1,-1
302,1,566.01,515.56,43.41,106.37,0.7969,1,-1,-1
302,3,413.59,942.41,55.95,138.75,0.8093,1,-1,-1
302,5,516.75,974.87,52.27,105.40,0.6826,1,-1,-1
302,0,386.77,682.29,77.38,139.33,0.8597,1,-1,-1
302,54,836.22,393.48,32.85,77.13,0.5746,1,-1,-1
302,53,1487.77,524.22,76.12,129.86,0.6671,1,-1,-1
302,36,1496.77,745.58,81.46,159.01,0.8141,1,-1,-1
302,63,175.05,196.03,83.84,37.00,0.6706,4,-1,-1
302,41,1026.72,384.32,29.84,73.48,0.6352,1,-1,-1
303,1,565.73,516.50,43.68,106.58,0.7957,1,-1,-1
303,3,412.34,944.00,55.72,137.00,0.7879,1,-1,-1
303,5,513.54,977.18,54.02,103.08,0.7447,1,-1,-1
303,0,385.38,683.04,77.87,140.49,0.8652,1,-1,-1
303,54,836.18,393.91,32.91,76.71,0.5631,1,-1,-1
303,53,1487.54,515.63,81.66,139.28,0.6514,1,-1,-1
303,36,1500.72,747.58,81.42,156.33,0.8105,1,-1,-1
303,63,173.92,195.90,85.10,37.36,0.6809,4,-1,-1
303,41,1028.24,384.57,30.49,73.94,0.6706,1,-1,-1
304,1,565.37,517.20,43.64,106.35,0.7918,1,-1,-1
304,3,410.78,945.09,55.78,135.79,0.7691,1,-1,-1
304,5,511.67,979.02,55.61,101.21,0.7387,1,-1,-1
304,0,384.87,684.19,77.00,138.91,0.8558,1,-1,-1
304,54,836.24,394.36,32.78,75.94,0.6011,1,-1,-1
304,53,1488.01,512.71,84.11,143.28,0.7621,1,-1,-1
304,36,1501.26,749.39,82.29,155.38,0.8105,1,-1,-1
304,63,173.00,195.89,86.02,37.57,0.6860,4,-1,-1
304,41,1029.03,385.09,31.63,75.49,0.6732,1,-1,-1
304,4,859.45,438.61,32.42,77.99,0.5708,1,-1,-1
305,1,565.45,517.80,43.81,106.72,0.7982,1,-1,-1
305,3,410.25,947.69,55.31,133.08,0.7759,1,-1,-1
305,5,511.80,980.19,57.73,100.01,0.7186,1,-1,-1
305,0,384.11,685.40,77.32,139.39,0.8480,1,-1,-1
305,54,836.80,394.80,32.54,75.41,0.6049,1,-1,-1
305,53,1488.20,511.29,85.80,146.14,0.7918,1,-1,-1
305,36,1504.87,750.02,82.04,153.85,0.5467,1,-1,-1
305,63,173.49,195.94,85.26,37.02,0.6689,4,-1,-1
305,41,1031.11,385.79,32.22,75.85,0.6645,1,-1,-1
305,4,859.85,439.59,32.53,77.79,0.6252,1,-1,-1
306,1,566.06,518.31,43.75,106.39,0.8032,1,-1,-1
306,3,410.72,951.81,54.28,128.85,0.7663,1,-1,-1
306,5,511.51,981.38,59.61,98.79,0.6893,1,-1,-1
306,0,383.29,686.08,77.16,138.91,0.8333,1,-1,-1
306,54,836.88,394.92,32.59,75.57,0.6234,1,-1,-1
306,53,1488.48,511.62,86.40,147.35,0.6206,1,-1,-1
306,36,1508.65,750.92,82.85,155.34,0.5622,1,-1,-1
306,63,173.49,195.96,85.35,36.87,0.6792,4,-1,-1
306,41,1032.82,386.78,32.61,75.41,0.6469,1,-1,-1
306,4,859.82,440.15,32.78,77.71,0.5842,1,-1,-1
307,1,566.37,518.48,44.09,107.11,0.7969,1,-1,-1
307,3,411.26,954.46,53.82,126.10,0.7705,1,-1,-1
307,5,509.76,982.97,60.95,97.18,0.7009,1,-1,-1
307,0,383.11,686.87,77.24,138.74,0.8333,1,-1,-1
307,54,836.82,395.03,32.56,75.69,0.6289,1,-1,-1
307,53,1489.13,511.51,86.90,148.55,0.6654,1,-1,-1
307,36,1509.01,751.50,83.54,155.44,0.7786,1,-1,-1
307,63,173.66,195.99,85.32,36.68,0.6740,4,-1,-1
307,41,1033.82,387.58,32.76,75.03,0.6575,1,-1,-1
307,4,860.09,440.79,32.88,77.45,0.6197,1,-1,-1
308,1,566.81,518.73,44.01,106.93,0.7994,1,-1,-1
308,3,410.98,955.56,54.05,124.93,0.7564,1,-1,-1
308,5,508.55,983.44,62.70,96.68,0.6910,1,-1,-1
308,0,383.23,687.37,77.04,137.98,0.8387,1,-1,-1
308,54,836.90,394.99,32.51,75.79,0.6505,1,-1,-1
308,53,1489.86,521.33,80.89,139.33,0.6151,1,-1,-1
308,36,1511.05,751.65,84.41,156.72,0.8376,1,-1,-1
308,63,173.91,196.12,85.08,36.39,0.6531,4,-1,-1
308,41,1035.85,387.43,32.72,74.52,0.6809,1,-1,-1
308,4,860.12,440.65,33.15,77.75,0.6433,1,-1,-1
309,1,567.12,518.74,43.90,106.72,0.7969,1,-1,-1
309,3,410.51,955.97,54.52,124.45,0.7249,1,-1,-1
309,5,507.45,983.59,64.39,96.52,0.6496,1,-1,-1
309,0,382.70,687.88,76.68,137.31,0.8397,1,-1,-1
309,54,837.06,395.08,32.23,75.35,0.6451,1,-1,-1
309,53,1491.54,533.41,73.63,127.23,0.7170,1,-1,-1
309,36,1513.39,750.84,85.37,158.33,0.8470,1,-1,-1
309,63,174.24,196.23,84.84,36.10,0.6261,4,-1,-1
309,41,1039.01,387.41,32.08,73.19,0.6289,1,-1,-1
309,4,860.74,439.77,33.35,78.41,0.5554,1,-1,-1
310,1,567.67,519.25,43.58,105.96,0.7944,1,-1,-1
310,3,410.32,956.02,55.05,124.35,0.7432,1,-1,-1
310,5,506.83,983.66,66.05,96.44,0.6893,1,-1,-1
310,0,382.75,687.93,76.16,136.24,0.8408,1,-1,-1
310,54,837.23,395.13,32.20,75.40,0.6451,1,-1,-1
310,53,1491.62,538.90,70.27,122.06,0.7606,1,-1,-1
310,36,1515.83,750.91,85.55,158.70,0.8625,1,-1,-1
310,63,173.94,196.20,85.43,36.21,0.6261,4,-1,-1
310,41,1040.20,387.11,31.88,72.92,0.6049,1,-1,-1
310,4,860.27,440.15,33.50,78.24,0.5689,1,-1,-1
311,1,568.29,519.61,43.40,105.61,0.7866,1,-1,-1
311,3,410.38,956.07,55.62,124.18,0.7491,1,-1,-1
311,5,506.00,983.79,67.52,96.29,0.7009,1,-1,-1
311,0,382.88,687.97,75.81,135.50,0.8408,1,-1,-1
311,54,837.40,395.12,32.35,75.90,0.6505,1,-1,-1
311,53,1492.33,537.95,70.84,123.26,0.7264,1,-1,-1
311,36,1518.21,750.14,85.64,159.45,0.8606,1,-1,-1
311,63,173.01,196.06,86.91,36.73,0.6496,4,-1,-1
311,41,1040.15,386.11,32.42,74.89,0.6179,1,-1,-1
311,4,860.00,439.38,34.00,79.45,0.6663,1,-1,-1
312,1,568.69,519.60,43.42,105.81,0.7840,1,-1,-1
312,3,410.74,955.95,56.42,124.31,0.7311,1,-1,-1
312,5,505.31,983.25,69.24,96.83,0.6671,1,-1,-1
312,0,383.14,687.26,76.56,136.34,0.8408,1,-1,-1
312,54,837.41,395.17,32.41,76.05,0.6415,1,-1,-1
312,53,1492.59,535.77,71.91,125.40,0.6654,1,-1,-1
312,36,1520.59,749.32,84.85,159.43,0.8634,1,-1,-1
312,63,172.80,195.93,87.57,36.91,0.6689,4,-1,-1
312,41,1041.33,385.73,32.51,75.25,0.6469,1,-1,-1
312,4,858.86,439.90,33.89,78.43,0.6593,1,-1,-1
313,1,568.14,519.51,43.91,107.23,0.7800,1,-1,-1
313,3,411.98,955.77,57.36,124.47,0.7372,1,-1,-1
313,5,505.32,982.49,71.03,97.57,0.6514,1,-1,-1
313,0,383.06,686.53,77.15,136.94,0.8376,1,-1,-1
313,54,837.48,395.20,32.14,75.40,0.6160,1,-1,-1
313,53,1494.08,524.49,78.03,135.65,0.6478,1,-1,-1
313,36,1523.28,747.67,84.12,159.75,0.8615,1,-1,-1
313,63,172.79,195.70,88.03,37.03,0.6893,4,-1,-1
313,41,1041.41,385.02,32.65,76.11,0.7146,1,-1,-1
313,4,858.51,438.80,34.07,78.73,0.6215,1,-1,-1
314,1,568.15,519.16,43.84,106.83,0.8007,1,-1,-1
314,3,413.80,955.45,58.70,124.77,0.7074,1,-1,-1
314,5,505.10,981.61,72.78,98.45,0.6602,1,-1,-1
314,0,383.26,685.48,77.55,137.25,0.8397,1,-1,-1
314,54,837.45,395.13,32.21,75.52,0.6252,1,-1,-1
314,53,1494.75,519.74,81.18,140.42,0.6943,1,-1,-1
314,36,1524.94,746.35,83.38,160.14,0.8597,1,-1,-1
314,63,172.73,195.40,88.51,37.19,0.7090,4,-1,-1
314,41,1041.63,384.50,32.63,76.86,0.7334,1,-1,-1
314,4,858.24,438.47,34.34,78.94,0.6469,1,-1,-1
314,69,1496.43,545.95,55.76,112.76,0.4620,1,-1,-1
315,1,567.83,518.91,44.19,107.34,0.8069,1,-1,-1
315,3,411.35,955.34,58.69,124.85,0.7122,1,-1,-1
315,5,504.69,981.39,74.03,98.66,0.6809,1,-1,-1
315,0,382.89,684.57,78.56,139.11,0.8322,1,-1,-1
315,54,837.17,394.90,32.42,75.79,0.5898,1,-1,-1
315,53,1494.89,518.80,81.57,140.42,0.6334,1,-1,-1
315,36,1526.73,745.09,82.55,160.76,0.8539,1,-1,-1
315,63,172.73,195.25,88.81,37.29,0.7154,4,-1,-1
315,41,1042.48,384.52,32.22,76.98,0.7379,1,-1,-1
315,4,858.16,438.18,34.82,79.51,0.6030,1,-1,-1
315,69,1496.25,546.50,55.25,111.76,0.4330,1,-1,-1
316,1,568.08,518.69,44.64,108.04,0.7994,1,-1,-1
316,3,410.07,954.75,58.65,125.41,0.6960,1,-1,-1
316,5,503.63,980.72,75.57,99.32,0.6671,1,-1,-1
316,0,382.42,683.91,80.28,142.69,0.8333,1,-1,-1
316,54,837.01,394.62,32.58,75.86,0.5936,1,-1,-1
316,53,1495.10,517.50,81.92,140.58,0.6280,1,-1,-1
316,36,1528.62,744.41,81.23,160.72,0.8449,1,-1,-1
316,63,174.46,195.07,87.94,36.96,0.6723,4,-1,-1
316,41,1043.08,384.92,31.59,76.72,0.7424,1,-1,-1
316,4,858.45,437.66,34.87,79.29,0.5049,1,-1,-1
316,69,1496.84,547.56,54.24,109.71,0.4158,1,-1,-1
317,1,567.83,518.47,45.22,109.13,0.7957,1,-1,-1
317,3,410.02,954.56,58.56,125.51,0.6960,1,-1,-1
317,5,502.97,979.70,77.29,100.34,0.6843,1,-1,-1
317,0,382.74,683.10,80.74,143.83,0.8490,1,-1,-1
317,54,836.91,394.38,32.90,76.29,0.5842,1,-1,-1
317,53,1495.31,516.74,82.65,140.99,0.5506,1,-1,-1
317,36,1529.06,743.47,80.43,161.34,0.8439,1,-1,-1
317,63,174.24,195.04,88.33,37.12,0.6860,4,-1,-1
317,41,1043.95,385.00,30.87,76.11,0.7210,1,-1,-1
317,4,858.35,437.71,34.67,78.46,0.5098,1,-1,-1
317,69,1496.91,547.51,53.91,108.93,0.4455,1,-1,-1
318,1,567.64,518.44,45.77,110.26,0.8007,1,-1,-1
318,3,410.56,954.45,58.56,125.65,0.6460,1,-1,-1
318,5,503.05,978.87,78.69,101.17,0.6021,1,-1,-1
318,0,383.69,682.84,79.90,142.40,0.8568,1,-1,-1
318,54,837.05,394.27,32.83,75.76,0.5370,1,-1,-1
318,53,1495.00,516.80,82.58,140.22,0.6151,1,-1,-1
318,36,1529.64,742.13,79.91,162.60,0.8459,1,-1,-1
318,63,173.82,195.06,88.94,37.36,0.6860,4,-1,-1
318,41,1044.89,385.16,29.85,74.70,0.7066,1,-1,-1
318,4,857.84,434.86,35.49,80.16,0.4158,1,-1,-1
318,69,1496.09,545.27,54.79,110.65,0.3785,1,-1,-1
319,1,567.59,518.67,46.19,111.17,0.7866,1,-1,-1
319,3,411.52,954.75,58.46,125.35,0.6206,1,-1,-1
319,5,502.55,978.38,79.83,101.65,0.5059,1,-1,-1
319,0,384.30,682.62,79.06,140.99,0.8578,1,-1,-1
319,54,837.26,394.06,32.61,74.98,0.4863,1,-1,-1
319,53,1494.53,516.52,83.18,140.48,0.5699,1,-1,-1
319,36,1530.47,740.70,79.17,163.69,0.8333,1,-1,-1
319,63,172.90,195.11,89.90,37.73,0.6960,4,-1,-1
319,41,1046.05,385.41,29.25,74.07,0.7241,1,-1,-1
319,4,857.22,435.29,35.48,79.55,0.2846,1,-1,-1
319,69,1495.22,542.99,55.76,112.69,0.4292,1,-1,-1
320,1,567.76,519.24,46.07,110.74,0.7786,1,-1,-1
320,3,412.59,955.12,58.52,124.98,0.5641,1,-1,-1
320,5,501.42,977.88,80.87,102.15,0.4504,1,-1,-1
320,0,383.94,682.26,79.57,142.36,0.8568,1,-1,-1
320,54,837.33,393.89,32.47,74.27,0.4766,1,-1,-1
320,53,1493.86,515.93,83.74,140.89,0.6370,1,-1,-1
320,36,1530.58,739.61,78.40,164.54,0.8289,1,-1,-1
320,63,172.30,195.27,90.38,37.86,0.6960,4,-1,-1
320,41,1047.22,385.17,29.18,74.72,0.7033,1,-1,-1
320,4,855.75,433.71,36.43,81.06,0.2422,1,-1,-1
320,69,1494.93,541.65,56.28,113.81,0.3739,1,-1,-1
321,1,568.02,519.95,45.97,110.10,0.7840,1,-1,-1
321,3,413.53,955.30,58.65,124.79,0.5832,1,-1,-1
321,5,499.65,976.85,82.23,103.17,0.6002,1,-1,-1
321,0,383.86,681.94,80.10,144.00,0.8449,1,-1,-1
321,54,837.25,393.87,32.86,74.88,0.4990,1,-1,-1
321,53,1493.69,516.48,83.73,140.21,0.6151,1,-1,-1
321,36,1531.39,739.03,77.38,164.69,0.8311,1,-1,-1
321,63,171.79,195.39,90.81,37.96,0.6926,4,-1,-1
321,41,1048.21,385.05,29.00,74.98,0.6968,1,-1,-1
321,4,854.81,432.69,37.68,83.96,0.1865,1,-1,-1
321,69,1494.23,542.62,55.52,111.89,0.4036,1,-1,-1
322,1,568.16,520.68,45.82,109.34,0.7879,1,-1,-1
322,3,414.47,955.53,58.70,124.55,0.6021,1,-1,-1
322,5,495.85,976.43,83.88,103.59,0.5429,1,-1,-1
322,0,384.65,681.54,79.86,144.09,0.8606,1,-1,-1
322,54,837.25,394.00,33.07,75.17,0.4678,1,-1,-1
322,53,1493.58,516.66,83.52,139.44,0.6261,1,-1,-1
322,36,1532.02,738.32,76.47,164.99,0.8333,1,-1,-1
322,63,171.85,195.39,90.92,37.93,0.6775,4,-1,-1
322,41,1049.86,385.09,28.65,74.21,0.6030,1,-1,-1
322,4,854.87,431.68,38.23,85.41,0.1041,1,-1,-1
322,69,1494.46,541.85,55.99,113.07,0.4397,1,-1,-1
323,1,568.20,520.88,45.91,109.14,0.7866,1,-1,-1
323,3,415.14,955.69,58.75,124.38,0.5756,1,-1,-1
323,5,495.60,976.49,84.57,103.53,0.5946,1,-1,-1
323,0,385.51,681.02,79.54,143.92,0.8587,1,-1,-1
323,54,837.36,394.04,33.19,75.30,0.4834,1,-1,-1
323,53,1493.43,517.31,83.20,138.56,0.6689,1,-1,-1
323,36,1531.92,737.34,76.10,165.96,0.8117,1,-1,-1
323,63,171.87,195.41,91.13,37.95,0.6723,4,-1,-1
323,41,1051.48,385.54,28.58,73.76,0.6505,1,-1,-1
323,4,855.01,431.40,38.06,85.47,0.1048,1,-1,-1
323,69,1494.65,541.40,56.11,113.53,0.4311,1,-1,-1
324,1,568.21,521.00,46.04,108.95,0.7705,1,-1,-1
324,3,415.34,956.04,58.50,124.03,0.5718,1,-1,-1
324,5,495.63,976.42,85.05,103.60,0.6460,1,-1,-1
324,0,386.67,680.52,78.80,142.97,0.8459,1,-1,-1
324,54,837.69,394.07,32.83,74.34,0.4668,1,-1,-1
324,53,1492.78,517.27,83.30,138.64,0.6723,1,-1,-1
324,36,1531.33,736.48,75.44,166.83,0.7549,1,-1,-1
324,63,172.23,195.45,90.98,37.79,0.6758,4,-1,-1
324,41,1052.61,386.31,28.06,72.41,0.6415,1,-1,-1
324,69,1494.81,541.94,55.78,113.04,0.4254,1,-1,-1
325,1,567.45,521.58,46.00,108.03,0.7564,1,-1,-1
325,3,415.64,955.96,58.47,124.09,0.6132,1,-1,-1
325,5,495.06,976.05,85.95,103.96,0.6058,1,-1,-1
325,0,387.09,680.06,78.87,143.68,0.8490,1,-1,-1
325,54,837.93,394.04,32.77,74.10,0.4766,1,-1,-1
325,53,1493.10,518.57,82.61,137.27,0.7341,1,-1,-1
325,36,1531.38,735.38,74.93,167.73,0.7879,1,-1,-1
325,63,172.26,195.42,91.36,37.86,0.6876,4,-1,-1
325,41,1055.50,387.48,28.28,71.92,0.6817,1,-1,-1
325,69,1495.17,541.92,55.75,112.84,0.3748,1,-1,-1
326,1,566.87,521.83,45.70,106.88,0.7635,1,-1,-1
326,3,416.80,955.92,58.44,124.13,0.6792,1,-1,-1
326,5,491.08,975.70,87.81,104.31,0.5889,1,-1,-1
326,0,387.74,680.05,78.69,143.80,0.8387,1,-1,-1
326,54,838.34,394.10,32.36,73.02,0.4610,1,-1,-1
326,53,1493.39,520.27,81.55,135.38,0.6826,1,-1,-1
326,36,1531.05,733.63,74.50,169.22,0.7866,1,-1,-1
326,63,173.37,195.51,90.59,37.46,0.6860,4,-1,-1
326,41,1057.38,387.80,28.77,71.81,0.7001,1,-1,-1
326,69,1495.36,542.52,55.28,111.89,0.4610,1,-1,-1
327,1,567.28,521.67,45.76,106.65,0.7732,1,-1,-1
327,3,417.35,955.70,58.59,124.34,0.6352,1,-1,-1
327,5,491.45,975.91,88.19,104.10,0.5794,1,-1,-1
327,0,388.00,679.68,78.82,144.46,0.8387,1,-1,-1
327,54,838.54,394.13,32.07,72.15,0.4436,1,-1,-1
327,53,1493.14,520.72,80.93,134.26,0.7058,1,-1,-1
327,36,1531.03,732.12,73.86,170.07,0.7918,1,-1,-1
327,63,175.79,195.63,88.73,36.64,0.6960,4,-1,-1
327,41,1058.23,388.44,28.86,71.00,0.6697,1,-1,-1
327,69,1495.18,542.23,55.12,111.77,0.4552,1,-1,-1
328,1,567.33,521.72,45.74,106.31,0.7621,1,-1,-1
328,3,417.74,955.48,58.80,124.56,0.5429,1,-1,-1
328,5,486.48,976.52,89.25,103.49,0.5078,1,-1,-1
328,0,388.13,680.07,78.01,143.62,0.8439,1,-1,-1
328,54,838.86,394.16,31.46,70.46,0.3877,1,-1,-1
328,53,1493.56,523.20,78.97,130.92,0.6132,1,-1,-1
328,36,1530.17,730.41,73.07,170.99,0.7718,1,-1,-1
328,63,179.26,195.84,86.41,35.76,0.6960,4,-1,-1
328,41,1060.04,388.67,28.52,69.69,0.5312,1,-1,-1
328,69,1495.55,543.12,54.29,110.22,0.3372,1,-1,-1
329,1,567.25,521.92,45.85,106.15,0.7705,1,-1,-1
329,3,417.69,955.29,58.81,124.74,0.5927,1,-1,-1
329,5,478.32,976.88,92.93,103.13,0.1877,1,-1,-1
329,0,388.82,680.01,76.65,141.37,0.8366,1,-1,-1
329,54,839.67,394.31,30.73,68.69,0.3576,1,-1,-1
329,53,1493.33,527.21,75.99,125.74,0.5525,1,-1,-1
329,36,1529.36,728.80,71.91,171.34,0.7280,1,-1,-1
329,63,180.21,195.95,85.63,35.47,0.6876,4,-1,-1
329,41,1061.24,388.38,28.58,69.25,0.5419,1,-1,-1
329,69,1495.30,542.63,54.18,110.48,0.3989,1,-1,-1
330,1,567.15,522.02,46.08,106.29,0.7800,1,-1,-1
330,3,417.66,955.00,58.68,124.98,0.6388,1,-1,-1
330,5,467.51,986.38,85.79,93.63,0.5156,1,-1,-1
330,0,388.99,680.00,75.92,140.23,0.8333,1,-1,-1
330,54,840.08,394.46,30.21,67.24,0.3268,1,-1,-1
330,53,1491.86,524.91,77.30,127.66,0.5293,1,-1,-1
330,36,1528.38,726.78,70.44,171.02,0.7295,1,-1,-1
330,63,180.85,196.03,85.19,35.30,0.6860,4,-1,-1
330,41,1062.78,388.83,28.24,68.13,0.5496,1,-1,-1
330,69,1493.53,540.70,55.03,111.92,0.3303,1,-1,-1
331,1,566.66,522.01,46.04,106.21,0.7773,1,-1,-1
331,3,418.21,955.07,58.29,124.76,0.6151,1,-1,-1
331,5,464.64,991.70,82.48,88.30,0.5525,1,-1,-1
331,0,388.22,680.01,76.49,141.85,0.8267,1,-1,-1
331,54,839.74,394.24,30.41,67.25,0.2591,1,-1,-1
331,53,1489.99,522.73,78.25,129.75,0.5176,1,-1,-1
331,36,1528.03,725.43,68.75,168.86,0.7447,1,-1,-1
331,63,182.89,195.89,84.79,35.40,0.6689,4,-1,-1
331,41,1064.31,389.08,27.98,67.78,0.1418,1,-1,-1
331,69,1494.17,537.52,56.33,115.34,0.2154,1,-1,-1
332,1,566.34,521.88,46.08,106.42,0.7853,1,-1,-1
332,3,418.89,954.78,57.94,124.36,0.5946,1,-1,-1
332,5,462.16,993.54,82.40,86.41,0.4649,1,-1,-1
332,0,387.94,679.81,76.69,142.73,0.8245,1,-1,-1
332,54,840.21,394.68,29.76,65.83,0.2767,1,-1,-1
332,53,1488.61,521.99,78.71,130.95,0.5137,1,-1,-1
332,36,1528.30,725.37,67.18,166.93,0.7957,1,-1,-1
332,63,184.06,195.96,84.13,35.41,0.6478,4,-1,-1
332,41,1065.77,388.10,28.22,68.70,0.5244,1,-1,-1
332,69,1492.60,538.84,55.80,113.87,0.3217,1,-1,-1
333,1,566.16,521.70,46.11,106.64,0.7879,1,-1,-1
333,3,419.32,954.17,57.82,124.72,0.5813,1,-1,-1
333,5,461.11,994.81,82.70,85.16,0.4273,1,-1,-1
333,0,388.41,679.70,76.14,141.86,0.8256,1,-1,-1
333,54,840.35,394.69,29.84,66.00,0.2950,1,-1,-1
333,36,1528.60,725.01,66.45,166.44,0.7564,1,-1,-1
333,63,183.73,196.01,84.14,35.63,0.6352,4,-1,-1
333,41,1066.66,388.58,28.37,69.77,0.6628,1,-1,-1
333,69,1492.00,541.47,54.76,111.21,0.5205,1,-1,-1
334,1,566.09,521.47,46.06,106.80,0.7866,1,-1,-1
334,3,418.73,953.75,57.89,125.77,0.5137,1,-1,-1
334,5,460.62,995.28,83.48,84.71,0.4484,1,-1,-1
334,0,388.62,679.59,75.94,141.60,0.8245,1,-1,-1
334,54,840.46,394.55,30.30,67.02,0.3320,1,-1,-1
334,36,1528.53,724.79,65.62,165.67,0.7746,1,-1,-1
334,63,183.10,196.02,84.56,35.98,0.6316,4,-1,-1
334,41,1067.19,389.52,28.70,71.02,0.7082,1,-1,-1
334,69,1491.07,541.51,54.69,111.00,0.5293,1,-1,-1
335,1,566.12,521.23,45.96,106.91,0.7813,1,-1,-1
335,3,418.29,953.22,57.63,126.15,0.4378,1,-1,-1
335,5,457.38,995.61,85.03,84.39,0.3294,1,-1,-1
335,0,388.71,679.37,75.79,141.44,0.8164,1,-1,-1
335,54,840.80,394.42,30.53,67.42,0.3277,1,-1,-1
335,36,1527.42,724.81,64.45,164.26,0.7691,1,-1,-1
335,63,182.77,196.01,84.76,36.24,0.6316,4,-1,-1
335,41,1068.41,390.13,28.73,71.08,0.7130,1,-1,-1
335,69,1490.43,541.31,54.59,110.93,0.5574,1,-1,-1
336,1,566.14,521.13,45.88,107.03,0.7827,1,-1,-1
336,3,417.85,952.28,57.45,127.14,0.4824,1,-1,-1
336,5,456.84,996.75,85.63,83.25,0.2689,1,-1,-1
336,0,388.80,679.22,76.07,142.13,0.8210,1,-1,-1
336,54,841.01,394.38,30.58,67.25,0.3174,1,-1,-1
336,36,1526.00,724.85,63.80,163.49,0.8187,1,-1,-1
336,63,182.50,196.01,84.72,36.36,0.6261,4,-1,-1
336,41,1069.54,390.71,28.49,70.07,0.6715,1,-1,-1
336,69,1489.99,541.02,54.52,110.98,0.5224,1,-1,-1
337,1,566.16,521.09,45.84,107.27,0.7800,1,-1,-1
337,3,418.58,952.08,57.33,127.65,0.5078,1,-1,-1
337,5,453.02,997.08,87.70,82.92,0.2591,1,-1,-1
337,0,388.91,678.97,75.78,141.85,0.8222,1,-1,-1
337,54,841.11,394.37,30.31,66.28,0.3115,1,-1,-1
337,36,1523.94,724.89,63.10,162.65,0.8520,1,-1,-1
337,63,182.75,195.98,84.48,36.37,0.6406,4,-1,-1
337,41,1070.07,390.06,29.13,72.11,0.6558,1,-1,-1
337,69,1489.84,541.57,53.94,109.95,0.5176,1,-1,-1
338,1,566.20,521.02,45.75,107.37,0.7786,1,-1,-1
338,3,419.23,951.65,57.41,128.27,0.5390,1,-1,-1
338,5,450.33,996.81,90.24,83.19,0.2591,1,-1,-1
338,0,389.05,678.79,75.77,142.08,0.8245,1,-1,-1
338,54,840.88,394.32,30.77,67.06,0.3442,1,-1,-1
338,36,1521.73,724.50,62.83,162.70,0.8105,1,-1,-1
338,63,183.38,196.05,83.91,36.23,0.6584,4,-1,-1
338,41,1071.59,390.51,29.08,71.42,0.6918,1,-1,-1
338,69,1489.80,541.97,53.63,109.47,0.5409,1,-1,-1
339,1,566.25,521.05,45.66,107.42,0.7759,1,-1,-1
339,3,419.35,951.15,57.59,128.84,0.5234,1,-1,-1
339,5,448.16,996.50,92.75,83.50,0.2254,1,-1,-1
339,0,389.44,678.68,75.49,141.72,0.8164,1,-1,-1
339,54,840.73,394.19,31.36,68.12,0.3478,1,-1,-1
339,36,1519.31,723.94,63.18,163.71,0.7592,1,-1,-1
339,63,184.01,196.15,83.13,35.98,0.6602,4,-1,-1
339,41,1073.81,390.96,29.39,70.93,0.6575,1,-1,-1
339,69,1490.29,543.34,52.96,108.06,0.5631,1,-1,-1
340,1,566.45,521.12,45.49,107.15,0.7786,1,-1,-1
340,3,419.27,950.91,57.80,129.11,0.5545,1,-1,-1
340,5,448.46,995.82,94.90,84.19,0.2458,1,-1,-1
340,0,390.28,678.06,74.93,140.50,0.8233,1,-1,-1
340,54,840.37,393.60,32.28,69.39,0.3398,1,-1,-1
340,36,1517.43,724.80,62.58,162.14,0.8164,1,-1,-1
340,63,183.56,196.19,83.03,35.96,0.6792,4,-1,-1
340,41,1074.56,391.43,29.65,70.48,0.6575,1,-1,-1
340,69,1492.45,540.79,54.69,109.57,0.5039,1,-1,-1
341,1,566.73,521.18,45.23,106.55,0.7853,1,-1,-1
341,3,419.33,950.51,58.05,129.50,0.5622,1,-1,-1
341,5,451.60,994.52,96.50,85.48,0.3504,1,-1,-1
341,0,390.92,678.36,74.18,138.98,0.8256,1,-1,-1
341,54,840.10,393.33,32.65,69.63,0.3183,1,-1,-1
341,36,1516.00,725.03,62.35,160.32,0.8007,1,-1,-1
341,63,183.04,196.16,83.06,35.94,0.6960,4,-1,-1
341,41,1076.04,393.19,28.05,65.71,0.5059,1,-1,-1
341,69,1493.02,540.77,55.34,108.96,0.5117,1,-1,-1
342,1,566.96,521.08,45.08,106.00,0.7866,1,-1,-1
342,3,419.39,949.57,58.08,129.46,0.6352,1,-1,-1
342,5,452.19,993.24,98.13,86.76,0.3074,1,-1,-1
342,0,391.58,678.41,73.67,137.85,0.8322,1,-1,-1
342,54,840.78,393.57,31.34,66.72,0.3107,1,-1,-1
342,36,1514.98,729.12,60.50,154.02,0.7773,1,-1,-1
342,63,182.82,196.04,83.10,35.93,0.6943,4,-1,-1
342,41,1076.72,393.65,28.51,65.50,0.5670,1,-1,-1
342,69,1492.93,540.96,56.02,108.58,0.5429,1,-1,-1
343,1,567.08,520.92,44.89,105.54,0.7786,1,-1,-1
343,3,419.42,948.24,58.17,129.65,0.6261,1,-1,-1
343,5,451.11,992.02,99.77,87.98,0.2024,1,-1,-1
343,0,392.28,677.38,73.80,137.96,0.8449,1,-1,-1
343,54,841.11,392.30,31.92,68.18,0.3320,1,-1,-1
343,36,1514.35,735.86,58.30,145.85,0.5964,1,-1,-1
343,63,182.27,195.60,83.28,35.97,0.6910,4,-1,-1
343,69,1490.85,542.62,55.40,106.67,0.6960,1,-1,-1
344,1,567.28,519.73,44.67,104.87,0.7892,1,-1,-1
344,3,420.14,945.98,58.59,130.73,0.6478,1,-1,-1
344,5,451.59,990.43,101.31,89.57,0.1683,1,-1,-1
344,0,393.37,676.69,73.06,136.02,0.8724,1,-1,-1
344,54,841.13,390.94,33.53,71.74,0.4235,1,-1,-1
344,36,1513.87,735.57,57.79,142.84,0.2894,1,-1,-1
344,63,185.56,195.00,81.41,35.28,0.6723,4,-1,-1
344,69,1489.64,543.03,54.85,105.53,0.6602,1,-1,-1
344,4,851.83,432.54,33.36,75.92,0.5927,1,-1,-1
345,1,566.93,517.95,44.99,106.00,0.7892,1,-1,-1
345,3,421.14,943.42,59.10,132.08,0.6876,1,-1,-1
345,5,452.46,984.41,106.89,95.59,0.1334,1,-1,-1
345,0,394.34,675.60,72.54,134.56,0.8732,1,-1,-1
345,54,843.02,389.70,33.58,71.39,0.4140,1,-1,-1
345,36,1513.42,740.65,56.76,137.23,0.3522,1,-1,-1
345,63,187.10,194.22,79.70,34.54,0.6058,4,-1,-1
345,69,1489.55,541.14,55.04,106.29,0.5156,1,-1,-1
345,4,852.10,431.11,32.54,73.96,0.5583,1,-1,-1
345,53,1487.01,526.75,71.33,119.34,0.5370,1,-1,-1
346,1,567.16,515.75,45.35,107.11,0.8105,1,-1,-1
346,3,422.01,941.43,58.22,130.61,0.6960,1,-1,-1
346,5,452.77,982.02,107.82,97.98,0.3630,1,-1,-1
346,0,394.25,673.36,73.16,135.47,0.8864,1,-1,-1
346,54,842.66,387.32,34.79,73.78,0.4369,1,-1,-1
346,36,1510.93,726.84,60.74,146.63,0.8069,1,-1,-1
346,63,184.31,191.47,81.84,35.52,0.6689,4,-1,-1
346,69,1490.79,539.98,55.40,105.88,0.6826,1,-1,-1
346,4,851.61,426.88,32.94,74.97,0.5409,1,-1,-1
346,53,1486.81,518.54,74.61,126.03,0.2050,1,-1,-1
347,1,567.48,513.39,45.07,106.59,0.8019,1,-1,-1
347,3,421.46,938.26,58.74,131.83,0.6388,1,-1,-1
347,5,454.17,978.36,109.82,101.64,0.4678,1,-1,-1
347,0,393.90,669.71,73.73,136.52,0.8732,1,-1,-1
347,54,840.75,384.29,36.66,77.68,0.4630,1,-1,-1
347,36,1509.58,719.86,62.22,150.19,0.8510,1,-1,-1
347,63,190.11,188.43,77.05,33.67,0.6049,4,-1,-1
347,4,851.85,423.73,32.10,73.04,0.4562,1,-1,-1
347,53,1487.24,522.90,69.78,118.67,0.6584,1,-1,-1
348,1,568.02,509.01,44.68,106.04,0.7853,1,-1,-1
348,3,421.45,933.56,58.08,131.35,0.6151,1,-1,-1
348,5,452.59,973.03,113.16,106.97,0.4785,1,-1,-1
348,0,394.14,665.76,74.75,138.01,0.8558,1,-1,-1
348,54,840.88,380.02,36.01,76.26,0.4805,1,-1,-1
348,36,1508.00,714.85,62.58,151.24,0.8267,1,-1,-1
348,63,186.43,184.15,79.39,34.70,0.6086,4,-1,-1
348,4,852.63,420.81,31.51,71.54,0.4971,1,-1,-1
348,69,1488.75,529.89,56.16,107.52,0.7520,1,-1,-1
349,1,567.51,503.41,44.59,106.12,0.7691,1,-1,-1
349,3,421.26,926.87,59.14,135.64,0.6316,1,-1,-1
349,5,451.49,966.77,116.73,113.08,0.4263,1,-1,-1
349,0,393.28,660.20,72.72,135.00,0.8019,1,-1,-1
349,54,840.77,374.84,36.54,77.52,0.5458,1,-1,-1
349,36,1507.09,708.23,62.60,151.57,0.7417,1,-1,-1
349,63,182.38,178.55,81.51,35.45,0.6628,4,-1,-1
349,4,851.48,413.46,32.23,72.97,0.5117,1,-1,-1
349,69,1488.17,524.37,56.38,107.99,0.7202,1,-1,-1
350,1,567.22,497.05,44.66,106.73,0.7866,1,-1,-1
350,3,421.13,919.16,61.53,143.89,0.5889,1,-1,-1
350,5,449.65,958.97,121.08,120.97,0.1678,2,-1,-1
350,0,394.19,653.71,73.34,136.04,0.8366,1,-1,-1
350,54,842.58,367.99,36.33,77.02,0.4121,1,-1,-1
350,36,1507.04,701.89,62.24,151.89,0.7759,1,-1,-1
350,63,186.78,170.91,80.45,35.44,0.5775,4,-1,-1
350,4,850.63,407.65,32.03,72.24,0.1582,1,-1,-1
350,69,1487.82,518.67,56.13,107.14,0.5756,1,-1,-1
350,72,1091.80,365.77,31.69,75.45,0.5458,1,-1,-1
350,73,1396.58,188.12,18.60,47.31,0.4815,1,-1,-1
351,1,568.12,490.52,44.22,105.78,0.7606,1,-1,-1
351,3,420.65,911.37,61.72,146.24,0.3303,1,-1,-1
351,5,451.52,950.42,123.33,127.37,0.3398,2,-1,-1
351,0,394.49,646.25,73.76,136.93,0.7663,1,-1,-1
351,54,841.86,361.04,35.24,74.81,0.3433,1,-1,-1
351,36,1506.15,694.18,61.73,152.23,0.6943,1,-1,-1
351,63,178.41,163.17,85.40,37.60,0.5746,4,-1,-1
351,4,850.95,400.42,31.35,70.74,0.3630,1,-1,-1
351,69,1486.82,510.42,56.34,108.22,0.5737,1,-1,-1
351,72,1094.41,359.26,31.28,74.52,0.5574,1,-1,-1
351,73,1397.07,181.53,18.59,47.32,0.3748,1,-1,-1
352,1,567.60,481.11,44.53,106.70,0.7592,1,-1,-1
352,3,421.53,900.81,65.69,158.00,0.1541,1,-1,-1
352,5,453.59,939.54,126.30,135.45,0.1836,2,-1,-1
352,0,394.11,637.93,73.85,137.81,0.8199,1,-1,-1
352,54,840.72,352.85,38.36,81.63,0.4591,1,-1,-1
352,36,1504.55,684.48,61.13,151.87,0.7009,1,-1,-1
352,63,173.43,153.61,88.81,39.17,0.4951,4,-1,-1
352,4,848.84,386.71,33.64,76.09,0.3794,1,-1,-1
352,69,1486.63,502.72,56.37,108.77,0.6637,1,-1,-1
352,72,1096.60,349.30,31.56,75.29,0.5746,1,-1,-1
352,73,1398.01,172.79,17.47,44.39,0.3099,1,-1,-1
353,1,567.72,471.84,44.50,106.73,0.7969,1,-1,-1
353,3,420.56,890.31,65.65,160.11,0.4407,1,-1,-1
353,0,395.12,628.28,74.27,138.24,0.8245,1,-1,-1
353,54,840.50,343.36,40.86,87.45,0.2576,1,-1,-1
353,36,1503.39,675.09,60.93,152.17,0.3812,1,-1,-1
353,63,170.65,144.04,91.17,40.39,0.5860,4,-1,-1
353,69,1488.97,493.83,56.82,109.12,0.1999,1,-1,-1
353,72,1099.47,341.07,31.20,74.35,0.2422,1,-1,-1
354,1,567.30,462.30,44.51,107.27,0.7506,1,-1,-1
354,3,423.06,879.28,62.64,155.44,0.5293,1,-1,-1
354,0,395.80,618.51,75.38,140.26,0.8117,1,-1,-1
354,54,838.55,332.84,45.08,98.24,0.2568,1,-1,-1
354,36,1502.54,666.29,60.70,152.07,0.1603,3,-1,-1
354,63,167.62,133.41,93.86,41.80,0.6067,4,-1,-1
354,72,1101.50,331.47,31.48,75.32,0.2958,1,-1,-1
355,1,566.97,452.18,44.63,107.98,0.7621,1,-1,-1
355,3,424.45,867.32,60.22,151.01,0.4417,1,-1,-1
355,0,396.08,607.87,76.11,141.70,0.8267,1,-1,-1
355,54,837.90,325.42,47.44,105.67,0.3057,1,-1,-1
355,36,1500.75,655.46,61.15,153.15,0.3478,3,-1,-1
355,63,167.87,121.65,95.31,43.09,0.2180,4,-1,-1
355,77,552.85,891.32,56.90,170.36,0.5312,1,-1,-1
356,1,567.19,441.68,43.99,106.74,0.7606,1,-1,-1
356,3,426.61,854.60,59.51,151.89,0.5332,1,-1,-1
356,0,396.35,597.16,75.06,139.97,0.8490,1,-1,-1
356,54,839.34,313.83,44.44,100.17,0.1739,1,-1,-1
356,36,1498.94,646.01,60.41,151.06,0.3567,3,-1,-1
356,63,161.02,108.88,97.70,44.27,0.2783,4,-1,-1
356,77,553.53,881.90,57.39,171.28,0.5117,1,-1,-1
357,1,566.96,429.89,44.07,107.30,0.7432,1,-1,-1
357,3,427.94,842.13,59.89,154.74,0.5487,1,-1,-1
357,0,396.30,585.43,74.90,140.02,0.8439,1,-1,-1
357,54,838.76,307.35,45.20,103.63,0.2436,1,-1,-1
357,36,1495.89,633.21,60.41,151.69,0.5429,1,-1,-1
357,77,554.93,869.87,57.22,170.00,0.5487,1,-1,-1
358,1,568.11,418.55,43.77,106.35,0.7606,1,-1,-1
358,3,430.92,830.63,59.05,153.42,0.5351,1,-1,-1
358,0,395.88,574.19,74.36,139.74,0.8245,1,-1,-1
358,54,838.21,292.48,45.94,107.58,0.1700,1,-1,-1
358,36,1491.54,622.39,60.15,150.11,0.6334,1,-1,-1
358,77,554.78,856.54,57.87,171.25,0.5020,1,-1,-1
359,1,567.96,406.47,43.89,106.47,0.7506,1,-1,-1
359,3,432.29,817.99,57.99,151.59,0.5409,1,-1,-1
359,0,394.23,562.52,73.52,140.02,0.7982,1,-1,-1
359,54,838.68,278.27,41.09,96.21,0.3191,1,-1,-1
359,36,1490.51,610.36,59.56,148.91,0.7447,1,-1,-1
359,77,556.12,844.27,57.22,168.60,0.4484,1,-1,-1
360,1,568.03,394.88,43.92,106.29,0.7592,1,-1,-1
360,3,434.51,805.85,56.03,146.76,0.4951,1,-1,-1
360,0,394.26,551.27,72.38,139.19,0.8129,1,-1,-1
360,54,839.37,265.40,37.80,88.47,0.1739,1,-1,-1
360,36,1487.37,598.06,60.50,150.01,0.4659,1,-1,-1
360,77,553.36,833.41,57.27,167.60,0.1168,2,-1,-1
361,1,567.80,384.29,44.03,106.20,0.7417,1,-1,-1
361,3,434.65,795.12,57.55,151.56,0.5098,1,-1,-1
361,0,395.96,540.55,72.20,139.01,0.8176,1,-1,-1
361,54,840.89,253.47,35.84,84.07,0.3886,1,-1,-1
361,36,1483.79,587.63,61.26,149.69,0.7326,1,-1,-1
361,77,555.49,821.82,58.17,168.42,0.4717,1,-1,-1
362,1,566.78,374.75,44.37,107.12,0.7773,1,-1,-1
362,3,436.25,786.37,56.26,147.94,0.4980,1,-1,-1
362,0,398.42,531.43,72.09,137.74,0.8418,1,-1,-1
362,54,841.46,243.35,35.58,83.39,0.3739,1,-1,-1
362,36,1478.08,577.79,63.17,150.23,0.7840,1,-1,-1
362,77,556.21,811.42,59.13,168.96,0.4273,1,-1,-1
363,1,567.05,367.10,44.64,107.20,0.8032,1,-1,-1
363,3,436.27,778.07,58.24,153.47,0.5641,1,-1,-1
363,0,399.08,523.54,72.96,138.36,0.8429,1,-1,-1
363,54,839.17,235.12,36.46,85.77,0.3766,1,-1,-1
363,36,1474.31,569.57,64.71,150.78,0.8480,1,-1,-1
363,77,559.37,804.20,59.34,167.93,0.5370,1,-1,-1
364,1,566.92,360.97,44.39,106.31,0.7892,1,-1,-1
364,3,436.63,771.68,58.28,154.62,0.6243,1,-1,-1
364,0,398.86,518.21,73.87,139.09,0.8256,1,-1,-1
364,54,837.95,228.31,37.15,87.28,0.5380,1,-1,-1
364,36,1472.45,563.08,65.77,150.57,0.8387,1,-1,-1
364,77,559.10,797.50,60.08,168.10,0.5718,1,-1,-1
364,79,157.74,22.91,86.36,38.79,0.4746,4,-1,-1
365,1,566.47,355.30,45.21,107.90,0.8019,1,-1,-1
365,3,436.77,765.86,58.90,157.24,0.5622,1,-1,-1
365,0,397.95,513.11,75.65,142.16,0.7356,1,-1,-1
365,54,837.58,222.53,37.16,87.22,0.5088,1,-1,-1
365,36,1471.66,558.86,66.19,149.27,0.8408,1,-1,-1
365,77,561.04,791.93,60.20,167.67,0.5564,1,-1,-1
365,79,159.03,17.88,86.04,38.69,0.3766,4,-1,-1
365,83,1493.32,354.72,72.82,131.46,0.4912,1,-1,-1
366,1,566.63,351.36,45.16,107.38,0.7957,1,-1,-1
366,3,437.09,762.37,58.69,157.25,0.5870,1,-1,-1
366,0,399.42,508.21,74.37,138.65,0.8129,1,-1,-1
366,54,837.80,217.60,38.12,89.64,0.4581,1,-1,-1
366,36,1470.69,554.06,66.76,148.66,0.8578,1,-1,-1
366,77,562.06,787.39,60.77,168.58,0.6478,1,-1,-1
366,79,153.24,10.85,89.97,40.48,0.4932,4,-1,-1
366,83,1493.36,355.96,70.53,127.17,0.3320,1,-1,-1
366,72,1129.96,222.54,33.19,78.31,0.5535,1,-1,-1
367,1,566.55,348.27,44.57,105.62,0.7931,1,-1,-1
367,3,437.20,760.16,58.03,156.20,0.5718,1,-1,-1
367,0,399.85,505.28,73.48,135.57,0.8429,1,-1,-1
367,54,837.49,213.60,37.09,86.87,0.5078,1,-1,-1
367,36,1469.50,550.82,67.15,148.10,0.8278,1,-1,-1
367,77,562.15,784.79,60.66,168.06,0.5234,1,-1,-1
367,79,150.14,7.03,91.26,41.02,0.6243,4,-1,-1
367,83,1493.47,348.73,72.42,130.46,0.6261,1,-1,-1
367,72,1133.14,217.13,32.90,77.36,0.5554,1,-1,-1
368,1,566.68,345.45,44.77,105.78,0.8093,1,-1,-1
368,3,437.58,758.41,58.31,157.05,0.4834,1,-1,-1
368,0,399.50,503.17,73.12,133.97,0.8549,1,-1,-1
368,54,837.52,211.56,35.09,81.56,0.5000,1,-1,-1
368,36,1468.39,547.47,68.10,149.17,0.8418,1,-1,-1
368,77,562.54,783.48,60.46,166.87,0.5059,1,-1,-1
368,79,153.41,4.97,85.79,38.43,0.5823,4,-1,-1
368,83,1493.51,342.98,74.05,133.20,0.5794,1,-1,-1
368,72,1135.51,214.18,32.68,77.06,0.6252,1,-1,-1
369,1,567.16,343.61,45.58,107.23,0.8233,1,-1,-1
369,3,438.17,756.98,58.65,157.79,0.4883,1,-1,-1
369,0,398.91,501.42,73.79,134.50,0.8549,1,-1,-1
369,54,837.65,210.41,35.33,81.03,0.4045,1,-1,-1
369,36,1466.92,545.50,68.88,150.07,0.8418,1,-1,-1
369,77,563.87,782.86,60.45,166.24,0.5983,1,-1,-1
369,79,154.25,3.03,85.95,38.47,0.4610,4,-1,-1
369,83,1493.40,342.25,73.75,132.40,0.4465,1,-1,-1
369,72,1138.40,212.86,32.21,76.38,0.7334,1,-1,-1
370,1,567.24,343.23,45.64,107.01,0.8164,1,-1,-1
370,3,438.10,756.81,58.66,158.25,0.4824,1,-1,-1
370,0,398.72,500.86,74.61,135.35,0.8470,1,-1,-1
370,54,839.62,209.33,35.11,79.46,0.3785,1,-1,-1
370,36,1466.16,544.97,69.02,149.96,0.8311,1,-1,-1
370,77,564.67,782.89,60.46,165.74,0.5699,1,-1,-1
370,79,155.53,1.87,85.87,38.43,0.4158,4,-1,-1
370,83,1493.15,343.81,72.72,130.28,0.5641,1,-1,-1
370,72,1140.42,212.38,31.87,75.45,0.6984,1,-1,-1
371,1,567.24,343.42,45.69,106.82,0.8176,1,-1,-1
371,3,438.56,756.82,58.63,158.14,0.4961,1,-1,-1
371,0,398.56,500.86,75.13,135.77,0.8490,1,-1,-1
371,54,838.76,209.13,35.27,78.88,0.3748,1,-1,-1
371,36,1464.83,544.51,70.11,152.33,0.8418,1,-1,-1
371,77,565.08,782.96,60.67,165.91,0.5622,1,-1,-1
371,79,156.84,1.65,84.93,38.00,0.4263,4,-1,-1
371,83,1494.02,340.82,74.34,133.00,0.5293,1,-1,-1
371,72,1143.37,212.04,32.25,75.64,0.5448,1,-1,-1
372,1,567.16,343.69,45.78,106.75,0.8199,1,-1,-1
372,3,438.63,757.19,58.48,157.73,0.4893,1,-1,-1
372,0,398.53,501.00,75.46,135.96,0.8480,1,-1,-1
372,54,838.38,209.20,35.32,78.24,0.3757,1,-1,-1
372,36,1464.01,544.39,70.89,154.33,0.8322,1,-1,-1
372,77,565.59,782.99,61.00,166.27,0.5078,1,-1,-1
372,79,157.95,1.66,84.34,37.78,0.3812,4,-1,-1
372,83,1494.50,346.34,71.41,127.63,0.4630,1,-1,-1
372,72,1144.49,212.10,32.70,75.96,0.1993,1,-1,-1
373,1,567.07,343.94,45.90,106.77,0.8199,1,-1,-1
373,3,438.55,757.57,58.59,157.99,0.5000,1,-1,-1
373,0,398.44,501.10,75.70,135.99,0.8490,1,-1,-1
373,54,839.63,209.45,35.20,77.44,0.3812,1,-1,-1
373,36,1463.61,544.68,71.68,156.40,0.8322,1,-1,-1
373,77,565.29,783.37,61.19,166.29,0.4922,1,-1,-1
373,79,159.29,1.86,83.23,37.33,0.3877,4,-1,-1
373,83,1494.79,347.71,70.71,126.36,0.4552,1,-1,-1
373,72,1146.25,212.02,32.98,75.81,0.3174,1,-1,-1
374,1,566.99,344.16,45.99,106.76,0.8210,1,-1,-1
374,3,438.30,757.99,58.72,158.37,0.4746,1,-1,-1
374,0,398.27,501.54,75.86,135.93,0.8520,1,-1,-1
374,54,838.60,209.76,35.47,77.51,0.3398,1,-1,-1
374,36,1463.62,545.56,71.79,157.24,0.8300,1,-1,-1
374,77,564.49,783.86,61.25,166.15,0.4523,1,-1,-1
374,79,160.08,2.09,82.38,36.99,0.4225,4,-1,-1
374,83,1496.06,350.53,68.93,123.47,0.4941,1,-1,-1
374,72,1148.57,213.92,32.65,74.42,0.2436,1,-1,-1
375,1,566.91,344.38,46.07,106.78,0.8210,1,-1,-1
375,3,438.21,758.20,58.95,158.96,0.4465,1,-1,-1
375,0,398.08,501.97,76.10,136.10,0.8520,1,-1,-1
375,54,838.02,210.04,35.75,77.80,0.3585,1,-1,-1
375,36,1463.95,546.42,71.59,157.53,0.8081,1,-1,-1
375,77,563.90,784.31,61.40,166.07,0.4301,1,-1,-1
375,79,161.07,2.27,81.69,36.77,0.3858,4,-1,-1
375,83,1499.24,354.27,67.34,120.17,0.4426,1,-1,-1
376,1,566.61,344.46,46.05,106.82,0.8117,1,-1,-1
376,3,438.44,758.21,59.14,158.74,0.3140,1,-1,-1
376,0,398.40,502.59,75.69,134.94,0.8558,1,-1,-1
376,54,839.56,209.97,34.82,75.36,0.2862,1,-1,-1
376,36,1464.60,547.89,71.56,157.65,0.8355,1,-1,-1
376,77,563.68,784.91,61.99,166.54,0.3933,1,-1,-1
376,83,1498.79,346.18,71.84,128.76,0.6352,1,-1,-1
377,1,566.56,344.60,46.03,106.75,0.8129,1,-1,-1
377,3,437.89,759.27,59.14,158.22,0.3260,1,-1,-1
377,0,398.48,503.09,75.59,134.35,0.8539,1,-1,-1
377,54,840.19,209.97,34.69,74.64,0.3115,1,-1,-1
377,36,1465.01,549.11,71.23,157.18,0.8449,1,-1,-1
377,77,563.13,785.24,62.34,166.95,0.4177,1,-1,-1
377,83,1499.06,343.16,73.46,132.09,0.6460,1,-1,-1
377,72,1157.62,217.81,31.93,70.71,0.5603,1,-1,-1
378,1,566.65,344.81,46.02,106.66,0.8117,1,-1,-1
378,3,438.44,760.14,59.27,157.72,0.2628,1,-1,-1
378,0,398.38,503.49,75.79,134.30,0.8549,1,-1,-1
378,54,840.33,210.17,34.73,74.32,0.3217,1,-1,-1
378,36,1465.23,549.92,70.92,156.80,0.8439,1,-1,-1
378,77,563.05,785.52,62.70,167.50,0.4980,1,-1,-1
378,83,1499.28,341.44,74.22,133.70,0.5983,1,-1,-1
378,72,1160.25,218.32,31.27,69.11,0.6234,1,-1,-1
379,1,566.72,344.97,46.07,106.67,0.8129,1,-1,-1
379,3,438.14,761.36,59.08,156.85,0.4073,1,-1,-1
379,0,398.06,503.84,76.05,134.30,0.8625,1,-1,-1
379,54,840.31,210.47,35.06,74.67,0.3363,1,-1,-1
379,36,1465.40,550.67,70.64,156.45,0.8376,1,-1,-1
379,77,562.87,785.76,62.78,167.59,0.5176,1,-1,-1
379,83,1499.26,339.86,75.02,135.40,0.6225,1,-1,-1
379,72,1164.55,217.55,31.79,69.25,0.7272,1,-1,-1
380,1,566.78,345.11,46.17,106.79,0.8105,1,-1,-1
380,3,438.09,762.03,59.12,156.86,0.3639,1,-1,-1
380,0,397.62,504.10,76.28,134.20,0.8679,1,-1,-1
380,54,840.43,210.77,35.30,74.88,0.3225,1,-1,-1
380,36,1466.12,551.21,70.59,156.52,0.8256,1,-1,-1
380,77,563.08,786.05,62.91,167.78,0.5195,1,-1,-1
380,83,1499.15,338.81,75.43,136.44,0.6406,1,-1,-1
380,72,1166.87,217.15,32.44,70.63,0.7424,1,-1,-1
381,1,566.90,345.16,46.26,106.89,0.8117,1,-1,-1
381,3,437.23,762.41,59.20,157.28,0.2902,1,-1,-1
381,0,397.34,504.10,76.72,134.51,0.8679,1,-1,-1
381,54,840.25,210.90,35.61,75.29,0.3803,1,-1,-1
381,36,1466.20,552.18,70.14,155.77,0.8222,1,-1,-1
381,77,563.21,786.40,63.28,168.37,0.5506,1,-1,-1
381,83,1499.22,338.88,75.42,136.57,0.6943,1,-1,-1
381,72,1170.41,217.06,33.12,71.61,0.6049,1,-1,-1
382,1,566.98,345.24,46.30,106.91,0.8105,1,-1,-1
382,3,436.55,762.20,58.42,155.80,0.3785,1,-1,-1
382,0,397.02,504.22,77.24,134.91,0.8670,1,-1,-1
382,54,840.10,211.21,36.00,75.66,0.4282,1,-1,-1
382,36,1466.41,552.85,69.84,155.38,0.8117,1,-1,-1
382,77,562.83,786.65,63.57,168.81,0.4883,1,-1,-1
382,83,1499.34,340.90,74.35,134.78,0.6926,1,-1,-1
382,72,1172.42,217.95,32.98,70.53,0.6197,1,-1,-1
383,1,566.97,345.29,46.35,107.00,0.8117,1,-1,-1
383,3,436.04,762.29,58.04,155.26,0.3868,1,-1,-1
383,0,396.69,504.55,77.54,134.88,0.8643,1,-1,-1
383,54,839.99,211.25,36.48,76.29,0.4111,1,-1,-1
383,36,1466.45,553.22,69.51,155.03,0.7957,1,-1,-1
383,77,562.65,786.85,63.97,169.22,0.4436,1,-1,-1
383,83,1499.25,342.45,73.48,133.39,0.6792,1,-1,-1
383,72,1173.96,217.08,33.00,70.40,0.5879,1,-1,-1
383,86,1502.61,365.72,58.15,111.47,0.5651,1,-1,-1
384,1,566.92,345.35,46.40,107.20,0.8117,1,-1,-1
384,3,436.37,762.24,56.66,151.83,0.4873,1,-1,-1
384,0,396.51,504.99,77.72,134.58,0.8625,1,-1,-1
384,54,840.09,211.27,36.57,75.96,0.3951,1,-1,-1
384,36,1468.07,553.78,69.63,155.20,0.7705,1,-1,-1
384,77,561.90,787.09,64.43,169.65,0.3895,1,-1,-1
384,83,1499.50,343.77,72.79,132.19,0.6406,1,-1,-1
384,86,1501.43,365.36,58.33,111.87,0.5784,1,-1,-1
385,1,566.95,345.42,46.39,107.21,0.8152,1,-1,-1
385,3,436.09,762.13,56.46,151.80,0.5983,1,-1,-1
385,0,396.36,505.51,78.13,134.64,0.8715,1,-1,-1
385,54,840.30,211.18,36.39,75.23,0.3923,1,-1,-1
385,36,1468.74,554.14,69.77,155.45,0.8056,1,-1,-1
385,77,562.07,787.15,64.75,170.08,0.4562,1,-1,-1
385,83,1500.16,341.67,74.09,134.32,0.7154,1,-1,-1
385,86,1500.37,363.63,59.06,113.46,0.5254,1,-1,-1
386,1,567.01,345.51,46.34,107.11,0.8164,1,-1,-1
386,3,435.84,762.18,55.92,150.96,0.6132,1,-1,-1
386,0,396.16,505.91,78.15,133.91,0.8783,1,-1,-1
386,54,839.93,211.17,36.51,75.01,0.3217,1,-1,-1
386,36,1469.28,554.73,69.61,155.00,0.7840,1,-1,-1
386,77,561.80,788.13,64.36,169.59,0.4932,1,-1,-1
386,83,1500.45,340.96,74.49,134.91,0.6567,1,-1,-1
386,86,1500.24,364.29,58.62,112.90,0.5651,1,-1,-1
387,1,567.07,345.64,46.22,106.86,0.8164,1,-1,-1
387,3,434.89,761.88,56.69,153.81,0.6225,1,-1,-1
387,0,395.92,506.06,78.58,133.94,0.8766,1,-1,-1
387,54,837.78,211.21,37.18,75.96,0.2878,1,-1,-1
387,36,1469.99,555.34,69.43,154.54,0.7677,1,-1,-1
387,77,561.68,788.53,64.24,169.52,0.5351,1,-1,-1
387,83,1500.42,342.78,73.46,133.11,0.5718,1,-1,-1
387,86,1500.34,365.40,58.03,112.13,0.5651,1,-1,-1
388,1,567.10,345.74,46.12,106.70,0.8152,1,-1,-1
388,3,436.17,761.95,55.93,152.26,0.6689,1,-1,-1
388,0,395.47,506.07,78.79,133.73,0.8832,1,-1,-1
388,54,836.80,211.24,37.60,76.48,0.2862,1,-1,-1
388,36,1470.50,556.02,69.21,154.03,0.7432,1,-1,-1
388,77,561.83,788.82,64.28,169.67,0.5137,1,-1,-1
388,83,1499.66,344.27,72.30,131.56,0.5351,1,-1,-1
388,86,1499.98,365.16,57.95,112.54,0.5612,1,-1,-1
389,1,567.00,345.87,45.98,106.45,0.8187,1,-1,-1
389,3,435.57,762.18,56.72,154.84,0.7025,1,-1,-1
389,0,395.04,506.06,79.22,133.98,0.8832,1,-1,-1
389,54,836.26,211.27,37.94,76.87,0.2934,1,-1,-1
389,36,1470.41,556.16,69.32,154.20,0.7853,1,-1,-1
389,77,562.04,789.01,64.45,170.07,0.5603,1,-1,-1
389,83,1500.29,343.40,72.89,132.68,0.5718,1,-1,-1
389,86,1500.08,364.47,58.16,113.60,0.5380,1,-1,-1
390,1,566.88,345.94,45.87,106.29,0.8210,1,-1,-1
390,3,436.71,762.41,57.62,156.89,0.7202,1,-1,-1
390,0,394.64,505.92,79.34,133.80,0.8741,1,-1,-1
390,54,836.17,211.29,38.24,77.26,0.2674,1,-1,-1
390,36,1469.87,555.97,69.45,154.38,0.7866,1,-1,-1
390,77,562.25,788.35,64.86,170.64,0.5775,1,-1,-1
390,83,1499.49,345.59,71.32,130.66,0.4854,1,-1,-1
390,86,1500.67,365.24,57.59,113.14,0.5467,1,-1,-1
391,1,567.02,345.86,45.96,106.43,0.8187,1,-1,-1
391,3,436.49,762.45,58.28,158.19,0.7402,1,-1,-1
391,0,394.26,506.34,78.80,132.65,0.8856,1,-1,-1
391,54,836.95,211.36,38.41,77.87,0.2720,1,-1,-1
391,36,1469.78,555.66,68.95,153.36,0.7800,1,-1,-1
391,77,562.58,788.88,65.05,171.35,0.5409,1,-1,-1
391,83,1501.73,343.21,72.48,132.40,0.6021,1,-1,-1
391,86,1501.17,363.21,57.60,113.97,0.4562,1,-1,-1
392,1,567.08,345.84,45.99,106.46,0.8199,1,-1,-1
392,3,434.88,762.85,58.42,158.42,0.7432,1,-1,-1
392,0,393.25,506.36,78.68,132.77,0.8706,1,-1,-1
392,54,837.16,211.64,38.83,79.16,0.3191,1,-1,-1
392,36,1469.96,555.64,68.80,153.01,0.7813,1,-1,-1
392,77,562.91,789.38,64.98,171.33,0.5622,1,-1,-1
392,83,1502.52,342.17,73.31,133.46,0.7138,1,-1,-1
392,86,1501.22,362.34,57.61,114.71,0.3942,1,-1,-1
393,1,566.97,345.94,46.01,106.52,0.8210,1,-1,-1
393,3,433.96,763.07,58.33,158.65,0.7122,1,-1,-1
393,0,392.32,506.25,78.42,132.82,0.8706,1,-1,-1
393,54,837.54,211.85,38.84,79.57,0.3074,1,-1,-1
393,36,1470.18,555.76,68.83,153.10,0.7918,1,-1,-1
393,77,562.69,789.63,64.89,171.31,0.5660,1,-1,-1
393,83,1502.55,341.42,74.01,134.39,0.7154,1,-1,-1
393,86,1501.45,362.50,57.26,114.73,0.4102,1,-1,-1
394,1,566.83,346.06,46.03,106.63,0.8199,1,-1,-1
394,3,434.04,763.23,58.13,158.48,0.7090,1,-1,-1
394,0,391.43,506.03,78.00,132.57,0.8568,1,-1,-1
394,54,837.68,212.19,38.55,79.47,0.2854,1,-1,-1
394,36,1470.19,555.84,68.92,153.39,0.7944,1,-1,-1
394,77,562.49,789.73,64.86,171.30,0.5429,1,-1,-1
394,83,1502.42,341.14,74.49,134.94,0.7122,1,-1,-1
394,86,1501.85,363.04,56.68,114.31,0.4941,1,-1,-1
395,1,566.78,346.20,46.09,106.86,0.8164,1,-1,-1
395,3,434.39,763.36,57.93,158.34,0.7106,1,-1,-1
395,0,390.64,505.77,77.72,132.63,0.8366,1,-1,-1
395,54,837.79,212.47,37.92,78.55,0.2494,1,-1,-1
395,36,1470.13,555.84,68.92,153.54,0.7813,1,-1,-1
395,77,562.20,789.96,64.84,171.22,0.5137,1,-1,-1
395,83,1502.30,340.68,75.01,135.67,0.6876,1,-1,-1
395,86,1502.16,363.41,56.22,114.21,0.5049,1,-1,-1
396,1,566.80,346.27,46.17,107.13,0.8164,1,-1,-1
396,3,433.96,763.53,57.82,158.37,0.7186,1,-1,-1
396,0,389.72,505.64,77.63,133.20,0.8256,1,-1,-1
396,54,836.96,212.41,38.99,81.18,0.2606,1,-1,-1
396,36,1470.38,556.13,69.06,154.00,0.8069,1,-1,-1
396,77,562.17,789.96,64.94,171.28,0.5332,1,-1,-1
396,83,1502.14,339.46,75.78,137.07,0.7186,1,-1,-1
396,86,1502.15,361.22,56.88,116.62,0.4244,1,-1,-1
397,1,566.81,346.30,46.29,107.47,0.8152,1,-1,-1
397,3,433.81,764.04,57.68,158.37,0.6758,1,-1,-1
397,0,389.08,505.36,77.72,134.14,0.8141,1,-1,-1
397,54,834.21,212.30,42.42,89.41,0.2689,1,-1,-1
397,36,1470.49,556.24,69.19,154.42,0.8117,1,-1,-1
397,77,562.22,789.96,65.11,171.36,0.5467,1,-1,-1
397,83,1501.98,338.61,76.28,137.97,0.7387,1,-1,-1
397,86,1502.19,360.29,56.89,117.64,0.3989,1,-1,-1
398,1,566.78,346.32,46.37,107.77,0.8129,1,-1,-1
398,3,433.81,764.54,57.49,158.24,0.6758,1,-1,-1
398,0,388.86,505.20,77.23,133.95,0.8152,1,-1,-1
398,54,832.36,210.66,45.64,98.24,0.3107,1,-1,-1
398,36,1470.67,556.40,69.22,154.63,0.8141,1,-1,-1
398,77,562.29,789.81,65.27,171.54,0.5467,1,-1,-1
398,83,1501.81,338.34,76.45,138.37,0.7154,1,-1,-1
398,86,1502.34,360.38,56.48,117.54,0.5088,1,-1,-1
399,1,566.73,346.33,46.37,107.97,0.8105,1,-1,-1
399,3,434.56,765.10,57.21,157.99,0.6637,1,-1,-1
399,0,388.18,504.96,77.63,135.70,0.8199,1,-1,-1
399,54,834.48,211.73,43.45,94.11,0.3451,1,-1,-1
399,36,1470.59,556.28,69.07,154.41,0.7982,1,-1,-1
399,77,562.64,789.75,65.46,171.79,0.5351,1,-1,-1
399,83,1501.73,338.31,76.40,138.37,0.6960,1,-1,-1
399,86,1502.56,361.67,55.62,116.38,0.5380,1,-1,-1
400,1,566.78,346.34,46.27,107.95,0.8081,1,-1,-1
400,3,434.29,765.50,57.08,157.86,0.6706,1,-1,-1
400,0,386.15,504.47,77.39,137.19,0.7994,1,-1,-1
400,54,834.82,212.21,43.55,95.21,0.3970,1,-1,-1
400,36,1470.54,556.17,69.06,154.45,0.8117,1,-1,-1
400,77,562.54,789.79,65.56,171.94,0.5545,1,-1,-1
400,83,1501.40,337.86,76.56,138.97,0.6809,1,-1,-1
400,86,1503.10,363.70,54.51,114.49,0.5593,1,-1,-1
401,1,566.89,346.41,46.15,107.82,0.8093,1,-1,-1
401,3,433.83,765.86,57.07,157.78,0.6637,1,-1,-1
401,0,385.19,504.17,76.79,138.00,0.7982,1,-1,-1
401,54,834.42,212.45,44.37,98.04,0.4571,1,-1,-1
401,36,1470.52,556.04,69.13,154.65,0.8117,1,-1,-1
401,77,562.42,789.01,65.79,172.36,0.5390,1,-1,-1
401,83,1501.39,337.51,76.44,139.15,0.6943,1,-1,-1
401,86,1503.24,363.94,54.00,114.08,0.5263,1,-1,-1
402,1,567.03,346.53,46.11,107.78,0.8056,1,-1,-1
402,3,433.46,766.37,56.98,157.31,0.6602,1,-1,-1
402,0,385.63,504.01,76.27,138.41,0.8032,1,-1,-1
402,54,833.59,212.51,44.47,98.72,0.4630,1,-1,-1
402,36,1470.62,555.93,69.09,154.60,0.8129,1,-1,-1
402,77,561.67,789.27,65.64,171.93,0.5156,1,-1,-1
402,83,1501.53,337.86,76.06,138.84,0.7264,1,-1,-1
402,86,1503.24,362.41,54.31,115.51,0.5176,1,-1,-1
403,1,567.12,346.61,46.07,107.74,0.8032,1,-1,-1
403,3,433.34,766.74,56.93,156.91,0.6478,1,-1,-1
403,0,386.56,503.86,75.91,138.62,0.8069,1,-1,-1
403,54,833.57,212.63,43.50,96.84,0.4562,1,-1,-1
403,36,1470.87,555.86,69.04,154.51,0.8069,1,-1,-1
403,77,561.01,789.62,65.49,171.57,0.4863,1,-1,-1
403,83,1501.88,338.84,75.22,137.79,0.7280,1,-1,-1
403,86,1503.66,362.42,53.80,115.27,0.5477,1,-1,-1
404,1,567.15,346.68,45.93,107.51,0.8019,1,-1,-1
404,3,433.26,767.15,56.95,156.58,0.6514,1,-1,-1
404,0,386.98,503.72,75.39,138.40,0.8164,1,-1,-1
404,54,833.92,212.59,42.53,94.62,0.4436,1,-1,-1
404,36,1471.01,555.86,69.02,154.51,0.8105,1,-1,-1
404,77,560.80,789.69,65.43,171.55,0.5020,1,-1,-1
404,83,1502.06,339.44,74.63,137.22,0.7217,1,-1,-1
404,86,1504.35,362.80,53.26,114.68,0.5419,1,-1,-1
405,1,567.18,346.67,45.82,107.34,0.8007,1,-1,-1
405,3,433.48,767.57,56.95,156.14,0.6334,1,-1,-1
405,0,387.46,503.31,75.04,138.21,0.8311,1,-1,-1
405,54,834.02,212.63,41.98,93.21,0.4017,1,-1,-1
405,36,1471.17,555.87,69.04,154.57,0.8044,1,-1,-1
405,77,560.75,790.03,65.28,171.27,0.5020,1,-1,-1
405,83,1502.03,341.88,73.01,134.81,0.6637,1,-1,-1
405,86,1504.99,362.92,52.95,114.39,0.5477,1,-1,-1
406,1,567.22,346.73,45.54,106.72,0.7892,1,-1,-1
406,3,434.09,767.79,56.93,155.76,0.6169,1,-1,-1
406,0,388.05,502.94,74.29,136.99,0.8366,1,-1,-1
406,54,831.89,212.90,42.74,95.64,0.4054,1,-1,-1
406,36,1472.21,556.46,69.01,154.81,0.8300,1,-1,-1
406,77,559.97,791.12,65.07,170.69,0.3585,1,-1,-1
406,83,1502.15,340.43,73.45,136.31,0.7058,1,-1,-1
406,86,1504.95,361.44,53.22,116.08,0.3840,1,-1,-1
407,1,567.32,346.73,45.48,106.57,0.7879,1,-1,-1
407,3,434.65,768.29,56.84,155.35,0.6188,1,-1,-1
407,0,388.00,502.22,74.04,136.79,0.8267,1,-1,-1
407,54,830.96,213.18,43.10,96.83,0.3621,1,-1,-1
407,36,1472.54,556.68,68.85,154.81,0.8289,1,-1,-1
407,77,560.97,790.76,65.41,171.62,0.3748,1,-1,-1
407,83,1502.36,339.39,73.59,137.17,0.6496,1,-1,-1
407,86,1505.20,361.29,52.95,116.44,0.4961,1,-1,-1
408,1,567.28,346.69,45.47,106.55,0.7866,1,-1,-1
408,3,434.54,768.29,56.92,155.20,0.6114,1,-1,-1
408,0,387.15,501.00,73.79,137.06,0.8141,1,-1,-1
408,54,830.92,213.54,42.59,95.95,0.3522,1,-1,-1
408,36,1472.94,556.83,68.62,154.76,0.8333,1,-1,-1
408,77,559.88,791.39,65.13,170.95,0.3225,1,-1,-1
408,83,1502.22,338.57,73.77,138.10,0.6740,1,-1,-1
408,86,1505.75,362.02,52.52,115.98,0.5370,1,-1,-1
409,1,567.17,346.71,45.37,106.42,0.7866,1,-1,-1
409,3,434.40,768.49,56.89,155.02,0.5832,1,-1,-1
409,0,386.45,500.21,73.22,136.94,0.8199,1,-1,-1
409,54,831.65,213.52,42.23,95.23,0.2798,1,-1,-1
409,36,1473.28,556.94,68.42,154.72,0.8233,1,-1,-1
409,77,559.19,791.81,65.05,170.70,0.2759,1,-1,-1
409,83,1502.20,338.11,73.79,138.64,0.6619,1,-1,-1
409,86,1506.36,363.19,51.91,114.81,0.4951,1,-1,-1
410,1,567.01,346.72,45.29,106.46,0.7813,1,-1,-1
410,3,434.59,768.71,56.87,155.02,0.5927,1,-1,-1
410,0,385.81,499.16,73.33,137.82,0.8032,1,-1,-1
410,54,832.22,213.69,42.04,95.04,0.2323,1,-1,-1
410,36,1473.30,556.86,68.40,155.00,0.8300,1,-1,-1
410,77,557.89,791.75,65.21,170.82,0.2659,1,-1,-1
410,83,1501.99,337.48,73.73,139.18,0.6758,1,-1,-1
410,86,1506.33,363.67,51.35,114.02,0.5205,1,-1,-1
411,1,566.93,346.69,45.21,106.47,0.7800,1,-1,-1
411,3,435.00,768.85,56.80,155.03,0.5870,1,-1,-1
411,0,384.73,498.13,73.38,138.76,0.7944,1,-1,-1
411,54,832.79,213.72,41.92,95.47,0.2037,1,-1,-1
411,36,1473.72,556.89,68.14,154.87,0.8233,1,-1,-1
411,77,557.59,791.68,65.26,170.84,0.2674,1,-1,-1
411,83,1502.47,337.12,73.61,139.50,0.7402,1,-1,-1
411,86,1506.53,361.58,52.02,116.05,0.4149,1,-1,-1
412,1,566.99,346.65,45.15,106.55,0.7840,1,-1,-1
412,3,435.41,769.17,56.62,154.91,0.5889,1,-1,-1
412,0,384.54,498.16,73.42,138.99,0.8152,1,-1,-1
412,54,832.90,213.21,42.37,96.84,0.1640,1,-1,-1
412,36,1474.03,556.83,67.97,154.89,0.8267,1,-1,-1
412,77,556.90,791.47,65.36,171.03,0.2806,1,-1,-1
412,83,1502.67,336.91,73.57,139.86,0.7853,1,-1,-1
412,86,1506.60,360.46,52.35,117.15,0.4158,1,-1,-1
413,1,567.08,346.64,45.15,106.76,0.7853,1,-1,-1
413,3,435.73,769.28,56.34,154.69,0.5964,1,-1,-1
413,0,384.37,497.94,73.50,139.32,0.8210,1,-1,-1
413,54,838.04,212.80,38.81,89.14,0.2088,1,-1,-1
413,36,1474.28,556.87,67.86,155.06,0.8267,1,-1,-1
413,77,556.91,791.48,65.50,171.44,0.3040,1,-1,-1
413,83,1502.55,336.87,73.20,139.67,0.7520,1,-1,-1
413,86,1506.81,360.69,52.08,116.74,0.3961,1,-1,-1
414,1,567.17,346.60,45.15,106.90,0.7840,1,-1,-1
414,3,436.06,769.29,56.15,154.80,0.5946,1,-1,-1
414,0,383.69,497.48,73.28,139.24,0.7944,1,-1,-1
414,54,840.30,212.68,36.65,84.14,0.2282,1,-1,-1
414,36,1474.49,556.89,67.68,155.06,0.8333,1,-1,-1
414,77,556.43,791.29,65.69,171.85,0.3099,1,-1,-1
414,83,1502.89,336.71,72.94,139.69,0.7606,1,-1,-1
414,86,1506.91,361.03,51.87,116.57,0.4951,1,-1,-1
415,1,567.28,346.59,45.11,106.92,0.7866,1,-1,-1
415,3,435.99,769.25,56.05,155.00,0.5889,1,-1,-1
415,0,383.13,496.89,73.31,139.64,0.8152,1,-1,-1
415,54,839.78,212.69,36.73,84.00,0.2379,1,-1,-1
415,36,1474.72,556.95,67.45,154.98,0.8289,1,-1,-1
415,77,555.85,791.22,65.91,172.12,0.3191,1,-1,-1
415,83,1503.15,336.38,72.89,140.02,0.7853,1,-1,-1
415,86,1506.91,360.15,52.15,117.52,0.4054,1,-1,-1
416,1,567.38,346.56,45.09,106.96,0.7866,1,-1,-1
416,3,435.75,769.26,55.99,155.14,0.6002,1,-1,-1
416,0,382.10,495.69,73.24,140.37,0.8032,1,-1,-1
416,54,840.21,212.71,36.49,83.36,0.2207,1,-1,-1
416,36,1475.07,557.04,67.17,154.83,0.8199,1,-1,-1
416,77,554.69,791.34,66.24,172.19,0.3390,1,-1,-1
416,83,1503.54,336.51,72.75,139.97,0.7957,1,-1,-1
416,86,1506.52,359.45,52.29,118.33,0.4254,1,-1,-1
417,1,567.42,346.57,45.04,106.98,0.7840,1,-1,-1
417,3,435.76,769.38,55.92,155.19,0.5908,1,-1,-1
417,0,381.00,494.80,73.21,141.44,0.7853,1,-1,-1
417,54,839.59,212.77,36.92,84.14,0.1974,1,-1,-1
417,36,1475.45,557.13,66.86,154.68,0.8081,1,-1,-1
417,77,553.71,791.67,66.57,172.00,0.3398,1,-1,-1
417,83,1503.92,336.75,72.55,139.66,0.7773,1,-1,-1
417,86,1506.44,359.93,51.87,117.92,0.4330,1,-1,-1
418,1,567.56,346.55,45.05,107.16,0.7853,1,-1,-1
418,3,435.68,769.45,55.80,155.03,0.5545,1,-1,-1
418,0,380.83,494.20,72.70,141.09,0.7853,1,-1,-1
418,54,841.08,213.10,36.16,82.80,0.2568,1,-1,-1
418,36,1475.71,557.16,66.59,154.57,0.8081,1,-1,-1
418,77,552.00,792.21,66.86,171.25,0.3174,1,-1,-1
418,83,1504.22,336.76,72.46,139.48,0.7866,1,-1,-1
418,86,1506.57,360.25,51.35,117.17,0.4273,1,-1,-1
418,88,1223.57,213.72,34.94,88.67,0.5185,1,-1,-1
419,1,567.67,346.51,45.03,107.15,0.7866,1,-1,-1
419,3,436.30,769.62,55.63,154.75,0.5487,1,-1,-1
419,0,380.65,493.23,72.53,141.35,0.7800,1,-1,-1
419,54,842.91,213.32,34.62,79.61,0.2983,1,-1,-1
419,36,1475.84,557.24,66.42,154.56,0.8152,1,-1,-1
419,77,551.89,792.66,66.97,170.60,0.3090,1,-1,-1
419,83,1504.44,336.83,72.32,139.05,0.7918,1,-1,-1
419,86,1506.55,360.16,51.03,116.78,0.4282,1,-1,-1
419,88,1223.51,213.21,35.03,88.86,0.4951,1,-1,-1
420,1,567.73,346.47,45.09,107.39,0.7827,1,-1,-1
420,3,436.51,769.50,55.61,154.87,0.5215,1,-1,-1
420,0,379.90,492.35,72.22,141.37,0.7677,1,-1,-1
420,54,843.12,213.36,34.57,79.63,0.2983,1,-1,-1
420,36,1475.69,557.14,66.41,154.78,0.8278,1,-1,-1
420,77,551.49,792.45,67.52,170.97,0.3049,1,-1,-1
420,83,1504.42,337.17,72.33,138.94,0.7705,1,-1,-1
420,86,1506.98,360.66,50.89,116.57,0.4311,1,-1,-1
420,88,1223.60,213.47,34.37,87.10,0.5176,1,-1,-1
421,1,567.71,346.76,45.09,107.58,0.7773,1,-1,-1
421,3,435.57,769.07,56.18,155.47,0.6077,1,-1,-1
421,0,378.96,492.06,72.29,142.10,0.7506,1,-1,-1
421,54,843.00,213.02,34.04,78.87,0.3320,1,-1,-1
421,36,1475.67,557.04,66.25,154.52,0.7944,1,-1,-1
421,77,555.90,792.32,67.24,170.48,0.3739,1,-1,-1
421,83,1504.31,338.20,71.86,138.21,0.7170,1,-1,-1
421,86,1507.34,362.22,50.67,115.65,0.5438,1,-1,-1
421,88,1223.98,213.07,35.13,88.64,0.4688,1,-1,-1
422,1,567.82,346.84,45.15,107.82,0.7866,1,-1,-1
422,3,435.18,768.97,56.67,155.95,0.6095,1,-1,-1
422,0,378.22,491.73,71.98,141.99,0.7506,1,-1,-1
422,54,842.56,212.96,33.77,78.32,0.2697,1,-1,-1
422,36,1475.84,556.94,66.20,154.62,0.7905,1,-1,-1
422,77,558.35,791.89,67.43,170.33,0.3886,1,-1,-1
422,83,1504.42,337.45,72.39,139.18,0.6960,1,-1,-1
422,86,1508.58,363.06,50.98,115.03,0.5088,1,-1,-1
422,88,1224.26,212.82,34.71,87.19,0.3242,1,-1,-1
423,1,567.86,346.72,45.16,108.00,0.7827,1,-1,-1
423,3,434.85,768.56,57.17,156.56,0.6169,1,-1,-1
423,0,377.94,491.21,72.32,143.01,0.7827,1,-1,-1
423,54,842.22,212.92,33.64,77.93,0.2598,1,-1,-1
423,36,1475.95,556.96,66.01,154.40,0.7994,1,-1,-1
423,77,559.89,791.42,67.73,170.71,0.4591,1,-1,-1
423,83,1505.14,335.92,73.29,140.57,0.7621,1,-1,-1
423,86,1507.27,360.75,51.77,117.00,0.3049,1,-1,-1
423,88,1223.61,212.96,34.81,87.13,0.3346,1,-1,-1
423,89,168.25,3.43,75.49,35.08,0.4824,4,-1,-1
424,1,567.90,346.70,45.07,107.95,0.7853,1,-1,-1
424,3,434.65,768.22,57.59,156.98,0.6206,1,-1,-1
424,0,377.31,491.13,71.69,142.08,0.8199,1,-1,-1
424,54,841.97,213.02,34.26,79.70,0.2991,1,-1,-1
424,36,1476.00,557.03,65.82,154.16,0.7994,1,-1,-1
424,77,560.44,790.68,68.26,171.41,0.3739,1,-1,-1
424,83,1505.32,334.49,74.23,142.20,0.7621,1,-1,-1
424,86,1506.74,359.55,52.17,118.14,0.2207,1,-1,-1
424,88,1222.84,213.12,34.75,86.81,0.4083,1,-1,-1
424,89,167.54,3.35,75.91,35.27,0.5010,4,-1,-1
425,1,568.06,346.63,45.09,108.08,0.7879,1,-1,-1
425,3,434.27,767.56,57.97,157.41,0.6478,1,-1,-1
425,0,376.49,491.22,71.91,143.05,0.8233,1,-1,-1
425,54,842.19,212.97,33.85,78.42,0.2918,1,-1,-1
425,36,1475.99,557.12,65.58,153.78,0.7931,1,-1,-1
425,77,562.16,789.48,68.57,172.02,0.3933,1,-1,-1
425,83,1505.34,333.58,74.77,143.14,0.7387,1,-1,-1
425,86,1506.43,359.47,52.03,118.30,0.3425,1,-1,-1
425,88,1222.26,213.23,33.78,84.28,0.3065,1,-1,-1
425,89,166.37,3.18,76.83,35.69,0.5312,4,-1,-1
426,1,568.24,346.63,45.15,108.24,0.7866,1,-1,-1
426,3,434.32,766.89,58.11,157.50,0.6334,1,-1,-1
426,0,376.37,491.02,71.09,141.69,0.8289,1,-1,-1
426,54,842.08,213.21,34.01,78.54,0.3057,1,-1,-1
426,36,1475.91,557.28,65.42,153.54,0.7982,1,-1,-1
426,77,562.66,788.96,69.05,172.22,0.3049,1,-1,-1
426,83,1504.67,333.00,74.96,143.82,0.6740,1,-1,-1
426,86,1506.46,360.34,51.42,117.27,0.4932,1,-1,-1
426,88,1221.78,213.22,33.32,83.08,0.1640,1,-1,-1
426,89,166.15,3.04,77.09,35.80,0.5448,4,-1,-1
427,1,568.49,346.33,45.09,108.13,0.7957,1,-1,-1
427,3,434.80,765.98,58.24,157.81,0.6619,1,-1,-1
427,0,375.74,491.21,70.93,141.75,0.8418,1,-1,-1
427,54,842.21,213.47,33.58,77.23,0.4225,1,-1,-1
427,36,1475.79,557.21,65.17,152.98,0.8164,1,-1,-1
427,77,562.12,789.27,69.06,172.44,0.3576,1,-1,-1
427,83,1503.93,336.86,72.76,140.03,0.6095,1,-1,-1
427,86,1507.81,362.91,50.68,113.70,0.6993,1,-1,-1
427,88,1220.43,212.96,33.02,82.42,0.1016,1,-1,-1
427,89,164.85,2.91,77.76,36.06,0.5263,4,-1,-1
428,1,568.69,346.00,44.98,108.00,0.7944,1,-1,-1
428,3,435.35,765.19,58.48,158.35,0.6584,1,-1,-1
428,0,374.94,491.30,70.73,141.43,0.8490,1,-1,-1
428,54,842.70,213.44,33.26,76.35,0.4494,1,-1,-1
428,36,1475.41,557.06,64.94,152.15,0.8105,1,-1,-1
428,77,564.22,789.15,68.77,171.59,0.3961,1,-1,-1
428,83,1503.36,335.55,73.10,141.11,0.4922,1,-1,-1
428,86,1508.35,366.55,49.63,109.50,0.7280,1,-1,-1
428,89,164.69,2.83,77.88,36.07,0.5137,4,-1,-1
429,1,568.69,346.66,44.58,106.98,0.7931,1,-1,-1
429,3,436.26,764.34,58.67,158.21,0.7154,1,-1,-1
429,0,374.33,491.35,69.73,139.43,0.8549,1,-1,-1
429,54,842.28,213.13,34.50,79.15,0.3923,1,-1,-1
429,36,1474.89,556.69,64.52,150.86,0.8245,1,-1,-1
429,77,564.88,788.86,68.37,171.21,0.5964,1,-1,-1
429,83,1506.35,332.84,73.21,143.18,0.2429,1,-1,-1
429,86,1507.98,368.75,49.11,107.12,0.7535,1,-1,-1
429,89,165.05,2.78,77.81,36.01,0.4600,4,-1,-1
430,1,568.95,347.02,44.42,106.45,0.7957,1,-1,-1
430,3,437.18,763.54,58.70,158.05,0.7264,1,-1,-1
430,0,373.06,490.75,69.65,139.33,0.8615,1,-1,-1
430,54,842.02,212.74,34.94,80.15,0.4591,1,-1,-1
430,36,1474.59,556.77,64.06,149.27,0.8007,1,-1,-1
430,77,564.44,788.89,68.05,170.97,0.7009,1,-1,-1
430,83,1514.46,331.09,67.61,134.42,0.2358,1,-1,-1
430,86,1507.12,369.55,48.84,106.13,0.7295,1,-1,-1
430,89,166.16,2.85,77.24,35.75,0.3183,4,-1,-1
431,1,569.84,347.02,44.69,106.52,0.8044,1,-1,-1
431,3,438.09,763.06,58.65,157.46,0.7311,1,-1,-1
431,0,371.93,490.11,69.76,139.22,0.8643,1,-1,-1
431,54,842.05,213.08,35.37,81.18,0.5409,1,-1,-1
431,36,1474.32,556.77,64.38,149.64,0.8141,1,-1,-1
431,77,563.36,788.53,67.12,170.23,0.5927,1,-1,-1
431,83,1523.45,330.11,59.55,119.89,0.5564,1,-1,-1
431,86,1506.49,370.54,48.39,104.92,0.7506,1,-1,-1
431,89,164.59,2.82,78.49,36.26,0.3024,4,-1,-1
431,90,1409.28,84.44,27.10,68.01,0.6197,1,-1,-1
432,1,570.39,346.80,44.99,106.74,0.8032,1,-1,-1
432,3,439.21,762.65,58.59,157.01,0.6993,1,-1,-1
432,0,370.49,490.03,69.74,139.66,0.8429,1,-1,-1
432,54,842.10,213.27,35.56,81.75,0.5351,1,-1,-1
432,36,1474.08,556.34,64.38,149.40,0.8129,1,-1,-1
432,77,564.24,787.41,66.49,170.48,0.5679,1,-1,-1
432,83,1522.06,329.33,60.15,123.05,0.3868,1,-1,-1
432,86,1506.53,371.63,47.89,103.34,0.7009,1,-1,-1
432,89,163.38,2.72,79.30,36.50,0.3140,4,-1,-1
432,90,1409.52,84.23,27.01,67.78,0.5823,1,-1,-1
432,91,815.78,216.06,30.73,71.26,0.5332,1,-1,-1
433,1,570.85,346.66,45.09,106.29,0.8056,1,-1,-1
433,3,440.94,762.39,58.30,155.85,0.7549,1,-1,-1
433,0,369.13,489.46,69.08,138.66,0.8470,1,-1,-1
433,54,841.66,212.76,35.75,82.28,0.5409,1,-1,-1
433,36,1473.87,555.86,64.15,148.40,0.8081,1,-1,-1
433,77,566.10,786.38,65.76,169.31,0.4630,1,-1,-1
433,83,1510.32,341.57,61.12,125.60,0.5215,1,-1,-1
433,86,1506.35,371.72,47.92,103.03,0.6706,1,-1,-1
433,89,163.66,2.67,79.27,36.37,0.3049,4,-1,-1
433,90,1411.04,83.75,26.28,65.90,0.2415,1,-1,-1
433,91,814.75,215.29,31.27,72.54,0.5603,1,-1,-1
434,1,571.27,346.60,45.14,105.54,0.8032,1,-1,-1
434,3,441.99,761.68,58.64,156.07,0.7564,1,-1,-1
434,0,367.26,488.51,70.00,141.17,0.8210,1,-1,-1
434,54,841.93,211.86,34.67,79.86,0.4941,1,-1,-1
434,36,1473.69,555.50,64.18,147.82,0.8044,1,-1,-1
434,77,566.53,784.51,65.61,169.37,0.5195,1,-1,-1
434,83,1506.68,333.61,67.50,138.64,0.5737,1,-1,-1
434,86,1506.16,367.33,50.05,107.82,0.5727,1,-1,-1
434,89,164.47,2.47,79.51,36.46,0.2838,4,-1,-1
434,90,1412.29,83.53,25.82,64.72,0.1312,1,-1,-1
434,91,814.06,214.72,31.10,72.22,0.5117,1,-1,-1
435,1,571.69,346.09,45.71,105.78,0.8044,1,-1,-1
435,3,442.31,760.38,58.86,156.24,0.7800,1,-1,-1
435,0,367.32,487.89,70.97,142.92,0.8278,1,-1,-1
435,54,842.00,211.14,34.32,79.17,0.5176,1,-1,-1
435,36,1473.09,554.56,64.80,148.86,0.8129,1,-1,-1
435,77,566.78,783.95,64.79,168.31,0.6021,1,-1,-1
435,83,1504.91,330.86,69.48,142.89,0.4388,1,-1,-1
435,86,1505.52,365.09,50.54,108.93,0.5603,1,-1,-1
435,89,164.97,2.39,79.56,36.44,0.2429,4,-1,-1
435,90,1412.72,83.40,26.19,65.57,0.1343,1,-1,-1
435,91,813.34,213.73,31.77,73.91,0.5813,1,-1,-1
436,1,572.27,345.35,45.93,105.74,0.8081,1,-1,-1
436,3,442.39,758.17,59.49,157.65,0.7578,1,-1,-1
436,0,365.96,486.87,70.93,143.17,0.8289,1,-1,-1
436,54,842.27,210.82,34.06,78.74,0.4873,1,-1,-1
436,36,1471.96,553.44,64.98,149.61,0.7461,1,-1,-1
436,77,568.07,780.37,65.67,171.15,0.5234,1,-1,-1
436,83,1505.11,336.09,66.90,137.23,0.3504,1,-1,-1
436,86,1505.98,367.56,49.17,105.47,0.5370,1,-1,-1
436,90,1414.01,84.31,25.79,64.53,0.1234,1,-1,-1
436,91,812.49,212.76,31.87,74.13,0.4591,1,-1,-1
437,1,572.61,345.34,46.09,105.00,0.8056,1,-1,-1
437,3,442.76,754.95,60.04,158.64,0.7233,1,-1,-1
437,0,365.66,486.09,70.28,141.78,0.8289,1,-1,-1
437,54,841.77,210.30,34.30,79.47,0.5506,1,-1,-1
437,36,1471.07,552.50,65.13,150.18,0.7918,1,-1,-1
437,77,568.48,778.93,64.91,170.52,0.5756,1,-1,-1
437,83,1502.75,334.73,67.12,138.03,0.3757,1,-1,-1
437,86,1505.44,367.38,49.36,105.56,0.5215,1,-1,-1
437,90,1415.08,84.58,25.42,63.58,0.1093,1,-1,-1
437,91,810.56,212.34,32.51,75.49,0.4610,1,-1,-1
438,1,572.33,344.36,46.21,105.20,0.8105,1,-1,-1
438,3,443.29,752.46,60.17,158.24,0.7759,1,-1,-1
438,0,368.52,485.29,70.79,140.62,0.8539,1,-1,-1
438,54,842.15,209.77,33.57,78.09,0.5098,1,-1,-1
438,36,1470.66,551.82,64.75,149.13,0.7931,1,-1,-1
438,77,570.60,776.68,64.83,170.71,0.5429,1,-1,-1
438,83,1503.58,329.04,68.67,142.70,0.1645,1,-1,-1
438,86,1506.19,369.92,48.46,101.99,0.6706,1,-1,-1
438,91,809.10,211.95,32.98,76.19,0.3895,1,-1,-1
439,1,572.40,343.50,46.29,105.29,0.8093,1,-1,-1
439,3,443.85,750.88,59.96,156.90,0.7827,1,-1,-1
439,0,369.55,484.74,70.97,138.58,0.8549,1,-1,-1
439,54,842.63,209.43,33.22,77.53,0.5254,1,-1,-1
439,36,1469.93,550.68,64.90,149.77,0.8069,1,-1,-1
439,77,570.48,774.76,64.33,170.20,0.5487,1,-1,-1
439,86,1505.38,370.79,48.37,100.60,0.7280,1,-1,-1
439,91,808.54,211.64,33.12,75.95,0.4177,1,-1,-1
440,1,572.51,343.75,46.40,104.99,0.8117,1,-1,-1
440,3,445.22,749.70,59.81,155.89,0.7649,1,-1,-1
440,0,369.30,484.02,71.25,137.21,0.8510,1,-1,-1
440,54,843.05,209.31,33.11,77.78,0.4475,1,-1,-1
440,36,1469.67,549.77,64.42,149.20,0.8056,1,-1,-1
440,77,572.00,773.76,63.70,168.36,0.5756,1,-1,-1
440,86,1504.06,368.16,49.53,102.41,0.7677,1,-1,-1
440,91,808.79,210.66,33.65,76.86,0.3372,1,-1,-1
441,1,572.61,342.95,46.29,104.97,0.8056,1,-1,-1
441,3,446.11,748.19,59.85,155.89,0.7186,1,-1,-1
441,0,368.46,483.58,72.29,137.72,0.8387,1,-1,-1
441,54,842.67,209.03,33.88,80.27,0.5603,1,-1,-1
441,36,1469.01,548.82,64.15,148.93,0.8199,1,-1,-1
441,77,573.26,772.75,63.60,167.73,0.3730,1,-1,-1
441,86,1502.95,365.24,50.57,104.00,0.7677,1,-1,-1
441,91,808.82,210.28,33.70,76.65,0.4600,1,-1,-1
442,1,572.96,342.59,45.72,103.93,0.7931,1,-1,-1
442,3,447.91,746.77,59.57,155.15,0.7417,1,-1,-1
442,0,367.59,483.13,71.73,135.41,0.8520,1,-1,-1
442,54,842.89,209.02,33.50,80.03,0.6002,1,-1,-1
442,36,1468.10,547.09,64.12,149.43,0.8210,1,-1,-1
442,77,574.23,771.30,63.72,168.06,0.3868,1,-1,-1
442,86,1501.84,360.70,52.47,107.81,0.7718,1,-1,-1
442,91,808.91,209.77,33.98,77.14,0.5137,1,-1,-1
443,1,573.82,342.42,45.56,103.05,0.7827,1,-1,-1
443,3,447.89,745.13,59.34,154.38,0.7705,1,-1,-1
443,0,366.70,481.33,71.72,134.65,0.8549,1,-1,-1
443,54,843.24,209.09,32.89,78.89,0.6280,1,-1,-1
443,36,1467.46,545.76,63.97,149.56,0.7879,1,-1,-1
443,77,574.17,767.41,64.26,169.97,0.4140,1,-1,-1
443,86,1501.22,357.30,53.82,110.53,0.8019,1,-1,-1
443,91,808.28,209.22,34.15,77.50,0.5458,1,-1,-1
444,1,574.49,341.70,45.55,102.89,0.7892,1,-1,-1
444,3,447.61,742.70,59.51,154.53,0.8007,1,-1,-1
444,0,365.52,479.59,71.31,133.80,0.8366,1,-1,-1
444,54,843.60,209.03,32.51,78.08,0.5964,1,-1,-1
444,36,1466.63,544.50,63.90,149.86,0.7840,1,-1,-1
444,77,574.04,762.35,65.01,172.57,0.4844,1,-1,-1
444,86,1500.30,354.18,54.90,113.10,0.7853,1,-1,-1
444,91,809.11,208.12,33.48,75.95,0.5400,1,-1,-1
445,1,575.31,340.33,45.49,102.90,0.7853,1,-1,-1
445,3,449.33,740.78,59.74,154.07,0.7491,1,-1,-1
445,0,364.43,478.34,71.43,134.44,0.8289,1,-1,-1
445,54,843.31,209.04,33.15,79.72,0.6252,1,-1,-1
445,36,1465.52,543.01,63.97,150.22,0.7982,1,-1,-1
445,77,574.91,761.66,64.39,170.20,0.5756,1,-1,-1
445,86,1498.51,345.58,58.49,121.28,0.6993,1,-1,-1
445,91,810.03,207.50,33.97,76.79,0.5293,1,-1,-1
446,1,574.97,339.08,45.81,104.54,0.7746,1,-1,-1
446,3,453.72,739.62,60.80,154.15,0.7170,1,-1,-1
446,0,365.04,476.35,72.51,136.45,0.8289,1,-1,-1
446,54,844.26,208.63,32.80,79.08,0.5955,1,-1,-1
446,36,1465.05,541.52,64.02,150.98,0.7853,1,-1,-1
446,77,575.15,760.55,63.45,167.91,0.6334,1,-1,-1
446,86,1497.25,339.83,60.33,125.87,0.7058,1,-1,-1
446,91,810.65,207.03,34.27,77.20,0.5448,1,-1,-1
447,1,574.97,338.01,45.46,104.87,0.7982,1,-1,-1
447,3,454.15,737.62,60.75,153.14,0.8044,1,-1,-1
447,0,363.40,474.34,71.19,135.16,0.7800,1,-1,-1
447,54,844.93,208.32,33.44,80.82,0.6105,1,-1,-1
447,36,1464.72,539.78,63.17,149.41,0.7918,1,-1,-1
447,77,576.04,759.58,62.65,165.65,0.6619,1,-1,-1
447,86,1496.23,338.52,60.17,126.06,0.6758,1,-1,-1
447,91,810.03,205.88,34.72,77.45,0.5273,1,-1,-1
448,1,576.36,337.50,45.45,104.80,0.7892,1,-1,-1
448,3,454.43,733.82,60.86,152.98,0.7691,1,-1,-1
448,0,364.03,472.25,70.86,135.18,0.7535,1,-1,-1
448,54,845.41,207.97,33.76,81.92,0.5727,1,-1,-1
448,36,1463.98,538.36,62.50,148.16,0.8044,1,-1,-1
448,77,576.83,756.23,62.91,166.59,0.6567,1,-1,-1
448,86,1495.74,345.54,56.41,118.83,0.6984,1,-1,-1
448,91,810.13,204.78,34.50,75.96,0.4064,1,-1,-1
449,1,577.34,336.62,45.84,105.60,0.8019,1,-1,-1
449,3,455.96,729.41,61.29,153.79,0.6993,1,-1,-1
449,0,363.31,470.27,71.45,137.37,0.7649,1,-1,-1
449,54,845.44,207.38,34.53,84.32,0.5746,1,-1,-1
449,36,1462.71,536.31,62.25,148.34,0.8093,1,-1,-1
449,77,577.21,753.11,62.74,166.12,0.6442,1,-1,-1
449,86,1495.28,347.40,54.89,116.31,0.7178,1,-1,-1
449,91,809.52,203.75,35.35,77.29,0.4244,1,-1,-1
450,1,578.37,335.66,45.67,105.15,0.8044,1,-1,-1
450,3,457.38,726.71,60.65,152.70,0.6316,1,-1,-1
450,0,364.28,468.30,71.25,137.73,0.7800,1,-1,-1
450,54,845.64,206.94,34.14,84.10,0.5429,1,-1,-1
450,36,1461.42,534.61,61.59,147.72,0.7957,1,-1,-1
450,77,578.87,750.73,61.84,164.28,0.6671,1,-1,-1
450,86,1494.54,347.90,53.67,114.41,0.6951,1,-1,-1
450,91,809.69,203.10,35.62,77.40,0.3648,1,-1,-1
451,1,579.58,334.79,45.09,103.67,0.8007,1,-1,-1
451,3,457.81,723.34,60.53,153.81,0.7186,1,-1,-1
451,0,364.98,466.43,70.47,137.09,0.7649,1,-1,-1
451,54,846.32,206.64,33.78,83.72,0.5879,1,-1,-1
451,36,1459.45,532.79,61.39,147.67,0.8032,1,-1,-1
451,77,581.14,747.86,61.68,164.06,0.5699,1,-1,-1
451,86,1494.04,347.54,52.75,113.02,0.6645,1,-1,-1
451,91,810.02,202.56,35.70,77.41,0.4795,1,-1,-1
452,1,580.04,333.68,45.01,103.24,0.7944,1,-1,-1
452,3,459.41,719.87,60.89,155.10,0.7170,1,-1,-1
452,0,366.32,464.16,69.57,136.37,0.8117,1,-1,-1
452,54,847.06,205.59,34.01,84.26,0.5974,1,-1,-1
452,36,1459.03,531.06,61.34,147.90,0.8105,1,-1,-1
452,77,581.12,743.66,62.43,166.09,0.3951,1,-1,-1
452,86,1493.66,347.91,51.81,111.70,0.6645,1,-1,-1
452,91,810.05,202.14,34.88,75.12,0.5254,1,-1,-1
453,1,580.48,332.08,45.54,104.57,0.7879,1,-1,-1
453,3,461.19,716.42,60.95,155.52,0.7202,1,-1,-1
453,0,366.68,462.00,68.57,136.30,0.8344,1,-1,-1
453,54,847.22,204.92,34.13,84.43,0.5917,1,-1,-1
453,36,1458.20,528.85,60.84,147.78,0.8081,1,-1,-1
453,77,584.44,741.17,62.20,164.91,0.5117,1,-1,-1
453,86,1493.09,347.55,51.37,111.17,0.6851,1,-1,-1
453,91,809.92,201.29,35.46,76.19,0.5718,1,-1,-1
454,1,581.28,331.08,45.80,105.14,0.8105,1,-1,-1
454,3,463.40,714.46,60.26,153.21,0.7042,1,-1,-1
454,0,368.34,460.00,67.64,135.80,0.8056,1,-1,-1
454,54,846.99,204.58,33.93,84.31,0.6030,1,-1,-1
454,36,1456.58,525.81,60.69,148.52,0.8069,1,-1,-1
454,77,585.60,739.02,61.23,163.22,0.5622,1,-1,-1
454,86,1492.51,346.44,51.39,111.28,0.6451,1,-1,-1
454,91,809.31,200.39,35.46,76.14,0.5699,1,-1,-1
454,93,1251.35,856.42,121.00,190.25,0.7461,1,-1,-1
455,1,582.87,330.42,45.86,104.33,0.8019,1,-1,-1
455,3,465.25,711.52,59.81,152.17,0.7122,1,-1,-1
455,0,370.75,458.07,66.86,135.46,0.8187,1,-1,-1
455,54,847.38,204.14,33.71,83.99,0.5879,1,-1,-1
455,36,1454.72,523.54,60.71,149.54,0.8187,1,-1,-1
455,77,587.72,736.44,60.70,161.82,0.6334,1,-1,-1
455,86,1491.66,344.53,51.31,111.85,0.6179,1,-1,-1
455,91,808.80,198.73,35.44,76.18,0.4542,1,-1,-1
455,93,1252.63,861.53,115.25,181.32,0.7592,1,-1,-1
455,90,1421.67,79.48,24.11,59.43,0.4698,1,-1,-1
456,1,583.67,329.96,45.78,103.02,0.8199,1,-1,-1
456,3,468.01,707.28,59.74,152.21,0.7520,1,-1,-1
456,0,371.83,455.45,66.34,136.08,0.8289,1,-1,-1
456,54,847.22,203.30,33.90,84.61,0.6361,1,-1,-1
456,36,1453.08,521.82,60.10,149.23,0.8267,1,-1,-1
456,77,588.59,730.80,60.86,163.07,0.6021,1,-1,-1
456,86,1490.98,344.89,50.08,109.00,0.6723,1,-1,-1
456,91,808.27,197.94,35.18,75.63,0.5804,1,-1,-1
456,93,1252.95,852.11,117.83,185.76,0.8105,1,-1,-1
456,90,1421.41,78.74,24.79,60.43,0.3166,1,-1,-1
457,1,584.84,329.47,45.76,101.30,0.8187,1,-1,-1
457,3,470.41,703.62,59.80,152.28,0.7853,1,-1,-1
457,0,372.92,452.24,66.20,137.77,0.8117,1,-1,-1
457,54,847.22,202.41,34.06,84.92,0.6575,1,-1,-1
457,36,1451.18,519.75,59.74,149.27,0.8397,1,-1,-1
457,77,589.79,728.06,60.00,161.19,0.6406,1,-1,-1
457,86,1490.01,343.85,49.86,108.44,0.7295,1,-1,-1
457,91,808.08,197.23,35.07,75.63,0.5718,1,-1,-1
457,93,1254.09,851.52,114.05,180.61,0.8044,1,-1,-1
457,90,1421.06,78.03,24.91,60.55,0.2613,1,-1,-1
458,1,585.74,329.20,46.09,100.98,0.7535,1,-1,-1
458,3,471.47,700.54,59.86,152.66,0.7606,1,-1,-1
458,0,375.22,450.29,63.86,134.82,0.7840,1,-1,-1
458,54,847.07,202.21,33.91,84.34,0.6469,1,-1,-1
458,36,1450.00,516.87,58.93,148.01,0.8176,1,-1,-1
458,77,591.78,724.56,59.91,161.59,0.5525,1,-1,-1
458,86,1488.95,344.18,49.30,106.69,0.7264,1,-1,-1
458,91,807.92,196.57,35.28,76.20,0.5679,1,-1,-1
458,93,1254.56,847.87,111.83,178.06,0.8152,1,-1,-1
458,90,1420.79,77.50,25.29,61.50,0.3200,1,-1,-1
459,1,586.19,328.81,44.90,97.98,0.7106,1,-1,-1
459,3,471.38,697.35,60.20,153.43,0.7732,1,-1,-1
459,0,376.70,448.08,63.03,135.65,0.8081,1,-1,-1
459,54,847.68,202.31,33.45,83.40,0.5974,1,-1,-1
459,36,1448.40,513.42,58.76,148.76,0.7905,1,-1,-1
459,77,592.12,720.81,59.05,160.79,0.5699,1,-1,-1
459,86,1487.55,340.01,50.52,109.47,0.7186,1,-1,-1
459,91,807.94,196.14,35.26,76.23,0.4187,1,-1,-1
459,93,1255.75,841.95,112.23,179.80,0.5156,1,-1,-1
460,1,586.99,327.66,45.91,99.45,0.8081,1,-1,-1
460,3,472.95,693.38,60.03,153.04,0.6370,1,-1,-1
460,0,379.49,445.12,62.00,134.72,0.8129,1,-1,-1
460,54,847.72,202.01,33.53,84.02,0.5283,1,-1,-1
460,36,1447.12,510.84,58.37,148.55,0.7732,1,-1,-1
460,77,594.72,717.20,58.29,159.42,0.4311,1,-1,-1
460,86,1486.68,337.11,51.11,110.38,0.7621,1,-1,-1
460,91,807.77,194.96,35.40,76.63,0.4533,1,-1,-1
460,93,1253.24,833.00,113.58,184.20,0.6095,1,-1,-1
461,1,587.47,326.17,46.72,100.50,0.8199,1,-1,-1
461,3,475.79,690.75,59.78,151.38,0.5908,1,-1,-1
461,0,381.42,442.43,61.29,134.56,0.7840,1,-1,-1
461,54,847.90,201.63,33.31,83.62,0.5612,1,-1,-1
461,36,1445.30,509.00,58.25,148.40,0.7879,1,-1,-1
461,77,596.53,715.07,57.58,157.64,0.5679,1,-1,-1
461,86,1485.37,336.85,50.67,108.73,0.6976,1,-1,-1
461,91,807.37,193.48,35.00,75.72,0.5390,1,-1,-1
461,93,1252.17,830.24,109.53,179.88,0.7202,1,-1,-1
462,1,589.20,325.14,46.88,99.65,0.7866,1,-1,-1
462,3,477.97,686.70,59.31,150.01,0.6926,1,-1,-1
462,0,384.15,439.61,61.49,135.40,0.7759,1,-1,-1
462,54,847.88,201.38,33.58,84.01,0.6325,1,-1,-1
462,36,1443.79,506.54,57.74,147.89,0.7773,1,-1,-1
462,77,597.22,710.20,57.61,158.19,0.5679,1,-1,-1
462,86,1484.15,335.74,50.90,108.61,0.6671,1,-1,-1
462,91,807.30,192.40,34.20,74.08,0.5983,1,-1,-1
462,93,1251.28,829.38,104.98,174.98,0.6334,1,-1,-1
463,1,589.67,324.42,47.01,98.84,0.7918,1,-1,-1
463,3,480.70,681.94,59.17,150.56,0.6021,1,-1,-1
463,0,387.39,437.14,60.94,134.46,0.7905,1,-1,-1
463,54,847.93,200.34,33.82,84.87,0.5020,1,-1,-1
463,36,1441.71,504.47,56.96,146.44,0.8044,1,-1,-1
463,77,599.75,706.88,57.71,157.89,0.7233,1,-1,-1
463,86,1483.43,334.60,50.90,108.08,0.7535,1,-1,-1
463,91,807.54,191.80,33.84,73.63,0.5660,1,-1,-1
463,93,1251.60,838.96,93.72,159.28,0.3303,1,-1,-1
464,1,589.95,323.33,47.12,97.05,0.7372,1,-1,-1
464,3,483.26,677.70,58.76,151.00,0.6654,1,-1,-1
464,0,390.54,435.46,59.19,129.79,0.7549,1,-1,-1
464,54,848.38,198.65,33.76,84.82,0.4610,1,-1,-1
464,36,1439.70,500.77,57.17,148.32,0.8129,1,-1,-1
464,77,602.70,702.49,58.41,158.70,0.6388,1,-1,-1
464,86,1483.41,334.27,50.72,106.47,0.7264,1,-1,-1
464,91,807.25,190.91,33.79,73.98,0.6460,1,-1,-1
465,1,588.88,322.43,48.06,96.82,0.6910,1,-1,-1
465,3,485.77,674.43,57.91,150.03,0.7535,1,-1,-1
465,0,391.88,432.99,57.62,125.70,0.7535,1,-1,-1
465,54,849.06,197.59,33.26,83.55,0.5477,1,-1,-1
465,36,1438.78,498.35,56.60,147.85,0.6943,1,-1,-1
465,77,604.07,699.53,58.10,157.00,0.5622,1,-1,-1
465,86,1480.56,316.02,58.92,123.54,0.5583,1,-1,-1
465,91,808.06,190.21,32.43,71.19,0.6460,1,-1,-1
466,1,588.87,321.13,48.16,94.71,0.7417,1,-1,-1
466,3,487.31,670.50,57.80,149.98,0.7800,1,-1,-1
466,0,393.99,430.34,56.81,122.75,0.7827,1,-1,-1
466,54,849.33,196.56,32.76,82.25,0.5936,1,-1,-1
466,36,1437.23,495.79,55.90,147.23,0.7705,1,-1,-1
466,77,603.70,694.97,58.24,156.88,0.5794,1,-1,-1
466,86,1481.69,323.34,55.05,114.06,0.2187,1,-1,-1
466,91,808.76,189.32,31.59,69.50,0.6792,1,-1,-1
467,1,589.19,319.83,48.50,92.99,0.7476,1,-1,-1
467,3,490.19,667.11,57.29,148.88,0.7746,1,-1,-1
467,0,395.11,427.87,57.13,122.40,0.8233,1,-1,-1
467,54,848.66,195.42,33.93,85.63,0.6397,1,-1,-1
467,36,1435.55,493.61,54.57,144.96,0.7931,1,-1,-1
467,77,605.47,691.09,58.24,155.92,0.5927,1,-1,-1
467,86,1478.54,302.03,64.48,133.71,0.6316,1,-1,-1
467,91,809.02,187.58,31.48,69.60,0.6689,1,-1,-1
468,1,589.01,318.29,49.45,92.53,0.7786,1,-1,-1
468,3,492.55,663.85,56.43,146.93,0.7476,1,-1,-1
468,0,395.65,425.92,56.74,120.97,0.8152,1,-1,-1
468,54,848.99,194.95,33.51,84.35,0.6415,1,-1,-1
468,36,1433.32,490.83,54.04,145.15,0.8199,1,-1,-1
468,77,607.83,687.00,58.01,154.49,0.5506,1,-1,-1
468,86,1478.57,316.34,57.66,118.47,0.5813,1,-1,-1
468,91,809.20,186.22,31.30,69.43,0.6654,1,-1,-1
469,1,589.00,316.32,50.93,92.97,0.7732,1,-1,-1
469,3,495.05,660.65,55.96,146.13,0.7677,1,-1,-1
469,0,397.33,423.72,56.88,119.80,0.7773,1,-1,-1
469,54,848.65,193.97,34.11,85.59,0.5804,1,-1,-1
469,36,1431.15,487.82,53.48,145.31,0.7280,1,-1,-1
469,77,609.23,682.01,58.68,155.56,0.5889,1,-1,-1
469,86,1477.40,323.51,53.58,109.65,0.5718,1,-1,-1
469,91,808.95,184.86,31.77,70.73,0.6243,1,-1,-1
470,1,587.82,314.12,52.54,94.03,0.7786,1,-1,-1
470,3,496.39,655.59,56.50,147.27,0.7827,1,-1,-1
470,0,398.64,420.83,57.59,120.20,0.7461,1,-1,-1
470,54,848.69,193.47,34.86,87.58,0.5746,1,-1,-1
470,36,1429.27,485.78,52.97,144.44,0.6021,1,-1,-1
470,77,611.47,678.67,58.68,154.77,0.5390,1,-1,-1
470,86,1477.36,325.33,53.70,108.16,0.1836,1,-1,-1
470,91,809.18,184.56,31.80,71.14,0.6325,1,-1,-1
471,1,586.07,310.83,54.48,95.63,0.7506,1,-1,-1
471,3,498.70,652.09,56.14,146.57,0.7853,1,-1,-1
471,0,398.66,418.32,59.17,123.10,0.7944,1,-1,-1
471,54,849.43,192.63,34.70,86.59,0.4951,1,-1,-1
471,36,1426.68,483.97,52.84,143.92,0.5525,1,-1,-1
471,77,612.17,675.81,57.28,152.10,0.5010,1,-1,-1
471,86,1474.50,324.66,53.39,107.63,0.4455,1,-1,-1
471,91,809.70,183.73,31.03,69.21,0.5273,1,-1,-1
472,1,583.51,308.22,55.48,95.88,0.8056,1,-1,-1
472,3,500.03,648.98,55.83,145.35,0.7372,1,-1,-1
472,0,398.62,417.02,57.49,120.04,0.7311,1,-1,-1
472,54,849.82,191.65,34.45,85.73,0.4893,1,-1,-1
472,36,1424.47,482.76,52.20,142.83,0.6826,1,-1,-1
472,77,614.44,671.14,56.98,152.40,0.5000,1,-1,-1
472,86,1472.64,320.95,54.20,109.54,0.5293,1,-1,-1
472,91,810.46,183.40,30.54,68.28,0.5746,1,-1,-1
473,1,580.81,305.65,56.56,96.62,0.8129,1,-1,-1
473,3,504.42,644.60,56.32,145.33,0.6114,1,-1,-1
473,0,401.19,415.27,59.45,122.95,0.7957,1,-1,-1
473,54,850.37,191.53,33.65,83.31,0.4805,1,-1,-1
473,36,1420.99,480.56,52.43,143.71,0.7387,1,-1,-1
473,77,616.09,667.76,56.32,151.04,0.6058,1,-1,-1
473,86,1471.47,319.51,53.92,108.77,0.7033,1,-1,-1
473,91,811.26,183.19,29.76,66.62,0.5955,1,-1,-1
473,90,1416.20,70.51,26.19,63.59,0.4766,1,-1,-1
474,1,577.55,303.07,57.42,97.43,0.8344,1,-1,-1
474,3,505.73,641.53,55.34,142.89,0.6926,1,-1,-1
474,0,400.67,413.10,59.70,123.47,0.7621,1,-1,-1
474,54,851.10,190.57,32.90,80.66,0.4121,1,-1,-1
474,36,1418.53,477.03,52.48,144.21,0.6334,1,-1,-1
474,77,618.76,664.09,56.01,150.46,0.6602,1,-1,-1
474,86,1469.17,318.77,52.67,107.12,0.6800,1,-1,-1
474,91,811.90,183.02,29.41,66.17,0.5955,1,-1,-1
474,90,1416.13,70.17,25.75,62.50,0.3363,1,-1,-1
475,1,574.04,300.61,57.43,98.05,0.8141,1,-1,-1
475,3,507.58,638.41,54.68,141.22,0.7042,1,-1,-1
475,0,401.84,410.70,60.40,124.14,0.7786,1,-1,-1
475,54,850.88,190.07,34.42,83.68,0.5351,1,-1,-1
475,36,1416.91,474.93,51.56,142.44,0.6826,1,-1,-1
475,77,620.06,657.99,56.83,152.73,0.6225,1,-1,-1
475,86,1466.59,314.33,52.88,108.95,0.6968,1,-1,-1
475,91,812.40,183.20,29.28,66.27,0.6289,1,-1,-1
475,90,1415.57,69.62,26.09,63.42,0.4795,1,-1,-1
476,1,569.23,296.95,57.71,100.13,0.7372,1,-1,-1
476,3,509.63,633.10,55.42,143.91,0.6584,1,-1,-1
476,0,404.89,409.72,60.91,122.88,0.7759,1,-1,-1
476,54,851.54,189.47,34.16,82.05,0.4649,1,-1,-1
476,36,1415.29,473.39,50.48,140.44,0.3970,1,-1,-1
476,77,621.84,653.77,56.88,152.11,0.6926,1,-1,-1
476,86,1465.18,314.86,51.07,105.69,0.7249,1,-1,-1
476,91,813.23,182.99,27.76,62.73,0.6575,1,-1,-1
476,90,1415.40,68.72,26.07,63.38,0.3460,1,-1,-1
477,1,565.20,294.49,57.48,101.78,0.6960,1,-1,-1
477,3,511.46,628.77,55.43,144.83,0.7295,1,-1,-1
477,0,405.09,407.01,61.84,123.29,0.7249,1,-1,-1
477,54,852.06,189.02,34.50,81.93,0.5554,1,-1,-1
477,36,1413.17,470.82,49.85,138.74,0.6261,1,-1,-1
477,77,622.72,649.79,56.93,151.14,0.7042,1,-1,-1
477,86,1463.86,312.14,51.11,106.27,0.7417,1,-1,-1
477,91,813.67,182.64,27.29,61.73,0.6826,1,-1,-1
477,90,1415.44,68.05,25.63,62.28,0.3040,1,-1,-1
478,1,563.06,293.40,56.09,101.35,0.6993,1,-1,-1
478,3,513.62,624.89,54.73,143.68,0.7295,1,-1,-1
478,0,405.72,405.44,62.49,123.47,0.7154,1,-1,-1
478,54,851.30,188.06,34.34,81.28,0.4737,1,-1,-1
478,36,1409.91,468.77,49.96,139.52,0.6095,1,-1,-1
478,77,623.48,646.89,56.14,148.81,0.6860,1,-1,-1
478,86,1463.26,308.35,52.08,108.37,0.6567,1,-1,-1
478,91,813.89,182.33,26.93,60.98,0.6792,1,-1,-1
478,90,1415.19,66.99,25.56,62.50,0.1865,1,-1,-1
478,99,1262.52,758.33,84.53,147.08,0.6188,1,-1,-1
479,1,561.98,292.51,54.76,101.21,0.6976,1,-1,-1
479,3,516.88,621.38,54.17,142.32,0.7372,1,-1,-1
479,0,406.07,400.99,63.94,125.68,0.7326,1,-1,-1
479,54,851.75,187.24,34.00,79.92,0.5029,1,-1,-1
479,36,1408.86,466.07,49.02,138.43,0.6792,1,-1,-1
479,77,625.74,643.22,56.28,148.60,0.6442,1,-1,-1
479,86,1462.21,308.16,51.48,107.49,0.6976,1,-1,-1
479,91,814.64,181.90,25.70,57.92,0.6935,1,-1,-1
479,90,1414.80,65.72,25.28,62.24,0.5039,1,-1,-1
479,99,1258.42,749.83,84.18,146.50,0.6826,1,-1,-1
480,1,557.49,290.93,54.16,101.60,0.7249,1,-1,-1
480,3,519.51,618.18,53.71,141.42,0.7025,1,-1,-1
480,0,406.41,397.50,64.28,125.87,0.7535,1,-1,-1
480,54,851.36,186.32,33.92,79.55,0.5205,1,-1,-1
480,36,1408.70,462.84,47.41,134.38,0.6706,1,-1,-1
480,77,628.16,639.38,55.90,147.27,0.6206,1,-1,-1
480,86,1461.12,306.55,51.27,107.73,0.6775,1,-1,-1
480,91,815.24,181.62,25.10,56.11,0.6935,1,-1,-1
480,90,1414.31,64.19,25.05,62.06,0.5088,1,-1,-1
480,99,1253.75,741.06,85.90,149.60,0.7892,1,-1,-1
481,1,553.33,289.32,54.31,103.01,0.7217,1,-1,-1
481,3,521.85,615.20,52.61,139.07,0.7202,1,-1,-1
481,0,406.04,396.07,63.11,123.72,0.7677,1,-1,-1
481,54,849.88,184.71,35.58,82.26,0.4130,1,-1,-1
481,36,1411.20,461.20,41.46,115.40,0.1037,1,-1,-1
481,77,629.51,633.92,56.05,147.39,0.6976,1,-1,-1
481,86,1460.11,308.15,49.01,104.07,0.3032,1,-1,-1
481,91,815.03,182.12,25.08,55.24,0.6151,1,-1,-1
481,90,1413.20,62.86,25.78,64.45,0.5351,1,-1,-1
482,1,551.72,289.17,53.53,102.78,0.7264,1,-1,-1
482,3,523.09,609.51,53.27,140.91,0.7520,1,-1,-1
482,0,408.40,394.05,63.61,123.53,0.7944,1,-1,-1
482,54,850.41,184.26,35.99,82.68,0.5851,1,-1,-1
482,36,1409.69,461.23,40.91,112.81,0.1556,1,-1,-1
482,77,630.89,629.50,56.57,147.96,0.6095,1,-1,-1
482,86,1457.88,306.07,49.02,104.83,0.7025,1,-1,-1
482,91,814.46,182.31,26.01,56.62,0.4883,1,-1,-1
482,90,1413.52,62.30,24.72,61.76,0.6105,1,-1,-1
483,1,552.39,289.55,51.79,100.28,0.7138,1,-1,-1
483,3,525.57,605.20,53.28,141.11,0.7326,1,-1,-1
483,0,409.33,392.88,62.85,121.98,0.7773,1,-1,-1
483,54,850.52,183.38,36.51,82.93,0.4513,1,-1,-1
483,36,1405.45,457.26,44.38,121.89,0.3775,1,-1,-1
483,77,633.25,626.56,56.33,146.42,0.5927,1,-1,-1
483,86,1455.28,300.81,50.78,108.62,0.6671,1,-1,-1
483,91,814.55,182.77,26.00,55.84,0.2751,1,-1,-1
483,90,1414.00,61.92,23.42,58.07,0.4824,1,-1,-1
483,102,1499.40,273.42,40.55,89.22,0.5955,1,-1,-1
484,1,552.11,287.79,51.45,100.35,0.7461,1,-1,-1
484,3,528.14,601.99,52.47,138.20,0.6584,1,-1,-1
484,0,410.49,392.04,61.90,119.91,0.7800,1,-1,-1
484,54,851.11,181.87,36.74,83.10,0.4397,1,-1,-1
484,36,1400.58,454.05,45.57,124.86,0.5870,1,-1,-1
484,77,633.29,622.54,56.04,145.24,0.4824,1,-1,-1
484,86,1453.76,298.78,50.60,108.50,0.6316,1,-1,-1
484,91,815.15,183.62,25.53,53.72,0.1651,1,-1,-1
484,90,1413.96,61.43,23.02,56.97,0.1672,1,-1,-1
484,102,1497.38,271.49,41.32,90.92,0.5574,1,-1,-1
484,99,1235.87,709.62,91.06,160.29,0.5679,1,-1,-1
485,1,551.03,286.34,51.68,100.84,0.7042,1,-1,-1
485,3,530.12,598.14,52.35,137.72,0.7295,1,-1,-1
485,0,409.13,391.03,59.77,117.53,0.7718,1,-1,-1
485,54,851.43,180.59,36.71,82.90,0.4436,1,-1,-1
485,36,1397.26,451.68,46.65,128.54,0.6261,1,-1,-1
485,77,635.36,618.89,55.66,144.20,0.4922,1,-1,-1
485,86,1454.32,299.15,49.51,105.97,0.6893,1,-1,-1
485,91,816.18,184.85,24.92,50.93,0.1027,1,-1,-1
485,90,1413.76,61.66,22.53,55.52,0.3675,1,-1,-1
485,102,1496.95,266.60,43.17,95.14,0.5670,1,-1,-1
485,103,2.49,197.01,39.37,84.33,0.5361,1,-1,-1
485,104,1051.22,162.07,28.50,65.84,0.5936,1,-1,-1
485,99,1232.46,696.51,95.14,169.76,0.5946,1,-1,-1
486,1,548.54,283.22,52.66,101.99,0.7635,1,-1,-1
486,3,531.40,595.22,51.93,136.12,0.7217,1,-1,-1
486,0,409.00,387.17,59.60,119.10,0.7295,1,-1,-1
486,54,851.67,179.52,36.58,82.14,0.4484,1,-1,-1
486,36,1394.47,449.17,47.17,130.33,0.5370,1,-1,-1
486,77,637.50,615.15,55.97,144.93,0.5718,1,-1,-1
486,86,1453.55,301.28,48.05,102.39,0.7387,1,-1,-1
486,90,1413.47,61.36,21.99,53.62,0.3989,1,-1,-1
486,102,1497.09,264.35,42.59,93.74,0.4600,1,-1,-1
486,103,3.59,195.99,38.55,82.39,0.3049,1,-1,-1
486,104,1047.78,161.69,28.43,65.98,0.5477,1,-1,-1
486,99,1229.85,689.13,95.21,172.34,0.6637,1,-1,-1
487,1,550.05,281.27,52.39,101.49,0.7905,1,-1,-1
487,3,533.13,591.67,52.78,137.76,0.6280,1,-1,-1
487,0,410.38,385.31,58.88,118.89,0.7202,1,-1,-1
487,54,851.64,179.02,36.56,81.26,0.4805,1,-1,-1
487,36,1390.45,445.66,46.79,129.27,0.3803,1,-1,-1
487,77,639.71,609.23,56.01,145.78,0.6567,1,-1,-1
487,86,1452.52,300.57,48.10,102.01,0.7379,1,-1,-1
487,90,1412.62,60.99,21.54,52.19,0.2309,1,-1,-1
487,102,1492.44,262.62,43.29,94.46,0.2114,1,-1,-1
487,103,8.12,195.14,38.05,81.17,0.3666,1,-1,-1
487,104,1046.06,161.87,26.42,61.47,0.2934,1,-1,-1
487,99,1229.46,686.31,91.38,166.72,0.5870,1,-1,-1
488,1,550.56,279.91,52.41,100.80,0.7592,1,-1,-1
488,3,536.79,587.40,52.64,137.79,0.7042,1,-1,-1
488,0,412.25,384.07,57.55,117.46,0.6654,1,-1,-1
488,54,851.56,177.62,36.93,81.74,0.3531,1,-1,-1
488,36,1385.57,442.53,49.16,135.38,0.6243,1,-1,-1
488,77,642.29,605.30,55.29,143.86,0.7025,1,-1,-1
488,86,1449.05,297.53,48.99,103.39,0.6424,1,-1,-1
488,102,1491.45,261.50,43.72,94.54,0.5254,1,-1,-1
488,103,11.85,194.56,37.75,80.43,0.2415,1,-1,-1
488,104,1041.36,159.61,26.57,62.19,0.3355,1,-1,-1
488,99,1225.74,671.80,94.62,175.54,0.6926,1,-1,-1
489,1,548.79,278.53,51.59,98.80,0.6976,1,-1,-1
489,3,539.86,582.89,51.51,136.01,0.7356,1,-1,-1
489,0,414.63,382.07,56.68,116.77,0.6775,1,-1,-1
489,54,851.16,176.11,36.35,80.78,0.3886,1,-1,-1
489,36,1381.94,440.38,49.45,135.22,0.6689,1,-1,-1
489,77,644.48,601.40,54.59,142.49,0.6077,1,-1,-1
489,86,1446.61,296.38,48.34,102.03,0.6993,1,-1,-1
489,102,1489.85,260.34,44.03,94.56,0.5889,1,-1,-1
489,104,1039.88,158.63,25.80,60.68,0.1074,1,-1,-1
490,1,548.14,276.09,52.29,99.24,0.7122,1,-1,-1
490,3,542.94,578.92,51.11,135.39,0.7186,1,-1,-1
490,0,416.47,379.63,56.39,116.79,0.7042,1,-1,-1
490,54,851.53,174.75,36.49,80.99,0.3390,1,-1,-1
490,36,1380.50,437.59,49.55,135.20,0.5813,1,-1,-1
490,77,645.75,597.86,54.58,142.03,0.6352,1,-1,-1
490,86,1445.23,297.16,46.95,99.09,0.7264,1,-1,-1
490,102,1487.73,261.28,43.47,92.26,0.2967,1,-1,-1
490,104,1038.14,155.61,25.04,59.27,0.2494,1,-1,-1
491,1,546.39,275.15,53.05,98.56,0.6943,1,-1,-1
491,3,545.38,577.30,47.26,123.69,0.6270,1,-1,-1
491,0,416.75,376.95,55.02,115.74,0.6680,1,-1,-1
491,54,852.06,172.13,36.49,80.60,0.1700,1,-1,-1
491,36,1377.52,434.74,49.67,135.32,0.5078,1,-1,-1
491,77,648.35,593.88,53.89,140.36,0.6298,1,-1,-1
491,86,1444.17,294.15,47.12,99.44,0.7295,1,-1,-1
491,102,1486.32,261.69,43.58,91.33,0.4717,1,-1,-1
492,1,543.49,274.26,54.45,97.90,0.7387,1,-1,-1
492,3,546.83,571.96,48.46,127.42,0.6584,1,-1,-1
492,0,421.82,372.54,56.07,117.41,0.6809,1,-1,-1
492,54,852.63,172.24,36.79,80.69,0.4727,1,-1,-1
492,36,1375.46,432.17,48.96,132.67,0.6442,1,-1,-1
492,77,649.25,589.12,53.78,140.26,0.6723,1,-1,-1
492,86,1443.10,291.02,48.14,101.20,0.7564,1,-1,-1
492,102,1484.45,259.33,44.32,91.89,0.4282,1,-1,-1
493,1,542.06,271.44,55.76,98.29,0.7154,1,-1,-1
493,3,549.32,567.32,49.36,130.64,0.7042,1,-1,-1
493,0,423.88,370.22,55.36,116.58,0.6243,1,-1,-1
493,54,852.82,170.87,36.34,79.47,0.3268,1,-1,-1
493,36,1372.57,429.29,48.41,131.20,0.6442,1,-1,-1
493,77,650.20,583.76,54.09,140.62,0.5699,1,-1,-1
493,86,1442.61,291.08,47.84,100.09,0.7491,1,-1,-1
493,102,1483.28,258.91,43.85,89.90,0.4111,1,-1,-1
494,1,544.88,268.86,55.96,98.80,0.7074,1,-1,-1
494,3,550.96,561.47,49.46,131.13,0.6671,1,-1,-1
494,0,424.63,368.35,54.62,116.19,0.6531,1,-1,-1
494,54,851.98,169.46,35.98,78.67,0.3208,1,-1,-1
494,36,1370.43,426.19,47.78,129.37,0.5927,1,-1,-1
494,77,650.49,579.36,53.95,139.41,0.5312,1,-1,-1
494,86,1440.09,287.68,48.28,100.91,0.4678,1,-1,-1
494,102,1483.76,254.36,45.24,92.07,0.1883,1,-1,-1
494,99,1217.36,663.89,73.34,139.48,0.5851,1,-1,-1
495,1,543.80,266.31,56.29,99.12,0.7564,1,-1,-1
495,3,553.83,557.40,49.23,130.72,0.7402,1,-1,-1
495,0,425.41,365.54,51.65,111.54,0.6960,1,-1,-1
495,54,852.00,168.30,35.47,77.51,0.3831,1,-1,-1
495,36,1369.86,427.16,42.74,114.43,0.6011,1,-1,-1
495,77,652.13,574.50,54.50,139.96,0.4206,1,-1,-1
495,86,1436.66,283.05,48.53,102.27,0.3320,1,-1,-1
496,1,541.16,264.24,56.54,98.71,0.8187,1,-1,-1
496,3,556.55,554.20,48.81,129.14,0.6370,1,-1,-1
496,0,426.55,363.10,50.10,109.94,0.7295,1,-1,-1
496,54,851.29,167.03,36.10,78.92,0.4083,1,-1,-1
496,36,1366.83,425.70,42.26,111.65,0.5593,1,-1,-1
496,77,655.80,569.82,54.45,139.41,0.4397,1,-1,-1
496,86,1435.59,282.07,47.11,99.82,0.4717,1,-1,-1
497,1,541.68,262.17,56.60,99.28,0.8105,1,-1,-1
497,3,558.49,548.70,48.51,128.47,0.6758,1,-1,-1
497,0,428.72,359.65,49.90,110.58,0.6496,1,-1,-1
497,54,852.15,166.87,35.69,77.94,0.4121,1,-1,-1
497,36,1364.48,419.65,41.84,109.95,0.3785,1,-1,-1
497,77,660.23,566.26,53.45,137.44,0.4552,1,-1,-1
497,86,1433.89,280.64,46.26,98.47,0.4620,1,-1,-1
498,1,542.83,260.25,56.18,99.42,0.8069,1,-1,-1
498,3,562.08,544.87,47.59,126.41,0.6993,1,-1,-1
498,0,430.74,356.80,50.31,112.18,0.6943,1,-1,-1
498,54,853.17,166.74,35.01,76.28,0.4776,1,-1,-1
498,36,1361.94,416.92,42.50,111.26,0.4216,1,-1,-1
498,77,663.09,560.66,52.91,136.08,0.5603,1,-1,-1
498,86,1431.77,279.03,45.46,98.00,0.7326,1,-1,-1
499,1,544.92,258.55,55.30,98.70,0.7879,1,-1,-1
499,3,565.80,540.52,47.31,126.16,0.7170,1,-1,-1
499,0,434.02,353.59,49.87,112.02,0.6058,1,-1,-1
499,54,854.58,167.40,33.94,73.42,0.1086,1,-1,-1
499,36,1356.38,411.62,46.78,122.45,0.3785,1,-1,-1
499,77,665.24,555.72,52.95,136.17,0.5429,1,-1,-1
499,86,1430.47,276.86,45.18,98.20,0.6671,1,-1,-1
500,1,546.34,256.89,54.41,98.04,0.8164,1,-1,-1
500,3,568.65,535.87,47.17,126.66,0.7042,1,-1,-1
500,0,436.69,350.77,50.03,112.10,0.5813,1,-1,-1
500,54,855.50,169.62,32.63,70.10,0.1505,1,-1,-1
500,77,667.83,550.17,53.50,137.12,0.5195,1,-1,-1
500,86,1427.99,274.32,44.82,98.24,0.6740,1,-1,-1
501,1,551.31,254.89,52.94,98.03,0.6039,1,-1,-1
501,3,571.37,531.68,46.67,125.53,0.6654,1,-1,-1
501,0,437.97,347.88,50.36,113.43,0.6095,1,-1,-1
501,77,668.83,545.73,52.94,135.41,0.6860,1,-1,-1
501,86,1426.72,274.36,43.21,95.57,0.7138,1,-1,-1
502,1,556.84,253.63,50.50,96.26,0.6406,1,-1,-1
502,3,573.90,526.82,46.05,123.76,0.7025,1,-1,-1
502,0,439.98,345.36,49.35,112.15,0.6169,1,-1,-1
502,77,670.56,541.00,52.33,134.00,0.7025,1,-1,-1
502,86,1425.38,273.65,42.10,93.32,0.6843,1,-1,-1
502,107,838.72,1016.18,74.83,63.82,0.6352,1,-1,-1
502,108,567.90,254.44,29.33,85.32,0.5020,1,-1,-1
502,36,1344.34,401.12,50.98,134.38,0.5870,1,-1,-1
503,1,559.07,252.52,48.74,95.09,0.6637,1,-1,-1
503,3,576.72,522.02,43.78,116.99,0.6663,1,-1,-1
503,0,440.98,342.29,48.96,112.20,0.6077,1,-1,-1
503,77,671.40,535.27,52.56,134.31,0.7122,1,-1,-1
503,86,1424.11,273.07,41.49,91.98,0.6628,1,-1,-1
503,107,842.57,1006.29,86.31,73.71,0.5946,1,-1,-1
503,36,1345.66,400.78,46.39,122.00,0.5936,1,-1,-1
503,99,1184.80,581.10,81.59,158.75,0.6567,1,-1,-1
504,1,560.63,251.31,47.55,94.63,0.6910,1,-1,-1
504,3,579.08,518.38,42.22,112.30,0.6697,1,-1,-1
504,0,443.99,339.77,47.90,108.85,0.5506,1,-1,-1
504,77,673.52,530.00,52.46,134.12,0.6843,1,-1,-1
504,86,1422.70,270.28,41.76,92.54,0.4600,1,-1,-1
504,107,850.08,996.42,97.47,83.58,0.6809,1,-1,-1
504,36,1346.12,400.91,43.70,114.44,0.4542,1,-1,-1
504,99,1182.51,576.22,77.22,153.57,0.5156,1,-1,-1
505,1,561.79,249.05,46.81,94.85,0.7138,1,-1,-1
505,3,582.22,514.69,43.04,114.15,0.6522,1,-1,-1
505,0,447.34,336.77,46.71,106.95,0.2744,1,-1,-1
505,77,674.82,525.23,52.17,133.22,0.6225,1,-1,-1
505,86,1420.12,271.40,39.70,88.31,0.4795,1,-1,-1
505,107,852.15,987.10,108.52,92.90,0.6316,1,-1,-1
505,36,1343.46,395.67,42.86,112.49,0.4073,1,-1,-1
505,54,856.45,158.03,35.22,75.93,0.5332,1,-1,-1
506,1,564.59,247.99,45.32,93.74,0.7249,1,-1,-1
506,3,582.89,508.00,45.28,120.10,0.6976,1,-1,-1
506,0,449.13,333.53,47.81,108.82,0.5195,1,-1,-1
506,77,677.03,521.10,51.75,131.84,0.4446,1,-1,-1
506,86,1418.90,270.64,38.80,86.49,0.6918,1,-1,-1
506,107,854.33,977.27,119.71,102.24,0.7931,1,-1,-1
506,36,1336.91,390.03,47.66,125.43,0.5545,1,-1,-1
506,109,1438.19,35.11,23.13,48.31,0.5879,1,-1,-1
506,54,858.34,157.66,34.17,72.93,0.5254,1,-1,-1
507,1,568.16,246.09,44.24,93.69,0.6976,1,-1,-1
507,3,585.81,501.59,45.64,121.52,0.6298,1,-1,-1
507,0,451.63,330.16,48.60,109.74,0.5964,1,-1,-1
507,77,681.44,515.72,51.08,130.02,0.6531,1,-1,-1
507,86,1417.39,268.83,38.49,86.04,0.7256,1,-1,-1
507,107,874.95,966.72,128.69,112.48,0.6689,1,-1,-1
507,36,1338.59,386.97,40.65,107.05,0.4465,1,-1,-1
507,109,1436.72,35.29,22.86,47.80,0.5842,1,-1,-1
507,54,859.74,155.71,34.13,72.76,0.2942,1,-1,-1
508,1,570.90,244.31,43.26,93.69,0.7154,1,-1,-1
508,3,589.70,497.52,45.00,120.34,0.6478,1,-1,-1
508,0,453.69,327.29,49.42,111.56,0.6910,1,-1,-1
508,77,683.76,510.65,50.71,129.51,0.5641,1,-1,-1
508,86,1415.72,264.47,38.99,87.27,0.6049,1,-1,-1
508,107,883.28,954.29,139.39,124.72,0.7186,1,-1,-1
508,36,1332.55,381.84,47.36,124.64,0.4756,1,-1,-1
508,109,1434.91,35.15,22.59,47.35,0.5293,1,-1,-1
508,54,860.67,155.59,33.93,71.94,0.2666,1,-1,-1
509,1,573.48,242.31,42.21,93.12,0.7372,1,-1,-1
509,3,592.54,493.07,43.59,116.51,0.6918,1,-1,-1
509,0,457.54,324.40,49.26,111.30,0.7249,1,-1,-1
509,77,686.95,506.30,49.81,127.85,0.5117,1,-1,-1
509,86,1412.35,259.51,40.47,90.87,0.5964,1,-1,-1
509,107,891.31,940.79,149.11,137.34,0.6993,1,-1,-1
509,36,1330.18,378.18,47.47,125.17,0.5679,1,-1,-1
509,109,1432.35,31.35,24.34,51.16,0.5380,1,-1,-1
509,54,861.75,154.87,33.36,70.38,0.3007,1,-1,-1
510,1,576.40,241.22,40.81,91.94,0.7424,1,-1,-1
510,3,595.33,487.37,43.50,117.41,0.6478,1,-1,-1
510,0,459.93,321.59,49.06,111.04,0.7417,1,-1,-1
510,77,688.73,500.24,49.68,128.30,0.5813,1,-1,-1
510,86,1410.14,256.43,40.33,90.95,0.6531,1,-1,-1
510,107,892.40,925.12,160.53,152.10,0.7025,1,-1,-1
510,36,1328.98,375.52,45.27,119.57,0.4824,1,-1,-1
510,109,1430.91,31.44,23.89,50.44,0.6067,1,-1,-1
510,54,863.68,154.76,31.51,66.54,0.3065,1,-1,-1
510,99,1161.94,537.97,71.07,142.42,0.5351,1,-1,-1
511,1,578.84,239.04,40.06,92.20,0.7780,1,-1,-1
511,3,598.71,482.71,42.77,115.71,0.6809,1,-1,-1
511,0,461.79,318.06,48.88,110.58,0.7773,1,-1,-1
511,77,691.18,495.29,48.94,127.40,0.5699,1,-1,-1
511,86,1408.57,254.00,39.83,90.32,0.1520,1,-1,-1
511,107,892.85,910.76,171.82,167.62,0.7476,1,-1,-1
511,36,1324.13,370.67,47.41,125.60,0.2926,1,-1,-1
511,54,864.74,153.37,30.15,63.65,0.3251,1,-1,-1
511,99,1157.74,526.96,74.13,149.13,0.5545,1,-1,-1
512,1,581.18,236.64,39.22,91.30,0.7892,1,-1,-1
512,3,601.99,477.39,42.38,114.41,0.6680,1,-1,-1
512,0,464.19,315.64,48.36,108.97,0.6926,1,-1,-1
512,77,691.84,488.83,49.17,128.56,0.5254,1,-1,-1
512,86,1406.07,246.37,41.84,95.54,0.2147,1,-1,-1
512,107,897.45,897.84,178.32,179.81,0.7549,1,-1,-1
512,36,1321.05,366.58,46.88,125.16,0.4922,1,-1,-1
512,54,864.79,148.99,31.00,65.96,0.2775,1,-1,-1
512,99,1156.48,523.37,73.24,145.00,0.2056,1,-1,-1
513,1,583.85,234.84,38.43,90.90,0.7773,1,-1,-1
513,3,603.91,473.25,40.99,110.32,0.7017,1,-1,-1
513,0,468.53,312.94,47.57,107.47,0.7341,1,-1,-1
513,77,695.34,484.55,48.73,126.75,0.5234,1,-1,-1
513,86,1404.39,240.86,42.60,97.98,0.2282,1,-1,-1
513,107,899.06,885.66,183.68,190.89,0.6993,1,-1,-1
513,36,1318.12,363.12,47.56,127.91,0.6567,1,-1,-1
513,54,865.78,146.35,30.99,65.63,0.4426,1,-1,-1
513,99,1153.27,516.65,72.54,142.94,0.1052,1,-1,-1
514,1,586.86,232.85,37.74,90.92,0.7670,1,-1,-1
514,3,607.13,468.77,40.90,109.76,0.6968,1,-1,-1
514,0,472.50,309.82,47.07,106.63,0.7042,1,-1,-1
514,77,696.80,480.35,47.99,124.56,0.6549,1,-1,-1
514,86,1403.81,244.21,39.40,91.00,0.3905,1,-1,-1
514,107,906.05,873.93,185.15,198.03,0.1471,1,-1,-1
514,36,1316.89,360.64,45.71,123.69,0.5234,1,-1,-1
514,54,866.16,144.94,30.99,65.79,0.4766,1,-1,-1
514,99,1148.96,509.31,74.09,146.46,0.1551,1,-1,-1
515,1,590.23,230.61,36.75,89.75,0.7409,1,-1,-1
515,3,609.15,462.02,42.45,114.00,0.6876,1,-1,-1
515,0,476.42,306.44,46.57,106.63,0.6860,1,-1,-1
515,77,699.39,474.60,47.64,123.69,0.6406,1,-1,-1
515,86,1402.44,242.79,39.21,91.03,0.4951,1,-1,-1
515,36,1317.27,357.28,43.03,116.61,0.5293,1,-1,-1
515,54,866.06,140.31,32.56,69.97,0.6058,1,-1,-1
515,111,836.49,139.73,25.16,56.59,0.5293,1,-1,-1
515,112,960.95,866.85,104.97,160.70,0.4513,1,-1,-1
516,1,592.84,227.89,36.16,88.62,0.7606,1,-1,-1
516,3,612.20,457.02,43.62,117.18,0.6593,1,-1,-1
516,0,479.49,303.22,45.21,104.11,0.6531,1,-1,-1
516,77,701.22,469.09,47.38,123.28,0.5737,1,-1,-1
516,86,1400.00,241.15,38.52,89.15,0.3007,1,-1,-1
516,36,1316.71,355.50,40.44,109.58,0.3217,1,-1,-1
516,54,866.36,137.76,33.11,72.01,0.6334,1,-1,-1
516,111,838.20,137.81,25.90,58.40,0.6151,1,-1,-1
516,113,5.60,559.29,50.25,147.88,0.6740,1,-1,-1
517,1,596.01,225.80,35.73,87.77,0.7732,1,-1,-1
517,3,614.34,450.56,43.85,117.42,0.6343,1,-1,-1
517,0,483.05,300.62,44.66,103.59,0.7295,1,-1,-1
517,77,701.92,462.43,47.24,122.78,0.5737,1,-1,-1
517,86,1398.83,242.01,36.88,85.54,0.1109,1,-1,-1
517,36,1314.83,349.57,40.52,109.67,0.4007,1,-1,-1
517,54,867.14,136.23,32.89,72.00,0.6002,1,-1,-1
517,111,840.59,136.31,25.16,56.79,0.5964,1,-1,-1
517,113,11.27,555.63,51.32,149.51,0.7969,1,-1,-1
518,1,599.10,223.99,35.42,87.49,0.7649,1,-1,-1
518,3,617.56,446.44,41.94,111.70,0.6885,1,-1,-1
518,0,484.60,297.10,44.96,105.13,0.7372,1,-1,-1
518,77,705.01,457.39,47.06,122.55,0.5059,1,-1,-1
518,36,1313.61,347.18,40.15,107.84,0.1925,1,-1,-1
518,54,867.79,135.00,33.18,72.85,0.6077,1,-1,-1
518,111,842.05,134.69,25.82,58.49,0.5467,1,-1,-1
518,113,17.68,551.86,50.86,145.46,0.7813,1,-1,-1
518,114,957.28,115.16,26.40,65.00,0.4815,1,-1,-1
519,1,602.83,222.33,35.34,86.35,0.7840,1,-1,-1
519,3,620.59,441.90,40.96,109.30,0.6095,1,-1,-1
519,0,487.09,294.07,44.73,105.47,0.7295,1,-1,-1
519,77,706.92,452.53,46.38,120.85,0.5078,1,-1,-1
519,36,1311.54,343.73,38.96,104.05,0.3355,1,-1,-1
519,54,868.08,133.65,33.20,73.04,0.6039,1,-1,-1
519,111,840.99,132.14,28.51,64.90,0.5156,1,-1,-1
519,113,27.45,546.88,51.22,143.35,0.7800,1,-1,-1
519,114,955.15,113.92,26.05,64.23,0.4378,1,-1,-1
520,1,605.66,219.06,36.16,87.06,0.7840,1,-1,-1
520,3,623.12,437.02,40.66,108.76,0.6860,1,-1,-1
520,0,490.05,291.64,44.35,104.90,0.6370,1,-1,-1
520,77,710.79,448.12,46.19,120.58,0.6671,1,-1,-1
520,36,1307.64,340.21,39.48,104.48,0.3007,1,-1,-1
520,54,868.46,131.70,33.34,73.48,0.6151,1,-1,-1
520,111,840.99,130.40,27.97,63.65,0.4513,1,-1,-1
520,113,39.50,542.65,50.87,138.47,0.7186,1,-1,-1
520,114,954.00,112.79,23.94,59.00,0.4571,1,-1,-1
521,1,607.41,216.61,36.83,87.10,0.7982,1,-1,-1
521,3,625.29,432.90,40.78,108.96,0.6732,1,-1,-1
521,0,493.95,289.02,43.14,102.46,0.7098,1,-1,-1
521,77,712.55,444.20,45.48,118.40,0.6478,1,-1,-1
521,54,869.03,130.39,33.62,74.57,0.6505,1,-1,-1
521,111,841.87,128.12,27.68,63.01,0.5756,1,-1,-1
521,113,50.83,539.35,50.42,132.99,0.8056,1,-1,-1
521,114,948.17,112.72,26.09,64.43,0.5176,1,-1,-1
521,116,1765.36,985.49,112.99,94.51,0.6225,1,-1,-1
522,1,609.61,214.95,37.54,87.22,0.7786,1,-1,-1
522,3,627.24,427.15,41.24,109.91,0.6951,1,-1,-1
522,0,497.03,284.33,42.98,102.29,0.5993,1,-1,-1
522,77,714.85,438.07,45.25,119.01,0.6114,1,-1,-1
522,54,869.58,129.78,32.36,71.75,0.6105,1,-1,-1
522,111,843.88,126.78,26.69,60.90,0.4225,1,-1,-1
522,113,62.06,534.17,51.26,129.64,0.8056,1,-1,-1
522,114,946.06,112.86,25.87,64.09,0.4571,1,-1,-1
522,116,1739.12,969.58,131.31,110.42,0.4854,1,-1,-1
523,1,613.67,213.61,37.88,86.49,0.7635,1,-1,-1
523,3,630.11,424.25,40.32,107.09,0.6935,1,-1,-1
523,0,500.86,283.46,41.25,98.83,0.6496,1,-1,-1
523,77,716.29,433.85,44.84,117.66,0.5737,1,-1,-1
523,54,870.18,129.09,31.52,69.78,0.5727,1,-1,-1
523,111,845.98,125.18,25.72,58.74,0.4562,1,-1,-1
523,113,79.58,527.15,55.71,131.42,0.7326,1,-1,-1
523,114,944.40,112.15,26.16,64.73,0.4941,1,-1,-1
523,116,1709.54,949.66,153.14,130.34,0.8081,1,-1,-1
523,86,1384.32,221.65,38.94,91.27,0.5254,1,-1,-1
523,36,1298.28,328.88,43.63,116.23,0.5234,1,-1,-1
524,1,616.48,212.38,38.33,85.70,0.7827,1,-1,-1
524,3,632.02,419.91,40.60,108.46,0.6496,1,-1,-1
524,0,504.24,280.88,41.22,99.83,0.6993,1,-1,-1
524,77,717.35,429.26,44.80,117.76,0.4854,1,-1,-1
524,54,871.29,128.08,30.89,68.65,0.5078,1,-1,-1
524,111,846.86,123.13,25.47,58.33,0.4766,1,-1,-1
524,113,88.98,518.73,61.25,137.25,0.8032,1,-1,-1
524,114,943.09,111.49,25.75,63.46,0.4756,1,-1,-1
524,116,1681.88,931.01,171.44,148.50,0.5908,1,-1,-1
524,86,1383.49,221.56,37.87,89.49,0.5273,1,-1,-1
524,36,1295.44,325.15,44.12,118.36,0.3877,1,-1,-1
525,1,618.90,210.63,38.64,84.93,0.7718,1,-1,-1
525,3,634.71,414.85,40.87,109.51,0.6901,1,-1,-1
525,0,507.53,278.87,40.88,99.50,0.7564,1,-1,-1
525,77,719.17,423.88,44.33,117.64,0.4045,1,-1,-1
525,54,872.98,126.99,30.07,67.50,0.4263,1,-1,-1
525,111,849.97,121.73,23.34,53.45,0.3149,1,-1,-1
525,113,95.87,511.94,64.47,139.97,0.7663,1,-1,-1
525,114,940.88,109.52,23.66,58.49,0.4834,1,-1,-1
525,116,1652.06,912.51,188.68,167.13,0.6792,1,-1,-1
525,86,1383.00,220.47,36.41,87.13,0.3803,1,-1,-1
525,36,1292.79,320.26,44.78,120.58,0.3166,1,-1,-1
525,119,517.18,938.17,343.23,141.83,0.4717,4,-1,-1
526,1,620.35,209.27,38.69,83.86,0.7635,1,-1,-1
526,3,637.37,411.17,41.20,110.94,0.6800,1,-1,-1
526,0,510.41,276.08,40.43,99.29,0.7162,1,-1,-1
526,77,722.95,420.28,44.04,115.98,0.5679,1,-1,-1
526,54,874.32,125.08,28.89,65.15,0.3621,1,-1,-1
526,111,851.18,120.46,23.76,54.24,0.1830,1,-1,-1
526,113,107.08,506.29,65.94,139.94,0.8081,1,-1,-1
526,114,939.12,107.96,21.68,53.73,0.5631,1,-1,-1
526,116,1619.21,896.18,202.24,183.27,0.7649,1,-1,-1
526,86,1382.15,218.16,35.15,84.95,0.1651,1,-1,-1
526,36,1292.10,317.57,43.61,118.66,0.3200,1,-1,-1
526,119,481.41,926.47,370.69,153.53,0.2069,4,-1,-1
526,120,135.20,144.92,41.30,90.26,0.4883,1,-1,-1
526,121,110.30,165.13,52.33,74.65,0.6558,1,-1,-1
527,1,622.10,206.60,39.45,84.73,0.7564,1,-1,-1
527,3,640.76,407.45,39.95,107.39,0.6766,1,-1,-1
527,0,513.98,273.38,38.87,95.84,0.5860,1,-1,-1
527,77,724.21,416.36,44.37,116.27,0.6826,1,-1,-1
527,54,873.28,124.06,30.07,67.98,0.4951,1,-1,-1
527,111,853.56,120.52,20.94,47.10,0.1525,2,-1,-1
527,113,119.08,501.55,68.26,141.81,0.7931,1,-1,-1
527,114,937.22,105.15,22.55,55.78,0.4737,1,-1,-1
527,116,1595.24,880.28,207.15,192.22,0.1192,1,-1,-1
527,119,436.51,911.59,406.48,168.41,0.1394,4,-1,-1
527,120,138.30,143.68,40.45,88.33,0.4902,1,-1,-1
527,121,114.15,162.83,52.58,75.05,0.6531,1,-1,-1
528,1,624.17,204.20,39.95,84.83,0.7635,1,-1,-1
528,3,642.38,402.53,38.85,103.41,0.7114,1,-1,-1
528,0,516.80,271.56,38.46,95.51,0.6680,1,-1,-1
528,77,726.47,411.53,43.81,115.13,0.6758,1,-1,-1
528,54,873.33,122.77,30.53,69.19,0.4073,1,-1,-1
528,111,854.44,118.79,20.62,45.91,0.1772,1,-1,-1
528,113,129.48,495.68,70.67,144.44,0.8176,1,-1,-1
528,114,934.35,102.54,23.84,58.56,0.5127,1,-1,-1
528,120,143.58,144.23,34.11,74.21,0.2075,1,-1,-1
528,121,119.84,160.71,53.41,76.08,0.6077,1,-1,-1
529,1,626.15,201.82,39.91,84.07,0.7372,1,-1,-1
529,3,644.74,397.71,38.39,102.34,0.6689,1,-1,-1
529,0,519.28,268.05,38.75,97.10,0.6433,1,-1,-1
529,77,727.05,407.44,43.30,114.02,0.6758,1,-1,-1
529,54,873.84,120.19,30.98,70.75,0.5574,1,-1,-1
529,111,854.17,116.61,24.10,53.78,0.4187,1,-1,-1
529,113,141.67,491.40,71.35,144.09,0.8256,1,-1,-1
529,114,933.00,100.28,23.51,57.91,0.5936,1,-1,-1
529,120,147.57,142.17,29.67,64.53,0.3478,1,-1,-1
529,121,123.32,159.23,54.23,77.17,0.6243,1,-1,-1
530,1,630.25,200.34,32.48,67.39,0.5670,1,-1,-1
530,3,647.78,393.91,38.05,102.19,0.7186,1,-1,-1
530,0,523.57,265.84,37.65,95.02,0.6876,1,-1,-1
530,77,728.34,401.63,42.77,112.89,0.6514,1,-1,-1
530,54,874.54,118.77,30.50,69.91,0.5708,1,-1,-1
530,111,854.57,115.35,24.82,55.51,0.4083,1,-1,-1
530,113,153.87,489.47,70.43,140.19,0.8199,1,-1,-1
530,114,930.73,98.40,23.97,58.92,0.5917,1,-1,-1
530,121,123.90,156.80,50.84,72.96,0.4092,1,-1,-1
530,36,1283.18,305.84,41.75,111.23,0.5756,1,-1,-1
531,1,628.85,197.29,38.27,78.61,0.7233,1,-1,-1
531,3,650.08,388.28,38.80,104.45,0.6749,1,-1,-1
531,0,526.88,262.88,37.22,94.28,0.6758,1,-1,-1
531,77,730.24,396.81,42.74,112.66,0.6876,1,-1,-1
531,54,875.01,118.16,30.27,69.30,0.3442,1,-1,-1
531,113,166.54,487.86,67.91,133.41,0.8129,1,-1,-1
531,114,928.66,97.01,24.12,59.38,0.5496,1,-1,-1
531,121,126.90,154.01,49.50,71.81,0.2012,1,-1,-1
531,36,1282.73,301.99,41.22,109.81,0.5813,1,-1,-1
531,86,1373.28,204.77,33.98,84.24,0.5448,1,-1,-1
532,1,629.81,195.12,40.15,81.08,0.7387,1,-1,-1
532,3,652.31,384.47,38.33,103.05,0.6289,1,-1,-1
532,0,529.82,261.10,36.99,94.39,0.7264,1,-1,-1
532,77,731.72,391.89,42.39,111.91,0.5794,1,-1,-1
532,54,875.69,116.80,30.50,69.75,0.3775,1,-1,-1
532,113,179.41,485.25,65.93,127.71,0.8056,1,-1,-1
532,114,925.66,96.02,24.37,59.37,0.5746,1,-1,-1
532,121,133.85,152.00,50.53,73.32,0.1913,1,-1,-1
532,36,1282.42,298.24,39.53,106.65,0.1556,1,-1,-1
532,86,1372.49,203.12,32.86,83.23,0.4542,1,-1,-1
533,1,633.36,192.58,39.70,80.21,0.5545,1,-1,-1
533,3,654.76,380.08,38.10,101.99,0.6160,1,-1,-1
533,0,532.69,258.61,36.71,94.58,0.6910,1,-1,-1
533,77,734.16,387.21,41.80,110.92,0.5603,1,-1,-1
533,54,876.68,115.14,29.94,68.33,0.3812,1,-1,-1
533,113,192.27,479.87,65.67,125.73,0.6723,1,-1,-1
533,114,923.95,95.24,24.26,58.74,0.5898,1,-1,-1
533,121,137.82,151.41,49.39,71.85,0.5000,1,-1,-1
534,1,637.10,191.03,39.59,81.13,0.6619,1,-1,-1
534,3,657.46,375.72,37.28,99.70,0.5409,1,-1,-1
534,0,535.54,256.09,36.69,94.82,0.6206,1,-1,-1
534,77,737.87,382.69,40.76,108.88,0.3208,1,-1,-1
534,54,876.55,113.58,30.55,69.99,0.4698,1,-1,-1
534,113,204.64,474.00,64.98,123.17,0.7705,1,-1,-1
534,114,921.97,95.09,24.65,59.15,0.6067,1,-1,-1
534,121,142.47,149.39,49.70,72.38,0.2316,1,-1,-1
535,1,640.39,189.58,38.81,80.88,0.6225,1,-1,-1
535,3,660.45,372.44,36.84,98.58,0.6817,1,-1,-1
535,0,538.33,251.39,37.12,96.63,0.5727,1,-1,-1
535,77,740.97,378.19,40.44,108.53,0.5390,1,-1,-1
535,54,876.50,112.81,30.61,70.55,0.6160,1,-1,-1
535,113,216.67,467.70,66.22,124.65,0.6740,1,-1,-1
535,114,918.84,94.83,25.49,60.51,0.6142,1,-1,-1
535,121,146.96,148.47,50.20,72.97,0.3748,1,-1,-1
536,1,642.25,186.68,35.28,72.61,0.5020,1,-1,-1
536,3,662.87,367.90,37.02,99.04,0.6451,1,-1,-1
536,0,542.04,249.32,36.44,95.15,0.6361,1,-1,-1
536,77,742.38,374.61,39.88,107.40,0.6654,1,-1,-1
536,54,876.51,111.52,29.44,67.27,0.3504,1,-1,-1
536,113,228.85,462.11,65.89,122.48,0.7564,1,-1,-1
536,114,918.16,93.62,26.05,61.50,0.4844,1,-1,-1
536,121,148.97,146.25,48.86,71.39,0.1422,1,-1,-1
537,1,645.37,185.31,36.81,76.58,0.6188,1,-1,-1
537,3,665.34,363.39,36.38,97.22,0.6868,1,-1,-1
537,0,546.12,246.79,35.44,92.79,0.6270,1,-1,-1
537,77,742.30,369.46,39.72,107.01,0.6478,1,-1,-1
537,54,876.48,109.24,30.46,69.87,0.4766,1,-1,-1
537,113,241.38,455.98,66.98,123.15,0.6261,1,-1,-1
537,114,917.32,92.78,26.12,61.55,0.5390,1,-1,-1
537,121,156.74,137.33,54.20,80.00,0.1877,1,-1,-1
537,126,1517.98,724.44,74.28,155.72,0.6352,1,-1,-1
538,1,649.67,183.07,36.88,78.50,0.5574,1,-1,-1
538,3,667.81,359.67,36.27,96.70,0.5936,1,-1,-1
538,0,549.37,243.04,35.77,93.92,0.5651,1,-1,-1
538,77,743.88,365.07,39.94,107.40,0.4815,1,-1,-1
538,54,877.08,107.48,30.63,70.36,0.5574,1,-1,-1
538,113,253.43,450.47,68.73,125.16,0.8267,1,-1,-1
538,114,916.28,91.86,25.96,61.66,0.5380,1,-1,-1
538,121,159.89,139.09,52.15,77.34,0.3585,1,-1,-1
538,126,1505.97,711.81,74.89,157.29,0.7879,1,-1,-1
539,1,652.12,180.39,35.92,77.95,0.5708,1,-1,-1
539,3,669.68,355.58,35.52,95.11,0.6169,1,-1,-1
539,0,552.43,241.59,35.22,92.76,0.6388,1,-1,-1
539,77,746.49,360.66,37.82,102.85,0.4102,1,-1,-1
539,54,877.11,106.33,30.75,70.56,0.5390,1,-1,-1
539,113,264.50,446.07,70.05,126.35,0.8267,1,-1,-1
539,114,915.53,90.92,24.78,59.43,0.5974,1,-1,-1
539,121,166.11,134.12,54.52,81.44,0.1801,1,-1,-1
539,126,1495.81,698.71,71.43,150.19,0.7759,1,-1,-1
540,1,654.20,178.72,36.89,81.59,0.5804,1,-1,-1
540,3,672.25,350.81,35.15,94.47,0.6885,1,-1,-1
540,0,556.33,240.00,34.68,91.41,0.6706,1,-1,-1
540,77,748.84,356.19,37.54,103.02,0.4263,1,-1,-1
540,54,879.17,104.39,30.11,69.99,0.4717,1,-1,-1
540,113,274.53,441.48,71.03,128.07,0.8322,1,-1,-1
540,114,914.09,89.34,25.06,60.23,0.5718,1,-1,-1
540,121,166.94,137.71,50.60,75.72,0.1629,1,-1,-1
540,126,1482.78,684.28,69.71,147.10,0.8278,1,-1,-1
541,1,659.14,177.50,36.26,80.32,0.7356,1,-1,-1
541,3,674.18,346.80,35.30,94.96,0.6619,1,-1,-1
541,0,559.64,237.34,34.54,90.74,0.6388,1,-1,-1
541,77,750.57,350.95,37.47,103.77,0.5400,1,-1,-1
541,54,880.55,102.26,28.94,67.91,0.4961,1,-1,-1
541,113,285.45,438.88,69.69,125.49,0.7058,1,-1,-1
541,114,912.31,87.48,25.32,61.35,0.5823,1,-1,-1
541,121,170.82,138.06,47.56,71.27,0.4407,1,-1,-1
541,126,1467.40,672.93,69.85,147.58,0.7944,1,-1,-1
542,1,661.48,175.36,36.31,80.22,0.7186,1,-1,-1
542,3,676.76,341.42,35.94,96.29,0.7001,1,-1,-1
542,0,563.59,234.85,34.43,89.42,0.5448,1,-1,-1
542,77,752.37,347.83,37.99,105.83,0.5983,1,-1,-1
542,54,881.37,101.20,27.52,64.51,0.4417,1,-1,-1
542,113,297.93,436.06,68.37,121.60,0.7840,1,-1,-1
542,114,912.55,86.00,23.55,57.24,0.5409,1,-1,-1
542,121,173.72,137.32,45.82,68.81,0.6234,1,-1,-1
542,126,1452.31,661.55,70.01,148.34,0.7905,1,-1,-1
543,1,663.89,173.19,36.58,80.34,0.7217,1,-1,-1
543,3,679.28,337.99,35.53,95.00,0.6732,1,-1,-1
543,0,567.30,231.65,35.07,89.39,0.6261,1,-1,-1
543,77,753.58,342.15,38.41,107.58,0.5088,1,-1,-1
543,54,882.51,99.58,26.81,63.22,0.4902,1,-1,-1
543,113,309.61,431.48,67.34,118.47,0.7447,1,-1,-1
543,114,911.86,84.66,22.76,55.42,0.5302,1,-1,-1
543,121,179.19,134.44,48.34,72.49,0.3451,1,-1,-1
543,126,1442.18,650.17,68.50,145.92,0.7691,1,-1,-1
544,1,666.90,171.62,35.70,79.34,0.7225,1,-1,-1
544,3,680.69,334.02,35.10,93.31,0.5842,1,-1,-1
544,0,570.81,229.37,35.15,88.48,0.6689,1,-1,-1
544,77,754.52,337.85,37.17,104.58,0.4902,1,-1,-1
544,54,881.54,97.97,27.78,65.14,0.4834,1,-1,-1
544,113,319.48,426.25,67.16,117.14,0.8222,1,-1,-1
544,114,910.20,83.89,23.70,57.95,0.5127,1,-1,-1
544,121,185.58,132.08,49.64,73.13,0.4111,1,-1,-1
544,126,1430.16,639.12,66.98,142.87,0.7800,1,-1,-1
545,1,667.76,169.15,36.30,80.52,0.6460,1,-1,-1
545,3,683.03,329.99,35.08,93.06,0.5974,1,-1,-1
545,0,573.79,226.27,35.47,87.82,0.6142,1,-1,-1
545,77,755.38,333.59,36.31,102.63,0.4971,1,-1,-1
545,54,881.83,96.74,28.33,67.42,0.5554,1,-1,-1
545,113,329.09,420.48,66.77,115.08,0.8069,1,-1,-1
545,114,910.20,83.66,23.07,56.71,0.5784,1,-1,-1
545,121,189.56,130.10,49.82,72.51,0.4140,1,-1,-1
545,126,1421.08,628.06,65.32,139.70,0.7564,1,-1,-1
545,128,209.99,117.22,26.80,68.29,0.4504,1,-1,-1
546,1,671.86,167.99,34.99,78.37,0.7009,1,-1,-1
546,3,685.61,326.08,35.31,94.25,0.7194,1,-1,-1
546,0,576.71,223.51,35.85,87.76,0.7090,1,-1,-1
546,77,759.21,329.62,36.61,103.97,0.5429,1,-1,-1
546,54,881.69,95.66,27.83,66.31,0.5554,1,-1,-1
546,113,339.50,414.13,67.01,114.62,0.7918,1,-1,-1
546,114,910.10,83.31,21.51,53.01,0.5955,1,-1,-1
546,121,193.26,129.24,49.83,71.51,0.3531,1,-1,-1
546,126,1407.35,615.89,64.83,137.73,0.6893,1,-1,-1
546,128,214.68,115.59,30.26,76.91,0.4727,1,-1,-1
546,129,1003.30,453.88,103.57,237.29,0.6343,4,-1,-1
546,130,273.58,125.60,43.05,71.94,0.5660,1,-1,-1
547,1,673.89,166.14,33.45,75.71,0.6549,1,-1,-1
547,3,687.82,321.23,35.15,94.26,0.7050,1,-1,-1
547,0,579.10,219.06,37.01,90.25,0.7082,1,-1,-1
547,77,762.33,326.24,35.50,101.27,0.5156,1,-1,-1
547,54,881.68,93.66,27.94,66.41,0.5185,1,-1,-1
547,113,349.68,408.02,67.63,115.88,0.8311,1,-1,-1
547,114,908.99,83.03,20.60,50.87,0.6234,1,-1,-1
547,121,195.22,127.79,49.07,70.70,0.2967,1,-1,-1
547,126,1398.60,605.81,63.47,133.68,0.6002,1,-1,-1
547,128,219.54,115.20,29.87,75.60,0.2621,1,-1,-1
547,130,276.10,125.14,42.40,71.01,0.4513,1,-1,-1
548,1,677.34,164.22,32.54,74.23,0.6280,1,-1,-1
548,3,690.52,316.56,34.99,94.00,0.5574,1,-1,-1
548,0,583.17,216.83,36.65,88.95,0.7241,1,-1,-1
548,77,764.44,321.37,34.22,98.00,0.3007,1,-1,-1
548,54,881.63,91.39,27.70,65.03,0.4045,1,-1,-1
548,113,358.73,402.22,69.56,119.78,0.7994,1,-1,-1
548,114,907.72,82.59,19.30,47.10,0.4562,1,-1,-1
548,121,201.29,125.64,50.75,71.55,0.1204,1,-1,-1
548,126,1385.10,594.31,65.11,135.16,0.6926,1,-1,-1
548,128,223.16,112.33,31.52,79.60,0.1962,1,-1,-1
548,130,280.15,122.79,42.95,72.19,0.5660,1,-1,-1
549,1,680.31,161.96,31.54,73.05,0.7066,1,-1,-1
549,3,692.75,313.83,34.19,91.86,0.6851,1,-1,-1
549,0,585.84,214.44,36.52,88.43,0.6540,1,-1,-1
549,77,765.93,316.49,34.01,97.63,0.5370,1,-1,-1
549,54,882.80,90.13,27.26,63.35,0.4659,1,-1,-1
549,113,369.71,397.32,69.65,120.64,0.7549,1,-1,-1
549,114,906.55,81.86,19.11,46.00,0.3558,1,-1,-1
549,126,1370.99,583.44,67.36,139.13,0.6039,1,-1,-1
549,128,226.51,111.21,30.03,75.91,0.4533,1,-1,-1
549,130,284.87,122.69,41.71,70.45,0.5117,1,-1,-1
550,1,683.52,160.24,30.88,72.25,0.7050,1,-1,-1
550,3,695.32,310.17,33.63,90.93,0.6169,1,-1,-1
550,0,589.10,212.64,36.12,87.13,0.6663,1,-1,-1
550,77,767.35,313.07,34.12,98.32,0.5946,1,-1,-1
550,54,883.46,88.43,27.51,63.45,0.5974,1,-1,-1
550,113,381.17,393.54,66.50,115.47,0.6352,1,-1,-1
550,114,905.57,80.95,19.77,46.99,0.2337,1,-1,-1
550,126,1368.68,574.90,56.57,118.11,0.5098,1,-1,-1
550,128,231.30,110.41,27.27,69.04,0.4844,1,-1,-1
550,130,289.56,123.94,39.42,66.83,0.4698,1,-1,-1
550,133,25.41,114.27,33.25,59.97,0.5020,1,-1,-1
551,1,686.02,157.73,30.71,72.41,0.6910,1,-1,-1
551,3,697.74,307.07,33.17,89.06,0.7162,1,-1,-1
551,0,591.57,208.97,36.55,88.42,0.6783,1,-1,-1
551,77,768.17,309.25,35.06,100.90,0.5545,1,-1,-1
551,54,883.24,85.29,28.46,65.29,0.4766,1,-1,-1
551,113,392.04,390.06,67.50,118.66,0.7447,1,-1,-1
551,114,904.85,80.60,20.21,47.37,0.1005,1,-1,-1
551,126,1356.40,561.63,61.14,128.67,0.4649,1,-1,-1
551,128,235.75,108.31,25.19,63.31,0.4073,1,-1,-1
551,130,292.59,117.61,41.53,70.92,0.5506,1,-1,-1
551,133,30.36,112.47,32.44,58.63,0.2736,1,-1,-1
552,1,688.45,155.11,30.19,71.86,0.7202,1,-1,-1
552,3,698.27,302.18,33.70,89.98,0.6706,1,-1,-1
552,0,594.99,205.28,36.13,87.43,0.7066,1,-1,-1
552,77,768.60,305.58,34.92,99.52,0.6243,1,-1,-1
552,54,883.73,83.84,28.58,65.07,0.4766,1,-1,-1
552,113,402.27,387.33,66.37,117.71,0.7649,1,-1,-1
552,114,899.36,80.45,23.87,54.95,0.1067,2,-1,-1
552,126,1345.37,552.43,61.74,131.56,0.6095,1,-1,-1
552,128,240.09,107.52,24.14,60.16,0.2082,1,-1,-1
552,130,296.24,115.31,41.80,71.89,0.5000,1,-1,-1
553,1,690.96,152.88,30.31,72.47,0.7356,1,-1,-1
553,3,700.51,299.14,33.05,87.72,0.6968,1,-1,-1
553,0,597.61,202.08,36.04,87.43,0.6851,1,-1,-1
553,77,770.37,301.61,34.12,97.34,0.5506,1,-1,-1
553,54,884.32,82.76,28.61,64.12,0.4359,1,-1,-1
553,113,413.29,383.64,64.45,115.45,0.8278,1,-1,-1
553,126,1335.95,542.41,61.82,134.07,0.7461,1,-1,-1
553,128,244.44,105.90,22.34,54.96,0.2767,1,-1,-1
553,130,300.21,114.84,39.93,69.22,0.4533,1,-1,-1
553,135,1257.48,502.66,52.97,118.83,0.5487,1,-1,-1
554,1,692.82,150.82,30.34,72.99,0.7272,1,-1,-1
554,3,703.26,295.32,33.13,87.76,0.6433,1,-1,-1
554,0,600.24,200.54,35.57,86.45,0.7628,1,-1,-1
554,77,772.68,297.60,33.43,95.52,0.5078,1,-1,-1
554,54,884.55,80.56,29.81,65.86,0.4397,1,-1,-1
554,113,424.25,380.04,62.31,113.04,0.7372,1,-1,-1
554,126,1329.02,532.07,57.43,126.01,0.7058,1,-1,-1
554,130,303.72,111.94,40.19,70.00,0.3775,1,-1,-1
554,135,1266.59,492.87,50.17,112.43,0.6993,1,-1,-1
555,1,695.38,149.57,29.62,71.29,0.7178,1,-1,-1
555,3,704.35,291.40,32.99,87.13,0.5974,1,-1,-1
555,0,603.82,197.71,35.59,86.75,0.7233,1,-1,-1
555,77,774.37,291.80,33.64,96.17,0.4562,1,-1,-1
555,54,885.82,78.52,30.48,65.57,0.3766,1,-1,-1
555,113,435.30,375.66,60.20,110.64,0.7813,1,-1,-1
555,126,1321.94,522.28,55.45,123.11,0.6976,1,-1,-1
555,130,307.91,110.71,39.69,69.58,0.4397,1,-1,-1
555,135,1268.84,483.01,51.42,114.88,0.7202,1,-1,-1
555,139,5.36,299.63,23.92,93.75,0.6206,1,-1,-1
556,1,697.20,146.42,30.61,73.86,0.7424,1,-1,-1
556,3,707.18,288.32,33.19,87.43,0.5593,1,-1,-1
556,0,606.66,193.71,35.89,87.59,0.7614,1,-1,-1
556,77,776.08,287.87,33.86,96.99,0.5438,1,-1,-1
556,54,887.08,76.39,31.13,64.52,0.2524,1,-1,-1
556,113,446.00,369.87,58.61,108.93,0.7535,1,-1,-1
556,126,1316.71,513.46,50.76,113.75,0.5974,1,-1,-1
556,130,311.39,111.40,38.88,68.43,0.2309,1,-1,-1
556,135,1267.38,471.41,54.35,120.21,0.6876,1,-1,-1
556,139,9.02,285.82,26.66,102.93,0.7549,1,-1,-1
557,1,699.54,145.15,30.20,73.19,0.7186,1,-1,-1
557,3,709.09,284.14,33.07,87.18,0.7082,1,-1,-1
557,0,609.63,191.53,35.46,86.99,0.7326,1,-1,-1
557,77,777.74,286.04,33.51,95.59,0.5535,1,-1,-1
557,54,888.10,75.30,31.42,63.73,0.2444,1,-1,-1
557,113,456.06,363.56,57.81,108.51,0.7249,1,-1,-1
557,126,1301.15,503.13,55.65,124.67,0.5622,1,-1,-1
557,130,314.84,109.09,38.89,68.51,0.5525,1,-1,-1
557,135,1272.49,464.29,52.08,114.07,0.6893,1,-1,-1
557,139,15.46,283.17,26.99,100.41,0.8117,1,-1,-1
557,140,685.13,548.60,197.83,122.98,0.5993,4,-1,-1
558,1,702.13,143.51,30.07,72.87,0.7170,1,-1,-1
558,3,711.55,279.95,32.77,86.94,0.6851,1,-1,-1
558,0,612.44,190.02,34.97,85.84,0.7578,1,-1,-1
558,77,779.24,282.44,33.18,95.27,0.5448,1,-1,-1
558,54,888.67,76.29,30.95,61.02,0.3346,1,-1,-1
558,113,466.24,356.59,57.89,109.86,0.7853,1,-1,-1
558,126,1297.70,496.02,49.10,110.50,0.1298,2,-1,-1
558,130,318.01,109.14,37.92,66.95,0.6234,1,-1,-1
558,135,1276.12,455.82,51.23,110.67,0.3942,1,-1,-1
558,139,23.60,279.93,28.21,100.08,0.7918,1,-1,-1
558,140,686.17,538.89,201.17,125.16,0.6792,4,-1,-1
559,1,704.68,143.20,29.25,71.27,0.6783,1,-1,-1
559,3,713.25,277.04,32.58,86.85,0.6800,1,-1,-1
559,0,615.66,188.26,34.09,84.05,0.7280,1,-1,-1
559,77,781.03,278.73,32.86,94.88,0.6039,1,-1,-1
559,54,888.57,75.21,31.65,61.21,0.3868,1,-1,-1
559,113,475.89,350.51,58.85,112.04,0.8387,1,-1,-1
559,126,1295.30,487.22,43.55,96.95,0.2254,2,-1,-1
559,130,321.22,105.36,39.34,69.87,0.6619,1,-1,-1
559,135,1277.01,443.97,53.81,113.71,0.1027,1,-1,-1
559,139,32.38,276.73,29.33,98.46,0.7341,1,-1,-1
559,140,691.75,530.67,195.36,121.59,0.7186,4,-1,-1
560,1,706.65,141.54,29.21,71.53,0.7066,1,-1,-1
560,3,713.92,273.24,32.33,86.27,0.6215,1,-1,-1
560,0,618.79,184.86,33.92,84.26,0.7249,1,-1,-1
560,77,782.00,275.31,32.24,93.08,0.5727,1,-1,-1
560,54,889.26,75.68,31.23,59.89,0.1371,1,-1,-1
560,113,486.70,345.28,58.20,110.92,0.8069,1,-1,-1
560,126,1288.69,480.50,39.27,87.44,0.1380,2,-1,-1
560,130,325.46,104.34,38.31,68.20,0.6234,1,-1,-1
560,139,41.54,272.42,31.58,100.14,0.7506,1,-1,-1
560,140,688.88,521.36,207.09,129.42,0.4980,4,-1,-1
560,142,71.52,93.73,35.81,65.67,0.5718,1,-1,-1
561,1,708.33,140.00,28.86,71.44,0.6522,1,-1,-1
561,3,715.75,268.78,31.76,85.37,0.5029,1,-1,-1
561,0,621.16,181.95,34.17,85.45,0.6976,1,-1,-1
561,77,782.90,271.16,31.69,91.46,0.5651,1,-1,-1
561,54,890.69,74.69,30.98,59.22,0.3032,1,-1,-1
561,113,495.87,341.03,58.40,110.90,0.8187,1,-1,-1
561,126,1279.85,471.64,40.29,90.75,0.1285,2,-1,-1
561,139,50.57,270.57,32.88,98.42,0.8032,1,-1,-1
561,140,694.27,511.65,201.06,125.95,0.5137,4,-1,-1
561,142,73.00,92.18,35.05,64.31,0.6893,1,-1,-1
562,1,710.56,137.74,28.49,71.03,0.6663,1,-1,-1
562,3,718.70,265.40,31.50,84.82,0.5467,1,-1,-1
562,0,624.42,179.35,33.82,84.75,0.7402,1,-1,-1
562,77,784.62,267.39,31.96,92.40,0.5409,1,-1,-1
562,54,891.41,74.43,30.42,58.01,0.3849,1,-1,-1
562,113,504.18,337.12,58.89,111.04,0.8256,1,-1,-1
562,126,1262.42,462.43,48.44,106.24,0.5312,1,-1,-1
562,139,58.70,267.34,33.84,95.95,0.7663,1,-1,-1
562,140,705.65,504.99,182.62,113.99,0.4620,4,-1,-1
562,142,75.48,89.70,35.47,65.26,0.6077,1,-1,-1
562,135,1297.62,433.73,52.04,112.22,0.6993,1,-1,-1
563,1,712.29,135.33,28.63,71.75,0.7058,1,-1,-1
563,3,720.22,261.61,31.97,85.62,0.6252,1,-1,-1
563,0,627.28,177.73,33.24,83.71,0.7520,1,-1,-1
563,77,786.44,263.43,32.01,92.79,0.5955,1,-1,-1
563,54,891.53,71.50,31.44,59.86,0.3585,1,-1,-1
563,113,511.24,333.66,59.18,112.44,0.7879,1,-1,-1
563,126,1250.89,451.80,52.17,113.83,0.7233,1,-1,-1
563,139,66.66,263.14,35.55,96.05,0.8019,1,-1,-1
563,140,708.39,496.78,181.86,113.53,0.4562,4,-1,-1
563,142,81.59,90.44,33.85,61.97,0.5955,1,-1,-1
563,135,1302.00,428.00,51.56,112.91,0.7677,1,-1,-1
564,1,713.68,132.33,28.51,72.11,0.7009,1,-1,-1
564,3,721.36,257.56,31.76,85.20,0.6206,1,-1,-1
564,0,629.76,174.92,32.77,83.31,0.7280,1,-1,-1
564,77,786.98,258.36,32.48,93.83,0.5842,1,-1,-1
564,54,893.11,70.13,30.96,59.44,0.4776,1,-1,-1
564,113,519.15,330.12,58.13,111.55,0.8187,1,-1,-1
564,126,1243.41,442.00,53.08,116.21,0.7025,1,-1,-1
564,139,74.37,259.77,36.90,95.49,0.7800,1,-1,-1
564,142,84.48,85.82,34.93,64.07,0.5554,1,-1,-1
564,135,1303.62,421.19,51.45,112.34,0.7217,1,-1,-1
565,1,715.85,130.42,28.03,71.48,0.7162,1,-1,-1
565,3,724.27,254.48,31.42,84.06,0.6885,1,-1,-1
565,0,631.89,172.43,32.30,82.48,0.7146,1,-1,-1
565,77,789.87,254.95,32.48,93.15,0.6514,1,-1,-1
565,54,894.69,69.75,30.01,58.38,0.3425,1,-1,-1
565,113,529.37,327.92,55.97,108.25,0.7202,1,-1,-1
565,126,1236.48,433.92,56.16,122.72,0.6826,1,-1,-1
565,139,82.06,256.59,37.93,94.67,0.8007,1,-1,-1
565,142,87.63,86.60,33.59,61.72,0.4494,1,-1,-1
565,135,1306.13,411.49,51.39,112.24,0.6388,1,-1,-1
566,1,718.19,128.98,27.51,70.45,0.7146,1,-1,-1
566,3,726.22,251.53,31.11,83.20,0.6968,1,-1,-1
566,0,633.25,168.15,32.53,84.24,0.6984,1,-1,-1
566,77,792.12,252.28,31.73,90.55,0.6151,1,-1,-1
566,54,893.80,68.30,29.92,58.31,0.3040,1,-1,-1
566,113,539.07,323.76,54.41,105.96,0.7931,1,-1,-1
566,126,1232.55,425.22,54.58,119.74,0.7295,1,-1,-1
566,139,88.76,252.02,39.32,95.16,0.8300,1,-1,-1
566,142,89.80,87.63,31.96,59.27,0.4562,1,-1,-1
566,135,1307.35,403.24,52.12,112.94,0.7217,1,-1,-1
567,1,719.83,127.41,27.60,71.01,0.6935,1,-1,-1
567,3,727.66,247.93,30.87,82.44,0.6361,1,-1,-1
567,0,635.95,166.69,32.18,83.44,0.7066,1,-1,-1
567,77,791.70,249.37,31.40,89.22,0.3107,1,-1,-1
567,54,893.70,66.27,29.87,58.36,0.4581,1,-1,-1
567,113,548.11,319.57,53.55,104.56,0.7387,1,-1,-1
567,126,1228.41,416.11,52.58,117.67,0.5622,1,-1,-1
567,139,96.34,248.28,39.96,94.25,0.7759,1,-1,-1
567,142,94.38,88.50,30.92,57.33,0.3407,1,-1,-1
567,135,1307.54,394.70,52.97,113.02,0.7879,1,-1,-1
568,1,721.40,125.77,27.59,71.89,0.6976,1,-1,-1
568,3,729.69,244.08,30.54,81.37,0.6289,1,-1,-1
568,0,639.11,166.29,31.44,81.40,0.6851,1,-1,-1
568,77,792.46,246.35,31.37,89.08,0.5651,1,-1,-1
568,54,894.80,64.22,29.81,58.89,0.4273,1,-1,-1
568,113,556.39,313.01,53.09,104.25,0.7535,1,-1,-1
568,126,1224.76,409.06,47.72,108.48,0.6067,1,-1,-1
568,139,104.00,245.07,40.07,92.32,0.7944,1,-1,-1
568,142,98.24,88.91,28.97,54.06,0.2591,1,-1,-1
568,135,1307.87,386.76,53.75,112.43,0.7621,1,-1,-1
569,1,724.64,124.35,24.79,64.10,0.6225,1,-1,-1
569,3,731.64,240.79,30.79,81.30,0.5898,1,-1,-1
569,0,641.55,163.67,31.07,80.36,0.7042,1,-1,-1
569,77,793.02,242.66,31.47,88.23,0.6151,1,-1,-1
569,54,895.61,62.56,29.64,59.04,0.4054,1,-1,-1
569,113,564.21,308.12,52.18,103.18,0.8044,1,-1,-1
569,126,1217.41,401.75,47.77,111.33,0.6758,1,-1,-1
569,139,111.26,241.14,40.67,92.18,0.8032,1,-1,-1
569,142,102.48,87.65,28.93,53.87,0.2975,1,-1,-1
569,135,1309.34,380.22,53.40,109.25,0.6584,1,-1,-1
569,143,1214.80,188.39,30.12,88.49,0.4951,1,-1,-1
570,1,726.08,123.14,24.59,63.43,0.6225,1,-1,-1
570,3,732.76,237.27,30.47,80.28,0.5823,1,-1,-1
570,0,643.44,162.18,30.61,79.21,0.7033,1,-1,-1
570,77,794.10,239.81,31.50,87.29,0.6252,1,-1,-1
570,54,896.74,61.31,28.96,58.36,0.3803,1,-1,-1
570,113,571.41,303.95,51.63,102.40,0.7879,1,-1,-1
570,126,1211.49,395.84,47.13,112.72,0.6628,1,-1,-1
570,139,118.03,236.76,41.95,93.25,0.7746,1,-1,-1
570,142,107.75,88.22,28.37,52.01,0.4417,1,-1,-1
570,135,1309.83,373.36,53.39,106.26,0.7074,1,-1,-1
570,143,1214.27,186.27,28.45,83.59,0.3684,1,-1,-1
571,1,727.15,122.07,25.50,65.43,0.6298,1,-1,-1
571,3,734.68,233.37,30.47,80.02,0.6142,1,-1,-1
571,0,645.99,158.18,31.47,81.26,0.7249,1,-1,-1
571,77,795.72,236.47,31.71,87.81,0.5993,1,-1,-1
571,54,896.86,59.78,28.18,56.82,0.2207,1,-1,-1
571,113,579.48,299.54,51.76,103.44,0.8256,1,-1,-1
571,126,1206.02,388.72,44.89,108.46,0.6424,1,-1,-1
571,139,125.41,233.94,41.74,91.58,0.7759,1,-1,-1
571,142,109.31,86.14,28.16,51.35,0.4951,1,-1,-1
571,135,1319.83,366.37,53.58,108.88,0.7202,1,-1,-1
571,143,1212.60,183.07,28.43,83.41,0.3082,1,-1,-1
572,1,727.94,119.98,26.22,67.42,0.6469,1,-1,-1
572,3,736.61,230.84,30.18,79.44,0.6817,1,-1,-1
572,0,647.99,157.31,31.29,80.57,0.7417,1,-1,-1
572,77,797.19,233.09,30.94,85.99,0.5224,1,-1,-1
572,113,587.43,296.11,51.69,103.81,0.8032,1,-1,-1
572,126,1199.90,381.42,44.28,107.47,0.7050,1,-1,-1
572,139,132.88,230.72,42.19,92.11,0.7944,1,-1,-1
572,142,111.23,84.07,27.28,49.83,0.3905,1,-1,-1
572,135,1325.96,363.85,50.86,104.80,0.6584,1,-1,-1
572,143,1210.25,179.78,29.41,86.39,0.5390,1,-1,-1
573,1,729.42,119.18,25.18,65.00,0.6325,1,-1,-1
573,3,737.97,227.58,30.03,78.86,0.7256,1,-1,-1
573,0,649.98,155.18,30.81,79.74,0.7280,1,-1,-1
573,77,798.83,229.09,30.85,85.77,0.4083,1,-1,-1
573,113,595.44,292.63,51.65,103.35,0.7635,1,-1,-1
573,126,1193.66,375.65,44.16,107.09,0.6505,1,-1,-1
573,139,140.28,226.82,41.97,90.98,0.7677,1,-1,-1
573,142,115.06,82.37,27.17,49.87,0.1895,1,-1,-1
573,135,1328.06,360.95,48.67,100.56,0.5813,1,-1,-1
573,143,1209.00,176.91,29.48,86.80,0.4484,1,-1,-1
574,1,731.05,117.90,25.39,65.66,0.6783,1,-1,-1
574,3,739.18,223.87,30.20,78.71,0.7272,1,-1,-1
574,0,651.88,152.62,30.57,79.98,0.7476,1,-1,-1
574,77,798.50,224.24,31.60,87.75,0.4359,1,-1,-1
574,113,602.59,290.59,51.16,103.02,0.7853,1,-1,-1
574,126,1183.42,368.25,46.20,109.57,0.6406,1,-1,-1
574,139,147.21,223.18,41.15,88.74,0.6993,1,-1,-1
574,142,118.24,80.13,27.36,50.04,0.2127,1,-1,-1
574,135,1322.52,354.93,50.02,101.21,0.5516,1,-1,-1
574,143,1208.53,174.15,28.19,83.16,0.1987,1,-1,-1
574,54,899.28,57.68,26.28,53.81,0.5708,1,-1,-1
575,1,732.53,115.72,25.52,66.12,0.6558,1,-1,-1
575,3,740.37,220.17,30.07,78.08,0.6011,1,-1,-1
575,0,653.50,150.36,29.95,79.24,0.7202,1,-1,-1
575,77,801.54,223.24,30.97,86.27,0.4494,1,-1,-1
575,113,610.04,286.95,50.58,103.09,0.8141,1,-1,-1
575,126,1176.12,362.78,46.28,106.40,0.6809,1,-1,-1
575,139,154.29,220.42,41.44,88.82,0.7372,1,-1,-1
575,135,1325.25,347.96,51.14,102.17,0.6077,1,-1,-1
575,143,1205.81,171.68,28.82,84.68,0.3381,1,-1,-1
575,150,1315.05,93.71,94.13,47.93,0.4698,4,-1,-1
575,54,899.90,56.07,25.98,53.80,0.4932,1,-1,-1
576,1,733.32,114.20,25.40,65.65,0.6105,1,-1,-1
576,3,741.37,217.29,30.07,77.99,0.6179,1,-1,-1
576,0,655.48,147.78,30.16,79.68,0.7001,1,-1,-1
576,77,803.30,219.59,31.35,86.46,0.5832,1,-1,-1
576,113,618.90,285.02,48.69,100.15,0.7718,1,-1,-1
576,126,1170.54,355.89,48.58,108.10,0.7341,1,-1,-1
576,139,161.68,217.83,40.93,87.45,0.7106,1,-1,-1
576,135,1333.86,338.64,50.24,100.93,0.5477,1,-1,-1
576,143,1204.68,170.46,28.68,84.08,0.2063,1,-1,-1
576,150,1311.73,89.56,97.69,49.72,0.4717,4,-1,-1
576,54,899.36,55.02,25.84,53.84,0.3522,1,-1,-1
577,1,734.21,112.79,26.15,66.82,0.6935,1,-1,-1
577,3,743.05,214.37,29.69,77.17,0.5955,1,-1,-1
577,0,657.43,146.01,29.88,78.76,0.7424,1,-1,-1
577,77,805.21,217.09,30.81,85.21,0.6225,1,-1,-1
577,113,629.39,282.13,46.86,97.54,0.7535,1,-1,-1
577,126,1168.08,349.95,48.18,104.00,0.7249,1,-1,-1
577,139,170.45,216.14,38.68,82.33,0.6225,1,-1,-1
577,135,1336.23,331.63,48.85,98.53,0.5176,1,-1,-1
577,143,1204.39,169.90,28.16,82.72,0.3933,1,-1,-1
577,150,1312.87,89.77,90.46,45.95,0.3495,4,-1,-1
577,54,899.50,53.61,25.65,53.98,0.5088,1,-1,-1
578,1,736.04,110.80,26.96,68.48,0.6749,1,-1,-1
578,3,745.42,211.57,29.61,76.90,0.5898,1,-1,-1
578,0,658.66,144.39,29.99,79.18,0.7379,1,-1,-1
578,77,805.72,213.79,30.59,84.81,0.5098,1,-1,-1
578,113,636.21,275.89,47.09,99.36,0.7649,1,-1,-1
578,126,1161.71,343.43,49.99,105.36,0.6671,1,-1,-1
578,139,177.33,211.43,40.16,85.80,0.6697,1,-1,-1
578,135,1334.78,324.11,51.20,103.37,0.7009,1,-1,-1
578,143,1202.90,167.11,27.70,81.86,0.2894,1,-1,-1
578,150,1303.70,87.05,96.51,48.98,0.1784,4,-1,-1
578,54,899.70,52.54,25.44,53.90,0.4746,1,-1,-1
579,1,738.07,108.95,26.88,68.33,0.5974,1,-1,-1
579,3,746.83,208.72,29.36,76.17,0.6775,1,-1,-1
579,0,660.68,142.70,29.46,77.69,0.6593,1,-1,-1
579,77,807.22,211.33,29.71,83.06,0.5955,1,-1,-1
579,113,643.86,270.61,46.48,99.02,0.7326,1,-1,-1
579,126,1156.75,337.46,48.30,102.69,0.5612,1,-1,-1
579,139,184.04,208.83,39.96,84.77,0.6976,1,-1,-1
579,135,1335.36,318.68,51.10,102.61,0.7417,1,-1,-1
579,143,1201.00,163.39,28.31,83.36,0.4206,1,-1,-1
579,54,900.55,50.70,25.36,54.39,0.4659,1,-1,-1
580,1,740.17,107.36,26.46,66.74,0.6469,1,-1,-1
580,3,749.06,205.82,29.20,75.94,0.7210,1,-1,-1
580,0,663.14,141.07,29.24,77.08,0.7162,1,-1,-1
580,77,808.00,208.56,29.27,82.10,0.6280,1,-1,-1
580,113,651.00,264.61,46.33,99.10,0.7217,1,-1,-1
580,126,1154.00,331.77,45.42,97.32,0.6451,1,-1,-1
580,139,192.69,206.21,36.04,75.57,0.5409,1,-1,-1
580,135,1335.77,314.44,51.01,100.48,0.7042,1,-1,-1
580,143,1199.07,159.74,28.73,84.47,0.5380,1,-1,-1
580,54,901.03,48.18,25.39,55.27,0.6105,1,-1,-1
581,1,742.33,105.65,26.31,65.66,0.6123,1,-1,-1
581,3,750.22,202.19,29.43,76.24,0.7318,1,-1,-1
581,0,665.08,139.34,28.85,75.77,0.7334,1,-1,-1
581,77,809.14,205.68,29.37,82.62,0.6628,1,-1,-1
581,113,657.78,258.45,47.36,100.78,0.7918,1,-1,-1
581,126,1148.09,325.20,48.28,102.47,0.5908,1,-1,-1
581,139,200.90,204.88,34.09,70.53,0.4795,1,-1,-1
581,135,1335.09,308.42,51.38,98.92,0.8081,1,-1,-1
581,143,1196.92,155.63,29.03,85.93,0.4504,1,-1,-1
581,54,902.86,47.47,24.23,53.55,0.6215,1,-1,-1
582,1,743.64,104.34,26.35,65.08,0.5477,1,-1,-1
582,3,751.59,199.43,30.41,78.80,0.6505,1,-1,-1
582,0,666.63,136.92,29.57,77.33,0.7210,1,-1,-1
582,77,810.41,202.16,29.41,82.69,0.6160,1,-1,-1
582,113,663.41,252.83,48.64,102.04,0.8210,1,-1,-1
582,126,1144.76,318.81,47.79,102.18,0.6406,1,-1,-1
582,139,207.45,202.17,32.67,65.90,0.5583,1,-1,-1
582,135,1334.96,303.92,52.34,97.98,0.7732,1,-1,-1
582,143,1195.46,153.25,28.86,85.84,0.4542,1,-1,-1
582,54,903.54,46.93,23.59,52.62,0.4922,1,-1,-1
583,1,745.48,102.69,25.65,62.58,0.5000,1,-1,-1
583,3,753.54,196.00,29.51,76.69,0.5974,1,-1,-1
583,0,668.95,135.16,29.71,76.70,0.7424,1,-1,-1
583,77,810.64,199.43,29.17,81.82,0.5215,1,-1,-1
583,113,670.62,250.16,48.82,99.63,0.7170,1,-1,-1
583,126,1141.57,313.02,46.93,103.04,0.6645,1,-1,-1
583,139,214.12,198.65,32.54,64.54,0.2154,2,-1,-1
583,135,1343.27,299.89,51.25,97.71,0.6261,1,-1,-1
583,143,1194.59,152.36,28.06,83.72,0.3567,1,-1,-1
583,54,904.12,46.08,23.01,51.76,0.5631,1,-1,-1
584,1,747.31,101.06,25.19,60.13,0.6206,1,-1,-1
584,3,755.54,194.25,28.94,75.38,0.5078,1,-1,-1
584,0,671.38,133.82,29.42,74.74,0.6843,1,-1,-1
584,77,812.56,195.23,29.18,81.70,0.1854,1,-1,-1
584,113,676.61,247.62,48.99,97.58,0.7233,1,-1,-1
584,126,1137.74,307.70,43.48,97.54,0.6984,1,-1,-1
584,139,223.03,195.67,32.96,63.46,0.2282,2,-1,-1
584,135,1349.04,296.39,48.88,94.97,0.6105,1,-1,-1
584,143,1193.24,149.26,27.92,83.38,0.4941,1,-1,-1
584,54,904.56,44.81,22.93,51.97,0.5302,1,-1,-1
585,1,749.54,99.36,25.34,60.00,0.6225,1,-1,-1
585,3,756.99,191.10,28.65,75.14,0.5708,1,-1,-1
585,0,673.65,132.06,29.37,73.85,0.7058,1,-1,-1
585,77,814.01,192.99,28.67,80.12,0.4149,1,-1,-1
585,113,682.17,246.60,48.29,94.03,0.7001,1,-1,-1
585,126,1132.96,302.34,42.35,96.56,0.6826,1,-1,-1
585,139,229.23,192.43,34.82,65.70,0.1321,2,-1,-1
585,135,1353.49,293.59,46.70,93.17,0.6645,1,-1,-1
585,143,1192.34,147.42,27.43,82.14,0.3821,1,-1,-1
585,54,904.60,42.87,22.92,52.39,0.4235,1,-1,-1
586,1,750.87,97.32,26.60,62.13,0.5983,1,-1,-1
586,3,758.39,188.64,27.99,73.40,0.5946,1,-1,-1
586,0,675.27,129.72,29.73,74.05,0.7311,1,-1,-1
586,77,815.61,190.41,28.49,78.79,0.5908,1,-1,-1
586,113,690.22,243.83,48.76,95.14,0.7311,1,-1,-1
586,126,1128.78,296.71,42.20,98.00,0.6487,1,-1,-1
586,139,236.34,190.88,36.83,68.53,0.3549,1,-1,-1
586,135,1355.48,288.20,46.37,95.30,0.5784,1,-1,-1
586,143,1191.11,148.48,26.61,79.33,0.4951,1,-1,-1
586,54,903.56,39.02,23.91,55.03,0.5156,1,-1,-1
587,1,751.89,94.84,27.59,64.46,0.6505,1,-1,-1
587,3,760.42,186.19,27.72,72.85,0.6540,1,-1,-1
587,0,676.89,128.39,29.76,73.67,0.7447,1,-1,-1
587,77,816.61,187.89,28.66,78.17,0.5983,1,-1,-1
587,113,697.10,241.46,48.51,94.74,0.7272,1,-1,-1
587,126,1127.64,291.21,37.29,87.14,0.6215,1,-1,-1
587,139,244.17,188.94,32.98,60.78,0.2154,2,-1,-1
587,135,1356.48,282.34,45.87,94.81,0.5564,1,-1,-1
587,143,1189.96,144.21,26.47,78.27,0.5273,1,-1,-1
587,54,903.09,36.71,24.37,56.20,0.3303,1,-1,-1
587,156,240.96,74.48,26.63,48.33,0.5137,1,-1,-1
588,1,753.72,93.76,26.85,62.71,0.6610,1,-1,-1
588,3,761.74,183.33,27.55,72.90,0.7194,1,-1,-1
588,0,677.68,126.56,29.68,73.14,0.6984,1,-1,-1
588,77,817.07,184.50,29.29,79.32,0.5708,1,-1,-1
588,113,704.42,237.20,48.06,94.15,0.7424,1,-1,-1
588,126,1122.95,286.91,38.55,90.60,0.6433,1,-1,-1
588,135,1356.92,277.52,43.93,91.43,0.6049,1,-1,-1
588,143,1188.98,141.37,26.31,77.37,0.5448,1,-1,-1
588,54,903.51,35.26,24.04,55.49,0.4369,1,-1,-1
588,156,245.14,73.46,27.61,50.10,0.3390,1,-1,-1
589,1,755.06,92.34,26.64,62.09,0.6252,1,-1,-1
589,3,762.41,180.57,27.64,73.05,0.6469,1,-1,-1
589,0,679.53,124.97,29.58,71.96,0.6935,1,-1,-1
589,77,818.23,182.47,28.96,77.80,0.5708,1,-1,-1
589,113,715.51,234.16,46.28,92.40,0.6860,1,-1,-1
589,126,1116.69,282.47,40.17,94.84,0.7050,1,-1,-1
589,135,1355.91,267.31,45.48,94.97,0.6792,1,-1,-1
589,143,1187.42,137.49,27.17,79.64,0.5516,1,-1,-1
589,54,902.99,34.10,24.41,56.33,0.4591,1,-1,-1
589,156,249.21,71.80,31.03,56.40,0.1272,1,-1,-1
590,1,756.88,90.94,25.82,60.15,0.6086,1,-1,-1
590,3,763.54,177.39,27.86,73.34,0.5860,1,-1,-1
590,0,680.99,122.88,29.49,71.40,0.7210,1,-1,-1
590,77,818.97,180.33,28.73,76.80,0.5059,1,-1,-1
590,113,723.70,230.61,45.95,92.25,0.7170,1,-1,-1
590,126,1110.11,277.13,42.82,99.69,0.6531,1,-1,-1
590,135,1356.74,262.87,43.31,90.61,0.6602,1,-1,-1
590,143,1187.59,135.10,25.07,72.45,0.1848,1,-1,-1
590,54,903.07,34.33,24.15,55.24,0.4187,1,-1,-1
591,1,758.49,89.75,25.72,60.20,0.5993,1,-1,-1
591,3,765.43,174.60,27.47,72.32,0.6901,1,-1,-1
591,0,682.42,120.84,29.23,70.87,0.7017,1,-1,-1
591,77,819.64,178.35,28.58,76.25,0.5332,1,-1,-1
591,113,729.93,226.74,45.48,91.32,0.6809,1,-1,-1
591,126,1105.92,272.22,42.74,98.54,0.6876,1,-1,-1
591,135,1357.17,257.44,42.79,88.55,0.7154,1,-1,-1
591,54,904.28,34.02,23.76,53.99,0.4727,1,-1,-1
592,1,760.10,88.50,25.95,61.53,0.7225,1,-1,-1
592,3,767.88,172.16,27.54,73.07,0.5737,1,-1,-1
592,0,683.69,119.00,29.02,70.66,0.6901,1,-1,-1
592,77,820.07,175.24,28.49,75.81,0.5545,1,-1,-1
592,113,735.67,222.06,45.11,90.18,0.6424,1,-1,-1
592,126,1103.34,267.29,42.62,98.30,0.6935,1,-1,-1
592,135,1355.75,252.08,44.54,90.63,0.7476,1,-1,-1
592,54,905.51,33.62,23.79,53.69,0.4591,1,-1,-1
593,1,761.86,86.41,25.70,61.76,0.6783,1,-1,-1
593,3,769.45,169.69,26.99,72.49,0.5718,1,-1,-1
593,0,685.56,116.56,28.88,70.96,0.7001,1,-1,-1
593,77,821.71,172.22,28.27,75.93,0.6030,1,-1,-1
593,113,741.60,217.68,45.56,90.45,0.6011,1,-1,-1
593,126,1101.08,262.30,41.37,95.31,0.6379,1,-1,-1
593,135,1356.13,249.65,44.13,87.85,0.6663,1,-1,-1
593,54,906.42,33.36,23.58,53.15,0.3603,1,-1,-1
594,1,763.90,84.19,25.03,60.35,0.6343,1,-1,-1
594,3,771.24,167.20,25.30,67.58,0.5098,1,-1,-1
594,0,687.59,115.48,28.28,69.58,0.7170,1,-1,-1
594,77,823.42,169.64,28.05,75.50,0.4591,1,-1,-1
594,113,747.85,213.57,46.81,90.91,0.6095,1,-1,-1
594,126,1099.26,258.32,39.07,90.28,0.6151,1,-1,-1
594,135,1359.34,246.67,44.24,88.19,0.5302,1,-1,-1
594,54,907.13,32.05,24.32,55.07,0.3311,1,-1,-1
594,158,71.29,56.33,23.48,49.41,0.5127,1,-1,-1
594,159,45.95,76.37,18.78,38.68,0.5870,1,-1,-1
595,1,766.02,82.04,24.25,58.76,0.6567,1,-1,-1
595,3,772.10,164.69,24.95,66.76,0.5332,1,-1,-1
595,0,689.71,114.97,27.29,66.79,0.6792,1,-1,-1
595,77,824.77,166.78,27.41,74.12,0.2018,1,-1,-1
595,113,755.78,210.87,44.60,86.22,0.2316,1,-1,-1
595,126,1094.45,253.87,38.05,87.88,0.6086,1,-1,-1
595,135,1360.21,242.96,43.98,87.25,0.4737,1,-1,-1
595,54,908.75,32.56,23.19,52.02,0.3942,1,-1,-1
595,158,75.57,57.05,22.19,46.68,0.3469,1,-1,-1
595,159,50.82,74.05,19.43,40.06,0.5448,1,-1,-1
596,1,767.64,81.04,23.56,57.22,0.6792,1,-1,-1
596,3,774.01,163.10,23.77,63.52,0.6783,1,-1,-1
596,0,691.05,113.19,27.37,66.48,0.6123,1,-1,-1
596,77,825.48,164.40,26.78,72.31,0.1993,1,-1,-1
596,113,762.31,207.14,45.59,87.82,0.1987,1,-1,-1
596,126,1091.32,249.34,36.46,84.18,0.5974,1,-1,-1
596,135,1364.71,240.49,42.49,86.55,0.7042,1,-1,-1
596,54,910.51,31.88,22.07,49.97,0.5059,1,-1,-1
596,158,81.53,55.78,21.64,45.54,0.5458,1,-1,-1
596,159,57.57,70.86,19.98,41.11,0.4980,1,-1,-1
597,1,768.92,79.59,23.71,58.07,0.5775,1,-1,-1
597,3,775.96,161.46,22.45,59.91,0.6289,1,-1,-1
597,0,693.22,110.59,26.62,64.86,0.6575,1,-1,-1
597,113,774.93,206.47,39.56,77.43,0.5593,1,-1,-1
597,126,1088.97,245.04,35.83,82.91,0.6593,1,-1,-1
597,135,1365.23,236.97,41.91,86.84,0.5708,1,-1,-1
597,54,911.66,31.70,21.11,47.82,0.4455,1,-1,-1
597,158,85.82,54.15,21.91,46.14,0.4824,1,-1,-1
597,159,64.25,69.64,20.38,41.72,0.2674,1,-1,-1
597,143,1176.23,122.36,26.38,75.94,0.5098,1,-1,-1
598,1,770.34,78.18,23.31,57.54,0.6151,1,-1,-1
598,3,776.85,159.48,22.64,60.51,0.4785,1,-1,-1
598,0,694.95,108.87,26.76,65.25,0.6749,1,-1,-1
598,113,778.69,204.72,40.68,80.75,0.6628,1,-1,-1
598,126,1085.93,239.69,36.32,85.07,0.6415,1,-1,-1
598,135,1365.92,231.23,42.18,88.87,0.4533,1,-1,-1
598,54,912.22,30.83,20.91,47.00,0.3166,1,-1,-1
598,158,91.38,53.76,21.89,46.31,0.5842,1,-1,-1
598,159,70.15,68.72,21.14,43.14,0.4216,1,-1,-1
598,143,1174.98,118.38,26.52,76.07,0.3961,1,-1,-1
599,1,771.53,76.96,23.03,56.79,0.6243,1,-1,-1
599,3,777.76,156.63,23.06,61.54,0.2576,1,-1,-1
599,0,698.09,107.51,27.06,64.68,0.6885,1,-1,-1
599,113,785.18,201.92,40.54,81.83,0.6234,1,-1,-1
599,126,1083.37,234.52,36.36,86.57,0.6142,1,-1,-1
599,135,1368.18,225.47,40.56,86.25,0.4941,1,-1,-1
599,54,912.75,28.87,21.18,47.40,0.4340,1,-1,-1
599,158,94.63,50.88,23.13,49.11,0.5879,1,-1,-1
599,159,76.00,66.93,21.31,43.21,0.4340,1,-1,-1
599,143,1174.90,116.78,24.89,70.51,0.3886,1,-1,-1
599,77,829.23,157.63,25.56,69.28,0.4581,1,-1,-1
600,1,772.59,75.65,22.95,56.77,0.6893,1,-1,-1
600,3,778.37,154.05,24.50,66.13,0.4785,1,-1,-1
600,0,699.83,105.88,27.21,64.46,0.6800,1,-1,-1
600,113,792.35,192.78,42.98,88.84,0.6645,1,-1,-1
600,126,1079.38,229.54,37.48,90.63,0.6637,1,-1,-1
600,135,1369.01,220.08,37.79,80.44,0.6234,1,-1,-1
600,54,912.99,26.53,21.64,48.50,0.5467,1,-1,-1
600,158,97.28,50.87,22.74,48.58,0.3381,1,-1,-1
600,159,81.79,66.63,20.22,41.06,0.2975,1,-1,-1
600,143,1172.59,114.32,25.86,72.83,0.3149,1,-1,-1
600,77,830.07,155.39,25.60,69.89,0.6142,1,-1,-1
601,1,773.97,74.19,23.10,57.50,0.6531,1,-1,-1
601,3,779.50,151.70,24.58,66.62,0.5936,1,-1,-1
601,0,700.54,105.01,26.99,64.10,0.6343,1,-1,-1
601,113,798.99,190.13,41.79,88.28,0.6968,1,-1,-1
601,126,1076.60,225.61,35.61,87.42,0.6487,1,-1,-1
601,135,1368.34,215.45,36.88,78.02,0.7098,1,-1,-1
601,54,913.26,25.58,21.69,48.44,0.5234,1,-1,-1
601,158,103.64,50.41,21.91,46.69,0.1901,1,-1,-1
601,77,831.29,153.45,25.58,70.19,0.5312,1,-1,-1
602,1,775.59,72.72,22.92,57.10,0.6030,1,-1,-1
602,3,782.51,149.86,22.56,61.74,0.5000,1,-1,-1
602,0,702.14,103.07,26.71,63.43,0.6514,1,-1,-1
602,113,803.73,184.88,41.26,88.33,0.6388,1,-1,-1
602,126,1075.03,222.51,32.72,81.29,0.6935,1,-1,-1
602,135,1367.01,210.96,37.47,78.86,0.6834,1,-1,-1
602,54,913.96,24.62,21.60,48.09,0.4863,1,-1,-1
602,158,107.93,49.71,21.49,45.94,0.2767,1,-1,-1
602,77,832.02,150.92,25.66,70.55,0.3886,1,-1,-1
603,1,777.48,72.14,22.56,56.36,0.6197,1,-1,-1
603,3,784.66,148.57,20.97,57.62,0.5078,1,-1,-1
603,0,703.89,101.63,25.98,61.77,0.6715,1,-1,-1
603,113,807.62,182.35,41.83,90.10,0.5496,1,-1,-1
603,126,1072.78,219.92,32.05,80.62,0.7287,1,-1,-1
603,135,1362.98,207.34,40.11,82.80,0.7578,1,-1,-1
603,54,915.08,24.35,21.48,47.82,0.4571,1,-1,-1
603,158,113.30,51.20,20.81,44.68,0.1603,1,-1,-1
603,77,832.74,149.22,25.51,70.39,0.3933,1,-1,-1
604,1,778.65,73.44,22.85,57.30,0.6451,1,-1,-1
604,3,786.10,149.24,20.43,56.16,0.5263,1,-1,-1
604,0,705.35,101.48,26.72,64.02,0.5879,1,-1,-1
604,113,812.48,183.32,40.44,87.17,0.3504,1,-1,-1
604,126,1067.78,218.12,32.97,82.79,0.7318,1,-1,-1
604,135,1361.44,205.32,41.85,84.39,0.7827,1,-1,-1
604,54,915.84,27.13,20.71,46.16,0.4961,1,-1,-1
605,1,779.41,76.63,22.71,56.54,0.6522,1,-1,-1
605,3,786.77,150.90,21.36,58.56,0.4941,1,-1,-1
605,0,707.09,103.76,26.77,64.28,0.6868,1,-1,-1
605,113,822.47,181.49,35.70,78.59,0.1089,1,-1,-1
605,126,1065.12,219.68,32.74,81.40,0.7241,1,-1,-1
605,135,1359.24,205.72,42.86,84.64,0.7800,1,-1,-1
605,54,916.68,30.54,20.60,46.09,0.5708,1,-1,-1
605,170,1095.57,169.51,30.99,70.91,0.6011,1,-1,-1
606,1,780.92,82.56,23.03,57.39,0.6645,1,-1,-1
606,3,788.18,155.10,21.12,58.33,0.3433,1,-1,-1
606,0,709.71,109.76,25.99,62.59,0.7114,1,-1,-1
606,126,1060.76,222.74,31.87,77.91,0.6575,1,-1,-1
606,135,1358.34,209.42,42.87,82.81,0.6960,1,-1,-1
606,54,917.60,37.12,19.94,44.73,0.5879,1,-1,-1
606,170,1094.11,171.70,31.16,71.56,0.6197,1,-1,-1
607,1,782.77,90.11,21.92,54.67,0.6817,1,-1,-1
607,3,789.09,161.45,21.74,59.80,0.5823,1,-1,-1
607,0,711.44,116.39,24.97,61.19,0.6086,1,-1,-1
607,126,1057.70,226.39,31.42,77.04,0.4922,1,-1,-1
607,135,1365.38,216.15,39.42,77.76,0.7017,1,-1,-1
607,54,917.73,44.36,20.48,46.28,0.5010,1,-1,-1
607,170,1093.06,177.94,31.08,71.61,0.5908,1,-1,-1
607,171,1878.61,162.74,38.20,81.30,0.7264,1,-1,-1
607,172,1366.20,219.14,34.83,79.27,0.4688,1,-1,-1
608,1,783.77,98.97,22.00,55.17,0.6197,1,-1,-1
608,3,790.46,168.58,21.58,59.64,0.2561,1,-1,-1
608,0,713.52,124.65,24.81,61.99,0.6325,1,-1,-1
608,126,1055.71,232.63,31.09,75.53,0.4407,1,-1,-1
608,54,918.24,52.75,20.47,46.70,0.5195,1,-1,-1
608,170,1090.97,182.03,32.15,74.46,0.6298,1,-1,-1
608,171,1872.75,168.85,37.45,79.26,0.5506,1,-1,-1
608,172,1368.61,225.44,34.12,77.72,0.6860,1,-1,-1
609,1,785.44,108.10,21.29,53.56,0.6215,1,-1,-1
609,3,792.91,177.39,18.87,50.98,0.1656,1,-1,-1
609,0,716.00,133.63,24.27,61.21,0.6800,1,-1,-1
609,126,1052.28,239.49,31.92,77.16,0.4971,1,-1,-1
609,54,918.81,63.43,19.88,45.70,0.6179,1,-1,-1
609,170,1090.53,191.75,30.90,71.83,0.6469,1,-1,-1
609,171,1862.56,179.58,36.48,76.70,0.5554,1,-1,-1
609,172,1366.88,232.91,35.28,80.34,0.6951,1,-1,-1
610,1,786.90,118.31,20.85,52.75,0.6645,1,-1,-1
610,3,794.99,185.86,18.51,50.00,0.3585,1,-1,-1
610,0,718.27,142.13,24.01,61.36,0.6179,1,-1,-1
610,126,1050.56,244.38,32.19,77.94,0.3961,1,-1,-1
610,54,919.05,73.73,19.50,44.99,0.5234,1,-1,-1
610,170,1089.37,199.46,30.96,72.31,0.6680,1,-1,-1
610,171,1854.21,185.69,36.54,76.32,0.5804,1,-1,-1
610,172,1367.01,238.26,34.95,79.36,0.7217,1,-1,-1
611,1,788.12,126.47,21.12,53.56,0.6433,1,-1,-1
611,3,795.49,192.04,20.14,54.69,0.4196,1,-1,-1
611,0,721.27,149.84,23.54,60.89,0.6469,1,-1,-1
611,126,1046.95,249.83,31.57,75.78,0.5156,1,-1,-1
611,54,919.07,81.46,19.84,45.91,0.5458,1,-1,-1
611,170,1089.26,206.30,29.97,70.30,0.7454,1,-1,-1
611,171,1846.25,190.59,37.07,76.78,0.4484,1,-1,-1
611,172,1367.14,242.16,34.59,78.35,0.7210,1,-1,-1
611,183,860.58,225.86,27.01,71.40,0.5651,1,-1,-1
612,1,789.68,132.55,21.21,53.90,0.6540,1,-1,-1
612,3,797.31,198.07,19.36,52.58,0.4678,1,-1,-1
612,0,723.27,156.25,22.95,59.79,0.6697,1,-1,-1
612,126,1044.23,254.30,29.68,72.07,0.4187,1,-1,-1
612,54,918.83,87.59,20.44,47.50,0.5312,1,-1,-1
612,170,1088.81,209.82,29.64,70.04,0.7287,1,-1,-1
612,171,1837.75,195.72,37.16,76.42,0.6540,1,-1,-1
612,172,1366.57,244.78,33.62,75.88,0.7628,1,-1,-1
612,183,865.66,229.91,25.19,66.36,0.5612,1,-1,-1
612,184,842.53,198.85,22.28,62.21,0.4834,1,-1,-1
613,1,790.81,137.88,21.07,53.39,0.6433,1,-1,-1
613,3,798.41,201.70,19.28,52.27,0.5448,1,-1,-1
613,0,725.25,162.61,22.22,57.75,0.6732,1,-1,-1
613,126,1042.31,259.49,28.30,69.63,0.5176,1,-1,-1
613,54,918.89,92.73,20.55,47.90,0.3961,1,-1,-1
613,170,1088.04,211.09,29.88,71.47,0.6049,1,-1,-1
613,171,1829.92,199.07,37.67,76.81,0.5727,1,-1,-1
613,172,1365.62,245.77,33.41,75.07,0.7820,1,-1,-1
613,183,871.33,234.39,23.65,62.03,0.3858,1,-1,-1
613,184,844.29,202.60,21.60,60.29,0.5322,1,-1,-1
614,1,791.36,141.95,21.57,54.79,0.5974,1,-1,-1
614,3,799.54,205.32,19.18,51.71,0.4815,1,-1,-1
614,0,727.19,165.71,22.21,57.66,0.6901,1,-1,-1
614,126,1039.55,258.61,28.21,70.57,0.3831,1,-1,-1
614,54,919.01,96.56,20.50,47.85,0.4484,1,-1,-1
614,170,1088.19,215.89,29.00,69.52,0.6593,1,-1,-1
614,171,1822.17,201.56,37.79,76.36,0.2830,1,-1,-1
614,172,1364.33,246.01,33.46,74.44,0.7976,1,-1,-1
614,183,876.29,234.90,23.34,60.75,0.5176,1,-1,-1
614,184,844.06,206.12,21.49,59.74,0.3504,1,-1,-1
614,189,20.01,450.90,57.09,104.26,0.7042,1,-1,-1
615,1,792.37,144.91,21.46,54.51,0.6215,1,-1,-1
615,3,800.39,207.29,19.54,52.21,0.4659,1,-1,-1
615,0,728.46,168.03,22.19,57.51,0.6522,1,-1,-1
615,126,1035.39,261.49,28.78,72.16,0.4196,1,-1,-1
615,54,920.00,101.25,19.75,45.77,0.4330,1,-1,-1
615,170,1087.42,218.13,28.80,69.25,0.5205,1,-1,-1
615,171,1813.90,203.11,37.94,76.03,0.5332,1,-1,-1
615,172,1363.14,247.01,33.17,72.69,0.7513,1,-1,-1
615,183,880.20,234.90,24.35,62.81,0.3549,1,-1,-1
615,184,845.88,208.65,20.98,58.05,0.2854,1,-1,-1
615,189,27.50,447.82,58.11,105.99,0.6095,1,-1,-1
616,1,794.61,146.94,20.14,50.48,0.5737,1,-1,-1
616,3,801.04,209.42,20.42,54.39,0.6252,1,-1,-1
616,0,729.57,169.82,21.82,56.84,0.6505,1,-1,-1
616,126,1032.77,260.28,28.70,72.28,0.5955,1,-1,-1
616,54,920.86,104.85,18.99,43.71,0.4552,1,-1,-1
616,170,1086.40,219.16,28.36,68.11,0.5370,1,-1,-1
616,171,1808.20,207.53,36.65,72.48,0.4083,1,-1,-1
616,172,1362.24,245.72,34.01,73.59,0.7170,1,-1,-1
616,183,884.51,235.86,25.31,64.59,0.5898,1,-1,-1
616,184,847.24,210.16,20.71,57.10,0.5322,1,-1,-1
616,189,41.08,444.04,57.14,103.96,0.7732,1,-1,-1
617,1,795.78,147.65,19.90,49.53,0.6531,1,-1,-1
617,3,801.92,210.03,20.44,54.47,0.6451,1,-1,-1
617,0,730.75,171.31,21.27,55.53,0.6540,1,-1,-1
617,126,1030.54,260.71,28.39,72.19,0.6715,1,-1,-1
617,54,921.46,106.88,18.49,42.51,0.4321,1,-1,-1
617,170,1086.60,218.66,27.45,65.20,0.4854,1,-1,-1
617,172,1360.61,246.51,34.07,72.42,0.6885,1,-1,-1
617,183,889.18,236.81,25.42,64.33,0.5842,1,-1,-1
617,184,848.82,210.64,20.53,56.36,0.4746,1,-1,-1
617,189,49.87,438.02,57.63,104.38,0.7311,1,-1,-1
618,1,796.40,147.82,20.13,49.90,0.6460,1,-1,-1
618,3,803.23,209.62,20.25,53.90,0.5631,1,-1,-1
618,0,732.83,171.49,21.10,55.39,0.6433,1,-1,-1
618,126,1029.59,259.51,27.61,71.40,0.6645,1,-1,-1
618,54,922.10,108.53,18.00,41.12,0.3868,1,-1,-1
618,170,1086.68,219.60,25.77,60.43,0.4301,1,-1,-1
618,172,1361.58,246.70,32.51,68.32,0.6749,1,-1,-1
618,183,894.28,237.35,25.54,64.67,0.4225,1,-1,-1
618,184,849.60,210.48,19.98,54.40,0.3803,1,-1,-1
618,189,60.66,433.26,57.34,103.09,0.7042,1,-1,-1
619,1,797.25,147.49,19.98,49.53,0.6619,1,-1,-1
619,3,804.57,208.70,20.35,53.92,0.6160,1,-1,-1
619,0,734.27,169.89,20.86,55.29,0.6142,1,-1,-1
619,126,1027.70,256.33,28.69,75.48,0.5860,1,-1,-1
619,54,922.20,108.93,18.01,40.75,0.3711,1,-1,-1
619,170,1085.26,217.38,27.08,63.03,0.4620,1,-1,-1
619,172,1362.80,245.58,31.86,66.67,0.7469,1,-1,-1
619,183,899.05,237.03,25.36,64.49,0.6086,1,-1,-1
619,184,850.20,208.92,20.16,54.59,0.5205,1,-1,-1
619,189,69.64,427.64,57.96,103.64,0.6549,1,-1,-1
620,1,798.63,146.64,19.35,48.01,0.6531,1,-1,-1
620,3,806.53,206.88,19.41,51.42,0.5727,1,-1,-1
620,0,735.27,168.31,20.46,54.53,0.6361,1,-1,-1
620,126,1027.44,261.95,26.44,69.90,0.4737,1,-1,-1
620,54,922.77,108.59,18.02,40.52,0.3513,1,-1,-1
620,170,1084.73,220.48,25.57,59.03,0.2465,3,-1,-1
620,172,1362.85,242.28,31.80,66.46,0.6817,1,-1,-1
620,183,903.33,236.74,26.06,66.63,0.5361,1,-1,-1
620,184,850.78,206.01,20.75,56.25,0.5351,1,-1,-1
620,189,79.25,421.08,59.35,105.68,0.7592,1,-1,-1
621,1,799.99,145.95,18.62,46.26,0.5737,1,-1,-1
621,3,807.69,205.44,19.42,51.35,0.6160,1,-1,-1
621,0,736.38,167.08,20.43,54.31,0.6749,1,-1,-1
621,126,1025.27,253.13,28.35,76.47,0.5746,1,-1,-1
621,54,923.13,108.39,17.97,40.05,0.1656,1,-1,-1
621,170,1083.55,220.44,24.96,56.88,0.1242,3,-1,-1
621,172,1362.57,239.56,32.20,67.90,0.6469,1,-1,-1
621,183,907.12,234.23,26.25,67.59,0.6343,1,-1,-1
621,184,850.99,203.59,21.23,57.63,0.5516,1,-1,-1
621,189,91.86,415.52,57.07,101.21,0.7663,1,-1,-1
622,1,800.24,144.78,18.95,47.34,0.6030,1,-1,-1
622,3,808.75,203.37,19.46,51.54,0.6160,1,-1,-1
622,0,737.55,166.32,20.18,53.28,0.6715,1,-1,-1
622,126,1025.63,258.48,25.36,68.46,0.1030,1,-1,-1
622,54,923.30,107.52,18.26,40.49,0.2991,1,-1,-1
622,170,1084.22,216.57,25.09,55.70,0.4359,1,-1,-1
622,172,1361.59,235.27,32.81,69.68,0.6783,1,-1,-1
622,183,910.81,233.89,25.44,65.43,0.6415,1,-1,-1
622,184,850.11,201.55,21.12,57.07,0.5574,1,-1,-1
622,189,101.97,408.76,56.17,98.72,0.6860,1,-1,-1
623,1,800.91,143.98,18.83,47.44,0.6415,1,-1,-1
623,3,809.52,201.31,19.18,50.65,0.6289,1,-1,-1
623,0,738.71,165.34,19.97,52.70,0.6252,1,-1,-1
623,126,1022.80,246.99,27.51,75.71,0.1842,1,-1,-1
623,54,923.47,106.24,18.40,40.43,0.2910,1,-1,-1
623,170,1083.11,214.22,25.87,55.95,0.5263,1,-1,-1
623,172,1359.93,230.63,33.21,71.22,0.6680,1,-1,-1
623,183,914.78,231.66,25.14,64.39,0.4990,1,-1,-1
623,184,850.61,200.35,20.97,56.36,0.4045,1,-1,-1
623,189,115.75,403.11,55.09,97.20,0.7506,1,-1,-1
624,1,802.28,142.10,18.96,47.75,0.6252,1,-1,-1
624,3,809.75,199.28,19.43,51.29,0.5312,1,-1,-1
624,0,739.56,163.25,20.26,53.06,0.6397,1,-1,-1
624,126,1022.18,241.53,27.85,78.52,0.1446,1,-1,-1
624,54,923.93,104.79,18.17,39.76,0.3905,1,-1,-1
624,170,1082.05,214.31,25.98,55.30,0.1413,3,-1,-1
624,172,1358.98,222.43,33.77,72.58,0.6575,1,-1,-1
624,183,918.11,228.16,25.58,65.34,0.4092,1,-1,-1
624,184,852.06,197.71,21.38,57.37,0.4971,1,-1,-1
624,189,125.66,398.16,53.90,94.62,0.6960,1,-1,-1
625,1,803.16,140.91,18.68,47.07,0.6049,1,-1,-1
625,3,810.47,197.64,19.05,50.01,0.4863,1,-1,-1
625,0,740.47,161.55,20.35,53.13,0.6361,1,-1,-1
625,126,1021.37,237.14,26.90,77.60,0.1105,1,-1,-1
625,54,924.63,103.68,17.73,38.97,0.2790,1,-1,-1
625,170,1081.40,212.87,25.76,53.73,0.5525,1,-1,-1
625,172,1357.14,215.85,34.60,74.05,0.6749,1,-1,-1
625,183,920.30,221.31,26.90,68.07,0.5195,1,-1,-1
625,184,852.86,195.14,21.61,57.95,0.5823,1,-1,-1
625,189,138.37,391.54,52.63,92.79,0.7217,1,-1,-1
626,1,803.97,139.24,18.85,47.38,0.4523,1,-1,-1
626,3,812.23,194.48,18.51,48.61,0.4446,1,-1,-1
626,0,741.50,160.23,20.42,52.86,0.6343,1,-1,-1
626,54,925.48,102.74,17.61,38.95,0.3504,1,-1,-1
626,170,1081.16,212.76,25.39,51.75,0.5670,1,-1,-1
626,172,1355.88,202.79,39.62,83.74,0.5775,1,-1,-1
626,183,923.05,219.57,27.12,67.32,0.5631,1,-1,-1
626,184,853.35,192.62,21.75,58.38,0.5078,1,-1,-1
626,189,148.71,387.73,51.38,90.56,0.6637,1,-1,-1
627,1,804.71,138.77,19.14,47.86,0.2975,1,-1,-1
627,3,812.92,192.97,19.19,50.53,0.4805,1,-1,-1
627,0,741.76,159.56,20.58,52.90,0.6169,1,-1,-1
627,54,926.05,102.27,18.15,40.07,0.2576,1,-1,-1
627,170,1080.89,213.15,25.22,50.04,0.3821,1,-1,-1
627,172,1351.58,197.57,41.95,87.54,0.7009,1,-1,-1
627,183,925.74,217.84,27.73,67.46,0.4254,1,-1,-1
627,184,854.05,191.24,21.49,57.85,0.4292,1,-1,-1
627,189,159.67,382.76,50.12,88.33,0.7295,1,-1,-1
628,1,805.24,140.03,19.50,48.75,0.3630,1,-1,-1
628,3,813.75,194.79,18.97,49.34,0.6487,1,-1,-1
628,0,742.78,161.02,20.55,52.11,0.6234,1,-1,-1
628,54,926.04,103.89,18.13,40.29,0.2736,1,-1,-1
628,170,1079.79,213.22,25.64,49.96,0.4083,1,-1,-1
628,172,1352.84,207.50,37.33,76.94,0.6252,1,-1,-1
628,183,932.43,216.36,27.05,65.98,0.5117,1,-1,-1
628,184,855.11,192.33,21.06,56.90,0.4990,1,-1,-1
628,189,169.96,379.68,49.14,86.50,0.8044,1,-1,-1
628,192,295.46,122.98,19.89,40.92,0.5098,1,-1,-1
628,193,41.54,187.89,24.49,52.04,0.5860,1,-1,-1
629,1,806.58,144.33,18.95,47.62,0.5860,1,-1,-1
629,3,815.60,197.51,18.81,49.34,0.5215,1,-1,-1
629,0,743.91,165.31,19.34,49.04,0.6105,1,-1,-1
629,54,926.22,107.75,18.24,40.86,0.4639,1,-1,-1
629,170,1078.87,213.40,26.16,50.35,0.1795,2,-1,-1
629,172,1354.01,216.65,32.95,66.92,0.6663,1,-1,-1
629,183,938.67,219.14,24.44,60.01,0.3558,1,-1,-1
629,184,856.49,195.31,20.60,55.61,0.4639,1,-1,-1
629,189,179.76,378.51,48.20,84.51,0.7732,1,-1,-1
629,192,299.24,127.20,18.91,38.90,0.3923,1,-1,-1
629,193,46.95,189.30,25.84,54.98,0.4912,1,-1,-1
630,1,807.46,150.04,19.89,50.32,0.5612,1,-1,-1
630,0,745.00,169.29,19.94,50.37,0.4893,1,-1,-1
630,54,926.31,112.80,18.37,41.60,0.2878,1,-1,-1
630,170,1077.94,220.00,25.76,48.71,0.1651,1,-1,-1
630,172,1354.80,224.46,31.26,63.34,0.6280,1,-1,-1
630,183,941.14,223.28,26.43,64.77,0.5088,1,-1,-1
630,184,856.60,200.66,20.38,54.65,0.5631,1,-1,-1
630,189,188.77,380.19,47.62,83.30,0.7800,1,-1,-1
630,193,51.68,188.84,28.67,61.22,0.4795,1,-1,-1
631,1,809.22,156.54,19.08,47.99,0.5898,1,-1,-1
631,0,746.36,175.90,20.36,51.08,0.4698,1,-1,-1
631,54,926.99,119.53,18.63,42.40,0.3730,1,-1,-1
631,170,1076.26,227.30,26.20,48.74,0.1408,1,-1,-1
631,172,1354.91,230.75,30.51,61.95,0.6885,1,-1,-1
631,183,945.57,230.71,26.04,64.01,0.6325,1,-1,-1
631,184,857.92,207.20,19.84,53.01,0.2591,1,-1,-1
631,189,197.69,383.27,47.62,83.45,0.7535,1,-1,-1
631,193,59.57,198.46,27.35,58.64,0.3531,1,-1,-1
632,1,810.39,164.17,18.24,45.60,0.5351,1,-1,-1
632,0,747.25,182.98,19.70,49.28,0.5737,1,-1,-1
632,54,927.75,127.80,18.30,42.08,0.4083,1,-1,-1
632,170,1074.60,235.88,26.02,48.13,0.2207,1,-1,-1
632,172,1354.00,236.62,30.02,60.98,0.7364,1,-1,-1
632,183,949.19,237.84,25.76,63.55,0.6361,1,-1,-1
632,189,207.27,386.89,47.20,82.90,0.6602,1,-1,-1
632,193,66.35,202.51,27.28,58.73,0.4698,1,-1,-1
633,1,811.23,170.86,17.85,44.55,0.5341,1,-1,-1
633,0,748.33,190.07,18.55,46.30,0.1877,1,-1,-1
633,54,928.61,134.38,18.33,42.31,0.3157,1,-1,-1
633,170,1074.19,242.71,26.38,47.83,0.2220,1,-1,-1
633,172,1353.55,240.91,30.13,61.69,0.6918,1,-1,-1
633,183,952.80,244.81,25.17,62.23,0.5273,1,-1,-1
633,189,216.16,388.48,46.32,81.74,0.7364,1,-1,-1
633,193,74.17,208.68,27.58,59.95,0.5078,1,-1,-1
634,1,812.20,178.07,17.89,45.11,0.5917,1,-1,-1
634,0,750.12,196.31,19.20,47.15,0.3868,1,-1,-1
634,54,929.72,142.10,17.14,39.76,0.3603,1,-1,-1
634,170,1075.22,248.30,25.09,44.56,0.1030,2,-1,-1
634,172,1352.51,244.58,29.94,61.47,0.6593,1,-1,-1
634,183,955.65,251.03,24.83,61.65,0.5458,1,-1,-1
634,189,224.73,389.67,46.22,81.81,0.7387,1,-1,-1
634,193,80.06,212.80,27.37,59.57,0.3174,1,-1,-1
634,184,861.12,222.92,19.69,53.03,0.5361,1,-1,-1
635,1,812.85,181.89,18.47,47.01,0.5293,1,-1,-1
635,0,750.94,200.33,19.60,47.47,0.4581,1,-1,-1
635,54,930.65,147.40,16.97,39.41,0.2254,1,-1,-1
635,170,1073.36,252.83,25.67,45.11,0.1938,1,-1,-1
635,172,1352.07,247.67,29.58,61.09,0.7050,1,-1,-1
635,183,958.01,253.30,25.19,62.55,0.4340,1,-1,-1
635,189,233.67,390.79,45.55,80.97,0.7535,1,-1,-1
635,193,88.09,219.27,26.17,57.30,0.4017,1,-1,-1
635,184,861.89,228.62,19.37,51.71,0.4140,1,-1,-1
636,1,812.90,185.86,19.57,50.53,0.5477,1,-1,-1
636,0,751.93,204.50,19.97,47.50,0.5574,1,-1,-1
636,54,931.13,150.98,17.13,40.08,0.1694,1,-1,-1
636,170,1073.23,256.46,25.35,43.93,0.1471,3,-1,-1
636,172,1351.03,249.94,29.77,61.64,0.6951,1,-1,-1
636,183,960.12,255.42,25.32,62.59,0.2830,1,-1,-1
636,189,241.55,390.69,45.24,81.07,0.7527,1,-1,-1
636,193,93.52,222.58,26.26,57.43,0.4785,1,-1,-1
636,184,863.31,232.60,19.40,51.66,0.4668,1,-1,-1
637,1,813.89,190.14,19.19,50.00,0.5823,1,-1,-1
637,0,752.80,208.71,19.96,46.61,0.5380,1,-1,-1
637,54,931.60,155.17,16.69,39.40,0.1144,1,-1,-1
637,170,1071.11,259.63,25.10,43.33,0.5166,1,-1,-1
637,172,1350.76,251.43,28.36,58.95,0.7146,1,-1,-1
637,183,962.54,260.61,23.70,58.37,0.1624,1,-1,-1
637,189,249.92,390.29,44.31,80.10,0.7807,1,-1,-1
637,193,100.37,226.14,25.58,55.93,0.2227,1,-1,-1
637,184,864.00,237.28,18.58,49.49,0.5804,1,-1,-1
637,197,824.25,236.19,16.08,42.71,0.5302,1,-1,-1
638,1,814.77,192.86,18.46,48.27,0.5879,1,-1,-1
638,0,753.69,212.10,19.61,44.98,0.4630,1,-1,-1
638,54,932.50,159.38,15.76,37.29,0.2682,1,-1,-1
638,170,1069.92,262.28,24.83,42.58,0.5185,1,-1,-1
638,172,1349.63,253.45,27.63,57.49,0.7042,1,-1,-1
638,183,967.13,261.24,19.17,46.88,0.1136,1,-1,-1
638,189,258.56,389.88,42.98,78.24,0.7432,1,-1,-1
638,193,105.47,228.22,25.27,54.65,0.2910,1,-1,-1
638,184,864.62,238.92,18.27,48.72,0.5263,1,-1,-1
638,197,824.28,239.03,16.68,44.28,0.4863,1,-1,-1
639,1,815.24,194.47,18.53,48.70,0.5612,1,-1,-1
639,0,754.94,214.18,19.54,44.31,0.3730,1,-1,-1
639,54,933.05,161.92,15.05,35.61,0.2114,1,-1,-1
639,170,1069.67,263.10,25.77,43.32,0.6030,1,-1,-1
639,172,1348.75,254.52,27.85,57.70,0.7170,1,-1,-1
639,189,266.52,388.23,41.84,77.27,0.7988,1,-1,-1
639,193,111.99,229.45,24.78,53.45,0.1999,1,-1,-1
639,184,865.24,239.85,17.93,47.82,0.4523,1,-1,-1
639,197,824.66,240.14,17.06,45.19,0.5467,1,-1,-1
639,200,1291.32,242.08,29.66,44.88,0.5302,2,-1,-1
640,1,816.55,196.23,17.62,46.26,0.5039,1,-1,-1
640,0,755.42,215.62,19.19,43.29,0.5068,1,-1,-1
640,170,1068.93,263.52,26.19,43.28,0.4504,1,-1,-1
640,172,1348.16,255.59,27.14,55.73,0.7295,1,-1,-1
640,189,274.63,386.80,40.48,75.57,0.7606,1,-1,-1
640,193,115.99,231.09,24.01,52.07,0.1221,1,-1,-1
640,184,865.54,241.26,17.47,46.29,0.4513,1,-1,-1
640,197,825.35,240.66,17.22,45.48,0.5477,1,-1,-1
640,200,1287.21,241.96,28.53,43.04,0.4552,2,-1,-1
641,1,817.10,197.14,17.05,44.78,0.5283,1,-1,-1
641,0,754.77,215.32,19.13,43.31,0.5689,1,-1,-1
641,170,1067.36,263.40,26.11,42.66,0.4111,1,-1,-1
641,172,1347.34,255.56,26.62,54.63,0.7280,1,-1,-1
641,189,281.23,384.14,40.05,75.67,0.7780,1,-1,-1
641,184,867.11,243.36,17.10,45.25,0.1352,1,-1,-1
641,197,825.40,241.03,16.89,44.53,0.5506,1,-1,-1
641,200,1281.63,242.55,26.94,40.37,0.4883,2,-1,-1
642,1,817.25,197.81,16.05,41.99,0.3090,1,-1,-1
642,0,754.70,215.71,18.85,42.52,0.5351,1,-1,-1
642,170,1066.36,262.63,25.10,40.14,0.2444,2,-1,-1
642,172,1345.19,254.70,25.87,53.54,0.7334,1,-1,-1
642,189,287.35,381.65,38.83,74.61,0.7379,1,-1,-1
642,184,866.05,242.20,16.94,44.83,0.4990,1,-1,-1
642,197,825.38,241.00,16.58,43.71,0.5477,1,-1,-1
642,200,1274.14,241.68,26.92,40.02,0.1950,2,-1,-1
642,201,847.80,301.14,81.76,42.85,0.7549,4,-1,-1
643,1,815.05,196.27,15.90,41.45,0.4971,1,-1,-1
643,0,752.28,214.69,18.76,42.32,0.5419,1,-1,-1
643,170,1062.38,261.78,25.43,40.23,0.1023,1,-1,-1
643,172,1341.46,253.09,25.36,53.01,0.7114,1,-1,-1
643,189,291.08,378.22,37.73,74.05,0.7585,1,-1,-1
643,184,863.03,240.45,17.17,45.56,0.5496,1,-1,-1
643,197,823.39,240.22,16.69,43.95,0.5370,1,-1,-1
643,200,1266.44,239.99,27.95,41.73,0.1120,2,-1,-1
643,201,846.17,299.87,78.98,41.33,0.6243,4,-1,-1
643,202,-0.25,185.15,18.54,47.61,0.4961,1,-1,-1
644,172,1335.33,250.64,24.24,51.18,0.5029,1,-1,-1
644,189,291.30,374.73,37.17,74.59,0.7614,1,-1,-1
644,201,840.41,297.52,78.32,40.92,0.7154,4,-1,-1
645,189,286.81,371.48,36.56,73.76,0.7439,1,-1,-1
645,201,830.60,295.93,76.03,39.59,0.8019,4,-1,-1
646,201,817.59,294.48,74.17,38.36,0.7759,4,-1,-1
647,201,799.20,292.96,72.75,37.27,0.5535,4,-1,-1
648,201,774.92,292.82,68.72,34.50,0.5651,4,-1,-1
649,201,744.17,292.12,67.18,33.03,0.5545,4,-1,-1
650,201,710.05,292.71,64.05,30.62,0.4659,4,-1,-1
651,201,667.01,292.46,64.37,30.05,0.6316,4,-1,-1
652,201,619.72,292.23,66.21,30.25,0.5813,4,-1,-1
697,229,1227.88,68.33,258.17,106.61,0.7394,4,-1,-1
698,229,1180.00,69.38,253.30,104.78,0.5612,4,-1,-1
699,229,1119.48,69.52,251.83,104.48,0.3303,4,-1,-1
700,229,1093.33,95.33,188.80,77.25,0.5718,4,-1,-1
701,229,1044.01,101.41,172.66,69.67,0.5322,4,-1,-1
702,229,990.13,99.89,174.55,69.49,0.4311,4,-1,-1
703,229,932.76,99.45,180.37,70.94,0.2561,4,-1,-1
704,229,855.16,76.54,232.44,92.28,0.5409,4,-1,-1
705,229,802.61,65.90,237.40,95.21,0.1556,4,-1,-1
706,229,703.73,68.77,251.80,98.42,0.2241,4,-1,-1
707,229,659.74,69.03,255.61,99.82,0.2275,4,-1,-1
708,229,623.70,68.64,254.17,100.25,0.3277,4,-1,-1
709,229,602.85,88.81,206.79,79.54,0.1795,4,-1,-1
710,229,560.13,99.38,187.10,69.96,0.2173,4,-1,-1
711,229,496.78,97.07,201.22,74.01,0.1067,4,-1,-1
712,229,417.88,75.48,249.07,92.77,0.3849,4,-1,-1
713,229,320.22,67.27,276.76,101.33,0.1063,4,-1,-1
713,233,1159.63,273.45,244.05,99.79,0.6234,4,-1,-1
714,233,1102.15,272.05,241.58,98.86,0.2288,4,-1,-1
715,233,1057.38,271.73,231.45,94.49,0.4359,4,-1,-1
716,233,1011.06,270.27,228.10,93.12,0.4746,4,-1,-1
717,233,961.58,268.53,225.00,91.65,0.3639,4,-1,-1
718,233,917.22,269.90,219.30,89.29,0.4388,4,-1,-1
719,233,859.86,268.75,223.77,90.79,0.4225,4,-1,-1
720,233,805.16,269.49,223.75,90.14,0.4187,4,-1,-1
721,233,751.42,269.00,226.95,91.05,0.3831,4,-1,-1
722,233,696.73,268.80,234.55,94.16,0.3639,4,-1,-1
723,233,638.11,270.51,239.39,95.91,0.2846,4,-1,-1
724,233,576.66,270.71,254.57,101.86,0.4912,4,-1,-1
